tree
version=v4
num_class=1
num_tree_per_iteration=1
label_index=0
max_feature_idx=359
objective=regression
feature_names=CLOSE59 CLOSE58 CLOSE57 CLOSE56 CLOSE55 CLOSE54 CLOSE53 CLOSE52 CLOSE51 CLOSE50 CLOSE49 CLOSE48 CLOSE47 CLOSE46 CLOSE45 CLOSE44 CLOSE43 CLOSE42 CLOSE41 CLOSE40 CLOSE39 CLOSE38 CLOSE37 CLOSE36 CLOSE35 CLOSE34 CLOSE33 CLOSE32 CLOSE31 CLOSE30 CLOSE29 CLOSE28 CLOSE27 CLOSE26 CLOSE25 CLOSE24 CLOSE23 CLOSE22 CLOSE21 CLOSE20 CLOSE19 CLOSE18 CLOSE17 CLOSE16 CLOSE15 CLOSE14 CLOSE13 CLOSE12 CLOSE11 CLOSE10 CLOSE9 CLOSE8 CLOSE7 CLOSE6 CLOSE5 CLOSE4 CLOSE3 CLOSE2 CLOSE1 CLOSE0 OPEN59 OPEN58 OPEN57 OPEN56 OPEN55 OPEN54 OPEN53 OPEN52 OPEN51 OPEN50 OPEN49 OPEN48 OPEN47 OPEN46 OPEN45 OPEN44 OPEN43 OPEN42 OPEN41 OPEN40 OPEN39 OPEN38 OPEN37 OPEN36 OPEN35 OPEN34 OPEN33 OPEN32 OPEN31 OPEN30 OPEN29 OPEN28 OPEN27 OPEN26 OPEN25 OPEN24 OPEN23 OPEN22 OPEN21 OPEN20 OPEN19 OPEN18 OPEN17 OPEN16 OPEN15 OPEN14 OPEN13 OPEN12 OPEN11 OPEN10 OPEN9 OPEN8 OPEN7 OPEN6 OPEN5 OPEN4 OPEN3 OPEN2 OPEN1 OPEN0 HIGH59 HIGH58 HIGH57 HIGH56 HIGH55 HIGH54 HIGH53 HIGH52 HIGH51 HIGH50 HIGH49 HIGH48 HIGH47 HIGH46 HIGH45 HIGH44 HIGH43 HIGH42 HIGH41 HIGH40 HIGH39 HIGH38 HIGH37 HIGH36 HIGH35 HIGH34 HIGH33 HIGH32 HIGH31 HIGH30 HIGH29 HIGH28 HIGH27 HIGH26 HIGH25 HIGH24 HIGH23 HIGH22 HIGH21 HIGH20 HIGH19 HIGH18 HIGH17 HIGH16 HIGH15 HIGH14 HIGH13 HIGH12 HIGH11 HIGH10 HIGH9 HIGH8 HIGH7 HIGH6 HIGH5 HIGH4 HIGH3 HIGH2 HIGH1 HIGH0 LOW59 LOW58 LOW57 LOW56 LOW55 LOW54 LOW53 LOW52 LOW51 LOW50 LOW49 LOW48 LOW47 LOW46 LOW45 LOW44 LOW43 LOW42 LOW41 LOW40 LOW39 LOW38 LOW37 LOW36 LOW35 LOW34 LOW33 LOW32 LOW31 LOW30 LOW29 LOW28 LOW27 LOW26 LOW25 LOW24 LOW23 LOW22 LOW21 LOW20 LOW19 LOW18 LOW17 LOW16 LOW15 LOW14 LOW13 LOW12 LOW11 LOW10 LOW9 LOW8 LOW7 LOW6 LOW5 LOW4 LOW3 LOW2 LOW1 LOW0 VWAP59 VWAP58 VWAP57 VWAP56 VWAP55 VWAP54 VWAP53 VWAP52 VWAP51 VWAP50 VWAP49 VWAP48 VWAP47 VWAP46 VWAP45 VWAP44 VWAP43 VWAP42 VWAP41 VWAP40 VWAP39 VWAP38 VWAP37 VWAP36 VWAP35 VWAP34 VWAP33 VWAP32 VWAP31 VWAP30 VWAP29 VWAP28 VWAP27 VWAP26 VWAP25 VWAP24 VWAP23 VWAP22 VWAP21 VWAP20 VWAP19 VWAP18 VWAP17 VWAP16 VWAP15 VWAP14 VWAP13 VWAP12 VWAP11 VWAP10 VWAP9 VWAP8 VWAP7 VWAP6 VWAP5 VWAP4 VWAP3 VWAP2 VWAP1 VWAP0 VOLUME59 VOLUME58 VOLUME57 VOLUME56 VOLUME55 VOLUME54 VOLUME53 VOLUME52 VOLUME51 VOLUME50 VOLUME49 VOLUME48 VOLUME47 VOLUME46 VOLUME45 VOLUME44 VOLUME43 VOLUME42 VOLUME41 VOLUME40 VOLUME39 VOLUME38 VOLUME37 VOLUME36 VOLUME35 VOLUME34 VOLUME33 VOLUME32 VOLUME31 VOLUME30 VOLUME29 VOLUME28 VOLUME27 VOLUME26 VOLUME25 VOLUME24 VOLUME23 VOLUME22 VOLUME21 VOLUME20 VOLUME19 VOLUME18 VOLUME17 VOLUME16 VOLUME15 VOLUME14 VOLUME13 VOLUME12 VOLUME11 VOLUME10 VOLUME9 VOLUME8 VOLUME7 VOLUME6 VOLUME5 VOLUME4 VOLUME3 VOLUME2 VOLUME1 VOLUME0
feature_infos=[-4.4904155731201172:12.207799911499023] [-4.5232486724853516:12.317498207092285] [-4.5596213340759277:12.828096389770508] [-4.6336784362792969:11.230463981628418] [-4.6511387825012207:9.5628328323364258] [-4.7200074195861816:11.414474487304688] [-4.6992378234863281:9.6098718643188477] [-4.8582911491394043:9.3752841949462891] [-4.9000072479248047:9.9280281066894531] [-4.896306037902832:11.904008865356445] [-4.9988784790039062:14.104987144470215] [-5.0850915908813477:14.119842529296875] [-5.0747823715209961:13.772034645080566] [-5.1256499290466309:16.204652786254883] [-5.2347016334533691:13.829370498657227] [-5.2960891723632812:11.665279388427734] [-5.2903070449829102:9.6957082748413086] [-5.2237458229064941:11.266861915588379] [-5.377655029296875:10.175777435302734] [-5.3856625556945801:8.7040243148803711] [-5.4613652229309082:7.8706173896789551] [-5.4363861083984375:8.6125421524047852] [-5.5281996726989746:10.193233489990234] [-5.6301445960998535:12.366391181945801] [-5.6593670845031738:12.926149368286133] [-5.7637081146240234:15.240093231201172] [-5.8010082244873047:12.846419334411621] [-5.9480853080749512:13.291098594665527] [-6.008112907409668:15.886442184448242] [-5.9089851379394531:18.826955795288086] [-5.9339718818664551:22.135293960571289] [-6.0201334953308105:19.116195678710938] [-5.7380666732788086:16.326665878295898] [-5.8209037780761719:19.41926383972168] [-5.7307333946228027:16.624153137207031] [-5.9011273384094238:17.179410934448242] [-6.0772461891174316:14.563096046447754] [-6.1608285903930664:13.83275032043457] [-6.3581118583679199:12.99347972869873] [-6.4696846008300781:13.138708114624023] [-6.7489876747131348:12.596780776977539] [-6.9109148979187012:12.885946273803711] [-6.8769254684448242:13.091307640075684] [-6.9186525344848633:13.254171371459961] [-7.1225705146789551:13.551502227783203] [-7.2040390968322754:13.064685821533203] [-7.4665942192077637:13.749843597412109] [-7.6629085540771484:13.28919792175293] [-8.0684852600097656:12.57823371887207] [-8.5505504608154297:12.936747550964355] [-9.04193115234375:13.933615684509277] [-9.5043439865112305:13.491730690002441] [-10.170346260070801:13.854236602783203] [-10.937721252441406:12.984281539916992] [-11.082827568054199:18.256818771362305] [-12.073580741882324:15.396571159362793] [-13.290007591247559:13.083724975585938] [-12.767669677734375:11.748091697692871] [-9.9642553329467773:14.820465087890625] [0:1] [-4.5060877799987793:10.705911636352539] [-4.4776420593261719:10.959723472595215] [-4.515477180480957:11.38120174407959] [-4.5564994812011719:10.736789703369141] [-4.625274658203125:9.7896089553833008] [-4.6482138633728027:10.053220748901367] [-4.7114391326904297:9.4435482025146484] [-4.7027239799499512:9.4323110580444336] [-4.8496193885803223:9.4201259613037109] [-4.9042034149169922:9.3488006591796875] [-4.9245200157165527:12.511114120483398] [-4.9960603713989258:12.523300170898438] [-5.0765318870544434:12.193946838378906] [-5.0853605270385742:14.438279151916504] [-5.155064582824707:13.691545486450195] [-5.2324051856994629:11.543551445007324] [-5.3199162483215332:9.5886726379394531] [-5.2885246276855469:8.125065803527832] [-5.2236328125:9.9871940612792969] [-5.3762741088867188:8.426274299621582] [-5.425600528717041:8.7311592102050781] [-5.4177160263061523:7.4519734382629395] [-5.3963432312011719:8.3741331100463867] [-5.5605716705322266:10.789878845214844] [-5.6501178741455078:11.296235084533691] [-5.6563630104064941:13.41217041015625] [-5.7210769653320312:12.685262680053711] [-5.7975735664367676:11.593866348266602] [-5.9451594352722168:13.167995452880859] [-5.9782185554504395:15.059138298034668] [-5.9085993766784668:19.713329315185547] [-5.9347414970397949:18.833087921142578] [-5.9563493728637695:16.093364715576172] [-5.7373237609863281:17.154552459716797] [-5.7753462791442871:16.340280532836914] [-5.7046017646789551:15.01935863494873] [-5.9531879425048828:14.277485847473145] [-6.1118583679199219:12.828607559204102] [-6.1671147346496582:12.212607383728027] [-6.3014988899230957:12.68026065826416] [-6.4790725708007812:12.905065536499023] [-6.7568697929382324:12.641118049621582] [-6.8751320838928223:12.868398666381836] [-6.8767905235290527:13.12968635559082] [-6.9294295310974121:13.376042366027832] [-7.0387058258056641:13.59478759765625] [-7.2207942008972168:13.078981399536133] [-7.5001106262207031:13.548933029174805] [-7.6675534248352051:13.344855308532715] [-8.1018466949462891:12.726864814758301] [-8.5933170318603516:13.178141593933105] [-8.9368419647216797:14.152790069580078] [-9.4647960662841797:12.235870361328125] [-10.281223297119141:10.901738166809082] [-10.901007652282715:11.066193580627441] [-11.103601455688477:13.903392791748047] [-12.210824012756348:11.473542213439941] [-13.163003921508789:12.69507884979248] [-12.045253753662109:13.387150764465332] [-11.330784797668457:13.05804443359375] [-4.4694552421569824:12.364547729492188] [-4.5065441131591797:12.475584030151367] [-4.5342764854431152:12.552258491516113] [-4.614220142364502:11.467157363891602] [-4.6605353355407715:9.7191200256347656] [-4.7014274597167969:11.157842636108398] [-4.6744346618652344:9.7485008239746094] [-4.7516059875488281:9.3603830337524414] [-4.8161330223083496:9.6873931884765625] [-4.879483699798584:11.628432273864746] [-4.950554370880127:13.794612884521484] [-5.0396823883056641:13.809728622436523] [-5.0407071113586426:13.465097427368164] [-5.1080689430236816:15.858750343322754] [-5.1834869384765625:13.516513824462891] [-5.2806301116943359:11.381366729736328] [-5.2730488777160645:9.4378576278686523] [-5.1841301918029785:11.404111862182617] [-5.260861873626709:10.971304893493652] [-5.3813142776489258:10.426162719726562] [-5.4248251914978027:8.6595821380615234] [-5.4215583801269531:8.6486663818359375] [-5.4711065292358398:9.9189023971557617] [-5.5930747985839844:12.057721138000488] [-5.6625690460205078:12.601513862609863] [-5.7410435676574707:14.864160537719727] [-5.7670345306396484:12.517831802368164] [-5.8784995079040527:12.960195541381836] [-6.0144743919372559:15.515985488891602] [-5.9076542854309082:18.397211074829102] [-5.9397273063659668:21.642131805419922] [-5.9762492179870605:18.663383483886719] [-5.7502484321594238:15.929986953735352] [-5.8212075233459473:18.964868545532227] [-5.6945705413818359:16.203899383544922] [-5.7385001182556152:16.747577667236328] [-6.0227470397949219:15.105884552001953] [-6.1280398368835449:13.969944953918457] [-6.3203849792480469:13.583281517028809] [-6.4115762710571289:13.272178649902344] [-6.6393833160400391:12.917142868041992] [-6.9075002670288086:12.775017738342285] [-6.8597655296325684:12.863348960876465] [-6.9257116317749023:13.397958755493164] [-7.0508217811584473:13.689351081848145] [-7.1778035163879395:13.560194969177246] [-7.4344058036804199:13.299524307250977] [-7.6260838508605957:13.969143867492676] [-7.8991255760192871:13.379057884216309] [-8.4126701354980469:13.358641624450684] [-8.9342136383056641:13.383628845214844] [-9.3077974319458008:14.836186408996582] [-9.9708642959594727:13.20805549621582] [-10.729340553283691:12.717198371887207] [-10.871740341186523:17.252283096313477] [-11.412809371948242:14.353494644165039] [-12.802080154418945:12.82408332824707] [-12.016819953918457:17.571023941040039] [-8.8328723907470703:16.732889175415039] [-0.9664994478225708:18.150262832641602] [-4.509951114654541:10.970551490783691] [-4.4893026351928711:10.572331428527832] [-4.5212345123291016:11.663507461547852] [-4.6033682823181152:11.011089324951172] [-4.6560182571411133:9.5434284210205078] [-4.6723294258117676:10.316717147827148] [-4.7199673652648926:9.7006664276123047] [-4.8146672248840332:9.3147363662719727] [-4.8514189720153809:9.1351890563964844] [-4.8982100486755371:9.6126041412353516] [-4.9627609252929688:12.835577011108398] [-5.0531826019287109:12.846935272216797] [-5.0791473388671875:12.513778686523438] [-5.0944623947143555:14.802810668945312] [-5.1988992691040039:14.052196502685547] [-5.2982311248779297:11.868125915527344] [-5.3243680000305176:9.8822784423828125] [-5.2925944328308105:8.0626363754272461] [-5.3336315155029297:9.5021562576293945] [-5.3936553001403809:8.678898811340332] [-5.4276752471923828:7.3090300559997559] [-5.4547786712646484:7.4885468482971191] [-5.4678592681884766:8.3379850387573242] [-5.6112656593322754:11.115287780761719] [-5.7098345756530762:11.634455680847168] [-5.7502040863037109:13.802389144897461] [-5.7573409080505371:13.060978889465332] [-5.8767204284667969:11.949478149414062] [-6.0333976745605469:13.344522476196289] [-6.0230088233947754:15.493541717529297] [-5.9386749267578125:20.259696960449219] [-5.9732193946838379:19.366657257080078] [-6.0415310859680176:16.565855026245117] [-5.8352794647216797:17.650793075561523] [-5.842282772064209:16.832828521728516] [-5.8002214431762695:15.490848541259766] [-6.0294156074523926:14.7484130859375] [-6.2035160064697266:12.3193359375] [-6.2449593544006348:11.640876770019531] [-6.3707242012023926:12.700116157531738] [-6.6030707359313965:12.507758140563965] [-6.8974943161010742:12.737316131591797] [-6.9426660537719727:12.919164657592773] [-6.8843932151794434:13.194018363952637] [-6.9864888191223145:13.271907806396484] [-7.1765751838684082:12.282461166381836] [-7.3374285697937012:12.516636848449707] [-7.5778088569641113:13.330254554748535] [-7.8059706687927246:11.930482864379883] [-8.3610620498657227:11.968048095703125] [-8.7595834732055664:12.861322402954102] [-9.2837324142456055:13.049732208251953] [-9.9335489273071289:10.72990894317627] [-10.472552299499512:10.996842384338379] [-11.284056663513184:10.400058746337891] [-11.82917594909668:15.071050643920898] [-13.020894050598145:12.20367431640625] [-14.091683387756348:9.2834072113037109] [-17.09532356262207:9.2433996200561523] [-18.621809005737305:0.97749477624893188] [-4.4851565361022949:11.250247001647949] [-4.4998044967651367:11.140832901000977] [-4.5257129669189453:12.130561828613281] [-4.6108927726745605:10.811211585998535] [-4.6575088500976562:9.3570899963378906] [-4.695035457611084:10.758352279663086] [-4.7102055549621582:9.5577478408813477] [-4.7844686508178711:9.3146648406982422] [-4.8468632698059082:9.1570854187011719] [-4.8921751976013184:10.64986515045166] [-4.9702982902526855:13.342713356018066] [-5.0465164184570312:13.356831550598145] [-5.0750961303710938:13.01786994934082] [-5.108086109161377:15.364109039306641] [-5.2056975364685059:13.80452823638916] [-5.2899789810180664:11.642142295837402] [-5.3154764175415039:9.6744718551635742] [-5.2443265914916992:9.6650094985961914] [-5.3128485679626465:10.191084861755371] [-5.3990697860717773:9.0887775421142578] [-5.4501681327819824:8.1712169647216797] [-5.4283246994018555:8.075596809387207] [-5.4640283584594727:8.9648656845092773] [-5.6155581474304199:11.617894172668457] [-5.6817092895507812:12.15272331237793] [-5.7364325523376465:14.375732421875] [-5.7794094085693359:12.817586898803711] [-5.8947405815124512:12.484643936157227] [-6.0207681655883789:14.530891418457031] [-5.9752917289733887:17.006471633911133] [-5.9518251419067383:21.013839721679688] [-5.9984264373779297:19.063619613647461] [-5.8605942726135254:16.288663864135742] [-5.8234906196594238:18.369888305664062] [-5.769096851348877:16.566127777099609] [-5.8080649375915527:16.17707633972168] [-6.0472779273986816:14.500238418579102] [-6.1795253753662109:12.158082008361816] [-6.3032870292663574:12.574977874755859] [-6.4212551116943359:13.015398979187012] [-6.6533603668212891:12.803818702697754] [-6.9075193405151367:12.833154678344727] [-6.9041876792907715:12.909438133239746] [-6.9317159652709961:13.225727081298828] [-7.0699520111083984:13.564881324768066] [-7.1657681465148926:13.076746940612793] [-7.4217629432678223:12.957056045532227] [-7.6558694839477539:13.652429580688477] [-7.9180240631103516:12.703413963317871] [-8.4232568740844727:12.459072113037109] [-8.9301271438598633:13.267132759094238] [-9.3723907470703125:14.0672607421875] [-10.001141548156738:11.75190258026123] [-10.776379585266113:10.828951835632324] [-11.225838661193848:13.92197322845459] [-11.705896377563477:15.008130073547363] [-13.201790809631348:12.156516075134277] [-13.247754096984863:12.385733604431152] [-12.01241397857666:11.325177192687988] [-11.108595848083496:12.819646835327148] [-0.023151803761720657:320.79556274414062] [-0.023552883416414261:342.58062744140625] [-0.024514675140380859:319.25338745117188] [-0.025893921032547951:317.08056640625] [-0.025641471147537231:420.46987915039062] [-0.036820705980062485:140.58912658691406] [-0.019704068079590797:399.36898803710938] [-0.027579342946410179:149.06684875488281] [-0.032341785728931427:134.7333984375] [-0.029248002916574478:155.65849304199219] [-0.026169661432504654:319.512939453125] [-0.024268930777907372:351.22409057617188] [-0.02471037395298481:370.87823486328125] [-0.022950077429413795:385.64321899414062] [-0.022395225241780281:386.80337524414062] [-0.023825481534004211:379.16131591796875] [-0.015462658368051052:198.29983520507812] [-0.023323949426412582:336.31124877929688] [-0.015774592757225037:234.04183959960938] [-0.018414083868265152:277.28448486328125] [-0.025623979046940804:413.89871215820312] [-0.026942715048789978:458.59365844726562] [-0.022823723033070564:376.15072631835938] [-0.03072655200958252:352.529052734375] [-0.026520777493715286:444.79776000976562] [-0.02059701643884182:385.6285400390625] [-0.026999535039067268:455.86917114257812] [-0.022171834483742714:371.3687744140625] [-0.016349649056792259:462.75802612304688] [-0.024673076346516609:413.50241088867188] [-0.018979929387569427:379.58163452148438] [-0.014445589855313301:267.478759765625] [-0.035802990198135376:390.68917846679688] [-0.019427074119448662:289.63323974609375] [-0.022304005920886993:333.93392944335938] [-0.02372928149998188:377.6591796875] [-0.0097173424437642097:128.033935546875] [-0.022759448736906052:340.16921997070312] [-0.010578913614153862:124.95587921142578] [-0.020813301205635071:412.00271606445312] [-0.013653680682182312:173.86936950683594] [-0.011283853091299534:157.67851257324219] [-0.01480985339730978:225.16484069824219] [-0.017652995884418488:297.6595458984375] [-0.0095784598961472511:167.72279357910156] [-0.011939272284507751:135.77664184570312] [-0.017059490084648132:362.34173583984375] [-0.016829557716846466:191.77696228027344] [-0.012630914337933064:248.39170837402344] [-0.013145782984793186:433.60562133789062] [-0.018381858244538307:197.36744689941406] [-0.0091012157499790192:187.41542053222656] [-0.019375069066882133:449.85595703125] [-0.033517889678478241:157.14990234375] [-0.011998369358479977:467.15005493164062] [-0.010289213620126247:490.4542236328125] [-0.019199203699827194:267.81991577148438] [-0.018684670329093933:22.048089981079102] [-0.047170400619506836:67.832717895507812] [0:1]
tree_sizes=3077 3076 3048 3058 3057 3024 3051 3022 3043 3047 3116 3067 3068 3049 3036 3081 3019 3056 3054 3086 3037 3082 3021 3093 3067 3075 3071 3060

Tree=0
num_leaves=31
num_cat=0
split_feature=270 102 41 58 278 157 210 57 93 160 293 73 295 290 60 163 293 226 93 225 58 74 80 133 86 46 289 9 293 232
split_gain=242.875 184.188 130.609 171.869 111.736 110.084 120.783 147.44 133.371 118.413 106.885 109.126 94.0765 89.3173 120.099 86.2433 86.0488 92.9278 87.7425 85.7962 80.4868 104.078 75.0653 86.1896 67.7252 63.8789 61.2481 60.8044 55.2349 53.4939
threshold=2.312810063362122 0.032883182168006904 -3.7686390876770015 -1.0566562414169309 -2.4635801315307613 -1.8719788789749143 -2.2364633083343501 2.0929023027420048 -2.0430568456649776 -2.2190775871276851 1.7773799300193789 -1.5980626940727232 -0.047077700495719903 -2.1257010698318477 -2.5860075950622554 -1.9706200957298277 1.640059292316437 -0.70889359712600697 -1.9249297976493833 -1.2796138525009153 -0.93426322937011708 -0.017082308419048783 -3.3742741346359248 -2.6608157157897945 -1.1536507010459898 -1.7928037047386167 -0.69024890661239613 -2.8652180433273311 -0.87353879213333119 1.8729179501533511
decision_type=2 2 2 2 2 2 2 2 2 2 2 2 2 2 2 2 2 2 2 2 2 2 2 2 2 2 2 2 2 2
left_child=1 2 3 27 -3 9 7 8 -7 22 19 -12 -5 14 -8 -15 17 -11 -18 26 21 -21 25 -24 -13 -4 -6 -1 -22 -2
right_child=29 4 5 12 10 6 13 -9 -10 16 11 24 -14 15 -16 -17 18 -19 -20 20 28 -23 23 -25 -26 -27 -28 -29 -30 -31
leaf_value=-0.00072389297742650937 0.0037779382747996698 0.01595200558720071 -0.018799832264286366 -0.0050028570470085588 -1.1878507312198014e-05 -0.0014376479647121756 -0.018138530851630388 0.025324209302810798 -0.012953728948626779 0.0059947717767248878 0.01838191944975855 -0.017676815490872005 0.016304621691361498 -0.005329205081803191 0.0063636111559465238 0.00044606305967649705 0.036026326598355682 -0.0034555561392191486 2.4775454454345236e-09 -0.0069537451970185394 0.0018892688206935254 -0.0014559721197444824 0.0077541929618324661 -4.2164866205881292e-05 0.0019234769205377698 0.0056988015777729179 0.01753188358955415 -0.024420472491160312 -0.0009470360944836678 0.010499317966926018
leaf_weight=154 2692 337 297 750 273 2499 165 119 1470 7176 346 139 226 2325 3515 220411 146 1021 112 4515 6373 10485 1472 8315 9266 103 364 504 143091 2054
leaf_count=154 2692 337 297 750 273 2499 165 119 1470 7176 346 139 226 2325 3515 220411 146 1021 112 4515 6373 10485 1472 8315 9266 103 364 504 143091 2054
internal_value=4.66717e-05 -2.79778e-05 0.000492675 -0.00789815 -0.000774967 0.000549539 0.00036858 -0.00472308 -0.00582163 0.0027682 -0.000810742 0.0022289 2.47755e-09 0.000462245 0.00509182 0.000383959 0.00539243 0.0047756 0.0221573 -0.000992331 -0.00103708 -0.00313783 0.000554445 0.00111327 0.00156507 -0.0118062 0.00978503 -0.0195019 -0.000823855 0.00678165
internal_weight=430715 425969 250780 1634 175189 249146 230504 4088 3969 18642 174852 9751 976 226416 3680 222736 8455 8197 258 165101 164464 15000 10187 9787 9405 400 637 658 149464 4746
internal_count=430715 425969 250780 1634 175189 249146 230504 4088 3969 18642 174852 9751 976 226416 3680 222736 8455 8197 258 165101 164464 15000 10187 9787 9405 400 637 658 149464 4746
is_linear=0
shrinkage=1


Tree=1
num_leaves=31
num_cat=0
split_feature=93 41 41 234 51 36 101 5 239 113 180 54 238 106 232 228 194 224 175 356 58 12 233 96 235 218 112 230 208 236
split_gain=228.74 158.048 122.129 175.455 112.438 100.377 184.945 163.8 168.4 98.9444 96.47 95.2036 88.349 78.9932 75.3773 87.6348 70.4127 66.9115 66.2235 85.8116 64.4297 105.381 65.1952 64.0726 62.4861 57.6117 56.6716 54.0647 53.5074 50.1707
threshold=2.1418708562850957 0.05097483657300473 -3.7686390876770015 -1.3754738569259641 2.0265836715698247 -2.2007389068603511 -2.4660243988037105 -2.8309129476547237 -2.6574007272720332 1.7200374007225039 -0.64439362287521351 2.4391837120056157 -1.004381477832794 -0.33653689920902247 1.8729179501533511 1.8079630732536318 1.3700489401817324 -0.70244726538658131 -2.8273750543594356 -0.014781909529119728 -0.95276835560798634 -0.17667966336011884 -2.3353934288024898 1.6565949320793154 0.34467506408691412 1.7004727125167849 0.53211280703544628 -1.8010233640670774 0.6109989881515504 0.65979945659637462
decision_type=2 2 2 2 2 2 2 2 2 2 2 2 2 2 2 2 2 2 2 2 2 2 2 2 2 2 2 2 2 2
left_child=1 2 3 12 5 6 11 8 -7 17 -11 -4 18 -8 15 -2 -9 24 19 -1 21 29 -22 -12 28 -16 -24 -5 -3 -19
right_child=14 9 4 27 -6 7 13 16 -10 10 23 -13 -14 -15 25 -17 -18 20 -20 -21 22 -23 26 -25 -26 -27 -28 -29 -30 -31
leaf_value=-0.021552341897619894 0.0056383115671218963 -0.0034286589231504218 -0.0011374383818252187 0.021221219032322089 0.009529406456320489 0.010891968202697607 0.0082721392124533843 0.00029504895347318865 -0.011497998713945367 0.007975394453750527 -0.00098512337641277624 0.017502471774532749 -0.0026699248374604662 -0.0024578760362851939 -0.0033494475830812007 -0.0044535791430735374 0.0057020947813055875 -0.008551220297959336 -0.027820079673938573 0.0053921424693943272 0.01007984357829609 -0.0014363719558359923 -0.00042072595495591062 0.0049393026855666126 0.013573931541344574 0.011229033142705666 -0.0016588474725783774 -0.00032656919081660511 0.0073390857172116455 0.0046423819547152306
leaf_weight=189 2825 899 6248 177 1205 331 5053 235668 1843 1987 6004 236 542 647 230 1015 2175 3235 401 177 465 10176 88918 2220 485 2267 54061 167 717 239
leaf_count=189 2825 899 6248 177 1205 331 5053 235668 1843 1987 6004 236 542 647 230 1015 2175 3235 401 177 465 10176 88918 2220 485 2267 54061 167 717 239
internal_value=9.92837e-06 -7.39664e-05 0.000397023 -0.0076721 0.000451444 0.000406129 0.00306263 0.000269783 -0.00788409 -0.000784826 0.0020659 -0.000361136 -0.0127577 0.00699741 0.00565911 0.00288382 0.000346231 -0.000969797 -0.019256 -0.00814038 -0.00104268 -0.00301954 -0.000852074 0.000585839 0.00429647 0.00975107 -0.00089113 0.0104932 0.0011968 -0.0075363
internal_weight=430802 424465 255059 1653 253406 252201 12184 240017 2174 169406 10211 6484 1309 5700 6337 3840 237843 159195 767 366 157094 13650 143444 8224 2101 2497 142979 344 1616 3474
internal_count=430802 424465 255059 1653 253406 252201 12184 240017 2174 169406 10211 6484 1309 5700 6337 3840 237843 159195 767 366 157094 13650 143444 8224 2101 2497 142979 344 1616 3474
is_linear=0
shrinkage=0.03


Tree=2
num_leaves=31
num_cat=0
split_feature=51 51 23 236 95 164 102 55 179 284 114 206 102 224 155 70 175 117 189 235 270 20 180 331 55 44 286 229 180 101
split_gain=210.3 175.356 166.487 107.305 118.807 116.032 106.18 99.572 140.151 98.2392 117.198 95.7602 88.9321 102.579 190.752 81.8872 74.8409 74.2818 71.3602 69.8437 68.6575 85.1003 66.3941 65.6419 61.0847 58.471 69.2892 58.3776 95.1568 160.835
threshold=2.0265836715698247 0.26368845999240881 1.4829511642456057 -1.1992776393890379 -1.8312322497367857 -1.7271527051925657 0.49878832697868353 1.8051303029060366 -0.0086145130917429907 0.0085154725238680857 -0.23078690469264981 -2.3363800048828121 0.032883182168006904 -3.0303534269332881 -3.1843408346176143 -1.4260451793670652 -2.2761913537979122 2.736268281936646 1.4438717365264895 0.31958727538585668 2.312810063362122 -0.98652809858322132 -0.029092710465192791 -0.01161867845803499 0.58121123909950267 -1.1430066823959348 0.065928921103477492 -0.10609909519553183 -2.7652916908264156 -1.0000000180025095e-35
decision_type=2 2 2 2 2 2 2 2 2 2 2 2 2 2 2 2 2 2 2 2 2 2 2 2 2 2 2 2 2 2
left_child=1 2 7 11 5 -5 18 12 -9 10 -7 -3 13 16 -15 17 -1 -10 19 -4 21 23 -8 -2 -25 -14 -27 -6 29 -29
right_child=20 3 6 4 27 9 22 8 15 -11 -12 -13 25 14 -16 -17 -18 -19 -20 -21 -22 -23 -24 24 -26 26 -28 28 -30 -31
leaf_value=0.00032327150212625976 -0.0012712265799175414 -0.021405227905947746 -0.010258943221830217 -0.005476580531330104 -0.0033227037191471392 -0.0039887553351716353 0.021608435370288299 -0.0061109817579854285 0.023679740271647751 -0.0020167061038313199 0.021429173610502492 -0.0043582450936721744 0.011199157330985334 0.01419076173359209 0.00050076963676960132 0.003271948439814609 -0.0076448458430004099 0 0.0063600930669231387 0.006701340088409855 0.0092010520225623959 0.0015761066866497686 0.0071028312948724845 0.0020923970075167938 0.020647196674212213 -0.0019622146527740751 -6.5727785804334447e-05 -0.0053370378134269753 -0.000845390053791147 0.03735039129668271
leaf_weight=1776 264 321 750 454 8980 175 332 475 579 313 769 3536 344 902 204352 589 2377 134 800 267 2101 6478 3053 284 540 28499 45111 132 116007 136
leaf_count=1776 264 321 750 454 8980 175 332 475 579 313 769 3536 344 902 204352 589 2377 134 800 267 2101 6478 3053 284 540 28499 45111 132 116007 136
internal_value=-1.36981e-05 -0.000114906 0.000295204 -0.00102727 -0.000874227 0.00691066 0.00560558 0.000196884 0.00724 0.0116353 0.016421 -0.00595747 0.000151149 0.000467863 0.000563769 0.0123564 -0.00418023 0.0191577 -8.75478e-05 -0.00547358 0.00435578 0.00295004 0.00873221 0.0106837 0.0148087 -0.00074148 -0.000804384 -0.000984051 -0.000800315 0.016373
internal_weight=430830 421163 290340 130823 126966 1711 5202 285138 1777 1257 944 3857 283361 209407 205254 1302 4153 713 1817 1017 9667 7566 3385 1088 824 73954 73610 125255 116275 268
internal_count=430830 421163 290340 130823 126966 1711 5202 285138 1777 1257 944 3857 283361 209407 205254 1302 4153 713 1817 1017 9667 7566 3385 1088 824 73954 73610 125255 116275 268
is_linear=0
shrinkage=0.03


Tree=3
num_leaves=31
num_cat=0
split_feature=93 102 225 239 113 17 92 328 277 101 234 56 1 108 239 45 225 278 286 118 49 98 232 11 211 47 232 96 121 176
split_gain=192.149 163.146 119.532 116.427 105.326 107.746 86.1541 84.0397 80.9809 211.474 113.344 168.085 109.592 184.391 125.625 87.0914 80.8866 79.4618 75.3589 73.75 67.8738 67.1894 66.389 65.1956 88.8759 78.7908 64.9222 62.9726 66.8867 53.5372
threshold=2.3133648633956914 0.032883182168006904 -1.2796138525009153 -5.3706080913543692 1.7200374007225039 -1.4586850404739378 -0.27526694536209101 -0.014571390114724634 -2.1937441825866695 -2.4660243988037105 1.2753931283950808 0.47973918914794927 -2.2205185890197749 1.2792903780937197 -1.3407112360000608 -0.17460858821868894 0.48848094046115881 -2.4635801315307613 1.0000000180025095e-35 1.0605599880218508 -0.49610301852226252 -2.4644439220428462 2.4184429645538335 -1.8528015613555906 -2.7255586385726924 -0.25423148274421686 0.54943507909774791 1.7270689606666567 -0.21534904092550275 0.78824111819267284
decision_type=2 2 2 2 2 2 2 2 2 2 2 2 2 2 2 2 2 2 2 2 2 2 2 2 2 2 2 2 2 2
left_child=1 3 20 7 17 6 -6 -1 9 10 11 -5 13 14 -10 21 -15 -4 29 -20 -3 -11 -2 25 -25 -14 -12 28 -7 -19
right_child=22 2 4 8 5 27 -8 -9 12 15 26 -13 23 16 -16 -17 -18 18 19 -21 -22 -23 -24 24 -26 -27 -28 -29 -30 -31
leaf_value=-0.01753663060887586 0.0034595710909510239 0.00062090810916882436 0.015623917780378286 0.00065458500693795808 0.00089905237473981319 0.0044743509138374746 0.028403940140778718 -0.00028750539783065093 0.0017565124909165951 0.013067534850631283 0.02360797012850796 -0.011594287020508036 0.001289237566403873 0.026226856888576604 -0.0059090849704881267 -0.0048249520653926292 0 -0.002840793746648067 -0.00049488192520802301 -0.0026667043086721471 0.019357152333962957 0.0055273608492965006 0.011390651352606558 -0.01798203912646144 0.00037499562536501713 0.0083942497072631364 -0.000708912451164392 0.0053792548602660945 -0.0017119891739800896 0.0015654855300024355
leaf_weight=537 3345 365 235 6323 218 2152 227 536 2619 1845 249 1172 5435 252 6649 449 154 26987 117704 16090 390 3166 1438 217 219029 1949 118 2584 5683 2629
leaf_count=537 3345 365 235 6323 218 2152 227 536 2619 1845 249 1172 5435 252 6649 449 154 26987 117704 16090 390 3166 1438 217 219029 1949 118 2584 5683 2629
internal_value=-2.19876e-05 -8.99579e-05 -0.000792672 0.000400138 -0.000846382 0.00200222 0.016193 -0.00935751 0.000444028 0.00272092 -0.000395286 -0.00124662 0.000314176 -0.00280528 -0.00371148 0.00724785 0.0163799 -0.00103755 -0.00106525 -0.000758666 0.0109361 0.00840412 0.005944 0.000448894 0.00035382 0.00322273 0.0153817 0.00133752 0 -0.00243873
internal_weight=430746 425963 175264 250699 174509 10864 445 1073 249626 13322 7862 7495 236304 9674 9268 5460 406 163645 163410 133794 755 5011 4783 226630 219246 7384 367 10419 7835 29616
internal_count=430746 425963 175264 250699 174509 10864 445 1073 249626 13322 7862 7495 236304 9674 9268 5460 406 163645 163410 133794 755 5011 4783 226630 219246 7384 367 10419 7835 29616
is_linear=0
shrinkage=0.03


Tree=4
num_leaves=31
num_cat=0
split_feature=16 102 158 41 57 165 57 78 284 157 40 189 190 58 121 233 199 296 117 209 151 229 219 58 178 40 100 232 53 109
split_gain=186.515 144.388 107.116 103.341 159.887 97.4251 88.0005 91.2321 86.2431 94.49 158.955 125.271 72.4846 70.5947 101.654 124.447 86.7782 75.0546 70.3662 85.4421 66.1385 60.773 94.652 59.5352 71.212 53.786 52.7352 50.9208 87.645 61.5634
threshold=1.9940345287323 0.032883182168006904 -2.3230168819427486 -3.7686390876770015 -1.7528342008590696 2.2790867090225224 2.0929023027420048 1.0000000180025095e-35 0.51700839400291454 -2.0809938907623287 -2.0869898796081539 -2.7556084394454952 0.65998467803001415 -0.95276835560798634 -1.9654275774955747 0.58104661107063305 -0.17130707949399945 0.83146360516548168 3.156035423278809 -1.9617284536361692 -0.41452965140342707 1.1306795477867129 2.5913747549057011 -1.124554395675659 0.3220167756080628 2.2014852762222294 1.9366934299468996 1.9819495081901553 -0.055045908316969865 1.9626255035400393
decision_type=2 2 2 2 2 2 2 2 2 2 2 2 2 2 2 2 2 2 2 2 2 2 2 2 2 2 2 2 2 2
left_child=1 3 -3 4 -1 13 8 18 9 10 -5 -11 21 16 15 -15 17 -4 19 -8 -10 25 -23 -6 -25 -7 -16 28 -2 -30
right_child=27 2 5 6 23 12 7 -9 20 11 -12 -13 -14 14 26 -17 -18 -19 -20 -21 -22 22 -24 24 -26 -27 -28 -29 29 -31
leaf_value=-0.018301150182204545 0.008564453834434228 0.015952377547726552 -0.0082985549047868423 0.0010282603732733649 -0.013608537922308851 0.027928528925158864 0.017978867509516373 -0.011946084931975296 -0.0095873793842980743 -0.0059786772691002273 0.0088959446344658143 0.00038176000309578587 -0.0006336137962647463 0.00068598103271131998 -0.00087338140287183984 0.01480960343957175 -0.0015222434154708571 0.0066605550075570742 -0.00039360299132301841 0.005104830297806685 -0.00075846028801748754 0.0005327569100633591 0.015542406380325623 0.018200074608805551 -0.00088198969605916833 0 0.0030091052106367101 0.0086601992853160732 0.002459973754541584 -0.0067390574203204231
leaf_weight=656 1740 324 3275 9663 188 208 715 229 1320 2797 3070 226697 1655 1936 148190 802 11137 295 862 1619 1978 1329 536 218 572 105 3165 2131 2942 816
leaf_count=656 1740 324 3275 9663 188 208 715 229 1320 2797 3070 226697 1655 1936 148190 802 11137 295 862 1619 1978 1329 536 218 572 105 3165 2131 2942 816
internal_value=1.78367e-05 -6.53109e-05 -0.000732596 0.000394084 -0.00706933 -0.000767492 0.00044484 0.00521322 0.000376681 0.000443575 0.0029597 0.00030242 0.00393567 -0.000876519 -0.000684203 0.00500916 -0.00286748 -0.00694865 0.00660265 0.00929536 -0.00441908 0.00751839 0.00512481 0.000379663 0.00433269 0.0197152 -0.000789826 0.00466128 0.00303118 0.000358018
internal_weight=431170 423541 172957 250584 1634 172633 248950 3425 245525 242227 12733 229494 3833 168800 154093 2738 14707 3570 3196 2334 3298 2178 1865 978 790 313 151355 7629 5498 3758
internal_count=431170 423541 172957 250584 1634 172633 248950 3425 245525 242227 12733 229494 3833 168800 154093 2738 14707 3570 3196 2334 3298 2178 1865 978 790 313 151355 7629 5498 3758
is_linear=0
shrinkage=0.03


Tree=5
num_leaves=31
num_cat=0
split_feature=113 51 210 153 165 297 237 223 132 225 275 139 234 239 102 46 56 211 113 3 151 113 238 71 54 0 166 55 55 297
split_gain=204.463 169.438 174.928 116.78 175.714 121.322 106.114 95.3053 133.495 86.5709 126.733 159.54 121.845 103.394 94.4145 82.9063 75.0363 112.65 124.612 76.9379 107.294 67.2567 66.6551 66.0987 72.3404 68.1219 63.3347 59.5946 59.1356 66.5004
threshold=1.7200374007225039 0.26368845999240881 1.5856456160545351 -1.8301347494125364 -0.37005825340747828 -0.17067658901214597 0.16150423139333728 2.3280589580535893 -1.3335583209991453 -3.9416347742080684 -3.5685914754867549 -3.3427258729934688 -1.6681646704673765 -2.2326900959014888 0.032883182168006904 0.16236984729766848 -1.4957965016365049 -1.4341901540756223 0.79896864295005809 -2.8135192394256587 -0.26707138121128077 1.0000000180025095e-35 -1.3734186887741087 1.2238692045211794 -0.443233773112297 -1.1351203322410581 0.076516255736351027 0.63185369968414318 -2.2947700023651119 -3.0027314424514766
decision_type=2 2 2 2 2 2 2 2 2 2 2 2 2 2 2 2 2 2 2 2 2 2 2 2 2 2 2 2 2 2
left_child=1 2 9 5 -5 -2 -7 8 26 12 15 13 28 -12 -13 -11 23 18 -18 20 -19 22 -4 24 -3 -26 -6 -28 29 -1
right_child=3 16 21 4 7 6 -8 -9 -10 10 11 14 -14 -15 -16 -17 17 19 -20 -21 -22 -23 -24 -25 25 -27 27 -29 -30 -31
leaf_value=-0.012676792390459501 -0.010022248369190962 -0.015798195251783807 0 -0.010208477819836869 -0.0017966011821520691 0.035946537596418665 0.0064552396870440924 0.008086931491027894 0.0011622552775173711 0.017007111004543489 0.0041353515081274774 0.00057274087199508093 0.013957869379308575 -0.018498264949721527 -0.00066825137848465824 -0.0079513122207301602 0.00021069316246014489 -0.0040788124973789378 0.012006099417284597 -0.0011421579403469921 0.030461439944803714 0.00014913791726326703 0.011918162532659055 0.0017860313596375398 0.010670643031167295 -0.0081063395149286906 0.00018290840297205638 0.020317273110802229 -0.021514706705676775 0.0035593550034138783
leaf_weight=516 104 828 474 854 188 246 256 3293 10384 617 214 207842 181 645 74919 117 2502 125 1209 118401 145 1030 2019 572 214 596 204 641 339 342
leaf_count=516 104 828 474 854 188 246 256 3293 10384 617 214 207842 181 645 74919 117 2502 125 1209 118401 145 1030 2019 572 214 596 204 641 339 342
internal_value=1.26209e-05 -0.000116057 0.000281524 0.00332054 0.00278227 0.0161352 0.0223054 0.00356966 0.00222865 0.00019828 0.000235899 0.000202155 -0.00724215 -0.0125525 0.000242849 0.0125255 -0.00104139 -0.000938987 0.00417766 -0.0011022 0.0142576 0.0069091 0.00955923 -0.00651844 -0.00958591 -0.00264648 0.0124378 0.0159199 -0.010871 -0.0059297
internal_weight=430017 413847 289255 16170 15564 606 502 14710 11417 285732 284354 283620 1378 859 282761 734 124592 122382 3711 118671 270 3523 2493 2210 1638 810 1033 845 1197 858
internal_count=430017 413847 289255 16170 15564 606 502 14710 11417 285732 284354 283620 1378 859 282761 734 124592 122382 3711 118671 270 3523 2493 2210 1638 810 1033 845 1197 858
is_linear=0
shrinkage=0.03


Tree=6
num_leaves=31
num_cat=0
split_feature=270 102 239 113 63 138 64 224 340 294 199 5 155 106 227 58 199 235 293 230 43 217 297 116 92 118 177 216 116 232
split_gain=178.83 127.268 101.943 84.9338 93.6554 92.9609 81.871 79.5957 78.8331 75.3248 111.861 74.5103 179.378 136.814 95.1044 68.0561 90.3975 80.8119 76.7454 66.4969 159.867 57.4924 50.2962 54.7892 50.215 49.4334 49.0379 48.7366 46.3351 43.1543
threshold=2.312810063362122 0.032883182168006904 -5.3706080913543692 1.7200374007225039 -0.32028096914291376 0.46231031417846685 -1.238291263580322 -1.0938810706138609 -0.012590858619660137 2.2568356990814213 -1.4294118285179136 -2.7223118543624873 -2.473319292068481 -2.2513680458068843 -0.46602389216423029 -0.95276835560798634 -0.17130707949399945 -1.4799959063529966 -0.19453213363885877 -2.0208536386489864 -2.0202684402465816 -2.4983814954757686 2.7161369323730473 1.3446869850158694 -0.34341339766979212 1.1123813390731814 2.0612051486968999 1.197272837162018 -2.166860699653625 2.4184429645538335
decision_type=2 2 2 2 2 2 2 2 2 2 2 2 2 2 2 2 2 2 2 2 2 2 2 2 2 2 2 2 2 2
left_child=1 2 8 7 5 6 24 -3 -1 11 22 12 13 -4 -14 16 -9 18 -17 20 -13 -21 23 -11 -5 -19 -7 -6 -18 -2
right_child=29 3 9 4 27 26 -8 15 -10 10 -12 19 14 -15 -16 17 28 25 -20 21 -22 -23 -24 -25 -26 -27 -28 -29 -30 -31
leaf_value=-0.018735490191714024 0.0037387082189418485 0.0093673741023366647 -0.0030133741043479097 0 -0.0024145967041017827 0.0065285613218919476 -0.00085565187431312518 -0.0071781064605113895 -0.0016415011588661282 0.0027051937926028456 -0.00083112520754897361 -0.00026630191604148809 -0.0099510612593263735 0.013546505220425022 0.0021883005952156942 0.0072816243087718436 -0.010766820869126803 -0.00062443250179480033 -0.0043468077472500642 0.0039811752697609948 0.0070106106363783957 0.00025026903879870504 0 0.022995798910541682 0.016220699890913511 -0.0023941283716497328 0.027158023693024162 0.0022483583076683207 -0.0010906021966687884 0.010305556729507026
leaf_weight=417 3374 655 945 291 3481 267 1292 3399 656 211 831 6539 2632 791 687 2038 456 130398 630 3773 4538 227729 152 489 538 16126 262 4703 10623 1388
leaf_count=417 3374 655 945 291 3481 267 1292 3399 656 211 831 6539 2632 791 687 2038 456 130398 630 3773 4538 227729 152 489 538 16126 262 4703 10623 1388
internal_value=-1.76261e-05 -8.31462e-05 0.000349969 -0.000703967 0.00185772 0.0067409 0.00367396 -0.000874891 -0.00878048 0.000391169 0.00668868 0.000346621 -0.00324429 0.00442956 -0.00735043 -0.000918852 -0.00288828 -0.000725362 0.00441226 0.000422948 0.00269511 0.000312709 0.014218 0.0175413 0.0109406 -0.000821547 0.0179094 0.000227388 -0.00153458 0.00575061
internal_weight=430311 425549 250390 175159 10834 2650 2121 164325 1073 249317 1683 247634 5055 1736 3319 163670 14478 149192 2668 242579 11077 231502 852 700 829 146524 529 8184 11079 4762
internal_count=430311 425549 250390 175159 10834 2650 2121 164325 1073 249317 1683 247634 5055 1736 3319 163670 14478 149192 2668 242579 11077 231502 852 700 829 146524 529 8184 11079 4762
is_linear=0
shrinkage=0.03


Tree=7
num_leaves=31
num_cat=0
split_feature=270 102 239 123 179 233 280 46 349 225 100 294 79 237 119 139 166 43 175 172 56 116 180 96 26 92 280 48 116 169
split_gain=142.285 138.438 88.9747 88.9116 133.677 93.6986 83.1671 79.3762 70.9682 68.3516 73.0214 67.1247 90.2567 72.5412 64.5017 92.1722 163.19 68.8146 62.8627 62.9737 60.9601 65.6301 56.983 50.5755 53.041 46.9831 44.7271 67.4525 44.6228 43.907
threshold=2.312810063362122 0.032883182168006904 -5.3706080913543692 -2.0546338558197017 -0.12132604047656058 0.61531445384025585 0.34611110389232641 1.1109495162963869 -0.011305419262498615 -1.2251992821693418 0.24330164492130282 2.2568356990814213 -1.4493693709373472 1.3331684470176699 -2.7598177194595332 -3.3427258729934688 -0.61415016651153553 0.25142949819564825 -0.35385029017925257 -0.055450258776545518 -1.8706836700439451 -0.43628281354904169 -0.18916296958923337 -0.92090076208114613 -0.27676618099212641 -3.5539543628692623 1.6703017354011538 1.6416049599647524 1.2080743312835696 1.583615303039551
decision_type=2 2 2 2 2 2 2 2 2 2 2 2 2 2 2 2 2 2 2 2 2 2 2 2 2 2 2 2 2 2
left_child=1 2 8 4 6 23 -3 9 -1 10 -5 14 13 28 25 16 -16 -17 29 -20 -11 -22 -21 -6 -25 -4 27 -2 -13 -9
right_child=26 3 11 7 5 -7 -8 18 -10 20 -12 12 -14 -15 15 17 -18 -19 19 22 21 -23 -24 24 -26 -27 -28 -29 -30 -31
leaf_value=-0.014792591617825094 0.0045629767801570577 0.0044095086014885043 0.019385630675227507 -0.0036202761256135998 0.016040737022659367 0.019089840619637616 -0.012996418942327717 -0.0018075592227509458 0 -0.0068814431968603589 0.015008046655273586 0.0030805425566310684 -0.00036011683605690156 0 -0.012748168531384708 0.00048367107509384463 0.015779579228969828 -0.0023916050782872757 0.0084506025619180448 0.0032563253448201165 0.00034343681641972943 -0.0013652679949203406 -1.6705175962246575e-06 -0.0020348531720444365 0.012563037135873529 0.0036426838127191401 0.0068689199011484087 -0.010948952833079437 0.0246089252372871 -0.012145201445830166
leaf_weight=601 869 427 177 265 254 572 494 2048 488 1642 463 160 807 274 1023 236037 192 7687 970 6135 24241 114491 21622 886 271 2755 3530 332 400 467
leaf_count=601 869 427 177 265 254 572 494 2048 488 1642 463 160 807 274 1023 236037 192 7687 970 6135 24241 114491 21622 886 271 2755 3530 332 400 467
internal_value=1.16242e-05 -4.52763e-05 0.00040629 -0.000692691 0.00448 0.00889097 -0.00468556 -0.000782101 -0.00805842 -0.00108577 0.00791057 0.000445079 0.00646802 0.0132801 0.000403476 0.000349 -0.00781463 0.000391566 0.000579614 0.000986977 -0.00113568 -0.00106453 0.000709455 0.00433783 0.00128485 0.00481959 0.00517515 0 0.0192935 -0.00392613
internal_weight=430580 425849 250601 175248 2904 1983 921 172344 1089 141102 728 249512 1641 834 247871 244939 1215 243724 31242 28727 140374 138732 27757 1411 1157 2932 4731 1201 560 2515
internal_count=430580 425849 250601 175248 2904 1983 921 172344 1089 141102 728 249512 1641 834 247871 244939 1215 243724 31242 28727 140374 138732 27757 1411 1157 2932 4731 1201 560 2515
is_linear=0
shrinkage=0.03


Tree=8
num_leaves=31
num_cat=0
split_feature=270 102 239 113 124 158 58 199 235 56 225 12 3 55 58 2 54 242 192 118 346 12 349 176 118 60 84 29 177 216
split_gain=160.352 103.145 107.927 85.9582 93.5768 83.0834 69.0772 88.0341 74.7031 63.7393 96.0061 127.817 89.4691 137.355 156.43 84.6791 71.3924 70.9784 130.655 67.8649 67.5942 62.8071 61.8538 50.5082 49.039 48.2548 74.0024 58.0793 51.786 48.1467
threshold=2.312810063362122 0.032883182168006904 -5.3706080913543692 1.7200374007225039 -2.0613170862197872 -2.3230168819427486 -0.95276835560798634 -0.18000456690788266 -1.4799959063529966 -2.2881309986114498 -3.9416347742080684 -2.5803521871566768 -2.6219187974929805 0.22076419740915301 1.1015337109565737 -2.5359678268432613 0.79087820649147045 -2.6113727092742915 -2.5079188346862789 1.9757106304168703 -0.016693850047886368 -2.001492857933044 -0.011171441525220869 -1.4740964770317075 1.1978845000267031 0.053876642137765891 0.77375355362892162 1.6110343933105471 2.0612051486968999 1.8747481107711794
decision_type=2 2 2 2 2 2 2 2 2 2 2 2 2 2 2 2 2 2 2 2 2 2 2 2 2 2 2 2 2 2
left_child=1 2 22 5 -5 -3 7 -7 21 10 -4 15 13 14 -11 -12 -15 18 -14 -19 -13 -8 -1 -9 -10 26 -6 -27 -28 -2
right_child=29 3 9 4 25 6 8 23 24 12 11 20 17 16 -16 -17 -18 19 -20 -21 -22 -23 -24 -25 -26 27 28 -29 -30 -31
leaf_value=-0.01476246311497801 0 0.01379066693877269 -0.007091634018095005 0.020983994599588988 0.0013408238823915291 -0.0071007812527305175 0.025588483764159099 -0.0071379015731696752 -0.00051603321855801354 -0.0034817313512974656 0.0087838951731100678 -0.017765981534628994 0.025345540007462353 0.013147297313705803 -0.019660261760000138 0.030706075305313021 -0.00081305257414182835 0.00031601976076393824 -0.0022800051466962293 0.0043585150270793573 0.0031649101871252714 0.0031714969228922385 0 -0.00072382839678371172 -0.0024083780117881873 -0.0022444843095744318 0.003474920690039178 0.0038589335709806852 0.016401579839840242 0.0072234581035303695
leaf_weight=645 1162 330 660 211 3164 3291 104 1250 133105 3619 787 120 268 541 634 219 706 233554 287 3793 4423 2559 442 10009 13707 4102 662 2102 604 3573
leaf_count=645 1162 330 660 211 3164 3291 104 1250 133105 3619 787 120 268 541 634 219 706 233554 287 3793 4423 2559 442 10009 13707 4102 662 2102 604 3573
internal_value=2.6831e-05 -3.36343e-05 0.000355896 -0.000592712 0.00198416 -0.000764793 -0.000797583 -0.00277523 -0.000602726 0.000398467 0.00340014 0.0047229 0.000320391 -0.00344972 -0.00604443 0.0143541 0.00511867 0.000409094 0.0109557 0.000382248 0.00247084 0.004343 -0.00897931 -0.00147393 -0.000695058 0.00154032 0.00392667 -0.000122607 0.0100346 0.00550585
internal_weight=430633 425898 250698 175200 10845 164355 164025 14550 149475 249611 6209 5549 243402 5500 4253 1006 1247 237902 555 237347 4543 2663 1087 11259 146812 10634 4430 6204 1266 4735
internal_count=430633 425898 250698 175200 10845 164355 164025 14550 149475 249611 6209 5549 243402 5500 4253 1006 1247 237902 555 237347 4543 2663 1087 11259 146812 10634 4430 6204 1266 4735
is_linear=0
shrinkage=0.03


Tree=9
num_leaves=31
num_cat=0
split_feature=137 102 41 57 232 278 183 51 150 36 101 184 239 175 290 293 236 164 346 284 286 236 2 45 234 236 31 115 201 214
split_gain=159.636 108.202 106.646 145.12 93.2351 91.4389 79.8532 69.1303 64.0718 60.5455 116.826 112.772 114.373 77.3476 75.679 68.562 60.2348 54.2182 61.3572 53.824 61.6475 52.6248 50.0594 47.6837 47.0069 71.2908 46.1223 45.4326 49.7993 64.27
threshold=2.0237256288528447 0.032883182168006904 -3.7686390876770015 -1.6390609741210935 2.232990145683289 -2.4635801315307613 0.16497547179460528 2.0265836715698247 0.67128208279609691 -2.2007389068603511 -2.5950139760971065 -2.3446187973022456 -2.6574007272720332 3.2911273241043095 -2.1257010698318477 -0.71419706940650929 -2.1758329868316646 -0.53242120146751393 -0.013610754627734421 -0.70246151089668263 0.041416872292757041 1.9723520278930666 -0.55229267477989186 0.79807743430137645 -0.68697264790534962 -2.3023567199707027 -3.5639069080352779 -2.4909433126449581 2.084572553634644 2.0807266235351567
decision_type=2 2 2 2 2 2 2 2 2 2 2 2 2 2 2 2 2 2 2 2 2 2 2 2 2 2 2 2 2 2
left_child=1 2 3 -1 5 -3 8 9 23 10 13 12 -11 -4 -13 -12 22 18 -9 -18 -21 -8 -7 -6 25 -5 -27 -2 -29 -30
right_child=27 4 7 24 6 16 21 17 -10 11 15 14 -14 -15 -16 -17 19 -19 -20 20 -22 -23 -24 -25 -26 26 -28 28 29 -31
leaf_value=-0.017683836440260517 0.017762681440426371 0.014789339023129962 -0.0016577456453675183 0.0078886503881765799 0.016430330967563096 -0.017342159485044046 0.0042026378091808989 0 0.01295761044316592 0.0063602016957478233 0.0072603845344640797 0.0040670072144864521 -0.0047709886836727619 0.014476508267756018 0.00029871748821136835 0.00061397321028379013 0.0060630243753733645 0.0016172271900065773 0.022390279917438562 -0.0019245003405919284 -0.0004618913499183903 -0.005247058671096181 -0.0035911230225135551 -0.00064934131743478202 0.012813774215514367 0.0017660769505490517 -0.01610702855931595 0.0070702890179417726 -0.0021221205638940082 0.0049315079254738737
leaf_weight=674 214 319 5151 289 152 301 1073 156 1086 912 4435 4899 6554 260 222993 2191 1021 683 322 32510 133349 1003 1410 832 192 154 340 2765 1978 2642
leaf_count=674 214 319 5151 289 152 301 1073 156 1086 912 4435 4899 6554 260 222993 2191 1021 683 322 32510 133349 1003 1410 832 192 154 340 2765 1978 2642
internal_value=3.1534e-05 -4.5236e-05 0.000352905 -0.00719575 -0.000622578 -0.000733339 0.00379972 0.000404767 0.00794445 0.000368896 0.00244536 0.000261225 -0.00335784 -0.000776796 0.000381391 0.00511624 -0.00076624 0.00765878 0.0152773 -0.000706377 -0.000750583 -0.000226268 -0.00635594 0.00196492 0 -0.00305559 -0.0100997 0.00433586 0.00385934 0.00185079
internal_weight=430860 423261 250205 1649 173056 168910 4146 248556 2070 247395 12037 235358 7466 5411 227892 6626 168591 1161 478 166880 165859 2076 1711 984 975 783 494 7599 7385 4620
internal_count=430860 423261 250205 1649 173056 168910 4146 248556 2070 247395 12037 235358 7466 5411 227892 6626 168591 1161 478 166880 165859 2076 1711 984 975 783 494 7599 7385 4620
is_linear=0
shrinkage=0.03


Tree=10
num_leaves=31
num_cat=0
split_feature=93 51 23 113 299 211 239 299 236 200 55 264 162 342 166 17 60 108 54 219 109 286 17 31 27 108 215 177 234 146
split_gain=157.58 105.69 166.681 101.598 88.7784 88.2715 80.7977 75.95 76.4697 79.3485 75.1956 88.5474 70.1742 68.4041 67.7932 65.2095 64.1191 59.8978 63.8081 59.8128 228.612 77.9117 115.431 74.8128 58.2251 57.3936 51.6583 51.2331 58.5076 51.0158
threshold=2.1418708562850957 0.15998333692550662 1.4829511642456057 1.7200374007225039 -0.8944425880908965 0.75734180212020885 -5.3706080913543692 -2.7471493482589717 0.50446277856826793 -3.3986517190933223 1.207345247268677 -0.3476374745368957 0.37957903742790228 -0.014078703708946703 -0.15509938448667523 1.5852699279785158 -0.13428461551666257 -1.5292812585830686 -1.0834875106811521 -1.3066022396087644 -0.21849418431520459 -0.13741141557693479 -1.4586850404739378 -0.14627792686223981 -0.61968746781349171 -0.30540134012699122 1.625246584415436 0.97211441397666942 0.8844047784805299 -1.0000000180025095e-35
decision_type=2 2 2 2 2 2 2 2 2 2 2 2 2 2 2 2 2 2 2 2 2 2 2 2 2 2 2 2 2 2
left_child=1 2 6 4 15 10 13 -8 9 -9 24 -12 -4 -1 -10 17 -14 18 -3 20 -5 -21 23 -23 -6 -19 -17 -7 -29 -24
right_child=-2 3 12 19 5 27 7 8 14 -11 11 -13 16 -15 -16 26 -18 25 -20 21 -22 22 29 -25 -26 -27 -28 28 -30 -31
leaf_value=-0.019944442026906564 0.004704157302147802 -0.010038088793435311 0.00053405302654444063 -0.0051004489914989685 -0.0022724129609640155 -0.0013411321852559916 0.0052378796259285182 -0.0087791810161636577 0.003051972957661919 4.8205485332572969e-05 0.0057404281018563702 5.7886775381573314e-05 0.025047979125186151 -0.0024759902841713578 9.2066892608696628e-05 0.008579121479094497 0.0075002976951164327 -0.009360510931013975 0.015029462529252274 -0.010528495600614775 0.026389840102507448 0.0055608199085183507 -0.0039617229777429187 0.026531952119110563 -0.00016956653385787765 -0.0033087101073237938 -0.0056864954444659863 -0.0081505160564141043 -0.0023477146132002847 0.0018636543440880321
leaf_weight=296 6339 101 1352 403 14225 22891 2699 900 14943 232165 3890 6989 210 720 13433 693 2457 1713 277 452 372 542 1547 239 73069 10524 294 2383 5235 9045
leaf_count=296 6339 101 1352 403 14225 22891 2699 900 14943 232165 3890 6989 210 720 13433 693 2457 1713 277 452 372 542 1547 239 73069 10524 294 2383 5235 9045
internal_value=1.60857e-05 -5.35045e-05 0.000304984 -0.000678422 -0.000908556 -0.000661705 0.000211664 0.000245544 0.000192461 1.20803e-05 -0.000220109 0.00212412 0.00635603 -0.00814158 0.00166239 -0.00321747 0.00916981 -0.00381161 0.0074099 0.00189389 0.00992117 0.00132659 0.00184174 0.0128551 -0.000516114 -0.00419424 0.00400333 -0.00207179 -0.00421877 0.000978704
internal_weight=430398 424059 269175 154884 142284 128682 265156 264140 261441 233065 98173 10879 4019 1016 28376 13602 2667 12615 378 12600 775 11825 11373 781 87294 12237 987 30509 7618 10592
internal_count=430398 424059 269175 154884 142284 128682 265156 264140 261441 233065 98173 10879 4019 1016 28376 13602 2667 12615 378 12600 775 11825 11373 781 87294 12237 987 30509 7618 10592
is_linear=0
shrinkage=0.03


Tree=11
num_leaves=31
num_cat=0
split_feature=93 283 236 75 290 204 113 239 112 197 110 286 56 139 12 18 170 231 57 17 340 230 33 205 58 161 28 109 83 63
split_gain=144.72 87.2344 100.374 111.908 99.5625 103.56 85.4585 73.8901 71.6301 144.754 70.1823 74.7882 68.4287 145.584 75.3962 67.2736 66.6217 65.094 100.179 61.8598 56.8529 52.5593 72.8854 58.3777 56.2718 50.3624 88.5356 49.3806 49.275 81.9755
threshold=2.3133648633956914 -0.097654365003108964 1.1147851347923281 -2.6708405017852779 1.4370427727699282 -2.6204975843429561 1.7200374007225039 -5.3706080913543692 0.42257167398929601 1.6318547725677492 -0.36577762663364405 -1.1641071438789365 -2.2881309986114498 -3.3427258729934688 -2.5803521871566768 -1.6513060331344602 0.95787277817726146 0.072489146143198027 -1.4179956912994383 -1.3982797265052793 -0.013289556838572024 0.21094667166471484 -1.3271431326866148 -1.9290733933448789 -0.17427676171064374 -2.4065684080123897 -2.152952909469604 -0.32511880993843073 -0.23341429978609082 -0.38401353359222407
decision_type=2 2 2 2 2 2 2 2 2 2 2 2 2 2 2 2 2 2 2 2 2 2 2 2 2 2 2 2 2 2
left_child=1 2 4 -4 7 -6 8 20 9 10 -3 -12 14 -14 -9 -7 25 18 -11 -8 -1 24 -23 -24 -10 -5 -27 -18 -21 -30
right_child=-2 6 3 16 5 15 19 12 21 17 11 -13 13 -15 -16 -17 27 -19 -20 28 -22 22 23 -25 -26 26 -28 -29 29 -31
leaf_value=-0.024023451069834067 0.0051851368035152317 -0.0018504635307800251 0.017211284872254953 -0.0050851282895542681 -0.009461813918817976 0.02309029249715187 0.010832964801935916 0.009892786737745126 -0.008512877697242776 -0.007349341264138381 0.018168039110493743 -5.8185248135075054e-05 -0.011688690008080121 0.00017464698774970043 0.0015330840566594637 0.0048431441626143488 -0.020334976401755075 0 0.011740071061541667 -0.0039179151236096305 -0.0041102404641542275 0.014025996888696058 -0.017069543071126486 -0.0011547523221786637 -0.0019101917118658784 0.021497052075846634 0.0038514538034299826 -0.0010942369660220902 0.0092607127651650762 0.0010457320320792001
leaf_weight=154 4713 23288 511 455 179 390 659 1258 1838 252 183 99030 915 192789 4643 445 129 1013 1815 1321 811 261 191 73926 3596 262 4913 864 1262 8460
leaf_count=154 4713 23288 511 455 179 390 659 1258 1838 252 183 99030 915 192789 4643 445 129 1013 1815 1321 811 261 191 73926 3596 262 4913 864 1262 8460
internal_value=-3.07429e-05 -8.94188e-05 0.000347636 0.00384232 0.000222103 0.00951275 -0.000510984 0.000172694 -0.000654213 -0.000204696 -0.000368963 -1.78886e-05 0.000214584 0.000115859 0.0033933 0.0140574 0.00271696 0.00619215 0.0092209 0.00197421 -0.00801593 -0.00135752 -0.00114317 -0.00120441 -0.00422152 0.00400813 0.00488188 -0.00424207 0.00139981 0.00215973
internal_weight=430526 425813 208718 7134 201584 1014 217095 200570 205393 125581 122501 99213 199605 193704 5901 835 6623 3080 2067 11702 965 79812 74378 74117 5434 5630 5175 993 11043 9722
internal_count=430526 425813 208718 7134 201584 1014 217095 200570 205393 125581 122501 99213 199605 193704 5901 835 6623 3080 2067 11702 965 79812 74378 74117 5434 5630 5175 993 11043 9722
is_linear=0
shrinkage=0.03


Tree=12
num_leaves=31
num_cat=0
split_feature=292 51 203 239 36 101 234 68 226 236 95 113 101 179 206 289 82 176 218 17 326 342 113 282 189 208 144 186 114 279
split_gain=133.383 132.667 161.098 109.087 98.402 163.468 174.882 104.837 95.5117 83.496 96.9887 88.5861 83.1376 83.115 81.8623 76.325 66.6514 62.9594 60.0153 84.068 110.496 55.0695 53.9989 60.5809 54.9745 53.6676 88.6393 108.767 54.9437 64.4738
threshold=2.0552833080291752 0.26368845999240881 1.4720253348350527 -5.3706080913543692 -2.2776167392730708 -2.4660243988037105 1.1056687235832217 -2.7417974472045894 -0.68506601452827443 -1.1992776393890379 -1.8312322497367857 0.96156671643257152 -2.1632612943649288 -0.20403623580932614 -2.2603919506072994 -2.0508354902267452 -1.6627569794654844 0.80639952421188366 2.581490278244019 -1.3982797265052793 -0.019818795844912526 -0.014078703708946703 0.10950521379709245 0.50761106610298168 1.3529496788978579 -1.7662892937660215 -1.801075756549835 -2.4800082445144649 0.68900415301322948 0.13734436035156253
decision_type=2 2 2 2 2 2 2 2 2 2 2 2 2 2 2 2 2 2 2 2 2 2 2 2 2 2 2 2 2 2
left_child=1 2 3 21 5 6 -5 16 -7 14 11 13 -13 -11 -3 -9 -6 22 19 20 -2 -1 23 24 -4 28 -27 -28 -12 -30
right_child=18 9 17 4 7 8 -8 15 -10 10 25 12 -14 -15 -16 -17 -18 -19 -20 -21 -22 -23 -24 -25 -26 26 27 -29 29 -31
leaf_value=-0.020370353379419871 -0.002270181110047662 -0.018255338765063758 -0.0061604702722746875 -0.00095194983760810289 -0.0023362584792121126 0.009064100705107811 0.024672570305102198 0.0033789392074403692 -0.0043733042218232409 -0.0087456843444042413 -0.0028405737479566375 -0.0012581334656027899 0.024833370490970324 0.0074027104199911875 -0.0036234842857320267 7.4401510119535326e-05 -0.012279889064810758 0.013718783845111507 0.0085948918684018456 0.0011192515328494652 0.018253170476106088 -0.0042698834859766065 -0.0025426399621626184 0.0087999152735916564 0.0061699598729352476 -0.0092036098233687063 0.013269733081055897 -0.00090049101449756939 0.012001443084343685 -0.0082951268209294684
leaf_weight=295 336 383 580 6401 2154 3891 229 6433 498 407 503 126 335 818 3463 263989 897 745 1712 7036 601 706 825 2139 684 1140 467 121948 858 135
leaf_count=295 336 383 580 6401 2154 3891 229 6433 498 407 503 126 335 818 3463 263989 897 745 1712 7036 601 706 825 2139 684 1140 467 121948 858 135
internal_value=-1.31066e-05 -9.39432e-05 0.000262315 0.000167789 0.000203937 0.00298173 0 9.07054e-05 0.00745845 -0.000888611 -0.000753235 0.00633131 0.0173226 0.00174222 -0.00524508 0.000154366 -0.00541833 0.00560639 0.00346325 0.00230508 0.0106866 -0.00961469 0.00404846 0.00573952 0.000270537 -0.000852148 -0.00092288 -0.000841824 0.00472685 0.00883665
internal_weight=430734 421049 290466 285493 284492 11019 6630 273473 4389 130583 126737 1686 461 1225 3846 270422 3051 4973 9685 7973 937 1001 4228 3403 1264 125051 123555 122415 1496 993
internal_count=430734 421049 290466 285493 284492 11019 6630 273473 4389 130583 126737 1686 461 1225 3846 270422 3051 4973 9685 7973 937 1001 4228 3403 1264 125051 123555 122415 1496 993
is_linear=0
shrinkage=0.03


Tree=13
num_leaves=31
num_cat=0
split_feature=55 179 203 178 51 203 56 58 60 239 293 160 98 230 55 204 67 289 280 239 36 160 5 56 113 221 234 36 18 319
split_gain=112.172 113.33 135.447 118.074 111.188 131.665 106.532 84.9896 173.191 81.7455 79.1053 71.0632 108.445 81.8683 80.1759 74.775 112.135 136.245 71.7505 66.9795 86.4941 110.032 87.3742 62.0761 56.8803 61.5025 54.7575 52.2133 55.9722 51.3874
threshold=1.7223826050758364 -0.050062004476785653 -1.2716878056526182 0.48537182807922369 0.26368845999240881 1.4720253348350527 3.1590631008148198 2.076684951782227 -2.1113779544830318 -1.6636685132980344 -0.40728279948234553 -3.220043301582336 -1.8466538190841673 0.21930225193500522 -0.69928175210952748 -1.9966754317283628 -2.3453668355941768 0.59058070182800304 1.6703017354011538 -5.3706080913543692 -2.2007389068603511 -2.5457794666290279 -2.8309129476547237 0.95754295587539684 0.062100967392325408 0.70651480555534374 2.2763040065765385 -1.0207646489143369 -2.7961345911025997 -0.01476215338334441
decision_type=2 2 2 2 2 2 2 2 2 2 2 2 2 2 2 2 2 2 2 2 2 2 2 2 2 2 2 2 2 2
left_child=4 3 6 -2 5 7 -3 19 -9 26 -10 -6 13 14 -13 27 17 -17 -18 29 21 -21 -22 24 25 -7 -4 28 -14 -1
right_child=1 2 9 -5 11 23 -8 8 10 -11 -12 12 15 -15 -16 16 18 -19 -20 20 22 -23 -24 -25 -26 -27 -28 -29 -30 -31
leaf_value=-0.012004369330639217 0.0037211016130944091 0.01435469254960294 0 -0.0081583720682182996 -0.016652829117142574 0.00086688419703254745 -0.00051424118060403598 -0.018633324074306352 0.0051136014770227023 0.0015129412006866928 -0.0063675126827955472 -0.012738701499596959 0.016824191517731759 0.014986961480768534 0.0057649244949169141 -0.0038082980731145677 -0.0010592770871596813 0.02010170968551472 0.0019546935296965388 -0.00017382884175538526 -0.0060681293818279766 0.0057378126713963718 0.00019742025963745028 0.01466907322082292 -0.002266444764830598 0.0091561732531194855 0.016146303165812358 -0.011918431638172525 -0.0053004176199907107 0.0013943805376653382
leaf_weight=687 1321 1618 263 1642 236 1523 536 629 1010 10418 1100 249 114 639 903 333 114632 483 7495 5396 1996 5731 266136 544 1003 1939 586 913 423 341
leaf_count=687 1321 1618 263 1642 236 1523 536 629 1010 10418 1100 249 114 639 903 333 114632 483 7495 5396 1996 5731 266136 544 1003 1939 586 913 423 341
internal_value=3.34849e-05 0.00246703 0.00364842 -0.00277211 -6.21073e-05 0.000262644 0.010546 0.000176037 -0.00505895 0.00228682 -0.000734556 -0.000804317 -0.000769664 0.00649957 0.00136034 -0.000877765 -0.000794482 0.0101278 -0.000871562 0.000228622 0.00025805 0.0028489 0.000149211 0.00507642 0.0037806 0.00562164 0.0111844 -0.00762826 0 -0.00733179
internal_weight=430839 16384 13421 2963 414455 288035 2154 283026 2739 11267 2110 126420 126184 1791 1152 124393 122943 816 122127 280287 279259 11127 268132 5009 4465 3462 849 1450 537 1028
internal_count=430839 16384 13421 2963 414455 288035 2154 283026 2739 11267 2110 126420 126184 1791 1152 124393 122943 816 122127 280287 279259 11127 268132 5009 4465 3462 849 1450 537 1028
is_linear=0
shrinkage=0.03


Tree=14
num_leaves=31
num_cat=0
split_feature=174 51 210 191 49 87 123 115 98 108 72 211 204 57 222 175 145 109 57 238 41 58 249 155 139 106 198 264 137 201
split_gain=129.314 98.7533 151.381 81.9275 87.5994 105.429 93.4021 80.6994 130.351 85.6983 108.537 77.3915 78.4099 72.5169 72.0868 71.1064 70.5746 118.052 74.9768 91.2266 70.853 93.0446 96.2091 91.9301 124.204 117.252 68.6395 66.0657 65.7979 76.8952
threshold=2.2096824645996098 0.2360462695360184 1.2362873554229739 -2.1248087882995601 -3.3463344573974605 -0.40055686235427851 -0.25933441519737238 -0.58071812987327565 -1.9744180440902708 1.3120464682579043 -2.1244627237319942 0.68543782830238353 -1.9966754317283628 -0.88100504875183094 2.6057499647140507 1.6670219898223879 0.20180592685937884 -2.3179663419723506 -0.28450855612754816 1.1291165947914126 -3.7686390876770015 -1.124554395675659 -2.8648848533630367 -3.1843408346176143 -3.3427258729934688 -2.3833167552947994 -2.1524360179901119 2.5779402256011967 1.8167983889579775 2.2498981952667241
decision_type=2 2 2 2 2 2 2 2 2 2 2 2 2 2 2 2 2 2 2 2 2 2 2 2 2 2 2 2 2 2
left_child=1 2 16 -2 -5 -6 -7 26 15 11 -11 12 -10 -4 -8 -9 20 -18 -19 -20 21 22 -1 25 -25 -22 -3 -13 -15 -30
right_child=3 7 13 4 5 6 14 8 9 10 -12 27 -14 28 -16 -17 17 18 19 -21 23 -23 -24 24 -26 -27 -28 -29 29 -31
leaf_value=0.0029685484640173273 0.013392551815033788 -0.014660579850418225 -0.00060708992245436084 0.021914389455358362 -0.0041785384061211505 0.011056258549790718 0 0.012080868794519828 -0.007036858615891128 0.016853205083650784 0.00085593345575213917 -0.0024814095665017548 -0.00037601745407410067 0.004233827233355021 0.0073520692187733997 -0.0091951604739982633 0.012074314626313823 -0.0022732099426062201 0.00035499867158781556 -0.0057429493581687948 -0.0019683211097286401 0 -0.022576802082385133 -0.011573469719158506 0.00041540373313031211 0.01498413943765434 -0.0030626413615640821 0.011160901434287794 0.016548594023306374 0
leaf_weight=156 682 505 1761 190 1844 1297 4164 1034 1610 373 18069 28655 80346 4140 1646 132 611 22948 32267 2349 580 886 421 759 214926 849 5577 296 954 357
leaf_count=156 682 505 1761 190 1844 1297 4164 1034 1610 373 18069 28655 80346 4140 1646 132 611 22948 32267 2349 580 886 421 759 214926 849 5577 296 954 357
internal_value=2.76095e-06 -7.60905e-05 0.000241954 0.00340247 0.00259677 0.00210533 0.00378501 -0.00073939 -0.000578962 -0.000671802 0.00121364 -0.000988187 -0.000512212 0.00452794 0.00207798 0.00930487 0.00012886 -0.000797928 -0.000943913 -5.32164e-05 0.000376951 -0.00614533 -0.0152997 0.000422844 0.000370755 0.00796427 -0.0041197 -0.00232396 0.00623785 0.0121822
internal_weight=430384 420561 283964 9823 9141 8951 7107 136597 130515 129349 18442 110907 81956 7212 5810 1166 276752 58175 57564 34616 218577 1463 577 217114 215685 1429 6082 28951 5451 1311
internal_count=430384 420561 283964 9823 9141 8951 7107 136597 130515 129349 18442 110907 81956 7212 5810 1166 276752 58175 57564 34616 218577 1463 577 217114 215685 1429 6082 28951 5451 1311
is_linear=0
shrinkage=0.03


Tree=15
num_leaves=31
num_cat=0
split_feature=113 112 153 105 210 297 292 113 238 269 180 161 19 194 266 260 236 96 145 290 182 172 19 68 30 24 197 100 120 55
split_gain=124.736 131.426 114.877 132.398 109.525 91.1425 112.774 87.1596 80.7252 70.6118 84.5191 65.4392 94.1302 74.7421 71.2575 104.205 81.9672 58.7769 114.322 82.9869 64.6451 89.0804 85.4925 66.4375 59.363 71.007 55.5297 55.3937 52.7663 47.9585
threshold=1.7200374007225039 0.59285613894462597 -1.8301347494125364 -0.86846843361854542 1.3077831864356997 -0.14863672852516172 2.5272059440612797 0.0065093769226223239 -1.3734186887741087 1.9055081009864809 0.30661810934543615 1.0339773297309878 -0.33983838558197016 1.5122931599617007 0.13284718990325931 -0.38169418275356287 1.3263859748840334 -0.9056984782218932 -1.8975074291229246 -0.70790269970893849 -1.0577855110168455 1.0720812678337099 -2.6982262134551998 -0.99349960684776295 -0.50955462455749501 -1.3770918250083921 1.6318547725677492 -1.4327513575553892 1.0368534326553347 2.6952356100082402
decision_type=2 2 2 2 2 2 2 2 2 2 2 2 2 2 2 2 2 2 2 2 2 2 2 2 2 2 2 2 2 2
left_child=1 4 5 -4 11 -2 -7 8 -6 10 29 13 -13 14 16 -16 -1 19 -19 -3 21 -20 -23 -22 25 27 -10 -21 -25 -5
right_child=2 17 3 9 7 6 -8 -9 26 -11 -12 12 -14 -15 15 -17 -18 18 20 24 23 22 -24 28 -26 -27 -28 -29 -30 -31
leaf_value=0.00025032483122301973 -0.0076712220793297469 -0.012717498270620126 -0.010894669000611822 0.0020929836831346388 -0.0019219012770336121 0.029095325019463318 0 -0.00017128950999258487 0.0049549496359973045 0.0062163336519570449 -0.0017878207679418458 -0.0085414451602745939 -0.00091284716611905693 0.0053148346437301873 -0.0079747938729945872 -0.00054180548416324261 0.0048601187113776704 -0.019874271161862255 -0.00059118746468511283 0.00021860491567557411 0.0056351727672921308 0.012581914570441262 -0.0092998333129014725 -0.00081541567424424767 0.013611495827079762 -0.0033772155236524133 0.012543803053826567 0.010299825462518571 -0.0030165733470489211 0.0083596167472594629
leaf_weight=234790 101 285 656 5348 910 360 150 3445 2830 3708 4427 1823 7565 2433 1722 80844 3513 286 2927 1044 1247 142 2830 49127 442 1312 1443 1026 12479 1457
leaf_count=234790 101 285 656 5348 910 360 150 3445 2830 3708 4427 1823 7565 2433 1722 80844 3513 286 2927 1044 1247 142 2830 49127 442 1312 1443 1026 12479 1457
internal_value=-3.31732e-05 -0.000134875 0.00254613 0.00201342 0.000111645 0.0151736 0.0203826 0.00344499 0.00589772 0.00261406 0.00138925 2.40942e-05 -0.0024411 9.67525e-05 5.59225e-05 -0.000702355 0.000319942 -0.001289 -0.00149917 0.00215971 -0.00141261 -0.00442786 -0.00807696 -0.00112353 0.00340694 0.00191292 0.0076341 0.00540967 -0.00126699 0.00349924
internal_weight=430672 414465 16207 15596 341318 611 510 8628 5183 14940 11232 332690 9388 323302 320869 82566 238303 73147 69038 4109 68752 5899 2972 62853 3824 3382 4273 2070 61606 6805
internal_count=430672 414465 16207 15596 341318 611 510 8628 5183 14940 11232 332690 9388 323302 320869 82566 238303 73147 69038 4109 68752 5899 2972 62853 3824 3382 4273 2070 61606 6805
is_linear=0
shrinkage=0.03


Tree=16
num_leaves=31
num_cat=0
split_feature=93 51 137 115 211 109 54 173 151 55 238 209 234 25 298 225 155 76 293 118 158 241 127 234 40 58 239 56 1 28
split_gain=117.819 78.6371 114.703 91.3137 140.22 120.529 102.431 75.2178 68.8565 68.1249 69.9585 79.247 145.458 65.404 63.596 75.458 87.474 66.5569 63.3454 63.2639 64.7755 89.7116 72.6608 62.7044 58.273 56.6195 56.111 55.3296 57.7629 52.8949
threshold=2.3133648633956914 0.26368845999240881 1.6701807975769045 -0.58071812987327565 -1.6581166386604307 0.30113118886947637 0.14504375308752063 1.5864378809928896 1.4669578671455386 0.36305730044841772 3.119539856910706 -2.0973123311996456 0.68129143118858349 -1.9099585413932798 0.9356946349143983 -3.9416347742080684 -3.1843408346176143 -2.76710033416748 0.3813838809728623 -1.1439781785011289 0.6087588667869569 1.106285631656647 0.58764123916625988 1.0803350210189822 -2.5929502248764034 1.771313548088074 0.72305431962013256 -1.535423159599304 0.84980264306068432 -1.5101865530014036
decision_type=2 2 2 2 2 2 2 2 2 2 2 2 2 2 2 2 2 2 2 2 2 2 2 2 2 2 2 2 2 2
left_child=1 2 9 27 5 6 -5 8 13 14 11 12 -11 -6 15 -1 -17 25 -13 -4 -21 22 -22 29 -8 -16 -23 28 -3 -7
right_child=-2 3 19 4 7 23 24 -9 -10 10 -12 18 -14 -15 17 16 -18 -19 -20 20 21 26 -24 -25 -26 -27 -28 -29 -30 -31
leaf_value=-0.0082948954755388323 0.0046710102113774587 -0.015093656867006014 -0.0023084856654974595 0.01400033644820697 -0.0096333723438770634 0.00056816454640971664 -0.015327133541570309 0.0012476994829281711 -0.0038651251546448643 0.0020265831418676528 -0.020503503840058467 0.0018542403193261641 0.020240145668022215 -0.00066123082510892407 0 0.0074534466937370356 4.9589161701736659e-05 -0.0019108584867166053 -0.00092641734186930014 0.00022819577527469255 0 0.0089191080411509197 0.027227406319342291 0.026976289009375713 0.00056215026021246809 -0.022076756322423792 -0.0067344012291294568 -0.0029333017760556253 0.00070118304610194396 0.02233490940393093
leaf_weight=948 4764 733 644 461 722 353 223 16415 6740 1501 110 26139 542 104561 126 1426 236494 8466 10092 804 132 1139 406 297 1229 260 213 4523 237 141
leaf_count=948 4764 733 644 461 722 353 223 16415 6740 1501 110 26139 542 104561 126 1426 236494 8466 10092 804 132 1139 406 297 1229 260 213 4523 237 141
internal_value=-9.92027e-06 -6.3179e-05 0.000216064 -0.000656856 -0.000495199 0.00623022 0.00192022 -0.000640073 -0.000919543 0.000150278 0.00132614 0.00140739 0.00715337 -0.000727426 -3.0802e-05 6.06006e-05 9.58486e-05 -0.00252566 0.00107134 0.00573082 0.007766 0.0107795 0.0211841 0.0159794 -0.00184943 -0.0145126 0.00617211 -0.00444609 -0.0109953 0.00799192
internal_weight=430841 426077 289442 136635 131142 2704 1913 128438 112023 286104 38384 38274 2043 105283 247720 238868 237920 8852 36231 3338 2694 1890 538 791 1452 386 1352 5493 970 494
internal_count=430841 426077 289442 136635 131142 2704 1913 128438 112023 286104 38384 38274 2043 105283 247720 238868 237920 8852 36231 3338 2694 1890 538 791 1452 386 1352 5493 970 494
is_linear=0
shrinkage=0.03


Tree=17
num_leaves=31
num_cat=0
split_feature=232 171 17 211 289 229 239 177 117 40 69 170 221 95 299 113 217 319 248 242 60 221 216 13 92 118 211 179 52 105
split_gain=114.138 95.6536 152.025 118.372 131.245 101.337 96.1035 77.8832 77.5396 110.436 63.4495 86.3855 106.467 70.0869 119.775 81.904 66.8295 62.8758 60.5914 60.9467 58.5562 130.633 57.5177 63.1797 75.3044 57.0221 58.0646 52.1712 51.5509 50.345
threshold=2.0946686267852788 0.24110737442970279 1.6519899964332583 -1.5764379501342771 0.13141603767871859 -0.097774729132652269 -5.3706080913543692 -2.6808757781982417 -0.84771007299423207 -0.35420225560665125 -3.0038057565689082 -1.9510651230812071 -1.5047329068183897 -2.4061467647552486 1.320301413536072 -2.5403870344161983 -2.4983814954757686 -0.01476215338334441 -2.9973767995834346 -0.62753319740295399 -2.5860075950622554 -0.48168310523033137 1.6327894926071169 -0.93491327762603749 -0.29274356365203852 -1.097089350223541 0.49838231503963476 -0.19700331240892408 0.088998004794120802 0.53340098261833202
decision_type=2 2 2 2 2 2 2 2 2 2 2 2 2 2 2 2 2 2 2 2 2 2 2 2 2 2 2 2 2 2
left_child=1 2 6 4 7 18 17 -3 -6 28 13 12 -12 14 -8 -15 -13 -1 -5 -20 21 -7 23 24 -2 -4 -27 -9 -10 -23
right_child=22 3 25 5 8 20 10 27 9 -11 11 16 -14 15 -16 -17 -18 -19 19 -21 -22 29 -24 -25 -26 26 -28 -29 -30 -31
leaf_value=-0.014126644356759336 0.0011957456734355378 -0.020984030663250729 -0.00073013058911393662 0.014349343682383643 -0.0001034966851999559 -0.0082311686029545236 0.004428461271532483 -0.0061824961550978582 0.0042073133480741544 -0.002166773797511685 0.001106116428837823 0.0041242612034760968 0.0078641742469483886 -0.024403044837821262 -0.023440806538147743 -0.0050462977354403752 9.1590185047623392e-05 0.0011054514543174985 -0.0073062451435275486 -0.0021083508795665521 -0.00070832447126556637 0.024168591107871312 0.0063594264135429738 -0.00054180519943972225 0.020792473516511645 -0.00072905323345383451 0.010804003560673217 0.0035431541065992743 0.020617127263063403 0
leaf_weight=676 532 136 652 133 485 246 1041 650 286 303 8614 3736 2822 249 139 1067 267444 318 3659 5093 119021 304 3637 3508 277 420 2115 1817 921 126
leaf_count=676 532 136 652 133 485 246 1041 650 286 303 8614 3736 2822 249 139 1067 267444 318 3659 5093 119021 304 3637 3508 277 420 2115 1817 921 126
internal_value=1.53112e-05 -5.11007e-05 0.000254418 -0.000716937 0.00399069 -0.000888206 0.000180519 -0.00034579 0.00974492 0.0130642 0.000214321 0.000257533 0.00281077 -0.00452235 0.000559591 -0.00924382 0.000148554 -0.00903205 -0.00398251 -0.00432737 -0.000655386 0.00798679 0.00357165 0.00113533 0.00860726 0.00675245 0.00878503 0.000830921 0.0171053 0.0178851
internal_weight=430427 422473 289293 133180 4598 128582 286106 2603 1995 1510 285112 282616 11436 2496 1180 1316 271180 994 8885 8752 119697 676 7954 4317 809 3187 2535 2467 1207 430
internal_count=430427 422473 289293 133180 4598 128582 286106 2603 1995 1510 285112 282616 11436 2496 1180 1316 271180 994 8885 8752 119697 676 7954 4317 809 3187 2535 2467 1207 430
is_linear=0
shrinkage=0.03


Tree=18
num_leaves=31
num_cat=0
split_feature=232 283 236 57 161 28 173 320 37 160 175 1 239 226 1 58 148 235 232 102 49 226 90 235 58 290 55 57 199 76
split_gain=101.295 87.4212 74.276 85.4755 74.8054 130.374 76.7713 69.2702 99.033 141.233 92.9448 92.3328 126.008 68.3485 67.7259 60.2924 75.5442 74.5887 60.2567 59.4758 59.3575 73.3376 69.1377 57.4378 51.6027 50.611 50.4098 50.8907 46.7801 45.4031
threshold=2.0946686267852788 -0.12934363633394239 1.1147851347923281 -0.3172312974929809 -2.4065684080123897 -2.0107138156890865 1.392220735549927 -0.023936529643833634 -2.2729496955871578 -2.3121632337570186 2.9034452438354497 -2.2205185890197749 -1.3407112360000608 -0.53615987300872792 0.37414008378982549 -0.95276835560798634 1.061969041824341 -1.6131710410118101 1.527498781681061 3.1225883960723881 -0.45118489861488337 -1.2172886133193968 -2.4828792810440059 -2.3000984191894527 -0.27140463888645167 0.93090778589248668 -1.9576068520545957 -1.7528342008590696 -0.17130707949399945 1.4779682755470278
decision_type=2 2 2 2 2 2 2 2 2 2 2 2 2 2 2 2 2 2 2 2 2 2 2 2 2 2 2 2 2 2
left_child=1 2 7 -4 -5 6 -6 23 9 10 -9 12 -10 -11 -13 16 26 18 24 -2 29 -22 -23 -1 -17 -7 -3 -28 -29 -19
right_child=19 15 3 4 5 25 -8 8 11 13 -12 14 -14 -15 -16 17 -18 20 -20 -21 21 22 -24 -25 -26 -27 27 28 -30 -31
leaf_value=-0.0083520362096160504 0.002304306844929143 -0.01112949552030881 0.020438172578949226 -0.0080819460213115233 0.022959010596456886 0.0032873901613993933 0 0.00031947601425224176 0.0027167663799565435 0.010235522519474724 0.022485828981099819 0.00061795911762759545 -0.0054864728296716543 -0.0075869103507496989 -0.0011434333274113462 0 0.0014371403917035608 -0.0024461802611883969 -0.015008535379472261 0.010218943363549502 0.011946440933184144 0.019499540018304336 -0.00026795171873034303 -0.0012446781636955176 0.0083337557869878846 -0.0051072378545796403 0.002183086941306154 -0.005841303900671003 -0.001961620077858862 0.0053620081477717416
leaf_weight=1308 7007 661 244 492 447 4598 193 6548 2373 2656 156 149015 5415 175 22512 937 4313 15701 110 999 424 139 180963 5196 1840 709 1685 4304 9157 659
leaf_count=1308 7007 661 244 492 447 4598 193 6548 2373 2656 156 149015 5415 175 22512 937 4313 15701 110 999 424 139 180963 5196 1840 709 1685 4304 9157 659
internal_value=1.29864e-05 -4.96723e-05 0.000400506 0.00350979 0.00276056 0.00373193 0.0163795 0.000292254 0.000398595 0.00337694 0.000945245 0.000238191 -0.00294797 0.0089831 0.000384931 -0.000462779 -0.00203026 -0.000304017 0.00445864 0.00335229 -0.000375459 -0.000217521 -0.000248972 -0.00274122 0.00543882 0.00209461 -0.00299593 -0.00260698 -0.00323118 -0.00210718
internal_weight=430936 422930 202037 6683 6439 5947 640 195354 188850 9535 6704 179315 7788 2831 171527 220893 20120 200773 2887 8006 197886 181526 181102 6504 2777 5307 15807 15146 13461 16360
internal_count=430936 422930 202037 6683 6439 5947 640 195354 188850 9535 6704 179315 7788 2831 171527 220893 20120 200773 2887 8006 197886 181526 181102 6504 2777 5307 15807 15146 13461 16360
is_linear=0
shrinkage=0.03


Tree=19
num_leaves=31
num_cat=0
split_feature=53 51 23 113 201 78 236 176 115 31 290 27 25 166 239 299 139 166 217 284 258 221 230 218 351 223 178 239 49 40
split_gain=100.41 87.2054 105.792 82.204 74.0761 100.272 83.0861 62.6231 61.3663 95.8833 92.2826 67.0868 88.4051 65.5534 58.5446 74.6668 76.2342 112.788 78.2254 54.6022 79.0827 54.5435 53.0084 81.0941 52.5284 52.0971 50.98 48.6035 48.4775 47.5273
threshold=2.947546243667603 0.26368845999240881 1.4829511642456057 1.7200374007225039 -2.4278390407562251 -1.3959118723869322 0.1995571702718735 1.8421739935874941 -0.58071812987327565 -1.4498715996742246 0.50359681248664867 -2.3939483165740962 -1.9679677486419676 -0.42093917727470392 -5.3706080913543692 -2.7471493482589717 -3.3427258729934688 -0.91125699877738942 -2.4983814954757686 0.76090803742408764 2.3073050975799565 1.4311665892601015 2.1577359437942509 2.3243410587310795 -0.0083825918845832331 -0.024340094067156311 0.0074893117416650066 0.52080556750297557 0.25211599469184881 -0.2750090211629867
decision_type=2 2 2 2 2 2 2 2 2 2 2 2 2 2 2 2 2 2 2 2 2 2 2 2 2 2 2 2 2 2
left_child=1 2 14 8 6 28 -5 -2 13 10 29 -11 -13 27 24 26 17 -17 -18 -15 -21 -7 -9 -24 -1 -4 -16 -3 -6 -10
right_child=7 3 25 4 5 21 -8 22 9 11 -12 12 -14 19 15 16 18 -19 -20 20 -22 -23 23 -25 -26 -27 -28 -29 -30 -31
leaf_value=-0.016094138961700671 -0.0044134214417108578 -0.013845104018880823 -0.00036082442562490103 -0.024156915938186172 -0.00088026763842508342 -0.00062173044113169066 0.00024792850356286774 0.014003630294995921 0.0021687827968140823 0.017494818973591772 0.011421871967891422 -0.011315178514097114 -0.00084090332291123816 0.00031751608430373121 0.0064487142227402415 -0.012721857218753194 0.0033021582144773499 0.012010459989394406 0.00010749662959749242 -0.0081570746398141325 0.0094232625408377495 0.0035127167363969958 -0.0020513124229766498 0.0097581850825437088 -0.0013263077003228449 0.0062801501533953589 -0.0074027492983206626 0.0055641664247959846 0.015124883028087673 -0.012814793155404142
leaf_weight=350 461 812 1350 188 174 5996 257 738 1504 157 1095 715 115250 2668 2497 837 7069 177 272786 1877 230 5316 921 1082 659 3837 228 100 717 197
leaf_count=350 461 812 1350 188 174 5996 257 738 1504 157 1095 715 115250 2668 2497 837 7069 177 272786 1877 230 5316 921 1082 659 3837 228 100 717 197
internal_value=4.17921e-06 -3.49292e-05 0.000259365 -0.000658421 0.00163592 0.00210094 -0.0100128 0.00528092 -0.00089394 -0.000744852 0.00470874 -0.000879535 -0.000910011 -0.00394535 0.000180724 0.000207654 0.000158419 -0.00796574 0.000189494 -0.00243267 -0.0060264 0.00129752 0.0070402 0.00421317 -0.00695374 0.00449937 0.00513498 -0.0113213 0.0117193 0.000130398
internal_weight=430245 427043 289790 137253 12648 12203 445 3202 124605 118918 2796 116122 115965 5687 284603 283594 280869 1014 279855 4775 2107 11312 2741 2003 1009 5187 2725 912 891 1701
internal_count=430245 427043 289790 137253 12648 12203 445 3202 124605 118918 2796 116122 115965 5687 284603 283594 280869 1014 279855 4775 2107 11312 2741 2003 1009 5187 2725 912 891 1701
is_linear=0
shrinkage=0.03


Tree=20
num_leaves=31
num_cat=0
split_feature=39 102 3 179 87 251 58 197 212 233 113 57 58 5 78 117 225 296 58 269 176 286 147 285 211 113 152 232 178 100
split_gain=91.1024 86.7759 82.6952 119.204 81.3861 87.4186 94.3181 79.7173 76.3864 73.85 69.8552 64.6703 75.7803 164.224 73.6098 64.0131 63.8614 61.2647 65.6025 61.2077 56.7227 54.1164 105.599 70.6453 55.5 80.7809 53.6803 51.6214 55.5561 50.7463
threshold=1.9224325418472292 0.032883182168006904 -2.0679357051849361 -0.12132604047656058 -0.19817677140235898 0.67536944150924694 0.87599322199821483 -1.2024096250534055 2.2840341329574589 0.61531445384025585 -0.60120955109596241 2.0929023027420048 1.9572397470474245 -2.2263798713684078 1.0000000180025095e-35 3.156035423278809 -0.0075681565795093766 -2.126775741577148 -0.3989367932081222 -1.2688905000686643 1.8421739935874941 0.0079743582755327242 0.81123051047325145 -0.98502442240715016 0.64599928259849559 -0.14818821847438809 0.7207331955432893 1.8729179501533511 1.2601136565208437 -3.2564510107040401
decision_type=2 2 2 2 2 2 2 2 2 2 2 2 2 2 2 2 2 2 2 2 2 2 2 2 2 2 2 2 2 2
left_child=1 11 3 7 -2 6 -6 -3 -7 19 -10 12 29 20 15 16 -13 18 -4 -5 -14 22 -19 -24 26 -26 -23 28 -12 -1
right_child=4 2 17 9 5 8 -8 -9 10 -11 27 14 13 -15 -16 -17 -18 21 -20 -21 -22 24 23 -25 25 -27 -28 -29 -30 -31
leaf_value=-0.0037748406368646893 -0.015796400915358718 0.0029022301748155219 -0.011944055434576805 0.015843450232096625 0.0033624715413339678 -0.0014046891295162371 0.015409949012873627 -0.014838297196861612 0.021291592875067329 0.017801223974990232 0.0044060858122728745 0.011270652012187033 -0.020228313981392364 -0.00059850551609358523 -0.0097723033834895955 -0.00073155300704046383 0 -0.0025861377918966425 0.0032977260026312151 0.00076768449964476656 0 -8.7896313669397964e-05 0.014113118471425677 0.0010699350246756824 0.0015783755099493659 -0.0016527308459041773 0.0034782554320213362 0.0071804099610360758 -0.008184753614654967 0.00030924226841431231
leaf_weight=2740 181 485 839 311 1712 3722 959 371 207 556 697 1694 613 2735 275 933 631 25176 312 1100 143 79213 401 4159 8117 45360 3966 1530 532 241350
leaf_count=2740 181 485 839 311 1712 3722 959 371 207 556 697 1694 613 2735 275 933 631 25176 312 1100 143 79213 401 4159 8117 45360 3966 1530 532 241350
internal_value=-3.06006e-05 -9.69699e-05 -0.000620056 0.00443945 0.0028643 0.00329009 0.00788188 -0.00460747 0.00139351 0.00853422 0.00499129 0.00025674 0.000197781 -0.00417329 0.00427954 0.00560953 0.00826661 -0.000707616 -0.00757054 0.00447518 -0.0163705 -0.000657435 -0.00181972 0.00233906 -0.000402102 -0.00115628 7.93283e-05 0.00351595 -0.000847735 0.000261862
internal_weight=431020 421480 170366 2823 9540 9359 2671 856 6688 1967 2966 251114 247581 3491 3533 3258 2325 167543 1151 1411 756 166392 29736 4560 136656 53477 83179 2759 1229 244090
internal_count=431020 421480 170366 2823 9540 9359 2671 856 6688 1967 2966 251114 247581 3491 3533 3258 2325 167543 1151 1411 756 166392 29736 4560 136656 53477 83179 2759 1229 244090
is_linear=0
shrinkage=0.03


Tree=21
num_leaves=31
num_cat=0
split_feature=93 1 98 55 57 299 83 56 278 58 1 44 268 178 221 118 275 291 228 204 218 159 167 292 58 172 167 102 156 57
split_gain=97.4534 86.5657 95.1937 80.2673 108.636 117.954 144.389 102.197 93.2841 93.0367 164.383 89.4077 133.214 80.4986 79.1498 131.896 101.598 74.5356 64.3207 75.2378 68.5047 62.5468 61.2961 61.2814 58.6164 57.8965 75.1975 55.5818 48.8504 83.0968
threshold=2.3133648633956914 0.37414008378982549 -2.1143466234207149 1.3101769089698794 -0.67230358719825734 -0.9744717776775359 -1.4512067437171934 2.7331943511962895 -1.8379073739051817 2.076684951782227 -2.1131637096405025 0.13854012638330462 -1.2570827007293699 -0.1496414169669151 -3.7718485593795772 -2.7261062860488887 -3.5685914754867549 -1.1140440702438352 -2.5678237676620479 0.5840042531490327 -0.52181485295295704 -0.16527220606803891 -1.2047339081764219 1.1730027198791506 -1.6088562607765196 0.23715379089117053 1.0000000180025095e-35 2.2196106910705571 -0.69129902124404896 0.75451496243476879
decision_type=2 2 2 2 2 2 2 2 2 2 2 2 2 2 2 2 2 2 2 2 2 2 2 2 2 2 2 2 2 2
left_child=1 3 22 9 8 13 7 -7 -5 11 -11 14 21 -6 15 -1 -16 -14 19 -4 23 -13 -3 -20 -10 26 -22 -8 29 -12
right_child=-2 2 18 4 5 6 27 -9 24 10 28 12 17 -15 16 -17 -18 -19 20 -21 25 -23 -24 -25 -26 -27 -28 -29 -30 -31
leaf_value=-0.018638268977702096 0.0042845903807408273 -0.00058410129465779964 -0.004022736576375331 0.031899818307241874 0.005776195765236608 0.011774003855761698 0.00047370266449559586 -0.00092902959227274013 0.019755129104658927 -0.016447819137276661 -0.009657443927691016 -0.0043398691107998178 0.0076955610231907003 -0.0092773555312970178 0.013678826109056373 6.7983418274180661e-05 0.00049284689008133678 -0.00055402161899121562 -0.0038252630926168558 0.015461460852135052 -0.0010916265039760491 -0.015403698885148769 0.021213980564163144 0.011697185255529662 0.00079390403185210939 -0.0013829758948213941 0.0014786532674038908 0.0095081247849489302 -0.0052683844335025595 0.0075101769043866432
leaf_weight=498 4787 149 247 165 378 2157 11117 711 204 812 311 1982 974 1329 509 892 221859 79838 8866 440 20973 653 270 207 539 47096 19934 637 1205 970
leaf_count=498 4787 149 247 165 378 2157 11117 711 204 812 311 1982 974 1329 509 892 221859 79838 8866 440 20973 653 270 207 539 47096 19934 637 1205 970
internal_value=3.68131e-05 -1.04229e-05 -0.00079241 0.000222958 0.00221531 0.00162451 0.00251163 0.00853632 0.0122526 0.000111255 -0.00488243 0.000166155 -0.00067031 -0.00574188 0.000479475 -0.00659051 0.000525606 -0.000449001 -0.000857711 0.00811627 -0.000925968 -0.00729006 0.0131056 -0.00341318 0.0067745 -0.000665414 0.000153652 0.00100412 -0.000884002 0.00302726
internal_weight=430709 425922 98182 327740 17237 16329 14622 2868 908 310503 3298 307205 83447 1707 223758 1390 222368 80812 97763 687 97076 2635 419 9073 743 88003 40907 11754 2486 1281
internal_count=430709 425922 98182 327740 17237 16329 14622 2868 908 310503 3298 307205 83447 1707 223758 1390 222368 80812 97763 687 97076 2635 419 9073 743 88003 40907 11754 2486 1281
is_linear=0
shrinkage=0.03


Tree=22
num_leaves=31
num_cat=0
split_feature=210 181 98 109 288 66 201 235 183 44 270 177 235 298 221 44 239 47 233 211 215 184 92 167 9 24 176 232 103 206
split_gain=99.0854 61.6731 133.144 77.9401 73.3911 116.586 69.4256 77.041 73.6486 67.016 86.6637 83.2884 79.0122 69.2542 102.54 92.6259 66.4018 60.6114 76.8939 60.4203 60.1793 55.4221 54.4042 54.2877 54.0426 50.6267 55.1934 48.8708 48.4498 47.1798
threshold=2.1195511817932133 0.49179625511169439 -2.1143466234207149 -2.6670807600021358 1.1884163618087771 -1.9665198326110838 -0.49947199225425715 -0.28210552036762232 -0.067969173192977891 -0.0082525885663926584 -1.1435897946357725 0.45592576265335089 2.7904039621353154 -2.1701530218124385 -3.7718485593795772 -2.5846464633941646 -0.56395503878593434 0.62608158588409435 0.53647860884666454 -1.1656048893928526 -3.577961683273315 -2.5398217439651485 -1.0714610815048216 -1.2047339081764219 -2.8652180433273311 0.41523070633411413 0.098540831357240691 -3.3011418581008907 -0.95242345333099354 2.2753858566284184
decision_type=2 2 2 2 2 2 2 2 2 2 2 2 2 2 2 2 2 2 2 2 2 2 2 2 2 2 2 2 2 2
left_child=1 4 23 28 9 25 16 -8 -9 13 11 -11 19 14 24 -16 -7 20 -19 -12 -15 -13 -5 -3 -1 26 -6 -24 -4 -29
right_child=-2 2 3 22 5 6 7 8 -10 10 12 21 -14 17 15 -17 -18 18 -20 -21 -22 -23 27 -25 -26 -27 -28 29 -30 -31
leaf_value=0 0.0037773784131791212 0 -0.00029680389687806986 -0.007558510182052976 0 0.0061330667534657641 -0.0035495906789239232 0.0061614757034602558 0.0011293368394884433 -0.0082856008378732141 0.010548522133249206 -0.016658169682205515 0.016046323573078163 0.0078899152405409612 0.005196014665695148 -0.0035102074380233108 -0.0048759414751955825 0.00048152710420149594 0.012819640078012727 -0.000464248112276178 0.00036633729224161242 0.0023904154137538475 0.012560170886041094 0.024696134976761111 -0.020538120988074799 -0.0055006510640184083 0.017609647157495158 -0.00080746275974132042 0.020416715710200369 -0.007476775179642613
leaf_weight=150 6141 111 124 1096 234 577 1665 4632 6432 2457 428 131 242 946 1396 4690 2454 1163 790 118265 193015 1420 221 238 394 106 747 78943 230 959
leaf_count=150 6141 111 124 1096 234 577 1665 4632 6432 2457 428 131 242 946 1396 4690 2454 1163 790 118265 193015 1420 221 238 394 106 747 78943 230 959
internal_value=0 -5.46698e-05 -0.000794452 -0.000879074 0.000121523 0.00205124 0.00136673 0.00235066 0.00327045 2.06004e-05 -0.000530894 -0.0048651 -0.00038152 0.000356855 -0.0026474 -0.00145357 -0.0026554 0.000460314 0.00570378 -0.000420239 0.000405388 0.000398991 -0.000945208 0.0171471 -0.0149463 0.0115008 0.0137107 -0.000849138 0.0127311 -0.000893114
internal_weight=430397 424256 81922 81573 342334 16847 15760 12729 11064 325487 122943 4008 118935 202544 6630 6086 3031 195914 1953 118693 193961 1551 81219 349 544 1087 981 80123 354 79902
internal_count=430397 424256 81922 81573 342334 16847 15760 12729 11064 325487 122943 4008 118935 202544 6630 6086 3031 195914 1953 118693 193961 1551 81219 349 544 1087 981 80123 354 79902
is_linear=0
shrinkage=0.03


Tree=23
num_leaves=31
num_cat=0
split_feature=51 171 197 55 104 298 299 95 88 7 196 116 58 28 199 131 246 301 105 215 49 177 142 167 57 139 228 164 164 346
split_gain=92.1657 68.3324 125.1 75.9298 96.6757 78.9878 72.8169 84.5697 99.3112 84.2862 73.7692 68.5669 64.2747 95.2496 61.4302 125.14 85.1063 71.5689 59.4218 84.4558 56.9036 78.4099 56.6792 55.1523 52.7378 51.0144 49.1861 71.4776 46.6669 62.523
threshold=2.0265836715698247 0.27778074145317083 1.703039348125458 1.5843713283538821 0.92732068896293651 0.9356946349143983 -0.91352245211601246 -1.8312322497367857 -1.3849410414695738 -2.645587563514709 1.6350793242454531 0.064896591007709517 -0.93426322937011708 -2.0107138156890865 -2.4353107213973995 -1.9393958449363706 -2.4743961095809932 -0.021371393464505669 -3.8906418085098262 -3.0099595785140987 -0.78077316284179676 0.77043402194976818 -2.8201838731765743 -0.55094128847122181 -0.23764036595821378 -1.9510414600372312 -0.024036177434027192 -0.17759339511394498 -0.64723619818687428 -0.01372327236458659
decision_type=2 2 2 2 2 2 2 2 2 2 2 2 2 2 2 2 2 2 2 2 2 2 2 2 2 2 2 2 2 2
left_child=1 2 3 5 12 18 9 8 20 11 26 -3 25 -14 -9 17 -17 -16 -1 -20 -8 -22 -7 -4 -24 -5 -11 -28 29 -2
right_child=28 6 23 4 -6 22 7 14 -10 10 -12 -13 13 -15 15 16 -18 -19 19 -21 21 -23 24 -25 -26 -27 27 -29 -30 -31
leaf_value=-0.0073335034174378958 -0.00040694378029002107 -0.0061474928753450508 -0.0029271136002588858 -0.019392387691285397 0.029082535443164956 -0.011092593616862991 -0.0063277245971542643 -0.0077073787709965244 0.024379490345607619 -0.0080405290189870856 0.0032977799876884859 0.020500170347776504 0.015277480086148078 0.001169978803276601 -0.0051590874011593832 0.021674589841526797 -0.00059508966386420648 0.0099269570021907824 0.0056320841646344631 0.00019988524917028579 0.00062502799032222722 0.015751805060958992 -0.013267672922168123 0.008446467217799335 -0.0012486666945781637 0.0015658976581717453 0.0052947442127469586 -0.0038114185236689953 0.0023987339970143154 0.020677608343016282
leaf_weight=910 172 100 406 157 129 568 403 1038 211 2240 1342 228 636 1424 304 134 107090 1546 2586 269327 956 471 322 2292 16622 193 814 8124 9247 278
leaf_count=910 172 100 406 157 129 568 403 1038 211 2240 1342 228 636 1424 304 134 107090 1546 2586 269327 956 471 322 2292 16622 193 814 8124 9247 278
internal_value=2.47598e-05 -4.12726e-05 0.000206644 0.000146132 0.00529342 9.97236e-05 -0.000629825 -0.000381405 0.00562795 -0.00277106 -0.00319014 0.0116274 0.00366772 0.00577475 -0.000496518 -0.000423746 -0.000560425 0.00725886 0.000226121 0.000253061 0.00306353 0.00597385 -0.00185035 0.00661563 -0.00151013 -0.00756464 -0.00400035 -0.00293864 0.00291375 0.0123059
internal_weight=430270 420573 295572 292874 2539 290335 125001 112153 2041 12848 12520 328 2410 2060 110112 109074 107224 1850 272823 271913 1830 1427 17512 2698 16944 350 11178 8938 9697 450
internal_count=430270 420573 295572 292874 2539 290335 125001 112153 2041 12848 12520 328 2410 2060 110112 109074 107224 1850 272823 271913 1830 1427 17512 2698 16944 350 11178 8938 9697 450
is_linear=0
shrinkage=0.03


Tree=24
num_leaves=31
num_cat=0
split_feature=113 51 23 170 110 219 165 236 208 116 105 124 206 144 29 106 236 40 94 127 117 69 299 205 211 152 88 224 166 146
split_gain=79.8093 85.5131 111.917 74.5518 113.145 136.524 91.3264 70.0389 70.1032 76.5806 68.1697 67.9622 65.8124 86.1897 64.3941 63.2977 63.2382 64.6642 67.2263 60.5614 60.4752 99.4444 59.4843 58.7007 57.0332 74.0791 94.5358 64.9131 68.4251 58.645
threshold=1.7200374007225039 0.26368845999240881 1.4829511642456057 -2.790489554405212 -0.26482182741165156 -1.2801474928855894 -0.37005825340747828 -1.1992776393890379 -1.9652134776115415 0.86102721095085155 -0.4087101519107818 -2.0613170862197872 -2.1884515285491939 -2.0178710222244258 1.6110343933105471 -1.3077096343040464 0.35860010981559759 -2.9662789106369014 -2.3251379728317256 1.1630900502204897 0.64437100291252147 -2.4181475639343257 1.1907213330268862 -1.1853669285774229 0.67210155725479137 0.86950939893722545 -0.17879525572061536 0.69892394542694103 0.38966305553913122 1.2397638559341433
decision_type=2 2 2 2 2 2 2 2 2 2 2 2 2 2 2 2 2 2 2 2 2 2 2 2 2 2 2 2 2 2
left_child=1 2 16 -2 -5 22 -7 12 9 10 -9 -8 -3 -14 -13 -11 20 -18 -19 -20 -1 -22 -6 -23 25 29 -27 28 -26 -10
right_child=3 7 -4 4 5 6 11 8 24 15 -12 14 13 -15 -16 -17 17 18 19 -21 21 23 -24 -25 27 26 -28 -29 -30 -31
leaf_value=1.4195793755953517e-06 0.024146417110166747 -0.015612969845614709 0.004568717097843308 -0.0089823258767761718 0.024266464262854399 -0.014361609350838333 0.013116960379074952 0.0058828337582684537 -0.00046270707150722991 -0.0046000331761799273 -0.011506438910759783 0.00033284322151879483 0.019147672618386048 -0.0042357020517570952 0.0046323141346287086 0.015855611231234981 -0.0099259252331028568 0.011944072853796849 0.001315249269417025 -0.0040444137194568519 -0.015105848755297236 0.0027968320624253006 0 -0.003958330749277289 -0.0011241020408176961 0.022850394716095606 0.0026185691841496329 -0.00073055850552699024 -0.0055623961467136428 0.0068688027468284197
leaf_weight=229479 119 438 5194 791 343 279 492 489 79685 134 313 9144 125 3193 4894 667 448 506 46573 1934 548 1655 111 3510 6427 241 1322 24336 6495 970
leaf_count=229479 119 438 5194 791 343 279 492 489 79685 134 313 9144 125 3193 4894 667 448 506 46573 1934 548 1655 111 3510 6427 241 1322 24336 6495 970
internal_value=9.51106e-06 -7.04683e-05 0.000211458 0.00207629 0.0018642 0.00245696 0.00192428 -0.000727388 -0.000598967 0.00557432 -0.000653627 0.00227692 -0.00476262 -0.00315545 0.00185754 0.0120395 0.000130583 0.0011058 0.00121676 0.0010938 -7.33064e-05 -0.00311675 0.0183853 -0.0017335 -0.000685223 -0.000239571 0.00617693 -0.00165995 -0.00338326 -0.000369135
internal_weight=430855 414682 289847 16173 16054 15263 14809 124835 121079 1603 802 14530 3756 3318 14038 801 284653 49461 49013 48507 235192 5713 454 5165 119476 82218 1563 37258 12922 80655
internal_count=430855 414682 289847 16173 16054 15263 14809 124835 121079 1603 802 14530 3756 3318 14038 801 284653 49461 49013 48507 235192 5713 454 5165 119476 82218 1563 37258 12922 80655
is_linear=0
shrinkage=0.03


Tree=25
num_leaves=31
num_cat=0
split_feature=137 122 55 28 296 178 98 167 100 95 143 279 102 10 290 98 228 13 80 6 8 299 118 113 232 237 81 239 107 55
split_gain=85.336 80.4757 118.756 86.5703 154.514 81.0842 80.875 78.1329 77.5771 92.1855 125.406 73.9874 68.2907 92.3121 80.3859 66.2402 119.347 65.1071 64.1935 92.5221 63.453 62.5309 59.1391 66.996 65.8549 56.433 50.5322 55.0486 64.6249 50.5073
threshold=2.0237256288528447 0.36568944156169897 1.3101769089698794 -2.0107138156890865 3.1368721723556523 0.80825755000114452 -2.1143466234207149 -1.2287468910217283 -2.9634493589401241 -2.4061467647552486 -2.5877658128738399 1.733221232891083 0.16172528266906741 -0.46935470402240748 1.3220548033714297 -0.63775387406349171 -2.5678237676620479 0.071530055254697814 0.21035115420818332 -0.59918150305747975 -0.41840571165084833 -0.91352245211601246 -0.19417960941791532 0.21824232488870624 -3.3011418581008907 1.0822370052337649 1.8862478733062746 -1.1344841122627256 0.42839166522026068 -2.2947700023651119
decision_type=2 2 2 2 2 2 2 2 2 2 2 2 2 2 2 2 2 2 2 2 2 2 2 2 2 2 2 2 2 2
left_child=1 2 5 4 -4 12 7 -3 29 -10 -11 17 13 14 -1 -8 -17 21 -14 -20 -15 -5 24 -24 -18 -13 -2 28 -28 -7
right_child=26 6 3 11 -6 8 15 -9 9 10 -12 25 18 20 -16 16 22 -19 19 -21 -22 -23 23 -25 -26 -27 27 -29 -30 -31
leaf_value=-0.00027663815544162057 0.0077442136077484208 -0.0021897554314076152 0.013676949220936077 -0.0036693865193518026 -0.0098088587770250885 0 -0.003748199001781275 0.022892397373929441 0.0077665120083127148 -0.01309864144287156 -0.0011112369836649165 0.0003586173344243196 -0.0013576333291864982 0.0032821766097458809 0.0083976050752067564 0.016068534543296615 0.013891431565561075 -0.0024833731101599264 0.0077827955668563504 7.1811896464531196e-05 0.00081434826450085915 0.0031200947836801064 0.0011122722143982074 -0.00096847074885235689 -0.0020136260810550491 0.012770016503039723 -0.0051780738103784458 0 0.0094829517483228792 -0.013301839807588449
leaf_weight=103122 1680 159 1301 1338 281 419 6837 233 978 796 26770 590 43034 10503 949 360 212 3298 1473 24071 96143 9824 21779 38323 28294 916 299 4333 1284 786
leaf_count=103122 1680 159 1301 1338 281 419 6837 233 978 796 26770 590 43034 10503 949 360 212 3298 1473 24071 96143 9824 21779 38323 28294 916 299 4333 1284 786
internal_value=-1.70279e-05 -7.44133e-05 0.000149448 0.00254882 0.00924768 1.20815e-05 -0.000837422 0.0123782 -0.00147526 -0.00114506 -0.00147751 0.00185555 0.000171673 0.000440135 -0.000193059 -0.000897198 -0.00067394 0.00116653 -0.000648733 0.000533944 0.00106077 0.0022743 -0.000748958 -0.000209368 -0.00187517 0.00817267 0.00312943 0.00174673 0.00649655 -0.00890568
internal_weight=430385 422789 326592 17548 1582 309044 96197 392 29749 28544 27566 15966 279295 210717 104071 95805 88968 14460 68578 25544 106646 11162 88608 60102 28506 1506 7596 5916 1583 1205
internal_count=430385 422789 326592 17548 1582 309044 96197 392 29749 28544 27566 15966 279295 210717 104071 95805 88968 14460 68578 25544 106646 11162 88608 60102 28506 1506 7596 5916 1583 1205
is_linear=0
shrinkage=0.03


Tree=26
num_leaves=31
num_cat=0
split_feature=93 298 112 340 163 122 98 169 66 296 139 44 199 236 114 116 101 159 108 167 196 49 238 191 147 215 233 109 42 16
split_gain=84.5358 68.6177 86.9086 82.1384 77.3493 59.5876 86.967 70.8279 81.2385 102.831 72.5962 71.0371 93.2236 92.6947 94.5276 91.8446 85.9438 85.3969 67.5102 66.9254 63.8361 115.936 88.7174 65.2573 59.2145 53.925 49.3886 48.1146 35.7427 34.7371
threshold=2.3133648633956914 -3.7786720991134639 -1.352182865142822 -0.013289556838572024 -2.0558507442474361 0.35428953170776373 -2.1143466234207149 1.2153359651565554 -1.9665198326110838 -2.0260926485061641 -2.3301545381546016 0.13854012638330462 -0.39709077775478357 1.1147851347923281 0.48852635920047766 1.1777274012565615 -2.3514595031738277 1.7606168985366824 1.3481224775314333 -1.2047339081764219 1.3015282750129702 0.74170222878456127 0.18974807858467105 -0.17781013250350949 0.79497468471527111 -0.49917039275169367 1.7715411782264712 -2.6670807600021358 -1.4169651865959165 0.2492860481142998
decision_type=2 2 2 2 2 2 2 2 2 2 2 2 2 2 2 2 2 2 2 2 2 2 2 2 2 2 2 2 2 2
left_child=1 2 3 -1 -5 7 19 11 10 -10 18 13 15 14 -3 -13 -15 -14 -9 -7 22 -22 27 -24 -11 -12 -23 -8 -6 -2
right_child=29 5 -4 4 28 6 20 8 9 24 25 12 17 16 -16 -17 -18 -19 -20 -21 21 26 23 -25 -26 -27 -28 -29 -30 -31
leaf_value=-0.0238175590917904 0.013465132090451906 0.00041469730633654218 -0.019833324815211981 -0.0039716516912352597 0.023237791152489255 -0.00041070291309128741 0.009745953446446862 -0.0033997467437903782 -0.020375695140464813 0.00039926695849081461 0.021396311962728683 -0.0031371128467031083 -0.00023324334155437525 -0.0073624355887146426 -0.0018256058620447762 0.0034137508146158718 0.0044406638075345714 0.0093471753578624837 0.012185010211647813 0.021315744458046463 0.0032981927052730979 -0.0025485393536811645 0.0064777738081219166 -0.00031403938266460221 0.0046612067119115265 0.0036522808168649484 0.0021688502316184375 -0.0021695231134900099 0 0.0031541553109825735
leaf_weight=121 324 200974 322 824 144 182 279 617 172 10525 467 18318 58036 565 18460 2093 7304 829 377 266 9060 7760 1295 38937 4154 307 2605 40673 115 4407
leaf_count=121 324 200974 322 824 144 182 279 617 172 10525 467 18318 58036 565 18460 2093 7304 829 377 266 9060 7760 1295 38937 4154 307 2605 40673 115 4407
internal_value=-1.72009e-06 -4.682e-05 -0.00635631 -0.00224172 0.000285053 -2.31198e-05 -0.000659493 0.000174961 0.00208186 0.00132836 0.00815778 7.0484e-05 -0.000701429 0.00034106 0.000224714 -0.002448 0.00353865 -9.0098e-05 0.00233906 0.012208 -0.000722187 0.000813226 -0.00109337 -8.48594e-05 0.00163046 0.0150054 -0.00133215 -0.0020763 0.0142168 0.00397715
internal_weight=430512 425781 1526 1204 1083 424255 101057 323198 16619 14851 1768 306579 79276 227303 219434 20411 7869 58865 994 448 100609 19425 81184 40232 14679 774 10365 40952 259 4731
internal_count=430512 425781 1526 1204 1083 424255 101057 323198 16619 14851 1768 306579 79276 227303 219434 20411 7869 58865 994 448 100609 19425 81184 40232 14679 774 10365 40952 259 4731
is_linear=0
shrinkage=0.03


Tree=27
num_leaves=31
num_cat=0
split_feature=39 87 251 58 112 215 340 205 55 205 100 155 19 47 167 109 229 28 52 118 177 118 170 168 8 237 67 168 58 233
split_gain=68.3546 71.8596 70.0252 97.7949 66.0998 78.6799 117.937 67.7532 65.3873 70.9077 68.5583 88.4214 106.848 96.964 72.4243 77.5466 66.8857 64.5112 147.574 91.7659 70.7321 63.7531 101.468 101.421 60.9817 58.4244 58.1439 66.0407 56.0743 55.0906
threshold=1.9224325418472292 -0.23217744380235669 0.67536944150924694 0.85743147134780895 0.55642884969711315 -1.4255815744400022 -0.010364936199039219 -1.9290733933448789 -1.0000000180025095e-35 1.431271553039551 -3.2564510107040401 -3.1843408346176143 -3.3709789514541622 -2.0923922061920162 -1.5656784176826475 -0.85589241981506337 -1.201110243797302 -2.0736776590347286 0.057139422744512565 -0.26047869026660914 0.35575588047504431 1.0605599880218508 1.2847167253494265 1.3843001127243044 -1.8675940632820127 -0.87520331144332875 -2.476898074150085 0.72347804903984081 -1.5121375918388364 0.80185934901237499
decision_type=2 2 2 2 2 2 2 2 2 2 2 2 2 2 2 2 2 2 2 2 2 2 2 2 2 2 2 2 2 2
left_child=4 -2 3 -3 8 6 24 -7 10 17 16 14 28 -14 -12 -16 -1 18 19 -10 -20 23 -23 -19 -6 -8 27 -9 -13 -28
right_child=1 2 -4 -5 5 7 25 26 9 -11 11 12 13 -15 15 -17 -18 21 20 -21 -22 22 -24 -25 -26 -27 29 -29 -30 -31
leaf_value=-0.0077072719627065888 -0.015073797177895903 0.0024954340195852435 0.0012028893966915541 0.014704902083820606 -0.0082911682752213976 -0.00911908709036462 -2.7734848369039931e-05 -0.0053438306042401908 0.0096496465232262345 0.0057207926608633334 0 0.0017666784572226504 0.0030131615596281766 -0.00025895959273323935 0.029379976504686767 0.00013677571081267346 0.0059702828781024557 0.0006036021113533745 -0.0016946179741094726 -0.0030193866342742934 0.017473811410265445 -0.0012002068013315813 -0.023883390234051536 0.010050507835186533 0.0029978045803586931 0.013438467525977594 -0.001890804895510724 0.019220420114966937 -0.017733903437481911 -0.0002913349992531548
leaf_weight=1876 180 1735 6713 950 681 899 332 119 695 2460 281 143 8467 201285 226 154 347 102647 177 1792 863 12415 162 1018 1056 1098 33020 249 452 48217
leaf_count=1876 180 1735 6713 950 681 899 332 119 695 2460 281 143 8467 201285 226 154 347 102647 177 1792 863 12415 162 1018 1056 1098 33020 249 452 48217
internal_value=0 0.00250339 0.0029032 0.00700305 -5.70113e-05 -0.000801138 0.00380545 -0.000982481 0.000132169 0.000685834 -0.000183833 -0.000126906 -0.000163237 -0.00012517 0.0106591 0.0188782 -0.00540432 0.000578976 0.00457398 0.000450087 0.0139581 0.000454414 -0.00155365 0.000701186 -0.00130135 0.0101479 -0.000886956 0.0106379 -0.0126544 -0.000945461
internal_weight=430709 9578 9398 2685 421131 85671 3167 82504 335460 122229 213231 211008 210347 209752 661 380 2223 119769 3527 2487 1040 116242 12577 103665 1737 1430 81605 368 595 81237
internal_count=430709 9578 9398 2685 421131 85671 3167 82504 335460 122229 213231 211008 210347 209752 661 380 2223 119769 3527 2487 1040 116242 12577 103665 1737 1430 81605 368 595 81237
is_linear=0
shrinkage=0.03


end of trees

feature_importances:
CLOSE1=22
OPEN6=20
LOW0=20
CLOSE4=16
OPEN17=14
LOW3=14
CLOSE8=13
CLOSE2=13
LOW7=13
OPEN1=10
LOW28=10
CLOSE3=9
OPEN26=9
LOW5=9
OPEN21=8
OPEN10=8
LOW14=8
LOW4=8
VWAP0=8
OPEN18=7
OPEN3=7
HIGH40=7
HIGH12=7
HIGH2=7
LOW40=7
LOW6=7
VWAP9=7
VWAP6=7
CLOSE58=6
CLOSE42=6
CLOSE31=6
CLOSE19=6
CLOSE18=6
CLOSE10=6
OPEN19=6
HIGH13=6
HIGH4=6
HIGH3=6
HIGH1=6
HIGH0=6
LOW18=6
LOW1=6
VWAP29=6
VWAP13=6
CLOSE23=5
CLOSE15=5
CLOSE5=5
OPEN59=5
OPEN27=5
OPEN24=5
OPEN11=5
OPEN7=5
OPEN2=5
HIGH24=5
LOW59=5
LOW29=5
LOW24=5
LOW9=5
CLOSE54=4
CLOSE47=4
CLOSE36=4
OPEN23=4
OPEN14=4
OPEN13=4
OPEN4=4
HIGH42=4
HIGH19=4
HIGH15=4
HIGH9=4
LOW42=4
LOW38=4
LOW35=4
LOW34=4
LOW33=4
LOW21=4
LOW15=4
LOW13=4
LOW11=4
LOW10=4
LOW2=4
VWAP21=4
VWAP15=4
VWAP10=4
VWAP3=4
VWAP2=4
VWAP1=4
VOLUME19=4
CLOSE56=3
CLOSE40=3
CLOSE28=3
CLOSE13=3
CLOSE12=3
OPEN41=3
OPEN32=3
OPEN5=3
HIGH28=3
HIGH21=3
HIGH18=3
HIGH14=3
HIGH7=3
LOW50=3
LOW36=3
LOW31=3
LOW23=3
LOW22=3
LOW20=3
VWAP19=3
VWAP7=3
VOLUME13=3
CLOSE57=2
CLOSE51=2
CLOSE50=2
CLOSE46=2
CLOSE43=2
CLOSE41=2
CLOSE35=2
CLOSE34=2
CLOSE32=2
CLOSE30=2
CLOSE20=2
CLOSE16=2
CLOSE14=2
CLOSE7=2
CLOSE6=2
OPEN56=2
OPEN53=2
OPEN52=2
OPEN51=2
OPEN50=2
OPEN43=2
OPEN39=2
OPEN36=2
OPEN31=2
OPEN9=2
HIGH58=2
HIGH57=2
HIGH56=2
HIGH55=2
HIGH52=2
HIGH35=2
HIGH34=2
HIGH33=2
HIGH32=2
HIGH27=2
HIGH26=2
HIGH22=2
HIGH20=2
HIGH16=2
HIGH11=2
HIGH10=2
HIGH8=2
HIGH6=2
LOW56=2
LOW55=2
LOW48=2
LOW45=2
LOW43=2
LOW30=2
LOW16=2
VWAP57=2
VWAP48=2
VWAP35=2
VWAP30=2
VWAP24=2
VWAP20=2
VWAP16=2
VWAP5=2
VOLUME40=2
VOLUME17=2
VOLUME10=2
CLOSE59=1
CLOSE53=1
CLOSE52=1
CLOSE49=1
CLOSE48=1
CLOSE39=1
CLOSE33=1
CLOSE29=1
CLOSE26=1
CLOSE22=1
CLOSE17=1
CLOSE11=1
OPEN55=1
OPEN49=1
OPEN48=1
OPEN47=1
OPEN46=1
OPEN45=1
OPEN44=1
OPEN40=1
OPEN38=1
OPEN37=1
OPEN35=1
OPEN33=1
OPEN29=1
OPEN25=1
OPEN16=1
OPEN15=1
OPEN12=1
OPEN0=1
HIGH59=1
HIGH48=1
HIGH47=1
HIGH46=1
HIGH41=1
HIGH37=1
HIGH36=1
HIGH31=1
HIGH29=1
HIGH23=1
HIGH17=1
HIGH5=1
LOW58=1
LOW57=1
LOW53=1
LOW49=1
LOW47=1
LOW41=1
LOW39=1
LOW27=1
LOW25=1
LOW17=1
LOW12=1
LOW8=1
VWAP58=1
VWAP53=1
VWAP51=1
VWAP50=1
VWAP41=1
VWAP39=1
VWAP33=1
VWAP31=1
VWAP22=1
VWAP17=1
VWAP14=1
VWAP11=1
VWAP8=1
VWAP4=1
VOLUME58=1
VOLUME39=1
VOLUME33=1
VOLUME31=1
VOLUME28=1
VOLUME8=1
VOLUME3=1

parameters:
[boosting: gbdt]
[objective: regression]
[metric: l2]
[tree_learner: serial]
[device_type: cpu]
[data_sample_strategy: bagging]
[data: ]
[valid: ]
[num_iterations: 500]
[learning_rate: 0.03]
[num_leaves: 31]
[num_threads: 12]
[seed: 20260812]
[deterministic: 1]
[force_col_wise: 1]
[force_row_wise: 0]
[histogram_pool_size: -1]
[max_depth: 7]
[min_data_in_leaf: 100]
[min_sum_hessian_in_leaf: 0.001]
[bagging_fraction: 0.8]
[pos_bagging_fraction: 1]
[neg_bagging_fraction: 1]
[bagging_freq: 1]
[bagging_seed: 20260812]
[bagging_by_query: 0]
[feature_fraction: 0.8]
[feature_fraction_bynode: 1]
[feature_fraction_seed: 20260812]
[extra_trees: 0]
[extra_seed: 9622]
[early_stopping_round: 0]
[early_stopping_min_delta: 0]
[first_metric_only: 0]
[max_delta_step: 0]
[lambda_l1: 10]
[lambda_l2: 20]
[linear_lambda: 0]
[min_gain_to_split: 0]
[drop_rate: 0.1]
[max_drop: 50]
[skip_drop: 0.5]
[xgboost_dart_mode: 0]
[uniform_drop: 0]
[drop_seed: 26770]
[top_rate: 0.2]
[other_rate: 0.1]
[min_data_per_group: 100]
[max_cat_threshold: 32]
[cat_l2: 10]
[cat_smooth: 10]
[max_cat_to_onehot: 4]
[top_k: 20]
[monotone_constraints: ]
[monotone_constraints_method: basic]
[monotone_penalty: 0]
[feature_contri: ]
[forcedsplits_filename: ]
[refit_decay_rate: 0.9]
[cegb_tradeoff: 1]
[cegb_penalty_split: 0]
[cegb_penalty_feature_lazy: ]
[cegb_penalty_feature_coupled: ]
[path_smooth: 0]
[interaction_constraints: ]
[verbosity: 1]
[saved_feature_importance_type: 0]
[use_quantized_grad: 0]
[num_grad_quant_bins: 4]
[quant_train_renew_leaf: 0]
[stochastic_rounding: 1]
[linear_tree: 0]
[max_bin: 255]
[max_bin_by_feature: ]
[min_data_in_bin: 3]
[bin_construct_sample_cnt: 200000]
[data_random_seed: 20260812]
[is_enable_sparse: 1]
[enable_bundle: 1]
[use_missing: 1]
[zero_as_missing: 0]
[feature_pre_filter: 1]
[pre_partition: 0]
[two_round: 0]
[header: 0]
[label_column: ]
[weight_column: ]
[group_column: ]
[ignore_column: ]
[categorical_feature: ]
[forcedbins_filename: ]
[precise_float_parser: 0]
[parser_config_file: ]
[objective_seed: 6428]
[num_class: 1]
[is_unbalance: 0]
[scale_pos_weight: 1]
[sigmoid: 1]
[boost_from_average: 1]
[reg_sqrt: 0]
[alpha: 0.9]
[fair_c: 1]
[poisson_max_delta_step: 0.7]
[tweedie_variance_power: 1.5]
[lambdarank_truncation_level: 30]
[lambdarank_norm: 1]
[label_gain: ]
[lambdarank_position_bias_regularization: 0]
[eval_at: ]
[multi_error_top_k: 1]
[auc_mu_weights: ]
[num_machines: 1]
[local_listen_port: 12400]
[time_out: 120]
[machine_list_filename: ]
[machines: ]
[gpu_platform_id: -1]
[gpu_device_id: -1]
[gpu_use_dp: 0]
[num_gpu: 1]

end of parameters

pandas_categorical:null
