symbol,record_date,ex_date,cash_payment_date,cash_dividend_per_old_share,share_ratio,fractional_share_treatment,event_id,source_url,source_sha256
SH510020,2012-12-14,2012-12-14,2012-12-14,0.0,0.1,unknown_not_provided_by_sina_hfq,SH510020~2012-12-14,https://finance.sina.com.cn/realstock/company/sh510020/hfq.js,94ac706fbb5a9c17837aa0272727572a54e507908af38d0fcff645dd292c7c52
SH510030,2021-06-21,2021-06-21,2021-06-21,0.0,8.00037281,unknown_not_provided_by_sina_hfq,SH510030~2021-06-21,https://finance.sina.com.cn/realstock/company/sh510030/hfq.js,3a2ad5af07974bfd2d890347711c69316a92c31cf7ab55cbe7b2950cc9c6cc6d
SH510050,2006-05-19,2006-05-19,2006-05-19,0.024,1.0,not_applicable_no_share_change,SH510050~2006-05-19,https://finance.sina.com.cn/realstock/company/sh510050/hfq.js,e187e503a8718f9309254ba7952a1fb69310a6fe8ee463618656ac00d156cf7c
SH510050,2006-11-16,2006-11-16,2006-11-16,0.037,1.0,not_applicable_no_share_change,SH510050~2006-11-16,https://finance.sina.com.cn/realstock/company/sh510050/hfq.js,e187e503a8718f9309254ba7952a1fb69310a6fe8ee463618656ac00d156cf7c
SH510050,2008-11-19,2008-11-19,2008-11-19,0.06,1.0,not_applicable_no_share_change,SH510050~2008-11-19,https://finance.sina.com.cn/realstock/company/sh510050/hfq.js,e187e503a8718f9309254ba7952a1fb69310a6fe8ee463618656ac00d156cf7c
SH510050,2010-11-16,2010-11-16,2010-11-16,0.0259999999999999,1.0,not_applicable_no_share_change,SH510050~2010-11-16,https://finance.sina.com.cn/realstock/company/sh510050/hfq.js,e187e503a8718f9309254ba7952a1fb69310a6fe8ee463618656ac00d156cf7c
SH510050,2012-05-16,2012-05-16,2012-05-16,0.011,1.0,not_applicable_no_share_change,SH510050~2012-05-16,https://finance.sina.com.cn/realstock/company/sh510050/hfq.js,e187e503a8718f9309254ba7952a1fb69310a6fe8ee463618656ac00d156cf7c
SH510050,2012-11-13,2012-11-13,2012-11-13,0.037,1.0,not_applicable_no_share_change,SH510050~2012-11-13,https://finance.sina.com.cn/realstock/company/sh510050/hfq.js,e187e503a8718f9309254ba7952a1fb69310a6fe8ee463618656ac00d156cf7c
SH510050,2013-11-15,2013-11-15,2013-11-15,0.0529999999999999,1.0,not_applicable_no_share_change,SH510050~2013-11-15,https://finance.sina.com.cn/realstock/company/sh510050/hfq.js,e187e503a8718f9309254ba7952a1fb69310a6fe8ee463618656ac00d156cf7c
SH510050,2014-11-17,2014-11-17,2014-11-17,0.0429999999999999,1.0,not_applicable_no_share_change,SH510050~2014-11-17,https://finance.sina.com.cn/realstock/company/sh510050/hfq.js,e187e503a8718f9309254ba7952a1fb69310a6fe8ee463618656ac00d156cf7c
SH510050,2016-11-29,2016-11-29,2016-11-29,0.0529999999999999,1.0,not_applicable_no_share_change,SH510050~2016-11-29,https://finance.sina.com.cn/realstock/company/sh510050/hfq.js,e187e503a8718f9309254ba7952a1fb69310a6fe8ee463618656ac00d156cf7c
SH510050,2017-11-28,2017-11-28,2017-11-28,0.054,1.0,not_applicable_no_share_change,SH510050~2017-11-28,https://finance.sina.com.cn/realstock/company/sh510050/hfq.js,e187e503a8718f9309254ba7952a1fb69310a6fe8ee463618656ac00d156cf7c
SH510050,2018-12-03,2018-12-03,2018-12-03,0.0489999999999999,1.0,not_applicable_no_share_change,SH510050~2018-12-03,https://finance.sina.com.cn/realstock/company/sh510050/hfq.js,e187e503a8718f9309254ba7952a1fb69310a6fe8ee463618656ac00d156cf7c
SH510050,2019-12-02,2019-12-02,2019-12-02,0.0469999999999999,1.0,not_applicable_no_share_change,SH510050~2019-12-02,https://finance.sina.com.cn/realstock/company/sh510050/hfq.js,e187e503a8718f9309254ba7952a1fb69310a6fe8ee463618656ac00d156cf7c
SH510050,2020-11-30,2020-11-30,2020-11-30,0.051,1.0,not_applicable_no_share_change,SH510050~2020-11-30,https://finance.sina.com.cn/realstock/company/sh510050/hfq.js,e187e503a8718f9309254ba7952a1fb69310a6fe8ee463618656ac00d156cf7c
SH510050,2021-11-29,2021-11-29,2021-11-29,0.0409999999999999,1.0,not_applicable_no_share_change,SH510050~2021-11-29,https://finance.sina.com.cn/realstock/company/sh510050/hfq.js,e187e503a8718f9309254ba7952a1fb69310a6fe8ee463618656ac00d156cf7c
SH510050,2022-12-01,2022-12-01,2022-12-01,0.037,1.0,not_applicable_no_share_change,SH510050~2022-12-01,https://finance.sina.com.cn/realstock/company/sh510050/hfq.js,e187e503a8718f9309254ba7952a1fb69310a6fe8ee463618656ac00d156cf7c
SH510050,2023-11-27,2023-11-27,2023-11-27,0.039,1.0,not_applicable_no_share_change,SH510050~2023-11-27,https://finance.sina.com.cn/realstock/company/sh510050/hfq.js,e187e503a8718f9309254ba7952a1fb69310a6fe8ee463618656ac00d156cf7c
SH510050,2024-12-02,2024-12-02,2024-12-02,0.0549999999999999,1.0,not_applicable_no_share_change,SH510050~2024-12-02,https://finance.sina.com.cn/realstock/company/sh510050/hfq.js,e187e503a8718f9309254ba7952a1fb69310a6fe8ee463618656ac00d156cf7c
SH510050,2025-12-17,2025-12-17,2025-12-17,0.08,1.0,not_applicable_no_share_change,SH510050~2025-12-17,https://finance.sina.com.cn/realstock/company/sh510050/hfq.js,e187e503a8718f9309254ba7952a1fb69310a6fe8ee463618656ac00d156cf7c
SH510100,2023-02-13,2023-02-13,2023-02-13,0.0,0.83788015,unknown_not_provided_by_sina_hfq,SH510100~2023-02-13,https://finance.sina.com.cn/realstock/company/sh510100/hfq.js,2424adc0b248a86d4e6d42a0703633fc9c739f69b7771e20abdebcac38042f8f
SH510100,2023-11-13,2023-11-13,2023-11-13,0.0668353343852339,1.0,not_applicable_no_share_change,SH510100~2023-11-13,https://finance.sina.com.cn/realstock/company/sh510100/hfq.js,2424adc0b248a86d4e6d42a0703633fc9c739f69b7771e20abdebcac38042f8f
SH510100,2024-11-07,2024-11-07,2024-11-07,0.0417720839907712,1.0,not_applicable_no_share_change,SH510100~2024-11-07,https://finance.sina.com.cn/realstock/company/sh510100/hfq.js,2424adc0b248a86d4e6d42a0703633fc9c739f69b7771e20abdebcac38042f8f
SH510100,2025-03-10,2025-03-10,2025-03-10,0.0,0.49719902,unknown_not_provided_by_sina_hfq,SH510100~2025-03-10,https://finance.sina.com.cn/realstock/company/sh510100/hfq.js,2424adc0b248a86d4e6d42a0703633fc9c739f69b7771e20abdebcac38042f8f
SH510100,2025-11-10,2025-11-10,2025-11-10,0.2328410604271453,1.0,not_applicable_no_share_change,SH510100~2025-11-10,https://finance.sina.com.cn/realstock/company/sh510100/hfq.js,2424adc0b248a86d4e6d42a0703633fc9c739f69b7771e20abdebcac38042f8f
SH510150,2021-05-31,2021-05-31,2021-05-31,0.0,12.0,unknown_not_provided_by_sina_hfq,SH510150~2021-05-31,https://finance.sina.com.cn/realstock/company/sh510150/hfq.js,359ea1e76a6156c59b88052467f9d6d31ca7509d2465867e275f6cf29605f55c
SH510170,2022-07-11,2022-07-11,2022-07-11,0.0,4.0,unknown_not_provided_by_sina_hfq,SH510170~2022-07-11,https://finance.sina.com.cn/realstock/company/sh510170/hfq.js,425a3f6239c45419dffde64c83eee269aa45d8fd4846dee17ed0875213f42a42
SH510180,2006-11-23,2006-11-23,2006-11-23,0.045,1.0,not_applicable_no_share_change,SH510180~2006-11-23,https://finance.sina.com.cn/realstock/company/sh510180/hfq.js,e35d55dead53254dafec12409192e8d56bc20b2c2d437f56193280bfe7cb94ec
SH510180,2009-04-13,2009-04-13,2009-04-13,0.149,1.0,not_applicable_no_share_change,SH510180~2009-04-13,https://finance.sina.com.cn/realstock/company/sh510180/hfq.js,e35d55dead53254dafec12409192e8d56bc20b2c2d437f56193280bfe7cb94ec
SH510180,2009-05-21,2009-05-21,2009-05-21,0.0,10.0,unknown_not_provided_by_sina_hfq,SH510180~2009-05-21,https://finance.sina.com.cn/realstock/company/sh510180/hfq.js,e35d55dead53254dafec12409192e8d56bc20b2c2d437f56193280bfe7cb94ec
SH510180,2012-11-15,2012-11-15,2012-11-15,0.0009999999999999,1.0,not_applicable_no_share_change,SH510180~2012-11-15,https://finance.sina.com.cn/realstock/company/sh510180/hfq.js,e35d55dead53254dafec12409192e8d56bc20b2c2d437f56193280bfe7cb94ec
SH510180,2013-09-13,2013-09-13,2013-09-13,0.0011,1.0,not_applicable_no_share_change,SH510180~2013-09-13,https://finance.sina.com.cn/realstock/company/sh510180/hfq.js,e35d55dead53254dafec12409192e8d56bc20b2c2d437f56193280bfe7cb94ec
SH510180,2013-12-23,2013-12-23,2013-12-23,0.0,0.25,unknown_not_provided_by_sina_hfq,SH510180~2013-12-23,https://finance.sina.com.cn/realstock/company/sh510180/hfq.js,e35d55dead53254dafec12409192e8d56bc20b2c2d437f56193280bfe7cb94ec
SH510180,2014-09-18,2014-09-18,2014-09-18,0.0204,1.0,not_applicable_no_share_change,SH510180~2014-09-18,https://finance.sina.com.cn/realstock/company/sh510180/hfq.js,e35d55dead53254dafec12409192e8d56bc20b2c2d437f56193280bfe7cb94ec
SH510180,2015-11-18,2015-11-18,2015-11-18,0.0203999999999999,1.0,not_applicable_no_share_change,SH510180~2015-11-18,https://finance.sina.com.cn/realstock/company/sh510180/hfq.js,e35d55dead53254dafec12409192e8d56bc20b2c2d437f56193280bfe7cb94ec
SH510180,2017-11-16,2017-11-16,2017-11-16,0.0524,1.0,not_applicable_no_share_change,SH510180~2017-11-16,https://finance.sina.com.cn/realstock/company/sh510180/hfq.js,e35d55dead53254dafec12409192e8d56bc20b2c2d437f56193280bfe7cb94ec
SH510180,2019-11-19,2019-11-19,2019-11-19,0.0479999999999999,1.0,not_applicable_no_share_change,SH510180~2019-11-19,https://finance.sina.com.cn/realstock/company/sh510180/hfq.js,e35d55dead53254dafec12409192e8d56bc20b2c2d437f56193280bfe7cb94ec
SH510180,2020-11-18,2020-11-18,2020-11-18,0.0268,1.0,not_applicable_no_share_change,SH510180~2020-11-18,https://finance.sina.com.cn/realstock/company/sh510180/hfq.js,e35d55dead53254dafec12409192e8d56bc20b2c2d437f56193280bfe7cb94ec
SH510180,2024-11-15,2024-11-15,2024-11-15,0.06,1.0,not_applicable_no_share_change,SH510180~2024-11-15,https://finance.sina.com.cn/realstock/company/sh510180/hfq.js,e35d55dead53254dafec12409192e8d56bc20b2c2d437f56193280bfe7cb94ec
SH510180,2025-01-17,2025-01-17,2025-01-17,0.0219999999999999,1.0,not_applicable_no_share_change,SH510180~2025-01-17,https://finance.sina.com.cn/realstock/company/sh510180/hfq.js,e35d55dead53254dafec12409192e8d56bc20b2c2d437f56193280bfe7cb94ec
SH510180,2025-04-17,2025-04-17,2025-04-17,0.0212,1.0,not_applicable_no_share_change,SH510180~2025-04-17,https://finance.sina.com.cn/realstock/company/sh510180/hfq.js,e35d55dead53254dafec12409192e8d56bc20b2c2d437f56193280bfe7cb94ec
SH510180,2025-07-15,2025-07-15,2025-07-15,0.0215999999999999,1.0,not_applicable_no_share_change,SH510180~2025-07-15,https://finance.sina.com.cn/realstock/company/sh510180/hfq.js,e35d55dead53254dafec12409192e8d56bc20b2c2d437f56193280bfe7cb94ec
SH510180,2025-10-23,2025-10-23,2025-10-23,0.0252,1.0,not_applicable_no_share_change,SH510180~2025-10-23,https://finance.sina.com.cn/realstock/company/sh510180/hfq.js,e35d55dead53254dafec12409192e8d56bc20b2c2d437f56193280bfe7cb94ec
SH510180,2026-01-16,2026-01-16,2026-01-16,0.0163999999999999,1.0,not_applicable_no_share_change,SH510180~2026-01-16,https://finance.sina.com.cn/realstock/company/sh510180/hfq.js,e35d55dead53254dafec12409192e8d56bc20b2c2d437f56193280bfe7cb94ec
SH510180,2026-04-16,2026-04-16,2026-04-16,0.0076,1.0,not_applicable_no_share_change,SH510180~2026-04-16,https://finance.sina.com.cn/realstock/company/sh510180/hfq.js,e35d55dead53254dafec12409192e8d56bc20b2c2d437f56193280bfe7cb94ec
SH510180,2026-07-15,2026-07-15,2026-07-15,0.0123999999999999,1.0,not_applicable_no_share_change,SH510180~2026-07-15,https://finance.sina.com.cn/realstock/company/sh510180/hfq.js,e35d55dead53254dafec12409192e8d56bc20b2c2d437f56193280bfe7cb94ec
SH510210,2021-01-25,2021-01-25,2021-01-25,0.0,5.001001001,unknown_not_provided_by_sina_hfq,SH510210~2021-01-25,https://finance.sina.com.cn/realstock/company/sh510210/hfq.js,6c27ec3660b833b5f4057e21d210c64db2ea0584dc29e319eed974a7ed912227
SH510210,2023-06-20,2023-06-20,2023-06-20,0.0151969575660558,1.0,not_applicable_no_share_change,SH510210~2023-06-20,https://finance.sina.com.cn/realstock/company/sh510210/hfq.js,6c27ec3660b833b5f4057e21d210c64db2ea0584dc29e319eed974a7ed912227
SH510210,2023-08-23,2023-08-23,2023-08-23,0.0071985588470791,1.0,not_applicable_no_share_change,SH510210~2023-08-23,https://finance.sina.com.cn/realstock/company/sh510210/hfq.js,6c27ec3660b833b5f4057e21d210c64db2ea0584dc29e319eed974a7ed912227
SH510210,2023-12-20,2023-12-20,2023-12-20,0.0125974779823884,1.0,not_applicable_no_share_change,SH510210~2023-12-20,https://finance.sina.com.cn/realstock/company/sh510210/hfq.js,6c27ec3660b833b5f4057e21d210c64db2ea0584dc29e319eed974a7ed912227
SH510300,2012-12-18,2012-12-18,2012-12-18,0.033,1.0,not_applicable_no_share_change,SH510300~2012-12-18,https://finance.sina.com.cn/realstock/company/sh510300/hfq.js,89f22a60aa203d32e35309c5d747325d1c7521a821126ab82e8b7daba257e97c
SH510300,2014-01-21,2014-01-21,2014-01-21,0.048,1.0,not_applicable_no_share_change,SH510300~2014-01-21,https://finance.sina.com.cn/realstock/company/sh510300/hfq.js,89f22a60aa203d32e35309c5d747325d1c7521a821126ab82e8b7daba257e97c
SH510300,2015-01-20,2015-01-20,2015-01-20,0.035,1.0,not_applicable_no_share_change,SH510300~2015-01-20,https://finance.sina.com.cn/realstock/company/sh510300/hfq.js,89f22a60aa203d32e35309c5d747325d1c7521a821126ab82e8b7daba257e97c
SH510300,2016-01-20,2016-01-20,2016-01-20,0.051,1.0,not_applicable_no_share_change,SH510300~2016-01-20,https://finance.sina.com.cn/realstock/company/sh510300/hfq.js,89f22a60aa203d32e35309c5d747325d1c7521a821126ab82e8b7daba257e97c
SH510300,2017-01-23,2017-01-23,2017-01-23,0.0549999999999999,1.0,not_applicable_no_share_change,SH510300~2017-01-23,https://finance.sina.com.cn/realstock/company/sh510300/hfq.js,89f22a60aa203d32e35309c5d747325d1c7521a821126ab82e8b7daba257e97c
SH510300,2018-01-23,2018-01-23,2018-01-23,0.046,1.0,not_applicable_no_share_change,SH510300~2018-01-23,https://finance.sina.com.cn/realstock/company/sh510300/hfq.js,89f22a60aa203d32e35309c5d747325d1c7521a821126ab82e8b7daba257e97c
SH510300,2019-01-16,2019-01-16,2019-01-16,0.059,1.0,not_applicable_no_share_change,SH510300~2019-01-16,https://finance.sina.com.cn/realstock/company/sh510300/hfq.js,89f22a60aa203d32e35309c5d747325d1c7521a821126ab82e8b7daba257e97c
SH510300,2019-12-11,2019-12-11,2019-12-11,0.062,1.0,not_applicable_no_share_change,SH510300~2019-12-11,https://finance.sina.com.cn/realstock/company/sh510300/hfq.js,89f22a60aa203d32e35309c5d747325d1c7521a821126ab82e8b7daba257e97c
SH510300,2021-01-18,2021-01-18,2021-01-18,0.072,1.0,not_applicable_no_share_change,SH510300~2021-01-18,https://finance.sina.com.cn/realstock/company/sh510300/hfq.js,89f22a60aa203d32e35309c5d747325d1c7521a821126ab82e8b7daba257e97c
SH510300,2022-01-19,2022-01-19,2022-01-19,0.075,1.0,not_applicable_no_share_change,SH510300~2022-01-19,https://finance.sina.com.cn/realstock/company/sh510300/hfq.js,89f22a60aa203d32e35309c5d747325d1c7521a821126ab82e8b7daba257e97c
SH510300,2023-01-16,2023-01-16,2023-01-16,0.0639999999999999,1.0,not_applicable_no_share_change,SH510300~2023-01-16,https://finance.sina.com.cn/realstock/company/sh510300/hfq.js,89f22a60aa203d32e35309c5d747325d1c7521a821126ab82e8b7daba257e97c
SH510300,2024-01-18,2024-01-18,2024-01-18,0.069,1.0,not_applicable_no_share_change,SH510300~2024-01-18,https://finance.sina.com.cn/realstock/company/sh510300/hfq.js,89f22a60aa203d32e35309c5d747325d1c7521a821126ab82e8b7daba257e97c
SH510300,2025-06-18,2025-06-18,2025-06-18,0.0879999999999999,1.0,not_applicable_no_share_change,SH510300~2025-06-18,https://finance.sina.com.cn/realstock/company/sh510300/hfq.js,89f22a60aa203d32e35309c5d747325d1c7521a821126ab82e8b7daba257e97c
SH510300,2026-01-19,2026-01-19,2026-01-19,0.123,1.0,not_applicable_no_share_change,SH510300~2026-01-19,https://finance.sina.com.cn/realstock/company/sh510300/hfq.js,89f22a60aa203d32e35309c5d747325d1c7521a821126ab82e8b7daba257e97c
SH510310,2024-09-23,2024-09-23,2024-09-23,0.0,0.49977589,unknown_not_provided_by_sina_hfq,SH510310~2024-09-23,https://finance.sina.com.cn/realstock/company/sh510310/hfq.js,54ca114663f46a916f1c1e58b32dacc36e8f6c508bc385db5037a50b7c6e16ae
SH510310,2024-10-21,2024-10-21,2024-10-21,0.160872106095394,1.0,not_applicable_no_share_change,SH510310~2024-10-21,https://finance.sina.com.cn/realstock/company/sh510310/hfq.js,54ca114663f46a916f1c1e58b32dacc36e8f6c508bc385db5037a50b7c6e16ae
SH510310,2025-04-30,2025-04-30,2025-04-30,0.0380170399976677,1.0,not_applicable_no_share_change,SH510310~2025-04-30,https://finance.sina.com.cn/realstock/company/sh510310/hfq.js,54ca114663f46a916f1c1e58b32dacc36e8f6c508bc385db5037a50b7c6e16ae
SH510310,2025-08-01,2025-08-01,2025-08-01,0.082036770521283,1.0,not_applicable_no_share_change,SH510310~2025-08-01,https://finance.sina.com.cn/realstock/company/sh510310/hfq.js,54ca114663f46a916f1c1e58b32dacc36e8f6c508bc385db5037a50b7c6e16ae
SH510310,2025-09-19,2025-09-19,2025-09-19,0.0440197305236152,1.0,not_applicable_no_share_change,SH510310~2025-09-19,https://finance.sina.com.cn/realstock/company/sh510310/hfq.js,54ca114663f46a916f1c1e58b32dacc36e8f6c508bc385db5037a50b7c6e16ae
SH510310,2025-11-21,2025-11-21,2025-11-21,0.0480215242075803,1.0,not_applicable_no_share_change,SH510310~2025-11-21,https://finance.sina.com.cn/realstock/company/sh510310/hfq.js,54ca114663f46a916f1c1e58b32dacc36e8f6c508bc385db5037a50b7c6e16ae
SH510310,2026-01-20,2026-01-20,2026-01-20,0.1500672631486885,1.0,not_applicable_no_share_change,SH510310~2026-01-20,https://finance.sina.com.cn/realstock/company/sh510310/hfq.js,54ca114663f46a916f1c1e58b32dacc36e8f6c508bc385db5037a50b7c6e16ae
SH510330,2013-09-06,2013-09-06,2013-09-06,0.02,1.0,not_applicable_no_share_change,SH510330~2013-09-06,https://finance.sina.com.cn/realstock/company/sh510330/hfq.js,1902813b4a96c4971c4837887c2cdcd8237320481fee6a6b77b760d3fe07fb2e
SH510330,2014-02-14,2014-02-14,2014-02-14,0.02,1.0,not_applicable_no_share_change,SH510330~2014-02-14,https://finance.sina.com.cn/realstock/company/sh510330/hfq.js,1902813b4a96c4971c4837887c2cdcd8237320481fee6a6b77b760d3fe07fb2e
SH510330,2014-07-11,2014-07-11,2014-07-11,0.0199999999999999,1.0,not_applicable_no_share_change,SH510330~2014-07-11,https://finance.sina.com.cn/realstock/company/sh510330/hfq.js,1902813b4a96c4971c4837887c2cdcd8237320481fee6a6b77b760d3fe07fb2e
SH510330,2014-11-28,2014-11-28,2014-11-28,0.02,1.0,not_applicable_no_share_change,SH510330~2014-11-28,https://finance.sina.com.cn/realstock/company/sh510330/hfq.js,1902813b4a96c4971c4837887c2cdcd8237320481fee6a6b77b760d3fe07fb2e
SH510330,2018-11-08,2018-11-08,2018-11-08,0.1633,1.0,not_applicable_no_share_change,SH510330~2018-11-08,https://finance.sina.com.cn/realstock/company/sh510330/hfq.js,1902813b4a96c4971c4837887c2cdcd8237320481fee6a6b77b760d3fe07fb2e
SH510330,2018-12-11,2018-12-11,2018-12-11,0.16,1.0,not_applicable_no_share_change,SH510330~2018-12-11,https://finance.sina.com.cn/realstock/company/sh510330/hfq.js,1902813b4a96c4971c4837887c2cdcd8237320481fee6a6b77b760d3fe07fb2e
SH510330,2020-01-14,2020-01-14,2020-01-14,0.071,1.0,not_applicable_no_share_change,SH510330~2020-01-14,https://finance.sina.com.cn/realstock/company/sh510330/hfq.js,1902813b4a96c4971c4837887c2cdcd8237320481fee6a6b77b760d3fe07fb2e
SH510330,2021-01-25,2021-01-25,2021-01-25,0.096,1.0,not_applicable_no_share_change,SH510330~2021-01-25,https://finance.sina.com.cn/realstock/company/sh510330/hfq.js,1902813b4a96c4971c4837887c2cdcd8237320481fee6a6b77b760d3fe07fb2e
SH510330,2022-01-17,2022-01-17,2022-01-17,0.0789999999999999,1.0,not_applicable_no_share_change,SH510330~2022-01-17,https://finance.sina.com.cn/realstock/company/sh510330/hfq.js,1902813b4a96c4971c4837887c2cdcd8237320481fee6a6b77b760d3fe07fb2e
SH510330,2023-01-16,2023-01-16,2023-01-16,0.065,1.0,not_applicable_no_share_change,SH510330~2023-01-16,https://finance.sina.com.cn/realstock/company/sh510330/hfq.js,1902813b4a96c4971c4837887c2cdcd8237320481fee6a6b77b760d3fe07fb2e
SH510330,2025-01-13,2025-01-13,2025-01-13,0.0659999999999999,1.0,not_applicable_no_share_change,SH510330~2025-01-13,https://finance.sina.com.cn/realstock/company/sh510330/hfq.js,1902813b4a96c4971c4837887c2cdcd8237320481fee6a6b77b760d3fe07fb2e
SH510330,2025-07-14,2025-07-14,2025-07-14,0.06,1.0,not_applicable_no_share_change,SH510330~2025-07-14,https://finance.sina.com.cn/realstock/company/sh510330/hfq.js,1902813b4a96c4971c4837887c2cdcd8237320481fee6a6b77b760d3fe07fb2e
SH510350,2024-06-20,2024-06-20,2024-06-20,0.1901,1.0,not_applicable_no_share_change,SH510350~2024-06-20,https://finance.sina.com.cn/realstock/company/sh510350/hfq.js,e08ba59bdba9f48c70b081bcb3d0813ebdd7877ac78cf64ef081b04c51182f6e
SH510350,2024-09-27,2024-09-27,2024-09-27,0.1455,1.0,not_applicable_no_share_change,SH510350~2024-09-27,https://finance.sina.com.cn/realstock/company/sh510350/hfq.js,e08ba59bdba9f48c70b081bcb3d0813ebdd7877ac78cf64ef081b04c51182f6e
SH510390,2020-12-21,2020-12-21,2020-12-21,0.273,1.0,not_applicable_no_share_change,SH510390~2020-12-21,https://finance.sina.com.cn/realstock/company/sh510390/hfq.js,cacb35b7db865e66495a895aa33bf07f3afa3777e8583dc9a2b2af69e99fa281
SH510390,2021-11-26,2021-11-26,2021-11-26,0.255,1.0,not_applicable_no_share_change,SH510390~2021-11-26,https://finance.sina.com.cn/realstock/company/sh510390/hfq.js,cacb35b7db865e66495a895aa33bf07f3afa3777e8583dc9a2b2af69e99fa281
SH510500,2015-04-15,2015-04-15,2015-04-15,0.0,0.28032483,unknown_not_provided_by_sina_hfq,SH510500~2015-04-15,https://finance.sina.com.cn/realstock/company/sh510500/hfq.js,bffd149d6a70cace671c2347b3523a37c48f6f254c34dadcc81d1976c27b8afe
SH510500,2022-08-26,2022-08-26,2022-08-26,0.0,1.14539,unknown_not_provided_by_sina_hfq,SH510500~2022-08-26,https://finance.sina.com.cn/realstock/company/sh510500/hfq.js,bffd149d6a70cace671c2347b3523a37c48f6f254c34dadcc81d1976c27b8afe
SH510500,2024-05-17,2024-05-17,2024-05-17,0.2709594474736613,1.0,not_applicable_no_share_change,SH510500~2024-05-17,https://finance.sina.com.cn/realstock/company/sh510500/hfq.js,bffd149d6a70cace671c2347b3523a37c48f6f254c34dadcc81d1976c27b8afe
SH510500,2025-01-16,2025-01-16,2025-01-16,0.2834173531046343,1.0,not_applicable_no_share_change,SH510500~2025-01-16,https://finance.sina.com.cn/realstock/company/sh510500/hfq.js,bffd149d6a70cace671c2347b3523a37c48f6f254c34dadcc81d1976c27b8afe
SH510500,2026-01-16,2026-01-16,2026-01-16,0.1930975372800805,1.0,not_applicable_no_share_change,SH510500~2026-01-16,https://finance.sina.com.cn/realstock/company/sh510500/hfq.js,bffd149d6a70cace671c2347b3523a37c48f6f254c34dadcc81d1976c27b8afe
SH510500,2026-07-15,2026-07-15,2026-07-15,0.4640569847537419,1.0,not_applicable_no_share_change,SH510500~2026-07-15,https://finance.sina.com.cn/realstock/company/sh510500/hfq.js,bffd149d6a70cace671c2347b3523a37c48f6f254c34dadcc81d1976c27b8afe
SH510580,2021-07-19,2021-07-19,2021-07-19,0.0,10.0,unknown_not_provided_by_sina_hfq,SH510580~2021-07-19,https://finance.sina.com.cn/realstock/company/sh510580/hfq.js,5f0d8d2523f9ac5b5edb81eb8cfbd7962b52345db0257291c9017336824c06cb
SH510580,2024-09-02,2024-09-02,2024-09-02,0.0,0.24798687,unknown_not_provided_by_sina_hfq,SH510580~2024-09-02,https://finance.sina.com.cn/realstock/company/sh510580/hfq.js,5f0d8d2523f9ac5b5edb81eb8cfbd7962b52345db0257291c9017336824c06cb
SH510590,2021-11-08,2021-11-08,2021-11-08,0.7,1.0,not_applicable_no_share_change,SH510590~2021-11-08,https://finance.sina.com.cn/realstock/company/sh510590/hfq.js,44d747afe626011ede469027b58560a70e3bb6c2b0c2d8ce1297b978e8218270
SH510590,2024-06-24,2024-06-24,2024-06-24,0.1100000000000001,1.0,not_applicable_no_share_change,SH510590~2024-06-24,https://finance.sina.com.cn/realstock/company/sh510590/hfq.js,44d747afe626011ede469027b58560a70e3bb6c2b0c2d8ce1297b978e8218270
SH510630,2021-04-26,2021-04-26,2021-04-26,0.0,4.0,unknown_not_provided_by_sina_hfq,SH510630~2021-04-26,https://finance.sina.com.cn/realstock/company/sh510630/hfq.js,2f7f2432a53316d54183cdb0824f3ff7df69d942e42ca74d0ecf3d056a139b39
SH510720,2024-05-28,2024-05-28,2024-05-28,0.0031,1.0,not_applicable_no_share_change,SH510720~2024-05-28,https://finance.sina.com.cn/realstock/company/sh510720/hfq.js,1f7aa7981c07af0e1b3014926affadbf8d87f9b0ba9b1a6a577d8d4ad2a3ad61
SH510720,2024-06-13,2024-06-13,2024-06-13,0.0040999999999999,1.0,not_applicable_no_share_change,SH510720~2024-06-13,https://finance.sina.com.cn/realstock/company/sh510720/hfq.js,1f7aa7981c07af0e1b3014926affadbf8d87f9b0ba9b1a6a577d8d4ad2a3ad61
SH510720,2024-07-15,2024-07-15,2024-07-15,0.0040999999999999,1.0,not_applicable_no_share_change,SH510720~2024-07-15,https://finance.sina.com.cn/realstock/company/sh510720/hfq.js,1f7aa7981c07af0e1b3014926affadbf8d87f9b0ba9b1a6a577d8d4ad2a3ad61
SH510720,2024-08-13,2024-08-13,2024-08-13,0.0039,1.0,not_applicable_no_share_change,SH510720~2024-08-13,https://finance.sina.com.cn/realstock/company/sh510720/hfq.js,1f7aa7981c07af0e1b3014926affadbf8d87f9b0ba9b1a6a577d8d4ad2a3ad61
SH510720,2024-09-11,2024-09-11,2024-09-11,0.0037999999999999,1.0,not_applicable_no_share_change,SH510720~2024-09-11,https://finance.sina.com.cn/realstock/company/sh510720/hfq.js,1f7aa7981c07af0e1b3014926affadbf8d87f9b0ba9b1a6a577d8d4ad2a3ad61
SH510720,2024-10-15,2024-10-15,2024-10-15,0.004,1.0,not_applicable_no_share_change,SH510720~2024-10-15,https://finance.sina.com.cn/realstock/company/sh510720/hfq.js,1f7aa7981c07af0e1b3014926affadbf8d87f9b0ba9b1a6a577d8d4ad2a3ad61
SH510720,2024-11-13,2024-11-13,2024-11-13,0.0039,1.0,not_applicable_no_share_change,SH510720~2024-11-13,https://finance.sina.com.cn/realstock/company/sh510720/hfq.js,1f7aa7981c07af0e1b3014926affadbf8d87f9b0ba9b1a6a577d8d4ad2a3ad61
SH510720,2024-12-13,2024-12-13,2024-12-13,0.0039,1.0,not_applicable_no_share_change,SH510720~2024-12-13,https://finance.sina.com.cn/realstock/company/sh510720/hfq.js,1f7aa7981c07af0e1b3014926affadbf8d87f9b0ba9b1a6a577d8d4ad2a3ad61
SH510720,2025-01-14,2025-01-14,2025-01-14,0.0034999999999999,1.0,not_applicable_no_share_change,SH510720~2025-01-14,https://finance.sina.com.cn/realstock/company/sh510720/hfq.js,1f7aa7981c07af0e1b3014926affadbf8d87f9b0ba9b1a6a577d8d4ad2a3ad61
SH510720,2025-02-13,2025-02-13,2025-02-13,0.0034,1.0,not_applicable_no_share_change,SH510720~2025-02-13,https://finance.sina.com.cn/realstock/company/sh510720/hfq.js,1f7aa7981c07af0e1b3014926affadbf8d87f9b0ba9b1a6a577d8d4ad2a3ad61
SH510720,2025-03-13,2025-03-13,2025-03-13,0.0033,1.0,not_applicable_no_share_change,SH510720~2025-03-13,https://finance.sina.com.cn/realstock/company/sh510720/hfq.js,1f7aa7981c07af0e1b3014926affadbf8d87f9b0ba9b1a6a577d8d4ad2a3ad61
SH510720,2025-04-15,2025-04-15,2025-04-15,0.0034,1.0,not_applicable_no_share_change,SH510720~2025-04-15,https://finance.sina.com.cn/realstock/company/sh510720/hfq.js,1f7aa7981c07af0e1b3014926affadbf8d87f9b0ba9b1a6a577d8d4ad2a3ad61
SH510720,2025-05-13,2025-05-13,2025-05-13,0.0032999999999999,1.0,not_applicable_no_share_change,SH510720~2025-05-13,https://finance.sina.com.cn/realstock/company/sh510720/hfq.js,1f7aa7981c07af0e1b3014926affadbf8d87f9b0ba9b1a6a577d8d4ad2a3ad61
SH510720,2025-06-13,2025-06-13,2025-06-13,0.0034,1.0,not_applicable_no_share_change,SH510720~2025-06-13,https://finance.sina.com.cn/realstock/company/sh510720/hfq.js,1f7aa7981c07af0e1b3014926affadbf8d87f9b0ba9b1a6a577d8d4ad2a3ad61
SH510720,2025-07-15,2025-07-15,2025-07-15,0.0035,1.0,not_applicable_no_share_change,SH510720~2025-07-15,https://finance.sina.com.cn/realstock/company/sh510720/hfq.js,1f7aa7981c07af0e1b3014926affadbf8d87f9b0ba9b1a6a577d8d4ad2a3ad61
SH510720,2025-08-13,2025-08-13,2025-08-13,0.0034,1.0,not_applicable_no_share_change,SH510720~2025-08-13,https://finance.sina.com.cn/realstock/company/sh510720/hfq.js,1f7aa7981c07af0e1b3014926affadbf8d87f9b0ba9b1a6a577d8d4ad2a3ad61
SH510720,2025-09-15,2025-09-15,2025-09-15,0.0029,1.0,not_applicable_no_share_change,SH510720~2025-09-15,https://finance.sina.com.cn/realstock/company/sh510720/hfq.js,1f7aa7981c07af0e1b3014926affadbf8d87f9b0ba9b1a6a577d8d4ad2a3ad61
SH510720,2025-10-14,2025-10-14,2025-10-14,0.0028999999999999,1.0,not_applicable_no_share_change,SH510720~2025-10-14,https://finance.sina.com.cn/realstock/company/sh510720/hfq.js,1f7aa7981c07af0e1b3014926affadbf8d87f9b0ba9b1a6a577d8d4ad2a3ad61
SH510720,2025-11-13,2025-11-13,2025-11-13,0.003,1.0,not_applicable_no_share_change,SH510720~2025-11-13,https://finance.sina.com.cn/realstock/company/sh510720/hfq.js,1f7aa7981c07af0e1b3014926affadbf8d87f9b0ba9b1a6a577d8d4ad2a3ad61
SH510720,2025-12-15,2025-12-15,2025-12-15,0.003,1.0,not_applicable_no_share_change,SH510720~2025-12-15,https://finance.sina.com.cn/realstock/company/sh510720/hfq.js,1f7aa7981c07af0e1b3014926affadbf8d87f9b0ba9b1a6a577d8d4ad2a3ad61
SH510720,2026-01-13,2026-01-13,2026-01-13,0.0029,1.0,not_applicable_no_share_change,SH510720~2026-01-13,https://finance.sina.com.cn/realstock/company/sh510720/hfq.js,1f7aa7981c07af0e1b3014926affadbf8d87f9b0ba9b1a6a577d8d4ad2a3ad61
SH510720,2026-02-09,2026-02-09,2026-02-09,0.0029,1.0,not_applicable_no_share_change,SH510720~2026-02-09,https://finance.sina.com.cn/realstock/company/sh510720/hfq.js,1f7aa7981c07af0e1b3014926affadbf8d87f9b0ba9b1a6a577d8d4ad2a3ad61
SH510720,2026-03-13,2026-03-13,2026-03-13,0.0031999999999999,1.0,not_applicable_no_share_change,SH510720~2026-03-13,https://finance.sina.com.cn/realstock/company/sh510720/hfq.js,1f7aa7981c07af0e1b3014926affadbf8d87f9b0ba9b1a6a577d8d4ad2a3ad61
SH510720,2026-04-14,2026-04-14,2026-04-14,0.003,1.0,not_applicable_no_share_change,SH510720~2026-04-14,https://finance.sina.com.cn/realstock/company/sh510720/hfq.js,1f7aa7981c07af0e1b3014926affadbf8d87f9b0ba9b1a6a577d8d4ad2a3ad61
SH510720,2026-05-13,2026-05-13,2026-05-13,0.0031,1.0,not_applicable_no_share_change,SH510720~2026-05-13,https://finance.sina.com.cn/realstock/company/sh510720/hfq.js,1f7aa7981c07af0e1b3014926affadbf8d87f9b0ba9b1a6a577d8d4ad2a3ad61
SH510720,2026-06-15,2026-06-15,2026-06-15,0.0031999999999999,1.0,not_applicable_no_share_change,SH510720~2026-06-15,https://finance.sina.com.cn/realstock/company/sh510720/hfq.js,1f7aa7981c07af0e1b3014926affadbf8d87f9b0ba9b1a6a577d8d4ad2a3ad61
SH510720,2026-07-14,2026-07-14,2026-07-14,0.0027999999999999,1.0,not_applicable_no_share_change,SH510720~2026-07-14,https://finance.sina.com.cn/realstock/company/sh510720/hfq.js,1f7aa7981c07af0e1b3014926affadbf8d87f9b0ba9b1a6a577d8d4ad2a3ad61
SH510760,2024-05-27,2024-05-27,2024-05-27,0.046,1.0,not_applicable_no_share_change,SH510760~2024-05-27,https://finance.sina.com.cn/realstock/company/sh510760/hfq.js,d47a7686f11c718c7e3b90a7ebbca4c6ec43289ae9ccce329ba47741f32eedf3
SH510760,2024-08-14,2024-08-14,2024-08-14,0.046,1.0,not_applicable_no_share_change,SH510760~2024-08-14,https://finance.sina.com.cn/realstock/company/sh510760/hfq.js,d47a7686f11c718c7e3b90a7ebbca4c6ec43289ae9ccce329ba47741f32eedf3
SH510760,2024-12-24,2024-12-24,2024-12-24,0.0499999999999999,1.0,not_applicable_no_share_change,SH510760~2024-12-24,https://finance.sina.com.cn/realstock/company/sh510760/hfq.js,d47a7686f11c718c7e3b90a7ebbca4c6ec43289ae9ccce329ba47741f32eedf3
SH510810,2017-08-10,2017-08-10,2017-08-10,0.02,1.0,not_applicable_no_share_change,SH510810~2017-08-10,https://finance.sina.com.cn/realstock/company/sh510810/hfq.js,967a033310910ac4420e697d2a6f8efe3d41e088d10be8fb1a522f28a62fc781
SH510810,2017-10-25,2017-10-25,2017-10-25,0.0099999999999999,1.0,not_applicable_no_share_change,SH510810~2017-10-25,https://finance.sina.com.cn/realstock/company/sh510810/hfq.js,967a033310910ac4420e697d2a6f8efe3d41e088d10be8fb1a522f28a62fc781
SH510810,2023-10-18,2023-10-18,2023-10-18,0.03,1.0,not_applicable_no_share_change,SH510810~2023-10-18,https://finance.sina.com.cn/realstock/company/sh510810/hfq.js,967a033310910ac4420e697d2a6f8efe3d41e088d10be8fb1a522f28a62fc781
SH510810,2024-11-20,2024-11-20,2024-11-20,0.03,1.0,not_applicable_no_share_change,SH510810~2024-11-20,https://finance.sina.com.cn/realstock/company/sh510810/hfq.js,967a033310910ac4420e697d2a6f8efe3d41e088d10be8fb1a522f28a62fc781
SH510810,2025-10-24,2025-10-24,2025-10-24,0.02,1.0,not_applicable_no_share_change,SH510810~2025-10-24,https://finance.sina.com.cn/realstock/company/sh510810/hfq.js,967a033310910ac4420e697d2a6f8efe3d41e088d10be8fb1a522f28a62fc781
SH510880,2009-03-24,2009-03-24,2009-03-24,0.024,1.0,not_applicable_no_share_change,SH510880~2009-03-24,https://finance.sina.com.cn/realstock/company/sh510880/hfq.js,d50a35679f3d9858d74d6bc2771cfc0aa29f218fc4bd8a67f1d732e26f995830
SH510880,2009-10-22,2009-10-22,2009-10-22,0.023,1.0,not_applicable_no_share_change,SH510880~2009-10-22,https://finance.sina.com.cn/realstock/company/sh510880/hfq.js,d50a35679f3d9858d74d6bc2771cfc0aa29f218fc4bd8a67f1d732e26f995830
SH510880,2010-07-15,2010-07-15,2010-07-15,0.02,1.0,not_applicable_no_share_change,SH510880~2010-07-15,https://finance.sina.com.cn/realstock/company/sh510880/hfq.js,d50a35679f3d9858d74d6bc2771cfc0aa29f218fc4bd8a67f1d732e26f995830
SH510880,2010-10-22,2010-10-22,2010-10-22,0.0209999999999999,1.0,not_applicable_no_share_change,SH510880~2010-10-22,https://finance.sina.com.cn/realstock/company/sh510880/hfq.js,d50a35679f3d9858d74d6bc2771cfc0aa29f218fc4bd8a67f1d732e26f995830
SH510880,2011-10-24,2011-10-24,2011-10-24,0.035,1.0,not_applicable_no_share_change,SH510880~2011-10-24,https://finance.sina.com.cn/realstock/company/sh510880/hfq.js,d50a35679f3d9858d74d6bc2771cfc0aa29f218fc4bd8a67f1d732e26f995830
SH510880,2012-12-18,2012-12-18,2012-12-18,0.041,1.0,not_applicable_no_share_change,SH510880~2012-12-18,https://finance.sina.com.cn/realstock/company/sh510880/hfq.js,d50a35679f3d9858d74d6bc2771cfc0aa29f218fc4bd8a67f1d732e26f995830
SH510880,2014-01-21,2014-01-21,2014-01-21,0.059,1.0,not_applicable_no_share_change,SH510880~2014-01-21,https://finance.sina.com.cn/realstock/company/sh510880/hfq.js,d50a35679f3d9858d74d6bc2771cfc0aa29f218fc4bd8a67f1d732e26f995830
SH510880,2015-01-20,2015-01-20,2015-01-20,0.0799999999999999,1.0,not_applicable_no_share_change,SH510880~2015-01-20,https://finance.sina.com.cn/realstock/company/sh510880/hfq.js,d50a35679f3d9858d74d6bc2771cfc0aa29f218fc4bd8a67f1d732e26f995830
SH510880,2016-01-20,2016-01-20,2016-01-20,0.0499999999999999,1.0,not_applicable_no_share_change,SH510880~2016-01-20,https://finance.sina.com.cn/realstock/company/sh510880/hfq.js,d50a35679f3d9858d74d6bc2771cfc0aa29f218fc4bd8a67f1d732e26f995830
SH510880,2017-01-23,2017-01-23,2017-01-23,0.091,1.0,not_applicable_no_share_change,SH510880~2017-01-23,https://finance.sina.com.cn/realstock/company/sh510880/hfq.js,d50a35679f3d9858d74d6bc2771cfc0aa29f218fc4bd8a67f1d732e26f995830
SH510880,2018-01-23,2018-01-23,2018-01-23,0.109,1.0,not_applicable_no_share_change,SH510880~2018-01-23,https://finance.sina.com.cn/realstock/company/sh510880/hfq.js,d50a35679f3d9858d74d6bc2771cfc0aa29f218fc4bd8a67f1d732e26f995830
SH510880,2019-01-16,2019-01-16,2019-01-16,0.0979999999999999,1.0,not_applicable_no_share_change,SH510880~2019-01-16,https://finance.sina.com.cn/realstock/company/sh510880/hfq.js,d50a35679f3d9858d74d6bc2771cfc0aa29f218fc4bd8a67f1d732e26f995830
SH510880,2020-01-17,2020-01-17,2020-01-17,0.144,1.0,not_applicable_no_share_change,SH510880~2020-01-17,https://finance.sina.com.cn/realstock/company/sh510880/hfq.js,d50a35679f3d9858d74d6bc2771cfc0aa29f218fc4bd8a67f1d732e26f995830
SH510880,2021-01-18,2021-01-18,2021-01-18,0.141,1.0,not_applicable_no_share_change,SH510880~2021-01-18,https://finance.sina.com.cn/realstock/company/sh510880/hfq.js,d50a35679f3d9858d74d6bc2771cfc0aa29f218fc4bd8a67f1d732e26f995830
SH510880,2022-01-17,2022-01-17,2022-01-17,0.0859999999999999,1.0,not_applicable_no_share_change,SH510880~2022-01-17,https://finance.sina.com.cn/realstock/company/sh510880/hfq.js,d50a35679f3d9858d74d6bc2771cfc0aa29f218fc4bd8a67f1d732e26f995830
SH510880,2023-01-16,2023-01-16,2023-01-16,0.1379999999999999,1.0,not_applicable_no_share_change,SH510880~2023-01-16,https://finance.sina.com.cn/realstock/company/sh510880/hfq.js,d50a35679f3d9858d74d6bc2771cfc0aa29f218fc4bd8a67f1d732e26f995830
SH510880,2024-01-23,2024-01-23,2024-01-23,0.131,1.0,not_applicable_no_share_change,SH510880~2024-01-23,https://finance.sina.com.cn/realstock/company/sh510880/hfq.js,d50a35679f3d9858d74d6bc2771cfc0aa29f218fc4bd8a67f1d732e26f995830
SH510880,2025-01-21,2025-01-21,2025-01-21,0.1420000000000001,1.0,not_applicable_no_share_change,SH510880~2025-01-21,https://finance.sina.com.cn/realstock/company/sh510880/hfq.js,d50a35679f3d9858d74d6bc2771cfc0aa29f218fc4bd8a67f1d732e26f995830
SH510880,2026-01-21,2026-01-21,2026-01-21,0.143,1.0,not_applicable_no_share_change,SH510880~2026-01-21,https://finance.sina.com.cn/realstock/company/sh510880/hfq.js,d50a35679f3d9858d74d6bc2771cfc0aa29f218fc4bd8a67f1d732e26f995830
SH510950,2026-04-27,2026-04-27,2026-04-27,0.0,1.28769271,unknown_not_provided_by_sina_hfq,SH510950~2026-04-27,https://finance.sina.com.cn/realstock/company/sh510950/hfq.js,cdb4451491f19b9892d48710587dfb81ab4b885c68ba427ec82ead7b501c0a6c
SH512000,2025-08-04,2025-08-04,2025-08-04,0.0,2.0,unknown_not_provided_by_sina_hfq,SH512000~2025-08-04,https://finance.sina.com.cn/realstock/company/sh512000/hfq.js,f72c3e784df2a12924425a2aede0e92dbd5913f3e8547b7793baabeb568df77a
SH512010,2021-06-28,2021-06-28,2021-06-28,0.0,4.0,unknown_not_provided_by_sina_hfq,SH512010~2021-06-28,https://finance.sina.com.cn/realstock/company/sh512010/hfq.js,4d6627cde3725732394bcab74254e2d988b69737fdf50a8a3d4445edb472d625
SH512040,2023-10-11,2023-10-11,2023-10-11,0.0,2.0,unknown_not_provided_by_sina_hfq,SH512040~2023-10-11,https://finance.sina.com.cn/realstock/company/sh512040/hfq.js,cedf86ee581aee73a37bd3201ac95d231a8d75915a4e741e91d8ab9310b13954
SH512040,2023-12-13,2023-12-13,2023-12-13,0.052,1.0,not_applicable_no_share_change,SH512040~2023-12-13,https://finance.sina.com.cn/realstock/company/sh512040/hfq.js,cedf86ee581aee73a37bd3201ac95d231a8d75915a4e741e91d8ab9310b13954
SH512070,2021-09-13,2021-09-13,2021-09-13,0.0,3.000127992,unknown_not_provided_by_sina_hfq,SH512070~2021-09-13,https://finance.sina.com.cn/realstock/company/sh512070/hfq.js,cfeb8846f5cd170df68aa93c3a766f949e503be2350e924dc605db768bccb8df
SH512120,2022-03-28,2022-03-28,2022-03-28,0.0,3.0,unknown_not_provided_by_sina_hfq,SH512120~2022-03-28,https://finance.sina.com.cn/realstock/company/sh512120/hfq.js,dbc92f4e31f37a7cc508a41ecc8d1b439bda85f6312a3b311663c9b0d291f99d
SH512160,2023-01-17,2023-01-17,2023-01-17,0.29,1.0,not_applicable_no_share_change,SH512160~2023-01-17,https://finance.sina.com.cn/realstock/company/sh512160/hfq.js,60c5aeb9e45edffe6cad0a7f3d4c23ae80bf1d5405265c34221e96a8cd983bb7
SH512170,2021-02-25,2021-02-25,2021-02-25,0.0,3.0,unknown_not_provided_by_sina_hfq,SH512170~2021-02-25,https://finance.sina.com.cn/realstock/company/sh512170/hfq.js,2ac7d59875914d2b5c27dcc9769d197cac464310f8c241823df159795d37b494
SH512200,2024-08-12,2024-08-12,2024-08-12,0.0,0.3580626,unknown_not_provided_by_sina_hfq,SH512200~2024-08-12,https://finance.sina.com.cn/realstock/company/sh512200/hfq.js,33936447e2091df8d2cf6e161ea41f6f6ce66cfdd80576fde0f927a606bdeb38
SH512250,2025-10-23,2025-10-23,2025-10-23,0.0141,1.0,not_applicable_no_share_change,SH512250~2025-10-23,https://finance.sina.com.cn/realstock/company/sh512250/hfq.js,f5a3bafa363e23516feab6d6ce4db088bffcf48eae94e348439a4bf95aca3fa5
SH512250,2026-01-19,2026-01-19,2026-01-19,0.0088,1.0,not_applicable_no_share_change,SH512250~2026-01-19,https://finance.sina.com.cn/realstock/company/sh512250/hfq.js,f5a3bafa363e23516feab6d6ce4db088bffcf48eae94e348439a4bf95aca3fa5
SH512250,2026-04-16,2026-04-16,2026-04-16,0.0064999999999999,1.0,not_applicable_no_share_change,SH512250~2026-04-16,https://finance.sina.com.cn/realstock/company/sh512250/hfq.js,f5a3bafa363e23516feab6d6ce4db088bffcf48eae94e348439a4bf95aca3fa5
SH512250,2026-07-15,2026-07-15,2026-07-15,0.0236,1.0,not_applicable_no_share_change,SH512250~2026-07-15,https://finance.sina.com.cn/realstock/company/sh512250/hfq.js,f5a3bafa363e23516feab6d6ce4db088bffcf48eae94e348439a4bf95aca3fa5
SH512390,2021-12-20,2021-12-20,2021-12-20,0.147,1.0,not_applicable_no_share_change,SH512390~2021-12-20,https://finance.sina.com.cn/realstock/company/sh512390/hfq.js,09cdf1cc82c7bb1256b63b57ebbf68c83b118a6f6bec4dba6e6d5579e90d5bec
SH512390,2024-06-24,2024-06-24,2024-06-24,0.1818,1.0,not_applicable_no_share_change,SH512390~2024-06-24,https://finance.sina.com.cn/realstock/company/sh512390/hfq.js,09cdf1cc82c7bb1256b63b57ebbf68c83b118a6f6bec4dba6e6d5579e90d5bec
SH512400,2024-09-18,2024-09-18,2024-09-18,0.01,1.0,not_applicable_no_share_change,SH512400~2024-09-18,https://finance.sina.com.cn/realstock/company/sh512400/hfq.js,6fd0155f833092db3eb1250a06df8e22490b5221d108d26419ef55687a1d0732
SH512400,2025-09-15,2025-09-15,2025-09-15,0.015,1.0,not_applicable_no_share_change,SH512400~2025-09-15,https://finance.sina.com.cn/realstock/company/sh512400/hfq.js,6fd0155f833092db3eb1250a06df8e22490b5221d108d26419ef55687a1d0732
SH512480,2021-03-29,2021-03-29,2021-03-29,0.0,2.0,unknown_not_provided_by_sina_hfq,SH512480~2021-03-29,https://finance.sina.com.cn/realstock/company/sh512480/hfq.js,2ed3203d27279d1dbe249bf07c347e9558ce26a86e82d8d1a491f0d080a72cab
SH512480,2026-07-03,2026-07-03,2026-07-03,0.0,2.0,unknown_not_provided_by_sina_hfq,SH512480~2026-07-03,https://finance.sina.com.cn/realstock/company/sh512480/hfq.js,2ed3203d27279d1dbe249bf07c347e9558ce26a86e82d8d1a491f0d080a72cab
SH512510,2017-01-23,2017-01-23,2017-01-23,0.024,1.0,not_applicable_no_share_change,SH512510~2017-01-23,https://finance.sina.com.cn/realstock/company/sh512510/hfq.js,c755a75876597e44e1ab7bd1791a19b1f026ea1259437c02dd99c2c3fc5bcf25
SH512520,2022-03-22,2022-03-22,2022-03-22,0.33,1.0,not_applicable_no_share_change,SH512520~2022-03-22,https://finance.sina.com.cn/realstock/company/sh512520/hfq.js,4537160078971e9673880b8f7e5e177e48b22a67dbd2cf8aa9f15acb997a8cc6
SH512560,2021-11-15,2021-11-15,2021-11-15,0.0,2.0,unknown_not_provided_by_sina_hfq,SH512560~2021-11-15,https://finance.sina.com.cn/realstock/company/sh512560/hfq.js,6cebefab1e6f88ec5f64da5fa0300f4a5b944a4f78f96e619f64c97ed6a3e5d3
SH512600,2021-08-16,2021-08-16,2021-08-16,0.0,5.0,unknown_not_provided_by_sina_hfq,SH512600~2021-08-16,https://finance.sina.com.cn/realstock/company/sh512600/hfq.js,52b133f39959b87b5b2bd7c87fb5b9e5b7387969b0a5d038b8a621b8a04c9ac9
SH512670,2021-08-23,2021-08-23,2021-08-23,0.0,2.0,unknown_not_provided_by_sina_hfq,SH512670~2021-08-23,https://finance.sina.com.cn/realstock/company/sh512670/hfq.js,86fe5c0640cf9aa7f7813ae62b5212563d76a44370bd13835533ff204bc82321
SH512690,2021-05-17,2021-05-17,2021-05-17,0.0,2.0,unknown_not_provided_by_sina_hfq,SH512690~2021-05-17,https://finance.sina.com.cn/realstock/company/sh512690/hfq.js,c9256d380ac37bb4090f9f81336078462a3088d0b1213f73c1220192bb99d4c8
SH512690,2021-12-31,2021-12-31,2021-12-31,0.175,1.0,not_applicable_no_share_change,SH512690~2021-12-31,https://finance.sina.com.cn/realstock/company/sh512690/hfq.js,c9256d380ac37bb4090f9f81336078462a3088d0b1213f73c1220192bb99d4c8
SH512700,2020-03-25,2020-03-25,2020-03-25,0.1,1.0,not_applicable_no_share_change,SH512700~2020-03-25,https://finance.sina.com.cn/realstock/company/sh512700/hfq.js,bc2816bbea541207c18fe810e2392a8ecd95942206664c5a5c6c7123f3d15572
SH512700,2024-08-13,2024-08-13,2024-08-13,0.067,1.0,not_applicable_no_share_change,SH512700~2024-08-13,https://finance.sina.com.cn/realstock/company/sh512700/hfq.js,bc2816bbea541207c18fe810e2392a8ecd95942206664c5a5c6c7123f3d15572
SH512700,2025-12-08,2025-12-08,2025-12-08,0.0519999999999999,1.0,not_applicable_no_share_change,SH512700~2025-12-08,https://finance.sina.com.cn/realstock/company/sh512700/hfq.js,bc2816bbea541207c18fe810e2392a8ecd95942206664c5a5c6c7123f3d15572
SH512700,2026-03-09,2026-03-09,2026-03-09,0.047,1.0,not_applicable_no_share_change,SH512700~2026-03-09,https://finance.sina.com.cn/realstock/company/sh512700/hfq.js,bc2816bbea541207c18fe810e2392a8ecd95942206664c5a5c6c7123f3d15572
SH512700,2026-05-27,2026-05-27,2026-05-27,0.0439999999999999,1.0,not_applicable_no_share_change,SH512700~2026-05-27,https://finance.sina.com.cn/realstock/company/sh512700/hfq.js,bc2816bbea541207c18fe810e2392a8ecd95942206664c5a5c6c7123f3d15572
SH512710,2021-03-22,2021-03-22,2021-03-22,0.0,2.000134789,unknown_not_provided_by_sina_hfq,SH512710~2021-03-22,https://finance.sina.com.cn/realstock/company/sh512710/hfq.js,dad552c17894cf31c5b4336c696750b63c13f2320585e3970530dfc1cb70311d
SH512720,2023-09-25,2023-09-25,2023-09-25,0.048,1.0,not_applicable_no_share_change,SH512720~2023-09-25,https://finance.sina.com.cn/realstock/company/sh512720/hfq.js,a921b5f5b4fe79a32720e29627a51280ecf6b61b6eb06991fb78246a2afd4b9f
SH512720,2023-12-25,2023-12-25,2023-12-25,0.048,1.0,not_applicable_no_share_change,SH512720~2023-12-25,https://finance.sina.com.cn/realstock/company/sh512720/hfq.js,a921b5f5b4fe79a32720e29627a51280ecf6b61b6eb06991fb78246a2afd4b9f
SH512760,2020-09-10,2020-09-10,2020-09-10,0.0,2.0,unknown_not_provided_by_sina_hfq,SH512760~2020-09-10,https://finance.sina.com.cn/realstock/company/sh512760/hfq.js,e5d81c66de3c9c2f9a7b50ae9e2636ad8c4cbefaa296500f70fdd82b47e0307e
SH512760,2026-03-27,2026-03-27,2026-03-27,0.0,2.0,unknown_not_provided_by_sina_hfq,SH512760~2026-03-27,https://finance.sina.com.cn/realstock/company/sh512760/hfq.js,e5d81c66de3c9c2f9a7b50ae9e2636ad8c4cbefaa296500f70fdd82b47e0307e
SH512800,2025-07-07,2025-07-07,2025-07-07,0.0,2.0,unknown_not_provided_by_sina_hfq,SH512800~2025-07-07,https://finance.sina.com.cn/realstock/company/sh512800/hfq.js,5fa00b375dcffcd6638f123597494f4791f277179590738ce217a139bf9e1e29
SH512810,2025-06-23,2025-06-23,2025-06-23,0.0,2.0,unknown_not_provided_by_sina_hfq,SH512810~2025-06-23,https://finance.sina.com.cn/realstock/company/sh512810/hfq.js,b925305f52bc0d013e29a341f0d3e71dd35505a910d51a23d402fcb5726277ff
SH512820,2024-10-21,2024-10-21,2024-10-21,0.066,1.0,not_applicable_no_share_change,SH512820~2024-10-21,https://finance.sina.com.cn/realstock/company/sh512820/hfq.js,a3b1045a8cdff6199bdbe29b140ecdba776c6d801b961582afb0cff72e27c1ae
SH512820,2024-11-22,2024-11-22,2024-11-22,0.066,1.0,not_applicable_no_share_change,SH512820~2024-11-22,https://finance.sina.com.cn/realstock/company/sh512820/hfq.js,a3b1045a8cdff6199bdbe29b140ecdba776c6d801b961582afb0cff72e27c1ae
SH512820,2024-12-25,2024-12-25,2024-12-25,0.064,1.0,not_applicable_no_share_change,SH512820~2024-12-25,https://finance.sina.com.cn/realstock/company/sh512820/hfq.js,a3b1045a8cdff6199bdbe29b140ecdba776c6d801b961582afb0cff72e27c1ae
SH512890,2021-10-25,2021-10-25,2021-10-25,0.0,2.0,unknown_not_provided_by_sina_hfq,SH512890~2021-10-25,https://finance.sina.com.cn/realstock/company/sh512890/hfq.js,a0db3bbc79807293d9831bde7cb0762e4093ef830cbd1b0794c95d6302e9f5d7
SH512910,2023-11-06,2023-11-06,2023-11-06,0.0492,1.0,not_applicable_no_share_change,SH512910~2023-11-06,https://finance.sina.com.cn/realstock/company/sh512910/hfq.js,990debf062bff92a238eb00f2685d902216437cf5bfbaca10eae8077d262ae02
SH512910,2023-12-04,2023-12-04,2023-12-04,0.0478,1.0,not_applicable_no_share_change,SH512910~2023-12-04,https://finance.sina.com.cn/realstock/company/sh512910/hfq.js,990debf062bff92a238eb00f2685d902216437cf5bfbaca10eae8077d262ae02
SH512910,2023-12-20,2023-12-20,2023-12-20,0.0428,1.0,not_applicable_no_share_change,SH512910~2023-12-20,https://finance.sina.com.cn/realstock/company/sh512910/hfq.js,990debf062bff92a238eb00f2685d902216437cf5bfbaca10eae8077d262ae02
SH512960,2023-03-29,2023-03-29,2023-03-29,0.0388,1.0,not_applicable_no_share_change,SH512960~2023-03-29,https://finance.sina.com.cn/realstock/company/sh512960/hfq.js,077d92c29db242f844244e451011779f47ec8f0a005baf35c4db74b6287ffa3a
SH513600,2024-09-18,2024-09-18,2024-09-18,0.021,1.0,not_applicable_no_share_change,SH513600~2024-09-18,https://finance.sina.com.cn/realstock/company/sh513600/hfq.js,b95ef543b6df07a1649b9d4bd392168dd247bb7b7261c3bad43b98063294f0a5
SH513600,2024-10-21,2024-10-21,2024-10-21,0.0239999999999999,1.0,not_applicable_no_share_change,SH513600~2024-10-21,https://finance.sina.com.cn/realstock/company/sh513600/hfq.js,b95ef543b6df07a1649b9d4bd392168dd247bb7b7261c3bad43b98063294f0a5
SH513630,2025-12-30,2025-12-30,2025-12-30,0.002,1.0,not_applicable_no_share_change,SH513630~2025-12-30,https://finance.sina.com.cn/realstock/company/sh513630/hfq.js,17822e3ad19dd4133a9fb1c39e6551288ca4101354b71e0fc5ecd8f16c8b4278
SH513630,2026-01-27,2026-01-27,2026-01-27,0.002,1.0,not_applicable_no_share_change,SH513630~2026-01-27,https://finance.sina.com.cn/realstock/company/sh513630/hfq.js,17822e3ad19dd4133a9fb1c39e6551288ca4101354b71e0fc5ecd8f16c8b4278
SH513630,2026-02-24,2026-02-24,2026-02-24,0.002,1.0,not_applicable_no_share_change,SH513630~2026-02-24,https://finance.sina.com.cn/realstock/company/sh513630/hfq.js,17822e3ad19dd4133a9fb1c39e6551288ca4101354b71e0fc5ecd8f16c8b4278
SH513630,2026-03-26,2026-03-26,2026-03-26,0.002,1.0,not_applicable_no_share_change,SH513630~2026-03-26,https://finance.sina.com.cn/realstock/company/sh513630/hfq.js,17822e3ad19dd4133a9fb1c39e6551288ca4101354b71e0fc5ecd8f16c8b4278
SH513630,2026-04-27,2026-04-27,2026-04-27,0.002,1.0,not_applicable_no_share_change,SH513630~2026-04-27,https://finance.sina.com.cn/realstock/company/sh513630/hfq.js,17822e3ad19dd4133a9fb1c39e6551288ca4101354b71e0fc5ecd8f16c8b4278
SH513630,2026-05-21,2026-05-21,2026-05-21,0.002,1.0,not_applicable_no_share_change,SH513630~2026-05-21,https://finance.sina.com.cn/realstock/company/sh513630/hfq.js,17822e3ad19dd4133a9fb1c39e6551288ca4101354b71e0fc5ecd8f16c8b4278
SH513630,2026-06-23,2026-06-23,2026-06-23,0.002,1.0,not_applicable_no_share_change,SH513630~2026-06-23,https://finance.sina.com.cn/realstock/company/sh513630/hfq.js,17822e3ad19dd4133a9fb1c39e6551288ca4101354b71e0fc5ecd8f16c8b4278
SH513630,2026-07-24,2026-07-24,2026-07-24,0.002,1.0,not_applicable_no_share_change,SH513630~2026-07-24,https://finance.sina.com.cn/realstock/company/sh513630/hfq.js,17822e3ad19dd4133a9fb1c39e6551288ca4101354b71e0fc5ecd8f16c8b4278
SH513660,2026-04-21,2026-04-21,2026-04-21,0.0,2.0,unknown_not_provided_by_sina_hfq,SH513660~2026-04-21,https://finance.sina.com.cn/realstock/company/sh513660/hfq.js,1a90f3ec283544408637aa34f272065c386ce97f005e5ea061201287b1342b60
SH513690,2022-06-21,2022-06-21,2022-06-21,0.01,1.0,not_applicable_no_share_change,SH513690~2022-06-21,https://finance.sina.com.cn/realstock/company/sh513690/hfq.js,4774f479d803fd91078dc7986ddb80d49d6ac94f5070e469ab09ba9814a6a5d8
SH513690,2023-12-22,2023-12-22,2023-12-22,0.007,1.0,not_applicable_no_share_change,SH513690~2023-12-22,https://finance.sina.com.cn/realstock/company/sh513690/hfq.js,4774f479d803fd91078dc7986ddb80d49d6ac94f5070e469ab09ba9814a6a5d8
SH513690,2024-12-17,2024-12-17,2024-12-17,0.0084999999999999,1.0,not_applicable_no_share_change,SH513690~2024-12-17,https://finance.sina.com.cn/realstock/company/sh513690/hfq.js,4774f479d803fd91078dc7986ddb80d49d6ac94f5070e469ab09ba9814a6a5d8
SH513690,2025-12-17,2025-12-17,2025-12-17,0.0113,1.0,not_applicable_no_share_change,SH513690~2025-12-17,https://finance.sina.com.cn/realstock/company/sh513690/hfq.js,4774f479d803fd91078dc7986ddb80d49d6ac94f5070e469ab09ba9814a6a5d8
SH513770,2025-09-01,2025-09-01,2025-09-01,0.0,2.0,unknown_not_provided_by_sina_hfq,SH513770~2025-09-01,https://finance.sina.com.cn/realstock/company/sh513770/hfq.js,534c547a9de6b9a4cf46d0880ec7f7d84b62e6215df7844ce694f519c61ebccf
SH513820,2024-07-24,2024-07-24,2024-07-24,0.005,1.0,not_applicable_no_share_change,SH513820~2024-07-24,https://finance.sina.com.cn/realstock/company/sh513820/hfq.js,4a558af3e1a350115b1e737793e6f65cbebd4ec2db5dc64f996b3ce715f8e46e
SH513820,2024-08-27,2024-08-27,2024-08-27,0.0039999999999999,1.0,not_applicable_no_share_change,SH513820~2024-08-27,https://finance.sina.com.cn/realstock/company/sh513820/hfq.js,4a558af3e1a350115b1e737793e6f65cbebd4ec2db5dc64f996b3ce715f8e46e
SH513820,2024-09-25,2024-09-25,2024-09-25,0.004,1.0,not_applicable_no_share_change,SH513820~2024-09-25,https://finance.sina.com.cn/realstock/company/sh513820/hfq.js,4a558af3e1a350115b1e737793e6f65cbebd4ec2db5dc64f996b3ce715f8e46e
SH513820,2024-10-25,2024-10-25,2024-10-25,0.004,1.0,not_applicable_no_share_change,SH513820~2024-10-25,https://finance.sina.com.cn/realstock/company/sh513820/hfq.js,4a558af3e1a350115b1e737793e6f65cbebd4ec2db5dc64f996b3ce715f8e46e
SH513820,2024-11-26,2024-11-26,2024-11-26,0.004,1.0,not_applicable_no_share_change,SH513820~2024-11-26,https://finance.sina.com.cn/realstock/company/sh513820/hfq.js,4a558af3e1a350115b1e737793e6f65cbebd4ec2db5dc64f996b3ce715f8e46e
SH513820,2024-12-25,2024-12-25,2024-12-25,0.004,1.0,not_applicable_no_share_change,SH513820~2024-12-25,https://finance.sina.com.cn/realstock/company/sh513820/hfq.js,4a558af3e1a350115b1e737793e6f65cbebd4ec2db5dc64f996b3ce715f8e46e
SH513820,2025-01-22,2025-01-22,2025-01-22,0.0009999999999999,1.0,not_applicable_no_share_change,SH513820~2025-01-22,https://finance.sina.com.cn/realstock/company/sh513820/hfq.js,4a558af3e1a350115b1e737793e6f65cbebd4ec2db5dc64f996b3ce715f8e46e
SH513820,2025-02-25,2025-02-25,2025-02-25,0.001,1.0,not_applicable_no_share_change,SH513820~2025-02-25,https://finance.sina.com.cn/realstock/company/sh513820/hfq.js,4a558af3e1a350115b1e737793e6f65cbebd4ec2db5dc64f996b3ce715f8e46e
SH513820,2025-03-26,2025-03-26,2025-03-26,0.001,1.0,not_applicable_no_share_change,SH513820~2025-03-26,https://finance.sina.com.cn/realstock/company/sh513820/hfq.js,4a558af3e1a350115b1e737793e6f65cbebd4ec2db5dc64f996b3ce715f8e46e
SH513820,2025-04-25,2025-04-25,2025-04-25,0.001,1.0,not_applicable_no_share_change,SH513820~2025-04-25,https://finance.sina.com.cn/realstock/company/sh513820/hfq.js,4a558af3e1a350115b1e737793e6f65cbebd4ec2db5dc64f996b3ce715f8e46e
SH513820,2025-05-27,2025-05-27,2025-05-27,0.0009999999999999,1.0,not_applicable_no_share_change,SH513820~2025-05-27,https://finance.sina.com.cn/realstock/company/sh513820/hfq.js,4a558af3e1a350115b1e737793e6f65cbebd4ec2db5dc64f996b3ce715f8e46e
SH513820,2025-06-25,2025-06-25,2025-06-25,0.0059999999999999,1.0,not_applicable_no_share_change,SH513820~2025-06-25,https://finance.sina.com.cn/realstock/company/sh513820/hfq.js,4a558af3e1a350115b1e737793e6f65cbebd4ec2db5dc64f996b3ce715f8e46e
SH513820,2025-07-28,2025-07-28,2025-07-28,0.006,1.0,not_applicable_no_share_change,SH513820~2025-07-28,https://finance.sina.com.cn/realstock/company/sh513820/hfq.js,4a558af3e1a350115b1e737793e6f65cbebd4ec2db5dc64f996b3ce715f8e46e
SH513820,2025-08-26,2025-08-26,2025-08-26,0.0059999999999999,1.0,not_applicable_no_share_change,SH513820~2025-08-26,https://finance.sina.com.cn/realstock/company/sh513820/hfq.js,4a558af3e1a350115b1e737793e6f65cbebd4ec2db5dc64f996b3ce715f8e46e
SH513820,2025-09-24,2025-09-24,2025-09-24,0.0059999999999999,1.0,not_applicable_no_share_change,SH513820~2025-09-24,https://finance.sina.com.cn/realstock/company/sh513820/hfq.js,4a558af3e1a350115b1e737793e6f65cbebd4ec2db5dc64f996b3ce715f8e46e
SH513820,2025-10-28,2025-10-28,2025-10-28,0.0059999999999999,1.0,not_applicable_no_share_change,SH513820~2025-10-28,https://finance.sina.com.cn/realstock/company/sh513820/hfq.js,4a558af3e1a350115b1e737793e6f65cbebd4ec2db5dc64f996b3ce715f8e46e
SH513820,2025-11-25,2025-11-25,2025-11-25,0.006,1.0,not_applicable_no_share_change,SH513820~2025-11-25,https://finance.sina.com.cn/realstock/company/sh513820/hfq.js,4a558af3e1a350115b1e737793e6f65cbebd4ec2db5dc64f996b3ce715f8e46e
SH513820,2025-12-26,2025-12-26,2025-12-26,0.0059999999999999,1.0,not_applicable_no_share_change,SH513820~2025-12-26,https://finance.sina.com.cn/realstock/company/sh513820/hfq.js,4a558af3e1a350115b1e737793e6f65cbebd4ec2db5dc64f996b3ce715f8e46e
SH513820,2026-01-27,2026-01-27,2026-01-27,0.003,1.0,not_applicable_no_share_change,SH513820~2026-01-27,https://finance.sina.com.cn/realstock/company/sh513820/hfq.js,4a558af3e1a350115b1e737793e6f65cbebd4ec2db5dc64f996b3ce715f8e46e
SH513820,2026-02-24,2026-02-24,2026-02-24,0.002,1.0,not_applicable_no_share_change,SH513820~2026-02-24,https://finance.sina.com.cn/realstock/company/sh513820/hfq.js,4a558af3e1a350115b1e737793e6f65cbebd4ec2db5dc64f996b3ce715f8e46e
SH513820,2026-03-25,2026-03-25,2026-03-25,0.001,1.0,not_applicable_no_share_change,SH513820~2026-03-25,https://finance.sina.com.cn/realstock/company/sh513820/hfq.js,4a558af3e1a350115b1e737793e6f65cbebd4ec2db5dc64f996b3ce715f8e46e
SH513820,2026-04-27,2026-04-27,2026-04-27,0.0002999999999999,1.0,not_applicable_no_share_change,SH513820~2026-04-27,https://finance.sina.com.cn/realstock/company/sh513820/hfq.js,4a558af3e1a350115b1e737793e6f65cbebd4ec2db5dc64f996b3ce715f8e46e
SH513820,2026-05-26,2026-05-26,2026-05-26,0.001,1.0,not_applicable_no_share_change,SH513820~2026-05-26,https://finance.sina.com.cn/realstock/company/sh513820/hfq.js,4a558af3e1a350115b1e737793e6f65cbebd4ec2db5dc64f996b3ce715f8e46e
SH513820,2026-06-24,2026-06-24,2026-06-24,0.003,1.0,not_applicable_no_share_change,SH513820~2026-06-24,https://finance.sina.com.cn/realstock/company/sh513820/hfq.js,4a558af3e1a350115b1e737793e6f65cbebd4ec2db5dc64f996b3ce715f8e46e
SH513820,2026-07-28,2026-07-28,2026-07-28,0.004,1.0,not_applicable_no_share_change,SH513820~2026-07-28,https://finance.sina.com.cn/realstock/company/sh513820/hfq.js,4a558af3e1a350115b1e737793e6f65cbebd4ec2db5dc64f996b3ce715f8e46e
SH513920,2025-01-17,2025-01-17,2025-01-17,0.017,1.0,not_applicable_no_share_change,SH513920~2025-01-17,https://finance.sina.com.cn/realstock/company/sh513920/hfq.js,34ba80dfb9ef0a288a86d1735c2d9a5a9c86f4a4ab0ee7a6b8cebf8f15e2963a
SH513920,2025-04-17,2025-04-17,2025-04-17,0.017,1.0,not_applicable_no_share_change,SH513920~2025-04-17,https://finance.sina.com.cn/realstock/company/sh513920/hfq.js,34ba80dfb9ef0a288a86d1735c2d9a5a9c86f4a4ab0ee7a6b8cebf8f15e2963a
SH513920,2025-07-15,2025-07-15,2025-07-15,0.0189999999999999,1.0,not_applicable_no_share_change,SH513920~2025-07-15,https://finance.sina.com.cn/realstock/company/sh513920/hfq.js,34ba80dfb9ef0a288a86d1735c2d9a5a9c86f4a4ab0ee7a6b8cebf8f15e2963a
SH513920,2025-10-23,2025-10-23,2025-10-23,0.0199999999999999,1.0,not_applicable_no_share_change,SH513920~2025-10-23,https://finance.sina.com.cn/realstock/company/sh513920/hfq.js,34ba80dfb9ef0a288a86d1735c2d9a5a9c86f4a4ab0ee7a6b8cebf8f15e2963a
SH513920,2026-01-16,2026-01-16,2026-01-16,0.008,1.0,not_applicable_no_share_change,SH513920~2026-01-16,https://finance.sina.com.cn/realstock/company/sh513920/hfq.js,34ba80dfb9ef0a288a86d1735c2d9a5a9c86f4a4ab0ee7a6b8cebf8f15e2963a
SH513920,2026-07-15,2026-07-15,2026-07-15,0.0109999999999999,1.0,not_applicable_no_share_change,SH513920~2026-07-15,https://finance.sina.com.cn/realstock/company/sh513920/hfq.js,34ba80dfb9ef0a288a86d1735c2d9a5a9c86f4a4ab0ee7a6b8cebf8f15e2963a
SH515000,2025-09-08,2025-09-08,2025-09-08,0.0,2.0,unknown_not_provided_by_sina_hfq,SH515000~2025-09-08,https://finance.sina.com.cn/realstock/company/sh515000/hfq.js,5482c5ed3768c619cb0e50741b01a9d28c20641b0d0a7abe8d84ed11a4ccc193
SH515050,2026-05-13,2026-05-13,2026-05-13,0.0,3.0,unknown_not_provided_by_sina_hfq,SH515050~2026-05-13,https://finance.sina.com.cn/realstock/company/sh515050/hfq.js,3d44821b7f5a105d37d9f900e8cc35c5ad4e35df96f385de10bfcdfc09af65e2
SH515070,2026-07-06,2026-07-06,2026-07-06,0.0,2.0,unknown_not_provided_by_sina_hfq,SH515070~2026-07-06,https://finance.sina.com.cn/realstock/company/sh515070/hfq.js,e55f3e0369fb6e6eb1062c6ac35a6abb71b332d5ee8853f8c29b686d0e5c8b2f
SH515080,2020-11-30,2020-11-30,2020-11-30,0.06,1.0,not_applicable_no_share_change,SH515080~2020-11-30,https://finance.sina.com.cn/realstock/company/sh515080/hfq.js,8b54e9cb668914f08e664c76dd311688ee9c631f297a3fefbdb27b57972ae1d4
SH515080,2021-06-18,2021-06-18,2021-06-18,0.03,1.0,not_applicable_no_share_change,SH515080~2021-06-18,https://finance.sina.com.cn/realstock/company/sh515080/hfq.js,8b54e9cb668914f08e664c76dd311688ee9c631f297a3fefbdb27b57972ae1d4
SH515080,2021-12-09,2021-12-09,2021-12-09,0.03,1.0,not_applicable_no_share_change,SH515080~2021-12-09,https://finance.sina.com.cn/realstock/company/sh515080/hfq.js,8b54e9cb668914f08e664c76dd311688ee9c631f297a3fefbdb27b57972ae1d4
SH515080,2022-06-27,2022-06-27,2022-06-27,0.03,1.0,not_applicable_no_share_change,SH515080~2022-06-27,https://finance.sina.com.cn/realstock/company/sh515080/hfq.js,8b54e9cb668914f08e664c76dd311688ee9c631f297a3fefbdb27b57972ae1d4
SH515080,2022-11-29,2022-11-29,2022-11-29,0.03,1.0,not_applicable_no_share_change,SH515080~2022-11-29,https://finance.sina.com.cn/realstock/company/sh515080/hfq.js,8b54e9cb668914f08e664c76dd311688ee9c631f297a3fefbdb27b57972ae1d4
SH515080,2023-06-16,2023-06-16,2023-06-16,0.035,1.0,not_applicable_no_share_change,SH515080~2023-06-16,https://finance.sina.com.cn/realstock/company/sh515080/hfq.js,8b54e9cb668914f08e664c76dd311688ee9c631f297a3fefbdb27b57972ae1d4
SH515080,2023-12-01,2023-12-01,2023-12-01,0.035,1.0,not_applicable_no_share_change,SH515080~2023-12-01,https://finance.sina.com.cn/realstock/company/sh515080/hfq.js,8b54e9cb668914f08e664c76dd311688ee9c631f297a3fefbdb27b57972ae1d4
SH515080,2024-03-28,2024-03-28,2024-03-28,0.015,1.0,not_applicable_no_share_change,SH515080~2024-03-28,https://finance.sina.com.cn/realstock/company/sh515080/hfq.js,8b54e9cb668914f08e664c76dd311688ee9c631f297a3fefbdb27b57972ae1d4
SH515080,2024-07-01,2024-07-01,2024-07-01,0.0199999999999999,1.0,not_applicable_no_share_change,SH515080~2024-07-01,https://finance.sina.com.cn/realstock/company/sh515080/hfq.js,8b54e9cb668914f08e664c76dd311688ee9c631f297a3fefbdb27b57972ae1d4
SH515080,2024-09-20,2024-09-20,2024-09-20,0.015,1.0,not_applicable_no_share_change,SH515080~2024-09-20,https://finance.sina.com.cn/realstock/company/sh515080/hfq.js,8b54e9cb668914f08e664c76dd311688ee9c631f297a3fefbdb27b57972ae1d4
SH515080,2024-12-02,2024-12-02,2024-12-02,0.02,1.0,not_applicable_no_share_change,SH515080~2024-12-02,https://finance.sina.com.cn/realstock/company/sh515080/hfq.js,8b54e9cb668914f08e664c76dd311688ee9c631f297a3fefbdb27b57972ae1d4
SH515080,2025-03-19,2025-03-19,2025-03-19,0.015,1.0,not_applicable_no_share_change,SH515080~2025-03-19,https://finance.sina.com.cn/realstock/company/sh515080/hfq.js,8b54e9cb668914f08e664c76dd311688ee9c631f297a3fefbdb27b57972ae1d4
SH515080,2025-06-17,2025-06-17,2025-06-17,0.0149999999999999,1.0,not_applicable_no_share_change,SH515080~2025-06-17,https://finance.sina.com.cn/realstock/company/sh515080/hfq.js,8b54e9cb668914f08e664c76dd311688ee9c631f297a3fefbdb27b57972ae1d4
SH515080,2025-09-17,2025-09-17,2025-09-17,0.015,1.0,not_applicable_no_share_change,SH515080~2025-09-17,https://finance.sina.com.cn/realstock/company/sh515080/hfq.js,8b54e9cb668914f08e664c76dd311688ee9c631f297a3fefbdb27b57972ae1d4
SH515080,2025-12-18,2025-12-18,2025-12-18,0.02,1.0,not_applicable_no_share_change,SH515080~2025-12-18,https://finance.sina.com.cn/realstock/company/sh515080/hfq.js,8b54e9cb668914f08e664c76dd311688ee9c631f297a3fefbdb27b57972ae1d4
SH515080,2026-03-18,2026-03-18,2026-03-18,0.015,1.0,not_applicable_no_share_change,SH515080~2026-03-18,https://finance.sina.com.cn/realstock/company/sh515080/hfq.js,8b54e9cb668914f08e664c76dd311688ee9c631f297a3fefbdb27b57972ae1d4
SH515080,2026-06-18,2026-06-18,2026-06-18,0.0199999999999999,1.0,not_applicable_no_share_change,SH515080~2026-06-18,https://finance.sina.com.cn/realstock/company/sh515080/hfq.js,8b54e9cb668914f08e664c76dd311688ee9c631f297a3fefbdb27b57972ae1d4
SH515100,2023-12-21,2023-12-21,2023-12-21,0.437,1.0,not_applicable_no_share_change,SH515100~2023-12-21,https://finance.sina.com.cn/realstock/company/sh515100/hfq.js,1ebde6b24c30f45c531f7006f0010591a6e459668f104ccf4a7bf7e1d1e6067b
SH515100,2025-12-23,2025-12-23,2025-12-23,0.1053,1.0,not_applicable_no_share_change,SH515100~2025-12-23,https://finance.sina.com.cn/realstock/company/sh515100/hfq.js,1ebde6b24c30f45c531f7006f0010591a6e459668f104ccf4a7bf7e1d1e6067b
SH515180,2020-10-26,2020-10-26,2020-10-26,0.051,1.0,not_applicable_no_share_change,SH515180~2020-10-26,https://finance.sina.com.cn/realstock/company/sh515180/hfq.js,3bd7352496bd08e398ba9936926a4685b947bc2d2b3ac2f4b149bff1264e8191
SH515180,2021-10-21,2021-10-21,2021-10-21,0.051,1.0,not_applicable_no_share_change,SH515180~2021-10-21,https://finance.sina.com.cn/realstock/company/sh515180/hfq.js,3bd7352496bd08e398ba9936926a4685b947bc2d2b3ac2f4b149bff1264e8191
SH515180,2022-10-25,2022-10-25,2022-10-25,0.044,1.0,not_applicable_no_share_change,SH515180~2022-10-25,https://finance.sina.com.cn/realstock/company/sh515180/hfq.js,3bd7352496bd08e398ba9936926a4685b947bc2d2b3ac2f4b149bff1264e8191
SH515180,2023-10-24,2023-10-24,2023-10-24,0.062,1.0,not_applicable_no_share_change,SH515180~2023-10-24,https://finance.sina.com.cn/realstock/company/sh515180/hfq.js,3bd7352496bd08e398ba9936926a4685b947bc2d2b3ac2f4b149bff1264e8191
SH515180,2024-10-18,2024-10-18,2024-10-18,0.063,1.0,not_applicable_no_share_change,SH515180~2024-10-18,https://finance.sina.com.cn/realstock/company/sh515180/hfq.js,3bd7352496bd08e398ba9936926a4685b947bc2d2b3ac2f4b149bff1264e8191
SH515180,2025-10-21,2025-10-21,2025-10-21,0.061,1.0,not_applicable_no_share_change,SH515180~2025-10-21,https://finance.sina.com.cn/realstock/company/sh515180/hfq.js,3bd7352496bd08e398ba9936926a4685b947bc2d2b3ac2f4b149bff1264e8191
SH515210,2021-12-27,2021-12-27,2021-12-27,0.06,1.0,not_applicable_no_share_change,SH515210~2021-12-27,https://finance.sina.com.cn/realstock/company/sh515210/hfq.js,c0c5ed0b7290ea207f4cdca140e91262dfacd9134b47c39661d6a5e447113924
SH515210,2022-12-27,2022-12-27,2022-12-27,0.02,1.0,not_applicable_no_share_change,SH515210~2022-12-27,https://finance.sina.com.cn/realstock/company/sh515210/hfq.js,c0c5ed0b7290ea207f4cdca140e91262dfacd9134b47c39661d6a5e447113924
SH515210,2023-12-28,2023-12-28,2023-12-28,0.0249999999999999,1.0,not_applicable_no_share_change,SH515210~2023-12-28,https://finance.sina.com.cn/realstock/company/sh515210/hfq.js,c0c5ed0b7290ea207f4cdca140e91262dfacd9134b47c39661d6a5e447113924
SH515210,2024-12-24,2024-12-24,2024-12-24,0.06,1.0,not_applicable_no_share_change,SH515210~2024-12-24,https://finance.sina.com.cn/realstock/company/sh515210/hfq.js,c0c5ed0b7290ea207f4cdca140e91262dfacd9134b47c39661d6a5e447113924
SH515210,2025-12-24,2025-12-24,2025-12-24,0.06,1.0,not_applicable_no_share_change,SH515210~2025-12-24,https://finance.sina.com.cn/realstock/company/sh515210/hfq.js,c0c5ed0b7290ea207f4cdca140e91262dfacd9134b47c39661d6a5e447113924
SH515220,2021-12-27,2021-12-27,2021-12-27,0.08,1.0,not_applicable_no_share_change,SH515220~2021-12-27,https://finance.sina.com.cn/realstock/company/sh515220/hfq.js,bd2e987d2e1da5fdd1020a83e71838b7dc75ad6d814d9805ddd34740cf1eca5c
SH515220,2022-12-27,2022-12-27,2022-12-27,0.0399999999999999,1.0,not_applicable_no_share_change,SH515220~2022-12-27,https://finance.sina.com.cn/realstock/company/sh515220/hfq.js,bd2e987d2e1da5fdd1020a83e71838b7dc75ad6d814d9805ddd34740cf1eca5c
SH515220,2023-12-28,2023-12-28,2023-12-28,0.05,1.0,not_applicable_no_share_change,SH515220~2023-12-28,https://finance.sina.com.cn/realstock/company/sh515220/hfq.js,bd2e987d2e1da5fdd1020a83e71838b7dc75ad6d814d9805ddd34740cf1eca5c
SH515220,2024-04-12,2024-04-12,2024-04-12,0.0,2.0,unknown_not_provided_by_sina_hfq,SH515220~2024-04-12,https://finance.sina.com.cn/realstock/company/sh515220/hfq.js,bd2e987d2e1da5fdd1020a83e71838b7dc75ad6d814d9805ddd34740cf1eca5c
SH515220,2024-12-24,2024-12-24,2024-12-24,0.0224999999999999,1.0,not_applicable_no_share_change,SH515220~2024-12-24,https://finance.sina.com.cn/realstock/company/sh515220/hfq.js,bd2e987d2e1da5fdd1020a83e71838b7dc75ad6d814d9805ddd34740cf1eca5c
SH515220,2025-12-24,2025-12-24,2025-12-24,0.02,1.0,not_applicable_no_share_change,SH515220~2025-12-24,https://finance.sina.com.cn/realstock/company/sh515220/hfq.js,bd2e987d2e1da5fdd1020a83e71838b7dc75ad6d814d9805ddd34740cf1eca5c
SH515260,2025-09-15,2025-09-15,2025-09-15,0.0,2.0,unknown_not_provided_by_sina_hfq,SH515260~2025-09-15,https://finance.sina.com.cn/realstock/company/sh515260/hfq.js,ace1b641f9570d945bcc8023ee59501ff839be520100316ddfd780e73f92470e
SH515300,2023-12-19,2023-12-19,2023-12-19,0.0661,1.0,not_applicable_no_share_change,SH515300~2023-12-19,https://finance.sina.com.cn/realstock/company/sh515300/hfq.js,d4e5ddbef966c5088e4bf0d616bab5b1cd8f74d7b25aeba1242f3067c2d3d4bd
SH515300,2024-06-21,2024-06-21,2024-06-21,0.0714,1.0,not_applicable_no_share_change,SH515300~2024-06-21,https://finance.sina.com.cn/realstock/company/sh515300/hfq.js,d4e5ddbef966c5088e4bf0d616bab5b1cd8f74d7b25aeba1242f3067c2d3d4bd
SH515300,2024-09-20,2024-09-20,2024-09-20,0.0653999999999999,1.0,not_applicable_no_share_change,SH515300~2024-09-20,https://finance.sina.com.cn/realstock/company/sh515300/hfq.js,d4e5ddbef966c5088e4bf0d616bab5b1cd8f74d7b25aeba1242f3067c2d3d4bd
SH515300,2024-12-03,2024-12-03,2024-12-03,0.0633999999999999,1.0,not_applicable_no_share_change,SH515300~2024-12-03,https://finance.sina.com.cn/realstock/company/sh515300/hfq.js,d4e5ddbef966c5088e4bf0d616bab5b1cd8f74d7b25aeba1242f3067c2d3d4bd
SH515300,2025-06-17,2025-06-17,2025-06-17,0.0237,1.0,not_applicable_no_share_change,SH515300~2025-06-17,https://finance.sina.com.cn/realstock/company/sh515300/hfq.js,d4e5ddbef966c5088e4bf0d616bab5b1cd8f74d7b25aeba1242f3067c2d3d4bd
SH515300,2025-09-18,2025-09-18,2025-09-18,0.0233,1.0,not_applicable_no_share_change,SH515300~2025-09-18,https://finance.sina.com.cn/realstock/company/sh515300/hfq.js,d4e5ddbef966c5088e4bf0d616bab5b1cd8f74d7b25aeba1242f3067c2d3d4bd
SH515300,2025-12-15,2025-12-15,2025-12-15,0.0227999999999999,1.0,not_applicable_no_share_change,SH515300~2025-12-15,https://finance.sina.com.cn/realstock/company/sh515300/hfq.js,d4e5ddbef966c5088e4bf0d616bab5b1cd8f74d7b25aeba1242f3067c2d3d4bd
SH515450,2021-11-15,2021-11-15,2021-11-15,0.06,1.0,not_applicable_no_share_change,SH515450~2021-11-15,https://finance.sina.com.cn/realstock/company/sh515450/hfq.js,ff61c2b4ca121bdf663ff92a082a5cb41261ccdf755c7bda5b5e5f94a379b9e8
SH515450,2022-12-12,2022-12-12,2022-12-12,0.05,1.0,not_applicable_no_share_change,SH515450~2022-12-12,https://finance.sina.com.cn/realstock/company/sh515450/hfq.js,ff61c2b4ca121bdf663ff92a082a5cb41261ccdf755c7bda5b5e5f94a379b9e8
SH515450,2023-12-18,2023-12-18,2023-12-18,0.14,1.0,not_applicable_no_share_change,SH515450~2023-12-18,https://finance.sina.com.cn/realstock/company/sh515450/hfq.js,ff61c2b4ca121bdf663ff92a082a5cb41261ccdf755c7bda5b5e5f94a379b9e8
SH515450,2024-07-22,2024-07-22,2024-07-22,0.0499999999999999,1.0,not_applicable_no_share_change,SH515450~2024-07-22,https://finance.sina.com.cn/realstock/company/sh515450/hfq.js,ff61c2b4ca121bdf663ff92a082a5cb41261ccdf755c7bda5b5e5f94a379b9e8
SH515450,2024-12-17,2024-12-17,2024-12-17,0.0549999999999999,1.0,not_applicable_no_share_change,SH515450~2024-12-17,https://finance.sina.com.cn/realstock/company/sh515450/hfq.js,ff61c2b4ca121bdf663ff92a082a5cb41261ccdf755c7bda5b5e5f94a379b9e8
SH515450,2025-07-15,2025-07-15,2025-07-15,0.045,1.0,not_applicable_no_share_change,SH515450~2025-07-15,https://finance.sina.com.cn/realstock/company/sh515450/hfq.js,ff61c2b4ca121bdf663ff92a082a5cb41261ccdf755c7bda5b5e5f94a379b9e8
SH515450,2025-12-15,2025-12-15,2025-12-15,0.0299999999999999,1.0,not_applicable_no_share_change,SH515450~2025-12-15,https://finance.sina.com.cn/realstock/company/sh515450/hfq.js,ff61c2b4ca121bdf663ff92a082a5cb41261ccdf755c7bda5b5e5f94a379b9e8
SH515450,2026-07-15,2026-07-15,2026-07-15,0.01,1.0,not_applicable_no_share_change,SH515450~2026-07-15,https://finance.sina.com.cn/realstock/company/sh515450/hfq.js,ff61c2b4ca121bdf663ff92a082a5cb41261ccdf755c7bda5b5e5f94a379b9e8
SH515580,2021-11-01,2021-11-01,2021-11-01,0.0,2.0,unknown_not_provided_by_sina_hfq,SH515580~2021-11-01,https://finance.sina.com.cn/realstock/company/sh515580/hfq.js,f78703f58f37c5ccc1117639585f5aa0a26247b0844034a870d42e43b8b3d55a
SH515800,2023-09-21,2023-09-21,2023-09-21,0.112,1.0,not_applicable_no_share_change,SH515800~2023-09-21,https://finance.sina.com.cn/realstock/company/sh515800/hfq.js,918348cc9eb4916990cd06683c72f05814186c63bba220c78cdbeaca334803cb
SH515880,2026-02-03,2026-02-03,2026-02-03,0.0,3.0,unknown_not_provided_by_sina_hfq,SH515880~2026-02-03,https://finance.sina.com.cn/realstock/company/sh515880/hfq.js,6087578a7b5522c21ad9f94013a7bb148b1cd48ba76f390f14ea7ab82eb85b27
SH515880,2026-07-06,2026-07-06,2026-07-06,0.0,2.0,unknown_not_provided_by_sina_hfq,SH515880~2026-07-06,https://finance.sina.com.cn/realstock/company/sh515880/hfq.js,6087578a7b5522c21ad9f94013a7bb148b1cd48ba76f390f14ea7ab82eb85b27
SH515890,2022-06-21,2022-06-21,2022-06-21,0.06,1.0,not_applicable_no_share_change,SH515890~2022-06-21,https://finance.sina.com.cn/realstock/company/sh515890/hfq.js,9827a8c12deb4ce38944886da532678e533b8d8881a67cae139d3c901dd5d101
SH515890,2022-10-10,2022-10-10,2022-10-10,0.04,1.0,not_applicable_no_share_change,SH515890~2022-10-10,https://finance.sina.com.cn/realstock/company/sh515890/hfq.js,9827a8c12deb4ce38944886da532678e533b8d8881a67cae139d3c901dd5d101
SH515890,2022-12-20,2022-12-20,2022-12-20,0.06,1.0,not_applicable_no_share_change,SH515890~2022-12-20,https://finance.sina.com.cn/realstock/company/sh515890/hfq.js,9827a8c12deb4ce38944886da532678e533b8d8881a67cae139d3c901dd5d101
SH515890,2023-07-21,2023-07-21,2023-07-21,0.0358,1.0,not_applicable_no_share_change,SH515890~2023-07-21,https://finance.sina.com.cn/realstock/company/sh515890/hfq.js,9827a8c12deb4ce38944886da532678e533b8d8881a67cae139d3c901dd5d101
SH515890,2023-12-22,2023-12-22,2023-12-22,0.0254,1.0,not_applicable_no_share_change,SH515890~2023-12-22,https://finance.sina.com.cn/realstock/company/sh515890/hfq.js,9827a8c12deb4ce38944886da532678e533b8d8881a67cae139d3c901dd5d101
SH515890,2024-09-19,2024-09-19,2024-09-19,0.0499999999999999,1.0,not_applicable_no_share_change,SH515890~2024-09-19,https://finance.sina.com.cn/realstock/company/sh515890/hfq.js,9827a8c12deb4ce38944886da532678e533b8d8881a67cae139d3c901dd5d101
SH515890,2025-12-23,2025-12-23,2025-12-23,0.0611999999999999,1.0,not_applicable_no_share_change,SH515890~2025-12-23,https://finance.sina.com.cn/realstock/company/sh515890/hfq.js,9827a8c12deb4ce38944886da532678e533b8d8881a67cae139d3c901dd5d101
SH515950,2023-11-22,2023-11-22,2023-11-22,0.127,1.0,not_applicable_no_share_change,SH515950~2023-11-22,https://finance.sina.com.cn/realstock/company/sh515950/hfq.js,df4605928c0a8ead0001a78e97b7e039a097c217fe3453f6e2bf01d6f8736aa2
SH515980,2025-09-30,2025-09-30,2025-09-30,0.0,2.0,unknown_not_provided_by_sina_hfq,SH515980~2025-09-30,https://finance.sina.com.cn/realstock/company/sh515980/hfq.js,2348e7262405ce2251b62d51f3997936e1a50094ec9d52a84e0b35ff1cf67692
SH516070,2021-11-22,2021-11-22,2021-11-22,0.0,2.0,unknown_not_provided_by_sina_hfq,SH516070~2021-11-22,https://finance.sina.com.cn/realstock/company/sh516070/hfq.js,ed1d4ff4db06d4e5c7c780f33b29b403f1349d2ba65353a5a4a5a822ff3b4d57
SH516090,2021-11-29,2021-11-29,2021-11-29,0.0,2.0,unknown_not_provided_by_sina_hfq,SH516090~2021-11-29,https://finance.sina.com.cn/realstock/company/sh516090/hfq.js,b7f98ef66055cf9c94bd780d9c1be28f9c4fa3e6ddb26ddf0f091aae05862089
SH516160,2024-09-18,2024-09-18,2024-09-18,0.0,0.30912005,unknown_not_provided_by_sina_hfq,SH516160~2024-09-18,https://finance.sina.com.cn/realstock/company/sh516160/hfq.js,17dd4457ede8e510f181af4f61cefa2d1e371508be9ca88684a0583dc90b6ad5
SH516300,2024-10-28,2024-10-28,2024-10-28,0.0,0.42167573,unknown_not_provided_by_sina_hfq,SH516300~2024-10-28,https://finance.sina.com.cn/realstock/company/sh516300/hfq.js,56f7afda0d5e3fa4061ef8e5554ccf393db8a0273cfd001bb188603478ae6dca
SH516780,2026-05-25,2026-05-25,2026-05-25,0.0,2.0,unknown_not_provided_by_sina_hfq,SH516780~2026-05-25,https://finance.sina.com.cn/realstock/company/sh516780/hfq.js,d9c76a097e3e3e437169c9265b0a53bbe496024fcb3878d55607f27a8f96f514
SH516800,2025-09-08,2025-09-08,2025-09-08,0.0,2.0,unknown_not_provided_by_sina_hfq,SH516800~2025-09-08,https://finance.sina.com.cn/realstock/company/sh516800/hfq.js,94e05c1f3da1821640e4f11f19417f308536f2cb8aa0835239c83aa76c5c91ba
SH517180,2024-08-13,2024-08-13,2024-08-13,0.076,1.0,not_applicable_no_share_change,SH517180~2024-08-13,https://finance.sina.com.cn/realstock/company/sh517180/hfq.js,f4c92fb1531562d4aa8d61884ca7e022e7ff30d1d3ce7baa726849a865cc65af
SH517180,2025-04-14,2025-04-14,2025-04-14,0.044,1.0,not_applicable_no_share_change,SH517180~2025-04-14,https://finance.sina.com.cn/realstock/company/sh517180/hfq.js,f4c92fb1531562d4aa8d61884ca7e022e7ff30d1d3ce7baa726849a865cc65af
SH517180,2025-10-27,2025-10-27,2025-10-27,0.015,1.0,not_applicable_no_share_change,SH517180~2025-10-27,https://finance.sina.com.cn/realstock/company/sh517180/hfq.js,f4c92fb1531562d4aa8d61884ca7e022e7ff30d1d3ce7baa726849a865cc65af
SH520550,2025-05-15,2025-05-15,2025-05-15,0.002,1.0,not_applicable_no_share_change,SH520550~2025-05-15,https://finance.sina.com.cn/realstock/company/sh520550/hfq.js,186e810a3a38ffa69b72bbc1984a969a469eda2716c7e9e2cdce7ceb1ea1ff40
SH520550,2025-06-17,2025-06-17,2025-06-17,0.004,1.0,not_applicable_no_share_change,SH520550~2025-06-17,https://finance.sina.com.cn/realstock/company/sh520550/hfq.js,186e810a3a38ffa69b72bbc1984a969a469eda2716c7e9e2cdce7ceb1ea1ff40
SH520550,2025-07-15,2025-07-15,2025-07-15,0.004,1.0,not_applicable_no_share_change,SH520550~2025-07-15,https://finance.sina.com.cn/realstock/company/sh520550/hfq.js,186e810a3a38ffa69b72bbc1984a969a469eda2716c7e9e2cdce7ceb1ea1ff40
SH520550,2025-08-15,2025-08-15,2025-08-15,0.004,1.0,not_applicable_no_share_change,SH520550~2025-08-15,https://finance.sina.com.cn/realstock/company/sh520550/hfq.js,186e810a3a38ffa69b72bbc1984a969a469eda2716c7e9e2cdce7ceb1ea1ff40
SH520550,2025-09-15,2025-09-15,2025-09-15,0.0039999999999999,1.0,not_applicable_no_share_change,SH520550~2025-09-15,https://finance.sina.com.cn/realstock/company/sh520550/hfq.js,186e810a3a38ffa69b72bbc1984a969a469eda2716c7e9e2cdce7ceb1ea1ff40
SH520550,2025-10-23,2025-10-23,2025-10-23,0.004,1.0,not_applicable_no_share_change,SH520550~2025-10-23,https://finance.sina.com.cn/realstock/company/sh520550/hfq.js,186e810a3a38ffa69b72bbc1984a969a469eda2716c7e9e2cdce7ceb1ea1ff40
SH520550,2025-11-17,2025-11-17,2025-11-17,0.004,1.0,not_applicable_no_share_change,SH520550~2025-11-17,https://finance.sina.com.cn/realstock/company/sh520550/hfq.js,186e810a3a38ffa69b72bbc1984a969a469eda2716c7e9e2cdce7ceb1ea1ff40
SH520550,2025-12-15,2025-12-15,2025-12-15,0.004,1.0,not_applicable_no_share_change,SH520550~2025-12-15,https://finance.sina.com.cn/realstock/company/sh520550/hfq.js,186e810a3a38ffa69b72bbc1984a969a469eda2716c7e9e2cdce7ceb1ea1ff40
SH520550,2026-01-19,2026-01-19,2026-01-19,0.004,1.0,not_applicable_no_share_change,SH520550~2026-01-19,https://finance.sina.com.cn/realstock/company/sh520550/hfq.js,186e810a3a38ffa69b72bbc1984a969a469eda2716c7e9e2cdce7ceb1ea1ff40
SH520550,2026-02-13,2026-02-13,2026-02-13,0.0039999999999999,1.0,not_applicable_no_share_change,SH520550~2026-02-13,https://finance.sina.com.cn/realstock/company/sh520550/hfq.js,186e810a3a38ffa69b72bbc1984a969a469eda2716c7e9e2cdce7ceb1ea1ff40
SH520550,2026-03-16,2026-03-16,2026-03-16,0.004,1.0,not_applicable_no_share_change,SH520550~2026-03-16,https://finance.sina.com.cn/realstock/company/sh520550/hfq.js,186e810a3a38ffa69b72bbc1984a969a469eda2716c7e9e2cdce7ceb1ea1ff40
SH520550,2026-04-16,2026-04-16,2026-04-16,0.0039999999999999,1.0,not_applicable_no_share_change,SH520550~2026-04-16,https://finance.sina.com.cn/realstock/company/sh520550/hfq.js,186e810a3a38ffa69b72bbc1984a969a469eda2716c7e9e2cdce7ceb1ea1ff40
SH520550,2026-05-20,2026-05-20,2026-05-20,0.004,1.0,not_applicable_no_share_change,SH520550~2026-05-20,https://finance.sina.com.cn/realstock/company/sh520550/hfq.js,186e810a3a38ffa69b72bbc1984a969a469eda2716c7e9e2cdce7ceb1ea1ff40
SH520550,2026-06-15,2026-06-15,2026-06-15,0.0039999999999999,1.0,not_applicable_no_share_change,SH520550~2026-06-15,https://finance.sina.com.cn/realstock/company/sh520550/hfq.js,186e810a3a38ffa69b72bbc1984a969a469eda2716c7e9e2cdce7ceb1ea1ff40
SH520550,2026-07-15,2026-07-15,2026-07-15,0.004,1.0,not_applicable_no_share_change,SH520550~2026-07-15,https://finance.sina.com.cn/realstock/company/sh520550/hfq.js,186e810a3a38ffa69b72bbc1984a969a469eda2716c7e9e2cdce7ceb1ea1ff40
SH520660,2025-01-15,2025-01-15,2025-01-15,0.01,1.0,not_applicable_no_share_change,SH520660~2025-01-15,https://finance.sina.com.cn/realstock/company/sh520660/hfq.js,4411df718225d3ff9aedd204dfc13374a6e512b2a24c5b892c9e70a9a14a2dc9
SH520660,2025-04-14,2025-04-14,2025-04-14,0.0049999999999999,1.0,not_applicable_no_share_change,SH520660~2025-04-14,https://finance.sina.com.cn/realstock/company/sh520660/hfq.js,4411df718225d3ff9aedd204dfc13374a6e512b2a24c5b892c9e70a9a14a2dc9
SH520660,2025-07-14,2025-07-14,2025-07-14,0.01,1.0,not_applicable_no_share_change,SH520660~2025-07-14,https://finance.sina.com.cn/realstock/company/sh520660/hfq.js,4411df718225d3ff9aedd204dfc13374a6e512b2a24c5b892c9e70a9a14a2dc9
SH520660,2025-10-27,2025-10-27,2025-10-27,0.01,1.0,not_applicable_no_share_change,SH520660~2025-10-27,https://finance.sina.com.cn/realstock/company/sh520660/hfq.js,4411df718225d3ff9aedd204dfc13374a6e512b2a24c5b892c9e70a9a14a2dc9
SH520660,2026-01-20,2026-01-20,2026-01-20,0.0099999999999999,1.0,not_applicable_no_share_change,SH520660~2026-01-20,https://finance.sina.com.cn/realstock/company/sh520660/hfq.js,4411df718225d3ff9aedd204dfc13374a6e512b2a24c5b892c9e70a9a14a2dc9
SH520660,2026-04-15,2026-04-15,2026-04-15,0.01,1.0,not_applicable_no_share_change,SH520660~2026-04-15,https://finance.sina.com.cn/realstock/company/sh520660/hfq.js,4411df718225d3ff9aedd204dfc13374a6e512b2a24c5b892c9e70a9a14a2dc9
SH520660,2026-07-15,2026-07-15,2026-07-15,0.01,1.0,not_applicable_no_share_change,SH520660~2026-07-15,https://finance.sina.com.cn/realstock/company/sh520660/hfq.js,4411df718225d3ff9aedd204dfc13374a6e512b2a24c5b892c9e70a9a14a2dc9
SH520810,2026-02-12,2026-02-12,2026-02-12,0.002,1.0,not_applicable_no_share_change,SH520810~2026-02-12,https://finance.sina.com.cn/realstock/company/sh520810/hfq.js,15ec97a644986de315e54c0fb4e07a6f0e2544ff66f615e1e4bd0edb751c5fea
SH520810,2026-03-12,2026-03-12,2026-03-12,0.002,1.0,not_applicable_no_share_change,SH520810~2026-03-12,https://finance.sina.com.cn/realstock/company/sh520810/hfq.js,15ec97a644986de315e54c0fb4e07a6f0e2544ff66f615e1e4bd0edb751c5fea
SH520810,2026-04-14,2026-04-14,2026-04-14,0.001,1.0,not_applicable_no_share_change,SH520810~2026-04-14,https://finance.sina.com.cn/realstock/company/sh520810/hfq.js,15ec97a644986de315e54c0fb4e07a6f0e2544ff66f615e1e4bd0edb751c5fea
SH520810,2026-05-15,2026-05-15,2026-05-15,0.001,1.0,not_applicable_no_share_change,SH520810~2026-05-15,https://finance.sina.com.cn/realstock/company/sh520810/hfq.js,15ec97a644986de315e54c0fb4e07a6f0e2544ff66f615e1e4bd0edb751c5fea
SH520810,2026-06-10,2026-06-10,2026-06-10,0.002,1.0,not_applicable_no_share_change,SH520810~2026-06-10,https://finance.sina.com.cn/realstock/company/sh520810/hfq.js,15ec97a644986de315e54c0fb4e07a6f0e2544ff66f615e1e4bd0edb751c5fea
SH520810,2026-07-10,2026-07-10,2026-07-10,0.0029999999999999,1.0,not_applicable_no_share_change,SH520810~2026-07-10,https://finance.sina.com.cn/realstock/company/sh520810/hfq.js,15ec97a644986de315e54c0fb4e07a6f0e2544ff66f615e1e4bd0edb751c5fea
SH520810,2026-08-12,2026-08-12,2026-08-12,0.005,1.0,not_applicable_no_share_change,SH520810~2026-08-12,https://finance.sina.com.cn/realstock/company/sh520810/hfq.js,15ec97a644986de315e54c0fb4e07a6f0e2544ff66f615e1e4bd0edb751c5fea
SH520880,2025-09-01,2025-09-01,2025-09-01,0.0,2.0,unknown_not_provided_by_sina_hfq,SH520880~2025-09-01,https://finance.sina.com.cn/realstock/company/sh520880/hfq.js,5355ebfbf6757fa853a38280d09d4bb1a3eb461aecc95dc5502717719758d78e
SH520900,2024-12-16,2024-12-16,2024-12-16,0.0086,1.0,not_applicable_no_share_change,SH520900~2024-12-16,https://finance.sina.com.cn/realstock/company/sh520900/hfq.js,7bf4bb3b68b520ba10b209774fdd0d90a017bab0a13aee579c7d21e0a9385619
SH520900,2025-02-18,2025-02-18,2025-02-18,0.0017999999999999,1.0,not_applicable_no_share_change,SH520900~2025-02-18,https://finance.sina.com.cn/realstock/company/sh520900/hfq.js,7bf4bb3b68b520ba10b209774fdd0d90a017bab0a13aee579c7d21e0a9385619
SH520900,2025-05-19,2025-05-19,2025-05-19,0.001,1.0,not_applicable_no_share_change,SH520900~2025-05-19,https://finance.sina.com.cn/realstock/company/sh520900/hfq.js,7bf4bb3b68b520ba10b209774fdd0d90a017bab0a13aee579c7d21e0a9385619
SH520900,2025-08-13,2025-08-13,2025-08-13,0.0031,1.0,not_applicable_no_share_change,SH520900~2025-08-13,https://finance.sina.com.cn/realstock/company/sh520900/hfq.js,7bf4bb3b68b520ba10b209774fdd0d90a017bab0a13aee579c7d21e0a9385619
SH520900,2025-11-17,2025-11-17,2025-11-17,0.0105,1.0,not_applicable_no_share_change,SH520900~2025-11-17,https://finance.sina.com.cn/realstock/company/sh520900/hfq.js,7bf4bb3b68b520ba10b209774fdd0d90a017bab0a13aee579c7d21e0a9385619
SH520900,2026-03-11,2026-03-11,2026-03-11,0.0169,1.0,not_applicable_no_share_change,SH520900~2026-03-11,https://finance.sina.com.cn/realstock/company/sh520900/hfq.js,7bf4bb3b68b520ba10b209774fdd0d90a017bab0a13aee579c7d21e0a9385619
SH520900,2026-05-19,2026-05-19,2026-05-19,0.0056,1.0,not_applicable_no_share_change,SH520900~2026-05-19,https://finance.sina.com.cn/realstock/company/sh520900/hfq.js,7bf4bb3b68b520ba10b209774fdd0d90a017bab0a13aee579c7d21e0a9385619
SH520950,2026-07-14,2026-07-14,2026-07-14,0.0029,1.0,not_applicable_no_share_change,SH520950~2026-07-14,https://finance.sina.com.cn/realstock/company/sh520950/hfq.js,b3be7e5cfcbf005e5858507070716b10c102c88f2d6d7824e37c97f357fe1b70
SH520960,2026-04-16,2026-04-16,2026-04-16,0.0016,1.0,not_applicable_no_share_change,SH520960~2026-04-16,https://finance.sina.com.cn/realstock/company/sh520960/hfq.js,5de1c9c9797d5b7b643398859f7efe2d23ebd9f992625fc1a9238c9a804c3843
SH520960,2026-07-15,2026-07-15,2026-07-15,0.0051,1.0,not_applicable_no_share_change,SH520960~2026-07-15,https://finance.sina.com.cn/realstock/company/sh520960/hfq.js,5de1c9c9797d5b7b643398859f7efe2d23ebd9f992625fc1a9238c9a804c3843
SH520990,2025-06-25,2025-06-25,2025-06-25,0.0329,1.0,not_applicable_no_share_change,SH520990~2025-06-25,https://finance.sina.com.cn/realstock/company/sh520990/hfq.js,be781eabdca170b835d25fc2d08a9864bd1116b0ecd092d5cd865049109b429b
SH520990,2025-12-23,2025-12-23,2025-12-23,0.0246,1.0,not_applicable_no_share_change,SH520990~2025-12-23,https://finance.sina.com.cn/realstock/company/sh520990/hfq.js,be781eabdca170b835d25fc2d08a9864bd1116b0ecd092d5cd865049109b429b
SH520990,2026-06-24,2026-06-24,2026-06-24,0.0071999999999999,1.0,not_applicable_no_share_change,SH520990~2026-06-24,https://finance.sina.com.cn/realstock/company/sh520990/hfq.js,be781eabdca170b835d25fc2d08a9864bd1116b0ecd092d5cd865049109b429b
SH530680,2025-12-23,2025-12-23,2025-12-23,0.018,1.0,not_applicable_no_share_change,SH530680~2025-12-23,https://finance.sina.com.cn/realstock/company/sh530680/hfq.js,ead048aa095cd0c1e3c48e6a9f823197b73fe78820170065db853083dc346dd5
SH530880,2025-01-14,2025-01-14,2025-01-14,0.005,1.0,not_applicable_no_share_change,SH530880~2025-01-14,https://finance.sina.com.cn/realstock/company/sh530880/hfq.js,363e3d5ade7852c3133b18aa85f20b263dfd0ee5528f54be644d288428dac517
SH530880,2025-06-11,2025-06-11,2025-06-11,0.0036,1.0,not_applicable_no_share_change,SH530880~2025-06-11,https://finance.sina.com.cn/realstock/company/sh530880/hfq.js,363e3d5ade7852c3133b18aa85f20b263dfd0ee5528f54be644d288428dac517
SH530880,2025-07-09,2025-07-09,2025-07-09,0.0036,1.0,not_applicable_no_share_change,SH530880~2025-07-09,https://finance.sina.com.cn/realstock/company/sh530880/hfq.js,363e3d5ade7852c3133b18aa85f20b263dfd0ee5528f54be644d288428dac517
SH530880,2025-08-11,2025-08-11,2025-08-11,0.0030999999999999,1.0,not_applicable_no_share_change,SH530880~2025-08-11,https://finance.sina.com.cn/realstock/company/sh530880/hfq.js,363e3d5ade7852c3133b18aa85f20b263dfd0ee5528f54be644d288428dac517
SH530880,2025-09-09,2025-09-09,2025-09-09,0.002,1.0,not_applicable_no_share_change,SH530880~2025-09-09,https://finance.sina.com.cn/realstock/company/sh530880/hfq.js,363e3d5ade7852c3133b18aa85f20b263dfd0ee5528f54be644d288428dac517
SH530880,2025-10-20,2025-10-20,2025-10-20,0.0022,1.0,not_applicable_no_share_change,SH530880~2025-10-20,https://finance.sina.com.cn/realstock/company/sh530880/hfq.js,363e3d5ade7852c3133b18aa85f20b263dfd0ee5528f54be644d288428dac517
SH530880,2025-11-11,2025-11-11,2025-11-11,0.0023,1.0,not_applicable_no_share_change,SH530880~2025-11-11,https://finance.sina.com.cn/realstock/company/sh530880/hfq.js,363e3d5ade7852c3133b18aa85f20b263dfd0ee5528f54be644d288428dac517
SH530880,2025-12-10,2025-12-10,2025-12-10,0.0023,1.0,not_applicable_no_share_change,SH530880~2025-12-10,https://finance.sina.com.cn/realstock/company/sh530880/hfq.js,363e3d5ade7852c3133b18aa85f20b263dfd0ee5528f54be644d288428dac517
SH530880,2026-02-10,2026-02-10,2026-02-10,0.0026,1.0,not_applicable_no_share_change,SH530880~2026-02-10,https://finance.sina.com.cn/realstock/company/sh530880/hfq.js,363e3d5ade7852c3133b18aa85f20b263dfd0ee5528f54be644d288428dac517
SH530880,2026-03-10,2026-03-10,2026-03-10,0.0026999999999999,1.0,not_applicable_no_share_change,SH530880~2026-03-10,https://finance.sina.com.cn/realstock/company/sh530880/hfq.js,363e3d5ade7852c3133b18aa85f20b263dfd0ee5528f54be644d288428dac517
SH530880,2026-04-10,2026-04-10,2026-04-10,0.0026999999999999,1.0,not_applicable_no_share_change,SH530880~2026-04-10,https://finance.sina.com.cn/realstock/company/sh530880/hfq.js,363e3d5ade7852c3133b18aa85f20b263dfd0ee5528f54be644d288428dac517
SH530880,2026-05-14,2026-05-14,2026-05-14,0.0028,1.0,not_applicable_no_share_change,SH530880~2026-05-14,https://finance.sina.com.cn/realstock/company/sh530880/hfq.js,363e3d5ade7852c3133b18aa85f20b263dfd0ee5528f54be644d288428dac517
SH530880,2026-06-09,2026-06-09,2026-06-09,0.0027,1.0,not_applicable_no_share_change,SH530880~2026-06-09,https://finance.sina.com.cn/realstock/company/sh530880/hfq.js,363e3d5ade7852c3133b18aa85f20b263dfd0ee5528f54be644d288428dac517
SH530880,2026-07-09,2026-07-09,2026-07-09,0.0024999999999999,1.0,not_applicable_no_share_change,SH530880~2026-07-09,https://finance.sina.com.cn/realstock/company/sh530880/hfq.js,363e3d5ade7852c3133b18aa85f20b263dfd0ee5528f54be644d288428dac517
SH530880,2026-08-11,2026-08-11,2026-08-11,0.0028,1.0,not_applicable_no_share_change,SH530880~2026-08-11,https://finance.sina.com.cn/realstock/company/sh530880/hfq.js,363e3d5ade7852c3133b18aa85f20b263dfd0ee5528f54be644d288428dac517
SH560010,2022-09-14,2022-09-14,2022-09-14,0.0,0.35295,unknown_not_provided_by_sina_hfq,SH560010~2022-09-14,https://finance.sina.com.cn/realstock/company/sh560010/hfq.js,b6e4d353423865d6236c8bf11d14750bd9bde55024ae107dbf0c9a5b3d2c82e9
SH560020,2024-11-12,2024-11-12,2024-11-12,0.037,1.0,not_applicable_no_share_change,SH560020~2024-11-12,https://finance.sina.com.cn/realstock/company/sh560020/hfq.js,1a0255bbe2613a8ecbcbe85573c973037b0137a81a08e486a7a0fcc5fab52573
SH560020,2025-11-12,2025-11-12,2025-11-12,0.044,1.0,not_applicable_no_share_change,SH560020~2025-11-12,https://finance.sina.com.cn/realstock/company/sh560020/hfq.js,1a0255bbe2613a8ecbcbe85573c973037b0137a81a08e486a7a0fcc5fab52573
SH560070,2023-11-14,2023-11-14,2023-11-14,0.016,1.0,not_applicable_no_share_change,SH560070~2023-11-14,https://finance.sina.com.cn/realstock/company/sh560070/hfq.js,41b74ccdf30ad0da541453168e8a6bf43ca662634fa55b90f5219cb09b78413d
SH560070,2024-11-12,2024-11-12,2024-11-12,0.034,1.0,not_applicable_no_share_change,SH560070~2024-11-12,https://finance.sina.com.cn/realstock/company/sh560070/hfq.js,41b74ccdf30ad0da541453168e8a6bf43ca662634fa55b90f5219cb09b78413d
SH560070,2025-11-12,2025-11-12,2025-11-12,0.0359999999999999,1.0,not_applicable_no_share_change,SH560070~2025-11-12,https://finance.sina.com.cn/realstock/company/sh560070/hfq.js,41b74ccdf30ad0da541453168e8a6bf43ca662634fa55b90f5219cb09b78413d
SH560120,2026-07-13,2026-07-13,2026-07-13,0.0022,1.0,not_applicable_no_share_change,SH560120~2026-07-13,https://finance.sina.com.cn/realstock/company/sh560120/hfq.js,4407ee9ef341b5482304b62c70c95c26595c446cf16134fc267748a2fbc14468
SH560150,2025-04-15,2025-04-15,2025-04-15,0.0061,1.0,not_applicable_no_share_change,SH560150~2025-04-15,https://finance.sina.com.cn/realstock/company/sh560150/hfq.js,bcb6319d7cbde879b0ef7a16bebc7fd55625fe309387a8d1820fb2e8cb525165
SH560150,2025-07-15,2025-07-15,2025-07-15,0.009,1.0,not_applicable_no_share_change,SH560150~2025-07-15,https://finance.sina.com.cn/realstock/company/sh560150/hfq.js,bcb6319d7cbde879b0ef7a16bebc7fd55625fe309387a8d1820fb2e8cb525165
SH560150,2025-10-28,2025-10-28,2025-10-28,0.0209999999999999,1.0,not_applicable_no_share_change,SH560150~2025-10-28,https://finance.sina.com.cn/realstock/company/sh560150/hfq.js,bcb6319d7cbde879b0ef7a16bebc7fd55625fe309387a8d1820fb2e8cb525165
SH560150,2026-01-20,2026-01-20,2026-01-20,0.0071,1.0,not_applicable_no_share_change,SH560150~2026-01-20,https://finance.sina.com.cn/realstock/company/sh560150/hfq.js,bcb6319d7cbde879b0ef7a16bebc7fd55625fe309387a8d1820fb2e8cb525165
SH560150,2026-04-21,2026-04-21,2026-04-21,0.0069999999999999,1.0,not_applicable_no_share_change,SH560150~2026-04-21,https://finance.sina.com.cn/realstock/company/sh560150/hfq.js,bcb6319d7cbde879b0ef7a16bebc7fd55625fe309387a8d1820fb2e8cb525165
SH560150,2026-07-21,2026-07-21,2026-07-21,0.0066999999999999,1.0,not_applicable_no_share_change,SH560150~2026-07-21,https://finance.sina.com.cn/realstock/company/sh560150/hfq.js,bcb6319d7cbde879b0ef7a16bebc7fd55625fe309387a8d1820fb2e8cb525165
SH560220,2025-12-10,2025-12-10,2025-12-10,0.065,1.0,not_applicable_no_share_change,SH560220~2025-12-10,https://finance.sina.com.cn/realstock/company/sh560220/hfq.js,3117866a0cf6c0b6acc28c059ff60ca210e935c46d93bc9066eddc7bafaa81d6
SH560350,2024-07-08,2024-07-08,2024-07-08,0.0094,1.0,not_applicable_no_share_change,SH560350~2024-07-08,https://finance.sina.com.cn/realstock/company/sh560350/hfq.js,7a05b9226a68f97cef471d873dd47f590b1a2e39ca332dfdeec523060ca82688
SH560350,2024-10-16,2024-10-16,2024-10-16,0.0117,1.0,not_applicable_no_share_change,SH560350~2024-10-16,https://finance.sina.com.cn/realstock/company/sh560350/hfq.js,7a05b9226a68f97cef471d873dd47f590b1a2e39ca332dfdeec523060ca82688
SH560350,2025-01-09,2025-01-09,2025-01-09,0.0052,1.0,not_applicable_no_share_change,SH560350~2025-01-09,https://finance.sina.com.cn/realstock/company/sh560350/hfq.js,7a05b9226a68f97cef471d873dd47f590b1a2e39ca332dfdeec523060ca82688
SH560350,2025-07-08,2025-07-08,2025-07-08,0.0113999999999999,1.0,not_applicable_no_share_change,SH560350~2025-07-08,https://finance.sina.com.cn/realstock/company/sh560350/hfq.js,7a05b9226a68f97cef471d873dd47f590b1a2e39ca332dfdeec523060ca82688
SH560350,2025-10-16,2025-10-16,2025-10-16,0.0093,1.0,not_applicable_no_share_change,SH560350~2025-10-16,https://finance.sina.com.cn/realstock/company/sh560350/hfq.js,7a05b9226a68f97cef471d873dd47f590b1a2e39ca332dfdeec523060ca82688
SH560350,2026-01-13,2026-01-13,2026-01-13,0.0058,1.0,not_applicable_no_share_change,SH560350~2026-01-13,https://finance.sina.com.cn/realstock/company/sh560350/hfq.js,7a05b9226a68f97cef471d873dd47f590b1a2e39ca332dfdeec523060ca82688
SH560350,2026-04-14,2026-04-14,2026-04-14,0.0027999999999999,1.0,not_applicable_no_share_change,SH560350~2026-04-14,https://finance.sina.com.cn/realstock/company/sh560350/hfq.js,7a05b9226a68f97cef471d873dd47f590b1a2e39ca332dfdeec523060ca82688
SH560350,2026-07-14,2026-07-14,2026-07-14,0.0110999999999999,1.0,not_applicable_no_share_change,SH560350~2026-07-14,https://finance.sina.com.cn/realstock/company/sh560350/hfq.js,7a05b9226a68f97cef471d873dd47f590b1a2e39ca332dfdeec523060ca82688
SH560370,2026-07-13,2026-07-13,2026-07-13,0.004,1.0,not_applicable_no_share_change,SH560370~2026-07-13,https://finance.sina.com.cn/realstock/company/sh560370/hfq.js,78c5bd8be652b8171f717b4df4c29b3dbb879ef88393649de82fcdd19217a861
SH560510,2025-01-14,2025-01-14,2025-01-14,0.0006,1.0,not_applicable_no_share_change,SH560510~2025-01-14,https://finance.sina.com.cn/realstock/company/sh560510/hfq.js,95e508c11998d41bc7a8c1281382ccb729a558c7e3d2ad8d3aa6f75f19293221
SH560510,2025-04-15,2025-04-15,2025-04-15,0.0008,1.0,not_applicable_no_share_change,SH560510~2025-04-15,https://finance.sina.com.cn/realstock/company/sh560510/hfq.js,95e508c11998d41bc7a8c1281382ccb729a558c7e3d2ad8d3aa6f75f19293221
SH560510,2025-07-15,2025-07-15,2025-07-15,0.0069999999999999,1.0,not_applicable_no_share_change,SH560510~2025-07-15,https://finance.sina.com.cn/realstock/company/sh560510/hfq.js,95e508c11998d41bc7a8c1281382ccb729a558c7e3d2ad8d3aa6f75f19293221
SH560510,2025-10-28,2025-10-28,2025-10-28,0.0124999999999999,1.0,not_applicable_no_share_change,SH560510~2025-10-28,https://finance.sina.com.cn/realstock/company/sh560510/hfq.js,95e508c11998d41bc7a8c1281382ccb729a558c7e3d2ad8d3aa6f75f19293221
SH560510,2026-01-20,2026-01-20,2026-01-20,0.0033,1.0,not_applicable_no_share_change,SH560510~2026-01-20,https://finance.sina.com.cn/realstock/company/sh560510/hfq.js,95e508c11998d41bc7a8c1281382ccb729a558c7e3d2ad8d3aa6f75f19293221
SH560510,2026-04-21,2026-04-21,2026-04-21,0.0031,1.0,not_applicable_no_share_change,SH560510~2026-04-21,https://finance.sina.com.cn/realstock/company/sh560510/hfq.js,95e508c11998d41bc7a8c1281382ccb729a558c7e3d2ad8d3aa6f75f19293221
SH560510,2026-07-21,2026-07-21,2026-07-21,0.0111999999999999,1.0,not_applicable_no_share_change,SH560510~2026-07-21,https://finance.sina.com.cn/realstock/company/sh560510/hfq.js,95e508c11998d41bc7a8c1281382ccb729a558c7e3d2ad8d3aa6f75f19293221
SH560530,2025-01-09,2025-01-09,2025-01-09,0.0018,1.0,not_applicable_no_share_change,SH560530~2025-01-09,https://finance.sina.com.cn/realstock/company/sh560530/hfq.js,9ecee12c860b6c2f462619e0e84e77cfaa53a94a45ea97afabc13007fed5c737
SH560530,2025-04-09,2025-04-09,2025-04-09,0.0009,1.0,not_applicable_no_share_change,SH560530~2025-04-09,https://finance.sina.com.cn/realstock/company/sh560530/hfq.js,9ecee12c860b6c2f462619e0e84e77cfaa53a94a45ea97afabc13007fed5c737
SH560530,2025-07-08,2025-07-08,2025-07-08,0.0081,1.0,not_applicable_no_share_change,SH560530~2025-07-08,https://finance.sina.com.cn/realstock/company/sh560530/hfq.js,9ecee12c860b6c2f462619e0e84e77cfaa53a94a45ea97afabc13007fed5c737
SH560530,2025-10-16,2025-10-16,2025-10-16,0.0076999999999999,1.0,not_applicable_no_share_change,SH560530~2025-10-16,https://finance.sina.com.cn/realstock/company/sh560530/hfq.js,9ecee12c860b6c2f462619e0e84e77cfaa53a94a45ea97afabc13007fed5c737
SH560530,2026-01-13,2026-01-13,2026-01-13,0.0040999999999999,1.0,not_applicable_no_share_change,SH560530~2026-01-13,https://finance.sina.com.cn/realstock/company/sh560530/hfq.js,9ecee12c860b6c2f462619e0e84e77cfaa53a94a45ea97afabc13007fed5c737
SH560530,2026-04-14,2026-04-14,2026-04-14,0.0021,1.0,not_applicable_no_share_change,SH560530~2026-04-14,https://finance.sina.com.cn/realstock/company/sh560530/hfq.js,9ecee12c860b6c2f462619e0e84e77cfaa53a94a45ea97afabc13007fed5c737
SH560530,2026-07-14,2026-07-14,2026-07-14,0.0073999999999999,1.0,not_applicable_no_share_change,SH560530~2026-07-14,https://finance.sina.com.cn/realstock/company/sh560530/hfq.js,9ecee12c860b6c2f462619e0e84e77cfaa53a94a45ea97afabc13007fed5c737
SH560570,2025-11-18,2025-11-18,2025-11-18,0.005,1.0,not_applicable_no_share_change,SH560570~2025-11-18,https://finance.sina.com.cn/realstock/company/sh560570/hfq.js,3f996fa787ed1256628aa8bb105c900c1bb26e957f21bf294b2cb75748b1f422
SH560570,2026-03-17,2026-03-17,2026-03-17,0.005,1.0,not_applicable_no_share_change,SH560570~2026-03-17,https://finance.sina.com.cn/realstock/company/sh560570/hfq.js,3f996fa787ed1256628aa8bb105c900c1bb26e957f21bf294b2cb75748b1f422
SH560610,2025-04-16,2025-04-16,2025-04-16,0.001,1.0,not_applicable_no_share_change,SH560610~2025-04-16,https://finance.sina.com.cn/realstock/company/sh560610/hfq.js,4d5925f679053af266e1ed9b0f23cde679f70bef62741d45d7211bef0c8fcb1c
SH560610,2025-07-15,2025-07-15,2025-07-15,0.008,1.0,not_applicable_no_share_change,SH560610~2025-07-15,https://finance.sina.com.cn/realstock/company/sh560610/hfq.js,4d5925f679053af266e1ed9b0f23cde679f70bef62741d45d7211bef0c8fcb1c
SH560610,2025-10-23,2025-10-23,2025-10-23,0.008,1.0,not_applicable_no_share_change,SH560610~2025-10-23,https://finance.sina.com.cn/realstock/company/sh560610/hfq.js,4d5925f679053af266e1ed9b0f23cde679f70bef62741d45d7211bef0c8fcb1c
SH560610,2026-01-19,2026-01-19,2026-01-19,0.0049999999999999,1.0,not_applicable_no_share_change,SH560610~2026-01-19,https://finance.sina.com.cn/realstock/company/sh560610/hfq.js,4d5925f679053af266e1ed9b0f23cde679f70bef62741d45d7211bef0c8fcb1c
SH560610,2026-04-16,2026-04-16,2026-04-16,0.002,1.0,not_applicable_no_share_change,SH560610~2026-04-16,https://finance.sina.com.cn/realstock/company/sh560610/hfq.js,4d5925f679053af266e1ed9b0f23cde679f70bef62741d45d7211bef0c8fcb1c
SH560610,2026-07-15,2026-07-15,2026-07-15,0.009,1.0,not_applicable_no_share_change,SH560610~2026-07-15,https://finance.sina.com.cn/realstock/company/sh560610/hfq.js,4d5925f679053af266e1ed9b0f23cde679f70bef62741d45d7211bef0c8fcb1c
SH560660,2026-04-27,2026-04-27,2026-04-27,0.0,2.0,unknown_not_provided_by_sina_hfq,SH560660~2026-04-27,https://finance.sina.com.cn/realstock/company/sh560660/hfq.js,841b4f91a284964c75ac9282af90130be3a78171078535b2a719e7d733d8849c
SH560700,2023-12-04,2023-12-04,2023-12-04,0.019,1.0,not_applicable_no_share_change,SH560700~2023-12-04,https://finance.sina.com.cn/realstock/company/sh560700/hfq.js,adfb8b0e080698b23402aa0f57bf853fa179e9f162a5df39295fb70d5bd6b97c
SH560700,2024-12-25,2024-12-25,2024-12-25,0.0395,1.0,not_applicable_no_share_change,SH560700~2024-12-25,https://finance.sina.com.cn/realstock/company/sh560700/hfq.js,adfb8b0e080698b23402aa0f57bf853fa179e9f162a5df39295fb70d5bd6b97c
SH560700,2025-12-10,2025-12-10,2025-12-10,0.0522999999999999,1.0,not_applicable_no_share_change,SH560700~2025-12-10,https://finance.sina.com.cn/realstock/company/sh560700/hfq.js,adfb8b0e080698b23402aa0f57bf853fa179e9f162a5df39295fb70d5bd6b97c
SH560780,2026-06-26,2026-06-26,2026-06-26,0.0,3.0,unknown_not_provided_by_sina_hfq,SH560780~2026-06-26,https://finance.sina.com.cn/realstock/company/sh560780/hfq.js,d1840484b065f5049bea7d4d1ab36bccd0d171d98a58b063dfd36810da02dac8
SH561060,2025-01-17,2025-01-17,2025-01-17,0.014,1.0,not_applicable_no_share_change,SH561060~2025-01-17,https://finance.sina.com.cn/realstock/company/sh561060/hfq.js,0ef609682a6a74650a6c3eada15ebb3819c030fbfd1e934015d62445a17a992f
SH561060,2025-04-17,2025-04-17,2025-04-17,0.013,1.0,not_applicable_no_share_change,SH561060~2025-04-17,https://finance.sina.com.cn/realstock/company/sh561060/hfq.js,0ef609682a6a74650a6c3eada15ebb3819c030fbfd1e934015d62445a17a992f
SH561230,2024-03-27,2024-03-27,2024-03-27,0.0066,1.0,not_applicable_no_share_change,SH561230~2024-03-27,https://finance.sina.com.cn/realstock/company/sh561230/hfq.js,230b38272185abc83c38a4afa7a714e4336635643086e4ee3a19136706bc667f
SH561230,2024-06-24,2024-06-24,2024-06-24,0.0066,1.0,not_applicable_no_share_change,SH561230~2024-06-24,https://finance.sina.com.cn/realstock/company/sh561230/hfq.js,230b38272185abc83c38a4afa7a714e4336635643086e4ee3a19136706bc667f
SH561230,2024-09-27,2024-09-27,2024-09-27,0.0066,1.0,not_applicable_no_share_change,SH561230~2024-09-27,https://finance.sina.com.cn/realstock/company/sh561230/hfq.js,230b38272185abc83c38a4afa7a714e4336635643086e4ee3a19136706bc667f
SH561230,2024-12-23,2024-12-23,2024-12-23,0.0065999999999999,1.0,not_applicable_no_share_change,SH561230~2024-12-23,https://finance.sina.com.cn/realstock/company/sh561230/hfq.js,230b38272185abc83c38a4afa7a714e4336635643086e4ee3a19136706bc667f
SH561230,2025-03-25,2025-03-25,2025-03-25,0.0011,1.0,not_applicable_no_share_change,SH561230~2025-03-25,https://finance.sina.com.cn/realstock/company/sh561230/hfq.js,230b38272185abc83c38a4afa7a714e4336635643086e4ee3a19136706bc667f
SH561230,2025-06-25,2025-06-25,2025-06-25,0.0033,1.0,not_applicable_no_share_change,SH561230~2025-06-25,https://finance.sina.com.cn/realstock/company/sh561230/hfq.js,230b38272185abc83c38a4afa7a714e4336635643086e4ee3a19136706bc667f
SH561230,2025-09-19,2025-09-19,2025-09-19,0.0066,1.0,not_applicable_no_share_change,SH561230~2025-09-19,https://finance.sina.com.cn/realstock/company/sh561230/hfq.js,230b38272185abc83c38a4afa7a714e4336635643086e4ee3a19136706bc667f
SH561230,2025-12-26,2025-12-26,2025-12-26,0.0065999999999999,1.0,not_applicable_no_share_change,SH561230~2025-12-26,https://finance.sina.com.cn/realstock/company/sh561230/hfq.js,230b38272185abc83c38a4afa7a714e4336635643086e4ee3a19136706bc667f
SH561230,2026-03-23,2026-03-23,2026-03-23,0.0066,1.0,not_applicable_no_share_change,SH561230~2026-03-23,https://finance.sina.com.cn/realstock/company/sh561230/hfq.js,230b38272185abc83c38a4afa7a714e4336635643086e4ee3a19136706bc667f
SH561230,2026-06-24,2026-06-24,2026-06-24,0.0066,1.0,not_applicable_no_share_change,SH561230~2026-06-24,https://finance.sina.com.cn/realstock/company/sh561230/hfq.js,230b38272185abc83c38a4afa7a714e4336635643086e4ee3a19136706bc667f
SH561310,2026-07-09,2026-07-09,2026-07-09,0.0,2.0,unknown_not_provided_by_sina_hfq,SH561310~2026-07-09,https://finance.sina.com.cn/realstock/company/sh561310/hfq.js,cd744b9a48d38fc9f16f32f2dfb2e314fe04e4dc724fea2a92baf7482c39c2db
SH561330,2026-06-25,2026-06-25,2026-06-25,0.0,2.0,unknown_not_provided_by_sina_hfq,SH561330~2026-06-25,https://finance.sina.com.cn/realstock/company/sh561330/hfq.js,9ff633e413a8402643c818bbf9aee2b36bb9988536b1bbaa2fe2f3cc57b8fe4f
SH561380,2026-06-25,2026-06-25,2026-06-25,0.0,2.5,unknown_not_provided_by_sina_hfq,SH561380~2026-06-25,https://finance.sina.com.cn/realstock/company/sh561380/hfq.js,a218c43012af39227771df9a72cddbbd5e7be9491fdea12eb9d9efb0b9e08a13
SH561580,2025-05-19,2025-05-19,2025-05-19,0.005,1.0,not_applicable_no_share_change,SH561580~2025-05-19,https://finance.sina.com.cn/realstock/company/sh561580/hfq.js,4e4d5beef6a50ae332293eb5a03300fbbb988f2e1f0519de371fca40cafc6cf8
SH561580,2025-06-16,2025-06-16,2025-06-16,0.005,1.0,not_applicable_no_share_change,SH561580~2025-06-16,https://finance.sina.com.cn/realstock/company/sh561580/hfq.js,4e4d5beef6a50ae332293eb5a03300fbbb988f2e1f0519de371fca40cafc6cf8
SH561580,2025-07-14,2025-07-14,2025-07-14,0.0049999999999999,1.0,not_applicable_no_share_change,SH561580~2025-07-14,https://finance.sina.com.cn/realstock/company/sh561580/hfq.js,4e4d5beef6a50ae332293eb5a03300fbbb988f2e1f0519de371fca40cafc6cf8
SH561580,2025-08-18,2025-08-18,2025-08-18,0.02,1.0,not_applicable_no_share_change,SH561580~2025-08-18,https://finance.sina.com.cn/realstock/company/sh561580/hfq.js,4e4d5beef6a50ae332293eb5a03300fbbb988f2e1f0519de371fca40cafc6cf8
SH561580,2025-09-15,2025-09-15,2025-09-15,0.0199999999999999,1.0,not_applicable_no_share_change,SH561580~2025-09-15,https://finance.sina.com.cn/realstock/company/sh561580/hfq.js,4e4d5beef6a50ae332293eb5a03300fbbb988f2e1f0519de371fca40cafc6cf8
SH561580,2025-10-20,2025-10-20,2025-10-20,0.0199999999999999,1.0,not_applicable_no_share_change,SH561580~2025-10-20,https://finance.sina.com.cn/realstock/company/sh561580/hfq.js,4e4d5beef6a50ae332293eb5a03300fbbb988f2e1f0519de371fca40cafc6cf8
SH561580,2025-11-17,2025-11-17,2025-11-17,0.01,1.0,not_applicable_no_share_change,SH561580~2025-11-17,https://finance.sina.com.cn/realstock/company/sh561580/hfq.js,4e4d5beef6a50ae332293eb5a03300fbbb988f2e1f0519de371fca40cafc6cf8
SH561580,2025-12-15,2025-12-15,2025-12-15,0.0099999999999999,1.0,not_applicable_no_share_change,SH561580~2025-12-15,https://finance.sina.com.cn/realstock/company/sh561580/hfq.js,4e4d5beef6a50ae332293eb5a03300fbbb988f2e1f0519de371fca40cafc6cf8
SH561580,2026-01-21,2026-01-21,2026-01-21,0.0099999999999999,1.0,not_applicable_no_share_change,SH561580~2026-01-21,https://finance.sina.com.cn/realstock/company/sh561580/hfq.js,4e4d5beef6a50ae332293eb5a03300fbbb988f2e1f0519de371fca40cafc6cf8
SH561580,2026-02-26,2026-02-26,2026-02-26,0.01,1.0,not_applicable_no_share_change,SH561580~2026-02-26,https://finance.sina.com.cn/realstock/company/sh561580/hfq.js,4e4d5beef6a50ae332293eb5a03300fbbb988f2e1f0519de371fca40cafc6cf8
SH561580,2026-03-23,2026-03-23,2026-03-23,0.0049999999999999,1.0,not_applicable_no_share_change,SH561580~2026-03-23,https://finance.sina.com.cn/realstock/company/sh561580/hfq.js,4e4d5beef6a50ae332293eb5a03300fbbb988f2e1f0519de371fca40cafc6cf8
SH561580,2026-04-20,2026-04-20,2026-04-20,0.005,1.0,not_applicable_no_share_change,SH561580~2026-04-20,https://finance.sina.com.cn/realstock/company/sh561580/hfq.js,4e4d5beef6a50ae332293eb5a03300fbbb988f2e1f0519de371fca40cafc6cf8
SH561580,2026-05-18,2026-05-18,2026-05-18,0.005,1.0,not_applicable_no_share_change,SH561580~2026-05-18,https://finance.sina.com.cn/realstock/company/sh561580/hfq.js,4e4d5beef6a50ae332293eb5a03300fbbb988f2e1f0519de371fca40cafc6cf8
SH561580,2026-06-15,2026-06-15,2026-06-15,0.005,1.0,not_applicable_no_share_change,SH561580~2026-06-15,https://finance.sina.com.cn/realstock/company/sh561580/hfq.js,4e4d5beef6a50ae332293eb5a03300fbbb988f2e1f0519de371fca40cafc6cf8
SH561580,2026-07-20,2026-07-20,2026-07-20,0.005,1.0,not_applicable_no_share_change,SH561580~2026-07-20,https://finance.sina.com.cn/realstock/company/sh561580/hfq.js,4e4d5beef6a50ae332293eb5a03300fbbb988f2e1f0519de371fca40cafc6cf8
SH561600,2026-07-23,2026-07-23,2026-07-23,0.0,2.0,unknown_not_provided_by_sina_hfq,SH561600~2026-07-23,https://finance.sina.com.cn/realstock/company/sh561600/hfq.js,1ba0f54ab6efc9431d3e8b7f9479f3bf38e52528aa95792924a687333266b01e
SH561870,2025-09-23,2025-09-23,2025-09-23,0.0093,1.0,not_applicable_no_share_change,SH561870~2025-09-23,https://finance.sina.com.cn/realstock/company/sh561870/hfq.js,94c7c821bfda3d652e36b3b98093e128af1762d380fb56ea4cc5ae6d44c31b28
SH561870,2026-03-24,2026-03-24,2026-03-24,0.011,1.0,not_applicable_no_share_change,SH561870~2026-03-24,https://finance.sina.com.cn/realstock/company/sh561870/hfq.js,94c7c821bfda3d652e36b3b98093e128af1762d380fb56ea4cc5ae6d44c31b28
SH561870,2026-06-23,2026-06-23,2026-06-23,0.01,1.0,not_applicable_no_share_change,SH561870~2026-06-23,https://finance.sina.com.cn/realstock/company/sh561870/hfq.js,94c7c821bfda3d652e36b3b98093e128af1762d380fb56ea4cc5ae6d44c31b28
SH561880,2025-06-24,2025-06-24,2025-06-24,0.001,1.0,not_applicable_no_share_change,SH561880~2025-06-24,https://finance.sina.com.cn/realstock/company/sh561880/hfq.js,ed706be660c49a221724d3d4e2bb20698c81d6cfef78480a683ee48b2aa5e1d0
SH561880,2025-09-23,2025-09-23,2025-09-23,0.0048,1.0,not_applicable_no_share_change,SH561880~2025-09-23,https://finance.sina.com.cn/realstock/company/sh561880/hfq.js,ed706be660c49a221724d3d4e2bb20698c81d6cfef78480a683ee48b2aa5e1d0
SH561880,2025-12-23,2025-12-23,2025-12-23,0.0051,1.0,not_applicable_no_share_change,SH561880~2025-12-23,https://finance.sina.com.cn/realstock/company/sh561880/hfq.js,ed706be660c49a221724d3d4e2bb20698c81d6cfef78480a683ee48b2aa5e1d0
SH561880,2026-03-24,2026-03-24,2026-03-24,0.0051,1.0,not_applicable_no_share_change,SH561880~2026-03-24,https://finance.sina.com.cn/realstock/company/sh561880/hfq.js,ed706be660c49a221724d3d4e2bb20698c81d6cfef78480a683ee48b2aa5e1d0
SH561880,2026-06-23,2026-06-23,2026-06-23,0.0068,1.0,not_applicable_no_share_change,SH561880~2026-06-23,https://finance.sina.com.cn/realstock/company/sh561880/hfq.js,ed706be660c49a221724d3d4e2bb20698c81d6cfef78480a683ee48b2aa5e1d0
SH561960,2024-12-02,2024-12-02,2024-12-02,0.012,1.0,not_applicable_no_share_change,SH561960~2024-12-02,https://finance.sina.com.cn/realstock/company/sh561960/hfq.js,978ee71bada5bb059f8125aec6aba8ff4e271c370e70bc147ea539a287635985
SH561960,2025-03-19,2025-03-19,2025-03-19,0.012,1.0,not_applicable_no_share_change,SH561960~2025-03-19,https://finance.sina.com.cn/realstock/company/sh561960/hfq.js,978ee71bada5bb059f8125aec6aba8ff4e271c370e70bc147ea539a287635985
SH561980,2026-06-26,2026-06-26,2026-06-26,0.0,5.0,unknown_not_provided_by_sina_hfq,SH561980~2026-06-26,https://finance.sina.com.cn/realstock/company/sh561980/hfq.js,c9a860a0898e203f6f1cecb0db79a43b21b729e2bcb6d47bb39648a4df5fd354
SH562000,2025-11-10,2025-11-10,2025-11-10,0.0,2.0,unknown_not_provided_by_sina_hfq,SH562000~2025-11-10,https://finance.sina.com.cn/realstock/company/sh562000/hfq.js,fe895eb09dcbd5c0db853fda8998cad4f42632f6c22b4266ae572a4ab6c7afd0
SH562030,2025-09-15,2025-09-15,2025-09-15,0.0,2.0,unknown_not_provided_by_sina_hfq,SH562030~2025-09-15,https://finance.sina.com.cn/realstock/company/sh562030/hfq.js,4d501cba65aa2169c4514169a531d3518079183334a70463c1ff3583c373a1cd
SH562060,2024-10-28,2024-10-28,2024-10-28,0.046,1.0,not_applicable_no_share_change,SH562060~2024-10-28,https://finance.sina.com.cn/realstock/company/sh562060/hfq.js,ffba74bf3f9213c014bb4588cc82d6bc98b3253357070d31d7a5b78bd3f8e314
SH562060,2025-08-11,2025-08-11,2025-08-11,0.0,2.0,unknown_not_provided_by_sina_hfq,SH562060~2025-08-11,https://finance.sina.com.cn/realstock/company/sh562060/hfq.js,ffba74bf3f9213c014bb4588cc82d6bc98b3253357070d31d7a5b78bd3f8e314
SH562060,2025-09-30,2025-09-30,2025-09-30,0.0121,1.0,not_applicable_no_share_change,SH562060~2025-09-30,https://finance.sina.com.cn/realstock/company/sh562060/hfq.js,ffba74bf3f9213c014bb4588cc82d6bc98b3253357070d31d7a5b78bd3f8e314
SH562080,2025-11-10,2025-11-10,2025-11-10,0.0,2.0,unknown_not_provided_by_sina_hfq,SH562080~2025-11-10,https://finance.sina.com.cn/realstock/company/sh562080/hfq.js,8c20d6687626fb5d3ef50e9643dbe4257f844a0db394fd24e9120bbae0b4e9f2
SH562590,2026-07-06,2026-07-06,2026-07-06,0.0,3.0,unknown_not_provided_by_sina_hfq,SH562590~2026-07-06,https://finance.sina.com.cn/realstock/company/sh562590/hfq.js,902f3436010e193d90ebea2b71f208eacca4bef08c56713b90081f5899c28d21
SH562810,2025-07-15,2025-07-15,2025-07-15,0.0131,1.0,not_applicable_no_share_change,SH562810~2025-07-15,https://finance.sina.com.cn/realstock/company/sh562810/hfq.js,e62c67844350236efea7e13acdbd119bbe6aff3211b63d3a1bd1420d07af5c71
SH562820,2026-07-23,2026-07-23,2026-07-23,0.0,3.0,unknown_not_provided_by_sina_hfq,SH562820~2026-07-23,https://finance.sina.com.cn/realstock/company/sh562820/hfq.js,e2169181c78ae262fd3bf324f9704e4afd47567e524f7aa673680a8dba10c91a
SH563020,2024-06-17,2024-06-17,2024-06-17,0.012,1.0,not_applicable_no_share_change,SH563020~2024-06-17,https://finance.sina.com.cn/realstock/company/sh563020/hfq.js,972c1803547f22b546e0288a0f96a918e8e52d6c76ac6faea2874f4d988c7f09
SH563020,2024-09-12,2024-09-12,2024-09-12,0.016,1.0,not_applicable_no_share_change,SH563020~2024-09-12,https://finance.sina.com.cn/realstock/company/sh563020/hfq.js,972c1803547f22b546e0288a0f96a918e8e52d6c76ac6faea2874f4d988c7f09
SH563020,2024-12-11,2024-12-11,2024-12-11,0.014,1.0,not_applicable_no_share_change,SH563020~2024-12-11,https://finance.sina.com.cn/realstock/company/sh563020/hfq.js,972c1803547f22b546e0288a0f96a918e8e52d6c76ac6faea2874f4d988c7f09
SH563020,2025-03-12,2025-03-12,2025-03-12,0.0089999999999999,1.0,not_applicable_no_share_change,SH563020~2025-03-12,https://finance.sina.com.cn/realstock/company/sh563020/hfq.js,972c1803547f22b546e0288a0f96a918e8e52d6c76ac6faea2874f4d988c7f09
SH563020,2025-06-12,2025-06-12,2025-06-12,0.01,1.0,not_applicable_no_share_change,SH563020~2025-06-12,https://finance.sina.com.cn/realstock/company/sh563020/hfq.js,972c1803547f22b546e0288a0f96a918e8e52d6c76ac6faea2874f4d988c7f09
SH563020,2025-09-10,2025-09-10,2025-09-10,0.0119999999999999,1.0,not_applicable_no_share_change,SH563020~2025-09-10,https://finance.sina.com.cn/realstock/company/sh563020/hfq.js,972c1803547f22b546e0288a0f96a918e8e52d6c76ac6faea2874f4d988c7f09
SH563020,2025-12-10,2025-12-10,2025-12-10,0.012,1.0,not_applicable_no_share_change,SH563020~2025-12-10,https://finance.sina.com.cn/realstock/company/sh563020/hfq.js,972c1803547f22b546e0288a0f96a918e8e52d6c76ac6faea2874f4d988c7f09
SH563020,2026-03-11,2026-03-11,2026-03-11,0.0119999999999999,1.0,not_applicable_no_share_change,SH563020~2026-03-11,https://finance.sina.com.cn/realstock/company/sh563020/hfq.js,972c1803547f22b546e0288a0f96a918e8e52d6c76ac6faea2874f4d988c7f09
SH563020,2026-06-10,2026-06-10,2026-06-10,0.0119999999999999,1.0,not_applicable_no_share_change,SH563020~2026-06-10,https://finance.sina.com.cn/realstock/company/sh563020/hfq.js,972c1803547f22b546e0288a0f96a918e8e52d6c76ac6faea2874f4d988c7f09
SH563330,2024-10-14,2024-10-14,2024-10-14,0.0,0.33297263,unknown_not_provided_by_sina_hfq,SH563330~2024-10-14,https://finance.sina.com.cn/realstock/company/sh563330/hfq.js,4521648987b3cb77b9509ef81985e200523167e89fd4a3588f2b2be09dd694ba
SH563500,2025-05-20,2025-05-20,2025-05-20,0.0037,1.0,not_applicable_no_share_change,SH563500~2025-05-20,https://finance.sina.com.cn/realstock/company/sh563500/hfq.js,f44e0013a8cd4d749a375649f0fa5461a6bcf15e2e9b9eacacf50fc41e5114be
SH563500,2025-08-15,2025-08-15,2025-08-15,0.0125999999999999,1.0,not_applicable_no_share_change,SH563500~2025-08-15,https://finance.sina.com.cn/realstock/company/sh563500/hfq.js,f44e0013a8cd4d749a375649f0fa5461a6bcf15e2e9b9eacacf50fc41e5114be
SH563500,2025-10-20,2025-10-20,2025-10-20,0.0,2.0,unknown_not_provided_by_sina_hfq,SH563500~2025-10-20,https://finance.sina.com.cn/realstock/company/sh563500/hfq.js,f44e0013a8cd4d749a375649f0fa5461a6bcf15e2e9b9eacacf50fc41e5114be
SH563500,2025-11-17,2025-11-17,2025-11-17,0.00315,1.0,not_applicable_no_share_change,SH563500~2025-11-17,https://finance.sina.com.cn/realstock/company/sh563500/hfq.js,f44e0013a8cd4d749a375649f0fa5461a6bcf15e2e9b9eacacf50fc41e5114be
SH563500,2026-02-24,2026-02-24,2026-02-24,0.00235,1.0,not_applicable_no_share_change,SH563500~2026-02-24,https://finance.sina.com.cn/realstock/company/sh563500/hfq.js,f44e0013a8cd4d749a375649f0fa5461a6bcf15e2e9b9eacacf50fc41e5114be
SH563500,2026-05-20,2026-05-20,2026-05-20,0.0006499999999999,1.0,not_applicable_no_share_change,SH563500~2026-05-20,https://finance.sina.com.cn/realstock/company/sh563500/hfq.js,f44e0013a8cd4d749a375649f0fa5461a6bcf15e2e9b9eacacf50fc41e5114be
SH563660,2025-07-09,2025-07-09,2025-07-09,0.003,1.0,not_applicable_no_share_change,SH563660~2025-07-09,https://finance.sina.com.cn/realstock/company/sh563660/hfq.js,8464eb27e93522c7b7fe8ac7158b291907ca428761e571c593547277078948fb
SH563660,2025-10-20,2025-10-20,2025-10-20,0.005,1.0,not_applicable_no_share_change,SH563660~2025-10-20,https://finance.sina.com.cn/realstock/company/sh563660/hfq.js,8464eb27e93522c7b7fe8ac7158b291907ca428761e571c593547277078948fb
SH563660,2026-01-14,2026-01-14,2026-01-14,0.0062,1.0,not_applicable_no_share_change,SH563660~2026-01-14,https://finance.sina.com.cn/realstock/company/sh563660/hfq.js,8464eb27e93522c7b7fe8ac7158b291907ca428761e571c593547277078948fb
SH563660,2026-04-10,2026-04-10,2026-04-10,0.0059999999999999,1.0,not_applicable_no_share_change,SH563660~2026-04-10,https://finance.sina.com.cn/realstock/company/sh563660/hfq.js,8464eb27e93522c7b7fe8ac7158b291907ca428761e571c593547277078948fb
SH563660,2026-07-09,2026-07-09,2026-07-09,0.0069,1.0,not_applicable_no_share_change,SH563660~2026-07-09,https://finance.sina.com.cn/realstock/company/sh563660/hfq.js,8464eb27e93522c7b7fe8ac7158b291907ca428761e571c593547277078948fb
SH563700,2025-07-11,2025-07-11,2025-07-11,0.01,1.0,not_applicable_no_share_change,SH563700~2025-07-11,https://finance.sina.com.cn/realstock/company/sh563700/hfq.js,1bed4c9c544eac1e6e1adc18c0abd6d1693ee9fe4b8c58c2b15e1334b61bf5c2
SH563700,2025-10-21,2025-10-21,2025-10-21,0.01,1.0,not_applicable_no_share_change,SH563700~2025-10-21,https://finance.sina.com.cn/realstock/company/sh563700/hfq.js,1bed4c9c544eac1e6e1adc18c0abd6d1693ee9fe4b8c58c2b15e1334b61bf5c2
SH563700,2026-01-14,2026-01-14,2026-01-14,0.0099999999999999,1.0,not_applicable_no_share_change,SH563700~2026-01-14,https://finance.sina.com.cn/realstock/company/sh563700/hfq.js,1bed4c9c544eac1e6e1adc18c0abd6d1693ee9fe4b8c58c2b15e1334b61bf5c2
SH563700,2026-04-14,2026-04-14,2026-04-14,0.011,1.0,not_applicable_no_share_change,SH563700~2026-04-14,https://finance.sina.com.cn/realstock/company/sh563700/hfq.js,1bed4c9c544eac1e6e1adc18c0abd6d1693ee9fe4b8c58c2b15e1334b61bf5c2
SH563700,2026-07-10,2026-07-10,2026-07-10,0.0099999999999999,1.0,not_applicable_no_share_change,SH563700~2026-07-10,https://finance.sina.com.cn/realstock/company/sh563700/hfq.js,1bed4c9c544eac1e6e1adc18c0abd6d1693ee9fe4b8c58c2b15e1334b61bf5c2
SH563830,2026-01-21,2026-01-21,2026-01-21,0.0124,1.0,not_applicable_no_share_change,SH563830~2026-01-21,https://finance.sina.com.cn/realstock/company/sh563830/hfq.js,ca322fdada95c3dd2fea394d2e5287dc35a83fd712d328da856c74bdb5395cd9
SH563830,2026-07-16,2026-07-16,2026-07-16,0.0221999999999999,1.0,not_applicable_no_share_change,SH563830~2026-07-16,https://finance.sina.com.cn/realstock/company/sh563830/hfq.js,ca322fdada95c3dd2fea394d2e5287dc35a83fd712d328da856c74bdb5395cd9
SH563900,2025-07-08,2025-07-08,2025-07-08,0.0094,1.0,not_applicable_no_share_change,SH563900~2025-07-08,https://finance.sina.com.cn/realstock/company/sh563900/hfq.js,2a3f265cc25a162ac1e50a64b1463bee552eeb29e7c7b7ce0fb70f0c65841d55
SH563900,2025-10-16,2025-10-16,2025-10-16,0.0122,1.0,not_applicable_no_share_change,SH563900~2025-10-16,https://finance.sina.com.cn/realstock/company/sh563900/hfq.js,2a3f265cc25a162ac1e50a64b1463bee552eeb29e7c7b7ce0fb70f0c65841d55
SH563900,2026-01-13,2026-01-13,2026-01-13,0.01,1.0,not_applicable_no_share_change,SH563900~2026-01-13,https://finance.sina.com.cn/realstock/company/sh563900/hfq.js,2a3f265cc25a162ac1e50a64b1463bee552eeb29e7c7b7ce0fb70f0c65841d55
SH563900,2026-07-14,2026-07-14,2026-07-14,0.0038999999999999,1.0,not_applicable_no_share_change,SH563900~2026-07-14,https://finance.sina.com.cn/realstock/company/sh563900/hfq.js,2a3f265cc25a162ac1e50a64b1463bee552eeb29e7c7b7ce0fb70f0c65841d55
SH563980,2026-06-24,2026-06-24,2026-06-24,0.003,1.0,not_applicable_no_share_change,SH563980~2026-06-24,https://finance.sina.com.cn/realstock/company/sh563980/hfq.js,7d88533f23dac45afb57cdbe80ac4de5315349659840814d383dd7ef8606225e
SH563980,2026-07-27,2026-07-27,2026-07-27,0.003,1.0,not_applicable_no_share_change,SH563980~2026-07-27,https://finance.sina.com.cn/realstock/company/sh563980/hfq.js,7d88533f23dac45afb57cdbe80ac4de5315349659840814d383dd7ef8606225e
SH588020,2026-07-09,2026-07-09,2026-07-09,0.0,3.0,unknown_not_provided_by_sina_hfq,SH588020~2026-07-09,https://finance.sina.com.cn/realstock/company/sh588020/hfq.js,7ff8192323c0f076fe0937400173f7bef7e18a601d7eb577a292fd61ea1e3bb7
SH588080,2025-10-17,2025-10-17,2025-10-17,0.014,1.0,not_applicable_no_share_change,SH588080~2025-10-17,https://finance.sina.com.cn/realstock/company/sh588080/hfq.js,321920f64f43903922f13bbae70a48f4ea432cf9e69127ef49a2ef68c31b418c
SH588100,2026-07-23,2026-07-23,2026-07-23,0.0,3.0,unknown_not_provided_by_sina_hfq,SH588100~2026-07-23,https://finance.sina.com.cn/realstock/company/sh588100/hfq.js,c39438212b10fe1cae510c26155fb2b50d4a39ff21434c1385319556c09f379a
SH588110,2026-07-20,2026-07-20,2026-07-20,0.0,4.0,unknown_not_provided_by_sina_hfq,SH588110~2026-07-20,https://finance.sina.com.cn/realstock/company/sh588110/hfq.js,1facb4ef40f1d0a0df6e5620d01e1d38bf493ca64bad09069a0523ede506df6b
SH588120,2026-06-24,2026-06-24,2026-06-24,0.0,2.0,unknown_not_provided_by_sina_hfq,SH588120~2026-06-24,https://finance.sina.com.cn/realstock/company/sh588120/hfq.js,7c11c7b69ac13c748bd38dd53027f0bc2630c4140e6897781f8b2aaa027f979f
SH588170,2026-07-06,2026-07-06,2026-07-06,0.0,3.0,unknown_not_provided_by_sina_hfq,SH588170~2026-07-06,https://finance.sina.com.cn/realstock/company/sh588170/hfq.js,b0f9d88238fd047659de2c5bea688ee0df17578606a8626f2c799f2bb77df0df
SH588200,2026-07-21,2026-07-21,2026-07-21,0.0,3.0,unknown_not_provided_by_sina_hfq,SH588200~2026-07-21,https://finance.sina.com.cn/realstock/company/sh588200/hfq.js,b8615874e20fc2951c76c7722b5afe54083ffa6c7bd47216b3a98048bf3bffeb
SH588760,2025-02-21,2025-02-21,2025-02-21,0.0,2.0,unknown_not_provided_by_sina_hfq,SH588760~2025-02-21,https://finance.sina.com.cn/realstock/company/sh588760/hfq.js,f6d91fa66e8c9feebb6b5dced9deca662996998371b6898310179fa3ff913e9a
SH588780,2026-02-03,2026-02-03,2026-02-03,0.0,2.0,unknown_not_provided_by_sina_hfq,SH588780~2026-02-03,https://finance.sina.com.cn/realstock/company/sh588780/hfq.js,28f2753d7b8d10423a26dcf663bff3adf5697d7cf9b4b25a2dee5d049a9db8c5
SH588790,2025-03-19,2025-03-19,2025-03-19,0.0,2.0,unknown_not_provided_by_sina_hfq,SH588790~2025-03-19,https://finance.sina.com.cn/realstock/company/sh588790/hfq.js,115f3ebada8f090bfb19548823295a27b243f10801393794796bf2b04d4907b3
SH588860,2025-10-27,2025-10-27,2025-10-27,0.0,2.0,unknown_not_provided_by_sina_hfq,SH588860~2025-10-27,https://finance.sina.com.cn/realstock/company/sh588860/hfq.js,cba70a2d936703c3c6b4590b046efcb2252c1da312a57439481a57de043f937c
SH588920,2026-08-10,2026-08-10,2026-08-10,0.0,2.0,unknown_not_provided_by_sina_hfq,SH588920~2026-08-10,https://finance.sina.com.cn/realstock/company/sh588920/hfq.js,79640fe87ceac16c933b0743b5d12ead78999069bc573a42ff5085cda3091c50
SH588940,2026-07-28,2026-07-28,2026-07-28,0.0,2.0,unknown_not_provided_by_sina_hfq,SH588940~2026-07-28,https://finance.sina.com.cn/realstock/company/sh588940/hfq.js,bcb380c3705e000fa174a7b739bd6f4ae0631226c17a27e3e2af39816efc611a
SH589020,2026-08-11,2026-08-11,2026-08-11,0.0,2.0,unknown_not_provided_by_sina_hfq,SH589020~2026-08-11,https://finance.sina.com.cn/realstock/company/sh589020/hfq.js,bc8dbd9218bf40a84e12d26279b2d8e901c86ba65e8e10e976672216f86e7f1f
SH589100,2026-06-24,2026-06-24,2026-06-24,0.0,2.5,unknown_not_provided_by_sina_hfq,SH589100~2026-06-24,https://finance.sina.com.cn/realstock/company/sh589100/hfq.js,d73bb179a471f01239e3b4a783b9a3112f0971bc7fc65e103f21217e426be2d9
SH589190,2026-07-20,2026-07-20,2026-07-20,0.0,2.0,unknown_not_provided_by_sina_hfq,SH589190~2026-07-20,https://finance.sina.com.cn/realstock/company/sh589190/hfq.js,903d98a2c84a36bb8a247611d42b514f6438d41fd4ecb6eefee3d67a7ceb2e64
SH589210,2026-07-20,2026-07-20,2026-07-20,0.0,2.0,unknown_not_provided_by_sina_hfq,SH589210~2026-07-20,https://finance.sina.com.cn/realstock/company/sh589210/hfq.js,c7b30e30bd55c2cb4390cbc1744b06623dc4e4a0a09cd6ad1f1268eacea0e1bc
SH589300,2026-01-19,2026-01-19,2026-01-19,0.0019,1.0,not_applicable_no_share_change,SH589300~2026-01-19,https://finance.sina.com.cn/realstock/company/sh589300/hfq.js,9e0b84ac64d28ad819e3552a40184015887547d1a1c439d9e020869f9a3df56f
SH589300,2026-04-16,2026-04-16,2026-04-16,0.0023,1.0,not_applicable_no_share_change,SH589300~2026-04-16,https://finance.sina.com.cn/realstock/company/sh589300/hfq.js,9e0b84ac64d28ad819e3552a40184015887547d1a1c439d9e020869f9a3df56f
SH589300,2026-07-15,2026-07-15,2026-07-15,0.0026,1.0,not_applicable_no_share_change,SH589300~2026-07-15,https://finance.sina.com.cn/realstock/company/sh589300/hfq.js,9e0b84ac64d28ad819e3552a40184015887547d1a1c439d9e020869f9a3df56f
SH589520,2025-09-08,2025-09-08,2025-09-08,0.0,2.0,unknown_not_provided_by_sina_hfq,SH589520~2025-09-08,https://finance.sina.com.cn/realstock/company/sh589520/hfq.js,4e17fcd870d8f128443bd3dc3920b5ac080d8b4a68c37c06ea3636b4ab654a0e
SH589630,2026-07-09,2026-07-09,2026-07-09,0.0,2.0,unknown_not_provided_by_sina_hfq,SH589630~2026-07-09,https://finance.sina.com.cn/realstock/company/sh589630/hfq.js,14e7e9711f18eea45eb1f50bf7b2733820d6f9c770d2e31a9780fe4b74726d3a
SZ159118,2026-08-12,2026-08-12,2026-08-12,0.002,1.0,not_applicable_no_share_change,SZ159118~2026-08-12,https://finance.sina.com.cn/realstock/company/sz159118/hfq.js,fa5723565afc0acfcbe24a9fdea21361c73182baa51f1f6a135fd44900832a30
SZ159119,2026-02-24,2026-02-24,2026-02-24,0.003,1.0,not_applicable_no_share_change,SZ159119~2026-02-24,https://finance.sina.com.cn/realstock/company/sz159119/hfq.js,9dcbe42d5ee384e44d1ee9cbeebad150a9c42d500b512ed6057f3a83a83b423a
SZ159119,2026-03-16,2026-03-16,2026-03-16,0.003,1.0,not_applicable_no_share_change,SZ159119~2026-03-16,https://finance.sina.com.cn/realstock/company/sz159119/hfq.js,9dcbe42d5ee384e44d1ee9cbeebad150a9c42d500b512ed6057f3a83a83b423a
SZ159119,2026-04-16,2026-04-16,2026-04-16,0.0029999999999999,1.0,not_applicable_no_share_change,SZ159119~2026-04-16,https://finance.sina.com.cn/realstock/company/sz159119/hfq.js,9dcbe42d5ee384e44d1ee9cbeebad150a9c42d500b512ed6057f3a83a83b423a
SZ159119,2026-05-20,2026-05-20,2026-05-20,0.003,1.0,not_applicable_no_share_change,SZ159119~2026-05-20,https://finance.sina.com.cn/realstock/company/sz159119/hfq.js,9dcbe42d5ee384e44d1ee9cbeebad150a9c42d500b512ed6057f3a83a83b423a
SZ159119,2026-06-15,2026-06-15,2026-06-15,0.0029999999999999,1.0,not_applicable_no_share_change,SZ159119~2026-06-15,https://finance.sina.com.cn/realstock/company/sz159119/hfq.js,9dcbe42d5ee384e44d1ee9cbeebad150a9c42d500b512ed6057f3a83a83b423a
SZ159119,2026-07-16,2026-07-16,2026-07-16,0.0029999999999999,1.0,not_applicable_no_share_change,SZ159119~2026-07-16,https://finance.sina.com.cn/realstock/company/sz159119/hfq.js,9dcbe42d5ee384e44d1ee9cbeebad150a9c42d500b512ed6057f3a83a83b423a
SZ159207,2025-12-10,2025-12-10,2025-12-10,0.0546,1.0,not_applicable_no_share_change,SZ159207~2025-12-10,https://finance.sina.com.cn/realstock/company/sz159207/hfq.js,a36be88fd29501acb7685bd974583920284075c84b535719dffd074124138956
SZ159209,2025-07-15,2025-07-15,2025-07-15,0.003,1.0,not_applicable_no_share_change,SZ159209~2025-07-15,https://finance.sina.com.cn/realstock/company/sz159209/hfq.js,8ad5b5aa824c694f60db77ad5113cd7f2bfbbe052d3bd206cbc734b04e49d62c
SZ159209,2025-08-15,2025-08-15,2025-08-15,0.003,1.0,not_applicable_no_share_change,SZ159209~2025-08-15,https://finance.sina.com.cn/realstock/company/sz159209/hfq.js,8ad5b5aa824c694f60db77ad5113cd7f2bfbbe052d3bd206cbc734b04e49d62c
SZ159209,2025-09-15,2025-09-15,2025-09-15,0.0029999999999999,1.0,not_applicable_no_share_change,SZ159209~2025-09-15,https://finance.sina.com.cn/realstock/company/sz159209/hfq.js,8ad5b5aa824c694f60db77ad5113cd7f2bfbbe052d3bd206cbc734b04e49d62c
SZ159209,2025-10-23,2025-10-23,2025-10-23,0.003,1.0,not_applicable_no_share_change,SZ159209~2025-10-23,https://finance.sina.com.cn/realstock/company/sz159209/hfq.js,8ad5b5aa824c694f60db77ad5113cd7f2bfbbe052d3bd206cbc734b04e49d62c
SZ159209,2025-11-17,2025-11-17,2025-11-17,0.0029999999999999,1.0,not_applicable_no_share_change,SZ159209~2025-11-17,https://finance.sina.com.cn/realstock/company/sz159209/hfq.js,8ad5b5aa824c694f60db77ad5113cd7f2bfbbe052d3bd206cbc734b04e49d62c
SZ159209,2025-12-15,2025-12-15,2025-12-15,0.0029999999999999,1.0,not_applicable_no_share_change,SZ159209~2025-12-15,https://finance.sina.com.cn/realstock/company/sz159209/hfq.js,8ad5b5aa824c694f60db77ad5113cd7f2bfbbe052d3bd206cbc734b04e49d62c
SZ159209,2026-01-19,2026-01-19,2026-01-19,0.003,1.0,not_applicable_no_share_change,SZ159209~2026-01-19,https://finance.sina.com.cn/realstock/company/sz159209/hfq.js,8ad5b5aa824c694f60db77ad5113cd7f2bfbbe052d3bd206cbc734b04e49d62c
SZ159209,2026-02-24,2026-02-24,2026-02-24,0.0029999999999999,1.0,not_applicable_no_share_change,SZ159209~2026-02-24,https://finance.sina.com.cn/realstock/company/sz159209/hfq.js,8ad5b5aa824c694f60db77ad5113cd7f2bfbbe052d3bd206cbc734b04e49d62c
SZ159209,2026-03-16,2026-03-16,2026-03-16,0.0029999999999999,1.0,not_applicable_no_share_change,SZ159209~2026-03-16,https://finance.sina.com.cn/realstock/company/sz159209/hfq.js,8ad5b5aa824c694f60db77ad5113cd7f2bfbbe052d3bd206cbc734b04e49d62c
SZ159209,2026-04-16,2026-04-16,2026-04-16,0.0029999999999999,1.0,not_applicable_no_share_change,SZ159209~2026-04-16,https://finance.sina.com.cn/realstock/company/sz159209/hfq.js,8ad5b5aa824c694f60db77ad5113cd7f2bfbbe052d3bd206cbc734b04e49d62c
SZ159209,2026-05-20,2026-05-20,2026-05-20,0.003,1.0,not_applicable_no_share_change,SZ159209~2026-05-20,https://finance.sina.com.cn/realstock/company/sz159209/hfq.js,8ad5b5aa824c694f60db77ad5113cd7f2bfbbe052d3bd206cbc734b04e49d62c
SZ159209,2026-06-15,2026-06-15,2026-06-15,0.0029999999999999,1.0,not_applicable_no_share_change,SZ159209~2026-06-15,https://finance.sina.com.cn/realstock/company/sz159209/hfq.js,8ad5b5aa824c694f60db77ad5113cd7f2bfbbe052d3bd206cbc734b04e49d62c
SZ159209,2026-07-15,2026-07-15,2026-07-15,0.003,1.0,not_applicable_no_share_change,SZ159209~2026-07-15,https://finance.sina.com.cn/realstock/company/sz159209/hfq.js,8ad5b5aa824c694f60db77ad5113cd7f2bfbbe052d3bd206cbc734b04e49d62c
SZ159220,2025-11-10,2025-11-10,2025-11-10,0.0,2.0,unknown_not_provided_by_sina_hfq,SZ159220~2025-11-10,https://finance.sina.com.cn/realstock/company/sz159220/hfq.js,06dd12e0c12de2a02df8c8b4f02d7b36f4cabbbf16018beecfc7a6e79d225646
SZ159220,2026-02-24,2026-02-24,2026-02-24,0.0047,1.0,not_applicable_no_share_change,SZ159220~2026-02-24,https://finance.sina.com.cn/realstock/company/sz159220/hfq.js,06dd12e0c12de2a02df8c8b4f02d7b36f4cabbbf16018beecfc7a6e79d225646
SZ159220,2026-06-01,2026-06-01,2026-06-01,0.00155,1.0,not_applicable_no_share_change,SZ159220~2026-06-01,https://finance.sina.com.cn/realstock/company/sz159220/hfq.js,06dd12e0c12de2a02df8c8b4f02d7b36f4cabbbf16018beecfc7a6e79d225646
SZ159221,2025-10-22,2025-10-22,2025-10-22,0.0175,1.0,not_applicable_no_share_change,SZ159221~2025-10-22,https://finance.sina.com.cn/realstock/company/sz159221/hfq.js,6cb5b8938f4b86fbcbefef077341e32e80f4656c11883d519bfc55b2bf4db023
SZ159221,2026-01-19,2026-01-19,2026-01-19,0.0118999999999999,1.0,not_applicable_no_share_change,SZ159221~2026-01-19,https://finance.sina.com.cn/realstock/company/sz159221/hfq.js,6cb5b8938f4b86fbcbefef077341e32e80f4656c11883d519bfc55b2bf4db023
SZ159221,2026-04-15,2026-04-15,2026-04-15,0.0072,1.0,not_applicable_no_share_change,SZ159221~2026-04-15,https://finance.sina.com.cn/realstock/company/sz159221/hfq.js,6cb5b8938f4b86fbcbefef077341e32e80f4656c11883d519bfc55b2bf4db023
SZ159221,2026-07-15,2026-07-15,2026-07-15,0.0073999999999999,1.0,not_applicable_no_share_change,SZ159221~2026-07-15,https://finance.sina.com.cn/realstock/company/sz159221/hfq.js,6cb5b8938f4b86fbcbefef077341e32e80f4656c11883d519bfc55b2bf4db023
SZ159231,2025-08-11,2025-08-11,2025-08-11,0.0,2.0,unknown_not_provided_by_sina_hfq,SZ159231~2025-08-11,https://finance.sina.com.cn/realstock/company/sz159231/hfq.js,821630cdf1161b75f8be9564edd946a080c6ce869cc6156061c668ec789a116c
SZ159232,2025-07-15,2025-07-15,2025-07-15,0.005,1.0,not_applicable_no_share_change,SZ159232~2025-07-15,https://finance.sina.com.cn/realstock/company/sz159232/hfq.js,d95d8ad86cd6d8ad6a8ea20e80ba3854000a2f7249588b453a8024d2c8b261f5
SZ159232,2025-10-27,2025-10-27,2025-10-27,0.005,1.0,not_applicable_no_share_change,SZ159232~2025-10-27,https://finance.sina.com.cn/realstock/company/sz159232/hfq.js,d95d8ad86cd6d8ad6a8ea20e80ba3854000a2f7249588b453a8024d2c8b261f5
SZ159232,2026-01-20,2026-01-20,2026-01-20,0.01,1.0,not_applicable_no_share_change,SZ159232~2026-01-20,https://finance.sina.com.cn/realstock/company/sz159232/hfq.js,d95d8ad86cd6d8ad6a8ea20e80ba3854000a2f7249588b453a8024d2c8b261f5
SZ159232,2026-04-15,2026-04-15,2026-04-15,0.0099999999999999,1.0,not_applicable_no_share_change,SZ159232~2026-04-15,https://finance.sina.com.cn/realstock/company/sz159232/hfq.js,d95d8ad86cd6d8ad6a8ea20e80ba3854000a2f7249588b453a8024d2c8b261f5
SZ159232,2026-07-15,2026-07-15,2026-07-15,0.01,1.0,not_applicable_no_share_change,SZ159232~2026-07-15,https://finance.sina.com.cn/realstock/company/sz159232/hfq.js,d95d8ad86cd6d8ad6a8ea20e80ba3854000a2f7249588b453a8024d2c8b261f5
SZ159246,2026-02-13,2026-02-13,2026-02-13,0.0,2.0,unknown_not_provided_by_sina_hfq,SZ159246~2026-02-13,https://finance.sina.com.cn/realstock/company/sz159246/hfq.js,346845cdabac15d1c5d323037d7a681e416365e47ef1b0f3668d3235dc723071
SZ159281,2025-12-03,2025-12-03,2025-12-03,0.003,1.0,not_applicable_no_share_change,SZ159281~2025-12-03,https://finance.sina.com.cn/realstock/company/sz159281/hfq.js,36fe0da1dd3b5f03a74e13f520eb0d8e7f6df51381b5fed9d7b67496c76fd401
SZ159281,2026-01-27,2026-01-27,2026-01-27,0.003,1.0,not_applicable_no_share_change,SZ159281~2026-01-27,https://finance.sina.com.cn/realstock/company/sz159281/hfq.js,36fe0da1dd3b5f03a74e13f520eb0d8e7f6df51381b5fed9d7b67496c76fd401
SZ159281,2026-02-10,2026-02-10,2026-02-10,0.0029999999999999,1.0,not_applicable_no_share_change,SZ159281~2026-02-10,https://finance.sina.com.cn/realstock/company/sz159281/hfq.js,36fe0da1dd3b5f03a74e13f520eb0d8e7f6df51381b5fed9d7b67496c76fd401
SZ159281,2026-03-10,2026-03-10,2026-03-10,0.003,1.0,not_applicable_no_share_change,SZ159281~2026-03-10,https://finance.sina.com.cn/realstock/company/sz159281/hfq.js,36fe0da1dd3b5f03a74e13f520eb0d8e7f6df51381b5fed9d7b67496c76fd401
SZ159281,2026-04-01,2026-04-01,2026-04-01,0.0029999999999999,1.0,not_applicable_no_share_change,SZ159281~2026-04-01,https://finance.sina.com.cn/realstock/company/sz159281/hfq.js,36fe0da1dd3b5f03a74e13f520eb0d8e7f6df51381b5fed9d7b67496c76fd401
SZ159281,2026-05-08,2026-05-08,2026-05-08,0.0029999999999999,1.0,not_applicable_no_share_change,SZ159281~2026-05-08,https://finance.sina.com.cn/realstock/company/sz159281/hfq.js,36fe0da1dd3b5f03a74e13f520eb0d8e7f6df51381b5fed9d7b67496c76fd401
SZ159300,2024-06-25,2024-06-25,2024-06-25,0.0,0.2788902,unknown_not_provided_by_sina_hfq,SZ159300~2024-06-25,https://finance.sina.com.cn/realstock/company/sz159300/hfq.js,208c3313a0d2c11340e58884743a1493a6e8b9d9b86b243f1e0620e10aa82205
SZ159305,2026-05-21,2026-05-21,2026-05-21,0.0,2.0,unknown_not_provided_by_sina_hfq,SZ159305~2026-05-21,https://finance.sina.com.cn/realstock/company/sz159305/hfq.js,5d67c64b9250569cea65edecf17377e72db3a05a1b11deeb068322e4d561ff47
SZ159307,2024-09-19,2024-09-19,2024-09-19,0.014,1.0,not_applicable_no_share_change,SZ159307~2024-09-19,https://finance.sina.com.cn/realstock/company/sz159307/hfq.js,8b418c65827fb5f263725eba21131f7507b5aab60650cc719242df687d08f254
SZ159307,2024-12-18,2024-12-18,2024-12-18,0.0119999999999999,1.0,not_applicable_no_share_change,SZ159307~2024-12-18,https://finance.sina.com.cn/realstock/company/sz159307/hfq.js,8b418c65827fb5f263725eba21131f7507b5aab60650cc719242df687d08f254
SZ159307,2025-03-18,2025-03-18,2025-03-18,0.012,1.0,not_applicable_no_share_change,SZ159307~2025-03-18,https://finance.sina.com.cn/realstock/company/sz159307/hfq.js,8b418c65827fb5f263725eba21131f7507b5aab60650cc719242df687d08f254
SZ159307,2025-06-20,2025-06-20,2025-06-20,0.0126,1.0,not_applicable_no_share_change,SZ159307~2025-06-20,https://finance.sina.com.cn/realstock/company/sz159307/hfq.js,8b418c65827fb5f263725eba21131f7507b5aab60650cc719242df687d08f254
SZ159307,2025-09-16,2025-09-16,2025-09-16,0.013,1.0,not_applicable_no_share_change,SZ159307~2025-09-16,https://finance.sina.com.cn/realstock/company/sz159307/hfq.js,8b418c65827fb5f263725eba21131f7507b5aab60650cc719242df687d08f254
SZ159307,2025-12-15,2025-12-15,2025-12-15,0.0118999999999999,1.0,not_applicable_no_share_change,SZ159307~2025-12-15,https://finance.sina.com.cn/realstock/company/sz159307/hfq.js,8b418c65827fb5f263725eba21131f7507b5aab60650cc719242df687d08f254
SZ159307,2026-03-13,2026-03-13,2026-03-13,0.0131,1.0,not_applicable_no_share_change,SZ159307~2026-03-13,https://finance.sina.com.cn/realstock/company/sz159307/hfq.js,8b418c65827fb5f263725eba21131f7507b5aab60650cc719242df687d08f254
SZ159307,2026-06-12,2026-06-12,2026-06-12,0.0126,1.0,not_applicable_no_share_change,SZ159307~2026-06-12,https://finance.sina.com.cn/realstock/company/sz159307/hfq.js,8b418c65827fb5f263725eba21131f7507b5aab60650cc719242df687d08f254
SZ159320,2026-07-15,2026-07-15,2026-07-15,0.0,3.0,unknown_not_provided_by_sina_hfq,SZ159320~2026-07-15,https://finance.sina.com.cn/realstock/company/sz159320/hfq.js,d63050e25865d05bd707e1bcdb59a39b10073cc7bc36fc7ec0f3e24696e82809
SZ159327,2026-07-20,2026-07-20,2026-07-20,0.0,3.0,unknown_not_provided_by_sina_hfq,SZ159327~2026-07-20,https://finance.sina.com.cn/realstock/company/sz159327/hfq.js,5e71cf325dc6a4765c456045e285ef285f0d8309014dda3791b573b41ebd5304
SZ159331,2024-09-18,2024-09-18,2024-09-18,0.001,1.0,not_applicable_no_share_change,SZ159331~2024-09-18,https://finance.sina.com.cn/realstock/company/sz159331/hfq.js,a40938e4af7f4119f62d6dd7efbfb4c77298883e226d56bc042f47297c10a5e1
SZ159331,2024-09-27,2024-09-27,2024-09-27,0.0018999999999999,1.0,not_applicable_no_share_change,SZ159331~2024-09-27,https://finance.sina.com.cn/realstock/company/sz159331/hfq.js,a40938e4af7f4119f62d6dd7efbfb4c77298883e226d56bc042f47297c10a5e1
SZ159331,2024-11-06,2024-11-06,2024-11-06,0.0022,1.0,not_applicable_no_share_change,SZ159331~2024-11-06,https://finance.sina.com.cn/realstock/company/sz159331/hfq.js,a40938e4af7f4119f62d6dd7efbfb4c77298883e226d56bc042f47297c10a5e1
SZ159331,2024-12-04,2024-12-04,2024-12-04,0.0020999999999999,1.0,not_applicable_no_share_change,SZ159331~2024-12-04,https://finance.sina.com.cn/realstock/company/sz159331/hfq.js,a40938e4af7f4119f62d6dd7efbfb4c77298883e226d56bc042f47297c10a5e1
SZ159331,2025-01-06,2025-01-06,2025-01-06,0.0022,1.0,not_applicable_no_share_change,SZ159331~2025-01-06,https://finance.sina.com.cn/realstock/company/sz159331/hfq.js,a40938e4af7f4119f62d6dd7efbfb4c77298883e226d56bc042f47297c10a5e1
SZ159331,2025-02-05,2025-02-05,2025-02-05,0.0020999999999999,1.0,not_applicable_no_share_change,SZ159331~2025-02-05,https://finance.sina.com.cn/realstock/company/sz159331/hfq.js,a40938e4af7f4119f62d6dd7efbfb4c77298883e226d56bc042f47297c10a5e1
SZ159331,2025-03-05,2025-03-05,2025-03-05,0.0022,1.0,not_applicable_no_share_change,SZ159331~2025-03-05,https://finance.sina.com.cn/realstock/company/sz159331/hfq.js,a40938e4af7f4119f62d6dd7efbfb4c77298883e226d56bc042f47297c10a5e1
SZ159331,2025-04-03,2025-04-03,2025-04-03,0.0023,1.0,not_applicable_no_share_change,SZ159331~2025-04-03,https://finance.sina.com.cn/realstock/company/sz159331/hfq.js,a40938e4af7f4119f62d6dd7efbfb4c77298883e226d56bc042f47297c10a5e1
SZ159331,2025-05-06,2025-05-06,2025-05-06,0.0022,1.0,not_applicable_no_share_change,SZ159331~2025-05-06,https://finance.sina.com.cn/realstock/company/sz159331/hfq.js,a40938e4af7f4119f62d6dd7efbfb4c77298883e226d56bc042f47297c10a5e1
SZ159331,2025-06-04,2025-06-04,2025-06-04,0.0023999999999999,1.0,not_applicable_no_share_change,SZ159331~2025-06-04,https://finance.sina.com.cn/realstock/company/sz159331/hfq.js,a40938e4af7f4119f62d6dd7efbfb4c77298883e226d56bc042f47297c10a5e1
SZ159331,2025-07-04,2025-07-04,2025-07-04,0.0024999999999999,1.0,not_applicable_no_share_change,SZ159331~2025-07-04,https://finance.sina.com.cn/realstock/company/sz159331/hfq.js,a40938e4af7f4119f62d6dd7efbfb4c77298883e226d56bc042f47297c10a5e1
SZ159331,2025-08-06,2025-08-06,2025-08-06,0.004,1.0,not_applicable_no_share_change,SZ159331~2025-08-06,https://finance.sina.com.cn/realstock/company/sz159331/hfq.js,a40938e4af7f4119f62d6dd7efbfb4c77298883e226d56bc042f47297c10a5e1
SZ159331,2025-09-04,2025-09-04,2025-09-04,0.004,1.0,not_applicable_no_share_change,SZ159331~2025-09-04,https://finance.sina.com.cn/realstock/company/sz159331/hfq.js,a40938e4af7f4119f62d6dd7efbfb4c77298883e226d56bc042f47297c10a5e1
SZ159331,2025-09-29,2025-09-29,2025-09-29,0.004,1.0,not_applicable_no_share_change,SZ159331~2025-09-29,https://finance.sina.com.cn/realstock/company/sz159331/hfq.js,a40938e4af7f4119f62d6dd7efbfb4c77298883e226d56bc042f47297c10a5e1
SZ159331,2025-11-05,2025-11-05,2025-11-05,0.004,1.0,not_applicable_no_share_change,SZ159331~2025-11-05,https://finance.sina.com.cn/realstock/company/sz159331/hfq.js,a40938e4af7f4119f62d6dd7efbfb4c77298883e226d56bc042f47297c10a5e1
SZ159331,2025-12-04,2025-12-04,2025-12-04,0.0039999999999999,1.0,not_applicable_no_share_change,SZ159331~2025-12-04,https://finance.sina.com.cn/realstock/company/sz159331/hfq.js,a40938e4af7f4119f62d6dd7efbfb4c77298883e226d56bc042f47297c10a5e1
SZ159331,2026-01-06,2026-01-06,2026-01-06,0.0039,1.0,not_applicable_no_share_change,SZ159331~2026-01-06,https://finance.sina.com.cn/realstock/company/sz159331/hfq.js,a40938e4af7f4119f62d6dd7efbfb4c77298883e226d56bc042f47297c10a5e1
SZ159331,2026-02-04,2026-02-04,2026-02-04,0.0037999999999999,1.0,not_applicable_no_share_change,SZ159331~2026-02-04,https://finance.sina.com.cn/realstock/company/sz159331/hfq.js,a40938e4af7f4119f62d6dd7efbfb4c77298883e226d56bc042f47297c10a5e1
SZ159331,2026-03-04,2026-03-04,2026-03-04,0.0040999999999999,1.0,not_applicable_no_share_change,SZ159331~2026-03-04,https://finance.sina.com.cn/realstock/company/sz159331/hfq.js,a40938e4af7f4119f62d6dd7efbfb4c77298883e226d56bc042f47297c10a5e1
SZ159331,2026-04-03,2026-04-03,2026-04-03,0.0033,1.0,not_applicable_no_share_change,SZ159331~2026-04-03,https://finance.sina.com.cn/realstock/company/sz159331/hfq.js,a40938e4af7f4119f62d6dd7efbfb4c77298883e226d56bc042f47297c10a5e1
SZ159331,2026-05-11,2026-05-11,2026-05-11,0.0034,1.0,not_applicable_no_share_change,SZ159331~2026-05-11,https://finance.sina.com.cn/realstock/company/sz159331/hfq.js,a40938e4af7f4119f62d6dd7efbfb4c77298883e226d56bc042f47297c10a5e1
SZ159331,2026-06-04,2026-06-04,2026-06-04,0.0032999999999999,1.0,not_applicable_no_share_change,SZ159331~2026-06-04,https://finance.sina.com.cn/realstock/company/sz159331/hfq.js,a40938e4af7f4119f62d6dd7efbfb4c77298883e226d56bc042f47297c10a5e1
SZ159331,2026-07-06,2026-07-06,2026-07-06,0.003,1.0,not_applicable_no_share_change,SZ159331~2026-07-06,https://finance.sina.com.cn/realstock/company/sz159331/hfq.js,a40938e4af7f4119f62d6dd7efbfb4c77298883e226d56bc042f47297c10a5e1
SZ159331,2026-08-05,2026-08-05,2026-08-05,0.0031999999999999,1.0,not_applicable_no_share_change,SZ159331~2026-08-05,https://finance.sina.com.cn/realstock/company/sz159331/hfq.js,a40938e4af7f4119f62d6dd7efbfb4c77298883e226d56bc042f47297c10a5e1
SZ159332,2025-01-15,2025-01-15,2025-01-15,0.0018,1.0,not_applicable_no_share_change,SZ159332~2025-01-15,https://finance.sina.com.cn/realstock/company/sz159332/hfq.js,563fb334a27f158432872d9a835bff071c95b9ebbf3fba787b1ad4d001dc10b3
SZ159332,2025-04-15,2025-04-15,2025-04-15,0.0049999999999999,1.0,not_applicable_no_share_change,SZ159332~2025-04-15,https://finance.sina.com.cn/realstock/company/sz159332/hfq.js,563fb334a27f158432872d9a835bff071c95b9ebbf3fba787b1ad4d001dc10b3
SZ159332,2025-07-15,2025-07-15,2025-07-15,0.009,1.0,not_applicable_no_share_change,SZ159332~2025-07-15,https://finance.sina.com.cn/realstock/company/sz159332/hfq.js,563fb334a27f158432872d9a835bff071c95b9ebbf3fba787b1ad4d001dc10b3
SZ159332,2025-10-23,2025-10-23,2025-10-23,0.0094999999999999,1.0,not_applicable_no_share_change,SZ159332~2025-10-23,https://finance.sina.com.cn/realstock/company/sz159332/hfq.js,563fb334a27f158432872d9a835bff071c95b9ebbf3fba787b1ad4d001dc10b3
SZ159332,2026-01-20,2026-01-20,2026-01-20,0.0098,1.0,not_applicable_no_share_change,SZ159332~2026-01-20,https://finance.sina.com.cn/realstock/company/sz159332/hfq.js,563fb334a27f158432872d9a835bff071c95b9ebbf3fba787b1ad4d001dc10b3
SZ159332,2026-04-20,2026-04-20,2026-04-20,0.01,1.0,not_applicable_no_share_change,SZ159332~2026-04-20,https://finance.sina.com.cn/realstock/company/sz159332/hfq.js,563fb334a27f158432872d9a835bff071c95b9ebbf3fba787b1ad4d001dc10b3
SZ159332,2026-07-16,2026-07-16,2026-07-16,0.0085999999999999,1.0,not_applicable_no_share_change,SZ159332~2026-07-16,https://finance.sina.com.cn/realstock/company/sz159332/hfq.js,563fb334a27f158432872d9a835bff071c95b9ebbf3fba787b1ad4d001dc10b3
SZ159333,2025-08-12,2025-08-12,2025-08-12,0.003,1.0,not_applicable_no_share_change,SZ159333~2025-08-12,https://finance.sina.com.cn/realstock/company/sz159333/hfq.js,6485d832a00fab167a97982286c9cfb0e21395126e51ee5ca1d9e67e3fdc8211
SZ159333,2025-09-09,2025-09-09,2025-09-09,0.003,1.0,not_applicable_no_share_change,SZ159333~2025-09-09,https://finance.sina.com.cn/realstock/company/sz159333/hfq.js,6485d832a00fab167a97982286c9cfb0e21395126e51ee5ca1d9e67e3fdc8211
SZ159333,2025-10-21,2025-10-21,2025-10-21,0.0029999999999999,1.0,not_applicable_no_share_change,SZ159333~2025-10-21,https://finance.sina.com.cn/realstock/company/sz159333/hfq.js,6485d832a00fab167a97982286c9cfb0e21395126e51ee5ca1d9e67e3fdc8211
SZ159333,2025-11-18,2025-11-18,2025-11-18,0.003,1.0,not_applicable_no_share_change,SZ159333~2025-11-18,https://finance.sina.com.cn/realstock/company/sz159333/hfq.js,6485d832a00fab167a97982286c9cfb0e21395126e51ee5ca1d9e67e3fdc8211
SZ159333,2025-12-09,2025-12-09,2025-12-09,0.0029999999999999,1.0,not_applicable_no_share_change,SZ159333~2025-12-09,https://finance.sina.com.cn/realstock/company/sz159333/hfq.js,6485d832a00fab167a97982286c9cfb0e21395126e51ee5ca1d9e67e3fdc8211
SZ159333,2026-01-20,2026-01-20,2026-01-20,0.0029999999999999,1.0,not_applicable_no_share_change,SZ159333~2026-01-20,https://finance.sina.com.cn/realstock/company/sz159333/hfq.js,6485d832a00fab167a97982286c9cfb0e21395126e51ee5ca1d9e67e3fdc8211
SZ159333,2026-02-10,2026-02-10,2026-02-10,0.005,1.0,not_applicable_no_share_change,SZ159333~2026-02-10,https://finance.sina.com.cn/realstock/company/sz159333/hfq.js,6485d832a00fab167a97982286c9cfb0e21395126e51ee5ca1d9e67e3fdc8211
SZ159333,2026-03-10,2026-03-10,2026-03-10,0.0029999999999999,1.0,not_applicable_no_share_change,SZ159333~2026-03-10,https://finance.sina.com.cn/realstock/company/sz159333/hfq.js,6485d832a00fab167a97982286c9cfb0e21395126e51ee5ca1d9e67e3fdc8211
SZ159333,2026-04-14,2026-04-14,2026-04-14,0.003,1.0,not_applicable_no_share_change,SZ159333~2026-04-14,https://finance.sina.com.cn/realstock/company/sz159333/hfq.js,6485d832a00fab167a97982286c9cfb0e21395126e51ee5ca1d9e67e3fdc8211
SZ159333,2026-05-19,2026-05-19,2026-05-19,0.004,1.0,not_applicable_no_share_change,SZ159333~2026-05-19,https://finance.sina.com.cn/realstock/company/sz159333/hfq.js,6485d832a00fab167a97982286c9cfb0e21395126e51ee5ca1d9e67e3fdc8211
SZ159333,2026-06-16,2026-06-16,2026-06-16,0.0039999999999999,1.0,not_applicable_no_share_change,SZ159333~2026-06-16,https://finance.sina.com.cn/realstock/company/sz159333/hfq.js,6485d832a00fab167a97982286c9cfb0e21395126e51ee5ca1d9e67e3fdc8211
SZ159333,2026-07-14,2026-07-14,2026-07-14,0.004,1.0,not_applicable_no_share_change,SZ159333~2026-07-14,https://finance.sina.com.cn/realstock/company/sz159333/hfq.js,6485d832a00fab167a97982286c9cfb0e21395126e51ee5ca1d9e67e3fdc8211
SZ159336,2025-10-23,2025-10-23,2025-10-23,0.03,1.0,not_applicable_no_share_change,SZ159336~2025-10-23,https://finance.sina.com.cn/realstock/company/sz159336/hfq.js,3226cdaee9d63f903fbd6e06e8a6384a6cbcaa6fd39b4ff0487588abbee626c7
SZ159351,2025-01-16,2025-01-16,2025-01-16,0.001,1.0,not_applicable_no_share_change,SZ159351~2025-01-16,https://finance.sina.com.cn/realstock/company/sz159351/hfq.js,c4e650edd5d412e46ac17c3d1014ce75102fc6534f39d178d3ce016de3c942d2
SZ159351,2025-04-16,2025-04-16,2025-04-16,0.001,1.0,not_applicable_no_share_change,SZ159351~2025-04-16,https://finance.sina.com.cn/realstock/company/sz159351/hfq.js,c4e650edd5d412e46ac17c3d1014ce75102fc6534f39d178d3ce016de3c942d2
SZ159351,2025-07-15,2025-07-15,2025-07-15,0.0063999999999999,1.0,not_applicable_no_share_change,SZ159351~2025-07-15,https://finance.sina.com.cn/realstock/company/sz159351/hfq.js,c4e650edd5d412e46ac17c3d1014ce75102fc6534f39d178d3ce016de3c942d2
SZ159351,2025-10-22,2025-10-22,2025-10-22,0.0075,1.0,not_applicable_no_share_change,SZ159351~2025-10-22,https://finance.sina.com.cn/realstock/company/sz159351/hfq.js,c4e650edd5d412e46ac17c3d1014ce75102fc6534f39d178d3ce016de3c942d2
SZ159351,2026-01-19,2026-01-19,2026-01-19,0.0054999999999999,1.0,not_applicable_no_share_change,SZ159351~2026-01-19,https://finance.sina.com.cn/realstock/company/sz159351/hfq.js,c4e650edd5d412e46ac17c3d1014ce75102fc6534f39d178d3ce016de3c942d2
SZ159351,2026-04-15,2026-04-15,2026-04-15,0.0027,1.0,not_applicable_no_share_change,SZ159351~2026-04-15,https://finance.sina.com.cn/realstock/company/sz159351/hfq.js,c4e650edd5d412e46ac17c3d1014ce75102fc6534f39d178d3ce016de3c942d2
SZ159351,2026-07-15,2026-07-15,2026-07-15,0.0062,1.0,not_applicable_no_share_change,SZ159351~2026-07-15,https://finance.sina.com.cn/realstock/company/sz159351/hfq.js,c4e650edd5d412e46ac17c3d1014ce75102fc6534f39d178d3ce016de3c942d2
SZ159352,2025-07-14,2025-07-14,2025-07-14,0.011,1.0,not_applicable_no_share_change,SZ159352~2025-07-14,https://finance.sina.com.cn/realstock/company/sz159352/hfq.js,eefaeb40dcb5dd686974f744fb26c356f6e28bd8c28cd2a002467573994c195a
SZ159353,2025-06-23,2025-06-23,2025-06-23,0.0063,1.0,not_applicable_no_share_change,SZ159353~2025-06-23,https://finance.sina.com.cn/realstock/company/sz159353/hfq.js,7833b145c49c072d113a1089bbb2476cc28b5bd640a0d0c928058363c2272e11
SZ159355,2025-07-15,2025-07-15,2025-07-15,0.0098,1.0,not_applicable_no_share_change,SZ159355~2025-07-15,https://finance.sina.com.cn/realstock/company/sz159355/hfq.js,e8fe6bbc6c9086af47854f192dfc7e9cd1bab99c90fb25d03e6e7ac95f18c522
SZ159355,2025-10-22,2025-10-22,2025-10-22,0.0137,1.0,not_applicable_no_share_change,SZ159355~2025-10-22,https://finance.sina.com.cn/realstock/company/sz159355/hfq.js,e8fe6bbc6c9086af47854f192dfc7e9cd1bab99c90fb25d03e6e7ac95f18c522
SZ159355,2026-01-19,2026-01-19,2026-01-19,0.0075999999999999,1.0,not_applicable_no_share_change,SZ159355~2026-01-19,https://finance.sina.com.cn/realstock/company/sz159355/hfq.js,e8fe6bbc6c9086af47854f192dfc7e9cd1bab99c90fb25d03e6e7ac95f18c522
SZ159355,2026-07-15,2026-07-15,2026-07-15,0.0096,1.0,not_applicable_no_share_change,SZ159355~2026-07-15,https://finance.sina.com.cn/realstock/company/sz159355/hfq.js,e8fe6bbc6c9086af47854f192dfc7e9cd1bab99c90fb25d03e6e7ac95f18c522
SZ159357,2025-01-21,2025-01-21,2025-01-21,0.0015,1.0,not_applicable_no_share_change,SZ159357~2025-01-21,https://finance.sina.com.cn/realstock/company/sz159357/hfq.js,7e5d284bf52c0c619882d5e33221c2f29cae952af5684f2c7ba9116f9b0993cb
SZ159357,2025-07-17,2025-07-17,2025-07-17,0.0010999999999999,1.0,not_applicable_no_share_change,SZ159357~2025-07-17,https://finance.sina.com.cn/realstock/company/sz159357/hfq.js,7e5d284bf52c0c619882d5e33221c2f29cae952af5684f2c7ba9116f9b0993cb
SZ159357,2025-08-14,2025-08-14,2025-08-14,0.0012,1.0,not_applicable_no_share_change,SZ159357~2025-08-14,https://finance.sina.com.cn/realstock/company/sz159357/hfq.js,7e5d284bf52c0c619882d5e33221c2f29cae952af5684f2c7ba9116f9b0993cb
SZ159357,2025-09-16,2025-09-16,2025-09-16,0.0016,1.0,not_applicable_no_share_change,SZ159357~2025-09-16,https://finance.sina.com.cn/realstock/company/sz159357/hfq.js,7e5d284bf52c0c619882d5e33221c2f29cae952af5684f2c7ba9116f9b0993cb
SZ159357,2025-10-22,2025-10-22,2025-10-22,0.0020999999999999,1.0,not_applicable_no_share_change,SZ159357~2025-10-22,https://finance.sina.com.cn/realstock/company/sz159357/hfq.js,7e5d284bf52c0c619882d5e33221c2f29cae952af5684f2c7ba9116f9b0993cb
SZ159357,2025-11-14,2025-11-14,2025-11-14,0.002,1.0,not_applicable_no_share_change,SZ159357~2025-11-14,https://finance.sina.com.cn/realstock/company/sz159357/hfq.js,7e5d284bf52c0c619882d5e33221c2f29cae952af5684f2c7ba9116f9b0993cb
SZ159362,2024-12-16,2024-12-16,2024-12-16,0.0066,1.0,not_applicable_no_share_change,SZ159362~2024-12-16,https://finance.sina.com.cn/realstock/company/sz159362/hfq.js,c5fd326fc004cfebecca7e423f02e488a6eb61c3ab41ab10480472238feecd80
SZ159363,2025-07-21,2025-07-21,2025-07-21,0.0,2.0,unknown_not_provided_by_sina_hfq,SZ159363~2025-07-21,https://finance.sina.com.cn/realstock/company/sz159363/hfq.js,0f8188463263c3b746718cd52341dd6d7fff1a338c27f55194e39340bafafedc
SZ159368,2026-07-07,2026-07-07,2026-07-07,0.0,2.0,unknown_not_provided_by_sina_hfq,SZ159368~2026-07-07,https://finance.sina.com.cn/realstock/company/sz159368/hfq.js,cbf75327c80a7c9914deaf29c5cb7e4fe9a0a0397331cd77abd0059b257c4eaf
SZ159375,2026-06-26,2026-06-26,2026-06-26,0.0,2.5,unknown_not_provided_by_sina_hfq,SZ159375~2026-06-26,https://finance.sina.com.cn/realstock/company/sz159375/hfq.js,6c206e0b9330c6d997fbc3a78e65783fd38e1406af01c261fe39c9edc5d7a6bd
SZ159381,2026-06-03,2026-06-03,2026-06-03,0.0,2.0,unknown_not_provided_by_sina_hfq,SZ159381~2026-06-03,https://finance.sina.com.cn/realstock/company/sz159381/hfq.js,271db6e5b085a267369949867ffa105c1873902a59e81af4855498735d7868ec
SZ159387,2026-03-30,2026-03-30,2026-03-30,0.0,2.0,unknown_not_provided_by_sina_hfq,SZ159387~2026-03-30,https://finance.sina.com.cn/realstock/company/sz159387/hfq.js,128bfbd5c55b1b6243fb9b305d1f229a57203fb9af884fdd6bd9f3c1e45afbe4
SZ159388,2026-01-26,2026-01-26,2026-01-26,0.0,2.5,unknown_not_provided_by_sina_hfq,SZ159388~2026-01-26,https://finance.sina.com.cn/realstock/company/sz159388/hfq.js,687cb7e47db23c3420db28946c38836cbf69dcddc1ca5315b3853b9d520b6d67
SZ159390,2025-04-18,2025-04-18,2025-04-18,0.0085,1.0,not_applicable_no_share_change,SZ159390~2025-04-18,https://finance.sina.com.cn/realstock/company/sz159390/hfq.js,0fabe590b3e913f262107400fab6f058dd4695d358ad090cd90fb382d862e4e7
SZ159390,2025-05-16,2025-05-16,2025-05-16,0.006,1.0,not_applicable_no_share_change,SZ159390~2025-05-16,https://finance.sina.com.cn/realstock/company/sz159390/hfq.js,0fabe590b3e913f262107400fab6f058dd4695d358ad090cd90fb382d862e4e7
SZ159390,2025-06-13,2025-06-13,2025-06-13,0.006,1.0,not_applicable_no_share_change,SZ159390~2025-06-13,https://finance.sina.com.cn/realstock/company/sz159390/hfq.js,0fabe590b3e913f262107400fab6f058dd4695d358ad090cd90fb382d862e4e7
SZ159390,2025-07-18,2025-07-18,2025-07-18,0.0029999999999999,1.0,not_applicable_no_share_change,SZ159390~2025-07-18,https://finance.sina.com.cn/realstock/company/sz159390/hfq.js,0fabe590b3e913f262107400fab6f058dd4695d358ad090cd90fb382d862e4e7
SZ159390,2025-08-15,2025-08-15,2025-08-15,0.0029999999999999,1.0,not_applicable_no_share_change,SZ159390~2025-08-15,https://finance.sina.com.cn/realstock/company/sz159390/hfq.js,0fabe590b3e913f262107400fab6f058dd4695d358ad090cd90fb382d862e4e7
SZ159390,2025-09-15,2025-09-15,2025-09-15,0.0029999999999999,1.0,not_applicable_no_share_change,SZ159390~2025-09-15,https://finance.sina.com.cn/realstock/company/sz159390/hfq.js,0fabe590b3e913f262107400fab6f058dd4695d358ad090cd90fb382d862e4e7
SZ159390,2025-10-21,2025-10-21,2025-10-21,0.003,1.0,not_applicable_no_share_change,SZ159390~2025-10-21,https://finance.sina.com.cn/realstock/company/sz159390/hfq.js,0fabe590b3e913f262107400fab6f058dd4695d358ad090cd90fb382d862e4e7
SZ159390,2025-11-18,2025-11-18,2025-11-18,0.0029999999999999,1.0,not_applicable_no_share_change,SZ159390~2025-11-18,https://finance.sina.com.cn/realstock/company/sz159390/hfq.js,0fabe590b3e913f262107400fab6f058dd4695d358ad090cd90fb382d862e4e7
SZ159390,2025-12-22,2025-12-22,2025-12-22,0.003,1.0,not_applicable_no_share_change,SZ159390~2025-12-22,https://finance.sina.com.cn/realstock/company/sz159390/hfq.js,0fabe590b3e913f262107400fab6f058dd4695d358ad090cd90fb382d862e4e7
SZ159390,2026-01-21,2026-01-21,2026-01-21,0.003,1.0,not_applicable_no_share_change,SZ159390~2026-01-21,https://finance.sina.com.cn/realstock/company/sz159390/hfq.js,0fabe590b3e913f262107400fab6f058dd4695d358ad090cd90fb382d862e4e7
SZ159390,2026-02-24,2026-02-24,2026-02-24,0.0029999999999999,1.0,not_applicable_no_share_change,SZ159390~2026-02-24,https://finance.sina.com.cn/realstock/company/sz159390/hfq.js,0fabe590b3e913f262107400fab6f058dd4695d358ad090cd90fb382d862e4e7
SZ159390,2026-03-23,2026-03-23,2026-03-23,0.003,1.0,not_applicable_no_share_change,SZ159390~2026-03-23,https://finance.sina.com.cn/realstock/company/sz159390/hfq.js,0fabe590b3e913f262107400fab6f058dd4695d358ad090cd90fb382d862e4e7
SZ159390,2026-04-20,2026-04-20,2026-04-20,0.003,1.0,not_applicable_no_share_change,SZ159390~2026-04-20,https://finance.sina.com.cn/realstock/company/sz159390/hfq.js,0fabe590b3e913f262107400fab6f058dd4695d358ad090cd90fb382d862e4e7
SZ159390,2026-05-25,2026-05-25,2026-05-25,0.0029999999999999,1.0,not_applicable_no_share_change,SZ159390~2026-05-25,https://finance.sina.com.cn/realstock/company/sz159390/hfq.js,0fabe590b3e913f262107400fab6f058dd4695d358ad090cd90fb382d862e4e7
SZ159390,2026-06-17,2026-06-17,2026-06-17,0.003,1.0,not_applicable_no_share_change,SZ159390~2026-06-17,https://finance.sina.com.cn/realstock/company/sz159390/hfq.js,0fabe590b3e913f262107400fab6f058dd4695d358ad090cd90fb382d862e4e7
SZ159393,2025-03-31,2025-03-31,2025-03-31,0.0,0.255283787,unknown_not_provided_by_sina_hfq,SZ159393~2025-03-31,https://finance.sina.com.cn/realstock/company/sz159393/hfq.js,53d05004331bdcb21a40dfcc66f5753ee09a18027c14d9de6949207c1253b9e6
SZ159399,2025-03-14,2025-03-14,2025-03-14,0.001,1.0,not_applicable_no_share_change,SZ159399~2025-03-14,https://finance.sina.com.cn/realstock/company/sz159399/hfq.js,454db143dd4923419590da9b24145c29119cdb444097abf7868fa808f27b6ae1
SZ159399,2025-04-16,2025-04-16,2025-04-16,0.003,1.0,not_applicable_no_share_change,SZ159399~2025-04-16,https://finance.sina.com.cn/realstock/company/sz159399/hfq.js,454db143dd4923419590da9b24145c29119cdb444097abf7868fa808f27b6ae1
SZ159399,2025-05-14,2025-05-14,2025-05-14,0.0029,1.0,not_applicable_no_share_change,SZ159399~2025-05-14,https://finance.sina.com.cn/realstock/company/sz159399/hfq.js,454db143dd4923419590da9b24145c29119cdb444097abf7868fa808f27b6ae1
SZ159399,2025-06-16,2025-06-16,2025-06-16,0.002,1.0,not_applicable_no_share_change,SZ159399~2025-06-16,https://finance.sina.com.cn/realstock/company/sz159399/hfq.js,454db143dd4923419590da9b24145c29119cdb444097abf7868fa808f27b6ae1
SZ159399,2025-07-16,2025-07-16,2025-07-16,0.0026,1.0,not_applicable_no_share_change,SZ159399~2025-07-16,https://finance.sina.com.cn/realstock/company/sz159399/hfq.js,454db143dd4923419590da9b24145c29119cdb444097abf7868fa808f27b6ae1
SZ159399,2025-08-14,2025-08-14,2025-08-14,0.0026,1.0,not_applicable_no_share_change,SZ159399~2025-08-14,https://finance.sina.com.cn/realstock/company/sz159399/hfq.js,454db143dd4923419590da9b24145c29119cdb444097abf7868fa808f27b6ae1
SZ159399,2025-09-16,2025-09-16,2025-09-16,0.0027999999999999,1.0,not_applicable_no_share_change,SZ159399~2025-09-16,https://finance.sina.com.cn/realstock/company/sz159399/hfq.js,454db143dd4923419590da9b24145c29119cdb444097abf7868fa808f27b6ae1
SZ159399,2025-10-15,2025-10-15,2025-10-15,0.0028,1.0,not_applicable_no_share_change,SZ159399~2025-10-15,https://finance.sina.com.cn/realstock/company/sz159399/hfq.js,454db143dd4923419590da9b24145c29119cdb444097abf7868fa808f27b6ae1
SZ159399,2025-11-14,2025-11-14,2025-11-14,0.0029,1.0,not_applicable_no_share_change,SZ159399~2025-11-14,https://finance.sina.com.cn/realstock/company/sz159399/hfq.js,454db143dd4923419590da9b24145c29119cdb444097abf7868fa808f27b6ae1
SZ159399,2025-12-16,2025-12-16,2025-12-16,0.0029,1.0,not_applicable_no_share_change,SZ159399~2025-12-16,https://finance.sina.com.cn/realstock/company/sz159399/hfq.js,454db143dd4923419590da9b24145c29119cdb444097abf7868fa808f27b6ae1
SZ159399,2026-01-14,2026-01-14,2026-01-14,0.0029,1.0,not_applicable_no_share_change,SZ159399~2026-01-14,https://finance.sina.com.cn/realstock/company/sz159399/hfq.js,454db143dd4923419590da9b24145c29119cdb444097abf7868fa808f27b6ae1
SZ159399,2026-02-10,2026-02-10,2026-02-10,0.0029999999999999,1.0,not_applicable_no_share_change,SZ159399~2026-02-10,https://finance.sina.com.cn/realstock/company/sz159399/hfq.js,454db143dd4923419590da9b24145c29119cdb444097abf7868fa808f27b6ae1
SZ159399,2026-03-16,2026-03-16,2026-03-16,0.003,1.0,not_applicable_no_share_change,SZ159399~2026-03-16,https://finance.sina.com.cn/realstock/company/sz159399/hfq.js,454db143dd4923419590da9b24145c29119cdb444097abf7868fa808f27b6ae1
SZ159399,2026-04-15,2026-04-15,2026-04-15,0.0027999999999999,1.0,not_applicable_no_share_change,SZ159399~2026-04-15,https://finance.sina.com.cn/realstock/company/sz159399/hfq.js,454db143dd4923419590da9b24145c29119cdb444097abf7868fa808f27b6ae1
SZ159399,2026-05-14,2026-05-14,2026-05-14,0.0028,1.0,not_applicable_no_share_change,SZ159399~2026-05-14,https://finance.sina.com.cn/realstock/company/sz159399/hfq.js,454db143dd4923419590da9b24145c29119cdb444097abf7868fa808f27b6ae1
SZ159399,2026-06-16,2026-06-16,2026-06-16,0.0025999999999999,1.0,not_applicable_no_share_change,SZ159399~2026-06-16,https://finance.sina.com.cn/realstock/company/sz159399/hfq.js,454db143dd4923419590da9b24145c29119cdb444097abf7868fa808f27b6ae1
SZ159399,2026-07-15,2026-07-15,2026-07-15,0.0023,1.0,not_applicable_no_share_change,SZ159399~2026-07-15,https://finance.sina.com.cn/realstock/company/sz159399/hfq.js,454db143dd4923419590da9b24145c29119cdb444097abf7868fa808f27b6ae1
SZ159507,2026-06-09,2026-06-09,2026-06-09,0.0,3.0,unknown_not_provided_by_sina_hfq,SZ159507~2026-06-09,https://finance.sina.com.cn/realstock/company/sz159507/hfq.js,fdfc18b910f2410ef7cefc546b74e8f9c45a31c769211d79ef25dea91c44ca88
SZ159516,2026-03-30,2026-03-30,2026-03-30,0.0,2.0,unknown_not_provided_by_sina_hfq,SZ159516~2026-03-30,https://finance.sina.com.cn/realstock/company/sz159516/hfq.js,2b61e1189080fe3b4e262ca3f4acd775ee22052c36813885267b466ec9d3a19e
SZ159516,2026-07-10,2026-07-10,2026-07-10,0.0,2.0,unknown_not_provided_by_sina_hfq,SZ159516~2026-07-10,https://finance.sina.com.cn/realstock/company/sz159516/hfq.js,2b61e1189080fe3b4e262ca3f4acd775ee22052c36813885267b466ec9d3a19e
SZ159527,2026-07-22,2026-07-22,2026-07-22,0.0,3.0,unknown_not_provided_by_sina_hfq,SZ159527~2026-07-22,https://finance.sina.com.cn/realstock/company/sz159527/hfq.js,c9f93aa4179cfbb6a4027732db5ea4dc44fe6ded90563333e8009a6a47dd5a4f
SZ159537,2026-06-26,2026-06-26,2026-06-26,0.0,2.0,unknown_not_provided_by_sina_hfq,SZ159537~2026-06-26,https://finance.sina.com.cn/realstock/company/sz159537/hfq.js,85ea0c80e62f545fc8265a70398b9e2d5ac8fec10ad494f739df0d7eab875ec0
SZ159538,2026-07-17,2026-07-17,2026-07-17,0.0,2.0,unknown_not_provided_by_sina_hfq,SZ159538~2026-07-17,https://finance.sina.com.cn/realstock/company/sz159538/hfq.js,cd7ed114875c7090fd088143e4122fddc660c82022cd284e7ddc3557473ce78b
SZ159545,2024-08-14,2024-08-14,2024-08-14,0.016,1.0,not_applicable_no_share_change,SZ159545~2024-08-14,https://finance.sina.com.cn/realstock/company/sz159545/hfq.js,b848c42af0fc2a43607e1dac6bf983729047d1080a8a65815c41060c8e38679d
SZ159545,2024-11-13,2024-11-13,2024-11-13,0.018,1.0,not_applicable_no_share_change,SZ159545~2024-11-13,https://finance.sina.com.cn/realstock/company/sz159545/hfq.js,b848c42af0fc2a43607e1dac6bf983729047d1080a8a65815c41060c8e38679d
SZ159545,2025-02-14,2025-02-14,2025-02-14,0.0119999999999999,1.0,not_applicable_no_share_change,SZ159545~2025-02-14,https://finance.sina.com.cn/realstock/company/sz159545/hfq.js,b848c42af0fc2a43607e1dac6bf983729047d1080a8a65815c41060c8e38679d
SZ159545,2025-05-16,2025-05-16,2025-05-16,0.012,1.0,not_applicable_no_share_change,SZ159545~2025-05-16,https://finance.sina.com.cn/realstock/company/sz159545/hfq.js,b848c42af0fc2a43607e1dac6bf983729047d1080a8a65815c41060c8e38679d
SZ159545,2025-08-13,2025-08-13,2025-08-13,0.0139999999999999,1.0,not_applicable_no_share_change,SZ159545~2025-08-13,https://finance.sina.com.cn/realstock/company/sz159545/hfq.js,b848c42af0fc2a43607e1dac6bf983729047d1080a8a65815c41060c8e38679d
SZ159545,2025-11-12,2025-11-12,2025-11-12,0.01,1.0,not_applicable_no_share_change,SZ159545~2025-11-12,https://finance.sina.com.cn/realstock/company/sz159545/hfq.js,b848c42af0fc2a43607e1dac6bf983729047d1080a8a65815c41060c8e38679d
SZ159545,2026-02-11,2026-02-11,2026-02-11,0.015,1.0,not_applicable_no_share_change,SZ159545~2026-02-11,https://finance.sina.com.cn/realstock/company/sz159545/hfq.js,b848c42af0fc2a43607e1dac6bf983729047d1080a8a65815c41060c8e38679d
SZ159545,2026-05-15,2026-05-15,2026-05-15,0.0139999999999999,1.0,not_applicable_no_share_change,SZ159545~2026-05-15,https://finance.sina.com.cn/realstock/company/sz159545/hfq.js,b848c42af0fc2a43607e1dac6bf983729047d1080a8a65815c41060c8e38679d
SZ159545,2026-08-12,2026-08-12,2026-08-12,0.0139999999999999,1.0,not_applicable_no_share_change,SZ159545~2026-08-12,https://finance.sina.com.cn/realstock/company/sz159545/hfq.js,b848c42af0fc2a43607e1dac6bf983729047d1080a8a65815c41060c8e38679d
SZ159546,2026-06-10,2026-06-10,2026-06-10,0.0,3.0,unknown_not_provided_by_sina_hfq,SZ159546~2026-06-10,https://finance.sina.com.cn/realstock/company/sz159546/hfq.js,8a9b1f5a7751d4f0cdeee19d3f0d31a292a10f09ad9aae81abaacc23dd39888c
SZ159547,2025-09-17,2025-09-17,2025-09-17,0.012,1.0,not_applicable_no_share_change,SZ159547~2025-09-17,https://finance.sina.com.cn/realstock/company/sz159547/hfq.js,ac400675ca9959d1651c4fe4f46862943937c54b052ab34d4d542e23e32209b2
SZ159547,2026-06-15,2026-06-15,2026-06-15,0.012,1.0,not_applicable_no_share_change,SZ159547~2026-06-15,https://finance.sina.com.cn/realstock/company/sz159547/hfq.js,ac400675ca9959d1651c4fe4f46862943937c54b052ab34d4d542e23e32209b2
SZ159558,2026-07-09,2026-07-09,2026-07-09,0.0,3.0,unknown_not_provided_by_sina_hfq,SZ159558~2026-07-09,https://finance.sina.com.cn/realstock/company/sz159558/hfq.js,e891153f2dfd598dc57885b3261a2a98d44b6523b653084211fa3eab83bf934a
SZ159567,2025-08-11,2025-08-11,2025-08-11,0.0,2.0,unknown_not_provided_by_sina_hfq,SZ159567~2025-08-11,https://finance.sina.com.cn/realstock/company/sz159567/hfq.js,cbab8e6e7e0c4c2d61b9ca5ee1584878dc44fcbb3e4cf688fd9c7ac2e837b08c
SZ159569,2025-06-23,2025-06-23,2025-06-23,0.039,1.0,not_applicable_no_share_change,SZ159569~2025-06-23,https://finance.sina.com.cn/realstock/company/sz159569/hfq.js,1a9c27a38c821d3d93c6c7db47d0fca2c295812da45e3943bc17bd835f81a73f
SZ159569,2025-12-23,2025-12-23,2025-12-23,0.0279,1.0,not_applicable_no_share_change,SZ159569~2025-12-23,https://finance.sina.com.cn/realstock/company/sz159569/hfq.js,1a9c27a38c821d3d93c6c7db47d0fca2c295812da45e3943bc17bd835f81a73f
SZ159569,2026-06-24,2026-06-24,2026-06-24,0.0166,1.0,not_applicable_no_share_change,SZ159569~2026-06-24,https://finance.sina.com.cn/realstock/company/sz159569/hfq.js,1a9c27a38c821d3d93c6c7db47d0fca2c295812da45e3943bc17bd835f81a73f
SZ159576,2024-08-14,2024-08-14,2024-08-14,0.002,1.0,not_applicable_no_share_change,SZ159576~2024-08-14,https://finance.sina.com.cn/realstock/company/sz159576/hfq.js,5f35cff61eaef893f246118f6fe12d4b963d2f5632386e71349c4aba1f15d566
SZ159576,2024-11-13,2024-11-13,2024-11-13,0.002,1.0,not_applicable_no_share_change,SZ159576~2024-11-13,https://finance.sina.com.cn/realstock/company/sz159576/hfq.js,5f35cff61eaef893f246118f6fe12d4b963d2f5632386e71349c4aba1f15d566
SZ159576,2025-02-18,2025-02-18,2025-02-18,0.0023,1.0,not_applicable_no_share_change,SZ159576~2025-02-18,https://finance.sina.com.cn/realstock/company/sz159576/hfq.js,5f35cff61eaef893f246118f6fe12d4b963d2f5632386e71349c4aba1f15d566
SZ159576,2025-05-19,2025-05-19,2025-05-19,0.0022,1.0,not_applicable_no_share_change,SZ159576~2025-05-19,https://finance.sina.com.cn/realstock/company/sz159576/hfq.js,5f35cff61eaef893f246118f6fe12d4b963d2f5632386e71349c4aba1f15d566
SZ159576,2025-08-13,2025-08-13,2025-08-13,0.0023999999999999,1.0,not_applicable_no_share_change,SZ159576~2025-08-13,https://finance.sina.com.cn/realstock/company/sz159576/hfq.js,5f35cff61eaef893f246118f6fe12d4b963d2f5632386e71349c4aba1f15d566
SZ159576,2025-11-17,2025-11-17,2025-11-17,0.0029999999999999,1.0,not_applicable_no_share_change,SZ159576~2025-11-17,https://finance.sina.com.cn/realstock/company/sz159576/hfq.js,5f35cff61eaef893f246118f6fe12d4b963d2f5632386e71349c4aba1f15d566
SZ159576,2026-02-10,2026-02-10,2026-02-10,0.0029999999999999,1.0,not_applicable_no_share_change,SZ159576~2026-02-10,https://finance.sina.com.cn/realstock/company/sz159576/hfq.js,5f35cff61eaef893f246118f6fe12d4b963d2f5632386e71349c4aba1f15d566
SZ159576,2026-05-19,2026-05-19,2026-05-19,0.0033,1.0,not_applicable_no_share_change,SZ159576~2026-05-19,https://finance.sina.com.cn/realstock/company/sz159576/hfq.js,5f35cff61eaef893f246118f6fe12d4b963d2f5632386e71349c4aba1f15d566
SZ159581,2024-05-31,2024-05-31,2024-05-31,0.003,1.0,not_applicable_no_share_change,SZ159581~2024-05-31,https://finance.sina.com.cn/realstock/company/sz159581/hfq.js,5e51155437e13358210449c3ad29dccda03f3263bd89890ab7dc171786fd8667
SZ159581,2024-06-26,2024-06-26,2024-06-26,0.003,1.0,not_applicable_no_share_change,SZ159581~2024-06-26,https://finance.sina.com.cn/realstock/company/sz159581/hfq.js,5e51155437e13358210449c3ad29dccda03f3263bd89890ab7dc171786fd8667
SZ159581,2024-07-17,2024-07-17,2024-07-17,0.0029999999999999,1.0,not_applicable_no_share_change,SZ159581~2024-07-17,https://finance.sina.com.cn/realstock/company/sz159581/hfq.js,5e51155437e13358210449c3ad29dccda03f3263bd89890ab7dc171786fd8667
SZ159581,2024-08-14,2024-08-14,2024-08-14,0.003,1.0,not_applicable_no_share_change,SZ159581~2024-08-14,https://finance.sina.com.cn/realstock/company/sz159581/hfq.js,5e51155437e13358210449c3ad29dccda03f3263bd89890ab7dc171786fd8667
SZ159581,2024-09-11,2024-09-11,2024-09-11,0.0029999999999999,1.0,not_applicable_no_share_change,SZ159581~2024-09-11,https://finance.sina.com.cn/realstock/company/sz159581/hfq.js,5e51155437e13358210449c3ad29dccda03f3263bd89890ab7dc171786fd8667
SZ159581,2024-10-16,2024-10-16,2024-10-16,0.0034999999999999,1.0,not_applicable_no_share_change,SZ159581~2024-10-16,https://finance.sina.com.cn/realstock/company/sz159581/hfq.js,5e51155437e13358210449c3ad29dccda03f3263bd89890ab7dc171786fd8667
SZ159581,2024-11-13,2024-11-13,2024-11-13,0.0055,1.0,not_applicable_no_share_change,SZ159581~2024-11-13,https://finance.sina.com.cn/realstock/company/sz159581/hfq.js,5e51155437e13358210449c3ad29dccda03f3263bd89890ab7dc171786fd8667
SZ159581,2024-12-11,2024-12-11,2024-12-11,0.0059999999999999,1.0,not_applicable_no_share_change,SZ159581~2024-12-11,https://finance.sina.com.cn/realstock/company/sz159581/hfq.js,5e51155437e13358210449c3ad29dccda03f3263bd89890ab7dc171786fd8667
SZ159581,2025-01-15,2025-01-15,2025-01-15,0.0059999999999999,1.0,not_applicable_no_share_change,SZ159581~2025-01-15,https://finance.sina.com.cn/realstock/company/sz159581/hfq.js,5e51155437e13358210449c3ad29dccda03f3263bd89890ab7dc171786fd8667
SZ159581,2025-02-19,2025-02-19,2025-02-19,0.002,1.0,not_applicable_no_share_change,SZ159581~2025-02-19,https://finance.sina.com.cn/realstock/company/sz159581/hfq.js,5e51155437e13358210449c3ad29dccda03f3263bd89890ab7dc171786fd8667
SZ159581,2025-03-12,2025-03-12,2025-03-12,0.002,1.0,not_applicable_no_share_change,SZ159581~2025-03-12,https://finance.sina.com.cn/realstock/company/sz159581/hfq.js,5e51155437e13358210449c3ad29dccda03f3263bd89890ab7dc171786fd8667
SZ159581,2025-04-15,2025-04-15,2025-04-15,0.0029999999999999,1.0,not_applicable_no_share_change,SZ159581~2025-04-15,https://finance.sina.com.cn/realstock/company/sz159581/hfq.js,5e51155437e13358210449c3ad29dccda03f3263bd89890ab7dc171786fd8667
SZ159581,2025-05-13,2025-05-13,2025-05-13,0.003,1.0,not_applicable_no_share_change,SZ159581~2025-05-13,https://finance.sina.com.cn/realstock/company/sz159581/hfq.js,5e51155437e13358210449c3ad29dccda03f3263bd89890ab7dc171786fd8667
SZ159581,2025-06-10,2025-06-10,2025-06-10,0.003,1.0,not_applicable_no_share_change,SZ159581~2025-06-10,https://finance.sina.com.cn/realstock/company/sz159581/hfq.js,5e51155437e13358210449c3ad29dccda03f3263bd89890ab7dc171786fd8667
SZ159581,2025-07-15,2025-07-15,2025-07-15,0.0029999999999999,1.0,not_applicable_no_share_change,SZ159581~2025-07-15,https://finance.sina.com.cn/realstock/company/sz159581/hfq.js,5e51155437e13358210449c3ad29dccda03f3263bd89890ab7dc171786fd8667
SZ159581,2025-08-12,2025-08-12,2025-08-12,0.003,1.0,not_applicable_no_share_change,SZ159581~2025-08-12,https://finance.sina.com.cn/realstock/company/sz159581/hfq.js,5e51155437e13358210449c3ad29dccda03f3263bd89890ab7dc171786fd8667
SZ159581,2025-09-09,2025-09-09,2025-09-09,0.003,1.0,not_applicable_no_share_change,SZ159581~2025-09-09,https://finance.sina.com.cn/realstock/company/sz159581/hfq.js,5e51155437e13358210449c3ad29dccda03f3263bd89890ab7dc171786fd8667
SZ159581,2025-10-21,2025-10-21,2025-10-21,0.0029999999999999,1.0,not_applicable_no_share_change,SZ159581~2025-10-21,https://finance.sina.com.cn/realstock/company/sz159581/hfq.js,5e51155437e13358210449c3ad29dccda03f3263bd89890ab7dc171786fd8667
SZ159581,2025-11-18,2025-11-18,2025-11-18,0.003,1.0,not_applicable_no_share_change,SZ159581~2025-11-18,https://finance.sina.com.cn/realstock/company/sz159581/hfq.js,5e51155437e13358210449c3ad29dccda03f3263bd89890ab7dc171786fd8667
SZ159581,2025-12-09,2025-12-09,2025-12-09,0.003,1.0,not_applicable_no_share_change,SZ159581~2025-12-09,https://finance.sina.com.cn/realstock/company/sz159581/hfq.js,5e51155437e13358210449c3ad29dccda03f3263bd89890ab7dc171786fd8667
SZ159581,2026-01-20,2026-01-20,2026-01-20,0.003,1.0,not_applicable_no_share_change,SZ159581~2026-01-20,https://finance.sina.com.cn/realstock/company/sz159581/hfq.js,5e51155437e13358210449c3ad29dccda03f3263bd89890ab7dc171786fd8667
SZ159581,2026-02-10,2026-02-10,2026-02-10,0.0029999999999999,1.0,not_applicable_no_share_change,SZ159581~2026-02-10,https://finance.sina.com.cn/realstock/company/sz159581/hfq.js,5e51155437e13358210449c3ad29dccda03f3263bd89890ab7dc171786fd8667
SZ159581,2026-03-10,2026-03-10,2026-03-10,0.003,1.0,not_applicable_no_share_change,SZ159581~2026-03-10,https://finance.sina.com.cn/realstock/company/sz159581/hfq.js,5e51155437e13358210449c3ad29dccda03f3263bd89890ab7dc171786fd8667
SZ159581,2026-04-14,2026-04-14,2026-04-14,0.003,1.0,not_applicable_no_share_change,SZ159581~2026-04-14,https://finance.sina.com.cn/realstock/company/sz159581/hfq.js,5e51155437e13358210449c3ad29dccda03f3263bd89890ab7dc171786fd8667
SZ159581,2026-05-19,2026-05-19,2026-05-19,0.004,1.0,not_applicable_no_share_change,SZ159581~2026-05-19,https://finance.sina.com.cn/realstock/company/sz159581/hfq.js,5e51155437e13358210449c3ad29dccda03f3263bd89890ab7dc171786fd8667
SZ159581,2026-06-16,2026-06-16,2026-06-16,0.0039999999999999,1.0,not_applicable_no_share_change,SZ159581~2026-06-16,https://finance.sina.com.cn/realstock/company/sz159581/hfq.js,5e51155437e13358210449c3ad29dccda03f3263bd89890ab7dc171786fd8667
SZ159581,2026-07-14,2026-07-14,2026-07-14,0.004,1.0,not_applicable_no_share_change,SZ159581~2026-07-14,https://finance.sina.com.cn/realstock/company/sz159581/hfq.js,5e51155437e13358210449c3ad29dccda03f3263bd89890ab7dc171786fd8667
SZ159582,2026-07-13,2026-07-13,2026-07-13,0.0,5.0,unknown_not_provided_by_sina_hfq,SZ159582~2026-07-13,https://finance.sina.com.cn/realstock/company/sz159582/hfq.js,5767539da2562d6185d19b740ebffac32f58fde427089767f39dadaea39e84da
SZ159583,2025-11-06,2025-11-06,2025-11-06,0.0,2.0,unknown_not_provided_by_sina_hfq,SZ159583~2025-11-06,https://finance.sina.com.cn/realstock/company/sz159583/hfq.js,fe7d2b91869f00c66c2dba171c7c207fe2238ac0e84eef442ee3ca0796e3ffb0
SZ159589,2024-07-15,2024-07-15,2024-07-15,0.002,1.0,not_applicable_no_share_change,SZ159589~2024-07-15,https://finance.sina.com.cn/realstock/company/sz159589/hfq.js,6cf7e5f1f3e11f28a264635d6e017420c304e84f715c0876ef13fe7e581bebe0
SZ159589,2024-08-14,2024-08-14,2024-08-14,0.002,1.0,not_applicable_no_share_change,SZ159589~2024-08-14,https://finance.sina.com.cn/realstock/company/sz159589/hfq.js,6cf7e5f1f3e11f28a264635d6e017420c304e84f715c0876ef13fe7e581bebe0
SZ159589,2024-09-11,2024-09-11,2024-09-11,0.002,1.0,not_applicable_no_share_change,SZ159589~2024-09-11,https://finance.sina.com.cn/realstock/company/sz159589/hfq.js,6cf7e5f1f3e11f28a264635d6e017420c304e84f715c0876ef13fe7e581bebe0
SZ159589,2024-10-21,2024-10-21,2024-10-21,0.0022,1.0,not_applicable_no_share_change,SZ159589~2024-10-21,https://finance.sina.com.cn/realstock/company/sz159589/hfq.js,6cf7e5f1f3e11f28a264635d6e017420c304e84f715c0876ef13fe7e581bebe0
SZ159589,2024-11-13,2024-11-13,2024-11-13,0.002,1.0,not_applicable_no_share_change,SZ159589~2024-11-13,https://finance.sina.com.cn/realstock/company/sz159589/hfq.js,6cf7e5f1f3e11f28a264635d6e017420c304e84f715c0876ef13fe7e581bebe0
SZ159589,2024-12-16,2024-12-16,2024-12-16,0.002,1.0,not_applicable_no_share_change,SZ159589~2024-12-16,https://finance.sina.com.cn/realstock/company/sz159589/hfq.js,6cf7e5f1f3e11f28a264635d6e017420c304e84f715c0876ef13fe7e581bebe0
SZ159589,2025-01-15,2025-01-15,2025-01-15,0.0020999999999999,1.0,not_applicable_no_share_change,SZ159589~2025-01-15,https://finance.sina.com.cn/realstock/company/sz159589/hfq.js,6cf7e5f1f3e11f28a264635d6e017420c304e84f715c0876ef13fe7e581bebe0
SZ159589,2025-02-18,2025-02-18,2025-02-18,0.0021,1.0,not_applicable_no_share_change,SZ159589~2025-02-18,https://finance.sina.com.cn/realstock/company/sz159589/hfq.js,6cf7e5f1f3e11f28a264635d6e017420c304e84f715c0876ef13fe7e581bebe0
SZ159589,2025-03-17,2025-03-17,2025-03-17,0.0019999999999999,1.0,not_applicable_no_share_change,SZ159589~2025-03-17,https://finance.sina.com.cn/realstock/company/sz159589/hfq.js,6cf7e5f1f3e11f28a264635d6e017420c304e84f715c0876ef13fe7e581bebe0
SZ159589,2025-04-15,2025-04-15,2025-04-15,0.0021,1.0,not_applicable_no_share_change,SZ159589~2025-04-15,https://finance.sina.com.cn/realstock/company/sz159589/hfq.js,6cf7e5f1f3e11f28a264635d6e017420c304e84f715c0876ef13fe7e581bebe0
SZ159589,2025-05-19,2025-05-19,2025-05-19,0.0019999999999999,1.0,not_applicable_no_share_change,SZ159589~2025-05-19,https://finance.sina.com.cn/realstock/company/sz159589/hfq.js,6cf7e5f1f3e11f28a264635d6e017420c304e84f715c0876ef13fe7e581bebe0
SZ159589,2025-06-16,2025-06-16,2025-06-16,0.0021,1.0,not_applicable_no_share_change,SZ159589~2025-06-16,https://finance.sina.com.cn/realstock/company/sz159589/hfq.js,6cf7e5f1f3e11f28a264635d6e017420c304e84f715c0876ef13fe7e581bebe0
SZ159589,2025-07-14,2025-07-14,2025-07-14,0.0021,1.0,not_applicable_no_share_change,SZ159589~2025-07-14,https://finance.sina.com.cn/realstock/company/sz159589/hfq.js,6cf7e5f1f3e11f28a264635d6e017420c304e84f715c0876ef13fe7e581bebe0
SZ159589,2025-08-13,2025-08-13,2025-08-13,0.0020999999999999,1.0,not_applicable_no_share_change,SZ159589~2025-08-13,https://finance.sina.com.cn/realstock/company/sz159589/hfq.js,6cf7e5f1f3e11f28a264635d6e017420c304e84f715c0876ef13fe7e581bebe0
SZ159589,2025-09-15,2025-09-15,2025-09-15,0.0022,1.0,not_applicable_no_share_change,SZ159589~2025-09-15,https://finance.sina.com.cn/realstock/company/sz159589/hfq.js,6cf7e5f1f3e11f28a264635d6e017420c304e84f715c0876ef13fe7e581bebe0
SZ159589,2025-10-22,2025-10-22,2025-10-22,0.0020999999999999,1.0,not_applicable_no_share_change,SZ159589~2025-10-22,https://finance.sina.com.cn/realstock/company/sz159589/hfq.js,6cf7e5f1f3e11f28a264635d6e017420c304e84f715c0876ef13fe7e581bebe0
SZ159589,2025-11-17,2025-11-17,2025-11-17,0.0022,1.0,not_applicable_no_share_change,SZ159589~2025-11-17,https://finance.sina.com.cn/realstock/company/sz159589/hfq.js,6cf7e5f1f3e11f28a264635d6e017420c304e84f715c0876ef13fe7e581bebe0
SZ159589,2025-12-10,2025-12-10,2025-12-10,0.0022,1.0,not_applicable_no_share_change,SZ159589~2025-12-10,https://finance.sina.com.cn/realstock/company/sz159589/hfq.js,6cf7e5f1f3e11f28a264635d6e017420c304e84f715c0876ef13fe7e581bebe0
SZ159589,2026-01-14,2026-01-14,2026-01-14,0.0021,1.0,not_applicable_no_share_change,SZ159589~2026-01-14,https://finance.sina.com.cn/realstock/company/sz159589/hfq.js,6cf7e5f1f3e11f28a264635d6e017420c304e84f715c0876ef13fe7e581bebe0
SZ159589,2026-02-10,2026-02-10,2026-02-10,0.0021999999999999,1.0,not_applicable_no_share_change,SZ159589~2026-02-10,https://finance.sina.com.cn/realstock/company/sz159589/hfq.js,6cf7e5f1f3e11f28a264635d6e017420c304e84f715c0876ef13fe7e581bebe0
SZ159589,2026-03-18,2026-03-18,2026-03-18,0.0023,1.0,not_applicable_no_share_change,SZ159589~2026-03-18,https://finance.sina.com.cn/realstock/company/sz159589/hfq.js,6cf7e5f1f3e11f28a264635d6e017420c304e84f715c0876ef13fe7e581bebe0
SZ159589,2026-04-15,2026-04-15,2026-04-15,0.0022,1.0,not_applicable_no_share_change,SZ159589~2026-04-15,https://finance.sina.com.cn/realstock/company/sz159589/hfq.js,6cf7e5f1f3e11f28a264635d6e017420c304e84f715c0876ef13fe7e581bebe0
SZ159589,2026-05-19,2026-05-19,2026-05-19,0.0022999999999999,1.0,not_applicable_no_share_change,SZ159589~2026-05-19,https://finance.sina.com.cn/realstock/company/sz159589/hfq.js,6cf7e5f1f3e11f28a264635d6e017420c304e84f715c0876ef13fe7e581bebe0
SZ159589,2026-06-15,2026-06-15,2026-06-15,0.0022,1.0,not_applicable_no_share_change,SZ159589~2026-06-15,https://finance.sina.com.cn/realstock/company/sz159589/hfq.js,6cf7e5f1f3e11f28a264635d6e017420c304e84f715c0876ef13fe7e581bebe0
SZ159589,2026-07-15,2026-07-15,2026-07-15,0.002,1.0,not_applicable_no_share_change,SZ159589~2026-07-15,https://finance.sina.com.cn/realstock/company/sz159589/hfq.js,6cf7e5f1f3e11f28a264635d6e017420c304e84f715c0876ef13fe7e581bebe0
SZ159596,2024-10-21,2024-10-21,2024-10-21,0.0202,1.0,not_applicable_no_share_change,SZ159596~2024-10-21,https://finance.sina.com.cn/realstock/company/sz159596/hfq.js,442b796cd354a06a0819eb947af2a037c8b5187899b5183228adb050f833b43d
SZ159596,2025-10-15,2025-10-15,2025-10-15,0.0293,1.0,not_applicable_no_share_change,SZ159596~2025-10-15,https://finance.sina.com.cn/realstock/company/sz159596/hfq.js,442b796cd354a06a0819eb947af2a037c8b5187899b5183228adb050f833b43d
SZ159596,2025-10-20,2025-10-20,2025-10-20,0.0,2.0,unknown_not_provided_by_sina_hfq,SZ159596~2025-10-20,https://finance.sina.com.cn/realstock/company/sz159596/hfq.js,442b796cd354a06a0819eb947af2a037c8b5187899b5183228adb050f833b43d
SZ159597,2026-07-09,2026-07-09,2026-07-09,0.0,3.0,unknown_not_provided_by_sina_hfq,SZ159597~2026-07-09,https://finance.sina.com.cn/realstock/company/sz159597/hfq.js,23de59f7d671644df77b7ef9ce028a039649c108ea577aa49aee6b4f322962c8
SZ159602,2024-09-18,2024-09-18,2024-09-18,0.016,1.0,not_applicable_no_share_change,SZ159602~2024-09-18,https://finance.sina.com.cn/realstock/company/sz159602/hfq.js,7391bff7d89198f6e75ec2916f676227ecf3ee5aea993d14dde3f8057437aa23
SZ159602,2025-09-15,2025-09-15,2025-09-15,0.023,1.0,not_applicable_no_share_change,SZ159602~2025-09-15,https://finance.sina.com.cn/realstock/company/sz159602/hfq.js,7391bff7d89198f6e75ec2916f676227ecf3ee5aea993d14dde3f8057437aa23
SZ159623,2025-12-22,2025-12-22,2025-12-22,0.0305,1.0,not_applicable_no_share_change,SZ159623~2025-12-22,https://finance.sina.com.cn/realstock/company/sz159623/hfq.js,3938f1ba050df307249bb411d177ba7473476db9207c3702eb974719c6d9b53b
SZ159629,2022-11-14,2022-11-14,2022-11-14,0.0,0.468136204,unknown_not_provided_by_sina_hfq,SZ159629~2022-11-14,https://finance.sina.com.cn/realstock/company/sz159629/hfq.js,b8d2bf1d0d9528bd4b00b869cd828aeadc7dad757ccf42e0f90466fc22949c23
SZ159629,2023-06-09,2023-06-09,2023-06-09,0.0,0.7520786920000001,unknown_not_provided_by_sina_hfq,SZ159629~2023-06-09,https://finance.sina.com.cn/realstock/company/sz159629/hfq.js,b8d2bf1d0d9528bd4b00b869cd828aeadc7dad757ccf42e0f90466fc22949c23
SZ159633,2022-10-31,2022-10-31,2022-10-31,0.0,0.471642898,unknown_not_provided_by_sina_hfq,SZ159633~2022-10-31,https://finance.sina.com.cn/realstock/company/sz159633/hfq.js,28a61b03d586c8316aba130cbb206bc9007439fa466ba2f1dbd803eb4454ab5c
SZ159633,2023-07-10,2023-07-10,2023-07-10,0.0,0.7532363250000002,unknown_not_provided_by_sina_hfq,SZ159633~2023-07-10,https://finance.sina.com.cn/realstock/company/sz159633/hfq.js,28a61b03d586c8316aba130cbb206bc9007439fa466ba2f1dbd803eb4454ab5c
SZ159636,2025-12-08,2025-12-08,2025-12-08,0.0,2.0,unknown_not_provided_by_sina_hfq,SZ159636~2025-12-08,https://finance.sina.com.cn/realstock/company/sz159636/hfq.js,4f3fd1ac75017721840d30d0d7793a99b39ec5e575df8bcab885bc4df8b6596c
SZ159663,2026-07-07,2026-07-07,2026-07-07,0.0,2.0,unknown_not_provided_by_sina_hfq,SZ159663~2026-07-07,https://finance.sina.com.cn/realstock/company/sz159663/hfq.js,147e1d129e170ef5bf3dc74c8ee2edb1bb4d35cf8607380971547c78946060f6
SZ159667,2026-06-10,2026-06-10,2026-06-10,0.0,3.0,unknown_not_provided_by_sina_hfq,SZ159667~2026-06-10,https://finance.sina.com.cn/realstock/company/sz159667/hfq.js,8fd8f300bf8c929b2d7377183d64fd47c3eb6b42974a3be67b5cd277c774119e
SZ159691,2024-04-25,2024-04-25,2024-04-25,0.0103,1.0,not_applicable_no_share_change,SZ159691~2024-04-25,https://finance.sina.com.cn/realstock/company/sz159691/hfq.js,55ed9409c2ea1f97d96d202ffc635d700cf78428ab27f4513940edeb90f68755
SZ159691,2026-06-24,2026-06-24,2026-06-24,0.0124,1.0,not_applicable_no_share_change,SZ159691~2026-06-24,https://finance.sina.com.cn/realstock/company/sz159691/hfq.js,55ed9409c2ea1f97d96d202ffc635d700cf78428ab27f4513940edeb90f68755
SZ159695,2026-07-21,2026-07-21,2026-07-21,0.0,3.0,unknown_not_provided_by_sina_hfq,SZ159695~2026-07-21,https://finance.sina.com.cn/realstock/company/sz159695/hfq.js,775fd4d4b988d6126a243aafdb5309add3fcd63130c8c7b676f1af52badea009
SZ159739,2026-08-03,2026-08-03,2026-08-03,0.0,2.0,unknown_not_provided_by_sina_hfq,SZ159739~2026-08-03,https://finance.sina.com.cn/realstock/company/sz159739/hfq.js,3ad65a0e9c4a810f2af34bb1f9669262697207ccc13566b3551650e4b2ac82b9
SZ159801,2023-08-31,2023-08-31,2023-08-31,0.0,2.0,unknown_not_provided_by_sina_hfq,SZ159801~2023-08-31,https://finance.sina.com.cn/realstock/company/sz159801/hfq.js,f8bb4b46dba078165f117547c3d0780e7cbd674b55e0696f9dc7618482c1f06d
SZ159806,2022-01-14,2022-01-14,2022-01-14,0.0,3.0,unknown_not_provided_by_sina_hfq,SZ159806~2022-01-14,https://finance.sina.com.cn/realstock/company/sz159806/hfq.js,549d217faa614508cd257129237a26487341684c5d12929ce87b367990d9ccfe
SZ159807,2021-06-21,2021-06-21,2021-06-21,0.0,2.0,unknown_not_provided_by_sina_hfq,SZ159807~2021-06-21,https://finance.sina.com.cn/realstock/company/sz159807/hfq.js,869c4a96d255d81f7c18a133ff426481a27ad750ead52d43ca4e0dc18447fab2
SZ159813,2021-09-13,2021-09-13,2021-09-13,0.0,1.5,unknown_not_provided_by_sina_hfq,SZ159813~2021-09-13,https://finance.sina.com.cn/realstock/company/sz159813/hfq.js,d8aed9cdbbc94020446177e12fb7f7cac7044af02f8506f5a83dbf676ecaa7e3
SZ159813,2026-08-03,2026-08-03,2026-08-03,0.0,2.0,unknown_not_provided_by_sina_hfq,SZ159813~2026-08-03,https://finance.sina.com.cn/realstock/company/sz159813/hfq.js,d8aed9cdbbc94020446177e12fb7f7cac7044af02f8506f5a83dbf676ecaa7e3
SZ159814,2021-02-10,2021-02-10,2021-02-10,0.0,2.059034965,unknown_not_provided_by_sina_hfq,SZ159814~2021-02-10,https://finance.sina.com.cn/realstock/company/sz159814/hfq.js,6ee2056495c6e69a1176f3f0000343ed496bb893d552dd37652691e2214b3094
SZ159845,2022-08-02,2022-08-02,2022-08-02,0.0,0.352275906,unknown_not_provided_by_sina_hfq,SZ159845~2022-08-02,https://finance.sina.com.cn/realstock/company/sz159845/hfq.js,a8cf89c2addfec591304fc3eda798a5d65e271deda9bf1b3c492663aad902fdc
SZ159845,2023-03-01,2023-03-01,2023-03-01,0.0,0.7476441450000001,unknown_not_provided_by_sina_hfq,SZ159845~2023-03-01,https://finance.sina.com.cn/realstock/company/sz159845/hfq.js,a8cf89c2addfec591304fc3eda798a5d65e271deda9bf1b3c492663aad902fdc
SZ159851,2025-07-14,2025-07-14,2025-07-14,0.0,2.0,unknown_not_provided_by_sina_hfq,SZ159851~2025-07-14,https://finance.sina.com.cn/realstock/company/sz159851/hfq.js,ed2333c5035c1a1e43e821699117f8f472ad815ad5cc4e13f55fcae8bf7534de
SZ159863,2021-11-08,2021-11-08,2021-11-08,0.0,1.5,unknown_not_provided_by_sina_hfq,SZ159863~2021-11-08,https://finance.sina.com.cn/realstock/company/sz159863/hfq.js,403dd92fcf879fd1b6d111c97e0e5d3f11d0f2f8ba4979759997875aa75ac5a8
SZ159871,2026-02-09,2026-02-09,2026-02-09,0.0,2.0,unknown_not_provided_by_sina_hfq,SZ159871~2026-02-09,https://finance.sina.com.cn/realstock/company/sz159871/hfq.js,22384ef15142403c40cf9d1378d02d6e75febd4c6822881410fd8a371f70791e
SZ159876,2025-08-04,2025-08-04,2025-08-04,0.0,2.0,unknown_not_provided_by_sina_hfq,SZ159876~2025-08-04,https://finance.sina.com.cn/realstock/company/sz159876/hfq.js,c351a9f82267b5fca214ae82dce54db85351cd22567ab4ff33aa21cb566096df
SZ159880,2026-08-03,2026-08-03,2026-08-03,0.0,2.0,unknown_not_provided_by_sina_hfq,SZ159880~2026-08-03,https://finance.sina.com.cn/realstock/company/sz159880/hfq.js,1abca086f20ea05a3235bfde0a2f99794f3b7e286b850501ef781c57534451ea
SZ159881,2026-06-26,2026-06-26,2026-06-26,0.0,2.0,unknown_not_provided_by_sina_hfq,SZ159881~2026-06-26,https://finance.sina.com.cn/realstock/company/sz159881/hfq.js,6654eff5c351e51ff0e23dd15850a5c12aac41837725e53a663d593c756c79e5
SZ159885,2021-11-01,2021-11-01,2021-11-01,0.0,1.5,unknown_not_provided_by_sina_hfq,SZ159885~2021-11-01,https://finance.sina.com.cn/realstock/company/sz159885/hfq.js,e1f9eee59d890024d36da75dc140c1cae545727bb20e5b459a25757b19a79374
SZ159901,2007-07-11,2007-07-11,2007-07-11,0.12,1.0,not_applicable_no_share_change,SZ159901~2007-07-11,https://finance.sina.com.cn/realstock/company/sz159901/hfq.js,307f6716bf476035211e7471614f2451b9f6fd21bd8f45232c79b69db7efd472
SZ159901,2010-11-22,2010-11-22,2010-11-22,0.0,5.0,unknown_not_provided_by_sina_hfq,SZ159901~2010-11-22,https://finance.sina.com.cn/realstock/company/sz159901/hfq.js,307f6716bf476035211e7471614f2451b9f6fd21bd8f45232c79b69db7efd472
SZ159901,2014-09-01,2014-09-01,2014-09-01,0.0,0.2,unknown_not_provided_by_sina_hfq,SZ159901~2014-09-01,https://finance.sina.com.cn/realstock/company/sz159901/hfq.js,307f6716bf476035211e7471614f2451b9f6fd21bd8f45232c79b69db7efd472
SZ159901,2021-04-12,2021-04-12,2021-04-12,0.0,2.0,unknown_not_provided_by_sina_hfq,SZ159901~2021-04-12,https://finance.sina.com.cn/realstock/company/sz159901/hfq.js,307f6716bf476035211e7471614f2451b9f6fd21bd8f45232c79b69db7efd472
SZ159901,2025-11-17,2025-11-17,2025-11-17,0.0424999999999999,1.0,not_applicable_no_share_change,SZ159901~2025-11-17,https://finance.sina.com.cn/realstock/company/sz159901/hfq.js,307f6716bf476035211e7471614f2451b9f6fd21bd8f45232c79b69db7efd472
SZ159902,2009-11-26,2009-11-26,2009-11-26,0.1,1.0,not_applicable_no_share_change,SZ159902~2009-11-26,https://finance.sina.com.cn/realstock/company/sz159902/hfq.js,9632defe84f0e5d651facba4aeea3725ebaa353b0ae769d0f420b7f23f01f9e3
SZ159902,2014-03-13,2014-03-13,2014-03-13,0.0199999999999999,1.0,not_applicable_no_share_change,SZ159902~2014-03-13,https://finance.sina.com.cn/realstock/company/sz159902/hfq.js,9632defe84f0e5d651facba4aeea3725ebaa353b0ae769d0f420b7f23f01f9e3
SZ159905,2024-09-27,2024-09-27,2024-09-27,0.074,1.0,not_applicable_no_share_change,SZ159905~2024-09-27,https://finance.sina.com.cn/realstock/company/sz159905/hfq.js,255356af085b2a8c037dd5aa15cdc0268ed9f4dbc40627a569707f94d10f31b3
SZ159905,2024-10-30,2024-10-30,2024-10-30,0.085,1.0,not_applicable_no_share_change,SZ159905~2024-10-30,https://finance.sina.com.cn/realstock/company/sz159905/hfq.js,255356af085b2a8c037dd5aa15cdc0268ed9f4dbc40627a569707f94d10f31b3
SZ159905,2024-11-29,2024-11-29,2024-11-29,0.0779999999999999,1.0,not_applicable_no_share_change,SZ159905~2024-11-29,https://finance.sina.com.cn/realstock/company/sz159905/hfq.js,255356af085b2a8c037dd5aa15cdc0268ed9f4dbc40627a569707f94d10f31b3
SZ159905,2024-12-23,2024-12-23,2024-12-23,0.069,1.0,not_applicable_no_share_change,SZ159905~2024-12-23,https://finance.sina.com.cn/realstock/company/sz159905/hfq.js,255356af085b2a8c037dd5aa15cdc0268ed9f4dbc40627a569707f94d10f31b3
SZ159907,2024-04-01,2024-04-01,2024-04-01,0.0,2.0,unknown_not_provided_by_sina_hfq,SZ159907~2024-04-01,https://finance.sina.com.cn/realstock/company/sz159907/hfq.js,40b02c0638e2dd964bb3e808f869896ad2a72c0a9016d003af30db2bcc34448f
SZ159909,2021-03-11,2021-03-11,2021-03-11,0.0,9.795076135,unknown_not_provided_by_sina_hfq,SZ159909~2021-03-11,https://finance.sina.com.cn/realstock/company/sz159909/hfq.js,64afbf9324782da86c46be5471d1ce9182eeef86bb9a466b388b864fb005598d
SZ159919,2012-12-03,2012-12-03,2012-12-03,0.0,0.38221954,unknown_not_provided_by_sina_hfq,SZ159919~2012-12-03,https://finance.sina.com.cn/realstock/company/sz159919/hfq.js,88bc791a16031d8428b881a13ca9c976971c19ab3dbceefe68ce3684d99d3c2e
SZ159919,2019-01-14,2019-01-14,2019-01-14,0.0,1.110680861,unknown_not_provided_by_sina_hfq,SZ159919~2019-01-14,https://finance.sina.com.cn/realstock/company/sz159919/hfq.js,88bc791a16031d8428b881a13ca9c976971c19ab3dbceefe68ce3684d99d3c2e
SZ159919,2020-09-14,2020-09-14,2020-09-14,0.3580481335775413,1.0,not_applicable_no_share_change,SZ159919~2020-09-14,https://finance.sina.com.cn/realstock/company/sz159919/hfq.js,88bc791a16031d8428b881a13ca9c976971c19ab3dbceefe68ce3684d99d3c2e
SZ159919,2021-09-13,2021-09-13,2021-09-13,0.1648905878317624,1.0,not_applicable_no_share_change,SZ159919~2021-09-13,https://finance.sina.com.cn/realstock/company/sz159919/hfq.js,88bc791a16031d8428b881a13ca9c976971c19ab3dbceefe68ce3684d99d3c2e
SZ159919,2024-09-18,2024-09-18,2024-09-18,0.1067077661254119,1.0,not_applicable_no_share_change,SZ159919~2024-09-18,https://finance.sina.com.cn/realstock/company/sz159919/hfq.js,88bc791a16031d8428b881a13ca9c976971c19ab3dbceefe68ce3684d99d3c2e
SZ159919,2025-03-31,2025-03-31,2025-03-31,0.155703826509707,1.0,not_applicable_no_share_change,SZ159919~2025-03-31,https://finance.sina.com.cn/realstock/company/sz159919/hfq.js,88bc791a16031d8428b881a13ca9c976971c19ab3dbceefe68ce3684d99d3c2e
SZ159919,2025-12-08,2025-12-08,2025-12-08,0.171486211345033,1.0,not_applicable_no_share_change,SZ159919~2025-12-08,https://finance.sina.com.cn/realstock/company/sz159919/hfq.js,88bc791a16031d8428b881a13ca9c976971c19ab3dbceefe68ce3684d99d3c2e
SZ159922,2022-02-18,2022-02-18,2022-02-18,0.0,1.117385865,unknown_not_provided_by_sina_hfq,SZ159922~2022-02-18,https://finance.sina.com.cn/realstock/company/sz159922/hfq.js,99a5cd2fcb4f53a3a834f897341922e94dbc970384818743dd6377060f5dd349
SZ159922,2024-12-02,2024-12-02,2024-12-02,0.1156270220046143,2.5,unknown_not_provided_by_sina_hfq,SZ159922~2024-12-02,https://finance.sina.com.cn/realstock/company/sz159922/hfq.js,99a5cd2fcb4f53a3a834f897341922e94dbc970384818743dd6377060f5dd349
SZ159922,2025-12-08,2025-12-08,2025-12-08,0.0134599877008467,1.0,not_applicable_no_share_change,SZ159922~2025-12-08,https://finance.sina.com.cn/realstock/company/sz159922/hfq.js,99a5cd2fcb4f53a3a834f897341922e94dbc970384818743dd6377060f5dd349
SZ159925,2024-01-29,2024-01-29,2024-01-29,0.0,0.503545799,unknown_not_provided_by_sina_hfq,SZ159925~2024-01-29,https://finance.sina.com.cn/realstock/company/sz159925/hfq.js,b84f6881d42d82202a7c88bd1224094bd7eb9ed59595e611f7ff86ecc9aaf31c
SZ159925,2024-08-13,2024-08-13,2024-08-13,0.146957834117488,1.0,not_applicable_no_share_change,SZ159925~2024-08-13,https://finance.sina.com.cn/realstock/company/sz159925/hfq.js,b84f6881d42d82202a7c88bd1224094bd7eb9ed59595e611f7ff86ecc9aaf31c
SZ159925,2025-10-27,2025-10-27,2025-10-27,0.2482395846579191,1.0,not_applicable_no_share_change,SZ159925~2025-10-27,https://finance.sina.com.cn/realstock/company/sz159925/hfq.js,b84f6881d42d82202a7c88bd1224094bd7eb9ed59595e611f7ff86ecc9aaf31c
SZ159928,2021-06-25,2021-06-25,2021-06-25,0.0,3.999918996,unknown_not_provided_by_sina_hfq,SZ159928~2021-06-25,https://finance.sina.com.cn/realstock/company/sz159928/hfq.js,032c44e2c4c895f9c559060dd4769b2074352141aef06099bbdee73e12c0ee4d
SZ159938,2022-05-30,2022-05-30,2022-05-30,0.0,2.0,unknown_not_provided_by_sina_hfq,SZ159938~2022-05-30,https://finance.sina.com.cn/realstock/company/sz159938/hfq.js,891b10e8c51e920d2f78cdc15165f370f9d35ed162a66ff88f4dfc6b8d4b315c
SZ159939,2023-02-16,2023-02-16,2023-02-16,0.0,2.0,unknown_not_provided_by_sina_hfq,SZ159939~2023-02-16,https://finance.sina.com.cn/realstock/company/sz159939/hfq.js,474e5da1559ab9eb3a3e8e5e4be73c526ce237ff9cc053fee3f6738aef08c1d8
SZ159943,2021-10-22,2021-10-22,2021-10-22,0.0,11.817461846,unknown_not_provided_by_sina_hfq,SZ159943~2021-10-22,https://finance.sina.com.cn/realstock/company/sz159943/hfq.js,ef5fce13c4a340cb2e62f73eb7b45054996163fc22def49f20d5fcca694ff4ca
SZ159960,2021-11-16,2021-11-16,2021-11-16,0.09,1.0,not_applicable_no_share_change,SZ159960~2021-11-16,https://finance.sina.com.cn/realstock/company/sz159960/hfq.js,687aed03e4da6eb943260f244c72e29cad46d0fefeb4ce7c71e5aa0b735215eb
SZ159960,2024-06-24,2024-06-24,2024-06-24,0.0715,1.0,not_applicable_no_share_change,SZ159960~2024-06-24,https://finance.sina.com.cn/realstock/company/sz159960/hfq.js,687aed03e4da6eb943260f244c72e29cad46d0fefeb4ce7c71e5aa0b735215eb
SZ159966,2020-11-06,2020-11-06,2020-11-06,0.0,3.076481657,unknown_not_provided_by_sina_hfq,SZ159966~2020-11-06,https://finance.sina.com.cn/realstock/company/sz159966/hfq.js,632d2b75532a37ef88e2d06dad6e2163ae7a3eea0e64f5e1e5e951d0f435e7bc
SZ159967,2020-11-06,2020-11-06,2020-11-06,0.0,3.638382855,unknown_not_provided_by_sina_hfq,SZ159967~2020-11-06,https://finance.sina.com.cn/realstock/company/sz159967/hfq.js,40ee99069afb3a07784d7be030afcfdd17c4b69d833e7ed7655386e6bac014e9
SZ159970,2025-12-22,2025-12-22,2025-12-22,0.0,6.0,unknown_not_provided_by_sina_hfq,SZ159970~2025-12-22,https://finance.sina.com.cn/realstock/company/sz159970/hfq.js,dce4969963ec2b53c1711c5d6a06c3656547a9b15e836acd141cf43eec07c4e9
SZ159971,2025-12-02,2025-12-02,2025-12-02,0.0,2.0,unknown_not_provided_by_sina_hfq,SZ159971~2025-12-02,https://finance.sina.com.cn/realstock/company/sz159971/hfq.js,e7fb8468ffb56f6d23dcc98025564d3512facf83742e2a39360fdd839dd76827
SZ159975,2021-01-29,2021-01-29,2021-01-29,0.0,10.000131096,unknown_not_provided_by_sina_hfq,SZ159975~2021-01-29,https://finance.sina.com.cn/realstock/company/sz159975/hfq.js,20abec12d3bffee812f8c9a4d07dce1c25da798915cfbc5a795eac48c9287f77
SZ159977,2025-09-15,2025-09-15,2025-09-15,0.0,2.0,unknown_not_provided_by_sina_hfq,SZ159977~2025-09-15,https://finance.sina.com.cn/realstock/company/sz159977/hfq.js,a163b5d1a5bffe507fe473ecff4bfc1c68e49d4a3d38cf10a0b2d5b7b79a529e
SZ159991,2021-01-27,2021-01-27,2021-01-27,0.0,2.839985106,unknown_not_provided_by_sina_hfq,SZ159991~2021-01-27,https://finance.sina.com.cn/realstock/company/sz159991/hfq.js,a4eea02faf19ec7c06a6c3c46142b9417dc38405d24f940a93de17b493488a9f
SZ159994,2026-02-09,2026-02-09,2026-02-09,0.0,2.0,unknown_not_provided_by_sina_hfq,SZ159994~2026-02-09,https://finance.sina.com.cn/realstock/company/sz159994/hfq.js,5cd0313c0fbad8063a6134f536a9632288ebf627756169138fefcc3de8b6ccbf
SZ159995,2026-07-07,2026-07-07,2026-07-07,0.0,2.0,unknown_not_provided_by_sina_hfq,SZ159995~2026-07-07,https://finance.sina.com.cn/realstock/company/sz159995/hfq.js,e3751677b8e2545ac4805b10b2489346debbc1944ecdc2c94cadb04a599aba7f
