tree
version=v4
num_class=1
num_tree_per_iteration=1
label_index=0
max_feature_idx=359
objective=regression
feature_names=CLOSE59 CLOSE58 CLOSE57 CLOSE56 CLOSE55 CLOSE54 CLOSE53 CLOSE52 CLOSE51 CLOSE50 CLOSE49 CLOSE48 CLOSE47 CLOSE46 CLOSE45 CLOSE44 CLOSE43 CLOSE42 CLOSE41 CLOSE40 CLOSE39 CLOSE38 CLOSE37 CLOSE36 CLOSE35 CLOSE34 CLOSE33 CLOSE32 CLOSE31 CLOSE30 CLOSE29 CLOSE28 CLOSE27 CLOSE26 CLOSE25 CLOSE24 CLOSE23 CLOSE22 CLOSE21 CLOSE20 CLOSE19 CLOSE18 CLOSE17 CLOSE16 CLOSE15 CLOSE14 CLOSE13 CLOSE12 CLOSE11 CLOSE10 CLOSE9 CLOSE8 CLOSE7 CLOSE6 CLOSE5 CLOSE4 CLOSE3 CLOSE2 CLOSE1 CLOSE0 OPEN59 OPEN58 OPEN57 OPEN56 OPEN55 OPEN54 OPEN53 OPEN52 OPEN51 OPEN50 OPEN49 OPEN48 OPEN47 OPEN46 OPEN45 OPEN44 OPEN43 OPEN42 OPEN41 OPEN40 OPEN39 OPEN38 OPEN37 OPEN36 OPEN35 OPEN34 OPEN33 OPEN32 OPEN31 OPEN30 OPEN29 OPEN28 OPEN27 OPEN26 OPEN25 OPEN24 OPEN23 OPEN22 OPEN21 OPEN20 OPEN19 OPEN18 OPEN17 OPEN16 OPEN15 OPEN14 OPEN13 OPEN12 OPEN11 OPEN10 OPEN9 OPEN8 OPEN7 OPEN6 OPEN5 OPEN4 OPEN3 OPEN2 OPEN1 OPEN0 HIGH59 HIGH58 HIGH57 HIGH56 HIGH55 HIGH54 HIGH53 HIGH52 HIGH51 HIGH50 HIGH49 HIGH48 HIGH47 HIGH46 HIGH45 HIGH44 HIGH43 HIGH42 HIGH41 HIGH40 HIGH39 HIGH38 HIGH37 HIGH36 HIGH35 HIGH34 HIGH33 HIGH32 HIGH31 HIGH30 HIGH29 HIGH28 HIGH27 HIGH26 HIGH25 HIGH24 HIGH23 HIGH22 HIGH21 HIGH20 HIGH19 HIGH18 HIGH17 HIGH16 HIGH15 HIGH14 HIGH13 HIGH12 HIGH11 HIGH10 HIGH9 HIGH8 HIGH7 HIGH6 HIGH5 HIGH4 HIGH3 HIGH2 HIGH1 HIGH0 LOW59 LOW58 LOW57 LOW56 LOW55 LOW54 LOW53 LOW52 LOW51 LOW50 LOW49 LOW48 LOW47 LOW46 LOW45 LOW44 LOW43 LOW42 LOW41 LOW40 LOW39 LOW38 LOW37 LOW36 LOW35 LOW34 LOW33 LOW32 LOW31 LOW30 LOW29 LOW28 LOW27 LOW26 LOW25 LOW24 LOW23 LOW22 LOW21 LOW20 LOW19 LOW18 LOW17 LOW16 LOW15 LOW14 LOW13 LOW12 LOW11 LOW10 LOW9 LOW8 LOW7 LOW6 LOW5 LOW4 LOW3 LOW2 LOW1 LOW0 VWAP59 VWAP58 VWAP57 VWAP56 VWAP55 VWAP54 VWAP53 VWAP52 VWAP51 VWAP50 VWAP49 VWAP48 VWAP47 VWAP46 VWAP45 VWAP44 VWAP43 VWAP42 VWAP41 VWAP40 VWAP39 VWAP38 VWAP37 VWAP36 VWAP35 VWAP34 VWAP33 VWAP32 VWAP31 VWAP30 VWAP29 VWAP28 VWAP27 VWAP26 VWAP25 VWAP24 VWAP23 VWAP22 VWAP21 VWAP20 VWAP19 VWAP18 VWAP17 VWAP16 VWAP15 VWAP14 VWAP13 VWAP12 VWAP11 VWAP10 VWAP9 VWAP8 VWAP7 VWAP6 VWAP5 VWAP4 VWAP3 VWAP2 VWAP1 VWAP0 VOLUME59 VOLUME58 VOLUME57 VOLUME56 VOLUME55 VOLUME54 VOLUME53 VOLUME52 VOLUME51 VOLUME50 VOLUME49 VOLUME48 VOLUME47 VOLUME46 VOLUME45 VOLUME44 VOLUME43 VOLUME42 VOLUME41 VOLUME40 VOLUME39 VOLUME38 VOLUME37 VOLUME36 VOLUME35 VOLUME34 VOLUME33 VOLUME32 VOLUME31 VOLUME30 VOLUME29 VOLUME28 VOLUME27 VOLUME26 VOLUME25 VOLUME24 VOLUME23 VOLUME22 VOLUME21 VOLUME20 VOLUME19 VOLUME18 VOLUME17 VOLUME16 VOLUME15 VOLUME14 VOLUME13 VOLUME12 VOLUME11 VOLUME10 VOLUME9 VOLUME8 VOLUME7 VOLUME6 VOLUME5 VOLUME4 VOLUME3 VOLUME2 VOLUME1 VOLUME0
feature_infos=[-5.4038181304931641:12.207799911499023] [-5.4630842208862305:12.317498207092285] [-5.552156925201416:12.828096389770508] [-5.543860912322998:11.230463981628418] [-5.5617179870605469:11.448848724365234] [-5.6241564750671387:11.414474487304688] [-5.6825575828552246:9.6098718643188477] [-5.657966136932373:9.3752841949462891] [-5.5993099212646484:11.028009414672852] [-5.6313424110412598:11.904008865356445] [-5.6268739700317383:14.104987144470215] [-5.6736459732055664:14.119842529296875] [-5.6078968048095703:13.772034645080566] [-5.3474845886230469:16.204652786254883] [-5.2347016334533691:13.829370498657227] [-5.2960891723632812:14.420330047607422] [-5.4409685134887695:12.201403617858887] [-5.6576046943664551:11.266861915588379] [-5.748682975769043:10.175777435302734] [-5.7619786262512207:9.7804374694824219] [-5.837033748626709:8.7506103515625] [-5.7729997634887695:8.6125421524047852] [-5.8598322868347168:10.193233489990234] [-5.8949131965637207:12.366391181945801] [-6.0229306221008301:12.926149368286133] [-6.1776113510131836:15.240093231201172] [-6.156036376953125:12.846419334411621] [-6.1175355911254883:13.303590774536133] [-6.2611255645751953:15.902070999145508] [-6.491330623626709:18.839191436767578] [-6.5942034721374512:22.150033950805664] [-6.6824989318847656:25.889287948608398] [-6.9009256362915039:22.514554977416992] [-6.7733120918273926:19.431056976318359] [-6.7470202445983887:18.610666275024414] [-6.8720340728759766:19.165328979492188] [-6.9760775566101074:17.714389801025391] [-7.0796875953674316:15.677718162536621] [-7.4749898910522461:14.608213424682617] [-7.5138611793518066:16.016225814819336] [-7.5265936851501465:16.216730117797852] [-7.7491507530212402:15.659536361694336] [-8.1944398880004883:16.027450561523438] [-8.3186569213867188:14.761478424072266] [-8.5568714141845703:13.908934593200684] [-8.3141460418701172:16.388105392456055] [-7.9301848411560059:15.731110572814941] [-7.6629085540771484:14.221858024597168] [-8.3242588043212891:15.788053512573242] [-9.2431402206420898:16.472049713134766] [-9.4991426467895508:15.732405662536621] [-9.9160194396972656:13.491730690002441] [-10.473063468933105:13.854236602783203] [-10.937721252441406:16.66523551940918] [-11.082827568054199:18.256818771362305] [-12.073580741882324:15.396571159362793] [-13.290007591247559:13.083724975585938] [-12.771224975585938:11.748091697692871] [-9.9642553329467773:14.820465087890625] [0:1] [-5.3939027786254883:10.705911636352539] [-5.3801994323730469:10.959723472595215] [-5.4286031723022461:11.38120174407959] [-5.5680313110351562:10.736789703369141] [-5.5342550277709961:10.087675094604492] [-5.558952808380127:10.053220748901367] [-5.594970703125:9.4435482025146484] [-5.6583342552185059:9.4323110580444336] [-5.6505732536315918:9.6716413497924805] [-5.5674500465393066:9.3488006591796875] [-5.6290454864501953:12.511114120483398] [-5.6344051361083984:12.523300170898438] [-5.6714987754821777:12.193946838378906] [-5.5976228713989258:14.438279151916504] [-5.3190979957580566:13.691545486450195] [-5.2324051856994629:12.763317108154297] [-5.3199162483215332:12.066287040710449] [-5.4853944778442383:10.058550834655762] [-5.6640167236328125:9.9871940612792969] [-5.7586402893066406:8.426274299621582] [-5.7868266105651855:8.7311592102050781] [-5.8147773742675781:7.4692435264587402] [-5.7806525230407715:8.3741331100463867] [-5.8425917625427246:10.789878845214844] [-5.8936858177185059:11.296235084533691] [-6.0248398780822754:13.41217041015625] [-6.1962108612060547:12.685262680053711] [-6.1465163230895996:11.593866348266602] [-6.1146559715270996:13.187936782836914] [-6.2870941162109375:16.678976058959961] [-6.497774600982666:19.713329315185547] [-6.5631170272827148:23.145591735839844] [-6.6829066276550293:22.194005966186523] [-6.9077982902526855:19.136722564697266] [-6.6785674095153809:16.363210678100586] [-6.7857351303100586:15.58949089050293] [-6.9262762069702148:17.248769760131836] [-6.9641542434692383:15.060530662536621] [-7.1025972366333008:15.738567352294922] [-7.4681973457336426:13.973452568054199] [-7.478858470916748:15.671545028686523] [-7.5521197319030762:15.950857162475586] [-7.7583436965942383:15.710830688476562] [-8.1823797225952148:16.01679801940918] [-8.4201278686523438:14.733643531799316] [-8.4783000946044922:13.729578971862793] [-8.1252670288085938:16.373483657836914] [-7.763270378112793:15.379834175109863] [-7.6675534248352051:14.280837059020996] [-8.3767480850219727:15.992692947387695] [-9.5014057159423828:16.661792755126953] [-9.5703029632568359:14.481954574584961] [-9.9364843368530273:13.725786209106445] [-10.522650718688965:10.901738166809082] [-10.901007652282715:13.379806518554688] [-11.103601455688477:13.903392791748047] [-12.210824012756348:11.473542213439941] [-13.163003921508789:14.136837959289551] [-12.045253753662109:13.387150764465332] [-11.330784797668457:12.531469345092773] [-5.3820013999938965:12.364547729492188] [-5.4294228553771973:12.475584030151367] [-5.4694676399230957:12.552258491516113] [-5.5374393463134766:11.467157363891602] [-5.5535435676574707:11.189560890197754] [-5.5764822959899902:11.157842636108398] [-5.6358404159545898:9.7485008239746094] [-5.6567521095275879:9.3603830337524414] [-5.5977020263671875:10.770561218261719] [-5.5960569381713867:11.628432273864746] [-5.6298618316650391:13.794612884521484] [-5.6596841812133789:13.809728622436523] [-5.5593347549438477:13.465097427368164] [-5.357581615447998:15.858750343322754] [-5.1834869384765625:13.516513824462891] [-5.2806301116943359:14.091922760009766] [-5.2730488777160645:11.90185546875] [-5.5345115661621094:11.404111862182617] [-5.6715240478515625:10.971304893493652] [-5.6430082321166992:10.426162719726562] [-5.8330845832824707:9.5054302215576172] [-5.7179265022277832:8.9862470626831055] [-5.8336644172668457:9.9189023971557617] [-5.8502101898193359:12.057721138000488] [-5.9448437690734863:12.601513862609863] [-6.107874870300293:14.864160537719727] [-6.0690827369689941:12.517831802368164] [-6.1017847061157227:12.972479820251465] [-6.1716437339782715:15.531359672546387] [-6.3130483627319336:18.409242630004883] [-6.5198044776916504:21.656618118286133] [-6.6459999084472656:25.317371368408203] [-6.7865829467773438:22.012430191040039] [-6.7773442268371582:18.976459503173828] [-6.7013201713562012:18.154861450195312] [-6.8188552856445312:19.343141555786133] [-6.9306292533874512:18.877908706665039] [-6.9270119667053223:18.2635498046875] [-7.1876015663146973:15.764147758483887] [-7.4516735076904297:15.993157386779785] [-7.4186992645263672:16.368352890014648] [-7.6636042594909668:16.003454208374023] [-7.9494142532348633:15.889026641845703] [-8.0757808685302734:15.958135604858398] [-8.4526987075805664:14.689020156860352] [-8.303074836730957:15.909083366394043] [-7.8713383674621582:16.440237045288086] [-7.6260838508605957:15.491005897521973] [-7.8991255760192871:15.217290878295898] [-8.7483577728271484:16.283535003662109] [-9.3180007934570312:17.49163818359375] [-9.6569833755493164:14.919129371643066] [-10.237624168395996:14.029580116271973] [-10.729340553283691:15.869563102722168] [-10.871740341186523:17.252283096313477] [-11.412809371948242:14.353494644165039] [-12.802080154418945:12.82408332824707] [-12.023353576660156:17.571023941040039] [-8.8332920074462891:16.732889175415039] [-0.9664994478225708:18.069639205932617] [-5.3964767456054688:10.970551490783691] [-5.4396467208862305:10.572331428527832] [-5.5276446342468262:11.663507461547852] [-5.5864782333374023:11.011089324951172] [-5.5761957168579102:10.352532386779785] [-5.5853433609008789:10.316717147827148] [-5.6677336692810059:9.7006664276123047] [-5.6882305145263672:9.3147363662719727] [-5.6582484245300293:9.9389581680297852] [-5.6039600372314453:9.6126041412353516] [-5.6928701400756836:12.835577011108398] [-5.6788039207458496:12.846935272216797] [-5.6773409843444824:12.513778686523438] [-5.6048955917358398:14.802810668945312] [-5.320920467376709:14.052196502685547] [-5.2982311248779297:13.111536979675293] [-5.3839902877807617:12.409426689147949] [-5.8174047470092773:10.36540412902832] [-5.784174919128418:9.5021562576293945] [-5.832496166229248:8.678898811340332] [-5.8793540000915527:8.1166858673095703] [-5.8299708366394043:7.4885468482971191] [-5.8449859619140625:8.3379850387573242] [-5.86358642578125:11.115287780761719] [-6.1381864547729492:11.634455680847168] [-6.2772350311279297:13.802389144897461] [-6.2678170204162598:13.060978889465332] [-6.1760926246643066:11.949478149414062] [-6.2078957557678223:13.344522476196289] [-6.4379968643188477:17.147287368774414] [-6.6149802207946777:20.259696960449219] [-6.6496763229370117:23.773187637329102] [-6.8508658409118652:22.798303604125977] [-6.9366893768310547:19.675657272338867] [-6.7643942832946777:16.856267929077148] [-6.8079290390014648:16.073888778686523] [-7.0642623901367188:16.587459564208984] [-6.9945707321166992:15.523313522338867] [-7.3730998039245605:13.628948211669922] [-7.5600848197937012:14.123520851135254] [-7.5175132751464844:15.707470893859863] [-7.7112398147583008:15.520206451416016] [-8.0361595153808594:15.831537246704102] [-8.2219562530517578:14.843610763549805] [-8.5500802993774414:13.949758529663086] [-8.6501235961914062:13.985755920410156] [-8.3596582412719727:15.620052337646484] [-7.8853812217712402:13.975187301635742] [-8.4686384201049805:13.39249324798584] [-8.9124746322631836:15.623690605163574] [-9.8203353881835938:15.20835018157959] [-9.9615106582641602:13.049732208251953] [-10.32017707824707:10.72990894317627] [-10.724518775939941:10.996842384338379] [-11.284056663513184:13.600567817687988] [-11.82917594909668:15.071050643920898] [-13.020894050598145:12.20367431640625] [-14.091683387756348:9.2834072113037109] [-17.09532356262207:9.2433996200561523] [-18.621809005737305:0.97749477624893188] [-5.4039878845214844:11.250247001647949] [-5.4382061958312988:11.140832901000977] [-5.5047149658203125:12.130561828613281] [-5.5697188377380371:10.811211585998535] [-5.5674295425415039:10.79209041595459] [-5.5975079536437988:10.758352279663086] [-5.6568036079406738:9.5577478408813477] [-5.6772289276123047:9.3146648406982422] [-5.6385312080383301:10.375532150268555] [-5.6120061874389648:10.64986515045166] [-5.6572656631469727:13.342713356018066] [-5.6746344566345215:13.356831550598145] [-5.6420350074768066:13.01786994934082] [-5.4896707534790039:15.364109039306641] [-5.2056975364685059:13.80452823638916] [-5.2899789810180664:13.63185977935791] [-5.3154764175415039:12.174280166625977] [-5.6374177932739258:10.149846076965332] [-5.7320928573608398:10.191084861755371] [-5.7643313407897949:9.0887775421142578] [-5.8503236770629883:8.7674388885498047] [-5.8003559112548828:8.075596809387207] [-5.8468437194824219:8.9648656845092773] [-5.8804669380187988:11.617894172668457] [-6.0177435874938965:12.15272331237793] [-6.1657099723815918:14.375732421875] [-6.191983699798584:12.817586898803711] [-6.1559233665466309:12.484643936157227] [-6.2097978591918945:14.530891418457031] [-6.4042263031005859:17.823141098022461] [-6.5801353454589844:21.013839721679688] [-6.6600465774536133:24.623151779174805] [-6.8311100006103516:22.463642120361328] [-6.8759355545043945:19.379465103149414] [-6.7502989768981934:17.56739616394043] [-6.8503098487854004:16.717073440551758] [-7.0050268173217773:17.691045761108398] [-7.0236339569091797:16.211967468261719] [-7.318967342376709:15.018354415893555] [-7.5370831489562988:15.103734970092773] [-7.5262660980224609:16.079132080078125] [-7.7127366065979004:15.877166748046875] [-8.0319108963012695:15.961054801940918] [-8.2521495819091797:15.501462936401367] [-8.5525264739990234:14.423134803771973] [-8.4979753494262695:15.106385231018066] [-8.1349296569824219:16.172042846679688] [-7.7380094528198242:14.902035713195801] [-8.1132259368896484:14.802522659301758] [-8.9047470092773438:16.255861282348633] [-9.6422586441040039:16.468313217163086] [-9.8980913162231445:14.0672607421875] [-10.386066436767578:12.226994514465332] [-10.776379585266113:12.778707504272461] [-11.225838661193848:13.92197322845459] [-11.705896377563477:15.008130073547363] [-13.201790809631348:12.156516075134277] [-13.247754096984863:12.385733604431152] [-12.01241397857666:11.325177192687988] [-11.108595848083496:11.345650672912598] [-0.023151803761720657:320.79556274414062] [-0.023552883416414261:342.58062744140625] [-0.024514675140380859:319.25338745117188] [-0.025893921032547951:317.08056640625] [-0.025641471147537231:420.46987915039062] [-0.036820705980062485:162.91561889648438] [-0.019704068079590797:399.36898803710938] [-0.027579342946410179:149.06684875488281] [-0.032341785728931427:158.35102844238281] [-0.029248002916574478:155.65849304199219] [-0.026169661432504654:319.512939453125] [-0.024268930777907372:351.22409057617188] [-0.02471037395298481:370.87823486328125] [-0.022950077429413795:385.64321899414062] [-0.022395225241780281:386.80337524414062] [-0.023825481534004211:379.16131591796875] [-0.015462658368051052:198.29983520507812] [-0.023323949426412582:336.31124877929688] [-0.015774592757225037:234.04183959960938] [-0.018414083868265152:277.28448486328125] [-0.025623979046940804:413.89871215820312] [-0.026942715048789978:458.59365844726562] [-0.022823723033070564:376.15072631835938] [-0.03072655200958252:352.529052734375] [-0.026520777493715286:444.79776000976562] [-0.02059701643884182:385.6285400390625] [-0.026999535039067268:455.86917114257812] [-0.022171834483742714:371.3687744140625] [-0.016349649056792259:462.75802612304688] [-0.024673076346516609:413.50241088867188] [-0.018979929387569427:379.58163452148438] [-0.014445589855313301:267.478759765625] [-0.035802990198135376:390.68917846679688] [-0.019427074119448662:289.63323974609375] [-0.022304005920886993:333.93392944335938] [-0.02372928149998188:377.6591796875] [-0.0097173424437642097:539.491455078125] [-0.022759448736906052:340.16921997070312] [-0.010578911751508713:525.3720703125] [-0.020813301205635071:412.00271606445312] [-0.013653680682182312:173.86936950683594] [-0.011283853091299534:463.11029052734375] [-0.01480985339730978:225.16484069824219] [-0.017652995884418488:297.6595458984375] [-0.0095784598961472511:300.578857421875] [-0.011939272284507751:485.23876953125] [-0.017059490084648132:362.34173583984375] [-0.016829557716846466:191.77696228027344] [-0.012630914337933064:359.11703491210938] [-0.013145782984793186:433.60562133789062] [-0.018381858244538307:396.68478393554688] [-0.0091012157499790192:187.41542053222656] [-0.019375069066882133:449.85595703125] [-0.033517889678478241:157.14990234375] [-0.011998369358479977:467.15005493164062] [-0.010289213620126247:490.4542236328125] [-0.019199203699827194:267.81991577148438] [-0.018684670329093933:212.38313293457031] [-0.047170400619506836:526.06732177734375] [0:1]
tree_sizes=3044 3015 3037 2975 3019 3036 3022 3073 3068 3070 3071 3071 3010 3047 3051 3001 3047 3001 3074 2963 3001 3026 3087 2983 3086 3075 3091 3100 3085 3023 3080 2970 3043 2996 2973 3045 3109 3087 3104 2951 3010 3027 3076 3069 3069 3027 3082 3009 2896

Tree=0
num_leaves=31
num_cat=0
split_feature=93 161 58 35 161 186 236 161 194 30 180 164 179 162 179 236 298 35 178 47 233 155 79 13 326 177 251 89 162 293
split_gain=185.563 141.69 203.736 163.129 128.416 150.59 149.988 118.564 80.879 76.2839 130.828 99.5341 95.2839 76.7151 72.816 71.5501 64.7235 62.1208 58.578 56.5046 57.2764 52.0701 47.2139 52.4928 36.238 34.2586 31.4739 30.0338 26.4514 28.1627
threshold=2.276455402374268 -3.9249660968780513 -1.0577846765518186 -3.3017740249633785 0.10777474567294122 -2.7939349412918086 1.1700290441513064 -2.5635643005371089 1.3743438720703127 -0.36920726299285883 -2.706857323646545 0.15396481007337573 -0.024800014682114121 0.17208808660507205 -0.69615590572357167 1.1938170194625857 -0.70378628373146046 0.72306460142135631 0.17064341157674792 -1.7430737018585203 -1.2908726334571836 -0.91601407527923573 0.16798900067806247 1.6777831315994265 -0.021596820093691346 0.71044468879699718 -3.0186052322387691 1.678087115287781 1.3897437453269961 -0.86811804771423329
decision_type=2 2 2 2 2 2 2 2 2 2 2 2 2 2 2 2 2 2 2 2 2 2 2 2 2 2 2 2 2 2
left_child=1 2 -1 7 5 6 14 24 15 12 11 -11 13 -6 -5 -7 -12 -10 -4 -9 -21 -14 -2 -24 -3 -20 -8 -25 -29 -30
right_child=22 3 18 4 9 8 26 19 17 10 16 -13 21 -15 -16 -17 -18 -19 25 20 -22 -23 23 27 -26 -27 -28 28 29 -31
leaf_value=-0.025307790643999645 0.017942086408461955 -0.00499259291303919 0.015119365289733452 0.0005049193506808439 1.9243802379271666e-09 0.000333509364356442 0.022839227741900361 1.9243802379271666e-09 0.0097240643919938845 0.040370002776879306 -0.0025269713054912276 1.9243802379271666e-09 0.007425284601926806 -0.0085102120402649074 -0.012651271382760711 0.0034978270969107214 -0.00038414419996849657 -0.0021381412233760517 -0.011065937016799405 0.043634047176220318 0.015935307140836501 -0.0016207955055809067 -0.00012098837969828087 -0.004487032841224114 0.009944532365584938 0.0018718968257736977 1.9243802379271666e-09 1.9243802379271666e-09 0.023791706843933579 0.0078481227904547823
leaf_weight=468 280 351 149 432 1196 168714 134 113 1449 103 14591 108 642 3645 1650 6696 101556 484 338 109 407 4094 1179 148 217 303 100 396 113 2502
leaf_count=468 280 351 149 432 1196 168714 134 113 1449 103 14591 108 642 3645 1650 6696 101556 484 338 109 407 4094 1179 148 217 303 100 396 113 2502
internal_value=1.74589e-06 -8.6963e-05 -0.0100563 -4.44527e-05 -8.90747e-05 0.00042469 -0.00713397 0.0109153 0.000525886 -0.000824345 -0.000609054 0.0219086 -0.00340208 -0.00635618 -0.0097999 0.000456397 -0.000656309 0.00660882 -0.000249148 0.0196907 0.0237559 -0.000305386 0.00595871 0.00503761 0.000347963 -0.00462478 0.0143088 0.00704591 0.00773764 0.00882629
internal_weight=312667 308049 1258 306791 305594 179659 2316 1197 177343 125935 116358 211 9577 4841 2082 175410 116147 1933 790 629 516 4736 4618 4338 568 641 234 3159 3011 2615
internal_count=312667 308049 1258 306791 305594 179659 2316 1197 177343 125935 116358 211 9577 4841 2082 175410 116147 1933 790 629 516 4736 4618 4338 568 641 234 3159 3011 2615
is_linear=0
shrinkage=1


Tree=1
num_leaves=31
num_cat=0
split_feature=270 281 58 102 278 55 246 275 58 198 228 268 53 194 178 227 204 171 167 53 170 193 25 76 296 179 294 232 228 42
split_gain=186.248 131.885 191.628 130.175 105.466 102.243 114.131 198.661 95.7493 100.961 89.203 80.9709 118.556 71.6176 70.204 67.7589 83.3436 60.5481 60.4458 55.7343 55.7086 53.2446 50.6311 47.6877 47.6651 45.816 42.1233 39.1691 44.3095 43.1106
threshold=2.2826381921768193 -3.9365177154541011 -0.95155662298202504 0.032753864303231246 -2.4738372564315791 1.8247449398040774 -2.7893488407135005 -3.3168821334838863 -0.95155662298202504 -0.1728231534361839 1.1395671963691714 -2.0174237489700313 -1.4150575399398801 1.3743438720703127 0.29245555400848394 1.388195335865021 2.7079706192016606 0.68251577019691478 -1.5829911828041074 -1.5800071954727171 1.1727105379104616 1.6622945666313174 1.2876083850860598 -2.3633036613464351 0.70896989107131969 2.1143385171890263 -1.7309022545814512 1.8179401159286501 1.8069894313812258 1.7692918777465823
decision_type=2 2 2 2 2 2 2 2 2 2 2 2 2 2 2 2 2 2 2 2 2 2 2 2 2 2 2 2 2 2
left_child=1 2 -1 5 -5 6 7 18 9 24 -9 12 -7 19 -4 20 -17 -14 -3 -8 -10 -2 -11 -16 -6 -13 -23 28 -28 -29
right_child=21 3 14 4 8 11 13 10 15 22 -12 25 17 -15 23 16 -18 -19 -20 -21 -22 26 -24 -25 -26 -27 27 29 -30 -31
leaf_value=-0.024054370143669016 0.00068497166561086052 0 0.015204530553985386 0.015454827456541049 -0.0095383547274528174 -0.010008646994924743 -0.0014540292503637338 -0.010555540326761504 -0.00055318789588125082 -0.0030047373401794436 0.014527803825344457 0 0.025781026599952614 0.0063045159725051729 -0.01014828767684939 0.0018333596185705558 -0.015123746238946349 0.0010335957048540345 0.029060450869866392 0.00061432808650729984 -0.0030006130775522542 0.02302257694119612 0.0019112437667582402 0.0090649732150478481 0.0034077826120652429 0.0099267592806741908 0.0065590318409030728 -0.0020735744124886438 -0.0042846734585174611 0.012225226065682672
leaf_weight=486 1340 127 180 340 2544 114 12640 2088 103194 7617 109 1391 448 1892 448 13277 243 144 145 148046 9181 162 2410 122 238 572 1099 173 436 1390
leaf_count=486 1340 127 180 340 2544 114 12640 2088 103194 7617 109 1391 448 1892 448 13277 243 144 145 148046 9181 162 2410 122 238 572 1099 173 436 1390
internal_value=4.02717e-06 -8.46898e-05 -0.00978724 -4.39828e-05 -0.000723559 0.000517646 0.000421106 -0.00594484 -0.000767601 -0.00324109 -0.00905593 0.00632849 0.0150053 0.000520347 0 -0.000513082 0.00148454 0.0204821 0.0170558 0.000449598 -0.000756309 0.00598372 -0.00179186 -0.00535961 -0.00830733 0.00293668 0.00805281 0.00703115 0.00327058 0.0104469
internal_weight=312596 307996 1236 306760 139044 167716 165047 2469 138704 12809 2197 2669 706 162578 750 125895 13520 592 272 160686 112375 4600 10027 570 2782 1963 3260 3098 1535 1563
internal_count=312596 307996 1236 306760 139044 167716 165047 2469 138704 12809 2197 2669 706 162578 750 125895 13520 592 272 160686 112375 4600 10027 570 2782 1963 3260 3098 1535 1563
is_linear=0
shrinkage=0.03


Tree=2
num_leaves=31
num_cat=0
split_feature=93 171 17 53 217 115 167 54 7 11 236 52 149 48 101 58 118 110 103 275 224 266 298 235 222 21 41 79 213 82
split_gain=168.076 149.668 142.548 116.41 159.007 124.858 134.849 96.7655 116.803 96.0517 93.1466 116.721 111.269 83.8462 78.9494 82.4948 78.2051 73.5457 61.8081 61.018 166.91 103.047 53.716 52.2794 54.5417 90.4161 51.2934 50.486 48.7489 45.699
threshold=2.276455402374268 0.22957418859004977 1.682065010070801 -1.7460893988609312 -2.4066910743713374 0.93590697646141063 -1.5829911828041074 -0.41466672718524927 -1.5297823548316953 -3.0252579450607295 -0.38341590762138361 1.2867274880409243 0.70996978878974926 -2.2930871248245235 -3.8977274894714351 -1.1048109531402586 -1.1457065939903257 0.12243358418345453 -0.68385177850723255 -3.3168821334838863 -2.8315231800079341 -3.2706950902938838 -0.3097089678049087 0.73209041357040416 1.254096567630768 0.63875368237495433 -2.1447989940643306 2.1627440452575688 0.37994627654552465 1.8566533327102663
decision_type=2 2 2 2 2 2 2 2 2 2 2 2 2 2 2 2 2 2 2 2 2 2 2 2 2 2 2 2 2 2
left_child=1 2 3 14 5 6 -5 22 10 -6 11 18 17 -11 15 -1 -4 -12 -9 20 -16 -21 27 26 25 -25 -10 -3 -18 -28
right_child=-2 7 16 4 9 -7 -8 8 23 13 12 -13 -14 -15 19 -17 28 -19 -20 21 -22 -23 -24 24 -26 -27 29 -29 -30 -31
leaf_value=-0.023070675747106428 0.0056724032310452753 -0.0075122798090084385 -0.0027700083377027525 -0.0040589087869157088 -0.010917787764897002 0.023300178896985015 0.0087190643418884814 0.0095391662657181905 0.0087323866120797376 0.0071449637347733384 0.00022907138762075593 -0.025563418021078168 -0.012009980483819706 0.00035756533499458167 -0.004758437244555839 -0.0011066272412040862 0 0.0088517106974988023 -0.0060398101127831288 -0.015179192549981811 0.035512428142440815 -0.001620896253049638 -0.00140189400475248 0.00028602076153550377 0.001775976033411238 -0.0030450560983121397 -0.0015322378842636472 0.0082646777916155507 0.012531519857779127 -0.0069114074242860079
leaf_weight=319 4612 3715 476 1040 653 355 2312 358 400 1639 1335 173 288 176876 221 342 391 3183 562 518 124 10797 3301 22681 9686 10724 52447 158 1586 1480
leaf_count=319 4612 3715 476 1040 653 355 2312 358 400 1639 1335 173 288 176876 221 342 391 3183 562 518 124 10797 3301 22681 9686 10724 52447 158 1586 1480
internal_value=0 -8.50373e-05 0.000408231 0.000315914 0.000507535 0.00664555 0.00466501 -0.000970036 -0.000732136 0.000378137 0.00334858 -0.0043514 0.00517268 0.000422356 -0.00250014 -0.0125133 0.00757098 0.0063822 0 -0.00188636 0.0100466 -0.00229375 -0.00434292 -0.000982953 -0.00019451 -0.000775561 -0.00160251 -0.00675244 0.0102138 -0.00168794
internal_weight=312752 308140 197649 195196 182875 3707 3352 110491 103317 179168 5899 1093 4806 178515 12321 661 2453 4518 920 11660 345 11315 7174 97418 43091 33405 54327 3873 1977 53927
internal_count=312752 308140 197649 195196 182875 3707 3352 110491 103317 179168 5899 1093 4806 178515 12321 661 2453 4518 920 11660 345 11315 7174 97418 43091 33405 54327 3873 1977 53927
is_linear=0
shrinkage=0.03


Tree=3
num_leaves=31
num_cat=0
split_feature=93 161 58 35 72 236 41 161 178 85 0 178 186 55 178 167 239 125 225 106 259 253 326 218 203 40 115 194 57 113
split_gain=150.262 109.366 205.429 124.772 111.93 154.79 120.51 103.195 84.5303 81.7108 69.4905 69.394 68.7691 67.7832 65.6663 56.0315 51.646 45.3686 40.5615 40.5155 39.6117 54.3421 37.0909 34.5368 36.6846 31.7544 27.4984 26.8549 26.3046 24.7854
threshold=2.276455402374268 -3.9249660968780513 -0.99193978309631337 -3.3017740249633785 -3.0227023363113399 1.1700290441513064 0.049392824992537505 -2.5635643005371089 -0.93937811255455006 -1.1366164684295652 -2.8465572595596309 2.598090767860413 -2.7939349412918086 1.6826645731925967 0.29245555400848394 -1.445786654949188 -2.7062350511550899 -0.57972019910812367 -0.71961790323257435 -4.1223216056823722 0.44263215363025671 1.6188248395919802 -0.020971579477190968 1.5495904684066775 1.2298030257225039 -0.75717264413833607 -2.0532847642898555 -2.3817998170852657 -1.6972187757492063 1.9077928066253664
decision_type=2 2 2 2 2 2 2 2 2 2 2 2 2 2 2 2 2 2 2 2 2 2 2 2 2 2 2 2 2 2
left_child=1 2 -1 7 5 9 11 22 17 16 -10 12 -6 -13 -4 -9 -5 -8 25 28 -2 -22 27 -23 -25 -17 -26 -3 -16 -28
right_child=20 3 14 4 6 -7 8 15 10 -11 -12 13 -14 -15 19 18 -18 -19 -20 -21 21 23 -24 24 26 -27 29 -29 -30 -31
leaf_value=-0.02430009752020286 0.015746704395804331 -0.0107852997903507 0.01579728554124097 0 -0.0073749373184948275 0.018694041923441915 -0.0084492669369968607 0 0.018605943930143601 0.0058573018583635249 -0.00054104005565585732 0.001375648142926302 0.00044306268170583862 0.012007521508021098 -0.0096174840882886203 0.03248290277237538 -0.015434667536804371 -0.0024967241662378283 0.00091106461899837887 -0.014267640807850509 -0.0011322038171241396 -0.00054154852141761946 0.0098923617960043394 -0.0036418070657381796 0.02363116875373257 0.009959238482340961 0.0037898539237131022 0.0039730348804505999 0.0068308680145871235 0.010538984030204687
leaf_weight=463 312 257 176 242 995 158 1382 113 150 207 124818 1518 164996 895 100 265 1208 9067 101 207 1080 467 214 191 110 158 1096 134 262 1351
leaf_count=463 312 257 176 242 995 158 1382 113 150 207 124818 1518 164996 895 100 265 1208 9067 101 207 1080 467 214 191 110 158 1096 134 262 1351
internal_value=-2.64298e-05 -0.000107969 -0.00904497 -7.1224e-05 -0.000111056 -0.00749952 -6.54403e-05 0.00933959 -0.00073254 -0.0103692 -0.000512684 0.000469229 0.000393509 0.00550868 0.000431007 0.017576 -0.0129379 -0.00332731 0.021582 -0.00418769 0.00533841 0.00444331 0 0.00640443 0.0076886 0.0255765 0.00867306 -0.00505032 0.00123614 0.00769292
internal_weight=312693 308086 1208 306878 305636 1815 303821 1242 135417 1657 124968 168404 165991 2413 745 637 1450 10449 524 569 4607 4295 605 3215 2748 423 2557 391 362 2447
internal_count=312693 308086 1208 306878 305636 1815 303821 1242 135417 1657 124968 168404 165991 2413 745 637 1450 10449 524 569 4607 4295 605 3215 2748 423 2557 391 362 2447
is_linear=0
shrinkage=0.03


Tree=4
num_leaves=31
num_cat=0
split_feature=16 102 161 58 58 178 19 239 100 175 37 159 159 37 104 125 298 49 189 178 205 161 68 115 292 109 73 16 178 105
split_gain=131.721 125.99 137.163 177.324 112.37 84.1742 102.331 193.535 129.221 75.8554 72.1183 120.08 79.251 64.5023 62.8898 62.5592 58.4785 53.5513 53.4674 52.13 51.3139 110.341 72.0837 51.0283 52.6568 76.1435 69.2294 48.7085 45.3514 43.7501
threshold=2.0445624589920048 0.032753864303231246 -3.9249660968780513 -1.293624699115753 -1.0359934568405149 2.598090767860413 -3.4356197118759151 -2.163212656974792 -2.0989893674850459 1.3698115944862368 -2.2709670066833492 -1.7147251367568968 -2.3225530385971065 -2.0338457822799678 1.9355611801147463 -0.57972019910812367 -1.4218640923500059 1.3856117129325869 -2.7076443433761592 0.17064341157674792 -1.1488652825355528 0.67357784509658825 -0.82796525955200184 -1.8788456320762632 1.9828387498855593 1.9539355635643008 3.1817771196365361 -1.2542409896850584 1.1254508495330813 -0.59979081153869618
decision_type=2 2 2 2 2 2 2 2 2 2 2 2 2 2 2 2 2 2 2 2 2 2 2 2 2 2 2 2 2 2
left_child=1 2 3 -1 15 6 7 8 -4 18 12 -12 -8 -6 20 29 -9 -16 -7 -5 21 -15 -22 -2 25 -25 28 -11 -27 -3
right_child=23 4 5 19 13 9 10 16 -10 27 11 -13 -14 14 17 -17 -18 -19 -20 -21 22 -23 -24 24 -26 26 -28 -29 -30 -31
leaf_value=-0.024463199587089587 0.015134518443467094 0.005286226386524504 -0.0082577567228670178 0.01290010273789889 0.010627657314053858 0.020013531795252233 0.001555702585669245 0 0.029553493986336086 0.016869423445246584 -0.0032096587013654239 0.00052481792926041353 0.0092224071474901644 -0.00035381743585185914 0.0081565949136769515 -0.0026625286382916222 -0.023013392136266519 0.00069504655279293995 -0.00042489308950086177 -0.0049448003494831786 0.0020454831349120445 -0.013285740486638047 -0.00083259398537211102 0.0031220073506024832 0.0072966267372440614 0 0.010523778697503591 0.0027027648756890719 -0.019490471903147323 -0.010332229556051583
leaf_weight=434 355 140 138 170 440 104 5020 112 136 669 8137 149513 1648 1825 1245 9254 509 3097 1325 613 8358 899 110462 3602 2103 192 114 415 321 1647
leaf_count=434 355 140 138 170 440 104 5020 112 136 669 8137 149513 1648 1825 1245 9254 509 3097 1325 613 8358 899 110462 3602 2103 192 114 415 321 1647
internal_value=-4.13044e-05 -0.000133309 0.000414129 -0.00952735 -0.00080873 0.000489179 0.000403968 -0.00958607 0.0102232 0.00592536 0.000461367 0.00032978 0.0035173 -0.000551966 -0.000595106 -0.00371307 -0.0188407 0.00293089 0.00111125 -0.000472029 -0.000723997 -0.00479679 -0.000627311 0.00411623 0.00340556 0.00137477 -0.00798534 0.0118648 -0.0129019 -0.00889764
internal_weight=312997 306310 168943 1217 137367 167726 165213 895 274 2513 164318 157650 6668 126326 125886 11041 621 4342 1429 783 121544 2724 118820 6687 6332 4229 627 1084 513 1787
internal_count=312997 306310 168943 1217 137367 167726 165213 895 274 2513 164318 157650 6668 126326 125886 11041 621 4342 1429 783 121544 2724 118820 6687 6332 4229 627 1084 513 1787
is_linear=0
shrinkage=0.03


Tree=5
num_leaves=31
num_cat=0
split_feature=93 102 161 118 158 227 178 186 239 49 113 196 124 256 68 108 0 53 94 174 293 227 48 53 212 236 139 253 109 50
split_gain=155.989 113.087 109.161 109.517 91.1688 85.7979 71.8916 92.9093 214.395 140.701 70.4421 67.087 67.9533 65.7533 63.5394 73.3958 62.8555 57.9319 57.4319 59.9957 67.7772 56.7594 49.9268 95.0162 45.0778 54.7712 44.2177 43.2876 40.9849 40.7451
threshold=2.276455402374268 0.032753864303231246 -3.9249660968780513 -1.974291920661926 -2.3174968957900997 -0.23678021132946012 2.598090767860413 -2.7939349412918086 -2.7062350511550899 -2.0126396417617793 -1.428102910518646 1.152444660663605 0.55637559294700634 -3.3713245391845699 -2.1245998144149776 -1.587288439273834 -2.8465572595596309 1.3518466949462893 -0.56876489520072926 -1.7580012083053587 -1.7483363151550291 1.388195335865021 -1.9437225461006162 -2.775643944740295 -3.7033493518829341 -1.2792077064514158 0.42414644360542303 1.6188248395919802 -2.1533602476119991 -0.2548872828483581
decision_type=2 2 2 2 2 2 2 2 2 2 2 2 2 2 2 2 2 2 2 2 2 2 2 2 2 2 2 2 2 2
left_child=1 2 3 -1 -3 18 7 8 9 -4 -7 12 -9 -10 15 -8 -12 -17 -6 -20 -21 -18 23 -16 -5 -26 -2 -28 -13 -24
right_child=26 4 6 24 5 10 14 11 13 -11 16 28 -14 -15 22 17 21 -19 19 20 -22 -23 29 -25 25 -27 27 -29 -30 -31
leaf_value=-0.020624833483176324 0.016910318375802508 0.014808386017399831 -0.0067193457969603647 0.0079959565357172052 -0.0088138195166116273 0.008131585580160184 -0.0044541281545534732 0.00060211097316724752 -0.018817772244639999 0.023532296194690026 0.017968055819806875 0.019303083618267856 -0.0015704979951925901 -0.0060007700812218338 0 0.025735164246386614 -0.00085449113019246139 0.0018310851784095771 -0.01433900358012667 0.013784844118488739 -0.0022843085623886123 0.001111456613127441 -0.0089841484458954689 0.022043438816449532 0.0013242930561387081 -0.01696562137351677 -0.00032230105542916976 0.0063125558638049105 0.0037411096951016276 0.0026020386992976906
leaf_weight=416 286 317 204 260 1426 815 125 145111 563 312 143 154 14145 1347 470 338 109327 165 352 217 11035 14893 393 269 283 233 1101 3209 3310 738
leaf_count=416 286 317 204 260 1426 815 125 145111 563 312 143 154 14145 1347 470 338 109327 165 352 217 11035 14893 393 269 283 233 1101 3209 3310 738
internal_value=-1.42689e-05 -9.74298e-05 0.00042266 -0.00853515 -0.000733456 -0.000773412 0.000489152 0.000410431 -0.00538276 0.0112082 -0.0005291 0.000499296 0.000407085 -0.0100901 0.00552978 0.013744 -0.000589567 0.0188374 -0.0030931 -0.00235032 -0.00192388 -0.000616234 0.00249624 0.00850593 -0.00132183 -0.0066997 0.00545851 0.00455472 0.0046259 -0.00124944
internal_weight=311957 307361 168836 1192 138525 138208 167644 165146 2426 516 125178 162720 159256 1910 2498 628 124363 503 13030 11604 11252 124220 1870 739 776 516 4596 4310 3464 1131
internal_count=311957 307361 168836 1192 138525 138208 167644 165146 2426 516 125178 162720 159256 1910 2498 628 124363 503 13030 11604 11252 124220 1870 739 776 516 4596 4310 3464 1131
is_linear=0
shrinkage=0.03


Tree=6
num_leaves=31
num_cat=0
split_feature=209 171 203 53 36 295 167 298 187 11 230 48 222 154 299 178 24 112 168 234 180 115 43 176 126 119 163 311 16 178
split_gain=120.208 95.9349 127.785 97.9115 155.586 107.21 118.65 96.8635 91.0844 82.5916 76.3741 74.1104 69.6594 112.804 71.0995 69.2876 85.5029 96.0865 68.0299 70.4793 67.8414 64.6586 58.6111 54.4083 50.3537 72.0792 49.4699 48.8326 48.4102 43.605
threshold=2.425217986106873 0.18728462606668475 1.4675888419151308 -1.7460893988609312 -2.4802037477493282 0.69990062713623058 -2.262807965278625 -0.68923655152320851 -1.3202801942825315 -3.0252579450607295 0.14356581866741183 -2.2930871248245235 -2.5126123428344722 -3.3110347986221309 0.96663376688957225 2.1437342166900639 -1.1146398186683653 1.1815992593765261 -0.71034118533134449 -1.4618516564369199 -2.706857323646545 2.0244210958480839 2.2823157310485844 0.97364544868469249 -2.0503243207931514 -0.58154240250587452 1.7464806437492373 -0.0070527030620723954 2.1618678569793706 3.1445060968399052
decision_type=2 2 2 2 2 2 2 2 2 2 2 2 2 2 2 2 2 2 2 2 2 2 2 2 2 2 2 2 2 2
left_child=1 2 3 12 5 6 -5 10 15 -6 18 -11 -1 -14 -15 16 17 -9 19 -3 -18 -17 29 -4 25 -12 -2 -20 -26 -10
right_child=26 7 23 4 9 -7 -8 8 22 11 24 -13 13 14 -16 21 20 -19 27 -21 -22 -23 -24 -25 28 -27 -28 -29 -30 -31
leaf_value=-0.0060880572636913769 0 -0.017285958818771357 0.0045556415716851055 -0.010030169740227761 -0.010145251495044937 0.022793612502903474 0.0075009756432946936 0.00091697773906179812 -0.00074255890034230921 0.0066344335236784412 0.01455903174040054 0.00026303700881680653 0.025963307870348003 -0.0022795104750559878 0.0068787836114207104 0.014686150832115235 0.022467719013470923 -0.011032494229458215 -0.013238881928778853 0.0050607256909032628 0.0038377570040170942 0 0.0041311483466529748 0.017115001632345288 -0.0030086935813032844 -0.0094637406761727185 0.0078132264617389174 -8.8840139644581295e-05 0.0054005337009668409 -0.0074123481899371346
leaf_weight=3307 964 143 3082 377 659 339 2320 2611 93322 1644 343 170509 117 8039 811 737 180 755 1483 555 2722 373 2174 359 9886 131 2448 362 615 882
leaf_count=3307 964 143 3082 377 659 339 2320 2611 93322 1644 343 170509 117 8039 811 737 180 755 1483 555 2722 373 2174 359 9886 131 2448 362 615 882
internal_value=-2.11527e-05 -8.4153e-05 0.000328451 0.000221681 0.000404051 0.0071182 0.00488418 -0.000760626 -0.000445751 0.00028355 -0.00315102 0.000326388 -0.00236313 -0.000945514 -0.00139282 0.00275423 0.00145977 -0.00172404 -0.00785785 0 0.00524185 0.00964316 -0.000694352 0.00604397 -0.00202082 0.00719819 0.00556116 -0.0108482 -0.00247836 -0.00080975
internal_weight=312249 308837 191563 188122 175848 3036 2697 117274 103756 172812 13518 172153 12274 8967 8850 7378 6268 3366 2543 698 2902 1110 96378 3441 10975 474 3412 1845 10501 94204
internal_count=312249 308837 191563 188122 175848 3036 2697 117274 103756 172812 13518 172153 12274 8967 8850 7378 6268 3366 2543 698 2902 1110 96378 3441 10975 474 3412 1845 10501 94204
is_linear=0
shrinkage=0.03


Tree=7
num_leaves=31
num_cat=0
split_feature=16 161 102 57 218 119 55 186 155 167 50 198 216 8 55 254 287 112 240 228 210 56 232 57 206 115 57 232 64 299
split_gain=135.174 110.016 122.293 110.607 86.4914 80.3698 79.9622 86.0131 141.078 92.5927 77.3305 71.1049 70.1422 71.2748 67.2655 63.3888 59.912 62.764 57.5443 56.092 52.8584 52.7591 45.7963 44.9063 41.4527 39.0973 37.2003 36.3929 44.0861 34.667
threshold=2.0445624589920048 -3.9249660968780513 0.032753864303231246 -1.7542602419853208 -2.8285713195800777 -1.0210457444190977 1.7501514554023745 -2.7939349412918086 -3.2706165313720699 -1.5829911828041074 0.83099284768104564 -0.23000553250312802 -0.44400958716869349 0.87880933284759533 0.37280049920082098 -1.5500057935714719 1.1946957707405093 0.62309303879737865 0.84220427274703991 -2.5716489553451534 2.1252492666244511 0.48192584514617925 0.25115381181240087 0.20344571769237521 2.2624901533126835 -2.1720601320266719 0.79222211241722118 1.8179401159286501 1.6322301030158999 -2.5196251869201656
decision_type=2 2 2 2 2 2 2 2 2 2 2 2 2 2 2 2 2 2 2 2 2 2 2 2 2 2 2 2 2 2
left_child=1 3 6 -1 -4 11 7 8 9 -3 15 23 13 -9 -10 -8 17 -7 -18 -14 24 -5 -13 -6 -2 -22 -26 28 -27 -29
right_child=20 2 4 21 5 16 10 12 14 -11 -12 22 19 -15 -16 -17 18 -19 -20 -21 25 -23 -24 -25 26 27 -28 29 -30 -31
leaf_value=-0.019495871158921735 0.0031175195110671309 -0.0024627773158613646 0.016430721475679259 0.0043780278963489417 -0.0093175511324911243 -0.00031231446991501717 0.014346543055762249 3.38669136247045e-05 -0.010068799350299477 0.030859835661750361 -0.0020678793528635664 9.3427445648306139e-05 0.013365291098222857 -0.0057785807792718928 0.0037045783010156205 0.0035287671055360507 0.0023990070821507418 -0.0019383568098728283 -0.00089907594174038993 0.0010870995409612953 0.022250599526601876 -0.012339654406532645 -0.0041626734170165224 0.0021045830345994563 0.0016786852494656743 0.010801161716511586 -0.01220303378918638 0.025542503556405957 -4.1963212872785816e-05 0.007660415206552037
leaf_weight=503 2809 114 244 482 2101 76376 925 78197 1813 131 836 4770 321 1924 340 1248 11460 29986 7955 81498 142 232 4109 307 283 421 318 112 1212 1379
leaf_count=503 2809 114 244 482 2101 76376 925 78197 1813 131 836 4770 321 1924 340 1248 11460 29986 7955 81498 142 232 4109 307 283 421 318 112 1212 1379
internal_value=4.04143e-05 -5.092e-05 -1.36797e-05 -0.00897992 -0.000678144 -0.000713183 0.000529736 0.000438668 -0.00516652 0.0152069 0.00536872 -0.00314093 0.000524149 -0.000103375 -0.00774158 0.00835931 -0.000492472 -0.000773833 0.0010327 0.00114219 0.0042575 -0.000833546 -0.00184742 -0.00773242 0.00151705 0.00700083 -0.00533975 0.00607511 0.00266885 0.00952252
internal_weight=312548 305872 304655 1217 137308 137064 167347 164338 2398 245 3009 11287 161940 80121 2153 2173 125777 106362 19415 81819 6676 714 8879 2408 3410 3266 601 3124 1633 1491
internal_count=312548 305872 304655 1217 137308 137064 167347 164338 2398 245 3009 11287 161940 80121 2153 2173 125777 106362 19415 81819 6676 714 8879 2408 3410 3266 601 3124 1633 1491
is_linear=0
shrinkage=0.03


Tree=8
num_leaves=31
num_cat=0
split_feature=93 171 197 114 217 285 115 326 125 108 131 271 236 208 201 179 201 93 293 227 170 109 112 207 117 235 83 224 316 57
split_gain=138.207 87.4868 138.947 102.532 124.952 104.812 98.1583 81.6828 81.4448 74.9777 121.103 72.1246 98.1015 78.6233 105.11 61.3321 164.606 93.0999 60.1056 57.1166 56.9932 55.4427 70.2832 77.2105 54.9017 77.4753 51.8538 46.9064 44.2429 41.0152
threshold=2.276455402374268 0.23796485364437106 1.731601417064667 -1.3898987770080564 -2.4066910743713374 -4.0931489467620841 0.93590697646141063 -0.018430038355290886 -2.9145121574401851 1.2940155863761904 -2.343161821365356 0.68077650666236889 -1.1631810069084165 -1.5288140177726743 -2.2217694520950313 1.1405071616172793 -3.1762443780899043 -3.6724238395690914 0.48332019150257116 -0.66687479615211476 -0.72693243622779835 1.6686307191848757 2.1044729948043828 2.1197220087051396 -2.4957623481750484 -4.3699634075164786 2.4763846397399907 1.1656907796859743 -0.0080207185819745046 -1.3804422020912168
decision_type=2 2 2 2 2 2 2 2 2 2 2 2 2 2 2 2 2 2 2 2 2 2 2 2 2 2 2 2 2 2
left_child=1 2 3 5 6 24 7 -5 -6 11 -11 12 -3 20 -15 17 -17 -7 -10 -4 -14 27 23 -23 -1 -26 -13 28 -12 -21
right_child=-2 9 19 4 8 15 -8 -9 18 10 21 26 13 14 -16 16 -18 -19 -20 29 -22 22 -24 -25 25 -27 -28 -29 -30 -31
leaf_value=-0.018771104322107299 0.0051360288675312967 -0.0070463832061644412 -0.0016256387858226409 -5.1392450891299183e-05 -0.009721150377171724 0.01489424693442293 0.019961220601403061 0.010208350345888306 0.00051221015895774609 0.016961637380635903 -0.002819178114706456 -0.0025957650530567138 -0.010140756877214724 -0.01171297528936778 -0.000460544973713121 -0.018297971535064652 0.0050942853459792223 -0.0022763002369172369 -0.0020755786029529686 0 0.0052640961564467802 -0.0018577846594103511 0.00233343209832273 -0.013050709954993581 0.014933230175953754 -0.01295318398402231 0.010104481978341937 0.0038420875417055269 0.00335536384396653 0.01227032327955529
leaf_weight=470 4620 2025 394 1624 699 265 406 1134 163183 396 2534 26139 202 740 57428 278 2646 17405 8441 247 3050 4990 3189 625 121 215 264 5794 1735 1446
leaf_count=470 4620 2025 394 1624 699 265 406 1134 163183 396 2534 26139 202 740 57428 278 2646 17405 8441 247 3050 4990 3189 625 121 215 264 5794 1735 1446
internal_value=-2.01273e-06 -8.03642e-05 0.000292907 0.000209314 0.000449798 -0.00174731 0.00634404 0.00410221 0.00033911 -0.000763736 0.000925437 -0.00112935 -0.000574483 -0.000353999 -0.000612828 -0.00130936 0.00265916 -0.00198528 0.00038296 0.00795984 0.00415939 0.000555364 -0.00116016 -0.00319879 -0.0122715 -0.00179329 -0.00244987 0.00208533 -0.00023584 0.0103587
internal_weight=312705 308085 198974 196887 175487 21400 3164 2758 172323 109111 19263 89848 63445 61420 58168 20594 2924 17670 171624 2087 3252 18867 8804 5615 806 336 26403 10063 4269 1693
internal_count=312705 308085 198974 196887 175487 21400 3164 2758 172323 109111 19263 89848 63445 61420 58168 20594 2924 17670 171624 2087 3252 18867 8804 5615 806 336 26403 10063 4269 1693
is_linear=0
shrinkage=0.03


Tree=9
num_leaves=31
num_cat=0
split_feature=137 171 53 169 78 36 54 131 186 85 236 167 198 221 190 94 12 337 180 297 238 17 96 149 54 282 233 287 115 298
split_gain=118.324 90.936 107.599 114.629 106.511 92.0331 88.4431 83.8466 75.9753 129.171 107.162 70.6918 68.1391 64.3741 86.0079 84.6193 93.9135 62.8163 60.6648 58.2205 92.2879 62.6385 57.2984 55.6363 63.5495 55.8552 53.9892 67.6551 58.0797 53.1556
threshold=2.0687558650970463 0.23796485364437106 -1.7460893988609312 -2.3348603248596187 -2.5548537969589229 -2.4802037477493282 -0.40501235425472254 -3.0001808404922481 -2.2560644149780269 -0.98206394910812367 0.40870273113250738 -1.5829911828041074 1.5770986676216128 -2.5158300399780269 -0.97095400094985951 -0.91752398014068592 0.8773171901702882 -0.017066298052668568 -2.706857323646545 -2.6845954656600948 -1.7551346421241758 -2.2857559919357295 2.0221576690673833 0.97054481506347667 3.0206404924392705 0.71462476253509533 -2.6953202486038204 0.68070465326309215 -2.762800812721252 -0.28511209785938257
decision_type=2 2 2 2 2 2 2 2 2 2 2 2 2 2 2 2 2 2 2 2 2 2 2 2 2 2 2 2 2 2
left_child=1 2 13 4 -4 11 29 -7 9 10 -8 -5 -9 14 26 19 -17 -13 -11 21 -21 -15 23 24 -10 -25 28 -28 -1 -3
right_child=-2 6 3 5 -6 7 8 12 22 18 -12 17 -14 15 -16 16 -18 -19 -20 20 -22 -23 -24 25 -26 -27 27 -29 -30 -31
leaf_value=-0.0032008079183632725 0.003928544247334703 -0.0064220434487998607 -0.0096170209904397983 -0.0026895332234552704 0.011066444178268485 -0.009864027421516694 -0.007592622858361384 0.00029928027145891385 -0.00036317684770268847 0.02739184860476794 0.0080586130944955391 0.0030265569227168614 0.0061438883462534436 0.029432430970598944 -0.02264027041369239 -0.0066697558968633946 0.0037009847680597864 0.014245295411200152 0.0075600074636082079 -0.0068080034393176812 0.0028030928658937318 0.0046770723095558991 0.0035347234310170749 -0.0050229298828822818 -0.010415250073816062 -0.0012843195946096121 0.0054800685785655204 -0.018590619815513489 -0.014230305140987011 -0.0010493162741905776
leaf_weight=1436 6719 3855 231 582 1517 703 807 178631 75604 240 731 1003 1800 100 249 3299 975 967 489 1236 3142 693 2763 4925 553 14670 717 100 677 3178
leaf_count=1436 6719 3855 231 582 1517 703 807 178631 75604 240 731 1003 1800 100 249 3299 975 967 489 1236 3142 693 2763 4925 553 14670 717 100 677 3178
internal_value=-2.59648e-06 -9.01824e-05 0.000290355 0.000474238 0.00808555 0.000399301 -0.000791942 0.000317503 -0.000561079 0.00482853 0 0.00604089 0.000359924 -0.00238346 -0.00608352 -0.00109617 -0.00422786 0.008772 0.0150466 0.0014408 2.84841e-06 0.00881506 -0.000689103 -0.00081483 -0.000442822 -0.00224344 -0.00443083 0.0018016 -0.00697557 -0.00404667
internal_weight=312592 305873 198058 185434 1748 183686 107815 181134 100782 2267 1538 2552 180431 12624 3179 9445 4274 1970 729 5171 4378 793 98515 95752 76157 19595 2930 817 2113 7033
internal_count=312592 305873 198058 185434 1748 183686 107815 181134 100782 2267 1538 2552 180431 12624 3179 9445 4274 1970 729 5171 4378 793 98515 95752 76157 19595 2930 817 2113 7033
is_linear=0
shrinkage=0.03


Tree=10
num_leaves=31
num_cat=0
split_feature=270 102 173 51 172 90 230 285 58 147 278 212 299 165 236 43 56 286 102 113 4 193 115 179 55 67 240 296 178 297
split_gain=120.846 82.9087 97.1183 94.7148 83.8568 88.3217 83.8517 133.292 77.0682 84.6014 65.0133 58.5213 54.1817 51.856 75.7458 109.563 60.684 47.1134 60.9515 56.677 53.34 46.3313 44.7222 41.332 41.2571 42.2703 45.8491 41.1869 40.5822 89.403
threshold=2.2826381921768193 0.032753864303231246 -1.6021825671195982 -2.8694845438003536 -1.2361900806427 -2.8645658493041988 -1.9208260178565977 -1.9521664977073667 -1.0804652571678159 1.021257281303406 -2.4738372564315791 -3.1064795255661006 0.82165434956550609 0.6747402846813203 1.1241446733474734 -0.62387865781784047 -1.7910898923873899 1.0000000180025095e-35 0.7701050639152528 -1.2353243231773374 0.036544134840369231 1.6622945666313174 -1.9594111442565916 0.58899354934692394 -1.8683599233627317 -0.52979111671447743 -0.48695720732212061 -2.272710800170898 -1.1907015442848203 -1.0720819830894468
decision_type=2 2 2 2 2 2 2 2 2 2 2 2 2 2 2 2 2 2 2 2 2 2 2 2 2 2 2 2 2 2
left_child=1 2 4 -4 5 6 -1 -8 9 24 -10 -7 -13 14 16 -16 -5 18 -12 23 -21 -2 -23 -19 -3 -26 -27 -6 -15 -30
right_child=21 8 3 13 27 11 7 -9 10 -11 17 12 -14 28 15 -17 -18 19 -20 20 -22 22 -24 -25 25 26 -28 -29 29 -31
leaf_value=-0.011128185333895471 0 -0.015359311644842503 0.015057505226766913 0.0041411803637064967 6.1919074643201425e-05 0.020331520932949772 0.030986895279281518 -0.0063204203099760763 0.013772221463443391 0.00093700690618912026 -0.0012498894736581276 -0.001490216325003047 0.0046682191110537282 0.010190487122235936 0.010043665091504929 0.0013026819911469785 0.00040730659982834776 0.002765740125668369 -0.007452399854972246 0.00062180503827060946 -0.00075924220261850523 0.022295940862526988 0.0057470427628568974 0.017705820345202475 -0.0086711000316624029 0.0073167636167570226 -0.0036630937425609386 -0.014396056705854971 -0.020406546407068769 -0.0021933462528874702
leaf_weight=1356 1339 326 389 4033 183 101 101 260 270 3172 18723 9166 1462 172 1826 4665 141086 720 1557 40259 66555 154 3121 234 1576 332 5046 678 250 3330
leaf_count=1356 1339 326 389 4033 183 101 101 260 270 3172 18723 9166 1462 172 1826 4665 141086 720 1557 40259 66555 154 3121 234 1576 332 5046 678 250 3330
internal_value=2.49461e-05 -4.64732e-05 0.000398512 0.000610248 -0.00205442 -0.00139126 -0.0076757 0.00440865 -0.000590722 -0.00306954 -0.000386028 -0.000345215 -0.000607703 0.00057021 0.00065819 0.003831 0.000513698 -0.000420371 -0.00174774 -0.000167523 -0.000235888 0.00483414 0.00674688 0.00702662 -0.00485413 -0.004276 -0.0029051 -0.0110509 -0.00288995 -0.00365485
internal_weight=312442 307828 169058 155751 13307 12446 1717 361 138770 10452 128318 10729 10628 155362 151610 6491 145119 128048 20280 107768 106814 4614 3275 954 7280 6954 5378 861 3752 3580
internal_count=312442 307828 169058 155751 13307 12446 1717 361 138770 10452 128318 10729 10628 155362 151610 6491 145119 128048 20280 107768 106814 4614 3275 954 7280 6954 5378 861 3752 3580
is_linear=0
shrinkage=0.03


Tree=11
num_leaves=31
num_cat=0
split_feature=96 102 53 228 232 158 138 229 51 114 227 0 225 119 36 168 228 113 58 273 236 223 35 46 74 182 118 90 166 223
split_gain=114.001 78.44 105.033 89.7159 76.6295 73.6341 72.7998 82.1356 91.9132 83.0794 71.8746 80.6222 70.4652 73.4678 65.6038 62.8957 62.5043 59.1658 56.5174 55.3075 82.2524 66.2563 59.9233 53.7686 53.4956 72.649 48.9716 45.7554 44.3629 43.0568
threshold=2.0221576690673833 0.065194867551326766 -1.7460893988609312 -2.0223497152328487 2.0080771446228032 -2.3174968957900997 -2.5427505970001216 -3.5164802074432369 -1.3933420181274412 1.9058442115783694 -0.24576595425605771 -2.8465572595596309 -4.1120736598968497 2.521271944046021 -0.324573203921318 -1.8847782015800474 1.8867529630661013 -1.3916864395141599 0.29153242707252508 -0.74239346385002125 1.1241446733474734 -0.87087255716323841 -2.5027431249618526 -1.9984449744224546 1.0804442167282107 0.092139676213264479 0.96753594279289257 -2.6999861001968379 0.26661498844623571 1.2836166620254519
decision_type=2 2 2 2 2 2 2 2 2 2 2 2 2 2 2 2 2 2 2 2 2 2 2 2 2 2 2 2 2 2
left_child=1 2 12 6 16 -3 15 8 -8 -9 14 -12 18 24 28 -4 29 -13 -1 20 22 -22 -5 -21 25 -14 -18 -25 -7 -2
right_child=4 5 3 19 -6 10 7 9 -10 -11 11 17 13 -15 -16 -17 26 -19 -20 23 21 -23 -24 27 -26 -27 -28 -29 -30 -31
leaf_value=-0.015733136246958632 -0.00090297449719914152 0.013130575818268037 -0.0095302227870209429 0.0038626565399518769 0.0082947107281776504 -0.010195279089497052 0.026091646818072696 0.006201706238867866 -0.0036385824278786457 -0.0064122447617443413 0.019957585676944587 0.0072507313824046026 -0.0016081437281094762 0.0089789523195327719 -0.0019825791804858731 0.0086388512392072594 0.0017928433602666745 -0.00055718785115085477 0 -0.010630731237277201 0.01115642607470815 0.00045022886538368409 -0.0010182539370794485 -0.013593749091247742 0.0074630533381545745 -0.0087203617501684233 -0.0099554025602573027 0.00083116409158901134 0.0050925231210293912 0.0060255459242185075
leaf_weight=589 1146 326 536 2351 2289 1480 321 3381 100 506 153 855 8478 521 10011 215 546 119278 291 348 930 1292 42306 176 450 1554 632 109297 153 2225
leaf_count=589 1146 326 536 2351 2289 1480 321 3381 100 506 153 855 8478 521 10011 215 546 119278 291 348 930 1292 42306 176 450 1554 632 109297 153 2225
internal_value=-1.10095e-05 -9.77193e-05 0.000320371 0.000521972 0.00381318 -0.000648873 0.00445188 0.00597962 0.0185048 0.00445845 -0.000687181 -0.000466098 -0.00239501 -0.00169887 -0.0029406 -0.00385042 0.00146603 -0.000497924 -0.0105347 0.00039263 -0.000465915 0.00512458 -0.000752966 0.000761864 -0.00227425 -0.00275486 -0.00432068 0.000802754 -0.00853715 0.00359023
internal_weight=312736 305898 173642 161759 6838 132256 5059 4308 421 3887 131930 120286 11883 11003 11644 751 4549 120133 880 156700 46879 2222 44657 109821 10482 10032 1178 109473 1633 3371
internal_count=312736 305898 173642 161759 6838 132256 5059 4308 421 3887 131930 120286 11883 11003 11644 751 4549 120133 880 156700 46879 2222 44657 109821 10482 10032 1178 109473 1633 3371
is_linear=0
shrinkage=0.03


Tree=12
num_leaves=31
num_cat=0
split_feature=29 41 58 155 205 161 171 257 58 177 182 298 288 228 108 118 178 232 283 228 232 114 221 137 49 347 297 225 228 224
split_gain=102.095 99.371 134.984 94.5601 106.827 102.818 93.2327 115.244 84.365 68.385 67.3309 65.6959 70.1745 60.1847 59.5184 58.1394 52.4977 32.0379 50.2885 30.9016 30.3171 46.242 36.8206 35.1395 28.4622 25.5425 32.7776 24.4874 18.0295 42.8966
threshold=2.4739102125167851 -3.9510214328765865 -1.3981716036796568 -3.2706165313720699 -3.6068973541259761 -2.5635643005371089 0.23796485364437106 1.629121005535126 -0.76732757687568653 2.3477094173431401 -2.176298856735229 -0.68923655152320851 -1.2781394124031065 -3.0809512138366695 1.207570552825928 -1.1457065939903257 0.30282059311866766 -0.81415891647338856 -3.0331786870956416 -1.6276100873947141 2.1198010444641118 -0.0090243229642510397 1.8936647176742556 2.3114410638809209 -2.0126396417617793 -0.014322208240628241 -2.6845954656600948 0.25934454798698431 1.7349014878273012 1.8768761157989504
decision_type=2 2 2 2 2 2 2 2 2 2 2 2 2 2 2 2 2 2 2 2 2 2 2 2 2 2 2 2 2 2
left_child=1 2 -1 5 8 17 7 13 24 -10 -7 12 -8 -6 -13 -9 -4 18 -3 -20 21 23 -22 -2 -5 26 -18 -25 29 -23
right_child=20 3 16 4 6 10 11 15 9 -11 -12 14 -14 -15 -16 -17 25 -19 19 -21 22 28 -24 27 -26 -27 -28 -29 -30 -31
leaf_value=-0.021812134720468789 0.0013204460417379766 -0.0045157681807088679 0.011685287241152583 -0.0055197139892806399 0.0049749468617536659 0.023552436635593397 0.0093169377628531738 -0.0017489735529633219 -0.024200385056866624 0.00018958357988680733 0.0018158358157297052 -0.00086235817190153752 -0.0032407210153093781 0.00020033515261665453 0.00095225368387169974 0.008579214340173745 -0.010799285939761569 -0.014513245817920392 0.023809196203038459 0 -0.0019764218488843113 -0.0020570080939495009 0.011003244378123899 0.0003030868182497576 0.013606763431211798 -0.011430219632595601 0.0088046363376432062 0.021346526823730932 -0.0041623090755652245 0.011031191282403105
leaf_weight=425 345 309 195 121 2393 406 384 562 378 107 234 76624 11923 191332 20493 2224 106 101 103 112 187 578 1087 101 103 295 171 223 604 321
leaf_count=425 345 309 195 121 2393 406 384 562 378 107 234 76624 11923 191332 20493 2224 106 101 103 112 187 578 1087 101 103 295 171 223 604 321
internal_value=-8.99352e-06 -6.73609e-05 -0.00864159 -3.26343e-05 -6.76319e-05 0.00808656 -3.93128e-05 0.000350443 -0.0115395 -0.018431 0.0163554 -0.00074194 -0.00281008 0.00026137 -0.000476245 0.00639125 -0.000593656 -0.000160204 0.00248671 0.0133551 0.00511009 0.0027099 0.00886513 0.00915217 0.00243997 -0.00553977 7.06246e-05 0.0160578 -4.31618e-05 0.00242823
internal_weight=312547 309101 1192 307909 306644 1265 305935 196511 709 485 640 109424 12307 193725 97117 2786 767 625 524 215 3446 2172 1274 669 224 572 277 324 1503 899
internal_count=312547 309101 1192 307909 306644 1265 305935 196511 709 485 640 109424 12307 193725 97117 2786 767 625 524 215 3446 2172 1274 669 224 572 277 324 1503 899
is_linear=0
shrinkage=0.03


Tree=13
num_leaves=31
num_cat=0
split_feature=150 171 17 53 229 25 275 6 55 46 118 54 54 65 236 101 208 165 170 58 96 167 12 193 169 227 87 31 323 358
split_gain=96.9289 90.2581 105.276 98.3857 108.743 124.635 79.663 73.9956 131.944 142.129 69.9527 67.3155 66.5323 65.7135 61.3533 57.8369 54.607 86.214 63.2895 54.2795 51.0473 80.3629 62.2002 49.9854 48.5345 45.2092 66.6229 55.0086 40.2462 38.9421
threshold=2.3322987556457524 0.23796485364437106 1.682065010070801 -1.7460893988609312 -3.5164802074432369 -2.7101804018020625 -2.8338525295257564 -2.3989415168762203 0.40185077488422399 -0.91583183407783497 -1.1457065939903257 0.60556516051292431 -0.41466672718524927 -2.4630024433135982 1.0231537818908694 -3.8977274894714351 -1.9073942899703977 0.76918211579322826 0.235034354031086 -1.1048109531402586 -0.72211584448814381 -1.3065869212150572 0.8773171901702882 1.6622945666313174 -1.4604901075363157 1.388195335865021 2.4720302820205693 0.71715739369392406 0.010334008373320104 -0.0079826107248663885
decision_type=2 2 2 2 2 2 2 2 2 2 2 2 2 2 2 2 2 2 2 2 2 2 2 2 2 2 2 2 2 2
left_child=1 2 3 15 5 -5 24 8 29 -10 -4 -11 -9 -8 -7 19 17 18 -14 -1 21 -17 -22 -2 -6 27 -27 -18 -12 -3
right_child=23 7 10 4 6 14 13 12 9 11 28 -13 16 -15 -16 20 25 -19 -20 -21 22 -23 -24 -25 -26 26 -28 -29 -30 -31
leaf_value=-0.019320326169898042 -0.00023770926618096744 -0.0096073642306195549 -0.0033515436465198301 -0.010765799062903083 -0.0020772839862727827 0.030291400832982773 -0.0041905928068557497 -0.0037872975212899862 -0.010846872446174511 0.030886353224427569 0.010842670342329858 0.010683614570578846 -0.0012159140902393869 0.00035605437798275947 0 -0.002058271684299394 -0.00055079223666261554 -0.012758537691516371 0.013085895823349025 -0.0010569495884865476 -0.0070273156156562336 0.0052565135146342753 0.0023731749837565897 0.0063832004526346948 0.0091799109554069145 0.0010845877613445277 -0.012077553938883779 -0.0022480263123093353 -0.00066184475445204801 0.0027479985506564841
leaf_weight=329 1386 452 463 106 392 259 2879 6721 177 233 1649 678 363 179166 102 6500 60060 175 796 321 2724 1676 757 3166 1418 14287 332 24497 267 380
leaf_count=329 1386 452 463 106 392 259 2879 6721 177 233 1649 678 363 179166 102 6500 60060 175 796 321 2724 1676 757 3166 1418 14287 332 24497 267 380
internal_value=-2.53181e-05 -9.0598e-05 0.000288536 0.000210726 0.000385621 0.0145582 0.000346411 -0.000784523 0.00499954 0.0118543 0.00653925 0.0167255 -0.000891798 0.00028205 0.0229563 -0.00238072 -0.00069448 0.0052618 0.00840746 -0.0110496 -0.00185355 -0.000513041 -0.00489546 0.00430942 0.0065819 -0.000778666 0.000749088 -0.00104646 0.00909425 -0.00368014
internal_weight=312711 308159 199008 196629 184322 467 183855 109151 1920 1088 2379 911 107231 182045 361 12307 100510 1334 1159 650 11657 8176 3481 4552 1810 99176 14619 84557 1916 832
internal_count=312711 308159 199008 196629 184322 467 183855 109151 1920 1088 2379 911 107231 182045 361 12307 100510 1334 1159 650 11657 8176 3481 4552 1810 99176 14619 84557 1916 832
is_linear=0
shrinkage=0.03


Tree=14
num_leaves=31
num_cat=0
split_feature=256 102 53 110 155 58 176 173 51 194 225 297 17 230 266 147 278 58 239 13 96 52 53 48 118 100 175 177 177 181
split_gain=94.3932 72.5795 91.9448 87.059 105.385 76.1112 62.7503 59.7317 78.2778 61.4487 57.0447 67.8631 64.4332 63.5926 97.3385 55.4016 54.2459 54.0916 52.6035 51.8899 47.5556 45.3954 86.7327 64.4659 58.9781 49.8462 44.6727 45.3014 45.5889 43.3985
threshold=2.1608107089996342 0.032753864303231246 -1.8122689723968504 -3.4210983514785762 -3.2706165313720699 -0.91212123632431019 3.3922890424728398 2.3563617467880253 2.078789591789246 1.3743438720703127 -4.1120736598968497 -2.6845954656600948 -3.3861937522888179 -2.3445860147476192 -2.2836456298828121 1.0621218681335451 -2.4738372564315791 -0.529964119195938 0.097968704998493208 0.92314523458480846 2.0221576690673833 2.1037273406982426 -0.10871442779898642 1.9394884109497073 0.91302642226219188 1.8456851840019228 -1.1616159677505491 -1.0854272246360777 0.038747213780879981 0.45618787407875067
decision_type=2 2 2 2 2 2 2 2 2 2 2 2 2 2 2 2 2 2 2 2 2 2 2 2 2 2 2 2 2 2
left_child=1 2 10 4 -4 15 -6 8 9 -5 17 13 -13 -12 -15 26 -7 -1 -10 -14 29 22 25 -24 -25 -2 -3 -28 -29 -18
right_child=21 5 3 7 6 16 -8 -9 18 -11 11 12 19 14 -16 -17 20 -19 -20 -21 -22 -23 23 24 -26 -27 27 28 -30 -31
leaf_value=-0.016357183056971713 0.0035200515445020365 -0.0094573049988557999 -0.010663117885987665 0.00045961669978095225 0.027388334376173037 0.013283031815183101 0 -0.0062609922636693537 0.018136657905030138 0.0065988313280500709 -0.00043419453808363049 -0.016701201014032569 -0.0028270845172755723 0.035162580335690155 0.0045710611692003867 0.00046656990948567537 1.4270400910901221e-06 -0.00046520390576485708 -0.0011233234552744619 0.0082062898684143737 0.0031837736677393525 0.00790361939420808 0.0015863842127179617 0.002212638475183729 -0.015264319592726327 0.01693315025434158 0.00096948561551802508 -0.0054198674553283558 0.00021424733639187319 -0.0011566234557893451
leaf_weight=471 820 1155 104 154247 277 242 112 1137 359 1470 1167 277 7440 106 538 3537 73120 386 147 373 3286 1759 1896 227 445 410 1875 5526 1552 47825
leaf_count=471 820 1155 104 154247 277 242 112 1137 359 1470 1167 277 7440 106 538 3537 73120 386 147 373 3286 1759 1896 227 445 410 1875 5526 1552 47825
internal_value=1.99949e-05 -4.93636e-05 0.000367214 0.000551731 0.0129147 -0.000560063 0.020165 0.000509456 0.000561447 0.000520338 -0.00230838 -0.00161874 -0.00281446 0.00353127 0.0109656 -0.00268843 -0.000323942 -0.00971522 0.0121411 -0.00224243 -0.000354997 0.00388861 0.00191886 -0.00112514 -0.0090338 0.00843048 -0.00382079 -0.00304075 -0.00414508 -0.000454134
internal_weight=312286 306729 168611 157853 493 138118 389 157360 156223 155717 10758 9901 8090 1811 644 13645 124473 857 506 7813 124231 5557 3798 2568 672 1230 10108 8953 7078 120945
internal_count=312286 306729 168611 157853 493 138118 389 157360 156223 155717 10758 9901 8090 1811 644 13645 124473 857 506 7813 124231 5557 3798 2568 672 1230 10108 8953 7078 120945
is_linear=0
shrinkage=0.03


Tree=15
num_leaves=31
num_cat=0
split_feature=137 171 53 217 55 239 298 17 109 32 187 40 342 161 179 71 14 118 113 180 154 100 151 119 269 50 147 296 204 202
split_gain=75.3987 74.1736 86.1611 113.088 109.363 99.0687 79.983 74.7232 65.5529 90.7367 60.4024 56.6967 56.4855 54.1272 51.6675 51.331 81.7272 51.2545 49.7425 60.9418 64.8956 51.9479 49.5693 49.2801 47.1428 46.1825 68.1342 62.0621 55.6936 52.0211
threshold=2.0687558650970463 0.23796485364437106 -1.8122689723968504 -2.4066910743713374 1.3626052141189577 -2.5346884727478023 -0.68923655152320851 1.682065010070801 -1.7992697954177854 -0.99991154670715321 -1.2160332202911375 -1.9308836460113523 -0.012516163289546965 -3.9249660968780513 1.0198876857757571 -0.92009893059730519 -0.47013862431049341 -0.18301849812269208 0.78208503127098095 0.22377897053956988 0.95928502082824718 -0.89996275305747975 -0.10738635808229445 2.336937785148621 0.54689839482307445 0.60532119870185863 -0.042780959978699677 -0.83988001942634571 -2.22141420841217 -1.7860493659973142
decision_type=2 2 2 2 2 2 2 2 2 2 2 2 2 2 2 2 2 2 2 2 2 2 2 2 2 2 2 2 2 2
left_child=1 2 13 4 5 12 25 8 17 -10 15 -7 -4 14 -1 24 22 -5 -12 20 -20 -21 -17 -15 -8 27 28 -3 -27 -30
right_child=-2 6 3 7 -6 11 10 -9 9 -11 18 -13 -14 23 -16 16 -18 -19 19 21 -22 -23 -24 -25 -26 26 -28 -29 29 -31
leaf_value=-0.017151732054247283 0.003168558011176889 -0.010167754671257094 -0.021764682154099574 0.006018630884881469 0.023501269580218299 0.0033057522912250783 0.0019031637865560692 0.0073907865045378541 -0.001521984483971073 0.00046027365230079533 -0.0012643360053946682 0.012898788466096392 0 -0.0021942328819073479 0 0 -0.0062744519157792653 0 0.00059961292418552251 0.014904530686528786 0.0053475404785111886 -0.001014525078933186 0.023293570371535184 0.0064444974733479212 -0.010029389237992648 -0.0096733505659247349 -0.0031738369458194 -0.0028903203754615378 0.019580550706363817 0.0032166077675340938
leaf_weight=395 6679 1552 167 3124 270 2386 7053 1327 24005 152420 48360 778 236 10094 274 111 151 1999 14191 164 3211 22023 310 597 285 216 4704 3887 198 1423
leaf_count=395 6679 1552 167 3124 270 2386 7053 1327 24005 152420 48360 778 236 10094 274 111 151 1999 14191 164 3211 22023 310 597 285 216 4704 3887 198 1423
internal_value=1.94431e-05 -4.8534e-05 0.000295092 0.000450849 0.00553966 0.00397298 -0.000682404 0.000341844 0.00028786 0.000188719 -0.00038967 0.00582502 -0.00944628 -0.00223486 -0.0104739 0.0021096 0.0106875 0.00362974 -0.00061829 0.000163555 0.00149805 -0.000870029 0.0174602 -0.00167269 0.00137294 -0.00299518 -0.00122938 -0.00505151 0.00356877 0.00561251
internal_weight=312590 305911 198072 186712 3837 3567 107839 182875 181548 176425 95859 3164 403 11360 669 7910 572 5123 87949 39589 17402 22187 421 10691 7338 11980 6541 5439 1837 1621
internal_count=312590 305911 198072 186712 3837 3567 107839 182875 181548 176425 95859 3164 403 11360 669 7910 572 5123 87949 39589 17402 22187 421 10691 7338 11980 6541 5439 1837 1621
is_linear=0
shrinkage=0.03


Tree=16
num_leaves=31
num_cat=0
split_feature=93 102 158 227 53 51 298 25 116 186 222 275 341 0 113 217 50 309 112 50 45 34 206 263 175 57 231 259 19 299
split_gain=87.6917 84.8546 73.693 93.8679 68.8042 70.3875 65.2178 76.9948 66.4864 67.1164 60.5786 106.155 63.3131 60.555 53.3307 53.2478 47.8357 44.5307 43.8895 48.1481 65.3485 43.6347 43.3916 42.8758 39.5806 38.6701 34.8389 32.1775 38.5968 32.0763
threshold=2.276455402374268 0.032753864303231246 -2.3174968957900997 -0.23678021132946012 -1.7460893988609312 -2.8694845438003536 2.6881902217864995 -2.7101804018020625 -2.5053604841232295 -2.7939349412918086 -2.5126123428344722 -3.3168821334838863 -0.0089669590815901739 -2.8465572595596309 -1.428102910518646 -0.059894284233450883 -0.5172055959701537 -0.026259117759764191 -1.3254523277282713 -1.5551450848579405 -2.0319843292236324 -2.4013783931732173 -1.9338150620460508 -1.0724174976348875 -2.1354049444198604 3.682062149047852 -0.74453064799308766 0.44263215363025671 1.9499412775039675 -2.3527263402938838
decision_type=2 2 2 2 2 2 2 2 2 2 2 2 2 2 2 2 2 2 2 2 2 2 2 2 2 2 2 2 2 2
left_child=1 4 16 15 10 21 8 -8 26 -10 18 -12 17 -5 -15 -4 -3 -13 19 -1 -21 -6 -16 -17 -25 -9 -7 -2 -29 -14
right_child=27 2 3 13 5 6 7 25 9 -11 11 12 29 14 22 23 -18 -19 -20 20 -22 -23 -24 24 -26 -27 -28 28 -30 -31
leaf_value=-0.0052094897095749642 0.013412496013761455 -0.0016856547256100399 -0.0064705522886345235 0.017976503790304157 0.022721191994435348 0.014987744411811723 0.024793424095655457 0.0064770995492945422 -0.0055268250108340975 0.0005208195655459014 0.027561668351292607 -0.0048526703675054956 0.004452079174165003 0.0069846807692826177 -0.012019712778361381 0.012125192555812968 0.019970912822186514 0.0027586357446418418 -0.016762067416566426 0.019114694564001253 -0.0077776587185891038 0.0021701746694247873 -0.00042076817879331074 -0.014522345887049089 -0.0018671497194751869 -0.011361141276786163 0 -0.00090351600755848307 0.0051411829331120635 -0.0047848232906600764
leaf_weight=2840 315 101 3158 141 189 413 189 613 1642 153703 100 797 328 850 273 166 238 3954 268 161 113 243 124111 217 9495 104 157 1258 3046 3264
leaf_count=2840 315 101 3158 141 189 413 189 613 1642 153703 100 797 328 850 273 166 238 3954 268 161 113 243 124111 217 9495 104 157 1258 3046 3264
internal_value=2.30358e-05 -3.76921e-05 -0.000588373 -0.000625562 0.000412454 0.000579914 0.00054377 0.00850221 0.000494516 0.000454262 -0.00178639 -0.000385023 -0.000820979 -0.000370679 -0.000396598 -0.00304962 0.0129486 0.00140394 -0.00517381 -0.00398016 0.00722902 0.0124325 -0.000450566 -0.00191477 -0.00221 0.00324454 0.0105695 0.00411756 0.00330901 -0.00383833
internal_weight=312447 307828 138750 138411 169078 157253 156821 906 155915 155345 11825 8443 8343 125375 125234 13036 339 4751 3382 3114 274 432 124384 9878 9712 717 570 4619 4304 3592
internal_count=312447 307828 138750 138411 169078 157253 156821 906 155915 155345 11825 8443 8343 125375 125234 13036 339 4751 3382 3114 274 432 124384 9878 9712 717 570 4619 4304 3592
is_linear=0
shrinkage=0.03


Tree=17
num_leaves=31
num_cat=0
split_feature=93 102 53 110 142 292 158 15 106 205 161 299 116 186 57 94 222 212 57 47 199 13 296 175 352 227 53 35 47 116
split_gain=88.0042 65.8409 80.9657 84.0022 75.7625 69.6542 65.3557 60.6287 58.7436 56.922 94.0486 56.6045 54.5091 53.2199 102.075 52.4634 71.3366 73.4897 52.1258 79.4987 52.0152 51.6978 46.5292 45.7476 45.1269 40.9462 52.3287 45.8464 39.6074 38.797
threshold=2.276455402374268 0.065194867551326766 -1.8122689723968504 -3.4210983514785762 -2.5525722503662105 -2.3664178848266597 -2.3174968957900997 -3.3575223684310909 -2.2456761598587032 -1.0343479514122007 0.7800918221473695 -0.47927591204643244 -2.5053604841232295 -2.5573848485946651 0.45864120125770574 -0.91752398014068592 -2.6596159934997554 -3.3441748619079585 -0.14973834156990048 -1.9686293005943296 0.90423715114593517 1.0772982835769656 -0.62227335572242726 -2.9031074047088619 -0.01272165961563587 0.15217873454093936 0.48468436300754553 -0.49002070724964136 -1.0017690658569334 1.759806275367737
decision_type=2 2 2 2 2 2 2 2 2 2 2 2 2 2 2 2 2 2 2 2 2 2 2 2 2 2 2 2 2 2
left_child=1 2 7 4 -4 -6 -3 8 -1 10 11 -8 28 14 -11 16 23 -18 19 -14 -20 -17 -12 -9 -2 26 -15 -27 -5 -13
right_child=24 6 3 12 5 -7 9 15 -10 13 22 29 18 25 -16 21 17 -19 20 -21 -22 -23 -24 -25 -26 27 -28 -29 -30 -31
leaf_value=-0.022282473511951065 0.0081584183830061188 0.012572588869164474 -0.006786152377328652 0.0012056287866810784 0.0036929441771304636 0.031183266585958856 -0.0084654266871048277 0 0 0 0.0023691406603020852 0 0.0048449185075168022 -0.00091342374589234584 0.029697239638543593 -0.0063994935302731136 0.020401017020710489 0.001051947741450028 0.00079518571160835353 -0.00031398420866208496 0.004711904749357951 0.0050883347427987148 -0.013759605107545755 -0.0078774204961951071 0.0017791034543413796 0.0052807797675992725 -0.0043248498967703788 -0.00028384377546433802 0.016548824865916155 0.013670111892439519
leaf_weight=241 1628 319 107 375 194 190 678 1105 193 321 149 1882 2765 26527 133 2720 167 4638 80573 75143 3193 360 985 1413 3000 1327 4864 97033 308 187
leaf_count=241 1628 319 107 375 194 190 678 1105 193 321 149 1882 2765 26527 133 2720 167 4638 80573 75143 3193 360 985 1413 3000 1327 4864 97033 308 187
internal_value=1.52317e-05 -4.5615e-05 0.000339101 0.000507773 0.012675 0.0189079 -0.000544973 -0.00216418 -0.0129995 -0.000580288 -0.00416107 -0.00101349 0.000467573 -0.00047063 0.00953199 -0.00165928 -0.000230651 0.00186839 0.000429322 -0.000125846 0.000949153 -0.00493582 -0.0113761 -0.00433752 0.00411316 -0.000509404 -0.00145399 -0.000204662 0.00882537 0.00134252
internal_weight=312718 308090 173685 162848 491 384 134405 10837 434 134086 3881 2747 162357 130205 454 10403 7323 4805 161674 77908 83766 3080 1134 2518 4628 129751 31391 98360 683 2069
internal_count=312718 308090 173685 162848 491 384 134405 10837 434 134086 3881 2747 162357 130205 454 10403 7323 4805 161674 77908 83766 3080 1134 2518 4628 129751 31391 98360 683 2069
is_linear=0
shrinkage=0.03


Tree=18
num_leaves=31
num_cat=0
split_feature=93 171 257 298 53 217 299 287 235 185 115 187 50 30 236 90 99 96 71 253 113 172 58 190 265 24 40 106 222 259
split_gain=87.4066 72.0725 84.3295 70.9951 68.1787 98.5384 82.2188 69.292 62.9403 85.6449 60.0591 59.7547 53.0595 53.5812 52.6116 50.8078 92.2672 58.2329 50.2704 74.5789 50.2029 58.3303 47.6798 46.6792 46.0083 45.9212 45.1538 71.9845 53.2454 40.8832
threshold=2.276455402374268 0.23796485364437106 1.629121005535126 -0.68923655152320851 -1.8122689723968504 -2.5194292068481441 -1.8227199912071226 -1.9760215282440183 -1.898023724555969 -2.3939914703369136 0.93590697646141063 -1.1931004524230955 0.70467558503150951 -1.2321886420249937 -1.039992570877075 -2.8645658493041988 -1.044576823711395 -0.73675584793090809 -0.92009893059730519 -0.58362132310867298 0.76737886667251598 0.61405679583549511 0.82362058758735668 -0.30945058166980738 -2.5863356590270992 1.0896239280700686 -0.68806076049804676 -0.34771791100502009 1.3156120181083681 0.44263215363025671
decision_type=2 2 2 2 2 2 2 2 2 2 2 2 2 2 2 2 2 2 2 2 2 2 2 2 2 2 2 2 2 2
left_child=1 2 4 12 15 6 7 -6 -7 -10 -8 18 14 24 23 16 -1 -17 25 -20 21 -13 -19 -3 -14 -5 27 -22 -28 -2
right_child=29 3 -4 11 5 8 10 -9 9 -11 -12 20 13 -15 -16 17 -18 22 19 -21 26 -23 -24 -25 -26 -27 28 -29 -30 -31
leaf_value=-0.0087525916079960672 0.014621693585577524 -0.015753868560693638 0.0055194814236086756 0.0017209025800707294 -0.019395911966297606 0.0044583404423646326 0.0057401370898396411 0.0033294335908869272 -0.0049019267480917682 0.00028919676734050155 0.020314473283604927 -0.00067330681273200499 -0.0070562610745189651 -0.001640752724058643 -0.0031024128904014185 0.00042851086313352928 0.015048019560416797 -0.0056223529553534385 0.018030910604020345 -0.0026043574733993382 -0.00043936637306201602 -0.0031645791564093788 0.01065466255589854 -0.0042075004198035672 0.012685202091395637 -0.014174335694860485 -0.00062027497188019869 0.014730137309990824 0.0019307044305382202 0.0032406889959871537
leaf_weight=1661 309 660 2742 7474 181 3174 2445 249 2883 175821 297 36393 104 5331 4916 6503 134 2739 386 213 574 11215 142 802 426 144 30515 470 9684 4278
leaf_count=1661 309 660 2742 7474 181 3174 2445 249 2883 175821 297 36393 104 5331 4916 6503 134 2739 386 213 574 11215 142 802 426 144 30515 470 9684 4278
internal_value=3.04605e-05 -2.98684e-05 0.000309093 -0.000649566 0.000234202 0.000373094 0.00560344 -0.00600658 0.00027962 0.000203232 0.00756304 -0.000374231 -0.00280461 -0.000679654 -0.0047022 -0.0020347 -0.0066643 -0.00110494 0.00206211 0.0103614 -0.000603334 -0.00126756 -0.00464875 -0.00976464 0.00815023 0.00134484 0.000156369 0.00625638 0 0.00413263
internal_weight=312865 308278 198971 109307 196229 185050 3172 430 181878 178704 2742 97068 12239 5861 6378 11179 1795 9384 8217 599 88851 47608 2881 1462 530 7618 41243 1044 40199 4587
internal_count=312865 308278 198971 109307 196229 185050 3172 430 181878 178704 2742 97068 12239 5861 6378 11179 1795 9384 8217 599 88851 47608 2881 1462 530 7618 41243 1044 40199 4587
is_linear=0
shrinkage=0.03


Tree=19
num_leaves=31
num_cat=0
split_feature=137 161 58 35 11 102 110 165 114 119 194 55 179 20 178 200 270 115 117 20 178 169 331 105 117 44 82 76 253 151
split_gain=87.623 70.1059 102.517 94.9852 84.2481 81.4737 80.5142 69.8137 102.325 65.1044 57.3827 55.264 50.7346 48.5801 70.3479 58.6784 47.8438 47.4258 42.0335 47.9269 40.6084 39.8163 39.5945 38.7129 37.8659 35.4399 32.8411 29.2671 28.8061 27.6853
threshold=2.0687558650970463 -3.9249660968780513 -0.99193978309631337 -3.3017740249633785 -3.271438360214233 0.065194867551326766 -0.61247083544731129 -2.5197435617446895 -1.5432528257369993 2.7584670782089238 1.3743438720703127 0.45021341741085058 0.85532060265541088 2.0303668975830083 -0.15979661792516706 3.1808600425720219 -0.60386115312576283 -1.8788456320762632 -2.3099291324615474 -1.4866567254066465 0.17064341157674792 0.84308195114135753 -0.009890247602015732 -0.45309875905513758 -0.14067490398883817 -0.64623555541038502 1.1703487634658816 -2.3633036613464351 1.5719802975654604 -3.6627444028854366
decision_type=2 2 2 2 2 2 2 2 2 2 2 2 2 2 2 2 2 2 2 2 2 2 2 2 2 2 2 2 2 2
left_child=1 2 -1 7 11 9 24 -3 -9 10 -6 18 25 14 -2 17 -8 21 -5 -20 -4 -15 -17 -11 -7 -10 -16 29 -28 -22
right_child=13 3 20 4 5 6 16 8 12 23 -12 -13 -14 15 26 22 -18 -19 19 -21 27 -23 -24 -25 -26 -27 28 -29 -30 -31
leaf_value=-0.018056009934337893 -0.0017546757569056443 -0.0044923475494632794 0.013525892981418198 0.0010584149051714559 0.00022951977251762476 -0.0022302706554024414 -0.0033439703536069843 0.031178814102985973 0.0073341200933928659 0.0097912670090559255 0.0058077945990555628 0.0062233716442894474 0.017291233426900223 0 -0.00037899614208274416 0.016167235938356381 -0.00035464404831327915 -0.00086631352479829668 -0.019565285407509441 0 0.00042487625190271779 0.024619387128353116 0.0031595198199263564 -0.00055829734260771436 -0.007302341938924645 -0.0073834828865482456 0 0.0072641493548473261 0.01465252061825242 -0.013020552334543623
leaf_weight=462 463 265 135 125 167135 4491 5034 186 320 1017 1662 136 240 143 142 348 120797 3649 508 112 175 105 713 394 2066 233 131 126 1011 285
leaf_count=462 463 265 135 125 167135 4491 5034 186 320 1017 1662 136 240 143 142 348 120797 3649 508 112 175 105 713 394 2066 233 131 126 1011 285
internal_value=-3.74215e-05 -0.000112831 -0.00734359 -8.32949e-05 -0.000118443 -9.01618e-05 -0.000649061 0.00812011 0.011856 0.000342814 0.000286903 -0.00928169 0.00629926 0.0033485 0.00767428 0.0017393 -0.000477131 0 -0.012593 -0.0157611 0 0.0122062 0.00792365 0.00672425 -0.00389135 0.000568202 0.0112791 -0.00367632 0.0129685 -0.00747587
internal_weight=312609 305904 1183 304721 303477 302596 132388 1244 979 170208 168797 881 793 6705 1747 4958 125831 3897 745 620 721 248 1061 1411 6557 553 1284 586 1142 460
internal_count=312609 305904 1183 304721 303477 302596 132388 1244 979 170208 168797 881 793 6705 1747 4958 125831 3897 745 620 721 248 1061 1411 6557 553 1284 586 1142 460
is_linear=0
shrinkage=0.03


Tree=20
num_leaves=31
num_cat=0
split_feature=137 161 151 245 173 55 58 224 155 25 299 56 48 54 161 179 111 14 119 73 206 179 177 296 149 55 27 113 256 218
split_gain=80.3342 69.8522 66.0588 132.448 85.5523 64.4343 85.3962 74.7857 106.656 148.057 106.243 91.3981 72.0127 61.6118 53.5992 73.0594 53.1573 52.6176 61.6329 60.4886 53.7437 51.9285 44.3373 49.3674 44.0658 41.9691 44.2353 41.4482 40.5166 38.4785
threshold=2.0687558650970463 0.10777474567294122 -0.1751163303852081 -2.5465596914291377 0.57970583438873302 1.7501514554023745 1.4632636308670046 -3.4339947700500484 -3.2706165313720699 -3.2716164588928218 -1.9028657078742979 -2.0437959432601924 -2.2930871248245235 3.0206404924392705 0.67357784509658825 -0.056654689833521836 0.94205233454704296 -0.72589129209518422 -0.93413281440734852 -1.0457957386970518 -0.28053039312362665 0.96152639389038097 0.031268609687685973 0.62251386046409618 -3.639978170394897 3.6897475719451909 -2.3646129369735713 -1.5101687312126157 -2.7582789659500118 0.12281358987092973
decision_type=2 2 2 2 2 2 2 2 2 2 2 2 2 2 2 2 2 2 2 2 2 2 2 2 2 2 2 2 2 2
left_child=1 5 13 4 -4 7 25 22 11 10 -10 -9 -11 14 -3 -16 -8 18 19 -5 29 -13 24 -24 -1 26 -7 -22 -26 -19
right_child=-2 2 3 17 -6 6 16 8 9 12 -12 21 -14 -15 15 -17 -18 20 -20 -21 27 -23 23 -25 28 -27 -28 -29 -30 -31
leaf_value=-0.021591267165531624 0.0032395904651031718 -0.0012532217016959048 0 -0.013869526100706934 0.032413385410813587 0.013813518773526587 0.013948667735896574 0.029199913927995116 0.005732209930693604 0.0041010601874528303 -0.016041642498879859 0 0.0001950057354010684 -0.022510420633281798 -0.010231761456848893 -0.0013189176799588947 0 0.0012904029372054261 0.0037270662757443408 0.0033796069897634646 0.005314008105935698 0.01640286305481568 0.0051205239627035047 -0.009844432915792959 0.0062514549125966788 -0.013800190351497339 -6.2206355132626736e-05 -0.00052038979734816331 -0.0084066963232879363 -0.0059847280630202868
leaf_weight=203 6660 11301 114 364 162 215 955 171 231 4349 813 558 170047 121 1613 1874 335 773 4645 296 1080 230 562 281 168 152 1388 99405 915 2672
leaf_count=203 6660 11301 114 364 162 215 955 171 231 4349 813 558 170047 121 1613 1874 335 773 4645 296 1080 230 562 281 168 152 1388 99405 915 2672
internal_value=-1.3831e-05 -8.58299e-05 -0.000634095 -0.000375589 0.0196435 0.000288237 0.00460591 0.000212406 0.000281758 0.000224881 -0.0109247 0.0101633 0.000294592 -0.00250976 -0.00229567 -0.00556216 0.0104062 -0.000432503 0.00246551 -0.0058205 -0.000583761 0.00504041 -0.00534335 0 -0.00880539 0.000104201 0.0017613 -0.000453653 -0.00578875 -0.00426771
internal_weight=312653 305993 124420 109511 276 181573 3045 178528 176399 175440 1044 959 174396 14909 14788 3487 1290 109235 5305 660 103930 788 2129 843 1286 1755 1603 100485 1083 3445
internal_count=312653 305993 124420 109511 276 181573 3045 178528 176399 175440 1044 959 174396 14909 14788 3487 1290 109235 5305 660 103930 788 2129 843 1286 1755 1603 100485 1083 3445
is_linear=0
shrinkage=0.03


Tree=21
num_leaves=31
num_cat=0
split_feature=93 122 98 5 52 227 109 100 55 268 296 126 35 166 51 294 225 242 297 259 229 76 180 224 239 117 259 19 199 238
split_gain=73.7751 77.0412 104.421 73.1363 64.247 146.75 68.9127 62.793 62.723 72.6246 111.255 72.1979 70.5783 88.5712 59.2093 58.397 63.6465 62.2613 60.6529 58.3241 56.9509 49.0715 48.1922 48.0163 45.7914 42.2987 42.037 37.5668 37.4401 40.6319
threshold=2.276455402374268 0.35861502587795263 -2.1896699666976924 0.34444908797740942 0.23901045322418216 -0.17534644156694409 -2.6791043281555171 -0.88208475708961476 1.3626052141189577 -1.9471934437751768 2.6934614181518559 -2.7780331373214717 -3.3017740249633785 -2.3095017671585079 0.19913837313652041 1.6705665588378908 -4.1120736598968497 -2.6257417201995845 -3.0865808725357051 1.0000000180025095e-35 0.50696721673011791 -3.3556350469589229 0.68913450837135326 0.87202304601669323 -0.30453555285930628 -2.7490876913070674 0.44263215363025671 0.91264382004737865 -3.1331607103347774 -0.38811723887920374
decision_type=2 2 2 2 2 2 2 2 2 2 2 2 2 2 2 2 2 2 2 2 2 2 2 2 2 2 2 2 2 2
left_child=1 8 22 -4 5 6 -5 -6 11 10 -10 12 13 25 -7 16 18 -18 -13 -17 21 -14 -3 -9 -12 -1 -2 -28 -11 -30
right_child=26 2 3 4 7 14 -8 23 9 28 24 15 20 -15 -16 19 17 -19 -20 -21 -22 -23 -24 -25 -26 -27 27 -29 29 -31
leaf_value=-0.016828377265513981 0.014378699181074697 0 -0.0034961126764800634 0.010611672379684477 0.0081023000212491758 0.0028729634276769165 -0.0021436208966250573 -0.0025042599133493176 0.015362941358889635 0.018063495011553167 -0.01533291815041468 -0.016063951201041777 -0.015658615878007733 0.0188634421917971 -0.00076537282723865849 -0.0095532681493522807 0.0071504035445501685 0.00025162646271589996 0 0.0039114766197173665 0.0083171968617347432 -0.0050146578036416199 0.023130887074556451 -0.00041802061120315115 0.0040662536891337203 0.0059225235988454115 -0.010953539822117558 0.0034638005579170372 -0.0036998830213490741 0.00208540161180436
leaf_weight=131 308 138 8571 364 589 16052 15735 21627 851 105 154 398 561 225 5203 1024 1168 203401 465 351 182 1808 218 19093 243 103 141 4199 1211 8165
leaf_count=131 308 138 8571 364 589 16052 15735 21627 851 105 154 398 561 225 5203 1024 1168 203401 465 351 182 1808 218 19093 243 103 141 4199 1211 8165
internal_value=1.93189e-05 -3.64212e-05 -0.000789892 -0.000860949 -0.000569198 0.000325865 -0.0018238 -0.00138559 0.000261505 0.00249837 0.00929229 0.000145465 -0.00444734 0.00586415 0.00196835 0.000214186 0.000257101 0.000293177 -0.00776768 -0.00589423 -0.00645055 -0.0077708 0.0149437 -0.0015341 -0.00311392 -0.00595518 0.00376317 0.0028785 0.00155483 0.00129996
internal_weight=312784 308136 87590 87234 78663 37354 16099 41309 220546 10729 1248 209817 3010 459 21255 206807 205432 204569 863 1375 2551 2369 356 40720 397 234 4648 4340 9481 9376
internal_count=312784 308136 87590 87234 78663 37354 16099 41309 220546 10729 1248 209817 3010 459 21255 206807 205432 204569 863 1375 2551 2369 356 40720 397 234 4648 4340 9481 9376
is_linear=0
shrinkage=0.03


Tree=22
num_leaves=31
num_cat=0
split_feature=216 232 174 171 194 53 55 254 118 228 223 7 236 149 290 113 232 119 57 57 60 298 290 48 249 87 108 179 207 113
split_gain=63.224 66.7803 64.9686 64.4486 84.3895 86.1262 81.9438 83.0258 71.3112 62.2018 67.577 56.1959 104.711 101.819 71.7276 57.9133 55.471 53.7294 53.4842 52.1067 51.0449 49.5584 47.0482 43.519 52.093 46.2622 41.659 41.5853 38.8536 37.397
threshold=1.8873244524002077 1.9018129706382754 -0.97028106451034535 0.23796485364437106 1.4119666814804079 -1.6874227523803709 2.0170528888702397 -1.6677219271659849 1.0283398032188418 1.8069894313812258 1.1971104145050051 -1.5297823548316953 -0.43410876393318171 0.72293254733085643 -0.097427126020193086 1.2667407393455508 1.0467346310615542 2.336937785148621 -0.028662597760558125 -0.14973834156990048 -2.6926358938217159 -0.68923655152320851 0.70754745602607738 -1.1508023142814634 -0.47737739980220789 -0.10350240394473074 0.46829110383987432 0.9902559518814088 2.0045485496521001 0.76737886667251598
decision_type=2 2 2 2 2 2 2 2 2 2 2 2 2 2 2 2 2 2 2 2 2 2 2 2 2 2 2 2 2 2
left_child=3 2 -2 4 5 17 8 -8 19 10 22 12 15 14 -14 -5 -12 18 26 -7 -16 23 -4 -13 -25 -26 -1 -20 -3 -23
right_child=1 28 9 11 -6 6 7 -9 -10 -11 16 21 13 -15 20 -17 -18 -19 27 -21 -22 29 -24 24 25 -27 -28 -29 -30 -31
leaf_value=-0.0020075426017300813 0.013253289015090042 0.0017061953131239178 0.0012357105878569806 -0.002101032971430228 0.0043527384992618958 -6.9160158499692451e-05 0.021531739157163127 0.0015081566322862937 -0.002336485636423199 -0.0056888070740116099 0.00049827820021884021 0.0094800276670857896 -0.0034707994490870025 -0.012119890430853479 0.017854523411876648 -0.019733674283931031 0.0098462082118059846 0.0053957275445428634 -0.010607033488630777 0.00097574805321356455 0.0055804068591582198 -0.0011612657160427061 -0.011129995308487163 -0.007750808906101061 0.003309828896512752 -0.0029754838347409744 0.013210766854695976 -0.0011486072267939034 0.0092362170595342973 7.0284404326116987e-05
leaf_weight=10420 319 1154 520 1518 4421 89110 309 522 8773 1378 1446 223 667 295 351 180 1014 754 1224 82017 3751 48692 487 1819 1173 7240 140 754 1693 39955
leaf_count=10420 319 1154 520 1518 4421 89110 309 522 8773 1378 1446 223 667 295 351 180 1014 754 1224 82017 3751 48692 487 1819 1173 7240 140 754 1693 39955
internal_value=1.16665e-05 0.00263983 0.000535444 -5.67038e-05 0.000261092 0.000165875 0.000338808 0.00963732 0.000293122 -0.000291289 0.00178831 -0.000655189 0.00197396 0.00416317 0.00527945 -0.00435281 0.00452075 -0.00215992 -0.00264606 0.000429942 0.00678499 -0.000837972 -0.0045527 -0.00279747 -0.00311228 -0.0020578 -0.00175284 -0.00719929 0.00632184 -0.000602907
internal_weight=312319 8011 5164 304308 198444 194023 180731 831 179900 4845 3467 105864 6762 5064 4769 1698 2460 13292 12538 171127 4102 99102 1007 10455 10232 8413 10560 1978 2847 88647
internal_count=312319 8011 5164 304308 198444 194023 180731 831 179900 4845 3467 105864 6762 5064 4769 1698 2460 13292 12538 171127 4102 99102 1007 10455 10232 8413 10560 1978 2847 88647
is_linear=0
shrinkage=0.03


Tree=23
num_leaves=31
num_cat=0
split_feature=29 161 58 275 80 236 220 48 293 217 159 280 230 119 276 239 223 167 41 193 115 295 55 48 222 294 310 232 280 58
split_gain=58.9321 53.1407 103.295 82.5429 88.8547 143.769 76.439 64.0685 91.0503 73.4654 75.8129 72.2462 66.8072 66.1932 56.7649 54.9617 38.1903 36.718 47.6431 36.6122 36.6158 33.8345 28.4151 26.9985 37.8448 26.7044 25.3024 23.3363 36.1243 32.1614
threshold=2.2838808298110966 -3.9249660968780513 -1.0577846765518186 -3.3168821334838863 -3.4401252269744869 1.1012930870056155 -3.068443655967712 -2.2930871248245235 -2.198326468467712 -2.4066910743713374 -1.7147251367568968 -2.1754188537597652 -3.4948600530624385 2.336937785148621 -2.0423126220703121 -1.2882806062698362 -0.80269137024879444 -1.445786654949188 -1.2132515907287595 1.6622945666313174 -2.0532847642898555 -0.047358611598610871 -2.3084530830383296 1.553241014480591 2.2403879165649419 -1.1616488099098203 -0.023288135416805741 2.0080771446228032 2.485256671905518 -1.1805426478385923
decision_type=2 2 2 2 2 2 2 2 2 2 2 2 2 2 2 2 2 2 2 2 2 2 2 2 2 2 2 2 2 2
left_child=1 2 -1 6 5 14 16 8 13 11 -11 -9 -10 -6 -5 -16 26 -8 -19 23 -21 22 -4 25 -25 -2 -3 28 -22 -29
right_child=19 3 21 4 7 -7 17 9 12 10 -12 -13 -14 -15 15 -17 -18 18 -20 20 27 -23 -24 24 -26 -27 -28 29 -30 -31
leaf_value=-0.01709199045207033 -0.0066080746983462378 -0.0025721984388314277 0.0021845944501772715 -0.028707748860610519 -0.0025800631849786518 0.015712026055938529 0 0.00092186510729605833 0.019021858053337781 -0.0030777520354228005 -5.1202044430241674e-05 0.010027916432579997 0.0049094322661584399 0.0092571639604169843 0.0049432072776974829 -0.015475064206229211 -0.014876264076313523 0.029901249538932716 0.0076242731682684148 0.019679697625368135 0.0046813674626789105 0.011408891706599802 -0.010424909094559415 -0.013297669713086048 0.00061674030313211539 0.0065940246506058994 0.0098475137870397637 0.019686729822840008 -0.0042286619592995676 0.0049878974235059064
leaf_weight=463 147 227 328 212 2503 134 133 2341 355 7636 287501 1232 2534 488 147 302 102 207 247 140 1228 177 245 274 341 523 274 162 562 1191
leaf_count=463 147 227 328 212 2503 134 133 2341 355 7636 287501 1232 2534 488 147 302 102 207 247 140 1228 177 245 274 341 523 274 162 562 1191
internal_value=1.21452e-05 -3.71973e-05 -0.00625324 -1.1218e-05 -4.31769e-05 -0.0099362 0.00780749 -1.57199e-05 0.00307882 -7.78411e-05 -0.000130727 0.00418354 0.00686555 -0.000500452 -0.015885 -0.00822485 0 0.0153248 0.0192474 0.00338786 0.00507216 0.000318428 -0.00287076 -0.000697214 -0.00533366 0.00315508 0.00376168 0.00420632 0.00170236 0.00722748
internal_weight=312356 307788 1213 306575 305385 795 1190 304590 5880 298710 295137 3573 2889 2991 661 449 603 587 454 4568 3283 750 573 1285 615 670 501 3143 1790 1353
internal_count=312356 307788 1213 306575 305385 795 1190 304590 5880 298710 295137 3573 2889 2991 661 449 603 587 454 4568 3283 750 573 1285 615 670 501 3143 1790 1353
is_linear=0
shrinkage=0.03


Tree=24
num_leaves=31
num_cat=0
split_feature=96 171 198 115 114 98 66 233 6 153 58 118 197 232 50 225 179 164 225 119 118 161 169 224 177 122 69 257 239 177
split_gain=59.6342 65.6001 97.2642 65.2012 60.9941 114.515 70.9886 72.1182 55.8413 112.088 99.3971 60.7414 55.4063 53.2776 58.5067 53.163 51.5764 51.9266 51.2339 56.6073 52.2607 49.4981 48.0603 44.157 41.4731 39.3734 53.2211 51.659 43.4326 38.1275
threshold=2.4653285741806035 0.18728462606668475 1.678254306316376 -0.4352696537971496 -1.3566684126853941 -2.7798380851745601 -2.7769770622253414 0.59282615780830394 -2.3989415168762203 0.46593227982521063 -1.0359934568405149 1.6164863705635073 2.1367044448852544 2.0080771446228032 2.3503314256668095 -0.60274350643157948 0.70314538478851329 -1.0012014508247373 -4.1120736598968497 2.336937785148621 0.21092950552701953 1.223747253417969 0.39801605045795446 1.276061534881592 0.23294447362422946 0.30973136425018316 -0.017562960274517533 1.0084151625633242 -0.61846908926963795 -0.9908776283264159
decision_type=2 2 2 2 2 2 2 2 2 2 2 2 2 2 2 2 2 2 2 2 2 2 2 2 2 2 2 2 2 2
left_child=1 2 4 12 18 16 -7 -8 9 10 22 -12 21 14 -2 -4 17 -6 -1 20 -20 23 -5 -3 -17 27 -27 -10 -28 -23
right_child=13 3 15 8 5 6 7 -9 25 -11 11 -13 -14 -15 -16 24 -18 -19 19 -21 -22 29 -24 -25 -26 26 28 -29 -30 -31
leaf_value=-0.0084392294444971018 0.0027207988736164469 -0.0031778138746535417 -0.0036501371640062243 0.0019008288076564448 0.0086707872157942689 -0.0068277259033059767 0.0005414637103078767 -0.0031149170177090253 -0.00010205333002998643 0.02498426161756789 -0.0067378866125108556 0.0083229411412644866 0.0068958435633711592 0.0082410883274751517 -0.012166015958127966 0.0041955246113155303 0.015501157111574182 -0.0058574045073061442 -0.00062624391254271692 0.0076846233219416294 -0.0053039900111648353 -0.00090390628934441562 0.025580855622155192 0.009721017030832356 0.013590698650940775 -0.0077827733057661023 -0.0031777479910043344 0.0051382094628125282 -0.00056142131391815134 -0.013038880925287769
leaf_weight=839 1684 6136 351 181 614 1198 159625 4967 57850 202 835 304 425 1473 254 1174 598 299 18559 640 2454 403 179 219 822 1043 6754 1723 40112 825
leaf_count=839 1684 6136 351 181 614 1198 159625 4967 57850 202 835 304 425 1473 254 1174 598 299 18559 640 2454 403 179 219 822 1043 6754 1723 40112 825
internal_value=3.22131e-05 -1.04466e-05 0.000329748 -0.000570731 0.0002527 0.00045123 0.000373872 0.000428935 -0.000375678 0.00497089 0.00178301 -0.00238504 -0.00318521 0.00396581 0.000512131 0.0063788 0.00862736 0.00356781 -0.00120978 -0.000908282 -0.00119132 -0.00380633 0.0151912 -0.00265714 0.00830993 -0.000463992 -0.00110434 4.61476e-05 -0.000946061 -0.00937517
internal_weight=312742 309331 192140 117191 189793 167301 165790 164592 109183 1701 1499 1139 8008 3411 1938 2347 1511 913 22492 21653 21013 7583 360 6355 1996 107482 47909 59573 46866 1228
internal_count=312742 309331 192140 117191 189793 167301 165790 164592 109183 1701 1499 1139 8008 3411 1938 2347 1511 913 22492 21653 21013 7583 360 6355 1996 107482 47909 59573 46866 1228
is_linear=0
shrinkage=0.03


Tree=25
num_leaves=31
num_cat=0
split_feature=16 122 98 109 185 52 227 100 55 28 296 11 53 46 82 108 90 42 165 135 135 237 56 299 15 287 196 298 69 299
split_gain=52.658 65.2659 103.011 73.194 63.3701 68.8817 124.444 64.9024 57.3308 72.5182 100.967 58.705 71.5837 70.3838 59.9339 60.1082 55.3369 53.1407 52.1741 47.0435 58.0345 45.0281 44.0651 39.8068 39.8004 38.0344 50.6453 51.9761 38.9175 42.7314
threshold=2.0445624589920048 0.34856815636157995 -2.1896699666976924 -2.6791043281555171 0.45753026008605963 0.23901045322418216 -0.17534644156694409 -0.89996275305747975 1.3626052141189577 -1.9489420652389524 2.6934614181518559 0.035853920504450805 1.2881755232810976 0.43118174374103552 0.36467300355434423 -4.2227010726928702 0.84137138724327099 -1.1804079413413999 -1.3422323465347288 -3.0451805591583248 -2.3534421920776363 0.59110605716705333 -0.14702403545379636 1.7750002741813662 -1.7036151885986326 0.35434418916702276 0.14357379078865054 -0.74514529109001149 -0.30738821625709528 0.67595410346984874
decision_type=2 2 2 2 2 2 2 2 2 2 2 2 2 2 2 2 2 2 2 2 2 2 2 2 2 2 2 2 2 2
left_child=1 8 18 17 -5 6 -6 -7 11 10 -10 12 14 22 15 -1 -16 -4 -3 -11 -21 -22 -14 -12 -15 28 -27 -28 -13 -30
right_child=-2 2 3 4 5 7 -8 -9 9 19 23 25 13 24 16 -17 -18 -19 -20 20 21 -23 -24 -25 -26 26 27 -29 29 -31
leaf_value=-0.0074678853222194131 0.0026416821294626145 0 -0.0034473314575143715 -0.0026873502325161082 -0.0016537631371501503 0.0094688184345208676 0.0020629703808202147 -0.0015349698126649795 0.015190817011799517 0.02019166280823367 -0.01230637942582051 0.0084180347479769855 -0.017465995423677719 0.011735656322150944 -0.0044230247985811719 0.0001223013905728799 0.0015312802514741855 0.018164450095858996 0.024107127152799095 -0.010802583104643576 -0.0022461090466557782 0.0027691671067237088 -0.0055097263444594102 0.0057584714143125056 -0.0017940613089051124 -0.0034096905498811666 -0.0050211315299172809 0.0015243769506200148 0.0019302925904438792 -0.0017316768403584275
leaf_weight=924 6675 154 113 14611 13986 462 19115 37217 817 101 191 759 401 198 5034 153566 1844 292 204 325 1992 7204 1363 188 1808 3315 1191 10035 25443 3130
leaf_count=924 6675 154 113 14611 13986 462 19115 37217 817 101 191 759 401 198 5034 153566 1844 292 204 325 1992 7204 1363 188 1808 3315 1191 10035 25443 3130
internal_value=8.92538e-06 -4.76966e-05 -0.000748282 -0.000820257 -0.000885132 -0.000508211 0.00048345 -0.00138714 0.000225551 0.00235444 0.00930578 0.000113714 -0.000143861 -0.00422013 -4.62585e-05 7.40023e-05 -0.00278337 0.0115501 0.0148379 0.00144177 0.00116952 0.00164771 -0.00856117 -0.0027541 -0.000207883 0.00108969 -0.00014589 0.000795574 0.00171211 0.00151772
internal_weight=312658 305983 86154 85796 85391 70780 33101 37679 219829 10818 1196 209011 165138 3770 161368 154490 6878 405 358 9622 9521 9196 1764 379 2006 43873 14541 11226 29332 28573
internal_count=312658 305983 86154 85796 85391 70780 33101 37679 219829 10818 1196 209011 165138 3770 161368 154490 6878 405 358 9622 9521 9196 1764 379 2006 43873 14541 11226 29332 28573
is_linear=0
shrinkage=0.03


Tree=26
num_leaves=31
num_cat=0
split_feature=29 171 203 76 167 44 298 204 171 74 108 77 21 231 237 91 119 147 196 295 54 96 179 115 223 159 177 180 177 122
split_gain=69.0008 50.3309 78.6613 61.2253 107.06 81.5011 58.6304 66.487 66.4319 56.193 54.5029 70.9298 62.8488 62.0605 57.9109 55.249 48.5358 60.907 60.5812 52.2709 48.2873 112.902 90.4994 45.0425 40.6189 38.3668 50.1987 38.2291 35.071 34.1583
threshold=2.2838808298110966 0.23796485364437106 1.5461300015449526 -3.3556350469589229 -1.5829911828041074 -1.7540034055709837 -0.56493771076202381 2.7079706192016606 1.05253142118454 -3.3143823146820064 1.2643786668777468 -2.3673784732818599 -0.54590055346488942 -0.072978794574737535 -0.44713157415390009 0.57052117586135875 -0.63086158037185658 -0.46421323716640467 1.723418712615967 -0.91352355480194081 -0.48983328044414515 -2.6447185277938838 0.6239353120326997 -0.57991918921470631 -0.032379632815718644 1.7849134206771853 0.89041951298713695 -1.5054506659507749 0.23294447362422946 0.30973136425018316
decision_type=2 2 2 2 2 2 2 2 2 2 2 2 2 2 2 2 2 2 2 2 2 2 2 2 2 2 2 2 2 2
left_child=1 2 3 4 -1 -6 8 10 23 -5 13 -12 -13 14 -8 -15 17 19 -19 -10 22 -22 -11 -3 -4 26 -26 -18 -7 -25
right_child=-2 6 24 9 5 28 7 -9 16 20 11 12 -14 15 -16 -17 27 18 -20 -21 21 -23 -24 29 25 -27 -28 -29 -30 -31
leaf_value=-0.016926965708978597 0.0036833262920926428 -0.0077820072470982339 -0.00038506775694288197 0.015430477615701007 0.020538594983171048 -0.014540607681570773 0.014459213118436155 -0.013556228646699933 -0.0051158541977103494 -0.00076019331405237486 0.01548019714950628 -0.0047275015019584334 0.0016076137655464222 -9.673831888070348e-05 0.0017818762661497808 -0.0018180656603308482 -0.014640516276221449 -0.0021808062710711017 0.0094661158404617946 0.013754605594383575 0.0098607993861169925 0.00049742327668167614 0.0022734469521723025 -0.00096747403297581973 0.0064292421505950234 -0.0016908135681561278 0.020797399907533671 -0.0011742764513190381 0.0054122877474874261 -0.004874906478844131
leaf_weight=483 4563 1920 727 199 141 159 406 318 128 68583 295 1512 15518 48135 1737 26084 226 1766 496 636 1155 115092 10110 5235 1426 288 287 1150 100 3542
leaf_count=483 4563 1920 727 199 141 159 406 318 128 68583 295 1512 15518 48135 1737 26084 226 1766 496 636 1155 115092 10110 5235 1426 288 287 1150 100 3542
internal_value=2.89175e-05 -2.45094e-05 0.00025867 0.000186403 -0.00759783 0.00322243 -0.000543067 -0.000260527 -0.00227962 0.000223938 -0.000209312 0.00130371 0.00102267 -0.000556765 0.00443383 -0.00070606 0.00076436 0.00294008 0.000302189 0.0101606 0.000205295 0.000594716 -0.00036616 -0.00355935 0.00530315 0.00750159 0.00922186 -0.00377899 -0.00592579 -0.00258594
internal_weight=312417 307854 198750 196022 883 400 109104 94005 15099 195139 93687 17325 17030 76362 2143 74219 4402 3026 2262 764 194940 116247 78693 10697 2728 2001 1713 1376 259 8777
internal_count=312417 307854 198750 196022 883 400 109104 94005 15099 195139 93687 17325 17030 76362 2143 74219 4402 3026 2262 764 194940 116247 78693 10697 2728 2001 1713 1376 259 8777
is_linear=0
shrinkage=0.03


Tree=27
num_leaves=31
num_cat=0
split_feature=55 199 118 57 6 58 177 247 260 171 206 232 254 279 167 218 276 229 41 175 172 57 159 283 47 276 239 55 291 227
split_gain=51.9903 69.4301 62.3004 61.5756 62.0853 61.5099 73.8531 61.5099 96.936 58.6461 65.7103 57.0518 55.6656 58.9258 55.0664 54.7623 72.5021 53.4656 50.8822 50.0953 48.0324 46.385 45.3399 45.216 101.418 80.5381 73.7847 57.9039 54.1087 44.1433
threshold=1.7501514554023745 -1.342411935329437 1.0283398032188418 -0.095871146768331514 -2.7930111885070796 0.82362058758735668 2.7316026687622075 -1.1106178760528562 -0.20792167633771894 0.16220435500144961 -2.3838938474655147 1.2338292598724367 0.12545919418334964 1.7549400329589846 -1.8312580585479734 -2.0617436170577998 -1.284772455692291 0.14926221221685412 3.3065898418426518 3.3255051374435429 1.5718154311180117 -0.26151059567928309 -0.79224377870559681 -2.1050523519515987 -1.9686293005943296 -2.8068093061447139 0.12365984171628953 -0.0742937996983528 -2.8686997890472408 -0.05734115652740001
decision_type=2 2 2 2 2 2 2 2 2 2 2 2 2 2 2 2 2 2 2 2 2 2 2 2 2 2 2 2 2 2
left_child=2 5 3 9 -5 -2 -7 8 20 23 22 12 13 21 -12 -9 -17 -16 19 -3 -6 -4 -11 26 28 -26 27 -1 -25 -13
right_child=1 18 11 4 7 6 -8 15 -10 10 14 29 -14 -15 17 16 -18 -19 -20 -21 -22 -23 -24 24 25 -27 -28 -29 -30 -31
leaf_value=-0.0022315028231286158 0.00040202642318811551 0.0011850052056612682 -0.011820857363863516 -0.0083792567039081313 0.0022526794388989524 0.018504585372010777 0.0015452849384688691 0.0083053401912161692 0.012046952259930549 -0.0044060942920119816 0.011410535312065486 0.01434143412302326 -0.0038573313484785306 0.016543221774857578 -0.0038054605761759616 -0.0043306032798582075 0.00041200384769242784 -0.00077137080683270303 0.0088086417106317764 -0.0052229262705896758 -0.0073711084864291196 -0.00072330203173564817 -0.021197559689342671 -0.0049721825285713468 0.0113610878052524 -0.0001281604980982725 -0.011541551992269835 0.010040630664093405 0.0073476997926998902 0.0006801458799254443
leaf_weight=4501 768 8207 334 681 10198 619 433 756 900 558 281 207 9546 152 6620 2946 118013 26769 667 1241 457 12449 225 325 532 95724 721 349 2427 5028
leaf_count=4501 768 8207 334 681 10198 619 433 756 900 558 281 207 9546 152 6620 2946 118013 26769 667 1241 457 12449 225 325 532 95724 721 349 2427 5028
internal_value=-1.88063e-05 0.00192018 -9.68864e-05 3.96801e-05 0.000499672 0.00730502 0.0119631 0.000548544 0.00264234 -0.000401352 -0.00147472 -0.00145184 -0.00211356 -0.000799537 -0.00126144 0.000346905 0.000293319 -0.00138383 0.000909173 0.000302379 0.00179877 -0.00105471 -0.0100126 -4.46542e-05 0.00010063 -5.91973e-05 -0.00267142 -0.00124921 0.00575917 0.00132995
internal_weight=312634 11935 300699 272983 133951 1820 1052 133270 11555 139032 34453 27716 22481 12935 33670 121715 120959 33389 10115 9448 10655 12783 783 104579 99008 96256 5571 4850 2752 5235
internal_count=312634 11935 300699 272983 133951 1820 1052 133270 11555 139032 34453 27716 22481 12935 33670 121715 120959 33389 10115 9448 10655 12783 783 104579 99008 96256 5571 4850 2752 5235
is_linear=0
shrinkage=0.03


Tree=28
num_leaves=31
num_cat=0
split_feature=256 171 115 203 176 7 85 180 119 27 299 161 152 25 55 298 164 125 117 115 94 227 142 202 295 209 156 44 164 308
split_gain=66.9485 63.2625 66.5498 60.16 62.6659 55.2938 69.7624 76.1701 60.0271 118.729 52.6086 86.6058 80.5222 79.2167 71.1781 71.9054 49.047 49.0016 47.8733 47.1384 47.0969 46.7427 56.7025 49.3208 44.8554 43.1112 42.8118 51.7571 39.7951 49.2435
threshold=2.1608107089996342 0.23796485364437106 -0.56775358319282521 1.4675888419151308 0.87770655751228344 -1.5297823548316953 -0.9429163634777068 -2.706857323646545 1.6204620003700259 -0.97341513633728016 0.13985358178615573 -3.9249660968780513 -3.3197313547134395 -3.2716164588928218 1.8247449398040774 0.90179654955863964 0.15396481007337573 -2.3654257059097286 -1.9571560621261594 0.32354272902011877 1.2015343904495241 1.3212895989418032 -0.55198583006858815 1.6453743577003481 1.2860299348831179 -1.9717451930046079 0.6187950372695924 0.44758076965808874 0.84455329179763805 -0.021251784637570378
decision_type=2 2 2 2 2 2 2 2 2 2 2 2 2 2 2 2 2 2 2 2 2 2 2 2 2 2 2 2 2 2
left_child=1 3 28 10 -5 6 8 16 19 -10 11 -1 18 -14 15 17 -8 -12 -13 -4 -17 26 -23 -24 -9 -16 -7 -28 29 -3
right_child=-2 2 5 4 -6 21 7 24 9 -11 14 12 13 -15 25 20 -18 -19 -20 -21 -22 22 23 -25 -26 -27 27 -29 -30 -31
leaf_value=-0.011607927685806882 0.0032724785548849237 -0.0061794650147774929 0.0036345431988559248 0.0026068058536304495 0.015520299029939871 -0.00043196699316215174 0.034820344020337075 0.0069416238628461887 0.016145053920769911 -0.012624792504669 -0.0042157306427771171 0.016516716843335957 -0.014392187156862002 -0.00012948529011001206 0.017059082311008288 -0.0017004995367570558 0.0030242002769716877 0.0013227759594060856 0.00097453879299092255 -0.003997989467659272 0.0083025362876377861 -0.007275231636657005 0.0021055131918867138 -0.0020059259051864466 -0.0045436511098884413 0.0022712771409370992 -0.0045253822652717218 -0.0012187684013645172 -0.0079012367128089619 0.00089263532427710801
leaf_weight=573 5569 1477 1009 2732 389 54302 122 1387 463 148 1431 394 332 121556 369 11883 102 57734 396 2297 411 712 12323 3248 343 441 5473 21385 1615 2018
leaf_count=573 5569 1477 1009 2732 389 54302 122 1387 463 148 1431 394 332 121556 369 11883 102 57734 396 2297 411 712 12323 3248 343 441 5473 21385 1615 2018
internal_value=1.78896e-05 -4.03687e-05 -0.000623998 0.000276713 0.00440042 -0.000455018 0.00235693 0.00695591 0 0.00852155 0.000208911 -0.000165883 -0.000108111 -0.00017315 0.000852121 0.000745896 0.0230059 0.00118237 0.00931275 -0.00157047 -0.00132878 -0.000627966 0.000828529 0.00122718 0.00446715 0.00961812 -0.000924008 -0.0019066 -0.00396686 -0.00202887
internal_weight=312634 307065 108424 198641 3121 103314 5871 1954 3917 611 195520 123251 122678 121888 72269 71459 224 59165 790 3306 12294 97443 16283 15571 1730 810 81160 26858 5110 3495
internal_count=312634 307065 108424 198641 3121 103314 5871 1954 3917 611 195520 123251 122678 121888 72269 71459 224 59165 790 3306 12294 97443 16283 15571 1730 810 81160 26858 5110 3495
is_linear=0
shrinkage=0.03


Tree=29
num_leaves=31
num_cat=0
split_feature=270 53 217 299 343 48 283 217 162 110 235 238 224 105 168 218 100 115 288 184 115 170 290 90 170 56 167 119 177 93
split_gain=51.4209 50.4581 78.1696 91.4275 72.5125 70.1049 67.9534 62.6554 105.983 69.6348 64.5891 62.6672 66.5445 61.6279 52.6773 47.1932 46.9029 59.5142 46.4163 45.8693 44.3634 43.0738 42.6122 39.8615 91.0622 97.9724 58.3283 47.9173 40.8004 49.6064
threshold=2.2826381921768193 -1.8122689723968504 -2.4066910743713374 -1.534104526042938 -0.015292093623429535 -1.9437225461006162 -2.3165227174758907 -0.81581619381904591 -0.087839059531688676 -0.68537849187850941 -1.898023724555969 1.4850046634674074 -0.01692830957472324 0.37325462698936468 -0.71034118533134449 -2.0617436170577998 -2.6138188838958736 2.4926434755325322 -2.6988317966461177 -2.6465063095092769 -0.77168884873390187 1.1727105379104616 -1.1381322145462034 -2.8645658493041988 -1.7582464814186094 -1.7910898923873899 -1.5829911828041074 2.336937785148621 0.61119043827056896 -2.5480198860168453
decision_type=2 2 2 2 2 2 2 2 2 2 2 2 2 2 2 2 2 2 2 2 2 2 2 2 2 2 2 2 2 2
left_child=1 23 3 4 22 6 15 11 10 -10 -9 12 -7 16 -15 -4 17 -5 20 -18 -8 -13 -3 24 -1 26 -26 28 29 -25
right_child=-2 2 5 13 -6 7 18 8 9 -11 -12 21 -14 14 -16 -17 19 -19 -20 -21 -22 -23 -24 27 25 -27 -28 -29 -30 -31
leaf_value=-0.010370701438593116 0.0031029679144824931 -0.023782748091931736 0.0033545022673894878 0.0015528116926711519 0.0010693254919487585 -0.0010937874979660132 0.023598627812694756 0.0092948781582660109 -0.0033115136451742633 -0.00024439500056702885 0.00084349744833916432 0.0073733784893979318 -0.0062270932408906039 0.010529385976450041 -0.0085950354735939653 -0.0090158464279684065 -0.0025586625976375416 0.018130885338329749 0.0046348745132743291 0.01256106360555252 0 -0.0062662876627354001 0 0.0061088737554185731 9.048996694225201e-05 -0.0060462768696805773 0.03171114333001758 0.0073429321012133389 -0.0084404996059984048 -0.0018154261153600533
leaf_weight=1313 4658 198 538 1751 598 37188 240 810 6969 154449 84099 1168 2439 152 437 498 162 210 2433 1485 133 213 115 749 119 341 114 528 739 7892
leaf_count=1313 4658 198 538 1751 598 37188 240 810 6969 154449 84099 1168 2439 152 437 498 162 210 2433 1485 133 213 115 749 119 341 114 528 739 7892
internal_value=-1.73944e-05 -6.57446e-05 9.91342e-06 0.00368253 -0.00468095 -5.37321e-05 0.00395925 -0.000108706 7.09296e-05 -0.000379066 0.000929823 -0.00119456 -0.00142029 0.00558264 -0.00298338 -0.00236591 0.00707245 0.00364469 0.00640093 0.0108811 0.016335 0.00499609 -0.0159724 -0.00198843 -0.00600156 0.00350028 0.0180311 -0.00118335 -0.00170982 -0.00108139
internal_weight=312738 308080 296285 5108 911 291177 3842 287335 246327 161418 84909 41008 39627 4197 589 1036 3608 1961 2806 1647 373 1381 313 11795 1887 574 233 9908 9380 8641
internal_count=312738 308080 296285 5108 911 291177 3842 287335 246327 161418 84909 41008 39627 4197 589 1036 3608 1961 2806 1647 373 1381 313 11795 1887 574 233 9908 9380 8641
is_linear=0
shrinkage=0.03


Tree=30
num_leaves=31
num_cat=0
split_feature=55 80 238 64 118 173 57 6 101 215 167 117 47 173 222 57 68 260 159 81 146 98 226 57 330 41 175 297 114 299
split_gain=59.9366 58.4813 75.6187 63.8053 48.5808 62.3089 56.2173 63.2204 55.0089 55.6417 72.8738 112.849 58.0489 93.0502 55.3406 54.5954 50.7612 69.8873 51.2943 46.7304 45.9582 44.4345 44.3052 44.7205 55.3224 42.8805 53.2667 42.5914 40.6476 40.181
threshold=1.7501514554023745 -1.1850429177284239 0.68629488348960888 -1.506480813026428 1.1204838156700136 1.051827132701874 -0.095871146768331514 -2.7930111885070796 -3.8977274894714351 -3.0775259733200069 -1.5829911828041074 -2.1650483608245845 -1.9686293005943296 -1.7861780524253843 -1.2644900679588316 -1.5919635891914365 -1.1346141695976255 -0.20792167633771894 2.0613306760787968 0.45539721846580511 0.10334841907024385 -2.0339753627777095 0.54911148548126232 -0.25333082675933832 -0.016253963112831112 3.3065898418426518 3.3255051374435429 1.5165331959724428 1.6792466044425967 0.73882561922073375
decision_type=2 2 2 2 2 2 2 2 2 2 2 2 2 2 2 2 2 2 2 2 2 2 2 2 2 2 2 2 2 2
left_child=4 2 -2 -4 6 22 8 -8 15 10 -10 -12 13 -11 -14 -1 17 20 21 28 -9 -18 23 -6 -25 26 -3 -21 -7 -28
right_child=1 25 3 -5 5 19 7 16 9 12 11 -13 14 -15 -16 -17 18 -19 -20 27 -22 -23 -24 24 -26 -27 29 -29 -30 -31
leaf_value=-0.014733983121972815 0.00040761305976452094 0.0014337615013188189 0.0066428611774658006 0.023972203254875962 -0.012613506105844862 0.0052152132836772022 -0.00824543099135964 0.0021929494605948184 -0.0021414307721402022 -0.001095255617673898 0.030720886121220561 0.004308262938367469 -0.0023664030013186973 0.006365707425045111 -0.00033854438255552055 0.0017362505268003489 0.0074648241745915158 0.01062276254654212 0.0058074847833852646 -0.0045254669970166209 -0.006142787550040823 0.00020790096411568782 -0.0047686369355124528 0.0052571661738404461 -0.0017175277433356649 0.0082884188003846376 -0.013627896977894757 0.0020177740608946317 -0.0023170672265085601 -0.0013027455226880509
leaf_weight=453 979 8168 733 301 292 2679 724 10311 592 3030 187 652 13588 2854 117301 239 747 854 1502 1883 596 124183 5055 1107 9868 680 348 1602 772 881
leaf_count=453 979 8168 733 301 292 2679 724 10311 592 3030 187 652 13588 2854 117301 239 747 854 1502 1883 596 124183 5055 1107 9868 680 348 1602 772 881
internal_value=0 0.00206912 0.00674095 0.0123313 -8.34522e-05 -0.00140015 2.57925e-05 0.000453497 -0.000399821 -0.000354657 0.00547472 0.0111227 -0.000418632 0.00248213 -0.000551684 -0.00873523 0.000502428 0.00238992 0.000324126 0.000949053 0.00169959 0.000254882 -0.00241674 -0.00132839 -0.000978453 0.00109465 0.00052573 -0.0014377 0.00344015 -0.00519523
internal_weight=313161 12090 2013 1034 301071 23258 277813 138917 138896 138204 1431 839 136773 5884 130889 692 138193 11761 126432 6936 10907 124930 16322 11267 10975 10077 9397 3485 3451 1229
internal_count=313161 12090 2013 1034 301071 23258 277813 138917 138896 138204 1431 839 136773 5884 130889 692 138193 11761 126432 6936 10907 124930 16322 11267 10975 10077 9397 3485 3451 1229
is_linear=0
shrinkage=0.03


Tree=31
num_leaves=31
num_cat=0
split_feature=11 236 358 73 186 91 216 122 98 232 161 50 223 172 40 288 232 168 58 179 258 162 236 305 57 178 237 52 238 103
split_gain=62.4281 71.6089 59.3353 54.4718 67.7698 98.9875 54.5137 64.9021 70.7096 60.9217 55.0312 51.7003 48.7431 73.4595 56.0758 52.7923 48.7217 48.5303 47.9507 42.8944 52.1557 44.7908 51.8789 44.6334 41.6339 40.6786 61.4348 56.2542 81.8931 38.6158
threshold=-3.0252579450607295 0.93521428108215343 -0.023756437003612515 -2.7240629196166988 -2.7939349412918086 -0.60530683398246754 1.8873244524002077 0.30973136425018316 -2.1896699666976924 -3.4558243751525874 -3.9249660968780513 -0.70120894908905018 1.2550706863403323 0.12846529483795169 2.1483715772628789 0.69560748338699352 2.1198010444641118 2.2338641881942753 -1.1048109531402586 0.4582649171352387 -1.6544567346572874 -0.57244566082954396 -0.5348089039325713 -0.031087445095181462 -0.12517306208610532 0.59376883506774913 0.55420824885368358 -0.43600128591060633 -3.6691348552703853 -2.3309031724929805
decision_type=2 2 2 2 2 2 2 2 2 2 2 2 2 2 2 2 2 2 2 2 2 2 2 2 2 2 2 2 2 2
left_child=1 2 -1 19 5 -5 7 10 11 -10 18 -9 13 15 17 -8 -16 -14 -6 20 21 -2 -23 -21 -12 27 -27 28 -4 -30
right_child=3 -3 25 4 6 -7 12 8 9 -11 24 -13 14 -15 16 -17 -18 -19 -20 23 -22 22 -24 -25 -26 26 -28 -29 29 -31
leaf_value=0.0039537117630243299 0.0091874975812090785 0.010597035397092298 -0.022679850334595693 -0.013438444047338875 -0.017425184584928477 0.012239038617979463 0 0 0.013736540253603911 -0.00082933940403670449 -0.00018731454488711048 0.021133707636279992 0.0091967503080921786 -0.0068050436279251851 -0.0015381371436569077 0.020268747323129516 0.0050236291582757926 -0.00070809215717757348 -0.0016144994386865397 -0.0060550265039312125 0.02675363138290052 -0.014363282030330054 0.0085203671813584292 0.0065137862839799937 0.00066214587269076085 -0.022958228258164078 0 -0.015249444804520099 0.011367792942881058 -0.0021418256128135208
leaf_weight=337 883 208 113 679 269 139 287 181 237 89505 95598 209 2006 1037 2250 157 1770 497 567 519 113 169 136 461 112563 357 168 350 277 448
leaf_count=337 883 208 113 679 269 139 287 181 237 89505 95598 209 2006 1037 2250 157 1770 497 567 519 113 169 136 461 112563 357 168 350 277 448
internal_value=-1.08684e-05 -0.00495971 -0.00677022 2.45019e-05 -8.88649e-06 -0.00852919 1.33832e-05 -5.10892e-05 -0.000724725 -0.000784478 0.000238029 0.0116607 0.00245438 -0.00231398 0.00358662 0.00736991 0.00128731 0.0071211 -0.00734064 0.00462344 0.0081522 0.00572088 -0.00333995 0 0.000270609 -0.00907434 -0.016222 -0.00545104 -0.000748904 0.0027837
internal_weight=312490 2258 2050 310232 307951 818 307133 299129 90132 89742 208997 390 8004 1481 6523 444 4020 2503 836 2281 1301 1188 305 980 208161 1713 525 1188 838 725
internal_count=312490 2258 2050 310232 307951 818 307133 299129 90132 89742 208997 390 8004 1481 6523 444 4020 2503 836 2281 1301 1188 305 980 208161 1713 525 1188 838 725
is_linear=0
shrinkage=0.03


Tree=32
num_leaves=31
num_cat=0
split_feature=200 171 203 57 87 43 38 80 170 48 108 86 281 66 282 236 102 110 216 8 224 58 84 50 113 44 45 236 39 186
split_gain=53.7819 50.4632 66.2709 58.1797 65.7354 55.7358 58.9775 53.3222 121.686 51.5312 72.1913 46.7114 92.9929 69.674 45.6191 45.0621 44.917 75.0823 57.7746 70.3942 49.7327 44.4913 44.3863 43.2771 43.1067 46.2686 57.6617 56.0858 38.0484 37.7938
threshold=3.1808600425720219 0.1707234010100365 1.4675888419151308 -0.08757492899894713 -1.5677562355995176 2.2823157310485844 2.7714720964431767 -3.4401252269744869 -1.7582464814186094 1.7826906442642214 1.3591466546058657 -1.0872209668159483 0.032696299254894264 -2.1781921386718746 3.3100771903991704 1.1472728252410891 0.032753864303231246 -0.49203199148178095 -0.43360716104507441 0.6037670671939851 1.247076749801636 -1.5229827761650083 2.1460415124893193 0.51767489314079296 1.9077928066253664 -0.37769444286823267 -1.2724870443344114 1.5366861820220949 -1.6955523490905759 -1.817214787006378
decision_type=2 2 2 2 2 2 2 2 2 2 2 2 2 2 2 2 2 2 2 2 2 2 2 2 2 2 2 2 2 2
left_child=1 2 7 11 24 9 -7 8 -1 10 -6 12 21 -13 -8 -4 18 29 19 -9 -19 23 -11 -3 25 26 -5 -27 -10 -18
right_child=-2 3 15 4 5 6 14 16 28 22 -12 13 -14 -15 -16 -17 17 20 -20 -21 -22 -23 -24 -25 -26 27 -28 -29 -30 -31
leaf_value=-0.015901882602763991 0.006605687771384287 -0.0015471693754466845 0.0033375989393213752 0 -0.00047222424988579243 0.0068762786974073502 -0.0084684591403409552 0.00015133786969688038 -0.00011007842619736225 -0.0019221791126419301 0.0026246588756808067 0.012688805861442096 -0.015602667545862101 -0.0012870170140969375 0.0043056195127983456 0.017732916405893775 0.0028979407955820528 -0.00013565145678038671 0.0011888319742618487 -0.004323263727424722 0.006970204700251721 -0.004332748587433855 -0.0094916502308892408 0.013369076236188009 -0.0046397732659876241 -0.0022127068265587252 0.016056693819868632 0.011679977664900188 0.019009419323462964 -0.0036364714105868658
leaf_weight=535 1086 386 3322 335 68514 1929 486 68367 214 4872 7485 301 583 30664 452 204 816 40657 63226 3296 886 2621 842 258 333 809 663 350 114 8160
leaf_count=535 1086 386 3322 335 68514 1929 486 68367 214 4872 7485 301 583 30664 452 204 816 40657 63226 3296 886 2621 842 258 333 809 663 350 114 8160
internal_value=1.0098e-06 -2.14631e-05 0.000283422 -0.000498662 -8.04671e-05 -0.000225785 0.00386182 0.000204368 -0.00713934 -0.000373784 -0.000162661 -0.00153534 -0.00466979 -0.00113338 -0.0020384 0.00435037 0.000240934 -0.000518937 0.000527781 -5.14264e-05 1.19604e-05 -0.00254318 -0.00311913 0.00419948 0.0046986 0.00630746 0.0110453 0.00185518 0.00638363 -0.00300396
internal_weight=312766 311680 189797 121883 87070 84580 2867 186271 863 81713 75999 34813 3848 30965 938 3526 185408 50519 134889 71663 41543 3265 5714 644 2490 2157 998 1159 328 8976
internal_count=312766 311680 189797 121883 87070 84580 2867 186271 863 81713 75999 34813 3848 30965 938 3526 185408 50519 134889 71663 41543 3265 5714 644 2490 2157 998 1159 328 8976
is_linear=0
shrinkage=0.03


Tree=33
num_leaves=31
num_cat=0
split_feature=216 103 172 40 121 98 196 228 42 230 203 41 58 155 220 84 11 176 254 178 172 227 211 41 193 223 230 228 293 223
split_gain=51.7233 48.5809 47.7518 47.1848 45.515 86.5347 63.0731 78.7629 61.0685 50.2997 49.5099 47.4957 70.9175 61.8216 80.2318 66.988 66.592 109.268 50.3978 47.2796 45.0401 70.0477 50.2015 43.0666 42.1779 40.0171 51.6863 39.9467 40.1385 37.2825
threshold=1.8873244524002077 1.2177138328552248 0.071694329380989089 2.1483715772628789 0.34078079462051397 -2.1098622083663936 0.19778275489807132 -2.5716489553451534 -1.1565691232681272 -1.0332298278808592 1.5915419459342959 -3.9510214328765865 -1.1805426478385923 -3.2706165313720699 -3.395776510238647 -3.0090076923370357 -3.0252579450607295 1.0382414460182192 -2.6388593912124629 0.031556189060211189 0.33668188750743872 -0.16663344204425809 -0.43793162703514094 0.0080474307760596293 -1.0937613248825071 0.015896271914243702 1.0637369155883791 1.3615612387657168 1.5225036740303042 -1.3082845807075498
decision_type=2 2 2 2 2 2 2 2 2 2 2 2 2 2 2 2 2 2 2 2 2 2 2 2 2 2 2 2 2 2
left_child=4 2 -2 27 10 9 24 8 -8 -6 11 12 -1 14 -13 -16 17 -15 -18 -14 21 -9 -22 -10 -7 -12 -27 -3 -29 -11
right_child=1 3 -4 -5 5 6 7 20 23 29 25 13 19 16 15 -17 18 -19 -20 -21 22 -23 -24 -25 -26 26 -28 28 -30 -31
leaf_value=-0.014795285438753287 0.0059628700999353624 0.01066540685956195 -0.0074527665000021226 0.0012050206425150995 4.1494663820227149e-06 0.010023029776578034 -0.0045975445205498396 -0.0012951297061583958 0.022555254747480297 0.030023056627137629 -0.0033070505024942079 -0.001649425368785267 0.014691345524750179 -0.0093319909451090623 0.019810801663841044 0 0.0043653793676051806 0.0085949605745811227 0.00016321974830276641 -0.0036250409168384254 0.0071115660768656551 0.0013703386996807448 -0.0013565319983966906 0 -0.0027448329247857974 0.017472014920116005 -5.9937048819847408e-05 -0.0024933335208287446 0.0068030549287837654 0.0024515143806530422
leaf_weight=454 302 1171 768 4102 221 208 131 14617 288 144 174 522 138 1434 464 263 2588 354 210224 623 612 22347 33921 110 13916 397 185 636 997 101
leaf_count=454 302 1171 768 4102 221 208 131 14617 288 144 174 522 138 1434 464 263 2588 354 210224 623 612 22347 33921 110 13916 397 185 636 997 101
internal_value=3.14668e-05 0.0024137 -0.00335113 0.0033573 -3.0115e-05 -0.000612591 -0.000686943 -0.000322393 0.0109779 0.0119782 0.000200164 0.000171693 -0.00568634 0.000206581 0.00681462 0.013175 0.000166092 -0.00556095 0.000216137 0 -0.000413244 0.000308067 -0.00119375 0.0167968 -0.00252169 0.00777316 0.011584 0.00636883 0.00301457 0.0208318
internal_weight=312412 7976 1070 6906 304436 86616 86150 72026 529 466 217820 217064 1215 215849 1249 727 214600 1788 212812 761 71497 36964 34533 398 14124 756 582 2804 1633 245
internal_count=312412 7976 1070 6906 304436 86616 86150 72026 529 466 217820 217064 1215 215849 1249 727 214600 1788 212812 761 71497 36964 34533 398 14124 756 582 2804 1633 245
is_linear=0
shrinkage=0.03


Tree=34
num_leaves=31
num_cat=0
split_feature=41 297 156 113 116 11 239 176 230 205 48 53 282 227 235 104 58 179 23 90 121 33 140 165 96 115 224 107 41 118
split_gain=48.5686 74.4513 54.604 68.1322 96.3795 64.2062 132.33 93.2781 60.9742 57.1604 55.7774 55.9757 79.9397 62.4725 55.9719 53.6446 48.6488 47.6563 46.6078 90.5281 45.9943 45.2553 44.4091 37.9674 35.3192 33.9765 33.2275 34.8242 29.9623 26.6041
threshold=-3.9510214328765865 -3.0865808725357051 -2.4469320774078365 -2.2355248928070064 -2.7626839876174922 -3.0252579450607295 -2.7062350511550899 1.0623088479042055 -3.0159202814102168 -1.2293767929077146 -2.2930871248245235 -1.6874227523803709 -2.3354402780532832 0.16115334630012515 -1.898023724555969 -1.9293991923332212 -1.0804652571678159 0.96152639389038097 -3.0066514015197749 -2.8645658493041988 -1.0625213384628294 -0.85249730944633473 -0.73152810335159291 -1.4905082583427427 -1.4971450567245481 -0.60181951522827137 -2.4888519048690791 -2.5350533723831172 -2.6138273477554317 -2.4907934665679927
decision_type=2 2 2 2 2 2 2 2 2 2 2 2 2 2 2 2 2 2 2 2 2 2 2 2 2 2 2 2 2 2
left_child=1 -1 3 26 -5 6 23 9 -6 22 15 12 20 -14 16 -7 -13 -3 28 -20 -12 -16 -8 -4 -9 29 27 -2 -10 -17
right_child=2 17 5 4 8 10 7 24 18 -11 11 14 13 -15 21 25 -18 -19 19 -21 -22 -23 -24 -25 -26 -27 -28 -29 -30 -31
leaf_value=-0.016524014202566672 -0.0019127543121852148 -0.0074303873725094132 0 0.030891924381327745 0.017743311699887271 0.00092931390690560711 -0.019100464097614095 -0.0042155834431082152 0.00021687999438575428 0.0014168300052469004 -0.0035761505840467599 -0.00041710989161459377 -0.002558226054216585 0.0069900745527300759 -0.00097167658028506022 0 0.0069631950567872426 0.0065036844229725832 -0.0083315747659161096 0.0040659013782188445 -0.027439600972148277 0.00013242007531929871 0 0.020991872982072109 0.015194427169603751 -0.0011539657088141518 0.0064307888614730186 -0.016507701036049524 0.014230182039158535 0.012275709270012904
leaf_weight=384 1263 438 108 110 264 2751 810 138 256 147 191 1244 7596 638 38551 152 1921 400 661 2284 160 249354 102 155 133 221 305 162 460 974
leaf_count=384 1263 438 108 110 264 2751 810 138 256 147 191 1244 7596 638 38551 152 1921 400 661 2284 160 249354 102 155 133 221 305 162 460 974
internal_value=3.8871e-06 -0.00591568 2.84813e-05 0.00291633 0.00506521 -2.52469e-05 -0.00599499 -0.00996747 0.00411242 -0.0140081 5.46583e-06 -4.11971e-05 -0.00242623 -0.0017669 2.82796e-05 0.00347405 0.00398378 -0.000433065 0.00295691 0.0011447 -0.0161555 -1.44358e-05 -0.0167933 0.0123186 0.00466902 0.00836211 -0.00192483 -0.0039851 0.00976949 0.0104791
internal_weight=312333 1222 311111 5765 4035 305346 1593 1330 3925 1059 303753 299655 8585 8234 291070 4098 3165 838 3661 2945 351 287905 912 263 271 1347 1730 1425 716 1126
internal_count=312333 1222 311111 5765 4035 305346 1593 1330 3925 1059 303753 299655 8585 8234 291070 4098 3165 838 3661 2945 351 287905 912 263 271 1347 1730 1425 716 1126
is_linear=0
shrinkage=0.03


Tree=35
num_leaves=31
num_cat=0
split_feature=137 239 294 122 98 109 287 215 109 253 292 57 170 118 103 57 298 53 94 268 175 101 31 119 146 8 101 113 81 58
split_gain=49.2909 55.3258 62.0908 52.3012 105.843 65.0522 51.9729 49.7713 77.92 76.7092 71.0222 48.0793 45.9756 49.4144 44.5812 42.8611 84.3911 57.6796 56.4749 85.152 54.3281 55.6518 46.4631 43.854 43.5879 42.8374 40.8512 45.1142 40.1015 53.3966
threshold=1.7532310485839846 -1.5797343850135801 -1.4017283320426939 0.34856815636157995 -2.1896699666976924 -2.6791043281555171 0.25677214562892919 -0.34188397228717798 0.48425543308258062 -0.71594083309173573 0.14437638968229297 -0.75627306103706349 -0.1209384724497795 -0.89656481146812428 -1.0850645303726194 -0.12517306208610532 1.2668995261192324 2.0935382843017583 1.0612254142761233 -0.54110649228095997 2.646155953407288 -3.8977274894714351 0.56508257985115062 0.55627521872520458 1.2380510568618777 0.77612996101379406 1.1378499269485476 -0.063578467816114412 1.7287910580635073 3.9014128446578984
decision_type=2 2 2 2 2 2 2 2 2 2 2 2 2 2 2 2 2 2 2 2 2 2 2 2 2 2 2 2 2 2
left_child=3 -2 6 15 11 14 -3 8 25 -9 -11 -5 13 -4 -6 16 17 20 22 -20 21 -1 24 -24 -17 -7 -21 -28 -14 -30
right_child=1 2 12 4 5 7 -8 9 -10 10 -12 -13 28 -15 -16 18 -18 -19 19 26 -22 -23 23 -25 -26 -27 27 -29 29 -31
leaf_value=-0.0086410207268759597 0.006269785737352253 0 -0.0065296932886685088 0.027464390555396675 -0.0019454145629945864 -0.0024403322831141679 0.018772007923648359 0.019918345784585626 0.0046741486576791866 0.00049564764093897398 -0.0014232288620250313 0.0025778592219858456 0.0033489667429908512 0.010148906097173175 0.017963451439895296 0.00056124335231504119 -0.017241865892594264 -0.012075318831006519 0.02246037776798377 -0.00014773299262862117 0.018133115638689749 -0.00015931409664044079 0 -0.0040250398542202191 0.0095181415040391463 -0.0073075876980136078 0.017065097298305614 0.0037339638971842148 -0.0024343321485017183 0.010804636444985629
leaf_weight=683 2155 245 166 150 114 6076 290 143 1035 29192 42155 178 1775 720 259 102231 244 350 193 2170 125 99810 6441 3846 476 2410 258 2372 5574 262
leaf_count=683 2155 245 166 150 114 6076 290 143 1035 29192 42155 178 1775 720 259 102231 244 350 193 2170 125 99810 6441 3846 476 2410 258 2372 5574 262
internal_value=-1.87803e-06 0.00195066 0.000875416 -7.55895e-05 -0.000723965 -0.000797878 0.0106089 -0.000860184 -0.00290352 -0.000583123 -0.000633988 0.0157453 0.000203865 0.00661773 0.011326 0.000164785 -0.000286168 -0.000238816 0.000554148 0.00367769 -0.00019227 -0.000221653 0.000412843 -0.00149914 0.00060752 -0.00387182 0.00277017 0.00527386 -0.000518851 -0.00175388
internal_weight=312098 11187 9032 300911 81712 81384 535 81011 9521 71490 71347 328 8497 886 373 219199 101212 100968 117987 4993 100618 100493 112994 10287 102707 8486 4800 2630 7611 5836
internal_count=312098 11187 9032 300911 81712 81384 535 81011 9521 71490 71347 328 8497 886 373 219199 101212 100968 117987 4993 100618 100493 112994 10287 102707 8486 4800 2630 7611 5836
is_linear=0
shrinkage=0.03


Tree=36
num_leaves=31
num_cat=0
split_feature=134 171 198 114 98 186 225 119 118 225 235 58 94 50 70 58 233 115 234 115 2 151 222 142 236 52 48 34 54 19
split_gain=48.5626 40.3025 73.2013 56.4283 60.3998 51.8898 51.7354 58.3272 50.7209 50.1852 49.2438 52.3185 73.2627 57.3702 69.0743 64.9852 45.7806 45.725 44.1384 43.0155 42.4306 96.4645 42.8689 67.4567 53.8539 62.7532 47.5226 45.8071 42.8586 41.2806
threshold=3.2478951215744023 0.23796485364437106 1.678254306316376 -1.3566684126853941 -2.7798380851745601 -2.7939349412918086 -4.1120736598968497 2.521271944046021 0.77079588174819957 -0.79212734103202809 0.73209041357040416 1.0764563083648684 -1.9363358020782468 0.74536019563674938 -1.3624809980392454 -0.50873267650604237 0.60354337096214306 -1.3140187263488767 -1.505185008049011 -0.60181951522827137 -2.740108728408813 -0.61646875739097584 1.3156120181083681 0.61482271552085888 1.1012930870056155 0.8355567753314973 2.5191279649734502 0.37415088713169103 3.0206404924392705 -2.369643926620483
decision_type=2 2 2 2 2 2 2 2 2 2 2 2 2 2 2 2 2 2 2 2 2 2 2 2 2 2 2 2 2 2
left_child=1 2 3 6 18 17 -1 8 -8 -4 11 13 -13 15 19 -3 -7 -6 -5 -15 21 -12 23 28 26 -26 -24 -25 -22 -14
right_child=-2 10 9 4 5 16 7 -9 -10 -11 20 12 29 14 -16 -17 -18 -19 -20 -21 22 -23 24 27 25 -27 -28 -29 -30 -31
leaf_value=-0.0084945561145987301 0.0063263634990665361 -0.003686105546919863 -0.0053736670195775205 -0.0084023142950609316 0.0056362059021415976 0.00044713039078579859 -0.00084895568344233797 0.0082399177606076075 -0.0076621045935072367 0.0069974464342704859 -0.0074519015298967518 0.017876066181447301 -0.017816066849045454 -0.0039422446185871643 4.9340161767965179e-05 -0.00072640127536353915 -0.0022491581894491901 -0.0084724845319009753 0.008067477501658574 0.0094727005596398715 0.00075327346224864956 0.023006323903412392 0.005918116235782445 0.0021927845869071229 -0.0092462293459941013 0.0011363550011821886 -0.0045619054022584182 -0.0029272681196394978 -0.0096692801942313156 -0.0036604972468450847
leaf_weight=840 1072 8836 298 130 216 165851 20005 579 1032 2176 128 114 187 218 19754 28883 5817 1028 1362 1125 24382 204 3386 1774 552 6046 392 10234 337 5654
leaf_count=840 1072 8836 298 130 216 165851 20005 579 1032 2176 128 114 187 218 19754 28883 5817 1028 1362 1125 24382 204 3386 1774 552 6046 392 10234 337 5654
internal_value=1.04744e-05 -1.07002e-05 0.000244312 0.000178012 0.000361633 0.00030757 -0.00123378 -0.00093017 -0.00120439 0.00535588 -0.000466366 -0.00100505 -0.00369242 -0.000726693 0.000515397 -0.00142927 0.000353767 -0.00573498 0.00634187 0.00704915 0.000262976 0.0106549 0.000178872 -0.000295341 0.0018836 0.000197082 0.00473344 -0.00214353 0.000591352 -0.00422412
internal_weight=312612 311540 199334 196860 174404 172912 22456 21616 21037 2474 112206 64771 5955 58816 21097 37719 171668 1244 1492 1343 47435 332 47103 36727 10376 6598 3778 12008 24719 5841
internal_count=312612 311540 199334 196860 174404 172912 22456 21616 21037 2474 112206 64771 5955 58816 21097 37719 171668 1244 1492 1343 47435 332 47103 36727 10376 6598 3778 12008 24719 5841
is_linear=0
shrinkage=0.03


Tree=37
num_leaves=31
num_cat=0
split_feature=29 171 203 230 109 179 282 186 205 240 111 211 230 234 113 281 226 199 196 232 120 30 32 227 185 262 104 1 60 218
split_gain=52.3931 44.2521 67.7916 56.1031 83.7364 65.8064 67.9411 55.3894 128.595 56.2638 62.4405 62.9904 59.6319 49.6636 47.1957 48.0931 45.8446 44.8047 42.9286 42.7708 51.1035 41.5976 48.4654 48.6103 41.3748 40.8902 40.5776 39.8891 39.032 38.302
threshold=2.4739102125167851 0.23796485364437106 1.4675888419151308 -0.33070074021816248 -0.44211384654045099 0.58899354934692394 0.6661067306995393 -2.2560644149780269 -1.0556617379188535 -1.989347457885742 0.16757810115814212 -1.5197586417198179 -0.380568116903305 -2.4612758159637447 0.76737886667251598 1.2670850753784182 0.92464503645896923 -0.42100499570369715 0.86351126432418834 0.82667705416679393 -2.202653050422668 1.6737262606620791 0.52172857522964489 -0.90713688731193531 -0.065628547221422182 1.0323435068130495 -0.072555642575025545 -1.8517401218414304 1.0890994668006899 1.6624180078506472
decision_type=2 2 2 2 2 2 2 2 2 2 2 2 2 2 2 2 2 2 2 2 2 2 2 2 2 2 2 2 2 2
left_child=1 2 3 4 5 6 -1 8 9 10 12 -12 -3 -7 15 18 29 -10 25 27 -21 22 23 -5 -20 -9 -4 -16 -22 -17
right_child=-2 7 26 21 -6 13 -8 14 17 -11 11 -13 -14 -15 19 16 -18 -19 24 20 28 -23 -24 -25 -26 -27 -28 -29 -30 -31
leaf_value=-0.00023384607439035649 0.0036255173328293522 -0.0044912776052431786 -0.001111842960018986 0.0059746173866639897 -0.0020898434899140395 -0.0025379132794204652 -0.0096003657311156312 -0.0011537184773789593 0.0093352103940494424 0.014331348269186877 0.0013884481567796078 -0.011498379989256772 0.016698710566225388 0.0025721510077203963 0.011784647954184681 -0.010536953134275832 -0.0019727263118122346 0.029973983594309538 0.018438162530665513 -0.01510152876986217 0.00025247170906052426 0.010575326688097625 -0.0009588273559840828 0.00078467778420856734 0.00069936565247213109 -0.0066700485082909367 0.0061289432630905246 0.0015462555189300065 -0.0019176570128694576 0
leaf_weight=64316 3480 177 843 1660 20289 1903 687 44121 641 183 556 723 240 12728 353 1286 3707 130 102 191 30671 362 14869 78410 8379 1252 2681 7371 9775 357
leaf_count=64316 3480 177 843 1660 20289 1903 687 44121 641 183 556 723 240 12728 353 1286 3707 130 102 191 30671 362 14869 78410 8379 1252 2681 7371 9775 357
internal_value=-2.28606e-05 -6.5157e-05 0.000201103 0.000124859 -0.000369865 6.4996e-05 -0.000340375 -0.000547967 0.00370385 -0.000409375 -0.00232323 -0.00573022 0.00722399 0.00188447 -0.000656174 -0.00122412 -0.00394973 0.0138643 -0.000946415 3.31284e-05 -0.000349786 0.000646693 0.000603457 0.000897486 0.000990875 -0.00131541 0.00431568 0.00208213 -0.000265281 -0.00815256
internal_weight=312443 308963 198748 195224 99923 79634 65003 110215 2650 1879 1696 1279 417 14631 107565 59204 5350 771 53854 48361 40637 95301 94939 80070 8481 45373 3524 7724 40446 1643
internal_count=312443 308963 198748 195224 99923 79634 65003 110215 2650 1879 1696 1279 417 14631 107565 59204 5350 771 53854 48361 40637 95301 94939 80070 8481 45373 3524 7724 40446 1643
is_linear=0
shrinkage=0.03


Tree=38
num_leaves=31
num_cat=0
split_feature=57 298 168 115 112 209 116 165 164 56 239 195 119 74 230 146 192 97 178 116 52 299 119 231 89 42 224 114 205 210
split_gain=48.2215 74.2302 58.9505 97.5183 86.4819 78.484 141.106 65.0656 63.0422 54.7181 53.4689 52.2391 51.2931 50.4216 50.2749 49.0906 65.274 48.9168 47.3758 59.3835 64.4868 86.1868 62.7551 61.0159 78.0794 72.9555 57.0755 53.7168 52.4755 63.8945
threshold=-0.12517306208610532 1.2668995261192324 -0.83921650052070607 -1.2836856842041013 -3.3100200891494747 -1.1248246431350706 -2.5053604841232295 -0.5022296905517577 -1.1559762954711912 -1.615490138530731 -1.7579826116561887 -1.7098953127861021 2.521271944046021 1.5306330919265749 -0.58588144183158863 0.23283994197845462 0.59748250246047985 0.86268204450607311 0.74075323343276989 1.5236426591873171 -1.5863003730773924 0.040009133517742164 0.3910802304744721 -0.80355352163314808 -0.88722997903823841 -1.69801789522171 2.084909319877625 -2.0845061540603633 -1.7204375863075254 -0.60476878285408009
decision_type=2 2 2 2 2 2 2 2 2 2 2 2 2 2 2 2 2 2 2 2 2 2 2 2 2 2 2 2 2 2
left_child=1 2 3 8 -5 6 -4 -8 12 -6 -10 -9 -1 15 -11 17 -17 -7 26 20 21 -20 -21 -22 -25 -26 28 -23 -2 -30
right_child=18 -3 5 4 9 13 7 11 10 14 -12 -13 -14 -15 -16 16 -18 -19 19 22 23 27 -24 24 25 -27 -28 -29 29 -31
leaf_value=-0.0030653511832273053 0.0040964362726381865 -0.015209969952337298 0.023056714845056822 0.025386689507461094 0.0076190058823115909 0 -0.0016158637003834374 -0.0026563320265298668 0.0071774693265531974 0.00077405123143755152 -0.00019914376023258071 -0.010186618301561114 0.01075811169372173 0.0025134953244361448 0.0054884837458459923 -0.0029226861061155711 -0.00010866519552319604 -0.0057381849566501743 -0.0057961850146382452 -0.002942190934182895 -0.0047897980895461939 0.0017328735481281705 0.0023027480380528637 0.00290430408361594 0.01532196775692877 -0.0015729524181715394 0.0078532808543006691 0.015655568747602936 -0.0011491917511243586 0.00076552223305930203
leaf_weight=9138 3714 286 153 123 1357 55038 4561 1592 1130 17143 3517 2127 220 4674 2339 16420 13940 1350 437 2478 4023 531 10701 4254 209 28314 967 577 18388 102646
leaf_count=9138 3714 286 153 123 1357 55038 4561 1592 1130 17143 3517 2127 220 4674 2339 16420 13940 1350 437 2478 4023 531 10701 4254 209 28314 967 577 18388 102646
internal_value=1.18095e-06 -0.000424754 -0.000388914 0.00066634 0.00196616 -0.000761504 -0.0035332 -0.00411505 -0.00125781 0.00178934 0.0015534 -0.0070748 -0.00268613 -0.000501838 0.0013605 -0.000668304 -0.00164141 -0.000138659 0.000327572 -0.000434987 -0.00103634 0.00488967 0.00129087 -0.0012958 -0.000855149 -0.001428 0.000642511 0.00939822 0.000582961 0.000472011
internal_weight=312347 135108 134822 34967 20962 99855 8433 8280 14005 20839 4647 3719 9358 91422 19482 86748 30360 56388 177239 51524 38345 1545 13179 36800 32777 28523 125715 1108 124748 121034
internal_count=312347 135108 134822 34967 20962 99855 8433 8280 14005 20839 4647 3719 9358 91422 19482 86748 30360 56388 177239 51524 38345 1545 13179 36800 32777 28523 125715 1108 124748 121034
is_linear=0
shrinkage=0.03


Tree=39
num_leaves=31
num_cat=0
split_feature=179 55 113 55 210 178 238 196 168 248 226 174 4 54 297 105 264 172 177 117 119 58 239 114 91 357 37 48 39 53
split_gain=37.3772 46.3837 60.1135 42.3377 87.9214 62.8097 59.4092 65.4057 61.3556 51.2673 50.4629 61.171 48.1824 40.1409 39.016 55.6533 37.1454 33.4148 32.5718 31.3422 29.6098 50.8836 34.9986 49.9676 39.0295 27.7206 26.781 25.6487 25.5447 19.8927
threshold=4.3648841381073007 3.6897475719451909 2.6446996927261357 1.7501514554023745 -2.0405243635177608 0.95163616538047802 0.32293914258480078 1.6701425909996035 0.34701582789421087 -3.2059972286224361 1.55837619304657 0.50162023305892955 -2.9131501913070674 0.52850189805030834 -0.77332252264022816 -1.080322206020355 1.6663849353790285 2.0741533041000371 2.7316026687622075 3.0776884555816655 0.80802321434021007 -1.2069734334945676 -1.5797343850135801 1.5214805603027346 1.4392352104187014 -0.012979095336049793 2.7523181438446049 3.4186106920242314 1.9247744679450991 2.6340934038162236
decision_type=2 2 2 2 2 2 2 2 2 2 2 2 2 2 2 2 2 2 2 2 2 2 2 2 2 2 2 2 2 2
left_child=1 3 18 5 13 6 7 8 -1 -7 11 -8 -11 -5 25 19 -12 -14 -3 -16 21 -6 24 -24 -22 -2 -23 -4 -9 -17
right_child=14 2 27 4 20 9 10 28 -10 12 16 -13 17 -15 15 29 -18 -19 -20 -21 22 26 23 -25 -26 -27 -28 -29 -30 -31
leaf_value=-2.1450064865411537e-05 0.0028019360281763984 0 -0.0058208105591445293 -0.00021580427527427673 0.0075404098282607851 -0.014927836653220618 0.0011436676842356056 0.0018808344539750334 -0.0013405967641396386 0.012882390283822424 0.0082035797696803255 -0.00074693835971077619 -0.0015860746813510863 0.017854415642796082 0.017297001164684699 0.0052153908531167225 -0.001552826503464275 0.0029145817587733665 -0.021054687649258427 0 0 -0.001306965571511 0.0060349097610468052 0 0.020080262452662527 -0.010048958027300679 -0.011993188623448047 0.0078843677929929783 0.0072243732406263245 -0.0017865887008749319
leaf_weight=142313 263 106 254 105 543 233 57296 4091 41001 192 1341 20847 28716 412 432 795 401 1503 263 121 101 3259 1784 3616 189 258 219 202 1093 564
leaf_count=142313 263 106 254 105 543 233 57296 4091 41001 192 1341 20847 28716 412 432 795 401 1503 263 121 101 3259 1784 3616 189 258 219 202 1093 564
internal_value=-3.26765e-06 -3.34046e-05 -0.00705323 -1.32529e-05 0.00188162 -7.91903e-05 6.67004e-05 -0.000222646 -0.000318248 -0.00136591 0.000753087 0.000635391 -0.0012424 0.0137544 0.00368428 0.00571335 0.00579531 -0.00135053 -0.0157208 0.0136667 0.00119173 -0.000719293 0.00259253 0.00195574 0.0125911 -0.00314355 -0.00213034 0 0.00308855 0.00210818
internal_weight=312513 310080 825 309255 10228 299027 268383 188498 183314 30644 79885 78143 30411 517 2433 1912 1742 30219 369 553 9711 4021 5690 5400 290 521 3478 456 5184 1359
internal_count=312513 310080 825 309255 10228 299027 268383 188498 183314 30644 79885 78143 30411 517 2433 1912 1742 30219 369 553 9711 4021 5690 5400 290 521 3478 456 5184 1359
is_linear=0
shrinkage=0.03


Tree=40
num_leaves=31
num_cat=0
split_feature=298 51 239 229 118 239 55 175 347 51 33 107 86 50 287 128 41 292 140 176 104 57 239 156 331 2 226 309 45 297
split_gain=48.6349 37.4858 99.825 63.2267 44.5877 43.8151 47.0544 46.0627 48.7727 43.0459 38.7263 86.5392 70.3034 62.1564 43.6964 40.007 37.6647 37.0452 42.6091 34.1419 33.2037 26.5714 25.6159 25.17 21.4807 20.8728 20.7304 20.5356 20.5281 32.6555
threshold=-3.9734975099563594 2.078789591789246 0.11503154784440996 1.8806517720222475 1.226465702056885 0.63231787085533153 3.6897475719451909 2.4359329938888554 -0.011857895180582998 0.26514960825443273 -1.2974705696105955 -0.27928461134433741 -1.5374633669853208 -1.9218578338623045 1.2204182147979739 -0.79916751384735096 3.3065898418426518 -1.4119643568992613 -1.6663579344749448 -1.1038646697998045 -0.160035565495491 0.241839274764061 -1.1684080958366392 0.41759583353996282 -0.011220572516322134 -0.61148059368133534 2.4146010875701909 -0.023452413268387314 1.1735781431198122 2.4385898113250737
decision_type=2 2 2 2 2 2 2 2 2 2 2 2 2 2 2 2 2 2 2 2 2 2 2 2 2 2 2 2 2 2
left_child=17 3 20 5 26 6 7 9 -9 -2 11 12 -7 -12 -13 -15 21 18 -1 -19 24 -4 -6 -22 -3 -20 -5 -25 -23 -30
right_child=1 2 16 4 22 10 -8 8 -10 -11 13 14 -14 15 -16 -17 -18 19 25 -21 23 28 -24 27 -26 -27 -28 -29 29 -31
leaf_value=-0.0077791354830540563 2.7263591295057435e-05 0.0019886935520302151 -0.010040798078125883 -0.0026874340733488984 0.0033691128883965131 0.0041089466684385428 -0.013387531675531396 0.0093216442398785342 -0.00077396138615282335 -0.00089481275194229363 0.01518065633122432 -0.013039821097220482 -0.0046283322950890311 0.0025449892407184128 0.0027448464187842165 0.00042922538068442602 0.0076958805918412093 -0.021437700375536224 0.010265316353397792 0 -0.0013502463638943322 0.0034850860053530822 -0.0098106368831850435 0 0.019890721476739898 -0.0027015555565275493 0.0048511545321689581 0.0069942439401027498 0.00013073999614986461 -0.006849775777936073
leaf_weight=543 149696 139 352 1780 103 1789 225 913 701 65118 249 782 1508 9180 152 70338 344 204 236 115 465 581 1186 541 233 135 362 2139 1393 945
leaf_count=543 149696 139 352 1780 103 1789 225 913 701 65118 249 782 1508 9180 152 70338 344 204 236 115 465 581 1186 541 233 135 362 2139 1393 945
internal_value=-2.18446e-05 9.40239e-07 0.00214868 -4.85849e-05 -0.0040862 -1.24152e-06 -0.000227741 -0.000211439 0.00479747 -0.000250912 0.000579306 -0.00219356 1.83879e-05 0.000730657 -0.0101529 0.000677831 -0.00128326 -0.00592048 -0.00232385 -0.0145955 0.00574838 -0.00235975 -0.00849292 0.00454454 0.0144096 0.00488281 -0.00124155 0.00568087 -0.0012694 -0.00259767
internal_weight=312447 311214 7132 304082 3431 300651 216653 216428 1614 214814 83998 4231 3297 79767 934 79518 3615 1233 914 319 3517 3271 1289 3145 372 371 2142 2680 2919 2338
internal_count=312447 311214 7132 304082 3431 300651 216653 216428 1614 214814 83998 4231 3297 79767 934 79518 3615 1233 914 319 3517 3271 1289 3145 372 371 2142 2680 2919 2338
is_linear=0
shrinkage=0.03


Tree=41
num_leaves=31
num_cat=0
split_feature=90 267 53 218 63 159 169 179 294 159 57 161 172 12 182 39 132 291 238 104 60 38 173 51 16 114 232 228 238 218
split_gain=49.5807 49.895 40.3181 64.5164 69.1184 65.052 65.4053 52.5409 71.3543 49.336 48.0693 45.2287 43.3428 46.6144 45.8471 38.6665 35.8235 40.1727 35.3243 35.1488 35.1148 33.0943 32.7605 37.0241 29.96 29.293 57.8882 83.3768 50.8693 41.793
threshold=2.1541248559951787 2.2953727245330815 -1.5800071954727171 -2.0617436170577998 -0.83916431665420521 -1.6587196588516233 -2.052457213401794 0.70314538478851329 -0.94940331578254689 -2.1396043300628658 -1.096995413303375 0.10777474567294122 -1.1151317954063413 0.8773171901702882 0.22745406627655032 -1.8729535341262815 1.7405195832252505 -2.2305650711059566 -0.6184515357017516 -0.74942389130592335 0.44621700048446661 0.3846947848796845 2.3563617467880253 0.5144772231578828 -0.50042709708213795 0.0090446346439421194 1.8179401159286501 1.6153459548950198 0.27518905699253088 1.6624180078506472
decision_type=2 2 2 2 2 2 2 2 2 2 2 2 2 2 2 2 2 2 2 2 2 2 2 2 2 2 2 2 2 2
left_child=1 2 12 4 7 20 10 19 -9 24 -7 -8 13 14 15 -1 17 -15 -11 -4 -5 -16 23 -3 -6 28 27 -27 -2 -28
right_child=25 22 3 5 9 6 11 8 -10 18 -12 -13 -14 16 21 -17 -18 -19 -20 -21 -22 -23 -24 -25 -26 26 29 -29 -30 -31
leaf_value=-0.0025023970043009883 0.003071286138785522 0 0.00050818107104488614 -0.0039992544741235987 0.0086822908511699961 -0.00042253722717073194 0.00039620832899203647 -0.0049252582820227897 0.0081101558751934932 0.020564573789043805 0.013042886963121059 -0.00037642372648277359 -0.0053283112929348583 0.019524199091844881 -0.0077929458459339339 0.00094989843339060673 -0.0035430947854678996 0.0035118594023600238 0.0070464356899253905 -0.0066086588115713959 0.0076313468710483079 0.0056963257847396148 0.0055895406557374371 -0.014621715530647521 -0.0023497770684213072 0.0025948189219207256 -0.0033827310324783702 -0.0088394957623914704 0.018410757267896673 0.0070851226063098176
leaf_weight=5385 879 230 3251 4670 350 323 153570 448 1596 349 586 122442 2229 205 1353 6182 262 598 600 738 211 145 108 465 473 1529 367 875 265 1817
leaf_count=5385 879 230 3251 4670 350 323 153570 448 1596 349 586 122442 2229 205 1353 6182 262 598 600 738 211 145 108 465 473 1529 367 875 265 1817
internal_value=4.32543e-05 -7.51187e-06 1.13508e-05 9.42124e-05 0.00278147 1.85274e-05 8.0216e-05 0.00118187 0.00508769 0.00798612 0.00802913 5.23709e-05 -0.00143557 -0.000793631 -0.00130638 -0.000632967 0.00512822 0.00833934 0.0126492 -0.000760066 -0.00340617 -0.00623177 -0.00738487 -0.00992057 0.00208067 0.00280293 0.0016307 -0.00148184 0.00713759 0.00517525
internal_weight=312501 306769 305966 289607 7805 281802 276921 6033 2044 1772 909 276012 16359 14130 13065 11567 1065 803 949 3989 4881 1498 803 695 823 5732 4588 2404 1144 2184
internal_count=312501 306769 305966 289607 7805 281802 276921 6033 2044 1772 909 276012 16359 14130 13065 11567 1065 803 949 3989 4881 1498 803 695 823 5732 4588 2404 1144 2184
is_linear=0
shrinkage=0.03


Tree=42
num_leaves=31
num_cat=0
split_feature=51 239 109 237 224 102 164 58 199 194 55 235 276 216 139 163 82 210 227 49 111 108 138 90 263 49 151 236 48 130
split_gain=30.7703 92.4795 57.8888 52.758 51.1429 50.5592 61.9217 58.9579 57.4817 55.7186 48.4657 69.1937 46.4229 45.0629 39.8418 60.2097 43.3192 39.1812 37.4726 46.2666 41.2111 51.8645 45.6477 37.3552 36.6897 33.1225 32.8198 27.0082 26.7864 26.5094
threshold=2.078789591789246 0.0095094372518360632 1.6686307191848757 1.8955023884773257 1.1161520481109621 0.032753864303231246 1.6182510852813723 -0.95155662298202504 -0.17256566137075421 1.3412593603134157 -0.4023315161466598 -0.33614875376224512 0.69654884934425365 -0.43360716104507441 0.24058229476213458 1.1692363023757937 -0.97277885675430287 1.5537089109420779 0.24536772072315219 0.28505550324916845 0.37938709557056433 1.2643786668777468 2.0694952011108403 -0.056456580758094781 0.91898393630981456 -0.53393700718879689 0.60690402984619152 1.8589255809783938 2.5191279649734502 -2.2608637809753414
decision_type=2 2 2 2 2 2 2 2 2 2 2 2 2 2 2 2 2 2 2 2 2 2 2 2 2 2 2 2 2 2
left_child=2 29 4 14 5 6 9 8 26 13 17 -12 -11 -1 16 -16 28 -9 19 -6 -20 22 -22 27 -23 -10 -7 -3 -4 -2
right_child=1 23 3 -5 18 7 -8 10 25 12 11 -13 -14 -15 15 -17 -18 -19 20 -21 21 24 -24 -25 -26 -27 -28 -29 -30 -31
leaf_value=-0.00026532226621823676 0.018322642583154001 -0.012679483423911364 -0.0058381603829278554 -0.0093146783496408578 0.0013588297767760556 -0.0052701458404829276 -0.013143449512681047 0.00070722921061034901 -0.0056039278097473316 0.0074957684600698519 -0.0046779432588144043 -0.00046313649168635114 -0.0020396677097215335 0.00072632359670825309 -0.01040117747501389 -0.0014669202157882746 0.0050227888694057646 0.0069613423849380239 0.004974365308750452 -0.011680144299744694 -0.0010896098632633411 0.0058265701387917035 0.0083183714716479444 0 0.0011049363376844253 -0.00041683658345875865 -0.017222045469595479 0.00026659172946618418 0.0067208493109711717 0.0047951641834692504
leaf_weight=84676 139 375 752 927 497 2266 289 16903 1372 1672 3669 80778 560 79874 854 3646 1342 951 3204 400 7290 2705 472 3263 3707 6279 249 159 153 3254
leaf_count=84676 139 375 752 927 497 2266 289 16903 1372 1672 3669 80778 560 79874 854 3646 1342 951 3204 400 7290 2705 472 3263 3707 6279 249 159 153 3254
internal_value=2.87125e-06 0.00194087 -4.18839e-05 -0.00261147 2.34925e-05 -7.60503e-05 0.000253728 -0.000568565 -0.00274952 0.000280314 -0.000348409 -0.000650875 0.00497328 0.000214238 -0.00162135 -0.00326734 0.00154243 0.00106456 0.00156093 -0.00425643 0.001883 0.00115704 -0.000459061 -0.00121011 0.0031554 -0.0013983 -0.00669834 -0.00841277 -0.00329119 0.00554136
internal_weight=312677 7190 305487 7674 297813 279538 167071 112467 10166 166782 102301 84447 2232 164550 6747 4500 2247 17854 18275 897 17378 14174 7762 3797 6412 7651 2515 534 905 3393
internal_count=312677 7190 305487 7674 297813 279538 167071 112467 10166 166782 102301 84447 2232 164550 6747 4500 2247 17854 18275 897 17378 14174 7762 3797 6412 7651 2515 534 905 3393
is_linear=0
shrinkage=0.03


Tree=43
num_leaves=31
num_cat=0
split_feature=150 102 97 225 178 238 151 208 228 145 39 205 93 115 49 170 278 285 87 169 107 202 341 147 231 193 64 301 315 82
split_gain=35.9497 38.0395 69.92 70.8419 57.9957 55.7976 84.1021 61.1117 53.0778 52.4086 52.3608 48.2577 58.8169 54.6888 47.794 46.8985 42.2212 45.8619 38.9947 36.5617 51.4646 41.1224 35.3553 34.4283 33.2615 28.738 33.8941 31.8645 23.8345 24.896
threshold=2.3322987556457524 -0.046559896320104592 -0.48087085783481592 0.28472344577312475 -2.575158834457397 2.02001965045929 0.66417622566223156 -2.8822517395019527 -2.5716489553451534 0.67317676544189464 -1.4618967175483701 -1.2015476822853086 0.39448140561580664 -1.2836856842041013 -0.46238605678081507 -2.514724493026733 -0.77102395892143238 -0.5864291489124297 -0.90712830424308766 -0.51427289843559254 -0.17478380352258679 -2.837921023368835 -0.0083606638945639116 0.96548929810523998 -0.70326146483421315 1.5220045447349551 1.7508525252342226 -1.0000000180025095e-35 -0.015445635654032229 3.2475419044494633
decision_type=2 2 2 2 2 2 2 2 2 2 2 2 2 2 2 2 2 2 2 2 2 2 2 2 2 2 2 2 2 2
left_child=1 2 3 5 -3 6 7 -1 9 -4 24 12 13 -12 23 -10 -17 -18 -5 21 -21 -7 -16 -13 -6 -2 27 -27 29 -28
right_child=25 4 8 18 10 19 -8 -9 15 -11 11 14 -14 -15 22 16 17 -19 -20 20 -22 -23 -24 -25 -26 26 28 -29 -30 -31
leaf_value=-0.0039167194432570343 -0.0010568838944079268 -0.011779093299535965 -0.00082885652261551553 -0.009368156027205388 -0.0010286605563199775 0.016267136692255733 -0.014061338838676132 1.170622258082879e-05 -0.016140438822478474 0.022163205395510057 0.0088675669583419391 -0.0027047405177881884 0.011524695618087333 -0.0058691916155499593 -0.00067118235632093791 0.0065253098177058891 -0.00048658838830465594 0.0013730628090540538 -0.00027391869468953122 0.024877186542535994 0 -0.0012737191181434264 0.00026706520370035626 0.0014751060920246647 0.014764380687930888 0.01235607534942277 0.0018089065884103297 -0.0010346859603606422 -0.000417849076101801 0.011636016494185941
leaf_weight=3714 1270 383 111 1166 131 130 375 75141 122 191 211 11121 182 3173 65244 1220 15865 45644 772 179 101 487 80481 1997 316 651 842 154 1322 370
leaf_count=3714 1270 383 111 1166 131 130 375 75141 122 191 211 11121 182 3173 65244 1220 15865 45644 772 179 101 487 80481 1997 316 651 842 154 1322 370
internal_value=-3.34691e-05 -7.37909e-05 0.000278205 -0.000296418 -0.000388761 -0.000154765 -0.000243526 -0.000170462 0.00102951 0.0132542 -0.000358688 -0.00038926 -0.00383824 -0.00481549 -0.00030947 0.000961803 0.00100498 0.000888525 -0.0059385 0.00719245 0.0160039 0.00234583 -0.000150983 -0.00204432 0.00964776 0.00258891 0.00406295 0.00946775 0.0021678 0.00519263
internal_weight=313066 308457 145218 82065 163239 80127 79230 78855 63153 302 162856 162409 3566 3384 158843 62851 62729 61509 1938 897 280 617 145725 13118 447 4609 3339 805 2534 1212
internal_count=313066 308457 145218 82065 163239 80127 79230 78855 63153 302 162856 162409 3566 3384 158843 62851 62729 61509 1938 897 280 617 145725 13118 447 4609 3339 805 2534 1212
is_linear=0
shrinkage=0.03


Tree=44
num_leaves=31
num_cat=0
split_feature=51 239 229 224 171 198 164 57 114 98 119 325 178 149 54 116 54 232 287 48 161 232 230 164 111 280 234 174 103 79
split_gain=33.5041 98.8226 56.8228 38.9826 42.2527 82.4652 60.0984 48.4902 43.5261 72.7806 42.1671 39.3735 37.9343 32.3828 59.9359 42.3061 31.2096 28.3186 27.8484 29.4353 28.9345 44.7215 41.2909 26.7262 29.4513 27.0838 23.7727 28.4376 39.5659 31.1779
threshold=2.078789591789246 0.12365984171628953 1.8806517720222475 1.724909842014313 0.31720902025699621 1.678254306316376 -0.42931814491748804 -1.3804422020912168 -1.3566684126853941 -2.7798380851745601 2.521271944046021 0.0021369421156123285 2.8366019725799565 0.93473631143569957 -0.40501235425472254 -0.48572565615177149 -0.021727431565523144 2.1198010444641118 1.2204182147979739 0.35203793644905096 2.5475225448608403 1.0265220999717715 1.2513700723648074 2.3701903820037846 1.4344354867935183 2.0246822834014897 -0.90661120414733876 2.5955915451049809 2.0364911556243901 -0.74212250113487233
decision_type=2 2 2 2 2 2 2 2 2 2 2 2 2 2 2 2 2 2 2 2 2 2 2 2 2 2 2 2 2 2
left_child=2 26 3 4 5 8 -7 -8 10 -10 -1 13 23 14 -6 -15 -5 -3 19 -18 22 -22 -20 24 -4 -25 -2 29 -29 -28
right_child=1 17 12 16 11 6 7 -9 9 -11 -12 -13 -14 15 -16 -17 18 -19 20 -21 21 -23 -24 25 -26 -27 27 28 -30 -31
leaf_value=-0.0013818705058750262 -0.0065239310769944405 -0.0057884241012708263 0.003273628277891137 -0.0021395465779821959 -0.0041083239489162074 -0.006444690687722473 -0.0029134295458353708 0.008839193686373677 0.0068499239965115789 0.00020886450144316101 0.0056726072409871925 0.0014947710850135357 -0.014864395420563264 0.0024079743585241594 -0.00022797712441953251 -0.0024249965581069001 0.0099886366761505908 9.3265574543216967e-05 0.01011249011510613 -0.0053701221480432354 -0.011941413396879723 0.0059357919279064706 0.0022955472594050116 0.013329914832522846 -0.0054586431921934556 -0.00051141648449993225 0.016558999168252899 -0.0037686450830965394 0.0063491582379440175 0.0061832404717162715
leaf_weight=21863 102 961 351 870 3816 298 321 2029 1481 183328 756 7263 254 1737 58880 16015 118 2581 1319 476 198 263 1369 139 2266 460 373 515 873 1680
leaf_count=21863 102 961 351 870 3816 298 321 2029 1481 183328 756 7263 254 1737 58880 16015 118 2581 1319 476 198 263 1369 139 2266 460 373 515 873 1680
internal_value=-3.04398e-06 0.00203251 -5.1305e-05 -6.38472e-06 -4.98553e-05 0.000179954 0.00542302 0.00709621 0.00011106 0.000264442 -0.00112803 -0.000603606 -0.00385754 -0.000797104 -0.000470173 -0.00193304 0.00272316 -0.00144185 0.0039385 -0.00160448 0.00508228 -0.00129605 0.00628846 -0.00280901 -0.00415773 0.00254277 0.00557868 0.00605974 0.0023818 0.00835465
internal_weight=312955 7085 305870 302400 297787 210076 2648 2350 207428 184809 22619 87711 3470 80448 62696 17752 4613 3542 3743 594 3149 461 2688 3216 2617 599 3543 3441 1388 2053
internal_count=312955 7085 305870 302400 297787 210076 2648 2350 207428 184809 22619 87711 3470 80448 62696 17752 4613 3542 3743 594 3149 461 2688 3216 2617 599 3543 3441 1388 2053
is_linear=0
shrinkage=0.03


Tree=45
num_leaves=31
num_cat=0
split_feature=298 112 156 40 296 175 11 239 177 79 56 345 228 230 283 291 53 222 235 119 171 56 138 112 267 254 239 39 53 38
split_gain=35.5329 58.5157 46.9147 68.4689 51.8832 63.7886 46.7468 117.9 71.5973 54.5996 46.2589 50.4155 41.5783 73.288 61.7196 51.4665 45.5742 74.8168 61.3133 44.2968 42.3383 41.5009 40.8913 47.3227 41.3514 37.6814 33.2809 32.1053 31.3631 27.4988
threshold=-3.9734975099563594 -1.3593050241470335 -2.4469320774078365 -2.0899459123611446 3.0559580326080327 3.3255051374435429 -3.0252579450607295 -2.7062350511550899 1.1338765621185305 -2.6680077314376827 -2.0437959432601924 -0.0094760316424071771 -2.4023617506027217 -3.4948600530624385 -2.0162452459335323 -1.1728630661964414 -1.4928721785545347 -2.3819001913070674 -1.898023724555969 2.19166111946106 -2.2616302967071529 -0.60469484329223622 -1.8713599443435667 -0.49136380851268763 -2.2733930349349971 -1.4150096774101255 0.11503154784440996 -0.20593331009149549 -1.0000000180025095e-35 -1.2983095049858091
decision_type=2 2 2 2 2 2 2 2 2 2 2 2 2 2 2 2 2 2 2 2 2 2 2 2 2 2 2 2 2 2
left_child=1 25 3 4 5 22 7 -4 9 -9 -5 -12 14 -14 19 20 17 -15 -18 29 -16 -11 23 -2 -24 -1 -10 -13 -3 -8
right_child=2 28 6 10 -6 -7 12 8 26 21 11 27 13 16 15 -17 18 -19 -20 -21 -22 -23 24 -25 -26 -27 -28 -29 -30 -31
leaf_value=-0.0052509956131325452 0.0041020342538138225 -0.022657669761460528 0.011794659594418354 0.024602325591512701 -0.014171570424514356 0.01884771862032605 -0.0005231258576771468 -0.017778046900843756 0.01586227701817185 0.0093545851494969898 -0.0052605994323222721 0.012197586017129171 -0.023321742880707756 -0.013490491259219646 0.0021782187971428196 -0.0017253931476904944 0.0048097327058972301 -0.0013279006748365334 -1.9985643947993066e-05 0.010420244116193404 0.014833413838348457 -0.010395433171573331 -0.016880182701878861 -0.003465306622910965 -0.00086503372238085866 0.0073066376779476012 -0.0030952814138228337 -0.002860939650294872 -0.00013109284177930517 -0.013586232540123587
leaf_weight=620 3024 199 272 145 172 168 1804 669 101 132 224 693 102 461 440 349 2365 12294 284344 290 766 216 181 926 705 296 204 110 112 145
leaf_count=620 3024 199 272 145 172 168 1804 669 101 132 224 693 102 461 440 349 2365 12294 284344 290 766 216 181 926 705 296 204 110 112 145
internal_value=-2.29379e-05 -0.00507704 -1.72853e-06 0.00254578 0.000983598 0.00161857 -5.59053e-05 -0.00514899 -0.00898249 -0.0128067 0.00906104 0.00615222 -2.78172e-05 -6.84209e-05 0.00308305 0.00763452 -5.79419e-05 -0.0018114 1.91401e-05 0 0.0105718 -0.00198757 0.000883103 0.00224393 -0.00476828 -0.000803141 0.00284921 0.00975086 -0.0159496 -0.00177547
internal_weight=312529 1227 311302 6348 5176 5004 304954 1594 1322 1017 1172 1027 303360 299566 3794 1555 299464 12755 286709 2239 1206 348 4836 3950 886 916 305 803 311 1949
internal_count=312529 1227 311302 6348 5176 5004 304954 1594 1322 1017 1172 1027 303360 299566 3794 1555 299464 12755 286709 2239 1206 348 4836 3950 886 916 305 803 311 1949
is_linear=0
shrinkage=0.03


Tree=46
num_leaves=31
num_cat=0
split_feature=57 298 171 119 175 163 47 239 25 161 5 179 172 229 179 234 118 294 29 210 28 57 230 112 229 228 50 145 219 108
split_gain=43.1631 88.8087 47.0499 55.3509 51.2191 60.3949 91.9919 63.7069 50.4947 87.0492 61.5209 50.667 44.3535 40.486 39.4084 54.1447 43.4513 56.2579 74.4736 52.7653 59.4985 41.1495 38.9185 47.6021 40.9033 38.7613 64.4272 41.069 37.9568 37.3785
threshold=-0.095871146768331514 1.2668995261192324 0.096343412995338454 2.521271944046021 1.706091642379761 -1.9613054394721983 -1.9686293005943296 0.097968704998493208 -1.1825141310691831 0.13114375621080401 -2.3154666423797603 -0.064573522657155977 -0.67396298050880421 -0.3202004730701446 4.3648841381073007 -2.4612758159637447 0.7853696644306184 1.1753953099250796 -2.2640478610992427 -2.5883401632308956 -0.88961085677146901 0.74811682105064403 0.77149763703346264 1.0837581157684328 -0.40629447996616358 1.2995902299880984 0.9869060516357423 1.4182476997375491 -0.52736029028892506 -2.4996608495712276
decision_type=2 2 2 2 2 2 2 2 2 2 2 2 2 2 2 2 2 2 2 2 2 2 2 2 2 2 2 2 2 2
left_child=1 2 3 4 5 7 -7 -1 9 22 11 -10 -6 -12 15 -2 25 19 -19 -18 -21 -20 24 -24 -4 26 -17 -28 -15 -5
right_child=14 -3 8 29 12 6 -8 -9 10 -11 13 -13 -14 28 -16 16 17 18 21 20 -22 -23 23 -25 -26 -27 27 -29 -30 -31
leaf_value=-0.001733706435022232 -0.0067065072152103335 -0.01647272223184466 0.00012124356423800352 0.019091964848544696 0.0207177001710586 0.0057818270202742083 -0.00010630882286598543 -0.010788620975279108 0.022323702558154059 -0.015802906836092537 -0.0056055910582997236 -0.0014384237139020116 -0.00072322309398510328 -0.0046805607517079184 0.0046853749561367956 0.00063335507768421632 -0.009632781725208768 0.017206157730231226 -0.0067156829407488067 0.00201792413695509 -0.0015223549708050731 0.0010212558650490118 0.010334577195232546 -0.0074897204012296251 -0.0070917917145010712 0.0028469902184991582 -0.0014809199710463232 -0.0091364461317521017 -0.00051612989824824601 0
leaf_weight=5202 985 291 1091 207 178 2431 91732 820 166 525 1664 100 107 2116 1790 106384 638 232 617 4942 28491 15428 382 167 1644 6449 6301 712 30871 165
leaf_count=5202 985 291 1091 207 178 2431 91732 820 166 525 1664 100 107 2116 1790 106384 638 232 617 4942 28491 15428 382 167 1644 6449 6301 712 30871 165
internal_value=-4.23369e-05 -0.000435023 -0.000397079 -5.25585e-05 -9.93969e-05 -0.0001397 4.3715e-05 -0.00304797 -0.00128597 -0.00457684 -0.000915982 0.0128657 0.0121648 -0.00103779 0.00027346 0.000225031 0.000267693 -0.00046845 0.000971616 -0.00116539 -0.000989177 0.000697073 -0.00260657 0.00431269 -0.0041256 0.00057948 0.0004474 -0.00232458 -0.000795027 0.0111919
internal_weight=312828 139859 139568 100842 100470 100185 94163 6022 38726 3809 34917 266 285 34651 172969 171179 170194 50348 16277 34071 33433 16045 3284 549 2735 119846 113397 7013 32987 372
internal_count=312828 139859 139568 100842 100470 100185 94163 6022 38726 3809 34917 266 285 34651 172969 171179 170194 50348 16277 34071 33433 16045 3284 549 2735 119846 113397 7013 32987 372
is_linear=0
shrinkage=0.03


Tree=47
num_leaves=31
num_cat=0
split_feature=232 55 35 179 169 237 224 126 239 242 262 106 239 233 234 350 355 30 223 165 296 58 116 299 13 288 355 116 225 201
split_gain=45.029 59.7155 46.5861 41.3236 40.4086 54.4073 46.1019 38.937 77.4696 44.2885 36.9179 39.6191 36.5162 51.7692 35.9034 35.2124 34.5489 38.5685 36.7709 30.4043 47.1518 30.2217 27.8557 27.3999 26.9168 26.5092 24.1054 21.2969 20.97 20.6755
threshold=2.0080771446228032 3.6897475719451909 2.0239886045455937 4.3648841381073007 1.9309567809104922 2.0031312704086308 1.724909842014313 -2.7780331373214717 -2.7062350511550899 -2.6257417201995845 -1.718573212623596 2.3308780193328862 0.037122104316949851 2.2714428901672368 -0.23718386888504026 -0.013211773708462713 -0.0068450886756181708 -1.3513237833976743 -0.51469483971595753 1.9817890524864199 1.6809079051017763 2.2642372846603398 3.115781426429749 -0.31550422310829157 -0.073870692402124391 1.2025468945503237 -0.0069664292968809596 0.86458241939544689 -1.3065708875656126 1.068090617656708
decision_type=2 2 2 2 2 2 2 2 2 2 2 2 2 2 2 2 2 2 2 2 2 2 2 2 2 2 2 2 2 2
left_child=1 3 12 4 6 10 7 8 -1 -9 25 -12 13 29 -8 -16 17 28 -19 20 27 -22 -4 -15 -25 -6 -24 -14 -5 -2
right_child=2 -3 22 16 5 -7 14 9 -10 -11 11 -13 19 23 15 -17 -18 18 -20 -21 21 -23 26 24 -26 -27 -28 -29 -30 -31
leaf_value=0.0058283714648286224 0.01237468153863374 -0.012854049948509782 0.0080955418028668246 0 -0.0026643087759040036 -0.01275721268087421 -0.0029126438032103965 0.0056034859194076221 -0.0057354740560031838 -4.1399285483640222e-05 -0.0045051002213404431 0.0022939929020258797 0.00093024930060916654 -0.0064540860830687432 -0.00067382444689116844 0.0059910756377354567 0.011264827431148478 0.016806176120078124 0.00010648132271397602 -0.0062306801317178594 0.0085485903120380864 -0.0011792578565558032 0.0054963545337213945 -0.0081521862649824479 0.0072334559124103024 0.010907376851983813 -0.0047475208679810584 -0.0079663505527036976 -0.014086301969058933 0.0014185179608506621
leaf_weight=614 580 307 1586 606 152 436 680 1236 2533 290258 2855 975 313 427 855 2720 489 212 321 843 678 399 446 100 416 315 336 567 102 307
leaf_count=614 580 307 1586 606 152 436 680 1236 2533 290258 2855 975 313 427 855 2720 489 212 321 843 678 399 446 100 416 315 336 567 102 307
internal_value=1.45365e-05 -3.90458e-05 0.00239115 -2.43386e-05 -5.18063e-05 -0.00279639 -7.1582e-06 -5.30332e-05 -0.00336201 -1.60518e-05 -0.00166179 -0.00269341 0.000560961 0.00388066 0.0030847 0.00431876 0.00457054 0.001558 0.00765885 -0.00151445 0.000407856 0.00471541 0.00580931 -0.00073671 0.00349911 0.00594602 0.000712199 -0.00451831 -0.00270701 0.0090283
internal_weight=312664 305666 6998 305359 303629 4733 298896 294641 3147 291494 4297 3830 4630 1830 4255 3575 1730 1241 533 2800 1957 1077 2368 943 516 467 782 880 708 887
internal_count=312664 305666 6998 305359 303629 4733 298896 294641 3147 291494 4297 3830 4630 1830 4255 3575 1730 1241 533 2800 1957 1077 2368 943 516 467 782 880 708 887
is_linear=0
shrinkage=0.03


Tree=48
num_leaves=30
num_cat=0
split_feature=59 222 55 55 199 298 58 268 225 171 58 113 239 117 299 280 119 238 238 231 104 240 345 329 334 216 58 57 355
split_gain=38.4683 32.072 46.8269 38.9855 80.7178 50.5637 65.9902 56.6481 52.9205 39.4888 39.1943 33.7188 38.9554 34.5346 25.4637 25.3818 24.7857 39.7134 30.814 20.1172 17.5553 12.3357 11.3514 14.5692 9.77357 7.95851 7.94345 6.78074 4.47792
threshold=1.0000000180025095e-35 3.1938086748123173 3.6897475719451909 1.7501514554023745 -1.342411935329437 0.9356946349143983 0.2830717414617539 -3.2876821756362911 -4.1120736598968497 1.1742498278617861 -0.54041597247123707 1.1053804755210879 0.12365984171628953 0.81284803152084362 1.0667476058006289 0.04806321673095227 0.63101002573966991 0.6214796006679536 2.1867747306823735 0.7685736119747163 1.6493951678276064 3.2508397102355961 -0.0089573762379586679 -0.0067571366671472779 -0.014125864021480082 3.2523127794265752 2.4447780847549443 1.1388816833496096 -0.0064770490862429133
decision_type=2 2 2 2 2 2 2 2 2 2 2 2 2 2 2 2 2 2 2 2 2 2 2 2 2 2 2 2 2
left_child=-1 2 3 5 9 6 8 -8 -2 10 -5 13 -13 -7 27 -11 17 -6 -18 25 -16 22 28 -24 -22 -3 -23 -4 -21
right_child=1 19 14 4 16 11 7 -9 -10 15 -12 12 -14 -15 20 -17 18 -19 -20 21 24 26 23 -25 -26 -27 -28 -29 -30
leaf_value=0.0080906567279387005 -0.008268001134347485 -0.0083118145884022374 -0.0028795166024938226 0 0.00045767096688322857 -0.00044589734337192085 -0.011095357108463207 0.00092788790131847435 -0.00018659854971592011 -0.0062595311374585511 0.013466389964644271 0.005002146326389758 -0.00046569913849819764 -0.0027070917848155953 0.003817680600045276 0.0087182056429201214 0.0029247145385861211 -0.007142344555565369 -0.0022932291941383238 0.015761989564600107 -0.011950996212248585 -0.0021074261801154581 -0.0016584546123137021 0.0099616433980809459 0 0.0012645551655441523 0.0066191374633639841 -0.018193094518388287 0.0027368715085834263
leaf_weight=508 714 101 100 299 2150 11351 331 68051 197930 241 937 1428 5835 14057 187 146 4589 815 1227 248 147 186 159 137 140 100 126 186 105
leaf_count=508 714 101 100 299 2150 11351 331 68051 197930 241 937 1428 5835 14057 187 146 4589 815 1227 248 147 186 159 137 140 100 126 186 105
internal_value=0 -1.37785e-05 -3.34894e-05 -1.40534e-05 0.00178832 -7.7739e-05 5.75253e-05 0.000862077 -0.000217986 0.00790737 0.0104923 -0.00119181 0.000578943 -0.00170985 -0.00737561 0 0.000607845 -0.00156473 0.00176839 0.00491685 -0.00214505 0.0067948 0.00916807 0.00306049 -0.00700297 -0.00250671 0.000699591 -0.0143573 0.0130464
internal_weight=312531 312023 310861 310101 10404 299697 267026 68382 198644 1623 1236 32671 7263 25408 760 387 8781 2965 5816 1162 474 961 649 296 287 201 312 286 353
internal_count=312531 312023 310861 310101 10404 299697 267026 68382 198644 1623 1236 32671 7263 25408 760 387 8781 2965 5816 1162 474 961 649 296 287 201 312 286 353
is_linear=0
shrinkage=0.03


end of trees

feature_importances:
CLOSE1=34
CLOSE2=26
CLOSE6=25
CLOSE4=25
LOW0=24
OPEN4=22
HIGH18=22
HIGH8=22
OPEN0=21
HIGH1=21
HIGH0=20
LOW3=19
VWAP1=19
LOW7=18
OPEN1=17
OPEN6=16
LOW12=16
CLOSE11=15
LOW11=15
VWAP0=15
OPEN17=14
HIGH2=13
LOW15=13
LOW9=13
CLOSE9=12
OPEN26=12
HIGH12=12
LOW14=12
CLOSE18=11
CLOSE5=11
OPEN5=11
LOW53=11
LOW1=11
CLOSE8=10
OPEN10=10
HIGH4=10
LOW17=10
OPEN21=9
OPEN11=9
OPEN3=9
HIGH7=9
LOW16=9
VWAP3=9
VWAP2=9
CLOSE48=8
CLOSE24=8
CLOSE3=8
OPEN29=8
OPEN23=8
OPEN7=8
OPEN2=8
HIGH20=8
HIGH15=8
HIGH9=8
LOW22=8
LOW21=8
LOW10=8
LOW4=8
CLOSE7=7
HIGH14=7
HIGH10=7
LOW59=7
LOW45=7
LOW36=7
LOW34=7
LOW23=7
VWAP12=7
CLOSE43=6
CLOSE34=6
CLOSE19=6
CLOSE12=6
CLOSE10=6
OPEN25=6
OPEN19=6
OPEN15=6
OPEN9=6
HIGH57=6
HIGH42=6
HIGH28=6
HIGH24=6
HIGH11=6
HIGH6=6
HIGH3=6
LOW46=6
LOW43=6
LOW41=6
LOW40=6
LOW5=6
VWAP5=6
CLOSE42=5
CLOSE30=5
CLOSE20=5
OPEN37=5
OPEN18=5
OPEN16=5
HIGH32=5
HIGH30=5
LOW29=5
LOW8=5
LOW6=5
LOW2=5
VWAP46=5
VWAP45=5
VWAP40=5
VWAP24=5
VWAP6=5
CLOSE59=4
CLOSE53=4
CLOSE46=4
CLOSE40=4
CLOSE29=4
CLOSE17=4
CLOSE15=4
OPEN43=4
OPEN40=4
OPEN32=4
OPEN14=4
OPEN13=4
OPEN8=4
HIGH54=4
HIGH23=4
HIGH21=4
HIGH17=4
HIGH5=4
LOW33=4
LOW13=4
VWAP59=4
VWAP43=4
VWAP31=4
VWAP29=4
VWAP23=4
VWAP21=4
VWAP19=4
VWAP17=4
VWAP16=4
VWAP11=4
VWAP7=4
VWAP4=4
CLOSE52=3
CLOSE51=3
CLOSE47=3
CLOSE23=3
CLOSE22=3
CLOSE21=3
CLOSE16=3
CLOSE14=3
CLOSE13=3
OPEN59=3
OPEN55=3
OPEN51=3
OPEN46=3
OPEN45=3
OPEN39=3
OPEN34=3
OPEN28=3
OPEN12=3
HIGH53=3
HIGH41=3
HIGH37=3
HIGH33=3
HIGH16=3
LOW57=3
LOW54=3
LOW52=3
LOW38=3
LOW37=3
LOW35=3
LOW31=3
LOW30=3
LOW27=3
VWAP42=3
VWAP18=3
VWAP14=3
VWAP9=3
VWAP8=3
VOLUME33=3
VOLUME4=3
CLOSE57=2
CLOSE55=2
CLOSE54=2
CLOSE45=2
CLOSE44=2
CLOSE39=2
CLOSE38=2
CLOSE35=2
CLOSE32=2
CLOSE31=2
CLOSE28=2
CLOSE27=2
CLOSE26=2
CLOSE25=2
OPEN53=2
OPEN50=2
OPEN48=2
OPEN38=2
OPEN35=2
OPEN33=2
OPEN30=2
OPEN22=2
HIGH58=2
HIGH48=2
HIGH44=2
HIGH40=2
HIGH39=2
HIGH34=2
HIGH29=2
HIGH25=2
HIGH13=2
LOW49=2
LOW42=2
LOW39=2
LOW32=2
LOW28=2
LOW24=2
LOW19=2
LOW18=2
VWAP57=2
VWAP39=2
VWAP37=2
VWAP36=2
VWAP33=2
VWAP32=2
VOLUME50=2
VOLUME28=2
VOLUME18=2
VOLUME14=2
VOLUME12=2
VOLUME1=2
CLOSE58=1
CLOSE36=1
CLOSE0=1
OPEN56=1
OPEN54=1
OPEN52=1
OPEN49=1
OPEN47=1
OPEN42=1
OPEN41=1
OPEN36=1
OPEN20=1
HIGH59=1
HIGH55=1
HIGH51=1
HIGH49=1
HIGH47=1
HIGH45=1
HIGH27=1
HIGH26=1
LOW58=1
LOW55=1
LOW50=1
LOW47=1
LOW44=1
LOW26=1
LOW20=1
VWAP54=1
VWAP53=1
VWAP52=1
VWAP51=1
VWAP50=1
VWAP48=1
VWAP41=1
VWAP35=1
VWAP34=1
VWAP30=1
VWAP28=1
VWAP26=1
VWAP20=1
VWAP13=1
VOLUME58=1
VOLUME54=1
VOLUME51=1
VOLUME49=1
VOLUME48=1
VOLUME44=1
VOLUME43=1
VOLUME36=1
VOLUME34=1
VOLUME30=1
VOLUME29=1
VOLUME25=1
VOLUME22=1
VOLUME17=1
VOLUME16=1
VOLUME9=1
VOLUME7=1
VOLUME2=1

parameters:
[boosting: gbdt]
[objective: regression]
[metric: l2]
[tree_learner: serial]
[device_type: cpu]
[data_sample_strategy: bagging]
[data: ]
[valid: ]
[num_iterations: 500]
[learning_rate: 0.03]
[num_leaves: 31]
[num_threads: 12]
[seed: 20260813]
[deterministic: 1]
[force_col_wise: 1]
[force_row_wise: 0]
[histogram_pool_size: -1]
[max_depth: 7]
[min_data_in_leaf: 100]
[min_sum_hessian_in_leaf: 0.001]
[bagging_fraction: 0.8]
[pos_bagging_fraction: 1]
[neg_bagging_fraction: 1]
[bagging_freq: 1]
[bagging_seed: 20260813]
[bagging_by_query: 0]
[feature_fraction: 0.8]
[feature_fraction_bynode: 1]
[feature_fraction_seed: 20260813]
[extra_trees: 0]
[extra_seed: 13549]
[early_stopping_round: 0]
[early_stopping_min_delta: 0]
[first_metric_only: 0]
[max_delta_step: 0]
[lambda_l1: 10]
[lambda_l2: 20]
[linear_lambda: 0]
[min_gain_to_split: 0]
[drop_rate: 0.1]
[max_drop: 50]
[skip_drop: 0.5]
[xgboost_dart_mode: 0]
[uniform_drop: 0]
[drop_seed: 11866]
[top_rate: 0.2]
[other_rate: 0.1]
[min_data_per_group: 100]
[max_cat_threshold: 32]
[cat_l2: 10]
[cat_smooth: 10]
[max_cat_to_onehot: 4]
[top_k: 20]
[monotone_constraints: ]
[monotone_constraints_method: basic]
[monotone_penalty: 0]
[feature_contri: ]
[forcedsplits_filename: ]
[refit_decay_rate: 0.9]
[cegb_tradeoff: 1]
[cegb_penalty_split: 0]
[cegb_penalty_feature_lazy: ]
[cegb_penalty_feature_coupled: ]
[path_smooth: 0]
[interaction_constraints: ]
[verbosity: 1]
[saved_feature_importance_type: 0]
[use_quantized_grad: 0]
[num_grad_quant_bins: 4]
[quant_train_renew_leaf: 0]
[stochastic_rounding: 1]
[linear_tree: 0]
[max_bin: 255]
[max_bin_by_feature: ]
[min_data_in_bin: 3]
[bin_construct_sample_cnt: 200000]
[data_random_seed: 20260812]
[is_enable_sparse: 1]
[enable_bundle: 1]
[use_missing: 1]
[zero_as_missing: 0]
[feature_pre_filter: 1]
[pre_partition: 0]
[two_round: 0]
[header: 0]
[label_column: ]
[weight_column: ]
[group_column: ]
[ignore_column: ]
[categorical_feature: ]
[forcedbins_filename: ]
[precise_float_parser: 0]
[parser_config_file: ]
[objective_seed: 16743]
[num_class: 1]
[is_unbalance: 0]
[scale_pos_weight: 1]
[sigmoid: 1]
[boost_from_average: 1]
[reg_sqrt: 0]
[alpha: 0.9]
[fair_c: 1]
[poisson_max_delta_step: 0.7]
[tweedie_variance_power: 1.5]
[lambdarank_truncation_level: 30]
[lambdarank_norm: 1]
[label_gain: ]
[lambdarank_position_bias_regularization: 0]
[eval_at: ]
[multi_error_top_k: 1]
[auc_mu_weights: ]
[num_machines: 1]
[local_listen_port: 12400]
[time_out: 120]
[machine_list_filename: ]
[machines: ]
[gpu_platform_id: -1]
[gpu_device_id: -1]
[gpu_use_dp: 0]
[num_gpu: 1]

end of parameters

pandas_categorical:null
