tree
version=v4
num_class=1
num_tree_per_iteration=1
label_index=0
max_feature_idx=157
objective=regression
feature_names=KMID KLEN KMID2 KUP KUP2 KLOW KLOW2 KSFT KSFT2 OPEN0 HIGH0 LOW0 VWAP0 ROC5 ROC10 ROC20 ROC30 ROC60 MA5 MA10 MA20 MA30 MA60 STD5 STD10 STD20 STD30 STD60 BETA5 BETA10 BETA20 BETA30 BETA60 RSQR5 RSQR10 RSQR20 RSQR30 RSQR60 RESI5 RESI10 RESI20 RESI30 RESI60 MAX5 MAX10 MAX20 MAX30 MAX60 MIN5 MIN10 MIN20 MIN30 MIN60 QTLU5 QTLU10 QTLU20 QTLU30 QTLU60 QTLD5 QTLD10 QTLD20 QTLD30 QTLD60 RANK5 RANK10 RANK20 RANK30 RANK60 RSV5 RSV10 RSV20 RSV30 RSV60 IMAX5 IMAX10 IMAX20 IMAX30 IMAX60 IMIN5 IMIN10 IMIN20 IMIN30 IMIN60 IMXD5 IMXD10 IMXD20 IMXD30 IMXD60 CORR5 CORR10 CORR20 CORR30 CORR60 CORD5 CORD10 CORD20 CORD30 CORD60 CNTP5 CNTP10 CNTP20 CNTP30 CNTP60 CNTN5 CNTN10 CNTN20 CNTN30 CNTN60 CNTD5 CNTD10 CNTD20 CNTD30 CNTD60 SUMP5 SUMP10 SUMP20 SUMP30 SUMP60 SUMN5 SUMN10 SUMN20 SUMN30 SUMN60 SUMD5 SUMD10 SUMD20 SUMD30 SUMD60 VMA5 VMA10 VMA20 VMA30 VMA60 VSTD5 VSTD10 VSTD20 VSTD30 VSTD60 WVMA5 WVMA10 WVMA20 WVMA30 WVMA60 VSUMP5 VSUMP10 VSUMP20 VSUMP30 VSUMP60 VSUMN5 VSUMN10 VSUMN20 VSUMN30 VSUMN60 VSUMD5 VSUMD10 VSUMD20 VSUMD30 VSUMD60
feature_infos=[-0.15568183362483978:0.22224612534046173] [0:0.22224612534046173] [-1:1] [0:0.22120867669582367] [0:1] [0:0.19577737152576447] [0:1] [-0.22120867669582367:0.22224612534046173] [-1:1] [0.81816583871841431:1.1843876838684082] [1:1.2212086915969849] [0.80375176668167114:1] [0.86522871255874634:1.1014472246170044] [0.62103557586669922:1.5347062349319458] [0.51279789209365845:1.8924485445022583] [0.43777582049369812:2.0550181865692139] [0.40953221917152405:2.2423176765441895] [0.32686084508895874:2.6513261795043945] [0.83368843793869019:1.2064073085784912] [0.69517505168914795:1.4220441579818726] [0.58934980630874634:1.7117466926574707] [0.53464740514755249:1.8484048843383789] [0.46012550592422485:1.6932493448257446] [0:0.15339198708534241] [0:0.2603875994682312] [0:0.35442706942558289] [0:0.5004686713218689] [0:0.44918531179428101] [-0.11732283234596252:0.090917088091373444] [-0.11732283234596252:0.090917088091373444] [-0.11732283234596252:0.090917088091373444] [-0.11732283234596252:0.090917088091373444] [-0.11732283234596252:0.090917088091373444] [0:1] [0:1] [0:1] [0:1] [0:1] [-0.087322920560836792:0.076547868549823761] [-0.18959152698516846:0.17234764993190765] [-0.2686493992805481:0.27287426590919495] [-0.40098747611045837:0.27581575512886047] [-0.83265727758407593:0.36147966980934143] [1:1.5713194608688354] [1:1.9298244714736938] [1:2.1563692092895508] [1:2.984196662902832] [1:2.984196662902832] [0.61784285306930542:1] [0.49132096767425537:1] [0.42983227968215942:1] [0.39746984839439392:1] [0.31774049997329712:1] [0.91673558950424194:1.319298267364502] [0.84294122457504272:1.6361554861068726] [0.69679319858551025:2.054157018661499] [0.57799351215362549:2.2302017211914062] [0.52150630950927734:1.9810358285903931] [0.73728358745574951:1.1517097949981689] [0.53621649742126465:1.2102211713790894] [0.45107382535934448:1.3664377927780151] [0.43389230966567993:1.5493515729904175] [0.37328624725341797:1.5099923610687256] [0.20000000298023224:1] [0.10000000149011612:1] [0.05000000074505806:1] [0.033333335071802139:1] [0.01666666753590107:1] [0:1] [0:1] [0:1] [0:1] [0:1] [0.20000000298023224:1] [0.10000000149011612:1] [0.05000000074505806:1] [0.033333335071802139:1] [0.01666666753590107:1] [0.20000000298023224:1] [0.10000000149011612:1] [0.05000000074505806:1] [0.033333335071802139:1] [0.01666666753590107:1] [-0.80000001192092896:0.80000001192092896] [-0.89999997615814209:0.89999997615814209] [-0.94999998807907104:0.94999998807907104] [-0.96666663885116577:0.96666663885116577] [-0.98333334922790527:0.98333334922790527] [-1:1] [-1:1] [-1:1] [-1:1] [-1:1] [-1:1] [-1:1] [-1:1] [-1:1] [-1:1] [0:1] [0:1] [0:0.94999998807907104] [0:0.91666668653488159] [0:0.91666668653488159] [0:1] [0:1] [0:0.89999997615814209] [0:0.8571428656578064] [0:0.8571428656578064] [-1:1] [-1:1] [-0.83333331346511841:0.91666668653488159] [-0.83333331346511841:0.91666668653488159] [-0.83333331346511841:0.91666668653488159] [0:1] [0:1] [0:1] [0:1] [0:1] [0:1] [0:1] [0:1] [0:1] [0:1] [-1:1] [-1:1] [-1:1] [-1:1] [-1:1] [0.20004743337631226:26452.083984375] [0.10012400150299072:23627.859375] [0.050104878842830658:26698.134765625] [0.033520448952913284:28136.5] [0.017187755554914474:26107.111328125] [0.0021778203081339598:59102.5] [0.0021778203081339598:49210.34375] [0.0021778203081339598:56418.4921875] [0.0021778203081339598:57003.12109375] [0.0021778203081339598:42065.70703125] [0:2.2360680103302002] [0:3.1615598201751709] [0:4.4708261489868164] [0:5.4658303260803223] [0:7.5986995697021484] [0:1] [0:1] [0:1] [0:1] [0:1] [0:1] [0:1] [0:1] [0:1] [0:1] [-1:1] [-1:1] [-1:1] [-1:1] [-1:1]
tree_sizes=3098 3070 3023 3014 3021 3000 3031 3090 3026 3119 3021 2995 3073 3060 3080 3035 3030 3102 3016 3114 3092 3059 3096 3011 3054 3130 3067 3045 3093 3111 3081 3099 3088 3095

Tree=0
num_leaves=31
num_cat=0
split_feature=16 26 29 20 50 10 125 41 10 55 22 113 29 57 42 14 6 117 77 33 42 15 18 71 81 43 86 49 19 35
split_gain=173.009 114.18 76.8817 82.1381 80.6425 109.163 76.3985 74.1482 88.3528 65.4853 60.8562 58.6338 68.0381 54.9725 53.3769 52.9137 50.3561 48.7134 44.915 41.3359 40.2552 39.4468 38.8132 51.6991 42.5729 38.3363 33.2476 43.6037 38.3684 31.8422
threshold=1.2187584042549136 0.016369018703699115 -0.00046387469046749169 0.89538919925689708 0.86986199021339428 1.0177112221717837 0.47693984210491186 -0.029154593124985691 1.0250744819641116 0.96748846769332897 1.0991557836532595 0.91489300131797802 0.011370365042239429 1.2213557958602907 0.081464439630508437 0.98194226622581493 0.062500059604644789 0.53846153616905224 0.25833334028720861 0.20284661650657657 -0.0023090266622602935 1.1258043646812441 1.0092783570289614 0.62962946295738231 0.050000002607703216 1.1304348111152651 -0.74999999999999989 0.92823192477226268 1.0390196442604067 0.5571630895137788
decision_type=10 10 10 10 10 10 10 10 10 10 10 10 10 10 10 8 10 10 2 10 8 10 10 10 2 10 2 10 10 10
left_child=1 20 7 9 5 6 -5 22 14 11 17 12 -4 -2 15 -9 -12 -6 21 -7 -1 -10 24 25 -3 -24 27 -15 -29 -30
right_child=13 2 3 4 10 19 -8 8 18 -11 16 -13 -14 26 -16 -17 -18 -19 -20 -21 -22 -23 23 -25 -26 -27 -28 28 29 -31
leaf_value=0.00026609411359724547 -0.0021019493618539787 -0.0059661709303684548 -1.4948711436410956e-09 0.0026036299339664169 -0.00074736500176858891 0.001300283171601288 -0.0028922272546472684 -0.0057064353428086098 -4.4132665164879052e-05 0.0098503040450719503 -0.0039443097873408115 -0.0019279943927601407 -0.018818066758076072 0.020403285815144351 0.013963960099147682 -0.0011750099244997435 0.0072294189490854756 0.00076816110068686678 -0.010086773343751585 0.009206506234429113 0.0021946080175858007 -0.013661071321954689 0.00083797482834119155 0.0067243493561906387 -0.00016233860233569173 -0.0052607829912298685 0.0033994584262439028 -0.0008598786361523965 -1.4948711436410956e-09 0.012278190715007643
leaf_weight=17554 490 1606 199 7357 50501 920 3236 2439 1242 173 407 806 599 362 182 59045 1724 30543 1587 2427 23030 217 18589 1286 4174 947 1052 295 205 1058
leaf_count=17554 490 1606 199 7357 50501 920 3236 2439 1242 173 407 806 599 362 182 59045 1724 30543 1587 2427 23030 217 18589 1286 4174 947 1052 295 205 1058
internal_value=2.46647e-05 -7.41821e-05 -0.00038367 0.000193357 0.000313832 0.0024241 0.000894176 -0.00101177 -0.00156053 -0.006154 -3.67382e-05 -0.00816493 -0.0138965 0.0066629 -0.00130683 -0.00136144 0.00493905 -0.00017246 -0.00655669 0.00714303 0.00136839 -0.00242959 0.00031203 0.000925472 -0.0018417 0.000521921 0.00821264 0.010633 0.00794292 0.0102142
internal_weight=234252 230790 190206 98892 97115 13940 10593 91314 64712 1777 83175 1604 798 3462 61666 61484 2131 81044 3046 3347 40584 1459 26602 20822 5780 19536 2972 1920 1558 1263
internal_count=234252 230790 190206 98892 97115 13940 10593 91314 64712 1777 83175 1604 798 3462 61666 61484 2131 81044 3046 3347 40584 1459 26602 20822 5780 19536 2972 1920 1558 1263
is_linear=0
shrinkage=1


Tree=1
num_leaves=31
num_cat=0
split_feature=16 30 20 16 14 42 6 53 29 11 10 14 38 24 125 57 102 30 102 33 114 33 58 138 120 16 86 116 24 27
split_gain=163.884 96.6798 94.1831 67.5556 60.0123 59.8564 65.0944 49.149 47.6222 46.206 49.8469 45.9313 67.0766 56.172 48.4515 86.9781 45.8986 43.9489 42.5704 41.2663 40.8272 39.8039 51.2271 48.7338 56.0628 39.4228 38.0295 37.0327 39.2859 36.2083
threshold=1.2187584042549136 -0.00033778949000407005 0.89538919925689708 0.93398270010948192 0.91501662135124218 -0.070990156382322298 0.16666511446237567 0.98731276392936718 0.00055638328194618236 0.99663868546485912 1.0185844302177431 0.89487019181251537 -0.0051324486266821614 0.052753698080778129 0.47693984210491186 0.92825171351432811 0.49576270580291754 -0.0068655225913971654 0.53614982962608349 0.88124027848243724 0.36263680458068853 0.95544031262397777 0.97267353534698497 1.143615245819092 0.12740866839885714 0.89645108580589306 -0.58333334326744068 0.3790468573570252 0.035418557003140456 0.089164596050977721
decision_type=10 8 8 8 8 10 10 10 10 10 10 8 10 10 10 8 2 10 2 10 10 10 10 10 10 10 2 10 10 10
left_child=1 3 21 7 19 6 -6 8 25 29 -11 12 16 14 15 -13 -4 27 -8 -5 -19 22 23 24 -3 -1 -14 28 -2 -7
right_child=17 2 11 4 5 9 18 -9 -10 10 -12 13 26 -15 -16 -17 -18 20 -20 -21 -22 -23 -24 -25 -26 -27 -28 -29 -30 -31
leaf_value=-0.035396329225765334 0.0016767762046017241 0.0022558288960225926 0.021931879761407976 0.013681105500965549 -0.0011290573978970865 -0.0014050762713781245 0.0054956962590802195 -0.0034811368176100813 -0.0012982640622495698 0.0010086204880974017 -0.0021162827852298505 0.0068434011253641729 0.013804662565235049 -0.010471316721548427 -0.0014665221878241419 0.00061453222469497095 0.0051729302136256173 -0.0037446905262869868 -0.00086344194030859233 -0.0031000947507305275 0.0071233062115706736 0.0047659387206156929 0.0050672824493674341 0 -0.016079782509282721 -0.0049593513836114368 -0.00018744254748702846 -0.0014957336824741368 0.012441303198410318 0.0020511262832174971
leaf_weight=115 468 141 271 420 3977 69100 3819 2506 177 18590 6055 2049 172 395 9697 105605 467 593 1149 142 582 212 195 361 893 101 1555 222 1594 2754
leaf_count=115 468 141 271 420 3977 69100 3819 2506 177 18590 6055 2049 172 395 9697 105605 467 593 1149 142 582 212 195 361 893 101 1555 222 1594 2754
internal_value=1.19522e-05 -8.41254e-05 0.000494307 -0.000734905 -0.000607604 -0.000663158 0.00167047 -0.00525101 -0.0150953 -0.000882884 0.00022761 0.000599095 0.00465057 0.000510955 0.000552255 0.000737123 0.012139 0.0064758 0.00396724 0.00896473 0.00141651 -0.0062613 -0.00795887 -0.0100376 -0.0132995 -0.0240618 0.00117646 0.00891344 0.0101818 -0.0012679
internal_weight=234377 230918 122013 108905 106006 105444 8945 2899 393 96499 24645 120211 2465 117746 117351 107654 738 3459 4968 562 1175 1802 1590 1395 1034 216 1727 2284 2062 71854
internal_count=234377 230918 122013 108905 106006 105444 8945 2899 393 96499 24645 120211 2465 117746 117351 107654 738 3459 4968 562 1175 1802 1590 1395 1034 216 1727 2284 2062 71854
is_linear=0
shrinkage=0.03


Tree=2
num_leaves=31
num_cat=0
split_feature=16 26 36 20 14 33 27 44 30 78 35 33 101 7 23 15 42 9 9 140 58 66 30 113 58 1 45 37 12 23
split_gain=169.958 118.015 62.3088 61.9022 101.946 61.3549 77.0942 71.1672 59.6553 71.3883 53.2882 52.191 101.567 62.5287 51.4705 50.2426 50.2082 45.3955 44.5839 42.1046 41.609 45.5655 37.4227 37.3364 36.3064 32.0238 30.049 28.0569 35.8762 27.3868
threshold=1.2187584042549136 0.019857025705277923 0.80480685830116283 0.89538919925689708 0.89487019181251537 0.37492032349109655 0.082860667258501067 1.0433447957038882 -0.00040724944847170258 0.30000000447034841 0.76511701941490184 0.84314268827438366 0.56125000119209301 0.021250782534480098 0.017059611156582836 1.1122086048126223 -0.0057505355216562739 0.97149991989135753 0.97247710824012767 0.72946396470069896 0.97267353534698497 0.99166667461395275 0.0063113605137914428 0.98148328065872203 0.95438823103904735 0.038618482649326331 1.1538462042808535 0.55126249790191661 1.0017310380935671 0.040984386578202255
decision_type=10 8 10 8 8 8 10 8 8 8 10 10 2 10 10 10 10 10 10 10 10 10 10 10 10 10 10 10 10 10
left_child=1 16 -2 18 11 6 7 -6 10 -10 -7 12 25 -13 -4 -8 27 -14 22 -16 21 -20 -3 -15 -18 -5 -21 -1 -29 -24
right_child=2 3 14 4 5 8 15 -9 9 -11 -12 13 17 23 19 -17 24 -19 20 26 -22 -23 29 -25 -26 -27 -28 28 -30 -31
leaf_value=-0.00076847883847563068 0.0026823499363695788 0.00019488353236782842 -6.7374359876398127e-05 0.008995883469796729 -0.00090595011248601972 -0.0013536008911018585 0.0032010892433420473 -0.0032426533944295744 -0.0008175170363935553 0.0014913982819046447 0.00095435861143404195 -0.0081842645333249902 -0.011085480378242208 -0.0015354528167395741 0 -0.0042320396419555434 0.010150097923976212 0.004071478862879457 -0.013648005753272661 0 0.010324579409779055 0 -0.0085752056475977816 0.017660614683803529 0.0015548357588931114 0.021863471454439252 0.017255459631009652 -0.00017101608923102458 0.0037784649076539195 -0.024835342426753438
leaf_weight=16666 1913 144 259 662 36313 39978 4853 17731 19241 31699 11447 467 204 123 165 935 442 803 304 134 179 585 410 166 38513 370 1001 5106 3313 191
leaf_count=16666 1913 144 259 662 36313 39978 4853 17731 19241 31699 11447 467 204 123 165 935 442 803 304 134 179 585 410 166 38513 370 1001 5106 3313 191
internal_value=-1.09115e-06 -0.000101731 0.00656654 -0.000523195 -0.000460257 -0.000560096 -0.00132358 -0.00167905 -0.000110741 0.000613412 -0.000833856 0.00518977 0.00768802 -0.00118612 0.0110484 0.00193824 0.000991196 0.000552755 -0.0060197 0.0134577 -0.00168977 -0.00461283 -0.0116283 0.00894921 0.00166522 0.0142224 0.0154852 -4.40487e-05 0.00135288 -0.0148593
internal_weight=234317 230845 3472 166805 164992 162197 59832 54044 102365 50940 51425 2795 2039 756 1559 5788 64040 1007 1813 1300 1068 889 745 289 38955 1032 1135 25085 8419 601
internal_count=234317 230845 3472 166805 164992 162197 59832 54044 102365 50940 51425 2795 2039 756 1559 5788 64040 1007 1813 1300 1068 889 745 289 38955 1032 1135 25085 8419 601
is_linear=0
shrinkage=0.03


Tree=3
num_leaves=31
num_cat=0
split_feature=16 26 20 50 0 42 23 29 122 22 36 79 126 27 23 140 45 58 113 29 68 13 39 33 34 37 1 45 29 11
split_gain=133.899 100.307 69.9349 74.9241 63.9969 55.3236 59.2299 56.4485 63.7702 53.8689 52.1919 46.4395 59.5653 59.0382 43.8963 43.956 43.2462 42.454 59.9303 56.8466 38.7422 36.0071 35.7227 42.8355 38.3869 33.2265 30.5355 26.9402 25.9328 24.953
threshold=1.2187584042549136 0.019857025705277923 0.89538919925689708 0.86986199021339428 -0.0081967059522867185 -0.073231801390647874 0.0079147927463054674 -0.0034421917516738172 0.66879495978355419 1.0969410538673403 0.80480685830116283 0.15000000223517421 0.24357449263334277 0.064824506640434279 0.017329259775578979 0.78534322977066051 1.0104987025260928 0.97267353534698497 0.91489300131797802 0.011370365042239429 0.048781184479594238 0.94244807958602916 -0.0058320367243140927 0.23019450902938846 0.19557332247495654 0.67680382728576671 0.021229043602943424 1.1538462042808535 -0.0029468417633324857 0.99050632119178783
decision_type=10 10 10 10 10 10 10 10 8 10 10 2 10 10 10 10 8 10 10 10 10 10 10 10 10 10 8 10 8 8
left_child=1 16 17 4 22 6 -5 8 -7 -9 -2 12 -6 -13 -12 -16 -1 18 19 -3 -8 -21 23 -4 -24 26 -18 -17 -28 -27
right_child=10 2 3 5 11 7 20 9 -10 -11 14 13 -14 -15 15 27 25 -19 -20 21 -22 -23 24 -25 -26 29 28 -29 -30 -31
leaf_value=0.0024146297128200011 0.0022361813477717362 0 0.0019208235516636866 0.015967944423804288 0.0059190971865755995 -0.0020537263424563554 -0.0024124969493123159 -0.00056795220964898311 0.0033810079165502447 0.0029501472274102367 0 -0.0041814997365444027 -0.00028468396161565585 0.0013899515009158066 0 0 0.00042679082424573674 0.0052867431525893543 -0.0018561642060203731 -0.022629016370061778 0.0021854886422771032 -0.0016368920402913885 0.011332492834386917 0.010938230756398984 -0.004041296019871147 -0.00044880527845255489 0.0014651970423047874 0.016764939501204411 -0.0030278176508413872 0.0028144084434193273
leaf_weight=13195 1893 209 899 233 2597 37367 2067 96370 1992 4041 279 3024 2789 3789 252 117 34867 204 814 449 7184 129 175 1298 562 2656 1437 898 4518 7970
leaf_count=13195 1893 209 899 233 2597 37367 2067 96370 1992 4041 279 3024 2789 3789 252 117 34867 204 814 449 7184 129 175 1298 562 2656 1437 898 4518 7970
internal_value=-3.37038e-05 -0.000122758 -0.000513914 -0.000447056 0.00155719 -0.000652459 0.0015519 -0.000804381 -0.00176947 -0.000422821 0.00582326 0.000569313 0.00266197 -0.00104407 0.00993924 0.0122842 0.000878083 -0.00636691 -0.0080838 -0.0139477 0.00112279 -0.018657 0.00553136 0.00743429 0 0.000477386 8.04076e-05 0.0150288 -0.00189212 0.00197127
internal_weight=234274 230835 166192 164387 15133 149254 9484 139770 39359 100411 3439 12199 5386 6813 1546 1267 64643 1805 1601 787 9251 578 2934 2197 737 51448 40822 1015 5955 10626
internal_count=234274 230835 166192 164387 15133 149254 9484 139770 39359 100411 3439 12199 5386 6813 1546 1267 64643 1805 1601 787 9251 578 2934 2197 737 51448 40822 1015 5955 10626
is_linear=0
shrinkage=0.03


Tree=4
num_leaves=31
num_cat=0
split_feature=16 26 36 27 33 102 42 54 13 1 14 20 86 49 55 13 28 5 124 39 25 140 49 61 28 59 87 42 128 43
split_gain=122.956 104.103 76.1126 54.7048 62.6474 57.0066 51.3329 50.7607 51.0632 41.1109 42.2852 39.902 39.3107 39.1422 36.8312 64.018 47.2803 57.3776 43.6747 39.278 34.8838 33.1146 32.2828 36.3597 30.3137 27.5375 24.6031 24.5225 23.5469 22.218
threshold=1.2371981739997866 0.019982968457043174 0.80480685830116283 0.07398551702499391 0.32091686129570013 0.53923079371452343 -0.0033016104716807599 0.98213449120521557 0.93599626421928417 0.014251783490180971 0.88812506198883068 0.92644172906875621 -0.81666666269302357 0.99161359667778026 0.93634843826293956 0.92710131406784069 0.013327476568520071 0.013106167316436769 -0.18181730806827542 0.025715949945151809 0.036147221922874458 0.7255380153656007 0.84757080674171459 0.94662806391716015 0.0091785667464137095 0.88983061909675609 0.39166666567325598 0.048393327742815025 0.89318889379501354 1.0106513500213625
decision_type=10 10 10 10 8 2 8 10 8 10 8 10 2 10 10 10 10 10 10 10 10 10 10 10 10 10 2 10 10 10
left_child=1 6 -2 4 9 7 26 8 -6 13 -11 -12 -9 -3 25 19 18 -18 -17 20 -16 -4 -7 -24 27 -5 -1 -8 -27 -29
right_child=2 3 21 14 5 22 24 12 -10 10 11 -13 -14 -15 15 16 17 -19 -20 -21 -22 -23 23 -25 -26 28 -28 29 -30 -31
leaf_value=-0.00079551913257804193 0.0015274128351520121 -0.00064945690944192115 0 -0.012122291864734958 -0.007025140360708307 -0.0072060432233847678 0.0015731641918421743 -0.0020484922940805094 -0.0011745093405094885 0.0091662291330400145 -0.013392542264388541 -0.0021616565164833622 -7.5032302533406675e-05 0.0054060051597388725 0 -0.00079871253125083556 -0.0068341739965869118 0.0057641089482230578 0.0019531686148327974 0 0.014410841977748662 0.014033658796541197 0.0029494656576051648 0 0.0051550965612401902 0.011021268587559462 0.00098203691705057755 0 -0.0068316783882147944 -0.0097505640487703365
leaf_weight=16124 1410 11031 140 323 2088 350 34039 10684 4182 264 279 32994 62598 1030 227 7887 1438 377 14472 503 652 1017 8335 6517 2164 100 12352 533 122 299
leaf_count=16124 1410 11031 140 323 2088 350 34039 10684 4182 264 279 32994 62598 1030 227 7887 1438 377 14472 503 652 1017 8335 6517 2164 100 12352 533 122 299
internal_value=-3.9291e-06 -7.77386e-05 0.00649885 -0.000477634 -0.000713284 -0.000269675 0.000933589 -0.00059405 -0.00318669 -0.00162802 -0.00216843 -0.00227283 -0.000367322 -9.93993e-05 0.000777612 0.000954703 0.000579236 -0.00401955 0.000969208 0.00720646 0.0109687 0.0121736 0.00140662 0.00163917 0.00166974 -0.00673538 -1.37949e-05 0.00144202 0.000216752 -0.00348239
internal_weight=234531 231964 2567 166453 140352 94754 65511 79552 6270 45598 33537 33273 73282 12061 26101 25556 24174 1815 22359 1382 879 1157 15202 14852 37035 545 28476 34871 222 832
internal_count=234531 231964 2567 166453 140352 94754 65511 79552 6270 45598 33537 33273 73282 12061 26101 25556 24174 1815 22359 1382 879 1157 15202 14852 37035 545 28476 34871 222 832
is_linear=0
shrinkage=0.03


Tree=5
num_leaves=31
num_cat=0
split_feature=16 26 71 40 54 61 13 20 14 125 43 42 58 113 136 52 72 61 81 58 23 23 36 7 35 18 42 78 16 46
split_gain=143.31 97.4825 64.7193 102.622 72.2687 58.1294 77.4054 54.3083 69.1835 62.0472 60.091 50.6293 45.0508 46.8204 42.1236 43.1648 39.5463 37.0108 36.8163 35.3317 33.6566 31.2033 39.6407 39.4879 30.938 31.2273 26.1489 24.9263 24.366 24.0089
threshold=1.2187584042549136 0.016369018703699115 0.53333309292793285 -0.029432914219796654 0.99098733067512523 1.0633731484413149 1.1144962906837466 0.89538919925689708 0.91194990277290355 0.37561006844043737 1.0484503507614138 -0.075575377792119966 0.97267353534698497 0.91489300131797802 0.36387458443641668 0.75494492053985607 0.074999928474426283 1.0381691455841067 0.91666665673255932 1.0028191208839419 0.047010291367769248 0.016091591678559784 0.80480685830116283 -0.033690636977553361 0.71897086501121532 1.0015002489089968 -0.0023090266622602935 0.30000000447034841 0.97334444522857677 1.0716497302055361
decision_type=10 10 10 10 10 10 10 10 8 10 10 10 10 10 10 10 10 10 2 10 10 10 10 10 10 10 8 10 10 10
left_child=1 26 4 14 18 6 11 12 9 -9 -10 -6 13 -5 15 19 -7 -8 29 -4 -18 -2 -23 -24 25 -16 -1 -25 -28 -3
right_child=21 2 3 7 5 16 17 8 10 -11 -12 -13 -14 -15 24 -17 20 -19 -20 -21 -22 22 23 27 -26 -27 28 -29 -30 -31
leaf_value=0.00034733882575029555 0 -0.0017227547330181936 0.0042517063621767704 -0.012122753581523881 0.0018620951797270753 0.00027179635468419736 -0.019114245383862232 0.0060914016567608044 -5.8422683066105737e-05 0 -0.0052893430566503391 -0.0010091199300327394 0.0077881990069391073 -0.0014378914039349733 -0.010155157196051406 0.0039947213289017996 0.008754309836137477 0 0.0079098992682993408 0.018277642188551043 -0.0016153901475790171 0.003625584275910281 0 0.02569261647129463 0.0054230908283961418 0.00064926634779862585 0.00068238814536936002 0.010666533145537999 0.0027278268036248924 -0.0078694592712708102
leaf_weight=17446 561 987 379 784 5805 2425 290 3081 70883 2842 2018 89314 177 828 248 2317 1232 118 145 438 297 1531 238 157 1156 2129 9285 960 13624 2129
leaf_count=17446 561 987 379 784 5805 2425 290 3081 70883 2842 2018 89314 177 828 248 2317 1232 118 145 438 297 1531 238 157 1156 2129 9285 960 13624 2129
internal_value=-4.32724e-07 -9.28148e-05 -0.000378437 0.000219485 -0.000889239 -0.000741086 -0.000891202 -7.30903e-05 4.10717e-05 0.0031567 -0.000208747 -0.000830385 -0.00521379 -0.0069032 0.00379161 0.00634219 0.00279639 -0.0136675 -0.00528532 0.0123866 0.00655153 0.00605223 0.0073051 0.0111312 0.00142168 -0.000428164 0.0012442 0.0134572 0.00191321 -0.00604154
internal_weight=233824 230377 190022 87280 102742 99481 95527 80613 78824 5923 72901 95119 1789 1612 6667 3134 3954 408 3261 817 1529 3447 2886 1355 3533 2377 40355 1117 22909 3116
internal_count=233824 230377 190022 87280 102742 99481 95527 80613 78824 5923 72901 95119 1789 1612 6667 3134 3954 408 3261 817 1529 3447 2886 1355 3533 2377 40355 1117 22909 3116
is_linear=0
shrinkage=0.03


Tree=6
num_leaves=31
num_cat=0
split_feature=56 26 86 29 22 41 10 40 41 18 137 20 49 22 52 75 70 121 33 15 12 52 142 31 140 146 33 50 43 58
split_gain=97.2585 87.7276 76.7476 63.6314 78.1099 51.1764 68.532 47.7251 78.7507 58.9142 46.1806 45.2002 44.7579 59.4242 43.2577 40.3527 37.7571 36.8119 37.0462 36.5857 35.7172 50.5387 43.8251 35.6033 34.2161 34.0635 33.2453 32.482 43.4258 32.3324
threshold=1.17800509929657 0.016369018703699115 -0.74999999999999989 -0.00027672633586917067 1.0991557836532595 -0.029154593124985691 1.0219122767448428 -0.032162128016352647 -0.037078019231557839 1.0568342208862307 0.54011553525924694 0.89538919925689708 0.98123976588249218 0.90583732724189769 0.90290111303329479 0.075000001117587103 0.038167599588632591 0.68616199493408214 0.017543791793286804 0.95210605859756481 1.005577087402344 0.95207461714744579 1.2589519619941714 0.006123187020421029 1.0417195558547976 0.4944120198488236 0.94553735852241527 0.92307695746421825 1.0692853331565859 0.97572219371795665
decision_type=10 10 2 10 10 10 10 10 10 10 10 10 10 10 10 2 10 10 10 10 10 10 10 10 10 8 10 10 10 8
left_child=1 29 27 5 7 12 10 9 23 14 15 -10 17 24 -5 -7 -15 18 -3 -8 21 -6 -23 -9 -14 -12 -4 -2 -29 -1
right_child=2 3 26 4 20 6 19 8 11 -11 25 -13 13 16 -16 -17 -18 -19 -20 -21 -22 22 -24 -25 -26 -27 -28 28 -30 -31
leaf_value=0.0046110526380967439 0.016360693106296332 0.0055666569842604732 0.0015280981240444172 0.0061210139951745389 0.0037632378976819466 0 0.0016209744364268292 -0.0037803456250603174 -0.0047104159534992933 -0.014998506308961523 0.0008975732098487389 9.949138225823292e-05 0.024081754328187883 -0.0014815641252570687 -0.0049554334245953784 -0.0022057279843850533 0.0015589583127535727 0.0076618376656282516 -0.0030141111723732384 -0.0058573564104806028 -0.00032003841254467548 0.020236021595485241 0 -0.01887283129871237 0 -0.0017017216721215494 -0.01135299495063149 -0.00036311240160364792 0.0091309218470353708 0.00095979937602883459
leaf_weight=2357 398 448 2146 2528 1188 10166 607 464 1774 117 14179 88363 138 4898 317 30926 13812 315 6132 4152 592 403 156 251 118 6637 175 553 1313 38191
leaf_count=2357 398 448 2146 2528 1188 10166 607 464 1774 117 14179 88363 138 4898 317 30926 13812 315 6132 4152 592 403 156 251 118 6637 175 553 1313 38191
internal_value=3.08679e-06 -8.23404e-05 0.00432101 -0.000355652 0.000182184 -0.000917719 -0.00135764 4.33766e-05 -7.5946e-05 0.00377987 -0.00108378 4.754e-07 0.000204933 0.000967807 0.00475615 -0.00166697 0.000746246 -0.00184684 -0.00236934 -0.00483795 0.00557482 0.00772318 0.0152001 -0.00985609 0.0148464 5.35746e-05 0.000340037 0.00823215 0.00618423 0.00118161
internal_weight=233814 229229 4585 188681 96153 92528 66667 93814 90852 2962 61908 90137 25861 18966 2845 41092 18710 6895 6580 4759 2339 1747 559 715 256 20816 2321 2264 1866 40548
internal_count=233814 229229 4585 188681 96153 92528 66667 93814 90852 2962 61908 90137 25861 18966 2845 41092 18710 6895 6580 4759 2339 1747 559 715 256 20816 2321 2264 1866 40548
is_linear=0
shrinkage=0.03


Tree=7
num_leaves=31
num_cat=0
split_feature=16 26 33 27 44 36 42 13 20 3 7 140 10 9 38 35 79 46 23 87 17 68 51 19 29 30 26 31 24 82
split_gain=123.253 80.1937 63.8602 61.5948 61.4633 55.2197 50.7823 47.9744 98.3133 56.1708 49.2828 47.2174 47.1454 46.6974 47.9694 45.2617 55.8235 44.8994 44.5399 44.1338 54.5236 43.2862 42.6185 44.9693 38.8601 41.6004 34.6074 33.3655 51.6466 34.4274
threshold=1.2371981739997866 0.020586787723004821 0.34752047061920172 0.082860667258501067 1.0433447957038882 0.80480685830116283 -0.0023090266622602935 0.98390179872512828 0.97064483165740978 0.017581043764948848 -0.03571429289877414 1.1991527676582339 1.0193011760711672 1.0074709653854372 0.011423177085816862 0.85274469852447521 0.25000000745058065 1.0048454999923708 0.025959716178476814 -0.62499999999999989 1.1467691063880923 0.73333439230918895 0.73140725493431102 0.98206892609596264 -0.0015617753961123524 -0.0052724096458405248 0.054736664518713958 -0.0015374629292637108 0.031708078458905227 0.14166667312383655
decision_type=10 10 8 10 10 10 8 8 10 10 10 10 10 10 10 10 2 10 10 2 8 10 10 10 10 10 8 10 10 2
left_child=1 6 3 4 13 -2 -1 9 15 10 -4 12 -6 14 -3 16 -9 -12 -8 20 -5 -17 -11 -24 25 -10 -22 29 -29 -21
right_child=5 2 7 19 11 -7 18 8 24 22 17 -13 -14 -15 -16 21 -18 -19 -20 27 26 -23 23 -25 -26 -27 -28 28 -30 -31
leaf_value=-6.3859672597287205e-05 0.0023040676144072724 -0.0019873429057935439 -0.01764754084116019 0.020303925908965004 -0.0027887326119543643 0.011589886944480533 0.0014588649893463187 0.0094639945968954271 0.0015241468364572326 -0.010497950937418687 0.0013066854904024889 -9.9534765174273297e-06 -0.0070358369428728668 0.001155844676050697 0.0017521416448716529 -0.0047506874530126916 0 -0.0014645498245002496 0.014446862107746265 -0.01339317753466944 0.0077496348690458084 0.0088815154545707625 0.0071047808536807734 -0.0071914083752618839 0.0012451178734109163 -0.00081730915070129411 -0.00027025959076127038 0.0042623139701480758 -0.0040218443684282264 -0.00092817258004027796
leaf_weight=31893 1398 21741 143 184 9535 1119 37710 2146 8587 135 6212 3717 3365 8003 3497 661 791 30899 225 282 836 280 1645 188 21926 32244 956 1997 972 783
leaf_count=31893 1398 21741 143 184 9535 1119 37710 2146 8587 135 6212 3717 3365 8003 3497 661 791 30899 225 282 836 280 1645 188 21926 32244 956 1997 972 783
internal_value=3.2223e-05 -3.85407e-05 -0.000406625 -0.00122712 -0.00157606 0.0066094 0.000809536 2.3726e-05 0.000516409 -0.000805495 -0.00107356 -0.00307146 -0.003929 -0.000818104 -0.00145634 0.00514296 0.00697261 -0.00099214 0.00155138 0.00161348 0.00526649 -0.000281752 0.0040777 0.00541481 0.000224191 -0.000317038 0.00334984 -0.000119054 0.00144109 -0.0046913
internal_weight=234070 231553 161725 55868 49858 2517 69828 105857 66635 39222 37254 16617 12900 33241 25238 3878 2937 37111 37935 6010 1976 941 1968 1833 62757 40831 1792 4034 2969 1065
internal_count=234070 231553 161725 55868 49858 2517 69828 105857 66635 39222 37254 16617 12900 33241 25238 3878 2937 37111 37935 6010 1976 941 1968 1833 62757 40831 1792 4034 2969 1065
is_linear=0
shrinkage=0.03


Tree=8
num_leaves=31
num_cat=0
split_feature=16 46 37 22 85 33 20 13 117 49 54 33 15 46 41 40 15 115 25 0 86 46 78 5 52 113 34 112 10 62
split_gain=98.3668 92.4013 63.3773 74.5597 63.8633 63.1977 60.0456 57.0336 56.2407 52.9642 50.9188 50.4512 49.6088 48.7835 47.3788 44.2828 43.3727 42.3111 85.676 53.331 48.2015 45.9483 43.2154 41.941 53.7103 40.3549 53.445 40.91 39.5701 42.8504
threshold=1.2187584042549136 1.0472636818885805 0.73765197396278392 0.97430917620658886 -0.72499999403953541 0.49872553348541265 0.89538919925689708 0.98929962515831005 0.34368164837360388 0.83593586087226879 1.0230769515037539 0.93037405610084545 1.1152433156967165 1.1164133548736574 0.01139218080788851 -0.056814657524228089 0.94149720668792736 0.74303728342056286 0.044332016259431846 0.016853940673172477 0.71666666865348827 1.0102577805519106 0.30000000447034841 0.014580814633518459 0.96453014016151439 0.77777710556983959 0.82430565357208263 0.18257576227188113 1.0165417790412905 0.91505518555641185
decision_type=10 8 10 10 2 8 10 8 10 10 10 8 10 10 8 10 8 10 10 10 2 10 10 10 10 10 10 2 10 10
left_child=1 6 3 5 8 14 25 13 -4 11 -7 -6 15 -5 -3 -11 -9 18 21 20 -20 22 -8 -10 -25 27 -27 -1 29 -19
right_child=-2 2 4 7 9 10 17 16 23 12 -12 -13 -14 -15 -16 -17 -18 28 19 -21 -22 -23 -24 24 -26 26 -28 -29 -30 -31
leaf_value=-0.021427875621527242 0.0049819424983687339 -0.0074921233040896327 0.002698160949984485 -0.0013982227601448765 0.017160830224657076 -0.0044515577805478218 0.00064876068717276863 0.0060566580407209244 -0.0023520007625578102 0.0079311571211613079 0.0021285763059433614 -0.0039503648603707552 -0.0052216720093957846 -0.0053051947347141169 0.0010619890886282288 0.0011140953447335211 -0.00050380359987030224 -0.0037662687612436243 0 0.011478837336154651 0.00845145013570733 0.00029016998302946697 0.0035772687402749349 0 -0.019564356760775597 0.0046873455954297124 -0.0073693935174184537 0 0.0041051762601882532 0.0004627775145714229
leaf_weight=217 3437 3793 1806 11463 333 1997 10588 893 5354 896 2148 105 1026 4003 612 20422 69883 4949 1663 962 902 71620 8356 264 292 513 790 106 1049 3601
leaf_count=217 3437 3793 1806 11463 333 1997 10588 893 5354 896 2148 105 1026 4003 612 20422 69883 4949 1663 962 902 71620 8356 264 292 513 790 106 1049 3601
internal_value=-3.91247e-05 -0.000115686 -0.000667279 -0.00105099 0.000515428 -0.00372933 0.000537675 -0.000781181 -0.00182414 0.00132187 -0.00097576 0.0114934 0.00109897 -0.00243437 -0.00623645 0.00142184 -0.000415103 0.000630382 0.000825911 0.00541142 0.00294858 0.000642862 0.00195872 -0.00326111 -0.0111089 -0.00512781 -0.00239671 -0.0144884 -0.00125277 -0.00195319
internal_weight=234043 230606 125290 94792 30498 8550 105316 86242 7716 22782 4145 438 22344 15466 4405 21318 70776 103690 94091 3527 2565 90564 18944 5910 556 1626 1303 323 9599 8550
internal_count=234043 230606 125290 94792 30498 8550 105316 86242 7716 22782 4145 438 22344 15466 4405 21318 70776 103690 94091 3527 2565 90564 18944 5910 556 1626 1303 323 9599 8550
is_linear=0
shrinkage=0.03


Tree=9
num_leaves=31
num_cat=0
split_feature=22 26 86 33 20 86 3 14 24 33 1 42 54 38 6 27 8 55 37 140 23 26 53 31 49 23 24 38 23 33
split_gain=99.5079 96.7879 89.8488 52.2206 56.241 61.1708 65.1869 52.2174 51.8704 48.802 46.7958 46.2237 45.9954 48.0385 52.863 54.9348 46.8008 43.0028 42.6494 40.7803 39.9694 38.8456 37.5846 36.6261 48.5423 34.9557 34.5864 34.5696 31.3166 29.5044
threshold=1.1631824970245364 0.019982968457043174 -0.74999999999999989 0.34752047061920172 0.89538919925689708 0.68333333730697643 0.016990286298096183 0.84652572870254528 0.064486153423786177 0.95544031262397777 0.063521530479192748 -0.0053916461765766135 1.0165418386459353 0.005476199323311449 0.3999976664781571 0.099637616425752654 -0.60000237822532643 0.97024795413017284 0.78880640864372265 0.80680951476097118 0.015644521452486519 0.026717498898506168 1.0374448895454409 0.0033057554392144088 0.91887757182121288 0.022305708378553394 0.011771653778851034 -0.001344304939266294 0.025959716178476814 0.94255933165550243
decision_type=10 10 2 8 10 2 10 8 10 10 10 8 10 10 10 10 10 10 10 10 10 10 8 10 10 10 10 10 10 10
left_child=1 11 10 12 8 7 22 -6 9 25 19 -1 16 14 15 -14 23 -9 21 -2 -16 -18 -7 24 -3 -5 -20 -8 -13 -4
right_child=2 3 29 4 5 6 27 17 -10 -11 -12 28 13 -15 20 -17 18 -19 26 -21 -22 -23 -24 -25 -26 -27 -28 -29 -30 -31
leaf_value=-9.415524053731894e-05 -0.0023953788166025851 0.013381953528368615 0.00019305816876033968 0.0071711539340962192 0.014809171294683378 0.00060353875943664598 0.012107020271738777 -0.0034063493489688034 -0.019985456480465544 0.0098700664577293477 0.015538061026285828 0.0014542688261260273 -0.0028858388656962841 -0.0047580079426582699 0.00020111900768210187 0.0056949686430491546 6.4440595394440876e-05 -0.00023657427122267719 -0.0026866244733478682 0.0072589536812973157 0.0088783972574007965 -0.0024490697927182802 0.0055393659819657267 -0.0027823734690957131 0.0019765964734642944 -0.0075708585631870783 0.0029104887145095827 0.00087494229095816411 0.013210804552753579 -0.011895694090470449
leaf_weight=25954 428 357 1471 130 183 16642 759 4048 188 184 554 39201 11726 5504 2963 672 8090 81862 1283 1954 569 16050 1526 1222 4887 1078 3735 455 192 181
leaf_count=25954 428 357 1471 130 183 16642 759 4048 188 184 554 39201 11726 5504 2963 672 8090 81862 1283 1954 569 16050 1526 1222 4887 1078 3735 455 192 181
internal_value=-7.68247e-06 -9.66094e-05 0.00435584 -0.000486574 -9.27907e-05 -5.26047e-06 0.00151361 -0.000350957 -0.00567538 -0.00327453 0.00750165 0.000878012 -0.00121986 -0.00232171 -0.00145623 -0.00238816 -0.000547561 -0.00039018 -0.00106607 0.00539386 0.0017256 -0.00159495 0.00104025 0.00174043 0.00285793 -0.00564913 0.00141489 0.00822283 0.00152586 -0.00107846
internal_weight=234048 229460 4588 164113 107055 105475 19382 86093 1580 1392 2936 65347 57058 21434 15930 12398 35624 85910 29158 2382 3532 24140 18168 6466 5244 1208 5018 1214 39393 1652
internal_count=234048 229460 4588 164113 107055 105475 19382 86093 1580 1392 2936 65347 57058 21434 15930 12398 35624 85910 29158 2382 3532 24140 18168 6466 5244 1208 5018 1214 39393 1652
is_linear=0
shrinkage=0.03


Tree=10
num_leaves=31
num_cat=0
split_feature=16 26 36 37 56 33 44 12 16 29 48 82 29 127 57 51 53 98 73 27 23 139 11 39 107 42 76 5 17 138
split_gain=98.4795 79.9693 55.103 47.1681 52.0985 52.1001 58.92 60.0657 56.9608 59.5589 54.4507 45.9393 45.7852 56.4054 68.9287 46.4033 43.0248 33.8479 38.582 41.5269 32.761 32.2125 30.8197 28.7453 31.4589 27.8751 26.8417 24.4727 22.2521 18.799
threshold=1.2371981739997866 0.016369018703699115 0.80480685830116283 0.73765197396278392 0.90094760060310375 0.49316965043544775 1.0358306765556338 1.0072150826454165 0.8193650245666505 0.0068750169593840846 0.98920997977256786 0.50833332538604747 -0.0039219181053340426 -0.32652103900909418 1.0953174233436587 0.98866018652915966 1.0022494196891787 0.90000000596046459 0.70000001788139354 0.046341061592102058 0.015756660141050819 0.7071305811405183 0.97647061944007885 0.0079752304591238516 0.33615820109844213 0.097171969711780562 0.050000002607703216 0.0054151474032551059 1.2128251791000368 1.1972840428352358
decision_type=10 10 10 10 10 10 10 10 8 10 10 2 10 10 10 10 10 2 10 10 10 10 10 10 2 10 2 8 10 10
left_child=1 27 -2 4 29 6 10 -8 11 -10 -6 -7 13 22 16 -16 -15 18 19 -14 -4 -22 28 -19 -25 -20 -24 -1 -5 -3
right_child=2 3 20 12 5 8 7 -9 9 -11 -12 -13 17 14 15 -17 -18 23 25 -21 21 -23 26 24 -26 -27 -28 -29 -30 -31
leaf_value=0.0015138493994921174 0.0015601970839664537 -0.012620467396160141 -0.002283327769334043 0 -0.00094307403405313316 0.0096529691010340413 -0.0015492955392758115 -0.0052191092609841661 0.00014036498972291544 -0.0026580302901727921 0.0019597256279899208 -0.0038979540983520786 -0.00046213298743230565 -0.0046743738852141397 -0.0057647975738730961 0 0.0037445295090122325 0 2.1378868257601813e-05 0.0027790123185320176 0.00039886006775747933 0.015014972556110919 0.0055366331996236605 -4.4587446066993969e-05 0.01250847381954222 -0.0072469537631206817 -0.0015108946918179582 -0.00028744165786497727 0.015625965114800626 0
leaf_weight=32325 1424 422 113 122 31944 917 22376 5030 70208 7552 7046 248 4773 688 4218 1915 2142 396 15012 12391 214 829 781 186 609 468 1124 8248 249 156
leaf_count=32325 1424 422 113 122 31944 917 22376 5030 70208 7552 7046 248 4773 688 4218 1915 2142 396 15012 12391 214 829 781 186 609 468 1124 8248 249 156
internal_value=-8.13592e-07 -6.72844e-05 0.00580396 -0.000325508 -0.000588516 -0.000549882 -0.00116917 -0.00223709 -2.49398e-05 -0.00012817 -0.000410074 0.00649804 0.000519048 -0.00112559 -0.00221579 -0.00401278 0.00157411 0.00107455 0.000880485 0.00186076 0.010661 0.0123622 0.00301892 0.00604355 0.00927441 -0.000188074 0.00125007 0.00114032 0.0108058 -0.00945691
internal_weight=234126 231546 2580 190973 145899 145321 66396 27406 78925 77760 38990 1165 45074 11239 8963 6133 2830 33835 32644 17164 1156 1043 2276 1191 795 15480 1905 40573 371 578
internal_count=234126 231546 2580 190973 145899 145321 66396 27406 78925 77760 38990 1165 45074 11239 8963 6133 2830 33835 32644 17164 1156 1043 2276 1191 795 15480 1905 40573 371 578
is_linear=0
shrinkage=0.03


Tree=11
num_leaves=31
num_cat=0
split_feature=56 25 86 29 20 3 23 22 41 18 13 138 86 53 137 71 71 87 72 121 122 120 86 72 17 48 58 118 29 43
split_gain=89.6455 90.7985 69.9437 65.7951 64.7906 72.1991 80.1873 74.1826 57.0233 65.3191 56.4646 53.7697 46.503 45.6718 44.1217 42.3313 41.3655 39.339 38.3156 49.0363 37.5923 36.5763 36.3888 36.3267 35.783 46.3413 34.1718 44.39 41.4285 33.0094
threshold=1.17800509929657 0.012393089011311533 -0.74999999999999989 -0.00046387469046749169 0.89538919925689708 0.017581043764948848 0.015644521452486519 1.0969410538673403 -0.029154593124985691 1.0215193629264834 1.1144962906837466 0.59877917170524608 -0.55000001192092884 1.0012946128845217 0.56028482317924511 0.10204057022929193 0.5193915367126466 0.5416666865348817 0.13333328813314441 0.69811320304870617 0.663366198539734 0.76984122395515453 -0.84999999403953541 0.53433221578598034 1.1467691063880923 0.98447999358177196 0.97267353534698497 0.081633333116769805 0.011370365042239429 1.0244506597518923
decision_type=10 10 2 10 10 10 10 10 10 10 8 10 2 10 10 10 10 2 10 10 10 10 2 10 10 10 10 10 10 10
left_child=1 -1 18 8 26 7 17 16 10 14 13 -8 -9 23 20 -12 -6 -7 19 -2 -10 -15 -20 -3 25 -4 27 -5 -29 -24
right_child=2 3 24 4 5 6 11 12 9 -11 15 -13 -14 21 -16 -17 -18 -19 22 -21 -22 -23 29 -25 -26 -27 -28 28 -30 -31
leaf_value=0.0013527894829718896 -0.0015510020913580098 0.0031208839888752595 0 -0.0014349104722076737 -0.0010587218827589904 -0.0037389045446545865 -0.003601415312748062 0.008310373407883544 -0.0018235433707625452 -0.0049908089380053993 0 0.010389527553253047 0 0.0005209455171047931 6.9713990551709596e-06 -0.013958928550535345 0.00036489750715734638 0.0069140560374917398 0.0013214564043672148 0.0087585997885609532 0.0036693597738768394 0.0068561232685861806 0.0036750998225488119 -0.010972164648474232 -0.0034145702539473779 0.012214366879808309 0.005339039589878386 0 -0.015900637180358917 0.025989481233140471
leaf_weight=33273 565 185 852 785 24812 1074 243 1576 41815 4249 364 1723 907 23643 20356 410 70544 410 176 1156 1099 842 129 518 1108 389 188 203 589 259
leaf_count=33273 565 185 852 785 24812 1074 243 1576 41815 4249 364 1723 907 23643 20356 410 70544 410 176 1156 1099 842 129 518 1108 389 188 203 589 259
internal_value=-9.45421e-06 -9.4202e-05 0.00411122 -0.000340814 0.000179542 0.000282153 0.00453731 0.000128145 -0.000917581 -0.00137766 0.000267527 0.00849032 0.00522642 0.000526574 -0.00112877 -0.00758562 -2.53265e-06 -0.000543429 0.00783099 0.00522273 -0.00167424 0.000756462 0.0148248 -0.00686479 0.000330591 0.00391341 -0.00547819 -0.00700632 -0.0119877 0.0198496
internal_weight=234442 229808 4634 196535 103054 101289 3450 97839 93481 67519 25962 1966 2483 25188 63270 774 95356 1484 2285 1721 42914 24485 564 703 2349 1241 1765 1577 792 388
internal_count=234442 229808 4634 196535 103054 101289 3450 97839 93481 67519 25962 1966 2483 25188 63270 774 95356 1484 2285 1721 42914 24485 564 703 2349 1241 1765 1577 792 388
is_linear=0
shrinkage=0.03


Tree=12
num_leaves=31
num_cat=0
split_feature=22 29 124 57 40 18 71 26 1 121 146 38 17 127 120 18 36 5 138 75 84 100 1 36 34 84 77 32 37 116
split_gain=94.3133 81.0033 55.8732 55.4539 59.1072 95.5538 90.9032 60.5264 48.9224 56.6104 48.0146 47.7863 47.2453 48.565 50.4368 47.9259 46.7165 41.1497 40.8147 47.4345 40.6986 39.2711 64.2035 39.2456 43.9954 62.7571 44.0858 38.2168 45.5464 34.666
threshold=1.1631824970245364 -0.0034421917516738172 -0.65853613615036 1.179965138435364 -0.030046254396438595 1.0247310400009157 0.57894739508628856 0.021433080546557907 0.059808572754263885 0.65306124091148388 0.49326756596565252 -0.027751654386520382 1.1262841224670412 -0.33742281794548029 0.55744275450706493 0.99798592925071727 0.91078796982765209 0.0053681097924709329 0.62389817833900463 0.12500000372529033 0.65000000596046459 0.64852941036224376 0.038618482649326331 0.63551238179206859 0.8970337212085725 -0.84999999403953541 0.091666668653488173 0.0014372169389389457 0.79219344258308422 0.38548882305622106
decision_type=10 8 8 10 10 10 10 10 10 10 10 8 10 10 10 10 10 10 10 2 2 2 10 10 10 2 2 10 10 10
left_child=1 2 -1 4 6 7 20 17 18 -10 29 -9 15 -14 -15 27 -16 -6 19 -2 -3 22 -8 -20 25 -25 -27 -4 -29 -5
right_child=8 3 12 10 5 -7 21 11 9 -11 -12 -13 13 14 16 -17 -18 -19 23 -21 -22 -23 -24 24 -26 26 -28 28 -30 -31
leaf_value=0.00097868993379467487 -0.0097145293688195439 -0.00031456344546534464 -0.0016319291700347494 0.011422356634752721 0.0012069592293585177 -0.0061678694022752126 0.0047233358079933349 -0.015997328676157076 0.0011362135186963886 0.015717758882992882 0.0006366359842368476 -0.00035301613306943215 0.0052215291123366364 0.00039747971041741002 -0.0054319868047354464 -0.00030605665251305533 0.0052441749520405392 -0.0006044324487788509 -0.0011814408486874848 0.0057792104001749642 -0.017112591270073925 0.00075312698118331039 0.015326642202295696 -0.0042171482956781369 0.017086542765542324 0 0.012203192749787312 -0.0082762947261863749 0.00077087324021496548 0.0022542922671279979
leaf_weight=9300 451 3110 7268 932 50219 2208 2600 157 466 616 2212 96602 517 1891 7504 25039 344 14301 816 244 118 1338 693 507 290 425 758 1912 593 786
leaf_count=9300 451 3110 7268 932 50219 2208 2600 157 466 616 2212 96602 517 1891 7504 25039 344 14301 816 244 118 1338 693 507 290 425 758 1912 593 786
internal_value=-1.83941e-05 -0.000104794 -0.0011171 0.000207588 0.000124747 5.97422e-07 0.00266273 8.76614e-05 0.00423661 0.00984455 0.00372456 -0.000384801 -0.00155647 -0.00335713 -0.00385304 -0.00101574 -0.00491375 0.000800749 0.00236686 -0.00384592 -0.00112257 0.00535923 0.00712437 0.00403405 0.00632378 0.00412324 0.00795775 -0.00279902 -0.00602664 0.00747471
internal_weight=234217 229644 54368 175276 171346 163487 7859 161279 4573 1082 3930 96759 45068 10256 9739 34812 7848 64520 3491 695 3228 4631 3293 2796 1980 1690 1183 9773 2505 1718
internal_count=234217 229644 54368 175276 171346 163487 7859 161279 4573 1082 3930 96759 45068 10256 9739 34812 7848 64520 3491 695 3228 4631 3293 2796 1980 1690 1183 9773 2505 1718
is_linear=0
shrinkage=0.03


Tree=13
num_leaves=31
num_cat=0
split_feature=56 25 13 51 29 41 120 25 22 71 0 1 76 53 80 33 33 139 72 120 122 3 115 33 49 68 96 122 1 28
split_gain=86.7459 75.9718 63.8555 72.0502 56.4093 74.7516 69.8201 71.403 85.9744 72.8218 55.7026 54.7789 54.0415 47.77 45.8774 44.6744 46.745 42.9678 41.0134 39.5778 52.7482 37.231 36.8028 36.3408 65.6559 52.7683 32.1646 27.1849 23.796 34.4401
threshold=1.17800509929657 0.012393089011311533 1.1144962906837466 0.95595279335975658 -0.00027672633586917067 -0.029724256135523316 0.25477726757526403 0.04383762180805207 1.1014953255653384 0.5148514211177827 0.028440023772418502 0.022222321480512622 0.083333335816860213 1.0022494196891787 0.27500000596046453 0.97808656096458446 0.70350098609924328 1.1517287492752077 0.34353485703468328 0.75490179657936107 0.48104423284530645 0.020979024469852451 0.21719110757112506 0.8928571641445161 0.9789869785308839 0.15079375356435779 0.13903217017650607 0.65052297711372387 0.017075769603252414 0.0015482650487683716
decision_type=10 10 10 10 10 10 10 10 10 10 10 10 2 10 2 10 10 8 10 10 10 10 8 10 10 10 10 10 10 8
left_child=1 28 4 -4 5 13 10 8 -8 -9 21 12 -7 18 -12 16 19 -13 -3 20 -2 -6 -15 25 -25 26 -18 -26 -1 -30
right_child=15 2 3 -5 6 11 7 9 -10 -11 14 17 -14 22 -16 -17 23 -19 -20 -21 -22 -23 -24 24 27 -27 -28 -29 29 -31
leaf_value=0.0016443377615612954 -0.01242721098255343 0.0093450963149793575 -0.021169332389719783 -0.0013887046815029213 -0.0016944156184230247 0.0010340340416344455 6.7649320887240799e-05 -0.0014491365600902595 0.0078925797844908163 0.0045350664585341056 -0.01076871474139255 -0.0031150870152131141 -0.0012935402839118215 0.0084435244928192134 0.0038662662177087453 -0.011752985506509876 0.021014966760915649 0.00015666903891680385 -0.0083883072728816125 -0.0060311324426918309 0.0051294505954394658 0.0081253228720545891 0.00068490484388077099 0.017040401271032783 0.0029586417757017868 0.0040570782278224323 0 -0.0086528789146903921 -0.0021088965369191175 0.0022748974110339414
leaf_weight=26543 141 104 260 505 8473 11858 79871 2382 1266 6931 1018 18846 35497 553 192 126 487 4253 828 446 1783 334 23283 208 433 558 100 267 4018 2636
leaf_count=26543 141 104 260 505 8473 11858 79871 2382 1266 6931 1018 18846 35497 553 192 126 487 4253 828 446 1783 334 23283 208 433 558 100 267 4018 2636
internal_value=-1.95044e-06 -8.4658e-05 -0.000310211 -0.00886176 -0.000274346 -0.000798138 0.000219175 0.000485209 0.000195355 0.00297251 -0.00214931 -0.00129779 -0.000704178 0.00061094 -0.00817746 0.00408988 0.0046596 -0.0025001 -0.00593959 0.00160549 0.00357388 -0.00127046 0.00088441 0.00799107 0.00295485 0.011608 0.0179216 -0.00117099 0.00124048 -0.000325681
internal_weight=234200 229651 196454 765 195689 95222 100467 90450 81137 9313 10017 70454 47355 24768 1210 4549 4423 23099 932 2370 1924 8807 23836 2053 908 1145 587 700 33197 6654
internal_count=234200 229651 196454 765 195689 95222 100467 90450 81137 9313 10017 70454 47355 24768 1210 4549 4423 23099 932 2370 1924 8807 23836 2053 908 1145 587 700 33197 6654
is_linear=0
shrinkage=0.03


Tree=14
num_leaves=31
num_cat=0
split_feature=16 26 1 33 32 15 86 55 30 81 78 102 36 85 20 58 57 76 4 77 72 81 5 71 1 35 36 52 116 47
split_gain=79.7387 71.4967 54.569 49.6882 58.2149 62.8674 49.5127 49.464 62.1002 55.5877 52.7716 72.0255 43.6791 78.5952 42.7466 40.8091 39.932 39.6538 37.79 37.3562 36.5213 74.1537 56.9966 48.9565 42.1141 42.4057 34.9109 37.1681 45.7784 34.5505
threshold=1.2187584042549136 0.021798705682158474 0.036112304776906974 0.37492032349109655 -0.0044236097019165746 1.1258043646812441 -0.58333334326744068 0.93634843826293956 -0.0004404598730616271 0.083333335816860213 0.30000000447034841 0.54631218314170849 0.80795973539352428 0.82500001788139354 0.97064483165740978 0.97723186016082775 1.2213557958602907 0.48333333432674414 0.42857064306735998 0.041666667908430106 0.48043087124824529 0.78333333134651195 0.0032894503092393283 0.53333309292793285 0.014668299816548826 0.42521820962429052 0.68764051795005809 0.92233011126518261 0.35902626812458044 1.034193813800812
decision_type=10 10 10 8 10 10 2 10 10 2 10 2 10 2 10 8 10 2 10 2 10 2 10 10 10 10 10 10 10 10
left_child=1 2 15 4 5 6 -3 12 9 -9 11 -10 13 18 -12 19 -2 -11 -5 -1 24 23 -23 -22 -6 -26 -18 28 -28 -4
right_child=16 3 29 7 20 -7 -8 8 10 17 14 -13 -14 -15 -16 -17 26 -19 -20 -21 21 22 -24 -25 25 -27 27 -29 -30 -31
leaf_value=-0.0023571419387391247 -0.0025767090065099657 0.010850659435473021 0.0016540807345165655 -0.0051442580253833721 -0.00011791716639683884 -0.0060617741575310852 0.0014513269469450299 -0.004021375333861525 -0.0017556935606197613 -0.00076003530550508471 0.0034179334966467642 0.0023018189526206045 0.0017656800867925577 -0.019074229026834168 0.00087388305287456702 0.00058955615501667254 0.00083623004147165042 0.0017358316622818682 0.012290901525914669 0.0038566208530525468 -0.0044465521561529563 -0.0008129102936795642 0.010669071590507241 -0.00045566628248337114 -0.0047784211234200178 -0.0017746295972570054 0.021344372248225472 0.0054123868762592587 0 -0.0066792276658433581
leaf_weight=937 534 870 565 738 6880 507 1390 4106 12045 36164 8649 5791 525 385 20607 69887 962 6738 105 6162 3187 600 882 22285 7024 11997 341 1502 143 1425
leaf_count=937 534 870 565 738 6880 507 1390 4106 12045 36164 8649 5791 525 385 20607 69887 962 6738 105 6162 3187 600 882 22285 7024 11997 341 1502 143 1425
internal_value=2.17834e-05 -4.51988e-05 0.000685049 -0.000427955 -0.00114111 0.00305307 0.00526467 -1.08397e-05 7.95423e-05 -0.000688155 0.000852205 -0.000420395 -0.00497786 -0.00808337 0.00163805 0.00081552 0.0045155 -0.00036043 -0.00239048 0.00299 -0.00136743 -0.000578492 0.00587184 -0.000969862 -0.00217579 -0.00290347 0.00590997 0.00818525 0.0156388 -0.00417107
internal_weight=233933 230451 78976 151475 55622 2767 2260 95853 94100 47008 47092 17836 1753 1228 29256 76986 3482 42902 843 7099 52855 26954 1482 25472 25901 19021 2948 1986 484 1990
internal_count=233933 230451 78976 151475 55622 2767 2260 95853 94100 47008 47092 17836 1753 1228 29256 76986 3482 42902 843 7099 52855 26954 1482 25472 25901 19021 2948 1986 484 1990
is_linear=0
shrinkage=0.03


Tree=15
num_leaves=31
num_cat=0
split_feature=16 26 40 71 16 38 57 14 118 20 50 86 13 26 39 42 35 57 20 53 24 36 24 75 11 16 76 82 36 1
split_gain=84.3325 72.4237 49.5585 114.781 49.1207 43.3128 64.8744 54.6325 78.296 54.1011 44.5312 40.2662 40.7301 39.7829 47.0667 38.6089 37.9773 36.5678 36.4338 35.9417 39.0309 34.9258 46.6089 31.8655 42.6824 31.4747 37.1488 30.0601 28.3343 28.128
threshold=1.2187584042549136 0.020349695347249511 -0.030046254396438595 0.57894739508628856 1.1677384376525881 -0.022679319605231282 0.94709897041320812 0.92517754435539257 0.32499971985816961 0.89538919925689708 0.77316635847091686 -0.81666666269302357 1.1144962906837466 0.028482339344918731 -0.028535763733088967 -0.0053916461765766135 0.4730942994356156 1.2072330117225649 1.110101103782654 1.0400558114051821 0.039303796365857131 0.68764051795005809 0.038609417155385024 0.12500000372529033 0.99389502406120311 0.8193650245666505 0.88333332538604747 0.058333335444331176 0.055528661236166961 0.028608556836843494
decision_type=10 10 10 10 8 8 10 8 8 10 10 2 8 10 10 8 10 10 10 10 10 10 10 2 10 8 2 2 10 10
left_child=1 15 3 4 11 6 -4 8 9 -7 -10 -3 -13 14 -9 -1 -15 -6 -19 20 28 -2 23 29 -25 26 -21 -27 -5 -23
right_child=21 2 5 19 17 7 -8 13 10 -11 -12 12 -14 16 -16 -17 -18 18 -20 25 -22 22 -24 24 -26 27 -28 -29 -30 -31
leaf_value=-0.00014987062010366584 0 -0.0059272846391019767 -0.022921639767345351 0.016128813847439191 0 -0.0049566374997571409 -0.0016507820740765016 -0.011182098351094514 -0.0050962077126947827 0.0011373244960304113 0.0076662578688366269 2.77431481217569e-05 -0.0072837501779895878 -0.0020455207196101118 -3.9459136926151552e-05 0.0012969977362066408 -0.00067715289194957679 0.014849717309442135 9.0632781621466564e-06 0.0013460548760721813 -0.0088793258988801877 0.0032232896703621103 0.010381399025205792 -0.0009099480918643468 0.017969603147999995 -0.0017232293588738258 0.024662393743513217 0.0084883699942201064 0.0030625302867529711 -0.0086452869892540852
leaf_weight=27190 1093 1433 176 152 813 1549 497 324 235 7891 2115 8764 717 29671 51947 41243 50132 416 289 128 202 326 1328 167 183 288 204 923 3528 315
leaf_count=27190 1093 1433 176 152 813 1549 497 324 235 7891 2115 8764 717 29671 51947 41243 50132 416 289 128 202 326 1328 167 183 288 204 923 3528 315
internal_value=-2.82565e-05 -9.89273e-05 -0.000445018 0.00103888 -0.000529569 -0.000630541 -0.00814732 -0.000592165 0.0013538 9.72949e-05 0.00623119 -0.00125634 -0.000507781 -0.000768327 -0.000118514 0.000717865 -0.00119006 0.00444901 0.00934797 0.00467698 0.00299047 0.00463804 0.00670837 0.00138156 0.00858829 0.00863555 0.0171125 0.0058276 0.00376757 -0.00224041
internal_weight=234239 230827 162394 17857 12432 144537 673 143864 11790 9440 2350 10914 9481 132074 52271 68433 79803 1518 705 5425 3882 3412 2319 991 350 1543 332 1211 3680 641
internal_count=234239 230827 162394 17857 12432 144537 673 143864 11790 9440 2350 10914 9481 132074 52271 68433 79803 1518 705 5425 3882 3412 2319 991 350 1543 332 1211 3680 641
is_linear=0
shrinkage=0.03


Tree=16
num_leaves=31
num_cat=0
split_feature=56 26 13 86 55 40 38 14 2 17 5 41 26 81 55 84 1 45 1 122 14 39 54 38 43 37 112 124 5 59
split_gain=76.7541 72.8243 53.3896 47.5622 63.8514 61.3083 70.9734 59.3892 59.3987 52.3556 46.7257 45.472 44.2838 42.0613 40.9968 31.854 47.3808 31.7437 30.0181 65.3975 49.0085 48.7448 46.9728 50.9306 37.4125 37.9053 35.477 31.867 29.5571 27.1067
threshold=1.1565067768096926 0.020586787723004821 1.1144962906837466 0.78333333134651195 0.93634843826293956 -0.035623051226139062 -0.022679319605231282 0.92292153835296642 0.75000011920928966 1.068355441093445 0.0083130286075174826 0.0016365201445296409 0.050204845145344741 0.61666667461395275 0.97024795413017284 0.65000000596046459 0.037037039175629623 1.0027225613594057 0.057004036381840713 0.63535913825035106 1.0635208487510683 -0.01758275460451841 1.0841772556304934 0.0019900568295270209 1.0572754144668581 0.80146336555480968 -0.13003220409154889 -0.50789493322372425 0.0050986087881028661 1.0684710741043093
decision_type=10 10 10 2 10 10 10 8 10 10 10 10 10 2 10 2 10 8 10 10 10 10 10 10 10 10 2 10 8 10
left_child=1 17 3 4 10 15 11 8 -6 -8 -3 -7 -4 -2 -9 16 -5 -1 20 -20 24 26 23 -23 25 -15 29 -28 -19 -22
right_child=13 2 12 5 7 6 9 14 -10 -11 -12 -13 -14 18 -16 -17 -18 28 19 -21 21 22 -24 -25 -26 -27 27 -29 -30 -31
leaf_value=0.0034432780018430961 -0.0042489926006781748 -0.016387955676950051 -0.00086610060458516944 0.0032236279790791179 0.00062820624708697682 0 0.0010969454614017066 -0.0043105941528909092 0.0076736636344061143 -0.0072034187201486712 0 -0.027258466511474812 -0.018372154993496159 0.0067471655707862415 -0.00063247476072023393 -0.0025326319864873649 0.01695517287073333 0.00091852407025705678 0.0022769914051995552 0.01631584739900999 -0.013130673615642907 0.003329777305184415 0.0065864865877729405 -0.0077965153478519776 0.015387612884106212 -0.0066948988046749954 -0.0042644897347530551 0.012190191095546345 -0.00052148406529968028 0.00088955985813326925
leaf_weight=3622 603 381 325 604 5010 115 16780 2801 1397 686 290 114 255 877 127078 189 440 49454 869 499 442 921 1439 579 383 201 258 143 17017 114
leaf_count=3622 603 381 325 604 5010 115 16780 2801 1397 686 290 114 255 877 127078 189 440 49454 869 499 442 921 1439 579 383 201 258 143 17017 114
internal_value=-2.35341e-06 -0.000101495 -0.000462636 -0.000426185 -0.000622352 0.00097654 0.000503634 -0.000573805 0.00223019 0.000745915 -0.00974653 -0.0153461 -0.00941858 0.00301389 -0.000714759 0.0074075 0.00950275 0.000700283 0.00372027 0.00777534 0.00260388 0.000747496 0.00272825 -0.000813679 0.00727471 0.00389129 -0.00495977 0.00119115 0.000545315 -0.00980411
internal_weight=233886 226558 156465 155885 136957 18928 17695 136286 6407 17466 671 229 580 7328 129879 1233 1044 70093 6725 1368 5357 3896 2939 1500 1461 1078 957 401 66471 556
internal_count=233886 226558 156465 155885 136957 18928 17695 136286 6407 17466 671 229 580 7328 129879 1233 1044 70093 6725 1368 5357 3896 2939 1500 1461 1078 957 401 66471 556
is_linear=0
shrinkage=0.03


Tree=17
num_leaves=31
num_cat=0
split_feature=61 29 49 20 50 56 1 115 45 52 34 115 24 42 50 37 38 33 59 45 37 17 60 41 137 15 33 9 42 61
split_gain=73.5484 72.5863 63.1971 54.4037 68.9017 69.8946 50.0853 82.5594 49.8526 48.5684 72.9984 60.9816 42.0681 57.6966 54.7028 41.2661 44.1747 39.8788 40.8536 39.7582 69.8784 53.2261 48.326 41.6225 38.3952 36.9179 36.159 36.0721 38.9881 35.687
threshold=1.0633731484413149 -0.0034421917516738172 0.98148152232170116 0.89538919925689708 0.84535300731658947 0.99926751852035534 0.059808572754263885 0.68382355570793163 1.0534632205963137 0.97847357392311107 0.86461934447288524 0.29213486611843115 0.030237889848649505 -0.075575377792119966 0.99689438939094555 0.73765197396278392 0.012510271742939951 0.92170125246047985 1.0684710741043093 1.0245186090469363 0.68441787362098705 1.0807009935379031 0.91563794016838085 0.035786731168627746 0.52194780111312877 0.94601109623909008 0.93326029181480419 1.0038914680480959 -0.044535322114825242 1.0524027943611147
decision_type=10 8 10 8 8 10 10 10 10 10 10 10 10 10 10 10 10 10 10 8 8 10 8 10 10 10 10 10 10 10
left_child=1 2 24 15 5 6 8 -8 -5 11 17 -2 13 -4 29 -3 -17 -11 -19 21 22 25 -21 -23 27 -6 -7 -1 -29 -14
right_child=9 3 12 4 19 26 7 -9 -10 10 -12 -13 14 -15 -16 16 -18 18 -20 20 -22 23 -24 -25 -26 -27 -28 28 -30 -31
leaf_value=-0.0024640148440004984 0.013136739213498351 -0.0082396790574298488 0.0056425377468911561 0.0013222718180065977 2.5133140682173181e-05 0.0090968514743796948 0.025255811106858414 -0.00053648027869539834 -0.010089048220180585 0.00099446498279097558 0.0070612623806341175 0.0022065868058122472 -0.0029781934742439953 -8.6289526559900757e-05 -0.010607234938161229 0.0061241664856989415 -0.012197858374550818 -0.0108817876950812 0.0031532762770581503 0.0042648589626605666 0.0010480801650727123 -0.00022397265561312096 -0.00084555236667849286 -0.005893967191256789 -0.00047280648275102566 0.0015529357405015692 -0.0049035397946136068 -0.0010613711081360311 -0.0094663500552847352 0.0044535319734043599
leaf_weight=11852 870 1166 1662 5211 23330 1836 181 201 346 1409 1229 1138 2598 25347 696 444 135 633 210 1669 27834 3810 69898 1740 7373 38193 141 863 1542 705
leaf_count=11852 870 1166 1662 5211 23330 1836 181 201 346 1409 1229 1138 2598 25347 696 444 135 633 210 1669 27834 3810 69898 1740 7373 38193 141 863 1542 705
internal_value=2.39214e-05 -5.72685e-05 -0.00103561 0.000233489 0.000288123 0.00302121 0.00132272 0.0115867 0.000524334 0.00345017 0.00118825 0.00717304 -0.000156666 0.000259049 -0.00302634 -0.00499791 0.00108672 -0.00191878 -0.00704583 0.000156013 -0.000222516 0.000721357 -0.000721025 -0.00207023 -0.00228046 0.000978652 0.00790901 -0.0031923 -0.00660768 -0.00128441
internal_weight=234262 228773 52638 176135 174390 7916 5939 382 5557 5489 3481 2008 31008 27009 3999 1745 579 2252 843 166474 99401 67073 71567 5550 21630 61523 1977 14257 2405 3303
internal_count=234262 228773 52638 176135 174390 7916 5939 382 5557 5489 3481 2008 31008 27009 3999 1745 579 2252 843 166474 99401 67073 71567 5550 21630 61523 1977 14257 2405 3303
is_linear=0
shrinkage=0.03


Tree=18
num_leaves=31
num_cat=0
split_feature=16 26 86 3 55 49 118 33 49 82 114 38 23 120 23 35 62 1 32 27 30 124 117 113 9 40 140 87 45 34
split_gain=78.3989 67.4767 54.5139 62.8036 44.03 44.6422 60.0694 62.092 41.5626 37.078 38.8939 49.7351 35.1267 34.9181 35.9497 33.7914 56.8449 41.2467 29.8894 27.1495 25.5376 26.2038 25.4901 24.2246 23.5771 22.7547 21.8846 20.5336 22.5177 19.6104
threshold=1.2371981739997866 0.016369018703699115 0.81666666269302379 0.017581043764948848 0.93634843826293956 0.83593586087226879 0.18840656429529193 0.93037405610084545 0.87133866548538219 0.52500000596046459 0.74100705981254589 -0.0085132210515439493 0.015644521452486519 0.24866283684968951 0.040984386578202255 0.4632758647203446 1.0150018930435183 0.059808572754263885 0.0022840917808935051 0.051127910614013679 -0.0068655225913971654 -0.26385766267776484 0.66877779364585888 0.89473649859428417 0.9782417118549348 0.02558198478072882 0.81441175937652599 -0.32500000298023218 1.032428562641144 0.62461367249488842
decision_type=10 10 2 10 10 10 10 10 10 2 10 10 10 10 10 10 10 10 10 10 10 10 10 10 10 10 10 2 10 10
left_child=1 27 4 9 24 6 7 -6 -5 13 19 -12 18 23 -15 16 -7 -17 -10 -11 26 -22 -14 -4 29 -23 -2 28 -1 -3
right_child=20 2 3 8 5 15 -8 -9 12 10 11 -13 22 14 -16 17 -18 -19 -20 -21 21 25 -24 -25 -26 -27 -28 -29 -30 -31
leaf_value=0.0030967953839817811 0 0 -0.0042787563992316945 -0.0015627248779860104 0.017297504619161075 -0.00057566095317077536 -0.0021754459113950226 -0.0033508739903843473 -0.0057439560224836475 -0.0022823198696500105 0.016050319620970119 -0.0011142130297525654 0.018374227972916986 0.0023411416114233383 -0.010041739810528099 -0.00014319530045872137 -0.0028272648201808828 0.0048331714690343008 0.012633864758483701 -0.012117526070987249 -0.0045470831928209263 0.010296192484137949 0 0.0016021991748135696 -0.00022557923274517462 -0.0030271650957093424 0.0090385228138059534 0.00060030988111751558 0.00027632150279079619 -0.015478378697058984
leaf_weight=7543 369 112 1455 247 449 71780 431 143 163 777 154 1048 472 11444 187 86685 11870 1504 113 457 400 303 110 993 313 123 1353 28802 4220 330
leaf_count=7543 369 112 1455 247 449 71780 431 143 163 777 154 1048 472 11444 187 86685 11870 1504 113 457 400 303 110 993 313 123 1353 28802 4220 330
internal_value=-3.31967e-06 -6.2345e-05 -0.000299324 0.00128522 -0.000461993 -0.000428115 0.00573846 0.0118731 0.00817377 0.000796842 -0.00256364 0.0010661 0.0112901 0.00140237 0.00209941 -0.000467236 -0.00089935 -5.38493e-05 0.00111203 -0.0062991 0.0052083 0.000452731 0.0154212 -0.00177801 -0.00762012 0.00581342 0.00728582 0.00104706 0.00211259 -0.0119707
internal_weight=234350 231802 191237 17620 173617 172862 1023 592 1105 16515 2436 1202 858 14079 11631 171839 83650 88189 276 1234 2548 826 582 2448 755 426 1722 40565 11763 442
internal_count=234350 231802 191237 17620 173617 172862 1023 592 1105 16515 2436 1202 858 14079 11631 171839 83650 88189 276 1234 2548 826 582 2448 755 426 1722 40565 11763 442
is_linear=0
shrinkage=0.03


Tree=19
num_leaves=31
num_cat=0
split_feature=22 16 29 49 57 25 82 71 40 14 18 115 73 42 24 41 119 137 140 36 69 146 35 82 62 5 82 40 12 39
split_gain=85.3175 64.5672 62.6432 57.0581 55.5343 48.4097 45.4484 44.4293 76.9135 75.992 66.8351 54.115 46.7681 43.0222 41.353 40.5774 39.2148 38.4709 36.4071 46.0868 35.4333 34.9925 33.4745 33.2312 31.0103 30.7683 30.4673 40.1297 37.6515 33.3304
threshold=1.1631824970245364 1.1620742082595827 -0.0034421917516738172 0.98148152232170116 1.1640576720237734 0.012393089011311533 0.25833334028720861 0.52380958199501049 -0.028186188079416748 0.96248164772987377 1.0247310400009157 0.74303728342056286 0.5000000149011613 -0.070990156382322298 0.02767240442335606 -0.028081274591386315 0.86618393659591686 0.54011553525924694 0.80680951476097118 0.80795973539352428 0.12307715043425561 0.49356052279472357 0.54434758424758922 0.041666667908430106 0.89728403091430675 0.0021505715558305387 0.92500001192092907 0.0046501629985868939 1.0040136575698855 0.031500518321990974
decision_type=10 10 8 10 10 10 2 10 10 10 10 10 10 10 8 10 10 10 10 10 10 10 10 2 10 10 2 10 10 10
left_child=2 -2 3 17 5 -4 13 9 -9 12 -11 -10 -7 23 15 24 20 26 -3 -20 -16 -6 -17 -5 -8 -23 27 -1 -29 -28
right_child=1 18 4 6 21 7 14 8 11 10 -12 -13 -14 -15 16 22 -18 -19 19 -21 -22 25 -24 -25 -26 -27 29 28 -30 -31
leaf_value=-0.0026843798160369561 -0.0046216912403208568 -0.00010628812626775658 0.0011608655365489885 0.00047467372407591799 0.005870318778217672 0 0.016155018525275712 0.0035849315799384479 0.00032780898791820218 -0.00024576640803830688 -0.0048618659948777279 -0.002020390404340103 -0.008116090835686764 0.00026063750499744732 -0.0060685812385243417 -0.0031831575204781929 0.0010889376080235862 -0.00026911932407323343 0.003302852074681398 0.010851531795482386 0.00094344658079260218 -0.0038036844848315086 0.00011289885931073455 0.0074286577367050181 0.0013437068791421389 0.0027483605121800233 -0.0024054425100229664 -0.0059598335113951531 -0.019204799642263935 0.0032444526922486895
leaf_weight=5502 617 750 32018 1155 2418 938 115 5877 70968 44870 3010 10063 1985 7608 3258 4793 1295 6982 1788 1465 714 831 6148 1618 6129 2426 5390 2468 226 1080
leaf_count=5502 617 750 32018 1155 2418 938 115 5877 70968 44870 3010 10063 1985 7608 3258 4793 1295 6982 1788 1465 714 831 6148 1618 6129 2426 5390 2468 226 1080
internal_value=1.4549e-05 0.00404315 -6.54536e-05 -0.000954838 0.000209159 0.000109539 -0.000156306 -0.000132851 0.000276542 -0.00083893 -0.000544132 3.20651e-05 -0.0055294 0.00147236 -0.000923334 -0.000190689 -0.00324728 -0.00215085 0.00546961 0.00683962 -0.00473455 0.00312509 -0.00130683 0.00466376 0.0017151 0.000972095 -0.00302466 -0.00425701 -0.00731483 -0.00140902
internal_weight=234505 4620 229885 54481 175404 169729 32833 137711 86908 50803 47880 81031 2923 10381 22452 17185 5267 21648 4003 3253 3972 5675 10941 2773 6244 3257 14666 8196 2694 6470
internal_count=234505 4620 229885 54481 175404 169729 32833 137711 86908 50803 47880 81031 2923 10381 22452 17185 5267 21648 4003 3253 3972 5675 10941 2773 6244 3257 14666 8196 2694 6470
is_linear=0
shrinkage=0.03


Tree=20
num_leaves=31
num_cat=0
split_feature=61 30 120 77 15 124 39 29 28 30 52 116 30 11 29 33 9 38 51 18 36 68 9 27 17 81 142 137 72 39
split_gain=78.9908 62.2548 51.8335 49.2804 80.2221 52.8108 67.7971 59.2275 50.2993 49.1165 66.0733 48.4195 52.0131 47.0912 46.4759 45.2067 43.3127 40.628 39.3683 53.2522 38.3421 37.2817 36.5764 45.1262 50.7044 34.2438 33.2767 32.4363 32.111 31.7017
threshold=1.0633731484413149 -0.00037274016358423973 0.25477726757526403 0.091666668653488173 0.88008892536163341 0.45946027338504797 -0.015431449282914398 0.0073898765258491048 0.011142284143716099 -0.0056561417877674094 0.97900292277336132 0.56770834326744091 -0.0021040498977527018 0.99069371819496166 0.0032032406888902192 0.97808656096458446 1.0067476630210879 -0.027751654386520382 0.83334890007972728 0.94324955344200145 0.77533560991287243 0.62500122189521801 0.97341594099998485 0.077234979718923583 0.73839041590690624 0.050000002607703216 0.95497286319732677 0.50134053826332103 0.65540549159049999 0.0091820815578103083
decision_type=10 8 8 2 8 10 8 10 10 10 10 8 10 10 10 10 10 10 10 10 10 10 10 8 10 2 10 10 10 10
left_child=1 11 22 4 14 7 -7 8 -5 10 20 18 21 25 -4 -12 -11 -9 19 -1 -2 -13 23 24 -3 -6 -22 -20 -16 -24
right_child=9 2 3 5 13 6 -8 17 -10 16 15 12 -14 -15 28 -17 -18 -19 27 -21 26 -23 29 -25 -26 -27 -28 -29 -30 -31
leaf_value=-0.0087377233104780315 0.0060982736510835998 0.0066927466268154679 0.016711334357697828 0.00057610050489608356 0.0019617550431226716 0.0084712100836752142 0.001793476658257585 -0.017078126135735425 0.0047572771350834989 -0.0095078469081943829 0.0030761555622136213 -0.01382756520557406 -0.0016660985659046831 0.00010502638197321881 -0.00846108636674168 -0.013608892515630406 0.0018338164536369601 -0.0023198105455566353 -0.00094022793648669805 0.0097997938775447879 0.0017077274594164216 -0.0027565439035256321 -0.001766337597578926 -0.017069706164468016 -0.0073274727957430416 -0.00331707818541723 0.021117604228853296 0.00017283963944616257 0.0070759101079229435 0.0026812529703508256
leaf_weight=142 1089 297 340 65189 1191 1535 14443 167 2705 368 2033 639 4304 14463 149 133 1304 3433 62352 663 146 630 7652 269 740 8138 402 37211 343 1715
leaf_count=142 1089 297 340 65189 1191 1535 14443 167 2705 368 2033 639 4304 14463 149 133 1304 3433 62352 663 146 630 7652 269 740 8138 402 37211 343 1715
internal_value=0 -8.56474e-05 0.000372585 0.000564854 -0.0006131 0.00089995 0.00246354 0.00054572 0.000748454 0.00355418 0.00543847 -0.000619468 -0.00334495 -0.000947587 0.00839755 0.00179926 -0.000568009 -0.00317788 -0.000464509 0.00603363 0.00999282 -0.0086921 -0.00161599 -0.00632008 -0.00297756 -0.0026083 0.0167167 -0.000521263 0.00163795 -0.000916093
internal_weight=234185 228710 122769 112096 24624 87472 15978 71494 67894 5475 3803 105941 5573 23792 832 2166 1672 3600 100368 805 1637 1269 10673 1306 1037 9329 548 99563 492 9367
internal_count=234185 228710 122769 112096 24624 87472 15978 71494 67894 5475 3803 105941 5573 23792 832 2166 1672 3600 100368 805 1637 1269 10673 1306 1037 9329 548 99563 492 9367
is_linear=0
shrinkage=0.03


Tree=21
num_leaves=31
num_cat=0
split_feature=16 25 40 71 18 73 25 58 39 124 58 61 46 29 18 84 61 36 16 17 12 141 116 36 56 85 36 38 38 37
split_gain=75.5698 55.6277 43.4659 87.0511 57.5115 83.0592 52.3761 44.7564 43.6599 70.8844 81.641 61.2591 48.6797 56.421 41.249 38.3556 36.9189 35.7477 35.525 34.9732 34.2129 33.2891 32.7802 31.393 38.9496 31.1073 34.7612 26.4704 22.6285 22.4519
threshold=1.2187584042549136 0.012507942505180837 -0.030046254396438595 0.57894739508628856 1.0247310400009157 0.5000000149011613 0.034401470795273788 1.0170751810073855 -0.012918530032038687 0.46666772663593298 0.97168961167335521 0.90021196007728588 1.0084279179573061 0.0065621112007647761 1.0274850130081179 0.65000000596046459 1.0633731484413149 0.04666359722614289 1.1677384376525881 1.2250112295150759 1.011827886104584 1.086665987968445 0.6212122142314912 0.80795973539352428 1.17800509929657 -0.87499999999999989 0.90583983063697826 0.00099930079886689804 0.0011952208587899806 0.65757986903190624
decision_type=10 10 10 10 8 10 10 10 10 10 10 10 10 10 10 2 10 10 8 10 10 10 10 10 10 2 10 10 10 8
left_child=1 29 3 15 8 6 -6 -8 9 11 -11 -4 13 -10 17 18 -14 -5 19 -3 -19 22 -16 -2 -25 -26 28 -20 -27 -1
right_child=23 2 4 14 5 -7 7 -9 12 10 -12 -13 16 -15 21 -17 -18 20 27 -21 -22 -23 -24 24 25 26 -28 -29 -30 -31
leaf_value=0.0005841925857859873 0.0016105934014269754 -1.6993398162551416e-05 -0.0065332016716994415 0.017049465443200941 -0.0043937469411878443 -0.011225178854742491 -0.0012415938514943588 0.008389045183657972 0.0021986669121291749 -0.013558902942386339 0.006240366786410231 0.00073879846869912783 -0.00069089780387785252 -0.0015418301031848397 0.0042727490117919912 -0.015281230692014147 0.0056879774998446807 0.0032868251560650434 0.0067172718260801083 -0.0059218609199968818 -0.0045058091795957952 0.00375171086369849 0.021000349964229011 -0.00073948889054347182 0.0036662212281567959 0.023352725774622669 0 -0.0014256141354838433 0.0069298181811240931 0.002344503096281618
leaf_weight=24910 1898 11006 1102 139 2446 1001 1071 663 11805 172 3134 14270 136069 5126 247 129 792 3512 1121 974 545 642 323 324 531 323 150 436 207 9207
leaf_count=24910 1898 11006 1102 139 2446 1001 1071 663 11805 172 3134 14270 136069 5126 247 129 792 3512 1121 974 545 642 323 324 531 323 150 436 207 9207
internal_value=1.74231e-05 -4.71825e-05 -0.000242391 0.00111372 -0.000389792 -0.00350332 -0.00153806 0.00232334 -0.000294127 0.00106995 0.00504474 0.000190175 -0.000461862 0.00104802 0.00432972 -0.000141479 -0.000650967 0.00279273 2.99684e-06 -0.000531142 0.00214944 0.00927563 0.0146508 0.00442363 0.00764352 0.0101057 0.0144571 0.00425766 0.0179692 0.00106912
internal_weight=234275 230842 196725 19074 177651 5181 4180 1734 172470 18678 3306 15372 153792 16931 5408 13666 136861 4196 13537 11980 4057 1212 570 3433 1535 1211 680 1557 530 34117
internal_count=234275 230842 196725 19074 177651 5181 4180 1734 172470 18678 3306 15372 153792 16931 5408 13666 136861 4196 13537 11980 4057 1212 570 3433 1535 1211 680 1557 530 34117
is_linear=0
shrinkage=0.03


Tree=22
num_leaves=31
num_cat=0
split_feature=61 30 33 9 45 50 55 38 33 114 27 18 9 53 86 115 46 20 77 41 14 33 29 60 5 5 28 123 17 9
split_gain=60.5716 59.575 51.763 49.9552 48.9433 47.2103 107.344 51.4751 44.2269 74.3945 51.3548 70.7536 44.4905 43.9458 43.121 41.6022 41.0885 56.9409 40.021 42.279 40.1457 39.8113 47.869 39.4635 39.3216 37.6007 37.4605 36.6334 35.8286 32.0387
threshold=1.0633731484413149 -0.0055242755915969602 0.97808656096458446 1.0067476630210879 1.02948534488678 0.84081435203552257 0.96210509538650524 0.012130738701671364 0.50355270504951488 0.55656805634498607 0.095511361956596388 1.0219895243644717 1.0315272808074953 0.99352267384529125 -0.78333333134651173 0.74303728342056286 1.0048454999923708 0.89538919925689708 0.091666668653488173 0.028974057175219062 0.88812506198883068 0.23564124852418902 -0.00088760940707288672 0.92408838868141185 0.013628623448312284 0.017185370437800888 0.0039035598747432236 0.59663811326026928 0.92202982306480419 0.97149991989135753
decision_type=10 10 10 10 8 8 10 10 8 10 8 10 10 8 2 10 10 10 2 10 8 10 10 8 10 10 8 8 8 10
left_child=4 2 -2 -3 15 6 24 21 9 10 11 -7 -11 -10 -12 16 26 -18 19 -19 -20 -8 -23 28 -6 -25 -1 -28 -15 -17
right_child=1 3 -4 -5 5 8 7 -9 13 12 14 -13 -14 23 -16 29 17 18 20 -21 -22 22 -24 25 -26 -27 27 -29 -30 -31
leaf_value=-0.0003672459065487666 0.0059897836480434542 -0.010961826892740563 -0.0096519118960991142 0.0011653091011918422 -0.018240431854344399 -0.00053650864575688372 0.00089954234221902973 -0.0042242716603504956 -0.0027782586413757399 -0.0027361825338627637 0.010405469522937326 -0.0063385356889694988 -0.011839176301029947 0.0005794491110889693 0.0012037225755982934 -0.0061039765248354213 -0.012906866291379358 3.3638189767721433e-05 0.0084913902473246709 -0.0037174988479639045 0.00088358858512187547 -0.0026685072502370183 0.010877578299216355 0.00029244965210101275 0.00075825117205775632 -0.0033231345865645245 0.0071044135614213117 0.0021884713043623825 0.011950645772960747 -0.00064301827308869226
leaf_weight=2512 3698 371 169 1261 247 49985 905 428 4614 11469 609 1961 512 634 2098 1100 262 13327 623 3325 49698 227 1589 63799 107 2671 2144 4567 471 8788
leaf_count=2512 3698 371 169 1261 247 49985 905 428 4614 11469 609 1961 512 634 2098 1100 262 13327 623 3325 49698 227 1589 63799 107 2671 2144 4567 471 8788
internal_value=3.79043e-05 0.00314414 0.00518287 -0.00150927 -3.57495e-05 -0.000378813 0.00303963 0.00488561 -0.000467658 -0.00102506 -0.000548538 -0.000763668 -0.00316927 4.28418e-05 0.003445 0.000526212 0.000765541 0.000502036 0.000562807 -0.00070094 0.000987073 0.00644837 0.0090103 0.000240669 -0.0119623 0.000141695 0.00264877 0.00382001 0.00581931 -0.0012919
internal_weight=234171 5499 3867 1632 228672 142326 3503 3149 138823 66634 54653 51946 11981 72189 2707 86346 76458 67235 66973 16652 50321 2721 1816 67575 354 66470 9223 6711 1105 9888
internal_count=234171 5499 3867 1632 228672 142326 3503 3149 138823 66634 54653 51946 11981 72189 2707 86346 76458 67235 66973 16652 50321 2721 1816 67575 354 66470 9223 6711 1105 9888
is_linear=0
shrinkage=0.03


Tree=23
num_leaves=31
num_cat=0
split_feature=61 46 53 35 73 53 14 38 33 32 48 1 49 38 24 32 2 55 29 81 57 14 140 84 42 41 102 34 10 107
split_gain=57.268 57.4749 51.642 49.101 50.45 46.201 44.7987 82.1793 74.3097 66.776 59.6479 56.7839 53.9692 46.8675 44.8603 59.8737 43.3617 41.749 39.9385 49.8106 47.5335 37.6849 37.2919 34.5342 34.2738 33.8865 33.8787 31.5625 30.4287 30.4163
threshold=1.0633731484413149 1.0084279179573061 0.97664606571197521 0.83599993586540233 0.5000000149011613 1.10831755399704 0.92292153835296642 -0.022679319605231282 0.80387863516807567 0.0034057744778692727 0.98133945465087902 0.027293001301586631 0.83593586087226879 -0.0011025343555957077 0.030237889848649505 0.0029108392773196106 -0.86666175723075856 0.94924569129943859 0.0064188078977167615 0.28333334624767309 1.0631701350212099 0.95146611332893383 0.83398255705833446 0.84999999403953563 0.10232628136873247 0.022178583778440956 0.53923079371452343 0.59205785393714916 1.0097466111183169 0.516954004764557
decision_type=10 8 8 10 10 10 8 10 10 10 8 10 10 10 10 10 10 10 10 2 10 8 10 2 10 10 2 10 10 2
left_child=1 18 17 5 22 -2 7 9 11 -4 12 -9 -8 -14 15 -12 -16 27 25 24 23 -19 -5 26 -20 -1 -21 -3 -10 -27
right_child=3 2 6 4 -6 -7 10 8 28 -11 14 -13 13 -15 16 -17 -18 21 19 20 -22 -23 -24 -25 -26 29 -28 -29 -30 -31
leaf_value=0.0013335964625984763 0.0025262465783486522 0 0 0 -0.007087583844973282 -0.0068366763052342067 0.0096368440008858941 0.001306960297059764 0.0022452237444128497 -0.025611442982086112 0.00019231246331324005 0.0078612048796099648 -4.3464988906591979e-05 -0.0014431443882940388 -0.0094244032029547741 0.0037933049788708402 -0.0013225047076529846 0.0040575609267027553 0.0029329750549683996 -0.012023231385433713 0.011756768189370631 -0.0057245320566924381 0.012668091393993081 -0.00029849099397290284 -0.0044451348002084992 0.0056880523794050437 -4.1995038069231903e-05 -0.020297809426724291 -0.004590848403305022 -0.0014736388926537502
leaf_weight=11677 3548 100 191 304 145 516 416 2401 954 148 96707 2638 36198 54809 694 4340 4611 455 2792 848 123 1156 969 775 666 3400 349 233 1330 549
leaf_count=11677 3548 100 191 304 145 516 416 2401 954 148 96707 2638 36198 54809 694 4340 4611 455 2792 848 123 1156 969 775 666 3400 349 233 1330 549
internal_value=-5.88683e-06 -7.99657e-05 -0.000233281 0.00301721 0.0078244 0.00123633 -0.000185461 0.00205772 0.00277113 -0.0118134 -0.00027408 0.00481503 -0.000836573 -0.00088985 0.0002067 0.000350665 -0.00247015 -0.0050807 0.00140592 -0.000737409 -0.00440082 -0.00276193 0.00983831 -0.00566715 0.00140833 0.00218674 -0.00883456 -0.0146566 -0.00161059 0.00461442
internal_weight=234042 228560 207381 5482 1418 4064 205437 7662 7323 339 197775 5039 91423 91007 106352 101047 5305 1944 21179 5553 2095 1611 1273 1972 3458 15626 1197 333 2284 3949
internal_count=234042 228560 207381 5482 1418 4064 205437 7662 7323 339 197775 5039 91423 91007 106352 101047 5305 1944 21179 5553 2095 1611 1273 1972 3458 15626 1197 333 2284 3949
is_linear=0
shrinkage=0.03


Tree=24
num_leaves=31
num_cat=0
split_feature=16 25 33 39 46 72 14 81 52 59 16 17 14 54 24 25 2 3 10 45 141 26 26 10 37 15 3 26 36 24
split_gain=61.6671 45.1184 40.774 40.1689 48.8632 60.5252 38.8855 77.8564 68.6527 41.8754 39.9819 38.468 49.6542 55.982 41.8029 41.2087 39.5481 36.9236 35.2345 36.4789 34.138 32.3622 31.6918 26.9495 24.6844 29.9383 23.986 23.904 22.7821 24.8606
threshold=1.2371981739997866 0.012393089011311533 0.61470139026641857 0.035721179097890861 1.0170807242393496 0.20134208351373675 0.92517754435539257 0.61666667461395275 0.84295240044593822 0.94717326760292064 0.74371615052223217 1.010681748390198 0.84652572870254528 0.98135799169540416 0.076409395784139647 0.037081381306052215 0.71428456902503978 0.0076922902371734389 1.0165417790412905 1.0096285939216616 1.0491806864738467 0.075691647827625289 0.025622290559113029 1.0203389525413515 0.65757986903190624 0.97769287228584301 0.0024360844399780039 0.037395009770989425 0.80480685830116283 0.046100592240691192
decision_type=10 8 8 8 8 8 8 2 10 10 8 10 8 10 10 10 10 10 10 8 10 10 8 10 10 10 10 10 10 10
left_child=1 23 3 6 -5 21 7 10 -9 27 -3 14 -13 16 18 -15 -14 -11 19 -4 -7 -6 -20 24 -1 -26 -27 -8 -2 -30
right_child=28 2 11 4 5 20 9 8 -10 17 -12 12 13 15 -16 -17 -18 -19 22 -21 -22 -23 -24 -25 25 26 -28 -29 29 -31
leaf_value=0.00059371676165030868 0.001725209720071006 -0.011485013752279824 0.0018834928609965415 0.018992345455992321 0.020630849435372089 0.0044950163436724344 -0.0013441913669534711 0.017448803010145845 0.0020693467197425916 -0.00043286420100022388 0.00060185122772066907 0.016099560680040311 -0.0075521543384626626 -0.00070106569238445322 -0.012227748134468515 0.0017014120298897539 0 -0.0018848648652383959 -0.00037475243111712437 -0.00012142540316996241 -0.0055125430576149007 0 0.003618404382794458 -0.0045338183731194045 -0.00026976614833974555 0.001818679102445262 0.0058633918926195884 -0.0071699786532410511 0.0029246133761113959 0.012655243135497466
leaf_weight=23550 1432 243 11597 159 187 509 1407 459 705 79982 3707 142 1639 31307 197 8030 981 19938 2253 26699 676 117 6716 743 2277 3325 2598 1442 628 526
leaf_count=23550 1432 243 11597 159 187 509 1407 459 705 79982 3707 142 1639 31307 197 8030 981 19938 2253 26699 676 117 6716 743 2277 3325 2598 1442 628 526
internal_value=-1.7224e-05 -7.01351e-05 -0.00024053 -0.00062944 0.00396415 0.00193013 -0.000703113 0.00182719 0.00857961 -0.000832276 -0.000120267 0.000231783 -0.000423588 -0.0004943 0.000819353 -0.000202402 -0.00472853 -0.000725917 0.000885226 0.000478551 -0.000961715 0.0134921 0.00258335 0.000964192 0.00110507 0.00253214 0.00365705 -0.00442686 0.00457019 0.00775546
internal_weight=234171 231585 199092 109531 1648 1489 107883 5114 1164 102769 3950 89561 42099 41957 47462 39337 2620 99920 47265 38296 1185 304 8969 32493 31750 8200 5923 2849 2586 1154
internal_count=234171 231585 199092 109531 1648 1489 107883 5114 1164 102769 3950 89561 42099 41957 47462 39337 2620 99920 47265 38296 1185 304 8969 32493 31750 8200 5923 2849 2586 1154
is_linear=0
shrinkage=0.03


Tree=25
num_leaves=31
num_cat=0
split_feature=16 46 37 62 123 34 2 40 14 140 38 39 11 120 77 15 61 9 5 60 50 45 39 23 38 86 37 84 80 34
split_gain=58.109 41.0732 40.6667 56.9134 57.0795 55.1137 51.7007 44.2923 63.5593 43.5512 54.0137 40.5749 63.1394 40.2004 44.6575 48.4196 40.8484 40.3658 39.5929 39.0381 40.7115 38.4264 45.4763 37.9262 36.741 37.2464 35.746 35.3162 35.2145 35.0502
threshold=1.2187584042549136 1.0462296009063723 0.73765197396278392 0.92700880765914928 0.33333100378513342 0.11153222993016244 0.93333286046981823 -0.056814657524228089 1.1082910895347597 0.97015079855918895 -0.010107533074915407 0.0071615108754485854 0.98366019129753124 0.25477726757526403 0.091666668653488173 0.88008892536163341 0.78391006588935863 0.96903893351554882 0.0044893312733620414 1.0104956626892092 0.98810660839080822 1.0104987025260928 -0.0078605888411402685 0.02308211196213961 -0.00060456353821791698 -0.71666666865348805 0.10589715838432313 -0.25000000745058054 0.27500000596046453 0.79902622103691112
decision_type=10 8 8 10 10 10 8 10 10 10 8 10 8 8 2 8 10 10 10 10 10 10 10 10 10 2 10 2 2 10
left_child=1 13 3 5 9 27 7 8 -4 10 -5 12 -7 17 15 23 -16 28 -17 -9 -21 29 -23 -15 25 -6 -13 -3 -1 -18
right_child=-2 2 6 4 24 11 -8 19 -10 -11 -12 26 -14 14 16 18 21 -19 -20 20 -22 22 -24 -25 -26 -27 -28 -29 -30 -31
leaf_value=-0.010041217424231079 0.0038574132294607833 0.0058927122500767037 0.010401413339258911 -0.0049987439773137255 0.0037436404580791158 0.0043828413573766397 0.0082862792847221006 0.00080104120786256348 -0.0063898973713070149 0.00056616403411204692 -0.00055792374339754707 0.0051031291121113537 -0.0045612225700552419 0.010647266716575685 0.015635716081731494 0.00012482457233186373 0.0027935074148304844 -0.00074189046563116528 -0.0025186040181478806 -0.0040458133163754585 0.00013131841989331346 0.0019329503994579291 -5.0919282995387152e-05 -0.0051988621815465966 -0.0039787809278289633 -0.0018953153860379684 -0.0093503190764922077 -0.0017802113384084435 0.0041289158057116072 -0.00017703867619271886
leaf_weight=767 3460 807 810 2659 1300 837 738 20778 230 36817 35743 128 3555 559 153 13630 14563 9414 7943 3561 4756 14233 37449 136 6303 4919 1797 1463 152 4487
leaf_count=767 3460 807 810 2659 1300 837 738 20778 230 36817 35743 128 3555 559 153 13630 14563 9414 7943 3561 4756 14233 37449 136 6303 4919 1797 1463 152 4487
internal_value=8.62722e-06 -4.81285e-05 -0.000410322 -0.000715297 -0.000482744 -0.00305 0.000531378 0.000326144 0.00635443 -0.000165989 -0.000875661 -0.00449496 -0.00277658 0.00039416 0.000593404 -0.000569726 0.000963081 -0.00137074 -0.000836002 9.6142e-05 -0.00162659 0.000922691 0.000490164 0.00706817 -0.00235825 -0.000660259 -0.00819243 0.000844201 -0.00734 0.00207865
internal_weight=234147 230687 127201 96328 87741 8587 30873 30135 1040 75219 38402 6317 4392 103486 93153 22268 70885 10333 21573 29095 8317 70732 51682 695 12522 6219 1925 2270 919 19050
internal_count=234147 230687 127201 96328 87741 8587 30873 30135 1040 75219 38402 6317 4392 103486 93153 22268 70885 10333 21573 29095 8317 70732 51682 695 12522 6219 1925 2270 919 19050
is_linear=0
shrinkage=0.03


Tree=26
num_leaves=31
num_cat=0
split_feature=61 13 29 40 18 57 46 17 24 5 36 31 30 26 54 59 12 73 41 51 69 0 82 55 45 87 5 77 11 117
split_gain=53.4868 94.0739 60.6429 56.9887 60.7587 54.2638 46.7242 43.7477 52.5729 54.3319 49.1757 43.1753 40.6971 39.7872 38.9757 37.2505 59.5744 37.1837 46.5893 36.9846 42.2533 36.1797 35.453 32.8585 29.6296 29.482 41.6716 35.1947 28.8822 37.2079
threshold=1.0591565370559695 1.1144962906837466 -0.0034421917516738172 -0.032162128016352647 1.0247310400009157 1.1640576720237734 1.0084279179573061 1.1546826958656313 0.055288361385464675 0.004451027838513256 0.92175817489624035 -0.00023285904171643776 -0.0052724096458405248 0.045803966000676162 0.99247059226036083 0.99768003821372997 1.0069112181663515 0.5000000149011613 -0.0044818525202572337 0.90289306640625011 0.19354839622974399 -0.0061728116124868384 0.45833332836627966 1.0289337635040285 1.0865714550018313 0.39166666567325598 0.01077198935672641 0.34166666865348821 0.97888132929801952 0.40579713881015783
decision_type=10 10 8 8 10 10 8 10 10 10 10 10 10 10 10 10 10 10 8 10 10 10 2 8 10 2 10 2 10 10
left_child=1 2 7 19 5 6 -5 15 9 10 -9 -11 28 -3 -7 16 -1 18 -6 20 -4 -14 -18 -22 -21 27 -27 -17 -2 -30
right_child=12 13 3 4 17 14 -8 8 -10 11 -12 -13 21 -15 -16 25 22 -19 -20 24 23 -23 -24 -25 -26 26 -28 -29 29 -31
leaf_value=-0.001583525574786621 0.0085302066068091448 4.2538637252048004e-05 0.010580710113509723 0.0013922065505203342 -0.0041364924948153799 -0.0021267664236092596 -0.00012063437369518772 -0.0016904788601829852 0.0087850075842579832 -0.006821261029419253 0.012706308176411073 0.002726678811449266 0.001220886142218708 -0.018046032395363652 0.0043146979007129263 0.00037757721888204528 -0.021455463256383322 -0.0097258593046766328 0.0071950931277704596 0.0018145762519310019 0.0047646700911447961 -0.008413895687507153 -0.00088239328017073642 -0.0025291309207236268 -0.0065134801423906152 0.00045827065501556521 0.0059127986740901469 -0.0020685727071014961 0 0.0062996315527250558
leaf_weight=11147 1119 109 913 21093 1651 960 140422 3917 300 3804 203 421 1494 353 4480 12219 207 801 373 1791 2133 427 164 676 468 8422 1500 9109 1911 1448
leaf_count=11147 1119 109 913 21093 1651 960 140422 3917 300 3804 203 421 1494 353 4480 12219 207 801 373 1791 2133 427 164 676 468 8422 1500 9109 1911 1448
internal_value=-1.15244e-05 -8.89477e-05 -5.95254e-05 0.000204183 0.00010079 0.000176574 7.52253e-05 -0.000966605 -0.00291895 -0.00339557 -0.000850703 -0.00579082 0.00268767 -0.0133313 0.0031194 -0.000563771 -0.0020208 -0.0042423 -0.00185147 0.00307907 0.0049091 -0.000830804 -0.0136387 0.00289786 0 -1.62027e-05 0.00132329 -0.000654058 0.00426072 0.00270756
internal_weight=234035 227636 227174 175761 169780 166955 161515 51413 8645 8345 4120 4225 6399 462 5440 42768 11518 2825 2024 5981 3722 1921 371 2809 2259 31250 9922 21328 4478 3359
internal_count=234035 227636 227174 175761 169780 166955 161515 51413 8645 8345 4120 4225 6399 462 5440 42768 11518 2825 2024 5981 3722 1921 371 2809 2259 31250 9922 21328 4478 3359
is_linear=0
shrinkage=0.03


Tree=27
num_leaves=31
num_cat=0
split_feature=32 86 26 1 35 42 23 86 3 5 23 39 24 30 39 52 46 73 69 22 100 118 96 52 26 14 48 82 42 69
split_gain=73.5748 75.33 56.746 45.4842 43.0867 41.4619 66.731 46.4138 55.2573 46.1334 45.9266 59.2979 45.4433 58.2564 43.9188 54.0127 41.542 39.7723 47.1701 39.6274 37.8185 35.9729 35.7016 35.2381 57.6279 34.4301 30.9765 30.4932 28.1582 34.0352
threshold=-0.0049018529243767253 -0.58333334326744068 0.021558656357228759 0.034084137529134757 0.12975498288869861 -0.073231801390647874 0.0083338753320276755 0.81666666269302379 0.017581043764948848 0.0031612345483154063 0.040984386578202255 0.010502913035452368 0.027189968153834346 0.0090341954492032545 0.017667315900325779 0.98071330785751354 1.0128205418586733 0.90000000596046459 0.31400965154170996 1.0477325916290285 0.59411767125129711 0.3492067307233811 -0.093628406524658189 0.7728666663169862 0.077784013003110899 0.92292153835296642 0.95369279384613048 0.47499999403953558 0.029863487929105762 0.83018901944160473
decision_type=8 2 10 10 10 10 8 2 10 10 10 10 10 10 10 10 10 10 10 10 2 10 10 10 10 10 8 2 10 10
left_child=1 4 3 26 -1 6 -4 12 10 22 21 -12 13 16 15 -11 -7 18 -6 -16 -10 -9 -8 24 -14 -25 -2 -22 -19 -30
right_child=2 -3 5 -5 17 7 9 8 20 14 11 -13 23 -15 19 -17 -18 28 -20 -21 27 -23 -24 25 -26 -27 -28 -29 29 -31
leaf_value=0.014424526374182253 0.0035529172682465392 0.00015779111329569217 0.014742125854361802 -0.0034635707567528731 0.0021542481083730038 0.0015542145679192051 0.002429707929138309 -0.00038614901147864851 0.015293486028193283 0.0050860306334027331 -0.022810067924907789 0 -0.0065901780888172794 0.010220419438617108 -0.011381394012418887 -0.0012623621820421248 -0.00068422658542265492 0.0040290619513417211 0.011525334171218996 0.0009998802823132434 0.0062964167924025394 0.0027161918448303404 -0.0039454784187984244 0.0011982818360129393 0.001747507958985247 -0.0019567465076397337 0.00059310876867069845 -0.0083243332373773207 -0.017977235887972811 0
leaf_weight=517 3368 4067 310 2359 1155 8036 1107 8374 370 4336 151 262 2966 436 343 1564 91264 341 972 537 513 5455 2360 3673 916 16959 70922 137 139 190
leaf_count=517 3368 4067 310 2359 1155 8036 1107 8374 370 4336 151 262 2966 436 343 1564 91264 341 972 537 513 5455 2360 3673 916 16959 70922 137 139 190
internal_value=3.06859e-05 0.00297506 -6.41015e-05 0.000598335 0.00632079 -0.00040448 0.00139866 -0.000543256 0.00100883 0.00093783 0.00049807 -0.00906775 -0.00073645 -0.00044787 0.00239421 0.00335391 -0.00049978 0.00462462 0.00664386 -0.00363835 0.00770532 0.000818096 -0.00182161 -0.001897 -0.00454705 -0.00137993 0.000732251 0.00261055 -0.00135772 -0.00771151
internal_weight=234099 7381 226718 76649 3314 150069 10557 139512 15262 10247 14242 413 124250 99736 6780 5900 99300 2797 2127 880 1020 13829 3467 24514 3882 20632 74290 650 670 329
internal_count=234099 7381 226718 76649 3314 150069 10557 139512 15262 10247 14242 413 124250 99736 6780 5900 99300 2797 2127 880 1020 13829 3467 24514 3882 20632 74290 650 670 329
is_linear=0
shrinkage=0.03


Tree=28
num_leaves=31
num_cat=0
split_feature=32 86 17 32 24 26 75 120 75 13 26 113 84 43 36 24 3 33 50 19 28 3 86 138 29 112 33 3 15 81
split_gain=48.8995 60.6137 49.2794 40.7318 48.7868 50.1038 40.1934 53.4919 47.7307 53.1095 48.6093 50.6518 42.3955 41.6658 38.2033 37.8844 37.8375 37.0889 51.0209 63.0064 36.8009 39.7677 38.211 36.373 34.177 33.4491 32.8685 29.5662 27.6353 27.5564
threshold=-0.0049018529243767253 -0.58333334326744068 1.0644114017486574 -0.0010714275995269416 0.055288361385464675 0.018424593843519691 0.22500000149011615 0.25477726757526403 0.12500000372529033 0.98804780840873729 0.038984553888440139 0.76923146843910228 0.84999999403953563 1.0344827771186831 0.92852643132209789 0.076409395784139647 0.014851505868136885 0.95544031262397777 0.83126118779182445 0.96919566392898571 -0.011037487071007488 0.0079999915324151533 0.84999999403953563 1.0056661367416384 -0.0040601654909551135 -1.0000000180025095e-35 0.94553735852241527 0.0043041203171014794 0.92968371510505687 0.78333333134651195
decision_type=8 2 10 10 10 10 2 10 2 8 10 10 2 10 10 8 10 10 10 10 8 10 2 8 10 2 10 10 8 2
left_child=1 17 6 4 5 -4 8 15 -2 10 29 -12 20 -14 24 16 26 18 -1 -20 22 -22 -9 28 -7 -18 -8 -16 -5 -10
right_child=2 -3 3 23 -6 14 7 12 9 -11 11 -13 13 -15 27 -17 25 -19 19 -21 21 -23 -24 -25 -26 -27 -28 -29 -30 -31
leaf_value=0.018390336932745267 2.9652973319040525e-05 -6.9315892318443009e-05 0.0022380473425225728 0.0071645639930911203 0.0067818734433729303 -0.0022244905149024063 -0.0026799768500530884 0.0019660886527674052 -0.0053105054728895375 -0.00089021600404248736 -0.018846623662355899 -0.0018600536007461204 0.0033709745684684296 -0.0091328537764669461 0 -0.018209263755991235 0.016705992799142054 -0.0062351940915768992 -0.0068669611710339869 0.0064355972564311996 0.00056953866516155926 -0.0010519391772736853 0.012151503148565038 0.00012047218918342525 -0.00045785257950309419 0.00095163298629488734 0.0032010279196320103 0.011928872142078786 -0.0040178265676440303 0.00019393047347726424
leaf_weight=279 30387 4004 4865 168 786 15214 7921 6755 2096 10452 413 324 6596 218 411 107 149 193 329 2517 80406 16270 346 2982 29658 621 897 338 7252 1167
leaf_count=279 30387 4004 4865 168 786 15214 7921 6755 2096 10452 413 324 6596 218 411 107 149 193 329 2517 80406 16270 346 2982 29658 621 897 338 7252 1167
internal_value=-6.16105e-05 0.00234571 -0.000140851 -0.000864918 -0.00050985 -0.000631953 0.000127842 0.000415112 -0.000635947 -0.00205429 -0.00500181 -0.0120217 0.000604516 0.00290149 -0.000945428 -0.00171134 -0.00145848 0.00533288 0.00617782 0.00475595 0.000450276 0.00029339 0.00253724 -0.00258195 -0.00106424 0.00472571 -0.0020419 0.00562517 -0.00370574 -0.0032613
internal_weight=234121 7322 226799 61674 51272 50486 165125 120286 44839 14452 4000 737 110591 6814 45621 9695 9588 3318 3125 2846 103777 96676 7101 10402 44872 770 8818 749 7420 3263
internal_count=234121 7322 226799 61674 51272 50486 165125 120286 44839 14452 4000 737 110591 6814 45621 9695 9588 3318 3125 2846 103777 96676 7101 10402 44872 770 8818 749 7420 3263
is_linear=0
shrinkage=0.03


Tree=29
num_leaves=31
num_cat=0
split_feature=61 17 15 11 29 24 37 62 38 70 14 35 39 137 82 102 42 58 84 8 1 41 5 50 32 86 73 24 14 128
split_gain=39.5315 50.162 75.7076 63.3402 53.685 51.4261 47.5723 53.7437 65.163 61.5871 53.6265 46.9974 57.1854 44.2126 40.8528 40.6444 37.62 37.1968 33.0419 32.4933 32.4187 59.965 30.7766 35.0122 31.1748 48.0658 40.7078 37.099 56.9483 48.9245
threshold=1.0633731484413149 1.0779417753219607 0.87606054544448864 0.9878048598766328 0.0036118823336437349 0.055288361385464675 0.69210651516914379 0.91381469368934642 -0.0098765548318624479 0.80198040604591381 0.89487019181251537 0.83274167776107799 -0.01758275460451841 0.59836983680725109 0.12500000372529033 0.52803984284400951 -0.078200515359640108 1.0438641905784609 0.84999999403953563 -0.39999625086784357 0.052933186292648322 -0.061052404344081872 0.019348711706697944 0.96582821011543285 -0.0049018529243767253 -0.58333334326744068 0.90000000596046459 0.025431603193283085 0.98194226622581493 0.80849280953407299
decision_type=10 10 8 10 10 10 8 10 8 10 10 10 10 10 2 2 10 10 2 10 10 10 10 10 10 2 10 10 10 10
left_child=1 5 3 4 -3 6 7 8 10 16 -1 -2 17 19 20 -10 -9 -13 -11 -7 -8 -22 24 -24 25 26 -4 28 -26 -29
right_child=11 2 22 -5 -6 13 14 9 15 18 -12 12 -14 -15 -16 -17 -18 -19 -20 -21 21 -23 23 -25 27 -27 -28 29 -30 -31
leaf_value=0.016154275044870492 0.00071837925837888047 0.025069734833503918 0.0080107560288370325 -0.002848073681533286 0.0010230502038401491 -0.016460424906388469 9.0593248139394908e-06 0.0031751390393893312 -0.0033059724388192538 0.0010887825128074813 0.0014174229458224997 -0.0053127875864386071 0.011278326341554316 0.0032180088630066606 0.0023926160876204237 -0.00031639855408357862 -0.00020579080112024715 0.012405902796158833 0.0041403848355856827 -0.0043297948602647176 0.018242894385383637 0.001040076184074791 -0.0015878691553797267 -0.011511553511897948 -0.0030554115544570641 -0.0018240771869261047 -0.00040302963198406529 0.0027078061086053939 -1.3737900956625105e-05 -0.0033150976920248705
leaf_weight=240 3959 234 1315 202 168 321 18853 3035 10256 18819 2107 406 976 351 15387 7205 92177 120 3987 798 233 825 1052 512 6816 1709 736 1314 30292 9821
leaf_count=240 3959 234 1315 202 168 321 18853 3035 10256 18819 2107 406 976 351 15387 7205 92177 120 3987 798 233 825 1052 512 6816 1709 736 1314 30292 9821
internal_value=1.08464e-05 -4.81872e-05 -0.000846591 0.00949964 0.016256 0.000197883 0.000247274 -2.28031e-06 -0.00144963 0.000238303 0.00317489 0.00252969 0.00703469 -0.00534288 0.00122964 -0.00209131 -9.42251e-05 -0.000414691 0.00163857 -0.00830095 0.000314349 0.00537506 -0.000972351 -0.00513027 -0.00083961 0.00175551 0.00487188 -0.00104873 -0.000581858 -0.00257388
internal_weight=234226 228765 54171 604 402 174594 173124 137826 19808 118018 2347 5461 1502 1470 35298 17461 95212 526 22806 1119 19911 1058 53567 1564 52003 3760 2051 48243 37108 11135
internal_count=234226 228765 54171 604 402 174594 173124 137826 19808 118018 2347 5461 1502 1470 35298 17461 95212 526 22806 1119 19911 1058 53567 1564 52003 3760 2051 48243 37108 11135
is_linear=0
shrinkage=0.03


Tree=30
num_leaves=31
num_cat=0
split_feature=45 32 68 35 46 59 81 51 61 80 120 77 28 42 39 31 1 20 51 39 24 41 43 73 60 20 138 68 16 62
split_gain=41.3822 51.1528 47.7653 54.1724 66.4552 78.27 52.9626 47.9829 59.6745 44.9615 42.4775 40.8838 40.657 38.8774 37.7607 36.6346 80.7605 36.5767 36.5761 39.5523 35.0302 34.862 34.8514 34.321 48.7288 32.4352 32.3682 30.6449 37.4562 29.6988
threshold=1.02948534488678 -0.0047252196818590156 0.32727332413196569 0.58644488453865062 1.156532406806946 0.99816131591796886 0.050000002607703216 0.87309435009956371 0.89029136300086986 0.22500000149011615 0.25477726757526403 0.091666668653488173 -0.0088043180294334871 -0.070990156382322298 -0.0029471241869032379 0.0088753849267959612 0.052933186292648322 0.98351287841796886 0.76770925521850597 0.0065290462225675592 0.040063120424747474 0.041307909414172179 1.0370021462440493 0.70000001788139354 0.99093613028526317 0.99502691626548778 0.85694268345832836 0.65217509865760814 0.91147646307945263 0.74116268754005443
decision_type=8 8 10 10 8 8 2 8 10 2 8 2 10 10 10 10 10 10 10 10 10 10 10 10 10 10 8 10 10 10
left_child=10 20 3 4 9 -6 14 8 17 25 -1 18 -7 -11 22 27 29 -5 19 -12 23 -20 -4 24 -2 -3 -24 28 -8 -17
right_child=1 2 6 7 5 12 15 -9 -10 13 11 -13 -14 -15 -16 16 -18 -19 21 -21 -22 -23 26 -25 -26 -27 -28 -29 -30 -31
leaf_value=-0.0013665158278650873 0.0082567115122360278 -0.0045308944600118591 0.0036375067587046867 0.0026902576507956519 0.0090586148727322298 -0.003352637012340311 -0.0044202266890941855 0.00076595666323031023 0.010387760156693319 0.0033254615622116241 0 0.0011329131544346855 -0.010708991094119314 -0.0011377573837971094 -0.004788990167066738 -0.012076306238248945 0.028295786155164242 -0.012321710026576126 -0.00022544502247568316 0.017473065942474619 0.0051508968878977547 -0.0045167864285898867 -0.010080153987730375 -0.0031324608232470149 5.717576565416099e-05 0.0016912690035146827 0.0014727143592979401 -1.5293051781649438e-05 -0.0010403872990508247 0.0069890019880479264
leaf_weight=9605 890 762 1083 1092 329 2583 3321 23530 1086 1832 252 58140 1031 26663 5203 105 105 146 16300 189 2333 1911 424 1462 2575 12120 345 27011 32066 154
leaf_count=9605 890 762 1083 1092 329 2583 3321 23530 1086 1832 252 58140 1031 26663 5203 105 105 146 16300 189 2333 1911 424 1462 2575 12120 345 27011 32066 154
internal_value=-1.8897e-05 -0.000324252 -0.000452567 9.04784e-05 -0.000530035 -0.00424441 -0.00101033 0.00118935 0.00530504 -0.000166949 0.000501553 0.000739408 -0.0055812 -0.000838156 -0.00348251 -0.000726637 0.00844667 0.000513643 -0.000471016 0.00782292 0.00212084 -0.00069668 3.95953e-05 0.000610405 0.00228464 0.00129351 -0.00461096 -0.000787645 -0.00136837 0
internal_weight=234648 148251 140991 71174 45320 3943 69817 25854 2324 41377 86397 76792 3614 28495 7055 62762 364 1238 18652 441 7260 18211 1852 4927 3465 12882 769 62398 35387 259
internal_count=234648 148251 140991 71174 45320 3943 69817 25854 2324 41377 86397 76792 3614 28495 7055 62762 364 1238 18652 441 7260 18211 1852 4927 3465 12882 769 62398 35387 259
is_linear=0
shrinkage=0.03


Tree=31
num_leaves=31
num_cat=0
split_feature=32 86 35 33 47 13 28 38 83 86 35 18 71 115 9 10 37 73 27 75 85 47 7 27 41 3 40 39 78 40
split_gain=48.5713 69.3366 55.7855 46.407 40.7458 54.8763 52.795 47.0189 64.9036 51.6357 57.5815 51.1589 45.5253 41.0859 54.5715 40.2624 38.8243 38.4098 37.5333 37.1769 41.3246 48.2917 41.0366 37.1 35.5253 46.2597 41.9936 37.6389 39.1447 34.9133
threshold=-0.0049018529243767253 -0.58333334326744068 0.12975498288869861 0.92752957344055187 1.0942766070365908 0.98929962515831005 0.0030139922164380555 -0.010903533082455395 -0.50000001490116108 -0.81666666269302357 0.53999707102775585 0.99942544102668773 0.97122323513031017 0.74303728342056286 0.97247710824012767 1.0165417790412905 0.6883009970188142 0.90000000596046459 0.075621359050273909 0.075000001117587103 -0.67499998211860646 1.1869765520095827 -9.089962560437924e-08 0.043058400973677642 0.0039839863311499366 0.011013169307261707 -0.026493303477764126 -0.015431449282914398 0.30000000447034841 0.016133802942931656
decision_type=10 2 10 10 10 8 8 10 10 2 10 10 10 8 10 10 10 10 10 2 2 10 10 10 10 10 10 10 10 10
left_child=1 2 -1 17 13 12 7 8 -7 10 -9 -11 -6 16 18 29 24 -4 -15 22 23 -22 -8 -21 25 -2 -27 -26 -29 -16
right_child=4 -3 3 -5 5 6 19 9 -10 11 -12 -13 -14 14 15 -17 -18 -19 -20 20 21 -23 -24 -25 27 26 -28 28 -30 -31
leaf_value=0.014723225119980698 -0.00012408808761091208 0 0.0072899707874774467 -0.0064317776488828958 -0.002059066678092174 0.00054252223012949395 0.0013664709870527339 -0.0042984653828058508 -0.0061158098355333515 -0.0017676740317198836 -0.00029906569459113336 0.00080344620832109278 0.0062637335272614824 -0.0042560393481423237 -0.0024670880108771092 0.0039488239095661478 0.00148483130021852 -0.00097639393046753656 -0.018069906377904985 0.0032387803695449716 0.00022522912536443953 0.0086318207605209953 0.011131120798467811 -0.009383401528196899 0.0048661934117128422 0.0021363229187278958 -0.0056864541227765342 -0.00029837318388039138 0.0015744370536462226 0.0025290136351096434
leaf_weight=514 49872 4729 1889 314 22100 2272 878 5032 2876 8429 9554 38666 572 986 6666 1384 25099 600 238 274 2416 844 822 550 1963 740 2515 20534 19241 1478
leaf_count=514 49872 4729 1889 314 22100 2272 878 5032 2876 8429 9554 38666 572 986 6666 1384 25099 600 238 274 2416 844 822 550 1963 740 2515 20534 19241 1478
internal_value=1.14268e-05 0.00230005 0.00561138 0.00374176 -6.8921e-05 -0.000541721 -0.000134791 -0.000376969 -0.00312847 -0.000141522 -0.00170335 0.000336348 -0.00183053 0.00027346 -0.00149517 -0.0006873 0.0004347 0.00518581 -0.00743056 0.00260333 0.000952781 0.00253249 0.00633692 -0.00485348 0.000153444 -0.000357171 -0.00381422 0.000810435 0.000600389 -0.00151966
internal_weight=234047 8046 3317 2803 226001 95285 72613 66829 5148 61681 14586 47095 22672 130716 10752 9528 119964 2489 1224 5784 4084 3260 1700 824 94865 53127 3255 41738 39775 8144
internal_count=234047 8046 3317 2803 226001 95285 72613 66829 5148 61681 14586 47095 22672 130716 10752 9528 119964 2489 1224 5784 4084 3260 1700 824 94865 53127 3255 41738 39775 8144
is_linear=0
shrinkage=0.03


Tree=32
num_leaves=31
num_cat=0
split_feature=61 26 36 34 33 60 37 19 2 118 10 67 40 82 49 79 79 76 26 36 108 16 120 97 28 1 27 52 27 87
split_gain=44.4705 38.8039 38.3655 43.1035 37.8407 49.4759 48.7164 43.6511 52.7537 43.1909 40.5308 53.1237 41.1983 40.6049 39.3464 40.6852 40.3846 39.0155 38.7609 38.237 37.9815 37.1164 36.163 31.2143 30.8477 38.3697 32.5999 30.6428 30.2384 30.1396
threshold=1.0633731484413149 0.021433080546557907 0.80480685830116283 0.85085573792457592 0.57465249300003063 1.0152778029441836 0.74076551198959362 0.94943630695343029 0.87500593066215526 0.97297301888465892 1.0198020339012148 0.11684397235512735 0.026628221385180954 0.041666667908430106 0.91062554717063915 0.15000000223517421 0.15000000223517421 0.15000000596046451 0.059028293937444694 0.82074376940727245 0.55000001192092907 1.2067275643348696 0.66477277874946605 0.030008553527295593 0.0098343128338456171 0.036585347726941116 0.040763497352600105 0.97135910391807567 0.079829856753349318 0.89166665077209484
decision_type=10 10 10 10 8 10 10 10 10 10 10 10 10 2 10 2 2 2 10 10 2 8 10 10 10 10 10 10 10 2
left_child=1 24 3 -2 5 6 14 29 -9 10 12 21 13 -6 16 -16 -3 18 28 -13 -14 -12 -19 -11 25 -1 -27 -4 -7 -8
right_child=2 4 27 -5 9 17 7 8 -10 23 11 19 20 -15 15 -17 -18 22 -20 -21 -22 -23 -24 -25 -26 26 -28 -29 -30 -31
leaf_value=0.00050257665047413204 -0.0011361575847428909 0.0044221332394542619 0.014684250516179621 0.0051524303154609806 0.0029733313079644873 -0.00575579563019539 -5.6428081744840154e-05 0.00051840148300737025 0.0066896734672117208 0.00058982962853051295 -0.0023031491433525698 0.0028197198361728359 -0.0032069795882671802 0.00018882997671302418 -0.0027230235177150659 -0.0007361213167636012 -0.0011731989389593047 -0.0037143473184311259 -0.014817618002205254 0.010079385666885878 0 0.00679550997909873 0.0023375795089799474 -0.003996141490413563 0.0037820746010718462 -0.0015652831465601061 -0.012522109467696782 0.0038425792007220506 0.0060011833365869651 -0.020676313226510368
leaf_weight=72498 2577 2340 357 1513 5422 1564 174 16562 1347 1943 2724 5686 5701 37717 12386 39934 2148 2334 429 779 7501 444 1350 3607 2520 1152 328 1033 184 120
leaf_count=72498 2577 2340 357 1513 5422 1564 174 16562 1347 1943 2724 5686 5701 37717 12386 39934 2148 2334 429 779 7501 444 1350 3607 2520 1152 328 1033 184 120
internal_value=2.9991e-05 -3.27658e-05 0.00269641 0.00113092 -0.000310733 -0.00075597 -0.000543306 0.000797634 0.00100624 0.000188573 0.000406513 0.00220408 9.31745e-05 0.000546972 -0.000978392 -0.00121308 0.00168428 -0.0034156 -0.00662087 0.00376912 -0.00136555 -0.000899224 -0.00141498 -0.00234043 0.000517004 0.000400736 -0.00432814 0.00700865 -0.00429465 -0.010209
internal_weight=234374 228894 5480 4090 152396 80872 75011 18203 17909 71524 65974 9633 56341 43139 56808 52320 4488 5861 2177 6465 13202 3168 3684 5550 76498 73978 1480 1390 1748 294
internal_count=234374 228894 5480 4090 152396 80872 75011 18203 17909 71524 65974 9633 56341 43139 56808 52320 4488 5861 2177 6465 13202 3168 3684 5550 76498 73978 1480 1390 1748 294
is_linear=0
shrinkage=0.03


Tree=33
num_leaves=31
num_cat=0
split_feature=25 56 124 34 30 29 28 18 36 3 41 0 110 66 56 137 120 46 42 16 34 28 120 20 77 33 128 142 24 35
split_gain=41.9012 38.4288 39.9568 55.5477 38.4295 36.5651 41.9331 50.9128 52.5223 38.7693 47.6323 49.8622 40.4761 80.7265 36.0784 35.6302 35.2658 36.988 35.0521 34.2899 42.5578 34.1874 32.0821 31.4678 31.0694 29.5595 29.5028 28.5185 35.7075 27.0769
threshold=0.012393089011311533 1.1626167893409731 -0.43589694797992701 0.57975476980209362 -0.0052724096458405248 -0.00046387469046749169 -0.012168950866907833 1.0568342208862307 0.40261480212211614 0.011013169307261707 -0.027574411593377587 -0.017774863168597218 1.0000000180025095e-35 0.35857143998146063 1.0141527652740481 0.99290090799331676 0.25477726757526403 1.0036740303039553 0.064971562474966063 0.74371615052223217 0.94668549299240123 0.0039035598747432236 0.71028020977973949 0.89538919925689708 0.041666667908430106 0.67313271760940563 1.3498504161834719 1.8868523836135866 0.027924831025302414 0.90113720297813427
decision_type=10 10 10 10 10 10 8 10 10 10 10 10 2 10 10 10 10 10 10 8 10 10 10 10 2 10 10 10 10 10
left_child=-1 5 3 -3 24 9 7 8 -7 10 27 29 13 22 -15 26 19 21 -13 -8 -21 -18 -11 -19 -5 -26 -4 28 -2 -12
right_child=1 2 15 4 -6 6 16 -9 -10 12 11 18 -14 14 -16 -17 17 23 -20 20 -22 -23 -24 -25 25 -27 -28 -29 -30 -31
leaf_value=0.00097518865214034269 0.0018026253715239956 -0.0092225849133648792 0.0050482052552141953 -0.0052533590835240748 -0.009156770983428349 0 -0.0097801810115040379 -0.012077529066851219 0.011869048701303321 -0.0040291265611419221 -0.0049358212626887379 -0.00076694118295496253 -0.0060192186776050248 -0.0025712074970493351 0.0078914949947193492 -0.00081755131688437976 -0.0015270224984028481 -0.0079650870438043551 0.0079698260497458179 -0.0017532512663605627 0.0062987064219860549 0.0038962796238996844 0.0014493417549757601 0.00013493621325678034 -9.0793827740180024e-05 0.0063345780179157925 0.016519201192237272 -0.0031335613866462783 -0.00074014100700809196 0.0055157185427108122
leaf_weight=33303 14762 485 1867 348 247 538 434 110 785 4692 3554 54478 2275 349 1035 675 1274 413 391 8958 600 4327 1106 85293 933 1566 253 1608 7275 195
leaf_count=33303 14762 485 1867 348 247 538 434 110 785 4692 3554 54478 2275 349 1035 675 1274 413 391 8958 600 4327 1106 85293 933 1566 253 1608 7275 195
internal_value=-8.66947e-06 -0.000173397 0.00211012 0 0.00150354 -0.000250001 0.000136276 0.00519906 0.00701736 -0.000685861 -0.000471911 -0.000932431 -0.00251036 -0.00134359 0.00504042 0.00478419 6.06836e-05 0.000248821 -0.000696336 -0.00162562 -0.00120437 0.00260828 -0.00293113 9.05551e-05 0.00259047 0.0038349 0.00669893 0.000656904 0.000949679 -0.00428622
internal_weight=234129 200826 6374 3579 3094 194452 102732 1433 1323 91720 82263 58618 9457 7182 1384 2795 101299 91307 54869 9992 9558 5601 5798 85706 2847 2499 2120 23645 22037 3749
internal_count=234129 200826 6374 3579 3094 194452 102732 1433 1323 91720 82263 58618 9457 7182 1384 2795 101299 91307 54869 9992 9558 5601 5798 85706 2847 2499 2120 23645 22037 3749
is_linear=0
shrinkage=0.03


end of trees

feature_importances:
RSQR5=34
STD30=28
ROC30=27
BETA10=25
RSQR30=23
IMXD30=23
RESI60=22
KLEN=20
ROC10=20
STD10=20
RESI5=20
MA20=19
RESI10=18
STD5=17
RSQR60=16
RESI30=16
KLOW=15
RSQR20=15
RESI20=15
QTLD30=15
MA5=14
STD60=14
BETA20=14
MAX30=14
KUP=13
ROC5=13
ROC60=13
MIN10=13
SUMN20=13
OPEN0=12
ROC20=12
MAX20=12
QTLD5=12
HIGH0=11
MA60=11
STD20=11
BETA5=11
BETA60=11
RSQR10=11
MIN60=11
RSV30=11
IMIN60=11
MIN20=10
QTLU20=10
QTLU60=10
IMIN30=10
WVMA20=10
QTLU5=9
QTLU30=9
IMAX5=9
IMAX60=9
LOW0=8
MAX5=8
IMXD10=8
MIN30=7
QTLU10=7
RSV60=7
SUMP5=7
SUMP20=7
SUMD10=7
VSTD60=7
VWAP0=6
QTLD10=6
QTLD60=6
RSV5=6
IMAX20=6
IMXD60=6
CNTP60=6
WVMA5=6
KMID=5
KMID2=5
BETA30=5
QTLD20=5
IMAX30=5
IMIN5=5
SUMP30=5
SUMN5=5
SUMN60=5
KSFT=4
MA10=4
MIN5=4
RSV10=4
IMIN10=4
IMXD20=4
SUMP60=4
KLOW2=3
MAX10=3
MAX60=3
IMIN20=3
CNTD60=3
SUMP10=3
SUMN30=3
SUMD20=3
VMA5=3
WVMA60=3
VSUMP30=3
KSFT2=2
RANK30=2
RSV20=2
CORD30=2
CNTP20=2
CNTN60=2
SUMD5=2
SUMD60=2
WVMA10=2
WVMA30=2
KUP2=1
RANK60=1
IMXD5=1
CORD60=1
CNTP5=1
CNTP30=1
CNTD5=1
CNTD20=1
SUMN10=1
SUMD30=1
VSTD30=1

parameters:
[boosting: gbdt]
[objective: regression]
[metric: l2]
[tree_learner: serial]
[device_type: cpu]
[data_sample_strategy: bagging]
[data: ]
[valid: ]
[num_iterations: 500]
[learning_rate: 0.03]
[num_leaves: 31]
[num_threads: 12]
[seed: 20260813]
[deterministic: 1]
[force_col_wise: 1]
[force_row_wise: 0]
[histogram_pool_size: -1]
[max_depth: 7]
[min_data_in_leaf: 100]
[min_sum_hessian_in_leaf: 0.001]
[bagging_fraction: 0.8]
[pos_bagging_fraction: 1]
[neg_bagging_fraction: 1]
[bagging_freq: 1]
[bagging_seed: 20260813]
[bagging_by_query: 0]
[feature_fraction: 0.8]
[feature_fraction_bynode: 1]
[feature_fraction_seed: 20260813]
[extra_trees: 0]
[extra_seed: 13549]
[early_stopping_round: 0]
[early_stopping_min_delta: 0]
[first_metric_only: 0]
[max_delta_step: 0]
[lambda_l1: 10]
[lambda_l2: 20]
[linear_lambda: 0]
[min_gain_to_split: 0]
[drop_rate: 0.1]
[max_drop: 50]
[skip_drop: 0.5]
[xgboost_dart_mode: 0]
[uniform_drop: 0]
[drop_seed: 11866]
[top_rate: 0.2]
[other_rate: 0.1]
[min_data_per_group: 100]
[max_cat_threshold: 32]
[cat_l2: 10]
[cat_smooth: 10]
[max_cat_to_onehot: 4]
[top_k: 20]
[monotone_constraints: ]
[monotone_constraints_method: basic]
[monotone_penalty: 0]
[feature_contri: ]
[forcedsplits_filename: ]
[refit_decay_rate: 0.9]
[cegb_tradeoff: 1]
[cegb_penalty_split: 0]
[cegb_penalty_feature_lazy: ]
[cegb_penalty_feature_coupled: ]
[path_smooth: 0]
[interaction_constraints: ]
[verbosity: -1]
[saved_feature_importance_type: 0]
[use_quantized_grad: 0]
[num_grad_quant_bins: 4]
[quant_train_renew_leaf: 0]
[stochastic_rounding: 1]
[linear_tree: 0]
[max_bin: 255]
[max_bin_by_feature: ]
[min_data_in_bin: 3]
[bin_construct_sample_cnt: 200000]
[data_random_seed: 20260813]
[is_enable_sparse: 1]
[enable_bundle: 1]
[use_missing: 1]
[zero_as_missing: 0]
[feature_pre_filter: 1]
[pre_partition: 0]
[two_round: 0]
[header: 0]
[label_column: ]
[weight_column: ]
[group_column: ]
[ignore_column: ]
[categorical_feature: ]
[forcedbins_filename: ]
[precise_float_parser: 0]
[parser_config_file: ]
[objective_seed: 16743]
[num_class: 1]
[is_unbalance: 0]
[scale_pos_weight: 1]
[sigmoid: 1]
[boost_from_average: 1]
[reg_sqrt: 0]
[alpha: 0.9]
[fair_c: 1]
[poisson_max_delta_step: 0.7]
[tweedie_variance_power: 1.5]
[lambdarank_truncation_level: 30]
[lambdarank_norm: 1]
[label_gain: ]
[lambdarank_position_bias_regularization: 0]
[eval_at: ]
[multi_error_top_k: 1]
[auc_mu_weights: ]
[num_machines: 1]
[local_listen_port: 12400]
[time_out: 120]
[machine_list_filename: ]
[machines: ]
[gpu_platform_id: -1]
[gpu_device_id: -1]
[gpu_device_id_list: ]
[gpu_use_dp: 0]
[num_gpu: 1]

end of parameters

pandas_categorical:null
