tree
version=v4
num_class=1
num_tree_per_iteration=1
label_index=0
max_feature_idx=157
objective=regression
feature_names=KMID KLEN KMID2 KUP KUP2 KLOW KLOW2 KSFT KSFT2 OPEN0 HIGH0 LOW0 VWAP0 ROC5 ROC10 ROC20 ROC30 ROC60 MA5 MA10 MA20 MA30 MA60 STD5 STD10 STD20 STD30 STD60 BETA5 BETA10 BETA20 BETA30 BETA60 RSQR5 RSQR10 RSQR20 RSQR30 RSQR60 RESI5 RESI10 RESI20 RESI30 RESI60 MAX5 MAX10 MAX20 MAX30 MAX60 MIN5 MIN10 MIN20 MIN30 MIN60 QTLU5 QTLU10 QTLU20 QTLU30 QTLU60 QTLD5 QTLD10 QTLD20 QTLD30 QTLD60 RANK5 RANK10 RANK20 RANK30 RANK60 RSV5 RSV10 RSV20 RSV30 RSV60 IMAX5 IMAX10 IMAX20 IMAX30 IMAX60 IMIN5 IMIN10 IMIN20 IMIN30 IMIN60 IMXD5 IMXD10 IMXD20 IMXD30 IMXD60 CORR5 CORR10 CORR20 CORR30 CORR60 CORD5 CORD10 CORD20 CORD30 CORD60 CNTP5 CNTP10 CNTP20 CNTP30 CNTP60 CNTN5 CNTN10 CNTN20 CNTN30 CNTN60 CNTD5 CNTD10 CNTD20 CNTD30 CNTD60 SUMP5 SUMP10 SUMP20 SUMP30 SUMP60 SUMN5 SUMN10 SUMN20 SUMN30 SUMN60 SUMD5 SUMD10 SUMD20 SUMD30 SUMD60 VMA5 VMA10 VMA20 VMA30 VMA60 VSTD5 VSTD10 VSTD20 VSTD30 VSTD60 WVMA5 WVMA10 WVMA20 WVMA30 WVMA60 VSUMP5 VSUMP10 VSUMP20 VSUMP30 VSUMP60 VSUMN5 VSUMN10 VSUMN20 VSUMN30 VSUMN60 VSUMD5 VSUMD10 VSUMD20 VSUMD30 VSUMD60
feature_infos=[-0.15568183362483978:0.222027987241745] [0:0.222027987241745] [-1:1] [0:0.22120867669582367] [0:1] [0:0.19577737152576447] [0:1] [-0.22120867669582367:0.222027987241745] [-1:1] [0.81831187009811401:1.1843876838684082] [1:1.2212086915969849] [0.80375176668167114:1] [0.86522871255874634:1.1014472246170044] [0.62106502056121826:1.5347062349319458] [0.51279789209365845:1.8924485445022583] [0.43777582049369812:2.2146341800689697] [0.40953221917152405:2.740487813949585] [0.32686084508895874:2.6513261795043945] [0.83368843793869019:1.2064073085784912] [0.69517505168914795:1.4220441579818726] [0.58934980630874634:1.7117466926574707] [0.53464740514755249:1.9959673881530762] [0.46012550592422485:1.8249267339706421] [0:0.15229916572570801] [0:0.2603875994682312] [0:0.36472421884536743] [0:0.57258552312850952] [0:0.50059491395950317] [-0.11732283234596252:0.079978801310062408] [-0.11732283234596252:0.079978801310062408] [-0.11732283234596252:0.079978801310062408] [-0.11732283234596252:0.079978801310062408] [-0.11732283234596252:0.079978801310062408] [0:1] [0:1] [0:1] [0:1] [0:1] [-0.087322920560836792:0.076547868549823761] [-0.24554997682571411:0.18788224458694458] [-0.26889833807945251:0.27287426590919495] [-0.40098747611045837:0.27581575512886047] [-0.96870207786560059:0.36147966980934143] [1:1.5713194608688354] [1:1.9298244714736938] [1:2.2439024448394775] [1:3.3160974979400635] [1:3.3160974979400635] [0.61784285306930542:1] [0.49132096767425537:1] [0.42983227968215942:1] [0.39746984839439392:1] [0.31774049997329712:1] [0.91673558950424194:1.3299539089202881] [0.84263509511947632:1.6361554861068726] [0.69679319858551025:2.054157018661499] [0.57799351215362549:2.423609733581543] [0.52150630950927734:2.2013657093048096] [0.73728358745574951:1.0894623994827271] [0.53621649742126465:1.2103414535522461] [0.45107382535934448:1.3664377927780151] [0.43389230966567993:1.5493515729904175] [0.37328624725341797:1.5099923610687256] [0.20000000298023224:1] [0.10000000149011612:1] [0.05000000074505806:1] [0.033333335071802139:1] [0.01666666753590107:1] [0:1] [0:1] [0:1] [0:1] [0:1] [0.20000000298023224:1] [0.10000000149011612:1] [0.05000000074505806:1] [0.033333335071802139:1] [0.01666666753590107:1] [0.20000000298023224:1] [0.10000000149011612:1] [0.05000000074505806:1] [0.033333335071802139:1] [0.01666666753590107:1] [-0.80000001192092896:0.80000001192092896] [-0.89999997615814209:0.89999997615814209] [-0.94999998807907104:0.94999998807907104] [-0.96666663885116577:0.96666663885116577] [-0.98333334922790527:0.98333334922790527] [-1:1] [-1:1] [-1:1] [-1:1] [-1:1] [-1:1] [-1:1] [-1:1] [-1:1] [-1:1] [0:1] [0:1] [0:0.94999998807907104] [0:0.91666668653488159] [0:0.91666668653488159] [0:1] [0:1] [0:0.89999997615814209] [0:0.8461538553237915] [0:0.8461538553237915] [-1:1] [-1:1] [-0.83333331346511841:0.91666668653488159] [-0.83333331346511841:0.91666668653488159] [-0.83333331346511841:0.91666668653488159] [0:1] [0:1] [0:1] [0:1] [0:1] [0:1] [0:1] [0:1] [0:1] [0:1] [-1:1] [-1:1] [-1:1] [-1:1] [-1:1] [0.20030206441879272:26452.083984375] [0.10019464790821075:23627.859375] [0.050386160612106323:26698.134765625] [0.033777147531509399:28136.5] [0.019384508952498436:26107.111328125] [0.00080492562847211957:59102.5] [0.0021778203081339598:58684.484375] [0.0021778203081339598:56418.4921875] [0.0021778203081339598:57003.12109375] [0.0021778203081339598:42065.70703125] [0:2.2360680103302002] [0:3.1571931838989258] [0:4.4648346900939941] [0:5.4658303260803223] [0:7.5907325744628906] [0:1] [0:1] [0:1] [0:1] [0:1] [0:1] [0:1] [0:1] [0:1] [0:1] [-1:1] [-1:1] [-1:1] [-1:1] [-1:1]
tree_sizes=3081 3058 2987 3075 3046 3047 3049 3061 3110 3052 3079 3007 3084 3075 2992 3100 3032 3086 3005 3061 3115 2999 3117 3077 3090 3061 3051 3070 3099 3116

Tree=0
num_leaves=31
num_cat=0
split_feature=16 26 30 20 33 44 16 36 102 32 24 33 37 19 8 120 82 3 82 37 138 76 120 14 25 1 52 48 58 26
split_gain=180.623 121.348 66.8278 77.5499 70.6768 74.188 67.444 60.1466 58.2359 56.8866 54.5363 57.1791 53.8269 51.3851 45.1405 44.9834 45.0343 44.0363 42.6928 42.1756 41.9305 40.1243 39.3394 39.0037 35.6384 33.1332 32.7264 31.567 30.8982 36.4607
threshold=1.2186611890792849 0.016316778026521209 -0.00033223943319171662 0.89580154418945324 0.3163875043392182 1.0378170609474184 0.93412294983863842 0.80487912893295299 0.5377492904663087 -0.0048982950393110505 0.0364736095070839 0.53878006339073192 0.73089912533760082 1.0176628828048708 0.88235300779342662 0.72077915072441112 0.97499999403953563 0.011660987976938488 0.17500000447034839 0.76592063903808605 0.77675950527191173 0.050000002607703216 0.12545841187238696 0.91207346320152294 0.041666211560368545 0.06011560000479222 0.87071338295936596 0.95190265774726879 0.99721863865852367 0.047464311122894294
decision_type=10 10 8 10 10 8 8 10 2 10 10 10 10 10 10 10 2 10 2 10 10 2 10 8 10 10 10 10 10 10
left_child=1 -1 6 19 5 23 17 -2 24 14 11 13 -7 -9 21 16 -11 18 27 20 22 -8 -4 -5 -6 -17 -20 -3 29 -19
right_child=7 2 3 4 8 12 9 10 -10 15 -12 -13 -14 -15 -16 25 -18 28 26 -21 -22 -23 -24 -25 -26 -27 -28 -29 -30 -31
leaf_value=0.001408516033655123 0.0029573017064018305 -0.0091016398117555845 -1.4948711436410956e-09 0.0058364495591337025 8.0932891570845005e-06 -0.0049623371266000254 0.005193933895481887 0.0059826159982226705 0.0023500548438865317 -0.00093515823557791357 0.015653594240108457 0.011953935912561281 0.00028799148154401324 -0.017472691954529832 0.010725726043788731 0.00056073479122182148 -0.0029842385197245114 -1.4948711436410956e-09 -0.013217413777327077 0.00059593300489035287 -0.0042874812072701326 -0.0011328553137607562 -0.021196665589794762 -0.00029511840991036919 0.0027734491447152284 0.012535675640261834 -0.0032035674589874705 0.0021201518898558407 -0.0067454747560486824 0.020613557254511642
leaf_weight=40147 1901 312 107 954 42592 5681 1429 129 16881 64369 963 314 2386 147 521 10130 11594 140 1028 543 855 2244 336 22251 4660 196 556 619 130 117
leaf_count=40147 1901 312 107 954 42592 5681 1429 129 16881 64369 963 314 2386 147 521 10130 11594 140 1028 543 855 2244 336 22251 4660 196 556 619 130 117
internal_value=1.24867e-05 -8.84302e-05 -0.000405376 0.000142371 0.000263638 -0.000900718 -0.000978891 0.00680327 0.000836171 -0.000829915 0.0112229 0.00322309 -0.00337546 -0.00583287 0.00255431 -0.000998432 -0.00125255 -0.00548372 -0.00696808 -0.00591603 -0.00883554 0.00126218 -0.0164011 -2.53124e-05 0.000288217 0.000840824 -0.00997326 -0.0014374 0.00329397 0.00957569
internal_weight=234232 230778 190631 97246 95405 31272 93385 3454 64133 90483 1553 590 8067 276 4194 86289 75963 2902 2515 1841 1298 3673 443 23205 47252 10326 1584 931 387 257
internal_count=234232 230778 190631 97246 95405 31272 93385 3454 64133 90483 1553 590 8067 276 4194 86289 75963 2902 2515 1841 1298 3673 443 23205 47252 10326 1584 931 387 257
is_linear=0
shrinkage=1


Tree=1
num_leaves=31
num_cat=0
split_feature=16 26 36 40 71 18 42 20 14 35 33 54 33 18 23 5 141 77 140 23 113 23 16 87 17 84 36 34 8 12
split_gain=161.827 115.135 66.8243 64.3777 116.727 64.6084 62.364 60.9475 117.86 68.2351 126.231 64.4127 58.2125 75.5815 54.876 48.8598 47.2785 44.5654 41.7973 40.8141 40.6985 57.5698 40.2467 52.0744 40.1391 37.8774 37.2235 36.8848 37.3274 30.4455
threshold=1.2186611890792849 0.020052369683980945 0.80487912893295299 -0.029985906556248661 0.57894757390022289 1.0266025066375735 -0.0023227015044540163 0.89580154418945324 0.9150981903076173 0.70622494816780101 0.79451131820678722 0.99726030230522167 0.37645763158798223 1.0177703499794009 0.017175837419927124 0.0089338026009500044 1.0874434113502505 0.94166666269302379 0.72928357124328624 0.025869899429380897 0.9148937761783601 0.034880936145782478 1.1677419543266299 -0.69166666269302357 0.91101133823394786 -0.55000001192092884 0.34067144989967352 0.8439415991306306 0.64705756306648265 1.0122547149658205
decision_type=10 10 10 10 10 10 8 8 8 10 10 10 8 8 10 10 10 2 10 10 10 10 8 2 10 2 10 10 10 10
left_child=1 6 -2 4 22 29 -1 15 9 10 -9 -11 13 -10 -4 20 17 -7 -16 -8 21 -5 23 26 -14 -25 -3 -17 -29 -6
right_child=2 3 14 7 5 16 19 8 12 11 -12 -13 24 -15 18 27 -18 -19 -20 -21 -22 -23 -24 25 -26 -27 -28 28 -30 -31
leaf_value=-3.9708499264800997e-05 0.0022865917321126211 -0.0013345272372442523 -0.00020520335546363207 -0.0058603137448584568 0.0038552120693027495 0.0081528842270684725 0.0017137876553421365 0.010017400689536368 -0.0014064315161037967 -0.003154763280204234 -0.00082016411040008942 0.0061996376095848965 0.00083654052600474951 -0.0079447188404454874 0 0.0054492911201655496 0.0045756995268748137 0.026963473812917645 0.015408844454482628 0.015057328565559722 -0.0034060777008517104 -0.028119332222941707 0.0040793497236721243 0.0013637966746062741 -0.0007151864419388986 -0.0026232393878481797 -0.010138755474987915 -0.014544423195607959 0.0024447390964018045 -0.0037833499746297351
leaf_weight=30048 1830 1041 275 293 3620 358 35738 2396 53721 2104 1528 940 19491 1645 158 414 700 247 1163 194 492 215 1536 5767 63339 3378 863 230 161 484
leaf_count=30048 1830 1041 275 293 3620 358 35738 2396 53721 2104 1528 940 19491 1645 158 414 700 247 1163 194 492 215 1536 5767 63339 3378 863 230 161 484
internal_value=-5.71204e-07 -9.81329e-05 0.0064513 -0.000522933 0.0011635 0.00484467 0.000959241 -0.00073158 -0.000660675 0.00313156 0.00573844 -0.000146562 -0.00085448 -0.00160891 0.0109536 -0.00619992 0.0106985 0.0169297 0.0134687 0.00180251 -0.0105747 -0.0165574 -0.000400037 -0.0010561 -0.00034631 -7.87208e-05 -0.00554493 -0.00027711 -0.00704041 0.00286764
internal_weight=234369 230943 3426 164963 17994 5409 65980 146969 145164 6968 3924 3044 138196 55366 1596 1805 1305 605 1321 35932 1000 508 12585 11049 82830 9145 1904 805 391 4104
internal_count=234369 230943 3426 164963 17994 5409 65980 146969 145164 6968 3924 3044 138196 55366 1596 1805 1305 605 1321 35932 1000 508 12585 11049 82830 9145 1904 805 391 4104
is_linear=0
shrinkage=0.03


Tree=2
num_leaves=31
num_cat=0
split_feature=16 26 30 24 124 33 44 27 23 122 29 37 39 71 82 77 36 24 33 19 11 78 1 49 28 11 2 9 39 54
split_gain=165.028 116.208 73.0715 83.362 58.5453 51.4873 55.9463 60.8466 50.9505 50.0432 53.9677 62.4153 49.027 79.4015 44.5993 41.9995 41.3499 58.5562 61.0325 49.1478 39.5574 39.3842 33.5934 32.0282 53.4756 31.6696 30.8917 28.1426 27.0325 27.2069
threshold=1.2186611890792849 0.016316778026521209 -0.0004690687201218679 0.055090675130486495 -0.69811409711837757 0.25925646722316747 1.0357143282890322 0.073260817676782622 0.046714911237359054 0.66923254728317272 -0.0039083219598978749 0.73736521601676952 -0.02187573071569204 0.63432833552360546 0.14166667312383655 0.091666668653488173 0.80487912893295299 0.0364736095070839 0.59364947676658641 1.0205056071281435 0.99465733766555797 0.30000000447034841 0.054935237392783172 0.83626881241798412 0.0096073946915566939 0.9800611436367036 -0.35714031755924219 1.0112255215644839 -0.02537463046610355 1.0839585661888125
decision_type=10 10 10 10 8 10 10 10 10 10 10 10 10 10 2 2 10 10 10 10 10 10 10 10 10 10 10 10 10 10
left_child=1 -1 4 5 27 6 -4 -8 23 10 14 -12 13 -7 -6 -14 -2 18 19 -18 -20 -19 28 24 -5 -11 -25 -3 -23 -30
right_child=16 2 3 8 9 12 7 -9 -10 25 11 -13 15 -15 -16 -17 17 21 20 -21 -22 22 -24 26 -26 -27 -28 -29 29 -31
leaf_value=0.0013709244547343866 0.0032141661232858083 2.9740239402312037e-05 0 0.016843180955751547 1.9861950470535029e-05 0.00067540776905830049 -0.0044620096635141415 0.0015634953726636584 -0.018786490083962191 0.010684534437429722 -0.0013326324903659304 0.0011135131286465023 -0.0010633763867235876 0.0078215452114542491 -0.0029085904257570316 0.00082359726085506663 0.0038372020312584937 0.030654836770714511 0 -0.017965431612867271 0.021264239597684618 -0.0050446995274122698 0.019611606722472225 0 -0.0052039975932324832 0.0012426591664765529 -0.015574913632124661 0.0041717238246215798 0 0.014657150365885024
leaf_weight=40089 1853 3854 20119 131 5520 4143 6003 1914 285 398 40165 12103 13277 2183 24763 50915 155 131 128 151 156 116 293 157 245 1867 245 2534 150 274
leaf_count=40089 1853 3854 20119 131 5520 4143 6003 1914 285 398 40165 12103 13277 2183 24763 50915 155 131 128 151 156 116 293 157 245 1867 245 2534 150 274
internal_value=4.18832e-07 -9.52798e-05 -0.000404994 0.00015412 -0.00101887 0.000247989 -0.000834313 -0.00296723 -0.00811564 -0.00122961 -0.00135309 -0.000760265 0.00068265 0.00320558 -0.00236523 0.000428428 0.00653666 0.0102166 0.00205887 -0.00644349 0.0120279 0.0147613 0.0112499 -0.00345785 0.00218248 0.00311205 -0.00929768 0.0017275 0.00563887 0.00933298
internal_weight=234317 230910 190821 99617 91204 98554 28036 7917 1063 84816 82551 52268 70518 6326 30283 64192 3407 1554 590 306 284 964 833 778 376 2265 402 6388 540 424
internal_count=234317 230910 190821 99617 91204 98554 28036 7917 1063 84816 82551 52268 70518 6326 30283 64192 3407 1554 590 306 284 964 833 778 376 2265 402 6388 540 424
is_linear=0
shrinkage=0.03


Tree=3
num_leaves=31
num_cat=0
split_feature=16 25 29 115 25 71 34 0 0 31 61 13 72 68 7 31 100 31 27 17 30 86 2 79 7 119 5 54 60 140
split_gain=141.531 99.8063 68.3225 61.4436 88.3389 97.9464 87.5463 78.0971 67.9571 60.7218 54.6137 96.7025 51.1844 49.282 67.9728 57.4915 45.5322 45.132 44.769 52.0348 37.1459 36.4889 34.4798 34.2706 28.8409 28.2683 26.0837 35.2155 29.3913 24.8169
threshold=1.2186611890792849 0.012341595720499756 -0.00027660011255647982 0.75634524226188671 0.042060198262333877 0.50000005960464489 0.15895843505859378 0.02833278197795153 -0.030321909114718434 0.0038286368362605576 1.0554147362709048 1.1143463850021365 0.086322013288736357 0.20038071274757388 -0.013292402029037474 0.0025095138698816304 0.3514705896377564 -0.0017318864702247081 0.077251121401786818 0.74947413802146923 -0.0070754231419414273 -0.74999999999999989 -0.92857024073600758 0.15000000223517421 0.014604674186557533 0.71232858300209057 0.011976004112511875 0.98545360565185558 0.96669495105743419 0.72928357124328624
decision_type=10 10 10 10 10 10 10 10 10 10 10 10 10 10 10 10 2 10 10 10 10 2 10 2 10 10 10 10 10 10
left_child=1 -1 10 4 8 17 -7 26 23 -10 11 13 22 15 -15 -3 -14 -6 19 -9 21 29 -12 -4 -18 -24 28 -28 -5 -2
right_child=20 2 3 7 5 6 -8 18 9 -11 12 -13 16 14 -16 -17 24 -19 -20 -21 -22 -23 25 -25 -26 -27 27 -29 -30 -31
leaf_value=0.0014430693579989757 0 -0.00052738908335329255 -0.015228891794562154 -0.00237482412148509 -0.0007526884229464571 0.011086778210321845 0.0030171035458113212 0.0037911105609805102 0.00045670466437014494 -0.0023179135195493853 -0.0090958673727475625 -0.015953362327210507 0.010872799936260958 -0.0051824498574427735 -0.001230307432187107 0.0034077005720135581 0.0047768908730966017 -0.015738274088727116 -0.022329223673594623 -0.011277420739399474 0.0015615652464266848 0.0014788787281215191 0.0082779304062169552 -0.0027725486670912222 -0.0050184971576366618 -0.0001997793755494855 -0.0024952887782006615 0.0080386221917037211 0.0064339335901377383 0.011965646135066284
leaf_weight=32794 137 26724 346 6033 2528 1508 7076 272 72049 7837 335 375 872 4258 56621 3797 814 181 208 553 1248 605 375 635 360 2884 467 586 326 1445
leaf_count=32794 137 26724 346 6033 2528 1508 7076 272 72049 7837 335 375 872 4258 56621 3797 814 181 208 553 1248 605 375 635 360 2884 467 586 326 1445
internal_value=1.31658e-06 -8.76106e-05 -0.000342741 0.000203159 0.000430477 0.00291423 0.00449209 -0.00223727 7.92786e-05 0.000180242 -0.000909521 -0.00108781 0.00193216 -0.00102006 -0.00151327 -2.61059e-05 0.00569963 -0.00197187 -0.00992025 -0.0059822 0.0060295 0.00840592 -0.000149256 -0.00768211 0.00148819 0.000728766 -0.00110232 0.00312787 -0.00185745 0.0108162
internal_weight=234249 230814 198020 100605 92160 11293 8584 8445 80867 79886 97415 91775 5640 91400 60879 30521 2046 2709 1033 825 3435 2187 3594 981 1174 3259 7412 1053 6359 1582
internal_count=234249 230814 198020 100605 92160 11293 8584 8445 80867 79886 97415 91775 5640 91400 60879 30521 2046 2709 1033 825 3435 2187 3594 981 1174 3259 7412 1053 6359 1582
is_linear=0
shrinkage=0.03


Tree=4
num_leaves=31
num_cat=0
split_feature=16 46 39 37 20 7 22 28 45 41 87 114 71 33 138 102 117 75 17 39 114 25 5 25 33 23 36 140 35 5
split_gain=139.123 110.088 55.8057 59.534 54.4328 52.0467 51.8563 59.8637 48.7238 46.5522 43.149 74.4994 51.1832 42.3859 58.9906 41.3038 40.6414 39.8751 38.7934 37.9359 70.7637 54.3685 47.5713 47.3248 38.3148 36.8657 51.7214 51.9249 34.8681 33.6014
threshold=1.2186611890792849 1.0481618046760561 0.012135955039411785 0.63475269079208385 0.89580154418945324 -0.017877798527479168 0.97015711665153515 -0.011792456731200216 1.0046207308769228 0.07415438070893289 0.37500000000000006 0.53846165537834179 0.5468752682209016 0.92172929644584667 0.77675950527191173 0.59137290716171276 0.53026285767555248 0.075000001117587103 0.96265506744384777 -0.015383506193757055 0.76404526829719555 0.019517119042575363 0.0051282583735883245 0.044832706451416023 0.090806722640991225 0.017046523280441764 0.80487912893295299 0.76776355504989635 0.15111909806728366 0.020345875062048439
decision_type=10 8 10 8 10 10 10 8 10 8 2 10 10 10 10 2 10 2 8 8 10 10 10 10 10 10 10 10 8 10
left_child=1 4 3 6 13 18 7 16 -6 -5 12 -12 -8 14 15 -1 -3 -7 -4 20 -10 22 -21 -23 -22 -2 -27 -28 -11 -9
right_child=25 2 5 9 8 17 10 29 19 28 11 -13 -14 -15 -16 -17 -18 -19 -20 21 24 23 -24 -25 -26 26 27 -29 -30 -31
leaf_value=-0.023887201919179448 -0.00011479830192108344 0.014617367872864391 -0.021914059129913392 0.00042394061967821747 0.0023541557008616657 0.00026452238972443366 -0.0014550258800658271 -0.0061368201909968671 0.001180938289960063 0.01432007773758771 0.0014863941982033483 -0.0047118006779024958 0.0022650970371499396 0.0029903885767845429 -0.002547809488099385 -0.0013889246412912722 -0.0016905527351858273 -0.0025930832474785207 -0.0044349416242719228 0.0014446362955108903 0 -0.00099767463413086982 -0.00070649334590458003 0.0026958947683722858 0.01244802582556072 0.0032851128594220112 0 0.014504670104412715 0 0.0091969303398831814
leaf_weight=253 646 213 184 34862 13880 5842 43507 3511 5850 365 13254 1976 3527 421 879 145 261 15700 438 36970 248 31977 12116 3406 858 1534 232 1086 251 101
leaf_count=253 646 213 184 34862 13880 5842 43507 3511 5850 365 13254 1976 3527 421 879 145 261 15700 438 36970 248 31977 12116 3406 858 1534 232 1086 251 101
internal_value=-6.47665e-06 -9.79203e-05 -0.000707387 -0.000406588 0.00060551 -0.00207421 -0.000938654 -0.00421955 0.000694285 0.000579983 -0.000717246 0.000657419 -0.00116884 -0.00466944 -0.0074332 -0.0168669 0.00532551 -0.00180469 -0.0105945 0.000438546 0.00256969 0.000258929 0.000907488 -0.000632332 0.00949739 0.00591308 0.00737419 0.0117889 0.00864832 -0.00557717
internal_weight=234493 230995 123992 101828 107003 22164 66350 4086 105305 35478 62264 15230 47034 1698 1277 398 474 21542 622 91425 6956 84469 49086 35383 1106 3498 2852 1318 616 3612
internal_count=234493 230995 123992 101828 107003 22164 66350 4086 105305 35478 62264 15230 47034 1698 1277 398 474 21542 622 91425 6956 84469 49086 35383 1106 3498 2852 1318 616 3612
is_linear=0
shrinkage=0.03


Tree=5
num_leaves=31
num_cat=0
split_feature=16 25 29 41 10 40 71 36 41 125 26 42 79 47 0 53 35 42 18 24 74 24 61 105 12 34 10 75 33 41
split_gain=154.106 89.2041 68.7337 76.7578 86.5934 65.4757 67.1521 58.9081 57.5006 59.2851 54.6468 53.5538 54.9548 53.0395 46.9426 44.9479 41.96 39.7912 37.3958 40.075 36.8254 36.3971 64.9183 32.7992 32.3894 48.2278 29.0989 28.8343 28.5026 29.5174
threshold=1.2186611890792849 0.012341595720499756 -0.00046205735998228187 -0.03006753139197826 1.0215474963188174 -0.029985906556248661 0.5468752682209016 0.80796471238136303 -0.036851111799478524 0.48850576579570776 0.061890067532658584 0.081296790391206755 0.15000000223517421 1.2975165843963625 0.02833278197795153 1.004994332790375 0.91115435957908641 0.0019712724024429922 1.0273734331130984 0.037798382341861732 0.75000000000000011 0.027644826099276546 1.052315413951874 0.31009615957736975 0.98821967840194713 0.62914547324180614 1.0203252434730532 0.42499999701976782 0.76844850182533275 -0.019339373335242268
decision_type=10 10 10 10 10 10 10 10 8 10 10 10 2 10 10 10 10 10 10 10 2 10 10 2 10 10 10 2 10 10
left_child=1 26 3 15 11 6 28 -2 20 10 -10 12 -5 -9 -11 24 17 -6 19 -8 -7 27 -23 -20 -3 -26 -1 -17 -4 -30
right_child=7 2 5 4 16 8 18 13 9 14 -12 -13 -14 -15 -16 21 -18 -19 23 -21 -22 22 -24 -25 25 -27 -28 -29 29 -31
leaf_value=0.0014934595767696548 0.0024594188260698498 0.0069613119874094775 -0.0088723885094306801 -0.0053988004597273695 -0.0068624787551240761 -0.0034943851739731861 0.0050136702245281396 -0.00034042843900221797 0.00016786131943276279 -0.0012847984174494142 0.003483565365383752 0.013734685745978048 -0.0010023621852651486 0.013143046365279631 -0.0077052497063832374 0.00028224195795555459 0.0072107443555612244 0.00017465555000414597 0 -0.0084951569932146739 -0.019981792109917094 -0.0026968373954808118 0.0020636577644762236 0.014414474174571069 -0.011678498255895363 0 -0.0040759586018415637 0.0030769539694110895 -0.0030960051406562616 0.014049967347429349
leaf_weight=31926 1900 150 418 2693 4286 550 2001 274 83863 8660 4727 194 60906 1284 1184 6531 199 769 201 186 173 5733 4604 683 681 577 821 7344 233 110
leaf_count=31926 1900 150 418 2693 4286 550 2001 274 83863 8660 4727 194 60906 1284 1184 6531 199 769 201 186 173 5733 4604 683 681 577 821 7344 233 110
internal_value=-9.71971e-06 -0.000105605 -0.000347113 -0.000931067 -0.00145237 0.000186818 0.00402497 0.00625662 3.46828e-05 0.000100433 0.000348913 -0.00114048 -0.00119488 0.0106074 -0.0021015 0.000462193 -0.00516361 -0.00573636 0.00603271 0.00366227 -0.00827495 0.000777282 -0.000547702 0.0113545 -0.00468101 -0.00639117 0.00134227 0.00178537 -0.00364008 0.0020474
internal_weight=233861 230403 197656 94667 69047 102989 3832 3458 99157 98434 88590 63793 63599 1558 9844 25620 5254 5055 3071 2187 723 24212 10337 884 1408 1258 32747 13875 761 343
internal_count=233861 230403 197656 94667 69047 102989 3832 3458 99157 98434 88590 63793 63599 1558 9844 25620 5254 5055 3071 2187 723 24212 10337 884 1408 1258 32747 13875 761 343
is_linear=0
shrinkage=0.03


Tree=6
num_leaves=31
num_cat=0
split_feature=16 26 33 32 15 42 44 0 82 13 20 81 3 14 38 23 6 85 56 86 55 1 43 53 86 125 79 23 33 113
split_gain=122.221 98.7587 58.2449 61.6728 68.0944 58.1311 54.5179 65.7061 57.8519 54.1121 102.562 53.1742 52.9409 51.8665 48.7529 46.9253 45.9749 45.8483 45.3015 44.6026 55.2109 41.8024 39.6851 39.3374 38.2119 36.6413 45.7378 34.5303 34.2569 29.4488
threshold=1.2186611890792849 0.021398353390395645 0.37645763158798223 -0.0044248120393604031 1.1256983876228335 -0.0029892857419326897 1.0408163666725161 -0.0073839677497744552 0.24166666716337207 0.98393133282661449 0.97068646550178539 0.61666667461395275 0.017557884566485885 0.8795953392982484 0.010040064342319967 0.015857853926718238 0.13333268463611606 -0.52500000596046437 0.97319400310516369 -0.81666666269302357 1.0933840870857241 0.0365700051188469 1.0353992581367495 1.047007203102112 0.68333333730697643 0.46835450828075414 0.25000000745058065 0.017175837419927124 0.97813582420349132 0.88888975977897655
decision_type=10 10 8 10 8 8 8 10 2 8 10 2 10 8 10 10 10 2 10 2 10 10 10 10 2 10 2 10 10 10
left_child=1 5 3 4 11 21 7 18 17 12 25 -3 22 16 -9 -15 -14 -8 -5 20 -12 -1 24 -10 -4 26 -11 -2 -21 -24
right_child=27 2 9 6 -6 -7 8 14 23 10 19 -13 13 15 -16 -17 -18 -19 -20 28 -22 -23 29 -25 -26 -27 -28 -29 -30 -31
leaf_value=0 -0.00029175432270384349 0 -0.0017630145700341668 0.011148105113333914 -0.0035796767421042491 0.0015091325964404496 0.0029179249854993376 -0.0021646409606781622 -0.0036603063530930434 0.0088699462352724127 -0.0030024896242245693 0.0099605818852236769 -0.020218491645807281 -0.0025776430907900683 0.0011521830253555462 0.0087577054656401594 0.0028811475807722186 -0.0021927807765401565 0.0010080501855603617 0.00064192734731210771 0.001983012986171468 -0.0072847214048597777 -0.0091029522642300676 -0.015401681936618457 0.00040740171733341483 -0.00051526688739751312 0 0.0069719058185194723 -0.0047005815644627306 0.0037453547843973186
leaf_weight=33155 643 700 23666 410 901 42036 2259 20682 13175 2230 7509 1211 121 385 4799 1239 122 4994 7348 46008 2631 704 911 262 10253 694 739 2818 1075 146
leaf_count=33155 643 700 23666 410 901 42036 2259 20682 13175 2230 7509 1211 121 385 4799 1239 122 4994 7348 46008 2631 704 911 262 10253 694 739 2818 1075 146
internal_value=-3.52281e-05 -0.000120801 -0.000557303 -0.00132213 0.00295872 0.000763577 -0.00155192 -0.000785923 -0.00276609 -0.000109998 0.000435657 0.00620196 -0.00101962 0.00383695 -0.00152778 0.0058893 -0.00814329 -0.000556119 0.0016098 0.000117931 -0.00167803 -0.00015352 -0.00128948 -0.00393409 -0.00109825 0.0052901 0.00674183 0.00554233 0.000511634 -0.00701311
internal_weight=233826 230365 154470 56741 2812 75895 53929 33239 20690 97729 60886 1911 36843 1867 25481 1624 243 7253 7758 57223 10140 33859 34976 13437 33919 3663 2969 3461 47083 1057
internal_count=233826 230365 154470 56741 2812 75895 53929 33239 20690 97729 60886 1911 36843 1867 25481 1624 243 7253 7758 57223 10140 33859 34976 13437 33919 3663 2969 3461 47083 1057
is_linear=0
shrinkage=0.03


Tree=7
num_leaves=31
num_cat=0
split_feature=16 26 33 27 44 55 1 80 11 3 49 2 85 82 50 126 42 86 120 85 12 134 36 15 126 5 14 23 139 58
split_gain=129.099 84.1026 60.4324 71.6077 71.6714 60.0658 67.6317 59.6231 79.803 77.5532 52.3186 50.2927 49.8402 54.9938 47.6295 66.5066 47.4779 46.9496 55.9615 51.448 48.7526 42.9751 40.6919 39.4006 38.9769 38.5065 37.8401 35.8127 36.6278 34.1325
threshold=1.236752510070801 0.020052369683980945 0.37645763158798223 0.082766275852918639 1.0408163666725161 0.93695437908172619 0.054935237392783172 0.62500000000000011 0.9800611436367036 0.016988904215395454 0.84849342703819286 -0.57142847776412953 -0.37499999999999994 0.25833334028720861 0.87228482961654674 -0.29648941755294794 -0.0023227015044540163 -0.58333334326744068 0.51987063884735119 -0.57500001788139332 1.0018408894538882 0.23055522143840793 0.80487912893295299 0.81351971626281749 0.27766555547714239 0.013360743410885336 0.91207346320152294 0.015857853926718238 0.70714300870895397 0.95449155569076549
decision_type=10 10 8 10 10 10 10 2 10 10 10 10 2 2 10 10 10 2 10 2 10 10 10 8 10 10 8 10 10 10
left_child=1 16 3 4 11 10 7 9 -9 -7 -4 -3 13 -6 21 -16 -1 19 23 20 -5 -8 -2 -19 -12 -14 -13 -24 -29 -18
right_child=22 2 5 17 12 6 14 8 -10 -11 24 26 25 -15 15 -17 29 18 -20 -21 -22 -23 27 -25 -26 -27 -28 28 -30 -31
leaf_value=0 0.0029169254170273839 0.0017371579926391955 -0.011594583966626656 0.0068471800021272771 0.001877966296717683 0.00041109310069971345 0.018831732843183988 -0.0039821184110841457 -0.00030092893156265937 0.0061522868592805849 -0.010202692198811225 0.0045692748288040817 -0.0053821838656752646 -0.0028657833692738882 0.011752733813272789 -0.00061149429432497658 0.0097480940148723348 -0.0071990563685320457 -0.004329540589964256 0.013759190164851493 -0.0062158845780171858 0.0031849731037677347 -0.0019525811272497111 0.0036864042556007683 0.0021393325916616948 0.00083551754512322632 -0.0014329194505541668 0.00019251197196067647 0.015592021838778386 0.0014930929076211645
leaf_weight=30670 1437 6235 713 688 2921 54490 347 6212 37191 2196 289 938 7712 8103 480 1626 452 298 1544 536 367 393 128 2951 826 916 27461 215 823 34915
leaf_count=30670 1437 6235 713 688 2921 54490 347 6212 37191 2196 289 938 7712 8103 480 1626 452 298 1544 536 367 393 128 2951 826 916 27461 215 823 34915
internal_value=3.3965e-05 -3.97397e-05 -0.00040227 -0.0011557 -0.00151223 3.13278e-05 0.000130389 0 -0.000836295 0.000640887 -0.00532553 -0.000679136 -0.00296303 -0.00158056 0.00467428 0.0021495 0.000863762 0.00182448 0.000268358 0.00626466 0.0019928 0.0112193 0.0066528 0.00255828 -0.000918728 -0.00468698 -0.00122104 0.0108772 0.0127498 0.00161252
internal_weight=234073 231470 165433 60670 54286 104763 102935 100089 43403 56686 1828 34634 19652 11024 2846 2106 66037 6384 4793 1591 1055 740 2603 3249 1115 8628 28399 1166 1038 35367
internal_count=234073 231470 165433 60670 54286 104763 102935 100089 43403 56686 1828 34634 19652 11024 2846 2106 66037 6384 4793 1591 1055 740 2603 3249 1115 8628 28399 1166 1038 35367
is_linear=0
shrinkage=0.03


Tree=8
num_leaves=31
num_cat=0
split_feature=16 30 20 16 35 36 52 33 59 33 44 112 35 29 9 30 39 28 5 85 137 41 29 37 117 46 36 39 117 40
split_gain=117.438 73.1867 84.9486 71.0535 47.3556 43.0428 49.6399 71.2937 47.5697 42.6913 59.0263 42.0237 44.1328 43.4741 41.3837 62.5549 46.3325 68.1287 41.2775 41.7712 40.9328 47.5946 55.6062 63.0316 45.2666 40.6326 40.0245 37.6415 36.8992 38.8902
threshold=1.2186611890792849 -0.00033223943319171662 0.89580154418945324 0.93412294983863842 0.20559790730476382 0.80487912893295299 0.92244279384613048 0.61490201950073253 1.0019587874412539 0.25925646722316747 1.0367669463157656 0.087977297604084029 0.88148415088653576 0.011902426835149528 0.9725417196750642 0.0071849399246275434 0.0098281325772404688 0.014705891255289318 0.010476179886609318 0.37500000000000006 0.52305555343627941 -0.037669297307729714 -0.0033052926883101459 0.64983603358268749 0.33390520513057714 1.1685990095138552 0.74376428127288829 -0.022456995211541649 0.51764705777168285 0.016383284702897075
decision_type=10 8 8 8 10 10 10 10 10 8 8 2 10 10 10 10 10 10 10 2 10 10 10 10 10 10 10 8 10 10
left_child=1 3 14 4 28 -2 -7 8 -8 10 -4 12 13 -11 15 -3 17 -16 -12 -20 21 -5 24 -24 -23 27 -18 -13 -1 -30
right_child=5 2 9 20 -6 6 7 -9 -10 11 18 25 -14 -15 16 -17 26 -19 19 -21 -22 22 23 -25 -26 -27 -28 -29 29 -31
leaf_value=-0.0092890678957375065 0.0021589854481539146 0.00013915045143559921 0.00026270934002667296 0.0012343486098402346 -0.010038342196045118 0.019335060326872166 0.0039259649539346115 0.011160669006582101 -0.014989377901817742 0.00043790366524470824 -0.0037734125948690684 0.0059400092872371963 -0.0038617732143432009 0.0063187998972729226 0.0026482786871639633 -0.017207290072912083 -0.003783804991529608 -0.014919412902817585 -0.0052608234687466513 0.0052198059074397389 0.00024696508342036792 0.0032911579034557588 -0.001407814344336256 0.0011759009617758945 -0.0027241089708387334 -0.012129092472450186 0.013528705424519583 0.001613074869059069 0.004685487612647977 -0.0055012351006879347
leaf_weight=445 1904 238 26818 7594 1152 344 256 783 175 55913 6281 2017 2070 1145 329 505 176 390 473 1009 36963 1125 25555 12598 22236 160 235 23780 802 545
leaf_count=445 1904 238 26818 7594 1152 344 256 783 175 55913 6281 2017 2070 1145 329 505 176 390 473 1009 36963 1125 25555 12598 22236 160 235 23780 802 545
internal_value=-3.44421e-05 -0.000118293 0.000386321 -0.000683597 -0.00527702 0.00543208 0.00916389 0.00577201 -0.00341322 0.000488305 -0.000394442 0.000850612 0.000402103 0.000563346 -0.00590726 -0.0113996 -0.00189958 -0.00662072 -0.00269802 0.00164953 -0.000552308 -0.000984093 -0.00126315 -0.000546652 -0.00241903 0.00185964 0.00558746 0.00196735 -0.00197359 0.000324267
internal_weight=234016 230554 121539 109015 2944 3462 1558 1214 431 119666 34581 85085 59128 57058 1873 743 1130 719 7763 1482 106071 69108 61514 38153 23361 25957 411 25797 1792 1347
internal_count=234016 230554 121539 109015 2944 3462 1558 1214 431 119666 34581 85085 59128 57058 1873 743 1130 719 7763 1482 106071 69108 61514 38153 23361 25957 411 25797 1792 1347
is_linear=0
shrinkage=0.03


Tree=9
num_leaves=31
num_cat=0
split_feature=22 26 86 86 55 50 80 81 34 3 1 33 40 117 125 7 2 45 23 5 140 1 23 117 33 34 37 12 1 78
split_gain=87.035 83.8277 77.4849 53.9703 53.5645 52.9038 67.0694 73.6893 59.9381 50.8308 49.7699 45.7263 45.8532 42.2096 48.2128 42.4083 40.1215 39.4191 44.6364 38.655 37.9221 37.041 35.7265 36.581 34.4197 32.0095 30.6443 35.524 34.4053 27.853
threshold=1.1630271077156069 0.020052369683980945 -0.74999999999999989 0.81666666269302379 0.93695437908172619 0.84108245372772228 0.42499999701976782 0.84999999403953563 0.29686415195465093 0.016988904215395454 0.06011560000479222 0.58924898505210888 0.02602335345000029 0.44857500493526464 0.48850576579570776 -0.030325357802212235 0.36363942921161657 1.0104767680168154 0.025869899429380897 0.0082872966304421442 0.88914155960083019 0.013395836111158134 0.01313974615186453 0.69051185250282299 0.94282507896423351 0.59214848279953014 0.67673662304878246 1.0018408894538882 0.022077932953834537 0.30000000447034841
decision_type=10 10 2 2 10 10 2 2 10 10 10 8 10 10 10 10 10 8 10 10 10 10 10 10 10 10 8 8 8 10
left_child=1 17 10 4 19 6 8 -8 -6 13 20 21 -13 -5 15 -15 22 18 -1 25 -2 -7 -11 -24 -4 -3 28 -28 -19 -22
right_child=2 3 24 9 5 11 7 -9 -10 16 -12 12 -14 14 -16 -17 -18 26 -20 -21 29 -23 23 -25 -26 -27 27 -29 -30 -31
leaf_value=0.0021060036512772565 -2.7714248881302123e-05 0 0.0005363700592291938 -0.010014241375742954 0.0062706813593431622 9.7798344457215695e-05 0.010882907932164494 -0.0069451202844640529 -0.0016958079584391457 -0.00083308740159762759 0.014628831098805396 0.00027648654929059429 -0.0018728628501199955 -0.0063295213433582544 -0.0022215104684735853 0.0023150053424131089 -0.0049562987453875039 0.00042532821944140796 0.020231540459644749 0 0.01942920989616484 -0.0015060443702640211 0.014821286699880551 -0.00014600602032676819 -0.012158289109097999 -0.017636968826149384 0.00047632583940856603 0.0040422687632699289 -0.002162868270452666 0.0056250842071092532
leaf_weight=13309 841 106 1471 298 1126 16038 1196 216 3222 190 630 53575 10685 500 3215 10911 166 36106 108 336 163 60664 702 135 196 365 6761 4217 5270 1307
leaf_count=13309 841 106 1471 298 1126 16038 1196 216 3222 190 630 53575 10685 500 3215 10911 166 36106 108 336 163 60664 702 135 196 365 6761 4217 5270 1307
internal_value=2.67432e-05 -5.41296e-05 0.00410079 -0.000418907 -0.000600378 -0.000555193 0.00224619 0.00788727 0.000317855 0.00122231 0.00702631 -0.000672093 -7.67066e-05 0.000718874 0.000971418 0.00189957 0.00715706 0.00084877 0.00230413 -0.00824072 0.00471736 -0.00116684 0.00945882 0.0121101 -0.000904839 -0.0136101 0.000469334 0.00187826 8.75407e-05 0.00759734
internal_weight=234025 229417 4608 163646 147529 146722 5760 1412 4348 16117 2941 140962 64260 14924 14626 11411 1193 65771 13417 807 2311 76702 1027 837 1667 471 52354 10978 41376 1470
internal_count=234025 229417 4608 163646 147529 146722 5760 1412 4348 16117 2941 140962 64260 14924 14626 11411 1193 65771 13417 807 2311 76702 1027 837 1667 471 52354 10978 41376 1470
is_linear=0
shrinkage=0.03


Tree=10
num_leaves=31
num_cat=0
split_feature=22 26 86 29 57 40 18 17 42 39 5 71 100 127 115 30 36 1 33 28 115 55 138 20 1 84 112 86 84 46
split_gain=87.187 80.6674 63.9678 58.8466 74.8459 74.8479 80.8583 62.8322 61.534 61.873 69.3743 58.5785 51.9107 47.3202 52.7193 63.1562 46.7942 43.4087 40.2936 38.2693 37.5753 38.3206 36.949 36.4325 36.377 36.0008 34.5227 32.5212 40.0669 34.5978
threshold=1.1630271077156069 0.019919431768357757 -0.74999999999999989 -0.0034386989427730437 1.1510472297668459 -0.029985906556248661 1.0240124464035036 1.1569379568099978 -0.071270514279603944 0.018428829498589042 0.0030303301755338912 0.57446798682212841 0.64852941036224376 -0.33827349543571467 0.44117651879787451 -0.0035871100844815369 0.92920714616775524 0.063791505992412581 0.96610721945762645 0.01111110905185342 0.30158723890781408 1.0911480188369753 0.46717976033687597 0.89580154418945324 0.013317176140844824 -0.55000001192092884 -0.21702898293733594 -0.516666680574417 -0.45000000298023218 1.1101387739181521
decision_type=10 10 2 10 10 10 10 10 10 10 10 10 2 10 10 10 10 10 10 10 10 10 8 10 10 2 2 2 2 10
left_child=1 19 17 7 5 11 23 8 9 10 -3 22 -13 -9 16 -16 -15 25 -4 -1 21 -10 -5 -7 -22 26 -2 28 -6 -30
right_child=2 3 18 4 27 6 -8 13 20 -11 -12 12 -14 14 15 -17 -18 -19 -20 -21 24 -23 -24 -25 -26 -27 -28 -29 29 -31
leaf_value=0.00069207310848586002 -0.0026024846886086709 -0.001608679279749561 0.00064296677796068299 -0.015252506351128655 -0.00035140140711895117 -0.0046229851256555316 -0.0068091474951842259 0.0035122146646064437 -0.00053399067625633124 -0.0050894614264667395 0.0049524667712711624 0.0068660169133209509 0 -0.0059736677356312063 0.01471210916401682 -0.0019519787074030275 0.009411479412463673 0.014446267476838425 -0.016719959007879329 0.0061580756421707348 0.0005414483814430831 0.0052916048789349865 0 -0.00029614494893499436 -0.0024473584950923787 0.011661663535093769 0.0055695488841108363 8.3436359523568514e-05 -0.0002382122568106926 0.007273551683154288
leaf_weight=63799 674 2094 1535 134 1107 1775 1776 690 4369 1017 4263 3131 1340 6245 226 1137 151 550 109 1171 4255 1280 2118 100588 20694 525 1214 2651 584 2918
leaf_count=63799 674 2094 1535 134 1107 1775 1776 690 4369 1017 4263 3131 1340 6245 226 1137 151 550 109 1171 4255 1280 2118 100588 20694 525 1214 2651 584 2918
internal_value=-1.27014e-05 -9.61671e-05 0.00406302 -0.00045074 -9.22818e-05 -0.000288189 -0.000488888 -0.00135598 -0.000824163 0.00161386 0.00274591 0.00276836 0.00476164 -0.00370306 -0.00439066 0.000766984 -0.00553548 0.00669014 -0.000515061 0.000797072 -0.00142219 0.000747116 -0.00106403 -0.000374992 -0.00192558 0.00469474 0.00249827 0.00285064 0.00437023 0.00594146
internal_weight=234120 229513 4607 164543 118122 110862 104139 46421 37972 7374 6357 6723 4471 8449 7759 1363 6396 2963 1644 64970 30598 5649 2252 102363 24949 2413 1888 7260 4609 3502
internal_count=234120 229513 4607 164543 118122 110862 104139 46421 37972 7374 6357 6723 4471 8449 7759 1363 6396 2963 1644 64970 30598 5649 2252 102363 24949 2413 1888 7260 4609 3502
is_linear=0
shrinkage=0.03


Tree=11
num_leaves=31
num_cat=0
split_feature=16 26 86 3 14 49 18 3 69 19 46 14 39 113 23 113 82 36 100 62 1 56 36 140 124 82 79 15 42 42
split_gain=99.2854 74.9038 52.083 55.3725 49.3489 42.5708 70.9852 66.0568 84.6512 57.6498 66.7296 65.9102 59.698 55.8333 41.5258 57.4521 47.6559 46.5235 42.3278 41.3439 37.0431 34.9615 44.9486 36.6673 32.4895 30.8879 29.4823 67.7518 29.4162 27.1019
threshold=1.2186611890792849 0.016316778026521209 0.81666666269302379 0.014893637970089914 0.88817104697227489 0.83626881241798412 0.94381079077720653 0.010073249693959953 0.89565232396125805 0.95535334944725048 1.0106397867202761 0.92307695746421825 0.0084210666827857512 0.79166683554649364 0.040845582261681564 0.93333247303962719 0.52500000596046459 0.86858704686164867 0.64852941036224376 0.9040832817554475 0.06011560000479222 1.177885174751282 0.79495537281036388 0.76776355504989635 0.47774235904216772 0.94166666269302379 0.55000001192092907 0.98886367678642284 -0.069138500839471803 -0.0057581458240747443
decision_type=10 10 2 10 10 10 10 10 10 10 10 8 10 10 10 10 2 10 2 10 10 10 10 10 10 2 2 10 10 10
left_child=1 29 5 14 20 6 -3 13 -9 26 12 -12 -11 -8 16 18 17 -4 -16 -6 -5 28 -23 -24 -18 -25 -7 -28 -2 -1
right_child=21 2 3 4 19 9 7 8 -10 10 11 -13 -14 -15 15 -17 24 -19 -20 -21 -22 22 23 25 -26 -27 27 -29 -30 -31
leaf_value=0.00010794822038914312 -0.0089614462793706235 -0.0084157564922658912 0.0028393618609271975 0.0029750098886548496 0.011843770021258707 -0.0046196039251276974 0 0.01043755777304226 -0.018040777211440952 0.0002705693406716586 0.0037779737713428555 -0.00062710517105235661 0.005206532473964005 0.019507625487528515 -0.026363889021225845 0.0038583833140412183 -0.006429032179308878 -0.00099393312717507712 0 -0.0010409213568369348 -0.016621619816869496 0.0020554173685631981 0 0.021075555087748502 0.00041049483660622377 0.0085298891943144939 0.0083161393137683136 -0.0095841147218262614 0.0030076907691040443 0.0017390087795880495
leaf_weight=14993 207 242 9407 224 1037 4296 179 194 144 6630 3082 153544 3396 470 149 164 1166 3931 104 228 104 1032 221 346 1157 737 494 275 913 25372
leaf_count=14993 207 242 9407 224 1037 4296 179 194 144 6630 3082 153544 3396 470 149 164 1166 3931 104 228 104 1032 221 346 1157 737 494 275 913 25372
internal_value=4.32039e-05 -3.12352e-05 -0.000281126 0.00126497 0.00658744 -0.000440962 0.00505703 0.00875984 -0.00118729 -0.000482643 -0.000384568 -0.000538038 0.00197937 0.0142694 0.000711457 -0.00834079 0.00098195 0.00168735 -0.0170508 0.00930795 -0.00297465 0.00507621 0.0071617 0.0108842 -0.00292005 0.0131195 -0.00363639 0.00145397 0.000413971 0.00114096
internal_weight=234438 230982 190617 17671 1593 172946 1229 987 338 171717 166652 156626 10026 649 16078 417 15661 13338 253 1265 328 3456 2336 1304 2323 1083 5065 769 1120 40365
internal_count=234438 230982 190617 17671 1593 172946 1229 987 338 171717 166652 156626 10026 649 16078 417 15661 13338 253 1265 328 3456 2336 1304 2323 1083 5065 769 1120 40365
is_linear=0
shrinkage=0.03


Tree=12
num_leaves=31
num_cat=0
split_feature=61 29 49 36 52 57 46 40 71 38 5 34 29 29 57 41 41 35 26 24 10 103 1 36 26 1 74 23 33 51
split_gain=76.7767 81.5852 69.569 61.7442 63.472 57.7544 56.9131 63.4398 86.8123 67.0738 56.3208 54.6309 49.9661 46.1036 44.7101 41.095 44.1538 44.5967 68.9882 40.6511 40.1364 56.5058 33.7308 33.3928 38.5403 33.1361 33.0081 32.6011 32.1886 43.7707
threshold=1.0630578994750979 -0.0034386989427730437 0.9814569652080537 0.79847314953804027 0.97899317741394054 1.1709068417549136 1.0084168314933779 -0.028693850152194497 0.5468752682209016 -0.022670702077448365 0.006476741051301361 0.92298981547355663 0.0013055269373580816 0.0065477045718580493 0.94678762555122387 -0.090282335877418504 -0.033888727426528924 0.67848953604698192 0.043451398611068733 0.042435918003320701 1.0157017111778261 0.77500000596046459 0.038045719265937812 0.73030245304107677 0.050706660374999053 0.040344558656215675 0.25000000745058065 0.039013184607028968 0.94282507896423351 0.86241731047630321
decision_type=10 8 10 10 10 10 8 8 10 8 8 10 10 10 10 10 10 10 8 10 10 2 8 10 10 10 2 10 10 10
left_child=1 2 19 11 -5 6 13 8 12 14 -11 -2 -8 23 -9 -4 -17 18 -18 20 -1 -22 27 24 -3 -10 -21 -6 -15 -30
right_child=3 5 15 4 22 -7 7 9 25 10 -12 -13 -14 28 -16 16 17 -19 -20 26 21 -23 -24 -25 -26 -27 -28 -29 29 -31
leaf_value=-0.00232223417256306 4.5893851902997672e-05 0.0030435784873860464 -0.008002534545898948 0.0173885523250655 0.010453236090403013 0.0033047862649387499 0 -0.022177698001944517 0.0034188320060335496 0.00019166495018144278 -0.0011916752028303282 0.010204627247677274 -0.011070892899714668 -0.0019685387491925593 -0.0028350343784021631 0.001654304173569196 -0.0012235288280684692 0.00084715477546151946 -0.0092159927955255301 0.0030505512830770859 -0.0090349275049515787 0.0010279682414370407 -0.0038515727713985259 0.00021143328062185891 0.016917635944671928 0.0095364386809513677 -0.0038575505861346668 -0.0052716567298016093 0.0097574552243474763 -0.0019419252484784507
leaf_weight=16359 3577 11028 571 502 582 5415 2317 183 4296 105287 35284 541 415 4255 339 9708 11250 8546 1067 1999 1898 606 298 4613 175 1092 857 107 535 517
leaf_count=16359 3577 11028 571 502 582 5415 2317 183 4296 105287 35284 541 415 4255 339 9708 11250 8546 1067 1999 1898 606 298 4613 175 1092 857 107 535 517
internal_value=3.20883e-05 -5.18252e-05 -0.00108606 0.0034948 0.00873119 0.000257626 0.000158618 -4.58306e-05 0.00252674 -0.000196347 -0.000153546 0.00149586 -0.00174148 0.00161571 -0.0107377 -0.000166442 -5.1373e-06 -0.000792521 -0.00195404 -0.0023895 -0.00289792 -0.00649187 0.00377214 0.00243142 0.0033168 0.00474486 0.000860915 0.00750825 -0.000758951 0.00379904
internal_weight=234219 228612 52861 5607 1489 175751 170336 149213 8120 141093 140571 4118 2732 21123 522 31142 30571 20863 12317 21719 18863 2504 987 15816 11203 5388 2856 689 5307 1052
internal_count=234219 228612 52861 5607 1489 175751 170336 149213 8120 141093 140571 4118 2732 21123 522 31142 30571 20863 12317 21719 18863 2504 987 15816 11203 5388 2856 689 5307 1052
is_linear=0
shrinkage=0.03


Tree=13
num_leaves=31
num_cat=0
split_feature=56 26 13 27 86 51 19 72 137 39 8 7 122 58 11 11 26 43 35 31 78 37 7 14 117 54 37 116 117 50
split_gain=76.2302 70.5013 55.2296 56.8142 48.6657 65.1424 49.0284 45.9575 43.2518 43.0575 54.8963 52.9456 82.2531 56.704 42.4014 41.8092 41.2644 39.925 37.9355 37.9177 49.5767 37.4733 32.5182 30.469 29.7484 29.2285 27.3853 25.4739 28.9513 36.1817
threshold=1.1564500927925112 0.016316778026521209 1.1143463850021365 0.074028715491294875 -0.74999999999999989 0.92073783278465282 1.0424000024795534 0.45916913449764257 0.58841922879219066 0.019324228167533878 -0.28571070730686182 0.023174983449280265 0.39268285036087042 0.96126031875610363 0.93325108289718639 0.97978848218917858 0.048336364328861244 1.0266080498695376 0.62768366932868969 0.0034429481020197277 0.90000000596046459 0.82979911565780651 -0.0050049666315317145 1.0637170672416689 0.4242424219846726 1.0807364583015444 0.45575988292694097 0.47252748906612402 0.4417178481817246 0.96087154746055614
decision_type=10 10 10 10 2 10 10 10 10 10 10 10 10 10 10 10 10 10 10 10 10 10 10 10 10 10 10 10 10 10
left_child=1 26 3 7 5 17 24 8 15 11 -11 13 -13 -5 -12 -3 -4 -2 -8 22 -21 27 -9 -20 -7 -25 -1 28 -6 -30
right_child=4 2 16 9 21 6 18 19 -10 10 14 12 -14 -15 -16 -17 -18 -19 23 20 -22 -23 -24 25 -26 -27 -28 -29 29 -31
leaf_value=0.00032800645454237026 0.0047396469704735159 -0.0036346368168001819 -0.00054662733063466748 -0.004808630808216501 -0.00024986565366525256 -0.0054845149470241486 -0.0016807651924757795 0.001362920975671422 8.2291227796641483e-05 -0.013151082121807132 0.01383082858676654 -0.0010105425209189396 0.0098433584534717081 0.0015369118616074193 -0.001348935876760785 -0.0011571639529458599 -0.017114966483854296 0.024162456187160501 0.023934171438583583 -0.0019328412271674234 0.0018314402895730456 -0.007904322607121669 -0.00011288336843737278 -0.0013946681184523046 0.0056044462065519681 0.0085448777928307084 0.0019274458492366817 -0.0077610803527702384 0 0.0091638810549759201
leaf_weight=22793 240 7154 313 1342 1628 646 371 19063 21900 329 152 949 1589 15596 3533 50444 290 246 102 15806 3836 389 44393 263 285 1344 17417 208 692 898
leaf_count=22793 240 7154 313 1342 1628 646 371 19063 21900 329 152 949 1589 15596 3533 50444 290 246 102 15806 3836 389 44393 263 285 1344 17417 208 692 898
internal_value=-9.80096e-06 -0.000108356 -0.000354989 -0.000323428 0.00299949 0.00555573 0.00372154 -0.000523922 -0.00103959 0.00105088 -0.00173614 0.00164187 0.00569146 0.00101138 -0.000570544 -0.00147124 -0.00928999 0.0157303 0.00629682 -2.68531e-05 -0.00118132 0.00056134 0.000326031 0.00820156 -0.001728 0.00673665 0.00102888 0.00164991 0.00239504 0.00525895
internal_weight=234211 226899 186689 186086 7312 3497 3011 162596 79498 23490 4014 19476 2538 16938 3685 57598 603 486 2080 83098 19642 3815 63456 1709 931 1607 40210 3426 3218 1590
internal_count=234211 226899 186689 186086 7312 3497 3011 162596 79498 23490 4014 19476 2538 16938 3685 57598 603 486 2080 83098 19642 3815 63456 1709 931 1607 40210 3426 3218 1590
is_linear=0
shrinkage=0.03


Tree=14
num_leaves=31
num_cat=0
split_feature=16 25 29 57 40 38 32 71 41 86 38 41 10 137 35 53 110 43 71 57 40 33 27 36 52 116 41 28 71 10
split_gain=89.7717 66.5534 50.4321 53.0787 56.8381 76.4297 76.1986 67.6811 64.816 50.0674 46.2838 45.6643 72.7012 48.6775 47.9778 47.6401 45.2806 37.8354 47.4905 36.3581 35.8898 35.5195 31.0726 30.9648 30.9757 34.5336 33.0758 41.1609 30.6161 27.2443
threshold=1.2186611890792849 0.012341595720499756 -0.00027660011255647982 1.1709068417549136 -0.030642090365290638 -0.018492331728339192 -0.0032158946851268406 0.56497153639793407 -0.036851111799478524 -0.55000001192092884 0.01114041078835726 -0.033888727426528924 1.0225417613983157 0.56157636642456066 0.90178677439689647 1.004994332790375 0.28174604475498205 1.1295650005340578 0.18918935209512713 1.2210887074470522 0.019416254945099357 0.77138683199882518 0.087671540677547469 0.68829101324081432 0.92244279384613048 0.37735851109027868 -0.014841477386653422 -0.026057762093842026 0.63432833552360546 1.0197904706001284
decision_type=10 10 10 10 10 10 10 10 10 2 10 10 10 10 10 10 2 10 10 10 10 10 10 10 10 10 10 10 10 10
left_child=1 29 11 4 7 6 -6 21 -7 10 -5 15 13 22 20 -3 -9 28 -19 -2 -14 -4 -13 -21 25 -25 27 -26 -17 -1
right_child=19 2 3 9 5 8 -8 16 -10 -11 -12 12 14 -15 -16 17 -18 18 -20 23 -22 -23 -24 24 26 -27 -28 -29 -30 -31
leaf_value=0.0013135029781107888 -0.0019652769216723658 -0.0061440056720382351 -0.010118455101828171 0.0092650340015871333 0.010511872095396061 -0.0091040225922000614 -0.010776065225612686 0.0090165706193565971 7.2259704565442082e-05 0 -0.0060772751752737452 -0.0015761040171068776 -0.004519937274998059 0.00025845889138223092 0.0068225273963964913 0.00065913067035127076 0.00062475603941471918 0 -0.013890501222172159 0.0013225393234798527 -0.016629348379928011 0.0026820712196612101 0.002316339446007397 0.019192255271234897 0 0 0 0.013949814225771899 0.0049557463692712581 -0.0037738385148252209
leaf_weight=31794 533 921 390 1499 147 678 1011 1695 92282 1364 162 45857 4865 22717 279 17862 1000 657 326 974 238 306 1845 380 288 105 605 566 1650 929
leaf_count=31794 533 921 390 1499 147 678 1011 1695 92282 1364 162 45857 4865 22717 279 17862 1000 657 326 974 238 306 1845 380 288 105 605 566 1650 929
internal_value=-1.98308e-05 -9.32188e-05 -0.000301828 0.000166825 4.19047e-05 -9.28375e-05 -0.00768645 0.00384827 1.62481e-07 0.0040683 0.00753571 -0.00078949 -0.00113611 -0.000873243 -0.00450395 0.000423261 0.00604076 0.000738705 -0.00489347 0.00476723 -0.00520599 -0.00415393 -0.00141836 0.0061041 0.00830919 0.0151727 0.00565045 0.00938554 0.00104253 0.0011577
internal_weight=233925 230474 197751 100534 97509 94118 1158 3391 92960 3025 1661 97217 75801 70419 5382 21416 2695 20495 983 3451 5103 696 47702 2918 1944 485 1459 854 19512 32723
internal_count=233925 230474 197751 100534 97509 94118 1158 3391 92960 3025 1661 97217 75801 70419 5382 21416 2695 20495 983 3451 5103 696 47702 2918 1944 485 1459 854 19512 32723
is_linear=0
shrinkage=0.03


Tree=15
num_leaves=31
num_cat=0
split_feature=56 29 22 125 25 71 74 0 0 7 33 26 76 1 41 10 13 51 53 75 33 68 79 36 75 6 38 33 49 96
split_gain=72.791 69.3353 60.7781 51.6283 59.2269 86.5967 82.1751 74.0895 57.5953 53.1111 48.105 46.4752 45.6157 45.6067 72.0829 62.5757 57.9576 51.3868 48.2158 43.0737 42.8833 42.7426 41.728 40.9674 39.6278 38.834 38.7032 36.8897 51.9211 50.2327
threshold=1.177885174751282 -0.00018481584993423891 1.0945532917976382 0.48850576579570776 0.042952219024300582 0.528302162885666 0.75000000000000011 -0.030321909114718434 0.02833278197795153 -0.0040289254393428555 0.97813582420349132 0.022259486839175228 0.18333333730697635 0.014314920641481878 -0.031937293708324425 1.0225417613983157 1.1143463850021365 0.95599022507667553 1.0022274851799013 0.075000001117587103 0.73375049233436596 0.63448110222816478 0.15000000223517421 0.82377585768699657 0.17500000447034839 0.058825528249144561 -0.00098763825371861436 0.89321815967559826 0.97899159789085399 -0.017360374331474301
decision_type=10 8 10 10 10 10 2 8 8 10 10 10 2 10 10 10 8 10 10 2 10 10 2 10 2 10 8 10 10 10
left_child=1 13 3 4 7 9 -7 22 -5 -6 20 -9 25 26 16 19 18 -18 21 -16 -2 -15 -3 -20 -21 -4 -1 29 -29 -22
right_child=10 2 12 8 5 6 -8 11 -10 -11 -12 -13 -14 14 15 -17 17 -19 23 24 27 -23 -24 -25 -26 -27 -28 28 -30 -31
leaf_value=0.0017163410744662274 0.0015986572350102513 -0.015839912026651262 -0.0011482621816352354 -0.00079259487937735043 0.0029953755063741186 0.0088525204886543991 0.0019666715734996906 0.0011920753248376519 -0.0078272961788802258 -0.0079531529269045321 -0.012096793235273687 -0.00014887572511224846 -0.0012424449349007743 -0.01472393275412138 0.00036482494424287549 -0.0046641576579375807 -0.018475656893569975 -0.0012610206556820974 0.00086131546985492491 -0.0035020756235463872 0.017311152379449399 7.4222256214572828e-05 -0.0020492450730102774 0.0085197133367708663 -0.0011656261981406186 0.0090966036539787878 -0.00036911100087444037 0.01523760158240633 -0.00087180461664097147 0.0028697166564480327
leaf_weight=11747 2459 361 347 9603 625 2415 4837 41063 1181 926 137 52848 718 310 11670 5293 240 508 18263 8629 599 292 551 644 30298 1673 24662 210 694 435
leaf_count=11747 2459 361 347 9603 625 2415 4837 41063 1181 926 137 52848 718 310 11670 5293 240 508 18263 8629 599 292 551 644 30298 1673 24662 210 694 435
internal_value=3.5246e-05 -3.79182e-05 0.000471536 0.000362551 0.00057035 0.00292603 0.00431903 0.000347924 -0.00160382 -0.00336834 0.00379169 0.000434396 0.00488115 -0.000570812 -0.000989214 -0.00154614 0.000532588 -0.00751236 0.000863781 -0.00121232 0.00440719 -0.00729219 -0.00805271 0.00114675 -0.00169279 0.00719566 0.000296077 0.00776481 0.00279457 0.0116901
internal_weight=234238 229704 117148 114410 103626 8803 7252 94823 10784 1551 4534 93911 2738 112556 76147 55890 20257 748 19509 50597 4397 602 912 18907 38927 2020 36409 1938 904 1034
internal_count=234238 229704 117148 114410 103626 8803 7252 94823 10784 1551 4534 93911 2738 112556 76147 55890 20257 748 19509 50597 4397 602 912 18907 38927 2020 36409 1938 904 1034
is_linear=0
shrinkage=0.03


Tree=16
num_leaves=31
num_cat=0
split_feature=32 86 26 1 73 69 38 26 25 127 35 18 71 125 78 58 77 42 11 42 50 78 34 8 46 30 122 73 15 85
split_gain=73.272 83.3256 74.7666 64.9755 49.6707 68.1009 48.2449 54.0716 50.819 58.1226 88.3787 48.9371 55.268 72.3621 81.0977 43.3546 41.1227 40.7793 38.0349 40.4275 37.602 37.5423 46.0898 36.506 35.797 44.7368 39.1885 38.6097 34.6929 35.0632
threshold=-0.0048982950393110505 -0.58333334326744068 0.022259486839175228 0.036096321418881423 0.90000000596046459 0.32857161760330206 -0.00074320411658845831 0.069530066102743163 0.042060198262333877 0.32773102819919592 0.48147961497306829 1.0076028704643252 0.88793095946311962 0.48850576579570776 0.30000000447034841 0.97728312015533458 0.041666667908430106 0.10205248743295671 0.9712197780609132 0.081296790391206755 0.84108245372772228 0.5000000149011613 0.033999245613813407 -0.84615597128868092 1.1192364096641543 -0.0051663867197930804 0.51574209332466137 0.30000000447034841 0.94827589392662059 -0.37499999999999994
decision_type=8 2 10 10 10 10 10 10 10 10 10 10 10 10 10 8 2 10 10 10 10 10 10 10 10 10 10 10 10 2
left_child=1 4 3 15 5 -1 7 18 23 10 -10 12 21 14 -14 16 -2 -15 -4 20 -20 -8 -23 -9 -13 27 -27 -26 -5 -30
right_child=2 -3 6 28 -6 -7 11 8 9 -11 -12 24 13 17 -16 -17 -18 -19 19 -21 -22 22 -24 -25 25 26 -28 -29 29 -31
leaf_value=0.0034270708743618645 -0.0024672739351987365 0 0.0056435870266554672 0.0010502091309856898 0 0.013917336459443857 -0.0032257707991384019 -0.018663057449567449 -0.0031295359114902593 -0.002740936681304958 0.0092091504342411788 0.0014338338951060232 -0.0010846237345352556 -0.0015497556555504545 0.004564851839707766 0.00049099090259553289 0.003764996655050729 -0.0094658210021634354 0.0051003721559424852 -0.0040996053127438621 -0.00023913001556915067 0.0020282194090104106 -0.0017811614966604509 0 0.0029456418787107406 0.00056366946073878451 -0.0051121659447826897 -0.0046035175821177972 0 -0.010144139091767597
leaf_weight=1276 1038 4070 966 592 864 1156 15362 112 619 706 2328 10386 4491 3341 4494 72133 6615 737 1188 2390 60195 3129 25642 439 2795 1546 3092 737 451 1017
leaf_count=1276 1038 4070 966 592 864 1156 15362 112 619 706 2328 10386 4491 3341 4494 72133 6615 737 1188 2390 60195 3129 25642 439 2795 1546 3092 737 451 1017
internal_value=-4.0999e-05 0.00289766 -0.000138121 0.00058467 0.00642787 0.00860859 -0.000549062 2.09204e-05 0.00331349 0.00463746 0.00651274 -0.00107164 -0.0015066 0.000186398 0.00171161 0.000724217 0.00287637 -0.00309281 -0.000189216 -0.000284013 -0.000129276 -0.00201436 -0.00135533 -0.00479374 0.000253081 -0.00121114 -0.00316152 0.0012689 -0.00463087 -0.00710681
internal_weight=233907 7366 226541 81846 3296 2432 144695 68943 4204 3653 2947 75752 57196 13063 8985 79786 7653 4078 64739 63773 61383 44133 28771 551 18556 8170 4638 3532 2060 1468
internal_count=233907 7366 226541 81846 3296 2432 144695 68943 4204 3653 2947 75752 57196 13063 8985 79786 7653 4078 64739 63773 61383 44133 28771 551 18556 8170 4638 3532 2060 1468
is_linear=0
shrinkage=0.03


Tree=17
num_leaves=31
num_cat=0
split_feature=56 30 24 50 33 44 4 102 78 39 18 39 93 119 33 24 35 42 13 81 94 27 96 121 33 51 37 43 70 1
split_gain=58.0319 74.165 79.9429 42.7296 42.3149 55.5675 42.9975 41.9662 57.5544 85.0186 43.7808 42.136 43.5308 41.463 55.3831 43.1379 61.512 45.2793 43.1087 39.567 43.6528 40.1272 50.0249 37.5031 50.8375 77.0001 63.9839 41.7843 67.9919 45.1325
threshold=1.177885174751282 -0.00033223943319171662 0.055090675130486495 0.83121886849403392 0.25925646722316747 1.0367669463157656 0.62500014901161205 0.51754924654960643 0.30000000447034841 -0.01446124631911516 0.98800051212310802 -0.017179133370518681 0.52661162614822399 0.44561243057250982 0.65308010578155529 0.024097435176372532 0.82395458221435558 -0.078565556555986391 1.0359882712364199 0.050000002607703216 0.042141512036323554 0.068541184067726149 0.33998967707157141 0.61594197154045116 0.92172929644584667 0.97911494970321666 0.71368196606636058 1.0690093040466311 0.28192117810249334 0.026086944155395034
decision_type=10 8 10 10 8 8 8 2 8 8 8 8 10 10 8 10 10 10 8 2 8 10 10 10 10 10 10 10 10 10
left_child=1 3 4 -1 5 -3 -7 8 9 -6 -10 12 -9 14 -5 17 -17 -15 -18 -4 -21 -22 -23 -2 27 -26 -27 28 29 -25
right_child=23 2 19 13 7 6 -8 11 10 -11 -12 -13 -14 15 -16 16 18 -19 -20 20 21 22 -24 24 25 26 -28 -29 -30 -31
leaf_value=0.008251758834739574 -0.0013071289534932167 0.0002451748816292193 -0.016773518225951835 -0.0036821315015444656 0.0067950649092320169 -0.001978176377269309 -0.011115153926018237 0.003166135102501444 0.003388019701729006 -0.001362118245968132 0.00061810894575446002 0.0013477859691373951 0.012153958974335152 0.0050194007942347659 -3.3726913411822418e-05 -0.0022492188182037325 -0.00094242573524558999 -0.00019944099934864301 0.0059125195341962885 -0.014835930539025254 -0.007332339431582526 -0.0020559298952943397 0.020200694266455304 0.0051440053542039744 0.014727034162695583 0.0018701536109293163 -0.017482816431144573 0.010320894419163323 0.012430163590609606 -0.0074575220709215155
leaf_weight=457 1095 27049 305 8915 1193 7154 499 2895 6263 19562 30971 24521 623 1508 6736 19156 1672 67943 1494 194 244 151 143 433 156 261 277 1418 423 537
leaf_count=457 1095 27049 305 8915 1193 7154 499 2895 6263 19562 30971 24521 623 1508 6736 19156 1672 67943 1494 194 244 151 143 433 156 261 277 1418 423 537
internal_value=-1.73758e-05 -8.56132e-05 0.000420308 -0.000659407 0.000494484 -0.000383721 -0.00264045 0.000852227 0.000384633 -0.000872712 0.00109365 0.00180763 0.00490228 -0.000701637 -0.00213309 -0.000453837 -0.0016012 -8.03927e-05 0.00221499 -0.00777755 -0.00328388 0.000726544 0.0084113 0.00330996 0.00483673 -0.00206572 -0.00782596 0.00664938 0.00260648 -0.001539
internal_weight=234248 229648 121767 107881 120730 34702 7653 86028 57989 20755 37234 28039 3518 107424 15651 91773 22322 69451 3166 1037 732 538 294 4600 3505 694 538 2811 1393 970
internal_count=234248 229648 121767 107881 120730 34702 7653 86028 57989 20755 37234 28039 3518 107424 15651 91773 22322 69451 3166 1037 732 538 294 4600 3505 694 538 2811 1393 970
is_linear=0
shrinkage=0.03


Tree=18
num_leaves=31
num_cat=0
split_feature=16 26 40 71 84 18 73 36 41 19 23 24 33 19 42 20 14 33 113 107 42 27 8 16 86 23 100 12 12 57
split_gain=72.9832 57.929 47.3619 86.6466 50.2216 47.5871 103.258 44.1473 43.7771 47.3694 42.9722 40.705 51.4098 52.8415 37.8196 37.7742 78.0549 68.1911 51.3059 75.2107 36.3242 36.067 35.7786 32.8135 52.1571 32.5409 32.5209 37.8522 31.3206 30.1215
threshold=1.2186611890792849 0.021398353390395645 -0.028105047531425949 0.57894757390022289 0.65000000596046459 1.0246123075485232 0.5000000149011613 0.80487912893295299 -0.0025611324235796924 1.0410724282264712 0.0087578441016376036 0.0364736095070839 0.59364947676658641 1.0176628828048708 -0.0057581458240747443 0.89580154418945324 0.89516547322273265 0.85827606916427623 0.9148937761783601 0.38397435843944555 -0.073522228747606264 0.058888118714094169 -0.75000193715095509 1.1622019410133364 -0.81666666269302357 0.026266631670296196 0.59411767125129711 1.0099861025810244 0.99749907851219188 1.2068865895271303
decision_type=10 10 10 10 2 10 10 10 10 10 10 10 10 10 8 10 8 10 10 2 10 10 10 8 2 10 2 10 10 10
left_child=1 14 3 4 23 15 8 -2 9 -7 -5 12 13 -9 21 18 17 -17 19 -4 -18 -1 -14 24 -3 -16 28 -28 -12 -25
right_child=7 2 5 10 -6 6 -8 11 -10 -11 26 -13 22 -15 25 16 20 -19 -20 -21 -22 -23 -24 29 -26 -27 27 -29 -30 -31
leaf_value=-0.00043492720079472562 0.0009816039710450271 -0.0059122552972110613 0.0014375954965293845 -0.0044330579353218181 -0.016561745786549228 -0.0064498593020040629 -0.013194838008869782 0.0047665794369849291 0.0079385266429211464 0.0010172937088504599 0 0.011786745625026957 0.020694558618247115 -0.017909482425510964 0.0010604756652416163 0.007274128261642295 0.002094236882700491 -0.0034581331124463595 0.00022326662316057033 -0.015459768562400627 -0.00066747337421570305 0.0051787094211442177 0 0 0 0.01135035000398363 0.0043390621018943674 -0.003144351261307948 0.0082824370080165355 0.0076132782681320324
leaf_weight=29182 1867 1517 320 467 151 1452 826 145 373 1462 501 971 132 161 45621 2053 4375 661 845 631 122062 1043 157 935 10072 265 2072 795 2410 846
leaf_count=29182 1867 1517 320 467 151 1452 826 145 373 1462 501 971 132 161 45621 2053 4375 661 845 631 122062 1043 157 935 10072 265 2072 795 2410 846
internal_value=-2.22617e-05 -8.82586e-05 -0.000422511 0.000942373 -0.000388338 -0.000624593 -0.00380584 0.00430525 -0.00129021 -0.00261982 0.00386341 0.00801623 0.001192 -0.00661083 0.000587674 -0.000521814 -0.000458756 0.00454436 -0.00483612 -0.00955255 -0.000569224 -0.000227997 0.0103178 -0.000158807 -0.000764449 0.00113136 0.00459869 0.00215264 0.00687428 0.00358027
internal_weight=234370 230937 154826 19766 13521 135060 4113 3433 3287 2914 6245 1566 595 306 76111 130947 129151 2714 1796 951 126437 30225 289 13370 11589 45886 5778 2867 2911 1781
internal_count=234370 230937 154826 19766 13521 135060 4113 3433 3287 2914 6245 1566 595 306 76111 130947 129151 2714 1796 951 126437 30225 289 13370 11589 45886 5778 2867 2911 1781
is_linear=0
shrinkage=0.03


Tree=19
num_leaves=31
num_cat=0
split_feature=16 46 33 14 14 58 113 87 51 70 38 149 38 54 32 18 81 20 118 34 36 61 130 36 107 82 38 38 17 45
split_gain=81.3625 60.5571 48.5633 52.8094 72.5969 51.6274 62.0993 49.7348 48.2927 46.2455 40.5029 39.1717 39.6308 35.3417 43.4213 40.6889 35.1456 34.9126 36.1639 42.6777 37.8272 34.1801 33.8033 33.3661 32.5545 32.052 33.0698 31.1769 34.8175 30.4794
threshold=1.2186611890792849 1.0465761423110964 0.51952034235000621 0.89516547322273265 0.97363081574440014 0.96536046266555797 0.98113283514976513 0.42499999701976782 0.83363473415374767 0.66372355818748485 -0.0024449876509606834 0.5924755632877351 0.01295434730127454 1.0151736140251162 -0.0034349017078056927 0.99793589115142833 0.61666667461395275 0.89580154418945324 0.2123290151357651 0.82428336143493663 0.76308667659759533 0.820896476507187 1.5064312815666201 0.80487912893295299 0.38397435843944555 0.025000001303851608 -0.0092140831984579546 0.0041493778117001065 0.68859305977821361 1.0046207308769228
decision_type=10 8 8 8 10 8 10 2 8 10 10 10 10 10 10 10 2 8 10 10 10 10 10 10 2 2 8 10 8 10
left_child=1 17 3 16 9 6 7 10 11 22 -4 12 -7 14 -6 -15 -3 18 19 -1 -21 27 -5 -2 -20 26 -10 28 -19 -23
right_child=23 2 5 4 13 8 -8 -9 25 -11 -12 -13 -14 15 -16 -17 -18 21 24 20 -22 29 -24 -25 -26 -27 -28 -29 -30 -31
leaf_value=0.0051159645992919327 0.0017093190859896008 0.0017360096542189966 0.0012422223280297894 -0.007780963111040708 0.0042315956740131781 0.010491040439022039 0.0065931910037695281 -0.01149245008760843 -0.0052967899908054018 -0.0010541409654938692 -0.005215394751027046 -0.0028442021251828954 -0.0062330469194539755 -0.0033564633399822772 -0.00027826899258350646 -0.00078430405506451175 0.021644798168276233 -0.0021565675728263392 0 -0.012199231204415423 0.00017280369938816874 0.00187392971482829 -0.0002862740339139734 0.0079139823329635248 -0.018240121082157876 1.6911488550518306e-05 0.0035911695408659254 -6.298495615748326e-05 0.012774925230136737 0.00033996866808920143
leaf_weight=517 1880 272 1382 2961 2102 992 507 699 374 2762 2076 306 109 7472 19821 23286 126 135 107 384 392 13610 767 1559 231 56927 3876 417 575 87869
leaf_count=517 1880 272 1382 2961 2102 992 507 699 374 2762 2076 306 109 7472 19821 23286 126 135 107 384 392 13610 767 1559 231 56927 3876 417 575 87869
internal_value=7.12559e-05 1.58625e-06 -0.000437401 -0.00106149 -0.00114072 0.000111117 -0.00292022 -0.00417834 0.000342677 -0.00414024 -0.00255603 0.00580635 0.00848606 -0.000764071 0.000143933 -0.00142068 0.00949056 0.000538526 -0.0037646 -0.00115005 -0.00572524 0.000610571 -0.0063288 0.0046383 -0.0123054 0.000210261 0.00271763 0.00578839 0.00954358 0.000548982
internal_weight=234493 231054 126817 59569 59171 67248 4664 4157 62584 6490 3458 1407 1101 52681 21923 30758 398 104237 1631 1293 776 102606 3728 3439 338 61177 4250 1127 710 101479
internal_count=234493 231054 126817 59569 59171 67248 4664 4157 62584 6490 3458 1407 1101 52681 21923 30758 398 104237 1631 1293 776 102606 3728 3439 338 61177 4250 1127 710 101479
is_linear=0
shrinkage=0.03


Tree=20
num_leaves=31
num_cat=0
split_feature=22 16 26 54 33 44 132 8 14 34 27 82 16 27 62 14 85 14 36 34 70 42 85 54 80 3 125 40 41 32
split_gain=74.4833 61.0676 53.1606 44.1413 41.149 52.7273 43.4664 42.6122 38.8231 49.5464 37.5318 37.236 40.8487 43.3716 36.9989 36.299 57.6238 43.2143 34.0487 33.224 32.322 31.3956 60.469 58.2572 37.2961 57.0396 31.6012 30.78 30.7536 29.6486
threshold=1.1630271077156069 1.1622019410133364 0.016316778026521209 1.0807364583015444 0.60255476832389843 1.0408163666725161 1.2957190275192263 -0.57143399119377125 1.1031843423843386 0.56652796268463146 0.064828902482986464 0.058333335444331176 1.0505757331848147 0.11943483725190164 0.88377520442008983 0.9150981903076173 0.82500001788139354 0.97683447599411022 0.82063019275665294 0.69099161028862011 0.28192117810249334 0.11705803126096727 0.52500000596046459 0.9842134714126588 0.82500001788139354 0.017557884566485885 -0.53846177458763111 -0.0834081396460533 -0.018587550148367878 0.0040217076893895873
decision_type=10 10 10 10 8 10 10 10 10 10 10 2 10 10 10 8 2 10 10 10 10 10 2 10 2 10 10 10 10 10
left_child=2 -2 -1 20 5 7 18 10 -5 -10 -4 12 13 14 -6 16 -9 -17 19 -7 -3 24 -23 -24 25 -13 -26 -11 -12 -20
right_child=1 3 4 8 11 6 -8 15 9 27 28 21 -14 -15 -16 17 -18 -19 29 -21 -22 22 23 -25 26 -27 -28 -29 -30 -31
leaf_value=0.0009395756452674122 -0.0045113573343869154 -0.0019322308490458853 0.00072974854911295889 0.015061432246000296 0.0038520830062868791 -0.0036850032646342616 -9.8540536948440072e-05 0.0060261840810197234 -0.0065264172653943485 -0.0020893156328218561 -0.0028404278071408749 0.00030196389956820376 0.0057099852394923096 -0.010654059470385743 1.822537601992413e-05 -0.0018349971283885052 -0.0038873890105705316 -2.2906190689133972e-05 -0.00080545983562509528 -0.0011292659376883648 0.0069202911620213914 0.0097474099672990398 -0.012445541968951711 0.0031049423430475494 0.0025667639932997668 0.0057360682158401673 -0.0013115163967472733 0.0089395535016831198 0.0075280386455456854 0.0064596163504408322
leaf_weight=40155 630 1005 11758 542 3402 13314 12349 1716 233 213 259 47316 1958 257 7179 19277 704 31559 3011 7615 542 177 714 259 2014 1796 20900 1411 1345 581
leaf_count=40155 630 1005 11758 542 3402 13314 12349 1716 233 213 259 47316 1958 257 7179 19277 704 31559 3011 7615 542 177 714 259 2014 1796 20900 1411 1345 581
internal_value=2.43414e-05 0.00380664 -5.00546e-05 0.00522635 -0.000261462 -0.000665106 -0.00157592 -0.000156188 0.00777967 0.00535669 0.00135094 0.000220974 0.00171319 0.000954306 0.00128413 -0.000540324 0.00301106 -0.000716401 -0.00230703 -0.00277139 0.00102659 -3.62612e-05 -0.00491326 -0.00802492 3.87855e-05 0.000509046 -0.000955617 0.00730273 0.00565474 0.000315858
internal_weight=234191 4576 229615 3946 189460 103488 36870 66618 2399 1857 13362 85972 12796 10838 10581 53256 2420 50836 24521 20929 1547 73176 1150 973 72026 49112 22914 1624 1604 3592
internal_count=234191 4576 229615 3946 189460 103488 36870 66618 2399 1857 13362 85972 12796 10838 10581 53256 2420 50836 24521 20929 1547 73176 1150 973 72026 49112 22914 1624 1604 3592
is_linear=0
shrinkage=0.03


Tree=21
num_leaves=31
num_cat=0
split_feature=61 13 52 35 25 40 31 45 29 38 44 113 37 34 81 14 31 52 135 78 77 10 87 42 10 14 98 53 34 47
split_gain=61.9236 67.6518 53.1243 64.1583 52.2185 45.5029 61.8537 48.0567 57.0224 53.552 59.8213 55.8906 48.4905 44.6023 39.5966 38.0056 37.2132 33.8608 70.1225 42.8766 30.5852 28.1138 30.2474 24.8248 35.2815 24.3347 24.0896 22.4847 22.173 22.134
threshold=1.0630578994750979 1.1143463850021365 0.97954362630844127 0.74929130077362072 0.012341595720499756 -0.029985906556248661 -0.00028672158077824855 1.0107607245445254 0.0067008701153099546 -0.001542910060379654 1.051734507083893 0.65909102559089672 0.6194557547569276 0.86428862810134899 0.35000000894069677 1.0729448795318606 -0.0041074356995522967 0.75502419471740734 0.36321468651294714 0.5000000149011613 0.20833333581686023 1.01812219619751 -0.32500000298023218 -0.071270514279603944 1.0559361577033999 1.0067949295043948 0.36666667461395269 1.0597933530807497 0.13693861663341525 1.1871681809425356
decision_type=10 10 10 10 8 8 10 8 10 8 10 10 10 10 2 8 10 10 10 10 2 10 2 10 10 10 2 10 10 10
left_child=1 4 3 -2 21 6 27 8 20 10 -9 -11 -10 15 -3 16 -4 18 -8 -19 -7 22 25 24 26 -1 -17 29 -29 -6
right_child=2 14 13 -5 5 7 17 9 12 11 -12 -13 -14 -15 -16 23 -18 19 -20 -21 -22 -23 -24 -25 -26 -27 -28 28 -30 -31
leaf_value=0.0038577845426184046 0.0015598132218681759 -0.017741175937405287 0.016846047106485528 0.012291577477564725 -0.00090691852859854996 0 0.011421708768162181 0.00057443777248940915 -0.0036142128316694138 -0.0006621531063074654 -0.001531772828422321 -0.0025135774695428641 0.0013430177427208457 0.0053971520231086943 0 -0.010773730432059361 -0.0024890370851942708 -0.0049882016842312795 0 0.0021346335274494595 0.0025038985966617162 -0.003250206333994192 0.00063175946848274128 0.0012893072866574607 0.0032093501672836649 0.00045420645232524325 0 -0.0061493761916079619 0.0056932380682305442 -0.0063529908977493169
leaf_weight=5916 1135 289 162 1009 1810 6589 989 50002 4092 68209 15990 18991 3000 1192 172 785 123 781 847 10175 12779 1246 21815 612 267 3096 295 153 533 1230
leaf_count=5916 1135 289 162 1009 1810 6589 989 50002 4092 68209 15990 18991 3000 1192 172 785 123 781 847 10175 12779 1246 21815 612 267 3096 295 153 533 1230
internal_value=0 -7.65568e-05 0.00311651 0.0068159 -5.15465e-05 -0.000236307 0.00126543 -0.000376178 0.000799249 -0.000581239 5.92444e-05 -0.00106929 -0.00147718 0.000695263 -0.0113185 -0.00169546 0.0079018 0.00226694 0.006076 0.00159138 0.00164895 0.00106861 0.00125489 -0.00330903 -0.005606 0.00272532 -0.00807681 -0.00208659 0.00252765 -0.00323559
internal_weight=234284 228704 5580 2144 228243 196170 16518 179652 26460 153192 65992 87200 7092 3436 461 2244 285 12792 1836 10956 19368 32073 30827 1959 1347 9012 1080 3726 686 3040
internal_count=234284 228704 5580 2144 228243 196170 16518 179652 26460 153192 65992 87200 7092 3436 461 2244 285 12792 1836 10956 19368 32073 30827 1959 1347 9012 1080 3726 686 3040
is_linear=0
shrinkage=0.03


Tree=22
num_leaves=31
num_cat=0
split_feature=16 26 7 37 23 18 141 35 14 7 19 38 17 141 9 124 34 85 36 140 52 13 36 28 50 81 5 79 148 37
split_gain=70.2052 53.7503 46.5665 42.9307 44.5895 54.4642 45.8653 38.606 93.5197 75.6234 61.1201 57.3648 50.1288 53.0196 45.2007 60.9986 45.8194 43.4791 54.1873 42.8882 42.1825 37.442 36.5966 28.4509 27.2396 25.8307 25.512 24.8442 23.7836 23.6829
threshold=1.236752510070801 0.021768938750028614 -0.031872466206550591 0.84935215115547191 0.046714911237359054 1.0420394539833071 1.1910933256149294 0.46258796751499182 0.9150981903076173 0.024975934997200969 0.93660500645637523 -0.0065289116464555255 1.065090596675873 1.037600636482239 1.0050262212753298 0.53976097702980053 0.59654325246810924 0.82500001788139354 0.76308667659759533 1.4443499445915224 0.76000002026557933 0.91829413175582897 0.48813471198081976 0.0091746672987937945 0.97041982412338268 0.88333332538604747 0.0050874475855380305 0.35000000894069677 0.43759493529796606 0.45575988292694097
decision_type=10 10 8 10 10 10 8 10 8 10 10 10 10 10 10 10 10 2 10 10 10 10 10 10 10 2 8 2 10 10
left_child=1 2 -1 7 5 21 -6 8 9 11 17 -3 20 -14 16 -16 -12 -9 -19 -11 -10 -5 -23 26 -7 28 27 -4 -25 -29
right_child=-2 3 23 4 6 24 -8 10 12 19 14 -13 13 -15 15 -17 -18 18 -20 -21 -22 22 -24 25 -26 -27 -28 29 -30 -31
leaf_value=-0.0089962436926539872 0.0048690341248785454 0.010006102668989216 0.0015911932829730932 0.0076872853517500946 -0.018842137602554394 0.018694035040573157 0.0033309329538182778 -0.00073450138878671488 -0.0046896792711963939 0.017632438820614479 0.00022143659792268525 -0.0020531253591520577 -0.0043935166739997008 -0.0011441618280436038 0.00057616864737349179 0.0065294586905284748 -0.0016032599277236107 -0.020672436575298495 -0.0031747652557054338 -0.0002337894155532601 -0.00050281894495815679 0.0039688503413023782 -7.1903082743397453e-05 -0.00016197440396369009 0.0029862452682804636 0.013037276454098825 -0.00044920274208620184 -0.00039263146378808281 0.0049278681938212231 0.0011977918718711839
leaf_weight=434 2579 469 22060 692 182 219 101 795 2320 480 28174 1210 8846 9918 25250 1649 21750 307 425 116 34825 2374 11986 1441 282 225 19405 19351 1623 14683
leaf_count=434 2579 469 22060 692 182 219 101 795 2320 480 28174 1210 8846 9918 25250 1649 21750 307 425 116 34825 2374 11986 1441 282 225 19405 19351 1623 14683
internal_value=-3.21277e-05 -8.84178e-05 0.000543688 -0.000419067 0.00105185 0.00128949 -0.0102412 -0.000591998 -0.00117803 0.00472857 -0.000152783 0.00121697 -0.00142535 -0.00269504 -2.99616e-05 0.00095685 -0.000567832 -0.00605771 -0.0112668 0.0137734 -0.000774777 0.000936273 0.000579844 0.000602315 0.0108824 0.00334058 0.000478201 0.000804416 0.00245131 0.000285002
internal_weight=234171 231592 79222 152370 15836 15553 283 136534 58184 2275 78350 1679 55909 18764 76823 26899 49924 1527 732 596 37145 15052 14360 78788 501 3289 75499 56094 3064 34034
internal_count=234171 231592 79222 152370 15836 15553 283 136534 58184 2275 78350 1679 55909 18764 76823 26899 49924 1527 732 596 37145 15052 14360 78788 501 3289 75499 56094 3064 34034
is_linear=0
shrinkage=0.03


Tree=23
num_leaves=31
num_cat=0
split_feature=61 13 30 125 25 81 4 81 35 50 18 73 24 119 33 42 32 0 28 119 59 1 33 80 60 61 11 49 80 2
split_gain=65.7206 70.4467 52.2763 49.3916 61.5673 68.2808 81.2286 76.9009 49.2158 45.9624 54.6673 43.1711 42.9449 59.7179 44.5417 43.1199 40.605 40.4001 38.7984 38.008 36.1954 36.1708 49.0319 34.0773 43.2374 32.3563 30.6707 29.8476 29.3176 28.5219
threshold=1.0630578994750979 1.1143463850021365 -0.00036744232056662435 0.48850576579570776 0.043836886063218124 0.61666667461395275 0.32727269828319555 0.48333333432674414 0.84703916311264049 0.83121886849403392 0.94381079077720653 0.5000000149011613 0.024097435176372532 0.44561243057250982 0.73375049233436596 -0.073522228747606264 -0.0047275125980377189 0.02833278197795153 -0.031435625627636903 0.81428572535514843 1.0674537420272829 0.01373183121904731 0.24810054153203967 0.27500000596046453 0.89865931868553173 1.0450025200843813 0.99098101258277904 0.9200931489467622 0.62500000000000011 -0.86666312813758839
decision_type=10 10 8 10 10 2 10 2 10 10 10 10 10 10 8 10 10 8 10 10 10 10 8 2 10 10 10 8 2 10
left_child=1 2 9 4 21 7 -7 -6 18 10 -1 -10 13 14 -11 -15 -14 26 20 -18 -2 27 -23 24 -19 -3 -5 -4 -12 -20
right_child=8 25 3 17 5 6 -8 -9 11 12 28 -13 16 15 -16 -17 19 23 29 -21 -22 22 -24 -25 -26 -27 -28 -29 -30 -31
leaf_value=-0.0087747959699481723 -0.015053323928131912 -0.01537621514400723 -0.0040765380626899203 0.00052084039055504008 0.0035936890568153603 0.020718075005992969 -0.00071876159079278573 -0.0043179040922425044 0.010331451389719878 -0.003346705493027121 0.0012905386373818994 -0.0063413860227807721 0.0014415138760223974 0.0041567653532933119 0.00039431951663401987 -3.9791696494669507e-05 -0.0028567520055703109 -0.012362106398736573 -0.0027465201024695872 0.00043827274077008126 0 -0.0013103931819735094 0.00047847332563232328 0.0036011485009506904 0.0007845744183594054 0.0010721359783783554 -0.0028832001627994703 0.0012871343273160685 0.017335394270562614 0.0039671966178899667
leaf_weight=118 201 373 915 5710 6467 385 217 1284 1151 8704 216 122 3032 2255 4058 67041 16142 777 627 3719 348 19352 47758 192 253 100 3933 35151 313 3101
leaf_count=118 201 373 915 5710 6467 385 217 1284 1151 8704 216 122 3032 2255 4058 67041 16142 777 627 3719 348 19352 47758 192 253 100 3933 35151 313 3101
internal_value=1.92861e-05 -5.79154e-05 -3.20974e-05 0.000388421 0.000578544 0.00305771 0.0127339 0.00223674 0.00323993 -0.000522323 0.00729585 0.00842819 -0.000574759 -0.000249768 -0.00213493 9.36028e-05 -0.00172534 -0.0015331 0.00159385 -0.00222484 -0.00554631 0.000374373 -3.31363e-05 -0.00666261 -0.00889372 -0.0113878 -0.000839581 0.00114056 0.0116161 0.00274937
internal_weight=234015 228465 227992 122394 111529 8353 602 7751 5550 105598 647 1273 104951 82058 12762 69296 22893 10865 4277 19861 549 103176 67110 1222 1030 473 9643 36066 529 3728
internal_count=234015 228465 227992 122394 111529 8353 602 7751 5550 105598 647 1273 104951 82058 12762 69296 22893 10865 4277 19861 549 103176 67110 1222 1030 473 9643 36066 529 3728
is_linear=0
shrinkage=0.03


Tree=24
num_leaves=31
num_cat=0
split_feature=32 86 17 37 24 1 45 114 21 59 35 81 35 40 73 24 34 115 39 87 48 1 117 71 38 86 39 82 32 28
split_gain=53.9778 56.5408 51.4246 57.1307 60.9594 60.7248 56.8643 49.1999 48.7754 45.3472 53.1027 72.2864 44.1531 44.0606 43.1692 43.1542 44.2205 49.6912 47.1167 44.2437 43.0888 46.5354 40.7773 40.2973 36.8268 36.7228 36.5865 35.9806 34.9817 34.9006
threshold=-0.0048982950393110505 -0.58333334326744068 1.0813929438591006 0.69216999411582958 0.048857513815164573 0.076406985521316542 1.0269121527671816 0.80701780319213878 1.0590339303016665 0.93253031373023998 0.67479521036148082 0.083333335816860213 0.12986993044614795 -0.056577332317829125 0.90000000596046459 0.058507911860942848 0.068120382726192488 0.68421056866645824 0.015335968695580961 -0.60833334922790516 0.98983052372932445 0.025559126399457458 0.55317446589469921 0.13186803460121158 0.0021739049116149549 -0.28333334624767298 0.043414136394858367 0.87500000000000011 0.0054920758120715627 0.010565293952822687
decision_type=8 2 10 8 10 10 8 10 10 10 10 2 10 8 10 10 10 10 10 2 10 10 10 10 10 2 10 2 8 10
left_child=1 12 3 6 5 13 9 -6 20 10 11 -2 -1 -5 23 16 17 -4 -18 26 -8 -22 -12 -14 -9 -10 -20 -15 -7 -11
right_child=2 -3 15 4 7 28 8 24 25 29 22 -13 14 27 -16 -17 18 -19 19 -21 21 -23 -24 -25 -26 -27 -28 -29 -30 -31
leaf_value=0.013555520153851586 0.012886431761330678 6.3135979402328564e-05 0.00061762907234825094 0.0086754372942491366 -0.012354844251054932 0.0021537618681180233 -0.0013670604933576883 0.0098036044088502736 0.0025122816789622283 0.000664119912824528 -0.011605994878656888 -0.0013547030330318458 0.0011846863130726905 0.00090361214236487058 -0.0025116595468515977 0.0061030548140915547 -0.00099167349215764796 0.015844872427093031 -0.002851611876779697 -0.007662883171206173 0.00058400303658782753 -0.0027909579108518672 -0.0023257328880353042 0.0098619371608108016 -0.0094504622950085573 -0.0036119509227405529 0.0076444461444631221 0.0051839418013238303 0.028111633659317726 0.0036072572260898109
leaf_weight=517 353 4025 7357 713 508 127 48645 205 6619 46690 711 2178 1016 31152 676 744 36936 181 3823 1926 25045 4283 1323 1093 120 962 292 1898 103 3987
leaf_count=517 353 4025 7357 713 508 127 48645 205 6619 46690 711 2178 1016 31152 676 744 36936 181 3823 1926 25045 4283 1323 1093 120 962 292 1898 103 3987
internal_value=0 0.00253032 -8.24042e-05 0.00016017 0.00124844 0.00145367 -0.000107022 -0.00661267 -0.000593257 0.000640528 -0.00219813 0.000599373 0.00542892 0.00133408 0.00372747 -0.000919092 -0.00103083 0.00106391 -0.00140554 -0.00387488 -0.000819297 7.93425e-05 -0.0057972 0.00587303 0.00168912 0.00168821 -0.00200089 0.00116148 0.0162973 0.00090292
internal_weight=234208 7327 226881 175622 34826 33993 140796 833 85554 55242 4565 2531 3302 33763 2785 51259 50515 7538 42977 6041 77973 29328 2034 2109 325 7581 4115 33050 230 50677
internal_count=234208 7327 226881 175622 34826 33993 140796 833 85554 55242 4565 2531 3302 33763 2785 51259 50515 7538 42977 6041 77973 29328 2034 2109 325 7581 4115 33050 230 50677
is_linear=0
shrinkage=0.03


Tree=25
num_leaves=31
num_cat=0
split_feature=32 86 26 33 50 35 1 61 13 20 69 39 35 80 25 58 77 11 138 53 27 23 120 104 14 15 56 50 14 106
split_gain=52.7076 63.4269 53.6157 51.5852 60.027 50.3368 41.681 38.5313 37.4659 79.2191 63.3575 55.5402 47.9546 46.5458 43.6037 37.0795 36.5872 34.8795 37.7031 36.1813 34.5869 53.7471 44.7112 39.6726 39.3945 37.6861 60.2279 39.0041 37.7345 36.5053
threshold=-0.0048982950393110505 -0.58333334326744068 0.021768938750028614 0.29875499010086065 0.74762845039367687 0.13419172167778018 0.033333329483866699 0.97827813029289257 0.98500004410743724 0.97068646550178539 0.64516070485115062 -0.015383506193757055 0.85389533638954174 0.92499998211860668 0.030533118173480037 0.97728312015533458 0.041666667908430106 0.98473867774009716 0.81096887588500988 1.0005714297294619 0.075671248137950911 0.010606464464217426 0.51834866404533397 0.68333333730697643 1.0093652606010439 0.89043289422988903 0.97103717923164379 0.89094623923301708 0.8795953392982484 0.56594201922416698
decision_type=8 2 10 8 10 10 8 10 8 10 10 10 10 2 10 10 2 10 10 10 10 10 10 2 8 10 10 10 8 2
left_child=1 5 6 20 -5 -1 15 -7 10 12 14 -12 -10 -11 -6 16 -2 -9 -19 -20 25 23 24 -22 -23 28 27 -27 -4 -24
right_child=2 -3 3 4 8 7 -8 17 9 13 11 -13 -14 -15 -16 -17 -18 18 19 -21 21 22 29 -25 -26 26 -28 -29 -30 -31
leaf_value=0.013955623242526059 -0.0026126039463731702 0 0.0083532265566925445 -0.0093653424667590364 -0.0010271900682317487 -0.0048097961937905997 -0.0029751503971630132 0.0089919705467734166 0.0064655287330903357 0.00087431786040302888 0.0064326098779734957 -0.0004658319127232957 -0.0011638940875920317 -0.00083804372658780838 -0.0069865024339225484 0.00050001066814231887 0.0036745230611417734 -0.0040769312094350914 -0.0072560460522115185 0.0089745871932299191 0.0033601635596354051 -0.00013751251052196114 -0.0082276634898696827 0.017802201081577637 0.008156944839040994 0.013527287085236487 -0.0014829178833123354 0 -0.0059267445285237936 -7.2894960453282346e-05
leaf_weight=545 894 4043 144 594 2441 361 2809 1139 2986 37117 1063 31886 894 23084 2247 68660 6034 553 116 634 1393 2145 981 199 632 372 36093 427 2563 1127
leaf_count=545 894 4043 144 594 2441 361 2809 1139 2986 37117 1063 31886 894 23084 2247 68660 6034 553 116 634 1393 2145 981 199 632 372 36093 427 2563 1127
internal_value=2.70651e-05 0.00251755 -5.29929e-05 -0.000389472 -1.10815e-05 0.00555836 0.000579998 0.00373207 4.24259e-05 0.000486404 -0.000705384 -0.000230408 0.00463374 0.000212673 -0.00396481 0.000716834 0.00281486 0.00514548 0.00147126 0.00595137 -0.00122281 0.000776929 -0.000733718 0.00555 0.00168774 -0.0015577 -0.00129431 0.00668746 -0.00500141 -0.00405052
internal_weight=234176 7391 226785 148388 102312 3348 78397 2803 101718 64081 37637 32949 3880 60201 4688 75588 6928 2442 1303 750 46076 6477 4885 1592 2777 39599 36892 799 2707 2108
internal_count=234176 7391 226785 148388 102312 3348 78397 2803 101718 64081 37637 32949 3880 60201 4688 75588 6928 2442 1303 750 46076 6477 4885 1592 2777 39599 36892 799 2707 2108
is_linear=0
shrinkage=0.03


Tree=26
num_leaves=31
num_cat=0
split_feature=61 13 46 48 17 36 38 86 73 37 52 36 22 40 86 115 53 108 52 145 135 142 1 60 41 27 10 33 29 81
split_gain=59.7603 71.0237 49.8972 56.4365 53.9842 49.5592 48.7592 52.9159 50.4572 48.1927 47.603 46.1104 58.113 45.9195 41.8389 37.9153 56.0291 35.9531 33.5803 32.3178 34.3134 30.8606 27.5935 27.4255 43.5426 31.7284 26.2091 24.9519 24.9228 42.9057
threshold=1.0589982867240908 1.1143463850021365 1.0084168314933779 0.98130843043327343 1.3167620301246645 0.80172678828239452 -0.0025795279070734973 -0.78333333134651173 0.30000000447034841 0.65362328290939342 0.71792811155319225 0.90110880136489879 0.85869815945625316 -0.02753664460033178 -0.81666666269302357 0.74999991059303295 0.96436312794685375 0.36666667461395269 0.97847187519073497 0.51326569914817821 0.45279705524444586 0.95546177029609691 0.037525027990341193 1.0681565999984743 -0.050820974633097642 0.050106987357139594 1.0174681544303896 0.89634215831756603 0.0065477045718580493 0.28333334624767309
decision_type=8 10 10 10 10 10 8 2 10 8 10 10 10 10 2 8 10 2 10 10 10 10 10 8 10 10 10 10 10 2
left_child=1 2 15 6 9 23 7 8 -4 14 -11 17 -13 -9 -5 16 -1 -8 21 20 -3 -7 27 24 25 -2 -27 -20 -18 -30
right_child=5 19 3 4 -6 18 11 13 -10 10 -12 12 -14 -15 -16 -17 28 -19 22 -21 -22 -23 -24 -25 -26 26 -28 -29 29 -31
leaf_value=0.016489664913057405 0.00036771820034008735 -0.028384438822402727 -0.0094533209906491854 -0.0022574182533279677 -0.0097217793102081142 0 -0.00090588778925198101 0.00525814284116262 0.0054825524522298334 0.0092078257745700724 0.0011540666673444159 0.011974141703911286 6.4877689680303003e-05 -0.00039987926535551427 0.00014521501351650795 -0.00090914058034860241 0.0023630704150108938 -0.0025335308631801554 0.011215115444766117 -0.00098091216424668051 -0.0021110781929677444 0.017228059271746633 -0.0027970547857694328 -0.0013495474538301796 0 0.0020160021847042049 0.016206810203445617 0.00021559177342788787 0.002906407100866721 -0.0042358674493457689
leaf_weight=223 410 134 190 7170 463 162 47447 1327 2474 670 28275 491 1515 29486 69363 5052 12903 17005 469 198 106 422 340 2093 1633 239 426 394 1461 1497
leaf_count=223 410 134 190 7170 463 162 47447 1327 2474 670 28275 491 1515 29486 69363 5052 12903 17005 469 198 106 422 340 2093 1633 239 426 394 1461 1497
internal_value=-1.29708e-05 -9.59448e-05 -7.07985e-05 -0.000214603 0.000265727 0.00279792 -0.000726753 0.000199187 0.00424303 0.000314246 0.00135708 -0.00119761 0.00321736 -0.000143227 -7.6488e-05 0.00131463 0.00203201 -0.00134063 0.00706685 -0.0119018 -0.0189892 0.0130849 0.00373386 0.00112401 0.00314166 0.00777032 0.0117524 0.00665169 0.00178934 -0.000611626
internal_weight=234038 227450 227012 205876 105941 6588 99935 33477 2664 105478 28945 66458 2006 30813 76533 21136 16084 64452 1787 438 240 584 1203 4801 2708 1075 665 863 15861 2958
internal_count=234038 227450 227012 205876 105941 6588 99935 33477 2664 105478 28945 66458 2006 30813 76533 21136 16084 64452 1787 438 240 584 1203 4801 2708 1075 665 863 15861 2958
is_linear=0
shrinkage=0.03


Tree=27
num_leaves=31
num_cat=0
split_feature=61 72 35 30 24 16 38 35 50 52 67 137 125 57 10 43 84 37 62 41 7 37 76 53 43 137 39 38 114 118
split_gain=53.67 50.9187 54.9558 47.4007 88.6294 53.0056 52.6205 51.4528 35.5896 35.506 40.1372 34.092 33.7429 56.5191 38.1837 47.1166 37.144 37.1023 36.6767 36.2991 35.0078 33.0749 31.6961 31.398 63.8459 39.4352 31.2656 43.1636 35.9824 30.5529
threshold=1.0630578994750979 0.071556106209754958 0.74287134408950817 -0.00064159336034208525 0.050561890006065376 0.95566761493682872 0.012543537653982641 0.20559790730476382 0.83121886849403392 0.85179838538169872 0.4753048717975617 0.52305555343627941 0.48850576579570776 0.92789000272750866 1.0172684788703921 1.0320442318916323 0.84999999403953563 0.10874371603131296 0.92513787746429454 0.046540265902876861 8.8274539677968291e-08 0.59827744960784923 0.050000002607703216 0.99666669964790355 1.0100207328796389 0.35107244551181799 -0.017550030723214146 0.0028014506679028277 0.26923061907291418 0.2123290151357651
decision_type=10 10 10 8 10 8 10 10 10 10 10 10 10 8 10 8 2 10 10 10 10 10 2 10 10 10 10 10 10 10
left_child=3 26 -3 5 12 7 -6 9 22 -1 -11 -10 13 23 15 18 19 -18 -14 -15 -17 -8 -7 24 -5 -25 27 28 -2 -9
right_child=1 2 -4 4 6 8 21 29 11 10 -12 -13 14 16 -16 20 17 -19 -20 -21 -22 -23 -24 25 -26 -27 -28 -29 -30 -31
leaf_value=-0.0035618604070311749 -0.0026102470710851946 0.0016784722899769742 0.011858451708578922 0.0052354006211964305 -0.0039632373974893536 0.013641014288151912 -0.0024072990304798134 0.00018147381749458429 -0.00089879171062202078 -0.010067398903648489 0.0068777296159582661 0.00029675546639312296 -0.0028508036749751472 0.00037830307839339499 0.0039419187655438531 -0.025729304365390403 0.0061271988413391055 0.0012035340245516513 0.0012760378455974341 -0.0026160506468494633 -0.0022503988122973108 -0.029296197351459021 0 0.012654107031341099 -0.0098097366751779026 0.0023089723912999034 0.0035566105541065423 -0.014416647505848751 0.0082992602856259562 -0.0078936897326068872
leaf_weight=1194 1270 1105 958 904 1596 283 101 431 60584 118 798 32750 5886 103615 1067 112 1857 6178 2754 3737 166 123 329 739 325 760 1684 204 323 2200
leaf_count=1194 1270 1105 958 904 1596 283 101 431 60584 118 798 32750 5886 103615 1067 112 1857 6178 2754 3737 166 123 329 739 325 760 1684 204 323 2200
internal_value=-1.66529e-05 0.00289296 0.00661827 -8.87735e-05 0.000286159 -0.000585364 -0.00624197 -0.00368191 -0.000425153 -4.10407e-05 0.00420586 -0.000476098 0.00038221 0.000525634 -0.00128207 -0.00194808 0.000421441 0.00239109 -0.00150082 0.000270806 -0.0138082 -0.0195928 0.00663885 0.00478843 0.000923259 0.00770603 0.000574282 -0.00206379 -0.000136747 -0.00646629
internal_weight=234151 5544 2063 228607 129920 98687 1820 4741 93946 2110 916 93334 128100 118115 9985 8918 115387 8035 8640 107352 278 224 612 2728 1229 1499 3481 1797 1593 2631
internal_count=234151 5544 2063 228607 129920 98687 1820 4741 93946 2110 916 93334 128100 118115 9985 8918 115387 8035 8640 107352 278 224 612 2728 1229 1499 3481 1797 1593 2631
is_linear=0
shrinkage=0.03


Tree=28
num_leaves=31
num_cat=0
split_feature=61 35 39 29 49 57 58 40 18 51 100 1 38 35 17 27 82 39 10 10 83 40 6 33 86 84 73 24 70 52
split_gain=51.1688 56.5293 65.2371 50.6359 62.9945 50.4378 46.9831 46.0152 87.8751 50.8249 69.4434 57.0466 48.6749 59.8776 39.6821 68.3582 42.9499 44.1005 49.1733 41.1459 40.5961 35.4475 33.666 35.1131 44.906 37.6412 33.0726 32.3723 62.6446 40.5059
threshold=1.0630578994750979 0.83363863825798046 -0.017179133370518681 -0.0034386989427730437 0.9814569652080537 1.1636974811553957 1.0438101887702944 -0.029985906556248661 1.0246123075485232 0.89901512861251842 0.64852941036224376 0.038045719265937812 -0.022670702077448365 0.51369076967239391 1.1164888143539431 0.097360346466302886 0.92500001192092907 0.02398824226111174 1.0098045468330386 1.0147828459739687 -0.50000001490116108 0.028219535015523437 0.058822298422455795 0.9275655746459962 -0.55000001192092884 -0.55000001192092884 0.30000000447034841 0.030176968313753608 0.031915079802274711 0.82040056586265575
decision_type=10 10 10 8 10 10 10 10 10 8 2 10 8 10 10 10 2 10 10 10 10 10 10 10 2 2 10 10 10 10
left_child=3 -2 6 4 14 7 -3 9 12 10 11 -5 13 -9 16 19 17 26 -19 20 -16 -14 -7 24 25 -24 -1 29 -29 -6
right_child=1 2 -4 5 27 22 -8 8 -10 -11 -12 -13 21 -15 15 -17 -18 18 -20 -21 -22 -23 23 -25 -26 -27 -28 28 -30 -31
leaf_value=-0.0025654982955200397 0.00091781039891695819 -0.005903943128039618 0.012286291236138952 0.0043285921628819788 0.006767622581541264 -0.0012673569329993968 0.013383544404540331 0.0023074647783315532 -0.0060466178831098246 -9.0746473839876978e-05 -0.00074233003028060596 0.014274846863327318 0.00026568202604697799 -0.018134102851690089 -0.0073243883076535539 0.0029532198318426147 0.0015418435037745798 -0.0034611789977079931 -0.014889136613000948 -0.010934133579088673 -0.0012843413291067027 -0.0011931283646395463 -0.0010586423505116829 -0.0046163686479199426 0.00085879382663844016 0.0085071220534603999 0.0010925839361568617 -0.0087176126182008876 -0.00015759975510456716 0.00016351532869876553
leaf_weight=5760 4042 397 988 1941 849 1292 135 183 2115 3747 1331 792 142503 271 1894 976 3665 1913 438 1043 2435 16694 368 345 1821 2405 3464 1051 3006 26238
leaf_count=5760 4042 397 988 1941 849 1292 135 183 2115 3747 1331 792 142503 271 1894 976 3665 1913 438 1043 2435 16694 368 345 1821 2405 3464 1051 3006 26238
internal_value=3.23581e-05 0.00287088 0.00779032 -3.56558e-05 -0.000851955 0.000207549 -0.000158505 0.000108142 0 0.00235408 0.00467107 0.00740267 8.02603e-05 -0.00951183 -0.00209661 -0.00410702 -0.00123526 -0.00214159 -0.00582441 -0.00545158 -0.00401746 0.000110691 0.00285591 0.00399578 0.00472476 0.00713176 -0.00115989 1.96347e-06 -0.00248061 0.000386419
internal_weight=234102 5562 1520 228540 52732 175808 532 169577 161766 7811 4064 2733 159651 454 21588 6348 15240 11575 2351 5372 4329 159197 6231 4939 4594 2773 9224 31144 4057 27087
internal_count=234102 5562 1520 228540 52732 175808 532 169577 161766 7811 4064 2733 159651 454 21588 6348 15240 11575 2351 5372 4329 159197 6231 4939 4594 2773 9224 31144 4057 27087
is_linear=0
shrinkage=0.03


Tree=29
num_leaves=31
num_cat=0
split_feature=32 17 86 35 37 62 29 70 78 0 42 121 33 35 29 1 29 35 38 74 31 77 35 33 73 84 0 76 79 38
split_gain=54.3368 55.1528 55.0863 47.5651 44.3394 66.8748 79.24 54.4763 52.9057 52.8593 52.7674 50.542 47.8621 45.7833 42.6374 40.6148 49.9424 64.4295 55.6969 54.8158 54.5646 44.6477 37.544 35.7448 39.3594 35.5463 34.3722 33.08 41.3061 34.9518
threshold=-0.0048982950393110505 1.065090596675873 -0.58333334326744068 0.12986993044614795 0.70664766430854808 0.91394945979118358 -0.00046205735998228187 0.80952385067939769 0.30000000447034841 -0.0081580993719398958 -0.069138500839471803 0.52727273106575023 0.51459190249443065 0.80749526619911205 -0.015709125436842438 0.018483652733266357 -0.0037692483747377987 0.56585377454757702 0.013900102581828834 0.35000000894069677 -0.00023009344295132903 0.075000002980232253 0.32585670053958898 0.93036994338035595 0.90000000596046459 0.84999999403953563 -0.0084817418828606588 0.083333335816860213 0.15000000223517421 -0.0079900240525603277
decision_type=8 10 2 10 8 10 10 10 10 10 10 10 8 10 10 10 10 10 8 2 10 2 10 10 10 2 10 2 2 10
left_child=2 4 3 -1 5 6 12 10 9 -8 11 -7 -2 -10 -3 27 17 20 22 -19 -17 -20 -18 24 -5 26 -9 28 -16 -30
right_child=1 14 -4 23 -6 7 8 25 13 -11 -12 -13 -14 -15 15 16 18 19 21 -21 -22 -23 -24 -25 -26 -27 -28 -29 29 -31
leaf_value=0.013820687714041003 -0.0086101107458966732 0.0049774638449260403 0.00010745056599385761 0.0070210345811332533 0.0012109298856652383 -0.0028012834087697753 0.0022859336922130542 0.0071515498083935007 0.0028287007096177235 -0.0033675861627468504 -0.00026691478796374486 0.0040451473607048477 -0.0016349439838549381 -0.0018513485330386007 -0.0037411694571167203 -0.0072261366182741751 -0.0026699731783554415 -0.002169864483839106 0.012093636623034825 0.0054163311514490919 -0.0006464049605648739 0 0.00010964841394783929 -0.0054084162995138244 -0.0013753207622551823 0.0042228004569879957 0.00069273481564186695 -0.00088109292335099938 0.0091836367621222267 0.0014924435759867058
leaf_weight=514 2071 1067 4101 1889 30845 1149 1774 772 4998 7517 86336 4758 1771 2917 1212 4273 7432 7333 517 934 1689 479 10112 302 599 3865 16763 17980 577 7702
leaf_count=514 2071 1067 4101 1889 30845 1149 1774 772 4998 7517 86336 4758 1771 2917 1212 4273 7432 7333 517 934 1689 479 10112 302 599 3865 16763 17980 577 7702
internal_value=-1.43257e-05 -9.82506e-05 0.00250955 0.00538224 0.000184946 -4.79274e-05 -0.00160221 0.000237536 -0.000709597 -0.00225331 -7.58341e-05 0.00265784 -0.00549765 0.00106579 -0.000867618 -0.000977745 -0.00169134 -0.0030328 -0.000643484 -0.00126558 -0.00542068 0.00614431 -0.00105248 0.00363357 0.0048851 0.00160111 0.001002 -0.000115002 0.00130356 0.00208547
internal_weight=234248 226843 7405 3304 165536 134691 21048 113643 17206 9291 92243 5907 3842 7915 61307 60240 32769 14229 18540 8267 5962 996 17544 2790 2488 21400 17535 27471 9491 8279
internal_count=234248 226843 7405 3304 165536 134691 21048 113643 17206 9291 92243 5907 3842 7915 61307 60240 32769 14229 18540 8267 5962 996 17544 2790 2488 21400 17535 27471 9491 8279
is_linear=0
shrinkage=0.03


end of trees

feature_importances:
RSQR5=36
RSQR20=25
RSQR30=24
KLEN=22
ROC30=21
STD30=21
IMXD30=20
RESI5=19
ROC10=18
BETA10=17
RSQR60=17
RESI10=17
RESI60=17
STD5=16
RESI20=15
RESI30=15
STD10=14
RSQR10=14
RSV30=14
HIGH0=12
MA5=12
STD20=12
STD60=12
BETA60=11
MIN60=11
QTLD30=11
IMIN60=11
KLOW=10
KSFT=10
ROC5=10
ROC60=10
BETA20=10
MIN20=10
IMIN30=10
KMID=9
MA20=9
LOW0=8
BETA5=8
MAX10=8
MAX30=8
QTLU5=8
QTLU60=8
IMAX5=8
IMIN5=8
IMXD20=8
SUMP60=8
SUMD20=8
KUP=7
MA10=7
BETA30=7
MIN10=7
QTLU10=7
QTLD5=7
IMIN10=7
IMXD10=7
SUMP5=7
KSFT2=6
VWAP0=6
MA60=6
MAX5=6
MIN30=6
QTLU30=6
IMAX60=6
IMIN20=6
WVMA20=6
KMID2=5
ROC20=5
MAX20=5
RSV20=5
IMXD60=5
CNTP20=5
SUMP20=5
VSTD60=5
QTLU20=4
QTLD60=4
IMAX10=4
IMAX20=4
IMAX30=4
SUMP10=4
SUMN10=4
SUMN20=4
WVMA5=4
KLOW2=3
OPEN0=3
MIN5=3
QTLD10=3
QTLD20=3
RSV10=3
RSV60=3
CNTP60=3
SUMN60=3
SUMD10=3
WVMA30=3
KUP2=2
MAX60=2
RSV5=2
CORD30=2
CNTN60=2
CNTD60=2
SUMP30=2
SUMN5=2
SUMN30=2
SUMD30=2
SUMD60=2
VSTD20=2
MA30=1
RANK60=1
IMXD5=1
CORD5=1
CORD10=1
CNTP5=1
CNTN5=1
CNTN10=1
CNTN20=1
CNTN30=1
CNTD5=1
CNTD20=1
VMA20=1
VMA60=1
VSTD10=1
WVMA10=1
WVMA60=1
VSUMP20=1
VSUMN5=1
VSUMN10=1

parameters:
[boosting: gbdt]
[objective: regression]
[metric: l2]
[tree_learner: serial]
[device_type: cpu]
[data_sample_strategy: bagging]
[data: ]
[valid: ]
[num_iterations: 500]
[learning_rate: 0.03]
[num_leaves: 31]
[num_threads: 12]
[seed: 20260814]
[deterministic: 1]
[force_col_wise: 1]
[force_row_wise: 0]
[histogram_pool_size: -1]
[max_depth: 7]
[min_data_in_leaf: 100]
[min_sum_hessian_in_leaf: 0.001]
[bagging_fraction: 0.8]
[pos_bagging_fraction: 1]
[neg_bagging_fraction: 1]
[bagging_freq: 1]
[bagging_seed: 20260814]
[bagging_by_query: 0]
[feature_fraction: 0.8]
[feature_fraction_bynode: 1]
[feature_fraction_seed: 20260814]
[extra_trees: 0]
[extra_seed: 17475]
[early_stopping_round: 0]
[early_stopping_min_delta: 0]
[first_metric_only: 0]
[max_delta_step: 0]
[lambda_l1: 10]
[lambda_l2: 20]
[linear_lambda: 0]
[min_gain_to_split: 0]
[drop_rate: 0.1]
[max_drop: 50]
[skip_drop: 0.5]
[xgboost_dart_mode: 0]
[uniform_drop: 0]
[drop_seed: 29730]
[top_rate: 0.2]
[other_rate: 0.1]
[min_data_per_group: 100]
[max_cat_threshold: 32]
[cat_l2: 10]
[cat_smooth: 10]
[max_cat_to_onehot: 4]
[top_k: 20]
[monotone_constraints: ]
[monotone_constraints_method: basic]
[monotone_penalty: 0]
[feature_contri: ]
[forcedsplits_filename: ]
[refit_decay_rate: 0.9]
[cegb_tradeoff: 1]
[cegb_penalty_split: 0]
[cegb_penalty_feature_lazy: ]
[cegb_penalty_feature_coupled: ]
[path_smooth: 0]
[interaction_constraints: ]
[verbosity: -1]
[saved_feature_importance_type: 0]
[use_quantized_grad: 0]
[num_grad_quant_bins: 4]
[quant_train_renew_leaf: 0]
[stochastic_rounding: 1]
[linear_tree: 0]
[max_bin: 255]
[max_bin_by_feature: ]
[min_data_in_bin: 3]
[bin_construct_sample_cnt: 200000]
[data_random_seed: 20260814]
[is_enable_sparse: 1]
[enable_bundle: 1]
[use_missing: 1]
[zero_as_missing: 0]
[feature_pre_filter: 1]
[pre_partition: 0]
[two_round: 0]
[header: 0]
[label_column: ]
[weight_column: ]
[group_column: ]
[ignore_column: ]
[categorical_feature: ]
[forcedbins_filename: ]
[precise_float_parser: 0]
[parser_config_file: ]
[objective_seed: 27057]
[num_class: 1]
[is_unbalance: 0]
[scale_pos_weight: 1]
[sigmoid: 1]
[boost_from_average: 1]
[reg_sqrt: 0]
[alpha: 0.9]
[fair_c: 1]
[poisson_max_delta_step: 0.7]
[tweedie_variance_power: 1.5]
[lambdarank_truncation_level: 30]
[lambdarank_norm: 1]
[label_gain: ]
[lambdarank_position_bias_regularization: 0]
[eval_at: ]
[multi_error_top_k: 1]
[auc_mu_weights: ]
[num_machines: 1]
[local_listen_port: 12400]
[time_out: 120]
[machine_list_filename: ]
[machines: ]
[gpu_platform_id: -1]
[gpu_device_id: -1]
[gpu_device_id_list: ]
[gpu_use_dp: 0]
[num_gpu: 1]

end of parameters

pandas_categorical:null
