tree
version=v4
num_class=1
num_tree_per_iteration=1
label_index=0
max_feature_idx=162
objective=regression
feature_names=KMID KLEN KMID2 KUP KUP2 KLOW KLOW2 KSFT KSFT2 OPEN0 HIGH0 LOW0 VWAP0 ROC5 ROC10 ROC20 ROC30 ROC60 MA5 MA10 MA20 MA30 MA60 STD5 STD10 STD20 STD30 STD60 BETA5 BETA10 BETA20 BETA30 BETA60 RSQR5 RSQR10 RSQR20 RSQR30 RSQR60 RESI5 RESI10 RESI20 RESI30 RESI60 MAX5 MAX10 MAX20 MAX30 MAX60 MIN5 MIN10 MIN20 MIN30 MIN60 QTLU5 QTLU10 QTLU20 QTLU30 QTLU60 QTLD5 QTLD10 QTLD20 QTLD30 QTLD60 RANK5 RANK10 RANK20 RANK30 RANK60 RSV5 RSV10 RSV20 RSV30 RSV60 IMAX5 IMAX10 IMAX20 IMAX30 IMAX60 IMIN5 IMIN10 IMIN20 IMIN30 IMIN60 IMXD5 IMXD10 IMXD20 IMXD30 IMXD60 CORR5 CORR10 CORR20 CORR30 CORR60 CORD5 CORD10 CORD20 CORD30 CORD60 CNTP5 CNTP10 CNTP20 CNTP30 CNTP60 CNTN5 CNTN10 CNTN20 CNTN30 CNTN60 CNTD5 CNTD10 CNTD20 CNTD30 CNTD60 SUMP5 SUMP10 SUMP20 SUMP30 SUMP60 SUMN5 SUMN10 SUMN20 SUMN30 SUMN60 SUMD5 SUMD10 SUMD20 SUMD30 SUMD60 VMA5 VMA10 VMA20 VMA30 VMA60 VSTD5 VSTD10 VSTD20 VSTD30 VSTD60 WVMA5 WVMA10 WVMA20 WVMA30 WVMA60 VSUMP5 VSUMP10 VSUMP20 VSUMP30 VSUMP60 VSUMN5 VSUMN10 VSUMN20 VSUMN30 VSUMN60 VSUMD5 VSUMD10 VSUMD20 VSUMD30 VSUMD60 ORC_SIGNED_IMPACT_SHOCK_20 ORC_RETURN_PER_VOLUME_SURPRISE_20 ORC_IMPACT_CONCENTRATION_20 ORC_VOLUME_CLIMAX_10 ORC_VOLUME_STABILITY_TREND_20
feature_infos=[-0.15450645983219147:0.33106967806816101] [0:0.33106967806816101] [-1:1] [0:0.27153289318084717] [0:1] [0:0.19577737152576447] [0:1] [-0.31147539615631104:0.33106967806816101] [-1:1] [0.75127547979354858:1.1827411651611328] [1:1.365384578704834] [0.75127547979354858:1] [0.90894031524658203:1.0877940654754639] [0.62103557586669922:1.6790908575057983] [0.58417785167694092:1.8924485445022583] [0.46860837936401367:2.2146341800689697] [0.45439684391021729:2.740487813949585] [0.36440131068229675:2.649662971496582] [0.8043818473815918:1.3455072641372681] [0.71110033988952637:1.4951817989349365] [0.61736243963241577:1.7117466926574707] [0.56646168231964111:1.9959673881530762] [0.4937971830368042:1.8649090528488159] [0:0.26957115530967712] [0:0.32280367612838745] [0:0.36472421884536743] [0:0.57258552312850952] [0:0.50059491395950317] [-0.16409091651439667:0.17131471633911133] [-0.11732283234596252:0.17131471633911133] [-0.11732283234596252:0.17131471633911133] [-0.11732283234596252:0.17131471633911133] [-0.11732283234596252:0.17131471633911133] [0:1] [0:1] [0:1] [0:1] [0:1] [-0.11478264629840851:0.13264167308807373] [-0.24554997682571411:0.20802642405033112] [-0.40848860144615173:0.27287426590919495] [-0.44566619396209717:0.27581575512886047] [-0.96870207786560059:0.33257237076759338] [1:1.6472727060317993] [1:1.9298244714736938] [1:2.2439024448394775] [1:3.3160974979400635] [1:3.3160974979400635] [0.58144122362136841:1] [0.54045307636260986:1] [0.4660193920135498:1] [0.43721681833267212:1] [0.33789625763893127:1] [0.86334514617919922:1.4843636751174927] [0.78309857845306396:1.7869091033935547] [0.69682848453521729:2.054157018661499] [0.62161809206008911:2.423609733581543] [0.56576049327850342:2.3250908851623535] [0.70860719680786133:1.2689855098724365] [0.58504855632781982:1.4057971239089966] [0.49352750182151794:1.5574545860290527] [0.47533980011940002:1.5740000009536743] [0.38890489935874939:1.5950908660888672] [0.20000000298023224:1] [0.10000000149011612:1] [0.05000000074505806:1] [0.033333335071802139:1] [0.01666666753590107:1] [0:1] [0:1] [0:1] [0:1] [0:1] [0.20000000298023224:1] [0.10000000149011612:1] [0.05000000074505806:1] [0.033333335071802139:1] [0.01666666753590107:1] [0.20000000298023224:1] [0.10000000149011612:1] [0.05000000074505806:1] [0.033333335071802139:1] [0.01666666753590107:1] [-0.80000001192092896:0.80000001192092896] [-0.89999997615814209:0.89999997615814209] [-0.94999998807907104:0.94999998807907104] [-0.96666663885116577:0.96666663885116577] [-0.98333334922790527:0.98333334922790527] [-1:1] [-1:1] [-1:1] [-1:1] [-1:1] [-1:1] [-1:1] [-1:1] [-1:1] [-1:1] [0:1] [0:1] [0:0.89999997615814209] [0:0.8888888955116272] [0:0.8888888955116272] [0:1] [0:1] [0:0.89999997615814209] [0:0.8571428656578064] [0:0.8571428656578064] [-1:1] [-1:1] [-0.83333331346511841:0.8888888955116272] [-0.83333331346511841:0.8888888955116272] [-0.83333331346511841:0.8888888955116272] [0:1] [0:1] [0:1] [0:1] [0:1] [0:1] [0:1] [0:1] [0:1] [0:1] [-1:1] [-1:1] [-1:1] [-1:1] [-1:1] [0.20013266801834106:26452.083984375] [0.10012400150299072:23627.859375] [0.050104878842830658:26698.134765625] [0.033777147531509399:28136.5] [0.017187755554914474:26107.111328125] [0.00080492562847211957:59102.5] [0.0021778203081339598:49210.34375] [0.0021778203081339598:56418.4921875] [0.0021778203081339598:57003.12109375] [0.0021778203081339598:42065.70703125] [0:2.2360680103302002] [0:3.1615598201751709] [0:4.4708261489868164] [0:5.4656624794006348] [0:7.5986995697021484] [0:1] [0:1] [0:1] [0:1] [0:1] [0:1] [0:1] [0:1] [0:1] [0:1] [-1:1] [-1:1] [-1:1] [-1:1] [-1:1] [-5.735206127166748:337.23654174804688] [-1.954919695854187:2.1624271869659424] [-3.132145881652832:3.4166228771209717] [-1204.73095703125:4677.0361328125] [-4.2686967849731445:7.5545482635498047]
tree_sizes=3109 3094 3006 3092 3094 2990 3067 3093 3111 3104 3040 3023 3126 3024 3074 3080 3053 3052 3084 3074 3121 3095 3075 3050 3052 3069 3119 3130 2956 3076 3104

Tree=0
num_leaves=31
num_cat=0
split_feature=56 26 39 27 86 49 113 86 84 21 49 3 23 72 60 86 59 161 32 161 70 15 119 24 86 48 116 103 18 24
split_gain=144.549 97.1071 94.4465 80.6604 59.5197 66.8592 55.4247 54.9206 84.0037 59.7258 57.0393 52.0109 65.6534 57.0466 44.793 42.5023 61.8741 56.0069 46.852 66.5829 42.4285 41.3372 39.4124 38.0239 34.1314 30.6148 40.1501 30.4898 30.176 28.9687
threshold=1.1791024804115298 0.019933737814426426 0.01746934745460749 0.075317058712244048 -0.74999999999999989 0.92314630746841442 0.56756743788719188 -0.58333334326744068 -0.55000001192092884 1.0783501267433169 0.97357806563377391 0.0067682443186640748 0.009887981694191696 0.10857155174016954 1.040544927120209 0.84999999403953563 0.87291401624679577 0.24869219213724139 0.000947510066907853 -0.14095066487789151 0.93750038743019115 0.88770312070846569 0.8277413845062257 0.055742703378200538 -0.81666666269302357 0.91092899441719066 0.67716526985168468 0.90000000596046459 0.9657886028289796 0.03562521934509278
decision_type=10 10 10 10 2 10 8 2 2 10 10 10 8 10 10 2 10 10 10 10 10 8 8 10 2 10 10 2 10 10
left_child=1 6 3 11 5 -2 -1 8 29 10 -9 22 21 -14 -7 16 -4 28 23 -20 -10 -13 24 -18 -3 26 -19 -6 -17 -5
right_child=4 2 15 7 27 14 -8 9 20 -11 -12 12 13 -15 -16 17 18 25 19 -21 -22 -23 -24 -25 -26 -27 -28 -29 -30 -31
leaf_value=9.4088712442215504e-05 0.018714966272941676 -0.0019150944164998758 -0.0172551646846303 -0.0036293012322615391 0.0022698206145044426 -3.5002504666995755e-05 0.0018079926847434943 4.4143326217389785e-10 0.0060019003837589631 -0.0079515395668178033 0.0042535583917352997 -0.013375781822666957 -0.0033781449729831416 4.2152684539537534e-05 0.008360877270094989 0.02106810343707748 -0.0018262108400394846 0.018440788215012622 -0.015524370505890565 -0.0037076947798932013 0.024770108596870132 -0.0028293289841029587 0.0020720725184849749 0.0075270700688480777 -0.00010920587929613546 -0.0044017131197226431 4.4143326217389785e-10 -0.010957234740745185 4.4143326217389785e-10 0.0046637268123764239
leaf_weight=42244 433 10555 244 1261 2498 769 28834 12488 3401 681 3648 343 5327 23582 1624 174 16127 124 477 5099 107 12961 6682 370 91042 741 495 142 115 499
leaf_count=42244 433 10555 244 1261 2498 769 28834 12488 3401 681 3648 343 5327 23582 1624 174 16127 124 477 5099 107 12961 6682 370 91042 741 495 142 115 499
internal_value=-5.47161e-05 -0.000154607 -0.000499197 -0.000252048 0.00476411 0.00779886 0.000793896 0.00143668 0.00411302 0.0005766 0.000964486 -0.000502024 -0.00139585 -0.000579628 0.00556057 -0.00226469 -0.00261463 0.00226605 -0.00242373 -0.00482404 0.00679657 -0.00314342 -0.000150598 -0.00158941 -0.000300113 -0.000134773 0.00448156 0.00136855 0.0138124 -0.00108352
internal_weight=273087 267621 196543 172577 5466 2826 71078 22085 5268 16817 16136 150492 42213 28909 2393 23966 22317 1649 22073 5576 3508 13304 108279 16497 101597 1360 619 2640 289 1760
internal_count=273087 267621 196543 172577 5466 2826 71078 22085 5268 16817 16136 150492 42213 28909 2393 23966 22317 1649 22073 5576 3508 13304 108279 16497 101597 1360 619 2640 289 1760
is_linear=0
shrinkage=1


Tree=1
num_leaves=31
num_cat=0
split_feature=32 81 39 86 35 138 11 46 1 27 40 71 58 18 19 137 38 50 41 117 85 41 36 110 1 23 28 87 87 27
split_gain=133.045 91.0724 79.7938 66.8892 91.0635 65.5696 88.4742 60.8419 57.2412 57.094 54.7374 74.0559 67.5103 64.6608 51.987 50.4459 40.9873 37.5872 89.6843 58.4426 37.1852 36.1096 34.6575 34.2099 34.1663 39.1735 33.2748 32.732 52.5021 52.8093
threshold=-0.0049950752872973672 0.61666667461395275 0.019643191248178486 -0.81666666269302357 0.54433420300483715 0.67646577954292308 0.97029706835746776 1.2303305864334109 0.016824356280267242 0.023991339839994911 -0.02971203904598951 0.57792210578918468 0.99976566433906566 1.024536728858948 1.0388434529304507 1.02280730009079 -0.02034240402281284 0.943324774503708 -0.0374193787574768 0.56666669249534618 0.67499998211860668 0.010621271561831238 0.22674896568059924 -0.35147058963775629 0.019933534786105159 0.010607753880321981 -0.009393239859491585 -0.60833334922790516 -0.69166666269302357 0.071622952818870558
decision_type=8 2 10 2 10 10 10 10 10 10 8 10 10 8 8 10 10 10 8 10 2 10 10 2 10 10 10 2 2 10
left_child=1 -1 3 4 8 6 -3 24 -2 -4 11 20 -13 17 21 16 -7 18 -12 -19 -5 -15 -10 -8 -6 -26 -14 28 -11 -30
right_child=2 5 9 10 7 15 23 -9 22 27 13 12 26 14 -16 -17 -18 19 -20 -21 -22 -23 -24 -25 25 -27 -28 -29 29 -31
leaf_value=3.0380792782025568e-05 -0.00084340470518715126 0.0120642207282863 0.0050054949137093765 0.00086715103223764304 0.00064203001115507917 0.023004706373992316 -0.012844065991502852 0.0063091919152539946 0.00027372990718748405 -0.0018629772297488632 -0.0099448937809003303 0 0.010464308995510197 -0.0068447373154235415 0.00034423977685620207 0.00015344284638865163 0.0086924147511383814 0.00017620286994016025 -0.00030401607537014003 0.0021070535082270509 -0.0050327361592763034 0.00548227358326715 -0.0065597811108453891 -0.00015940918690665699 -0.0072149097695412955 -0.0010199250299323189 0.0044115701474287403 -0.0031478699880312716 5.6784645764669742e-05 0.013451289425031581
leaf_weight=3808 3842 401 968 12677 8091 217 279 1233 673 4882 862 2213 1416 2723 1874 633 2793 106190 71062 16344 1012 190 4974 675 1184 4661 2765 13261 794 416
leaf_count=3808 3842 401 968 12677 8091 217 279 1233 673 4882 862 2213 1416 2723 1874 633 2793 106190 71062 16344 1012 190 4974 675 1184 4661 2765 13261 794 416
internal_value=-1.36336e-05 0.00360846 -0.000135711 1.35682e-05 -0.00146589 0.00626384 0.000383907 -3.1666e-06 -0.0037677 -0.00194104 0.000181383 0.00167363 0.00433871 2.93128e-05 -0.00340583 0.00835492 0.00996828 0.00011576 -0.000426463 0.000436496 0.000402395 -0.00590652 -0.00569434 -0.00436465 -0.000591395 -0.0023463 0.00657295 -0.00230879 -0.000428882 0.00504958
internal_weight=273113 8806 264307 243986 24658 4998 1355 15169 9489 20321 219328 20083 6394 199245 4787 3643 3010 194458 71924 122534 13689 2913 5647 954 13936 5845 4181 19353 6092 1210
internal_count=273113 8806 264307 243986 24658 4998 1355 15169 9489 20321 219328 20083 6394 199245 4787 3643 3010 194458 71924 122534 13689 2913 5647 954 13936 5845 4181 19353 6092 1210
is_linear=0
shrinkage=0.03


Tree=2
num_leaves=31
num_cat=0
split_feature=32 25 86 33 53 56 86 1 74 126 122 151 51 53 33 14 8 53 3 158 55 0 34 132 46 65 35 120 13 1
split_gain=122.775 90.2441 78.1406 70.3515 67.807 59.5248 78.5809 64.6035 52.6419 49.6167 63.5716 45.4266 45.2221 57.9874 44.7916 57.6377 68.1663 57.9928 53.7688 73.6157 48.5586 44.0176 40.9917 38.1467 41.8531 36.1478 44.5616 34.9769 34.3927 34.898
threshold=-0.0049950752872973672 0.012410786934196951 -0.58333334326744068 0.9329836666584016 0.98100265860557567 1.1575869321823122 -0.81666666269302357 0.017797594889998439 0.35000000894069677 -0.4583336859941482 0.61016955971717846 0.51277312636375438 0.93558284640312206 1.0453006625175478 0.37253709137439733 0.88698756694793712 0.73913049697875988 1.0359762310981753 0.016814567148685459 0.018190274015069011 0.93731585144996654 -0.0051168114878237239 0.82837975025177013 2.024117231369019 1.1018201112747195 0.32426470518112188 0.57080060243606578 0.58571437001228344 0.9993380904197694 0.019933534786105159
decision_type=8 10 2 10 10 10 2 10 2 10 10 10 10 10 8 8 10 10 10 10 10 10 10 10 10 10 10 10 8 8
left_child=2 28 3 4 -1 6 7 -3 9 -7 11 -11 23 -14 15 16 -8 -17 20 -20 -16 -15 -12 24 -6 26 -9 -10 -2 -30
right_child=1 5 -4 -5 12 8 14 25 27 10 22 -13 13 21 18 17 -18 -19 19 -21 -22 -23 -24 -25 -26 -27 -28 -29 29 -31
leaf_value=-0.004547008291202863 0.0024338729996879085 -9.7867048043609919e-05 0.00078906778003903831 -0.0047323565644302205 0 0.0072110844850228869 0.012901549886597316 -0.0063098981783262639 -0.005008124904436341 -0.00013420518255916359 -0.010056822704784925 0.0079878676602558492 0.00087541060641529588 0.016724317193612028 -0.0048204712779200696 -0.00072248306920955139 -0.0057939169285684605 -0.0061635917864570873 0.004309981642912181 -0.0095425785650799354 0.00010409982778716003 0 0.00071615069562743134 0 0.016175174636598337 0 -0.0024029713471566366 0.010604740585259145 0.0010217361612238093 -0.0026310994990746605
leaf_weight=316 14930 9730 4662 401 132 986 551 4683 109 1966 770 841 1098 494 1809 72033 214 1806 4529 343 119219 165 446 170 1294 2524 6933 954 16331 2700
leaf_count=316 14930 9730 4662 401 132 986 551 4683 109 1966 770 841 1098 494 1809 72033 214 1806 4529 343 119219 165 446 170 1294 2524 6933 954 16331 2700
internal_value=2.47631e-05 -8.9838e-05 0.00352147 0.00655879 0.00789313 -0.000303697 -0.000384275 -0.00201199 0.00261608 0.00124363 -0.000173174 0.00223241 0.00917449 0.00545197 -0.000188818 -0.00077188 0.00727517 -0.00086126 0.00015437 0.00323838 2.72298e-05 0.012385 -0.00591518 0.0129687 0.01455 -0.00330595 -0.00401197 0.00866387 0.00135182 0.000485529
internal_weight=273139 264407 8732 4070 3669 230446 224374 23870 6072 5009 4023 2807 3353 1757 200504 74604 765 73839 125900 4872 121028 659 1216 1596 1426 14140 11616 1063 33961 19031
internal_count=273139 264407 8732 4070 3669 230446 224374 23870 6072 5009 4023 2807 3353 1757 200504 74604 765 73839 125900 4872 121028 659 1216 1596 1426 14140 11616 1063 33961 19031
is_linear=0
shrinkage=0.03


Tree=3
num_leaves=31
num_cat=0
split_feature=16 26 39 50 120 9 0 33 65 33 93 87 35 44 114 57 30 22 140 36 38 80 87 87 27 23 2 86 59 82
split_gain=146.065 89.2403 80.989 104.913 108.536 98.1583 90.0169 63.1418 51.7708 46.3331 46.038 45.2757 61.5962 44.5023 53.7771 48.0042 43.9596 42.5912 41.8466 41.4829 37.7161 42.9379 36.8334 56.1 48.2217 43.0513 42.2899 41.4112 73.3929 41.476
threshold=1.2206377983093264 0.020061248913407329 0.01746934745460749 0.86872366070747387 0.25574485957622534 1.0079901814460757 0.014899892266839744 0.35019074380397802 0.48749999701976782 0.97826865315437328 0.3975819200277329 0.37500000000000006 0.58330023288726818 1.0398517251014712 0.48360675573349005 1.1642888784408572 -0.0055436731781810513 1.15047824382782 0.81745141744613659 0.77266499400138866 0.0017511633341200652 0.075000001117587103 -0.60833334922790516 -0.65833333134651173 0.068975195288658156 0.023301763460040096 0.88888832926750194 0.78333333134651195 0.87291401624679577 0.92500001192092907
decision_type=10 10 10 10 10 10 10 8 8 10 10 2 10 10 10 10 10 10 10 10 10 2 2 2 10 10 10 2 10 2
left_child=1 8 3 4 20 6 -6 13 -1 16 -7 12 -9 15 -15 -5 17 -2 -19 -20 21 -3 23 26 -25 -26 -4 28 -24 -30
right_child=9 2 22 7 5 10 -8 11 -10 -11 -12 -13 -14 14 -16 -17 -18 18 19 -21 -22 -23 27 24 25 -27 -28 -29 29 -31
leaf_value=-1.4689179289893005e-05 -0.0013757749346563206 0.0034579453282979765 -0.0023385706288060119 -0.00079694610294777746 -0.00020818844179279581 0.0048512231516922005 0.0061373381973188193 -0.0011508341049222912 0.0015838321994387202 -0.010847616507433844 0.012987318498050888 0.00098396129725469047 0.00063121469204836279 -0.001534468849662762 -0.0053659437145656356 0.0051318717763485537 8.8606801229988591e-05 0.0017928019867104012 0.0048327415790909095 0.014664175296964482 -0.0055571976907671317 -0.0042755329230567433 -0.022200451697081482 0 0.023554996740819328 0.0033780371892870344 0.0042697815901507714 0.00084959132407791903 -0.0038093687191198965 0.00078264324573699875
leaf_weight=34538 325 1549 5641 33161 5648 1712 3033 41194 37755 117 1219 30605 30041 16257 4278 1246 889 620 734 1318 1590 1072 171 516 194 262 986 2230 12192 1941
leaf_count=34538 325 1549 5641 33161 5648 1712 3033 41194 37755 117 1219 30605 30041 16257 4278 1246 889 620 734 1318 1590 1072 171 516 194 262 986 2230 12192 1941
internal_value=1.20902e-07 -8.36225e-05 -0.000415843 -0.000186226 0.00213725 0.00364089 0.00198337 -0.000422875 0.000816197 0.0056753 0.00840176 1.64764e-05 -0.000395138 -0.00124242 -0.00235171 -0.000570672 0.00630257 0.00803358 0.00929121 0.0113729 -0.00193582 0.000172902 -0.00204418 -0.000270273 0.00633471 0.0132214 -0.00130032 -0.00284004 -0.00343658 -0.0031573
internal_weight=273034 269031 196738 172605 15823 11612 8681 156782 72293 4003 2931 101840 71235 54942 20535 34407 3886 2997 2672 2052 4211 2621 24133 7599 972 456 6627 16534 14304 14133
internal_count=273034 269031 196738 172605 15823 11612 8681 156782 72293 4003 2931 101840 71235 54942 20535 34407 3886 2997 2672 2052 4211 2621 24133 7599 972 456 6627 16534 14304 14133
is_linear=0
shrinkage=0.03


Tree=4
num_leaves=31
num_cat=0
split_feature=16 29 42 120 60 1 115 42 5 1 16 26 55 10 0 35 78 76 44 60 80 90 49 102 33 38 23 76 14 114
split_gain=124.159 82.2388 73.5185 64.5185 79.6108 62.3029 60.3256 58.738 86.9782 80.7131 58.5473 63.7752 57.0162 55.0304 54.9393 53.7122 53.1661 58.8954 52.9156 48.2485 46.8847 45.4634 44.6271 69.8746 54.9602 72.6587 57.0968 43.1468 39.9611 39.3476
threshold=1.2206377983093264 -0.00062755055841989804 0.067746125161647811 0.25574485957622534 0.91727331280708324 0.019216537475585941 0.63013699650764476 -0.077859010547399507 0.0030272328294813637 0.018544884398579601 1.133943557739258 0.021769763901829723 0.95988973975181591 1.0355787277221682 0.029829532839357856 0.48206175863742834 0.5000000149011613 0.45000000298023229 1.0041861534118655 0.98799675703048717 0.27500000596046453 0.17672984302043918 0.94080999493598949 0.41742423176765447 0.62609195709228527 -0.00030258299375418568 0.037717495113611228 0.083333335816860213 0.91430118680000316 0.59047600626945507
decision_type=10 8 10 8 8 10 10 10 10 10 10 10 10 10 8 10 10 2 10 10 2 10 10 2 10 10 10 2 10 10
left_child=1 2 7 14 5 -5 -4 8 -1 27 11 13 18 -6 -3 -13 -11 -18 -7 -10 -16 -21 23 -2 -24 -26 -27 -9 -14 -12
right_child=22 3 6 4 10 12 -8 9 19 16 29 15 28 -15 20 -17 17 -19 -20 21 -22 -23 24 -25 25 26 -28 -29 -30 -31
leaf_value=-0.0024880169386226527 0.018804232943627874 -0.00097807731023779503 0 -0.0018786012426625885 0.001177399509101097 0.0057525448584844954 0.019191562293991934 0.001299403357822352 -0.011163546925379058 -0.0035739330925569665 0.0064207525020198945 -0.0011189504818246369 0.0080229825795787978 -0.012029647825612746 -0.010327984293354967 0.00057885425560149229 -0.0020680010763413272 0.00012975993327057284 -0.002366270043008593 0.0019576051519434394 0.0044877697355091952 0.0076491380388130402 -0.0022799556600422827 0.0036368653601430751 0.0112372497912849 0.0054795987659599626 -0.011020015920572853 -0.00055568826504210234 0.0033658942464391594 -0.0014557208643279846
leaf_weight=2872 485 10106 308 2042 46863 1059 284 14813 157 10906 2275 36784 2829 262 1033 30549 28216 17544 2143 3270 192 2284 1057 764 1034 456 288 46817 5036 675
leaf_count=2872 485 10106 308 2042 46863 1059 284 14813 157 10906 2275 36784 2829 262 1033 30549 28216 17544 2143 3270 192 2284 1057 764 1034 456 288 46817 5036 675
internal_value=0 -7.97258e-05 -0.000633617 0.000415931 0.000606228 0.00282508 0.00970774 -0.000685755 0.00169625 -0.000861375 0.000355492 0.00024477 0.00372185 0.00109254 -0.0017468 -0.000344259 -0.00167875 -0.00121916 0.000244803 0.00385416 -0.00773009 0.00437103 0.0051779 0.00996646 0.00290812 0.00615027 -0.000635963 -0.000104667 0.00509517 0.00451983
internal_weight=273403 269319 127471 141848 130517 13109 592 126879 8583 118296 117408 114458 11067 47125 11331 67333 56666 45760 3202 5711 1225 5554 4084 1249 2835 1778 744 61630 7865 2950
internal_count=273403 269319 127471 141848 130517 13109 592 126879 8583 118296 117408 114458 11067 47125 11331 67333 56666 45760 3202 5711 1225 5554 4084 1249 2835 1778 744 61630 7865 2950
is_linear=0
shrinkage=0.03


Tree=5
num_leaves=31
num_cat=0
split_feature=16 26 40 71 64 48 50 125 10 6 0 52 37 58 34 113 1 69 36 24 53 33 130 140 118 23 118 84 83 52
split_gain=132.385 74.3721 67.9323 108.613 65.4107 60.0765 66.6975 122.996 89.0641 64.3309 58.5919 50.6256 74.5173 48.4836 47.3614 42.4602 39.9628 56.7863 45.2203 44.5085 40.9631 39.9342 38.7709 36.9274 34.8924 38.528 33.892 45.5283 33.8138 29.9276
threshold=1.2206377983093264 0.021648212336003784 -0.02971203904598951 0.57792210578918468 0.47499999403953558 0.85566958785057079 0.87112483382225048 0.4843753874301911 1.0174682140350344 0.21621631830930713 0.0237799845635891 0.80540287494659435 0.37411285936832434 1.0026316046714785 0.88303968310356151 0.46236562728881841 0.055469902232289321 0.39037415385246282 0.80770382285118114 0.045104321092367179 1.0051237940788271 0.29512725770473486 1.8390844464302065 0.75763434171676647 0.57894739508628856 0.0095181372016668337 0.90697580575943004 0.35000000894069677 -0.3000000044703483 0.98250374197959911
decision_type=10 10 10 10 10 10 8 10 10 10 10 10 10 10 10 10 10 10 10 10 10 8 10 10 10 10 10 2 10 10
left_child=1 4 3 24 -1 9 7 8 -7 -4 -9 12 -8 15 16 28 17 23 -18 -20 -19 -13 -22 -2 -3 -26 27 -15 -5 -27
right_child=14 2 5 13 -6 6 11 10 -10 -11 -12 21 -14 26 -16 -17 18 20 19 -21 22 -23 -24 -25 25 29 -28 -29 -30 -31
leaf_value=-0.00025802592225853348 -0.012296564303250592 -0.0093318522573672125 -0.016434338909961557 0.0015425912984685759 0.0014003395215673744 0.0014098786506807077 -0.0062768799337415354 -0.00070357906308021539 0.0076535871665766447 0 -0.0081238708289172266 -0.0013434394425219348 -0.0011076287340991227 0.011850542363490944 0.014023983318383918 0.0080058472033073865 0.0026426397669995247 0.0014059580219113166 0 0.021337965299683612 0.024104685068916564 -0.0002339553085450443 0 0.00038871774697384119 0.010772791813137264 0.00063091287408360787 0 0.0039991374103834267 -0.0067167180230339558 -0.00240913432619968
leaf_weight=38496 213 351 428 1798 47462 9546 3594 3756 2676 429 1321 44914 8919 1476 510 671 609 401 135 335 198 85899 109 1510 272 9888 543 1534 565 4077
leaf_count=38496 213 351 428 1798 47462 9546 3594 3756 2676 429 1321 44914 8919 1476 510 671 609 401 135 335 198 85899 109 1510 272 9888 543 1534 565 4077
internal_value=8.00552e-06 -7.1957e-05 -0.000415394 0.00117665 0.00065427 -0.000626135 -0.0005813 0.0011704 0.00281171 -0.00848242 -0.00271745 -0.000794951 -0.00262393 0.00437031 0.00539923 0.00144309 0.00398872 0.00167264 0.00880851 0.0157517 0.00875 -0.000617331 0.0167526 -0.00113044 -0.000248877 0 0.00676391 0.00800101 -0.000346139 -0.000237336
internal_weight=272635 268615 182657 21175 85958 161482 160625 17299 12222 857 5077 143326 12513 6587 4020 3034 3510 2431 1079 470 708 130813 307 1723 14588 14237 3553 3010 2363 13965
internal_count=272635 268615 182657 21175 85958 161482 160625 17299 12222 857 5077 143326 12513 6587 4020 3034 3510 2431 1079 470 708 130813 307 1723 14588 14237 3553 3010 2363 13965
is_linear=0
shrinkage=0.03


Tree=6
num_leaves=31
num_cat=0
split_feature=26 38 25 86 25 62 72 39 26 138 112 42 24 40 4 50 51 40 71 18 81 55 27 94 110 126 85 6 10 51
split_gain=102.324 111.656 74.2938 65.0532 62.0802 58.2493 54.1201 49.0479 65.908 46.4377 60.0838 45.2806 49.7191 44.9693 76.784 58.4517 43.446 41.4429 70.9431 46.1586 39.1168 38.9117 38.805 40.8574 37.3909 38.8577 34.6634 32.7731 31.9659 31.2501
threshold=0.074481844902038588 -0.0013872470008209346 0.012543265242129566 0.88333332538604747 0.042319050058722503 1.0805779099464419 0.037878938019275672 0.019643191248178486 0.020184718072414402 0.78973722457885753 -0.17047223448753354 0.10417669266462327 0.018554405309259895 0.055059770122170455 0.16666584461927417 0.84742298722267162 0.78793534636497509 -0.030343431979417797 0.57792210578918468 1.024536728858948 0.083333335816860213 0.93731585144996654 0.11249004304409028 0.46691815555095678 -0.36038962006568903 -0.27642263472080225 0.075000001117587103 0.57143047451972973 1.0246002078056338 0.80077409744262706
decision_type=10 10 10 2 10 10 10 10 10 10 2 10 10 10 10 10 10 10 10 8 2 10 10 10 2 10 2 10 10 10
left_child=2 4 -1 7 16 -3 -7 13 -9 24 28 12 29 17 15 -15 -2 18 -4 -19 26 -22 23 -12 -6 -26 -10 -14 -11 -5
right_child=1 5 3 11 9 6 -8 8 20 10 22 -13 27 14 -16 -17 -18 19 -20 -21 21 -23 -24 -25 25 -27 -28 -29 -30 -31
leaf_value=0.0012018987287905913 -0.017750516797954929 -0.0018788037085606135 6.6203377252846322e-06 -0.013475006508298826 -0.0059291078399866821 -0.0061752516137392717 0.0087766397021536765 0.0040107745380115762 -0.010870108289325551 0.01025268434283688 0.0070482006005843385 -0.0061898191838795054 0.0053539924013214033 0.027121138032267077 -0.00055924221822867303 0.00041925967169495726 0.0017528650763776752 -0.00032204236652783264 0.0042091930604157219 -0.0028440827234174045 -0.0087781314628582619 -0.0015429595377077134 0.0013009943743797401 0.021058861312046005 0.014150856651924355 0.0021261353512460448 -0.0014990979275960768 -0.0024531358774331192 0.028694817553803233 0.00061625881526557516
leaf_weight=35442 126 3781 15581 127 280 238 991 1526 887 302 1029 515 4705 196 488 149 266 171555 4745 6813 706 14781 727 274 337 1049 734 472 223 3756
leaf_count=35442 126 3781 15581 127 280 238 991 1526 887 302 1029 515 4705 196 488 149 266 171555 4745 6813 706 14781 727 274 337 1049 734 472 223 3756
internal_value=3.62514e-05 0.0030722 -7.38422e-05 -0.000273788 0.00642923 0 0.00558845 -0.000381253 -0.00185478 0.00751636 0.0101091 0.00213916 0.00265824 -0.000241963 0.00661773 0.0170658 -0.00434528 -0.000272894 0.00100561 -0.000420365 -0.00239957 -0.00190303 0.00739352 0.010495 0.00328942 0.00542297 -0.00687965 0.00457777 0.0194022 1.18287e-05
internal_weight=272801 9623 263178 227736 4613 5010 1229 218161 18634 4221 2555 9575 9060 199527 833 345 392 198694 20326 178368 17108 15487 2030 1303 1666 1386 1621 5177 525 3883
internal_count=272801 9623 263178 227736 4613 5010 1229 218161 18634 4221 2555 9575 9060 199527 833 345 392 198694 20326 178368 17108 15487 2030 1303 1666 1386 1621 5177 525 3883
is_linear=0
shrinkage=0.03


Tree=7
num_leaves=31
num_cat=0
split_feature=16 29 115 25 55 51 81 41 1 12 42 138 16 36 0 26 78 42 36 78 43 1 108 60 44 55 47 18 23 10
split_gain=118.551 72.6995 71.9964 90.1577 86.49 93.6908 74.4464 65.0149 104.198 58.9692 55.8132 53.9289 53.3655 63.5383 54.2427 53.4815 51.6484 48.0564 46.6608 46.4007 48.9823 60.3643 44.2902 44.0407 43.7881 43.9224 40.7514 39.0197 37.9692 37.864
threshold=1.2394970059394839 -0.001253698661457747 0.74207225441932689 0.041502594947814948 0.93731585144996654 0.83511987328529369 0.61666667461395275 -0.030035963281989094 0.018348633311688903 0.98570287227630626 0.065921377390623107 1.0657664537429812 1.1159341931343081 0.60601997375488292 -0.030569094233214852 0.021769763901829723 0.30000000447034841 -0.10349908098578452 0.50889825820922863 0.70000001788139354 1.1307523846626284 0.053465308621525771 -1.0000000180025095e-35 0.89853191375732433 1.0666666626930239 1.0997244715690615 1.0096055865287783 1.0016823410987856 0.022786561399698261 1.0230359435081484
decision_type=10 8 10 8 8 8 2 10 10 10 10 10 10 10 10 10 10 10 10 10 10 10 2 10 10 10 10 10 10 10
left_child=1 7 3 12 11 6 -6 19 -9 23 17 26 14 -14 18 -16 -15 28 -3 24 21 -21 -7 -4 27 -26 -5 -1 -10 -19
right_child=-2 2 9 4 5 22 -8 8 10 -11 -12 -13 13 16 15 -17 -18 29 -20 20 -22 -23 -24 -25 25 -27 -28 -29 -30 -31
leaf_value=-0.0039316264946169356 0.0059004733786454083 -0.010525128005387636 -0.010790859527783456 0 0.0042258464721130883 0.0038363369976781542 0.012878067000649073 -8.6123820207689204e-05 0.011880811577316344 -0.0011236680493543177 0.009052343119937847 0.0043476344380715039 -0.0021832596947739856 0.00019539980407874127 0.00095198588126684197 -0.00030436833991898907 0.010331678198497429 -0.0020796476903390138 0.00072272242205703306 0.00096441487229095054 -0.0051573504622753801 0.0075522148195705362 -0.00069735836474965466 0.0018765726860998787 -0.0068279146318098918 0.00074908088597898685 -0.020592017195434593 0.0050079076848190979 -0.0039089028692744186 -0.0049549928290179689
leaf_weight=674 2997 769 1023 119 5774 2980 1115 44583 359 10458 362 159 918 753 52910 71444 1410 33495 488 22834 1054 1326 5260 267 2058 924 274 1101 166 4932
leaf_count=674 2997 769 1023 119 5774 2980 1115 44583 359 10458 362 159 918 753 52910 71444 1410 33495 488 22834 1054 1326 5260 267 2058 924 274 1101 166 4932
internal_value=-1.21089e-05 -7.92845e-05 0.000339857 0.000525341 0.0026736 0.00311757 0.00570287 -0.000656549 -0.00108612 -0.00191112 -0.0022119 -0.00865383 0.000260873 0.00415268 0.000162381 0.000227839 0.0069745 -0.00232887 -0.00598057 0.000535863 0.00105679 0.00134433 0.000911254 -0.00795137 -0.00215532 -0.00439083 -0.0145962 0.00144029 0.00637756 -0.00245888
internal_weight=272986 269989 156121 144373 15681 15129 6889 113868 83897 11748 39314 552 128692 3081 125611 124354 2163 38952 1257 29971 25214 24160 8240 1290 4757 2982 393 1775 525 38427
internal_count=272986 269989 156121 144373 15681 15129 6889 113868 83897 11748 39314 552 128692 3081 125611 124354 2163 38952 1257 29971 25214 24160 8240 1290 4757 2982 393 1775 525 38427
is_linear=0
shrinkage=0.03


Tree=8
num_leaves=31
num_cat=0
split_feature=16 46 27 13 86 15 40 25 125 86 67 73 30 33 53 77 20 61 120 60 1 33 77 30 121 1 138 12 76 91
split_gain=123.128 66.3425 61.5451 68.3507 67.1339 57.018 55.3848 63.2922 54.4511 61.4023 56.7368 50.0076 48.7821 53.3541 44.2119 35.3206 58.5919 64.0709 43.8029 82.3731 35.0979 33.3327 31.7845 37.5895 31.651 54.8889 43.5415 31.2141 30.6986 36.8731
threshold=1.2206377983093264 1.0748502612113955 0.090825200080871596 0.96443602442741405 -0.58333334326744068 1.0903903245925906 -0.030343431979417797 0.013636420015245678 -0.44852939248085016 -0.81666666269302357 0.1157280206680298 0.90000000596046459 -0.0071641574613749972 0.96601486206054699 0.99357688426971447 0.17500000447034839 0.9055108129978181 0.85450080037117015 0.25574485957622534 0.91337412595748912 0.053465308621525771 0.80216467380523693 0.42499999701976782 -0.0079546812921762449 0.64285698533058178 0.055469902232289321 0.8039069175720216 0.98570287227630626 0.88333332538604747 0.62942525744438182
decision_type=10 8 10 8 2 10 8 10 10 2 10 10 10 10 10 2 10 10 10 10 8 10 2 10 10 10 10 10 2 8
left_child=1 6 3 22 5 11 -1 -8 20 10 -10 -4 13 24 -11 16 -9 -18 27 -20 -5 -13 -3 -24 -2 26 -26 -17 29 -6
right_child=12 2 4 8 28 -7 7 15 9 14 -12 21 -14 -15 -16 18 17 -19 19 -21 -22 -23 23 -25 25 -27 -28 -29 -30 -31
leaf_value=0.0029156000536860157 0.00037811930982068284 -0.0024600225429207614 0.013920453085822525 0.00080054206336605883 1.6986375634526288e-05 0.0013066217052503846 0.0012146504325026499 -0.011873558754477343 -0.0035588533946311661 -0.0042609962810358825 0.00042859723020217922 0.007352315127204188 0.00028200689751228233 -0.0081815134991268957 -0.00035671521351398868 -0.0070290815044445534 0.009279755715483614 -0.00091034972743252467 0.0035820951632296936 0.00011112337855410083 0.0091798160506348231 -0.008033409179604406 0.0045942623091928926 -0.009677872927623149 0.00045808368151720289 0.017853310960638299 0.011123509501686505 -0.0011411418920906969 0.0074179399078331282 -0.0075880248601987166
leaf_weight=7019 429 2745 907 11612 4252 1656 40620 416 12999 2738 4087 322 1346 149 57544 937 539 38653 6808 64660 459 172 146 1399 687 615 828 7158 409 630
leaf_count=7019 429 2745 907 11612 4252 1656 40620 416 12999 2738 4087 322 1346 149 57544 937 539 38653 6808 64660 459 172 146 1399 687 615 828 7158 409 630
internal_value=1.81423e-05 -5.91789e-05 -0.000662434 -0.000884505 0.00179121 0.00531889 0.000308211 0.000191451 -0.000702548 -0.000997031 -0.00258812 0.00976519 0.00519533 0.00750753 -0.000540376 -0.000154939 -0.000888146 -0.000757895 0.000206427 0.000446872 0.00115863 0.00130754 -0.00458752 -0.00809601 0.00859373 0.01009 0.00655153 -0.00187529 -0.000202853 -0.000930161
internal_weight=272941 268887 102077 93729 8348 3057 166810 159791 89439 77368 17086 1401 4054 2708 60282 119171 39608 39192 79563 71468 12071 494 4290 1545 2559 2130 1515 8095 5291 4882
internal_count=272941 268887 102077 93729 8348 3057 166810 159791 89439 77368 17086 1401 4054 2708 60282 119171 39608 39192 79563 71468 12071 494 4290 1545 2559 2130 1515 8095 5291 4882
is_linear=0
shrinkage=0.03


Tree=9
num_leaves=31
num_cat=0
split_feature=16 26 27 33 28 36 23 140 13 60 120 69 10 18 11 49 33 108 24 35 80 48 120 31 123 18 17 1 78 54
split_gain=101.396 60.5866 58.1441 61.2959 64.2154 57.28 70.0515 67.5898 55.3565 56.827 76.6022 52.7951 89.5736 48.3556 64.4546 63.0009 101.318 61.0434 45.7396 44.7523 42.7096 42.4877 41.5946 32.055 30.9216 30.6591 25.3109 25.2498 24.7583 26.647
threshold=1.2206377983093264 0.018406318500638012 0.075317058712244048 0.26178121566772466 -0.0028968804981559511 0.80461445450782787 0.016831624321639541 0.74113187193870556 0.96967065334320079 0.92236316204071056 0.26712341606616979 0.6428574025630952 1.0176715254783633 0.94259545207023632 0.97153580188751232 0.8330044448375703 0.92703846096992504 -0.22500000149011609 0.049329595640301711 0.8209669589996339 0.27500000596046453 0.98983368277549755 0.31617666780948644 -0.0018459421698935328 0.10526307299733163 0.97806948423385631 0.90572595596313488 0.050069035962224014 0.30000000447034841 1.0614877343177798
decision_type=10 10 10 8 10 10 10 10 8 10 10 10 10 10 10 10 10 2 10 10 2 10 10 10 8 10 10 10 10 10
left_child=1 24 3 4 23 -2 -7 -8 11 10 -10 -5 -13 20 17 16 -16 -15 -19 -11 -4 25 -17 -3 -1 -6 -26 -22 -9 -30
right_child=5 2 13 8 21 6 7 28 9 19 -12 12 -14 14 15 22 -18 18 -20 -21 27 -23 -24 -25 26 -27 -28 -29 29 -31
leaf_value=0.00018310878884585468 0.0009979673085945787 -0.0015561774430250439 -0.021138106177948552 -0.0064948572092211618 0.0033548731086903327 -0.0043349307743747794 -0.0024683827847350607 0.024576261105342497 -0.0030901692520420498 -0.00020816193776331823 0.0066652610678528575 -0.0016064868270058339 0.0041926069433737079 0.013002162746159665 0.014871461732070042 0.0041398221786467697 -0.014612373647997614 0.0041066780536081699 -0.0039140761395881274 0.0016951303174496466 -0.01220494903583179 0.00081524801634663528 -0.00028348571206566591 -0.0068520690370929343 5.6493085487629094e-06 -0.001613987726169322 0.0021830565051261844 0.0038934847766077616 0.00098501971168194098 0.013218502589820416
leaf_weight=33284 2014 1939 141 1685 1096 288 251 191 949 86664 2538 22952 2635 612 547 2091 102 4006 707 12727 111 8911 19959 2734 6925 37429 18038 218 260 980
leaf_count=33284 2014 1939 141 1685 1096 288 251 191 949 86664 2538 22952 2635 612 547 2091 102 4006 707 12727 111 8911 19959 2734 6925 37429 18038 218 260 980
internal_value=6.7964e-06 -6.26356e-05 -0.000300367 -0.000498489 -0.00136846 0.00474667 0.0083798 0.0107585 -0.000147712 0.000168311 0.00392226 -0.00135009 -0.000994761 0.000955836 0.00112788 0.000414843 0.0094909 0.00409828 0.00282864 3.28285e-05 -0.00831721 -0.00102868 0.000125755 -0.00473453 0.0007922 -0.00146318 0.00159152 -0.00106647 0.0132873 0.0109479
internal_weight=272984 269000 210753 182259 52109 3984 1970 1682 130150 102878 3487 27272 25587 28494 28024 22699 649 5325 4713 99391 470 47436 22050 4673 58247 38525 24963 329 1431 1240
internal_count=272984 269000 210753 182259 52109 3984 1970 1682 130150 102878 3487 27272 25587 28494 28024 22699 649 5325 4713 99391 470 47436 22050 4673 58247 38525 24963 329 1431 1240
is_linear=0
shrinkage=0.03


Tree=10
num_leaves=31
num_cat=0
split_feature=16 25 27 47 35 48 7 18 11 115 77 0 84 0 36 140 23 30 101 34 16 17 30 27 53 37 78 52 6 80
split_gain=102.85 73.5873 54.628 57.5668 65.6652 50.6215 49.6361 44.9972 60.2792 59.6047 56.2097 44.2698 46.1409 44.3506 41.3072 60.7026 42.167 41.1277 36.7993 36.4449 43.833 41.8948 35.1363 34.261 33.2828 31.7516 28.8291 30.0885 28.6427 27.3514
threshold=1.2206377983093264 0.012410786934196951 0.0761079676449299 1.0542030930519106 0.80202254652977001 0.97340050339698803 -0.057653678581118577 0.94259545207023632 0.97421732544898998 0.67968761920928966 0.058333335444331176 0.03806229121983052 0.84999999403953563 -0.0080460067838430387 0.80770382285118114 0.82000133395195018 0.017329806461930278 0.0064719635993242272 0.5962963104248048 0.093499321490526213 1.1181393265724184 1.118039667606354 0.0035015830071642999 0.049979351460933692 1.0605050325393679 0.65855157375335704 0.30000000447034841 0.70770698785781871 0.068967077881097807 0.17500000447034839
decision_type=10 10 10 8 10 10 10 10 10 10 2 10 2 10 10 10 10 10 2 10 8 10 10 10 10 10 10 10 10 2
left_child=1 25 3 11 19 23 18 17 10 -10 -9 12 13 -3 28 -16 -17 -8 22 20 -5 -21 -4 -6 -7 -1 27 -13 -2 -14
right_child=14 2 6 4 5 24 7 8 9 -11 -12 26 29 -15 15 16 -18 -19 -20 21 -22 -23 -24 -25 -26 -27 -28 -29 -30 -31
leaf_value=0.00064199239139547926 0.0068224917865287969 0.0019193277621850084 0.0051861276818909539 -0.00039405865620870432 0.00068470889581856496 0.0018859069777383219 -0.0016653254511104683 0.009662838653307481 -0.00035493847134674485 0.0050559297848949197 0.0021124894375013628 0.0030180885003937871 0.00022077770782358451 -0.0002865647586893184 0 0 0.013395915086577946 -0.02283397820333696 0 -0.00097160894048461727 0.0040966586783810002 -0.0025010579602656631 0.028807691898238022 -0.0044763719053402063 -0.0068516879666310091 0.002740200398051792 -0.00038377824301064447 -0.011792226526792978 -0.00061460842532570445 0.0040384394442813821
leaf_weight=25320 629 10022 186 22204 2103 14904 332 1123 18423 2010 4949 108 2912 44345 581 219 1179 112 142 78941 2125 20782 116 2331 370 9016 796 598 1443 4676
leaf_count=25320 629 10022 186 22204 2103 14904 332 1123 18423 2010 4949 108 2912 44345 581 219 1179 112 142 78941 2125 20782 116 2331 370 9016 796 598 1443 4676
internal_value=-1.93996e-05 -9.21255e-05 -0.000283029 -0.000450478 -0.000783236 0.000816241 0.000972117 0.000791973 0.000963581 0.000167086 0.00358529 0.000298657 0.000427144 0.000115109 0.00471191 0.00783071 0.0111791 -0.00840578 0.0107542 -0.00103985 0 -0.00129379 0.0164167 -0.00196909 0.00164595 0.00120295 -0.00474011 -0.00909267 0.00154332 0.00261722
internal_weight=272997 268946 234610 207217 143760 19708 27393 26949 26505 20433 6072 63457 61955 54367 4051 1979 1398 444 444 124052 24329 99723 302 4434 15274 34336 1502 706 2072 7588
internal_count=272997 268946 234610 207217 143760 19708 27393 26949 26505 20433 6072 63457 61955 54367 4051 1979 1398 444 444 124052 24329 99723 302 4434 15274 34336 1502 706 2072 7588
is_linear=0
shrinkage=0.03


Tree=11
num_leaves=31
num_cat=0
split_feature=16 25 40 36 18 73 25 36 140 110 55 36 14 33 85 49 92 22 51 36 11 33 120 1 4 83 10 1 142 41
split_gain=120.55 72.338 63.399 74.444 52.2344 70.1969 49.5275 48.4562 60.6864 46.4048 46.3959 86.8514 82.3961 68.2054 67.0053 51.1873 45.0609 44.4362 59.8501 41.9365 40.7514 40.7042 37.8206 56.0881 31.7998 30.3414 27.3722 26.8565 26.5784 26.1745
threshold=1.2394970059394839 0.012410786934196951 -0.030343431979417797 0.82335302233695995 1.024536728858948 0.5000000149011613 0.034407608211040504 0.80461445450782787 0.72613099217414867 0.29705883562564855 0.93731585144996654 0.79486623406410228 0.88698756694793712 0.83287483453750621 0.82500001788139354 0.8330044448375703 0.50118210911750805 0.8598712980747224 0.86556467413902294 0.78832495212554943 0.99580019712448131 0.93596476316452037 0.69607850909233104 0.055469902232289321 0.47368504106998449 -0.3000000044703483 1.0191387534141543 0.039877237752079971 1.635336756706238 -0.0007241346756927668
decision_type=10 10 10 10 10 10 10 10 10 2 10 10 8 10 2 8 10 10 10 10 10 10 10 10 10 10 10 10 10 10
left_child=1 26 3 17 10 6 29 -2 -9 24 11 14 13 -12 -4 -14 -13 19 20 -3 -19 -8 -10 27 28 -20 -1 -24 -5 -6
right_child=7 2 4 9 5 -7 21 8 22 -11 12 16 15 -15 -16 -17 -18 18 25 -21 -22 -23 23 -25 -26 -27 -28 -29 -30 -31
leaf_value=0.0013546528480957256 0.0019607115716763065 -0.016461301350580722 -0.0040149497565107337 0.013326818221820783 -0.0046506963939333791 -0.0089426146423795001 0.0040424809516658644 -0.0044076533553029503 0.019933403453882361 0.0001348602833494431 0.0077849005862819691 0.010155436753813654 0.0075541485256296207 -0.0028990595476994724 -0.018154623606094031 -0.00041715931733516548 -0.0042715378071463434 0.0072451102818361004 0.00054670909614610175 0.0027622519905104283 -0.0003554300100805229 -0.0049918993084668668 0.00640862027892197 0.018052074339995429 0 -0.0040697765372471606 -0.002986157147662526 -0.0065467556519049463 0 0.0053460302636637513
leaf_weight=33059 1610 241 1051 1030 2982 1424 1816 194 422 772 1959 408 704 678 467 200707 307 1963 15889 121 824 552 378 291 205 1368 1302 192 176 212
leaf_count=33059 1610 241 1051 1030 2982 1424 1816 194 422 772 1959 408 704 678 467 200707 307 1963 15889 121 824 552 378 291 205 1368 1302 192 176 212
internal_value=-3.5412e-05 -0.000104054 -0.00029245 0.00121458 -0.000453578 -0.00300708 -0.00140711 0.00583849 0.00978239 0.00646911 -0.000365363 -0.00465671 -0.000316479 0.00492389 -0.00873948 -0.00038706 0.00360508 0.000631983 0.000838109 -0.0094422 0.00490455 0.0017867 0.012193 0.0076923 0.00967479 0.000159099 0.0011798 0.00146224 0.0115151 -0.00386469
internal_weight=273304 270217 235856 22589 213267 6986 5562 3087 1477 2183 206281 2233 204048 2637 1518 201411 715 20406 20044 362 2787 2368 1283 861 1411 17257 34361 570 1206 3194
internal_count=273304 270217 235856 22589 213267 6986 5562 3087 1477 2183 206281 2233 204048 2637 1518 201411 715 20406 20044 362 2787 2368 1283 861 1411 17257 34361 570 1206 3194
is_linear=0
shrinkage=0.03


Tree=12
num_leaves=31
num_cat=0
split_feature=32 47 42 6 138 81 38 25 40 12 84 13 1 122 31 120 8 42 41 112 33 34 115 11 16 19 113 2 17 38
split_gain=79.9629 65.7015 61.8696 58.0202 58.0183 48.927 48.7456 44.5402 62.2491 68.492 77.6853 52.1806 46.6691 53.1365 44.3091 43.6828 40.5493 37.7871 37.6346 37.1874 49.5374 36.0899 62.4481 68.582 67.8204 65.6548 47.6972 45.0811 44.471 42.0884
threshold=-0.0049950752872973672 1.0944131016731264 -0.077859010547399507 0.15384439378976825 0.50348633527755748 0.61666667461395275 -0.02792282588779926 0.021421742625534538 -0.028458484448492524 1.0204320549964907 0.84999999403953563 1.0327028632164004 0.036666689440608032 0.43413670361042028 -0.0075392194557934991 0.30944025516510015 -0.33333481848239893 -0.0029584130970761176 -0.039029836654663079 0.1651515141129494 0.4807694554328919 0.24009247869253161 0.65234178304672252 0.98563537001609813 1.1063319444656374 1.0185295939445498 0.69230815768241893 -0.52941194176673878 1.1651764512062075 -0.0085295797325670702
decision_type=8 8 8 10 8 2 10 10 8 10 2 8 10 8 10 10 10 8 10 2 10 10 10 10 10 10 10 10 10 8
left_child=4 7 3 14 -1 -6 -7 12 11 10 18 -9 13 16 -3 -12 -2 -15 -10 -5 -21 22 24 -24 26 -26 -4 29 -29 -23
right_child=1 2 21 19 5 6 -8 8 9 -11 15 -13 -14 17 -16 -17 -18 -19 -20 20 -22 27 23 -25 25 -27 -28 28 -30 -31
leaf_value=-0.004703682009117389 0.0045335251599737123 0.0067766973445941396 -0.00018134140795771618 0.0047712919354191627 0.00085258923565252587 0.022283209888993884 0.0049716754290588328 0.0046761565580707102 -0.0065027868661966916 -0.015584071590438606 2.7209407759498408e-05 -0.00038433353685588044 -0.0035547920351243949 -0.00035035243205691689 -0.002085222488650233 0.0047070070804178894 0.0014081527202072543 0.0011400078294393652 -0.00087605292440960777 -0.011188208768313581 0.0033037375660090562 -0.002206946840578938 0.014065860393477049 -0.00043422093282790463 0.0043783980765445991 -0.0039142387232447241 -0.0031201580693303831 -0.0012540657237747465 -0.0035856731950723053 0.00081228486314278026
leaf_weight=788 5264 556 22778 4655 3514 146 4298 3894 1097 256 3937 3255 2125 27764 3834 3495 14644 33482 44663 310 536 5694 564 511 4467 1009 6434 44888 9062 15210
leaf_count=788 5264 556 22778 4655 3514 146 4298 3894 1097 256 3937 3255 2125 27764 3834 3495 14644 33482 44663 310 536 5694 564 511 4467 1009 6434 44888 9062 15210
internal_value=-2.45429e-06 -9.7009e-05 -0.000614582 0.0016464 0.00281533 0.00360739 0.00570491 0.000334441 -0.000280662 -0.000636955 -0.00055355 0.00233558 0.000785575 0.00090377 -0.000869177 0.00227493 0.00225333 0.000459608 -0.00102028 0.00370414 -0.00179588 -0.000819724 -2.70997e-05 0.00701725 -0.000257969 0.00278714 -0.000840576 -0.0011943 -0.00165245 0
internal_weight=273130 264384 120508 9891 8746 7958 4444 143876 60597 53448 53192 7149 83279 81154 4390 7432 19908 61246 45760 5501 846 110617 35763 1075 34688 5476 29212 74854 53950 20904
internal_count=273130 264384 120508 9891 8746 7958 4444 143876 60597 53448 53192 7149 83279 81154 4390 7432 19908 61246 45760 5501 846 110617 35763 1075 34688 5476 29212 74854 53950 20904
is_linear=0
shrinkage=0.03


Tree=13
num_leaves=31
num_cat=0
split_feature=16 37 45 59 33 78 41 115 53 51 18 82 115 50 14 53 21 117 161 30 140 84 36 23 38 120 18 24 50 33
split_gain=96.2023 60.752 63.2494 89.8254 85.8205 51.2784 66.9181 60.4076 50.3696 55.9659 50.2414 48.6408 48.2334 48.1106 46.4655 56.7283 43.6592 62.8371 45.9979 41.6399 41.926 39.9321 39.9285 41.0791 39.0886 49.1825 38.6456 37.5678 41.3048 37.2593
threshold=1.2206377983093264 0.71386143565177929 1.0269461274147036 0.9433082938194276 0.50590261816978466 0.30000000447034841 0.046067330986261375 0.66071423888206493 0.9897623360157014 0.87290439009666454 0.98232558369636547 0.57499998807907116 0.30601087212562567 0.77039915323257457 0.88698756694793712 1.0465302467346194 1.0568758249282839 0.33217075467109686 -0.27015554904937739 -0.0069329803809523574 0.81745141744613659 -0.35000000894069666 0.78500786423683178 0.017329806461930278 0.0061224328819662341 0.25574485957622534 1.0003985762596133 0.03319338150322438 0.98976784944534313 0.21297428011894229
decision_type=10 8 8 10 8 10 10 10 10 10 10 2 10 10 8 10 10 10 10 10 10 2 10 10 10 10 8 10 10 10
left_child=1 2 3 5 12 6 11 -8 -6 13 -5 -1 26 -10 29 -16 18 -18 -3 20 -2 27 -22 -24 -7 -26 -4 28 -19 -14
right_child=19 16 4 10 8 24 7 -9 9 -11 -12 -13 14 -15 15 -17 17 21 -20 -21 22 -23 23 -25 25 -27 -28 -29 -30 -31
leaf_value=0.0011367627415456809 0 0.002212324341346768 -0.0019369132304958747 0.0030902683076270672 -0.0039029606402985898 -0.0020758764996668265 -0.0032716451633956951 -0.012139364254224816 -0.010389630401979631 -6.1124500056726786e-05 0.00048942511180007835 -0.0062090629394777634 -0.00017505816890791591 0.0043270798565590686 -0.001747615845404408 -0.010044310149301924 0.0036090451270451599 -0.0076177136177204043 0.0003940457138900889 0 0.0026810628818865925 0.0028206171450437978 0 0.013906189447630028 -0.0046684494333147815 0.0085539054889386817 0.002927643184454804 0 -0.0016092344209590159 0.015988321037217184
leaf_weight=2790 648 18667 2340 7849 2852 1389 1911 1220 181 63611 48091 1101 204 3896 57860 749 1895 2361 39669 1242 796 1048 187 1150 297 942 3706 2140 2105 216
leaf_count=2790 648 18667 2340 7849 2852 1389 1911 1220 181 63611 48091 1101 204 3896 57860 749 1895 2361 39669 1242 796 1048 187 1150 297 942 3706 2140 2105 216
internal_value=-3.3343e-05 -0.000103439 -0.000366233 0.000395545 -0.000736882 -0.00226602 -0.0036121 -0.0068773 -7.68406e-06 0.000153115 0.000860687 -0.000886233 -0.00152246 0.00355297 -0.00178567 -0.00186215 0.000670922 -0.00119365 0.000981578 0.00455832 0.00658567 -0.00242812 0.00859946 0.0118105 0.00121754 0.00512229 0.000995266 -0.00331207 -0.00487236 0.00780462
internal_weight=273113 269090 201205 65590 135615 9650 7022 3131 70540 67688 55940 3891 65075 4077 59029 58609 67885 9549 58336 4023 2781 7654 2133 1337 2628 1239 6046 6606 4466 420
internal_count=273113 269090 201205 65590 135615 9650 7022 3131 70540 67688 55940 3891 65075 4077 59029 58609 67885 9549 58336 4023 2781 7654 2133 1337 2628 1239 6046 6606 4466 420
is_linear=0
shrinkage=0.03


Tree=14
num_leaves=31
num_cat=0
split_feature=16 33 26 37 2 15 86 56 46 3 9 23 39 39 15 56 70 32 40 86 102 23 36 140 77 116 40 47 86 27
split_gain=97.9139 51.8857 78.4632 58.0793 61.4545 61.7757 55.6559 56.7761 53.1636 48.1244 60.131 45.3252 60.3968 44.7903 61.3377 44.1056 53.421 44.7332 41.7658 41.5129 40.7982 40.2177 48.2091 51.9315 40.1711 38.7376 37.1956 35.9829 38.1838 35.5776
threshold=1.2206377983093264 0.2562058717012406 0.024248163215816024 0.73783451318740856 0.93826952576637279 1.1242603659629824 0.81666666269302379 0.94987913966178905 1.0041038393974306 0.017324396409094337 0.97687277197837841 0.041296407580375678 0.0075543564744293698 0.022993783466517929 1.1418217420578005 1.0996676683425906 0.77099183201789867 0.0030846828594803814 -0.041960727423429482 -0.84999999403953541 0.4660919606685639 0.017193889245390895 0.80461445450782787 0.76384052634239208 0.17500000447034839 0.61807581782341015 0.01941184047609568 1.0441509485244753 0.78333333134651195 0.0761079676449299
decision_type=10 8 8 10 10 10 2 8 8 10 10 10 10 10 8 10 10 8 10 2 2 10 10 10 2 10 10 10 2 10
left_child=1 2 -1 15 5 29 7 24 -9 11 -11 18 -13 19 -15 16 17 -4 25 -10 -12 -2 -23 -24 -3 -8 -18 28 -26 -5
right_child=21 6 3 4 -6 -7 9 8 13 10 20 12 -14 14 -16 -17 26 -19 -20 -21 -22 22 23 -25 27 -27 -28 -29 -30 -31
leaf_value=0.00044116703536895908 -0.0016864037984037352 -0.0094646885922809714 -0.003014223835036761 -0.00091812777712170772 0.010435724333851129 -0.0089023151319762728 -0.0010933258929771595 0.0029706498720725102 -0.0012812439217980158 -0.011347348899696953 0.024426332123310367 -0.020732834605307924 0 -0.0028938905741397384 0.0054688405247471459 0.00070265656335865754 -0.00096600551726165682 -0.009906057033516007 0.0014502389479636192 0.00032932051494230383 0.0069361323140209007 0.0021276401943563024 -0.00030179562904638496 0.012112629671632532 -0.0045814492622261076 0.016378485934754546 0.0073827030807733533 0.0074275678406637274 0.0070047397000725263 0.0026178447733164762
leaf_weight=31660 672 835 20499 6846 493 667 125 5786 15959 100 156 169 303 7857 837 4119 7315 915 13598 142238 855 1694 327 1374 2038 308 490 302 256 4019
leaf_count=31660 672 835 20499 6846 493 667 125 5786 15959 100 156 169 303 7857 837 4119 7315 915 13598 142238 855 1694 327 1374 2038 308 490 302 256 4019
internal_value=2.99508e-05 -3.90249e-05 -0.00069753 -0.00149871 0.000266272 -0.000159823 0.000224005 6.9942e-05 0.000147743 0.00194016 0.00796328 0.00144778 -0.00739212 4.77326e-05 -0.00204365 -0.00214411 -0.00255588 -0.00333167 0.0017766 0.000164808 0.0103474 0.00463912 0.00598157 0.00957599 -0.00373687 0.0108468 -0.000386003 -0.00172157 -0.00310947 0.000364686
internal_weight=272812 268745 77023 45363 12025 11532 191722 176108 172677 15614 1111 14503 472 166891 8694 33338 29219 21414 14031 158197 1011 4067 3395 1701 3431 433 7805 2596 2294 10865
internal_count=272812 268745 77023 45363 12025 11532 191722 176108 172677 15614 1111 14503 472 166891 8694 33338 29219 21414 14031 158197 1011 4067 3395 1701 3431 433 7805 2596 2294 10865
is_linear=0
shrinkage=0.03


Tree=15
num_leaves=31
num_cat=0
split_feature=22 86 1 1 126 34 49 160 23 25 40 71 159 85 82 70 13 0 34 122 109 60 78 158 17 52 37 54 35 74
split_gain=70.1023 60.5246 55.3897 54.211 107.978 51.9084 61.5206 52.3079 49.6152 41.9831 48.6715 64.4164 49.9034 43.225 42.6809 56.4766 74.678 62.4893 41.8304 41.523 39.0493 60.9585 37.6967 36.1821 32.7983 30.7002 28.0645 27.8828 27.3592 33.5514
threshold=1.1661723852157595 -0.81666666269302357 0.018544884398579601 0.064701750874519362 -0.29957355558872217 0.93883177638053905 0.93890735507011425 -0.048953404650092118 0.012699852231889965 0.012543265242129566 -0.028458484448492524 0.57333305478096019 -0.0087598729878663999 0.67499998211860668 0.87500000000000011 0.74545511603355419 0.9865228831768037 -0.0085409022867679579 0.11750995367765428 0.65243762731552135 -0.31666667759418482 1.0328003168106081 0.5000000149011613 0.0025604347465559845 1.4224975109100344 0.84895494580268871 0.54902064800262462 1.0643337965011599 0.7669273614883424 0.35000000894069677
decision_type=10 2 10 10 10 10 10 10 10 10 10 10 8 2 2 8 8 10 10 10 2 10 10 10 8 10 10 10 10 2
left_child=1 2 27 5 -5 6 24 20 -4 -3 11 13 25 22 15 16 -12 -17 -14 28 26 -22 -11 -9 -2 -13 -8 -1 -10 -30
right_child=3 9 8 4 -6 -7 7 23 19 10 14 12 18 -15 -16 17 -18 -19 -20 -21 21 -23 -24 -25 -26 -27 -28 -29 29 -31
leaf_value=0.00042153949812981291 0.01258103796634823 0.0010812333382124054 -0.0053065004331648265 0.017179149736502124 -0.00093302783505991099 0.017754296723721641 0.0073526619428274107 -0.008474559268847286 -0.0030194196361098108 -0.0078711257915891324 -0.0025296411916739545 0.007169122573024371 0.0049167569163974965 -0.005530706812385538 0.00081342395070615548 0.003076395562705237 -0.00044677300081488139 -3.7974742438488163e-05 -0.0031608536839467516 0.0043611651162772051 -0.0038818225369323042 0.011222690780571361 0.00089626788236865488 0.0070509139749597993 0 0.0020602458437552632 -0.0037479069600929826 -0.0058464569692777673 -0.00084862878377015146 0.0085651643043939962
leaf_weight=11802 530 33324 4434 640 480 157 221 920 7120 432 19631 3042 924 1107 29716 6462 76052 53369 1464 951 316 684 13009 121 228 1951 1072 654 2049 382
leaf_count=11802 530 33324 4434 640 480 157 221 920 7120 432 19631 3042 924 1107 29716 6462 76052 53369 1464 951 316 684 13009 121 228 1951 1072 654 2049 382
internal_value=8.73611e-06 -5.83116e-05 -0.0013946 0.00339741 0.00927344 0.00174208 0.000971406 -0.000714415 -0.00262582 9.27532e-05 -6.48967e-05 0.00126885 0.00354862 8.83181e-05 -0.000224535 -0.000424879 -0.000877683 0.000294294 0 -0.00145757 0.00171888 0.00617302 0.000580917 -0.00628832 0.0085997 0.00524887 -0.00153901 5.95486e-05 -0.0020762 0.000566048
internal_weight=273244 267875 27392 5369 1120 4249 4092 3334 14936 240483 207159 21929 7381 14548 185230 155514 95683 59831 2388 10502 2293 1000 13441 1041 758 4993 1293 12456 9551 2431
internal_count=273244 267875 27392 5369 1120 4249 4092 3334 14936 240483 207159 21929 7381 14548 185230 155514 95683 59831 2388 10502 2293 1000 13441 1041 758 4993 1293 12456 9551 2431
is_linear=0
shrinkage=0.03


Tree=16
num_leaves=31
num_cat=0
split_feature=16 25 38 58 24 26 138 117 25 33 62 71 78 55 125 14 27 20 86 80 97 6 159 10 82 129 100 30 37 38
split_gain=82.019 50.2933 55.9502 65.2506 67.5871 64.5546 65.1251 49.1083 49.0347 48.2208 44.2774 39.4767 74.0066 43.6525 42.91 44.3794 39.1685 38.3579 34.4756 30.3468 55.3137 28.5511 28.5342 27.7801 29.2878 27.255 26.1162 26.0793 25.9886 25.8184
threshold=1.2394970059394839 0.012410786934196951 -0.00081632685032673169 0.90896162390708934 0.038074484094977386 0.069893267005682005 0.75289461016654979 0.66942158341407787 0.035480223596096046 0.97387737035751354 1.0852662920951845 0.91735556721687328 0.5000000149011613 1.0911098718643191 0.51111125946044933 0.86524444818496715 0.042339796200394637 0.95435956120491039 0.91666665673255932 0.12500000372529033 0.20008553564548495 0.50515443086624157 -0.002507689292542636 1.0176715254783633 0.19166667014360431 1.0793563127517702 0.39444445073604589 -0.0055436731781810513 0.61268463730812084 -0.014964751433581112
decision_type=10 10 10 10 10 10 10 10 10 10 10 10 10 10 10 8 10 8 2 2 10 10 10 10 2 10 2 10 10 8
left_child=1 23 5 4 -4 18 19 8 -8 10 -2 12 13 -5 15 -13 -16 -14 29 22 -21 -20 -7 -1 -25 -9 -6 -12 -28 -3
right_child=9 2 3 11 26 6 7 25 -10 -11 27 14 17 -15 16 -17 -18 -19 21 20 -22 -23 -24 24 -26 -27 28 -29 -30 -31
leaf_value=0.0012271906336721273 0.00058451858036330615 -0.0018542967357041266 0.0087865587022468335 -0.0022793753463754909 0 0.00029450659819233875 -0.005673804802583976 -0.0091935030838681594 0.008696957696137899 -0.012636861214780901 0.0096423293612207962 0.01221922089817919 0.0037667996768132477 0.0045556185785389971 0.0006513414126906752 0.0013507065953336172 -0.005548306764826586 -0.00042163813772779781 0.0044602602731462658 0 -0.015360631235543702 -0.0031571306497026538 0.017051193640159907 0.0013987152169907026 -0.0060435101352736813 0.0042499822110115886 -0.0059445814577725907 -0.0013035311622041292 -0.023772785428764043 0.0001475206858255401
leaf_weight=32411 1092 6151 111 28654 102 565 193 250 2638 107 1688 338 1987 820 1986 11501 1571 78804 2662 754 275 468 100 798 980 223 198 163 258 95085
leaf_count=32411 1092 6151 111 28654 102 565 193 250 2638 107 1688 338 1987 820 1986 11501 1571 78804 2662 754 275 468 100 798 980 223 198 163 258 95085
internal_value=1.11441e-06 -5.32468e-05 -0.000210302 -0.000641051 -0.00987623 0.000284555 0.00361038 0.00606453 0.00757909 0.00487806 0.00569711 -0.000587934 -0.000788025 -0.00207609 0.000824806 0.00170638 -0.00201867 -0.000314007 0.000121748 -0.00101611 -0.00434703 0.00321325 0.00367654 0.00102019 -0.00255804 -0.00233164 -0.0142833 0.00851446 -0.0172369 2.25872e-05
internal_weight=272933 269883 235694 126330 669 109364 4998 3304 2831 3050 2943 125661 110265 29474 15396 11839 3557 80791 104366 1694 1029 3130 665 34189 1778 473 558 1851 456 101236
internal_count=272933 269883 235694 126330 669 109364 4998 3304 2831 3050 2943 125661 110265 29474 15396 11839 3557 80791 104366 1694 1029 3130 665 34189 1778 473 558 1851 456 101236
is_linear=0
shrinkage=0.03


Tree=17
num_leaves=31
num_cat=0
split_feature=16 29 57 41 1 40 41 53 71 33 42 97 34 115 57 1 25 78 102 43 33 36 1 119 73 42 23 126 43 1
split_gain=80.4791 50.6924 73.8312 59.5674 91.7269 59.5509 76.0606 51.1638 48.128 49.5182 47.6225 40.7635 39.0297 38.8166 72.093 38.2679 37.155 36.9845 44.0077 36.1402 62.8383 42.7958 41.141 35.8743 34.8076 34.6806 64.2941 33.7952 34.3722 49.7122
threshold=1.2206377983093264 -0.0014438008074648676 1.1707749962806704 -0.031841535121202462 0.018348633311688903 -0.030343431979417797 -0.033805020153522485 1.0013236999511721 0.54929596185684215 0.43357877433300024 0.065921377390623107 0.24202011525630954 0.87956127524375927 0.74207225441932689 0.92394757270812999 0.033489095047116287 0.025901361368596557 0.30000000447034841 0.38529014587402349 1.0755487084388735 0.921093910932541 0.64114472270011913 0.053465308621525771 0.84615358710289013 0.5000000149011613 -0.070793412625789628 0.0090826298110187071 -0.4746298342943191 1.1307523846626284 0.053465308621525771
decision_type=10 8 10 10 10 10 10 10 10 8 10 10 10 10 10 10 10 10 2 10 10 10 10 10 10 10 10 10 10 10
left_child=1 3 5 7 -5 8 24 11 9 -3 25 -1 17 14 -8 -12 -15 18 -2 -19 21 -21 -22 -14 -7 26 -6 -9 29 -29
right_child=12 2 -4 4 10 6 13 27 -10 -11 15 -13 23 16 -16 -17 -18 19 -20 20 22 -23 -24 -25 -26 -27 -28 28 -30 -31
leaf_value=0 0.023057062595996051 -0.012146740774391991 0.0041589394921662881 5.6412386457626985e-07 0.015102420917881484 -0.0026158574302343721 0.0052891820153172873 0.0092967764508401496 0.0047387707574933144 0.0010712193274509528 -0.00056937418592146083 -0.016046996573980624 0.01944847156452896 0.0010328898583381004 0.00018836675429429082 0.017727722417241725 -0.0026368916772712236 -0.0021778169559361622 0.0034405442111413269 0 -0.011864549301273357 0.012286490867940385 0.0052796972987920448 0.002654512466198005 -0.011959062498070298 -0.0023689127643982829 -0.00032659957942001669 0.00064761761426575877 -0.0045669154354026943 0.006788175871119604
leaf_weight=357 152 281 4324 43177 244 1156 2528 410 4441 1517 151 268 266 3421 133825 177 8115 1294 405 408 273 757 177 284 605 35538 2702 23579 1015 1247
leaf_count=357 152 281 4324 43177 244 1156 2528 410 4441 1517 151 268 266 3421 133825 177 8115 1294 405 408 273 757 177 284 605 35538 2702 23579 1015 1247
internal_value=2.16783e-05 -4.02851e-05 0.000297926 -0.000540738 -0.000943999 0.000188386 6.64207e-05 0.000678101 0.00305639 -0.000940432 -0.00200198 -0.00762234 0.00422728 0.0001426 0.000285898 0.00889367 -0.00152275 0.00289503 0.00992729 0.00138751 0.00441937 0.00815349 -0.00454513 0.0117004 -0.00609246 -0.0021072 0.00094337 0.000892794 0.000740768 0.000973346
internal_weight=273094 269078 160213 108865 81989 155889 149650 26876 6239 1798 38812 625 4016 147889 136353 328 11536 3466 557 2909 1615 1165 450 550 1761 38484 2946 26251 25841 24826
internal_count=273094 269078 160213 108865 81989 155889 149650 26876 6239 1798 38812 625 4016 147889 136353 328 11536 3466 557 2909 1615 1165 450 550 1761 38484 2946 26251 25841 24826
is_linear=0
shrinkage=0.03


Tree=18
num_leaves=31
num_cat=0
split_feature=16 26 158 50 38 138 55 93 34 41 82 40 23 33 120 51 55 34 15 54 49 140 60 5 41 56 45 78 51 42
split_gain=65.2059 51.192 59.951 83.9907 54.8482 72.3975 51.9759 56.318 48.3727 45.7483 45.5962 46.1352 64.2899 42.8577 42.7867 69.8726 45.1964 42.7646 42.7626 42.1013 38.5214 50.0067 37.4668 36.7522 36.1499 35.5871 45.8561 44.2537 39.6321 46.6823
threshold=1.2206377983093264 0.021392118185758594 -0.0016381205641664562 0.87559667229652416 -0.0083671929314732534 0.9361887276172639 0.95988973975181591 -0.0077330702915787688 0.10913672670722009 0.034983506426215179 0.075000002980232253 0.03885683789849282 0.014865488279610874 0.76311913132667553 0.45577250421047216 0.80620571970939647 1.0930447578430178 0.83811205625534069 0.87126702070236217 1.0153892636299136 0.8330044448375703 0.95466572046279918 0.85410505533218395 0.01023019850254059 0.05448966100811959 0.98715078830719005 1.0387282371520998 0.5000000149011613 0.78793534636497509 0.061125580221414573
decision_type=10 10 8 10 10 10 10 10 10 10 2 10 10 10 10 10 10 10 8 10 10 10 10 10 10 10 10 10 10 10
left_child=1 19 3 6 5 9 18 -8 25 -5 11 12 -10 -13 15 -6 -16 -7 23 -1 21 -12 -22 -3 -9 28 -27 -28 29 -4
right_child=-2 2 8 4 14 17 7 24 10 -11 20 13 -14 -15 16 -17 -18 -19 -20 -21 22 -23 -24 -25 -26 26 27 -29 -30 -31
leaf_value=0.0010803168049229428 0.0038111734378660045 -0.020291349820496386 0.0020310131034040136 -0.003150604411332642 -0.0096835087420501873 0.000390946465071263 0.0008699159692704023 0.0067748033918596786 -0.00068244768326261042 0.0059899170109154231 0.01182331768527559 -0.014088929871316342 0.0033097464037949082 -0.00052437700179016743 -0.00031414546166347437 0.0031974381071004686 0.0026832448554669546 0.0093952721465024123 0.0049202715883611588 -0.0003376152054848611 -0.0065776296181065961 -0.00017385276321912904 -0.0012420627780527181 0 0.019972389964500858 -0.0018156786495305045 -0.00063098288016688814 0.0027037966301044665 0.0020440796778634241 0.024338398921709938
leaf_weight=56014 4061 163 229 10690 367 7201 1653 2366 8742 477 438 337 6079 634 24130 8582 5528 497 216 27977 1212 837 81282 148 225 7032 6530 7597 1890 161
leaf_count=56014 4061 163 229 10690 367 7201 1653 2366 8742 477 438 337 6079 634 24130 8582 5528 497 216 27977 1212 837 81282 148 225 7032 6530 7597 1890 161
internal_value=4.73001e-05 -8.6371e-06 -0.000288281 0.000467455 0.000143868 -0.00117477 0.00428593 0.00542056 -0.000673167 -0.00272334 -0.000962893 0.000501761 0.000937035 -0.00572421 0.000796253 0.00261532 0.000235866 0.001034 -0.00416705 0.000604472 -0.00124264 0.00383482 -0.00132566 -0.0113008 0.00817998 0.000544477 0.000144375 0.00114242 0.00409355 0.0127097
internal_weight=273295 269234 185243 62243 57472 18865 4771 4244 123000 11167 99561 15792 14821 971 38607 8949 29658 7698 527 83991 83769 1275 82494 311 2591 23439 21159 14127 2280 390
internal_count=273295 269234 185243 62243 57472 18865 4771 4244 123000 11167 99561 15792 14821 971 38607 8949 29658 7698 527 83991 83769 1275 82494 311 2591 23439 21159 14127 2280 390
is_linear=0
shrinkage=0.03


Tree=19
num_leaves=31
num_cat=0
split_feature=16 26 37 40 2 45 29 40 25 86 35 4 123 52 17 49 80 15 41 114 82 102 29 17 91 27 108 11 119 117
split_gain=66.7672 53.6573 47.2912 63.4449 54.4864 53.7639 53.3881 49.5089 62.0056 44.0605 41.9431 39.3841 38.5832 36.2152 35.9632 36.7465 35.3298 56.8162 37.9066 34.6398 32.9134 32.7997 32.7683 32.3696 31.9547 31.7201 31.6717 31.1409 39.3201 31.0096
threshold=1.2394970059394839 0.019809450022876266 0.73783451318740856 -0.056817302480339997 0.90476143360137951 1.1228300333023074 -0.0039488547481596461 0.031416650861501701 0.042319050058722503 -0.81666666269302357 0.70860877633094799 0.60869291424751293 0.18181890994310382 0.80821236968040477 1.167911231517792 0.96192386746406566 0.22500000149011615 0.96793305873870861 0.056665420532226569 0.53191468119621288 0.87500000000000011 0.59824562072753917 -0.015768441371619698 1.150704085826874 0.61325812339782726 0.049129815772175796 -0.63333335518836964 0.98638841509819042 0.68585437536239635 0.33217075467109686
decision_type=10 10 10 10 10 10 10 10 10 2 10 10 8 8 8 10 2 8 10 10 2 2 10 8 10 10 2 10 10 10
left_child=1 12 7 5 6 21 29 8 9 10 -3 24 -1 -11 -6 -16 18 -18 -9 -8 -19 -4 23 -2 -10 -13 -25 -24 -29 -5
right_child=22 2 3 4 14 -7 19 16 11 13 -12 25 -14 -15 15 -17 17 20 -20 -21 -22 -23 27 26 -26 -27 -28 28 -30 -31
leaf_value=9.1171739174256998e-05 -0.0025832299224489573 -0.0037561132067383562 0.019872021440274105 0.0015933192115064635 0.0018494125468529747 0.00070100597843335841 0.0017282447162700189 -0.0020704641564674854 0.002246515407361511 -0.0024374403295291344 -0.0002140265950061364 0.0031725960512165195 0.0015505760312505871 -0.00029942382341088906 0.013383850181912899 -0.0021277082837718045 0.0022331806888257464 -0.0042757047451166602 -0.012801473692623005 -0.00017628300085599608 -0.00054058982675128284 0.0030394216649882828 -0.0017888184162438846 0 -0.0010538452738105609 -0.0061349955256848315 0.014476239684871304 0.01110675979344662 0 -0.0022896945969125677
leaf_weight=43588 131 7583 333 2147 1444 635 15825 773 13859 7740 5294 408 26496 98111 611 129 2428 5719 575 18229 3698 227 916 160 3112 1083 627 547 648 10287
leaf_count=43588 131 7583 333 2147 1444 635 15825 773 13859 7740 5294 408 26496 98111 611 129 2428 5719 575 18229 3698 227 916 160 3112 1083 627 547 648 10287
internal_value=-1.45592e-05 -6.54384e-05 -0.000316485 0.000480693 0.000305093 0.00726314 7.99839e-05 -0.000582852 -0.000411214 -0.000664368 -0.00232574 0.00119953 0.000647479 -0.000459024 0.00491639 0.0103002 -0.00234164 -0.00177677 -0.00698739 0.000700448 -0.00284499 0.0139061 0.00439859 0.00917473 0.00162314 -0.00338122 0.0115192 0.00211422 0.00533311 -0.00159364
internal_weight=273363 270334 200250 49867 48672 1195 46488 150383 137190 118728 12877 18462 70084 105851 2184 740 13193 11845 1348 34054 9417 560 3029 918 16971 1491 787 2111 1195 12434
internal_count=273363 270334 200250 49867 48672 1195 46488 150383 137190 118728 12877 18462 70084 105851 2184 740 13193 11845 1348 34054 9417 560 3029 918 16971 1491 787 2111 1195 12434
is_linear=0
shrinkage=0.03


Tree=20
num_leaves=31
num_cat=0
split_feature=32 138 81 33 44 41 78 29 35 17 15 3 23 143 1 141 12 4 78 158 17 39 114 57 49 60 32 1 20 33
split_gain=61.6314 54.3493 64.1743 47.2849 93.8222 49.9122 56.4888 47.8458 66.2066 71.4993 73.762 56.4824 60.3853 50.0431 48.2188 45.2686 49.7798 50.9671 43.9795 47.1726 40.8648 40.8096 40.2606 43.7125 39.1026 38.1708 37.774 39.9247 37.3611 36.9356
threshold=-0.0049950752872973672 0.50348633527755748 0.61666667461395275 0.37253709137439733 1.0405647158622744 0.049065001308918006 0.30000000447034841 -0.00043847461347468192 0.77011916041374218 1.0515838861465456 0.93527352809906017 0.017324396409094337 0.015690250322222713 0.72690775990486156 0.055469902232289321 0.98158955574035656 1.0033889412879946 0.076922725886106505 0.30000000447034841 -0.0011345586390234528 0.76144650578498851 -0.020565050654113289 0.47727282345294958 1.1176471114158633 0.94403332471847545 0.93210813403129589 -0.0034855571575462814 0.014204510953277351 0.99069043993949901 0.90089738368988048
decision_type=8 8 2 8 8 10 10 10 10 10 8 10 10 10 8 10 10 10 10 10 8 10 10 10 10 10 10 10 8 10
left_child=1 -1 -3 4 26 7 15 8 9 24 -11 18 -13 -14 21 -7 17 -17 19 -9 -6 -10 -22 28 -5 -20 -2 -28 -24 -4
right_child=3 2 29 5 20 6 -8 11 14 10 -12 12 13 -15 -16 16 -18 -19 25 -21 22 -23 23 -25 -26 -27 27 -29 -30 -31
leaf_value=-0.0047425732090808099 0.003502562648746843 0.00011414217621477061 0.0067210189379590963 -0.0038434354270428964 0.0031517527952988384 0 0.0013366933222821505 0.0020549261530349128 -0.0056703883880859715 0.0096538849223628941 -0.0019917911546482067 -0.00046669679082509487 0.011639475291364448 -0.00097442153437541582 0.010362697375214239 -0.0014150190378395368 0.0027260755562847527 -0.0095600643091094187 0.0037848463838840401 -0.00064336435607011762 -0.001648999167100824 0.0016109854756514547 -0.0031234130571844115 0.0022791617278654854 0.00044302116900467856 0.0010229295562441711 0.000788531430574642 -0.00074358764824717413 -0.0085476182231167645 -0.00071417355336543878
leaf_weight=807 2651 3535 3827 1989 1268 2030 2940 7411 693 471 26580 910 1233 307 534 1145 503 2229 5346 26965 23760 14278 3092 690 37973 33199 25093 38949 2132 624
leaf_count=807 2651 3535 3827 1989 1268 2030 2940 7411 693 471 26580 910 1233 307 534 1145 503 2229 5346 26965 23760 14278 3092 690 37973 33199 25093 38949 2132 624
internal_value=-1.80281e-05 0.0024486 0.00322278 -0.000101382 -0.000626381 0.000204279 -0.00198111 0.000328868 -0.00016719 -0.000579287 -0.00177096 0.000875844 0.00535692 0.00895232 0.00159303 -0.00368198 -0.00557438 -0.00690898 0.000719748 -5.20709e-05 -0.00199115 0.00124681 -0.00222299 -0.00446517 0.000220355 0.00141554 2.71113e-06 -0.00013853 -0.00541849 0.00561302
internal_weight=273164 8793 7986 264371 97635 166736 8847 157889 82518 67013 27051 75371 2450 1540 15505 5907 3877 3374 72921 34376 30942 14971 29674 5914 39962 38545 66693 64042 5224 4451
internal_count=273164 8793 7986 264371 97635 166736 8847 157889 82518 67013 27051 75371 2450 1540 15505 5907 3877 3374 72921 34376 30942 14971 29674 5914 39962 38545 66693 64042 5224 4451
is_linear=0
shrinkage=0.03


Tree=21
num_leaves=31
num_cat=0
split_feature=16 26 33 32 42 39 15 33 25 17 86 60 14 86 41 0 115 17 24 38 20 7 3 80 38 4 41 57 59 73
split_gain=68.2664 49.0865 52.9804 53.2021 76.7528 51.2872 53.8795 59.5307 53.1555 50.7893 49.7708 48.2319 54.3589 43.8756 41.591 41.4704 40.2838 38.8509 37.4396 36.499 35.8881 35.5032 33.0103 41.6508 36.6766 32.4049 34.0214 32.3071 30.7659 31.3247
threshold=1.2394970059394839 0.021648212336003784 0.26178121566772466 -0.0036323501262813802 -0.0016465605585835872 0.01746934745460749 1.1475881934165957 0.83901411294937145 0.033671133220195777 1.0503394007682803 0.81666666269302379 0.85410505533218395 0.9111917018890382 -0.58333334326744068 0.049065001308918006 -0.0025608373107388611 0.43624161183834081 0.7380579710006715 0.059231083840131767 -0.0011431621387600897 1.0621626973152163 -0.030769309028983113 0.0072231567464768895 0.12500000372529033 -0.0017722192569635806 0.063830245286226286 0.020130260847508911 0.90855976939201366 1.0015810132026675 0.30000000447034841
decision_type=10 10 8 10 10 10 10 10 10 10 2 10 8 2 10 10 10 8 10 10 10 8 10 2 10 10 10 10 8 8
left_child=1 21 3 4 18 8 7 15 9 14 -9 27 -13 16 -4 -7 -6 25 -3 -11 -8 -1 24 -24 -19 -5 -27 -10 -23 -30
right_child=-2 2 5 17 13 6 20 10 11 19 -12 12 -14 -15 -16 -17 -18 22 -20 -21 -22 28 23 -25 -26 26 -28 -29 29 -31
leaf_value=-0.0068575845449658961 0.0044402011383465178 -0.0063166006893533811 0.00055530097102261323 -0.0027719978102771882 0.0038373093630211259 -0.0090524115589206196 0.013678094980041853 -0.00069354836741419195 -0.00066519990653114561 -4.6198466359095818e-05 0.0069138534505445177 0.0047859189456537794 0.0009953088260417943 0.001146130711091025 -0.0048278017745648286 -0.0025964390144204031 0.014815062850814652 0 0.010339644064307213 -0.0021373053415341152 0 0.00093423817224850842 -0.0061914443375870598 -0.0018909731671877168 -0.0019610370445160945 0.0039972839164344222 0.022422516334801912 -0.0096991175499471297 0.00058818327828304661 -0.0017169561742819963
leaf_weight=552 3077 1155 46401 415 1016 1035 305 4409 1284 14524 909 3886 30843 2403 1300 9298 506 14904 105 16239 455 64087 2852 8291 20001 787 100 525 12509 9058
leaf_count=552 3077 1155 46401 415 1016 1035 305 4409 1284 14524 909 3886 30843 2403 1300 9298 506 14904 105 16239 455 64087 2852 8291 20001 787 100 525 12509 9058
internal_value=1.06169e-05 -3.90497e-05 -0.000316912 -0.00112198 0.00173212 2.76767e-06 -0.00156274 -0.00195856 0.00022901 -0.000207908 0.000571608 0.00117508 0.0014306 0.0038391 0.000400346 -0.00328831 0.00782631 -0.00144144 -0.00455434 -0.00116046 0.00604524 0.000550315 -0.00159095 -0.00302765 -0.00112224 0.00356331 0.00685393 -0.0035284 0.000603147 -0.000366757
internal_weight=273231 270154 183948 52535 5185 131413 16411 15651 115002 78464 5318 36538 34729 3925 47701 10333 1522 47350 1260 30763 760 86206 46048 11143 34905 1302 887 1809 85654 21567
internal_count=273231 270154 183948 52535 5185 131413 16411 15651 115002 78464 5318 36538 34729 3925 47701 10333 1522 47350 1260 30763 760 86206 46048 11143 34905 1302 887 1809 85654 21567
is_linear=0
shrinkage=0.03


Tree=22
num_leaves=31
num_cat=0
split_feature=32 138 1 137 47 35 13 42 23 67 34 28 33 9 24 161 50 115 10 118 61 23 4 11 36 114 153 17 40 0
split_gain=56.1525 49.8901 87.8328 49.7809 48.3695 55.3787 60.8951 50.3175 49.1174 46.5462 42.017 52.8542 48.4096 41.6307 51.1016 74.2932 64.8058 65.4128 41.0025 43.2319 40.5473 44.5671 38.0301 37.8464 51.6248 37.457 37.0849 35.9378 33.9387 82.1203
threshold=-0.0046467320062220088 0.8068063259124757 0.070059292018413558 0.98083889484405529 1.0944131016731264 0.46341206133365637 1.1147735714912417 -0.091821700334548936 0.010607753880321981 0.058578431606292732 0.093499321490526213 0.010353952180594208 0.55903378129005443 0.96343693137168895 0.038074484094977386 1.253357529640198 0.89775463938713085 0.74207225441932689 1.0058479905128481 0.53608214855194103 0.98371231555938732 0.015588666312396528 0.42857222259044653 0.98858919739723217 0.30889032781124121 0.65116336941719066 -0.038301508873701089 0.70519569516181957 -0.02971203904598951 -0.03683566860854625
decision_type=10 8 10 8 8 10 10 10 8 10 10 10 8 10 10 10 10 10 8 10 10 10 10 10 10 10 10 10 10 10
left_child=1 2 18 -3 13 6 9 8 -7 23 25 12 -12 14 16 -16 17 27 -1 -20 21 -11 -10 24 -6 -9 -24 -2 -15 -30
right_child=4 3 -4 -5 5 7 -8 10 22 20 11 -13 -14 28 15 -17 -18 -19 19 -21 -22 -23 26 -25 -26 -27 -28 -29 29 -31
leaf_value=0.0029568569314354434 0.018478903044978606 0.0056582203606111471 0.012570543499191015 0.00039754567599687373 -8.0968714733387588e-05 0.016867750015527264 -0.010041691943058938 0.0011973744179546168 0.0037779654224621537 -0.0028871329412218203 -0.0012523198988121172 -0.0058520424829227955 0.00069443608109618651 0.0022016148142326502 -0.020338432889322702 0 -0.0078509833245994313 -0.0070419626934219055 -0.0086172511000726093 -0.0008637005356782431 0.00010280037214944241 0 -0.0098211234332699748 -0.0020665456048805427 -0.01111565910113867 0.011289335507991863 0.0028286082934008594 0.0034769909502276311 -0.012827569126610696 0.00026218271594792293
leaf_weight=1132 212 4242 404 2824 677 212 687 9758 3269 11730 24812 1618 21196 8278 326 305 732 337 1015 2020 24970 8307 392 8603 1059 333 356 613 412 132031
leaf_count=1132 212 4242 404 2824 677 212 687 9758 3269 11730 24812 1618 21196 8278 326 305 732 337 1015 2020 24970 8307 392 8603 1059 333 356 613 412 132031
internal_value=-1.13039e-05 0.00202465 -0.000358221 0.00360513 -0.000103298 -0.000553896 -0.00123737 5.96983e-05 0.003214 -0.00111908 -0.000167259 -0.000544644 -0.000349015 0.000265752 -0.00352684 -0.0108232 -0.000851557 0.00336215 -0.0017374 -0.00359437 -0.000692671 -0.00169805 0.00233911 -0.00294141 -0.00703316 0.00158175 -0.00349316 0.00803318 0.000336426 0.000217268
internal_weight=272862 11637 4571 7066 261225 117979 56033 61946 4229 55346 57717 47626 46008 143246 2525 631 1894 1162 4167 3035 45007 20037 4017 10339 1736 10091 748 825 140721 132443
internal_count=272862 11637 4571 7066 261225 117979 56033 61946 4229 55346 57717 47626 46008 143246 2525 631 1894 1162 4167 3035 45007 20037 4017 10339 1736 10091 748 825 140721 132443
is_linear=0
shrinkage=0.03


Tree=23
num_leaves=31
num_cat=0
split_feature=16 26 10 39 25 115 51 81 33 33 112 31 11 10 82 39 87 15 2 40 48 38 83 30 33 82 33 20 110 92
split_gain=53.467 47.2565 60.2971 51.4719 48.8186 63.1606 63.9368 85.79 54.5951 44.7857 39.5292 47.095 41.578 38.7326 38.5501 35.7633 33.3294 30.7334 33.2624 34.0551 30.779 60.9548 29.6983 29.4026 32.6811 29.018 28.838 25.4506 21.241 21.6928
threshold=1.2394970059394839 0.021769763901829723 1.0355787277221682 0.01746934745460749 0.031176520511507991 0.74207225441932689 0.83511987328529369 0.61666667461395275 0.61297926306724559 0.93920072913169872 0.11952380836009981 0.0058390484191477307 0.99791589379310619 1.0159046053886416 0.50833332538604747 0.0061392856296151885 0.39166666567325598 1.1475881934165957 -0.22068314999341962 0.049120288342237479 0.85566958785057079 -0.0022325438912957902 0.30000000447034841 -0.0071641574613749972 0.96601486206054699 0.19166667014360431 0.88040038943290722 1.0356745123863222 0.15192308276891711 0.63749241828918468
decision_type=10 8 10 10 10 10 10 2 8 10 2 10 10 10 2 10 2 10 10 10 10 10 10 10 10 2 10 10 2 10
left_child=1 2 15 4 10 6 7 -6 -8 13 11 12 -3 -7 -13 16 -1 18 19 -5 21 -20 -19 24 -2 -17 -22 -4 29 -12
right_child=23 3 27 17 5 9 8 -9 -10 -11 28 14 -14 -15 -16 25 -18 22 20 -21 26 -23 -24 -25 -26 -27 -28 -29 -30 -31
leaf_value=-0.00013202296849320068 0.0069650912867116506 -0.00096845877254465461 -0.01368881187154368 -0.0079257845429395873 0.0020641582363778556 -0.0047210646032048347 -0.00054437649588911369 0.011140281421035819 0.0015433834783221041 0.0062121943061137696 0.0016246211198940568 0 0.00079621993096660234 0.00094913598517827071 -0.017925311728673666 0.00016704219243581739 0.0013996878024746823 0 0.002797110597773387 0.004232712200867475 -0.0018308027933984187 -0.015679168157279492 0.0094016545642144882 -0.00011931471208436945 -0.0071838045902025529 0.0025354114171332043 0.0011510416998616235 0 -7.5661400375646136e-05 0.0074492527255530109
leaf_weight=47471 1976 72602 357 1351 8489 3948 24197 1065 20872 459 5238 183 14196 1372 241 7526 17345 929 226 197 16640 365 395 947 122 13537 3395 153 6426 683
leaf_count=47471 1976 72602 357 1351 8489 3948 24197 1065 20872 459 5238 183 14196 1372 241 7526 17345 929 226 197 16640 365 395 947 122 13537 3395 153 6426 683
internal_value=2.92364e-05 -1.44048e-05 0.00056289 -0.000287899 -9.32387e-05 0.000577207 0.000896955 0.00312838 0.000416093 -0.00238599 -0.000503001 -0.000729978 -0.000676269 -0.00320449 -0.0105233 0.000628281 0.000273547 -0.00159915 -0.00187287 -0.0061529 -0.00153147 -0.0082625 0.00272142 0.00396961 0.00594061 0.00170436 -0.00130992 -0.00949062 0.00107474 0.00236982
internal_weight=272903 269858 86389 183469 159971 60402 54623 9554 45069 5779 99569 87222 86798 5320 424 85879 64816 23498 22174 1548 20626 591 1324 3045 2098 21063 20035 510 12347 5921
internal_count=272903 269858 86389 183469 159971 60402 54623 9554 45069 5779 99569 87222 86798 5320 424 85879 64816 23498 22174 1548 20626 591 1324 3045 2098 21063 20035 510 12347 5921
is_linear=0
shrinkage=0.03


Tree=24
num_leaves=31
num_cat=0
split_feature=32 138 25 102 35 60 67 33 29 10 40 131 137 38 73 51 33 158 121 124 40 32 43 39 40 11 51 39 76 76
split_gain=57.6731 56.1951 47.4114 48.3939 50.4776 56.7233 47.0341 45.3233 51.0786 49.1907 53.6671 47.739 43.9491 54.0867 45.8058 52.9321 42.3926 40.6007 47.6799 42.9393 39.0189 44.4379 37.1137 35.8116 37.1826 35.7089 32.3719 32.0556 31.8254 29.3975
threshold=-0.0049950752872973672 0.51958855986595165 0.012410786934196951 0.51887464523315441 0.47288516163825994 0.85410505533218395 0.033615820109844215 0.7057463824748994 0.017475886270403865 1.016392767429352 0.01477298140525818 0.62532722949981701 0.98083889484405529 -0.022880334407091137 0.90000000596046459 0.94229075312614452 0.96268773078918468 -0.0015021586441434918 0.42580065131187445 0.55963319540023815 0.024021998047828678 0.0046314259525388488 1.0096874237060549 -0.043640008196234696 -0.030976872891187664 0.97092422842979442 0.78793534636497509 0.0018865808960981669 0.41666667163372045 0.58333334326744091
decision_type=10 8 10 2 10 10 10 8 10 10 10 10 8 10 10 10 10 10 10 10 10 10 10 10 10 8 10 10 2 2
left_child=1 25 -2 4 6 -6 16 20 9 29 -11 -10 13 -3 15 26 -4 19 -19 -7 -5 -22 -23 28 -25 -1 -15 -17 -8 -9
right_child=2 12 3 7 5 17 23 8 11 10 -12 -13 -14 14 -16 27 -18 18 -20 -21 21 22 -24 24 -26 -27 -28 -29 -30 -31
leaf_value=0.0045637499896252929 0.00094795936495646008 0.018514447007867647 -0.0041457172688390779 0.00018916504531751079 -0.0066165763160838187 0.00072603835404539915 0 -0.00057585119583188082 -0.02212394371293485 0.0030426000365148397 0.012122284100309641 0 0.00029622673993027419 -0.0015822680366092494 -0.00064782546858880284 0.004888892477443312 0.0029201328185589084 -0.0019450106676818751 5.6193121736769681e-05 0.0076154691246593529 -0.0020560224573410398 0 -0.023014840428473154 0.0013878419832993221 -0.00096577091331573523 -0.0082304689212294828 0.011089494998857035 -0.0029538444219060203 -0.017726889853168032 0.0021829975732740258
leaf_weight=226 33276 239 6568 30688 1139 31882 107 5352 130 3002 773 262 3409 155 1297 1347 799 13804 46478 828 2562 109 163 6497 69784 674 1493 648 192 9158
leaf_count=226 33276 239 6568 30688 1139 31882 107 5352 130 3002 773 262 3409 155 1297 1347 799 13804 46478 828 2562 109 163 6497 69784 674 1493 648 192 9158
internal_value=-2.43561e-05 0.00226967 -0.000108246 -0.000262244 -0.000498572 -1.83065e-05 -0.0010334 0.000538132 0.0017226 0.0019694 0.00503497 -0.0085977 0.00304011 0.00478044 0.00398352 0.00570883 -0.00333294 6.06915e-05 -0.000397582 0.000914146 -0.000113494 -0.00347432 -0.0147502 -0.00080745 -0.000761066 -0.00466224 0.00971313 0.00218856 -0.010911 0.00114536
internal_weight=273041 9488 263553 230277 178078 94131 83947 52199 18677 18285 3775 392 8588 5179 4940 3643 7367 92992 60282 32710 33522 2834 272 76580 76281 900 1648 1995 299 14510
internal_count=273041 9488 263553 230277 178078 94131 83947 52199 18677 18285 3775 392 8588 5179 4940 3643 7367 92992 60282 32710 33522 2834 272 76580 76281 900 1648 1995 299 14510
is_linear=0
shrinkage=0.03


Tree=25
num_leaves=31
num_cat=0
split_feature=42 26 38 3 69 26 10 13 23 1 101 54 113 30 115 62 64 75 41 38 47 14 15 35 60 110 11 3 36 138
split_gain=51.6169 45.408 50.2424 66.0395 58.1036 54.3471 47.4469 46.2545 42.5021 45.7722 49.7954 41.7703 49.3541 49.2188 58.5245 52.6303 37.8403 37.4088 67.8461 62.5842 47.6514 37.6588 35.9219 34.5022 34.394 48.2101 32.7235 31.1432 29.9032 29.5217
threshold=-0.091821700334548936 0.021892795339226726 -0.0010117877391166983 0.02461957931518555 0.6428574025630952 0.081169772893190398 1.0355787277221682 1.1147735714912417 0.007984968367964031 0.057770330458879478 0.36515152454376226 1.0914071202278139 0.25454591214656835 -0.00041884022357407952 0.74840733408927929 0.96696290373802196 0.4083333313465119 0.87500000000000011 0.019355797208845619 -0.01138774026185274 1.1093763709068301 1.0313172340393069 1.0377556681632998 0.44899240136146551 1.0680215954780581 -0.15192308276891706 0.99611195921897899 0.012437766883522274 0.81396800279617321 0.68535348773002636
decision_type=10 10 10 10 10 10 10 10 8 10 2 10 10 10 10 10 10 2 10 8 10 10 10 10 10 2 10 10 10 10
left_child=8 6 3 17 -5 23 16 11 -1 24 -11 13 -13 15 -15 -4 27 18 19 -3 21 -19 -9 -6 25 -10 -22 -2 -20 -26
right_child=1 2 7 4 5 -7 -8 22 9 10 -12 12 -14 14 -16 -17 -18 20 28 -21 26 -23 -24 -25 29 -27 -28 -29 -30 -31
leaf_value=0.020585910889261868 1.6361426192583935e-05 -0.0025873623112518621 -0.0037575612683715992 0.00066882971541209276 0.016577250043715616 0.032285166451735285 -0.008304263134599494 -0.023031148535118205 0.0054867622190335101 0.017948195169012273 0.0035565454538638063 0.00088568411992927915 0.013208261652546406 0.00032344091923793667 -0.0030892356262249834 -0.0010208415733888381 0.001147412453381988 -0.00040539552735576335 0.0020018373622200211 0.00049352473665324693 -0.0059834061019527077 0.014094727151785735 -0.0024244545882664433 0 -0.012419680985712002 -0.00057744400075471181 0 -0.0057580904636476702 0.0067261716699196705 -0.0006447380021259915
leaf_weight=100 37095 6893 7568 626 181 114 518 129 2152 296 1010 1375 377 39308 5086 42764 49276 16927 9338 41722 2486 142 249 213 239 2405 1232 838 1468 1005
leaf_count=100 37095 6893 7568 626 181 114 518 129 2152 296 1010 1375 377 39308 5086 42764 49276 16927 9338 41722 2486 142 249 213 239 2405 1232 838 1468 1005
internal_value=5.03123e-05 -1.65511e-05 -0.000292696 0.000254202 0.00738516 0.0147546 0.000540896 -0.000755048 0.00255218 0.00219928 0.00726612 -0.000709468 0.00382574 -0.000797305 -6.19929e-05 -0.00143963 0.000598765 0.000147828 0.000534244 4.96407e-05 -0.000941803 -0.000250857 -0.0110146 0.00764298 0.00098598 0.00223224 -0.0040153 -0.000106268 0.00268259 -0.00330503
internal_weight=273132 265925 178198 81342 1134 508 87727 96856 7207 7107 1306 96478 1752 94726 44394 50332 87209 80208 59421 48615 20787 17069 378 394 5801 4557 3718 37933 10806 1244
internal_count=273132 265925 178198 81342 1134 508 87727 96856 7207 7107 1306 96478 1752 94726 44394 50332 87209 80208 59421 48615 20787 17069 378 394 5801 4557 3718 37933 10806 1244
is_linear=0
shrinkage=0.03


Tree=26
num_leaves=31
num_cat=0
split_feature=16 46 27 13 86 36 85 40 137 142 26 43 120 15 77 38 38 33 30 141 32 103 36 122 42 33 11 87 5 137
split_gain=61.5444 46.5916 60.7011 58.7348 57.2591 57.4413 53.7957 52.5434 51.6781 42.2793 38.7018 34.7852 35.3291 48.7806 36.2354 33.8541 39.5892 31.3461 32.2401 31.0047 29.4282 29.1391 28.4614 29.5782 28.6903 29.5963 28.4024 29.1214 27.1788 26.5375
threshold=1.2394970059394839 1.0748502612113955 0.090825200080871596 0.96219399571418773 -0.58333334326744068 0.8265923559665681 -0.57500001788139332 -0.02971203904598951 0.55856671929359447 1.5658825039863589 0.078470587730407729 1.0034512877464297 0.25574485957622534 0.78758910298347484 0.091666668653488173 0.00011532206190167928 -0.022880334407091137 0.97387737035751354 -0.010216695722192524 0.92920014262199413 -0.0034201989183202382 0.36666667461395269 0.84895551204681408 0.48010353744030004 -0.0013130782172083853 0.63495838642120372 0.99795505404472362 -0.39166666567325586 0.0095133255235850828 1.0012832880020144
decision_type=10 8 10 8 2 10 2 10 10 8 10 10 10 8 2 10 8 10 10 10 10 2 10 10 10 10 10 2 10 10
left_child=1 7 3 -3 6 -6 -4 22 15 -7 -8 20 19 -14 -15 16 -5 18 29 -13 -9 -17 23 24 -1 -26 -25 -28 -21 -2
right_child=17 2 4 8 5 9 10 11 -10 -11 -12 12 13 14 -16 21 -18 -19 -20 28 -22 -23 -24 26 25 -27 27 -29 -30 -31
leaf_value=0.0015978202937838408 0.010820878609349497 -0.0044008373149284179 0.0020155993972862983 -0.0083935408258198774 -0.0010196888948813614 0.016629406363808934 0.012302508731099948 0.0072436752563278224 0.00049150684621746714 -0.0030088203563636558 -0.0025028219530244633 0.0012229425649685111 0.018607218468678185 -0.00078947578210752305 0.00036705667586176547 -0.0054818135590125085 -0.0002576664281460757 -0.0097479206558671733 0.0017456274731067285 -0.0041008247012354893 0.0010154628973303927 -0.0015451072442427554 0.0075431054366188657 0.005263901197650963 -0.0079143250134016928 0.0029414964251360562 -0.0058462355572853732 0.0039227318695259005 0.00054148843045123869 0.00016201803967237348
leaf_weight=2350 999 3837 2339 531 4924 282 996 705 26862 104 143 1939 108 32774 94563 1863 32875 106 1584 4736 22476 28371 957 2804 681 272 478 581 1342 339
leaf_count=2350 999 3837 2339 531 4924 282 996 705 26862 104 143 1939 108 32774 94563 1863 32875 106 1584 4736 22476 28371 957 2804 681 272 478 581 1342 339
internal_value=1.08879e-05 -3.58806e-05 -0.000538045 -0.000762529 0.001834 -7.36126e-05 0.00481595 0.000272883 -0.000604024 0.0107118 0.0101738 0.000150219 -3.14528e-05 8.79377e-05 6.69555e-05 -0.00107116 -0.000400909 0.00425078 0.00492339 -0.00196221 0.00122389 -0.00180106 0.00262542 0.00190777 -9.09391e-05 -0.00451082 0.00368565 -0.000235277 -0.00302821 0.00838339
internal_weight=272921 269893 103127 94339 8788 5310 3478 166766 90502 386 1139 158643 135462 127445 127337 63640 33406 3028 2922 8017 23181 30234 8123 7166 3303 953 3863 1059 6078 1338
internal_count=272921 269893 103127 94339 8788 5310 3478 166766 90502 386 1139 158643 135462 127445 127337 63640 33406 3028 2922 8017 23181 30234 8123 7166 3303 953 3863 1059 6078 1338
is_linear=0
shrinkage=0.03


Tree=27
num_leaves=31
num_cat=0
split_feature=32 38 8 47 42 5 77 38 14 1 73 118 37 40 40 14 50 102 33 40 25 40 12 49 32 81 14 55 1 27
split_gain=55.6749 44.5734 49.9952 43.7151 46.4461 58.7261 49.4195 44.4307 43.6366 47.5893 40.6822 60.3178 38.7633 38.2767 44.5701 37.9149 40.7935 40.1701 35.7415 35.3543 36.87 43.5492 57.3864 55.56 35.0019 34.7278 32.9018 36.9313 32.5917 42.5321
threshold=-0.0049950752872973672 -0.022880334407091137 0.83333358168602001 1.0944131016731264 -0.075341708958148942 0.0064777501393109569 0.34166666865348821 -0.01138774026185274 0.86524444818496715 0.03218387998640538 0.90000000596046459 0.27777560055255895 0.75054830312728893 0.029377172701060775 0.013363636098802091 0.97896850109100353 0.91666671633720409 0.51887464523315441 0.921093910932541 -0.056817302480339997 0.021421742625534538 -0.027883775532245633 1.0204320549964907 0.91011613607406627 -4.5112854422768571e-05 0.51666668057441723 1.0803909301757815 1.0662009716033938 0.036666689440608032 0.064387664198875441
decision_type=10 8 10 10 10 10 2 8 8 10 8 8 10 10 10 10 10 2 8 10 10 10 10 10 10 2 10 10 10 10
left_child=1 12 10 19 5 18 8 -8 9 -6 11 -3 -1 14 -9 17 -17 -10 -5 -2 28 25 23 -23 -15 -22 27 -7 29 -21
right_child=3 2 -4 4 6 26 7 13 15 -11 -12 -13 -14 24 -16 16 -18 -19 -20 20 21 22 -24 -25 -26 -27 -28 -29 -30 -31
leaf_value=0.0017628434431426134 0.0082067370882377699 0.011043121273353346 0.0071171382566519491 0.00046778855393996054 -5.1411556822240795e-05 -3.5468939399317673e-05 -0.0056354730625149804 -0.0015440167486908977 -0.0021342824725633001 0.023505317802444612 -0.0035342084057775006 0.0008842558309187042 0.022158622149809591 -0.0021234026240979256 0.0015009498413067392 0.0033549826769034151 -0.00016421521153075141 0.0039400895119829941 -0.0054980498013861134 0.00063282170092014548 0.0024100412108960831 0.0011707213042289656 -0.014703248068422678 -0.0010990145514427618 -0.0091150139993869533 -0.0065648388534916852 0.0016751426779636166 0.0093177467210720528 -0.0030306837314888406 0.005105953889774916
leaf_weight=221 485 573 1334 5179 113 429 2372 22988 13528 125 1506 5724 171 2217 5216 3104 57774 1006 1061 78398 6693 12663 241 40214 1012 377 2791 1431 2061 1965
leaf_count=221 485 573 1334 5179 113 429 2372 22988 13528 125 1506 5724 171 2217 5216 3104 57774 1006 1061 78398 6693 12663 241 40214 1012 377 2791 1431 2061 1965
internal_value=-5.09489e-06 0.00224403 0.00176599 -8.7751e-05 -0.000509961 0.00134741 -0.000697726 -0.0016527 -0.000266697 0.0120211 0.000796949 0.0018882 0.0120319 -0.00133922 -0.000969592 -0.000312631 1.13355e-05 -0.00168838 -0.000512997 0.000265257 0.000234999 -0.000326114 -0.000624921 -0.000549549 -0.0044496 0.00187198 0.00389915 0.00702347 0.000648356 0.000747172
internal_weight=272972 9529 9137 263443 120346 10891 109455 33805 75650 238 7803 6297 392 31433 28204 75412 60878 14534 6240 143097 142612 60188 53118 52877 3229 7070 4651 1860 82424 80363
internal_count=272972 9529 9137 263443 120346 10891 109455 33805 75650 238 7803 6297 392 31433 28204 75412 60878 14534 6240 143097 142612 60188 53118 52877 3229 7070 4651 1860 82424 80363
is_linear=0
shrinkage=0.03


Tree=28
num_leaves=31
num_cat=0
split_feature=19 49 59 86 3 19 46 38 126 14 58 52 39 79 81 85 91 51 21 118 27 130 59 35 24 125 42 96 82 69
split_gain=42.6339 77.5944 48.1006 47.7773 85.5054 82.6858 51.8711 51.8003 46.2177 50.726 49.5804 44.8542 42.4215 39.6738 42.1517 36.9628 46.6889 34.827 39.9935 33.6145 49.0228 32.1233 32.0428 31.7462 31.6776 31.6557 31.3098 30.698 30.0043 36.016
threshold=0.91697111725807201 0.8330044448375703 0.91861116886138927 0.81666666269302379 0.01792514976114035 0.95633137226104747 1.0106623172760012 -0.0015779093955643473 0.23308264464139941 0.91430118680000316 1.0006490945816042 0.74442970752716076 0.0073958784341812142 0.15000000223517421 0.28333334624767309 -0.72499999403953541 0.46647886931896215 0.86556467413902294 0.88162553310394298 0.15294096618890765 0.057213962078094489 0.48279753327369695 0.95259663462638866 0.42989021539688116 0.0374524723738432 0.30612230300903326 0.10417669266462327 0.24735680222511294 0.52500000596046459 0.74509695172309887
decision_type=8 8 10 2 10 8 8 10 10 8 8 10 8 2 2 2 10 10 10 10 10 10 10 10 10 10 10 10 2 10
left_child=11 2 15 5 28 13 12 17 9 -8 -10 21 22 19 26 -2 -17 18 -6 27 -21 -1 -7 -23 -9 -16 -15 -3 -5 -30
right_child=1 3 -4 4 7 6 8 24 10 -11 -12 -13 -14 14 25 16 -18 -19 -20 20 -22 23 -24 -25 -26 -27 -28 -29 29 -31
leaf_value=-0.014112859196904906 -0.0015799416413038885 0.0008039748033414571 -0.001356008736931664 0.0013740552323202549 0 -0.0032409249870615454 0.0052152799165913321 0.0066746253877371436 -0.0024880853179872261 -0.00010674796753316756 0.0015128095132139494 -0.013369318197075861 0.0034441482075532625 0.0033138163023295926 -0.0047176180295329878 0.015859616243351388 0 0 0.021797268888602655 0.012005198415414892 -0.0018948766820625787 0.015557461547276635 0.0011065475659362701 -0.00096296067748006294 -0.010384727061640373 -0.011838891843652964 -0.0082329193699222647 -0.0083840321854418507 -0.0077581519852440882 0
leaf_weight=113 158 663 405 16091 122 1817 1603 252 13811 208380 3378 421 6461 787 2744 722 199 145 430 402 422 107 8636 449 132 838 265 537 700 1976
leaf_count=113 158 663 405 16091 122 1817 1603 252 13811 208380 3378 421 6461 787 2744 722 199 145 430 402 422 107 8636 449 132 838 265 537 700 1976
internal_value=-3.1899e-05 -6.85659e-06 0.00678713 -4.57241e-05 0.00136883 -0.000158992 -6.76257e-05 0.00952294 -0.000188185 -6.41985e-05 -0.00168355 -0.00589974 0.0015322 -0.00345336 -0.00497838 0.0100857 0.0123968 0.0142925 0.0176311 0 0.00465481 -0.000512106 0.000317454 0.00212529 0 -0.00652339 2.5996e-05 -0.0031318 0.000873536 -0.00201272
internal_weight=273166 272076 1484 270592 19848 250744 244086 1081 227172 209983 17189 1090 16914 6658 4634 1079 921 697 552 2024 824 669 10453 556 384 3582 1052 1200 18767 2676
internal_count=273166 272076 1484 270592 19848 250744 244086 1081 227172 209983 17189 1090 16914 6658 4634 1079 921 697 552 2024 824 669 10453 556 384 3582 1052 1200 18767 2676
is_linear=0
shrinkage=0.03


Tree=29
num_leaves=31
num_cat=0
split_feature=33 44 31 38 14 36 39 27 86 40 87 137 9 61 58 41 161 39 39 75 32 135 24 48 43 141 42 26 30 120
split_gain=46.7802 73.7612 50.2246 61.1934 48.378 54.9264 48.25 55.2144 52.6203 48.2713 54.2911 44.7676 44.1234 44.0209 42.4236 47.8669 79.5914 41.5375 40.8649 53.7833 53.5938 43.3421 40.6808 38.9495 38.6292 39.8497 38.625 66.8398 44.0603 62.8472
threshold=0.37253709137439733 1.0387821793556216 -0.0068881371989846221 -0.0025094066513702269 0.9111917018890382 0.85210642218589794 0.027066319249570373 0.024393514730036262 0.71666666865348827 0.059400863945484168 0.24166666716337207 1.8710982203483584 0.96864730119705211 0.97298395633697521 0.96570879220962536 0.040241407230496413 -0.092449489980936037 -0.021075902506709095 -0.01747992821037769 0.92499998211860668 0.0051254860591143378 0.22790190577507022 0.030516575090587143 0.98794132471084606 1.0144404768943789 1.0329613685607912 0.10417669266462327 0.062932554632425322 0.0059067609254270801 0.26159188151359564
decision_type=8 8 8 10 8 10 10 10 2 10 2 10 10 10 8 10 10 10 10 2 10 10 10 10 10 10 10 10 10 10
left_child=1 4 3 11 5 -1 9 -8 -9 26 -11 24 -5 -14 -3 18 22 -15 19 -16 -21 -20 -17 -6 -2 -26 28 -28 -4 -30
right_child=2 14 6 12 23 -7 7 8 -10 10 -12 -13 13 17 15 16 -18 -19 21 20 -22 -23 -24 -25 25 -27 27 -29 29 -31
leaf_value=0.0084482963485118818 -0.00064502332557804217 0.0030446840747009032 0.0002319089324398009 0.0091855305321142909 -0.00047469484975837299 -0.0043985968090505716 0.010015223273928514 -0.0045051271284568878 0.002822935901486271 0.012569387666786853 -0.0031436830388612293 -0.0022986497543752192 -0.011542514429803793 -0.0097299829909780044 -0.0065302305719819936 0 -0.0042001155017000573 0.0017988979965820233 -0.0034764806212498455 -0.0015318970595251083 0.017012925631498085 -0.00082425772615459328 0.021732431523677594 0.0011919177876290915 0.0057769239382234527 0.016034319050433982 -0.0069943898438656112 0.0030348173307942752 -0.00053373016285724456 0.0047563220929530059
leaf_weight=1192 283 1625 149673 431 46561 350 275 4608 1022 573 247 349 292 298 3414 139 341 2301 7840 894 143 20534 245 17282 985 698 1631 874 3370 4692
leaf_count=1192 283 1625 149673 431 46561 350 275 4608 1022 573 247 349 292 298 3414 139 341 2301 7840 894 143 20534 245 17282 985 698 1631 874 3370 4692
internal_value=2.56899e-05 -0.000487401 0.000326383 0.00311072 0.000104314 0.00532129 0.000230221 -0.00242257 -0.0031165 0.000329633 0.007517 0.00684146 0.000395726 -0.000865736 -0.00159527 -0.00183062 0.00559032 0.000298247 -0.00200697 -0.00470853 0.00101509 -0.00156959 0.0148045 -1.86211e-05 0.00862186 0.0103455 0.000290047 -0.00338004 0.000350655 0.00251206
internal_weight=273162 100560 172602 5637 65385 1542 166965 5905 5630 161060 820 2315 3322 2891 35175 33550 725 2599 32825 4451 1037 28374 384 63843 1966 1683 160240 2505 157735 8062
internal_count=273162 100560 172602 5637 65385 1542 166965 5905 5630 161060 820 2315 3322 2891 35175 33550 725 2599 32825 4451 1037 28374 384 63843 1966 1683 160240 2505 157735 8062
is_linear=0
shrinkage=0.03


Tree=30
num_leaves=31
num_cat=0
split_feature=37 56 14 35 22 12 33 27 41 48 25 95 4 30 2 8 120 7 50 22 31 41 118 8 47 126 69 40 15 23
split_gain=48.6419 51.342 63.0032 50.4657 50.8156 54.7234 50.11 77.895 49.8918 48.818 48.6723 42.4594 40.998 49.552 38.0073 38.9815 45.0182 50.5623 54.1094 47.2019 36.7966 41.1094 39.661 39.5125 36.0477 44.5953 51.4419 35.7488 34.7557 34.6752
threshold=0.71750915050506603 0.90283629298210155 0.89384698867797863 0.69508990645408641 0.92040511965751659 0.98570287227630626 0.37253709137439733 0.033682186156511314 0.0037825949257239704 0.94057545065879833 0.10755652561783792 0.14510496705770495 0.6438698172569276 0.0051583009772002706 0.88888832926750194 -0.44270911812782282 0.68589755892753612 -0.017250088974833485 0.979474037885666 1.1770015358924868 -0.0072037959471344939 0.046067330986261375 0.18032749742269519 -0.86666825413703907 1.1392666101455691 -0.12962974607944486 0.32558155059814459 -0.056817302480339997 1.0191525220870974 0.005838297540321947
decision_type=8 8 8 10 10 10 8 8 10 10 10 10 10 10 8 10 10 10 10 10 8 8 8 10 10 10 10 8 10 8
left_child=1 -1 3 9 5 -5 7 8 -4 -3 14 -11 29 -14 15 16 19 18 -18 27 23 28 -23 -8 -17 26 -26 -2 -22 -9
right_child=10 2 6 4 -6 -7 20 12 -10 11 -12 -13 13 -15 -16 24 17 -19 -20 -21 21 22 -24 -25 25 -27 -28 -29 -30 -31
leaf_value=-0.0081552500847253111 0.0085198325841477698 0.0031456165529936053 -0.00074485023199930694 -0.010390061841176992 -0.012923848693369834 0.0060018441624747516 0.013902347554692824 0.00076359848326046093 0.0015419279862116039 0.0039150125056804314 0.016027094781388862 0.022383589859984343 -0.004086968633026657 -0.019887292128622804 0.0037410426329510405 0.0007395667310375728 -0.015436007302786034 0.0021070356456889309 -0.0021050443105050652 0.013747850073013308 0.00060186773198158447 -0.0044517312514324248 0.00083799923530091934 0.0020955221851283643 -0.0023511453241176605 -0.0039020073737247724 0.0011777637225325048 0.0016915587132297185 -0.00043925662530147158 -0.0018926832632981208
leaf_weight=711 732 883 21707 200 207 905 300 4937 14130 254 168 311 1921 197 3445 24874 319 2174 1979 306 69442 3427 1882 1884 6254 3791 9031 15715 49075 32366
leaf_count=711 732 883 21707 200 207 905 300 4937 14130 254 168 311 1921 197 3445 24874 319 2174 1979 306 69442 3427 1882 1884 6254 3791 9031 15715 49075 32366
internal_value=2.12376e-05 -0.000209528 -0.000179572 0.00430013 0 0.00263635 -0.000242914 -0.000855824 0.000148783 0.00812137 0.000712306 0.0150114 -0.00177631 -0.0058692 0.000665781 0.000497531 0.00155272 -0.00107256 -0.00420224 0.00227183 0.000120836 4.99846e-05 -0.00252416 0.00396489 -5.70667e-06 -0.000992967 -0.000247706 0.00202366 0.000168231 -0.00153287
internal_weight=273527 204739 204028 2760 1312 1105 201268 75258 35837 1448 68788 565 39421 2118 68620 65175 21225 4472 2298 16753 126010 123826 5309 2184 43950 19076 15285 16447 118517 37303
internal_count=273527 204739 204028 2760 1312 1105 201268 75258 35837 1448 68788 565 39421 2118 68620 65175 21225 4472 2298 16753 126010 123826 5309 2184 43950 19076 15285 16447 118517 37303
is_linear=0
shrinkage=0.03


end of trees

feature_importances:
RSQR5=36
KLEN=27
RESI20=26
RESI5=22
IMXD30=22
ROC30=21
STD5=19
STD20=19
RSQR30=19
STD30=18
RESI30=18
STD60=17
RESI60=17
RESI10=16
BETA60=15
RSQR20=14
ROC10=13
SUMN20=13
HIGH0=12
ROC20=12
BETA20=12
MIN30=12
QTLD20=12
IMIN5=12
LOW0=11
ROC60=11
STD10=11
MIN10=11
SUMP20=11
WVMA5=11
KMID=10
MA5=10
RSQR10=10
MIN20=10
QTLU20=10
RSQR60=9
QTLU5=9
IMIN60=9
KUP=8
ROC5=8
MAX60=8
IMIN30=8
IMXD60=8
WVMA20=8
KUP2=7
BETA10=7
MIN5=7
IMIN20=7
KMID2=6
VWAP0=6
MAX5=6
MAX30=6
MIN60=6
QTLU30=6
QTLD10=6
RSV30=6
IMAX5=6
IMAX60=6
IMXD20=6
CNTP60=6
SUMN5=6
SUMD30=6
VSTD60=6
KLOW2=5
KSFT2=5
MA20=5
MA60=5
BETA30=5
MAX10=5
QTLU60=5
QTLD5=5
RSV10=5
IMAX30=5
IMXD10=5
CNTD20=5
SUMP10=5
ORC_SIGNED_IMPACT_SHOCK_20=5
ORC_VOLUME_CLIMAX_10=5
KLOW=4
OPEN0=4
MA10=4
QTLU10=4
SUMP5=4
SUMP60=4
SUMN60=4
SUMD20=4
KSFT=3
MA30=3
BETA5=3
MAX20=3
QTLD30=3
QTLD60=3
RANK60=3
RSV20=3
IMXD5=3
CORR30=3
CNTD5=3
CNTD60=3
SUMN10=3
WVMA30=3
RANK10=2
RANK20=2
RSV60=2
IMAX10=2
IMAX20=2
CORR60=2
CORD5=2
CORD60=2
CNTP30=2
CNTN5=2
SUMP30=2
SUMN30=2
SUMD5=2
VMA20=2
WVMA60=2
ORC_RETURN_PER_VOLUME_SURPRISE_20=2
IMIN10=1
CORR20=1
CORD10=1
CORD20=1
CORD30=1
CNTP20=1
CNTD10=1
SUMD10=1
VMA10=1
VMA30=1
VMA60=1
VSTD20=1
VSUMP5=1
VSUMN30=1
VSUMD5=1
ORC_IMPACT_CONCENTRATION_20=1

parameters:
[boosting: gbdt]
[objective: regression]
[metric: l2]
[tree_learner: serial]
[device_type: cpu]
[data_sample_strategy: bagging]
[data: ]
[valid: ]
[num_iterations: 500]
[learning_rate: 0.03]
[num_leaves: 31]
[num_threads: 12]
[seed: 20260813]
[deterministic: 1]
[force_col_wise: 1]
[force_row_wise: 0]
[histogram_pool_size: -1]
[max_depth: 7]
[min_data_in_leaf: 100]
[min_sum_hessian_in_leaf: 0.001]
[bagging_fraction: 0.8]
[pos_bagging_fraction: 1]
[neg_bagging_fraction: 1]
[bagging_freq: 1]
[bagging_seed: 20260813]
[bagging_by_query: 0]
[feature_fraction: 0.8]
[feature_fraction_bynode: 1]
[feature_fraction_seed: 20260813]
[extra_trees: 0]
[extra_seed: 13549]
[early_stopping_round: 0]
[early_stopping_min_delta: 0]
[first_metric_only: 0]
[max_delta_step: 0]
[lambda_l1: 10]
[lambda_l2: 20]
[linear_lambda: 0]
[min_gain_to_split: 0]
[drop_rate: 0.1]
[max_drop: 50]
[skip_drop: 0.5]
[xgboost_dart_mode: 0]
[uniform_drop: 0]
[drop_seed: 11866]
[top_rate: 0.2]
[other_rate: 0.1]
[min_data_per_group: 100]
[max_cat_threshold: 32]
[cat_l2: 10]
[cat_smooth: 10]
[max_cat_to_onehot: 4]
[top_k: 20]
[monotone_constraints: ]
[monotone_constraints_method: basic]
[monotone_penalty: 0]
[feature_contri: ]
[forcedsplits_filename: ]
[refit_decay_rate: 0.9]
[cegb_tradeoff: 1]
[cegb_penalty_split: 0]
[cegb_penalty_feature_lazy: ]
[cegb_penalty_feature_coupled: ]
[path_smooth: 0]
[interaction_constraints: ]
[verbosity: 1]
[saved_feature_importance_type: 0]
[use_quantized_grad: 0]
[num_grad_quant_bins: 4]
[quant_train_renew_leaf: 0]
[stochastic_rounding: 1]
[linear_tree: 0]
[max_bin: 255]
[max_bin_by_feature: ]
[min_data_in_bin: 3]
[bin_construct_sample_cnt: 200000]
[data_random_seed: 20260812]
[is_enable_sparse: 1]
[enable_bundle: 1]
[use_missing: 1]
[zero_as_missing: 0]
[feature_pre_filter: 1]
[pre_partition: 0]
[two_round: 0]
[header: 0]
[label_column: ]
[weight_column: ]
[group_column: ]
[ignore_column: ]
[categorical_feature: ]
[forcedbins_filename: ]
[precise_float_parser: 0]
[parser_config_file: ]
[objective_seed: 16743]
[num_class: 1]
[is_unbalance: 0]
[scale_pos_weight: 1]
[sigmoid: 1]
[boost_from_average: 1]
[reg_sqrt: 0]
[alpha: 0.9]
[fair_c: 1]
[poisson_max_delta_step: 0.7]
[tweedie_variance_power: 1.5]
[lambdarank_truncation_level: 30]
[lambdarank_norm: 1]
[label_gain: ]
[lambdarank_position_bias_regularization: 0]
[eval_at: ]
[multi_error_top_k: 1]
[auc_mu_weights: ]
[num_machines: 1]
[local_listen_port: 12400]
[time_out: 120]
[machine_list_filename: ]
[machines: ]
[gpu_platform_id: -1]
[gpu_device_id: -1]
[gpu_device_id_list: ]
[gpu_use_dp: 0]
[num_gpu: 1]

end of parameters

pandas_categorical:null
