tree
version=v4
num_class=1
num_tree_per_iteration=1
label_index=0
max_feature_idx=359
objective=regression
feature_names=CLOSE59 CLOSE58 CLOSE57 CLOSE56 CLOSE55 CLOSE54 CLOSE53 CLOSE52 CLOSE51 CLOSE50 CLOSE49 CLOSE48 CLOSE47 CLOSE46 CLOSE45 CLOSE44 CLOSE43 CLOSE42 CLOSE41 CLOSE40 CLOSE39 CLOSE38 CLOSE37 CLOSE36 CLOSE35 CLOSE34 CLOSE33 CLOSE32 CLOSE31 CLOSE30 CLOSE29 CLOSE28 CLOSE27 CLOSE26 CLOSE25 CLOSE24 CLOSE23 CLOSE22 CLOSE21 CLOSE20 CLOSE19 CLOSE18 CLOSE17 CLOSE16 CLOSE15 CLOSE14 CLOSE13 CLOSE12 CLOSE11 CLOSE10 CLOSE9 CLOSE8 CLOSE7 CLOSE6 CLOSE5 CLOSE4 CLOSE3 CLOSE2 CLOSE1 CLOSE0 OPEN59 OPEN58 OPEN57 OPEN56 OPEN55 OPEN54 OPEN53 OPEN52 OPEN51 OPEN50 OPEN49 OPEN48 OPEN47 OPEN46 OPEN45 OPEN44 OPEN43 OPEN42 OPEN41 OPEN40 OPEN39 OPEN38 OPEN37 OPEN36 OPEN35 OPEN34 OPEN33 OPEN32 OPEN31 OPEN30 OPEN29 OPEN28 OPEN27 OPEN26 OPEN25 OPEN24 OPEN23 OPEN22 OPEN21 OPEN20 OPEN19 OPEN18 OPEN17 OPEN16 OPEN15 OPEN14 OPEN13 OPEN12 OPEN11 OPEN10 OPEN9 OPEN8 OPEN7 OPEN6 OPEN5 OPEN4 OPEN3 OPEN2 OPEN1 OPEN0 HIGH59 HIGH58 HIGH57 HIGH56 HIGH55 HIGH54 HIGH53 HIGH52 HIGH51 HIGH50 HIGH49 HIGH48 HIGH47 HIGH46 HIGH45 HIGH44 HIGH43 HIGH42 HIGH41 HIGH40 HIGH39 HIGH38 HIGH37 HIGH36 HIGH35 HIGH34 HIGH33 HIGH32 HIGH31 HIGH30 HIGH29 HIGH28 HIGH27 HIGH26 HIGH25 HIGH24 HIGH23 HIGH22 HIGH21 HIGH20 HIGH19 HIGH18 HIGH17 HIGH16 HIGH15 HIGH14 HIGH13 HIGH12 HIGH11 HIGH10 HIGH9 HIGH8 HIGH7 HIGH6 HIGH5 HIGH4 HIGH3 HIGH2 HIGH1 HIGH0 LOW59 LOW58 LOW57 LOW56 LOW55 LOW54 LOW53 LOW52 LOW51 LOW50 LOW49 LOW48 LOW47 LOW46 LOW45 LOW44 LOW43 LOW42 LOW41 LOW40 LOW39 LOW38 LOW37 LOW36 LOW35 LOW34 LOW33 LOW32 LOW31 LOW30 LOW29 LOW28 LOW27 LOW26 LOW25 LOW24 LOW23 LOW22 LOW21 LOW20 LOW19 LOW18 LOW17 LOW16 LOW15 LOW14 LOW13 LOW12 LOW11 LOW10 LOW9 LOW8 LOW7 LOW6 LOW5 LOW4 LOW3 LOW2 LOW1 LOW0 VWAP59 VWAP58 VWAP57 VWAP56 VWAP55 VWAP54 VWAP53 VWAP52 VWAP51 VWAP50 VWAP49 VWAP48 VWAP47 VWAP46 VWAP45 VWAP44 VWAP43 VWAP42 VWAP41 VWAP40 VWAP39 VWAP38 VWAP37 VWAP36 VWAP35 VWAP34 VWAP33 VWAP32 VWAP31 VWAP30 VWAP29 VWAP28 VWAP27 VWAP26 VWAP25 VWAP24 VWAP23 VWAP22 VWAP21 VWAP20 VWAP19 VWAP18 VWAP17 VWAP16 VWAP15 VWAP14 VWAP13 VWAP12 VWAP11 VWAP10 VWAP9 VWAP8 VWAP7 VWAP6 VWAP5 VWAP4 VWAP3 VWAP2 VWAP1 VWAP0 VOLUME59 VOLUME58 VOLUME57 VOLUME56 VOLUME55 VOLUME54 VOLUME53 VOLUME52 VOLUME51 VOLUME50 VOLUME49 VOLUME48 VOLUME47 VOLUME46 VOLUME45 VOLUME44 VOLUME43 VOLUME42 VOLUME41 VOLUME40 VOLUME39 VOLUME38 VOLUME37 VOLUME36 VOLUME35 VOLUME34 VOLUME33 VOLUME32 VOLUME31 VOLUME30 VOLUME29 VOLUME28 VOLUME27 VOLUME26 VOLUME25 VOLUME24 VOLUME23 VOLUME22 VOLUME21 VOLUME20 VOLUME19 VOLUME18 VOLUME17 VOLUME16 VOLUME15 VOLUME14 VOLUME13 VOLUME12 VOLUME11 VOLUME10 VOLUME9 VOLUME8 VOLUME7 VOLUME6 VOLUME5 VOLUME4 VOLUME3 VOLUME2 VOLUME1 VOLUME0
feature_infos=[-5.4038181304931641:12.207799911499023] [-5.4630842208862305:12.317498207092285] [-5.552156925201416:12.828096389770508] [-5.543860912322998:11.230463981628418] [-5.5617179870605469:11.448848724365234] [-5.6241564750671387:11.414474487304688] [-5.6825575828552246:9.6098718643188477] [-5.657966136932373:9.3752841949462891] [-5.5993099212646484:11.028009414672852] [-5.6313424110412598:11.904008865356445] [-5.6268739700317383:14.104987144470215] [-5.6736459732055664:14.119842529296875] [-5.6078968048095703:13.772034645080566] [-5.3474845886230469:16.204652786254883] [-5.0301141738891602:14.807033538818359] [-5.0154285430908203:14.420330047607422] [-5.4409685134887695:12.201403617858887] [-5.6576046943664551:11.266861915588379] [-5.748682975769043:10.175777435302734] [-5.7619786262512207:9.7804374694824219] [-5.837033748626709:10.43333911895752] [-5.7729997634887695:12.606629371643066] [-5.8598322868347168:10.490278244018555] [-5.8949131965637207:12.366391181945801] [-6.0229306221008301:12.926149368286133] [-6.1776113510131836:15.240093231201172] [-6.156036376953125:12.846419334411621] [-6.1175355911254883:13.303590774536133] [-6.2611255645751953:15.902070999145508] [-6.491330623626709:18.839191436767578] [-6.5942034721374512:22.150033950805664] [-6.6824989318847656:25.889287948608398] [-6.9009256362915039:22.514554977416992] [-6.7733120918273926:19.431056976318359] [-6.7470202445983887:18.610666275024414] [-6.8720340728759766:19.165328979492188] [-6.9760775566101074:17.714389801025391] [-7.0796875953674316:15.677718162536621] [-7.4749898910522461:14.608213424682617] [-7.5138611793518066:16.016225814819336] [-7.5265936851501465:16.216730117797852] [-7.7491507530212402:15.659536361694336] [-8.1944398880004883:16.027450561523438] [-8.3186569213867188:14.761478424072266] [-8.5568714141845703:13.908934593200684] [-8.3141460418701172:16.388105392456055] [-7.9301848411560059:15.731110572814941] [-7.5947170257568359:14.221858024597168] [-8.3242588043212891:15.788053512573242] [-9.2431402206420898:16.472049713134766] [-9.4991426467895508:15.732405662536621] [-9.9160194396972656:13.491730690002441] [-10.473063468933105:13.854236602783203] [-10.574273109436035:16.66523551940918] [-10.056805610656738:18.256818771362305] [-9.4071807861328125:15.396571159362793] [-8.5168867111206055:12.600017547607422] [-7.2752594947814941:9.7437820434570312] [-5.7883028984069824:11.24958610534668] [0:1] [-5.3939027786254883:10.705911636352539] [-5.3801994323730469:10.959723472595215] [-5.4286031723022461:11.38120174407959] [-5.5680313110351562:10.736789703369141] [-5.5342550277709961:10.087675094604492] [-5.558952808380127:10.053220748901367] [-5.594970703125:9.4435482025146484] [-5.6583342552185059:9.4323110580444336] [-5.6505732536315918:9.6716413497924805] [-5.5674500465393066:9.3488006591796875] [-5.6290454864501953:12.511114120483398] [-5.6344051361083984:12.523300170898438] [-5.6714987754821777:12.193946838378906] [-5.5976228713989258:14.438279151916504] [-5.3190979957580566:13.691545486450195] [-5.0197815895080566:12.763317108154297] [-5.0082345008850098:12.066287040710449] [-5.4853944778442383:10.058550834655762] [-5.6640167236328125:9.9871940612792969] [-5.7586402893066406:8.8968601226806641] [-5.7868266105651855:8.7311592102050781] [-5.8147773742675781:11.030464172363281] [-5.7806525230407715:10.364409446716309] [-5.8425917625427246:10.789878845214844] [-5.8936858177185059:11.296235084533691] [-6.0248398780822754:13.41217041015625] [-6.1962108612060547:12.685262680053711] [-6.1465163230895996:11.593866348266602] [-6.1146559715270996:13.187936782836914] [-6.2870941162109375:16.678976058959961] [-6.497774600982666:19.713329315185547] [-6.5631170272827148:23.145591735839844] [-6.6829066276550293:22.194005966186523] [-6.9077982902526855:19.136722564697266] [-6.6785674095153809:16.363210678100586] [-6.7857351303100586:15.58949089050293] [-6.9262762069702148:17.248769760131836] [-6.9641542434692383:15.060530662536621] [-7.1025972366333008:15.738567352294922] [-7.4681973457336426:13.973452568054199] [-7.478858470916748:15.671545028686523] [-7.5521197319030762:15.950857162475586] [-7.7583436965942383:15.710830688476562] [-8.1823797225952148:16.01679801940918] [-8.4201278686523438:14.733643531799316] [-8.4783000946044922:13.729578971862793] [-8.1252670288085938:16.373483657836914] [-7.763270378112793:15.379834175109863] [-7.5328803062438965:14.280837059020996] [-8.3767480850219727:15.992692947387695] [-9.5014057159423828:16.661792755126953] [-9.5703029632568359:14.481954574584961] [-9.9364843368530273:13.725786209106445] [-10.522650718688965:10.901738166809082] [-10.593387603759766:13.379806518554688] [-9.7370462417602539:13.903392791748047] [-11.401833534240723:11.473542213439941] [-11.157689094543457:14.136837959289551] [-10.897046089172363:13.387150764465332] [-11.330784797668457:11.485442161560059] [-5.3820013999938965:12.364547729492188] [-5.4294228553771973:12.475584030151367] [-5.4694676399230957:12.552258491516113] [-5.5374393463134766:11.467157363891602] [-5.5535435676574707:11.189560890197754] [-5.5764822959899902:11.157842636108398] [-5.6358404159545898:9.7485008239746094] [-5.6567521095275879:9.3603830337524414] [-5.5977020263671875:10.770561218261719] [-5.5960569381713867:11.628432273864746] [-5.6298618316650391:13.794612884521484] [-5.6596841812133789:13.809728622436523] [-5.5593347549438477:13.465097427368164] [-5.357581615447998:15.858750343322754] [-5.0450444221496582:14.478733062744141] [-5.0299372673034668:14.091922760009766] [-5.0308094024658203:11.90185546875] [-5.5345115661621094:11.404111862182617] [-5.6715240478515625:10.971304893493652] [-5.6430082321166992:10.426162719726562] [-5.8330845832824707:10.159341812133789] [-5.7179265022277832:12.296684265136719] [-5.8336644172668457:10.210969924926758] [-5.8502101898193359:12.057721138000488] [-5.9448437690734863:12.601513862609863] [-6.107874870300293:14.864160537719727] [-6.0690827369689941:12.517831802368164] [-6.1017847061157227:12.972479820251465] [-6.1716437339782715:15.531359672546387] [-6.3130483627319336:18.409242630004883] [-6.5198044776916504:21.656618118286133] [-6.6459999084472656:25.317371368408203] [-6.7865829467773438:22.012430191040039] [-6.7773442268371582:18.976459503173828] [-6.7013201713562012:18.154861450195312] [-6.8188552856445312:19.343141555786133] [-6.9306292533874512:18.877908706665039] [-6.9270119667053223:18.2635498046875] [-7.1876015663146973:15.764147758483887] [-7.4516735076904297:15.993157386779785] [-7.4186992645263672:16.368352890014648] [-7.6636042594909668:16.003454208374023] [-7.9494142532348633:15.889026641845703] [-8.0757808685302734:15.958135604858398] [-8.4526987075805664:14.689020156860352] [-8.303074836730957:15.909083366394043] [-7.8713383674621582:16.440237045288086] [-7.4928336143493652:15.491005897521973] [-7.8494901657104492:15.217290878295898] [-8.7483577728271484:16.283535003662109] [-9.3180007934570312:17.49163818359375] [-9.6569833755493164:14.919129371643066] [-10.237624168395996:14.029580116271973] [-10.158770561218262:15.869563102722168] [-9.9206790924072266:17.252283096313477] [-9.229191780090332:14.353494644165039] [-8.3126459121704102:12.82408332824707] [-7.0230255126953125:17.571023941040039] [-5.0675835609436035:16.732889175415039] [-0.9664994478225708:19.204320907592773] [-5.3964767456054688:10.970551490783691] [-5.4396467208862305:10.572331428527832] [-5.5276446342468262:11.663507461547852] [-5.5864782333374023:11.011089324951172] [-5.5761957168579102:10.352532386779785] [-5.5853433609008789:10.316717147827148] [-5.6677336692810059:9.7006664276123047] [-5.6882305145263672:9.3147363662719727] [-5.6582484245300293:9.9389581680297852] [-5.6039600372314453:9.6126041412353516] [-5.6928701400756836:12.835577011108398] [-5.6788039207458496:12.846935272216797] [-5.6773409843444824:12.513778686523438] [-5.6048955917358398:14.802810668945312] [-5.320920467376709:14.052196502685547] [-5.0179457664489746:13.111536979675293] [-5.3839902877807617:12.409426689147949] [-5.8174047470092773:10.36540412902832] [-5.784174919128418:9.5021562576293945] [-5.832496166229248:8.678898811340332] [-5.8793540000915527:8.1940927505493164] [-5.8299708366394043:11.360886573791504] [-5.8449859619140625:10.684518814086914] [-5.86358642578125:11.115287780761719] [-6.1381864547729492:11.634455680847168] [-6.2772350311279297:13.802389144897461] [-6.2678170204162598:13.060978889465332] [-6.1760926246643066:11.949478149414062] [-6.2078957557678223:13.344522476196289] [-6.4379968643188477:17.147287368774414] [-6.6149802207946777:20.259696960449219] [-6.6496763229370117:23.773187637329102] [-6.8508658409118652:22.798303604125977] [-6.9366893768310547:19.675657272338867] [-6.7643942832946777:16.856267929077148] [-6.8079290390014648:16.073888778686523] [-7.0642623901367188:16.587459564208984] [-6.9945707321166992:15.523313522338867] [-7.3730998039245605:13.628948211669922] [-7.5600848197937012:14.123520851135254] [-7.5175132751464844:15.707470893859863] [-7.7112398147583008:15.520206451416016] [-8.0361595153808594:15.831537246704102] [-8.2219562530517578:14.843610763549805] [-8.5500802993774414:13.949758529663086] [-8.6501235961914062:13.985755920410156] [-8.3596582412719727:15.620052337646484] [-7.8853812217712402:13.975187301635742] [-8.4686384201049805:13.39249324798584] [-8.9124746322631836:15.623690605163574] [-9.8203353881835938:15.20835018157959] [-9.9615106582641602:13.049732208251953] [-10.32017707824707:10.72990894317627] [-10.724518775939941:10.996842384338379] [-10.861797332763672:13.600567817687988] [-10.031360626220703:15.071050643920898] [-11.908105850219727:12.20367431640625] [-11.882100105285645:9.2834072113037109] [-12.17307186126709:9.2433996200561523] [-16.49937629699707:0.97749477624893188] [-5.4039878845214844:11.250247001647949] [-5.4382061958312988:11.140832901000977] [-5.5047149658203125:12.130561828613281] [-5.5697188377380371:10.811211585998535] [-5.5674295425415039:10.79209041595459] [-5.5975079536437988:10.758352279663086] [-5.6568036079406738:9.5577478408813477] [-5.6772289276123047:9.3146648406982422] [-5.6385312080383301:10.375532150268555] [-5.6120061874389648:10.64986515045166] [-5.6572656631469727:13.342713356018066] [-5.6746344566345215:13.356831550598145] [-5.6420350074768066:13.01786994934082] [-5.4896707534790039:15.364109039306641] [-5.191077709197998:14.011350631713867] [-5.0303573608398438:13.63185977935791] [-5.2277398109436035:12.174280166625977] [-5.6374177932739258:10.149846076965332] [-5.7320928573608398:10.191084861755371] [-5.7643313407897949:9.0887775421142578] [-5.8503236770629883:9.207432746887207] [-5.8003559112548828:11.858438491821289] [-5.8468437194824219:10.466709136962891] [-5.8804669380187988:11.617894172668457] [-6.0177435874938965:12.15272331237793] [-6.1657099723815918:14.375732421875] [-6.191983699798584:12.817586898803711] [-6.1559233665466309:12.484643936157227] [-6.2097978591918945:14.530891418457031] [-6.4042263031005859:17.823141098022461] [-6.5801353454589844:21.013839721679688] [-6.6600465774536133:24.623151779174805] [-6.8311100006103516:22.463642120361328] [-6.8759355545043945:19.379465103149414] [-6.7502989768981934:17.56739616394043] [-6.8503098487854004:16.717073440551758] [-7.0050268173217773:17.691045761108398] [-7.0236339569091797:16.211967468261719] [-7.318967342376709:15.018354415893555] [-7.5370831489562988:15.103734970092773] [-7.5262660980224609:16.079132080078125] [-7.7127366065979004:15.877166748046875] [-8.0319108963012695:15.961054801940918] [-8.2521495819091797:15.501462936401367] [-8.5525264739990234:14.423134803771973] [-8.4979753494262695:15.106385231018066] [-8.1349296569824219:16.172042846679688] [-7.7380094528198242:14.902035713195801] [-8.1132259368896484:14.802522659301758] [-8.9047470092773438:16.255861282348633] [-9.6422586441040039:16.468313217163086] [-9.8980913162231445:14.0672607421875] [-10.386066436767578:12.226994514465332] [-10.668394088745117:12.778707504272461] [-10.563884735107422:13.92197322845459] [-9.8267021179199219:15.008130073547363] [-10.384056091308594:12.156516075134277] [-9.8234548568725586:12.385733604431152] [-9.2500982284545898:11.325177192687988] [-11.108595848083496:11.27674388885498] [-0.023151803761720657:320.79556274414062] [-0.023552967235445976:342.58062744140625] [-0.024514675140380859:319.25338745117188] [-0.025893872603774071:317.08056640625] [-0.025641471147537231:420.46987915039062] [-0.036820705980062485:162.91561889648438] [-0.01970398984849453:399.36898803710938] [-0.027579342946410179:149.06684875488281] [-0.032341785728931427:158.35102844238281] [-0.029248002916574478:155.65849304199219] [-0.026169661432504654:319.512939453125] [-0.024268938228487968:351.22409057617188] [-0.02471037395298481:370.87823486328125] [-0.022950060665607452:385.64321899414062] [-0.022395225241780281:386.80337524414062] [-0.023825481534004211:379.16131591796875] [-0.015462658368051052:198.29983520507812] [-0.023323949426412582:336.31124877929688] [-0.015774592757225037:234.04183959960938] [-0.018414083868265152:277.28448486328125] [-0.025623979046940804:413.89871215820312] [-0.026942715048789978:458.59365844726562] [-0.022823723033070564:376.15072631835938] [-0.03072655200958252:352.529052734375] [-0.026520777493715286:444.79776000976562] [-0.020596971735358238:385.6285400390625] [-0.026999516412615776:455.86917114257812] [-0.022171834483742714:371.3687744140625] [-0.016349649056792259:462.75802612304688] [-0.024673076346516609:413.50241088867188] [-0.018979929387569427:379.58163452148438] [-0.014445589855313301:267.478759765625] [-0.035802826285362244:390.68917846679688] [-0.019427074119448662:289.63323974609375] [-0.022303992882370949:333.93392944335938] [-0.0237291119992733:377.6591796875] [-0.0097173256799578667:539.491455078125] [-0.022759400308132172:340.16921997070312] [-0.010578911751508713:525.3720703125] [-0.020813301205635071:412.00271606445312] [-0.013653680682182312:173.86936950683594] [-0.011283853091299534:463.11029052734375] [-0.01480985339730978:319.55813598632812] [-0.017652995884418488:297.6595458984375] [-0.0095784598961472511:300.578857421875] [-0.011939272284507751:485.23876953125] [-0.017059490084648132:362.34173583984375] [-0.016829557716846466:191.77696228027344] [-0.012630914337933064:359.11703491210938] [-0.013145782984793186:433.60562133789062] [-0.018381858244538307:396.68478393554688] [-0.0091012157499790192:494.3228759765625] [-0.019375069066882133:449.85595703125] [-0.033517889678478241:157.14990234375] [-0.011998369358479977:467.15005493164062] [-0.010289213620126247:490.4542236328125] [-0.019199203699827194:267.81991577148438] [-0.018684670329093933:212.38313293457031] [-0.047170400619506836:526.06732177734375] [0:1]
tree_sizes=3104 3114 3095 3107 3093 3041 3057 3087 3046 3134 3110 3083 3096 3082 3110 3081 3130 3061 3128 3075 3019 3058 3133 3087 3115 3105 3117 3079 3073 3063 3111 3045 3090 3100 2979

Tree=0
num_leaves=31
num_cat=0
split_feature=270 102 194 218 161 56 60 110 290 119 276 149 171 17 287 278 239 57 193 147 166 166 114 43 228 87 172 118 156 218
split_gain=188.347 166.403 83.4652 62.9213 82.1214 94.5579 63.033 60.4856 59.8336 59.3475 53.3924 53.3253 50.3478 115.329 78.551 54.133 52.4049 58.7051 50.3016 49.2826 46.0969 45.952 44.1051 42.7726 42.1179 41.1782 52.8509 38.0259 37.0371 35.8848
threshold=2.3112641572952275 0.032783066853880889 1.3558627963066103 -0.70210099220275868 -0.55812826752662648 0.98241108655929577 0.2855528742074967 -0.60377773642539967 -2.1532540321350093 0.6257150173187257 0.70797240734100353 1.0386559963226321 0.22989699989557269 1.6625338792800906 1.2919291257858279 0.49198105931282049 -0.79390397667884816 -1.1382932066917417 1.6545072793960574 0.97491130232810985 0.453188106417656 0.37717877328395849 -1.3669781684875486 -0.20119483768939969 0.22747594863176349 2.3255208730697636 1.9401682615280154 1.2501534819602969 -0.31753078103065485 1.4099283218383791
decision_type=2 2 2 2 2 2 2 2 2 2 2 2 2 2 2 2 2 2 2 2 2 2 2 2 2 2 2 2 2 2
left_child=1 2 3 4 5 9 24 19 23 -1 -4 22 13 20 16 -15 17 -14 -2 -3 -9 -7 -10 -5 -6 -16 -27 -22 -18 -20
right_child=18 7 10 8 6 21 -8 12 11 -11 -12 -13 14 15 25 -17 28 -19 29 -21 27 -23 -24 -25 -26 26 -28 -29 -30 -31
leaf_value=-0.00067584661334283726 0.00075105437877450603 -0.0050429285222970454 0.0092481129176435195 0.014076339832798908 -0.003280145448470718 0.006643121802895292 -0.0096834712091078134 -0.00070625264717005039 -0.0020211012574823488 0.002445809838228505 -0.0014917228443732825 -0.0044684767255352715 0.00070880165732042965 -0.00633802086322721 0.00093736885382959877 0.010550452552143879 0.0022464956796417576 -0.0059741004498899556 0.00033308529418461195 0.00096804647958127299 0.0018872995015646683 -0.0047185657979800944 0.0011689168542388093 -0.0025317188792085736 0.0040230762406720617 -0.012404739457104762 0.0031011955666368487 -0.0065749480941199806 -0.0015251943624745418 0.0096042870495731819
leaf_weight=37456 1229 5099 1593 506 3869 2648 1223 35451 3993 6382 494 1576 1478 160 16733 1276 2374 4634 518 1504 10738 318 90141 144 819 458 283 467 51943 2650
leaf_count=37456 1229 5099 1593 506 3869 2648 1223 35451 3993 6382 494 1576 1478 160 16733 1276 2374 4634 518 1504 10738 318 90141 144 819 458 283 467 51943 2650
internal_value=4.66022e-05 -4.80338e-05 0.00063122 0.000545147 -0.000283657 0.000131536 -0.00361114 -0.000824625 0.00100163 -0.000213643 0.00657355 0.000935426 -0.000674687 8.27782e-05 -0.00114605 0.00840147 -0.00165954 -0.00431208 0.00619441 -0.00362969 -0.000170321 0.00530106 0.00103002 0.00998351 -0.00192887 0.000612435 -0.00616268 0.0014968 -0.00135406 0.00819405
internal_weight=288157 283760 151162 149075 52715 46804 5911 132598 96360 43838 2087 95710 125995 48092 77903 1436 60429 6112 4397 6603 46656 2966 94134 650 4688 17474 741 11205 54317 3168
internal_count=288157 283760 151162 149075 52715 46804 5911 132598 96360 43838 2087 95710 125995 48092 77903 1436 60429 6112 4397 6603 46656 2966 94134 650 4688 17474 741 11205 54317 3168
is_linear=0
shrinkage=1


Tree=1
num_leaves=31
num_cat=0
split_feature=93 171 17 298 113 180 53 162 110 222 40 228 163 277 230 150 111 24 227 199 41 128 107 178 41 224 57 232 291 218
split_gain=165.318 137.125 148.396 110.294 72.5586 102.898 69.7911 85.0377 88.2853 66.8373 66.0676 62.5319 91.5938 80.8762 59.0909 54.7079 51.9274 51.8407 51.0416 50.9556 63.2125 47.6968 48.8611 44.9274 39.2178 43.7333 59.0953 37.0179 55.2252 45.0102
threshold=2.3109605312347417 0.22989699989557269 1.6625338792800906 -0.71798598766326893 0.79916709661483776 0.21303157508373263 -1.7741061449050901 0.064862888306379332 -0.46925106644630427 1.2955242395401003 -0.71158495545387257 -2.2410446405410762 -2.1298501491546626 -2.2184429168701167 0.20198290795087817 1.121111333370209 0.32539372146129614 0.78804627060890209 0.098890721797943129 -0.70552045106887806 -1.8077565431594846 0.6455419957637788 -0.39703691005706782 0.59222605824470531 2.3396842479705815 1.8389971852302553 1.0375082492828371 1.831970274448395 1.6161167025566103 1.5864696502685549
decision_type=2 2 2 2 2 2 2 2 2 2 2 2 2 2 2 2 2 2 2 2 2 2 2 2 2 2 2 2 2 2
left_child=1 2 6 14 24 16 18 11 -9 10 -7 12 -8 -13 -3 -10 -6 -18 19 -1 -21 -4 -23 -11 25 -5 -27 28 -2 -29
right_child=27 3 21 4 5 9 7 8 15 23 -12 13 -14 -15 -16 -17 17 -19 -20 20 -22 22 -24 -25 -26 26 -28 29 -30 -31
leaf_value=-0.00063821329928753323 0.0056620776513510813 -0.0091671670459110826 -0.0083819787203113557 -0.0013670848631346896 0.0082789883674601484 0.013512673964388509 -0.0024139486375625865 -0.0037633781204111302 -0.00039139383426839338 0.0046546194101162539 -0.0023240039180554965 0.0069986374077421684 0.010937730191762796 0.00069704956641276807 -0.0028203454214269798 0.0038837423707651195 0.00092739176265617125 0.0058666593800037886 0.0097494608221328528 -0.016039883039243086 -0.0037919961959841969 0.00027278342519927284 0.011002448224359463 -0.00024606022957796817 -0.01211169855270164 0.012023800914402782 -0.0081399192893246465 -0.0048664909989285443 -0.004717128894647319 0.010527713466845365
leaf_weight=4592 1930 1623 124 50777 1143 216 661 6844 36020 2480 15466 1854 1270 120597 8787 2889 14190 2246 274 447 3038 555 1843 4835 289 457 146 150 557 1719
leaf_count=4592 1930 1623 124 50777 1143 216 661 6844 36020 2480 15466 1854 1270 120597 8787 2889 14190 2246 274 447 3038 555 1843 4835 289 457 146 150 557 1719
internal_value=4.00644e-05 -4.81507e-05 0.000447451 -0.000924867 -0.000590259 0.000353285 0.000343147 0.000476139 -0.000625693 -0.000958362 -0.00206983 0.000883886 0.00623566 0.000796037 -0.00385431 -6.44257e-05 0.00208538 0.00162689 -0.00232513 -0.00279486 -0.00553111 0.00765044 0.00866601 0.00138268 -0.00133688 -0.00126575 0.00655558 0.00582716 0.00319875 0.00909497
internal_weight=288019 283663 181008 102655 92245 40576 178486 170135 45753 22997 15682 124382 1931 122451 10410 38909 17579 16436 8351 8077 3485 2522 2398 7315 51669 51380 603 4356 2487 1869
internal_count=288019 283663 181008 102655 92245 40576 178486 170135 45753 22997 15682 124382 1931 122451 10410 38909 17579 16436 8351 8077 3485 2522 2398 7315 51669 51380 603 4356 2487 1869
is_linear=0
shrinkage=0.03


Tree=2
num_leaves=31
num_cat=0
split_feature=210 171 17 238 104 37 248 230 230 215 118 280 228 119 108 267 21 156 111 245 233 224 233 163 289 107 167 234 298 233
split_gain=150.81 151.633 101.181 99.7871 86.092 150.402 67.857 64.2872 72.4457 60.3967 54.0968 52.9195 50.3214 48.7504 48.4082 67.2981 68.2313 49.4565 47.9841 45.6533 45.636 43.1683 39.5773 42.189 35.2505 34.6991 50.8253 34.4447 33.9921 36.9616
threshold=2.2931745052337651 0.22989699989557269 1.6625338792800906 -0.78040122985839833 -2.1753008365631099 -2.2107729911804195 -1.438659608364105 -2.2425085306167598 -0.32327733933925623 -1.626256465911865 -1.1347060799598692 1.6027248501777651 1.5851687192916872 -1.8569947481155393 1.2967373132705691 2.3221074342727666 -0.52627786993980397 0.44546689093112951 0.47055132687091833 1.610475540161133 0.46114523708820349 0.42822568118572241 -0.033475318923592561 1.1750118732452395 0.36441293358802801 -0.70600605010986317 -1.2148878574371336 -0.2431189566850662 -1.8212611079216001 -0.39988359808921808
decision_type=2 2 2 2 2 2 2 2 2 2 2 2 2 2 2 2 2 2 2 2 2 2 2 2 2 2 2 2 2 2
left_child=1 2 4 18 13 25 22 9 -9 -7 -4 12 -2 -1 17 16 -16 20 27 -17 -8 -19 -5 24 -24 26 -6 -3 29 -20
right_child=11 3 10 6 5 7 14 8 -10 -11 -12 -13 -14 -15 15 19 -18 21 28 -21 -22 -23 23 -25 -26 -27 -28 -29 -30 -31
leaf_value=-0.0097807751718400129 0.0036108496751529489 -0.011125232738157352 -0.0016844032458854473 -0.0023367509590893859 0.0065507062089145236 -0.003394393780983951 -0.0017772683737383328 -0.00035357268281449979 0.0008836965963572984 0.0081425372263797969 0.0086568276541404057 0.0074638939525400903 -0.011013751008675134 -0.001975871037956304 -0.006518603684574676 0.0021333970492511674 0.0016224814157663019 -0.0041376135525178354 -0.0066958431208539492 -0.01522937446425352 0.0002929259689936494 -0.0014361433449298464 0.0022863010994256684 -0.0071692805587238555 0.01094662848547139 -0.004344743531703269 0.019160061587173375 -0.0040750119001180711 -0.0033555194255973325 0.004517187577455551
leaf_weight=960 765 1181 522 620 1296 481 14923 81246 88979 1703 1991 3232 269 3403 961 160 14056 6994 316 371 26219 25487 884 165 1067 123 434 1820 6478 1066
leaf_count=960 765 1181 522 620 1296 481 14923 81246 88979 1703 1991 3232 269 3403 961 160 14056 6994 316 371 26219 25487 884 165 1067 123 434 1820 6478 1066
internal_value=-2.4374e-06 -8.77925e-05 0.000433263 -0.00100903 0.000347019 0.000452954 -0.000683238 0.000359242 0.000291431 0.0054578 0.00639397 0.00558192 -4.59744e-05 -0.00379844 -0.000829141 0.000679125 0.00107357 -0.00115183 -0.00373199 -0.00956565 -0.000451184 -0.00202926 0.00393467 0.00591736 0.00723785 0.00891516 0.0100682 -0.00700411 -0.00242999 0.00168036
internal_weight=288172 283906 181138 102768 178625 174262 91907 172409 170225 2184 2513 4266 1034 4363 89171 15548 15017 73623 10861 531 41142 32481 2736 2116 1951 1853 1730 3001 7860 1382
internal_count=288172 283906 181138 102768 178625 174262 91907 172409 170225 2184 2513 4266 1034 4363 89171 15548 15017 73623 10861 531 41142 32481 2736 2116 1951 1853 1730 3001 7860 1382
is_linear=0
shrinkage=0.03


Tree=3
num_leaves=31
num_cat=0
split_feature=90 102 196 53 37 213 180 107 110 342 168 128 222 170 36 232 228 148 171 269 227 87 238 172 298 267 142 284 178 248
split_gain=140.515 139.89 74.0182 70.2376 72.1653 79.248 66.0406 64.2083 61.9824 60.5454 51.1887 49.2493 132.19 59.2763 48.6037 48.062 48.9982 46.1986 45.1119 105.308 65.4643 74.6746 61.1459 55.8926 51.8943 50.6761 49.8133 46.3973 46.3579 45.84
threshold=2.3164842128753667 0.032783066853880889 1.153289318084717 -1.540123403072357 -1.8403555750846861 -1.6233507990837095 0.65669730305671703 -0.70600605010986317 -0.60377773642539967 -0.011258074082434176 -1.7099261283874509 -1.2669309377670286 -2.2282735109329219 -2.0598542690277095 0.75967794656753551 1.831970274448395 1.5851687192916872 1.3457713127136233 0.19619129598140719 1.1144611239433291 1.2862625122070315 2.3255208730697636 -0.78040122985839833 1.9401682615280154 1.3784446120262148 -0.57275706529617298 0.43004007637500768 1.4268068075180056 -1.257526099681854 -0.7157418131828307
decision_type=2 2 2 2 2 2 2 2 2 2 2 2 2 2 2 2 2 2 2 2 2 2 2 2 2 2 2 2 2 2
left_child=1 2 3 11 6 9 7 -5 17 -6 -7 -1 -13 -14 -4 16 -2 -3 19 24 22 25 29 -23 27 -22 -24 -10 -21 -20
right_child=15 8 14 4 5 10 -8 -9 18 -11 -12 12 13 -15 -16 -17 -18 -19 20 28 21 23 26 -25 -26 -27 -28 -29 -30 -31
leaf_value=0.00073427064177442427 0.0053950644628692635 -0.0046352258342649026 0.0064491124629063052 0.0043599494872630425 8.6913081612480825e-05 0.0052312808266799784 0.017062708391413949 -0.0056967447252102392 -0.00032021079943493467 -0.0064902039252620353 0.00051673439414491671 -0.015973077776716055 0.0043667042227540417 -0.0032805328849897543 -0.0023520077226620649 0.0090201731933525521 -0.0033005108950476007 0.002755443691561442 -0.012721906146046619 -0.0045709433280469993 -0.0084966936910513616 -0.015399622045706383 -0.00037854395736818263 0.00077222376413613159 -0.0082148710376677911 0.0012156264937907056 -0.0021631055073920175 0.0098564397330181668 0.0058447437839331288 -0.0035178385418136722
leaf_weight=3976 1680 5753 2912 4432 2316 2105 318 614 40432 2528 123826 665 1048 5431 632 1845 827 810 561 383 472 433 29650 273 726 16523 27664 386 3577 5252
leaf_count=3976 1680 5753 2912 4432 2316 2105 318 614 40432 2528 123826 665 1048 5431 632 1845 827 810 561 383 472 433 29650 273 726 16523 27664 386 3577 5252
internal_value=-2.96831e-05 -0.000112963 0.00051115 0.000405475 0.000594481 0.000451684 0.00400556 0.00305937 -0.000823404 -0.00329647 0.00059874 -0.00187845 -0.00337243 -0.00198777 0.00479105 0.0053062 0.00240446 -0.0036719 -0.000672491 7.692e-05 -0.00109801 0.000501099 -0.00155118 -0.00888398 -0.000362808 0.000918586 -0.00124559 -0.000211848 0.00474408 -0.00449811
internal_weight=288050 283698 150803 147259 136139 130775 5364 5046 132895 4844 125931 11120 7144 6479 3544 4352 2507 6563 126332 45504 80828 17701 63127 706 41544 16995 57314 40818 3960 5813
internal_count=288050 283698 150803 147259 136139 130775 5364 5046 132895 4844 125931 11120 7144 6479 3544 4352 2507 6563 126332 45504 80828 17701 63127 706 41544 16995 57314 40818 3960 5813
is_linear=0
shrinkage=0.03


Tree=4
num_leaves=31
num_cat=0
split_feature=29 102 227 52 53 37 60 157 168 282 81 290 152 144 179 228 211 335 205 222 58 57 194 57 241 105 17 27 178 232
split_gain=147.191 125.408 63.7205 72.0569 63.7155 82.2794 83.251 72.5978 70.2219 60.0779 84.2846 81.8645 72.2804 52.6238 52.0698 47.6696 46.8953 46.3111 45.7762 42.8197 42.0432 40.96 40.2534 40.0721 39.3612 37.6821 37.5418 73.2391 37.3591 36.4541
threshold=2.313153982162476 0.032783066853880889 -0.17737756669521329 -1.2190783023834226 -1.3741954565048216 -1.8403555750846861 0.65540686249732982 -0.82106083631515492 -2.0739941596984859 -1.806402266025543 -1.070092439651489 -2.1532540321350093 -1.1422045230865476 -0.71203458309173573 1.1941236853599551 -0.81498178839683522 -2.2794014215469356 -0.015302869491279123 -1.1688261628150938 0.54979836940765392 0.51351925730705272 -1.1382932066917417 1.1495695710182192 -0.46148219704627985 0.39915888011455541 -0.38854625821113581 -1.626081585884094 -0.5707682967185973 -0.54186972975730885 1.831970274448395
decision_type=2 2 2 2 2 2 2 2 2 2 2 2 2 2 2 2 2 2 2 2 2 2 2 2 2 2 2 2 2 2
left_child=1 4 -3 21 9 6 15 16 -9 10 23 -11 14 17 -13 28 25 -12 19 -5 -18 -4 -14 -1 -10 -7 27 -20 -6 -2
right_child=29 2 3 18 5 7 -8 8 24 11 13 12 22 -15 -16 -17 20 -19 26 -21 -22 -23 -24 -25 -26 -27 -28 -29 -30 -31
leaf_value=-0.0035539845857897757 0.0029302633390212028 -0.0026541466007731817 -0.001397168677027241 -0.0020911606939170084 0.00048754744973773063 -0.0037769072668406823 0.018421294693647314 0.015394222712447846 0.0012096049287368504 0.0071231166496092471 -0.025788383954855696 0.0015293730214355338 -0.0032651315541472959 -0.0046986928576450435 0.015767457982490084 -0.0031432719474237683 -0.0011108589007535416 -0.0020747274942283481 -0.0027457134289904793 -0.014017458820748034 0.0016888254620386876 0.010239149255588446 0.0061701786559164879 0.0041705084837046179 -0.00032418095886171304 -0.022583597740845989 -0.00053965097257587576 0.027963042031672065 0.0070140127159049803 0.0087681929850180595
leaf_weight=2767 2543 13946 328 976 1329 473 352 286 82830 1236 309 2592 6578 564 245 772 22994 138 121 410 6026 853 395 723 18040 129 116168 102 2403 1833
leaf_count=2767 2543 13946 328 976 1329 473 352 286 82830 1236 309 2592 6578 564 245 772 22994 138 121 410 6026 853 395 723 18040 129 116168 102 2403 1833
internal_value=2.439e-05 -5.88574e-05 -0.000732014 -0.000503743 0.000530952 0.000740899 0.00457668 0.000595499 0.000979202 -0.00127998 -0.00419431 -5.99115e-05 -0.0010081 -0.0117907 0.00296573 0.00335172 -0.000704461 -0.0195122 -0.000580549 -0.00598172 -0.000518411 0.00678815 -0.00267163 -0.00185364 0.000932313 -0.00888581 -0.000512637 0.0112113 0.00478482 0.00547264
internal_weight=288461 284085 132904 118958 151181 135634 4856 130778 101156 15547 4501 11046 9810 1011 2837 4504 29622 447 117777 1386 29020 1181 6973 3490 100870 602 116391 223 3732 4376
internal_count=288461 284085 132904 118958 151181 135634 4856 130778 101156 15547 4501 11046 9810 1011 2837 4504 29622 447 117777 1386 29020 1181 6973 3490 100870 602 116391 223 3732 4376
is_linear=0
shrinkage=0.03


Tree=5
num_leaves=31
num_cat=0
split_feature=270 102 43 98 288 218 161 85 58 198 60 193 53 2 31 297 227 147 170 83 22 297 54 31 56 183 114 113 235 218
split_gain=149.472 114.691 79.7969 112.054 100.202 77.6901 73.4614 67.8972 63.2708 63.4436 53.3584 53.0194 49.7236 76.3832 47.5534 66.2179 43.7295 67.9152 50.3025 54.7931 45.9928 51.645 45.3114 42.6928 42.3228 41.9383 39.6859 36.1541 35.2174 34.9361
threshold=2.3112641572952275 0.032783066853880889 -2.1630846261978145 -2.2211030721664424 -2.1549780368804927 -0.70210099220275868 -0.60268700122833241 0.73465782403945934 -1.0378925204277036 -0.14839521050453183 0.60870188474655162 1.6545072793960574 -0.96484899520874012 -0.96885925531387318 -2.253747701644897 -1.7737024426460264 1.2862625122070315 2.3630250692367558 1.3051717877388003 1.8764672279357912 -0.69714972376823414 1.3968932032585146 -1.5249679088592527 0.88579490780830394 1.0635836124420168 0.25153660774230963 -1.3669781684875486 -2.1861152648925777 -0.88581424951553334 1.5864696502685549
decision_type=2 2 2 2 2 2 2 2 2 2 2 2 2 2 2 2 2 2 2 2 2 2 2 2 2 2 2 2 2 2
left_child=1 2 12 10 7 6 -6 -5 9 24 14 -2 13 -1 27 -16 18 20 19 -10 21 -18 -21 -7 -3 -22 -11 -4 -14 -13
right_child=11 8 3 4 5 23 -8 -9 16 26 -12 29 28 -15 15 -17 17 -19 -20 22 25 -23 -24 -25 -26 -27 -28 -29 -30 -31
leaf_value=-0.0020641153254697753 0 -0.008670501122449159 -0.0016074282725905785 0.004428722898254636 -6.8427511746091304e-05 0.0010095346445584377 -0.003409635719672665 0.01999152557743376 -0.00068246986088403431 -0.0090004655293494558 0.021262284207796633 0.00071616010682725719 0.0084769543326599223 -0.011997469100947783 -0.015039481558995911 0.0044678184397823504 0 -0.0095330226566157274 -0.00372339365705074 0.022660111461686901 0.0039665711514788064 -0.020003109330371499 0.0031267730364182783 -0.0029898419080993423 0.0078812561080687567 0.00053115497407503996 -0.0011060787282082007 0.01322252991222693 -0.0022514537000995717 0.0091622175955061811
leaf_weight=2400 1227 2015 136 1480 38224 94653 7033 317 98787 617 222 634 441 1032 169 851 376 515 4864 105 4718 166 1499 2410 115 10677 8057 733 602 2508
leaf_count=2400 1227 2015 136 1480 38224 94653 7033 317 98787 617 222 634 441 1032 169 851 376 515 4864 105 4718 166 1499 2410 115 10677 8057 733 602 2508
internal_value=1.82264e-05 -6.58615e-05 0.00049904 0.000621723 0.000518434 0.000426762 -0.000595559 0.00752902 -0.000710558 -0.0029146 0.00746142 0.00551292 -0.00342804 -0.00519018 0.00547659 0.0007202 -0.000511993 0.000917461 -0.000738407 -0.000590082 0.00128549 -0.00705124 0.0048535 0.000906548 -0.00757233 0.00160723 -0.00172154 0.0105802 0.00207664 0.00756814
internal_weight=287583 283214 150703 146228 144117 142320 45257 1797 132511 10804 2111 4369 4475 3432 1889 1020 121707 16452 105255 100391 15937 542 1604 97063 2130 15395 8674 869 1043 3142
internal_count=287583 283214 150703 146228 144117 142320 45257 1797 132511 10804 2111 4369 4475 3432 1889 1020 121707 16452 105255 100391 15937 542 1604 97063 2130 15395 8674 869 1043 3142
is_linear=0
shrinkage=0.03


Tree=6
num_leaves=31
num_cat=0
split_feature=270 171 136 235 118 193 230 178 209 114 102 230 7 222 159 299 168 351 106 297 353 164 217 39 122 94 294 116 56 232
split_gain=127.753 119.246 100.01 78.0079 64.5725 62.68 58.1606 69.4085 62.0502 57.7506 63.7009 74.5059 57.5021 62.585 63.0513 56.9667 57.7627 53.7713 50.9099 47.0621 45.5745 48.6474 44.6796 41.74 36.6756 36.6439 35.9272 35.484 35.437 33.4506
threshold=2.3112641572952275 0.22989699989557269 1.3499438762664797 0.65430134534835827 1.3862743377685549 1.6545072793960574 1.0000000180025095e-35 -0.97219336032867421 1.8837093710899355 -1.3669781684875486 0.032783066853880889 -0.58891886472702015 0.10475309938192369 1.0130277276039126 1.0117517709732058 0.75187316536903392 -1.4884035587310789 -0.0067702636588364831 0.6491677761077882 1.0513073801994326 -0.0042027153540402642 -0.41399088501930231 -2.2555059194564815 -1.8267915248870847 -0.46916940808296198 1.1972747445106509 -1.1154354214668272 0.42554713785648351 -0.41442871093749994 1.831970274448395
decision_type=2 2 2 2 2 2 2 2 2 2 2 2 2 2 2 2 2 2 2 2 2 2 2 2 2 2 2 2 2 2
left_child=1 2 4 6 9 -2 7 -3 -8 15 22 -12 28 14 -14 16 -1 -4 -16 -15 21 27 -11 -9 -17 -23 -7 -6 -5 -28
right_child=5 3 17 12 20 26 8 23 -10 10 11 -13 13 19 18 24 -18 -19 -20 -21 -22 25 -24 -25 -26 -27 29 -29 -30 -31
leaf_value=0.00026412764465874697 -0.00045845199427161618 -0.015715318315223749 0 -0.010404303408000113 -0.0063068369680383636 0.01897735453316346 -0.0012541331202008744 0.010303641328957445 -0.0077211303559988759 0.0056485241090698289 -0.0036916903718252209 0 -0.0014252932515275288 0.0026905751343212201 -0.014744613601095182 0 -0.0034504825518674662 0.0066112770456651822 -0.0035718755965801112 -0.0011027713543456713 0.0037169208017459265 -0.010932418459146389 0.00080560694656826924 -0.0043976226577529766 0.0094071678149385361 0.004388528369965344 0.0024462224130578319 0.0027658757646594184 0.0013374862222345404 0.0092595849267955842
leaf_weight=6172 1248 498 1723 209 694 227 49613 154 1375 1747 5527 42764 14649 5722 579 861 9104 3433 1280 5892 541 1283 105367 3174 643 117 1412 784 19464 1522
leaf_count=6172 1248 498 1723 209 694 227 49613 154 1375 1747 5527 42764 14649 5722 579 861 9104 3433 1280 5892 541 1283 105367 3174 643 117 1412 784 19464 1522
internal_value=-4.45694e-05 -0.000124614 0.000337831 -0.000942107 0.000214868 0.00500956 -0.00171447 -0.00530258 -0.00143737 0.000297749 0.000479759 -0.000420502 -4.96998e-05 -0.000925783 -0.0021166 -0.00136862 -0.00193166 0.00445076 -0.00733127 0.000741765 -0.00384933 -0.00539097 0.000888434 -0.00357024 0.00410365 -0.00939698 0.00725202 -0.00132131 0.00118707 0.00612094
internal_weight=287778 283369 180760 102609 175604 4409 54814 3826 50988 172185 155405 48291 47795 28122 16508 16780 15276 5156 1859 11614 3419 2878 107114 3328 1504 1400 3161 1478 19673 2934
internal_count=287778 283369 180760 102609 175604 4409 54814 3826 50988 172185 155405 48291 47795 28122 16508 16780 15276 5156 1859 11614 3419 2878 107114 3328 1504 1400 3161 1478 19673 2934
is_linear=0
shrinkage=0.03


Tree=7
num_leaves=31
num_cat=0
split_feature=93 102 53 58 147 43 228 163 277 218 58 30 118 233 170 229 108 197 74 139 220 156 46 239 153 157 68 12 92 71
split_gain=101.1 122.97 65.8743 65.4687 57.801 57.2334 56.3546 80.712 57.8657 64.4235 56.5981 52.1625 51.4242 81.4076 71.9686 58.6125 49.5194 52.5404 48.7426 53.6771 49.1852 48.7681 45.9195 45.9194 40.5632 38.3126 37.3092 35.3218 42.1643 36.5121
threshold=2.3109605312347417 0.032783066853880889 -1.7741061449050901 -1.0378925204277036 1.0468317270278933 2.3152472972869877 -2.2410446405410762 -2.1298501491546626 -2.2184429168701167 -0.70210099220275868 0.599022537469864 -1.1662937998771665 1.1392276883125307 0.86927351355552684 1.1871180534362795 1.8263216614723208 1.2967373132705691 1.6622102260589602 1.0495061278343203 -0.52626904845237721 -1.6073793768882749 -1.2548882365226743 -1.3585691452026365 -2.2649366855621333 -1.0466371178627012 1.9104877114295962 -1.4394327402114866 -1.0552927255630491 0.82467845082283031 -1.8867734670639036
decision_type=2 2 2 2 2 2 2 2 2 2 2 2 2 2 2 2 2 2 2 2 2 2 2 2 2 2 2 2 2 2
left_child=1 2 18 4 27 12 7 23 11 10 -10 -8 16 14 -14 -15 17 -5 19 22 -21 -22 -1 -4 -24 -2 -11 29 -29 -3
right_child=25 3 6 5 -6 -7 8 -9 9 26 -12 -13 13 15 -16 -17 -18 -19 -20 20 21 -23 24 -25 -26 -27 -28 28 -30 -31
leaf_value=-0.0024443740521514572 -0.0018652092988646852 0.00091071061872375692 -0.015951941533793888 -0.00069436409972717687 0.0003609185937549307 0.0046167714967446181 0.0030953883154156434 0.0099606364659842166 -0.00093626224283126648 0.0044514659319183731 0.001851513655108617 0.015883164450799719 -0.0035799466182119964 0.00069605085123922693 -0.013414062761436706 -0.0049712933319864686 0.00171728982828137 0.0032834116728294505 0.007289337873858443 -0.014726507352429974 0.009398970224262615 -0.005436293465315099 0.0086643137462412145 0.0014690266263490909 -0.0025154413295937722 0.0057425110353639917 0.00086473195323226351 -0.002454322450803883 -0.0083276943593628312 -0.015951894584799779
leaf_weight=3630 633 110 152 92342 3144 1893 1728 1333 35525 2715 7968 358 4916 7538 804 2063 9343 3046 431 495 190 1978 725 543 413 3701 92863 5556 1465 420
leaf_count=3630 633 110 152 92342 3144 1893 1728 1333 35525 2715 7968 358 4916 7538 804 2063 9343 3046 431 495 190 1978 725 543 413 3701 92863 5556 1465 420
internal_value=2.15389e-05 -4.70408e-05 0.000537099 -0.000714486 -0.00296877 -0.000513863 0.000685582 0.00564457 0.000611422 0.000534212 -0.000418026 0.00556248 -0.000598018 -0.00222399 -0.00505641 -0.000498332 -0.000356912 -0.000563537 -0.00212393 -0.00272827 -0.00613943 -0.00392501 -0.00074274 -0.00226108 0.00437455 0.004559 0.000970665 -0.00439207 -0.00374264 -0.0120008
internal_weight=288021 283687 151047 132640 10695 121945 143185 2028 141157 139071 43493 2086 120052 15321 5720 9601 104731 95388 7862 7431 2663 2168 4768 695 1138 4334 95578 7551 7021 530
internal_count=288021 283687 151047 132640 10695 121945 143185 2028 141157 139071 43493 2086 120052 15321 5720 9601 104731 95388 7862 7431 2663 2168 4768 695 1138 4334 95578 7551 7021 530
is_linear=0
shrinkage=0.03


Tree=8
num_leaves=31
num_cat=0
split_feature=29 171 198 238 283 168 156 54 118 113 180 143 100 171 179 98 193 172 201 32 58 119 239 164 115 294 232 58 236 73
split_gain=124.891 92.8859 89.2651 88.7019 71.534 98.6474 73.2576 68.7687 56.1417 52.9235 75.698 57.4207 53.9719 50.278 49.6552 48.9328 45.0498 44.1761 43.1723 47.9588 46.2038 40.97 54.9236 39.1185 38.6405 37.2784 36.8948 36.065 35.0031 38.5769
threshold=2.313153982162476 0.19619129598140719 1.6659331917762759 -0.78040122985839833 -2.180006623268127 -2.0739941596984859 -2.1784148216247554 -0.9439079463481902 -1.1347060799598692 0.74362003803253185 0.21303157508373263 -0.8294813036918639 -0.90604415535926808 -0.66348823904991139 0.66329032182693493 -0.66090470552444447 1.6545072793960574 0.57671263813972484 -1.6261938810348509 1.0250393152236941 1.0336816906929018 -1.8569947481155393 0.42485660314559942 -0.41399088501930231 -1.7663435339927671 -2.1663675308227535 1.831970274448395 -1.2565294504165647 0.74722975492477428 -0.18095976859331128
decision_type=2 2 2 2 2 2 2 2 2 2 2 2 2 2 2 2 2 2 2 2 2 2 2 2 2 2 2 2 2 2
left_child=1 2 4 28 13 14 -7 -8 -4 17 18 -12 -13 21 15 -6 -2 -5 20 -20 -11 -1 -23 -10 -18 -16 -26 -28 29 -3
right_child=16 3 8 9 5 6 7 -9 23 10 11 12 -14 -15 25 -17 24 -19 19 -21 -22 22 -24 -25 26 -27 27 -29 -30 -31
leaf_value=-0.010223582511858967 0 -0.0070338118704919329 -0.0024943237401800098 -0.00060082390080843468 0.0006498534682415131 0.006799053100037933 -0.0010848819197292604 0.00051790699000451429 -0.0030391087870362517 0.00098714122035579413 -0.015476407575689912 0.015437221563345675 -0.00076619813217211933 0.0069965617525338426 0 0.013409200940617812 0.02114981979205021 -0.002658056435817261 0.00082101982136474291 0.0055307556979808442 0.016843525247975506 -0.00092622185872160648 -0.012214674278055643 0.010195294193662231 0.0022657606373968518 0.018676142220078098 0.022742185020422349 0.007089083756088705 0.0013085484647385496 -0.0026760361259107017
leaf_weight=888 1159 2655 462 39546 1234 1529 29115 137371 182 399 219 165 24018 339 108 350 161 12579 16092 2245 333 2700 451 1619 1516 421 163 1352 1227 7391
leaf_count=888 1159 2655 462 39546 1234 1529 29115 137371 182 399 219 165 24018 339 108 350 161 12579 16092 2245 333 2700 451 1619 1516 421 163 1352 1227 7391
internal_value=1.66024e-05 -5.98999e-05 0.000361062 -0.000758945 0.000282123 0.000381324 0.00029803 0.000235714 0.00626103 -0.000458156 0.000309351 -0.000788668 -0.000630582 -0.00348879 0.00679891 0.00378823 0.00504981 -0.00110387 0.00172952 0.00141937 0.00885555 -0.00447289 -0.00270339 0.00867446 0.00687932 0.014801 0.0058893 0.00924302 -0.00327776 -0.00386922
internal_weight=287989 283638 176769 106869 174506 170128 168015 166486 2263 95596 43471 24402 24183 4378 2113 1584 4351 52125 19069 18337 732 4039 3151 1801 3192 529 3031 1515 11273 10046
internal_count=287989 283638 176769 106869 174506 170128 168015 166486 2263 95596 43471 24402 24183 4378 2113 1584 4351 52125 19069 18337 732 4039 3151 1801 3192 529 3031 1515 11273 10046
is_linear=0
shrinkage=0.03


Tree=9
num_leaves=31
num_cat=0
split_feature=77 102 53 288 298 224 57 179 99 115 239 177 235 54 218 282 229 3 150 116 115 111 108 122 172 96 246 53 232 228
split_gain=112.285 104.992 71.4821 58.2182 57.199 62.3165 56.2205 68.8336 59.4536 51.8792 55.8995 51.8729 56.1533 51.7682 51.4051 50.3591 75.7988 65.186 56.6084 51.6483 49.9451 47.7245 56.6238 44.6913 64.2844 68.1949 56.2852 41.7159 60.2739 56.9892
threshold=1.9035871624946596 0.032783066853880889 -1.3741954565048216 -1.762168228626251 -0.71798598766326893 1.1747196912765505 -0.1389951407909393 -0.39791984856128687 -1.1718181967735288 -2.1701146364212032 -1.8670849800109861 -1.0748637914657591 -0.88581424951553334 -1.5249679088592527 -1.8710289001464842 -1.806402266025543 -1.5736427903175352 -0.76493352651596058 -0.43116174638271326 -1.3525344729423521 0.18927527219057086 0.39612856507301336 1.1872020959854128 0.35569904744625097 0.031324874609708793 1.2945578098297121 0.39356888830661779 -0.094611302018165575 1.831970274448395 1.5851687192916872
decision_type=2 2 2 2 2 2 2 2 2 2 2 2 2 2 2 2 2 2 2 2 2 2 2 2 2 2 2 2 2 2
left_child=1 2 15 20 11 23 7 14 -9 -2 -11 12 -3 -8 -5 17 19 -1 -18 -17 -4 -7 -23 -6 26 -26 -25 -12 29 -29
right_child=9 4 3 6 5 21 13 8 -10 10 27 -13 -14 -15 -16 16 18 -19 -20 -21 -22 22 -24 24 25 -27 -28 28 -30 -31
leaf_value=-0.0017603098229054853 0.015365302205119828 -0.0031008384616558315 0.0057348088116048216 0.0069764776273085489 -0.00019948622719676663 0.0051265842109580314 0.013860109130929004 -0.0046399436393950817 -0.00063090227564177907 0.0082853198141650663 0.0066119112192682223 -0.0036550651056505633 0.0029088293624457426 0.0011241871212840275 0.00048873481364769458 0.00024751639718356407 0.00025621390527862873 -0.010009464017370403 -0.0049293718154811731 0.0079071926308498016 -0.0060932739087289269 -0.0022750141749238507 0.001685935306444132 -0.0047036930285202826 -0.0018070891595741436 -0.0068086655468076272 0.0011300582924664367 0.00079995938339246495 0.0045482669578657013 -0.0071867589851526597
leaf_weight=3247 308 2736 3157 1122 55714 2368 273 4166 17647 1444 1260 10160 2821 69779 38444 2127 4092 1228 3349 1331 317 4494 11306 1710 24697 2778 10390 2293 2103 1174
leaf_count=3247 308 2736 3157 1122 55714 2368 273 4166 17647 1444 1260 10160 2821 69779 38444 2127 4092 1228 3349 1331 317 4494 11306 1710 24697 2778 10390 2293 2103 1174
internal_value=4.80328e-05 -5.48245e-05 0.000483096 0.000705511 -0.000682933 -0.000444498 0.000601175 -5.7055e-05 -0.00141387 0.00342456 0.00290791 -0.00238231 0 0.00118204 0.000683722 -0.00144746 -0.000314998 -0.00412519 -0.00204443 0.00331053 0.00454094 0.00115833 0.000538906 -0.000753424 -0.00152519 -0.00232829 0.000274465 0.00170636 0.000523307 -0.00184419
internal_weight=288035 279453 150279 134905 129174 113457 131431 61379 21813 8582 8274 15717 5557 70052 39566 15374 10899 4475 7441 3458 3474 18168 15800 95289 39575 27475 12100 6830 5570 3467
internal_count=288035 279453 150279 134905 129174 113457 131431 61379 21813 8582 8274 15717 5557 70052 39566 15374 10899 4475 7441 3458 3474 18168 15800 95289 39575 27475 12100 6830 5570 3467
is_linear=0
shrinkage=0.03


Tree=10
num_leaves=31
num_cat=0
split_feature=29 171 17 235 283 37 228 118 7 237 222 110 236 118 11 171 2 114 178 179 58 171 239 198 139 229 175 199 58 68
split_gain=121.838 93.7665 96.2277 64.8187 57.1068 86.5683 59.2263 51.0297 45.6094 51.2977 45.9205 48.8858 46.7789 45.5667 42.8283 41.2299 41.6658 67.1086 49.3385 39.5539 61.7482 60.8969 42.6135 60.4167 40.1946 39.5591 37.6152 34.6506 67.7966 34.543
threshold=2.313153982162476 0.22989699989557269 1.6625338792800906 0.65430134534835827 -2.180006623268127 -2.2107729911804195 -2.2410446405410762 1.3862743377685549 0.10475309938192369 -0.73591166734695423 1.2955242395401003 0.92965558171272289 1.1317307949066164 -1.1347060799598692 0.79206672310829174 -0.61641395092010487 -0.96885925531387318 -1.1217342615127561 0.19607278704643252 0.66329032182693493 -0.57171484827995289 0.73058536648750316 -1.0402231216430662 0.99616882205009472 1.9243364334106448 1.4148341417312624 1.4386659860610964 -1.2858932018280027 0.74980920553207409 -0.96888345479965199
decision_type=2 2 2 2 2 2 2 2 2 2 2 2 2 2 2 2 2 2 2 2 2 2 2 2 2 2 2 2 2 2
left_child=1 2 4 19 15 -6 14 -8 9 -5 11 -10 26 -4 -7 16 18 -18 -1 20 21 -3 23 -22 -23 -21 -12 28 -11 -24
right_child=-2 3 13 8 5 6 7 -9 10 27 12 -13 -14 -15 -16 -17 17 -19 -20 25 22 24 29 -25 -26 -27 -28 -29 -30 -31
leaf_value=0.00056443295538946027 0.0050019233825350758 -0.0048645936725843298 -0.0015030875999253197 -0.0082918723069881645 0.0068738118391156906 0.0027270354473043121 0.00029154649640205174 -0.0034592329611712403 -0.00025753526280335626 -2.8508537649738399e-05 0.0019463342667295192 -0.0032528065465388632 -0.00077135881181390102 0.0082114673178182527 0.013651233265419369 0.0064870499033079934 -0.01293130971931389 0.0016723447737959213 -0.0082077149983466897 -0.0024677115384856368 0.0099989080390356384 -0.0012452637743284665 0.0031588919731226359 -0.0055772182681893528 0.0086739287652075284 -0.0083923723819451009 0.0097097025770105771 0.0009748428314630943 0.011923320577001843 -0.00094607789493248308
leaf_weight=1998 4319 6835 484 479 1795 1527 167094 3300 12252 824 2521 8442 4380 1995 440 329 894 355 762 6716 739 4219 1909 276 380 1266 774 17633 769 32265
leaf_count=1998 4319 6835 484 479 1795 1527 167094 3300 12252 824 2521 8442 4380 1995 440 329 894 355 762 6716 739 4219 1909 276 380 1266 774 17633 769 32265
internal_value=1.19529e-05 -6.33161e-05 0.000346379 -0.000788257 0.000262745 0.000349136 0.000278657 0.000216748 8.9436e-06 0.00112318 -0.000754678 -0.00149588 0.00120353 0.0061979 0.00543447 -0.00312242 -0.00401377 -0.00858321 -0.00179115 -0.00149535 -0.00115062 -0.00306931 -0.000517263 0.00544765 -0.000326716 -0.00346352 0.00390804 0.00138171 0.00563139 -0.000706282
internal_weight=287971 283652 180973 102679 178494 174156 172361 170394 48074 19705 28369 20694 7675 2479 1967 4338 4009 1249 2760 54605 46623 11434 35189 1015 4599 7982 3295 19226 1593 34174
internal_count=287971 283652 180973 102679 178494 174156 172361 170394 48074 19705 28369 20694 7675 2479 1967 4338 4009 1249 2760 54605 46623 11434 35189 1015 4599 7982 3295 19226 1593 34174
is_linear=0
shrinkage=0.03


Tree=11
num_leaves=31
num_cat=0
split_feature=90 102 196 53 98 39 227 113 168 157 206 34 231 299 168 164 227 46 300 185 228 110 136 290 236 292 143 21 114 232
split_gain=112.533 71.8884 70.9416 66.4283 51.7882 59.6252 50.9462 63.8842 48.1965 58.6081 47.582 44.8888 44.158 39.8323 41.6468 64.1705 53.3663 38.3256 37.5683 37.2897 36.8949 36.1488 47.0997 39.3066 32.4316 41.5365 31.9288 31.5036 30.4123 77.1751
threshold=2.3164842128753667 0.065780550241470351 1.153289318084717 -1.3741954565048216 -2.2211030721664424 -2.1977483034133907 -0.25136901438236231 -1.5322232246398924 -1.7099261283874509 -0.82106083631515492 -1.8736670613288877 -0.61013627052307118 -1.4066349267959593 0.75187316536903392 -1.4884035587310789 -1.0388116240501402 -1.1466808915138242 -0.75781673192977894 -0.01878262776881456 -1.8997471332550047 -2.2410446405410762 -0.42761437594890589 1.3499438762664797 -0.067644927650690065 -2.3740837574005123 -2.1713809967041011 0.98633366823196422 -0.25091326236724848 -0.065561272203922258 1.831970274448395
decision_type=2 2 2 2 2 2 2 2 2 2 2 2 2 2 2 2 2 2 2 2 2 2 2 2 2 2 2 2 2 2
left_child=1 2 3 13 5 12 11 -8 -6 -10 -9 -3 -5 14 15 -1 -16 -7 -15 -13 -4 22 -12 -23 -21 -26 -22 -20 -2 -30
right_child=28 6 20 4 8 17 7 10 9 -11 21 19 -14 18 16 -17 -18 -19 27 24 26 23 -24 -25 25 -27 -28 -29 29 -31
leaf_value=-0.0013433741560978216 0.010255212867931119 -0.010916442616401999 0.017567986648064107 -0.004544661932460196 0.0043691263828505352 0.013867971952702549 0.0090385158650987552 -0.013284094238887495 -0.000863575523513447 0.00063439796108890885 -0.0043557489144339457 0.013963953570985213 0.0065263477539365287 -0.0026256497979189582 -0.0071754128477130872 0.0089064406944722452 -0.0017233041564896118 -0.0020725145238860241 0.01092524122916363 -0.011730653359363578 0.0072718778721431419 0.0012427490064615739 0.0061271116138991635 -0.00055715552569173487 0.013622181466461656 -0.0022633728403093599 0.0011789291622906651 0 -0.0009231880618041727 0.0078075069221145927
leaf_weight=5608 787 558 176 635 2649 720 613 243 30434 101575 3670 103 608 579 2597 587 4821 122 573 315 1333 12137 391 101185 126 9108 2183 325 1736 1773
leaf_count=5608 787 558 176 635 2649 720 613 243 30434 101575 3670 103 608 579 2597 587 4821 122 573 315 1333 12137 391 101185 126 9108 2183 325 1736 1773
internal_value=-2.10522e-05 -9.51528e-05 0.000337368 0.000235073 0.00044532 0.00512579 -0.000621152 -0.000442297 0.000369871 0.000286697 -0.000495784 -0.00265818 0.000650667 -0.00164836 -0.00216936 -0.000298359 -0.00368655 0.0112158 0.00291792 -0.00212815 0.00443948 -0.000464497 -0.00324785 -0.00036155 -0.0023619 -0.00198522 0.00360182 0.00679836 0.00478538 0.00342243
internal_weight=288270 283974 155525 151833 136743 2085 128449 118239 134658 132009 117626 10210 1243 15090 13613 6195 7418 842 1477 9652 3692 117383 4061 113322 9549 9234 3516 898 4296 3509
internal_count=288270 283974 155525 151833 136743 2085 128449 118239 134658 132009 117626 10210 1243 15090 13613 6195 7418 842 1477 9652 3692 117383 4061 113322 9549 9234 3516 898 4296 3509
is_linear=0
shrinkage=0.03


Tree=12
num_leaves=31
num_cat=0
split_feature=93 171 17 298 43 98 168 54 113 193 88 280 325 172 36 114 176 176 222 21 141 298 46 181 233 136 228 114 2 336
split_gain=90.2366 99.7425 97.4865 80.2699 61.441 95.8705 70.7749 56.3713 56.3393 68.482 52.1445 51.3054 47.2004 46.1524 45.8034 45.708 43.207 42.0691 41.9365 69.7754 54.9881 40.7268 45.4131 39.7843 39.2844 38.4241 37.2556 33.6544 47.8278 31.8296
threshold=2.3109605312347417 0.22989699989557269 1.6625338792800906 -0.71798598766326893 -2.1630846261978145 -2.2211030721664424 -2.0739941596984859 -0.9439079463481902 0.79916709661483776 -1.4317582845687864 -1.8514503836631773 -2.1939355134963985 -0.013441385701298712 0.62540319561958324 -2.2167291641235347 1.8720769286155703 0.4217886775732041 0.9788188934326173 1.2955242395401003 0.84490802884101879 1.658393979072571 1.1284564137458803 -0.062947742640972124 -0.035024531185626977 0.39030189812183386 -0.76439523696899403 1.287480413913727 -0.87532594799995411 -0.96885925531387318 -0.0075572526548057786
decision_type=2 2 2 2 2 2 2 2 2 2 2 2 2 2 2 2 2 2 2 2 2 2 2 2 2 2 2 2 2 2
left_child=1 2 4 16 12 11 10 -8 13 15 -7 29 27 21 -13 24 -3 -4 19 -11 -20 26 -23 25 -10 -14 -5 28 -1 -6
right_child=-2 3 17 8 5 6 7 -9 9 18 -12 14 23 -15 -16 -17 -18 -19 20 -21 -22 22 -24 -25 -26 -27 -28 -29 -30 -31
leaf_value=-0.0043469478684521334 0.0042552311513021903 -0.0043366347016923004 0.0044495147665394117 -0.00054400238314106567 0.0075093086993505871 -0.0041600072365172228 -0.0009959590029905499 0.00045369849978111178 -0.0045331873704654571 0.00037062930875636653 0.0083732489579315429 0.016840805999481363 0.0019118538679777271 -0.002800994575202327 0.0030265142276209938 -0.0033375498351651705 0.00030126330328608962 0.016619140089438097 0.0030869749280170453 -0.002926866275647744 -0.0018897522213576598 0.0030392452514020176 -0.0052452040203028877 -0.0051575298217859198 0.012370523254550691 0.020442852319777761 0.0049672232084349253 0.00088425203558554946 -0.014913550561253864 -0.0033887550586165446
leaf_weight=1747 4371 8170 2255 34326 410 321 29005 141436 105 21451 1552 602 901 12411 440 241 2165 306 7377 7829 2643 675 3065 584 868 104 1113 508 552 495
leaf_count=1747 4371 8170 2255 34326 410 321 29005 141436 105 21451 1552 602 901 12411 440 241 2165 306 7377 7829 2643 675 3065 584 868 104 1113 508 552 495
internal_value=-1.12573e-05 -7.83545e-05 0.000343428 -0.000827351 0.000258017 0.000348092 0.000271072 0.000205153 -0.000541778 0.000289486 0.00604553 0.00694 -0.0032301 -0.00120025 0.0114569 0.00725063 -0.0033374 0.00613734 6.32439e-05 -0.000502225 0.00174322 -0.000684345 -0.00366202 0.000733737 0.0101897 0.00448364 -0.000359752 -0.00556941 -0.00712014 0.00127978
internal_weight=288028 283657 181218 102439 178657 174261 172314 170441 92104 40514 1873 1947 4396 51590 1042 1214 10335 2561 39300 29280 10020 39179 3740 1589 973 1005 35439 2807 2299 905
internal_count=288028 283657 181218 102439 178657 174261 172314 170441 92104 40514 1873 1947 4396 51590 1042 1214 10335 2561 39300 29280 10020 39179 3740 1589 973 1005 35439 2807 2299 905
is_linear=0
shrinkage=0.03


Tree=13
num_leaves=31
num_cat=0
split_feature=216 102 103 110 196 184 48 213 166 36 114 147 206 226 117 253 182 103 43 277 172 116 108 258 174 232 287 289 232 17
split_gain=81.6497 102.821 71.242 58.0256 53.872 56.4493 64.777 73.506 65.4339 49.8174 49.4157 45.5112 42.5686 50.5808 42.5399 41.0244 59.1631 39.5926 85.8269 41.4542 39.5175 40.5264 36.6127 36.5871 36.5618 50.0557 73.1236 61.8159 53.9151 35.8546
threshold=1.8490415811538699 0.065780550241470351 1.2898983359336855 -0.70701143145561207 1.153289318084717 1.2207558155059817 -0.35659930109977717 0.34041345119476324 0.37717877328395849 0.75967794656753551 -1.3669781684875486 1.0468317270278933 -1.0738465785980222 0.46828983724117285 -0.12994307279586789 0.9751209318637849 0.25253729522228247 -1.8087189197540281 -1.7861278653144834 -0.90630626678466786 0.1265460401773453 1.5820710659027102 0.80467790365219127 -1.6294358968734739 -0.8806372582912444 1.0035356283187868 1.877854645252228 1.8748015761375429 1.831970274448395 -1.626081585884094
decision_type=2 2 2 2 2 2 2 2 2 2 2 2 2 2 2 2 2 2 2 2 2 2 2 2 2 2 2 2 2 2
left_child=1 4 20 11 5 10 7 -7 -8 -6 15 14 13 -5 -3 16 -1 18 -12 -19 22 -22 -2 -15 -4 26 -26 -27 -29 -14
right_child=2 3 24 12 9 6 8 -9 -10 -11 17 -13 29 23 -16 -17 -18 19 -20 -21 21 -23 -24 -25 25 27 -28 28 -30 -31
leaf_value=-0.00064104399883354874 -0.00080258851142992317 -0.0033035267252841866 0.014961028567657911 -0.00042095907594123772 0.0056733517824001222 -0.012984227733793785 0.0067376151627097612 0.0028428351068630164 -0.011359107580520828 -0.0027094578374629364 0.00082368166429002364 0.0011219847867700329 0.010778020889908075 0.00023988645140300777 -0.01081826347180157 0.0098699119662588857 -0.0061272283043056659 -0.00057064952747455156 0.01066818174573495 0.00077223514387235188 -0.0094139550875183969 0.0046022745525621089 0.017647117993150989 -0.013805430969726798 0.0031850619575947924 0.0097601561631468405 -0.0096623856528874185 -0.0040077859091773062 0.0048108930222743648 -0.00054147076899810527
leaf_weight=12778 265 2447 269 1062 3065 944 637 316 222 738 3144 1073 230 167 1056 269 2073 25514 1088 104549 811 194 111 646 1344 1753 540 782 2452 117561
leaf_count=12778 265 2447 269 1062 3065 944 637 316 222 738 3144 1073 230 167 1056 269 2073 25514 1088 104549 811 194 111 646 1344 1753 540 782 2452 117561
internal_value=1.15927e-05 -7.56265e-05 0.00290191 -0.000719779 0.000437676 0.000346725 -0.00448055 -0.00879813 0.00156736 0.00396247 0.000417783 -0.00403915 -0.000589686 -0.00506862 -0.0057026 -0.00120053 -0.00143423 0.00060237 0.00346342 0.000506453 -0.00317993 -0.00637864 0.00450261 -0.0106237 0.00412574 0.00361581 -0.00040258 0.00518934 0.00257476 -0.000514996
internal_weight=288100 279579 8521 124242 155337 151534 2119 1260 859 3803 149415 4576 119666 1875 3503 15120 14851 134295 4232 130063 1381 1005 376 813 7140 6871 1884 4987 3234 117791
internal_count=288100 279579 8521 124242 155337 151534 2119 1260 859 3803 149415 4576 119666 1875 3503 15120 14851 134295 4232 130063 1381 1005 376 813 7140 6871 1884 4987 3234 117791
is_linear=0
shrinkage=0.03


Tree=14
num_leaves=31
num_cat=0
split_feature=29 171 203 55 17 230 118 238 283 290 156 175 176 310 325 309 353 158 94 179 178 239 189 21 222 218 236 87 315 276
split_gain=88.772 68.3496 66.9632 66.9048 73.3413 71.1907 60.0276 51.9609 51.1889 66.8676 66.4449 59.0983 48.1906 45.4121 39.8402 40.8999 36.1366 38.8786 38.3179 37.6622 36.0825 35.5293 35.4264 35.7054 33.886 87.824 55.3951 49.4607 32.9901 32.619
threshold=2.313153982162476 0.22989699989557269 1.472549617290497 0.48231163620948797 -1.4385568499565122 -0.033339256420731538 1.3862743377685549 -0.096407249569892869 -2.180006623268127 -2.1532540321350093 -2.1784148216247554 -1.2991574406623838 0.89855054020881664 -0.021249284036457535 -0.013441385701298712 -0.021272731944918629 -1.0000000180025095e-35 -0.43207079172134394 1.3100565671920779 0.83481425046920787 -1.0502370595932005 0.70955583453178417 0.81839638948440563 1.8853458166122439 1.1880238652229311 1.2744210958480837 -0.31228190660476679 -0.48302491009235377 -1.0000000180025095e-35 1.8689450025558474
decision_type=2 2 2 2 2 2 2 2 2 2 2 2 2 2 2 2 2 2 2 2 2 2 2 2 2 2 2 2 2 2
left_child=1 2 6 5 7 20 8 -5 14 11 -11 -10 22 -9 -1 -16 17 19 -19 -8 -3 -15 -4 -24 25 26 -6 -26 -7 -2
right_child=29 3 12 4 24 28 16 13 9 10 -12 -13 -14 21 15 -17 -18 18 -20 -21 -22 -23 23 -25 27 -27 -28 -29 -30 -31
leaf_value=-0.0052483224766447911 -0.00015636209038969289 -0.015319467848569071 -0.0037817784141739186 -0.00084837074377169103 -0.011703966018279076 -0.0015417700078955139 -0.0078136119346848675 0.00034706196528585517 0.0007547855391985157 0.0064980256720491257 0.00023828829973670016 0.010587958722153012 0.013989670089253321 0.017560719245438849 0.010509591581093105 -0.0015477956134807697 0.0037783006957739932 -0.0093158997542362801 0.0072906537585572355 0.0020219669717855024 -0.0046078537370540075 0.000343579885911499 0.0069774137295804889 -0.00037026553351520564 -0.01069232733442301 -0.0066825855420242046 -0.00014404339609821323 0.0014581844405899247 0.00071805186164368895 0.005737691768761731
leaf_weight=2607 1005 349 518 555 358 38333 495 371 1275 1525 165651 1060 415 576 293 1223 458 1526 101 1011 2459 177 1669 801 284 2011 37896 12808 6645 3266
leaf_count=2607 1005 349 518 555 358 38333 495 371 1275 1525 165651 1060 415 576 293 1223 458 1526 101 1011 2459 177 1669 801 284 2011 37896 12808 6645 3266
internal_value=2.90913e-06 -6.08767e-05 0.000289435 -0.000679125 2.86782e-05 -0.00150026 0.000207363 0.00616937 0.000288549 0.000370607 0.000297955 0.00539806 0.00444983 0.00985103 -0.00299825 0.000693745 -0.00361494 -0.00480798 -0.00802684 -0.00107429 -0.00614418 0.0140154 0.00294091 0.00449031 -0.000161172 -0.000597194 -0.000266124 0.00115582 -0.00120107 0.0042866
internal_weight=287721 283450 180628 102822 55036 47786 177225 1679 173634 169511 167176 2335 3403 1124 4123 1516 3591 3133 1627 1506 2808 753 2988 2470 53357 40265 38254 13092 44978 4271
internal_count=287721 283450 180628 102822 55036 47786 177225 1679 173634 169511 167176 2335 3403 1124 4123 1516 3591 3133 1627 1506 2808 753 2988 2470 53357 40265 38254 13092 44978 4271
is_linear=0
shrinkage=0.03


Tree=15
num_leaves=31
num_cat=0
split_feature=270 102 194 53 290 43 57 115 88 266 102 193 106 106 17 112 159 1 148 236 58 297 194 276 218 118 70 113 53 223
split_gain=87.4598 66.8991 53.0902 58.4618 53.2054 64.1871 54.4716 69.0677 59.25 40.7484 44.4137 40.247 36.9562 36.8372 75.3204 54.1131 62.2502 44.692 36.7757 42.5369 35.7012 35.0457 33.0503 32.4529 34.156 31.9872 52.3576 50.331 31.1426 45.0463
threshold=2.3112641572952275 0.065780550241470351 1.3558627963066103 -1.7741061449050901 -2.1532540321350093 -2.1630846261978145 -0.1389951407909393 -1.7663435339927671 0.23870090395212176 -0.96978646516799916 0.86567598581314098 1.6545072793960574 -2.1665210723876949 0.6491677761077882 -1.626081585884094 0.59441602230072033 0.70750552415847789 0.47755904495716101 -0.90016886591911305 -1.1648572683334348 -1.1412330269813535 1.8463669419288637 1.4939113259315493 0.70797240734100353 0.23305296152830127 1.0437784790992739 -0.89303058385848988 1.2883504033088686 -0.029170131310820576 1.8409563899040224
decision_type=2 2 2 2 2 2 2 2 2 2 2 2 2 2 2 2 2 2 2 2 2 2 2 2 2 2 2 2 2 2
left_child=1 2 3 -1 5 20 8 -8 -6 10 18 -2 -7 15 -15 21 -17 -18 19 -3 -5 22 -11 24 -4 26 -16 -27 -13 -30
right_child=11 9 23 4 6 12 7 -9 -10 13 -12 28 -14 14 25 16 17 -19 -20 -21 -22 -23 -24 -25 -26 27 -28 -29 29 -31
leaf_value=-0.002287280914960678 -0.00019583740183085361 -0.014599646577519011 0.0043665972315277768 -0.014535452073180766 4.5631276778772275e-05 0.022321914507673405 0.014640978816092352 0.00082519496350133613 -0.0026316761043478258 -0.00063663811042954748 -0.014153208853798888 0.013207781868819147 0.0066692151757635843 0.022864859986190613 0.0067997810995045491 -0.0013031655112064023 -0.0019454489691127484 -0.0083443423737342651 -0.0090555968332318524 0.0017152869087096042 0.0019589269716800777 -0.010837327913837866 0.0030765040268857552 -0.00095155288021448728 0.015569291005088094 -0.0032561939328553894 0.00021844022124999654 0.00050417639189398271 -0.0016592467758052337 0.0068209662288736964
leaf_weight=7702 1233 141 1316 139 61401 187 310 74111 8415 54302 357 480 867 110 1104 10568 1906 2435 541 1328 369 279 2204 541 343 6175 40323 6386 708 1954
leaf_count=7702 1233 141 1316 139 61401 187 310 74111 8415 54302 357 480 867 110 1104 10568 1906 2435 541 1328 369 279 2204 541 343 6175 40323 6386 708 1954
internal_value=-3.08079e-05 -9.68568e-05 0.000319706 0.000250997 0.000387437 0.00587049 0.000325174 0.000890693 -0.000273433 -0.000605252 -0.00450536 0.00416727 0.0100896 -0.000528776 5.70153e-05 -0.000974871 -0.0025876 -0.00562538 -0.00252144 0 -0.00236575 -0.000545404 -0.000485464 0.00493316 0.00701931 0 0.000404263 -0.00132282 0.00596475 0.00445811
internal_weight=288235 283860 155701 153501 145799 1562 144237 74421 69816 128159 2367 4375 1054 125792 54098 71694 14909 4341 2010 1469 508 56785 56506 2200 1659 53988 41427 12561 3142 2662
internal_count=288235 283860 155701 153501 145799 1562 144237 74421 69816 128159 2367 4375 1054 125792 54098 71694 14909 4341 2010 1469 508 56785 56506 2200 1659 53988 41427 12561 3142 2662
is_linear=0
shrinkage=0.03


Tree=16
num_leaves=31
num_cat=0
split_feature=93 102 178 196 241 98 113 286 11 58 215 166 298 119 145 126 298 192 287 170 36 225 112 298 227 300 111 276 52 177
split_gain=83.4212 71.8999 62.2942 56.6061 54.3472 56.2651 50.938 54.909 49.854 52.3768 49.456 52.0176 51.629 46.141 46.3078 41.708 41.4951 39.9818 39.9142 38.4208 37.7466 34.6576 34.1172 86.9931 56.0443 30.0349 29.9519 29.8145 29.6916 29.4462
threshold=2.3109605312347417 0.065780550241470351 -0.97219336032867421 1.153289318084717 0.39915888011455541 -2.2211030721664424 -1.3619170188903806 0.032566806301474578 0.034360093995928771 0.81042644381523143 -0.4090233296155929 0.67723509669303905 -2.2835797071456905 -2.3257318735122676 0.17112233489751819 -0.56155064702033985 -0.18435378372669217 0.10891065746545793 -0.39577491581439966 -0.95275872945785511 0.75967794656753551 1.0000000180025095e-35 0.59441602230072033 1.8487166166305544 1.1831293702125552 -0.0022266532760113473 -0.70228087902069081 -0.51775360107421864 -1.3519502282142637 -1.0748637914657591
decision_type=2 2 2 2 2 2 2 2 2 2 2 2 2 2 2 2 2 2 2 2 2 2 2 2 2 2 2 2 2 2
left_child=1 3 15 4 8 -6 17 27 13 16 12 -12 -7 -1 -15 26 -10 21 -11 -17 25 -4 23 -9 -24 -5 -3 -8 -29 -21
right_child=-2 2 6 20 5 10 7 22 9 18 11 -13 -14 14 -16 19 -18 -19 -20 29 -22 -23 24 -25 -26 -27 -28 28 -30 -31
leaf_value=-0.0039810872301602159 0.0041313127462549865 0.0013983163637009859 -0.011160618357360362 0.0066919879369899665 0.011750319678205123 0.011473064414404063 -0.0082554563652642455 0.0004721335098947741 0.00089532457365481372 0.002940373574272685 3.1736221154387435e-05 -0.0095067064188196684 -0.003960927307076775 0.00050475853432571259 -0.0024743807480685628 -0.010674053002126335 0.0038002997639316246 0.0084051998809524762 -0.0057588093261981416 0.00056728319662130054 -0.0019709934709937946 0.0060795278439951701 -0.0015843934375541567 -0.011441318146582306 0.0005456991557363191 -0.0012987668242172997 -0.01099418214043958 -0.015303568517407964 -0.0015817790149092324 -0.0031319450016373406
leaf_weight=2213 4363 163 195 2632 278 173 665 52665 8969 673 14007 512 6324 103056 4873 445 9440 1010 1306 3091 685 166 28905 536 17776 425 852 129 16792 4660
leaf_count=2213 4363 163 195 2632 278 173 665 52665 8969 673 14007 512 6324 103056 4873 445 9440 1010 1306 3091 685 166 28905 536 17776 425 852 129 16792 4660
internal_value=2.34847e-05 -3.89371e-05 -0.000566338 0.000393268 0.000301015 -0.00109903 -0.000378968 -0.000448832 0.000531842 0.00189634 -0.00129427 -0.000296609 -0.00346997 0.000276244 0.000367038 -0.0029452 0.00240376 0.00531173 -0.00265058 -0.00217333 0.00403499 -0.00254263 -0.000173213 0.000342214 -0.00076695 0.00548235 -0.00872564 -0.00199523 -0.00172204 -0.00162047
internal_weight=287979 283616 128050 155566 151824 21294 118839 117468 130530 20388 21016 14519 6497 110142 107929 9211 18409 1371 1979 8196 3742 361 99882 53201 46681 3057 1015 17586 16921 7751
internal_count=287979 283616 128050 155566 151824 21294 118839 117468 130530 20388 21016 14519 6497 110142 107929 9211 18409 1371 1979 8196 3742 361 99882 53201 46681 3057 1015 17586 16921 7751
is_linear=0
shrinkage=0.03


Tree=17
num_leaves=31
num_cat=0
split_feature=171 17 235 43 230 161 227 283 290 98 230 124 202 84 94 219 116 351 352 36 96 98 112 5 177 31 288 279 235 178
split_gain=63.751 89.2817 82.6234 60.4007 60.1877 55.2502 51.0016 49.0232 79.7581 63.2891 61.6548 64.5057 55.5515 47.9793 53.7124 43.6199 42.5848 41.1988 41.1288 40.9799 49.0577 39.9859 38.5726 38.7014 72.4133 46.1334 38.4556 37.2107 36.7882 36.7284
threshold=0.22989699989557269 1.6625338792800906 0.65430134534835827 2.3152472972869877 -0.033339256420731538 -1.5318498015403745 -0.74866437911987294 -2.180006623268127 -2.1532540321350093 -2.2211030721664424 -0.40599916875362391 0.35475727915763861 -1.8745487928390501 -0.21325524151325223 -2.2437491416931148 -1.0000000180025095e-35 -0.63779383897781361 -0.0067702636588364831 -0.012732222676277159 -0.031398028135299676 -0.20933336764574048 0.45296539366245275 2.3381056785583501 -1.4451840519905088 -0.71311691403388966 -0.60974034667015065 1.875021815299988 1.8651031851768496 -0.96663606166839589 -1.1438978314399717
decision_type=2 2 2 2 2 2 2 2 2 2 2 2 2 2 2 2 2 2 2 2 2 2 2 2 2 2 2 2 2 2
left_child=1 7 4 19 5 -2 -3 17 12 13 11 -11 -9 14 -10 16 -14 -1 -5 -4 -21 -8 23 24 -6 -26 27 -25 -28 -7
right_child=2 6 3 18 22 29 21 8 9 10 -12 -13 15 -15 -16 -17 -18 -19 -20 20 -22 -23 -24 26 25 -27 28 -29 -30 -31
leaf_value=-0.0053033040037884062 0.0071851847676019385 -0.0018718359791135518 0.001817946467342735 0.0084657086743505031 -0.009050243032213889 -0.016516731595865596 0 -0.0042962934446471339 0.009548494444313653 0 0.00070452319500003628 -0.0022170963746766942 0.0067675362265641678 0.019719377558083343 -0.0017001984531203214 -0.0015385695438366383 0.019461541804433904 0.00043567570959237071 0.0011970277647303258 -0.011128836926036169 -0.00028064558499935201 0.0096209827761260091 0.0062083316219163718 -0.0013499031613149958 0.00086054419332396619 0.012750792442224337 0.0056287690004057827 0.0032947029648966613 -0.0077456439439074262 -0.0051191758939152501
leaf_weight=2558 257 577 9334 1283 303 303 435 373 718 57867 97690 14759 1427 196 706 330 333 1834 1784 361 37842 1817 608 47234 698 580 172 1551 1380 2819
leaf_count=2558 257 577 9334 1283 303 303 435 373 718 57867 97690 14759 1427 196 706 330 333 1834 1784 361 37842 1817 608 47234 698 580 172 1551 1380 2819
internal_value=1.10318e-05 0.000353771 -0.00057055 0.00030281 -0.00136629 -0.00525977 0.00562805 0.000268018 0.000348521 0.000269564 0.000211237 -0.000448168 0.00569295 0.00614136 0.00381748 0.00764173 0.00952952 -0.00284773 0.00437002 3.2365e-05 -0.000396774 0.00768125 -0.0011082 -0.00120202 0.00333861 0.00660119 -0.00135186 -0.0011948 -0.00601983 -0.00641892
internal_weight=288129 181620 106509 50604 55905 3379 2829 178791 174399 171936 170316 72626 2463 1620 1424 2090 1760 4392 3067 47537 38203 2252 52526 51918 1581 1278 50337 48785 1552 3122
internal_count=288129 181620 106509 50604 55905 3379 2829 178791 174399 171936 170316 72626 2463 1620 1424 2090 1760 4392 3067 47537 38203 2252 52526 51918 1581 1278 50337 48785 1552 3122
is_linear=0
shrinkage=0.03


Tree=18
num_leaves=31
num_cat=0
split_feature=93 102 75 286 236 297 105 172 236 230 91 47 294 219 79 33 166 91 119 331 325 43 58 206 17 18 290 18 179 41
split_gain=69.617 64.0671 50.8854 47.9045 39.3675 72.0572 66.9612 77.9001 63.6232 43.0781 39.5964 38.1544 57.5869 46.3898 37.6768 36.4362 35.6462 34.4126 35.3284 34.2837 33.1901 32.6062 33.4367 33.2362 50.3274 52.1202 41.9411 41.8614 36.7914 28.9085
threshold=2.3109605312347417 0.032783066853880889 1.3453557491302492 1.0000000180025095e-35 0.50091767311096203 0.71815651655197155 -0.7598356008529662 -0.75993981957435597 0.70001047849655162 -0.24682103097438809 -2.2510462999343868 0.43816839158535009 0.32301457226276403 -0.59116128087043751 0.24447370320558551 -1.4187083244323728 0.37717877328395849 -0.20717517286539075 1.14911824464798 -0.0090539087541401369 -0.0052934652194380752 -0.2715031206607818 0.69559770822525036 -1.0738465785980222 -1.4385568499565122 -1.6264205574989317 1.1756403446197512 -1.4355463981628416 -0.069008503109216676 0.80429348349571239
decision_type=2 2 2 2 2 2 2 2 2 2 2 2 2 2 2 2 2 2 2 2 2 2 2 2 2 2 2 2 2 2
left_child=1 2 4 17 5 11 7 -6 -9 -7 -8 13 -13 -1 -2 -11 -12 -3 29 -16 -4 22 -5 26 25 -25 28 -26 -23 -19
right_child=14 3 20 21 6 9 10 8 -10 15 16 12 -14 -15 19 -17 -18 18 -20 -21 -22 23 -24 24 27 -27 -28 -29 -30 -31
leaf_value=-0.00037005617326404673 0.014971568091782959 -0.0045103218165153357 0.0070358410832819067 0.010861894839348598 0.01520966266248356 -0.0068801912657668867 -0.013869858843020418 -0.0023365224212553992 0.0060310431426346053 0.013970233676248582 0.0013792443035865257 -0.0057814559471839897 0.0013085827878432312 0.00083357930402613975 0.0058887025648246506 -0.0017234969025599878 -0.0018747261513002199 -0.00052934544573826094 -0.0066032967042444265 0.00026442034465806789 -0.00094499146961927625 -0.0080753821854265967 -0.0043977196277269429 -0.002931118510721717 -0.016576132352587643 0.017489406409925624 -0.013960619026391029 -0.00029279594347678291 0.0025963706278327842 -0.0055931665762472341
leaf_weight=51526 247 3719 1638 435 563 2082 145 1191 2285 125 17209 2297 1745 64715 1890 1513 3591 14968 1048 2241 561 465 135 140 123 268 334 109436 654 1093
leaf_count=51526 247 3719 1638 435 563 2082 145 1191 2285 125 17209 2297 1745 64715 1890 1513 3591 14968 1048 2241 561 465 135 140 123 268 334 109436 654 1093
internal_value=-5.71721e-06 -6.47535e-05 0.000356353 -0.000546337 0.000287009 6.54899e-05 0.00137354 0.00491236 0.00308124 -0.00403171 0.00067278 0.000195347 -0.00265534 0.000297493 0.00373867 -0.000190855 0.000801795 -0.0018695 -0.00127336 0.00292587 0.00487444 -0.000297285 0.00671274 -0.000337037 -0.00027413 0.00997189 -0.00482598 -0.000316837 -0.00163881 -0.000899137
internal_weight=288382 284004 151186 132818 148987 124003 24984 4039 3476 3720 20945 120283 4042 116241 4378 1638 20800 20828 17109 4131 2199 111990 570 111420 109967 408 1453 109559 1119 16061
internal_count=288382 284004 151186 132818 148987 124003 24984 4039 3476 3720 20945 120283 4042 116241 4378 1638 20800 20828 17109 4131 2199 111990 570 111420 109967 408 1453 109559 1119 16061
is_linear=0
shrinkage=0.03


Tree=19
num_leaves=31
num_cat=0
split_feature=171 232 86 203 238 69 169 118 102 118 230 110 108 176 69 194 236 297 90 16 239 183 42 282 216 48 288 230 176 43
split_gain=63.1068 78.591 83.2943 77.7344 54.9924 58.0192 55.2033 62.4179 53.158 61.6656 58.105 54.9613 50.9713 47.4732 45.6345 66.5771 51.567 70.8967 44.3651 42.8877 42.416 38.7546 36.9612 36.6186 35.3114 40.9391 35.2305 35.204 43.473 40.9765
threshold=0.22989699989557269 1.831970274448395 1.88446980714798 1.472549617290497 -0.78040122985839833 -1.2802212834358213 1.9176651835441592 0.89126053452491771 0.065780550241470351 1.564591705799103 -0.32327733933925623 -0.70701143145561207 1.0900944471359255 0.89855054020881664 0.59620374441146862 0.86549338698387157 0.53685128688812267 0.71815651655197155 1.1140861511230471 1.9073445796966555 -1.371203541755676 0.14277134835720065 1.1826484203338625 0.65092286467552196 1.5991004705429079 2.3309659957885747 -1.762168228626251 0.16147989779710772 0.38017675280570989 -0.098841052502393709
decision_type=2 2 2 2 2 2 2 2 2 2 2 2 2 2 2 2 2 2 2 2 2 2 2 2 2 2 2 2 2 2
left_child=3 4 -3 8 19 22 12 -8 10 11 14 23 -7 -5 16 -16 17 -1 -13 27 -4 -14 -6 -10 -22 -26 -17 28 -2 -29
right_child=1 2 20 13 5 6 7 -9 9 -11 -12 18 21 -15 15 26 -18 -19 -20 -21 24 -23 -24 -25 25 -27 -28 29 -30 -31
leaf_value=0.00025416459364456084 -0.010451691545282211 0.00019001277410556688 0.014170749935790233 0.0031397509413799911 0.0039397630514101875 -0.00094897090125508927 3.2290965185433358e-05 -0.0086990676604891907 -0.0023483534857173726 -0.010137530872065445 0.001358070409424433 -0.0003885387413285823 0.0032022336816388245 0.013337115462774073 -0.0045522630240956239 0.009260329141829643 0.0034899798779122462 -0.0057705743420881483 0.0035799554707173914 0.0025911362968608531 -0.0046809643982012993 0 -0.010831992071590676 -0.010119067505455926 0.011333708054375719 0.0016481417966193019 -1.0246555916239232e-05 0.0023916433392394149 0.00073338074527371996 -0.0035683237297375161
leaf_weight=64018 1200 6114 550 3324 3309 64858 1225 1604 3328 583 51839 41507 4738 488 4368 398 4258 1786 2674 1081 282 11364 131 693 744 1006 2617 1152 352 6667
leaf_count=64018 1200 6114 550 3324 3309 64858 1225 1604 3328 583 51839 41507 4738 488 4368 398 4258 1786 2674 1081 282 11364 131 693 744 1006 2617 1152 352 6667
internal_value=1.34308e-05 -0.000565838 0.00215456 0.000353903 -0.000811483 -0.000560452 -0.000720433 -0.00483927 0.00026111 -0.00057946 0.000580657 -0.000453478 -0.000571643 0.00458627 5.61949e-05 -0.00217905 0.000296576 8.43846e-05 -0.000140052 -0.00287278 0.00665397 0.000928897 0.00323117 -0.00380529 0.00435492 0.00601692 0.00116764 -0.0035392 -0.00774698 -0.00264809
internal_weight=288258 106377 8696 181881 97681 87229 83789 2829 178069 48785 129284 48202 80960 3812 77445 7383 70062 65804 44181 10452 2582 16102 3440 4021 2032 1750 3015 9371 1552 7819
internal_count=288258 106377 8696 181881 97681 87229 83789 2829 178069 48785 129284 48202 80960 3812 77445 7383 70062 65804 44181 10452 2582 16102 3440 4021 2032 1750 3015 9371 1552 7819
is_linear=0
shrinkage=0.03


Tree=20
num_leaves=31
num_cat=0
split_feature=276 171 238 165 294 80 299 203 357 118 232 49 57 177 223 54 110 179 33 159 310 171 126 348 176 189 275 39 83 46
split_gain=62.5446 68.1886 66.9847 57.5171 60.0767 54.3139 63.4657 47.9518 47.5772 47.3394 47.0047 109.51 51.2462 49.9171 43.6265 43.5505 61.3525 58.9063 62.3923 52.8272 40.9235 40.0268 38.2965 37.0617 36.8025 38.5389 34.6923 31.1779 43.828 37.7078
threshold=1.8689450025558474 0.26347431540489202 -0.78040122985839833 0.49594157934188848 -1.5267949700355528 -1.4392154812812803 1.3616065382957461 1.472549617290497 -0.0069814585149288169 1.0437784790992739 1.831970274448395 1.2934588789939883 1.3842471241950991 1.6608173847198489 1.1861789226531985 -0.9439079463481902 -1.7717329859733579 0.74415260553359996 0.71226692199707042 -1.7825545668601988 -0.02261125203222036 -1.6977037191390989 0.91478341817855846 -0.0082290731370449049 0.9788188934326173 0.81839638948440563 1.8715361952781679 1.0818008184432986 1.8764672279357912 0.80342921614646923
decision_type=2 2 2 2 2 2 2 2 2 2 2 2 2 2 2 2 2 2 2 2 2 2 2 2 2 2 2 2 2 2
left_child=1 7 27 -2 -5 6 -4 9 20 15 11 13 14 -6 -13 17 23 18 -1 -19 -8 -18 -14 -17 25 -9 -12 28 -3 -29
right_child=3 2 5 4 10 -7 8 24 -10 -11 26 12 22 -15 -16 16 21 19 -20 -21 -22 -23 -24 -25 -26 -27 -28 29 -30 -31
leaf_value=-0.00079987501746787645 -0.0077576418398318213 -0.0025065976469125484 0.00096136346312768065 0.01684125632388701 0.0031901130642316188 -0.00061631094277581945 0.0006728331706630931 -0.0045833497569579612 0 -0.0020638710155761971 -0.0035963367774618413 -0.012907368272358503 0.0018120665683117867 0.015847872645567945 0.0010165095936583307 0.0084637763130012891 -0.0064325407196864819 -0.0034079397680528791 -0.0069531773075703473 0.0049510329182995989 0.024249267583256774 0.00046093594099271294 -0.013570848879683312 0 0.013163213471613698 0.004152534455809871 0.0064658212803496299 -0.012539233923445003 0.010162665464624061 -0.0036510858105721334
leaf_weight=28830 433 6984 1671 264 2044 82540 122 507 149 8186 293 211 142 335 1484 1366 737 842 1564 2755 274 136673 601 725 334 2499 2827 624 227 1923
leaf_count=28830 433 6984 1671 264 2044 82540 122 507 149 8186 293 211 142 335 1484 1366 737 842 1564 2755 274 136673 601 725 334 2499 2827 624 227 1923
internal_value=-2.88796e-05 -0.000107664 -0.000763874 0.0024815 0.00307616 -0.000488307 0.00410818 0.000225978 0.01285 0.000158559 0.00253943 0.00060444 -0.00377816 0.00521483 -0.00067217 0.000265377 0.000501249 -0.000693563 -0.00113074 0.00290337 0.0180885 0.000420849 -0.0102673 0.00558858 0.00378113 0.00255942 0.00540845 -0.00312082 -0.00203928 -0.00602623
internal_weight=288166 279532 94514 8634 8201 84756 2216 185018 545 181678 7937 4817 2438 2379 1695 173492 139501 33991 30394 3597 396 137410 743 2091 3340 3006 3120 9758 7211 2547
internal_count=288166 279532 94514 8634 8201 84756 2216 185018 545 181678 7937 4817 2438 2379 1695 173492 139501 33991 30394 3597 396 137410 743 2091 3340 3006 3120 9758 7211 2547
is_linear=0
shrinkage=0.03


Tree=21
num_leaves=31
num_cat=0
split_feature=93 102 104 98 228 206 60 227 53 226 192 107 92 325 238 236 162 297 35 285 42 166 259 114 17 178 23 218 118 258
split_gain=69.9145 63.0522 61.0408 82.5758 56.3825 54.4874 46.1856 42.1955 47.7674 41.767 41.34 39.4446 39.4342 38.6696 41.6725 38.2654 73.8939 62.9862 37.9829 37.5674 34.6569 39.3238 34.1113 32.3887 32.5215 31.6412 30.5184 30.0124 29.2737 29.1449
threshold=2.3109605312347417 0.065780550241470351 -2.1753008365631099 -2.2211030721664424 -2.2410446405410762 -1.0738465785980222 0.60870188474655162 0.16859675943851474 0.33217728137969976 0.46828983724117285 1.3382787108421328 -0.70600605010986317 -2.2581619024276729 -0.013841684907674788 -0.63744449615478505 0.53685128688812267 -0.81097105145454396 0.77388241887092601 -0.47277894616127009 -0.31576964259147638 0.92743751406669628 0.49405583739280706 0.46927708387374883 -2.1736707687377925 -1.4385568499565122 0.19607278704643252 -0.17716713249683377 1.0074908137321474 0.28260491788387304 -1.6294358968734739
decision_type=2 2 2 2 2 2 2 2 2 2 2 2 2 2 2 2 2 2 2 2 2 2 2 2 2 2 2 2 2 2
left_child=1 2 13 6 10 9 11 8 20 19 28 12 -4 14 25 17 -17 -6 -9 -3 21 -7 -2 -20 -25 -1 -22 -10 -5 -11
right_child=22 5 3 4 15 7 -8 18 27 29 -12 -13 -14 -15 -16 16 -18 -19 23 -21 26 -23 -24 24 -26 -27 -28 -29 -30 -31
leaf_value=-0.0058344249279939607 0.014097220851602284 -0.011395245956472164 0.010841221167760337 0.0053226624268310156 0.0002191949154932413 -0.00068025756237102819 0.019590426701439644 0.0048145985827584298 -0.0027743619016697644 0 0.018209991863717072 -0.0084292270093415441 0.0013998459224795362 0.00025668084634147083 0 0.0052735341841221601 0.00068430200969637404 -0.0040341672952186368 0.01094426071255312 0.00090106699486863459 -0.017814566702385577 0.0068730542376875797 0.0029712088307656728 0.01013729086673508 -0.0002648020019528756 -0.018047559691613979 -0.0033497928094066935 -0.0089199007797560025 -0.0057168955456642113 -0.013391481772954909
leaf_weight=1620 267 257 802 1434 119629 22261 208 1356 5887 176 200 156 951 1765 877 3768 20577 3194 213 992 146 613 4114 250 93188 247 1357 878 212 652
leaf_count=1620 267 257 802 1434 119629 22261 208 1356 5887 176 200 156 951 1765 877 3768 20577 3194 213 992 146 613 4114 250 93188 247 1357 878 212 652
internal_value=2.5638e-05 -3.14855e-05 0.000373197 0.000477696 0.000391524 -0.000525007 0.00634245 -0.000442613 -0.00140152 -0.00533432 0.00558362 0.00455531 0.00596206 -0.00304977 -0.00527156 0.000323609 0.00141066 0.000105506 -0.000124909 -0.00153239 -0.000765506 -0.000458905 0.00377843 -0.000200645 -0.000231597 -0.00778334 -0.00516736 -0.00364012 0.00366917 -0.0105442
internal_weight=288247 283866 155640 151131 149014 128226 2117 126149 31142 2077 1846 1909 1753 4509 2744 147168 24345 122823 95007 1249 24377 22874 4381 93651 93438 1867 1503 6765 1646 828
internal_count=288247 283866 155640 151131 149014 128226 2117 126149 31142 2077 1846 1909 1753 4509 2744 147168 24345 122823 95007 1249 24377 22874 4381 93651 93438 1867 1503 6765 1646 828
is_linear=0
shrinkage=0.03


Tree=22
num_leaves=31
num_cat=0
split_feature=90 171 298 256 27 108 109 129 104 183 291 85 290 82 157 184 127 103 19 49 216 352 234 177 20 273 233 158 223 98
split_gain=63.2663 59.0692 72.178 65.7669 52.1103 58.9964 56.0582 47.4559 45.6981 45.1179 39.3829 70.056 71.8753 51.0788 49.1322 48.827 43.7471 42.9235 48.3451 42.1711 40.1602 37.7687 38.4105 37.3042 36.9823 35.1134 32.8385 32.4599 32.4278 31.8571
threshold=2.3164842128753667 0.22989699989557269 -0.71798598766326893 1.2324001193046572 2.3276816606521611 1.2967373132705691 1.61400443315506 -1.0415538549423216 1.4309704899787905 0.17934723943471911 -0.55528002977371205 1.0000000180025095e-35 -2.1532540321350093 0.6137712597846986 -0.8891298472881316 -0.71217361092567433 -1.2675442695617674 -1.5709583759307859 1.0000000180025095e-35 -0.76068916916847218 -1.0619677901268003 -0.0096835289150476438 -0.10071653500199317 0.031286694109439857 2.3196718692779545 -1.6173239350318906 0.57753998041152965 -0.51296445727348317 -0.49238891899585718 0.99741104245185863
decision_type=2 2 2 2 2 2 2 2 2 2 2 2 2 2 2 2 2 2 2 2 2 2 2 2 2 2 2 2 2 2
left_child=1 3 24 10 5 7 9 25 -8 -7 11 14 13 -13 16 -14 -1 18 23 27 -16 22 28 -12 -3 -4 -21 -19 -5 -9
right_child=-2 2 4 21 -6 6 8 29 -10 -11 17 12 15 -15 20 -17 -18 19 -20 26 -22 -23 -24 -25 -26 -27 -28 -29 -30 -31
leaf_value=0.00092560232240703508 0.0035984343095008752 -0.0033442941495315671 -0.0038371075680169791 0.0053954219267480386 -0.0087258316022301979 0.0064665117890093694 -0.003361962651077671 -0.00055485213714786836 0.0012970237338017822 0.0014836958724301775 -0.002183595367692684 0.013516593040757365 -0.0085080020938189931 -0.0013554775464547678 0.0080861999373930977 -0.0020630779104734362 -0.0016619696625976633 6.0414750318356377e-05 0.017450583678974698 0.00070674837831447327 0.00086867083281764578 0.0060929530894420734 0.0055321571652060791 0.0091195129698618451 0.0054564463496732879 0.0032493708676866935 -0.0016717667392202016 -0.0050943113746197014 -0.0023987359553081147 -0.0023147344040985265
leaf_weight=8785 4329 10190 685 585 646 2586 2898 59482 5310 5048 553 419 1170 326 708 14229 17083 2048 253 96470 24246 2551 1304 428 406 4234 5436 2102 2170 11177
leaf_count=8785 4329 10190 685 585 646 2586 2898 59482 5310 5048 553 419 1170 326 708 14229 17083 2048 253 96470 24246 2551 1304 428 406 4234 5436 2102 2170 11177
internal_value=6.59153e-06 -4.74419e-05 -0.000623024 0.000277641 -0.000349158 -0.00028479 0.00137272 -0.000636462 -0.000315638 0.0032233 0.000164227 -0.000404045 -0.0021255 0.00675136 0.000137508 -0.00258261 -0.000771583 0.000521724 0.00605929 0.000453333 0.00109177 0.00321275 0.00130806 0.00253181 -0.00296918 0.00219025 0.000576624 -0.00249045 -0.000608649 -0.000838055
internal_weight=287857 283528 102662 180866 92066 91420 15842 75578 8208 7634 174256 66966 16144 745 50822 15399 25868 107290 1234 106056 24954 6610 4059 981 10596 4919 101906 4150 2755 70659
internal_count=287857 283528 102662 180866 92066 91420 15842 75578 8208 7634 174256 66966 16144 745 50822 15399 25868 107290 1234 106056 24954 6610 4059 981 10596 4919 101906 4150 2755 70659
is_linear=0
shrinkage=0.03


Tree=23
num_leaves=31
num_cat=0
split_feature=276 171 203 115 165 189 114 217 335 46 162 290 57 178 141 104 149 71 173 235 220 164 143 228 226 115 232 49 57 265
split_gain=65.5676 61.4158 75.4256 60.1372 54.7303 46.4318 45.4652 43.7101 46.3418 42.5647 40.715 54.0742 43.7087 41.5506 48.2565 40.4606 40.361 45.1257 37.6405 37.6204 36.687 35.751 37.8099 35.8081 42.9953 35.4277 36.1982 102.103 35.9358 34.8336
threshold=1.8689450025558474 0.22989699989557269 1.472549617290497 -0.46655873954296107 0.49594157934188848 -1.6296617984771726 -1.3669781684875486 -1.2899678349494932 -0.011329181026667355 -0.95609435439109791 1.0000000180025095e-35 -0.46823357045650477 1.3842471241950991 -1.1438978314399717 -1.4114871025085447 -0.099993325769901262 0.96493554115295421 -0.3684744387865066 -1.3245376944541929 0.65430134534835827 -0.49426312744617457 0.91245678067207348 0.63193556666374218 0.81729876995086681 0.46828983724117285 -2.1701146364212032 1.831970274448395 1.2934588789939883 1.8458197712898257 1.8758698701858523
decision_type=2 2 2 2 2 2 2 2 2 2 2 2 2 2 2 2 2 2 2 2 2 2 2 2 2 2 2 2 2 2
left_child=1 2 6 21 -2 9 -1 8 -7 -5 13 18 -13 14 -8 -4 19 -18 -12 -9 -15 22 -3 24 -24 -6 27 -27 -29 -28
right_child=4 3 15 5 25 7 10 16 -10 -11 11 12 -14 20 -16 -17 17 -19 -20 -21 -22 -23 23 -25 -26 26 29 28 -30 -31
leaf_value=-0.0012641191921420813 -0.0072786321225344151 -0.0037699365662180323 -0.0006395237228548629 -0.0071321511576372312 0.015617290704076196 -0.010479948042747645 -0.0026110004943748991 -0.00080905184358661471 0.0022064036650983835 0.0052970688656740752 0.0074712351493272213 0.00019372115297525169 -0.0075048852643897629 -0.00014061779974467548 0.0034508922985625541 0.0067374492397832804 0.0067790226713900191 -0.0019397251089014267 -0.003095394875558257 0.00058188136807222257 0.0010041192845058864 -0.0075460315494404817 0 -0.00723415589078019 0.01468128749097769 0.0054744327436429766 0.00090000153599969124 -0.0011211449674401166 -0.010343520632561313 0.0076869523566893156
leaf_weight=17316 443 2972 818 246 192 774 1309 37435 324 2002 282 40845 654 45123 8160 2431 516 19416 7493 32657 55885 1585 489 205 292 2423 1192 1971 487 2021
leaf_count=17316 443 2972 818 246 192 774 1309 37435 324 2002 282 40845 654 45123 8160 2431 516 19416 7493 32657 55885 1585 489 205 292 2423 1192 1971 487 2021
internal_value=2.72411e-05 -5.18304e-05 0.000276524 -0.000653379 0.00258526 -0.000469048 0.000191373 -0.000577318 -0.0064956 0.00375376 0.000351155 -0.000361936 6.16133e-05 0.000671925 0.00257754 0.00479583 -0.000500376 -0.00169241 -0.00265547 -0.000156734 0.000489838 -0.0036916 -0.00204248 0.00283763 0.00597046 0.00316499 0.00279487 0.00108094 -0.00313816 0.00528298
internal_weight=287958 279229 180316 98913 8729 93370 177067 91122 1098 2248 159751 49274 41499 110477 9469 3249 90024 19932 7775 70092 101008 5543 3958 986 781 8286 8094 4881 2458 3213
internal_count=287958 279229 180316 98913 8729 93370 177067 91122 1098 2248 159751 49274 41499 110477 9469 3249 90024 19932 7775 70092 101008 5543 3958 986 781 8286 8094 4881 2458 3213
is_linear=0
shrinkage=0.03


Tree=24
num_leaves=31
num_cat=0
split_feature=210 122 186 52 227 37 109 210 229 108 102 11 119 58 236 41 239 299 87 345 224 161 289 223 11 94 236 89 298 40
split_gain=49.1169 51.5636 58.9892 62.5883 81.637 57.124 59.3968 54.5905 48.8514 44.4288 46.3961 62.0751 58.0615 55.9752 45.6903 43.5183 37.4035 37.0504 36.5873 36.1468 36.076 55.3026 43.0131 34.7093 35.1563 36.7672 34.0507 33.3343 37.6948 34.4309
threshold=2.2931745052337651 0.31898806989192968 0.45671556890010839 0.28531348705291754 -0.17737756669521329 -1.8403555750846861 -2.1667803525924678 -0.64392828941345204 -0.32662165164947504 1.2967373132705691 0.032783066853880889 0.10259727761149408 -2.3257318735122676 -0.94761326909065235 0.65660142898559581 1.618203938007355 0.26647922396659857 0.75187316536903392 -0.28287377953529352 -0.0087839812040328962 0.87295672297477733 -1.0000000180025095e-35 1.8748015761375429 0.94349777698516857 -0.77012538909912098 -0.51767387986183155 1.3568845987319949 0.67665383219718944 -0.31787784397602076 0.4086733758449555
decision_type=2 2 2 2 2 2 2 2 2 2 2 2 2 2 2 2 2 2 2 2 2 2 2 2 2 2 2 2 2 2
left_child=1 9 27 4 5 -4 -7 -6 16 10 11 12 -1 14 -12 -9 -5 -13 23 -15 21 -10 -22 24 25 -11 -14 28 -3 -29
right_child=-2 2 3 8 7 6 -8 15 20 18 13 17 26 19 -16 -17 -18 -19 -20 -21 22 -23 -24 -25 -26 -27 -28 29 -30 -31
leaf_value=-0.0045509529262346225 0.0032138342636046772 -0.0035732603204295045 0.012769045385360804 -0.01166453647411317 -0.013787604030293709 0.0064992398547881998 -0.0017933937252484634 0.0023506921736513617 0.0018244669331610019 0 -0.0042559564897444195 0.0028981073340344685 0.00026814756322509232 -0.0012539378652855902 0.0078405671060400098 -0.0038304636451343623 -0.00055093832398687916 -0.001846385744630537 0.0036707336299161195 0.00032578035943971368 0.0007897628909306557 -0.002549394708185041 -0.0029330564833996813 -0.0072257341740404072 -0.0045386272969764547 0.01690390622216802 0.0040288879276671082 -0.0087341666832281891 -0.00026790638216903301 -0.002540803065360862
leaf_weight=2195 4247 4804 241 670 174 792 13616 19791 3034 326 4789 12746 105052 20231 264 1028 553 1582 5686 36126 14586 15364 3429 576 365 191 2208 1263 9361 2871
leaf_count=2195 4247 4804 241 670 174 792 13616 19791 3034 326 4789 12746 105052 20231 264 1028 553 1582 5686 36126 14586 15364 3429 576 365 191 2208 1263 9361 2871
internal_value=1.8459e-05 -2.85063e-05 -0.000615296 -0.000229982 0.000665578 -0.00103924 -0.00130838 0.00186934 -0.00108596 0.000249356 0.000157938 0.000493608 0.000247278 -0.000513723 -0.0035364 0.0020277 -0.00697041 0.0023515 0.00257024 -0.000236228 -0.00087637 -0.00181062 6.20552e-05 -0.00151015 0.00196733 0.00711715 0.000349097 -0.00213997 -0.00141351 -0.00453813
internal_weight=288161 283914 91577 73278 35642 14649 14408 20993 37636 192337 185193 123783 109455 61410 5053 20819 1223 14328 7144 56357 36413 18398 18015 1458 882 517 107260 18299 14165 4134
internal_count=288161 283914 91577 73278 35642 14649 14408 20993 37636 192337 185193 123783 109455 61410 5053 20819 1223 14328 7144 56357 36413 18398 18015 1458 882 517 107260 18299 14165 4134
is_linear=0
shrinkage=0.03


Tree=25
num_leaves=31
num_cat=0
split_feature=29 102 196 8 98 178 11 98 206 296 157 36 199 286 113 154 238 234 177 197 112 238 43 287 204 112 282 208 236 113
split_gain=58.7846 48.2176 55.7327 48.2034 55.2989 43.2096 40.9575 55.2868 44.0347 57.307 44.7753 40.6159 39.2521 39.003 48.536 35.05 33.9086 33.0686 63.7328 34.0108 37.7459 31.797 31.4484 30.604 30.4514 30.3919 31.7897 41.3792 31.2502 28.4633
threshold=2.313153982162476 0.032783066853880889 1.153289318084717 0.55096489191055309 -0.35584761202335352 -0.97219336032867421 0.1360689923167229 -2.2211030721664424 0.45547759532928472 -0.63475427031517018 -0.82106083631515492 0.75967794656753551 0.53735435009002697 0.063859768211841597 -1.2297458052635191 0.48729202151298529 0.31466464698314672 -0.36001154780387873 -1.0748637914657591 1.4889534115791323 -0.032859558239579194 1.0760478377342226 -0.16638404875993726 0.066638730466365828 -1.2970073223114011 -2.1671918630599971 0.69918307662010204 0.98311063647270214 1.2300251722335818 0.21824232488870624
decision_type=2 2 2 2 2 2 2 2 2 2 2 2 2 2 2 2 2 2 2 2 2 2 2 2 2 2 2 2 2 2
left_child=1 2 3 6 12 17 8 -8 10 -10 -1 -4 21 25 -15 -9 -6 29 -19 20 -20 -5 -16 -14 -24 -7 27 -27 -28 -3
right_child=-2 5 11 4 16 13 7 15 9 -11 -12 -13 23 14 22 -17 -18 18 19 -21 -22 -23 24 -25 -26 26 28 -29 -30 -31
leaf_value=-0.00057520371801632211 0.0034007721194576168 -0.0050769248948241514 0.0055427839547223462 -0.0048556584392390875 -0.0014636106230465652 0.012789978872724744 0.015207881680450073 0.0017785261289542335 -0.011180076081851269 -0.00086136475858127168 0.00067126174674814252 -0.0024430713899074551 0.0011784952661367041 0.0069818633061205955 0.0058320532282419343 -0.0037063618480970366 0.0026060939669992431 0.005000060464742339 0.0020056430256279742 0.0052980491645300658 -0.0052632153506678931 -0.015999441420039211 -0.0059837702458964033 -0.011802461009289398 -0.00016147883130632632 -0.0016543561551453363 -0.0071579961421398015 0.0031901459117614408 0.0049726230443383644 0.002637503279334423
leaf_weight=39816 4385 4153 2883 2993 5203 109 252 17312 668 1913 73592 644 1463 842 758 1065 2826 1267 753 387 2794 270 799 163 98225 18863 1462 1676 175 414
leaf_count=39816 4385 4153 2883 2993 5203 109 252 17312 668 1913 73592 644 1463 842 758 1065 2826 1267 753 387 2794 270 799 163 98225 18863 1462 1676 175 414
internal_value=-3.6492e-05 -9.09057e-05 0.000274297 0.0001828 -0.00156203 -0.000508957 0.00035267 0.0016591 0.000140008 -0.00371277 0.000230976 0.0039945 -0.0040705 -0.000353267 -9.84608e-05 0.00144067 0 -0.0024326 -0.000721881 -0.00265656 -0.0036334 -0.00596099 -0.000162601 -6.81299e-05 -0.000212685 -0.00148923 -0.00158439 -0.00124173 -0.00563578 -0.00430376
internal_weight=288125 283740 151063 147536 12918 132677 134618 18629 115989 2581 113408 3527 4889 122909 100624 18377 8029 9768 5201 3934 3547 3263 99782 1626 99024 22285 22176 20539 1637 4567
internal_count=288125 283740 151063 147536 12918 132677 134618 18629 115989 2581 113408 3527 4889 122909 100624 18377 8029 9768 5201 3934 3547 3263 99782 1626 99024 22285 22176 20539 1637 4567
is_linear=0
shrinkage=0.03


Tree=26
num_leaves=31
num_cat=0
split_feature=77 122 98 53 233 219 58 210 108 87 102 72 82 299 178 236 196 219 278 239 276 231 30 287 218 351 239 187 11 49
split_gain=61.6848 62.653 67.5767 49.1855 72.5282 57.7006 43.7249 47.5665 42.4921 52.2775 42.4848 55.1408 74.5519 45.5183 44.5988 43.6762 42.2856 43.6809 42.9391 42.7304 46.8905 53.1508 46.5054 43.6756 42.7484 39.9861 39.6318 38.9379 37.5912 36.7263
threshold=1.9035871624946596 0.31898806989192968 -2.2211030721664424 -0.094611302018165575 1.8116276264190676 1.085320055484772 -1.2565294504165647 0.79585164785385143 1.2967373132705691 -0.28287377953529352 0.5201990306377412 1.0000000180025095e-35 0.34625817835330969 0.69926789402961742 -0.54186972975730885 1.1317307949066164 0.76158034801483165 0.19785264879465106 0.27316479384899145 0.20701272785663608 -0.47402983903884882 0.12886504828929904 0.50065246224403392 0.69651800394058239 0.033017350360751159 -0.0060545306187123052 -0.90841004252433766 -0.95887470245361317 -1.0519946217536924 1.8797806501388552
decision_type=2 2 2 2 2 2 2 2 2 2 2 2 2 2 2 2 2 2 2 2 2 2 2 2 2 2 2 2 2 2
left_child=1 8 -3 6 5 25 -2 -8 10 28 11 12 15 -13 -12 -1 19 18 -18 22 23 -22 24 -21 -4 -5 -6 -14 -10 -28
right_child=3 2 16 4 26 -7 7 -9 9 -11 14 13 27 -15 -16 -17 17 -19 -20 20 21 -23 -24 -25 -26 -27 29 -29 -30 -31
leaf_value=5.4612110373121129e-05 -0.0012356913324569072 0.012110538796642922 -0.0028342166138888838 0.0080175329666152314 0.010885720768681207 -0.0035657305878464942 -0.0018542825161522729 0.011645934874807659 0.003720277271517631 0.0037967613583765134 -0.0037998771231003859 0.0018450381399312682 -0.014418031836597947 -0.0015052590819799384 -0.00039431869988581478 0.0028766816709437861 0.00099831707869928394 -0.00055978823872960268 0.0075398781874890875 -0.004879586912172826 0.0015359058474899178 -0.0013138891110732501 -0.0046455586454852002 0.012928085833116144 0.00060160308317052703 -0.0023419666395563146 0.0092970813540667156 -0.003053465127616656 -0.0059899825154981108 -0.00014818449820205341
leaf_weight=119802 402 345 7927 820 792 2835 238 1227 511 5793 4300 28949 300 4061 18880 5142 6986 32037 1054 2958 9766 14697 6162 102 5307 486 479 3426 959 1211
leaf_count=119802 402 345 7927 820 792 2835 238 1227 511 5793 4300 28949 300 4061 18880 5142 6986 32037 1054 2958 9766 14697 6162 102 5307 486 479 3426 959 1211
internal_value=1.99127e-05 -5.56519e-05 -0.000722642 0.0025368 0.00125931 -0.00111283 0.00684823 0.00925527 0.00024605 0.00249648 0.00015575 0.000329395 4.62907e-05 0.00142313 -0.00104173 0.000173595 -0.000779754 -5.61911e-05 0.00190968 -0.00139112 -0.000615776 -0.000163629 -0.00247413 -0.0041085 -0.00143495 0.00395904 0.00531416 -0.00412066 -0.00240854 0.00243089
internal_weight=287954 279464 87341 8490 6623 4141 1867 1465 192123 7263 184860 161680 128670 33010 23180 124944 86996 40077 8040 46919 27523 24463 19396 3060 13234 1306 2482 3726 1470 1690
internal_count=287954 279464 87341 8490 6623 4141 1867 1465 192123 7263 184860 161680 128670 33010 23180 124944 86996 40077 8040 46919 27523 24463 19396 3060 13234 1306 2482 3726 1470 1690
is_linear=0
shrinkage=0.03


Tree=27
num_leaves=31
num_cat=0
split_feature=93 171 115 17 118 128 118 236 168 357 164 109 229 149 53 239 118 291 128 240 236 47 214 116 30 114 286 232 278 166
split_gain=46.0242 54.2929 68.4805 49.3257 59.4946 47.5487 40.7952 44.0115 72.3976 39.5435 41.1127 41.4031 39.1188 40.3387 38.7926 37.7692 37.4308 37.4291 36.6528 67.2851 36.3887 32.8072 33.8916 33.4586 32.7375 32.6134 33.1615 31.1239 30.4819 29.4195
threshold=2.3109605312347417 0.22989699989557269 -0.46655873954296107 1.6625338792800906 -1.1347060799598692 -1.6171441078186033 1.3862743377685549 0.90772294998168956 -0.77076253294944752 -0.0049261681269854299 -0.49261701107025141 -0.95999500155448902 -1.0000000180025095e-35 -1.8163336515426634 0.57584282755851757 0.69251689314842235 0.41394874453544622 -0.81826919317245472 0.69347664713859569 1.0490987896919253 -1.1648572683334348 0.69624650478363048 -1.0000000180025095e-35 -0.80193442106246937 1.4671404361724856 1.8720769286155703 -1.037159204483032 0.23548853397369388 0.57229343056678783 -0.34413795173168177
decision_type=2 2 2 2 2 2 2 2 2 2 2 2 2 2 2 2 2 2 2 2 2 2 2 2 2 2 2 2 2 2
left_child=1 3 21 6 -5 20 7 14 17 10 11 -8 16 -14 15 -1 -7 -9 -6 -20 -4 22 -3 24 -23 26 -22 -12 -24 -18
right_child=-2 2 5 4 18 12 9 8 -10 -11 27 -13 13 -15 -16 -17 29 -19 19 -21 25 23 28 -25 -26 -27 -28 -29 -30 -31
leaf_value=3.4321220453574645e-05 0.0030502200254347374 -0.0049498521638272524 -0.010263548535931345 -0.0041755178301416344 -0.0066628229369541112 -0.0046288767701449136 -0.006375697434213741 0.00092355235634188266 0.001774071988234863 0.0018675197075361369 -0.010842910002669268 0.0048386238264415829 0.016254067378161239 -0.00036021619972273852 -0.0025300826110723333 0.0011754964825570356 0.0036523552944164339 0.020499619208427459 0.019271392587444369 0.0047218447799072466 -0.0041092954416424759 -0.0053396381514751916 0.004465867803688699 -0.0098059784290405565 0.0065531040404953125 -0.004539337205588018 0.0079959630603949478 0 -0.0032043347632815726 -0.0025171714357930092
leaf_weight=132047 4377 1609 119 523 132 3871 555 173 5111 998 1070 581 111 87967 4566 32701 1118 288 373 1537 186 757 1006 1298 249 229 1591 353 803 1763
leaf_count=132047 4377 1609 119 523 132 3871 555 173 5111 998 1070 581 111 87967 4566 32701 1118 288 373 1537 186 757 1006 1298 249 229 1591 353 803 1763
internal_value=3.50287e-06 -4.26595e-05 -0.000594551 0.000268775 0.00438898 -0.000402472 0.000207384 0.000273793 0.00289608 -0.00295714 -0.00495495 -0.000396205 -0.00050509 -0.000332188 0.000185392 0.00026277 -0.00270861 0.0141208 0.00674725 0.0078889 0.00399909 -0.0037842 -0.00177967 -0.00658795 -0.00203325 0.00508622 0.00653032 -0.00833042 0.000899296 -1.09398e-05
internal_weight=288062 283685 102677 181008 2565 96955 178443 174886 5572 3557 2559 1136 94830 88078 169314 164748 6752 461 2042 1910 2125 5722 3418 2304 1006 2006 1777 1423 1809 2881
internal_count=288062 283685 102677 181008 2565 96955 178443 174886 5572 3557 2559 1136 94830 88078 169314 164748 6752 461 2042 1910 2125 5722 3418 2304 1006 2006 1777 1423 1809 2881
is_linear=0
shrinkage=0.03


Tree=28
num_leaves=31
num_cat=0
split_feature=43 171 136 54 258 161 233 53 230 168 236 7 48 237 287 172 31 33 148 289 229 57 290 5 177 193 292 31 173 352
split_gain=56.2961 51.5942 70.3318 50.3063 70.7913 55.8655 44.9389 41.6463 41.0441 49.0083 58.9605 40.6462 37.9575 55.3171 50.3748 48.9182 38.5878 35.8166 49.307 37.3742 35.6839 34.027 35.6079 51.5645 35.4255 37.555 33.6079 33.1516 32.4543 31.5904
threshold=2.3152472972869877 0.22989699989557269 1.3499438762664797 -0.38728225231170649 2.3271611928939824 1.2047702074050906 0.6201496720314027 -0.6156293749809264 -0.32327733933925623 -0.54007881879806507 0.61443382501602184 0.79607978463172924 1.8716973066329958 2.1098455190658574 1.2919291257858279 1.9401682615280154 0.6713944971561433 -0.033016476780176156 -0.24633380770683286 0.86609637737274181 -0.53949874639511097 -0.23931422829627988 1.6093747019767763 2.2670692205429082 -0.99755138158798207 1.240110516548157 1.6144873499870303 0.6713944971561433 0.65886253118515026 -0.012732222676277159
decision_type=2 2 2 2 2 2 2 2 2 2 2 2 2 2 2 2 2 2 2 2 2 2 2 2 2 2 2 2 2 2
left_child=1 2 6 4 5 17 8 -5 9 10 -1 27 14 15 16 -14 -9 18 -3 -19 -8 24 23 28 -2 -26 -15 -4 -23 -24
right_child=21 3 11 7 -6 -7 20 12 -10 -11 -12 -13 13 26 -16 -17 -18 19 -20 -21 -22 22 29 -25 25 -27 -28 -29 -30 -31
leaf_value=3.2614254543783583e-05 0.0071823196801025762 -0.0020798109078684194 0.0043025327377831527 0.0078515972558200579 0.0088340760502827968 -0.0095160502703951089 -0.010645819912510185 -0.00012246197425593708 0.00070711337960115649 -0.0013593795774985492 0.0048766344284466735 0.004643987221261651 -0.0044859271809226759 -0.024503112854132349 0.0015665386747249874 0.0016714407872434145 -0.0015665204579576575 0.0013321593182010125 -0.012792818450285869 -0.0060219852074882693 -0.0017647423010972341 0.0016350273580313789 0.0070788157525745804 -0.0027953795422376556 -0.013337702467623684 1.4107844593827841e-06 -0.0065336951366383829 -0.0081141478112895654 0.02030911388276024 0.00026783322139799378
leaf_weight=60674 264 1332 290 523 390 1274 458 54199 83609 24525 2335 4725 2352 118 11243 2170 24369 2506 591 797 4221 159 1063 145 277 407 750 429 365 1643
leaf_count=60674 264 1332 290 523 390 1274 458 54199 83609 24525 2335 4725 2352 118 11243 2170 24369 2506 591 797 4221 159 1063 145 277 407 750 429 365 1643
internal_value=3.54542e-06 -4.72681e-05 0.000255874 -0.000585633 -0.00306441 -0.00384924 0.000149908 -0.00040348 0.000230968 -0.000220458 0.000218375 0.00361022 -0.000453621 -0.00290065 -0.00030281 -0.00147075 -0.00057446 -0.00237957 -0.00562446 -0.000377649 -0.00273951 0.00339426 0.0048195 0.0111037 -0.00136458 -0.00519985 -0.00981123 -0.00271917 0.0154626 0.00308575
internal_weight=288203 283880 181266 102614 6890 6500 175822 95724 171143 87534 63009 5444 95201 5390 89811 4522 78568 5226 1923 3303 4679 4323 3375 669 948 684 868 719 524 2706
internal_count=288203 283880 181266 102614 6890 6500 175822 95724 171143 87534 63009 5444 95201 5390 89811 4522 78568 5226 1923 3303 4679 4323 3375 669 948 684 868 719 524 2706
is_linear=0
shrinkage=0.03


Tree=29
num_leaves=31
num_cat=0
split_feature=196 298 233 288 102 58 5 196 8 292 276 11 223 292 97 119 118 232 154 29 289 52 230 141 39 53 59 97 210 219
split_gain=44.665 49.4097 50.3936 51.6016 47.9038 56.8986 53.8255 50.4968 47.0434 48.1837 50.6988 48.0781 58.5866 54.1462 46.6261 64.0871 46.6189 44.8719 38.853 37.9087 38.884 39.408 35.9592 35.599 36.838 33.8992 33.7661 33.3231 30.9453 31.6302
threshold=1.9024127721786501 0.65087711811065685 1.8116276264190676 1.6145560741424563 -0.060831466689705842 -0.94761326909065235 -0.56170326471328724 1.153289318084717 0.55096489191055309 1.287999212741852 -0.17288847267627713 0.27874895930290228 -1.4074892401695249 -0.38244412839412684 -0.83504775166511525 0.53933644294738781 0.82764965295791637 1.5817866921424868 0.57105422019958507 1.4705377221107485 2.321985244750977 2.3866599798202519 -0.54031291604042042 1.658393979072571 1.8621509075164797 -1.7741061449050901 1.0000000180025095e-35 0.75939369201660167 1.8884334564208987 1.085320055484772
decision_type=2 2 2 2 2 2 2 2 2 2 2 2 2 2 2 2 2 2 2 2 2 2 2 2 2 2 2 2 2 2
left_child=4 22 3 28 7 6 -6 8 11 10 16 14 13 -13 15 -1 -10 -5 -14 -4 -21 -22 -2 -24 -25 -16 -7 -9 29 -3
right_child=1 2 19 17 5 26 -8 27 9 -11 -12 12 18 -15 25 -17 -18 -19 -20 20 21 -23 23 24 -26 -27 -28 -29 -30 -31
leaf_value=-0.0011895885024290204 -0.0017438629894617743 0.0022233403414796044 -0.0090802993805458154 -0.01393202453251792 -0.0069119089127933882 0.0079744879093139147 -0.0015014227118120172 0.0058154179348992542 -0.0027161727338829282 0.01469664298401327 0.00013424898433901479 0.0044088106138523847 0.0021413192978182462 0.023420124210769659 -0.0043862873792155019 0.0018221865652908874 -0.011087368039082288 -5.4641094988423351e-05 -0.0075923353344087485 0.010649963310569581 -0.011439424468572814 0.0038696026151611874 0.01220304320957102 0.00079963794916831845 0.0077465483509288353 0.00082185188789556519 -0.00030783074976016968 -0.0043800670042208438 0.0061882963058241232 -0.0092589211665275138
leaf_weight=31710 648 397 160 548 1951 422 12576 2224 4942 137 5516 524 8779 202 1109 7873 709 403 354 645 162 801 628 1664 1307 62816 137806 282 520 375
leaf_count=31710 648 397 160 548 1951 422 12576 2224 4942 137 5516 524 8779 202 1109 7873 709 403 354 645 162 801 628 1664 1307 62816 137806 282 520 375
internal_value=-4.54788e-05 0.00212451 -0.000194052 -0.00323684 -0.000110712 -0.000469564 -0.00225719 0.000317959 0.000230301 -0.00160807 -0.00186083 0.000416505 0.00241923 0.0105867 0.000222419 -0.000582358 -0.00385476 -0.0084825 0.0017155 0.00349147 0.00502285 0.000808717 0.00437519 0.00556337 0.00398738 0.000725464 -0.000279225 0.00452376 0.000466112 -0.00306836
internal_weight=288190 8258 4011 2243 279932 152755 14527 127177 124671 11304 11167 113367 9859 726 103508 39583 5651 951 9133 1768 1608 963 4247 3599 2971 63925 138228 2506 1292 772
internal_count=288190 8258 4011 2243 279932 152755 14527 127177 124671 11304 11167 113367 9859 726 103508 39583 5651 951 9133 1768 1608 963 4247 3599 2971 63925 138228 2506 1292 772
is_linear=0
shrinkage=0.03


Tree=30
num_leaves=31
num_cat=0
split_feature=93 171 298 5 197 107 118 233 206 357 164 169 122 53 137 154 233 236 259 19 177 149 88 162 230 178 38 49 236 21
split_gain=41.2937 42.8736 50.3004 49.0206 46.6463 58.251 45.6461 41.0369 40.974 40.6314 49.2929 39.3539 39.2021 37.6684 37.5197 37.4371 37.1193 50.1701 36.9002 38.4931 36.8015 34.9021 58.9888 50.9809 33.7586 35.1848 32.4886 30.5114 30.3599 28.3969
threshold=2.3109605312347417 0.22989699989557269 -0.55650752782821644 -1.4451840519905088 1.6622102260589602 -0.39703691005706782 1.3862743377685549 0.42541925609111791 0.30733643472194677 -0.0045949462801218024 -0.49261701107025141 -1.107629060745239 0.43538500368595129 -1.7741061449050901 1.242816209793091 0.37443326413631445 0.57753998041152965 0.90772294998168956 0.42849206924438482 0.90961086750030529 1.2873619198799136 -0.89615726470947255 -0.28240278363227839 -1.7505069971084593 0.20198290795087817 -0.97219336032867421 0.86947384476661693 -0.34986326098442072 -1.1648572683334348 -2.2526808977127071
decision_type=2 2 2 2 2 2 2 2 2 2 2 2 2 2 2 2 2 2 2 2 2 2 2 2 2 2 2 2 2 2
left_child=1 4 24 29 6 -6 13 8 26 10 11 -8 14 21 -9 -14 17 -15 -2 -20 -10 23 -23 -1 25 -3 -5 -18 -27 -4
right_child=18 2 3 7 5 -7 9 12 20 -11 -12 -13 15 16 -16 -17 27 -19 19 -21 -22 22 -24 -25 -26 28 -28 -29 -30 -31
leaf_value=-0.0024050698577502403 0.013296242837817801 -0.010219689744577112 -0.0040341080176606661 -0.0022260234187203814 -0.0042770272791887746 0.0067531065835300238 -0.0080848101201879147 0.00046076814110776357 0.0002964643992723079 0.0019044471918719388 -0.0088013977625865103 0.0031723917239259419 0.0013005529454744671 0.00030459465460578558 0.0069592085694961678 -0.0014005282284732779 -0.0080122263214706581 0.0035955448391380689 -0.012205216932579097 0.0026407245176438298 -0.0073211768112676446 -0.0093841956277388311 -0.00113871299779967 0.0041081781898584229 -0.0015873197705831359 -0.011604147786949565 -0.0080370762886675419 -0.0011698023080089267 8.1678408974872766e-05 0.0047581566215080971
leaf_weight=2920 275 921 329 10923 504 1919 396 34449 9645 944 1453 812 5626 157185 808 23383 686 4286 138 3980 585 1193 2505 1691 11598 218 983 4755 961 2453
leaf_count=2920 275 921 329 10923 504 1919 396 34449 9645 944 1453 812 5626 157185 808 23383 686 4286 138 3980 585 1193 2505 1691 11598 218 983 4755 961 2453
internal_value=-3.2485e-05 -7.82338e-05 -0.000568061 -0.000303963 0.000198183 0.00431973 0.000140184 -0.000433613 -0.00154742 -0.00318688 -0.00510567 -0.000345156 -4.49429e-05 0.000210702 0.000622061 -0.000865811 0.000310448 0.00039424 0.00284543 0.00201413 -0.000123315 -0.00175292 -0.00391562 0 -0.00226271 -0.00580113 -0.00274363 -0.00211361 -0.00198637 0.00358994
internal_weight=288524 284131 102882 89184 181249 2423 178826 86402 22136 3605 2661 1208 64266 175221 35257 29009 166912 161471 4393 4118 10230 8309 3698 4611 13698 2100 11906 5441 1179 2782
internal_count=288524 284131 102882 89184 181249 2423 178826 86402 22136 3605 2661 1208 64266 175221 35257 29009 166912 161471 4393 4118 10230 8309 3698 4611 13698 2100 11906 5441 1179 2782
is_linear=0
shrinkage=0.03


Tree=31
num_leaves=31
num_cat=0
split_feature=29 171 115 197 198 58 43 47 156 51 231 220 239 95 325 203 111 227 297 179 27 227 207 275 98 259 163 333 35 239
split_gain=43.1044 50.2589 51.4879 50.5484 48.0189 61.9642 46.0303 77.997 52.8635 45.8721 45.7246 42.8266 40.4714 64.4205 39.5177 45.5897 43.4828 38.739 35.1887 34.5907 34.1118 34.493 42.6608 38.2269 34.0514 32.1145 50.4603 33.1693 31.5581 30.5267
threshold=2.313153982162476 0.22989699989557269 -0.46655873954296107 1.6622102260589602 -1.6351323723793028 0.39878976345062261 -2.1630846261978145 -2.1422379016876216 -2.1784148216247554 -2.1448442935943599 -0.44465789198875422 -2.2349880933761592 0.7839513123035432 -1.1643087267875669 -0.014730585273355244 -1.6310300827026365 -1.3788949251174925 -0.69096398353576649 0.24316974729299548 0.74415260553359996 2.3276816606521611 1.2862625122070315 -0.33083808422088617 0.52891618013381969 0.45296539366245275 1.9072248935699465 0.78740713000297557 -0.0062776354607194653 1.4296312332153323 0.44741067290306097
decision_type=2 2 2 2 2 2 2 2 2 2 2 2 2 2 2 2 2 2 2 2 2 2 2 2 2 2 2 2 2 2
left_child=1 3 25 6 5 19 14 9 11 -8 -10 -9 13 -7 29 -16 -17 -5 -11 -4 21 23 -23 -6 -19 26 -3 -28 -26 -1
right_child=-2 2 4 17 20 12 7 8 10 18 -12 -13 -14 -15 15 16 -18 24 -20 -21 -22 22 -24 -25 28 -27 27 -29 -30 -31
leaf_value=-0.0039963821777648919 0.0029362618681224306 -0.0018503879464822205 0.0015168371769979246 -0.00293099866072265 -0.00020845112215045125 0.0024309758114774527 0 -0.00036166973529964106 -0.00047686187692055015 0.011197030426815965 0.00052186380226933789 0.0092763390461631668 -0.00083028587339777906 0.022283592426012858 0.0047313721942958504 -0.0088869477676627763 0.0034081143210369191 -0.00088982243909267701 -0.0021169795046524446 -0.013727345882604519 -0.0067463770206639996 -0.0054112386073846379 0.0011267695034710824 -0.0015788347672376028 0.011894275484626973 0.0035613739966299371 -0.010402407394153237 0 0.0023129958349846465 -0.015149276049350149
leaf_weight=2081 4304 3478 1003 438 46806 318 645 596 69403 1155 101254 1010 182 347 995 651 364 380 161 133 779 921 15732 30746 941 488 1379 401 604 266
leaf_count=2081 4304 3478 1003 438 46806 318 645 596 69403 1155 101254 1010 182 347 995 651 364 380 161 133 779 921 15732 30746 941 488 1379 401 604 266
internal_value=-3.46131e-05 -8.09523e-05 -0.000611677 0.00021869 -0.000444238 0.00413553 0.000159012 0.000236914 0.000167038 0.00616 0.000113935 0.00555464 0.0101869 0.0135763 -0.00287438 7.28654e-05 -0.00420717 0.00456374 0.00933633 -0.000215017 -0.000543859 -0.000487965 0.000741132 -0.000755883 0.00643588 -0.00337392 -0.00408549 -0.00821697 0.0084177 -0.00550447
internal_weight=287961 283657 102713 180944 96967 1983 178581 174224 172263 1961 170657 1606 847 665 4357 2010 1015 2363 1316 1136 94984 94205 16653 77552 1925 5746 5258 1780 1545 2347
internal_count=287961 283657 102713 180944 96967 1983 178581 174224 172263 1961 170657 1606 847 665 4357 2010 1015 2363 1316 1136 94984 94205 16653 77552 1925 5746 5258 1780 1545 2347
is_linear=0
shrinkage=0.03


Tree=32
num_leaves=31
num_cat=0
split_feature=216 102 223 172 309 227 113 288 194 90 173 229 233 171 238 114 205 110 290 108 232 52 237 297 234 217 293 36 178 57
split_gain=47.0419 49.9711 47.1567 52.2443 41.0851 44.3966 41.8974 37.3937 36.5751 39.5811 40.1938 56.3334 66.2896 52.5262 59.4249 43.7937 41.2535 35.7029 38.4657 34.8043 52.766 51.4413 55.163 50.9504 30.2261 34.528 46.6777 29.2267 28.3709 28.3543
threshold=1.8490415811538699 0.032783066853880889 1.2946764826774599 0.1265460401773453 1.0000000180025095e-35 -0.17737756669521329 -1.2297458052635191 0.69828009605407726 1.3558627963066103 1.1140861511230471 0.98284682631492626 0.22899434715509417 0.75966951251029979 0.22989699989557269 -0.16704267263412473 -1.3669781684875486 -1.0673379302024839 -0.38894778490066523 -0.067644927650690065 2.3313030004501347 1.0035356283187868 2.3866599798202519 2.1098455190658574 0.96959197521209728 -2.304562926292419 -0.070412151515483842 -1.761657655239105 0.75967794656753551 -0.89897897839546193 -1.3897147774696348
decision_type=2 2 2 2 2 2 2 2 2 2 2 2 2 2 2 2 2 2 2 2 2 2 2 2 2 2 2 2 2 2
left_child=1 8 3 7 5 24 29 -2 9 10 13 12 -12 15 -15 -1 -13 -8 -19 20 23 22 -21 28 -3 -26 -27 -10 -4 -7
right_child=2 4 19 -5 -6 6 17 -9 27 -11 11 16 -14 14 -16 -17 -18 18 -20 21 -22 -23 -24 -25 25 26 -28 -29 -30 -31
leaf_value=-0.0010805880055914836 0 -0.013403238569229068 -0.0040420893401188675 -0.0054722505382726353 0.0010820987595873944 -0.0035525893289850997 -0.0035623543285957671 0.015992047392129706 0.0060284990712967121 -0.0050907722593665208 0.0066936546680284219 0.011614848551461903 -0.0036641156297851688 -0.0039476637879695877 -0.00018844077363421727 0.00062883130050459901 0.0032916283037170541 0.00133803709563334 -0.00063069586445711583 -0.00022747978187138542 0.0076044868108306029 0.0039222218765319261 -0.016924028622205642 -0.0069931979318245364 -0.0054356949160685513 0.012255783902028354 -0.001653207120978896 -0.0019470545299804447 0.0065318243055550659 0.007866134721754979
leaf_weight=15285 325 211 245 1247 13091 199 3406 177 1696 1215 766 741 1847 5379 13294 107908 2589 9829 88797 722 2639 1484 235 504 2355 198 9662 467 968 853
leaf_count=15285 325 211 245 1247 13091 199 3406 177 1696 1215 766 741 1847 5379 13294 107908 2589 9829 88797 722 2639 1484 235 504 2355 198 9662 467 968 853
internal_value=8.0462e-07 -6.51961e-05 0.00219174 -0.00207936 -0.000500749 -0.000682889 -0.000474799 0.00566085 0.000303322 0.000244678 0.000291248 0.00270788 -0.00048602 0.000187529 -0.00129045 0.000414162 0.00529157 -0.00053936 -0.000431221 0.00333765 0.00494474 0.000331005 -0.00489705 0.000643554 -0.00238153 -0.00214502 -0.00131929 0.00416706 0.00412189 0.0054003
internal_weight=288334 279788 8546 1749 128601 115510 103084 502 151187 149024 147809 5943 2613 141866 18673 123193 3330 102032 98626 6797 4356 2441 957 1717 12426 12215 9860 2163 1213 1052
internal_count=288334 279788 8546 1749 128601 115510 103084 502 151187 149024 147809 5943 2613 141866 18673 123193 3330 102032 98626 6797 4356 2441 957 1717 12426 12215 9860 2163 1213 1052
is_linear=0
shrinkage=0.03


Tree=33
num_leaves=31
num_cat=0
split_feature=93 161 25 246 159 17 12 272 236 79 292 176 170 232 58 278 275 109 113 118 341 177 290 291 153 108 9 120 139 334
split_gain=45.104 37.6344 74.9133 58.9051 66.8513 45.3153 40.338 62.4734 53.4109 77.8307 62.7631 44.9219 61.8857 60.1906 38.6144 41.1841 57.3693 38.2376 35.2752 47.6124 37.2845 40.285 32.4336 42.9772 30.1913 28.6797 28.4742 36.2189 27.7996 27.3093
threshold=2.3109605312347417 0.19340127706527713 -0.36077366769313807 -0.51900690793991078 0.48695804178714758 -1.4385568499565122 1.344078600406647 0.57894420623779308 0.50091767311096203 0.85017803311347973 -0.88114425539970387 0.65244838595390331 -0.16963279992341992 1.1692170500755312 -0.57171484827995289 1.2744795083999636 0.30600117146968847 -2.1667803525924678 -1.3619170188903806 -1.5768806338310239 -0.0082241510972380621 -1.2825329899787901 0.99859082698822033 -0.60263949632644642 -0.13816788792610166 0.26176907122135168 0.27920573949813848 0.35760641098022466 0.4270984828472138 -0.0016875464352779088
decision_type=2 2 2 2 2 2 2 2 2 2 2 2 2 2 2 2 2 2 2 2 2 2 2 2 2 2 2 2 2 2
left_child=1 6 3 14 -5 -4 7 8 11 10 -10 13 -13 -1 22 16 -16 -8 19 -7 21 -20 23 -3 -22 -11 27 -9 -2 -21
right_child=28 2 5 4 -6 18 17 26 9 25 -12 12 -14 -15 15 -17 -18 -19 20 29 24 -23 -24 -25 -26 -27 -28 -29 -30 -31
leaf_value=8.7704468899357546e-05 0.012613845284012153 0.0064256700442349608 0.017099356170329781 -0.0027240313271315502 -0.011001234616856205 -0.0053773163600710086 0.016036420466005803 -0.003067954663231709 0.0096365996381599997 0.013465882078840452 0.00092106419491025447 -0.0077606760228603683 0.0005059132110429665 0.010076158005533296 -0.00057187057236495723 -0.014659987563847112 0.0087007628258187024 0.0026406696010114689 0.0031641885038787352 0.0085755176421517722 -0.0028844545633275771 -0.0010420014579862376 0.0038680387659069588 -0.012030783650632492 0.00049346225603914037 0.00027340409894861334 -0.00094543460431616426 -0.012126001592131454 0.002323677008997486 -0.0047771883885195446
leaf_weight=132136 252 101 115 2592 1444 317 205 2251 754 638 27955 1536 1575 526 2859 131 725 2450 2083 1097 2486 51500 178 645 42233 254 4274 524 4068 114
leaf_count=132136 252 101 115 2592 1444 317 205 2251 754 638 27955 1536 1575 526 2859 131 725 2450 2083 1097 2486 51500 178 645 42233 254 4274 524 4068 114
internal_value=1.24736e-05 -3.29105e-05 -0.000472468 -0.00314618 -0.00579906 -0.000236811 0.000238104 0.000179543 0.000299192 0.00145373 0.00116696 4.50949e-05 -0.00350325 0.000131082 -0.000758768 0.000541364 0.00125851 0.00389931 -0.000263207 0.00421612 -0.000336728 -0.000871773 -0.00620455 -0.00903781 0.000297767 0.0101266 -0.00257796 -0.00496024 0.00304842 0.00701764
internal_weight=288018 283698 108620 8675 4036 99945 175078 172423 165374 29601 28709 135773 3111 132662 4639 3715 3584 2655 99830 1528 98302 53583 924 746 44719 892 7049 2775 4320 1211
internal_count=288018 283698 108620 8675 4036 99945 175078 172423 165374 29601 28709 135773 3111 132662 4639 3715 3584 2655 99830 1528 98302 53583 924 746 44719 892 7049 2775 4320 1211
is_linear=0
shrinkage=0.03


Tree=34
num_leaves=31
num_cat=0
split_feature=196 239 294 122 98 186 52 227 132 239 51 227 165 290 64 11 283 261 236 170 223 233 82 90 309 298 41 39 17 175
split_gain=42.6798 53.7385 59.8332 51.3885 60.9447 55.5827 54.5576 98.5515 50.3276 45.1747 41.6735 40.939 40.3163 39.1872 38.0838 35.439 47.337 76.2294 44.8324 68.154 48.5973 45.4928 45.2945 53.6446 36.2683 34.4877 33.4711 32.3556 32.1698 41.0818
threshold=1.9024127721786501 -1.371203541755676 -1.3559101223945615 0.31898806989192968 -2.2211030721664424 0.45671556890010839 0.18692639470100406 -0.17737756669521329 0.034042682498693473 -0.69751712679862965 -2.1448442935943599 0.20232744514942172 -1.3526446819305418 -0.46823357045650477 1.4523125886917116 0.034360093995928771 -1.3919146656990049 -0.1072893626987934 1.2300251722335818 2.4063328504562382 -1.1592180132865904 0.930801421403885 0.34625817835330969 0.83459830284118663 -0.014885012526065109 0.65087711811065685 1.183630168437958 1.6076731085777285 1.3469661474227907 -0.25632429122924799
decision_type=2 2 2 2 2 2 2 2 2 2 2 2 2 2 2 2 2 2 2 2 2 2 2 2 2 2 2 2 2 2
left_child=3 13 11 15 12 -6 7 10 -8 -10 -7 -3 -5 -2 25 18 17 -17 19 22 21 -20 -1 -24 -18 27 -9 -4 -26 -30
right_child=1 2 14 4 5 6 8 26 9 -11 -12 -13 -14 -15 -16 16 24 -19 20 -21 -22 -23 23 -25 28 -27 -28 -29 29 -31
leaf_value=4.1088313900855054e-05 -0.0043154252979389213 0 0.003219105727540199 0 -0.0021955551632625884 0.0054408703276557797 0.008266450599836701 0.0026061475940604719 -0.0038901472747497408 -0.0007989787522938431 -0.0017264538317754269 0.019309305415945239 0.019897155714195217 0.0081718542337687414 -0.0012133979772324752 0 -0.00013922893291798755 0.019807966465148357 0.017168654789108281 -0.010342460277997768 0.0015606820493685154 -0.00073148121404561345 -0.0042534730216085949 0.001522894948747446 0.0014348639507046762 0 -0.0013130237149510554 0.018756239597786262 -0.0029008964185718703 0.013464272887371903
leaf_weight=135455 215 158 396 154 18174 738 483 15236 4981 32494 12721 233 194 1673 4802 390 18308 292 340 565 6867 148 4677 1986 22552 619 2130 216 153 420
leaf_count=135455 215 158 396 154 18174 738 483 15236 4981 32494 12721 233 194 1673 4802 390 18308 292 340 565 6867 148 4677 1986 22552 619 2130 216 153 420
internal_value=2.88266e-06 0.00211969 0.00075115 -5.91518e-05 -0.000663438 -0.000718083 -0.000322817 0.000608326 -0.0010868 -0.0012197 -0.0013037 0.0118266 0.0114727 0.00656228 0 0.000213886 0.000982661 0.00875501 -8.60533e-09 -0.000119882 0.00227881 0.0113343 -7.56814e-05 -0.00248745 0.000843326 0.00466083 0.00210723 0.0095975 0.00163362 0.00863815
internal_weight=287770 8312 6424 279458 87305 86957 68783 30825 37958 37475 13459 391 348 1888 6033 192153 42115 682 150038 142683 7355 488 142118 6663 41433 1231 17366 612 23125 573
internal_count=287770 8312 6424 279458 87305 86957 68783 30825 37958 37475 13459 391 348 1888 6033 192153 42115 682 150038 142683 7355 488 142118 6663 41433 1231 17366 612 23125 573
is_linear=0
shrinkage=0.03


end of trees

feature_importances:
HIGH8=23
OPEN17=20
LOW3=20
OPEN1=19
CLOSE6=16
CLOSE1=16
LOW7=16
CLOSE42=15
LOW12=15
LOW0=15
OPEN21=14
HIGH1=14
LOW9=14
VWAP1=14
LOW6=13
VWAP9=13
CLOSE16=12
OPEN5=12
LOW11=12
CLOSE2=11
OPEN6=11
LOW21=11
OPEN11=10
LOW1=10
OPEN26=9
OPEN9=9
HIGH11=9
HIGH7=9
HIGH2=9
LOW43=9
VWAP2=9
CLOSE48=8
OPEN4=8
HIGH0=8
VWAP23=8
CLOSE30=7
CLOSE23=7
OPEN0=7
HIGH13=7
HIGH3=7
LOW46=7
LOW17=7
LOW16=7
LOW10=7
LOW4=7
CLOSE7=6
CLOSE5=6
OPEN29=6
HIGH57=6
HIGH23=6
HIGH18=6
HIGH15=6
HIGH9=6
LOW45=6
LOW33=6
VWAP12=6
VWAP11=6
CLOSE38=5
CLOSE28=5
CLOSE22=5
CLOSE20=5
CLOSE18=5
CLOSE13=5
CLOSE10=5
OPEN32=5
OPEN12=5
OPEN8=5
OPEN7=5
OPEN3=5
HIGH22=5
LOW36=5
LOW29=5
LOW20=5
VWAP16=5
VWAP10=5
VWAP7=5
VWAP5=5
VWAP0=5
VOLUME34=5
CLOSE54=4
OPEN59=4
OPEN25=4
OPEN15=4
OPEN10=4
HIGH51=4
HIGH43=4
HIGH32=4
HIGH30=4
HIGH20=4
HIGH17=4
HIGH16=4
LOW42=4
LOW41=4
LOW23=4
LOW15=4
LOW5=4
VWAP29=4
VWAP21=4
VWAP17=4
VWAP13=4
VWAP8=4
CLOSE57=3
CLOSE52=3
CLOSE32=3
CLOSE29=3
CLOSE26=3
CLOSE12=3
CLOSE11=3
CLOSE3=3
OPEN37=3
OPEN31=3
OPEN16=3
OPEN13=3
HIGH40=3
HIGH38=3
HIGH36=3
HIGH31=3
HIGH25=3
HIGH14=3
HIGH6=3
HIGH4=3
LOW59=3
LOW56=3
LOW50=3
LOW40=3
LOW22=3
LOW19=3
LOW13=3
LOW8=3
LOW2=3
VWAP41=3
VWAP40=3
VWAP24=3
VWAP22=3
VOLUME50=3
VOLUME8=3
VOLUME7=3
VOLUME2=3
CLOSE51=2
CLOSE47=2
CLOSE41=2
CLOSE40=2
CLOSE24=2
CLOSE19=2
CLOSE17=2
CLOSE8=2
OPEN51=2
OPEN50=2
OPEN48=2
OPEN42=2
OPEN40=2
OPEN36=2
OPEN34=2
OPEN28=2
OPEN27=2
OPEN23=2
OPEN22=2
OPEN14=2
HIGH53=2
HIGH29=2
HIGH26=2
HIGH21=2
HIGH10=2
LOW55=2
LOW53=2
LOW47=2
LOW34=2
LOW26=2
LOW24=2
VWAP58=2
VWAP53=2
VWAP51=2
VWAP32=2
VWAP19=2
VOLUME59=2
VOLUME49=2
VOLUME24=2
VOLUME6=2
CLOSE58=1
CLOSE56=1
CLOSE50=1
CLOSE43=1
CLOSE39=1
CLOSE37=1
CLOSE36=1
CLOSE35=1
CLOSE34=1
CLOSE27=1
CLOSE25=1
CLOSE21=1
CLOSE4=1
CLOSE0=1
OPEN55=1
OPEN49=1
OPEN47=1
OPEN46=1
OPEN45=1
OPEN44=1
OPEN39=1
OPEN38=1
OPEN35=1
OPEN33=1
OPEN30=1
OPEN24=1
OPEN20=1
OPEN19=1
OPEN2=1
HIGH59=1
HIGH55=1
HIGH52=1
HIGH50=1
HIGH47=1
HIGH42=1
HIGH37=1
HIGH35=1
HIGH34=1
HIGH27=1
HIGH12=1
HIGH5=1
LOW58=1
LOW57=1
LOW54=1
LOW52=1
LOW38=1
LOW37=1
LOW35=1
LOW32=1
LOW31=1
LOW30=1
LOW28=1
LOW25=1
LOW14=1
VWAP59=1
VWAP54=1
VWAP46=1
VWAP43=1
VWAP38=1
VWAP34=1
VWAP33=1
VWAP30=1
VWAP27=1
VWAP26=1
VWAP20=1
VWAP15=1
VWAP14=1
VWAP6=1
VWAP3=1
VOLUME44=1
VOLUME28=1
VOLUME26=1
VOLUME25=1
VOLUME23=1
VOLUME18=1
VOLUME17=1
VOLUME14=1
VOLUME11=1

parameters:
[boosting: gbdt]
[objective: regression]
[metric: l2]
[tree_learner: serial]
[device_type: gpu]
[data_sample_strategy: bagging]
[data: ]
[valid: ]
[num_iterations: 500]
[learning_rate: 0.03]
[num_leaves: 31]
[num_threads: 12]
[seed: 20260812]
[deterministic: 0]
[force_col_wise: 1]
[force_row_wise: 0]
[histogram_pool_size: -1]
[max_depth: 7]
[min_data_in_leaf: 100]
[min_sum_hessian_in_leaf: 0.001]
[bagging_fraction: 0.8]
[pos_bagging_fraction: 1]
[neg_bagging_fraction: 1]
[bagging_freq: 1]
[bagging_seed: 20260812]
[bagging_by_query: 0]
[feature_fraction: 0.8]
[feature_fraction_bynode: 1]
[feature_fraction_seed: 20260812]
[extra_trees: 0]
[extra_seed: 9622]
[early_stopping_round: 0]
[early_stopping_min_delta: 0]
[first_metric_only: 0]
[max_delta_step: 0]
[lambda_l1: 10]
[lambda_l2: 20]
[linear_lambda: 0]
[min_gain_to_split: 0]
[drop_rate: 0.1]
[max_drop: 50]
[skip_drop: 0.5]
[xgboost_dart_mode: 0]
[uniform_drop: 0]
[drop_seed: 26770]
[top_rate: 0.2]
[other_rate: 0.1]
[min_data_per_group: 100]
[max_cat_threshold: 32]
[cat_l2: 10]
[cat_smooth: 10]
[max_cat_to_onehot: 4]
[top_k: 20]
[monotone_constraints: ]
[monotone_constraints_method: basic]
[monotone_penalty: 0]
[feature_contri: ]
[forcedsplits_filename: ]
[refit_decay_rate: 0.9]
[cegb_tradeoff: 1]
[cegb_penalty_split: 0]
[cegb_penalty_feature_lazy: ]
[cegb_penalty_feature_coupled: ]
[path_smooth: 0]
[interaction_constraints: ]
[verbosity: 1]
[saved_feature_importance_type: 0]
[use_quantized_grad: 0]
[num_grad_quant_bins: 4]
[quant_train_renew_leaf: 0]
[stochastic_rounding: 1]
[linear_tree: 0]
[max_bin: 63]
[max_bin_by_feature: ]
[min_data_in_bin: 3]
[bin_construct_sample_cnt: 200000]
[data_random_seed: 20260812]
[is_enable_sparse: 1]
[enable_bundle: 1]
[use_missing: 1]
[zero_as_missing: 0]
[feature_pre_filter: 1]
[pre_partition: 0]
[two_round: 0]
[header: 0]
[label_column: ]
[weight_column: ]
[group_column: ]
[ignore_column: ]
[categorical_feature: ]
[forcedbins_filename: ]
[precise_float_parser: 0]
[parser_config_file: ]
[objective_seed: 6428]
[num_class: 1]
[is_unbalance: 0]
[scale_pos_weight: 1]
[sigmoid: 1]
[boost_from_average: 1]
[reg_sqrt: 0]
[alpha: 0.9]
[fair_c: 1]
[poisson_max_delta_step: 0.7]
[tweedie_variance_power: 1.5]
[lambdarank_truncation_level: 30]
[lambdarank_norm: 1]
[label_gain: ]
[lambdarank_position_bias_regularization: 0]
[eval_at: ]
[multi_error_top_k: 1]
[auc_mu_weights: ]
[num_machines: 1]
[local_listen_port: 12400]
[time_out: 120]
[machine_list_filename: ]
[machines: ]
[gpu_platform_id: 0]
[gpu_device_id: 0]
[gpu_use_dp: 1]
[num_gpu: 1]

end of parameters

pandas_categorical:null
