tree
version=v4
num_class=1
num_tree_per_iteration=1
label_index=0
max_feature_idx=359
objective=regression
feature_names=CLOSE59 CLOSE58 CLOSE57 CLOSE56 CLOSE55 CLOSE54 CLOSE53 CLOSE52 CLOSE51 CLOSE50 CLOSE49 CLOSE48 CLOSE47 CLOSE46 CLOSE45 CLOSE44 CLOSE43 CLOSE42 CLOSE41 CLOSE40 CLOSE39 CLOSE38 CLOSE37 CLOSE36 CLOSE35 CLOSE34 CLOSE33 CLOSE32 CLOSE31 CLOSE30 CLOSE29 CLOSE28 CLOSE27 CLOSE26 CLOSE25 CLOSE24 CLOSE23 CLOSE22 CLOSE21 CLOSE20 CLOSE19 CLOSE18 CLOSE17 CLOSE16 CLOSE15 CLOSE14 CLOSE13 CLOSE12 CLOSE11 CLOSE10 CLOSE9 CLOSE8 CLOSE7 CLOSE6 CLOSE5 CLOSE4 CLOSE3 CLOSE2 CLOSE1 CLOSE0 OPEN59 OPEN58 OPEN57 OPEN56 OPEN55 OPEN54 OPEN53 OPEN52 OPEN51 OPEN50 OPEN49 OPEN48 OPEN47 OPEN46 OPEN45 OPEN44 OPEN43 OPEN42 OPEN41 OPEN40 OPEN39 OPEN38 OPEN37 OPEN36 OPEN35 OPEN34 OPEN33 OPEN32 OPEN31 OPEN30 OPEN29 OPEN28 OPEN27 OPEN26 OPEN25 OPEN24 OPEN23 OPEN22 OPEN21 OPEN20 OPEN19 OPEN18 OPEN17 OPEN16 OPEN15 OPEN14 OPEN13 OPEN12 OPEN11 OPEN10 OPEN9 OPEN8 OPEN7 OPEN6 OPEN5 OPEN4 OPEN3 OPEN2 OPEN1 OPEN0 HIGH59 HIGH58 HIGH57 HIGH56 HIGH55 HIGH54 HIGH53 HIGH52 HIGH51 HIGH50 HIGH49 HIGH48 HIGH47 HIGH46 HIGH45 HIGH44 HIGH43 HIGH42 HIGH41 HIGH40 HIGH39 HIGH38 HIGH37 HIGH36 HIGH35 HIGH34 HIGH33 HIGH32 HIGH31 HIGH30 HIGH29 HIGH28 HIGH27 HIGH26 HIGH25 HIGH24 HIGH23 HIGH22 HIGH21 HIGH20 HIGH19 HIGH18 HIGH17 HIGH16 HIGH15 HIGH14 HIGH13 HIGH12 HIGH11 HIGH10 HIGH9 HIGH8 HIGH7 HIGH6 HIGH5 HIGH4 HIGH3 HIGH2 HIGH1 HIGH0 LOW59 LOW58 LOW57 LOW56 LOW55 LOW54 LOW53 LOW52 LOW51 LOW50 LOW49 LOW48 LOW47 LOW46 LOW45 LOW44 LOW43 LOW42 LOW41 LOW40 LOW39 LOW38 LOW37 LOW36 LOW35 LOW34 LOW33 LOW32 LOW31 LOW30 LOW29 LOW28 LOW27 LOW26 LOW25 LOW24 LOW23 LOW22 LOW21 LOW20 LOW19 LOW18 LOW17 LOW16 LOW15 LOW14 LOW13 LOW12 LOW11 LOW10 LOW9 LOW8 LOW7 LOW6 LOW5 LOW4 LOW3 LOW2 LOW1 LOW0 VWAP59 VWAP58 VWAP57 VWAP56 VWAP55 VWAP54 VWAP53 VWAP52 VWAP51 VWAP50 VWAP49 VWAP48 VWAP47 VWAP46 VWAP45 VWAP44 VWAP43 VWAP42 VWAP41 VWAP40 VWAP39 VWAP38 VWAP37 VWAP36 VWAP35 VWAP34 VWAP33 VWAP32 VWAP31 VWAP30 VWAP29 VWAP28 VWAP27 VWAP26 VWAP25 VWAP24 VWAP23 VWAP22 VWAP21 VWAP20 VWAP19 VWAP18 VWAP17 VWAP16 VWAP15 VWAP14 VWAP13 VWAP12 VWAP11 VWAP10 VWAP9 VWAP8 VWAP7 VWAP6 VWAP5 VWAP4 VWAP3 VWAP2 VWAP1 VWAP0 VOLUME59 VOLUME58 VOLUME57 VOLUME56 VOLUME55 VOLUME54 VOLUME53 VOLUME52 VOLUME51 VOLUME50 VOLUME49 VOLUME48 VOLUME47 VOLUME46 VOLUME45 VOLUME44 VOLUME43 VOLUME42 VOLUME41 VOLUME40 VOLUME39 VOLUME38 VOLUME37 VOLUME36 VOLUME35 VOLUME34 VOLUME33 VOLUME32 VOLUME31 VOLUME30 VOLUME29 VOLUME28 VOLUME27 VOLUME26 VOLUME25 VOLUME24 VOLUME23 VOLUME22 VOLUME21 VOLUME20 VOLUME19 VOLUME18 VOLUME17 VOLUME16 VOLUME15 VOLUME14 VOLUME13 VOLUME12 VOLUME11 VOLUME10 VOLUME9 VOLUME8 VOLUME7 VOLUME6 VOLUME5 VOLUME4 VOLUME3 VOLUME2 VOLUME1 VOLUME0
feature_infos=[-5.4038181304931641:12.207799911499023] [-5.4630842208862305:12.317498207092285] [-5.552156925201416:12.828096389770508] [-5.543860912322998:11.230463981628418] [-5.5617179870605469:11.448848724365234] [-5.6241564750671387:11.414474487304688] [-5.6825575828552246:9.6098718643188477] [-5.657966136932373:9.3752841949462891] [-5.5993099212646484:11.028009414672852] [-5.6313424110412598:11.904008865356445] [-5.6268739700317383:14.104987144470215] [-5.6736459732055664:14.119842529296875] [-5.6078968048095703:13.772034645080566] [-5.3474845886230469:16.204652786254883] [-5.0301141738891602:14.807033538818359] [-5.0154285430908203:14.420330047607422] [-5.4409685134887695:12.201403617858887] [-5.6576046943664551:11.266861915588379] [-5.748682975769043:10.175777435302734] [-5.7619786262512207:9.7804374694824219] [-5.837033748626709:10.43333911895752] [-5.7729997634887695:12.606629371643066] [-5.8598322868347168:10.490278244018555] [-5.8949131965637207:12.366391181945801] [-6.0229306221008301:12.926149368286133] [-6.1776113510131836:15.240093231201172] [-6.156036376953125:12.846419334411621] [-6.1175355911254883:13.303590774536133] [-6.2611255645751953:15.902070999145508] [-6.491330623626709:18.839191436767578] [-6.5942034721374512:22.150033950805664] [-6.6824989318847656:25.889287948608398] [-6.9009256362915039:22.514554977416992] [-6.7733120918273926:19.431056976318359] [-6.7470202445983887:18.610666275024414] [-6.8720340728759766:19.165328979492188] [-6.9760775566101074:17.714389801025391] [-7.0796875953674316:15.677718162536621] [-7.4749898910522461:14.608213424682617] [-7.5138611793518066:16.016225814819336] [-7.5265936851501465:16.216730117797852] [-7.7491507530212402:15.659536361694336] [-8.1944398880004883:16.027450561523438] [-8.3186569213867188:14.761478424072266] [-8.5568714141845703:13.908934593200684] [-8.3141460418701172:16.388105392456055] [-7.9301848411560059:15.731110572814941] [-7.5947170257568359:14.221858024597168] [-8.3242588043212891:15.788053512573242] [-9.2431402206420898:16.472049713134766] [-9.4991426467895508:15.732405662536621] [-9.9160194396972656:13.491730690002441] [-10.473063468933105:13.854236602783203] [-10.574273109436035:16.66523551940918] [-10.056805610656738:18.256818771362305] [-9.4071807861328125:15.396571159362793] [-8.5168867111206055:12.600017547607422] [-7.2752594947814941:9.7437820434570312] [-5.7883028984069824:11.24958610534668] [0:1] [-5.3939027786254883:10.705911636352539] [-5.3801994323730469:10.959723472595215] [-5.4286031723022461:11.38120174407959] [-5.5680313110351562:10.736789703369141] [-5.5342550277709961:10.087675094604492] [-5.558952808380127:10.053220748901367] [-5.594970703125:9.4435482025146484] [-5.6583342552185059:9.4323110580444336] [-5.6505732536315918:9.6716413497924805] [-5.5674500465393066:9.3488006591796875] [-5.6290454864501953:12.511114120483398] [-5.6344051361083984:12.523300170898438] [-5.6714987754821777:12.193946838378906] [-5.5976228713989258:14.438279151916504] [-5.3190979957580566:13.691545486450195] [-5.0197815895080566:12.763317108154297] [-5.0082345008850098:12.066287040710449] [-5.4853944778442383:10.058550834655762] [-5.6640167236328125:9.9871940612792969] [-5.7586402893066406:8.8968601226806641] [-5.7868266105651855:8.7311592102050781] [-5.8147773742675781:11.030464172363281] [-5.7806525230407715:10.364409446716309] [-5.8425917625427246:10.789878845214844] [-5.8936858177185059:11.296235084533691] [-6.0248398780822754:13.41217041015625] [-6.1962108612060547:12.685262680053711] [-6.1465163230895996:11.593866348266602] [-6.1146559715270996:13.187936782836914] [-6.2870941162109375:16.678976058959961] [-6.497774600982666:19.713329315185547] [-6.5631170272827148:23.145591735839844] [-6.6829066276550293:22.194005966186523] [-6.9077982902526855:19.136722564697266] [-6.6785674095153809:16.363210678100586] [-6.7857351303100586:15.58949089050293] [-6.9262762069702148:17.248769760131836] [-6.9641542434692383:15.060530662536621] [-7.1025972366333008:15.738567352294922] [-7.4681973457336426:13.973452568054199] [-7.478858470916748:15.671545028686523] [-7.5521197319030762:15.950857162475586] [-7.7583436965942383:15.710830688476562] [-8.1823797225952148:16.01679801940918] [-8.4201278686523438:14.733643531799316] [-8.4783000946044922:13.729578971862793] [-8.1252670288085938:16.373483657836914] [-7.763270378112793:15.379834175109863] [-7.5328803062438965:14.280837059020996] [-8.3767480850219727:15.992692947387695] [-9.5014057159423828:16.661792755126953] [-9.5703029632568359:14.481954574584961] [-9.9364843368530273:13.725786209106445] [-10.522650718688965:10.901738166809082] [-10.593387603759766:13.379806518554688] [-9.7370462417602539:13.903392791748047] [-11.401833534240723:11.473542213439941] [-11.157689094543457:14.136837959289551] [-10.897046089172363:13.387150764465332] [-11.330784797668457:11.485442161560059] [-5.3820013999938965:12.364547729492188] [-5.4294228553771973:12.475584030151367] [-5.4694676399230957:12.552258491516113] [-5.5374393463134766:11.467157363891602] [-5.5535435676574707:11.189560890197754] [-5.5764822959899902:11.157842636108398] [-5.6358404159545898:9.7485008239746094] [-5.6567521095275879:9.3603830337524414] [-5.5977020263671875:10.770561218261719] [-5.5960569381713867:11.628432273864746] [-5.6298618316650391:13.794612884521484] [-5.6596841812133789:13.809728622436523] [-5.5593347549438477:13.465097427368164] [-5.357581615447998:15.858750343322754] [-5.0450444221496582:14.478733062744141] [-5.0299372673034668:14.091922760009766] [-5.0308094024658203:11.90185546875] [-5.5345115661621094:11.404111862182617] [-5.6715240478515625:10.971304893493652] [-5.6430082321166992:10.426162719726562] [-5.8330845832824707:10.159341812133789] [-5.7179265022277832:12.296684265136719] [-5.8336644172668457:10.210969924926758] [-5.8502101898193359:12.057721138000488] [-5.9448437690734863:12.601513862609863] [-6.107874870300293:14.864160537719727] [-6.0690827369689941:12.517831802368164] [-6.1017847061157227:12.972479820251465] [-6.1716437339782715:15.531359672546387] [-6.3130483627319336:18.409242630004883] [-6.5198044776916504:21.656618118286133] [-6.6459999084472656:25.317371368408203] [-6.7865829467773438:22.012430191040039] [-6.7773442268371582:18.976459503173828] [-6.7013201713562012:18.154861450195312] [-6.8188552856445312:19.343141555786133] [-6.9306292533874512:18.877908706665039] [-6.9270119667053223:18.2635498046875] [-7.1876015663146973:15.764147758483887] [-7.4516735076904297:15.993157386779785] [-7.4186992645263672:16.368352890014648] [-7.6636042594909668:16.003454208374023] [-7.9494142532348633:15.889026641845703] [-8.0757808685302734:15.958135604858398] [-8.4526987075805664:14.689020156860352] [-8.303074836730957:15.909083366394043] [-7.8713383674621582:16.440237045288086] [-7.4928336143493652:15.491005897521973] [-7.8494901657104492:15.217290878295898] [-8.7483577728271484:16.283535003662109] [-9.3180007934570312:17.49163818359375] [-9.6569833755493164:14.919129371643066] [-10.237624168395996:14.029580116271973] [-10.158770561218262:15.869563102722168] [-9.9206790924072266:17.252283096313477] [-9.229191780090332:14.353494644165039] [-8.3126459121704102:12.82408332824707] [-7.0230255126953125:17.571023941040039] [-5.0675835609436035:16.732889175415039] [-0.9664994478225708:19.204320907592773] [-5.3964767456054688:10.970551490783691] [-5.4396467208862305:10.572331428527832] [-5.5276446342468262:11.663507461547852] [-5.5864782333374023:11.011089324951172] [-5.5761957168579102:10.352532386779785] [-5.5853433609008789:10.316717147827148] [-5.6677336692810059:9.7006664276123047] [-5.6882305145263672:9.3147363662719727] [-5.6582484245300293:9.9389581680297852] [-5.6039600372314453:9.6126041412353516] [-5.6928701400756836:12.835577011108398] [-5.6788039207458496:12.846935272216797] [-5.6773409843444824:12.513778686523438] [-5.6048955917358398:14.802810668945312] [-5.320920467376709:14.052196502685547] [-5.0179457664489746:13.111536979675293] [-5.3839902877807617:12.409426689147949] [-5.8174047470092773:10.36540412902832] [-5.784174919128418:9.5021562576293945] [-5.832496166229248:8.678898811340332] [-5.8793540000915527:8.1940927505493164] [-5.8299708366394043:11.360886573791504] [-5.8449859619140625:10.684518814086914] [-5.86358642578125:11.115287780761719] [-6.1381864547729492:11.634455680847168] [-6.2772350311279297:13.802389144897461] [-6.2678170204162598:13.060978889465332] [-6.1760926246643066:11.949478149414062] [-6.2078957557678223:13.344522476196289] [-6.4379968643188477:17.147287368774414] [-6.6149802207946777:20.259696960449219] [-6.6496763229370117:23.773187637329102] [-6.8508658409118652:22.798303604125977] [-6.9366893768310547:19.675657272338867] [-6.7643942832946777:16.856267929077148] [-6.8079290390014648:16.073888778686523] [-7.0642623901367188:16.587459564208984] [-6.9945707321166992:15.523313522338867] [-7.3730998039245605:13.628948211669922] [-7.5600848197937012:14.123520851135254] [-7.5175132751464844:15.707470893859863] [-7.7112398147583008:15.520206451416016] [-8.0361595153808594:15.831537246704102] [-8.2219562530517578:14.843610763549805] [-8.5500802993774414:13.949758529663086] [-8.6501235961914062:13.985755920410156] [-8.3596582412719727:15.620052337646484] [-7.8853812217712402:13.975187301635742] [-8.4686384201049805:13.39249324798584] [-8.9124746322631836:15.623690605163574] [-9.8203353881835938:15.20835018157959] [-9.9615106582641602:13.049732208251953] [-10.32017707824707:10.72990894317627] [-10.724518775939941:10.996842384338379] [-10.861797332763672:13.600567817687988] [-10.031360626220703:15.071050643920898] [-11.908105850219727:12.20367431640625] [-11.882100105285645:9.2834072113037109] [-12.17307186126709:9.2433996200561523] [-16.49937629699707:0.97749477624893188] [-5.4039878845214844:11.250247001647949] [-5.4382061958312988:11.140832901000977] [-5.5047149658203125:12.130561828613281] [-5.5697188377380371:10.811211585998535] [-5.5674295425415039:10.79209041595459] [-5.5975079536437988:10.758352279663086] [-5.6568036079406738:9.5577478408813477] [-5.6772289276123047:9.3146648406982422] [-5.6385312080383301:10.375532150268555] [-5.6120061874389648:10.64986515045166] [-5.6572656631469727:13.342713356018066] [-5.6746344566345215:13.356831550598145] [-5.6420350074768066:13.01786994934082] [-5.4896707534790039:15.364109039306641] [-5.191077709197998:14.011350631713867] [-5.0303573608398438:13.63185977935791] [-5.2277398109436035:12.174280166625977] [-5.6374177932739258:10.149846076965332] [-5.7320928573608398:10.191084861755371] [-5.7643313407897949:9.0887775421142578] [-5.8503236770629883:9.207432746887207] [-5.8003559112548828:11.858438491821289] [-5.8468437194824219:10.466709136962891] [-5.8804669380187988:11.617894172668457] [-6.0177435874938965:12.15272331237793] [-6.1657099723815918:14.375732421875] [-6.191983699798584:12.817586898803711] [-6.1559233665466309:12.484643936157227] [-6.2097978591918945:14.530891418457031] [-6.4042263031005859:17.823141098022461] [-6.5801353454589844:21.013839721679688] [-6.6600465774536133:24.623151779174805] [-6.8311100006103516:22.463642120361328] [-6.8759355545043945:19.379465103149414] [-6.7502989768981934:17.56739616394043] [-6.8503098487854004:16.717073440551758] [-7.0050268173217773:17.691045761108398] [-7.0236339569091797:16.211967468261719] [-7.318967342376709:15.018354415893555] [-7.5370831489562988:15.103734970092773] [-7.5262660980224609:16.079132080078125] [-7.7127366065979004:15.877166748046875] [-8.0319108963012695:15.961054801940918] [-8.2521495819091797:15.501462936401367] [-8.5525264739990234:14.423134803771973] [-8.4979753494262695:15.106385231018066] [-8.1349296569824219:16.172042846679688] [-7.7380094528198242:14.902035713195801] [-8.1132259368896484:14.802522659301758] [-8.9047470092773438:16.255861282348633] [-9.6422586441040039:16.468313217163086] [-9.8980913162231445:14.0672607421875] [-10.386066436767578:12.226994514465332] [-10.668394088745117:12.778707504272461] [-10.563884735107422:13.92197322845459] [-9.8267021179199219:15.008130073547363] [-10.384056091308594:12.156516075134277] [-9.8234548568725586:12.385733604431152] [-9.2500982284545898:11.325177192687988] [-11.108595848083496:11.27674388885498] [-0.023151803761720657:320.79556274414062] [-0.023552967235445976:342.58062744140625] [-0.024514675140380859:319.25338745117188] [-0.025893872603774071:317.08056640625] [-0.025641471147537231:420.46987915039062] [-0.036820705980062485:162.91561889648438] [-0.01970398984849453:399.36898803710938] [-0.027579342946410179:149.06684875488281] [-0.032341785728931427:158.35102844238281] [-0.029248002916574478:155.65849304199219] [-0.026169661432504654:319.512939453125] [-0.024268938228487968:351.22409057617188] [-0.02471037395298481:370.87823486328125] [-0.022950060665607452:385.64321899414062] [-0.022395225241780281:386.80337524414062] [-0.023825481534004211:379.16131591796875] [-0.015462658368051052:198.29983520507812] [-0.023323949426412582:336.31124877929688] [-0.015774592757225037:234.04183959960938] [-0.018414083868265152:277.28448486328125] [-0.025623979046940804:413.89871215820312] [-0.026942715048789978:458.59365844726562] [-0.022823723033070564:376.15072631835938] [-0.03072655200958252:352.529052734375] [-0.026520777493715286:444.79776000976562] [-0.020596971735358238:385.6285400390625] [-0.026999516412615776:455.86917114257812] [-0.022171834483742714:371.3687744140625] [-0.016349649056792259:462.75802612304688] [-0.024673076346516609:413.50241088867188] [-0.018979929387569427:379.58163452148438] [-0.014445589855313301:267.478759765625] [-0.035802826285362244:390.68917846679688] [-0.019427074119448662:289.63323974609375] [-0.022303992882370949:333.93392944335938] [-0.0237291119992733:377.6591796875] [-0.0097173256799578667:539.491455078125] [-0.022759400308132172:340.16921997070312] [-0.010578911751508713:525.3720703125] [-0.020813301205635071:412.00271606445312] [-0.013653680682182312:173.86936950683594] [-0.011283853091299534:463.11029052734375] [-0.01480985339730978:319.55813598632812] [-0.017652995884418488:297.6595458984375] [-0.0095784598961472511:300.578857421875] [-0.011939272284507751:485.23876953125] [-0.017059490084648132:362.34173583984375] [-0.016829557716846466:191.77696228027344] [-0.012630914337933064:359.11703491210938] [-0.013145782984793186:433.60562133789062] [-0.018381858244538307:396.68478393554688] [-0.0091012157499790192:494.3228759765625] [-0.019375069066882133:449.85595703125] [-0.033517889678478241:157.14990234375] [-0.011998369358479977:467.15005493164062] [-0.010289213620126247:490.4542236328125] [-0.019199203699827194:267.81991577148438] [-0.018684670329093933:212.38313293457031] [-0.047170400619506836:526.06732177734375] [0:1]
tree_sizes=3097 3099 3073 3069 3087 3105 3075 3072 3039 3117 3100 3087 3098 3112 3071 3072 3052 3033 3092 3071 3112 3106 3113 3036 3033 3076 3014 3092

Tree=0
num_leaves=31
num_cat=0
split_feature=270 102 196 53 58 228 43 18 168 98 157 60 36 118 233 48 108 112 87 232 53 109 216 310 163 110 17 176 21 281
split_gain=160.807 138.665 87.4582 93.3301 73.7383 60.1898 59.9188 57.8226 55.6706 74.6303 94.6431 67.5757 50.0304 48.892 138.586 74.0821 58.0901 82.2705 50.6252 44.5332 89.6577 65.4221 46.261 40.7853 39.0992 60.9572 38.0433 37.4336 36.7351 67.2013
threshold=2.3112641572952275 0.032783066853880889 1.153289318084717 -1.7741061449050901 -1.0378925204277036 -2.2410446405410762 2.3152472972869877 1.0000000180025095e-35 -1.7099261283874509 -2.2211030721664424 -0.82106083631515492 0.60870188474655162 0.75967794656753551 1.564591705799103 0.86927351355552684 1.8716973066329958 1.2967373132705691 0.59441602230072033 2.3255208730697636 1.831970274448395 0.09530936181545259 1.61400443315506 1.8490415811538699 -0.0073191265109926453 -2.1298501491546626 -2.1541329622268672 2.3292021751403813 -1.2913140058517454 -1.1725963950157163 -1.8182493448257444
decision_type=2 2 2 2 2 2 2 2 2 2 2 2 2 2 2 2 2 2 2 2 2 2 2 2 2 2 2 2 2 2
left_child=1 2 3 28 7 -4 13 -3 24 11 -11 -10 -7 16 23 -16 17 -6 -18 20 26 -22 -21 -15 -5 -26 -2 -9 -1 -30
right_child=19 4 5 8 6 12 -8 27 9 10 -12 -13 -14 14 15 -17 18 -19 -20 22 21 -23 -24 -25 25 -27 -28 -29 29 -31
leaf_value=-0.00061464038538299587 0.0038286871832199938 -0.006776277421769371 0.022092093440079837 -0.00067683163796402885 -0.00018208090788376084 0.0059222750321004112 0.0045463215625207009 -0.0065462756074446309 0.0040440276480369153 -0.00098492440996631229 0.00086111284238872489 0.022138439138619223 -0.0033419401140897466 -0.011869764898989169 0.0016229713532139878 -0.0066317511484643241 0.0018432145259321586 -0.0020512341256934017 -0.0097781720706716577 -0.0016669379310130319 0.0039933950428105904 -0.0077386531937096532 0.01114678875674522 1.586447495265204e-09 0.012476941880909911 0.0030273277984633048 0.017736169251613171 -0.00081540341765296823 -0.01399293470335718 -0.0029875568450528135
leaf_weight=3760 465 2951 170 1235 70960 2696 1983 1240 1429 33168 100095 213 592 1601 3812 1287 11335 30462 321 248 945 734 1608 355 827 2880 385 6642 611 3187
leaf_count=3760 465 2951 170 1235 70960 2696 1983 1240 1429 33168 100095 213 592 1601 3812 1287 11335 30462 321 248 945 734 1608 355 827 2880 385 6642 611 3187
internal_value=1.58645e-09 -8.74796e-05 0.000533802 0.000420583 -0.000794705 0.00524357 -0.000580978 -0.00317081 0.000597986 0.000480568 0.000399321 0.0068099 0.00415346 -0.000668852 -0.00309684 -0.000419706 -0.000514195 -0.00074673 0.00148127 0.00568876 0.00288691 -0.000989593 0.00927518 -0.00984901 0.00372789 0.00527159 0.0107357 -0.00176924 -0.00281525 -0.00490064
internal_weight=288197 283812 150863 147405 132949 3458 122116 10833 139847 134905 133263 1642 3288 120133 7055 5099 113078 101422 11656 4385 2529 1679 1856 1956 4942 3707 850 7882 7558 3798
internal_count=288197 283812 150863 147405 132949 3458 122116 10833 139847 134905 133263 1642 3288 120133 7055 5099 113078 101422 11656 4385 2529 1679 1856 1956 4942 3707 850 7882 7558 3798
is_linear=0
shrinkage=1


Tree=1
num_leaves=31
num_cat=0
split_feature=93 171 197 298 230 102 230 248 102 108 227 236 46 201 183 176 161 224 173 147 294 15 98 178 94 238 165 98 96 49
split_gain=159.175 159.517 128.576 111.798 69.0546 68.389 67.6536 63.1213 59.1035 57.8397 56.3005 55.4072 59.4422 53.3754 93.7821 51.2673 47.8601 59.434 54.7588 43.1731 39.6778 38.4309 38.3566 37.3743 36.8592 46.5858 39.326 35.4372 34.3994 40.0281
threshold=2.3109605312347417 0.22989699989557269 1.6622102260589602 -0.71798598766326893 -0.32327733933925623 -0.060831466689705842 0.20198290795087817 -1.438659608364105 0.032783066853880889 1.2967373132705691 -0.69096398353576649 0.57567596435546886 -0.39644183218479151 -0.50048041343688954 0.25153660774230963 0.65244838595390331 0.19340127706527713 0.35864694416522985 0.71394032239913952 0.97491130232810985 -0.16855879873037335 1.2329830527305605 0.45296539366245275 -1.9500569105148313 -1.0630990266799925 -0.13081786036491391 0.033080795779824264 1.8600566983222964 0.81560149788856517 -0.13786134868860242
decision_type=2 2 2 2 2 2 2 2 2 2 2 2 2 2 2 2 2 2 2 2 2 2 2 2 2 2 2 2 2 2
left_child=1 2 4 6 5 11 -3 24 21 16 -4 15 -13 -11 -15 -1 18 -18 -9 23 -21 -6 -12 -7 25 -5 -27 -2 29 -26
right_child=27 3 10 7 8 19 -8 9 -10 13 22 12 -14 14 -16 -17 17 -19 -20 20 -22 -23 -24 -25 28 26 -28 -29 -30 -31
leaf_value=0.00010680198507440345 0 -0.0096122689014513374 -0.0016865316081030035 -0.0084797564148902885 0.0015479515406394916 -0.012669059152804944 -0.0028685930948911397 -0.0011324563539055381 7.3729959324794026e-05 -0.0055319924193030119 1.2637015242944471e-05 0.0057861682093161464 -0.0024830549313805622 0.004841025552949128 -0.00027439054040447747 -0.0052698356185614135 -0.0040556906431519013 -0.0012556863458753962 0.0017655647084046857 -0.00020037838650808443 0.0088285180042378692 0.01017797285703196 0.011384629384853705 -0.0022375478613320364 -0.0038941655381979265 0.0084537933897209927 -0.0058339942898601293 0.0070291645137004451 -0.006042388578751153 0.0094640400569590295
leaf_weight=66338 876 1644 456 406 49131 311 8729 17643 39380 1088 382 2949 991 4567 10538 1615 8491 38354 8741 1751 539 463 1631 15033 189 524 213 3487 143 1425
leaf_count=66338 876 1644 456 406 49131 311 8729 17643 39380 1088 382 2949 991 4567 10538 1615 8491 38354 8741 1751 539 463 1631 15033 189 524 213 3487 143 1425
internal_value=5.18606e-06 -8.14273e-05 0.000453325 -0.0010266 0.000357095 -0.00022843 -0.00398269 -0.000690422 0.00094955 -0.000834718 0.00723114 0.000178546 0.00362848 0.000775879 0.00125678 -1.80809e-05 -0.00119508 -0.00177112 -0.000160372 -0.00190297 0.00185293 0.00163864 0.00939553 -0.00248472 0.00363148 -0.000320579 0.00388315 0.00567957 0.00634595 0.00768767
internal_weight=288028 283665 180970 102695 178501 89527 10373 92322 88974 89422 2469 71893 3940 16193 15105 67953 73229 46845 26384 17634 2290 49594 2013 15344 2900 1143 737 4363 1757 1614
internal_count=288028 283665 180970 102695 178501 89527 10373 92322 88974 89422 2469 71893 3940 16193 15105 67953 73229 46845 26384 17634 2290 49594 2013 15344 2900 1143 737 4363 1757 1614
is_linear=0
shrinkage=0.03


Tree=2
num_leaves=31
num_cat=0
split_feature=90 171 17 238 114 102 230 69 42 269 293 27 108 87 196 57 162 290 81 175 211 111 57 276 238 233 180 277 93 141
split_gain=152.982 148.456 135.718 96.5836 84.3974 84.789 83.9953 63.6716 61.3873 60.3662 56.2129 55.3701 69.6405 68.705 52.1932 49.8556 48.1609 143.478 86.1058 70.3888 59.363 52.8035 51.2551 44.0116 43.414 43.1288 63.0849 42.8114 74.4227 64.3592
threshold=2.3164842128753667 0.22989699989557269 1.6625338792800906 -0.78040122985839833 -1.3669781684875486 0.032783066853880889 -0.58891886472702015 -1.2802212834358213 0.92743751406669628 1.1144611239433291 -1.522490859031677 2.3276816606521611 1.2967373132705691 -0.28287377953529352 1.9024127721786501 -1.1382932066917417 -1.7505069971084593 -2.1532540321350093 -1.070092439651489 -1.4447234272956846 -1.287705063819885 -1.2451369762420652 -0.46148219704627985 1.8689450025558474 -1.6987590193748472 0.57753998041152965 -2.2727910280227657 -1.8451063036918638 -0.98368108272552479 1.0000000180025095e-35
decision_type=2 2 2 2 2 2 2 2 2 2 2 2 2 2 2 2 2 2 2 2 2 2 2 2 2 2 2 2 2 2
left_child=1 2 4 14 16 27 10 8 25 -8 -7 12 -9 -14 -3 -4 18 19 22 -18 -19 -20 -1 -2 -16 26 -5 29 -29 -6
right_child=23 3 15 7 5 6 9 11 -10 -11 -12 -13 13 -15 24 -17 17 20 21 -21 -22 -23 -24 -25 -26 -27 -28 28 -30 -31
leaf_value=-0.0037945190146834551 0 -0.0043493160165819335 -0.00063542129838879192 -0.011112063348121506 0.0029491858604867248 0.01411617998839166 -0.00030358413883972029 -0.0011627135586347725 -0.0091960812986251854 0.004279964348087582 -0.0042911482547177424 -0.0096843926404999621 -0.0061025004884446947 0.0016509487596130367 0.0084753281170026583 0.009445992527857907 0.002587960943219243 0.0025688859968767443 -0.014146027894209288 0.018045325707097857 -0.0027684513685958725 0.0052131273803094095 0.0049042805250576922 0.0072702888187261474 -0.0036139758600498778 0.0080770398682737284 0.0037022361450116505 -0.00087736455624681721 0.0012445656831763456 0.018905346821515043
leaf_weight=2861 977 9882 492 289 3997 127 42005 72541 295 2735 5846 619 1078 13992 536 2004 719 2267 945 469 9430 111 730 3291 458 1555 1468 17695 88500 233
leaf_count=2861 977 9882 492 289 3997 127 42005 72541 295 2735 5846 619 1078 13992 536 2004 719 2267 945 469 9430 111 730 3291 458 1555 1468 17695 88500 233
internal_value=-3.80351e-06 -8.97909e-05 0.000425608 -0.00100168 0.00032638 0.0005429 -0.000468406 -0.000680662 0.0031982 -1.48977e-05 -0.0038039 -0.000843325 -0.000775241 0.00106909 -0.00367861 0.0073503 -0.00164494 -0.000670295 -0.00426865 0.00913631 -0.0017058 -0.0117732 -0.00192573 0.00561928 0.00264773 0.00444077 0.000999043 0.00101006 0.000888071 0.00398351
internal_weight=288147 283879 181166 102713 178670 161138 50713 91837 3607 44740 5973 88230 87611 15070 10876 2496 17532 12885 4647 1188 11697 1056 3591 4268 994 3312 1757 110425 106195 4230
internal_count=288147 283879 181166 102713 178670 161138 50713 91837 3607 44740 5973 88230 87611 15070 10876 2496 17532 12885 4647 1188 11697 1056 3591 4268 994 3312 1757 110425 106195 4230
is_linear=0
shrinkage=0.03


Tree=3
num_leaves=31
num_cat=0
split_feature=93 102 53 289 98 157 180 178 163 113 230 180 12 139 58 168 295 313 12 231 239 241 43 239 171 162 179 220 98 114
split_gain=164.312 125.488 75.5843 66.6576 74.9027 82.2697 66.898 65.7311 61.8405 58.2051 61.4745 55.5698 52.5257 61.7734 51.1468 51.0596 53.5712 47.0271 46.0111 45.1818 49.9161 43.3231 42.3485 39.6108 39.2756 38.7644 35.985 35.0206 32.7968 39.3573
threshold=2.3109605312347417 0.032783066853880889 -1.7741061449050901 -1.7637091279029844 -2.2211030721664424 -0.82106083631515492 0.60932412743568432 -0.97219336032867421 -2.1298501491546626 -1.3619170188903806 -0.75137010216712941 0.75351992249488842 0.84993848204612743 -0.52626904845237721 0.51351925730705272 -2.0739941596984859 -0.87256255745887745 -0.0049129538238048545 0.1029506102204323 -2.2771986722946163 -0.31315323710441584 0.39915888011455541 2.3152472972869877 -3.0192582607269283 0.22989699989557269 -1.5190534591674802 0.66329032182693493 -1.6073793768882749 1.8600566983222964 -0.5479033589363097
decision_type=2 2 2 2 2 2 2 2 2 2 2 2 2 2 2 2 2 2 2 2 2 2 2 2 2 2 2 2 2 2
left_child=1 2 12 8 6 14 -5 -3 23 18 11 -11 13 19 -6 26 -17 27 -9 25 -21 -7 24 -4 -12 -1 -10 -15 -2 -30
right_child=28 7 3 4 5 21 -8 9 15 10 22 -13 -14 17 -16 16 -18 -19 -20 20 -22 -23 -24 -25 -26 -27 -28 -29 29 -31
leaf_value=-0.0060745548051833404 0.00011910371078742881 -0.0031838409574959517 -0.017443018982509023 0.0040188483810220301 -0.0014582074395414965 0.0011330718532392289 0.021603753923403995 -0.002607744541516977 0.0071494399364547372 -0.0075018761138521692 6.5215547380357869e-05 0.00010568825299140514 0.0055474645899931717 -0.018019210639432289 0.0014204203189571664 -0.00016060401227615403 0.0081899697687719611 0 0.0085660101044158377 -0.0012776361103859313 0.0072079956331545817 -0.00047030666135227137 0.0038193953294767 0 -0.0010651449051279746 0.0064835678245932209 0.020332756644910681 -0.0068117956741384732 0.01619441871989101 0.0056690109095422327
leaf_weight=1790 859 9637 113 1532 26754 84620 223 415 849 2189 44084 1293 645 372 6893 1514 1155 610 1067 1938 873 18173 1917 942 72138 213 308 1444 395 3097
leaf_count=1790 859 9637 113 1532 26754 84620 223 415 849 2189 44084 1293 645 372 6893 1514 1155 610 1067 1938 873 18173 1917 942 72138 213 308 1444 395 3097
internal_value=-2.94586e-05 -0.00011942 0.000470952 0.000630308 0.000505815 0.000423745 0.00664054 -0.00079306 0.0040774 -0.000602977 -0.000677544 -0.00460676 -0.00237695 -0.00313758 -0.000859081 0.00586554 0.00337555 -0.00704404 0.00524426 -0.00108588 0.00128404 0.000846653 -0.000558436 -0.00211676 -0.000633871 -0.00453993 0.0111997 -0.00944227 0.00574141 0.00703046
internal_weight=288052 283701 150961 143076 138195 136440 1755 132740 4881 123103 121621 3482 7885 7240 33647 3826 2669 2426 1482 4814 2811 102793 118139 1055 116222 2003 1157 1816 4351 3492
internal_count=288052 283701 150961 143076 138195 136440 1755 132740 4881 123103 121621 3482 7885 7240 33647 3826 2669 2426 1482 4814 2811 102793 118139 1055 116222 2003 1157 1816 4351 3492
is_linear=0
shrinkage=0.03


Tree=4
num_leaves=31
num_cat=0
split_feature=29 162 53 227 113 168 163 277 30 217 348 227 112 147 298 146 25 193 121 17 31 218 298 172 110 86 12 139 41 229
split_gain=145.187 108.386 72.2589 68.3836 84.4924 64.7652 62.5576 55.0633 69.3075 55.6943 56.9574 48.1607 73.4593 61.6816 58.5642 57.157 46.4206 45.026 43.5712 37.0833 36.2657 36.0731 36.0382 36.0023 34.4145 41.7772 33.2337 40.5374 47.4536 53.5211
threshold=2.313153982162476 0.096986074000597014 -1.7741061449050901 -0.17737756669521329 -1.3619170188903806 -2.0739941596984859 -2.1298501491546626 -2.2184429168701167 -1.1662937998771665 -0.82629352807998646 -0.0082290731370449049 1.2862625122070315 0.59441602230072033 2.3630250692367558 1.8487166166305544 -0.4844848215579986 0.55012944340705883 1.6545072793960574 0.51696011424064647 -1.626081585884094 0.88579490780830394 1.5864696502685549 0.26217022538185125 1.9401682615280154 -1.5348182320594785 -0.13892681151628491 1.344078600406647 -0.52626904845237721 -1.8077565431594846 -1.5736427903175352
decision_type=2 2 2 2 2 2 2 2 2 2 2 2 2 2 2 2 2 2 2 2 2 2 2 2 2 2 2 2 2 2
left_child=1 2 26 16 -5 6 22 8 -7 10 -9 12 14 15 -6 -13 18 -2 -3 -14 -11 -19 -4 -15 25 -8 27 -1 -29 -30
right_child=17 3 5 4 11 7 24 9 -10 20 -12 13 19 23 -16 -17 -18 21 -20 -21 -22 -23 -24 -25 -26 -27 -28 28 29 -31
leaf_value=-0.00096816362331167904 7.4394682925806271e-05 -0.0031910813789058834 -0.0048706678436898441 0.008729334143293464 -0.00015358006321744189 0.0024834019644009711 0.0068702869603645064 0.00041085257006073979 0.016799559980143885 0.00081286878618785832 -0.0020336902124381976 -0.0070577282616001514 0.0083563299001796591 -0.013710755270097734 -0.01048003137472202 0.0014898704139270722 -0.00059512392764901069 0.00063488806521366889 -0.0092098721771175767 -0.0021092856079074759 -0.0027064290166836048 0.0089234833634555099 0.0096731326533752732 0 -0.0013456230414084205 0.020672128928147054 0.0075280971000686921 -0.015219473079811916 0.001741980398960023 -0.0070547048362813933
leaf_weight=4839 1156 4861 547 852 57254 1764 726 19671 373 113006 14983 705 277 388 480 16865 4364 684 1522 33859 2642 2501 186 233 157 353 261 395 912 1637
leaf_count=4839 1156 4861 547 852 57254 1764 726 19671 373 113006 14983 705 277 388 480 16865 4364 684 1522 33859 2642 2501 186 233 157 353 261 395 912 1637
internal_value=-1.25067e-05 -9.69212e-05 0.00040893 -0.000774804 -0.000549807 0.000555021 0.00594709 0.000482635 0.00525388 0.000412112 -0.000637981 -0.000625937 -0.00090668 0.000774864 -0.000248228 0.00112221 -0.00306365 0.00541861 -0.00469737 -0.00201073 0.000729422 0.00725213 -0.000622846 -0.00831288 0.0100301 0.0119526 -0.00235257 -0.00274081 -0.00552706 -0.00380153
internal_weight=288453 284112 162452 121660 110913 154408 1969 152439 2137 150302 34654 110061 91870 18191 57734 17570 10747 4341 6383 34136 115648 3185 733 621 1236 1079 8044 7783 2944 2549
internal_count=288453 284112 162452 121660 110913 154408 1969 152439 2137 150302 34654 110061 91870 18191 57734 17570 10747 4341 6383 34136 115648 3185 733 621 1236 1079 8044 7783 2944 2549
is_linear=0
shrinkage=0.03


Tree=5
num_leaves=31
num_cat=0
split_feature=270 102 196 52 168 98 274 237 58 23 119 193 286 176 55 222 36 117 55 43 118 233 66 176 177 54 229 223 58 218
split_gain=150.72 97.3298 77.9396 83.6165 65.6406 62.0369 65.0896 54.4245 53.7906 66.1439 51.5444 47.4179 43.2064 48.7396 42.9549 44.6276 42.386 39.1269 45.1647 38.1077 48.9366 118.95 44.2221 37.181 38.804 50.0977 34.3969 69.5388 34.3678 32.6757
threshold=2.3112641572952275 0.032783066853880889 1.153289318084717 -1.2190783023834226 -1.7099261283874509 -2.2211030721664424 -0.83848723769187916 -1.9246031045913694 -0.94761326909065235 1.3381407856941225 0.29717288911342626 1.6545072793960574 0.13067117333412173 -0.42394490540027613 0.52626761794090282 -2.2282735109329219 0.75967794656753551 0.4960294663906098 0.06258984282612802 2.3152472972869877 1.1392276883125307 0.86927351355552684 -0.82601049542427052 0.76464319229125988 -0.99755138158798207 -0.75008609890937794 -2.2509286403656001 -2.213260173797607 0.11942398920655252 1.5864696502685549
decision_type=2 2 2 2 2 2 2 2 2 2 2 2 2 2 2 2 2 2 2 2 2 2 2 2 2 2 2 2 2 2
left_child=1 2 3 10 26 7 -7 -6 9 23 17 -2 13 28 15 -12 -4 -1 -19 20 22 -22 -14 24 25 -3 27 -5 -10 -13
right_child=11 8 16 4 5 6 -8 -9 12 -11 14 29 19 -15 -16 -17 -18 18 -20 -21 21 -23 -24 -25 -26 -27 -28 -29 -30 -31
leaf_value=-0.0019821809144173917 0.0002592186972920426 -0.0054745551603222666 0.0063823703826815931 -0.0024410541165549226 -0.009767396907942991 -0.00085108174494559301 0.00079790921608353753 0.0090922062117325484 -0.00078112991454251527 0.0019472130550789591 -0.006803858564754503 0.00060026027282886196 0.0033027667697731957 -0.002385288899872889 0.017691296042681767 0.002280058166336957 -0.001827146622641454 -0.017712104329816597 0.00086059329892445051 0.0039751173951388099 -0.005905250397085126 6.9739788383143747e-06 -0.00014635620510889286 0.0019893860823961091 -0.0057723192858474296 0.0014990126099192235 0.0031796935026437616 0.018923089288694499 0.0036776448619890195 0.0089371539718487471
leaf_weight=15493 1241 1663 2884 164 124 27542 96705 1186 5528 2272 545 605 3483 18928 125 3193 628 287 141 1906 4521 9099 74224 884 5643 1950 1546 396 2117 2541
leaf_count=15493 1241 1663 2884 164 124 27542 96705 1186 5528 2272 545 605 3483 18928 125 3193 628 287 141 1906 4521 9099 74224 884 5643 1950 1546 396 2117 2541
internal_value=-1.50616e-05 -0.000101772 0.000417474 0.000309761 0.000592727 0.000501517 0.000429883 0.00696143 -0.00069686 -0.00258107 -0.00149979 0.00548901 -0.000498753 -0.00156699 0.00155727 0.000846633 0.00482741 -0.00226138 -0.0111586 -0.000190799 -0.000281877 -0.00193931 5.19153e-06 -0.00362705 -0.00419893 -0.00164069 0.00583361 0.0122808 0.000420798 0.00744258
internal_weight=287564 283177 150959 147447 127663 125557 124247 1310 132218 12412 19784 4387 119806 26573 3863 3738 3512 15921 428 93233 91327 13620 77707 10140 9256 3613 2106 560 7645 3146
internal_count=287564 283177 150959 147447 127663 125557 124247 1310 132218 12412 19784 4387 119806 26573 3863 3738 3512 15921 428 93233 91327 13620 77707 10140 9256 3613 2106 560 7645 3146
is_linear=0
shrinkage=0.03


Tree=6
num_leaves=31
num_cat=0
split_feature=16 102 43 37 228 174 149 191 58 198 325 157 239 294 290 167 108 112 179 215 170 109 21 296 240 2 20 205 113 235
split_gain=110.724 100.304 66.5093 90.1521 74.187 71.0957 72.1099 63.99 63.6923 56.6164 55.3122 47.4039 46.0091 68.7614 47.5736 43.9294 43.2919 47.8943 58.2713 59.2472 46.9198 45.3662 44.4314 42.5648 42.4027 40.6897 40.4187 40.3482 39.5515 38.4442
threshold=1.9073445796966555 0.032783066853880889 -2.1630846261978145 -2.2107729911804195 -2.2410446405410762 -1.4682637453079221 -0.96783825755119313 1.0694736242294314 -0.94761326909065235 -0.22498669475316999 -0.013441385701298712 -0.82106083631515492 -1.5921181440353391 -1.3559101223945615 -0.51035141944885243 0.37345466017723089 1.2967373132705691 0.59441602230072033 2.3199074268341069 0.40771310031414038 -0.66503119468688954 1.61400443315506 0.84490802884101879 0.73147952556610119 -1.0000000180025095e-35 0.56022959947586071 1.8879551291465761 -1.6239580512046812 1.8784736394882204 1.0527846217155459
decision_type=2 2 2 2 2 2 2 2 2 2 2 2 2 2 2 2 2 2 2 2 2 2 2 2 2 2 2 2 2 2
left_child=1 2 10 25 7 6 -6 -5 9 23 -1 -7 14 15 -2 -14 17 18 20 -20 -10 -18 29 -3 -12 27 -15 -4 -28 -19
right_child=12 8 3 4 5 11 -8 -9 16 -11 24 -13 13 26 -16 -17 21 22 19 -21 -22 -23 -24 -25 -26 -27 28 -29 -30 -31
leaf_value=-0.0056788542282100191 -0.0050149182035654251 -0.0084924033976532896 0.0080380461687276725 0.0037582824836241168 0.0011683790352637737 -0.0004576335438209235 -0.0045097521419881249 0.019882506995878006 -0.0033050908047739373 -0.0017742017961948305 0.0048513794545817866 0.00085104320792627494 0 0.0053244593814193112 0.0095599263579960563 0.021346913305171605 0.0026412455789074567 -0.0017849857799742948 -0.016077588803026718 0 5.4329002813898136e-06 -0.00063920188551591282 -0.0034974410865273959 0.00489461801170061 -0.0049831133816015784 0.020334461332743307 -0.0021756660768747385 -0.0010723813748538986 0.0035818562433670756 0.00084903241123108987
leaf_weight=2861 190 2036 1293 1555 3163 32751 5169 262 4063 9646 1040 100751 165 1647 1552 248 7508 16235 402 420 65324 7413 8941 196 591 178 2991 569 1645 7004
leaf_count=2861 190 2036 1293 1555 3163 32751 5169 262 4063 9646 1040 100751 165 1647 1552 248 7508 16235 402 420 65324 7413 8941 196 591 178 2991 569 1645 7004
internal_value=-5.7926e-06 -0.000109206 0.000416722 0.000529513 0.000437857 0.000357982 -0.00232066 0.00643776 -0.000722897 -0.00282002 -0.00316113 0.000527729 0.00337478 0.00216926 0.00776111 0.0138107 -0.000507555 -0.000729268 -0.000284664 -0.00813775 -0.000184991 0.000992712 -0.00168919 -0.0071506 0.0010889 0.00677114 0.00131505 0.00511282 -6.16709e-05 -0.000978174
internal_weight=287809 279371 150183 145691 143651 141834 8332 1817 129188 11878 4492 133502 8438 6696 1742 413 117310 102389 70209 822 69387 14921 32180 2232 1631 2040 6283 1862 4636 23239
internal_count=287809 279371 150183 145691 143651 141834 8332 1817 129188 11878 4492 133502 8438 6696 1742 413 117310 102389 70209 822 69387 14921 32180 2232 1631 2040 6283 1862 4636 23239
is_linear=0
shrinkage=0.03


Tree=7
num_leaves=31
num_cat=0
split_feature=270 171 257 235 53 102 110 298 230 7 222 99 236 5 179 193 290 163 230 237 44 90 159 58 199 118 210 92 165 148
split_gain=107.33 121.597 98.2037 95.11 63.1286 68.0156 84.2395 50.5879 58.0141 50.1552 56.7073 63.76 51.7596 49.6399 50.2909 49.1812 48.8167 80.202 51.5031 47.8429 45.2294 43.7704 42.4518 44.1007 43.581 42.2091 41.8495 40.8657 71.7636 39.3923
threshold=2.3112641572952275 0.22989699989557269 1.662397086620331 0.65430134534835827 -1.7741061449050901 0.032783066853880889 -0.46925106644630427 -0.71798598766326893 0.16147989779710772 0.10475309938192369 1.1880238652229311 1.1700578927993777 1.3568845987319949 -1.4451840519905088 0.83481425046920787 1.6545072793960574 -2.1532540321350093 -2.1298501491546626 -0.32327733933925623 1.0000000180025095e-35 0.64815518260002147 1.1140861511230471 1.9120422005653384 0.81042644381523143 -1.2858932018280027 -1.1347060799598692 -0.2858626246452331 -0.71570727229118336 0.33770903944969183 1.0416175127029421
decision_type=2 2 2 2 2 2 2 2 2 2 2 2 2 2 2 2 2 2 2 2 2 2 2 2 2 2 2 2 2 2
left_child=1 2 4 7 -1 16 -7 8 -3 19 11 -11 -12 27 26 -2 17 -6 -18 -5 -13 -8 24 -24 -21 -4 -15 28 -9 -27
right_child=15 3 25 9 5 6 21 13 -10 10 12 20 -14 14 -16 -17 18 -19 -20 22 -22 -23 23 -25 -26 29 -28 -29 -30 -31
leaf_value=-0.0021896271427841551 -0.00011890831729506658 -0.0095948186802689382 -0.0010220748410526526 -0.003033257272828892 -0.0033237163401079466 -0.0032377800243209918 -0.0001714309903080751 0.0036997256361682089 -0.0027181974358561531 -0.0010203827953727412 0.0032343090445514635 -0.014747488886572509 -0.0013011695541640862 -0.0033280056090692432 -0.0042107060022283779 0.0066711062151441148 0.00023994569703857254 0.010364521924419601 0.0015232228716930466 0.0066404078202727049 -0.0037752221236829076 0.0035928333298684088 0 0.017232055344161844 0.0010147825720988992 0 -0.00066199284821717122 0.0091183936187556151 -0.016858651718314913 0.010701541334144403
leaf_weight=8420 1256 1349 478 2019 520 8133 40870 734 7511 17321 5121 484 3917 6459 5490 3135 67173 1154 49293 1360 1498 2959 247 303 15720 460 32279 702 171 1491
leaf_count=8420 1256 1349 478 2019 520 8133 40870 734 7511 17321 5121 484 3917 6459 5490 3135 67173 1154 49293 1360 1498 2959 247 303 15720 460 32279 702 171 1491
internal_value=2.47941e-05 -4.63721e-05 0.000420424 -0.000871801 0.000336759 0.000463821 -0.000436774 -0.00172709 -0.00381825 9.70528e-05 -0.00070354 -0.00162801 0.00123701 -0.00131484 -0.00150843 0.00466915 0.000862479 0.00594636 0.000785823 0.00126659 -0.00672504 7.73846e-05 0.00177889 0.00993154 0.00148751 0.00639401 -0.00111574 0.00378185 -0.000140983 0.00835511
internal_weight=288027 283636 180951 102685 178522 170102 51962 54695 8860 47990 28341 19303 9038 45835 44228 4391 118140 1674 116466 19649 1982 43829 17630 550 17080 2429 38738 1607 905 1951
internal_count=288027 283636 180951 102685 178522 170102 51962 54695 8860 47990 28341 19303 9038 45835 44228 4391 118140 1674 116466 19649 1982 43829 17630 550 17080 2429 38738 1607 905 1951
is_linear=0
shrinkage=0.03


Tree=8
num_leaves=31
num_cat=0
split_feature=270 171 203 238 43 277 48 230 280 58 80 58 108 48 27 332 176 275 325 257 34 230 293 193 302 233 46 168 331 185
split_gain=128.203 107.371 108.414 92.3995 65.8406 95.2305 66.8279 82.8241 59.5214 55.6014 50.3712 74.2018 53.3108 57.9089 54.9454 48.3981 47.9958 46.5704 45.4972 62.3079 45.2431 45.1969 45.0224 43.0252 41.0502 38.649 56.9054 38.3703 38.3272 37.2902
threshold=2.3112641572952275 0.19619129598140719 1.472549617290497 -0.78040122985839833 -2.1630846261978145 -2.2184429168701167 -1.7512212395668028 -0.40599916875362391 -2.1939355134963985 0.17716430872678759 -1.4392154812812803 1.3853105306625368 1.2967373132705691 1.6160687804222109 2.3276816606521611 -0.025860045105218884 0.82855874300003063 0.52891618013381969 -0.014730585273355244 -1.8725157380104063 -1.2734255790710447 0.16147989779710772 0.55271926522254955 1.6545072793960574 -0.020812880247831341 1.0000000180025095e-35 0.86343699693679821 -0.66972231864929188 -0.0064673058222979299 0.20626065135002139
decision_type=2 2 2 2 2 2 2 2 2 2 2 2 2 2 2 2 2 2 2 2 2 2 2 2 2 2 2 2 2 2
left_child=1 2 4 21 18 8 9 -8 15 -7 11 25 17 29 -15 -6 -4 -12 -1 -20 -13 27 -18 -2 -10 -5 -27 -3 -29 -14
right_child=23 3 16 10 5 6 7 -9 24 -11 12 20 13 14 -16 -17 22 -19 19 -21 -22 -23 -24 -25 -26 26 -28 28 -30 -31
leaf_value=-0.0060931611206536101 9.8042489011655924e-05 0.0013788681741183002 0.0041381566987320293 -0.0056695204886845537 0.0095846064239537912 0.0018431300798826746 -0.00059957912075466293 0.00077144266573413243 0 0.009384300764862432 -0.00035659663854070099 0.0023664988823140893 0.0058564397580767608 -0.00020124900945563641 -0.012119281936630496 -0.0048342708348690601 0.020269485742418877 -0.0018740871592109454 0.0068305817982844503 -0.004016410992538068 0.021141802333688387 -0.0024971177903073431 0 0.0069227750714282756 0.014653717883343756 0.0068073447146396538 -0.0083507963983123108 -0.012857519823447445 -0.0018234159077334109 0.001280400642806379
leaf_weight=2404 1248 286 2871 552 325 3994 68992 92881 217 1178 47207 257 2508 7784 348 500 331 30278 739 1261 291 9513 103 3165 841 1053 248 1058 487 5088
leaf_count=2404 1248 286 2871 552 325 3994 68992 92881 217 1178 47207 257 2508 7784 348 500 331 30278 739 1261 291 9513 103 3165 841 1053 248 1058 487 5088
internal_value=6.24213e-06 -7.18419e-05 0.000381223 -0.000822797 0.000276439 0.00037261 0.000294678 0.000185244 0.00705272 0.00364806 -0.000515018 0.00373974 -0.00062861 0.00095345 -0.000776551 0.000583276 0.00575173 -0.000953772 -0.00332966 0 0.0132581 -0.00338507 0.0151126 0.00506956 0.0117147 0.000653124 0.00360808 -0.00775956 -0.0096389 0.00284209
internal_weight=288008 283595 176637 106958 173332 168928 167045 161873 1883 5172 95614 2401 93213 15728 8132 825 3305 77485 4404 2000 548 11344 434 4413 1058 1853 1301 1831 1545 7596
internal_count=288008 283595 176637 106958 173332 168928 167045 161873 1883 5172 95614 2401 93213 15728 8132 825 3305 77485 4404 2000 548 11344 434 4413 1058 1853 1301 1831 1545 7596
is_linear=0
shrinkage=0.03


Tree=9
num_leaves=31
num_cat=0
split_feature=210 171 197 115 53 109 156 231 122 52 225 69 259 58 12 57 331 196 163 93 293 224 227 65 325 270 159 49 228 282
split_gain=114.778 92.5418 106.403 72.6379 61.9632 56.6126 71.7696 55.3997 54.3994 57.0265 51.2641 47.5157 44.833 49.2321 43.3499 42.5713 41.6003 39.364 52.4592 38.8791 46.0439 43.6023 38.4927 37.4797 36.107 34.0568 65.1964 51.2776 32.4889 63.2929
threshold=2.2931745052337651 0.19619129598140719 1.6622102260589602 -0.46655873954296107 -1.7741061449050901 -1.7633228898048399 -2.1784148216247554 -0.44465789198875422 0.31898806989192968 0.74385064840316784 -0.58504912257194508 1.0000000180025095e-35 -1.4393609166145322 0.43516930937767034 1.4773163795471194 -0.54607737064361561 -0.010060193482786415 1.9024127721786501 0.78740713000297557 -0.6608598232269286 0.22111015766859057 0.42822568118572241 0.098890721797943129 -2.2697219848632808 -0.012671467382460831 -0.97937366366386402 -1.7825545668601988 -2.1356489658355708 1.5851687192916872 1.6133219599723818
decision_type=2 2 2 2 2 2 2 2 2 2 2 2 2 2 2 2 2 2 2 2 2 2 2 2 2 2 2 2 2 2
left_child=1 2 4 17 22 14 23 -8 9 -5 -4 -10 13 -11 -6 -14 -2 18 24 20 -13 -21 25 -7 -3 26 -1 -27 -18 -30
right_child=16 3 10 8 5 6 7 -9 11 12 -12 19 15 -15 -16 -17 28 -19 -20 21 -22 -23 -24 -25 -26 27 -28 -29 29 -31
leaf_value=-0.0037349564304632226 0.0093011484084759739 -0.0065781164566951541 -0.0030244251014157598 -0.00072048771510678652 0.002834230287698151 -0.00010991454271260154 -0.00044350715627267096 0.00069964424614832419 -0.0075920642518169145 0.00020807498203985101 0.0086817733991419437 -0.0092861909327621103 -0.0034081454546587495 0.012679034522970707 0.016957814620238626 0.0013325336069720519 0.0060705730740952413 0.0043912934343175681 -0.0085979352621957193 -0.0028633565211014906 0.0099879715285672264 -0.00069649617248197446 0.0083107495510944245 0.010148162220628615 -0.00025806280903090681 0.0028092308093404369 0.0035449264148058371 -0.0064816375179426429 -0.014996532264336322 0.0021468011409308094
leaf_weight=2791 1353 1241 353 31832 5036 386 62620 96846 1054 609 1953 108 1820 616 196 19446 1354 428 1962 11437 524 33289 269 989 2604 590 1781 2957 205 1362
leaf_count=2791 1353 1241 353 31832 5036 386 62620 96846 1054 609 1953 108 1820 616 196 19446 1354 428 1962 11437 524 33289 269 989 2604 590 1781 2957 205 1362
internal_value=2.2713e-05 -4.99091e-05 0.000370413 -0.000747231 0.000283602 0.000412288 0.000310114 0.000248865 -0.000548858 9.04235e-05 0.00675023 -0.00130328 0.00125107 0.00682309 0.00348301 0.000909899 0.0048915 -0.00389224 -0.00456723 -0.00114726 0.00605034 -0.00125833 -0.00222347 0.0070931 -0.00239901 -0.00262892 -0.000830695 -0.00484502 0.00269759 -6.76374e-05
internal_weight=288011 283737 176767 106970 174461 166073 160841 159466 100735 54323 2306 46412 22491 1225 5232 21266 4274 6235 5807 45358 632 44726 8388 1375 3845 8119 4572 3547 2921 1567
internal_count=288011 283737 176767 106970 174461 166073 160841 159466 100735 54323 2306 46412 22491 1225 5232 21266 4274 6235 5807 45358 632 44726 8388 1375 3845 8119 4572 3547 2921 1567
is_linear=0
shrinkage=0.03


Tree=10
num_leaves=31
num_cat=0
split_feature=29 102 43 98 228 234 110 149 171 119 208 58 114 147 166 60 92 297 206 286 179 224 171 108 309 89 100 179 155 331
split_gain=105.095 97.085 61.2018 96.8381 84.1411 61.4781 58.279 52.9218 49.0035 48.6476 60.9522 68.0687 54.3434 42.0728 40.2388 39.2069 44.6624 60.7578 38.7606 62.4342 38.5319 37.2432 46.4213 43.5623 38.7494 37.1847 36.5022 36.2633 36.1575 35.7369
threshold=2.313153982162476 0.032783066853880889 -2.1630846261978145 -2.2211030721664424 -2.2410446405410762 -1.1515209674835203 -0.51171419024467457 -1.3953613042831419 -0.87955752015113819 -1.8569947481155393 -1.4366006255149839 0.69559770822525036 -0.81010130047798146 0.97491130232810985 0.78716877102851879 0.70167040824890148 -2.2581619024276729 -1.7737024426460264 -1.0738465785980222 0.47823385894298559 0.74415260553359996 1.1747196912765505 0.33480715751647955 1.2967373132705691 1.0000000180025095e-35 -1.166422367095947 -2.2065609693527217 0.25079374015331274 0.5264749825000764 -0.010060193482786415
decision_type=2 2 2 2 2 2 2 2 2 2 2 2 2 2 2 2 2 2 2 2 2 2 2 2 2 2 2 2 2 2
left_child=1 2 8 15 7 -6 13 -5 9 26 11 -11 -12 -3 -7 16 27 -18 19 25 -15 24 -23 -24 28 -8 -1 -4 -20 -2
right_child=29 6 3 4 5 14 18 -9 -10 10 12 -13 -14 20 -16 -17 17 -19 21 -21 -22 22 23 -25 -26 -27 -28 -29 -30 -31
leaf_value=-0.014422093023554067 0.0088007257469387926 -0.0041723375421043362 0.0045882454103986295 -0.000547314113329934 -0.001299584118338993 0.00069114403711612049 0.0059366547821011291 0.010168924484282466 0.0044167523136889762 0.0030618621761546558 -0.013563902529885648 -0.010068106586774307 0.0032231103648022513 -0.0014628240704028755 -0.0032404430673951944 0.019669782200201592 -0.015010621359224541 0.0041427138732276735 -0.00035731646440719862 -0.010395762412040342 0.008563856453209227 0.0046658630062250397 -0.0016525372323006611 0.0012706338198932279 0.0010198597810112382 -0.0053778630269994115 -0.00045837218261999115 0.018503690766316489 -0.0015898989011307204 0.0026418471953272181
leaf_weight=618 1331 6660 550 532 17062 123127 515 1274 637 1731 613 424 194 1332 2344 197 157 873 52286 898 433 2344 7157 12592 10750 486 293 312 37282 2983
leaf_count=618 1331 6660 550 532 17062 123127 515 1274 637 1731 613 424 194 1332 2344 197 157 873 52286 898 433 2344 7157 12592 10750 486 293 312 37282 2983
internal_value=5.82734e-06 -6.39597e-05 0.000455294 0.000563192 0.000467646 0.000383383 -0.000656662 0.00687649 -0.00296867 -0.00427688 -0.00224853 0.000271762 -0.00918525 -0.00307514 0.0006148 0.00695563 0.005283 0.000707203 -0.000489871 -0.00473601 0.000897305 -0.000420786 0.000687156 0.000195507 -0.000667866 0.000151725 -0.0103596 0.0102704 -0.000873959 0.00464311
internal_weight=287987 283673 150938 146428 144339 142533 132735 1806 4510 3873 2962 2155 807 8425 125471 2089 1892 1030 124310 1899 1765 122411 22093 19749 100318 1001 911 862 89568 4314
internal_count=287987 283673 150938 146428 144339 142533 132735 1806 4510 3873 2962 2155 807 8425 125471 2089 1892 1030 124310 1899 1765 122411 22093 19749 100318 1001 911 862 89568 4314
is_linear=0
shrinkage=0.03


Tree=11
num_leaves=31
num_cat=0
split_feature=196 102 196 53 37 298 239 239 100 8 191 39 163 188 109 176 153 239 214 214 282 228 52 232 36 224 208 232 118 106
split_gain=95.9229 85.0188 61.9749 65.6748 62.6694 61.2519 64.6462 48.1603 48.0934 46.2943 46.334 45.8282 45.635 81.896 78.7561 47.6896 45.5961 45.3895 45.1713 43.0184 44.4807 43.2894 45.826 42.0476 42.0036 41.5586 71.2411 41.3527 56.3881 40.604
threshold=1.9024127721786501 0.032783066853880889 1.153289318084717 -1.1362303495407102 -2.2107729911804195 0.65087711811065685 -1.5921181440353391 -0.79390397667884816 -2.2065609693527217 0.50748887658119213 0.072037078440189375 1.8621509075164797 -2.1298501491546626 -0.95763525366783131 -1.5362223386764524 0.65244838595390331 1.115988075733185 0.72699290513992321 -0.97697696089744557 1.857569754123688 0.80187726020812999 1.8306835293769839 2.3866599798202519 1.4106720685958865 0.8108106553554536 1.0045436024665835 -0.59633222222328175 0.26618714630603796 1.2501534819602969 -0.35330842435359949
decision_type=2 2 2 2 2 2 2 2 2 2 2 2 2 2 2 2 2 2 2 2 2 2 2 2 2 2 2 2 2 2
left_child=1 2 3 12 8 11 -7 18 -5 10 -6 16 13 -1 17 -16 -2 -14 -3 20 -8 -21 -23 -11 -4 -9 -27 29 -29 -20
right_child=5 7 24 4 9 6 19 25 -10 23 -12 -13 14 -15 15 -17 -18 -19 27 21 -22 22 -24 -25 -26 26 -28 28 -30 -31
leaf_value=-0.0016133632931637182 0.0092050348169804598 -0.014268541915921449 0.0060354477583818749 0.0014601364217878246 0.00036811232543933518 0.01208531114838219 0.0031391045062248916 -0.00076935231353053048 0.011989545375980674 -0.0015226368112571016 0.001989285319682072 0.010094472067379791 0.0016024568465963967 -0.012807394620146679 -0.0016461384985635183 -0.016500953826330728 0.00056065477829832201 0.013572661144652972 -0.0069318546129639195 0.0076307342054938903 -0.0076617114225241466 -0.0067014958889435663 0.0039835000075227403 0.014966088001130392 -0.0036672250515010188 -0.010618474425806551 0.00086999702451622776 -0.0044836552378534292 0.0036385682542112384 0.00041830855574283824
leaf_weight=2440 796 267 2631 983 92594 372 429 90044 733 11779 19348 1446 5260 796 13263 183 1952 293 733 767 1134 674 709 118 419 473 23751 6785 811 6282
leaf_count=2440 796 267 2631 983 92594 372 429 90044 733 11779 19348 1446 5260 796 13263 183 1952 293 733 767 1134 674 709 118 419 473 23751 6785 811 6282
internal_value=-2.27369e-05 -0.000117976 0.000364427 0.000274591 0.000542411 0.0031545 0.000454033 -0.000683704 0.00621696 0.000460367 0.0006513 0.00569896 -0.00122336 -0.00452079 -0.000641786 -0.0018948 0.00322143 0.00233433 -0.00229334 -0.000689428 -0.00450547 0.00196245 -0.00103127 -0.00130908 0.0045896 -0.000471136 0.000624723 -0.0020348 -0.0035698 -0.000324592
internal_weight=288265 279986 150840 147790 125555 8279 4085 129146 1716 123839 111942 4194 22235 3236 18999 13446 2748 5553 14878 3713 1563 2150 1383 11897 3050 114268 24224 14611 7596 7015
internal_count=288265 279986 150840 147790 125555 8279 4085 129146 1716 123839 111942 4194 22235 3236 18999 13446 2748 5553 14878 3713 1563 2150 1383 11897 3050 114268 24224 14611 7596 7015
is_linear=0
shrinkage=0.03


Tree=12
num_leaves=31
num_cat=0
split_feature=270 102 194 114 286 170 276 299 128 103 302 206 179 58 18 179 291 8 236 178 97 285 222 219 43 227 87 172 232 228
split_gain=103.242 72.7794 66.3477 56.2006 45.8928 43.9166 42.2055 41.8008 42.1923 78.5961 44.8101 38.4893 39.347 37.5267 64.8431 61.4851 50.5314 57.4058 53.7584 48.7018 37.1894 37.6308 35.6162 36.9527 35.3641 33.6539 55.9132 54.9775 31.4946 71.6759
threshold=2.3112641572952275 0.032783066853880889 1.3558627963066103 -1.3669781684875486 1.0000000180025095e-35 0.33402577042579656 0.70797240734100353 0.75187316536903392 -1.2669309377670286 -2.1797740459442134 -0.020812880247831341 -1.8736670613288877 -0.22808077931404111 0.15012056380510333 -1.1580445170402525 0.66329032182693493 0.032298985868692405 0.79782801866531383 -0.82023930549621571 0.6508578658103944 -0.20763684064149854 -0.35349631309509272 -2.2282735109329219 -0.98217591643333424 -0.16638404875993726 1.2862625122070315 2.3255208730697636 0.36985576152801519 1.831970274448395 1.5851687192916872
decision_type=2 2 2 2 2 2 2 2 2 2 2 2 2 2 2 2 2 2 2 2 2 2 2 2 2 2 2 2 2 2
left_child=1 2 3 7 5 20 -4 8 10 -10 -1 12 -6 16 15 -15 17 -5 -18 -16 21 -3 -9 -24 -13 27 -27 -26 29 -2
right_child=28 4 6 13 11 -7 -8 22 9 -11 -12 24 -14 14 19 -17 18 -19 -20 -21 -22 -23 23 -25 25 26 -28 -29 -30 -31
leaf_value=-0.0034626908972888908 0.0058731692317565915 -0.011551754992961195 0.0080074214637668156 0.00071469565188369796 -0.021798318077160633 -0.0057376629182199048 -0.0014440887518808504 -0.0049591748663494533 -0.012398229706334297 -0.0021846480124241589 0.002845843920223824 0.0048688542050313649 0 0.00065789630836307655 0.0014064648809402197 0.0066047455963051914 -0.0061943755290806857 -0.0037081785087708322 -0.00069579607112747808 -0.00078748300578684416 -0.0008153852511179312 -0.0023960380243915557 0.010292812735993837 0 0.00011337529613695067 0.0012015085238453117 -0.0069358683419699354 -0.0013464599952882727 0.0075939318231940268 -0.0045742431232110026
leaf_weight=1557 1674 581 1620 62659 132 2365 499 316 736 8922 2755 1154 136 2991 29882 3582 1777 2720 17027 12888 16123 1687 672 507 48020 17186 767 44313 1855 861
leaf_count=1557 1674 581 1620 62659 132 2365 499 316 736 8922 2755 1154 136 2991 29882 3582 1777 2720 17027 12888 16123 1687 672 507 48020 17186 767 44313 1855 861
internal_value=1.52349e-05 -5.45514e-05 0.000394235 0.000316742 -0.000568757 -0.00186656 0.00564876 -0.00138895 -0.00191363 -0.003018 0.000493203 -0.000324641 -0.0113059 0.000516721 0.00117421 0.00395438 0.00012759 0.000525023 -0.00123738 0.000738287 -0.00134677 -0.00495308 0.0032764 0.00577984 -0.000293517 -0.000351127 0.000829835 -0.000584129 0.00457094 0.00219931
internal_weight=287964 283574 151110 148991 132464 20756 2119 15465 13970 9658 4312 111708 268 133526 49343 6573 84183 65379 18804 42770 18391 2268 1495 1179 111440 110286 17953 92333 4390 2535
internal_count=287964 283574 151110 148991 132464 20756 2119 15465 13970 9658 4312 111708 268 133526 49343 6573 84183 65379 18804 42770 18391 2268 1495 1179 111440 110286 17953 92333 4390 2535
is_linear=0
shrinkage=0.03


Tree=13
num_leaves=31
num_cat=0
split_feature=93 171 17 298 118 113 180 230 227 162 94 236 47 263 40 248 230 168 172 54 232 118 298 107 228 61 79 192 102 114
split_gain=95.7251 85.5181 82.7228 77.8445 65.1744 54.5971 77.8431 53.8077 51.7412 49.5503 55.0666 48.4276 133.984 45.594 48.8392 43.6333 41.3243 58.128 40.9333 40.3678 39.4871 36.1548 36.0274 54.3724 46.331 34.5856 34.4926 39.4455 32.8698 30.6414
threshold=2.3109605312347417 0.22989699989557269 1.6625338792800906 -0.71798598766326893 1.3862743377685549 0.79916709661483776 0.21303157508373263 0.20198290795087817 -0.69096398353576649 0.064862888306379332 0.94512024521827709 1.1317307949066164 -0.8783675730228423 -0.9857058823108672 -0.71158495545387257 0.5970023274421693 -0.32327733933925623 -0.54007881879806507 0.62540319561958324 0.92623296380043041 0.23548853397369388 -1.5768806338310239 1.1284564137458803 -0.24600642174482343 1.287480413913727 1.0488745570182803 0.97964122891426098 -1.4493159651756284 0.065780550241470351 -0.5479033589363097
decision_type=2 2 2 2 2 2 2 2 2 2 2 2 2 2 2 2 2 2 2 2 2 2 2 2 2 2 2 2 2 2
left_child=1 2 4 7 11 18 26 19 -4 -6 20 16 -13 -8 -15 -10 17 -1 22 -3 -11 -17 24 -24 -5 -23 27 -7 -18 -2
right_child=29 3 8 5 9 6 13 -9 15 10 -12 12 -14 14 -16 21 28 -19 -20 -21 -22 25 23 -25 -26 -27 -28 -29 -30 -31
leaf_value=0.00029869082732903335 0.011291954181962435 -0.0097561175686812236 -0.0021721707181599388 -0.00053059861862976847 -0.0015167889071741613 0.0067138938879147203 -0.015624554931499899 -0.0022346394001585847 -0.0084568501967168409 -0.018323019689667826 0.0019603095906363293 0.026841778855336347 0.0021046915447458987 0.013296602139401153 -0.00081204884959839858 -0.00091336476286717997 0.0012426059985203202 -0.0014183004211457055 -0.0026189140446683532 0.0056809169879269523 -0.00057021675264585831 0.019363592464435513 0.0058578606913620721 -0.004791036645384078 0.0056545928699722157 0.0077305635232407166 0.0070423158370543611 0.0010414787250653491 4.2471278735918577e-05 0.0033211192384516972
leaf_weight=62517 530 1496 531 34498 2663 1203 167 8679 105 495 222 204 2063 201 22484 232 49592 24683 12551 131 192 352 454 3340 1100 1337 1093 15219 35959 3829
leaf_count=62517 530 1496 531 34498 2663 1203 167 8679 105 495 222 204 2063 201 22484 232 49592 24683 12551 131 192 352 454 3340 1100 1337 1093 15219 35959 3829
internal_value=3.23422e-06 -6.3646e-05 0.000327173 -0.000756407 0.000248382 -0.000476151 0.000345722 -0.0032318 0.00566919 -0.0037451 -0.00977701 0.000332018 0.00467715 -0.000798251 -0.000662224 0.00787212 0.000272726 -0.000184098 -0.00112052 -0.00827714 -0.0139423 0.00899715 -0.000634409 -0.00341407 -0.000327982 0.0105287 0.00185459 0.00148292 0.000741796 0.00440593
internal_weight=288122 283763 181147 102616 178590 92310 40367 10306 2557 3572 909 175018 2267 22852 22685 2026 172751 87200 51943 1627 687 1921 39392 3794 35598 1689 17515 16422 85551 4359
internal_count=288122 283763 181147 102616 178590 92310 40367 10306 2557 3572 909 175018 2267 22852 22685 2026 172751 87200 51943 1627 687 1921 39392 3794 35598 1689 17515 16422 85551 4359
is_linear=0
shrinkage=0.03


Tree=14
num_leaves=31
num_cat=0
split_feature=32 171 198 115 118 357 104 168 98 58 113 192 114 180 203 237 331 337 238 284 116 268 161 177 318 117 106 105 214 206
split_gain=92.0008 80.3082 95.8363 78.193 55.1266 49.7466 48.9549 96.037 75.1597 48.7638 48.2922 71.0874 65.199 46.5961 67.9764 49.4205 45.5776 45.279 63.0702 41.2946 43.3151 38.0346 37.0508 55.9393 35.4759 34.9203 43.1561 35.1955 34.8707 49.8196
threshold=2.3220365047454838 0.22989699989557269 1.6659331917762759 -0.46655873954296107 1.3862743377685549 -0.0045949462801218024 -2.1753008365631099 -2.0739941596984859 -2.2211030721664424 0.2686907052993775 0.74362003803253185 -1.4493159651756284 1.8720769286155703 0.21303157508373263 -0.97522786259651173 -0.27950365841388697 -0.010060193482786415 -0.017577235586941239 -0.63744449615478505 -0.55519717931747425 0.42554713785648351 0.83948236703872692 1.1057735681533816 -0.93001335859298695 -0.0062029848340898744 1.8442617654800417 -0.034471528604626649 -1.3824185729026792 -0.034351965412497514 -0.50206932425498951
decision_type=2 2 2 2 2 2 2 2 2 2 2 2 2 2 2 2 2 2 2 2 2 2 2 2 2 2 2 2 2 2
left_child=1 2 4 22 6 19 17 9 -9 -8 25 12 24 15 -15 -13 -2 18 -1 20 -6 -4 28 -24 -12 27 -27 -5 29 -3
right_child=16 3 21 10 5 -7 7 8 -10 -11 11 13 -14 14 -16 -17 -18 -19 -20 -21 -22 -23 23 -25 -26 26 -28 -29 -30 -31
leaf_value=-0.0095472144118232231 0.0088378123722182827 -0.0014619964830860674 -0.0015172464886529101 -0.010851236240996513 -0.0075178763695783624 0.0023204024340978788 0.0041064381622028636 0.006732696917521065 0.00024644059004065035 0.015948680197398556 0.012173292226728482 -0.0030077765027338855 -0.0056839193233948508 -0.014904677221787281 -0.00069015175698813858 0.0016473481887543993 0.0020568741873113242 0 0.0024943647859603573 -0.0088304016088467437 0.0038406837574882858 0.0079759604074243744 0 -0.012334572880405197 -0.00015785817427774973 0.003364342413224964 -0.012363446115156699 -0.001005972089646543 -0.00013041024533393212 -0.012144659501698863
leaf_weight=1398 1390 1101 399 316 515 919 1609 1608 167090 423 967 2280 268 289 26312 16824 2949 2285 482 1496 649 1989 491 991 206 176 506 48696 2444 673
leaf_count=1398 1390 1101 399 316 515 919 1609 1608 167090 423 967 2280 268 289 26312 16824 2949 2285 482 1496 649 1989 491 991 206 176 506 48696 2444 673
internal_value=2.32688e-06 -6.31517e-05 0.000315936 -0.000734651 0.000233953 -0.00343448 0.000311122 0.000391205 0.000310835 0.00684925 -0.00052966 0.000152521 0.00666831 -4.9176e-05 -0.000866933 0.00107352 0.00432856 -0.00288608 -0.0063083 -0.00553714 -0.000973519 0.00626577 -0.00415086 -0.00829989 0.00978991 -0.0011827 -0.0078971 -0.00107997 -0.00259001 -0.0057721
internal_weight=287741 283402 180862 102540 178474 3579 174895 170730 168698 2032 96840 47146 1441 45705 26601 19104 4339 4165 1880 2660 1164 2388 5700 1482 1173 49694 682 49012 4218 1774
internal_count=287741 283402 180862 102540 178474 3579 174895 170730 168698 2032 96840 47146 1441 45705 26601 19104 4339 4165 1880 2660 1164 2388 5700 1482 1173 49694 682 49012 4218 1774
is_linear=0
shrinkage=0.03


Tree=15
num_leaves=31
num_cat=0
split_feature=137 102 53 162 109 20 37 211 60 228 159 109 238 224 177 236 299 153 239 53 232 228 188 167 344 207 178 142 335 295
split_gain=85.0377 91.2818 54.8629 54.4573 97.2349 62.2244 51.2618 82.8362 71.6921 60.1569 54.4257 54.4884 49.809 59.9326 56.2792 63.94 49.3587 49.3149 47.3041 77.778 63.9869 72.5755 51.0725 47.1663 47.0297 41.1947 40.5892 39.9695 38.8563 38.5409
threshold=1.9192320704460146 0.065780550241470351 -1.3741954565048216 -1.7505069971084593 -1.5362223386764524 -1.0680253505706785 -1.8403555750846861 -2.2794014215469356 0.65540686249732982 -0.81498178839683522 -1.5448798537254331 -2.1667803525924678 -0.78040122985839833 1.1747196912765505 -1.1658154129981992 -1.1648572683334348 0.94233703613281261 -0.76417413353919972 -1.8670849800109861 -0.094611302018165575 1.831970274448395 1.4167764186859133 0.76480138301849376 -1.489512503147125 -0.0075999617110937825 1.0585999488830569 0.94202479720115673 -0.28844341635704035 -0.015499011613428591 -0.87256255745887745
decision_type=2 2 2 2 2 2 2 2 2 2 2 2 2 2 2 2 2 2 2 2 2 2 2 2 2 2 2 2 2 2
left_child=1 2 3 5 29 -1 8 24 9 -4 17 -12 14 -14 15 -3 23 -9 -2 22 21 -21 -20 -6 -8 -24 -23 28 -7 -5
right_child=18 12 6 4 16 27 7 10 -10 -11 11 -13 13 -15 -16 -17 -18 -19 19 20 -22 26 25 -25 -26 -27 -28 -29 -30 -31
leaf_value=-0.0019806158578337062 0.007824607099643598 -0.0027165203740727242 0.0041378668266792628 0.0029207602651248922 -0.010635892158417419 -0.020899495963866893 0 -0.0043434495847952202 0.016756430001761972 -0.004823424721686188 0.010107470240771242 0.00059854018281296632 -0.00077644826596419316 0.0011171134613504998 -0.0037571543568301357 0.0043894528748642334 0.0075796744940100818 0.0063947987602257757 -0.0088058941242406541 0.0009926382635619005 0.0043354287116782377 -0.00016168885477379604 -0.00014485285807528243 -0.0017773718786989147 -0.015888436104717244 0.012025491200921225 -0.011871575964039954 -0.0022198569900608511 -0.0034968532270259053 0.013682945525273681
leaf_weight=3617 1507 2645 3736 2878 594 396 234 3239 336 776 529 129904 93173 17809 9125 1961 426 398 118 2066 2035 468 258 6630 414 1129 823 423 237 345
leaf_count=3617 1507 2645 3736 2878 594 396 234 3239 336 776 529 129904 93173 17809 9125 1961 426 398 118 2066 2035 468 258 6630 414 1129 823 423 237 345
internal_value=9.24375e-06 -7.91109e-05 0.000405506 -0.00127782 -8.36122e-05 -0.00398035 0.000595314 0.000483381 0.00362935 0.00251597 0.000537933 0.000640949 -0.000684227 -0.000469744 -0.00239279 0.000249887 -0.00195169 -0.00305777 0.00297997 0.00185848 0.000109628 -0.0023737 0.00784381 -0.00257454 -0.0100324 0.00957855 -0.00792269 -0.0103869 -0.0151499 0.00424257
internal_weight=288229 279825 155112 15546 10873 4673 139566 134718 4848 4512 134070 130433 124713 110982 13731 4606 7650 3637 8404 6897 5392 3357 1505 7224 648 1387 1291 1056 633 3223
internal_count=288229 279825 155112 15546 10873 4673 139566 134718 4848 4512 134070 130433 124713 110982 13731 4606 7650 3637 8404 6897 5392 3357 1505 7224 648 1387 1291 1056 633 3223
is_linear=0
shrinkage=0.03


Tree=16
num_leaves=31
num_cat=0
split_feature=29 122 15 156 58 232 288 190 102 342 153 230 218 68 168 179 58 100 58 40 91 10 5 97 36 189 190 239 52 132
split_gain=79.9272 65.4197 55.2569 61.5352 47.2617 58.5764 44.4193 41.4161 40.546 41.5932 38.3884 37.584 37.2852 36.9844 36.8227 42.6495 65.3913 41.3013 89.4861 42.346 36.4309 67.3256 40.5279 44.49 43.7987 35.6464 35.1571 32.3665 38.094 31.2409
threshold=2.313153982162476 0.31898806989192968 0.736741602420807 -1.1437162756919859 -1.5889995098114011 -2.2836985588073726 -2.1549780368804927 0.38204015791416174 -0.1691351383924484 -0.013687266968190668 2.3605555295944218 1.57584685087204 -0.54536455869674672 -0.36270549893379206 -1.4884035587310789 0.46075415611267095 0.599022537469864 -1.0708445310592649 0.51351925730705272 0.23346468061208728 0.62766140699386608 1.0545951128005984 0.21126835793256762 -1.6085451841354368 -0.43384762108325953 -0.1113181561231613 0.99676990509033214 0.2374997287988663 -0.37995369732379908 0.35136048495769506
decision_type=2 2 2 2 2 2 2 2 2 2 2 2 2 2 2 2 2 2 2 2 2 2 2 2 2 2 2 2 2 2
left_child=1 4 20 26 5 -1 12 29 9 -7 14 -9 -5 -10 15 -6 -17 18 -16 -19 21 22 23 -3 -24 -15 -4 -22 -29 -8
right_child=-2 2 3 6 10 8 7 11 13 -11 -12 -13 -14 25 17 16 -18 19 -20 -21 27 -23 24 -25 -26 -27 -28 28 -30 -31
leaf_value=-0.0083315800681505476 0.0040320600733973677 0.0095173367948837261 0.019817632250572086 0 0.00077213040811480952 -0.0070954410355608269 0.0027627069946713351 0.00030814939472318808 -0.0083542189687100706 0.0015841979578607715 0.010354312167052375 -0.0023407244447848138 0.018040608105713275 0.0097349393792832504 -0.0023298237357320824 0.0098358906437073096 0.00027793415868514166 0.00071353926411182812 0.0028111708312086397 -0.00036117256811298183 -0.0048742478497750532 -0.0078713773907321417 -0.0026087742120078096 -0.0043699468521477616 0.00028937585623360927 -0.0028089860688967046 0 0.0050725661844078992 -0.0022932233009597745 -0.0091092217843529426
leaf_weight=1100 4338 189 201 134 6059 531 211 38209 1029 4575 327 5494 203 214 13343 1400 1304 110369 3885 46636 4652 1205 5822 3663 23331 1379 104 658 6626 761
leaf_count=1100 4338 189 201 134 6059 531 211 38209 1029 4575 327 5494 203 214 13343 1400 1304 110369 3885 46636 4652 1205 5822 3663 23331 1379 104 658 6626 761
internal_value=0 -6.18284e-05 -0.000722993 1.4636e-05 0.000251364 -0.00188483 -7.26203e-05 -0.000163388 -0.00090934 0.000598869 0.000356064 -1.89034e-05 0.0104549 -0.00394223 0.000335429 0.00223485 0.0053726 0.000237931 -0.0011512 0.000392396 -0.00145356 -0.000941603 -0.000674902 -0.00356544 -0.000280507 -0.000838063 0.0130271 -0.00289177 -0.00157469 -0.00622592
internal_weight=287952 283614 91463 45317 192151 8828 45012 44675 7728 5106 183323 43703 337 2622 182996 8763 2704 174233 17228 157005 46146 34210 33005 3852 29153 1593 305 11936 7284 972
internal_count=287952 283614 91463 45317 192151 8828 45012 44675 7728 5106 183323 43703 337 2622 182996 8763 2704 174233 17228 157005 46146 34210 33005 3852 29153 1593 305 11936 7284 972
is_linear=0
shrinkage=0.03


Tree=17
num_leaves=31
num_cat=0
split_feature=276 171 238 194 53 103 188 290 153 156 236 115 232 170 289 52 118 172 117 290 58 297 118 210 162 77 221 291 103 170
split_gain=68.4935 78.1148 80.3142 78.6134 64.4964 61.7442 57.8772 44.8933 87.616 50.9405 43.8185 42.7388 43.473 87.2797 72.3717 57.6538 46.5626 41.8915 43.3037 42.7754 40.5921 40.2077 39.851 39.5015 71.8063 44.4802 44.2092 40.1779 37.883 43.5986
threshold=1.8689450025558474 0.22989699989557269 -0.78040122985839833 1.3558627963066103 -1.7741061449050901 1.2898983359336855 -1.4315218329429624 -2.1532540321350093 -2.1937867403030391 -2.1784148216247554 0.84918755292892467 -2.1701146364212032 1.0035356283187868 1.1871180534362795 1.8748015761375429 2.3866599798202519 2.3318521976470952 0.1265460401773453 1.577759385108948 -0.5546504259109496 -1.1412330269813535 2.3579988479614262 1.3862743377685549 -1.6157480478286741 -1.7505069971084593 -1.8715491294860838 -1.8510679006576536 -2.1671444177627559 1.0849139690399172 0.22727788239717486
decision_type=2 2 2 2 2 2 2 2 2 2 2 2 2 2 2 2 2 2 2 2 2 2 2 2 2 2 2 2 2 2
left_child=1 3 10 4 23 17 28 8 20 -9 -3 -7 13 -13 16 21 -14 19 -19 -2 -6 -16 -11 24 27 -26 -25 -1 29 -4
right_child=5 2 6 -5 7 11 -8 9 -10 22 -12 12 14 -15 15 -17 -18 18 -20 -21 -22 -23 -24 26 25 -27 -28 -29 -30 -31
leaf_value=-0.005048581475841106 -0.0074930676264578803 -0.0039260276956322275 -0.0019004739340062436 0.0040233788907096503 -0.020029465361206814 0.017958800902267043 -0.00061976392487538207 0.0051296682828760745 0.0093286613489623697 0.00025681271140189554 0.002791991008693749 0.0046253064361616632 0.0075698953349236948 -0.0078025933389124207 0.00026003028316911469 0.0056102697865894509 0.023907498917112049 -0.0092759723686621238 0.0052401648262436961 0.011334207302784068 0 -0.011159930011246854 -0.0031009056622749395 -0.011585986820482475 0.0008490370895538464 0.016548218787315168 -0.0028869732954903554 0.00302170466383177 -0.0093687586096045435 0.0068403176911032834
leaf_weight=1599 133 9274 612 4889 111 176 85870 1886 1221 160739 897 1246 1531 827 1128 1847 191 841 193 284 302 329 3215 623 404 316 4438 780 153 2016
leaf_count=1599 133 9274 612 4889 111 176 85870 1886 1221 160739 897 1246 1531 827 1128 1847 191 841 193 284 302 329 3215 623 404 316 4438 780 153 2016
internal_value=-1.08557e-05 -9.37353e-05 -0.000772493 0.000276213 0.000169752 0.00260221 -0.000478471 0.000298361 0.0052255 0.000247381 -0.0032998 0.00374643 0.00330247 -0.000216512 0.00480845 0.00206922 0.00980792 -0.00290367 -0.00623383 0.00457474 -0.00608289 -0.00223175 0.000188771 -0.00242739 0.000148735 0.00840567 -0.00405824 -0.0022744 0.00375044 0.00469252
internal_weight=288071 279345 98822 180523 175634 8726 88651 167474 1634 165840 10171 7275 7099 2073 5026 3304 1722 1451 1034 417 413 1457 163954 8160 3099 720 5061 2379 2781 2628
internal_count=288071 279345 98822 180523 175634 8726 88651 167474 1634 165840 10171 7275 7099 2073 5026 3304 1722 1451 1034 417 413 1457 163954 8160 3099 720 5061 2379 2781 2628
is_linear=0
shrinkage=0.03


Tree=18
num_leaves=31
num_cat=0
split_feature=276 171 103 198 115 122 78 69 40 184 58 115 232 49 57 114 179 298 174 311 102 230 296 149 52 11 230 43 172 227
split_gain=86.0687 85.8238 73.896 71.7124 68.1533 46.276 69.7933 57.8202 41.9094 42.1085 41.4153 41.341 47.7477 110.319 51.1124 41.1544 49.02 62.9298 43.8448 43.4341 41.1596 59.7499 52.3808 46.4281 40.5433 49.0486 39.0382 39.0121 37.1773 49.4261
threshold=1.8689450025558474 0.22989699989557269 1.2898983359336855 1.6659331917762759 -0.46655873954296107 0.31898806989192968 0.98132583498954784 1.0000000180025095e-35 -0.89763012528419484 2.2335436344146733 -0.94761326909065235 -2.1701146364212032 1.831970274448395 1.2934588789939883 1.3842471241950991 -1.3669781684875486 0.83481425046920787 0.75801944732666027 -0.76793116331100453 -0.022158312611281868 0.032783066853880889 -0.54031291604042042 -0.45549957454204554 1.0386559963226321 0.74385064840316784 -1.4326716065406797 -0.13811025768518445 -0.50948914885520924 0.1265460401773453 0.16859675943851474
decision_type=2 2 2 2 2 2 2 2 2 2 2 2 2 2 2 2 2 2 2 2 2 2 2 2 2 2 2 2 2 2
left_child=1 3 28 15 -3 6 24 -7 -9 -10 -5 -4 13 -13 -15 16 17 18 -1 -18 -17 22 -22 -23 26 -26 -6 -12 29 -2
right_child=2 4 11 10 5 7 -8 8 9 -11 27 12 -14 14 -16 20 19 -19 -20 -21 21 23 -24 -25 25 -27 -28 -29 -30 -31
leaf_value=-0.0012219991338639625 -0.0067877183459208795 -0.0040730980653390014 0.018785013476674807 -0.0017099921679439652 -0.0058494622721744476 -0.0084752502080731457 0.0058782975465187914 0.0074208262830247791 -0.0014509067393935406 0.0045362502587998552 -0.0035308900887975384 0.006858974711147962 0.0065440247669953265 0 -0.009619984842561248 0.00067655471972266872 -0.006131875378370304 -0.016219462204806422 -0.010826043282553157 0.0045686013630834429 -2.520502014714561e-05 -0.00022546612053051028 -0.0054245186505290331 0.0034990519006773144 0.0062373269373013976 0.00036109505502411132 -0.00070521145947462823 0.0093172895134971505 -0.0063027057078863047 0.012551609456944961
leaf_weight=14375 178 5517 161 479 1402 998 1723 474 40119 1044 198 1849 3098 1478 693 110660 371 253 432 2020 3112 40450 3622 3232 1364 19404 26787 1578 1025 245
leaf_count=14375 178 5517 161 479 1402 998 1723 474 40119 1044 198 1849 3098 1478 693 110660 371 253 432 2020 3112 40450 3622 3232 1364 19404 26787 1578 1025 245
internal_value=-2.48879e-05 -0.000117581 0.00290418 0.00026978 -0.000829081 -0.000633241 -1.44043e-05 -0.00136147 -0.00117977 -0.00128964 0.00556748 0.00415221 0.0037275 0.00146104 -0.00302 0.000200568 -0.0011785 -0.0018244 -0.00153666 0.00274674 0.000351966 -0.000354523 -0.0029812 4.47188e-05 -0.000230234 0.000767095 -0.000975665 0.00769448 -0.00313632 0.00379731
internal_weight=288341 279614 8727 180782 98832 93315 50680 42635 41637 41163 2255 7279 7118 4020 2171 178527 17451 15060 14807 2391 161076 50416 6734 43682 48957 20768 28189 1776 1448 423
internal_count=288341 279614 8727 180782 98832 93315 50680 42635 41637 41163 2255 7279 7118 4020 2171 178527 17451 15060 14807 2391 161076 50416 6734 43682 48957 20768 28189 1776 1448 423
is_linear=0
shrinkage=0.03


Tree=19
num_leaves=31
num_cat=0
split_feature=93 171 17 298 43 149 233 197 50 179 233 178 6 53 228 223 55 217 168 230 77 57 193 358 12 139 70 58 220 175
split_gain=91.1239 68.0711 70.3661 66.2193 49.9465 46.6297 59.3113 60.9414 43.9696 55.9937 43.9188 58.1267 52.7167 43.5597 47.8844 73.5854 63.6305 54.7822 64.2322 44.5382 43.1947 40.83 35.9379 34.1773 31.362 46.4417 42.7673 35.1913 33.8059 31.7402
threshold=2.3109605312347417 0.22989699989557269 1.6625338792800906 -0.92158043384551991 2.3152472972869877 0.96493554115295421 0.42541925609111791 0.86931678652763378 0.55431443452835094 0.076987113803625121 1.8116276264190676 0.59222605824470531 1.1316618323326113 -1.7741061449050901 -2.2410446405410762 -2.213260173797607 -1.2332324385643003 -2.2555059194564815 -1.0238521099090574 -0.32327733933925623 1.6583442687988283 -1.3897147774696348 -1.4317582845687864 -0.013333896640688179 0.91031920909881603 -0.52626904845237721 -0.71535280346870411 -0.7992836833000182 -1.6073793768882749 -1.6628579497337339
decision_type=2 2 2 2 2 2 2 2 2 2 2 2 2 2 2 2 2 2 2 2 2 2 2 2 2 2 2 2 2 2
left_child=1 2 13 8 5 6 7 -5 9 -3 11 -7 -12 24 15 -15 -17 18 -16 -19 -10 23 -8 -4 25 26 -1 29 -27 -26
right_child=-2 3 21 4 -6 10 22 -9 20 -11 12 -13 -14 14 17 16 -18 19 -20 -21 -22 -23 -24 -25 27 28 -28 -29 -30 -31
leaf_value=-0.0018596682512551875 0.0042825448066351164 -0.0045260296995513344 -0.011796946326076318 -0.0020607674011593313 0.0043570788850198477 -0.00076947102202118585 0.0047716682724692162 0.0030421797078768339 -0.0027969607878939266 -0.017477716271070733 -0.0031522302457025328 -0.0042148801196900528 0.0051965667007204683 -0.0031881400498949171 0.00074214420764605207 0.018121539458569313 0.003877314927366678 -0.00032089356470429764 0.01222838645106681 0.00066237673028454454 0.0051199313778297921 0.0067849182368450228 0.00020845411615888243 0.0049246180033292244 0 -0.013069245568915559 0.0060570780805435055 -0.0013859549541516099 -0.003846247440471301 0.018236477850404168
leaf_weight=4135 4394 2448 198 19535 1863 10013 1595 2299 3877 358 1110 8253 1606 640 1224 439 980 77510 724 88521 698 2207 49193 176 148 468 692 444 2317 190
leaf_count=4135 4394 2448 198 19535 1863 10013 1595 2299 3877 358 1110 8253 1606 640 1224 439 980 77510 724 88521 698 2207 49193 176 148 468 692 444 2317 190
internal_value=4.26872e-06 -6.11967e-05 0.000287817 -0.000678315 -0.000462643 -0.000562685 -0.000197938 -0.00150744 -0.00341852 -0.00639661 -0.00180946 -0.0023455 0.00167675 0.000214628 0.000320365 0.00485374 0.00868318 0.000262441 0.00524449 0.000201556 -0.00150678 0.00519166 0.000359489 -0.00331601 -0.00188732 -0.0025001 -0.000642517 0.00361702 -0.0055852 0.0107373
internal_weight=288255 283861 181013 102848 95467 93604 72622 21834 7381 2806 20982 18266 2716 178432 170038 2059 1419 167979 1948 166031 4575 2581 50788 374 8394 7612 4827 782 2785 338
internal_count=288255 283861 181013 102848 95467 93604 72622 21834 7381 2806 20982 18266 2716 178432 170038 2059 1419 167979 1948 166031 4575 2581 50788 374 8394 7612 4827 782 2785 338
is_linear=0
shrinkage=0.03


Tree=20
num_leaves=31
num_cat=0
split_feature=29 102 110 196 8 276 42 192 38 119 230 282 171 36 113 227 178 24 166 136 282 295 299 36 309 227 231 3 117 58
split_gain=81.0477 61.253 52.1594 48.5545 50.6078 58.1606 50.8738 44.7688 61.8181 44.4536 42.7726 50.0691 48.0685 40.2503 35.8289 36.079 35.4552 52.4272 38.4903 35.1768 44.4882 41.68 38.2147 34.1785 29.231 35.5446 37.2745 30.4792 28.7434 46.9868
threshold=2.313153982162476 0.032783066853880889 -0.60377773642539967 1.153289318084717 0.55096489191055309 -0.17288847267627713 0.56081488728523265 0.17802874743938449 -0.90373134613037098 -2.3257318735122676 -2.2425085306167598 -1.0606571435928343 -0.66348823904991139 0.75967794656753551 -1.3619170188903806 -0.21390751004219052 -0.30801641941070551 0.17530742287635806 0.67723509669303905 1.3499438762664797 0.69918307662010204 0.25220814347267156 -0.064651701599359498 1.8624755144119265 1.0000000180025095e-35 -0.21390751004219052 1.0000000180025095e-35 1.1320738196372988 -0.23170587420463559 0.093999404460191741
decision_type=2 2 2 2 2 2 2 2 2 2 2 2 2 2 2 2 2 2 2 2 2 2 2 2 2 2 2 2 2 2
left_child=1 3 19 4 6 10 7 9 -9 -1 11 -6 -12 -5 15 -4 17 -7 -18 20 28 -22 -21 -2 25 27 -27 -16 29 -3
right_child=23 2 14 13 5 16 -8 8 -10 -11 12 -13 -14 -15 24 -17 18 -19 -20 22 21 -23 -24 -25 -26 26 -28 -29 -30 -31
leaf_value=-0.0039099071850507679 -0.00040065831766125979 -0.0030379982804062964 -0.0022190132688546297 0.005350942779980758 -0.0013708554438059115 0.0059435609623191832 0.015468211819881143 0.0066968325959455479 0.001133727254440241 0.00027149061052411579 -0.0077396548724846786 0.021076003272825754 -0.0019281144960090961 -0.002666520683940834 -0.0017908050769257194 0.010231338337964607 0.0027761880195878597 -0.0044157594798735003 -0.0084568450366053396 -0.002396302073827755 -0.013601544622858256 0.0036983921220946243 0.010220238172438435 0.0055510188701508182 0.00089922593821686176 0.00075591046127560142 -0.00072881856909774809 -0.007538089923085513 -0.0058767173252390744 0.0055274267309601893
leaf_weight=2308 1051 2482 270 2878 209 508 183 2075 14794 115157 2286 111 3348 632 5852 541 4076 2222 264 495 670 113 327 3284 12704 18211 87622 1020 1815 715
leaf_count=2308 1051 2482 270 2878 209 508 183 2075 14794 115157 2286 111 3348 632 5852 541 4076 2222 264 495 670 113 327 3284 12704 18211 87622 1020 1815 715
internal_value=-1.62682e-05 -7.96056e-05 -0.000550324 0.000332385 0.000246984 -0.00153227 0.000421684 0.000396654 0.00184291 0.000186128 -0.00371518 0.0063148 -0.00435825 0.00381543 -0.000411211 0.00577168 0.000269054 -0.00234979 0.00198842 -0.00314947 -0.00399232 -0.0107013 0.00238994 0.00404396 -0.000454501 -0.000609885 -0.000470408 -0.00270679 -0.00284622 -0.00100666
internal_weight=288223 283888 132837 151051 147541 13024 134517 134334 16869 117465 5954 320 5634 3510 126220 811 7070 2730 4340 6617 5795 783 822 4335 125409 112705 105833 6872 5012 3197
internal_count=288223 283888 132837 151051 147541 13024 134517 134334 16869 117465 5954 320 5634 3510 126220 811 7070 2730 4340 6617 5795 783 822 4335 125409 112705 105833 6872 5012 3197
is_linear=0
shrinkage=0.03


Tree=21
num_leaves=31
num_cat=0
split_feature=29 102 254 205 57 171 113 227 168 165 103 102 179 53 216 286 285 312 115 155 275 249 355 17 171 279 299 74 331 236
split_gain=79.3766 55.6057 52.813 49.1774 42.4461 50.6871 42.1421 64.1303 44.4851 40.75 38.4734 79.1641 96.7392 47.8894 43.2127 37.9255 45.9009 36.5727 36.2591 41.1327 34.794 42.7566 46.9488 38.6396 33.2626 31.6682 31.5406 30.0655 29.7746 29.7666
threshold=2.313153982162476 0.065780550241470351 1.3412353396415713 -1.1688261628150938 -0.1389951407909393 0.097277611494064345 -0.81577870249748219 -1.5713607072830198 -1.4884035587310789 0.033080795779824264 -1.5709583759307859 -2.1869702339172359 0.51947414875030529 -1.3741954565048216 -0.45223957300186152 0.47823385894298559 -0.31576964259147638 -0.0031390116782858963 -0.46655873954296107 0.5264749825000764 -0.56406599283218373 -0.48243837058544153 -0.0057565683964639893 -1.626081585884094 -0.87955752015113819 -0.20747534185647962 -0.096091087907552705 -1.6272559762001035 -0.010060193482786415 -1.6246981620788572
decision_type=2 2 2 2 2 2 2 2 2 2 2 2 2 2 2 2 2 2 2 2 2 2 2 2 2 2 2 2 2 2
left_child=1 2 4 15 5 6 8 -8 -1 25 11 29 -13 24 -15 16 -3 -4 -7 -20 21 -11 -23 -22 -12 26 -5 -17 -2 -6
right_child=28 3 17 9 10 18 7 -9 -10 20 13 12 -14 14 -16 27 -18 -19 19 -21 23 22 -24 -25 -26 -27 -28 -29 -30 -31
leaf_value=0.00093291762534335231 0.0078545331185992245 -0.012487359067863401 0.0067031926692923448 -0.012109100153172483 -0.013435324261409377 -0.0059991330893841626 0.0069129532606549051 0.00043949910253198099 -0.0016084150686128027 -0.00098085148101625247 -0.0018080396240356476 0.0010771998758188712 0.012183504686454155 -0.00025805466637573635 0.0012736254765556253 0 0.0020691718647326629 -0.0021117848124472694 -0.00075454047938109227 -0.010385668623950461 0.012842516578361392 0.014941653323346618 -0.0002075183706029373 -0.00032270898742792822 -0.012454535150649865 -0.0014100626999159103 -0.0014506226833097551 -0.014492368917224984 0.0022092861034166264 -0.00035357463159461238
leaf_weight=8784 1308 235 1858 511 177 1906 1421 37238 20100 571 1239 1627 1330 26182 43840 206 742 476 7562 411 180 464 235 106112 358 17903 625 519 3032 1043
leaf_count=8784 1308 235 1858 511 177 1906 1421 37238 20100 571 1239 1627 1330 26182 43840 206 742 476 7562 411 180 464 235 106112 358 17903 625 519 3032 1043
internal_value=-8.23147e-06 -7.09678e-05 0.000309137 -0.000534113 0.00023853 -0.000252614 3.68326e-05 0.000688653 -0.000825073 -0.000462958 0.000744102 0.00354998 0.00622166 0.000575323 0.00069672 -0.00558581 -0.0013115 0.00477534 -0.00225795 -0.00131329 -0.000233144 0.00465051 0.00956724 -0.000295181 -0.00450472 -0.00174396 -0.00663113 -0.0107533 0.0040077 -0.00267952
internal_weight=288195 283855 155552 128303 153218 77422 67543 38659 28884 126601 75796 4177 2957 71619 70022 1702 977 2334 9879 7973 107562 1270 699 106292 1597 19039 1136 725 4340 1220
internal_count=288195 283855 155552 128303 153218 77422 67543 38659 28884 126601 75796 4177 2957 71619 70022 1702 977 2334 9879 7973 107562 1270 699 106292 1597 19039 1136 725 4340 1220
is_linear=0
shrinkage=0.03


Tree=22
num_leaves=31
num_cat=0
split_feature=29 171 136 115 128 230 124 276 68 79 351 168 236 97 114 236 113 40 286 179 29 217 196 44 59 111 287 331 48 162
split_gain=66.7262 59.47 63.0923 58.4406 44.6629 40.3892 50.5028 55.1115 48.7924 45.7918 39.5855 38.4553 58.8751 49.0458 36.9542 44.5011 34.13 50.0574 56.6731 46.0535 45.1936 41.4163 34.9851 33.5176 30.264 31.3687 38.2893 30.0563 30.5838 39.5345
threshold=2.313153982162476 0.22989699989557269 1.3499438762664797 -0.46655873954296107 -1.6171441078186033 -0.32327733933925623 0.98175859451293956 -0.066660910844802843 1.2220348715782168 0.97964122891426098 -0.0068124993704259387 -0.54007881879806507 0.53685128688812267 1.6067839264869692 1.8720769286155703 -0.97264683246612538 0.74362003803253185 -0.71158495545387257 -0.39481356739997858 1.0575143098831179 1.4705377221107485 -0.98156321048736561 0.86804005503654491 1.1742199659347536 1.0000000180025095e-35 -0.13362386822700498 -1.0370588302612302 -0.010197234805673359 1.6160687804222109 1.6477324366569521
decision_type=2 2 2 2 2 2 2 2 2 2 2 2 2 2 2 2 2 2 2 2 2 2 2 2 2 2 2 2 2 2
left_child=1 2 5 -3 14 6 11 9 -9 -8 -4 12 -1 -13 15 -5 19 18 -18 22 -21 -19 -6 -17 -7 26 -26 -2 -29 -30
right_child=27 3 10 4 16 24 7 8 -10 -11 -12 13 -14 -15 -16 23 17 21 -20 20 -22 -23 -24 -25 25 -27 -28 28 29 -31
leaf_value=7.6064613440530437e-05 0.00770063700190937 -0.003571833825285873 -0.00012409030649692386 -0.0075882716718088106 -0.0011994229106734105 0.0084423957234869406 -0.0090591371757865451 -0.0043877389426782848 0.0035853044463376822 0.0018778326404101859 0.0053271331796499984 -0.0013055335686885136 0.0044748069654060264 0.012337347682786442 -0.0063897836961221829 0.0051669512931270924 -0.00096246522595834451 -0.010718351606237278 0.01214004594760351 -0.0027905079145833195 -0.012462227646895545 -4.0839383511904823e-05 0.00096855169173829794 0.020554505956924856 0.010616205648338326 0.00016923408704602473 0.0012367478379353403 0.0052195881330008411 -0.012172496221834219 0.0010083072973093102
leaf_weight=57649 1233 5752 1652 181 35574 430 1692 1368 1341 370 3520 22608 2865 216 242 1605 474 310 624 4381 497 44828 8083 143 387 57181 29563 1407 214 1484
leaf_count=57649 1233 5752 1652 181 35574 430 1692 1368 1341 370 3520 22608 2865 216 242 1605 474 310 624 4381 497 44828 8083 143 387 57181 29563 1407 214 1484
internal_value=1.45378e-06 -5.41228e-05 0.000272121 -0.000631494 -0.000453236 0.000173976 -0.000277106 -0.00327436 -0.000333669 -0.00695336 0.00353439 -0.000101173 0.000290686 -0.0011526 0.00376418 0.00524445 -0.000553786 2.3221e-05 0.0062994 -0.00110942 -0.00388403 -0.000125529 -0.000790899 0.00681373 0.000631266 0.000587347 0.00137496 0.00368641 0.00195727 -0.000600623
internal_weight=287874 283536 180842 102694 96942 175670 88109 4771 2709 2062 5172 83338 60514 22824 2171 1929 94771 46236 1098 48535 4878 45138 43657 1748 87561 87131 29950 4338 3105 1698
internal_count=287874 283536 180842 102694 96942 175670 88109 4771 2709 2062 5172 83338 60514 22824 2171 1929 94771 46236 1098 48535 4878 45138 43657 1748 87561 87131 29950 4338 3105 1698
is_linear=0
shrinkage=0.03


Tree=23
num_leaves=31
num_cat=0
split_feature=77 102 178 269 196 104 98 290 115 233 228 118 292 287 205 113 111 209 177 175 351 115 60 309 249 238 119 94 50 294
split_gain=55.7895 69.468 51.4705 46.5509 72.8847 46.8133 62.7912 51.8347 45.7667 58.8862 69.077 55.0443 50.7824 45.9061 40.739 46.4691 50.2853 40.2299 39.4968 46.8205 38.1583 38.0849 37.5366 36.7204 34.5938 33.3592 32.5873 31.7883 31.57 41.5584
threshold=1.9035871624946596 0.065780550241470351 -0.97219336032867421 1.1144611239433291 1.153289318084717 -2.1753008365631099 -2.2211030721664424 -2.1532540321350093 -2.1701146364212032 1.8116276264190676 1.4167764186859133 0.89126053452491771 1.883449971675873 0.22881672531366351 -1.1688261628150938 -1.3619170188903806 -0.8194260001182555 1.2218009233474734 -1.0748637914657591 -0.87891241908073414 -0.0070907296612858764 0.43249204754829412 0.60870188474655162 -0.0045581022277474395 0.91197356581687938 -2.5799568891525264 -1.4081222414970396 0.4521042406558991 1.0810762643814089 -0.42470242083072657
decision_type=2 2 2 2 2 2 2 2 2 2 2 2 2 2 2 2 2 2 2 2 2 2 2 2 2 2 2 2 2 2
left_child=1 3 18 4 5 20 22 -8 13 10 -10 -12 -13 -2 28 -16 21 -11 19 27 -1 -17 -7 -18 -5 -21 -27 -3 29 -4
right_child=8 2 14 24 -6 6 7 -9 9 17 11 12 -14 -15 15 16 23 -19 -20 25 -22 -23 -24 -25 -26 26 -28 -29 -30 -31
leaf_value=-0.0056646252449508386 0 0 -0.011880229973112095 -0.0081903810235066325 0.0055436554445225982 0.0039215016848894611 0.0053135090627470525 0.00023456956047370728 0.0024695922596866689 -0.0073075631623022675 0.00056532548475856184 -0.013275327593692585 0.0014295677145172913 0.022073166472887946 0.0054917391203668058 -0.0058507676722502665 -0.00064469908982559552 0.0067562023376968811 -0.0044817844619400964 -0.0051809846067650085 -1.2352051562850101e-05 0.0084235398114989417 0.017919070217430486 0.00071108731936011789 0 0.0089715951500892524 0.00019771781272332495 -0.0082332749810807883 -0.012564709663940325 0.00078296080856174932
leaf_weight=2088 113 796 285 980 2398 1921 1819 142358 3854 162 891 735 240 187 1165 2228 87985 2350 5322 350 2414 148 193 22388 840 769 880 821 398 836
leaf_count=2088 113 796 285 980 2398 1921 1819 142358 3854 162 891 735 240 187 1165 2228 87985 2350 5322 350 2414 148 193 22388 840 769 880 821 398 836
internal_value=-3.74456e-05 -0.000111524 -0.000640385 0.000310893 0.000369627 0.000284633 0.000379312 0.000301456 0.00234778 0.00186782 0.000127357 -0.00452607 -0.00939818 0.0136405 -0.000467183 -0.00039876 -0.000463248 0.00568018 -0.00283774 -0.000324191 -0.00271364 -0.00477353 0.00549597 -0.000366896 -0.00442006 0.00264466 0.00452758 -0.00416514 -0.00533158 -0.00232538
internal_weight=287914 279382 124371 155011 153191 150793 146291 144177 8532 8232 5720 1866 975 300 115433 113914 112749 2512 8938 3616 4502 2376 2114 110373 1820 1999 1649 1617 1519 1121
internal_count=287914 279382 124371 155011 153191 150793 146291 144177 8532 8232 5720 1866 975 300 115433 113914 112749 2512 8938 3616 4502 2376 2114 110373 1820 1999 1649 1617 1519 1121
is_linear=0
shrinkage=0.03


Tree=24
num_leaves=31
num_cat=0
split_feature=77 122 98 185 52 227 51 100 48 299 114 233 210 57 148 289 90 218 205 119 113 229 175 235 177 162 31 11 44 179
split_gain=67.8481 75.8763 55.7236 58.3107 56.4689 98.9495 57.0097 53.063 48.0365 39.7056 46.5416 69.0573 43.945 40.0681 39.8241 38.8848 37.7821 49.9538 42.9405 38.3561 77.7753 40.9209 93.7992 40.0278 51.5992 48.1614 37.1699 32.7881 29.7767 28.7565
threshold=1.9035871624946596 0.35569904744625097 -2.2211030721664424 0.45987117290496832 0.28531348705291754 -0.17737756669521329 -2.1448442935943599 -0.90604415535926808 -0.5168325901031493 -1.5952395200729368 -0.098294753581285463 1.8116276264190676 0.79585164785385143 -0.81100136041641224 1.6679064631462099 2.321985244750977 1.4681809544563296 0.3728445172309876 0.75885722041130077 -1.8569947481155393 -2.1861152648925777 -2.2509286403656001 -2.0288231372833248 -2.3291944265365596 -0.86731788516044606 -2.1252428293228145 -0.2430135831236839 0.27874895930290228 -0.88499292731285084 0.34959161281585699
decision_type=2 2 2 2 2 2 2 2 2 2 2 2 2 2 2 2 2 2 2 2 2 2 2 2 2 2 2 2 2 2
left_child=1 16 27 -4 5 6 -5 28 -9 -2 12 -12 -11 -14 -13 -16 19 -18 -19 20 -1 22 -21 24 -23 -25 -7 -3 -6 -20
right_child=9 2 3 4 7 26 -8 8 -10 10 11 14 13 -15 15 -17 17 18 29 21 -22 23 -24 25 -26 -27 -28 -29 -30 -31
leaf_value=-0.010014829092326493 0.0081237697331566962 0 -0.0026468338209812581 0.0062230311799083542 -0.00040872955433787051 -0.0038537743779481501 -0.0020263220733284263 -0.010731432695681338 -0.0013544436343159362 -0.0040985964452668732 -0.0019850341794402475 -0.0055132671631373722 3.7685268409463755e-07 0.011979520431173746 0.010778915310144733 0.0019712844152934847 -0.009414770921015829 0.014485158139893716 0 -0.0048527442890220684 -0.00058934693322284983 0.009579293644903817 0.007809924766736167 -0.0048653656051722413 -0.0034974099020230452 0.00024402170431497239 0.002018335233602482 0.017829227646273611 0.014618315188130395 0.0074888645321593388
leaf_weight=936 1056 107 13971 764 137 971 13457 490 33791 253 3627 260 411 928 904 1105 191 390 960 698 5008 864 1778 1651 339 182852 19006 208 269 750
leaf_count=936 1056 107 13971 764 137 971 13457 490 33791 253 3627 260 411 928 904 1105 191 390 960 698 5008 864 1778 1651 339 182852 19006 208 269 750
internal_value=1.64188e-05 -6.30961e-05 -0.00082333 -0.000875858 -0.000511657 0.000346364 -0.00155396 -0.00136594 -0.0015034 0.00264751 0.00181568 0.000523036 0.00635101 0.00857745 0.00464556 0.00614954 0.000257342 0.00407773 0.00552366 0.000210294 -0.00215248 0.000286741 0.00410977 0.000233717 0.00565211 0.000196153 0.00171434 0.0113253 0.00906226 0.00316256
internal_weight=288132 279588 83171 82856 68885 34198 14221 34687 34281 8544 7488 5896 1592 1339 2269 2009 196417 2291 2100 194126 5944 188182 2476 185706 1203 184503 19977 315 406 1710
internal_count=288132 279588 83171 82856 68885 34198 14221 34687 34281 8544 7488 5896 1592 1339 2269 2009 196417 2291 2100 194126 5944 188182 2476 185706 1203 184503 19977 315 406 1710
is_linear=0
shrinkage=0.03


Tree=25
num_leaves=31
num_cat=0
split_feature=90 122 186 52 227 51 103 194 224 178 278 221 23 112 54 59 11 82 90 236 30 170 129 168 165 299 23 115 42 26
split_gain=65.3402 55.3702 56.7694 65.4311 94.4428 58.6355 51.9327 50.575 47.6514 49.2563 45.8635 44.1563 46.8055 39.3806 39.0935 34.9051 32.9645 54.9409 66.5456 45.8863 65.1298 55.2629 42.5796 41.9925 44.7299 42.2588 42.4138 32.2286 30.314 30.2733
threshold=2.3164842128753667 0.31898806989192968 0.45671556890010839 0.18692639470100406 -0.17737756669521329 -2.1448442935943599 -0.89557808637619007 -0.42131341993808741 0.87295672297477733 0.59222605824470531 0.92911124229431163 1.2933371067047121 1.4640886783599856 0.42908716201782232 0.59697213768959057 1.0000000180025095e-35 0.034360093995928771 0.34625817835330969 0.83459830284118663 1.1317307949066164 -1.6018420457839964 2.4063328504562382 -0.66153723001480091 0.26369908452034002 1.6241456270217898 0.75187316536903392 -0.28596970438957209 0.80028602480888378 -1.1509115099906919 0.2058091536164284
decision_type=2 2 2 2 2 2 2 2 2 2 2 2 2 2 2 2 2 2 2 2 2 2 2 2 2 2 2 2 2 2
left_child=1 15 -3 4 5 6 -4 -5 10 -10 -9 12 -6 -13 -7 -1 17 19 29 21 -21 -17 -20 25 -25 26 -18 -26 -27 -19
right_child=-2 2 3 7 11 14 -8 8 9 -11 -12 13 -14 -15 -16 16 23 18 22 20 -22 -23 -24 24 27 28 -28 -29 -30 -31
leaf_value=0.008708303790110155 0.0036255905652683605 -0.0021734799078675102 -0.002380130349425599 0.013333852111240064 0.0021041982989320257 -0.0020136276623982634 0.012245788146048635 -0.0014776715169103984 0.0013642931045360343 -0.0017062131503557993 -0.0051414387073120127 0 0.0077440820328491481 -0.010343226947562975 0.0053805114801504794 1.890383082459445e-05 -0.0011727381677024784 0 0.014101797698353805 0.011306393367123654 0.0014479432459588251 -0.010777340262946586 0.00015560535284521709 -0.00074772572426953625 -0.00068956091746202376 0.0099826508387365551 0.0025661859774443688 0.0087402159112242063 -0.002969427537453927 -0.0055489037497019889
leaf_weight=416 4340 18394 310 194 14790 12695 515 18107 9987 8834 3832 1624 1500 385 639 133597 3018 1066 203 654 7461 408 2127 14630 449 147 20577 791 2304 4156
leaf_count=416 4340 18394 310 194 14790 12695 515 18107 9987 8834 3832 1624 1500 385 639 133597 3018 1066 203 654 7461 408 2127 14630 449 147 20577 791 2304 4156
internal_value=-1.7698e-05 -7.47194e-05 -0.00068141 -0.000302983 0.000697173 -0.00112783 0.0064687 -0.00110293 -0.00118551 -6.12669e-05 -0.00213537 0.00212535 0.00265078 -0.00197137 -0.00162929 0.000213846 0.000192929 -1.33817e-05 -0.00250514 0.000117249 0.00230517 -1.33321e-05 0.00160799 0.000936423 -0.000263642 0.00167878 0.00207465 0.00513088 -0.0019967 -0.00439673
internal_weight=288150 283810 91806 73412 32458 14159 825 40954 40760 18821 21939 18299 16290 2009 13334 192004 191588 149672 7552 142120 8115 134005 2330 41916 15870 26046 23595 1240 2451 5222
internal_count=288150 283810 91806 73412 32458 14159 825 40954 40760 18821 21939 18299 16290 2009 13334 192004 191588 149672 7552 142120 8115 134005 2330 41916 15870 26046 23595 1240 2451 5222
is_linear=0
shrinkage=0.03


Tree=26
num_leaves=31
num_cat=0
split_feature=270 102 21 227 147 170 102 55 264 142 75 171 180 194 269 59 236 44 62 199 165 32 172 197 193 36 179 234 26 300
split_gain=55.7197 50.0184 53.8774 46.4153 70.5568 55.8119 45.7653 49.656 44.8038 49.5835 44.4603 43.4926 43.1508 42.0141 39.9822 36.0299 37.2537 57.7432 50.5739 35.592 45.0586 34.1914 33.0425 32.7321 31.1741 30.1139 37.3762 29.6494 29.1925 28.7836
threshold=2.3112641572952275 0.065780550241470351 -0.66805645823478688 1.2862625122070315 2.3630250692367558 1.1871180534362795 0.2667981237173081 1.1501200199127199 1.4644054770469668 0.43004007637500768 -0.56987124681472767 0.064814243465662016 0.033779751509428031 1.3558627963066103 1.1144611239433291 1.0000000180025095e-35 0.53685128688812267 -1.2416199445724485 1.4525411128997805 -1.4439346194267271 1.1718139648437502 0.53647878766059887 1.9401682615280154 -0.18838213384151456 1.6545072793960574 0.75967794656753551 -0.42305140197277064 -2.304562926292419 -1.0723397135734556 -0.016484083607792851
decision_type=2 2 2 2 2 2 2 2 2 2 2 2 2 2 2 2 2 2 2 2 2 2 2 2 2 2 2 2 2 2
left_child=1 13 6 5 10 8 -3 12 9 -4 21 -10 -8 14 15 -1 18 -18 -17 28 -21 -5 -6 -14 -2 26 29 -26 -9 -15
right_child=24 2 3 4 22 -7 7 19 11 -11 -12 -13 23 25 -16 16 17 -19 -20 20 -22 -23 -24 -25 27 -27 -28 -29 -30 -31
leaf_value=0.0089592809168243543 -0.00044931956853198863 0.00016642207556755265 6.1105878639933019e-05 0.00056872715963654106 -0.013001518192493853 -0.0031651713908851914 -0.0046616171545233124 0 0.0058203316133847074 -0.0013395404874417345 0.0012189927846457415 0.00017867765018303062 -0.016947858912094788 0.00111023177632196 -0.0048811321014434715 0.00010687296277739579 0.0073676317391261773 0.00096939647650461048 -0.0070549847736713772 0.0037990287967600437 -0.012369529658520579 0.019914211527594098 0 0 0.018774772097489664 -0.001798509809899038 0.0025634333406463609 0.0041284336769751651 0.022010715802200136 0.0167981147304746
leaf_weight=412 1253 2439 50604 193 434 7071 3213 126 1929 40735 16295 3655 494 201 1334 126644 1349 22356 873 379 222 190 239 110 127 465 1103 3018 100 407
leaf_count=412 1253 2439 50604 193 434 7071 3213 126 1929 40735 16295 3655 494 201 1334 126644 1349 22356 873 379 222 190 239 110 127 465 1103 3018 100 407
internal_value=-7.83491e-06 -6.09554e-05 -0.00049971 -0.000348204 0.00108132 -0.00058976 -0.00304477 -0.00478908 -0.000398163 -0.000560422 0.00148467 0.00219494 -0.00624403 0.00030033 0.000239076 0.000286737 0.000259943 0.00135205 5.43909e-05 0.00156092 -0.00189632 0.0114221 -0.00823585 -0.0137618 0.00333411 0.00442833 0.00629514 0.00492956 0.0113809 0.0122901
internal_weight=287970 283572 128428 121345 17351 103994 7083 4644 96923 91339 16678 5584 3817 155144 152968 151634 151222 23705 127517 827 601 383 673 604 4398 2176 1711 3145 226 608
internal_count=287970 283572 128428 121345 17351 103994 7083 4644 96923 91339 16678 5584 3817 155144 152968 151634 151222 23705 127517 827 601 383 673 604 4398 2176 1711 3145 226 608
is_linear=0
shrinkage=0.03


Tree=27
num_leaves=31
num_cat=0
split_feature=216 283 161 25 120 278 159 78 173 168 234 196 75 114 179 292 287 253 272 236 249 297 173 264 35 237 90 222 232 288
split_gain=56.8824 63.6179 59.4163 67.32 61.6011 53.1926 51.8206 47.7618 44.7102 44.7558 47.4992 42.5401 48.2093 39.203 45.2115 38.1932 43.3959 36.541 56.2318 44.1309 36.5427 36.4949 38.1711 75.2612 34.958 34.3494 29.9689 29.8647 29.7604 62.6524
threshold=1.8490415811538699 1.2917858362197878 0.19340127706527713 -0.36077366769313807 -0.27680772542953486 1.2744795083999636 0.48695804178714758 -1.4397900104522703 0.98284682631492626 0.49308758974075323 -0.2431189566850662 -1.1544979214668272 -0.8296602964401244 1.8720769286155703 -0.069008503109216676 0.12557692825794223 0.29535539448261267 1.3448746800422671 0.5361144244670869 1.1317307949066164 0.74373745918273937 -0.41074874997138971 1.4431654810905459 -0.98444938659667958 1.0071240067481997 0.50917786359786998 -0.13737766444683072 0.33060362935066229 1.831970274448395 1.875021815299988
decision_type=2 2 2 2 2 2 2 2 2 2 2 2 2 2 2 2 2 2 2 2 2 2 2 2 2 2 2 2 2 2
left_child=2 15 8 4 5 13 -6 -5 9 17 -11 -9 26 14 -4 16 -2 18 19 -1 -20 -10 23 -23 25 -19 -13 -14 29 -3
right_child=1 28 3 7 6 -7 -8 11 21 10 -12 12 27 -15 -16 -17 -18 24 20 -21 -22 22 -24 -25 -26 -27 -28 -29 -30 -31
leaf_value=0.00026514126974063509 -0.0056482129860754553 0.0044571326293339807 -0.0026594385365245883 0.017301355402964604 -0.0032064263123365187 -0.016670833834214135 -0.011251798587906018 -0.0088224616894207967 -0.003899721999237419 -0.006688343009833053 -0.00085860338708537449 -0.0015392732092127134 -0.0017615077588024812 -0.010034403588556376 0.0030950495678039162 -0.0065295133032366821 0.010825627221908551 0.0076902701156060464 -0.0039657120050982791 0.0038842424014574259 0.00066870240719910101 0.012703063778079485 0.00022054080636565155 0.0027495230592568371 -0.0050235958607254974 -0.0022661565356598846 0.0086464164487935376 -0.00023944736203377083 0.0059176432274679119 -0.0035043359632121979
leaf_weight=146421 226 2662 2422 116 2060 172 1258 525 673 1529 7781 301 13714 341 2439 993 291 1511 4593 3093 2133 885 2674 3451 272 328 830 80092 3028 1275
leaf_count=146421 226 2662 2422 116 2060 172 1258 525 673 1529 7781 301 13714 341 2439 993 291 1511 4593 3093 2133 885 2674 3451 272 328 830 80092 3028 1275
internal_value=-2.28595e-06 0.00241504 -7.67947e-05 -0.000644655 -0.00317447 -0.00111362 -0.0063958 -0.000410836 0.000259213 0.00015461 -0.00186047 -0.00043912 -0.000387752 -0.000479901 0.000167256 -0.00303078 0.00312348 0.000275198 0.000219922 0.000342525 -0.00245392 0.00249662 0.00316273 0.00489896 0.00418503 0.00574781 0.00569535 -0.000465491 0.00364394 0.00179831
internal_weight=288089 8475 279614 104270 8692 5374 3318 95578 175344 167661 9310 95462 94937 5202 4861 1510 517 158351 156240 149514 6726 7683 7010 4336 2111 1839 1131 93806 6965 3937
internal_count=288089 8475 279614 104270 8692 5374 3318 95578 175344 167661 9310 95462 94937 5202 4861 1510 517 158351 156240 149514 6726 7683 7010 4336 2111 1839 1131 93806 6965 3937
is_linear=0
shrinkage=0.03


end of trees

feature_importances:
OPEN17=21
CLOSE1=19
HIGH8=18
LOW9=16
HIGH0=15
HIGH11=13
LOW12=13
CLOSE6=12
LOW3=12
LOW11=11
OPEN21=10
OPEN6=10
OPEN5=10
OPEN4=10
OPEN1=10
LOW43=10
LOW7=10
CLOSE16=9
VWAP1=9
CLOSE7=8
HIGH17=8
HIGH1=8
LOW6=8
LOW1=8
LOW0=8
CLOSE30=7
CLOSE23=7
CLOSE2=7
VWAP29=7
CLOSE42=6
OPEN29=6
OPEN26=6
OPEN16=6
OPEN11=6
OPEN10=6
HIGH16=6
HIGH9=6
HIGH7=6
HIGH3=6
LOW59=6
LOW46=6
LOW15=6
VWAP23=6
VWAP9=6
VWAP0=6
VOLUME28=6
CLOSE47=5
CLOSE11=5
OPEN9=5
OPEN0=5
HIGH57=5
HIGH14=5
HIGH2=5
VWAP13=5
CLOSE19=4
CLOSE15=4
CLOSE4=4
OPEN59=4
OPEN42=4
OPEN19=4
OPEN7=4
OPEN2=4
HIGH32=4
HIGH30=4
HIGH26=4
HIGH20=4
HIGH4=4
LOW45=4
LOW42=4
LOW34=4
LOW29=4
LOW21=4
LOW17=4
LOW2=4
VWAP17=4
CLOSE51=3
CLOSE48=3
CLOSE38=3
CLOSE36=3
CLOSE22=3
CLOSE17=3
CLOSE10=3
CLOSE5=3
CLOSE0=3
OPEN50=3
OPEN32=3
OPEN25=3
OPEN22=3
OPEN8=3
HIGH40=3
HIGH23=3
HIGH22=3
HIGH18=3
HIGH6=3
LOW51=3
LOW47=3
LOW41=3
LOW33=3
LOW25=3
LOW23=3
LOW22=3
LOW10=3
LOW8=3
LOW5=3
LOW4=3
VWAP50=3
VWAP30=3
VWAP22=3
VWAP12=3
VWAP10=3
VWAP6=3
VWAP5=3
VWAP4=3
VWAP2=3
VOLUME50=3
VOLUME34=3
CLOSE54=2
CLOSE44=2
CLOSE41=2
CLOSE39=2
CLOSE34=2
CLOSE33=2
CLOSE32=2
CLOSE29=2
CLOSE28=2
CLOSE27=2
CLOSE13=2
CLOSE9=2
CLOSE8=2
OPEN51=2
OPEN44=2
OPEN41=2
OPEN40=2
OPEN27=2
OPEN15=2
OPEN13=2
HIGH51=2
HIGH43=2
HIGH37=2
HIGH31=2
HIGH24=2
HIGH13=2
HIGH12=2
HIGH5=2
LOW54=2
LOW49=2
LOW48=2
LOW40=2
LOW36=2
LOW31=2
LOW28=2
LOW19=2
LOW18=2
LOW16=2
VWAP51=2
VWAP42=2
VWAP35=2
VWAP24=2
VWAP21=2
VWAP14=2
VWAP11=2
VWAP8=2
VWAP7=2
VWAP3=2
VOLUME57=2
VOLUME8=2
CLOSE57=1
CLOSE56=1
CLOSE53=1
CLOSE52=1
CLOSE49=1
CLOSE43=1
CLOSE35=1
CLOSE25=1
CLOSE24=1
CLOSE21=1
CLOSE20=1
CLOSE18=1
CLOSE12=1
OPEN58=1
OPEN57=1
OPEN54=1
OPEN53=1
OPEN49=1
OPEN45=1
OPEN39=1
OPEN38=1
OPEN37=1
OPEN33=1
OPEN30=1
OPEN28=1
OPEN23=1
OPEN20=1
OPEN14=1
OPEN12=1
OPEN3=1
HIGH59=1
HIGH58=1
HIGH55=1
HIGH50=1
HIGH47=1
HIGH42=1
HIGH38=1
HIGH33=1
LOW56=1
LOW55=1
LOW53=1
LOW50=1
LOW38=1
LOW32=1
LOW30=1
LOW24=1
LOW20=1
LOW14=1
VWAP59=1
VWAP58=1
VWAP46=1
VWAP45=1
VWAP40=1
VWAP36=1
VWAP31=1
VWAP27=1
VWAP25=1
VWAP20=1
VWAP19=1
VWAP18=1
VWAP16=1
VWAP15=1
VOLUME59=1
VOLUME49=1
VOLUME48=1
VOLUME47=1
VOLUME46=1
VOLUME41=1
VOLUME27=1
VOLUME24=1
VOLUME22=1
VOLUME17=1
VOLUME15=1
VOLUME11=1
VOLUME4=1
VOLUME2=1
VOLUME1=1

parameters:
[boosting: gbdt]
[objective: regression]
[metric: l2]
[tree_learner: serial]
[device_type: gpu]
[data_sample_strategy: bagging]
[data: ]
[valid: ]
[num_iterations: 500]
[learning_rate: 0.03]
[num_leaves: 31]
[num_threads: 12]
[seed: 20260814]
[deterministic: 0]
[force_col_wise: 1]
[force_row_wise: 0]
[histogram_pool_size: -1]
[max_depth: 7]
[min_data_in_leaf: 100]
[min_sum_hessian_in_leaf: 0.001]
[bagging_fraction: 0.8]
[pos_bagging_fraction: 1]
[neg_bagging_fraction: 1]
[bagging_freq: 1]
[bagging_seed: 20260814]
[bagging_by_query: 0]
[feature_fraction: 0.8]
[feature_fraction_bynode: 1]
[feature_fraction_seed: 20260814]
[extra_trees: 0]
[extra_seed: 17475]
[early_stopping_round: 0]
[early_stopping_min_delta: 0]
[first_metric_only: 0]
[max_delta_step: 0]
[lambda_l1: 10]
[lambda_l2: 20]
[linear_lambda: 0]
[min_gain_to_split: 0]
[drop_rate: 0.1]
[max_drop: 50]
[skip_drop: 0.5]
[xgboost_dart_mode: 0]
[uniform_drop: 0]
[drop_seed: 29730]
[top_rate: 0.2]
[other_rate: 0.1]
[min_data_per_group: 100]
[max_cat_threshold: 32]
[cat_l2: 10]
[cat_smooth: 10]
[max_cat_to_onehot: 4]
[top_k: 20]
[monotone_constraints: ]
[monotone_constraints_method: basic]
[monotone_penalty: 0]
[feature_contri: ]
[forcedsplits_filename: ]
[refit_decay_rate: 0.9]
[cegb_tradeoff: 1]
[cegb_penalty_split: 0]
[cegb_penalty_feature_lazy: ]
[cegb_penalty_feature_coupled: ]
[path_smooth: 0]
[interaction_constraints: ]
[verbosity: 1]
[saved_feature_importance_type: 0]
[use_quantized_grad: 0]
[num_grad_quant_bins: 4]
[quant_train_renew_leaf: 0]
[stochastic_rounding: 1]
[linear_tree: 0]
[max_bin: 63]
[max_bin_by_feature: ]
[min_data_in_bin: 3]
[bin_construct_sample_cnt: 200000]
[data_random_seed: 20260812]
[is_enable_sparse: 1]
[enable_bundle: 1]
[use_missing: 1]
[zero_as_missing: 0]
[feature_pre_filter: 1]
[pre_partition: 0]
[two_round: 0]
[header: 0]
[label_column: ]
[weight_column: ]
[group_column: ]
[ignore_column: ]
[categorical_feature: ]
[forcedbins_filename: ]
[precise_float_parser: 0]
[parser_config_file: ]
[objective_seed: 27057]
[num_class: 1]
[is_unbalance: 0]
[scale_pos_weight: 1]
[sigmoid: 1]
[boost_from_average: 1]
[reg_sqrt: 0]
[alpha: 0.9]
[fair_c: 1]
[poisson_max_delta_step: 0.7]
[tweedie_variance_power: 1.5]
[lambdarank_truncation_level: 30]
[lambdarank_norm: 1]
[label_gain: ]
[lambdarank_position_bias_regularization: 0]
[eval_at: ]
[multi_error_top_k: 1]
[auc_mu_weights: ]
[num_machines: 1]
[local_listen_port: 12400]
[time_out: 120]
[machine_list_filename: ]
[machines: ]
[gpu_platform_id: 0]
[gpu_device_id: 0]
[gpu_use_dp: 1]
[num_gpu: 1]

end of parameters

pandas_categorical:null
