tree
version=v4
num_class=1
num_tree_per_iteration=1
label_index=0
max_feature_idx=157
objective=regression
feature_names=KMID KLEN KMID2 KUP KUP2 KLOW KLOW2 KSFT KSFT2 OPEN0 HIGH0 LOW0 VWAP0 ROC5 ROC10 ROC20 ROC30 ROC60 MA5 MA10 MA20 MA30 MA60 STD5 STD10 STD20 STD30 STD60 BETA5 BETA10 BETA20 BETA30 BETA60 RSQR5 RSQR10 RSQR20 RSQR30 RSQR60 RESI5 RESI10 RESI20 RESI30 RESI60 MAX5 MAX10 MAX20 MAX30 MAX60 MIN5 MIN10 MIN20 MIN30 MIN60 QTLU5 QTLU10 QTLU20 QTLU30 QTLU60 QTLD5 QTLD10 QTLD20 QTLD30 QTLD60 RANK5 RANK10 RANK20 RANK30 RANK60 RSV5 RSV10 RSV20 RSV30 RSV60 IMAX5 IMAX10 IMAX20 IMAX30 IMAX60 IMIN5 IMIN10 IMIN20 IMIN30 IMIN60 IMXD5 IMXD10 IMXD20 IMXD30 IMXD60 CORR5 CORR10 CORR20 CORR30 CORR60 CORD5 CORD10 CORD20 CORD30 CORD60 CNTP5 CNTP10 CNTP20 CNTP30 CNTP60 CNTN5 CNTN10 CNTN20 CNTN30 CNTN60 CNTD5 CNTD10 CNTD20 CNTD30 CNTD60 SUMP5 SUMP10 SUMP20 SUMP30 SUMP60 SUMN5 SUMN10 SUMN20 SUMN30 SUMN60 SUMD5 SUMD10 SUMD20 SUMD30 SUMD60 VMA5 VMA10 VMA20 VMA30 VMA60 VSTD5 VSTD10 VSTD20 VSTD30 VSTD60 WVMA5 WVMA10 WVMA20 WVMA30 WVMA60 VSUMP5 VSUMP10 VSUMP20 VSUMP30 VSUMP60 VSUMN5 VSUMN10 VSUMN20 VSUMN30 VSUMN60 VSUMD5 VSUMD10 VSUMD20 VSUMD30 VSUMD60
feature_infos=[-0.16749253869056702:0.23587034642696381] [0:0.33308270573616028] [-1:1] [0:0.27153289318084717] [0:1] [0:0.21718749403953552] [0:1] [-0.31147539615631104:0.23587034642696381] [-1:1] [0.80914634466171265:1.2011904716491699] [1:1.365384578704834] [0.7725520133972168:1] [0.90894031524658203:1.0927579402923584] [0.57777780294418335:1.6790908575057983] [0.54954206943511963:1.8924485445022583] [0.46860837936401367:2.2146341800689697] [0.46312057971954346:2.740487813949585] [0.36440131068229675:2.649662971496582] [0.74611109495162964:1.3455072641372681] [0.65066665410995483:1.4951817989349365] [0.60133224725723267:1.7117466926574707] [0.56646168231964111:1.9959673881530762] [0.4937971830368042:1.8649090528488159] [0:0.26957115530967712] [0:0.32280367612838745] [0:0.36472421884536743] [0:0.57258552312850952] [0:0.50059491395950317] [-0.16409091651439667:0.12254486232995987] [-0.11048160493373871:0.12254486232995987] [-0.11048160493373871:0.12254486232995987] [-0.11048160493373871:0.12254486232995987] [-0.11048160493373871:0.12254486232995987] [0:1] [0:1] [0:1] [0:1] [0:1] [-0.15193372964859009:0.13264167308807373] [-0.24554997682571411:0.20802642405033112] [-0.40848860144615173:0.27864286303520203] [-0.44566619396209717:0.33016127347946167] [-0.96870207786560059:0.3971981406211853] [1:1.6472727060317993] [1:1.9298244714736938] [1:2.2439024448394775] [1:3.3160974979400635] [1:3.3160974979400635] [0.5718809962272644:1] [0.54045307636260986:1] [0.4660193920135498:1] [0.43721681833267212:1] [0.33789625763893127:1] [0.86334514617919922:1.4843636751174927] [0.72140765190124512:1.7869091033935547] [0.59200000762939453:2.054157018661499] [0.56569522619247437:2.423609733581543] [0.56576049327850342:2.3250908851623535] [0.60694897174835205:1.2689855098724365] [0.54922223091125488:1.4057971239089966] [0.49352750182151794:1.5574545860290527] [0.47533980011940002:1.5740000009536743] [0.38890489935874939:1.5950908660888672] [0.20000000298023224:1] [0.10000000149011612:1] [0.05000000074505806:1] [0.033333335071802139:1] [0.01666666753590107:1] [0:1] [0:1] [0:1] [0:1] [0:1] [0.20000000298023224:1] [0.10000000149011612:1] [0.05000000074505806:1] [0.033333335071802139:1] [0.01666666753590107:1] [0.20000000298023224:1] [0.10000000149011612:1] [0.05000000074505806:1] [0.033333335071802139:1] [0.01666666753590107:1] [-0.80000001192092896:0.80000001192092896] [-0.89999997615814209:0.89999997615814209] [-0.94999998807907104:0.94999998807907104] [-0.96666663885116577:0.96666663885116577] [-0.98333334922790527:0.98333334922790527] [-1:1] [-1:1] [-1:1] [-1:1] [-1:1] [-1:1] [-1:1] [-1:1] [-1:1] [-1:1] [0:1] [0:1] [0:0.90909093618392944] [0:0.90909093618392944] [0:0.90909093618392944] [0:1] [0:1] [0:0.89999997615814209] [0:0.8571428656578064] [0:0.8571428656578064] [-1:1] [-1:1] [-0.83333331346511841:0.90909093618392944] [-0.83333331346511841:0.90909093618392944] [-0.83333331346511841:0.90909093618392944] [0:1] [0:1] [0:1] [0:1] [0:1] [0:1] [0:1] [0:1] [0:1] [0:1] [-1:1] [-1:1] [-1:1] [-1:1] [-1:1] [0.20013266801834106:26452.083984375] [0.10012400150299072:23627.859375] [0.050104878842830658:26698.134765625] [0.033777147531509399:28136.5] [0.017187755554914474:26107.111328125] [0.00080492562847211957:59102.5] [0.0021778203081339598:49210.34375] [0.0021778203081339598:56418.4921875] [0.0021778203081339598:57003.12109375] [0.0021778203081339598:42065.70703125] [0:2.2360680103302002] [0:3.1615598201751709] [0:4.4708261489868164] [0:5.4656624794006348] [0:7.5986995697021484] [0:1] [0:1] [0:1] [0:1] [0:1] [0:1] [0:1] [0:1] [0:1] [0:1] [-1:1] [-1:1] [-1:1] [-1:1] [-1:1]
tree_sizes=3075 3047 2991 3085 3103 3008 3053 3087 2953 3069 3019 3029 3088 3088 3079 3022 3043 3010 3005 3034 3087 3030 3088 3120 3010 3131 3057 3078 3117 3085 3122 3061 3009 2979 3048 3044 3085 2989 3073 3081 3028 3074 3096 2963 3123 3094 2993 3100 3086 3119 3115

Tree=0
num_leaves=31
num_cat=0
split_feature=16 57 31 26 37 24 33 10 52 23 10 12 113 13 32 35 140 44 81 81 18 51 55 26 45 33 23 111 5 32
split_gain=165.867 146.43 113.921 112.766 110.982 110.658 88.4912 89.386 121.292 80.1479 81.3176 78.374 71.0548 68.058 67.214 55.5209 53.628 46.9186 43.7848 42.3215 33.5244 33.6357 32.3069 28.2722 27.4282 31.7755 43.8341 37.0374 26.0988 25.8597
threshold=1.2346542477607729 0.80647325515747081 0.0095289275050163286 0.020062280818820003 0.14462764561176303 0.034448850899934776 0.26196105778217321 1.0185207128524782 0.88825049996376049 0.030642930418252948 1.0205888748168948 0.98766008019447338 0.5909089744091035 0.98519518971443187 -0.0045199193991720668 0.54149273037910473 0.72682881355285656 1.0387170314788821 0.25000000745058065 0.61666667461395275 1.0281723737716677 0.7485843598842622 0.96224442124366771 0.017211492173373703 1.1521465182304385 0.92346403002738964 0.016198301687836651 -0.13484849035739896 0.0038759874878451232 0.003969060257077218
decision_type=10 8 10 10 10 10 8 10 10 10 10 10 8 8 10 10 10 10 2 2 10 10 8 10 10 10 10 2 10 10
left_child=1 11 3 12 -4 9 14 13 -9 10 -6 18 -3 -8 19 -2 -17 -16 -1 -5 29 -22 23 -14 -18 26 -26 -28 -24 -7
right_child=15 2 4 6 5 20 7 8 -10 -11 -12 -13 22 -15 17 16 24 -19 -20 -21 21 -23 28 -25 25 -27 27 -29 -30 -31
leaf_value=-0.0070299563812533947 8.3740389401053701e-05 0.00011763469755394893 0.024588596861009622 -0.0011656949807919835 0.0025225089997824401 0.0015140547172372816 -0.0013411603524544609 0.0034587487454208489 -0.0003094930709709942 0.026045622236029062 0.018120055736381289 -0.0035018162437992434 9.8532876985401508e-10 9.9169920010680945e-05 -0.00092572660134413679 -0.0029305580227365824 9.8532876985401508e-10 -0.0026611911480191254 -0.028485754722572809 0.0062355510542624884 0.018603699996361918 9.8532876985401508e-10 0.0025750921684167018 0.01597563084185602 9.8532876985401508e-10 0.0021736328036172231 0.018330773007299662 0.0052622429267247962 0.00061823727533530728 -0.00608259234605727
leaf_weight=215 923 46262 226 1109 1506 539 49370 13490 17533 197 382 692 144 72547 33138 250 174 25353 256 1595 114 170 18096 260 184 342 1038 352 9991 1087
leaf_count=215 923 46262 226 1109 1506 539 49370 13490 17533 197 382 692 144 72547 33138 250 174 25353 256 1595 114 170 18096 260 184 342 1038 352 9991 1087
internal_value=-4.60389e-05 -0.000121845 -7.82953e-05 -0.00015095 0.00480073 0.00348969 -0.000502027 -0.000114071 0.00132059 0.00825915 0.00599246 -0.0106571 0.000850589 -0.000481752 -0.00146636 0.00665822 0.00910168 -0.00168375 -0.019988 0.00310365 -0.00159295 0.00727852 0.00202928 0.0104178 0.0106973 0.0117246 0.0135583 0.0153557 0.00189062 -0.00339433
internal_weight=297535 294272 293109 288888 4221 3995 214135 152940 31023 2085 1888 1163 74753 121917 61195 3263 2340 58491 471 2704 1910 284 28491 404 2090 1916 1574 1390 28087 1626
internal_count=297535 294272 293109 288888 4221 3995 214135 152940 31023 2085 1888 1163 74753 121917 61195 3263 2340 58491 471 2704 1910 284 28491 404 2090 1916 1574 1390 28087 1626
is_linear=0
shrinkage=1


Tree=1
num_leaves=31
num_cat=0
split_feature=16 57 29 57 40 12 121 33 120 61 42 6 139 57 46 38 69 125 16 33 30 69 140 111 38 86 11 53 29 38
split_gain=159.961 97.7214 91.1775 103.918 98.8226 78.7041 69.8032 99.555 65.8889 76.6808 65.4946 95.8944 75.7717 66.3263 61.3121 64.6225 81.1577 69.4952 57.8188 50.2172 51.4767 46.0352 42.4951 50.4341 42.7834 42.2592 41.6503 39.1505 37.4122 44.1383
threshold=1.2346542477607729 0.80647325515747081 -0.00162652664585039 1.168602526187897 -0.030142763629555699 0.98766008019447338 0.34670157730579382 0.41193936765193945 0.25773195922374731 0.76175254583358776 -0.08380549773573874 0.090909384191036238 0.70722106099128734 1.0517790317535403 1.0829616189002993 0.017799356952309612 0.24285699427127841 -0.12781944870948789 0.72276085615158092 0.97336161136627208 -0.0060110881458967915 0.42187501490116125 0.7691190540790559 -0.13484849035739896 -0.0024737779749557372 -0.516666680574417 0.93813776969909679 1.0436638593673708 -0.00024719716748222703 0.01113310130313039
decision_type=10 8 8 10 8 10 10 10 8 8 10 10 10 10 10 8 10 8 8 10 10 10 10 2 10 2 10 10 10 10
left_child=1 5 10 4 6 -1 27 -8 18 -10 11 -3 13 -13 -12 16 -16 -17 -6 20 22 -14 -2 24 -24 28 -26 -4 -5 -30
right_child=19 2 3 25 8 -7 7 -9 9 -11 14 12 21 -15 15 17 -18 -19 -20 -21 -22 -23 23 -25 26 -27 -28 -29 29 -31
leaf_value=-0.018285047679747719 0 -0.0027568971917234755 0.0055036236018501912 0 -0.012718746824754112 -0.0016718910610257457 -0.0036839214282468826 0.0043408695725737703 0.0091283368234232522 0.00020695862356423376 -0.00010150909680759119 0.021178976392761294 0.0028258103553971221 0.0051599174395981148 -0.00099856519019898859 -0.00051677265659112357 -0.003475126152636121 0.0091753143696361884 -0.001592052362199013 -0.010864522647588772 0.00025973405232492842 -0.010188771652411669 0.019663099778428332 0.002610412524927312 0.023905045523801269 0.00083040398021579694 0.004334033429807798 0.015774072646800915 0.0099634574829576602 -0.0022263195382042243
leaf_weight=453 363 2843 1722 597 427 671 2007 4265 854 153631 45863 369 4744 817 37380 1825 17858 982 11806 113 794 230 712 556 116 1758 663 484 2159 253
leaf_count=453 363 2843 1722 597 427 671 2007 4265 854 153631 45863 369 4744 817 37380 1825 17858 982 11806 113 794 230 712 556 116 1758 663 484 2159 253
internal_value=-4.79306e-06 -7.99287e-05 -4.47137e-05 0.000373458 0.000252462 -0.00883226 0.00340913 0.00172176 8.97496e-05 0.000259393 -0.000713821 0.00172664 0.00384667 0.0106613 -0.00092845 -0.00157641 -0.00180561 0.00280871 -0.00202505 0.00652542 0.00729538 0.00212554 0.00946868 0.0111312 0.0140335 0.00473798 0.00814923 0.00801323 0.00690137 0.0085537
internal_weight=297315 293998 292874 179963 175196 1124 8478 6272 166718 154485 112911 9003 6160 1186 103908 58045 55238 2807 12233 3317 3204 4974 2410 2047 1491 4767 779 2206 3009 2412
internal_count=297315 293998 292874 179963 175196 1124 8478 6272 166718 154485 112911 9003 6160 1186 103908 58045 55238 2807 12233 3317 3204 4974 2410 2047 1491 4767 779 2206 3009 2412
is_linear=0
shrinkage=0.03


Tree=2
num_leaves=31
num_cat=0
split_feature=16 26 40 71 50 61 12 36 140 28 118 29 22 42 1 49 113 79 110 7 23 23 40 45 18 17 82 91 116 44
split_gain=152.384 102.247 86.8882 123.92 100.61 124.405 83.1876 75.2245 72.9099 72.0816 67.6266 66.6671 141.151 82.4984 57.61 66.4697 99.4526 51.4097 47.3026 57.5023 44.4292 44.1508 40.0918 44.0877 39.7593 40.4995 37.0567 34.9542 30.9697 30.0091
threshold=1.2346542477607729 0.020062280818820003 -0.030142763629555699 0.58620759844779979 0.72665852308273327 0.73611807823181163 0.9827217459678651 0.80280810594558727 0.72682881355285656 -0.016411625780165192 0.40000058710575109 -0.00073323806282132853 1.0942281484603884 -0.093140352517366395 0.054819600656628616 0.8196873962879182 0.24347840249538424 0.84999999403953563 0.34166666865348821 -0.044275233522057526 0.025842452421784404 0.017025897279381755 -0.066464230418205247 1.1282966136932375 0.95469510555267345 0.75899025797843944 0.17500000447034839 0.64960959553718578 0.35151512920856481 1.0098591446876528
decision_type=10 10 10 10 10 10 10 10 10 10 10 10 10 10 10 10 10 2 2 10 10 10 10 10 10 10 2 10 10 10
left_child=1 10 3 14 6 -6 27 -2 -9 -5 20 13 -13 -7 15 16 -3 -17 19 -11 -1 -10 28 -24 25 -8 -26 -4 -16 -22
right_child=7 2 4 9 5 11 24 8 21 18 -12 12 -14 -15 22 17 -18 -19 -20 -21 29 -23 23 -25 26 -27 -28 -29 -30 -31
leaf_value=0.001929414123096879 0.0017748035344282787 0.027856055068609824 -0.0045683956805362613 0.014309060763199162 0.015976056100043934 0.0034408907263755303 -0.01691159853094765 -0.0038890732878737368 0 0.018841119344510576 0.00019893878084025247 -0.00029347869677087847 0.0056943054406859376 -0.001413152539687799 0.012849921918029642 -0.0038858077236423216 -0.0066259658906492403 0 -0.0016196157787047331 0.0038619350968127639 0.020789519305204125 0.015534545859335277 0 0.012328265279545609 -0.010335089462212951 0.00044972955513830214 0.0073963093439870561 -0.026603631757359993 -0.0029898222284254566 0
leaf_weight=27717 1724 157 145 602 388 3228 257 215 171 235 46873 103662 3647 80046 112 3991 100 12850 1279 5929 174 1225 335 771 119 156 361 259 660 117
leaf_count=27717 1724 157 145 602 388 3228 257 215 171 235 46873 103662 3647 80046 112 3991 100 12850 1279 5929 174 1225 335 771 119 156 361 259 660 117
internal_value=1.88807e-05 -5.26107e-05 -0.000380408 0.00120823 -0.000605336 -0.000546616 -0.00888394 0.00637705 0.011036 0.0043243 0.000903184 -0.0005835 -8.61598e-05 -0.00122061 -0.000100212 -0.000665375 0.0138462 -0.000920781 0.00344034 0.00454061 0.00207009 0.013569 0.00483997 0.00845751 -0.00320257 -0.0099431 0.00216283 -0.019991 -4.65776e-05 0.013519
internal_weight=297505 294170 219289 27021 192268 190971 1297 3335 1611 8045 74881 190583 107309 83274 18976 17098 257 16841 7443 6164 28008 1396 1878 1106 893 413 480 404 772 291
internal_count=297505 294170 219289 27021 192268 190971 1297 3335 1611 8045 74881 190583 107309 83274 18976 17098 257 16841 7443 6164 28008 1396 1878 1106 893 413 480 404 772 291
is_linear=0
shrinkage=0.03


Tree=3
num_leaves=31
num_cat=0
split_feature=16 26 27 56 14 44 1 33 16 13 45 34 86 13 36 1 115 39 14 28 13 115 16 26 1 15 3 77 39 23
split_gain=137.673 100.819 83.6764 101.281 155.344 85.4644 70.3519 70.2912 71.6026 66.0947 58.9033 56.2038 55.7326 78.2645 49.4729 59.292 76.28 49.0621 45.0729 45.7877 44.5233 44.2688 51.4962 46.0458 42.7357 41.7384 36.5927 34.2638 33.7239 32.3724
threshold=1.2346542477607729 0.021427014842629436 0.074295725673437132 0.93045726418495189 0.81529909372329723 1.0359644293785097 0.059044299647212035 0.25649750232696539 0.74123394489288341 0.83576813340187084 1.0304878354072573 0.28668528795242315 0.75000000000000011 0.97757849097251903 0.80280810594558727 0.054819600656628616 0.2995735108852387 0.064515970647335066 0.88866290450096141 -0.0028915769653394814 0.92677509784698497 0.69103735685348522 0.74123394489288341 0.072523187845945372 0.036363659426569946 0.88771820068359386 0.015133127104490997 0.19166667014360431 -0.026480752043426033 0.026563626714050773
decision_type=10 10 10 10 10 10 10 8 8 8 10 10 2 8 10 10 10 10 8 10 10 10 10 10 10 10 10 2 10 10
left_child=1 10 7 5 28 21 11 18 -9 -7 29 -6 13 -10 -2 16 27 -8 20 -20 -3 23 -23 -4 -12 -21 -14 -16 -5 -1
right_child=14 2 3 4 6 9 17 8 12 -11 24 -13 26 -15 15 -17 -18 -19 19 25 -22 22 -24 -25 -26 -27 -28 -29 -30 -31
leaf_value=0.0014675211816449379 0.0022590028674599944 -0.0039368924327862322 -5.5431982664310408e-05 0.022800138315358081 0.0018852912036120756 0.0016888209937742965 0.0066710214391727052 -0.013765975213077963 -0.0019721444467381334 -0.018769137535360039 0.00015699406517436391 -0.00042360530952191669 0.00095825485686866453 -6.3793675958149281e-05 -0.0066442325386651645 0.019036610473036099 0.015708065533987303 -0.0083156603551820737 -0.0048561000579668686 -0.0052157212159019035 0.011180359554650672 -0.010561813178886239 0.0036624469231690995 0.020188281079213465 -0.0056266401284392024 -0.0012781692141032427 0.0065892659766972868 0.0062722476749884088 0.0028433172600100163 0.010270823948691143
leaf_weight=44192 1659 229 210 337 15759 150 2516 338 26104 559 42221 23435 13261 75876 364 468 401 179 4260 2641 452 521 343 135 1162 37685 1140 333 152 372
leaf_count=44192 1659 229 210 337 15759 150 2516 338 26104 559 42221 23435 13261 75876 364 468 401 179 4260 2641 452 521 343 135 1162 37685 1140 333 152 372
internal_value=4.11324e-06 -6.26509e-05 -0.000426191 0.0007256 0.00103788 -0.00595886 0.00082978 -0.000743057 -0.000350526 -0.0141018 0.000786535 0.000497586 -0.000306628 -0.00055551 0.00615055 0.0100036 0.00561343 0.00551119 -0.00174796 -0.00187097 0.00570163 -0.000787664 -0.00462044 0.00771626 0 -0.00154594 0.00143334 -5.1997e-05 0.0175417 0.00155231
internal_weight=297454 294229 206282 44296 42378 1918 41889 161986 116719 709 87947 39194 116381 101980 3225 1566 1098 2695 45267 44586 681 1209 864 345 43383 40326 14401 697 489 44564
internal_count=297454 294229 206282 44296 42378 1918 41889 161986 116719 709 87947 39194 116381 101980 3225 1566 1098 2695 45267 44586 681 1209 864 345 43383 40326 14401 697 489 44564
is_linear=0
shrinkage=0.03


Tree=4
num_leaves=31
num_cat=0
split_feature=16 11 30 16 60 28 52 56 53 70 35 120 21 30 25 74 49 102 33 36 33 42 0 16 62 32 73 26 25 5
split_gain=118.949 111.82 94.1773 106.94 84.6169 69.8386 80.2688 92.1557 68.9187 62.4217 59.7194 59.477 75.8884 68.5222 64.8682 52.497 45.0176 72.1478 53.1786 51.4621 43.3002 40.9069 72.9515 61.0337 59.8039 49.1329 49.013 43.8118 35.6939 47.6263
threshold=1.2157111763954165 0.92475160956382763 -0.00042474368819966907 0.93269440531730663 0.77971434593200695 -0.0094511965289711935 0.7420794963836671 0.92296248674392711 1.0381771326065066 0.43333370983600622 0.1763018146157265 0.25773195922374731 0.9162404239177705 0.008132390212267639 0.021359666250646118 0.15000000223517421 0.94075712561607372 0.41742423176765447 0.56458929181098949 0.80595400929451 0.96925899386405956 -0.0013626196305267511 0.011392403393983843 1.118340849876404 0.82340547442436229 0.0011967705213464799 0.90000000596046459 0.023315735161304477 0.026386982761323455 0.012419485487043859
decision_type=10 8 8 8 10 8 10 10 10 10 10 8 8 10 10 2 10 2 10 10 10 10 10 10 10 10 10 10 8 10
left_child=1 4 3 10 -1 6 7 -4 -9 -8 15 28 13 -13 -14 -3 17 -2 -18 -20 -21 22 25 27 -24 -5 -25 -23 -7 -30
right_child=16 2 5 21 -6 11 9 8 -10 -11 -12 12 14 -15 -16 -17 18 -19 19 20 -22 23 24 26 -26 -27 -28 -29 29 -31
leaf_value=-0.022297500256571734 0.018249310152979443 0.0049214418807549632 -0.014246848462006219 -0.0008445094500102951 -0.0027829924908760266 0.00079253489761612543 -0.00026852524728649747 1.1972781403474847e-05 0.012282208952489722 0.0045194976042634517 -0.0092378892284469948 0.0051805682945797182 0.00084762744711654962 7.9850994795365783e-05 -0.00055897997294099191 -0.0047496243056425747 -0.0026212547708169692 0.003248768781768083 0 0.011386386160914015 -0.0062117241398387014 0.0011887350793532289 -0.01267829082427673 0.0066683383909085566 -0.0024604862521690582 0.00097553335520021809 -0.0006365906726799414 -0.00099862595686194921 -0.0037231049486384817 0.0015112262449522224
leaf_weight=329 515 665 136 66341 586 3627 6827 614 1637 3712 1916 5550 68444 4339 51613 1742 1030 786 902 1096 106 14807 539 2309 11933 16557 1167 18520 7539 1869
leaf_count=329 515 665 136 66341 586 3627 6827 614 1637 3712 1916 5550 68444 4339 51613 1742 1030 786 902 1096 106 14807 539 2309 11933 16557 1167 18520 7539 1869
internal_value=-1.26921e-05 -8.75856e-05 -5.3429e-05 -0.000629705 -0.0104474 0.000449191 0.00256179 0.00753498 0.00909697 0.00139485 -0.00526876 0.000255775 0.000451456 0.00297748 0.00024043 -0.00193558 0.00485136 0.00960022 0.00273651 0.00550059 0.00951271 -0.000474932 -0.000803737 0.000368948 -0.00294567 -0.000477231 0.00414043 -1.76673e-05 -0.0016697 -0.00265043
internal_weight=297753 293318 292403 136496 915 155907 12926 2387 2251 10539 4323 142981 129946 9889 120057 2407 4435 1301 3134 2104 1202 132173 95370 36803 12472 82898 3476 33327 13035 9408
internal_count=297753 293318 292403 136496 915 155907 12926 2387 2251 10539 4323 142981 129946 9889 120057 2407 4435 1301 3134 2104 1202 132173 95370 36803 12472 82898 3476 33327 13035 9408
is_linear=0
shrinkage=0.03


Tree=5
num_leaves=31
num_cat=0
split_feature=16 26 40 36 50 18 113 31 62 7 15 14 71 104 14 83 10 30 140 78 36 0 138 23 1 14 113 23 81 17
split_gain=118.954 89.2995 96.1127 124.127 107.66 90.4666 76.2497 61.5756 96.5631 165.326 63.0707 59.7362 54.5139 54.7071 54.2087 52.6182 51.8859 49.541 55.3115 44.8627 44.7109 43.3112 39.0816 37.6838 35.8311 39.5953 35.0468 33.9395 33.9028 28.5598
threshold=1.2157111763954165 0.021427014842629436 -0.030740197747945782 0.82249087095260631 0.69031959772109996 0.95469510555267345 0.5909089744091035 0.010280944872647526 0.68567064404487621 0.029411713592708114 0.75119632482528698 0.92396757006645214 0.54761901497840892 0.38750000298023229 0.81529909372329723 -0.50000001490116108 1.0244289636611941 -0.0071807033382356158 0.81320852041244518 0.30000000447034841 0.79590147733688366 0.040448473766446121 0.85173159837722789 0.02698545623570681 0.036363659426569946 1.0082819461822512 0.91111046075820934 0.017025897279381755 0.45000000298023229 1.081861197948456
decision_type=10 10 10 10 10 10 8 10 10 10 10 8 10 2 10 10 10 10 10 10 10 10 10 10 8 8 10 10 2 8
left_child=1 6 3 12 5 22 24 8 9 -6 21 -10 13 -3 -15 16 -14 18 -2 -12 -20 -9 -4 29 -1 -26 -25 -22 -17 -8
right_child=17 2 4 -5 7 -7 23 10 11 -11 19 -13 15 14 -16 28 -18 -19 20 -21 27 -23 -24 26 25 -27 -28 -29 -30 -31
leaf_value=0.00015604135124055833 -7.4841483566398225e-05 -0.0099041122980173292 -0.0037892787099669751 0.0081701912237863179 -0.012821583594598297 0.0019887615044521913 0.0022276170886609092 0.0020855272428410686 0.0011883609110098258 0.0065384346560065183 0 -0.00075820300182393515 0.0028932790524731659 0.013425364417542135 -0.00023817799228105632 -0.00061682020125917146 0.011410714090587254 0.00024108931708078927 0.0037465205417543208 0.015838760407853196 0 -0.01761692800330121 -0.027231881386544182 0.018231813367686152 -0.013599215961651432 -0.001278719134792762 0 0.015015012932433489 0.0070053878057795326 0.00010879608545117841
leaf_weight=52847 646 499 132 2164 1379 203 25352 506 15435 517 233 160499 2240 246 14856 3486 991 1482 913 541 189 101 278 223 332 927 128 1123 591 7788
leaf_count=52847 646 499 132 2164 1379 203 25352 506 15435 517 233 160499 2240 246 14856 3486 991 1482 913 541 189 101 278 223 332 927 128 1123 591 7788
internal_value=4.71032e-06 -6.77013e-05 -0.000411374 0.00132404 -0.000655133 -0.0130293 0.000732664 -0.000609683 -0.000660479 -0.00737278 0.00563313 -0.000585607 0.000657706 -0.000327266 0 0.0027965 0.00565212 0.00491697 0.00720851 0.0112427 0.0094386 -0.00117171 -0.0209095 0.00185737 3.05134e-05 -0.00492406 0.0115195 0.0130587 0.000443671 0.0017391
internal_weight=296847 292494 204897 25073 179824 613 87597 179211 177830 1896 1381 175934 22909 15601 15102 7308 3231 4353 2871 774 2225 607 410 33491 54106 1259 351 1312 4077 33140
internal_count=296847 292494 204897 25073 179824 613 87597 179211 177830 1896 1381 175934 22909 15601 15102 7308 3231 4353 2871 774 2225 607 410 33491 54106 1259 351 1312 4077 33140
is_linear=0
shrinkage=0.03


Tree=6
num_leaves=31
num_cat=0
split_feature=32 86 33 26 12 60 22 58 32 35 1 54 31 142 52 49 56 109 86 53 50 25 15 30 36 23 107 22 1 138
split_gain=90.0962 92.4337 84.8775 75.7354 101.366 130.918 86.2463 125.583 88.9727 70.3397 64.6033 62.6642 61.5465 67.7178 61.3145 63.9902 55.788 50.9227 50.1022 48.0392 58.5196 46.0898 44.6392 61.1623 45.1443 42.3657 41.0889 40.9733 38.6901 41.0731
threshold=-0.0048612528480589381 -0.58333334326744068 0.92942845821380626 0.021686971187591556 1.001037657260895 0.73079699277877819 0.9788377881050111 1.0088573694229128 0.0064158174209296712 0.82404759526252758 0.032089291140437133 1.0152363181114199 0.011539791710674764 2.8422130346298222 0.65631070733070385 0.97914698719978344 0.93650057911872875 0.77500000596046459 -0.81666666269302357 0.97930344939231884 0.8341621756553651 0.049189971759915359 1.1324943304061892 -0.00049357727402821172 0.59507241845130932 0.02837342489510775 0.36451049149036413 1.0031567215919497 0.076539885252714171 0.74288830161094677
decision_type=10 2 10 10 10 10 10 10 10 10 10 10 10 8 10 10 10 2 2 10 10 10 10 10 10 8 2 10 10 10
left_child=1 2 19 11 5 16 7 8 17 18 -10 25 22 26 15 -9 -5 -6 21 -1 -21 -8 23 -7 -24 -2 -14 -20 29 -22
right_child=3 -3 -4 4 6 12 9 14 10 -11 -12 -13 13 -15 -16 -17 -18 -19 27 20 28 -23 24 -25 -26 -27 -28 -29 -30 -31
leaf_value=-0.0029196440494440854 0.0011717658437471192 0.00026716157283371381 -0.005120254814184151 -0.019510533868715318 0.00095302389447694986 -0.0019076731158025333 -0.0033362376846566874 0.0049066437204289088 0.00014864944029254187 0.0023844625772425081 -0.011633354807360163 -0.00044766619612632237 0 -0.0064701164544626018 0.0044688732679682812 0.028315570675080049 0 0.012436499900741284 -0.0021969206928699292 0.020010737058196143 0.00045533814056088347 0.0058734522841055173 -0.0030024512252897363 -0.00043274416253126871 0.0046932318874820366 0.012261987195244796 0.015683378341957883 0.00016552176120154867 0.018319063746596944 0.0082287015413218725
leaf_weight=314 58485 5966 501 470 24514 46696 8392 297 707 7366 857 29667 243 234 5580 200 189 338 8189 370 990 479 904 56706 2327 298 504 33017 259 2060
leaf_count=314 58485 5966 501 470 24514 46696 8392 297 707 7366 857 29667 243 234 5580 200 189 338 8189 370 990 479 904 56706 2327 298 504 33017 259 2060
internal_value=3.89668e-05 0.00277168 0.00601417 -5.98881e-05 -0.000386585 -0.00100555 0.000355305 0.00159167 0.000682379 -0.000339142 -0.00618332 0.000668742 -0.000919536 0.00644615 0.00547983 0.015638 -0.0141689 0.00113114 -0.000746547 0.00750452 0.00848629 -0.00279311 -0.000991308 -0.00110196 0.00244256 0.00123724 0.0109466 -0.000297535 0.00699508 0.00582267
internal_weight=297119 10460 4494 286659 198209 108273 89936 32493 26416 57443 1564 88450 107614 981 6077 497 659 24852 50077 3993 3679 8871 106633 103402 3231 58783 747 41206 3309 3050
internal_count=297119 10460 4494 286659 198209 108273 89936 32493 26416 57443 1564 88450 107614 981 6077 497 659 24852 50077 3993 3679 8871 106633 103402 3231 58783 747 41206 3309 3050
is_linear=0
shrinkage=0.03


Tree=7
num_leaves=31
num_cat=0
split_feature=16 26 38 50 51 83 13 38 14 27 16 34 26 33 36 42 5 44 113 33 30 59 23 58 137 141 38 13 54 35
split_gain=119.541 78.5801 89.2048 118.906 113.482 108.46 88.3113 58.917 76.7153 67.5842 51.8265 143.179 61.5543 51.3329 55.1855 46.0176 85.5144 65.0134 43.8919 38.1299 43.5829 32.7697 29.7273 28.3161 28.1225 42.2611 30.9216 27.7954 24.9775 24.3458
threshold=1.2346542477607729 0.019930385984480384 -0.0010238760733045635 0.69031959772109996 0.64709019660949718 -1.0000000180025095e-35 0.89458343386650097 0.017799356952309612 0.81529909372329723 0.14594832062721255 0.66539305448532116 0.64518460631370556 0.069804321974515929 0.36156468093395239 0.38152875006198889 -0.093140352517366395 0.015193663071841003 1.0485348105430605 0.5909089744091035 0.97336161136627208 -0.0069339359179139129 0.94022339582443248 0.016428464092314247 0.95263156294822704 0.55574238300323497 1.0036532282829287 -0.004006168106570839 0.98130065202713024 1.028713643550873 0.75083842873573314
decision_type=10 10 10 10 10 10 10 10 8 10 8 10 10 10 10 10 10 8 8 10 10 10 10 8 10 10 10 10 10 10
left_child=1 18 10 5 6 -4 -5 8 -6 -9 11 -3 15 28 -15 16 -12 -17 29 20 22 -8 -2 -20 25 -24 -27 -25 -14 -1
right_child=19 2 3 4 7 -7 21 9 -10 -11 12 -13 13 14 -16 17 -18 -19 23 -21 -22 -23 24 27 -26 26 -28 -29 -30 -31
leaf_value=-2.3576100615576074e-05 -0.00069795319179121774 0.011858242449893044 0.0053404736794654831 -0.0034433143742671102 0.011718338399375118 -0.021340875578296867 0.033845315838904953 0.0010143921023205011 -0.0011154161724410488 0.014458831455733484 0.0019685524472899014 -0.020437638802915555 0.0018606944039979971 -0.0034072380690308543 0.0057701120712498099 0.00059873501016348841 0.019242591900227323 -0.0011010775568450217 0.008471971295386618 -0.0094997926359311133 0.00067797790359164483 0.006135348146554173 0.0067922963398067571 0.00061081046965390554 0.0032502990131251862 0.026216582615914589 0.0095237805447214389 0.0025436599330483653 -0.0035492558851709811 0.0024330039688438007
leaf_weight=41451 209 162 161 122 397 452 149 6689 111692 341 2961 331 1993 619 4627 56502 272 31533 545 110 954 103 797 14526 556 286 322 13312 1214 3937
leaf_count=41451 209 162 161 122 397 452 149 6689 111692 341 2961 331 1993 619 4627 56502 272 31533 545 110 954 103 797 14526 556 286 322 13312 1214 3937
internal_value=-1.15734e-05 -7.5848e-05 -0.000360538 -0.000912495 -0.00084098 -0.013912 0.0151918 -0.000896378 -0.0010652 0.00174825 0.000298036 -0.00919183 0.000349794 0.00279739 0.00462144 0.000119254 0.00362345 -6.82074e-06 0.000770192 0.00570573 0.00639358 0.0249063 0.00874021 0.00169643 0.00989444 0.0122307 0.0184385 0.00154702 -0.000103565 0.000183881
internal_weight=297325 294091 220320 120106 119493 613 374 119119 112089 7030 100214 493 99721 8453 5246 91268 3233 88035 73771 3234 3124 252 2170 28383 1961 1405 608 27838 3207 45388
internal_count=297325 294091 220320 120106 119493 613 374 119119 112089 7030 100214 493 99721 8453 5246 91268 3233 88035 73771 3234 3124 252 2170 28383 1961 1405 608 27838 3207 45388
is_linear=0
shrinkage=0.03


Tree=8
num_leaves=31
num_cat=0
split_feature=16 57 61 25 10 25 105 16 24 0 37 38 40 11 0 24 82 24 36 1 138 24 39 38 86 115 15 1 113 22
split_gain=117.735 95.3162 76.1943 114.279 99.9049 69.7547 65.2258 63.7003 172.646 97.5267 61.9213 63.0443 60.3379 53.6808 50.9666 47.7796 45.4803 45.1074 43.9848 57.5378 80.4604 46.9422 35.3343 32.791 32.5935 32.3237 30.6258 30.3835 26.054 27.0568
threshold=1.2346542477607729 0.80647325515747081 0.76175254583358776 0.052060935646295554 1.0185207128524782 0.012346642557531597 0.44722221791744238 0.70005577802658092 0.034969897940754897 0.034283297136425979 0.84965670108795177 -0.0015320382663048802 -0.057446666061878197 0.96573406457901012 -0.0016715743113309143 0.024056443013250831 0.17500000447034839 0.021362866275012497 0.80280810594558727 0.054819600656628616 0.63982743024826061 0.043965009972453124 0.018212087452411655 -0.02506238222122192 0.68333333730697643 0.2995735108852387 0.92125985026359569 0.016973120160400871 0.56818154454231273 0.98892197012901317
decision_type=10 8 8 10 10 10 2 8 10 10 10 10 10 10 10 10 2 10 10 10 10 10 10 10 2 10 10 8 8 8
left_child=1 14 3 15 6 27 13 8 22 -10 11 -9 -12 -5 -1 26 -6 -8 -2 20 -20 -21 -7 -18 -16 -22 -3 -4 29 -29
right_child=18 2 5 4 16 7 17 10 9 -11 12 -13 -14 -15 24 -17 23 -19 19 21 25 -23 -24 -25 -26 -27 -28 28 -30 -31
leaf_value=-0.00022730003091622601 0.0020188250893866905 0.019104509415725866 0.0016938183898401698 -0.0095009787551634285 -0.0056629911894825365 0 0.0017621424554714134 0.00024037284874042224 -0.022995655208894919 0.0039371025110469067 0.011194825798279075 -0.00075617220958705794 0.0010820940015641093 0.0074905672520339337 -0.021467300206541827 0.036390508541120928 0 -0.017593343806620292 -0.0078478680480746372 0 0.0038644632771973725 0.022560078457298873 0.019913869168669465 0.01518599886461809 -0.0064007034205229877 0.017199482480873881 0 0.0027362910828872358 0.0015531432939886799 -0.0029524523076897538
leaf_weight=474 1698 142 26741 217 112 165 113 98021 494 128 534 135759 20344 506 293 110 138 335 286 107 491 383 135 641 401 325 136 864 3483 3860
leaf_count=474 1698 142 26741 217 112 165 113 98021 494 128 534 135759 20344 506 293 110 138 335 286 107 491 383 135 641 401 325 136 864 3483 3860
internal_value=1.91916e-05 -4.31066e-05 -7.69373e-06 0.00523791 0.00218057 -5.33195e-05 -0.0033778 -0.000226229 -0.0080212 -0.0170359 -0.000196202 -0.000337065 0.00136557 0.00186851 -0.00852378 0.0198473 0.00972877 -0.0122036 0.00564627 0.00925609 0.0049083 0.01787 0.00962845 0.0124035 -0.013605 0.00981885 0.0102917 0.00120202 -0.000364163 -0.00184162
internal_weight=297436 294146 292978 2450 2062 290528 1171 255580 922 622 254658 233780 20878 723 1168 388 891 448 3290 1592 1102 490 300 779 694 816 278 34948 8207 4724
internal_count=297436 294146 292978 2450 2062 290528 1171 255580 922 622 254658 233780 20878 723 1168 388 891 448 3290 1592 1102 490 300 779 694 816 278 34948 8207 4724
is_linear=0
shrinkage=0.03


Tree=9
num_leaves=31
num_cat=0
split_feature=31 23 30 120 53 121 30 120 121 24 62 34 27 122 53 10 12 120 86 49 1 1 78 12 118 60 17 51 86 60
split_gain=81.4788 103.143 63.7997 78.9778 69.8248 62.0561 60.9669 68.0252 60.6674 67.781 58.678 57.1283 55.6202 54.2131 50.6133 49.5894 49.3567 47.3638 51.0241 58.541 50.2036 48.9963 45.2528 40.6492 52.9111 37.7379 36.7515 36.6149 35.7736 34.1023
threshold=-0.0082896822132170183 0.081776939332485213 -0.00042474368819966907 0.25773195922374731 1.0618234276771548 0.43434332311153417 -0.0014561499701812861 0.47916673123836523 0.29397556185722357 0.050488414242863662 1.0483878254890444 0.88410863280296337 0.08576016873121263 0.38841801881790167 1.0807352662086489 1.012241065502167 1.0243984460830691 0.73364484310150158 -0.81666666269302357 0.8196873962879182 0.016261600889265541 0.053075965493917472 0.30000000447034841 0.9854736626148225 0.084745746105909361 0.8960065245628358 1.1537523269653323 0.64709019660949718 -0.78333333134651173 0.92049172520637523
decision_type=8 10 8 8 10 10 10 8 8 10 10 10 10 8 10 10 10 10 2 10 10 10 10 10 10 10 10 10 2 10
left_child=10 2 5 23 8 6 7 15 9 -5 -1 22 29 -9 -14 -2 -10 18 20 -20 -7 26 28 24 -4 -26 -19 -3 -12 -6
right_child=1 27 3 4 12 17 -8 13 16 -11 11 -13 14 -15 -16 -17 -18 21 19 -21 -22 -23 -24 -25 25 -27 -28 -29 -30 -31
leaf_value=0.00026264367263718088 -0.0035466267044592477 -0.024168141701911852 -0.0010022714863437982 0.0045732595864969834 0.0075963323083233624 0.00014811935104064761 -0.00049653847207808196 0.0017061370346361502 0.00033514848180760733 -0.010840832959991196 0.025831050500328488 0.02119560055363923 0.014796161536357166 -0.01013760696323935 0.0018867863065260722 0.011079234981743501 0.0096013996910421576 0.0021938116641891737 0.014948613589359937 -0.00025292896582097281 -0.002770148954208814 0.011464228028528999 0.0031687066219082409 -0.0011724586975907668 -0.015574660590552783 0 -0.0014251535159288951 -0.0065580600508049801 0.004441304896268752 -0.0018179124955336372
leaf_weight=2255 640 134 902 4787 485 7758 3950 354 134249 242 150 230 758 2288 522 280 502 7963 208 93230 15549 410 1869 11284 582 148 3575 833 211 1007
leaf_count=2255 640 134 902 4787 485 7758 3950 354 134249 242 150 230 758 2288 522 280 502 7963 208 93230 15549 410 1869 11284 582 148 3575 833 211 1007
internal_value=2.06661e-06 -6.0086e-05 -2.62908e-05 0.000387896 0.000593094 -0.000501245 -0.00315292 -0.00599567 0.000496819 0.0037321 0.00390693 0.0070975 0.00530201 -0.00843708 0.00987235 0.000726592 0.000373315 -0.000343666 -0.000529728 -0.000212687 -0.00178662 0.00144714 0.00533463 -0.00185106 -0.00629045 -0.0122236 0.00104601 -0.00974257 0.0150058 0.00110394
internal_weight=297355 292640 291673 155468 142552 136205 7512 3562 139780 5029 4715 2460 2772 2642 1280 920 134751 128693 116745 93438 23307 11948 2230 12916 1632 730 11538 967 361 1492
internal_count=297355 292640 291673 155468 142552 136205 7512 3562 139780 5029 4715 2460 2772 2642 1280 920 134751 128693 116745 93438 23307 11948 2230 12916 1632 730 11538 967 361 1492
is_linear=0
shrinkage=0.03


Tree=10
num_leaves=31
num_cat=0
split_feature=16 11 29 26 16 12 25 13 102 42 5 22 49 26 78 52 81 50 86 17 26 36 1 138 24 124 61 38 21 17
split_gain=96.3278 92.3878 81.0086 109.663 142.344 94.7038 82.1407 102.705 88.6576 81.0533 94.2101 71.502 68.1233 64.6019 68.3493 105.93 65.5607 64.0415 56.6801 56.3997 53.1761 37.6584 61.3682 57.0004 54.9404 43.1795 48.0976 47.2903 36.8684 40.4424
threshold=1.2157111763954165 0.92475160956382763 -0.00088134477846324433 0.10153014212846757 0.70005577802658092 0.98424416780471813 0.045626139268279083 1.0707409381866457 0.4660919606685639 -0.093140352517366395 0.0064412835054099568 1.0942281484603884 0.8196873962879182 0.029906131327152256 0.90000000596046459 0.76537016034126293 0.050000002607703216 0.74937552213668834 -0.516666680574417 0.71124613285064708 0.021808819845318798 0.80921056866645824 0.054819600656628616 0.62316045165061962 0.043965009972453124 -0.3076918870210647 1.0546821951866152 -0.0017937194206751881 1.0036660432815554 0.66476282477378856
decision_type=10 8 8 10 8 10 10 10 2 10 10 10 10 10 10 10 2 10 2 10 10 10 10 8 10 10 10 10 10 8
left_child=1 17 9 4 5 -4 -5 8 -8 10 28 20 -9 -11 16 -16 -15 -1 -13 -7 -6 -2 23 -23 -24 26 -25 -27 -3 -30
right_child=21 2 3 6 11 19 7 12 -10 13 -12 18 -14 14 15 -17 -18 -19 -20 -21 -22 22 24 25 -26 27 -28 -29 29 -31
leaf_value=-0.019182417937247943 0.0014922372330751731 -0.015942148707002741 0.0046672510679038066 0.018266055802935093 0.0010292367610732836 -0.022609193993294949 -0.0042092230239690652 0.029873668024254636 0.0070876277349533568 -0.00014731482781761278 0.00710098592002943 0.0071583733102593104 0 -0.0062775590932771849 0.0086228682445995269 -0.0007181005107743699 -0.0019126614640718415 -0.0022631761629068126 -0.00073358737864131715 0 -0.00013463931269947979 -0.0051429737221563828 0 -0.0058917452620081369 0.021424406640090463 0.025093897965450123 0.0083020243963808759 0.00085116605038809418 0.015348117873256437 -0.00045511153859072797
leaf_weight=357 2254 112 192 415 54036 474 1161 191 1276 69116 2583 2419 111 3545 1133 20340 29280 549 1130 134 100986 404 127 294 399 201 580 150 132 3256
leaf_count=357 2254 112 192 415 54036 474 1161 191 1276 69116 2583 2419 111 3545 1133 20340 29280 549 1130 134 100986 404 127 294 399 201 580 150 132 3256
internal_value=3.11329e-06 -6.2267e-05 -3.12334e-05 0.000413674 0.000301684 -0.0121548 0.00594041 0.00384528 0.00159319 -0.000591908 0.00277265 0.000367945 0.0198592 -0.000760598 -0.00153538 -0.000203711 -0.00239673 -0.00952432 0.00457149 -0.0179242 0.000269198 0.00439529 0.00725214 0.00402731 0.0161765 0.00732663 0.0031669 0.0161468 -0.000358635 0.000159028
internal_weight=297337 292928 292022 162525 159371 800 3154 2739 2437 129497 6083 158571 302 123414 54298 21473 32825 906 3549 608 155022 4409 2155 1629 526 1225 874 351 3500 3388
internal_count=297337 292928 292022 162525 159371 800 3154 2739 2437 129497 6083 158571 302 123414 54298 21473 32825 906 3549 608 155022 4409 2155 1629 526 1225 874 351 3500 3388
is_linear=0
shrinkage=0.03


Tree=11
num_leaves=31
num_cat=0
split_feature=22 57 25 61 25 10 40 71 105 110 1 116 138 105 22 43 29 29 36 12 43 79 84 29 23 86 113 1 1 127
split_gain=102.722 84.4357 78.1273 78.522 112.455 98.4925 64.4927 78.737 63.7256 61.3586 51.1416 97.4698 62.1322 56.1793 50.8224 110.614 54.6604 50.5149 50.1403 49.4556 47.0883 44.4251 42.5306 63.5645 35.4533 33.0989 28.8502 26.5908 26.3424 25.8667
threshold=1.1619089245796206 0.80647325515747081 0.01260923780500889 0.76175254583358776 0.049863018095493324 1.0185207128524782 -0.030142763629555699 0.58181867003440868 0.44722221791744238 0.21240601688623431 0.065468672662973418 0.34507027268409735 0.74288830161094677 0.69615384936332714 0.74945753812789928 1.0208964347839358 -0.00044414788135327393 -0.00044414788135327393 0.63441812992095958 0.98766008019447338 1.0086290240287783 0.84999999403953563 -0.84999999403953541 -0.010596807114779947 0.021939654834568504 0.71666666865348827 0.50847432017326366 0.04314627684652806 0.016973120160400871 -0.21311467140913007
decision_type=10 8 10 10 10 10 10 10 2 2 10 10 8 2 10 10 10 10 10 10 10 2 2 10 10 2 8 10 8 8
left_child=1 19 26 4 20 8 7 21 -6 -9 12 -12 13 -2 15 -8 -16 -7 -14 25 -4 -5 23 27 -24 -1 28 -20 -3 -28
right_child=10 2 3 6 5 17 14 9 -10 -11 11 -13 18 -15 16 -17 -18 -19 22 -21 -22 -23 24 -25 -26 -27 29 -29 -30 -31
leaf_value=-0.021711625955209819 0.0021377133986177472 0.0010093301464624343 0.0044677345659694025 -0.0026080630706307511 0.0019636101026057466 -0.0043970833134045007 0.0091463513080962001 0.005805714915748994 -0.011868098542876463 0 0.017521755401668896 0 -0.00064817637354456657 -0.0083743869369245355 -0.00097127976283227979 -0.026570481896721922 -2.8935118918864265e-05 0.01281353888232189 0.014372713644088103 -0.0022893644879239481 0.030105295379344425 0.00086241203836131858 0.003388489422821995 -0.0090028800742364811 0.014237894322308105 -0.0029344645821769481 0.0086441504581873732 -0.0010779670217220692 -0.001588961250758632 0.0018509587498520084
leaf_weight=291 1152 14794 149 4281 712 151 100 4647 461 2606 616 523 850 706 102577 177 121902 759 254 680 193 14472 525 285 900 182 530 101 4524 17446
leaf_count=291 1152 14794 149 4281 712 151 100 4647 461 2606 616 523 850 706 102577 177 121902 759 254 680 193 14472 525 285 900 182 530 101 4524 17446
internal_value=-2.40598e-05 -0.00010455 -7.10664e-05 -0.000260893 0.00508226 0.00221524 -0.000314162 0.00109617 -0.00332875 0.00374648 0.00388285 0.00963245 0.00241375 -0.00174356 -0.000478766 -0.0129186 -0.00046093 0.00960198 0.00515962 -0.0081395 0.0206284 5.2245e-05 0.00767741 0.000699714 0.0105506 -0.0155073 0.00120907 0.00935384 0.00038432 0.0020773
internal_weight=297546 291634 290481 253187 2425 2083 250762 26006 1173 7253 5912 1139 4773 1858 224756 277 224479 910 2915 1153 342 18753 2065 640 1425 473 37294 355 19318 17976
internal_count=297546 291634 290481 253187 2425 2083 250762 26006 1173 7253 5912 1139 4773 1858 224756 277 224479 910 2915 1153 342 18753 2065 640 1425 473 37294 355 19318 17976
is_linear=0
shrinkage=0.03


Tree=12
num_leaves=31
num_cat=0
split_feature=32 26 38 60 51 1 38 17 126 42 85 13 43 138 81 50 26 11 54 39 120 10 36 47 23 25 39 63 51 17
split_gain=78.6603 71.2061 82.5032 93.4205 90.6307 79.3761 76.3185 136.748 89.3978 80.2799 69.0259 73.9017 67.1904 58.8718 61.4061 57.3414 55.6663 54.0218 54.5302 53.6824 51.3988 51.2026 50.1462 50.1928 46.9523 47.4899 46.9436 46.1077 39.9307 38.8112
threshold=-0.0048612528480589381 0.021808819845318798 -0.00089285580907016982 0.73079699277877819 0.64709019660949718 0.054819600656628616 -0.014354468323290346 0.73705121874809276 0.28742504119873052 -0.10234589874744414 0.37500000000000006 0.983333319425583 1.0795126557350161 0.66521957516670238 0.61666667461395275 0.80237796902656566 0.069804321974515929 0.97212737798690807 1.0271721482276919 0.026547196321189407 0.25185209512710577 1.0349293947219851 0.72349551320076 1.0935367345809939 0.025842452421784404 0.021479529328644279 -0.024720969609916207 0.94999998807907116 0.83158236742019664 1.137583911418915
decision_type=8 10 10 10 10 10 8 8 10 10 2 8 10 8 2 10 10 10 10 10 10 10 10 10 10 10 10 10 10 10
left_child=13 21 5 19 15 6 7 12 -9 26 11 -6 -3 17 -15 -5 -11 18 -1 -4 -12 24 23 27 29 -26 -8 -7 -16 -2
right_child=1 2 3 4 10 22 9 8 -10 16 20 -13 -14 14 28 -17 -18 -19 -20 -21 -22 -23 -24 -25 25 -27 -28 -29 -30 -31
leaf_value=-0.0044102055940165273 0.00071017144097502939 -0.017650947414231715 0.00064158501872231088 0.0014469444021302888 -0.0033960171296431208 -0.010412447692257775 -0.0019083586568815697 -0.0028792079314152817 0.0061267463955717713 -1.279592890879165e-05 -0.0026741403685022983 -0.0010001236616396481 0.0045116598204606104 0.00080971515015992228 0.014743507126794406 0.023572276718378034 0.0031909877893952572 -0.0042930340382391959 0.013378711687513294 -0.017291324011036967 0.00056586149274339618 -0.0076940869618428382 0.010842225585494377 0.0046948672884908459 0.013493775227771768 -0.00058609458232578178 0.0092438974882657898 0.0069702306140155355 0.0051718956376569846 -0.0029231091983256781
leaf_weight=219 86683 712 169 273 15028 421 386 5825 1161 73281 5123 53686 115 3255 486 197 5196 1671 353 474 30496 639 889 2013 491 303 1378 162 3553 2681
leaf_count=219 86683 712 169 273 15028 421 386 5825 1161 73281 5123 53686 115 3255 486 197 5196 1671 353 474 30496 639 889 2013 491 303 1378 162 3553 2681
internal_value=-1.25731e-06 -9.11799e-05 -0.000412457 -0.000984988 -0.000910697 0.00024385 6.41473e-05 -0.00275816 -0.00132647 0.00034331 -0.00097363 -0.00152931 -0.0141811 0.00267531 0.00399114 0.0119166 0.000196265 -0.00146854 0.00614226 -0.0122483 9.02025e-05 0.000602467 0.00467245 0.00237819 0.00066629 0.00786979 0.00664135 -0.00501378 0.0064645 0.000597184
internal_weight=297319 287782 196985 105446 104803 91539 88054 7813 6986 80241 104333 68714 827 9537 7294 470 78477 2243 572 643 35619 90797 3485 2596 90158 794 1764 583 4039 89364
internal_count=297319 287782 196985 105446 104803 91539 88054 7813 6986 80241 104333 68714 827 9537 7294 470 78477 2243 572 643 35619 90797 3485 2596 90158 794 1764 583 4039 89364
is_linear=0
shrinkage=0.03


Tree=13
num_leaves=31
num_cat=0
split_feature=16 11 29 40 3 57 42 26 39 120 49 25 1 41 79 38 71 33 11 70 97 16 76 47 120 54 4 23 36 140
split_gain=92.0639 69.6455 67.7934 89.3947 100.41 80.5937 72.9937 69.1739 68.8913 64.33 59.7313 58.9445 57.5536 82.9054 92.9167 63.873 56.6591 60.7248 55.9606 52.8954 50.7278 46.127 43.483 42.3422 39.2271 34.6738 56.3836 34.4891 45.0326 75.9729
threshold=1.2157111763954165 0.92475160956382763 -0.0011779901687987147 -0.030142763629555699 0.020586635917425159 1.168602526187897 -0.11591945588588713 0.027494391426444057 -0.027454510331153866 0.25773195922374731 0.88403329253196727 0.052060935646295554 0.017700472846627239 -0.027445307001471516 0.84999999403953563 0.01686045061796904 0.62974044680595409 0.37842999398708349 0.98651257157325756 0.58267691731452953 0.1566891819238663 0.93838861584663402 0.18333333730697635 1.0854185819625857 0.7288683056831361 0.98986420035362255 0.33333723247051245 0.017282063141465191 0.80595400929451 0.91163837909698497
decision_type=10 8 8 8 10 10 10 10 8 10 10 10 10 10 2 8 10 10 10 10 10 8 2 10 8 10 10 10 10 10
left_child=1 10 6 4 16 7 18 8 -5 -9 11 -1 21 14 -14 -15 17 -4 20 -18 -3 23 -20 -8 -23 26 -7 -2 -29 -30
right_child=27 2 3 5 -6 25 12 9 -10 -11 -12 -13 13 15 -16 -17 19 -19 22 -21 -22 24 -24 -25 -26 -27 -28 28 29 -31
leaf_value=0.00077163099441779673 -0.0011824490507739913 0.0023571461212579599 -0.0068993602467831948 -0.010120530326726291 0.014682462228780524 0.003607796717895172 -0.0010584526179529866 -0.0029212607226713999 0.0007069183355645609 -0.00027412187266309755 0.0026462672095765335 -0.018295799919675722 -0.0034661504159143371 -0.0024787572961126655 0.0010026934975718247 0.0017773322602663167 0.014353689358380627 0.0019076080286434579 0.013163979573191367 0.0033982267793776651 0.018030665185291214 -3.9229483897985456e-05 -0.00068053400583775433 -0.0089968443005415347 0.0027383080054973986 0.0055676503439160462 -0.013452825931921413 0.0018912843012439376 0.0025849665852586828 0.015315743382899375
leaf_weight=162 763 426 926 509 641 561 2106 9548 83855 63575 266 484 5288 38209 19780 3363 464 2704 212 3430 414 45100 1477 900 5050 3417 224 1799 961 859
leaf_count=162 763 426 926 509 641 561 2106 9548 83855 63575 266 484 5288 38209 19780 3363 464 2704 212 3430 414 45100 1477 900 5050 3417 224 1799 961 859
internal_value=-3.11102e-05 -9.67819e-05 -6.96239e-05 0.000317005 0.00337761 0.000160197 -0.000608893 4.86049e-05 0.000635654 -0.000624577 -0.00828735 -0.0131842 -0.000717825 -0.00130502 4.60381e-05 -0.00212656 0.00233836 -0.000282321 0.00439854 0.00484698 0.0106705 1.28972e-05 0.00101538 -0.00357811 0.000235463 0.00425146 -0.00110107 0.00427369 0.00550663 0.00885782
internal_weight=297473 293091 292179 169854 8165 161689 122325 157487 84364 73123 912 646 119796 66640 25068 41572 7524 3630 2529 3894 840 53156 1689 3006 50150 4202 785 4382 3619 1820
internal_count=297473 293091 292179 169854 8165 161689 122325 157487 84364 73123 912 646 119796 66640 25068 41572 7524 3630 2529 3894 840 53156 1689 3006 50150 4202 785 4382 3619 1820
is_linear=0
shrinkage=0.03


Tree=14
num_leaves=31
num_cat=0
split_feature=16 57 33 26 30 10 52 70 35 38 40 13 46 17 16 35 86 32 42 12 32 36 140 23 81 73 46 54 34 103
split_gain=97.234 69.4315 66.2147 80.3743 68.2803 71.6752 111.815 82.4224 63.3566 57.843 61.078 53.3186 57.5129 48.6373 48.1434 48.1133 43.6561 43.0516 46.7954 42.8274 40.1583 37.0545 45.8755 39.6518 35.5293 34.2248 33.5632 32.5321 31.9909 31.769
threshold=1.2346542477607729 0.80647325515747081 0.25649750232696539 0.026767098344862465 -0.00042474368819966907 1.0175238251686098 0.89052942395210277 0.90099027752876293 0.82404759526252758 0.020111739635467533 0.055272229015827186 0.9665297567844392 1.0067114233970644 1.1615561842918398 0.93269440531730663 0.1763018146157265 -0.81666666269302357 -0.0045199193991720668 0.0081540602259337919 0.98727735877037059 0.0079178907908499258 0.80595400929451 0.72682881355285656 0.017149657942354683 0.25000000745058065 0.30000000447034841 1.008547902107239 1.0155028104782107 0.85507994890213024 0.36666667461395269
decision_type=10 8 8 10 8 10 10 10 10 10 10 8 10 8 8 10 2 10 10 10 10 10 10 10 2 10 8 10 10 2
left_child=1 19 3 27 8 11 7 -7 14 17 -11 12 -6 -8 15 -4 -16 18 -5 24 -19 -2 -23 -24 -1 -10 -13 -3 29 -21
right_child=21 2 4 9 5 6 13 -9 25 10 -12 26 -14 -15 16 -17 -18 20 -20 28 -22 22 23 -25 -26 -27 -28 -29 -30 -31
leaf_value=-0.0029234852570576872 0.001842575851558762 0.00080331339543074029 -0.00070478136374547344 -0.0047390512076811789 0.0011195357425581403 0.0044099842889922455 -0.0021226111338837708 -0.010644447843835581 0.0029626282772318214 0.0046921686203401395 -0.014319950950701 0.0025170347084811761 -0.0019758376308655489 0.0032667201446492334 -0.001791457725634227 -0.0084492097130422997 -8.0994317478729237e-05 -0.0019438856662954264 0.0049932550723069628 -0.013963087414624169 -0.0110294033394342 -0.0033114154577426808 -0.0013304975419914768 0.012505631413255593 -0.022345662842566283 -0.00028147314195623092 0.0005765402749293607 -0.0011348855937944951 0.0094169343749133799 0
leaf_weight=197 1723 28627 1718 572 8487 13045 5244 306 7613 1979 139 9485 14413 2069 16986 1362 65928 39844 1568 220 439 208 171 1189 237 4485 57735 10605 134 329
leaf_count=197 1723 28627 1718 572 8487 13045 5244 306 7613 1979 139 9485 14413 2069 16986 1362 65928 39844 1568 220 439 208 171 1189 237 4485 57735 10605 134 329
internal_value=2.81655e-05 -2.84372e-05 0 -0.000712144 0.000286091 0.000797139 0.00239301 0.0040271 -0.000288068 -0.00158495 0.00318184 0.000427436 -0.000815592 -0.000552195 -0.000576751 -0.00425862 -0.00043537 -0.00183139 0.00223323 -0.00742751 -0.00205577 0.00514098 0.00850767 0.0105545 -0.0147076 0.00173673 0.00085548 0.000271435 -0.00208798 -0.00565564
internal_weight=297057 293766 292649 83773 208876 110784 20664 13351 98092 44541 2118 90120 22900 7313 85994 3080 82914 42423 2140 1117 40283 3291 1568 1360 434 12098 67220 39232 683 549
internal_count=297057 293766 292649 83773 208876 110784 20664 13351 98092 44541 2118 90120 22900 7313 85994 3080 82914 42423 2140 1117 40283 3291 1568 1360 434 12098 67220 39232 683 549
is_linear=0
shrinkage=0.03


Tree=15
num_leaves=31
num_cat=0
split_feature=16 57 61 10 22 68 49 26 35 13 60 81 116 24 28 118 3 99 24 34 62 9 16 45 140 36 40 118 38 26
split_gain=74.9952 67.4556 81.2691 151.671 85.6503 80.0324 62.026 70.032 68.3779 61.9654 57.8717 70.6523 53.9296 72.4113 58.7576 50.8373 47.6199 77.1997 44.2454 43.0206 40.0944 38.1876 37.5226 35.4694 34.3683 34.1571 33.7868 31.3224 27.3959 26.752
threshold=1.2346542477607729 0.84245216846466076 0.77947142720222484 1.020340144634247 0.77548280358314525 0.83132475614547741 0.83472758531570446 0.021808819845318798 0.46253639459609991 1.0947534441947939 0.85545104742050182 0.41666667163372045 0.65529951453208934 0.042895698919892318 0.01683739107102156 0.43333335220813757 0.0029239556752145295 0.68333333730697643 0.023079334758222107 0.84154617786407482 0.81422007083892833 1.0268256068229678 0.76895850896835338 1.1521465182304385 0.72682881355285656 0.80921056866645824 -0.027770033106207844 0.29411832988262182 -0.0023335150908678766 0.073983062058687224
decision_type=10 8 8 10 8 10 8 10 8 10 10 2 10 10 10 8 10 2 10 10 10 10 10 10 10 10 10 10 10 10
left_child=1 9 3 12 5 -4 16 15 -9 19 11 -5 18 14 -14 -8 20 -18 -3 22 -6 -21 26 -2 -25 -26 -1 -24 -27 -28
right_child=23 2 4 10 6 -7 7 8 -10 -11 -12 -13 13 -15 -16 -17 17 -19 -20 21 -22 -23 27 24 25 28 29 -29 -30 -31
leaf_value=-0.002470641929751089 -0.0019903973286622616 0.0037569469339535414 -0.020184400741004461 -0.00068507301328654593 -0.0010420914365653405 0.0014645538628724828 0.0014802081312777829 -0.0010202082411103267 0.00010912471360360372 0.014496799048772732 0.024668925892738839 0.022372730016921246 0.0038247469650755581 -0.0090632936707697818 0.024296796322334557 3.1890449770837546e-05 0.0083438998764436053 -0.0054755060771636797 -0.013811720346207904 -0.0043480114938399522 0.013333328887744833 0.011853338106579724 -0.0057374543738551434 -0.0034818203021429214 0.0030838668424068788 0.015768176496482742 -0.0032854153441761124 0.011833422636132566 0.0055437213747472121 -0.018003462348955709
leaf_weight=352 546 154 346 302 176 219 36835 85891 109124 109 369 155 991 292 140 54515 688 713 343 395 721 169 310 259 1212 571 211 104 664 634
leaf_count=352 546 154 346 302 176 219 36835 85891 109124 109 369 155 991 292 140 54515 688 713 343 395 721 169 310 259 1212 571 211 104 664 634
internal_value=9.36032e-06 -3.98509e-05 0 0.00511839 -4.84441e-05 -0.011517 -2.41611e-05 -6.4754e-05 -0.000386786 -0.00515293 0.0157102 0.00711663 0.000292069 0.00341411 0.00699766 0.000619374 0.00486181 0.0011217 -0.00785289 -0.00639746 0.0102244 0.00023263 -0.00887694 0.00452696 0.005957 0.00709778 -0.0115467 -0.000290358 0.010686 -0.0148361
internal_weight=297510 294258 291974 2746 289228 565 288663 286365 195015 2284 826 457 1920 1423 1131 91350 2298 1401 497 2175 897 564 1611 3252 2706 2447 1197 414 1235 845
internal_count=297510 294258 291974 2746 289228 565 288663 286365 195015 2284 826 457 1920 1423 1131 91350 2298 1401 497 2175 897 564 1611 3252 2706 2447 1197 414 1235 845
is_linear=0
shrinkage=0.03


Tree=16
num_leaves=31
num_cat=0
split_feature=40 86 57 13 1 26 26 38 34 48 56 52 26 26 122 78 21 101 52 82 1 0 13 118 64 73 138 38 145 32
split_gain=81.5969 76.5547 76.4855 88.3198 68.6316 71.084 68.6436 74.5282 68.6266 66.6063 63.5896 58.3124 76.1743 71.7129 56.054 53.8759 127.443 59.1609 50.1328 67.9382 49.9791 47.7763 45.8897 58.2591 42.1959 42.1025 41.9584 40.7473 41.5014 38.4944
threshold=-0.04213376343250274 0.84999999403953563 0.84245216846466076 0.97578173875808727 0.054819600656628616 0.036252055317163474 0.021808819845318798 -0.0010238760733045635 0.82165277004241954 0.91121491789817821 1.2789047360420229 0.63099291920661937 0.069804321974515929 0.072523187845945372 0.65823549032211315 0.30000000447034841 0.92825445532798778 0.36754386126995092 0.81081199645996105 0.12500000372529033 0.036363659426569946 -0.025936600752174851 0.97078803181648265 0.88461551070213329 0.44722221791744238 0.30000000447034841 0.52090564370155346 0.0024242410436272625 0.50135529041290294 0.0040739749092608699
decision_type=10 2 10 10 10 10 10 10 10 10 10 10 10 8 10 10 10 2 8 2 10 10 8 10 10 10 10 10 10 10
left_child=1 10 3 8 6 9 20 11 -2 -6 18 13 -13 -8 27 17 -17 -9 19 25 24 -10 -21 -24 -4 -1 -12 28 -7 -29
right_child=2 -3 4 -5 5 14 7 15 21 -11 26 12 -14 -15 -16 16 -18 -19 -20 22 -22 -23 23 -25 -26 -27 -28 29 -30 -31
leaf_value=-0.0068050294412294226 -0.012546240420790587 0.014061263997149635 -9.7892240689922776e-05 0.014559847582131623 0.0071455232620732303 0 0 0.0023184609154436593 0.010600479440929548 -0.0066220864596369675 -0.0024571026626912769 2.9709472970241121e-05 0.0036557723542857742 -0.015688140690906873 0.015226344150876208 0.0043083267864484484 -0.00094631674072626266 -0.0028556232211079721 0 -0.0020043834448539044 -0.0041725037161933608 -0.0056855477333288083 0.0094325868758712798 -0.00048685509585589165 0.0012221836316028234 0.0029468120249365407 0.016396419549479079 -0.00034522706552321021 0.01017340701239265 0.0074373914273951226
leaf_weight=707 1106 458 38171 145 405 509 578 2130 215 1103 101 75999 5593 441 408 4363 74708 19887 9065 488 1948 494 2452 605 49570 819 402 2405 1235 706
leaf_count=707 1106 458 38171 145 405 509 578 2130 215 1103 101 75999 5593 441 408 4363 74708 19887 9065 488 1948 494 2452 605 49570 819 402 2405 1235 706
internal_value=3.49954e-06 0.00215177 -0.000110542 -0.00598785 -6.79284e-05 0.00290914 -0.000142966 -0.000475977 -0.00793369 -0.00268309 0.00174002 0.000189385 0.000282781 -0.00686167 0.00457235 -0.00102262 -0.000651565 -0.0023398 0.00133406 0.00371635 0.00053571 -0.000180053 0.00600136 0.00738156 0.000644586 -0.00140678 0.0120879 0.00355669 0.00724291 0.00136134
internal_weight=297216 15097 282119 1960 280159 6771 273388 183699 1815 1508 14639 82611 81592 1019 5263 101088 79071 22017 14136 5071 89689 709 3545 3057 87741 1526 503 4855 1744 3111
internal_count=297216 15097 282119 1960 280159 6771 273388 183699 1815 1508 14639 82611 81592 1019 5263 101088 79071 22017 14136 5071 89689 709 3545 3057 87741 1526 503 4855 1744 3111
is_linear=0
shrinkage=0.03


Tree=17
num_leaves=31
num_cat=0
split_feature=16 11 1 38 17 38 26 32 31 47 33 113 41 16 10 62 53 121 23 121 24 1 9 24 16 43 50 22 33 34
split_gain=78.2236 74.1058 57.8513 66.0035 127.786 68.59 85.9003 60.8613 63.9526 57.9071 65.2227 68.9279 62.9764 56.0113 51.4192 51.2938 58.7338 56.7663 45.8107 45.7659 56.8582 44.9425 42.8223 42.3563 35.7197 35.4043 33.5272 32.624 50.4619 36.7329
threshold=1.2157111763954165 0.92475160956382763 0.054819600656628616 -0.015619924291968344 0.72891840338706981 -0.00082824029959738244 0.022316592745482925 0.0028262943960726265 0.0095289275050163286 1.1191765666007998 0.88888862729072582 0.96428576111793529 -0.060375485569238656 0.66539305448532116 1.0248324275016787 0.99036154150962841 1.0905932784080508 0.68405765295028698 0.033715052530169494 0.36227922141551977 0.054256098344922073 0.10192065685987474 1.0277486443519595 0.054256098344922073 1.0820765495300295 1.0714285969734194 0.74937552213668834 1.1619089245796206 0.97781935334205639 0.93758702278137218
decision_type=10 8 10 8 8 10 10 10 10 10 8 10 10 8 10 10 10 8 10 10 10 10 10 10 10 10 10 10 10 10
left_child=1 26 3 4 25 7 -7 8 -5 10 12 18 -4 -8 -9 16 21 24 -12 23 -21 -11 -13 -6 -17 -3 -1 -2 29 -29
right_child=27 2 9 5 19 6 13 14 -10 15 11 22 -14 -15 -16 17 -18 -19 -20 20 -22 -23 -24 -25 -26 -27 -28 28 -30 -31
leaf_value=-0.015576252513964437 -0.00016985272317474726 -0.019499508495077134 0.01349536186649597 0.00022627927575417513 0.0072217491811868437 0.00052921377434870099 0.011759437617484832 0.0013529869680156111 0.0176699764601102 0.011679928777784832 0 -0.0026481398859300779 -0.0033134373034307838 -0.0010031453253910915 0.0057105760340624848 -0.007732996957785186 -0.0019785195965827868 0.01178074017001083 0.02614346071974331 -0.0036087958962230573 0.012030505879369196 -0.0044614937744642553 0.015216309012808923 -0.0069097394208245374 0.0017136374399325627 0 -0.0030105892974078984 0.0054456194643345956 -0.012264996088802988 0.022616362623254158
leaf_weight=359 1119 487 190 109340 815 53197 287 11811 170 1697 104 543 2993 99370 3174 494 376 355 195 4645 192 132 131 210 1104 131 569 3029 109 113
leaf_count=359 1119 487 190 109340 815 53197 287 11811 170 1697 104 543 2993 99370 3174 494 376 355 195 4645 192 132 131 210 1104 131 569 3029 109 113
internal_value=1.89294e-05 -3.95961e-05 -1.13931e-05 -8.47466e-05 -0.00307322 -1.36256e-05 -0.000440423 0.000507971 0.000259319 0.002451 0 0.00666064 -0.00213842 -0.000961029 0.00230235 0.00494541 0.00808665 0.00120078 0.0182046 -0.00162252 -0.00287926 0.0103171 0.000730202 0.0039626 -0.00108074 -0.0158813 -0.00841417 0.00399454 0.00551192 0.00629718
internal_weight=297441 293071 292143 283829 6480 277349 152854 124495 109510 8314 4156 973 3183 99657 14985 4158 2205 1953 299 5862 4837 1829 674 1025 1598 618 928 4370 3251 3142
internal_count=297441 293071 292143 283829 6480 277349 152854 124495 109510 8314 4156 973 3183 99657 14985 4158 2205 1953 299 5862 4837 1829 674 1025 1598 618 928 4370 3251 3142
is_linear=0
shrinkage=0.03


Tree=18
num_leaves=31
num_cat=0
split_feature=57 1 121 30 16 38 17 26 39 18 15 7 30 137 27 33 42 6 51 18 27 34 15 16 34 51 55 39 22 84
split_gain=66.9394 78.3455 107.502 54.2709 80.2183 56.5049 89.1934 52.4546 70.1317 51.6291 50.4298 50.2923 68.5903 50.1192 68.7953 70.0365 49.4633 48.3012 49.934 45.9184 55.9682 48.8759 40.1142 39.2771 39.117 38.3391 60.8644 37.0274 35.5826 34.1006
threshold=0.80647325515747081 0.054819600656628616 0.67764294147491466 -0.00038742304604966188 0.896022528409958 -0.018508657813072201 0.7521457076072694 0.038474516943097122 0.030938187614083294 1.0402371287345888 0.95630022883415233 0.041051186621189124 0.0085243396461009997 0.53661262989044201 0.091204732656478896 0.90304735302925121 -0.11591945588588713 0.28571678698062902 0.79686886072158825 0.95002853870391857 0.057431189343333251 0.84154617786407482 1.0490666031837466 1.0966435670852663 0.32166722416877752 0.84069234132766735 0.94157832860946666 0.018637335859239105 0.92101368308067333 -0.65000000596046437
decision_type=8 10 10 8 8 8 8 8 10 10 8 10 10 10 10 8 8 10 10 10 10 10 8 10 10 10 10 10 10 2
left_child=19 3 7 4 10 6 24 8 22 16 -2 25 -13 14 27 -16 -7 18 -11 20 -1 -22 -3 -18 -5 26 -9 -6 29 -15
right_child=1 2 -4 5 13 9 -8 11 -10 17 -12 12 -14 28 15 -17 23 -19 -20 -21 21 -23 -24 -25 -26 -27 -28 -29 -30 -31
leaf_value=-0.00036475596518108721 0.00065444607744065636 -0.011095292937185442 0.011632988228804432 0 -0.00073862454905473799 0.014275223081862475 -0.00094558149532461165 -0.00064700719811346217 0.0049692491594035956 0.023808138686012521 -0.0097839039349939018 0.0014628521726964127 -0.012624206722060959 0.0075020038391755634 0.0043714110389849745 -0.0067341309676132123 0.00044622860030231991 -0.004423386651358348 0.0055854716375857878 0 -0.025741528023547511 0 0 -0.0030940885593813421 -0.019387759195701421 0.0013972335470204282 0.010249612426656807 -0.0027169960664139444 0.00055266065397616994 -0.0071191619630993066
leaf_weight=265 528 774 1074 100 74050 212 1845 555 633 158 1308 2290 338 133 3805 553 141980 286 1133 523 274 107 465 2839 394 1809 1731 9797 46812 934
leaf_count=265 528 774 1074 100 74050 212 1845 555 633 158 1308 2290 338 133 3805 553 141980 286 1133 523 274 107 465 2839 394 1809 1731 9797 46812 934
internal_value=4.72658e-05 7.67458e-05 0.00273012 -1.18259e-05 -0.000441618 0.000384139 -0.00420967 0.0015584 -0.00278259 0.000460039 -0.00664568 0.0028163 -0.000317325 -0.000354746 -0.000780059 0.00286934 0.00039869 0.00583866 0.00837368 -0.00705403 -0.0122836 -0.0193938 -0.00699728 0.000374336 -0.0153057 0.004892 0.00749135 -0.000973955 0.000422521 -0.00491617
internal_weight=297705 296536 9669 286867 137920 148947 2339 8595 1872 146608 1836 6723 2628 136084 88205 4358 145031 1577 1291 1169 646 381 1239 144819 494 4095 2286 83847 47879 1067
internal_count=297705 296536 9669 286867 137920 148947 2339 8595 1872 146608 1836 6723 2628 136084 88205 4358 145031 1577 1291 1169 646 381 1239 144819 494 4095 2286 83847 47879 1067
is_linear=0
shrinkage=0.03


Tree=19
num_leaves=31
num_cat=0
split_feature=16 57 14 56 119 43 26 37 40 31 24 35 2 82 113 27 83 33 36 140 0 32 68 11 53 31 6 28 13 13
split_gain=64.0768 59.1673 79.2548 59.7276 72.4039 57.8096 57.0572 57.5858 74.5693 60.8544 76.7085 57.567 52.0742 49.0348 43.8196 39.5208 35.5392 33.2997 33.3463 35.3878 31.8783 31.8609 31.531 29.8183 25.4651 40.166 24.2156 23.7055 27.8612 22.941
threshold=1.2346542477607729 0.84245216846466076 0.84403431415557872 0.94154524803161632 0.23529334366321566 1.1041500568389895 0.019930385984480384 0.84965670108795177 -0.057446666061878197 0.0089413337409496325 0.034448850899934776 0.47179159522056585 0.8888889253139497 0.091666668653488173 0.5909089744091035 0.081968981772661223 0.30000000447034841 0.97336161136627208 0.80595400929451 0.72682881355285656 -0.033696981146931641 0.002466012723743916 0.70270279049873363 0.97773566842079174 1.0031318068504336 0.0084967352449893969 0.058822287246584899 0.011256692931056024 0.98090746998786937 0.93926686048507702
decision_type=10 8 8 10 10 10 10 10 10 10 10 10 10 2 8 10 10 10 10 10 10 10 10 10 10 10 10 10 10 10
left_child=1 3 15 4 22 16 14 9 13 11 -11 -8 -10 -9 -4 20 -5 18 26 -20 -3 -17 -1 -6 25 -24 -2 28 -16 -28
right_child=17 2 6 5 23 -7 7 8 12 10 -12 -13 -14 -15 27 21 -18 -19 19 -21 -22 -23 24 -25 -26 -27 29 -29 -30 -31
leaf_value=0.0050439635812084081 0.0071691496531027096 0.012260140404958193 8.9311329482844368e-05 -0.013625175342414407 -0.024001707830305755 0.018497396093328906 -0.0010782577563242539 0 0.00050104823165916324 0.0069512553841344004 -0.0014416963352744802 -3.6763015236147739e-05 0.007265325889938991 0.018671918696446025 0.0003789819192239202 0.019428291378663507 0.0055843802029533042 -0.0099863849935883809 -0.0028828532752772822 0.0099061186368616626 0.00015180958118169233 0 -0.0066228729131258901 -0.0062612248372592621 -0.019475849289447067 0.0088259511324443977 -0.012823643712477096 0.0055059818066219507 0.0023424244796784017 0.00067742829125176077
leaf_weight=271 490 255 45524 135 270 152 90268 230 18166 2190 1662 102735 1079 342 13242 304 155 112 179 1298 869 114 771 228 100 155 104 1365 13641 1078
leaf_count=271 490 255 45524 135 270 152 90268 230 18166 2190 1662 102735 1079 342 13242 304 155 112 179 1298 869 114 771 228 100 155 104 1365 13641 1078
internal_value=-5.1361e-07 -4.80118e-05 -9.57961e-06 -0.00488694 -0.0073701 0.00443056 -4.68472e-05 -0.000293166 0.0012435 -0.000449493 0.00326378 -0.000525488 0.000903019 0.0117747 0.000672421 0.00672863 -0.00269237 0.00416773 0.00482566 0.00813799 0.00332736 0.0146201 -0.00323725 -0.0170141 -0.00576602 -0.0035879 0.00166073 0.00160081 0.00138743 -0.000454505
internal_weight=297484 294223 291986 2237 1795 442 290444 216672 19817 196855 3852 193003 19245 572 73772 1542 290 3261 3149 1477 1124 418 1297 498 1026 926 1672 28248 26883 1182
internal_count=297484 294223 291986 2237 1795 442 290444 216672 19817 196855 3852 193003 19245 572 73772 1542 290 3261 3149 1477 1124 418 1297 498 1026 926 1672 28248 26883 1182
is_linear=0
shrinkage=0.03


Tree=20
num_leaves=31
num_cat=0
split_feature=32 86 33 11 33 54 84 76 48 32 39 3 36 37 26 15 53 51 15 56 7 89 54 85 23 77 15 21 36 28
split_gain=60.5644 64.5534 71.0007 58.5245 55.2333 68.5043 66.8046 94.932 52.4233 51.4534 44.7796 67.6376 62.3119 50.2806 45.4185 44.7528 42.9971 52.3915 42.2183 40.5674 38.8771 56.6024 47.2445 36.7474 39.4047 36.7216 49.3177 100.573 65.7692 47.5353
threshold=-0.0048612528480589381 -0.58333334326744068 0.92942845821380626 0.92475160956382763 0.37278090417385107 1.0253064632415774 -0.55000001192092884 0.11666667088866235 0.9879424273967744 -0.003500125370919704 -0.040918018668889992 0.017191983759403232 0.39101764559745794 0.33450345695018774 0.042683172971010215 0.75119632482528698 0.97930344939231884 0.83158236742019664 1.0420823693275454 1.0025538802146914 0.018888382241129879 -0.44413353502750391 0.9944899082183839 0.87500000000000011 0.010849629528820516 0.091666668653488173 0.86270305514335643 0.89057293534278881 0.84304362535476696 0.012984960805624725
decision_type=8 2 10 8 10 10 2 2 8 8 8 10 10 10 10 10 10 10 8 10 10 10 10 2 10 2 8 8 10 10
left_child=1 2 16 15 5 8 7 -7 9 18 11 13 -13 -6 -15 -2 -1 -18 -5 -9 22 -22 -3 24 -8 29 28 -28 -27 -12
right_child=3 20 -4 4 10 6 23 19 -10 -11 25 12 -14 14 -16 -17 17 -19 -20 -21 21 -23 -24 -25 -26 26 27 -29 -30 -31
leaf_value=-0.0038043984535754563 -0.016235316011027016 -0.011005523211840127 -0.0054064198845922614 0.0067029576055695362 -0.0028095917116267946 -0.0047666889965914967 -0.0012244108000992677 0.014831608264891098 0.0010389573869077743 -0.00085543097299449922 -0.00032309201234184063 -0.0025895222356798601 0.018714370235149446 -0.0035104797276466881 0.0088235578835421605 -0.0019405274118572775 0.018489785823715878 0.0058668229038689144 -0.00026360792462016533 0.00072629705143219942 0.022806049489531001 0.0019560685106610755 -0.00012525278490702654 0.010059135646769597 -0.0055078722318270658 -0.0036070058235230275 0.011314882926838759 0.00049633743890267062 0.0027316423049986221 -0.0045213309683002096
leaf_weight=299 328 385 484 1489 1156 3483 3029 171 22007 59720 37320 133 424 313 991 606 345 3349 1461 8477 126 869 3741 135 6610 5559 761 129212 1932 2600
leaf_count=299 328 385 484 1489 1156 3483 3029 171 22007 59720 37320 133 424 313 991 606 345 3349 1461 8477 126 869 3741 135 6610 5559 761 129212 1932 2600
internal_value=-1.00451e-05 0.00233063 0.00495345 -8.92721e-05 -6.35536e-05 -0.000605793 -0.00210193 -0.000583781 -0.000214812 -0.000660059 0.000255174 0.00387242 0.0131941 0.00155143 0.00562812 -0.00751013 0.00630463 0.00721974 0.00317319 0.00107339 0 0.00528929 -0.00126105 -0.00395051 -0.0041982 0.00019153 0.000425419 0.00056372 -0.00192935 -0.000606163
internal_weight=297515 9598 4477 287917 286983 106582 21905 12131 84677 62670 180401 3017 557 2460 1304 934 3993 3694 2950 8648 5121 995 4126 9774 9639 177384 137464 129973 7491 39920
internal_count=297515 9598 4477 287917 286983 106582 21905 12131 84677 62670 180401 3017 557 2460 1304 934 3993 3694 2950 8648 5121 995 4126 9774 9639 177384 137464 129973 7491 39920
is_linear=0
shrinkage=0.03


Tree=21
num_leaves=31
num_cat=0
split_feature=31 23 74 18 42 57 40 18 59 120 16 38 72 102 109 141 135 68 6 35 38 48 102 113 81 104 4 54 39 96
split_gain=72.4163 64.9305 59.7939 104.162 91.4708 79.427 76.0782 82.6426 55.6532 54.604 50.9173 49.2708 46.3156 45.073 45.0321 44.0019 59.9838 51.4394 43.669 43.0607 55.7667 35.9616 33.4348 31.9782 27.779 25.4389 24.1149 26.2582 46.9376 23.6079
threshold=-0.0082896822132170183 0.081776939332485213 0.55000001192092907 0.95002853870391857 0.078485578298568739 1.168602526187897 -0.032072996720671647 1.0281723737716677 0.9539167881011964 0.25773195922374731 1.0934437513351443 -0.0013404664932750163 0.72784802317619335 0.61602565646171581 0.52777779102325451 0.89884737133979808 1.2963331341743471 0.8461534082889558 0.38889108598232275 0.81388270854949962 0.01686045061796904 0.98169013857841503 0.49576270580291754 0.43835611641407018 0.65000000596046459 0.29285715520381933 0.5524335801601411 1.0440487265586855 -0.015285430010408161 0.095274869352579131
decision_type=8 10 2 8 10 10 8 10 10 10 10 10 10 2 2 10 10 10 10 8 10 8 2 10 2 2 10 10 10 8
left_child=11 2 3 -2 19 6 12 9 -6 -8 -7 15 23 -14 -3 -1 17 -17 24 20 -5 -21 -10 -4 -12 -9 27 29 -29 -13
right_child=1 14 5 4 8 10 7 25 22 -11 18 26 13 -15 -16 16 -18 -19 -20 21 -22 -23 -24 -25 -26 -27 -28 28 -30 -31
leaf_value=0 -0.016266076547423274 -0.011886449874300136 0.0028624824440068178 -0.00073951665840386578 -0.00017399208755645832 -0.00030744005613866779 -0.0017650635598563578 0.0046939878267691516 0.012908112907860845 0.00046095338043550851 -0.00066463589110234481 -0.0046515804102693183 0.0095864136417685326 -0.0021745910746659566 0.0011714297160062761 0.016053408066257564 -0.00063111656913950813 0 0.015518569116381628 -0.00078945872251237831 0.002829648800083991 0.0018298233642736899 0 -0.0043336208545438504 0.0072681773544706211 -0.0078716219881282082 -0.0072450195945879458 -0.0076942056191386657 0.0076612617005988697 0.003380693717952043
leaf_weight=584 353 682 3626 136364 622 988 10866 117 897 107720 474 709 1579 303 295 935 315 180 502 7338 4006 12576 172 609 1273 1428 259 180 1042 551
leaf_count=584 353 682 3626 136364 622 988 10866 117 897 107720 474 709 1579 303 295 935 315 180 502 7338 4006 12576 172 609 1273 1428 259 180 1042 551
internal_value=4.34773e-06 -5.44055e-05 -2.72594e-05 -0.000411745 -0.000373337 0.000452422 0.000330493 0.00016141 0.00651529 0.000254191 0.0050845 0.00366999 0.00359085 0.00753222 -0.00769838 0.00723145 0.0100333 0.0132685 0.00756726 -0.000448688 -0.000635131 0.000849785 0.0106147 0.00174166 0.00496289 -0.00668053 0.000911058 0.00193317 0.00507039 -0.000906739
internal_weight=297545 292790 291813 162328 161975 129485 126248 120131 1691 118586 3237 4755 6117 1882 977 2014 1430 1115 2249 160284 140370 19914 1069 4235 1747 1545 2741 2482 1222 1260
internal_count=297545 292790 291813 162328 161975 129485 126248 120131 1691 118586 3237 4755 6117 1882 977 2014 1430 1115 2249 160284 140370 19914 1069 4235 1747 1545 2741 2482 1222 1260
is_linear=0
shrinkage=0.03


Tree=22
num_leaves=31
num_cat=0
split_feature=32 86 138 1 26 38 50 62 28 32 31 52 33 30 22 35 14 83 46 33 86 82 40 87 125 24 53 23 17 38
split_gain=57.4624 54.6601 59.1238 55.5569 50.8447 70.3895 77.0447 56.7477 83.7214 74.3055 83.1112 60.4868 56.7311 56.3362 89.4452 56.2466 55.0646 52.1067 50.9373 50.4486 49.9378 44.8315 47.3902 44.6804 45.8171 42.5554 40.768 40.7663 34.1481 40.3109
threshold=-0.0048612528480589381 -0.58333334326744068 0.68395915627479564 0.070175420492887511 0.019930385984480384 -0.00082824029959738244 0.69031959772109996 0.86405327916145336 -0.011386926285922526 0.0064158174209296712 0.011539791710674764 0.64494141936302196 0.95096272230148327 -0.00042474368819966907 0.93978479504585277 0.44850952923297888 1.0277273058891299 -1.0000000180025095e-35 1.2163605690002444 0.68777036666870128 0.68333333730697643 0.14166667312383655 -0.043764555826783173 -0.69166666269302357 0.50434342026710521 0.011769213248044254 0.97930344939231884 0.021496306173503402 1.4138610959053042 -0.014948193915188311
decision_type=10 2 10 10 10 10 10 10 10 10 10 10 10 10 10 10 8 10 10 10 2 2 10 2 10 10 10 10 8 10
left_child=1 2 3 -1 27 7 17 8 21 12 -11 -9 -10 14 16 -16 -8 -7 25 -20 -19 -6 -23 -15 -25 -13 -4 -2 -28 -30
right_child=4 -3 26 -5 5 6 13 11 9 10 -12 18 -14 23 15 -17 -18 20 19 -21 -22 22 -24 24 -26 -27 28 -29 29 -31
leaf_value=-0.0034356639148782164 0.00048048406531695675 0.00024976280769718317 -0.0046321509266871747 0.014063265455690654 0.00072773564411762748 0.0013523057898536565 -0.0092757951032410666 0.01719790245130003 0.0014984829534275333 -0.0068245308584093303 0.015362650767589608 0.0011091082890198002 0.012473909754394948 -0.003503011107242862 -0.0024431314705975582 -0.00044227729110185365 0.00049323445036912898 -0.022287720509547127 0 0.0075965328082298932 0 0.016099913378833701 0.00071787602188886095 0.00043578574364602145 -0.0024588750556170454 -0.00061465734371447724 0.0098687357793177666 0.0051969792255886788 0.013948593961139176 -0.0010317590024496032
leaf_weight=1074 70430 5984 213 170 536 166 1989 162 13569 1579 142 16078 428 3218 19874 36070 621 327 1671 1484 117 732 295 46784 5468 63347 2130 1686 183 654
leaf_count=1074 70430 5984 213 170 536 166 1989 162 13569 1579 142 16078 428 3218 19874 36070 621 327 1671 1484 117 732 295 46784 5468 63347 2130 1686 183 654
internal_value=-1.07494e-05 0.00217565 0.00470028 -0.000622307 -9.12936e-05 -0.000323735 -0.000831743 0.000255532 0.0018187 0.00113277 -0.0046661 -6.76791e-05 0.00187281 -0.000770973 -0.00142016 -0.00115906 -0.0068513 -0.0113298 -0.000109337 0.00361049 -0.0165718 0.0084257 0.0120662 -8.00242e-05 0.000126305 -0.000261748 0.00686708 0.00059632 0.00781853 0.00214254
internal_weight=297181 10408 4424 1244 286773 214657 114634 100023 17281 15718 1721 82742 13997 114024 58554 55944 2610 610 82580 3155 444 1563 1027 55470 52252 79425 3180 72116 2967 837
internal_count=297181 10408 4424 1244 286773 214657 114634 100023 17281 15718 1721 82742 13997 114024 58554 55944 2610 610 82580 3155 444 1563 1027 55470 52252 79425 3180 72116 2967 837
is_linear=0
shrinkage=0.03


Tree=23
num_leaves=31
num_cat=0
split_feature=120 50 15 128 1 33 42 5 18 35 76 11 23 72 6 60 79 32 27 11 32 52 52 55 24 7 12 52 84 35
split_gain=50.3863 75.1963 54.211 57.2947 49.8515 62.5895 56.8795 66.1126 51.098 49.4931 46.4247 44.1932 51.9589 50.1225 43.6715 41.0314 51.9281 38.6345 51.7763 38.1543 73.0156 59.4876 38.0421 37.8894 68.3131 44.1241 37.0621 44.2844 40.1752 37.1364
threshold=0.25773195922374731 0.86924263834953319 0.71070930361747753 1.2558231949806216 0.013946969527751209 0.37278090417385107 -0.076648574322462068 0.0086486656218767183 1.0253454446792605 0.74744176864624035 0.25000000745058065 0.98092648386955272 0.034667246043682105 0.66232344508171093 0.69565302133560192 0.9408879578113557 0.94999998807907116 0.0059227584861218938 0.073614552617073073 0.97095018625259411 0.0067304496187716731 0.65631070733070385 0.97882571816444408 0.93262457847595226 0.036025058478116996 -0.049790807068347924 0.9854736626148225 0.66727772355079662 0.75000000000000011 0.67273965477943432
decision_type=8 8 8 10 8 8 8 10 10 10 2 10 10 10 10 10 2 10 10 10 10 10 10 10 10 10 10 10 2 10
left_child=26 2 -2 14 9 8 7 10 19 -3 -7 12 -8 -13 23 -10 -17 18 -5 20 -6 -21 -9 24 -4 -25 27 -1 -28 -29
right_child=1 4 3 17 5 6 11 22 15 -11 -12 13 -14 -15 -16 16 -18 -19 -20 21 -22 -23 -24 25 -26 -27 28 29 -30 -31
leaf_value=-0.014588078852102891 -0.0067279851311656431 0.00027518787723830119 0.016484324185540213 -0.0025073759493175812 0.00064371856270271281 0.0035308007604455964 -0.0017990788450887383 0.0073455911233629503 0.0082551180939350651 0.0023053501810016107 -0.0013796459312126047 -0.00017569557962201915 0.0041799220812018612 0.0015573434834517718 -0.0046266719791186149 -0.012957292279262379 -0.0012592291171542713 -0.007674931459627608 0.0031809481285841705 -0.0095123320511130739 0.018559074793870464 -0.00099556497353611934 -0.00041655373680340644 0.013768954122885519 -0.0052114728332884122 0.0034924304399474326 -0.0026201941382579278 0.002390311082650207 0.0008926453672207761 -0.0069433896416554643
leaf_weight=393 615 66995 129 2731 6459 2876 18017 2655 125 12994 4205 63205 1365 19600 588 796 703 564 2968 737 194 60036 628 393 897 13194 6652 600 5044 867
leaf_count=393 615 66995 129 2731 6459 2876 18017 2655 125 12994 4205 63205 1365 19600 588 796 703 564 2968 737 194 60036 628 393 897 13194 6652 600 5044 867
internal_value=4.0907e-05 0.000127332 0.00180788 0.00207245 -1.34917e-05 -0.000289466 0.000144457 0.00226076 -0.00100094 0.000609226 0.000576848 -6.76477e-05 -0.00135866 0.000231171 0.00306812 -0.00625704 -0.00775745 -0.000298469 0.000403372 -0.000868075 0.00126514 -0.00110688 0.00577642 0.00340414 -0.0019338 0.00383152 -0.00174302 -0.00569238 -0.00108071 -0.00294337
internal_weight=297225 283669 22079 21464 261590 181601 112551 10364 69050 79989 7081 102187 19382 82805 15201 1624 1499 6263 5699 67426 6653 60773 3283 14613 1026 13587 13556 1860 11696 1467
internal_count=297225 283669 22079 21464 261590 181601 112551 10364 69050 79989 7081 102187 19382 82805 15201 1624 1499 6263 5699 67426 6653 60773 3283 14613 1026 13587 13556 1860 11696 1467
is_linear=0
shrinkage=0.03


Tree=24
num_leaves=31
num_cat=0
split_feature=56 1 26 124 39 122 33 49 13 13 25 33 53 10 10 77 3 5 0 33 24 10 34 137 25 12 34 16 67 36
split_gain=54.9656 82.3121 81.9097 69.8284 70.7551 65.0127 64.2667 59.2071 66.4272 60.6399 57.5115 54.525 73.7349 51.5073 46.5971 104.454 50.8436 46.1117 46.0964 44.5215 42.8738 41.3148 37.631 36.6739 43.8116 40.6982 34.6288 29.5647 34.4416 33.6592
threshold=0.91144755482673656 0.054819600656628616 0.036025099456310279 0.60869401693344127 -0.029771540313959118 0.65823549032211315 0.78275394439697277 0.83472758531570446 1.1045321822166445 1.053283751010895 0.012346642557531597 0.37278090417385107 1.0359299778938296 1.0171491503715517 1.009636461734772 0.29166667163372045 0.020586635917425159 0.0086486656218767183 -0.038499040529131882 0.79559361934661876 0.11145476624369623 1.0256932377815249 0.8585173785686494 0.82049238681793224 0.030155290849506858 0.98921403288841259 0.91134512424469005 0.88524588942527782 0.99159604310989391 0.79590147733688366
decision_type=8 10 8 10 10 8 10 8 10 10 10 8 10 10 10 2 10 10 10 10 10 10 10 10 10 10 10 10 10 10
left_child=3 7 19 4 21 23 -6 9 10 14 -9 12 -12 -13 15 -2 17 -16 22 -3 27 -1 -5 24 -4 -26 -10 28 -20 -30
right_child=1 2 5 18 6 -7 -8 8 26 -11 11 13 -14 -15 16 -17 -18 -19 20 -21 -22 -23 -24 -25 25 -27 -28 -29 29 -31
leaf_value=-0.015376793815408435 0.016260857210173049 -0.0064650581890476882 -0.005922341934792962 0 -0.026334660378353737 0.012975301414516414 -0.0039754090072945461 0.0010737723102142742 -0.0068670289278115393 0.018170438710008795 -0.00066868398879481989 -0.00015945457821238662 -0.0061693552072713872 0.0011956849853581473 -0.016153018205023691 -0.0050300393468388034 0.011478282284877468 0 -0.011860374748533548 0.0041395107424815119 -0.01691890004970226 0.00088986494138761215 0.021523800129660427 -0.0014469673144192987 0.0020300494458735901 0.0077886938854806386 0.0065469399357491811 0.012491384519912701 -0.0024815034632665127 0.0079337964392183422
leaf_weight=155 484 1108 307 100 304 709 249 34953 1791 269 88862 124176 2246 31604 251 311 144 300 238 469 141 571 126 1112 2318 2494 153 120 1148 347
leaf_count=155 484 1108 307 100 304 709 249 34953 1791 269 88862 124176 2246 31604 251 311 144 300 238 469 141 571 126 1112 2318 2494 153 120 1148 347
internal_value=-2.53327e-05 1.82531e-05 0.00292176 -0.00375288 -0.00928933 0.00434073 -0.0172807 -6.74987e-05 -0.000102731 0.00538523 -6.33361e-05 -0.00022561 -0.000808903 0.000113663 0.00266826 0.00764482 -0.00265938 -0.00715218 -0.000374801 -0.00311106 -0.00199693 -0.00250004 0.0117165 0.00327187 0.00435696 0.00509665 -0.00560263 -0.000532769 -0.00173797 0
internal_weight=297560 294061 8517 3499 1279 6940 553 285544 283785 1759 281841 246888 91108 155780 1490 795 695 551 2220 1577 1994 726 226 6231 5119 4812 1944 1853 1733 1495
internal_count=297560 294061 8517 3499 1279 6940 553 285544 283785 1759 281841 246888 91108 155780 1490 795 695 551 2220 1577 1994 726 226 6231 5119 4812 1944 1853 1733 1495
is_linear=0
shrinkage=0.03


Tree=25
num_leaves=31
num_cat=0
split_feature=38 31 50 39 46 13 39 106 16 34 24 77 77 13 125 39 6 7 34 11 24 70 14 32 7 1 2 77 24 51
split_gain=56.6419 64.8914 63.7928 71.7024 58.0476 92.6502 75.7503 59.2393 54.8786 96.9286 50.015 54.1698 45.1926 48.7863 43.7625 55.54 65.0062 42.2401 59.6977 42.1661 57.0099 64.1532 107.9 49.9891 66.0848 43.9716 41.1079 41.0891 40.218 53.4624
threshold=-0.001470593560952693 -0.0073597677983343593 0.69031959772109996 -0.0024228292750194664 1.0740185976028445 0.98663148283958446 0.036625599488615997 0.57793521881103527 0.66539305448532116 0.6412504017353059 0.054256098344922073 0.19166667014360431 0.091666668653488173 0.92295676469802868 0.57068714499473583 0.043798496946692474 0.037037078291177757 0.038835020735859878 0.2285835072398186 0.98273015022277843 0.027227651327848438 0.90099027752876293 0.93929126858711254 0.0032933830516412859 -0.013492643367499111 0.014285661745816471 -0.45000179111957544 0.10833333432674409 0.030180219560861591 0.78161370754241954
decision_type=10 8 10 10 8 8 10 2 8 10 10 2 2 8 10 10 10 10 10 8 10 10 8 10 10 10 10 2 10 10
left_child=1 10 3 -2 12 7 17 28 9 -3 11 -1 13 -4 15 27 -17 26 -19 -10 23 22 -22 25 -25 -21 -7 -14 -6 -30
right_child=2 8 4 -5 5 6 -8 -9 19 -11 -12 -13 14 -15 -16 16 -18 18 -20 20 21 -23 -24 24 -26 -27 -28 -29 29 -31
leaf_value=-0.0015740855579506787 0.0027296950439808934 0.0083395517735796801 -0.011810719440061755 -0.016922877514311412 -0.0055658566857280578 0.0011085649302372323 0.0070210034957970584 0.00050404169973990208 0.0026255533986759023 -0.018732897919431633 0.012447825785358595 0.0072766274197519206 0.0045030172891891481 -0.00075159123781915881 -0.0028399940763739278 -0.00093401472479189658 0.017622916656496491 0.015157371904095239 0.00066840419668190562 0.0013089353217836308 0.0029208873725758118 -0.006672850904032167 -0.0021029756090131693 0.0060669830067833341 0.00023774349624228718 -8.8480572892764864e-05 -0.0011215418140727437 0.00046969013208173079 -0.0083014969083195916 0.0028214510819155043
leaf_weight=1206 226 150 349 413 7175 8743 1169 2567 7574 323 623 1168 2352 25044 3266 255 354 334 1114 31629 5429 1713 12910 3386 3836 55357 45553 71490 533 1267
leaf_count=1206 226 150 349 413 7175 8743 1169 2567 7574 323 623 1168 2352 25044 3266 255 354 334 1114 31629 5429 1713 12910 3386 3836 55357 45553 71490 533 1267
internal_value=3.66623e-05 0.000522785 -0.000315342 -0.00964507 -0.000277725 -0.000955501 -0.000451865 -0.00340788 0.000412818 -0.00954901 0.00487861 0.00267953 0.000169442 -0.000924568 0.0005309 0.000683525 0.00959319 -0.000616419 0.0043758 0.000455516 0.00030861 -0.00113788 -0.00059783 0.000619854 0.00302139 0.00041637 -0.00075664 0.000603405 -0.00455874 -0.000362374
internal_weight=297508 125304 172204 639 171565 68455 56913 11542 122307 473 2997 2374 103110 25393 77717 74451 609 55744 1448 121834 114260 20052 18339 94208 7222 86986 54296 73842 8975 1800
internal_count=297508 125304 172204 639 171565 68455 56913 11542 122307 473 2997 2374 103110 25393 77717 74451 609 55744 1448 121834 114260 20052 18339 94208 7222 86986 54296 73842 8975 1800
is_linear=0
shrinkage=0.03


Tree=26
num_leaves=31
num_cat=0
split_feature=16 86 11 40 36 18 122 46 10 26 58 23 78 0 51 34 11 32 5 36 38 51 100 24 27 102 25 95 35 84
split_gain=61.6209 56.4922 57.3663 51.8713 78.2357 51.9516 49.99 49.9688 48.534 47.5659 62.0521 45.7964 44.0888 66.6656 50.7301 39.5012 39.2615 38.6871 34.4016 34.141 33.9526 51.7121 32.9426 32.1693 31.6896 29.8191 29.5194 33.7129 29.4792 43.3328
threshold=1.2346542477607729 -0.81666666269302357 0.92475160956382763 -0.029534909874200817 0.82590049505233776 1.023091793060303 0.66316583752632152 1.117442309856415 1.0374600887298586 0.028562129475176338 1.0044513344764712 0.033715052530169494 0.70000001788139354 -0.018726564943790432 0.89563104510307323 0.88041076064109813 0.96905499696731578 0.0043159390334039935 0.013876842334866525 0.42801530659198767 -0.0016666601877659557 0.97754701972007763 0.64852941036224376 0.05689141899347306 0.096712905913591399 0.59290647506713878 0.053820399567484863 0.21578323096036914 0.71105682849884044 -0.55000001192092884
decision_type=10 2 8 10 10 10 10 10 10 10 10 10 8 10 8 10 10 10 10 10 10 10 2 10 10 2 10 8 10 2
left_child=1 6 26 4 12 9 18 8 -7 11 -11 -5 13 -4 -14 20 -8 22 24 -9 -2 23 -6 -22 28 -19 -3 -28 -1 -30
right_child=15 2 3 5 17 7 16 19 -10 10 -12 -13 14 -15 -16 -17 -18 25 -20 -21 21 -23 -24 -25 -26 -27 27 -29 29 -31
leaf_value=-0.0022753358335904517 0.0056990870476421361 0 -0.0071090322645695602 0.00040927622470965039 0.0067722921333946496 -0.0037630639103096311 0.015556159623973741 0.0034651650232535368 -0.015406971657956455 -0.0006409243077745016 0.0021536473729980845 0.0097623498338967277 0.0038693023046952957 0.00045321034671953043 0.00052681604628726107 0.012682477165096288 0.0016221954024751427 0.017755423433516975 -0.005460685415169312 -0.0023820530440600411 -0.0011948117911066629 -0.010942894627148189 -0.0027130127632472942 0.0094652724724540154 0.0058636130384320927 0.004408924844913115 0 -0.015880178209539186 -0.0010693657054512465 0.0042730759961654942
leaf_weight=15255 1523 271 1398 129192 887 2762 203 1390 380 92682 7691 456 5906 3792 14083 419 1483 426 1968 2431 639 321 449 363 509 365 154 404 7820 1631
leaf_count=15255 1523 271 1398 129192 887 2762 203 1390 380 92682 7691 456 5906 3792 14083 419 1483 426 1968 2431 639 321 449 363 509 365 154 404 7820 1631
internal_value=1.29518e-05 -3.16908e-05 0.000104527 0.000130644 0.00136839 -1.08103e-05 -0.00129224 -0.0025611 -0.00535472 6.53018e-05 -0.000423418 0.000445987 0.000885202 -0.00154568 0.00153227 0.00409972 0.00363844 0.00688701 -0.00161154 -0.000169885 0.00265177 -0.000665457 0.00337026 0.00248319 -0.00129514 0.0122273 -0.00767534 -0.0115107 -0.00145938 -0.000108645
internal_weight=297253 293988 265119 264290 27306 236984 28869 6963 3142 230021 100373 129648 25179 5190 19989 3265 1686 2127 27183 3821 2846 1323 1336 1002 25215 791 829 558 24706 9451
internal_count=297253 293988 265119 264290 27306 236984 28869 6963 3142 230021 100373 129648 25179 5190 19989 3265 1686 2127 27183 3821 2846 1323 1336 1002 25215 791 829 558 24706 9451
is_linear=0
shrinkage=0.03


Tree=27
num_leaves=31
num_cat=0
split_feature=32 25 138 137 38 40 36 13 18 46 71 68 99 49 46 34 38 37 109 34 81 1 10 61 141 74 118 56 7 157
split_gain=64.6315 50.6223 50.0713 62.7302 51.5368 46.9338 102.486 53.0715 89.5016 49.8862 46.1597 55.4337 52.0761 49.4936 45.7717 57.0299 49.3914 44.8797 41.7351 41.4071 41.0758 37.8489 38.6801 41.1159 33.2209 32.9349 31.1278 30.4454 35.3947 29.9781
threshold=-0.0048612528480589381 0.012346642557531597 0.80579292774200451 0.9839913845062257 -0.02506238222122192 -0.030740197747945782 0.81912946701049816 1.0707409381866457 1.0247355103492739 1.231565594673157 0.57352975010871898 0.14723908901214602 0.61250001192092907 0.8196873962879182 1.0107371211051943 0.78610351681709301 -0.0013404664932750163 0.34912891685962683 1.0000000180025095e-35 0.73627069592475902 0.38333334028720861 0.065468672662973418 1.0051680207252505 0.97211623191833507 0.8965260684490205 0.35000000894069677 0.76470664143562328 1.0115928053855898 0.012491744942963125 -0.016632218845188614
decision_type=10 10 10 10 8 8 10 10 10 10 10 10 2 10 10 10 10 10 2 10 2 10 8 8 10 2 10 8 10 10
left_child=2 -2 21 4 -4 6 10 8 14 19 12 29 13 -3 15 -7 -16 -13 25 -10 -9 22 -1 -24 -11 -8 -27 28 -6 -12
right_child=1 5 3 -5 27 7 18 20 9 24 11 17 -14 -15 16 -17 -18 -19 -20 -21 -22 -23 23 -25 -26 26 -28 -29 -30 -31
leaf_value=0.0038916973643861757 0.00099502656736030889 0.013266500116957611 0.024206794525346447 -8.077787064452829e-05 -0.011347215668954675 0.0020000980398697668 0.0027030293901287861 -0.0070031213802497147 -0.0060635362496404268 -0.0065395380944185859 0 0.0042902918281893894 -0.010192907723289206 -0.00032460747492925307 7.1605551780730105e-05 -0.001004167955270797 -0.00089350495505765562 -0.0022273994242785616 0.0014393912951791933 0.00050414269744966287 0.0063452199999753326 0.0080681595916358134 -0.011741655108243734 -0.001113647649634222 0.0083254411199393322 0.017532629518456758 0.004990785551481765 0.0066272765044226014 0.0060144394317355292 0.0082627003327244881
leaf_weight=1137 33489 224 135 1842 179 15453 504 200 4636 153 556 1565 457 17862 82387 8827 111661 2325 958 956 1628 465 365 2980 440 605 391 3135 188 1705
leaf_count=1137 33489 224 135 1842 179 15453 504 200 4636 153 556 1565 457 17862 82387 8827 111661 2325 958 956 1628 465 365 2980 440 605 391 3135 188 1705
internal_value=-1.37073e-05 -9.90754e-05 0.00230307 0.00427416 0.00655018 -0.000244868 0.000930042 -0.000387206 -0.000430068 -0.00398734 0.000333328 0.00258751 -0.000400238 -0.000125241 -0.000327565 0.000895623 -0.000482237 0.000326563 0.00675271 -0.00488948 0.00466247 5.11921e-05 -0.000746065 -0.0024254 0.0039125 0.00988519 0.0130995 0.00565076 -0.00182711 0.00630892
internal_weight=297408 286982 10426 5479 3637 253493 27152 226341 224513 6185 24694 6151 18543 18086 218328 24280 194048 3890 2458 5592 1828 4947 4482 3345 593 1500 996 3502 367 2261
internal_count=297408 286982 10426 5479 3637 253493 27152 226341 224513 6185 24694 6151 18543 18086 218328 24280 194048 3890 2458 5592 1828 4947 4482 3345 593 1500 996 3502 367 2261
is_linear=0
shrinkage=0.03


Tree=28
num_leaves=31
num_cat=0
split_feature=26 38 50 83 51 28 49 108 39 44 138 38 17 33 13 59 26 31 41 13 72 38 84 80 3 113 31 41 39 28
split_gain=46.3025 70.4017 73.6727 71.4508 69.4397 64.5736 65.5041 56.9245 60.7256 54.0953 52.2102 77.3064 69.6354 51.1731 48.4581 50.9064 47.2154 46.9533 63.0499 45.7443 94.8946 71.8279 58.3088 66.5995 44.4854 44.1493 42.9065 41.8356 39.9735 38.9573
threshold=0.020062280818820003 -0.0010238760733045635 0.69031959772109996 -1.0000000180025095e-35 0.64709019660949718 -0.013693425338715313 0.96941897273063671 -0.29166667163372034 -0.017725414596498009 1.0485348105430605 0.85173159837722789 -0.011750271543860434 0.71124613285064708 0.43916061520576483 0.89458343386650097 0.94022339582443248 0.093118049204349532 -0.004346198868006467 0.054988024756312377 0.9658448100090028 0.92336237430572521 0.020111739635467533 0.84999999403953563 0.37500000000000006 0.017735074274241928 0.6169472634792329 -0.0054379908833652726 0.020578600466251377 0.043798496946692474 0.0038630977505818014
decision_type=10 10 10 10 10 10 10 2 10 10 8 10 8 10 10 10 10 10 10 8 10 10 2 2 10 8 10 10 10 10
left_child=25 5 3 -3 14 6 13 8 -8 17 11 16 -13 -2 -4 -16 -11 -7 24 22 21 -21 28 -24 -19 -1 -9 -12 -6 -22
right_child=1 2 4 -5 19 9 7 26 -10 10 27 12 -14 -15 15 -17 -18 18 -20 20 29 -23 23 -25 -26 -27 -28 -29 -30 -31
leaf_value=6.7391902835995776e-05 -0.0032492044514349414 0.0040202155324037779 -0.0014300034271566558 -0.016566462385903234 -0.0034929078857549489 0.0037197109063692815 -0.0017480233751991038 0.015275639002580162 0.0084939791892596692 -0.0065771429853478704 -2.2244841065620858e-05 0.01083408605421122 -0.0012078985641235981 0.012636583810790769 0.029871934047744918 0 0.0033313161715975907 0.00045905771577413204 -0.0049399561468247526 -0.00084810487965516937 0.0008596548852663219 0.0033255550441036986 -0.002103628362810112 0.0054915252069152294 0.0052953934977959406 0.0015979402249838514 0.0033881470191992422 0.0053176084911244498 0.0014305198922078624 0.0063296638011392957
leaf_weight=48595 182 178 119 482 13371 4226 3412 375 593 3767 14101 422 14357 937 142 102 434 52296 1868 92123 2587 3822 2448 1744 1767 26408 1321 1425 1566 2384
leaf_count=48595 182 178 119 482 13371 4226 3412 375 593 3767 14101 422 14357 937 142 102 434 52296 1868 92123 2587 3822 2448 1744 1767 26408 1321 1425 1566 2384
internal_value=-3.28101e-05 -0.000251021 -0.00074025 -0.0106182 -0.00068186 0.000329698 0.00314647 0.0017628 -0.000122337 0.000122973 -0.00081975 -0.0018775 -0.000829603 0.00977776 0.0120285 0.0193397 -0.00547151 0.000668797 0.000431669 -0.00072479 -0.000465766 -0.000678061 -0.00207371 0.000996034 0.000624576 0.000610568 0.0063388 0.000454768 -0.00295545 0.00355793
internal_weight=297554 222551 121068 660 120408 101483 6820 5701 4005 94663 34506 18980 14779 1119 363 244 4201 60157 55931 120045 100916 95945 19129 4192 54063 75003 1696 15526 14937 4971
internal_count=297554 222551 121068 660 120408 101483 6820 5701 4005 94663 34506 18980 14779 1119 363 244 4201 60157 55931 120045 100916 95945 19129 4192 54063 75003 1696 15526 14937 4971
is_linear=0
shrinkage=0.03


Tree=29
num_leaves=31
num_cat=0
split_feature=33 44 32 58 41 11 23 39 10 52 62 19 29 40 82 16 24 46 19 41 113 83 41 48 39 138 126 11 1 28
split_gain=51.6353 60.6851 53.2993 51.4499 57.7291 74.5439 55.8059 53.7908 51.2163 71.3785 68.1971 69.3993 64.5698 57.5906 62.7485 55.0749 50.4185 49.2014 63.215 52.8968 47.1281 46.2271 61.097 45.3377 45.099 53.3603 44.1581 40.5464 39.4827 41.0872
threshold=0.37278090417385107 1.0390713810920718 -0.003427176619879901 0.96675455570220958 0.036391366273164756 0.99385562539100658 0.010563194286078216 -0.014971102122217415 1.0183101296424868 0.89052942395210277 0.68567064404487621 1.0751157402992251 0.028112889267504219 -0.025687374174594876 0.15833333879709247 1.1605792045593264 0.03548522666096688 1.0047824382781985 0.98226574063301098 0.0045386794954538354 0.69230785965919506 -0.70000001788139332 -0.020325587131083008 0.9879424273967744 -0.015618599485605953 0.75158080458641063 0.27884656190872198 0.99632355570793163 0.054819600656628616 -0.026797394268214699
decision_type=8 10 10 10 10 10 10 10 10 10 10 10 10 10 2 8 10 8 8 10 10 10 10 10 10 10 10 10 10 8
left_child=1 2 -1 20 6 -6 27 -7 12 10 13 24 17 -10 -15 -11 -16 -2 -19 -20 -3 22 -8 -4 -12 -26 -23 -5 29 -17
right_child=8 3 23 4 5 7 21 -9 9 15 11 -13 -14 14 16 28 -18 18 19 -21 -22 26 -24 -25 25 -27 -28 -29 -30 -31
leaf_value=0.003558146790641095 0.0019948008922610326 0.0045646658129969804 -0.00063201719104907534 -0.0015833679356187858 -0.00011728764163172398 0.022849322515917852 0.0069644541621008615 0 0.0042767570528158662 -0.00069261628845333799 0.0060680476523238928 -0.0080078301867534812 -0.013015433699445307 0.0064139607945951265 0 -0.0067383314383804406 -0.021252424338737783 -0.0011506451815410435 -8.0791141779405795e-05 0.0014041732426121245 -0.0097833706071938989 -0.0038622911286348561 -0.0043177413934022326 0.0011403609957477913 -0.0013347583831226581 0.0041674775318337482 0.00075718809960180857 0.0016450988969518364 0.0079632818756979074 0.0024786627020457123
leaf_weight=3667 11675 1959 47857 11063 883 251 918 144 369 15060 5609 412 317 127 152 455 334 34304 77505 29732 200 16975 754 17752 2266 4729 1966 5030 1075 4046
leaf_count=3667 11675 1959 47857 11063 883 251 918 144 369 15060 5609 412 317 127 152 455 334 34304 77505 29732 200 16975 754 17752 2266 4729 1966 5030 1075 4046
internal_value=2.84853e-05 -0.000488577 4.51151e-05 -0.00141662 -0.00167816 0.00447541 -0.0019029 0.0149759 0.000330771 0.00137314 0.00302698 0.00361597 9.35304e-05 -0.00439676 -0.0100619 0.000234928 -0.0150436 0.000124306 -2.8123e-05 0.000328311 0.00302025 -0.00293923 0.00170847 -0.000147688 0.00403178 0.00234356 -0.00336669 -0.000554876 0.00278723 0.00145489
internal_weight=297586 109419 69276 40143 37984 1278 36706 395 188167 34634 13998 13016 153533 982 613 20636 486 153216 141541 107237 2159 20613 1672 65609 12604 6995 18941 16093 5576 4501
internal_count=297586 109419 69276 40143 37984 1278 36706 395 188167 34634 13998 13016 153533 982 613 20636 486 153216 141541 107237 2159 20613 1672 65609 12604 6995 18941 16093 5576 4501
is_linear=0
shrinkage=0.03


Tree=30
num_leaves=31
num_cat=0
split_feature=32 30 16 120 35 121 24 21 29 125 74 12 84 77 29 51 31 78 51 12 138 53 1 77 124 6 74 10 81 92
split_gain=50.3195 45.5711 74.3304 59.5262 55.2734 54.8149 77.6797 54.6543 51.5157 48.7999 45.6096 44.6756 46.7716 44.1964 54.0645 50.1971 46.4473 80.1277 60.7451 43.3532 45.4922 43.0831 39.8531 43.7238 41.038 40.3576 38.4809 36.4353 34.9448 34.3675
threshold=-0.0048612528480589381 -0.00042474368819966907 0.93408358097076427 0.25185209512710577 0.1763018146157265 0.29397556185722357 0.050488414242863662 0.8996485471725465 0.00093348117661662411 -0.47517757117748255 0.15000000223517421 0.9854736626148225 0.75000000000000011 0.091666668653488173 -0.0073995066341012708 0.77032306790351879 0.0035153066273778681 0.90000000596046459 0.8772580921649934 0.98921403288841259 0.62974858283996593 0.97930344939231884 0.022413795813918117 0.74166667461395275 -0.099299158900976167 0.44444300234317785 0.25000000745058065 1.023657560348511 0.61666667461395275 0.39385432004928594
decision_type=10 10 8 8 10 10 10 10 10 10 2 10 2 2 10 10 10 10 10 8 8 10 10 2 10 10 2 10 2 10
left_child=19 2 4 11 10 6 7 -5 -6 26 -2 -3 -13 14 -7 -16 18 -18 -15 21 -21 -1 -11 24 -24 -25 -4 -14 -22 -23
right_child=1 3 9 5 8 13 -8 -9 -10 22 -12 12 27 16 15 -17 17 -19 -20 20 28 29 23 25 -26 -27 -28 -29 -30 -31
leaf_value=-0.0014062096794649702 0.0052697271524615747 -0.0060902062916065348 0.00051380199435290019 0.0096456952396312846 -0.01050339516816361 0.0090224306380604861 -0.010468210050582209 0.0024037920092366033 0.00037754824343718275 -0.00012350935768195388 -0.0037162414401972132 -0.0026935566996707902 0.00011980039327122776 0.0034099022818647471 0.0063976412445996148 -0.0011057612670324413 -0.0015464129002790718 0.0022276238228835536 0.00069511942929659481 -0.0033505275248846603 7.0627421934574226e-06 0.011281234606982913 -0.0024194230630825236 0.00014848338726309261 -0.00018054092793295124 0.0081807490564530135 0.0047075827745224029 0.0077214308390398997 0.0042660228772976655 0
leaf_weight=415 677 1782 8034 1320 1565 481 310 3834 449 79906 1753 5957 4037 8321 797 27317 18227 6948 74320 1587 3600 1086 22342 3480 11444 672 2687 658 3602 245
leaf_count=415 677 1782 8034 1320 1565 481 310 3834 449 79906 1753 5957 4037 8321 797 27317 18227 6948 74320 1587 3600 1086 22342 3480 11444 672 2687 658 3602 245
internal_value=1.71755e-05 -5.65393e-05 -0.000464326 0.000293029 -0.0042757 0.00046919 0.00341629 0.00434663 -0.00795025 -0.000329604 -0.00106771 -0.00169044 -0.000916251 0.00034846 -0.000694778 -0.000877988 0.000628008 -0.000491975 0.000972855 0.0020523 0.00114574 0.0063812 -0.000507905 -0.00130913 -0.0016705 0.0015534 0.00159963 0.00127702 0.00218459 0.00901622
internal_weight=297853 287318 133009 154309 4444 141875 5464 5154 2014 128565 2430 12434 10652 136411 28595 28114 107816 25175 82641 10535 8789 1746 117844 37938 33786 4152 10721 4695 7202 1331
internal_count=297853 287318 133009 154309 4444 141875 5464 5154 2014 128565 2430 12434 10652 136411 28595 28114 107816 25175 82641 10535 8789 1746 117844 37938 33786 4152 10721 4695 7202 1331
is_linear=0
shrinkage=0.03


Tree=31
num_leaves=31
num_cat=0
split_feature=61 1 39 124 86 1 51 35 37 56 49 13 33 9 12 33 32 39 40 72 117 142 68 117 116 61 71 30 74 33
split_gain=53.0089 56.6111 62.5057 59.0913 47.1611 76.5078 70.371 60.6541 47.0447 43.7675 110.645 96.6716 62.7427 63.8624 56.3299 100.199 70.411 67.623 55.0128 60.4749 52.0787 47.1304 42.4367 41.8178 40.0092 38.6535 36.6332 39.295 36.0629 33.814
threshold=1.0581257939338686 0.0568278655409813 -0.019415786489844319 -0.52875137329101551 -0.81666666269302357 0.017797518521547321 0.95698019862174999 0.45783911645412451 0.83085325360298168 0.91144755482673656 0.83472758531570446 1.1168913841247561 0.87422770261764537 0.98039206862449657 0.99182727932930004 0.91173577308654796 -0.00070875330129638303 0.024869378656148914 -0.043764555826783173 0.71568635106086742 0.6111108958721162 1.130151152610779 0.7500002682209016 0.34848494827747351 0.66559484601020824 0.79346299171447765 0.38095246255397802 -0.002656556665897369 0.35000000894069677 0.93237239122390758
decision_type=10 10 10 10 2 10 10 10 10 8 8 10 10 10 10 10 10 10 8 10 10 10 10 10 10 8 10 8 2 10
left_child=4 2 3 -2 5 -1 26 8 -8 12 14 18 13 -6 16 -16 17 -11 19 -12 24 -13 -14 -3 -15 -20 -7 -28 -9 -5
right_child=1 23 -4 29 9 6 7 28 -10 10 11 21 22 20 15 -17 -18 -19 25 -21 -22 -23 -24 -25 -26 -27 27 -29 -30 -31
leaf_value=0.00057666742981773457 -0.0075520589685297628 0.014023004990175083 0.0031161265279926018 0.0076489341874254298 -0.01372010688159035 0.0036287251739281568 -0.0083722765295331913 -0.0032553722420694759 0.00070747379638589182 0.015662055713910376 0.0011170356650621934 -0.023346218786917106 0.016378047999382118 -0.00026472548613747381 0.01313530932614366 -0.01125775952166392 -0.0095082193940446598 -0.0074295417993930695 0.0037228495694369337 0.0073496877739613279 -0.0074823181668907026 -0.0047765930974964475 -0.00029868597322730607 0.0033254232173281374 0.016718902339357449 -2.9954155341232267e-05 -0.0066853922187333475 0.0032118359067641921 0.001616328397907769 -0.0042028066912963655
leaf_weight=11516 1173 572 4440 499 742 2065 3153 6455 538 316 7260 195 129 337 1270 143 346 138 2475 1776 703 463 1400 1017 152 244685 846 557 1630 321
leaf_count=11516 1173 572 4440 499 742 2065 3153 6455 538 316 7260 195 129 337 1270 143 346 138 2475 1776 703 463 1400 1017 152 244685 846 557 1630 321
internal_value=1.84646e-05 0.00242167 0.00110413 -0.00321558 -4.7302e-05 -0.0012472 -0.00264364 -0.00375399 -0.00697129 7.39483e-05 0.000119968 6.09797e-05 -0.00326359 -0.00684918 0.00677031 0.0103346 1.04571e-05 0.00799279 9.20732e-05 0.0023887 -0.00216879 -0.0112486 0.00110794 0.00748918 0.00487455 6.71e-06 0.00104059 -0.00255539 -0.00223462 0.00266267
internal_weight=297312 8022 6433 1993 289290 26760 15244 11776 3691 262530 259067 256854 3463 1934 2213 1413 800 454 256196 9036 1192 658 1529 1589 489 247160 3468 1403 8085 820
internal_count=297312 8022 6433 1993 289290 26760 15244 11776 3691 262530 259067 256854 3463 1934 2213 1413 800 454 256196 9036 1192 658 1529 1589 489 247160 3468 1403 8085 820
is_linear=0
shrinkage=0.03


Tree=32
num_leaves=31
num_cat=0
split_feature=42 79 11 29 22 10 80 81 70 56 28 49 119 23 20 42 137 41 1 76 4 28 22 75 54 29 61 17 55 16
split_gain=51.8101 55.3897 52.037 51.8369 88.3076 59.7842 56.0815 54.1615 53.8717 51.8057 86.1592 62.4113 52.8287 47.7024 45.723 106.165 48.6115 58.9552 54.9758 44.5133 42.179 40.7154 39.3004 39.1614 37.707 37.0531 35.4768 35.1213 34.3289 32.9834
threshold=-0.10234589874744414 0.45000000298023229 0.99074977636337291 -0.00044414788135327393 1.0942281484603884 1.0603495836257937 0.47499999403953558 0.083333335816860213 0.65909111499786388 0.91144755482673656 -0.017197139561176297 0.8196873962879182 0.2004831284284592 0.02698545623570681 0.90781801939010631 0.067252509295940413 0.55574238300323497 -0.03014513477683067 0.018359184265136722 0.18333333730697635 0.39541661739349371 0.012984960805624725 0.94225910305976879 0.72499999403953563 1.0040569901466372 -0.014273019973188637 0.73611807823181163 1.3184605836868288 1.0622757673263552 0.88524588942527782
decision_type=8 2 10 8 10 10 2 2 10 8 8 8 10 10 10 10 10 10 10 2 10 10 10 2 10 10 10 8 10 10
left_child=1 -1 13 14 5 9 7 24 -9 12 -11 -12 29 25 -2 16 17 20 -19 -6 -16 -17 26 -4 -7 -3 -18 -15 -27 -5
right_child=3 2 23 4 19 6 -8 8 -10 10 11 -13 -14 27 15 21 22 18 -20 -21 -22 -23 -24 -25 -26 28 -28 -29 -30 -31
leaf_value=-0.0071860282020104055 -0.011359978879022714 0 0 -0.0020628842808882311 0.0066542684119091809 -0.011934621961217775 -0.00098481864315276384 0.0057224504173894629 0.02879346604633734 0.0088050260174161281 0.008437581442248876 0.00011503343573801976 -0.0097443981799507778 0.00032054142488634608 0.0011303763462511959 0.011759697651315137 0.012528893884493788 -0.00050845665378326636 -0.0022218819301854597 -0.00028094460760356391 -0.002156372929712283 -0.0048862126398573286 0.00054385543098013883 0.013601213866708482 0.0095274017799807636 0 -0.0028063619073604822 0.013295458158990562 0.017042647431589317 0.012586525092778522
leaf_weight=429 329 222 2950 1907 2898 101 427 234 216 1028 797 143313 908 1138 16863 844 114 34606 33935 1050 4379 117 42706 185 164 137 4627 219 713 126
leaf_count=429 329 222 2950 1907 2898 101 427 234 216 1028 797 143313 908 1138 16863 844 114 34606 33935 1050 4379 117 42706 185 164 137 4627 219 713 126
internal_value=0 0.00275573 0.00359898 -5.75498e-05 0.000321583 0.000201998 0.0069858 0.0120513 0.0181889 0.000146719 0.00022878 0.000164307 -0.00377587 0.00689662 -0.000478928 -0.000449213 -0.000521509 -0.000932614 -0.00136156 0.00474207 0.000437318 0.00936898 0.000250163 0.000921362 3.14129e-05 0.0116676 -0.00232352 0.00279506 0.0144638 -0.000895054
internal_weight=297682 5993 5564 291689 153169 149221 1142 715 450 148079 145138 144110 2941 2429 138520 138191 137230 89783 68541 3948 21242 961 47447 3135 265 1072 4741 1357 850 2033
internal_count=297682 5993 5564 291689 153169 149221 1142 715 450 148079 145138 144110 2941 2429 138520 138191 137230 89783 68541 3948 21242 961 47447 3135 265 1072 4741 1357 850 2033
is_linear=0
shrinkage=0.03


Tree=33
num_leaves=31
num_cat=0
split_feature=28 72 53 62 24 12 61 5 39 82 24 49 117 3 84 35 25 84 16 38 17 48 124 19 53 80 16 40 53 33
split_gain=54.1868 72.5834 53.6383 48.9425 111.2 139.813 74.465 56.8366 84.7254 54.459 45.6522 44.5263 57.6501 57.9077 63.0253 60.7629 47.6014 46.1734 43.6367 69.7599 55.3999 55.2527 50.3813 42.4041 39.4467 37.817 40.3459 36.474 35.9104 35.5796
threshold=-0.011131388600915669 0.67105302214622509 1.0366457104682925 0.68567064404487621 0.039033725857734687 0.98424416780471813 0.77947142720222484 0.01334414165467024 0.03947852365672589 0.17500000447034839 0.024759571067988876 0.83472758531570446 0.6111108958721162 0.0072728081140667209 0.35000000894069677 0.22231139987707141 0.013608650304377081 0.75000000000000011 1.1605792045593264 -1.0000000180025095e-35 1.0456632375717165 0.92350393533706676 -0.54385921359062184 0.91232162714004528 1.0260444283485415 0.17500000447034839 0.86886852979660045 0.03071702923625708 1.1085178852081301 0.87422770261764537
decision_type=10 10 10 10 10 10 10 10 10 2 10 10 10 10 2 10 10 2 8 8 10 8 10 10 10 2 10 10 10 10
left_child=1 18 -3 4 5 10 -7 -6 9 -9 -2 12 13 14 -5 17 -13 -15 20 22 24 -21 -20 -16 -1 26 -4 -8 -22 -23
right_child=3 2 25 11 7 6 27 8 -10 -11 -12 16 -14 15 23 -17 -18 -19 19 21 28 29 -24 -25 -26 -27 -28 -29 -30 -31
leaf_value=0.011539376893473424 0.00021056813424696552 -0.00021073624232216038 0.0096221581950188349 0 -0.013620674089052097 0.010520317635108608 -0.010452864591178486 0.016645743133883704 -0.019999834751070013 -0.0030472904555371976 0.026518498141848451 0.000752614785461015 -0.001357396238582341 0 0.0046091041777347498 0.0064840895782424402 -0.00030947032371637966 -0.020932931138983656 0.0021728665334890263 0.013843834375753542 -0.001490441139319203 0.0013761044410329365 0.010172696367074295 0.021199444225245053 0.0011665924873085884 0.013536797407895413 -0.0014007435582814164 0.0030014980435088597 -0.017297106007839937 -0.0046489888834994435
leaf_weight=334 112 810 591 287 1009 252 687 184 148 272 212 45866 1343 223 283 680 218180 135 1615 225 8384 2227 1459 484 8231 840 497 192 116 1393
leaf_count=334 112 810 591 287 1009 252 687 184 148 272 212 45866 1343 223 283 680 218180 135 1615 225 8384 2227 1459 484 8231 840 497 192 116 1393
internal_value=3.36961e-06 0.00129261 0.00591794 -0.000122945 -0.00388017 0.0019578 -0.00286041 -0.00928948 -0.00136867 0.00463429 0.0188375 -7.84418e-05 0.00330208 0.00641989 0.0113377 0.00102277 -0.000123802 -0.00835125 0.000747596 0.00275441 -5.07802e-05 0 0.00610797 0.015732 0.00163197 0.00862248 0.00438173 -0.00717893 -0.00178146 -0.000872779
internal_weight=297271 26722 2738 270549 3068 1455 1131 1613 604 456 324 267481 3435 2092 1054 1038 264046 358 23984 6919 17065 3845 3074 767 8565 1928 1088 879 8500 3620
internal_count=297271 26722 2738 270549 3068 1455 1131 1613 604 456 324 267481 3435 2092 1054 1038 264046 358 23984 6919 17065 3845 3074 767 8565 1928 1088 879 8500 3620
is_linear=0
shrinkage=0.03


Tree=34
num_leaves=31
num_cat=0
split_feature=40 36 45 26 62 24 38 5 13 59 79 115 49 10 112 66 114 29 16 17 7 49 58 25 33 86 113 15 33 79
split_gain=48.2669 78.7529 53.1112 74.6888 67.3822 96.9934 89.2286 74.593 73.5552 55.2049 71.992 59.7913 54.8299 101.629 76.5494 60.7443 55.4665 62.4216 85.8427 58.6694 52.7145 50.5137 49.9775 47.1125 43.8286 42.3519 48.8924 43.0644 38.9568 38.3443
threshold=-0.030142763629555699 0.81912946701049816 1.0266041159629824 0.10153014212846757 0.68567064404487621 0.03548522666096688 0.01610655710101128 0.013592263218015434 0.95799162983894359 0.94534283876419078 0.55000001192092907 0.53960400819778453 0.9109402894973756 1.0189394354820254 -0.0168079100549221 0.26568628847599035 0.55421638488769542 -0.00019778237765422088 1.1096674799919131 0.66476282477378856 0.043824752792716033 0.85327547788620006 0.91886547207832348 0.073025293648242964 0.48628209531307226 0.81666666269302379 0.83870935440063488 0.86270305514335643 0.36764404177665716 0.15000000223517421
decision_type=10 10 10 10 10 10 10 10 10 8 2 10 10 10 2 10 8 10 10 8 10 10 10 10 10 2 10 10 10 2
left_child=1 -1 3 9 5 6 8 -7 -4 10 25 -12 13 15 23 -6 17 19 -19 -14 -17 -5 -13 -15 -18 26 -2 -27 -10 -16
right_child=2 -3 4 21 12 7 -8 -9 28 -11 11 22 16 14 29 20 24 18 -20 -21 -22 -23 -24 -25 -26 27 -28 -29 -30 -31
leaf_value=0.0006319486886331709 0 0.0058126017693157462 0.0085415792428830163 0 0.0066840490125200692 -0.021806834307290721 0.019260287929294902 -0.00095973845983389776 -0.0022183041436396721 0.00080790494799619784 -0.006048707636887799 0.019538405195892075 0.014277394970080683 0.013437831767617439 0.0053424385885048669 -0.00075228494896819719 -0.0027055814421435838 0.00049088195979547669 0.0062597242313747192 -0.0005876121146427604 -0.010482520995203269 0.024325115219548797 0.0043125050374463016 0.0027588036258995572 -0.00036977062819569458 -0.0026968666057275706 -0.0041724029002844793 0.0032338216941159743 -0.01979727203928992 -0.0022646222150851745
leaf_weight=27627 3694 2932 236 100 848 449 158 280 309 70160 323 252 218 1208 1170 4896 16378 24950 2563 109263 553 178 1084 665 13538 1862 7276 2571 223 1115
leaf_count=27627 3694 2932 236 100 848 449 158 280 309 70160 323 252 218 1208 1170 4896 16378 24950 2563 109263 553 178 1084 665 13538 1862 7276 2571 223 1115
internal_value=1.25023e-05 0.0011423 -0.00011599 0.000488125 -0.000412961 -0.00641248 0 -0.0144397 -0.00425624 0.000433259 -0.00108889 0.00476518 -0.000354571 0.00174469 0.00538023 -0.000617851 -0.000488057 -0.000229844 0.00104334 -0.000552671 -0.00182935 0.015511 0.00765151 0.00987398 -0.00165952 -0.00174422 -0.00274836 0.000674451 -0.0105807 0.00151287
internal_weight=297079 30559 266520 87500 179020 1655 926 729 768 87222 17062 1659 177365 10455 4158 6297 166910 136994 27513 109481 5449 278 1336 1873 29916 15403 10970 4433 532 2285
internal_count=297079 30559 266520 87500 179020 1655 926 729 768 87222 17062 1659 177365 10455 4158 6297 166910 136994 27513 109481 5449 278 1336 1873 29916 15403 10970 4433 532 2285
is_linear=0
shrinkage=0.03


Tree=35
num_leaves=31
num_cat=0
split_feature=42 79 11 23 76 121 28 29 28 22 120 21 114 55 96 31 20 42 14 17 137 32 7 69 51 29 39 38 80 33
split_gain=49.8888 55.5155 54.4297 56.8872 45.4374 44.2861 43.7226 44.3824 70.9085 65.1827 47.5606 52.0568 43.1303 47.7455 43.0986 41.6249 40.2698 98.1337 46.5981 37.864 37.5441 35.6052 38.4032 35.0869 34.7481 34.6763 30.4624 29.5536 29.3306 38.384
threshold=-0.10234589874744414 0.45000000298023229 0.99084672331810009 0.027440508827567104 0.18333333730697635 0.6231883466243745 -0.032709637656807893 -0.00019778237765422088 -0.012222226709127424 1.0942281484603884 0.25773195922374731 0.91351643204689037 0.55652177333831798 1.0967128872871401 0.005680154776200653 0.010280944872647526 0.9127485752105714 0.067252509295940413 0.98368129134178173 1.0039747953414919 0.56065192818641674 0.00615019933320582 -0.027653847821056839 0.40000003576278692 0.64709019660949718 -0.014273019973188637 -0.01148740667849779 -0.012089515104889868 0.32500000298023229 0.61394557356834423
decision_type=8 2 10 10 2 10 8 10 8 10 10 10 10 10 10 10 8 10 8 10 10 10 10 10 10 10 10 10 2 10
left_child=1 -1 3 25 5 -4 14 16 15 10 24 -12 13 -11 -2 21 23 18 19 -18 -20 -9 -23 -8 -10 -3 -14 -7 29 -19
right_child=6 2 4 -5 -6 27 7 8 9 12 11 -13 26 -15 -16 -17 17 28 20 -21 -22 22 -24 -25 -26 -27 -28 -29 -30 -31
leaf_value=-0.0072198175333869586 0.0025804814443737005 7.3669300433628417e-05 0.017779261744226907 0.0024032332592018512 -0.001280139070235004 0.011910430465604326 0 0.002231710296977091 -0.0097323767925898263 0.0082951663404102881 0.0026344091990962199 0.00016759715740769735 0.0069607267466171661 -0.0022950992435526256 -0.014628532698632403 0.017442728488474175 -0.0013397307711671535 0.015671682147900962 -0.00067805909607429246 -0.0067731364892445068 0.00036496132610183544 0.020903753877002478 0 -0.017804371655230557 -0.001236479213820831 0.014684105396416076 -0.00397567908563472 -0.0019125736073978344 -0.00052569176834910657 0.00054155893863833018
leaf_weight=428 156 225 224 1316 2250 170 174 2102 443 2073 8253 118252 298 409 341 224 3881 556 90929 1762 46743 189 100 204 12737 874 760 427 181 264
leaf_count=428 156 225 224 1316 2250 170 174 2102 443 2073 8253 118252 298 409 341 224 3881 556 90929 1762 46743 189 100 204 12737 874 760 427 181 264
internal_value=1.66923e-05 0.00274051 0.00359547 0.0069636 0.000821833 0.00683258 -3.78117e-05 -2.12642e-05 0.00034695 0.000254992 0.000150579 0.00033129 0.00426676 0.00642573 -0.00875577 0.00522952 -0.000394464 -0.000365973 -0.000433935 -0.00310719 -0.000321748 0.00382569 0.0135536 -0.00995326 -0.00155908 0.0120158 -0.000545008 0.00179589 0.00888837 0.0112865
internal_weight=296945 5914 5486 2415 3071 821 291031 290534 145840 143225 139685 126505 3540 2482 497 2615 144694 144316 143315 5643 137672 2391 289 378 13180 1099 1058 597 1001 820
internal_count=296945 5914 5486 2415 3071 821 291031 290534 145840 143225 139685 126505 3540 2482 497 2615 144694 144316 143315 5643 137672 2391 289 378 13180 1099 1058 597 1001 820
is_linear=0
shrinkage=0.03


Tree=36
num_leaves=31
num_cat=0
split_feature=57 1 121 26 33 41 1 39 13 70 17 38 1 42 51 36 64 48 1 110 51 41 85 132 41 32 82 86 12 73
split_gain=42.4057 66.9571 74.5419 50.3584 56.8023 60.6508 65.695 63.8528 59.0422 95.1753 82.0572 71.4699 58.0775 55.9706 50.3762 48.2137 42.7066 46.0628 43.891 40.4558 52.3919 70.4046 108.021 45.5842 37.1485 33.8091 33.7963 31.6611 31.1042 31.0795
threshold=0.80647325515747081 0.054819600656628616 0.68752783536911022 0.028726626187562946 0.25649750232696539 0.033330366015434272 0.024193548597395424 0.036625599488615997 0.98519518971443187 0.36000053584575659 0.66476282477378856 -0.0063732624985277644 0.035947712138295181 -0.03898880444467067 0.64709019660949718 0.60733139514923107 0.47499999403953558 0.98228129744529735 0.038205996155738838 0.3514705896377564 0.86854034662246715 0.00093000041670165967 0.67499998211860668 1.1284993290901186 -0.03748780116438865 0.0079178907908499258 0.55833333730697643 0.88333332538604747 1.0009178519248965 0.30000000447034841
decision_type=8 8 10 10 8 10 10 10 8 10 8 10 10 10 10 10 10 10 10 2 8 10 2 10 10 10 2 2 10 10
left_child=28 3 19 16 5 7 15 25 11 10 -10 14 -11 -13 -6 -7 18 27 -2 20 21 23 -23 -3 -20 -5 -9 -18 -1 -8
right_child=1 2 -4 4 8 6 29 26 9 12 -12 13 -14 -15 -16 -17 17 -19 24 -21 -22 22 -24 -25 -26 -27 -28 -29 -30 -31
leaf_value=-0.0096471354148506758 -9.0866318970019553e-05 0.012962363071639981 0.010289658238148487 -0.0019017043574754546 -0.014411376298870892 -0.0066586283788747846 0.012006534354561168 -0.0012546695994775899 0.018277217797315611 0.0014078533254468506 -0.00054002743536227683 -0.0077657886723141618 0.0059332923848901681 -0.001491011897265856 0.0014879421686947007 0.0029244522541579348 0.0001807215878073484 0.0019628533198740579 0.00072710242642473632 -0.0050860495067543672 -0.00024968651082910736 0.0054038058078743319 -0.0070740369394969365 -0.00064953767808572369 -0.0082969107082780831 -0.011324056529793423 0.013658975528267557 0.0032584352970195301 0 0.0031956110879885042
leaf_weight=687 66818 1052 978 33887 160 993 506 160 189 20293 37619 1359 2981 25675 9516 819 55713 22308 561 715 3964 2179 839 225 1073 341 342 3185 456 1800
leaf_count=687 66818 1052 978 33887 160 993 506 160 189 20293 37619 1359 2981 25675 9516 819 55713 22308 561 715 3964 2179 839 225 1073 341 342 3185 456 1800
internal_value=1.42298e-05 3.76781e-05 0.00245477 -4.54602e-05 -0.000462745 -0.00143333 0.0019671 -0.00184605 -7.38991e-05 0.000494213 -0.000428417 -0.00102711 0.00200496 -0.00182304 0.00116491 -0.00217881 0.000333534 0.000799523 -0.00021497 0.00154657 0.00216791 0.00445953 0.0018125 0.0103597 -0.005046 -0.00201089 0.00846496 0.000353295 -0.00570143 0.00534456
internal_weight=297393 296250 9952 286298 136640 38848 4118 34730 97792 61082 37808 36710 23274 27034 9676 1812 149658 81206 68452 8974 8259 4295 3018 1277 1634 34228 502 58898 1143 2306
internal_count=297393 296250 9952 286298 136640 38848 4118 34730 97792 61082 37808 36710 23274 27034 9676 1812 149658 81206 68452 8974 8259 4295 3018 1277 1634 34228 502 58898 1143 2306
is_linear=0
shrinkage=0.03


Tree=37
num_leaves=31
num_cat=0
split_feature=57 49 13 57 3 34 99 20 38 25 35 58 52 67 96 58 40 33 47 46 115 22 55 81 137 0 128 16 35 124
split_gain=40.8861 53.3405 62.4682 50.4001 52.1816 63.9909 59.782 47.9807 42.1411 41.9043 45.4304 54.1819 61.1571 53.2702 57.0704 42.8547 39.4218 35.9016 33.7724 32.5248 56.5875 32.9062 30.166 29.0832 38.7332 35.0254 30.3012 28.3707 27.5821 27.1577
threshold=0.80647325515747081 0.83472758531570446 1.0679420828819277 0.88065612316131603 0.0059406335931271323 0.6051127314567567 0.68333333730697643 0.91721084713935863 0.020111739635467533 0.012346642557531597 0.47179159522056585 1.0223648548126223 0.97882571816444408 0.058578431606292732 0.045549228787422187 0.92646941542625438 0.049291612580418594 0.73872590065002453 1.0152463316917422 1.1014712452888491 0.43529425561428076 1.2062091231346133 0.94157832860946666 0.25000000745058065 0.22796556353569034 0.011840682942420246 0.80450960993766796 1.1656734347343447 0.66520190238952648 0.64745023846626293
decision_type=8 10 10 8 8 10 2 8 10 10 10 10 10 10 10 10 10 10 10 10 10 10 10 2 10 10 10 8 10 10
left_child=23 2 3 29 5 -5 7 -6 9 -3 13 22 -13 14 -11 -15 19 -8 -18 -10 21 -21 -12 24 -1 26 -25 -22 -7 -2
right_child=1 8 -4 4 6 28 17 -9 16 10 11 12 -14 15 -16 -17 18 -19 -20 20 27 -23 -24 25 -26 -27 -28 -29 -30 -31
leaf_value=0.010088031482292202 -0.0056633610796063185 0.00091207695469421425 0.018189950396195056 0 0.022549842497945286 0.017583172433311686 0.00082082159622614051 0.0020954247323223514 0.00047947189319055145 -0.00045633049238114407 -0.0036970157434345458 0.0082094605355823701 8.9127263089634499e-05 0.0056576280529291008 -0.0048457391097414633 -0.00047673490138980864 0.0080497854681492887 -0.015046195730540619 -0.007766593028090938 0.00027286127779522498 0.014706082378253972 0.011795212931980036 0.00013983980185326291 -0.010373167910348173 -0.0061258771575112819 -0.020712695121742085 0.0043582865164353271 0 0 0.0023614070563817385
leaf_weight=185 788 34724 230 343 111 596 181 757 1667 5665 1848 1574 1914 1008 5321 108774 125 245 492 1314 709 265 126570 270 353 182 172 112 106 637
leaf_count=185 788 34724 230 343 111 596 181 757 1667 5665 1848 1574 1914 1008 5321 108774 125 245 492 1314 709 265 126570 270 353 182 172 112 106 637
internal_value=6.80192e-06 3.00383e-05 0.00346516 0.00239474 0.00512346 0.0100717 0.000806634 0.00549794 -1.61414e-05 -6.32578e-05 -0.000198543 0.000184608 0.00386495 -0.000619475 -0.00261451 -0.000416658 0.002799 -0.00789744 -0.00393921 0.00390892 0.00614335 0.00251759 8.17227e-05 -0.00556032 0 -0.00986862 -0.00405071 0.0125342 0.0151458 -0.0018855
internal_weight=297238 296076 3994 3764 2339 1045 1294 868 292082 287398 252674 131906 3488 120768 10986 109782 4684 426 617 4067 2400 1579 128418 1162 538 624 442 821 702 1425
internal_count=297238 296076 3994 3764 2339 1045 1294 868 292082 287398 252674 131906 3488 120768 10986 109782 4684 426 617 4067 2400 1579 128418 1162 538 624 442 821 702 1425
is_linear=0
shrinkage=0.03


Tree=38
num_leaves=31
num_cat=0
split_feature=19 49 117 9 44 113 74 39 32 35 48 24 78 58 39 1 33 119 33 46 53 42 42 41 46 61 59 99 3 39
split_gain=39.448 66.9351 61.7774 58.8275 45.2837 72.0881 41.747 66.0953 77.8121 56.3446 54.3315 47.7115 45.0827 67.8489 45.6335 42.5439 48.0951 38.757 38.6845 38.3457 51.641 57.0595 50.5964 46.2567 37.9403 50.6491 45.3366 36.9616 38.743 40.3474
threshold=0.91232162714004528 0.83472758531570446 0.5805739462375642 0.98556223511695873 1.0096409916877749 0.41304422914981848 0.55000001192092907 0.043798496946692474 0.0023101016413420443 0.77070519328117382 0.98128899931907665 0.05689141899347306 0.30000000447034841 0.9814581871032716 -0.037361815571784966 0.014950920362025501 0.41719211637973791 0.23529334366321566 0.52171587944030773 1.0627848505973818 0.99400368332862865 -0.047994995489716523 0.087037336081266417 0.035584587603807456 1.1810125708580019 1.0055817961692812 1.031913757324219 0.58571431040763866 0.01037512067705393 -0.012871027924120424
decision_type=8 8 10 10 10 10 2 10 10 8 10 10 8 10 8 10 8 10 10 8 10 10 10 10 10 10 10 2 10 10
left_child=17 2 4 -4 -2 -6 9 10 -9 19 12 15 14 -14 -8 -11 -17 27 -19 22 21 -21 -3 -22 25 -12 -26 -1 -29 -30
right_child=1 6 3 -5 5 -7 7 8 -10 11 24 -13 13 -15 -16 16 -18 18 -20 20 23 -23 -24 -25 26 -27 -28 28 29 -31
leaf_value=0.011769606445555483 0.01875598099533908 -5.6484080856393117e-05 -0.0095111192307644043 0.0044311101796790592 0.020152349137213258 0.0020169627598719863 0.0093650745453719708 0.0019910711885773036 0.030086412580096963 0.0022192209710476534 0.0014511305218136211 0.0073969874124771339 0.0019548101376905646 -0.00072378617950373178 -0.00082093419124964779 -0.0019330413566965843 0.0010301718201553417 0 -0.01869200984775039 -0.01222700124578918 -0.00095730622509130497 -0.0026157350295263706 0.011982844047103949 0.0034428339126011719 0.0098300813472620065 -0.0013985432695340391 -0.003519308811367449 -0.00037605324136005792 0.0027483182868292167 -0.015631748152011491
leaf_weight=135 302 52575 421 675 232 1191 375 303 126 9652 37113 945 18166 15775 46916 8405 11785 127 261 664 75167 4054 296 2167 886 6492 256 1331 109 344
leaf_count=135 302 52575 421 675 232 1191 375 303 126 9652 37113 945 18166 15775 46916 8405 11785 127 261 664 75167 4054 296 2167 886 6492 256 1331 109 344
internal_value=-2.11867e-05 8.49469e-06 0.0045919 -0.000730091 0.00811482 0.00541991 -3.50519e-05 0.000374393 0.0118836 -0.000349205 0.00033094 0.000804288 -0.000128171 0.000701333 -0.000729897 0.000580658 -0.000189248 -0.00391219 -0.012462 -0.000614715 -0.00102066 -0.00407762 9.7521e-06 -0.000829272 0.00117078 0.00101954 0.00657033 -0.00191809 -0.00323917 -0.0106457
internal_weight=297246 294939 2821 1096 1725 1423 292118 126408 429 165710 125979 30787 81232 33941 47291 29842 20190 2307 388 134923 82052 4718 52871 77334 44747 43605 1142 1919 1784 453
internal_count=297246 294939 2821 1096 1725 1423 292118 126408 429 165710 125979 30787 81232 33941 47291 29842 20190 2307 388 134923 82052 4718 52871 77334 44747 43605 1142 1919 1784 453
is_linear=0
shrinkage=0.03


Tree=39
num_leaves=31
num_cat=0
split_feature=38 11 46 118 31 36 115 25 16 61 17 62 13 118 24 58 8 150 141 82 76 39 72 135 6 7 119 18 117 44
split_gain=41.8619 70.4756 58.7615 87.1869 52.5019 50.1721 48.0959 51.0894 47.3729 66.7962 47.2232 46.4135 64.2592 52.4981 44.8067 44.4492 43.4645 42.0853 39.8435 39.8035 40.1757 37.1252 45.1367 36.5294 35.641 35.2099 35.007 42.8171 35.5019 34.4277
threshold=-0.00089285580907016982 0.97157189249992382 1.0733821988105776 0.39506177604198461 -0.0082896822132170183 0.78267160058021557 0.75910401344299328 0.043629612773656852 0.66539305448532116 0.73611807823181163 1.0951516032218935 0.83961239457130443 0.9859302043914796 0.13207609951496127 0.01193017838522792 0.9685887098312379 -0.8333316147327422 0.46258367598056799 0.84938558936119091 0.45833332836627966 0.68333333730697643 0.043798496946692474 0.87442898750305187 1.3605194687843325 0.71428492665290844 -0.033975180238485329 0.18954240530729297 0.95469510555267345 0.53763455152511608 1.0412757992744448
decision_type=10 8 10 8 8 8 10 10 8 8 10 10 10 8 8 10 10 10 10 2 2 10 10 10 10 10 10 10 10 10
left_child=1 5 6 10 18 -1 7 21 9 -6 -4 12 13 -10 -13 19 -14 29 -3 -5 -21 -2 -23 -20 -7 -17 28 -28 -8 -9
right_child=2 4 3 15 8 24 26 17 11 -11 -12 14 16 -15 -16 25 -18 -19 23 20 -22 22 -24 -25 -26 -27 27 -29 -30 -31
leaf_value=0.0025540988773494833 8.4730000145442289e-05 -0.0027995642199784071 -0.0047127512737295046 -0.0022837985340966468 0.007374631906255283 0.015503323105261906 -0.011387188909876653 0.0015090662781934439 0.0046022095460999052 -0.017268980722236715 -0.00058534985108246523 0.00094893879410056046 0.00022782794323844378 -0.0014578956595454726 -0.00032263070983209357 0.0060740812553742038 0.0062229341044315756 0.0054136431711185144 0.010147574123668632 0.0036378594999184766 0.017955833059994701 0 0.017090136094837803 -0.00073170460866026153 -0.00098854992403498571 -0.00082241354295204793 -0.018979454514400782 -0.0038814607378556171 0.00014112149879371214 -0.0097602033644960413
leaf_weight=1852 84739 363 7885 813 111 550 235 1115 1694 294 3913 35499 1683 5130 83490 646 3743 3050 1121 1900 196 287 237 298 104 50249 183 2117 3497 285
leaf_count=1852 84739 363 7885 813 111 550 235 1115 1694 294 3913 35499 1683 5130 83490 646 3743 3050 1121 1900 196 287 237 298 104 50249 183 2117 3497 285
internal_value=-1.48716e-05 0.000371896 -0.000342582 -0.0010346 0.000275501 0.00534267 0.000128554 0.000306084 0.00020348 -0.00977973 -0.00337252 0.000238059 0.00199551 1.16927e-05 5.43023e-05 -0.000515306 0.00442616 0.0034353 0.00536818 0.00305932 0.00527559 0.000138481 0.00795664 0.00767596 0.0124841 -0.000726634 -0.00245455 -0.00536531 -0.000561676 -0.000678924
internal_weight=297279 135932 161347 65602 133426 2506 95745 89713 131644 405 11798 131239 12250 6824 118989 53804 5426 4450 1782 2909 2096 85263 524 1419 654 50895 6032 2300 3732 1400
internal_count=297279 135932 161347 65602 133426 2506 95745 89713 131644 405 11798 131239 12250 6824 118989 53804 5426 4450 1782 2909 2096 85263 524 1419 654 50895 6032 2300 3732 1400
is_linear=0
shrinkage=0.03


Tree=40
num_leaves=31
num_cat=0
split_feature=26 36 25 62 79 120 24 10 130 38 34 69 40 40 13 49 42 5 143 26 38 42 39 6 26 138 78 55 125 13
split_gain=42.711 74.7657 76.3837 63.299 184.561 59.7541 55.1942 54.2334 58.5871 51.0851 45.6711 63.5276 80.7032 60.2302 40.167 55.2431 38.1048 37.0597 36.9687 36.967 48.8031 59.7525 63.783 47.1848 41.6114 67.8152 40.2609 72.7587 56.6201 49.7371
threshold=0.10718328878283502 0.78899258375167858 0.076688326895236983 0.68567064404487621 0.94999998807907116 0.51053741574287426 0.073671121150255217 1.0310099124908449 1.0012120604515078 -0.0073561586905270806 0.818371742963791 0.82068869471549999 0.074711751192808165 -0.04213376343250274 1.0947534441947939 0.83472758531570446 0.062393305823206908 0.018181845545768741 0.46923910081386572 0.021554117091000084 -0.0010238760733045635 -0.10234589874744414 -0.023966629989445206 0.10526112839579584 0.069804321974515929 0.75457188487052929 0.30000000447034841 0.99127057194709789 0.50434342026710521 0.98090746998786937
decision_type=8 10 8 10 2 10 8 10 10 10 10 10 10 10 10 10 10 10 10 10 10 10 10 10 10 10 10 10 10 8
left_child=3 2 5 4 10 -2 9 -3 -9 16 11 13 18 -1 -8 -16 -4 -12 -13 -5 21 22 -21 -24 -23 -26 -22 28 -28 -29
right_child=1 7 6 19 -6 -7 14 8 -10 -11 17 12 -14 -15 15 -17 -18 -19 -20 20 26 24 23 -25 25 -27 27 29 -30 -31
leaf_value=0.0026102188922901663 0.012983872553057029 0.0049718416678954753 -0.0052592917996724803 0.00046645026650471108 0.025750216419706345 -0.0019736343867738141 -0.00015136674515925247 0.032359131550405582 0.0016906614958060731 -0.0098462406124349925 -0.018159607494299478 -0.00078116773728135168 -0.015602892085801076 -0.011485593047515532 0.021322071959900601 0 0.00935007979239918 0 0.016071759141388739 -0.00079913366424128128 -0.0018053583127795409 -8.2024438952708423e-05 0.0011732914739888949 0.012326140412599195 -0.0014878268381784483 0.0046762662687928188 0.0031316187685648989 -0.0034285623013860221 -0.0029916229207343089 -0.00048370179483465004
leaf_weight=319 682 842 330 88052 144 310 1607 153 119 942 450 133 117 1012 185 249 267 104 293 1073 23422 82413 613 1009 2468 4247 7888 5607 1576 70559
leaf_count=319 682 842 330 88052 144 310 1607 153 119 942 450 133 117 1012 185 249 267 104 293 1073 23422 82413 613 1009 2468 4247 7888 5607 1576 70559
internal_value=-3.63939e-05 0.00253235 0.000747111 -8.76994e-05 -0.00475608 0.00806658 -0.00123129 0.00945226 0.0210039 -0.00553519 -0.0068835 -0.00432678 0.00386029 -0.00789657 0.00189069 0.00978632 0.000879612 -0.0145573 0.0103384 -4.47773e-05 -0.000270387 0.000236744 0.00462351 0.0083595 9.97262e-05 0.00236851 -0.000700113 -0.000393946 0.00207615 -0.00070527
internal_weight=297185 5686 4572 291499 2572 992 3580 1114 272 1539 2428 1874 543 1331 2041 434 597 554 426 288927 200875 91823 2695 1622 89128 6715 109052 85630 9464 76166
internal_count=297185 5686 4572 291499 2572 992 3580 1114 272 1539 2428 1874 543 1331 2041 434 597 554 426 288927 200875 91823 2695 1622 89128 6715 109052 85630 9464 76166
is_linear=0
shrinkage=0.03


Tree=41
num_leaves=31
num_cat=0
split_feature=33 44 56 33 49 71 14 111 48 39 19 41 8 39 82 5 74 39 15 17 78 65 15 58 18 34 30 16 41 36
split_gain=38.0916 62.3558 49.2694 62.2038 53.6861 53.5501 47.1248 52.5141 49.7931 41.3112 92.6099 46.7473 60.4068 56.1774 52.8461 84.1273 43.7722 43.2484 38.9034 38.5196 64.5453 57.2044 68.6425 98.8021 67.5817 52.1168 53.6825 48.1028 46.0586 47.0253
threshold=0.37278090417385107 1.0380274057388308 1.1479052901268008 0.89755317568779003 0.97863611578941356 0.012820285279303791 0.91366606950759899 0.16333333402872088 0.98958009481430065 0.032399853691458709 0.9795949161052705 0.028584529645740989 -0.7777784764766692 -0.017354940064251419 0.24166666716337207 0.018939430825412277 0.84999999403953563 -0.013877669349312781 1.1376662254333498 1.0506193041801455 0.30000000447034841 0.87171053886413585 0.83954325318336498 0.9364854395389558 0.97800603508949291 0.062107441946864135 0.0030335230985656385 0.72276085615158092 0.046130089089274413 0.16126037389039996
decision_type=8 10 10 10 10 10 8 2 8 10 10 10 10 10 2 10 2 10 8 10 8 10 10 10 8 10 10 8 10 10
left_child=1 6 19 5 -5 -4 7 -1 -8 11 -11 13 17 16 15 -15 -3 -13 -6 20 28 24 27 -24 -22 26 -21 -23 -2 -30
right_child=2 9 3 4 18 -7 8 -9 -10 10 -12 12 -14 14 -16 -17 -18 -19 -20 25 21 22 23 -25 -26 -27 -28 -29 29 -31
leaf_value=0.0096097648046079634 -8.5143841520204195e-05 -0.0062308594126346461 0.011163504569508773 0.0071889318660801685 0.0049970480087435714 0.0028880790582019268 -0.00045121516458593894 -0.00048709320811260687 0.0015822424645068496 -0.017727763047970999 0.0048266187858072686 0.018287402822614575 0 -0.00013419720951348953 -0.0021816550316333737 0.013456509161648721 0 -6.1658841371536256e-05 -0.0066742892488623551 0.00083509424343787672 -0.0050379428180827449 -0.012627775612598582 0.013683148867147315 0.0027455414787073275 0.00072721493688814444 -0.00089317632476024981 0.0091090643850609103 -0.00014614936564816904 0.00090764075194475768 -0.0047169905360736194
leaf_weight=956 37938 4063 868 427 273 4653 52128 778 13655 156 1846 305 1665 9992 21895 406 1373 130 1312 7786 1854 318 794 12056 63244 47867 774 1866 1849 4117
leaf_count=956 37938 4063 868 427 273 4653 52128 778 13655 156 1846 305 1665 9992 21895 406 1373 130 1312 7786 1854 318 794 12056 63244 47867 774 1866 1849 4117
internal_value=-1.30355e-05 -0.000459164 0.000244881 0.00262103 -0.00177784 0.00427886 0.00010065 0.00495464 -2.42056e-05 -0.00136951 0.0027628 -0.00158603 0.00269524 -0.00183358 -0.0013438 0.000392483 -0.0046726 0.0123828 -0.00443989 0.000143753 0.000440649 0.000948384 0.00262053 0.0034649 0.000556919 -0.000503485 0.00163769 -0.00219774 -0.00047923 -0.00292646
internal_weight=297344 109348 187996 7533 2012 5521 67517 1734 65783 41831 2002 39829 2100 37729 32293 10398 5436 435 1585 180463 124036 80132 15034 12850 65098 56427 8560 2184 43904 5966
internal_count=297344 109348 187996 7533 2012 5521 67517 1734 65783 41831 2002 39829 2100 37729 32293 10398 5436 435 1585 180463 124036 80132 15034 12850 65098 56427 8560 2184 43904 5966
is_linear=0
shrinkage=0.03


Tree=42
num_leaves=31
num_cat=0
split_feature=38 50 51 13 11 134 46 13 39 106 83 54 29 86 5 33 62 65 59 110 42 31 42 86 25 43 17 28 4 29
split_gain=45.1728 59.1747 55.3869 59.8126 51.1174 64.5206 48.4475 85.6929 72.8605 54.7193 45.4864 43.5159 44.3625 39.9369 56.9881 39.8219 43.6898 38.6542 38.2659 38.1552 45.0666 37.1334 58.7995 43.2028 36.8711 43.0361 42.8 42.1964 36.6894 36.6709
threshold=-0.00082824029959738244 0.69031959772109996 0.64709019660949718 0.89458343386650097 0.96973443031311046 0.31637057662010198 1.0746128559112551 0.98663148283958446 0.032399853691458709 0.58957219123840343 -1.0000000180025095e-35 0.98462924361228954 0.006192190572619439 -0.84999999403953541 0.015193663071841003 0.93838408589363109 0.89336818456649791 0.86754387617111217 0.94022339582443248 -1.0000000180025095e-35 0.069154281169176116 -0.0051659955643117419 0.058207746595144279 -0.58333334326744068 0.017838899977505211 1.004323482513428 0.98549485206604015 -0.0071661262772977343 0.70000353455543529 -0.007922966964542864
decision_type=10 10 10 10 8 10 10 8 10 2 10 8 10 2 10 10 10 10 10 2 10 8 10 2 10 10 8 10 10 10
left_child=4 10 3 -3 5 -1 24 9 -9 17 -2 12 -6 14 -13 19 -17 -8 -5 20 -14 22 23 -15 -4 26 -26 -27 -21 -16
right_child=1 2 6 18 11 -7 7 8 -10 -11 -12 13 15 21 29 16 -18 -19 -20 28 -22 -23 -24 -25 25 27 -28 -29 -30 -31
leaf_value=0.0098188190541038979 0.0024208699945654525 -0.0042297236867466547 0.00078484953990537204 0.029132695815955789 0.0015562407334373837 -0.00045531182931949986 -0.005701258563308104 -0.00064132160312212942 0.0056041692784261857 0.00048029400465300935 -0.014030217228970887 -0.00091124043448764162 -0.0059584230853682515 0.0043266866090856532 0 0.007787521016507014 -0.0071296006121897492 -0.00070794106347743741 0.0023098192002302159 -0.0094532133842739792 0.013250158247848351 0.00048981061352619309 0.017236478061418935 -0.00075389657984274835 -0.00043031564346316455 0.0016367334845406821 0.0028723049731551233 -0.0013019604722872202 0.0055894891248483743 -0.020670177802953014
leaf_weight=1146 170 117 43125 136 1483 938 6292 51319 1711 2408 471 9104 248 3559 121 407 270 1983 113 1792 160 114741 233 2441 7819 4955 6229 33710 120 203
leaf_count=1146 170 117 43125 136 1483 938 6292 51319 1711 2408 471 9104 248 3559 121 407 270 1983 113 1792 160 114741 233 2441 7819 4955 6229 33710 120 203
internal_value=3.91779e-05 -0.000301118 -0.000262128 0.0110685 0.000440264 0.00509152 -0.000291384 -0.000932989 -0.000432121 -0.0033858 -0.00927212 0.000365432 -0.00252485 0.0004674 -0.00140163 -0.00464065 0.00137401 -0.00454543 0.0191521 -0.00652074 0.00114059 0.000615748 0.00287713 0.00221426 0.00013213 -0.000396272 0.00101477 -0.000916954 -0.00830574 -0.0134547
internal_weight=297524 160558 159917 366 136966 2084 159551 63713 53030 10683 641 134882 4480 130402 9428 2997 677 8275 249 2320 408 120974 6233 6000 95838 52713 14048 38665 1912 324
internal_count=297524 160558 159917 366 136966 2084 159551 63713 53030 10683 641 134882 4480 130402 9428 2997 677 8275 249 2320 408 120974 6233 6000 95838 52713 14048 38665 1912 324
is_linear=0
shrinkage=0.03


Tree=43
num_leaves=31
num_cat=0
split_feature=42 102 25 26 16 90 8 13 16 12 38 14 37 65 14 13 23 4 12 28 72 18 17 72 30 118 79 10 52 86
split_gain=36.0578 46.7245 36.4147 32.2067 77.448 59.7137 96.8046 50.4229 49.6422 49.2911 45.8585 47.7946 45.7437 45.6649 46.2821 43.4126 39.7587 39.5748 39.1381 37.5266 62.6126 41.9247 37.3787 32.0856 48.5278 29.9839 28.4499 26.6657 28.8215 25.1232
threshold=-0.12822505086660382 0.53158244490623485 0.012346642557531597 0.093118049204349532 0.70005577802658092 0.48736986517906195 0.51724088191986095 1.1168913841247561 0.72276085615158092 1.0051524043083193 0.0098445597104728239 0.92396757006645214 0.65701410174369823 0.97434210777282726 0.92157503962516796 0.9503208100795747 0.025496421381831173 0.40625002980232244 0.99045291543006908 -0.011131388600915669 0.58470860123634349 1.023091793060303 0.80398106575012218 0.55283102393150341 -0.0051334123127162448 0.028169020079076294 0.15000000223517421 1.0191622972488406 0.90430155396461498 0.25000000745058065
decision_type=8 2 10 10 8 10 10 10 10 10 10 10 10 10 8 8 10 8 10 10 10 8 10 10 10 10 2 10 10 2
left_child=1 23 27 4 10 13 8 19 17 -9 11 -4 18 14 26 25 -10 -7 -8 20 -6 -21 -16 24 -1 -15 -5 -2 -29 -11
right_child=2 -3 3 5 7 6 12 9 16 29 -12 -13 -14 15 22 -17 -18 -19 -20 21 -22 -23 -24 -25 -26 -27 -28 28 -30 -31
leaf_value=0.0077068299374127014 0.0010778889089274187 -0.00083338651007745118 -0.020703794760808143 0 0.00029171968806899866 -0.0096713527495544873 -0.019552119991124196 -0.016967431252225509 0 0.001009031729670903 0.00044864222845610448 0 0.0029947096030586038 0.0030453009744660251 0.0095270125807464575 0 0.0080027019999160658 0.0019544181107844717 -0.0010527900552663664 -0.00016505318676059014 0.0045286094128326598 -0.002418767136787361 0.0019421897592211284 0.016798477807268255 -0.0076528241067970971 0.02548933703016925 -0.013804080271143085 0.0068254229042184738 -0.0049808620052439233 -0.010786523985780914
leaf_weight=873 33658 1036 345 367 17744 517 393 289 1132 529 201 128 136 121 950 134 1080 439 188 221744 3847 7697 1861 266 198 211 176 183 1188 194
leaf_count=873 33658 1036 345 367 17744 517 393 289 1132 529 201 128 136 121 950 134 1080 439 188 221744 3847 7697 1861 266 198 211 176 183 1188 194
internal_value=2.54935e-05 0.00369335 -3.19855e-06 -0.00012638 -0.000185769 0.00177811 -0.0007752 -0.00015699 0.00141144 -0.00678032 -0.0102006 -0.0151692 -0.0106199 0.0044435 0.00305962 0.0132507 0.00394091 -0.00409471 -0.0142995 -0.000128556 0.00106401 -0.00024217 0.00466071 0.00738264 0.00450402 0.0187995 -0.00456712 0.000903587 -0.00311382 -0.00195741
internal_weight=297825 2373 295452 260423 252718 7705 3885 252044 3168 1012 674 473 717 3820 3354 466 2212 956 581 251032 21591 229441 2811 1337 1071 332 543 35029 1371 723
internal_count=297825 2373 295452 260423 252718 7705 3885 252044 3168 1012 674 473 717 3820 3354 466 2212 956 581 251032 21591 229441 2811 1337 1071 332 543 35029 1371 723
is_linear=0
shrinkage=0.03


Tree=44
num_leaves=31
num_cat=0
split_feature=33 53 9 13 16 1 116 30 33 61 36 39 14 120 46 38 13 64 38 25 86 33 116 28 53 18 39 29 38 86
split_gain=35.6507 56.5957 52.2253 46.7844 71.6262 51.3683 64.0022 50.5157 71.2239 70.7485 70.656 63.3585 59.0972 52.9332 49.002 54.2831 46.9668 45.2266 45.2286 44.9634 52.2701 48.0828 44.9392 37.9166 62.8332 35.9977 60.9269 52.3008 46.0224 63.9848
threshold=0.37278090417385107 1.0352428555488589 1.0439897179603579 0.98171648383140575 0.81998422741889965 0.065468672662973418 0.3428084552288056 0.0078076377976685771 0.91173577308654796 0.79346299171447765 0.70664063096046459 0.03947852365672589 0.81529909372329723 0.2206896394491196 1.0047824382781985 -0.0074906349182128898 1.1045321822166445 0.80625000596046459 -0.0059272549115121356 0.03750076703727246 -0.65000000596046437 0.65620708465576183 0.72141075134277355 -0.026797394268214699 1.0503692626953127 0.95002853870391857 0.034310365095734603 -0.0034016584977507587 0.013289813883602621 0.45000000298023229
decision_type=8 10 10 8 8 10 10 10 10 10 10 10 8 10 10 10 10 10 10 10 2 8 10 10 10 8 8 10 10 2
left_child=1 25 -3 7 23 16 -7 9 11 10 -2 17 -11 -10 -14 -16 19 18 -9 20 -6 -21 -19 -5 -25 -1 27 -27 -29 -30
right_child=3 2 -4 4 5 6 -8 8 13 12 -12 -13 14 -15 15 -17 -18 22 -20 21 -22 -23 -24 24 -26 26 -28 28 29 -31
leaf_value=-0.011601241641654082 0.00037107698446145303 -0.0061200974002214503 0.002206175122016484 -0.0052631312962375283 -0.00095451929768189826 0.013571889091255418 0.00079681902210603449 0.0048087491417752653 -0.00028862464522228263 0.014567818099897838 0.018813525501133074 -0.018097082575344862 0.0016716722731377593 0.014901192264759736 0.0014120957520140664 -0.0012264825572722838 -0.0039072512750872338 -0.010124518077084334 -0.0076730059206271788 1.2361065416279414e-05 0.0006370610617674918 0.0032788692698551354 -0.0017848857428487473 0.0040009651697126315 0.016885376103788163 -0.0016346735518759563 0.004911848445049616 -0.0001700974325574319 0.0061494588905058878 -0.0015854816792328261
leaf_weight=234 478 2763 823 207 24181 586 985 831 629 219 330 303 8900 263 8455 38735 2183 1258 350 7168 78690 9914 1277 1641 459 22791 1981 77177 2439 1486
leaf_count=234 478 2763 823 207 24181 586 985 831 629 219 330 303 8900 263 8455 38735 2183 1258 350 7168 78690 9914 1277 1641 459 22791 1981 77177 2439 1486
internal_value=6.93674e-06 -0.00042179 -0.00412436 0.000258647 0.000591591 0.000490771 0.00586132 -0.000412887 -0.00332925 -0.000155806 0.00853808 -0.00506221 -0.000288871 0.00408961 -0.000357396 -0.000746978 0.000418287 -0.00382786 0.0007937 0.000500145 0.000259913 0.00192733 -0.00608772 0.00581821 0.00709137 -0.000293079 -0.000263066 -0.000365554 -4.89667e-06 0.00315178
internal_weight=297736 109694 3586 188042 126014 123707 1571 62028 4911 57117 808 4019 56309 892 56090 47190 122136 3716 1181 119953 102871 17082 2535 2307 2100 106108 105874 103893 81102 3925
internal_count=297736 109694 3586 188042 126014 123707 1571 62028 4911 57117 808 4019 56309 892 56090 47190 122136 3716 1181 119953 102871 17082 2535 2307 2100 106108 105874 103893 81102 3925
is_linear=0
shrinkage=0.03


Tree=45
num_leaves=31
num_cat=0
split_feature=32 33 53 69 36 26 38 30 62 82 124 76 123 11 52 87 50 76 42 8 24 32 87 15 134 10 96 55 101 34
split_gain=40.1203 41.9338 44.2319 58.0874 57.918 37.3888 61.5315 40.913 82.0238 53.2915 71.7132 45.9899 51.6509 40.5825 44.6385 40.2116 41.7898 39.6207 38.1203 49.5577 38.0969 37.2683 37.1837 37.0407 36.3379 33.3386 31.7888 31.1029 31.0316 32.9528
threshold=-0.0048612528480589381 0.88559645414352428 1.0563487410545351 0.32307669520378118 0.53759422898292553 0.021940106526017192 -0.0010238760733045635 -0.00042474368819966907 0.96708860993385326 0.19166667014360431 -0.31707355380058283 0.41666667163372045 -0.3846153318881988 0.97095018625259411 0.58742058277130138 -0.72499999403953541 0.69031959772109996 0.083333335816860213 -0.10234589874744414 -0.3333455473184585 0.027227651327848438 -0.003216822748072445 0.37500000000000006 0.75119632482528698 0.53280332684516918 1.0349293947219851 0.22342292964458468 0.96420627832412731 0.47213622927665716 0.70190823078155529
decision_type=8 10 10 10 10 10 8 10 10 2 10 2 10 10 10 2 10 2 10 10 10 10 2 10 10 10 10 8 2 10
left_child=1 2 3 -1 -4 25 13 8 9 -8 -11 -10 -13 23 26 17 22 -9 19 -16 -20 -18 -17 -7 -25 27 -15 -2 29 -5
right_child=5 -3 4 28 -6 6 7 15 11 10 -12 12 -14 14 18 16 21 -19 20 -21 -22 -23 -24 24 -26 -27 -28 -29 -30 -31
leaf_value=-0.0017122866756145753 0.0063328583978556488 -0.0022057738825455434 -0.00012123336155220108 0.0036445188705970816 0.016061163795276993 -0.0054156307713836855 -0.0016007044963345098 0.00079432495294027975 -0.0012773981777962572 0 -0.0079736442190161769 0.0033496332742813987 -0.0012211847850410928 0.0010457107182592154 0.0016641461094254819 -0.011889632136725248 0.0040471283242103535 -0.0074738485613333747 0.00047180784958787925 0.012433892459598517 -0.00099632610235417599 -8.7376464336052001e-05 0.0036512303763922456 0.0083323471311715133 -0.0024491609978793075 -0.0062680213992806835 -0.014548500193639576 0.00041917793312123096 -0.00061945776637415144 0.011102485148822776
leaf_weight=2339 796 1731 275 3052 468 243 5626 760 34620 1362 3881 4584 4168 130 2326 465 2024 1291 63573 470 21143 47281 147 1375 293 639 296 90312 934 723
leaf_count=2339 796 1731 275 3052 468 243 5626 760 34620 1362 3881 4584 4168 130 2326 465 2024 1291 63573 470 21143 47281 147 1375 293 639 296 90312 934 723
internal_value=-1.00424e-05 0.0019026 0.00285712 0.0020536 0.00983235 -7.44922e-05 -0.000309279 -0.000798749 -0.00137584 -0.00371132 -0.00590442 -0.000782211 0.00114083 0.000266025 0.000167974 -0.000190352 -1.43657e-05 -0.00428713 0.000219521 0.0036565 0.000101709 7.78375e-05 -0.00768468 0.00457417 0.00625417 0.000423923 -0.00928356 0.000475516 0.00398692 0.00520293
internal_weight=297327 9522 7791 7048 743 287805 196058 106209 54241 10869 5243 43372 8752 89849 87938 51968 49917 2051 87512 2796 84716 49305 612 1911 1668 91747 426 91108 4709 3775
internal_count=297327 9522 7791 7048 743 287805 196058 106209 54241 10869 5243 43372 8752 89849 87938 51968 49917 2051 87512 2796 84716 49305 612 1911 1668 91747 426 91108 4709 3775
is_linear=0
shrinkage=0.03


Tree=46
num_leaves=31
num_cat=0
split_feature=120 116 49 38 129 118 38 1 12 22 26 7 40 60 84 51 28 26 84 8 56 25 10 17 26 27 141 58 110 139
split_gain=33.6972 51.6263 42.4569 72.9058 45.5412 42.7848 41.4501 45.5689 40.641 60.1037 49.8852 38.8489 38.2761 37.3923 55.3427 52.8738 37.3828 36.3201 35.7024 77.5036 42.946 32.5857 37.2761 49.4718 38.8722 39.3801 33.4984 30.5674 29.8395 33.6456
threshold=0.25773195922374731 0.70436501502990734 0.83472758531570446 0.01686045061796904 0.56209674477577221 0.56756767630577099 0.017799356952309612 0.010061930865049364 1.0021595954895022 0.98088935017585765 0.028400831855833534 -0.021610046736896035 0.049291612580418594 0.99760958552360546 -0.55000001192092884 0.91354596614837658 0.011256692931056024 0.086434036493301405 0.84999999403953563 0.8378400206565858 0.88972392678260814 0.026245597749948505 1.0162602066993716 0.83333334326744091 0.13242015242576602 0.10202843323349954 1.9875007271766665 0.96056273579597484 0.53589746356010448 0.75574976205825817
decision_type=8 8 8 10 10 8 10 8 10 10 8 8 10 10 2 10 10 10 2 10 10 8 10 10 10 10 10 10 2 10
left_child=21 2 3 4 -2 17 7 -4 10 -10 -9 -3 13 14 -8 -15 -14 -5 20 -20 -6 27 28 24 25 -24 -25 -1 29 -23
right_child=1 11 6 5 18 -7 12 8 9 -11 -12 -13 16 15 -16 -17 -18 -19 19 -21 -22 22 23 26 -26 -27 -28 -29 -30 -31
leaf_value=0.010169447986503459 -0.0075012439446474769 -0.0049314723627171559 0.00098348572899125482 0 0 0.0079957780279615448 0.01009705595294867 0 0.0014211998910637121 -0.00022327883034547298 -0.0011447504806144859 0.003530947541818786 -0.010485125267725154 0.010382522306322688 0.0019837177805016367 -0.001902958409139706 0.0024210410124112574 -0.016227096298539627 -0.015730717963941224 0.014513825271565181 0.011145263826422912 0.00048905540561348525 -0.0014606482571665814 0.0029410204502629939 0.011496793618067526 -0.015622238039113251 0.018420137671510812 3.9323988881176893e-06 0.0014140729393361405 -0.005067777753073383
leaf_weight=276 170 489 31454 159 432 121 1293 69968 27565 72084 67801 5624 368 359 2105 1840 350 287 156 110 1468 1071 1164 673 136 206 164 3265 913 5515
leaf_count=276 170 489 31454 159 432 121 1293 69968 27565 72084 67801 5624 368 359 2105 1840 350 287 156 110 1468 1071 1164 673 136 206 164 3265 913 5515
internal_value=0 6.84831e-05 7.35648e-06 0.00360477 0.00600434 -0.00563798 -2.97624e-05 -8.73462e-05 -0.000230548 0.000228802 -0.000564961 0.00279122 0.00236715 0.00323452 0.00519978 4.30254e-05 -0.0038922 -0.010165 0.0072605 -0.0020343 0.00872566 -0.00147081 -0.00236629 0.000829835 -0.00227165 -0.00400002 0.00668312 0.000933186 -0.00340434 -0.00411998
internal_weight=297586 284203 278090 2903 2336 567 275187 268872 237418 99649 137769 6113 6315 5597 3398 2199 718 446 2166 266 1900 13383 9842 2343 1506 1370 837 3541 7499 6586
internal_count=297586 284203 278090 2903 2336 567 275187 268872 237418 99649 137769 6113 6315 5597 3398 2199 718 446 2166 266 1900 13383 9842 2343 1506 1370 837 3541 7499 6586
is_linear=0
shrinkage=0.03


Tree=47
num_leaves=31
num_cat=0
split_feature=28 72 62 26 11 14 125 119 15 141 31 37 84 55 1 43 15 116 42 15 85 69 54 72 53 38 35 53 36 24
split_gain=38.3882 54.2918 42.4003 84.6803 59.6199 62.4999 57.9409 54.5056 42.4618 40.5897 46.6088 38.5133 43.472 55.83 46.7318 45.9479 44.5153 46.2713 44.0321 41.5327 39.3786 64.8273 56.4825 51.0652 35.994 34.1568 34.1482 31.9278 57.2443 40.437
threshold=-0.010886394884437321 0.58064526319503795 0.68567064404487621 0.10153014212846757 0.99016445875167858 1.0606721043586733 0.3018860816955567 0.49152554571628576 0.86270305514335643 0.94376903772354137 -0.0067029576748609534 0.67496934533119213 0.84999999403953563 1.0016266703605654 0.012658218387514355 1.023227393627167 1.1376662254333498 0.48466254770755773 0.071222249418497099 0.94582077860832225 0.82500001788139354 0.32692360877990728 1.0310947299003603 0.97227054834365856 0.99543941020965587 0.018846358172595504 0.75083842873573314 0.97583019733428966 0.37216040492057806 0.05689141899347306
decision_type=10 10 10 10 10 8 10 10 10 8 8 10 2 10 10 10 10 10 10 8 2 10 10 10 10 10 8 10 10 10
left_child=1 9 3 4 5 7 -5 8 -2 -1 -11 12 14 15 19 18 25 -18 -14 -4 22 -22 27 -23 -17 -16 -21 28 -13 -29
right_child=2 -3 11 6 -6 -7 -8 -9 -10 10 -12 20 13 -15 16 24 17 -19 -20 26 21 23 -24 -25 -26 -27 -28 29 -30 -31
leaf_value=-0.0013465419603581248 -0.0071064561652767009 0.003836091714773174 -0.0026414339109227009 0.01416636613302138 -0.016405597272539239 0.015667771120351972 -0.0009947413254809401 -0.020094518123355599 0.0037876765212397803 0.0060412750838326158 0.00070656077223627749 0.0061986132357511933 0.0027208867276072007 -0.00499557338891299 -0.00085001067025637601 0.015681697553372943 0.0035602613759106966 -0.012166477099485826 -0.0020907641897792927 0.00030844374550549532 0.01434921180988412 -0.0045751981016783592 -0.0009870104321988934 0.0020342168899584656 0.0035191615924497792 0.0029902749813570137 0.0027291678119436328 0.0011890967725480919 -0.007065566124071861 0.012464853280071853
leaf_weight=7627 862 5178 3698 293 474 108 708 194 452 1674 13310 369 6571 1019 127071 368 3192 151 2226 38651 185 3650 13981 1389 756 2067 6138 53770 1014 274
leaf_count=7627 862 5178 3698 293 474 108 708 194 452 1674 13310 369 6571 1019 127071 368 3192 151 2226 38651 185 3650 13981 1389 756 2067 6138 53770 1014 274
internal_value=2.01096e-06 0.00106424 -0.000106424 -0.00359027 -0.00705177 -0.00395774 0.00333977 -0.00574629 -0.00313352 0.000413387 0.0013298 -6.46305e-05 -0.000290511 0.00153855 -0.000402898 0.00224855 -0.000695337 0.00269256 0.00146734 0.000389906 0.000512101 -0.00198001 0.000704507 -0.00269317 0.00796798 -0.000785766 0.000647951 0.00113679 -0.00327479 0.0012564
internal_weight=297420 27789 269631 3091 2090 1616 1001 1508 1314 22611 14984 266540 191908 10940 180968 9921 132481 3343 8797 48487 74632 5224 69408 5039 1124 129138 44789 55427 1383 54044
internal_count=297420 27789 269631 3091 2090 1616 1001 1508 1314 22611 14984 266540 191908 10940 180968 9921 132481 3343 8797 48487 74632 5224 69408 5039 1124 129138 44789 55427 1383 54044
is_linear=0
shrinkage=0.03


Tree=48
num_leaves=31
num_cat=0
split_feature=42 84 52 28 29 35 111 11 7 45 13 77 41 52 144 43 12 52 23 12 49 45 52 17 61 120 37 23 5 102
split_gain=41.4842 50.7712 59.8448 107.785 37.7105 67.8799 45.5505 61.2118 44.9552 43.2397 55.7918 70.2748 54.3421 42.5381 41.0215 40.6675 57.3062 63.0814 53.7457 55.9582 47.0295 35.6655 35.3806 45.4773 35.9336 34.7013 31.8904 31.6788 32.4979 32.182
threshold=-0.10234589874744414 -0.35000000894069666 0.67603021860122692 -0.0052933639381080857 -0.0011779901687987147 0.82404759526252758 -0.27097903192043299 0.96470591425895702 -0.049790807068347924 1.0206407904624941 0.98294728994369518 0.60833334922790538 0.00284888967871666 0.82926830649375927 0.59613430500030529 1.0488017201423647 1.0021595954895022 0.90536823868751537 0.025842452421784404 0.98645663261413585 0.96879538893699657 1.0941883921623232 0.97373560070991527 1.3184605836868288 1.0618967413902285 0.25773195922374731 0.92663684487342846 0.010635155718773605 0.0064412835054099568 0.54800307750701915
decision_type=8 2 10 10 8 10 2 10 8 8 10 2 10 10 8 8 10 10 10 10 8 10 10 10 10 8 10 10 10 2
left_child=1 2 3 -1 5 9 7 -6 14 -2 11 13 -13 -11 -8 16 25 -18 20 -20 -17 -9 24 -24 -7 -10 -12 -4 -29 -30
right_child=4 -3 27 -5 6 22 8 21 15 10 26 12 -14 -15 -16 18 17 -19 19 -21 -22 -23 23 -25 -26 -27 -28 28 29 -31
leaf_value=0.022636793668127871 0.0034056537378737099 -0.0047719948929728067 0.01396736818281087 -0.0021956188222987064 0.017830216857984815 -0.00096038162635944961 0.011139619814634023 0.0010540682142624147 -0.0017482563833447597 0.0067165898839020551 -0.0006358665103379065 -0.0040424556829423853 -0.013880527148525111 -0.0021240273300744592 0 -0.0048144908091172587 0.0023412390338794619 7.8318014113401682e-05 -0.010093160982653768 0.002613986462901501 -0.00033700170689948423 0.0079548622028673514 0.0028614191690618232 -0.0075366367581300425 0.0083687707827135895 8.2430589947094846e-05 0.0057209528130518668 -0.00055910252361812988 0.0069360372127411215 -0.00088122302980982896
leaf_weight=354 2218 701 189 231 225 6041 624 4395 10282 519 94036 1756 800 4480 593 4733 21797 23124 316 3497 4081 817 9913 360 373 95815 687 2385 1434 603
leaf_count=354 2218 701 189 231 225 6041 624 4395 10282 519 94036 1756 800 4480 593 4733 21797 23124 316 3497 4081 817 9913 360 373 95815 687 2385 1434 603
internal_value=4.56031e-05 0.00253253 0.00359003 0.0125869 -3.85134e-06 -0.00040934 0.000282943 0.00298339 0.000191714 -0.000695011 -0.000787519 -0.00327384 -0.00732199 -0.00112331 0.00589557 0.000146747 0.00028523 0.00118358 -0.00148361 0.00143545 -0.00278077 0.00221941 0.0013603 0.00245395 -0.000346899 -9.24527e-05 -0.000585398 0.00233438 0.00170899 0.00449003
internal_weight=297379 5897 5196 585 291482 121183 170299 5437 164862 104496 102278 7555 2556 4999 1217 163645 151018 44921 12627 3813 8814 5212 16687 10273 6414 106097 94723 4611 4422 2037
internal_count=297379 5897 5196 585 291482 121183 170299 5437 164862 104496 102278 7555 2556 4999 1217 163645 151018 44921 12627 3813 8814 5212 16687 10273 6414 106097 94723 4611 4422 2037
is_linear=0
shrinkage=0.03


Tree=49
num_leaves=31
num_cat=0
split_feature=32 33 53 69 86 53 86 1 56 65 14 2 13 69 10 34 32 38 83 14 59 76 38 3 74 41 41 43 25 38
split_gain=36.7373 36.5248 55.7689 59.8339 37.6605 39.0956 35.4585 57.694 56.0823 46.9551 36.4518 34.1141 34.051 68.7675 82.4111 110.989 79.7422 48.7418 58.3601 54.2151 80.6675 46.511 46.1684 45.2704 44.6695 58.8593 40.5544 38.3874 36.55 33.7481
threshold=-0.0048612528480589381 0.89755317568779003 1.0461125373840334 0.32307669520378118 -0.58333334326744068 0.98357784748077404 -0.81666666269302357 0.016885785385966304 1.1537739038467409 0.32426470518112188 1.0643898248672488 -0.545454442501068 0.98294728994369518 0.64285531640052807 1.0175238251686098 0.52920696139335643 0.0050768903456628331 -0.011750271543860434 -0.50000001490116108 0.91366606950759899 0.98897835612297069 0.18333333730697635 -0.017367323860526081 0.016261931508779529 0.84999999403953563 -0.060375485569238656 0.049247061833739288 1.0304294824600222 0.029958868399262432 -0.0017937194206751881
decision_type=8 10 10 10 2 10 2 10 10 10 10 10 8 10 10 10 10 8 10 8 10 2 10 10 2 10 10 10 10 10
left_child=1 2 3 -1 5 -5 7 -2 9 11 -10 -9 13 21 22 -16 -17 18 -14 20 23 28 -15 -19 27 -26 -24 -20 -8 -21
right_child=6 -3 -4 4 -6 -7 12 8 10 -11 -12 -13 17 14 15 16 -18 19 24 29 -22 -23 26 -25 25 -27 -28 -29 -30 -31
leaf_value=-0.002736350729671664 0.00066412436389825678 -0.0022221611344995086 0.0085423075522549335 -0.0022058793849350175 0.00052925789331934481 0.0077558327243121335 0.0036187385268183106 -0.0014506776157040258 0.01018902550512096 0.00059817919451835456 0.00022699545916663643 -0.0047378579477473128 0.0020021680343749221 -0.012692984978565745 0.0088720035414071915 0.0020302041625525442 -0.0087956975970237081 0.0046913702042876548 0.001491310903184993 0.0008699084631256437 -0.0068292019679889225 -0.003499306395484735 -8.3052018084011709e-05 0.016350615341470903 0.021095295576727947 -0.00053630115411146338 -0.0023334197844022378 -0.0056179972877949081 -0.0041604508662721352 -5.1814360644213392e-06
leaf_weight=1989 10512 1578 1230 368 2316 1988 1668 4916 411 2938 1720 8021 2558 259 2009 4564 683 1499 719 62146 392 9704 49645 419 100 1712 8479 4604 759 107713
leaf_count=1989 10512 1578 1230 368 2316 1988 1668 4916 411 2938 1720 8021 2558 259 2009 4564 683 1499 719 62146 392 9704 49645 419 100 1712 8479 4604 759 107713
internal_value=-1.39673e-05 0.00182145 0.00267156 0.00152026 0.00340029 0.00606811 -7.54448e-05 -0.00107952 -0.00211371 -0.00273597 0.00236469 -0.00351607 3.37618e-05 -0.000490208 -0.000101638 0.0029033 0.000535994 0.000259507 -0.00180288 0.000377556 0.00493154 -0.00256438 -0.000481103 0.00753566 -0.00321076 0.000711005 -0.00041718 -0.00459958 0.00104922 0.000313285
internal_weight=297619 9469 7891 6661 4672 2356 288150 28518 18006 15875 2131 12937 259632 77770 65639 7256 5247 181862 9693 172169 2310 12131 58383 1918 7135 1812 58124 5323 2427 169859
internal_count=297619 9469 7891 6661 4672 2356 288150 28518 18006 15875 2131 12937 259632 77770 65639 7256 5247 181862 9693 172169 2310 12131 58383 1918 7135 1812 58124 5323 2427 169859
is_linear=0
shrinkage=0.03


Tree=50
num_leaves=31
num_cat=0
split_feature=61 34 52 125 29 57 69 13 17 40 18 121 45 23 13 40 16 26 28 10 33 30 46 51 19 126 14 13 22 41
split_gain=36.885 42.6038 44.5573 39.5111 36.7962 61.7393 56.6191 44.6257 42.7976 40.4117 86.9517 48.9795 51.9365 47.6918 42.8005 38.4608 38.1385 37.708 34.3064 40.9608 33.0656 51.2798 43.2195 32.4576 32.1322 48.4264 47.9243 41.5684 32.9997 30.6908
threshold=1.0546821951866152 0.93758702278137218 0.97882571816444408 -0.41731885075569147 -0.0034643186954781409 1.168602526187897 0.24675337970256808 1.1168913841247561 1.2798973321914675 -0.030142763629555699 1.0241478681564333 0.34670157730579382 1.1152310967445376 0.032076252624392516 1.0495963096618655 0.0091979964636266249 1.1038960814476015 0.028726626187562946 -0.016411625780165192 1.0349293947219851 0.90888676047325145 -0.0024404117139056321 1.231565594673157 0.90364789962768566 1.0184782147407534 -0.27071769535541529 1.0671219825744631 1.035156846046448 1.0819572210311892 0.00069602235453203331
decision_type=10 10 10 10 8 10 10 10 10 8 10 10 10 10 10 10 10 10 10 10 10 10 10 10 10 10 10 8 10 10
left_child=4 2 3 -2 6 9 7 8 15 11 14 29 23 -14 17 16 -1 -11 -8 -20 22 -22 -4 -13 25 -7 -26 28 -27 -6
right_child=1 -3 20 -5 5 24 18 -9 -10 10 -12 12 13 -15 -16 -17 -18 -19 19 -21 21 -23 -24 -25 26 27 -28 -29 -30 -31
leaf_value=0.00052336092097833695 0.0079160534807116573 0.0086596988254339143 -0.00096061646190624629 0.0010197620317624542 0.0042426460649331059 0.0073459020816843126 0.0050680537234895186 -0.010219995472359618 -0.0071031062248401522 0.0003643266438661409 -0.0047674108511860302 0.0039905217457063408 -0.0072099043132586678 0.0017000552177667543 0.0076714233760748606 0.0054175665494053064 -0.0018096275323630838 -0.00047919241563037552 -0.0018026253892564461 -0.011821756511974906 -0.0055806727268826383 0.0085451278446570921 0.0062968343305035536 -1.1012605958743339e-05 0.00070474634235595762 0.0070033576327813334 -0.016883629940592556 0.016692617314861741 -0.00064609508275445874 0.017225191494060762
leaf_weight=32959 1343 763 2208 1937 2475 2251 597 360 706 117962 3411 3495 1223 867 641 1233 7765 79990 23603 366 1672 235 1052 3486 1040 595 137 137 2659 181
leaf_count=32959 1343 763 2208 1937 2475 2251 597 360 706 117962 3411 3495 1223 867 641 1233 7765 79990 23603 366 1672 235 1052 3486 1040 595 137 137 2659 181
internal_value=3.00217e-05 0.00189732 0.00123204 0.00396523 -2.87506e-05 0.000157842 -0.000641925 7.42808e-06 0.000105506 6.66168e-05 -3.13942e-05 0.00177763 0.000685745 -0.0033905 4.89123e-05 0.000237277 7.04882e-05 2.19415e-05 -0.00179043 -0.00197785 -0.000453738 -0.00361364 0.00131401 0.00195516 0.00296473 0.00391725 -0.00133977 0.00152358 0.000695228 0.00536161
internal_weight=297349 9210 8447 3280 288139 220550 67589 43023 42663 213731 202004 11727 9071 2090 198593 41957 40724 197952 24566 23969 5167 1907 3260 6981 6819 5642 1177 3391 3254 2656
internal_count=297349 9210 8447 3280 288139 220550 67589 43023 42663 213731 202004 11727 9071 2090 198593 41957 40724 197952 24566 23969 5167 1907 3260 6981 6819 5642 1177 3391 3254 2656
is_linear=0
shrinkage=0.03


end of trees

feature_importances:
RESI5=50
ROC30=46
RSQR5=46
STD30=44
KLEN=41
ROC5=39
RESI10=34
BETA60=30
STD10=29
RSQR30=29
STD5=27
RESI60=26
HIGH0=25
RESI20=25
IMXD30=25
LOW0=24
ROC60=24
STD20=24
BETA5=22
RSQR10=22
QTLU5=22
VWAP0=21
BETA10=21
RSQR20=21
MIN10=21
MIN30=21
MIN60=20
BETA20=19
ROC10=18
RESI30=18
ROC20=17
MA60=17
BETA30=17
QTLU60=17
MAX30=16
QTLD30=16
SUMN20=16
MA5=15
QTLD60=14
SUMP5=14
KLOW=13
KSFT=13
MIN20=13
QTLU30=13
IMXD10=13
WVMA5=13
IMIN30=12
QTLU10=11
QTLD5=11
IMIN60=11
KUP=10
RSV60=10
IMIN10=10
SUMN5=10
SUMN30=10
KMID=9
KLOW2=9
STD60=9
RSQR60=9
MAX5=9
MAX10=9
QTLU20=9
RSV10=9
IMAX10=9
IMAX30=9
IMAX60=9
IMIN5=9
MAX20=8
MIN5=8
QTLD20=8
IMXD5=8
SUMP30=8
WVMA20=8
QTLD10=7
RSV30=7
CNTP60=7
SUMD10=7
SUMD20=7
VSTD60=7
MA10=6
MA30=6
RSV20=6
SUMP20=6
WVMA30=6
KUP2=5
KSFT2=5
OPEN0=5
RSV5=5
CNTD20=5
SUMP60=5
SUMN10=5
MAX60=4
RANK20=4
IMAX5=4
IMIN20=4
IMXD20=4
CORD30=4
CNTP10=4
CNTD30=4
SUMN60=4
KMID2=3
MA20=3
RANK10=3
IMXD60=3
CNTN20=3
CNTD10=3
SUMD30=3
RANK60=2
CNTP30=2
CNTN10=2
CNTN30=2
SUMP10=2
VMA5=2
VSTD10=2
VSTD20=2
WVMA10=2
WVMA60=2
RANK5=1
RANK30=1
IMAX20=1
CORR10=1
CORR20=1
CORR30=1
CORR60=1
CORD20=1
CORD60=1
CNTP20=1
CNTN5=1
CNTN60=1
CNTD5=1
CNTD60=1
SUMD5=1
SUMD60=1
VMA10=1
VMA20=1
VMA60=1
VSUMP5=1
VSUMP10=1
VSUMP20=1
VSUMN20=1
VSUMD60=1

parameters:
[boosting: gbdt]
[objective: regression]
[metric: l2]
[tree_learner: serial]
[device_type: cpu]
[data_sample_strategy: bagging]
[data: ]
[valid: ]
[num_iterations: 500]
[learning_rate: 0.03]
[num_leaves: 31]
[num_threads: 12]
[seed: 20260813]
[deterministic: 1]
[force_col_wise: 1]
[force_row_wise: 0]
[histogram_pool_size: -1]
[max_depth: 7]
[min_data_in_leaf: 100]
[min_sum_hessian_in_leaf: 0.001]
[bagging_fraction: 0.8]
[pos_bagging_fraction: 1]
[neg_bagging_fraction: 1]
[bagging_freq: 1]
[bagging_seed: 20260813]
[bagging_by_query: 0]
[feature_fraction: 0.8]
[feature_fraction_bynode: 1]
[feature_fraction_seed: 20260813]
[extra_trees: 0]
[extra_seed: 13549]
[early_stopping_round: 0]
[early_stopping_min_delta: 0]
[first_metric_only: 0]
[max_delta_step: 0]
[lambda_l1: 10]
[lambda_l2: 20]
[linear_lambda: 0]
[min_gain_to_split: 0]
[drop_rate: 0.1]
[max_drop: 50]
[skip_drop: 0.5]
[xgboost_dart_mode: 0]
[uniform_drop: 0]
[drop_seed: 11866]
[top_rate: 0.2]
[other_rate: 0.1]
[min_data_per_group: 100]
[max_cat_threshold: 32]
[cat_l2: 10]
[cat_smooth: 10]
[max_cat_to_onehot: 4]
[top_k: 20]
[monotone_constraints: ]
[monotone_constraints_method: basic]
[monotone_penalty: 0]
[feature_contri: ]
[forcedsplits_filename: ]
[refit_decay_rate: 0.9]
[cegb_tradeoff: 1]
[cegb_penalty_split: 0]
[cegb_penalty_feature_lazy: ]
[cegb_penalty_feature_coupled: ]
[path_smooth: 0]
[interaction_constraints: ]
[verbosity: 1]
[saved_feature_importance_type: 0]
[use_quantized_grad: 0]
[num_grad_quant_bins: 4]
[quant_train_renew_leaf: 0]
[stochastic_rounding: 1]
[linear_tree: 0]
[max_bin: 255]
[max_bin_by_feature: ]
[min_data_in_bin: 3]
[bin_construct_sample_cnt: 200000]
[data_random_seed: 20260812]
[is_enable_sparse: 1]
[enable_bundle: 1]
[use_missing: 1]
[zero_as_missing: 0]
[feature_pre_filter: 1]
[pre_partition: 0]
[two_round: 0]
[header: 0]
[label_column: ]
[weight_column: ]
[group_column: ]
[ignore_column: ]
[categorical_feature: ]
[forcedbins_filename: ]
[precise_float_parser: 0]
[parser_config_file: ]
[objective_seed: 16743]
[num_class: 1]
[is_unbalance: 0]
[scale_pos_weight: 1]
[sigmoid: 1]
[boost_from_average: 1]
[reg_sqrt: 0]
[alpha: 0.9]
[fair_c: 1]
[poisson_max_delta_step: 0.7]
[tweedie_variance_power: 1.5]
[lambdarank_truncation_level: 30]
[lambdarank_norm: 1]
[label_gain: ]
[lambdarank_position_bias_regularization: 0]
[eval_at: ]
[multi_error_top_k: 1]
[auc_mu_weights: ]
[num_machines: 1]
[local_listen_port: 12400]
[time_out: 120]
[machine_list_filename: ]
[machines: ]
[gpu_platform_id: -1]
[gpu_device_id: -1]
[gpu_device_id_list: ]
[gpu_use_dp: 0]
[num_gpu: 1]

end of parameters

pandas_categorical:null
