tree
version=v4
num_class=1
num_tree_per_iteration=1
label_index=0
max_feature_idx=157
objective=regression
feature_names=KMID KLEN KMID2 KUP KUP2 KLOW KLOW2 KSFT KSFT2 OPEN0 HIGH0 LOW0 VWAP0 ROC5 ROC10 ROC20 ROC30 ROC60 MA5 MA10 MA20 MA30 MA60 STD5 STD10 STD20 STD30 STD60 BETA5 BETA10 BETA20 BETA30 BETA60 RSQR5 RSQR10 RSQR20 RSQR30 RSQR60 RESI5 RESI10 RESI20 RESI30 RESI60 MAX5 MAX10 MAX20 MAX30 MAX60 MIN5 MIN10 MIN20 MIN30 MIN60 QTLU5 QTLU10 QTLU20 QTLU30 QTLU60 QTLD5 QTLD10 QTLD20 QTLD30 QTLD60 RANK5 RANK10 RANK20 RANK30 RANK60 RSV5 RSV10 RSV20 RSV30 RSV60 IMAX5 IMAX10 IMAX20 IMAX30 IMAX60 IMIN5 IMIN10 IMIN20 IMIN30 IMIN60 IMXD5 IMXD10 IMXD20 IMXD30 IMXD60 CORR5 CORR10 CORR20 CORR30 CORR60 CORD5 CORD10 CORD20 CORD30 CORD60 CNTP5 CNTP10 CNTP20 CNTP30 CNTP60 CNTN5 CNTN10 CNTN20 CNTN30 CNTN60 CNTD5 CNTD10 CNTD20 CNTD30 CNTD60 SUMP5 SUMP10 SUMP20 SUMP30 SUMP60 SUMN5 SUMN10 SUMN20 SUMN30 SUMN60 SUMD5 SUMD10 SUMD20 SUMD30 SUMD60 VMA5 VMA10 VMA20 VMA30 VMA60 VSTD5 VSTD10 VSTD20 VSTD30 VSTD60 WVMA5 WVMA10 WVMA20 WVMA30 WVMA60 VSUMP5 VSUMP10 VSUMP20 VSUMP30 VSUMP60 VSUMN5 VSUMN10 VSUMN20 VSUMN30 VSUMN60 VSUMD5 VSUMD10 VSUMD20 VSUMD30 VSUMD60
feature_infos=[-0.16749253869056702:0.23587034642696381] [0:0.33308270573616028] [-1:1] [0:0.27153289318084717] [0:1] [0:0.21718749403953552] [0:1] [-0.31147539615631104:0.23587034642696381] [-1:1] [0.80914634466171265:1.2011904716491699] [1:1.365384578704834] [0.7725520133972168:1] [0.90894031524658203:1.0927579402923584] [0.57777780294418335:1.6790908575057983] [0.54954206943511963:1.8924485445022583] [0.46860837936401367:2.2146341800689697] [0.46312057971954346:2.740487813949585] [0.36440131068229675:2.649662971496582] [0.74611109495162964:1.3455072641372681] [0.65066665410995483:1.4951817989349365] [0.60133224725723267:1.7117466926574707] [0.56646168231964111:1.9959673881530762] [0.4937971830368042:1.8649090528488159] [0:0.26957115530967712] [0:0.32280367612838745] [0:0.36472421884536743] [0:0.57258552312850952] [0:0.50059491395950317] [-0.16409091651439667:0.12254486232995987] [-0.11048160493373871:0.12254486232995987] [-0.11048160493373871:0.12254486232995987] [-0.11048160493373871:0.12254486232995987] [-0.11048160493373871:0.12254486232995987] [0:1] [0:1] [0:1] [0:1] [0:1] [-0.15193372964859009:0.13264167308807373] [-0.24554997682571411:0.20802642405033112] [-0.40848860144615173:0.27864286303520203] [-0.44566619396209717:0.33016127347946167] [-0.96870207786560059:0.3971981406211853] [1:1.6472727060317993] [1:1.9298244714736938] [1:2.2439024448394775] [1:3.3160974979400635] [1:3.3160974979400635] [0.5718809962272644:1] [0.54045307636260986:1] [0.4660193920135498:1] [0.43721681833267212:1] [0.33789625763893127:1] [0.86334514617919922:1.4843636751174927] [0.72140765190124512:1.7869091033935547] [0.59200000762939453:2.054157018661499] [0.56569522619247437:2.423609733581543] [0.56576049327850342:2.3250908851623535] [0.60694897174835205:1.2689855098724365] [0.54922223091125488:1.4057971239089966] [0.49352750182151794:1.5574545860290527] [0.47533980011940002:1.5740000009536743] [0.38890489935874939:1.5950908660888672] [0.20000000298023224:1] [0.10000000149011612:1] [0.05000000074505806:1] [0.033333335071802139:1] [0.01666666753590107:1] [0:1] [0:1] [0:1] [0:1] [0:1] [0.20000000298023224:1] [0.10000000149011612:1] [0.05000000074505806:1] [0.033333335071802139:1] [0.01666666753590107:1] [0.20000000298023224:1] [0.10000000149011612:1] [0.05000000074505806:1] [0.033333335071802139:1] [0.01666666753590107:1] [-0.80000001192092896:0.80000001192092896] [-0.89999997615814209:0.89999997615814209] [-0.94999998807907104:0.94999998807907104] [-0.96666663885116577:0.96666663885116577] [-0.98333334922790527:0.98333334922790527] [-1:1] [-1:1] [-1:1] [-1:1] [-1:1] [-1:1] [-1:1] [-1:1] [-1:1] [-1:1] [0:1] [0:1] [0:0.90909093618392944] [0:0.90909093618392944] [0:0.90909093618392944] [0:1] [0:1] [0:0.89999997615814209] [0:0.8571428656578064] [0:0.8571428656578064] [-1:1] [-1:1] [-0.83333331346511841:0.90909093618392944] [-0.83333331346511841:0.90909093618392944] [-0.83333331346511841:0.90909093618392944] [0:1] [0:1] [0:1] [0:1] [0:1] [0:1] [0:1] [0:1] [0:1] [0:1] [-1:1] [-1:1] [-1:1] [-1:1] [-1:1] [0.20013266801834106:26452.083984375] [0.10012400150299072:23627.859375] [0.050104878842830658:26698.134765625] [0.033777147531509399:28136.5] [0.017187755554914474:26107.111328125] [0.00080492562847211957:59102.5] [0.0021778203081339598:49210.34375] [0.0021778203081339598:56418.4921875] [0.0021778203081339598:57003.12109375] [0.0021778203081339598:42065.70703125] [0:2.2360680103302002] [0:3.1615598201751709] [0:4.4708261489868164] [0:5.4656624794006348] [0:7.5986995697021484] [0:1] [0:1] [0:1] [0:1] [0:1] [0:1] [0:1] [0:1] [0:1] [0:1] [-1:1] [-1:1] [-1:1] [-1:1] [-1:1]
tree_sizes=3094 3010 3070 3047 3052 3017 2986 3069 3043 3042 3063 3110 3040 3073 3078 3037 2986 3057 3009 3064 3071 3004 3089 3092 2991 3001 3081 3030 3039 3111 3069 3062 3093 3108 3008 3053 3028 3031 3037 3067 3008 3047 3013 3133 3120 3135 3047 3062 3039 3033 3034

Tree=0
num_leaves=31
num_cat=0
split_feature=16 11 15 30 16 115 21 36 6 35 1 138 15 28 52 31 115 32 86 76 10 25 2 17 23 1 24 113 1 1
split_gain=161.542 104.578 98.1084 97.7955 117.838 93.272 96.7802 73.5963 68.3209 64.6989 63.9096 76.4034 63.4578 53.2397 88.028 82.9807 50.7326 60.7819 62.2846 58.551 42.9116 58.8141 56.533 49.9989 40.9553 45.394 40.5777 38.4292 36.561 48.1129
threshold=1.2346542477607729 0.92475160956382763 0.75119632482528698 -0.00042474368819966907 0.93561235070228588 0.74010053277015697 0.91351643204689037 0.80595400929451 0.60000064969062816 0.18516926467418673 0.054819600656628616 0.63982743024826061 0.86755946278572094 -0.0094511965289711935 0.69775661826133739 0.0035153066273778681 0.27836905419826513 -0.0048612528480589381 -0.81666666269302357 0.050000002607703216 1.0191622972488406 0.025940897874534134 0.36364109814167028 0.7205362617969514 0.016089311800897125 0.039850102737545974 0.043965009972453124 0.8095240890979768 0.053075965493917472 0.03440364450216294
decision_type=10 8 10 8 8 10 8 10 10 10 10 10 8 10 8 10 8 10 2 2 10 8 10 8 10 10 10 10 10 10
left_child=1 2 -1 4 9 6 8 -2 12 -3 11 -9 -5 14 -8 -15 28 19 -19 -18 21 -7 23 -22 -13 -26 -12 -11 29 -6
right_child=7 3 -4 5 16 20 13 10 -10 27 26 24 -14 15 -16 -17 17 18 -20 -21 22 -23 -24 -25 25 -27 -28 -29 -30 -31
leaf_value=-0.022619590682700426 0.0021001006707674795 -0.0020222249390581524 -0.0020043389248374419 0.0024987720317502277 0.001451260286089382 0.00059481448917305085 0.010329939512164 -0.0059299420480661749 -0.0053909170348342911 -0.011150116755857521 0.00031955986166252808 -0.0025174772829163715 0.0079427334990690036 0.00064506868842565399 0.0015341861203367452 -0.0015374332894575805 0.0072254789250362668 -0.0022601951589670682 -0.0004460651673367767 9.8532876985401508e-10 -0.0061357246540581275 -0.0039962531372694033 -0.01355451457307876 0.006167391257092189 0.018789412291085484 9.8532876985401508e-10 0.025122305433963345 9.8532876985401508e-10 0.008635572315879872 -0.0039905489171155606
leaf_weight=333 1735 2595 607 6444 13520 3480 1128 276 669 1692 100 119 2928 101139 11464 18481 1652 21111 91863 2585 329 8077 162 1507 504 188 372 307 556 1598
leaf_count=333 1735 2595 607 6444 13520 3480 1128 276 669 1692 100 119 2928 101139 11464 18481 1652 21111 91863 2585 329 8077 162 1507 504 188 372 307 556 1598
internal_value=2.02588e-05 -5.29129e-05 -0.009939 -1.95291e-05 -0.000603657 0.000493969 0.000722138 0.00660751 0.00356355 -0.00532277 0.0113436 0.00670761 0.00424481 0.000503568 0.00236103 0.000305169 -0.000437478 -0.0006535 -0.000788059 0.00285073 -0.00187598 -0.00258926 0.00208589 0.00375875 0.0114086 0.0142282 0.0207038 -0.0093963 0.0011576 0.000851721
internal_weight=297521 294227 940 293287 137479 155808 142253 3294 10041 4594 1559 1087 9372 132212 12592 119620 132885 117211 112974 4237 13555 11557 1998 1836 811 692 472 1999 15674 15118
internal_count=297521 294227 940 293287 137479 155808 142253 3294 10041 4594 1559 1087 9372 132212 12592 119620 132885 117211 112974 4237 13555 11557 1998 1836 811 692 472 1999 15674 15118
is_linear=0
shrinkage=1


Tree=1
num_leaves=31
num_cat=0
split_feature=16 57 26 40 36 14 123 18 78 38 16 16 26 34 15 113 25 71 33 30 10 140 60 78 20 36 50 131 23 25
split_gain=168.002 135.727 101.743 104.403 120.778 79.6026 79.0549 76.6907 68.314 67.2513 112.892 92.558 75.3388 70.5235 70.1628 67.1996 64.2908 55.1377 53.2721 65.2076 46.3601 45.9155 52.9554 69.2445 39.5821 39.471 34.8238 34.385 29.9071 34.276
threshold=1.2157111763954165 0.80647325515747081 0.021808819845318798 -0.030740197747945782 0.82249087095260631 0.81529909372329723 -0.14285760372877118 0.95002853870391857 0.70000001788139354 -0.00089285580907016982 0.66539305448532116 0.66539305448532116 0.069804321974515929 0.67259868979454052 0.86270305514335643 0.5909089744091035 0.087826393544673934 0.91492569446563732 0.97781935334205639 -0.0069339359179139129 1.0349293947219851 0.76602196693420421 1.0339703559875491 0.30000000447034841 1.0359036326408388 0.81912946701049816 0.69031959772109996 0.49228709936141973 0.032843878492712981 0.020791646093130115
decision_type=10 8 10 10 10 10 10 10 10 10 8 8 10 10 10 8 10 10 10 10 10 10 10 10 10 10 10 10 10 10
left_child=1 7 15 4 5 6 -4 16 -7 10 13 14 -12 -5 -11 20 -1 -13 19 21 -3 -2 23 25 -22 -23 -9 -6 29 -17
right_child=18 2 3 9 27 8 -8 26 -10 11 12 17 -14 -15 -16 28 -18 -19 -20 -21 24 22 -24 -25 -26 -27 -28 -29 -30 -31
leaf_value=-0.0047122285052049019 0 0.00023444439172740035 0.021197369919297319 0.0023883619458099324 -0.0050495355071704072 -0.0031054757459458918 -0.0055297880096961778 0.0068445625940803433 0.001245892822172289 0 -0.00017533451642836459 -0.0015477090649668836 0.0036845512445138461 -0.023953028100793465 0.024416192992263146 0.00207199477456517 -0.02621725739705992 0.0005031572490020726 -0.011324299740151981 0.00075792515237554578 -0.014555323773135658 0 0.014660848622527463 5.7743781754200964e-05 0.0010925878852818306 0.023647948353545278 -0.0081392375518535218 0.0091198847831446446 0.016776365308687091 -0.0010749072265174295
leaf_weight=271 436 56050 305 101 126 3902 111 220 18362 169 72459 84025 4833 266 202 31418 334 13472 128 1364 335 113 1347 814 186 211 294 2052 105 3314
leaf_count=271 436 56050 305 101 126 3902 111 220 18362 169 72459 84025 4833 266 202 31418 334 13472 128 1364 335 113 1347 814 186 211 294 2052 105 3314
internal_value=6.35543e-06 -8.03551e-05 -3.89749e-05 -0.000418299 0.00139667 0.000730708 0.0134512 -0.0104172 0.000467704 -0.000677172 -1.4013e-05 -0.00120022 6.30311e-05 -0.0161798 0.0133034 0.00078921 -0.0175235 -0.0012612 0.00580382 0.00643538 0.000144956 0.00896136 0.0105252 0.00520229 -0.00858053 0.0165003 -0.00114799 0.00812519 0.00182611 0.00176265
internal_weight=297325 292912 291793 200385 24858 22680 416 1119 22264 175527 77659 97868 77292 367 371 91408 605 97497 4413 4285 56571 2921 2485 1138 521 324 514 2178 34837 34732
internal_count=297325 292912 291793 200385 24858 22680 416 1119 22264 175527 77659 97868 77292 367 371 91408 605 97497 4413 4285 56571 2921 2485 1138 521 324 514 2178 34837 34732
is_linear=0
shrinkage=0.03


Tree=2
num_leaves=31
num_cat=0
split_feature=16 26 38 60 51 24 39 27 34 16 26 30 41 52 28 27 49 118 33 30 120 44 118 5 37 1 59 140 22 27
split_gain=163.348 98.7195 114.643 149.418 117.662 90.7424 80.5226 73.8646 82.0294 101.082 105.049 100.467 68.6582 67.8926 66.4149 79.981 64.6271 62.5058 59.3646 66.872 57.3061 44.4154 85.9767 67.6774 47.3024 43.6155 38.3678 37.6478 43.4082 35.4014
threshold=1.2346542477607729 0.021808819845318798 -0.0010238760733045635 0.73079699277877819 0.64709019660949718 0.03719716705381871 0.026547196321189407 0.075794491916894927 0.31173564493656164 0.70005577802658092 0.10153014212846757 0.0033537833951413636 -0.012379939667880533 0.97150608897209179 -0.0056916868779808274 0.13253632187843326 0.90192216634750377 0.44518308341503149 0.97336161136627208 -0.0055941320024430743 0.55441135168075573 1.0512821078300478 0.71710512042045604 0.014190367888659241 0.19601537287235263 0.036363659426569946 0.94534283876419078 0.81320852041244518 1.1530953049659731 0.054645650088787086
decision_type=10 10 10 10 10 10 10 10 10 8 10 10 10 10 8 10 10 10 10 10 10 10 8 10 10 8 10 10 10 10
left_child=1 17 7 6 5 26 -4 21 11 10 -10 12 -9 -11 20 -16 -13 -1 19 27 -6 -3 23 -23 -24 -19 -5 -2 -29 -8
right_child=18 2 3 4 14 -7 29 8 9 13 -12 16 -14 -15 15 -17 -18 25 -20 -21 -22 22 24 -25 -26 -27 -28 28 -30 -31
leaf_value=0.0016505232522944318 0.0018122378816517325 0.00042767093036918496 0.00034435417900300204 0.037281015830419574 0.0015977038232234111 0 -0.0054250322325319483 -0.002180786374759091 -0.019568043508696439 0.0019143430056708143 0.00098813674345164023 0.021597704622102504 0.0044565482661557774 -0.005748900919504649 -0.0014165504402233644 -0.0090610923429384951 0.0069676931255409098 0.00020000897591181325 -0.011960902050566331 0 -0.0010138402602651324 -0.0038570925877892395 -0.0021397031517136154 0.0040945781799382524 0.0015606543155188297 -0.0054016076889350098 0.0068226034780282793 -5.9752517366202952e-05 0.013335152394964665 -0.026834192582579904
leaf_weight=38859 510 46949 184 125 13149 224 150 2187 433 9686 387 331 3648 1132 76938 1249 2280 51354 119 746 17696 10140 4468 1012 9919 1261 103 198 1724 335
leaf_count=38859 510 46949 184 125 13149 224 150 2187 433 9686 387 331 3648 1132 76938 1249 2280 51354 119 746 17696 10140 4468 1012 9919 1261 103 198 1724 335
internal_value=-3.0779e-06 -7.8721e-05 -0.000448779 -0.00110333 -0.00101255 0.0138895 -0.0150626 0.000326907 0.00193672 0.000274123 -0.00971685 0.00418617 0.00191864 0.00107565 -0.00107962 -0.00154479 0.00908646 0.000738043 0.00661607 0.00747594 9.00362e-05 -0.000115392 -0.00112501 -0.00310262 0.00038928 5.80565e-05 0.0263908 0.00987111 0.0118144 -0.0212839
internal_weight=297496 294199 202725 110153 109484 452 669 92572 20084 11638 820 8446 5835 10818 109032 78187 2611 91474 3297 3178 30845 72488 25539 11152 14387 52615 228 2432 1922 485
internal_count=297496 294199 202725 110153 109484 452 669 92572 20084 11638 820 8446 5835 10818 109032 78187 2611 91474 3297 3178 30845 72488 25539 11152 14387 52615 228 2432 1922 485
is_linear=0
shrinkage=0.03


Tree=3
num_leaves=31
num_cat=0
split_feature=16 57 29 57 31 37 12 15 16 29 82 38 1 78 13 16 61 25 5 87 35 86 39 33 30 6 33 140 17 111
split_gain=151.723 99.5283 101.791 110.429 102.744 90.9611 72.1864 65.6985 65.0958 176.976 56.0557 60.3127 70.9611 72.618 55.0227 57.9424 51.8845 50.9098 50.9049 57.6539 49.9294 46.8749 45.9727 38.7139 47.1245 37.0203 37.3903 33.1707 39.3194 32.8817
threshold=1.2346542477607729 0.80647325515747081 -0.00088134477846324433 1.168602526187897 0.0095289275050163286 0.14462764561176303 0.98687738180160534 0.86270305514335643 0.70005577802658092 0.0095726307481527346 0.22500000149011615 0.01686045061796904 0.018359184265136722 0.90000000596046459 0.95610707998275768 0.90081894397735607 1.0581257939338686 0.01962524559348822 0.01334414165467024 0.37500000000000006 0.81388270854949962 -0.516666680574417 0.022810149006545547 0.97336161136627208 -0.0055941320024430743 0.05555433779954911 0.92942845821380626 0.72682881355285656 1.1770361065864565 -0.13484849035739896
decision_type=10 8 8 10 10 10 10 10 8 10 2 8 10 10 8 8 10 10 10 2 10 2 10 10 10 10 10 10 10 2
left_child=1 6 10 4 8 -6 -1 -7 9 -4 16 12 20 -14 -13 -16 18 -10 22 -20 -12 25 -3 24 27 -5 -27 -2 -29 -30
right_child=23 2 3 21 5 7 -8 -9 17 -11 11 14 13 -15 15 -17 -18 -19 19 -21 -22 -23 -24 -25 -26 26 -28 28 29 -31
leaf_value=-0.017842933177232349 -6.4974618496978315e-05 0.0001802049336148052 0.01132705240939659 0 0.02418843764624877 0.00242558239295743 -0.0019484106155433771 0.016152269761391846 0.00098234785714988704 -0.017621101151837317 -0.00071244220133536177 -0.0094828350023699551 -0.0032420869061412605 -0.00082491893698107997 0.013893098994302102 0.0021362309659433616 0.0080840220663321097 -0.00011817399708079439 -0.0023872353864931454 0.0066838799862638217 0.0020525739912391904 0.00095310347260031897 -0.0042992112406613587 -0.0088258650980603225 0 0.010380492389812675 -0.0036932051390478455 0.0021026380119874098 0.014665671404865493 0.0030327903053696099
leaf_weight=455 254 32568 255 494 208 2846 682 351 65848 553 35521 282 21368 24392 428 3297 754 87911 828 2092 6994 1587 2178 110 728 2081 142 509 1351 357
leaf_count=455 254 32568 255 494 208 2846 682 351 65848 553 35521 282 21368 24392 428 3297 754 87911 828 2092 6994 1587 2178 110 728 2081 142 509 1351 357
internal_value=8.6459e-05 1.33512e-05 4.90455e-05 0.000551807 0.00042022 0.00556472 -0.00876679 0.00411694 0.000304244 -0.00806999 -0.000572863 -0.000974601 -0.00114054 -0.00196111 0.00259403 0.00363418 0.000384284 0.000351245 0.000217981 0.00401088 -0.000249774 0.00528785 -9.4263e-05 0.00645529 0.00712552 0.0076847 0.00932283 0.00909052 0.0102648 0.0124711
internal_weight=297424 294115 292978 162276 157972 3405 1137 3197 154567 808 130702 92282 88275 45760 4007 3725 38420 153759 37666 2920 42515 4304 34746 3309 3199 2717 2223 2471 2217 1708
internal_count=297424 294115 292978 162276 157972 3405 1137 3197 154567 808 130702 92282 88275 45760 4007 3725 38420 153759 37666 2920 42515 4304 34746 3309 3199 2717 2223 2471 2217 1708
is_linear=0
shrinkage=0.03


Tree=4
num_leaves=31
num_cat=0
split_feature=16 57 1 26 38 16 26 7 30 38 17 14 11 55 5 30 113 25 33 36 140 32 1 115 23 87 10 15 91 34
split_gain=136.32 92.9259 93.4437 94.2965 76.2093 78.4641 72.732 84.9858 114.865 69.0268 120.186 77.7227 66.2235 63.414 83.6568 60.3411 60.0869 55.7588 54.9841 51.9147 58.364 42.1535 36.0247 57.327 33.8051 33.5532 32.2836 29.7827 28.0429 27.8435
threshold=1.2346542477607729 0.80647325515747081 0.054819600656628616 0.019930385984480384 -0.00095967468223534514 0.66539305448532116 0.036025099456310279 0.041051186621189124 0.0085243396461009997 -0.015619924291968344 0.73705121874809276 0.81529909372329723 0.92475160956382763 0.94157832860946666 0.014190367888659241 -0.00042474368819966907 0.5909089744091035 0.029014205560088161 0.79559361934661876 0.80595400929451 0.72682881355285656 0.00615019933320582 0.054819600656628616 0.30555571615695959 0.025842452421784404 -0.80833333730697621 1.0116825103759768 0.9491809904575349 0.49059948325157171 0.84154617786407482
decision_type=10 8 10 10 8 8 8 10 10 10 8 8 10 10 10 10 10 8 10 10 10 8 10 10 8 2 10 8 10 10
left_child=1 12 3 16 9 -6 18 13 21 10 -5 -11 -1 14 -8 -7 -3 -15 -4 -2 -21 -9 23 25 -18 -22 -25 -26 -10 -14
right_child=19 2 6 4 5 15 7 8 28 11 -12 -13 29 17 -16 -17 24 -19 -20 20 22 -23 -24 26 27 -27 -28 -29 -30 -31
leaf_value=-0.021578510652363977 0.0022055352318952541 0.00016494024209520378 -0.0063986879685577211 -0.014800840071299467 0.014915715620899907 -0.0016338990213865966 -0.011837764541184428 0.0010616386187988062 -0.00017743249444497955 0.022248818098130275 -0.0013253692675936817 0.00037776033409848227 -0.0072022600769827173 -0.0069174645174691664 0.010704540911489936 -0.00024225532337254831 0.0018120443279641377 0.0094356679808944421 0.0046753734397600418 -0.0032230556788109843 -0.0046122658813315034 0.01363760006099351 0.020522059539353283 0.0038191741650467209 0.024010539147079239 0.0085170377185386312 0.02632482288968346 0.003086589072055819 -0.021013763212111024 0.0037088962891721165
leaf_weight=255 1704 46038 1098 658 258 60060 323 2070 115 127 5664 90746 691 163 234 53676 27149 3471 585 213 275 265 393 139 101 364 188 226 232 244
leaf_count=255 1704 46038 1098 658 258 60060 323 2070 115 127 5664 90746 691 163 234 53676 27149 3471 585 213 275 265 393 139 101 364 188 226 232 244
internal_value=3.6589e-05 -3.03106e-05 2.89898e-06 -8.90107e-05 -0.000412086 -0.000938711 0.00308927 0.00447102 0.000179911 0.000202541 -0.00281747 0.000416516 -0.00832707 0.00713195 -0.00180485 -0.000979929 0.00083489 0.00858621 -0.00236355 0.00610428 0.0100612 0.00271997 0.0123773 0.00841048 0.00194559 0.00244298 0.0183943 0.0114253 -0.0153118 -0.00402268
internal_weight=297725 294449 293259 284703 211189 113994 8556 6873 2682 97195 6322 90873 1190 4191 557 113736 73514 3634 1683 3276 1572 2335 1359 966 27476 639 327 327 347 935
internal_count=297725 294449 293259 284703 211189 113994 8556 6873 2682 97195 6322 90873 1190 4191 557 113736 73514 3634 1683 3276 1572 2335 1359 966 27476 639 327 327 347 935
is_linear=0
shrinkage=0.03


Tree=5
num_leaves=31
num_cat=0
split_feature=16 57 26 40 36 12 14 113 113 36 52 29 57 10 42 3 35 140 126 131 23 23 81 32 34 103 26 43 44 34
split_gain=115.024 102.798 88.284 87.2545 127.504 75.1079 74.3411 75.4433 63.7429 57.9534 57.8688 56.8923 141.634 69.6227 69.2657 59.9104 58.0494 56.7146 46.3563 40.9243 39.9663 37.2086 35.5209 32.9026 31.364 37.531 45.4994 33.031 27.4331 23.5559
threshold=1.2346542477607729 0.80647325515747081 0.019930385984480384 -0.030740197747945782 0.82590049505233776 0.98687738180160534 0.81529909372329723 0.39393942058086401 0.5909089744091035 0.80280810594558727 0.98212349414825451 -0.00029575289227068419 1.168602526187897 1.0175238251686098 -0.093140352517366395 0.015133127104490997 0.76736387610435497 0.72682881355285656 -0.27071769535541529 0.49228709936141973 0.025842452421784404 0.017681366764009002 0.25000000745058065 0.0043159390334039935 0.8585173785686494 0.36666667461395269 0.073983062058687224 1.0658490657806399 1.0098591446876528 0.88041076064109813
decision_type=10 8 10 10 10 10 10 10 8 10 10 10 10 10 10 10 10 10 10 10 10 10 2 10 10 2 10 10 10 10
left_child=1 5 8 4 6 22 7 -4 -3 29 -8 14 13 -13 15 -5 -16 -11 -14 -6 -10 -19 -1 -21 25 26 -7 -27 -22 -2
right_child=9 2 3 11 19 24 10 -9 20 17 -12 12 18 -15 16 -17 -18 21 -20 23 28 -23 -24 -25 -26 27 -28 -29 -30 -31
leaf_value=-0.005766495435781914 2.9831761134954532e-05 0.00016108588440590593 0.021396517937693774 0.0045547051752274003 -0.006366574893893793 0 0.0010897224147357202 -0.0030030334001142963 0.0018541240580154585 -0.003530293028574976 -0.0029094646380044302 -0.00066548218263907401 0.010370160496542267 0.0014065424591135629 -0.0017273640556792753 -0.0077733060072677817 3.9879422142526619e-05 0 0.0030318459643155055 0.0061451277533886529 0.020845342042518714 0.013981887246878943 -0.025849226218402629 0.015195754494993826 0.00882747249166407 -0.011114617442527345 -0.024369217281147271 0.0075142239384585986 0 0.01153333577531624
leaf_weight=197 1517 45572 285 2995 121 102 19360 144 27935 208 3872 81283 1267 17708 64711 368 22113 197 2471 1289 154 1168 253 670 143 111 138 220 118 167
leaf_count=197 1517 45572 285 2995 121 102 19360 144 27935 208 3872 81283 1267 17708 64711 368 22113 197 2471 1289 154 1168 253 670 143 111 138 220 118 167
internal_value=-7.19212e-06 -7.05825e-05 -3.38327e-05 -0.000337606 0.00129886 -0.00889344 0.000655742 0.0127694 0.000862236 0.00558109 0.00040836 -0.000557629 -7.17456e-05 -0.000291589 -0.00110762 0.00307904 -0.00127391 0.00972169 0.00564096 0.00839588 0.00198349 0.0119795 -0.0183153 0.00951442 -0.00220936 -0.00568621 -0.0142613 0.000135039 0.0132052 0.00146865
internal_weight=296857 293600 292436 218657 25741 1164 23661 429 73779 3257 23232 192916 102729 98991 90187 3363 86824 1573 3738 2080 28207 1365 450 1959 714 571 240 331 272 1684
internal_count=296857 293600 292436 218657 25741 1164 23661 429 73779 3257 23232 192916 102729 98991 90187 3363 86824 1573 3738 2080 28207 1365 450 1959 714 571 240 331 272 1684
is_linear=0
shrinkage=0.03


Tree=6
num_leaves=31
num_cat=0
split_feature=16 11 51 29 26 16 22 25 13 15 42 6 139 49 142 1 41 78 38 17 25 11 6 16 47 33 30 49 1 117
split_gain=122.518 88.4416 92.3398 87.9076 110.713 139.344 91.5741 88.4884 97.2855 85.3575 74.4699 76.5456 82.3952 66.512 66.1879 56.9747 90.7075 76.387 58.5386 56.6184 55.493 55.286 50.6652 42.2417 45.6064 42.0502 46.4435 36.4845 33.8066 47.3246
threshold=1.2346542477607729 0.92475160956382763 0.73924610018730175 -0.00162652664585039 0.10153014212846757 0.70005577802658092 1.0942281484603884 0.047347836196422584 1.0707409381866457 0.86270305514335643 -0.093140352517366395 0.099999617785215392 0.72513249516487133 0.8196873962879182 3.148604273796082 0.017700472846627239 -0.031944008544087403 0.70000001788139354 0.01686045061796904 0.7521457076072694 0.01260923780500889 0.95744678378105175 0.052632736042141921 0.93838861584663402 1.1117318272590639 0.97336161136627208 -0.0060110881458967915 0.83472758531570446 0.054819600656628616 0.36422628164291387
decision_type=10 8 10 8 10 8 10 10 10 10 10 10 10 10 10 8 10 10 8 10 10 10 10 8 10 10 10 10 10 10
left_child=1 2 27 10 5 9 20 -6 14 21 11 -3 19 -10 -9 23 17 -17 -18 -13 -7 -5 -8 24 -12 26 28 -1 -2 -30
right_child=25 3 -4 4 7 6 22 8 13 -11 15 12 -14 -15 -16 16 18 -19 -20 -21 -22 -23 -24 -25 -26 -27 -28 -29 29 -31
leaf_value=-0.024362118670928544 0.0054757173745452617 -0.0019523035735367158 -0.00016189872841492855 0 0.017110948097865272 0.0014383456445342924 -0.0021444920658140339 0.0040035638464266258 0.028202788597887513 0.0041222790448109106 -0.0016690253166068904 0.025129236687637824 0.0026241522556827782 0 -0.0075287365968647402 -0.0042484681563970369 -0.0025827467006072878 0.0011144397013644121 0.0014712928708194343 0.0069838029739250707 0 -0.022436911305671617 0.0061430862381819723 0.00014504884850853695 -0.012249345965357017 -0.01081459667464932 0 -0.00073858253480423063 0.021820207559413371 0.0059607381497788206
leaf_weight=310 1546 2123 537 108 518 29102 742 1971 204 176 1965 256 3156 117 548 2796 38058 15540 3390 578 142714 461 3597 44290 465 102 812 106 367 465
leaf_count=310 1546 2123 537 108 518 29102 742 1971 204 176 1965 256 3156 117 548 2796 38058 15540 3390 578 142714 461 3597 44290 465 102 812 106 367 465
internal_value=2.60278e-05 -3.76308e-05 -0.00906756 -6.60649e-06 0.000403161 0.000298604 0.000355703 0.00578807 0.00351273 -0.0124666 -0.000665111 0.0025375 0.00499908 0.0186265 0.00133705 -0.000852189 -0.00146565 0.000276585 -0.00224339 0.013363 0.000244888 -0.0180729 0.00465369 -6.048e-05 -0.00389957 0.00576438 0.00645203 -0.0193407 0.00855311 0.0136565
internal_weight=297120 293828 953 292875 180258 176900 176155 3358 2840 745 112617 6113 3990 321 2519 106504 59784 18336 41448 834 171816 569 4339 46720 2430 3292 3190 416 2378 832
internal_count=297120 293828 953 292875 180258 176900 176155 3358 2840 745 112617 6113 3990 321 2519 106504 59784 18336 41448 834 171816 569 4339 46720 2430 3292 3190 416 2378 832
is_linear=0
shrinkage=0.03


Tree=7
num_leaves=31
num_cat=0
split_feature=16 57 40 26 72 48 14 12 33 32 15 25 62 17 113 82 91 1 117 39 45 79 77 36 1 29 74 113 39 5
split_gain=106.229 98.8485 85.3484 95.8016 79.18 95.7882 76.6052 60.0485 58.7565 63.9367 74.392 57.1285 82.4134 61.6739 55.1293 54.4268 49.4805 46.5053 71.8201 41.0535 52.4402 45.0351 40.6004 39.3814 37.0844 39.964 34.4741 43.7228 31.1953 29.5173
threshold=1.2346542477607729 0.80647325515747081 -0.04213376343250274 0.021427014842629436 0.72357749938964855 0.97685572504997265 0.81529909372329723 0.98766008019447338 0.24565471708774569 -0.0037433544639497991 1.0900195240974428 0.036329464986920364 0.66657575964927684 0.66476282477378856 0.59375044703483593 0.14166667312383655 0.7616693675518037 0.054819600656628616 0.36422628164291387 -0.0098544578067958338 1.1124202013015749 0.94999998807907116 0.075000002980232253 0.82590049505233776 0.036788007244467742 -0.00088134477846324433 0.15000000223517421 0.041666254401206977 0.050457613542675979 0.0039138516876846561
decision_type=10 8 8 10 10 10 8 10 8 10 8 10 10 8 10 2 10 10 10 10 10 2 2 10 10 10 2 10 10 10
left_child=1 7 4 14 6 23 -3 -1 9 10 -5 13 -13 -10 24 -7 -17 22 -19 20 -8 -21 -2 -6 -4 -26 27 -24 -9 -16
right_child=17 2 3 8 5 15 19 28 11 -11 -12 12 -14 -15 29 16 -18 18 -20 21 -22 -23 26 -25 25 -27 -28 -29 -30 -31
leaf_value=-0.016657231009770734 -0.0043117892991132818 0.018773825869896298 0.00017207361134351183 0.0052974020885681369 -0.0054984483316543563 0.0034807976419962768 0.002544855249083182 0.0010399981067015257 0.0088612554287370807 -0.001696231299232325 -0.0023760556999274656 -0.0072343260204494999 0.0010395520677842849 -0.00065356371425307435 0.0022977878570837116 0.021684112866736646 0 0.019978017879865653 0.0036249315888329053 0.00079739164220809936 -0.0022801766261781606 0.0084464931890531059 -0.0053592405723843798 0.0095163518402382324 -0.00041691594502848203 -0.012955812893071359 0.0001028685141407526 0.01194644133286496 -0.013259402450067657 0.00037995584841385774
leaf_weight=490 528 204 53851 2618 472 404 3588 499 593 50241 1920 1090 35935 99764 20918 607 106 421 690 1867 4588 1190 121 208 654 384 819 729 155 11667
leaf_count=490 528 204 53851 2618 472 404 3588 499 593 50241 1920 1090 35935 99764 20918 607 106 421 690 1867 4588 1190 121 208 654 384 819 729 155 11667
internal_value=-3.97031e-05 -0.000101026 -6.53122e-05 -0.000177788 0.00228535 0.00813704 0.00132714 -0.00882803 -0.000553257 -0.00138487 0.00198881 -0.000219329 0.0007841 -0.000592598 0.000643544 0.0134745 0.0184784 0.00528837 0.0103307 0.000950833 -0.000125087 0.00390801 0.00253301 -0.000336441 5.74519e-05 -0.00549636 0.00490144 0.00907153 -0.00219679 0.00162097
internal_weight=297321 294013 292869 279635 13234 1797 11437 1144 192161 54779 4538 137382 37025 100357 87474 1117 713 3308 1111 11233 8176 3057 2197 680 54889 1038 1669 850 654 32585
internal_count=297321 294013 292869 279635 13234 1797 11437 1144 192161 54779 4538 137382 37025 100357 87474 1117 713 3308 1111 11233 8176 3057 2197 680 54889 1038 1669 850 654 32585
is_linear=0
shrinkage=0.03


Tree=8
num_leaves=31
num_cat=0
split_feature=16 57 30 16 53 27 35 18 27 29 74 16 120 121 4 120 29 40 29 53 74 50 53 38 7 34 141 35 58 84
split_gain=110.944 89.2158 81.8291 108.757 82.4092 96.5645 66.4003 61.7948 72.9673 59.6957 55.1782 51.3436 54.554 60.668 48.9917 46.3079 45.4615 45.2483 44.4059 48.6305 41.1569 40.4906 36.9244 36.5364 41.4751 37.974 34.879 50.4586 33.6795 30.4975
threshold=1.2346542477607729 0.80647325515747081 -0.00038742304604966188 0.93408358097076427 1.0461125373840334 0.08576016873121263 0.18516926467418673 0.95002853870391857 0.058282375335693366 0.013065312989056112 0.15000000223517421 1.1038960814476015 0.25773195922374731 0.29397556185722357 0.36363686621189123 0.70614027976989757 -0.0034643186954781409 -0.03526997193694114 0.00171675585443154 0.98640778660774242 0.25000000745058065 0.69031959772109996 1.0905932784080508 -0.0023335150908678766 0.052028376609086997 0.73947638273239147 0.82192811369895946 0.66520190238952648 0.99262523651123058 0.75000000000000011
decision_type=10 8 8 8 10 10 10 10 10 8 2 10 8 8 10 10 10 10 10 10 2 10 10 10 10 10 10 10 10 2
left_child=1 7 3 6 11 28 10 8 -1 15 -3 12 29 -14 -11 16 -5 22 19 -8 -17 -9 -7 26 -25 -26 -2 -28 -6 -4
right_child=23 2 4 9 5 17 18 21 -10 14 -12 -13 13 -15 -16 20 -18 -19 -20 -21 -22 -23 -24 24 25 -27 27 -29 -30 -31
leaf_value=-0.0011575870993235334 -0.0010315837197192013 0.0049744586425555168 -0.0027931092113518308 -0.0014655617726824716 0.012171251715036729 0.011729067374710512 -0.026677012163947553 0.0085473954098427337 -0.022796891839375149 0.019273504463822741 -0.0045233209585353396 -0.0043443848455409842 0.0037895637143330694 0.00041623530709583085 -0.0012256572567122548 2.1698658561279248e-05 -0.00021313466893899209 -0.0022961828936722208 0.00015338448036087335 -0.0089124432853721746 0.0030490855251259388 -0.007642031204931083 0.00026182744204850187 0 0 0.025219302852524488 0.0031601351820406826 0.015332217083729081 0.00013734909873325591 0.00012040409505548702
leaf_weight=271 230 725 7186 41671 205 1782 168 227 369 232 1929 2086 4997 127803 132 14992 71579 258 318 1502 5619 295 358 1416 137 103 622 809 3915 5519
leaf_count=271 230 725 7186 41671 205 1782 168 227 369 232 1929 2086 4997 127803 132 14992 71579 258 318 1502 5619 295 358 1416 137 103 622 809 3915 5519
internal_value=-2.6509e-06 -6.53637e-05 -3.11484e-05 -0.000560232 0.000443671 0.00374356 -0.00507039 -0.00829178 -0.0144013 -0.000401287 -0.0017988 0.00029542 0.000364587 0.000545977 0.0113818 -0.000437265 -0.000676798 0.00851795 -0.00922718 -0.0111716 0.000863726 0 0.00996979 0.00543562 0.00200319 0.0130167 0.0086147 0.0103647 0.000864493 -0.00150572
internal_weight=297455 294138 292976 138867 154109 6518 4642 1162 640 134225 2654 147591 145505 132800 364 133861 113250 2398 1988 1670 20611 522 2140 3317 1656 240 1661 1431 4120 12705
internal_count=297455 294138 292976 138867 154109 6518 4642 1162 640 134225 2654 147591 145505 132800 364 133861 113250 2398 1988 1670 20611 522 2140 3317 1656 240 1661 1431 4120 12705
is_linear=0
shrinkage=0.03


Tree=9
num_leaves=31
num_cat=0
split_feature=22 7 86 28 72 25 1 23 32 79 38 1 116 33 38 23 26 130 117 77 34 104 43 69 31 124 46 26 40 22
split_gain=88.4381 77.5357 76.3749 69.7924 129.796 71.2826 60.6425 67.4414 59.3511 124.751 56.8482 56.3148 89.6292 60.7384 47.5631 46.4775 57.4525 41.416 38.1334 37.9529 53.9233 40.9892 59.4363 37.37 37.2748 36.8204 35.2462 34.527 27.1841 26.9548
threshold=1.1619089245796206 0.072624970227479949 -0.81666666269302357 -0.010886394884437321 0.60500016808509838 0.01260923780500889 0.018558563664555553 0.01270531350746751 0.0067304496187716731 0.94999998807907116 -0.0016018347814679144 0.059044299647212035 0.3428084552288056 0.96550825238227855 -0.0049289341550320378 0.081776939332485213 0.11689427867531778 0.60311365127563488 0.33967398107051855 0.19166667014360431 0.93758702278137218 0.68333333730697643 1.0751557946205141 0.027523292228579525 0.0012960837921127679 -0.19480542838573453 1.210334360599518 0.050812678411602981 -0.020875030197203156 1.1867178678512575
decision_type=10 10 2 10 10 10 10 10 10 2 10 10 10 10 8 10 10 10 10 2 10 2 10 10 8 10 10 10 10 10
left_child=1 2 6 4 15 -5 28 -8 10 -10 -7 13 -13 19 23 16 -4 27 -9 20 21 22 -2 -6 -16 -20 -21 -3 -1 -15
right_child=11 17 3 5 14 8 7 18 9 -11 -12 12 -14 29 24 -17 -18 -19 25 26 -22 -23 -24 -25 -26 -27 -28 -29 -30 -31
leaf_value=-0.0041498137201888786 -0.0015134768083256173 -0.0018673297542739996 0.00039344675816368769 0.00124873547465489 0 0.00040936721171593629 -0.0059313028365058336 0.0055625712728606044 -0.00563215072987129 0.018546764448884642 -0.00059824489040131263 0.015752989894198492 0.00016829070828295407 0 0.01165070525212137 -0.015836098261612964 0.013857720582237396 -0.00087867380174259848 -0.0030790918063953111 -0.0024819541295997981 0.019704870867933478 -0.0045927616611906776 0.012046949241140069 0.01406800600145494 0.0027601977718419435 0.00098636006982090441 0.0081708788408705619 -0.020704734638479379 0.0004409632848215227 -0.016094938402417963
leaf_weight=1271 750 178 15159 33941 195 87789 4486 611 3213 180 117706 759 649 105 529 134 273 408 7139 285 104 1166 423 954 2862 2638 1470 302 11466 209
leaf_count=1271 750 178 15159 33941 195 87789 4486 611 3213 180 117706 759 649 105 529 134 273 408 7139 285 104 1166 423 954 2862 2638 1470 302 11466 209
internal_value=2.73798e-06 -7.01081e-05 -4.17136e-05 0.000114886 0.00181277 -2.45994e-05 -0.00154285 -0.00284262 -0.000233032 -0.00416038 -0.000166328 0.00362752 0.00888247 0.00188952 0.00626977 0.000487212 0.00066868 -0.00882459 -0.00147113 0.00291262 0.000352339 -0.000540735 0.00324511 0.0116673 0.00429526 -0.00195177 0.00626344 -0.0146733 0 -0.0102458
internal_weight=297354 291434 290546 262935 20106 242829 27611 14874 208888 3393 205495 5920 1408 4512 4540 15566 15432 888 10388 4198 2443 2339 1173 1149 3391 9777 1755 480 12737 314
internal_count=297354 291434 290546 262935 20106 242829 27611 14874 208888 3393 205495 5920 1408 4512 4540 15566 15432 888 10388 4198 2443 2339 1173 1149 3391 9777 1755 480 12737 314
is_linear=0
shrinkage=0.03


Tree=10
num_leaves=31
num_cat=0
split_feature=32 26 86 33 57 26 25 11 33 2 22 12 13 46 113 53 139 53 49 18 46 9 54 136 81 46 14 113 39 15
split_gain=89.8966 88.0197 73.1149 84.2848 71.6913 94.5885 114.644 67.9635 67.2789 71.8521 89.7487 60.8786 55.6053 52.4144 49.9158 48.2447 50.0513 46.793 47.1547 48.4626 44.2665 41.9177 40.4724 38.4803 38.0886 36.5392 34.5414 31.3021 30.1862 28.4945
threshold=-0.0048612528480589381 0.019930385984480384 -0.58333334326744068 0.93237239122390758 0.80647325515747081 0.10153014212846757 0.047958310693502433 0.99199387431144725 0.25649750232696539 -0.24999877065420148 0.97667682170867931 0.9854736626148225 0.93926686048507702 1.0047824382781985 0.5909089744091035 1.0264711380004885 0.98338472843170177 0.97775447368621837 0.93617871403694164 1.0380515456199648 1.1014712452888491 0.98083829879760753 0.99144527316093456 0.91039684414863598 0.25000000745058065 1.0981860160827639 0.91366606950759899 0.076922368258237853 0.050457613542675979 1.1570299267768862
decision_type=10 10 2 10 10 10 10 10 8 10 10 10 10 10 8 10 10 10 10 10 10 8 8 10 2 10 8 10 10 10
left_child=2 14 3 17 11 8 -7 20 15 10 -10 24 -9 -11 -2 26 -17 -1 23 29 -8 -4 -23 25 -3 -19 -6 -5 -13 -20
right_child=1 4 21 27 5 6 7 12 9 13 -12 28 -14 -15 -16 16 -18 18 19 -21 -22 22 -24 -25 -26 -27 -28 -29 -30 -31
leaf_value=-0.0040781443542315778 0.00016165965512609403 -0.0033166135349037016 0.0065589342553912106 0.0007413876488239371 0.0032025889925454049 0.015903510583524787 0.0054299106803095626 -0.0066385648747956426 0.0025157100625983813 0.0016262832812046761 -6.0725430673841057e-05 0.00129887518924767 0.010607418402336444 -0.00088214464349394537 0.0017952082735770462 -0.0068512602770396556 -0.00017176625634653862 -0.00022145071687797705 0.0044754291873920762 0.013109466279705342 -0.0033653059258321994 -0.010587653474961241 0.0001379425224564627 0 -0.023616081623605817 0.01451133572502928 -0.0012116966803418822 -0.013440466471337714 -0.011652094525560526 -0.004103695386387024
leaf_weight=268 44636 184 858 232 1591 611 684 165 17084 8139 41426 551 997 83851 27473 2744 1741 124 1064 441 1811 316 4745 177 260 1441 52839 230 193 465
leaf_count=268 44636 184 858 232 1591 611 684 165 17084 8139 41426 551 997 83851 27473 2744 1741 124 1064 441 1811 316 4745 177 260 1441 52839 230 193 465
internal_value=-1.66403e-05 -0.000116842 0.00272475 0.00563133 -0.000422114 -0.000379401 0.00402414 0.00188208 -0.000470956 -0.000132246 0.00068703 -0.00772296 0.00783385 -0.000656641 0.000788514 -0.00133077 -0.00433726 0.00707508 0.00797824 0.00447464 -0.000810822 0.000481325 -0.000511741 0.0116744 -0.0163558 0.0131667 -0.00107603 -0.00596118 -0.00188513 0.00165337
internal_weight=297341 286980 10361 4442 214871 213683 4268 3657 209415 150500 58510 1188 1162 91990 72109 58915 4485 3980 3712 1970 2495 5919 5061 1742 444 1565 54430 462 744 1529
internal_count=297341 286980 10361 4442 214871 213683 4268 3657 209415 150500 58510 1188 1162 91990 72109 58915 4485 3980 3712 1970 2495 5919 5061 1742 444 1565 54430 462 744 1529
is_linear=0
shrinkage=0.03


Tree=11
num_leaves=31
num_cat=0
split_feature=16 26 38 50 39 62 18 38 17 33 78 21 125 52 86 101 84 38 10 23 56 33 86 86 1 23 36 17 51 42
split_gain=102.602 67.4595 90.9127 106.074 80.5193 57.8196 103.174 110.026 115.551 61.0591 57.5765 107.12 72.6296 57.2887 52.8299 65.2867 50.8969 49.0217 44.9338 52.2206 42.582 49.961 40.32 65.1584 49.9561 40.0694 47.0548 39.4822 38.6977 38.6285
threshold=1.2157111763954165 0.021808819845318798 -0.00089285580907016982 0.69031959772109996 0.025668015703558925 0.86085230112075817 1.0308935642242434 -0.015619924291968344 0.74437135457992565 0.95096272230148327 0.30000000447034841 0.92825445532798778 0.50434342026710521 0.64494141936302196 0.58333334326744091 0.37715516984462744 0.65000000596046459 0.018846358172595504 1.0349293947219851 0.032843878492712981 1.1598049998283388 0.96550825238227855 -0.84999999403953541 -0.55000001192092884 0.016706471331417564 0.022158820182085041 0.78267160058021557 0.97708642482757579 0.87559521198272716 -0.065445274114608751
decision_type=10 10 10 10 10 10 10 10 8 10 10 10 10 10 2 2 2 10 10 10 10 10 2 2 10 10 10 8 10 10
left_child=1 18 5 4 -4 6 7 8 -3 -9 14 12 -12 -7 15 -5 28 -13 19 27 29 25 24 -24 -15 -22 -27 -1 -8 -2
right_child=20 2 3 10 -6 13 16 9 -10 -11 11 17 -14 22 -16 -17 -18 -19 -20 -21 21 -23 23 -25 -26 26 -28 -29 -30 -31
leaf_value=0.0015699943921085317 -0.013228454630429808 -0.013269916871760467 -0.00028075323964388954 0.0016010863281416621 -0.023035806623244431 0.016717042375020079 0.013844482987501839 0.0017779386004481508 4.3228728314490768e-05 0.012982169585681384 0.00480417204174108 -0.0010148817573849766 -0.0031436334510171467 0.0020896897228745029 -1.7279478540727107e-05 -0.0039093698228615872 -0.0033571710695333061 0.0023908483473934622 -0.0070582988018036584 0.01709842438182594 0.0013527724406238008 -0.0072601900114024655 0.0016783845531650498 -0.00040983526686949319 -0.0038133085505814993 0.0037000797000149716 0.012886769339732903 0.00020382039611979287 0.0027286903451344971 0.0017464325533604263
leaf_weight=27683 170 879 282 2147 326 163 1081 11731 1562 447 5105 73961 1234 1647 7092 14120 229 3943 658 155 945 201 18073 52102 5030 1013 1329 62991 494 746
leaf_count=27683 170 879 282 2147 326 163 1081 11731 1562 447 5105 73961 1234 1647 7092 14120 229 3943 658 155 945 201 18073 52102 5030 1013 1329 62991 494 746
internal_value=-5.52974e-06 -7.49677e-05 -0.000382412 -0.000974912 -0.0133044 0.00030061 0.00191591 0.00105157 -0.00469779 0.0022344 -0.000899998 -0.000529625 0.00320479 -4.0357e-05 -0.0022213 -0.00316258 0.00866743 -0.000838086 0.000599333 0.000659652 0.00452797 0.00604543 -8.41414e-05 0.00012402 -0.00231054 0.00698877 0.00910518 0.000624479 0.010624 -0.000935512
internal_weight=297539 293135 201648 108210 608 93438 16423 14619 2441 12178 107602 84243 6339 77015 23359 16267 1804 77904 91487 90829 4404 3488 76852 70175 6677 3287 2342 90674 1575 916
internal_count=297539 293135 201648 108210 608 93438 16423 14619 2441 12178 107602 84243 6339 77015 23359 16267 1804 77904 91487 90829 4404 3488 76852 70175 6677 3287 2342 90674 1575 916
is_linear=0
shrinkage=0.03


Tree=12
num_leaves=31
num_cat=0
split_feature=40 50 38 27 26 61 29 57 86 78 132 64 1 36 14 79 19 82 82 34 33 76 35 60 23 122 48 23 41 82
split_gain=80.078 92.355 92.3194 88.9842 67.0288 74.4299 66.7489 106.515 65.4727 61.0221 55.2996 52.662 49.1625 48.2545 58.8475 69.0412 69.8622 51.4561 47.5109 46.6991 47.0717 46.631 46.4247 45.4876 44.1786 45.5722 44.016 38.952 37.5279 37.1277
threshold=-0.043764555826783173 0.69031959772109996 -0.0094786747358739359 0.072969567030668273 0.021427014842629436 1.0664107203483584 -0.0015735126216895876 1.168602526187897 0.75000000000000011 0.30000000447034841 1.5092719793319704 0.44722221791744238 0.054819600656628616 0.78899258375167858 0.81529909372329723 0.94999998807907116 1.0751157402992251 0.60833334922790538 0.50833332538604747 0.93758702278137218 0.92054742574691784 0.65000000596046459 0.82404759526252758 0.96904262900352489 0.027440508827567104 0.41486810147762304 0.99683094024658214 0.02698545623570681 -0.053452251479029649 0.091666668653488173
decision_type=8 8 10 10 8 10 8 10 2 10 10 10 10 10 10 2 10 2 2 10 10 2 10 10 10 10 10 8 10 2
left_child=3 2 -2 18 11 6 10 9 -4 -8 22 -3 19 14 17 24 23 -5 -1 20 -7 -18 -6 -17 25 -16 -9 -13 -15 -26
right_child=1 4 8 13 5 12 7 26 -10 -11 -12 27 -14 28 15 16 21 -19 -20 -21 -22 -23 -24 -25 29 -27 -28 -29 -30 -31
leaf_value=0.0025633676454588036 0.0046852979558898366 -0.00021617987403239888 -0.021888467279821432 0 -0.0020035130307252016 0.0027586502979303419 -0.00096161681717885951 0.0049151489305168531 0.0018803483476770707 0.00044005733377344046 0.00030752775774723295 0.0011883767537061113 0.011478656527498434 0.014612380341476465 -0.0092326939870746652 0.025155508144507333 0.0041007143350338367 0.024361830148761244 -0.0026925818612846888 0.012375421376139381 -0.0070692933202498474 -0.0099048361579818188 0.00013397790124590819 0.007860711111537735 -0.0051496043467820374 0.001048777700343635 -0.0065224081460282359 0.011055504506381073 0.002690418410547752 0.0061572894931973716
leaf_weight=2828 220 37569 441 131 47393 2029 51704 4861 102 60513 17635 48841 632 720 773 169 743 200 3344 333 532 277 11007 1251 308 662 284 351 469 990
leaf_count=2828 220 37569 441 131 47393 2029 51704 4861 102 60513 17635 48841 632 720 773 169 743 200 3344 333 532 277 11007 1251 308 662 284 351 469 990
internal_value=3.68026e-06 -0.000100087 -0.0103917 0.00231786 -7.06184e-05 -0.00037765 -0.000457966 -6.75272e-06 -0.0169826 -0.000203148 -0.0011503 0.000622727 0.00392071 0.00471072 0.0034204 0.00253341 0.00619206 0.0154937 -0.000235364 0.00209978 0.000561885 0 -0.0015956 0.0104482 -0.000645284 -0.0043342 0.00420291 0.00126934 0.0102802 0.00320925
internal_weight=297312 284447 763 12865 283684 196923 193397 117362 543 112217 76035 86761 3526 6693 5504 5173 2440 331 6172 2894 2561 1020 58400 1420 2733 1435 5145 49192 1189 1298
internal_count=297312 284447 763 12865 283684 196923 193397 117362 543 112217 76035 86761 3526 6693 5504 5173 2440 331 6172 2894 2561 1020 58400 1420 2733 1435 5145 49192 1189 1298
is_linear=0
shrinkage=0.03


Tree=13
num_leaves=31
num_cat=0
split_feature=115 50 26 35 37 24 86 53 20 140 10 12 69 35 82 87 54 41 74 35 42 13 62 50 39 56 76 38 45 151
split_gain=70.3378 99.3233 67.4467 87.9075 88.7492 88.1002 71.4953 95.4703 68.6331 63.8292 65.2869 61.8187 59.8442 76.1276 85.3008 58.1553 52.5583 51.3785 58.9503 51.1425 72.5764 48.8676 73.1045 55.9587 71.5971 45.1487 44.6909 42.2192 40.8768 40.3269
threshold=0.74576252698898327 0.86924263834953319 0.021808819845318798 0.47179159522056585 0.84965670108795177 0.05689141899347306 -0.81666666269302357 1.0004206895828249 0.99747997522354137 1.4099059700965884 1.0233247280120852 0.9854736626148225 0.94642797112464916 0.1412439048290253 0.27500000596046453 -0.7083333134651183 1.0155028104782107 -0.03014513477683067 0.55000001192092907 0.75413548946380626 0.058207746595144279 1.0947534441947939 0.81895416975021373 0.74937552213668834 0.032399853691458709 0.92296248674392711 0.51666668057441723 -0.010369152761995791 1.0914087295532229 0.49447400867939001
decision_type=10 8 10 10 10 10 2 10 10 10 10 10 10 10 2 2 8 10 2 10 10 8 10 10 10 10 2 10 10 10
left_child=1 9 16 4 6 17 8 -8 -4 10 12 -2 15 -14 -15 -1 -3 26 -19 20 -12 23 -23 27 -25 -17 -5 -11 -29 -21
right_child=11 2 3 5 -6 -7 7 -9 -10 21 19 -13 13 14 -16 25 -18 18 -20 29 -22 22 -24 24 -26 -27 -28 28 -30 -31
leaf_value=-0.0060235057941025695 -0.0073166127252758031 0.001178585121653142 0.0054963403460607848 0.00053670907739171751 0.0020871632744041456 0.0071194646498719876 -0.0029504765592916027 -0.00045186303765058983 -0.0061251232966917698 0 0.0043369267965251397 -0.0012439144955972222 0.015340004809908074 0.01016634700711623 -0.0016071645523474394 -0.0084736492247282653 -0.00034946097274725547 -0.00076339516495686386 0.00099116809360834022 -0.0018671597913071372 0.015871351456069435 0.021519506029408733 -0.0025903973100671112 -0.0011875412825113833 0.010331548564184978 0.0021343326930609616 0.0042649808964286221 0.0020614094717893751 -0.015623866617986064 0.010145951488946118
leaf_weight=941 1778 58981 468 8265 7240 1649 18921 51855 4355 360 1253 10982 602 897 1303 347 30451 48828 26543 833 938 198 188 4279 527 8925 4635 108 527 325
leaf_count=941 1778 58981 468 8265 7240 1649 18921 51855 4355 360 1253 10982 602 897 1303 347 30451 48828 26543 833 938 198 188 4279 527 8925 4635 108 527 325
internal_value=5.20533e-05 0.00015075 -1.2501e-05 -0.000359808 -0.00106552 0.000287087 -0.00137189 -0.00112472 -0.00491745 0.00206042 0.00304347 -0.00212369 0.00204303 0.00593116 0.00310642 0.000937476 0.00065498 0.000154469 -0.000141422 0.00680716 0.00950957 -0.000492753 0.00948879 -0.00123878 5.09982e-05 0.00168766 0.00190403 -0.00764245 -0.0121869 0.00136474
internal_weight=297502 284742 262191 172759 82839 89920 75599 70776 4823 22551 16364 12760 13015 2802 2200 10213 89432 88271 75371 3349 2191 6187 386 5801 4806 9272 12900 995 635 1158
internal_count=297502 284742 262191 172759 82839 89920 75599 70776 4823 22551 16364 12760 13015 2802 2200 10213 89432 88271 75371 3349 2191 6187 386 5801 4806 9272 12900 995 635 1158
is_linear=0
shrinkage=0.03


Tree=14
num_leaves=31
num_cat=0
split_feature=16 26 40 71 50 61 12 39 32 29 22 137 26 3 49 33 30 118 98 117 104 49 33 137 140 82 106 119 11 37
split_gain=82.0449 70.715 60.3017 106.43 75.0652 104.606 92.579 60.0147 60.9565 57.4639 109.897 58.4542 53.0492 47.4858 42.3303 41.7612 43.0881 35.787 33.936 31.2309 30.1639 51.0387 34.7788 29.1404 27.5607 26.9803 26.4499 29.1874 26.2995 24.6407
threshold=1.2346542477607729 0.018611376173794273 -0.030740197747945782 0.564740151166916 0.72665852308273327 0.73611807823181163 0.9827217459678651 -0.0051021969411522141 -0.0013228468014858661 -0.00029575289227068419 1.0942281484603884 0.58128949999809276 0.079314112663269057 0.015864250250160698 0.9641760289669038 0.97336161136627208 -0.0071807033382356158 0.44518308341503149 0.55000001192092907 0.63106802105903637 0.38750000298023229 0.84547823667526256 0.28402420878410345 0.20590560883283618 0.81320852041244518 0.25833334028720861 0.5962963104248048 0.7614678442478181 0.96905499696731578 0.83694598078727733
decision_type=10 10 10 10 10 10 10 10 10 10 10 10 10 10 10 10 10 10 2 10 2 10 10 10 10 2 2 10 10 10
left_child=1 17 3 20 6 -6 23 13 -9 11 -11 -7 -10 14 -5 16 24 25 -15 -8 22 -22 -3 -4 -2 -1 -26 -28 -23 -27
right_child=15 2 4 7 5 9 19 8 12 10 -12 -13 -14 18 -16 -17 -18 -19 -20 -21 21 28 -24 -25 26 29 27 -29 -30 -31
leaf_value=0.00072181005306325196 0.00058928043201287108 -0.01943882849357732 -0.0064678442715243849 0.00094238999330749102 0.014795627693507681 -0.0014814456239504185 0.0034941624016298547 0.016779410261578639 -0.0069642786383674517 -0.00014244594683151109 0.0053771163312295832 0.0001064580815573225 0.0024707951396509518 0.015228138712288616 0.0064313408708125018 -0.011435083346441388 1.058945435249365e-05 0.00021500552218174814 0 -0.0072291101775078014 0.01299117854940234 0.0046936716449991183 -0.0017372097985419552 -0.026403292641303391 0.0033226232133680379 0.0024305094393763361 0.017742261571414848 0.0065973115146998312 -0.00052521122526222926 0.011319291076412604
leaf_weight=13719 468 134 178 2365 385 65805 440 150 974 104530 3330 30045 1089 657 3130 109 1018 35296 213 462 247 893 437 231 565 12709 532 605 16036 290
leaf_count=13719 468 134 178 2365 385 65805 440 150 974 104530 3330 30045 1089 657 3130 109 1018 35296 213 462 247 893 437 231 565 12709 532 605 16036 290
internal_value=5.6295e-06 -4.6336e-05 -0.000288106 0.00105973 -0.000462393 -0.000414485 -0.00757699 0.00380147 -0.000326861 -0.000446154 2.61459e-05 -0.000980656 -0.00186384 0.00528033 0.00413533 0.00469829 0.00541127 0.000852065 0.0119197 -0.00171054 -0.000251382 -4.58389e-06 -0.00691622 -0.0191325 0.00778464 0.00168165 0.00955911 0.0122879 -0.000227003 0.00266894
internal_weight=297042 293745 231731 26325 205406 204095 1311 8578 2213 203710 107860 95850 2063 6365 5495 3297 3188 62014 870 902 17747 17176 571 409 2170 26718 1702 1137 16929 12999
internal_count=297042 293745 231731 26325 205406 204095 1311 8578 2213 203710 107860 95850 2063 6365 5495 3297 3188 62014 870 902 17747 17176 571 409 2170 26718 1702 1137 16929 12999
is_linear=0
shrinkage=0.03


Tree=15
num_leaves=31
num_cat=0
split_feature=16 57 1 12 25 26 38 51 22 13 41 110 8 26 62 85 29 10 5 51 34 36 140 25 123 27 60 1 85 5
split_gain=85.8268 76.6427 84.0176 77.8895 66.399 64.1318 73.8873 65.5193 60.0951 59.082 71.4615 58.9418 56.8015 64.455 51.9254 49.6301 49.2539 47.5182 38.8261 36.1802 35.3048 34.9137 72.3288 37.22 34.8041 32.4382 27.9397 27.7743 26.7621 25.0058
threshold=1.2157111763954165 0.84245216846466076 0.059044299647212035 0.98766008019447338 0.030155290849506858 0.021940106526017192 -0.00089285580907016982 0.64709019660949718 0.74945753812789928 0.97481039166450512 0.00069602235453203331 0.3514705896377564 0.38461609184741979 0.044440530240535743 0.86085230112075817 0.37500000000000006 0.015232655685395004 1.0349293947219851 0.012016037013381721 0.64709019660949718 0.7829456925392152 0.80280810594558727 0.82329294085502636 0.04229042865335942 0.19517036527395251 0.077985879033803954 1.0226946473121645 0.051530914381146438 1.0000000180025095e-35 0.0038759874878451232
decision_type=10 8 8 10 8 10 10 10 10 8 8 2 8 8 10 2 10 10 10 8 10 10 10 10 8 10 10 10 2 10
left_child=1 3 5 25 28 17 8 -8 16 18 -11 12 13 -6 -10 -9 -7 24 -5 -14 27 -2 -23 -24 -3 -1 -19 -20 -4 -26
right_child=21 2 4 9 11 6 7 15 14 10 -12 -13 19 -15 -16 -17 -18 26 20 -21 -22 22 23 -25 29 -27 -28 -29 -30 -31
leaf_value=-0.0058539940853825278 0.0012601958694387952 0.0001478047764138679 -0.008638836024996847 -0.011303934057812905 -0.00094219717904255485 0 0.012485328146606474 -0.001467794074791985 0.0019299475497770344 -0.0020378503137859355 0.024741738773882388 -0.0047489760496573366 0.018342046165583475 0.011437878561854879 -4.8971686339028663e-05 -5.7509427814297972e-05 -0.026354536113443135 -0.012368913189484307 0.0031221577948467296 0.0013308567132996559 0.0059578901326093926 -0.0010527092441047592 -0.002611658324437085 0.011806908735120863 0.0019842527367485308 -0.019022066540158027 0.00025462987555382663 -0.013433999372010287 0.00082488724576703124 0.0002796833590178889
leaf_weight=479 2189 57050 469 414 411 108 302 68769 14108 158 139 479 104 1947 75183 34018 119 385 101 2262 392 666 137 1419 21685 398 184 207 479 12747
leaf_count=479 2189 57050 469 414 411 108 302 68769 14108 158 139 479 104 1947 75183 34018 119 385 101 2262 392 666 137 1419 21685 398 184 207 479 12747
internal_value=-3.55506e-06 -6.72068e-05 -2.29526e-05 -0.00551307 0.00343885 -9.90468e-05 -0.000411225 -0.000959231 0.000216581 -0.000874769 0.0103192 0.00479301 0.00583972 0.0091641 0.000260701 -0.00100407 -0.0145396 0.000550843 -0.00425308 0.00235181 0 0.00413941 0.00680551 0.01033 0.000608447 -0.0124553 -0.00790741 -0.0072309 -0.0036289 0.00136244
internal_weight=297508 293097 290809 2288 6151 284658 192607 103089 89518 1411 297 5203 4724 2358 89291 102787 227 92051 1114 2366 700 4411 2222 1556 91482 877 569 308 948 34432
internal_count=297508 293097 290809 2288 6151 284658 192607 103089 89518 1411 297 5203 4724 2358 89291 102787 227 92051 1114 2366 700 4411 2222 1556 91482 877 569 308 948 34432
is_linear=0
shrinkage=0.03


Tree=16
num_leaves=31
num_cat=0
split_feature=32 86 57 26 16 12 25 46 53 1 24 11 40 25 140 73 110 49 18 99 143 7 18 49 36 74 89 50 80 51
split_gain=82.3125 87.8022 68.0455 67.6929 106.878 99.2317 95.5229 61.7298 100.768 99.4885 72.4402 54.7291 50.2788 63.1325 43.7411 47.5187 43.6723 43.197 42.8041 45.573 42.1512 40.3062 60.4248 39.7991 39.2528 38.6023 30.1782 29.4603 30.7119 29.2189
threshold=-0.0048612528480589381 -0.58333334326744068 0.80647325515747081 0.10153014212846757 0.70005577802658092 0.98424416780471813 0.047958310693502433 1.0740185976028445 0.99629631638526928 0.059044299647212035 0.050488414242863662 0.99536705017089855 -0.030142763629555699 0.021359666250646118 0.7809063494205476 0.90000000596046459 -0.35147058963775629 0.90192216634750377 0.95002853870391857 0.68333333730697643 0.042462907731533057 0.018888382241129879 0.98537057638168346 0.93617871403694164 0.89294594526290905 0.15000000223517421 -0.44413353502750391 0.69031959772109996 0.17500000447034839 0.64709019660949718
decision_type=8 2 8 10 8 10 10 10 10 8 10 10 8 10 10 10 2 10 10 2 10 10 10 10 10 2 10 10 2 10
left_child=1 14 18 4 5 -4 -5 12 10 -10 -9 20 -6 -14 16 23 -1 -7 19 -2 -8 22 -3 -16 -22 -25 -23 28 -20 -21
right_child=2 21 3 6 7 17 11 8 9 -11 -12 -13 13 -15 15 -17 -18 -19 27 29 24 26 -24 25 -26 -27 -28 -29 -30 -31
leaf_value=-0.011272725975442571 -0.02415693982529479 -0.011073668133523203 0.0056713271274902791 0.014675225931702453 0.0027306796533995239 -0.021306613576473392 0.015035541917873072 -0.0041143591790220313 -0.00052870078677155112 0.0055299121126982159 0.0097375732186462793 0.0085175129823556149 0.00061612380158079555 -0.00059333123126504238 0.013846041349824697 0.00098716886550623988 0.0039654745283836737 0 -0.0026817487050458545 -0.017100452497851713 -0.00214672267051211 0.018503535808417303 0 0.00042920381450669025 0.012435435358342585 0.0099224830831969642 0.0027685448207213849 -0.0068060241027073668 0.016700179295452394 0
leaf_weight=227 202 481 195 595 7039 464 133 9266 99780 2474 322 807 98919 63774 1066 967 499 100 102 114 2549 125 3586 774 154 921 859 301 118 299
leaf_count=227 202 481 195 595 7039 464 133 9266 99780 2474 322 807 98919 63774 1066 967 499 100 102 114 2549 125 3586 774 154 921 859 301 118 299
internal_value=-2.22927e-05 0.00272023 -0.000114123 -8.37565e-05 -0.000141392 -0.011242 0.00366804 -0.000109608 -0.000657493 -0.000378129 -0.00359864 0.00171806 0.000249679 0.000140171 0.00578067 0.00709418 -0.000571424 -0.0175973 -0.007381 -0.012638 -0.000157818 0 -0.0013137 0.00910271 -0.00112052 0.00581799 0.00539498 -0.000383147 0.00698938 -0.00545568
internal_weight=297212 9505 287707 286571 282333 759 4238 281574 111842 102254 9588 3643 169732 162693 4454 3728 726 564 1136 615 2836 5051 4067 2761 2703 1695 984 521 220 413
internal_count=297212 9505 287707 286571 282333 759 4238 281574 111842 102254 9588 3643 169732 162693 4454 3728 726 564 1136 615 2836 5051 4067 2761 2703 1695 984 521 220 413
is_linear=0
shrinkage=0.03


Tree=17
num_leaves=31
num_cat=0
split_feature=31 29 19 3 50 22 42 139 24 39 13 50 6 49 21 17 140 119 1 41 78 38 139 68 137 38 4 48 11 35
split_gain=64.3276 58.4949 72.813 67.9371 91.6428 76.7513 58.2044 63.3684 84.6431 57.4656 60.8333 77.3551 54.6223 54.0741 90.9186 51.6731 50.9393 58.4029 50.3864 95.8008 97.1768 61.4449 46.6491 46.1122 43.4172 62.807 43.5601 43.2006 42.268 40.7913
threshold=-0.0082896822132170183 -0.0012784901191480456 0.95859166979789745 0.017735074274241928 0.69031959772109996 1.0942281484603884 -0.093140352517366395 0.6744496524333955 0.029295460321009163 -0.016289844177663323 0.92977792024612438 0.86141136288642894 0.36363352835178381 0.96518424153327953 0.9321277141571046 0.69149112701416027 0.81320852041244518 0.41379313170909887 0.017334227450191978 -0.027445307001471516 0.70000001788139354 0.01686045061796904 1.1766701340675356 0.52238756418228161 0.9839913845062257 -0.00063158047851175059 0.54334202408790599 0.99683094024658214 0.99112430214881908 0.81061974167823803
decision_type=8 8 10 10 8 10 10 10 10 8 8 10 10 8 8 8 8 10 10 10 10 8 10 10 10 10 10 10 10 10
left_child=16 2 -2 4 22 13 7 8 -4 10 -5 23 -11 15 -15 -6 -1 -18 29 20 -20 -21 -3 -12 25 -19 -27 -7 -9 -8
right_child=1 3 6 9 5 27 18 28 -10 12 11 -13 -14 14 -16 -17 17 24 19 21 -22 -23 -24 -25 -26 26 -28 -29 -30 -31
leaf_value=-0.0021601826709460349 -0.020045498743804034 0 0.020842162321109827 -0.0022286281383708398 -0.004220644811070819 0.0057356813507007959 -0.00033334525857486798 0.0039207212351542679 0.0013696606824887304 0.00052329846815014544 0.019878021763149827 0.0024019962998842927 0.014153917521134485 0.019070991139983891 0.00074179307940465248 -0.00017871265526094845 -0.0074573134462601349 0.01407197476879523 -0.0040725631486746745 -0.0024470925837583538 0.0011379518889128486 0.0018601394854697937 -0.017156636477402839 0 0.000898183759504906 0.0057932431289586554 -0.010765722180264727 -0.0047575421370974914 -0.0012416783001760003 0.0020186128174384649
leaf_weight=1039 153 220 346 379 2927 3194 41480 2489 534 4352 673 678 267 226 63824 94442 268 1045 3818 37820 19791 3141 392 135 1069 1177 133 350 3176 7874
leaf_count=1039 153 220 346 379 2927 3194 41480 2489 534 4352 673 678 267 226 63824 94442 268 1045 3818 37820 19791 3141 392 135 1069 1177 133 350 3176 7874
internal_value=1.28911e-05 -4.23044e-05 -0.00054969 0.000311677 0.000191588 0.000237024 -0.000519116 0.00221717 0.00965225 0.00332212 0.00777562 0.0105221 0.00143351 0.000138942 0.000817083 -0.000304139 0.00347649 0.00514667 -0.000679312 -0.00123091 0.000279888 -0.00210874 -0.0112007 0.0167508 0.00625788 0.00853643 0.00374989 0.00459433 0.00097954 3.64787e-05
internal_weight=297412 292681 120622 172059 165575 164963 120469 6545 880 6484 1865 1486 4619 161419 64050 97369 4731 3692 113924 64570 23609 40961 612 808 3424 2355 1310 3544 5665 49354
internal_count=297412 292681 120622 172059 165575 164963 120469 6545 880 6484 1865 1486 4619 161419 64050 97369 4731 3692 113924 64570 23609 40961 612 808 3424 2355 1310 3544 5665 49354
is_linear=0
shrinkage=0.03


Tree=18
num_leaves=31
num_cat=0
split_feature=16 25 57 31 37 24 10 37 40 12 22 12 38 36 9 30 140 36 86 23 82 140 88 38 114 37 33 10 52 135
split_gain=71.795 64.2247 59.981 74.3679 63.4344 92.8345 56.7896 51.8545 71.3671 60.225 58.8576 86.9952 49.8584 47.563 40.6514 40.0472 41.2218 39.7616 39.5475 35.5999 35.2904 28.0093 26.9287 25.1653 27.4187 31.9261 27.2813 23.0394 30.8855 21.7897
threshold=1.2157111763954165 0.012346642557531597 0.80647325515747081 0.0095289275050163286 0.14462764561176303 0.034448850899934776 1.0208768248558047 0.84965670108795177 -0.057446666061878197 0.98921403288841259 0.7910059690475465 0.9854736626148225 -0.0015320382663048802 0.76947852969169628 1.0006932616233828 -0.0071807033382356158 0.81828525662422191 0.78563979268074047 0.68333333730697643 0.017025897279381755 0.091666668653488173 0.98376965522766124 0.87134554982185375 0.010582414455711843 0.32432444393634802 0.21856214851140979 0.4500014334917069 1.0191622972488406 0.90328228473663341 1.1067895293235781
decision_type=10 10 10 10 10 10 10 10 10 10 10 10 10 10 10 10 10 10 2 10 2 10 10 10 10 10 10 10 10 8
left_child=1 27 14 7 -5 6 -6 10 20 -10 11 -4 -12 -7 18 16 -2 -18 -3 -19 -9 -21 -16 24 26 -26 -17 -1 -29 -30
right_child=15 2 3 4 5 13 -8 8 9 -11 12 -13 -14 -15 22 23 17 19 -20 21 -22 -23 -24 -25 25 -27 -28 28 29 -31
leaf_value=0.0013004207209628591 -0.00018114398815173734 -0.01986616366726611 0.0039317314617693336 0.018740849424484035 0.0042140450787132196 -0.0060763293559347158 0.016871191039857975 0.00079643507739124084 0.0050109347957426756 0.00019210374852585488 0.00015585413834464111 -0.015023010530501478 -0.0007336466225426353 0.0033154500593875155 0.0056604930877948954 -0.014870924985999326 0.0021943300618465934 0 -0.0039249633841552875 0.0072851313261505703 0.018308168351481954 0.018183588440315267 -0.0081796756156995391 -0.0083378553329916897 -0.0053592281037481955 0.0093031851538308823 0 0.0080312682319547708 -0.0069969500070441717 0.0014566611551600293
leaf_weight=33567 685 293 303 228 1542 1074 435 210 2718 16935 96848 564 135229 813 277 112 850 187 385 618 306 559 200 259 134 530 466 174 868 312
leaf_count=33567 685 293 303 228 1542 1074 435 210 2718 16935 96848 564 135229 813 277 112 850 187 385 618 306 559 200 259 134 530 466 174 868 312
internal_value=-8.2977e-06 -6.64922e-05 -0.000230698 -0.000198588 0.00379881 0.00274794 0.0072903 -0.000264693 0.00119019 0.000878212 -0.00039204 -0.00812118 -0.000361175 -0.0018803 -0.00700092 0.00378552 0.00583494 0.00781553 -0.0116156 0.0110194 0.0120366 0.0129292 0 -1.28977e-07 0.00160544 0.00583543 -0.00278489 0.00113922 -0.00259943 -0.00452473
internal_weight=297681 293281 258360 257205 4092 3864 1977 253113 20169 19653 232944 867 232077 1887 1155 4400 2899 2214 678 1364 516 1177 477 1501 1242 664 578 34921 1354 1180
internal_count=297681 293281 258360 257205 4092 3864 1977 253113 20169 19653 232944 867 232077 1887 1155 4400 2899 2214 678 1364 516 1177 477 1501 1242 664 578 34921 1354 1180
is_linear=0
shrinkage=0.03


Tree=19
num_leaves=31
num_cat=0
split_feature=31 11 25 25 28 72 74 81 22 126 77 38 119 78 61 95 82 33 111 46 38 122 49 137 26 34 58 41 13 17
split_gain=66.0185 71.2987 52.4382 49.9295 52.5509 126.693 52.6656 60.1021 53.4835 62.2181 56.6965 53.1813 48.8247 62.721 49.6027 47.8713 44.9167 44.7069 46.8488 38.912 52.9685 38.4101 38.0484 38.9959 36.0147 35.9436 35.5449 34.9597 32.1929 25.5773
threshold=-0.0082896822132170183 0.92475160956382763 0.052060935646295554 0.012346642557531597 -0.010886394884437321 0.60080659389495861 0.55000001192092907 0.050000002607703216 1.0922944545745852 -0.16384157538413999 0.041666667908430106 0.018846358172595504 0.41379313170909887 0.30000000447034841 1.0491819977760317 0.39732077717781072 0.24166666716337207 0.92346403002738964 -0.30602006614208216 1.2053648829460146 0.00011574339805520141 0.65000012516975414 0.96812745928764354 1.0031197667121889 0.031089309602975849 0.86234435439109813 1.021020293235779 0.0038128815358504657 1.0318078398704531 1.1079795956611636
decision_type=8 8 10 10 8 10 2 2 10 10 2 10 10 10 10 8 2 10 2 10 10 10 10 10 10 10 10 10 10 10
left_child=12 2 -2 -3 5 19 7 24 10 -10 -8 -9 -1 22 -15 -4 28 18 25 27 -21 -19 23 -14 -6 -16 -18 -5 -7 -20
right_child=1 3 15 4 6 16 8 11 9 -11 -12 -13 13 14 17 -17 26 21 29 20 -22 -23 -24 -25 -26 -27 -28 -29 -30 -31
leaf_value=-0.0075425471839070599 0.00029353345863145254 0.001073672090832324 -0.0029205951092282322 -0.00076902461249305095 -0.0011094010202588149 0.0089305057348901627 -0.001661602904324856 -0.00056327183472524461 0.0070048600993937544 -0.007125124526435149 0.00038596037862393784 0.0041752661583757764 0.019496329323452178 0 0.0092699223659591344 -0.022367014500287996 0.0067570335373615823 0.010657810643606352 -0.0043075843682561657 0.0059266281680110371 -0.00063142272735315186 -0.0093379203985827774 -0.00031267230573200406 0.00084351513329700329 -0.0043767156965967852 0.031700363546029398 0.017775138361958206 0.0063511682900352752 0.00078337931058731895 0.0080662936196196824
leaf_weight=296 317 34975 258 15729 6909 599 14004 109705 1848 293 91186 2141 471 2288 272 284 1463 108 170 2225 2037 221 135 173 5916 126 394 620 1850 455
leaf_count=296 317 34975 258 15729 6909 599 14004 109705 1848 293 91186 2141 471 2288 272 284 1463 108 170 2225 2037 221 135 173 5916 126 394 620 1850 455
internal_value=4.07795e-05 -1.50358e-05 -0.00854673 9.6278e-06 -0.000134128 0.00117225 -0.000275814 -0.000695716 0.000209169 0.00488427 0.000110252 -0.000469153 0.00355512 0.0043967 0.0026038 -0.0140774 0.005842 0.00711507 0.0102091 0.000177394 0.00273387 -0.00167977 0.0121239 0.0151137 -0.00264439 0.0182657 0.00941907 -0.000473249 0.00295379 0.00420628
internal_weight=297468 292753 859 291894 256919 24917 232002 124671 107331 2141 105190 111846 4715 4419 3640 542 4306 1352 1023 20611 4262 329 779 644 12825 398 1857 16349 2449 625
internal_count=297468 292753 859 291894 256919 24917 232002 124671 107331 2141 105190 111846 4715 4419 3640 542 4306 1352 1023 20611 4262 329 779 644 12825 398 1857 16349 2449 625
is_linear=0
shrinkage=0.03


Tree=20
num_leaves=31
num_cat=0
split_feature=16 11 26 33 10 51 36 13 29 46 41 1 50 32 123 1 14 112 16 23 123 14 34 80 1 36 87 115 5 87
split_gain=64.7426 82.0124 55.5299 72.2504 72.3976 95.5299 107.717 72.7664 64.1208 57.2089 53.791 72.1131 45.8528 43.6024 41.5263 55.6352 49.6275 40.6214 42.8187 34.9357 40.1859 34.2081 31.8369 31.7169 29.3743 45.534 42.8757 31.8506 29.949 27.9874
threshold=1.2346542477607729 0.92475160956382763 0.021808819845318798 0.26196105778217321 1.0175238251686098 0.8772580921649934 0.051066735759377486 0.98519518971443187 -0.000591910647926852 1.0047824382781985 0.029806504026055339 0.024193548597395424 0.72665852308273327 0.0011120301205664875 0.18181824684143069 0.036788007244467742 1.0082819461822512 -0.30602006614208216 1.1714449524879458 0.02698545623570681 0.80952644348144542 0.91915735602378856 0.88041076064109813 0.62500000000000011 0.054819600656628616 0.80921056866645824 -0.74166667461395253 0.30555571615695959 0.005866558989509941 -0.67500001192092884
decision_type=10 8 10 8 10 10 10 8 10 10 10 10 10 10 8 10 8 2 8 10 8 8 10 2 10 10 2 10 10 2
left_child=1 12 14 10 7 6 -6 9 -9 -5 17 23 -1 -7 15 -3 -17 -4 -19 29 -21 -13 24 -12 26 28 27 -2 -26 -16
right_child=22 2 3 4 5 13 -8 8 -10 -11 11 21 -14 -15 19 16 -18 18 -20 20 -22 -23 -24 -25 25 -27 -28 -29 -30 -31
leaf_value=-0.017977890967356917 -0.010618718432347601 0.00018793450796943302 0.0056040239113966427 0.0011809834074337988 0.018137462434323431 -0.00060759258496883304 0.0029757905630155243 -0.00033512119343908768 0.0017131960332718208 -0.0017227694096150451 -0.0044867371584972147 0.0085380256058131907 -0.0032564288371941075 0.0021748633542824592 0.0038004378282963064 -0.015482394752881455 -0.0016146090951794226 -0.0014402872045531565 -0.0055260128037155493 0.017382320479554091 0 0.0019737599878081598 0.011886651444227687 0.0027825234854004948 0.0094482083290974364 0.014305511453182576 0.0038636752751309181 0.0019269255239085586 -0.0037620338870351299 0.00094953398276638684
leaf_weight=319 407 55426 668 7110 433 17144 9543 43869 19922 38650 1828 1138 616 7141 3541 359 769 48725 2472 241 164 2375 420 694 226 418 1213 248 369 31069
leaf_count=319 407 55426 668 7110 433 17144 9543 43869 19922 38650 1828 1138 616 7141 3541 359 769 48725 2472 241 164 2375 420 694 226 418 1213 248 369 31069
internal_value=-3.73307e-05 -8.53402e-05 -5.57262e-05 -0.000334781 2.34758e-05 0.00122865 0.00369886 -0.000350847 0.000300206 -0.00126472 -0.0012295 0.00142187 -0.0088645 0.000199361 0.000555651 4.73444e-05 -0.00648236 -0.00154422 -0.0016455 0.00136758 0.0100226 0.0042214 0.00412614 -0.00236222 0.00281723 0.00689898 0.000395199 -0.00550782 0.000911916 0.0012519
internal_weight=297517 294216 293281 201712 143812 34261 9976 109551 63791 45760 57900 6035 935 24285 91569 56554 1128 51865 51197 35015 405 3513 3301 2522 2881 1013 1868 655 595 34610
internal_count=297517 294216 293281 201712 143812 34261 9976 109551 63791 45760 57900 6035 935 24285 91569 56554 1128 51865 51197 35015 405 3513 3301 2522 2881 1013 1868 655 595 34610
is_linear=0
shrinkage=0.03


Tree=21
num_leaves=31
num_cat=0
split_feature=32 8 138 86 57 61 25 10 22 7 51 74 48 57 29 38 27 35 42 7 37 105 12 29 10 123 8 53 68 52
split_gain=68.5464 57.8889 62.7969 69.6306 56.8319 71.5318 103.878 105.841 59.4893 104.895 98.3233 55.3732 55.9589 73.8365 54.4123 52.2389 50.7047 50.3314 54.7459 53.1195 50.2037 46.0819 60.1902 47.2183 44.0247 40.5437 41.8628 38.7078 38.0453 41.552
threshold=-0.0048612528480589381 0.8571404516696931 0.79143074154853832 -0.58333334326744068 0.80647325515747081 0.76175254583358776 0.052060935646295554 1.0185207128524782 0.7910059690475465 0.029411713592708114 0.71394085884094249 0.55000001192092907 0.98128899931907665 1.17674195766449 -0.00049514844431541849 -0.0080708581954240782 0.12395683676004411 0.81388270854949962 0.081154078245162978 0.013916535768657924 0.65701410174369823 0.44722221791744238 0.98687738180160534 0.0010843000491149726 1.0175238251686098 -0.047619018703699105 0.3333307951688767 0.97930344939231884 0.67741975188255321 0.66727772355079662
decision_type=8 10 8 2 8 8 10 8 8 10 10 2 10 10 10 10 10 8 10 10 10 2 10 10 10 10 10 10 10 10
left_child=1 2 25 27 28 6 20 21 9 10 -7 17 24 -14 -9 -16 -11 18 -10 -19 -6 22 -8 -23 -13 -1 -27 -4 -2 -30
right_child=4 -3 3 -5 5 8 7 14 11 16 -12 12 13 -15 15 -17 -18 19 -20 -21 -22 23 -24 -25 -26 26 -28 -29 29 -31
leaf_value=0.00057119334394489525 0 0.0085548681561857555 -0.0072427031359593589 0.0003840993621233214 0.0066340481772785998 -0.020355958471090022 -0.012343304876075453 -0.0049496911833690994 -0.00072625478047122342 -0.0033197983615617785 0 -0.00039172170490987427 0.0010627320192630673 0.011024409338952377 0.0041793612575677262 0.021235591399983784 0.016307917708503896 0.0016555719349506969 0.0072939266495486467 -0.0023725726438716794 0.031007441399009659 0.0013271362586120454 0.0063955214758132685 -0.01752999272621595 0.0016041755794714608 -0.011534512061749982 0 0.0085466440851781535 -0.017729624915447519 -0.0018849227964554145
leaf_weight=2127 462 1225 114 2874 220 527 194 149 137767 223 330 68793 43667 668 395 362 186 16402 744 3521 168 141 515 305 11586 603 472 2119 372 325
leaf_count=2127 462 1225 114 2874 220 527 194 149 137767 223 330 68793 43667 668 395 362 186 16402 744 3521 168 141 515 305 11586 603 472 2119 372 325
internal_value=-3.22227e-05 0.00246635 0.00151431 0.0035932 -0.000116136 -8.80552e-05 0.00499314 0.00206943 -0.000133211 -0.00657473 -0.0125517 -0.000102888 0.000368583 0.00122449 0.00972995 0.0130585 0.0052511 -0.000475907 -0.000679963 0.000926968 0.0189254 -0.00374761 0.000658624 -0.0111236 -9.99699e-05 -0.00171001 -0.00642558 0.00755027 -0.00669265 -0.0110186
internal_weight=297556 9534 8309 5107 288022 286863 2449 2061 284414 1266 857 283148 124714 44335 906 757 409 158434 138511 19923 388 1155 709 446 80379 3202 1075 2233 1159 697
internal_count=297556 9534 8309 5107 288022 286863 2449 2061 284414 1266 857 283148 124714 44335 906 757 409 158434 138511 19923 388 1155 709 446 80379 3202 1075 2233 1159 697
is_linear=0
shrinkage=0.03


Tree=22
num_leaves=31
num_cat=0
split_feature=32 26 38 50 39 62 79 32 58 30 62 82 125 21 17 52 110 86 77 53 49 137 14 56 24 74 140 43 41 23
split_gain=70.4715 55.7318 83.8597 72.605 78.4158 57.9149 106.899 56.9025 120.632 56.3165 93.0488 62.3616 61.7841 72.9458 55.257 49.7859 49.5455 45.8223 45.6552 42.3277 62.0225 50.0045 45.8977 42.1177 50.4289 47.4276 40.0282 39.2179 34.3757 34.5641
threshold=-0.0048612528480589381 0.021808819845318798 -0.00076773948967456807 0.69031959772109996 -0.00082041142741218198 0.86405327916145336 0.84999999403953563 0.0064158174209296712 1.0264462828636172 -0.00042474368819966907 0.96708860993385326 0.19166667014360431 0.50434342026710521 0.91351643204689037 0.66476282477378856 0.78390064835548412 0.14642857760190967 -0.58333334326744068 0.69166666269302379 0.98061671853065502 0.93617871403694164 1.0226420760154726 0.88159286975860607 1.1537739038467409 0.01193017838522792 0.25000000745058065 0.77787262201309215 1.0298922061920168 -0.0012396368547342715 0.032843878492712981
decision_type=8 10 10 10 10 10 2 10 10 10 10 2 10 10 8 10 2 2 2 10 10 10 10 10 10 2 10 10 8 10
left_child=17 28 5 4 -4 6 7 16 -9 10 11 -5 13 -11 -7 -8 -3 19 -12 -1 21 22 -21 24 -16 -25 -22 -24 -2 -30
right_child=1 2 3 9 -6 14 15 8 -10 12 18 -13 -14 -15 23 -17 -18 -19 -20 20 26 -23 27 25 -26 -27 -28 -29 29 -31
leaf_value=-0.0046906736763040685 -6.6406572164857066e-05 0.0039032349282955327 0.002467167385522339 -0.00174304973125308 -0.018339617444610556 0.015315857445272349 0.0133220789263068 -0.0061729527290552751 0.017916429668483211 0.0034080677887002972 -0.0012229024267352776 -0.006413208544421429 -0.0032151212651755855 -0.00023319418194178148 0.0013518863641953638 0 0.00024264446471255216 0.00051992436674753865 0.002125524602968101 -0.0026023461153063007 -0.0050696359028848653 -0.001526802677709218 0.00889488054919901 0.00094212602667978983 -0.00064034825009064004 0.0093103163091867967 0.0042939245047799897 0.020739498375184011 0.0010510591019258495 0.016649981088161413
leaf_weight=344 41996 6015 216 5553 418 190 996 1757 185 5627 38486 5213 5249 39547 14157 338 7848 5033 3973 139 482 249 923 2464 58126 841 1867 496 48333 111
leaf_count=344 41996 6015 216 5553 418 190 996 1757 185 5627 38486 5213 5249 39547 14157 338 7848 5033 3973 139 482 249 923 2464 58126 841 1867 496 48333 111
internal_value=2.29671e-05 -6.0199e-05 -0.000343931 -0.00092854 -0.0109335 0.000309015 0.00188322 0.00116706 -0.00356599 -0.00086235 -0.00154336 -0.0040399 -0.000137222 0.000215041 -4.3474e-05 0.0100041 0.00185588 0.00255861 -0.000901666 0.00476001 0.00563282 0.00983304 0.011835 -9.00906e-05 -0.000245744 0.00320494 0.00221937 0.0134743 0.000555084 0.00109985
internal_weight=297172 287639 197199 104282 634 92917 17139 15805 1942 103648 53225 10766 50423 45174 75778 1334 13863 9533 42459 4500 4156 1807 1558 75588 72283 3305 2349 1419 90440 48444
internal_count=297172 287639 197199 104282 634 92917 17139 15805 1942 103648 53225 10766 50423 45174 75778 1334 13863 9533 42459 4500 4156 1807 1558 75588 72283 3305 2349 1419 90440 48444
is_linear=0
shrinkage=0.03


Tree=23
num_leaves=31
num_cat=0
split_feature=16 33 44 32 84 62 31 18 60 86 53 33 10 29 18 35 16 81 54 114 7 60 13 103 10 4 5 31 45 33
split_gain=64.9035 52.0872 77.1791 61.7216 48.1305 90.3843 47.0815 62.6131 51.1084 51.5082 72.3191 50.7578 49.8309 47.094 59.092 52.9903 46.5332 46.5086 45.9838 96.5429 73.2971 45.4302 40.3792 60.6421 49.1401 39.0765 38.8955 37.3723 57.2535 35.0668
threshold=1.2157111763954165 0.37278090417385107 1.0380274057388308 -0.003500125370919704 -0.65000000596046437 0.86702564358711254 0.0095289275050163286 0.94255927205085765 0.85545104742050182 0.68333333730697643 1.0398417115211489 0.88559645414352428 1.0233247280120852 0.0054896883666515359 1.000000059604645 0.74744176864624035 0.70005577802658092 0.083333335816860213 1.0642096996307375 0.35849054157733923 -0.049790807068347924 1.0436241626739504 0.97971305251121532 0.36666667461395269 1.0083532929420473 0.25806294381618505 0.013592263218015434 -0.0025572187732905145 1.1138613820075991 0.48628209531307226
decision_type=10 8 10 10 2 10 10 10 10 2 10 8 10 10 10 8 8 2 10 10 10 10 10 2 10 10 10 10 10 10
left_child=1 2 3 -1 5 -4 8 -8 11 13 16 29 -13 15 -15 -10 -11 -9 20 26 -6 -12 23 -19 -24 -22 -20 -5 -29 -3
right_child=-2 6 4 27 18 -7 7 17 9 10 21 12 -14 14 -16 -17 -18 22 19 -21 25 -23 24 -25 -26 -27 -28 28 -30 -31
leaf_value=0.0040959414545430504 0.0036268480512057872 0.0022990310047807301 0.0074377901065721596 -0.0021503055913369971 0.0096845872378878237 -0.00092127922451772776 -0.012942454103613272 0 -2.1690826215973845e-05 -0.013456111220815747 0.0084738436935703244 -0.0011729074121077771 0.011772298937953939 -0.0021682648500914625 0.0035017036355957649 0.0015361253183503658 0.0011879022466419881 0.011740591648655634 -0.0045511375838495471 -0.017479943702828217 -0.0011978381373778638 -0.0092042893015368034 -0.0026713955082858982 -0.0028481876538346777 0.016411766923450938 -0.003617842594933984 0.0094970522551531249 0.00024599539527070814 -0.0066275884542370284 -0.0065595508159289034
leaf_weight=3213 4376 410 1277 7433 448 11307 156 1054 112253 174 1761 1331 307 13862 1824 23712 23659 430 930 536 15362 109 110 530 664 10495 190 55629 1091 2579
leaf_count=3213 4376 410 1277 7433 448 11307 156 1054 112253 174 1761 1331 307 13862 1824 23712 23659 430 930 536 15362 109 110 530 664 10495 190 55629 1091 2579
internal_value=7.80485e-06 -4.5496e-05 -0.000570076 4.81123e-05 -0.00160412 -3.87588e-05 0.000259023 0.00401487 0.00019618 0.00027907 0.00152091 -0.00290397 0.00118513 6.6442e-05 -0.00148623 0.000247969 0.00105722 0.00515597 -0.00229736 -0.00718857 -0.00197282 0.00719818 0.00815002 0.00348649 0.0133229 -0.00219371 -0.00178 -0.000151155 0.000106206 -0.00523752
internal_weight=297212 292836 107911 67366 40545 12584 184925 2944 181981 177354 25703 4627 1638 151651 15686 135965 23833 2788 27961 1656 26305 1870 1734 960 774 25857 1120 64153 56720 2989
internal_count=297212 292836 107911 67366 40545 12584 184925 2944 181981 177354 25703 4627 1638 151651 15686 135965 23833 2788 27961 1656 26305 1870 1734 960 774 25857 1120 64153 56720 2989
is_linear=0
shrinkage=0.03


Tree=24
num_leaves=31
num_cat=0
split_feature=20 49 12 61 25 117 38 26 26 38 38 62 51 115 28 62 34 48 1 118 113 35 81 68 3 84 84 38 34 17
split_gain=64.3055 103.787 73.892 69.3098 123.954 52.4448 59.7873 52.2457 51.7111 67.58 61.4603 70.0653 52.4149 55.4198 50.4667 48.4439 48.1012 51.1276 46.6575 43.9025 54.6477 53.345 50.158 42.2994 40.2767 113.807 61.5249 38.7844 37.3257 35.4921
threshold=0.86428710818290722 0.83472758531570446 1.0007879137992861 0.80486842989921581 0.049863018095493324 0.5805739462375642 0.01610655710101128 0.054162070155143745 0.021808819845318798 -0.00089285580907016982 0.017799356952309612 0.66657575964927684 0.67947936058044445 0.66025641560554515 -0.013693425338715313 0.68567064404487621 0.87313294410705578 0.90793326497077953 0.036363659426569946 0.13207609951496127 0.65624961256980907 0.5837717354297639 0.050000002607703216 0.96000173687934887 0.0059952072333544501 0.75000000000000011 0.35000000894069677 -0.0089014898985624296 0.46989464759826666 1.137583911418915
decision_type=8 8 10 10 8 10 10 10 10 8 10 10 10 10 10 10 10 10 10 8 10 10 2 10 10 2 2 10 8 10
left_child=2 5 7 4 -3 6 24 -1 18 12 11 -11 13 -10 -14 -12 17 -4 29 21 22 -6 -21 28 26 -26 -2 -22 -20 -5
right_child=1 3 16 8 19 -7 -8 -9 9 10 15 -13 14 -15 -16 -17 -18 -19 23 20 27 -23 -24 -25 25 -27 -28 -29 -30 -31
leaf_value=7.1934965341975254e-05 0 0.013355288601720161 -0.0049097926575110626 0.00073092831564698364 0.02100446868961018 0 -0.0020260212213424659 -0.01225372023695259 0.0034321974921516897 -0.012649067046622187 0.015215085965885342 -0.0010026278955093928 0.0028447267123105731 -0.020193561973033968 8.2676716059014579e-05 0.0014071963917937334 0.017210791721529523 0.015639705877144666 -0.0085673913634978748 -0.0085211467375869258 0.0018548267074748278 0.00098998974198195367 0.005215719150237383 0.0040386311409292283 0.012136958383432988 -0.013129466275251148 0.022312707646081328 -0.0087132739710330531 0 -0.0027353143555498031
leaf_weight=361 164 924 616 85968 185 839 327 1103 107 452 225 98647 6408 209 84922 5937 132 109 1266 252 410 379 1491 481 661 182 486 866 767 2691
leaf_count=361 164 924 616 85968 185 839 327 1103 107 452 225 98647 6408 209 84922 5937 132 109 1266 252 410 379 1491 481 661 182 486 866 767 2691
internal_value=-1.15358e-05 2.67206e-05 -0.0049648 -2.6077e-05 0.00365565 0.00590519 0.00874209 -0.00905224 -8.49686e-05 -0.000359352 -0.000878471 -0.00106132 0.000233677 -0.0115727 0.000280335 0.0020075 0.00172284 -0.00108068 0.000504278 0.00101075 -0.000348531 0.00856322 0.00298537 -0.0034921 0.0112944 0.00615657 0.0171274 -0.00510987 -0.00544196 0.000621744
internal_weight=297567 295246 2321 292587 4507 2659 1820 1464 288080 196907 105261 99099 91646 316 91330 6162 857 725 91173 3583 3019 564 1743 2514 1493 843 650 1276 2033 88659
internal_count=297567 295246 2321 292587 4507 2659 1820 1464 288080 196907 105261 99099 91646 316 91330 6162 857 725 91173 3583 3019 564 1743 2514 1493 843 650 1276 2033 88659
is_linear=0
shrinkage=0.03


Tree=25
num_leaves=31
num_cat=0
split_feature=16 40 62 15 7 71 18 42 39 60 1 25 42 92 13 15 41 12 29 41 37 138 57 69 27 38 38 74 3 33
split_gain=62.5486 52.2959 98.9509 91.2536 144.037 87.8359 68.3159 62.1244 60.5139 56.7348 52.2582 52.0416 50.5391 49.7581 47.8666 47.7505 45.3562 61.2975 45.1949 41.4581 40.7355 38.7059 47.067 38.4049 49.863 38.2276 37.7892 34.929 34.7616 44.3215
threshold=1.2157111763954165 -0.030740197747945782 0.68567064404487621 0.86270305514335643 0.035196062177419669 0.59090879559516918 1.0247355103492739 -0.10234589874744414 -0.0051021969411522141 1.0339703559875491 0.054819600656628616 0.012346642557531597 0.056972268968820579 0.55592656135559093 0.95799162983894359 0.77641779184341442 -1.0000000180025095e-35 1.001037657260895 -0.00039597538125235582 -0.022351417690515515 0.89311853051185619 0.69278430938720714 1.0319472551345827 0.19746558368206027 0.057025739923119552 -0.013333331793546675 0.008074532728642227 0.65000000596046459 0.017191983759403232 0.75916868448257457
decision_type=10 10 10 10 10 10 10 10 8 10 10 10 8 10 10 10 10 10 10 10 10 8 10 10 10 8 10 2 10 10
left_child=1 5 3 13 14 10 7 21 23 16 25 -9 -10 -3 -5 -14 -8 -18 -13 -15 -21 22 -4 24 -7 -1 -17 -26 29 -25
right_child=-2 2 6 4 -6 8 9 11 12 -11 -12 18 15 19 -16 26 17 -19 -20 20 -22 -23 -24 28 27 -27 -28 -29 -30 -31
leaf_value=-0.0043162163546066716 0.0035112354295758368 -0.00016720434662518131 -0.002395388060917345 0.0024422957187011608 0.017020156197773934 0.0033554164162242894 -0.0068075814307468436 0.00099891328025399594 -0.0046954771333942375 0 0.0049371993600744075 -0.0007361412997137414 0 0.0012642495094332845 -0.011175112732312368 0.0034646286693436703 -0.015604922472952497 0.0043234897537499104 0.00012703663256069544 -0.018683645714074375 0 0.0023493659243238973 0.017786366190255479 0.00072457041682213921 0.0090341555853132045 9.7073863327940669e-05 0.025951668904894695 0.024872446173531522 0.01079921539047999 0.0088283430768175773
leaf_weight=1947 4450 337 102 319 311 698 3375 34027 1137 3167 1821 99032 639 100 579 219 148 753 120575 825 132 1134 374 2784 499 16277 120 252 575 798
leaf_count=1947 4450 337 102 319 311 698 3375 34027 1137 3167 1821 99032 639 100 579 219 148 753 120575 825 132 1134 374 2784 499 16277 120 252 575 798
internal_value=-9.56897e-06 -6.42913e-05 -0.000194941 -0.00599557 0 0.00117244 -0.000135868 -5.19444e-05 0.00388789 -0.00296582 0.000108717 -9.06206e-05 -0.000302519 -0.0111698 -0.00606313 0.00449578 -0.00521213 0.000456494 -0.00026088 -0.0143309 -0.0162601 0.00578329 0.0129347 0.0055176 0.00984562 -0.0003622 0.0132626 0.0152452 0.00389725 0.00265222
internal_weight=297506 293056 265290 2603 1209 27766 262687 255244 7721 7443 20045 253634 2115 1394 898 978 4276 901 219607 1057 957 1610 476 5606 1449 18224 339 751 4157 3582
internal_count=297506 293056 265290 2603 1209 27766 262687 255244 7721 7443 20045 253634 2115 1394 898 978 4276 901 219607 1057 957 1610 476 5606 1449 18224 339 751 4157 3582
is_linear=0
shrinkage=0.03


Tree=26
num_leaves=31
num_cat=0
split_feature=125 46 61 1 35 1 50 10 36 59 13 18 39 124 16 68 119 138 35 40 81 61 10 86 25 38 87 29 81 79
split_gain=57.5144 73.3699 57.5999 67.7058 55.9259 55.5747 61.8664 86.2743 80.9364 62.0453 54.7427 65.1961 53.403 56.5329 50.4041 71.8972 42.0312 41.4758 40.1718 39.6882 38.5177 35.9028 33.8472 49.5208 33.137 32.6738 31.6158 31.1055 65.0503 64.7788
threshold=0.48061358928680425 1.0094550251960757 1.0664107203483584 0.054819600656628616 0.60387402772903453 0.012658218387514355 0.87813463807106029 1.0169506669044497 0.083841040730476393 0.85283562541008007 1.1168913841247561 1.0402371287345888 -0.018121428787708279 -0.52875137329101551 0.72276085615158092 0.67741975188255321 0.18954240530729297 0.61972054839134227 0.74744176864624035 0.027539884671568874 0.84999999403953563 0.7016996741294862 1.0183101296424868 0.91666665673255932 0.012470161542296411 -0.002401382895186543 0.52500000596046459 0.0064487394411116847 0.28333334624767309 0.15000000223517421
decision_type=10 8 10 8 10 8 8 10 10 10 10 10 10 10 8 10 10 10 10 10 2 10 10 2 8 10 2 10 2 2
left_child=1 20 5 12 -5 18 7 9 -9 -7 11 -8 13 -4 15 21 22 -15 24 -18 27 -2 -16 -24 -3 -26 -17 -1 -29 -30
right_child=14 2 3 4 -6 6 10 8 -10 -11 -12 -13 -14 17 16 26 19 -19 -20 -21 -22 -23 23 -25 25 -27 -28 28 29 -31
leaf_value=0.0023073444973765902 0.013495072194676565 0.0014568118164147784 -0.0076449958101064064 0 0.012143893177687588 -0.016043640504358248 -0.00059464327805701606 0.012876152987338548 0.0025023611104428795 -8.6092451559922621e-05 -0.010272635145401795 0.0039348193531858599 0.0034299949144798877 -0.007196113843455026 -0.00051457674018027947 -0.017713140123272814 -0.0024060348884708447 0.0098251174566178733 0.0025520898029961765 -0.012339529976474171 0.011695890564095866 -0.006152596361279278 0.0094243134463131012 -0.007305958630527032 0.001205859415317839 -0.00083800351200915841 -0.0034408320265636298 0.0035232325838809725 0.0011993983951966798 -0.0084956594697959669
leaf_weight=14685 153 16209 1023 514 1044 204 175326 745 7974 12869 503 2872 2694 157 5668 481 5910 365 8860 389 342 122 701 168 10142 22590 292 1869 1096 1270
leaf_count=14685 153 16209 1023 514 1044 204 175326 745 7974 12869 503 2872 2694 157 5668 481 5910 365 8860 389 342 122 701 168 10142 22590 292 1869 1096 1270
internal_value=-2.18505e-05 6.95613e-05 -5.97708e-05 0.00289028 0.00821831 -0.00012736 -0.000364618 0.00113931 0.00345052 -0.000382145 -0.000549803 -0.000519526 0.000832175 -0.00349187 -0.00190643 -0.00822738 -0.00135502 0.00407557 0.000690265 -0.00310408 0.00185655 0.00393552 0.000288927 0.00576087 0.000346179 -0.000195204 -0.0129229 0.00165069 -0.000555931 -0.00390648
internal_weight=297237 283353 264091 5797 1558 258294 200493 21792 8719 13073 178701 178198 4239 1545 13884 1048 12836 522 57801 6299 19262 275 6537 869 48941 32732 773 18920 4235 2366
internal_count=297237 283353 264091 5797 1558 258294 200493 21792 8719 13073 178701 178198 4239 1545 13884 1048 12836 522 57801 6299 19262 275 6537 869 48941 32732 773 18920 4235 2366
is_linear=0
shrinkage=0.03


Tree=27
num_leaves=31
num_cat=0
split_feature=26 16 15 111 25 138 115 53 1 13 25 83 95 84 23 84 95 13 23 93 68 1 86 22 59 49 35 142 81 55
split_gain=55.285 91.7857 91.9073 87.7011 75.1703 80.0687 59.332 56.8054 52.4188 69.2296 59.5246 49.0471 47.6067 46.5771 46.0582 45.3212 56.8638 43.0457 42.5698 43.9499 41.8659 40.1843 50.2296 58.5047 43.9791 42.5478 38.4801 33.6781 32.8601 32.1143
threshold=0.10718328878283502 0.74123394489288341 0.86270305514335643 -0.27097903192043299 0.067826356738805785 0.87531223893165599 0.49006612598896032 0.97323885560035717 0.054819600656628616 1.1168913841247561 0.044578697532415397 0.70000001788139354 0.46531000733375555 0.65000000596046459 0.027440508827567104 0.25000000745058065 0.053976938128471381 0.93260475993156444 0.081776939332485213 0.44438031315803533 0.94736865162849437 0.014285661745816471 -0.81666666269302357 1.1619089245796206 0.94752421975135814 0.83472758531570446 0.87013599276542675 1.5534192919731142 0.55000001192092907 0.94157832860946666
decision_type=10 8 10 2 8 10 10 10 10 10 8 10 10 2 10 2 10 10 10 10 10 10 2 10 8 10 10 10 2 10
left_child=1 2 11 -2 6 15 -5 -7 9 21 13 26 -13 -10 17 -6 -17 -4 19 28 -15 24 23 -23 -3 -24 -1 -9 -12 -21
right_child=3 8 14 4 5 7 -8 27 10 -11 18 12 -14 20 -16 16 -18 -19 -20 29 -22 22 25 -25 -26 -27 -28 -29 -30 -31
leaf_value=-0.01749175665514836 0.01932499859123539 -0.0042754719451023786 0.011486319647067122 -0.0004456493073331773 0 -0.023183984508399258 0.014266871006084541 -0.009967684271174863 0.0011939047178344782 -0.0076857130493436761 -0.00042093347337409829 0.0030166537990030978 -0.012663292302161759 -0.011412374483084999 0.012648916943103409 -0.0059158836017646219 0.014533528576155131 -0.0077150684573962609 -0.0044389502418983613 0.0015522398659002597 0.0030445848330371565 -0.0021424025096369631 0.0046012571330235679 0.0034956780517527092 0.00055232750385976026 -0.000189934339325248 -0.00081145509544487454 -0.00010034387066652889 0.0059128870120052695 0.012290831346362602
leaf_weight=749 269 1700 115 323 755 112 668 393 2728 1060 1242 394 261 553 247 118 589 383 384 418 211 20042 1661 1750 86894 169041 197 1534 1534 1104
leaf_count=749 269 1700 115 323 755 112 668 393 2728 1060 1242 394 261 553 247 118 589 383 384 418 211 20042 1661 1750 86894 169041 197 1534 1534 1104
internal_value=-2.81593e-05 -8.14279e-05 -0.00596703 0.00317026 0.00205499 0 0.00926088 -0.00385278 -3.24272e-05 -0.000102133 0.00233143 -0.0100165 -0.00297702 -0.000556703 0.00237744 0.00529165 0.010639 -0.00242957 0.0045425 0.00543126 -0.00706121 -7.1923e-05 -0.000316181 -0.00167309 0.000455359 -0.000141023 -0.0144174 -0.00234853 0.00298906 0.00959454
internal_weight=297429 292668 2346 4761 4492 3501 991 2039 290322 282148 8174 1601 655 3492 745 1462 707 498 4682 4298 764 281088 192494 21792 88594 170702 946 1927 2776 1522
internal_count=297429 292668 2346 4761 4492 3501 991 2039 290322 282148 8174 1601 655 3492 745 1462 707 498 4682 4298 764 281088 192494 21792 88594 170702 946 1927 2776 1522
is_linear=0
shrinkage=0.03


Tree=28
num_leaves=31
num_cat=0
split_feature=1 127 50 61 18 62 114 0 25 38 17 43 51 138 10 38 46 13 67 65 7 39 9 62 17 105 49 128 38 85
split_gain=43.9165 97.5643 72.2021 95.7172 74.1499 56.8695 57.775 48.9137 48.3025 47.1429 113.461 50.7395 50.4573 56.086 58.4823 45.3556 69.8848 89.2648 83.6769 64.3857 61.8624 60.7699 45.4282 45.1298 53.9337 47.4231 52.5704 47.9403 44.4357 54.452
threshold=0.054819600656628616 -0.31603632867336268 0.72665852308273327 0.73611807823181163 0.95469510555267345 0.74204871058464061 0.82401376962661754 0.0031188635621219878 0.028138161636888984 -0.015619924291968344 0.73705121874809276 1.0714285969734194 0.91879779100418102 0.89711615443229686 1.0169506669044497 -0.0016018347814679144 1.0733821988105776 0.98663148283958446 0.4087121188640595 0.8550420105457307 0.012491744942963125 0.032399853691458709 1.0089960098266604 0.86405327916145336 0.66476282477378856 0.39444445073604589 0.83472758531570446 1.2017949223518374 0.0028644709382206206 0.62500000000000011
decision_type=10 10 10 10 10 10 10 10 10 8 8 10 10 10 10 10 10 8 10 10 10 10 10 8 8 2 10 10 10 2
left_child=9 -2 4 -4 5 6 -3 -6 -5 10 11 -1 13 -12 -15 23 -17 18 20 -20 -18 22 -19 25 -25 -11 -27 -28 -10 -30
right_child=1 2 3 8 7 -7 -8 -9 28 15 12 -13 -14 14 -16 16 17 21 19 -21 -22 -23 -24 24 -26 26 27 -29 29 -31
leaf_value=-0.018149985831759467 0.012026715276221969 -0.027989799542330114 0.025114790889128925 -0.0039780132912209058 0.012522748771054883 0.0033764638057133802 -0.0059060397554607002 -0.0065363005857764335 0.0049618473785542428 -0.00038253191446356024 -0.0026694276970394581 0 -0.0039652207839874515 -0.0033717387887153552 0.0087304249301997199 0.00019766731178181977 -0.0041806124294300542 -0.0010596541269319545 -0.0096614723593068681 -0.0014662105619413729 0.0015343801614740877 0.006215257673118979 0.0014119971507791924 0.01814678186624262 0.00023366818235911609 0.018479516800257993 0.0048322764303529806 0 0.0022561649408658793 -0.0059073778850507021
leaf_weight=535 781 229 140 1177 224 124 288 203 3401 4114 1475 148 2961 453 1208 101029 3505 47583 2691 1415 3188 1137 7675 132 99417 194 5076 3051 3012 947
leaf_count=535 781 229 140 1177 224 124 288 203 3401 4114 1475 148 2961 453 1208 101029 3505 47583 2691 1415 3188 1137 7675 132 99417 194 5076 3051 3012 947
internal_value=2.18003e-05 0.00192381 0.00106043 0.00199602 -0.00616209 -0.0125602 -0.0169246 0.0029037 0.00152402 -4.70447e-05 -0.00251539 -0.0139682 -0.0011419 0.00143705 0.00525052 1.17851e-05 -0.000298514 -0.00104884 -0.00355029 -0.00693075 -0.0014173 -0.000563438 -0.000710543 0.000480567 0.000264074 0.00218642 0.00349037 0.00305126 0.00245295 0.000208157
internal_weight=297513 10526 9745 8677 1068 641 517 427 8537 286987 6780 683 6097 3136 1661 280207 168223 67194 10799 4106 6693 56395 55258 111984 99549 12435 8321 8127 7360 3959
internal_count=297513 10526 9745 8677 1068 641 517 427 8537 286987 6780 683 6097 3136 1661 280207 168223 67194 10799 4106 6693 56395 55258 111984 99549 12435 8321 8127 7360 3959
is_linear=0
shrinkage=0.03


Tree=29
num_leaves=31
num_cat=0
split_feature=32 86 33 125 121 38 46 118 26 38 103 32 38 33 87 35 77 77 26 77 61 10 25 10 17 80 0 57 7 139
split_gain=54.3404 56.0999 63.4199 47.9496 68.5723 44.1361 62.69 89.4984 61.7716 55.4145 75.1664 71.4628 41.6467 39.1664 51.2509 40.9881 38.4553 38.2546 51.5716 50.6257 37.6801 46.6373 34.5171 44.5352 70.5981 43.4376 40.567 38.7606 34.5624 32.2001
threshold=-0.0050807653460651627 -0.58333334326744068 0.92942845821380626 0.48061358928680425 0.29873929917812353 -0.001470593560952693 1.0733821988105776 0.34883788228034979 0.06856077536940576 -0.011750271543860434 0.29166667163372045 0.0030507089104503398 0.017799356952309612 0.36764404177665716 0.82499998807907116 0.51657554507255565 0.77500000596046459 0.091666668653488173 0.059722211211919791 0.27500000596046453 0.73611807823181163 1.0428311228752138 0.026386982761323455 1.015784025192261 0.83333334326744091 0.12500000372529033 -0.038499040529131882 0.99548804759979259 -0.004640426952391862 0.74471962451934826
decision_type=10 2 10 8 10 10 10 8 10 8 2 10 10 10 2 10 2 2 10 2 10 10 10 10 10 2 10 10 10 8
left_child=1 2 -1 4 20 8 17 16 9 10 -6 -11 -9 14 -10 -15 -8 18 -7 -19 -2 -22 -5 28 25 -25 -27 -26 -24 -30
right_child=3 -3 -4 22 5 6 7 12 13 11 -12 -13 -14 15 -16 -17 -18 19 -20 -21 21 -23 23 24 27 26 -28 -29 29 -31
leaf_value=0.0064094441536656829 0.01232029811813772 0.0002181197112910503 -0.0054198803893695264 0.00057644073469732382 0.0039320874208836915 -0.001163139772224903 -0.0031982726051843998 -0.00088321433985360999 -0.00085338590913513969 0.0001947531092572695 -0.0025458612300439162 0.00323904098475282 0.0024192300583532459 0.0011583593936035403 0.014703464831749441 0.0073312346672099538 -0.01011936090667518 0.0018259206455547433 0.010182832776951842 -2.6780670397027962e-05 0.0029988919721263712 -0.012699216202339705 -0.0099930887193869951 0.0011305356893286924 0.0094451770827276398 0.00161855569624723 -0.012873870412175569 -0.0073960620528669098 0.001477906467821695 -0.0039972543102942933
leaf_weight=3406 378 5458 420 3762 1827 22064 8159 52776 2581 85177 11407 7570 3615 1783 185 2530 839 17944 342 49674 5327 150 773 862 841 200 520 108 1059 5818
leaf_count=3406 378 5458 420 3762 1827 22064 8159 52776 2581 85177 11407 7570 3615 1783 185 2530 839 17944 342 49674 5327 150 773 862 841 200 520 108 1059 5818
internal_value=-2.29955e-05 0.00223225 0.00501144 -9.6818e-05 -8.43074e-06 -7.96767e-05 -0.000408652 -0.00111586 0.000369875 0.000185354 -0.00162434 0.000447106 -0.000665407 0.0030818 0.000177514 0.00486572 -0.00389789 0.000101833 -0.000967653 0.000460836 0.00319654 0.00246975 -0.00181185 -0.00272315 0.00062208 -0.00312027 -0.00850785 0.00710588 -0.00386777 -0.00310879
internal_weight=297555 9284 3826 288271 274328 268473 155413 65389 113060 105981 13234 92747 56391 7079 2766 4313 8998 90024 22406 67618 5855 5477 13943 10181 2531 1582 720 949 7650 6877
internal_count=297555 9284 3826 288271 274328 268473 155413 65389 113060 105981 13234 92747 56391 7079 2766 4313 8998 90024 22406 67618 5855 5477 13943 10181 2531 1582 720 949 7650 6877
is_linear=0
shrinkage=0.03


Tree=30
num_leaves=31
num_cat=0
split_feature=16 11 30 16 35 14 28 43 99 36 125 77 50 23 52 113 37 49 26 125 118 42 9 10 17 9 1 9 8 23
split_gain=55.7604 64.483 46.4176 73.0616 54.5212 55.8063 44.0913 52.0369 67.7772 61.2125 54.617 54.5762 49.6484 53.8948 44.5309 41.4508 41.9358 39.4629 39.3331 38.0631 37.6841 35.587 56.5014 47.9257 35.4423 35.3393 34.9718 32.0841 31.4754 30.1353
threshold=1.2346542477607729 0.92475160956382763 -0.00038742304604966188 0.93408358097076427 0.1763018146157265 1.0122296214103701 -0.0094511965289711935 1.0316169857978823 0.76388889551162731 0.85730603337287914 0.51851907372474682 0.091666668653488173 0.95121952891349804 0.081776939332485213 0.704116851091385 0.8095240890979768 0.7339586913585664 0.88403329253196727 0.051339637488126762 -0.47517757117748255 0.88888928294181835 0.0010576234781183305 0.98496243357658397 1.0189394354820254 1.3184605836868288 0.97080752253532421 0.029275790788233284 1.0350877642631533 0.44444076716899877 0.029429065063595775
decision_type=10 8 8 8 10 10 8 8 2 10 10 2 10 10 10 10 10 10 10 8 10 10 10 10 10 10 10 10 10 10
left_child=1 17 3 4 5 29 12 10 9 -9 11 -8 13 20 -14 16 -6 18 -1 24 -4 22 -21 -23 -5 -12 -7 -10 -17 -3
right_child=-2 2 6 19 15 26 7 8 27 -11 25 -13 14 -15 -16 28 -18 -19 -20 21 -22 23 -24 -25 -26 -27 -28 -29 -30 -31
leaf_value=0 0.0039048313350659941 -0.0062348829769687921 0.0053961660033477205 0.0016402145895175765 -0.012323040150951299 0 -0.00057125851025437917 -0.0015225386182420747 0.0018430761198368194 0.0041296904768522236 -0.0066571519856668702 0.0010824108765610234 0.011357142431822323 -0.014182219872344956 -0.00039167568713041953 0.010969927543172326 -0.0006995610856994365 0.00059358559623937015 -0.01602079452273749 -0.0030827645513704246 -0.00030232217347947883 6.1815196273102741e-05 -0.00049327467997862769 0.0043013836871327862 -0.008513068399827687 -0.00095613247139427805 0.011075245900234829 0.01232259038201834 -0.0066059233662096803 0.0078623937325113819
leaf_weight=181 3257 1390 5213 11469 1288 705 23008 28334 845 1792 1143 78587 284 119 6165 156 430 287 483 8425 1180 29945 81386 2605 290 7777 376 438 158 116
leaf_count=181 3257 1390 5213 11469 1288 705 23008 28334 845 1792 1143 78587 284 119 6165 156 430 287 483 8425 1180 29945 81386 2605 290 7777 376 438 158 116
internal_value=1.23831e-05 -2.9898e-05 -3.35174e-06 -0.000402872 -0.00410896 -0.00106751 0.00035259 0.000197147 -0.000876549 -0.00117386 0.000505115 0.000704917 0.00202866 0.00387386 0.000112855 -0.00778679 -0.00962793 -0.00774828 -0.0117044 -0.000272407 0.00429991 -0.000430999 -0.000740162 0.000412755 0.00135032 -0.00173347 0.00394088 0.00578512 0.00136183 -0.00486363
internal_weight=297832 294575 293624 138739 4619 2587 154885 141924 31409 30126 110515 101595 12961 6512 6449 2032 1718 951 664 134120 6393 122361 89811 32550 11759 8920 1081 1283 314 1506
internal_count=297832 294575 293624 138739 4619 2587 154885 141924 31409 30126 110515 101595 12961 6512 6449 2032 1718 951 664 134120 6393 122361 89811 32550 11759 8920 1081 1283 314 1506
is_linear=0
shrinkage=0.03


Tree=31
num_leaves=31
num_cat=0
split_feature=32 138 81 30 16 115 121 24 21 15 39 45 141 25 53 72 82 38 138 42 6 38 137 22 38 115 10 37 6 7
split_gain=44.7712 49.5011 57.3224 42.528 74.3254 53.8941 57.661 57.0454 55.7616 50.4929 41.4684 48.4902 52.4269 42.4334 39.2193 71.0668 48.1279 45.5531 62.4896 58.9257 43.31 38.8649 38.2004 44.4024 44.9178 37.2112 36.364 35.0043 33.13 32.9374
threshold=-0.0048612528480589381 0.51088941097259533 0.61666667461395275 -0.00038742304604966188 0.93408358097076427 0.74010053277015697 0.29397556185722357 0.050488414242863662 0.8996485471725465 0.95438024401664745 0.022810149006545547 1.0761573910713198 0.9616360366344453 0.033924618735909469 1.0588570237159731 0.67105302214622509 0.058333335444331176 -0.015619924291968344 0.83419841527938854 -0.10234589874744414 0.28571678698062902 -0.021966870874166485 0.52318003773689281 0.92101368308067333 -1.0000000180025095e-35 0.204419881105423 1.0131728053092959 0.7371291220188142 0.15789464116096499 0.024217711761593822
decision_type=10 8 2 10 8 10 10 10 10 8 10 10 10 10 10 10 2 10 10 10 10 8 10 10 10 10 10 10 10 10
left_child=1 29 -3 4 9 6 7 8 28 26 11 -11 -13 -12 17 20 -17 18 -8 -19 -16 27 25 24 -24 -6 -2 -4 -5 -1
right_child=3 2 21 5 22 -7 14 -9 -10 10 13 12 -14 -15 15 16 -18 19 -20 -21 -22 -23 23 -25 -26 -27 -28 -29 -30 -31
leaf_value=-0.0073296948170388076 -0.0012495416616855966 3.7510232659269697e-05 0 0.0031809480982995211 0.0032805493888010766 -0.0014691751607588982 -0.0074220244803191735 -0.010113819911923944 0.0023856580784580288 -1.3903201815336025e-06 -0.019775938160035391 0.003073810565052554 -0.0098150294666144982 -0.00099551138066327318 0.0033613125119988938 -0.0012497305871550252 0.015181486400726498 0.012102395078587137 0.00016321270951624915 0.00033789607900772285 -0.0056375184557083645 0.0040280934803755466 0.00058306036108193263 0.0005142284492053714 -0.014053027556800156 -0.00078325913829396928 0.012603800235562684 0.023843110203034364 0.01438954456062755 0.0059072389886356321
leaf_weight=758 488 4399 109 498 2034 14000 1599 225 3467 1532 335 300 1479 210 1820 167 620 366 2278 126276 619 4850 297 45177 362 81800 218 164 693 175
leaf_count=758 488 4399 109 498 2034 14000 1599 225 3467 1532 335 300 1479 210 1820 167 620 366 2278 126276 619 4850 297 45177 362 81800 218 164 693 175
internal_value=2.6149e-05 0.00195322 0.0026211 -4.31711e-05 -0.000433555 0.000298207 0.000479044 0.00368109 0.00445196 -0.00419375 -0.00556777 -0.00412227 -0.00746476 -0.0133618 0.000359363 0.00362443 0.0113785 0.00027582 -0.00291024 0.00037617 0.000928199 0.00477246 -0.000298326 0.000393801 -0.00719209 -0.000680325 0.00284427 0.0157951 0.0100805 -0.00446022
internal_weight=297315 10455 9522 286860 134232 152628 138628 4883 4658 4562 3856 3311 1779 545 133745 3226 787 130519 3877 126642 2439 5123 129670 45836 659 83834 706 273 1191 933
internal_count=297315 10455 9522 286860 134232 152628 138628 4883 4658 4562 3856 3311 1779 545 133745 3226 787 130519 3877 126642 2439 5123 129670 45836 659 83834 706 273 1191 933
is_linear=0
shrinkage=0.03


Tree=32
num_leaves=31
num_cat=0
split_feature=32 33 53 74 45 1 14 12 19 78 72 69 52 79 20 60 25 54 35 20 75 17 114 38 8 39 40 82 82 26
split_gain=50.3728 51.2034 68.8068 61.46 57.3557 48.2032 49.8277 72.3048 54.1429 40.6394 86.0312 76.614 72.5951 66.7612 66.2628 67.6211 47.3885 45.4366 41.8006 47.6503 50.2204 43.5136 40.149 39.598 45.7368 38.2104 60.396 36.8513 45.1282 42.2435
threshold=-0.0050807653460651627 0.37278090417385107 1.031648635864258 0.84999999403953563 1.0659076571464541 0.012910792138427498 0.91366606950759899 0.9772726595401765 0.97609913349151622 0.30000000447034841 0.67105302214622509 0.17948599159717563 0.73279923200607311 0.84999999403953563 0.97076168656349193 0.73079699277877819 0.021359666250646118 1.0079624056816103 0.78059440851211559 1.0131147503852846 0.12500000372529033 0.99257123470306408 0.73033714294433605 -0.021966870874166485 0.83333340287208568 0.036625599488615997 0.034697720780968673 0.90833333134651195 0.19166667014360431 0.020553141832351688
decision_type=10 10 10 2 10 10 8 10 10 10 10 10 10 2 10 10 10 10 10 10 2 10 10 8 10 10 10 2 2 10
left_child=23 2 5 -4 -5 -2 7 -7 -9 17 18 12 13 -12 15 -13 -16 27 19 20 -11 -21 -19 -1 -25 -8 -27 28 -3 -30
right_child=1 9 3 4 -6 6 25 8 -10 10 11 14 -14 -15 16 -17 -18 22 -20 21 -22 -23 -24 24 -26 26 -28 -29 29 -31
leaf_value=0.011279012150675359 0.0006754556330090737 0.00015918247178028135 -0.0058364710975684275 -0.0060763293022618571 0.010001290018629344 -0.010377937286943561 -0.0010651762184103819 0.0078996510929596267 -0.0012775183788941154 0.0027575994215348881 0 -0.011415640156929682 0.0041227982475026724 0.023717162450251166 0.0015550135719515632 0.0036877538795143409 -0.0017939007108013301 0.0014044922833840584 0.0015750228862584869 0.00054128818735731587 3.4600793243086391e-05 -0.0013592235082132849 0.014753873821053962 0.00074494298967483336 0.006907486114024964 0.0095521404645141552 -0.0040223560880502055 0.0019444257997576183 0.00026573717267352478 -0.0024626839794601244
leaf_weight=401 25498 16954 3754 303 458 287 72982 1679 792 8066 170 246 2572 353 9111 9969 6473 6069 14440 15545 25717 34405 197 7584 1282 738 431 3987 6523 20664
leaf_count=401 25498 16954 3754 303 458 287 72982 1679 792 8066 170 246 2572 353 9111 9969 6473 6069 14440 15545 25717 34405 197 7584 1282 738 431 3987 6523 20664
internal_value=-1.91566e-05 -9.01825e-05 -0.000611621 -0.0042357 0.00322402 -0.000448116 -0.000824597 0.00309508 0.00485113 0.000215445 0.000510294 0.00194904 0.00642154 0.0166055 0.00139631 0.00327312 0.00014426 -0.000467759 8.34803e-05 -0.000170473 0.000694863 -0.000761779 0.00191752 0.00215425 0.00168333 -0.000975227 0.00431156 -0.000785207 -0.00103932 -0.00179731
internal_weight=297650 288383 106922 4515 761 102407 76909 2758 2471 181461 127067 28894 3095 523 25799 10215 15584 54394 98173 83733 33783 49950 6266 9267 8866 74151 1169 48128 44141 27187
internal_count=297650 288383 106922 4515 761 102407 76909 2758 2471 181461 127067 28894 3095 523 25799 10215 15584 54394 98173 83733 33783 49950 6266 9267 8866 74151 1169 48128 44141 27187
is_linear=0
shrinkage=0.03


Tree=33
num_leaves=31
num_cat=0
split_feature=42 84 8 55 29 120 126 24 21 49 28 108 38 13 39 74 19 12 56 35 26 155 0 33 141 12 113 60 84 67
split_gain=56.1118 61.7083 56.2598 57.1696 50.5414 52.5717 59.8439 72.5328 62.5834 47.0545 71.7537 54.2326 47.0333 46.7698 46.1275 80.3857 52.3174 43.5548 37.3056 39.8233 46.3512 41.663 38.4164 38.0203 38.2169 36.4699 49.9878 51.4419 44.0228 35.3102
threshold=-0.10234589874744414 -0.35000000894069666 -0.17948859930038449 1.0510987639427187 -0.0034643186954781409 0.25773195922374731 0.40822948515415197 0.050488414242863662 0.8996485471725465 0.83472758531570446 -0.032709637656807893 -0.22500000149011609 -1.0000000180025095e-35 0.98663148283958446 0.043798496946692474 0.94999998807907116 0.9489811658859254 1.0070371031761172 1.0005126595497134 0.73791068792343151 0.031995838508009918 -0.0565769076347351 0.018373818136751655 0.68777036666870128 0.8848654329776765 0.9854736626148225 0.90000024437904369 0.89281019568443309 0.75000000000000011 0.41742423176765447
decision_type=8 2 10 10 8 8 10 10 10 8 10 2 10 8 10 2 8 10 10 10 10 10 10 10 10 10 10 10 2 10
left_child=1 2 3 -1 13 25 9 8 -8 10 -7 -12 -4 17 16 -16 -11 -2 -15 20 22 -22 -20 -21 -25 26 27 -6 -27 -3
right_child=4 29 12 -5 5 6 7 -9 -10 14 11 -13 -14 18 15 -17 -18 -19 19 23 21 -23 -24 24 -26 28 -28 -29 -30 -31
leaf_value=0.021126406786095044 -0.0030115738975958796 0.0033890437015336927 0.016742433544817775 0.00086873249247092362 -0.016579537895107726 -0.015517297059402413 0.010116780015177594 -0.010597803143005685 0.0022488233348203295 -0.0032783033736397704 0.020649948878075627 0.0039141578095065258 0.0049476039418408302 0.0068030282362977427 -0.0077656694840958435 0.014717039686847878 0.00017918028756313729 -0.016933430715304749 -1.4771299954198198e-05 -0.00063057331048490823 -0.0043951913533380382 -0.001303741184281467 -0.0047233513705755136 -0.00042852250984054812 0.0036670439815857038 -0.0026232284699926572 -0.0014516479027002788 0.00056012426284500038 0.0010721719324422244 -0.010159765954683476
leaf_weight=113 3932 218 468 3368 515 131 1252 284 3840 3995 184 2331 1226 586 170 459 193597 208 26297 11067 5725 13970 1647 3226 5070 6556 1180 175 5037 454
leaf_count=113 3932 218 468 3368 515 131 1252 284 3840 3995 184 2331 1226 586 170 459 193597 208 26297 11067 5725 13970 1647 3226 5070 6556 1180 175 5037 454
internal_value=-9.61464e-06 0.00289398 0.00404006 0.00172896 -6.90929e-05 0.00015552 0.000275391 0.00339645 0.00427406 0.000190035 0.00415291 0.00541017 0.00853852 -0.000761124 0.000135209 0.00812632 0.000107433 -0.00386119 -0.00056571 -0.000636644 -0.00110477 -0.00222114 -0.0003062 0.000499567 0.00204116 -0.00165625 -0.00555704 -0.0119167 -0.000992713 -0.00536002
internal_weight=297281 5847 5175 3481 291434 219706 206243 5376 5092 200867 2646 2515 1694 71728 198221 629 197592 4140 67588 67002 47639 19695 27944 19363 8296 13463 1870 690 11593 672
internal_count=297281 5847 5175 3481 291434 219706 206243 5376 5092 200867 2646 2515 1694 71728 198221 629 197592 4140 67588 67002 47639 19695 27944 19363 8296 13463 1870 690 11593 672
is_linear=0
shrinkage=0.03


Tree=34
num_leaves=31
num_cat=0
split_feature=16 25 23 94 36 40 36 18 19 109 14 41 110 113 4 77 115 4 0 92 74 36 140 1 86 1 115 2 77 37
split_gain=43.6948 44.4201 41.4709 54.2245 69.0274 40.8417 71.8662 67.226 64.6867 58.153 47.0707 45.1762 43.218 39.9092 36.4877 36.4458 35.6425 33.9912 28.5763 28.2636 28.2135 27.0933 38.9347 24.7758 25.4535 22.3233 42.287 27.0992 23.5252 20.9662
threshold=1.2346542477607729 0.012346642557531597 0.081776939332485213 0.2396473437547684 0.41406653821468359 -0.031413264572620385 0.82590049505233776 1.0247355103492739 1.0394114851951601 0.18333333730697635 0.81529909372329723 0.008049164433032276 0.36038962006568914 0.23636383563280108 0.45161013305187231 0.95833331346511852 0.27836905419826513 0.21211595088243487 -0.022911037318408486 0.16298969089984897 0.25000000745058065 0.80595400929451 0.72682881355285656 0.016885785385966304 -0.68333333730697621 0.054819600656628616 0.30555571615695959 0.42307658493518835 0.19166667014360431 0.65701410174369823
decision_type=10 10 10 8 8 10 10 10 10 2 8 10 2 10 10 2 8 10 10 10 2 10 10 10 2 10 10 10 2 10
left_child=1 23 5 4 -4 6 10 16 11 13 14 -9 -12 -8 -3 -5 20 -18 -11 -10 -7 -2 -23 29 -25 26 28 -28 -24 -1
right_child=21 2 3 15 -6 7 9 8 19 18 12 -13 -14 -15 -16 -17 17 -19 -20 -21 -22 22 25 24 -26 -27 27 -29 -30 -31
leaf_value=0.00087441962377837745 0.0005977694892428879 0 -0.0062276783930137755 -0.022848835011446817 0.021838578656315801 0.00055166514382462984 0.0037811635700719694 -0.0064610170588593214 -0.0021806806355195679 -0.0077798842039484128 0.00060236664877815437 0.0024454004779994754 -0.0053607390794186234 0.015334218672384792 0.021050875641531862 -0.0056984041844758858 7.6618849768170439e-05 -0.00067919620193063364 0.0040281195049318786 0.0033949556287048298 0.0041489576980097984 -0.0048634354868100013 -0.0055504171030893688 -0.0048044338748423144 0.00012668971668361716 0.014321219345700227 0.01904162409891445 0 0.0056611563801228747 0.0028538005604083266
leaf_weight=20120 1720 161 180 171 103 8393 610 4001 1927 269 22510 524 1124 669 157 514 108665 104372 487 1385 2659 199 299 1051 7035 410 218 101 334 6696
leaf_count=20120 1720 161 180 171 103 8393 610 4001 1927 269 22510 524 1124 669 157 514 108665 104372 487 1385 2659 199 299 1051 7035 410 218 101 334 6696
internal_value=-2.33347e-05 -6.28994e-05 -0.000199324 -0.00634258 0.00376439 -0.000174614 0.000949963 -0.000301986 -0.00303237 0.00634612 0.00047407 -0.00535742 0.000301794 0.0101982 0.0116147 -0.010932 -0.000204896 -0.000292294 0 6.72651e-05 0.00145016 0.00340735 0.00626663 0.000939957 -0.00048751 0.00815676 0.0049532 0.0135134 0 0.00138161
internal_weight=297064 293783 258881 968 283 257913 25987 231926 7837 2035 23952 4525 23634 1279 318 685 224089 213037 756 3312 11052 3281 1561 34902 8086 1362 952 319 633 26816
internal_count=297064 293783 258881 968 283 257913 25987 231926 7837 2035 23952 4525 23634 1279 318 685 224089 213037 756 3312 11052 3281 1561 34902 8086 1362 952 319 633 26816
is_linear=0
shrinkage=0.03


Tree=35
num_leaves=31
num_cat=0
split_feature=1 116 38 38 17 43 51 26 48 25 20 94 104 26 38 55 86 124 17 49 64 51 40 118 42 55 18 43 34 35
split_gain=47.1106 103.576 65.5007 55.7742 102.683 45.2532 44.182 42.6643 58.3069 55.6717 72.4192 79.4522 45.9058 42.6122 59.1747 57.688 65.8674 53.271 51.1727 50.3283 50.3174 43.5959 41.6502 41.2955 90.6358 76.329 41.07 40.3226 39.6569 37.8494
threshold=0.054819600656628616 0.3428084552288056 0.032385723665356643 -0.015619924291968344 0.73705121874809276 1.0732248425483706 0.90033835172653209 0.038474516943097122 0.91703054308891307 0.030155290849506858 0.89273595809936535 0.27151523530483251 0.21111111342906955 0.027644128538668159 -0.0010238760733045635 1.0066077709198 -0.65000000596046437 0.2602739036083222 0.7205362617969514 0.83472758531570446 0.43303571641445165 0.64709019660949718 -0.0096857757307589037 0.39506177604198461 -0.046196401119232171 0.98661470413208019 1.0054410099983218 1.04936158657074 0.62903314828872692 0.22231139987707141
decision_type=10 10 10 8 8 10 10 10 10 10 10 10 2 10 10 10 2 10 8 10 10 10 10 8 10 10 10 10 10 10
left_child=3 -2 7 4 5 -1 -6 8 28 -9 12 -12 -11 20 15 16 17 -15 22 -20 -5 -16 -17 24 -23 -25 -22 -18 -3 -4
right_child=1 2 29 13 6 -7 -8 9 -10 10 11 -13 -14 14 21 18 27 -19 19 -21 26 23 -24 25 -26 -27 -28 -29 -30 -31
leaf_value=-0.01731555021500147 0.0093395465148246974 0.012532327088346291 0.0065571609969998969 -0.00030756642711206257 0.0013333142404466953 9.4392485978291518e-05 -0.0037238004014748531 -0.0099292660576661348 -0.0058495933789130955 0.003299028088817952 0.0017776717514041559 0.010192629240663281 -0.0057760956915808492 0 0.010123145488141397 0.011131935998027398 -0.00026140737570740444 -0.013209841711703455 0.01355092407518026 0.00063228090188547541 0.0006476210326786338 -0.0096322507719666228 0 0.0085190756386767583 -0.0015639303597773579 -0.00066571881850188263 0.003462801673630834 -0.0070240701991467194 -0.0029296990556283912 -0.010714779145532575
leaf_weight=556 1450 304 102 62052 2678 131 3469 272 1332 899 2485 1829 1036 516 293 771 18605 679 256 39391 73627 1322 530 804 24591 50275 5033 817 219 622
leaf_count=556 1450 304 102 62052 2678 131 3469 272 1332 899 2485 1829 1036 516 293 771 18605 679 256 39391 73627 1322 530 804 24591 50275 5033 817 219 622
internal_value=-3.21923e-05 0.00193321 0.000702287 -0.000105769 -0.00278006 -0.0136627 -0.00147479 0.00148687 -0.0024258 0.00264977 0.00327508 0.00544514 -0.00141573 -3.91279e-05 -0.000412912 0.000277168 -0.00100945 -0.00780585 0.000932468 0.00073005 0.000327584 -0.000966437 0.00676946 -0.00101515 -0.00199423 -0.000511998 0.000832396 -0.000568247 0.00563587 -0.00776736
internal_weight=296946 10550 9100 286396 6834 687 6147 8376 1855 6521 6249 4314 1935 279562 138850 61565 20617 1195 40948 39647 140712 77285 1301 76992 25913 51079 78660 19422 523 724
internal_count=296946 10550 9100 286396 6834 687 6147 8376 1855 6521 6249 4314 1935 279562 138850 61565 20617 1195 40948 39647 140712 77285 1301 76992 25913 51079 78660 19422 523 724
is_linear=0
shrinkage=0.03


Tree=36
num_leaves=31
num_cat=0
split_feature=42 5 76 121 26 38 28 49 54 16 76 0 57 16 38 24 41 56 16 28 57 103 36 13 81 16 69 19 35 38
split_gain=45.6123 72.5062 46.9217 49.4838 41.2122 44.2179 55.4105 68.8869 58.8168 61.4417 59.079 49.8118 48.6415 98.2524 50.3148 48.4447 46.8101 45.6235 45.0182 43.7705 41.39 41.2581 42.1364 38.1996 36.6656 41.7449 36.5126 35.5279 36.7103 34.9026
threshold=-0.093140352517366395 0.0086486656218767183 0.18333333730697635 0.62664008140563976 0.019930385984480384 -0.0010238760733045635 -0.017197139561176297 0.97989293932914745 1.0291028022766116 1.1138349771499636 0.11666667088866235 -0.007829164154827593 0.84245216846466076 0.66539305448532116 0.020111739635467533 0.03266402147710324 -0.0052414364181458941 0.98444798588752758 0.66539305448532116 0.010982240084558727 0.8920835852622987 0.70833334326744091 0.45960025489330297 1.0546532869338991 0.21666666865348819 0.74123394489288341 0.34448528289794927 1.0289124846458437 0.62757551670074474 -0.001990014454349875
decision_type=10 10 2 8 10 10 8 10 10 10 2 10 10 8 10 10 10 10 8 10 10 2 10 8 2 10 10 8 10 10
left_child=1 2 3 -1 19 6 7 16 9 18 23 17 24 20 -15 -12 -6 -7 -8 -2 -14 22 -9 -10 -13 -26 27 28 -4 -28
right_child=4 -3 26 -5 5 11 8 21 10 -11 15 12 13 14 -16 -17 -18 -19 -20 -21 -22 -23 -24 -25 25 -27 29 -29 -30 -31
leaf_value=0.011733656899523864 0.00043917490204926522 0.0060021809179264486 0.011282357762397782 0.00088428358624748852 0.017346899724866756 0.0084421625741126424 -0.0090106443585321796 -0.0023842812325629886 -0.0041468002034259826 0.0040453703511649595 0.00049123608886122278 -0.00021785957930876721 0 -0.00097953435460059694 0.0022518031022759084 -0.0036109108163869894 0 0.00073858034376566618 0.00038667284145998677 0.0055247536773321065 0.019481798940658813 -0.0012194568267432856 0.013987473452268818 0.0011163863996955161 -0.018858773637310429 -0.0020117524677477298 0 -0.001694711930317259 -0.0021859630236091714 -0.013866099197512275
leaf_weight=536 71268 2891 413 1424 490 746 440 171 6845 4244 15934 489 102 102050 4458 3065 168 9032 63113 1550 285 1350 367 1403 334 291 257 3055 250 362
leaf_count=536 71268 2891 413 1424 490 746 440 171 6845 4244 15934 489 102 102050 4458 3065 168 9032 63113 1550 285 1350 367 1403 334 291 257 3055 250 362
internal_value=2.89579e-06 0.00208235 0.000221936 0.00409132 -6.24988e-05 -0.000272032 0.00019783 0.00455005 7.71558e-05 0.0005532 -0.00109589 -0.00066384 -0.000851228 -0.000782349 -0.00084107 -0.000157867 0.0128146 0.00137297 0.000314079 0.000553032 0.0138887 0.00140833 0.00834723 -0.0032147 -0.00706574 -0.0117855 -0.00146864 -0.000245101 0.00584927 -0.00811058
internal_weight=297383 9188 6297 1960 288195 215377 97590 2546 95044 67797 27247 117787 108009 106895 106508 18999 658 9778 63553 72818 387 1888 538 8248 1114 625 4337 3718 663 619
internal_count=297383 9188 6297 1960 288195 215377 97590 2546 95044 67797 27247 117787 108009 106895 106508 18999 658 9778 63553 72818 387 1888 538 8248 1114 625 4337 3718 663 619
is_linear=0
shrinkage=0.03


Tree=37
num_leaves=31
num_cat=0
split_feature=57 49 39 95 113 3 69 32 39 37 19 41 33 18 16 12 18 102 12 83 39 82 25 48 30 34 0 59 78 83
split_gain=43.5264 84.0608 51.0513 50.7733 47.8512 51.6751 75.3572 63.2241 62.2661 46.5999 44.3716 58.7367 57.1531 59.9366 48.4969 102.466 47.9534 42.572 42.0577 40.8953 40.7266 41.2819 37.4828 36.9796 36.4629 33.2843 55.6566 34.0339 44.2543 30.2542
threshold=0.84245216846466076 0.83472758531570446 0.043798496946692474 0.31161263585090643 0.36000035703182226 0.0096956091001629847 0.89855083823204052 -0.0032864348031580444 0.030938187614083294 0.60491064190864574 0.9609040915966035 0.001646710326895118 0.37278090417385107 1.0225929021835329 0.70005577802658092 0.9827217459678651 0.96470239758491527 0.54950982332229625 0.98766008019447338 -0.3000000044703483 0.026547196321189407 0.30833333730697637 0.036329464986920364 0.98811832070350658 0.0065668821334838876 0.84810954332351696 -0.025041767396032807 0.87615174055099498 0.30000000447034841 0.70000001788139354
decision_type=8 8 10 10 10 10 10 10 10 10 8 10 10 10 8 10 10 2 10 10 10 2 10 8 10 10 10 10 10 10
left_child=18 4 10 -4 -2 7 29 8 -6 -8 11 16 13 23 15 -13 -3 -16 -1 -20 22 -22 -14 -12 -15 27 -27 -21 -29 -7
right_child=1 2 3 -5 5 6 9 -9 -10 -11 12 14 20 24 17 -17 -18 -19 19 25 21 -23 -24 -25 -26 26 -28 28 -30 -31
leaf_value=-0.0092537538649104887 0.020255759599856399 0.019131302173908162 0.0014559456241026588 0.011762600640556849 0.019302946433311898 0 0 0.0024156942989823384 -0.0028276305628771132 -0.021818345063895659 -0.00069175636224354351 0.0076383366138583764 0.00028105813904209868 -0.0064039782278562073 -0.0028058751848402588 -0.020609563423806557 0.0010223447399516728 0.00071423359317126253 0.010742248053556738 -0.010904816743581172 -0.0070111165364682522 -0.00033369685268844478 0.0014773749415051747 0.00058494182534151861 0.0023065184924197344 0.016999910213615233 -0.0047544779967700623 0.014575509251729311 -0.0073569577188710815 0.014222540469057462
leaf_weight=860 168 185 1615 618 499 528 106 1104 112 191 76177 142 135500 2295 9491 325 489 4395 209 532 1264 2680 28822 27636 464 154 223 118 178 168
leaf_count=860 168 185 1615 618 499 528 106 1104 112 191 76177 142 135500 2295 9491 325 489 4395 209 532 1264 2680 28822 27636 464 154 223 118 178 168
internal_value=4.02768e-05 7.32842e-05 2.18261e-05 0.00452064 0.00515974 0.0039716 -0.00120998 0.00712405 0.0148098 -0.0135852 -1.21055e-05 -0.00159925 7.36916e-05 -0.000468529 -0.00202506 -0.0114433 0.00683327 -0.00167074 -0.00407384 -0.000629076 0.000418907 -0.00257398 0.000492871 -0.000348951 -0.00482506 -0.00298944 0.003785 -0.00644424 0.000806148 0.00388379
internal_weight=297248 294974 292098 2233 2876 2708 993 1715 611 297 289865 15027 274838 106572 14353 467 674 13886 2274 1414 168266 3944 164322 103813 2759 1205 377 828 296 696
internal_count=297248 294974 292098 2233 2876 2708 993 1715 611 297 289865 15027 274838 106572 14353 467 674 13886 2274 1414 168266 3944 164322 103813 2759 1205 377 828 296 696
is_linear=0
shrinkage=0.03


Tree=38
num_leaves=31
num_cat=0
split_feature=32 138 86 23 1 38 17 33 43 47 62 20 82 32 1 86 35 39 86 33 28 11 3 141 94 26 49 52 38 39
split_gain=40.5069 49.8065 49.2815 41.0405 39.5498 54.8245 64.5942 54.6241 50.8796 49.4557 60.8517 52.0113 42.8634 61.7258 38.5243 40.9242 57.9642 35.6268 39.1781 35.3435 34.6126 33.3785 31.366 30.7079 30.5945 33.1622 28.1679 26.6683 26.5577 25.8653
threshold=-0.0050807653460651627 0.51088941097259533 -0.58333334326744068 0.081776939332485213 0.054819600656628616 -0.017367323860526081 0.73705121874809276 0.91481935977935802 1.0732248425483706 1.1117318272590639 0.94417339563369762 0.90086334943771373 0.7916666865348817 0.0041881585493683824 0.010061930865049364 -0.81666666269302357 0.67273965477943432 0.010782370343804361 0.55000001192092907 0.92942845821380626 -0.010886394884437321 0.97095018625259411 0.015503836795687677 0.88950207829475414 0.2396473437547684 0.096811879426240935 0.89271917939186107 0.64494141936302196 0.0091999913565814512 -0.0063560600392520419
decision_type=8 8 2 10 10 8 8 10 10 10 10 10 2 8 8 2 10 10 2 10 8 10 10 10 8 10 10 10 10 10
left_child=1 21 19 4 5 6 8 9 -2 12 11 -11 13 -6 -7 16 -16 18 -8 29 -17 -1 23 -9 25 -5 -24 -26 -25 -3
right_child=3 2 -4 24 7 14 17 22 -10 10 -12 -13 -14 -15 15 20 -18 -19 -20 -21 -22 -23 26 28 27 -27 -28 -29 -30 -31
leaf_value=0.0049384714376783986 -0.017715527476774257 0.011276163853384721 0.00060250624862537793 -0.005833106855878796 -0.006329874348594831 0.00094876201480323516 -0.0048805774915264711 0 0.0026827102647075662 -0.00027619875501841304 0.00013277123947734521 0.011220976650701214 0.0066291368484547803 0.0023141170657795841 -0.0026148077339853159 0.0012947652274338689 0.0002436638298021959 0.0085174224294281304 0.0017623890053204627 -0.0029866968446719002 -0.00011911561860319313 -0.0084547824756948334 0.0092017224991694097 0.019205606666526084 -0.022551985648530188 0.012640463877726217 -0.0091834501109668044 -0.005735855547458292 0.002186898962693808 0.0045748578360616278
leaf_weight=184 425 846 4224 186 1806 33086 2443 106 108 434 2228 1156 471 1176 13610 16876 11674 242 1089 334 200091 600 130 396 114 125 130 593 163 2217
leaf_count=184 425 846 4224 186 1806 33086 2443 106 108 434 2228 1156 471 1176 13610 16876 11674 242 1089 334 200091 600 130 396 114 125 130 593 163 2217
internal_value=3.3869e-05 0.00208479 0.00285288 -2.49091e-05 -2.39312e-06 -6.37033e-05 -0.00341457 0.00204803 -0.0130923 0.00111551 0.00348331 0.00793197 -0.00142118 -0.00282834 -9.95327e-06 -0.000142198 -0.001284 -0.00190691 -0.00274954 0.00554341 -7.65019e-06 -0.00489368 0.00888198 0.0122492 -0.00597957 0.00100075 0 -0.00940584 0.0150082 0.00658421
internal_weight=297263 8405 7621 288858 287840 279644 4307 8196 533 7271 3818 1590 3453 2982 275337 242251 25284 3774 3532 3397 216967 784 925 665 1018 311 260 707 559 3063
internal_count=297263 8405 7621 288858 287840 279644 4307 8196 533 7271 3818 1590 3453 2982 275337 242251 25284 3774 3532 3397 216967 784 925 665 1018 311 260 707 559 3063
is_linear=0
shrinkage=0.03


Tree=39
num_leaves=31
num_cat=0
split_feature=33 18 75 124 10 52 16 54 28 14 116 26 11 38 11 56 11 58 21 37 79 30 13 43 26 120 5 2 8 1
split_gain=38.9416 57.7819 49.4177 52.6399 49.2837 81.3642 72.4726 53.8661 51.9708 47.5738 79.9723 49.554 48.2173 54.4219 55.4508 52.5391 47.6362 72.7946 48.3661 43.532 71.3937 50.3777 43.2518 57.3929 41.8284 52.7623 39.5605 39.1485 59.7836 39.0647
threshold=0.37278090417385107 1.0153273344039919 0.92499998211860668 -0.536584973335266 1.0185207128524782 0.89052942395210277 0.66539305448532116 1.129087030887604 0.020194031298160556 0.91366606950759899 0.57066899538040172 0.026767098344862465 0.97095018625259411 -0.00082824029959738244 0.98162475228309642 1.1054192185401919 0.96905499696731578 0.9957207739353181 0.89057293534278881 0.2690154910087586 0.25000000745058065 0.0056958436034619817 0.96904173493385326 1.035070598125458 0.036480138078331954 0.59225571155548107 0.028884865343570713 0.42307658493518835 -0.17948859930038449 0.031802173703908927
decision_type=8 10 2 10 10 10 8 10 10 8 10 10 10 10 10 10 10 10 10 10 2 10 8 10 10 10 10 10 10 10
left_child=1 9 3 -3 22 6 8 27 -6 10 29 -11 24 14 -14 -15 18 -18 -12 21 -21 -4 23 -2 -13 -26 -7 28 -8 -1
right_child=4 2 19 -5 5 26 7 -9 -10 11 16 12 13 15 -16 -17 17 -19 -20 20 -22 -23 -24 -25 25 -27 -28 -29 -30 -31
leaf_value=0.0038050131331336784 -0.00068631282808472309 0.0035167840179452128 0 -0.0049316441098139572 0.00035684807123238132 -0.00013264429301175612 0.0033692344005938411 -0.0092148647842515575 -0.020512329527754242 0.00029842028268571477 -0.011157813891754596 -0.0026397233862641861 0.006830720072545979 -0.0029203588654590391 -0.00061088978343399594 0.0014454249743621383 0.0071146107490091728 -0.0075790658548044471 0.0051786915699037119 -0.0071217508342830685 0.014364544388169606 0.025547971096884919 0.00031368490863415896 -0.008846086175378385 0.0054415339634852084 -0.0010456486766640628 0.0082141686644216713 -0.0044801528027195508 0.01072674773823314 0.018537527447993345
leaf_weight=403 34723 694 100 5699 177 19630 11606 264 176 49061 484 1601 921 20413 19791 2714 1190 370 198 442 178 126 118507 782 2827 1748 504 453 1128 377
leaf_count=403 34723 694 100 5699 177 19630 11606 264 176 49061 484 1601 921 20413 19791 2714 1190 370 198 442 178 126 118507 782 2827 1748 504 453 1128 377
internal_value=3.86022e-06 -0.000445238 -0.00303535 -0.00395963 0.000266732 0.00130151 0.00307427 0.00344807 -0.00978584 -0.000258096 0.00342774 -0.000374217 -0.00103988 -0.00139298 -0.000259243 -0.00239426 0.000379425 0.00338788 -0.00597519 0.00353286 -0.000228233 0.0142501 3.66223e-05 -0.000879356 0.00141452 0.00290388 6.93542e-05 0.00373786 0.0040603 0.0115861
internal_weight=297287 109337 7239 6393 187950 33938 13804 13451 353 102098 3022 99076 50015 43839 20712 23127 2242 1560 682 846 620 226 154012 35505 6176 4575 20134 13187 12734 780
internal_count=297287 109337 7239 6393 187950 33938 13804 13451 353 102098 3022 99076 50015 43839 20712 23127 2242 1560 682 846 620 226 154012 35505 6176 4575 20134 13187 12734 780
is_linear=0
shrinkage=0.03


Tree=40
num_leaves=31
num_cat=0
split_feature=56 49 38 122 1 13 121 50 41 26 105 17 33 84 84 26 33 13 39 64 48 3 12 109 12 13 36 62 31 9
split_gain=37.9533 90.0528 87.4135 49.6224 41.5883 65.7742 62.7469 43.689 61.8374 65.2933 44.3451 40.8272 40.2123 45.2081 40.7796 40.1097 65.2971 68.1863 59.7615 42.4162 48.9769 37.953 33.961 32.3748 31.702 40.8615 31.1742 31.1606 31.1716 26.9983
threshold=0.88972392678260814 0.83472758531570446 0.01610655710101128 0.37477788329124456 0.059044299647212035 1.1045321822166445 0.68405765295028698 0.8382653295993806 0.00093000041670165967 0.059722211211919791 0.34166666865348821 0.85365852713584911 0.92942845821380626 0.35000000894069677 0.55000001192092907 0.028726626187562946 0.24565471708774569 0.983333319425583 0.036625599488615997 0.47499999403953558 0.98128899931907665 0.013513520359992983 0.99232763051986705 0.68333333730697643 0.99182727932930004 0.93718510866165172 0.60355642437934887 0.75160905718803417 -3.0864595828461454e-05 1.0211979150772097
decision_type=8 8 10 10 10 10 8 10 10 10 2 10 10 2 2 8 8 8 8 10 10 8 10 2 10 8 10 10 10 10
left_child=11 2 3 -2 5 15 7 8 10 -10 -6 23 13 -5 -15 19 18 -18 -17 21 -21 -3 -14 -1 25 -4 -27 -9 -29 -25
right_child=1 4 24 12 6 -7 -8 27 9 -11 -12 -13 22 14 -16 16 17 -19 -20 20 -22 -23 -24 29 -26 26 -28 28 -30 -31
leaf_value=-0.0078953128342304085 0 -0.00010073754258033953 -0.018718320745710199 0.0037139763409806139 0 -0.0052071085675124513 0.010437568230983947 0.0080340880273530868 0.012542462798277847 -0.0044341906580680672 0.019741131321721034 0.0044726181674816798 0.0098202468051986642 0.025546627810835637 0.010595605928856061 -0.0016210406405797982 -0.0010455334737740293 0.00061546489013355175 0.0070797826690033733 0.00030246666119043328 0.00192447948976339 -0.004557597833304468 -0.011544205825638901 -0.0032613503810891256 0.0081459544182232602 -0.0079137518052504255 0.011054303773292681 0.0011468352472294486 -0.0043324309810841123 0.011661581881745219
leaf_weight=1441 459 66835 178 482 107 2192 762 340 280 598 344 390 109 317 689 36951 34550 62325 693 56606 24149 1752 116 347 103 188 103 2057 1603 131
leaf_count=1441 459 66835 178 482 107 2192 762 340 280 598 344 390 109 317 689 36951 34550 62325 693 56606 24149 1752 116 347 103 188 103 2057 1603 131
internal_value=1.85326e-05 4.96612e-05 0.00543927 0.00822299 -3.03462e-07 -5.36413e-05 0.0024475 0.00121415 0.00589456 0.000804464 0.014712 -0.00379446 0.0105497 0.0123249 0.0160054 -1.24249e-05 -0.000389155 1.98882e-05 -0.00144922 0.000324911 0.000791584 -0.000220253 -1.30619e-05 -0.00565811 -0.00454503 -0.00816484 0 -0.000287882 -0.00118195 0.000530087
internal_weight=297197 294888 2744 2172 292144 286053 6091 5329 1329 878 451 2309 1713 1488 1006 283861 134519 96875 37644 149342 80755 68587 225 1919 572 469 291 4000 3660 478
internal_count=297197 294888 2744 2172 292144 286053 6091 5329 1329 878 451 2309 1713 1488 1006 283861 134519 96875 37644 149342 80755 68587 225 1919 572 469 291 4000 3660 478
is_linear=0
shrinkage=0.03


Tree=41
num_leaves=31
num_cat=0
split_feature=37 48 12 1 17 56 15 31 41 13 62 28 25 15 32 29 1 44 79 33 110 51 34 59 46 53 77 141 87 10
split_gain=42.51 48.1311 59.0025 54.2365 52.9423 48.5365 44.0676 41.5775 73.2576 63.0876 50.6725 99.502 41.4956 58.5704 45.8416 62.2359 47.422 40.9458 39.8457 39.7036 43.4931 38.606 37.0762 38.4623 37.0554 45.467 38.5954 36.0431 35.3072 34.0646
threshold=0.84965670108795177 0.85579898953437816 0.98921403288841259 0.0568278655409813 1.2013480067253115 1.123501777648926 1.1499128937721255 0.0095289275050163286 0.041193794459104545 1.1168913841247561 0.68567064404487621 -0.0063334449660032979 0.048550739884376533 0.99448320269584667 0.0037643034011125569 -0.0021327770082280035 0.076539885252714171 1.0178883075714114 0.35000000894069677 0.92054742574691784 -0.15192308276891706 0.98423489928245556 0.88410863280296337 0.99099901318550121 1.0770663022994997 0.99798128008842479 0.091666668653488173 1.1638591289520266 -0.94166666269302357 1.0031958818435671
decision_type=8 8 8 10 8 8 10 10 10 10 8 10 10 8 10 10 10 10 2 10 2 10 10 8 10 10 2 10 2 10
left_child=6 -2 4 5 -3 -4 7 9 12 10 11 -1 13 -9 15 -14 -16 -13 -5 20 28 27 23 -7 26 -26 -12 -11 -8 -6
right_child=1 2 3 18 29 22 19 8 -10 21 24 17 14 -15 16 -17 -18 -19 -20 -21 -22 -23 -24 -25 25 -27 -28 -29 -30 -31
leaf_value=0.010097794591682032 -0.010370281315996266 0.0019804279061601871 0.00097441260135040211 -0.0001796931187146084 0.015145425443101018 0.0028477742542239001 -0.0032923823219191814 0.017467617976758415 -0.011203071666947964 -0.019816611235544675 -0.0007142185933738162 -0.00058294247452555809 -0.0054694935886574715 0 -0.0018597581965067987 0.010590739910587434 0.015860209640319624 -0.012048539192703196 0.013334048291605284 -0.0032016722022434226 -0.0010156510311767192 0.00052133631547111154 0.0060068483926549255 -0.0072071063765388726 -0.0025265906691206421 -0.00041258805947807337 0.00035742493812691601 -0.0043995965561547425 0.0057968726771366798 0.0035568374348937909
leaf_weight=280 295 1931 17935 246 627 373 372 417 281 284 39818 472 241 268 1783 927 126 978 501 934 1432 282 268 1615 10354 84914 124743 396 3720 503
leaf_count=280 295 1931 17935 246 627 373 372 417 281 284 39818 472 241 268 1783 927 126 978 501 934 1432 282 268 1615 10354 84914 124743 396 3720 503
internal_value=-2.38228e-05 0.00117697 0.00133992 0.000751997 0.00523308 0.00043843 -0.000131849 -0.000192288 0.00281354 -0.000239933 -0.000210243 -0.00530395 0.00399353 0.0106939 0.00234561 0.00698813 -0.00038235 -0.00857908 0.00860396 0.00230944 0.00330357 -0.00783812 -0.00366189 -0.00516158 -0.000174768 -0.000645974 9.62466e-05 -0.0116493 0.00488562 0.0103994
internal_weight=297316 24294 23999 20938 3061 20191 273022 266564 4043 262521 261559 1730 3762 685 3077 1168 1909 1450 747 6458 5524 962 2256 1988 259829 95268 164561 680 4092 1130
internal_count=297316 24294 23999 20938 3061 20191 273022 266564 4043 262521 261559 1730 3762 685 3077 1168 1909 1450 747 6458 5524 962 2256 1988 259829 95268 164561 680 4092 1130
is_linear=0
shrinkage=0.03


Tree=42
num_leaves=31
num_cat=0
split_feature=10 85 76 102 59 49 62 38 40 58 17 24 38 17 111 39 12 69 6 120 51 138 62 111 135 33 150 88 1 93
split_gain=38.2319 45.8632 49.9354 47.7786 38.7825 87.5092 72.5003 47.3117 48.7678 46.3735 95.9231 58.945 46.2769 74.5416 44.1438 42.7928 37.6777 60.6021 36.2208 34.0156 44.2811 39.91 33.5645 30.6661 26.1697 28.0867 24.6738 25.6493 22.4705 20.7575
threshold=1.0603495836257937 0.52500000596046459 0.18333333730697635 0.59824562072753917 0.87615174055099498 0.8196873962879182 0.71222731471061718 0.020111739635467533 0.065270122140645995 0.92646941542625438 0.82174527645111095 0.036025058478116996 -0.018508657813072201 0.7521457076072694 -0.18019481003284452 0.018212087452411655 1.0008535981178286 0.94642797112464916 0.071429520845413222 0.30450946092605596 0.90033835172653209 1.3767264485359194 0.80274817347526561 0.042572464793920524 0.79219895601272594 0.91173577308654796 0.4705189466476441 0.84418469667434703 0.08574418351054193 -0.30983528494834894
decision_type=10 2 2 2 8 8 10 10 10 8 8 10 8 8 2 10 10 10 10 10 10 10 10 2 10 10 10 10 10 10
left_child=4 2 -2 26 14 6 -6 9 19 10 11 -7 13 -11 -1 -14 17 -16 -12 21 -21 -9 -8 -4 25 -24 27 29 -19 -3
right_child=1 3 23 -5 5 7 22 8 -10 12 18 -13 15 -15 16 -17 -18 28 -20 20 -22 -23 24 -25 -26 -27 -28 -29 -30 -31
leaf_value=0.010925422344356775 0.010137583483550601 0.0048469184959171021 0.0011064220358384773 -0.0038562189908462425 -0.010568673507077618 0.025646485736541658 0.021623767325251647 -0.010810974605616704 -0.0096603660445287835 -0.01307140354156844 -0.0063163935518797398 0.0056526519791527691 5.3663438088758627e-05 -0.0014598450874761454 -0.01242508529510424 -0.0012923818558657628 0.0014133451919459887 0.00012196197069679814 0.0036667464177083144 0.0081012529651588953 0.0016094854234975462 0.0077377463398235185 0.013907235008301627 -0.0086746671444816372 -0.0016576650166256434 -0.00089410399597498677 0.0011998442945520529 0.00065144589801957782 -0.0095372689020787847 0.0267153337928146
leaf_weight=150 368 103 740 138 124 231 240 273 230 587 514 431 257594 3327 874 23126 656 953 820 1796 2304 127 418 411 164 104 158 101 241 227
leaf_count=150 368 103 740 138 124 231 240 273 230 587 514 431 257594 3327 874 23126 656 953 820 1796 2304 127 418 411 164 104 158 101 241 227
internal_value=6.77103e-06 0.00388943 0.000672828 0.0100107 -2.20069e-05 1.11723e-05 0.0085755 -1.92487e-05 0.00294885 -6.94775e-05 0.00446117 0.0136167 -0.000102614 -0.00333514 -0.00347818 -5.62407e-05 -0.00445451 -0.00645526 0 0.00369959 0.00455153 -0.00411944 0.0116254 -0.00221853 0.00718908 0.0104806 0.0137722 0.0174583 -0.00170557 0.0214139
internal_weight=297530 2246 1519 727 295284 292410 1050 291360 4730 286630 1996 662 284634 3914 2874 280720 2724 2068 1334 4500 4100 400 926 1151 686 522 589 431 1194 330
internal_count=297530 2246 1519 727 295284 292410 1050 291360 4730 286630 1996 662 284634 3914 2874 280720 2724 2068 1334 4500 4100 400 926 1151 686 522 589 431 1194 330
is_linear=0
shrinkage=0.03


Tree=43
num_leaves=31
num_cat=0
split_feature=25 32 138 137 73 51 34 51 35 13 59 38 67 15 21 33 39 85 3 54 96 42 33 37 39 16 37 35 49 38
split_gain=37.0657 36.2779 42.5095 36.0218 38.7663 51.0113 36.9033 36.6452 34.1595 77.4777 69.2418 57.6829 57.0358 55.2398 56.4641 54.2405 54.5877 52.9977 48.8229 92.6492 45.7505 40.5447 39.2163 38.5358 37.3842 57.5165 53.8932 36.3139 36.2778 30.2374
threshold=0.01260923780500889 -0.0048612528480589381 0.51088941097259533 1.0031197667121889 0.90000000596046459 0.93568804860115062 0.92596071958541881 0.78673869371414196 0.47179159522056585 0.9665297567844392 0.96877270936965953 0.012470213230699303 0.058578431606292732 0.71070930361747753 0.9162404239177705 0.66007331013679515 -0.040918018668889992 0.17500000447034839 0.01833179593086243 0.99289122223854076 0.042739650234580047 0.071222249418497099 0.96196985244750988 0.84965670108795177 0.0076275058090686807 0.76895850896835338 0.24600020796060565 0.6118324100971223 0.99013158679008495 -0.0096942670643329603
decision_type=10 10 8 10 10 10 10 10 10 8 10 10 10 8 10 8 10 2 10 10 10 10 10 10 10 8 10 10 10 10
left_child=-1 2 -2 4 5 7 -7 -4 12 11 18 24 20 -14 17 28 -17 -15 21 -20 22 -11 -3 -16 26 -26 -10 -13 -12 -6
right_child=1 8 3 -5 29 6 -8 -9 9 10 15 27 13 14 23 16 -18 -19 19 -21 -22 -23 -24 -25 25 -27 -28 -29 -30 -31
leaf_value=0.00089112672547631011 -0.0044452166285924612 -0.001483248536358517 -0.0026286185473405024 -0.00045226432378137814 0.009516347143681176 0.0011521896656598821 0.016536290123297548 0.010631660442908811 0.00063334944962339013 0.0028369564689503302 -0.00063184894597706509 -1.3313665810043917e-06 -0.013099013785557711 0.011628793560140856 -0.00057091435884147829 0.0087239188867044033 0.00096029185471813107 0.0015255814246016965 -0.0063716982854008352 0.015143246306909556 -0.0046630759540493352 -0.0012577443676546397 0.0075155009789036192 0.0018271896842869144 0.0067505523723294276 -0.00047594609216355732 -0.0038562108089244792 -0.0090790840521832884 0.0013502939652424481 -0.0020747792164028007
leaf_weight=37419 855 4938 165 2540 217 2324 136 1575 3628 10120 54337 648 286 604 99552 829 32109 2304 212 641 5218 2645 452 6350 1112 7642 6543 1373 9721 1324
leaf_count=37419 855 4938 165 2540 217 2324 136 1575 3628 10120 54337 648 286 604 99552 829 32109 2304 212 641 5218 2645 452 6350 1112 7642 6543 1373 9721 1324
internal_value=7.55697e-06 -0.000118317 0.00173341 0.00241666 0.0037352 0.0052255 0.00225016 0.00918818 -0.000186973 0.000144877 0.000463817 -0.00152394 -0.000554159 -0.000346552 -0.000307875 0.000179018 0.00116997 0.0037916 0.0024671 0.00942893 -0.00265636 0.0019644 -0.000648176 -0.000423971 -0.000987222 0.000421122 -0.00222724 -0.00634398 -0.000326043 -0.000149346
internal_weight=297819 260400 9136 8281 5741 4200 2460 1740 251264 131560 110614 20946 119704 109096 108810 96996 32938 2908 13618 853 10608 12765 5390 105902 18925 8754 10171 2021 64058 1541
internal_count=297819 260400 9136 8281 5741 4200 2460 1740 251264 131560 110614 20946 119704 109096 108810 96996 32938 2908 13618 853 10608 12765 5390 105902 18925 8754 10171 2021 64058 1541
is_linear=0
shrinkage=0.03


Tree=44
num_leaves=31
num_cat=0
split_feature=120 121 24 51 35 41 1 29 22 86 49 10 26 1 23 102 138 38 26 79 52 52 5 12 5 23 118 60 44 61
split_gain=39.0406 58.8142 42.7429 53.3854 39.6372 46.5252 59.0761 46.4748 83.6206 50.4576 45.1728 64.8195 42.0475 38.6714 47.2964 40.4941 39.2432 37.6596 37.6505 62.2082 228.627 50.408 34.9225 34.5975 37.2603 34.3603 33.887 40.8158 33.1678 29.1898
threshold=0.25773195922374731 0.29397556185722357 0.050488414242863662 0.64709019660949718 0.72803157567977916 -0.028467565774917599 0.01376931741833687 -0.00019778237765422088 1.0942281484603884 -0.516666680574417 0.87654918432235729 1.0189394354820254 0.023442941717803482 0.059044299647212035 0.026201304048299793 0.47871376574039465 0.68097153306007396 0.01113310130313039 0.029906131327152256 0.94999998807907116 0.65631070733070385 0.63099291920661937 0.0054249779786914596 0.9854736626148225 0.013592263218015434 0.041343038901686675 0.084745746105909361 0.89281019568443309 1.0265098810195925 1.0618967413902285
decision_type=8 8 10 10 8 8 10 10 10 2 10 8 10 10 10 2 10 10 8 2 8 10 10 10 10 10 10 10 8 10
left_child=23 2 3 28 7 13 -7 18 10 17 11 -9 -12 14 22 -15 -16 -10 -3 21 -21 -20 -6 26 25 -25 -1 -28 -2 -8
right_child=1 4 -4 -5 5 6 29 8 9 -11 12 -13 -14 15 16 -17 -18 -19 19 20 -22 -23 -24 24 -26 -27 27 -29 -30 -31
leaf_value=-0.0017686036766179983 0.025386524931279689 -0.00019208255108076684 -0.008085490729792106 0.0030237212639146367 0.0015590943543947215 0.0019909698317055061 -0.00047735137858168704 0.00026799711687670679 0.0084591220620932155 -0.00047489059259130475 0.00058329956036850465 0.0071538651171728189 -0.00064371587095040598 0.014716308198004291 -0.0079974591058790852 0.00019736704127002163 0.00086666785041613725 -0.0028067593416435353 -0.010162590614077404 0.024435211790219079 -0.00034736600456263667 -0.0019316897091260046 0.0070488220285209414 -0.0012854465170039383 0.0032127012746938455 -0.010529624443467717 -0.014319586661211022 0.00043542423737373678 0.00025000108790791724 0.0054228311655101051
leaf_weight=1134 149 67986 251 4609 2953 13679 33402 3679 2174 1037 46501 1907 54512 464 602 337 1452 251 687 322 16041 28533 1790 9774 1579 369 562 182 101 746
leaf_count=1134 149 67986 251 4609 2953 13679 33402 3679 2174 1037 46501 1907 54512 464 602 337 1452 251 687 322 16041 28533 1790 9774 1579 369 562 182 101 746
internal_value=-5.59684e-05 1.8189e-05 0.00320199 0.00387731 -3.92625e-05 0.000677467 0.000323409 -0.000218285 0.000218985 0.00479515 6.66803e-05 0.00268941 -7.58904e-05 0.00286007 0.00205294 0.00912686 -0.00163871 0.00715693 -0.000644653 -0.00131269 0.000151242 -0.00214229 0.00371479 -0.00162523 -0.000983527 -0.00167133 -0.00541992 -0.0104006 0.0171132 -0.000336577
internal_weight=297765 284165 5110 4859 279055 55425 47827 223630 110061 3462 106599 5586 101013 7598 6797 801 2054 2425 113569 45583 16363 29220 4743 13600 11722 10143 1878 744 250 34148
internal_count=297765 284165 5110 4859 279055 55425 47827 223630 110061 3462 106599 5586 101013 7598 6797 801 2054 2425 113569 45583 16363 29220 4743 13600 11722 10143 1878 744 250 34148
is_linear=0
shrinkage=0.03


Tree=45
num_leaves=31
num_cat=0
split_feature=31 20 33 26 11 14 150 39 71 12 58 124 32 34 17 25 38 139 1 24 56 53 52 82 82 80 14 17 114 28
split_gain=37.6174 33.7049 32.2564 56.6275 51.0338 50.5805 41.0282 38.6735 119.665 56.3001 43.4188 87.5763 40.2717 39.5555 42.0187 58.1513 51.2183 50.0353 44.8765 39.9439 36.6155 59.9359 74.0278 47.7863 49.4927 36.6015 36.3239 60.6823 35.3201 35.1234
threshold=-0.0082896822132170183 1.0020340085029604 0.25649750232696539 0.026767098344862465 0.97095018625259411 0.88866290450096141 0.41589450836181646 -0.015951267443597313 0.57352975010871898 0.98999264836311351 0.97540575265884411 0.46666774153709417 0.0019420430762693288 0.16731853783130649 1.0777095556259157 0.037820866331458099 -0.017367323860526081 1.2033671736717226 0.022676395252346996 0.11145476624369623 0.98656806349754345 0.99343344569206249 0.86633867025375377 0.39166666567325598 0.10833333432674409 0.12500000372529033 1.1071546077728274 1.0860862731933596 0.25242714583873754 -0.0033519456628710027
decision_type=8 10 8 10 10 8 10 8 10 10 10 10 10 10 10 10 8 10 10 10 8 10 10 2 2 2 10 8 10 8
left_child=1 -1 3 29 6 -6 -5 8 12 -10 -11 -12 26 20 16 18 17 -15 -16 -18 23 22 -22 24 -9 -17 27 -4 -7 -2
right_child=2 -3 7 4 5 28 -8 13 9 10 11 -13 -14 14 15 25 19 -19 -20 -21 21 -23 -24 -25 -26 -27 -28 -29 -30 -31
leaf_value=-0.0049627215412114088 -0.0051043268098821684 0.0034769385204240521 -0.0023305104377959085 -0.0056097223359559256 0.0051233206920017942 0.0011101177164849077 0.0024481371026076632 0.0052538133238124408 -0.007940552660781806 -0.0030576588569128159 0.0037358114557026986 0.012400935469569439 0.0025146061188215307 -0.014362488691327406 -0.0011090303454120484 0.011349755914900903 0.00012895480248074768 0.00050279111671261488 -0.0039988698199430331 -0.015560281934529184 -0.0073330669562796068 0.00099593236620418367 -1.8198734932780829e-05 0.0071731040365411898 -0.0042908507344956029 0.00056296294060625344 -0.0053518049289779015 0.0015625219016302725 -0.0021146938726689761 0.0004371473225326405
leaf_weight=427 1032 4338 6891 610 924 3212 4696 925 293 536 6038 1324 4270 417 18992 279 101672 310 6726 126 1778 34510 4322 1770 986 8013 1400 7459 34763 38295
leaf_count=427 1032 4338 6891 610 924 3212 4696 925 293 536 6038 1324 4270 417 18992 279 101672 310 6726 126 1778 34510 4322 1770 986 8013 1400 7459 34763 38295
internal_value=9.23737e-07 0.00264037 -4.12165e-05 -0.000540265 -0.00127801 -0.00165809 0.00144786 0.000156803 0.00118951 0.00423979 0.00474846 0.00536418 -4.65049e-05 -2.76607e-06 -0.000257142 -0.00117089 4.3214e-05 -0.00777843 -0.00187898 0.000103536 0.000774385 0.000505185 -0.00221632 0.00364445 0.000180351 0.000988433 -0.000762183 -0.000286712 -0.0018336 0.000281586
internal_weight=297334 4765 292569 83532 44205 38899 5306 209037 28211 8191 7898 7362 20020 180826 136535 34010 102525 727 25718 101798 44291 40610 6100 3681 1911 8292 15750 14350 37975 39327
internal_count=297334 4765 292569 83532 44205 38899 5306 209037 28211 8191 7898 7362 20020 180826 136535 34010 102525 727 25718 101798 44291 40610 6100 3681 1911 8292 15750 14350 37975 39327
is_linear=0
shrinkage=0.03


Tree=46
num_leaves=31
num_cat=0
split_feature=26 16 29 101 138 18 46 23 130 34 29 114 113 86 16 30 58 61 51 81 4 41 3 110 38 15 26 29 19 42
split_gain=40.4164 69.2843 82.2907 66.4273 61.0612 58.0942 53.5952 48.0556 46.2827 46.2526 40.9013 40.4684 38.3661 37.2144 43.1701 74.5833 75.8413 49.7487 45.3638 64.3397 88.2581 45.8126 42.3164 51.0931 42.0446 41.5809 38.6151 37.0424 36.9073 39.2274
threshold=0.10718328878283502 0.74123394489288341 0.011732011567801239 0.36181819438934332 0.89399051666259777 0.94255927205085765 1.1099014878273012 0.027440508827567104 0.76686838269233715 0.28161717951297766 -0.001079554494936019 0.68484830856323253 0.88888993859291088 0.81666666269302379 0.93408358097076427 -0.0013409228413365779 1.0042487978935244 0.81416076421737682 0.83158236742019664 0.61666667461395275 0.40000240504741674 0.026442881673574451 0.017735074274241928 0.29705883562564855 -0.0016666601877659557 0.97963649034500133 0.040759216994047172 0.006192190572619439 0.95101419091224682 -0.00032921963429544116
decision_type=10 8 10 2 8 10 10 10 10 10 10 10 10 2 8 8 10 10 8 2 10 10 10 2 10 8 10 10 8 8
left_child=1 2 7 -2 6 -6 27 -1 -9 10 -7 -11 -4 14 15 25 17 -17 19 21 -21 -16 -15 24 26 -3 -24 -5 -20 -30
right_child=3 13 12 4 5 9 -8 8 -10 11 -12 -13 -14 22 18 16 -18 -19 28 20 -22 -23 23 -25 -26 -27 -28 -29 29 -31
leaf_value=-0.0036567008280186625 0.016492750455292353 8.9134082848427707e-05 -0.01533595924243524 0.0029582853108797579 -0.019033490181542358 -0.0032466197255219117 0.0027365076218143019 -0.0022124517491678621 0.017432133807386788 -0.0071182987036403304 0.008420565425404293 0.0045723837220155942 -0.0033475369753813047 0.00088053924691639104 0.0046573233622323436 0.002507062586493464 0.0028810437795418974 -0.001640389123417448 -0.0036387462864368668 0.014623356508236251 -0.0040120088153685939 -0.0027331010935869671 0.0010608710499503944 -0.0003683457890403384 0 -0.0081906595075001577 0.022598281080322063 0.022663285430694714 -0.00029072494571463965 0.00051066881494634243
leaf_weight=759 281 661 684 199 136 361 1589 144 223 965 740 317 500 19003 1442 2812 4612 26795 2466 785 278 1503 138 453 228 1917 318 237 134006 93078
leaf_count=759 281 661 684 199 136 361 1589 144 223 965 740 317 500 19003 1442 2812 4612 26795 2466 785 278 1503 138 453 228 1917 318 237 134006 93078
internal_value=0 -4.58637e-05 -0.00519856 0.00271672 0.00173054 -0.00129074 0.00561143 0.000370503 0.00923299 -3.3139e-06 0.00433779 -0.0039713 -0.0106622 -3.50207e-06 -9.72439e-05 -0.00105241 -0.000670056 -0.00123492 5.20355e-05 0.00320822 0.00948866 0.000791398 0.00123883 0.0068491 0.0119299 -0.0059679 0.0170291 0.0148516 -2.04025e-06 3.64483e-05
internal_weight=297630 292805 2310 4825 4544 2519 2025 1126 367 2383 1101 1282 1184 290495 270355 36797 34219 29607 233558 4008 1063 2945 20140 1137 684 2578 456 436 229550 227084
internal_count=297630 292805 2310 4825 4544 2519 2025 1126 367 2383 1101 1282 1184 290495 270355 36797 34219 29607 233558 4008 1063 2945 20140 1137 684 2578 456 436 229550 227084
is_linear=0
shrinkage=0.03


Tree=47
num_leaves=31
num_cat=0
split_feature=26 101 16 15 25 120 12 79 82 114 125 139 23 83 38 11 46 13 76 26 24 2 136 39 29 12 22 13 113 1
split_gain=41.3916 98.6689 68.5288 66.2878 60.9107 66.4281 52.9606 67.8267 57.8231 44.2025 42.9474 42.9052 37.689 35.985 35.747 61.1531 46.3436 75.2436 59.0202 46.2619 52.0846 57.4091 45.6302 44.6305 42.8117 38.0019 36.7078 35.6424 33.7554 37.8303
threshold=0.10718328878283502 0.36181819438934332 0.74123394489288341 0.86270305514335643 0.070169817656278624 0.49006612598896032 0.98727735877037059 0.15000000223517421 0.25833334028720861 0.63829788565635692 0.33173666894435888 1.4277012348175051 0.033715052530169494 0.70000001788139354 -0.0010238760733045635 0.97095018625259411 1.0740185976028445 0.98294728994369518 0.15000000596046451 0.069804321974515929 0.027227651327848438 -0.90909329056739796 0.57941663265228283 0.032399853691458709 -0.007245659362524747 1.0057555437088015 0.98294979333877575 0.93260475993156444 0.81818112730979931 0.025287375785410408
decision_type=10 2 8 10 10 10 10 2 2 10 10 10 10 10 10 8 10 8 2 10 10 10 10 10 10 10 8 10 10 10
left_child=2 -2 3 13 5 28 9 8 -8 -6 -10 -9 27 -1 15 22 -16 18 -18 20 26 -22 -4 25 -20 -19 -17 -5 29 -3
right_child=1 4 14 12 6 -7 7 11 10 -11 -12 -13 -14 -15 16 19 17 23 24 -21 21 -23 -24 -25 -26 -27 -28 -29 -30 -31
leaf_value=-0.01240577224345033 0.019440512714612453 3.6305479903239759e-05 0.0084155645370120168 0.0099409940215791082 -0.0011944524587332063 -0.0010408653709817225 -0.0062296798639511182 0.00090352840560922135 0.0030390540504164685 -0.018888831603788323 0.019102895305901701 -0.0087727897742339075 0.014851667779766342 -0.0024696841040111853 0.0001218421202934579 0.0012663942492107106 -0.00091559136324400486 -0.00091815576173986707 0.0052083732657594965 0.0027370602995553162 -0.0066868152999311429 -0.00074101772084501298 -0.0024813682593734345 0.0043471660137205546 -0.0067113537930830252 0.0018045653481561829 4.2665493370338716e-05 -0.0057806843935314569 0 0.021016602355635145
leaf_weight=936 283 130 1403 154 381 424 162 1402 345 211 365 540 143 650 96660 32743 4285 48299 247 6642 1596 18055 396 1622 4163 5017 69214 447 142 409
leaf_count=936 283 130 1403 154 381 424 162 1402 345 211 365 540 143 650 96660 32743 4285 48299 247 6642 1596 18055 396 1622 4163 5017 69214 447 142 409
internal_value=1.35416e-05 0.00277343 -3.08271e-05 -0.00513346 0.0015804 0.00764531 -0.0003328 0.00130632 0.00821756 -0.00840244 0.0120053 -0.0016962 0.00189918 -0.00860187 9.43917e-06 0.000379971 -0.000289319 -0.000918438 -0.00351401 0.000299987 0.000163984 -0.00124548 0.00585107 -0.00050105 -0.00595552 -0.000655744 0.000438773 -0.00107866 0.0133568 0.0166754
internal_weight=297466 4794 292672 2330 4511 1105 3406 2814 872 592 710 1942 744 1586 290342 130049 160293 63633 8695 128250 121608 19651 1799 54938 4410 53316 101957 601 681 539
internal_count=297466 4794 292672 2330 4511 1105 3406 2814 872 592 710 1942 744 1586 290342 130049 160293 63633 8695 128250 121608 19651 1799 54938 4410 53316 101957 601 681 539
is_linear=0
shrinkage=0.03


Tree=48
num_leaves=31
num_cat=0
split_feature=42 84 13 4 87 109 29 22 3 50 20 42 78 23 60 104 16 26 13 36 30 42 54 139 49 57 46 114 62 69
split_gain=44.8854 49.9605 56.1104 44.6789 40.1657 35.0277 33.2317 65.5291 64.5466 54.5057 54.0965 68.6571 53.33 72.1402 51.1481 49.9406 59.1702 47.4223 60.0683 77.1675 60.8414 42.6142 39.9143 37.7276 36.4761 54.7956 42.7694 35.512 32.0293 31.5926
threshold=-0.10234589874744414 -0.35000000894069666 1.0413809418678286 0.32353186607360845 0.80833333730697643 -1.0000000180025095e-35 -0.0011779901687987147 1.0942281484603884 0.016261931508779529 0.69031959772109996 0.9127485752105714 0.067252509295940413 0.5000000149011613 0.015643732622265819 1.0179926156997683 0.43650794029235845 0.85216179490089428 0.029906131327152256 0.9893455207347871 0.38152875006198889 -0.0052463221363723269 -0.0013626196305267511 0.96055203676223766 1.1766701340675356 0.96518424153327953 0.95769089460372936 1.0067114233970644 0.55652177333831798 0.90233081579208385 0.40000003576278692
decision_type=8 2 10 10 2 2 8 10 10 8 10 10 10 10 10 2 10 10 8 10 10 10 10 10 8 8 10 10 10 10
left_child=1 2 3 5 -4 -1 10 8 9 23 29 17 15 -14 27 22 -17 -12 19 -19 -20 -15 -10 -8 26 -26 -11 -9 -3 -2
right_child=6 28 4 -5 -6 -7 7 14 12 24 11 -13 13 21 -16 16 -18 18 20 -21 -22 -23 -24 -25 25 -27 -28 -29 -30 -31
leaf_value=0.014369372269352866 -6.0778501551618894e-05 -0.0092809993396987239 0.0024108756904183833 7.8402189572719202e-05 -0.0096053937773358349 0 0 0.0061709561491305309 -0.0083837911947763216 0.0010546649105643306 9.3752590520360102e-05 0.0089618047536859473 0.00038474611101388764 0.0019355373095142243 -0.009235445168781645 0.012470756749638505 0.00050417274870237429 -0.0097883390005035296 0.00085208684755448542 -0.001972493986604928 -0.0014341103119316384 0.014110600386900466 0.00029135770850746354 -0.014478452799206327 0.015825454994895117 0.00052807415597808419 -0.00063592529074381473 0 0.0031961072525330658 -0.019874874636235579
leaf_weight=866 161 465 3426 475 243 208 241 3175 532 16084 64308 678 1152 437 225 621 1025 1487 15041 5372 33538 1008 3140 376 193 61722 79617 1145 241 185
leaf_count=866 161 465 3426 475 243 208 241 3175 532 16084 64308 678 1152 437 225 621 1025 1487 15041 5372 33538 1008 3140 376 193 61722 79617 1145 241 185
internal_value=-1.69813e-06 0.00257803 0.0036256 0.0084189 0.00148595 0.0117646 -5.53338e-05 0.000212928 0.000113625 -1.68956e-05 -0.000436943 -0.000399298 0.0027542 0.00628245 0.00376095 0.000957934 0.00529449 -0.000456293 -0.00109956 -0.00373408 -0.000720027 0.0107101 -0.00092285 -0.00877567 1.65972e-05 0.000585698 -0.000348501 0.00454641 -0.00463788 -0.0119818
internal_weight=297387 5924 5218 1549 3669 1074 291463 170693 166148 158233 120770 120424 7915 2597 4545 5318 1646 119746 55438 6859 48579 1445 3672 617 157616 61915 95701 4320 706 346
internal_count=297387 5924 5218 1549 3669 1074 291463 170693 166148 158233 120770 120424 7915 2597 4545 5318 1646 119746 55438 6859 48579 1445 3672 617 157616 61915 95701 4320 706 346
is_linear=0
shrinkage=0.03


Tree=49
num_leaves=31
num_cat=0
split_feature=40 71 1 18 45 85 46 29 81 86 31 12 25 11 15 21 15 13 82 79 41 41 141 2 43 75 13 4 43 139
split_gain=36.4682 75.1168 48.452 44.4463 60.3181 44.2695 37.9869 50.9093 41.975 50.8903 40.1874 58.9423 54.3474 43.0255 44.3554 42.9814 83.5242 86.91 39.6104 38.1232 38.0619 49.7647 37.5181 37.5424 69.5036 47.2245 40.2525 37.4954 37.1909 45.0406
threshold=-0.030142763629555699 0.6344086527824403 0.054819600656628616 1.0247355103492739 1.1167440414428713 -0.72499999403953541 1.0094550251960757 0.0065882864873856315 0.28333334624767309 0.15000000596046451 0.0034387316554784779 1.0216295719146731 0.04106466285884381 0.99016445875167858 1.1499128937721255 0.9162404239177705 0.86270305514335643 0.96720004081726085 0.82499998807907116 0.35000000894069677 -0.047332448884844773 -0.063157349824905382 0.84938558936119091 -0.63636356592178334 1.0633724331855776 0.17500000447034839 1.031250059604645 0.51723936200141918 1.0875406265258791 1.1517100334167483
decision_type=10 10 10 10 10 2 10 10 2 2 10 10 10 10 10 10 10 10 2 2 10 10 8 10 10 2 8 10 10 10
left_child=1 2 -1 6 -5 -4 7 -2 -9 18 11 13 -13 14 -8 16 17 -12 -10 -18 21 -17 -6 24 -24 -26 -25 -22 -3 -30
right_child=3 28 5 4 22 -7 10 8 9 -11 15 12 -14 -15 -16 20 19 -19 -20 -21 27 -23 23 26 25 -27 -28 -29 29 -31
leaf_value=-0.00024381003543156351 0.0019134259310341346 0.0031624176512000551 0.010445417549688812 -0.0051832360772694052 -0.0054785626708818407 0.0014803090664821125 -0.00073943733615103259 0.00094421716509522906 -0.0024548969740558384 -0.0048652939268108639 -0.0041242803862968046 0 0.019110487585396525 0.00028189378097681883 0.0032747272600975718 0 0.0018552716228409513 0.0038163879296667954 0.016424868504909682 0.0097147087466196089 -0.0010179941240460834 -0.010945334413066441 -0.0036851096951126309 -0.010158756403240512 0.0032802960860189674 0.016074755443362388 0.00065924389704436468 -0.0052591568022719859 0.017200762525400412 -0.0019808734579473955
leaf_weight=21486 18220 5766 704 3590 858 1947 76153 4114 152 2952 3881 281 258 130098 2517 606 1637 1768 172 945 12346 946 573 369 759 465 1317 2275 358 113
leaf_count=21486 18220 5766 704 3590 858 1947 76153 4114 152 2952 3881 281 258 130098 2517 606 1637 1768 172 945 12346 946 573 369 759 465 1317 2275 358 113
internal_value=3.58918e-06 0.000989243 0.000216536 -0.000107377 -0.0023174 0.00403379 -3.84555e-05 0.00105642 -0.00101551 -0.00355835 -0.000159795 -2.39549e-05 0.00970181 -5.14288e-05 -0.000606394 -0.0013116 0.000422223 -0.00158143 0.00706783 0.00489965 -0.00221197 -0.00671763 0 0.00145475 0.00449441 0.00856239 -0.00162388 -0.00170468 0.0039214 0.0120946
internal_weight=297626 30374 24137 267252 7931 2651 259321 25610 7390 3276 233711 209307 539 208768 78670 24404 8231 5649 324 2582 16173 1552 4341 3483 1797 1224 1686 14621 6237 471
internal_count=297626 30374 24137 267252 7931 2651 259321 25610 7390 3276 233711 209307 539 208768 78670 24404 8231 5649 324 2582 16173 1552 4341 3483 1797 1224 1686 14621 6237 471
is_linear=0
shrinkage=0.03


Tree=50
num_leaves=31
num_cat=0
split_feature=61 34 52 33 15 26 73 71 11 86 1 48 122 52 76 117 40 71 18 28 79 52 67 16 33 14 15 29 115 84
split_gain=41.5406 58.246 44.2294 40.7339 41.9347 39.6617 44.1021 40.2454 38.8516 37.7616 65.7181 66.9662 42.6073 36.0645 35.183 34.2378 33.3348 65.3564 57.8291 53.2258 48.7986 54.7588 38.7595 38.2732 65.4572 47.6803 37.6786 34.0619 29.422 29.3302
threshold=1.0581257939338686 0.93758702278137218 0.97600004076957714 0.89755317568779003 1.1376662254333498 0.048506435006856925 0.5000000149011613 0.026548638008534912 0.92475160956382763 -0.81666666269302357 0.017890472896397117 0.95758214592933666 0.64643797278404247 0.8528352975845338 0.11666667088866235 0.40233352780342108 -0.029534909874200817 0.62500020861625682 1.0235985517501833 -0.016411625780165192 0.84999999403953563 0.67603021860122692 0.36700680851936346 0.88524588942527782 0.93533414602279674 0.88866290450096141 1.0864265561103823 -0.001328359358012676 0.29302012920379644 -0.45000000298023218
decision_type=10 10 10 10 8 10 10 10 8 2 10 10 10 10 2 10 8 10 10 10 2 10 10 8 10 8 8 10 10 2
left_child=8 2 28 5 -5 -4 7 -7 -1 10 -10 13 14 -12 -13 -6 17 20 23 -19 27 -22 -21 24 -18 -25 -20 -11 -2 -14
right_child=1 -3 3 4 15 6 -8 -9 9 16 11 12 29 -15 -16 -17 18 19 26 22 21 -23 -24 25 -26 -27 -28 -29 -30 -31
leaf_value=-0.0061354229756705771 0.0080717752743302649 0.010447075984655904 -0.0021077647683200211 0.0011343627907966457 -0.010568018004353892 0.012279688430322419 -0.0073262920889111465 0.0017106992599126734 0.00054552258290073332 -0.0045894296352826953 -0.0085254811404350522 -0.0050069790514038091 0 0.002138778249698426 -0.00029381664764728424 0.00026415947790008894 -0.0016265489212703907 0.014483067794860107 -0.0049404870743687572 0.013065648031169004 0.012232633409745865 0.00086628043880960647 0.0022815572895609421 0.004788632862700897 0.0044157929762869974 0.0001128449693978767 0 0 0.001385019527972904 0.01475409857202869
leaf_weight=926 1129 680 1207 809 833 656 193 788 11698 2620 286 8413 1073 3201 1884 302 20619 380 3509 314 381 11548 5933 1966 1709 207135 2257 3270 1522 116
leaf_count=926 1129 680 1207 809 833 656 193 788 11698 2620 286 8413 1073 3201 1884 302 20619 380 3509 314 381 11548 5933 1966 1709 207135 2257 3270 1522 116
internal_value=-2.97428e-06 0.00210967 0.00128136 -0.000385293 -0.00376226 0.00182842 0.00490212 0.0068192 -6.34559e-05 -4.24892e-05 -0.00111803 -0.00243672 -0.00354719 0.00113493 -0.00417595 -0.00747139 6.60791e-05 0.00112084 -4.14486e-05 0.00366169 0.000156022 0.00127428 0.00291145 3.13295e-05 -0.0011471 0.000158696 -0.00300439 -0.00205468 0.00438419 0.00162888
internal_weight=297357 8119 7439 4788 1944 2844 1637 1444 289238 288312 26671 14973 11486 3487 10297 1135 261641 24446 237195 6627 17819 11929 6247 231429 22328 209101 5766 5890 2651 1189
internal_count=297357 8119 7439 4788 1944 2844 1637 1444 289238 288312 26671 14973 11486 3487 10297 1135 261641 24446 237195 6627 17819 11929 6247 231429 22328 209101 5766 5890 2651 1189
is_linear=0
shrinkage=0.03


end of trees

feature_importances:
RESI5=59
STD30=50
KLEN=48
ROC30=48
RSQR5=39
STD20=35
ROC5=28
BETA10=28
VWAP0=27
RESI10=27
RSQR20=26
IMXD30=26
HIGH0=25
ROC60=25
STD5=25
MIN10=25
BETA60=23
RSQR30=23
ROC20=21
QTLU60=21
RSQR10=20
RESI30=20
LOW0=19
MA5=19
IMIN60=19
BETA20=18
RESI60=18
MIN30=18
QTLD60=18
RSQR60=17
RESI20=17
MIN20=17
MIN60=17
ROC10=16
MA60=16
SUMP5=16
MAX30=15
QTLU5=15
STD10=14
BETA5=14
WVMA20=14
QTLD30=13
IMXD10=13
WVMA5=13
KLOW=12
BETA30=12
IMAX10=12
IMIN10=12
IMIN30=12
SUMP20=12
KUP=11
KSFT=11
MAX5=11
QTLD20=11
IMAX60=11
IMIN5=11
MIN5=10
MA20=9
MA30=9
STD60=9
QTLU30=9
IMXD60=9
WVMA10=9
KUP2=8
KLOW2=8
MA10=8
QTLU10=8
RSV10=8
IMAX30=8
SUMP10=8
SUMN5=8
SUMN20=8
KSFT2=7
OPEN0=7
QTLD5=7
QTLD10=7
RSV30=7
SUMD20=7
VSTD60=7
KMID=6
KMID2=6
MAX20=6
IMXD20=6
CNTD20=6
SUMP60=6
SUMN30=6
WVMA30=6
MAX10=5
QTLU20=5
RSV5=5
RSV60=5
CNTD30=5
SUMD5=5
SUMD10=5
RANK60=4
IMIN20=4
IMXD5=4
CORD20=4
CNTN5=4
CNTN10=4
SUMN10=4
SUMN60=4
RANK10=3
IMAX5=3
IMAX20=3
CORD10=3
CNTP30=3
CNTP60=3
CNTN20=3
CNTD10=3
SUMP30=3
SUMD30=3
MAX60=2
CORR5=2
CORR30=2
CORR60=2
CORD5=2
CNTP10=2
VMA20=2
VMA30=2
VSTD20=2
VSTD30=2
WVMA60=2
VSUMN20=2
RANK20=1
CORR10=1
CORD30=1
CNTP5=1
CNTN30=1
CNTD5=1
CNTD60=1
SUMD60=1
VMA5=1
VMA60=1
VSUMP5=1
VSUMN30=1
VSUMD20=1

parameters:
[boosting: gbdt]
[objective: regression]
[metric: l2]
[tree_learner: serial]
[device_type: cpu]
[data_sample_strategy: bagging]
[data: ]
[valid: ]
[num_iterations: 500]
[learning_rate: 0.03]
[num_leaves: 31]
[num_threads: 12]
[seed: 20260814]
[deterministic: 1]
[force_col_wise: 1]
[force_row_wise: 0]
[histogram_pool_size: -1]
[max_depth: 7]
[min_data_in_leaf: 100]
[min_sum_hessian_in_leaf: 0.001]
[bagging_fraction: 0.8]
[pos_bagging_fraction: 1]
[neg_bagging_fraction: 1]
[bagging_freq: 1]
[bagging_seed: 20260814]
[bagging_by_query: 0]
[feature_fraction: 0.8]
[feature_fraction_bynode: 1]
[feature_fraction_seed: 20260814]
[extra_trees: 0]
[extra_seed: 17475]
[early_stopping_round: 0]
[early_stopping_min_delta: 0]
[first_metric_only: 0]
[max_delta_step: 0]
[lambda_l1: 10]
[lambda_l2: 20]
[linear_lambda: 0]
[min_gain_to_split: 0]
[drop_rate: 0.1]
[max_drop: 50]
[skip_drop: 0.5]
[xgboost_dart_mode: 0]
[uniform_drop: 0]
[drop_seed: 29730]
[top_rate: 0.2]
[other_rate: 0.1]
[min_data_per_group: 100]
[max_cat_threshold: 32]
[cat_l2: 10]
[cat_smooth: 10]
[max_cat_to_onehot: 4]
[top_k: 20]
[monotone_constraints: ]
[monotone_constraints_method: basic]
[monotone_penalty: 0]
[feature_contri: ]
[forcedsplits_filename: ]
[refit_decay_rate: 0.9]
[cegb_tradeoff: 1]
[cegb_penalty_split: 0]
[cegb_penalty_feature_lazy: ]
[cegb_penalty_feature_coupled: ]
[path_smooth: 0]
[interaction_constraints: ]
[verbosity: 1]
[saved_feature_importance_type: 0]
[use_quantized_grad: 0]
[num_grad_quant_bins: 4]
[quant_train_renew_leaf: 0]
[stochastic_rounding: 1]
[linear_tree: 0]
[max_bin: 255]
[max_bin_by_feature: ]
[min_data_in_bin: 3]
[bin_construct_sample_cnt: 200000]
[data_random_seed: 20260812]
[is_enable_sparse: 1]
[enable_bundle: 1]
[use_missing: 1]
[zero_as_missing: 0]
[feature_pre_filter: 1]
[pre_partition: 0]
[two_round: 0]
[header: 0]
[label_column: ]
[weight_column: ]
[group_column: ]
[ignore_column: ]
[categorical_feature: ]
[forcedbins_filename: ]
[precise_float_parser: 0]
[parser_config_file: ]
[objective_seed: 27057]
[num_class: 1]
[is_unbalance: 0]
[scale_pos_weight: 1]
[sigmoid: 1]
[boost_from_average: 1]
[reg_sqrt: 0]
[alpha: 0.9]
[fair_c: 1]
[poisson_max_delta_step: 0.7]
[tweedie_variance_power: 1.5]
[lambdarank_truncation_level: 30]
[lambdarank_norm: 1]
[label_gain: ]
[lambdarank_position_bias_regularization: 0]
[eval_at: ]
[multi_error_top_k: 1]
[auc_mu_weights: ]
[num_machines: 1]
[local_listen_port: 12400]
[time_out: 120]
[machine_list_filename: ]
[machines: ]
[gpu_platform_id: -1]
[gpu_device_id: -1]
[gpu_device_id_list: ]
[gpu_use_dp: 0]
[num_gpu: 1]

end of parameters

pandas_categorical:null
