symbol,code,exchange,name,fund_type,settlement,snapshot_date,source_data_date,source_update_time,last_price,spot_volume_lots,spot_amount,total_market_value,float_market_value,history_end_date
SH510010,510010,SH,180治理ETF交银,指数型-股票,T+1,2026-08-11,20260811,2026-08-11T16:11:49+08:00,1.766,483,85810.0,230506090,230506090,2026-08-11
SH510020,510020,SH,超大盘ETF博时,指数型-股票,T+1,2026-08-11,20260811,2026-08-11T16:11:50+08:00,3.968,2762,1103260.0,142244864,142244864,2026-08-11
SH510030,510030,SH,价值ETF华宝,指数型-股票,T+1,2026-08-11,20260811,2026-08-11T16:11:41+08:00,1.042,35784,3741597.0,159665452,159665452,2026-08-11
SH510040,510040,SH,上证180ETF鹏华,指数型-股票,T+1,2026-08-11,20260811,2026-08-11T16:11:48+08:00,1.177,11409,1353710.0,38228960,38228960,2026-08-11
SH510050,510050,SH,上证50ETF华夏,指数型-股票,T+1,2026-08-11,20260811,2026-08-11T16:11:55+08:00,3.039,3779044,1153111352.0,20600064846,20600064846,2026-08-11
SH510060,510060,SH,央企ETF工银,指数型-股票,T+1,2026-08-11,20260811,2026-08-11T16:11:46+08:00,2.607,416,109018.0,91138634,91138634,2026-08-11
SH510090,510090,SH,责任ETF建信,指数型-股票,T+1,2026-08-11,20260811,2026-08-11T16:11:43+08:00,2.528,1888,480245.0,64669021,64669021,2026-08-11
SH510100,510100,SH,上证50ETF易方达,指数型-股票,T+1,2026-08-11,20260811,2026-08-11T16:11:47+08:00,2.989,1070801,321815588.0,2898752525,2898752525,2026-08-11
SH510130,510130,SH,上证中盘ETF易方达,指数型-股票,T+1,2026-08-11,20260811,2026-08-11T16:11:56+08:00,7.41,2704,2015231.0,230340591,230340591,2026-08-11
SH510140,510140,SH,上证综指ETF华夏,指数型-股票,T+1,2026-08-11,20260811,2026-08-11T16:11:44+08:00,1.01,83832,8508436.0,99212805,99212805,2026-08-11
SH510150,510150,SH,消费ETF招商,指数型-股票,T+1,2026-08-11,20260811,2026-08-11T16:11:49+08:00,0.518,875693,45534148.0,1504882519,1504882519,2026-08-11
SH510160,510160,SH,产业升级ETF南方,指数型-股票,T+1,2026-08-11,20260811,2026-08-11T16:11:36+08:00,0.903,4380,400686.0,173427832,173427832,2026-08-11
SH510170,510170,SH,大宗商品ETF国联安,指数型-股票,T+1,2026-08-11,20260811,2026-08-11T16:11:44+08:00,1.392,139217,19675697.0,471769402,471769402,2026-08-11
SH510180,510180,SH,上证180ETF华安,指数型-股票,T+1,2026-08-11,20260811,2026-08-11T16:11:38+08:00,4.018,96948,39151007.0,17743719437,17743719437,2026-08-11
SH510190,510190,SH,上证50ETF华安,指数型-股票,T+1,2026-08-11,20260811,2026-08-11T16:11:34+08:00,4.339,744,324675.0,102620821,102620821,2026-08-11
SH510200,510200,SH,上证券商ETF汇安,指数型-股票,T+1,2026-08-11,20260811,2026-08-11T16:11:57+08:00,1.188,29247,3481924.0,182221974,182221974,2026-08-11
SH510210,510210,SH,上证指数ETF富国,指数型-股票,T+1,2026-08-11,20260811,2026-08-11T16:11:53+08:00,1.003,12605401,1267642411.0,17300940282,17300940282,2026-08-11
SH510230,510230,SH,金融ETF国泰,指数型-股票,T+1,2026-08-11,20260811,2026-08-11T16:11:40+08:00,1.297,480267,62357477.0,825939976,825939976,2026-08-11
SH510270,510270,SH,国企ETF中银,指数型-股票,T+1,2026-08-11,20260811,2026-08-11T16:11:37+08:00,1.542,30159,4657429.0,25955098,25955098,2026-08-11
SH510290,510290,SH,上证380ETF南方,指数型-股票,T+1,2026-08-11,20260811,2026-08-11T16:11:50+08:00,2.677,12820,3447657.0,151113705,151113705,2026-08-11
SH510300,510300,SH,沪深300ETF华泰柏瑞,指数型-股票,T+1,2026-08-11,20260811,2026-08-11T16:11:47+08:00,4.728,5353219,2541400132.0,117543694897,117543694897,2026-08-11
SH510310,510310,SH,沪深300ETF易方达,指数型-股票,T+1,2026-08-11,20260811,2026-08-11T16:11:46+08:00,4.587,1128892,519949043.0,52869963388,52869963388,2026-08-11
SH510320,510320,SH,沪深300ETF中金,指数型-股票,T+1,2026-08-11,20260811,2026-08-11T16:11:54+08:00,1.268,189733,24219810.0,800194853,800194853,2026-08-11
SH510330,510330,SH,沪深300ETF华夏,指数型-股票,T+1,2026-08-11,20260811,2026-08-11T16:11:53+08:00,4.929,529791,262324931.0,42995912109,42995912109,2026-08-11
SH510350,510350,SH,沪深300ETF工银,指数型-股票,T+1,2026-08-11,20260811,2026-08-11T16:11:41+08:00,4.972,16573,8263763.0,3379044308,3379044308,2026-08-11
SH510360,510360,SH,沪深300ETF广发,指数型-股票,T+1,2026-08-11,20260811,2026-08-11T16:11:40+08:00,1.804,393936,71326340.0,3229847685,3229847685,2026-08-11
SH510370,510370,SH,沪深300ETF兴业,指数型-股票,T+1,2026-08-11,20260811,2026-08-11T16:11:39+08:00,1.048,18920,1990625.0,91446489,91446489,2026-08-11
SH510380,510380,SH,沪深300ETF国寿,指数型-股票,T+1,2026-08-11,20260811,2026-08-11T16:11:55+08:00,1.405,12589,1777763.0,2091767372,2091767372,2026-08-11
SH510390,510390,SH,沪深300ETF平安,指数型-股票,T+1,2026-08-11,20260811,2026-08-11T16:12:02+08:00,5.346,5418,2908863.0,749241900,749241900,2026-08-11
SH510410,510410,SH,资源ETF博时,指数型-股票,T+1,2026-08-11,20260811,2026-08-11T16:11:47+08:00,1.96,149561,29828615.0,858986464,858986464,2026-08-11
SH510500,510500,SH,中证500ETF南方,指数型-股票,T+1,2026-08-11,20260811,2026-08-11T16:11:33+08:00,7.989,2190261,1756496857.0,42870320754,42870320754,2026-08-11
SH510510,510510,SH,中证500ETF广发,指数型-股票,T+1,2026-08-11,20260811,2026-08-11T16:11:49+08:00,2.58,238902,61927257.0,2242118824,2242118824,2026-08-11
SH510530,510530,SH,中证500ETF工银,指数型-股票,T+1,2026-08-11,20260811,2026-08-11T16:11:57+08:00,8.934,1803,1617286.0,433114960,433114960,2026-08-11
SH510550,510550,SH,中证500ETF方正富邦,指数型-股票,T+1,2026-08-11,20260811,2026-08-11T16:11:34+08:00,2.049,5783,1191357.0,48650022,48650022,2026-08-11
SH510560,510560,SH,中证500ETF国寿,指数型-股票,T+1,2026-08-11,20260811,2026-08-11T16:11:35+08:00,2.0,3054,615561.0,104637400,104637400,2026-08-11
SH510570,510570,SH,中证500ETF兴业,指数型-股票,T+1,2026-08-11,20260811,2026-08-11T16:11:41+08:00,1.256,34596,4369154.0,44664114,44664114,2026-08-11
SH510580,510580,SH,中证500ETF易方达,指数型-股票,T+1,2026-08-11,20260811,2026-08-11T16:12:00+08:00,4.187,383923,161571171.0,4768860289,4768860289,2026-08-11
SH510590,510590,SH,中证500ETF平安,指数型-股票,T+1,2026-08-11,20260811,2026-08-11T16:12:00+08:00,8.662,1238,1078872.0,1060108398,1060108398,2026-08-11
SH510600,510600,SH,上证50ETF申万菱信,指数型-股票,T+1,2026-08-11,20260811,2026-08-11T16:11:49+08:00,3.899,319,125353.0,53085275,53085275,2026-08-11
SH510630,510630,SH,消费ETF华夏,指数型-股票,T+1,2026-08-11,20260811,2026-08-11T16:11:35+08:00,0.831,489343,40939175.0,487266410,487266410,2026-08-11
SH510650,510650,SH,金融地产ETF华夏,指数型-股票,T+1,2026-08-11,20260811,2026-08-11T16:11:44+08:00,2.856,7357,2097927.0,34136340,34136340,2026-08-11
SH510660,510660,SH,医药ETF华夏,指数型-股票,T+1,2026-08-11,20260811,2026-08-11T16:12:02+08:00,2.64,101530,26908600.0,151482408,151482408,2026-08-11
SH510670,510670,SH,上证180ETF华夏,指数型-股票,T+1,2026-08-11,20260811,2026-08-11T16:11:52+08:00,1.005,1618,163244.0,188932965,188932965,2026-08-11
SH510680,510680,SH,上证50ETF万家,指数型-股票,T+1,2026-08-11,20260811,2026-08-11T16:11:50+08:00,3.208,6255,2010149.0,63918438,63918438,2026-08-11
SH510710,510710,SH,上证50ETF博时,指数型-股票,T+1,2026-08-11,20260811,2026-08-11T16:11:59+08:00,4.319,5255,2286489.0,453144729,453144729,2026-08-11
SH510720,510720,SH,红利国企ETF国泰,指数型-股票,T+1,2026-08-11,20260811,2026-08-11T16:11:41+08:00,1.045,1119712,117519662.0,2045865470,2045865470,2026-08-11
SH510760,510760,SH,上证指数ETF国泰,指数型-股票,T+1,2026-08-11,20260811,2026-08-11T16:11:47+08:00,1.326,1990561,264460671.0,4892281901,4892281901,2026-08-11
SH510770,510770,SH,G60创新ETF申万菱信,指数型-股票,T+1,2026-08-11,20260811,2026-08-11T16:11:36+08:00,0.914,36246,3303397.0,22494180,22494180,2026-08-11
SH510800,510800,SH,上证50ETF建信,指数型-股票,T+1,2026-08-11,20260811,2026-08-11T16:11:42+08:00,1.404,13549,1909426.0,246508704,246508704,2026-08-11
SH510810,510810,SH,上海国企ETF汇添富,指数型-股票,T+1,2026-08-11,20260811,2026-08-11T16:11:47+08:00,0.847,62515,5338088.0,5053789506,5053789506,2026-08-11
SH510850,510850,SH,上证50ETF工银,指数型-股票,T+1,2026-08-11,20260811,2026-08-11T16:11:58+08:00,3.59,12792,4636091.0,184881051,184881051,2026-08-11
SH510880,510880,SH,红利ETF华泰柏瑞,指数型-股票,T+1,2026-08-11,20260811,2026-08-11T16:11:58+08:00,3.309,1687475,560504922.0,20824118749,20824118749,2026-08-11
SH510910,510910,SH,上证指数ETF南方,指数型-股票,T+1,2026-08-11,20260811,2026-08-11T16:11:43+08:00,0.981,385201,37884555.0,295080876,295080876,2026-08-11
SH510950,510950,SH,上证50ETF广发,指数型-股票,T+1,2026-08-11,20260811,2026-08-11T16:11:38+08:00,0.997,55261,5545460.0,130328638,130328638,2026-08-11
SH510980,510980,SH,上证指数ETF汇添富,指数型-股票,T+1,2026-08-11,20260811,2026-08-11T16:11:37+08:00,1.399,676072,94875282.0,1137104402,1137104402,2026-08-11
SH510990,510990,SH,180ESGETF工银,指数型-股票,T+1,2026-08-11,20260811,2026-08-11T16:11:36+08:00,1.065,84803,9111713.0,54260259,54260259,2026-08-11
SH512000,512000,SH,券商ETF华宝,指数型-股票,T+1,2026-08-11,20260811,2026-08-11T16:11:38+08:00,0.522,15251030,800057084.0,39297536410,39297536410,2026-08-11
SH512010,512010,SH,医药ETF易方达,指数型-股票,T+1,2026-08-11,20260811,2026-08-11T16:11:59+08:00,0.403,18348104,746630324.0,16861799998,16861799998,2026-08-11
SH512020,512020,SH,A500ETF鹏华,指数型-股票,T+1,2026-08-11,20260811,2026-08-11T16:11:54+08:00,1.313,548231,72442292.0,1424621680,1424621680,2026-08-11
SH512030,512030,SH,中证A50增强ETF易方达,指数型-股票,T+1,2026-08-11,20260811,2026-08-11T16:11:37+08:00,1.146,40607,4672486.0,52991040,52991040,2026-08-11
SH512040,512040,SH,价值ETF富国,指数型-股票,T+1,2026-08-11,20260811,2026-08-11T16:11:39+08:00,1.223,1838656,226888098.0,5040858551,5040858551,2026-08-11
SH512050,512050,SH,A500ETF华夏,指数型-股票,T+1,2026-08-11,20260811,2026-08-11T16:11:44+08:00,1.234,13279234,1646940179.0,21103858365,21103858365,2026-08-11
SH512060,512060,SH,A100ETF天弘,指数型-股票,T+1,2026-08-11,20260811,2026-08-11T16:11:35+08:00,1.233,10303,1272716.0,13474224,13474224,2026-08-11
SH512070,512070,SH,证券保险ETF易方达,指数型-股票,T+1,2026-08-11,20260811,2026-08-11T16:11:55+08:00,0.79,5061545,402169177.0,14708598897,14708598897,2026-08-11
SH512080,512080,SH,A500ETF中金,指数型-股票,T+1,2026-08-11,20260811,2026-08-11T16:11:36+08:00,1.325,1609793,214510357.0,813796577,813796577,2026-08-11
SH512090,512090,SH,MSCIA股ETF易方达,指数型-股票,T+1,2026-08-11,20260811,2026-08-11T16:11:38+08:00,2.016,521729,105806318.0,720906085,720906085,2026-08-11
SH512100,512100,SH,中证1000ETF南方,指数型-股票,T+1,2026-08-11,20260811,2026-08-11T16:11:52+08:00,3.12,10772518,3367951533.0,25051158712,25051158712,2026-08-11
SH512120,512120,SH,医药ETF华安,指数型-股票,T+1,2026-08-11,20260811,2026-08-11T16:12:01+08:00,0.498,634428,31826754.0,407982468,407982468,2026-08-11
SH512130,512130,SH,全指现金流ETF鹏华,指数型-股票,T+1,2026-08-11,20260811,2026-08-11T16:11:55+08:00,1.185,3694,439513.0,17650575,17650575,2026-08-11
SH512140,512140,SH,电力ETF华安,指数型-股票,T+1,2026-08-11,20260811,2026-08-11T16:11:38+08:00,0.938,158280,14881264.0,152001962,152001962,2026-08-11
SH512150,512150,SH,富时A50ETF汇安,指数型-股票,T+1,2026-08-11,20260811,2026-08-11T16:11:52+08:00,1.924,1275,246718.0,34773222,34773222,2026-08-11
SH512160,512160,SH,MSCI中国A股ETF南方,指数型-股票,T+1,2026-08-11,20260811,2026-08-11T16:11:41+08:00,1.543,12115,1881292.0,190989145,190989145,2026-08-11
SH512170,512170,SH,医疗ETF华宝,指数型-股票,T+1,2026-08-11,20260811,2026-08-11T16:11:59+08:00,0.351,20984647,742930240.0,26202788831,26202788831,2026-08-11
SH512180,512180,SH,MSCIA股ETF建信,指数型-股票,T+1,2026-08-11,20260811,2026-08-11T16:11:41+08:00,1.728,10,1728.0,83026944,83026944,2026-08-11
SH512190,512190,SH,浙商之江凤凰ETF,指数型-股票,T+1,2026-08-11,20260811,2026-08-11T16:11:43+08:00,2.961,2732,817218.0,546951182,546951182,2026-08-11
SH512200,512200,SH,房地产ETF南方,指数型-股票,T+1,2026-08-11,20260811,2026-08-11T16:11:36+08:00,1.22,673086,82442386.0,3392329443,3392329443,2026-08-11
SH512220,512220,SH,TMTETF景顺,指数型-股票,T+1,2026-08-11,20260811,2026-08-11T16:11:39+08:00,3.876,40964,15967295.0,802206418,802206418,2026-08-11
SH512240,512240,SH,A50ETF鹏华,指数型-股票,T+1,2026-08-11,20260811,2026-08-11T16:11:44+08:00,1.175,25100,2971775.0,23718550,23718550,2026-08-11
SH512250,512250,SH,A50ETF招商,指数型-股票,T+1,2026-08-11,20260811,2026-08-11T16:11:53+08:00,1.237,7039,876820.0,151656324,151656324,2026-08-11
SH512260,512260,SH,中证500低波动ETF华安,指数型-股票,T+1,2026-08-11,20260811,2026-08-11T16:11:42+08:00,1.956,3849,769722.0,40093501,40093501,2026-08-11
SH512290,512290,SH,生物医药ETF国泰,指数型-股票,T+1,2026-08-11,20260811,2026-08-11T16:12:01+08:00,1.093,1459478,160910448.0,3675563029,3675563029,2026-08-11
SH512330,512330,SH,信息科技ETF南方,指数型-股票,T+1,2026-08-11,20260811,2026-08-11T16:12:01+08:00,1.895,38600,7335622.0,687293760,687293760,2026-08-11
SH512360,512360,SH,MSCIA股ETF平安,指数型-股票,T+1,2026-08-11,20260811,2026-08-11T16:11:42+08:00,1.811,373,67926.0,49508575,49508575,2026-08-11
SH512370,512370,SH,A500增强ETF华夏,指数型-股票,T+1,2026-08-11,20260811,2026-08-11T16:11:35+08:00,1.214,11936,1450975.0,385217992,385217992,2026-08-11
SH512380,512380,SH,MSCI中国ETF银华,指数型-股票,T+1,2026-08-11,20260811,2026-08-11T16:11:51+08:00,1.629,7485,1222063.0,118600322,118600322,2026-08-11
SH512390,512390,SH,中国低波ETF平安,指数型-股票,T+1,2026-08-11,20260811,2026-08-11T16:12:00+08:00,1.239,335,41657.0,19429998,19429998,2026-08-11
SH512400,512400,SH,有色金属ETF南方,指数型-股票,T+1,2026-08-11,20260811,2026-08-11T16:11:47+08:00,1.922,10783171,2121291190.0,25499248912,25499248912,2026-08-11
SH512410,512410,SH,银行ETF广发,指数型-股票,T+1,2026-08-11,20260811,2026-08-11T16:11:49+08:00,1.07,89976,9623541.0,68021719,68021719,2026-08-11
SH512420,512420,SH,工程机械ETF华安,指数型-股票,T+1,2026-08-11,20260811,2026-08-11T16:11:42+08:00,1.001,160233,16151452.0,105344139,105344139,2026-08-11
SH512430,512430,SH,家居家电ETF华泰柏瑞,指数型-股票,T+1,2026-08-11,20260811,2026-08-11T16:11:39+08:00,0.905,19511,1767272.0,26896600,26896600,2026-08-11
SH512450,512450,SH,畜牧养殖ETF广发,指数型-股票,T+1,2026-08-11,20260811,2026-08-11T16:12:00+08:00,0.898,45859,4153162.0,100007566,100007566,2026-08-11
SH512460,512460,SH,电池ETF华夏,指数型-股票,T+1,2026-08-11,20260811,2026-08-11T16:11:58+08:00,0.887,225202,19900860.0,262395008,262395008,2026-08-11
SH512480,512480,SH,半导体ETF国联安,指数型-股票,T+1,2026-08-11,20260811,2026-08-11T16:11:54+08:00,1.07,12942907,1393523447.0,20178067807,20178067807,2026-08-11
SH512500,512500,SH,中证500ETF华夏,指数型-股票,T+1,2026-08-11,20260811,2026-08-11T16:11:59+08:00,4.512,804678,365359336.0,8471770906,8471770906,2026-08-11
SH512510,512510,SH,中证500ETF华泰柏瑞,指数型-股票,T+1,2026-08-11,20260811,2026-08-11T16:11:43+08:00,2.385,55960,13459158.0,1055195092,1055195092,2026-08-11
SH512520,512520,SH,MSCI中国ETF华泰柏瑞,指数型-股票,T+1,2026-08-11,20260811,2026-08-11T16:11:44+08:00,1.489,2338,349348.0,67088980,67088980,2026-08-11
SH512530,512530,SH,沪深300红利ETF建信,指数型-股票,T+1,2026-08-11,20260811,2026-08-11T16:11:55+08:00,1.606,52666,8472208.0,159800212,159800212,2026-08-11
SH512550,512550,SH,富时A50ETF嘉实,指数型-股票,T+1,2026-08-11,20260811,2026-08-11T16:11:36+08:00,1.836,54350,10027500.0,207295416,207295416,2026-08-11
SH512560,512560,SH,军工ETF易方达,指数型-股票,T+1,2026-08-11,20260811,2026-08-11T16:11:52+08:00,0.72,918405,66519961.0,706411446,706411446,2026-08-11
SH512570,512570,SH,证券ETF易方达,指数型-股票,T+1,2026-08-11,20260811,2026-08-11T16:11:44+08:00,1.1,1491662,164805262.0,4543886706,4543886706,2026-08-11
SH512580,512580,SH,环保ETF广发,指数型-股票,T+1,2026-08-11,20260811,2026-08-11T16:11:41+08:00,1.217,55242,6721181.0,695481054,695481054,2026-08-11
SH512600,512600,SH,消费ETF嘉实,指数型-股票,T+1,2026-08-11,20260811,2026-08-11T16:11:38+08:00,0.585,291651,17168498.0,1030978316,1030978316,2026-08-11
SH512620,512620,SH,农业ETF天弘,指数型-股票,T+1,2026-08-11,20260811,2026-08-11T16:11:37+08:00,0.888,73695,6594897.0,1278423408,1278423408,2026-08-11
SH512630,512630,SH,卫星ETF广发,指数型-股票,T+1,2026-08-11,20260811,2026-08-11T16:11:43+08:00,1.128,1435711,162222783.0,1990272528,1990272528,2026-08-11
SH512640,512640,SH,金融地产ETF嘉实,指数型-股票,T+1,2026-08-11,20260811,2026-08-11T16:12:02+08:00,2.349,4392,1034571.0,49894874,49894874,2026-08-11
SH512650,512650,SH,长三角ETF汇添富,指数型-股票,T+1,2026-08-11,20260811,2026-08-11T16:11:59+08:00,1.362,33391,4581630.0,47590459,47590459,2026-08-11
SH512660,512660,SH,军工ETF国泰,指数型-股票,T+1,2026-08-11,20260811,2026-08-11T16:11:46+08:00,1.148,1965905,226375162.0,6664231913,6664231913,2026-08-11
SH512670,512670,SH,国防ETF鹏华,指数型-股票,T+1,2026-08-11,20260811,2026-08-11T16:11:35+08:00,0.773,1080897,83878597.0,1728159466,1728159466,2026-08-11
SH512680,512680,SH,军工ETF广发,指数型-股票,T+1,2026-08-11,20260811,2026-08-11T16:11:47+08:00,1.173,520113,61286158.0,3677742203,3677742203,2026-08-11
SH512690,512690,SH,酒ETF鹏华,指数型-股票,T+1,2026-08-11,20260811,2026-08-11T16:11:50+08:00,0.441,15098240,667745911.0,14688982442,14688982442,2026-08-11
SH512700,512700,SH,银行ETF南方,指数型-股票,T+1,2026-08-11,20260811,2026-08-11T16:11:46+08:00,1.482,526996,77967696.0,998988054,998988054,2026-08-11
SH512710,512710,SH,军工龙头ETF富国,指数型-股票,T+1,2026-08-11,20260811,2026-08-11T16:12:00+08:00,0.624,5219301,326387620.0,7328666862,7328666862,2026-08-11
SH512720,512720,SH,计算机ETF国泰,指数型-股票,T+1,2026-08-11,20260811,2026-08-11T16:11:40+08:00,1.222,305723,37705945.0,478356065,478356065,2026-08-11
SH512730,512730,SH,银行ETF鹏华,指数型-股票,T+1,2026-08-11,20260811,2026-08-11T16:12:02+08:00,1.644,20278,3337143.0,105353932,105353932,2026-08-11
SH512750,512750,SH,基本面50ETF嘉实,指数型-股票,T+1,2026-08-11,20260811,2026-08-11T16:11:40+08:00,1.433,32237,4646131.0,66713172,66713172,2026-08-11
SH512760,512760,SH,芯片ETF国泰,指数型-股票,T+1,2026-08-11,20260811,2026-08-11T16:11:57+08:00,1.14,3376512,388335448.0,10792887875,10792887875,2026-08-11
SH512770,512770,SH,战略新兴ETF华夏,指数型-股票,T+1,2026-08-11,20260811,2026-08-11T16:11:43+08:00,2.636,26146,6934663.0,259033921,259033921,2026-08-11
SH512800,512800,SH,银行ETF华宝,指数型-股票,T+1,2026-08-11,20260811,2026-08-11T16:11:57+08:00,0.8,15736561,1261088360.0,9962143949,9962143949,2026-08-11
SH512810,512810,SH,军工ETF华宝,指数型-股票,T+1,2026-08-11,20260811,2026-08-11T16:11:58+08:00,0.666,394376,26368754.0,663058614,663058614,2026-08-11
SH512820,512820,SH,银行ETF汇添富,指数型-股票,T+1,2026-08-11,20260811,2026-08-11T16:11:43+08:00,1.407,556350,78311003.0,564068979,564068979,2026-08-11
SH512870,512870,SH,杭州湾区ETF南华,指数型-股票,T+1,2026-08-11,20260811,2026-08-11T16:12:00+08:00,1.491,284,42246.0,30432205,30432205,2026-08-11
SH512880,512880,SH,证券ETF国泰,指数型-股票,T+1,2026-08-11,20260811,2026-08-11T16:11:48+08:00,1.093,13836025,1518742463.0,63433666701,63433666701,2026-08-11
SH512890,512890,SH,红利低波ETF华泰柏瑞,指数型-股票,T+1,2026-08-11,20260811,2026-08-11T16:11:57+08:00,1.163,5688970,663479804.0,32038452916,32038452916,2026-08-11
SH512900,512900,SH,证券ETF南方,指数型-股票,T+1,2026-08-11,20260811,2026-08-11T16:11:48+08:00,1.083,436346,47416784.0,8133769577,8133769577,2026-08-11
SH512910,512910,SH,A100ETF广发,指数型-股票,T+1,2026-08-11,20260811,2026-08-11T16:11:57+08:00,1.343,58160,7853523.0,178120478,178120478,2026-08-11
SH512930,512930,SH,AI人工智能ETF平安,指数型-股票,T+1,2026-08-11,20260811,2026-08-11T16:11:37+08:00,0.644,1898534,122507894.0,3104415663,3104415663,2026-08-11
SH512940,512940,SH,有色ETF华安,指数型-股票,T+1,2026-08-11,20260811,2026-08-11T16:11:40+08:00,0.854,776945,68072720.0,1838410077,1838410077,2026-08-11
SH512950,512950,SH,央企改革ETF华夏,指数型-股票,T+1,2026-08-11,20260811,2026-08-11T16:12:00+08:00,1.519,58939,8996498.0,6149748981,6149748981,2026-08-11
SH512960,512960,SH,央企结构调整ETF博时,指数型-股票,T+1,2026-08-11,20260811,2026-08-11T16:11:51+08:00,1.469,32750,4828955.0,5666310968,5666310968,2026-08-11
SH512970,512970,SH,大湾区ETF平安,指数型-股票,T+1,2026-08-11,20260811,2026-08-11T16:11:53+08:00,1.507,6332,957850.0,9023313,9023313,2026-08-11
SH512980,512980,SH,传媒ETF广发,指数型-股票,T+1,2026-08-11,20260811,2026-08-11T16:11:48+08:00,0.87,3607684,315286312.0,4731864131,4731864131,2026-08-11
SH512990,512990,SH,MSCIA股ETF华夏,指数型-股票,T+1,2026-08-11,20260811,2026-08-11T16:11:41+08:00,2.06,29082,6027256.0,208091724,208091724,2026-08-11
SH513020,513020,SH,港股科技ETF国泰,指数型-股票,T+1,2026-08-11,20260811,2026-08-11T16:11:45+08:00,0.982,1472093,146100773.0,2345158791,2345158791,2026-08-11
SH513040,513040,SH,港股通互联网ETF易方达,指数型-股票,T+1,2026-08-11,20260811,2026-08-11T16:11:56+08:00,0.999,7906887,799776608.0,6942391843,6942391843,2026-08-11
SH513070,513070,SH,港股通消费ETF易方达,指数型-股票,T+1,2026-08-11,20260811,2026-08-11T16:11:57+08:00,1.124,1008388,114189774.0,1477791139,1477791139,2026-08-11
SH513090,513090,SH,香港证券ETF易方达,指数型-股票,T+1,2026-08-11,20260811,2026-08-11T16:11:50+08:00,1.832,15446680,2854379811.0,18677218075,18677218075,2026-08-11
SH513150,513150,SH,港股通科技ETF华泰柏瑞,指数型-股票,T+1,2026-08-11,20260811,2026-08-11T16:11:36+08:00,0.989,499755,50125160.0,103904142,103904142,2026-08-11
SH513160,513160,SH,港股科技ETF银华,指数型-股票,T+1,2026-08-11,20260811,2026-08-11T16:11:54+08:00,1.007,1508582,153771580.0,3417948621,3417948621,2026-08-11
SH513190,513190,SH,港股通金融ETF华夏,指数型-股票,T+1,2026-08-11,20260811,2026-08-11T16:11:57+08:00,1.747,1777021,311636274.0,1750382192,1750382192,2026-08-11
SH513200,513200,SH,港股通医药ETF易方达,指数型-股票,T+1,2026-08-11,20260811,2026-08-11T16:12:00+08:00,1.07,2368219,257013528.0,976141843,976141843,2026-08-11
SH513230,513230,SH,港股通消费ETF华夏,指数型-股票,T+1,2026-08-11,20260811,2026-08-11T16:11:40+08:00,0.887,263580,23560781.0,290423938,290423938,2026-08-11
SH513240,513240,SH,港股通信息技术ETF华安,指数型-股票,T+1,2026-08-11,20260811,2026-08-11T16:12:01+08:00,1.013,927629,94740764.0,129153448,129153448,2026-08-11
SH513320,513320,SH,港股通新经济ETF易方达,指数型-股票,T+1,2026-08-11,20260811,2026-08-11T16:11:44+08:00,1.123,70422,7973464.0,99958904,99958904,2026-08-11
SH513550,513550,SH,港股通50ETF华泰柏瑞,指数型-股票,T+1,2026-08-11,20260811,2026-08-11T16:11:36+08:00,1.138,474749,54221678.0,1903864896,1903864896,2026-08-11
SH513560,513560,SH,香港科技ETF兴银,指数型-股票,T+1,2026-08-11,20260811,2026-08-11T16:11:51+08:00,1.163,155590,18310493.0,619164918,619164918,2026-08-11
SH513590,513590,SH,港股通消费ETF鹏华,指数型-股票,T+1,2026-08-11,20260811,2026-08-11T16:11:58+08:00,0.789,32887,2612600.0,110317112,110317112,2026-08-11
SH513600,513600,SH,恒生指数ETF南方,指数型-股票,T+1,2026-08-11,20260811,2026-08-11T16:11:51+08:00,2.798,383057,107866950.0,1821020952,1821020952,2026-08-11
SH513620,513620,SH,港股医疗ETF银华,指数型-股票,T+1,2026-08-11,20260811,2026-08-11T16:11:46+08:00,1.089,548204,60656075.0,84088224,84088224,2026-08-11
SH513630,513630,SH,港股低波红利ETF摩根,指数型-股票,T+1,2026-08-11,20260811,2026-08-11T16:11:40+08:00,1.583,1783194,283195823.0,11857238360,11857238360,2026-08-11
SH513660,513660,SH,恒生ETF华夏,指数型-股票,T+1,2026-08-11,20260811,2026-08-11T16:11:57+08:00,1.515,689418,105270633.0,2996670315,2996670315,2026-08-11
SH513690,513690,SH,港股红利ETF博时,指数型-股票,T+1,2026-08-11,20260811,2026-08-11T16:11:41+08:00,1.12,1065838,119829444.0,3743017492,3743017492,2026-08-11
SH513700,513700,SH,港股通医药ETF鹏华,指数型-股票,T+1,2026-08-11,20260811,2026-08-11T16:12:02+08:00,0.636,3416906,220421292.0,524602056,524602056,2026-08-11
SH513720,513720,SH,港股互联网ETF国泰,指数型-股票,T+1,2026-08-11,20260811,2026-08-11T16:11:42+08:00,0.704,282380,20169511.0,178012736,178012736,2026-08-11
SH513750,513750,SH,港股通非银ETF广发,指数型-股票,T+1,2026-08-11,20260811,2026-08-11T16:11:43+08:00,1.494,3787656,569519614.0,13853619805,13853619805,2026-08-11
SH513770,513770,SH,港股互联网ETF华宝,指数型-股票,T+1,2026-08-11,20260811,2026-08-11T16:11:37+08:00,0.381,9276291,357828592.0,5720005548,5720005548,2026-08-11
SH513780,513780,SH,港股创新药ETF景顺,指数型-股票,T+1,2026-08-11,20260811,2026-08-11T16:11:55+08:00,1.661,5344309,900891908.0,3013314790,3013314790,2026-08-11
SH513820,513820,SH,港股通红利ETF汇添富,指数型-股票,T+1,2026-08-11,20260811,2026-08-11T16:11:34+08:00,1.224,380855,46783403.0,2154446866,2154446866,2026-08-11
SH513830,513830,SH,港股通高股息ETF嘉实,指数型-股票,T+1,2026-08-11,20260811,2026-08-11T16:11:39+08:00,1.184,20758,2462627.0,65488224,65488224,2026-08-11
SH513860,513860,SH,港股通科技ETF海富通,指数型-股票,T+1,2026-08-11,20260811,2026-08-11T16:11:53+08:00,0.625,2422607,152527563.0,2043419130,2043419130,2026-08-11
SH513900,513900,SH,港股通100ETF华安,指数型-股票,T+1,2026-08-11,20260811,2026-08-11T16:11:44+08:00,1.014,54146,5512741.0,98335692,98335692,2026-08-11
SH513910,513910,SH,港股通央企红利ETF华夏,指数型-股票,T+1,2026-08-11,20260811,2026-08-11T16:12:01+08:00,1.523,585403,89635132.0,3180444348,3180444348,2026-08-11
SH513920,513920,SH,港股通央企红利ETF华安,指数型-股票,T+1,2026-08-11,20260811,2026-08-11T16:11:40+08:00,1.526,472470,72426285.0,4028229518,4028229518,2026-08-11
SH513930,513930,SH,恒生生物科技ETF华泰柏瑞,指数型-股票,T+1,2026-08-11,20260811,2026-08-11T16:11:57+08:00,1.043,1088853,115352009.0,102639544,102639544,2026-08-11
SH513980,513980,SH,港股科技ETF景顺,指数型-股票,T+1,2026-08-11,20260811,2026-08-11T16:11:59+08:00,0.625,3309016,209486076.0,11134502560,11134502560,2026-08-11
SH513990,513990,SH,港股通ETF招商,指数型-股票,T+1,2026-08-11,20260811,2026-08-11T16:11:54+08:00,1.126,120274,13693731.0,51796000,51796000,2026-08-11
SH515000,515000,SH,科技ETF华宝,指数型-股票,T+1,2026-08-11,20260811,2026-08-11T16:11:49+08:00,1.308,1049487,138344458.0,4081717719,4081717719,2026-08-11
SH515010,515010,SH,证券ETF华夏,指数型-股票,T+1,2026-08-11,20260811,2026-08-11T16:11:54+08:00,1.259,441098,55720866.0,2613396444,2613396444,2026-08-11
SH515020,515020,SH,银行ETF华夏,指数型-股票,T+1,2026-08-11,20260811,2026-08-11T16:11:39+08:00,1.715,661195,113538313.0,686592183,686592183,2026-08-11
SH515030,515030,SH,新能源车ETF华夏,指数型-股票,T+1,2026-08-11,20260811,2026-08-11T16:11:56+08:00,1.667,1136123,190209988.0,2679509128,2679509128,2026-08-11
SH515040,515040,SH,工业有色ETF华夏,指数型-股票,T+1,2026-08-11,20260811,2026-08-11T16:11:45+08:00,1.086,161063,17781441.0,70937086,70937086,2026-08-11
SH515050,515050,SH,通信ETF华夏,指数型-股票,T+1,2026-08-11,20260811,2026-08-11T16:12:00+08:00,1.017,7582526,771238524.0,17568883867,17568883867,2026-08-11
SH515060,515060,SH,房地产ETF华夏,指数型-股票,T+1,2026-08-11,20260811,2026-08-11T16:12:00+08:00,0.587,541994,31936234.0,551473642,551473642,2026-08-11
SH515070,515070,SH,人工智能ETF华夏,指数型-股票,T+1,2026-08-11,20260811,2026-08-11T16:11:56+08:00,1.148,1015451,116862393.0,8395255451,8395255451,2026-08-11
SH515080,515080,SH,中证红利ETF招商,指数型-股票,T+1,2026-08-11,20260811,2026-08-11T16:11:36+08:00,1.569,2385157,375345456.0,11623385768,11623385768,2026-08-11
SH515090,515090,SH,可持续发展ETF博时,指数型-股票,T+1,2026-08-11,20260811,2026-08-11T16:12:02+08:00,1.417,2669,381006.0,15306009,15306009,2026-08-11
SH515100,515100,SH,红利低波100ETF景顺,指数型-股票,T+1,2026-08-11,20260811,2026-08-11T16:11:47+08:00,1.413,600249,85062161.0,5347415845,5347415845,2026-08-11
SH515110,515110,SH,一带一路ETF易方达,指数型-股票,T+1,2026-08-11,20260811,2026-08-11T16:11:44+08:00,1.639,65721,10838765.0,356146505,356146505,2026-08-11
SH515120,515120,SH,创新药ETF广发,指数型-股票,T+1,2026-08-11,20260811,2026-08-11T16:11:38+08:00,0.691,15697796,1094814432.0,12509168622,12509168622,2026-08-11
SH515130,515130,SH,沪深300ETF博时,指数型-股票,T+1,2026-08-11,20260811,2026-08-11T16:11:54+08:00,1.559,29156,4566226.0,142591129,142591129,2026-08-11
SH515150,515150,SH,一带一路ETF富国,指数型-股票,T+1,2026-08-11,20260811,2026-08-11T16:11:54+08:00,1.55,12371,1932168.0,616439960,616439960,2026-08-11
SH515160,515160,SH,MSCI中国ETF招商,指数型-股票,T+1,2026-08-11,20260811,2026-08-11T16:11:39+08:00,1.64,32420,5361975.0,403366364,403366364,2026-08-11
SH515170,515170,SH,食品饮料ETF华夏,指数型-股票,T+1,2026-08-11,20260811,2026-08-11T16:11:58+08:00,0.48,2804447,135244357.0,4243803832,4243803832,2026-08-11
SH515180,515180,SH,红利ETF易方达,指数型-股票,T+1,2026-08-11,20260811,2026-08-11T16:11:47+08:00,1.421,2197632,313124764.0,17838718348,17838718348,2026-08-11
SH515190,515190,SH,中证500ETF中银证券,指数型-股票,T+1,2026-08-11,20260811,2026-08-11T16:11:53+08:00,1.677,18417,3108925.0,492142643,492142643,2026-08-11
SH515200,515200,SH,创新100ETF申万菱信,指数型-股票,T+1,2026-08-11,20260811,2026-08-11T16:11:40+08:00,2.61,7472,1957004.0,101641752,101641752,2026-08-11
SH515210,515210,SH,钢铁ETF国泰,指数型-股票,T+1,2026-08-11,20260811,2026-08-11T16:11:55+08:00,1.163,723132,84831565.0,1145817950,1145817950,2026-08-11
SH515220,515220,SH,煤炭ETF国泰,指数型-股票,T+1,2026-08-11,20260811,2026-08-11T16:12:01+08:00,1.261,7490926,945258221.0,14068569526,14068569526,2026-08-11
SH515230,515230,SH,软件ETF国泰,指数型-股票,T+1,2026-08-11,20260811,2026-08-11T16:11:43+08:00,0.734,4239659,311400698.0,5714697106,5714697106,2026-08-11
SH515250,515250,SH,智能汽车ETF富国,指数型-股票,T+1,2026-08-11,20260811,2026-08-11T16:11:52+08:00,0.963,157747,15172596.0,335070550,335070550,2026-08-11
SH515260,515260,SH,电子ETF华宝,指数型-股票,T+1,2026-08-11,20260811,2026-08-11T16:12:00+08:00,0.87,767477,67189110.0,773054508,773054508,2026-08-11
SH515290,515290,SH,银行ETF天弘,指数型-股票,T+1,2026-08-11,20260811,2026-08-11T16:11:38+08:00,1.443,274626,39553870.0,3911933889,3911933889,2026-08-11
SH515300,515300,SH,300红利低波ETF嘉实,指数型-股票,T+1,2026-08-11,20260811,2026-08-11T16:11:41+08:00,1.294,793746,102996450.0,4487171709,4487171709,2026-08-11
SH515310,515310,SH,沪深300ETF汇添富,指数型-股票,T+1,2026-08-11,20260811,2026-08-11T16:11:50+08:00,1.405,164290,23174644.0,466616236,466616236,2026-08-11
SH515320,515320,SH,电子50ETF华安,指数型-股票,T+1,2026-08-11,20260811,2026-08-11T16:11:37+08:00,1.574,132311,20952252.0,148442366,148442366,2026-08-11
SH515330,515330,SH,沪深300ETF天弘,指数型-股票,T+1,2026-08-11,20260811,2026-08-11T16:11:53+08:00,1.362,80837,11032706.0,8890740257,8890740257,2026-08-11
SH515350,515350,SH,沪深300ETF民生加银,指数型-股票,T+1,2026-08-11,20260811,2026-08-11T16:11:49+08:00,6.342,2242,1427841.0,74196326,74196326,2026-08-11
SH515360,515360,SH,沪深300ETF方正富邦,指数型-股票,T+1,2026-08-11,20260811,2026-08-11T16:12:01+08:00,6.834,5761,3959057.0,258183736,258183736,2026-08-11
SH515370,515370,SH,光伏ETF华夏,指数型-股票,T+1,2026-08-11,20260811,2026-08-11T16:11:48+08:00,0.829,240465,19825336.0,802234084,802234084,2026-08-11
SH515380,515380,SH,沪深300ETF泰康,指数型-股票,T+1,2026-08-11,20260811,2026-08-11T16:11:52+08:00,5.483,28890,15926760.0,3642355847,3642355847,2026-08-11
SH515390,515390,SH,沪深300ETF华安,指数型-股票,T+1,2026-08-11,20260811,2026-08-11T16:11:51+08:00,1.378,791028,109379171.0,2428977185,2428977185,2026-08-11
SH515400,515400,SH,大数据ETF富国,指数型-股票,T+1,2026-08-11,20260811,2026-08-11T16:11:41+08:00,0.892,1089928,97745367.0,1493771216,1493771216,2026-08-11
SH515450,515450,SH,红利低波50ETF南方,指数型-股票,T+1,2026-08-11,20260811,2026-08-11T16:12:01+08:00,1.404,925848,130216187.0,19606628441,19606628441,2026-08-11
SH515460,515460,SH,红利质量ETF南方,指数型-股票,T+1,2026-08-11,20260811,2026-08-11T16:12:01+08:00,0.927,68450,6399645.0,260571364,260571364,2026-08-11
SH515480,515480,SH,红利低波100ETF南方,指数型-股票,T+1,2026-08-11,20260811,2026-08-11T16:12:00+08:00,1.065,58108,6208895.0,32312846,32312846,2026-08-11
SH515530,515530,SH,中证500ETF泰康,指数型-股票,T+1,2026-08-11,20260811,2026-08-11T16:11:39+08:00,4.417,13340,5890900.0,57609606,57609606,2026-08-11
SH515550,515550,SH,中证500ETF国联,指数型-股票,T+1,2026-08-11,20260811,2026-08-11T16:11:46+08:00,1.793,11829,2131085.0,38272840,38272840,2026-08-11
SH515560,515560,SH,证券ETF建信,指数型-股票,T+1,2026-08-11,20260811,2026-08-11T16:11:39+08:00,1.003,157344,15857454.0,196470950,196470950,2026-08-11
SH515580,515580,SH,科技100ETF华泰柏瑞,指数型-股票,T+1,2026-08-11,20260811,2026-08-11T16:11:34+08:00,1.423,58569,8399588.0,438328694,438328694,2026-08-11
SH515590,515590,SH,500等权ETF前海开源,指数型-股票,T+1,2026-08-11,20260811,2026-08-11T16:11:55+08:00,1.963,5254,1031859.0,70891193,70891193,2026-08-11
SH515600,515600,SH,央企创新ETF广发,指数型-股票,T+1,2026-08-11,20260811,2026-08-11T16:11:46+08:00,1.681,25626,4324865.0,1744537443,1744537443,2026-08-11
SH515630,515630,SH,证券保险ETF鹏华,指数型-股票,T+1,2026-08-11,20260811,2026-08-11T16:11:34+08:00,1.266,285851,36340906.0,1362491603,1362491603,2026-08-11
SH515640,515640,SH,家电ETF华夏,指数型-股票,T+1,2026-08-11,20260811,2026-08-11T16:11:48+08:00,0.959,2381,229212.0,16350950,16350950,2026-08-11
SH515650,515650,SH,消费50ETF富国,指数型-股票,T+1,2026-08-11,20260811,2026-08-11T16:11:54+08:00,1.084,775537,84263554.0,3463579456,3463579456,2026-08-11
SH515660,515660,SH,沪深300ETF国联安,指数型-股票,T+1,2026-08-11,20260811,2026-08-11T16:11:59+08:00,5.898,838,494997.0,2552030439,2552030439,2026-08-11
SH515680,515680,SH,央企创新ETF嘉实,指数型-股票,T+1,2026-08-11,20260811,2026-08-11T16:11:53+08:00,1.691,20413,3465116.0,1863929614,1863929614,2026-08-11
SH515700,515700,SH,新能源车ETF平安,指数型-股票,T+1,2026-08-11,20260811,2026-08-11T16:11:52+08:00,2.23,125532,28117589.0,1611197764,1611197764,2026-08-11
SH515710,515710,SH,食品饮料ETF华宝,指数型-股票,T+1,2026-08-11,20260811,2026-08-11T16:11:48+08:00,0.513,412436,21248571.0,1204831702,1204831702,2026-08-11
SH515720,515720,SH,金融科技ETF富国,指数型-股票,T+1,2026-08-11,20260811,2026-08-11T16:11:57+08:00,0.716,111480,7997304.0,311897482,311897482,2026-08-11
SH515730,515730,SH,家居家电ETF永赢,指数型-股票,T+1,2026-08-11,20260811,2026-08-11T16:11:43+08:00,0.849,17216,1456847.0,33019308,33019308,2026-08-11
SH515750,515750,SH,科技50ETF富国,指数型-股票,T+1,2026-08-11,20260811,2026-08-11T16:11:50+08:00,2.107,55640,11776765.0,564972034,564972034,2026-08-11
SH515760,515760,SH,浙江国资ETF华夏,指数型-股票,T+1,2026-08-11,20260811,2026-08-11T16:11:39+08:00,1.378,18648,2574251.0,132133802,132133802,2026-08-11
SH515770,515770,SH,MSCI中国A股ETF摩根,指数型-股票,T+1,2026-08-11,20260811,2026-08-11T16:11:47+08:00,1.428,13406,1922674.0,56730584,56730584,2026-08-11
SH515790,515790,SH,光伏ETF华泰柏瑞,指数型-股票,T+1,2026-08-11,20260811,2026-08-11T16:11:50+08:00,0.868,2676394,231691261.0,5266584695,5266584695,2026-08-11
SH515800,515800,SH,中证800ETF汇添富,指数型-股票,T+1,2026-08-11,20260811,2026-08-11T16:11:35+08:00,1.299,1137410,148551776.0,5310230423,5310230423,2026-08-11
SH515810,515810,SH,中证800ETF易方达,指数型-股票,T+1,2026-08-11,20260811,2026-08-11T16:11:48+08:00,1.73,57135,9936057.0,498082224,498082224,2026-08-11
SH515840,515840,SH,食品ETF南方,指数型-股票,T+1,2026-08-11,20260811,2026-08-11T16:11:53+08:00,1.038,79202,8261389.0,45076603,45076603,2026-08-11
SH515850,515850,SH,证券ETF富国,指数型-股票,T+1,2026-08-11,20260811,2026-08-11T16:11:36+08:00,1.363,474705,64962203.0,619880144,619880144,2026-08-11
SH515860,515860,SH,科技ETF嘉实,指数型-股票,T+1,2026-08-11,20260811,2026-08-11T16:12:02+08:00,2.133,40723,8748398.0,219440694,219440694,2026-08-11
SH515880,515880,SH,通信ETF国泰,指数型-股票,T+1,2026-08-11,20260811,2026-08-11T16:11:51+08:00,0.646,43005743,2773737414.0,39855469973,39855469973,2026-08-11
SH515890,515890,SH,红利ETF博时,指数型-股票,T+1,2026-08-11,20260811,2026-08-11T16:11:51+08:00,1.463,103900,15239655.0,499532432,499532432,2026-08-11
SH515900,515900,SH,央企创新ETF博时,指数型-股票,T+1,2026-08-11,20260811,2026-08-11T16:11:55+08:00,1.664,22974,3831151.0,3728102969,3728102969,2026-08-11
SH515910,515910,SH,质量ETF中金,指数型-股票,T+1,2026-08-11,20260811,2026-08-11T16:11:37+08:00,0.696,19851,1393599.0,158344872,158344872,2026-08-11
SH515920,515920,SH,智能消费ETF博时,指数型-股票,T+1,2026-08-11,20260811,2026-08-11T16:11:56+08:00,1.229,22009,2704358.0,80998105,80998105,2026-08-11
SH515950,515950,SH,医药50ETF富国,指数型-股票,T+1,2026-08-11,20260811,2026-08-11T16:11:52+08:00,0.998,241392,24326093.0,561076207,561076207,2026-08-11
SH515960,515960,SH,医药ETF嘉实,指数型-股票,T+1,2026-08-11,20260811,2026-08-11T16:11:34+08:00,0.879,88385,7806086.0,217105880,217105880,2026-08-11
SH515970,515970,SH,工程机械ETF华夏,指数型-股票,T+1,2026-08-11,20260811,2026-08-11T16:11:45+08:00,0.871,685658,60204161.0,614131648,614131648,2026-08-11
SH515980,515980,SH,人工智能ETF华富,指数型-股票,T+1,2026-08-11,20260811,2026-08-11T16:11:51+08:00,1.049,2091615,219940556.0,6151471346,6151471346,2026-08-11
SH515990,515990,SH,一带一路ETF汇添富,指数型-股票,T+1,2026-08-11,20260811,2026-08-11T16:11:33+08:00,1.518,20552,3131671.0,80985604,80985604,2026-08-11
SH516000,516000,SH,大数据ETF华夏,指数型-股票,T+1,2026-08-11,20260811,2026-08-11T16:11:58+08:00,0.979,380666,37467946.0,470757053,470757053,2026-08-11
SH516010,516010,SH,游戏ETF国泰,指数型-股票,T+1,2026-08-11,20260811,2026-08-11T16:11:47+08:00,1.124,913203,103738356.0,2736594941,2736594941,2026-08-11
SH516020,516020,SH,化工ETF华宝,指数型-股票,T+1,2026-08-11,20260811,2026-08-11T16:11:38+08:00,0.874,4538407,401466682.0,3423743106,3423743106,2026-08-11
SH516050,516050,SH,科技龙头ETF工银,指数型-股票,T+1,2026-08-11,20260811,2026-08-11T16:11:57+08:00,1.407,59618,8449075.0,224033796,224033796,2026-08-11
SH516060,516060,SH,创新药ETF工银,指数型-股票,T+1,2026-08-11,20260811,2026-08-11T16:11:34+08:00,0.64,356484,23076516.0,204951941,204951941,2026-08-11
SH516070,516070,SH,低碳ETF易方达,指数型-股票,T+1,2026-08-11,20260811,2026-08-11T16:11:40+08:00,0.595,46246,2757413.0,178884370,178884370,2026-08-11
SH516080,516080,SH,创新药ETF易方达,指数型-股票,T+1,2026-08-11,20260811,2026-08-11T16:11:54+08:00,0.735,5650370,419281985.0,4073042696,4073042696,2026-08-11
SH516090,516090,SH,新能源ETF易方达,指数型-股票,T+1,2026-08-11,20260811,2026-08-11T16:11:52+08:00,0.51,727113,37134945.0,869470848,869470848,2026-08-11
SH516100,516100,SH,金融科技ETF华夏,指数型-股票,T+1,2026-08-11,20260811,2026-08-11T16:11:54+08:00,1.064,271309,28932588.0,1160568317,1160568317,2026-08-11
SH516110,516110,SH,汽车ETF国泰,指数型-股票,T+1,2026-08-11,20260811,2026-08-11T16:12:02+08:00,1.138,218351,24954185.0,268139088,268139088,2026-08-11
SH516120,516120,SH,化工ETF富国,指数型-股票,T+1,2026-08-11,20260811,2026-08-11T16:11:43+08:00,0.896,893367,81199331.0,4752009429,4752009429,2026-08-11
SH516130,516130,SH,消费龙头ETF华宝,指数型-股票,T+1,2026-08-11,20260811,2026-08-11T16:11:46+08:00,0.695,190223,13245172.0,1091768550,1091768550,2026-08-11
SH516150,516150,SH,稀土ETF嘉实,指数型-股票,T+1,2026-08-11,20260811,2026-08-11T16:11:40+08:00,1.787,772028,138920615.0,6867578613,6867578613,2026-08-11
SH516160,516160,SH,新能源ETF南方,指数型-股票,T+1,2026-08-11,20260811,2026-08-11T16:11:53+08:00,2.575,620656,159851985.0,4048265650,4048265650,2026-08-11
SH516180,516180,SH,光伏ETF平安,指数型-股票,T+1,2026-08-11,20260811,2026-08-11T16:11:37+08:00,0.717,120441,8621550.0,110408679,110408679,2026-08-11
SH516190,516190,SH,传媒ETF华夏,指数型-股票,T+1,2026-08-11,20260811,2026-08-11T16:11:59+08:00,1.041,130371,13697551.0,113280059,113280059,2026-08-11
SH516200,516200,SH,证券ETF华安,指数型-股票,T+1,2026-08-11,20260811,2026-08-11T16:11:47+08:00,1.046,90976,9550334.0,466101784,466101784,2026-08-11
SH516210,516210,SH,银行ETF华安,指数型-股票,T+1,2026-08-11,20260811,2026-08-11T16:11:44+08:00,1.365,89137,12180688.0,110743815,110743815,2026-08-11
SH516220,516220,SH,化工ETF国泰,指数型-股票,T+1,2026-08-11,20260811,2026-08-11T16:11:56+08:00,0.916,162776,15047541.0,250223720,250223720,2026-08-11
SH516230,516230,SH,光伏ETF招商,指数型-股票,T+1,2026-08-11,20260811,2026-08-11T16:11:59+08:00,0.799,106134,8477712.0,587201885,587201885,2026-08-11
SH516250,516250,SH,工程机械ETF富国,指数型-股票,T+1,2026-08-11,20260811,2026-08-11T16:11:58+08:00,0.982,20844,2059347.0,109864196,109864196,2026-08-11
SH516260,516260,SH,物联网ETF华夏,指数型-股票,T+1,2026-08-11,20260811,2026-08-11T16:12:00+08:00,1.383,2670,369828.0,63455636,63455636,2026-08-11
SH516270,516270,SH,新能源ETF华安,指数型-股票,T+1,2026-08-11,20260811,2026-08-11T16:11:54+08:00,0.604,143681,8678159.0,172991041,172991041,2026-08-11
SH516290,516290,SH,光伏ETF汇添富,指数型-股票,T+1,2026-08-11,20260811,2026-08-11T16:11:34+08:00,0.537,185689,9963461.0,398022733,398022733,2026-08-11
SH516300,516300,SH,中证1000ETF华泰柏瑞,指数型-股票,T+1,2026-08-11,20260811,2026-08-11T16:12:02+08:00,3.236,28168,9150771.0,152132774,152132774,2026-08-11
SH516310,516310,SH,银行ETF易方达,指数型-股票,T+1,2026-08-11,20260811,2026-08-11T16:11:35+08:00,1.329,4859237,644487239.0,2695156841,2695156841,2026-08-11
SH516320,516320,SH,高端装备ETF华夏,指数型-股票,T+1,2026-08-11,20260811,2026-08-11T16:11:39+08:00,0.962,50155,4857440.0,85222907,85222907,2026-08-11
SH516330,516330,SH,物联网ETF华泰柏瑞,指数型-股票,T+1,2026-08-11,20260811,2026-08-11T16:11:46+08:00,1.599,54,8674.0,11626809,11626809,2026-08-11
SH516350,516350,SH,芯片ETF易方达,指数型-股票,T+1,2026-08-11,20260811,2026-08-11T16:11:52+08:00,1.698,1438410,246532669.0,2418657173,2418657173,2026-08-11
SH516360,516360,SH,新材料ETF华宝,指数型-股票,T+1,2026-08-11,20260811,2026-08-11T16:11:51+08:00,1.083,30653,3344093.0,66660599,66660599,2026-08-11
SH516370,516370,SH,电力ETF汇添富,指数型-股票,T+1,2026-08-11,20260811,2026-08-11T16:11:56+08:00,0.943,164760,15551340.0,303087744,303087744,2026-08-11
SH516380,516380,SH,智能电动车ETF华宝,指数型-股票,T+1,2026-08-11,20260811,2026-08-11T16:11:56+08:00,0.903,5847,528620.0,74451718,74451718,2026-08-11
SH516390,516390,SH,新能源车ETF汇添富,指数型-股票,T+1,2026-08-11,20260811,2026-08-11T16:11:57+08:00,0.891,25408,2270414.0,169522551,169522551,2026-08-11
SH516440,516440,SH,工程机械ETF南方,指数型-股票,T+1,2026-08-11,20260811,2026-08-11T16:11:46+08:00,0.978,77978,7660158.0,142911815,142911815,2026-08-11
SH516460,516460,SH,现金流ETF800鹏华,指数型-股票,T+1,2026-08-11,20260811,2026-08-11T16:11:40+08:00,1.241,77948,9744534.0,543177023,543177023,2026-08-11
SH516500,516500,SH,生物科技ETF华夏,指数型-股票,T+1,2026-08-11,20260811,2026-08-11T16:11:44+08:00,0.672,226481,15309688.0,151157798,151157798,2026-08-11
SH516510,516510,SH,云计算ETF易方达,指数型-股票,T+1,2026-08-11,20260811,2026-08-11T16:11:34+08:00,1.735,894614,155365395.0,2676914150,2676914150,2026-08-11
SH516520,516520,SH,智能驾驶ETF华泰柏瑞,指数型-股票,T+1,2026-08-11,20260811,2026-08-11T16:11:59+08:00,1.082,521409,56236538.0,902134275,902134275,2026-08-11
SH516530,516530,SH,物流ETF银华,指数型-股票,T+1,2026-08-11,20260811,2026-08-11T16:11:47+08:00,0.99,5146,514665.0,17624277,17624277,2026-08-11
SH516550,516550,SH,农业ETF嘉实,指数型-股票,T+1,2026-08-11,20260811,2026-08-11T16:11:43+08:00,0.714,159733,11554087.0,175225882,175225882,2026-08-11
SH516560,516560,SH,养老ETF华宝,指数型-股票,T+1,2026-08-11,20260811,2026-08-11T16:11:56+08:00,0.777,56579,4432450.0,162593466,162593466,2026-08-11
SH516570,516570,SH,化工行业ETF易方达,指数型-股票,T+1,2026-08-11,20260811,2026-08-11T16:11:39+08:00,1.04,322702,33992352.0,1174531904,1174531904,2026-08-11
SH516580,516580,SH,新能源ETF博时,指数型-股票,T+1,2026-08-11,20260811,2026-08-11T16:11:57+08:00,0.608,68171,4145643.0,89451453,89451453,2026-08-11
SH516590,516590,SH,智能汽车ETF易方达,指数型-股票,T+1,2026-08-11,20260811,2026-08-11T16:11:41+08:00,1.141,33093,3781655.0,59349115,59349115,2026-08-11
SH516600,516600,SH,消费服务ETF工银,指数型-股票,T+1,2026-08-11,20260811,2026-08-11T16:11:46+08:00,0.631,12670,803607.0,71512555,71512555,2026-08-11
SH516610,516610,SH,医疗设备ETF大成,指数型-股票,T+1,2026-08-11,20260811,2026-08-11T16:11:46+08:00,0.436,102725,4508252.0,107681013,107681013,2026-08-11
SH516620,516620,SH,影视ETF国泰,指数型-股票,T+1,2026-08-11,20260811,2026-08-11T16:11:42+08:00,0.867,369750,32243533.0,161060423,161060423,2026-08-11
SH516630,516630,SH,云计算ETF华夏,指数型-股票,T+1,2026-08-11,20260811,2026-08-11T16:11:38+08:00,1.69,306361,51905345.0,906103640,906103640,2026-08-11
SH516640,516640,SH,芯片ETF富国,指数型-股票,T+1,2026-08-11,20260811,2026-08-11T16:11:33+08:00,1.501,1190444,180354988.0,1916000683,1916000683,2026-08-11
SH516650,516650,SH,有色金属ETF华夏,指数型-股票,T+1,2026-08-11,20260811,2026-08-11T16:11:36+08:00,1.872,1681513,323049095.0,9931830166,9931830166,2026-08-11
SH516660,516660,SH,新能源车ETF华安,指数型-股票,T+1,2026-08-11,20260811,2026-08-11T16:11:38+08:00,1.012,9421,959013.0,157557268,157557268,2026-08-11
SH516670,516670,SH,畜牧养殖ETF招商,指数型-股票,T+1,2026-08-11,20260811,2026-08-11T16:11:55+08:00,0.609,666777,40878174.0,2020824179,2020824179,2026-08-11
SH516700,516700,SH,大数据ETF华宝,指数型-股票,T+1,2026-08-11,20260811,2026-08-11T16:11:47+08:00,0.93,166104,15510457.0,182858460,182858460,2026-08-11
SH516710,516710,SH,新材料ETF华夏,指数型-股票,T+1,2026-08-11,20260811,2026-08-11T16:11:40+08:00,0.79,50980,4050235.0,63414880,63414880,2026-08-11
SH516720,516720,SH,ESGETF浦银,指数型-股票,T+1,2026-08-11,20260811,2026-08-11T16:11:48+08:00,1.165,353,41378.0,14373537,14373537,2026-08-11
SH516730,516730,SH,证券ETF浦银,指数型-股票,T+1,2026-08-11,20260811,2026-08-11T16:12:02+08:00,0.995,16771,1677416.0,235696396,235696396,2026-08-11
SH516750,516750,SH,建材ETF富国,指数型-股票,T+1,2026-08-11,20260811,2026-08-11T16:11:50+08:00,0.591,199044,11764722.0,82543374,82543374,2026-08-11
SH516760,516760,SH,养殖ETF平安,指数型-股票,T+1,2026-08-11,20260811,2026-08-11T16:11:56+08:00,0.582,105214,6158636.0,182291191,182291191,2026-08-11
SH516770,516770,SH,游戏ETF华泰柏瑞,指数型-股票,T+1,2026-08-11,20260811,2026-08-11T16:11:53+08:00,1.19,481723,57981024.0,336827120,336827120,2026-08-11
SH516780,516780,SH,稀土ETF华泰柏瑞,指数型-股票,T+1,2026-08-11,20260811,2026-08-11T16:11:38+08:00,0.871,991302,87064210.0,2158424835,2158424835,2026-08-11
SH516790,516790,SH,医疗ETF华泰柏瑞,指数型-股票,T+1,2026-08-11,20260811,2026-08-11T16:11:48+08:00,0.526,101604,5364598.0,100193637,100193637,2026-08-11
SH516800,516800,SH,智能制造ETF华宝,指数型-股票,T+1,2026-08-11,20260811,2026-08-11T16:11:57+08:00,0.99,71743,7122582.0,188404920,188404920,2026-08-11
SH516810,516810,SH,农业ETF华夏,指数型-股票,T+1,2026-08-11,20260811,2026-08-11T16:11:59+08:00,0.751,926160,70310837.0,396136651,396136651,2026-08-11
SH516820,516820,SH,医疗创新ETF平安,指数型-股票,T+1,2026-08-11,20260811,2026-08-11T16:11:54+08:00,0.366,1662356,61363058.0,1747435928,1747435928,2026-08-11
SH516830,516830,SH,沪深300ESGETF富国,指数型-股票,T+1,2026-08-11,20260811,2026-08-11T16:11:42+08:00,1.047,64834,6818160.0,91274214,91274214,2026-08-11
SH516840,516840,SH,汽车ETF南方,指数型-股票,T+1,2026-08-11,20260811,2026-08-11T16:11:55+08:00,0.778,59122,4625244.0,105245506,105245506,2026-08-11
SH516850,516850,SH,新能源ETF华夏,指数型-股票,T+1,2026-08-11,20260811,2026-08-11T16:11:37+08:00,0.947,156779,14887379.0,134698439,134698439,2026-08-11
SH516860,516860,SH,金融科技ETF博时,指数型-股票,T+1,2026-08-11,20260811,2026-08-11T16:11:43+08:00,1.095,410101,45063000.0,1262011590,1262011590,2026-08-11
SH516880,516880,SH,光伏ETF银华,指数型-股票,T+1,2026-08-11,20260811,2026-08-11T16:11:53+08:00,0.737,180744,13283314.0,683894799,683894799,2026-08-11
SH516890,516890,SH,新材料ETF平安,指数型-股票,T+1,2026-08-11,20260811,2026-08-11T16:11:57+08:00,0.819,5729,471567.0,28920037,28920037,2026-08-11
SH516900,516900,SH,食品饮料ETF华安,指数型-股票,T+1,2026-08-11,20260811,2026-08-11T16:11:38+08:00,0.509,101476,5177547.0,147217565,147217565,2026-08-11
SH516910,516910,SH,物流ETF富国,指数型-股票,T+1,2026-08-11,20260811,2026-08-11T16:11:53+08:00,1.153,96751,11261333.0,76261495,76261495,2026-08-11
SH516920,516920,SH,芯片ETF汇添富,指数型-股票,T+1,2026-08-11,20260811,2026-08-11T16:11:39+08:00,1.456,257547,37824149.0,679898140,679898140,2026-08-11
SH516930,516930,SH,生物科技ETF民生加银,指数型-股票,T+1,2026-08-11,20260811,2026-08-11T16:11:43+08:00,0.526,13330,706075.0,56618430,56618430,2026-08-11
SH516950,516950,SH,基建ETF银华,指数型-股票,T+1,2026-08-11,20260811,2026-08-11T16:11:46+08:00,1.049,46475,4911969.0,116251229,116251229,2026-08-11
SH516960,516960,SH,机械ETF国泰,指数型-股票,T+1,2026-08-11,20260811,2026-08-11T16:11:49+08:00,0.915,3434,318037.0,14686757,14686757,2026-08-11
SH516970,516970,SH,基建ETF广发,指数型-股票,T+1,2026-08-11,20260811,2026-08-11T16:12:00+08:00,1.119,359630,40349213.0,1329419553,1329419553,2026-08-11
SH516980,516980,SH,证券先锋ETF华富,指数型-股票,T+1,2026-08-11,20260811,2026-08-11T16:11:45+08:00,1.074,26004,2804625.0,64457184,64457184,2026-08-11
SH517000,517000,SH,沪港深500ETF银华,指数型-股票,T+1,2026-08-11,20260811,2026-08-11T16:11:49+08:00,1.015,2987,304818.0,129709895,129709895,2026-08-11
SH517010,517010,SH,沪港深500ETF易方达,指数型-股票,T+1,2026-08-11,20260811,2026-08-11T16:12:01+08:00,1.136,150109,17075304.0,105811811,105811811,2026-08-11
SH517030,517030,SH,沪港深300ETF易方达,指数型-股票,T+1,2026-08-11,20260811,2026-08-11T16:11:46+08:00,1.155,128076,14792618.0,107461547,107461547,2026-08-11
SH517050,517050,SH,互联网ETF华泰柏瑞,指数型-股票,T+1,2026-08-11,20260811,2026-08-11T16:11:34+08:00,0.705,34671,2458873.0,245061531,245061531,2026-08-11
SH517080,517080,SH,沪港深500ETF汇添富,指数型-股票,T+1,2026-08-11,20260811,2026-08-11T16:11:49+08:00,1.01,5148,521668.0,182977660,182977660,2026-08-11
SH517090,517090,SH,央企共赢ETF国泰,指数型-股票,T+1,2026-08-11,20260811,2026-08-11T16:11:55+08:00,1.584,22141,3521343.0,90406800,90406800,2026-08-11
SH517100,517100,SH,沪港深500ETF富国,指数型-股票,T+1,2026-08-11,20260811,2026-08-11T16:11:44+08:00,1.027,3656,378256.0,152100857,152100857,2026-08-11
SH517110,517110,SH,创新药ETF国泰,指数型-股票,T+1,2026-08-11,20260811,2026-08-11T16:11:47+08:00,0.811,1045770,85833668.0,1190627880,1190627880,2026-08-11
SH517120,517120,SH,创新药ETF华泰柏瑞,指数型-股票,T+1,2026-08-11,20260811,2026-08-11T16:11:49+08:00,0.776,558065,43832746.0,492733926,492733926,2026-08-11
SH517130,517130,SH,云计算ETF嘉实,指数型-股票,T+1,2026-08-11,20260811,2026-08-11T16:11:40+08:00,0.987,66820,6624843.0,188668998,188668998,2026-08-11
SH517160,517160,SH,长江保护ETF南方,指数型-股票,T+1,2026-08-11,20260811,2026-08-11T16:12:02+08:00,0.973,160,15682.0,1779400511,1779400511,2026-08-11
SH517170,517170,SH,沪港深500ETF华夏,指数型-股票,T+1,2026-08-11,20260811,2026-08-11T16:11:41+08:00,1.017,2725,278649.0,16406041,16406041,2026-08-11
SH517180,517180,SH,中国国企ETF南方,指数型-股票,T+1,2026-08-11,20260811,2026-08-11T16:11:45+08:00,1.5,51216,7702920.0,156744450,156744450,2026-08-11
SH517200,517200,SH,互联网ETF嘉实,指数型-股票,T+1,2026-08-11,20260811,2026-08-11T16:11:55+08:00,0.624,12379,776457.0,87223968,87223968,2026-08-11
SH517300,517300,SH,沪港深300ETF国寿,指数型-股票,T+1,2026-08-11,20260811,2026-08-11T16:11:37+08:00,0.96,4626,445559.0,965217116,965217116,2026-08-11
SH517330,517330,SH,长江保护ETF易方达,指数型-股票,T+1,2026-08-11,20260811,2026-08-11T16:11:52+08:00,0.984,601,59636.0,1778254304,1778254304,2026-08-11
SH517350,517350,SH,沪港深科技ETF广发,指数型-股票,T+1,2026-08-11,20260811,2026-08-11T16:11:50+08:00,0.955,26765,2568251.0,46835110,46835110,2026-08-11
SH517360,517360,SH,沪港深科技ETF华安,指数型-股票,T+1,2026-08-11,20260811,2026-08-11T16:11:36+08:00,0.976,1110,108804.0,25945008,25945008,2026-08-11
SH517380,517380,SH,创新药ETF天弘,指数型-股票,T+1,2026-08-11,20260811,2026-08-11T16:11:33+08:00,0.887,1569182,140312675.0,2671933432,2671933432,2026-08-11
SH517390,517390,SH,云计算ETF天弘,指数型-股票,T+1,2026-08-11,20260811,2026-08-11T16:11:37+08:00,1.992,33328,6660999.0,269144299,269144299,2026-08-11
SH517400,517400,SH,黄金股ETF国泰,指数型-股票,T+1,2026-08-11,20260811,2026-08-11T16:11:50+08:00,1.612,1145624,192812791.0,1571364704,1571364704,2026-08-11
SH517520,517520,SH,黄金股ETF永赢,指数型-股票,T+1,2026-08-11,20260811,2026-08-11T16:11:48+08:00,2.044,8413898,1785784384.0,16817835776,16817835776,2026-08-11
SH517550,517550,SH,沪港深消费龙头ETF招商,指数型-股票,T+1,2026-08-11,20260811,2026-08-11T16:11:43+08:00,0.673,98676,6705701.0,55130410,55130410,2026-08-11
SH517660,517660,SH,物联网ETF天弘,指数型-股票,T+1,2026-08-11,20260811,2026-08-11T16:11:53+08:00,1.299,6056,788901.0,54922629,54922629,2026-08-11
SH517770,517770,SH,游戏传媒ETF浦银,指数型-股票,T+1,2026-08-11,20260811,2026-08-11T16:11:45+08:00,0.943,80873,7712298.0,152716775,152716775,2026-08-11
SH517800,517800,SH,人工智能50ETF方正富邦,指数型-股票,T+1,2026-08-11,20260811,2026-08-11T16:11:34+08:00,1.023,47081,4835998.0,214359113,214359113,2026-08-11
SH517850,517850,SH,张江ETF汇添富,指数型-股票,T+1,2026-08-11,20260811,2026-08-11T16:11:47+08:00,1.326,3591,478504.0,50633575,50633575,2026-08-11
SH517880,517880,SH,品牌消费ETF华泰柏瑞,指数型-股票,T+1,2026-08-11,20260811,2026-08-11T16:11:58+08:00,0.774,46833,3663816.0,41282915,41282915,2026-08-11
SH517900,517900,SH,银行AH优选ETF招商,指数型-股票,T+1,2026-08-11,20260811,2026-08-11T16:11:41+08:00,1.5,214454,32144252.0,628490256,628490256,2026-08-11
SH517950,517950,SH,沪深港科技50ETF交银,指数型-股票,T+1,2026-08-11,20260811,2026-08-11T16:11:35+08:00,1.206,34854,4230028.0,64066579,64066579,2026-08-11
SH517990,517990,SH,沪港深医药ETF招商,指数型-股票,T+1,2026-08-11,20260811,2026-08-11T16:11:35+08:00,0.933,41136,3888074.0,45705711,45705711,2026-08-11
SH520510,520510,SH,港股通医疗ETF华夏,指数型-股票,T+1,2026-08-11,20260811,2026-08-11T16:11:53+08:00,0.943,2507395,239637057.0,243037504,243037504,2026-08-11
SH520530,520530,SH,港股通科技ETF东财,指数型-股票,T+1,2026-08-11,20260811,2026-08-11T16:12:00+08:00,0.839,281278,23832145.0,198655064,198655064,2026-08-11
SH520550,520550,SH,港股红利低波ETF招商,指数型-股票,T+1,2026-08-11,20260811,2026-08-11T16:11:52+08:00,1.088,307882,33603577.0,1243066112,1243066112,2026-08-11
SH520560,520560,SH,香港大盘30ETF华宝,指数型-股票,T+1,2026-08-11,20260811,2026-08-11T16:11:51+08:00,0.834,53124,4468742.0,515761453,515761453,2026-08-11
SH520600,520600,SH,港股通汽车ETF广发,指数型-股票,T+1,2026-08-11,20260811,2026-08-11T16:12:00+08:00,1.049,1262205,133467526.0,304071532,304071532,2026-08-11
SH520610,520610,SH,港股红利低波ETF银华,指数型-股票,T+1,2026-08-11,20260811,2026-08-11T16:11:56+08:00,0.936,131566,12358373.0,316333375,316333375,2026-08-11
SH520620,520620,SH,恒生消费ETF嘉实,指数型-股票,T+1,2026-08-11,20260811,2026-08-11T16:11:51+08:00,0.838,42967,3612810.0,256770749,256770749,2026-08-11
SH520630,520630,SH,港股通互联网ETF广发,指数型-股票,T+1,2026-08-11,20260811,2026-08-11T16:11:49+08:00,0.713,257827,18694975.0,468519430,468519430,2026-08-11
SH520650,520650,SH,港股通互联网ETF南方,指数型-股票,T+1,2026-08-11,20260811,2026-08-11T16:11:35+08:00,0.645,1265477,82718236.0,1656846980,1656846980,2026-08-11
SH520660,520660,SH,港股通央企红利ETF南方,指数型-股票,T+1,2026-08-11,20260811,2026-08-11T16:11:53+08:00,0.972,433708,42299743.0,2381871910,2381871910,2026-08-11
SH520670,520670,SH,港股通科技ETF嘉实,指数型-股票,T+1,2026-08-11,20260811,2026-08-11T16:11:45+08:00,0.808,117195,9563336.0,176893905,176893905,2026-08-11
SH520680,520680,SH,港股通汽车ETF南方,指数型-股票,T+1,2026-08-11,20260811,2026-08-11T16:11:44+08:00,0.848,208775,17853467.0,56280912,56280912,2026-08-11
SH520690,520690,SH,港股创新药ETF博时,指数型-股票,T+1,2026-08-11,20260811,2026-08-11T16:11:47+08:00,0.75,1868672,142231374.0,523840500,523840500,2026-08-11
SH520700,520700,SH,港股通创新药ETF万家,指数型-股票,T+1,2026-08-11,20260811,2026-08-11T16:11:35+08:00,1.601,5081850,825076351.0,755793676,755793676,2026-08-11
SH520710,520710,SH,港股通信息技术ETF广发,指数型-股票,T+1,2026-08-11,20260811,2026-08-11T16:12:00+08:00,0.9,422699,38298951.0,99926100,99926100,2026-08-11
SH520720,520720,SH,港股汽车ETF国泰,指数型-股票,T+1,2026-08-11,20260811,2026-08-11T16:11:43+08:00,0.775,200626,15636285.0,96830050,96830050,2026-08-11
SH520730,520730,SH,港股通汽车ETF万家,指数型-股票,T+1,2026-08-11,20260811,2026-08-11T16:11:58+08:00,0.793,27348,2179423.0,97058759,97058759,2026-08-11
SH520740,520740,SH,港股通互联网ETF华安,指数型-股票,T+1,2026-08-11,20260811,2026-08-11T16:11:48+08:00,0.982,420093,42018385.0,83482373,83482373,2026-08-11
SH520750,520750,SH,港股通信息ETF华富,指数型-股票,T+1,2026-08-11,20260811,2026-08-11T16:11:53+08:00,0.89,117397,10532779.0,120491760,120491760,2026-08-11
SH520760,520760,SH,恒生生物科技ETF摩根,指数型-股票,T+1,2026-08-11,20260811,2026-08-11T16:11:43+08:00,0.972,201822,19893467.0,174440952,174440952,2026-08-11
SH520770,520770,SH,恒指港股通ETF建信,指数型-股票,T+1,2026-08-11,20260811,2026-08-11T16:11:36+08:00,0.948,32726,3107480.0,203226362,203226362,2026-08-11
SH520780,520780,SH,港股通汽车ETF华宝,指数型-股票,T+1,2026-08-11,20260811,2026-08-11T16:11:52+08:00,0.85,96954,8295528.0,33541000,33541000,2026-08-11
SH520790,520790,SH,港股通互联网ETF兴业,指数型-股票,T+1,2026-08-11,20260811,2026-08-11T16:11:47+08:00,0.887,153357,13842859.0,405425532,405425532,2026-08-11
SH520810,520810,SH,港股通红利ETF易方达,指数型-股票,T+1,2026-08-11,20260811,2026-08-11T16:11:54+08:00,1.012,47512,4827480.0,287772320,287772320,2026-08-11
SH520820,520820,SH,恒指港股通ETF汇添富,指数型-股票,T+1,2026-08-11,20260811,2026-08-11T16:11:40+08:00,0.935,10011,945698.0,58607670,58607670,2026-08-11
SH520840,520840,SH,港股通恒生科技ETF华安,指数型-股票,T+1,2026-08-11,20260811,2026-08-11T16:11:48+08:00,0.796,579050,46627852.0,893947010,893947010,2026-08-11
SH520850,520850,SH,港股通医疗ETF易方达,指数型-股票,T+1,2026-08-11,20260811,2026-08-11T16:11:43+08:00,0.891,1447786,131025671.0,185550394,185550394,2026-08-11
SH520860,520860,SH,港股通科技ETF富国,指数型-股票,T+1,2026-08-11,20260811,2026-08-11T16:11:36+08:00,0.81,190314,15606658.0,279607956,279607956,2026-08-11
SH520880,520880,SH,港股通创新药ETF华宝,指数型-股票,T+1,2026-08-11,20260811,2026-08-11T16:12:02+08:00,0.464,9610824,451010860.0,2327246774,2327246774,2026-08-11
SH520890,520890,SH,港股通红利低波ETF华泰柏瑞,指数型-股票,T+1,2026-08-11,20260811,2026-08-11T16:11:49+08:00,1.315,111036,14647823.0,99950520,99950520,2026-08-11
SH520900,520900,SH,港股通红利ETF广发,指数型-股票,T+1,2026-08-11,20260811,2026-08-11T16:11:59+08:00,0.987,697891,69182279.0,1568022233,1568022233,2026-08-11
SH520910,520910,SH,港股通互联网ETF华夏,指数型-股票,T+1,2026-08-11,20260811,2026-08-11T16:11:41+08:00,0.681,508341,35076012.0,511734050,511734050,2026-08-11
SH520930,520930,SH,恒生生物科技ETF国泰,指数型-股票,T+1,2026-08-11,20260811,2026-08-11T16:12:02+08:00,0.973,388191,38257116.0,185583209,185583209,2026-08-11
SH520940,520940,SH,港股通恒生ETF华安,指数型-股票,T+1,2026-08-11,20260811,2026-08-11T16:11:37+08:00,1.013,37671,3836614.0,22586861,22586861,2026-08-11
SH520950,520950,SH,港股通50ETF摩根,指数型-股票,T+1,2026-08-11,20260811,2026-08-11T16:11:34+08:00,0.859,160315,13877091.0,285549646,285549646,2026-08-11
SH520960,520960,SH,恒指港股通ETF嘉实,指数型-股票,T+1,2026-08-11,20260811,2026-08-11T16:11:58+08:00,0.92,22297,2067069.0,55755128,55755128,2026-08-11
SH520970,520970,SH,港股通创新药ETF嘉实,指数型-股票,T+1,2026-08-11,20260811,2026-08-11T16:11:50+08:00,0.891,2359805,213480614.0,1139907978,1139907978,2026-08-11
SH520980,520980,SH,港股通科技ETF汇添富,指数型-股票,T+1,2026-08-11,20260811,2026-08-11T16:11:41+08:00,0.91,2360562,217005190.0,3022462177,3022462177,2026-08-11
SH520990,520990,SH,港股央企红利ETF景顺,指数型-股票,T+1,2026-08-11,20260811,2026-08-11T16:11:41+08:00,0.968,867596,84188322.0,3317791440,3317791440,2026-08-11
SH526000,526000,SH,港股通信息技术ETF华夏,指数型-股票,T+1,2026-08-11,20260811,2026-08-11T16:11:35+08:00,1.178,3816783,453715393.0,212207276,212207276,2026-08-11
SH526010,526010,SH,港股通医疗ETF汇添富,指数型-股票,T+1,2026-08-11,20260811,2026-08-11T16:11:51+08:00,1.029,226423,23589028.0,64269282,64269282,2026-08-11
SH526030,526030,SH,港股通信息技术ETF汇添富,指数型-股票,T+1,2026-08-11,20260811,2026-08-11T16:11:59+08:00,0.864,331092,28875372.0,141233760,141233760,2026-08-11
SH526050,526050,SH,港股通信息技术ETF招商,指数型-股票,T+1,2026-08-11,20260811,2026-08-11T16:11:50+08:00,1.064,358123,38415731.0,64510320,64510320,2026-08-11
SH526070,526070,SH,恒指港股通ETF博时,指数型-股票,T+1,2026-08-11,20260811,2026-08-11T16:11:48+08:00,0.999,87853,8860787.0,58318623,58318623,2026-08-11
SH530000,530000,SH,上证50ETF天弘,指数型-股票,T+1,2026-08-11,20260811,2026-08-11T16:11:53+08:00,1.392,176384,24650501.0,1387864936,1387864936,2026-08-11
SH530050,530050,SH,上证50ETF东财,指数型-股票,T+1,2026-08-11,20260811,2026-08-11T16:11:33+08:00,1.19,51556,6171394.0,165187470,165187470,2026-08-11
SH530060,530060,SH,上证指数ETF易方达,指数型-股票,T+1,2026-08-11,20260811,2026-08-11T16:11:54+08:00,0.997,465266,46486417.0,661203429,661203429,2026-08-11
SH530080,530080,SH,上证180ETF天弘,指数型-股票,T+1,2026-08-11,20260811,2026-08-11T16:11:51+08:00,1.254,62349,7846988.0,36261918,36261918,2026-08-11
SH530100,530100,SH,上证580ETF易方达,指数型-股票,T+1,2026-08-11,20260811,2026-08-11T16:11:40+08:00,1.144,44092,5067257.0,142652224,142652224,2026-08-11
SH530180,530180,SH,上证180ETF易方达,指数型-股票,T+1,2026-08-11,20260811,2026-08-11T16:11:54+08:00,1.21,104550,12772733.0,82221920,82221920,2026-08-11
SH530280,530280,SH,上证180ETF平安,指数型-股票,T+1,2026-08-11,20260811,2026-08-11T16:11:45+08:00,1.224,200,24595.0,36639216,36639216,2026-08-11
SH530300,530300,SH,上证180ETF华泰柏瑞,指数型-股票,T+1,2026-08-11,20260811,2026-08-11T16:11:49+08:00,1.252,26181,3296599.0,44625036,44625036,2026-08-11
SH530380,530380,SH,上证380ETF易方达,指数型-股票,T+1,2026-08-11,20260811,2026-08-11T16:11:41+08:00,1.121,62107,6986290.0,155488305,155488305,2026-08-11
SH530530,530530,SH,上证580ETF华夏,指数型-股票,T+1,2026-08-11,20260811,2026-08-11T16:11:50+08:00,1.138,6551,747820.0,153015480,153015480,2026-08-11
SH530580,530580,SH,上证180ETF南方,指数型-股票,T+1,2026-08-11,20260811,2026-08-11T16:11:40+08:00,1.187,142523,17038426.0,79705863,79705863,2026-08-11
SH530680,530680,SH,上证180ETF兴业,指数型-股票,T+1,2026-08-11,20260811,2026-08-11T16:11:35+08:00,1.181,34880,4149087.0,142773334,142773334,2026-08-11
SH530800,530800,SH,上证180ETF银华,指数型-股票,T+1,2026-08-11,20260811,2026-08-11T16:11:56+08:00,1.221,8585,1053888.0,22224398,22224398,2026-08-11
SH530880,530880,SH,XD红利国企ETF银河,指数型-股票,T+1,2026-08-11,20260811,2026-08-11T16:11:59+08:00,1.095,20849,2291449.0,43072920,43072920,2026-08-11
SH560010,560010,SH,中证1000ETF广发,指数型-股票,T+1,2026-08-11,20260811,2026-08-11T16:11:46+08:00,3.2,1907006,612643225.0,6702789427,6702789427,2026-08-11
SH560020,560020,SH,红利ETF汇添富,指数型-股票,T+1,2026-08-11,20260811,2026-08-11T16:11:33+08:00,1.113,32748,3653869.0,143089506,143089506,2026-08-11
SH560030,560030,SH,800价值ETF汇添富,指数型-股票,T+1,2026-08-11,20260811,2026-08-11T16:11:55+08:00,1.299,1671,217135.0,31737168,31737168,2026-08-11
SH560050,560050,SH,中国A50ETF汇添富,指数型-股票,T+1,2026-08-11,20260811,2026-08-11T16:11:48+08:00,1.12,831235,93594416.0,2522726528,2522726528,2026-08-11
SH560060,560060,SH,碳中和ETF汇添富,指数型-股票,T+1,2026-08-11,20260811,2026-08-11T16:11:59+08:00,0.945,18615,1775659.0,71905050,71905050,2026-08-11
SH560070,560070,SH,央企红利ETF汇添富,指数型-股票,T+1,2026-08-11,20260811,2026-08-11T16:11:35+08:00,1.16,19746,2298185.0,97860268,97860268,2026-08-11
SH560080,560080,SH,中药ETF汇添富,指数型-股票,T+1,2026-08-11,20260811,2026-08-11T16:11:37+08:00,1.003,814725,82345793.0,2253003803,2253003803,2026-08-11
SH560090,560090,SH,证券ETF汇添富,指数型-股票,T+1,2026-08-11,20260811,2026-08-11T16:11:54+08:00,1.176,735121,86639342.0,2801661249,2801661249,2026-08-11
SH560100,560100,SH,中证500增强ETF南方,指数型-股票,T+1,2026-08-11,20260811,2026-08-11T16:11:48+08:00,1.353,76024,10371396.0,88730146,88730146,2026-08-11
SH560110,560110,SH,中证1000ETF汇添富,指数型-股票,T+1,2026-08-11,20260811,2026-08-11T16:11:56+08:00,1.156,145918,16914539.0,425296451,425296451,2026-08-11
SH560120,560120,SH,中证500现金流ETF华夏,指数型-股票,T+1,2026-08-11,20260811,2026-08-11T16:11:59+08:00,1.23,175314,21699711.0,711787480,711787480,2026-08-11
SH560130,560130,SH,食品ETF鹏华,指数型-股票,T+1,2026-08-11,20260811,2026-08-11T16:11:40+08:00,0.928,2783,259046.0,64752314,64752314,2026-08-11
SH560150,560150,SH,红利低波ETF泰康,指数型-股票,T+1,2026-08-11,20260811,2026-08-11T16:11:57+08:00,1.115,68595,7659318.0,762971415,762971415,2026-08-11
SH560160,560160,SH,食品ETF易方达,指数型-股票,T+1,2026-08-11,20260811,2026-08-11T16:11:58+08:00,0.935,64385,6035171.0,111925110,111925110,2026-08-11
SH560170,560170,SH,央企科技ETF南方,指数型-股票,T+1,2026-08-11,20260811,2026-08-11T16:12:02+08:00,1.261,190776,24122988.0,474760831,474760831,2026-08-11
SH560180,560180,SH,沪深300ESGETF南方,指数型-股票,T+1,2026-08-11,20260811,2026-08-11T16:11:56+08:00,1.211,17149,2087501.0,18895233,18895233,2026-08-11
SH560190,560190,SH,公用事业ETF鹏华,指数型-股票,T+1,2026-08-11,20260811,2026-08-11T16:11:39+08:00,1.037,3938,407749.0,20049358,20049358,2026-08-11
SH560210,560210,SH,农牧渔ETF景顺,指数型-股票,T+1,2026-08-11,20260811,2026-08-11T16:12:00+08:00,0.799,76741,6161724.0,423088078,423088078,2026-08-11
SH560220,560220,SH,中证2000ETF广发,指数型-股票,T+1,2026-08-11,20260811,2026-08-11T16:11:43+08:00,1.418,39934,5669987.0,94604706,94604706,2026-08-11
SH560230,560230,SH,光伏ETF富国,指数型-股票,T+1,2026-08-11,20260811,2026-08-11T16:11:48+08:00,0.783,32032,2498838.0,71949087,71949087,2026-08-11
SH560250,560250,SH,红利质量ETF富国,指数型-股票,T+1,2026-08-11,20260811,2026-08-11T16:11:35+08:00,1.007,183700,18783783.0,175049831,175049831,2026-08-11
SH560260,560260,SH,医疗ETF广发,指数型-股票,T+1,2026-08-11,20260811,2026-08-11T16:11:42+08:00,0.89,394028,35340648.0,1622171587,1622171587,2026-08-11
SH560270,560270,SH,电力ETF工银,指数型-股票,T+1,2026-08-11,20260811,2026-08-11T16:11:37+08:00,0.968,106025,10294504.0,164984952,164984952,2026-08-11
SH560280,560280,SH,工程机械ETF广发,指数型-股票,T+1,2026-08-11,20260811,2026-08-11T16:11:54+08:00,1.566,571373,89994637.0,2898277632,2898277632,2026-08-11
SH560290,560290,SH,有色ETF景顺,指数型-股票,T+1,2026-08-11,20260811,2026-08-11T16:11:35+08:00,0.838,141205,12152060.0,311479572,311479572,2026-08-11
SH560300,560300,SH,电信ETF汇添富,指数型-股票,T+1,2026-08-11,20260811,2026-08-11T16:11:43+08:00,2.252,5241,1173406.0,58109257,58109257,2026-08-11
SH560310,560310,SH,光伏ETF博时,指数型-股票,T+1,2026-08-11,20260811,2026-08-11T16:11:36+08:00,0.782,28854,2253222.0,143201404,143201404,2026-08-11
SH560320,560320,SH,食品ETF富国,指数型-股票,T+1,2026-08-11,20260811,2026-08-11T16:11:40+08:00,0.943,77196,7300734.0,124789076,124789076,2026-08-11
SH560330,560330,SH,沪深300价值ETF申万菱信,指数型-股票,T+1,2026-08-11,20260811,2026-08-11T16:11:43+08:00,1.223,757,92984.0,20949990,20949990,2026-08-11
SH560350,560350,SH,中证A50ETF摩根,指数型-股票,T+1,2026-08-11,20260811,2026-08-11T16:11:38+08:00,1.293,130973,17037608.0,1101031000,1101031000,2026-08-11
SH560360,560360,SH,软件ETF万家,指数型-股票,T+1,2026-08-11,20260811,2026-08-11T16:11:39+08:00,1.307,59080,7743755.0,281455915,281455915,2026-08-11
SH560370,560370,SH,红利质量ETF易方达,指数型-股票,T+1,2026-08-11,20260811,2026-08-11T16:11:55+08:00,0.914,59933,5532221.0,111127776,111127776,2026-08-11
SH560380,560380,SH,A100ETF南方,指数型-股票,T+1,2026-08-11,20260811,2026-08-11T16:11:45+08:00,1.286,26410,3407581.0,188863246,188863246,2026-08-11
SH560390,560390,SH,电网设备ETF易方达,指数型-股票,T+1,2026-08-11,20260811,2026-08-11T16:12:01+08:00,0.883,1373076,121690294.0,1954306814,1954306814,2026-08-11
SH560400,560400,SH,证券ETF华泰柏瑞,指数型-股票,T+1,2026-08-11,20260811,2026-08-11T16:11:34+08:00,0.991,189906,18902573.0,187787563,187787563,2026-08-11
SH560410,560410,SH,电池ETF鹏华,指数型-股票,T+1,2026-08-11,20260811,2026-08-11T16:11:42+08:00,0.879,26481,2331299.0,58704982,58704982,2026-08-11
SH560420,560420,SH,食品ETF前海开源,指数型-股票,T+1,2026-08-11,20260811,2026-08-11T16:11:52+08:00,0.941,13895,1311483.0,130592168,130592168,2026-08-11
SH560450,560450,SH,电力ETF天弘,指数型-股票,T+1,2026-08-11,20260811,2026-08-11T16:11:37+08:00,0.963,175806,16893893.0,252853947,252853947,2026-08-11
SH560460,560460,SH,电力ETF平安,指数型-股票,T+1,2026-08-11,20260811,2026-08-11T16:11:43+08:00,0.922,59804,5529137.0,270641121,270641121,2026-08-11
SH560470,560470,SH,有色ETF易方达,指数型-股票,T+1,2026-08-11,20260811,2026-08-11T16:11:38+08:00,0.913,296030,27803017.0,296122420,296122420,2026-08-11
SH560480,560480,SH,电力ETF招商,指数型-股票,T+1,2026-08-11,20260811,2026-08-11T16:11:56+08:00,0.919,127798,11732360.0,138128457,138128457,2026-08-11
SH560490,560490,SH,工业有色ETF华泰柏瑞,指数型-股票,T+1,2026-08-11,20260811,2026-08-11T16:11:54+08:00,0.985,203503,20467859.0,111779770,111779770,2026-08-11
SH560500,560500,SH,500质量成长ETF鹏扬,指数型-股票,T+1,2026-08-11,20260811,2026-08-11T16:12:01+08:00,1.409,12398,1760155.0,414723662,414723662,2026-08-11
SH560510,560510,SH,中证A500ETF泰康,指数型-股票,T+1,2026-08-11,20260811,2026-08-11T16:11:54+08:00,1.204,441883,53508706.0,3058192383,3058192383,2026-08-11
SH560520,560520,SH,红利低波100ETF大成,指数型-股票,T+1,2026-08-11,20260811,2026-08-11T16:11:44+08:00,1.101,6960,766300.0,63583851,63583851,2026-08-11
SH560530,560530,SH,中证A500ETF摩根,指数型-股票,T+1,2026-08-11,20260811,2026-08-11T16:11:48+08:00,1.237,447050,55811488.0,4637047512,4637047512,2026-08-11
SH560550,560550,SH,碳中和ETF广发,指数型-股票,T+1,2026-08-11,20260811,2026-08-11T16:11:42+08:00,0.988,2961,294846.0,124090231,124090231,2026-08-11
SH560560,560560,SH,碳中和ETF泰康,指数型-股票,T+1,2026-08-11,20260811,2026-08-11T16:11:49+08:00,0.693,5394,374180.0,50720739,50720739,2026-08-11
SH560570,560570,SH,A500红利ETF国联安,指数型-股票,T+1,2026-08-11,20260811,2026-08-11T16:11:52+08:00,1.003,370901,37339653.0,1191103824,1191103824,2026-08-11
SH560580,560580,SH,电力ETF南方,指数型-股票,T+1,2026-08-11,20260811,2026-08-11T16:11:56+08:00,1.125,145008,16321131.0,562503384,562503384,2026-08-11
SH560590,560590,SH,中证1000增强ETF鹏华,指数型-股票,T+1,2026-08-11,20260811,2026-08-11T16:11:49+08:00,1.441,12650,1829779.0,41371110,41371110,2026-08-11
SH560610,560610,SH,A500ETF招商,指数型-股票,T+1,2026-08-11,20260811,2026-08-11T16:11:39+08:00,1.207,695383,84445880.0,6230519941,6230519941,2026-08-11
SH560620,560620,SH,公用事业ETF万家,指数型-股票,T+1,2026-08-11,20260811,2026-08-11T16:11:45+08:00,0.969,2271,220272.0,26034123,26034123,2026-08-11
SH560630,560630,SH,机器人ETF万家,指数型-股票,T+1,2026-08-11,20260811,2026-08-11T16:11:40+08:00,1.155,89411,10293041.0,194495070,194495070,2026-08-11
SH560660,560660,SH,云计算50ETF新华,指数型-股票,T+1,2026-08-11,20260811,2026-08-11T16:11:44+08:00,1.117,54370,6070567.0,146257746,146257746,2026-08-11
SH560670,560670,SH,银行ETF华泰柏瑞,指数型-股票,T+1,2026-08-11,20260811,2026-08-11T16:11:33+08:00,1.037,129172,13409895.0,58045038,58045038,2026-08-11
SH560680,560680,SH,消费ETF广发,指数型-股票,T+1,2026-08-11,20260811,2026-08-11T16:11:58+08:00,0.748,235354,17717270.0,264212749,264212749,2026-08-11
SH560690,560690,SH,电信ETF鹏华,指数型-股票,T+1,2026-08-11,20260811,2026-08-11T16:12:01+08:00,2.16,24020,5199900.0,45660240,45660240,2026-08-11
SH560700,560700,SH,央企红利ETF广发,指数型-股票,T+1,2026-08-11,20260811,2026-08-11T16:11:50+08:00,1.186,71247,8487699.0,539080759,539080759,2026-08-11
SH560710,560710,SH,船舶ETF富国,指数型-股票,T+1,2026-08-11,20260811,2026-08-11T16:11:53+08:00,0.905,478365,43486037.0,1699209900,1699209900,2026-08-11
SH560720,560720,SH,红利低波100ETF工银,指数型-股票,T+1,2026-08-11,20260811,2026-08-11T16:11:51+08:00,0.988,14636,1451268.0,102305424,102305424,2026-08-11
SH560730,560730,SH,红利低波ETF国泰海通,指数型-股票,T+1,2026-08-11,20260811,2026-08-11T16:11:34+08:00,1.022,21490,2203718.0,111230699,111230699,2026-08-11
SH560750,560750,SH,A500ETF申万菱信,指数型-股票,T+1,2026-08-11,20260811,2026-08-11T16:11:57+08:00,1.355,40826,5547053.0,90181754,90181754,2026-08-11
SH560770,560770,SH,机器人ETF招商,指数型-股票,T+1,2026-08-11,20260811,2026-08-11T16:11:40+08:00,1.016,324363,32775409.0,1694823136,1694823136,2026-08-11
SH560780,560780,SH,半导体设备ETF广发,指数型-股票,T+1,2026-08-11,20260811,2026-08-11T16:11:42+08:00,1.091,9097420,1005960988.0,12317922478,12317922478,2026-08-11
SH560790,560790,SH,软件ETF鹏华,指数型-股票,T+1,2026-08-11,20260811,2026-08-11T16:11:41+08:00,0.885,35632,3165442.0,197758472,197758472,2026-08-11
SH560800,560800,SH,数字经济ETF鹏扬,指数型-股票,T+1,2026-08-11,20260811,2026-08-11T16:11:51+08:00,1.206,51383,6257441.0,347269031,347269031,2026-08-11
SH560810,560810,SH,央企ESGETF融通,指数型-股票,T+1,2026-08-11,20260811,2026-08-11T16:11:51+08:00,1.281,992,127425.0,242257596,242257596,2026-08-11
SH560820,560820,SH,中证A50ETF新华,指数型-股票,T+1,2026-08-11,20260811,2026-08-11T16:11:49+08:00,1.23,13,1599.0,50338980,50338980,2026-08-11
SH560830,560830,SH,电力ETF华夏,指数型-股票,T+1,2026-08-11,20260811,2026-08-11T16:11:45+08:00,0.922,304497,28114825.0,675843525,675843525,2026-08-11
SH560850,560850,SH,信创ETF汇添富,指数型-股票,T+1,2026-08-11,20260811,2026-08-11T16:11:49+08:00,1.403,44780,6297572.0,102649092,102649092,2026-08-11
SH560860,560860,SH,工业有色ETF万家,指数型-股票,T+1,2026-08-11,20260811,2026-08-11T16:11:52+08:00,1.652,2582219,437126633.0,9742228744,9742228744,2026-08-11
SH560870,560870,SH,工业有色ETF中银,指数型-股票,T+1,2026-08-11,20260811,2026-08-11T16:11:47+08:00,0.948,112808,10975809.0,92289601,92289601,2026-08-11
SH560880,560880,SH,家电ETF广发,指数型-股票,T+1,2026-08-11,20260811,2026-08-11T16:12:01+08:00,1.522,136152,20748835.0,315407104,315407104,2026-08-11
SH560900,560900,SH,创新药ETF摩根,指数型-股票,T+1,2026-08-11,20260811,2026-08-11T16:11:59+08:00,0.993,319644,32032751.0,216443316,216443316,2026-08-11
SH560910,560910,SH,电池ETF华泰柏瑞,指数型-股票,T+1,2026-08-11,20260811,2026-08-11T16:11:36+08:00,0.788,125278,9910127.0,160532148,160532148,2026-08-11
SH560920,560920,SH,工程机械ETF招商,指数型-股票,T+1,2026-08-11,20260811,2026-08-11T16:11:35+08:00,1.009,33188,3361074.0,47799660,47799660,2026-08-11
SH560930,560930,SH,电力ETF易方达,指数型-股票,T+1,2026-08-11,20260811,2026-08-11T16:11:59+08:00,0.905,84620,7655585.0,205004220,205004220,2026-08-11
SH560950,560950,SH,中证500增强ETF汇添富,指数型-股票,T+1,2026-08-11,20260811,2026-08-11T16:11:36+08:00,1.389,10210,1427501.0,24283887,24283887,2026-08-11
SH560970,560970,SH,工业有色ETF平安,指数型-股票,T+1,2026-08-11,20260811,2026-08-11T16:11:37+08:00,0.969,51671,5108414.0,66994722,66994722,2026-08-11
SH560980,560980,SH,光伏龙头ETF广发,指数型-股票,T+1,2026-08-11,20260811,2026-08-11T16:11:50+08:00,0.667,398058,26483950.0,235132174,235132174,2026-08-11
SH560990,560990,SH,科技先锋ETF中金,指数型-股票,T+1,2026-08-11,20260811,2026-08-11T16:11:48+08:00,1.186,5718,674657.0,23941901,23941901,2026-08-11
SH561000,561000,SH,沪深300增强ETF华安,指数型-股票,T+1,2026-08-11,20260811,2026-08-11T16:11:45+08:00,1.328,30330,4063979.0,72933760,72933760,2026-08-11
SH561010,561010,SH,软件ETF华安,指数型-股票,T+1,2026-08-11,20260811,2026-08-11T16:11:52+08:00,0.915,143736,13199376.0,269335740,269335740,2026-08-11
SH561020,561020,SH,食品ETF招商,指数型-股票,T+1,2026-08-11,20260811,2026-08-11T16:11:35+08:00,1.027,74026,7621715.0,51372799,51372799,2026-08-11
SH561030,561030,SH,工程机械ETF华泰柏瑞,指数型-股票,T+1,2026-08-11,20260811,2026-08-11T16:11:42+08:00,0.908,54713,4985654.0,173019400,173019400,2026-08-11
SH561050,561050,SH,稀有金属ETF易方达,指数型-股票,T+1,2026-08-11,20260811,2026-08-11T16:12:02+08:00,0.901,281097,25674995.0,214663250,214663250,2026-08-11
SH561060,561060,SH,国企红利ETF华安,指数型-股票,T+1,2026-08-11,20260811,2026-08-11T16:11:50+08:00,1.155,8943,1035613.0,63022575,63022575,2026-08-11
SH561080,561080,SH,全指现金流ETF华安,指数型-股票,T+1,2026-08-11,20260811,2026-08-11T16:11:44+08:00,1.202,5643,684039.0,30350500,30350500,2026-08-11
SH561090,561090,SH,A500增强ETF华安,指数型-股票,T+1,2026-08-11,20260811,2026-08-11T16:11:34+08:00,1.248,102138,12828997.0,318207552,318207552,2026-08-11
SH561100,561100,SH,消费电子ETF富国,指数型-股票,T+1,2026-08-11,20260811,2026-08-11T16:11:57+08:00,1.649,277262,45801286.0,944459632,944459632,2026-08-11
SH561120,561120,SH,家电ETF富国,指数型-股票,T+1,2026-08-11,20260811,2026-08-11T16:12:00+08:00,1.264,70455,8919650.0,35594114,35594114,2026-08-11
SH561130,561130,SH,国货ETF富国,指数型-股票,T+1,2026-08-11,20260811,2026-08-11T16:11:52+08:00,1.08,57129,6209642.0,92810016,92810016,2026-08-11
SH561160,561160,SH,电池ETF富国,指数型-股票,T+1,2026-08-11,20260811,2026-08-11T16:11:38+08:00,0.764,582771,44497320.0,1790689946,1790689946,2026-08-11
SH561170,561170,SH,绿色电力ETF富国,指数型-股票,T+1,2026-08-11,20260811,2026-08-11T16:11:37+08:00,1.168,368904,43039921.0,700254198,700254198,2026-08-11
SH561180,561180,SH,A100ETF富国,指数型-股票,T+1,2026-08-11,20260811,2026-08-11T16:11:57+08:00,1.341,12344,1664455.0,66526474,66526474,2026-08-11
SH561190,561190,SH,碳中和ETF富国,指数型-股票,T+1,2026-08-11,20260811,2026-08-11T16:11:54+08:00,0.989,28198,2809151.0,193169502,193169502,2026-08-11
SH561200,561200,SH,中证A100ETF工银,指数型-股票,T+1,2026-08-11,20260811,2026-08-11T16:11:46+08:00,1.497,5568,840246.0,47111339,47111339,2026-08-11
SH561220,561220,SH,数字经济ETF工银,指数型-股票,T+1,2026-08-11,20260811,2026-08-11T16:11:35+08:00,1.848,23739,4400637.0,82333944,82333944,2026-08-11
SH561230,561230,SH,中证A50ETF工银,指数型-股票,T+1,2026-08-11,20260811,2026-08-11T16:11:37+08:00,1.355,108465,14783531.0,623947430,623947430,2026-08-11
SH561250,561250,SH,稀有金属ETF鹏华,指数型-股票,T+1,2026-08-11,20260811,2026-08-11T16:11:50+08:00,1.05,117327,12462078.0,163539810,163539810,2026-08-11
SH561260,561260,SH,能源ETF工银,指数型-股票,T+1,2026-08-11,20260811,2026-08-11T16:11:45+08:00,1.267,21939,2796102.0,33822818,33822818,2026-08-11
SH561280,561280,SH,中证1000增强ETF工银,指数型-股票,T+1,2026-08-11,20260811,2026-08-11T16:11:57+08:00,1.61,42489,6855505.0,141434797,141434797,2026-08-11
SH561300,561300,SH,沪深300增强ETF国泰,指数型-股票,T+1,2026-08-11,20260811,2026-08-11T16:11:55+08:00,1.066,186805,20006688.0,494586699,494586699,2026-08-11
SH561310,561310,SH,消电ETF国泰,指数型-股票,T+1,2026-08-11,20260811,2026-08-11T16:11:57+08:00,0.726,88175,6381698.0,78286831,78286831,2026-08-11
SH561320,561320,SH,交运ETF国泰,指数型-股票,T+1,2026-08-11,20260811,2026-08-11T16:11:36+08:00,0.941,9384,885765.0,30459229,30459229,2026-08-11
SH561330,561330,SH,矿业ETF国泰,指数型-股票,T+1,2026-08-11,20260811,2026-08-11T16:11:45+08:00,0.98,1479724,147638565.0,1785944254,1785944254,2026-08-11
SH561350,561350,SH,中证500ETF国泰,指数型-股票,T+1,2026-08-11,20260811,2026-08-11T16:11:56+08:00,1.268,247678,31546372.0,120079600,120079600,2026-08-11
SH561360,561360,SH,石油ETF国泰,指数型-股票,T+1,2026-08-11,20260811,2026-08-11T16:11:36+08:00,1.441,724522,104984660.0,1984470268,1984470268,2026-08-11
SH561370,561370,SH,中证2000ETF国泰,指数型-股票,T+1,2026-08-11,20260811,2026-08-11T16:11:54+08:00,1.41,18172,2562403.0,45621960,45621960,2026-08-11
SH561380,561380,SH,电网设备ETF国泰,指数型-股票,T+1,2026-08-11,20260811,2026-08-11T16:11:57+08:00,0.749,927624,69529841.0,5213814454,5213814454,2026-08-11
SH561400,561400,SH,畜牧养殖ETF鑫元,指数型-股票,T+1,2026-08-11,20260811,2026-08-11T16:11:55+08:00,1.01,76186,7774078.0,77284190,77284190,2026-08-11
SH561420,561420,SH,300现金流ETF汇添富,指数型-股票,T+1,2026-08-11,20260811,2026-08-11T16:11:33+08:00,1.092,58406,6418229.0,1129386813,1129386813,2026-08-11
SH561430,561430,SH,红利质量ETF博时,指数型-股票,T+1,2026-08-11,20260811,2026-08-11T16:11:50+08:00,1.063,36573,3941652.0,50729762,50729762,2026-08-11
SH561450,561450,SH,红利低波50ETF华泰柏瑞,指数型-股票,T+1,2026-08-11,20260811,2026-08-11T16:11:40+08:00,0.966,45865,4434792.0,89475074,89475074,2026-08-11
SH561460,561460,SH,人工智能ETF天弘,指数型-股票,T+1,2026-08-11,20260811,2026-08-11T16:11:51+08:00,0.839,300235,25132623.0,248360780,248360780,2026-08-11
SH561470,561470,SH,畜牧养殖ETF天弘,指数型-股票,T+1,2026-08-11,20260811,2026-08-11T16:11:54+08:00,1.029,32194,3337719.0,54471144,54471144,2026-08-11
SH561490,561490,SH,红利质量ETF财通,指数型-股票,T+1,2026-08-11,20260811,2026-08-11T16:11:39+08:00,1.033,150156,15732830.0,119447133,119447133,2026-08-11
SH561500,561500,SH,漂亮50ETF华泰柏瑞,指数型-股票,T+1,2026-08-11,20260811,2026-08-11T16:11:57+08:00,0.823,11065,914887.0,46170547,46170547,2026-08-11
SH561510,561510,SH,中药ETF华泰柏瑞,指数型-股票,T+1,2026-08-11,20260811,2026-08-11T16:11:53+08:00,0.982,22630,2242876.0,66978292,66978292,2026-08-11
SH561550,561550,SH,中证500增强ETF华泰柏瑞,指数型-股票,T+1,2026-08-11,20260811,2026-08-11T16:11:48+08:00,1.431,457567,66065646.0,1953300118,1953300118,2026-08-11
SH561560,561560,SH,电力ETF华泰柏瑞,指数型-股票,T+1,2026-08-11,20260811,2026-08-11T16:11:41+08:00,1.297,733571,95182040.0,2697921098,2697921098,2026-08-11
SH561570,561570,SH,油气ETF华泰柏瑞,指数型-股票,T+1,2026-08-11,20260811,2026-08-11T16:11:41+08:00,1.363,134268,18442537.0,106514361,106514361,2026-08-11
SH561580,561580,SH,央企红利ETF华泰柏瑞,指数型-股票,T+1,2026-08-11,20260811,2026-08-11T16:11:41+08:00,1.226,650737,80010736.0,2671908483,2671908483,2026-08-11
SH561590,561590,SH,中证1000增强ETF华泰柏瑞,指数型-股票,T+1,2026-08-11,20260811,2026-08-11T16:12:00+08:00,1.518,40410,6149261.0,161666393,161666393,2026-08-11
SH561600,561600,SH,消费电子ETF平安,指数型-股票,T+1,2026-08-11,20260811,2026-08-11T16:11:41+08:00,0.751,278333,20997981.0,207687548,207687548,2026-08-11
SH561620,561620,SH,化工ETF华泰柏瑞,指数型-股票,T+1,2026-08-11,20260811,2026-08-11T16:11:45+08:00,1.046,133105,14102130.0,70319442,70319442,2026-08-11
SH561630,561630,SH,红利质量ETF华泰柏瑞,指数型-股票,T+1,2026-08-11,20260811,2026-08-11T16:12:02+08:00,1.055,106642,11326097.0,69522390,69522390,2026-08-11
SH561660,561660,SH,通用航空ETF平安,指数型-股票,T+1,2026-08-11,20260811,2026-08-11T16:11:39+08:00,0.913,35073,3211438.0,61819230,61819230,2026-08-11
SH561680,561680,SH,A500红利低波ETF平安,指数型-股票,T+1,2026-08-11,20260811,2026-08-11T16:11:48+08:00,0.996,3781,377594.0,60924324,60924324,2026-08-11
SH561700,561700,SH,电力ETF博时,指数型-股票,T+1,2026-08-11,20260811,2026-08-11T16:12:02+08:00,1.129,116970,13191537.0,418648554,418648554,2026-08-11
SH561750,561750,SH,A50ETF博时,指数型-股票,T+1,2026-08-11,20260811,2026-08-11T16:12:01+08:00,1.193,12549,1505579.0,75154228,75154228,2026-08-11
SH561760,561760,SH,油气ETF博时,指数型-股票,T+1,2026-08-11,20260811,2026-08-11T16:12:02+08:00,1.326,48444,6478316.0,213081570,213081570,2026-08-11
SH561770,561770,SH,A100ETF博时,指数型-股票,T+1,2026-08-11,20260811,2026-08-11T16:11:44+08:00,1.277,8340,1069149.0,47951350,47951350,2026-08-11
SH561780,561780,SH,1000增强ETF博时,指数型-股票,T+1,2026-08-11,20260811,2026-08-11T16:11:37+08:00,1.576,20391,3228618.0,33656741,33656741,2026-08-11
SH561790,561790,SH,央企能源ETF博时,指数型-股票,T+1,2026-08-11,20260811,2026-08-11T16:11:39+08:00,1.276,17976,2308381.0,75327384,75327384,2026-08-11
SH561800,561800,SH,稀有金属ETF华富,指数型-股票,T+1,2026-08-11,20260811,2026-08-11T16:11:59+08:00,1.051,277107,29589584.0,228148137,228148137,2026-08-11
SH561810,561810,SH,医疗器械ETF华泰柏瑞,指数型-股票,T+1,2026-08-11,20260811,2026-08-11T16:11:36+08:00,1.018,142390,14527120.0,123827891,123827891,2026-08-11
SH561870,561870,SH,现金流全指ETF华富,指数型-股票,T+1,2026-08-11,20260811,2026-08-11T16:11:45+08:00,1.19,35509,4248760.0,116340350,116340350,2026-08-11
SH561880,561880,SH,A100ETF华富,指数型-股票,T+1,2026-08-11,20260811,2026-08-11T16:11:54+08:00,1.301,6853,896603.0,104586089,104586089,2026-08-11
SH561890,561890,SH,A股ETF易方达,指数型-股票,T+1,2026-08-11,20260811,2026-08-11T16:11:52+08:00,1.02,97681,10011942.0,118434852,118434852,2026-08-11
SH561900,561900,SH,沪深300ESGETF招商,指数型-股票,T+1,2026-08-11,20260811,2026-08-11T16:11:42+08:00,0.995,16730,1670283.0,23217728,23217728,2026-08-11
SH561910,561910,SH,电池ETF招商,指数型-股票,T+1,2026-08-11,20260811,2026-08-11T16:11:45+08:00,0.758,1198995,90571136.0,3542192166,3542192166,2026-08-11
SH561920,561920,SH,疫苗ETF招商,指数型-股票,T+1,2026-08-11,20260811,2026-08-11T16:12:01+08:00,0.683,19830,1362039.0,28475636,28475636,2026-08-11
SH561930,561930,SH,沪深300ETF招商,指数型-股票,T+1,2026-08-11,20260811,2026-08-11T16:11:36+08:00,1.583,85685,13627362.0,315429530,315429530,2026-08-11
SH561950,561950,SH,中证500增强ETF招商,指数型-股票,T+1,2026-08-11,20260811,2026-08-11T16:11:44+08:00,1.41,42587,6037554.0,105969960,105969960,2026-08-11
SH561960,561960,SH,央企回报ETF招商,指数型-股票,T+1,2026-08-11,20260811,2026-08-11T16:11:45+08:00,1.26,6853,871710.0,72305352,72305352,2026-08-11
SH561980,561980,SH,半导体设备ETF招商,指数型-股票,T+1,2026-08-11,20260811,2026-08-11T16:11:46+08:00,0.717,5525571,401175842.0,5600164361,5600164361,2026-08-11
SH561990,561990,SH,沪深300增强ETF招商,指数型-股票,T+1,2026-08-11,20260811,2026-08-11T16:11:45+08:00,1.02,129718,13304401.0,347462184,347462184,2026-08-11
SH562000,562000,SH,A100ETF华宝,指数型-股票,T+1,2026-08-11,20260811,2026-08-11T16:12:00+08:00,0.613,137238,8453957.0,370704335,370704335,2026-08-11
SH562010,562010,SH,绿色能源ETF华宝,指数型-股票,T+1,2026-08-11,20260811,2026-08-11T16:11:33+08:00,0.901,8267,746554.0,17388129,17388129,2026-08-11
SH562030,562030,SH,信创ETF华宝,指数型-股票,T+1,2026-08-11,20260811,2026-08-11T16:11:39+08:00,0.527,50187,2656192.0,73766245,73766245,2026-08-11
SH562050,562050,SH,药ETF华宝,指数型-股票,T+1,2026-08-11,20260811,2026-08-11T16:11:52+08:00,1.008,114963,11633568.0,103287744,103287744,2026-08-11
SH562060,562060,SH,标普A股红利ETF华宝,指数型-股票,T+1,2026-08-11,20260811,2026-08-11T16:11:45+08:00,0.617,854674,52880337.0,3197783098,3197783098,2026-08-11
SH562070,562070,SH,沪深300指增ETF华宝,指数型-股票,T+1,2026-08-11,20260811,2026-08-11T16:11:59+08:00,1.059,93506,9974615.0,588318978,588318978,2026-08-11
SH562080,562080,SH,300现金流ETF华宝,指数型-股票,T+1,2026-08-11,20260811,2026-08-11T16:11:59+08:00,0.623,482510,30210358.0,379255736,379255736,2026-08-11
SH562300,562300,SH,碳中和ETF银华,指数型-股票,T+1,2026-08-11,20260811,2026-08-11T16:11:44+08:00,0.691,53839,3724783.0,45257045,45257045,2026-08-11
SH562310,562310,SH,沪深300成长ETF银华,指数型-股票,T+1,2026-08-11,20260811,2026-08-11T16:11:33+08:00,1.087,63143,6909675.0,509338094,509338094,2026-08-11
SH562320,562320,SH,沪深300价值ETF银华,指数型-股票,T+1,2026-08-11,20260811,2026-08-11T16:11:44+08:00,1.322,30735,4073402.0,81032651,81032651,2026-08-11
SH562330,562330,SH,中证500价值ETF银华,指数型-股票,T+1,2026-08-11,20260811,2026-08-11T16:11:41+08:00,1.254,26560,3351043.0,15071701,15071701,2026-08-11
SH562340,562340,SH,中证500成长ETF银华,指数型-股票,T+1,2026-08-11,20260811,2026-08-11T16:11:53+08:00,1.455,2633,387675.0,11849957,11849957,2026-08-11
SH562350,562350,SH,电力ETF银华,指数型-股票,T+1,2026-08-11,20260811,2026-08-11T16:11:51+08:00,1.124,169169,19017774.0,166813852,166813852,2026-08-11
SH562360,562360,SH,机器人ETF银华,指数型-股票,T+1,2026-08-11,20260811,2026-08-11T16:11:35+08:00,1.105,212923,23329766.0,319868770,319868770,2026-08-11
SH562380,562380,SH,央企科技ETF银华,指数型-股票,T+1,2026-08-11,20260811,2026-08-11T16:11:59+08:00,1.281,42892,5532509.0,96880621,96880621,2026-08-11
SH562390,562390,SH,中药ETF银华,指数型-股票,T+1,2026-08-11,20260811,2026-08-11T16:11:42+08:00,0.912,23135,2125045.0,72439248,72439248,2026-08-11
SH562500,562500,SH,机器人ETF华夏,指数型-股票,T+1,2026-08-11,20260811,2026-08-11T16:12:01+08:00,1.021,7521063,765099574.0,18991812262,18991812262,2026-08-11
SH562510,562510,SH,旅游ETF华夏,指数型-股票,T+1,2026-08-11,20260811,2026-08-11T16:11:35+08:00,0.579,627364,36457369.0,608584010,608584010,2026-08-11
SH562520,562520,SH,中证1000成长ETF华夏,指数型-股票,T+1,2026-08-11,20260811,2026-08-11T16:11:58+08:00,1.372,34835,4782241.0,39195296,39195296,2026-08-11
SH562530,562530,SH,中证1000价值ETF华夏,指数型-股票,T+1,2026-08-11,20260811,2026-08-11T16:11:45+08:00,1.272,56643,7237275.0,243135168,243135168,2026-08-11
SH562550,562550,SH,绿电ETF华夏,指数型-股票,T+1,2026-08-11,20260811,2026-08-11T16:11:52+08:00,1.16,979886,113863547.0,1924346383,1924346383,2026-08-11
SH562560,562560,SH,信息技术ETF华夏,指数型-股票,T+1,2026-08-11,20260811,2026-08-11T16:11:56+08:00,2.321,7553,1755680.0,56320226,56320226,2026-08-11
SH562570,562570,SH,信创ETF华夏,指数型-股票,T+1,2026-08-11,20260811,2026-08-11T16:11:53+08:00,1.428,585088,84414302.0,427373279,427373279,2026-08-11
SH562580,562580,SH,可选消费ETF华夏,指数型-股票,T+1,2026-08-11,20260811,2026-08-11T16:11:46+08:00,1.084,54594,5937820.0,42518057,42518057,2026-08-11
SH562590,562590,SH,半导体设备ETF华夏,指数型-股票,T+1,2026-08-11,20260811,2026-08-11T16:11:37+08:00,1.045,5598569,592766955.0,8432093430,8432093430,2026-08-11
SH562600,562600,SH,医疗器械ETF华夏,指数型-股票,T+1,2026-08-11,20260811,2026-08-11T16:11:46+08:00,0.789,426906,33825406.0,384193615,384193615,2026-08-11
SH562660,562660,SH,中证2000ETF华夏,指数型-股票,T+1,2026-08-11,20260811,2026-08-11T16:11:55+08:00,1.838,267823,49408166.0,626526412,626526412,2026-08-11
SH562700,562700,SH,汽车零部件ETF华夏,指数型-股票,T+1,2026-08-11,20260811,2026-08-11T16:11:56+08:00,1.237,157805,19507398.0,128338750,128338750,2026-08-11
SH562800,562800,SH,稀有金属ETF嘉实,指数型-股票,T+1,2026-08-11,20260811,2026-08-11T16:11:36+08:00,0.973,3793969,374636977.0,5640816708,5640816708,2026-08-11
SH562810,562810,SH,上证指数增强ETF嘉实,指数型-股票,T+1,2026-08-11,20260811,2026-08-11T16:11:49+08:00,1.154,50102,5811511.0,78415454,78415454,2026-08-11
SH562820,562820,SH,集成电路ETF嘉实,指数型-股票,T+1,2026-08-11,20260811,2026-08-11T16:11:47+08:00,0.988,355339,35271251.0,401531104,401531104,2026-08-11
SH562850,562850,SH,央企能源ETF嘉实,指数型-股票,T+1,2026-08-11,20260811,2026-08-11T16:11:33+08:00,1.284,102142,13174426.0,249072246,249072246,2026-08-11
SH562860,562860,SH,疫苗ETF嘉实,指数型-股票,T+1,2026-08-11,20260811,2026-08-11T16:11:46+08:00,0.673,221442,15004940.0,218654340,218654340,2026-08-11
SH562870,562870,SH,证券ETF嘉实,指数型-股票,T+1,2026-08-11,20260811,2026-08-11T16:11:54+08:00,0.928,64116,5972901.0,536852826,536852826,2026-08-11
SH562880,562880,SH,电池ETF嘉实,指数型-股票,T+1,2026-08-11,20260811,2026-08-11T16:11:58+08:00,0.781,322732,25267061.0,759053588,759053588,2026-08-11
SH562890,562890,SH,A50ETF嘉实,指数型-股票,T+1,2026-08-11,20260811,2026-08-11T16:11:34+08:00,1.402,36826,5195522.0,293089502,293089502,2026-08-11
SH562900,562900,SH,农业ETF易方达,指数型-股票,T+1,2026-08-11,20260811,2026-08-11T16:11:50+08:00,0.688,170310,11798939.0,152533934,152533934,2026-08-11
SH562910,562910,SH,高端制造ETF易方达,指数型-股票,T+1,2026-08-11,20260811,2026-08-11T16:11:35+08:00,0.858,121738,10498047.0,273039020,273039020,2026-08-11
SH562920,562920,SH,信息安全ETF易方达,指数型-股票,T+1,2026-08-11,20260811,2026-08-11T16:12:02+08:00,0.954,101121,9659595.0,91649826,91649826,2026-08-11
SH562930,562930,SH,软件ETF易方达,指数型-股票,T+1,2026-08-11,20260811,2026-08-11T16:11:53+08:00,0.755,1511585,114578334.0,1254384941,1254384941,2026-08-11
SH562950,562950,SH,消费电子ETF易方达,指数型-股票,T+1,2026-08-11,20260811,2026-08-11T16:11:53+08:00,1.588,670693,106447163.0,1534418187,1534418187,2026-08-11
SH562960,562960,SH,绿色电力ETF易方达,指数型-股票,T+1,2026-08-11,20260811,2026-08-11T16:11:37+08:00,1.161,374888,43595657.0,1540520460,1540520460,2026-08-11
SH562970,562970,SH,光伏ETF易方达,指数型-股票,T+1,2026-08-11,20260811,2026-08-11T16:11:47+08:00,1.012,179858,18170175.0,364773376,364773376,2026-08-11
SH562990,562990,SH,碳中和ETF易方达,指数型-股票,T+1,2026-08-11,20260811,2026-08-11T16:11:44+08:00,0.991,76115,7601514.0,380302196,380302196,2026-08-11
SH563000,563000,SH,中国A50ETF易方达,指数型-股票,T+1,2026-08-11,20260811,2026-08-11T16:11:57+08:00,1.145,92594,10670249.0,1827364014,1827364014,2026-08-11
SH563010,563010,SH,电信ETF易方达,指数型-股票,T+1,2026-08-11,20260811,2026-08-11T16:11:57+08:00,2.136,48788,10389045.0,203324345,203324345,2026-08-11
SH563020,563020,SH,红利低波ETF易方达,指数型-股票,T+1,2026-08-11,20260811,2026-08-11T16:11:40+08:00,1.156,1904276,220715319.0,12341351831,12341351831,2026-08-11
SH563030,563030,SH,中证500增强ETF易方达,指数型-股票,T+1,2026-08-11,20260811,2026-08-11T16:12:01+08:00,1.592,32593,5213672.0,204841048,204841048,2026-08-11
SH563050,563050,SH,央企科技ETF易方达,指数型-股票,T+1,2026-08-11,20260811,2026-08-11T16:11:54+08:00,1.348,91773,12431712.0,174172923,174172923,2026-08-11
SH563060,563060,SH,央企50ETF易方达,指数型-股票,T+1,2026-08-11,20260811,2026-08-11T16:11:46+08:00,1.093,23219,2529458.0,209339011,209339011,2026-08-11
SH563080,563080,SH,中证A50ETF易方达,指数型-股票,T+1,2026-08-11,20260811,2026-08-11T16:11:54+08:00,1.4,227608,32058956.0,1577223760,1577223760,2026-08-11
SH563090,563090,SH,上证50增强ETF易方达,指数型-股票,T+1,2026-08-11,20260811,2026-08-11T16:11:47+08:00,1.43,25778,3716148.0,84152640,84152640,2026-08-11
SH563150,563150,SH,油气ETF银华,指数型-股票,T+1,2026-08-11,20260811,2026-08-11T16:11:41+08:00,1.315,19543,2583421.0,45234685,45234685,2026-08-11
SH563180,563180,SH,高股息ETF银华,指数型-股票,T+1,2026-08-11,20260811,2026-08-11T16:11:56+08:00,1.154,37386,4323071.0,121654680,121654680,2026-08-11
SH563200,563200,SH,中证2000ETF富国,指数型-股票,T+1,2026-08-11,20260811,2026-08-11T16:11:56+08:00,1.496,86389,12951194.0,91942365,91942365,2026-08-11
SH563210,563210,SH,专精特新ETF富国,指数型-股票,T+1,2026-08-11,20260811,2026-08-11T16:11:38+08:00,2.071,70312,14594350.0,252800757,252800757,2026-08-11
SH563220,563220,SH,A500ETF富国,指数型-股票,T+1,2026-08-11,20260811,2026-08-11T16:11:52+08:00,1.288,2527853,327100063.0,8329513558,8329513558,2026-08-11
SH563230,563230,SH,卫星ETF富国,指数型-股票,T+1,2026-08-11,20260811,2026-08-11T16:11:58+08:00,1.124,2950831,332166666.0,3989342397,3989342397,2026-08-11
SH563280,563280,SH,A50增强ETF富国,指数型-股票,T+1,2026-08-11,20260811,2026-08-11T16:12:01+08:00,1.446,2277,330551.0,9697744,9697744,2026-08-11
SH563300,563300,SH,中证2000ETF华泰柏瑞,指数型-股票,T+1,2026-08-11,20260811,2026-08-11T16:11:33+08:00,1.414,7295505,1031957520.0,7951875194,7951875194,2026-08-11
SH563320,563320,SH,通用航空ETF华泰柏瑞,指数型-股票,T+1,2026-08-11,20260811,2026-08-11T16:12:00+08:00,0.864,130295,11280614.0,189986688,189986688,2026-08-11
SH563330,563330,SH,A股ETF华泰柏瑞,指数型-股票,T+1,2026-08-11,20260811,2026-08-11T16:11:33+08:00,4.262,147895,63193967.0,169885877,169885877,2026-08-11
SH563350,563350,SH,A50ETF华泰柏瑞,指数型-股票,T+1,2026-08-11,20260811,2026-08-11T16:11:55+08:00,1.436,92502,13367168.0,255604554,255604554,2026-08-11
SH563360,563360,SH,A500ETF华泰柏瑞,指数型-股票,T+1,2026-08-11,20260811,2026-08-11T16:11:38+08:00,1.306,35420784,4658190398.0,43445379450,43445379450,2026-08-11
SH563380,563380,SH,航空航天ETF华泰柏瑞,指数型-股票,T+1,2026-08-11,20260811,2026-08-11T16:11:38+08:00,0.942,443553,41857261.0,874128900,874128900,2026-08-11
SH563390,563390,SH,全指现金流ETF华泰柏瑞,指数型-股票,T+1,2026-08-11,20260811,2026-08-11T16:12:01+08:00,1.229,234078,29005514.0,2457193776,2457193776,2026-08-11
SH563500,563500,SH,A500ETF华宝,指数型-股票,T+1,2026-08-11,20260811,2026-08-11T16:11:45+08:00,0.652,205596,13448072.0,491581075,491581075,2026-08-11
SH563510,563510,SH,A500红利低波ETF易方达,指数型-股票,T+1,2026-08-11,20260811,2026-08-11T16:11:37+08:00,1.003,59483,5982238.0,316483619,316483619,2026-08-11
SH563520,563520,SH,沪深300ETF永赢,指数型-股票,T+1,2026-08-11,20260811,2026-08-11T16:11:57+08:00,1.214,155071,18907955.0,507530920,507530920,2026-08-11
SH563530,563530,SH,卫星ETF易方达,指数型-股票,T+1,2026-08-11,20260811,2026-08-11T16:11:51+08:00,1.127,1149789,129830436.0,1843487996,1843487996,2026-08-11
SH563550,563550,SH,A500增强ETF摩根,指数型-股票,T+1,2026-08-11,20260811,2026-08-11T16:11:34+08:00,1.276,34398,4401908.0,113001284,113001284,2026-08-11
SH563560,563560,SH,科技成长ETF兴业,指数型-股票,T+1,2026-08-11,20260811,2026-08-11T16:11:46+08:00,1.23,68832,8490793.0,73515870,73515870,2026-08-11
SH563570,563570,SH,金融科技ETF兴业,指数型-股票,T+1,2026-08-11,20260811,2026-08-11T16:12:01+08:00,0.751,79115,5970852.0,79886874,79886874,2026-08-11
SH563580,563580,SH,自由现金流800ETF万家,指数型-股票,T+1,2026-08-11,20260811,2026-08-11T16:11:33+08:00,1.136,61822,7088900.0,284736128,284736128,2026-08-11
SH563590,563590,SH,A500红利低波动ETF国寿,指数型-股票,T+1,2026-08-11,20260811,2026-08-11T16:11:55+08:00,0.981,432,42599.0,61748456,61748456,2026-08-11
SH563600,563600,SH,A500增强ETF易方达,指数型-股票,T+1,2026-08-11,20260811,2026-08-11T16:11:34+08:00,1.056,61376,6532411.0,76542048,76542048,2026-08-11
SH563620,563620,SH,全指现金流ETF兴业,指数型-股票,T+1,2026-08-11,20260811,2026-08-11T16:11:39+08:00,1.091,10480,1147640.0,55694459,55694459,2026-08-11
SH563630,563630,SH,A500增强ETF国联安,指数型-股票,T+1,2026-08-11,20260811,2026-08-11T16:11:56+08:00,1.294,9112,1185827.0,56867547,56867547,2026-08-11
SH563650,563650,SH,中证A500ETF兴业,指数型-股票,T+1,2026-08-11,20260811,2026-08-11T16:11:46+08:00,1.311,105783,13908449.0,180798699,180798699,2026-08-11
SH563660,563660,SH,A500ETF银河,指数型-股票,T+1,2026-08-11,20260811,2026-08-11T16:11:50+08:00,1.274,29492,3754829.0,80370545,80370545,2026-08-11
SH563670,563670,SH,金融科技ETF鹏华,指数型-股票,T+1,2026-08-11,20260811,2026-08-11T16:12:00+08:00,0.688,24802,1714199.0,126583056,126583056,2026-08-11
SH563680,563680,SH,800现金流ETF汇添富,指数型-股票,T+1,2026-08-11,20260811,2026-08-11T16:11:42+08:00,1.212,20256,2475820.0,132058308,132058308,2026-08-11
SH563690,563690,SH,红利低波ETF永赢,指数型-股票,T+1,2026-08-11,20260811,2026-08-11T16:11:42+08:00,1.006,22729,2285713.0,35091292,35091292,2026-08-11
SH563700,563700,SH,红利价值ETF易方达,指数型-股票,T+1,2026-08-11,20260811,2026-08-11T16:11:41+08:00,1.04,44538,4640576.0,407836000,407836000,2026-08-11
SH563750,563750,SH,中证500ETF汇添富,指数型-股票,T+1,2026-08-11,20260811,2026-08-11T16:11:47+08:00,1.112,175547,19618200.0,388907553,388907553,2026-08-11
SH563760,563760,SH,全指现金流ETF中银,指数型-股票,T+1,2026-08-11,20260811,2026-08-11T16:12:00+08:00,1.184,691613,82488348.0,868953229,868953229,2026-08-11
SH563770,563770,SH,全指现金流ETF招商,指数型-股票,T+1,2026-08-11,20260811,2026-08-11T16:11:54+08:00,1.198,77489,9388449.0,32713786,32713786,2026-08-11
SH563780,563780,SH,现金流全指ETF方正富邦,指数型-股票,T+1,2026-08-11,20260811,2026-08-11T16:11:59+08:00,1.226,45497,5622749.0,320019225,320019225,2026-08-11
SH563790,563790,SH,卫星ETF鹏华,指数型-股票,T+1,2026-08-11,20260811,2026-08-11T16:11:45+08:00,0.849,1030486,87546414.0,1003048510,1003048510,2026-08-11
SH563800,563800,SH,A500ETF广发,指数型-股票,T+1,2026-08-11,20260811,2026-08-11T16:12:02+08:00,1.237,4178884,519214667.0,11024116766,11024116766,2026-08-11
SH563830,563830,SH,全指现金流ETF博时,指数型-股票,T+1,2026-08-11,20260811,2026-08-11T16:11:43+08:00,1.181,1640,195744.0,167579176,167579176,2026-08-11
SH563850,563850,SH,食品ETF广发,指数型-股票,T+1,2026-08-11,20260811,2026-08-11T16:11:38+08:00,0.961,27992,2697961.0,114437514,114437514,2026-08-11
SH563860,563860,SH,中证A500ETF海富通,指数型-股票,T+1,2026-08-11,20260811,2026-08-11T16:11:33+08:00,1.321,188083,24960517.0,257389320,257389320,2026-08-11
SH563870,563870,SH,通用航空ETF鹏华,指数型-股票,T+1,2026-08-11,20260811,2026-08-11T16:11:51+08:00,0.662,22155,1466293.0,69711182,69711182,2026-08-11
SH563880,563880,SH,A500ETF汇添富,指数型-股票,T+1,2026-08-11,20260811,2026-08-11T16:11:36+08:00,1.278,1013770,130265703.0,1973227399,1973227399,2026-08-11
SH563890,563890,SH,国企红利ETF创金合信,指数型-股票,T+1,2026-08-11,20260811,2026-08-11T16:11:54+08:00,1.056,1420,150423.0,25698816,25698816,2026-08-11
SH563900,563900,SH,300自由现金流ETF摩根,指数型-股票,T+1,2026-08-11,20260811,2026-08-11T16:11:53+08:00,1.169,224557,26509529.0,564586899,564586899,2026-08-11
SH563930,563930,SH,上证增强ETF招商,指数型-股票,T+1,2026-08-11,20260811,2026-08-11T16:11:57+08:00,1.052,59166,6220553.0,42702784,42702784,2026-08-11
SH563960,563960,SH,300质量ETF兴全,指数型-股票,T+1,2026-08-11,20260811,2026-08-11T16:11:47+08:00,0.968,12765,1242951.0,393503616,393503616,2026-08-11
SH563980,563980,SH,800红利低波ETF鑫元,指数型-股票,T+1,2026-08-11,20260811,2026-08-11T16:11:44+08:00,0.971,45044,4388551.0,185428957,185428957,2026-08-11
SH563990,563990,SH,800现金流ETF富国,指数型-股票,T+1,2026-08-11,20260811,2026-08-11T16:12:02+08:00,1.263,26138,3317723.0,377097709,377097709,2026-08-11
SH588000,588000,SH,科创50ETF华夏,指数型-股票,T+1,2026-08-11,20260811,2026-08-11T16:11:58+08:00,1.806,32083768,5843747662.0,89531850928,89531850928,2026-08-11
SH588010,588010,SH,科创新材料ETF博时,指数型-股票,T+1,2026-08-11,20260811,2026-08-11T16:11:59+08:00,1.089,1806154,198406519.0,1108521205,1108521205,2026-08-11
SH588020,588020,SH,科创成长ETF易方达,指数型-股票,T+1,2026-08-11,20260811,2026-08-11T16:11:36+08:00,0.837,3331846,279332155.0,1460877208,1460877208,2026-08-11
SH588030,588030,SH,科创100ETF博时,指数型-股票,T+1,2026-08-11,20260811,2026-08-11T16:11:40+08:00,1.787,914173,163972574.0,4256344678,4256344678,2026-08-11
SH588040,588040,SH,科创50ETF鹏华,指数型-股票,T+1,2026-08-11,20260811,2026-08-11T16:11:51+08:00,1.737,130330,22857601.0,236039193,236039193,2026-08-11
SH588050,588050,SH,科创50ETF工银,指数型-股票,T+1,2026-08-11,20260811,2026-08-11T16:11:48+08:00,1.753,1494774,264013936.0,10965437852,10965437852,2026-08-11
SH588060,588060,SH,科创50ETF广发,指数型-股票,T+1,2026-08-11,20260811,2026-08-11T16:11:57+08:00,1.087,3202948,350691347.0,7801551145,7801551145,2026-08-11
SH588070,588070,SH,科创成长ETF万家,指数型-股票,T+1,2026-08-11,20260811,2026-08-11T16:12:00+08:00,2.146,52108,11217872.0,78193802,78193802,2026-08-11
SH588080,588080,SH,科创50ETF易方达,指数型-股票,T+1,2026-08-11,20260811,2026-08-11T16:11:45+08:00,1.751,7850142,1385190771.0,41648634908,41648634908,2026-08-11
SH588090,588090,SH,科创50ETF华泰柏瑞,指数型-股票,T+1,2026-08-11,20260811,2026-08-11T16:11:39+08:00,1.758,872375,154637393.0,4984057982,4984057982,2026-08-11
SH588100,588100,SH,科创信息ETF嘉实,指数型-股票,T+1,2026-08-11,20260811,2026-08-11T16:11:38+08:00,0.893,124849,11244525.0,180159357,180159357,2026-08-11
SH588110,588110,SH,科创成长ETF广发,指数型-股票,T+1,2026-08-11,20260811,2026-08-11T16:11:47+08:00,0.614,1059552,65221436.0,501657648,501657648,2026-08-11
SH588120,588120,SH,科创100ETF国泰,指数型-股票,T+1,2026-08-11,20260811,2026-08-11T16:12:00+08:00,0.909,755822,68566609.0,830482398,830482398,2026-08-11
SH588130,588130,SH,科创医药ETF华夏,指数型-股票,T+1,2026-08-11,20260811,2026-08-11T16:11:55+08:00,1.069,1388701,149397559.0,527105308,527105308,2026-08-11
SH588140,588140,SH,科创200ETF广发,指数型-股票,T+1,2026-08-11,20260811,2026-08-11T16:11:45+08:00,1.208,46990,5677729.0,288411208,288411208,2026-08-11
SH588150,588150,SH,科创50ETF南方,指数型-股票,T+1,2026-08-11,20260811,2026-08-11T16:11:41+08:00,1.211,319598,39222326.0,443749888,443749888,2026-08-11
SH588160,588160,SH,科创新材料ETF南方,指数型-股票,T+1,2026-08-11,20260811,2026-08-11T16:11:39+08:00,1.118,1877309,211619921.0,894954528,894954528,2026-08-11
SH588170,588170,SH,科创半导体ETF华夏,指数型-股票,T+1,2026-08-11,20260811,2026-08-11T16:11:52+08:00,1.018,65238607,6715642927.0,39058061087,39058061087,2026-08-11
SH588180,588180,SH,科创50ETF国联安,指数型-股票,T+1,2026-08-11,20260811,2026-08-11T16:11:47+08:00,1.115,250821,28151346.0,807654371,807654371,2026-08-11
SH588190,588190,SH,科创100ETF银华,指数型-股票,T+1,2026-08-11,20260811,2026-08-11T16:11:52+08:00,1.78,461712,82374874.0,2576760581,2576760581,2026-08-11
SH588200,588200,SH,科创芯片ETF嘉实,指数型-股票,T+1,2026-08-11,20260811,2026-08-11T16:11:44+08:00,1.196,26445301,3187998111.0,51164502485,51164502485,2026-08-11
SH588210,588210,SH,科创100ETF易方达,指数型-股票,T+1,2026-08-11,20260811,2026-08-11T16:11:33+08:00,1.8,97906,17672889.0,401857200,401857200,2026-08-11
SH588220,588220,SH,科创100ETF鹏华,指数型-股票,T+1,2026-08-11,20260811,2026-08-11T16:11:51+08:00,1.786,2595280,465048888.0,5628932457,5628932457,2026-08-11
SH588230,588230,SH,科创200ETF华泰柏瑞,指数型-股票,T+1,2026-08-11,20260811,2026-08-11T16:11:42+08:00,1.789,471966,84612949.0,1347007885,1347007885,2026-08-11
SH588240,588240,SH,科创200ETF鹏华,指数型-股票,T+1,2026-08-11,20260811,2026-08-11T16:11:58+08:00,1.658,306594,50520238.0,203325514,203325514,2026-08-11
SH588250,588250,SH,科创医药ETF鹏华,指数型-股票,T+1,2026-08-11,20260811,2026-08-11T16:11:47+08:00,1.09,171966,18843683.0,328825759,328825759,2026-08-11
SH588260,588260,SH,科创信息ETF华安,指数型-股票,T+1,2026-08-11,20260811,2026-08-11T16:11:41+08:00,2.594,11876,3103486.0,121259124,121259124,2026-08-11
SH588270,588270,SH,科创200ETF易方达,指数型-股票,T+1,2026-08-11,20260811,2026-08-11T16:11:46+08:00,1.684,228811,38489257.0,477262440,477262440,2026-08-11
SH588280,588280,SH,科创50ETF华安,指数型-股票,T+1,2026-08-11,20260811,2026-08-11T16:12:02+08:00,1.234,254335,31580792.0,454261324,454261324,2026-08-11
SH588290,588290,SH,科创芯片ETF华安,指数型-股票,T+1,2026-08-11,20260811,2026-08-11T16:11:45+08:00,3.509,500087,177140213.0,5592984601,5592984601,2026-08-11
SH588300,588300,SH,科创创业50ETF招商,指数型-股票,T+1,2026-08-11,20260811,2026-08-11T16:11:49+08:00,1.166,391354,45984504.0,1764403438,1764403438,2026-08-11
SH588310,588310,SH,科创创业ETF方正富邦,指数型-股票,T+1,2026-08-11,20260811,2026-08-11T16:11:44+08:00,1.216,11346,1387583.0,40173600,40173600,2026-08-11
SH588320,588320,SH,双创50增强ETF广发,指数型-股票,T+1,2026-08-11,20260811,2026-08-11T16:11:46+08:00,1.789,41838,7537011.0,133861209,133861209,2026-08-11
SH588330,588330,SH,双创50ETF华宝,指数型-股票,T+1,2026-08-11,20260811,2026-08-11T16:11:48+08:00,1.146,460975,53131761.0,1306139528,1306139528,2026-08-11
SH588350,588350,SH,科创创业50ETF鹏扬,指数型-股票,T+1,2026-08-11,20260811,2026-08-11T16:11:40+08:00,1.756,24488,4336206.0,1110750776,1110750776,2026-08-11
SH588360,588360,SH,科创创业ETF国泰,指数型-股票,T+1,2026-08-11,20260811,2026-08-11T16:11:36+08:00,1.232,170006,21075830.0,266459178,266459178,2026-08-11
SH588370,588370,SH,科创50增强ETF南方,指数型-股票,T+1,2026-08-11,20260811,2026-08-11T16:11:36+08:00,1.798,28519,5168776.0,122753056,122753056,2026-08-11
SH588380,588380,SH,科创创业ETF富国,指数型-股票,T+1,2026-08-11,20260811,2026-08-11T16:11:53+08:00,1.152,813844,94238089.0,3120503040,3120503040,2026-08-11
SH588390,588390,SH,科创创业ETF博时,指数型-股票,T+1,2026-08-11,20260811,2026-08-11T16:11:43+08:00,1.229,63954,7933631.0,202706221,202706221,2026-08-11
SH588400,588400,SH,科创创业ETF嘉实,指数型-股票,T+1,2026-08-11,20260811,2026-08-11T16:11:43+08:00,1.145,452043,51877726.0,1484607696,1484607696,2026-08-11
SH588410,588410,SH,科创创业人工智能ETF鹏华,指数型-股票,T+1,2026-08-11,20260811,2026-08-11T16:11:56+08:00,1.235,30812,3812276.0,137393750,137393750,2026-08-11
SH588420,588420,SH,科创创业人工智能ETF摩根,指数型-股票,T+1,2026-08-11,20260811,2026-08-11T16:11:44+08:00,1.223,82057,10061899.0,398267504,398267504,2026-08-11
SH588430,588430,SH,科创创业人工智能ETF工银,指数型-股票,T+1,2026-08-11,20260811,2026-08-11T16:11:53+08:00,1.262,44944,5703345.0,121729996,121729996,2026-08-11
SH588450,588450,SH,科创50增强ETF招商,指数型-股票,T+1,2026-08-11,20260811,2026-08-11T16:11:38+08:00,2.193,42930,9486914.0,119669159,119669159,2026-08-11
SH588460,588460,SH,科创50增强ETF鹏华,指数型-股票,T+1,2026-08-11,20260811,2026-08-11T16:11:48+08:00,2.09,514687,107788593.0,1332404260,1332404260,2026-08-11
SH588470,588470,SH,科创创业人工智能ETF华安,指数型-股票,T+1,2026-08-11,20260811,2026-08-11T16:11:39+08:00,0.868,133514,11611700.0,233411283,233411283,2026-08-11
SH588480,588480,SH,科创创业人工智能ETF中金,指数型-股票,T+1,2026-08-11,20260811,2026-08-11T16:11:36+08:00,0.931,74909,6960847.0,206418527,206418527,2026-08-11
SH588500,588500,SH,科创100增强ETF易方达,指数型-股票,T+1,2026-08-11,20260811,2026-08-11T16:12:02+08:00,2.523,44145,11151552.0,112644381,112644381,2026-08-11
SH588510,588510,SH,科创创业人工智能ETF华夏,指数型-股票,T+1,2026-08-11,20260811,2026-08-11T16:11:57+08:00,0.881,116266,10252404.0,274145182,274145182,2026-08-11
SH588520,588520,SH,科创增强ETF永赢,指数型-股票,T+1,2026-08-11,20260811,2026-08-11T16:11:59+08:00,1.434,5848,846144.0,24316338,24316338,2026-08-11
SH588530,588530,SH,科创创业人工智能ETF中银证券,指数型-股票,T+1,2026-08-11,20260811,2026-08-11T16:11:42+08:00,0.966,48067,4652301.0,237474968,237474968,2026-08-11
SH588550,588550,SH,科创综指增强ETF易方达,指数型-股票,T+1,2026-08-11,20260811,2026-08-11T16:11:37+08:00,1.361,51392,6967182.0,91581690,91581690,2026-08-11
SH588660,588660,SH,科创创业50ETF兴银,指数型-股票,T+1,2026-08-11,20260811,2026-08-11T16:11:33+08:00,1.879,30549,5780136.0,83322376,83322376,2026-08-11
SH588670,588670,SH,科创综指增强ETF嘉实,指数型-股票,T+1,2026-08-11,20260811,2026-08-11T16:11:49+08:00,1.788,16731,3011210.0,63996096,63996096,2026-08-11
SH588680,588680,SH,科创100增强ETF广发,指数型-股票,T+1,2026-08-11,20260811,2026-08-11T16:11:40+08:00,2.583,17976,4647093.0,83588463,83588463,2026-08-11
SH588690,588690,SH,科创增强ETF银华,指数型-股票,T+1,2026-08-11,20260811,2026-08-11T16:12:00+08:00,1.213,11071,1347015.0,62634468,62634468,2026-08-11
SH588700,588700,SH,科创医药ETF嘉实,指数型-股票,T+1,2026-08-11,20260811,2026-08-11T16:12:01+08:00,1.047,1241429,130089285.0,531704510,531704510,2026-08-11
SH588710,588710,SH,科创半导体设备ETF华泰柏瑞,指数型-股票,T+1,2026-08-11,20260811,2026-08-11T16:11:40+08:00,3.15,5842192,1863306644.0,10818029275,10818029275,2026-08-11
SH588720,588720,SH,科创50ETF中银,指数型-股票,T+1,2026-08-11,20260811,2026-08-11T16:11:48+08:00,1.737,32918,5776459.0,181936507,181936507,2026-08-11
SH588730,588730,SH,科创人工智能ETF易方达,指数型-股票,T+1,2026-08-11,20260811,2026-08-11T16:11:55+08:00,1.553,611540,95058815.0,1112563460,1112563460,2026-08-11
SH588750,588750,SH,科创芯片ETF汇添富,指数型-股票,T+1,2026-08-11,20260811,2026-08-11T16:11:33+08:00,2.391,1037636,249994515.0,7383953148,7383953148,2026-08-11
SH588760,588760,SH,科创人工智能ETF广发,指数型-股票,T+1,2026-08-11,20260811,2026-08-11T16:11:40+08:00,0.789,2274749,179512980.0,1778825748,1778825748,2026-08-11
SH588770,588770,SH,科创信息ETF摩根,指数型-股票,T+1,2026-08-11,20260811,2026-08-11T16:12:01+08:00,1.89,51783,9904483.0,583248527,583248527,2026-08-11
SH588780,588780,SH,科创芯片设计ETF国联安,指数型-股票,T+1,2026-08-11,20260811,2026-08-11T16:11:43+08:00,1.003,1252608,125957244.0,1026973706,1026973706,2026-08-11
SH588790,588790,SH,科创AIETF博时,指数型-股票,T+1,2026-08-11,20260811,2026-08-11T16:11:43+08:00,0.833,2298097,191477791.0,2622603872,2622603872,2026-08-11
SH588800,588800,SH,科创100ETF华夏,指数型-股票,T+1,2026-08-11,20260811,2026-08-11T16:11:55+08:00,1.772,1341167,238363776.0,2910292058,2910292058,2026-08-11
SH588810,588810,SH,科创芯片ETF富国,指数型-股票,T+1,2026-08-11,20260811,2026-08-11T16:11:47+08:00,2.56,305362,78922673.0,1490749440,1490749440,2026-08-11
SH588820,588820,SH,科创200ETF华夏,指数型-股票,T+1,2026-08-11,20260811,2026-08-11T16:11:46+08:00,1.92,159192,30698217.0,302208000,302208000,2026-08-11
SH588830,588830,SH,科创新能源ETF鹏华,指数型-股票,T+1,2026-08-11,20260811,2026-08-11T16:11:46+08:00,1.242,994779,123606077.0,905229097,905229097,2026-08-11
SH588840,588840,SH,科创50ETF万家,指数型-股票,T+1,2026-08-11,20260811,2026-08-11T16:11:43+08:00,1.583,38858,6210343.0,87438588,87438588,2026-08-11
SH588850,588850,SH,科创机械ETF嘉实,指数型-股票,T+1,2026-08-11,20260811,2026-08-11T16:11:37+08:00,1.806,129026,23351867.0,156722874,156722874,2026-08-11
SH588860,588860,SH,科创医药ETF工银,指数型-股票,T+1,2026-08-11,20260811,2026-08-11T16:11:48+08:00,0.697,371475,26138025.0,257115917,257115917,2026-08-11
SH588870,588870,SH,科创50ETF汇添富,指数型-股票,T+1,2026-08-11,20260811,2026-08-11T16:11:46+08:00,1.735,525629,92033025.0,1201577720,1201577720,2026-08-11
SH588880,588880,SH,科创100ETF华泰柏瑞,指数型-股票,T+1,2026-08-11,20260811,2026-08-11T16:11:36+08:00,1.773,46823,8325498.0,197455464,197455464,2026-08-11
SH588890,588890,SH,科创芯片ETF南方,指数型-股票,T+1,2026-08-11,20260811,2026-08-11T16:11:34+08:00,4.05,413725,168923042.0,3376930500,3376930500,2026-08-11
SH588900,588900,SH,科创100ETF南方,指数型-股票,T+1,2026-08-11,20260811,2026-08-11T16:11:34+08:00,1.833,39256,7220440.0,635653254,635653254,2026-08-11
SH588910,588910,SH,科创价值ETF建信,指数型-股票,T+1,2026-08-11,20260811,2026-08-11T16:11:37+08:00,1.525,52062,7993209.0,157149878,157149878,2026-08-11
SH588920,588920,SH,科创芯片ETF鹏华,指数型-股票,T+1,2026-08-11,20260811,2026-08-11T16:11:41+08:00,1.148,272005,31468850.0,369513648,369513648,2026-08-11
SH588930,588930,SH,科创人工智能ETF银华,指数型-股票,T+1,2026-08-11,20260811,2026-08-11T16:11:37+08:00,1.635,177221,28976092.0,996252928,996252928,2026-08-11
SH588940,588940,SH,科创50ETF富国,指数型-股票,T+1,2026-08-11,20260811,2026-08-11T16:11:36+08:00,0.885,1401363,125120234.0,2445113400,2445113400,2026-08-11
SH588950,588950,SH,科创50ETF景顺,指数型-股票,T+1,2026-08-11,20260811,2026-08-11T16:12:00+08:00,1.788,290124,52279578.0,991856696,991856696,2026-08-11
SH588960,588960,SH,科创新能源ETF富国,指数型-股票,T+1,2026-08-11,20260811,2026-08-11T16:11:43+08:00,1.146,58209,6683175.0,167980451,167980451,2026-08-11
SH588980,588980,SH,科创100ETF广发,指数型-股票,T+1,2026-08-11,20260811,2026-08-11T16:11:52+08:00,1.645,9417,1549049.0,23720900,23720900,2026-08-11
SH588990,588990,SH,科创芯片ETF博时,指数型-股票,T+1,2026-08-11,20260811,2026-08-11T16:11:47+08:00,3.733,110451,41619292.0,730717578,730717578,2026-08-11
SH589000,589000,SH,科创综指ETF华夏,指数型-股票,T+1,2026-08-11,20260811,2026-08-11T16:11:36+08:00,1.598,622627,99956350.0,1731445477,1731445477,2026-08-11
SH589010,589010,SH,科创人工智能ETF华夏,指数型-股票,T+1,2026-08-11,20260811,2026-08-11T16:11:34+08:00,1.472,564594,83085972.0,1328911308,1328911308,2026-08-11
SH589020,589020,SH,UC科创半导体设备ETF鹏华,指数型-股票,T+1,2026-08-11,20260811,2026-08-11T16:11:36+08:00,1.24,9501556,1189750291.0,4990303120,4990303120,2026-08-11
SH589030,589030,SH,科创芯片设计ETF易方达,指数型-股票,T+1,2026-08-11,20260811,2026-08-11T16:11:55+08:00,1.167,481106,56296119.0,421376868,421376868,2026-08-11
SH589050,589050,SH,科创综指ETF兴业,指数型-股票,T+1,2026-08-11,20260811,2026-08-11T16:11:34+08:00,1.391,4257,594551.0,65332488,65332488,2026-08-11
SH589060,589060,SH,科创综指ETF东财,指数型-股票,T+1,2026-08-11,20260811,2026-08-11T16:11:45+08:00,1.678,57759,9752627.0,146217396,146217396,2026-08-11
SH589070,589070,SH,科创芯片设计ETF天弘,指数型-股票,T+1,2026-08-11,20260811,2026-08-11T16:11:44+08:00,1.091,1559698,171009651.0,1947754672,1947754672,2026-08-11
SH589080,589080,SH,科创综指ETF汇添富,指数型-股票,T+1,2026-08-11,20260811,2026-08-11T16:11:51+08:00,1.59,275134,44065684.0,251316990,251316990,2026-08-11
SH589090,589090,SH,科创AIETF鹏华,指数型-股票,T+1,2026-08-11,20260811,2026-08-11T16:11:54+08:00,1.115,46701,5197071.0,183340565,183340565,2026-08-11
SH589100,589100,SH,科创芯片ETF国泰,指数型-股票,T+1,2026-08-11,20260811,2026-08-11T16:11:34+08:00,0.926,443651,41450943.0,799547751,799547751,2026-08-11
SH589110,589110,SH,科创人工智能ETF国泰,指数型-股票,T+1,2026-08-11,20260811,2026-08-11T16:11:36+08:00,0.967,73431,7116644.0,493569379,493569379,2026-08-11
SH589120,589120,SH,科创创新药ETF汇添富,指数型-股票,T+1,2026-08-11,20260811,2026-08-11T16:11:55+08:00,0.893,3772231,338859874.0,1225749660,1225749660,2026-08-11
SH589130,589130,SH,科创芯片ETF易方达,指数型-股票,T+1,2026-08-11,20260811,2026-08-11T16:11:48+08:00,1.422,1543592,221038863.0,4734947160,4734947160,2026-08-11
SH589150,589150,SH,科创50ETF平安,指数型-股票,T+1,2026-08-11,20260811,2026-08-11T16:12:02+08:00,1.238,114985,14365226.0,925327254,925327254,2026-08-11
SH589160,589160,SH,科创芯片ETF广发,指数型-股票,T+1,2026-08-11,20260811,2026-08-11T16:11:34+08:00,1.299,215018,28143702.0,392682504,392682504,2026-08-11
SH589170,589170,SH,科创芯片设计ETF鹏华,指数型-股票,T+1,2026-08-11,20260811,2026-08-11T16:11:51+08:00,1.1,47987,5307580.0,156099900,156099900,2026-08-11
SH589180,589180,SH,科创新材料ETF汇添富,指数型-股票,T+1,2026-08-11,20260811,2026-08-11T16:11:58+08:00,1.793,228048,41196965.0,262348174,262348174,2026-08-11
SH589190,589190,SH,科创芯片ETF华宝,指数型-股票,T+1,2026-08-11,20260811,2026-08-11T16:11:38+08:00,0.651,766217,50395509.0,1762622862,1762622862,2026-08-11
SH589200,589200,SH,科创200ETF工银,指数型-股票,T+1,2026-08-11,20260811,2026-08-11T16:11:55+08:00,1.365,9087,1237057.0,30722055,30722055,2026-08-11
SH589210,589210,SH,科创芯片设计ETF广发,指数型-股票,T+1,2026-08-11,20260811,2026-08-11T16:11:50+08:00,0.69,673849,46725368.0,834167220,834167220,2026-08-11
SH589220,589220,SH,科创200ETF国泰,指数型-股票,T+1,2026-08-11,20260811,2026-08-11T16:11:47+08:00,1.015,375187,38028180.0,324288245,324288245,2026-08-11
SH589230,589230,SH,科创人工智能ETF南方,指数型-股票,T+1,2026-08-11,20260811,2026-08-11T16:11:33+08:00,0.901,130367,11748221.0,203673753,203673753,2026-08-11
SH589250,589250,SH,科创芯片设计ETF浦银,指数型-股票,T+1,2026-08-11,20260811,2026-08-11T16:11:41+08:00,1.267,50306,6388752.0,105289347,105289347,2026-08-11
SH589260,589260,SH,科创芯片设计ETF国泰,指数型-股票,T+1,2026-08-11,20260811,2026-08-11T16:11:53+08:00,1.271,41895,5340081.0,70103276,70103276,2026-08-11
SH589270,589270,SH,科创100ETF前海开源,指数型-股票,T+1,2026-08-11,20260811,2026-08-11T16:12:02+08:00,1.13,32894,3742268.0,31093758,31093758,2026-08-11
SH589280,589280,SH,科创增强ETF华宝,指数型-股票,T+1,2026-08-11,20260811,2026-08-11T16:11:44+08:00,0.939,35522,3362314.0,144670791,144670791,2026-08-11
SH589290,589290,SH,科创芯片设计ETF汇添富,指数型-股票,T+1,2026-08-11,20260811,2026-08-11T16:11:56+08:00,0.806,80011,6495025.0,103046213,103046213,2026-08-11
SH589300,589300,SH,科创综指ETF嘉实,指数型-股票,T+1,2026-08-11,20260811,2026-08-11T16:11:38+08:00,1.746,10850,1898500.0,72603045,72603045,2026-08-11
SH589310,589310,SH,科创人工智能ETF鑫元,指数型-股票,T+1,2026-08-11,20260811,2026-08-11T16:11:47+08:00,0.863,38042,3276404.0,249831430,249831430,2026-08-11
SH589320,589320,SH,科创200ETF嘉实,指数型-股票,T+1,2026-08-11,20260811,2026-08-11T16:11:34+08:00,0.855,25462,2183499.0,100080315,100080315,2026-08-11
SH589330,589330,SH,科创200ETF东财,指数型-股票,T+1,2026-08-11,20260811,2026-08-11T16:11:46+08:00,0.873,78562,6864369.0,92452446,92452446,2026-08-11
SH589350,589350,SH,科创芯片设计ETF银华,指数型-股票,T+1,2026-08-11,20260811,2026-08-11T16:12:02+08:00,0.784,204720,16131267.0,171132696,171132696,2026-08-11
SH589360,589360,SH,科创50ETF国泰,指数型-股票,T+1,2026-08-11,20260811,2026-08-11T16:11:41+08:00,0.885,646762,57803256.0,2287878990,2287878990,2026-08-11
SH589380,589380,SH,科创人工智能ETF富国,指数型-股票,T+1,2026-08-11,20260811,2026-08-11T16:11:47+08:00,1.489,25100,3744534.0,136532813,136532813,2026-08-11
SH589390,589390,SH,科创芯片设计ETF招商,指数型-股票,T+1,2026-08-11,20260811,2026-08-11T16:11:48+08:00,0.775,143600,11178447.0,923653134,923653134,2026-08-11
SH589400,589400,SH,科创芯片设计ETF富国,指数型-股票,T+1,2026-08-11,20260811,2026-08-11T16:11:38+08:00,0.78,58583,4579067.0,211992456,211992456,2026-08-11
SH589410,589410,SH,科创人工智能ETF嘉实,指数型-股票,T+1,2026-08-11,20260811,2026-08-11T16:12:01+08:00,0.875,38453,3358429.0,476494900,476494900,2026-08-11
SH589420,589420,SH,科创芯片设计ETF永赢,指数型-股票,T+1,2026-08-11,20260811,2026-08-11T16:11:58+08:00,0.777,165340,12962357.0,281648129,281648129,2026-08-11
SH589500,589500,SH,科创综指ETF工银,指数型-股票,T+1,2026-08-11,20260811,2026-08-11T16:11:41+08:00,1.622,30740,5016241.0,129863808,129863808,2026-08-11
SH589520,589520,SH,科创人工智能ETF华宝,指数型-股票,T+1,2026-08-11,20260811,2026-08-11T16:11:42+08:00,0.628,393749,24679130.0,467297694,467297694,2026-08-11
SH589550,589550,SH,科创价值ETF华夏,指数型-股票,T+1,2026-08-11,20260811,2026-08-11T16:11:57+08:00,1.35,21040,2848655.0,34148925,34148925,2026-08-11
SH589560,589560,SH,科创人工智能ETF汇添富,指数型-股票,T+1,2026-08-11,20260811,2026-08-11T16:11:43+08:00,0.994,37185,3695168.0,233942870,233942870,2026-08-11
SH589580,589580,SH,科创综指ETF兴银,指数型-股票,T+1,2026-08-11,20260811,2026-08-11T16:11:39+08:00,1.591,1869,298335.0,22838487,22838487,2026-08-11
SH589600,589600,SH,科创综指ETF富国,指数型-股票,T+1,2026-08-11,20260811,2026-08-11T16:11:38+08:00,1.598,63538,10221542.0,354012930,354012930,2026-08-11
SH589630,589630,SH,科创综指ETF国泰,指数型-股票,T+1,2026-08-11,20260811,2026-08-11T16:11:58+08:00,0.797,311866,24977976.0,283140626,283140626,2026-08-11
SH589660,589660,SH,科创综指ETF南方,指数型-股票,T+1,2026-08-11,20260811,2026-08-11T16:11:44+08:00,1.611,366160,59214199.0,414880830,414880830,2026-08-11
SH589680,589680,SH,科创综指ETF鹏华,指数型-股票,T+1,2026-08-11,20260811,2026-08-11T16:11:39+08:00,1.558,788066,122968909.0,2157742278,2157742278,2026-08-11
SH589700,589700,SH,科创成长ETF南方,指数型-股票,T+1,2026-08-11,20260811,2026-08-11T16:11:57+08:00,2.12,24141,5155178.0,38776920,38776920,2026-08-11
SH589720,589720,SH,科创创新药ETF国泰,指数型-股票,T+1,2026-08-11,20260811,2026-08-11T16:11:53+08:00,0.969,14468038,1410861272.0,4531841526,4531841526,2026-08-11
SH589770,589770,SH,科创综指ETF招商,指数型-股票,T+1,2026-08-11,20260811,2026-08-11T16:11:52+08:00,1.617,101469,16527876.0,256406396,256406396,2026-08-11
SH589780,589780,SH,科创200ETF富国,指数型-股票,T+1,2026-08-11,20260811,2026-08-11T16:11:33+08:00,1.221,34721,4254174.0,66196515,66196515,2026-08-11
SH589800,589800,SH,科创综指ETF易方达,指数型-股票,T+1,2026-08-11,20260811,2026-08-11T16:11:34+08:00,1.613,829609,133917815.0,1774280980,1774280980,2026-08-11
SH589820,589820,SH,科创200ETF建信,指数型-股票,T+1,2026-08-11,20260811,2026-08-11T16:11:57+08:00,1.242,139123,17269811.0,157386488,157386488,2026-08-11
SH589850,589850,SH,科创50ETF东财,指数型-股票,T+1,2026-08-11,20260811,2026-08-11T16:12:02+08:00,1.64,863241,142577906.0,1133333493,1133333493,2026-08-11
SH589860,589860,SH,科创综指ETF天弘,指数型-股票,T+1,2026-08-11,20260811,2026-08-11T16:11:37+08:00,1.593,189650,30377732.0,283910832,283910832,2026-08-11
SH589880,589880,SH,科创综指ETF建信,指数型-股票,T+1,2026-08-11,20260811,2026-08-11T16:11:55+08:00,1.583,237327,37950642.0,759833668,759833668,2026-08-11
SH589890,589890,SH,科创综指ETF景顺,指数型-股票,T+1,2026-08-11,20260811,2026-08-11T16:12:01+08:00,1.592,47021,7554325.0,143259304,143259304,2026-08-11
SH589900,589900,SH,科创综指ETF博时,指数型-股票,T+1,2026-08-11,20260811,2026-08-11T16:11:55+08:00,1.598,156450,25103309.0,309865304,309865304,2026-08-11
SH589950,589950,SH,科创100ETF富国,指数型-股票,T+1,2026-08-11,20260811,2026-08-11T16:11:48+08:00,1.341,36250,4854153.0,451746704,451746704,2026-08-11
SH589960,589960,SH,科创新能源ETF易方达,指数型-股票,T+1,2026-08-11,20260811,2026-08-11T16:12:01+08:00,0.874,353691,31007430.0,149730184,149730184,2026-08-11
SH589980,589980,SH,科创100ETF汇添富,指数型-股票,T+1,2026-08-11,20260811,2026-08-11T16:11:34+08:00,1.852,11815,2191109.0,228021944,228021944,2026-08-11
SH589990,589990,SH,科创综指ETF华泰柏瑞,指数型-股票,T+1,2026-08-11,20260811,2026-08-11T16:11:40+08:00,1.684,53396,9012970.0,185391560,185391560,2026-08-11
SZ158006,158006,SZ,化工ETF博时,指数型-股票,T+1,2026-08-11,20260811,2026-08-11T15:34:45+08:00,1.041,59950,6281583.114,42728898,42728898,2026-08-11
SZ158009,158009,SZ,航空航天ETF南方,指数型-股票,T+1,2026-08-11,20260811,2026-08-11T15:34:48+08:00,1.023,108418,11114635.757,49486417,49486417,2026-08-11
SZ159007,159007,SZ,养殖ETF华泰柏瑞,指数型-股票,T+1,2026-08-11,20260811,2026-08-11T15:34:45+08:00,0.882,188854,16757865.645,168994088,168994088,2026-08-11
SZ159008,159008,SZ,证券ETF景顺,指数型-股票,T+1,2026-08-11,20260811,2026-08-11T15:34:48+08:00,1.025,46035,4714753.866,120729144,120729144,2026-08-11
SZ159009,159009,SZ,创业板新能源ETF易方达,指数型-股票,T+1,2026-08-11,20260811,2026-08-11T15:34:45+08:00,0.906,30668,2788716.1,57433789,57433789,2026-08-11
SZ159010,159010,SZ,港股通科技ETF博时,指数型-股票,T+1,2026-08-11,20260811,2026-08-11T15:34:48+08:00,0.952,71096,6827440.63,189540926,189540926,2026-08-11
SZ159011,159011,SZ,养殖ETF华安,指数型-股票,T+1,2026-08-11,20260811,2026-08-11T15:34:51+08:00,1.07,117730,12552348.659,35850530,35850530,2026-08-11
SZ159012,159012,SZ,科创创业50ETF鹏华,指数型-股票,T+1,2026-08-11,20260811,2026-08-11T15:34:54+08:00,0.928,65399,6122552.4,108465705,108465705,2026-08-11
SZ159013,159013,SZ,工业互联网ETF大成,指数型-股票,T+1,2026-08-11,20260811,2026-08-11T15:34:48+08:00,1.034,24318,2513629.443,47128563,47128563,2026-08-11
SZ159015,159015,SZ,恒生港股通科技ETF国联,指数型-股票,T+1,2026-08-11,20260811,2026-08-11T15:34:51+08:00,0.937,43373,4109909.3,103400699,103400699,2026-08-11
SZ159016,159016,SZ,证券ETF广发,指数型-股票,T+1,2026-08-11,20260811,2026-08-11T15:34:57+08:00,1.019,211543,21643584.85,386241923,386241923,2026-08-11
SZ159017,159017,SZ,石油ETF工银,指数型-股票,T+1,2026-08-11,20260811,2026-08-11T15:34:00+08:00,0.913,65913,6047832.314,141749470,141749470,2026-08-11
SZ159018,159018,SZ,石油ETF广发,指数型-股票,T+1,2026-08-11,20260811,2026-08-11T15:34:51+08:00,0.9,45199,4075331.501,26913783,26913783,2026-08-11
SZ159019,159019,SZ,石油ETF华宝,指数型-股票,T+1,2026-08-11,20260811,2026-08-11T15:34:54+08:00,0.917,186255,17171830.1,48901511,48901511,2026-08-11
SZ159020,159020,SZ,养殖ETF易方达,指数型-股票,T+1,2026-08-11,20260811,2026-08-11T15:34:51+08:00,0.914,100313,9210584.515,127564313,127564313,2026-08-11
SZ159021,159021,SZ,大盘价值ETF华夏,指数型-股票,T+1,2026-08-11,20260811,2026-08-11T15:34:54+08:00,0.991,27308,2711355.876,99999543,99999543,2026-08-11
SZ159022,159022,SZ,科创创业人工智能ETF富国,指数型-股票,T+1,2026-08-11,20260811,2026-08-11T15:34:51+08:00,1.03,144412,14927296.0,176779896,176779896,2026-08-11
SZ159023,159023,SZ,养殖ETF万家,指数型-股票,T+1,2026-08-11,20260811,2026-08-11T15:34:54+08:00,1.064,60034,6430478.8,41259731,41259731,2026-08-11
SZ159026,159026,SZ,石油ETF南方,指数型-股票,T+1,2026-08-11,20260811,2026-08-11T15:34:57+08:00,0.915,52291,4808245.8,44389803,44389803,2026-08-11
SZ159027,159027,SZ,畜牧养殖ETF大成,指数型-股票,T+1,2026-08-11,20260811,2026-08-11T15:34:57+08:00,0.907,63694,5817574.8,106547361,106547361,2026-08-11
SZ159028,159028,SZ,港股汽车ETF天弘,指数型-股票,T+1,2026-08-11,20260811,2026-08-11T15:34:03+08:00,0.786,68274,5416578.1,100174927,100174927,2026-08-11
SZ159029,159029,SZ,有色ETF广发,指数型-股票,T+1,2026-08-11,20260811,2026-08-11T15:34:00+08:00,0.934,397728,38043874.517,305537283,305537283,2026-08-11
SZ159030,159030,SZ,粮食ETF华夏,指数型-股票,T+1,2026-08-11,20260811,2026-08-11T15:34:57+08:00,0.825,102214,8484942.3,236748745,236748745,2026-08-11
SZ159031,159031,SZ,粮食ETF博时,指数型-股票,T+1,2026-08-11,20260811,2026-08-11T15:34:06+08:00,0.916,16061,1483287.464,478178220,478178220,2026-08-11
SZ159032,159032,SZ,工业有色ETF易方达,指数型-股票,T+1,2026-08-11,20260811,2026-08-11T15:34:54+08:00,0.917,294489,27518126.972,230024882,230024882,2026-08-11
SZ159033,159033,SZ,粮食ETF国泰,指数型-股票,T+1,2026-08-11,20260811,2026-08-11T15:34:00+08:00,0.935,135783,12816112.568,165797447,165797447,2026-08-11
SZ159035,159035,SZ,软件ETF天弘,指数型-股票,T+1,2026-08-11,20260811,2026-08-11T15:34:03+08:00,0.886,166348,14675571.363,507553719,507553719,2026-08-11
SZ159036,159036,SZ,软件开发ETF华宝,指数型-股票,T+1,2026-08-11,20260811,2026-08-11T15:34:06+08:00,0.981,137784,13548725.97,283254097,283254097,2026-08-11
SZ159037,159037,SZ,价值ETF鹏华,指数型-股票,T+1,2026-08-11,20260811,2026-08-11T15:34:03+08:00,0.999,11418,1145552.763,80169582,80169582,2026-08-11
SZ159038,159038,SZ,粮食ETF易方达,指数型-股票,T+1,2026-08-11,20260811,2026-08-11T15:34:06+08:00,0.885,108530,9707958.052,149588841,149588841,2026-08-11
SZ159039,159039,SZ,机器人ETF华安,指数型-股票,T+1,2026-08-11,20260811,2026-08-11T15:34:09+08:00,0.896,821610,73039709.526,749469436,749469436,2026-08-11
SZ159040,159040,SZ,港股通互联网ETF鹏华,指数型-股票,T+1,2026-08-11,20260811,2026-08-11T15:34:12+08:00,1.161,67350,7937364.0,44676542,44676542,2026-08-11
SZ159041,159041,SZ,农业ETF鹏华,指数型-股票,T+1,2026-08-11,20260811,2026-08-11T15:34:00+08:00,1.011,40926,4198629.086,88434022,88434022,2026-08-11
SZ159042,159042,SZ,价值ETF汇添富,指数型-股票,T+1,2026-08-11,20260811,2026-08-11T15:34:09+08:00,1.0,28746,2892415.702,111801105,111801105,2026-08-11
SZ159045,159045,SZ,稀有金属ETF大成,指数型-股票,T+1,2026-08-11,20260811,2026-08-11T15:34:57+08:00,0.836,118088,10019173.827,145740058,145740058,2026-08-11
SZ159046,159046,SZ,绿电ETF天弘,指数型-股票,T+1,2026-08-11,20260811,2026-08-11T15:34:12+08:00,0.938,132438,12404232.915,385027283,385027283,2026-08-11
SZ159048,159048,SZ,机器人ETF大成,指数型-股票,T+1,2026-08-11,20260811,2026-08-11T15:34:03+08:00,0.926,344303,31495269.0,185018409,185018409,2026-08-11
SZ159049,159049,SZ,有色ETF工银,指数型-股票,T+1,2026-08-11,20260811,2026-08-11T15:34:15+08:00,1.033,118804,12593281.601,58956739,58956739,2026-08-11
SZ159050,159050,SZ,机器人ETF广发,指数型-股票,T+1,2026-08-11,20260811,2026-08-11T15:34:00+08:00,0.914,545055,49369642.24,645013105,645013105,2026-08-11
SZ159051,159051,SZ,医疗器械ETF易方达,指数型-股票,T+1,2026-08-11,20260811,2026-08-11T15:34:09+08:00,1.033,75240,7812000.761,113751785,113751785,2026-08-11
SZ159052,159052,SZ,新能源电池ETF嘉实,指数型-股票,T+1,2026-08-11,20260811,2026-08-11T15:34:15+08:00,0.873,60096,5236518.967,172789478,172789478,2026-08-11
SZ159053,159053,SZ,稀有金属ETF华夏,指数型-股票,T+1,2026-08-11,20260811,2026-08-11T15:34:18+08:00,0.938,309088,29435072.5,156362848,156362848,2026-08-11
SZ159055,159055,SZ,稀有金属ETF富国,指数型-股票,T+1,2026-08-11,20260811,2026-08-11T15:34:06+08:00,0.952,132099,12807685.1,115471842,115471842,2026-08-11
SZ159056,159056,SZ,医疗器械ETF富国,指数型-股票,T+1,2026-08-11,20260811,2026-08-11T15:34:21+08:00,1.031,160110,16606419.618,111280323,111280323,2026-08-11
SZ159057,159057,SZ,医疗器械ETF鹏华,指数型-股票,T+1,2026-08-11,20260811,2026-08-11T15:34:12+08:00,1.023,28533,2937908.947,54950787,54950787,2026-08-11
SZ159059,159059,SZ,电力ETF大成,指数型-股票,T+1,2026-08-11,20260811,2026-08-11T15:34:09+08:00,1.047,90265,9462188.125,66830076,66830076,2026-08-11
SZ159060,159060,SZ,粮食ETF浦银,指数型-股票,T+1,2026-08-11,20260811,2026-08-11T15:34:12+08:00,0.968,14596,1426188.4,62419953,62419953,2026-08-11
SZ159061,159061,SZ,绿色电力ETF南方,指数型-股票,T+1,2026-08-11,20260811,2026-08-11T15:34:18+08:00,0.949,55536,5252688.466,203883378,203883378,2026-08-11
SZ159062,159062,SZ,稀有金属ETF南方,指数型-股票,T+1,2026-08-11,20260811,2026-08-11T15:34:03+08:00,0.853,141659,12281501.1,105090671,105090671,2026-08-11
SZ159063,159063,SZ,粮食ETF南方,指数型-股票,T+1,2026-08-11,20260811,2026-08-11T15:34:24+08:00,0.985,54642,5417674.091,61549347,61549347,2026-08-11
SZ159065,159065,SZ,工程机械ETF景顺,指数型-股票,T+1,2026-08-11,20260811,2026-08-11T15:34:27+08:00,0.958,16380,1578199.68,111464084,111464084,2026-08-11
SZ159066,159066,SZ,A股ETF建信,指数型-股票,T+1,2026-08-11,20260811,2026-08-11T15:34:06+08:00,0.919,144093,13327700.26,206529652,206529652,2026-08-11
SZ159067,159067,SZ,绿色电力ETF鹏华,指数型-股票,T+1,2026-08-11,20260811,2026-08-11T15:34:15+08:00,1.047,7285,758259.874,31314448,31314448,2026-08-11
SZ159068,159068,SZ,软件ETF华夏,指数型-股票,T+1,2026-08-11,20260811,2026-08-11T15:34:30+08:00,1.06,68341,7268212.643,88336764,88336764,2026-08-11
SZ159069,159069,SZ,创业板新能源ETF华泰柏瑞,指数型-股票,T+1,2026-08-11,20260811,2026-08-11T15:34:21+08:00,1.056,276834,29222865.141,83181585,83181585,2026-08-11
SZ159070,159070,SZ,工程机械ETF嘉实,指数型-股票,T+1,2026-08-11,20260811,2026-08-11T15:34:15+08:00,0.975,47623,4657453.241,107607711,107607711,2026-08-11
SZ159071,159071,SZ,新能源电池ETF华宝,指数型-股票,T+1,2026-08-11,20260811,2026-08-11T15:34:33+08:00,0.86,119289,10276107.4,103124095,103124095,2026-08-11
SZ159072,159072,SZ,粮食ETF景顺,指数型-股票,T+1,2026-08-11,20260811,2026-08-11T15:34:36+08:00,1.058,30582,3260086.839,40505696,40505696,2026-08-11
SZ159075,159075,SZ,工业互联网ETF华夏,指数型-股票,T+1,2026-08-11,20260811,2026-08-11T15:34:39+08:00,0.935,104147,9818381.929,176899349,176899349,2026-08-11
SZ159076,159076,SZ,创业板新能源ETF华宝,指数型-股票,T+1,2026-08-11,20260811,2026-08-11T15:34:18+08:00,0.883,140274,12429403.027,229909372,229909372,2026-08-11
SZ159078,159078,SZ,A股ETF富国,指数型-股票,T+1,2026-08-11,20260811,2026-08-11T15:34:42+08:00,0.947,128723,12241543.335,182072550,182072550,2026-08-11
SZ159079,159079,SZ,价值ETF兴全,指数型-股票,T+1,2026-08-11,20260811,2026-08-11T15:34:18+08:00,1.002,71554,7214835.352,126058444,126058444,2026-08-11
SZ159085,159085,SZ,价值ETF永赢,指数型-股票,T+1,2026-08-11,20260811,2026-08-11T15:34:45+08:00,1.036,63486,6616166.658,48210730,48210730,2026-08-11
SZ159086,159086,SZ,金融科技ETF广发,指数型-股票,T+1,2026-08-11,20260811,2026-08-11T15:34:21+08:00,1.081,24313,2635351.988,40429209,40429209,2026-08-11
SZ159087,159087,SZ,化工ETF万家,指数型-股票,T+1,2026-08-11,20260811,2026-08-11T15:34:48+08:00,1.053,70490,7518495.171,92655734,92655734,2026-08-11
SZ159091,159091,SZ,港股通金融ETF易方达,指数型-股票,T+1,2026-08-11,20260811,2026-08-11T15:34:24+08:00,1.03,94947,9832845.141,38495422,38495422,2026-08-11
SZ159093,159093,SZ,化工ETF汇添富,指数型-股票,T+1,2026-08-11,20260811,2026-08-11T15:34:21+08:00,1.052,71264,7588164.635,42796906,42796906,2026-08-11
SZ159099,159099,SZ,云计算ETF华宝,指数型-股票,T+1,2026-08-11,20260811,2026-08-11T15:34:27+08:00,1.015,139170,14083597.723,130539704,130539704,2026-08-11
SZ159101,159101,SZ,港股通科技ETF华夏,指数型-股票,T+1,2026-08-11,20260811,2026-08-11T15:34:30+08:00,0.771,1561520,121885701.684,2288568133,2288568133,2026-08-11
SZ159102,159102,SZ,港股通生物科技ETF华安,指数型-股票,T+1,2026-08-11,20260811,2026-08-11T15:34:09+08:00,0.824,832638,69629072.885,582668528,582668528,2026-08-11
SZ159103,159103,SZ,金融科技ETF汇添富,指数型-股票,T+1,2026-08-11,20260811,2026-08-11T15:34:24+08:00,0.68,57621,3927044.4,212436602,212436602,2026-08-11
SZ159105,159105,SZ,恒生生物科技ETF易方达,指数型-股票,T+1,2026-08-11,20260811,2026-08-11T15:34:33+08:00,0.936,1780425,169000167.502,194943513,194943513,2026-08-11
SZ159106,159106,SZ,民企300ETF前海开源,指数型-股票,T+1,2026-08-11,20260811,2026-08-11T15:34:54+08:00,1.084,66570,7253032.0,40736165,40736165,2026-08-11
SZ159107,159107,SZ,创业板软件ETF富国,指数型-股票,T+1,2026-08-11,20260811,2026-08-11T15:34:12+08:00,0.778,850527,66523142.2,635488300,635488300,2026-08-11
SZ159108,159108,SZ,工业软件ETF博时,指数型-股票,T+1,2026-08-11,20260811,2026-08-11T15:34:24+08:00,0.999,39506,3958341.2,127610772,127610772,2026-08-11
SZ159109,159109,SZ,恒生50ETF景顺,指数型-股票,T+1,2026-08-11,20260811,2026-08-11T15:34:36+08:00,0.834,86257,7242538.194,521386656,521386656,2026-08-11
SZ159117,159117,SZ,港股通红利低波ETF鹏华,指数型-股票,T+1,2026-08-11,20260811,2026-08-11T15:34:27+08:00,1.004,19548,1965867.2,61646758,61646758,2026-08-11
SZ159118,159118,SZ,港股通红利低波ETF华夏,指数型-股票,T+1,2026-08-11,20260811,2026-08-11T15:34:33+08:00,0.959,47258,4540991.16,67779262,67779262,2026-08-11
SZ159119,159119,SZ,800现金流ETF招商,指数型-股票,T+1,2026-08-11,20260811,2026-08-11T15:34:48+08:00,0.991,113553,11285030.8,157622741,157622741,2026-08-11
SZ159120,159120,SZ,港股通科技ETF国联安,指数型-股票,T+1,2026-08-11,20260811,2026-08-11T15:34:18+08:00,0.779,183209,14458545.0,117648059,117648059,2026-08-11
SZ159121,159121,SZ,港股通汽车ETF易方达,指数型-股票,T+1,2026-08-11,20260811,2026-08-11T15:34:30+08:00,0.757,404104,30898762.7,116942213,116942213,2026-08-11
SZ159122,159122,SZ,创业板新能源ETF富国,指数型-股票,T+1,2026-08-11,20260811,2026-08-11T15:34:21+08:00,0.929,17608,1641571.8,64250509,64250509,2026-08-11
SZ159123,159123,SZ,光伏ETF嘉实,指数型-股票,T+1,2026-08-11,20260811,2026-08-11T15:34:24+08:00,0.926,140103,12906418.4,350071544,350071544,2026-08-11
SZ159125,159125,SZ,港股通科技ETF招商,指数型-股票,T+1,2026-08-11,20260811,2026-08-11T15:34:57+08:00,0.746,378101,28424132.77,641743432,641743432,2026-08-11
SZ159126,159126,SZ,港股通50ETF南方,指数型-股票,T+1,2026-08-11,20260811,2026-08-11T15:34:27+08:00,0.952,45744,4376988.957,234778952,234778952,2026-08-11
SZ159127,159127,SZ,港股通红利ETF南方,指数型-股票,T+1,2026-08-11,20260811,2026-08-11T15:34:51+08:00,0.944,54106,5130588.292,156556989,156556989,2026-08-11
SZ159128,159128,SZ,港股科技ETF天弘,指数型-股票,T+1,2026-08-11,20260811,2026-08-11T15:34:54+08:00,0.755,691785,52908339.909,1444134440,1444134440,2026-08-11
SZ159129,159129,SZ,化工ETF嘉实,指数型-股票,T+1,2026-08-11,20260811,2026-08-11T15:34:30+08:00,1.088,210347,23158753.4,1250010372,1250010372,2026-08-11
SZ159130,159130,SZ,恒生生物科技ETF鹏华,指数型-股票,T+1,2026-08-11,20260811,2026-08-11T15:34:33+08:00,0.938,226169,21495114.474,211415319,211415319,2026-08-11
SZ159131,159131,SZ,港股通信息技术ETF华宝,指数型-股票,T+1,2026-08-11,20260811,2026-08-11T15:34:33+08:00,0.959,13581594,1311874221.268,2399341188,2399341188,2026-08-11
SZ159132,159132,SZ,恒生生物科技ETF富国,指数型-股票,T+1,2026-08-11,20260811,2026-08-11T15:34:36+08:00,0.968,1061502,104325310.48,129676724,129676724,2026-08-11
SZ159133,159133,SZ,化工ETF天弘,指数型-股票,T+1,2026-08-11,20260811,2026-08-11T15:34:57+08:00,1.112,366520,41325989.792,1806903639,1806903639,2026-08-11
SZ159135,159135,SZ,港股通科技ETF前海开源,指数型-股票,T+1,2026-08-11,20260811,2026-08-11T15:34:00+08:00,0.828,60892,5087483.78,514160166,514160166,2026-08-11
SZ159136,159136,SZ,A50ETF广发,指数型-股票,T+1,2026-08-11,20260811,2026-08-11T15:34:36+08:00,1.038,5243,546471.7,115128809,115128809,2026-08-11
SZ159137,159137,SZ,港股通医疗ETF华宝,指数型-股票,T+1,2026-08-11,20260811,2026-08-11T15:34:39+08:00,0.963,818061,79813545.902,154689201,154689201,2026-08-11
SZ159138,159138,SZ,工程机械ETF易方达,指数型-股票,T+1,2026-08-11,20260811,2026-08-11T15:34:00+08:00,0.936,86181,8110175.856,288070773,288070773,2026-08-11
SZ159139,159139,SZ,科创创业人工智能ETF华泰柏瑞,指数型-股票,T+1,2026-08-11,20260811,2026-08-11T15:34:36+08:00,1.289,327482,42445885.9,221848772,221848772,2026-08-11
SZ159140,159140,SZ,科创创业人工智能ETF易方达,指数型-股票,T+1,2026-08-11,20260811,2026-08-11T15:34:39+08:00,1.298,570210,74008836.232,612574008,612574008,2026-08-11
SZ159141,159141,SZ,科创创业人工智能ETF永赢,指数型-股票,T+1,2026-08-11,20260811,2026-08-11T15:34:03+08:00,1.206,901430,108839997.4,2046655248,2046655248,2026-08-11
SZ159142,159142,SZ,科创创业人工智能ETF景顺,指数型-股票,T+1,2026-08-11,20260811,2026-08-11T15:34:06+08:00,1.236,666197,82498481.6,1477341538,1477341538,2026-08-11
SZ159143,159143,SZ,港股通央企红利ETF平安,指数型-股票,T+1,2026-08-11,20260811,2026-08-11T15:34:42+08:00,0.941,7296,689349.416,53217743,53217743,2026-08-11
SZ159145,159145,SZ,工业软件ETF广发,指数型-股票,T+1,2026-08-11,20260811,2026-08-11T15:34:45+08:00,0.865,76519,6654210.8,62783296,62783296,2026-08-11
SZ159146,159146,SZ,电力ETF华宝,指数型-股票,T+1,2026-08-11,20260811,2026-08-11T15:34:39+08:00,1.036,296885,30728597.211,770204719,770204719,2026-08-11
SZ159147,159147,SZ,电池ETF南方,指数型-股票,T+1,2026-08-11,20260811,2026-08-11T15:34:42+08:00,0.891,460786,40997225.1,1843843911,1843843911,2026-08-11
SZ159148,159148,SZ,石油ETF富国,指数型-股票,T+1,2026-08-11,20260811,2026-08-11T15:34:03+08:00,0.977,135838,13328616.5,232981869,232981869,2026-08-11
SZ159149,159149,SZ,创业板新能源ETF工银,指数型-股票,T+1,2026-08-11,20260811,2026-08-11T15:34:48+08:00,0.888,73833,6564435.5,50185585,50185585,2026-08-11
SZ159150,159150,SZ,深证50ETF易方达,指数型-股票,T+1,2026-08-11,20260811,2026-08-11T15:34:06+08:00,1.656,71097,11778205.4,155660064,155660064,2026-08-11
SZ159151,159151,SZ,食品ETF华夏,指数型-股票,T+1,2026-08-11,20260811,2026-08-11T15:34:45+08:00,0.929,125387,11698455.2,189935038,189935038,2026-08-11
SZ159152,159152,SZ,港股通科技ETF平安,指数型-股票,T+1,2026-08-11,20260811,2026-08-11T15:34:09+08:00,0.806,307024,25037701.634,659756213,659756213,2026-08-11
SZ159153,159153,SZ,消费电子ETF鹏华,指数型-股票,T+1,2026-08-11,20260811,2026-08-11T15:34:12+08:00,1.23,115484,14175839.58,119587965,119587965,2026-08-11
SZ159155,159155,SZ,电池ETF大成,指数型-股票,T+1,2026-08-11,20260811,2026-08-11T15:34:09+08:00,0.888,287138,25597079.837,514607807,514607807,2026-08-11
SZ159156,159156,SZ,电池ETF万家,指数型-股票,T+1,2026-08-11,20260811,2026-08-11T15:34:51+08:00,0.917,68465,6307615.02,198494969,198494969,2026-08-11
SZ159157,159157,SZ,有色金属ETF天弘,指数型-股票,T+1,2026-08-11,20260811,2026-08-11T15:34:12+08:00,0.863,1563498,138142522.536,6905517775,6905517775,2026-08-11
SZ159158,159158,SZ,电力ETF景顺,指数型-股票,T+1,2026-08-11,20260811,2026-08-11T15:34:54+08:00,1.026,363702,37277784.265,946008263,946008263,2026-08-11
SZ159159,159159,SZ,公用事业ETF国投瑞银,指数型-股票,T+1,2026-08-11,20260811,2026-08-11T15:34:48+08:00,1.031,17911,1845141.401,126625958,126625958,2026-08-11
SZ159160,159160,SZ,电池ETF东财,指数型-股票,T+1,2026-08-11,20260811,2026-08-11T15:34:42+08:00,0.876,211666,18516548.444,203073667,203073667,2026-08-11
SZ159161,159161,SZ,工程机械ETF东财,指数型-股票,T+1,2026-08-11,20260811,2026-08-11T15:34:15+08:00,0.975,17436,1709206.2,67597979,67597979,2026-08-11
SZ159162,159162,SZ,工业有色ETF鹏华,指数型-股票,T+1,2026-08-11,20260811,2026-08-11T15:34:51+08:00,0.856,154110,13507676.37,376588503,376588503,2026-08-11
SZ159163,159163,SZ,有色ETF泰康,指数型-股票,T+1,2026-08-11,20260811,2026-08-11T15:34:18+08:00,0.778,154158,12309795.822,210687852,210687852,2026-08-11
SZ159165,159165,SZ,养殖ETF永赢,指数型-股票,T+1,2026-08-11,20260811,2026-08-11T15:34:45+08:00,0.868,82898,7226985.6,102051851,102051851,2026-08-11
SZ159166,159166,SZ,现金流ETF长城,指数型-股票,T+1,2026-08-11,20260811,2026-08-11T15:34:21+08:00,0.863,17037,1474916.629,496066263,496066263,2026-08-11
SZ159167,159167,SZ,港股通医疗ETF工银,指数型-股票,T+1,2026-08-11,20260811,2026-08-11T15:34:54+08:00,0.949,1100772,105864764.178,207403157,207403157,2026-08-11
SZ159168,159168,SZ,有色ETF富国,指数型-股票,T+1,2026-08-11,20260811,2026-08-11T15:34:24+08:00,0.898,630808,58085449.536,481736640,481736640,2026-08-11
SZ159169,159169,SZ,恒生生物科技ETF广发,指数型-股票,T+1,2026-08-11,20260811,2026-08-11T15:34:57+08:00,0.994,333269,33590313.521,158915238,158915238,2026-08-11
SZ159170,159170,SZ,港股通互联网ETF永赢,指数型-股票,T+1,2026-08-11,20260811,2026-08-11T15:34:57+08:00,0.909,337897,31056840.324,382360262,382360262,2026-08-11
SZ159171,159171,SZ,工业有色ETF博时,指数型-股票,T+1,2026-08-11,20260811,2026-08-11T15:34:00+08:00,0.826,86542,7295926.695,181334203,181334203,2026-08-11
SZ159172,159172,SZ,养殖ETF汇添富,指数型-股票,T+1,2026-08-11,20260811,2026-08-11T15:34:48+08:00,0.836,178331,14967227.782,330913291,330913291,2026-08-11
SZ159173,159173,SZ,农牧ETF南方,指数型-股票,T+1,2026-08-11,20260811,2026-08-11T15:34:15+08:00,0.867,41544,3624944.8,44611821,44611821,2026-08-11
SZ159175,159175,SZ,电池ETF易方达,指数型-股票,T+1,2026-08-11,20260811,2026-08-11T15:34:18+08:00,0.945,284530,26887714.3,483150513,483150513,2026-08-11
SZ159176,159176,SZ,家电ETF华宝,指数型-股票,T+1,2026-08-11,20260811,2026-08-11T15:34:03+08:00,0.998,68520,6836722.7,22258734,22258734,2026-08-11
SZ159177,159177,SZ,工程机械ETF鹏华,指数型-股票,T+1,2026-08-11,20260811,2026-08-11T15:34:21+08:00,0.972,156569,15301734.1,52117939,52117939,2026-08-11
SZ159178,159178,SZ,消费电子ETF汇添富,指数型-股票,T+1,2026-08-11,20260811,2026-08-11T15:34:06+08:00,1.074,181104,19493978.2,96051036,96051036,2026-08-11
SZ159179,159179,SZ,港股通互联网ETF工银,指数型-股票,T+1,2026-08-11,20260811,2026-08-11T15:34:00+08:00,0.888,125297,11298441.5,97594368,97594368,2026-08-11
SZ159180,159180,SZ,软件ETF银华,指数型-股票,T+1,2026-08-11,20260811,2026-08-11T15:34:51+08:00,1.057,13320,1410055.2,32931814,32931814,2026-08-11
SZ159181,159181,SZ,石油ETF易方达,指数型-股票,T+1,2026-08-11,20260811,2026-08-11T15:34:03+08:00,0.879,92340,8130993.166,126932289,126932289,2026-08-11
SZ159182,159182,SZ,家电ETF南方,指数型-股票,T+1,2026-08-11,20260811,2026-08-11T15:34:09+08:00,0.931,1907,178219.77,33968152,33968152,2026-08-11
SZ159183,159183,SZ,新能源车ETF招商,指数型-股票,T+1,2026-08-11,20260811,2026-08-11T15:34:54+08:00,0.895,69338,6194692.48,43307075,43307075,2026-08-11
SZ159185,159185,SZ,港股通信息技术ETF鹏华,指数型-股票,T+1,2026-08-11,20260811,2026-08-11T15:34:24+08:00,1.09,1551323,170497133.6,256257948,256257948,2026-08-11
SZ159186,159186,SZ,港股通汽车ETF鹏华,指数型-股票,T+1,2026-08-11,20260811,2026-08-11T15:34:12+08:00,0.76,21601,1658888.414,62220626,62220626,2026-08-11
SZ159187,159187,SZ,创业板新能源ETF景顺,指数型-股票,T+1,2026-08-11,20260811,2026-08-11T15:34:06+08:00,0.883,72704,6450721.63,47837643,47837643,2026-08-11
SZ159188,159188,SZ,红利100ETF景顺,指数型-股票,T+1,2026-08-11,20260811,2026-08-11T15:34:09+08:00,0.94,8289,783112.8,65425769,65425769,2026-08-11
SZ159189,159189,SZ,石油ETF华夏,指数型-股票,T+1,2026-08-11,20260811,2026-08-11T15:34:15+08:00,0.905,164548,14556535.9,101435284,101435284,2026-08-11
SZ159190,159190,SZ,创业板新能源ETF天弘,指数型-股票,T+1,2026-08-11,20260811,2026-08-11T15:34:27+08:00,0.88,140888,12331271.0,63420983,63420983,2026-08-11
SZ159191,159191,SZ,港股通科技ETF易方达,指数型-股票,T+1,2026-08-11,20260811,2026-08-11T15:34:18+08:00,0.955,42206,4074897.714,68860133,68860133,2026-08-11
SZ159192,159192,SZ,家电ETF汇添富,指数型-股票,T+1,2026-08-11,20260811,2026-08-11T15:34:30+08:00,0.963,3014,291271.3,51989544,51989544,2026-08-11
SZ159193,159193,SZ,新能源电池ETF银华,指数型-股票,T+1,2026-08-11,20260811,2026-08-11T15:34:21+08:00,0.82,116765,9576357.2,189485875,189485875,2026-08-11
SZ159195,159195,SZ,石油ETF华安,指数型-股票,T+1,2026-08-11,20260811,2026-08-11T15:34:27+08:00,0.893,159181,14289385.1,76342716,76342716,2026-08-11
SZ159196,159196,SZ,港股通信息技术ETF易方达,指数型-股票,T+1,2026-08-11,20260811,2026-08-11T15:34:12+08:00,1.222,1898506,234295051.7,271932056,271932056,2026-08-11
SZ159197,159197,SZ,石油ETF招商,指数型-股票,T+1,2026-08-11,20260811,2026-08-11T15:34:57+08:00,0.891,56341,5050194.3,42222966,42222966,2026-08-11
SZ159198,159198,SZ,港股通信息技术ETF富国,指数型-股票,T+1,2026-08-11,20260811,2026-08-11T15:34:30+08:00,1.226,884609,109557044.4,138960169,138960169,2026-08-11
SZ159199,159199,SZ,石油ETF平安,指数型-股票,T+1,2026-08-11,20260811,2026-08-11T15:34:24+08:00,0.888,10418,930508.9,60521585,60521585,2026-08-11
SZ159201,159201,SZ,自由现金流ETF华夏,指数型-股票,T+1,2026-08-11,20260811,2026-08-11T15:34:00+08:00,1.187,2574515,306674153.631,16733466498,16733466498,2026-08-11
SZ159203,159203,SZ,大盘成长ETF博时,指数型-股票,T+1,2026-08-11,20260811,2026-08-11T15:34:15+08:00,1.387,2722,383239.4,13581383,13581383,2026-08-11
SZ159205,159205,SZ,创业板ETF东财,指数型-股票,T+1,2026-08-11,20260811,2026-08-11T15:34:27+08:00,1.743,773830,135326052.1,1037182720,1037182720,2026-08-11
SZ159206,159206,SZ,卫星ETF永赢,指数型-股票,T+1,2026-08-11,20260811,2026-08-11T15:34:18+08:00,1.401,7128985,1003732552.519,15280641814,15280641814,2026-08-11
SZ159207,159207,SZ,高股息ETF广发,指数型-股票,T+1,2026-08-11,20260811,2026-08-11T15:34:36+08:00,1.162,614433,71620286.2,2281567646,2281567646,2026-08-11
SZ159208,159208,SZ,航空航天ETF万家,指数型-股票,T+1,2026-08-11,20260811,2026-08-11T15:34:21+08:00,1.055,201344,21273207.1,360243237,360243237,2026-08-11
SZ159209,159209,SZ,红利质量ETF招商,指数型-股票,T+1,2026-08-11,20260811,2026-08-11T15:34:30+08:00,1.165,1447613,169807314.7,2521799840,2521799840,2026-08-11
SZ159210,159210,SZ,港股通汽车ETF汇添富,指数型-股票,T+1,2026-08-11,20260811,2026-08-11T15:34:03+08:00,0.86,156301,13575687.8,29712830,29712830,2026-08-11
SZ159211,159211,SZ,深证100ETF富国,指数型-股票,T+1,2026-08-11,20260811,2026-08-11T15:34:24+08:00,1.472,21997,3243711.8,28973809,28973809,2026-08-11
SZ159212,159212,SZ,深100ETF南方,指数型-股票,T+1,2026-08-11,20260811,2026-08-11T15:34:36+08:00,1.501,87193,13079937.6,115883755,115883755,2026-08-11
SZ159213,159213,SZ,机器人ETF汇添富,指数型-股票,T+1,2026-08-11,20260811,2026-08-11T15:34:39+08:00,1.23,391890,47874793.653,612217209,612217209,2026-08-11
SZ159215,159215,SZ,A500ETF平安,指数型-股票,T+1,2026-08-11,20260811,2026-08-11T15:34:33+08:00,1.323,103930,13814667.2,1264236044,1264236044,2026-08-11
SZ159216,159216,SZ,深证100ETF大成,指数型-股票,T+1,2026-08-11,20260811,2026-08-11T15:34:39+08:00,1.506,58932,8943698.5,16638665,16638665,2026-08-11
SZ159217,159217,SZ,港股通创新药ETF工银,指数型-股票,T+1,2026-08-11,20260811,2026-08-11T15:34:06+08:00,1.193,7852433,951604067.474,7407525055,7407525055,2026-08-11
SZ159218,159218,SZ,卫星ETF招商,指数型-股票,T+1,2026-08-11,20260811,2026-08-11T15:34:42+08:00,1.377,1206767,166521122.092,2925596761,2925596761,2026-08-11
SZ159219,159219,SZ,深证100ETF融通,指数型-股票,T+1,2026-08-11,20260811,2026-08-11T15:34:27+08:00,1.408,2736,382099.08,11810329,11810329,2026-08-11
SZ159220,159220,SZ,港股通红利低波ETF华宝,指数型-股票,T+1,2026-08-11,20260811,2026-08-11T15:34:36+08:00,0.584,276595,16165040.4,287076600,287076600,2026-08-11
SZ159221,159221,SZ,现金流ETF嘉实,指数型-股票,T+1,2026-08-11,20260811,2026-08-11T15:34:42+08:00,1.174,246713,29123428.3,1397075534,1397075534,2026-08-11
SZ159222,159222,SZ,自由现金流ETF易方达,指数型-股票,T+1,2026-08-11,20260811,2026-08-11T15:34:45+08:00,1.268,1052321,133892109.242,2106617667,2106617667,2026-08-11
SZ159223,159223,SZ,现金流ETF永赢,指数型-股票,T+1,2026-08-11,20260811,2026-08-11T15:34:39+08:00,1.143,61484,7067933.7,212420555,212420555,2026-08-11
SZ159225,159225,SZ,现金流ETF银华,指数型-股票,T+1,2026-08-11,20260811,2026-08-11T15:34:48+08:00,1.244,79905,9988664.0,336806531,336806531,2026-08-11
SZ159226,159226,SZ,中证A500增强ETF国泰,指数型-股票,T+1,2026-08-11,20260811,2026-08-11T15:34:09+08:00,1.292,132661,17223252.3,143534533,143534533,2026-08-11
SZ159227,159227,SZ,航空航天ETF华夏,指数型-股票,T+1,2026-08-11,20260811,2026-08-11T15:34:12+08:00,1.01,2672274,270645051.766,4979210409,4979210409,2026-08-11
SZ159228,159228,SZ,红利低波ETF长城,指数型-股票,T+1,2026-08-11,20260811,2026-08-11T15:34:42+08:00,1.028,7854,809720.8,114326647,114326647,2026-08-11
SZ159229,159229,SZ,自由现金流ETF广发,指数型-股票,T+1,2026-08-11,20260811,2026-08-11T15:34:51+08:00,1.221,136967,16820191.6,183218403,183218403,2026-08-11
SZ159230,159230,SZ,通用航空ETF华夏,指数型-股票,T+1,2026-08-11,20260811,2026-08-11T15:34:30+08:00,0.974,149673,14622866.0,298340314,298340314,2026-08-11
SZ159231,159231,SZ,通用航空ETF华宝,指数型-股票,T+1,2026-08-11,20260811,2026-08-11T15:34:54+08:00,0.502,242272,12216240.2,170224112,170224112,2026-08-11
SZ159232,159232,SZ,自由现金流ETF南方,指数型-股票,T+1,2026-08-11,20260811,2026-08-11T15:34:45+08:00,1.208,1288108,156870198.278,2564521860,2564521860,2026-08-11
SZ159233,159233,SZ,自由现金流ETF平安,指数型-股票,T+1,2026-08-11,20260811,2026-08-11T15:34:48+08:00,1.205,237431,28819275.113,786411226,786411226,2026-08-11
SZ159235,159235,SZ,中证现金流ETF大成,指数型-股票,T+1,2026-08-11,20260811,2026-08-11T15:34:33+08:00,1.234,464200,57710308.9,2473836267,2473836267,2026-08-11
SZ159236,159236,SZ,自由现金流ETF工银,指数型-股票,T+1,2026-08-11,20260811,2026-08-11T15:34:51+08:00,1.212,24682,3023497.5,50567259,50567259,2026-08-11
SZ159237,159237,SZ,港股汽车ETF工银,指数型-股票,T+1,2026-08-11,20260811,2026-08-11T15:34:15+08:00,0.894,176529,15975686.2,38740798,38740798,2026-08-11
SZ159238,159238,SZ,沪深300增强ETF景顺,指数型-股票,T+1,2026-08-11,20260811,2026-08-11T15:34:57+08:00,1.321,43566,5781114.2,80602382,80602382,2026-08-11
SZ159239,159239,SZ,港股通汽车ETF富国,指数型-股票,T+1,2026-08-11,20260811,2026-08-11T15:34:36+08:00,0.796,98721,7922444.0,65495479,65495479,2026-08-11
SZ159240,159240,SZ,A500增强ETF天弘,指数型-股票,T+1,2026-08-11,20260811,2026-08-11T15:34:45+08:00,1.317,32065,4243269.1,27156245,27156245,2026-08-11
SZ159241,159241,SZ,航空航天ETF天弘,指数型-股票,T+1,2026-08-11,20260811,2026-08-11T15:34:00+08:00,1.039,1103823,114990157.6,1395454169,1395454169,2026-08-11
SZ159242,159242,SZ,创业板人工智能ETF大成,指数型-股票,T+1,2026-08-11,20260811,2026-08-11T15:34:18+08:00,2.068,739023,153122418.324,1419224095,1419224095,2026-08-11
SZ159243,159243,SZ,创业板人工智能ETF招商,指数型-股票,T+1,2026-08-11,20260811,2026-08-11T15:34:54+08:00,1.25,364727,45581788.931,181287780,181287780,2026-08-11
SZ159245,159245,SZ,港股通消费ETF富国,指数型-股票,T+1,2026-08-11,20260811,2026-08-11T15:34:21+08:00,0.807,35693,2896189.8,58195430,58195430,2026-08-11
SZ159246,159246,SZ,创业板人工智能ETF富国,指数型-股票,T+1,2026-08-11,20260811,2026-08-11T15:34:57+08:00,1.154,1441703,166489957.6,3812418562,3812418562,2026-08-11
SZ159247,159247,SZ,创业板ETF汇添富,指数型-股票,T+1,2026-08-11,20260811,2026-08-11T15:34:39+08:00,1.067,553717,59323900.068,460927952,460927952,2026-08-11
SZ159248,159248,SZ,人工智能ETF万家,指数型-股票,T+1,2026-08-11,20260811,2026-08-11T15:34:48+08:00,1.809,99457,18029432.6,228107034,228107034,2026-08-11
SZ159249,159249,SZ,A500增强ETF工银,指数型-股票,T+1,2026-08-11,20260811,2026-08-11T15:34:03+08:00,1.386,75065,10470483.9,145796005,145796005,2026-08-11
SZ159251,159251,SZ,港股通科技ETF万家,指数型-股票,T+1,2026-08-11,20260811,2026-08-11T15:34:24+08:00,0.8,220665,17867594.9,199830195,199830195,2026-08-11
SZ159253,159253,SZ,银行ETF博时,指数型-股票,T+1,2026-08-11,20260811,2026-08-11T15:34:51+08:00,0.956,72826,6967527.8,523032357,523032357,2026-08-11
SZ159255,159255,SZ,通用航空ETF易方达,指数型-股票,T+1,2026-08-11,20260811,2026-08-11T15:34:27+08:00,0.873,53899,4716282.8,61405832,61405832,2026-08-11
SZ159256,159256,SZ,创业板软件ETF华夏,指数型-股票,T+1,2026-08-11,20260811,2026-08-11T15:34:54+08:00,0.857,1266555,108798177.0,543495482,543495482,2026-08-11
SZ159257,159257,SZ,航空ETF汇添富,指数型-股票,T+1,2026-08-11,20260811,2026-08-11T15:34:06+08:00,0.869,61989,5416027.2,130712329,130712329,2026-08-11
SZ159258,159258,SZ,机器人ETF南方,指数型-股票,T+1,2026-08-11,20260811,2026-08-11T15:34:30+08:00,1.151,387338,44482993.134,1520776779,1520776779,2026-08-11
SZ159259,159259,SZ,成长ETF易方达,指数型-股票,T+1,2026-08-11,20260811,2026-08-11T15:34:57+08:00,1.327,3370104,447696626.218,5453567123,5453567123,2026-08-11
SZ159260,159260,SZ,证券ETF博时,指数型-股票,T+1,2026-08-11,20260811,2026-08-11T15:34:42+08:00,0.863,77010,6680367.2,945600823,945600823,2026-08-11
SZ159261,159261,SZ,创业板新能源ETF鹏华,指数型-股票,T+1,2026-08-11,20260811,2026-08-11T15:34:09+08:00,1.436,50174,7236114.2,68662202,68662202,2026-08-11
SZ159262,159262,SZ,港股通科技ETF广发,指数型-股票,T+1,2026-08-11,20260811,2026-08-11T15:34:00+08:00,0.889,2583387,232481302.4,5254186064,5254186064,2026-08-11
SZ159263,159263,SZ,价值ETF易方达,指数型-股票,T+1,2026-08-11,20260811,2026-08-11T15:34:45+08:00,1.148,2454722,283514196.048,6603416788,6603416788,2026-08-11
SZ159265,159265,SZ,港股消费ETF鹏华,指数型-股票,T+1,2026-08-11,20260811,2026-08-11T15:34:33+08:00,0.826,160249,13377613.5,146987438,146987438,2026-08-11
SZ159266,159266,SZ,港股央企红利ETF永赢,指数型-股票,T+1,2026-08-11,20260811,2026-08-11T15:34:00+08:00,0.949,175239,16745276.349,337568881,337568881,2026-08-11
SZ159267,159267,SZ,航天ETF华安,指数型-股票,T+1,2026-08-11,20260811,2026-08-11T15:34:48+08:00,0.858,1431821,123243771.6,2293010258,2293010258,2026-08-11
SZ159268,159268,SZ,港股通消费ETF汇添富,指数型-股票,T+1,2026-08-11,20260811,2026-08-11T15:34:03+08:00,0.795,268780,21574289.3,328378744,328378744,2026-08-11
SZ159269,159269,SZ,港股通科技ETF南方,指数型-股票,T+1,2026-08-11,20260811,2026-08-11T15:34:06+08:00,0.88,949064,84758300.7,1747954307,1747954307,2026-08-11
SZ159270,159270,SZ,创业板200ETF南方,指数型-股票,T+1,2026-08-11,20260811,2026-08-11T15:34:03+08:00,1.142,143794,16475551.5,101368087,101368087,2026-08-11
SZ159271,159271,SZ,恒生ETF鹏华,指数型-股票,T+1,2026-08-11,20260811,2026-08-11T15:34:06+08:00,0.969,136319,13271491.6,289136747,289136747,2026-08-11
SZ159272,159272,SZ,机器人ETF富国,指数型-股票,T+1,2026-08-11,20260811,2026-08-11T15:34:09+08:00,0.866,2896554,248645261.137,3236384620,3236384620,2026-08-11
SZ159273,159273,SZ,云计算ETF汇添富,指数型-股票,T+1,2026-08-11,20260811,2026-08-11T15:34:09+08:00,1.461,188744,27620931.0,1010686933,1010686933,2026-08-11
SZ159275,159275,SZ,农牧渔ETF华宝,指数型-股票,T+1,2026-08-11,20260811,2026-08-11T15:34:12+08:00,0.843,128301,10849028.2,216063352,216063352,2026-08-11
SZ159276,159276,SZ,现金流ETF汇添富,指数型-股票,T+1,2026-08-11,20260811,2026-08-11T15:34:36+08:00,1.105,43869,4883591.6,407409805,407409805,2026-08-11
SZ159277,159277,SZ,港股通红利ETF富国,指数型-股票,T+1,2026-08-11,20260811,2026-08-11T15:34:12+08:00,0.977,36953,3620315.6,38647200,38647200,2026-08-11
SZ159278,159278,SZ,机器人ETF鹏华,指数型-股票,T+1,2026-08-11,20260811,2026-08-11T15:34:12+08:00,1.016,2303753,231684336.5,2286554590,2286554590,2026-08-11
SZ159279,159279,SZ,创业板人工智能ETF华安,指数型-股票,T+1,2026-08-11,20260811,2026-08-11T15:34:39+08:00,1.392,557040,77542771.0,212123447,212123447,2026-08-11
SZ159280,159280,SZ,港股通互联网ETF汇添富,指数型-股票,T+1,2026-08-11,20260811,2026-08-11T15:34:51+08:00,0.746,97386,7355300.7,74389010,74389010,2026-08-11
SZ159281,159281,SZ,港股央企红利ETF天弘,指数型-股票,T+1,2026-08-11,20260811,2026-08-11T15:34:42+08:00,0.937,238909,22520881.5,233531376,233531376,2026-08-11
SZ159283,159283,SZ,通用航空ETF南方,指数型-股票,T+1,2026-08-11,20260811,2026-08-11T15:34:15+08:00,0.885,85904,7604766.1,263232616,263232616,2026-08-11
SZ159285,159285,SZ,港股通消费ETF华安,指数型-股票,T+1,2026-08-11,20260811,2026-08-11T15:34:15+08:00,0.796,100026,8011249.296,197795397,197795397,2026-08-11
SZ159286,159286,SZ,港股通创新药ETF鹏华,指数型-股票,T+1,2026-08-11,20260811,2026-08-11T15:34:54+08:00,0.76,2001886,154390193.434,619996910,619996910,2026-08-11
SZ159287,159287,SZ,创业板综ETF博时,指数型-股票,T+1,2026-08-11,20260811,2026-08-11T15:34:15+08:00,1.134,379535,43441821.1,119714966,119714966,2026-08-11
SZ159288,159288,SZ,创业板综ETF银华,指数型-股票,T+1,2026-08-11,20260811,2026-08-11T15:34:18+08:00,1.014,12683,1287946.1,93465380,93465380,2026-08-11
SZ159289,159289,SZ,创业板综指ETF鹏华,指数型-股票,T+1,2026-08-11,20260811,2026-08-11T15:34:18+08:00,1.107,26506,2935205.4,43065222,43065222,2026-08-11
SZ159290,159290,SZ,创业板综指增强ETF东财,指数型-股票,T+1,2026-08-11,20260811,2026-08-11T15:34:57+08:00,1.172,32446,3810519.8,56373664,56373664,2026-08-11
SZ159291,159291,SZ,创业板综增强ETF招商,指数型-股票,T+1,2026-08-11,20260811,2026-08-11T15:34:21+08:00,1.184,20049,2387099.0,23037547,23037547,2026-08-11
SZ159292,159292,SZ,创业板综增强ETF华宝,指数型-股票,T+1,2026-08-11,20260811,2026-08-11T15:34:18+08:00,1.198,11817,1414295.3,217065058,217065058,2026-08-11
SZ159293,159293,SZ,创业板综增强ETF建信,指数型-股票,T+1,2026-08-11,20260811,2026-08-11T15:34:21+08:00,1.077,55358,5987639.579,27096671,27096671,2026-08-11
SZ159295,159295,SZ,创业综指ETF西部利得,指数型-股票,T+1,2026-08-11,20260811,2026-08-11T15:34:24+08:00,1.05,117129,12358599.4,78706151,78706151,2026-08-11
SZ159296,159296,SZ,A500红利低波ETF华宝,指数型-股票,T+1,2026-08-11,20260811,2026-08-11T15:34:45+08:00,1.009,15923,1608852.207,48475327,48475327,2026-08-11
SZ159297,159297,SZ,港股通创新药ETF南方,指数型-股票,T+1,2026-08-11,20260811,2026-08-11T15:34:27+08:00,0.745,4803320,362767540.898,2855896887,2855896887,2026-08-11
SZ159298,159298,SZ,创业板50ETF大成,指数型-股票,T+1,2026-08-11,20260811,2026-08-11T15:34:30+08:00,1.237,61707,7655730.3,199504698,199504698,2026-08-11
SZ159299,159299,SZ,金融科技ETF易方达,指数型-股票,T+1,2026-08-11,20260811,2026-08-11T15:34:00+08:00,0.715,292650,21059591.74,483678178,483678178,2026-08-11
SZ159300,159300,SZ,沪深300ETF富国,指数型-股票,T+1,2026-08-11,20260811,2026-08-11T15:34:24+08:00,5.066,284277,144732534.2,1956276914,1956276914,2026-08-11
SZ159301,159301,SZ,公用事业ETF华夏,指数型-股票,T+1,2026-08-11,20260811,2026-08-11T15:34:21+08:00,0.984,246893,24283900.5,121975023,121975023,2026-08-11
SZ159302,159302,SZ,港股高股息ETF银华,指数型-股票,T+1,2026-08-11,20260811,2026-08-11T15:34:03+08:00,1.299,47595,6211157.9,73130594,73130594,2026-08-11
SZ159305,159305,SZ,储能电池ETF广发,指数型-股票,T+1,2026-08-11,20260811,2026-08-11T15:34:24+08:00,0.844,424415,35732597.2,998992417,998992417,2026-08-11
SZ159306,159306,SZ,汽车零部件ETF平安,指数型-股票,T+1,2026-08-11,20260811,2026-08-11T15:34:48+08:00,1.185,24493,2894663.7,28729870,28729870,2026-08-11
SZ159307,159307,SZ,红利低波100ETF博时,指数型-股票,T+1,2026-08-11,20260811,2026-08-11T15:34:30+08:00,1.03,782323,80772189.5,7216080724,7216080724,2026-08-11
SZ159309,159309,SZ,油气ETF汇添富,指数型-股票,T+1,2026-08-11,20260811,2026-08-11T15:34:27+08:00,1.375,304554,42213434.324,760886148,760886148,2026-08-11
SZ159310,159310,SZ,芯片ETF天弘,指数型-股票,T+1,2026-08-11,20260811,2026-08-11T15:34:51+08:00,2.958,78390,23212918.1,1449364058,1449364058,2026-08-11
SZ159311,159311,SZ,数字经济ETF易方达,指数型-股票,T+1,2026-08-11,20260811,2026-08-11T15:34:30+08:00,1.528,8774,1350682.1,60178741,60178741,2026-08-11
SZ159312,159312,SZ,恒指港股通ETF广发,指数型-股票,T+1,2026-08-11,20260811,2026-08-11T15:34:33+08:00,1.194,13640,1635868.4,39669877,39669877,2026-08-11
SZ159315,159315,SZ,黄金股ETF工银,指数型-股票,T+1,2026-08-11,20260811,2026-08-11T15:34:33+08:00,1.679,354331,61835670.018,304888974,304888974,2026-08-11
SZ159316,159316,SZ,港股通创新药ETF易方达,指数型-股票,T+1,2026-08-11,20260811,2026-08-11T15:34:36+08:00,1.173,10105219,1201482895.439,6735760428,6735760428,2026-08-11
SZ159318,159318,SZ,恒指港股通ETF银华,指数型-股票,T+1,2026-08-11,20260811,2026-08-11T15:34:39+08:00,1.32,2101,279904.7,20594174,20594174,2026-08-11
SZ159320,159320,SZ,电网设备ETF广发,指数型-股票,T+1,2026-08-11,20260811,2026-08-11T15:34:36+08:00,0.63,1704967,107720751.8,1074928378,1074928378,2026-08-11
SZ159321,159321,SZ,黄金股ETF华安,指数型-股票,T+1,2026-08-11,20260811,2026-08-11T15:34:54+08:00,1.573,945187,153443947.8,615672829,615672829,2026-08-11
SZ159322,159322,SZ,黄金股ETF平安,指数型-股票,T+1,2026-08-11,20260811,2026-08-11T15:34:57+08:00,1.652,201821,34579801.2,193964114,193964114,2026-08-11
SZ159323,159323,SZ,港股通汽车ETF华夏,指数型-股票,T+1,2026-08-11,20260811,2026-08-11T15:34:33+08:00,1.079,673710,73403067.4,104768071,104768071,2026-08-11
SZ159325,159325,SZ,半导体ETF南方,指数型-股票,T+1,2026-08-11,20260811,2026-08-11T15:34:39+08:00,2.204,536629,119283539.8,1125055004,1125055004,2026-08-11
SZ159326,159326,SZ,电网设备ETF华夏,指数型-股票,T+1,2026-08-11,20260811,2026-08-11T15:34:36+08:00,1.687,4449877,752386897.29,21415226067,21415226067,2026-08-11
SZ159327,159327,SZ,半导体设备ETF万家,指数型-股票,T+1,2026-08-11,20260811,2026-08-11T15:34:42+08:00,1.185,2010135,240916577.825,3140930304,3140930304,2026-08-11
SZ159328,159328,SZ,家电ETF易方达,指数型-股票,T+1,2026-08-11,20260811,2026-08-11T15:34:39+08:00,1.048,26588,2795202.1,95951422,95951422,2026-08-11
SZ159330,159330,SZ,沪深300ETF东财,指数型-股票,T+1,2026-08-11,20260811,2026-08-11T15:34:48+08:00,1.459,290203,42566207.8,669390671,669390671,2026-08-11
SZ159331,159331,SZ,红利港股ETF国泰,指数型-股票,T+1,2026-08-11,20260811,2026-08-11T15:34:51+08:00,1.279,51274,6579790.255,195295855,195295855,2026-08-11
SZ159332,159332,SZ,央企红利ETF富国,指数型-股票,T+1,2026-08-11,20260811,2026-08-11T15:34:00+08:00,1.196,20482,2457921.3,113047686,113047686,2026-08-11
SZ159333,159333,SZ,港股央企红利ETF万家,指数型-股票,T+1,2026-08-11,20260811,2026-08-11T15:34:54+08:00,1.331,55985,7493724.5,282109223,282109223,2026-08-11
SZ159335,159335,SZ,央企科创ETF融通,指数型-股票,T+1,2026-08-11,20260811,2026-08-11T15:34:03+08:00,1.549,111929,17449745.8,99885234,99885234,2026-08-11
SZ159336,159336,SZ,央企红利ETF融通,指数型-股票,T+1,2026-08-11,20260811,2026-08-11T15:34:42+08:00,1.213,59415,7173842.0,388044872,388044872,2026-08-11
SZ159337,159337,SZ,中证500ETF东财,指数型-股票,T+1,2026-08-11,20260811,2026-08-11T15:34:45+08:00,1.821,192682,35258452.0,538489017,538489017,2026-08-11
SZ159338,159338,SZ,中证A500ETF国泰,指数型-股票,T+1,2026-08-11,20260811,2026-08-11T15:34:06+08:00,1.239,25545726,3184453767.628,27887519525,27887519525,2026-08-11
SZ159339,159339,SZ,A500ETF银华,指数型-股票,T+1,2026-08-11,20260811,2026-08-11T15:34:06+08:00,1.248,310473,38997884.2,2447436386,2447436386,2026-08-11
SZ159350,159350,SZ,深证50ETF富国,指数型-股票,T+1,2026-08-11,20260811,2026-08-11T15:34:42+08:00,1.619,232650,37654161.7,197533610,197533610,2026-08-11
SZ159351,159351,SZ,A500ETF嘉实,指数型-股票,T+1,2026-08-11,20260811,2026-08-11T15:34:09+08:00,1.237,4715691,586874899.7,8704921557,8704921557,2026-08-11
SZ159352,159352,SZ,A500ETF南方,指数型-股票,T+1,2026-08-11,20260811,2026-08-11T15:34:12+08:00,1.287,25736336,3333280874.6,35467276965,35467276965,2026-08-11
SZ159353,159353,SZ,中证A500ETF景顺,指数型-股票,T+1,2026-08-11,20260811,2026-08-11T15:34:15+08:00,1.254,1303221,164586134.992,5419991048,5419991048,2026-08-11
SZ159355,159355,SZ,800红利低波ETF华宝,指数型-股票,T+1,2026-08-11,20260811,2026-08-11T15:34:45+08:00,1.039,4566,476195.1,90636414,90636414,2026-08-11
SZ159356,159356,SZ,A500ETF万家,指数型-股票,T+1,2026-08-11,20260811,2026-08-11T15:34:18+08:00,1.31,271208,35799936.4,1028508038,1028508038,2026-08-11
SZ159357,159357,SZ,A500ETF博时,指数型-股票,T+1,2026-08-11,20260811,2026-08-11T15:34:09+08:00,1.305,126534,16591075.4,1552733161,1552733161,2026-08-11
SZ159358,159358,SZ,中证A500ETF大成,指数型-股票,T+1,2026-08-11,20260811,2026-08-11T15:34:48+08:00,1.333,414057,55595400.486,910580853,910580853,2026-08-11
SZ159359,159359,SZ,A500ETF华安,指数型-股票,T+1,2026-08-11,20260811,2026-08-11T15:34:12+08:00,1.299,184580,24094124.9,922472421,922472421,2026-08-11
SZ159360,159360,SZ,A500ETF天弘,指数型-股票,T+1,2026-08-11,20260811,2026-08-11T15:34:15+08:00,1.334,302534,40573530.443,1667746160,1667746160,2026-08-11
SZ159361,159361,SZ,A500ETF易方达,指数型-股票,T+1,2026-08-11,20260811,2026-08-11T15:34:51+08:00,1.263,11073198,1406012393.078,28795250892,28795250892,2026-08-11
SZ159362,159362,SZ,A500ETF工银,指数型-股票,T+1,2026-08-11,20260811,2026-08-11T15:34:57+08:00,1.325,120534,16035850.16,2129513754,2129513754,2026-08-11
SZ159363,159363,SZ,创业板人工智能ETF华宝,指数型-股票,T+1,2026-08-11,20260811,2026-08-11T15:34:54+08:00,1.226,9800287,1203270188.9,7084036243,7084036243,2026-08-11
SZ159365,159365,SZ,恒指港股通ETF富国,指数型-股票,T+1,2026-08-11,20260811,2026-08-11T15:34:21+08:00,1.009,8601,873984.4,51622860,51622860,2026-08-11
SZ159366,159366,SZ,港股医疗ETF永赢,指数型-股票,T+1,2026-08-11,20260811,2026-08-11T15:34:00+08:00,1.44,2569937,374873980.2,356159624,356159624,2026-08-11
SZ159367,159367,SZ,创业板50ETF华夏,指数型-股票,T+1,2026-08-11,20260811,2026-08-11T15:34:24+08:00,1.758,146105,25727824.3,316578933,316578933,2026-08-11
SZ159368,159368,SZ,创业板新能源ETF华夏,指数型-股票,T+1,2026-08-11,20260811,2026-08-11T15:34:57+08:00,0.692,2448479,169204459.602,718697139,718697139,2026-08-11
SZ159369,159369,SZ,创业板50ETF易方达,指数型-股票,T+1,2026-08-11,20260811,2026-08-11T15:34:00+08:00,1.429,240728,34396767.5,552670734,552670734,2026-08-11
SZ159370,159370,SZ,创50ETF工银,指数型-股票,T+1,2026-08-11,20260811,2026-08-11T15:34:03+08:00,1.853,38412,7150343.1,406392565,406392565,2026-08-11
SZ159371,159371,SZ,创业板50ETF富国,指数型-股票,T+1,2026-08-11,20260811,2026-08-11T15:34:27+08:00,1.752,47783,8386758.8,312243493,312243493,2026-08-11
SZ159372,159372,SZ,创业板50ETF万家,指数型-股票,T+1,2026-08-11,20260811,2026-08-11T15:34:30+08:00,1.872,18788,3526758.7,124397373,124397373,2026-08-11
SZ159373,159373,SZ,创业板50ETF嘉实,指数型-股票,T+1,2026-08-11,20260811,2026-08-11T15:34:06+08:00,1.789,193956,34691260.8,253246357,253246357,2026-08-11
SZ159375,159375,SZ,创业板50ETF国泰,指数型-股票,T+1,2026-08-11,20260811,2026-08-11T15:34:18+08:00,0.747,297977,22233122.7,268617722,268617722,2026-08-11
SZ159376,159376,SZ,A500ETF浦银,指数型-股票,T+1,2026-08-11,20260811,2026-08-11T15:34:48+08:00,1.344,21886,2954320.2,69783594,69783594,2026-08-11
SZ159377,159377,SZ,创业板医药ETF国泰,指数型-股票,T+1,2026-08-11,20260811,2026-08-11T15:34:03+08:00,1.047,245954,25921525.162,135198481,135198481,2026-08-11
SZ159378,159378,SZ,通用航空ETF永赢,指数型-股票,T+1,2026-08-11,20260811,2026-08-11T15:34:51+08:00,1.035,437300,45330628.2,575740560,575740560,2026-08-11
SZ159379,159379,SZ,A500ETF融通,指数型-股票,T+1,2026-08-11,20260811,2026-08-11T15:34:21+08:00,1.376,10540,1456506.6,222666344,222666344,2026-08-11
SZ159380,159380,SZ,A500ETF东财,指数型-股票,T+1,2026-08-11,20260811,2026-08-11T15:34:06+08:00,1.375,72406,10001680.3,233480963,233480963,2026-08-11
SZ159381,159381,SZ,创业板人工智能ETF华夏,指数型-股票,T+1,2026-08-11,20260811,2026-08-11T15:34:33+08:00,1.161,4447822,517906434.384,1947174865,1947174865,2026-08-11
SZ159382,159382,SZ,创业板人工智能ETF南方,指数型-股票,T+1,2026-08-11,20260811,2026-08-11T15:34:09+08:00,2.6,933946,243271470.5,2074944851,2074944851,2026-08-11
SZ159383,159383,SZ,创业板50ETF华泰柏瑞,指数型-股票,T+1,2026-08-11,20260811,2026-08-11T15:34:24+08:00,1.744,56009,9786406.5,103057296,103057296,2026-08-11
SZ159385,159385,SZ,数字经济ETF富国,指数型-股票,T+1,2026-08-11,20260811,2026-08-11T15:34:09+08:00,1.847,54622,10166428.3,90507664,90507664,2026-08-11
SZ159386,159386,SZ,A500ETF永赢,指数型-股票,T+1,2026-08-11,20260811,2026-08-11T15:34:54+08:00,1.306,61434,8063277.9,83413644,83413644,2026-08-11
SZ159387,159387,SZ,创业板新能源ETF国泰,指数型-股票,T+1,2026-08-11,20260811,2026-08-11T15:34:12+08:00,0.762,3207411,244567881.3,1082946512,1082946512,2026-08-11
SZ159388,159388,SZ,创业板人工智能ETF国泰,指数型-股票,T+1,2026-08-11,20260811,2026-08-11T15:34:27+08:00,1.004,1862704,186975617.7,880243940,880243940,2026-08-11
SZ159389,159389,SZ,数字经济ETF嘉实,指数型-股票,T+1,2026-08-11,20260811,2026-08-11T15:34:36+08:00,1.867,73827,13837835.9,255953311,255953311,2026-08-11
SZ159390,159390,SZ,中证A50ETF国联,指数型-股票,T+1,2026-08-11,20260811,2026-08-11T15:34:15+08:00,1.264,69001,8773987.4,145699727,145699727,2026-08-11
SZ159391,159391,SZ,大盘价值ETF博时,指数型-股票,T+1,2026-08-11,20260811,2026-08-11T15:34:30+08:00,1.093,16304,1782935.2,95174503,95174503,2026-08-11
SZ159392,159392,SZ,航空ETF富国,指数型-股票,T+1,2026-08-11,20260811,2026-08-11T15:34:57+08:00,0.956,78532,7512639.4,176654938,176654938,2026-08-11
SZ159393,159393,SZ,沪深300ETF万家,指数型-股票,T+1,2026-08-11,20260811,2026-08-11T15:34:18+08:00,5.018,33296,16754803.4,427766144,427766144,2026-08-11
SZ159399,159399,SZ,现金流ETF国泰,指数型-股票,T+1,2026-08-11,20260811,2026-08-11T15:34:39+08:00,1.014,2352790,239187320.274,4518581543,4518581543,2026-08-11
SZ159500,159500,SZ,中证500ETF富国,指数型-股票,T+1,2026-08-11,20260811,2026-08-11T15:34:36+08:00,1.195,150262,18032039.095,268323944,268323944,2026-08-11
SZ159505,159505,SZ,国证2000ETF博时,指数型-股票,T+1,2026-08-11,20260811,2026-08-11T15:34:12+08:00,1.609,30164,4851233.9,30739601,30739601,2026-08-11
SZ159506,159506,SZ,港股通创新药医疗ETF富国,指数型-股票,T+1,2026-08-11,20260811,2026-08-11T15:34:30+08:00,1.291,5380272,704211336.1,3394732236,3394732236,2026-08-11
SZ159507,159507,SZ,通信ETF广发,指数型-股票,T+1,2026-08-11,20260811,2026-08-11T15:34:15+08:00,0.832,513471,42627476.5,686259305,686259305,2026-08-11
SZ159508,159508,SZ,生物医药ETF华安,指数型-股票,T+1,2026-08-11,20260811,2026-08-11T15:34:42+08:00,0.859,318735,27598842.6,96235143,96235143,2026-08-11
SZ159510,159510,SZ,沪深300价值ETF华夏,指数型-股票,T+1,2026-08-11,20260811,2026-08-11T15:34:33+08:00,1.263,29429,3745010.6,87309096,87309096,2026-08-11
SZ159511,159511,SZ,通信ETF南方,指数型-股票,T+1,2026-08-11,20260811,2026-08-11T15:34:21+08:00,2.329,86512,20215289.5,329424411,329424411,2026-08-11
SZ159512,159512,SZ,汽车ETF广发,指数型-股票,T+1,2026-08-11,20260811,2026-08-11T15:34:36+08:00,1.082,175070,19013028.1,105240573,105240573,2026-08-11
SZ159515,159515,SZ,国企红利ETF鹏扬,指数型-股票,T+1,2026-08-11,20260811,2026-08-11T15:34:42+08:00,1.189,17967,2145164.1,45403904,45403904,2026-08-11
SZ159516,159516,SZ,半导体设备ETF国泰,指数型-股票,T+1,2026-08-11,20260811,2026-08-11T15:34:24+08:00,0.739,62042843,4641740925.245,41517285993,41517285993,2026-08-11
SZ159517,159517,SZ,中证800增强ETF银华,指数型-股票,T+1,2026-08-11,20260811,2026-08-11T15:34:42+08:00,1.369,36472,5010498.4,16075652,16075652,2026-08-11
SZ159520,159520,SZ,消费龙头ETF工银,指数型-股票,T+1,2026-08-11,20260811,2026-08-11T15:34:48+08:00,0.938,66963,6298824.1,145556635,145556635,2026-08-11
SZ159521,159521,SZ,国证2000ETF平安,指数型-股票,T+1,2026-08-11,20260811,2026-08-11T15:34:48+08:00,1.263,8074,1024220.1,23080611,23080611,2026-08-11
SZ159523,159523,SZ,沪深300成长ETF华夏,指数型-股票,T+1,2026-08-11,20260811,2026-08-11T15:34:51+08:00,1.294,58142,7587442.4,97719448,97719448,2026-08-11
SZ159525,159525,SZ,红利低波ETF富国,指数型-股票,T+1,2026-08-11,20260811,2026-08-11T15:34:27+08:00,1.085,132755,14438079.7,485259462,485259462,2026-08-11
SZ159526,159526,SZ,机器人ETF嘉实,指数型-股票,T+1,2026-08-11,20260811,2026-08-11T15:34:06+08:00,1.51,234223,35292142.6,905189070,905189070,2026-08-11
SZ159527,159527,SZ,云计算ETF广发,指数型-股票,T+1,2026-08-11,20260811,2026-08-11T15:34:45+08:00,0.731,228662,16816779.5,343790282,343790282,2026-08-11
SZ159528,159528,SZ,国企改革ETF富国,指数型-股票,T+1,2026-08-11,20260811,2026-08-11T15:34:48+08:00,1.262,657,83716.5,9238816,9238816,2026-08-11
SZ159530,159530,SZ,机器人ETF易方达,指数型-股票,T+1,2026-08-11,20260811,2026-08-11T15:34:33+08:00,1.431,7965515,1129607564.457,18934438466,18934438466,2026-08-11
SZ159531,159531,SZ,中证2000ETF南方,指数型-股票,T+1,2026-08-11,20260811,2026-08-11T15:34:51+08:00,1.443,1206411,174038316.941,1706503921,1706503921,2026-08-11
SZ159532,159532,SZ,中证2000ETF易方达,指数型-股票,T+1,2026-08-11,20260811,2026-08-11T15:34:09+08:00,1.623,276877,44973389.4,310909656,310909656,2026-08-11
SZ159533,159533,SZ,中证2000ETF博时,指数型-股票,T+1,2026-08-11,20260811,2026-08-11T15:34:54+08:00,1.917,28913,5579438.7,31551491,31551491,2026-08-11
SZ159535,159535,SZ,中证2000ETF嘉实,指数型-股票,T+1,2026-08-11,20260811,2026-08-11T15:34:57+08:00,1.474,51807,7678433.5,38296124,38296124,2026-08-11
SZ159536,159536,SZ,中证2000ETF汇添富,指数型-股票,T+1,2026-08-11,20260811,2026-08-11T15:34:51+08:00,1.38,73864,10191021.0,79020993,79020993,2026-08-11
SZ159537,159537,SZ,信创ETF国泰,指数型-股票,T+1,2026-08-11,20260811,2026-08-11T15:34:12+08:00,0.932,40804,3833881.359,140065810,140065810,2026-08-11
SZ159538,159538,SZ,信创ETF富国,指数型-股票,T+1,2026-08-11,20260811,2026-08-11T15:34:54+08:00,0.939,62690,5928894.7,252223813,252223813,2026-08-11
SZ159539,159539,SZ,信创ETF广发,指数型-股票,T+1,2026-08-11,20260811,2026-08-11T15:34:57+08:00,1.855,11172,2087737.4,104928413,104928413,2026-08-11
SZ159540,159540,SZ,信创ETF易方达,指数型-股票,T+1,2026-08-11,20260811,2026-08-11T15:34:15+08:00,1.992,136845,27456653.1,251998340,251998340,2026-08-11
SZ159541,159541,SZ,创业板综ETF万家,指数型-股票,T+1,2026-08-11,20260811,2026-08-11T15:34:18+08:00,1.56,76829,12041838.8,98425589,98425589,2026-08-11
SZ159542,159542,SZ,工程机械ETF大成,指数型-股票,T+1,2026-08-11,20260811,2026-08-11T15:34:21+08:00,1.377,21870,3025100.5,22159854,22159854,2026-08-11
SZ159543,159543,SZ,国证2000ETF工银,指数型-股票,T+1,2026-08-11,20260811,2026-08-11T15:34:36+08:00,1.496,6314,945009.0,63126040,63126040,2026-08-11
SZ159545,159545,SZ,恒生红利低波ETF易方达,指数型-股票,T+1,2026-08-11,20260811,2026-08-11T15:34:39+08:00,1.307,537082,70309327.7,6960302568,6960302568,2026-08-11
SZ159546,159546,SZ,集成电路ETF国泰,指数型-股票,T+1,2026-08-11,20260811,2026-08-11T15:34:00+08:00,0.795,566452,45287171.291,544517620,544517620,2026-08-11
SZ159547,159547,SZ,红利低波ETF华夏,指数型-股票,T+1,2026-08-11,20260811,2026-08-11T15:34:00+08:00,1.189,943905,112553213.0,1565658649,1565658649,2026-08-11
SZ159549,159549,SZ,红利低波ETF天弘,指数型-股票,T+1,2026-08-11,20260811,2026-08-11T15:34:54+08:00,1.189,50351,5998252.5,5785107998,5785107998,2026-08-11
SZ159550,159550,SZ,互联网ETF东财,指数型-股票,T+1,2026-08-11,20260811,2026-08-11T15:34:24+08:00,0.847,61509,5257009.7,169254981,169254981,2026-08-11
SZ159551,159551,SZ,机器人ETF国泰,指数型-股票,T+1,2026-08-11,20260811,2026-08-11T15:34:03+08:00,1.329,245185,32503588.2,430490913,430490913,2026-08-11
SZ159552,159552,SZ,中证2000增强ETF招商,指数型-股票,T+1,2026-08-11,20260811,2026-08-11T15:34:42+08:00,2.222,554415,123534314.1,1457166091,1457166091,2026-08-11
SZ159553,159553,SZ,中证2000增强ETF海富通,指数型-股票,T+1,2026-08-11,20260811,2026-08-11T15:34:27+08:00,1.817,4342,788537.5,29665707,29665707,2026-08-11
SZ159555,159555,SZ,中证2000增强ETF银华,指数型-股票,T+1,2026-08-11,20260811,2026-08-11T15:34:45+08:00,1.737,26789,4657515.5,65072719,65072719,2026-08-11
SZ159556,159556,SZ,中证2000增强ETF平安,指数型-股票,T+1,2026-08-11,20260811,2026-08-11T15:34:30+08:00,1.212,7715,939511.9,18853980,18853980,2026-08-11
SZ159558,159558,SZ,半导体设备ETF易方达,指数型-股票,T+1,2026-08-11,20260811,2026-08-11T15:34:48+08:00,1.159,15593353,1830483982.457,19929658713,19929658713,2026-08-11
SZ159559,159559,SZ,机器人ETF景顺,指数型-股票,T+1,2026-08-11,20260811,2026-08-11T15:34:57+08:00,1.291,1269914,162480424.616,2618892422,2618892422,2026-08-11
SZ159560,159560,SZ,芯片ETF景顺,指数型-股票,T+1,2026-08-11,20260811,2026-08-11T15:34:36+08:00,2.361,84228,20038765.4,435407262,435407262,2026-08-11
SZ159562,159562,SZ,黄金股ETF华夏,指数型-股票,T+1,2026-08-11,20260811,2026-08-11T15:34:03+08:00,2.235,2263192,523860756.449,5330766694,5330766694,2026-08-11
SZ159563,159563,SZ,创业板综ETF华夏,指数型-股票,T+1,2026-08-11,20260811,2026-08-11T15:34:06+08:00,1.829,21081,3857826.6,50042854,50042854,2026-08-11
SZ159565,159565,SZ,汽车零部件ETF易方达,指数型-股票,T+1,2026-08-11,20260811,2026-08-11T15:34:39+08:00,1.336,213580,28426981.3,195893981,195893981,2026-08-11
SZ159566,159566,SZ,储能电池ETF易方达,指数型-股票,T+1,2026-08-11,20260811,2026-08-11T15:34:06+08:00,1.891,2065057,390667456.94,5284852916,5284852916,2026-08-11
SZ159567,159567,SZ,港股创新药ETF银华,指数型-股票,T+1,2026-08-11,20260811,2026-08-11T15:34:09+08:00,0.711,22460099,1617240655.9,7731221882,7731221882,2026-08-11
SZ159568,159568,SZ,港股互联网ETF博时,指数型-股票,T+1,2026-08-11,20260811,2026-08-11T15:34:54+08:00,1.219,714451,88335274.5,422819785,422819785,2026-08-11
SZ159569,159569,SZ,港股红利低波ETF景顺,指数型-股票,T+1,2026-08-11,20260811,2026-08-11T15:34:57+08:00,1.37,650119,89376226.3,509841730,509841730,2026-08-11
SZ159570,159570,SZ,港股通创新药ETF汇添富,指数型-股票,T+1,2026-08-11,20260811,2026-08-11T15:34:00+08:00,1.473,15492690,2313151575.99,25689999746,25689999746,2026-08-11
SZ159571,159571,SZ,创业板200ETF富国,指数型-股票,T+1,2026-08-11,20260811,2026-08-11T15:34:42+08:00,1.464,4290,628455.1,29253376,29253376,2026-08-11
SZ159572,159572,SZ,创业板200ETF易方达,指数型-股票,T+1,2026-08-11,20260811,2026-08-11T15:34:03+08:00,1.468,112458,16562797.8,281487689,281487689,2026-08-11
SZ159573,159573,SZ,创业板200ETF华夏,指数型-股票,T+1,2026-08-11,20260811,2026-08-11T15:34:12+08:00,1.475,126317,18687692.8,117198038,117198038,2026-08-11
SZ159575,159575,SZ,创业板200ETF银华,指数型-股票,T+1,2026-08-11,20260811,2026-08-11T15:34:15+08:00,1.433,1449,207600.4,16351139,16351139,2026-08-11
SZ159576,159576,SZ,深证100ETF广发,指数型-股票,T+1,2026-08-11,20260811,2026-08-11T15:34:18+08:00,1.583,44411,7050125.4,59377716,59377716,2026-08-11
SZ159578,159578,SZ,深证主板50ETF南方,指数型-股票,T+1,2026-08-11,20260811,2026-08-11T15:34:06+08:00,1.216,3829,466289.8,24318578,24318578,2026-08-11
SZ159581,159581,SZ,红利ETF万家,指数型-股票,T+1,2026-08-11,20260811,2026-08-11T15:34:00+08:00,1.063,230545,24576424.4,1364068932,1364068932,2026-08-11
SZ159582,159582,SZ,半导体ETF博时,指数型-股票,T+1,2026-08-11,20260811,2026-08-11T15:34:24+08:00,0.79,1291140,103146133.5,790480408,790480408,2026-08-11
SZ159583,159583,SZ,通信ETF富国,指数型-股票,T+1,2026-08-11,20260811,2026-08-11T15:34:45+08:00,1.586,3483637,550997763.224,3544064333,3544064333,2026-08-11
SZ159586,159586,SZ,计算机ETF南方,指数型-股票,T+1,2026-08-11,20260811,2026-08-11T15:34:09+08:00,1.105,115715,12823296.3,290091145,290091145,2026-08-11
SZ159587,159587,SZ,粮食ETF广发,指数型-股票,T+1,2026-08-11,20260811,2026-08-11T15:34:03+08:00,1.133,137409,15694946.5,177254486,177254486,2026-08-11
SZ159588,159588,SZ,石油ETF景顺,指数型-股票,T+1,2026-08-11,20260811,2026-08-11T15:34:27+08:00,1.245,141313,17573207.8,558114656,558114656,2026-08-11
SZ159589,159589,SZ,红利ETF广发,指数型-股票,T+1,2026-08-11,20260811,2026-08-11T15:34:09+08:00,1.095,64191,7048852.7,276586055,276586055,2026-08-11
SZ159590,159590,SZ,软件ETF汇添富,指数型-股票,T+1,2026-08-11,20260811,2026-08-11T15:34:48+08:00,0.938,801647,75284459.3,695866316,695866316,2026-08-11
SZ159591,159591,SZ,A50ETF富国,指数型-股票,T+1,2026-08-11,20260811,2026-08-11T15:34:51+08:00,1.402,160342,22611044.6,472341763,472341763,2026-08-11
SZ159592,159592,SZ,A50ETF银华,指数型-股票,T+1,2026-08-11,20260811,2026-08-11T15:34:12+08:00,1.371,121136,16680632.372,836735646,836735646,2026-08-11
SZ159593,159593,SZ,中证A50ETF平安,指数型-股票,T+1,2026-08-11,20260811,2026-08-11T15:34:54+08:00,1.387,484923,67667682.309,2645280919,2645280919,2026-08-11
SZ159595,159595,SZ,中证A50ETF大成,指数型-股票,T+1,2026-08-11,20260811,2026-08-11T15:34:57+08:00,1.396,519362,72714945.0,1234222094,1234222094,2026-08-11
SZ159596,159596,SZ,A50ETF华宝,指数型-股票,T+1,2026-08-11,20260811,2026-08-11T15:34:12+08:00,0.663,167370,11161681.9,341897856,341897856,2026-08-11
SZ159597,159597,SZ,创业板成长ETF易方达,指数型-股票,T+1,2026-08-11,20260811,2026-08-11T15:34:06+08:00,0.818,574514,47285465.276,810439337,810439337,2026-08-11
SZ159599,159599,SZ,芯片ETF东财,指数型-股票,T+1,2026-08-11,20260811,2026-08-11T15:34:09+08:00,2.898,613501,179263097.1,1925205341,1925205341,2026-08-11
SZ159601,159601,SZ,A50ETF华夏,指数型-股票,T+1,2026-08-11,20260811,2026-08-11T15:34:03+08:00,1.142,593996,68296385.3,1615002787,1615002787,2026-08-11
SZ159602,159602,SZ,中国A50ETF南方,指数型-股票,T+1,2026-08-11,20260811,2026-08-11T15:34:15+08:00,1.106,41175,4588985.716,454060496,454060496,2026-08-11
SZ159603,159603,SZ,科创创业ETF天弘,指数型-股票,T+1,2026-08-11,20260811,2026-08-11T15:34:18+08:00,1.739,73562,12880692.3,4365015069,4365015069,2026-08-11
SZ159606,159606,SZ,中证500成长ETF易方达,指数型-股票,T+1,2026-08-11,20260811,2026-08-11T15:34:21+08:00,1.37,94870,13086653.993,537345280,537345280,2026-08-11
SZ159608,159608,SZ,稀有金属ETF广发,指数型-股票,T+1,2026-08-11,20260811,2026-08-11T15:34:24+08:00,1.12,1758650,200755879.8,3898507272,3898507272,2026-08-11
SZ159609,159609,SZ,光伏ETF浦银,指数型-股票,T+1,2026-08-11,20260811,2026-08-11T15:34:18+08:00,0.505,102170,5155091.903,156501221,156501221,2026-08-11
SZ159610,159610,SZ,中证500增强ETF景顺,指数型-股票,T+1,2026-08-11,20260811,2026-08-11T15:34:27+08:00,1.28,35410,4555759.692,214487305,214487305,2026-08-11
SZ159611,159611,SZ,电力ETF广发,指数型-股票,T+1,2026-08-11,20260811,2026-08-11T15:34:15+08:00,1.069,6461090,690496079.869,10617268319,10617268319,2026-08-11
SZ159613,159613,SZ,信息安全ETF嘉实,指数型-股票,T+1,2026-08-11,20260811,2026-08-11T15:34:06+08:00,0.899,79534,7178226.8,108410605,108410605,2026-08-11
SZ159616,159616,SZ,农牧ETF建信,指数型-股票,T+1,2026-08-11,20260811,2026-08-11T15:34:21+08:00,0.801,131965,10662247.0,54917451,54917451,2026-08-11
SZ159617,159617,SZ,中证500价值ETF华夏,指数型-股票,T+1,2026-08-11,20260811,2026-08-11T15:34:24+08:00,1.381,23324,3252294.967,42007786,42007786,2026-08-11
SZ159618,159618,SZ,光伏ETF华安,指数型-股票,T+1,2026-08-11,20260811,2026-08-11T15:34:09+08:00,0.684,18922,1292318.3,52073882,52073882,2026-08-11
SZ159619,159619,SZ,基建ETF国泰,指数型-股票,T+1,2026-08-11,20260811,2026-08-11T15:34:30+08:00,0.953,19996,1915979.8,73362900,73362900,2026-08-11
SZ159620,159620,SZ,中证500成长ETF华夏,指数型-股票,T+1,2026-08-11,20260811,2026-08-11T15:34:12+08:00,1.303,55393,7243970.8,40576637,40576637,2026-08-11
SZ159621,159621,SZ,ESGETF国泰,指数型-股票,T+1,2026-08-11,20260811,2026-08-11T15:34:27+08:00,1.177,42933,5080489.4,16989662,16989662,2026-08-11
SZ159622,159622,SZ,创新药ETF东财,指数型-股票,T+1,2026-08-11,20260811,2026-08-11T15:34:18+08:00,1.213,1859861,228044781.425,1565501720,1565501720,2026-08-11
SZ159623,159623,SZ,成渝经济圈ETF博时,指数型-股票,T+1,2026-08-11,20260811,2026-08-11T15:34:33+08:00,1.004,75104,7551069.5,3094600783,3094600783,2026-08-11
SZ159625,159625,SZ,绿色电力ETF嘉实,指数型-股票,T+1,2026-08-11,20260811,2026-08-11T15:34:21+08:00,1.234,320660,39553372.1,2506641200,2506641200,2026-08-11
SZ159627,159627,SZ,A100ETF华夏,指数型-股票,T+1,2026-08-11,20260811,2026-08-11T15:34:36+08:00,1.325,26529,3537400.6,25329728,25329728,2026-08-11
SZ159628,159628,SZ,国证2000ETF万家,指数型-股票,T+1,2026-08-11,20260811,2026-08-11T15:34:36+08:00,1.395,552174,77408475.3,484460131,484460131,2026-08-11
SZ159629,159629,SZ,中证1000ETF富国,指数型-股票,T+1,2026-08-11,20260811,2026-08-11T15:34:15+08:00,3.215,1242423,400939407.538,2762497289,2762497289,2026-08-11
SZ159630,159630,SZ,A100ETF汇添富,指数型-股票,T+1,2026-08-11,20260811,2026-08-11T15:34:24+08:00,1.403,2163,302906.7,21204583,21204583,2026-08-11
SZ159631,159631,SZ,A100ETF招商,指数型-股票,T+1,2026-08-11,20260811,2026-08-11T15:34:39+08:00,1.272,14697,1877026.2,50031074,50031074,2026-08-11
SZ159633,159633,SZ,中证1000ETF易方达,指数型-股票,T+1,2026-08-11,20260811,2026-08-11T15:34:33+08:00,3.286,3339280,1101318844.632,4508926488,4508926488,2026-08-11
SZ159635,159635,SZ,基建ETF华夏,指数型-股票,T+1,2026-08-11,20260811,2026-08-11T15:34:27+08:00,1.012,224329,22841102.6,132417144,132417144,2026-08-11
SZ159636,159636,SZ,港股通科技30ETF工银,指数型-股票,T+1,2026-08-11,20260811,2026-08-11T15:34:42+08:00,0.541,3828852,210008651.757,12340481106,12340481106,2026-08-11
SZ159637,159637,SZ,新能源车ETF东财,指数型-股票,T+1,2026-08-11,20260811,2026-08-11T15:34:36+08:00,0.837,236240,19803873.5,572313896,572313896,2026-08-11
SZ159638,159638,SZ,高端装备ETF嘉实,指数型-股票,T+1,2026-08-11,20260811,2026-08-11T15:34:45+08:00,0.842,609396,51576917.0,1245605910,1245605910,2026-08-11
SZ159639,159639,SZ,碳中和ETF南方,指数型-股票,T+1,2026-08-11,20260811,2026-08-11T15:34:39+08:00,0.982,35630,3521644.788,199630948,199630948,2026-08-11
SZ159640,159640,SZ,碳中和龙头ETF工银,指数型-股票,T+1,2026-08-11,20260811,2026-08-11T15:34:42+08:00,0.96,32316,3129698.64,56491390,56491390,2026-08-11
SZ159641,159641,SZ,碳中和ETF招商,指数型-股票,T+1,2026-08-11,20260811,2026-08-11T15:34:45+08:00,1.019,19873,2037281.1,92442794,92442794,2026-08-11
SZ159642,159642,SZ,碳中和ETF大成,指数型-股票,T+1,2026-08-11,20260811,2026-08-11T15:34:48+08:00,0.966,231,22340.8,21676966,21676966,2026-08-11
SZ159643,159643,SZ,疫苗ETF国泰,指数型-股票,T+1,2026-08-11,20260811,2026-08-11T15:34:39+08:00,0.585,194893,11526960.541,145308511,145308511,2026-08-11
SZ159645,159645,SZ,疫苗ETF富国,指数型-股票,T+1,2026-08-11,20260811,2026-08-11T15:34:30+08:00,0.651,20595,1356502.5,36808022,36808022,2026-08-11
SZ159647,159647,SZ,中药ETF鹏华,指数型-股票,T+1,2026-08-11,20260811,2026-08-11T15:34:51+08:00,0.928,770916,72277857.268,1121916513,1121916513,2026-08-11
SZ159652,159652,SZ,有色ETF汇添富,指数型-股票,T+1,2026-08-11,20260811,2026-08-11T15:34:24+08:00,1.656,1566366,266100671.253,3209858397,3209858397,2026-08-11
SZ159653,159653,SZ,ESG300ETF国联安,指数型-股票,T+1,2026-08-11,20260811,2026-08-11T15:34:33+08:00,1.209,2107,256004.31,67670230,67670230,2026-08-11
SZ159656,159656,SZ,沪深300成长ETF万家,指数型-股票,T+1,2026-08-11,20260811,2026-08-11T15:34:36+08:00,1.234,59268,7371269.0,289050249,289050249,2026-08-11
SZ159657,159657,SZ,疫苗ETF鹏华,指数型-股票,T+1,2026-08-11,20260811,2026-08-11T15:34:54+08:00,0.631,27513,1753833.9,100022851,100022851,2026-08-11
SZ159658,159658,SZ,数字经济ETF华安,指数型-股票,T+1,2026-08-11,20260811,2026-08-11T15:34:51+08:00,1.809,29054,5308028.6,77596832,77596832,2026-08-11
SZ159661,159661,SZ,A100ETF嘉实,指数型-股票,T+1,2026-08-11,20260811,2026-08-11T15:34:54+08:00,1.451,26376,3848820.7,41655617,41655617,2026-08-11
SZ159662,159662,SZ,交运ETF南方,指数型-股票,T+1,2026-08-11,20260811,2026-08-11T15:34:57+08:00,0.977,143622,14142139.1,89995325,89995325,2026-08-11
SZ159663,159663,SZ,机床ETF华夏,指数型-股票,T+1,2026-08-11,20260811,2026-08-11T15:34:57+08:00,1.029,590247,60671588.9,441477188,441477188,2026-08-11
SZ159665,159665,SZ,半导体龙头ETF工银,指数型-股票,T+1,2026-08-11,20260811,2026-08-11T15:34:39+08:00,2.493,221974,55903276.3,609730112,609730112,2026-08-11
SZ159666,159666,SZ,交通运输ETF华夏,指数型-股票,T+1,2026-08-11,20260811,2026-08-11T15:34:45+08:00,0.971,206898,20315448.1,119270751,119270751,2026-08-11
SZ159667,159667,SZ,工业母机ETF国泰,指数型-股票,T+1,2026-08-11,20260811,2026-08-11T15:34:33+08:00,0.687,3215930,222232865.1,2594833845,2594833845,2026-08-11
SZ159669,159669,SZ,绿色电力ETF国泰,指数型-股票,T+1,2026-08-11,20260811,2026-08-11T15:34:42+08:00,1.138,41209,4683988.3,235855941,235855941,2026-08-11
SZ159670,159670,SZ,消费50ETF国联安,指数型-股票,T+1,2026-08-11,20260811,2026-08-11T15:34:48+08:00,0.879,33949,3001647.4,48966384,48966384,2026-08-11
SZ159671,159671,SZ,稀有金属ETF工银,指数型-股票,T+1,2026-08-11,20260811,2026-08-11T15:34:00+08:00,1.375,359053,50114981.728,1228633648,1228633648,2026-08-11
SZ159672,159672,SZ,消费ETF博时,指数型-股票,T+1,2026-08-11,20260811,2026-08-11T15:34:51+08:00,0.645,71852,4652217.9,83132379,83132379,2026-08-11
SZ159673,159673,SZ,沪深300ETF鹏华,指数型-股票,T+1,2026-08-11,20260811,2026-08-11T15:34:45+08:00,1.301,469700,61411387.2,2325574428,2325574428,2026-08-11
SZ159675,159675,SZ,创业板增强ETF嘉实,指数型-股票,T+1,2026-08-11,20260811,2026-08-11T15:34:54+08:00,1.455,49509,7237876.6,95079435,95079435,2026-08-11
SZ159676,159676,SZ,创业板增强ETF富国,指数型-股票,T+1,2026-08-11,20260811,2026-08-11T15:34:48+08:00,1.642,93346,15297160.5,214386388,214386388,2026-08-11
SZ159677,159677,SZ,中证1000增强ETF银华,指数型-股票,T+1,2026-08-11,20260811,2026-08-11T15:34:57+08:00,1.447,50741,7375062.6,47612220,47612220,2026-08-11
SZ159678,159678,SZ,500增强ETF博时,指数型-股票,T+1,2026-08-11,20260811,2026-08-11T15:34:00+08:00,1.561,31717,4980598.7,145397306,145397306,2026-08-11
SZ159679,159679,SZ,中证1000增强ETF国泰,指数型-股票,T+1,2026-08-11,20260811,2026-08-11T15:34:03+08:00,1.276,70436,8973706.1,74121763,74121763,2026-08-11
SZ159680,159680,SZ,中证1000增强ETF招商,指数型-股票,T+1,2026-08-11,20260811,2026-08-11T15:34:51+08:00,1.663,431898,71825408.584,1926482527,1926482527,2026-08-11
SZ159681,159681,SZ,创业板50ETF鹏华,指数型-股票,T+1,2026-08-11,20260811,2026-08-11T15:34:03+08:00,1.644,940758,154935233.9,1712673720,1712673720,2026-08-11
SZ159682,159682,SZ,创业板50ETF景顺,指数型-股票,T+1,2026-08-11,20260811,2026-08-11T15:34:00+08:00,1.622,2029065,329749445.545,5062761031,5062761031,2026-08-11
SZ159685,159685,SZ,1000增强ETF天弘,指数型-股票,T+1,2026-08-11,20260811,2026-08-11T15:34:03+08:00,1.485,10545,1562037.4,28868499,28868499,2026-08-11
SZ159686,159686,SZ,A100ETF易方达,指数型-股票,T+1,2026-08-11,20260811,2026-08-11T15:34:06+08:00,1.306,165699,21756300.3,112074894,112074894,2026-08-11
SZ159689,159689,SZ,消费ETF南方,指数型-股票,T+1,2026-08-11,20260811,2026-08-11T15:34:42+08:00,0.651,51901,3384616.1,61290209,61290209,2026-08-11
SZ159690,159690,SZ,有色矿业ETF招商,指数型-股票,T+1,2026-08-11,20260811,2026-08-11T15:34:45+08:00,1.998,196462,40013765.6,553773640,553773640,2026-08-11
SZ159691,159691,SZ,港股红利ETF工银,指数型-股票,T+1,2026-08-11,20260811,2026-08-11T15:34:06+08:00,1.203,1007882,121841875.5,4379282575,4379282575,2026-08-11
SZ159692,159692,SZ,证券ETF东财,指数型-股票,T+1,2026-08-11,20260811,2026-08-11T15:34:54+08:00,1.223,795640,97690216.2,1919444649,1919444649,2026-08-11
SZ159695,159695,SZ,通信ETF嘉实,指数型-股票,T+1,2026-08-11,20260811,2026-08-11T15:34:06+08:00,0.911,444790,40432515.5,781124429,781124429,2026-08-11
SZ159697,159697,SZ,石油ETF鹏华,指数型-股票,T+1,2026-08-11,20260811,2026-08-11T15:34:09+08:00,1.311,396470,52121460.868,1408042842,1408042842,2026-08-11
SZ159698,159698,SZ,粮食ETF鹏华,指数型-股票,T+1,2026-08-11,20260811,2026-08-11T15:34:12+08:00,0.878,598622,53006602.9,986823169,986823169,2026-08-11
SZ159701,159701,SZ,物联网ETF招商,指数型-股票,T+1,2026-08-11,20260811,2026-08-11T15:34:54+08:00,1.282,2367,304967.6,7314580,7314580,2026-08-11
SZ159703,159703,SZ,新材料ETF天弘,指数型-股票,T+1,2026-08-11,20260811,2026-08-11T15:34:09+08:00,0.947,72022,6855961.3,58128367,58128367,2026-08-11
SZ159706,159706,SZ,深证100ETF华安,指数型-股票,T+1,2026-08-11,20260811,2026-08-11T15:34:09+08:00,0.949,22705,2162921.5,40699573,40699573,2026-08-11
SZ159707,159707,SZ,地产ETF华宝,指数型-股票,T+1,2026-08-11,20260811,2026-08-11T15:34:12+08:00,0.494,1860472,92059142.4,585413815,585413815,2026-08-11
SZ159708,159708,SZ,红利ETF西部利得,指数型-股票,T+1,2026-08-11,20260811,2026-08-11T15:34:57+08:00,0.83,109597,9168152.04,153158494,153158494,2026-08-11
SZ159709,159709,SZ,物联网ETF工银,指数型-股票,T+1,2026-08-11,20260811,2026-08-11T15:34:15+08:00,1.742,515,89891.5,37425233,37425233,2026-08-11
SZ159711,159711,SZ,港股通50ETF华夏,指数型-股票,T+1,2026-08-11,20260811,2026-08-11T15:34:12+08:00,1.342,90225,12187187.8,40884241,40884241,2026-08-11
SZ159712,159712,SZ,港股通50ETF国泰,指数型-股票,T+1,2026-08-11,20260811,2026-08-11T15:34:15+08:00,1.25,81554,10238359.9,119723516,119723516,2026-08-11
SZ159713,159713,SZ,稀土ETF富国,指数型-股票,T+1,2026-08-11,20260811,2026-08-11T15:34:18+08:00,1.304,431976,56717977.434,714272593,714272593,2026-08-11
SZ159715,159715,SZ,稀土ETF易方达,指数型-股票,T+1,2026-08-11,20260811,2026-08-11T15:34:21+08:00,1.201,564885,68334992.8,648576357,648576357,2026-08-11
SZ159716,159716,SZ,深证100ETF华宝,指数型-股票,T+1,2026-08-11,20260811,2026-08-11T15:34:15+08:00,1.143,38574,4417501.3,63627075,63627075,2026-08-11
SZ159717,159717,SZ,ESGETF鹏华,指数型-股票,T+1,2026-08-11,20260811,2026-08-11T15:34:18+08:00,1.062,727,77561.2,24291320,24291320,2026-08-11
SZ159718,159718,SZ,港股医药ETF平安,指数型-股票,T+1,2026-08-11,20260811,2026-08-11T15:34:21+08:00,0.897,442607,40175183.436,176558873,176558873,2026-08-11
SZ159719,159719,SZ,国企ETF平安,指数型-股票,T+1,2026-08-11,20260811,2026-08-11T15:34:00+08:00,1.596,25680,4107248.1,43404794,43404794,2026-08-11
SZ159720,159720,SZ,智能车ETF泰康,指数型-股票,T+1,2026-08-11,20260811,2026-08-11T15:34:18+08:00,0.742,5300,394071.6,33992769,33992769,2026-08-11
SZ159721,159721,SZ,深证100ETF永赢,指数型-股票,T+1,2026-08-11,20260811,2026-08-11T15:34:03+08:00,1.08,21087,2284569.4,72826232,72826232,2026-08-11
SZ159723,159723,SZ,科技龙头ETF汇添富,指数型-股票,T+1,2026-08-11,20260811,2026-08-11T15:34:24+08:00,1.111,9862,1102758.2,34469414,34469414,2026-08-11
SZ159725,159725,SZ,线上消费ETF工银,指数型-股票,T+1,2026-08-11,20260811,2026-08-11T15:34:00+08:00,0.803,138015,11191685.1,111155214,111155214,2026-08-11
SZ159726,159726,SZ,港股通高股息ETF华夏,指数型-股票,T+1,2026-08-11,20260811,2026-08-11T15:34:21+08:00,1.344,77673,10502528.8,363432889,363432889,2026-08-11
SZ159728,159728,SZ,在线消费ETF南方,指数型-股票,T+1,2026-08-11,20260811,2026-08-11T15:34:24+08:00,0.804,85649,6943751.7,39725744,39725744,2026-08-11
SZ159729,159729,SZ,互联网ETF汇添富,指数型-股票,T+1,2026-08-11,20260811,2026-08-11T15:34:03+08:00,0.735,2151,159963.9,47746065,47746065,2026-08-11
SZ159730,159730,SZ,家电ETF博时,指数型-股票,T+1,2026-08-11,20260811,2026-08-11T15:34:06+08:00,1.033,7249,749442.4,43976194,43976194,2026-08-11
SZ159731,159731,SZ,石化ETF华夏,指数型-股票,T+1,2026-08-11,20260811,2026-08-11T15:34:06+08:00,0.953,643536,62125672.7,751322145,751322145,2026-08-11
SZ159732,159732,SZ,消费电子ETF华夏,指数型-股票,T+1,2026-08-11,20260811,2026-08-11T15:34:09+08:00,1.407,2755963,389018610.8,3602550201,3602550201,2026-08-11
SZ159735,159735,SZ,港股消费ETF银华,指数型-股票,T+1,2026-08-11,20260811,2026-08-11T15:34:09+08:00,0.682,400125,27477719.6,434816858,434816858,2026-08-11
SZ159736,159736,SZ,食品饮料ETF天弘,指数型-股票,T+1,2026-08-11,20260811,2026-08-11T15:34:12+08:00,0.604,337797,20531372.1,4541110198,4541110198,2026-08-11
SZ159738,159738,SZ,云计算ETF华泰柏瑞,指数型-股票,T+1,2026-08-11,20260811,2026-08-11T15:34:27+08:00,2.107,99719,21016698.5,284429549,284429549,2026-08-11
SZ159739,159739,SZ,云计算ETF鹏华,指数型-股票,T+1,2026-08-11,20260811,2026-08-11T15:34:24+08:00,0.82,126099,10377216.45,369624210,369624210,2026-08-11
SZ159743,159743,SZ,湖北ETF博时,指数型-股票,T+1,2026-08-11,20260811,2026-08-11T15:34:33+08:00,1.397,7161,1003348.1,153587717,153587717,2026-08-11
SZ159745,159745,SZ,建材ETF国泰,指数型-股票,T+1,2026-08-11,20260811,2026-08-11T15:34:27+08:00,0.542,670215,36307809.354,726111043,726111043,2026-08-11
SZ159748,159748,SZ,创新药ETF富国,指数型-股票,T+1,2026-08-11,20260811,2026-08-11T15:34:30+08:00,0.864,1954688,170482739.073,1423605999,1423605999,2026-08-11
SZ159751,159751,SZ,港股通科技ETF鹏华,指数型-股票,T+1,2026-08-11,20260811,2026-08-11T15:34:15+08:00,0.912,350312,32317408.7,814990224,814990224,2026-08-11
SZ159752,159752,SZ,新能源ETF申万菱信,指数型-股票,T+1,2026-08-11,20260811,2026-08-11T15:34:18+08:00,0.625,68612,4292554.073,261849320,261849320,2026-08-11
SZ159755,159755,SZ,电池ETF广发,指数型-股票,T+1,2026-08-11,20260811,2026-08-11T15:34:21+08:00,0.981,3229246,317728394.112,8865931558,8865931558,2026-08-11
SZ159757,159757,SZ,电池ETF景顺,指数型-股票,T+1,2026-08-11,20260811,2026-08-11T15:34:33+08:00,0.818,159328,13053481.4,212624287,212624287,2026-08-11
SZ159758,159758,SZ,红利质量ETF华夏,指数型-股票,T+1,2026-08-11,20260811,2026-08-11T15:34:36+08:00,1.15,308843,35848028.228,1529834402,1529834402,2026-08-11
SZ159760,159760,SZ,医疗健康ETF泰康,指数型-股票,T+1,2026-08-11,20260811,2026-08-11T15:34:24+08:00,0.618,31536,1968646.9,84270618,84270618,2026-08-11
SZ159761,159761,SZ,新材料ETF国泰,指数型-股票,T+1,2026-08-11,20260811,2026-08-11T15:34:36+08:00,0.839,77355,6539276.2,170932924,170932924,2026-08-11
SZ159763,159763,SZ,新材料ETF建信,指数型-股票,T+1,2026-08-11,20260811,2026-08-11T15:34:27+08:00,0.761,61455,4710594.4,68267595,68267595,2026-08-11
SZ159766,159766,SZ,旅游ETF富国,指数型-股票,T+1,2026-08-11,20260811,2026-08-11T15:34:15+08:00,0.569,2327212,133077702.2,3026022188,3026022188,2026-08-11
SZ159767,159767,SZ,电池龙头ETF兴银,指数型-股票,T+1,2026-08-11,20260811,2026-08-11T15:34:39+08:00,0.8,39475,3159546.5,195898938,195898938,2026-08-11
SZ159768,159768,SZ,房地产ETF银华,指数型-股票,T+1,2026-08-11,20260811,2026-08-11T15:34:18+08:00,0.443,1393246,62036590.2,362794985,362794985,2026-08-11
SZ159770,159770,SZ,机器人ETF天弘,指数型-股票,T+1,2026-08-11,20260811,2026-08-11T15:34:30+08:00,1.057,1904719,201096665.868,6463647881,6463647881,2026-08-11
SZ159773,159773,SZ,创业板科技ETF华泰柏瑞,指数型-股票,T+1,2026-08-11,20260811,2026-08-11T15:34:36+08:00,1.342,44941,6040455.0,252702787,252702787,2026-08-11
SZ159775,159775,SZ,电池ETF建信,指数型-股票,T+1,2026-08-11,20260811,2026-08-11T15:34:39+08:00,0.814,218564,17881359.4,555676253,555676253,2026-08-11
SZ159776,159776,SZ,港股医药ETF银华,指数型-股票,T+1,2026-08-11,20260811,2026-08-11T15:34:21+08:00,1.196,442680,53762526.3,99230643,99230643,2026-08-11
SZ159777,159777,SZ,创科技ETF国联安,指数型-股票,T+1,2026-08-11,20260811,2026-08-11T15:34:42+08:00,1.265,27474,3468897.5,34509915,34509915,2026-08-11
SZ159778,159778,SZ,工业互联网ETF鹏华,指数型-股票,T+1,2026-08-11,20260811,2026-08-11T15:34:33+08:00,1.228,11954,1473887.3,51275609,51275609,2026-08-11
SZ159779,159779,SZ,消费电子ETF招商,指数型-股票,T+1,2026-08-11,20260811,2026-08-11T15:34:39+08:00,1.475,80645,11921261.864,198932272,198932272,2026-08-11
SZ159780,159780,SZ,科创创业50ETF南方,指数型-股票,T+1,2026-08-11,20260811,2026-08-11T15:34:42+08:00,1.126,1124426,127314060.717,4109954697,4109954697,2026-08-11
SZ159781,159781,SZ,科创创业ETF易方达,指数型-股票,T+1,2026-08-11,20260811,2026-08-11T15:34:42+08:00,1.127,2595166,293714976.421,17674583833,17674583833,2026-08-11
SZ159782,159782,SZ,双创50ETF银华,指数型-股票,T+1,2026-08-11,20260811,2026-08-11T15:34:45+08:00,1.13,226813,25781433.9,647705007,647705007,2026-08-11
SZ159783,159783,SZ,科创创业50ETF华夏,指数型-股票,T+1,2026-08-11,20260811,2026-08-11T15:34:45+08:00,1.132,1335701,152111007.393,6006685704,6006685704,2026-08-11
SZ159786,159786,SZ,VRETF银华,指数型-股票,T+1,2026-08-11,20260811,2026-08-11T15:34:36+08:00,1.174,91437,10741462.8,107657178,107657178,2026-08-11
SZ159787,159787,SZ,建材ETF易方达,指数型-股票,T+1,2026-08-11,20260811,2026-08-11T15:34:24+08:00,0.601,20317,1219914.9,82951001,82951001,2026-08-11
SZ159788,159788,SZ,港股通100ETF易方达,指数型-股票,T+1,2026-08-11,20260811,2026-08-11T15:34:45+08:00,1.231,54860,6818214.8,86693132,86693132,2026-08-11
SZ159790,159790,SZ,碳中和ETF华夏,指数型-股票,T+1,2026-08-11,20260811,2026-08-11T15:34:48+08:00,0.723,190300,13770048.0,1157905091,1157905091,2026-08-11
SZ159791,159791,SZ,300ESGETF华夏,指数型-股票,T+1,2026-08-11,20260811,2026-08-11T15:34:48+08:00,1.119,5946,668116.6,34782265,34782265,2026-08-11
SZ159792,159792,SZ,港股通互联网ETF富国,指数型-股票,T+1,2026-08-11,20260811,2026-08-11T15:34:48+08:00,0.618,39679461,2474806360.261,44498381980,44498381980,2026-08-11
SZ159793,159793,SZ,线上消费ETF平安,指数型-股票,T+1,2026-08-11,20260811,2026-08-11T15:34:27+08:00,0.831,24339,2049070.5,37194653,37194653,2026-08-11
SZ159795,159795,SZ,智能汽车ETF汇添富,指数型-股票,T+1,2026-08-11,20260811,2026-08-11T15:34:39+08:00,0.903,24153,2173503.1,25437034,25437034,2026-08-11
SZ159796,159796,SZ,电池ETF汇添富,指数型-股票,T+1,2026-08-11,20260811,2026-08-11T15:34:51+08:00,0.885,2969331,263521259.561,6064433699,6064433699,2026-08-11
SZ159797,159797,SZ,医疗器械ETF汇添富,指数型-股票,T+1,2026-08-11,20260811,2026-08-11T15:34:42+08:00,0.685,61317,4217894.1,274677635,274677635,2026-08-11
SZ159798,159798,SZ,消费ETF易方达,指数型-股票,T+1,2026-08-11,20260811,2026-08-11T15:34:51+08:00,0.871,222469,19424329.6,168316735,168316735,2026-08-11
SZ159800,159800,SZ,中证800ETF鹏华,指数型-股票,T+1,2026-08-11,20260811,2026-08-11T15:34:30+08:00,1.445,7462,1083538.8,38634679,38634679,2026-08-11
SZ159801,159801,SZ,芯片ETF广发,指数型-股票,T+1,2026-08-11,20260811,2026-08-11T15:34:45+08:00,1.177,2154759,255326299.5,5097728391,5097728391,2026-08-11
SZ159804,159804,SZ,创中盘88ETF国寿,指数型-股票,T+1,2026-08-11,20260811,2026-08-11T15:34:54+08:00,1.669,2028,340312.6,26536559,26536559,2026-08-11
SZ159805,159805,SZ,传媒ETF鹏华,指数型-股票,T+1,2026-08-11,20260811,2026-08-11T15:34:57+08:00,1.211,539593,65936058.6,331756453,331756453,2026-08-11
SZ159806,159806,SZ,新能源车ETF国泰,指数型-股票,T+1,2026-08-11,20260811,2026-08-11T15:34:51+08:00,0.731,163635,11989320.4,646269381,646269381,2026-08-11
SZ159807,159807,SZ,科技ETF易方达,指数型-股票,T+1,2026-08-11,20260811,2026-08-11T15:34:00+08:00,0.948,383812,36588026.192,840924750,840924750,2026-08-11
SZ159808,159808,SZ,创100ETF融通,指数型-股票,T+1,2026-08-11,20260811,2026-08-11T15:34:03+08:00,1.377,7101,983344.0,70894556,70894556,2026-08-11
SZ159810,159810,SZ,创业板ETF浦银,指数型-股票,T+1,2026-08-11,20260811,2026-08-11T15:34:48+08:00,1.429,16846,2415017.4,82132429,82132429,2026-08-11
SZ159811,159811,SZ,5GETF博时,指数型-股票,T+1,2026-08-11,20260811,2026-08-11T15:34:51+08:00,2.97,82913,24684871.876,219611877,219611877,2026-08-11
SZ159813,159813,SZ,半导体ETF鹏华,指数型-股票,T+1,2026-08-11,20260811,2026-08-11T15:34:54+08:00,0.759,3685658,282031615.496,6754891123,6754891123,2026-08-11
SZ159814,159814,SZ,创业大盘ETF西部利得,指数型-股票,T+1,2026-08-11,20260811,2026-08-11T15:34:09+08:00,0.733,622868,45839768.8,372544705,372544705,2026-08-11
SZ159819,159819,SZ,人工智能ETF易方达,指数型-股票,T+1,2026-08-11,20260811,2026-08-11T15:34:33+08:00,1.816,2767170,503113624.654,21336600895,21336600895,2026-08-11
SZ159820,159820,SZ,中证500ETF天弘,指数型-股票,T+1,2026-08-11,20260811,2026-08-11T15:34:36+08:00,1.383,47077,6533242.1,1882827906,1882827906,2026-08-11
SZ159821,159821,SZ,创业板ETF中银证券,指数型-股票,T+1,2026-08-11,20260811,2026-08-11T15:34:54+08:00,1.337,20848,2795271.0,81182640,81182640,2026-08-11
SZ159824,159824,SZ,新能源车ETF博时,指数型-股票,T+1,2026-08-11,20260811,2026-08-11T15:34:57+08:00,1.12,52479,5880302.4,93111278,93111278,2026-08-11
SZ159825,159825,SZ,农业ETF富国,指数型-股票,T+1,2026-08-11,20260811,2026-08-11T15:34:57+08:00,0.73,1386068,101782814.617,1692196508,1692196508,2026-08-11
SZ159827,159827,SZ,农业ETF银华,指数型-股票,T+1,2026-08-11,20260811,2026-08-11T15:34:39+08:00,0.786,26873,2128139.7,72875140,72875140,2026-08-11
SZ159828,159828,SZ,医疗ETF国泰,指数型-股票,T+1,2026-08-11,20260811,2026-08-11T15:34:42+08:00,0.437,1739031,76686587.98,2127508084,2127508084,2026-08-11
SZ159835,159835,SZ,创新药ETF建信,指数型-股票,T+1,2026-08-11,20260811,2026-08-11T15:34:18+08:00,0.717,528760,38224415.3,279991471,279991471,2026-08-11
SZ159836,159836,SZ,创业板300ETF天弘,指数型-股票,T+1,2026-08-11,20260811,2026-08-11T15:34:21+08:00,1.304,16150,2115841.1,143110235,143110235,2026-08-11
SZ159837,159837,SZ,生物科技ETF易方达,指数型-股票,T+1,2026-08-11,20260811,2026-08-11T15:34:24+08:00,0.526,1181584,62608816.192,1515486390,1515486390,2026-08-11
SZ159838,159838,SZ,医药50ETF博时,指数型-股票,T+1,2026-08-11,20260811,2026-08-11T15:34:27+08:00,0.615,102912,6394067.1,144379529,144379529,2026-08-11
SZ159839,159839,SZ,生物医药ETF汇添富,指数型-股票,T+1,2026-08-11,20260811,2026-08-11T15:34:54+08:00,0.39,2161375,85122647.6,1050946716,1050946716,2026-08-11
SZ159840,159840,SZ,锂电池ETF工银,指数型-股票,T+1,2026-08-11,20260811,2026-08-11T15:34:45+08:00,0.791,1016916,80713992.519,1599856705,1599856705,2026-08-11
SZ159841,159841,SZ,证券ETF天弘,指数型-股票,T+1,2026-08-11,20260811,2026-08-11T15:34:57+08:00,0.992,2250664,223919633.679,12005618893,12005618893,2026-08-11
SZ159842,159842,SZ,券商ETF银华,指数型-股票,T+1,2026-08-11,20260811,2026-08-11T15:34:48+08:00,1.039,2285147,238683834.9,9816732398,9816732398,2026-08-11
SZ159843,159843,SZ,食品饮料ETF招商,指数型-股票,T+1,2026-08-11,20260811,2026-08-11T15:34:03+08:00,0.558,116170,6515013.5,342307966,342307966,2026-08-11
SZ159845,159845,SZ,中证1000ETF华夏,指数型-股票,T+1,2026-08-11,20260811,2026-08-11T15:34:00+08:00,3.198,6547792,2102355131.413,10199783069,10199783069,2026-08-11
SZ159847,159847,SZ,医疗ETF易方达,指数型-股票,T+1,2026-08-11,20260811,2026-08-11T15:34:06+08:00,0.42,1390817,58826423.325,1679086651,1679086651,2026-08-11
SZ159848,159848,SZ,证券ETF国联安,指数型-股票,T+1,2026-08-11,20260811,2026-08-11T15:34:30+08:00,0.871,30793,2693199.3,133098589,133098589,2026-08-11
SZ159849,159849,SZ,生物科技ETF招商,指数型-股票,T+1,2026-08-11,20260811,2026-08-11T15:34:33+08:00,0.533,84808,4566158.4,87077487,87077487,2026-08-11
SZ159851,159851,SZ,金融科技ETF华宝,指数型-股票,T+1,2026-08-11,20260811,2026-08-11T15:34:51+08:00,0.637,4868926,311695271.0,6602443970,6602443970,2026-08-11
SZ159852,159852,SZ,软件ETF嘉实,指数型-股票,T+1,2026-08-11,20260811,2026-08-11T15:34:36+08:00,0.726,8345890,607047847.15,9376742978,9376742978,2026-08-11
SZ159855,159855,SZ,影视ETF银华,指数型-股票,T+1,2026-08-11,20260811,2026-08-11T15:34:09+08:00,0.769,188991,14601902.544,138362506,138362506,2026-08-11
SZ159856,159856,SZ,互联网龙头ETF工银,指数型-股票,T+1,2026-08-11,20260811,2026-08-11T15:34:03+08:00,0.618,24165,1499938.8,214676193,214676193,2026-08-11
SZ159857,159857,SZ,光伏ETF天弘,指数型-股票,T+1,2026-08-11,20260811,2026-08-11T15:34:06+08:00,0.742,1129900,83618335.7,1697336670,1697336670,2026-08-11
SZ159858,159858,SZ,创新药ETF南方,指数型-股票,T+1,2026-08-11,20260811,2026-08-11T15:34:12+08:00,0.743,831722,62283992.5,769821052,769821052,2026-08-11
SZ159859,159859,SZ,生物医药ETF天弘,指数型-股票,T+1,2026-08-11,20260811,2026-08-11T15:34:15+08:00,0.42,5266656,223347569.2,4585324800,4585324800,2026-08-11
SZ159861,159861,SZ,碳中和50ETF国泰,指数型-股票,T+1,2026-08-11,20260811,2026-08-11T15:34:39+08:00,1.06,30962,3284605.1,102944587,102944587,2026-08-11
SZ159862,159862,SZ,食品饮料ETF银华,指数型-股票,T+1,2026-08-11,20260811,2026-08-11T15:34:09+08:00,0.562,62935,3545437.2,172815351,172815351,2026-08-11
SZ159863,159863,SZ,光伏ETF鹏华,指数型-股票,T+1,2026-08-11,20260811,2026-08-11T15:34:54+08:00,0.581,52231,3024053.41,177628758,177628758,2026-08-11
SZ159864,159864,SZ,光伏ETF国泰,指数型-股票,T+1,2026-08-11,20260811,2026-08-11T15:34:12+08:00,0.566,203536,11527060.248,363104187,363104187,2026-08-11
SZ159865,159865,SZ,养殖ETF国泰,指数型-股票,T+1,2026-08-11,20260811,2026-08-11T15:34:18+08:00,0.542,4136517,225708776.06,6440290909,6440290909,2026-08-11
SZ159867,159867,SZ,养殖ETF鹏华,指数型-股票,T+1,2026-08-11,20260811,2026-08-11T15:34:21+08:00,0.552,530857,29471343.8,939859267,939859267,2026-08-11
SZ159869,159869,SZ,游戏ETF华夏,指数型-股票,T+1,2026-08-11,20260811,2026-08-11T15:34:24+08:00,1.133,4601132,527792378.007,9243106960,9243106960,2026-08-11
SZ159870,159870,SZ,化工ETF鹏华,指数型-股票,T+1,2026-08-11,20260811,2026-08-11T15:34:09+08:00,0.819,7733928,641820479.511,15013995640,15013995640,2026-08-11
SZ159871,159871,SZ,有色ETF银华,指数型-股票,T+1,2026-08-11,20260811,2026-08-11T15:34:45+08:00,0.973,986430,97602525.5,1077823734,1077823734,2026-08-11
SZ159872,159872,SZ,智能网联汽车ETF鹏华,指数型-股票,T+1,2026-08-11,20260811,2026-08-11T15:34:27+08:00,0.854,9533,816940.5,49787971,49787971,2026-08-11
SZ159873,159873,SZ,医疗设备ETF天弘,指数型-股票,T+1,2026-08-11,20260811,2026-08-11T15:34:48+08:00,0.534,232338,12463515.366,264287280,264287280,2026-08-11
SZ159875,159875,SZ,新能源ETF嘉实,指数型-股票,T+1,2026-08-11,20260811,2026-08-11T15:34:51+08:00,0.609,772184,47210118.1,1627956204,1627956204,2026-08-11
SZ159876,159876,SZ,有色ETF华宝,指数型-股票,T+1,2026-08-11,20260811,2026-08-11T15:34:15+08:00,0.996,1308239,133358297.8,1618277916,1618277916,2026-08-11
SZ159877,159877,SZ,医疗ETF南方,指数型-股票,T+1,2026-08-11,20260811,2026-08-11T15:34:57+08:00,0.521,82469,4331250.5,155670782,155670782,2026-08-11
SZ159880,159880,SZ,有色ETF鹏华,指数型-股票,T+1,2026-08-11,20260811,2026-08-11T15:34:54+08:00,0.981,615173,62008846.9,1217522082,1217522082,2026-08-11
SZ159881,159881,SZ,有色金属ETF国泰,指数型-股票,T+1,2026-08-11,20260811,2026-08-11T15:34:30+08:00,0.932,292546,27988614.4,175681223,175681223,2026-08-11
SZ159883,159883,SZ,医疗器械ETF永赢,指数型-股票,T+1,2026-08-11,20260811,2026-08-11T15:34:18+08:00,0.446,1864522,83512041.3,4143356841,4143356841,2026-08-11
SZ159885,159885,SZ,碳中和ETF鹏华,指数型-股票,T+1,2026-08-11,20260811,2026-08-11T15:34:33+08:00,0.733,9575,701801.9,181393543,181393543,2026-08-11
SZ159886,159886,SZ,机械ETF富国,指数型-股票,T+1,2026-08-11,20260811,2026-08-11T15:34:57+08:00,0.944,32897,3123365.4,62910572,62910572,2026-08-11
SZ159887,159887,SZ,银行ETF富国,指数型-股票,T+1,2026-08-11,20260811,2026-08-11T15:34:00+08:00,1.309,623846,81781421.5,747721681,747721681,2026-08-11
SZ159888,159888,SZ,智能汽车ETF华夏,指数型-股票,T+1,2026-08-11,20260811,2026-08-11T15:34:03+08:00,1.059,176517,18712141.2,76720386,76720386,2026-08-11
SZ159889,159889,SZ,智能汽车ETF国泰,指数型-股票,T+1,2026-08-11,20260811,2026-08-11T15:34:21+08:00,0.914,4508,411275.7,25958328,25958328,2026-08-11
SZ159890,159890,SZ,云计算ETF招商,指数型-股票,T+1,2026-08-11,20260811,2026-08-11T15:34:00+08:00,1.77,112620,19991163.1,415225518,415225518,2026-08-11
SZ159891,159891,SZ,医疗ETF建信,指数型-股票,T+1,2026-08-11,20260811,2026-08-11T15:34:06+08:00,0.391,311749,12224884.2,138032709,138032709,2026-08-11
SZ159895,159895,SZ,物联网ETF易方达,指数型-股票,T+1,2026-08-11,20260811,2026-08-11T15:34:03+08:00,1.409,25759,3642699.7,103197786,103197786,2026-08-11
SZ159896,159896,SZ,物联网ETF南方,指数型-股票,T+1,2026-08-11,20260811,2026-08-11T15:34:15+08:00,1.302,10590,1381635.2,45642860,45642860,2026-08-11
SZ159898,159898,SZ,医疗器械ETF招商,指数型-股票,T+1,2026-08-11,20260811,2026-08-11T15:34:09+08:00,0.498,295325,14778931.7,481615218,481615218,2026-08-11
SZ159899,159899,SZ,软件ETF招商,指数型-股票,T+1,2026-08-11,20260811,2026-08-11T15:34:24+08:00,0.75,279796,20988319.8,700483296,700483296,2026-08-11
SZ159901,159901,SZ,深证100ETF易方达,指数型-股票,T+1,2026-08-11,20260811,2026-08-11T15:34:36+08:00,3.692,1059492,392090159.0,3620504154,3620504154,2026-08-11
SZ159902,159902,SZ,中小100ETF华夏,指数型-股票,T+1,2026-08-11,20260811,2026-08-11T15:34:27+08:00,4.711,9867,4666712.3,346074060,346074060,2026-08-11
SZ159903,159903,SZ,深成ETF南方,指数型-股票,T+1,2026-08-11,20260811,2026-08-11T15:34:18+08:00,1.743,251219,43975700.087,749759314,749759314,2026-08-11
SZ159905,159905,SZ,红利ETF工银,指数型-股票,T+1,2026-08-11,20260811,2026-08-11T15:34:39+08:00,1.718,435572,75210756.9,1812393710,1812393710,2026-08-11
SZ159906,159906,SZ,深成长ETF大成,指数型-股票,T+1,2026-08-11,20260811,2026-08-11T15:34:06+08:00,1.751,46297,8205881.2,255015158,255015158,2026-08-11
SZ159907,159907,SZ,国证2000ETF广发,指数型-股票,T+1,2026-08-11,20260811,2026-08-11T15:34:12+08:00,1.071,115668,12450752.9,185494730,185494730,2026-08-11
SZ159908,159908,SZ,创业板ETF博时,指数型-股票,T+1,2026-08-11,20260811,2026-08-11T15:34:15+08:00,3.329,101937,34007908.7,1052726421,1052726421,2026-08-11
SZ159909,159909,SZ,TMT50ETF招商,指数型-股票,T+1,2026-08-11,20260811,2026-08-11T15:34:09+08:00,1.342,38614,5203435.7,706646204,706646204,2026-08-11
SZ159910,159910,SZ,基本面120ETF嘉实,指数型-股票,T+1,2026-08-11,20260811,2026-08-11T15:34:12+08:00,2.398,5656,1365054.3,201206931,201206931,2026-08-11
SZ159912,159912,SZ,深300ETF汇添富,指数型-股票,T+1,2026-08-11,20260811,2026-08-11T15:34:18+08:00,1.969,5916,1169139.0,134776063,134776063,2026-08-11
SZ159913,159913,SZ,深价值ETF交银,指数型-股票,T+1,2026-08-11,20260811,2026-08-11T15:34:21+08:00,2.488,2388,594231.5,55556276,55556276,2026-08-11
SZ159915,159915,SZ,创业板ETF易方达,指数型-股票,T+1,2026-08-11,20260811,2026-08-11T15:34:30+08:00,3.565,14968815,5356011856.633,66217932218,66217932218,2026-08-11
SZ159916,159916,SZ,基本面ETF建信,指数型-股票,T+1,2026-08-11,20260811,2026-08-11T15:34:24+08:00,5.168,229,118979.5,219981290,219981290,2026-08-11
SZ159918,159918,SZ,中创400ETF嘉实,指数型-股票,T+1,2026-08-11,20260811,2026-08-11T15:34:15+08:00,2.544,10958,2793803.1,77747856,77747856,2026-08-11
SZ159919,159919,SZ,沪深300ETF嘉实,指数型-股票,T+1,2026-08-11,20260811,2026-08-11T15:34:27+08:00,4.935,950181,470880138.506,31264788092,31264788092,2026-08-11
SZ159922,159922,SZ,中证500ETF嘉实,指数型-股票,T+1,2026-08-11,20260811,2026-08-11T15:34:42+08:00,3.237,1065529,346527992.047,9085212698,9085212698,2026-08-11
SZ159923,159923,SZ,中证A100ETF大成,指数型-股票,T+1,2026-08-11,20260811,2026-08-11T15:34:21+08:00,2.207,35329,7834395.9,27114787,27114787,2026-08-11
SZ159925,159925,SZ,沪深300ETF南方,指数型-股票,T+1,2026-08-11,20260811,2026-08-11T15:34:45+08:00,4.792,132294,63626872.508,2783293580,2783293580,2026-08-11
SZ159928,159928,SZ,消费ETF汇添富,指数型-股票,T+1,2026-08-11,20260811,2026-08-11T15:34:18+08:00,0.681,5334816,364953665.348,16099268344,16099268344,2026-08-11
SZ159929,159929,SZ,医药ETF汇添富,指数型-股票,T+1,2026-08-11,20260811,2026-08-11T15:34:24+08:00,1.403,1046524,148101032.58,2456238004,2456238004,2026-08-11
SZ159930,159930,SZ,能源ETF汇添富,指数型-股票,T+1,2026-08-11,20260811,2026-08-11T15:34:21+08:00,1.718,528469,90875013.9,926686011,926686011,2026-08-11
SZ159931,159931,SZ,金融地产ETF汇添富,指数型-股票,T+1,2026-08-11,20260811,2026-08-11T15:34:36+08:00,1.836,381,69961.3,32733146,32733146,2026-08-11
SZ159933,159933,SZ,金融地产ETF国投瑞银,指数型-股票,T+1,2026-08-11,20260811,2026-08-11T15:34:48+08:00,2.859,32,9153.2,104007398,104007398,2026-08-11
SZ159935,159935,SZ,中证500ETF景顺,指数型-股票,T+1,2026-08-11,20260811,2026-08-11T15:34:39+08:00,2.512,3507,885607.5,66751265,66751265,2026-08-11
SZ159936,159936,SZ,可选消费ETF广发,指数型-股票,T+1,2026-08-11,20260811,2026-08-11T15:34:51+08:00,1.94,10132,1969693.2,209822822,209822822,2026-08-11
SZ159938,159938,SZ,医药ETF广发,指数型-股票,T+1,2026-08-11,20260811,2026-08-11T15:34:27+08:00,0.684,1086149,75016826.074,5033944074,5033944074,2026-08-11
SZ159939,159939,SZ,信息技术ETF广发,指数型-股票,T+1,2026-08-11,20260811,2026-08-11T15:34:33+08:00,1.134,178013,20282323.2,949902031,949902031,2026-08-11
SZ159940,159940,SZ,金融地产ETF广发,指数型-股票,T+1,2026-08-11,20260811,2026-08-11T15:34:27+08:00,1.194,41679,5003402.4,351107621,351107621,2026-08-11
SZ159943,159943,SZ,深证成指ETF大成,指数型-股票,T+1,2026-08-11,20260811,2026-08-11T15:34:54+08:00,1.576,187735,29711019.632,306106357,306106357,2026-08-11
SZ159944,159944,SZ,材料ETF广发,指数型-股票,T+1,2026-08-11,20260811,2026-08-11T15:34:30+08:00,1.529,20866,3250157.2,48329155,48329155,2026-08-11
SZ159945,159945,SZ,能源ETF广发,指数型-股票,T+1,2026-08-11,20260811,2026-08-11T15:34:36+08:00,1.377,52427,7232881.84,90981594,90981594,2026-08-11
SZ159948,159948,SZ,创业板ETF南方,指数型-股票,T+1,2026-08-11,20260811,2026-08-11T15:34:33+08:00,3.941,437543,172654804.2,4704362746,4704362746,2026-08-11
SZ159949,159949,SZ,创业板50ETF华安,指数型-股票,T+1,2026-08-11,20260811,2026-08-11T15:34:39+08:00,1.666,9930555,1660380886.37,25992573957,25992573957,2026-08-11
SZ159952,159952,SZ,创业板ETF广发,指数型-股票,T+1,2026-08-11,20260811,2026-08-11T15:34:42+08:00,2.166,4026943,875042480.59,11491030762,11491030762,2026-08-11
SZ159954,159954,SZ,恒生中国企业ETF南方,指数型-股票,T+1,2026-08-11,20260811,2026-08-11T15:34:36+08:00,0.93,21130,1975826.4,180052727,180052727,2026-08-11
SZ159956,159956,SZ,创业板ETF建信,指数型-股票,T+1,2026-08-11,20260811,2026-08-11T15:34:42+08:00,2.26,25082,5701012.9,106171803,106171803,2026-08-11
SZ159957,159957,SZ,创业板ETF华夏,指数型-股票,T+1,2026-08-11,20260811,2026-08-11T15:34:57+08:00,2.339,810269,189944806.544,2857754086,2857754086,2026-08-11
SZ159958,159958,SZ,创业板ETF工银,指数型-股票,T+1,2026-08-11,20260811,2026-08-11T15:34:00+08:00,2.156,37473,8075990.4,497629482,497629482,2026-08-11
SZ159959,159959,SZ,央企ETF银华,指数型-股票,T+1,2026-08-11,20260811,2026-08-11T15:34:45+08:00,1.642,3801,625236.8,3003040296,3003040296,2026-08-11
SZ159960,159960,SZ,恒生中国企业ETF平安,指数型-股票,T+1,2026-08-11,20260811,2026-08-11T15:34:48+08:00,0.865,117525,10234604.2,47206475,47206475,2026-08-11
SZ159961,159961,SZ,深100ETF方正富邦,指数型-股票,T+1,2026-08-11,20260811,2026-08-11T15:34:03+08:00,2.265,18279,4143202.9,227055369,227055369,2026-08-11
SZ159964,159964,SZ,创业板ETF平安,指数型-股票,T+1,2026-08-11,20260811,2026-08-11T15:34:51+08:00,2.332,27074,6324838.4,385903746,385903746,2026-08-11
SZ159965,159965,SZ,央视50ETF国联,指数型-股票,T+1,2026-08-11,20260811,2026-08-11T15:34:45+08:00,1.651,2159,356614.7,37026899,37026899,2026-08-11
SZ159966,159966,SZ,创业板价值ETF华夏,指数型-股票,T+1,2026-08-11,20260811,2026-08-11T15:34:06+08:00,0.556,160239,8910707.9,355116933,355116933,2026-08-11
SZ159967,159967,SZ,创业板成长ETF华夏,指数型-股票,T+1,2026-08-11,20260811,2026-08-11T15:34:09+08:00,0.8,6567444,527268247.568,5848084685,5848084685,2026-08-11
SZ159968,159968,SZ,中证500ETF博时,指数型-股票,T+1,2026-08-11,20260811,2026-08-11T15:34:33+08:00,10.416,5805,6063179.386,675947341,675947341,2026-08-11
SZ159970,159970,SZ,深100ETF工银,指数型-股票,T+1,2026-08-11,20260811,2026-08-11T15:34:54+08:00,1.058,2670,282150.5,12980289,12980289,2026-08-11
SZ159971,159971,SZ,创业板ETF富国,指数型-股票,T+1,2026-08-11,20260811,2026-08-11T15:34:48+08:00,1.242,1143968,142364779.4,2007097198,2007097198,2026-08-11
SZ159973,159973,SZ,民企ETF弘毅远方,指数型-股票,T+1,2026-08-11,20260811,2026-08-11T15:34:12+08:00,1.98,4443,878165.0,395953318,395953318,2026-08-11
SZ159974,159974,SZ,央企创新ETF富国,指数型-股票,T+1,2026-08-11,20260811,2026-08-11T15:34:51+08:00,1.795,5592,1012749.4,70781197,70781197,2026-08-11
SZ159975,159975,SZ,深100ETF招商,指数型-股票,T+1,2026-08-11,20260811,2026-08-11T15:34:54+08:00,0.774,52094,4072350.4,42134826,42134826,2026-08-11
SZ159976,159976,SZ,湾创ETF工银,指数型-股票,T+1,2026-08-11,20260811,2026-08-11T15:34:15+08:00,1.313,89,11736.2,85195150,85195150,2026-08-11
SZ159977,159977,SZ,创业板ETF天弘,指数型-股票,T+1,2026-08-11,20260811,2026-08-11T15:34:18+08:00,1.851,858483,159278523.094,6382012582,6382012582,2026-08-11
SZ159982,159982,SZ,中证500ETF鹏华,指数型-股票,T+1,2026-08-11,20260811,2026-08-11T15:34:57+08:00,2.139,420085,90408761.7,488143870,488143870,2026-08-11
SZ159991,159991,SZ,创业板大盘ETF招商,指数型-股票,T+1,2026-08-11,20260811,2026-08-11T15:34:03+08:00,0.839,55505,4669690.9,86134401,86134401,2026-08-11
SZ159992,159992,SZ,创新药ETF银华,指数型-股票,T+1,2026-08-11,20260811,2026-08-11T15:34:06+08:00,0.922,15520133,1445623928.48,18526097393,18526097393,2026-08-11
SZ159993,159993,SZ,证券ETF鹏华,指数型-股票,T+1,2026-08-11,20260811,2026-08-11T15:34:09+08:00,1.178,4940474,583745505.4,4365901225,4365901225,2026-08-11
SZ159994,159994,SZ,通信ETF银华,指数型-股票,T+1,2026-08-11,20260811,2026-08-11T15:34:12+08:00,1.248,1813804,226114316.252,4809796193,4809796193,2026-08-11
SZ159995,159995,SZ,芯片ETF华夏,指数型-股票,T+1,2026-08-11,20260811,2026-08-11T15:34:00+08:00,1.187,6311542,754692054.881,27676241505,27676241505,2026-08-11
SZ159996,159996,SZ,家电ETF国泰,指数型-股票,T+1,2026-08-11,20260811,2026-08-11T15:34:42+08:00,1.432,424585,60785830.224,668106542,668106542,2026-08-11
SZ159997,159997,SZ,电子ETF天弘,指数型-股票,T+1,2026-08-11,20260811,2026-08-11T15:34:45+08:00,2.15,321703,69602609.1,1574459276,1574459276,2026-08-11
SZ159998,159998,SZ,计算机ETF天弘,指数型-股票,T+1,2026-08-11,20260811,2026-08-11T15:34:24+08:00,1.012,732711,74428003.4,1611362424,1611362424,2026-08-11
