symbol,error,full_universe_scope,published,cache_sha256
SH510010,,True,True,fde4f62a6a0d3e87dad0314d13aeb70e1c8fbd7af9aa4e6b1dcce4c3fab6d40c
SH510020,,True,True,94ac706fbb5a9c17837aa0272727572a54e507908af38d0fcff645dd292c7c52
SH510030,,True,True,3a2ad5af07974bfd2d890347711c69316a92c31cf7ab55cbe7b2950cc9c6cc6d
SH510040,,True,True,ffb376d7ccb4206de7ca516a2230ebc5e35eb9ef99745cd9b75408af233c1f6b
SH510050,,True,True,e187e503a8718f9309254ba7952a1fb69310a6fe8ee463618656ac00d156cf7c
SH510060,,True,True,2a1d3631e07abd466e31a881a2fc1a49aadc7378739a04c5a1be0bd00c8a3eac
SH510090,,True,True,77356aa735273952d2e835348fc8f77c41c003974f6884e73ee3ee305e950010
SH510100,,True,True,2424adc0b248a86d4e6d42a0703633fc9c739f69b7771e20abdebcac38042f8f
SH510130,,True,True,706f49f53a6dc726d11a947bbbc64bdda98e52998ff3024790542609c2407b4f
SH510140,,True,True,b565687f6047f2c419c07a044459c175b8f69efe4d2d08e745c6b65d1496f945
SH510150,,True,True,359ea1e76a6156c59b88052467f9d6d31ca7509d2465867e275f6cf29605f55c
SH510160,,True,True,bad25faaf46cb5e3d1607244e4d339652ac219c28ecfeed8cd9aab7ea44a5c71
SH510170,,True,True,425a3f6239c45419dffde64c83eee269aa45d8fd4846dee17ed0875213f42a42
SH510180,,True,True,e35d55dead53254dafec12409192e8d56bc20b2c2d437f56193280bfe7cb94ec
SH510190,,True,True,5ce4056fc2c2f66b6cc0022280cfcea7d8d32252d24896214f54d986e87af088
SH510200,,True,True,a7b68daab91aef1129b83a31e316326143d9c4b819ac7d95095b025f666f00d1
SH510210,,True,True,6c27ec3660b833b5f4057e21d210c64db2ea0584dc29e319eed974a7ed912227
SH510270,,True,True,423c84a1077d634a7033eb6aa90ec4b5fd9dbc4bbe9078e6103b5d5c691574ca
SH510290,,True,True,1c6ed21cb94c1c4506433c7b0afacd6da76a4e057890dc261f655bdaa7cd584f
SH510300,,True,True,89f22a60aa203d32e35309c5d747325d1c7521a821126ab82e8b7daba257e97c
SH510310,,True,True,54ca114663f46a916f1c1e58b32dacc36e8f6c508bc385db5037a50b7c6e16ae
SH510320,,True,True,d545e4c6e3f764c959bb9f3c7c70e04d9e9e9dcdacb7d912846ba0c686e4493b
SH510330,,True,True,1902813b4a96c4971c4837887c2cdcd8237320481fee6a6b77b760d3fe07fb2e
SH510350,,True,True,e08ba59bdba9f48c70b081bcb3d0813ebdd7877ac78cf64ef081b04c51182f6e
SH510360,,True,True,5fd642a8ed8d5192584112214abad3faa43460ce4c975cbfa09a7b1b22a3b8a0
SH510370,,True,True,baeb6c34e5baf2e91c36d19ce8426b3df38009bbfdef10c39209541dfb7172ee
SH510380,,True,True,8b226dbda1bab84a1f826685371d012e62fcd97e4ad5c46c9eedd01c39f42901
SH510390,,True,True,cacb35b7db865e66495a895aa33bf07f3afa3777e8583dc9a2b2af69e99fa281
SH510410,,True,True,07eb474841cf416e7e177ce22641895186adfbd8e9b16af63c78ec36e279afa9
SH510500,,True,True,bffd149d6a70cace671c2347b3523a37c48f6f254c34dadcc81d1976c27b8afe
SH510510,,True,True,31ab36dde670133d52a178242dab4391dd16a4714efa63898dea1a6bc187c121
SH510530,,True,True,e02e2ef1a01dc5f66cfe81e57dd673f803adde41a08e9ebd178b54195c20bd84
SH510550,,True,True,742b291ce6d5e43fb36a999fe2a0d1991265a79ddb987df33f2f2911ef796997
SH510560,,True,True,eb1c92f926a0842bfd9665b843803e770deb0e1645e0d12cb720d272d0d52420
SH510570,,True,True,a97599effb43dd8098d0856df5c360357f0cbea1aaac36fd7ab857df52362f87
SH510580,,True,True,5f0d8d2523f9ac5b5edb81eb8cfbd7962b52345db0257291c9017336824c06cb
SH510590,,True,True,44d747afe626011ede469027b58560a70e3bb6c2b0c2d8ce1297b978e8218270
SH510600,,True,True,a4d1a528b2358b869ac527adad5a4cedd4c0b06c6d7f1225fedbc833323fec03
SH510630,,True,True,2f7f2432a53316d54183cdb0824f3ff7df69d942e42ca74d0ecf3d056a139b39
SH510650,,True,True,9485cdbb1d2ba711d92f6acd1ec5cbbad832fdd53b2ab1976fa7cc050416f70b
SH510660,,True,True,298f049803bf8a37b221c839ff38af4a3cc7aa210387c390b3b6f7634b488c61
SH510670,,True,True,53aa6fa26e291684ffb03a39b828c7300459fc6685017f38f12c81dc0312a657
SH510680,,True,True,fe6d6d4412533bd909e7cb07cab2018c2072ed2585a2c0447933306665f90ffd
SH510710,,True,True,b79834dc4481ca39477c45b29fb2ff7626779df21210ee4e55d040e6488dad20
SH510720,,True,True,1f7aa7981c07af0e1b3014926affadbf8d87f9b0ba9b1a6a577d8d4ad2a3ad61
SH510760,,True,True,d47a7686f11c718c7e3b90a7ebbca4c6ec43289ae9ccce329ba47741f32eedf3
SH510770,,True,True,d794945648ac047a9a48bba44fde2cb94424b9ffdd5c7444ef650196df010b63
SH510800,,True,True,e4c9a023ac33bc48d81001e5dd666f4a45094ba43b36b56e1de9ab55abd84fed
SH510810,,True,True,967a033310910ac4420e697d2a6f8efe3d41e088d10be8fb1a522f28a62fc781
SH510850,,True,True,acb58aa03afd7458335cd90979544f988ea1576d8ef26c90f034a0d666d89bc8
SH510880,,True,True,d50a35679f3d9858d74d6bc2771cfc0aa29f218fc4bd8a67f1d732e26f995830
SH510910,,True,True,9bb4fb3aa40c8dd3321a3d60614ff3405fcec895e116ac5c5ce163f3c50f53d1
SH510950,,True,True,cdb4451491f19b9892d48710587dfb81ab4b885c68ba427ec82ead7b501c0a6c
SH510980,,True,True,1b28b7cc0248103c18a7ddb2ef579bfc530ba3692db8f598eed70e491d7fbaf4
SH510990,,True,True,066ff17aef9d2c10d833392cb7a4ef559a9efbb80aec7a806900d437112227e5
SH512000,,True,True,f72c3e784df2a12924425a2aede0e92dbd5913f3e8547b7793baabeb568df77a
SH512010,,True,True,4d6627cde3725732394bcab74254e2d988b69737fdf50a8a3d4445edb472d625
SH512020,,True,True,4aeee01c8e5693a376659da8b7067141528f9b0c34ab8773454d5033bf5952e3
SH512030,,True,True,1ddfc2caa163007ef5a111c4b7ae37f279c4b8e4717c40839b6bb2c70df389e9
SH512040,,True,True,cedf86ee581aee73a37bd3201ac95d231a8d75915a4e741e91d8ab9310b13954
SH512050,,True,True,f7fb1a822ca6cdfc4d49736b75fb70444c4bdc2742695b9995dae01675c85f4c
SH512060,,True,True,1082d0ef0ab6834e4189d8aaef797ef7b1d2d6b4ad67360f74b4c27e048f33fe
SH512070,,True,True,cfeb8846f5cd170df68aa93c3a766f949e503be2350e924dc605db768bccb8df
SH512080,,True,True,40628bda063ffe3a1bac45f50d3cf2f78185a481e3042071be43600e871b25a2
SH512090,,True,True,9533c70c0bc07fe9c01d31cf31b7f299dfdddbed26a483bb03b834ef10760331
SH512120,,True,True,dbc92f4e31f37a7cc508a41ecc8d1b439bda85f6312a3b311663c9b0d291f99d
SH512130,,True,True,ae24ab68dbb728166c76cafaa2a10f15902c9a20fd9108b9c267aad328c2aced
SH512140,,True,True,281d82b52bd75b348d1581ad42028982bf6dd97c15382dc0cf6ce37612a1c071
SH512150,,True,True,a291033782738c641fa557d07a55eb664be3532d5512aac121daba34ebafdad9
SH512160,,True,True,60c5aeb9e45edffe6cad0a7f3d4c23ae80bf1d5405265c34221e96a8cd983bb7
SH512170,,True,True,2ac7d59875914d2b5c27dcc9769d197cac464310f8c241823df159795d37b494
SH512180,,True,True,655264ed274eaaef32827b07b3346262e7c560491c3e38e9f856988c7af1e726
SH512190,,True,True,9d69aa65a5f8d595d2ef3d87e62ae36685266f87b14e8f6e88b52fe129037d32
SH512200,,True,True,33936447e2091df8d2cf6e161ea41f6f6ce66cfdd80576fde0f927a606bdeb38
SH512220,,True,True,a3981bc0206092d3f1642d9b686ca67f612f149609f04c3f1eaf76528418530c
SH512240,,True,True,4621275e522f4c397aeda140af97f275ca2e16371ad538a99153969a63002d43
SH512250,,True,True,f5a3bafa363e23516feab6d6ce4db088bffcf48eae94e348439a4bf95aca3fa5
SH512260,,True,True,55a65934c06833100dcf31f952037efaa1c5e4245adb34c8b77d6a6f062f9d4a
SH512290,,True,True,bdceacc422b553a21fc5b5c3a07f873a4df9871ba8bcd64eea914168fda01932
SH512330,,True,True,c728068d749a6424dbe7d30e398f31a988688509c8c4b7eaa6816e861d436f9d
SH512360,,True,True,ca32029067f4f0af6150d02e6ae71fcc15e2a6228fe3fa0793e86790e013fcb0
SH512370,,True,True,a835b055399b68b0d2eec5d2de4439247bc9af6383b462502d8d47f7dbd13a64
SH512380,,True,True,11a427c07e06f14c50701de254d3497208a78954e856c0d0798e2bed72dc038e
SH512390,,True,True,09cdf1cc82c7bb1256b63b57ebbf68c83b118a6f6bec4dba6e6d5579e90d5bec
SH512400,,True,True,6fd0155f833092db3eb1250a06df8e22490b5221d108d26419ef55687a1d0732
SH512410,,True,True,8543ae995d0f3a039e2adb836560b8c6aaea19710a23425a27084db9ab4b8300
SH512420,,True,True,a94f7a662e9a482b8aaf1004bcd726d4e8d57dfb868573271594d4d4ed3a14c6
SH512430,,True,True,dc54da0eeb4754c84acec7f731850695f43001940de6ba2afbd398bd0a67357e
SH512450,,True,True,d350646589c931d967668cdd787171542693bcb437f5eb988d2e07493bec811f
SH512460,,True,True,69cc5b88951eb8f239079e327767b2b389f3218629837ac6301b940fd257c03d
SH512480,,True,True,2ed3203d27279d1dbe249bf07c347e9558ce26a86e82d8d1a491f0d080a72cab
SH512500,,True,True,ef40e407322ed024e455c10500e95790fa52f92e582655a7d233321cdb6d0f85
SH512510,,True,True,c755a75876597e44e1ab7bd1791a19b1f026ea1259437c02dd99c2c3fc5bcf25
SH512520,,True,True,4537160078971e9673880b8f7e5e177e48b22a67dbd2cf8aa9f15acb997a8cc6
SH512530,,True,True,b35381861173f173b47db7f9d22ad9baefc42f9a39f3bd3a4bf7b7842642acba
SH512550,,True,True,0cfd67593ad50634987626ed5d0fdad8888d029fddc15fec5a221142ca7c2e6b
SH512560,,True,True,6cebefab1e6f88ec5f64da5fa0300f4a5b944a4f78f96e619f64c97ed6a3e5d3
SH512570,,True,True,b8ef8bcf8843e3710ef262e6c8fd64aba4d61d7b598a85f0c0608c47ed9bfeb5
SH512580,,True,True,39d17e8580324fb8150b71a07ab9b22f9ea08e61896c6ebc7587924e4f72b25b
SH512600,,True,True,52b133f39959b87b5b2bd7c87fb5b9e5b7387969b0a5d038b8a621b8a04c9ac9
SH512620,,True,True,a136b47744b53ed38ade63d74ca351a2368fa43fdc00a4cc9b3cee09e1aabf37
SH512630,,True,True,bf5b015aa76d0a5268ed6c75b2d1d314db3a6695ff7ea63950e432f6286533a8
SH512640,,True,True,6d8fb1b8d7c8a7ba96d6b8ce91b7147e2e8315080c2b3e305ee8f6875248719d
SH512650,,True,True,cdcdca73db95f9a1f181cdef1cdb1a18e2fb92eb8b30fbb68d2db574e9e8342e
SH512660,,True,True,ccf70a94821fa124bba25034f0eeeeaf75396b041765b4fd5b122959efff1e20
SH512670,,True,True,86fe5c0640cf9aa7f7813ae62b5212563d76a44370bd13835533ff204bc82321
SH512680,,True,True,43d37d2ee1d307bc640eb95230e5778c3c380fcfb761c01042d34a424a99ae55
SH512690,,True,True,c9256d380ac37bb4090f9f81336078462a3088d0b1213f73c1220192bb99d4c8
SH512700,,True,True,bc2816bbea541207c18fe810e2392a8ecd95942206664c5a5c6c7123f3d15572
SH512710,,True,True,dad552c17894cf31c5b4336c696750b63c13f2320585e3970530dfc1cb70311d
SH512720,,True,True,a921b5f5b4fe79a32720e29627a51280ecf6b61b6eb06991fb78246a2afd4b9f
SH512730,,True,True,bb2276ef4c80117c98d6f9795bcb7cd4bcf559e64565658b68f95f7106a71df3
SH512750,,True,True,d180a6626a758acf06413b80fc0260ee1e16a84d6a4727c0f3ff410607c2492f
SH512760,,True,True,e5d81c66de3c9c2f9a7b50ae9e2636ad8c4cbefaa296500f70fdd82b47e0307e
SH512770,,True,True,83db8455dd191dc5ee0cfc569cfbaae2c91aa04975b0e7edfc4c4ccd38a1c762
SH512800,,True,True,5fa00b375dcffcd6638f123597494f4791f277179590738ce217a139bf9e1e29
SH512810,,True,True,b925305f52bc0d013e29a341f0d3e71dd35505a910d51a23d402fcb5726277ff
SH512820,,True,True,a3b1045a8cdff6199bdbe29b140ecdba776c6d801b961582afb0cff72e27c1ae
SH512870,,True,True,8042f7a7ff1a6052667630538050549810799e5946e42bbf6612ce5ad4d889bf
SH512880,,True,True,abe5c2f9cb058fe14c9d52c8ecf10c2851eae303e0cf039c2f68068a85df806a
SH512890,,True,True,a0db3bbc79807293d9831bde7cb0762e4093ef830cbd1b0794c95d6302e9f5d7
SH512900,,True,True,097647f4b6c03fdf5475f1e766b9a488fd857b47f775852b8e342181e6e0361f
SH512910,,True,True,990debf062bff92a238eb00f2685d902216437cf5bfbaca10eae8077d262ae02
SH512940,,True,True,7b8e3723d3263bb7dd30ea4ba5968994eac5b916c85d5f02cc0e48a19d94e244
SH512950,,True,True,5d49283c6d98e7f812b4067a5b114b350607f210ae1d4042ff5d67cf8a4152c5
SH512960,,True,True,077d92c29db242f844244e451011779f47ec8f0a005baf35c4db74b6287ffa3a
SH512970,,True,True,ea7135de0420b0d3b3b33175946c0fb942c855ba9508fe9e2c4c05e485ce5b02
SH512980,,True,True,dd081bdd92d8b19c177b23b624996f73406a0cd021cf40b08e9f1a81eeada8df
SH512990,,True,True,75657e778e954cd181560271b789a98e73fe36f94a11883fb272e2ff7f962eeb
SH513020,,True,True,e5dc00d4c67b88e62e0f1a2ffa6a99952898a6bbd98d75652cb494e360a2699b
SH513040,,True,True,2bc6c563a2c112f30384a339e8c8271ab2a57de1b356d3d7ac99a0fa9a6c7a54
SH513070,,True,True,41070e28e294751b74fb983fd3cb0f367b6dfc62f98f2c11c81185c1614e06c9
SH513090,,True,True,dc8cfa2e927597d9a3703fca5ee8198e183e71c4ff7dc67689dc28f98ebe7c24
SH513150,,True,True,e2077937d1a9310b7bf40c4fc88b54ab1814da1324a6e5fad626e1b3a14182b8
SH513160,,True,True,fdb547719a353e1d13d73b146a4ac733020296e3a0f85f52f9bfba18e05b53a5
SH513190,,True,True,36111ad677e446490c82b4e2fd50170c4ba3410d66a7baaa067779dab51b6a35
SH513200,,True,True,885025ae3f178789ed921de82c750e310bd8cb8be5d2fb921a27c608ece30cfb
SH513230,,True,True,050ce7ea49c6ce27e4e96343b28968ad5efc9ecd3dc67b5e5a5e911c4d604148
SH513240,,True,True,bf751ce0f1f3d8c126dacb9223740bbb431f0dad26ae6971a683b5f9eb12edff
SH513320,,True,True,f7c0b44726e3b33b9c585eeb5e6a780237a4ff99be1402b0fb77472cb4cfc925
SH513550,,True,True,c1095a7ce5f374b7b26a19a44dfe788cb5fd54b8ee358dad5dff894842ffd3da
SH513560,,True,True,698758d1edd578f515c17271c39e4acbdfafcef8716f8ac9353e0f936a94c217
SH513590,,True,True,eccc197814ec24e4ee9cd2b77ed51d1cc15c824b0d02d28c1bc0b73903af3c95
SH513600,,True,True,b95ef543b6df07a1649b9d4bd392168dd247bb7b7261c3bad43b98063294f0a5
SH513620,,True,True,338a3c84dee5271b7e5f96fe87fc44169849dbcfd9b95de645e57fad48504b4a
SH513630,,True,True,17822e3ad19dd4133a9fb1c39e6551288ca4101354b71e0fc5ecd8f16c8b4278
SH513660,,True,True,1a90f3ec283544408637aa34f272065c386ce97f005e5ea061201287b1342b60
SH513690,,True,True,4774f479d803fd91078dc7986ddb80d49d6ac94f5070e469ab09ba9814a6a5d8
SH513700,,True,True,0b372a731786a8f8eb9b73f1e52a75cc077f2912e99e8e0dd3ece132b943c34c
SH513720,,True,True,c52800d86bbda8937af76aee31040cad17b185ccab8c8f9ca8323ac341b7c195
SH513750,,True,True,3267936b8f8b5ff3dcf01b5898a39c316a83072ebcc884f227bf067742731c05
SH513770,,True,True,534c547a9de6b9a4cf46d0880ec7f7d84b62e6215df7844ce694f519c61ebccf
SH513780,,True,True,c325af4df7a3abab9121ede3ee6f6ba57da07a816c8e5c107c35620105a17bd7
SH513820,,True,True,4a558af3e1a350115b1e737793e6f65cbebd4ec2db5dc64f996b3ce715f8e46e
SH513830,,True,True,39595b19fd35c125c28175dd1ae171442619ba778a22016e56b84ed21489a3d8
SH513860,,True,True,9fd575e53c884a2437bec43bc3a71a99a8823a45356f5a528dbac96e7cb002d9
SH513900,,True,True,01fdeeae5ea0dc0248ebf2a279a4d9db243ac9246bc924f3b77b3f576025fd66
SH513910,,True,True,e192b336e42c9721165d28a686f293d307f9c46bed4d2e2b1394430de64659e5
SH513920,,True,True,34ba80dfb9ef0a288a86d1735c2d9a5a9c86f4a4ab0ee7a6b8cebf8f15e2963a
SH513930,,True,True,8b954d0ade3733b6d3de208b684348b9857ec1c302420f3c15b65efee6fea2e1
SH513980,,True,True,54eb4e605f690e8c82c00b345235d0a95235b8952ff87df74a30888a9e537c85
SH513990,,True,True,ae439595bc87235d8b2a9646b1fe0faa53d10e02c790edf653b5b4d94a3b6593
SH515000,,True,True,5482c5ed3768c619cb0e50741b01a9d28c20641b0d0a7abe8d84ed11a4ccc193
SH515010,,True,True,2acbe88077f108702853cb12aaa8aba8882a0a2174e8b76dac9ee3afcc5fad04
SH515020,,True,True,532dbc4f4a86d28009f62602a794a439c81e1e19826e7836007c0d5462792d94
SH515030,,True,True,a17832d8163ef9e2b375aa472c17ce134b9b18955c6f0d8af46c289b67c2b381
SH515040,,True,True,28cce6a6b9f2b8e27da4f50ee7cf7e95bac05dbe9623b6fb81d91b628fa1fc29
SH515050,,True,True,3d44821b7f5a105d37d9f900e8cc35c5ad4e35df96f385de10bfcdfc09af65e2
SH515060,,True,True,5a1b56d9905a3432f8559440492920af0af60e9533c8c88a11c5cafcf3b3db4e
SH515070,,True,True,e55f3e0369fb6e6eb1062c6ac35a6abb71b332d5ee8853f8c29b686d0e5c8b2f
SH515080,,True,True,8b54e9cb668914f08e664c76dd311688ee9c631f297a3fefbdb27b57972ae1d4
SH515090,,True,True,6e0629169c7c9bc3cb499916f915767e0bb832e76d76bca5c63d61857f60f15c
SH515100,,True,True,1ebde6b24c30f45c531f7006f0010591a6e459668f104ccf4a7bf7e1d1e6067b
SH515110,,True,True,43964847f6644d41f2327d7f16a1b1d66d95641f1d6b12d3b3089b7312577d3b
SH515120,,True,True,e62c77ed7ef1a53fa6dd9ee13a133db1be95496212ede9badb579da8e1b70411
SH515130,,True,True,32fc6cfd2797077f4ca6ff5c7c1937eaa93b7c4805ae5c3b20e17af54606f188
SH515150,,True,True,200adee0b1d5206e6fdcd3c1839005923f6e157c04c278932e4dfacf18f20adb
SH515160,,True,True,7b3ae1ea0ca15919f8b708a4465cee2d2b211d1b374d37af41bb76a3e9ed0d33
SH515170,,True,True,b8c315deb04bebe8e639341bc85afa5d6e9b592c32ed5210667987f5582ee8f5
SH515180,,True,True,3bd7352496bd08e398ba9936926a4685b947bc2d2b3ac2f4b149bff1264e8191
SH515190,,True,True,34969d35b9c42c0d387b0137aebbee95c04fa48a20a3d0fec4b5c1212426df1e
SH515200,,True,True,dfb89f176ba5ea61655ad52bbbbf520b5d45b79f186878190875676a3300fe39
SH515210,,True,True,c0c5ed0b7290ea207f4cdca140e91262dfacd9134b47c39661d6a5e447113924
SH515220,,True,True,bd2e987d2e1da5fdd1020a83e71838b7dc75ad6d814d9805ddd34740cf1eca5c
SH515230,,True,True,e6e006a831978b75515aa9d43c8c62d30135a4a33d2734f3e9192adcbe27276c
SH515250,,True,True,cefb2a6d83d909c93bbde9dffa122bfea74bffdbbd060a67e123453ab00318d5
SH515260,,True,True,ace1b641f9570d945bcc8023ee59501ff839be520100316ddfd780e73f92470e
SH515290,,True,True,b6420ea693417884ba089c3e5bb372d9500f6aa50f292f39a95e0c481724e1d0
SH515300,,True,True,d4e5ddbef966c5088e4bf0d616bab5b1cd8f74d7b25aeba1242f3067c2d3d4bd
SH515310,,True,True,35197e655dd4a3fcea6e59c2a7676f825f0d0f7e7c0ee6c70aaeb6a06e0ae1b1
SH515320,,True,True,c5edcb9f440265a101ccc6365d774ffc51e0eb42c60e6dae0f20fdadf48ce9f4
SH515330,,True,True,87699c38f72be0066b11e7dbf7330309c3e52677cb61b5dfd72abd9e6410f91b
SH515350,,True,True,0456e66a26720780c1fdf30fc8f14540d2c7122bc4e9afac5d1eeabaa5c88d46
SH515360,,True,True,804f9f355766fafa56186dfd46f8ce9a9f42982373eda2c9f8da96704df73108
SH515370,,True,True,4b1453d28c34c060536b4194e13569b624830079455e4376e6fc0deeb97821df
SH515380,,True,True,b93bb1ff74c21e390428754aace9dc3fe6679ca24f9eef4b04f040c398d2e275
SH515390,,True,True,e01835172ca16f0f0774912a34b053a85220fea0ecf15ee4da08793c27d2cec0
SH515400,,True,True,d77b96b2513e0286a3f0abadbed6473edf2f06d492d7306baaa9cc3372b1d099
SH515450,,True,True,ff61c2b4ca121bdf663ff92a082a5cb41261ccdf755c7bda5b5e5f94a379b9e8
SH515460,,True,True,7085de112644e1e9da0380d229b3e19b4cb796b5f7241a7aff8f21c712e75e38
SH515480,,True,True,faeb6d9710acec665831a1b6509a696fd1821499a4f73093bbebe150cd6dc8b7
SH515530,,True,True,d8b199be4f2ddc547d253f63590526be6d56eb46fc096385d7fe89777fc69b9c
SH515550,,True,True,fecce97bb5fe0bbdb1d58615427b53666ba0e7141bb1208173d5ccc1bde24564
SH515560,,True,True,8595ae876ab3cdc6304c8e08fd80ad28dc16b9fb6dc24172c283e5c03d598cb9
SH515580,,True,True,f78703f58f37c5ccc1117639585f5aa0a26247b0844034a870d42e43b8b3d55a
SH515590,,True,True,2215fb3433872474b42cbbcd28a69fe48892b67b1c0fb22a210952781bbed06c
SH515600,,True,True,430d414541392b7567fe03a08cf39e02da2e7b0c7fa56bbce59a0abdbef90d1d
SH515630,,True,True,dee4ecae80c0cfb04a9d3ad7e03cfbdc0cf847137fa0ee822f9ef7319f941484
SH515640,,True,True,3f11a83e68b71a18d48f23f6ac16d54f19dddf5b8b1fb566dc60142f4c219943
SH515650,,True,True,e62d6bdf2cc66068801bf98e6f89e285c1d2dcb79dd8e586ff7d93d43ba49e32
SH515660,,True,True,30e0db602dff121cad48f9cf56bbdb45612efe8018e4f9bf9a92a7a7a2b5431d
SH515680,,True,True,fe3b618dd5bcfd8889651d3875e1403d472f098609b0006f78838026e062d42c
SH515700,,True,True,0a7a18279d92ca9956a039c70923a3b188073029bd82ec83fc554db646935ffa
SH515710,,True,True,4713307e43b9235a781c2225ba77da62c0d82c6854500d385c6520218d90b7bc
SH515720,,True,True,0bbdecc6a09f4706664cb1a4ade168f246547a82f0d0bc41054f7ff1f28a6d2d
SH515730,,True,True,8d56b6d228c819a4d38da31a817004cda2856fe96f797c781cb47b6bff2d965b
SH515750,,True,True,6f9a7db4a75ccc61957493ef41c6dbe4045b96c40b221463ea8a0f742d1ad58c
SH515760,,True,True,dd73933caa8e8d8eb935325883f25feda10f1bfeed21c69067f33fdd1a0470d0
SH515770,,True,True,4f4f23efa72fb455a81faf32b0fb6bab7f936fcc5cb997621ec05fc5b7d66295
SH515790,,True,True,f23430af401a27a90b1a135a9974b68e4e67c455c99f1e72b41940fd205e4609
SH515800,,True,True,918348cc9eb4916990cd06683c72f05814186c63bba220c78cdbeaca334803cb
SH515810,,True,True,d132a1155520c817431b9ca1a36427890bbecb3fceb04ada0299e0bd333642f6
SH515840,,True,True,76dbb360fc473c5118e49fe148a3da0cd51feef105c9746479df517e7daf1308
SH515850,,True,True,c476ce28af826f8b5ab4b3bb917d78aca0ac2053465f6b5e28a523056bfe5b43
SH515860,,True,True,14e01ed463bea978e27e5d3ba1070c2998bed56e38a951a03bfb12618348ddc7
SH515880,,True,True,6087578a7b5522c21ad9f94013a7bb148b1cd48ba76f390f14ea7ab82eb85b27
SH515890,,True,True,9827a8c12deb4ce38944886da532678e533b8d8881a67cae139d3c901dd5d101
SH515900,,True,True,9611c4081d0e61e04e12075ebd1a8d9a0d0a8d8775dd890ca97f0144142d66ff
SH515910,,True,True,d3acd4f5a52b3c21c3cd33a0b6e7165b670248710678e2d551d3012b265d2773
SH515920,,True,True,c5758c659539a203720c1e2ef95f79538f98c1f0de4f774370ac82c87dff152f
SH515950,,True,True,df4605928c0a8ead0001a78e97b7e039a097c217fe3453f6e2bf01d6f8736aa2
SH515960,,True,True,cf39a33a321125b5e35305615558a92dedc37b7c973c60cb1654d050f221e1a6
SH515970,,True,True,eebbb125f4065d35756abe5311723384f340cf0c47379963cb4536841d0c080f
SH515980,,True,True,2348e7262405ce2251b62d51f3997936e1a50094ec9d52a84e0b35ff1cf67692
SH515990,,True,True,8ce6883cf8502f115b8230cfc9a7b00a4f06a35ecabddfd4020da12189815ec6
SH516000,,True,True,4c74cbe3bf30b8ab799ba9d57798443430d96b3ad75ef377083c2ba7d1d17854
SH516010,,True,True,001dc32a94c49b8dde03bb58e155a6c4fcdf2dc5eaf3561b0f783bcff7600fe3
SH516020,,True,True,4107075cd7f4909e68770f38e341b26f18a9c3d60c731686efb56309615201b1
SH516050,,True,True,c402287ecdd1278afb15fd110bb69151bc682ae7892aa3251aa41dc67e34f564
SH516060,,True,True,c355e440cc56258405134122c3f40c741d8f09c54068511d8c3ecdd44284fc7c
SH516070,,True,True,ed1d4ff4db06d4e5c7c780f33b29b403f1349d2ba65353a5a4a5a822ff3b4d57
SH516080,,True,True,fc44046b2ef857ccd0f8beccf3ee48dfb906b55dfec944eb37fa37334ac9ec3b
SH516090,,True,True,b7f98ef66055cf9c94bd780d9c1be28f9c4fa3e6ddb26ddf0f091aae05862089
SH516100,,True,True,c023250ff03626fbca4f76c9d2ab1fdf7ddff4b47a79c89795236bdb65c3d884
SH516110,,True,True,c868c8b01fe67d3565e68ae51c48f0bc21c3d2cc52ff4dbba106184c5b0d1c6b
SH516120,,True,True,dc143ddca025dc6297ed5aeeacecf238839ec50e31e625c1dafc0bcee4b9259e
SH516130,,True,True,9ad4eb46ee1311cdb3de74fbd3f5a805013542e37313517807b85e046c0e21e7
SH516150,,True,True,785eddda51b73e873165567bc538ffa6aa7f5ee09ff9eb806d3a2461cd58cf6c
SH516160,,True,True,17dd4457ede8e510f181af4f61cefa2d1e371508be9ca88684a0583dc90b6ad5
SH516180,,True,True,9dde39823b4be47e7e967fc6d7f74880bfeceb45f4f2fe0117777321f0963d3c
SH516190,,True,True,f5ba59821722bf1218474881299feb282d594871379f8b1013090d111ea383da
SH516200,,True,True,0d589dd08a1f04084199d35020291a230bb4a328cb4e1c675c59e9c0fb00dc34
SH516210,,True,True,d168b576a836e9cba737814f96b02f96e0a9dc5ddc1f345083ecdd512e228864
SH516220,,True,True,bf2e3af4b466a43f3fe34ff2cd25c53c342426736ee17add786ef31703a5021d
SH516230,,True,True,35564dd7eb37a51d834b087547cfa33d1901e114f7ff8e57919e0f2ccb1e2f7a
SH516250,,True,True,fa9ba25441d1dfc005ed41c680fd92dd5c21b1ed4a8bd60fb61f21be1ef68632
SH516260,,True,True,7466aeccce1f164ddabf1ab4fba9f903dc1c06809638581eb63f424627a94249
SH516270,,True,True,b1f8ecc6e20a1abc895962a14600d980da3006e6fcb70b2285c9d5bf2c4e8067
SH516290,,True,True,57b4cb6ce017b010db5b89d1fc60e8d96a15b7bd70d06b54477499ea7fc8989c
SH516300,,True,True,56f7afda0d5e3fa4061ef8e5554ccf393db8a0273cfd001bb188603478ae6dca
SH516310,,True,True,19944aec340ddbc9874c7eabc9134db2be77422a1f52f59ac3357348dd33b428
SH516320,,True,True,ff080dc839c8a6391dde828e87479a4fcf67203039153ee9a40f8a5095a0bdc2
SH516330,,True,True,63f788a652e0fced3cbdf6b9ac6f62581a381a50af8f9356ac7e996851e74fba
SH516350,,True,True,62defb36e539d3096d0d5cb24ccc7cd5b5ec9c9e37e11dd79f309ec58a9456da
SH516360,,True,True,3426208359f59cbb9e52bf63bee58dfc0c3ce6e6549392d4cf64cfd310789f9d
SH516370,,True,True,5f9dc00317fd6e9e88f4951568ef73db3101ac3ad62fcf6ff818bfb440b1ee4a
SH516380,,True,True,b7d73ed3743553d142cacc8acb15150b10602c4280c5ad17989034022c6eece8
SH516390,,True,True,589b7a81f5d8d1c860fd4b8658528f615c6d57cd959d61e255ce0b8c3dc68626
SH516440,,True,True,67a72e9c8a515acae888f34cc4e794c8e1abff42d76743845ee5090e6b8e6c4e
SH516460,,True,True,f72a66bdcbaaaec4765a13f25fddb2e5ce6c3943d22a3ddb0b44a6d5f8be8f2a
SH516500,,True,True,0b20b99dde0f1b0e854aeb38887762e5ebf62ec63ccd1d22d5b382179a4eadc6
SH516510,,True,True,dafc69e08c706f648e25f507b820d4a92861fc570dfaf6baa14af864ea65619a
SH516520,,True,True,2fc23b164acf4dbb700d359e74f37340b2363eb9914938e7b70e99ae962e7244
SH516530,,True,True,d9bca7cc036a44dcc2f870abf18f93a2700b58bdd75c73029c02ee5b6598b594
SH516550,,True,True,ed422dc0c7c2c8197e37c3900531a3324614152892d38584e49b31d881fbb8ea
SH516560,,True,True,55d8119668fce2311784182589038b695dedd3e81167e1c239f0726549454f15
SH516570,,True,True,01def23dfc0d72d519c9cf9efed51a4f8a51b468c0745762aa44aed0db2712e9
SH516580,,True,True,45837df77f282a86edbb462f0a43205c00109a10670cb9c8b437dbdd4efcfb0b
SH516590,,True,True,869f88cdc732833d17519e1426d622b96718c726b06001df867b561e2a6ac12d
SH516600,,True,True,aa897c2aa3cda1e94a34378a3b2ceb00697366daf77072ab27427c3a7c8ec780
SH516610,,True,True,709392faf4737ba4290f5d93a0acb46b37098fa9e20ae2cea1e4f23523d53e5d
SH516620,,True,True,3b02f02aa2346486bf1daeb38fce6b76429b4b4eee6e815c1a39b13f0793d969
SH516630,,True,True,c84006f4a6837da3171d428c882e87e27d3d109c293e767714d1da35d49b3cc9
SH516640,,True,True,d6eab71acf6dfeef6589c8015ad6b1394b5b3095ade575b3b6510d145cccd54c
SH516650,,True,True,e88468e1cc0d1e34993173d2ebea46bab7a0c46ea75a6b063735189fd170da01
SH516660,,True,True,f4e7185a79c4a6f30ca95a13891ef8575156b4ccd2ce4492c475a4cd792c0360
SH516670,,True,True,37cade95336ce328fed22ba0e1f30e3c8fd09769e7685b1c381cbc9cbd55714f
SH516700,,True,True,7ad1e7aa575ad29f73df606cf137f406d75bdc3d27beb00cc818588f4b7413bb
SH516710,,True,True,66bba1af02cd2d93cbcb34bae91158a6f3a6718504bbd0d0282c6142f0ea6cc2
SH516720,,True,True,5ba17df169d5a7288f9618684b38b30a060d2a9df76b252160900262c3ef5ccb
SH516730,,True,True,e162ad85cf8bd3acab25d15f2df12e5543c320e953c795f385d348b95c1be3da
SH516750,,True,True,8b9c017305806e33170aa098017049a835e19cf388087e2d453ba1a3a6a6e8ff
SH516760,,True,True,a106bfca2a40a882e5ec1ff25d06f709044aa867ee5fef1e80b778b169b88de4
SH516770,,True,True,90330e6c4956cb056bd4d5ec6ebd4e2d6e4b07b1e91d8ce22b850d212f017fe4
SH516780,,True,True,d9c76a097e3e3e437169c9265b0a53bbe496024fcb3878d55607f27a8f96f514
SH516790,,True,True,f9c360ccd4cd831c5a4f300d6692bbc66131d5a4b3b298515014f321c1b00ea0
SH516800,,True,True,94e05c1f3da1821640e4f11f19417f308536f2cb8aa0835239c83aa76c5c91ba
SH516810,,True,True,68896dcdf3f11f639b2d0787f67d662adf045da58c62139a65df0fb6d0be4abd
SH516820,,True,True,9e9e4d671ead4fbb658b4e0f5def0d7aae90d522253c7c9854270af35eb8271a
SH516830,,True,True,251d5114226f36929226b8ee6689824e85873883c2f376d99ca4410177fd67e9
SH516840,,True,True,1af0ab3a5dc4171b78f0523827805788a75571bfd60025254afb6b8e1b813b57
SH516850,,True,True,ffdb91a1fb6fe40f88adf80167e0a75dd4b9c7b8b4c3bd7566909f4cca2ec9da
SH516860,,True,True,13ac6c7289e556eb4b016ae64749f3284ecc3a80bbf23fad9cfb505bcf245f1c
SH516880,,True,True,6c6fbebdb117ff9ae91a057674292001b343c51ef83c6cf2b033b56b67a35f6e
SH516890,,True,True,310fa94325899277c6f18f67af2083810ada27667cfc7a18bd22c0f8c988a978
SH516900,,True,True,2e3eba803cd61d687c7c688692e9157c1c29282ac06fd64264c18b544b1bcf1f
SH516910,,True,True,82fbec0093ef462c4bce6cbc7700b76bc31062825feaae11e1b531cf10dc5fd3
SH516920,,True,True,36d9accf4000a8df8326d431886c154a28b2b5e9c4d3e65abfb4726f67565b01
SH516930,,True,True,790607dc771e90ed09d9b5c6120459d569cd2b4a146100716131127305102899
SH516950,,True,True,8818da5a73a54635b3d0237003a777b9fe6c7dc7106ff2ff0caf512be1418367
SH516960,,True,True,9ce13d65684c940630d08146347dacb40d74dcfd78bfb4f6f92277299cc0df20
SH516970,,True,True,3e809acb42707b033a68ba4f55c115853d74b9476a376fb1fcad790d039ca35f
SH516980,,True,True,2ef55fd15684531dce98c0db20d81dbb86ee1bed372c7070884c84d678c6a343
SH517000,,True,True,809f716a2e94dd31e1c9819749e4cbde25b39cd5adb248b58e311655104003e2
SH517010,,True,True,cec6328a4ce20466a6686c7aad01517afbefcc44ad8ccc52bf5ca2e35b2e6ec4
SH517030,,True,True,56ed3fefca8571af78fad16a5c739453b1bd774b323356c946bc9e0ab36ed98c
SH517050,,True,True,fec48bcc5ee676e96753dc1ca6764d1a997869344886474858c3777c44616b10
SH517080,,True,True,2a9ae524a633d0017b0be7f1764797d92ce941bbaf2def38eb0bd414d9e3f302
SH517090,,True,True,8d1f91450b575e23ecbc8cd0c63eb877d09bce98a14e32a288ff409236419130
SH517100,,True,True,733a8f228e58fc2fcb46b8e33ead8ec88da1919d2e2bb824a8a1dc82aea053ec
SH517110,,True,True,ca0cc49e2e9b28aba8e7a8b5150232d41238f010101fa9973c3c6b3afd539469
SH517120,,True,True,43033f05ab421ebdf1dbbadb35ba537d2dd148ae6c67f6d3c465ac3c29b707d7
SH517130,,True,True,234e77cec382a1acf92436679a79ff452fc0d4810ac91c28a43c06b1d7ce79eb
SH517160,,True,True,1f807578e51c4c57d1c2971ffdbead4f6d279767358ffd893011a1fdc5ad29d8
SH517170,,True,True,4ba6a6b94ed45fe77b44e5083aaa26bd2fc883acf6f845f0ca387ffb546e10fb
SH517180,,True,True,f4c92fb1531562d4aa8d61884ca7e022e7ff30d1d3ce7baa726849a865cc65af
SH517200,,True,True,6e116d09b3b49a621b3560924bbdd29d44278b4458eee36154254a3ebc68edcf
SH517300,,True,True,f90d7f757f89152644980fe200c640ec111ec806d11744b12d962f8f00122af7
SH517330,,True,True,246e3ce60dd53aad5292aeaf7126b3baf0109cc44503e91a5de81c00e7ce8c0f
SH517350,,True,True,1156537491052e1b143fa6b5cef84095749a882fd374802f53539ecd5d92cb5c
SH517360,,True,True,35c03db8f0a867a16ebe87df623aedb51e9fb8be247a688efa062f5a8db2e74c
SH517380,,True,True,9c3323f9ff45d92cc60e9b1cc30d80b2567ffa9759a56d1e2e7966c87134c099
SH517390,,True,True,e577ef1e343c11605085a626f0bbee17f22120d461420dfb33ccfb99168e1bda
SH517400,,True,True,cfd756a4682777eb6dea3c625baf49d76239a5d7b3dd0f6f280289408fc4b716
SH517520,,True,True,4acc498c1227332a1eaadb592b742de321d58bc37dc6e9a3dc4cd341ad8bdaa0
SH517550,,True,True,c6673e0b53f497b820c30b67dad4d2ac17b17d5d0a3f6d8350fdfc785dbe3a35
SH517660,,True,True,b5a0d3f2fa9752b640003b34478c9c686b90d05b215438c21cdf74d289c7fbd7
SH517770,,True,True,22733ea9610aaf95e52fcbfd0fbedb3f8e1ab1a9bc0d84c53d41f7865c9f9e7c
SH517800,,True,True,e68e45ef0072eb6f088b9a71016f3180fcfc9dc08b2561dc3c7f8fd5c404d1a2
SH517850,,True,True,cf619785c0134e45c256557339a43484e5934473a73b43e201cd0ec096d626c0
SH517880,,True,True,598cbb29c6bc3a6d642c4d45a69d551d205fbd257537ffa1bcc3056740d3e8c4
SH517900,,True,True,619c989007e532384f014a02b2dc089d02b70e4dd032df8858d1d68fcf46c3cf
SH517950,,True,True,752cbcc32cbb5671b7592a8897d0827f7d01273b853358b7f4c29fe4604aab0e
SH517990,,True,True,45ef3efb7890ecfdde8103c818f2e9fc199cce27fa56a345a4fa45961a135a41
SH520510,,True,True,0e6bec04e3698d557676a7a1d3a45bfe79efbd7ba72039f4a40d450532978786
SH520530,,True,True,f3836ab7499e59fa915c009d860b527b69a6b49dd399db6836b7acb04bfc5161
SH520550,,True,True,186e810a3a38ffa69b72bbc1984a969a469eda2716c7e9e2cdce7ceb1ea1ff40
SH520560,,True,True,9658bd03f9ad05a58a104acc100565b8f0a4f8ca5ba85c9907893ef97d38ee87
SH520600,,True,True,328f8eb84f8d4de6cdfbabfa72e8e4737d58609c5a26f844917f1a6eddb2665e
SH520610,,True,True,1ae12f492112d5f56afa2bd31708a061df95d7b0760e28dce129926b95e1b46f
SH520620,,True,True,bae6d0bb5498c705b8ba3593ecc89c780f13c4d409ca8e12f9eb44d7f4a8e410
SH520630,,True,True,4db4fb6c173d099fa42b3823ff5275843733752959f38b0b9fee782dd5b612c9
SH520650,,True,True,3fa7f5dcf11eee91e1e6a757bbdc6d517ade1d149ab6d1125614560b7738680c
SH520660,,True,True,4411df718225d3ff9aedd204dfc13374a6e512b2a24c5b892c9e70a9a14a2dc9
SH520670,,True,True,cc08cf77165f0de27e197576f01af673872bb8cf3982d6330066960501f5b976
SH520680,,True,True,8292edd717a850ac51c366bc4108adc6b090aa836daa311fa114ff7381170dbd
SH520690,,True,True,a73dcf3830e0e07ac6edb6bc99fa474edf1fd1b2a77e6dc5037f03ce76605d5c
SH520700,,True,True,dec86472469d79e2c1f2d82befeed36f2e2d7312785de382e9779daa680c8789
SH520710,,True,True,484f8fb15eceb3da1c98d7b6b0a1dcbaffeb28a57e0378d63f66500c8b65890c
SH520720,,True,True,62fba0a79c35bd608d08fee4f3ba526b1414c9ecbda20e96aa615fd682716743
SH520730,,True,True,52f9d1440735fa4eedfe98185e56b88fe60be36dc20c2f293e10f238f2cf3e4f
SH520740,,True,True,88edb6aacf351d15be7c410934b703ee6a0a06db9831a2c7678f498d71479b10
SH520750,,True,True,64582904a69ac2038134611aea0fc85c174b6147acb4e8b208d166717c6d0fd2
SH520760,,True,True,28f4cd2fb130251260f43ea5efaef2117d82c2e4312cae98d1dd0d4f809c035c
SH520770,,True,True,1a2118753d5b6298db8026e32bcfd4c0ebc44bcd12c2bc576e762668a55133ba
SH520780,,True,True,611d3a5b90a6372f3fc594d8e19c9dd61a23447fbfa0f6a31b443f5d8b9b37e7
SH520790,,True,True,5ad2bc3181587a63212b482c0c64111ef90dffcd52b38f02ec2311879468ccde
SH520810,,True,True,15ec97a644986de315e54c0fb4e07a6f0e2544ff66f615e1e4bd0edb751c5fea
SH520820,,True,True,e5e73bc0fb720daf6add0f13a48d8645ab1f531a44b12fc589f0430937db3956
SH520840,,True,True,ed2a52c7649619d1433bd5f729059db5816a68c1f95ff53e18becaf06ee6bb4a
SH520850,,True,True,3b7e7297dced8d9637079d88e81f8ec77f6ef2f2fd6069b8fd9a1f3d6fd0f3cb
SH520860,,True,True,a9d87f898cd16c45a6a16b8ed93f2b176c0a9281e34db12fe079d608cb6a38ea
SH520880,,True,True,5355ebfbf6757fa853a38280d09d4bb1a3eb461aecc95dc5502717719758d78e
SH520890,,True,True,33fde7de9062b1ca50e53a5509b4c9a016f0f51610b40b7504dccff276f0d7c2
SH520900,,True,True,7bf4bb3b68b520ba10b209774fdd0d90a017bab0a13aee579c7d21e0a9385619
SH520910,,True,True,7714ff7a966cdab96c5ba12c8359a662d73c80db1cc211bd578bcbd2dbcdff78
SH520930,,True,True,1de50c74215b23febc1d75220f7fec9253858f75146b035ec6b331ac44d3c006
SH520940,,True,True,82a51f9859d0a9a31e833d6a553d352d153c17fdfcf6884c37475926d5c66f56
SH520950,,True,True,b3be7e5cfcbf005e5858507070716b10c102c88f2d6d7824e37c97f357fe1b70
SH520960,,True,True,5de1c9c9797d5b7b643398859f7efe2d23ebd9f992625fc1a9238c9a804c3843
SH520970,,True,True,99aff29773d8e348b3be1c42d55b1835bec20b7ecbf3db21af5a9610a87ca4a7
SH520980,,True,True,f3d329e4826263afd84882f6f1b445f68a412ea6e74b0b895f7813ef94a29f99
SH520990,,True,True,be781eabdca170b835d25fc2d08a9864bd1116b0ecd092d5cd865049109b429b
SH526000,,True,True,d4f96ccac410c286ec5d179856e111551fd4874bcfc24a9953d336f2a2153a3f
SH526010,,True,True,72375acaefb3fe8c79a49e82493083e5ba0aa45a2a278726a5588beee38ce2a0
SH526030,,True,True,ad7b0fab04d018886fa17c1bc95e5dc013af8d4ebbd87720567145e022f5a4bd
SH526050,,True,True,39316d79e90739dc66c43f3a52bd9eb5ac62cf0d304e592a9c6dddf6a1935a2f
SH526070,,True,True,67f58f6a9a2048c677de515693ad8958f3c8a735d34bb85d686ffe2ded8d8ed1
SH530000,,True,True,687287af688054274d778386a8293dc79b72ea7be2369fb3cd2b9a9d8495ddad
SH530050,,True,True,d03b37ac4e37e1412b89cfbc3ce9b54df00a1781c0b0f8d1cb2fb2d2b1d2e257
SH530060,,True,True,483814bedf2e41b10ac11a1c102143454b4f2c80739b4aa0fe77e97244dfcdfc
SH530080,,True,True,126d4428794f99d18996f0f517b4544b7c4de116fa1d55f86a00005b15ce577b
SH530100,,True,True,7e6cadd0cb0348788a599c93ef4e96c97a448bda07495121b110efb8d8770888
SH530180,,True,True,945262aa483b9a81380c9b6ccaf0bb8dbe7d4630b9aaecc17b82136bebfacc29
SH530280,,True,True,b4fdf9fc66279ed767686fb636614faf9acc17d8f91cea96f22e6b035d98d98e
SH530300,,True,True,b4d0546de6eddbf9a354971ad6128d0d5dbfefcc0e65af4606116a60962f6c07
SH530380,,True,True,3635c17010448744dc05dd1f35ff99d5eb71cd93fa745eb1707f7cc92d88a24f
SH530530,,True,True,b5e7b1902e14be12e8a98426666fd382819a4e27c6f7099cf398c5e1a9b1a005
SH530580,,True,True,fcda8d8a03af6e8c39d3c40a17124a46c108764ba090396a1b3fc58907e6d474
SH530680,,True,True,ead048aa095cd0c1e3c48e6a9f823197b73fe78820170065db853083dc346dd5
SH530800,,True,True,c6f19d47441cb587f431072ceb12384b596f5530fb7783760f4dc119cc16dbb2
SH530880,,True,True,363e3d5ade7852c3133b18aa85f20b263dfd0ee5528f54be644d288428dac517
SH560010,,True,True,b6e4d353423865d6236c8bf11d14750bd9bde55024ae107dbf0c9a5b3d2c82e9
SH560020,,True,True,1a0255bbe2613a8ecbcbe85573c973037b0137a81a08e486a7a0fcc5fab52573
SH560030,,True,True,105e526253968fcdd11b19e84cde94fd9179d0b01a24263dbf11a4d747605891
SH560050,,True,True,1c75f54a6c5aaec992a2b8ace50a9c789b2cd97febb5a6db211619ecadc35a90
SH560060,,True,True,6ecf1ce1aa360853c5ffb26465e2ed42e1dbaa1de5699ec4e5a3657da422bfb7
SH560070,,True,True,41b74ccdf30ad0da541453168e8a6bf43ca662634fa55b90f5219cb09b78413d
SH560080,,True,True,c35573c69e3e02bc9ca3fe3e8b7288b7d3eb849c64e805d535e2045b62a255a8
SH560090,,True,True,61221d20691a1f7b7e5fb42fd07087f8a83eb95d07cf5b48fed600308a30b491
SH560100,,True,True,dafa3ff0f882f6f9bd6f89654aac52119e35783c3918c1abc002f498bba7bda6
SH560110,,True,True,209c35c038c367bad55cd1099fd1866d35fdb7bb313721a666efbb1b7df5158b
SH560120,,True,True,4407ee9ef341b5482304b62c70c95c26595c446cf16134fc267748a2fbc14468
SH560130,,True,True,11e2d6c7a5a13de35d71c91ee8aafb3f9c0d91293aa32a8b831392f3330dfe4b
SH560150,,True,True,bcb6319d7cbde879b0ef7a16bebc7fd55625fe309387a8d1820fb2e8cb525165
SH560160,,True,True,171d27bf8a0ded7ec861156ba6d6c6cb375f21646c72fd6524ae8794434c518a
SH560170,,True,True,9c25ae65d681800085b0d875bcda3143f1664a9340c7ad63ec6720d735519f16
SH560180,,True,True,3bbf261307d2576316e3b98985e47cb65202d78f3907740c545db9c4eb37026b
SH560190,,True,True,6122d43d9bf5788bd469835e17e14cc0dfc1287fb47d620ff66f0a3ee50103e7
SH560210,,True,True,0a345c7bde10ef36af5ad72065647926a8a3fce7910fa1815a2084c66ba435b4
SH560220,,True,True,3117866a0cf6c0b6acc28c059ff60ca210e935c46d93bc9066eddc7bafaa81d6
SH560230,,True,True,5225a890c60d37f53954f71ade947d2d5255338174b6b02c8d4185f5a6d10a46
SH560250,,True,True,c51704b4583a5f6e55d5babc3260f9f81f3172459a6d9fd8cf50bc7bd13b8c62
SH560260,,True,True,9d1362e38e42a56a4c76da687d12ec993ac66cc6e54f101d461e3c1225a99714
SH560270,,True,True,876f66dda1494bc16d4663f23021b1d4bfe26682f4be779691f85b07ef422df7
SH560280,,True,True,803b904f8e6d115b44619b7a10e07a3daed3134bed916169f2b8f73f19e228f5
SH560290,,True,True,f3a5c8691fd0e3cac2a37857f37c7b89ab14d5becc1a03bf3b22b04db4915ba6
SH560300,,True,True,7b127509d3cf4c625fbaf4e21ec291a7b887e503630ee166d96c68268acbce43
SH560310,,True,True,7f47dfe84671c994355fa68e658eba49c22242cbcdb7f7658a5fdac36abad1fe
SH560320,,True,True,4c14ade4cc0a92cf9c5a20bb04a87053db12b01a41dae7868a8476663678225d
SH560330,,True,True,42a68b2e2a82fbe46b8db2eeb3261aeae88bdf52b8afeeed828b16595b94152e
SH560350,,True,True,7a05b9226a68f97cef471d873dd47f590b1a2e39ca332dfdeec523060ca82688
SH560360,,True,True,14cbfc8649ef3cfc03da4344faebdbd43269c46a97b34ebc3ab678babdaae074
SH560370,,True,True,78c5bd8be652b8171f717b4df4c29b3dbb879ef88393649de82fcdd19217a861
SH560380,,True,True,dcd3007ab09d6aa3771b0807c3090fa467282e3b693910946d169bb05f4a11d8
SH560390,,True,True,d10e793ca3b9a4d43875f320ec13e9b1b4a09adafab5f4f1250446f260e95cb8
SH560400,,True,True,5191a1d25ab3345416c292787b792791fc6570feea6743283822d0d2533c3ce6
SH560410,,True,True,f2266bc0a6f2b24398166b05848abc43543bd759e7ce03dd3092fd32f4420490
SH560420,,True,True,961d83a502782baee608e71acb3b092b899e6ad490a614882dd3d28da3b8515a
SH560450,,True,True,60dab250deacbb919e7bfa90ec066f942375c39bfa9fb5509aaad30a355ee93b
SH560460,,True,True,fec58dce3766614d529f1249385563e0be958d782d992bcb60517f3d2d57e792
SH560470,,True,True,818c01bbc841042e4d7b477c35202d096c839f4d58edbd6af46e1b9f0c2b1b45
SH560480,,True,True,d58975ca75cff546f136d2cde49bd6a9f337d3e31e89d20196ccb13955bd0a6d
SH560490,,True,True,3f484be29717874ac662595bb44866809f5f16383dd265d1796025dbdb618e2a
SH560500,,True,True,a65e56287e74983cdf00bec1380322c0129175c4d201183685f587eab17daa38
SH560510,,True,True,95e508c11998d41bc7a8c1281382ccb729a558c7e3d2ad8d3aa6f75f19293221
SH560520,,True,True,4a99f9368c60207584049fcacbb8263a066add17f40a25bfbf1062b808ddad46
SH560530,,True,True,9ecee12c860b6c2f462619e0e84e77cfaa53a94a45ea97afabc13007fed5c737
SH560550,,True,True,065067fd03d6cde54f138c68fae0d0240968f439108c8bbb8441bd2ed46f927b
SH560560,,True,True,e57657be6794a4413562ee9ebba7b54c42d043c95707d8fcf2e9f54d92694938
SH560570,,True,True,3f996fa787ed1256628aa8bb105c900c1bb26e957f21bf294b2cb75748b1f422
SH560580,,True,True,3abd3e2449b14b9d825d8f1d44c43d33b1a51c8c6cc55ff320daa9222c29d761
SH560590,,True,True,879467ef23eba44361b73e7102cea023d43d0e50f1e377050b2fda504d0079dd
SH560610,,True,True,4d5925f679053af266e1ed9b0f23cde679f70bef62741d45d7211bef0c8fcb1c
SH560620,,True,True,4bfd31d5fdd17c9f865ef0870afdb5b218edb0daf758f2156099fe24109f7ae8
SH560630,,True,True,5b08437bfacbd34fbfe632cc4d2abe004c84882dc7d604ecde8444d6109d7bc9
SH560660,,True,True,841b4f91a284964c75ac9282af90130be3a78171078535b2a719e7d733d8849c
SH560670,,True,True,88d2bf0d266d788fa181181cf871458353ed3c592c6e0e1c6f4d465002356d56
SH560680,,True,True,8e614064cb0a53811484066e7cfe44cd63a378d2cf566070743e274cd8a345d6
SH560690,,True,True,8ff7198b33772732c9c0810dadff2aa295f6fc073483fa8ed143655392d77017
SH560700,,True,True,adfb8b0e080698b23402aa0f57bf853fa179e9f162a5df39295fb70d5bd6b97c
SH560710,,True,True,3ce66d7329ea1db22039203abf2f50d29ac0b5a21e42a03f353dd2b40607d3e4
SH560720,,True,True,bcd6786335844de4c2337b357516f38db3f4b15ac622d449b306850d6396dc7f
SH560730,,True,True,8888ca184a7d6d6f14cccb0d97df490ad537ec19c6cea05196ee68eb8289f1b4
SH560750,,True,True,6fa008fb194f63c5e8cd559d131575749f886dcfbf9ad0529a1c5292b169bfe6
SH560770,,True,True,50ab894da8c8b484c13ec48f474c388b1472a3c026180e0f18e2584d878e4bb9
SH560780,,True,True,d1840484b065f5049bea7d4d1ab36bccd0d171d98a58b063dfd36810da02dac8
SH560790,,True,True,0b0855e7860d1e8deb5b637882f9a4d7f4ee15f97c46412f017e284b3909b11d
SH560800,,True,True,2e92e92e01ac292ca971444810d24c55bd0e20773e79283c186f176138a068ca
SH560810,,True,True,7b07f5350ea8cea91dc18c663c0189d7ba7d68eed730f8bd40a33e72add775a9
SH560820,,True,True,7789b790e8f38497a05b5ed6e880d5568528500c25b387d4bdabbe779f4525ea
SH560830,,True,True,7c3ce3db2a8c5cddf5f3eec0da7872377ab169f16b2203c7755c9cf5f5b2a381
SH560850,,True,True,4f9fb7d1733d69f703d8b481e4d9f1f2da99252d2f8ee805507a65c25703705d
SH560860,,True,True,15bb20b6fbc297cb157ae6752870d65d76b8642b0308598b84e6b7d397be2f72
SH560870,,True,True,cb3b8a7d0c711bcf6577bc3dcb4af29b5a1efbb65d27c87a13e88dcf93bcdcd6
SH560880,,True,True,23bad78bde10f0af3ca2066bfbe99a3a69b9525be7bf1bca512e9d287eb19ce6
SH560900,,True,True,02ed431b47303df8c0bd722ba6a2c4b9fc079ca6884ef0012bf41fd6366467ec
SH560910,,True,True,73196f88b2ca10c95c03d96a90feab6c486b3bdeda6ebfac14c645136798a026
SH560920,,True,True,24b694e58f9f102a0a6170dd4d94288ea87c2fea03e609a6d25b70215d5c03d7
SH560930,,True,True,138c16cc506fced1e7cc343433869cf49a27cbfba2f371821892c102e4680bb3
SH560950,,True,True,8eb5fe05d9e0493712010dda381bfaf28760574a32d4cfe24ab9f3cb5d7067d9
SH560970,,True,True,3cb73e8bb1d0c40f1d21083a526695d4069d985a9cee1feb4751342894aed84e
SH560980,,True,True,99234a5db808febd36de48f8baab2dca0a925b8dd08c6f234815c0182cb307b4
SH560990,,True,True,dfa2a2a8fdf94c030ff436994962a4fb9e909db725be83a9eb2d558c59dc4cfd
SH561000,,True,True,d83b6c3d376a77c809d7d7241029be6a42cc9b8c53e7735e8050c68ed7a3baa6
SH561010,,True,True,caf3890169e751aa5ef91bdc0beddfc064a0e6b4226ed77ee3fb7ce837643582
SH561020,,True,True,898c2c14f280e54ac5fcc6a620f2e6e81267b8907e039ad23a32d423e991efc2
SH561030,,True,True,477c0645baf01b75931303b25705b4b15f8c1f1598eae93067788ef2787c7615
SH561050,,True,True,ac4cfe8dd8400522d03ea17d32f5e8020911498819ad30e34ede8578eab1ce96
SH561060,,True,True,0ef609682a6a74650a6c3eada15ebb3819c030fbfd1e934015d62445a17a992f
SH561080,,True,True,f1a45ac625e63b0b4e5b283b08dea0409ca53b6d3ec08e44aa3bd2e83e7f04ee
SH561090,,True,True,963946979a55b575ea1a1a17d70b3a6725c5fb6b48070a1fd455cb8626ffe86b
SH561100,,True,True,2fe481b5658929e6c6ab0564cc476e816f8d73a22fa6743522b4c4704a158775
SH561120,,True,True,7d29739a77a4d2c4a172f9f39c27d95d65b4d41fe1f5a938cc240b9fb5720ce9
SH561130,,True,True,24eec23debff6fa8e3fe3421d8792250e243635929f6c2be0fe3fed49b38498f
SH561160,,True,True,9baa6b3119296dda60036a49a413539784a908da2be6027e92104c9e940d0b39
SH561170,,True,True,3438e85ad29af0d913895a305700c98beeb0f3c6f10467f8222562c9b2084fc4
SH561180,,True,True,ced11c8eb67f2cc48ba75c684f32e55eeea9479fa7ec8c30dc23ff2203195206
SH561190,,True,True,b2e61bc8e5dd06460c4737e72aae4d2a61b8adfb8e91f15c920474302a27640c
SH561200,,True,True,a37e26a0f636fea74557c9731427c11aae5645d13529bc39e65bea0fda494649
SH561220,,True,True,c0648622bdd98beb54ff192d8cf03e4f4bae8de9c03023d3ec2ea0195f5b3b20
SH561230,,True,True,230b38272185abc83c38a4afa7a714e4336635643086e4ee3a19136706bc667f
SH561250,,True,True,95b7ef3337b81ff9c11a5964cbc73c1db1712fca8a8cb472095cb5d0afa6e5db
SH561260,,True,True,b7e222e38ada40ee7646520d9515fc1375979c6232c3a4825ea11cbea74dd48b
SH561280,,True,True,7e3f2dab02958c9d535c2f13076ecfb9e42c4550149b828074f957dd34da92ed
SH561300,,True,True,841db0b8bebe1a59f88a93ac88418be964bfe5780d1f5a1f5e51e04380858b40
SH561310,,True,True,cd744b9a48d38fc9f16f32f2dfb2e314fe04e4dc724fea2a92baf7482c39c2db
SH561320,,True,True,17a303b7c63fd6cb6694235b16d6f85b44d4d53b836849ed89650e376bc5fd07
SH561330,,True,True,9ff633e413a8402643c818bbf9aee2b36bb9988536b1bbaa2fe2f3cc57b8fe4f
SH561350,,True,True,a84c402590cd0e02f497556bf0e692f297a374de57d3b3d2cb3330b50d4e7c3a
SH561360,,True,True,23aade0cd170ba4335d021776412a58e047f9049bccb1ca1070c5fe6c39a2a88
SH561370,,True,True,83d081db1d0c30b98e03535c1866c4718acf3af83a7c7df5257c870d5bc56768
SH561380,,True,True,a218c43012af39227771df9a72cddbbd5e7be9491fdea12eb9d9efb0b9e08a13
SH561400,,True,True,f32955fa72e4204fdabb2b80786163d5b414262702f67d43077d0531076e6184
SH561420,,True,True,8e43e4e805ae50354a2dbae594351bac5ebad1e974ac6d9f1a8dd618f2fdbde2
SH561430,,True,True,3c2c64e90bf2ac0fe01aa89ad07220d9f90e7df9c4b488650801dea8f9147c65
SH561450,,True,True,bee3101e246bf88f3e8ea243a58da99d5efdf34f662798e948f4c336cda12cb4
SH561460,,True,True,ff9a105e1f1504bdd4b81b8c211627d77c7511700ed4524fbe93d251808331b9
SH561470,,True,True,7acf1d402a0a86fbaec1f35af2ee30484b82ce205d4826e65da04b95deb93fd5
SH561490,,True,True,2c15a94c901bb7de7b4a3b06287031282cdf2514b9a8e2eedbcc2330ef3029dc
SH561500,,True,True,9b306c84f09274be4a09067d677c3e22dd09a87c028b60042924d29156441d4a
SH561510,,True,True,0d94f5899b94078dbb473808f71608224e32074280190bd630b245f27a72224c
SH561550,,True,True,723b4f74d2fe5defc8b81aa9630f0cd0afbc8564c2add505d99cc1f1d92fbfd8
SH561560,,True,True,5f0b23eabf886202a0e5c47fa63b5c792b1e4ee782a5a83c47217510978e5ae1
SH561570,,True,True,d288a173bfdab8d89141e1ce542b42db0aeccd9e97ca40e7aa1dc2ca7db7e72d
SH561580,,True,True,4e4d5beef6a50ae332293eb5a03300fbbb988f2e1f0519de371fca40cafc6cf8
SH561590,,True,True,6b6319480200a1f0a31b940ba10f7de4af307c9028f0a50ef23874a34f37c058
SH561600,,True,True,1ba0f54ab6efc9431d3e8b7f9479f3bf38e52528aa95792924a687333266b01e
SH561620,,True,True,46a23e633fb62bb7da06016ef67bd089d0badd8624457193139ec486d096b5bb
SH561630,,True,True,702f4f82c830716dc5708eb08503af6eb54932104b2d7eb1307e9ce38308acb1
SH561660,,True,True,c421b52c2a0ca117cd7e651502c86c154ec7da330c1167c73a78d3d789e28623
SH561680,,True,True,fe6ca813893bb39960d7917199b947d86e95439420901fca5d71e41e88b07467
SH561700,,True,True,eebcfd16736ca0adfa3343f376bea00fa6983c787b9545d195cb502947d5d369
SH561750,,True,True,a04e41aec0b92f6a94a5f1c1fddf460ca0b6af47287737e6860c58042705afb2
SH561760,,True,True,a6af6fa7b26cfca8b7ab7d7569ceefda7e74cda753acc0a3bbe1b530fd2fe860
SH561770,,True,True,64b24cf893fa4555d778e933418afa781126af52bdac0e410292f987e43b528e
SH561780,,True,True,d62e60d2cf3fa73526db42c0790504ca5e20f8824f33961ab2bc56176ccc57bf
SH561790,,True,True,0df92a4f63a32ee19847004ceced12eb0051ba89dd0ce44cd6cee0ab639d7a46
SH561800,,True,True,f58f0062081e7639dce37b2315f067c22fa2d104c4754af6c87f5fa16bdc2604
SH561810,,True,True,27054021431a6ebb560760a078fdd7b8ff9ed0bbdb0c31f87d22e603a28e96e8
SH561870,,True,True,94c7c821bfda3d652e36b3b98093e128af1762d380fb56ea4cc5ae6d44c31b28
SH561880,,True,True,ed706be660c49a221724d3d4e2bb20698c81d6cfef78480a683ee48b2aa5e1d0
SH561890,,True,True,18dd9bbc0e08fc2e01f43b5c618aa58351c1fab73fcb344b7934ccd50a2ed249
SH561900,,True,True,227282a66df09baf433e56fdf0a38b87921eeb7e80c686fc6736ea788a9ad3c4
SH561910,,True,True,7feecc05dc7219a210f8237eb6af1332e3232ca121997f5cd5c1255b08327908
SH561920,,True,True,97b1c45dd9ce0bdf314e87048803b0a67972bf1142bd853491161dac4a9aa690
SH561930,,True,True,58af0e51e49796d38083fc7538a9dcf410065a5b4cc1448a863cb83ef6c79a70
SH561950,,True,True,22916b4b6515a3af0c9056c44afeea05df000552256420141f137a6d372b25cf
SH561960,,True,True,978ee71bada5bb059f8125aec6aba8ff4e271c370e70bc147ea539a287635985
SH561980,,True,True,c9a860a0898e203f6f1cecb0db79a43b21b729e2bcb6d47bb39648a4df5fd354
SH561990,,True,True,c18a014d265c2336815a44aae7897f25a907cd0b155fde56908fb9aa592c11b1
SH562000,,True,True,fe895eb09dcbd5c0db853fda8998cad4f42632f6c22b4266ae572a4ab6c7afd0
SH562010,,True,True,50eba9b2a2dc823ebef4814ec5d200cc6484f9ab2b4f3a59953c96bd6b1cadc9
SH562030,,True,True,4d501cba65aa2169c4514169a531d3518079183334a70463c1ff3583c373a1cd
SH562050,,True,True,9b8fb578550feb6c12488fd19cd2c181189c4a96fc0c39e622b8669c50a28f47
SH562060,,True,True,ffba74bf3f9213c014bb4588cc82d6bc98b3253357070d31d7a5b78bd3f8e314
SH562070,,True,True,2d7f6406f1bd516d1a4064463195288f9ccb93da2f812a4ce0a07262e63f3add
SH562080,,True,True,8c20d6687626fb5d3ef50e9643dbe4257f844a0db394fd24e9120bbae0b4e9f2
SH562300,,True,True,95939f30ca385164377223be5c2a009320412d1c4c2a30c6c734bf22c993cecf
SH562310,,True,True,993dbf27f6e0e59eda75fcd817e0bbaf279e01763b0405748109ccf0d4d14dee
SH562320,,True,True,9dc46e4ca5f02ef6b74c092969098159ec3b79e197cc904ac6b1fab3b8bd087b
SH562330,,True,True,7697dad66a58cdefbbd259c511585d06a7bd3ec3dca62ea7143a38c48c5ca5f4
SH562340,,True,True,6dd57c596f5471be9b8a6680ef4f89a4c3e3181e00215206ee15107800ab8570
SH562350,,True,True,1266c30eadf26b5193cdfd444c64d8d3821dde1b99f9cb6eed9f206822a9428a
SH562360,,True,True,1b2e05c21a65eeba1c6880a4fdeb9fe805fa59c1a2f726c7a25a22f1d8f0ee6b
SH562380,,True,True,e930f1d96f6359f0fe0a14a87a820e4123101f9dcef8aa5dea84e931cbb5d8ee
SH562390,,True,True,59f0903c22776cdab1c8c86f6436a9ea927ee5e52e020b3dbe079b0a9b7d6d7b
SH562500,,True,True,9c85c6bb9fd68779f41cc23da3efc9f68c143f6470859c4574184e6d4c818005
SH562510,,True,True,ef2073104c0c0b0c765c04c73c8acf9c787a90041a0d98b69046ac8d990d67cd
SH562520,,True,True,93173b32eb7c63b38411119246b240b44bba8b4469ac89438bfe5f2070ba1ee0
SH562530,,True,True,bbe9840e5029bc88c0db1d49d4c575b96a8bed900dec0bedc0c916e403a80106
SH562550,,True,True,43da97d583e8250507f8ef1b039d21c94b96357e59b7fe560765464d8aae3490
SH562560,,True,True,01fab04f319d60c406bc35ce1ae334b16f79059b05294f503b34e5b2423e330d
SH562570,,True,True,8a1206c409a5450e0dfc11c852a7a676a9db8a389806a0c4a3e48996a76aa0f3
SH562580,,True,True,039192407205807e4f16757e819e4178af9d4e2b8694e17b266bd08515de9ecb
SH562590,,True,True,902f3436010e193d90ebea2b71f208eacca4bef08c56713b90081f5899c28d21
SH562600,,True,True,cd80f5681d10d2516e58c35937970d59359e30ed210b245e896589ba1e722e46
SH562660,,True,True,c136727c728414d89c8f0af5f3c3b857694b00b0a65761f39a59e5f3bb941f93
SH562700,,True,True,a8bdaf1a6052117ac6d7b132cc540b0545619f928b090beede1b8d2ead19a474
SH562800,,True,True,a4b89d2a27a4aeca9dcb352f623608adc7639d0db092e566d9b033774c173c77
SH562810,,True,True,e62c67844350236efea7e13acdbd119bbe6aff3211b63d3a1bd1420d07af5c71
SH562820,,True,True,e2169181c78ae262fd3bf324f9704e4afd47567e524f7aa673680a8dba10c91a
SH562850,,True,True,650f66671b1926d519733181cb66910bc2d1c60c29643f1a3fedd988cad4e9fa
SH562860,,True,True,addf45810f17b7602423b19ab3582cff5f46d481f0888c00cbcc1ffa0c18b17f
SH562870,,True,True,4799f49bcfbc3223e6cc727ab1907eff8c2bd1c4bc10ab43615a6eb8be32daaf
SH562880,,True,True,261ef5da26f6cbff7bbf1359d48306efaf9e02838044e5b3a12602e082755877
SH562890,,True,True,7de9bc7341dac93f0b363d4bb16f36a60fb705d37b7c00e43a12b9a32dbef081
SH562900,,True,True,aa6e907ee184152a76d1070da729f39cdbe7f9673c1a34ff50df4fb3c4b2ae62
SH562910,,True,True,ab54fc3c20c367a222ca524ed6a67cb175288b67a892108519919bc4d7485b00
SH562920,,True,True,2562c68ce9a58572a7ffa627546404d83825eeb0702516d330fc1095aa7db159
SH562930,,True,True,dc224c3c4fc47bdd9860b8efca7b9eaeb40c7ca64c4be82c8884a4060ed7eb56
SH562950,,True,True,d5a19b97595ecffb33d05cd2cb3ebb4a123ab539ecdb2d2e825837351b9ec114
SH562960,,True,True,c70a286ceac7d93288354cd307695235cea68a87d7dca1ad4244fa0e12a119d6
SH562970,,True,True,cd3d4781e4ec8dc049cda67de6bd52d07cab0a3b80d228c4143df89c57f0c58d
SH562990,,True,True,c600eba8cc9c5c3e2b3e5334dd8befdba5827fcf97d2c96169109c2aa10cdbc7
SH563000,,True,True,f28677cd689d11d8bc09a85a712fd7ddbedd41d83ff5aaf9dcf1fbf5b77445ef
SH563010,,True,True,22f7652c4e6b1f82bdbe279cc71e7937dee12cf54b8296680f65d05d0c8d37b3
SH563020,,True,True,972c1803547f22b546e0288a0f96a918e8e52d6c76ac6faea2874f4d988c7f09
SH563030,,True,True,9e6a18012af2d69adb814f1d5ef69bb9500ceddbddb99ddf158fe46a27638d97
SH563050,,True,True,6274ad148a38f5cbe0cb56d782093f379410f64b75cf577acdd47b7059181fce
SH563060,,True,True,447f1b3e26914f688366cc24f349c8d96204eef376e86ea5faf0a6ff14d8b84e
SH563080,,True,True,b00fc417eff54b50b758c1fe3a619a9df9dabe2c168886850f2b917948c67f61
SH563090,,True,True,b52924f2983bf44b2a8cabd74dcdccff111a069e48c1df847addf86c9fec9ece
SH563150,,True,True,afbbd81a1c5fab1561733c50d5a8149987a5520a0c3f60688fd2026fe904d7af
SH563180,,True,True,4748b07d43c2f632ea565916e0e7a039c5fc3da657b501aacbfd1cbe4765fd8b
SH563200,,True,True,b7bb0189346d5ac447b9af8d214b1a72ad16bcef50708c2bb1fb150a80a1d0c3
SH563210,,True,True,bf64188701bf92fa6686d61e7a07755e8f355cd1d86b9a2cfe1de04fa8c9d377
SH563220,,True,True,16bbfd1cf6e2c8425693c5a3569efbe859e18f7a0d7d658451b7829332dc221e
SH563230,,True,True,e58e001b3ff29a3ec65068a96e19565289dfebcadb208cb4aae056f61c5b1f2c
SH563280,,True,True,429daa392f02d642144543436d87657c7065a3ab7a45afff80827bad3b281620
SH563300,,True,True,d874d26f155b5fa8c5754f80cb57c8207a5594e10f2b56c745b4c2f33c927d2e
SH563320,,True,True,65a4eb62846ff2c016104b59c54bc330db5c73c9a14aae9290b31657ce89051f
SH563330,,True,True,4521648987b3cb77b9509ef81985e200523167e89fd4a3588f2b2be09dd694ba
SH563350,,True,True,614de733b6d22b45187ef5d14faf3facf9ea94f18cef4a7c88e6daae8b2d0aa2
SH563360,,True,True,bb136dc7da82c935476b631a786d0f45570e1b37f32266a998607c191c5e4d99
SH563380,,True,True,59753c75d592d45e4c9e35eef8ed78474440363d792957d405f3583d6792847d
SH563390,,True,True,c5484afb011810514af7dbee0dc16eab843caf988abacdd4f3db6938bc61f8c2
SH563500,,True,True,f44e0013a8cd4d749a375649f0fa5461a6bcf15e2e9b9eacacf50fc41e5114be
SH563510,,True,True,19e5d5ce4fcaae61a4fcebf264937af0bebccac79399867a90f9c89d376ba396
SH563520,,True,True,6d418674ed1d49f8fb44a6c9e7fd39923650594705008744a37c7ed054100bcf
SH563530,,True,True,480694b1b551d655238014a3a1a1380ce4f8781be2aee73c7ea891c68e158cc9
SH563550,,True,True,7d749ba9db5568504bbe330db5c44bda0a2772d219eaa3dc9982a5b451967b9f
SH563560,,True,True,95f695c581b03d03f16edf590a0e6fa183d99d94afaf02855e61d8f178891b51
SH563570,,True,True,37d0ff9ae70cb3a5ad1bdea71cdee76b540d1b28581c213f09bf3e32dcaab31d
SH563580,,True,True,f73f18af9dbec10219040efc9096888d106bf12f9c307b41ba9aed0bfe37eb4b
SH563590,,True,True,9fd39e5ae4cfc11107a3aa583a0ed84fb75c70fb60adae9d538ab293f331147d
SH563600,,True,True,a0f89803dce20d8b3fbaaf4c3d86205b85d39cb3685997731be7e15d8cb4f895
SH563620,,True,True,45ead28c31365b09cbf54e66bd2127feae7c0d431f2d26effc08e6b75a9ed2f4
SH563630,,True,True,a35e91b5412a801f0a0ddcb78779e74564b51ed0001128ea9dd261b8f5a28020
SH563650,,True,True,c40ed36f1094304e2a55524b9929f73f5adee6b39f36906b2d5c408b4a5c571c
SH563660,,True,True,8464eb27e93522c7b7fe8ac7158b291907ca428761e571c593547277078948fb
SH563670,,True,True,41fd0b3215277b1c28d47ad7d1f4b4ad3cd0b81247d3e749fb7eeb21000ae1db
SH563680,,True,True,35a852c951b3b26a0999b437174115a06ceaf0ef5c13f32063b1d25f72aab5b7
SH563690,,True,True,b456abda794f4749f76238ca8d38ae28bfa432f83aba562f9494a9a2694de888
SH563700,,True,True,1bed4c9c544eac1e6e1adc18c0abd6d1693ee9fe4b8c58c2b15e1334b61bf5c2
SH563750,,True,True,0f152d545800795ecd079ca1c1ab637fbbd8a17f1f119b423d9272064df24837
SH563760,,True,True,f57b53ce1684a1eb77e495a2b4eb56f4b50d764a8ebbc92efa06a4ca299ade84
SH563770,,True,True,11caf87a166fd888f68b5ef57dcac2d50ad28b0f5119e46927df2966eb2f34bd
SH563780,,True,True,5666e3d0305701afa3317633ff725908a18e89490ec3c5c7060fdf5eec0cf65f
SH563790,,True,True,a567572dc21d5609d5d55ce997f53dc099339bd3c12a79d3ebfa1f9c1f657525
SH563800,,True,True,b47bcf26ddba71cb1c784084cf24c2f4b49ce07ca00bd228b60d8aebe823a6bc
SH563830,,True,True,ca322fdada95c3dd2fea394d2e5287dc35a83fd712d328da856c74bdb5395cd9
SH563850,,True,True,b5eea9733dd9cf952f3bfa39271a3656f1828f11d9ff6dde6cb9c88c3f8f5a5a
SH563860,,True,True,911499c9e85dd9a765291980f044e40571aa4bf397ee1433d12dd7ce213f9912
SH563870,,True,True,d9b82f6b07c94108d0333c62890f2225d97a88bbd297c050045461a01ce1d909
SH563880,,True,True,8282cc45aa9dd74690b67a4b9427d59ac368db846d0478c8303560aad4a1dc29
SH563890,,True,True,74d2c0ac3bdfe43c79653c6ad3c9fa408f6d161918884a90bf0b0233099d66d2
SH563900,,True,True,2a3f265cc25a162ac1e50a64b1463bee552eeb29e7c7b7ce0fb70f0c65841d55
SH563930,,True,True,59311b5864a9ed002ddc2f80f535dd6e0c172aa1a62ec902a6a9ad7352ab1562
SH563960,,True,True,e079cebffa82b69f9be3a9734de6d2385b4373e612405fb84f77438d430799ee
SH563980,,True,True,7d88533f23dac45afb57cdbe80ac4de5315349659840814d383dd7ef8606225e
SH563990,,True,True,1cdefa322e405eea52984eaac66137a511db111f3bce70f0420062b56a247039
SH588000,,True,True,742e752b602dd4b035f664b4fd20e0390af9ed9346ecbcb97413460b369850fd
SH588010,,True,True,5220a76b35df60df64862907d09a2ed3963c47aa3f067262d7f1046beff86cee
SH588020,,True,True,7ff8192323c0f076fe0937400173f7bef7e18a601d7eb577a292fd61ea1e3bb7
SH588030,,True,True,e3a3cd67940227ea7494efc566bd0b650299ddd107b64e0c889ea9e7d70b6254
SH588040,,True,True,d9b2b172109184ca0e4d6c1ce0f9e2949d346192f13a4e9d20add9d9a8570248
SH588050,,True,True,f83a478593e9579e0afccd08dcff4ee89aca98b30f1f8fc7bdcccd13166856f1
SH588060,,True,True,a606f5687a74178ac53bc62202a945ac565cff1216475c1f86eaf8d00965577a
SH588070,,True,True,f7b2b888e1d3cf53475c1668ff20f4ad72c4ef56099bf0f92aaa05d1d15a305c
SH588080,,True,True,321920f64f43903922f13bbae70a48f4ea432cf9e69127ef49a2ef68c31b418c
SH588090,,True,True,b7b3f889017f1d2a681bfbcd1fe10dd07300356cef36bdee7d0d52ad23b2c676
SH588100,,True,True,c39438212b10fe1cae510c26155fb2b50d4a39ff21434c1385319556c09f379a
SH588110,,True,True,1facb4ef40f1d0a0df6e5620d01e1d38bf493ca64bad09069a0523ede506df6b
SH588120,,True,True,7c11c7b69ac13c748bd38dd53027f0bc2630c4140e6897781f8b2aaa027f979f
SH588130,,True,True,489862b835af39af69e174486514ab9f8a293d4db101ddb965cd9086795bab12
SH588140,,True,True,9eb2d8550b0380322f73b2b033337125043b7b07b3f8e3ffa4ce48e68f9c3d94
SH588150,,True,True,3a55b5b5869273720d96a8f50205a6610297eda6579358ca6f2f1b5033dc7996
SH588160,,True,True,4863423c6e289a2b14f4c3c96331cc885693a94db78d6c5aa1b2a0ce9b744a0a
SH588170,,True,True,b0f9d88238fd047659de2c5bea688ee0df17578606a8626f2c799f2bb77df0df
SH588180,,True,True,9a928a5b4e37be4422ea4ba543e66da0bc125c269cc92a8f5b23bf2ef19d55b1
SH588190,,True,True,f70880303e35688f46aeded6b38ef7670605970fd570833a883133223f4e172b
SH588200,,True,True,b8615874e20fc2951c76c7722b5afe54083ffa6c7bd47216b3a98048bf3bffeb
SH588210,,True,True,27e82cf9fd79205061833da80e8ed1f97bfeebe05148a3874cd73710dc3b10f1
SH588220,,True,True,689c2acc2ba1b0e86c5de8685d17f05f89a11bac6af2cf493d051ee7e966e5b3
SH588230,,True,True,1165720719cbeada9d2f0cd6588093a1170a9b22ae446abde46f741a962dbf8c
SH588240,,True,True,39a8e2018963bce17f7507471974b24d2335e6cb2787a1753fbf0c96fade9408
SH588250,,True,True,d1df5c8afdc852b6ab2d1c79e1d26cfae7aea9ee2313bd8c8a095bb066c4f3f8
SH588260,,True,True,2fdeaafa1f10920793f7483c5a9e7986758e0e32fe52792f1bf49cd23bc9372b
SH588270,,True,True,8f60e6d8b4cd38b5270af7d73677ac552d6422406a78cf4ec9006000d7d2f21b
SH588280,,True,True,16e743b36962b5c1cd9561b85dba2c2994ba7ed6e4576b73a5cab6488e7dddff
SH588290,,True,True,81ba58c4ead3d7ec0a82f6f2244bf0ae312edf64cb9a2aa029f11385f5b9cbb8
SH588300,,True,True,1d2a408ab65469d934a33e1d0fb5287a73b133e1be54d6519a648db694356702
SH588310,,True,True,fa55539a77f571b3146623c65d7b8932bec739a05d26e18dd2140a8c09ba65b9
SH588320,,True,True,c3fb4190bfaecae20d2a07e91a1ebf8fcbe83a27de0546b21effc0d73be6b3db
SH588330,,True,True,9f397d034b906374335db54ffaae1fc4f33126789b8f609c131c5f16eb79a5e3
SH588350,,True,True,89f8b90671444d724f65ca35764d84a6a79b3c89b9355a8e6df0376eb34b05ff
SH588360,,True,True,3189d76408dd9d3e05274653cd7d01b2652661a47a6bc6fcb172b9c90ae50c30
SH588370,,True,True,4e338a85fea26252f55ae0151d28e1c06edf901f959792c549bd4c85ac168038
SH588380,,True,True,9b96bb5ce96ddbc726837615517aa6132d920057257f6fc0c2586cd8396c143c
SH588390,,True,True,87fdda3eee49f542e9c27e1dfc2d1201bfeb9d244f909ab8eea3a4080ad8470d
SH588400,,True,True,e58d779d763dc71fc0f264898f955ed13034f25f965087370206eaa16381baf0
SH588410,,True,True,388b503050c27428563b9575b4bcc82978c283057b06058efe7d9a1b08526522
SH588420,,True,True,66e4aad5615388788c216c2e694717bfdefbf3012c8db4a3a6d7529438246281
SH588430,,True,True,126a7dd66cf1771243f2a35a64bebe14b955cec9b016f352742518fe143c0447
SH588450,,True,True,7c4c67c2a45315f16889ae6b9a1dee9387dcc3a149fd100e509db8bf169a396c
SH588460,,True,True,45f13bae92464fa707565dc27fab2e7a2c30ca4852b8e0d0616eefef628c9441
SH588470,,True,True,2fb5527a88c8b3e925b58ee824c926b77dcf46bea306113161936b22241e9748
SH588480,,True,True,61fe61ff5d184b0b4a14a6ca21c3b1fecd777fcda3ddc5154a9838889833b861
SH588500,,True,True,5780dd7766fec4f25596f67df81f771b1bed56a7a6207add0b85135acf7faced
SH588510,,True,True,cc47b015991f05346e696e5c78a16e8c160c31ed1d813dfd856027736d2fdef9
SH588520,,True,True,1e2648b5cea86e327b20e26dc8f115a82a67aa3683c1044fef059dd07fb3417f
SH588530,,True,True,382613e7b68ee27d56d3b125b5fce5947378fe70c3a163e60dbc0e7247cbea8f
SH588550,,True,True,75bb7c40c45d70ff34e3b30354d2666ce695a807ce507b0836719742766d813d
SH588660,,True,True,38bd2e564a6785d446536b51ead46d22d57acac9870a88c28397d558cc405024
SH588670,,True,True,5b8bb0bd0c46950683770e6aa7bd47e5a5a3499fb17d7052cca798b40fd9443e
SH588680,,True,True,d62618841af687629f36ade4b8e3ec42348043aceec5736817e1cd908690f3eb
SH588690,,True,True,07d208879464f398ddef41c0de1f90f5014c5731342826f57f0174fa58d00c15
SH588700,,True,True,79bf5c8b225f44faf0c88d00175a73abb9a20986b9786040a6b5ccb5f97a6096
SH588710,,True,True,2ae63e60b24b289b83e626caed3e002f1d8f8982f4be357aa354300e823b751f
SH588720,,True,True,d6b808d95ca4176c075509291693c822808a7355087e76340c081e12b5ea158e
SH588730,,True,True,8f5174abbd34465e1fcc8108e3c4cd0aaa10d818a9a0d1bbdcadd090219d75a7
SH588750,,True,True,edf05671d2e03f3259c76cd4449e7c97ca52d234890bf2be3a1445ff4ef4e463
SH588760,,True,True,f6d91fa66e8c9feebb6b5dced9deca662996998371b6898310179fa3ff913e9a
SH588770,,True,True,54719dd671e58244f879819241b877da59194586bf19ac510891157daad40579
SH588780,,True,True,28f2753d7b8d10423a26dcf663bff3adf5697d7cf9b4b25a2dee5d049a9db8c5
SH588790,,True,True,115f3ebada8f090bfb19548823295a27b243f10801393794796bf2b04d4907b3
SH588800,,True,True,332659b1c2d7c243a64b408a4497ac0dc855f64f5e0aa5ded77d634effb82f14
SH588810,,True,True,4007ecadfa69e706b351ac2a88d25a5c16134696202d75a839c907ced44c8f55
SH588820,,True,True,555176a8eaca3884e75d767d2796cc9202e7c843976d194bc53c31a29be434c0
SH588830,,True,True,133237e8a5d9bcabcabcb57ab71344adb174a1836e52d810a93467b8f1e23931
SH588840,,True,True,f232698f5272a5e6128909abb5c28a0c96fe37a7fb8d940ec83db55cb44e7755
SH588850,,True,True,5b6181852bea268d0908da3d774032bde36c1fc4656f126a875c9aeeb0ba5ac1
SH588860,,True,True,cba70a2d936703c3c6b4590b046efcb2252c1da312a57439481a57de043f937c
SH588870,,True,True,c4336cb530cc76086696dbdeba46893f6fcecb17eb86eefb70e98fce6a1f1e01
SH588880,,True,True,5ff41471829fbb53912e499e325bc8bd7d1609c5b39424d266001e5ed6e3d261
SH588890,,True,True,7abd3315e6ec656e790aa052fff9b05db35437149c80da740ea55dded722a97d
SH588900,,True,True,0dfb7f7cf829932be043211f5b33c32914c051bf29eae67d6444a2e51c92d6f2
SH588910,,True,True,fcf56aa396cc65ab481eaf2b602f4b14e21c92017f4913903ba0a106e9827e29
SH588920,,True,True,79640fe87ceac16c933b0743b5d12ead78999069bc573a42ff5085cda3091c50
SH588930,,True,True,091e53df7c18279724f5ffbf98132900c280a2e41b46cbb28c714bb53fbac859
SH588940,,True,True,bcb380c3705e000fa174a7b739bd6f4ae0631226c17a27e3e2af39816efc611a
SH588950,,True,True,8e47779c70aa2313c52b400f8f98fc62a4d49657fd4fda56efb3a49b6fab0d13
SH588960,,True,True,c583020cc42cde11011deedf5d78d004ac9259f3d43d746159c68d1720f6e790
SH588980,,True,True,db986252247e64017b9bf688e557e8ee8846f4be19944ede94616bfc745e573f
SH588990,,True,True,479c2d6a5f26c37dac1c72dfbde601b851f0d818e9a2be50d0a931703abfe58f
SH589000,,True,True,f6c1aa83453ad307da19e6e4ebbd2493aa45a753d2d029c01ede6715109cdee9
SH589010,,True,True,95b42a07584c0f2c43a47081c0f58314707623a4890b849e58b33b75b9411a11
SH589020,,True,True,bc8dbd9218bf40a84e12d26279b2d8e901c86ba65e8e10e976672216f86e7f1f
SH589030,,True,True,e2c542d399dfd2c1608ad90b933915bea7401bf4cdfe863cab919b4263c86704
SH589050,,True,True,21445e4b464870e039b543d276bb0bc24bbab4e3e1f5e560a1951c59ff3309fe
SH589060,,True,True,6539c0b5decc60c207592010bb05f897dc3354485e364b88261d1d6dad0156f2
SH589070,,True,True,3de9ec4e1c5d4e0dfca8d100ff1c2059e5931c2fbe19accc0e86244d0ceb9d50
SH589080,,True,True,ae5d314919d4be0b76076304435e217e929b4f574efe6dd743a6f78afd4b09aa
SH589090,,True,True,62334801e67de394ba7e19efa4e722cefd43be586e4df238cf6d783d1d77054d
SH589100,,True,True,d73bb179a471f01239e3b4a783b9a3112f0971bc7fc65e103f21217e426be2d9
SH589110,,True,True,ab94dd8f923a25c4b38e85a5f3c1f6c85ba5fa52326c1a5ec967ade446f0cda1
SH589120,,True,True,72ed206974cfe09836e3b04ed956b0715c20ec0ede9d9153bd25b2a326a31f4e
SH589130,,True,True,444f576e20bfa1b5dae6323ef648c7c0cd75345a89f492a1ff7456a2953e30cc
SH589150,,True,True,8778eb685b2542914d9808434e5bd46dc1d5c30f4ecc3c522ab37dfdc0576131
SH589160,,True,True,37963ffbdc50e0334cde5f945bbdb27c677f08094f1be23de237f09cab0d2864
SH589170,,True,True,59c1adf1eb2f0eff82ebd5532c4b307466baf69af01a73e507b8ac498743eee1
SH589180,,True,True,5d4fdab1138dfef952038fbf5100559e052ea9ba02e72de8918cd08243787cdc
SH589190,,True,True,903d98a2c84a36bb8a247611d42b514f6438d41fd4ecb6eefee3d67a7ceb2e64
SH589200,,True,True,4c22abf59ebb46ade6514366dc0aa5713a83d265a7c1101282eefb8135a0fb3d
SH589210,,True,True,c7b30e30bd55c2cb4390cbc1744b06623dc4e4a0a09cd6ad1f1268eacea0e1bc
SH589220,,True,True,69ba3618a8dc42801c4eab824de1b9f735b784bb9bb7e745941b5d4da741be00
SH589230,,True,True,3ad71e51fbc6c6c3ef449f8264ed8c2156c47bc93548cd1c1fabf9a6fb3a3e2a
SH589250,,True,True,3dbf79b3fab5c2c3abcd68d10bb123f9b5b7fa84e8cb81b58f5b3848eebf28a2
SH589260,,True,True,49ef35ff9bdf014a8ac470fd6f46429ae2c48a6c435caf6496899dd850bd2f76
SH589270,,True,True,cc03e07f1763cf17daf7be73462d254d7ce3ad1a29bd377b76ce74fef196ae64
SH589280,,True,True,2ab91d5bdcdb7dc63738c6a8f255b7d725c0bc1f2b009924418e09c0b89e7cc4
SH589290,,True,True,2ff4f5700eb1f9ad14e708d3dd21b8fbaeba1b7da619f60ee94904e5bed4d8b9
SH589300,,True,True,9e0b84ac64d28ad819e3552a40184015887547d1a1c439d9e020869f9a3df56f
SH589310,,True,True,f03dfa39523e42064d77b1a54015284b03368b240b15baed8c2f9fad812ac3ff
SH589320,,True,True,bc60cd95a8f5764a0dae5601b332a77762aa8267e1f62148ac795721857a1c17
SH589330,,True,True,97def6aa49e64e2232baef96ffc21653ec953018c0fae898d2b210db410d654c
SH589350,,True,True,8828131b2fc400e76e05c56c1f40febae7e0afae08d738e00dac198c3479a6ec
SH589360,,True,True,040f7514cc2a7a8c031cb9f33e0948a31e5f36f952f6dbd0e138df3daccbc035
SH589380,,True,True,3d3d02bcd60018050f8fc3e912710f2708921dd2239e1700cde0d7ba04623fd7
SH589390,,True,True,e6e3feb4c3ff16575d8bdd03c714acd44032ff6a6108712e354cc49f3bc538b2
SH589400,,True,True,f3424bf35f7b3d0b6d3f4a2e9b5196b4ea9598007c5761fb080bdcef426b342d
SH589410,,True,True,4609dd312512263c4da7eca932f79ea5d41dd25aaf5c62e7932fbba47c1ec97d
SH589420,,True,True,006b78b05ed8b7efbcda3fcd21b52636e368db63c70f1d0eefa6c07d3eb859c2
SH589500,,True,True,56d963265306a7dbd0dd4b04e10f5d970d7700f3eddf823ac90c77d2fbe868f5
SH589520,,True,True,4e17fcd870d8f128443bd3dc3920b5ac080d8b4a68c37c06ea3636b4ab654a0e
SH589550,,True,True,57a8fd9554b141f115a60ef199075846cb47b5f826eddbb0a9a5c958cf1252d1
SH589560,,True,True,abb86371154ab8cb49325c79ad78bd9abc5674e27e471521f7a6dac08b7fe44d
SH589580,,True,True,a5b5186062f524832455a2f6993069e6bc9d89881683886b524e6681c5b0cae6
SH589600,,True,True,df98ad0c0dddd21eba30a209ce7080af8fbdedf984f0c1998efd1d94f859dfa4
SH589630,,True,True,14e7e9711f18eea45eb1f50bf7b2733820d6f9c770d2e31a9780fe4b74726d3a
SH589660,,True,True,fc2105ade6039a887581b525f74971f681ac475d2830814c0d5f8bd8bdf06856
SH589680,,True,True,c603ea4a2f01f9f59909c3e35fb29a8886d4164e36a6ec5ecce9ab1f1d106ff9
SH589700,,True,True,ed6e8eca2f57cfd05fc1c55dfaa6e3f8e932ad8e378082b911d3a4b8e9ff7be8
SH589720,,True,True,28eb5caecddf3a04c9e73eee55958d35fd423213a19300861b79916cbe1597b1
SH589770,,True,True,954ec1b1325a59bad161526b673685fbd88718c5d32894977237b94e141e3da3
SH589780,,True,True,c603ea87c95361ab3d53e0dc7ad5b7f69cb43b464680ba41e1630c2891e5a528
SH589800,,True,True,8970c6478dcbd8f6ea33d41d4f7d9e2026019e1690d84118e8c229d34ab7de0a
SH589820,,True,True,8594a619362351c3e85a8eac159ba48cb915662566af81d9bbb9e22b93726ad3
SH589850,,True,True,07d685a8a0c1bc53fe2827d200e4710070cd8d6e9e8f1785479b028a9ccc278b
SH589860,,True,True,2cc0b604c926aadc5f28028f03a38ad9ab4ccceb15c732f5fa803ead8c5e5fe7
SH589880,,True,True,1559ab0baa7309b031937a4d2c773918776c62c9d3817ef6469f042b21d96543
SH589890,,True,True,77b81c168639f31b35464908f8a251093071e88430db36ec31d19cd0def2ac5d
SH589900,,True,True,864c3243caeacfaf6e3f69814380c2c531bce5c3fb26584c99a599a2dce894d1
SH589950,,True,True,909f3331d51fadb2cfa3665f0f186431c42f500dad16d9ca5764b85e70b94b4a
SH589960,,True,True,38e6fb008b1e9d1ecfd0538612da23c9c93a7f4262376eda29b2596cd27803ec
SH589980,,True,True,585e1356103de53a123efa71c326608e63b9d82bcc9eba1ea79362ca6dfd1135
SH589990,,True,True,cec2097db4619db7d30ad0795f596288a2d846ff6c40ac4d29784cefa72b09b1
SZ158006,,True,True,b7a1c587ebb89586b7d49d86e8cfcc0b275822e281c46d84e1d936277c6ae076
SZ158009,,True,True,4f686a6e6f52902c370e4c3c2202a60c60f86ee3e8281402c37a72db40a7c0fd
SZ159007,,True,True,ef46b4da05b3f4aadb1b7934a76fe4bc1287170703dd5a6ad3797fff28e1fb2a
SZ159008,,True,True,a7ad4d67b7f4075f3f26a578ac6acb1e66551d86de7c59e8fcb4f8cf6975bdae
SZ159009,,True,True,9283c61d1528cd443c8d9afc5a13a5d3e1aefbeade94ef5e547fe4594db06a21
SZ159010,,True,True,fb49333170c2c9d66928c1ac355a2fa3165ab9e1fcadc7f4ec8f1d9c7d05e9be
SZ159011,,True,True,2df92d362293e061e3ff90716daa3ffb4a92a5947ee0f62b566b7a1c0e754367
SZ159012,,True,True,d499ffc7e157225a03114a24be39b7b7471310fef428741a4d55c601d5c6dad7
SZ159013,,True,True,59a3a8f4881eabe294b12b1498a03818f5bfc02ab002ffd4122e382c15c923be
SZ159015,,True,True,a7199604f97579cf5dfe19f9a36de9c417e87c539cf72ffc80b23d74fbd88ef4
SZ159016,,True,True,0f6a3df6ba3c7f8853fcb32cff460bc63d719279bfb914eb04af2f07603e24ea
SZ159017,,True,True,fab1b70ccc074173a14eac163f2a1fe20ebe2cac0f1f8843f08c17c8c5cf9b94
SZ159018,,True,True,19c4d8661a625de9c394ab23070a45f23efdad48f21200f2a52c58b409a676b5
SZ159019,,True,True,9e904794331d185aa439b653712b887d0a8c2c52efce6aa36bdff0e5b2cf945e
SZ159020,,True,True,844c67a67ddef6c9d517e78ace200cbc53ee7a6158a7ab038a4cb530a3ad7203
SZ159021,,True,True,e5c3e00b1273a72b43cd8de3a43023151d7bc47436fe4cd00c750fc389c00315
SZ159022,,True,True,2a4a3f420170e3318488cbb09384614d70638f6a590c92b8f8e5e8eee6e4b31b
SZ159023,,True,True,937f66de329f995b43e17b1a1f3e0c8ac2959fa451564a6fb4355d8815f6ead2
SZ159026,,True,True,9bbae8563a3b4eda108e530d070fa2bacc051fa6c41a5766c2000927890e27da
SZ159027,,True,True,e3be1663502c9865622936723db00d09838f83e5bd813cf10c27f4113924a0cb
SZ159028,,True,True,77cd054137fb44b0187e0697cdba48994714b6654dac64b5215cfbef10a15968
SZ159029,,True,True,5345515cc635610effad530612d373fe8c942781788dbbf22d1234882a17d081
SZ159030,,True,True,23beff018b1ecefb9f7ee2786b5ac8c633ecdd0dfc928b1ac9922fd19e57d3b3
SZ159031,,True,True,658a11f8fc10267487b09f81f2db04b5321328bd937aa16e7a5b62db3ff62631
SZ159032,,True,True,6270d18bc8d526611c308f35705f33451aced1b1f27f181301b4900074f437f6
SZ159033,,True,True,ffbe7962985c2b724a3f439d1a5456e0d6370a475e0a7e619fbebc9f65c9e7ab
SZ159035,,True,True,b0f88bc5efdf8f52c3c87e9caa922e45fba539a25c30a99aac7e77643f724895
SZ159036,,True,True,941bdf9ef681617362fdee5b33e97953e8d8859430eab15087c1bb29f8568d98
SZ159037,,True,True,acdcdc83a6869dd0e60b17eb783cbe7a74ed2b6d8ce3ad6ed2ac32b99579d8b2
SZ159038,,True,True,f8f9d3c270aec474fcaf44e78135d80accc8bc3af889dc265ab6a86def7e19fd
SZ159039,,True,True,7c56f54ba70f37c4ba901c5276ffbc013f9728cc8fcc0fbbb6e4a0b62b9dd7ab
SZ159040,,True,True,95543ba870cea7919ccbf0ae1343573754357b270567215144c330eea909c9ef
SZ159041,,True,True,6b6e20da300a85ebc08be333b076b2b9e051d15ed712c5228363ba3f75af5595
SZ159042,,True,True,9d967bbb40249f22816da5b4c4bb5095154a64883ca76e78695d49d8b92b5925
SZ159045,,True,True,e5b67a525bd655b556e5b875ca295e2c30d990b1468ba1f096f3b97e40baa728
SZ159046,,True,True,edc1aba76d632eea9da68e46b4124ac2679bbe591cb8c1b5b43e246c2cef878e
SZ159048,,True,True,9a87eb4ea5d253c9a0362e7638ad323a3a99c238c5d30609297bcc41261be11c
SZ159049,,True,True,fb17f0eb144762d98ef7fdd5739c0b68e47cbb7ea692e1bac732dbbc489b0850
SZ159050,,True,True,4c2e1ae9f37b42f882f679e23bdc01cfc7d19fe7b2f68101a18882f8c6a9efc4
SZ159051,,True,True,ad7572ea60b917a65e74df62cf8919e767d6ee32b327b437df897da39240c4c7
SZ159052,,True,True,53c1a95d5074faf2aba1ca9b289186cc3128d7eb601e5621fafac42dc8470578
SZ159053,,True,True,f51499c47a59019e7144588cc11d7b3ce5dc58660782c122d2ba6132c08d89a5
SZ159055,,True,True,8e6b7bd1558787b9f0aa3a387cf0fad32e24294838595a93611879a0474df9a8
SZ159056,,True,True,7fd0c727dc4202d7b38c251849e70bac7d5cfe129ac0f97addcaed94b8f10fd6
SZ159057,,True,True,6499748d7f00f3d3cb25d8c3c3d52a3e9d92b7420eeec50b78575571ba164cd4
SZ159059,,True,True,c6a13509087b12780e3c6e9dec4dbf8bedbc4a1c3f19c9e84844b4f89971cde7
SZ159060,,True,True,dcd1a308775dc349af71ef93250e0d34af6b06523ef6155df2818e35964cdbf6
SZ159061,,True,True,af7a0f34bdc466b87c879a910ed23fdf8a40bee2dc82d755951842127f385efe
SZ159062,,True,True,ed8b984e703ae9b9367e06a55fc46fc6e3425d6a944bca6f8ec5145d082277ae
SZ159063,,True,True,c7c597779546d9f15c18b32ec843f7a47ced84e3466545fd200d805d07a11f49
SZ159065,,True,True,86c9511c315b847536a276a3d23c5cc54d59f68e4a882ad02fb4932a588be09e
SZ159066,,True,True,6c1cc3bb3eaabc87c1cc0fe9ae18824219f6bee32c09d97f217cd9ab708c3cf2
SZ159067,,True,True,a98b1ea93ec1b07021825fd8d02edfbe9d877b4c450186766ee8128306338bd6
SZ159068,,True,True,2aebbe4e4ae3f7ef734d624bfe2810ee28bc7d3c24c3d5c93cb404c42d4645bc
SZ159069,,True,True,84a16e0731b3cf2ff66d132747153df2b4e4c2bcdbf1a0ac4b26f125b3ac6ffb
SZ159070,,True,True,659b17a4baa7049e00c4e5085e975f61e32d067d1073af75c7370f3b206830f1
SZ159071,,True,True,578925fb228a60a4fcee843673ce06f891363169a941b07cceff52f6ad044fc1
SZ159072,,True,True,a7e346e6e4d594eb0c043aaf2668fcbd230b161fe752e0deebc0f0ded0bf0f7c
SZ159075,,True,True,f936f06edeb4cfdf5d62da571309ede954d51ff7a6f70134e7231163afb676a8
SZ159076,,True,True,3b980ffd80890cd076ac7492c1bdba37c54d7278a3bf33411e419b656f76f73e
SZ159078,,True,True,a5bc849a264c12acdb24d297e2bb0453dd4e0a50342f8d0d6d53b53b554094a5
SZ159079,,True,True,e63e28a835014633752ebf8125517c70415df1bc0f1e5a6e2cc8ef464e00ba76
SZ159085,,True,True,14b7212063dea1db08203a08a50ef7297b1ceba4d92a0d9742fe3a3163e8d1cd
SZ159086,,True,True,fd3c70094c77ca5ea59622217415bdaa0b641a6680c3958638cdbd6c384d0855
SZ159087,,True,True,8d3d806e8da0dbf1cf274e26f51642013920d89189e2842c44520ec6c6f39231
SZ159091,,True,True,87b233fe8fcd2e197804935dd16a88c4fbae893376936464c8fb5d971292082d
SZ159093,,True,True,2f8477c7e87adeddbb1bb1649dc438e8e3cfa00711dcd5821f6656651e49b5f7
SZ159099,,True,True,4a92c6ed8a02f7aec4a33715ff8e9b9665ec6612f571e76230e31d868874dcbc
SZ159101,,True,True,ba9348a3151192a2b3ef92ff89f34e2974b0ce4373e2f4f6f6bd7471658ebd10
SZ159102,,True,True,a43e82749033f93d6f906c510310ead72d1c18b44c9749cc56170617895f1a0a
SZ159103,,True,True,154fb9044980a9f355212113cc934b4785e5716b84a9359c3b70ad5bbbabc00b
SZ159105,,True,True,a3e4ee7ee59ca4865e34c083861999f134f4fe34a20f773ca7834ff090d8ffc8
SZ159106,,True,True,a53ac1d6ed2781483360bce1339198a23e9969409991f112ed8247246752a6ef
SZ159107,,True,True,8e2184f02de9b02f94d9b77cc4aea1751fbd432ecf96d8a140b00611e1ed5ac0
SZ159108,,True,True,e43bba510d67c4ca24b25215808d1eef055e485a037b376467fd61b90dbc573e
SZ159109,,True,True,abb004e32e55ea3956c859081965fb6c3ad9d096e062c7d41026f06f467d4cc6
SZ159117,,True,True,b01b262d5487b9e2083b4a4f15c4a930a849ba1616752575e86e447dd3a60046
SZ159118,,True,True,fa5723565afc0acfcbe24a9fdea21361c73182baa51f1f6a135fd44900832a30
SZ159119,,True,True,9dcbe42d5ee384e44d1ee9cbeebad150a9c42d500b512ed6057f3a83a83b423a
SZ159120,,True,True,945a76bfaf625482ff2c866710f2124d56ab453492d5fbd3e04996e9f0b05596
SZ159121,,True,True,de635426ec1df15eea91aa0f0f458768455aceb82719d217e9e5541b7f3de158
SZ159122,,True,True,fd7b6e35ec946ad2da48a257034fe650e65b4a103942cd373962c22c5ca63714
SZ159123,,True,True,a5f2708f73b67413b698e665d4304a6b158d9329e0583bcabb7a3bc83985ac73
SZ159125,,True,True,a0cc1cdfd619582614f24ce1e46e8384753eb2e18943e152bd279ac3b768a4bd
SZ159126,,True,True,b18f74602f2502d8d2635485c6443941d98d3e73123330056b10aa81edfc09b0
SZ159127,,True,True,8204a04c53d52d6400d58162a18d9c7c3383e99d27efb82c42327028580e350d
SZ159128,,True,True,3b6b2014d56e9e167115305e7a1f05fb6b7668849f88e272195466f94f4a86b4
SZ159129,,True,True,14d7469068feed81b01a7e20f05742278f73bfcb7357f07a65aac5e8330989f5
SZ159130,,True,True,09e57fcb1f0b0fcbdb42453c3ff1cab3c6d8b6e723a5464e6dc152d9b9d91e6d
SZ159131,,True,True,82a8276156de655067d694d18ec90f9182c925e2d72c43142778e55d897d2cf4
SZ159132,,True,True,549ecd715d30ac58b5cf6781aae593420412f8a927d6e82c79db0f6e4216a093
SZ159133,,True,True,db56010ad6fb1cc4fd5a66a3bd3440a2897ce13beb44fa7e7b96c1d5e378893a
SZ159135,,True,True,62eee17ea91500eb2ef6723990766673bb01b06f500ca18652bc523dfaa144ae
SZ159136,,True,True,e47e637d274a524e3805593a4e1051f457d4d4a82a47cc8359173f6b9f7bae38
SZ159137,,True,True,81e12f8c5645aa40c66599d37b13396b4314b4107b426342f54652e7d20e4246
SZ159138,,True,True,206fb912c72a1fc8d056b003be8dcafe4bd9956bdd07a58fed3025f3f94539df
SZ159139,,True,True,c78c1dcbfbcdf03b323ba62d1e6faa75fb54497c9f9f300ff0becdcb3288b277
SZ159140,,True,True,4ac5a8a99c50796c4669c3d4d4bad1fd42c54faec1356f54b82a1876beea354c
SZ159141,,True,True,df5135c474799d6672705a27c31541d8c3cdf9522c6374288b3f2263b03fe13c
SZ159142,,True,True,3d317f5d0a91c2fb7b4afc476308ca2e354adb719743f9c6020713fcf6ad5b6d
SZ159143,,True,True,bdd6aaa28010ba845ff4631932145c4528e77e2b4f85aa8916a153ecb22cb833
SZ159145,,True,True,62054c20d9896268c075de40149836a4060a934fa5af214c68c65175bb39a99b
SZ159146,,True,True,37d6ffea0e54ed8b08038001dc29e8b82e0d4d37fbfffd42c3ff7336d299eb88
SZ159147,,True,True,ebbb85ea5287e6b9cc621c6e1e1761970790939dc205b38504f1d20891fb2408
SZ159148,,True,True,855c65b31629b5595a4acd2ac19cf5381470d24962ef545f35f9fb87b71e77c5
SZ159149,,True,True,dd9aba7a060bfdb74b4a9a57ed8114227a8a07c7ec53275248d294fe1518ea20
SZ159150,,True,True,70ca4d2cc9a0708454515aa2e1ef9bcf7f1cf702d4d3c43b28c48951e251d636
SZ159151,,True,True,048ca56443e3e69261f963acdcd2e8809aac45669ccd73f73f03d936964bea01
SZ159152,,True,True,c9184504bd054102eec812540af192c6a8f2147c38d0d1732ddcd335cc21d363
SZ159153,,True,True,ee1f65bd6aeca663c71414c89791aad0fdc95e1d59b5b7ac63c169a08f4618b8
SZ159155,,True,True,91bca54cd61403f77e665c29188cb5aa7c4a8ac0844d15e3b1498f56769a9ec8
SZ159156,,True,True,fb7f944c1f097172c10132f5bf1ff6856bf37173f392ec06ed4d0b9539713ca2
SZ159157,,True,True,e213de67508c650fc692c3ba73a90cb09e6d4e25f8c88250f31e6cd584db1558
SZ159158,,True,True,f198fd2d08a944e0d33eafdb14940363fd78eb06399054074084ceb2097f33d9
SZ159159,,True,True,239bf93f76fa4fb4040d4adfea67b7f1b1770e9a1bdc16a4f5bd2c521891897c
SZ159160,,True,True,6159a5c50d461845016112563b7e60e448665e385f8846e2d301a51abc1712d8
SZ159161,,True,True,c3d41a6fbbc74b4e5f93aa487d7579792a953c9b744a474f3695753c7027ce15
SZ159162,,True,True,f171c71f06e56e88974c0582cca7ce351259c5fcb594abc7f1a0e64dbeea835f
SZ159163,,True,True,d9d0bad37b3a401ace87f968880f72b413fdeef71bf7723d8cba97054de65506
SZ159165,,True,True,5cc7dedfed26cdc37b8a04f3edef2be723a2b587f5f9fd272770da6cbec9155c
SZ159166,,True,True,0edf4703ca7546b4814e7df0788afc75d5f3038fb487f565650eceb4c695b124
SZ159167,,True,True,e729e3c395c439b61237e6a603234fdf7b8eed3ef13975be87aee1fbb7b1c678
SZ159168,,True,True,81e337ea49559b364e6fdfb7e5829ec4ba2fd470f7ce627499171149e97109ad
SZ159169,,True,True,ba8c26e26c0cab417e9f5b740ca57dd9284e3f73a855d03e8c3bd85585355aa6
SZ159170,,True,True,6b32180003c7701ee705f0b51224e2dfd2fee971f81eacf7ec2a735d9d8a016b
SZ159171,,True,True,9ec3cb99b785bba905bca4c64b2f2e8f96c246db10948eafbf1885dd837c3ff8
SZ159172,,True,True,988cba5e869d7d8f52735bf19cb9ae46c14a797b73db1520a62cc30366ac7904
SZ159173,,True,True,4a5b08ef812ecf08f9b58fae1de6ff9536a1669b7ee0c632af7b1093f0b971e2
SZ159175,,True,True,0c7427b1915b6f8efaa91d9902be03421c43af03c135f6d0cffd939922c55904
SZ159176,,True,True,afcc7550080115ef212b633f0043d525e92993bc6c1e33588272416b45113b8b
SZ159177,,True,True,941333eea7938e5d3d57baf18a0f70bc687eb151d95a75e418c9ac328cd41f3f
SZ159178,,True,True,183b9a3af76dd7f160a6b6a87db81fd23a14e1af06e87f375ec054e32d881601
SZ159179,,True,True,aaa8ef282af1961a50468425efcc39afeec2e9ba5c6ae9fa327e31df2332473a
SZ159180,,True,True,81a1f7a06e9157c3e40afe8f57985fe5824ee9a30fa8523a00920d01f3c0b9b3
SZ159181,,True,True,3a268ffc5cd69faedf59b1fe46dfc35a537e0c015cf65a102e4ba09c982adc32
SZ159182,,True,True,587395fccaad371f9f1b1c31f1674f4ce794b0f5db4653a49d5464d1766566c8
SZ159183,,True,True,fa36e093ca75398abead8d92fd258060e52dc287c6aee117c88a50fc190c6977
SZ159185,,True,True,372e0c094ea55ec58d9b123c22f324ed073d0dcca8a6f43a8cdc7089d2ffb242
SZ159186,,True,True,f325113f2a2e112d4c650587b6ef64c105022aa14cc5f91ba8d40d74edf1a179
SZ159187,,True,True,8ec0c77e75f50cf89d5a654696e3cd41e955eb0670b9ec832a5317975bb72bc8
SZ159188,,True,True,53932e043cfef7c5154a455632f1e82c33eed041ecbb33c41bed93c206e12c4a
SZ159189,,True,True,1e2ad60623809e24ad6fba1ba2724c6e8d83e3c79b858d90f905a584fe30bf16
SZ159190,,True,True,3e6693a6d77c6bddb9676d8440457ce9ccf30b2a26594fa63e5c628f512f4ae3
SZ159191,,True,True,1dcb70b2dc41252f57119051756d8d1c4ed6b9aaaebdefccfd3db640d8266677
SZ159192,,True,True,1b18f2bb6d2bb5849d034c8e10daba56c91287274f93f380a3eb5f80549b5f07
SZ159193,,True,True,b6d992e0bfd202033d2f49fe021b401744fe58936579632a4bfa08da2840f589
SZ159195,,True,True,8db5a1754f1617e2e4918199f1892964088427452b6e3cd5f6a615a707178942
SZ159196,,True,True,5bdb52e47e42d8e3e6ff30660bd848fa308d609755aea7a88273f890e52f0d98
SZ159197,,True,True,7777747a383f87406a59b66faac109b2f3efc47fe77f9855eaa7afdb3123cd13
SZ159198,,True,True,269358285254e0ccecc38981bd92677e02ca5d831738eaf7f51616c683876388
SZ159199,,True,True,e122b82ae8b168e38ec112d7dad1c56d0a876ef7531deb6dc1844899c07cdc8f
SZ159201,,True,True,f1034c198f2d2d74f15a21ee8b7a2c60568012951a6f5bff5105db175055da36
SZ159203,,True,True,7c2ebf03860bf0d950717bf7b61931e0ecbcabd96e30855f70a8155153d7e188
SZ159205,,True,True,575723e55ce58a2463ab4b8b715c2e2df4166de8a6f66a6ef34f37af232b1d4f
SZ159206,,True,True,f6a9dad6551fd7ecee395fb6325e770bd9dd04505a620afbe04bf3a2a4f54ec8
SZ159207,,True,True,a36be88fd29501acb7685bd974583920284075c84b535719dffd074124138956
SZ159208,,True,True,38a67f39fc148e440b0e359820bcee7dc68fd64c4e4d9bf38de30f53b8eb2a00
SZ159209,,True,True,8ad5b5aa824c694f60db77ad5113cd7f2bfbbe052d3bd206cbc734b04e49d62c
SZ159210,,True,True,6a07889cf6c122b7fa8405fdd6c24bc472bb232ff0e571906f77a1e12f9b81eb
SZ159211,,True,True,8fcd8945564a29aa56d33f26cc6ab4dc55cb4ec44f596ce7823301d6f588f986
SZ159212,,True,True,5bbe68d001f2cf9cbaebd0a53b7716a492533609d41a1b64936cad250e7b291d
SZ159213,,True,True,275234429c813147202f75eddd605e355f32861ba4e95c9b1e65e109f4d2794b
SZ159215,,True,True,5b2b49f029c5069fd2fcbfa8b5a07595134e50c13b38a38e995333d951983323
SZ159216,,True,True,661febaf2f72766f0dd765dff90466a148f96a971397b99de81cb90e2c40ab29
SZ159217,,True,True,396b0fa62ba91564d39d03ccfea2be3baca640e1058874a763a051c5892404ab
SZ159218,,True,True,9f0fcd45ba70f931aecd641da34c45b8b629b5e5d26555f02b357291ca7b4c71
SZ159219,,True,True,c96115d3ebe8c493b0ad3ea21edd3dd1b50ce20f404f70cbd6ffb17cd253974f
SZ159220,,True,True,06dd12e0c12de2a02df8c8b4f02d7b36f4cabbbf16018beecfc7a6e79d225646
SZ159221,,True,True,6cb5b8938f4b86fbcbefef077341e32e80f4656c11883d519bfc55b2bf4db023
SZ159222,,True,True,f322d6f73c197a9b490757405adbb95508ce65104787e161feee3ab52437ace1
SZ159223,,True,True,15bf68c92c888b79bf5c23432fcb71c3ae2f4fd53dbea413bcbf32ef0f10d4b8
SZ159225,,True,True,b371e2c2fe743083bf0097637efd4a6c29fbfd84de703f28f8eb9b5d270cd9a8
SZ159226,,True,True,02122dc547b88f2b0a38022e76f17d05f113f571288f6f2a1df5e3c7d425b3d5
SZ159227,,True,True,5b211288a289c526d07bb3914914a7d6d7412a16bce83633edf15ae40d22e954
SZ159228,,True,True,1a3820aaec55f54e3341de0eb24fc53bde03694b25488fc1492ba0fa06aeafc8
SZ159229,,True,True,0b65def91fce23c91e314d127832891e5ea0e2146165d4ab4597f77b3e8e7580
SZ159230,,True,True,210dd45859e2cd1579b1ea0a7fd4d6d62c978efbed5a8beb4e2a8b8269c1f5e0
SZ159231,,True,True,821630cdf1161b75f8be9564edd946a080c6ce869cc6156061c668ec789a116c
SZ159232,,True,True,d95d8ad86cd6d8ad6a8ea20e80ba3854000a2f7249588b453a8024d2c8b261f5
SZ159233,,True,True,091755ab185e430e4ea6342597c5f58cd1ee762894bf760827213e0cf5272d15
SZ159235,,True,True,032d6160f2a312f76d0a37103911e3ffb5c33e2b0c8ea6135da47a1b7d349f42
SZ159236,,True,True,f381465349b367b2134f04197cc996b768b13a26574dc1910fe3f76ed3ffa3c7
SZ159237,,True,True,b4fabd8231514577d63cfedf4af9cbf0b4c19854786a8b7952a4c674b8109972
SZ159238,,True,True,56c5836bc6d72b54e135bcd9f6a7a68e5a46c493bfc7fba2706f069abec917a0
SZ159239,,True,True,6691fedd4553b9a8a056754f868aa850d27fed3343cc266a26875aea19bcc9e2
SZ159240,,True,True,552ada7ce80b0dd3da1c7facaea1732ea7a51531aa0fcf08f3d3bff7242ed1fc
SZ159241,,True,True,75cf942b78b9c360347d7314699ba2d1a80b01cd1ffbf7c8e0f56be2ea0a0293
SZ159242,,True,True,7ca007ecb00e4fc3864040b69752591a97e168639c1586b7eddb88e588a312a0
SZ159243,,True,True,aefc0a89993f6144b219453607072534162150951c5d5e56236dd1e2290ba36f
SZ159245,,True,True,52f2c66643800f0a8223833b05dbea9354b1569cf6337f3a49dd1080ae4426e2
SZ159246,,True,True,346845cdabac15d1c5d323037d7a681e416365e47ef1b0f3668d3235dc723071
SZ159247,,True,True,1186da7b757ed71b797dd5ef6683e62abc3e087f1b5c00f3bdcce0735bfb0a82
SZ159248,,True,True,d7d589063f6c27a53c3023a4e0ec48241ec4c6a2024a3963861edc4b4c068ddb
SZ159249,,True,True,318279e31a18216c6b6cd8bb7185a6295e28dabde7a93063eb072ec60f036cd7
SZ159251,,True,True,f32c67fc6806e48b754520e9ec6084241fca4aa3e51ac1bb8a4b1fdd141a9a78
SZ159253,,True,True,a65a841c2e907c230f9c2a598ee4c1a6f7ed5cd33310c52d3f72a55d59b9bbc8
SZ159255,,True,True,e2d35d624db135b5790c8b57871154f784aaa41b4aff263fae1ac731707c008f
SZ159256,,True,True,a673c30331e718a75eafa4db90dd704f5321526063b20caa54648f0cac469fd6
SZ159257,,True,True,3f9065a99c93297f405c1c0ac4325585d9b6974f78d87e26beae65cb62db40cf
SZ159258,,True,True,f76d213d35e86128813da5b0b2eda70e393df9b40e4c98605563ce43fff5000d
SZ159259,,True,True,fc332d7241284754e5734d450040d185bef8f826f8f1147d9035269da2cfa8d3
SZ159260,,True,True,ee1cd1819632bc0835d58d07ba2418aeca9ebdc40274a450ab18fcb1a35ee223
SZ159261,,True,True,1e00868e7d55d2a598f3461376d50dde1357fb269af53e8ec699b8c2208ca704
SZ159262,,True,True,d1fd644e1283f3b370121ef7933bf47a034606608c439d86edccca26db19e82c
SZ159263,,True,True,4564e13f181e1bfb95eba350a41d7e4abcc6345d95cf2fb8435153e0145d0be2
SZ159265,,True,True,ac2ee2492ffd24c70a068c296933e3a4530e7a984f3e07532440dfa4d9c05acc
SZ159266,,True,True,1ef395d21cc875508adcbf5dc97c9ded615776df8ab42873a4f627e01cfa763f
SZ159267,,True,True,ad42429d4c589ac3c74068ceb53ea2cc919e0011bc06aefc49c1b321e967b390
SZ159268,,True,True,bd469df350d3ffe52b1933551b6fa61f0ce748f21a5bc0ffe0a753750d5fd981
SZ159269,,True,True,4cb35cf8a16f142edc2689c76b9e8d1c5b4d3204dbb09557fbf0f1885b9b4876
SZ159270,,True,True,8bacfdf5977c0f543016b77f049b87e6751926abbdd9a1229ed9359699f89528
SZ159271,,True,True,036e7d8b3552e873e7233bc6ef44f0f6a870769ea3c957acbacba4c53ba87c05
SZ159272,,True,True,44e5a025c7fdb1c6ee7d4ae0aedd76dbe1b95c4bf59f8184c4a59178b29810cd
SZ159273,,True,True,74cfc80bb524d7840e4f12f6fe7849bc4df677477114f5f273e77133b0267a10
SZ159275,,True,True,4497e1aec1281fbcd0b8c43a06255ff39d8d8fdea0c44092bc181e85de9b424f
SZ159276,,True,True,1fa6b93d1a06ddc48683b9d886fabb9d02bb0665cf24f002660ad618c100bc5b
SZ159277,,True,True,517b7df4c28bb94e8fbba490fd58b62da758f7982703cd2369378f53ad76085d
SZ159278,,True,True,e88c39af0d3ba9c7b544cb8c95f063187a540782fa6b6068a5144fa326f5268b
SZ159279,,True,True,4cd6a3970b3edb2013dc3312e198bc66b4413d581dd3699bf781b3aa7092cda4
SZ159280,,True,True,7c50a7163ee936e96da04abad51c91647d973eaf9057224689da5170281c8231
SZ159281,,True,True,36fe0da1dd3b5f03a74e13f520eb0d8e7f6df51381b5fed9d7b67496c76fd401
SZ159283,,True,True,f151224ebce6f15546553f56d03896baec2944248407272302a6864245ecddd7
SZ159285,,True,True,565c5aba2d6ba784defe8a94159a6b3c36193972a189e997c3cd6af9439ff691
SZ159286,,True,True,8d126a340c485a886166b620aef65cf9c5668361cb2530c5edd857064b49b33d
SZ159287,,True,True,de82e0c879d3f55b2d557439dfee0040330e528c5fc2a18e1b4b430a7a6f2bc9
SZ159288,,True,True,fb610400339b28f845e4378b0863f8744e428e698294261729cadc81ce22cdb4
SZ159289,,True,True,67a07c99c4ba9c933b9802b8f1427a0440345c9f575578698b3e41650695faf2
SZ159290,,True,True,a5f7df94899ff5c39dbbe5e8560472dee1d3a7763d1f477bd8690702833a3ed0
SZ159291,,True,True,85607a2ab56b81edc1edd356af03a952f6acc39e9a7885727d5d9fbcb258db56
SZ159292,,True,True,fe74a9abf3b85f566d09be02ffb002b73e8bd3d981d00d50c6c41a8ac62c18bc
SZ159293,,True,True,257d3e4000f7cb6b9f76538aa015acfbbf3a5491245434e7d2fdad0191c594e5
SZ159295,,True,True,1756ab6cc074c6dd448c3c38efb9977477280dc84c3767e8be6dfbe6d49e82a2
SZ159296,,True,True,4a85cbb6ae0ef915e4639f48b8268b51660e86f0436cd0d03b9cc66777a8ff1b
SZ159297,,True,True,32478348103066eabadb09bc73e4a5b127559d8e603214b991a79a79b48ea806
SZ159298,,True,True,5dcde5d797ecab33d8333d73a1bab9615767235e464d210f72d4f7f569cea409
SZ159299,,True,True,a7db15efc20d76f472d35ee3a0baa64ffb250a230a3f6df65174d3f319122b43
SZ159300,,True,True,208c3313a0d2c11340e58884743a1493a6e8b9d9b86b243f1e0620e10aa82205
SZ159301,,True,True,f246df9aa45358d81f7406823a14192695f6c72bab18127e333c823db55317d7
SZ159302,,True,True,61e39af30391292b2c1ba63306682be31c13f9039ff171ae4aa85577209bce91
SZ159305,,True,True,5d67c64b9250569cea65edecf17377e72db3a05a1b11deeb068322e4d561ff47
SZ159306,,True,True,5077abf04a69d6a0a9138bcbce8decd810118e2a82193478cb8e959bbc5a0fb9
SZ159307,,True,True,8b418c65827fb5f263725eba21131f7507b5aab60650cc719242df687d08f254
SZ159309,,True,True,3fccb224f578be9f20868120b76d1856a5d3bfe0ca020b2f905311d56ac91260
SZ159310,,True,True,8534ce661526382993ce09dbe27d96a93b47d0413b62427e330baae1d3d5cdb2
SZ159311,,True,True,e8cdc6012529db270d994cd4b814f88ee90384e4b419cdf824897448636dd786
SZ159312,,True,True,601a724ac4c87376cf1ac64d0b7dc430653b2114e083fdad4e74f01a35bb7761
SZ159315,,True,True,410dcecc36f49ae3bb07a7963fc153f7837f199795f89e74266d87aa3e6c0244
SZ159316,,True,True,b61e53dadc5ecc315a1f2f918a215855757f5ddfe5129d6b4c69e260d41c6a79
SZ159318,,True,True,69ebc3e5d3ae48fcd5512877391e7874129c89e64dfb7aa8b2eb5877722af950
SZ159320,,True,True,d63050e25865d05bd707e1bcdb59a39b10073cc7bc36fc7ec0f3e24696e82809
SZ159321,,True,True,176a33e66e510768552a10772486ce61e9b596f2a91a47acfd01d2d625f09a5a
SZ159322,,True,True,cdb61ebf4ee3e0f766da99756d56f27e9be6ee966c757b8b5e84edf267e6c5c3
SZ159323,,True,True,91e65315a468c4b70ff0b9424606cd0ccabffda95492cc88a9d4b3613efa7b30
SZ159325,,True,True,474c6551e1b7ab2407a2fa8561d2186d5316116da1f6070399fdcfb0b1854b14
SZ159326,,True,True,8b1c55b8cc38ef1c7a1bf8a478450a602d48f3af4a990d84a4589fcbdc338c96
SZ159327,,True,True,5e71cf325dc6a4765c456045e285ef285f0d8309014dda3791b573b41ebd5304
SZ159328,,True,True,0e5dad02adb3b234de1aa50c28cf0a52838e433271fa20cf185d2089e05b287a
SZ159330,,True,True,23a526fbe052621c8e45d461f9875f9401cfd7b8a1a05b26dc6ff0e30c3e0342
SZ159331,,True,True,a40938e4af7f4119f62d6dd7efbfb4c77298883e226d56bc042f47297c10a5e1
SZ159332,,True,True,563fb334a27f158432872d9a835bff071c95b9ebbf3fba787b1ad4d001dc10b3
SZ159333,,True,True,6485d832a00fab167a97982286c9cfb0e21395126e51ee5ca1d9e67e3fdc8211
SZ159335,,True,True,e873e14c753a4163ab0ce0cdf9404a796f4015f0b98d807d99144b8007eb58c6
SZ159336,,True,True,3226cdaee9d63f903fbd6e06e8a6384a6cbcaa6fd39b4ff0487588abbee626c7
SZ159337,,True,True,cbc55a773e890ca9c239a502496b1f9c5908e5419c5784e959704b13f080e9f0
SZ159338,,True,True,a899d7514f38f3a4b453976ce382fd907fb01b31c2587afda4d66a14efd092f1
SZ159339,,True,True,7d874237653fef1ea9629cf59cf004b9178b29444e46e77a14466579841ed50e
SZ159350,,True,True,8e9eee3cf28e76c91442c438c0da2461d2ecca90872fd3e2b9a8787c7ca42ea0
SZ159351,,True,True,c4e650edd5d412e46ac17c3d1014ce75102fc6534f39d178d3ce016de3c942d2
SZ159352,,True,True,eefaeb40dcb5dd686974f744fb26c356f6e28bd8c28cd2a002467573994c195a
SZ159353,,True,True,7833b145c49c072d113a1089bbb2476cc28b5bd640a0d0c928058363c2272e11
SZ159355,,True,True,e8fe6bbc6c9086af47854f192dfc7e9cd1bab99c90fb25d03e6e7ac95f18c522
SZ159356,,True,True,bda8c48b44435508bc137ed2e945f15316710bbf0406fe3c642887c9739774de
SZ159357,,True,True,7e5d284bf52c0c619882d5e33221c2f29cae952af5684f2c7ba9116f9b0993cb
SZ159358,,True,True,aba3da746c48be2297d458af7bf37d32557e95910321fd2759c42ea2abfb4f08
SZ159359,,True,True,afa46dc2f9397bbe61cf01ea933355e07bcccd85dab042f73c4d6cee8ebe420c
SZ159360,,True,True,a7cf27c8692c18efc5bac152c4cfe9b424b9f85e29e97b65c351201336d5b6f1
SZ159361,,True,True,bf63ffce6346c5f5d5e00dd8f1a935d2288c2c6b82675978b322624833dcf77d
SZ159362,,True,True,c5fd326fc004cfebecca7e423f02e488a6eb61c3ab41ab10480472238feecd80
SZ159363,,True,True,0f8188463263c3b746718cd52341dd6d7fff1a338c27f55194e39340bafafedc
SZ159365,,True,True,7a46b15627577e85cf41d5636fcf54051df75d4d160a963e3a1dea438ec94a00
SZ159366,,True,True,2fde7086d96a68a6b3b6244bcadbda6baca082d665176dd07ce8e17608a8b1fc
SZ159367,,True,True,7e53ca4c532a17934a894b8f2ee49739d92858a5fad8fb6b15306e084b75a18b
SZ159368,,True,True,cbf75327c80a7c9914deaf29c5cb7e4fe9a0a0397331cd77abd0059b257c4eaf
SZ159369,,True,True,41492b91897691986ba9ad9da7376d4291889fa5a745abed8ad53fac3afc736a
SZ159370,,True,True,3d52c0215a12076b7ad80a0b8db218128af6152cbb8396e1a209969a5bc194dd
SZ159371,,True,True,1282196fc97927f586ae8853438fadc1503568e1805c3d1e0ccdf7fb845a7a07
SZ159372,,True,True,39cb487a6b440b58e43b6e7e30be355b7939202978d75e21793c78dbd57effed
SZ159373,,True,True,b4cd4cc81e69c87f6b28599e8a3c5754cb91d8948206c1c545496a133c45dc7f
SZ159375,,True,True,6c206e0b9330c6d997fbc3a78e65783fd38e1406af01c261fe39c9edc5d7a6bd
SZ159376,,True,True,743aa35026d7587f5af174fefc9be2864f9a471ca17ae9ecdd1f96b4e6014e47
SZ159377,,True,True,d815186822b460c3d5febdf1ec510c903ad023a5fb18a9d9ada529bce0d1008f
SZ159378,,True,True,d7bd0b09f53c0b777694aaada388cde1b1b19233f1e3e54391d032491d5a2315
SZ159379,,True,True,0d9d9e9ed33e5cc0aa29aecb3cd0116b1ef38ee7eca23aa59cd3841544e79067
SZ159380,,True,True,752de6a3a1399f1f23e6cb36c1d8411c102649619f23199548f6f43ec9ed5626
SZ159381,,True,True,271db6e5b085a267369949867ffa105c1873902a59e81af4855498735d7868ec
SZ159382,,True,True,852a43e8242ee13143150bd083cde3bfb96f28b9cd61227282e3600b0c6abb7e
SZ159383,,True,True,582361bba29c6cd20704327191959b5131f85674bc37a94aede10ec2ae9cc3ca
SZ159385,,True,True,4583b7d4a879214c8cbd87f1d8443a7153693d982119e173648dca57a3de7ee6
SZ159386,,True,True,2f78602cd6cc62720aacc0f08ae6ffd9cd05a0ec5797da2415fc086dba1518cb
SZ159387,,True,True,128bfbd5c55b1b6243fb9b305d1f229a57203fb9af884fdd6bd9f3c1e45afbe4
SZ159388,,True,True,687cb7e47db23c3420db28946c38836cbf69dcddc1ca5315b3853b9d520b6d67
SZ159389,,True,True,afe81321eedb66b309cb98b612be75d4cf6df62bf69c520bc02f2afd115d6ba2
SZ159390,,True,True,0fabe590b3e913f262107400fab6f058dd4695d358ad090cd90fb382d862e4e7
SZ159391,,True,True,81f1c56c9110523d20a15a67e529cac2119baf43100f9f20ee97e87907e5fb11
SZ159392,,True,True,c1572d630eb09f6e51c5a3995bb898968d734b8accbc99d09f90022b77beda7f
SZ159393,,True,True,53d05004331bdcb21a40dfcc66f5753ee09a18027c14d9de6949207c1253b9e6
SZ159399,,True,True,454db143dd4923419590da9b24145c29119cdb444097abf7868fa808f27b6ae1
SZ159500,,True,True,a2aa578fb8acca810183c4b335a2a32dfef05c3c5e3100fca15d93822d447d2c
SZ159505,,True,True,78155b7fca95b702112d53f2f09ae96d16895a4084871b5bfd33ca986da39fef
SZ159506,,True,True,e31cba1dcddf1c1ca039569d8bfab350ec99094e71d617b2d62eef2b4ccbef91
SZ159507,,True,True,fdfc18b910f2410ef7cefc546b74e8f9c45a31c769211d79ef25dea91c44ca88
SZ159508,,True,True,8f50e3934c037d1de202ae7bf9c0fad17ad68335a22a42ac73cd5517bbc5957e
SZ159510,,True,True,a48da10a88b636b80c8edaf117bf172c1374c11c432e66bb5acc3dcb1e455a20
SZ159511,,True,True,3f9b487ae316b0e0369c1f30cd47cd7e337d62da3d47d3765559aefd599196a6
SZ159512,,True,True,809a79a8102ba59537bfe24ba6d07490514db48f258c14f90e663d587da0244f
SZ159515,,True,True,850a2e1a7e55d315d074ea3d88bf8b27d266e3f4902c701028b71c5c110dacc0
SZ159516,,True,True,2b61e1189080fe3b4e262ca3f4acd775ee22052c36813885267b466ec9d3a19e
SZ159517,,True,True,b3441d5b800d7f56d335b5c4a51ee23be72d109f6b4bb68aa43b09679464141b
SZ159520,,True,True,f864aeeaaed1495a798f5443f20f3fd21d6115c87a4e20ca17267b8507f7f00a
SZ159521,,True,True,b1f051b73b270bc4df737f590019d1d59f348dff67f1a80925aa1d2a986b0271
SZ159523,,True,True,498675976d39b91fa9892db46a195ead17646398f97e6c32866a2b393174f39b
SZ159525,,True,True,72dbd1662ea639c713d086ce3f977dd4f70f6baaa6e8d60ec29fbf1a0035ef8a
SZ159526,,True,True,b2fbbcef39cd98be44cff86018c457bbb33f047e14ad4b18a9601c0037aa77e4
SZ159527,,True,True,c9f93aa4179cfbb6a4027732db5ea4dc44fe6ded90563333e8009a6a47dd5a4f
SZ159528,,True,True,0f9bd9a1d2fab340be161a7de129a5fdc2e01406334c8b056dfcb17dc8a108f4
SZ159530,,True,True,03bf62d0e59295702f8585770683f1ba280c2d194f05c93684fb528928ba0805
SZ159531,,True,True,cb1bf011ea017f5f7429df23f061998af0420968d29b124729939a336e78393d
SZ159532,,True,True,5874de37cac2f234d4bba5bf271b0d3b2907b9b3c105f8da0c1cd14fce3b4de1
SZ159533,,True,True,e704473cfcb4fbe0bef833929ccc2f0cd1fd75e7fa55d98412918a489d9491ca
SZ159535,,True,True,698501372038e2dc0df15f34944b1784da2fae559950280ebb448578cf7cedf9
SZ159536,,True,True,9a0b852785e71a73aab700a1e920e69337a5c8ddec93d24c1d5d2f207f98ef32
SZ159537,,True,True,85ea0c80e62f545fc8265a70398b9e2d5ac8fec10ad494f739df0d7eab875ec0
SZ159538,,True,True,cd7ed114875c7090fd088143e4122fddc660c82022cd284e7ddc3557473ce78b
SZ159539,,True,True,5e78f01659c24b7d280751a953925c7e7079ffab5963a997339aa93cafcc5758
SZ159540,,True,True,dc770be8300d248ed5773d0ecfa3466424bdab6a78e3d5de39f760a3ce4dd54f
SZ159541,,True,True,5eb5d9056d93ab2ba44f1ee71b52046474f7dbd2db67b32cb58f49e1de70beed
SZ159542,,True,True,07ab1d8d5bac197d83dd20b0cc19f7b591973e9b8db6b8b18b46b4dbf221f1e8
SZ159543,,True,True,704127ffa4d248a227a511f38f0886a0a483eb7553111b122e92dfa614eda05a
SZ159545,,True,True,b848c42af0fc2a43607e1dac6bf983729047d1080a8a65815c41060c8e38679d
SZ159546,,True,True,8a9b1f5a7751d4f0cdeee19d3f0d31a292a10f09ad9aae81abaacc23dd39888c
SZ159547,,True,True,ac400675ca9959d1651c4fe4f46862943937c54b052ab34d4d542e23e32209b2
SZ159549,,True,True,0583d281b9714f0905e3936ca56966c5e87d901af00ff8b4fda12df220586b97
SZ159550,,True,True,4b297959591d146ed0b6f7a707144b44bf13b6aa5052ecb9223e6070f04d2420
SZ159551,,True,True,0634e5b55734591bdea8d04a0a04d2df852042f9520208cbffb7ea3ac5d5025f
SZ159552,,True,True,38a45019e1771da8f2c3683fca9be5f01d837f28d118de57dddb3468ad08e572
SZ159553,,True,True,1fef0bf6b914b41fd713caa4bdc384823c115e2061a608ce06a44eeea30fa98e
SZ159555,,True,True,51eb002f94c8f5b058f0df16681c0894828433cb7d9620369ca6719d164fbd3f
SZ159556,,True,True,19d49228e83c46d99836d6d98b56cbf8d5b2bacc97a15f319fa83c34ce7b6cf3
SZ159558,,True,True,e891153f2dfd598dc57885b3261a2a98d44b6523b653084211fa3eab83bf934a
SZ159559,,True,True,023bc4421aac93ee0cb32611eb80b71a30c7ceb20776019cfc7de2774f34539b
SZ159560,,True,True,f8ef3bbe1bbf9c3f2ef85eecb4ce97a98438657a0dc0877ec8ec26d74ac65a17
SZ159562,,True,True,3eeed88acc499506f50f965654c678584bbfed638041dab0bebdc831915613ca
SZ159563,,True,True,9bcddcbdc89ec9a6c205f61512da7cec9490a770a5acd4bbbaae60236694f721
SZ159565,,True,True,f2ce37fb4fe8dd6ae2dea32efd0aa3c16b44071bf98b855fe70434b75f2ec551
SZ159566,,True,True,31395a79726bd353ff0f2759da1ae59f92e435e6c0646e314eaba9427d3d4bd4
SZ159567,,True,True,cbab8e6e7e0c4c2d61b9ca5ee1584878dc44fcbb3e4cf688fd9c7ac2e837b08c
SZ159568,,True,True,bb2146aca23591d5b5efea6b5e39b1c994ac70b75be4988632a0606dca6f13ec
SZ159569,,True,True,1a9c27a38c821d3d93c6c7db47d0fca2c295812da45e3943bc17bd835f81a73f
SZ159570,,True,True,53f7f22e39ae2f0d1de3466df47acf8475b79b8cf4c25af1dc65740011b43b86
SZ159571,,True,True,515fada5f4cfdd75ecda1fb5ccd5a81d8fde2cc76c01225021756cf597fb267b
SZ159572,,True,True,620f2da07d35b5b33492ee0c163d096f740ea07405922c94f53d1b7cf0ed0245
SZ159573,,True,True,3c6944153f4129314a8efa32f6a2e0f59a1695498e3b1ef9ad986a99340cd8bb
SZ159575,,True,True,59711a212a1aebd05f52826df0f64fdd6f8a106b913d4b2dd32d6ed2eba0baf0
SZ159576,,True,True,5f35cff61eaef893f246118f6fe12d4b963d2f5632386e71349c4aba1f15d566
SZ159578,,True,True,99aa48b6b47dd90e84f49019994fbbd506dcbdcf1c1653007720cf506951590f
SZ159581,,True,True,5e51155437e13358210449c3ad29dccda03f3263bd89890ab7dc171786fd8667
SZ159582,,True,True,5767539da2562d6185d19b740ebffac32f58fde427089767f39dadaea39e84da
SZ159583,,True,True,fe7d2b91869f00c66c2dba171c7c207fe2238ac0e84eef442ee3ca0796e3ffb0
SZ159586,,True,True,440dcafb38df266a94360686a9e0c575f85c68d798f76f1311f0b86fc5839359
SZ159587,,True,True,d79af96700232948ed31d6705571d30834b70ea48f94c0c5bdaaa26ea6d12077
SZ159588,,True,True,80edd92aeb1862c19cc7e920007053ccefb5a0a9d4ed7192c8d179427b9d7f29
SZ159589,,True,True,6cf7e5f1f3e11f28a264635d6e017420c304e84f715c0876ef13fe7e581bebe0
SZ159590,,True,True,4a40917aa591a543dae6993ff0b595f3b5b81626d7b04a956502bdc1aae497f2
SZ159591,,True,True,404ae68d03cde3a004ea280c84dbb3f8e9332e785165bba80e3720c513745ece
SZ159592,,True,True,0e2fbe613b40528bdfa139c96a5471ad658ca051f19bea70f7b7843a7cdf04de
SZ159593,,True,True,eee938c3c2b88ad718615b91cffd3763b2a69c8b5ea4e223afc24d528e6dc36d
SZ159595,,True,True,505df266a337492e757fa18f3117cf03d04c00cf32573b4a5a7d0f863e52b75c
SZ159596,,True,True,442b796cd354a06a0819eb947af2a037c8b5187899b5183228adb050f833b43d
SZ159597,,True,True,23de59f7d671644df77b7ef9ce028a039649c108ea577aa49aee6b4f322962c8
SZ159599,,True,True,b7ca946c72a0fea5a8a4b16cffd32b12de994faf2dac54450adc6e83681ab4cc
SZ159601,,True,True,a84ef39f434ca34d0f2c53d75936e617a14c6775d9e24e461f0cc6c0fdbe0b6e
SZ159602,,True,True,7391bff7d89198f6e75ec2916f676227ecf3ee5aea993d14dde3f8057437aa23
SZ159603,,True,True,abdb263f33e1aa93794a9f908d092695cfcf7a0e9e5794ca581ab7ae68e7d845
SZ159606,,True,True,473bb3a3db0ce0fd6b557a5c9ae627feec4c9ccf0b63778f96aa04d64b6a46ab
SZ159608,,True,True,1bedcd7cb6a051a50d1f5488e8a50485ffcbae04231f83ff8de56437fa0b0442
SZ159609,,True,True,0d653d232b3d37811210a091213a2b85bd07f684c226ad894e8e097cc02a5873
SZ159610,,True,True,4d1be1e4ae6f63ca65d9f3e502d87cd10f3b5815c8fff1347c4371ff46b32f5f
SZ159611,,True,True,a30eb24ffc43497669a08fef854a580459cd1b2c7ea14173342932a821cefee3
SZ159613,,True,True,d377bde8b867ea906dcf943069d7ef75dcb856534e48ece5e1d0f345f8c63ca6
SZ159616,,True,True,37f611c533fafdcc43830c5a7d784149be9018e1a05831f02e28fa21aa148a9f
SZ159617,,True,True,5addb89b83234187663c7bbecc9023d91346ab7891a5bf128b35bc12c24d8d19
SZ159618,,True,True,bf0c36df4da3954799e7db9c01e9f7852a33695440b4908005c6d584fb687efb
SZ159619,,True,True,3a982623d3810085a837dc66014d29edbbbd8236b1b07ba1b0b2900b1bfcb456
SZ159620,,True,True,137de380eb03447637d7164ecf84f697f8f8b6b553338005f844f9bf7cac061f
SZ159621,,True,True,d9bf176e91fd96501f9043d8647b2ddbeff30080cfe6b1a82060cae9ad233ffd
SZ159622,,True,True,01396c60f9ada3de2d36ce1fb7c147325480f7d59ffb62d91f3c25b1dfe7aedc
SZ159623,,True,True,3938f1ba050df307249bb411d177ba7473476db9207c3702eb974719c6d9b53b
SZ159625,,True,True,11e0f761ce2f4a45d8edf45a3f3d042875eb6768932fac203fedebd05b5f214c
SZ159627,,True,True,33cd24b645dc3cac08dbb3b174286f9d0d14ffe47466a1a0dc554ed3ac2b678e
SZ159628,,True,True,591b6409ac90a0b4533e9aea6584b788373f0099dbe83fd7668b99a4c7226576
SZ159629,,True,True,b8d2bf1d0d9528bd4b00b869cd828aeadc7dad757ccf42e0f90466fc22949c23
SZ159630,,True,True,d8fdd42ce72cbf7d749a70333c1db14f0f5fa683f3f9cd41f6da6c5d3ffb8f59
SZ159631,,True,True,7ffc7d7f72bd1f0c15a8c726a3fe68d6d06dcde5238ef1ed8a3d410507bebee6
SZ159633,,True,True,28a61b03d586c8316aba130cbb206bc9007439fa466ba2f1dbd803eb4454ab5c
SZ159635,,True,True,02430757155de082f2c43f194db8385ae0617d9a4cfadfd4dedcf9a80878e1e1
SZ159636,,True,True,4f3fd1ac75017721840d30d0d7793a99b39ec5e575df8bcab885bc4df8b6596c
SZ159637,,True,True,9405678e839d94ff0fdf057d73478c672879c3e68f0e71c8a7b35cd6cce68ab8
SZ159638,,True,True,5ae3011a0734aa1b72c5f5c59f77a2c3b8a7f7d62088bacd3c89c0d14d788f58
SZ159639,,True,True,deb953d2d03d282578eceb682d606ea3c0e651a578742694602bab076d508d8f
SZ159640,,True,True,e62e2bedb0e4c0d1631b94d17c7e269749f5414336dd7c8ef8b8c1c17cbae9a3
SZ159641,,True,True,897f97aea6248c26294263ad8d7aa31ecff5e9041c6ee305f47b4347c3778a03
SZ159642,,True,True,f5ca435866bfdc4651a27b20eb43d3af9ee9159f909170020f68b4d7367554e4
SZ159643,,True,True,5fef54e6a64917a9c7b01d1cf622cca6dfdaf601c462bdb0e6f7cce18ae474bb
SZ159645,,True,True,c69258eed7b08b1d06c8dfc618c03ab34f22283f969bddf947f4a0239adb5522
SZ159647,,True,True,08043c438d4d2e95ebed49cdac3b843e2f5942ba80c0b55b28a2276b442e8d55
SZ159652,,True,True,7eb265dc282632d598b9aad49f167c4860dc6fa9e5d56e03df35795a086cb9a4
SZ159653,,True,True,b82ab372a6c0eb92991a20364802553f6455e8a30372abd170d00475ccdc7b5a
SZ159656,,True,True,90673e8d31e1fa9c87d06534a51f52e069f693ae89358436f9f86fe4983d47b2
SZ159657,,True,True,79ca2221f993372824481e9698bd3aa4d732901846cbc742b9be0e8118e1772a
SZ159658,,True,True,0dd4633c688834b217ebe583e06090db95a9d84660cb128a810fff98f62c7e85
SZ159661,,True,True,8387c3ba681a929186db7e53b12032406e2d654c1f99583a6db13388ce961d05
SZ159662,,True,True,aac138802bf1c99ded73d9c76da1e3bb672962f46399233d6bcfc38cfde8a73e
SZ159663,,True,True,147e1d129e170ef5bf3dc74c8ee2edb1bb4d35cf8607380971547c78946060f6
SZ159665,,True,True,05616336176d2ca4b9fcf542b2c00d63f516bee26e45c9de71fb1f6deb320e65
SZ159666,,True,True,795c0178aee7fb2ac714159f22c663544c84fed485842fd75c042282bc395857
SZ159667,,True,True,8fd8f300bf8c929b2d7377183d64fd47c3eb6b42974a3be67b5cd277c774119e
SZ159669,,True,True,e42a98960c36d90e30fd301282050a5ae98c0646cd3acfecf60a43268b4339bc
SZ159670,,True,True,9a4d467af4efef77e171525e9b202105ba99388a736ef94d5708f0208a21539b
SZ159671,,True,True,99ad158cc6e801dd7a4ae689b2c5a7888384a7f0d005a341a5224e05a1fb79b9
SZ159672,,True,True,761b476bc30a1e893a6a188384e6fdf97801f24f893066f18db5a67b98a513d9
SZ159673,,True,True,e1e6dd220a524c0127e21477e4069f957af6a6051911c1cefc86d03684f27e2b
SZ159675,,True,True,aef8ccf7140f9a9d8df8a9a162d20d3c56539cdf27e87c2bb75683a1511f0039
SZ159676,,True,True,3d56b433bc690fec7a1981cc390b84024530b4b4170b8b9fd5311b28d981947b
SZ159677,,True,True,623be0b5e6706d3955ee20dda09a113b3afc5fb0ff6fc16810e8c3d23f921851
SZ159678,,True,True,bee2cd316363a04aeb03e16e2057b0565ac546f65af53db5a7d09f2e9a2bcd41
SZ159679,,True,True,4a70bd5062469a09811019a188c89bbf5842d14153c6733655db089b01476c20
SZ159680,,True,True,578d2633af313bd2fa386aa3042a21d4850f98be1287c6f48de79ea8b87a6f37
SZ159681,,True,True,1c32d29e6a58d0e5d18146557e94780549cf9c51e10aa9e8a067d8fb18b92003
SZ159682,,True,True,97f488701977476350866bd18287b9080c51f0e356d21042a2162124f32d5d53
SZ159685,,True,True,ad962a833acf169dccd8bdca2e806f5deb8b43dd52807f03b1e96440b8324fe2
SZ159686,,True,True,53b08fe802c855200f1cb057f1a910bdd195b78614d307188515192efb51d3f5
SZ159689,,True,True,5e9b2cb606724373c4e56a71c09987bc9144d6bb5f5a213f0319837643fd685b
SZ159690,,True,True,9dd3c2bc0a19b0771794b9f449a08ae6666574130b11d867aac88315b9985b19
SZ159691,,True,True,55ed9409c2ea1f97d96d202ffc635d700cf78428ab27f4513940edeb90f68755
SZ159692,,True,True,20a49627b1a92e70afd98d793bb720b66bfb6896704fa2b0c7f9f77fc8f5dbb5
SZ159695,,True,True,775fd4d4b988d6126a243aafdb5309add3fcd63130c8c7b676f1af52badea009
SZ159697,,True,True,569f8cb9e7df21d9d2aff6ce84787eb0b0ec4b4a1ee5cb215428935c21348650
SZ159698,,True,True,ab99b04c983361ad3042f36b658b50e27c3b2d9b3d8f3077ed0f27b7d19819f5
SZ159701,,True,True,d63ed972a166cbed1dac3ac88114dbf392c21316d3f1c50c3690846e99f3b165
SZ159703,,True,True,6839169b61e952f75b45eafd43c7cf35bc86b54e7e42300dd560b1dc4f0eae9e
SZ159706,,True,True,39a9c63a0112aaf4ff24c8a4f0da80f097bcaf2254e17558f20c6085da37abdd
SZ159707,,True,True,ed08c97497270063a905543b33307163f7d6a1ee5d1f7ea792545c63ecb908c2
SZ159708,,True,True,4bd0c8dcfcdd28c3ec2d45f1fc4c964edabff64829ab8c712fc2f156b1c22ab4
SZ159709,,True,True,8359a762e9a253aec330114febb9d4a6465d3cde2660588561d0402c88feaa5a
SZ159711,,True,True,7b4a262454bd34a386b1809388d51981f2a4aecc6c139341a13cd8afa236a8e3
SZ159712,,True,True,7e1b1190f96a3ae39b8fe22cb0857e53383b99e360d300e3690896d3ffeada02
SZ159713,,True,True,1350c7ee704339cec03880bff8bf68470c599b0e8706063bda57ddf62231b999
SZ159715,,True,True,f9024cc76681127f3ffae2fd7d796dc6f9339e2508ffac0beca17f184bc508d8
SZ159716,,True,True,8926dc392af89c845edba7b3a995803f5ad73e1298d267d15e5cedbd5093a794
SZ159717,,True,True,9c12adf9d5b1105b1e8dce6139d8deb91201b980ff64e574b99eb39348dce41f
SZ159718,,True,True,23b1912dc24bd3cde6365915d7ca8ad30a9538d388e50eed81ceb7dec7aeb323
SZ159719,,True,True,01762f319279295a78b8df2e30fcb82c71958aca0696903978d30b7f5eef856a
SZ159720,,True,True,9a1c559b61832a841f10dda3687ee78040908f9e6f1290b046dfc4d2e0baf1a3
SZ159721,,True,True,de7643298d54619147337d4abc797501ca2a1cccc7f7d3167e4de9ad524e00eb
SZ159723,,True,True,82bd078fc3b53fb61173192906051afb58ff91aff9b731f75e44d29179b7d75a
SZ159725,,True,True,9e657bdc3061ba594ffcb3dc96bdcca8fdd6b2f9ded9bd29522bbb836596f23f
SZ159726,,True,True,787e41a61bff8db9479810f416ec424d92a64eee1300880b59e5c8837af3bcf9
SZ159728,,True,True,290e4b7db302b970a4aa60276c70b9c6178412baf1655b615589fa15f5bf646f
SZ159729,,True,True,a13942d41100dee54ff0aaf52026b5a61e82556ded60fc980fb12e0d26a5cb62
SZ159730,,True,True,e23d161eb18bcd3ab7113ca63c405fcb7a66e50eed8e388a754a81115a3e314a
SZ159731,,True,True,cfb1ec114a0d4e395f74fe757d010e6f10c71754f70cd3d1556245c9f963dfcb
SZ159732,,True,True,99f02eaa61bf4bba2d0e2f705e39a8d1a242bf01672612498210bafd7736923b
SZ159735,,True,True,7283b9866f79100b0cc656cfd368706843b2c309d4cbd6e13851ea4b02f2e300
SZ159736,,True,True,bc73b2474726132d4dbaf556aa31324c8468a4953d1b15e918ed0bf59b1368c9
SZ159738,,True,True,01c7fc8f4a7653cf1d5f8302d09d0478fd75d733d28f93c7d20cc9b4b35499e7
SZ159739,,True,True,3ad65a0e9c4a810f2af34bb1f9669262697207ccc13566b3551650e4b2ac82b9
SZ159743,,True,True,365419a1b9f0654c7812596bbfe515a5536d19260e185aff9571bdd451f2dfef
SZ159745,,True,True,59869b26cc456502dff020a74b654ca38dbae2e2e14fc9dc1cf26b036bdc4ef2
SZ159748,,True,True,37b4c299f2e995786ad83959aa50e7629f69c30ac01846ac7e0b33e02ef5534c
SZ159751,,True,True,c94514eed1e870553ef2755c7a96662396a152eb254da8868d1d60b21f369412
SZ159752,,True,True,55e7c77dc6641b1bf8c79603a1ead75388fa157dc2c112af72cbaa59f5662f63
SZ159755,,True,True,b5673fe96b4450d523a6b928036cbad8b7765bab5b5d46046eff8fdffd873401
SZ159757,,True,True,2ac27c0a220d5e14c68921d9c70de970f21e6adda829eabb95715ea5c6cf7baa
SZ159758,,True,True,1524a44d929f498e586e300bf8d0fc53f2df7394ebf672c657d9b6a3360e3650
SZ159760,,True,True,901e139b89e9ee04eb0cf2a605b59df7a89ad9029153f3ab2bf70bae2c3ecc31
SZ159761,,True,True,345ba8ed12731b0f8df64e79b5ba80048466b177b63e6a7500e720a1d187058c
SZ159763,,True,True,da12804cb94437626c0356b419185eda5bdc9d6ba5ae5ae9d56f00755ee81056
SZ159766,,True,True,66c6102d0f36681bbb5f7b0bda732d925ff3210eaf48cf3a35a84a2f2addc3f3
SZ159767,,True,True,b2dc536aac79ef36cd8d767cd0df7aa1f3bd518b71d6490673439bbf1c27aaea
SZ159768,,True,True,d440e183d8599d0e0060acfd6f8537d942b8d93829753a1632d62fda15fcbf63
SZ159770,,True,True,f6d28b37d7656348dc4faa21e3deea89c935923c0272b8a0489465940f32b9bf
SZ159773,,True,True,b6ce66d7d32562704311f0ef04fbd775529584e0dffaca265d7caa046dfc02da
SZ159775,,True,True,f4b44257e1541235120ab45de6439d4690c4f761bc5210c8ca87d26373199022
SZ159776,,True,True,4d95d8c3cc0ca3dda6048eff86d022507374c570ecbfc7137957dd3f60307978
SZ159777,,True,True,f6b8e72db4ecf712e01a2d3491acd03e7f279ae46a93f1915f9e7969295b049a
SZ159778,,True,True,728612a424d68dd150d66e732914db1f7c366b32b256303c181019827ae49afa
SZ159779,,True,True,1b267000d9a1f1ca4cf9a938aa3e2feeb8f2fbcdb865aac6aad33a30abe2ed4e
SZ159780,,True,True,ff98dcc8671c1425c4be903fd96f12de325657d7117db37d2879de797585c685
SZ159781,,True,True,2dc33a9aea6004296e37482dc0be7439f2c25eb6294717e8b486037e796c95a0
SZ159782,,True,True,6c1ddeb3b5a3001bb46c8303a8396c3663f9c448cbc4e58039c18741564cac0a
SZ159783,,True,True,9e66d5cc50eaba6954f993f96643ea545bebf4e7605b2b82a4ea8477c400e015
SZ159786,,True,True,7d50cb6b077ffa3e6034733c507254db6b8eb8782039c05c7866c5d28bdb02a0
SZ159787,,True,True,f8cf1f6314970887ef6f6d20d08ff26edf20d48649f9007d27b13651187b9d85
SZ159788,,True,True,0012dbd87184a0fcb31a989d390820bd467275da05d1573ed7d30a189fd7c02d
SZ159790,,True,True,4e0d79d2e343001eba8f6c5a3eed5232620d3bdf2e45945a545e28c6a4ba9538
SZ159791,,True,True,5ae50df2f8a115f1bb7a92db435900606ca3e562ff44bd89a20c22a12e209411
SZ159792,,True,True,67f8e741213a78a82461e718ac5c23ef1df54a3fbc922338ecfe437769b34958
SZ159793,,True,True,0b40098096ff28177d7d5e097087d385931f37c82abae22c71bf93e51d93c5c0
SZ159795,,True,True,4f9f01bdb8c602b71ac2ea87c2926681d2a0c349bdd387efd043753ba97e44fe
SZ159796,,True,True,ab1f2ac9a981625782b622b694e82c071a24a8baf472206c52413c60beb08fc5
SZ159797,,True,True,e57f3c824f186444f88115ea30941a16f662928e0f9f561820edb515de3cb3f1
SZ159798,,True,True,8596e97511b09312e7588c5087c1c58825a336692794b66ca88fdad54a6a784b
SZ159800,,True,True,b3c7fff09bef646ea411e417c5a6e197fb4a84553742c9fbc59e0d49cb9c79c6
SZ159801,,True,True,f8bb4b46dba078165f117547c3d0780e7cbd674b55e0696f9dc7618482c1f06d
SZ159804,,True,True,e3d374cb27b217952f7465e394d3fd0cdce5476df32e7a50ef33c97538160a5a
SZ159805,,True,True,b9426522a8382876ec4869116f116bf34680bc989024b5f2e9f072224e0847bd
SZ159806,,True,True,549d217faa614508cd257129237a26487341684c5d12929ce87b367990d9ccfe
SZ159807,,True,True,869c4a96d255d81f7c18a133ff426481a27ad750ead52d43ca4e0dc18447fab2
SZ159808,,True,True,3b44735318b84028304aa39deb8d51c07b707c1cded6f2d96de59761192a6bab
SZ159810,,True,True,1233458f30c892371542dc057074442bdf75ae9cf5c89ff03f92e8b2a104dbb3
SZ159811,,True,True,76930839ccaceb62e9853f595d7f75cb97cab2cec82ba6b50b43e9ef7efd568b
SZ159813,,True,True,d8aed9cdbbc94020446177e12fb7f7cac7044af02f8506f5a83dbf676ecaa7e3
SZ159814,,True,True,6ee2056495c6e69a1176f3f0000343ed496bb893d552dd37652691e2214b3094
SZ159819,,True,True,4f7b1ad10fffea2c311dd3e69a814615f151da7a496767957941e99e50ffb737
SZ159820,,True,True,34000f7b41fcc7fb33a8998643bd47911352c72f8e5bf382e42dbbb96a12abbb
SZ159821,,True,True,453b3d8b4154d0e0b390e14ad7fc610dde4f7da80b616d6c2f71fdd0896a634b
SZ159824,,True,True,64ad0245313c725de577c7abf12cc15786e09daba4cd2b2db9d39c439b369314
SZ159825,,True,True,14f611ddb78bf512d315b704d5091351827104cec8d37d6a3b8d16f2980a5059
SZ159827,,True,True,16c082f41e42a6a23fd742bc57a0e1272160420dda5e3f9a785d034f2675dc4c
SZ159828,,True,True,7492a0487a72b3fd3e75b992a8974c7db963626e02a4b0befc0815f0647c9e12
SZ159835,,True,True,e68a4067eb34fd1528105169bcb7a46361657b19caeb5cc6a91f0bba2f1e8713
SZ159836,,True,True,87b723d945cb92754c281f05a6788cd8efd70f6446fdc5e58af7d80b0ef80005
SZ159837,,True,True,d303a703aabe04ffe788fc86e7c18d8e96819868374623ae24ad0e1e16ae71d7
SZ159838,,True,True,778abc04bfc4e58bbc41ea277b3757a2820e955ba57034b27480679c2771c32c
SZ159839,,True,True,32c42aedd2c405d38228fe27baa3e5b051abbabd22863905b613da31a68f3b72
SZ159840,,True,True,ec739104d43563f0af2dea8e507b877788ec5c408e76bf970da2a574005adb18
SZ159841,,True,True,c812d6821d4b6b27faa2c9dc18e9482d3fbc388037035878daf4225d03296a83
SZ159842,,True,True,a7807219c21703b4bf2c30c9fb73db5f5e873803c112557dea19e13f024eb9c5
SZ159843,,True,True,47d4a6fa2a9b0f9e5d6bfd22e8ce8f5c47bc03c576fcb145adf71011f6fd65b9
SZ159845,,True,True,a8cf89c2addfec591304fc3eda798a5d65e271deda9bf1b3c492663aad902fdc
SZ159847,,True,True,281ce3799cb57af15e4da273e504cb6269ec7639b13d3f44bb40f14f4520a2b3
SZ159848,,True,True,3d0f9ed1cadebb6b6209614e242a4527f962bcfe1a7eb1528223acd099c25150
SZ159849,,True,True,73ad0df56a79d3729d652285e1cb2e4ad3f0080676d0b89516095eb35d980219
SZ159851,,True,True,ed2333c5035c1a1e43e821699117f8f472ad815ad5cc4e13f55fcae8bf7534de
SZ159852,,True,True,a3ee6ec67ad392ca7ef64b9f36f316e9990a6cd4e100323c2d36b793999de1c3
SZ159855,,True,True,28ed63f3ad5528c0a4c1120742fe02b028e720fa7b1c7c553d6c2e90ad77db31
SZ159856,,True,True,72e9ff836280bb15fe885c3ab29a5efbd6c193d73a99af550b3dc1cb1fd99b21
SZ159857,,True,True,efe0202392a1277dc96da6fb10ef81de678c18f4758b236a94746bd83887f0fa
SZ159858,,True,True,9f8cce9aa8fe38cb32c660e5180b3ac69645285183c022152974be28f089b668
SZ159859,,True,True,a32730b8a6041488a8a06b54cc01e2f48ca4e2996d38a8f7b362cebc22141211
SZ159861,,True,True,841c0ede27c2b29e42b32975c6ccbf9a5390284decb3c3996717c08e14963aa6
SZ159862,,True,True,bb73604ccb40f17b3e351691e1e8709d09cb95352ad49b5b03039b9d090ebc00
SZ159863,,True,True,403dd92fcf879fd1b6d111c97e0e5d3f11d0f2f8ba4979759997875aa75ac5a8
SZ159864,,True,True,f0eef410e1d7faad9d2bd1a9084946b70179955b35a6774e310bcc7f1518bda5
SZ159865,,True,True,dfd270653fc438cf30f6d696d9bb318b41617124601e80f27d71693807d4f59f
SZ159867,,True,True,d589ffa92aaeb88a69fdc74e363dd8b8a867649cfb54f981fa976ecb987df8d9
SZ159869,,True,True,2ab4b5b891b442e0af746907ad1e09dda98601bf0bdfc2f5dc1e27a755638f88
SZ159870,,True,True,c47ca2379e881370c7b93572edf499bacd218794476ac25548c8ab975611ec09
SZ159871,,True,True,22384ef15142403c40cf9d1378d02d6e75febd4c6822881410fd8a371f70791e
SZ159872,,True,True,f32344e2c167e06878dc4f9066ca96e98411f96ad1a08ee4b158c6a759690fb2
SZ159873,,True,True,bfee358fefab58c7780025ac252ac561b97fb37ae3638a70cf359397672e81da
SZ159875,,True,True,01e8a4b01201d920206745018d9e4e42cb9b1bb0cc381f301878dad6efe9f900
SZ159876,,True,True,c351a9f82267b5fca214ae82dce54db85351cd22567ab4ff33aa21cb566096df
SZ159877,,True,True,9043dc37e720d9170433b6c3c84aebd8bebf29e211ad0d07a54fc58648b02bc4
SZ159880,,True,True,1abca086f20ea05a3235bfde0a2f99794f3b7e286b850501ef781c57534451ea
SZ159881,,True,True,6654eff5c351e51ff0e23dd15850a5c12aac41837725e53a663d593c756c79e5
SZ159883,,True,True,452b0d02641455c77769e08576f22f62968a0ad50d0b3cb806ed7ea51435bb91
SZ159885,,True,True,e1f9eee59d890024d36da75dc140c1cae545727bb20e5b459a25757b19a79374
SZ159886,,True,True,f21f003e2679028b5f0ff225e530b63784b0dcd5c2c4f8e62df87ad34b11953e
SZ159887,,True,True,544f0d09b68b3b64e0e907f8f5c88be1356d0c963118f079d635a19b4c904fdf
SZ159888,,True,True,998662a55ac79f7e056360b86adffa790a6067826c5743971f40a8671ca9a5a8
SZ159889,,True,True,5279a8365ff47c3e339a0fa653a29a3f454a2508de8c20b35e0ca3ff722277d3
SZ159890,,True,True,0f97e94837f243ec30e5bdc81d0775c25cf2a04ede548e7e5eef015d5169f5c4
SZ159891,,True,True,155d552d10689875e0abd83336acbdb58242e7618a1806ab129b6782045635f7
SZ159895,,True,True,ab145a3028d80cc05c7ed71168caedc6cc58a93901f4ec5df79eae169f909a1a
SZ159896,,True,True,bcadeaab81e7e53670ae948371997dbe3e19e8a97a575ea0d858b1f30cce374a
SZ159898,,True,True,324b844f3f2e39c0e9ef6085e293f68f25c9586dd625ae42bb8bf82cd7d9ae55
SZ159899,,True,True,2b03dfe815cb7f43c9d11f1430edb5fed593659693b1c6efd9479b30e3a168ab
SZ159901,,True,True,307f6716bf476035211e7471614f2451b9f6fd21bd8f45232c79b69db7efd472
SZ159902,,True,True,9632defe84f0e5d651facba4aeea3725ebaa353b0ae769d0f420b7f23f01f9e3
SZ159903,,True,True,339ab8083855bef01b06b8ff25c8bde35e5d6cddebd4e227be290e1f6ce792ae
SZ159905,,True,True,255356af085b2a8c037dd5aa15cdc0268ed9f4dbc40627a569707f94d10f31b3
SZ159906,,True,True,8fe552119c62ef014616dff5bc3496314db90953bdaafef8e0e8b64af53d7bd3
SZ159907,,True,True,40b02c0638e2dd964bb3e808f869896ad2a72c0a9016d003af30db2bcc34448f
SZ159908,,True,True,4b0d72c7e8ae7c30547c44f1ff26c31435da61889e63211acc2527909cadc1bc
SZ159909,,True,True,64afbf9324782da86c46be5471d1ce9182eeef86bb9a466b388b864fb005598d
SZ159910,,True,True,9de2bb2ceab9a8cb1afa16006d0c50deb95c4a4c7c26691bbef9ec936a8930c9
SZ159912,,True,True,cc872e278f9e0414236ea8d7aa086042a0deec12c15263e28a605c3c7032c7dd
SZ159913,,True,True,bce57179cbfbbb8b07f9eaa6b7358deff69e76c3c00c798a7919ac4531389c34
SZ159915,,True,True,629ae05f53e6bc4d4d6e6d1f9f31e20904111fa1c564dca3e682c3bd44478072
SZ159916,,True,True,b835fca242db4251df4a1ee108f8cc81b6e9ffbf9e546084c669f76cb7915e41
SZ159918,,True,True,52203488ec7a3494663270173e9e783b01e5986bba000d0afa0e19b5a2b4d1bb
SZ159919,,True,True,88bc791a16031d8428b881a13ca9c976971c19ab3dbceefe68ce3684d99d3c2e
SZ159922,,True,True,99a5cd2fcb4f53a3a834f897341922e94dbc970384818743dd6377060f5dd349
SZ159923,,True,True,fa373c874ae3a1321cc9666f870f7958a95249a18d30bb3ac2d76f126c63de39
SZ159925,,True,True,b84f6881d42d82202a7c88bd1224094bd7eb9ed59595e611f7ff86ecc9aaf31c
SZ159928,,True,True,032c44e2c4c895f9c559060dd4769b2074352141aef06099bbdee73e12c0ee4d
SZ159929,,True,True,ea864606afc7dd9dd96a3d935253dd883daa3b5e798647706fe5f531b468aa8d
SZ159930,,True,True,1dabc458c0c62e3febb41e50c1a77077b35776b7951232b1d2eaf47be6400a08
SZ159931,,True,True,55e6eccb3564212af873b5f13e45cb62ab84bc64f72bbc73e6d5f97b27c0f6b8
SZ159933,,True,True,30c78eb49b9548af1abb4cf89cb15fa40c3474c9fc6374a24c740ab518bece37
SZ159935,,True,True,c7e5fa07cf5fd090bf73d44ee17706ec8410af6160177d5d0eb60f5312f291d5
SZ159936,,True,True,828d36c9849b7a73d84d9f687354ef0be3166707a43fef867028b354edc1fbdd
SZ159938,,True,True,891b10e8c51e920d2f78cdc15165f370f9d35ed162a66ff88f4dfc6b8d4b315c
SZ159939,,True,True,474e5da1559ab9eb3a3e8e5e4be73c526ce237ff9cc053fee3f6738aef08c1d8
SZ159940,,True,True,e5fee6582774f7788f4f180e2c2f30ef88f50a9ffec0651932813480c33fc179
SZ159943,,True,True,ef5fce13c4a340cb2e62f73eb7b45054996163fc22def49f20d5fcca694ff4ca
SZ159944,,True,True,f4c11c111bc2d837633e1b046a4c84cae8bb25b7da274b0f3d0ea6655dcee812
SZ159945,,True,True,96137e845017202cab2f594dfccf0c3a1b6dc7fff8265292d6a6a87ea5fe598b
SZ159948,,True,True,ef2d0f3aeb7d5acdc2cca9714b206479cc7029ce7514ba6ac0b2c3f02f1c2b04
SZ159949,,True,True,2a5762d5ddbb84211863cdef1344ad92bcae7706baa6f4e99af29fcda546730f
SZ159952,,True,True,e77aaa7901c76b67f047097b88ca0fc6bf4246d5f693bfc10dc03e13b82c749b
SZ159954,,True,True,1a1f150ffea95718dba61e5c66986deec871ac7054dd94ff8751fdef434a4445
SZ159956,,True,True,4b04fad18561681d6254b3214691c9fe3566d1558137dcc10dd1419f55ff21ca
SZ159957,,True,True,e36b357ebfd087476974eb24b4306a5327806fcaef60a627cda46ebf3c13962c
SZ159958,,True,True,21f031bcced0a842eacba4a57a2e5e37130ee9b8ea447b86af706b147d876962
SZ159959,,True,True,a6a4acc518981e2e8e9567989a241d13706d83627558c123a37f5eb0fb65cff3
SZ159960,,True,True,687aed03e4da6eb943260f244c72e29cad46d0fefeb4ce7c71e5aa0b735215eb
SZ159961,,True,True,b4fa4f6794ec7cd342b64ff7a071f4bab5c4e8a62b55dfaabefad42182372c19
SZ159964,,True,True,f983feb59b42c5cbbd800e48ee7cbc87c0bf798fa0ba5d7718235ea127c871e6
SZ159965,,True,True,140d6cb205716201cf94cddbdd6048c6a00fcdb687753947336a50f05b861c82
SZ159966,,True,True,632d2b75532a37ef88e2d06dad6e2163ae7a3eea0e64f5e1e5e951d0f435e7bc
SZ159967,,True,True,40ee99069afb3a07784d7be030afcfdd17c4b69d833e7ed7655386e6bac014e9
SZ159968,,True,True,ab27e33a7ad9513dcc65f985b018fc1851751de6edf6649693938738b5e3613c
SZ159970,,True,True,dce4969963ec2b53c1711c5d6a06c3656547a9b15e836acd141cf43eec07c4e9
SZ159971,,True,True,e7fb8468ffb56f6d23dcc98025564d3512facf83742e2a39360fdd839dd76827
SZ159973,,True,True,5efda9196d784b056ead16eef28c4d8ba80af262ec6987aebefaeb4f92c9f4b6
SZ159974,,True,True,4d7c1cace08c9aefdce2f3fd14a8f14ca42868e423900c91ff59f0feb5b49f5d
SZ159975,,True,True,20abec12d3bffee812f8c9a4d07dce1c25da798915cfbc5a795eac48c9287f77
SZ159976,,True,True,d25f559c4b64969b622cb143908d224910606c268385c1ead2e57d7b187515b4
SZ159977,,True,True,a163b5d1a5bffe507fe473ecff4bfc1c68e49d4a3d38cf10a0b2d5b7b79a529e
SZ159982,,True,True,18642147e2563b13de692b38b7ca91463215a7900ef4545042bf3dd9aea865e9
SZ159991,,True,True,a4eea02faf19ec7c06a6c3c46142b9417dc38405d24f940a93de17b493488a9f
SZ159992,,True,True,fa9963037b5bdf184663730d6b57b38421de1f737ba422498009dcc935053d11
SZ159993,,True,True,1d375017b80fa4ad5df8179bfa9ee33d924e568bbbf2598c4e58469a0a0e9412
SZ159994,,True,True,5cd0313c0fbad8063a6134f536a9632288ebf627756169138fefcc3de8b6ccbf
SZ159995,,True,True,e3751677b8e2545ac4805b10b2489346debbc1944ecdc2c94cadb04a599aba7f
SZ159996,,True,True,f604bf0e07903f55c2efb01edc769d1d0a94885daf1e6397cfc5940ab6070074
SZ159997,,True,True,e91c416e1af620047217a9f8937d79e881164f31b860e5ae6edb84fb89ad577f
SZ159998,,True,True,511579cdab9ece9b32a19b66e36acea52aa572018c35770c6ac4bd383afbe4b0
