symbol,record_date,ex_date,cash_payment_date,cash_dividend_per_old_share,share_ratio,fractional_share_treatment,event_id,source_url,source_sha256
SH510020,2012-12-14,2012-12-14,2012-12-14,0.0,0.1,unknown_not_provided_by_sina_hfq,SH510020~2012-12-14,https://finance.sina.com.cn/realstock/company/sh510020/hfq.js,c7eca21dc6057528f231b1e319d293efcdfbed55d1e50c844875f9a915fddce6
SH510030,2021-06-21,2021-06-21,2021-06-21,0.0,8.00037281,unknown_not_provided_by_sina_hfq,SH510030~2021-06-21,https://finance.sina.com.cn/realstock/company/sh510030/hfq.js,b87d7ebcfce0b0f55f6c72531910933cc5b8720ebfaedd99f33321263e1ae73f
SH510050,2006-05-19,2006-05-19,2006-05-19,0.024,1.0,not_applicable_no_share_change,SH510050~2006-05-19,https://finance.sina.com.cn/realstock/company/sh510050/hfq.js,2d0cbc04de03ded299f721e1a6caee5ebd05ff3464cad2c0950605fbbb776e67
SH510050,2006-11-16,2006-11-16,2006-11-16,0.037,1.0,not_applicable_no_share_change,SH510050~2006-11-16,https://finance.sina.com.cn/realstock/company/sh510050/hfq.js,2d0cbc04de03ded299f721e1a6caee5ebd05ff3464cad2c0950605fbbb776e67
SH510050,2008-11-19,2008-11-19,2008-11-19,0.06,1.0,not_applicable_no_share_change,SH510050~2008-11-19,https://finance.sina.com.cn/realstock/company/sh510050/hfq.js,2d0cbc04de03ded299f721e1a6caee5ebd05ff3464cad2c0950605fbbb776e67
SH510050,2010-11-16,2010-11-16,2010-11-16,0.025999999999999995,1.0,not_applicable_no_share_change,SH510050~2010-11-16,https://finance.sina.com.cn/realstock/company/sh510050/hfq.js,2d0cbc04de03ded299f721e1a6caee5ebd05ff3464cad2c0950605fbbb776e67
SH510050,2012-05-16,2012-05-16,2012-05-16,0.01100000000000001,1.0,not_applicable_no_share_change,SH510050~2012-05-16,https://finance.sina.com.cn/realstock/company/sh510050/hfq.js,2d0cbc04de03ded299f721e1a6caee5ebd05ff3464cad2c0950605fbbb776e67
SH510050,2012-11-13,2012-11-13,2012-11-13,0.037000000000000005,1.0,not_applicable_no_share_change,SH510050~2012-11-13,https://finance.sina.com.cn/realstock/company/sh510050/hfq.js,2d0cbc04de03ded299f721e1a6caee5ebd05ff3464cad2c0950605fbbb776e67
SH510050,2013-11-15,2013-11-15,2013-11-15,0.05299999999999999,1.0,not_applicable_no_share_change,SH510050~2013-11-15,https://finance.sina.com.cn/realstock/company/sh510050/hfq.js,2d0cbc04de03ded299f721e1a6caee5ebd05ff3464cad2c0950605fbbb776e67
SH510050,2014-11-17,2014-11-17,2014-11-17,0.04299999999999998,1.0,not_applicable_no_share_change,SH510050~2014-11-17,https://finance.sina.com.cn/realstock/company/sh510050/hfq.js,2d0cbc04de03ded299f721e1a6caee5ebd05ff3464cad2c0950605fbbb776e67
SH510050,2016-11-29,2016-11-29,2016-11-29,0.05299999999999999,1.0,not_applicable_no_share_change,SH510050~2016-11-29,https://finance.sina.com.cn/realstock/company/sh510050/hfq.js,2d0cbc04de03ded299f721e1a6caee5ebd05ff3464cad2c0950605fbbb776e67
SH510050,2017-11-28,2017-11-28,2017-11-28,0.05400000000000005,1.0,not_applicable_no_share_change,SH510050~2017-11-28,https://finance.sina.com.cn/realstock/company/sh510050/hfq.js,2d0cbc04de03ded299f721e1a6caee5ebd05ff3464cad2c0950605fbbb776e67
SH510050,2018-12-03,2018-12-03,2018-12-03,0.04899999999999999,1.0,not_applicable_no_share_change,SH510050~2018-12-03,https://finance.sina.com.cn/realstock/company/sh510050/hfq.js,2d0cbc04de03ded299f721e1a6caee5ebd05ff3464cad2c0950605fbbb776e67
SH510050,2019-12-02,2019-12-02,2019-12-02,0.046999999999999986,1.0,not_applicable_no_share_change,SH510050~2019-12-02,https://finance.sina.com.cn/realstock/company/sh510050/hfq.js,2d0cbc04de03ded299f721e1a6caee5ebd05ff3464cad2c0950605fbbb776e67
SH510050,2020-11-30,2020-11-30,2020-11-30,0.051000000000000045,1.0,not_applicable_no_share_change,SH510050~2020-11-30,https://finance.sina.com.cn/realstock/company/sh510050/hfq.js,2d0cbc04de03ded299f721e1a6caee5ebd05ff3464cad2c0950605fbbb776e67
SH510050,2021-11-29,2021-11-29,2021-11-29,0.040999999999999925,1.0,not_applicable_no_share_change,SH510050~2021-11-29,https://finance.sina.com.cn/realstock/company/sh510050/hfq.js,2d0cbc04de03ded299f721e1a6caee5ebd05ff3464cad2c0950605fbbb776e67
SH510050,2022-12-01,2022-12-01,2022-12-01,0.03700000000000003,1.0,not_applicable_no_share_change,SH510050~2022-12-01,https://finance.sina.com.cn/realstock/company/sh510050/hfq.js,2d0cbc04de03ded299f721e1a6caee5ebd05ff3464cad2c0950605fbbb776e67
SH510050,2023-11-27,2023-11-27,2023-11-27,0.039000000000000035,1.0,not_applicable_no_share_change,SH510050~2023-11-27,https://finance.sina.com.cn/realstock/company/sh510050/hfq.js,2d0cbc04de03ded299f721e1a6caee5ebd05ff3464cad2c0950605fbbb776e67
SH510050,2024-12-02,2024-12-02,2024-12-02,0.05499999999999994,1.0,not_applicable_no_share_change,SH510050~2024-12-02,https://finance.sina.com.cn/realstock/company/sh510050/hfq.js,2d0cbc04de03ded299f721e1a6caee5ebd05ff3464cad2c0950605fbbb776e67
SH510050,2025-12-17,2025-12-17,2025-12-17,0.08000000000000007,1.0,not_applicable_no_share_change,SH510050~2025-12-17,https://finance.sina.com.cn/realstock/company/sh510050/hfq.js,2d0cbc04de03ded299f721e1a6caee5ebd05ff3464cad2c0950605fbbb776e67
SH510100,2023-02-13,2023-02-13,2023-02-13,0.0,0.83788015,unknown_not_provided_by_sina_hfq,SH510100~2023-02-13,https://finance.sina.com.cn/realstock/company/sh510100/hfq.js,f76e453ad56286a2a7e113fc982d84e10d0498e9677302499d9237acfd97e837
SH510100,2023-11-13,2023-11-13,2023-11-13,0.06683533438523397,1.0,not_applicable_no_share_change,SH510100~2023-11-13,https://finance.sina.com.cn/realstock/company/sh510100/hfq.js,f76e453ad56286a2a7e113fc982d84e10d0498e9677302499d9237acfd97e837
SH510100,2024-11-07,2024-11-07,2024-11-07,0.04177208399077123,1.0,not_applicable_no_share_change,SH510100~2024-11-07,https://finance.sina.com.cn/realstock/company/sh510100/hfq.js,f76e453ad56286a2a7e113fc982d84e10d0498e9677302499d9237acfd97e837
SH510100,2025-03-10,2025-03-10,2025-03-10,0.0,0.49719902,unknown_not_provided_by_sina_hfq,SH510100~2025-03-10,https://finance.sina.com.cn/realstock/company/sh510100/hfq.js,f76e453ad56286a2a7e113fc982d84e10d0498e9677302499d9237acfd97e837
SH510100,2025-11-10,2025-11-10,2025-11-10,0.2328410604271453,1.0,not_applicable_no_share_change,SH510100~2025-11-10,https://finance.sina.com.cn/realstock/company/sh510100/hfq.js,f76e453ad56286a2a7e113fc982d84e10d0498e9677302499d9237acfd97e837
SH510150,2021-05-31,2021-05-31,2021-05-31,0.0,12.0,unknown_not_provided_by_sina_hfq,SH510150~2021-05-31,https://finance.sina.com.cn/realstock/company/sh510150/hfq.js,f7b81fb1ffd8116aedbe2cfe646e7ec470310f31bf48af8b3e65f2d557a2b13e
SH510170,2022-07-11,2022-07-11,2022-07-11,0.0,4.0,unknown_not_provided_by_sina_hfq,SH510170~2022-07-11,https://finance.sina.com.cn/realstock/company/sh510170/hfq.js,2636f085806281a1699f36eedf2f1e58f76dca57f621ac179d75123e237e23e7
SH510180,2006-11-23,2006-11-23,2006-11-23,0.045,1.0,not_applicable_no_share_change,SH510180~2006-11-23,https://finance.sina.com.cn/realstock/company/sh510180/hfq.js,820c922596f3f123145d6b289ead471e1db5e4308cb41747b93a6c2c485ec156
SH510180,2009-04-13,2009-04-13,2009-04-13,0.14900000000000002,1.0,not_applicable_no_share_change,SH510180~2009-04-13,https://finance.sina.com.cn/realstock/company/sh510180/hfq.js,820c922596f3f123145d6b289ead471e1db5e4308cb41747b93a6c2c485ec156
SH510180,2009-05-21,2009-05-21,2009-05-21,0.0,10.0,unknown_not_provided_by_sina_hfq,SH510180~2009-05-21,https://finance.sina.com.cn/realstock/company/sh510180/hfq.js,820c922596f3f123145d6b289ead471e1db5e4308cb41747b93a6c2c485ec156
SH510180,2012-11-15,2012-11-15,2012-11-15,0.000999999999999998,1.0,not_applicable_no_share_change,SH510180~2012-11-15,https://finance.sina.com.cn/realstock/company/sh510180/hfq.js,820c922596f3f123145d6b289ead471e1db5e4308cb41747b93a6c2c485ec156
SH510180,2013-09-13,2013-09-13,2013-09-13,0.001100000000000001,1.0,not_applicable_no_share_change,SH510180~2013-09-13,https://finance.sina.com.cn/realstock/company/sh510180/hfq.js,820c922596f3f123145d6b289ead471e1db5e4308cb41747b93a6c2c485ec156
SH510180,2013-12-23,2013-12-23,2013-12-23,0.0,0.25,unknown_not_provided_by_sina_hfq,SH510180~2013-12-23,https://finance.sina.com.cn/realstock/company/sh510180/hfq.js,820c922596f3f123145d6b289ead471e1db5e4308cb41747b93a6c2c485ec156
SH510180,2014-09-18,2014-09-18,2014-09-18,0.02040000000000001,1.0,not_applicable_no_share_change,SH510180~2014-09-18,https://finance.sina.com.cn/realstock/company/sh510180/hfq.js,820c922596f3f123145d6b289ead471e1db5e4308cb41747b93a6c2c485ec156
SH510180,2015-11-18,2015-11-18,2015-11-18,0.020399999999999995,1.0,not_applicable_no_share_change,SH510180~2015-11-18,https://finance.sina.com.cn/realstock/company/sh510180/hfq.js,820c922596f3f123145d6b289ead471e1db5e4308cb41747b93a6c2c485ec156
SH510180,2017-11-16,2017-11-16,2017-11-16,0.0524,1.0,not_applicable_no_share_change,SH510180~2017-11-16,https://finance.sina.com.cn/realstock/company/sh510180/hfq.js,820c922596f3f123145d6b289ead471e1db5e4308cb41747b93a6c2c485ec156
SH510180,2019-11-19,2019-11-19,2019-11-19,0.04799999999999997,1.0,not_applicable_no_share_change,SH510180~2019-11-19,https://finance.sina.com.cn/realstock/company/sh510180/hfq.js,820c922596f3f123145d6b289ead471e1db5e4308cb41747b93a6c2c485ec156
SH510180,2020-11-18,2020-11-18,2020-11-18,0.026800000000000025,1.0,not_applicable_no_share_change,SH510180~2020-11-18,https://finance.sina.com.cn/realstock/company/sh510180/hfq.js,820c922596f3f123145d6b289ead471e1db5e4308cb41747b93a6c2c485ec156
SH510180,2024-11-15,2024-11-15,2024-11-15,0.06000000000000001,1.0,not_applicable_no_share_change,SH510180~2024-11-15,https://finance.sina.com.cn/realstock/company/sh510180/hfq.js,820c922596f3f123145d6b289ead471e1db5e4308cb41747b93a6c2c485ec156
SH510180,2025-01-17,2025-01-17,2025-01-17,0.021999999999999974,1.0,not_applicable_no_share_change,SH510180~2025-01-17,https://finance.sina.com.cn/realstock/company/sh510180/hfq.js,820c922596f3f123145d6b289ead471e1db5e4308cb41747b93a6c2c485ec156
SH510180,2025-04-17,2025-04-17,2025-04-17,0.021200000000000017,1.0,not_applicable_no_share_change,SH510180~2025-04-17,https://finance.sina.com.cn/realstock/company/sh510180/hfq.js,820c922596f3f123145d6b289ead471e1db5e4308cb41747b93a6c2c485ec156
SH510180,2025-07-15,2025-07-15,2025-07-15,0.021599999999999973,1.0,not_applicable_no_share_change,SH510180~2025-07-15,https://finance.sina.com.cn/realstock/company/sh510180/hfq.js,820c922596f3f123145d6b289ead471e1db5e4308cb41747b93a6c2c485ec156
SH510180,2025-10-23,2025-10-23,2025-10-23,0.02520000000000002,1.0,not_applicable_no_share_change,SH510180~2025-10-23,https://finance.sina.com.cn/realstock/company/sh510180/hfq.js,820c922596f3f123145d6b289ead471e1db5e4308cb41747b93a6c2c485ec156
SH510180,2026-01-16,2026-01-16,2026-01-16,0.01639999999999997,1.0,not_applicable_no_share_change,SH510180~2026-01-16,https://finance.sina.com.cn/realstock/company/sh510180/hfq.js,820c922596f3f123145d6b289ead471e1db5e4308cb41747b93a6c2c485ec156
SH510180,2026-04-16,2026-04-16,2026-04-16,0.007600000000000051,1.0,not_applicable_no_share_change,SH510180~2026-04-16,https://finance.sina.com.cn/realstock/company/sh510180/hfq.js,820c922596f3f123145d6b289ead471e1db5e4308cb41747b93a6c2c485ec156
SH510180,2026-07-15,2026-07-15,2026-07-15,0.012399999999999967,1.0,not_applicable_no_share_change,SH510180~2026-07-15,https://finance.sina.com.cn/realstock/company/sh510180/hfq.js,820c922596f3f123145d6b289ead471e1db5e4308cb41747b93a6c2c485ec156
SH510210,2021-01-25,2021-01-25,2021-01-25,0.0,5.001001001,unknown_not_provided_by_sina_hfq,SH510210~2021-01-25,https://finance.sina.com.cn/realstock/company/sh510210/hfq.js,b2e506a3017c77b87bedcce9cf2a0a2df150895ecaea2142170248a0bf2f0253
SH510210,2023-06-20,2023-06-20,2023-06-20,0.015196957566055885,1.0,not_applicable_no_share_change,SH510210~2023-06-20,https://finance.sina.com.cn/realstock/company/sh510210/hfq.js,b2e506a3017c77b87bedcce9cf2a0a2df150895ecaea2142170248a0bf2f0253
SH510210,2023-08-23,2023-08-23,2023-08-23,0.007198558847079105,1.0,not_applicable_no_share_change,SH510210~2023-08-23,https://finance.sina.com.cn/realstock/company/sh510210/hfq.js,b2e506a3017c77b87bedcce9cf2a0a2df150895ecaea2142170248a0bf2f0253
SH510210,2023-12-20,2023-12-20,2023-12-20,0.012597477982388429,1.0,not_applicable_no_share_change,SH510210~2023-12-20,https://finance.sina.com.cn/realstock/company/sh510210/hfq.js,b2e506a3017c77b87bedcce9cf2a0a2df150895ecaea2142170248a0bf2f0253
SH510300,2012-12-18,2012-12-18,2012-12-18,0.033,1.0,not_applicable_no_share_change,SH510300~2012-12-18,https://finance.sina.com.cn/realstock/company/sh510300/hfq.js,a6b5081db14000155c5c507e6890a186c22b4e6e77a5e1589710fc9e23988155
SH510300,2014-01-21,2014-01-21,2014-01-21,0.048,1.0,not_applicable_no_share_change,SH510300~2014-01-21,https://finance.sina.com.cn/realstock/company/sh510300/hfq.js,a6b5081db14000155c5c507e6890a186c22b4e6e77a5e1589710fc9e23988155
SH510300,2015-01-20,2015-01-20,2015-01-20,0.035,1.0,not_applicable_no_share_change,SH510300~2015-01-20,https://finance.sina.com.cn/realstock/company/sh510300/hfq.js,a6b5081db14000155c5c507e6890a186c22b4e6e77a5e1589710fc9e23988155
SH510300,2016-01-20,2016-01-20,2016-01-20,0.051000000000000004,1.0,not_applicable_no_share_change,SH510300~2016-01-20,https://finance.sina.com.cn/realstock/company/sh510300/hfq.js,a6b5081db14000155c5c507e6890a186c22b4e6e77a5e1589710fc9e23988155
SH510300,2017-01-23,2017-01-23,2017-01-23,0.05499999999999999,1.0,not_applicable_no_share_change,SH510300~2017-01-23,https://finance.sina.com.cn/realstock/company/sh510300/hfq.js,a6b5081db14000155c5c507e6890a186c22b4e6e77a5e1589710fc9e23988155
SH510300,2018-01-23,2018-01-23,2018-01-23,0.04600000000000001,1.0,not_applicable_no_share_change,SH510300~2018-01-23,https://finance.sina.com.cn/realstock/company/sh510300/hfq.js,a6b5081db14000155c5c507e6890a186c22b4e6e77a5e1589710fc9e23988155
SH510300,2019-01-16,2019-01-16,2019-01-16,0.059,1.0,not_applicable_no_share_change,SH510300~2019-01-16,https://finance.sina.com.cn/realstock/company/sh510300/hfq.js,a6b5081db14000155c5c507e6890a186c22b4e6e77a5e1589710fc9e23988155
SH510300,2019-12-11,2019-12-11,2019-12-11,0.062,1.0,not_applicable_no_share_change,SH510300~2019-12-11,https://finance.sina.com.cn/realstock/company/sh510300/hfq.js,a6b5081db14000155c5c507e6890a186c22b4e6e77a5e1589710fc9e23988155
SH510300,2021-01-18,2021-01-18,2021-01-18,0.07200000000000001,1.0,not_applicable_no_share_change,SH510300~2021-01-18,https://finance.sina.com.cn/realstock/company/sh510300/hfq.js,a6b5081db14000155c5c507e6890a186c22b4e6e77a5e1589710fc9e23988155
SH510300,2022-01-19,2022-01-19,2022-01-19,0.07500000000000001,1.0,not_applicable_no_share_change,SH510300~2022-01-19,https://finance.sina.com.cn/realstock/company/sh510300/hfq.js,a6b5081db14000155c5c507e6890a186c22b4e6e77a5e1589710fc9e23988155
SH510300,2023-01-16,2023-01-16,2023-01-16,0.06399999999999995,1.0,not_applicable_no_share_change,SH510300~2023-01-16,https://finance.sina.com.cn/realstock/company/sh510300/hfq.js,a6b5081db14000155c5c507e6890a186c22b4e6e77a5e1589710fc9e23988155
SH510300,2024-01-18,2024-01-18,2024-01-18,0.06900000000000006,1.0,not_applicable_no_share_change,SH510300~2024-01-18,https://finance.sina.com.cn/realstock/company/sh510300/hfq.js,a6b5081db14000155c5c507e6890a186c22b4e6e77a5e1589710fc9e23988155
SH510300,2025-06-18,2025-06-18,2025-06-18,0.08799999999999997,1.0,not_applicable_no_share_change,SH510300~2025-06-18,https://finance.sina.com.cn/realstock/company/sh510300/hfq.js,a6b5081db14000155c5c507e6890a186c22b4e6e77a5e1589710fc9e23988155
SH510300,2026-01-19,2026-01-19,2026-01-19,0.123,1.0,not_applicable_no_share_change,SH510300~2026-01-19,https://finance.sina.com.cn/realstock/company/sh510300/hfq.js,a6b5081db14000155c5c507e6890a186c22b4e6e77a5e1589710fc9e23988155
SH510310,2024-09-23,2024-09-23,2024-09-23,0.0,0.49977589,unknown_not_provided_by_sina_hfq,SH510310~2024-09-23,https://finance.sina.com.cn/realstock/company/sh510310/hfq.js,d249ca95b4ccbefdca1341480301f4e57c271cc6978da79e1c40b6e5597ad3c3
SH510310,2024-10-21,2024-10-21,2024-10-21,0.16087210609539407,1.0,not_applicable_no_share_change,SH510310~2024-10-21,https://finance.sina.com.cn/realstock/company/sh510310/hfq.js,d249ca95b4ccbefdca1341480301f4e57c271cc6978da79e1c40b6e5597ad3c3
SH510310,2025-04-30,2025-04-30,2025-04-30,0.03801703999766776,1.0,not_applicable_no_share_change,SH510310~2025-04-30,https://finance.sina.com.cn/realstock/company/sh510310/hfq.js,d249ca95b4ccbefdca1341480301f4e57c271cc6978da79e1c40b6e5597ad3c3
SH510310,2025-08-01,2025-08-01,2025-08-01,0.08203677052128304,1.0,not_applicable_no_share_change,SH510310~2025-08-01,https://finance.sina.com.cn/realstock/company/sh510310/hfq.js,d249ca95b4ccbefdca1341480301f4e57c271cc6978da79e1c40b6e5597ad3c3
SH510310,2025-09-19,2025-09-19,2025-09-19,0.044019730523615276,1.0,not_applicable_no_share_change,SH510310~2025-09-19,https://finance.sina.com.cn/realstock/company/sh510310/hfq.js,d249ca95b4ccbefdca1341480301f4e57c271cc6978da79e1c40b6e5597ad3c3
SH510310,2025-11-21,2025-11-21,2025-11-21,0.048021524207580366,1.0,not_applicable_no_share_change,SH510310~2025-11-21,https://finance.sina.com.cn/realstock/company/sh510310/hfq.js,d249ca95b4ccbefdca1341480301f4e57c271cc6978da79e1c40b6e5597ad3c3
SH510310,2026-01-20,2026-01-20,2026-01-20,0.15006726314868854,1.0,not_applicable_no_share_change,SH510310~2026-01-20,https://finance.sina.com.cn/realstock/company/sh510310/hfq.js,d249ca95b4ccbefdca1341480301f4e57c271cc6978da79e1c40b6e5597ad3c3
SH510330,2013-09-06,2013-09-06,2013-09-06,0.02,1.0,not_applicable_no_share_change,SH510330~2013-09-06,https://finance.sina.com.cn/realstock/company/sh510330/hfq.js,750c4909852dfd14b39bc1e0ad5343e0f48ba94fef53b9bbc23c15b577040c54
SH510330,2014-02-14,2014-02-14,2014-02-14,0.02,1.0,not_applicable_no_share_change,SH510330~2014-02-14,https://finance.sina.com.cn/realstock/company/sh510330/hfq.js,750c4909852dfd14b39bc1e0ad5343e0f48ba94fef53b9bbc23c15b577040c54
SH510330,2014-07-11,2014-07-11,2014-07-11,0.019999999999999997,1.0,not_applicable_no_share_change,SH510330~2014-07-11,https://finance.sina.com.cn/realstock/company/sh510330/hfq.js,750c4909852dfd14b39bc1e0ad5343e0f48ba94fef53b9bbc23c15b577040c54
SH510330,2014-11-28,2014-11-28,2014-11-28,0.020000000000000004,1.0,not_applicable_no_share_change,SH510330~2014-11-28,https://finance.sina.com.cn/realstock/company/sh510330/hfq.js,750c4909852dfd14b39bc1e0ad5343e0f48ba94fef53b9bbc23c15b577040c54
SH510330,2018-11-08,2018-11-08,2018-11-08,0.1633,1.0,not_applicable_no_share_change,SH510330~2018-11-08,https://finance.sina.com.cn/realstock/company/sh510330/hfq.js,750c4909852dfd14b39bc1e0ad5343e0f48ba94fef53b9bbc23c15b577040c54
SH510330,2018-12-11,2018-12-11,2018-12-11,0.16,1.0,not_applicable_no_share_change,SH510330~2018-12-11,https://finance.sina.com.cn/realstock/company/sh510330/hfq.js,750c4909852dfd14b39bc1e0ad5343e0f48ba94fef53b9bbc23c15b577040c54
SH510330,2020-01-14,2020-01-14,2020-01-14,0.07100000000000001,1.0,not_applicable_no_share_change,SH510330~2020-01-14,https://finance.sina.com.cn/realstock/company/sh510330/hfq.js,750c4909852dfd14b39bc1e0ad5343e0f48ba94fef53b9bbc23c15b577040c54
SH510330,2021-01-25,2021-01-25,2021-01-25,0.09600000000000003,1.0,not_applicable_no_share_change,SH510330~2021-01-25,https://finance.sina.com.cn/realstock/company/sh510330/hfq.js,750c4909852dfd14b39bc1e0ad5343e0f48ba94fef53b9bbc23c15b577040c54
SH510330,2022-01-17,2022-01-17,2022-01-17,0.07899999999999996,1.0,not_applicable_no_share_change,SH510330~2022-01-17,https://finance.sina.com.cn/realstock/company/sh510330/hfq.js,750c4909852dfd14b39bc1e0ad5343e0f48ba94fef53b9bbc23c15b577040c54
SH510330,2023-01-16,2023-01-16,2023-01-16,0.06500000000000006,1.0,not_applicable_no_share_change,SH510330~2023-01-16,https://finance.sina.com.cn/realstock/company/sh510330/hfq.js,750c4909852dfd14b39bc1e0ad5343e0f48ba94fef53b9bbc23c15b577040c54
SH510330,2025-01-13,2025-01-13,2025-01-13,0.06599999999999995,1.0,not_applicable_no_share_change,SH510330~2025-01-13,https://finance.sina.com.cn/realstock/company/sh510330/hfq.js,750c4909852dfd14b39bc1e0ad5343e0f48ba94fef53b9bbc23c15b577040c54
SH510330,2025-07-14,2025-07-14,2025-07-14,0.06000000000000005,1.0,not_applicable_no_share_change,SH510330~2025-07-14,https://finance.sina.com.cn/realstock/company/sh510330/hfq.js,750c4909852dfd14b39bc1e0ad5343e0f48ba94fef53b9bbc23c15b577040c54
SH510350,2024-06-20,2024-06-20,2024-06-20,0.1901,1.0,not_applicable_no_share_change,SH510350~2024-06-20,https://finance.sina.com.cn/realstock/company/sh510350/hfq.js,053f2ca0f1d69f2b402c89e0a2de069b7c5df88156ad62f62085b9c59d5094b0
SH510350,2024-09-27,2024-09-27,2024-09-27,0.14550000000000002,1.0,not_applicable_no_share_change,SH510350~2024-09-27,https://finance.sina.com.cn/realstock/company/sh510350/hfq.js,053f2ca0f1d69f2b402c89e0a2de069b7c5df88156ad62f62085b9c59d5094b0
SH510390,2020-12-21,2020-12-21,2020-12-21,0.273,1.0,not_applicable_no_share_change,SH510390~2020-12-21,https://finance.sina.com.cn/realstock/company/sh510390/hfq.js,5a2b6d7079a8a3bb070928d7b14ce04756cf718493b5c79e6a9dce7b966af441
SH510390,2021-11-26,2021-11-26,2021-11-26,0.255,1.0,not_applicable_no_share_change,SH510390~2021-11-26,https://finance.sina.com.cn/realstock/company/sh510390/hfq.js,5a2b6d7079a8a3bb070928d7b14ce04756cf718493b5c79e6a9dce7b966af441
SH510500,2015-04-15,2015-04-15,2015-04-15,0.0,0.28032483,unknown_not_provided_by_sina_hfq,SH510500~2015-04-15,https://finance.sina.com.cn/realstock/company/sh510500/hfq.js,e0fd24a36ef170bc71fce96cc425cde8c0b8098517721cb686ea9d3d5b5c7278
SH510500,2022-08-26,2022-08-26,2022-08-26,0.0,1.14539,unknown_not_provided_by_sina_hfq,SH510500~2022-08-26,https://finance.sina.com.cn/realstock/company/sh510500/hfq.js,e0fd24a36ef170bc71fce96cc425cde8c0b8098517721cb686ea9d3d5b5c7278
SH510500,2024-05-17,2024-05-17,2024-05-17,0.27095944747366135,1.0,not_applicable_no_share_change,SH510500~2024-05-17,https://finance.sina.com.cn/realstock/company/sh510500/hfq.js,e0fd24a36ef170bc71fce96cc425cde8c0b8098517721cb686ea9d3d5b5c7278
SH510500,2025-01-16,2025-01-16,2025-01-16,0.2834173531046343,1.0,not_applicable_no_share_change,SH510500~2025-01-16,https://finance.sina.com.cn/realstock/company/sh510500/hfq.js,e0fd24a36ef170bc71fce96cc425cde8c0b8098517721cb686ea9d3d5b5c7278
SH510500,2026-01-16,2026-01-16,2026-01-16,0.19309753728008053,1.0,not_applicable_no_share_change,SH510500~2026-01-16,https://finance.sina.com.cn/realstock/company/sh510500/hfq.js,e0fd24a36ef170bc71fce96cc425cde8c0b8098517721cb686ea9d3d5b5c7278
SH510500,2026-07-15,2026-07-15,2026-07-15,0.46405698475374196,1.0,not_applicable_no_share_change,SH510500~2026-07-15,https://finance.sina.com.cn/realstock/company/sh510500/hfq.js,e0fd24a36ef170bc71fce96cc425cde8c0b8098517721cb686ea9d3d5b5c7278
SH510580,2021-07-19,2021-07-19,2021-07-19,0.0,10.0,unknown_not_provided_by_sina_hfq,SH510580~2021-07-19,https://finance.sina.com.cn/realstock/company/sh510580/hfq.js,95dc126701dc4b8100aa9eac93fc693e33b72ed61c7a52fdd592a9269f65fa4c
SH510580,2024-09-02,2024-09-02,2024-09-02,0.0,0.24798687,unknown_not_provided_by_sina_hfq,SH510580~2024-09-02,https://finance.sina.com.cn/realstock/company/sh510580/hfq.js,95dc126701dc4b8100aa9eac93fc693e33b72ed61c7a52fdd592a9269f65fa4c
SH510590,2021-11-08,2021-11-08,2021-11-08,0.7,1.0,not_applicable_no_share_change,SH510590~2021-11-08,https://finance.sina.com.cn/realstock/company/sh510590/hfq.js,70186406782989bcbab15d38ce75b403ae893cb52a9184980af6fce11728ac51
SH510590,2024-06-24,2024-06-24,2024-06-24,0.1100000000000001,1.0,not_applicable_no_share_change,SH510590~2024-06-24,https://finance.sina.com.cn/realstock/company/sh510590/hfq.js,70186406782989bcbab15d38ce75b403ae893cb52a9184980af6fce11728ac51
SH510630,2021-04-26,2021-04-26,2021-04-26,0.0,4.0,unknown_not_provided_by_sina_hfq,SH510630~2021-04-26,https://finance.sina.com.cn/realstock/company/sh510630/hfq.js,df795f3cca305568a7871d87b89cda5b3884f96b3f0ff02071637a55a296ca19
SH510720,2024-05-28,2024-05-28,2024-05-28,0.0031,1.0,not_applicable_no_share_change,SH510720~2024-05-28,https://finance.sina.com.cn/realstock/company/sh510720/hfq.js,b18d7faa2a8122e219675d6835abd369fad722c8d9d3e82aabbf0f7694a652f8
SH510720,2024-06-13,2024-06-13,2024-06-13,0.0040999999999999995,1.0,not_applicable_no_share_change,SH510720~2024-06-13,https://finance.sina.com.cn/realstock/company/sh510720/hfq.js,b18d7faa2a8122e219675d6835abd369fad722c8d9d3e82aabbf0f7694a652f8
SH510720,2024-07-15,2024-07-15,2024-07-15,0.0040999999999999995,1.0,not_applicable_no_share_change,SH510720~2024-07-15,https://finance.sina.com.cn/realstock/company/sh510720/hfq.js,b18d7faa2a8122e219675d6835abd369fad722c8d9d3e82aabbf0f7694a652f8
SH510720,2024-08-13,2024-08-13,2024-08-13,0.0039000000000000007,1.0,not_applicable_no_share_change,SH510720~2024-08-13,https://finance.sina.com.cn/realstock/company/sh510720/hfq.js,b18d7faa2a8122e219675d6835abd369fad722c8d9d3e82aabbf0f7694a652f8
SH510720,2024-09-11,2024-09-11,2024-09-11,0.0037999999999999996,1.0,not_applicable_no_share_change,SH510720~2024-09-11,https://finance.sina.com.cn/realstock/company/sh510720/hfq.js,b18d7faa2a8122e219675d6835abd369fad722c8d9d3e82aabbf0f7694a652f8
SH510720,2024-10-15,2024-10-15,2024-10-15,0.004,1.0,not_applicable_no_share_change,SH510720~2024-10-15,https://finance.sina.com.cn/realstock/company/sh510720/hfq.js,b18d7faa2a8122e219675d6835abd369fad722c8d9d3e82aabbf0f7694a652f8
SH510720,2024-11-13,2024-11-13,2024-11-13,0.0039000000000000007,1.0,not_applicable_no_share_change,SH510720~2024-11-13,https://finance.sina.com.cn/realstock/company/sh510720/hfq.js,b18d7faa2a8122e219675d6835abd369fad722c8d9d3e82aabbf0f7694a652f8
SH510720,2024-12-13,2024-12-13,2024-12-13,0.0039000000000000007,1.0,not_applicable_no_share_change,SH510720~2024-12-13,https://finance.sina.com.cn/realstock/company/sh510720/hfq.js,b18d7faa2a8122e219675d6835abd369fad722c8d9d3e82aabbf0f7694a652f8
SH510720,2025-01-14,2025-01-14,2025-01-14,0.003499999999999996,1.0,not_applicable_no_share_change,SH510720~2025-01-14,https://finance.sina.com.cn/realstock/company/sh510720/hfq.js,b18d7faa2a8122e219675d6835abd369fad722c8d9d3e82aabbf0f7694a652f8
SH510720,2025-02-13,2025-02-13,2025-02-13,0.0034000000000000002,1.0,not_applicable_no_share_change,SH510720~2025-02-13,https://finance.sina.com.cn/realstock/company/sh510720/hfq.js,b18d7faa2a8122e219675d6835abd369fad722c8d9d3e82aabbf0f7694a652f8
SH510720,2025-03-13,2025-03-13,2025-03-13,0.0033000000000000043,1.0,not_applicable_no_share_change,SH510720~2025-03-13,https://finance.sina.com.cn/realstock/company/sh510720/hfq.js,b18d7faa2a8122e219675d6835abd369fad722c8d9d3e82aabbf0f7694a652f8
SH510720,2025-04-15,2025-04-15,2025-04-15,0.0034000000000000002,1.0,not_applicable_no_share_change,SH510720~2025-04-15,https://finance.sina.com.cn/realstock/company/sh510720/hfq.js,b18d7faa2a8122e219675d6835abd369fad722c8d9d3e82aabbf0f7694a652f8
SH510720,2025-05-13,2025-05-13,2025-05-13,0.0032999999999999974,1.0,not_applicable_no_share_change,SH510720~2025-05-13,https://finance.sina.com.cn/realstock/company/sh510720/hfq.js,b18d7faa2a8122e219675d6835abd369fad722c8d9d3e82aabbf0f7694a652f8
SH510720,2025-06-13,2025-06-13,2025-06-13,0.0034000000000000002,1.0,not_applicable_no_share_change,SH510720~2025-06-13,https://finance.sina.com.cn/realstock/company/sh510720/hfq.js,b18d7faa2a8122e219675d6835abd369fad722c8d9d3e82aabbf0f7694a652f8
SH510720,2025-07-15,2025-07-15,2025-07-15,0.003500000000000003,1.0,not_applicable_no_share_change,SH510720~2025-07-15,https://finance.sina.com.cn/realstock/company/sh510720/hfq.js,b18d7faa2a8122e219675d6835abd369fad722c8d9d3e82aabbf0f7694a652f8
SH510720,2025-08-13,2025-08-13,2025-08-13,0.0034000000000000002,1.0,not_applicable_no_share_change,SH510720~2025-08-13,https://finance.sina.com.cn/realstock/company/sh510720/hfq.js,b18d7faa2a8122e219675d6835abd369fad722c8d9d3e82aabbf0f7694a652f8
SH510720,2025-09-15,2025-09-15,2025-09-15,0.0029,1.0,not_applicable_no_share_change,SH510720~2025-09-15,https://finance.sina.com.cn/realstock/company/sh510720/hfq.js,b18d7faa2a8122e219675d6835abd369fad722c8d9d3e82aabbf0f7694a652f8
SH510720,2025-10-14,2025-10-14,2025-10-14,0.002899999999999993,1.0,not_applicable_no_share_change,SH510720~2025-10-14,https://finance.sina.com.cn/realstock/company/sh510720/hfq.js,b18d7faa2a8122e219675d6835abd369fad722c8d9d3e82aabbf0f7694a652f8
SH510720,2025-11-13,2025-11-13,2025-11-13,0.0030000000000000027,1.0,not_applicable_no_share_change,SH510720~2025-11-13,https://finance.sina.com.cn/realstock/company/sh510720/hfq.js,b18d7faa2a8122e219675d6835abd369fad722c8d9d3e82aabbf0f7694a652f8
SH510720,2025-12-15,2025-12-15,2025-12-15,0.0030000000000000027,1.0,not_applicable_no_share_change,SH510720~2025-12-15,https://finance.sina.com.cn/realstock/company/sh510720/hfq.js,b18d7faa2a8122e219675d6835abd369fad722c8d9d3e82aabbf0f7694a652f8
SH510720,2026-01-13,2026-01-13,2026-01-13,0.0029,1.0,not_applicable_no_share_change,SH510720~2026-01-13,https://finance.sina.com.cn/realstock/company/sh510720/hfq.js,b18d7faa2a8122e219675d6835abd369fad722c8d9d3e82aabbf0f7694a652f8
SH510720,2026-02-09,2026-02-09,2026-02-09,0.0029,1.0,not_applicable_no_share_change,SH510720~2026-02-09,https://finance.sina.com.cn/realstock/company/sh510720/hfq.js,b18d7faa2a8122e219675d6835abd369fad722c8d9d3e82aabbf0f7694a652f8
SH510720,2026-03-13,2026-03-13,2026-03-13,0.0031999999999999945,1.0,not_applicable_no_share_change,SH510720~2026-03-13,https://finance.sina.com.cn/realstock/company/sh510720/hfq.js,b18d7faa2a8122e219675d6835abd369fad722c8d9d3e82aabbf0f7694a652f8
SH510720,2026-04-14,2026-04-14,2026-04-14,0.0030000000000000027,1.0,not_applicable_no_share_change,SH510720~2026-04-14,https://finance.sina.com.cn/realstock/company/sh510720/hfq.js,b18d7faa2a8122e219675d6835abd369fad722c8d9d3e82aabbf0f7694a652f8
SH510720,2026-05-13,2026-05-13,2026-05-13,0.0031000000000000055,1.0,not_applicable_no_share_change,SH510720~2026-05-13,https://finance.sina.com.cn/realstock/company/sh510720/hfq.js,b18d7faa2a8122e219675d6835abd369fad722c8d9d3e82aabbf0f7694a652f8
SH510720,2026-06-15,2026-06-15,2026-06-15,0.0031999999999999945,1.0,not_applicable_no_share_change,SH510720~2026-06-15,https://finance.sina.com.cn/realstock/company/sh510720/hfq.js,b18d7faa2a8122e219675d6835abd369fad722c8d9d3e82aabbf0f7694a652f8
SH510720,2026-07-14,2026-07-14,2026-07-14,0.002799999999999997,1.0,not_applicable_no_share_change,SH510720~2026-07-14,https://finance.sina.com.cn/realstock/company/sh510720/hfq.js,b18d7faa2a8122e219675d6835abd369fad722c8d9d3e82aabbf0f7694a652f8
SH510760,2024-05-27,2024-05-27,2024-05-27,0.046,1.0,not_applicable_no_share_change,SH510760~2024-05-27,https://finance.sina.com.cn/realstock/company/sh510760/hfq.js,aea9ce6586e88f7d5b427fc2eb214def1e77df25c8e6d3d54bf69ca3b1d62c9e
SH510760,2024-08-14,2024-08-14,2024-08-14,0.046,1.0,not_applicable_no_share_change,SH510760~2024-08-14,https://finance.sina.com.cn/realstock/company/sh510760/hfq.js,aea9ce6586e88f7d5b427fc2eb214def1e77df25c8e6d3d54bf69ca3b1d62c9e
SH510760,2024-12-24,2024-12-24,2024-12-24,0.04999999999999999,1.0,not_applicable_no_share_change,SH510760~2024-12-24,https://finance.sina.com.cn/realstock/company/sh510760/hfq.js,aea9ce6586e88f7d5b427fc2eb214def1e77df25c8e6d3d54bf69ca3b1d62c9e
SH510810,2017-08-10,2017-08-10,2017-08-10,0.02,1.0,not_applicable_no_share_change,SH510810~2017-08-10,https://finance.sina.com.cn/realstock/company/sh510810/hfq.js,0eb343e1f835aaf63e7e0d4d07bf77ce1c956a2f52a4b0a1f1f5bd8133801b4d
SH510810,2017-10-25,2017-10-25,2017-10-25,0.009999999999999998,1.0,not_applicable_no_share_change,SH510810~2017-10-25,https://finance.sina.com.cn/realstock/company/sh510810/hfq.js,0eb343e1f835aaf63e7e0d4d07bf77ce1c956a2f52a4b0a1f1f5bd8133801b4d
SH510810,2023-10-18,2023-10-18,2023-10-18,0.03,1.0,not_applicable_no_share_change,SH510810~2023-10-18,https://finance.sina.com.cn/realstock/company/sh510810/hfq.js,0eb343e1f835aaf63e7e0d4d07bf77ce1c956a2f52a4b0a1f1f5bd8133801b4d
SH510810,2024-11-20,2024-11-20,2024-11-20,0.03,1.0,not_applicable_no_share_change,SH510810~2024-11-20,https://finance.sina.com.cn/realstock/company/sh510810/hfq.js,0eb343e1f835aaf63e7e0d4d07bf77ce1c956a2f52a4b0a1f1f5bd8133801b4d
SH510810,2025-10-24,2025-10-24,2025-10-24,0.020000000000000004,1.0,not_applicable_no_share_change,SH510810~2025-10-24,https://finance.sina.com.cn/realstock/company/sh510810/hfq.js,0eb343e1f835aaf63e7e0d4d07bf77ce1c956a2f52a4b0a1f1f5bd8133801b4d
SH510880,2009-03-24,2009-03-24,2009-03-24,0.024,1.0,not_applicable_no_share_change,SH510880~2009-03-24,https://finance.sina.com.cn/realstock/company/sh510880/hfq.js,ef46f989c2a0dda586b05e139e267af922405714d6a1710cb418a61187515e96
SH510880,2009-10-22,2009-10-22,2009-10-22,0.023,1.0,not_applicable_no_share_change,SH510880~2009-10-22,https://finance.sina.com.cn/realstock/company/sh510880/hfq.js,ef46f989c2a0dda586b05e139e267af922405714d6a1710cb418a61187515e96
SH510880,2010-07-15,2010-07-15,2010-07-15,0.020000000000000004,1.0,not_applicable_no_share_change,SH510880~2010-07-15,https://finance.sina.com.cn/realstock/company/sh510880/hfq.js,ef46f989c2a0dda586b05e139e267af922405714d6a1710cb418a61187515e96
SH510880,2010-10-22,2010-10-22,2010-10-22,0.02099999999999999,1.0,not_applicable_no_share_change,SH510880~2010-10-22,https://finance.sina.com.cn/realstock/company/sh510880/hfq.js,ef46f989c2a0dda586b05e139e267af922405714d6a1710cb418a61187515e96
SH510880,2011-10-24,2011-10-24,2011-10-24,0.035,1.0,not_applicable_no_share_change,SH510880~2011-10-24,https://finance.sina.com.cn/realstock/company/sh510880/hfq.js,ef46f989c2a0dda586b05e139e267af922405714d6a1710cb418a61187515e96
SH510880,2012-12-18,2012-12-18,2012-12-18,0.04100000000000001,1.0,not_applicable_no_share_change,SH510880~2012-12-18,https://finance.sina.com.cn/realstock/company/sh510880/hfq.js,ef46f989c2a0dda586b05e139e267af922405714d6a1710cb418a61187515e96
SH510880,2014-01-21,2014-01-21,2014-01-21,0.059,1.0,not_applicable_no_share_change,SH510880~2014-01-21,https://finance.sina.com.cn/realstock/company/sh510880/hfq.js,ef46f989c2a0dda586b05e139e267af922405714d6a1710cb418a61187515e96
SH510880,2015-01-20,2015-01-20,2015-01-20,0.07999999999999999,1.0,not_applicable_no_share_change,SH510880~2015-01-20,https://finance.sina.com.cn/realstock/company/sh510880/hfq.js,ef46f989c2a0dda586b05e139e267af922405714d6a1710cb418a61187515e96
SH510880,2016-01-20,2016-01-20,2016-01-20,0.04999999999999999,1.0,not_applicable_no_share_change,SH510880~2016-01-20,https://finance.sina.com.cn/realstock/company/sh510880/hfq.js,ef46f989c2a0dda586b05e139e267af922405714d6a1710cb418a61187515e96
SH510880,2017-01-23,2017-01-23,2017-01-23,0.09100000000000003,1.0,not_applicable_no_share_change,SH510880~2017-01-23,https://finance.sina.com.cn/realstock/company/sh510880/hfq.js,ef46f989c2a0dda586b05e139e267af922405714d6a1710cb418a61187515e96
SH510880,2018-01-23,2018-01-23,2018-01-23,0.10900000000000004,1.0,not_applicable_no_share_change,SH510880~2018-01-23,https://finance.sina.com.cn/realstock/company/sh510880/hfq.js,ef46f989c2a0dda586b05e139e267af922405714d6a1710cb418a61187515e96
SH510880,2019-01-16,2019-01-16,2019-01-16,0.09799999999999998,1.0,not_applicable_no_share_change,SH510880~2019-01-16,https://finance.sina.com.cn/realstock/company/sh510880/hfq.js,ef46f989c2a0dda586b05e139e267af922405714d6a1710cb418a61187515e96
SH510880,2020-01-17,2020-01-17,2020-01-17,0.14400000000000002,1.0,not_applicable_no_share_change,SH510880~2020-01-17,https://finance.sina.com.cn/realstock/company/sh510880/hfq.js,ef46f989c2a0dda586b05e139e267af922405714d6a1710cb418a61187515e96
SH510880,2021-01-18,2021-01-18,2021-01-18,0.14100000000000001,1.0,not_applicable_no_share_change,SH510880~2021-01-18,https://finance.sina.com.cn/realstock/company/sh510880/hfq.js,ef46f989c2a0dda586b05e139e267af922405714d6a1710cb418a61187515e96
SH510880,2022-01-17,2022-01-17,2022-01-17,0.08599999999999997,1.0,not_applicable_no_share_change,SH510880~2022-01-17,https://finance.sina.com.cn/realstock/company/sh510880/hfq.js,ef46f989c2a0dda586b05e139e267af922405714d6a1710cb418a61187515e96
SH510880,2023-01-16,2023-01-16,2023-01-16,0.1379999999999999,1.0,not_applicable_no_share_change,SH510880~2023-01-16,https://finance.sina.com.cn/realstock/company/sh510880/hfq.js,ef46f989c2a0dda586b05e139e267af922405714d6a1710cb418a61187515e96
SH510880,2024-01-23,2024-01-23,2024-01-23,0.131,1.0,not_applicable_no_share_change,SH510880~2024-01-23,https://finance.sina.com.cn/realstock/company/sh510880/hfq.js,ef46f989c2a0dda586b05e139e267af922405714d6a1710cb418a61187515e96
SH510880,2025-01-21,2025-01-21,2025-01-21,0.14200000000000013,1.0,not_applicable_no_share_change,SH510880~2025-01-21,https://finance.sina.com.cn/realstock/company/sh510880/hfq.js,ef46f989c2a0dda586b05e139e267af922405714d6a1710cb418a61187515e96
SH510880,2026-01-21,2026-01-21,2026-01-21,0.14300000000000002,1.0,not_applicable_no_share_change,SH510880~2026-01-21,https://finance.sina.com.cn/realstock/company/sh510880/hfq.js,ef46f989c2a0dda586b05e139e267af922405714d6a1710cb418a61187515e96
SH510950,2026-04-27,2026-04-27,2026-04-27,0.0,1.28769271,unknown_not_provided_by_sina_hfq,SH510950~2026-04-27,https://finance.sina.com.cn/realstock/company/sh510950/hfq.js,29a9a532f1e5210a3aa20363c65fcfc4e1066f6bfed67f69e5e3020ff21a7b42
SH512000,2025-08-04,2025-08-04,2025-08-04,0.0,2.0,unknown_not_provided_by_sina_hfq,SH512000~2025-08-04,https://finance.sina.com.cn/realstock/company/sh512000/hfq.js,9c2e53e262ed31af3894ab78c764ad6492ef6d669872622a786633fbe5113cd0
SH512010,2021-06-28,2021-06-28,2021-06-28,0.0,4.0,unknown_not_provided_by_sina_hfq,SH512010~2021-06-28,https://finance.sina.com.cn/realstock/company/sh512010/hfq.js,09388018033be43f445fb99c16d0d6f86497953dd064a66d8acb8519345e604b
SH512040,2023-10-11,2023-10-11,2023-10-11,0.0,2.0,unknown_not_provided_by_sina_hfq,SH512040~2023-10-11,https://finance.sina.com.cn/realstock/company/sh512040/hfq.js,49c22f5779df5db7e0032c3fc945b1bd0c263e321224fe13c1fc25c3837e73aa
SH512040,2023-12-13,2023-12-13,2023-12-13,0.052,1.0,not_applicable_no_share_change,SH512040~2023-12-13,https://finance.sina.com.cn/realstock/company/sh512040/hfq.js,49c22f5779df5db7e0032c3fc945b1bd0c263e321224fe13c1fc25c3837e73aa
SH512070,2021-09-13,2021-09-13,2021-09-13,0.0,3.000127992,unknown_not_provided_by_sina_hfq,SH512070~2021-09-13,https://finance.sina.com.cn/realstock/company/sh512070/hfq.js,fc495763385afb33e07f7dced7907464e2c969a831c7497460a9eb5769e3d0a8
SH512120,2022-03-28,2022-03-28,2022-03-28,0.0,3.0,unknown_not_provided_by_sina_hfq,SH512120~2022-03-28,https://finance.sina.com.cn/realstock/company/sh512120/hfq.js,eb5ebcb713e51d0f60fce76e06277f1521a55b55ac2b9564ddeffde611ca82f3
SH512160,2023-01-17,2023-01-17,2023-01-17,0.29,1.0,not_applicable_no_share_change,SH512160~2023-01-17,https://finance.sina.com.cn/realstock/company/sh512160/hfq.js,e7fe76734477581c8eedbfadfbdeb93f2da2d5d3db635585c44b137e15d2fbf8
SH512170,2021-02-25,2021-02-25,2021-02-25,0.0,3.0,unknown_not_provided_by_sina_hfq,SH512170~2021-02-25,https://finance.sina.com.cn/realstock/company/sh512170/hfq.js,781dd8e1c31d275da7ea9ff6805c5bdce402dcdac3a70e7a2cb5025679cde375
SH512200,2024-08-12,2024-08-12,2024-08-12,0.0,0.3580626,unknown_not_provided_by_sina_hfq,SH512200~2024-08-12,https://finance.sina.com.cn/realstock/company/sh512200/hfq.js,0e2b7c56ca14accf8e738a0fff8fd77da6ecb190822e2aa4d48675be5983d491
SH512250,2025-10-23,2025-10-23,2025-10-23,0.0141,1.0,not_applicable_no_share_change,SH512250~2025-10-23,https://finance.sina.com.cn/realstock/company/sh512250/hfq.js,95e7f4f782a73704e9c9d98f512ae344c1b6b31fd9d8867b10bf1ad0f6bb4e7a
SH512250,2026-01-19,2026-01-19,2026-01-19,0.0088,1.0,not_applicable_no_share_change,SH512250~2026-01-19,https://finance.sina.com.cn/realstock/company/sh512250/hfq.js,95e7f4f782a73704e9c9d98f512ae344c1b6b31fd9d8867b10bf1ad0f6bb4e7a
SH512250,2026-04-16,2026-04-16,2026-04-16,0.006499999999999999,1.0,not_applicable_no_share_change,SH512250~2026-04-16,https://finance.sina.com.cn/realstock/company/sh512250/hfq.js,95e7f4f782a73704e9c9d98f512ae344c1b6b31fd9d8867b10bf1ad0f6bb4e7a
SH512250,2026-07-15,2026-07-15,2026-07-15,0.0236,1.0,not_applicable_no_share_change,SH512250~2026-07-15,https://finance.sina.com.cn/realstock/company/sh512250/hfq.js,95e7f4f782a73704e9c9d98f512ae344c1b6b31fd9d8867b10bf1ad0f6bb4e7a
SH512390,2021-12-20,2021-12-20,2021-12-20,0.147,1.0,not_applicable_no_share_change,SH512390~2021-12-20,https://finance.sina.com.cn/realstock/company/sh512390/hfq.js,15de82889b53eb7ec201e18e7484b55bfaedbeb9c70025b6cd7d1b7c437f7761
SH512390,2024-06-24,2024-06-24,2024-06-24,0.1818,1.0,not_applicable_no_share_change,SH512390~2024-06-24,https://finance.sina.com.cn/realstock/company/sh512390/hfq.js,15de82889b53eb7ec201e18e7484b55bfaedbeb9c70025b6cd7d1b7c437f7761
SH512400,2024-09-18,2024-09-18,2024-09-18,0.01,1.0,not_applicable_no_share_change,SH512400~2024-09-18,https://finance.sina.com.cn/realstock/company/sh512400/hfq.js,10ab2d9d50e1c9f9b9690e752586af88ff1d5ed4f0001690fe68b0cf2047618c
SH512400,2025-09-15,2025-09-15,2025-09-15,0.015000000000000001,1.0,not_applicable_no_share_change,SH512400~2025-09-15,https://finance.sina.com.cn/realstock/company/sh512400/hfq.js,10ab2d9d50e1c9f9b9690e752586af88ff1d5ed4f0001690fe68b0cf2047618c
SH512480,2021-03-29,2021-03-29,2021-03-29,0.0,2.0,unknown_not_provided_by_sina_hfq,SH512480~2021-03-29,https://finance.sina.com.cn/realstock/company/sh512480/hfq.js,fa6020cbb700d251e6c2130869522b3172436f3c11ac192025edf2ad62bdc32f
SH512480,2026-07-03,2026-07-03,2026-07-03,0.0,2.0,unknown_not_provided_by_sina_hfq,SH512480~2026-07-03,https://finance.sina.com.cn/realstock/company/sh512480/hfq.js,fa6020cbb700d251e6c2130869522b3172436f3c11ac192025edf2ad62bdc32f
SH512510,2017-01-23,2017-01-23,2017-01-23,0.024,1.0,not_applicable_no_share_change,SH512510~2017-01-23,https://finance.sina.com.cn/realstock/company/sh512510/hfq.js,bb24639548a548fc8756f1cba107138b37fb68c7f6ad874725479cc0702640c4
SH512520,2022-03-22,2022-03-22,2022-03-22,0.33,1.0,not_applicable_no_share_change,SH512520~2022-03-22,https://finance.sina.com.cn/realstock/company/sh512520/hfq.js,314a9133123b6e0a24814791dc3e13df0768b6c36e7439b407f2cda6d1a768e4
SH512560,2021-11-15,2021-11-15,2021-11-15,0.0,2.0,unknown_not_provided_by_sina_hfq,SH512560~2021-11-15,https://finance.sina.com.cn/realstock/company/sh512560/hfq.js,73b7594a40db53cda67421d61c32e7c8037cebd9593329d10dbc86daaee7cb82
SH512600,2021-08-16,2021-08-16,2021-08-16,0.0,5.0,unknown_not_provided_by_sina_hfq,SH512600~2021-08-16,https://finance.sina.com.cn/realstock/company/sh512600/hfq.js,496d45166d8a9efc2267c26ba76651cc23856247b683f7b495d734f73e4686a5
SH512670,2021-08-23,2021-08-23,2021-08-23,0.0,2.0,unknown_not_provided_by_sina_hfq,SH512670~2021-08-23,https://finance.sina.com.cn/realstock/company/sh512670/hfq.js,536e850a1ee38d93fa76dcac48ea88e19389673345e4ee28999f590c12fb1395
SH512690,2021-05-17,2021-05-17,2021-05-17,0.0,2.0,unknown_not_provided_by_sina_hfq,SH512690~2021-05-17,https://finance.sina.com.cn/realstock/company/sh512690/hfq.js,4a2f0b526151d228b35797bbbeaa963bbafb88afe0a477e1cdac4f0ac6eab38f
SH512690,2021-12-31,2021-12-31,2021-12-31,0.175,1.0,not_applicable_no_share_change,SH512690~2021-12-31,https://finance.sina.com.cn/realstock/company/sh512690/hfq.js,4a2f0b526151d228b35797bbbeaa963bbafb88afe0a477e1cdac4f0ac6eab38f
SH512700,2020-03-25,2020-03-25,2020-03-25,0.1,1.0,not_applicable_no_share_change,SH512700~2020-03-25,https://finance.sina.com.cn/realstock/company/sh512700/hfq.js,b38e6ad8399f8609cb137b691c2f3c0b3d2530c3c7db5f83cdd23e964aa1d8e3
SH512700,2024-08-13,2024-08-13,2024-08-13,0.067,1.0,not_applicable_no_share_change,SH512700~2024-08-13,https://finance.sina.com.cn/realstock/company/sh512700/hfq.js,b38e6ad8399f8609cb137b691c2f3c0b3d2530c3c7db5f83cdd23e964aa1d8e3
SH512700,2025-12-08,2025-12-08,2025-12-08,0.05199999999999999,1.0,not_applicable_no_share_change,SH512700~2025-12-08,https://finance.sina.com.cn/realstock/company/sh512700/hfq.js,b38e6ad8399f8609cb137b691c2f3c0b3d2530c3c7db5f83cdd23e964aa1d8e3
SH512700,2026-03-09,2026-03-09,2026-03-09,0.047000000000000014,1.0,not_applicable_no_share_change,SH512700~2026-03-09,https://finance.sina.com.cn/realstock/company/sh512700/hfq.js,b38e6ad8399f8609cb137b691c2f3c0b3d2530c3c7db5f83cdd23e964aa1d8e3
SH512700,2026-05-27,2026-05-27,2026-05-27,0.043999999999999984,1.0,not_applicable_no_share_change,SH512700~2026-05-27,https://finance.sina.com.cn/realstock/company/sh512700/hfq.js,b38e6ad8399f8609cb137b691c2f3c0b3d2530c3c7db5f83cdd23e964aa1d8e3
SH512710,2021-03-22,2021-03-22,2021-03-22,0.0,2.000134789,unknown_not_provided_by_sina_hfq,SH512710~2021-03-22,https://finance.sina.com.cn/realstock/company/sh512710/hfq.js,d4a365aeaed30000afd06aa07b8f1c57f0e505acdd7006a34459c689c9823dc7
SH512720,2023-09-25,2023-09-25,2023-09-25,0.048,1.0,not_applicable_no_share_change,SH512720~2023-09-25,https://finance.sina.com.cn/realstock/company/sh512720/hfq.js,6fa3a4b67b8a57f964dae25bd1d2d615f3b212fcb29eb048a6481851356b2f10
SH512720,2023-12-25,2023-12-25,2023-12-25,0.048,1.0,not_applicable_no_share_change,SH512720~2023-12-25,https://finance.sina.com.cn/realstock/company/sh512720/hfq.js,6fa3a4b67b8a57f964dae25bd1d2d615f3b212fcb29eb048a6481851356b2f10
SH512760,2020-09-10,2020-09-10,2020-09-10,0.0,2.0,unknown_not_provided_by_sina_hfq,SH512760~2020-09-10,https://finance.sina.com.cn/realstock/company/sh512760/hfq.js,5e94c8a30134f2f2cfd29692e7588cd3cb7d0283b2c7536f6ea43e1b4024f562
SH512760,2026-03-27,2026-03-27,2026-03-27,0.0,2.0,unknown_not_provided_by_sina_hfq,SH512760~2026-03-27,https://finance.sina.com.cn/realstock/company/sh512760/hfq.js,5e94c8a30134f2f2cfd29692e7588cd3cb7d0283b2c7536f6ea43e1b4024f562
SH512800,2025-07-07,2025-07-07,2025-07-07,0.0,2.0,unknown_not_provided_by_sina_hfq,SH512800~2025-07-07,https://finance.sina.com.cn/realstock/company/sh512800/hfq.js,e76b06cb16b7cb65ac653377359259ed75364f02d7910c827bd6dee2e848ec95
SH512810,2025-06-23,2025-06-23,2025-06-23,0.0,2.0,unknown_not_provided_by_sina_hfq,SH512810~2025-06-23,https://finance.sina.com.cn/realstock/company/sh512810/hfq.js,c018334034cd15ce0efa0b4d2d33aa8ed1688b38b79d82f8c5a0e312909bb5b9
SH512820,2024-10-21,2024-10-21,2024-10-21,0.066,1.0,not_applicable_no_share_change,SH512820~2024-10-21,https://finance.sina.com.cn/realstock/company/sh512820/hfq.js,83e163b27b5f241de5b673d1e2f0957ef45abdfa5cfe3d75be86f8f8327615e3
SH512820,2024-11-22,2024-11-22,2024-11-22,0.066,1.0,not_applicable_no_share_change,SH512820~2024-11-22,https://finance.sina.com.cn/realstock/company/sh512820/hfq.js,83e163b27b5f241de5b673d1e2f0957ef45abdfa5cfe3d75be86f8f8327615e3
SH512820,2024-12-25,2024-12-25,2024-12-25,0.064,1.0,not_applicable_no_share_change,SH512820~2024-12-25,https://finance.sina.com.cn/realstock/company/sh512820/hfq.js,83e163b27b5f241de5b673d1e2f0957ef45abdfa5cfe3d75be86f8f8327615e3
SH512890,2021-10-25,2021-10-25,2021-10-25,0.0,2.0,unknown_not_provided_by_sina_hfq,SH512890~2021-10-25,https://finance.sina.com.cn/realstock/company/sh512890/hfq.js,967fb9054abf83ecea5b33f542df12e648e585c1bf6417189bcecdbb1294c05d
SH512910,2023-11-06,2023-11-06,2023-11-06,0.0492,1.0,not_applicable_no_share_change,SH512910~2023-11-06,https://finance.sina.com.cn/realstock/company/sh512910/hfq.js,14620998efec22e9578d974d59cbd0e8f3caf7f320d9051329bb64e0d3ccd367
SH512910,2023-12-04,2023-12-04,2023-12-04,0.0478,1.0,not_applicable_no_share_change,SH512910~2023-12-04,https://finance.sina.com.cn/realstock/company/sh512910/hfq.js,14620998efec22e9578d974d59cbd0e8f3caf7f320d9051329bb64e0d3ccd367
SH512910,2023-12-20,2023-12-20,2023-12-20,0.042800000000000005,1.0,not_applicable_no_share_change,SH512910~2023-12-20,https://finance.sina.com.cn/realstock/company/sh512910/hfq.js,14620998efec22e9578d974d59cbd0e8f3caf7f320d9051329bb64e0d3ccd367
SH512960,2023-03-29,2023-03-29,2023-03-29,0.0388,1.0,not_applicable_no_share_change,SH512960~2023-03-29,https://finance.sina.com.cn/realstock/company/sh512960/hfq.js,3e4299910039bae164df9710cbc0b791f5d2d879609d79c405f7e069932b2317
SH513600,2024-09-18,2024-09-18,2024-09-18,0.021,1.0,not_applicable_no_share_change,SH513600~2024-09-18,https://finance.sina.com.cn/realstock/company/sh513600/hfq.js,97990c3b892bbede18a25565c9fd91ba14bee08a92e304dc14a5d6f547921797
SH513600,2024-10-21,2024-10-21,2024-10-21,0.023999999999999997,1.0,not_applicable_no_share_change,SH513600~2024-10-21,https://finance.sina.com.cn/realstock/company/sh513600/hfq.js,97990c3b892bbede18a25565c9fd91ba14bee08a92e304dc14a5d6f547921797
SH513630,2025-12-30,2025-12-30,2025-12-30,0.002,1.0,not_applicable_no_share_change,SH513630~2025-12-30,https://finance.sina.com.cn/realstock/company/sh513630/hfq.js,999feb5491536af3c643fc1f182de373e43a03ccc3776395563b2aafa59d24e7
SH513630,2026-01-27,2026-01-27,2026-01-27,0.002,1.0,not_applicable_no_share_change,SH513630~2026-01-27,https://finance.sina.com.cn/realstock/company/sh513630/hfq.js,999feb5491536af3c643fc1f182de373e43a03ccc3776395563b2aafa59d24e7
SH513630,2026-02-24,2026-02-24,2026-02-24,0.002,1.0,not_applicable_no_share_change,SH513630~2026-02-24,https://finance.sina.com.cn/realstock/company/sh513630/hfq.js,999feb5491536af3c643fc1f182de373e43a03ccc3776395563b2aafa59d24e7
SH513630,2026-03-26,2026-03-26,2026-03-26,0.002,1.0,not_applicable_no_share_change,SH513630~2026-03-26,https://finance.sina.com.cn/realstock/company/sh513630/hfq.js,999feb5491536af3c643fc1f182de373e43a03ccc3776395563b2aafa59d24e7
SH513630,2026-04-27,2026-04-27,2026-04-27,0.002,1.0,not_applicable_no_share_change,SH513630~2026-04-27,https://finance.sina.com.cn/realstock/company/sh513630/hfq.js,999feb5491536af3c643fc1f182de373e43a03ccc3776395563b2aafa59d24e7
SH513630,2026-05-21,2026-05-21,2026-05-21,0.002,1.0,not_applicable_no_share_change,SH513630~2026-05-21,https://finance.sina.com.cn/realstock/company/sh513630/hfq.js,999feb5491536af3c643fc1f182de373e43a03ccc3776395563b2aafa59d24e7
SH513630,2026-06-23,2026-06-23,2026-06-23,0.002,1.0,not_applicable_no_share_change,SH513630~2026-06-23,https://finance.sina.com.cn/realstock/company/sh513630/hfq.js,999feb5491536af3c643fc1f182de373e43a03ccc3776395563b2aafa59d24e7
SH513630,2026-07-24,2026-07-24,2026-07-24,0.002,1.0,not_applicable_no_share_change,SH513630~2026-07-24,https://finance.sina.com.cn/realstock/company/sh513630/hfq.js,999feb5491536af3c643fc1f182de373e43a03ccc3776395563b2aafa59d24e7
SH513660,2026-04-21,2026-04-21,2026-04-21,0.0,2.0,unknown_not_provided_by_sina_hfq,SH513660~2026-04-21,https://finance.sina.com.cn/realstock/company/sh513660/hfq.js,c578a4f26bfab05f5c0d23bcdbc26065a3bf8478e9b9f4d5e584a0410680b9d6
SH513690,2022-06-21,2022-06-21,2022-06-21,0.01,1.0,not_applicable_no_share_change,SH513690~2022-06-21,https://finance.sina.com.cn/realstock/company/sh513690/hfq.js,e15abdd2f35b2953a9a60fd9e8ab87afbc6b056ce60c8afcaa5b9e62b15c52ea
SH513690,2023-12-22,2023-12-22,2023-12-22,0.007000000000000001,1.0,not_applicable_no_share_change,SH513690~2023-12-22,https://finance.sina.com.cn/realstock/company/sh513690/hfq.js,e15abdd2f35b2953a9a60fd9e8ab87afbc6b056ce60c8afcaa5b9e62b15c52ea
SH513690,2024-12-17,2024-12-17,2024-12-17,0.008499999999999997,1.0,not_applicable_no_share_change,SH513690~2024-12-17,https://finance.sina.com.cn/realstock/company/sh513690/hfq.js,e15abdd2f35b2953a9a60fd9e8ab87afbc6b056ce60c8afcaa5b9e62b15c52ea
SH513690,2025-12-17,2025-12-17,2025-12-17,0.011300000000000001,1.0,not_applicable_no_share_change,SH513690~2025-12-17,https://finance.sina.com.cn/realstock/company/sh513690/hfq.js,e15abdd2f35b2953a9a60fd9e8ab87afbc6b056ce60c8afcaa5b9e62b15c52ea
SH513770,2025-09-01,2025-09-01,2025-09-01,0.0,2.0,unknown_not_provided_by_sina_hfq,SH513770~2025-09-01,https://finance.sina.com.cn/realstock/company/sh513770/hfq.js,6f9c7dd7bdb3c74f84f1dba25f2917ca079775d00da945e5947ead9f6588540c
SH513820,2024-07-24,2024-07-24,2024-07-24,0.005,1.0,not_applicable_no_share_change,SH513820~2024-07-24,https://finance.sina.com.cn/realstock/company/sh513820/hfq.js,067f041af2c35e7706ac7cd3b86c0276dbfcb2d3380e563e045017b9fc10edb8
SH513820,2024-08-27,2024-08-27,2024-08-27,0.003999999999999999,1.0,not_applicable_no_share_change,SH513820~2024-08-27,https://finance.sina.com.cn/realstock/company/sh513820/hfq.js,067f041af2c35e7706ac7cd3b86c0276dbfcb2d3380e563e045017b9fc10edb8
SH513820,2024-09-25,2024-09-25,2024-09-25,0.004,1.0,not_applicable_no_share_change,SH513820~2024-09-25,https://finance.sina.com.cn/realstock/company/sh513820/hfq.js,067f041af2c35e7706ac7cd3b86c0276dbfcb2d3380e563e045017b9fc10edb8
SH513820,2024-10-25,2024-10-25,2024-10-25,0.004000000000000002,1.0,not_applicable_no_share_change,SH513820~2024-10-25,https://finance.sina.com.cn/realstock/company/sh513820/hfq.js,067f041af2c35e7706ac7cd3b86c0276dbfcb2d3380e563e045017b9fc10edb8
SH513820,2024-11-26,2024-11-26,2024-11-26,0.004,1.0,not_applicable_no_share_change,SH513820~2024-11-26,https://finance.sina.com.cn/realstock/company/sh513820/hfq.js,067f041af2c35e7706ac7cd3b86c0276dbfcb2d3380e563e045017b9fc10edb8
SH513820,2024-12-25,2024-12-25,2024-12-25,0.004,1.0,not_applicable_no_share_change,SH513820~2024-12-25,https://finance.sina.com.cn/realstock/company/sh513820/hfq.js,067f041af2c35e7706ac7cd3b86c0276dbfcb2d3380e563e045017b9fc10edb8
SH513820,2025-01-22,2025-01-22,2025-01-22,0.0009999999999999974,1.0,not_applicable_no_share_change,SH513820~2025-01-22,https://finance.sina.com.cn/realstock/company/sh513820/hfq.js,067f041af2c35e7706ac7cd3b86c0276dbfcb2d3380e563e045017b9fc10edb8
SH513820,2025-02-25,2025-02-25,2025-02-25,0.0010000000000000009,1.0,not_applicable_no_share_change,SH513820~2025-02-25,https://finance.sina.com.cn/realstock/company/sh513820/hfq.js,067f041af2c35e7706ac7cd3b86c0276dbfcb2d3380e563e045017b9fc10edb8
SH513820,2025-03-26,2025-03-26,2025-03-26,0.0010000000000000009,1.0,not_applicable_no_share_change,SH513820~2025-03-26,https://finance.sina.com.cn/realstock/company/sh513820/hfq.js,067f041af2c35e7706ac7cd3b86c0276dbfcb2d3380e563e045017b9fc10edb8
SH513820,2025-04-25,2025-04-25,2025-04-25,0.0010000000000000009,1.0,not_applicable_no_share_change,SH513820~2025-04-25,https://finance.sina.com.cn/realstock/company/sh513820/hfq.js,067f041af2c35e7706ac7cd3b86c0276dbfcb2d3380e563e045017b9fc10edb8
SH513820,2025-05-27,2025-05-27,2025-05-27,0.0009999999999999974,1.0,not_applicable_no_share_change,SH513820~2025-05-27,https://finance.sina.com.cn/realstock/company/sh513820/hfq.js,067f041af2c35e7706ac7cd3b86c0276dbfcb2d3380e563e045017b9fc10edb8
SH513820,2025-06-25,2025-06-25,2025-06-25,0.005999999999999998,1.0,not_applicable_no_share_change,SH513820~2025-06-25,https://finance.sina.com.cn/realstock/company/sh513820/hfq.js,067f041af2c35e7706ac7cd3b86c0276dbfcb2d3380e563e045017b9fc10edb8
SH513820,2025-07-28,2025-07-28,2025-07-28,0.006000000000000005,1.0,not_applicable_no_share_change,SH513820~2025-07-28,https://finance.sina.com.cn/realstock/company/sh513820/hfq.js,067f041af2c35e7706ac7cd3b86c0276dbfcb2d3380e563e045017b9fc10edb8
SH513820,2025-08-26,2025-08-26,2025-08-26,0.005999999999999998,1.0,not_applicable_no_share_change,SH513820~2025-08-26,https://finance.sina.com.cn/realstock/company/sh513820/hfq.js,067f041af2c35e7706ac7cd3b86c0276dbfcb2d3380e563e045017b9fc10edb8
SH513820,2025-09-24,2025-09-24,2025-09-24,0.005999999999999998,1.0,not_applicable_no_share_change,SH513820~2025-09-24,https://finance.sina.com.cn/realstock/company/sh513820/hfq.js,067f041af2c35e7706ac7cd3b86c0276dbfcb2d3380e563e045017b9fc10edb8
SH513820,2025-10-28,2025-10-28,2025-10-28,0.005999999999999998,1.0,not_applicable_no_share_change,SH513820~2025-10-28,https://finance.sina.com.cn/realstock/company/sh513820/hfq.js,067f041af2c35e7706ac7cd3b86c0276dbfcb2d3380e563e045017b9fc10edb8
SH513820,2025-11-25,2025-11-25,2025-11-25,0.006000000000000005,1.0,not_applicable_no_share_change,SH513820~2025-11-25,https://finance.sina.com.cn/realstock/company/sh513820/hfq.js,067f041af2c35e7706ac7cd3b86c0276dbfcb2d3380e563e045017b9fc10edb8
SH513820,2025-12-26,2025-12-26,2025-12-26,0.0059999999999999915,1.0,not_applicable_no_share_change,SH513820~2025-12-26,https://finance.sina.com.cn/realstock/company/sh513820/hfq.js,067f041af2c35e7706ac7cd3b86c0276dbfcb2d3380e563e045017b9fc10edb8
SH513820,2026-01-27,2026-01-27,2026-01-27,0.0030000000000000027,1.0,not_applicable_no_share_change,SH513820~2026-01-27,https://finance.sina.com.cn/realstock/company/sh513820/hfq.js,067f041af2c35e7706ac7cd3b86c0276dbfcb2d3380e563e045017b9fc10edb8
SH513820,2026-02-24,2026-02-24,2026-02-24,0.0020000000000000018,1.0,not_applicable_no_share_change,SH513820~2026-02-24,https://finance.sina.com.cn/realstock/company/sh513820/hfq.js,067f041af2c35e7706ac7cd3b86c0276dbfcb2d3380e563e045017b9fc10edb8
SH513820,2026-03-25,2026-03-25,2026-03-25,0.0010000000000000009,1.0,not_applicable_no_share_change,SH513820~2026-03-25,https://finance.sina.com.cn/realstock/company/sh513820/hfq.js,067f041af2c35e7706ac7cd3b86c0276dbfcb2d3380e563e045017b9fc10edb8
SH513820,2026-04-27,2026-04-27,2026-04-27,0.0002999999999999947,1.0,not_applicable_no_share_change,SH513820~2026-04-27,https://finance.sina.com.cn/realstock/company/sh513820/hfq.js,067f041af2c35e7706ac7cd3b86c0276dbfcb2d3380e563e045017b9fc10edb8
SH513820,2026-05-26,2026-05-26,2026-05-26,0.0010000000000000009,1.0,not_applicable_no_share_change,SH513820~2026-05-26,https://finance.sina.com.cn/realstock/company/sh513820/hfq.js,067f041af2c35e7706ac7cd3b86c0276dbfcb2d3380e563e045017b9fc10edb8
SH513820,2026-06-24,2026-06-24,2026-06-24,0.0030000000000000027,1.0,not_applicable_no_share_change,SH513820~2026-06-24,https://finance.sina.com.cn/realstock/company/sh513820/hfq.js,067f041af2c35e7706ac7cd3b86c0276dbfcb2d3380e563e045017b9fc10edb8
SH513820,2026-07-28,2026-07-28,2026-07-28,0.0040000000000000036,1.0,not_applicable_no_share_change,SH513820~2026-07-28,https://finance.sina.com.cn/realstock/company/sh513820/hfq.js,067f041af2c35e7706ac7cd3b86c0276dbfcb2d3380e563e045017b9fc10edb8
SH513920,2025-01-17,2025-01-17,2025-01-17,0.017,1.0,not_applicable_no_share_change,SH513920~2025-01-17,https://finance.sina.com.cn/realstock/company/sh513920/hfq.js,a25ae784d345231d5b34fd3e25f7a9cb44da15852417b204b25b177373eb1a9b
SH513920,2025-04-17,2025-04-17,2025-04-17,0.017,1.0,not_applicable_no_share_change,SH513920~2025-04-17,https://finance.sina.com.cn/realstock/company/sh513920/hfq.js,a25ae784d345231d5b34fd3e25f7a9cb44da15852417b204b25b177373eb1a9b
SH513920,2025-07-15,2025-07-15,2025-07-15,0.018999999999999996,1.0,not_applicable_no_share_change,SH513920~2025-07-15,https://finance.sina.com.cn/realstock/company/sh513920/hfq.js,a25ae784d345231d5b34fd3e25f7a9cb44da15852417b204b25b177373eb1a9b
SH513920,2025-10-23,2025-10-23,2025-10-23,0.019999999999999997,1.0,not_applicable_no_share_change,SH513920~2025-10-23,https://finance.sina.com.cn/realstock/company/sh513920/hfq.js,a25ae784d345231d5b34fd3e25f7a9cb44da15852417b204b25b177373eb1a9b
SH513920,2026-01-16,2026-01-16,2026-01-16,0.008000000000000007,1.0,not_applicable_no_share_change,SH513920~2026-01-16,https://finance.sina.com.cn/realstock/company/sh513920/hfq.js,a25ae784d345231d5b34fd3e25f7a9cb44da15852417b204b25b177373eb1a9b
SH513920,2026-07-15,2026-07-15,2026-07-15,0.010999999999999996,1.0,not_applicable_no_share_change,SH513920~2026-07-15,https://finance.sina.com.cn/realstock/company/sh513920/hfq.js,a25ae784d345231d5b34fd3e25f7a9cb44da15852417b204b25b177373eb1a9b
SH515000,2025-09-08,2025-09-08,2025-09-08,0.0,2.0,unknown_not_provided_by_sina_hfq,SH515000~2025-09-08,https://finance.sina.com.cn/realstock/company/sh515000/hfq.js,8d90a5b3e98af9a10383c3872ad854877919e9a31814c92f3fd603766601e93d
SH515050,2026-05-13,2026-05-13,2026-05-13,0.0,3.0,unknown_not_provided_by_sina_hfq,SH515050~2026-05-13,https://finance.sina.com.cn/realstock/company/sh515050/hfq.js,30bf08b5f2b078f7b0cfd20519181ed8f35a87d7cc1890fa2eaad066cb530800
SH515070,2026-07-06,2026-07-06,2026-07-06,0.0,2.0,unknown_not_provided_by_sina_hfq,SH515070~2026-07-06,https://finance.sina.com.cn/realstock/company/sh515070/hfq.js,10708b022f02bec6f1697bc60c9f75990e14151a150d22c408a92ba34feeaa8d
SH515080,2020-11-30,2020-11-30,2020-11-30,0.06,1.0,not_applicable_no_share_change,SH515080~2020-11-30,https://finance.sina.com.cn/realstock/company/sh515080/hfq.js,88ab8e98830ba8916b18b7960c263c863e16caac010c9393d9ce07d821b80ab1
SH515080,2021-06-18,2021-06-18,2021-06-18,0.03,1.0,not_applicable_no_share_change,SH515080~2021-06-18,https://finance.sina.com.cn/realstock/company/sh515080/hfq.js,88ab8e98830ba8916b18b7960c263c863e16caac010c9393d9ce07d821b80ab1
SH515080,2021-12-09,2021-12-09,2021-12-09,0.03,1.0,not_applicable_no_share_change,SH515080~2021-12-09,https://finance.sina.com.cn/realstock/company/sh515080/hfq.js,88ab8e98830ba8916b18b7960c263c863e16caac010c9393d9ce07d821b80ab1
SH515080,2022-06-27,2022-06-27,2022-06-27,0.03,1.0,not_applicable_no_share_change,SH515080~2022-06-27,https://finance.sina.com.cn/realstock/company/sh515080/hfq.js,88ab8e98830ba8916b18b7960c263c863e16caac010c9393d9ce07d821b80ab1
SH515080,2022-11-29,2022-11-29,2022-11-29,0.03,1.0,not_applicable_no_share_change,SH515080~2022-11-29,https://finance.sina.com.cn/realstock/company/sh515080/hfq.js,88ab8e98830ba8916b18b7960c263c863e16caac010c9393d9ce07d821b80ab1
SH515080,2023-06-16,2023-06-16,2023-06-16,0.035,1.0,not_applicable_no_share_change,SH515080~2023-06-16,https://finance.sina.com.cn/realstock/company/sh515080/hfq.js,88ab8e98830ba8916b18b7960c263c863e16caac010c9393d9ce07d821b80ab1
SH515080,2023-12-01,2023-12-01,2023-12-01,0.035,1.0,not_applicable_no_share_change,SH515080~2023-12-01,https://finance.sina.com.cn/realstock/company/sh515080/hfq.js,88ab8e98830ba8916b18b7960c263c863e16caac010c9393d9ce07d821b80ab1
SH515080,2024-03-28,2024-03-28,2024-03-28,0.015000000000000013,1.0,not_applicable_no_share_change,SH515080~2024-03-28,https://finance.sina.com.cn/realstock/company/sh515080/hfq.js,88ab8e98830ba8916b18b7960c263c863e16caac010c9393d9ce07d821b80ab1
SH515080,2024-07-01,2024-07-01,2024-07-01,0.019999999999999962,1.0,not_applicable_no_share_change,SH515080~2024-07-01,https://finance.sina.com.cn/realstock/company/sh515080/hfq.js,88ab8e98830ba8916b18b7960c263c863e16caac010c9393d9ce07d821b80ab1
SH515080,2024-09-20,2024-09-20,2024-09-20,0.015000000000000013,1.0,not_applicable_no_share_change,SH515080~2024-09-20,https://finance.sina.com.cn/realstock/company/sh515080/hfq.js,88ab8e98830ba8916b18b7960c263c863e16caac010c9393d9ce07d821b80ab1
SH515080,2024-12-02,2024-12-02,2024-12-02,0.020000000000000018,1.0,not_applicable_no_share_change,SH515080~2024-12-02,https://finance.sina.com.cn/realstock/company/sh515080/hfq.js,88ab8e98830ba8916b18b7960c263c863e16caac010c9393d9ce07d821b80ab1
SH515080,2025-03-19,2025-03-19,2025-03-19,0.015000000000000013,1.0,not_applicable_no_share_change,SH515080~2025-03-19,https://finance.sina.com.cn/realstock/company/sh515080/hfq.js,88ab8e98830ba8916b18b7960c263c863e16caac010c9393d9ce07d821b80ab1
SH515080,2025-06-17,2025-06-17,2025-06-17,0.014999999999999958,1.0,not_applicable_no_share_change,SH515080~2025-06-17,https://finance.sina.com.cn/realstock/company/sh515080/hfq.js,88ab8e98830ba8916b18b7960c263c863e16caac010c9393d9ce07d821b80ab1
SH515080,2025-09-17,2025-09-17,2025-09-17,0.015000000000000013,1.0,not_applicable_no_share_change,SH515080~2025-09-17,https://finance.sina.com.cn/realstock/company/sh515080/hfq.js,88ab8e98830ba8916b18b7960c263c863e16caac010c9393d9ce07d821b80ab1
SH515080,2025-12-18,2025-12-18,2025-12-18,0.020000000000000018,1.0,not_applicable_no_share_change,SH515080~2025-12-18,https://finance.sina.com.cn/realstock/company/sh515080/hfq.js,88ab8e98830ba8916b18b7960c263c863e16caac010c9393d9ce07d821b80ab1
SH515080,2026-03-18,2026-03-18,2026-03-18,0.015000000000000013,1.0,not_applicable_no_share_change,SH515080~2026-03-18,https://finance.sina.com.cn/realstock/company/sh515080/hfq.js,88ab8e98830ba8916b18b7960c263c863e16caac010c9393d9ce07d821b80ab1
SH515080,2026-06-18,2026-06-18,2026-06-18,0.019999999999999962,1.0,not_applicable_no_share_change,SH515080~2026-06-18,https://finance.sina.com.cn/realstock/company/sh515080/hfq.js,88ab8e98830ba8916b18b7960c263c863e16caac010c9393d9ce07d821b80ab1
SH515100,2023-12-21,2023-12-21,2023-12-21,0.437,1.0,not_applicable_no_share_change,SH515100~2023-12-21,https://finance.sina.com.cn/realstock/company/sh515100/hfq.js,4828915941d9cb8c1646b1d8a0c7e5b210171b832bc56601376423be739172dc
SH515100,2025-12-23,2025-12-23,2025-12-23,0.1053,1.0,not_applicable_no_share_change,SH515100~2025-12-23,https://finance.sina.com.cn/realstock/company/sh515100/hfq.js,4828915941d9cb8c1646b1d8a0c7e5b210171b832bc56601376423be739172dc
SH515180,2020-10-26,2020-10-26,2020-10-26,0.051,1.0,not_applicable_no_share_change,SH515180~2020-10-26,https://finance.sina.com.cn/realstock/company/sh515180/hfq.js,9d6cbf9eacf54a112c43632aacaed983907c021158e02dd7b6035175b3df26bb
SH515180,2021-10-21,2021-10-21,2021-10-21,0.051,1.0,not_applicable_no_share_change,SH515180~2021-10-21,https://finance.sina.com.cn/realstock/company/sh515180/hfq.js,9d6cbf9eacf54a112c43632aacaed983907c021158e02dd7b6035175b3df26bb
SH515180,2022-10-25,2022-10-25,2022-10-25,0.044,1.0,not_applicable_no_share_change,SH515180~2022-10-25,https://finance.sina.com.cn/realstock/company/sh515180/hfq.js,9d6cbf9eacf54a112c43632aacaed983907c021158e02dd7b6035175b3df26bb
SH515180,2023-10-24,2023-10-24,2023-10-24,0.062,1.0,not_applicable_no_share_change,SH515180~2023-10-24,https://finance.sina.com.cn/realstock/company/sh515180/hfq.js,9d6cbf9eacf54a112c43632aacaed983907c021158e02dd7b6035175b3df26bb
SH515180,2024-10-18,2024-10-18,2024-10-18,0.06300000000000003,1.0,not_applicable_no_share_change,SH515180~2024-10-18,https://finance.sina.com.cn/realstock/company/sh515180/hfq.js,9d6cbf9eacf54a112c43632aacaed983907c021158e02dd7b6035175b3df26bb
SH515180,2025-10-21,2025-10-21,2025-10-21,0.061,1.0,not_applicable_no_share_change,SH515180~2025-10-21,https://finance.sina.com.cn/realstock/company/sh515180/hfq.js,9d6cbf9eacf54a112c43632aacaed983907c021158e02dd7b6035175b3df26bb
SH515210,2021-12-27,2021-12-27,2021-12-27,0.06,1.0,not_applicable_no_share_change,SH515210~2021-12-27,https://finance.sina.com.cn/realstock/company/sh515210/hfq.js,03ad3f25263392097bd88bf4eb0cd0551d3ae68a8e5132479553eac52c33b107
SH515210,2022-12-27,2022-12-27,2022-12-27,0.020000000000000004,1.0,not_applicable_no_share_change,SH515210~2022-12-27,https://finance.sina.com.cn/realstock/company/sh515210/hfq.js,03ad3f25263392097bd88bf4eb0cd0551d3ae68a8e5132479553eac52c33b107
SH515210,2023-12-28,2023-12-28,2023-12-28,0.024999999999999994,1.0,not_applicable_no_share_change,SH515210~2023-12-28,https://finance.sina.com.cn/realstock/company/sh515210/hfq.js,03ad3f25263392097bd88bf4eb0cd0551d3ae68a8e5132479553eac52c33b107
SH515210,2024-12-24,2024-12-24,2024-12-24,0.06000000000000001,1.0,not_applicable_no_share_change,SH515210~2024-12-24,https://finance.sina.com.cn/realstock/company/sh515210/hfq.js,03ad3f25263392097bd88bf4eb0cd0551d3ae68a8e5132479553eac52c33b107
SH515210,2025-12-24,2025-12-24,2025-12-24,0.06,1.0,not_applicable_no_share_change,SH515210~2025-12-24,https://finance.sina.com.cn/realstock/company/sh515210/hfq.js,03ad3f25263392097bd88bf4eb0cd0551d3ae68a8e5132479553eac52c33b107
SH515220,2021-12-27,2021-12-27,2021-12-27,0.08,1.0,not_applicable_no_share_change,SH515220~2021-12-27,https://finance.sina.com.cn/realstock/company/sh515220/hfq.js,395165aefbe1ca5269e0b1d5007a569a49208e020f309a6a15c444c4c2f0c56d
SH515220,2022-12-27,2022-12-27,2022-12-27,0.039999999999999994,1.0,not_applicable_no_share_change,SH515220~2022-12-27,https://finance.sina.com.cn/realstock/company/sh515220/hfq.js,395165aefbe1ca5269e0b1d5007a569a49208e020f309a6a15c444c4c2f0c56d
SH515220,2023-12-28,2023-12-28,2023-12-28,0.05000000000000002,1.0,not_applicable_no_share_change,SH515220~2023-12-28,https://finance.sina.com.cn/realstock/company/sh515220/hfq.js,395165aefbe1ca5269e0b1d5007a569a49208e020f309a6a15c444c4c2f0c56d
SH515220,2024-04-12,2024-04-12,2024-04-12,0.0,2.0,unknown_not_provided_by_sina_hfq,SH515220~2024-04-12,https://finance.sina.com.cn/realstock/company/sh515220/hfq.js,395165aefbe1ca5269e0b1d5007a569a49208e020f309a6a15c444c4c2f0c56d
SH515220,2024-12-24,2024-12-24,2024-12-24,0.022499999999999992,1.0,not_applicable_no_share_change,SH515220~2024-12-24,https://finance.sina.com.cn/realstock/company/sh515220/hfq.js,395165aefbe1ca5269e0b1d5007a569a49208e020f309a6a15c444c4c2f0c56d
SH515220,2025-12-24,2025-12-24,2025-12-24,0.020000000000000004,1.0,not_applicable_no_share_change,SH515220~2025-12-24,https://finance.sina.com.cn/realstock/company/sh515220/hfq.js,395165aefbe1ca5269e0b1d5007a569a49208e020f309a6a15c444c4c2f0c56d
SH515260,2025-09-15,2025-09-15,2025-09-15,0.0,2.0,unknown_not_provided_by_sina_hfq,SH515260~2025-09-15,https://finance.sina.com.cn/realstock/company/sh515260/hfq.js,e2f6eeb89ddd8a2f3dcb705372e7d042e155ea3756b7929a339f1a0b7905ba9f
SH515300,2023-12-19,2023-12-19,2023-12-19,0.0661,1.0,not_applicable_no_share_change,SH515300~2023-12-19,https://finance.sina.com.cn/realstock/company/sh515300/hfq.js,7324f14b85355498326b0857d4e0f12b4bf42a5ccb124fb28f13b90a1136fc62
SH515300,2024-06-21,2024-06-21,2024-06-21,0.0714,1.0,not_applicable_no_share_change,SH515300~2024-06-21,https://finance.sina.com.cn/realstock/company/sh515300/hfq.js,7324f14b85355498326b0857d4e0f12b4bf42a5ccb124fb28f13b90a1136fc62
SH515300,2024-09-20,2024-09-20,2024-09-20,0.06539999999999999,1.0,not_applicable_no_share_change,SH515300~2024-09-20,https://finance.sina.com.cn/realstock/company/sh515300/hfq.js,7324f14b85355498326b0857d4e0f12b4bf42a5ccb124fb28f13b90a1136fc62
SH515300,2024-12-03,2024-12-03,2024-12-03,0.06339999999999998,1.0,not_applicable_no_share_change,SH515300~2024-12-03,https://finance.sina.com.cn/realstock/company/sh515300/hfq.js,7324f14b85355498326b0857d4e0f12b4bf42a5ccb124fb28f13b90a1136fc62
SH515300,2025-06-17,2025-06-17,2025-06-17,0.0237,1.0,not_applicable_no_share_change,SH515300~2025-06-17,https://finance.sina.com.cn/realstock/company/sh515300/hfq.js,7324f14b85355498326b0857d4e0f12b4bf42a5ccb124fb28f13b90a1136fc62
SH515300,2025-09-18,2025-09-18,2025-09-18,0.023300000000000043,1.0,not_applicable_no_share_change,SH515300~2025-09-18,https://finance.sina.com.cn/realstock/company/sh515300/hfq.js,7324f14b85355498326b0857d4e0f12b4bf42a5ccb124fb28f13b90a1136fc62
SH515300,2025-12-15,2025-12-15,2025-12-15,0.022799999999999987,1.0,not_applicable_no_share_change,SH515300~2025-12-15,https://finance.sina.com.cn/realstock/company/sh515300/hfq.js,7324f14b85355498326b0857d4e0f12b4bf42a5ccb124fb28f13b90a1136fc62
SH515450,2021-11-15,2021-11-15,2021-11-15,0.06,1.0,not_applicable_no_share_change,SH515450~2021-11-15,https://finance.sina.com.cn/realstock/company/sh515450/hfq.js,4e8ee3e8a26608389c40f53c95d9379a93ace11a281f321238ac01344ab848fd
SH515450,2022-12-12,2022-12-12,2022-12-12,0.05,1.0,not_applicable_no_share_change,SH515450~2022-12-12,https://finance.sina.com.cn/realstock/company/sh515450/hfq.js,4e8ee3e8a26608389c40f53c95d9379a93ace11a281f321238ac01344ab848fd
SH515450,2023-12-18,2023-12-18,2023-12-18,0.14,1.0,not_applicable_no_share_change,SH515450~2023-12-18,https://finance.sina.com.cn/realstock/company/sh515450/hfq.js,4e8ee3e8a26608389c40f53c95d9379a93ace11a281f321238ac01344ab848fd
SH515450,2024-07-22,2024-07-22,2024-07-22,0.04999999999999999,1.0,not_applicable_no_share_change,SH515450~2024-07-22,https://finance.sina.com.cn/realstock/company/sh515450/hfq.js,4e8ee3e8a26608389c40f53c95d9379a93ace11a281f321238ac01344ab848fd
SH515450,2024-12-17,2024-12-17,2024-12-17,0.05499999999999999,1.0,not_applicable_no_share_change,SH515450~2024-12-17,https://finance.sina.com.cn/realstock/company/sh515450/hfq.js,4e8ee3e8a26608389c40f53c95d9379a93ace11a281f321238ac01344ab848fd
SH515450,2025-07-15,2025-07-15,2025-07-15,0.04500000000000004,1.0,not_applicable_no_share_change,SH515450~2025-07-15,https://finance.sina.com.cn/realstock/company/sh515450/hfq.js,4e8ee3e8a26608389c40f53c95d9379a93ace11a281f321238ac01344ab848fd
SH515450,2025-12-15,2025-12-15,2025-12-15,0.02999999999999997,1.0,not_applicable_no_share_change,SH515450~2025-12-15,https://finance.sina.com.cn/realstock/company/sh515450/hfq.js,4e8ee3e8a26608389c40f53c95d9379a93ace11a281f321238ac01344ab848fd
SH515450,2026-07-15,2026-07-15,2026-07-15,0.010000000000000009,1.0,not_applicable_no_share_change,SH515450~2026-07-15,https://finance.sina.com.cn/realstock/company/sh515450/hfq.js,4e8ee3e8a26608389c40f53c95d9379a93ace11a281f321238ac01344ab848fd
SH515580,2021-11-01,2021-11-01,2021-11-01,0.0,2.0,unknown_not_provided_by_sina_hfq,SH515580~2021-11-01,https://finance.sina.com.cn/realstock/company/sh515580/hfq.js,2ae65ca6fd6ec4013990853f73f3168e879e1e926b56d3158ce46feee7267f90
SH515800,2023-09-21,2023-09-21,2023-09-21,0.112,1.0,not_applicable_no_share_change,SH515800~2023-09-21,https://finance.sina.com.cn/realstock/company/sh515800/hfq.js,56b3dbe2f92cd79e593a63f909fcd3703b418286c157f9891fb201514fe9d835
SH515880,2026-02-03,2026-02-03,2026-02-03,0.0,3.0,unknown_not_provided_by_sina_hfq,SH515880~2026-02-03,https://finance.sina.com.cn/realstock/company/sh515880/hfq.js,a7aaff43c1bed2aced6cb7136768a611275b86913b8adc32223d0ef8cf54aca8
SH515880,2026-07-06,2026-07-06,2026-07-06,0.0,2.0,unknown_not_provided_by_sina_hfq,SH515880~2026-07-06,https://finance.sina.com.cn/realstock/company/sh515880/hfq.js,a7aaff43c1bed2aced6cb7136768a611275b86913b8adc32223d0ef8cf54aca8
SH515890,2022-06-21,2022-06-21,2022-06-21,0.06,1.0,not_applicable_no_share_change,SH515890~2022-06-21,https://finance.sina.com.cn/realstock/company/sh515890/hfq.js,0d310c9a38793940c9f7afebb2edb660da65063dcd59fa4bb2a795c1731cfbe4
SH515890,2022-10-10,2022-10-10,2022-10-10,0.04000000000000001,1.0,not_applicable_no_share_change,SH515890~2022-10-10,https://finance.sina.com.cn/realstock/company/sh515890/hfq.js,0d310c9a38793940c9f7afebb2edb660da65063dcd59fa4bb2a795c1731cfbe4
SH515890,2022-12-20,2022-12-20,2022-12-20,0.06,1.0,not_applicable_no_share_change,SH515890~2022-12-20,https://finance.sina.com.cn/realstock/company/sh515890/hfq.js,0d310c9a38793940c9f7afebb2edb660da65063dcd59fa4bb2a795c1731cfbe4
SH515890,2023-07-21,2023-07-21,2023-07-21,0.0358,1.0,not_applicable_no_share_change,SH515890~2023-07-21,https://finance.sina.com.cn/realstock/company/sh515890/hfq.js,0d310c9a38793940c9f7afebb2edb660da65063dcd59fa4bb2a795c1731cfbe4
SH515890,2023-12-22,2023-12-22,2023-12-22,0.025400000000000006,1.0,not_applicable_no_share_change,SH515890~2023-12-22,https://finance.sina.com.cn/realstock/company/sh515890/hfq.js,0d310c9a38793940c9f7afebb2edb660da65063dcd59fa4bb2a795c1731cfbe4
SH515890,2024-09-19,2024-09-19,2024-09-19,0.04999999999999999,1.0,not_applicable_no_share_change,SH515890~2024-09-19,https://finance.sina.com.cn/realstock/company/sh515890/hfq.js,0d310c9a38793940c9f7afebb2edb660da65063dcd59fa4bb2a795c1731cfbe4
SH515890,2025-12-23,2025-12-23,2025-12-23,0.06119999999999998,1.0,not_applicable_no_share_change,SH515890~2025-12-23,https://finance.sina.com.cn/realstock/company/sh515890/hfq.js,0d310c9a38793940c9f7afebb2edb660da65063dcd59fa4bb2a795c1731cfbe4
SH515950,2023-11-22,2023-11-22,2023-11-22,0.127,1.0,not_applicable_no_share_change,SH515950~2023-11-22,https://finance.sina.com.cn/realstock/company/sh515950/hfq.js,314f417b788025c1a4bd03e2772092bd26cc096970358b7481c731d166ce37c8
SH515980,2025-09-30,2025-09-30,2025-09-30,0.0,2.0,unknown_not_provided_by_sina_hfq,SH515980~2025-09-30,https://finance.sina.com.cn/realstock/company/sh515980/hfq.js,78f7eb61131f774d7a5ad73cd67b18f1fe077e7fe22c171098a237f7547ab6d7
SH516070,2021-11-22,2021-11-22,2021-11-22,0.0,2.0,unknown_not_provided_by_sina_hfq,SH516070~2021-11-22,https://finance.sina.com.cn/realstock/company/sh516070/hfq.js,e83aac94431403790adb548190d03e4a03519d1cd58ea86a6e81099143f3ef67
SH516090,2021-11-29,2021-11-29,2021-11-29,0.0,2.0,unknown_not_provided_by_sina_hfq,SH516090~2021-11-29,https://finance.sina.com.cn/realstock/company/sh516090/hfq.js,b9ff64db682e18d07f20e1918638ebace4749e580002223f4d3a9ffca536481c
SH516160,2024-09-18,2024-09-18,2024-09-18,0.0,0.30912005,unknown_not_provided_by_sina_hfq,SH516160~2024-09-18,https://finance.sina.com.cn/realstock/company/sh516160/hfq.js,a719a0253a2a2d326eb53e6440fc52d6b795a96fd68b7fc07088a21f56620160
SH516300,2024-10-28,2024-10-28,2024-10-28,0.0,0.42167573,unknown_not_provided_by_sina_hfq,SH516300~2024-10-28,https://finance.sina.com.cn/realstock/company/sh516300/hfq.js,0a5dfd1b5986b2ab5f4a590a02f5cfc8680d8710774e9e0a93dc671c19d5ebc8
SH516780,2026-05-25,2026-05-25,2026-05-25,0.0,2.0,unknown_not_provided_by_sina_hfq,SH516780~2026-05-25,https://finance.sina.com.cn/realstock/company/sh516780/hfq.js,a9379b00702d4801f4dcdc53d9deb78fb9bf2d3f325522656919894a9358ceaa
SH516800,2025-09-08,2025-09-08,2025-09-08,0.0,2.0,unknown_not_provided_by_sina_hfq,SH516800~2025-09-08,https://finance.sina.com.cn/realstock/company/sh516800/hfq.js,0deb54c3cc057fc8002d903089be441e73ad7c080cb7b58bc9f218797841ebf1
SH517180,2024-08-13,2024-08-13,2024-08-13,0.076,1.0,not_applicable_no_share_change,SH517180~2024-08-13,https://finance.sina.com.cn/realstock/company/sh517180/hfq.js,c73e50e24e9f5603881f45c43af0676f10d9fd3037357c8c1944c0068079f03d
SH517180,2025-04-14,2025-04-14,2025-04-14,0.044,1.0,not_applicable_no_share_change,SH517180~2025-04-14,https://finance.sina.com.cn/realstock/company/sh517180/hfq.js,c73e50e24e9f5603881f45c43af0676f10d9fd3037357c8c1944c0068079f03d
SH517180,2025-10-27,2025-10-27,2025-10-27,0.015000000000000013,1.0,not_applicable_no_share_change,SH517180~2025-10-27,https://finance.sina.com.cn/realstock/company/sh517180/hfq.js,c73e50e24e9f5603881f45c43af0676f10d9fd3037357c8c1944c0068079f03d
SH520550,2025-05-15,2025-05-15,2025-05-15,0.002,1.0,not_applicable_no_share_change,SH520550~2025-05-15,https://finance.sina.com.cn/realstock/company/sh520550/hfq.js,548a2aad26c9d3b8dcec22fae32689a10fe147165e48f810a4678f683ffeaca9
SH520550,2025-06-17,2025-06-17,2025-06-17,0.004,1.0,not_applicable_no_share_change,SH520550~2025-06-17,https://finance.sina.com.cn/realstock/company/sh520550/hfq.js,548a2aad26c9d3b8dcec22fae32689a10fe147165e48f810a4678f683ffeaca9
SH520550,2025-07-15,2025-07-15,2025-07-15,0.004,1.0,not_applicable_no_share_change,SH520550~2025-07-15,https://finance.sina.com.cn/realstock/company/sh520550/hfq.js,548a2aad26c9d3b8dcec22fae32689a10fe147165e48f810a4678f683ffeaca9
SH520550,2025-08-15,2025-08-15,2025-08-15,0.004,1.0,not_applicable_no_share_change,SH520550~2025-08-15,https://finance.sina.com.cn/realstock/company/sh520550/hfq.js,548a2aad26c9d3b8dcec22fae32689a10fe147165e48f810a4678f683ffeaca9
SH520550,2025-09-15,2025-09-15,2025-09-15,0.003999999999999998,1.0,not_applicable_no_share_change,SH520550~2025-09-15,https://finance.sina.com.cn/realstock/company/sh520550/hfq.js,548a2aad26c9d3b8dcec22fae32689a10fe147165e48f810a4678f683ffeaca9
SH520550,2025-10-23,2025-10-23,2025-10-23,0.004,1.0,not_applicable_no_share_change,SH520550~2025-10-23,https://finance.sina.com.cn/realstock/company/sh520550/hfq.js,548a2aad26c9d3b8dcec22fae32689a10fe147165e48f810a4678f683ffeaca9
SH520550,2025-11-17,2025-11-17,2025-11-17,0.004,1.0,not_applicable_no_share_change,SH520550~2025-11-17,https://finance.sina.com.cn/realstock/company/sh520550/hfq.js,548a2aad26c9d3b8dcec22fae32689a10fe147165e48f810a4678f683ffeaca9
SH520550,2025-12-15,2025-12-15,2025-12-15,0.004,1.0,not_applicable_no_share_change,SH520550~2025-12-15,https://finance.sina.com.cn/realstock/company/sh520550/hfq.js,548a2aad26c9d3b8dcec22fae32689a10fe147165e48f810a4678f683ffeaca9
SH520550,2026-01-19,2026-01-19,2026-01-19,0.0040000000000000036,1.0,not_applicable_no_share_change,SH520550~2026-01-19,https://finance.sina.com.cn/realstock/company/sh520550/hfq.js,548a2aad26c9d3b8dcec22fae32689a10fe147165e48f810a4678f683ffeaca9
SH520550,2026-02-13,2026-02-13,2026-02-13,0.003999999999999997,1.0,not_applicable_no_share_change,SH520550~2026-02-13,https://finance.sina.com.cn/realstock/company/sh520550/hfq.js,548a2aad26c9d3b8dcec22fae32689a10fe147165e48f810a4678f683ffeaca9
SH520550,2026-03-16,2026-03-16,2026-03-16,0.0040000000000000036,1.0,not_applicable_no_share_change,SH520550~2026-03-16,https://finance.sina.com.cn/realstock/company/sh520550/hfq.js,548a2aad26c9d3b8dcec22fae32689a10fe147165e48f810a4678f683ffeaca9
SH520550,2026-04-16,2026-04-16,2026-04-16,0.003999999999999997,1.0,not_applicable_no_share_change,SH520550~2026-04-16,https://finance.sina.com.cn/realstock/company/sh520550/hfq.js,548a2aad26c9d3b8dcec22fae32689a10fe147165e48f810a4678f683ffeaca9
SH520550,2026-05-20,2026-05-20,2026-05-20,0.0040000000000000036,1.0,not_applicable_no_share_change,SH520550~2026-05-20,https://finance.sina.com.cn/realstock/company/sh520550/hfq.js,548a2aad26c9d3b8dcec22fae32689a10fe147165e48f810a4678f683ffeaca9
SH520550,2026-06-15,2026-06-15,2026-06-15,0.003999999999999997,1.0,not_applicable_no_share_change,SH520550~2026-06-15,https://finance.sina.com.cn/realstock/company/sh520550/hfq.js,548a2aad26c9d3b8dcec22fae32689a10fe147165e48f810a4678f683ffeaca9
SH520550,2026-07-15,2026-07-15,2026-07-15,0.0040000000000000036,1.0,not_applicable_no_share_change,SH520550~2026-07-15,https://finance.sina.com.cn/realstock/company/sh520550/hfq.js,548a2aad26c9d3b8dcec22fae32689a10fe147165e48f810a4678f683ffeaca9
SH520660,2025-01-15,2025-01-15,2025-01-15,0.01,1.0,not_applicable_no_share_change,SH520660~2025-01-15,https://finance.sina.com.cn/realstock/company/sh520660/hfq.js,d72e1dec5d97f6bccdee895c78091ded72b26c51c80af855ca4559e76fb3f961
SH520660,2025-04-14,2025-04-14,2025-04-14,0.004999999999999999,1.0,not_applicable_no_share_change,SH520660~2025-04-14,https://finance.sina.com.cn/realstock/company/sh520660/hfq.js,d72e1dec5d97f6bccdee895c78091ded72b26c51c80af855ca4559e76fb3f961
SH520660,2025-07-14,2025-07-14,2025-07-14,0.010000000000000002,1.0,not_applicable_no_share_change,SH520660~2025-07-14,https://finance.sina.com.cn/realstock/company/sh520660/hfq.js,d72e1dec5d97f6bccdee895c78091ded72b26c51c80af855ca4559e76fb3f961
SH520660,2025-10-27,2025-10-27,2025-10-27,0.010000000000000002,1.0,not_applicable_no_share_change,SH520660~2025-10-27,https://finance.sina.com.cn/realstock/company/sh520660/hfq.js,d72e1dec5d97f6bccdee895c78091ded72b26c51c80af855ca4559e76fb3f961
SH520660,2026-01-20,2026-01-20,2026-01-20,0.009999999999999995,1.0,not_applicable_no_share_change,SH520660~2026-01-20,https://finance.sina.com.cn/realstock/company/sh520660/hfq.js,d72e1dec5d97f6bccdee895c78091ded72b26c51c80af855ca4559e76fb3f961
SH520660,2026-04-15,2026-04-15,2026-04-15,0.010000000000000002,1.0,not_applicable_no_share_change,SH520660~2026-04-15,https://finance.sina.com.cn/realstock/company/sh520660/hfq.js,d72e1dec5d97f6bccdee895c78091ded72b26c51c80af855ca4559e76fb3f961
SH520660,2026-07-15,2026-07-15,2026-07-15,0.010000000000000002,1.0,not_applicable_no_share_change,SH520660~2026-07-15,https://finance.sina.com.cn/realstock/company/sh520660/hfq.js,d72e1dec5d97f6bccdee895c78091ded72b26c51c80af855ca4559e76fb3f961
SH520810,2026-02-12,2026-02-12,2026-02-12,0.002,1.0,not_applicable_no_share_change,SH520810~2026-02-12,https://finance.sina.com.cn/realstock/company/sh520810/hfq.js,65b28ff03d5fafe4765311695b686a88fee3a144af5f555e170ae6a8a160dde5
SH520810,2026-03-12,2026-03-12,2026-03-12,0.002,1.0,not_applicable_no_share_change,SH520810~2026-03-12,https://finance.sina.com.cn/realstock/company/sh520810/hfq.js,65b28ff03d5fafe4765311695b686a88fee3a144af5f555e170ae6a8a160dde5
SH520810,2026-04-14,2026-04-14,2026-04-14,0.001,1.0,not_applicable_no_share_change,SH520810~2026-04-14,https://finance.sina.com.cn/realstock/company/sh520810/hfq.js,65b28ff03d5fafe4765311695b686a88fee3a144af5f555e170ae6a8a160dde5
SH520810,2026-05-15,2026-05-15,2026-05-15,0.001,1.0,not_applicable_no_share_change,SH520810~2026-05-15,https://finance.sina.com.cn/realstock/company/sh520810/hfq.js,65b28ff03d5fafe4765311695b686a88fee3a144af5f555e170ae6a8a160dde5
SH520810,2026-06-10,2026-06-10,2026-06-10,0.002,1.0,not_applicable_no_share_change,SH520810~2026-06-10,https://finance.sina.com.cn/realstock/company/sh520810/hfq.js,65b28ff03d5fafe4765311695b686a88fee3a144af5f555e170ae6a8a160dde5
SH520810,2026-07-10,2026-07-10,2026-07-10,0.002999999999999999,1.0,not_applicable_no_share_change,SH520810~2026-07-10,https://finance.sina.com.cn/realstock/company/sh520810/hfq.js,65b28ff03d5fafe4765311695b686a88fee3a144af5f555e170ae6a8a160dde5
SH520810,2026-08-12,2026-08-12,2026-08-12,0.005000000000000001,1.0,not_applicable_no_share_change,SH520810~2026-08-12,https://finance.sina.com.cn/realstock/company/sh520810/hfq.js,65b28ff03d5fafe4765311695b686a88fee3a144af5f555e170ae6a8a160dde5
SH520880,2025-09-01,2025-09-01,2025-09-01,0.0,2.0,unknown_not_provided_by_sina_hfq,SH520880~2025-09-01,https://finance.sina.com.cn/realstock/company/sh520880/hfq.js,798007cc8cf9a7c65092592d1b1a91b67d2ee0aa73efd7a514688fdfbd7d51b3
SH520900,2024-12-16,2024-12-16,2024-12-16,0.0086,1.0,not_applicable_no_share_change,SH520900~2024-12-16,https://finance.sina.com.cn/realstock/company/sh520900/hfq.js,5c24d5242919aff0c4ea70d0accd7314820739f7159bb931fcb4246d129243b5
SH520900,2025-02-18,2025-02-18,2025-02-18,0.0017999999999999995,1.0,not_applicable_no_share_change,SH520900~2025-02-18,https://finance.sina.com.cn/realstock/company/sh520900/hfq.js,5c24d5242919aff0c4ea70d0accd7314820739f7159bb931fcb4246d129243b5
SH520900,2025-05-19,2025-05-19,2025-05-19,0.0010000000000000009,1.0,not_applicable_no_share_change,SH520900~2025-05-19,https://finance.sina.com.cn/realstock/company/sh520900/hfq.js,5c24d5242919aff0c4ea70d0accd7314820739f7159bb931fcb4246d129243b5
SH520900,2025-08-13,2025-08-13,2025-08-13,0.0031000000000000003,1.0,not_applicable_no_share_change,SH520900~2025-08-13,https://finance.sina.com.cn/realstock/company/sh520900/hfq.js,5c24d5242919aff0c4ea70d0accd7314820739f7159bb931fcb4246d129243b5
SH520900,2025-11-17,2025-11-17,2025-11-17,0.0105,1.0,not_applicable_no_share_change,SH520900~2025-11-17,https://finance.sina.com.cn/realstock/company/sh520900/hfq.js,5c24d5242919aff0c4ea70d0accd7314820739f7159bb931fcb4246d129243b5
SH520900,2026-03-11,2026-03-11,2026-03-11,0.0169,1.0,not_applicable_no_share_change,SH520900~2026-03-11,https://finance.sina.com.cn/realstock/company/sh520900/hfq.js,5c24d5242919aff0c4ea70d0accd7314820739f7159bb931fcb4246d129243b5
SH520900,2026-05-19,2026-05-19,2026-05-19,0.005600000000000001,1.0,not_applicable_no_share_change,SH520900~2026-05-19,https://finance.sina.com.cn/realstock/company/sh520900/hfq.js,5c24d5242919aff0c4ea70d0accd7314820739f7159bb931fcb4246d129243b5
SH520950,2026-07-14,2026-07-14,2026-07-14,0.0029,1.0,not_applicable_no_share_change,SH520950~2026-07-14,https://finance.sina.com.cn/realstock/company/sh520950/hfq.js,e85be6f2a513433e74139fc09904fc3cb226d2b1274146d6456362c62ca1c834
SH520960,2026-04-16,2026-04-16,2026-04-16,0.0016,1.0,not_applicable_no_share_change,SH520960~2026-04-16,https://finance.sina.com.cn/realstock/company/sh520960/hfq.js,45a6ab4221be5677b173b979a6a920d696046e65bcc93c95114daed44611926c
SH520960,2026-07-15,2026-07-15,2026-07-15,0.0051,1.0,not_applicable_no_share_change,SH520960~2026-07-15,https://finance.sina.com.cn/realstock/company/sh520960/hfq.js,45a6ab4221be5677b173b979a6a920d696046e65bcc93c95114daed44611926c
SH520990,2025-06-25,2025-06-25,2025-06-25,0.0329,1.0,not_applicable_no_share_change,SH520990~2025-06-25,https://finance.sina.com.cn/realstock/company/sh520990/hfq.js,930c310e9c2acd296d419529097894d90de923c213ec7493d704b582dd3b9448
SH520990,2025-12-23,2025-12-23,2025-12-23,0.024600000000000004,1.0,not_applicable_no_share_change,SH520990~2025-12-23,https://finance.sina.com.cn/realstock/company/sh520990/hfq.js,930c310e9c2acd296d419529097894d90de923c213ec7493d704b582dd3b9448
SH520990,2026-06-24,2026-06-24,2026-06-24,0.007199999999999991,1.0,not_applicable_no_share_change,SH520990~2026-06-24,https://finance.sina.com.cn/realstock/company/sh520990/hfq.js,930c310e9c2acd296d419529097894d90de923c213ec7493d704b582dd3b9448
SH530680,2025-12-23,2025-12-23,2025-12-23,0.018,1.0,not_applicable_no_share_change,SH530680~2025-12-23,https://finance.sina.com.cn/realstock/company/sh530680/hfq.js,70a30b78949e2a6531637b056cb27d4010afd8920cea0efda27e5f60d93cc3e8
SH530880,2025-01-14,2025-01-14,2025-01-14,0.005,1.0,not_applicable_no_share_change,SH530880~2025-01-14,https://finance.sina.com.cn/realstock/company/sh530880/hfq.js,fed9c81b00b4fe4681b13144339d0d1d027ca409e22358f74aafc93d7f62e41b
SH530880,2025-06-11,2025-06-11,2025-06-11,0.0036,1.0,not_applicable_no_share_change,SH530880~2025-06-11,https://finance.sina.com.cn/realstock/company/sh530880/hfq.js,fed9c81b00b4fe4681b13144339d0d1d027ca409e22358f74aafc93d7f62e41b
SH530880,2025-07-09,2025-07-09,2025-07-09,0.0036000000000000008,1.0,not_applicable_no_share_change,SH530880~2025-07-09,https://finance.sina.com.cn/realstock/company/sh530880/hfq.js,fed9c81b00b4fe4681b13144339d0d1d027ca409e22358f74aafc93d7f62e41b
SH530880,2025-08-11,2025-08-11,2025-08-11,0.0030999999999999986,1.0,not_applicable_no_share_change,SH530880~2025-08-11,https://finance.sina.com.cn/realstock/company/sh530880/hfq.js,fed9c81b00b4fe4681b13144339d0d1d027ca409e22358f74aafc93d7f62e41b
SH530880,2025-09-09,2025-09-09,2025-09-09,0.002,1.0,not_applicable_no_share_change,SH530880~2025-09-09,https://finance.sina.com.cn/realstock/company/sh530880/hfq.js,fed9c81b00b4fe4681b13144339d0d1d027ca409e22358f74aafc93d7f62e41b
SH530880,2025-10-20,2025-10-20,2025-10-20,0.0022000000000000006,1.0,not_applicable_no_share_change,SH530880~2025-10-20,https://finance.sina.com.cn/realstock/company/sh530880/hfq.js,fed9c81b00b4fe4681b13144339d0d1d027ca409e22358f74aafc93d7f62e41b
SH530880,2025-11-11,2025-11-11,2025-11-11,0.0023,1.0,not_applicable_no_share_change,SH530880~2025-11-11,https://finance.sina.com.cn/realstock/company/sh530880/hfq.js,fed9c81b00b4fe4681b13144339d0d1d027ca409e22358f74aafc93d7f62e41b
SH530880,2025-12-10,2025-12-10,2025-12-10,0.0023,1.0,not_applicable_no_share_change,SH530880~2025-12-10,https://finance.sina.com.cn/realstock/company/sh530880/hfq.js,fed9c81b00b4fe4681b13144339d0d1d027ca409e22358f74aafc93d7f62e41b
SH530880,2026-02-10,2026-02-10,2026-02-10,0.0026000000000000016,1.0,not_applicable_no_share_change,SH530880~2026-02-10,https://finance.sina.com.cn/realstock/company/sh530880/hfq.js,fed9c81b00b4fe4681b13144339d0d1d027ca409e22358f74aafc93d7f62e41b
SH530880,2026-03-10,2026-03-10,2026-03-10,0.0026999999999999975,1.0,not_applicable_no_share_change,SH530880~2026-03-10,https://finance.sina.com.cn/realstock/company/sh530880/hfq.js,fed9c81b00b4fe4681b13144339d0d1d027ca409e22358f74aafc93d7f62e41b
SH530880,2026-04-10,2026-04-10,2026-04-10,0.0026999999999999975,1.0,not_applicable_no_share_change,SH530880~2026-04-10,https://finance.sina.com.cn/realstock/company/sh530880/hfq.js,fed9c81b00b4fe4681b13144339d0d1d027ca409e22358f74aafc93d7f62e41b
SH530880,2026-05-14,2026-05-14,2026-05-14,0.002800000000000004,1.0,not_applicable_no_share_change,SH530880~2026-05-14,https://finance.sina.com.cn/realstock/company/sh530880/hfq.js,fed9c81b00b4fe4681b13144339d0d1d027ca409e22358f74aafc93d7f62e41b
SH530880,2026-06-09,2026-06-09,2026-06-09,0.002700000000000001,1.0,not_applicable_no_share_change,SH530880~2026-06-09,https://finance.sina.com.cn/realstock/company/sh530880/hfq.js,fed9c81b00b4fe4681b13144339d0d1d027ca409e22358f74aafc93d7f62e41b
SH530880,2026-07-09,2026-07-09,2026-07-09,0.0024999999999999953,1.0,not_applicable_no_share_change,SH530880~2026-07-09,https://finance.sina.com.cn/realstock/company/sh530880/hfq.js,fed9c81b00b4fe4681b13144339d0d1d027ca409e22358f74aafc93d7f62e41b
SH530880,2026-08-11,2026-08-11,2026-08-11,0.002800000000000004,1.0,not_applicable_no_share_change,SH530880~2026-08-11,https://finance.sina.com.cn/realstock/company/sh530880/hfq.js,fed9c81b00b4fe4681b13144339d0d1d027ca409e22358f74aafc93d7f62e41b
SH560010,2022-09-14,2022-09-14,2022-09-14,0.0,0.35295,unknown_not_provided_by_sina_hfq,SH560010~2022-09-14,https://finance.sina.com.cn/realstock/company/sh560010/hfq.js,6e0b10eaaee3b341cff7d61e73e1ccbad490808de4a651ad926ffa72d88cfa71
SH560020,2024-11-12,2024-11-12,2024-11-12,0.037,1.0,not_applicable_no_share_change,SH560020~2024-11-12,https://finance.sina.com.cn/realstock/company/sh560020/hfq.js,ca09f7ecf95481bb17c48eb873d6c30b70bb320afaa2e790a314b28a93b35637
SH560020,2025-11-12,2025-11-12,2025-11-12,0.044000000000000004,1.0,not_applicable_no_share_change,SH560020~2025-11-12,https://finance.sina.com.cn/realstock/company/sh560020/hfq.js,ca09f7ecf95481bb17c48eb873d6c30b70bb320afaa2e790a314b28a93b35637
SH560070,2023-11-14,2023-11-14,2023-11-14,0.016,1.0,not_applicable_no_share_change,SH560070~2023-11-14,https://finance.sina.com.cn/realstock/company/sh560070/hfq.js,aaceee5d3b5e6359c712c7d2766e0690a929f6ee3725a25d0353ac4993fedded
SH560070,2024-11-12,2024-11-12,2024-11-12,0.034,1.0,not_applicable_no_share_change,SH560070~2024-11-12,https://finance.sina.com.cn/realstock/company/sh560070/hfq.js,aaceee5d3b5e6359c712c7d2766e0690a929f6ee3725a25d0353ac4993fedded
SH560070,2025-11-12,2025-11-12,2025-11-12,0.03599999999999999,1.0,not_applicable_no_share_change,SH560070~2025-11-12,https://finance.sina.com.cn/realstock/company/sh560070/hfq.js,aaceee5d3b5e6359c712c7d2766e0690a929f6ee3725a25d0353ac4993fedded
SH560120,2026-07-13,2026-07-13,2026-07-13,0.0022,1.0,not_applicable_no_share_change,SH560120~2026-07-13,https://finance.sina.com.cn/realstock/company/sh560120/hfq.js,6287d995c212f174eea3bcdb095896d0e0a720865a89527f8afdd38810e8233e
SH560150,2025-04-15,2025-04-15,2025-04-15,0.0061,1.0,not_applicable_no_share_change,SH560150~2025-04-15,https://finance.sina.com.cn/realstock/company/sh560150/hfq.js,24940cb221e6977d6be7759598642d61916da384d55c3e1d6917e0ca0372e937
SH560150,2025-07-15,2025-07-15,2025-07-15,0.009000000000000001,1.0,not_applicable_no_share_change,SH560150~2025-07-15,https://finance.sina.com.cn/realstock/company/sh560150/hfq.js,24940cb221e6977d6be7759598642d61916da384d55c3e1d6917e0ca0372e937
SH560150,2025-10-28,2025-10-28,2025-10-28,0.020999999999999998,1.0,not_applicable_no_share_change,SH560150~2025-10-28,https://finance.sina.com.cn/realstock/company/sh560150/hfq.js,24940cb221e6977d6be7759598642d61916da384d55c3e1d6917e0ca0372e937
SH560150,2026-01-20,2026-01-20,2026-01-20,0.007100000000000002,1.0,not_applicable_no_share_change,SH560150~2026-01-20,https://finance.sina.com.cn/realstock/company/sh560150/hfq.js,24940cb221e6977d6be7759598642d61916da384d55c3e1d6917e0ca0372e937
SH560150,2026-04-21,2026-04-21,2026-04-21,0.006999999999999999,1.0,not_applicable_no_share_change,SH560150~2026-04-21,https://finance.sina.com.cn/realstock/company/sh560150/hfq.js,24940cb221e6977d6be7759598642d61916da384d55c3e1d6917e0ca0372e937
SH560150,2026-07-21,2026-07-21,2026-07-21,0.006699999999999998,1.0,not_applicable_no_share_change,SH560150~2026-07-21,https://finance.sina.com.cn/realstock/company/sh560150/hfq.js,24940cb221e6977d6be7759598642d61916da384d55c3e1d6917e0ca0372e937
SH560220,2025-12-10,2025-12-10,2025-12-10,0.065,1.0,not_applicable_no_share_change,SH560220~2025-12-10,https://finance.sina.com.cn/realstock/company/sh560220/hfq.js,5cb97710aa9060c5b824afa1e20edda765dbb552089d6ca26f16872307abf408
SH560350,2024-07-08,2024-07-08,2024-07-08,0.0094,1.0,not_applicable_no_share_change,SH560350~2024-07-08,https://finance.sina.com.cn/realstock/company/sh560350/hfq.js,e9b059a56b3752233c0a3e05c626a4015e7ca5b1b39481da0f54d3572c1df1b8
SH560350,2024-10-16,2024-10-16,2024-10-16,0.0117,1.0,not_applicable_no_share_change,SH560350~2024-10-16,https://finance.sina.com.cn/realstock/company/sh560350/hfq.js,e9b059a56b3752233c0a3e05c626a4015e7ca5b1b39481da0f54d3572c1df1b8
SH560350,2025-01-09,2025-01-09,2025-01-09,0.0052,1.0,not_applicable_no_share_change,SH560350~2025-01-09,https://finance.sina.com.cn/realstock/company/sh560350/hfq.js,e9b059a56b3752233c0a3e05c626a4015e7ca5b1b39481da0f54d3572c1df1b8
SH560350,2025-07-08,2025-07-08,2025-07-08,0.011399999999999997,1.0,not_applicable_no_share_change,SH560350~2025-07-08,https://finance.sina.com.cn/realstock/company/sh560350/hfq.js,e9b059a56b3752233c0a3e05c626a4015e7ca5b1b39481da0f54d3572c1df1b8
SH560350,2025-10-16,2025-10-16,2025-10-16,0.009300000000000003,1.0,not_applicable_no_share_change,SH560350~2025-10-16,https://finance.sina.com.cn/realstock/company/sh560350/hfq.js,e9b059a56b3752233c0a3e05c626a4015e7ca5b1b39481da0f54d3572c1df1b8
SH560350,2026-01-13,2026-01-13,2026-01-13,0.0058,1.0,not_applicable_no_share_change,SH560350~2026-01-13,https://finance.sina.com.cn/realstock/company/sh560350/hfq.js,e9b059a56b3752233c0a3e05c626a4015e7ca5b1b39481da0f54d3572c1df1b8
SH560350,2026-04-14,2026-04-14,2026-04-14,0.002799999999999997,1.0,not_applicable_no_share_change,SH560350~2026-04-14,https://finance.sina.com.cn/realstock/company/sh560350/hfq.js,e9b059a56b3752233c0a3e05c626a4015e7ca5b1b39481da0f54d3572c1df1b8
SH560350,2026-07-14,2026-07-14,2026-07-14,0.011099999999999999,1.0,not_applicable_no_share_change,SH560350~2026-07-14,https://finance.sina.com.cn/realstock/company/sh560350/hfq.js,e9b059a56b3752233c0a3e05c626a4015e7ca5b1b39481da0f54d3572c1df1b8
SH560370,2026-07-13,2026-07-13,2026-07-13,0.004,1.0,not_applicable_no_share_change,SH560370~2026-07-13,https://finance.sina.com.cn/realstock/company/sh560370/hfq.js,04d4750fc9a84fa6ce206760ed973f468f74ff37c308e4a3e0fddf5996122afc
SH560510,2025-01-14,2025-01-14,2025-01-14,0.0006,1.0,not_applicable_no_share_change,SH560510~2025-01-14,https://finance.sina.com.cn/realstock/company/sh560510/hfq.js,89c7c68c5df27bd556a609ec92d5c22b63b60e93e266d4e2b5d6ee6692c30731
SH560510,2025-04-15,2025-04-15,2025-04-15,0.0008,1.0,not_applicable_no_share_change,SH560510~2025-04-15,https://finance.sina.com.cn/realstock/company/sh560510/hfq.js,89c7c68c5df27bd556a609ec92d5c22b63b60e93e266d4e2b5d6ee6692c30731
SH560510,2025-07-15,2025-07-15,2025-07-15,0.006999999999999999,1.0,not_applicable_no_share_change,SH560510~2025-07-15,https://finance.sina.com.cn/realstock/company/sh560510/hfq.js,89c7c68c5df27bd556a609ec92d5c22b63b60e93e266d4e2b5d6ee6692c30731
SH560510,2025-10-28,2025-10-28,2025-10-28,0.012499999999999999,1.0,not_applicable_no_share_change,SH560510~2025-10-28,https://finance.sina.com.cn/realstock/company/sh560510/hfq.js,89c7c68c5df27bd556a609ec92d5c22b63b60e93e266d4e2b5d6ee6692c30731
SH560510,2026-01-20,2026-01-20,2026-01-20,0.003300000000000001,1.0,not_applicable_no_share_change,SH560510~2026-01-20,https://finance.sina.com.cn/realstock/company/sh560510/hfq.js,89c7c68c5df27bd556a609ec92d5c22b63b60e93e266d4e2b5d6ee6692c30731
SH560510,2026-04-21,2026-04-21,2026-04-21,0.003100000000000002,1.0,not_applicable_no_share_change,SH560510~2026-04-21,https://finance.sina.com.cn/realstock/company/sh560510/hfq.js,89c7c68c5df27bd556a609ec92d5c22b63b60e93e266d4e2b5d6ee6692c30731
SH560510,2026-07-21,2026-07-21,2026-07-21,0.011199999999999998,1.0,not_applicable_no_share_change,SH560510~2026-07-21,https://finance.sina.com.cn/realstock/company/sh560510/hfq.js,89c7c68c5df27bd556a609ec92d5c22b63b60e93e266d4e2b5d6ee6692c30731
SH560530,2025-01-09,2025-01-09,2025-01-09,0.0018,1.0,not_applicable_no_share_change,SH560530~2025-01-09,https://finance.sina.com.cn/realstock/company/sh560530/hfq.js,f2702285791c5b7aac814628996af591ec220ec935cb86d780f003b1bd6b536e
SH560530,2025-04-09,2025-04-09,2025-04-09,0.0009000000000000002,1.0,not_applicable_no_share_change,SH560530~2025-04-09,https://finance.sina.com.cn/realstock/company/sh560530/hfq.js,f2702285791c5b7aac814628996af591ec220ec935cb86d780f003b1bd6b536e
SH560530,2025-07-08,2025-07-08,2025-07-08,0.0081,1.0,not_applicable_no_share_change,SH560530~2025-07-08,https://finance.sina.com.cn/realstock/company/sh560530/hfq.js,f2702285791c5b7aac814628996af591ec220ec935cb86d780f003b1bd6b536e
SH560530,2025-10-16,2025-10-16,2025-10-16,0.0076999999999999985,1.0,not_applicable_no_share_change,SH560530~2025-10-16,https://finance.sina.com.cn/realstock/company/sh560530/hfq.js,f2702285791c5b7aac814628996af591ec220ec935cb86d780f003b1bd6b536e
SH560530,2026-01-13,2026-01-13,2026-01-13,0.0040999999999999995,1.0,not_applicable_no_share_change,SH560530~2026-01-13,https://finance.sina.com.cn/realstock/company/sh560530/hfq.js,f2702285791c5b7aac814628996af591ec220ec935cb86d780f003b1bd6b536e
SH560530,2026-04-14,2026-04-14,2026-04-14,0.002100000000000001,1.0,not_applicable_no_share_change,SH560530~2026-04-14,https://finance.sina.com.cn/realstock/company/sh560530/hfq.js,f2702285791c5b7aac814628996af591ec220ec935cb86d780f003b1bd6b536e
SH560530,2026-07-14,2026-07-14,2026-07-14,0.007399999999999997,1.0,not_applicable_no_share_change,SH560530~2026-07-14,https://finance.sina.com.cn/realstock/company/sh560530/hfq.js,f2702285791c5b7aac814628996af591ec220ec935cb86d780f003b1bd6b536e
SH560570,2025-11-18,2025-11-18,2025-11-18,0.005,1.0,not_applicable_no_share_change,SH560570~2025-11-18,https://finance.sina.com.cn/realstock/company/sh560570/hfq.js,6c69c076b565798b771e94a320a998a247cccf3a6d100e955f3c71e752de0954
SH560570,2026-03-17,2026-03-17,2026-03-17,0.005,1.0,not_applicable_no_share_change,SH560570~2026-03-17,https://finance.sina.com.cn/realstock/company/sh560570/hfq.js,6c69c076b565798b771e94a320a998a247cccf3a6d100e955f3c71e752de0954
SH560610,2025-04-16,2025-04-16,2025-04-16,0.001,1.0,not_applicable_no_share_change,SH560610~2025-04-16,https://finance.sina.com.cn/realstock/company/sh560610/hfq.js,2e7aca0bcbc6fcf48980486630cf0320fb15224fe2ae115180d43cf78c3ec0d3
SH560610,2025-07-15,2025-07-15,2025-07-15,0.008,1.0,not_applicable_no_share_change,SH560610~2025-07-15,https://finance.sina.com.cn/realstock/company/sh560610/hfq.js,2e7aca0bcbc6fcf48980486630cf0320fb15224fe2ae115180d43cf78c3ec0d3
SH560610,2025-10-23,2025-10-23,2025-10-23,0.008000000000000002,1.0,not_applicable_no_share_change,SH560610~2025-10-23,https://finance.sina.com.cn/realstock/company/sh560610/hfq.js,2e7aca0bcbc6fcf48980486630cf0320fb15224fe2ae115180d43cf78c3ec0d3
SH560610,2026-01-19,2026-01-19,2026-01-19,0.0049999999999999975,1.0,not_applicable_no_share_change,SH560610~2026-01-19,https://finance.sina.com.cn/realstock/company/sh560610/hfq.js,2e7aca0bcbc6fcf48980486630cf0320fb15224fe2ae115180d43cf78c3ec0d3
SH560610,2026-04-16,2026-04-16,2026-04-16,0.0020000000000000018,1.0,not_applicable_no_share_change,SH560610~2026-04-16,https://finance.sina.com.cn/realstock/company/sh560610/hfq.js,2e7aca0bcbc6fcf48980486630cf0320fb15224fe2ae115180d43cf78c3ec0d3
SH560610,2026-07-15,2026-07-15,2026-07-15,0.009000000000000001,1.0,not_applicable_no_share_change,SH560610~2026-07-15,https://finance.sina.com.cn/realstock/company/sh560610/hfq.js,2e7aca0bcbc6fcf48980486630cf0320fb15224fe2ae115180d43cf78c3ec0d3
SH560660,2026-04-27,2026-04-27,2026-04-27,0.0,2.0,unknown_not_provided_by_sina_hfq,SH560660~2026-04-27,https://finance.sina.com.cn/realstock/company/sh560660/hfq.js,12bd827a9c2052843a0e3857604cd247528581d4dc598582ac851670c05b6c7e
SH560700,2023-12-04,2023-12-04,2023-12-04,0.019,1.0,not_applicable_no_share_change,SH560700~2023-12-04,https://finance.sina.com.cn/realstock/company/sh560700/hfq.js,a6bafcf074107746e7dc3a79a624693e5acee68005ddccea09ac11d69fe5684c
SH560700,2024-12-25,2024-12-25,2024-12-25,0.03950000000000001,1.0,not_applicable_no_share_change,SH560700~2024-12-25,https://finance.sina.com.cn/realstock/company/sh560700/hfq.js,a6bafcf074107746e7dc3a79a624693e5acee68005ddccea09ac11d69fe5684c
SH560700,2025-12-10,2025-12-10,2025-12-10,0.05229999999999999,1.0,not_applicable_no_share_change,SH560700~2025-12-10,https://finance.sina.com.cn/realstock/company/sh560700/hfq.js,a6bafcf074107746e7dc3a79a624693e5acee68005ddccea09ac11d69fe5684c
SH560780,2026-06-26,2026-06-26,2026-06-26,0.0,3.0,unknown_not_provided_by_sina_hfq,SH560780~2026-06-26,https://finance.sina.com.cn/realstock/company/sh560780/hfq.js,4dc2dd4b076ef005899a2527e25f8a6c2dc8fed13931ab83f57a2b0ab9ede71c
SH561060,2025-01-17,2025-01-17,2025-01-17,0.014,1.0,not_applicable_no_share_change,SH561060~2025-01-17,https://finance.sina.com.cn/realstock/company/sh561060/hfq.js,9c6e73335343609abcd50b3b893d89a6e4b87d90333fe22cdc1263279422efbe
SH561060,2025-04-17,2025-04-17,2025-04-17,0.013,1.0,not_applicable_no_share_change,SH561060~2025-04-17,https://finance.sina.com.cn/realstock/company/sh561060/hfq.js,9c6e73335343609abcd50b3b893d89a6e4b87d90333fe22cdc1263279422efbe
SH561230,2024-03-27,2024-03-27,2024-03-27,0.0066,1.0,not_applicable_no_share_change,SH561230~2024-03-27,https://finance.sina.com.cn/realstock/company/sh561230/hfq.js,1f0c40b1893e48fb2e11a1422e0ba81aff37e7447a9410728c1eb825cf97e9a9
SH561230,2024-06-24,2024-06-24,2024-06-24,0.0066,1.0,not_applicable_no_share_change,SH561230~2024-06-24,https://finance.sina.com.cn/realstock/company/sh561230/hfq.js,1f0c40b1893e48fb2e11a1422e0ba81aff37e7447a9410728c1eb825cf97e9a9
SH561230,2024-09-27,2024-09-27,2024-09-27,0.006600000000000002,1.0,not_applicable_no_share_change,SH561230~2024-09-27,https://finance.sina.com.cn/realstock/company/sh561230/hfq.js,1f0c40b1893e48fb2e11a1422e0ba81aff37e7447a9410728c1eb825cf97e9a9
SH561230,2024-12-23,2024-12-23,2024-12-23,0.006599999999999998,1.0,not_applicable_no_share_change,SH561230~2024-12-23,https://finance.sina.com.cn/realstock/company/sh561230/hfq.js,1f0c40b1893e48fb2e11a1422e0ba81aff37e7447a9410728c1eb825cf97e9a9
SH561230,2025-03-25,2025-03-25,2025-03-25,0.0011000000000000003,1.0,not_applicable_no_share_change,SH561230~2025-03-25,https://finance.sina.com.cn/realstock/company/sh561230/hfq.js,1f0c40b1893e48fb2e11a1422e0ba81aff37e7447a9410728c1eb825cf97e9a9
SH561230,2025-06-25,2025-06-25,2025-06-25,0.003300000000000001,1.0,not_applicable_no_share_change,SH561230~2025-06-25,https://finance.sina.com.cn/realstock/company/sh561230/hfq.js,1f0c40b1893e48fb2e11a1422e0ba81aff37e7447a9410728c1eb825cf97e9a9
SH561230,2025-09-19,2025-09-19,2025-09-19,0.006600000000000002,1.0,not_applicable_no_share_change,SH561230~2025-09-19,https://finance.sina.com.cn/realstock/company/sh561230/hfq.js,1f0c40b1893e48fb2e11a1422e0ba81aff37e7447a9410728c1eb825cf97e9a9
SH561230,2025-12-26,2025-12-26,2025-12-26,0.006599999999999995,1.0,not_applicable_no_share_change,SH561230~2025-12-26,https://finance.sina.com.cn/realstock/company/sh561230/hfq.js,1f0c40b1893e48fb2e11a1422e0ba81aff37e7447a9410728c1eb825cf97e9a9
SH561230,2026-03-23,2026-03-23,2026-03-23,0.006600000000000002,1.0,not_applicable_no_share_change,SH561230~2026-03-23,https://finance.sina.com.cn/realstock/company/sh561230/hfq.js,1f0c40b1893e48fb2e11a1422e0ba81aff37e7447a9410728c1eb825cf97e9a9
SH561230,2026-06-24,2026-06-24,2026-06-24,0.006600000000000002,1.0,not_applicable_no_share_change,SH561230~2026-06-24,https://finance.sina.com.cn/realstock/company/sh561230/hfq.js,1f0c40b1893e48fb2e11a1422e0ba81aff37e7447a9410728c1eb825cf97e9a9
SH561310,2026-07-09,2026-07-09,2026-07-09,0.0,2.0,unknown_not_provided_by_sina_hfq,SH561310~2026-07-09,https://finance.sina.com.cn/realstock/company/sh561310/hfq.js,b2718e96b01a421b52db4055b2a17c2739b1c0b693bcef09cfd2bcc4763cbb1b
SH561330,2026-06-25,2026-06-25,2026-06-25,0.0,2.0,unknown_not_provided_by_sina_hfq,SH561330~2026-06-25,https://finance.sina.com.cn/realstock/company/sh561330/hfq.js,dad9d9424e16893797c3fa858feba95d341c02922c828c525cdace46ff8726a0
SH561380,2026-06-25,2026-06-25,2026-06-25,0.0,2.5,unknown_not_provided_by_sina_hfq,SH561380~2026-06-25,https://finance.sina.com.cn/realstock/company/sh561380/hfq.js,954535a2f9df4db41204d7dec03ffef623cfd579599bcc06b7b97fd771cbd7fb
SH561580,2025-05-19,2025-05-19,2025-05-19,0.005,1.0,not_applicable_no_share_change,SH561580~2025-05-19,https://finance.sina.com.cn/realstock/company/sh561580/hfq.js,f5dc75fc98928d4c07c3a2afa2aa4c6ac91178010e9d1202bee95a8859f974c5
SH561580,2025-06-16,2025-06-16,2025-06-16,0.005,1.0,not_applicable_no_share_change,SH561580~2025-06-16,https://finance.sina.com.cn/realstock/company/sh561580/hfq.js,f5dc75fc98928d4c07c3a2afa2aa4c6ac91178010e9d1202bee95a8859f974c5
SH561580,2025-07-14,2025-07-14,2025-07-14,0.004999999999999999,1.0,not_applicable_no_share_change,SH561580~2025-07-14,https://finance.sina.com.cn/realstock/company/sh561580/hfq.js,f5dc75fc98928d4c07c3a2afa2aa4c6ac91178010e9d1202bee95a8859f974c5
SH561580,2025-08-18,2025-08-18,2025-08-18,0.020000000000000004,1.0,not_applicable_no_share_change,SH561580~2025-08-18,https://finance.sina.com.cn/realstock/company/sh561580/hfq.js,f5dc75fc98928d4c07c3a2afa2aa4c6ac91178010e9d1202bee95a8859f974c5
SH561580,2025-09-15,2025-09-15,2025-09-15,0.019999999999999997,1.0,not_applicable_no_share_change,SH561580~2025-09-15,https://finance.sina.com.cn/realstock/company/sh561580/hfq.js,f5dc75fc98928d4c07c3a2afa2aa4c6ac91178010e9d1202bee95a8859f974c5
SH561580,2025-10-20,2025-10-20,2025-10-20,0.019999999999999997,1.0,not_applicable_no_share_change,SH561580~2025-10-20,https://finance.sina.com.cn/realstock/company/sh561580/hfq.js,f5dc75fc98928d4c07c3a2afa2aa4c6ac91178010e9d1202bee95a8859f974c5
SH561580,2025-11-17,2025-11-17,2025-11-17,0.010000000000000009,1.0,not_applicable_no_share_change,SH561580~2025-11-17,https://finance.sina.com.cn/realstock/company/sh561580/hfq.js,f5dc75fc98928d4c07c3a2afa2aa4c6ac91178010e9d1202bee95a8859f974c5
SH561580,2025-12-15,2025-12-15,2025-12-15,0.009999999999999995,1.0,not_applicable_no_share_change,SH561580~2025-12-15,https://finance.sina.com.cn/realstock/company/sh561580/hfq.js,f5dc75fc98928d4c07c3a2afa2aa4c6ac91178010e9d1202bee95a8859f974c5
SH561580,2026-01-21,2026-01-21,2026-01-21,0.009999999999999995,1.0,not_applicable_no_share_change,SH561580~2026-01-21,https://finance.sina.com.cn/realstock/company/sh561580/hfq.js,f5dc75fc98928d4c07c3a2afa2aa4c6ac91178010e9d1202bee95a8859f974c5
SH561580,2026-02-26,2026-02-26,2026-02-26,0.010000000000000009,1.0,not_applicable_no_share_change,SH561580~2026-02-26,https://finance.sina.com.cn/realstock/company/sh561580/hfq.js,f5dc75fc98928d4c07c3a2afa2aa4c6ac91178010e9d1202bee95a8859f974c5
SH561580,2026-03-23,2026-03-23,2026-03-23,0.0049999999999999906,1.0,not_applicable_no_share_change,SH561580~2026-03-23,https://finance.sina.com.cn/realstock/company/sh561580/hfq.js,f5dc75fc98928d4c07c3a2afa2aa4c6ac91178010e9d1202bee95a8859f974c5
SH561580,2026-04-20,2026-04-20,2026-04-20,0.0050000000000000044,1.0,not_applicable_no_share_change,SH561580~2026-04-20,https://finance.sina.com.cn/realstock/company/sh561580/hfq.js,f5dc75fc98928d4c07c3a2afa2aa4c6ac91178010e9d1202bee95a8859f974c5
SH561580,2026-05-18,2026-05-18,2026-05-18,0.0050000000000000044,1.0,not_applicable_no_share_change,SH561580~2026-05-18,https://finance.sina.com.cn/realstock/company/sh561580/hfq.js,f5dc75fc98928d4c07c3a2afa2aa4c6ac91178010e9d1202bee95a8859f974c5
SH561580,2026-06-15,2026-06-15,2026-06-15,0.0050000000000000044,1.0,not_applicable_no_share_change,SH561580~2026-06-15,https://finance.sina.com.cn/realstock/company/sh561580/hfq.js,f5dc75fc98928d4c07c3a2afa2aa4c6ac91178010e9d1202bee95a8859f974c5
SH561580,2026-07-20,2026-07-20,2026-07-20,0.0050000000000000044,1.0,not_applicable_no_share_change,SH561580~2026-07-20,https://finance.sina.com.cn/realstock/company/sh561580/hfq.js,f5dc75fc98928d4c07c3a2afa2aa4c6ac91178010e9d1202bee95a8859f974c5
SH561600,2026-07-23,2026-07-23,2026-07-23,0.0,2.0,unknown_not_provided_by_sina_hfq,SH561600~2026-07-23,https://finance.sina.com.cn/realstock/company/sh561600/hfq.js,c6032d341acb1a820137627da004536873de8b67c4a8721aadb894c2f4dd0d0f
SH561870,2025-09-23,2025-09-23,2025-09-23,0.0093,1.0,not_applicable_no_share_change,SH561870~2025-09-23,https://finance.sina.com.cn/realstock/company/sh561870/hfq.js,b8b3e4f870c0235c2f19cb27587bc27f848ad6c234298cea23a238d6e659cc6c
SH561870,2026-03-24,2026-03-24,2026-03-24,0.011,1.0,not_applicable_no_share_change,SH561870~2026-03-24,https://finance.sina.com.cn/realstock/company/sh561870/hfq.js,b8b3e4f870c0235c2f19cb27587bc27f848ad6c234298cea23a238d6e659cc6c
SH561870,2026-06-23,2026-06-23,2026-06-23,0.010000000000000002,1.0,not_applicable_no_share_change,SH561870~2026-06-23,https://finance.sina.com.cn/realstock/company/sh561870/hfq.js,b8b3e4f870c0235c2f19cb27587bc27f848ad6c234298cea23a238d6e659cc6c
SH561880,2025-06-24,2025-06-24,2025-06-24,0.001,1.0,not_applicable_no_share_change,SH561880~2025-06-24,https://finance.sina.com.cn/realstock/company/sh561880/hfq.js,0a40c48e6753cbf6084e5cc441720d089da5f7d8b80f1fd0320917d8307ec990
SH561880,2025-09-23,2025-09-23,2025-09-23,0.0048,1.0,not_applicable_no_share_change,SH561880~2025-09-23,https://finance.sina.com.cn/realstock/company/sh561880/hfq.js,0a40c48e6753cbf6084e5cc441720d089da5f7d8b80f1fd0320917d8307ec990
SH561880,2025-12-23,2025-12-23,2025-12-23,0.0051,1.0,not_applicable_no_share_change,SH561880~2025-12-23,https://finance.sina.com.cn/realstock/company/sh561880/hfq.js,0a40c48e6753cbf6084e5cc441720d089da5f7d8b80f1fd0320917d8307ec990
SH561880,2026-03-24,2026-03-24,2026-03-24,0.0051,1.0,not_applicable_no_share_change,SH561880~2026-03-24,https://finance.sina.com.cn/realstock/company/sh561880/hfq.js,0a40c48e6753cbf6084e5cc441720d089da5f7d8b80f1fd0320917d8307ec990
SH561880,2026-06-23,2026-06-23,2026-06-23,0.0068000000000000005,1.0,not_applicable_no_share_change,SH561880~2026-06-23,https://finance.sina.com.cn/realstock/company/sh561880/hfq.js,0a40c48e6753cbf6084e5cc441720d089da5f7d8b80f1fd0320917d8307ec990
SH561960,2024-12-02,2024-12-02,2024-12-02,0.012,1.0,not_applicable_no_share_change,SH561960~2024-12-02,https://finance.sina.com.cn/realstock/company/sh561960/hfq.js,84be6c44fcbc75937c32f3ef7574f4ba32ce4f9f17f8199d955e981b02ddffa7
SH561960,2025-03-19,2025-03-19,2025-03-19,0.012,1.0,not_applicable_no_share_change,SH561960~2025-03-19,https://finance.sina.com.cn/realstock/company/sh561960/hfq.js,84be6c44fcbc75937c32f3ef7574f4ba32ce4f9f17f8199d955e981b02ddffa7
SH561980,2026-06-26,2026-06-26,2026-06-26,0.0,5.0,unknown_not_provided_by_sina_hfq,SH561980~2026-06-26,https://finance.sina.com.cn/realstock/company/sh561980/hfq.js,d44030248b2e529586eac081bd46cf37cd00afd86b3ad411b40ee1f0a07e8b71
SH562000,2025-11-10,2025-11-10,2025-11-10,0.0,2.0,unknown_not_provided_by_sina_hfq,SH562000~2025-11-10,https://finance.sina.com.cn/realstock/company/sh562000/hfq.js,9e2038e5069b2a6d89d4107c9a4aef1f72cc158555d10ce47e5a5a2ff6486f0d
SH562030,2025-09-15,2025-09-15,2025-09-15,0.0,2.0,unknown_not_provided_by_sina_hfq,SH562030~2025-09-15,https://finance.sina.com.cn/realstock/company/sh562030/hfq.js,ee909f18399fe824fb80c3276e12e295dddf390e64a2cdcbd27db5af8f9e7457
SH562060,2024-10-28,2024-10-28,2024-10-28,0.046,1.0,not_applicable_no_share_change,SH562060~2024-10-28,https://finance.sina.com.cn/realstock/company/sh562060/hfq.js,0b75024fe1d63a49d37619ff61a8264622eda572b32c318ba789abdcdc9a8b2e
SH562060,2025-08-11,2025-08-11,2025-08-11,0.0,2.0,unknown_not_provided_by_sina_hfq,SH562060~2025-08-11,https://finance.sina.com.cn/realstock/company/sh562060/hfq.js,0b75024fe1d63a49d37619ff61a8264622eda572b32c318ba789abdcdc9a8b2e
SH562060,2025-09-30,2025-09-30,2025-09-30,0.0121,1.0,not_applicable_no_share_change,SH562060~2025-09-30,https://finance.sina.com.cn/realstock/company/sh562060/hfq.js,0b75024fe1d63a49d37619ff61a8264622eda572b32c318ba789abdcdc9a8b2e
SH562080,2025-11-10,2025-11-10,2025-11-10,0.0,2.0,unknown_not_provided_by_sina_hfq,SH562080~2025-11-10,https://finance.sina.com.cn/realstock/company/sh562080/hfq.js,a3d50c9632b146763b7e176a7373070faf427b7319536ebfe48e2b0afe1339fa
SH562590,2026-07-06,2026-07-06,2026-07-06,0.0,3.0,unknown_not_provided_by_sina_hfq,SH562590~2026-07-06,https://finance.sina.com.cn/realstock/company/sh562590/hfq.js,ff3195137d09778543853fb7847563a7299656844c27d938c8b74afd86484073
SH562810,2025-07-15,2025-07-15,2025-07-15,0.0131,1.0,not_applicable_no_share_change,SH562810~2025-07-15,https://finance.sina.com.cn/realstock/company/sh562810/hfq.js,41c4cf4e9f0e772a67e8a09d7ac9b2c9d10c94141a13cff710f700450a6c60fa
SH562820,2026-07-23,2026-07-23,2026-07-23,0.0,3.0,unknown_not_provided_by_sina_hfq,SH562820~2026-07-23,https://finance.sina.com.cn/realstock/company/sh562820/hfq.js,59d4d38542a78f5930947d05993797b62cfbfbf8c12557208b31aeb9235237d9
SH563020,2024-06-17,2024-06-17,2024-06-17,0.012,1.0,not_applicable_no_share_change,SH563020~2024-06-17,https://finance.sina.com.cn/realstock/company/sh563020/hfq.js,5978e0f798fd149eed647b2b4d73fdee239665f2e0ff24120b748188ec026119
SH563020,2024-09-12,2024-09-12,2024-09-12,0.016,1.0,not_applicable_no_share_change,SH563020~2024-09-12,https://finance.sina.com.cn/realstock/company/sh563020/hfq.js,5978e0f798fd149eed647b2b4d73fdee239665f2e0ff24120b748188ec026119
SH563020,2024-12-11,2024-12-11,2024-12-11,0.014000000000000002,1.0,not_applicable_no_share_change,SH563020~2024-12-11,https://finance.sina.com.cn/realstock/company/sh563020/hfq.js,5978e0f798fd149eed647b2b4d73fdee239665f2e0ff24120b748188ec026119
SH563020,2025-03-12,2025-03-12,2025-03-12,0.008999999999999994,1.0,not_applicable_no_share_change,SH563020~2025-03-12,https://finance.sina.com.cn/realstock/company/sh563020/hfq.js,5978e0f798fd149eed647b2b4d73fdee239665f2e0ff24120b748188ec026119
SH563020,2025-06-12,2025-06-12,2025-06-12,0.010000000000000002,1.0,not_applicable_no_share_change,SH563020~2025-06-12,https://finance.sina.com.cn/realstock/company/sh563020/hfq.js,5978e0f798fd149eed647b2b4d73fdee239665f2e0ff24120b748188ec026119
SH563020,2025-09-10,2025-09-10,2025-09-10,0.011999999999999997,1.0,not_applicable_no_share_change,SH563020~2025-09-10,https://finance.sina.com.cn/realstock/company/sh563020/hfq.js,5978e0f798fd149eed647b2b4d73fdee239665f2e0ff24120b748188ec026119
SH563020,2025-12-10,2025-12-10,2025-12-10,0.01200000000000001,1.0,not_applicable_no_share_change,SH563020~2025-12-10,https://finance.sina.com.cn/realstock/company/sh563020/hfq.js,5978e0f798fd149eed647b2b4d73fdee239665f2e0ff24120b748188ec026119
SH563020,2026-03-11,2026-03-11,2026-03-11,0.011999999999999997,1.0,not_applicable_no_share_change,SH563020~2026-03-11,https://finance.sina.com.cn/realstock/company/sh563020/hfq.js,5978e0f798fd149eed647b2b4d73fdee239665f2e0ff24120b748188ec026119
SH563020,2026-06-10,2026-06-10,2026-06-10,0.011999999999999997,1.0,not_applicable_no_share_change,SH563020~2026-06-10,https://finance.sina.com.cn/realstock/company/sh563020/hfq.js,5978e0f798fd149eed647b2b4d73fdee239665f2e0ff24120b748188ec026119
SH563330,2024-10-14,2024-10-14,2024-10-14,0.0,0.33297263,unknown_not_provided_by_sina_hfq,SH563330~2024-10-14,https://finance.sina.com.cn/realstock/company/sh563330/hfq.js,a2fa8cd1993f48c93488bf965bf8063e4f44afd54f6c542d7e6c2e78927b219e
SH563500,2025-05-20,2025-05-20,2025-05-20,0.0037,1.0,not_applicable_no_share_change,SH563500~2025-05-20,https://finance.sina.com.cn/realstock/company/sh563500/hfq.js,0b7cd6b70e9de8d1e229265cc17fe67a0e82ee0cd1d8eefce5fecce65b15f262
SH563500,2025-08-15,2025-08-15,2025-08-15,0.012599999999999998,1.0,not_applicable_no_share_change,SH563500~2025-08-15,https://finance.sina.com.cn/realstock/company/sh563500/hfq.js,0b7cd6b70e9de8d1e229265cc17fe67a0e82ee0cd1d8eefce5fecce65b15f262
SH563500,2025-10-20,2025-10-20,2025-10-20,0.0,2.0,unknown_not_provided_by_sina_hfq,SH563500~2025-10-20,https://finance.sina.com.cn/realstock/company/sh563500/hfq.js,0b7cd6b70e9de8d1e229265cc17fe67a0e82ee0cd1d8eefce5fecce65b15f262
SH563500,2025-11-17,2025-11-17,2025-11-17,0.00315,1.0,not_applicable_no_share_change,SH563500~2025-11-17,https://finance.sina.com.cn/realstock/company/sh563500/hfq.js,0b7cd6b70e9de8d1e229265cc17fe67a0e82ee0cd1d8eefce5fecce65b15f262
SH563500,2026-02-24,2026-02-24,2026-02-24,0.0023500000000000014,1.0,not_applicable_no_share_change,SH563500~2026-02-24,https://finance.sina.com.cn/realstock/company/sh563500/hfq.js,0b7cd6b70e9de8d1e229265cc17fe67a0e82ee0cd1d8eefce5fecce65b15f262
SH563500,2026-05-20,2026-05-20,2026-05-20,0.0006499999999999995,1.0,not_applicable_no_share_change,SH563500~2026-05-20,https://finance.sina.com.cn/realstock/company/sh563500/hfq.js,0b7cd6b70e9de8d1e229265cc17fe67a0e82ee0cd1d8eefce5fecce65b15f262
SH563660,2025-07-09,2025-07-09,2025-07-09,0.003,1.0,not_applicable_no_share_change,SH563660~2025-07-09,https://finance.sina.com.cn/realstock/company/sh563660/hfq.js,b5614397ffc3aa9b0db51cd006b1fcec134b73a170f8076df86a60eed1e524d4
SH563660,2025-10-20,2025-10-20,2025-10-20,0.005,1.0,not_applicable_no_share_change,SH563660~2025-10-20,https://finance.sina.com.cn/realstock/company/sh563660/hfq.js,b5614397ffc3aa9b0db51cd006b1fcec134b73a170f8076df86a60eed1e524d4
SH563660,2026-01-14,2026-01-14,2026-01-14,0.006200000000000001,1.0,not_applicable_no_share_change,SH563660~2026-01-14,https://finance.sina.com.cn/realstock/company/sh563660/hfq.js,b5614397ffc3aa9b0db51cd006b1fcec134b73a170f8076df86a60eed1e524d4
SH563660,2026-04-10,2026-04-10,2026-04-10,0.005999999999999998,1.0,not_applicable_no_share_change,SH563660~2026-04-10,https://finance.sina.com.cn/realstock/company/sh563660/hfq.js,b5614397ffc3aa9b0db51cd006b1fcec134b73a170f8076df86a60eed1e524d4
SH563660,2026-07-09,2026-07-09,2026-07-09,0.0069,1.0,not_applicable_no_share_change,SH563660~2026-07-09,https://finance.sina.com.cn/realstock/company/sh563660/hfq.js,b5614397ffc3aa9b0db51cd006b1fcec134b73a170f8076df86a60eed1e524d4
SH563700,2025-07-11,2025-07-11,2025-07-11,0.01,1.0,not_applicable_no_share_change,SH563700~2025-07-11,https://finance.sina.com.cn/realstock/company/sh563700/hfq.js,35dc5f51144afac4577c45842c91345bb8f34a3750d027389f34445921766b2f
SH563700,2025-10-21,2025-10-21,2025-10-21,0.01,1.0,not_applicable_no_share_change,SH563700~2025-10-21,https://finance.sina.com.cn/realstock/company/sh563700/hfq.js,35dc5f51144afac4577c45842c91345bb8f34a3750d027389f34445921766b2f
SH563700,2026-01-14,2026-01-14,2026-01-14,0.009999999999999998,1.0,not_applicable_no_share_change,SH563700~2026-01-14,https://finance.sina.com.cn/realstock/company/sh563700/hfq.js,35dc5f51144afac4577c45842c91345bb8f34a3750d027389f34445921766b2f
SH563700,2026-04-14,2026-04-14,2026-04-14,0.011000000000000003,1.0,not_applicable_no_share_change,SH563700~2026-04-14,https://finance.sina.com.cn/realstock/company/sh563700/hfq.js,35dc5f51144afac4577c45842c91345bb8f34a3750d027389f34445921766b2f
SH563700,2026-07-10,2026-07-10,2026-07-10,0.009999999999999995,1.0,not_applicable_no_share_change,SH563700~2026-07-10,https://finance.sina.com.cn/realstock/company/sh563700/hfq.js,35dc5f51144afac4577c45842c91345bb8f34a3750d027389f34445921766b2f
SH563830,2026-01-21,2026-01-21,2026-01-21,0.0124,1.0,not_applicable_no_share_change,SH563830~2026-01-21,https://finance.sina.com.cn/realstock/company/sh563830/hfq.js,d127792de8976acf33fc66169a6fcfec0592166e9df8bbc2b040f516b8a91194
SH563830,2026-07-16,2026-07-16,2026-07-16,0.022199999999999998,1.0,not_applicable_no_share_change,SH563830~2026-07-16,https://finance.sina.com.cn/realstock/company/sh563830/hfq.js,d127792de8976acf33fc66169a6fcfec0592166e9df8bbc2b040f516b8a91194
SH563900,2025-07-08,2025-07-08,2025-07-08,0.0094,1.0,not_applicable_no_share_change,SH563900~2025-07-08,https://finance.sina.com.cn/realstock/company/sh563900/hfq.js,6d222adaf843022c2d7dfeeb2ff9763f2a08e5cf257b9fcaf5ea6f3c122a8b19
SH563900,2025-10-16,2025-10-16,2025-10-16,0.0122,1.0,not_applicable_no_share_change,SH563900~2025-10-16,https://finance.sina.com.cn/realstock/company/sh563900/hfq.js,6d222adaf843022c2d7dfeeb2ff9763f2a08e5cf257b9fcaf5ea6f3c122a8b19
SH563900,2026-01-13,2026-01-13,2026-01-13,0.010000000000000002,1.0,not_applicable_no_share_change,SH563900~2026-01-13,https://finance.sina.com.cn/realstock/company/sh563900/hfq.js,6d222adaf843022c2d7dfeeb2ff9763f2a08e5cf257b9fcaf5ea6f3c122a8b19
SH563900,2026-07-14,2026-07-14,2026-07-14,0.0038999999999999937,1.0,not_applicable_no_share_change,SH563900~2026-07-14,https://finance.sina.com.cn/realstock/company/sh563900/hfq.js,6d222adaf843022c2d7dfeeb2ff9763f2a08e5cf257b9fcaf5ea6f3c122a8b19
SH563980,2026-06-24,2026-06-24,2026-06-24,0.003,1.0,not_applicable_no_share_change,SH563980~2026-06-24,https://finance.sina.com.cn/realstock/company/sh563980/hfq.js,11815d8808ea9136a5675494f38f0d24c94f26f0ce08bc48acba7de1e65519f5
SH563980,2026-07-27,2026-07-27,2026-07-27,0.003,1.0,not_applicable_no_share_change,SH563980~2026-07-27,https://finance.sina.com.cn/realstock/company/sh563980/hfq.js,11815d8808ea9136a5675494f38f0d24c94f26f0ce08bc48acba7de1e65519f5
SH588020,2026-07-09,2026-07-09,2026-07-09,0.0,3.0,unknown_not_provided_by_sina_hfq,SH588020~2026-07-09,https://finance.sina.com.cn/realstock/company/sh588020/hfq.js,bc5ebc745af2e1b824e7f36bb7b104b0ef7312c62fa32c408e4fb0aaee69c049
SH588080,2025-10-17,2025-10-17,2025-10-17,0.014,1.0,not_applicable_no_share_change,SH588080~2025-10-17,https://finance.sina.com.cn/realstock/company/sh588080/hfq.js,8020e64441d6f225f2377e743b226809a86f62f8381976c45928696129088aef
SH588100,2026-07-23,2026-07-23,2026-07-23,0.0,3.0,unknown_not_provided_by_sina_hfq,SH588100~2026-07-23,https://finance.sina.com.cn/realstock/company/sh588100/hfq.js,52ced4372753b70350c3c8c0aa2ed73ac7e2be473b36096ff7e0e93d147fee71
SH588110,2026-07-20,2026-07-20,2026-07-20,0.0,4.0,unknown_not_provided_by_sina_hfq,SH588110~2026-07-20,https://finance.sina.com.cn/realstock/company/sh588110/hfq.js,0274ae08ab89d7a46ba25ecfa876a29b585803fdcefd14c916c7e3665bbaafa4
SH588120,2026-06-24,2026-06-24,2026-06-24,0.0,2.0,unknown_not_provided_by_sina_hfq,SH588120~2026-06-24,https://finance.sina.com.cn/realstock/company/sh588120/hfq.js,18fb3a42e7ba363c19b0e7288e63c6fb45df8cade289a1c24ff49aafbcf0f667
SH588170,2026-07-06,2026-07-06,2026-07-06,0.0,3.0,unknown_not_provided_by_sina_hfq,SH588170~2026-07-06,https://finance.sina.com.cn/realstock/company/sh588170/hfq.js,ff060c85201c520b14eaae813802bd83b20553039b4ccdc825eede5c99c6a0c9
SH588200,2026-07-21,2026-07-21,2026-07-21,0.0,3.0,unknown_not_provided_by_sina_hfq,SH588200~2026-07-21,https://finance.sina.com.cn/realstock/company/sh588200/hfq.js,f56eecd67b8b7d2aff05ff632c7759e1d58533556a1a2814f9a124aba6fab1be
SH588760,2025-02-21,2025-02-21,2025-02-21,0.0,2.0,unknown_not_provided_by_sina_hfq,SH588760~2025-02-21,https://finance.sina.com.cn/realstock/company/sh588760/hfq.js,50f6b58a43c8a9759341e1bed3fe385c677228cb82d5f80ef53c64469af44c04
SH588780,2026-02-03,2026-02-03,2026-02-03,0.0,2.0,unknown_not_provided_by_sina_hfq,SH588780~2026-02-03,https://finance.sina.com.cn/realstock/company/sh588780/hfq.js,72146cfe937f2d2f1957f3a254c96f2dffda98cec2873e877688ede9a226d13f
SH588790,2025-03-19,2025-03-19,2025-03-19,0.0,2.0,unknown_not_provided_by_sina_hfq,SH588790~2025-03-19,https://finance.sina.com.cn/realstock/company/sh588790/hfq.js,64b7a9c17c4515711849d6295585e364e58342ffc698c1af75649be3064655c6
SH588860,2025-10-27,2025-10-27,2025-10-27,0.0,2.0,unknown_not_provided_by_sina_hfq,SH588860~2025-10-27,https://finance.sina.com.cn/realstock/company/sh588860/hfq.js,35a98980bbded3ca92b21d0bb31db25ad5c120d14ce94e6e8c76884f4afe2e5b
SH588920,2026-08-10,2026-08-10,2026-08-10,0.0,2.0,unknown_not_provided_by_sina_hfq,SH588920~2026-08-10,https://finance.sina.com.cn/realstock/company/sh588920/hfq.js,91d4ca1549a1fe3a0b71c784bba5397066de423a9d9bfc637cdaad7269cfffae
SH588940,2026-07-28,2026-07-28,2026-07-28,0.0,2.0,unknown_not_provided_by_sina_hfq,SH588940~2026-07-28,https://finance.sina.com.cn/realstock/company/sh588940/hfq.js,e7f555dd245911f5a70813b188cc78af53fb6be9ece3b4e958a59a2d3abda6fd
SH589020,2026-08-11,2026-08-11,2026-08-11,0.0,2.0,unknown_not_provided_by_sina_hfq,SH589020~2026-08-11,https://finance.sina.com.cn/realstock/company/sh589020/hfq.js,b9a2feb78245773fbaf58317ad7158c801b96e6a54fe8c19922e9aa19f8adb8e
SH589100,2026-06-24,2026-06-24,2026-06-24,0.0,2.5,unknown_not_provided_by_sina_hfq,SH589100~2026-06-24,https://finance.sina.com.cn/realstock/company/sh589100/hfq.js,3799e72bf7afe267134e4c70a44f6c0b9eb52435b0db6b2a9fecf0b0316613aa
SH589190,2026-07-20,2026-07-20,2026-07-20,0.0,2.0,unknown_not_provided_by_sina_hfq,SH589190~2026-07-20,https://finance.sina.com.cn/realstock/company/sh589190/hfq.js,5c62956cb7cf131991a02542700c76a9660ef16ce582e9a19f3faa10446968ef
SH589210,2026-07-20,2026-07-20,2026-07-20,0.0,2.0,unknown_not_provided_by_sina_hfq,SH589210~2026-07-20,https://finance.sina.com.cn/realstock/company/sh589210/hfq.js,79b4ad895a349cc20293ffd354bfceb88387d1407e8998c868bdc0c7cd163ee9
SH589300,2026-01-19,2026-01-19,2026-01-19,0.0019,1.0,not_applicable_no_share_change,SH589300~2026-01-19,https://finance.sina.com.cn/realstock/company/sh589300/hfq.js,dd9344efc9bf05babc42c40aa0277f1933cce0d459318168f58489ba9ef7fdb5
SH589300,2026-04-16,2026-04-16,2026-04-16,0.0023,1.0,not_applicable_no_share_change,SH589300~2026-04-16,https://finance.sina.com.cn/realstock/company/sh589300/hfq.js,dd9344efc9bf05babc42c40aa0277f1933cce0d459318168f58489ba9ef7fdb5
SH589300,2026-07-15,2026-07-15,2026-07-15,0.0026,1.0,not_applicable_no_share_change,SH589300~2026-07-15,https://finance.sina.com.cn/realstock/company/sh589300/hfq.js,dd9344efc9bf05babc42c40aa0277f1933cce0d459318168f58489ba9ef7fdb5
SH589520,2025-09-08,2025-09-08,2025-09-08,0.0,2.0,unknown_not_provided_by_sina_hfq,SH589520~2025-09-08,https://finance.sina.com.cn/realstock/company/sh589520/hfq.js,6ebbce439475f23bfe67d6b35407f34d2142cf6120af846365e760ce7a488771
SH589630,2026-07-09,2026-07-09,2026-07-09,0.0,2.0,unknown_not_provided_by_sina_hfq,SH589630~2026-07-09,https://finance.sina.com.cn/realstock/company/sh589630/hfq.js,6b276de54667bd0119e3b2d7f5092db91f97e8ed37ab5356bef46482f8109930
SZ159118,2026-08-12,2026-08-12,2026-08-12,0.002,1.0,not_applicable_no_share_change,SZ159118~2026-08-12,https://finance.sina.com.cn/realstock/company/sz159118/hfq.js,d2224a054381031dc7d0ebc634dea514d7d9a60a894222c588c944115d5757af
SZ159119,2026-02-24,2026-02-24,2026-02-24,0.003,1.0,not_applicable_no_share_change,SZ159119~2026-02-24,https://finance.sina.com.cn/realstock/company/sz159119/hfq.js,d318281cbc8d6f0c81c4785f185dddbfd87f7fb12c57cbe34c751a5a14eb4018
SZ159119,2026-03-16,2026-03-16,2026-03-16,0.003,1.0,not_applicable_no_share_change,SZ159119~2026-03-16,https://finance.sina.com.cn/realstock/company/sz159119/hfq.js,d318281cbc8d6f0c81c4785f185dddbfd87f7fb12c57cbe34c751a5a14eb4018
SZ159119,2026-04-16,2026-04-16,2026-04-16,0.002999999999999999,1.0,not_applicable_no_share_change,SZ159119~2026-04-16,https://finance.sina.com.cn/realstock/company/sz159119/hfq.js,d318281cbc8d6f0c81c4785f185dddbfd87f7fb12c57cbe34c751a5a14eb4018
SZ159119,2026-05-20,2026-05-20,2026-05-20,0.003000000000000001,1.0,not_applicable_no_share_change,SZ159119~2026-05-20,https://finance.sina.com.cn/realstock/company/sz159119/hfq.js,d318281cbc8d6f0c81c4785f185dddbfd87f7fb12c57cbe34c751a5a14eb4018
SZ159119,2026-06-15,2026-06-15,2026-06-15,0.002999999999999999,1.0,not_applicable_no_share_change,SZ159119~2026-06-15,https://finance.sina.com.cn/realstock/company/sz159119/hfq.js,d318281cbc8d6f0c81c4785f185dddbfd87f7fb12c57cbe34c751a5a14eb4018
SZ159119,2026-07-16,2026-07-16,2026-07-16,0.002999999999999999,1.0,not_applicable_no_share_change,SZ159119~2026-07-16,https://finance.sina.com.cn/realstock/company/sz159119/hfq.js,d318281cbc8d6f0c81c4785f185dddbfd87f7fb12c57cbe34c751a5a14eb4018
SZ159207,2025-12-10,2025-12-10,2025-12-10,0.0546,1.0,not_applicable_no_share_change,SZ159207~2025-12-10,https://finance.sina.com.cn/realstock/company/sz159207/hfq.js,9e3a291094ce629e684a1dbef4274b8e47de4a0d4d01bb6274950d7c9ccd0035
SZ159209,2025-07-15,2025-07-15,2025-07-15,0.003,1.0,not_applicable_no_share_change,SZ159209~2025-07-15,https://finance.sina.com.cn/realstock/company/sz159209/hfq.js,a77360709324c127ec9ba03ffd13a97c1c195d119579feddb9403914b1166159
SZ159209,2025-08-15,2025-08-15,2025-08-15,0.003,1.0,not_applicable_no_share_change,SZ159209~2025-08-15,https://finance.sina.com.cn/realstock/company/sz159209/hfq.js,a77360709324c127ec9ba03ffd13a97c1c195d119579feddb9403914b1166159
SZ159209,2025-09-15,2025-09-15,2025-09-15,0.002999999999999999,1.0,not_applicable_no_share_change,SZ159209~2025-09-15,https://finance.sina.com.cn/realstock/company/sz159209/hfq.js,a77360709324c127ec9ba03ffd13a97c1c195d119579feddb9403914b1166159
SZ159209,2025-10-23,2025-10-23,2025-10-23,0.003000000000000001,1.0,not_applicable_no_share_change,SZ159209~2025-10-23,https://finance.sina.com.cn/realstock/company/sz159209/hfq.js,a77360709324c127ec9ba03ffd13a97c1c195d119579feddb9403914b1166159
SZ159209,2025-11-17,2025-11-17,2025-11-17,0.002999999999999999,1.0,not_applicable_no_share_change,SZ159209~2025-11-17,https://finance.sina.com.cn/realstock/company/sz159209/hfq.js,a77360709324c127ec9ba03ffd13a97c1c195d119579feddb9403914b1166159
SZ159209,2025-12-15,2025-12-15,2025-12-15,0.002999999999999999,1.0,not_applicable_no_share_change,SZ159209~2025-12-15,https://finance.sina.com.cn/realstock/company/sz159209/hfq.js,a77360709324c127ec9ba03ffd13a97c1c195d119579feddb9403914b1166159
SZ159209,2026-01-19,2026-01-19,2026-01-19,0.0030000000000000027,1.0,not_applicable_no_share_change,SZ159209~2026-01-19,https://finance.sina.com.cn/realstock/company/sz159209/hfq.js,a77360709324c127ec9ba03ffd13a97c1c195d119579feddb9403914b1166159
SZ159209,2026-02-24,2026-02-24,2026-02-24,0.002999999999999999,1.0,not_applicable_no_share_change,SZ159209~2026-02-24,https://finance.sina.com.cn/realstock/company/sz159209/hfq.js,a77360709324c127ec9ba03ffd13a97c1c195d119579feddb9403914b1166159
SZ159209,2026-03-16,2026-03-16,2026-03-16,0.002999999999999999,1.0,not_applicable_no_share_change,SZ159209~2026-03-16,https://finance.sina.com.cn/realstock/company/sz159209/hfq.js,a77360709324c127ec9ba03ffd13a97c1c195d119579feddb9403914b1166159
SZ159209,2026-04-16,2026-04-16,2026-04-16,0.002999999999999999,1.0,not_applicable_no_share_change,SZ159209~2026-04-16,https://finance.sina.com.cn/realstock/company/sz159209/hfq.js,a77360709324c127ec9ba03ffd13a97c1c195d119579feddb9403914b1166159
SZ159209,2026-05-20,2026-05-20,2026-05-20,0.0030000000000000027,1.0,not_applicable_no_share_change,SZ159209~2026-05-20,https://finance.sina.com.cn/realstock/company/sz159209/hfq.js,a77360709324c127ec9ba03ffd13a97c1c195d119579feddb9403914b1166159
SZ159209,2026-06-15,2026-06-15,2026-06-15,0.0029999999999999957,1.0,not_applicable_no_share_change,SZ159209~2026-06-15,https://finance.sina.com.cn/realstock/company/sz159209/hfq.js,a77360709324c127ec9ba03ffd13a97c1c195d119579feddb9403914b1166159
SZ159209,2026-07-15,2026-07-15,2026-07-15,0.0030000000000000027,1.0,not_applicable_no_share_change,SZ159209~2026-07-15,https://finance.sina.com.cn/realstock/company/sz159209/hfq.js,a77360709324c127ec9ba03ffd13a97c1c195d119579feddb9403914b1166159
SZ159220,2025-11-10,2025-11-10,2025-11-10,0.0,2.0,unknown_not_provided_by_sina_hfq,SZ159220~2025-11-10,https://finance.sina.com.cn/realstock/company/sz159220/hfq.js,30187d4c0fbe5369b485d0d4c9b19e67b654eab93eac48621b063c86a861d42f
SZ159220,2026-02-24,2026-02-24,2026-02-24,0.0047,1.0,not_applicable_no_share_change,SZ159220~2026-02-24,https://finance.sina.com.cn/realstock/company/sz159220/hfq.js,30187d4c0fbe5369b485d0d4c9b19e67b654eab93eac48621b063c86a861d42f
SZ159220,2026-06-01,2026-06-01,2026-06-01,0.0015500000000000002,1.0,not_applicable_no_share_change,SZ159220~2026-06-01,https://finance.sina.com.cn/realstock/company/sz159220/hfq.js,30187d4c0fbe5369b485d0d4c9b19e67b654eab93eac48621b063c86a861d42f
SZ159221,2025-10-22,2025-10-22,2025-10-22,0.0175,1.0,not_applicable_no_share_change,SZ159221~2025-10-22,https://finance.sina.com.cn/realstock/company/sz159221/hfq.js,d0e2801b714ac76791919a45de1e13d9d55aad117de32adbc2444bd852ac0872
SZ159221,2026-01-19,2026-01-19,2026-01-19,0.011899999999999997,1.0,not_applicable_no_share_change,SZ159221~2026-01-19,https://finance.sina.com.cn/realstock/company/sz159221/hfq.js,d0e2801b714ac76791919a45de1e13d9d55aad117de32adbc2444bd852ac0872
SZ159221,2026-04-15,2026-04-15,2026-04-15,0.0072000000000000015,1.0,not_applicable_no_share_change,SZ159221~2026-04-15,https://finance.sina.com.cn/realstock/company/sz159221/hfq.js,d0e2801b714ac76791919a45de1e13d9d55aad117de32adbc2444bd852ac0872
SZ159221,2026-07-15,2026-07-15,2026-07-15,0.007399999999999997,1.0,not_applicable_no_share_change,SZ159221~2026-07-15,https://finance.sina.com.cn/realstock/company/sz159221/hfq.js,d0e2801b714ac76791919a45de1e13d9d55aad117de32adbc2444bd852ac0872
SZ159231,2025-08-11,2025-08-11,2025-08-11,0.0,2.0,unknown_not_provided_by_sina_hfq,SZ159231~2025-08-11,https://finance.sina.com.cn/realstock/company/sz159231/hfq.js,25524810628cf054956d50c280729377a15a855ba6e3eb2ef16edb4771746c2f
SZ159232,2025-07-15,2025-07-15,2025-07-15,0.005,1.0,not_applicable_no_share_change,SZ159232~2025-07-15,https://finance.sina.com.cn/realstock/company/sz159232/hfq.js,230ccf427cba3c5d42f509e1047c88118c4594703fb8176bb4c65c68c6ddf831
SZ159232,2025-10-27,2025-10-27,2025-10-27,0.005,1.0,not_applicable_no_share_change,SZ159232~2025-10-27,https://finance.sina.com.cn/realstock/company/sz159232/hfq.js,230ccf427cba3c5d42f509e1047c88118c4594703fb8176bb4c65c68c6ddf831
SZ159232,2026-01-20,2026-01-20,2026-01-20,0.01,1.0,not_applicable_no_share_change,SZ159232~2026-01-20,https://finance.sina.com.cn/realstock/company/sz159232/hfq.js,230ccf427cba3c5d42f509e1047c88118c4594703fb8176bb4c65c68c6ddf831
SZ159232,2026-04-15,2026-04-15,2026-04-15,0.009999999999999998,1.0,not_applicable_no_share_change,SZ159232~2026-04-15,https://finance.sina.com.cn/realstock/company/sz159232/hfq.js,230ccf427cba3c5d42f509e1047c88118c4594703fb8176bb4c65c68c6ddf831
SZ159232,2026-07-15,2026-07-15,2026-07-15,0.010000000000000002,1.0,not_applicable_no_share_change,SZ159232~2026-07-15,https://finance.sina.com.cn/realstock/company/sz159232/hfq.js,230ccf427cba3c5d42f509e1047c88118c4594703fb8176bb4c65c68c6ddf831
SZ159246,2026-02-13,2026-02-13,2026-02-13,0.0,2.0,unknown_not_provided_by_sina_hfq,SZ159246~2026-02-13,https://finance.sina.com.cn/realstock/company/sz159246/hfq.js,42c1341c7c9bc8a6cc89e1458c150b8219cec9214f5027f19120051e6084b4f8
SZ159281,2025-12-03,2025-12-03,2025-12-03,0.003,1.0,not_applicable_no_share_change,SZ159281~2025-12-03,https://finance.sina.com.cn/realstock/company/sz159281/hfq.js,4ae3ee1ca33c59a21fd8f58a823f13ac3da547eda3b3f2cba5195512ee4a21ab
SZ159281,2026-01-27,2026-01-27,2026-01-27,0.003,1.0,not_applicable_no_share_change,SZ159281~2026-01-27,https://finance.sina.com.cn/realstock/company/sz159281/hfq.js,4ae3ee1ca33c59a21fd8f58a823f13ac3da547eda3b3f2cba5195512ee4a21ab
SZ159281,2026-02-10,2026-02-10,2026-02-10,0.002999999999999999,1.0,not_applicable_no_share_change,SZ159281~2026-02-10,https://finance.sina.com.cn/realstock/company/sz159281/hfq.js,4ae3ee1ca33c59a21fd8f58a823f13ac3da547eda3b3f2cba5195512ee4a21ab
SZ159281,2026-03-10,2026-03-10,2026-03-10,0.003000000000000001,1.0,not_applicable_no_share_change,SZ159281~2026-03-10,https://finance.sina.com.cn/realstock/company/sz159281/hfq.js,4ae3ee1ca33c59a21fd8f58a823f13ac3da547eda3b3f2cba5195512ee4a21ab
SZ159281,2026-04-01,2026-04-01,2026-04-01,0.002999999999999999,1.0,not_applicable_no_share_change,SZ159281~2026-04-01,https://finance.sina.com.cn/realstock/company/sz159281/hfq.js,4ae3ee1ca33c59a21fd8f58a823f13ac3da547eda3b3f2cba5195512ee4a21ab
SZ159281,2026-05-08,2026-05-08,2026-05-08,0.002999999999999999,1.0,not_applicable_no_share_change,SZ159281~2026-05-08,https://finance.sina.com.cn/realstock/company/sz159281/hfq.js,4ae3ee1ca33c59a21fd8f58a823f13ac3da547eda3b3f2cba5195512ee4a21ab
SZ159300,2024-06-25,2024-06-25,2024-06-25,0.0,0.2788902,unknown_not_provided_by_sina_hfq,SZ159300~2024-06-25,https://finance.sina.com.cn/realstock/company/sz159300/hfq.js,2e5a5ff382b878e98f90ac499a88e43be995d89bbfaeec43a70289651f61a164
SZ159305,2026-05-21,2026-05-21,2026-05-21,0.0,2.0,unknown_not_provided_by_sina_hfq,SZ159305~2026-05-21,https://finance.sina.com.cn/realstock/company/sz159305/hfq.js,e554c88b42bb51e8d551d1eba89bc9d9245a086a0f917f68e27268225b3f92ab
SZ159307,2024-09-19,2024-09-19,2024-09-19,0.014,1.0,not_applicable_no_share_change,SZ159307~2024-09-19,https://finance.sina.com.cn/realstock/company/sz159307/hfq.js,16b942c65b35d5f3e8248689fb7c738683d3aedcd3b569d8daa5ca5da2690263
SZ159307,2024-12-18,2024-12-18,2024-12-18,0.011999999999999999,1.0,not_applicable_no_share_change,SZ159307~2024-12-18,https://finance.sina.com.cn/realstock/company/sz159307/hfq.js,16b942c65b35d5f3e8248689fb7c738683d3aedcd3b569d8daa5ca5da2690263
SZ159307,2025-03-18,2025-03-18,2025-03-18,0.012,1.0,not_applicable_no_share_change,SZ159307~2025-03-18,https://finance.sina.com.cn/realstock/company/sz159307/hfq.js,16b942c65b35d5f3e8248689fb7c738683d3aedcd3b569d8daa5ca5da2690263
SZ159307,2025-06-20,2025-06-20,2025-06-20,0.0126,1.0,not_applicable_no_share_change,SZ159307~2025-06-20,https://finance.sina.com.cn/realstock/company/sz159307/hfq.js,16b942c65b35d5f3e8248689fb7c738683d3aedcd3b569d8daa5ca5da2690263
SZ159307,2025-09-16,2025-09-16,2025-09-16,0.013000000000000005,1.0,not_applicable_no_share_change,SZ159307~2025-09-16,https://finance.sina.com.cn/realstock/company/sz159307/hfq.js,16b942c65b35d5f3e8248689fb7c738683d3aedcd3b569d8daa5ca5da2690263
SZ159307,2025-12-15,2025-12-15,2025-12-15,0.011899999999999994,1.0,not_applicable_no_share_change,SZ159307~2025-12-15,https://finance.sina.com.cn/realstock/company/sz159307/hfq.js,16b942c65b35d5f3e8248689fb7c738683d3aedcd3b569d8daa5ca5da2690263
SZ159307,2026-03-13,2026-03-13,2026-03-13,0.0131,1.0,not_applicable_no_share_change,SZ159307~2026-03-13,https://finance.sina.com.cn/realstock/company/sz159307/hfq.js,16b942c65b35d5f3e8248689fb7c738683d3aedcd3b569d8daa5ca5da2690263
SZ159307,2026-06-12,2026-06-12,2026-06-12,0.0126,1.0,not_applicable_no_share_change,SZ159307~2026-06-12,https://finance.sina.com.cn/realstock/company/sz159307/hfq.js,16b942c65b35d5f3e8248689fb7c738683d3aedcd3b569d8daa5ca5da2690263
SZ159320,2026-07-15,2026-07-15,2026-07-15,0.0,3.0,unknown_not_provided_by_sina_hfq,SZ159320~2026-07-15,https://finance.sina.com.cn/realstock/company/sz159320/hfq.js,ffa3fbdae76bac9f642ea37958858d61c4fa61a991382d9398a33fb8bd0f7cd1
SZ159327,2026-07-20,2026-07-20,2026-07-20,0.0,3.0,unknown_not_provided_by_sina_hfq,SZ159327~2026-07-20,https://finance.sina.com.cn/realstock/company/sz159327/hfq.js,a7d11531d95ee4b612c73a2a08e51febcd1b948cb8b92eaf09672dd24e3a8acb
SZ159331,2024-09-18,2024-09-18,2024-09-18,0.001,1.0,not_applicable_no_share_change,SZ159331~2024-09-18,https://finance.sina.com.cn/realstock/company/sz159331/hfq.js,943133627a1cdf20577c46d6e27ec2c43c2bb62eb9c409bd20387e223deaea7c
SZ159331,2024-09-27,2024-09-27,2024-09-27,0.0018999999999999998,1.0,not_applicable_no_share_change,SZ159331~2024-09-27,https://finance.sina.com.cn/realstock/company/sz159331/hfq.js,943133627a1cdf20577c46d6e27ec2c43c2bb62eb9c409bd20387e223deaea7c
SZ159331,2024-11-06,2024-11-06,2024-11-06,0.0022000000000000006,1.0,not_applicable_no_share_change,SZ159331~2024-11-06,https://finance.sina.com.cn/realstock/company/sz159331/hfq.js,943133627a1cdf20577c46d6e27ec2c43c2bb62eb9c409bd20387e223deaea7c
SZ159331,2024-12-04,2024-12-04,2024-12-04,0.0020999999999999994,1.0,not_applicable_no_share_change,SZ159331~2024-12-04,https://finance.sina.com.cn/realstock/company/sz159331/hfq.js,943133627a1cdf20577c46d6e27ec2c43c2bb62eb9c409bd20387e223deaea7c
SZ159331,2025-01-06,2025-01-06,2025-01-06,0.0022000000000000006,1.0,not_applicable_no_share_change,SZ159331~2025-01-06,https://finance.sina.com.cn/realstock/company/sz159331/hfq.js,943133627a1cdf20577c46d6e27ec2c43c2bb62eb9c409bd20387e223deaea7c
SZ159331,2025-02-05,2025-02-05,2025-02-05,0.0020999999999999994,1.0,not_applicable_no_share_change,SZ159331~2025-02-05,https://finance.sina.com.cn/realstock/company/sz159331/hfq.js,943133627a1cdf20577c46d6e27ec2c43c2bb62eb9c409bd20387e223deaea7c
SZ159331,2025-03-05,2025-03-05,2025-03-05,0.0022000000000000006,1.0,not_applicable_no_share_change,SZ159331~2025-03-05,https://finance.sina.com.cn/realstock/company/sz159331/hfq.js,943133627a1cdf20577c46d6e27ec2c43c2bb62eb9c409bd20387e223deaea7c
SZ159331,2025-04-03,2025-04-03,2025-04-03,0.0023,1.0,not_applicable_no_share_change,SZ159331~2025-04-03,https://finance.sina.com.cn/realstock/company/sz159331/hfq.js,943133627a1cdf20577c46d6e27ec2c43c2bb62eb9c409bd20387e223deaea7c
SZ159331,2025-05-06,2025-05-06,2025-05-06,0.0022000000000000006,1.0,not_applicable_no_share_change,SZ159331~2025-05-06,https://finance.sina.com.cn/realstock/company/sz159331/hfq.js,943133627a1cdf20577c46d6e27ec2c43c2bb62eb9c409bd20387e223deaea7c
SZ159331,2025-06-04,2025-06-04,2025-06-04,0.0023999999999999994,1.0,not_applicable_no_share_change,SZ159331~2025-06-04,https://finance.sina.com.cn/realstock/company/sz159331/hfq.js,943133627a1cdf20577c46d6e27ec2c43c2bb62eb9c409bd20387e223deaea7c
SZ159331,2025-07-04,2025-07-04,2025-07-04,0.0024999999999999988,1.0,not_applicable_no_share_change,SZ159331~2025-07-04,https://finance.sina.com.cn/realstock/company/sz159331/hfq.js,943133627a1cdf20577c46d6e27ec2c43c2bb62eb9c409bd20387e223deaea7c
SZ159331,2025-08-06,2025-08-06,2025-08-06,0.004,1.0,not_applicable_no_share_change,SZ159331~2025-08-06,https://finance.sina.com.cn/realstock/company/sz159331/hfq.js,943133627a1cdf20577c46d6e27ec2c43c2bb62eb9c409bd20387e223deaea7c
SZ159331,2025-09-04,2025-09-04,2025-09-04,0.004,1.0,not_applicable_no_share_change,SZ159331~2025-09-04,https://finance.sina.com.cn/realstock/company/sz159331/hfq.js,943133627a1cdf20577c46d6e27ec2c43c2bb62eb9c409bd20387e223deaea7c
SZ159331,2025-09-29,2025-09-29,2025-09-29,0.004,1.0,not_applicable_no_share_change,SZ159331~2025-09-29,https://finance.sina.com.cn/realstock/company/sz159331/hfq.js,943133627a1cdf20577c46d6e27ec2c43c2bb62eb9c409bd20387e223deaea7c
SZ159331,2025-11-05,2025-11-05,2025-11-05,0.0040000000000000036,1.0,not_applicable_no_share_change,SZ159331~2025-11-05,https://finance.sina.com.cn/realstock/company/sz159331/hfq.js,943133627a1cdf20577c46d6e27ec2c43c2bb62eb9c409bd20387e223deaea7c
SZ159331,2025-12-04,2025-12-04,2025-12-04,0.003999999999999997,1.0,not_applicable_no_share_change,SZ159331~2025-12-04,https://finance.sina.com.cn/realstock/company/sz159331/hfq.js,943133627a1cdf20577c46d6e27ec2c43c2bb62eb9c409bd20387e223deaea7c
SZ159331,2026-01-06,2026-01-06,2026-01-06,0.0039000000000000007,1.0,not_applicable_no_share_change,SZ159331~2026-01-06,https://finance.sina.com.cn/realstock/company/sz159331/hfq.js,943133627a1cdf20577c46d6e27ec2c43c2bb62eb9c409bd20387e223deaea7c
SZ159331,2026-02-04,2026-02-04,2026-02-04,0.003799999999999998,1.0,not_applicable_no_share_change,SZ159331~2026-02-04,https://finance.sina.com.cn/realstock/company/sz159331/hfq.js,943133627a1cdf20577c46d6e27ec2c43c2bb62eb9c409bd20387e223deaea7c
SZ159331,2026-03-04,2026-03-04,2026-03-04,0.0040999999999999995,1.0,not_applicable_no_share_change,SZ159331~2026-03-04,https://finance.sina.com.cn/realstock/company/sz159331/hfq.js,943133627a1cdf20577c46d6e27ec2c43c2bb62eb9c409bd20387e223deaea7c
SZ159331,2026-04-03,2026-04-03,2026-04-03,0.0033000000000000043,1.0,not_applicable_no_share_change,SZ159331~2026-04-03,https://finance.sina.com.cn/realstock/company/sz159331/hfq.js,943133627a1cdf20577c46d6e27ec2c43c2bb62eb9c409bd20387e223deaea7c
SZ159331,2026-05-11,2026-05-11,2026-05-11,0.0034000000000000002,1.0,not_applicable_no_share_change,SZ159331~2026-05-11,https://finance.sina.com.cn/realstock/company/sz159331/hfq.js,943133627a1cdf20577c46d6e27ec2c43c2bb62eb9c409bd20387e223deaea7c
SZ159331,2026-06-04,2026-06-04,2026-06-04,0.0032999999999999974,1.0,not_applicable_no_share_change,SZ159331~2026-06-04,https://finance.sina.com.cn/realstock/company/sz159331/hfq.js,943133627a1cdf20577c46d6e27ec2c43c2bb62eb9c409bd20387e223deaea7c
SZ159331,2026-07-06,2026-07-06,2026-07-06,0.0030000000000000027,1.0,not_applicable_no_share_change,SZ159331~2026-07-06,https://finance.sina.com.cn/realstock/company/sz159331/hfq.js,943133627a1cdf20577c46d6e27ec2c43c2bb62eb9c409bd20387e223deaea7c
SZ159331,2026-08-05,2026-08-05,2026-08-05,0.0031999999999999945,1.0,not_applicable_no_share_change,SZ159331~2026-08-05,https://finance.sina.com.cn/realstock/company/sz159331/hfq.js,943133627a1cdf20577c46d6e27ec2c43c2bb62eb9c409bd20387e223deaea7c
SZ159332,2025-01-15,2025-01-15,2025-01-15,0.0018,1.0,not_applicable_no_share_change,SZ159332~2025-01-15,https://finance.sina.com.cn/realstock/company/sz159332/hfq.js,2c3b9a1863fbd6d7fedbde297d6992a07e3a463c1b8eeb5b5fb95766c7bb8203
SZ159332,2025-04-15,2025-04-15,2025-04-15,0.004999999999999999,1.0,not_applicable_no_share_change,SZ159332~2025-04-15,https://finance.sina.com.cn/realstock/company/sz159332/hfq.js,2c3b9a1863fbd6d7fedbde297d6992a07e3a463c1b8eeb5b5fb95766c7bb8203
SZ159332,2025-07-15,2025-07-15,2025-07-15,0.009000000000000001,1.0,not_applicable_no_share_change,SZ159332~2025-07-15,https://finance.sina.com.cn/realstock/company/sz159332/hfq.js,2c3b9a1863fbd6d7fedbde297d6992a07e3a463c1b8eeb5b5fb95766c7bb8203
SZ159332,2025-10-23,2025-10-23,2025-10-23,0.009499999999999998,1.0,not_applicable_no_share_change,SZ159332~2025-10-23,https://finance.sina.com.cn/realstock/company/sz159332/hfq.js,2c3b9a1863fbd6d7fedbde297d6992a07e3a463c1b8eeb5b5fb95766c7bb8203
SZ159332,2026-01-20,2026-01-20,2026-01-20,0.0098,1.0,not_applicable_no_share_change,SZ159332~2026-01-20,https://finance.sina.com.cn/realstock/company/sz159332/hfq.js,2c3b9a1863fbd6d7fedbde297d6992a07e3a463c1b8eeb5b5fb95766c7bb8203
SZ159332,2026-04-20,2026-04-20,2026-04-20,0.010000000000000002,1.0,not_applicable_no_share_change,SZ159332~2026-04-20,https://finance.sina.com.cn/realstock/company/sz159332/hfq.js,2c3b9a1863fbd6d7fedbde297d6992a07e3a463c1b8eeb5b5fb95766c7bb8203
SZ159332,2026-07-16,2026-07-16,2026-07-16,0.008599999999999997,1.0,not_applicable_no_share_change,SZ159332~2026-07-16,https://finance.sina.com.cn/realstock/company/sz159332/hfq.js,2c3b9a1863fbd6d7fedbde297d6992a07e3a463c1b8eeb5b5fb95766c7bb8203
SZ159333,2025-08-12,2025-08-12,2025-08-12,0.003,1.0,not_applicable_no_share_change,SZ159333~2025-08-12,https://finance.sina.com.cn/realstock/company/sz159333/hfq.js,6d1d5f0502043e4a54c4ba836587ce96a0fe4d27d03d121bdb6686d8b2b161c8
SZ159333,2025-09-09,2025-09-09,2025-09-09,0.003,1.0,not_applicable_no_share_change,SZ159333~2025-09-09,https://finance.sina.com.cn/realstock/company/sz159333/hfq.js,6d1d5f0502043e4a54c4ba836587ce96a0fe4d27d03d121bdb6686d8b2b161c8
SZ159333,2025-10-21,2025-10-21,2025-10-21,0.002999999999999999,1.0,not_applicable_no_share_change,SZ159333~2025-10-21,https://finance.sina.com.cn/realstock/company/sz159333/hfq.js,6d1d5f0502043e4a54c4ba836587ce96a0fe4d27d03d121bdb6686d8b2b161c8
SZ159333,2025-11-18,2025-11-18,2025-11-18,0.003000000000000001,1.0,not_applicable_no_share_change,SZ159333~2025-11-18,https://finance.sina.com.cn/realstock/company/sz159333/hfq.js,6d1d5f0502043e4a54c4ba836587ce96a0fe4d27d03d121bdb6686d8b2b161c8
SZ159333,2025-12-09,2025-12-09,2025-12-09,0.002999999999999999,1.0,not_applicable_no_share_change,SZ159333~2025-12-09,https://finance.sina.com.cn/realstock/company/sz159333/hfq.js,6d1d5f0502043e4a54c4ba836587ce96a0fe4d27d03d121bdb6686d8b2b161c8
SZ159333,2026-01-20,2026-01-20,2026-01-20,0.002999999999999999,1.0,not_applicable_no_share_change,SZ159333~2026-01-20,https://finance.sina.com.cn/realstock/company/sz159333/hfq.js,6d1d5f0502043e4a54c4ba836587ce96a0fe4d27d03d121bdb6686d8b2b161c8
SZ159333,2026-02-10,2026-02-10,2026-02-10,0.005000000000000001,1.0,not_applicable_no_share_change,SZ159333~2026-02-10,https://finance.sina.com.cn/realstock/company/sz159333/hfq.js,6d1d5f0502043e4a54c4ba836587ce96a0fe4d27d03d121bdb6686d8b2b161c8
SZ159333,2026-03-10,2026-03-10,2026-03-10,0.002999999999999999,1.0,not_applicable_no_share_change,SZ159333~2026-03-10,https://finance.sina.com.cn/realstock/company/sz159333/hfq.js,6d1d5f0502043e4a54c4ba836587ce96a0fe4d27d03d121bdb6686d8b2b161c8
SZ159333,2026-04-14,2026-04-14,2026-04-14,0.0030000000000000027,1.0,not_applicable_no_share_change,SZ159333~2026-04-14,https://finance.sina.com.cn/realstock/company/sz159333/hfq.js,6d1d5f0502043e4a54c4ba836587ce96a0fe4d27d03d121bdb6686d8b2b161c8
SZ159333,2026-05-19,2026-05-19,2026-05-19,0.004,1.0,not_applicable_no_share_change,SZ159333~2026-05-19,https://finance.sina.com.cn/realstock/company/sz159333/hfq.js,6d1d5f0502043e4a54c4ba836587ce96a0fe4d27d03d121bdb6686d8b2b161c8
SZ159333,2026-06-16,2026-06-16,2026-06-16,0.003999999999999997,1.0,not_applicable_no_share_change,SZ159333~2026-06-16,https://finance.sina.com.cn/realstock/company/sz159333/hfq.js,6d1d5f0502043e4a54c4ba836587ce96a0fe4d27d03d121bdb6686d8b2b161c8
SZ159333,2026-07-14,2026-07-14,2026-07-14,0.0040000000000000036,1.0,not_applicable_no_share_change,SZ159333~2026-07-14,https://finance.sina.com.cn/realstock/company/sz159333/hfq.js,6d1d5f0502043e4a54c4ba836587ce96a0fe4d27d03d121bdb6686d8b2b161c8
SZ159336,2025-10-23,2025-10-23,2025-10-23,0.03,1.0,not_applicable_no_share_change,SZ159336~2025-10-23,https://finance.sina.com.cn/realstock/company/sz159336/hfq.js,7ceafca206e5932944a1cbff83ee8b084b122d20173ee8577f37c7b55e884c84
SZ159351,2025-01-16,2025-01-16,2025-01-16,0.001,1.0,not_applicable_no_share_change,SZ159351~2025-01-16,https://finance.sina.com.cn/realstock/company/sz159351/hfq.js,08668ad67558a01ddc85fc806fcdc26923eff1c786488ee56a3a5c98c1ebd421
SZ159351,2025-04-16,2025-04-16,2025-04-16,0.001,1.0,not_applicable_no_share_change,SZ159351~2025-04-16,https://finance.sina.com.cn/realstock/company/sz159351/hfq.js,08668ad67558a01ddc85fc806fcdc26923eff1c786488ee56a3a5c98c1ebd421
SZ159351,2025-07-15,2025-07-15,2025-07-15,0.0063999999999999994,1.0,not_applicable_no_share_change,SZ159351~2025-07-15,https://finance.sina.com.cn/realstock/company/sz159351/hfq.js,08668ad67558a01ddc85fc806fcdc26923eff1c786488ee56a3a5c98c1ebd421
SZ159351,2025-10-22,2025-10-22,2025-10-22,0.0075000000000000015,1.0,not_applicable_no_share_change,SZ159351~2025-10-22,https://finance.sina.com.cn/realstock/company/sz159351/hfq.js,08668ad67558a01ddc85fc806fcdc26923eff1c786488ee56a3a5c98c1ebd421
SZ159351,2026-01-19,2026-01-19,2026-01-19,0.005499999999999998,1.0,not_applicable_no_share_change,SZ159351~2026-01-19,https://finance.sina.com.cn/realstock/company/sz159351/hfq.js,08668ad67558a01ddc85fc806fcdc26923eff1c786488ee56a3a5c98c1ebd421
SZ159351,2026-04-15,2026-04-15,2026-04-15,0.002700000000000001,1.0,not_applicable_no_share_change,SZ159351~2026-04-15,https://finance.sina.com.cn/realstock/company/sz159351/hfq.js,08668ad67558a01ddc85fc806fcdc26923eff1c786488ee56a3a5c98c1ebd421
SZ159351,2026-07-15,2026-07-15,2026-07-15,0.006200000000000001,1.0,not_applicable_no_share_change,SZ159351~2026-07-15,https://finance.sina.com.cn/realstock/company/sz159351/hfq.js,08668ad67558a01ddc85fc806fcdc26923eff1c786488ee56a3a5c98c1ebd421
SZ159352,2025-07-14,2025-07-14,2025-07-14,0.011,1.0,not_applicable_no_share_change,SZ159352~2025-07-14,https://finance.sina.com.cn/realstock/company/sz159352/hfq.js,0aa56e0c4eec1ba103cab659a1660217fb152e48eede3659271afc2e834c73b6
SZ159353,2025-06-23,2025-06-23,2025-06-23,0.0063,1.0,not_applicable_no_share_change,SZ159353~2025-06-23,https://finance.sina.com.cn/realstock/company/sz159353/hfq.js,d3df3e62014f078cc58c98ba87c7c6d3bb909b610287699d889ff78ae9e6c556
SZ159355,2025-07-15,2025-07-15,2025-07-15,0.0098,1.0,not_applicable_no_share_change,SZ159355~2025-07-15,https://finance.sina.com.cn/realstock/company/sz159355/hfq.js,34f962ddbddc2c6a79d081283e58b76b5756c585b29d8dab1fd6316e0cc40309
SZ159355,2025-10-22,2025-10-22,2025-10-22,0.0137,1.0,not_applicable_no_share_change,SZ159355~2025-10-22,https://finance.sina.com.cn/realstock/company/sz159355/hfq.js,34f962ddbddc2c6a79d081283e58b76b5756c585b29d8dab1fd6316e0cc40309
SZ159355,2026-01-19,2026-01-19,2026-01-19,0.007599999999999999,1.0,not_applicable_no_share_change,SZ159355~2026-01-19,https://finance.sina.com.cn/realstock/company/sz159355/hfq.js,34f962ddbddc2c6a79d081283e58b76b5756c585b29d8dab1fd6316e0cc40309
SZ159355,2026-07-15,2026-07-15,2026-07-15,0.009600000000000001,1.0,not_applicable_no_share_change,SZ159355~2026-07-15,https://finance.sina.com.cn/realstock/company/sz159355/hfq.js,34f962ddbddc2c6a79d081283e58b76b5756c585b29d8dab1fd6316e0cc40309
SZ159357,2025-01-21,2025-01-21,2025-01-21,0.0015,1.0,not_applicable_no_share_change,SZ159357~2025-01-21,https://finance.sina.com.cn/realstock/company/sz159357/hfq.js,6bac83941050775607aac617931f1adaba5e4665647ffd8ef15cae5672a5dec2
SZ159357,2025-07-17,2025-07-17,2025-07-17,0.0010999999999999998,1.0,not_applicable_no_share_change,SZ159357~2025-07-17,https://finance.sina.com.cn/realstock/company/sz159357/hfq.js,6bac83941050775607aac617931f1adaba5e4665647ffd8ef15cae5672a5dec2
SZ159357,2025-08-14,2025-08-14,2025-08-14,0.0012000000000000001,1.0,not_applicable_no_share_change,SZ159357~2025-08-14,https://finance.sina.com.cn/realstock/company/sz159357/hfq.js,6bac83941050775607aac617931f1adaba5e4665647ffd8ef15cae5672a5dec2
SZ159357,2025-09-16,2025-09-16,2025-09-16,0.0016000000000000003,1.0,not_applicable_no_share_change,SZ159357~2025-09-16,https://finance.sina.com.cn/realstock/company/sz159357/hfq.js,6bac83941050775607aac617931f1adaba5e4665647ffd8ef15cae5672a5dec2
SZ159357,2025-10-22,2025-10-22,2025-10-22,0.0020999999999999994,1.0,not_applicable_no_share_change,SZ159357~2025-10-22,https://finance.sina.com.cn/realstock/company/sz159357/hfq.js,6bac83941050775607aac617931f1adaba5e4665647ffd8ef15cae5672a5dec2
SZ159357,2025-11-14,2025-11-14,2025-11-14,0.002,1.0,not_applicable_no_share_change,SZ159357~2025-11-14,https://finance.sina.com.cn/realstock/company/sz159357/hfq.js,6bac83941050775607aac617931f1adaba5e4665647ffd8ef15cae5672a5dec2
SZ159362,2024-12-16,2024-12-16,2024-12-16,0.0066,1.0,not_applicable_no_share_change,SZ159362~2024-12-16,https://finance.sina.com.cn/realstock/company/sz159362/hfq.js,d93d6ad32e8c15deecf7b0b09b935229ffb94fd596adc1442056c01d0d68d067
SZ159363,2025-07-21,2025-07-21,2025-07-21,0.0,2.0,unknown_not_provided_by_sina_hfq,SZ159363~2025-07-21,https://finance.sina.com.cn/realstock/company/sz159363/hfq.js,eeb323e19a6a72f12da6f9c6daf4820b052cc643d90c712d3ef02769f3b41741
SZ159368,2026-07-07,2026-07-07,2026-07-07,0.0,2.0,unknown_not_provided_by_sina_hfq,SZ159368~2026-07-07,https://finance.sina.com.cn/realstock/company/sz159368/hfq.js,a2ba9c3ca4cf2994c9d0e118617ac55fa1477a7915625b7d0301ebde7558e64c
SZ159375,2026-06-26,2026-06-26,2026-06-26,0.0,2.5,unknown_not_provided_by_sina_hfq,SZ159375~2026-06-26,https://finance.sina.com.cn/realstock/company/sz159375/hfq.js,464d431d2cb2224b970ac256e6f2d2480bac6461617fa7e1562445f2c34b6771
SZ159381,2026-06-03,2026-06-03,2026-06-03,0.0,2.0,unknown_not_provided_by_sina_hfq,SZ159381~2026-06-03,https://finance.sina.com.cn/realstock/company/sz159381/hfq.js,5d14f5df7a7a66115524cde8715e31a90aae5288e98c4f0b0ce6ccef192b0ba5
SZ159387,2026-03-30,2026-03-30,2026-03-30,0.0,2.0,unknown_not_provided_by_sina_hfq,SZ159387~2026-03-30,https://finance.sina.com.cn/realstock/company/sz159387/hfq.js,f5113d23c52af5c729076256ac8340ac04f55e6d122cfa5c877a67127ca83c71
SZ159388,2026-01-26,2026-01-26,2026-01-26,0.0,2.5,unknown_not_provided_by_sina_hfq,SZ159388~2026-01-26,https://finance.sina.com.cn/realstock/company/sz159388/hfq.js,1a0ec9eebbb5412138273d4aef6b8dd6ea29acf0a2b8a92b8ee9e7d3877623cf
SZ159390,2025-04-18,2025-04-18,2025-04-18,0.0085,1.0,not_applicable_no_share_change,SZ159390~2025-04-18,https://finance.sina.com.cn/realstock/company/sz159390/hfq.js,d01f7e52a2f0ed66317b104ec4833d4e988521222e0517b174de88d0377ddc7c
SZ159390,2025-05-16,2025-05-16,2025-05-16,0.006,1.0,not_applicable_no_share_change,SZ159390~2025-05-16,https://finance.sina.com.cn/realstock/company/sz159390/hfq.js,d01f7e52a2f0ed66317b104ec4833d4e988521222e0517b174de88d0377ddc7c
SZ159390,2025-06-13,2025-06-13,2025-06-13,0.006,1.0,not_applicable_no_share_change,SZ159390~2025-06-13,https://finance.sina.com.cn/realstock/company/sz159390/hfq.js,d01f7e52a2f0ed66317b104ec4833d4e988521222e0517b174de88d0377ddc7c
SZ159390,2025-07-18,2025-07-18,2025-07-18,0.002999999999999999,1.0,not_applicable_no_share_change,SZ159390~2025-07-18,https://finance.sina.com.cn/realstock/company/sz159390/hfq.js,d01f7e52a2f0ed66317b104ec4833d4e988521222e0517b174de88d0377ddc7c
SZ159390,2025-08-15,2025-08-15,2025-08-15,0.002999999999999999,1.0,not_applicable_no_share_change,SZ159390~2025-08-15,https://finance.sina.com.cn/realstock/company/sz159390/hfq.js,d01f7e52a2f0ed66317b104ec4833d4e988521222e0517b174de88d0377ddc7c
SZ159390,2025-09-15,2025-09-15,2025-09-15,0.002999999999999999,1.0,not_applicable_no_share_change,SZ159390~2025-09-15,https://finance.sina.com.cn/realstock/company/sz159390/hfq.js,d01f7e52a2f0ed66317b104ec4833d4e988521222e0517b174de88d0377ddc7c
SZ159390,2025-10-21,2025-10-21,2025-10-21,0.0030000000000000027,1.0,not_applicable_no_share_change,SZ159390~2025-10-21,https://finance.sina.com.cn/realstock/company/sz159390/hfq.js,d01f7e52a2f0ed66317b104ec4833d4e988521222e0517b174de88d0377ddc7c
SZ159390,2025-11-18,2025-11-18,2025-11-18,0.0029999999999999957,1.0,not_applicable_no_share_change,SZ159390~2025-11-18,https://finance.sina.com.cn/realstock/company/sz159390/hfq.js,d01f7e52a2f0ed66317b104ec4833d4e988521222e0517b174de88d0377ddc7c
SZ159390,2025-12-22,2025-12-22,2025-12-22,0.0030000000000000027,1.0,not_applicable_no_share_change,SZ159390~2025-12-22,https://finance.sina.com.cn/realstock/company/sz159390/hfq.js,d01f7e52a2f0ed66317b104ec4833d4e988521222e0517b174de88d0377ddc7c
SZ159390,2026-01-21,2026-01-21,2026-01-21,0.0030000000000000027,1.0,not_applicable_no_share_change,SZ159390~2026-01-21,https://finance.sina.com.cn/realstock/company/sz159390/hfq.js,d01f7e52a2f0ed66317b104ec4833d4e988521222e0517b174de88d0377ddc7c
SZ159390,2026-02-24,2026-02-24,2026-02-24,0.0029999999999999957,1.0,not_applicable_no_share_change,SZ159390~2026-02-24,https://finance.sina.com.cn/realstock/company/sz159390/hfq.js,d01f7e52a2f0ed66317b104ec4833d4e988521222e0517b174de88d0377ddc7c
SZ159390,2026-03-23,2026-03-23,2026-03-23,0.0030000000000000027,1.0,not_applicable_no_share_change,SZ159390~2026-03-23,https://finance.sina.com.cn/realstock/company/sz159390/hfq.js,d01f7e52a2f0ed66317b104ec4833d4e988521222e0517b174de88d0377ddc7c
SZ159390,2026-04-20,2026-04-20,2026-04-20,0.0030000000000000027,1.0,not_applicable_no_share_change,SZ159390~2026-04-20,https://finance.sina.com.cn/realstock/company/sz159390/hfq.js,d01f7e52a2f0ed66317b104ec4833d4e988521222e0517b174de88d0377ddc7c
SZ159390,2026-05-25,2026-05-25,2026-05-25,0.0029999999999999957,1.0,not_applicable_no_share_change,SZ159390~2026-05-25,https://finance.sina.com.cn/realstock/company/sz159390/hfq.js,d01f7e52a2f0ed66317b104ec4833d4e988521222e0517b174de88d0377ddc7c
SZ159390,2026-06-17,2026-06-17,2026-06-17,0.0030000000000000027,1.0,not_applicable_no_share_change,SZ159390~2026-06-17,https://finance.sina.com.cn/realstock/company/sz159390/hfq.js,d01f7e52a2f0ed66317b104ec4833d4e988521222e0517b174de88d0377ddc7c
SZ159393,2025-03-31,2025-03-31,2025-03-31,0.0,0.255283787,unknown_not_provided_by_sina_hfq,SZ159393~2025-03-31,https://finance.sina.com.cn/realstock/company/sz159393/hfq.js,8d2a8a6beff14f8c745606e93c77446c2f288ae4f67ac8aa9ea1293fe6039f0b
SZ159399,2025-03-14,2025-03-14,2025-03-14,0.001,1.0,not_applicable_no_share_change,SZ159399~2025-03-14,https://finance.sina.com.cn/realstock/company/sz159399/hfq.js,91b3eef07f8b57ef3839ca65eac8a4cca70db50fc8910bd2f39dda146eedb0e0
SZ159399,2025-04-16,2025-04-16,2025-04-16,0.003,1.0,not_applicable_no_share_change,SZ159399~2025-04-16,https://finance.sina.com.cn/realstock/company/sz159399/hfq.js,91b3eef07f8b57ef3839ca65eac8a4cca70db50fc8910bd2f39dda146eedb0e0
SZ159399,2025-05-14,2025-05-14,2025-05-14,0.0029,1.0,not_applicable_no_share_change,SZ159399~2025-05-14,https://finance.sina.com.cn/realstock/company/sz159399/hfq.js,91b3eef07f8b57ef3839ca65eac8a4cca70db50fc8910bd2f39dda146eedb0e0
SZ159399,2025-06-16,2025-06-16,2025-06-16,0.002,1.0,not_applicable_no_share_change,SZ159399~2025-06-16,https://finance.sina.com.cn/realstock/company/sz159399/hfq.js,91b3eef07f8b57ef3839ca65eac8a4cca70db50fc8910bd2f39dda146eedb0e0
SZ159399,2025-07-16,2025-07-16,2025-07-16,0.0026,1.0,not_applicable_no_share_change,SZ159399~2025-07-16,https://finance.sina.com.cn/realstock/company/sz159399/hfq.js,91b3eef07f8b57ef3839ca65eac8a4cca70db50fc8910bd2f39dda146eedb0e0
SZ159399,2025-08-14,2025-08-14,2025-08-14,0.0026,1.0,not_applicable_no_share_change,SZ159399~2025-08-14,https://finance.sina.com.cn/realstock/company/sz159399/hfq.js,91b3eef07f8b57ef3839ca65eac8a4cca70db50fc8910bd2f39dda146eedb0e0
SZ159399,2025-09-16,2025-09-16,2025-09-16,0.0027999999999999987,1.0,not_applicable_no_share_change,SZ159399~2025-09-16,https://finance.sina.com.cn/realstock/company/sz159399/hfq.js,91b3eef07f8b57ef3839ca65eac8a4cca70db50fc8910bd2f39dda146eedb0e0
SZ159399,2025-10-15,2025-10-15,2025-10-15,0.0028000000000000004,1.0,not_applicable_no_share_change,SZ159399~2025-10-15,https://finance.sina.com.cn/realstock/company/sz159399/hfq.js,91b3eef07f8b57ef3839ca65eac8a4cca70db50fc8910bd2f39dda146eedb0e0
SZ159399,2025-11-14,2025-11-14,2025-11-14,0.0029,1.0,not_applicable_no_share_change,SZ159399~2025-11-14,https://finance.sina.com.cn/realstock/company/sz159399/hfq.js,91b3eef07f8b57ef3839ca65eac8a4cca70db50fc8910bd2f39dda146eedb0e0
SZ159399,2025-12-16,2025-12-16,2025-12-16,0.0029,1.0,not_applicable_no_share_change,SZ159399~2025-12-16,https://finance.sina.com.cn/realstock/company/sz159399/hfq.js,91b3eef07f8b57ef3839ca65eac8a4cca70db50fc8910bd2f39dda146eedb0e0
SZ159399,2026-01-14,2026-01-14,2026-01-14,0.0029000000000000033,1.0,not_applicable_no_share_change,SZ159399~2026-01-14,https://finance.sina.com.cn/realstock/company/sz159399/hfq.js,91b3eef07f8b57ef3839ca65eac8a4cca70db50fc8910bd2f39dda146eedb0e0
SZ159399,2026-02-10,2026-02-10,2026-02-10,0.0029999999999999957,1.0,not_applicable_no_share_change,SZ159399~2026-02-10,https://finance.sina.com.cn/realstock/company/sz159399/hfq.js,91b3eef07f8b57ef3839ca65eac8a4cca70db50fc8910bd2f39dda146eedb0e0
SZ159399,2026-03-16,2026-03-16,2026-03-16,0.0030000000000000027,1.0,not_applicable_no_share_change,SZ159399~2026-03-16,https://finance.sina.com.cn/realstock/company/sz159399/hfq.js,91b3eef07f8b57ef3839ca65eac8a4cca70db50fc8910bd2f39dda146eedb0e0
SZ159399,2026-04-15,2026-04-15,2026-04-15,0.002799999999999997,1.0,not_applicable_no_share_change,SZ159399~2026-04-15,https://finance.sina.com.cn/realstock/company/sz159399/hfq.js,91b3eef07f8b57ef3839ca65eac8a4cca70db50fc8910bd2f39dda146eedb0e0
SZ159399,2026-05-14,2026-05-14,2026-05-14,0.002800000000000004,1.0,not_applicable_no_share_change,SZ159399~2026-05-14,https://finance.sina.com.cn/realstock/company/sz159399/hfq.js,91b3eef07f8b57ef3839ca65eac8a4cca70db50fc8910bd2f39dda146eedb0e0
SZ159399,2026-06-16,2026-06-16,2026-06-16,0.002599999999999998,1.0,not_applicable_no_share_change,SZ159399~2026-06-16,https://finance.sina.com.cn/realstock/company/sz159399/hfq.js,91b3eef07f8b57ef3839ca65eac8a4cca70db50fc8910bd2f39dda146eedb0e0
SZ159399,2026-07-15,2026-07-15,2026-07-15,0.0023000000000000034,1.0,not_applicable_no_share_change,SZ159399~2026-07-15,https://finance.sina.com.cn/realstock/company/sz159399/hfq.js,91b3eef07f8b57ef3839ca65eac8a4cca70db50fc8910bd2f39dda146eedb0e0
SZ159507,2026-06-09,2026-06-09,2026-06-09,0.0,3.0,unknown_not_provided_by_sina_hfq,SZ159507~2026-06-09,https://finance.sina.com.cn/realstock/company/sz159507/hfq.js,386007519c0ea7740014d41507976ae7313a1b9d3b99b65e02c60af87d25a747
SZ159516,2026-03-30,2026-03-30,2026-03-30,0.0,2.0,unknown_not_provided_by_sina_hfq,SZ159516~2026-03-30,https://finance.sina.com.cn/realstock/company/sz159516/hfq.js,5b7ce34aedd22a0d5b1c9231d2a3e879b521d6d51cdf7e27c257216254bbbeb0
SZ159516,2026-07-10,2026-07-10,2026-07-10,0.0,2.0,unknown_not_provided_by_sina_hfq,SZ159516~2026-07-10,https://finance.sina.com.cn/realstock/company/sz159516/hfq.js,5b7ce34aedd22a0d5b1c9231d2a3e879b521d6d51cdf7e27c257216254bbbeb0
SZ159527,2026-07-22,2026-07-22,2026-07-22,0.0,3.0,unknown_not_provided_by_sina_hfq,SZ159527~2026-07-22,https://finance.sina.com.cn/realstock/company/sz159527/hfq.js,3e4c0309508260b4176fcccac07e480ee3a1390a35984aba1257fecf233bd785
SZ159537,2026-06-26,2026-06-26,2026-06-26,0.0,2.0,unknown_not_provided_by_sina_hfq,SZ159537~2026-06-26,https://finance.sina.com.cn/realstock/company/sz159537/hfq.js,be80a5fc166863ef6ce8804b71e7379762d390f47d53d14d9fab8caf51eb6c1c
SZ159538,2026-07-17,2026-07-17,2026-07-17,0.0,2.0,unknown_not_provided_by_sina_hfq,SZ159538~2026-07-17,https://finance.sina.com.cn/realstock/company/sz159538/hfq.js,4e427f09fb02701722c6480328b8cd528d0d1714253d9ddb1083f82efaeca98c
SZ159545,2024-08-14,2024-08-14,2024-08-14,0.016,1.0,not_applicable_no_share_change,SZ159545~2024-08-14,https://finance.sina.com.cn/realstock/company/sz159545/hfq.js,1f1327d25e5b739c4d20cccbfd0ffdb7af3ed2f0e2640425a6c0e154ef764711
SZ159545,2024-11-13,2024-11-13,2024-11-13,0.018000000000000002,1.0,not_applicable_no_share_change,SZ159545~2024-11-13,https://finance.sina.com.cn/realstock/company/sz159545/hfq.js,1f1327d25e5b739c4d20cccbfd0ffdb7af3ed2f0e2640425a6c0e154ef764711
SZ159545,2025-02-14,2025-02-14,2025-02-14,0.011999999999999997,1.0,not_applicable_no_share_change,SZ159545~2025-02-14,https://finance.sina.com.cn/realstock/company/sz159545/hfq.js,1f1327d25e5b739c4d20cccbfd0ffdb7af3ed2f0e2640425a6c0e154ef764711
SZ159545,2025-05-16,2025-05-16,2025-05-16,0.012000000000000004,1.0,not_applicable_no_share_change,SZ159545~2025-05-16,https://finance.sina.com.cn/realstock/company/sz159545/hfq.js,1f1327d25e5b739c4d20cccbfd0ffdb7af3ed2f0e2640425a6c0e154ef764711
SZ159545,2025-08-13,2025-08-13,2025-08-13,0.013999999999999992,1.0,not_applicable_no_share_change,SZ159545~2025-08-13,https://finance.sina.com.cn/realstock/company/sz159545/hfq.js,1f1327d25e5b739c4d20cccbfd0ffdb7af3ed2f0e2640425a6c0e154ef764711
SZ159545,2025-11-12,2025-11-12,2025-11-12,0.010000000000000009,1.0,not_applicable_no_share_change,SZ159545~2025-11-12,https://finance.sina.com.cn/realstock/company/sz159545/hfq.js,1f1327d25e5b739c4d20cccbfd0ffdb7af3ed2f0e2640425a6c0e154ef764711
SZ159545,2026-02-11,2026-02-11,2026-02-11,0.015,1.0,not_applicable_no_share_change,SZ159545~2026-02-11,https://finance.sina.com.cn/realstock/company/sz159545/hfq.js,1f1327d25e5b739c4d20cccbfd0ffdb7af3ed2f0e2640425a6c0e154ef764711
SZ159545,2026-05-15,2026-05-15,2026-05-15,0.013999999999999999,1.0,not_applicable_no_share_change,SZ159545~2026-05-15,https://finance.sina.com.cn/realstock/company/sz159545/hfq.js,1f1327d25e5b739c4d20cccbfd0ffdb7af3ed2f0e2640425a6c0e154ef764711
SZ159545,2026-08-12,2026-08-12,2026-08-12,0.013999999999999999,1.0,not_applicable_no_share_change,SZ159545~2026-08-12,https://finance.sina.com.cn/realstock/company/sz159545/hfq.js,1f1327d25e5b739c4d20cccbfd0ffdb7af3ed2f0e2640425a6c0e154ef764711
SZ159546,2026-06-10,2026-06-10,2026-06-10,0.0,3.0,unknown_not_provided_by_sina_hfq,SZ159546~2026-06-10,https://finance.sina.com.cn/realstock/company/sz159546/hfq.js,d12683045a068a3c1667364609d9975ff8f3bbf8ee36d00c3d1fc4a22c2eac77
SZ159547,2025-09-17,2025-09-17,2025-09-17,0.012,1.0,not_applicable_no_share_change,SZ159547~2025-09-17,https://finance.sina.com.cn/realstock/company/sz159547/hfq.js,6956df976080506c2cede6250a02d84820d4bdcc14f09882ab578fc1bc39a773
SZ159547,2026-06-15,2026-06-15,2026-06-15,0.012,1.0,not_applicable_no_share_change,SZ159547~2026-06-15,https://finance.sina.com.cn/realstock/company/sz159547/hfq.js,6956df976080506c2cede6250a02d84820d4bdcc14f09882ab578fc1bc39a773
SZ159558,2026-07-09,2026-07-09,2026-07-09,0.0,3.0,unknown_not_provided_by_sina_hfq,SZ159558~2026-07-09,https://finance.sina.com.cn/realstock/company/sz159558/hfq.js,0b21596b55661a8d6e2156b7625e3258f27f5dbdb30a1379c68f22460b44d60a
SZ159567,2025-08-11,2025-08-11,2025-08-11,0.0,2.0,unknown_not_provided_by_sina_hfq,SZ159567~2025-08-11,https://finance.sina.com.cn/realstock/company/sz159567/hfq.js,9c233e3f02ef05651df71dece163d3ac23c3413eb03e677f2c20a585091a4624
SZ159569,2025-06-23,2025-06-23,2025-06-23,0.039,1.0,not_applicable_no_share_change,SZ159569~2025-06-23,https://finance.sina.com.cn/realstock/company/sz159569/hfq.js,3b9009745345019e5717c23aeac609f6845029e6114a4c87ffe14d4abd5060d7
SZ159569,2025-12-23,2025-12-23,2025-12-23,0.0279,1.0,not_applicable_no_share_change,SZ159569~2025-12-23,https://finance.sina.com.cn/realstock/company/sz159569/hfq.js,3b9009745345019e5717c23aeac609f6845029e6114a4c87ffe14d4abd5060d7
SZ159569,2026-06-24,2026-06-24,2026-06-24,0.016600000000000004,1.0,not_applicable_no_share_change,SZ159569~2026-06-24,https://finance.sina.com.cn/realstock/company/sz159569/hfq.js,3b9009745345019e5717c23aeac609f6845029e6114a4c87ffe14d4abd5060d7
SZ159576,2024-08-14,2024-08-14,2024-08-14,0.002,1.0,not_applicable_no_share_change,SZ159576~2024-08-14,https://finance.sina.com.cn/realstock/company/sz159576/hfq.js,b5de2195b0a1d6f5fd45658497555968b87e4f39d7bcd79cf56a4b32c9723918
SZ159576,2024-11-13,2024-11-13,2024-11-13,0.002,1.0,not_applicable_no_share_change,SZ159576~2024-11-13,https://finance.sina.com.cn/realstock/company/sz159576/hfq.js,b5de2195b0a1d6f5fd45658497555968b87e4f39d7bcd79cf56a4b32c9723918
SZ159576,2025-02-18,2025-02-18,2025-02-18,0.0023,1.0,not_applicable_no_share_change,SZ159576~2025-02-18,https://finance.sina.com.cn/realstock/company/sz159576/hfq.js,b5de2195b0a1d6f5fd45658497555968b87e4f39d7bcd79cf56a4b32c9723918
SZ159576,2025-05-19,2025-05-19,2025-05-19,0.0022000000000000006,1.0,not_applicable_no_share_change,SZ159576~2025-05-19,https://finance.sina.com.cn/realstock/company/sz159576/hfq.js,b5de2195b0a1d6f5fd45658497555968b87e4f39d7bcd79cf56a4b32c9723918
SZ159576,2025-08-13,2025-08-13,2025-08-13,0.0023999999999999994,1.0,not_applicable_no_share_change,SZ159576~2025-08-13,https://finance.sina.com.cn/realstock/company/sz159576/hfq.js,b5de2195b0a1d6f5fd45658497555968b87e4f39d7bcd79cf56a4b32c9723918
SZ159576,2025-11-17,2025-11-17,2025-11-17,0.002999999999999999,1.0,not_applicable_no_share_change,SZ159576~2025-11-17,https://finance.sina.com.cn/realstock/company/sz159576/hfq.js,b5de2195b0a1d6f5fd45658497555968b87e4f39d7bcd79cf56a4b32c9723918
SZ159576,2026-02-10,2026-02-10,2026-02-10,0.002999999999999999,1.0,not_applicable_no_share_change,SZ159576~2026-02-10,https://finance.sina.com.cn/realstock/company/sz159576/hfq.js,b5de2195b0a1d6f5fd45658497555968b87e4f39d7bcd79cf56a4b32c9723918
SZ159576,2026-05-19,2026-05-19,2026-05-19,0.003300000000000001,1.0,not_applicable_no_share_change,SZ159576~2026-05-19,https://finance.sina.com.cn/realstock/company/sz159576/hfq.js,b5de2195b0a1d6f5fd45658497555968b87e4f39d7bcd79cf56a4b32c9723918
SZ159581,2024-05-31,2024-05-31,2024-05-31,0.003,1.0,not_applicable_no_share_change,SZ159581~2024-05-31,https://finance.sina.com.cn/realstock/company/sz159581/hfq.js,5521578ea53919066f9deef4eb011166bb04edbb7ed202b1c8b766631a9fd814
SZ159581,2024-06-26,2024-06-26,2024-06-26,0.003,1.0,not_applicable_no_share_change,SZ159581~2024-06-26,https://finance.sina.com.cn/realstock/company/sz159581/hfq.js,5521578ea53919066f9deef4eb011166bb04edbb7ed202b1c8b766631a9fd814
SZ159581,2024-07-17,2024-07-17,2024-07-17,0.002999999999999999,1.0,not_applicable_no_share_change,SZ159581~2024-07-17,https://finance.sina.com.cn/realstock/company/sz159581/hfq.js,5521578ea53919066f9deef4eb011166bb04edbb7ed202b1c8b766631a9fd814
SZ159581,2024-08-14,2024-08-14,2024-08-14,0.003000000000000001,1.0,not_applicable_no_share_change,SZ159581~2024-08-14,https://finance.sina.com.cn/realstock/company/sz159581/hfq.js,5521578ea53919066f9deef4eb011166bb04edbb7ed202b1c8b766631a9fd814
SZ159581,2024-09-11,2024-09-11,2024-09-11,0.002999999999999999,1.0,not_applicable_no_share_change,SZ159581~2024-09-11,https://finance.sina.com.cn/realstock/company/sz159581/hfq.js,5521578ea53919066f9deef4eb011166bb04edbb7ed202b1c8b766631a9fd814
SZ159581,2024-10-16,2024-10-16,2024-10-16,0.0034999999999999996,1.0,not_applicable_no_share_change,SZ159581~2024-10-16,https://finance.sina.com.cn/realstock/company/sz159581/hfq.js,5521578ea53919066f9deef4eb011166bb04edbb7ed202b1c8b766631a9fd814
SZ159581,2024-11-13,2024-11-13,2024-11-13,0.005500000000000001,1.0,not_applicable_no_share_change,SZ159581~2024-11-13,https://finance.sina.com.cn/realstock/company/sz159581/hfq.js,5521578ea53919066f9deef4eb011166bb04edbb7ed202b1c8b766631a9fd814
SZ159581,2024-12-11,2024-12-11,2024-12-11,0.005999999999999998,1.0,not_applicable_no_share_change,SZ159581~2024-12-11,https://finance.sina.com.cn/realstock/company/sz159581/hfq.js,5521578ea53919066f9deef4eb011166bb04edbb7ed202b1c8b766631a9fd814
SZ159581,2025-01-15,2025-01-15,2025-01-15,0.005999999999999998,1.0,not_applicable_no_share_change,SZ159581~2025-01-15,https://finance.sina.com.cn/realstock/company/sz159581/hfq.js,5521578ea53919066f9deef4eb011166bb04edbb7ed202b1c8b766631a9fd814
SZ159581,2025-02-19,2025-02-19,2025-02-19,0.0020000000000000018,1.0,not_applicable_no_share_change,SZ159581~2025-02-19,https://finance.sina.com.cn/realstock/company/sz159581/hfq.js,5521578ea53919066f9deef4eb011166bb04edbb7ed202b1c8b766631a9fd814
SZ159581,2025-03-12,2025-03-12,2025-03-12,0.0020000000000000018,1.0,not_applicable_no_share_change,SZ159581~2025-03-12,https://finance.sina.com.cn/realstock/company/sz159581/hfq.js,5521578ea53919066f9deef4eb011166bb04edbb7ed202b1c8b766631a9fd814
SZ159581,2025-04-15,2025-04-15,2025-04-15,0.0029999999999999957,1.0,not_applicable_no_share_change,SZ159581~2025-04-15,https://finance.sina.com.cn/realstock/company/sz159581/hfq.js,5521578ea53919066f9deef4eb011166bb04edbb7ed202b1c8b766631a9fd814
SZ159581,2025-05-13,2025-05-13,2025-05-13,0.0030000000000000027,1.0,not_applicable_no_share_change,SZ159581~2025-05-13,https://finance.sina.com.cn/realstock/company/sz159581/hfq.js,5521578ea53919066f9deef4eb011166bb04edbb7ed202b1c8b766631a9fd814
SZ159581,2025-06-10,2025-06-10,2025-06-10,0.0030000000000000027,1.0,not_applicable_no_share_change,SZ159581~2025-06-10,https://finance.sina.com.cn/realstock/company/sz159581/hfq.js,5521578ea53919066f9deef4eb011166bb04edbb7ed202b1c8b766631a9fd814
SZ159581,2025-07-15,2025-07-15,2025-07-15,0.0029999999999999957,1.0,not_applicable_no_share_change,SZ159581~2025-07-15,https://finance.sina.com.cn/realstock/company/sz159581/hfq.js,5521578ea53919066f9deef4eb011166bb04edbb7ed202b1c8b766631a9fd814
SZ159581,2025-08-12,2025-08-12,2025-08-12,0.0030000000000000027,1.0,not_applicable_no_share_change,SZ159581~2025-08-12,https://finance.sina.com.cn/realstock/company/sz159581/hfq.js,5521578ea53919066f9deef4eb011166bb04edbb7ed202b1c8b766631a9fd814
SZ159581,2025-09-09,2025-09-09,2025-09-09,0.0030000000000000027,1.0,not_applicable_no_share_change,SZ159581~2025-09-09,https://finance.sina.com.cn/realstock/company/sz159581/hfq.js,5521578ea53919066f9deef4eb011166bb04edbb7ed202b1c8b766631a9fd814
SZ159581,2025-10-21,2025-10-21,2025-10-21,0.0029999999999999957,1.0,not_applicable_no_share_change,SZ159581~2025-10-21,https://finance.sina.com.cn/realstock/company/sz159581/hfq.js,5521578ea53919066f9deef4eb011166bb04edbb7ed202b1c8b766631a9fd814
SZ159581,2025-11-18,2025-11-18,2025-11-18,0.0030000000000000027,1.0,not_applicable_no_share_change,SZ159581~2025-11-18,https://finance.sina.com.cn/realstock/company/sz159581/hfq.js,5521578ea53919066f9deef4eb011166bb04edbb7ed202b1c8b766631a9fd814
SZ159581,2025-12-09,2025-12-09,2025-12-09,0.0030000000000000027,1.0,not_applicable_no_share_change,SZ159581~2025-12-09,https://finance.sina.com.cn/realstock/company/sz159581/hfq.js,5521578ea53919066f9deef4eb011166bb04edbb7ed202b1c8b766631a9fd814
SZ159581,2026-01-20,2026-01-20,2026-01-20,0.0030000000000000027,1.0,not_applicable_no_share_change,SZ159581~2026-01-20,https://finance.sina.com.cn/realstock/company/sz159581/hfq.js,5521578ea53919066f9deef4eb011166bb04edbb7ed202b1c8b766631a9fd814
SZ159581,2026-02-10,2026-02-10,2026-02-10,0.002999999999999989,1.0,not_applicable_no_share_change,SZ159581~2026-02-10,https://finance.sina.com.cn/realstock/company/sz159581/hfq.js,5521578ea53919066f9deef4eb011166bb04edbb7ed202b1c8b766631a9fd814
SZ159581,2026-03-10,2026-03-10,2026-03-10,0.0030000000000000027,1.0,not_applicable_no_share_change,SZ159581~2026-03-10,https://finance.sina.com.cn/realstock/company/sz159581/hfq.js,5521578ea53919066f9deef4eb011166bb04edbb7ed202b1c8b766631a9fd814
SZ159581,2026-04-14,2026-04-14,2026-04-14,0.0030000000000000027,1.0,not_applicable_no_share_change,SZ159581~2026-04-14,https://finance.sina.com.cn/realstock/company/sz159581/hfq.js,5521578ea53919066f9deef4eb011166bb04edbb7ed202b1c8b766631a9fd814
SZ159581,2026-05-19,2026-05-19,2026-05-19,0.0040000000000000036,1.0,not_applicable_no_share_change,SZ159581~2026-05-19,https://finance.sina.com.cn/realstock/company/sz159581/hfq.js,5521578ea53919066f9deef4eb011166bb04edbb7ed202b1c8b766631a9fd814
SZ159581,2026-06-16,2026-06-16,2026-06-16,0.00399999999999999,1.0,not_applicable_no_share_change,SZ159581~2026-06-16,https://finance.sina.com.cn/realstock/company/sz159581/hfq.js,5521578ea53919066f9deef4eb011166bb04edbb7ed202b1c8b766631a9fd814
SZ159581,2026-07-14,2026-07-14,2026-07-14,0.0040000000000000036,1.0,not_applicable_no_share_change,SZ159581~2026-07-14,https://finance.sina.com.cn/realstock/company/sz159581/hfq.js,5521578ea53919066f9deef4eb011166bb04edbb7ed202b1c8b766631a9fd814
SZ159582,2026-07-13,2026-07-13,2026-07-13,0.0,5.0,unknown_not_provided_by_sina_hfq,SZ159582~2026-07-13,https://finance.sina.com.cn/realstock/company/sz159582/hfq.js,8d01831b31b3c6ec81130efb5f5bfec4879d4d61646d943adab0a65025c4cc36
SZ159583,2025-11-06,2025-11-06,2025-11-06,0.0,2.0,unknown_not_provided_by_sina_hfq,SZ159583~2025-11-06,https://finance.sina.com.cn/realstock/company/sz159583/hfq.js,e96d6abdc724602e84cbf3df1b1c60131165b53873f12e0ff039a320cb3c5ce7
SZ159589,2024-07-15,2024-07-15,2024-07-15,0.002,1.0,not_applicable_no_share_change,SZ159589~2024-07-15,https://finance.sina.com.cn/realstock/company/sz159589/hfq.js,a09a981109d94a68fd1b8d75a4e83df66db78d55257f3c5419698989ff01d0e9
SZ159589,2024-08-14,2024-08-14,2024-08-14,0.002,1.0,not_applicable_no_share_change,SZ159589~2024-08-14,https://finance.sina.com.cn/realstock/company/sz159589/hfq.js,a09a981109d94a68fd1b8d75a4e83df66db78d55257f3c5419698989ff01d0e9
SZ159589,2024-09-11,2024-09-11,2024-09-11,0.002,1.0,not_applicable_no_share_change,SZ159589~2024-09-11,https://finance.sina.com.cn/realstock/company/sz159589/hfq.js,a09a981109d94a68fd1b8d75a4e83df66db78d55257f3c5419698989ff01d0e9
SZ159589,2024-10-21,2024-10-21,2024-10-21,0.0022000000000000006,1.0,not_applicable_no_share_change,SZ159589~2024-10-21,https://finance.sina.com.cn/realstock/company/sz159589/hfq.js,a09a981109d94a68fd1b8d75a4e83df66db78d55257f3c5419698989ff01d0e9
SZ159589,2024-11-13,2024-11-13,2024-11-13,0.002,1.0,not_applicable_no_share_change,SZ159589~2024-11-13,https://finance.sina.com.cn/realstock/company/sz159589/hfq.js,a09a981109d94a68fd1b8d75a4e83df66db78d55257f3c5419698989ff01d0e9
SZ159589,2024-12-16,2024-12-16,2024-12-16,0.002,1.0,not_applicable_no_share_change,SZ159589~2024-12-16,https://finance.sina.com.cn/realstock/company/sz159589/hfq.js,a09a981109d94a68fd1b8d75a4e83df66db78d55257f3c5419698989ff01d0e9
SZ159589,2025-01-15,2025-01-15,2025-01-15,0.0020999999999999994,1.0,not_applicable_no_share_change,SZ159589~2025-01-15,https://finance.sina.com.cn/realstock/company/sz159589/hfq.js,a09a981109d94a68fd1b8d75a4e83df66db78d55257f3c5419698989ff01d0e9
SZ159589,2025-02-18,2025-02-18,2025-02-18,0.002100000000000001,1.0,not_applicable_no_share_change,SZ159589~2025-02-18,https://finance.sina.com.cn/realstock/company/sz159589/hfq.js,a09a981109d94a68fd1b8d75a4e83df66db78d55257f3c5419698989ff01d0e9
SZ159589,2025-03-17,2025-03-17,2025-03-17,0.0019999999999999983,1.0,not_applicable_no_share_change,SZ159589~2025-03-17,https://finance.sina.com.cn/realstock/company/sz159589/hfq.js,a09a981109d94a68fd1b8d75a4e83df66db78d55257f3c5419698989ff01d0e9
SZ159589,2025-04-15,2025-04-15,2025-04-15,0.002100000000000001,1.0,not_applicable_no_share_change,SZ159589~2025-04-15,https://finance.sina.com.cn/realstock/company/sz159589/hfq.js,a09a981109d94a68fd1b8d75a4e83df66db78d55257f3c5419698989ff01d0e9
SZ159589,2025-05-19,2025-05-19,2025-05-19,0.0019999999999999983,1.0,not_applicable_no_share_change,SZ159589~2025-05-19,https://finance.sina.com.cn/realstock/company/sz159589/hfq.js,a09a981109d94a68fd1b8d75a4e83df66db78d55257f3c5419698989ff01d0e9
SZ159589,2025-06-16,2025-06-16,2025-06-16,0.002100000000000001,1.0,not_applicable_no_share_change,SZ159589~2025-06-16,https://finance.sina.com.cn/realstock/company/sz159589/hfq.js,a09a981109d94a68fd1b8d75a4e83df66db78d55257f3c5419698989ff01d0e9
SZ159589,2025-07-14,2025-07-14,2025-07-14,0.002100000000000001,1.0,not_applicable_no_share_change,SZ159589~2025-07-14,https://finance.sina.com.cn/realstock/company/sz159589/hfq.js,a09a981109d94a68fd1b8d75a4e83df66db78d55257f3c5419698989ff01d0e9
SZ159589,2025-08-13,2025-08-13,2025-08-13,0.0020999999999999977,1.0,not_applicable_no_share_change,SZ159589~2025-08-13,https://finance.sina.com.cn/realstock/company/sz159589/hfq.js,a09a981109d94a68fd1b8d75a4e83df66db78d55257f3c5419698989ff01d0e9
SZ159589,2025-09-15,2025-09-15,2025-09-15,0.0022000000000000006,1.0,not_applicable_no_share_change,SZ159589~2025-09-15,https://finance.sina.com.cn/realstock/company/sz159589/hfq.js,a09a981109d94a68fd1b8d75a4e83df66db78d55257f3c5419698989ff01d0e9
SZ159589,2025-10-22,2025-10-22,2025-10-22,0.0020999999999999977,1.0,not_applicable_no_share_change,SZ159589~2025-10-22,https://finance.sina.com.cn/realstock/company/sz159589/hfq.js,a09a981109d94a68fd1b8d75a4e83df66db78d55257f3c5419698989ff01d0e9
SZ159589,2025-11-17,2025-11-17,2025-11-17,0.0022000000000000006,1.0,not_applicable_no_share_change,SZ159589~2025-11-17,https://finance.sina.com.cn/realstock/company/sz159589/hfq.js,a09a981109d94a68fd1b8d75a4e83df66db78d55257f3c5419698989ff01d0e9
SZ159589,2025-12-10,2025-12-10,2025-12-10,0.0022000000000000006,1.0,not_applicable_no_share_change,SZ159589~2025-12-10,https://finance.sina.com.cn/realstock/company/sz159589/hfq.js,a09a981109d94a68fd1b8d75a4e83df66db78d55257f3c5419698989ff01d0e9
SZ159589,2026-01-14,2026-01-14,2026-01-14,0.0021000000000000046,1.0,not_applicable_no_share_change,SZ159589~2026-01-14,https://finance.sina.com.cn/realstock/company/sz159589/hfq.js,a09a981109d94a68fd1b8d75a4e83df66db78d55257f3c5419698989ff01d0e9
SZ159589,2026-02-10,2026-02-10,2026-02-10,0.0021999999999999936,1.0,not_applicable_no_share_change,SZ159589~2026-02-10,https://finance.sina.com.cn/realstock/company/sz159589/hfq.js,a09a981109d94a68fd1b8d75a4e83df66db78d55257f3c5419698989ff01d0e9
SZ159589,2026-03-18,2026-03-18,2026-03-18,0.0023000000000000034,1.0,not_applicable_no_share_change,SZ159589~2026-03-18,https://finance.sina.com.cn/realstock/company/sz159589/hfq.js,a09a981109d94a68fd1b8d75a4e83df66db78d55257f3c5419698989ff01d0e9
SZ159589,2026-04-15,2026-04-15,2026-04-15,0.0022000000000000006,1.0,not_applicable_no_share_change,SZ159589~2026-04-15,https://finance.sina.com.cn/realstock/company/sz159589/hfq.js,a09a981109d94a68fd1b8d75a4e83df66db78d55257f3c5419698989ff01d0e9
SZ159589,2026-05-19,2026-05-19,2026-05-19,0.0022999999999999965,1.0,not_applicable_no_share_change,SZ159589~2026-05-19,https://finance.sina.com.cn/realstock/company/sz159589/hfq.js,a09a981109d94a68fd1b8d75a4e83df66db78d55257f3c5419698989ff01d0e9
SZ159589,2026-06-15,2026-06-15,2026-06-15,0.0022000000000000006,1.0,not_applicable_no_share_change,SZ159589~2026-06-15,https://finance.sina.com.cn/realstock/company/sz159589/hfq.js,a09a981109d94a68fd1b8d75a4e83df66db78d55257f3c5419698989ff01d0e9
SZ159589,2026-07-15,2026-07-15,2026-07-15,0.0020000000000000018,1.0,not_applicable_no_share_change,SZ159589~2026-07-15,https://finance.sina.com.cn/realstock/company/sz159589/hfq.js,a09a981109d94a68fd1b8d75a4e83df66db78d55257f3c5419698989ff01d0e9
SZ159596,2024-10-21,2024-10-21,2024-10-21,0.0202,1.0,not_applicable_no_share_change,SZ159596~2024-10-21,https://finance.sina.com.cn/realstock/company/sz159596/hfq.js,93226f02f827dd43cc517992c3950fc7e4f460dd109e098c47345d8a2526298c
SZ159596,2025-10-15,2025-10-15,2025-10-15,0.029300000000000003,1.0,not_applicable_no_share_change,SZ159596~2025-10-15,https://finance.sina.com.cn/realstock/company/sz159596/hfq.js,93226f02f827dd43cc517992c3950fc7e4f460dd109e098c47345d8a2526298c
SZ159596,2025-10-20,2025-10-20,2025-10-20,0.0,2.0,unknown_not_provided_by_sina_hfq,SZ159596~2025-10-20,https://finance.sina.com.cn/realstock/company/sz159596/hfq.js,93226f02f827dd43cc517992c3950fc7e4f460dd109e098c47345d8a2526298c
SZ159597,2026-07-09,2026-07-09,2026-07-09,0.0,3.0,unknown_not_provided_by_sina_hfq,SZ159597~2026-07-09,https://finance.sina.com.cn/realstock/company/sz159597/hfq.js,d842585a8120487b285c96bd71709905d689571e13f11aff72b7c9f0472e65c4
SZ159602,2024-09-18,2024-09-18,2024-09-18,0.016,1.0,not_applicable_no_share_change,SZ159602~2024-09-18,https://finance.sina.com.cn/realstock/company/sz159602/hfq.js,47677c4b75627a1fd78ec131c10b4ae0ab8540c431e2439897c77f47c8fa2fc2
SZ159602,2025-09-15,2025-09-15,2025-09-15,0.023,1.0,not_applicable_no_share_change,SZ159602~2025-09-15,https://finance.sina.com.cn/realstock/company/sz159602/hfq.js,47677c4b75627a1fd78ec131c10b4ae0ab8540c431e2439897c77f47c8fa2fc2
SZ159623,2025-12-22,2025-12-22,2025-12-22,0.0305,1.0,not_applicable_no_share_change,SZ159623~2025-12-22,https://finance.sina.com.cn/realstock/company/sz159623/hfq.js,ca268934a3ca629e80f5f9b5c2c201a9c2d5067b329a11a2253350605b4615ab
SZ159629,2022-11-14,2022-11-14,2022-11-14,0.0,0.468136204,unknown_not_provided_by_sina_hfq,SZ159629~2022-11-14,https://finance.sina.com.cn/realstock/company/sz159629/hfq.js,ea343d7fa5da4170f0e22ccf9009bfa97cc79a54ef750c75f9e0a7da9177c9af
SZ159629,2023-06-09,2023-06-09,2023-06-09,0.0,0.7520786920000001,unknown_not_provided_by_sina_hfq,SZ159629~2023-06-09,https://finance.sina.com.cn/realstock/company/sz159629/hfq.js,ea343d7fa5da4170f0e22ccf9009bfa97cc79a54ef750c75f9e0a7da9177c9af
SZ159633,2022-10-31,2022-10-31,2022-10-31,0.0,0.471642898,unknown_not_provided_by_sina_hfq,SZ159633~2022-10-31,https://finance.sina.com.cn/realstock/company/sz159633/hfq.js,14c2115add0f42695e401ca1fe22cb34d9dd371db683e10a8e6ab382cccccb76
SZ159633,2023-07-10,2023-07-10,2023-07-10,0.0,0.7532363250000002,unknown_not_provided_by_sina_hfq,SZ159633~2023-07-10,https://finance.sina.com.cn/realstock/company/sz159633/hfq.js,14c2115add0f42695e401ca1fe22cb34d9dd371db683e10a8e6ab382cccccb76
SZ159636,2025-12-08,2025-12-08,2025-12-08,0.0,2.0,unknown_not_provided_by_sina_hfq,SZ159636~2025-12-08,https://finance.sina.com.cn/realstock/company/sz159636/hfq.js,58201334f4584ed355dbd0b09353df89c3dd97acaae31ff461cf1533fe1edd77
SZ159663,2026-07-07,2026-07-07,2026-07-07,0.0,2.0,unknown_not_provided_by_sina_hfq,SZ159663~2026-07-07,https://finance.sina.com.cn/realstock/company/sz159663/hfq.js,b621cecbd5b15dff293a6b3dc44ec89f583bb748f78d72290cd0e11926f3257c
SZ159667,2026-06-10,2026-06-10,2026-06-10,0.0,3.0,unknown_not_provided_by_sina_hfq,SZ159667~2026-06-10,https://finance.sina.com.cn/realstock/company/sz159667/hfq.js,8874fe569e416f16ae5c7a5f3bf06e6dc4a968c4238d3fb18f03950aecac2406
SZ159691,2024-04-25,2024-04-25,2024-04-25,0.0103,1.0,not_applicable_no_share_change,SZ159691~2024-04-25,https://finance.sina.com.cn/realstock/company/sz159691/hfq.js,14b7b9ee6704d7047b14085ddc8da9fdb6ccede9336f542543c18b85f239b0d6
SZ159691,2026-06-24,2026-06-24,2026-06-24,0.012400000000000001,1.0,not_applicable_no_share_change,SZ159691~2026-06-24,https://finance.sina.com.cn/realstock/company/sz159691/hfq.js,14b7b9ee6704d7047b14085ddc8da9fdb6ccede9336f542543c18b85f239b0d6
SZ159695,2026-07-21,2026-07-21,2026-07-21,0.0,3.0,unknown_not_provided_by_sina_hfq,SZ159695~2026-07-21,https://finance.sina.com.cn/realstock/company/sz159695/hfq.js,5c17d5c4013f8acb406227ae88e9d975b7d52a619d3ca7768e3f56f823cf6b27
SZ159739,2026-08-03,2026-08-03,2026-08-03,0.0,2.0,unknown_not_provided_by_sina_hfq,SZ159739~2026-08-03,https://finance.sina.com.cn/realstock/company/sz159739/hfq.js,9dd1db1d6b504f6d2c0420bd0c6e955a469b89254ed635240d72f8e68e15672e
SZ159801,2023-08-31,2023-08-31,2023-08-31,0.0,2.0,unknown_not_provided_by_sina_hfq,SZ159801~2023-08-31,https://finance.sina.com.cn/realstock/company/sz159801/hfq.js,a09a768889a5727da582c3b00e77abedcefabfb950a3bd3f3f4f743829cc6d71
SZ159806,2022-01-14,2022-01-14,2022-01-14,0.0,3.0,unknown_not_provided_by_sina_hfq,SZ159806~2022-01-14,https://finance.sina.com.cn/realstock/company/sz159806/hfq.js,2caffc4ff67493eb1ad6f423cf8af49724e535b67a0687ed21ac3a5a80e7b00d
SZ159807,2021-06-21,2021-06-21,2021-06-21,0.0,2.0,unknown_not_provided_by_sina_hfq,SZ159807~2021-06-21,https://finance.sina.com.cn/realstock/company/sz159807/hfq.js,0bafbfab5d9338b8691010ffbaf821d9b7c4c15e62164d55e5e05329abe368b4
SZ159813,2021-09-13,2021-09-13,2021-09-13,0.0,1.5,unknown_not_provided_by_sina_hfq,SZ159813~2021-09-13,https://finance.sina.com.cn/realstock/company/sz159813/hfq.js,d0c7b0bc292a7e39995171b2b97a0e5cc0956c5fe5e7bd2c60af70cf3aab8ac6
SZ159813,2026-08-03,2026-08-03,2026-08-03,0.0,2.0,unknown_not_provided_by_sina_hfq,SZ159813~2026-08-03,https://finance.sina.com.cn/realstock/company/sz159813/hfq.js,d0c7b0bc292a7e39995171b2b97a0e5cc0956c5fe5e7bd2c60af70cf3aab8ac6
SZ159814,2021-02-10,2021-02-10,2021-02-10,0.0,2.059034965,unknown_not_provided_by_sina_hfq,SZ159814~2021-02-10,https://finance.sina.com.cn/realstock/company/sz159814/hfq.js,b6223fb83cfbc8416123f54626c7388897e9ccaec9f1840972c4a57fc10ca807
SZ159845,2022-08-02,2022-08-02,2022-08-02,0.0,0.352275906,unknown_not_provided_by_sina_hfq,SZ159845~2022-08-02,https://finance.sina.com.cn/realstock/company/sz159845/hfq.js,21adf870654bd75cbb9b194afd6520dcb8b797900337de0f320d5840b6d72e2d
SZ159845,2023-03-01,2023-03-01,2023-03-01,0.0,0.7476441450000001,unknown_not_provided_by_sina_hfq,SZ159845~2023-03-01,https://finance.sina.com.cn/realstock/company/sz159845/hfq.js,21adf870654bd75cbb9b194afd6520dcb8b797900337de0f320d5840b6d72e2d
SZ159851,2025-07-14,2025-07-14,2025-07-14,0.0,2.0,unknown_not_provided_by_sina_hfq,SZ159851~2025-07-14,https://finance.sina.com.cn/realstock/company/sz159851/hfq.js,c7564e69ac6f4b69d0de5cf5fc44175c16426a1d6bb746b1bbf403582cbf39c0
SZ159863,2021-11-08,2021-11-08,2021-11-08,0.0,1.5,unknown_not_provided_by_sina_hfq,SZ159863~2021-11-08,https://finance.sina.com.cn/realstock/company/sz159863/hfq.js,fed0e63db4f902d118abbc82506e95bbccb8b81518f4e737894625ea0914d9a0
SZ159871,2026-02-09,2026-02-09,2026-02-09,0.0,2.0,unknown_not_provided_by_sina_hfq,SZ159871~2026-02-09,https://finance.sina.com.cn/realstock/company/sz159871/hfq.js,f9aede0ea763c684034b5f6439d68f47357e5c6e188930974e9bd25f6dfbc358
SZ159876,2025-08-04,2025-08-04,2025-08-04,0.0,2.0,unknown_not_provided_by_sina_hfq,SZ159876~2025-08-04,https://finance.sina.com.cn/realstock/company/sz159876/hfq.js,8a02cab657362fbb7de1c15ef11509b89bffe6c342b6b95dc633871154e1fc46
SZ159880,2026-08-03,2026-08-03,2026-08-03,0.0,2.0,unknown_not_provided_by_sina_hfq,SZ159880~2026-08-03,https://finance.sina.com.cn/realstock/company/sz159880/hfq.js,b060ba24fcae79eb9263321e114c1fdbf7cddcc153e574dc8967694740164944
SZ159881,2026-06-26,2026-06-26,2026-06-26,0.0,2.0,unknown_not_provided_by_sina_hfq,SZ159881~2026-06-26,https://finance.sina.com.cn/realstock/company/sz159881/hfq.js,7dbe8fb8bf29e9be231ec88c6a5950ca463a465e31af1778d0d97cfda8b5508f
SZ159885,2021-11-01,2021-11-01,2021-11-01,0.0,1.5,unknown_not_provided_by_sina_hfq,SZ159885~2021-11-01,https://finance.sina.com.cn/realstock/company/sz159885/hfq.js,11f9d1b8ad4584a49aa805f1b0f3ecec47c94198ff52e20ba8daf7fd7c732b84
SZ159901,2007-07-11,2007-07-11,2007-07-11,0.12,1.0,not_applicable_no_share_change,SZ159901~2007-07-11,https://finance.sina.com.cn/realstock/company/sz159901/hfq.js,a8f07725e097650241ea2af3dc128347373ba01260d4a68c842289f2b4dfe587
SZ159901,2010-11-22,2010-11-22,2010-11-22,0.0,5.0,unknown_not_provided_by_sina_hfq,SZ159901~2010-11-22,https://finance.sina.com.cn/realstock/company/sz159901/hfq.js,a8f07725e097650241ea2af3dc128347373ba01260d4a68c842289f2b4dfe587
SZ159901,2014-09-01,2014-09-01,2014-09-01,0.0,0.2,unknown_not_provided_by_sina_hfq,SZ159901~2014-09-01,https://finance.sina.com.cn/realstock/company/sz159901/hfq.js,a8f07725e097650241ea2af3dc128347373ba01260d4a68c842289f2b4dfe587
SZ159901,2021-04-12,2021-04-12,2021-04-12,0.0,2.0,unknown_not_provided_by_sina_hfq,SZ159901~2021-04-12,https://finance.sina.com.cn/realstock/company/sz159901/hfq.js,a8f07725e097650241ea2af3dc128347373ba01260d4a68c842289f2b4dfe587
SZ159901,2025-11-17,2025-11-17,2025-11-17,0.042499999999999996,1.0,not_applicable_no_share_change,SZ159901~2025-11-17,https://finance.sina.com.cn/realstock/company/sz159901/hfq.js,a8f07725e097650241ea2af3dc128347373ba01260d4a68c842289f2b4dfe587
SZ159902,2009-11-26,2009-11-26,2009-11-26,0.1,1.0,not_applicable_no_share_change,SZ159902~2009-11-26,https://finance.sina.com.cn/realstock/company/sz159902/hfq.js,8be5757d6591ead4c7a9fcd208afcc322e605913b404d615f33b096849fdc79a
SZ159902,2014-03-13,2014-03-13,2014-03-13,0.01999999999999999,1.0,not_applicable_no_share_change,SZ159902~2014-03-13,https://finance.sina.com.cn/realstock/company/sz159902/hfq.js,8be5757d6591ead4c7a9fcd208afcc322e605913b404d615f33b096849fdc79a
SZ159905,2024-09-27,2024-09-27,2024-09-27,0.074,1.0,not_applicable_no_share_change,SZ159905~2024-09-27,https://finance.sina.com.cn/realstock/company/sz159905/hfq.js,7b1cd7dadb0a767eb0e59529b48dd99b6597b40f48111870ba54ae70d96b7e1e
SZ159905,2024-10-30,2024-10-30,2024-10-30,0.085,1.0,not_applicable_no_share_change,SZ159905~2024-10-30,https://finance.sina.com.cn/realstock/company/sz159905/hfq.js,7b1cd7dadb0a767eb0e59529b48dd99b6597b40f48111870ba54ae70d96b7e1e
SZ159905,2024-11-29,2024-11-29,2024-11-29,0.07799999999999999,1.0,not_applicable_no_share_change,SZ159905~2024-11-29,https://finance.sina.com.cn/realstock/company/sz159905/hfq.js,7b1cd7dadb0a767eb0e59529b48dd99b6597b40f48111870ba54ae70d96b7e1e
SZ159905,2024-12-23,2024-12-23,2024-12-23,0.069,1.0,not_applicable_no_share_change,SZ159905~2024-12-23,https://finance.sina.com.cn/realstock/company/sz159905/hfq.js,7b1cd7dadb0a767eb0e59529b48dd99b6597b40f48111870ba54ae70d96b7e1e
SZ159907,2024-04-01,2024-04-01,2024-04-01,0.0,2.0,unknown_not_provided_by_sina_hfq,SZ159907~2024-04-01,https://finance.sina.com.cn/realstock/company/sz159907/hfq.js,c8a850d86af1ecb8a00ed69e623fa7b0a75730dca932b7629c5f3f37b8d438a5
SZ159909,2021-03-11,2021-03-11,2021-03-11,0.0,9.795076135,unknown_not_provided_by_sina_hfq,SZ159909~2021-03-11,https://finance.sina.com.cn/realstock/company/sz159909/hfq.js,895b8eae05a0c6553c531d65a3ff674523465bf14d48ab0c4c7f6a0a61331aaf
SZ159919,2012-12-03,2012-12-03,2012-12-03,0.0,0.38221954,unknown_not_provided_by_sina_hfq,SZ159919~2012-12-03,https://finance.sina.com.cn/realstock/company/sz159919/hfq.js,3c6933a67452292b58fa994377ef4611dbfddd4a48f01f78861ec2db52cf08e8
SZ159919,2019-01-14,2019-01-14,2019-01-14,0.0,1.1106808609999999,unknown_not_provided_by_sina_hfq,SZ159919~2019-01-14,https://finance.sina.com.cn/realstock/company/sz159919/hfq.js,3c6933a67452292b58fa994377ef4611dbfddd4a48f01f78861ec2db52cf08e8
SZ159919,2020-09-14,2020-09-14,2020-09-14,0.3580481335775413,1.0,not_applicable_no_share_change,SZ159919~2020-09-14,https://finance.sina.com.cn/realstock/company/sz159919/hfq.js,3c6933a67452292b58fa994377ef4611dbfddd4a48f01f78861ec2db52cf08e8
SZ159919,2021-09-13,2021-09-13,2021-09-13,0.16489058783176244,1.0,not_applicable_no_share_change,SZ159919~2021-09-13,https://finance.sina.com.cn/realstock/company/sz159919/hfq.js,3c6933a67452292b58fa994377ef4611dbfddd4a48f01f78861ec2db52cf08e8
SZ159919,2024-09-18,2024-09-18,2024-09-18,0.10670776612541193,1.0,not_applicable_no_share_change,SZ159919~2024-09-18,https://finance.sina.com.cn/realstock/company/sz159919/hfq.js,3c6933a67452292b58fa994377ef4611dbfddd4a48f01f78861ec2db52cf08e8
SZ159919,2025-03-31,2025-03-31,2025-03-31,0.15570382650970707,1.0,not_applicable_no_share_change,SZ159919~2025-03-31,https://finance.sina.com.cn/realstock/company/sz159919/hfq.js,3c6933a67452292b58fa994377ef4611dbfddd4a48f01f78861ec2db52cf08e8
SZ159919,2025-12-08,2025-12-08,2025-12-08,0.171486211345033,1.0,not_applicable_no_share_change,SZ159919~2025-12-08,https://finance.sina.com.cn/realstock/company/sz159919/hfq.js,3c6933a67452292b58fa994377ef4611dbfddd4a48f01f78861ec2db52cf08e8
SZ159922,2022-02-18,2022-02-18,2022-02-18,0.0,1.117385865,unknown_not_provided_by_sina_hfq,SZ159922~2022-02-18,https://finance.sina.com.cn/realstock/company/sz159922/hfq.js,6733837ee857f24d77eee7a9bd74ceae18741153c2a44723d2cf5698bc1586f6
SZ159922,2024-12-02,2024-12-02,2024-12-02,0.11562702200461433,2.5,unknown_not_provided_by_sina_hfq,SZ159922~2024-12-02,https://finance.sina.com.cn/realstock/company/sz159922/hfq.js,6733837ee857f24d77eee7a9bd74ceae18741153c2a44723d2cf5698bc1586f6
SZ159922,2025-12-08,2025-12-08,2025-12-08,0.013459987700846741,1.0,not_applicable_no_share_change,SZ159922~2025-12-08,https://finance.sina.com.cn/realstock/company/sz159922/hfq.js,6733837ee857f24d77eee7a9bd74ceae18741153c2a44723d2cf5698bc1586f6
SZ159925,2024-01-29,2024-01-29,2024-01-29,0.0,0.503545799,unknown_not_provided_by_sina_hfq,SZ159925~2024-01-29,https://finance.sina.com.cn/realstock/company/sz159925/hfq.js,f288a21ac06cf87beb8ad1572c9474dd6c7a20992f0d176abcb0ec5a4daf2688
SZ159925,2024-08-13,2024-08-13,2024-08-13,0.14695783411748808,1.0,not_applicable_no_share_change,SZ159925~2024-08-13,https://finance.sina.com.cn/realstock/company/sz159925/hfq.js,f288a21ac06cf87beb8ad1572c9474dd6c7a20992f0d176abcb0ec5a4daf2688
SZ159925,2025-10-27,2025-10-27,2025-10-27,0.2482395846579191,1.0,not_applicable_no_share_change,SZ159925~2025-10-27,https://finance.sina.com.cn/realstock/company/sz159925/hfq.js,f288a21ac06cf87beb8ad1572c9474dd6c7a20992f0d176abcb0ec5a4daf2688
SZ159928,2021-06-25,2021-06-25,2021-06-25,0.0,3.999918996,unknown_not_provided_by_sina_hfq,SZ159928~2021-06-25,https://finance.sina.com.cn/realstock/company/sz159928/hfq.js,f3226ae7e437f7e700d2a4670222bd44f051e4a7d81f38c9033ee121bc9f1ac4
SZ159938,2022-05-30,2022-05-30,2022-05-30,0.0,2.0,unknown_not_provided_by_sina_hfq,SZ159938~2022-05-30,https://finance.sina.com.cn/realstock/company/sz159938/hfq.js,e2b848f27d11592f0534b85cda6dda28254e9332583e47726a37ef4a689b6b47
SZ159939,2023-02-16,2023-02-16,2023-02-16,0.0,2.0,unknown_not_provided_by_sina_hfq,SZ159939~2023-02-16,https://finance.sina.com.cn/realstock/company/sz159939/hfq.js,5c16bd708fb4e621ff0ef3f0de404e7d00689d3a8f9533818148161a9f4b7b0d
SZ159943,2021-10-22,2021-10-22,2021-10-22,0.0,11.817461846,unknown_not_provided_by_sina_hfq,SZ159943~2021-10-22,https://finance.sina.com.cn/realstock/company/sz159943/hfq.js,d35dba1e3da42538c507e0344eb25e854510671fc9349b83d8aba4dcf0d87585
SZ159960,2021-11-16,2021-11-16,2021-11-16,0.09,1.0,not_applicable_no_share_change,SZ159960~2021-11-16,https://finance.sina.com.cn/realstock/company/sz159960/hfq.js,056667c3f035c2323b00650b1ca04f233fd83219383ab6c19a84991b906fb383
SZ159960,2024-06-24,2024-06-24,2024-06-24,0.07150000000000001,1.0,not_applicable_no_share_change,SZ159960~2024-06-24,https://finance.sina.com.cn/realstock/company/sz159960/hfq.js,056667c3f035c2323b00650b1ca04f233fd83219383ab6c19a84991b906fb383
SZ159966,2020-11-06,2020-11-06,2020-11-06,0.0,3.076481657,unknown_not_provided_by_sina_hfq,SZ159966~2020-11-06,https://finance.sina.com.cn/realstock/company/sz159966/hfq.js,8e7772a57b9acf3bef5903347883046bcab576713b6fb8c5547fc99166ba5603
SZ159967,2020-11-06,2020-11-06,2020-11-06,0.0,3.638382855,unknown_not_provided_by_sina_hfq,SZ159967~2020-11-06,https://finance.sina.com.cn/realstock/company/sz159967/hfq.js,77fe4419dadb6361d0727b3874bf7b49b7980813c8b8281651f42e93408aea39
SZ159970,2025-12-22,2025-12-22,2025-12-22,0.0,6.0,unknown_not_provided_by_sina_hfq,SZ159970~2025-12-22,https://finance.sina.com.cn/realstock/company/sz159970/hfq.js,0b21b8bf2ee0909e5fc70c978703900b45c8aa10cefe7c29ea287468ad1f28dc
SZ159971,2025-12-02,2025-12-02,2025-12-02,0.0,2.0,unknown_not_provided_by_sina_hfq,SZ159971~2025-12-02,https://finance.sina.com.cn/realstock/company/sz159971/hfq.js,c8fc8c41a315bbf6c61c582a7479877bb8d6a3fd5f1d67954ec8f0ced0bcc1ad
SZ159975,2021-01-29,2021-01-29,2021-01-29,0.0,10.000131096,unknown_not_provided_by_sina_hfq,SZ159975~2021-01-29,https://finance.sina.com.cn/realstock/company/sz159975/hfq.js,6bffa4210813566befac2dc7a0feae27491c8dc613a0a2121ceb8eb69d3d8eb5
SZ159977,2025-09-15,2025-09-15,2025-09-15,0.0,2.0,unknown_not_provided_by_sina_hfq,SZ159977~2025-09-15,https://finance.sina.com.cn/realstock/company/sz159977/hfq.js,81a2646dc392d22b8231247de023f4d6f6d8be9f9455caac6539ef998945cc67
SZ159991,2021-01-27,2021-01-27,2021-01-27,0.0,2.839985106,unknown_not_provided_by_sina_hfq,SZ159991~2021-01-27,https://finance.sina.com.cn/realstock/company/sz159991/hfq.js,3a66e0e39ca0f048753fa40f91c33534fddf0f8d9749df70f9a6cebe9d8399d2
SZ159994,2026-02-09,2026-02-09,2026-02-09,0.0,2.0,unknown_not_provided_by_sina_hfq,SZ159994~2026-02-09,https://finance.sina.com.cn/realstock/company/sz159994/hfq.js,7726d12a969cff7920222e02fb2e66237b44b1f3deb217bda119f3fcf6b86343
SZ159995,2026-07-07,2026-07-07,2026-07-07,0.0,2.0,unknown_not_provided_by_sina_hfq,SZ159995~2026-07-07,https://finance.sina.com.cn/realstock/company/sz159995/hfq.js,50a191a25e067f59d2b62cc4f6b81b0ae3f255a891597978fb92b3b380addedf
