tree
version=v4
num_class=1
num_tree_per_iteration=1
label_index=0
max_feature_idx=162
objective=regression
feature_names=KMID KLEN KMID2 KUP KUP2 KLOW KLOW2 KSFT KSFT2 OPEN0 HIGH0 LOW0 VWAP0 ROC5 ROC10 ROC20 ROC30 ROC60 MA5 MA10 MA20 MA30 MA60 STD5 STD10 STD20 STD30 STD60 BETA5 BETA10 BETA20 BETA30 BETA60 RSQR5 RSQR10 RSQR20 RSQR30 RSQR60 RESI5 RESI10 RESI20 RESI30 RESI60 MAX5 MAX10 MAX20 MAX30 MAX60 MIN5 MIN10 MIN20 MIN30 MIN60 QTLU5 QTLU10 QTLU20 QTLU30 QTLU60 QTLD5 QTLD10 QTLD20 QTLD30 QTLD60 RANK5 RANK10 RANK20 RANK30 RANK60 RSV5 RSV10 RSV20 RSV30 RSV60 IMAX5 IMAX10 IMAX20 IMAX30 IMAX60 IMIN5 IMIN10 IMIN20 IMIN30 IMIN60 IMXD5 IMXD10 IMXD20 IMXD30 IMXD60 CORR5 CORR10 CORR20 CORR30 CORR60 CORD5 CORD10 CORD20 CORD30 CORD60 CNTP5 CNTP10 CNTP20 CNTP30 CNTP60 CNTN5 CNTN10 CNTN20 CNTN30 CNTN60 CNTD5 CNTD10 CNTD20 CNTD30 CNTD60 SUMP5 SUMP10 SUMP20 SUMP30 SUMP60 SUMN5 SUMN10 SUMN20 SUMN30 SUMN60 SUMD5 SUMD10 SUMD20 SUMD30 SUMD60 VMA5 VMA10 VMA20 VMA30 VMA60 VSTD5 VSTD10 VSTD20 VSTD30 VSTD60 WVMA5 WVMA10 WVMA20 WVMA30 WVMA60 VSUMP5 VSUMP10 VSUMP20 VSUMP30 VSUMP60 VSUMN5 VSUMN10 VSUMN20 VSUMN30 VSUMN60 VSUMD5 VSUMD10 VSUMD20 VSUMD30 VSUMD60 ORC_TREND_PATH_CROWD_20 ORC_TREND_ACCEL_UNCROWDED_5_20 ORC_TREND_STREAK_EXHAUST_12 ORC_TREND_RSQR_STRESS_20 ORC_TREND_ACCEL_GAP_10_30
feature_infos=[-0.15450645983219147:0.33106967806816101] [0:0.33106967806816101] [-1:1] [0:0.27153289318084717] [0:1] [0:0.19577737152576447] [0:1] [-0.31147539615631104:0.33106967806816101] [-1:1] [0.75127547979354858:1.1827411651611328] [1:1.365384578704834] [0.75127547979354858:1] [0.90894031524658203:1.0877940654754639] [0.62103557586669922:1.6790908575057983] [0.58417785167694092:1.8924485445022583] [0.46860837936401367:2.2146341800689697] [0.45439684391021729:2.740487813949585] [0.36440131068229675:2.649662971496582] [0.8043818473815918:1.3455072641372681] [0.71110033988952637:1.4951817989349365] [0.61736243963241577:1.7117466926574707] [0.56646168231964111:1.9959673881530762] [0.4937971830368042:1.8649090528488159] [0:0.26957115530967712] [0:0.32280367612838745] [0:0.36472421884536743] [0:0.57258552312850952] [0:0.50059491395950317] [-0.16409091651439667:0.17131471633911133] [-0.11732283234596252:0.17131471633911133] [-0.11732283234596252:0.17131471633911133] [-0.11732283234596252:0.17131471633911133] [-0.11732283234596252:0.17131471633911133] [0:1] [0:1] [0:1] [0:1] [0:1] [-0.11478264629840851:0.13264167308807373] [-0.24554997682571411:0.20802642405033112] [-0.40848860144615173:0.27287426590919495] [-0.44566619396209717:0.27581575512886047] [-0.96870207786560059:0.33257237076759338] [1:1.6472727060317993] [1:1.9298244714736938] [1:2.2439024448394775] [1:3.3160974979400635] [1:3.3160974979400635] [0.58144122362136841:1] [0.54045307636260986:1] [0.4660193920135498:1] [0.43721681833267212:1] [0.33789625763893127:1] [0.86334514617919922:1.4843636751174927] [0.78309857845306396:1.7869091033935547] [0.69682848453521729:2.054157018661499] [0.62161809206008911:2.423609733581543] [0.56576049327850342:2.3250908851623535] [0.70860719680786133:1.2689855098724365] [0.58504855632781982:1.4057971239089966] [0.49352750182151794:1.5574545860290527] [0.47533980011940002:1.5740000009536743] [0.38890489935874939:1.5950908660888672] [0.20000000298023224:1] [0.10000000149011612:1] [0.05000000074505806:1] [0.033333335071802139:1] [0.01666666753590107:1] [0:1] [0:1] [0:1] [0:1] [0:1] [0.20000000298023224:1] [0.10000000149011612:1] [0.05000000074505806:1] [0.033333335071802139:1] [0.01666666753590107:1] [0.20000000298023224:1] [0.10000000149011612:1] [0.05000000074505806:1] [0.033333335071802139:1] [0.01666666753590107:1] [-0.80000001192092896:0.80000001192092896] [-0.89999997615814209:0.89999997615814209] [-0.94999998807907104:0.94999998807907104] [-0.96666663885116577:0.96666663885116577] [-0.98333334922790527:0.98333334922790527] [-1:1] [-1:1] [-1:1] [-1:1] [-1:1] [-1:1] [-1:1] [-1:1] [-1:1] [-1:1] [0:1] [0:1] [0:0.89999997615814209] [0:0.8888888955116272] [0:0.8888888955116272] [0:1] [0:1] [0:0.89999997615814209] [0:0.8571428656578064] [0:0.8571428656578064] [-1:1] [-1:1] [-0.83333331346511841:0.8888888955116272] [-0.83333331346511841:0.8888888955116272] [-0.83333331346511841:0.8888888955116272] [0:1] [0:1] [0:1] [0:1] [0:1] [0:1] [0:1] [0:1] [0:1] [0:1] [-1:1] [-1:1] [-1:1] [-1:1] [-1:1] [0.20013266801834106:26452.083984375] [0.10012400150299072:23627.859375] [0.050104878842830658:26698.134765625] [0.033777147531509399:28136.5] [0.017187755554914474:26107.111328125] [0.00080492562847211957:59102.5] [0.0021778203081339598:49210.34375] [0.0021778203081339598:56418.4921875] [0.0021778203081339598:57003.12109375] [0.0021778203081339598:42065.70703125] [0:2.2360680103302002] [0:3.1615598201751709] [0:4.4708261489868164] [0:5.4656624794006348] [0:7.5986995697021484] [0:1] [0:1] [0:1] [0:1] [0:1] [0:1] [0:1] [0:1] [0:1] [0:1] [-1:1] [-1:1] [-1:1] [-1:1] [-1:1] [-0.7596813440322876:1.679181694984436] [-0.084833331406116486:0.049399454146623611] [-3.7620944976806641:5.0776824951171875] [0:2.056443452835083] [-78937640:33658216]
tree_sizes=3095 3080 3095 3071 3073 3037 3008 2954 3100 3081 3077 2949 3136 3108 3066 3081 3078 3063 2981 3132 3103 3095 3099 3064 3017 3129 3039 3028 3100 3060 3026 3091 3047 3037 3107 3070 3093 2988 3045 3039

Tree=0
num_leaves=31
num_cat=0
split_feature=27 86 25 29 42 6 42 137 41 42 25 10 9 57 36 162 57 1 29 138 24 36 6 113 36 7 10 46 107 14
split_gain=137.883 127.623 97.1662 56.2781 85.6838 71.7141 64.0427 57.4685 52.631 53.5968 51.7788 87.6465 62.2329 62.3955 57.4617 49.9559 49.8799 70.4052 51.726 49.4953 55.6981 48.5442 44.5747 41.6578 55.1441 40.8031 40.0843 38.0817 38.1759 37.9328
threshold=0.092328459024429335 -0.58333334326744068 0.012410786934196951 -0.00062755055841989804 -0.077859010547399507 0.15384439378976825 0.12005405128002168 0.52995488047599804 -0.031841535121202462 0.079758316278457655 0.042319050058722503 1.0169082283973696 1.0316528677940371 1.167222857475281 0.053017925471067436 0.48984654247760778 0.88306891918182384 0.03812129236757756 0.010921885725110771 0.49768894910812383 0.025968584232032303 0.8265923559665681 0.36363442242145544 0.60402685403823864 0.88836807012557995 0.017274231649935249 1.0191387534141543 1.0786896347999575 0.48749218881130224 1.064319431781769
decision_type=8 2 10 10 10 10 10 10 10 10 8 10 10 10 10 10 8 10 10 10 10 10 10 10 10 10 10 10 2 10
left_child=2 19 26 4 5 -4 10 8 -6 -10 12 25 13 -5 -13 -8 22 23 21 -2 -21 -19 -3 24 -18 -12 -1 -22 -29 -7
right_child=1 16 3 6 7 29 15 -9 9 -11 11 14 -14 -15 -16 -17 17 18 -20 20 27 -23 -24 -25 -26 -27 -28 28 -30 -31
leaf_value=0.0015597733332372147 -0.0017726671860481384 -0.013862098706435386 -0.0010024739929116941 -6.1030507113763705e-05 4.4143326217389785e-10 0.0099061560158614642 0.0030373113115103405 -7.8916732694234211e-05 -0.0020770501432033754 0.016289334065965704 -0.0013261162114278 0.018345441834624464 -0.0069915134146831173 0.006806666609105499 0.0044589149192460634 -0.010182882510770271 0.00029281868556417181 0.0013748940535301577 0.014481824432810143 0.00017211893542047794 -0.0062296136550619536 0.010990554523500135 0.0026953176725519412 -0.0037772651750969393 0.014920532898023123 0.0030875981925672065 -0.0039090875027216363 0.0012875005557120899 0.011076713039538487 0.0030177322307146865
leaf_weight=32280 493 357 3397 97925 14357 1018 301 34123 53905 120 5325 293 1132 1185 3714 920 4011 2729 424 806 102 584 187 2266 230 2877 1205 492 3085 3261
leaf_count=32280 493 357 3397 97925 14357 1018 301 34123 53905 120 5325 293 1132 1185 3714 920 4011 2729 424 806 102 584 187 2266 230 2877 1205 492 3085 3261
internal_value=1.28322e-05 0.00273537 -0.000153 -0.000379536 -0.000862873 0.00217754 8.63881e-05 -0.00109386 -0.00159576 -0.00202469 0.000163763 0.00200739 -5.81459e-05 1.94129e-05 0.00563489 -0.00668568 0.000865598 0.00136628 0.00464408 0.00670772 0.00771022 0.00321569 -0.00774482 -0.00047868 0.00122283 0.000189331 0.0013518 0.00927072 0.0098283 0.00476478
internal_weight=273104 15766 257338 223853 110181 7676 113672 102505 68382 54025 112451 12209 100242 99110 4007 1221 10788 10244 3737 4978 4485 3313 544 6507 4241 8202 33485 3679 3577 4279
internal_count=273104 15766 257338 223853 110181 7676 113672 102505 68382 54025 112451 12209 100242 99110 4007 1221 10788 10244 3737 4978 4485 3313 544 6507 4241 8202 33485 3679 3577 4279
is_linear=0
shrinkage=1


Tree=1
num_leaves=31
num_cat=0
split_feature=16 26 39 27 33 64 86 159 49 91 33 118 36 1 120 158 15 24 158 2 159 49 113 48 3 80 56 141 33 73
split_gain=182.403 92.8646 85.721 77.8875 84.1561 64.4406 60.941 58.5363 51.757 81.3845 110.808 50.5714 47.9949 74.8779 65.8479 47.0549 44.0105 43.1775 38.2233 52.6124 45.1427 42.201 53.7254 43.6731 37.3219 42.9675 36.9719 34.885 36.1504 32.5489
threshold=1.2206377983093264 0.021392118185758594 0.019643191248178486 0.0761079676449299 0.26178121566772466 0.44722221791744238 -0.81666666269302357 -0.0013450285186991093 0.8330044448375703 0.27119196951389318 0.88040038943290722 0.22047246992588046 0.80461445450782787 0.055469902232289321 0.69607850909233104 0.23827787488698962 0.88408231735229503 0.045104321092367179 -0.044174479320645325 -0.41176427900791163 0.0032858143094927077 0.86216032505035411 0.98000028729438793 0.90226417779922496 0.0070921881124377259 0.12500000372529033 1.1637761592864992 0.84728437662124645 0.6713005304336549 0.30000000447034841
decision_type=10 10 10 10 8 10 2 10 10 10 10 10 10 10 10 8 10 10 8 10 10 10 10 10 10 2 10 10 10 8
left_child=1 5 3 4 24 29 7 -6 9 10 -5 -8 -2 14 26 16 -10 -15 20 -20 -4 22 -21 -23 -3 -26 -14 -16 -29 -1
right_child=12 2 18 8 6 -7 11 -9 15 -11 -12 -13 13 17 27 -17 -18 -19 19 21 -22 23 -24 -25 25 -27 -28 28 -30 -31
leaf_value=0.00056957350751375897 0.0027984811257306852 -0.0011522345862640792 -0.00023414868878929832 0.021965578918321692 -0.0041339954461030708 0.0014342838971206358 -0.0010763836032364606 -0.00015555069828961316 0.004425355362524374 -0.0045464961590002692 -0.0039653098500232291 0.00061071448189127357 0 0.0011605766939705815 -0.0075378401358421809 -0.010037676791066874 0.0006286263179629772 0.024269819875828727 -0.011844733166053629 -0.011399574853202015 0.012740853362602694 0.0027177431243692821 0.001784613251873416 -0.0025221281447967295 -0.0067755219764883993 -0.0020986600310311733 0.01885928574308781 -0.0027826418233882692 0.01012941711653823 -0.0012237774937498168
leaf_weight=19976 2063 30855 1118 454 6055 47480 20788 7731 3309 264 182 68219 127 125 274 313 17657 393 556 942 274 1518 333 14486 2463 7516 379 285 424 16560
leaf_count=19976 2063 30855 1118 454 6055 47480 20788 7731 3309 264 182 68219 127 125 274 313 17657 393 556 942 274 1518 333 14486 2463 7516 379 285 424 16560
internal_value=-2.40942e-05 -0.000120765 -0.000497271 -0.000275203 -0.000532256 0.000704787 -7.14165e-05 -0.00192813 0.00137489 0.00839075 0.0141931 0.000213162 0.00626233 0.00961209 0.0057601 0.00105647 0.00124579 0.0195013 -0.00239444 -0.00277598 0.00225166 -0.00245347 -0.00775013 -0.00200363 -0.0016844 -0.00329424 0.0143714 0.00083014 0.00459363 -0.000235284
internal_weight=273119 269049 185033 165806 143627 84016 102793 13786 22179 900 636 89007 4070 2007 1489 21279 20966 518 19227 17835 1392 17279 1275 16004 40834 9979 506 983 709 36536
internal_count=273119 269049 185033 165806 143627 84016 102793 13786 22179 900 636 89007 4070 2007 1489 21279 20966 518 19227 17835 1392 17279 1275 16004 40834 9979 506 983 709 36536
is_linear=0
shrinkage=0.03


Tree=2
num_leaves=31
num_cat=0
split_feature=16 29 57 115 57 0 35 42 17 39 10 51 23 36 140 24 111 61 33 78 45 42 138 15 15 97 17 161 60 84
split_gain=153.124 74.5586 75.9726 67.7932 88.3325 65.4692 57.4145 61.7202 70.3198 70.3167 76.9289 57.4789 52.5338 57.9518 84.938 48.3515 53.1995 48.3371 46.5756 65.3741 55.4101 45.2041 42.827 41.6328 38.9669 38.3623 38.0086 34.7291 32.7243 32.6866
threshold=1.2206377983093264 -0.0013969257706776259 1.1707749962806704 0.74207225441932689 0.92394757270812999 0.029829532839357856 0.82423430681228649 0.065921377390623107 1.0552440881729128 0.022993783466517929 1.0162225365638735 0.97481110692024242 0.017329806461930278 0.80461445450782787 0.76692378520965587 0.049329595640301711 0.13188406080007556 1.0644010305404665 0.2562058717012406 0.30000000447034841 1.0303369760513308 -0.070793412625789628 0.58936071395874035 0.9279364049434663 0.9157715141773225 0.01513184327632189 1.302364230155945 0.89752116799354564 0.89853191375732433 0.75000000000000011
decision_type=10 8 10 10 8 8 10 10 10 10 10 10 10 10 10 10 2 10 8 10 8 10 10 8 8 10 10 10 10 2
left_child=1 6 3 4 15 29 7 8 9 21 -11 17 -2 27 -15 22 -17 -8 20 -20 -6 -1 -3 -10 -9 -25 -13 -14 -7 -5
right_child=12 2 -4 5 18 28 11 24 23 10 -12 26 13 14 -16 16 -18 -19 19 -21 -22 -23 -24 25 -26 -27 -28 -29 -30 -31
leaf_value=0.0024791237122547493 -0.0014688350786735977 -0.0011045705571218773 0.0042660289212688293 -0.0026383635046754428 0.00054632559637579972 -0.011031495654186168 -0.0028472247651276988 0.019200675624027233 0.0079925255632170514 -0.0028727044462088912 -0.019362010164186358 0.0023474930962678231 0.00048889251005888401 -0.0013382073331158607 0.014554551927860669 0.012414336829473648 -0.0092461038229716477 0.0097307142033059152 -0.00021667035086735939 0.0013529317313332259 -0.0015956339242901877 -0.00032863315481833447 0.0091016499840403126 -0.00095678822580350391 0.00019168840740423868 -0.0029173475354018477 -0.0088433279193834285 0.010880336903028639 0 0.00071051562638854194
leaf_weight=5802 676 385 4335 5815 21920 961 4019 199 341 3732 265 11594 1323 340 1370 116 338 267 41370 55540 21268 45369 2022 16252 235 21852 250 379 267 4553
leaf_count=5802 676 385 4335 5815 21920 961 4019 199 341 3732 265 11594 1323 340 1370 116 338 267 41370 55540 21268 45369 2022 16252 235 21852 250 379 267 4553
internal_value=2.61769e-05 -6.04775e-05 0.00035413 0.000241929 0.000422691 -0.00195761 -0.000661075 -0.000946319 -0.00100254 -0.000309477 -0.00413158 0.000982592 0.00577522 0.00729805 0.0112422 0.00562876 -0.00278851 -0.00195244 0.000313446 0.000679881 -0.000501793 -3.57235e-06 0.0073499 -0.00198861 0.0100305 -0.00208995 0.00207148 0.00307656 -0.00848877 -0.00114032
internal_weight=273155 269067 158890 154555 142959 11596 110177 94047 93613 55168 3997 16130 4088 3412 1710 2861 454 4286 140098 96910 43188 51171 2407 38445 434 38104 11844 1702 1228 10368
internal_count=273155 269067 158890 154555 142959 11596 110177 94047 93613 55168 3997 16130 4088 3412 1710 2861 454 4286 140098 96910 43188 51171 2407 38445 434 38104 11844 1702 1228 10368
is_linear=0
shrinkage=0.03


Tree=3
num_leaves=31
num_cat=0
split_feature=16 26 27 33 42 64 51 35 17 158 158 11 103 61 33 30 40 44 162 14 159 0 162 42 6 3 12 36 80 23
split_gain=159.76 80.2686 80.9387 80.4289 80.6216 57.0659 50.9058 49.8849 78.1934 49.0891 61.8622 55.712 53.8789 51.0724 47.6112 47.339 43.3787 41.0227 45.7873 39.7223 37.3698 36.7535 35.6768 50.4087 36.015 34.2251 36.4661 31.2945 30.3123 29.3313
threshold=1.2394970059394839 0.019933737814426426 0.075317058712244048 0.2562058717012406 0.12005405128002168 0.47499999403953558 0.75565457344055187 0.54862952232360851 1.0503394007682803 0.17876823246479037 0.050342101603746421 0.97153580188751232 0.77500000596046459 0.84784018993377697 0.96601486206054699 -0.0069329803809523574 -0.02677898574620485 1.0387821793556216 2.1992629766464238 0.97511109709739696 -0.0040151264984160653 0.035850467160344131 0.32798777520656591 0.02955726254731417 0.29411731660366064 0.020266810432076458 0.99776998162269603 0.18919391185045245 0.22500000149011615 0.016468620859086517
decision_type=10 10 10 8 10 10 10 10 10 8 10 10 2 10 10 10 8 10 10 10 10 10 10 10 10 10 10 10 2 10
left_child=1 5 3 17 7 -1 -6 8 -5 10 11 12 -4 -13 15 29 -9 18 19 -3 -19 25 23 -12 -24 26 -11 -20 -8 -2
right_child=14 2 9 4 6 -7 28 16 -10 21 22 13 -14 -15 -16 -17 -18 20 27 -21 -22 -23 24 -25 -26 -27 -28 -29 -30 -31
leaf_value=-0.00015148033441169225 0 -0.0029423726507843439 0.0024819734664287703 8.2152423992137442e-05 -0.00019078686166832952 0.0015524641490920505 -0.025253602563757943 0.0030205247967651861 -0.002076220982747538 0.00050574820142737314 0.0017112450697293554 -0.009586644708134728 0.012700905798774458 0.00036761396296689419 -0.0077075603615495225 0.0014897623415497071 0.00019972015932339464 -0.0093883092782021029 0.00062069400368122197 -0.00046435690494933126 -0.0024706977682183791 -0.017370156922650284 -0.0051241910349690018 0.01116774193917607 0.0066702575067125198 0.0094732331655941592 -0.01239013537696412 0.0087206328057880516 -0.0048342658088557297 0.011520734865705925
leaf_weight=31554 205 8891 3884 38885 308 39390 206 5436 24425 369 981 454 539 20106 156 878 52478 752 1537 17920 18211 173 496 1287 404 149 320 634 169 1801
leaf_count=31554 205 8891 3884 38885 308 39390 206 5436 24425 369 981 454 539 20106 156 878 52478 752 1537 17920 18211 173 496 1287 404 149 320 634 169 1801
internal_value=1.79126e-06 -7.43672e-05 -0.000384242 -0.00063605 -0.000223706 0.000790538 -0.0103607 -0.000162418 -0.000746204 0.00107155 0.00131473 0.000797663 0.00384637 0.000124127 0.00681913 0.00775588 0.00047062 -0.00167771 -0.00095098 -0.00129887 -0.00277043 -0.00530298 0.00526766 0.00725926 0 -0.00211531 -0.00524106 0.00318107 -0.0175215 0.0103086
internal_weight=272998 269958 199014 169852 121907 70944 683 121224 63310 29162 28151 24983 4423 20560 3040 2884 57914 47945 28982 26811 18963 1011 3168 2268 900 838 689 2171 375 2006
internal_count=272998 269958 199014 169852 121907 70944 683 121224 63310 29162 28151 24983 4423 20560 3040 2884 57914 47945 28982 26811 18963 1011 3168 2268 900 838 689 2171 375 2006
is_linear=0
shrinkage=0.03


Tree=4
num_leaves=31
num_cat=0
split_feature=16 26 27 33 40 45 18 86 159 44 38 33 30 1 161 18 49 64 159 162 1 39 33 4 43 138 25 33 13 69
split_gain=121.886 88.5738 76.1191 79.4385 63.2978 58.2558 83.1184 52.4561 52.2905 51.8306 50.0501 49.5445 57.104 49.3497 49.3148 47.9875 55.8911 45.7264 45.1965 42.4559 42.1048 41.4696 44.5693 41.0461 36.7 36.3728 36.0003 48.9451 33.8127 32.2523
threshold=1.2206377983093264 0.021769763901829723 0.074487730860710158 0.34483984112739569 0.026447542011737827 1.1177077889442446 1.0396255850791933 -0.81666666269302357 -0.0017931958427652714 1.0409234166145327 -0.001645433949306607 0.96601486206054699 -0.0071641574613749972 0.036224953830242164 0.33861081302165991 0.94259545207023632 0.8330044448375703 0.4083333313465119 -0.0039169909432530394 2.4948650598526005 0.033147407695651061 0.019643191248178486 0.88932564854621898 0.58620762825012218 1.0592244267463686 1.0703798532485964 0.03077192418277264 0.65942704677581798 0.96370580792427074 0.2499995902180672
decision_type=10 10 10 8 8 10 10 2 10 10 8 10 10 10 8 10 10 10 10 10 10 10 10 10 10 8 10 10 10 10
left_child=1 13 3 9 7 6 15 8 -5 10 19 12 -2 17 -9 25 -17 -1 24 -3 -12 -6 -23 26 -11 -4 -7 -28 -15 -20
right_child=11 2 5 4 21 23 -8 14 -10 18 20 -13 -14 28 -16 16 -18 -19 29 -21 -22 22 -24 -25 -26 -27 27 -29 -30 -31
leaf_value=0 0.0083837150673449629 0 -0.015219004028476774 -0.0041085745390770315 -0.0008401302554893131 -0.009969603166746388 0.013677172419569242 -0.000505159922593048 -0.00012192028048731896 -0.0045882354733673561 -0.00245708017499198 -0.0086893939615360332 0.00049201440001654976 0.0013497493119306605 0.0010716077269602186 0.0087344834788826084 0.001258076313145123 0.0013975283149208278 -0.0010355022560635007 0.0066610887488495318 0.0015078153435502705 -0.0059013678071401041 0 -0.0081494231263063276 -0.016454202862375828 0.0031222805048206023 -0.0020834528459474293 0.0030270686584013898 -0.0061903191821573609 -0.0036082763237713822
leaf_weight=37067 2629 11851 250 4984 10034 327 498 31777 7656 952 17085 190 1324 718 40225 944 19329 47983 8186 911 2694 3829 1634 693 371 106 4250 2765 1539 10607
leaf_count=37067 2629 11851 250 4984 10034 327 498 31777 7656 952 17085 190 1324 718 40225 944 19329 47983 8186 911 2694 3829 1634 693 371 106 4250 2765 1539 10607
internal_value=-3.72009e-05 -0.000117039 -0.000494869 -0.000763997 -0.0002643 0.000904519 0.00173697 5.51501e-05 -0.00172158 -0.00170813 -0.000953385 0.00505524 0.0058318 0.000666903 0.000371613 0.00142122 0.00162926 0.000786331 -0.00291199 0.000492332 -0.00190091 -0.00202624 -0.00413905 -0.00124593 -0.00833459 -0.00908437 -0.000533199 -2.35903e-05 -0.00366912 -0.00250585
internal_weight=273408 269265 181958 152796 100139 29162 21127 84642 12640 52657 32541 4143 3953 87307 72002 20629 20273 85050 20116 12762 19779 15497 5463 8035 1323 356 7342 7015 2257 18793
internal_count=273408 269265 181958 152796 100139 29162 21127 84642 12640 52657 32541 4143 3953 87307 72002 20629 20273 85050 20116 12762 19779 15497 5463 8035 1323 356 7342 7015 2257 18793
is_linear=0
shrinkage=0.03


Tree=5
num_leaves=31
num_cat=0
split_feature=16 26 38 26 58 49 49 3 117 49 160 123 138 159 33 33 161 23 122 62 11 27 121 24 2 40 113 142 97 161
split_gain=132.618 66.1958 75.8259 90.1414 87.8271 83.4491 62.2839 110.917 89.1583 52.2307 63.6279 50.7567 48.6467 47.9021 45.6121 43.0019 41.0324 54.3753 40.4046 39.9025 38.6719 55.6398 37.4513 36.0013 65.0126 37.811 34.8465 31.0238 40.3222 30.1278
threshold=1.2394970059394839 0.019933737814426426 -0.00081632685032673169 0.069893267005682005 0.90896162390708934 0.85446846485137951 0.8330044448375703 0.010563364718109371 0.54936933517456066 0.91315093636512767 0.3111101239919663 0.10526307299733163 0.61480334401130687 0.0032084103440865879 0.35019074380397802 0.96601486206054699 0.73816853761672985 0.016468620859086517 0.59611991047859203 1.0852662920951845 0.97153580188751232 0.058048976585268981 0.31352818012237554 0.027736262418329719 -0.90909138321876515 -0.034799998626112931 0.83333334326744091 1.9393044710159304 0.18018047511577609 0.31734693050384527
decision_type=10 10 10 10 10 10 10 10 10 10 10 8 10 10 10 10 10 10 10 10 10 10 10 10 10 10 10 10 8 10
left_child=1 11 3 20 5 27 7 8 -6 10 12 -1 -5 14 -8 16 -2 -18 -15 -19 21 -3 -11 25 -25 -22 -9 28 -4 -24
right_child=15 2 4 9 6 -7 13 26 -10 22 -12 -13 -14 18 -16 -17 17 19 -20 -21 23 -23 29 24 -26 -27 -28 -29 -30 -31
leaf_value=0 0.003084550950871086 -0.0015091910379810478 -0.0085691066733385723 -0.00018649493627452169 0.021941049617953009 0.0042695515050552779 -0.00149551777436358 0 -0.000874724765767598 -0.0068053282453691454 -0.00073499034941749693 0.0016198074483870955 0.013648556252844987 -0.0029746508686942143 -8.9847453215633705e-05 -0.008153473630467532 -0.0062280922155193187 0 0.0015122022435987341 0.014709801868472329 0.0027797951673650674 0.010677109520529459 -0.0015795459472024167 -0.0076803875092007357 -0.00073079137117855713 4.704257109172924e-05 -0.020871502873828496 -0.0009461081286530887 -0.032030876301936441 0.0050491085034750759
leaf_weight=40777 1428 548 192 229 399 180 34378 117 203 377 485 30124 1196 14429 53726 143 121 209 1958 1123 4907 711 818 1310 15989 64319 103 114 188 1870
leaf_count=40777 1428 548 192 229 399 180 34378 117 203 377 485 30124 1196 14429 53726 143 121 209 1958 1123 4907 711 818 1310 15989 64319 103 114 188 1870
internal_value=-2.76089e-05 -9.89897e-05 -0.000380707 0.000243081 -0.000929413 -0.0116022 -0.00085607 0.00723157 0.0139843 0.00416346 0.00807204 0.000686359 0.0112458 -0.000923935 -0.000641956 0.00619763 0.00706467 0.0106776 -0.00241906 0.0125047 1.6586e-05 0.00519761 0.00159398 -5.65189e-05 -0.00128265 0.00024583 -0.00962189 -0.0179102 -0.0219477 0.00292436
internal_weight=272671 269647 198746 92759 105987 674 105313 822 602 4975 1910 70901 1425 104491 88104 3024 2881 1453 16387 1332 87784 1259 3065 86525 17299 69226 220 494 380 2688
internal_count=272671 269647 198746 92759 105987 674 105313 822 602 4975 1910 70901 1425 104491 88104 3024 2881 1453 16387 1332 87784 1259 3065 86525 17299 69226 220 494 380 2688
is_linear=0
shrinkage=0.03


Tree=6
num_leaves=31
num_cat=0
split_feature=16 25 55 49 36 85 85 25 81 42 23 49 30 140 34 4 43 35 12 26 113 1 36 23 69 5 10 31 78 1
split_gain=141.156 80.8562 54.5637 84.5481 75.3743 58.0923 54.0427 58.001 99.0557 57.5825 56.7899 55.6135 47.3547 50.2566 45.3668 81.7384 82.2208 61.6104 48.2776 41.2395 41.7609 40.2013 35.7361 35.627 33.8875 38.6518 33.2985 31.6476 31.0434 28.5316
threshold=1.2206377983093264 0.012410786934196951 0.93731585144996654 0.8330044448375703 0.80770382285118114 0.82500001788139354 0.37500000000000006 0.042319050058722503 0.61666667461395275 -0.077859010547399507 0.0083423661999404448 0.87457564473152172 -0.0069329803809523574 0.82000133395195018 0.51552367210388195 0.40000240504741674 1.0246306061744692 0.7764699161052705 0.99101302027702343 0.046242590993642814 0.91666629910469066 0.018544884398579601 0.80461445450782787 0.016468620859086517 0.95370346307754528 0.0096286037005484122 1.0191387534141543 0.00078220220166258525 0.30000000447034841 0.041100084781646735
decision_type=10 10 10 10 10 2 2 10 2 10 10 10 10 10 10 10 10 10 10 10 10 8 10 10 10 10 10 8 10 10
left_child=1 26 4 14 5 19 9 11 -9 10 -5 -8 13 -2 18 17 -17 -16 -4 28 -21 -11 -15 -24 -6 -26 -1 -28 -3 -20
right_child=12 2 3 6 24 -7 7 8 -10 21 -12 -13 -14 22 15 16 -18 -19 29 20 -22 -23 23 -25 25 -27 27 -29 -30 -31
leaf_value=0.0015208617296086559 7.5781210046227155e-05 -0.0015955090321637766 -0.014684457514675306 0.015877564084058788 -0.0021855466054566206 -0.016771128848121094 0.010084950506596671 0.0018373411974161827 0.018691317759569247 -0.00019799596441872098 0.0013466835710233926 -1.521151622446032e-05 0.00050709821839255327 0.0047892384774905483 0.020536656807877918 -0.016438833956154329 0.014009427202629371 -0.00035378852536027526 -0.0020428471884224564 -0.016587076028585491 0 -0.0012047884869915864 0 0.015463923637851824 7.7559748015394709e-05 0.023608865398092298 -0.0065163091081807288 0.0029613472664883978 0.015053156799248119 0.017265815798193217
leaf_weight=32973 657 381 135 235 355 515 474 11739 308 72460 8361 65477 1255 894 549 155 122 127 100 303 241 71978 157 1060 178 107 892 421 107 100
leaf_count=32973 657 381 135 235 355 515 474 11739 308 72460 8361 65477 1255 894 549 155 122 127 100 303 241 71978 157 1060 178 107 892 421 107 100
internal_value=5.10179e-05 -3.15579e-05 -0.000231632 -0.000185674 -0.00493183 -0.00853774 -0.000229975 0.00041044 0.00232337 -0.00055835 0.00181469 5.58678e-05 0.00561531 0.0078035 0.00741327 0.0107358 -0.00197797 0.0162836 -0.00126573 -0.00390313 -0.00953553 -0.000701886 0.0100445 0.0135226 0.0033244 0.0108645 0.00132749 -0.0032535 0.00191329 0.0069398
internal_weight=272816 268793 234507 232320 2187 1547 231032 77998 12047 153034 8596 65951 4023 2768 1288 953 277 676 335 1032 544 144438 2111 1217 640 285 34286 1313 488 200
internal_count=272816 268793 234507 232320 2187 1547 231032 77998 12047 153034 8596 65951 4023 2768 1288 953 277 676 335 1032 544 144438 2111 1217 640 285 34286 1313 488 200
is_linear=0
shrinkage=0.03


Tree=7
num_leaves=31
num_cat=0
split_feature=16 25 86 55 49 10 33 40 41 51 46 40 126 105 23 59 12 10 30 79 1 122 122 83 11 119 1 1 51 85
split_gain=115.892 71.0858 67.8878 67.649 68.1282 58.2867 62.4229 53.2091 62.109 46.3192 44.9193 47.8357 44.2168 51.8925 43.1466 38.5892 38.54 41.9158 38.4289 33.9655 30.2266 67.6659 31.2525 29.7849 28.1985 52.532 30.5927 28.048 30.9059 26.0389
threshold=1.2394970059394839 0.012410786934196951 0.81666666269302379 0.93731585144996654 0.8330044448375703 1.0077120661735537 0.90932521224021923 -0.033931845799088471 -0.0374193787574768 0.80077409744262706 1.0037141442298891 -0.030343431979417797 0.25000001490116125 0.34166666865348821 0.043943552300333984 0.87291401624679577 1.0204320549964907 1.0198371410369875 -0.010216695722192524 0.65000000596046459 0.051660547032952316 0.62848302721977245 0.62285074591636669 -0.70000001788139332 0.98799082636833202 0.68585437536239635 0.019120405428111557 0.018259963952004913 0.96984371542930614 0.87500000000000011
decision_type=10 10 2 10 8 10 10 10 10 10 10 10 10 2 10 10 10 10 10 2 10 10 10 10 10 10 10 8 8 2
left_child=1 27 3 15 5 14 -7 12 9 -9 19 -12 -4 -14 -5 -3 17 -10 20 -6 22 -22 -2 -15 -20 26 -26 -1 -29 -17
right_child=18 2 7 4 10 6 -8 8 16 -11 11 -13 13 23 -16 29 -18 -19 24 -21 21 -23 -24 -25 25 -27 -28 28 -30 -31
leaf_value=0.0016527660133127838 0.011257881196355447 -0.018134520049206963 0 0.01862392950107794 0.0015332875783618143 0.0050869752889889678 -0.017705165092748672 -0.022031648082009862 0.00085359764311011702 0 0.00090380191779102599 -0.00059861812933169746 -0.0015868968469275031 0.0022083378370319094 -0.00024701560467481614 0 -0.012383851105755383 0.0050675284573707003 -0.00163535384440103 0.010567383291501113 0.004426014386301416 0.024008434135453238 -0.0012059125314570136 0.019450183371052965 0 -0.00013836912418805104 0.017578805728844599 0.0015184558337207822 -0.0026200961068808424 -0.011826413587821046
leaf_weight=28001 280 252 406 402 5095 557 112 158 14827 209 21065 187698 167 169 105 526 158 2531 722 405 404 323 358 462 109 511 332 3174 3208 234
leaf_count=28001 280 252 406 402 5095 557 112 158 14827 209 21065 187698 167 169 105 526 158 2531 722 405 404 323 358 462 109 511 332 3174 3208 234
internal_value=3.34603e-05 -3.12362e-05 -0.00021836 -0.000370756 -0.000332566 0.00679475 0.00043266 0.00149272 0.00105773 -0.0107488 -0.000373715 -0.000445509 0.00758573 0.0116083 0.0142854 -0.00804604 0.00133419 0.00149043 0.00584044 0.00228875 0.00962675 0.0139378 0.00398409 0.0155029 0.00249873 0.00591182 0.013275 0.0012413 -0.00051667 -0.00393708
internal_weight=272960 269921 235538 216451 215439 1176 669 19087 17883 367 214263 208763 1204 798 507 1012 17516 17358 3039 5500 1365 727 638 631 1674 952 441 34383 6382 760
internal_count=272960 269921 235538 216451 215439 1176 669 19087 17883 367 214263 208763 1204 798 507 1012 17516 17358 3039 5500 1365 727 638 631 1674 952 441 34383 6382 760
is_linear=0
shrinkage=0.03


Tree=8
num_leaves=31
num_cat=0
split_feature=22 29 22 40 41 71 26 10 137 10 116 51 41 26 161 123 10 83 27 29 105 85 48 18 28 58 84 43 3 0
split_gain=87.1041 81.7627 81.3254 60.9848 80.9816 62.1638 61.0235 64.5178 59.6096 58.7408 56.6621 68.1763 55.1481 68.7154 88.2087 51.3745 49.8003 44.5215 44.4468 44.166 47.6545 40.549 38.0011 37.0226 36.9518 92.8911 72.7132 37.8419 35.98 32.8891
threshold=1.1661723852157595 -0.0011563174775801597 1.0944202542304995 -0.028458484448492524 -0.039029836654663079 0.56862738728523265 0.021392118185758594 1.0167364478111269 0.54424685239791881 1.0355787277221682 0.33832040429115301 0.9373396933078767 -0.031841535121202462 0.030101267620921138 1.2972686290740969 -0.41935375332832331 1.0203437805175783 -0.3000000044703483 0.047465292736887939 -0.0030129344668239351 0.48684211075305944 0.42499999701976782 0.99684879183769237 1.0176748633384707 -0.02607801184058189 1.043700158596039 -0.74999999999999989 1.0803003907203677 0.014239994343370201 0.0025974030140787367
decision_type=8 8 10 10 10 10 10 10 10 10 10 8 10 10 8 8 10 10 10 10 2 2 10 10 8 10 2 10 10 8
left_child=1 8 3 5 18 9 16 -8 12 -3 11 -2 17 23 21 24 -6 -1 -5 20 -19 -15 -4 -14 25 26 -13 -26 -10 -17
right_child=10 2 22 4 6 -7 7 -9 28 -11 -12 15 13 14 -16 29 -18 19 -20 -21 -22 -23 -24 -25 27 -27 -28 -29 -30 -31
leaf_value=0.00077162152692777626 0.016747535934718522 0.0014372451062876742 0.0055150984303221837 0.0033539280113600712 0.0011812084851550244 0.0048690254887574459 -0.00067545847753215378 0.0014347237863251427 0.00046374356336521214 -0.010460391019661055 -0.00022506762153611375 -0.018893991195336853 -0.00041857112270636808 -0.0037192647596078435 0.0045953146035973601 -0.0087185521380958586 -0.0035387075533636889 -0.012893086739656867 -0.012990397039562637 0.0046365455469453134 -0.0018730697923148674 0.00045166152657625521 -0.0043566819753375905 -0.0038245086293659959 0.0021300403269230049 0.014942939218736309 0.00427367882623982 0.011477005844575767 -0.0041219103295425151 0.0057614633512522023
leaf_weight=16263 458 1451 3641 151 49565 4792 74657 15719 36253 470 1982 238 30429 20696 1298 385 2049 591 625 384 1049 2189 339 3200 728 218 188 1170 1580 175
leaf_count=16263 458 1451 3641 151 49565 4792 74657 15719 36253 470 1982 238 30429 20696 1298 385 2049 591 625 384 1049 2189 339 3200 728 218 188 1170 1580 175
internal_value=-1.63874e-05 -9.47672e-05 0.000355934 0.000240815 0.000107036 0.00303258 0.000162584 -0.000304882 -0.000704421 -0.00139691 0.0036981 0.00595514 -0.00118888 -0.00164362 -0.00286716 0.00416851 0.000986727 0.000232561 -0.00942875 -0.00391723 -0.00613252 -0.00330716 0.00458168 -0.000753663 0.00601936 0 -0.00826396 0.00810788 0.000262233 -0.00363367
internal_weight=272933 267391 153459 149479 142766 6713 141990 90376 113932 1921 5542 3560 76099 57812 24183 3102 51614 18287 776 2024 1640 22885 3980 33629 2542 644 426 1898 37833 560
internal_count=272933 267391 153459 149479 142766 6713 141990 90376 113932 1921 5542 3560 76099 57812 24183 3102 51614 18287 776 2024 1640 22885 3980 33629 2542 644 426 1898 37833 560
is_linear=0
shrinkage=0.03


Tree=9
num_leaves=31
num_cat=0
split_feature=16 29 40 115 14 28 41 85 50 21 61 41 1 161 114 0 79 46 37 82 46 124 87 73 3 23 36 140 138 40
split_gain=110.017 65.5196 86.7815 68.3289 73.1978 102.202 66.1413 61.1343 57.6772 56.0303 54.5215 53.2151 115.209 59.7077 52.3715 51.1531 46.5508 45.8431 63.1065 48.1536 43.939 42.7107 44.4094 41.1674 37.8978 37.8472 44.8348 62.9825 37.7345 37.0848
threshold=1.2206377983093264 -0.0015410915948450563 -0.029080298729240891 0.74207225441932689 0.9111917018890382 0.011475408915430309 -0.0374193787574768 0.67499998211860668 0.95221486687660228 1.008698642253876 0.86075952649116527 -0.030649034306406971 0.018639719113707546 1.3923575282096865 0.87898090481758129 0.029829532839357856 0.84999999403953563 1.082771956920624 0.85078144073486339 0.25833334028720861 1.069396495819092 0.17138372361660006 -0.22500000149011609 0.5000000149011613 0.012077321298420431 0.017329806461930278 0.80461445450782787 0.82000133395195018 0.60786736011505138 -0.015553535893559454
decision_type=10 8 8 10 8 10 8 2 10 10 8 10 10 8 10 8 2 10 10 2 10 10 2 10 10 10 10 10 8 10
left_child=1 11 9 4 5 14 8 -7 -6 21 -8 16 -13 17 -4 29 20 18 -14 -19 24 22 23 -3 -1 -2 -27 -28 -15 -5
right_child=25 2 3 15 6 7 10 -9 -10 -11 -12 12 13 28 -16 -17 -18 19 -20 -21 -22 -23 -24 -25 -26 26 27 -29 -30 -31
leaf_value=0.0049080252123276493 -0.0012159287690381713 0.0054087862624434867 0.0089210844938465688 -0.0076040141856322735 -0.013131225713742463 0.0026752144641766645 0.0052715113248668613 -0.006838011546633509 0 -0.0028599593391464579 0.0001966358203443252 1.1717679480457944e-05 -0.0016270546980862723 0.01726847812570478 -0.00015254031791925394 -0.0077217822863080293 0.0010604052729611068 -0.00054218183436529157 0.0065402447908982355 -0.0040358172150476651 -0.0035844072081987434 0.0011510072623228977 0.0088720896325851263 -0.0076861899389142662 -0.010400487062749715 0.0024448268058411167 0.00023129992703656952 0.013373819640236879 0.0016388741629892825 -0.0007391705716840903
leaf_weight=1078 676 631 2681 766 603 1572 1919 949 513 925 135336 42362 11820 162 644 1275 22962 4700 887 17798 4047 1975 2615 296 139 1705 515 1197 885 9372
leaf_count=1078 676 631 2681 766 603 1572 1919 949 513 925 135336 42362 11820 162 644 1275 22962 4700 887 17798 4047 1975 2615 296 139 1705 515 1197 885 9372
internal_value=9.4795e-06 -6.38919e-05 0.000315059 0.000171569 0.000350281 0.00363578 0.0002088 -0.000813495 -0.00699055 0.0037239 0.000270532 -0.000641504 -0.00104381 -0.00228484 0.00708358 -0.00205709 0.000468306 -0.00250111 -0.00102399 -0.00332042 -0.00205194 0.0048883 0.0068698 0.000836625 0.00277715 0.00487983 0.00617312 0.00964185 0.00461672 -0.00130134
internal_weight=273005 268912 162072 155630 144217 5846 138371 2521 1116 6442 137255 106840 78614 36252 3325 11413 28226 35205 12707 22498 5264 5517 3542 927 1217 4093 3417 1712 1047 10138
internal_count=273005 268912 162072 155630 144217 5846 138371 2521 1116 6442 137255 106840 78614 36252 3325 11413 28226 35205 12707 22498 5264 5517 3542 927 1217 4093 3417 1712 1047 10138
is_linear=0
shrinkage=0.03


Tree=10
num_leaves=31
num_cat=0
split_feature=16 25 40 36 18 60 38 48 49 44 42 57 41 34 38 52 109 1 140 36 124 60 13 71 24 83 160 73 16 33
split_gain=87.4001 84.4462 44.3156 88.2845 64.4821 72.217 47.0878 81.2756 50.1536 46.0671 50.5256 50.3276 45.1331 43.7808 39.6428 56.8733 36.1184 64.5229 35.0325 37.2026 49.4769 43.5121 33.5476 57.0832 30.7196 30.0491 42.6739 33.3503 28.9948 30.469
threshold=1.2206377983093264 0.012410786934196951 -0.030343431979417797 0.81698989868164074 1.024536728858948 1.0340443849563601 -0.0015779093955643473 0.85566958785057079 0.81136205792427074 1.0405647158622744 -0.072938788682222352 1.1707749962806704 -1.0000000180025095e-35 0.87956127524375927 -0.0011431621387600897 0.97945204377174389 0.18333333730697635 0.057770330458879478 0.72992762923240673 0.81698989868164074 -0.42222225666046137 1.0453408360481264 1.1147735714912417 0.11450397223234178 0.047748180106282241 -0.3000000044703483 -0.0023848762502893801 0.30000000447034841 1.0977731943130495 0.93002739548683178
decision_type=10 10 10 10 10 10 8 10 10 10 10 10 10 10 10 10 2 10 10 10 10 10 8 10 10 10 10 10 10 10
left_child=1 -1 3 22 6 12 9 -8 -9 11 -11 -4 -6 14 18 24 17 -5 -2 -20 21 -21 25 -24 -16 26 -3 -27 -7 -30
right_child=13 2 4 16 5 28 7 8 -10 10 -12 -13 -14 -15 15 -17 -18 -19 19 20 -22 -23 23 -25 -26 27 -28 -29 29 -31
leaf_value=0.0013055544627779156 -0.0062813247423087418 -3.6930152131578257e-05 0.00058354478618864887 0.0069207926789040149 -0.0075593482285856222 0.0036737900801347362 -0.013294700898165427 0.0098811630306897737 -0.00067501222182029207 0.0039784504417577447 -0.0011574853025303551 0.0061954977512397019 0.0012807604616008527 0.01233572193389825 -0.0017452603724780877 -0.010740138216856867 0.0012609700668276247 0.029161744845403854 0.0030568701145995982 -0.010518757946390126 0.020051870394455013 0.010529687208437508 0.00087022714822178023 -0.011891501036056466 0.0072502243334740821 -0.011909842421802366 0.0030798609287557622 -0.00094536213239207055 0 -0.0081617909890060181
leaf_weight=34354 153 10496 52510 1295 3108 1201 441 383 124510 1815 24323 1474 550 540 634 355 867 127 1026 106 369 236 674 512 622 284 6148 1939 1400 536
leaf_count=34354 153 10496 52510 1295 3108 1201 441 383 124510 1815 24323 1474 550 540 634 355 867 127 1026 106 369 236 674 512 622 284 6148 1939 1400 536
internal_value=-1.45338e-05 -8.15817e-05 -0.000286088 0.000980209 -0.000420874 -0.00329667 -0.000323992 -0.000687701 -0.000638662 0.00024124 -0.000786612 0.000744569 -0.00614889 0.00435236 0.00297271 -0.000315333 0.00654227 0.00949211 0.0059064 0.00720996 0.012545 0.00295645 0.000324482 -0.00449614 0.00251822 0.000647835 0.00109867 -0.00257359 0 -0.00221721
internal_weight=272988 268947 234593 22342 212251 6795 205456 125334 124893 80122 26138 53984 3658 4041 3501 1611 2289 1422 1890 1737 711 342 20053 1186 1256 18867 16644 2223 3137 1936
internal_count=272988 268947 234593 22342 212251 6795 205456 125334 124893 80122 26138 53984 3658 4041 3501 1611 2289 1422 1890 1737 711 342 20053 1186 1256 18867 16644 2223 3137 1936
is_linear=0
shrinkage=0.03


Tree=11
num_leaves=31
num_cat=0
split_feature=16 25 86 55 14 38 40 38 79 53 34 83 42 23 86 1 124 111 24 52 33 17 11 23 141 158 38 137 124 59
split_gain=102.315 62.3331 57.4021 79.6131 69.301 57.0854 53.2501 57.7047 61.9964 49.1248 46.6802 44.103 42.055 56.9217 44.7141 37.5536 47.0912 41.7157 44.8956 36.6972 44.5047 36.3344 31.6128 29.7456 27.2363 35.1766 26.7803 26.4858 26.2548 24.6271
threshold=1.2206377983093264 0.012410786934196951 0.81666666269302379 0.93731585144996654 0.87782910466194164 -0.0085295797325670702 -0.041960727423429482 -0.022880334407091137 0.15000000223517421 1.0038992166519167 0.87956127524375927 -0.70000001788139332 -0.077859010547399507 0.0083423661999404448 -0.81666666269302357 0.055469902232289321 -0.31297709047794336 -0.16954023391008374 0.045104321092367179 0.7320179045200349 0.52104809880256664 1.0601355433464053 0.98563537001609813 0.016238090582191948 0.94612154364585888 -0.050412109121680253 -0.0072103270795196286 1.0459232926368716 -0.70212748646736134 1.0351116657257082
decision_type=10 10 2 10 8 10 10 10 2 10 10 10 10 8 2 10 10 2 10 10 10 10 10 10 10 10 10 10 10 10
left_child=1 -1 3 26 5 -5 11 8 -8 -7 15 -4 13 -6 -14 16 24 18 -17 -13 -21 23 -18 -9 -2 -26 -3 -24 29 -12
right_child=10 2 6 4 12 9 7 21 -10 -11 28 19 14 -15 -16 17 22 -19 -20 20 -22 -23 27 -25 25 -27 -28 -29 -30 -31
leaf_value=0.0010875870685672585 -0.0069581475434097222 0 -0.0020189532508643774 0.018765758190154365 0.015394617885414678 0.0058300314142762386 -0.027907241167413301 0.00039523067230769871 0 -0.011609334231153533 -0.0018110596955132981 0.021835884750858778 -0.001729005089791023 0.0011213952841077892 -0.00034745633686143529 0 0 0.00015897974965301369 0.017390214865196728 -0.008619092309492685 0.012990585289592228 -0.0050726828358931848 0.015054388191087648 0.0029681470717004919 0.0060704249390869207 -0.0060452606794344065 -0.011200502637772902 0 0.019687153755439793 0.014200906867782274
leaf_weight=34323 620 196 188 260 244 853 108 10214 131 147 160 249 24061 8752 180548 158 447 443 465 106 203 763 378 7053 517 328 801 191 268 115
leaf_count=34323 620 196 188 260 244 853 108 10214 131 147 160 249 24061 8752 180548 158 447 443 465 106 203 763 378 7053 517 328 801 191 268 115
internal_value=-3.16313e-05 -0.000104435 -0.000279982 -0.000420261 -0.00037913 0.00656662 0.0012955 0.000951116 -0.0130179 0.00279496 0.00466443 0.00909244 -0.000422116 0.0015751 -0.000511539 0.00325477 0.00106756 0.00795562 0.0128557 0.0132954 0.00459239 0.00116712 0.00604933 0.00146575 -0.0022203 0.000989673 -0.00880763 0.0106147 0.012897 0.00437672
internal_weight=273290 269200 234877 215862 214865 1260 19015 18269 239 1000 4090 746 213605 8996 204609 3547 2481 1066 623 558 309 18030 1016 17267 1465 845 997 569 543 275
internal_count=273290 269200 234877 215862 214865 1260 19015 18269 239 1000 4090 746 213605 8996 204609 3547 2481 1066 623 558 309 18030 1016 17267 1465 845 997 569 543 275
is_linear=0
shrinkage=0.03


Tree=12
num_leaves=31
num_cat=0
split_feature=16 47 37 120 57 0 138 2 40 34 76 82 38 53 158 114 17 86 1 13 13 84 48 26 56 61 26 40 30 38
split_gain=77.4528 54.8905 56.7549 53.7568 55.6791 53.0706 48.1458 47.801 47.5895 45.5328 45.1994 43.9061 43.1009 46.8971 42.0889 73.5683 52.5728 49.2142 77.9515 50.1153 42.4164 37.4892 43.8193 38.2647 37.0943 37.0446 33.9283 33.9082 32.6899 31.5687
threshold=1.2206377983093264 1.0824294686317446 0.85078144073486339 0.25574485957622534 0.92394757270812999 0.029829532839357856 0.58936071395874035 0.9302317500114442 -0.056817302480339997 0.87956127524375927 0.050000002607703216 0.14166667312383655 -0.018661867827177044 0.9966220259666444 -0.05307281203567981 0.278688594698906 1.1601123213768008 -0.81666666269302357 0.017891236580908302 1.1147735714912417 0.98957350850105297 0.84999999403953563 0.97961786389350902 0.021392118185758594 1.1521189212799074 1.0231680870056155 0.029274290427565578 -0.032377017661929124 -0.0053237816318869582 -0.0011431621387600897
decision_type=10 8 8 8 10 10 10 10 8 10 2 2 10 10 8 8 10 2 10 10 10 2 10 10 10 10 10 8 10 10
left_child=1 3 14 5 6 -1 -5 8 11 29 -10 -4 -8 -14 15 16 28 18 -16 20 -19 22 23 -6 -20 -21 -12 -24 -3 -2
right_child=9 2 7 4 21 -7 12 -9 10 -11 26 -13 13 -15 17 -17 -18 19 24 25 -22 -23 27 -25 -26 -27 -28 -29 -30 -31
leaf_value=-0.00081343774632391486 0.0053573553506614446 0.0042866088871786031 0.00089710343766475102 -0.0037460033033801482 0.00073582180190534931 -0.0075156476334908955 -0.0076432475307672389 0.01174000509094565 0.0029882036461733185 0.012322664797251017 0.0026439315452894399 0.020799986361945268 0.0028601693395811523 0.012083705248543367 1.6478320134807932e-05 0.0068934105925294318 -0.0044823030370174629 -0.0013859431219421046 -0.0041663909440650985 -0.018225664122306626 -3.2433275640646585e-05 0.0025636140613913361 0.0037386648897466158 -0.00095267477352283891 0.0040357315043735575 -0.0028987476383680274 -0.0020790653150969062 0.00072293468409120203 -0.0027713084818220134 -0.00015481879147641374
leaf_weight=9755 1902 1995 258 443 19680 1201 144 382 4684 532 1806 191 1112 1099 8306 1772 1670 29625 10653 220 71764 7414 3631 30803 468 531 5121 53531 766 1621
leaf_count=9755 1902 1995 258 443 19680 1201 144 382 4684 532 1806 191 1112 1099 8306 1772 1670 29625 10653 220 71764 7414 3631 30803 468 531 5121 53531 766 1621
internal_value=2.81401e-05 -3.29307e-05 -0.000444666 0.000412911 0.000601683 -0.00158782 0.00478051 0.00148078 0.00111209 0.00413372 0.000704656 0.0105292 0.00652879 0.00764652 -0.000634713 0.00175754 -0.000250691 -0.000759515 -0.00214744 -0.000492226 -0.000431071 0.000496642 0.000351044 -0.00028847 -0.00378767 -0.00813407 -0.00080044 0.000920985 0.00221477 0.00274987
internal_weight=273080 269025 140212 128813 117857 10956 2798 12442 12060 4055 11611 449 2355 2211 127770 6203 4431 121567 19427 102140 101389 115059 107645 50483 11121 751 6927 57162 2761 3523
internal_count=273080 269025 140212 128813 117857 10956 2798 12442 12060 4055 11611 449 2355 2211 127770 6203 4431 121567 19427 102140 101389 115059 107645 50483 11121 751 6927 57162 2761 3523
is_linear=0
shrinkage=0.03


Tree=13
num_leaves=31
num_cat=0
split_feature=16 46 40 25 32 53 86 42 4 23 162 35 107 86 30 73 44 99 25 29 41 115 30 140 106 83 49 10 69 36
split_gain=100.971 53.2973 66.6258 60.2746 51.7931 62.1163 49.8473 48.4151 69.3886 52.867 51.2585 58.3922 55.2884 46.1399 74.3078 55.5549 46.2891 39.6431 46.8796 51.4728 41.6139 43.5713 38.1794 49.7244 35.3307 32.9436 32.5838 31.5481 29.3155 29.284
threshold=1.2206377983093264 1.0748502612113955 -0.029080298729240891 0.013636420015245678 -0.0049950752872973672 0.99464884400367748 -0.88333332538604725 -0.075341708958148942 0.41666708886623388 0.0083423661999404448 -0.6447385549545287 0.82754081487655651 0.52223318815231334 -0.58333334326744068 -0.0065398823935538522 0.90000000596046459 1.0120506286621096 0.5634920895099641 0.025473547168076042 0.012057486455887558 -0.039029836654663079 0.74207225441932689 -0.0069329803809523574 0.81253799796104442 0.5962963104248048 -0.50000001490116108 0.91467267274856578 1.0311891436576845 0.29629804193973547 0.85577198863029491
decision_type=10 8 10 10 8 8 2 8 10 10 8 8 2 2 10 10 10 2 10 10 10 10 10 10 2 10 10 10 10 10
left_child=1 2 29 -4 13 6 -6 8 9 -7 12 -12 -9 14 28 25 -17 18 27 -20 -19 -22 23 -2 -25 -16 -26 -5 -3 -1
right_child=22 4 3 17 5 7 -8 10 -10 -11 11 -13 -14 -15 15 16 -18 20 19 -21 21 -23 -24 24 26 -27 -28 -29 -30 -31
leaf_value=0.0021460820312196077 -0.00021692550203801809 -0.0083800603198084488 0.0011220652942128448 -0.00018348998938986187 0.0042461228419651649 0.017982393826066416 -0.0045381944980271713 -0.0009133977932987117 -0.0034457716777339682 0.0022891478587468003 -0.0019423696885013083 0.00059271418522393227 0.0016337790694035564 -0.00022730837544027239 0.0042272729081074042 0.013312123097712174 -0.0061047471339484459 -0.012036614833865315 -0.0025490569662586404 0.0065192674644487464 0.00083858609534097903 -0.0014557165231949424 8.6152865902803966e-05 0.0025629530553096121 0.020619129688606005 0.017285626277356012 0.0084077735988254427 -0.007193491636414309 0.0023462123204930586 0.007906924682810651
leaf_weight=7731 663 311 40095 49584 596 186 5725 18592 2006 7441 39095 10118 12990 2900 346 148 299 220 14502 550 43793 8883 1282 713 310 675 1177 568 677 934
leaf_count=7731 663 311 40095 49584 596 186 5725 18592 2006 7441 39095 10118 12990 2900 346 148 299 220 14502 550 43793 8883 1282 713 310 675 1177 568 677 934
internal_value=1.51248e-07 -7.05235e-05 0.000258557 0.000116111 -0.00061119 -0.000772616 -0.00365184 -0.000567276 0.00142987 0.00275712 -0.000809399 -0.00141504 0.00012516 0.00224098 0.00525494 0.00950922 0 -0.000223003 -0.000719567 -0.00218958 0.000383475 0.000445588 0.00463651 0.00655529 0.00871489 0.0133148 0.0113924 -0.000271698 -0.000831835 0.00281836
internal_weight=273110 268965 166860 158195 102105 96749 6321 90428 9633 7627 80795 49213 31582 5356 2456 1468 447 118100 65204 15052 52896 52676 4145 2863 2200 1021 1487 50152 988 8665
internal_count=273110 268965 166860 158195 102105 96749 6321 90428 9633 7627 80795 49213 31582 5356 2456 1468 447 118100 65204 15052 52896 52676 4145 2863 2200 1021 1487 50152 988 8665
is_linear=0
shrinkage=0.03


Tree=14
num_leaves=31
num_cat=0
split_feature=16 25 29 57 42 41 1 3 12 81 55 14 47 115 35 54 53 22 20 8 1 33 11 37 35 23 138 37 39 5
split_gain=81.781 62.4637 47.9669 93.6308 70.9147 72.9478 64.2929 52.8619 69.8124 56.7556 53.2436 61.9197 54.5655 52.1822 44.0941 41.9478 40.5754 43.2808 39.9831 39.831 35.9304 34.8799 32.4187 31.9843 31.1148 39.8775 29.6075 25.5708 26.0311 23.164
threshold=1.2394970059394839 0.012410786934196951 -0.00053336820565164078 1.1707749962806704 0.065921377390623107 -0.02948500961065292 0.021863109432160858 0.01792514976114035 0.98710510134696972 0.18333333730697635 0.93731585144996654 0.88698756694793712 1.0096055865287783 0.63013699650764476 0.80202254652977001 0.99127179384231578 1.0022045373916628 0.99602818489074718 1.0413262248039248 0.33332876861095434 0.053465308621525771 0.97387737035751354 0.99606296420097362 0.84724488854408275 0.61996904015541088 0.016129424795508388 0.54373887181282055 0.65855157375335704 -0.012000935617834328 0.0065952211152762183
decision_type=10 10 10 10 10 10 10 10 10 2 10 8 10 10 10 10 10 10 10 10 10 10 10 10 10 10 10 8 10 10
left_child=1 27 4 7 5 16 14 10 -9 -10 12 -12 -4 -6 -7 19 17 -3 26 29 -18 24 -20 -8 -2 -26 -17 28 -1 -5
right_child=21 2 3 15 13 6 23 8 9 -11 11 -13 -14 -15 -16 18 20 -19 22 -21 -22 -23 -24 -25 25 -27 -28 -29 -30 -31
leaf_value=-0.0030828699841043772 0.0010401339439709064 -0.0085477468335170108 0 -0.015581775528878855 0.00032129511828970147 -0.00095460787428909935 -0.0026695633299337624 -0.015595113150542603 0.0085999270371073227 0.0010283584198550965 0.0049256144495315301 -6.0948511716252318e-05 -0.010304146647072856 0.017308387742860597 0.001165878839421078 -0.0025143632586897896 0.00047060848977607123 0.0049358535909621547 0.0032607958833687006 0.0039138264688073406 0.0046429720385693755 -0.010275696909287944 -0.013038649820362127 0.00014124124141468933 -0.0028899566499520184 0.009420807373665227 0.0086205700915462907 0.0025075216278289494 0.000916613100583805 0
leaf_weight=1516 1053 815 938 183 386 43914 25388 140 1612 2209 2268 107044 894 320 10916 182 28384 243 320 509 1998 100 135 4017 224 1710 2508 9616 23111 144
leaf_count=1516 1053 815 938 183 386 43914 25388 140 1612 2209 2268 107044 894 320 10916 182 28384 243 320 509 1998 100 135 4017 224 1710 2508 9616 23111 144
internal_value=4.48144e-05 -9.8235e-06 -0.000185059 0.000236394 -0.000618852 -0.000679807 -0.00114115 7.69109e-05 0.00347452 0.0043289 -4.20793e-05 4.06506e-05 -0.00508754 0.00869876 -0.000526704 0.00474921 0.000546645 -0.00513844 0.00634205 -0.000900678 0.000757736 0.0048844 -0.00128909 -0.00227555 0.00555667 0.00782643 0.00774351 0.00118581 0.000655937 -0.00905301
internal_weight=272797 269710 235467 119086 116381 115675 84235 115105 3961 3821 111144 109312 1832 706 54830 3981 31440 1058 3145 836 30382 3087 455 29405 2987 1934 2690 34243 24627 327
internal_count=272797 269710 235467 119086 116381 115675 84235 115105 3961 3821 111144 109312 1832 706 54830 3981 31440 1058 3145 836 30382 3087 455 29405 2987 1934 2690 34243 24627 327
is_linear=0
shrinkage=0.03


Tree=15
num_leaves=31
num_cat=0
split_feature=32 47 158 74 115 57 38 122 126 38 123 0 37 39 73 51 86 13 39 87 85 137 162 13 32 47 25 122 84 58
split_gain=66.3299 61.8834 59.1721 56.9043 53.4688 86.3716 49.2193 43.6849 50.2629 42.902 44.2492 42.4191 41.8898 39.96 39.4273 64.571 53.9723 39.2948 38.6343 42.8259 79.9427 40.7043 43.236 53.4161 39.6652 39.4856 34.7004 44.8276 43.1944 53.8725
threshold=-0.0049950752872973672 1.0944131016731264 -0.05307281203567981 0.35000000894069677 0.74207225441932689 0.92394757270812999 -0.02034240402281284 0.56233766674995433 -0.4583336859941482 -0.022880334407091137 0.73584935069084179 0.029829532839357856 0.744307041168213 -0.0033517354167997833 0.90000000596046459 0.94229075312614452 -0.78333333134651173 1.0067873597145083 0.01746934745460749 -0.60833334922790516 0.37500000000000006 0.58506944775581371 -0.5573887526988982 1.1029161214828493 0.0048556767869740733 1.3201485276222231 0.021421742625534538 0.43413670361042028 0.84999999403953563 1.0033473372459414
decision_type=8 8 8 2 10 10 8 10 10 10 10 10 10 10 10 10 2 10 8 2 2 10 10 10 10 10 10 10 2 10
left_child=6 4 3 7 5 9 12 -3 -9 -2 17 -6 -1 -10 15 16 -8 -11 21 20 25 22 23 -4 -24 -20 27 -7 29 -28
right_child=1 2 18 -5 11 26 14 8 13 10 -12 -13 -14 -15 -16 -17 -18 -19 19 -21 -22 -23 24 -25 -26 -27 28 -29 -30 -31
leaf_value=0.0011530879942903338 -0.010507760882637527 0.0046167015982304114 2.1500779162600729e-05 0.0075771569020344027 -0.00093926968089693406 0.0020363122211614041 0.014840053540563204 0.0036078796456775414 -0.0066145155951904669 0.010934775403412126 0.00028227584828859666 -0.0068136814146073444 0.019718171217974624 0 -0.0018630345800874316 0.00051542987448265694 0.0041013049684355445 0 -0.0018924761145338181 -0.0038609171061159474 0.01154678469765167 0.00040984776624158615 -0.0016916672200155392 -0.0093566628704288019 0.010917829402870583 0.012704250154285026 -0.00096449764765984473 0.00037392357542263545 0.0026523202182033509 0.0019161617381987283
leaf_weight=246 109 1842 32630 1324 10070 19421 582 1495 1452 1582 811 1260 258 1665 1787 3843 1995 302 5407 7151 443 28068 38468 535 200 148 37623 61482 4212 6845
leaf_count=246 109 1842 32630 1324 10070 19421 582 1495 1452 1582 811 1260 258 1665 1787 3843 1995 302 5407 7151 443 28068 38468 535 200 148 37623 61482 4212 6845
internal_value=4.50527e-06 -7.92986e-05 -0.000580581 0.00193649 0.000340082 0.00051116 0.00257826 0.000713162 -0.000794319 0.00570951 0.00654849 -0.00162985 0.011619 -0.00301091 0.0019597 0.00307282 0.00673771 0.00905703 -0.000756724 -0.00229149 -0.000363907 -0.000551297 -0.000931039 -0.00012629 -0.00161308 -0.00140559 0.000395496 0.000777097 -0.000232598 -0.00051367
internal_weight=273256 264545 120828 7778 143717 132387 8711 6454 4612 2804 2695 11330 504 3117 8207 6420 2577 1884 113050 13149 5998 99901 71833 33165 38668 5555 129583 80903 48680 44468
internal_count=273256 264545 120828 7778 143717 132387 8711 6454 4612 2804 2695 11330 504 3117 8207 6420 2577 1884 113050 13149 5998 99901 71833 33165 38668 5555 129583 80903 48680 44468
is_linear=0
shrinkage=0.03


Tree=16
num_leaves=31
num_cat=0
split_feature=16 26 33 10 50 13 29 16 14 162 23 45 12 1 18 121 11 8 76 113 14 159 27 30 33 156 56 33 16 3
split_gain=76.4057 50.5234 52.7402 57.8449 93.8188 59.7071 67.248 61.383 54.632 62.5469 54.4072 51.1624 48.8804 44.0941 41.8924 69.835 41.9603 41.5177 40.3855 38.5883 37.6001 36.4726 36.0139 35.5016 33.2205 33.8603 32.8047 32.5872 31.5646 28.9798
threshold=1.2394970059394839 0.019933737814426426 0.37253709137439733 1.0198371410369875 0.96811595559120189 0.98510038852691661 -0.00043847461347468192 1.133943557739258 0.92472085356712352 -2.6060727834701534 0.030868193134665493 1.0040438175201418 0.98964703083038341 0.02036825101822615 1.0152732729911806 0.35553030669689184 0.99673202633857738 -6.1482039654947576e-06 0.31666667759418493 0.58974376320838939 0.91430118680000316 -0.0015134027344174681 0.075317058712244048 -0.0046529402025043956 0.97387737035751354 0.1175995208323002 1.0933356285095217 0.96601486206054699 1.0993474721908572 0.0070921881124377259
decision_type=10 10 8 10 10 8 10 10 8 10 10 10 10 8 10 10 10 10 2 10 10 10 10 10 10 10 10 10 10 10
left_child=1 19 8 5 12 11 18 -8 9 20 13 -4 -5 -11 16 -16 22 -14 -7 -1 -3 -17 -10 27 25 -2 -25 -6 -13 -18
right_child=24 2 3 4 23 6 7 -9 14 10 -12 28 17 -15 15 21 29 -19 -20 -21 -22 -23 -24 26 -26 -27 -28 -29 -30 -31
leaf_value=0.00011820533001305635 0.0042122343821580695 0.016357980143618243 0.0012122665999308889 -0.011278988807739036 0.0028001679135121432 -0.0011152787682729278 0.0016034001294931005 0.011298686720204374 -0.0015998342659325621 -0.0064645855905662367 -0.01300887561458698 -0.0018180047012848969 0.0033834872093275585 0.0036359629475128199 0.0074816015010090381 -0.0074232545921016089 0.001538347745646174 0.011695435897094531 0.00069719532264735887 0.0015754691227989001 0 -0.0018407127016755592 0.00067921026237799528 0 -0.0097110034323582648 0.015988654935123015 -0.0041258926146829399 -0.0060393164726324318 0.001304442279470912 -0.001593406005895053
leaf_weight=44859 2676 406 7225 165 3819 22540 17009 603 44165 429 215 32208 9246 2372 417 2431 9184 598 21536 26183 221 2186 7055 4973 105 252 2745 379 3075 3645
leaf_count=44859 2676 406 7225 165 3819 22540 17009 603 44165 429 215 32208 9246 2372 417 2431 9184 598 21536 26183 221 2186 7055 4973 105 252 2745 379 3075 3645
internal_value=2.67065e-05 -2.55712e-05 -0.000271985 9.68923e-05 0.00149835 -0.000195355 0.000397217 0.0019648 -0.000915665 0.00263138 0.000704064 -0.00106214 0.0036387 0.00194776 -0.00110776 -0.00375654 -0.000893789 0.00394152 -0.000222967 0.000659803 0.0111301 -0.00486414 -0.00127992 -0.000277427 0.00474655 0.00542914 -0.00150575 0.00190615 -0.00153679 0.000624105
internal_weight=272922 269889 198847 126121 21925 104196 61688 17612 72726 3643 3016 42508 10009 2801 69083 5034 64049 9844 44076 71042 627 4617 51220 11916 3033 2928 7718 4198 35283 12829
internal_count=272922 269889 198847 126121 21925 104196 61688 17612 72726 3643 3016 42508 10009 2801 69083 5034 64049 9844 44076 71042 627 4617 51220 11916 3033 2928 7718 4198 35283 12829
is_linear=0
shrinkage=0.03


Tree=17
num_leaves=31
num_cat=0
split_feature=37 158 26 1 121 38 4 2 50 35 38 39 40 67 5 14 36 42 34 45 1 10 54 29 34 56 67 159 59 43
split_gain=65.0786 63.0075 66.2918 56.6588 98.097 65.544 61.1867 48.8307 75.6207 70.673 61.8016 61.4758 60.673 46.6485 48.9315 47.6577 49.7865 44.7002 44.4536 43.8069 43.4122 42.4272 40.6045 41.892 38.6356 41.3092 46.9597 41.804 37.31 36.1443
threshold=0.71750915050506603 -0.05307281203567981 0.021392118185758594 0.057770330458879478 0.65454551577568065 -0.00019804034673143176 0.17391167581081393 -0.12499399855732916 0.86872366070747387 0.7827739715576173 -0.010560782626271246 -0.012462081387639044 -0.0037102376809343691 0.0825757570564747 0.014876073691993954 0.98507466912269603 0.16223704814910891 -0.080667857080697999 0.41535013914108282 1.0214833021163943 0.03421308100223542 1.007785499095917 1.0914071202278139 -0.0066437402274459592 0.39529120922088629 0.98892426490783703 0.64226189255714428 -0.0050301125738769761 0.87291401624679577 1.0776746273040774
decision_type=8 8 8 8 8 8 10 8 10 10 10 10 10 10 10 10 8 10 10 10 10 10 10 10 10 8 10 10 8 10
left_child=1 -1 19 13 5 6 -5 8 11 10 -10 12 -4 14 17 16 -15 -2 -13 -3 -21 -16 23 -19 25 26 -9 -27 -7 -23
right_child=3 2 7 4 -6 28 -8 24 9 -11 -12 18 -14 15 21 -17 -18 22 -20 20 -22 29 -24 -25 -26 27 -28 -29 -30 -31
leaf_value=0.0027642416448074676 -0.010688498552469151 0.0014107036314442208 0.0039891775273520344 0 0.013652471391393689 -0.018513929039824666 0.016539811629029372 0.010233710789951439 -0.0033757076283984656 0.0020166802373855893 -0.00038537519862434871 0.0076098578444661518 0.01639848554577043 -0.0037781949330484639 -0.00085801405558730802 0.0019656843678888545 0.0005903991959094096 -0.0032415090986171011 -0.0023734600165821978 0 -0.0055586639105599245 -0.018311225078055913 0.0058421833671833462 0.00048826250576540844 -0.0018644594926248352 0.0025499606608229094 0.00091542185849487689 -0.0013060620601522313 -0.00096494297075097059 0
leaf_weight=5937 343 24406 1341 419 814 109 364 576 7515 8970 37736 524 531 2627 625 25912 20546 3595 1495 42760 1285 345 969 10507 42466 2778 3269 23082 1073 167
leaf_count=5937 343 24406 1341 419 814 109 364 576 7515 8970 37736 524 531 2627 625 25912 20546 3595 1495 42760 1285 345 969 10507 42466 2778 3269 23082 1073 167
internal_value=-1.2635e-06 -0.000270121 -0.000362548 0.000798514 0.00499406 0.00115477 0.00788942 -0.000760447 -0.00010747 -0.000402947 -0.000889889 0.00391429 0.00780382 0.000614839 -0.000751162 0.00108167 7.93889e-05 -0.000283797 0.000119652 0.000390394 -0.000168551 -0.00671338 -1.3266e-05 -0.000444563 -0.00128189 -0.000438276 0.0024347 -0.000878588 -0.00311396 -0.0129962
internal_weight=273086 204671 198734 68415 2779 1965 783 130283 58112 54221 45251 3891 1872 65636 16551 49085 23173 15414 2019 68451 44045 1137 15071 14102 72171 29705 3845 25860 1182 512
internal_count=273086 204671 198734 68415 2779 1965 783 130283 58112 54221 45251 3891 1872 65636 16551 49085 23173 15414 2019 68451 44045 1137 15071 14102 72171 29705 3845 25860 1182 512
is_linear=0
shrinkage=0.03


Tree=18
num_leaves=31
num_cat=0
split_feature=16 58 49 10 44 77 6 26 45 38 11 160 1 127 99 161 69 1 127 25 115 17 138 151 23 140 25 4 22 38
split_gain=72.1924 49.7514 64.1272 95.0585 63.3317 61.5952 50.7235 47.2305 50.2869 49.261 43.9102 45.2036 41.9864 56.0419 41.2154 40.84 40.301 36.686 37.1401 35.6478 47.9002 42.3158 34.1709 45.9749 32.7889 31.8454 31.4581 28.8287 27.6881 27.6205
threshold=1.2394970059394839 0.90896162390708934 0.8330044448375703 1.0096044540405276 1.0271918773651125 0.27500000596046453 0.07142979279160501 0.021392118185758594 1.0214833021163943 -0.00088038985268212844 0.97092422842979442 -0.008429539389908312 0.055469902232289321 -0.12056754156947135 0.68333333730697643 0.41474533081054693 0.98095202445983898 0.03421308100223542 -0.082254040986299501 0.037823783233761794 0.74840733408927929 1.0503394007682803 0.63178235292434703 0.5145438313484193 0.026182246394455436 0.91865622997283947 0.041887732222676284 0.4999981969594956 1.1394862532615664 -0.0032786626834422346
decision_type=10 8 8 10 10 2 10 10 8 10 10 10 10 10 2 10 10 10 8 10 10 10 10 10 10 8 10 10 10 10
left_child=1 6 3 5 14 -3 26 8 24 10 11 -9 22 15 -5 -14 -8 -10 -19 21 -21 -11 23 -2 -4 -12 -1 -6 -24 -30
right_child=12 2 7 4 27 -7 16 9 17 19 25 -13 13 -15 -16 -17 -18 18 -20 20 -22 -23 28 -25 -26 -27 -28 -29 29 -31
leaf_value=0 -0.012254375962427155 0.020082688284026515 0.0013415741204674341 0.00020353262744709312 0 0.0019741594634151887 0.002939561100580643 0.013408642894544362 6.7851551104901255e-05 -0.0005816010268620851 -0.00070196680256816421 0.0013902533485462148 0 0 -0.01819864869638646 0.017590909544608967 -0.015693363143372854 0.00076833730638395338 -0.0077713839866483149 0.00061069423604641153 -0.0041581775825279936 -0.0020593370457851509 -0.0049440571979562538 0.0081603930465512925 0.011886933229904136 0.00050457747594652067 -0.020216826798316646 0.01764322595551927 0.010125516605495093 0.0011450671164157727
leaf_weight=112 284 460 30411 146 199 330 465 424 51554 45950 31284 977 129 331 216 566 111 682 1074 21287 2055 28947 225 113 256 52876 273 121 633 760
leaf_count=112 284 460 30411 146 199 330 465 424 51554 45950 31284 977 129 331 216 566 111 682 1074 21287 2055 28947 225 113 256 52876 273 121 633 760
internal_value=-4.57638e-05 -9.87414e-05 -7.30391e-05 0.00612577 -0.00169658 0.0131243 -0.00684579 -0.00010869 0.000479102 -0.000378903 0.000144369 0.00537616 0.00453347 0.00948674 -0.0103694 0.0142198 -0.000553932 -7.24385e-05 -0.00431448 -0.000837635 0.000174807 -0.00115713 0.00179549 -0.00561151 0.00144707 5.24562e-05 -0.0150261 0.00726498 0.00384238 0.00552379
internal_weight=273251 270210 269249 1472 682 790 961 267777 83977 183800 85561 1401 3041 1026 362 695 576 53310 1756 98239 23342 74897 2015 397 30667 84160 385 320 1618 1393
internal_count=273251 270210 269249 1472 682 790 961 267777 83977 183800 85561 1401 3041 1026 362 695 576 53310 1756 98239 23342 74897 2015 397 30667 84160 385 320 1618 1393
is_linear=0
shrinkage=0.03


Tree=19
num_leaves=31
num_cat=0
split_feature=16 46 40 42 5 102 162 22 1 60 58 25 1 41 21 125 26 39 74 17 17 77 3 35 52 123 115 36 1 115
split_gain=65.1632 43.6232 55.6158 46.3543 56.1285 62.4172 53.7658 76.9784 74.0193 59.8719 55.6614 46.2921 51.6661 51.5824 62.0844 61.1289 59.2756 45.9912 45.8792 45.1404 44.3936 42.5744 42.0472 41.3464 42.6553 40.5525 38.4027 36.8282 49.4385 51.7646
threshold=1.2206377983093264 1.0748502612113955 -0.028458484448492524 -0.091821700334548936 0.0064220244530588397 0.55217784643173229 -0.53470319509506214 1.0909807085990908 0.022371339611709121 1.0340443849563601 0.96942725777626049 0.021421742625534538 0.037111513316631324 -0.003906554775312542 0.90220630168914806 0.4843753874301911 0.074481844902038588 0.019643191248178486 0.45000000298023229 0.96079498529434215 1.144107520580292 0.20833333581686023 0.0097402227111160773 0.83395335078239452 0.96857303380966198 0.51111146807670604 0.57763996720314037 0.81076571345329296 0.055469902232289321 0.29752089083194738
decision_type=10 8 10 8 10 2 10 10 10 10 10 10 10 10 10 10 10 10 2 8 10 2 10 10 10 10 10 10 10 10
left_child=1 2 -1 4 -3 20 7 17 23 10 -10 12 19 14 25 16 -15 21 -9 -4 -6 -5 -16 -8 -25 -13 -14 -2 29 -29
right_child=27 3 11 6 5 -7 8 18 9 -11 -12 13 26 15 22 -17 -18 -19 -20 -21 -22 -23 -24 24 -26 -27 -28 28 -30 -31
leaf_value=0.0025279749356546251 0.00086944846242650463 -0.00054266878991140717 0.0017364939692917957 0.0014418901887230022 0.010559868931058355 -0.0020384774671599751 -0.00091193827970746601 0.00054105959430752971 0.00051510567820775869 0.0001012164661654486 -0.0040892668852197164 0.013513063454842305 -0.0069767914376854248 0.00040042273072581606 -0.0015953765340698477 -0.0023463640057694167 0.01398664346791219 -0.0045251635185212307 0.0060143092533734696 0.00024698447222283425 -0.0022309263595021683 -0.00084787959203337085 -0.0058288177913903613 -0.0022428196756048863 0.0030100311565273339 -0.002942181047789442 0.001094016830359023 -0.00044390367507773552 0.015032837003090476 0.010867353361912352
leaf_weight=9222 2120 2800 25219 10911 1483 627 25391 2865 2653 5612 15377 356 1391 37093 12658 8171 273 2228 2905 69128 240 21945 2636 1791 5392 160 750 917 490 536
leaf_count=9222 2120 2800 25219 10911 1483 627 25391 2865 2653 5612 15377 356 1391 37093 12658 8171 273 2228 2905 69128 240 21945 2636 1791 5392 160 750 917 490 536
internal_value=2.26982e-05 -3.32306e-05 0.000264257 -0.000522302 0.00223254 0.00564242 -0.000671978 0.000149676 -0.00127428 -0.00255327 -0.00339532 0.000129788 0.000540929 -0.000511941 -0.00198713 0 0.000515139 -0.000371324 0.00335973 0.000648594 0.00860094 -7.79406e-05 -0.00235128 -0.000335789 0.00165605 0.00793157 -0.00402677 0.00378488 0.00677181 0.00361596
internal_weight=273340 269277 167057 102220 5150 2350 97070 40854 56216 23642 18030 157835 96488 61347 15810 45537 37366 35084 5770 94347 1723 32856 15294 32574 7183 516 2141 4063 1943 1453
internal_count=273340 269277 167057 102220 5150 2350 97070 40854 56216 23642 18030 157835 96488 61347 15810 45537 37366 35084 5770 94347 1723 32856 15294 32574 7183 516 2141 4063 1943 1453
is_linear=0
shrinkage=0.03


Tree=20
num_leaves=31
num_cat=0
split_feature=37 158 46 53 33 22 49 18 60 22 71 2 8 17 126 162 61 119 105 16 93 12 14 46 33 10 0 66 17 49
split_gain=49.7941 58.6033 64.6806 60.0438 65.5278 68.4438 85.9128 56.8376 50.4056 50.1232 64.9029 42.5231 53.2857 42.9665 59.8472 63.3703 72.6904 50.9831 40.513 45.1689 43.3096 42.551 40.3547 41.8185 42.7503 38.9144 37.0325 34.9086 34.61 47.1774
threshold=0.71386143565177929 -0.05307281203567981 1.0630211234092715 0.99357688426971447 0.50086623430252086 0.97078812122344982 0.89290782809257518 1.0257694721221926 0.85410505533218395 0.86799025535583507 0.56862738728523265 0.90476143360137951 -0.44270911812782282 1.1266530156135561 -0.14218554645776746 -0.77850130200386036 1.0644010305404665 0.44186048209667211 0.65833333134651195 1.1829094886779787 0.29350712895393377 1.013124465942383 0.89384698867797863 1.0270683765411379 0.76311913132667553 1.027002274990082 0.028719866648316387 0.94913792610168468 1.167911231517792 0.96116504073143016
decision_type=8 8 8 10 10 10 10 10 10 10 10 8 10 10 10 10 10 10 2 10 10 10 8 10 10 10 10 10 8 10
left_child=1 -1 8 26 5 6 -5 -7 27 -6 -11 12 18 -14 15 17 -17 -15 19 20 -2 -20 23 -10 -25 -22 -4 -3 -13 -30
right_child=11 2 3 4 9 7 -8 -9 22 10 -12 28 13 14 -16 16 -18 -19 21 -21 25 -23 -24 24 -26 -27 -28 -29 29 -31
leaf_value=0.0027165839092892791 0.00068905126002703223 0.0032137821407724055 -0.0053652132831519426 0.011558101411560192 -0.016547288335059866 -0.0010988436436540937 -0.0084325886879494938 -0.0083894727553793236 0.0015517038464863302 -0.00012803780738093154 0.0055779764396543521 0.0017053885293608411 0.00062339483052239379 -0.0011904565421203812 -0.0049171473351617041 -0.0029874034427708981 0.0056708703686769767 0.0053181052435032185 0.00018057645862553845 0.0082103927419694151 0.0025315664463974263 -0.0091812560148600425 0.00015538964050037005 0.017671188032642629 -0.0015516840113090321 0.0084499077466701402 0.0007057571068634391 -0.0067818855705540368 0.012437119825212948 -0.00176503209594418
leaf_weight=5849 11398 339 4138 183 143 32786 2156 988 1157 40883 1854 2003 29452 1767 3279 7144 955 2523 1820 1082 5298 532 110130 340 104 1323 1043 1494 756 235
leaf_count=5849 11398 339 4138 183 143 32786 2156 988 1157 40883 1854 2003 29452 1767 3279 7144 955 2523 1820 1082 5298 532 110130 340 104 1323 1043 1494 756 235
internal_value=3.33251e-06 -0.000232342 -0.000321353 -0.000951942 -0.000741517 -0.0016829 -0.00665664 -0.00132583 0.000143486 4.4727e-05 0.000114975 0.000697211 0.000534076 -4.48613e-05 -0.00131934 -0.000336535 -0.00191805 0.00257462 0.00176458 0.0022293 0.00184482 -0.00187006 0.000227396 0.00493249 0.0126492 0.00378122 -0.00408736 -0.00475663 0.00419745 0.00880427
internal_weight=273154 203587 197738 84174 78993 36113 2339 33774 113564 42880 42737 69567 66573 45120 15668 12389 8099 4290 21453 19101 18019 2352 111731 1601 444 6621 5181 1833 2994 991
internal_count=273154 203587 197738 84174 78993 36113 2339 33774 113564 42880 42737 69567 66573 45120 15668 12389 8099 4290 21453 19101 18019 2352 111731 1601 444 6621 5181 1833 2994 991
is_linear=0
shrinkage=0.03


Tree=21
num_leaves=31
num_cat=0
split_feature=16 40 36 18 73 29 57 49 30 26 25 26 10 81 17 38 17 141 24 46 110 38 48 162 53 27 49 75 161 140
split_gain=71.876 44.6674 88.1848 61.2627 70.8966 51.7391 73.9087 61.7979 57.5966 72.6516 47.0899 41.9075 48.0079 41.8062 42.1918 41.4031 41.2103 40.813 37.772 36.0782 35.93 35.4279 39.218 54.648 35.1339 32.8792 48.3295 32.3291 32.0043 31.0332
threshold=1.2394970059394839 -0.030343431979417797 0.8265923559665681 1.024536728858948 0.5000000149011613 -0.0034353286027908321 1.1642888784408572 0.97327396273612987 -0.0054263304919004432 0.038208391517400749 0.042319050058722503 0.021892795339226726 1.0282297134399416 0.84999999403953563 0.86417153477668773 -0.0082045579329133016 1.1420657038688662 0.89431884884834301 0.051143486052751548 1.1096516847610476 0.29705883562564855 -0.0032786626834422346 0.92391303181648265 0.66223108768463146 1.0886206626892092 0.05681752227246762 0.96600049734115612 0.57500001788139354 0.48507998883724218 0.70503294467926036
decision_type=10 10 10 10 10 10 8 10 10 10 10 10 10 2 10 8 10 8 10 8 2 10 10 10 10 10 10 2 8 10
left_child=1 2 19 5 10 7 11 13 15 -10 -5 16 -13 14 -3 -9 -7 -12 -15 25 28 29 23 -23 -24 -1 -27 -28 -4 -2
right_child=21 3 20 4 -6 6 -8 8 9 -11 17 12 -14 18 -16 -17 -18 -19 -20 -21 -22 22 24 -25 -26 26 27 -29 -30 -31
leaf_value=0.00052710491685396474 -0.0052753743054717774 -0.0010000850271833543 0 -0.0029692009504379531 -0.008798504748146958 0.00069161189885345831 0.0034312432767357095 -0.0058270438756135709 -0.00024713923613038023 -0.0048003400277953322 -0.004008968682683349 -0.00047144572632978475 0.0028907883923627248 -0.0018957345758602773 -0.0065271183471810826 0.0030741780875763484 -0.0041809172860436681 0.0064784984576886058 0.0044333932089340704 -0.00083727538801681601 0.0012344791672869281 6.2527340051019562e-05 0.00099494631187152646 0.024348838318449754 -0.01157659068170363 -0.00061791706538927304 0.00034629084965343758 0.0081498981909748809 0.012077610684881128 0.0093278928286434776
leaf_weight=8313 105 2106 232 4226 1461 71442 5906 472 26564 3589 435 104832 3927 8925 3645 5827 1562 1038 895 8898 741 260 1014 124 221 1325 738 1983 1111 1330
leaf_count=8313 105 2106 232 4226 1461 71442 5906 472 26564 3589 435 104832 3927 8925 3645 5827 1562 1038 895 8898 741 260 1014 124 221 1325 738 1983 1111 1330
internal_value=-7.2521e-06 -6.02397e-05 0.00119191 -0.000179939 -0.00291193 -9.68421e-05 0.000133845 -0.000934524 -0.000249138 -0.000801855 -0.00132489 2.4687e-05 -0.000346777 -0.0025174 -0.0045656 0.00234338 0.000582134 0.00316823 -0.00128057 0.000596004 0.00706422 0.00455296 0.00125842 0.0094647 -0.00116429 0.00165183 0.00387497 0.00616079 0.00999536 0.00799535
internal_weight=273247 270193 23341 246852 7160 239692 187669 52023 36452 30153 5699 181763 108759 15571 5751 6299 73004 1473 9820 21257 2084 3054 1619 384 1235 12359 4046 2721 1343 1435
internal_count=273247 270193 23341 246852 7160 239692 187669 52023 36452 30153 5699 181763 108759 15571 5751 6299 73004 1473 9820 21257 2084 3054 1619 384 1235 12359 4046 2721 1343 1435
is_linear=0
shrinkage=0.03


Tree=22
num_leaves=31
num_cat=0
split_feature=32 138 86 53 33 26 33 113 14 10 69 122 46 86 35 62 87 33 161 44 33 32 114 162 42 7 18 51 29 44
split_gain=73.7616 52.4479 61.3292 54.2986 57.4167 40.9927 52.1234 49.5956 97.8695 80.8136 78.8329 72.6328 54.0067 50.4212 87.567 48.7461 63.7985 43.8287 43.3279 40.4698 39.8993 38.5282 52.7689 41.8845 35.0673 32.6849 43.3161 32.3112 31.9803 31.6318
threshold=-0.0049950752872973672 0.51958855986595165 -0.58333334326744068 0.97813132405281078 0.93002739548683178 0.019933737814426426 0.26178121566772466 0.6718747913837434 0.94400158524513256 1.0174682140350344 0.6428574025630952 0.34947586059570318 1.0045803189277651 -0.81666666269302357 0.67354199290275585 0.69107174873352062 0.82499998807907116 0.72819238901138317 1.1011766195297243 1.0387821793556216 0.97826865315437328 -0.0034201989183202382 0.55248606204986583 2.1992629766464238 -0.10349908098578452 0.018691555596888069 0.9854126274585725 0.83167701959609996 -0.015768441371619698 1.0801637768745425
decision_type=8 8 2 10 10 10 8 10 8 10 10 10 10 2 10 10 2 10 10 10 10 10 10 10 10 10 10 10 10 10
left_child=1 -1 3 -3 27 -2 19 8 15 12 17 -12 -9 14 -10 -8 -17 -11 -14 21 -15 22 -7 -23 29 26 -4 -5 -26 -21
right_child=5 2 25 4 -6 6 7 9 13 10 11 -13 18 20 -16 16 -18 -19 -20 24 -22 23 -24 -25 28 -27 -28 -29 -30 -31
leaf_value=-0.0039927330111923249 0.00057877862591876523 -0.0060946007388559889 -0.0090334470331871579 0.018501700354458948 -0.0037239305328050278 0.0086610989531891204 -0.012018645488024353 0.0012308941920078623 -0.0034795679881850341 -0.0097714466566972327 -0.0036345019821450112 0.0064998043928585275 -0.0014569540608711997 0.00070223645572388361 0.00083677853306944204 0.0038371350591940921 0.014443845339680447 0.0049679418051770579 -0.0075710393558893144 0.01714235936272113 -0.004538327167237205 -0.00094881220921375303 -0.00081247910344973203 0.0032389402929265997 0.0091459477693063163 0.0062765488185282771 0.0010130535214856714 0.0074953224919676606 -0.0023342532990777809 0.00063530607151442956
leaf_weight=871 70374 246 421 313 319 962 111 6840 8060 589 730 3354 33990 70001 8692 2755 664 214 1086 124 1299 27930 1030 2284 191 844 3008 2670 22297 553
leaf_count=871 70374 246 421 313 319 962 111 6840 8060 589 730 3354 33990 70001 8692 2755 664 214 1086 124 1299 27930 1030 2284 191 844 3008 2670 22297 553
internal_value=4.85439e-05 0.00276505 0.00356417 0.0064854 0.00754397 -3.99178e-05 -0.000266219 4.2983e-05 0.000451011 -0.000748873 0.00287674 0.00460635 -0.00117991 0.000250481 -0.00122376 0.00533893 0.00605631 -0.0054536 -0.00165901 -0.00104414 0.000601307 -0.000344588 0.00365412 -0.000620387 -0.00200264 0.00104978 -0.000178667 0.00886563 -0.00221538 0.0044943
internal_weight=272822 8692 7821 3548 3302 264130 193756 138385 91582 46803 4887 4084 41916 88052 16752 3530 3419 803 35076 55371 71300 32206 1992 30214 23165 4273 3429 2983 22488 677
internal_count=272822 8692 7821 3548 3302 264130 193756 138385 91582 46803 4887 4084 41916 88052 16752 3530 3419 803 35076 55371 71300 32206 1992 30214 23165 4273 3429 2983 22488 677
is_linear=0
shrinkage=0.03


Tree=23
num_leaves=31
num_cat=0
split_feature=32 138 137 38 86 3 0 16 58 47 15 158 74 39 137 27 17 40 73 52 45 26 120 159 25 158 38 48 116 42
split_gain=63.8486 52.3106 54.3738 53.3083 46.8999 67.7029 78.7663 58.0612 63.1201 47.1807 73.7115 54.3703 59.629 53.6003 43.876 42.2817 43.1258 41.7488 40.6855 45.5087 40.6422 41.2061 42.1501 39.2836 38.9164 34.1579 34.0699 80.7918 52.5665 35.3625
threshold=-0.0049950752872973672 0.51432242989540111 0.98083889484405529 -0.022880334407091137 0.81666666269302379 0.01792514976114035 0.025147275999188427 0.93389892578125011 1.004284203052521 1.0944131016731264 0.87613323330879223 -0.05307281203567981 0.35000000894069677 -0.0067961574532091609 0.5394951105117799 0.056010214611887939 0.84405729174613964 0.024021998047828678 0.90000000596046459 0.9424232840538026 1.0768440961837771 0.07284224778413774 0.25574485957622534 1.0000000180025095e-35 0.039915563538670547 0.011117999441921713 -0.012859540991485117 0.90708911418914806 0.65758761763572704 0.058185527101159103
decision_type=10 8 8 10 2 10 10 8 10 10 8 8 2 10 10 10 8 10 10 10 10 10 10 10 10 8 10 10 10 10
left_child=1 -1 3 -3 7 26 -7 8 20 15 13 12 -12 -11 -13 16 -9 -17 19 -5 21 -2 -23 -21 -15 -10 27 -6 -29 -30
right_child=4 2 -4 18 5 6 -8 9 25 10 11 14 -14 24 -16 17 -18 -19 -20 23 -22 22 -24 -25 -26 -27 -28 28 29 -31
leaf_value=-0.0044087551900554908 -0.0018461469078647006 0.018421509209964458 0.00013491758916953485 0.0095744740826188592 -0.023797352268372342 0.010824309975362446 -0.013658711983859538 -0.0053906154191252966 -0.00013032149834412806 0 0.0006673509910891832 -0.0010810015304308304 0.0077123135803536151 0.0021926723787827149 0.00023784726033801627 0.0045508785659396245 0.00038583820256286714 -0.003001219583703205 -8.1303294712168105e-06 0.0052398047800282562 -0.0054096600366563725 -0.0038471826679903915 0.0081554231882541156 -0.003927285988020765 0.027684753915817317 0.0057177919034517724 0.0012267788151836519 -0.0065013183900142525 0 0.014146265999746097
leaf_weight=864 21181 251 3465 1676 138 1082 105 1152 2021 204 6439 73480 1314 120 32354 3838 94398 730 1329 1420 2836 350 737 541 167 1471 17889 719 424 224
leaf_count=864 21181 251 3465 1676 138 1082 105 1152 2021 204 6439 73480 1314 120 32354 3838 94398 730 1329 1420 2836 350 737 541 167 1471 17889 719 424 224
internal_value=9.83926e-06 0.00241841 0.00314087 0.00507193 -7.64979e-05 0.00129591 0.00821959 -0.000194167 -0.00146354 -2.31793e-05 -0.000441585 -0.000495171 0.00191672 0.0109019 -0.00067502 0.000450565 0.000311942 0.00327079 0.00426583 0.00590113 -0.0019957 -0.00154298 0.00402005 0.00254524 0.0188405 0.0022663 0.000848667 -0.00340614 -0.000817869 0.00504504
internal_weight=272919 9546 8682 5217 263373 20581 1187 242792 28596 214196 114078 113587 7753 491 105834 100118 95550 4568 4966 3637 25104 22268 1087 1961 287 3492 19394 1505 1367 648
internal_count=272919 9546 8682 5217 263373 20581 1187 242792 28596 214196 114078 113587 7753 491 105834 100118 95550 4568 4966 3637 25104 22268 1087 1961 287 3492 19394 1505 1367 648
is_linear=0
shrinkage=0.03


Tree=24
num_leaves=31
num_cat=0
split_feature=33 44 16 32 42 41 85 69 38 39 34 20 86 56 3 53 54 26 87 53 1 84 38 137 118 86 127 78 86 5
split_gain=49.3489 90.5026 66.7291 54.3087 51.4147 87.4326 52.6839 88.5876 48.5002 63.7214 43.9723 42.8879 42.7609 45.0708 41.4822 42.9203 43.6192 38.5089 37.8286 37.3111 49.4057 59.8393 35.5129 34.573 34.2144 33.6625 36.9338 33.2149 35.5718 33.1211
threshold=0.47571657598018652 1.0380771160125735 1.1984732747077944 -0.0034855571575462814 0.10417669266462327 0.030068149790167812 0.62500000000000011 0.96000134944915783 0.00082970585208386194 -0.014222740661352871 0.81206515431404125 1.0900297760963442 0.78333333134651195 0.95272973179817211 0.015890445560216907 1.0374999642372134 1.0755762457847597 0.027443456463515762 0.42499999701976782 1.0359762310981753 0.046382918953895576 0.65000000596046459 -0.0014492959599010644 0.40470914542675024 0.08620683848857881 -0.81666666269302357 0.014889298006892206 0.30000000447034841 0.45000000298023229 0.0078616547398269194
decision_type=8 10 10 8 10 10 2 10 10 10 10 10 2 8 10 10 10 8 2 10 10 2 10 10 10 2 10 10 2 10
left_child=1 3 4 -1 12 18 7 -7 -4 -10 -9 -11 13 27 15 -14 -17 -5 -6 -3 -21 -22 -16 24 -8 26 -15 29 -29 -2
right_child=2 19 8 17 5 6 23 10 9 11 -12 -13 14 25 22 16 -18 -19 -20 20 21 -23 -24 -25 -26 -27 -28 28 -30 -31
leaf_value=0.0035130834134406205 -0.0086622159253591218 -0.001307150488161112 0.0068590608996124437 0.00046509955597384982 0.0010692371670449061 -0.0075356371167081236 -0.0055183201250301652 0 -0.012053150655657407 -0.0025256962943596443 0.022776183304564348 0.0083374486963184828 0.00084447822187401478 -0.0014739427327614459 0.011969825388469389 0.0097839101499223157 -0.0085746806721426223 -0.00095870618733780914 0.018005459053551789 -0.0074064445218981262 0.0030827344705807573 -0.012030931887026863 0.00014895905013220895 -0.00099396326779573095 -0.016715460560462601 0.00039886342538549935 0.003711595436881758 0.012764581571536836 -0.0023330351063624876 0
leaf_weight=4018 1247 40561 2369 46112 649 464 594 111 295 568 157 648 11825 15281 639 866 101 27098 141 2134 1093 279 432 420 660 111833 1298 172 444 538
leaf_count=4018 1247 40561 2369 46112 649 464 594 111 295 568 157 648 11825 15281 639 866 101 27098 141 2134 1093 279 432 420 660 111833 1298 172 444 538
internal_value=-3.85852e-05 -0.000490636 0.000320778 0.00012484 0.000216451 -0.00352804 -0.00641401 0 0.00419843 0 0.0134686 0.00306174 0.000301719 0.000131222 0.00188643 0.00137635 0.00742757 -5.79301e-05 0.00483234 -0.00157564 -0.00457165 0 0.00756686 -0.00932238 -0.0118169 0.000209863 -0.0010459 -0.00391779 0.00167967 -0.00601287
internal_weight=273047 121295 151752 77228 147872 3196 2406 732 3880 1511 268 1216 144676 130813 13863 12792 967 73210 790 44067 3506 1372 1071 1674 1254 128412 16579 2401 616 1785
internal_count=273047 121295 151752 77228 147872 3196 2406 732 3880 1511 268 1216 144676 130813 13863 12792 967 73210 790 44067 3506 1372 1071 1674 1254 128412 16579 2401 616 1785
is_linear=0
shrinkage=0.03


Tree=25
num_leaves=31
num_cat=0
split_feature=32 138 1 137 38 47 158 74 25 40 160 13 38 115 67 1 27 7 8 137 162 15 22 112 26 42 159 29 162 24
split_gain=56.1823 43.48 71.7165 65.0542 46.0916 41.4949 52.5561 52.2259 50.2776 57.4439 64.2852 58.3309 56.8055 55.4215 50.976 44.223 46.4236 42.1179 38.095 36.4244 45.7412 77.9881 65.0807 62.2815 38.149 40.7465 36.247 35.1554 34.9606 33.897
threshold=-0.0049950752872973672 0.8068063259124757 0.064701750874519362 0.98083889484405529 -0.02034240402281284 1.0944131016731264 -0.05307281203567981 0.35000000894069677 0.021421742625534538 -0.027883775532245633 0.14107472449541095 1.0337690711021426 -0.022880334407091137 0.74207225441932689 0.48360213637351995 0.036666689440608032 0.064387664198875441 -0.047225514426827424 0.55555763840675365 0.60196307301521312 -0.5573887526988982 0.92293518781661998 1.0132034420967104 -1.0000000180025095e-35 0.029604631476104263 -0.03639374487102031 -0.0016032101702876387 0.012823553755879404 -0.30645056068897242 0.018554405309259895
decision_type=8 10 10 10 10 8 8 2 10 10 10 8 10 10 10 10 10 10 8 10 8 10 10 2 10 10 10 10 10 10
left_child=1 2 18 4 -3 8 7 -7 15 11 14 17 -12 -14 -11 16 -2 -10 -1 20 21 23 -23 -8 26 -26 -22 -16 -13 -18
right_child=5 3 -4 -5 -6 6 19 -9 9 10 12 28 13 -15 27 -17 29 -19 -20 -21 24 22 -24 -25 25 -27 -28 -29 -30 -31
leaf_value=-0.0035334558299006261 0.00074226643958231748 0.019922938047186756 0.011125444524653786 -0.00027658322808361233 0.0055501822050721796 0.00072938970843885943 0.011725872636181104 0.0073855268614950063 0.021222750986246458 0.00082483791036138028 -0.014823570262605064 0.00012647306855131178 0.0020598531083072229 -0.001337256454054681 -0.0022524513622765121 -0.0034967186699113354 0.0030572386990367624 0.0036816683985038253 0.0035803581509025306 0.00024421981931907347 -0.0022029049698435092 -0.0030518708909582468 0.00015793161786694998 -0.00075812422481066205 -0.00098465943565906864 -0.0035329072517020716 0.00025753017023017458 0.0047025671764439354 -0.0092512539377198853 0.013113148148496482
leaf_weight=2463 78953 223 435 1739 2952 6511 849 1285 117 6576 189 2810 12085 6599 27094 2107 1574 4226 878 29434 8728 7018 28844 537 10380 13566 13563 625 381 410
leaf_count=2463 78953 223 435 1739 2952 6511 849 1285 117 6576 189 2810 12085 6599 27094 2107 1574 4226 878 29434 8728 7018 28844 537 10380 13566 13563 625 381 410
internal_value=0 0.00237125 0 0.00422576 0.00677196 -7.75186e-05 -0.000488421 0.00188098 0.000265482 -0.000387438 -0.000739153 0.00205031 0.000655539 0.000843842 -0.00151535 0.000746333 0.000861333 0.0043181 -0.00156454 -0.000654967 -0.000975565 -0.000183885 -0.0004632 0.00673365 -0.00160649 -0.00244257 -0.000693514 -0.00208154 -0.000950431 0.00539516
internal_weight=273151 8690 3776 4914 3175 264461 120715 7796 143746 60702 53168 7534 18873 18684 34295 83044 80937 4343 3341 112919 83485 37248 35862 1386 46237 23946 22291 27719 3191 1984
internal_count=273151 8690 3776 4914 3175 264461 120715 7796 143746 60702 53168 7534 18873 18684 34295 83044 80937 4343 3341 112919 83485 37248 35862 1386 46237 23946 22291 27719 3191 1984
is_linear=0
shrinkage=0.03


Tree=26
num_leaves=31
num_cat=0
split_feature=16 19 49 33 1 37 2 53 102 19 21 81 3 84 42 36 1 17 80 33 36 22 130 36 140 30 27 125 142 37
split_gain=50.1556 39.5965 64.2984 40.5232 67.534 49.7272 60.6873 60.4104 47.8481 69.8475 71.4958 45.6354 38.2926 42.1222 37.7063 33.6874 36.4394 26.2083 33.2247 26.0203 25.2539 25.186 24.8917 24.2713 27.0261 23.5159 31.1703 26.7933 21.1838 19.0557
threshold=1.2394970059394839 0.91697111725807201 0.8330044448375703 0.37827691435813909 0.014285720419138672 0.73129728436470043 0.9302317500114442 1.0493158698081972 0.54631218314170849 0.95909300446510326 0.89027804136276256 0.15000000596046451 0.0060605979524552831 0.75000000000000011 0.07427257671952249 0.23618644475936892 0.037111513316631324 1.1986799240112307 0.27500000596046453 0.97387737035751354 0.80461445450782787 1.1343764662742617 1.0000072717666628 0.63385623693466198 0.72613099217414867 0.00091051589697599422 0.10543642938137056 0.563145011663437 1.7056966423988345 0.84403011202812206
decision_type=10 8 8 8 8 10 10 8 2 8 8 2 10 2 10 10 10 8 2 10 10 10 10 10 10 10 8 10 10 10
left_child=1 15 12 4 -4 7 -7 -6 9 11 -11 -5 14 28 -3 -1 -17 18 20 21 -18 -2 -15 -23 -25 26 -10 -27 29 -14
right_child=19 2 3 8 5 6 -8 -9 25 10 -12 -13 13 22 -16 16 17 -19 -20 -21 -22 23 -24 24 -26 27 -28 -29 -30 -31
leaf_value=0.0055675630452078099 -0.0040050877816527365 0.0028831155070358711 0.00057333384078314177 0.0017715101798206558 -0.0014678909083329793 -0.00011810061103435396 0.0080685595539998281 -0.01257132590392185 0.00063941284158046266 0.017871332295899798 8.7958223733287973e-05 -0.0041405454455055932 0.014771322912948491 0.00016715846138029564 0.019466375964928374 0.0018757398865855723 -0.018149101204522278 -0.025640761065762487 0.00030867829059763829 -0.0088782442405849222 -0.00018302147302569615 9.2593423855235712e-05 -0.016626827848376706 -0.001873885735702247 0.0082252564654341533 0.0025992668233375715 -0.0065107115414864188 -0.00078670245076770595 -0.002638193133527473 0
leaf_weight=155 240 295 31211 1388 51254 16716 834 433 9858 184 133503 5687 240 103 300 201 256 100 225 107 142 717 124 214 1764 13573 558 2327 104 101
leaf_count=155 240 295 31211 1388 51254 16716 834 433 9858 184 133503 5687 240 103 300 201 256 100 225 107 142 717 124 214 1764 13573 558 2327 104 101
internal_value=-4.85347e-05 -9.29317e-05 -6.85618e-05 -0.00010184 -0.000578688 -0.00110235 0.000262608 -0.00157154 0.000183083 -3.44192e-05 0.000117348 -0.00293669 0.00661738 0.00112593 0.0120934 -0.00577908 -0.00807789 -0.0112249 -0.00771878 0.00376706 -0.0127723 0.00438656 -0.00839556 0.00526836 0.00697466 0.00135702 0.00021588 0.00208451 0.00678032 0.0104709
internal_weight=272914 269872 268793 267526 100448 69237 17550 51687 167078 140762 133687 7075 1267 672 595 1079 924 723 623 3042 398 2935 227 2695 1978 26316 10416 15900 445 341
internal_count=272914 269872 268793 267526 100448 69237 17550 51687 167078 140762 133687 7075 1267 672 595 1079 924 723 623 3042 398 2935 227 2695 1978 26316 10416 15900 445 341
is_linear=0
shrinkage=0.03


Tree=27
num_leaves=31
num_cat=0
split_feature=158 1 117 15 42 23 6 57 39 84 87 1 41 137 10 50 111 14 67 77 26 40 24 38 52 138 22 121 12 121
split_gain=53.9046 76.5072 59.9263 51.324 49.7136 66.3977 87.3845 63.0887 59.4045 60.7866 57.6026 58.2766 61.061 61.4559 41.8338 59.1002 41.3621 38.3605 63.1258 65.8602 51.1185 69.7659 39.8445 36.635 41.7939 35.9335 35.9148 35.4054 35.4023 31.6056
threshold=-0.05307281203567981 0.057770330458879478 0.39863055944442755 1.1539047956466677 -0.0023166368482634421 0.041296407580375678 0.07142979279160501 1.1707749962806704 0.008590007200837137 0.65000000596046459 0.4916666597127915 0.018348633311688903 -0.031841535121202462 0.50070160627365123 1.0220433473587038 0.99521532654762279 -0.16954023391008374 0.89384698867797863 0.97801932692527782 0.15833333879709247 0.027443456463515762 -0.029080298729240891 0.026175954379141334 -0.0010781595483422277 0.74442970752716076 1.1876382231712344 1.1661723852157595 0.63200011849403392 0.99058714509010326 0.3473051935434342
decision_type=8 10 10 10 8 10 10 10 10 2 2 10 10 10 10 10 2 8 10 2 10 10 10 10 10 10 10 10 10 10
left_child=1 2 14 -4 10 7 25 17 9 -8 11 27 29 26 -1 -16 -3 18 19 -6 22 -22 -19 24 -10 -7 -14 -2 -5 -13
right_child=4 16 3 28 5 6 8 -9 23 -11 -12 12 13 -15 15 -17 -18 20 -20 -21 21 -23 -24 -25 -26 -27 -28 -29 -30 -31
leaf_value=0.0010585676340253438 -0.00068634865331969157 0.013650470920274721 0.00041395708814447008 -0.0038794294849503787 -8.4010245727223905e-05 -0.018935806693583232 0 0.0033824536780563304 0.019375999565036182 -0.024673071479458495 0.00055497995796479976 0.012620348352630163 -0.0035932589977994119 -0.000585560006992489 -0.011068458664526205 0 0.0013825876876158085 0.00084964373642788652 -0.00035481448565549066 0.01103994762484363 0.0026453893209478041 -0.00084701231521865648 -0.0027278698787938675 -0.0035879521194516735 0.0014524442406489231 0 0.0043180493067135105 0.0011474467670328731 0.0089835918950943536 0
leaf_weight=2639 34478 740 1988 172 682 433 210 6065 172 146 32909 161 19648 11309 749 938 461 68158 2091 1256 5661 52211 2867 405 422 133 480 12983 1630 10794
leaf_count=2639 34478 740 1988 172 682 433 210 6065 172 146 32909 161 19648 11309 749 938 461 68158 2091 1256 5661 52211 2867 405 422 133 480 12983 1630 10794
internal_value=7.50934e-06 0.00224863 0.00114996 0.0039132 -7.07083e-05 0.000312439 -0.00518717 0.000391343 -0.000754312 -0.0111023 -0.000512926 -0.000907425 -0.00171639 -0.00238888 -0.00120874 -0.00490213 0.00928696 0.000252123 0.00313139 0.00701123 0.000159326 -0.00049941 0.000700284 0.00278439 0.00759311 -0.0148995 -0.00338561 -0.000178122 0.00756206 0.000186916
internal_weight=272991 9317 8116 3790 263674 140912 1921 138991 1355 356 122762 89853 42392 31437 4326 1687 1201 132926 4029 1938 128897 57872 71025 999 594 566 20128 47461 1802 10955
internal_count=272991 9317 8116 3790 263674 140912 1921 138991 1355 356 122762 89853 42392 31437 4326 1687 1201 132926 4029 1938 128897 57872 71025 999 594 566 20128 47461 1802 10955
is_linear=0
shrinkage=0.03


Tree=28
num_leaves=31
num_cat=0
split_feature=32 140 86 54 26 10 33 13 10 20 34 16 112 23 38 38 12 86 161 119 123 41 18 139 42 123 2 13 112 44
split_gain=52.6606 50.4088 40.1493 40.0847 39.0269 50.6542 48.2941 47.0537 74.8811 71.4451 51.437 59.4336 47.0367 56.2808 44.7958 52.5309 42.9979 42.8541 52.4303 38.2305 36.9878 36.5018 34.2804 37.4558 35.1144 34.1505 29.7971 29.1927 28.8977 31.8039
threshold=-0.0049950752872973672 0.80279362201690685 -0.58333334326744068 0.97059071063995372 0.021892795339226726 1.0355787277221682 0.2562058717012406 0.96653175354003917 1.018909275531769 0.9667324721813203 0.31925472617149359 0.90740743279457103 -0.0168079100549221 0.018157642334699634 0.00044053659075871115 -0.012047171592712401 1.0187831521034243 0.71666666865348827 0.79649782180786144 0.25454533100128179 0.31343345344066625 -0.00024339989613508803 1.0224276185035708 0.98224520683288585 -0.10349908098578452 0.13636346161365512 0.79999396204948436 1.0046759247779848 -0.23294574022293088 1.0431923866271975
decision_type=8 8 2 10 10 10 8 8 10 10 10 8 2 10 10 8 10 2 10 10 8 10 10 10 10 8 10 8 2 10
left_child=1 -1 3 -3 5 25 22 8 17 10 11 -9 13 -10 15 -11 -14 18 -8 -12 -16 -19 24 -24 -6 -2 27 -4 -26 -30
right_child=4 2 26 -5 6 -7 7 9 12 14 19 -13 16 -15 20 -17 -18 21 -20 -21 -22 -23 23 -25 28 -27 -28 -29 29 -31
leaf_value=-0.0024495099278896604 4.1912361665659668e-05 -0.0075379812610656795 -0.0032180480687047461 0.0066591526179030471 0.0065604665745580435 -0.008459505036456318 -0.0018509576188260022 0.0019797666116090221 -0.0033114552834798187 -0.002431393418213342 0.0032975858642372122 0.01206994404805131 0.0017315306763029056 0.011572776189858759 -0.00035514803601282993 0.00097448335000200682 -0.013196131861399089 -0.0084925304902889933 -0.006909790005708666 -0.00075810318076988874 -0.003193883753975496 0.00076174256517733347 -0.010009049995802342 0 0.0016024805209595983 0.001257368051638941 0.0089394441895880236 0.0024086195600272089 -0.00064479589933497019 -0.0023537504756916635
leaf_weight=1546 51663 154 1287 3132 524 543 14134 1266 258 4430 4645 1012 1978 886 36681 44103 169 385 2186 3604 4701 6732 780 598 3353 35430 387 2213 29033 15383
leaf_count=1546 51663 154 1287 3132 524 543 14134 1266 258 4430 4645 1012 1978 886 36681 44103 169 385 2186 3604 4701 6732 780 598 3353 35430 387 2213 29033 15383
internal_value=3.71652e-05 0.00232898 0.00340454 0.00586148 -3.7425e-05 0.000478885 -0.000295011 1.2541e-05 -0.00110318 0.000312584 0.00264891 0.0066589 0.00308966 0.00795906 3.519e-05 0.000656549 0.00030712 -0.00170685 -0.00255456 0.00149182 -0.000686262 0.000196695 -0.00108815 -0.00576325 -0.000946205 0.000539987 0.00123133 0.000247858 -0.00103754 -0.00124422
internal_weight=273196 8719 7173 3286 264477 87636 176841 127170 26728 100442 10527 2278 3291 1144 89915 48533 2147 23437 16320 8249 41382 7117 49671 1378 48293 87093 3887 3500 47769 44416
internal_count=273196 8719 7173 3286 264477 87636 176841 127170 26728 100442 10527 2278 3291 1144 89915 48533 2147 23437 16320 8249 41382 7117 49671 1378 48293 87093 3887 3500 47769 44416
is_linear=0
shrinkage=0.03


Tree=29
num_leaves=31
num_cat=0
split_feature=16 58 49 3 101 37 14 6 86 3 16 58 45 51 1 139 59 17 27 74 37 28 36 140 23 48 29 161 17 161
split_gain=57.812 45.6434 50.8483 80.1118 56.4382 51.1728 81.4034 61.738 40.8742 61.3807 50.2785 57.8061 52.2801 42.4821 69.3055 40.2674 40.6251 39.1307 39.0638 46.7304 36.9691 31.5306 30.7843 41.1198 38.9272 30.0208 28.3512 22.8812 20.8376 19.3691
threshold=1.2206377983093264 0.90896162390708934 0.8330044448375703 0.0074946356471627959 0.62284481525421154 0.42039895057678228 0.92472085356712352 0.29411731660366064 0.78333333134651195 0.017324396409094337 0.91151621937751781 1.0044825077056887 1.0675126910209658 0.83511987328529369 0.024295498616993431 0.74648389220237743 0.87291401624679577 1.0675081610679629 0.046915264800190933 0.65000000596046459 0.84403011202812206 -0.011258673854172228 0.80770382285118114 0.76384052634239208 0.016831624321639541 0.96668818593025219 0.0019082854851149025 0.48046755790710455 0.91203439235687267 0.83919203281402599
decision_type=10 8 8 10 2 10 8 10 2 10 8 10 10 8 10 10 10 10 10 2 8 10 10 10 10 10 10 10 8 10
left_child=1 15 3 4 -3 -5 7 -7 10 17 11 12 -4 14 -12 -1 -17 21 28 -20 -15 -10 29 25 -25 -24 -19 -13 -11 -2
right_child=22 2 8 5 -6 6 -8 -9 9 18 13 27 -14 20 -16 16 -18 26 19 -21 -22 -23 23 24 -26 -27 -28 -29 -30 -31
leaf_value=-0.020240093053617521 -0.00064883701392594079 0.016422839389794705 -0.0015586025083994294 0.013410020710049283 -0.00089213965843225806 -0.020261787679151301 0.013854592638646267 0.0010989957370739377 0.0065092784085859267 -0.0091548575609922394 -0.0014940146999447444 0.00047089419682572111 -0.0063993390792838733 -0.00020683168294898243 0.0064912463860122595 -0.011301961105135021 0.0018170705143821463 0.0017541632615149518 -0.0044135789538746412 0.01300754227859844 0.0012365879058561374 0.00079936571527251745 0.0080043756771677483 -0.0018112475341851156 0.010323302975793489 -0.0086345758273576687 -0.0075912530682221806 0.0079048633657574814 0.0046520810810768091 0.0059222300932921757
leaf_weight=149 1564 597 11125 131 187 281 114 159 910 145 1624 1206 2532 205822 2242 318 483 369 126 854 17261 20886 124 232 1367 241 818 594 210 500
leaf_count=149 1564 597 11125 131 187 281 114 159 910 145 1624 1206 2532 205822 2242 318 483 369 126 854 17261 20886 124 232 1367 241 818 594 210 500
internal_value=2.61152e-05 -2.62976e-05 -1.68409e-06 0.00552557 0.0120003 -0.00158957 -0.00600272 -0.0121784 -3.36625e-05 0.00113689 -0.000152413 -0.00180725 -0.00248605 -3.82349e-05 0.00306923 -0.00652232 -0.00317427 0.000755817 0.007368 0.0104242 -9.37019e-05 0.00105726 0.00358518 0.00628074 0.00837677 -0.0020805 -0.00445659 0.00314885 -0.000374861 0.000840596
internal_weight=273171 269143 268193 1469 784 685 554 440 266724 24318 242406 15457 13657 226949 3866 950 801 22983 1335 980 223083 21796 4028 1964 1599 365 1187 1800 355 2064
internal_count=273171 269143 268193 1469 784 685 554 440 266724 24318 242406 15457 13657 226949 3866 950 801 22983 1335 980 223083 21796 4028 1964 1599 365 1187 1800 355 2064
is_linear=0
shrinkage=0.03


Tree=30
num_leaves=31
num_cat=0
split_feature=16 46 53 34 151 52 40 18 71 73 41 63 118 11 49 51 161 1 139 38 118 80 62 6 160 50 7 32 0 77
split_gain=49.5967 41.9858 61.1621 49.959 43.8277 43.0641 40.5515 66.5697 63.6619 60.2467 54.4404 52.7799 40.7872 40.3484 54.186 36.1683 35.6451 35.6368 31.3115 34.0128 30.8651 30.3326 28.9571 28.8966 28.4904 28.0188 47.4555 50.1962 59.44 24.2271
threshold=1.2394970059394839 1.0102310180664065 0.97617867588996898 0.80245655775070202 0.44898721575737005 0.793411284685135 -0.030343431979417797 1.0224276185035708 0.57792210578918468 0.5000000149011613 0.0077224869746714839 0.38750000298023229 0.55737653374671947 0.99795505404472362 0.91011613607406627 0.9498327672481538 0.73816853761672985 0.057770330458879478 0.73323640227317821 -0.0032786626834422346 0.53608214855194103 0.87500000000000011 0.91045063734054577 0.11110970750451089 0.2989968359470368 0.89918532967567455 0.016949143260717395 -0.0023862338857725258 0.03806229121983052 0.091666668653488173
decision_type=10 10 10 10 10 10 10 10 10 10 10 10 8 10 10 8 10 10 10 10 8 2 10 10 10 8 10 10 10 2
left_child=1 3 4 29 22 23 8 13 12 10 -9 24 -4 15 -15 -8 -2 -14 -18 -20 -13 -11 -3 -6 -10 26 -5 -28 -29 -1
right_child=16 2 6 25 5 -7 7 9 11 21 -12 20 17 14 -16 -17 18 -19 19 -21 -22 -23 -24 -25 -26 -27 27 28 -30 -31
leaf_value=0 0.00031815880084180468 -0.020623179490874798 -0.012306548186698218 -0.0060790507456426213 0 -0.0051719894107704152 -0.00077888401552949249 -0.0018731354201961027 0.0061732712263639859 -0.01031421548104092 0.012545300088589036 0.0063634172355426857 -0.00014432925964812961 0.0089560340424046023 0.00065247799478338484 7.3701089519346259e-05 0 0.0050421702878150863 0.015466428444584056 0.0039300987936730499 -0.0017532003046131174 -0.0024008777741141101 -0.005795631709896166 0.015910165841989919 -0.0074087449347280199 0.00081262784709441502 0.014600888343328343 0.00099815745127418724 -0.013520225036447332 0.0025183039146782632
leaf_weight=4461 1536 219 216 1910 278 1140 83566 7650 3890 1217 219 523 14917 713 29112 95220 411 1269 501 611 1864 877 463 139 108 4083 183 1652 275 14282
leaf_count=4461 1536 219 216 1910 278 1140 83566 7650 3890 1217 219 523 14917 713 29112 95220 411 1269 501 611 1864 877 463 139 108 4083 183 1652 275 14282
internal_value=-1.88295e-05 -6.30197e-05 -0.000188183 0.00106083 -0.00510538 -0.00203223 -0.000140906 -0.000267586 0.00106023 -0.00266262 -0.00140304 0.00359742 5.11001e-05 -0.00015152 0.000866904 -0.000323169 0.00376562 0.000249507 0.00699889 0.00957412 0 -0.00719597 -0.0114362 0.00570865 0.00569666 -0.0008807 -0.00267033 0.000302551 -0.00103726 0.00191623
internal_weight=273505 270446 243600 26846 2239 1557 241361 218574 22787 9963 7869 6385 16402 208611 29825 178786 3059 16186 1523 1112 2387 2094 682 417 3998 8103 4020 2110 1927 18743
internal_count=273505 270446 243600 26846 2239 1557 241361 218574 22787 9963 7869 6385 16402 208611 29825 178786 3059 16186 1523 1112 2387 2094 682 417 3998 8103 4020 2110 1927 18743
is_linear=0
shrinkage=0.03


Tree=31
num_leaves=31
num_cat=0
split_feature=55 49 36 85 33 26 33 44 159 1 121 52 13 39 39 51 30 37 27 13 62 27 115 82 37 104 40 37 35 114
split_gain=38.8462 66.4711 63.0745 68.9889 49.7974 41.4582 37.5551 74.3719 52.0209 38.3278 77.8365 42.1269 40.3722 43.8129 40.0947 39.4903 43.1256 36.8148 42.0648 36.0122 35.4069 34.5368 44.8455 38.2774 33.2592 31.6613 30.6829 50.3959 37.784 29.1304
threshold=0.93731585144996654 0.8330044448375703 0.80770382285118114 0.87500000000000011 0.93002739548683178 0.041334966197609908 0.37253709137439733 1.0380771160125735 -0.00083169556455686678 0.055469902232289321 0.68470582365989696 0.61240950226783764 1.1029161214828493 -0.0090001458302140219 0.027066319249570373 0.86754149198532116 -0.0053237816318869582 0.73129728436470043 0.034925539046525962 0.9865228831768037 0.69107174873352062 0.094099003821611418 0.40825690329074865 0.24166666716337207 0.73783451318740856 0.58571431040763866 -0.030343431979417797 0.72109693288803112 0.87449517846107494 0.57376989722251903
decision_type=8 8 10 2 10 10 8 8 10 10 8 8 10 10 10 10 10 10 10 10 10 10 10 2 10 2 10 10 10 10
left_child=2 4 3 5 24 -1 7 17 26 11 15 19 14 -14 -13 -11 -17 18 -3 20 -8 23 -23 -10 -2 -26 27 -9 -28 -19
right_child=1 6 -4 -5 -6 -7 9 8 21 10 -12 12 13 -15 -16 16 -18 29 -20 -21 -22 22 -24 -25 25 -27 28 -29 -30 -31
leaf_value=0.0037992896571416739 0.0033586950128566147 0.00048488706149835722 0.0035008101941734226 -0.019168481164990633 -0.0065314362579109997 -0.0075028259754885331 -0.00066326729119657634 -0.0034467778785554682 0.00085516642269690437 0.005473997878263125 0.01122358385247187 0.00035134043074406439 -0.0072855014209170441 0.0029507733488500841 -0.0023473103646039044 0.0037211015498040023 -0.0050721200884605551 0.0026925522318496618 -0.0012655360747084129 0.0013388206655940702 -0.025017505928204627 -0.00063606787551758576 0.0085061380160157563 -0.0018719241110073206 0.016662583801163387 0 -0.0039068454395382451 0.0046722181176782679 -0.021562592453730756 -0.00011910023816957493
leaf_weight=398 744 30000 647 335 200 803 123 1944 6253 1090 836 158141 1254 472 5072 785 1235 7956 20850 135 140 1077 780 16487 503 110 8169 1027 100 5337
leaf_count=398 744 30000 647 335 200 803 123 1944 6253 1090 836 158141 1254 472 5072 785 1235 7956 20850 135 140 1077 780 16487 503 110 8169 1027 100 5337
internal_value=-6.32573e-06 2.48465e-05 -0.0039748 -0.00732104 0.00616638 -0.00351083 -1.00079e-05 -0.000472042 -0.00156696 0.000261125 0.00318041 0.000189262 0.00021512 -0.00431269 0.000265362 0.000864573 -0.00150491 0.000135317 -0.000227156 -0.00930653 -0.0155394 -0.000777034 0.00309384 -0.00110876 0.00832338 0.0135786 -0.00326451 -0.000527469 -0.00420807 0.00154269
internal_weight=273003 270820 2183 1536 1557 1201 269263 99980 35837 169283 3946 165337 164939 1726 163213 3110 2020 64143 50850 398 263 24597 1857 22740 1357 613 11240 2971 8269 13293
internal_count=273003 270820 2183 1536 1557 1201 269263 99980 35837 169283 3946 165337 164939 1726 163213 3110 2020 64143 50850 398 263 24597 1857 22740 1357 613 11240 2971 8269 13293
is_linear=0
shrinkage=0.03


Tree=32
num_leaves=31
num_cat=0
split_feature=42 6 102 37 13 40 93 40 25 86 1 38 84 141 56 121 49 18 27 44 158 13 38 102 11 25 8 4 141 23
split_gain=38.6923 49.5596 44.0485 40.1984 56.2018 53.4039 47.3667 45.2533 51.8312 56.1059 64.8536 50.9502 73.4311 52.6269 47.2385 57.9039 43.6155 50.5646 36.452 35.6549 33.5347 40.8866 40.2523 29.5928 29.4923 32.5429 32.2146 29.0318 27.6284 28.3572
threshold=-0.091821700334548936 0.20000169426202777 0.53923079371452343 0.73783451318740856 1.1029161214828493 -0.056817302480339997 0.28622621297836309 0.034699970856308944 0.041502594947814948 -0.81666666269302357 0.018544884398579601 -0.002300960361026227 0.84999999403953563 1.225237309932709 0.90283629298210155 0.46547596156597143 0.8330044448375703 0.95090609788894664 0.03247275389730931 1.1257883906364443 0.1100321374833584 0.92284873127937328 -0.0049498211592435828 0.61167800426483165 0.97153580188751232 0.027887425385415558 -0.76811751723289479 0.31250144541263586 1.2394460439682009 0.043943552300333984
decision_type=8 10 2 10 10 10 8 10 10 2 10 10 2 10 10 10 10 10 8 10 8 10 10 2 10 10 10 10 10 10
left_child=1 -1 -3 4 7 19 28 8 9 10 -2 14 -13 -14 -9 -16 17 -8 -11 23 21 -10 -22 -5 25 -18 -26 -19 29 -7
right_child=3 2 -4 5 -6 6 16 11 20 18 -12 12 13 -15 15 -17 24 27 -20 -21 22 -23 -24 -25 26 -27 -28 -29 -30 -31
leaf_value=-3.4220492284825569e-05 -0.00014714144403773203 0.0074997953836353276 -0.00012811292710317233 0.015168250856635371 -0.008780220917978393 -0.00049122289774924629 -0.0041866649323678076 -0.011705888022304229 -0.0093963090550856412 0.00034486867961750162 -0.0040522279642398878 -0.004736607408422468 0.0078754722581733799 -0.0034896206165678564 0.0099097920429235178 0 -9.2236500571698894e-05 0.022067273706862969 -0.00055555974627232644 0 0.0028199728703339868 0.0022451126131102402 -0.004619243377009882 0 0.0036842163512605217 0.0063494688429378667 0.00040573654128462055 0.0017256130644030148 0.0014634652522050647 -0.0080748266006469629
leaf_weight=3516 8452 2090 893 482 673 27119 121 210 248 83241 7240 6457 785 615 664 2107 952 232 78447 329 1031 14555 1602 162 3219 1975 18181 135 7095 438
leaf_count=3516 8452 2090 893 482 673 27119 121 210 248 83241 7240 6457 785 615 664 2107 952 232 78447 329 1031 14555 1602 162 3219 1975 18181 135 7095 438
internal_value=1.4612e-05 0.00229891 0.00513074 -4.00819e-05 -0.000240461 0.000638854 0.000518039 -0.000210205 -0.000103518 -0.000258426 -0.00197083 -0.00209658 -0.00337123 0.00269285 0.0011631 0.00232276 0.00151937 0.0103112 -9.01563e-05 0.00756144 0.00145369 0.00201743 -0.0015939 0.0115686 0.00132236 0.00416611 0.000915872 0.0158357 -0.000190846 -0.000628407
internal_weight=273266 6499 2983 266767 206327 60440 59467 205654 194816 177380 15692 10838 7857 1400 2981 2771 24815 488 161688 973 17436 14803 2633 644 24327 2927 21400 367 34652 27557
internal_count=273266 6499 2983 266767 206327 60440 59467 205654 194816 177380 15692 10838 7857 1400 2981 2771 24815 488 161688 973 17436 14803 2633 644 24327 2927 21400 367 34652 27557
is_linear=0
shrinkage=0.03


Tree=33
num_leaves=31
num_cat=0
split_feature=33 18 31 38 14 86 138 139 140 1 37 2 35 86 56 53 38 161 11 118 53 68 12 130 105 10 54 124 7 20
split_gain=41.7833 62.5943 59.5343 57.3732 52.8256 74.765 52.0387 48.245 46.9537 44.7945 55.6169 63.181 43.9029 43.8772 58.2699 52.0537 48.881 46.9969 41.7601 41.5712 44.8934 41.2926 40.7728 39.4241 38.9313 38.6266 39.0193 39.0145 38.6794 36.4492
threshold=0.37253709137439733 1.0150109529495241 -0.0068881371989846221 -0.0025771305663511153 0.9111917018890382 0.55000001192092907 0.58936071395874035 0.97962749004364025 1.2267540097236636 0.014285720419138672 0.71750915050506603 0.92307209968566906 0.74131309986114513 0.68333333730697643 0.9553913176059724 1.0400000214576723 -0.018661867827177044 0.19780779629945758 0.9927404820919038 0.59420290589332592 1.0790681242942812 0.84498134255409252 0.98191726207733165 1.9662677049636843 0.39444445073604589 1.0154473185539248 1.0028015971183779 0.49999986588954931 0.043844679370522506 0.94250604510307323
decision_type=8 8 8 10 8 2 10 10 10 10 10 10 10 2 8 10 10 10 10 10 10 10 10 10 2 10 8 10 10 10
left_child=1 4 3 21 5 6 -1 -3 -8 -6 -11 18 -9 14 17 16 24 -4 -12 -17 -21 23 -5 -2 -15 26 28 -27 -7 -18
right_child=2 7 13 22 9 25 8 12 -10 10 11 -13 -14 15 -16 19 29 -19 -20 20 -22 -23 -24 -25 -26 27 -28 -29 -30 -31
leaf_value=-0.005755413594066768 0.010616828773904966 -0.0054009628738460862 0.0075310526282469882 0.010673876669575661 0.00054476889599297258 0.0026880102325708925 0.018363134925057752 -0.0021402607132415138 0.001789621964971711 -0.0013978552503143631 -0.00094081971211203803 0.0080558837662074792 0.0075412957809236087 0 6.8738516665400084e-05 0.020623602367750259 0.0031112723065715533 -0.0054048578259324577 0.0023745493314685068 0.006561117716999772 -0.0075828166157681474 -0.001622352226240377 -0.00033052126614459081 -0.00020604603154441485 -0.021006143772629677 -0.004894088347575494 -0.019616365120539235 0.013847278569754602 -0.014095255785837901 0.00041436960140157756
leaf_weight=116 1614 3930 243 313 30692 467 548 1914 276 45170 10206 953 519 130 137315 159 6105 2692 5098 1356 201 356 2955 305 142 120 115 238 141 18512
leaf_count=116 1614 3930 243 313 30692 467 548 1914 276 45170 10206 953 519 130 137315 159 6105 2692 5098 1356 201 356 2955 305 142 120 115 238 141 18512
internal_value=1.02685e-05 -0.000474715 0.000294762 0.00335107 -0.000276247 0.00448613 0.0106013 -0.00335396 0.0133412 -0.000384936 -0.000854372 0.000637126 0 0.000191043 -1.88002e-05 0.00130769 0.000942367 -0.0041886 0.000145662 0.00636171 0.00447197 0.00700258 0.000690724 0.00875757 -0.011172 -0.000654913 -0.00485664 0.00684504 -0.00105139 0.00109736
internal_weight=272901 100503 172398 5543 94140 2021 940 6363 824 92119 61427 16257 2433 166855 140250 26605 24889 2935 15304 1716 1557 2275 3268 1919 272 1081 723 358 608 24617
internal_count=272901 100503 172398 5543 94140 2021 940 6363 824 92119 61427 16257 2433 166855 140250 26605 24889 2935 15304 1716 1557 2275 3268 1919 272 1081 723 358 608 24617
is_linear=0
shrinkage=0.03


Tree=34
num_leaves=31
num_cat=0
split_feature=32 38 8 138 26 39 25 17 52 38 79 1 15 33 11 79 25 10 79 117 2 82 84 64 37 157 82 91 96 15
split_gain=37.323 44.2681 37.1649 39.5889 33.5749 42.3325 42.1618 43.4738 48.1205 42.8344 58.7248 47.5147 61.3441 52.7452 42.0371 38.4604 36.8998 36.4276 34.9892 34.4062 31.6106 54.1552 30.2186 29.1058 28.2703 25.836 30.1443 28.0528 26.7939 25.9346
threshold=-0.0049950752872973672 -0.02034240402281284 0.85714098811149608 0.51432242989540111 0.021392118185758594 0.01746934745460749 0.03038082737475634 0.9647948443889619 0.74442970752716076 -0.02792282588779926 0.15000000223517421 0.044294539839029319 0.83749577403068554 0.61297926306724559 0.99590617418289196 0.25000000745058065 0.021193827502429489 1.0355787277221682 0.84999999403953563 0.56527391076087963 -0.52173838019371022 0.92500001192092907 0.84999999403953563 0.44722221791744238 0.744307041168213 0.0017500795656815173 0.058333335444331176 0.54265096783638012 0.49909532070159918 1.1418217420578005
decision_type=8 8 10 8 10 10 10 10 10 8 2 10 8 8 10 2 10 10 2 10 10 2 2 8 10 10 2 10 10 10
left_child=1 24 3 -3 17 6 7 16 15 10 -8 13 -13 -11 -10 -9 19 23 -18 -6 21 -7 -5 -2 -1 28 27 -27 29 -22
right_child=4 2 -4 22 5 20 9 8 14 11 -12 12 -14 -15 -16 -17 18 -19 -20 -21 25 -23 -24 -25 -26 26 -28 -29 -30 -31
leaf_value=0.0012880740705832768 -0.00015915129731499498 -0.0062073236579630285 0.0063114474115043831 0.0017067126114553308 1.117015419604629e-05 -0.01523252194202576 -0.019501522427100487 -0.025788265162263995 -0.0014648388964647887 -0.00055252672266048204 -0.00066689490547387634 -0.0047289032253896258 0.0042488868492136077 0.0013117763050885017 0.00014347707791554832 -0.00037237978110291585 -0.0010765142267514546 -0.0076140548776453499 0.0019788876175418401 0.0031689079446016797 -0.00093837262622976654 0.0014379999471411432 -0.0086693050408075574 0.00097335324218334927 0.016924526930755138 -0.0011632908855524593 -0.0027903481702830943 0.0064926036120730507 0.0066439207440929576 0.0057734852795313764
leaf_weight=240 35346 685 1151 6162 6340 373 204 108 42148 29659 560 738 5346 25107 21896 137 15948 479 4213 6453 7916 257 236 47087 268 1228 10833 608 484 527
leaf_count=240 35346 685 1151 6162 6340 373 204 108 42148 29659 560 738 5346 25107 21896 137 15948 479 4213 6453 7916 257 236 47087 268 1228 10833 608 484 527
internal_value=-1.46263e-06 0.00192368 0.00133827 0.000472391 -6.64894e-05 -0.000296395 -0.000122683 -0.000513186 -0.000968515 0.000488731 -0.00644788 0.000582842 0.00309879 0.000296838 -0.000910416 -0.0138089 0.000366053 0.000431966 -0.00042184 0.00162986 -0.00152326 -0.00813547 0.00125141 0.000484193 0.010434 -0.00130914 -0.00217969 0.001253 -3.80343e-05 -0.000471326
internal_weight=272737 8742 8234 7083 263995 181083 158857 97243 64289 61614 764 60850 6084 54766 64044 245 32954 82912 20161 12793 22226 630 6398 82433 508 21596 12669 1836 8927 8443
internal_count=272737 8742 8234 7083 263995 181083 158857 97243 64289 61614 764 60850 6084 54766 64044 245 32954 82912 20161 12793 22226 630 6398 82433 508 21596 12669 1836 8927 8443
is_linear=0
shrinkage=0.03


Tree=35
num_leaves=31
num_cat=0
split_feature=29 161 43 86 35 40 18 54 16 41 5 162 49 36 84 15 37 52 67 11 36 117 25 83 42 59 161 5 42 13
split_gain=33.54 63.8356 37.2867 34.7076 63.298 47.2283 59.8917 47.7303 41.911 50.6083 40.4423 48.7007 38.6161 35.6435 35.0047 68.4414 34.0986 45.3324 33.7742 41.5001 33.9499 32.7101 37.1227 31.5239 35.0128 31.5582 28.042 27.9151 27.2377 27.1829
threshold=-0.015768441371619698 0.89752116799354564 1.1307523846626284 -0.81666666269302357 0.56197729706764232 -0.02971203904598951 1.024536728858948 1.0507462620735171 0.93389892578125011 -0.049421655014157288 0.011970939114689829 1.1251354813575747 0.8330044448375703 0.84895551204681408 -0.55000001192092884 1.1321045756340029 0.80118069052696239 0.94499406218528759 0.35043859481811529 0.95808604359626781 0.37613891065120703 0.34184628725051885 0.024288596585392955 -0.50000001490116108 0.032059261575341232 1.0308315157890322 0.12813027948141101 0.0074946058448404082 -0.038414740934967988 1.087175250053406
decision_type=8 8 10 2 10 8 8 8 10 8 10 10 10 10 2 10 10 10 10 10 10 10 10 10 10 10 10 10 10 8
left_child=1 18 3 4 10 13 8 28 9 -7 16 -12 -10 23 21 -16 17 -2 19 -1 -20 -6 -23 24 -5 -25 -18 -15 -8 -21
right_child=2 -3 -4 5 14 6 7 -9 12 -11 11 -13 -14 27 15 -17 26 -19 20 29 -22 22 -24 25 -26 -27 -28 -29 -30 -31
leaf_value=-0.0098322405179862449 0.0016728317003680843 0.0083161782663449327 -0.0055223672019726411 0.0015104838879828641 0.0034961798272237967 -0.0090842109936083975 -0.010346523200899219 -0.00010315330377325261 0.0061501370099386809 -0.00055169517667953358 -0.013773527603463507 -0.00077113761004151771 0.00027573470919735289 0.002188133542941484 0.00088691231558660222 0.012311626324998166 0.0074231590564437441 -0.0041459953605809674 -0.01536319179140873 0.0085119333407291647 0.0027925612177790663 0.0012661974559500639 -0.0022191705901812905 -0.0014868272407900041 0.0075241513797517229 0.0060448712315988203 -0.00052507129074963704 0.011546847139682187 -0.0034573397782243199 0
leaf_weight=222 1393 1247 1083 11280 1549 619 906 2515 999 51500 614 531 161995 820 3153 553 466 6339 219 560 103 3956 8379 4928 966 528 1967 543 1734 959
leaf_count=222 1393 1247 1083 11280 1549 619 906 2515 999 51500 614 531 161995 820 3153 553 466 6339 219 560 103 3956 8379 4928 966 528 1967 543 1734 959
internal_value=1.82638e-05 0.00301115 -1.7627e-05 3.89032e-06 -0.000976619 0.000123614 0 -0.00318967 7.62877e-05 -0.000662233 -0.00272671 -0.00811787 0.00031433 0.00155525 0.000133437 0.00272913 -0.00207524 -0.00305736 -0.000100555 0.00143036 -0.00885473 -0.000540773 -0.00107684 0.00117047 0.00202081 -0.000683753 0.00092309 0.0062465 -0.00599438 0.00337769
internal_weight=272626 3310 269316 268233 28900 239333 220268 5155 215113 52119 11310 1145 162994 19065 17590 3706 10165 7732 2063 1741 322 13884 12335 17702 12246 5456 2433 1363 2640 1519
internal_count=272626 3310 269316 268233 28900 239333 220268 5155 215113 52119 11310 1145 162994 19065 17590 3706 10165 7732 2063 1741 322 13884 12335 17702 12246 5456 2433 1363 2640 1519
is_linear=0
shrinkage=0.03


Tree=36
num_leaves=31
num_cat=0
split_feature=37 125 27 45 13 33 53 30 25 161 53 49 54 86 161 37 27 34 27 126 9 15 93 25 54 42 53 25 65 42
split_gain=41.5522 46.5204 51.0778 49.2071 65.0237 47.8609 60.0772 46.7956 53.5412 45.5469 45.2696 40.7491 40.1412 42.831 69.876 36.0667 35.7584 37.2674 32.5269 32.3543 68.627 60.4303 31.7633 54.3305 38.3438 33.6428 31.7124 31.5272 28.3019 33.4739
threshold=0.68480640649795543 -0.39583347737789149 0.060251856222748763 1.0269461274147036 0.94011801481246959 0.46006526052951818 1.0465302467346194 0.0046986923553049573 0.078873265534639372 1.2609971165657046 0.98885512351989757 0.94148311018943798 0.98498362302780162 0.91666665673255932 0.66203796863555919 0.19820266216993335 0.044120531529188163 0.44013407826423651 0.074487730860710158 0.13559315353631976 1.0083062052726748 0.91947805881500255 0.64144048094749462 0.031176520511507991 0.96532833576202404 0.034730607643723495 0.97018611431121837 0.078873265534639372 0.24342105537652972 0.10417669266462327
decision_type=8 10 10 8 8 10 10 10 10 8 10 8 10 2 10 10 10 10 10 10 10 8 8 10 10 10 10 10 10 10
left_child=1 2 -1 4 12 6 19 11 9 -9 -6 15 13 -3 -15 -7 -12 -18 -13 21 -21 -5 -2 25 26 -24 -25 -8 -26 -30
right_child=22 3 -4 5 10 7 27 8 -10 -11 16 18 -14 14 -16 -17 17 -19 -20 20 -22 -23 23 24 28 -27 -28 -29 29 -31
leaf_value=0.00050762175526763607 0.00025499340186480257 -0.0059284800472617777 0.0050633202716334888 0.0065736580218654127 0.0030202371616733902 -0.0059674392291504058 -0.013030467219766773 0.005132594648303351 -0.0090899688202407299 -0.010162198401721459 0.0006520659237142382 -0.00027495658374120352 0.0017022040808927943 0.013894074531953914 -0.0062600299661053436 -0.00091129556414467087 0.0010057249762611331 -0.0028677907373409078 0.0035915237689698159 -0.0050590893198111855 0.00051975709469760493 -0.0011162690036577822 0.0013828669991877993 0.005781837905385106 0 -0.0026537820730353481 -0.0092576585883496817 2.097364559650738e-05 0.0068437521953278197 -0.0050633411157396755
leaf_weight=12967 61670 3166 2708 910 6098 2062 582 3131 263 155 42737 51575 1137 260 308 3740 3459 5831 2010 5321 3007 43117 9249 164 813 2272 307 168 3719 182
leaf_count=12967 61670 3166 2708 910 6098 2062 582 3131 263 155 42737 51575 1137 260 308 3740 3459 5831 2010 5321 3007 43117 9249 164 813 2272 307 168 3719 182
internal_value=-6.77457e-06 -0.00024264 0.00131922 -0.000381191 0.000290339 -0.000748322 -0.00141227 -0.000183053 0.00314429 0.00426329 0.000574042 -0.000387939 -0.00302221 -0.00454211 0.00261403 -0.00277408 0.000280513 -0.00139426 -0.000123041 -0.00128279 -0.00301237 -0.000947601 0.000575279 0.00173795 0.00429081 0.000557606 -0.00338777 -0.00979272 0.00513246 0.00618873
internal_weight=273088 194712 15675 179037 62996 116041 53105 62936 3549 3286 58125 59387 4871 3734 568 5802 52027 9290 53585 52355 8328 44027 78376 16706 5185 11521 471 750 4714 3901
internal_count=273088 194712 15675 179037 62996 116041 53105 62936 3549 3286 58125 59387 4871 3734 568 5802 52027 9290 53585 52355 8328 44027 78376 16706 5185 11521 471 750 4714 3901
is_linear=0
shrinkage=0.03


Tree=37
num_leaves=31
num_cat=0
split_feature=32 138 11 162 137 38 26 86 3 0 16 79 5 42 161 14 19 61 46 11 117 15 55 1 23 122 71 133 61 39
split_gain=46.8606 42.2773 64.1459 60.1995 53.0662 38.4885 35.6654 33.1304 80.0592 62.8579 47.9667 42.5244 43.906 39.8167 51.8888 37.4946 43.8599 45.0552 41.1 37.0088 31.9525 31.0733 38.8464 53.5183 30.7872 45.9656 39.4737 28.4832 27.6448 49.0226
threshold=-0.0049950752872973672 0.67646577954292308 0.97512438893318187 0.35107542574405676 1.02280730009079 -0.022880334407091137 0.055131128057837493 0.81666666269302379 0.01792514976114035 0.025930082425475124 0.90527644753456127 0.15000000223517421 0.021395324729382995 0.093842186033725752 0.38962230086326605 0.87782910466194164 0.95633137226104747 0.88534456491470348 1.0134284496307375 0.97321042418479931 0.64426326751708995 0.97612258791923534 0.93731585144996654 0.032503688707947738 0.015483855269849302 0.31067313253879553 0.68181821703910839 0.31723469495773321 0.86075952649116527 0.015629883855581287
decision_type=8 8 10 10 10 10 10 2 10 10 8 2 10 10 10 8 8 8 8 10 10 8 10 10 10 10 10 10 10 10
left_child=1 2 3 -1 5 -3 -4 10 -9 24 11 28 13 20 -15 21 -17 19 -19 -18 -13 22 -12 -24 -10 -26 -27 -14 29 -2
right_child=7 4 6 -5 -6 -7 -8 8 9 -11 15 12 27 14 -16 16 17 18 -20 -21 -22 -23 23 -25 25 26 -28 -29 -30 -31
leaf_value=-0.0026034060067816819 0.0057345857366580388 0.017735381103956546 0 0.014450943939909451 -0.00014771063379256144 0.0045624873640136999 -0.0090677756169890902 0.00062911316417173626 0.0011313272739957587 -0.011296180813224055 -0.0012647059027436846 -0.0036758611035843033 0.012006104744684238 0.0060444070103985717 -0.014813450394166549 -0.0029288255176797475 0.018008502327189171 0.0012948255056264425 -0.00014493149906173451 0.0028735634727248302 0.00060544454404455822 -0.00075370910610824164 0.0019029416396617166 0.026310575112558739 0 0 0.019849723979168021 -0.0020696980654535064 -0.0010409465842401873 -0.0084889635822540267
leaf_weight=318 1452 214 642 348 2305 4058 818 19240 292 100 129 7264 266 100 508 4641 187 19543 202474 790 1847 268 186 187 140 100 578 171 3562 223
leaf_count=318 1452 214 642 348 2305 4058 818 19240 292 100 129 7264 266 100 508 4641 187 19543 202474 790 1847 268 186 187 140 100 578 171 3562 223
internal_value=3.3646e-05 0.00219763 -0.00137116 0.00603206 0.00339737 0.00537183 -0.00498683 -3.66506e-05 0.00112101 0.00856133 -0.000135071 -0.00175518 -0.00288938 -0.00333102 -0.0108219 -2.44291e-05 -4.83758e-05 1.04848e-05 -1.67408e-05 0.00637447 -0.00277567 0.0064972 0.0108235 0.0156191 0.0107841 0.0137625 0.0169312 0.0059922 0.000389922 0.00358613
internal_weight=272951 8703 2126 666 6577 4272 1460 264248 20450 1210 243798 15393 10156 9719 608 228405 227635 222994 222017 977 9111 770 502 373 1110 818 678 437 5237 1675
internal_count=272951 8703 2126 666 6577 4272 1460 264248 20450 1210 243798 15393 10156 9719 608 228405 227635 222994 222017 977 9111 770 502 373 1110 818 678 437 5237 1675
is_linear=0
shrinkage=0.03


Tree=38
num_leaves=31
num_cat=0
split_feature=37 158 27 33 53 78 20 39 22 34 3 48 119 1 25 38 112 50 45 14 36 47 138 158 2 37 99 115 52 126
split_gain=38.4503 47.3313 46.7582 46.9419 48.907 44.6953 77.2861 49.7428 46.6933 43.6315 43.0016 40.7458 40.3986 34.4736 82.8645 72.7532 63.7804 62.2248 54.1271 49.7974 59.4796 56.0756 49.7262 47.6171 40.4943 35.9009 34.7866 43.9232 42.6326 34.427
threshold=0.66219988465309154 -0.05307281203567981 0.026184845715761188 0.33333569765090948 1.0465302467346194 0.30000000447034841 0.96939447522163402 -0.014776786323636769 0.93481975793838512 0.82165515422821056 0.011736323591321709 0.9546983838081361 0.2660548090934754 0.053465308621525771 0.028388831764459613 0.0026019717333838348 0.2323504984378815 0.84313729405403148 1.1086956858634951 0.98002520203590404 0.16223704814910891 1.1785811781883242 1.3160418272018435 -0.048041630536317818 0.6666645109653474 0.75395783782005321 0.68333333730697643 0.74840733408927929 0.72497946023941051 -0.52234837412834156
decision_type=8 8 8 8 8 10 8 8 10 10 10 10 10 8 8 10 2 8 10 10 8 10 10 8 10 8 2 10 10 10
left_child=1 -1 -3 4 10 7 9 12 -9 -7 -4 -12 -5 18 -15 16 17 -16 19 20 21 -2 23 -17 -25 -19 28 -28 -22 -20
right_child=13 2 3 5 -6 6 -8 8 -10 -11 11 -13 -14 14 15 22 -18 25 29 -21 26 -23 -24 24 -26 -27 27 -29 -30 -31
leaf_value=0.0025242076737697575 -0.0013525720173510995 0.00041628246335447357 -0.0010081213493342051 0.011375783840136258 -0.011256244295364964 0.0043209341222919685 -0.00016888873664494064 -0.0041241413932194765 -0.00086650923185587977 -0.0013037139017899586 0.0014555153143706451 -0.0058229067839937945 0 -0.0078700418450406654 0.026286433355462577 0.0086698426366879321 -0.00051591676415964252 0 0.0050716978306964205 0.0013095801133411798 -0.0051686220224785862 -0.0096682117315338729 0.015069473870898945 -0.0094464887952362218 0.00048958714765242554 0.011688091900500725 0.0035172608825199134 -0.0017543597094112889 0 -0.0019190919425146331
leaf_weight=5360 2612 53522 40250 461 439 5760 52162 5139 18896 1475 795 3198 689 499 236 333 421 308 633 44230 1601 1063 172 587 805 850 4928 1897 12646 10958
leaf_count=5360 2612 53522 40250 461 439 5760 52162 5139 18896 1475 795 3198 689 499 236 333 421 308 633 44230 1601 1063 172 587 805 850 4928 1897 12646 10958
internal_value=-2.74156e-06 -0.000242858 -0.000325908 -0.00063555 -0.0014231 -0.000215727 0.000229109 -0.00127609 -0.00157836 0.00313245 -0.00131371 -0.004299 0.00470377 0.000526531 0.00317602 0.00477554 0.00904557 0.0121118 0.000383576 0.000705358 -0.000362634 -0.00387839 0.000481838 -0.000956822 -0.0035624 0.00857114 0.000239393 0.00200735 -0.000588141 -0.0015034
internal_weight=272925 188146 182786 129264 44682 84582 59397 25185 24035 7235 44243 3993 1150 84779 4211 3712 1815 1394 80568 68977 24747 3675 1897 1725 1392 1158 21072 6825 14247 11591
internal_count=272925 188146 182786 129264 44682 84582 59397 25185 24035 7235 44243 3993 1150 84779 4211 3712 1815 1394 80568 68977 24747 3675 1897 1725 1392 1158 21072 6825 14247 11591
is_linear=0
shrinkage=0.03


Tree=39
num_leaves=31
num_cat=0
split_feature=29 62 115 50 0 0 93 79 95 1 23 68 139 45 124 74 16 52 28 139 140 59 118 81 52 1 122 10 77 53
split_gain=37.5297 46.4049 34.3387 73.1036 89.353 69.5799 44.5088 43.12 62.6366 42.1941 42.0732 51.8966 43.027 40.8011 66.4351 48.531 63.2934 40.9122 41.1711 39.956 44.4732 39.9084 38.7451 58.9156 44.021 35.2214 35.0392 30.3037 30.1613 30.1419
threshold=-0.015768441371619698 0.9715070128440858 0.74207225441932689 0.87112483382225048 -0.0082031176425516588 0.014899892266839744 0.3975819200277329 0.15000000223517421 0.26967529952526098 0.034994691610336311 0.017733504064381126 0.94444456696510326 0.93566513061523449 1.0269461274147036 0.10975605249404909 0.35000000894069677 1.1309140324592593 0.80540287494659435 -0.0039946618489921084 1.1721019744873049 0.82233694195747387 0.94459077715873729 0.1619045287370682 0.11666667088866235 0.80540287494659435 0.0082417195662856119 0.36830091476440435 1.0135379433631899 0.091666668653488173 0.9736556112766267
decision_type=8 10 10 8 10 10 10 2 10 10 10 10 10 8 10 2 10 8 10 10 10 10 10 2 10 8 10 10 2 10
left_child=1 27 3 4 6 7 -2 9 -9 -6 12 -12 -7 21 15 25 -17 26 -19 20 -8 22 23 -5 -24 -15 -16 -1 -23 -30
right_child=2 -3 -4 13 5 10 19 8 -10 -11 11 -13 -14 14 17 16 -18 18 -20 -21 -22 28 24 -25 -26 -27 -28 -29 29 -31
leaf_value=0.0025899913646544345 0.0032336925245973311 0.0044856190989926662 -0.0016114879973095852 0.0038417514070416096 6.8010138365900857e-05 0.011991188496404988 0 -0.00021031073653372559 -0.0081878492978626274 0.011057174797017188 -0.0011902459075559602 0.0059190141845717071 0.0017787809344353925 0.002168087896034183 0 0.00036204006829674879 0.0044054484789294015 0.00095199806369826489 -0.0019551051955800807 0 0.016320421851339539 -0.00033959467410476233 -0.0055483666289765287 -0.0053384467872741965 0.0041006805829037814 -0.00060068762322374142 -0.007070889632907318 -0.013366668744944035 -0.0090833321512117978 0.0012314161325317416
leaf_weight=139 1942 2940 11789 728 2657 867 196 2489 1430 346 2306 1466 789 4269 855 47789 3767 5587 18391 301 851 15802 547 3193 1549 92158 2133 215 230 45172
leaf_count=139 1942 2940 11789 728 2657 867 196 2489 1430 346 2306 1466 789 4269 855 47789 3767 5587 18391 301 851 15802 547 3193 1549 92158 2133 215 230 45172
internal_value=8.98081e-06 0.00318288 -2.89189e-05 4.24038e-05 0.00202968 0.000827106 0.00642098 -0.00113383 -0.00322418 0.00149818 0.00337782 0.00151032 0.00738378 -8.48581e-05 -0.0003273 -7.55326e-05 0.000664887 -0.00169674 -0.001265 0.0106791 0.0134133 0.000541567 -0.00177087 -0.00354702 0.00141212 -0.000474574 -0.00503014 -0.00649561 0.000774308 0.00116858
internal_weight=272893 3294 269599 257810 15640 12350 3290 6922 3919 3003 5428 3772 1656 242170 174949 147983 51556 26966 23978 1348 1047 67221 6017 3921 2096 96427 2988 354 61204 45402
internal_count=272893 3294 269599 257810 15640 12350 3290 6922 3919 3003 5428 3772 1656 242170 174949 147983 51556 26966 23978 1348 1047 67221 6017 3921 2096 96427 2988 354 61204 45402
is_linear=0
shrinkage=0.03


end of trees

feature_importances:
KLEN=40
RSQR5=35
RESI5=35
ROC30=31
STD20=27
RESI60=27
STD30=25
IMXD30=25
RESI20=24
RSQR30=23
MIN10=23
HIGH0=22
RSQR60=22
STD5=19
STD60=19
ORC_TREND_RSQR_STRESS_20=19
QTLU5=18
ROC60=17
ROC5=16
BETA10=16
RESI10=16
WVMA5=16
ORC_TREND_PATH_CROWD_20=16
KUP=15
ROC10=15
RESI30=15
ORC_TREND_ACCEL_GAP_10_30=15
LOW0=14
MA5=13
KMID=12
BETA20=12
BETA60=12
RSQR20=12
MAX30=12
MIN60=12
SUMP20=12
WVMA20=12
ROC20=11
MA60=11
RSQR10=11
MAX10=11
VSTD60=11
ORC_TREND_ACCEL_UNCROWDED_5_20=11
KMID2=10
MAX20=10
MIN30=10
QTLU60=10
IMXD10=10
VWAP0=9
STD10=9
KLOW=8
KLOW2=8
MIN5=8
QTLU10=8
QTLD5=8
IMAX5=8
IMIN10=8
IMXD20=8
SUMN60=8
MAX60=7
MIN20=7
QTLU30=7
QTLD30=7
SUMN30=7
KUP2=6
KSFT2=6
QTLU20=6
QTLD10=6
RSV10=6
IMAX10=6
IMXD5=6
SUMP5=6
SUMN5=6
SUMD5=6
SUMD10=6
WVMA10=6
KSFT=5
MA20=5
MAX5=5
QTLD20=5
QTLD60=5
RANK60=5
RSV30=5
IMAX60=5
IMIN30=5
IMIN60=5
IMXD60=5
SUMP60=5
SUMD30=5
WVMA30=5
ORC_TREND_STREAK_EXHAUST_12=5
BETA5=4
RANK10=4
IMIN5=4
IMIN20=4
CORD5=4
CNTP60=4
CNTN20=4
CNTD60=4
SUMP10=4
SUMN10=4
MA10=3
MA30=3
CNTP10=3
CNTD30=3
SUMN20=3
SUMD20=3
SUMD60=3
OPEN0=2
BETA30=2
RSV5=2
IMAX30=2
CORR30=2
CORD60=2
CNTN60=2
SUMP30=2
VMA20=2
WVMA60=2
VSUMN30=2
RANK5=1
RANK20=1
RANK30=1
IMAX20=1
CORD20=1
CORD30=1
CNTP30=1
CNTN5=1
CNTN10=1
CNTN30=1
CNTD10=1
CNTD20=1
VSTD5=1
VSUMD30=1
VSUMD60=1

parameters:
[boosting: gbdt]
[objective: regression]
[metric: l2]
[tree_learner: serial]
[device_type: cpu]
[data_sample_strategy: bagging]
[data: ]
[valid: ]
[num_iterations: 500]
[learning_rate: 0.03]
[num_leaves: 31]
[num_threads: 12]
[seed: 20260812]
[deterministic: 1]
[force_col_wise: 1]
[force_row_wise: 0]
[histogram_pool_size: -1]
[max_depth: 7]
[min_data_in_leaf: 100]
[min_sum_hessian_in_leaf: 0.001]
[bagging_fraction: 0.8]
[pos_bagging_fraction: 1]
[neg_bagging_fraction: 1]
[bagging_freq: 1]
[bagging_seed: 20260812]
[bagging_by_query: 0]
[feature_fraction: 0.8]
[feature_fraction_bynode: 1]
[feature_fraction_seed: 20260812]
[extra_trees: 0]
[extra_seed: 9622]
[early_stopping_round: 0]
[early_stopping_min_delta: 0]
[first_metric_only: 0]
[max_delta_step: 0]
[lambda_l1: 10]
[lambda_l2: 20]
[linear_lambda: 0]
[min_gain_to_split: 0]
[drop_rate: 0.1]
[max_drop: 50]
[skip_drop: 0.5]
[xgboost_dart_mode: 0]
[uniform_drop: 0]
[drop_seed: 26770]
[top_rate: 0.2]
[other_rate: 0.1]
[min_data_per_group: 100]
[max_cat_threshold: 32]
[cat_l2: 10]
[cat_smooth: 10]
[max_cat_to_onehot: 4]
[top_k: 20]
[monotone_constraints: ]
[monotone_constraints_method: basic]
[monotone_penalty: 0]
[feature_contri: ]
[forcedsplits_filename: ]
[refit_decay_rate: 0.9]
[cegb_tradeoff: 1]
[cegb_penalty_split: 0]
[cegb_penalty_feature_lazy: ]
[cegb_penalty_feature_coupled: ]
[path_smooth: 0]
[interaction_constraints: ]
[verbosity: 1]
[saved_feature_importance_type: 0]
[use_quantized_grad: 0]
[num_grad_quant_bins: 4]
[quant_train_renew_leaf: 0]
[stochastic_rounding: 1]
[linear_tree: 0]
[max_bin: 255]
[max_bin_by_feature: ]
[min_data_in_bin: 3]
[bin_construct_sample_cnt: 200000]
[data_random_seed: 20260812]
[is_enable_sparse: 1]
[enable_bundle: 1]
[use_missing: 1]
[zero_as_missing: 0]
[feature_pre_filter: 1]
[pre_partition: 0]
[two_round: 0]
[header: 0]
[label_column: ]
[weight_column: ]
[group_column: ]
[ignore_column: ]
[categorical_feature: ]
[forcedbins_filename: ]
[precise_float_parser: 0]
[parser_config_file: ]
[objective_seed: 6428]
[num_class: 1]
[is_unbalance: 0]
[scale_pos_weight: 1]
[sigmoid: 1]
[boost_from_average: 1]
[reg_sqrt: 0]
[alpha: 0.9]
[fair_c: 1]
[poisson_max_delta_step: 0.7]
[tweedie_variance_power: 1.5]
[lambdarank_truncation_level: 30]
[lambdarank_norm: 1]
[label_gain: ]
[lambdarank_position_bias_regularization: 0]
[eval_at: ]
[multi_error_top_k: 1]
[auc_mu_weights: ]
[num_machines: 1]
[local_listen_port: 12400]
[time_out: 120]
[machine_list_filename: ]
[machines: ]
[gpu_platform_id: -1]
[gpu_device_id: -1]
[gpu_device_id_list: ]
[gpu_use_dp: 0]
[num_gpu: 1]

end of parameters

pandas_categorical:null
