tree
version=v4
num_class=1
num_tree_per_iteration=1
label_index=0
max_feature_idx=162
objective=regression
feature_names=KMID KLEN KMID2 KUP KUP2 KLOW KLOW2 KSFT KSFT2 OPEN0 HIGH0 LOW0 VWAP0 ROC5 ROC10 ROC20 ROC30 ROC60 MA5 MA10 MA20 MA30 MA60 STD5 STD10 STD20 STD30 STD60 BETA5 BETA10 BETA20 BETA30 BETA60 RSQR5 RSQR10 RSQR20 RSQR30 RSQR60 RESI5 RESI10 RESI20 RESI30 RESI60 MAX5 MAX10 MAX20 MAX30 MAX60 MIN5 MIN10 MIN20 MIN30 MIN60 QTLU5 QTLU10 QTLU20 QTLU30 QTLU60 QTLD5 QTLD10 QTLD20 QTLD30 QTLD60 RANK5 RANK10 RANK20 RANK30 RANK60 RSV5 RSV10 RSV20 RSV30 RSV60 IMAX5 IMAX10 IMAX20 IMAX30 IMAX60 IMIN5 IMIN10 IMIN20 IMIN30 IMIN60 IMXD5 IMXD10 IMXD20 IMXD30 IMXD60 CORR5 CORR10 CORR20 CORR30 CORR60 CORD5 CORD10 CORD20 CORD30 CORD60 CNTP5 CNTP10 CNTP20 CNTP30 CNTP60 CNTN5 CNTN10 CNTN20 CNTN30 CNTN60 CNTD5 CNTD10 CNTD20 CNTD30 CNTD60 SUMP5 SUMP10 SUMP20 SUMP30 SUMP60 SUMN5 SUMN10 SUMN20 SUMN30 SUMN60 SUMD5 SUMD10 SUMD20 SUMD30 SUMD60 VMA5 VMA10 VMA20 VMA30 VMA60 VSTD5 VSTD10 VSTD20 VSTD30 VSTD60 WVMA5 WVMA10 WVMA20 WVMA30 WVMA60 VSUMP5 VSUMP10 VSUMP20 VSUMP30 VSUMP60 VSUMN5 VSUMN10 VSUMN20 VSUMN30 VSUMN60 VSUMD5 VSUMD10 VSUMD20 VSUMD30 VSUMD60 ORC_TREND_PATH_CROWD_20 ORC_TREND_ACCEL_UNCROWDED_5_20 ORC_TREND_STREAK_EXHAUST_12 ORC_TREND_RSQR_STRESS_20 ORC_TREND_ACCEL_GAP_10_30
feature_infos=[-0.15450645983219147:0.33106967806816101] [0:0.33106967806816101] [-1:1] [0:0.27153289318084717] [0:1] [0:0.19577737152576447] [0:1] [-0.31147539615631104:0.33106967806816101] [-1:1] [0.75127547979354858:1.1827411651611328] [1:1.365384578704834] [0.75127547979354858:1] [0.90894031524658203:1.0877940654754639] [0.62103557586669922:1.6790908575057983] [0.58417785167694092:1.8924485445022583] [0.46860837936401367:2.2146341800689697] [0.45439684391021729:2.740487813949585] [0.36440131068229675:2.649662971496582] [0.8043818473815918:1.3455072641372681] [0.71110033988952637:1.4951817989349365] [0.61736243963241577:1.7117466926574707] [0.56646168231964111:1.9959673881530762] [0.4937971830368042:1.8649090528488159] [0:0.26957115530967712] [0:0.32280367612838745] [0:0.36472421884536743] [0:0.57258552312850952] [0:0.50059491395950317] [-0.16409091651439667:0.17131471633911133] [-0.11732283234596252:0.17131471633911133] [-0.11732283234596252:0.17131471633911133] [-0.11732283234596252:0.17131471633911133] [-0.11732283234596252:0.17131471633911133] [0:1] [0:1] [0:1] [0:1] [0:1] [-0.11478264629840851:0.13264167308807373] [-0.24554997682571411:0.20802642405033112] [-0.40848860144615173:0.27287426590919495] [-0.44566619396209717:0.27581575512886047] [-0.96870207786560059:0.33257237076759338] [1:1.6472727060317993] [1:1.9298244714736938] [1:2.2439024448394775] [1:3.3160974979400635] [1:3.3160974979400635] [0.58144122362136841:1] [0.54045307636260986:1] [0.4660193920135498:1] [0.43721681833267212:1] [0.33789625763893127:1] [0.86334514617919922:1.4843636751174927] [0.78309857845306396:1.7869091033935547] [0.69682848453521729:2.054157018661499] [0.62161809206008911:2.423609733581543] [0.56576049327850342:2.3250908851623535] [0.70860719680786133:1.2689855098724365] [0.58504855632781982:1.4057971239089966] [0.49352750182151794:1.5574545860290527] [0.47533980011940002:1.5740000009536743] [0.38890489935874939:1.5950908660888672] [0.20000000298023224:1] [0.10000000149011612:1] [0.05000000074505806:1] [0.033333335071802139:1] [0.01666666753590107:1] [0:1] [0:1] [0:1] [0:1] [0:1] [0.20000000298023224:1] [0.10000000149011612:1] [0.05000000074505806:1] [0.033333335071802139:1] [0.01666666753590107:1] [0.20000000298023224:1] [0.10000000149011612:1] [0.05000000074505806:1] [0.033333335071802139:1] [0.01666666753590107:1] [-0.80000001192092896:0.80000001192092896] [-0.89999997615814209:0.89999997615814209] [-0.94999998807907104:0.94999998807907104] [-0.96666663885116577:0.96666663885116577] [-0.98333334922790527:0.98333334922790527] [-1:1] [-1:1] [-1:1] [-1:1] [-1:1] [-1:1] [-1:1] [-1:1] [-1:1] [-1:1] [0:1] [0:1] [0:0.89999997615814209] [0:0.8888888955116272] [0:0.8888888955116272] [0:1] [0:1] [0:0.89999997615814209] [0:0.8571428656578064] [0:0.8571428656578064] [-1:1] [-1:1] [-0.83333331346511841:0.8888888955116272] [-0.83333331346511841:0.8888888955116272] [-0.83333331346511841:0.8888888955116272] [0:1] [0:1] [0:1] [0:1] [0:1] [0:1] [0:1] [0:1] [0:1] [0:1] [-1:1] [-1:1] [-1:1] [-1:1] [-1:1] [0.20013266801834106:26452.083984375] [0.10012400150299072:23627.859375] [0.050104878842830658:26698.134765625] [0.033777147531509399:28136.5] [0.017187755554914474:26107.111328125] [0.00080492562847211957:59102.5] [0.0021778203081339598:49210.34375] [0.0021778203081339598:56418.4921875] [0.0021778203081339598:57003.12109375] [0.0021778203081339598:42065.70703125] [0:2.2360680103302002] [0:3.1615598201751709] [0:4.4708261489868164] [0:5.4656624794006348] [0:7.5986995697021484] [0:1] [0:1] [0:1] [0:1] [0:1] [0:1] [0:1] [0:1] [0:1] [0:1] [-1:1] [-1:1] [-1:1] [-1:1] [-1:1] [-0.7596813440322876:1.679181694984436] [-0.084833331406116486:0.049399454146623611] [-3.7620944976806641:5.0776824951171875] [0:2.056443452835083] [-78937640:33658216]
tree_sizes=3096 3097 3127 3066 3031 3050 3096 3052 3074 2967 3057 3079 3082 3101 3129 3045 3114 3100 3111 3103 3114 3033 3103 3131 3092 3069 3067 3076 3083 3030 3019 3065 3092 3102

Tree=0
num_leaves=31
num_cat=0
split_feature=16 25 29 22 42 6 42 3 4 12 115 57 86 35 41 52 86 30 115 9 140 5 39 111 31 55 60 100 10 31
split_gain=168.056 96.7345 59.9272 105.492 88.885 88.1699 84.4341 69.3369 65.9976 64.6919 64.6565 87.9828 61.675 58.2641 59.6122 57.649 54.105 52.7281 51.5045 50.5098 49.3234 38.8109 38.728 37.5501 46.1396 34.1504 31.4163 30.7464 29.676 28.0713
threshold=1.2206377983093264 0.012410786934196951 -0.00058132092817686487 1.0944202542304995 -0.077859010547399507 0.10526198148727418 0.065921377390623107 0.01792514976114035 0.4255331158638001 0.98710510134696972 0.74207225441932689 0.92394757270812999 0.81666666269302379 0.80202254652977001 -0.02948500961065292 0.97578206658363353 -0.55000001192092884 -0.0069329803809523574 0.64462819695472728 0.97113367915153515 0.83412408828735363 0.0012376202503219249 0.018718654289841655 -0.16954023391008374 -0.0084816939197480661 1.075905501842499 1.0328003168106081 0.34166666865348821 1.0191387534141543 0.00078220220166258525
decision_type=10 10 10 10 10 10 10 10 10 10 10 10 2 10 10 10 2 10 10 10 10 10 10 2 10 10 10 2 8 8
left_child=1 28 4 7 5 -3 13 10 22 -9 11 -4 -11 14 -6 -15 21 20 -8 -12 27 -5 -7 24 -22 -10 -26 -2 -1 -30
right_child=17 2 3 16 6 8 18 9 25 12 19 -13 -14 15 -16 -17 -18 -19 -20 -21 23 -23 -24 -25 26 -27 -28 -29 29 -31
leaf_value=0.0016154427581926418 -0.0042699539460287527 -0.0020827883108948267 0.0056795563963022841 -0.0008821390664627898 -8.2207245769173859e-05 0.0069943232018645505 0.0019618045407688019 -0.013136809129432596 0.0066942793260250291 0.0021800089179483582 -0.0082901212786499635 -2.3855051468578732e-05 0.010700577523695413 -0.0014387630008361894 -0.0018657663916765623 0.0020375765954837614 0.00016619255439079327 0.00070234654314555453 0.019692651086177706 -0.0015801552519400957 0.018488251701058958 0.0097401783581162853 -0.00066730742418078871 0.0039255662328686186 -0.0025044444456351631 -0.0051130073303738794 0.010829137159295987 0.0074394892572319888 -0.0060776837474371204 0.002005139490731622
leaf_weight=32715 373 2845 2473 305 23261 3986 431 165 260 2833 1158 99693 1109 7596 64980 9693 1288 1269 252 9129 800 1900 611 649 189 852 423 371 880 591
leaf_count=32715 373 2845 2473 305 23261 3986 431 165 260 2833 1158 99693 1109 7596 64980 9693 1288 1269 252 9129 800 1900 611 649 189 852 423 371 880 591
internal_value=2.35294e-05 -6.71706e-05 -0.000285332 0.000181222 -0.000775935 0.00215149 -0.00101488 2.42587e-05 0.00431385 0.00384546 -0.000113291 0.000112349 0.00469473 -0.00108627 -0.00139913 0.000493001 0.00530368 0.0060568 0.00930466 -0.00237922 0.00835087 0.00814132 0.00591254 0.0107451 0.0135714 -0.0020178 0.00628778 0.00121826 0.00142188 -0.00264572
internal_weight=273080 269006 234820 120053 114767 8554 106213 116560 5709 4107 112453 102166 3942 105530 88241 17289 3493 4074 683 10287 2805 2205 4597 2061 1412 1112 612 744 34186 1471
internal_count=273080 269006 234820 120053 114767 8554 106213 116560 5709 4107 112453 102166 3942 105530 88241 17289 3493 4074 683 10287 2805 2205 4597 2061 1412 1112 612 744 34186 1471
is_linear=0
shrinkage=1


Tree=1
num_leaves=31
num_cat=0
split_feature=16 26 33 25 19 10 45 36 49 17 13 64 32 15 80 33 30 34 35 44 17 32 119 2 140 137 10 122 30 46
split_gain=169.37 90.8239 87.2686 82.879 83.3835 88.3733 115.137 73.8426 70.4705 70.1907 65.39 64.0468 57.4815 56.8746 59.85 53.1328 59.1618 46.9448 57.3737 42.2955 63.7734 41.3563 49.202 40.6845 36.7922 47.262 35.3453 34.3576 34.1932 33.3381
threshold=1.2206377983093264 0.021892795339226726 0.26178121566772466 0.036605263128876693 0.91697111725807201 1.0182828307151797 1.1177077889442446 0.23618644475936892 0.8330044448375703 1.0503394007682803 0.96653175354003917 0.44722221791744238 -0.0045070697087794534 1.1242603659629824 0.42499999701976782 0.97826865315437328 -0.0069329803809523574 0.24009247869253161 0.7602716088294984 1.0431923866271975 0.76144650578498851 -0.0034855571575462814 0.44444431364536291 -0.10714442282915114 0.76384052634239208 1.0012832880020144 1.0311891436576845 0.57692310214042675 -0.0013500305940397082 1.0975374579429629
decision_type=10 10 8 10 10 10 10 10 10 10 10 10 10 8 2 10 10 10 10 10 8 10 10 10 10 10 10 10 10 10
left_child=1 11 12 9 7 8 -7 -5 -6 10 29 -1 13 14 -3 16 24 27 -19 21 -21 22 -14 -23 -2 -26 -13 -11 -12 -4
right_child=15 2 3 4 5 6 -8 -9 -10 17 28 26 19 -15 -16 -17 -18 18 -20 20 -22 23 -24 -25 25 -27 -28 -29 -30 -31
leaf_value=-0.00020086905630792781 0 -0.001520542584494188 -0.0013622770557557634 0.011528835308551788 0.009546251900283291 0.0072783731850096381 0.00088836340461317465 -0.010669056825395614 0.00012574934524123993 -0.0016448302103952517 -0.0004326286790643719 0.0014854136343423953 -0.0015500762752181261 -0.0032166646461551001 0.0099750410352022912 -0.011546626251137299 0.0009488949887428242 -0.0029999802836536797 0.00047447618844410878 0.0045292072950482015 -0.0033258008270255477 4.7658929344043663e-06 0.0086693687393292612 -0.0022395220024442257 0.012487546159818038 0.0001383699180105373 -0.0091607736260291527 0.0016595651827677469 0.0013017760215560858 -0.0082570679160288533
leaf_weight=38563 389 558 11807 130 720 4617 5894 858 23610 5449 15560 49568 764 853 1138 119 1221 19945 5256 935 17160 12042 820 17357 1955 383 255 5841 28663 673
leaf_count=38563 389 558 11807 130 720 4617 5894 858 23610 5449 15560 49568 764 853 1138 119 1221 19945 5256 935 17160 12042 820 17357 1955 383 255 5841 28663 673
internal_value=1.46142e-05 -7.63573e-05 -0.000462909 -4.3352e-05 0.00117998 0.00143253 0.00373218 -0.00727987 0.000424463 -0.000517041 0.000138651 0.000710239 -0.00150521 0.00282759 0.00604442 0.0060768 0.00673913 -0.00154365 -0.00226364 -0.00173741 -0.00289881 -0.00104802 0.00359539 -0.00131067 0.00919668 0.0106101 0.00142125 3.81198e-05 0.00068482 -0.0017707
internal_weight=273103 269036 180650 129023 35829 34841 10511 988 24330 93194 56703 88386 51627 2549 1696 4067 3948 36491 25201 49078 18095 30983 1584 29399 2727 2338 49823 11290 44223 12480
internal_count=273103 269036 180650 129023 35829 34841 10511 988 24330 93194 56703 88386 51627 2549 1696 4067 3948 36491 25201 49078 18095 30983 1584 29399 2727 2338 49823 11290 44223 12480
is_linear=0
shrinkage=0.03


Tree=2
num_leaves=31
num_cat=0
split_feature=32 26 33 86 33 39 25 158 17 10 45 10 53 38 38 118 17 51 44 32 114 1 160 33 9 3 29 111 38 25
split_gain=121.001 87.361 94.687 85.8471 82.9377 79.4317 88.5136 70.1668 69.1211 65.4561 77.1619 58.809 58.6561 52.6695 48.6291 47.8235 47.0134 46.0946 43.2623 61.3743 55.4636 42.862 51.9031 40.4848 41.2446 40.2514 38.2085 35.6854 34.8444 31.3992
threshold=-0.0049950752872973672 0.021769763901829723 0.2562058717012406 -0.58333334326744068 0.93596476316452037 0.01746934745460749 0.033671133220195777 -0.040941899642348283 1.0503394007682803 1.0159046053886416 1.1101068854331972 1.0355787277221682 0.97813132405281078 -0.015660735778510567 -0.0018368525197729466 0.44510401785373693 0.7380579710006715 0.82800868153572094 1.0405647158622744 -0.0034201989183202382 0.55489152669906627 0.070059292018413558 -0.14709787070751187 0.87737014889717113 1.010023891925812 0.0057416190393269071 -0.015768441371619698 -0.2034482806921005 -0.001645433949306607 0.012670247349888088
decision_type=8 10 8 2 10 10 10 8 10 10 10 10 10 10 10 10 8 10 10 10 10 10 10 10 10 8 10 2 10 10
left_child=3 11 16 4 12 6 8 -7 29 13 -11 15 -1 -8 -10 -2 25 -14 19 20 -18 22 -19 24 -9 -3 -20 -23 -21 -4
right_child=1 2 5 -5 -6 7 9 23 14 10 -12 -13 17 -15 -16 -17 18 21 26 28 -22 27 -24 -25 -26 -27 -28 -29 -30 -31
leaf_value=-0.0044502117218022854 0.0015560181605922512 -0.00082222749309461996 0.0044798997075775259 0.00059899713455854181 -0.005799289973177575 0.0057199228535305246 -0.011595407427834986 -0.0030947077950059495 -4.7441350443427358e-05 0.0056687025922967458 0.0011316790861517637 -0.0092438443031064681 0.020782529272023752 0.00058290784703616627 -0.0025139691595972942 0.00011851075179368113 0.0088832487098050774 0.0002348187894476305 0.0067636494286142197 -1.4482247247322857e-06 -0.00076928073714781209 0.024362457061734268 0.0092372846449124326 1.1264013651267314e-05 -0.012551589966850121 0.0092630539254138656 -0.0030232278295877048 0.00079478195587977425 -0.0022474180858419934 0.00021050602510319102
leaf_weight=268 36596 671 1598 4616 393 934 303 10361 12767 5897 8374 511 299 20773 17244 49476 1016 938 329 10454 997 235 1840 3739 441 633 19540 112 16356 45413
leaf_count=268 36596 671 1598 4616 393 934 303 10361 12767 5897 8374 511 299 20773 17244 49476 1016 938 329 10454 997 235 1840 3739 441 633 19540 112 16356 45413
internal_value=2.5699e-06 -0.000110994 -0.000492432 0.0034805 0.0066447 -5.70339e-05 0.000218177 -0.00207249 -0.0003491 0.00146227 0.00303275 0.000668943 0.00807425 0.000382778 -0.0014754 0.000733413 -0.00159932 0.00916181 -0.00175464 -0.00099498 0.00399444 0.00782946 0.0063282 -0.00260079 -0.003531 0.00391285 -0.00283945 0.0180309 -0.00138348 0.000363854
internal_weight=273124 264423 177840 8701 4085 127844 112369 15475 77022 35347 14271 86583 3692 21076 30011 86072 49996 3424 48692 28823 2013 3125 2778 14541 10802 1304 19869 347 26810 47011
internal_count=273124 264423 177840 8701 4085 127844 112369 15475 77022 35347 14271 86583 3692 21076 30011 86072 49996 3424 48692 28823 2013 3125 2778 14541 10802 1304 19869 347 26810 47011
is_linear=0
shrinkage=0.03


Tree=3
num_leaves=31
num_cat=0
split_feature=26 38 26 39 33 25 64 25 10 45 38 17 11 138 116 127 31 138 136 158 49 34 28 38 50 14 161 158 46 85
split_gain=123.833 105.935 86.1963 84.631 65.3596 64.291 63.4583 60.7966 66.5871 77.4806 73.3065 63.0743 60.3379 61.4583 65.7063 54.4853 49.8374 48.5688 65.4154 46.2869 51.0647 43.1342 41.5149 39.9427 39.4493 38.8527 37.5388 36.4515 41.5314 37.3465
threshold=0.07284224778413774 -0.0011431621387600897 0.021648212336003784 0.01746934745460749 0.26178121566772466 0.042319050058722503 0.4083333313465119 0.033671133220195777 1.0159046053886416 1.0978901386260989 -0.014360066037625073 1.0503394007682803 0.97092422842979442 0.61480334401130687 0.64885494112968456 0.33969973027706152 0.0052518423181027183 0.75289461016654979 0.75890240073204052 -0.046094138175249093 0.91467267274856578 0.29398503899574285 -0.0068012704141437999 -0.0011431621387600897 0.77039915323257457 0.87782910466194164 0.81708848476409923 0.09008763357996942 1.0094449520111086 0.82500001788139354
decision_type=8 8 10 10 8 10 10 10 10 10 10 10 10 10 10 10 10 10 10 8 10 10 10 10 10 8 10 10 10 2
left_child=2 5 6 4 12 -2 -1 11 10 -10 -9 -6 13 -4 -15 17 27 21 24 20 -3 -7 -14 -13 -19 -24 -23 28 -5 -29
right_child=1 19 3 16 7 15 -8 8 9 -11 -12 23 22 14 -16 -17 -18 18 -20 -21 -22 26 25 -25 -26 -27 -28 29 -30 -31
leaf_value=-0.00018215170302058551 -0.003469758715086545 0.013934196056078568 -0.00612181029202458 0.0017540842782240184 0.0004425957760895379 -0.0034291245416909651 0.0014613911397201285 -0.012408657739042409 0.0060034715116588765 0.0011292708064368675 0.00047331118372056499 -0.00013389076676388324 -0.014238826845161761 0.0094611568562119816 -0.0039813580850911121 -0.00061575318074502639 0.0036556673526726784 0 0.0014622629489423554 -0.0010911637077415175 0.001451643390492568 0.0124022241452476 0.013581646379886889 -0.0023219361256434667 0.014560716420015917 -0.0013970598559351931 0 -0.00025981131526822969 -0.002747483822191572 -0.015696554452664279
leaf_weight=37137 500 395 413 1961 47396 455 48179 385 4804 8038 19666 14530 211 1336 383 603 1184 183 594 4550 1291 540 133 16236 1988 41156 422 288 17715 366
leaf_count=37137 500 395 413 1961 47396 455 48179 385 4804 8038 19666 14530 211 1336 383 603 1184 183 594 4550 1291 540 133 16236 1988 41156 422 288 17715 366
internal_value=9.43136e-05 0.0031358 -3.876e-05 -0.000418829 -0.000171403 0.00625656 0.000742587 0.000212875 0.00129592 0.00298246 0.000198899 -0.00023928 -0.00115602 0.00370544 0.00628225 0.00734554 -0.0021821 0.00856234 0.0109292 0.000431454 0.00468101 0.00364732 -0.00141466 -0.00129908 0.0133455 -0.001335 0.00730145 -0.00254008 -0.00228228 -0.00955325
internal_weight=273038 11521 261517 176201 154687 5285 85316 111055 32893 12842 20051 78162 43632 2132 1719 4785 21514 4182 2765 6236 1686 1417 41500 30766 2171 41289 962 20330 19676 654
internal_count=273038 11521 261517 176201 154687 5285 85316 111055 32893 12842 20051 78162 43632 2132 1719 4785 21514 4182 2765 6236 1686 1417 41500 30766 2171 41289 962 20330 19676 654
is_linear=0
shrinkage=0.03


Tree=4
num_leaves=31
num_cat=0
split_feature=16 25 40 71 29 22 41 16 30 137 86 161 10 85 6 34 34 51 58 36 86 25 4 33 33 36 16 22 47 134
split_gain=145.587 79.3257 69.4853 86.4686 60.8263 75.2868 69.6745 59.5675 65.7812 61.1911 51.8741 50.8669 49.1874 46.0733 45.7994 43.3725 43.3391 43.1466 45.0162 44.4473 47.3581 41.6993 38.094 37.5383 64.3979 56.1446 36.5351 48.6624 45.7902 36.0556
threshold=1.2206377983093264 0.012410786934196951 -0.030343431979417797 0.57792210578918468 -0.00043847461347468192 1.0944202542304995 -0.0374193787574768 0.93389892578125011 -0.0012749730376526711 0.54424685239791881 -0.55000001192092884 1.3385856151580813 1.0174682140350344 -0.17500000447034833 0.090913083404302611 0.2112085968255997 0.87956127524375927 0.97748222947120678 1.043700158596039 0.80461445450782787 -0.84999999403953541 0.021307645365595821 0.63636562228202831 0.90660479664802562 0.64705893397331249 0.78832495212554943 1.1604010462760928 1.1574864387512209 1.2774967551231386 0.31624530255794531
decision_type=10 10 10 10 10 10 10 8 10 10 2 8 10 2 10 10 10 10 10 10 2 10 10 8 10 10 8 10 10 10
left_child=1 -1 3 26 7 6 21 8 13 11 14 -9 -8 -4 -7 29 17 19 23 -2 -21 -6 -17 24 -19 -26 27 -3 -28 -5
right_child=16 2 4 15 5 10 12 9 -10 -11 -12 -13 -14 -15 -16 22 -18 18 -20 20 -22 -23 -24 -25 25 -27 28 -29 -30 -31
leaf_value=0.0012957137499605463 0.0026198201791257599 -9.3661596465844662e-05 -0.013502638903259607 0.0097935803326880226 0.002312892882531733 0 -0.00027450639535729838 -0.0014315312142609642 -0.0022801531568779386 0.00034571926407624359 -0.00027816260340686179 0.0040010532589377125 0.001534204378939428 0.00015720593211035309 0.0097124197449016576 0.0025925468741443067 0.013662897934939348 -0.0085121037491730275 0.011107776494075853 0.0011280091202402812 0.016246015197689322 -0.012606908032666168 -0.01030865117470019 -0.011299455116386525 -0.0063154632069636132 0.01566063991432921 0 -0.011315176971931228 0.0087601959434809445 0.0030157634781555532
leaf_weight=34237 1230 13495 877 1720 180 526 93236 61241 5528 30131 1207 1545 15806 238 1626 2911 545 337 241 325 649 608 195 308 120 295 1249 339 920 1507
leaf_count=34237 1230 13495 877 1720 180 526 93236 61241 5528 30131 1207 1545 15806 238 1626 2911 545 337 241 325 649 608 195 308 120 295 1249 339 920 1507
internal_value=3.24123e-05 -5.15843e-05 -0.00024917 0.0013387 -0.000417397 5.58619e-05 -7.7138e-05 -0.000958357 -0.00371028 -0.000757627 0.00446809 -0.00129184 -9.34377e-06 -0.0103712 0.00724631 0.00430164 0.00566464 0.0042654 0 0.00680419 0.0116275 -0.00885465 0.00162585 -0.00277417 0.000531238 0.00861825 0.000143528 -0.000406235 0.00375867 0.00675882
internal_weight=273372 269322 235085 22336 212749 113189 109830 99560 6643 92917 3359 62786 109042 1115 2152 6333 4050 3505 1301 2204 974 788 3106 1060 752 415 16003 13834 2169 3227
internal_count=273372 269322 235085 22336 212749 113189 109830 99560 6643 92917 3359 62786 109042 1115 2152 6333 4050 3505 1301 2204 974 788 3106 1060 752 415 16003 13834 2169 3227
is_linear=0
shrinkage=0.03


Tree=5
num_leaves=31
num_cat=0
split_feature=22 86 55 49 36 59 126 48 40 72 45 85 33 43 41 161 36 31 69 13 142 159 78 19 117 11 33 77 0 58
split_gain=96.9493 76.4527 78.1218 96.217 72.135 71.9463 69.7807 95.339 62.9594 73.5007 61.7511 59.0955 58.0603 77.6447 57.9687 56.2524 55.7874 49.6847 48.1665 47.1267 45.4668 45.2559 37.7727 34.4912 33.4833 42.5985 32.6108 30.3359 35.0389 27.493
threshold=1.1661723852157595 -0.81666666269302357 0.93731585144996654 0.8330044448375703 0.79486623406410228 0.91861116886138927 -0.2918287962675094 0.92190647125244152 -0.02971203904598951 0.72410574555397045 1.0269461274147036 0.82500001788139354 0.97826865315437328 1.0755487084388735 0.046067330986261375 1.3923575282096865 0.91600802540779125 0.0045541797298938045 0.19565226882696155 1.1029161214828493 1.3964886665344241 -0.0016032101702876387 0.30000000447034841 0.95633137226104747 0.50755283236503612 0.98976776003837597 0.68726712465286266 0.19166667014360431 -0.0088496096432208998 1.0000506639480593
decision_type=10 2 8 8 10 10 10 10 10 10 10 2 10 10 10 10 10 10 10 10 8 10 10 10 10 10 10 2 10 10
left_child=1 15 4 5 11 20 7 -2 9 19 14 17 13 27 -10 21 -12 22 -11 -5 -4 24 -3 -23 25 -1 -25 28 -9 -8
right_child=6 2 3 8 -6 -7 29 12 10 18 16 -13 -14 -15 -16 -17 -18 -19 -20 -21 -22 23 -24 26 -26 -27 -28 -29 -30 -31
leaf_value=-0.0079926305207496107 0.020632158895272628 -0.0041791272734809978 0.017407160993678953 0.0013298484848282659 0.0019479644194149502 -0.0032203394225443498 0.0015814215207932776 -0.010284303637497617 0.00082681122663802919 0.012282383681099317 -0.00051490689182142734 -0.018357509496765161 -0.011198793460706664 0.0090097392129203906 -0.0022092241469539994 0.0087581702500679776 0.0054367762827461485 -0.014791405676053715 0.0035384340029624918 -0.0043990394171016687 0.0028576352023685038 -0.010984780463782668 0.011377030191041769 -0.0015851704780384256 0.0020582184129349043 -0.0027596239908819872 0.0011507109735531215 0.0052739630684767004 0.0013725539532884552 -0.0066670726094600645
leaf_weight=2054 358 548 601 15946 704 321 854 383 75354 786 133041 455 173 2047 6055 436 1405 288 2655 1368 374 286 166 12667 764 5472 5534 531 451 564
leaf_count=2054 358 548 601 15946 704 321 854 383 75354 786 133041 455 173 2047 6055 436 1405 288 2655 1368 374 286 166 12667 764 5472 5534 531 451 564
internal_value=0 -7.95659e-05 9.01281e-05 0.00014316 -0.0055584 0.00823527 0.00398758 0.00604809 9.68762e-05 0.00167468 -5.35847e-05 -0.00936573 0.00440211 0.0053412 0.000596827 -0.00158655 -0.00044968 -0.00470976 0.00568186 0.000855342 0.0122972 -0.0017726 0 -0.000922967 -0.00362442 -0.00424497 -0.000736513 0 -0.00374485 -0.00153784
internal_weight=272641 267280 240067 237906 2161 1296 5361 3943 236610 20755 215855 1457 3585 3412 81409 27213 134446 1002 3441 17314 975 26777 714 18487 8290 7526 18201 1365 834 1418
internal_count=272641 267280 240067 237906 2161 1296 5361 3943 236610 20755 215855 1457 3585 3412 81409 27213 134446 1002 3441 17314 975 26777 714 18487 8290 7526 18201 1365 834 1418
is_linear=0
shrinkage=0.03


Tree=6
num_leaves=31
num_cat=0
split_feature=16 25 27 26 12 35 49 10 158 158 38 4 0 34 102 30 140 36 23 7 40 23 46 24 121 60 2 161 37 85
split_gain=127.991 81.5899 62.5523 53.2898 57.8431 56.3761 54.8969 50.1712 50.0805 98.7075 69.4431 64.1818 42.3604 42.3498 49.1485 41.8617 45.1052 41.8891 45.8679 39.8844 56.1812 49.3723 39.6348 38.2251 36.3719 31.3771 30.0521 27.0894 26.9374 23.7845
threshold=1.2206377983093264 0.012410786934196951 0.073694020509719863 0.021648212336003784 1.0006571412086489 0.7669273614883424 0.88997751474380504 1.0355787277221682 0.14574154466390613 0.041277449578046806 0.0029713145922869448 0.56249797344207775 0.0083187245763838309 0.40543523430824285 0.54316771030426036 -0.0071641574613749972 0.81745141744613659 0.79486623406410228 0.016831624321639541 0.023904317989945415 -0.047553906217217438 0.047230407595634467 1.0106623172760012 0.0374524723738432 0.43724852800369268 0.92532613873481762 -0.44444490969181055 0.84709551930427562 0.65855157375335704 0.67499998211860668
decision_type=10 10 10 10 10 10 10 10 8 10 10 10 10 10 2 10 10 10 10 8 10 10 10 10 10 10 10 10 10 2
left_child=1 28 3 7 13 6 -6 22 9 19 12 24 -10 25 -15 16 -2 27 -19 20 -4 -21 -3 -12 -11 -5 -7 -18 -1 -13
right_child=15 2 8 4 5 26 -8 -9 10 11 23 29 -14 14 -16 -17 17 18 -20 21 -22 -23 -24 -25 -26 -27 -28 -29 -30 -31
leaf_value=0.00079297138319398323 2.853627785489979e-05 0.0025252315693888331 0.0048881095658043494 0.0029701465286956215 0.0058553249783715247 0.0023968856783804001 -0.00074704258226538939 -0.0096532889077926478 -0.0032837714992668874 0.0056060588371363617 -0.00063809874186295196 -0.014557003609392829 0.010599291122469462 -0.002339273433898106 0.00018286763481757635 0.00076316036190837624 -0.0001776313976246994 -0.00035827155102436477 0.01543309675071656 0.0042334957350985882 -0.0003954075437779334 -0.0089068664774954818 0.00011612653247700882 -0.017865384374116725 0.014796868900994761 -0.00071376503826562656 -0.00011566153822424068 0.010084344911288439 0.0027365285140551038 0
leaf_weight=25319 640 7106 1973 2195 1130 10315 52357 425 597 2820 221 136 265 38098 8237 1370 494 151 1066 3811 19631 244 47211 369 515 29644 6941 341 8968 218
leaf_count=25319 640 7106 1973 2195 1130 10315 52357 425 597 2820 221 136 265 38098 8237 1370 494 151 1066 3811 19631 244 47211 369 515 29644 6941 341 8968 218
internal_value=2.52934e-05 -5.3679e-05 -0.000254676 -0.000446273 -0.000741121 -0.000114856 -0.000599814 0.000350313 0.00100196 0.00127993 -0.00435374 0.00586413 0.000787654 -0.00130384 -0.00188455 0.00529835 0.0074731 0.00962752 0.0132571 0.000605123 7.73145e-05 0.00332935 0.000437631 -0.0121367 0.0071945 -0.000448672 0.00136992 0.00380017 0.00131137 -0.00558151
internal_weight=272808 268746 234459 203659 148917 70743 53487 54742 30800 29348 1452 3689 862 78174 46335 4062 2692 2052 1217 25659 21604 4055 54317 590 3335 31839 17256 835 34287 354
internal_count=272808 268746 234459 203659 148917 70743 53487 54742 30800 29348 1452 3689 862 78174 46335 4062 2692 2052 1217 25659 21604 4055 54317 590 3335 31839 17256 835 34287 354
is_linear=0
shrinkage=0.03


Tree=7
num_leaves=31
num_cat=0
split_feature=16 26 40 71 85 1 122 55 49 14 158 39 13 33 58 160 113 24 16 33 138 80 52 16 35 52 138 146 12 86
split_gain=114.811 67.5416 63.213 85.3379 54.7252 48.3063 80.1181 46.9272 115.245 68.9378 81.8964 67.9323 66.9933 47.1077 46.098 45.0957 42.2244 40.3678 65.8481 57.4474 74.2448 40.9747 39.4118 59.9877 41.0038 39.1606 34.9481 41.3992 32.2533 29.4621
threshold=1.2394970059394839 0.019933737814426426 -0.030976872891187664 0.56363680958747875 0.67499998211860668 0.055469902232289321 0.63514512777328502 0.93731585144996654 0.8330044448375703 0.88698756694793712 0.12444782629609109 0.032036369666457183 0.93799662590026867 0.2562058717012406 0.99964040517807018 0.2989968359470368 0.58974376320838939 0.041003445163369186 0.82715803384780895 0.921093910932541 1.0703798532485964 0.22500000149011615 0.98250374197959911 1.1561278104782107 0.70518198609352123 0.84895494580268871 0.64176785945892345 0.50583028793334972 1.003683388233185 0.71666666865348827
decision_type=10 10 10 10 2 10 10 10 10 8 8 10 8 8 10 10 10 10 8 10 10 2 10 8 10 10 10 10 10 2
left_child=1 16 3 4 22 26 -7 17 11 10 -10 12 -9 -11 29 25 -1 18 -4 20 -19 -20 24 -24 -3 -16 27 -2 -6 -5
right_child=5 2 7 14 28 6 -8 8 9 13 -12 -13 -14 -15 15 -17 -18 19 21 -21 -22 -23 23 -25 -26 -27 -28 -29 -30 -31
leaf_value=0.00011109110141914101 0.0035881207369377051 0.0010262951445604305 0.012882449423577852 -0.0019119750077586165 0.00096755538132369651 0.0036714490631616103 0.02136745677722917 0.019212299810743398 0.0090351845139217679 -0.0014022000407759201 -0.0032021274508248704 -0.005763272045628179 0.0034924912712809559 -0.00032428783447080103 0.0089799021282938665 -0.0097083300950229108 0.0016338481698559215 -0.019567919346559871 -0.012814316726245896 0.00044044367853162243 -0.0013785848620116565 0.0014781452726993322 -0.0047278883256557944 0.0027907699354299321 0.011243562723375072 0.0026520513041558232 0.004864625439606694 -0.013729015149725889 -0.010840476336960609 0.0058776950247673787
leaf_weight=44634 219 8733 239 1454 237 650 400 514 1384 53141 700 217 574 119931 2416 129 26322 523 299 410 387 335 2663 1414 358 1669 1591 207 630 595
leaf_count=44634 219 8733 239 1454 237 650 400 514 1384 53141 700 217 574 119931 2416 129 26322 523 299 410 387 335 2663 1414 358 1669 1591 207 630 595
internal_value=-4.5598e-05 -0.000112475 -0.000396838 0.00118402 -9.58648e-05 0.00570528 0.0109665 -0.000578241 -0.00052183 -0.000590042 0.00479081 0.00827775 0.0114024 -0.000657113 0.00409109 0.00588281 0.000680505 -0.00493608 0 -0.00820677 -0.012351 -0.00498934 0.000367779 -0.00204612 0.00148537 0.00649314 0.00273833 -0.00439221 -0.00732542 0.000239986
internal_weight=272975 269908 198952 20298 14035 3067 1050 178654 176461 175156 2084 1305 1088 173072 6263 4214 70956 2193 873 1320 910 634 13168 4077 9091 4085 2017 426 867 2049
internal_count=272975 269908 198952 20298 14035 3067 1050 178654 176461 175156 2084 1305 1088 173072 6263 4214 70956 2193 873 1320 910 634 13168 4077 9091 4085 2017 426 867 2049
is_linear=0
shrinkage=0.03


Tree=8
num_leaves=31
num_cat=0
split_feature=16 26 39 50 115 79 58 85 12 23 113 42 5 4 86 1 48 2 23 36 140 59 56 79 81 87 77 86 31 161
split_gain=120.383 74.6179 69.632 62.698 83.1176 69.9536 127.54 50.5895 48.8033 53.698 45.4122 44.9154 98.9683 59.9222 42.7784 54.5068 45.5916 40.7678 40.2328 49.2356 77.3249 36.1685 43.8022 57.8574 42.9047 35.6738 37.5106 35.6149 35.3552 31.3521
threshold=1.2206377983093264 0.021392118185758594 0.01746934745460749 0.87559667229652416 0.74207225441932689 0.15000000223517421 1.0057451725006106 0.67499998211860668 0.98512974381446849 0.0081064738333225268 0.56756743788719188 -0.077859010547399507 0.0033333420287817721 0.4255331158638001 -0.81666666269302357 0.017797594889998439 0.97961786389350902 -0.58334097266197193 0.017329806461930278 0.80461445450782787 0.73748964071273815 0.87291401624679577 0.98715078830719005 0.55000001192092907 0.050000002607703216 -0.67500001192092884 0.47499999403953558 0.78333333134651195 -0.0013240776024758814 0.83173477649688732
decision_type=10 10 8 10 10 2 10 2 10 10 10 10 10 10 2 10 10 10 10 10 10 10 10 2 2 2 2 2 10 10
left_child=1 10 3 4 5 7 -7 -3 -6 -10 -1 12 -5 -14 15 -13 -16 28 -2 29 -21 27 23 -23 -24 -12 -27 -19 -4 -20
right_child=18 2 17 11 8 6 -8 -9 9 -11 25 14 13 -15 16 -17 -18 21 19 20 -22 22 24 -25 -26 26 -28 -29 -30 -31
leaf_value=9.8160305239760858e-05 -0.001042545160154262 0.0072106878410019178 -0.0025081275182667596 -0.0025601865071779202 -0.011842133415601693 -0.00059201885267901445 0.015713375950074913 0.0018144549258910275 -0.011642405073218174 5.435724007174993e-05 0.004404972061337319 0 0.0059136940430925718 -0.0024280667747293805 -0.00097202162894837873 -0.0034418072763760634 0.00020612225314289726 -0.018952195675352512 0 -0.0038756673266868722 0.012888649637269755 -0.0015884092455685629 -0.0077763268940627918 0.0050206777977500564 -0.0018217698667659689 0.00026253720231622613 0.0024465013911608184 -0.00029700580831742334 -0.020093232880561737 0.0091338290385990333
leaf_weight=50643 703 3712 306 2875 390 6326 442 3031 362 4068 3533 7042 4101 886 53703 9483 65027 201 1241 258 1430 3037 1193 1901 16449 17450 12318 218 192 454
leaf_count=50643 703 3712 306 2875 390 6326 442 3031 362 4068 3533 7042 4101 886 53703 9483 65027 201 1241 258 1430 3037 1193 1901 16449 17450 12318 218 192 454
internal_value=6.86755e-06 -6.98753e-05 -0.000407566 -0.000183334 0.00146414 0.00267895 0.000471807 0.00484196 -0.00187613 -0.000882064 0.000670471 -0.000396619 0.00179634 0.00436799 -0.000526554 -0.00195934 -0.000324314 -0.00193405 0.00510592 0.00647037 0.0101353 -0.00172925 -0.0015463 0.000905396 -0.00224977 0.00153124 0.00117737 -0.0103852 -0.0103811 0.00257
internal_weight=272975 268889 184945 161448 18331 13511 6768 6743 4820 4430 83944 143117 7862 4987 135255 16525 118730 23497 4086 3383 1688 22999 22580 4938 17642 33301 29768 419 498 1695
internal_count=272975 268889 184945 161448 18331 13511 6768 6743 4820 4430 83944 143117 7862 4987 135255 16525 118730 23497 4086 3383 1688 22999 22580 4938 17642 33301 29768 419 498 1695
is_linear=0
shrinkage=0.03


Tree=9
num_leaves=31
num_cat=0
split_feature=16 26 86 55 49 33 40 53 26 41 51 14 19 86 36 24 33 19 1 28 18 85 83 87 33 1 97 48 98 33
split_gain=118.53 61.8694 65.1728 80.1927 75.843 58.7743 54.1607 57.503 45.2571 42.5411 48.4998 42.1509 52.638 41.1244 37.2143 46.7071 53.0966 63.8777 44.2836 65.2125 36.6351 34.0689 33.9713 32.6413 34.6311 30.4915 44.5851 28.9532 47.1197 28.1937
threshold=1.2206377983093264 0.016480826772749427 0.78333333134651195 0.93731585144996654 0.8330044448375703 0.93002739548683178 -0.033931845799088471 1.0790681242942812 0.10559292510151864 -0.035205749794840806 0.80077409744262706 0.87782910466194164 0.95633137226104747 0.45000000298023229 0.68607735633850109 0.042756585404276855 0.55903378129005443 1.0166031122207644 0.051660547032952316 -0.02607801184058189 1.0002391338348391 0.87500000000000011 0.70000001788139354 -0.49166665971279139 0.94545435905456554 0.036224953830242164 0.062740027904510512 0.98665106296539318 0.36666667461395269 0.59111189842224132
decision_type=10 10 2 10 10 10 10 10 10 10 10 8 10 2 10 10 10 10 10 10 10 2 10 2 10 10 10 10 2 10
left_child=1 -1 3 21 5 8 7 25 -5 10 -8 13 -13 -6 -2 16 17 20 19 -17 -16 22 -3 29 -25 -4 -27 -18 -29 -11
right_child=14 2 6 4 11 -7 9 -9 -10 23 -12 12 -14 -15 15 18 27 -19 -20 -21 -22 -23 -24 24 -26 26 -28 28 -30 -31
leaf_value=0.00096459507036160993 0.00045222052256948647 0.0025061039540267894 0.0040339878042907054 0.012991044856281619 0.011107585549053689 -0.0072294451263205132 -0.016854139333829198 -0.0092565808095166398 -0.0035674623554607602 0.001529370656121403 0 -0.0034502452832759958 -0.0003976765806342184 -0.0025320908107927869 -0.0021703579128030445 -0.010244459344421402 0 -0.012582123579502487 0.016868369668956752 0.0098382295451333156 0.018379345920510017 -0.020303055575759326 -0.010525929445467336 0.0010443394451847845 0.006663919106742377 0 0.018099782081732265 0.0026899645201988029 0.021895548055403481 -0.0080451814011320479
leaf_weight=43118 1232 247 855 822 531 174 234 154 139 401 462 5233 195207 253 134 157 296 326 638 626 110 202 408 18164 1054 168 469 314 221 617
leaf_count=43118 1232 247 855 822 531 174 234 154 139 401 462 5233 195207 253 134 157 296 326 638 626 110 202 408 18164 1054 168 469 314 221 617
internal_value=9.26254e-07 -7.49122e-05 -0.000274815 -0.000445821 -0.000405001 0.00724565 0.0012501 0.00648314 0.0102663 0.000818487 -0.0063093 -0.00045036 -0.000479205 0.00637938 0.00508079 0.00697853 0.00273847 -0.00389548 0.0108547 0.00528297 0.00664803 -0.00951339 -0.00523847 0.00108444 0.00137474 0.00840711 0.0135187 0.00762596 0.0116672 -0.00402786
internal_weight=272966 268912 225794 203216 202359 1135 22578 1646 961 20932 696 201224 200440 784 4054 2822 1401 570 1421 783 244 857 655 20236 19218 1492 637 831 535 1018
internal_count=272966 268912 225794 203216 202359 1135 22578 1646 961 20932 696 201224 200440 784 4054 2822 1401 570 1421 783 244 857 655 20236 19218 1492 637 831 535 1018
is_linear=0
shrinkage=0.03


Tree=10
num_leaves=31
num_cat=0
split_feature=16 26 39 27 38 34 50 35 16 119 12 15 55 87 45 64 29 48 0 40 38 50 38 33 36 26 98 29 2 33
split_gain=96.1593 68.3386 59.8203 65.0242 65.081 47.1161 45.5344 62.2211 46.8476 44.0801 42.7117 42.6518 41.757 55.9673 41.5494 39.8575 38.597 37.721 40.7779 41.0808 39.8841 36.5691 45.3822 44.9914 36.567 39.8089 35.9804 30.6981 30.5906 30.3722
threshold=1.2206377983093264 0.019933737814426426 0.01746934745460749 0.067807160317897811 -0.022880334407091137 0.87956127524375927 0.86872366070747387 0.88981676101684581 0.7394753396511079 0.85263139009475719 0.98570287227630626 1.1418217420578005 1.0041179656982424 0.94166666269302379 1.1115537285804751 0.4083333313465119 -0.0013969257706776259 0.85566958785057079 -0.0025608373107388611 0.049120288342237479 -0.010084036272019146 0.97756242752075206 -0.0022325438912957902 0.54496616125106823 0.80461445450782787 0.081169772893190398 0.36666667461395269 -0.0088583468459546549 -0.47059285640716547 0.32257997989654547
decision_type=10 10 10 8 8 10 10 10 8 8 10 10 10 2 10 10 10 10 10 10 10 10 10 10 10 10 2 10 10 10
left_child=1 15 3 4 -3 21 7 8 -5 16 -9 17 13 -8 -14 -1 -6 20 19 -19 -4 24 23 27 -2 -26 -25 -23 -11 -13
right_child=5 2 11 6 9 -7 12 10 -10 28 -12 29 14 -15 -16 -17 -18 18 -20 -21 -22 22 -24 26 25 -27 -28 -29 -30 -31
leaf_value=-0.00010556211873576641 0.0017052839580329702 -0.0094330600906449135 0.0019511768686208413 -0.0047670721851675009 -0.0011475373898863382 0.012905359620572593 -0.0030119057252109903 -0.01840793133751318 0.0048242812797463595 0.0042176960682333122 -0.00073459133598544253 -0.00083714532469569727 0.0021964937140947767 0.010513864799656651 -0.00062268124883933687 0.0013208511101401577 -0.00010859053426834739 -0.007584427958009011 -0.0014617943009209997 0.0075317256786843383 -0.013711162623292281 0.0015478091027762274 -0.0083669075214647774 0.0015694466697283469 0 0.013299590608311746 0.017336377125434781 -0.017834529695209374 0 0.0076467512294273203
leaf_weight=30614 1221 707 158 447 54223 532 4431 127 6327 2994 1061 693 11057 266 7939 40406 80932 1695 20396 143 469 108 446 451 241 728 202 109 3188 688
leaf_count=30614 1221 707 158 447 54223 532 4431 127 6327 2994 1061 693 11057 266 7939 40406 80932 1695 20396 143 469 108 446 451 241 728 202 109 3188 688
internal_value=-2.45872e-05 -9.48293e-05 -0.000382248 -0.000185392 -0.000460885 0.00455754 0.00104085 0.00300594 0.00413504 -0.000412554 -0.00314574 -0.00177908 0.000365859 -0.00214099 0.00100308 0.000701899 -0.000527734 -0.00209698 -0.00187039 -0.00617848 -0.00936236 0.00313975 -0.000609003 0.00312961 0.0055133 0.00987677 0.00726283 -0.00760563 0.00205081 0.00322414
internal_weight=272999 268961 197941 173699 142044 4038 31655 7962 6774 141337 1188 24242 23693 4697 18996 71020 135155 22861 22234 1838 627 3506 1316 870 2190 969 653 217 6182 1381
internal_count=272999 268961 197941 173699 142044 4038 31655 7962 6774 141337 1188 24242 23693 4697 18996 71020 135155 22861 22234 1838 627 3506 1316 870 2190 969 653 217 6182 1381
is_linear=0
shrinkage=0.03


Tree=11
num_leaves=31
num_cat=0
split_feature=16 86 40 18 19 36 25 42 122 33 56 110 13 82 13 30 83 33 61 12 41 136 137 140 38 119 42 26 54 26
split_gain=108.682 62.9893 48.4476 59.7331 56.026 53.5601 49.9304 51.6674 47.5411 40.9762 50.5217 40.5238 40.2792 40.2721 39.977 47.0711 39.9652 49.4858 45.3994 37.9893 37.9213 35.8088 32.9345 33.2839 32.1457 44.1912 28.7332 28.7328 28.3373 43.9853
threshold=1.2206377983093264 -0.81666666269302357 -0.02971203904598951 1.024536728858948 1.0388434529304507 0.82335302233695995 0.012543265242129566 -0.065122894942760454 0.6606060564517976 0.96601486206054699 1.1637761592864992 0.24264705926179889 0.98087960481643688 0.87500000000000011 1.1147735714912417 -0.0050177341327071181 -0.50000001490116108 0.36764404177665716 0.97246912121772777 1.0187831521034243 -1.0000000180025095e-35 0.63567078113555919 1.0012832880020144 0.76692378520965587 -0.0032786626834422346 0.64242443442344677 -0.06683743372559546 0.045465329661965377 1.0159515142440798 0.071372620761394515
decision_type=10 2 10 10 10 10 10 10 10 10 10 2 8 2 10 10 10 8 8 10 10 10 10 10 10 10 10 10 10 10
left_child=1 8 5 6 20 14 -4 12 21 10 26 19 -8 -9 16 -16 18 -18 -3 -7 -5 28 23 -12 25 -25 -2 -17 -1 -30
right_child=9 2 3 4 -6 11 7 13 -10 -11 22 -13 -14 -15 15 27 17 -19 -20 -21 -22 -23 -24 24 -26 -27 -28 -29 29 -31
leaf_value=-0.00020995483322780486 -0.012077052270824258 0.005008141872094557 0.0010952879794504323 -0.00721170534211194 0.00062332410784230916 0.0071275419310414933 -0.005757631595766647 -0.00047580684979416684 0.0031188918974811427 -0.0074479717424652909 0 0.0010281295839100677 0.0031969001590345372 0.00076714042356119993 0.0013704327854548667 -0.00042028695614518302 -0.0042977150652016216 0.0013040450367388142 0.00099088495701296977 0.024954945866959045 0.0014700939291219168 0.0012445620061360891 0.00066282115038411344 0.026761544776115431 0.0062341598042629709 0.0099597820527018033 0.0016805061757322094 -0.016220771309887166 -0.0029986999914164768 0.0067751729252460572
leaf_weight=5375 145 3747 32415 2622 1889 974 450 148538 1858 194 376 928 5804 27689 503 208 2203 3803 8593 132 473 2989 618 229 1060 723 706 324 17320 388
leaf_count=5375 145 3747 32415 2622 1889 974 450 148538 1858 194 376 928 5804 27689 503 208 2203 3803 8593 132 473 2989 618 229 1060 723 706 324 17320 388
internal_value=-1.3619e-05 -8.82728e-05 6.67042e-05 -6.47046e-05 -0.00330508 0.00142875 9.35298e-06 -0.000182002 -0.00143698 0.00485016 0.00558134 0.00606261 0.00248847 -0.000278746 0.000921224 -0.00470051 0.00125949 -0.00070834 0.00224111 0.00992711 -0.00578766 -0.0017753 0.00740632 0.00900691 0.0105298 0.0147775 -0.000542671 -0.0108257 -0.00218006 -0.00276022
internal_weight=273276 269225 241295 219880 4984 21415 214896 182481 27930 4051 3857 2034 6254 176227 19381 1035 18346 6006 12340 1106 3095 26072 3006 2388 2012 952 851 532 23083 17708
internal_count=273276 269225 241295 219880 4984 21415 214896 182481 27930 4051 3857 2034 6254 176227 19381 1035 18346 6006 12340 1106 3095 26072 3006 2388 2012 952 851 532 23083 17708
is_linear=0
shrinkage=0.03


Tree=12
num_leaves=31
num_cat=0
split_feature=26 38 46 40 77 41 158 45 81 25 32 13 60 46 117 36 138 32 1 21 161 61 3 50 52 78 84 29 82 105
split_gain=67.1928 75.3341 61.3799 57.1596 54.5818 54.9767 53.9082 68.612 53.3978 52.1504 49.1978 62.4043 48.9059 48.708 47.4302 59.5621 63.6597 46.784 43.9761 43.3884 42.234 45.2387 43.7993 41.8501 41.7562 41.4065 40.5707 47.0565 81.587 39.3415
threshold=0.074481844902038588 -0.0013245306327007709 1.0748502612113955 -0.028458484448492524 0.091666668653488173 0.026705933734774593 0.071896214038133635 1.010567367076874 0.28333334624767309 0.042319050058722503 -0.0046467320062220088 0.96443602442741405 0.8952949345111848 1.0767481327056887 0.66942158341407787 0.80461445450782787 0.78710612654685985 -0.0010603106929920612 0.03868034482002259 0.90699493885040294 1.15697318315506 1.0540617704391482 0.020266810432076458 0.89633530378341686 0.69713145494461071 0.30000000447034841 0.65000000596046459 -0.00039027821912895883 0.25833334028720861 0.68585526943206798
decision_type=10 10 8 8 2 10 8 10 2 10 8 8 10 10 10 10 10 10 10 10 10 10 10 10 10 10 2 10 2 2
left_child=2 9 3 24 5 -5 7 25 -8 13 -4 -12 -10 -2 15 -11 29 -9 23 -20 22 -22 -3 -7 -1 -6 27 28 -13 -17
right_child=1 20 10 4 6 18 8 17 12 14 11 26 -14 -15 -16 16 -18 -19 19 -21 21 -23 -24 -25 -26 -27 -28 -29 -30 -31
leaf_value=0.019065059779095461 -0.02050078186522504 -0.00015495424275386107 0.0020162980314090088 -0.00033592155639032084 0.00098962603788956298 -0.0080691495922501563 -0.00020003401729506407 0.0018360668385877857 -0.0099917053133266841 0.003591304226921597 -0.0044640876529301009 0.00085426393886614462 -0.0017429246940797408 0.0011773699747462724 -0.0017313594464212656 0.0085757032554932 0.016262218383550856 -2.9492478631784022e-05 -0.013741475122018915 0.0050779604780562789 0 0.013797307332380391 -0.0094748434407688747 -0.0023054902589354875 0.0023856206962729687 0.0037192325727292727 -0.0041794657653382783 0.00091491621957574387 -0.0014858508117795701 -0.0059483598720579201
leaf_weight=124 106 3486 5650 33546 11835 1930 7478 14492 1107 2031 4117 17804 1812 270 532 491 1034 70990 102 808 582 348 515 3288 7937 9215 2887 15778 52598 209
leaf_count=124 106 3486 5650 33546 11835 1930 7478 14492 1107 2031 4117 17804 1812 270 532 491 1034 70990 102 808 582 348 515 3288 7937 9215 2887 15778 52598 209
internal_value=0 0.00246217 -8.99075e-05 0.000263506 0.000134511 -0.000824025 0.000462392 0.000665683 -0.00158909 0.00518406 -0.000681687 -0.000848889 -0.00501997 -0.00490318 0.00615484 0.00735169 0.0114939 0.000283628 -0.00343743 0.0023958 -6.72278e-05 0.00555733 -0.00147036 -0.00451726 0.00272587 0.00220119 -0.00067745 -0.000555711 -0.000889723 0.00377779
internal_weight=273102 9604 263498 164664 156603 39674 116929 106532 10397 4673 98834 93184 2919 376 4297 3765 1734 85482 6128 910 4931 930 4001 5218 8061 21050 89067 86180 70402 700
internal_count=273102 9604 263498 164664 156603 39674 116929 106532 10397 4673 98834 93184 2919 376 4297 3765 1734 85482 6128 910 4931 930 4001 5218 8061 21050 89067 86180 70402 700
is_linear=0
shrinkage=0.03


Tree=13
num_leaves=31
num_cat=0
split_feature=16 29 57 120 50 0 43 26 35 42 35 17 83 50 35 0 12 50 17 85 159 60 161 140 121 38 35 4 1 1
split_gain=87.6466 56.2049 82.2243 62.464 92.5369 74.93 76.4083 55.3064 53.351 53.196 52.6255 51.4715 58.3255 53.4435 51.0842 46.9036 46.3351 46.1385 55.0078 41.1284 47.5581 41.1113 39.4828 53.8015 39.3739 38.6424 43.3132 37.7343 36.1678 40.855
threshold=1.2394970059394839 -0.0014438008074648676 1.1707749962806704 0.25574485957622534 0.86872366070747387 -0.0082031176425516588 1.0042234063148501 0.021769763901829723 0.82423430681228649 0.067746125161647811 0.85398831963539135 1.0601355433464053 -0.3000000044703483 0.95445922017097484 0.47288516163825994 0.029829532839357856 1.0164846777915957 0.98169478774070751 1.3258052468299868 0.42499999701976782 -0.001993496203795075 1.0181221365928652 0.73816853761672985 0.76384052634239208 0.64666667580604564 -0.0037233955226838584 0.57503056526184093 0.33333320915699011 0.046382918953895576 0.021863109432160858
decision_type=10 8 10 8 8 10 8 10 10 10 10 10 10 10 10 10 10 10 10 2 8 10 10 10 10 10 10 10 10 10
left_child=1 8 3 15 5 10 -7 16 9 11 -5 12 -1 -14 -9 -3 -6 28 -19 20 -13 24 -2 -24 25 26 -4 -27 29 -10
right_child=22 2 21 4 7 6 -8 14 17 -11 -12 19 13 -15 -16 -17 -18 18 -20 -21 -22 -23 23 -25 -26 27 -28 -29 -30 -31
leaf_value=0.00040217757278388899 0.0014060951633555656 -0.0011909153465766019 0.0097547608129369065 0.0097232466638767778 0.00095034620369302775 0.0066219502660203799 0.00017606341698685819 -0.0011155787941337437 0.00091770277641669206 0.010190966956890547 0 -0.003344848091956296 -0.0039730454842217813 -0.00050673078640626091 0.00043261435116982087 -0.0074736535158676795 -0.012666284510084834 0.0025979017049152058 -0.01250489281813821 0.0018867645509695495 -0.0010509296758076869 -0.0083428591011804245 -0.0031196778341467534 0.011084865923699151 0.0099137450912037874 0.0034655373487316021 -0.0015563695105805559 -0.0056074523133962445 0.0055500428193065105 -0.004223966924925264
leaf_weight=37328 1509 10166 1069 2010 55474 2136 7583 38842 2448 370 588 14150 6034 12583 37517 1213 203 10181 196 2544 20468 184 248 1265 1127 1085 357 638 634 2965
leaf_count=37328 1509 10166 1069 2010 55474 2136 7583 38842 2448 370 588 14150 6034 12583 37517 1213 203 10181 196 2544 20468 184 248 1265 1127 1085 357 638 634 2965
internal_value=5.04427e-05 -5.48001e-06 0.000351834 0.000234494 0.000404983 0.00289125 0.00163421 0.000170377 -0.000529 -0.000807881 0.00743077 -0.00085699 -0.000275505 -0.00164936 -0.000351073 -0.00189891 0.000890783 0.00103905 0.00226028 -0.00172369 -0.00199861 0.00436273 0.00511437 0.00855054 0.00501559 0.00311641 0.00673318 0 -0.00100773 -0.00184864
internal_weight=273115 270093 160192 155732 144353 12317 9719 132036 109901 93477 2598 93107 55945 18617 76359 11379 55677 16424 10377 37162 34618 4460 3022 1513 4276 3149 1426 1723 6047 5413
internal_count=273115 270093 160192 155732 144353 12317 9719 132036 109901 93477 2598 93107 55945 18617 76359 11379 55677 16424 10377 37162 34618 4460 3022 1513 4276 3149 1426 1723 6047 5413
is_linear=0
shrinkage=0.03


Tree=14
num_leaves=31
num_cat=0
split_feature=32 26 33 44 138 81 31 86 56 117 38 39 12 38 54 1 42 72 11 23 42 33 11 53 70 81 10 38 103 38
split_gain=71.3719 65.9533 55.9201 75.2699 54.3822 66.9852 53.4168 56.7587 74.9655 55.7165 56.4531 48.9676 48.6201 47.3367 45.8184 39.3358 42.4889 38.9016 34.793 34.6706 34.3257 34.2386 46.0197 40.2804 43.3971 33.3992 33.0159 32.8654 39.6621 38.8438
threshold=-0.0049950752872973672 0.018406318500638012 0.37253709137439733 1.0387821793556216 0.49768894910812383 0.61666667461395275 -0.0068881371989846221 0.68333333730697643 0.95272973179817211 0.44756554067134863 -0.022880334407091137 0.032036369666457183 1.0066829919815066 -0.02792282588779926 0.9861707091331483 0.011872138828039171 -0.10349908098578452 0.78260925412178051 0.97266373038291942 0.024433665908873085 -0.0032817401224747296 0.89825013279914867 0.97904843091964733 1.0551006197929385 0.28260800242424017 0.25000000745058065 1.0200865268707278 -0.0015119749587029217 0.36666667461395269 0.011355642229318621
decision_type=8 10 8 10 8 2 10 2 10 10 10 10 10 10 10 10 10 10 10 10 8 10 10 10 10 2 8 10 2 10
left_child=4 20 3 27 18 -6 14 8 12 25 -11 -10 -8 -7 -4 -5 19 -18 -1 -17 -2 23 -23 24 -15 -9 -22 28 -3 -29
right_child=1 2 6 15 5 13 7 9 11 10 -12 -13 -14 21 -16 16 17 -19 -20 -21 26 22 -24 -25 -26 -27 -28 29 -30 -31
leaf_value=0.0047442597912699313 -2.5297528071758672e-05 0.0052441706572623559 -0.0084058451020920816 0.0015790620415497224 0.00023774440912554664 0.022159217773878481 -0.0066345391916856327 -0.0077006492041392892 -0.00011468935580220306 -0.014019866845667807 0.001805311867805472 -0.0046273624535226026 0.0091989755058206023 0.00027637184207372729 0.0055015696655458203 0.0080553799819835462 -0.0030050949019520723 0.00094314591359832139 -0.0085962594663645375 -0.0037120103744964581 0.001622114595773314 0.0099379677830306306 -0.0066333220642482999 0.015984360477106895 0.0076701622656773338 0.0067204175750398398 -0.0036913627126675306 -0.0014024352002851084 0.00032890624351547977 0.001475630084604632
leaf_weight=204 24567 1634 200 2267 3495 148 2342 883 101215 181 21456 2198 156 1220 2413 596 25136 2334 570 300 31957 200 438 359 2069 134 1037 22135 15855 5102
leaf_count=204 24567 1634 200 2267 3495 148 2342 883 101215 181 21456 2198 156 1220 2413 596 25136 2334 570 300 31957 200 438 359 2069 134 1037 22135 15855 5102
internal_value=2.58182e-06 -8.44963e-05 -0.000335809 -0.000987118 0.00267355 0.00343823 3.61617e-05 -4.81525e-05 -0.000341976 0.00131138 0.00164625 -0.000214381 -0.00546138 0.00588118 0.00426739 -0.00213325 -0.00244141 -0.00265828 -0.00467138 0.00379287 0.000811841 0.0051491 -0.000838463 0.00627692 0.00503647 -0.00541827 0.00144389 -0.000194823 0.00081074 -0.000851626
internal_weight=272801 264098 206537 75359 8703 7929 131178 128565 105911 22654 21637 103413 2498 4434 2613 30633 28366 27470 774 896 57561 4286 638 3648 3289 1017 32994 44726 17489 27237
internal_count=272801 264098 206537 75359 8703 7929 131178 128565 105911 22654 21637 103413 2498 4434 2613 30633 28366 27470 774 896 57561 4286 638 3648 3289 1017 32994 44726 17489 27237
is_linear=0
shrinkage=0.03


Tree=15
num_leaves=31
num_cat=0
split_feature=16 29 22 40 41 115 21 0 41 1 42 161 46 53 97 86 5 50 138 13 162 1 50 24 11 84 51 69 33 30
split_gain=86.8205 51.171 67.7216 67.7354 71.184 58.3011 66.0129 53.3367 51.5614 101.728 51.1875 50.8625 45.1599 43.0763 51.2089 42.5628 45.8773 41.6861 38.8333 38.7743 68.3071 42.0553 43.332 41.4548 38.5861 38.5139 38.2704 50.7343 36.5267 41.9484
threshold=1.2206377983093264 -0.0014438008074648676 1.0944202542304995 -0.02971203904598951 -0.036639105528593056 0.74207225441932689 0.91446775197982799 0.029829532839357856 -0.02948500961065292 0.018450177274644378 0.065921377390623107 1.3923575282096865 1.1140133738517763 1.0012620687484743 0.22915008664131167 -0.516666680574417 0.0025542452931404118 0.95312497019767772 0.60053816437721264 1.1147735714912417 0.32798777520656591 0.051660547032952316 0.99336218833923351 0.02932070288807154 0.97372737526893627 -0.55000001192092884 0.89805325865745556 0.19565226882696155 0.97387737035751354 -0.0071641574613749972
decision_type=10 8 10 10 10 10 10 10 10 10 10 8 10 10 10 2 10 10 8 8 10 10 10 10 10 2 8 10 10 10
left_child=1 8 3 12 17 6 -6 -7 13 -10 11 -11 26 14 -1 16 -4 -5 -13 21 -21 23 -23 -15 -12 -18 27 -3 29 -2
right_child=28 2 15 4 5 7 -8 -9 9 10 24 18 -14 19 -16 -17 25 -19 -20 20 -22 22 -24 -25 -26 -27 -28 -29 -30 -31
leaf_value=0 0.0070729884463841498 0.014320916654211901 0 -0.011786457382561252 0.0038830902592349547 -0.0012115885642189671 0.00013645368863797114 -0.0078391923180371071 1.2737417681906494e-05 -0.0024514588640543017 0.018427551297571242 0.017392018552575456 -0.0059200200086978096 0.0014482679615261201 -0.015187443679185307 -0.00014167116389802211 -0.0046901391023261981 -0.00015244564961949681 0.0012110751957709566 -0.012526529139825417 0.0011149678157591418 0.0081213540290953016 -0.0043750724836841698 -0.0010576830173960833 0 0.0095929567556920208 0.00083389087102228869 0.0041140769609998408 -0.01005376742018098 0.00025649544009090028
leaf_weight=427 2631 545 773 704 4364 10166 132409 1240 42134 35435 168 151 420 17767 321 1360 145 537 883 524 746 1260 263 8772 163 1920 2526 3073 122 1309
leaf_count=427 2631 545 773 704 4364 10166 132409 1240 42134 35435 168 151 420 17767 321 1360 145 537 883 524 746 1260 263 8772 163 1920 2526 3073 122 1309
internal_value=-1.38191e-05 -8.07537e-05 0.000259161 0.00015571 2.24636e-05 8.48539e-05 0.000258741 -0.00197082 -0.000582922 -0.000986844 -0.00213884 -0.00225407 0.00313403 0.000467007 -0.00651186 0.00401299 0.00609597 -0.00707241 0.00414387 0.000659513 -0.00438788 0.000901588 0.00574024 0.000608502 0.00910723 0.00841077 0.00381883 0.00580433 0.00432723 0.00489681
internal_weight=273258 269196 160182 155984 149420 148179 136773 11406 109014 78934 36800 36469 6564 30080 748 4198 2838 1241 1034 29332 1270 28062 1523 26539 331 2065 6144 3618 4062 3940
internal_count=273258 269196 160182 155984 149420 148179 136773 11406 109014 78934 36800 36469 6564 30080 748 4198 2838 1241 1034 29332 1270 28062 1523 26539 331 2065 6144 3618 4062 3940
is_linear=0
shrinkage=0.03


Tree=16
num_leaves=31
num_cat=0
split_feature=32 86 138 26 158 74 76 9 1 14 57 35 0 82 34 15 25 64 102 39 39 156 122 121 82 15 73 39 160 75
split_gain=82.4559 73.9855 65.7127 53.7898 58.8748 60.9603 60.6585 52.0482 51.9727 50.4928 75.2231 59.4282 53.9403 49.9324 52.3651 49.2731 45.5407 44.4242 44.1533 41.8215 41.8112 39.6526 38.556 39.8053 38.4168 37.1827 35.3066 34.5045 33.1227 27.7015
threshold=-0.0049950752872973672 -0.58333334326744068 0.79259768128395092 0.021392118185758594 -0.05307281203567981 0.35000000894069677 0.48333333432674414 1.0052910447120669 0.064701750874519362 1.0416666865348818 1.1707749962806704 0.80202254652977001 -1.0000000180025095e-35 0.50833332538604747 0.75340014696121227 1.1821399927139284 0.013846256770193579 0.47499999403953558 0.54316771030426036 0.01746934745460749 0.027066319249570373 -0.028664578683674332 0.56332099437713634 0.72979411482810985 0.30833333730697637 1.1475881934165957 0.90000000596046459 -0.01605688780546188 -0.15444377064704892 0.075000001117587103
decision_type=8 2 10 10 8 2 2 10 10 8 10 10 10 2 10 10 10 10 2 10 10 10 10 10 2 10 10 10 10 2
left_child=1 2 8 17 5 22 9 16 15 10 20 24 -13 19 -15 -1 -8 -2 -18 -9 -6 -12 25 27 -11 -5 -4 -24 -17 -25
right_child=3 -3 26 4 6 -7 7 13 -10 11 21 12 -14 14 -16 28 18 -19 -20 -21 -22 -23 23 29 -26 -27 -28 -29 -30 -31
leaf_value=0.0022644148898259124 -0.00025148618372380254 0.00018621190765661806 0.011539639032793376 -0.00047576855269939764 -0.00069126174536734953 0.0080472645378188417 0.0042398266291847307 0.0022140611297355841 0.012284427946787023 -0.00077414671458106714 0.0084844347911639355 0.0027030937698638525 -0.0027683314364279387 -0.0019080085702777166 0.0030331348562533354 -0.015784489523660988 -0.0012305947747229041 0.0011380452487061198 0.00066170426529323632 -0.0078188341803899081 -0.0044120205708451541 0.0013481542054313116 -0.0077843194823432986 -5.3487851431204874e-06 -0.0039858183453646903 0.0078498121542107148 0.002448972746019646 -0.00048356320596385541 0 0.0077586714055639903
leaf_weight=1076 37188 4639 1641 711 60164 1297 1738 18489 301 4869 1058 3554 2935 7392 2563 260 36282 45883 15742 350 2869 2424 810 824 12971 1145 636 2317 149 682
leaf_count=1076 37188 4639 1641 711 60164 1297 1738 18489 301 4869 1058 3554 2935 7392 2563 260 36282 45883 15742 350 2869 2424 810 824 12971 1145 636 2317 149 682
internal_value=-2.21516e-05 0.00284643 0.00579452 -0.000117958 -0.000408683 0.00213253 -0.000524751 6.04275e-05 0.00126531 -0.00105974 -0.000625357 -0.00223353 0.000181355 0.00109251 -0.000602263 -0.00090243 -0.000486959 0.000512479 -0.000652203 0.00200366 -0.000866719 0.00363824 0.000883123 -0.000526327 -0.00312792 0.00452945 0.00917452 -0.00250749 -0.00965025 0.00336964
internal_weight=272959 8702 4063 264257 181186 7786 173400 82556 1786 90844 66515 24329 6489 28794 9955 1485 53762 83071 52024 18839 63033 3482 6489 4633 17840 1856 2277 3127 409 1506
internal_count=272959 8702 4063 264257 181186 7786 173400 82556 1786 90844 66515 24329 6489 28794 9955 1485 53762 83071 52024 18839 63033 3482 6489 4633 17840 1856 2277 3127 409 1506
is_linear=0
shrinkage=0.03


Tree=17
num_leaves=31
num_cat=0
split_feature=16 29 40 71 16 85 26 3 5 54 42 13 12 60 42 6 1 43 45 24 33 161 33 24 158 23 1 113 76 112
split_gain=70.4673 53.0157 53.8442 52.4751 44.6253 65.4052 46.1348 51.7714 82.4866 45.7238 42.8878 52.1081 51.7043 50.4112 44.1344 68.8211 41.2947 38.8718 37.8704 37.2007 36.8232 41.3571 53.8127 56.0089 36.6856 36.488 35.8697 45.7252 35.723 33.5024
threshold=1.2206377983093264 -0.0011563174775801597 -0.030343431979417797 0.54929596185684215 1.1063319444656374 -0.17500000447034833 0.021769763901829723 0.01792514976114035 0.017129376530647281 0.99007734656333934 0.067746125161647811 0.98685309290885936 1.0062225461006167 0.93091756105422985 -0.077859010547399507 0.15384439378976825 0.017344287596642975 1.0473564267158511 1.0232784152030947 0.04390272684395314 0.96601486206054699 0.73816853761672985 0.62609195709228527 0.045104321092367179 0.03590343892574311 0.027951645664870742 0.033489095047116287 0.6530611813068391 0.21666666865348819 0.063164893537759795
decision_type=10 8 8 10 10 2 10 10 10 10 10 8 10 10 10 8 10 10 10 10 10 10 10 10 10 10 10 8 2 2
left_child=1 10 3 -3 6 9 26 17 -9 -6 11 12 18 29 15 -15 -16 -8 -1 25 21 -2 23 -23 -12 -5 -4 -28 -20 -13
right_child=20 2 4 19 5 -7 7 8 -10 -11 24 13 -14 14 16 -17 -18 -19 28 -21 -22 22 -24 -25 -26 -27 27 -29 -30 -31
leaf_value=0.0032567789707632368 0.0012286301644936078 -0.0017553687979553799 0.00092820066131321275 0.0046474674316846678 -0.0021360258961918054 -0.0044013220061607733 -0.00032299915767357209 0.0017138304586072986 0.018442832258698159 0.0050578893731648795 0.001688650501918656 -0.014608823668166269 -0.011951141672639378 -0.0012408903997507973 0.00015312170807835473 0.0042475829699940969 -0.001084133888589056 -0.0031492907984034648 -0.00046243011044943638 -0.003977781355866467 -0.0078053864584972134 -0.0053657853595345025 0.012383636117215661 0.0088671375342417244 0.021067396826291693 0.014527812130599432 -0.0090655835930676075 0.00028224435838053257 -0.0046382747206175278 -0.0017076882863245949
leaf_weight=975 1879 1303 52480 3257 878 963 79273 3110 279 4754 329 349 511 3606 45297 4553 51384 4657 3465 327 192 433 1036 504 128 409 723 1125 4407 491
leaf_count=975 1879 1303 52480 3257 878 963 79273 3110 279 4754 329 349 511 3606 45297 4553 51384 4657 3465 327 192 433 1036 504 128 409 723 1125 4407 491
internal_value=8.11627e-06 -5.00076e-05 0.000313999 0.00328434 0.000205431 0.00261553 9.07471e-05 -0.000333896 0.00327917 0.00387973 -0.000536483 -0.00057605 -0.00272454 -0.000382482 -0.000320094 0.00178808 -0.000501441 -0.000484107 -0.00213203 0.00500421 0.00392993 0.00462964 0.00767326 0.00200175 0.00840108 0.00590401 0.000778648 -0.00327225 -0.00284405 -0.00763173
internal_weight=273077 269033 153538 5296 148242 6595 141647 87319 3389 5632 115495 115038 9358 105680 104840 8159 96681 83930 8847 3993 4044 3852 1973 937 457 3666 54328 1848 7872 840
internal_count=273077 269033 153538 5296 148242 6595 141647 87319 3389 5632 115495 115038 9358 105680 104840 8159 96681 83930 8847 3993 4044 3852 1973 937 457 3666 54328 1848 7872 840
is_linear=0
shrinkage=0.03


Tree=18
num_leaves=31
num_cat=0
split_feature=32 25 86 33 53 33 41 86 85 18 22 117 53 41 32 49 18 160 158 67 18 31 114 12 15 113 78 3 67 10
split_gain=80.4553 56.35 56.0826 72.1437 49.8637 44.626 62.2817 56.9632 53.7046 53.0369 66.0388 49.916 51.9906 49.2062 60.5086 44.5093 46.3046 42.5583 51.5429 53.0797 47.5192 41.5302 38.1249 36.8651 35.6661 34.4653 34.0702 46.2959 36.3243 31.5911
threshold=-0.0049950752872973672 0.012410786934196951 -0.58333334326744068 0.93002739548683178 0.97813132405281078 0.37253709137439733 0.049065001308918006 0.68333333730697643 0.82500001788139354 1.0224276185035708 0.90503835678100597 0.44665513932704931 1.0374999642372134 0.062723249197006239 0.00099877355387434385 0.92097631096839916 1.0374777317047121 0.14107472449541095 0.053140243515372283 0.65871214866638195 0.97806948423385631 -0.0072037959471344939 0.58823511004447948 0.9862218201160432 1.1616019010543825 0.23255746066570285 0.30000000447034841 0.020266810432076458 0.766954004764557 1.0182828307151797
decision_type=8 10 2 10 10 8 10 2 2 10 10 10 10 10 10 10 10 10 10 10 10 10 10 10 10 10 10 10 10 10
left_child=2 29 3 4 -1 9 7 21 26 17 22 -9 -13 14 -10 -6 24 18 20 -20 -3 -7 -11 -23 -17 -12 27 -8 -28 -2
right_child=1 5 -4 -5 15 6 8 11 13 10 25 12 -14 -15 -16 16 -18 -19 19 -21 -22 23 -24 -25 -26 -27 28 -29 -30 -31
leaf_value=-0.0046025053368983406 0.0012391227123709795 0.0036406624785336756 0.00050151037769904819 -0.0055153898454681355 0.01264564593914704 0.0048157911445547465 -0.0036798969398903454 -0.0043543235609580858 -0.011322200051603235 0.014331315997813905 0.0018935926617530184 0.0014293065165256456 0.0067624351322115002 -0.016558870164853697 0.0061412348285705938 0.0052358714593303407 0.013609561794163548 0.0012190790254842274 0.0073731900198546084 -0.0070369798312219945 -0.00093207428846579343 -0.0038399073746552817 -0.0028008217448669093 -6.0818257790658475e-05 -0.0040291947060878686 -0.0092465633776017565 -0.00050085913841961798 0.0087345947982235377 0.007908344557119423 -0.0030956796462213759
leaf_weight=272 32418 2065 4694 441 1196 1519 4719 1169 350 194 236 19974 1823 424 306 1243 439 9124 223 2021 68148 2359 197 111132 479 1662 2113 255 554 1532
leaf_count=272 32418 2065 4694 441 1196 1519 4719 1169 350 194 236 19974 1823 424 306 1243 439 9124 223 2021 68148 2359 197 111132 479 1662 2113 255 554 1532
internal_value=-1.10164e-05 -0.000105901 0.00281237 0.00538868 0.00681894 -0.000274971 3.86762e-05 0.000196236 -0.00241451 -0.000827026 -0.00533081 0.00156023 0.00189489 -0.0086721 -0.00279167 0.00785497 0.00497438 -0.000695707 -0.000941232 -0.00541996 -0.000792318 -7.37521e-05 0.00525334 -0.000142675 0.00246977 -0.00769967 -0.00147056 -0.00295094 0.00118015 0.00103298
internal_weight=273281 264517 8764 4070 3629 230567 146697 137976 8721 83870 2289 22966 21797 1080 656 3357 2161 81581 72457 2244 70213 115010 391 113491 1722 1898 7641 4974 2667 33950
internal_count=273281 264517 8764 4070 3629 230567 146697 137976 8721 83870 2289 22966 21797 1080 656 3357 2161 81581 72457 2244 70213 115010 391 113491 1722 1898 7641 4974 2667 33950
is_linear=0
shrinkage=0.03


Tree=19
num_leaves=31
num_cat=0
split_feature=16 37 40 38 161 31 33 41 48 16 14 60 116 16 71 71 120 15 74 121 8 24 3 5 22 49 161 42 36 140
split_gain=65.4571 46.837 65.6814 60.9892 60.7875 59.2736 51.8306 51.1197 44.2089 52.097 42.1514 41.5399 74.1286 49.0851 39.4284 41.5202 38.7328 37.3891 54.1136 58.2021 41.0571 35.8869 33.5864 48.8461 46.6392 41.3887 34.6096 34.4386 33.5329 56.4522
threshold=1.2206377983093264 0.68480640649795543 0.03661050274968148 -0.022880334407091137 0.48507998883724218 -0.0075392194557934991 0.50590261816978466 -0.0014730942202731965 0.91444790363311779 0.89614051580429088 0.88698756694793712 0.85410505533218395 0.72293689846992504 0.7852524220943452 0.63016328215599071 0.16438338905572894 0.69879531860351574 1.0799999833106997 0.25000000745058065 0.63369962573051464 -0.31634365022182459 0.055742703378200538 0.0053763410542160281 0.014534898567944767 1.1225092411041262 0.8330044448375703 0.58899638056755077 0.082661904394626631 0.80461445450782787 0.74450546503067028
decision_type=10 8 8 8 8 8 10 10 8 8 8 10 10 8 10 10 10 10 2 10 10 10 10 10 10 8 8 10 10 10
left_child=1 2 3 14 8 -6 7 16 9 -4 -9 12 -8 -13 15 -1 -5 20 21 -20 -3 -19 24 27 25 -22 -25 -24 -2 -30
right_child=28 17 4 6 5 -7 11 10 -10 -11 -12 13 -14 -15 -16 -17 -18 18 19 -21 22 -23 23 26 -26 -27 -28 -29 29 -31
leaf_value=-0.0025563728467895555 0.00095538650787842987 0.0019165994377505649 0.016351560019183812 -0.0016331585897154896 0.0037883881031192911 -0.0079532033729342606 -0.015415035835638477 0.008119627405443074 -0.002501768688932073 0.00066357789413172314 -4.2696976736020032e-05 0.01207840477578863 0.0026637230070393285 0.00039971917495646992 0.00054320251830022761 -0.019351899064077503 0.0019885474028876605 -0.003029999822321658 -0.0027666437321729486 0.0048932216779992406 0.0096110798555862492 0.0083746038225661137 -0.0011408099913432675 8.7106115214766997e-05 0.011455039178108563 0.00061474272708071296 0.00858429954620488 -0.0081318914973644695 -0.0042892427024984149 0.0088124950925242539
leaf_weight=306 2078 22870 226 39041 404 2618 388 556 3794 1068 46290 307 352 94067 281 320 2762 6714 1400 2256 454 226 11640 1189 358 27965 731 673 312 1686
leaf_count=306 2078 22870 226 39041 404 2618 388 556 3794 1068 46290 307 352 94067 281 320 2762 6714 1400 2256 454 226 11640 1189 358 27965 731 673 312 1686
internal_value=4.80387e-05 -8.10698e-06 -0.000258416 -0.000140511 -0.00289933 -0.00627031 -0.000100126 -0.000623229 -0.000821709 0.00383901 5.12015e-05 0.000384296 -0.00657688 0.000443439 -0.00782041 -0.0119397 -0.00138586 0.00061885 -0.00102068 0.00187931 0.00088733 -0.00259251 0.000332422 -0.0008479 0.000926806 0.000775668 0.00353202 -0.00155982 0.00381213 0.00659568
internal_weight=273332 269256 192780 184670 8110 3022 183763 88649 5088 1294 46846 95114 740 94374 907 626 41803 76476 10596 3656 65880 6940 43010 14233 28777 28419 1920 12313 4076 1998
internal_count=273332 269256 192780 184670 8110 3022 183763 88649 5088 1294 46846 95114 740 94374 907 626 41803 76476 10596 3656 65880 6940 43010 14233 28777 28419 1920 12313 4076 1998
is_linear=0
shrinkage=0.03


Tree=20
num_leaves=31
num_cat=0
split_feature=16 25 33 14 1 162 23 93 39 25 49 122 60 162 13 1 87 56 47 159 80 87 139 146 10 31 70 38 22 33
split_gain=63.8787 54.5285 41.4961 72.3584 61.8291 52.1146 70.4972 51.6616 46.4643 54.22 99.9326 54.3124 49.4059 58.0116 45.3599 41.9814 50.9525 40.9494 48.8006 41.6086 36.4018 36.2179 33.9389 30.2428 28.139 35.9457 27.1783 24.4933 24.2542 25.2679
threshold=1.2394970059394839 0.012410786934196951 0.54940342903137218 0.92472085356712352 0.020254103466868404 -0.16163620352745053 0.035261763259768493 0.11255840584635736 0.026125322096049789 0.033445242792367942 0.90255862474441539 0.48740740120410925 0.85410505533218395 1.5668525695800783 0.92692983150482189 0.014204510953277351 -0.82499998807907093 1.1161434054374697 1.0256916880607607 0.020010693930089477 0.37500000000000006 -0.87499999999999989 0.91736900806427013 0.55876699090003978 1.0191387534141543 0.00078220220166258525 0.87012997269630443 -0.0013245306327007709 1.1300894618034365 0.96601486206054699
decision_type=10 10 8 8 10 10 10 10 10 10 10 10 10 10 10 10 2 10 10 10 2 2 10 10 10 8 10 10 10 10
left_child=1 24 3 4 20 7 -7 -6 9 10 26 -12 13 -11 -14 27 21 18 19 -10 -3 -17 -18 28 -1 -26 -4 -5 -2 -30
right_child=23 2 8 15 5 6 -8 -9 17 12 11 -13 14 -15 -16 16 22 -19 -20 -21 -22 -23 -24 -25 25 -27 -28 -29 29 -31
leaf_value=0.0012149533905994388 -0.0054205521578539386 -0.010498936052316417 -0.00032341659235601508 0.0011589848254162489 0.00031438535746789196 0.0033667734410496191 -0.014735125440016093 0.014581296116040785 -0.00041551929783133581 0.00070600021278598266 0.001105512401451271 -0.00050866562993524085 0.0063488136671871866 -0.010402527306760565 0.001383611206902977 -0.000314553917905838 -0.0020210990291154524 0.0049540349697166997 -0.0050521069152271161 0.014818103765234507 0.0011473099587448431 0.0037742775456397464 -0.00071290908840915875 0.013974978223438093 -0.0066038609129908136 0.0035229857430989745 -0.0087406738538924941 -0.00057218165403251646 0.0048281262251624359 -0.0074023148806906004
leaf_weight=33080 225 423 549 12636 396 3132 182 718 1275 1022 29260 52071 1802 650 25420 5756 39127 559 3870 160 436 2843 34577 263 904 421 1481 17371 2442 126
leaf_count=33080 225 423 549 12636 396 3132 182 718 1275 1022 29260 52071 1802 650 25420 5756 39127 559 3870 160 436 2843 34577 263 904 421 1481 17371 2442 126
internal_value=-2.75736e-05 -7.76114e-05 -0.00024151 -0.000640883 0.00276983 0.00423277 0.00220023 0.0098693 0.0001536 0.000292151 -9.27222e-05 6.84995e-05 0.00141221 -0.00350712 0.00172772 -0.000804578 -0.00115515 -0.00243969 -0.0032908 0.00125716 -0.00435478 0.00100811 -0.00141181 0.0042695 0.00103607 -0.00315861 -0.00663599 0.000147111 0.00315609 0.00405955
internal_weight=273177 270121 235716 117597 5287 4428 3314 1114 118119 112255 83361 81331 28894 1672 27222 112310 82303 5864 5305 1435 859 8599 73704 3056 34405 1325 2030 30007 2793 2568
internal_count=273177 270121 235716 117597 5287 4428 3314 1114 118119 112255 83361 81331 28894 1672 27222 112310 82303 5864 5305 1435 859 8599 73704 3056 34405 1325 2030 30007 2793 2568
is_linear=0
shrinkage=0.03


Tree=21
num_leaves=31
num_cat=0
split_feature=61 13 86 39 27 82 35 5 161 162 37 52 22 71 37 7 79 41 55 41 29 22 11 73 87 141 26 140 30 9
split_gain=56.2358 79.6268 54.8957 45.6085 67.1234 47.4657 43.2375 42.6052 41.6668 41.1419 39.9852 39.1373 37.1201 62.7942 36.199 57.7918 63.6936 38.369 33.0798 56.1594 49.6579 32.4135 32.2905 31.2445 30.2662 30.114 42.1637 29.4188 34.4707 32.9176
threshold=1.0644010305404665 1.1147735714912417 -0.81666666269302357 0.022993783466517929 0.023991339839994911 0.42499999701976782 0.51422488689422619 0.011970939114689829 1.15697318315506 2.5773400068283085 0.83796432614326488 0.92222222685813915 1.0398598313331606 0.83333429694175731 0.65855157375335704 -0.047225514426827424 0.15000000223517421 0.070569023489952101 0.94976589083671581 0.030068149790167812 0.012823553755879404 1.2509537339210512 0.95577988028526317 0.30000000447034841 -0.20833333581686017 1.1665834784507754 0.049669444561004646 0.76384052634239208 -0.0063737912569195023 1.0036711692810061
decision_type=10 10 2 10 10 2 10 10 8 10 10 10 10 10 8 10 2 10 10 8 10 10 10 10 2 10 10 10 10 10
left_child=1 2 6 14 5 -5 7 10 27 -9 11 -1 13 -6 18 16 -16 -17 19 -4 -20 23 -14 -10 -7 26 -3 -2 -29 -30
right_child=8 25 3 4 12 24 -8 9 21 -11 -12 -13 22 -15 15 17 -18 -19 20 -21 -22 -23 -24 -25 -26 -27 -28 28 29 -31
leaf_value=0.0031786346442266786 -0.0036090460647858241 0 0.0085855054343830194 0 -0.0054283922015101026 0.0015016456362433159 -0.00045510231672036709 -0.012708607023392101 0.0090263312486200831 0.00068948392768994294 0.0023063808868933385 -0.0039314061515964118 -0.0061448123042489146 -7.5550533919200598e-06 -0.0010312034967601858 0.00054352573670531535 0.017016091256518848 0.0054031328920556322 -7.8428871315844577e-05 -0.0060207715253525812 0.005748311817107726 0.02132191640409805 0.0015888992111570625 -0.0036360107124533444 0.025476714948716457 -0.00014412263955947171 -0.023118830581309362 0.0048135821742440622 -0.0080500047874364142 0.0014839286662126343
leaf_weight=718 753 109 242 299 4977 110 17626 699 563 229 1355 6496 554 3308 254 64546 388 1494 156863 1686 1307 150 3016 198 147 193 238 2683 382 1650
leaf_count=718 753 109 242 299 4977 110 17626 699 563 229 1355 6496 554 3308 254 64546 388 1494 156863 1686 1307 150 3016 198 147 193 238 2683 382 1650
internal_value=-3.37467e-05 -0.000101468 -7.65655e-05 6.73233e-05 -0.00169986 0.00819975 -0.00135565 -0.00299104 0.00274384 -0.00914115 -0.00227034 -0.00317545 -0.00220245 -0.00330534 0.0001655 0.000753105 0.00960727 0.000659607 -7.74315e-05 -0.00396408 -2.76639e-05 0.00869434 0.000277653 0.00533893 0.0171474 -0.0114057 -0.0165027 0.00166971 0.00258779 -0.000223168
internal_weight=273233 266854 266314 239191 12411 556 27123 9497 6379 928 8569 7214 11855 8285 226780 66682 642 66040 160098 1928 158170 911 3570 761 257 540 347 5468 4715 2032
internal_count=273233 266854 266314 239191 12411 556 27123 9497 6379 928 8569 7214 11855 8285 226780 66682 642 66040 160098 1928 158170 911 3570 761 257 540 347 5468 4715 2032
is_linear=0
shrinkage=0.03


Tree=22
num_leaves=31
num_cat=0
split_feature=16 26 39 25 1 15 12 45 33 14 33 3 27 86 45 1 29 51 36 115 1 11 42 45 33 17 82 24 15 161
split_gain=61.1506 48.745 54.5772 53.6828 58.5693 84.2121 77.1171 70.7458 53.3845 65.8016 48.9526 43.6858 42.0437 37.764 35.5263 34.7371 35.5426 34.2435 32.4837 44.879 73.1328 36.6065 32.404 32.0647 29.8069 37.9205 45.5763 38.4068 32.855 75.999
threshold=1.2394970059394839 0.021392118185758594 0.01746934745460749 0.033671133220195777 0.03868034482002259 0.83749577403068554 0.98570287227630626 1.1401342153549197 0.61297926306724559 0.88698756694793712 0.92703846096992504 0.0068336832337081441 0.077740181237459197 -0.84999999403953541 1.0214833021163943 0.034584961831569679 -0.00091216966393403698 0.82418358325958263 0.80461445450782787 0.29752089083194738 0.055469902232289321 0.9882439672946931 -0.083956468850374208 1.0047850012779238 0.88040038943290722 0.99337664246559154 0.12500000372529033 0.0374524723738432 0.89990380406379711 0.4492939561605454
decision_type=10 10 10 10 10 8 10 10 8 8 10 10 10 2 10 10 10 10 10 10 10 10 10 10 10 8 2 10 8 10
left_child=1 14 3 11 8 6 -6 -7 9 -5 -10 17 13 -13 -1 -16 -17 23 -2 20 -20 -21 -19 -3 25 26 27 -4 29 -27
right_child=18 2 24 4 5 7 -8 -9 10 -11 -12 12 -14 -15 15 16 -18 22 19 21 -22 -23 -24 -25 -26 28 -28 -29 -30 -31
leaf_value=0.0013732107625062026 0.0010488944062142136 0.0030823763637759143 0.00044217503712727689 0.0077098881072496213 -0.016230302450818048 0.0061028666114406171 0.00011963186338276846 0.00037239245492740627 0.002047774949377384 -0.0011218892530006697 -0.0021943868147197795 -0.0054182274418615476 0.0019851468788816893 -0.0014580635685396063 0.00023011476019202273 -0.00031896920053032699 -0.0096288176062488476 0.0058325488206554506 -0.002560969869799676 0.006389868379100762 0.014622195053358751 0.025042857887258508 -9.8679248069563394e-05 -0.0073276382160670835 0.00067150015985903107 0.020293673487005833 -0.0063341143818093255 -0.007547084653639664 -0.0014812272722746378 -0.0024483234507206362
leaf_weight=30852 1609 295 2428 761 338 5084 817 3319 15756 21176 2816 2448 2781 24389 51402 1011 636 817 619 319 309 192 80455 1055 3922 189 3541 657 12549 300
leaf_count=30852 1609 295 2428 761 338 5084 817 3319 15756 21176 2816 2448 2781 24389 51402 1011 636 817 619 319 309 192 80455 1055 3922 189 3541 657 12549 300
internal_value=1.13e-05 -3.54867e-05 -0.000307435 -0.000109414 0.000704902 0.00281709 -0.00460452 0.00388133 0.000197988 -0.000795106 0.00138675 -0.00047539 -0.00146439 -0.00183424 0.000563403 8.64459e-05 -0.00416638 -0.000116958 0.00422364 0.00750479 0.0030319 0.0146427 -3.39439e-05 -0.00482209 -0.00165616 -0.00213586 -0.00399981 -0.0012003 -0.00116095 0.00620415
internal_weight=272842 269794 185893 162307 50067 9558 1155 8403 40509 21937 18572 112240 29618 26837 83901 53049 1647 82622 3048 1439 928 511 81272 1350 23586 19664 6626 3085 13038 489
internal_count=272842 269794 185893 162307 50067 9558 1155 8403 40509 21937 18572 112240 29618 26837 83901 53049 1647 82622 3048 1439 928 511 81272 1350 23586 19664 6626 3085 13038 489
is_linear=0
shrinkage=0.03


Tree=23
num_leaves=31
num_cat=0
split_feature=16 29 120 50 0 84 23 9 59 16 38 86 42 23 5 1 41 41 9 161 46 36 16 24 29 35 7 2 39 13
split_gain=64.6685 46.9 56.2976 74.482 107.897 68.552 77.0892 52.6215 63.1654 51.8997 63.3138 59.3759 51.6975 73.9618 64.5948 64.1266 62.8634 48.4442 47.5875 46.5684 53.7486 41.2944 39.8386 50.4385 39.3649 38.7389 37.3663 36.8706 35.4545 48.9857
threshold=1.2394970059394839 -0.0014438008074648676 0.25574485957622534 0.86872366070747387 -0.0082031176425516588 0.65000000596046459 0.036369625478982932 0.98481673002243053 0.87291401624679577 1.1139442324638369 -0.016498880460858342 -0.58333334326744068 -0.075341708958148942 0.0083423661999404448 0.0071492353454232225 0.018639719113707546 -0.031841535121202462 0.027232518419623378 0.97113367915153515 1.3923575282096865 1.1096516847610476 0.79826858639717113 1.1702715158462527 0.02932070288807154 0.005362910684198142 0.81136345863342296 -0.018613453023135659 -0.12499399855732916 0.0087622129358351248 1.1147735714912417
decision_type=10 8 8 8 10 2 10 10 10 10 8 2 10 10 10 10 10 10 10 8 10 10 10 10 10 10 10 10 10 10
left_child=1 12 18 4 5 26 -7 8 -6 10 21 24 13 -1 -15 25 22 -12 -3 20 -18 -5 23 -17 -11 -14 -4 -24 29 -16
right_child=-2 2 3 9 7 6 -8 -9 -10 11 17 -13 15 14 28 16 19 -19 -20 -21 -22 -23 27 -25 -26 -27 -28 -29 -30 -31
leaf_value=0.016816416269158314 0.0043342998586622392 -0.0072849037086201857 0.017135015434978688 -0.0065918104701790719 -0.010367752121180704 0.0053637480112713343 -0.016139211768217115 -0.00062120272242688888 0.0045861394432782148 0.0068218228533228871 0.00045821265359223876 -0.00095820514237400002 -0.00034548349378124587 -0.00087110039101622589 0.0079740773864560664 0.0011561300827245835 -0.0013120701519474399 -0.0010980670512441739 -0.0010272638877614115 0.0039786979137297071 -0.0037329471577993698 0.0046345089227135209 0.011200583290508282 -0.0027372594711147519 -0.0029912362599316109 0.0018865634632406676 0.0061756073871807177 -0.0048217249053511642 -0.0003781728021178851 -0.0022697689540495626
leaf_weight=261 3046 1241 767 1910 241 1247 146 6108 4133 2897 106524 1857 42066 5666 2150 8830 20032 21572 10144 1027 14773 301 505 4493 364 8370 664 129 968 459
leaf_count=261 3046 1241 767 1910 241 1247 146 6108 4133 2897 106524 1857 42066 5666 2150 8830 20032 21572 10144 1027 14773 301 505 4493 364 8370 664 129 968 459
internal_value=8.33867e-07 -4.72881e-05 0.000278889 0.000436216 0.00257839 0.00777993 0.00270117 0.00113631 0.00365049 0.000223175 0.000104167 0.00318258 -0.000525942 0.00157657 0.00107846 -0.000728583 -0.0014922 0.000193655 -0.00174725 -0.00215791 -0.00234978 -0.00490117 0.000196063 -0.000136514 0.00562348 1.95864e-05 0.0124117 0.00743405 0.00423767 0.00605421
internal_weight=272891 269845 160116 148731 13306 2824 1393 10482 4374 135425 130307 5118 109729 9504 9243 100225 49789 128096 11385 35832 34805 2211 13957 13323 3261 50436 1431 634 3577 2609
internal_count=272891 269845 160116 148731 13306 2824 1393 10482 4374 135425 130307 5118 109729 9504 9243 100225 49789 128096 11385 35832 34805 2211 13957 13323 3261 50436 1431 634 3577 2609
is_linear=0
shrinkage=0.03


Tree=24
num_leaves=31
num_cat=0
split_feature=16 46 40 42 6 13 72 27 81 115 114 29 36 23 138 36 14 33 14 113 8 25 77 91 102 125 34 27 62 49
split_gain=57.207 49.6599 42.0956 40.5647 66.367 58.8975 53.1062 49.3561 54.913 49.8283 46.6463 60.6612 45.0599 40.2985 52.2856 55.5238 46.3737 37.404 36.8603 64.5059 84.6088 38.4086 36.0686 35.6702 37.978 34.6974 32.7279 31.1919 29.8102 38.2542
threshold=1.2394970059394839 1.0748502612113955 -0.02971203904598951 -0.077859010547399507 0.16000079363584521 1.1147735714912417 0.069982010871171965 0.090825200080871596 0.61666667461395275 0.44545440375804907 0.55489152669906627 -0.00039027821912895883 0.75695788860321056 0.041296407580375678 1.0657664537429812 0.44610098004341131 0.89384698867797863 0.921093910932541 0.88698756694793712 0.70370283722877514 0.63636860251426708 0.013636420015245678 0.091666668653488173 0.13570703566074374 0.57537877559661876 -0.4653454571962356 0.2258478328585625 0.054117439314723022 0.99674886465072643 0.91977819800376903
decision_type=10 10 8 10 10 10 10 10 2 10 10 10 10 10 10 10 10 10 8 10 10 10 2 10 2 10 10 10 10 10
left_child=1 2 26 4 17 7 -7 10 12 -10 11 -5 -9 18 15 -15 -17 25 19 20 -4 -20 -23 -6 -25 -3 27 -1 -2 -30
right_child=28 3 13 5 23 6 -8 8 9 -11 -12 -13 -14 14 -16 16 -18 -19 21 -21 -22 22 -24 24 -26 -27 -28 -29 29 -31
leaf_value=0.0015716897781733645 -0.0067516787757094087 0.0055086888326609145 0.020010911071330271 -0.0010234113807440352 0.00084100744827221878 0.0025511659040700556 -0.019646277936986183 -0.0033487581230414311 0.001985443116945357 0.010076263073551729 -0.0028044894895170027 0.0012237091337921596 0.0057918985693516277 0.0028126201123067456 0.001703819867680103 -0.021472954230499768 -0.0012208976171511623 -0.0078395688862377862 0.0009302510329235055 0.0011682448121396376 -0.0035577353641193881 -0.0010822554146507134 0.00015881531053959187 0.0076889709484696924 -0.00099318789483144611 -0.0017138644543524572 0.00057041924275058836 0.0075875085918763983 0.01150521060451503 0.0028202265860419471
leaf_weight=1741 175 736 393 63677 2481 109 258 2239 2879 951 10290 12894 583 171 494 347 190 670 40847 2325 168 27745 86519 2192 491 2816 4131 1673 623 2245
leaf_count=1741 175 736 393 63677 2481 109 258 2239 2879 951 10290 12894 583 171 494 347 190 670 40847 2325 168 27745 86519 2192 491 2816 4131 1673 623 2245
internal_value=-4.73513e-06 -5.20762e-05 0.000266867 -0.000569932 0.00129689 -0.000760006 -0.0124872 -0.000708114 0.00176372 0.00411425 -0.000901227 -0.000640875 -0.00132735 0.000160927 -0.00525695 -0.0104392 -0.0151472 -0.00143924 0.000204704 0.0035565 0.0125571 0.000139956 -0.000140047 0.0035887 0.00599352 -0.000110848 0.00245621 0.00463407 0.00407087 0.00487731
internal_weight=273053 270010 166744 103266 9386 93880 367 93513 6652 3830 86861 76571 2822 159199 1202 708 537 4222 157997 2886 561 155111 114264 5164 2683 3552 7545 3414 3043 2868
internal_count=273053 270010 166744 103266 9386 93880 367 93513 6652 3830 86861 76571 2822 159199 1202 708 537 4222 157997 2886 561 155111 114264 5164 2683 3552 7545 3414 3043 2868
is_linear=0
shrinkage=0.03


Tree=25
num_leaves=31
num_cat=0
split_feature=32 138 11 162 86 25 158 74 86 40 18 1 27 74 53 45 34 52 38 17 126 52 33 161 12 38 15 38 10 31
split_gain=57.0161 49.2031 68.6191 60.7433 58.0624 42.6533 45.9545 58.4753 53.8003 61.282 65.8309 52.9974 43.8555 42.6466 42.072 41.1275 53.5497 42.1279 34.7851 34.6749 46.3058 34.6299 31.1218 28.284 28.0181 27.3194 26.5436 28.3646 26.4674 27.9914
threshold=-0.0049950752872973672 0.66711628437042247 0.97092422842979442 0.37474825978279119 -0.58333334326744068 0.012410786934196951 -0.05307281203567981 0.35000000894069677 -0.81666666269302357 -0.02971203904598951 1.024536728858948 0.018544884398579601 0.082353774458169951 0.45000000298023229 0.98100265860557567 1.116071403026581 0.61320689320564281 0.76852816343307506 -0.0010117877391166983 1.1576871275901797 -0.4583336859941482 0.92069512605667125 0.89825013279914867 0.38129776716232305 1.0061098337173464 -0.010318157728761433 1.1475881934165957 0.0072772703133523473 1.0195909738540652 0.00078220220166258525
decision_type=8 8 10 10 2 10 8 2 2 10 10 10 10 2 10 10 10 10 8 10 10 10 10 8 10 10 10 10 10 8
left_child=1 2 3 -1 14 28 7 19 11 15 18 -8 24 -14 -3 17 -17 -10 -11 26 -21 -22 -16 -9 -13 -12 -7 -28 -2 -30
right_child=5 4 -4 -5 -6 6 8 23 9 10 25 12 13 -15 22 16 -18 -19 -20 20 21 -23 -24 -25 -26 -27 27 -29 29 -31
leaf_value=-0.0025563961377635539 0.0010750399843294622 -0.0043680053191149934 -0.0048505479465142231 0.016730199041676407 0.0010287692150667159 0.00043035212051531263 -2.0263393805064336e-05 -0.0017088161568545759 0.0061549270060925702 0.00024364005703472324 -0.0084901032973487504 -0.0045639693654890489 0 0.01579935871264232 0.0090693979820689746 -0.0050971706616872179 0.0015832315282387388 0.0015358426920220687 -0.0006031231777417161 0.0035910287327005838 0.0093872079943979024 -0.0049963265076865757 0 0.009578676811684653 -0.0014004747939820438 -0.0024528719765150868 0.0085826073625822168 -0.00012391388109223782 -0.0069447251809657499 0.0025109921684385501
leaf_weight=237 32934 235 1542 277 3738 1866 10090 183 2142 76992 1045 7664 796 169 2390 1756 2648 12531 99781 1067 131 2037 371 1130 4263 2571 1048 394 744 375
leaf_count=237 32934 235 1542 277 3738 1866 10090 183 2142 76992 1045 7664 796 169 2390 1756 2648 12531 99781 1067 131 2037 371 1130 4263 2571 1048 394 744 375
internal_value=2.18143e-06 0.00237742 -0.00157258 0.00751288 0.00362893 -7.58356e-05 -0.000223434 0.0020237 -0.000304317 -0.000144229 -0.00031665 -0.00167938 -0.00295262 0.00298833 0.00674524 0.00146907 -0.00102362 0.00223803 -0.00023264 0.000802993 -0.00133841 -0.00391224 0.00782362 0.00777839 -0.00346261 -0.0043172 0.00298274 0.00602936 0.000913126 -0.00352408
internal_weight=273147 8790 2056 514 6734 264357 230304 7856 222448 199466 180389 22982 12892 965 2996 19077 4404 14673 176773 6543 3235 2168 2761 1313 11927 3616 3308 1442 34053 1119
internal_count=273147 8790 2056 514 6734 264357 230304 7856 222448 199466 180389 22982 12892 965 2996 19077 4404 14673 176773 6543 3235 2168 2761 1313 11927 3616 3308 1442 34053 1119
is_linear=0
shrinkage=0.03


Tree=26
num_leaves=31
num_cat=0
split_feature=61 1 34 13 159 33 25 42 33 23 33 86 1 49 115 49 39 0 112 77 75 77 81 38 112 76 93 46 31 141
split_gain=54.7709 73.2798 61.9435 55.8231 51.385 49.3447 48.3461 44.6236 48.1776 51.8115 47.1089 46.6022 48.436 56.5218 44.8692 86.7318 41.0402 39.5178 39.2594 34.2781 33.1848 32.7735 29.4521 27.6012 27.3376 26.9851 26.5228 26.32 25.4289 24.2108
threshold=1.0688976645469668 0.055469902232289321 0.93883177638053905 1.1147735714912417 -0.0054461807012557975 0.89252814650535595 0.013405937235802414 -0.077859010547399507 0.69462656974792492 0.0083423661999404448 0.88617849349975597 -0.81666666269302357 0.017891236580908302 0.95687887072563182 0.74207225441932689 0.8330044448375703 -0.0022548465058207508 0.029829532839357856 0.063164893537759795 0.67500001192092907 0.075000001117587103 0.058333335444331176 0.28333334624767309 0.0029713145922869448 -0.087977297604084001 0.083333335816860213 -0.53199920058250416 1.0754802227020266 -0.0022000338649377222 1.1126885414123537
decision_type=10 10 10 10 10 10 10 10 10 8 10 2 10 10 8 10 10 10 2 2 2 2 2 10 2 2 10 8 10 10
left_child=3 2 5 6 -3 21 27 8 9 -8 16 12 25 -14 15 -13 -10 -16 -6 -12 -11 -2 29 26 -25 -9 -7 -1 -23 -5
right_child=1 4 -4 22 18 23 7 11 10 20 19 14 13 -15 17 -17 -18 -19 -20 -21 -22 28 -24 24 -26 -27 -28 -29 -30 -31
leaf_value=0.0011036344467412874 -0.0050208988716514647 0.00058154358091786461 0.012208443207359088 -0.021870145488638377 0.015249103300854093 0.0036550023096339665 0.013832682497898298 0.001072919996270199 0.010692938615999886 0.0035716555439054211 -0.0038762917318974429 0.0074192439536174427 0.00060615268166331455 -0.0037630302410459624 -0.0013278454551541121 -0.00010461544242379209 0.00055154071249898374 -0.0070391268161575839 -0.00067254815168818775 0.006245987265250913 -0.0027221306028739688 0.0055196777445281143 -0.00082074297541531466 -0.016373928999343867 0 -0.002533990538224552 -0.0062207264523685846 -0.0013958299470371424 -0.0052628158686209969 -0.0010118160884514565
leaf_weight=39027 393 533 362 187 810 405 206 6840 1325 992 722 1369 3392 10689 9717 181109 581 1258 123 485 2726 1543 275 283 157 2538 506 4081 181 111
leaf_count=39027 393 533 362 187 810 405 206 6840 1325 992 722 1369 3392 10689 9717 181109 581 1258 123 485 2726 1543 275 283 157 2538 506 4081 181 111
internal_value=-1.93334e-05 0.00299452 0.000710832 -8.03133e-05 0.00866903 -0.000466434 -5.87623e-05 -0.000236923 0.00210532 -3.40439e-05 0.00488078 -0.000314479 -0.00157808 -0.00268989 -0.000159551 -4.57186e-05 0.00779516 -0.00202139 0.0128652 0 -0.000952503 0.00229097 -0.00927789 -0.00497646 -0.0110956 6.15326e-05 -0.00152387 0.000859519 0.00416825 -0.0155964
internal_weight=272926 5296 3830 267630 1466 3468 267057 223949 7037 3924 3113 216912 23459 14081 193453 182478 1906 10975 933 1207 3718 2117 573 1351 440 9378 911 43108 1724 298
internal_count=272926 5296 3830 267630 1466 3468 267057 223949 7037 3924 3113 216912 23459 14081 193453 182478 1906 10975 933 1207 3718 2117 573 1351 440 9378 911 43108 1724 298
is_linear=0
shrinkage=0.03


Tree=27
num_leaves=31
num_cat=0
split_feature=158 1 33 42 23 6 57 73 87 1 41 15 27 74 113 76 38 83 117 23 40 49 138 162 24 4 126 52 121 62
split_gain=42.2558 85.5719 57.84 46.6758 55.0947 74.2001 62.251 55.7149 51.8062 59.0918 64.6238 46.814 43.3942 42.6475 48.4059 42.5863 40.6148 52.6913 39.687 39.1576 38.908 43.3093 38.3036 36.3997 36.0702 35.8181 35.4595 49.6265 35.3379 35.3361
threshold=-0.05307281203567981 0.055469902232289321 0.92703846096992504 -0.0023166368482634421 0.041296407580375678 0.083333384245634093 1.1707749962806704 0.90000000596046459 0.5416666865348817 0.018639719113707546 -0.031841535121202462 1.1418217420578005 0.025321730412542823 0.35000000894069677 0.71788442134857189 0.11666667088866235 -0.011702119838446377 -0.50000001490116108 0.34184628725051885 0.035261763259768493 -0.028458484448492524 0.81136205792427074 1.1751450300216677 -1.3812766075134275 0.055742703378200538 0.33333723247051245 0.30434776842594152 0.80540287494659435 0.63200011849403392 1.0616593360900881
decision_type=8 10 10 8 10 10 10 10 2 10 10 8 8 2 8 2 10 10 10 10 8 8 8 10 10 10 10 10 10 10
left_child=1 2 13 8 6 22 12 23 9 28 26 15 -5 14 16 -12 17 -1 -3 -4 -14 -22 -6 -8 -10 -9 27 -11 -2 -15
right_child=3 18 19 4 5 -7 7 25 24 10 11 -13 20 29 -16 -17 -18 -19 -20 -21 21 -23 -24 -25 -26 -27 -28 -29 -30 -31
leaf_value=0.0030165215335047264 -0.00065682813571162849 0.016274043974944023 -0.0006478700995646697 0.001223480360429285 -0.017345069579679902 -0.00045138548237511923 0.0088092898481006085 0.0021473573740688153 0.00070430927445224616 -0.0078379974418587416 -0.0042074090961270339 0.00084377753700179837 0.002125240342516137 0.001307586021037423 0.016184775613422329 -0.0017912356990695607 0.0014631295156510827 -0.012033824445349861 0.0045082125549469592 -0.011398581690892877 0.0097793516708755638 -0.00028386113959204587 0 0.0028728619898193745 -0.0082109359447083367 -0.0069476140608504804 0.012625060561844936 0.00051401336850631716 0.0011364595545188662 0.013968050550567568
leaf_weight=307 37304 456 937 29020 461 1309 1540 880 28516 662 11592 3450 6653 460 162 16850 4739 474 850 488 365 96899 143 2991 390 634 184 10448 13373 440
leaf_count=307 37304 456 937 29020 461 1309 1540 880 28516 662 11592 3450 6653 460 162 16850 4739 474 850 488 365 96899 143 2991 390 634 184 10448 13373 440
internal_value=-3.62084e-05 0.00194593 0.000734123 -0.000107501 0.000263655 -0.00475619 0.000335583 0.00331106 -0.000535872 -0.000879082 -0.00169504 -0.00238615 0.000197546 0.00195445 0.000920792 -0.00278879 0.000361864 -0.00581561 0.00902609 -0.00464394 -8.62519e-05 -0.000241011 -0.0132914 0.00498631 0.000568059 -0.0015066 0.000230749 0 -0.000177424 0.00799233
internal_weight=272977 9313 8007 263664 140895 1913 138982 6045 122769 93863 43186 31892 132937 6582 5682 28442 5520 781 1306 1425 103917 97264 604 4531 28906 1514 11294 11110 50677 900
internal_count=272977 9313 8007 263664 140895 1913 138982 6045 122769 93863 43186 31892 132937 6582 5682 28442 5520 781 1306 1425 103917 97264 604 4531 28906 1514 11294 11110 50677 900
is_linear=0
shrinkage=0.03


Tree=28
num_leaves=31
num_cat=0
split_feature=33 44 32 159 102 55 1 126 51 133 41 43 33 80 78 33 50 48 102 14 7 14 86 29 56 10 10 22 139 43
split_gain=36.3302 66.4548 56.2107 45.0536 43.3676 43.0523 79.2725 76.9468 66.8847 61.2418 50.9796 50.3622 44.9616 51.653 48.573 43.2123 42.9804 40.3656 38.1154 36.026 40.8923 50.6186 34.7079 35.3372 51.7424 36.7222 34.4581 58.5013 32.004 31.4202
threshold=0.37253709137439733 1.0405647158622744 -0.0034855571575462814 -0.00079742245725356032 0.56306818127632152 0.93731585144996654 0.055469902232289321 -0.29957355558872217 0.86754149198532116 0.18140101432800296 0.031396359205245979 1.1174971461296084 0.97387737035751354 0.12500000372529033 0.30000000447034841 0.86861923336982738 0.81597658991813671 0.98892205953598034 0.46076923608779913 0.98157647252082836 -0.012618255801498888 0.91430118680000316 0.81666666269302379 0.0050496181938797244 0.98892426490783703 1.018909275531769 1.0186999440193178 0.97670844197273265 1.2105808258056643 1.0534893274307253
decision_type=8 8 10 10 2 8 10 10 10 10 10 10 10 2 10 10 8 10 2 8 10 10 2 10 8 10 10 10 10 10
left_child=1 2 19 4 29 10 11 -8 9 -9 -2 22 13 -12 -15 -13 -5 -4 -11 20 -1 -22 23 24 -7 -25 -24 -28 -16 -3
right_child=5 3 17 16 -6 6 7 8 -10 18 12 15 -14 14 28 -17 -18 -19 -20 -21 21 -23 26 25 -26 -27 27 -29 -30 -31
leaf_value=0.011340655203809152 0.012402395099695575 -0.002975011699598257 -0.00052371588693268453 0.010057425315211152 0.0008507158035195489 0.0024921193388774627 0.011028872011781666 0.016246943675945032 -0.0019196893108571426 0.012094016895174805 -0.013836598695896856 0.00041887711210737878 0.009341242707225899 -0.0058947415097266699 0 -0.0091647149301910969 -0.00093361310598399157 0.0012309222717785202 -0.0012190122322100116 0.0065409353784633825 0.010230394820141238 -0.0042782308849593585 0.0011131958378593782 -0.0015388258441236455 0.00017456187222511876 0.0023776770637799157 0.0079058762498740841 -0.0062058285946576773 0.019232151123967485 -0.0074433483278344608
leaf_weight=242 132 6454 48637 301 1841 9350 1142 415 1758 234 596 660 143 1032 159 927 22422 15525 685 1921 238 1172 10576 16833 123337 2399 1583 277 105 2027
leaf_count=242 132 6454 48637 301 1841 9350 1142 415 1758 234 596 660 143 1032 159 927 22422 15525 685 1921 238 1172 10576 16833 123337 2399 1583 277 105 2027
internal_value=2.28669e-05 -0.000428354 0.000105664 -0.00153145 -0.00318252 0.000288484 0.000343815 0.00439169 0.00178878 0.00685369 -0.00388289 0.000238209 -0.00519564 -0.00653748 -0.00279356 -0.00503681 -0.000766113 -9.42282e-05 0.00203672 0.00375925 0.000305647 -0.00151064 0.000291576 0.000164555 0.000340484 -0.00103274 0.00181643 0.00560106 0.00783431 -0.00409325
internal_weight=273123 100780 67735 33045 10322 172343 170176 4234 3092 1334 2167 165942 2035 1892 1296 1587 22723 64162 919 3573 1652 1410 164355 151919 132687 19232 12436 1860 264 8481
internal_count=273123 100780 67735 33045 10322 172343 170176 4234 3092 1334 2167 165942 2035 1892 1296 1587 22723 64162 919 3573 1652 1410 164355 151919 132687 19232 12436 1860 264 8481
is_linear=0
shrinkage=0.03


Tree=29
num_leaves=31
num_cat=0
split_feature=16 120 57 140 106 123 3 34 51 11 50 60 33 1 35 7 30 7 33 53 30 12 60 80 36 25 0 38 26 7
split_gain=46.3956 41.7255 58.5763 48.5522 39.7605 40.7921 46.5455 39.045 40.0721 42.5141 37.0025 63.5987 44.2512 43.4974 44.7626 38.9294 44.6151 44.2955 37.059 50.2726 43.4784 36.1022 47.8317 45.3591 34.2417 33.8042 31.7284 32.3417 31.1216 29.7867
threshold=1.2206377983093264 0.25574485957622534 0.92394757270812999 0.93441906571388256 0.46547618508338934 0.75609722733497631 0.011413503903895618 0.87956127524375927 0.97748222947120678 0.99540740251541149 0.83389118313789379 0.85410505533218395 0.48583713173866278 0.014285720419138672 0.74746352434158336 -0.011225828900933264 0.0081479530781507509 0.020296328701078895 0.37253709137439733 1.0352769494056704 0.0054344763047993192 0.98570287227630626 0.90163043141365062 0.27500000596046453 0.80137315392494213 0.015641767531633381 0.032444704324007041 -0.013314925599843262 0.081169772893190398 0.030891405418515209
decision_type=10 8 8 10 2 10 10 10 10 10 8 10 10 8 10 10 10 10 8 8 8 10 10 2 10 8 10 10 10 10
left_child=1 21 3 26 5 6 -5 8 24 -10 11 12 -4 14 25 16 -13 -17 19 -15 -20 22 23 -1 -2 -12 27 -3 -26 -14
right_child=7 2 10 4 -6 -7 -8 -9 9 -11 13 15 29 18 -16 17 -18 -19 20 -21 -22 -23 -24 -25 28 -27 -28 -29 -30 -31
leaf_value=-0.012663749801872053 0.00074890372722842861 -0.0097051958530618432 0.0037543921324173575 0.011034068350160877 0.016779368540334395 -0.002537222975423073 -0.00086175947791183145 0.010575839961789787 -0.0079472171970870458 0.0024575127769415474 0.00080142018814922749 0.01597249439223351 -0.015383747480074693 -0.00078582744193760338 0.0020220785424695225 -3.6931561492002358e-05 0.00032759280461013267 0.0072603218062569832 -0.00016234395045878585 -0.0054244379025101472 0.0028760513669611786 -0.0012272097607401485 0.0040961032509221696 0.002763747337519338 0 -0.00053617538844039081 -0.011006803029586915 0.0046515403410568442 0.011489118683129259 0
leaf_weight=819 1253 151 251 909 309 451 365 544 608 732 34473 463 334 61865 13749 1996 311 1106 99972 2186 4404 10217 244 170 240 33335 209 663 741 127
leaf_count=819 1253 151 251 909 309 451 365 544 608 732 34473 463 334 61865 13749 1996 311 1106 99972 2186 4404 10217 244 170 240 33335 209 663 741 127
internal_value=-3.53135e-05 -8.48726e-05 -4.88179e-06 0.00410826 0.00678883 0.0046555 0.00743344 0.00311525 0.00184366 -0.0020903 -5.57712e-05 0.00260558 -0.00535148 -0.00010602 0.00046093 0.00416422 0.0102307 0.00249861 -0.000382356 -0.000950465 -3.0743e-05 -0.00185539 -0.0067186 -0.00971236 0.00433404 0.000139459 -0.000961787 0.00145973 0.00850706 -0.010883
internal_weight=273197 269079 257629 3057 2034 1725 1274 4118 3574 1340 254572 4588 712 249984 81557 3876 774 3102 168427 64051 104376 11450 1233 989 2234 67808 1023 814 981 461
internal_count=273197 269079 257629 3057 2034 1725 1274 4118 3574 1340 254572 4588 712 249984 81557 3876 774 3102 168427 64051 104376 11450 1233 989 2234 67808 1023 814 981 461
is_linear=0
shrinkage=0.03


Tree=30
num_leaves=31
num_cat=0
split_feature=16 58 5 46 24 36 3 27 55 4 38 26 44 4 158 81 159 13 33 32 23 34 76 162 72 162 26 28 17 158
split_gain=57.0443 42.9397 76.9666 43.6606 43.1806 35.277 43.5939 57.6184 39.7564 41.6327 35.9556 48.2111 45.5674 33.7442 33.5845 33.4697 29.3825 30.1883 26.4292 26.871 25.4074 28.1865 25.0106 24.7218 23.4616 21.9415 18.6851 18.29 18.2725 18.2544
threshold=1.2394970059394839 0.90896162390708934 0.0089910011738538759 1.0045803189277651 0.038074484094977386 0.91066980361938488 0.0098453136160969752 0.047465292736887939 0.93731585144996654 0.45454049110412603 -0.001645433949306607 0.019933737814426426 1.0405647158622744 0.54545763134956371 0.14574154466390613 0.81666666269302379 0.00071994136669673036 0.96516340970993053 0.96999719738960277 -0.0011237093131057916 0.017329806461930278 0.8760339915752412 0.983333319425583 3.7027417421340947 0.95000076293945324 0.37474825978279119 0.053329236805439002 0.0046542573254555472 0.85256794095039379 0.09008763357996942
decision_type=10 8 10 8 10 10 8 8 10 10 10 10 10 10 8 2 8 8 10 10 10 10 2 10 8 10 10 10 8 10
left_child=1 2 4 16 -1 8 22 -8 9 24 12 -12 -10 -9 15 -4 17 -3 19 20 -2 -22 -7 26 -5 -24 29 -19 -25 -18
right_child=18 3 14 5 -6 6 7 13 10 -11 11 -13 -14 -15 -16 -17 23 27 -20 -21 21 -23 25 28 -26 -27 -28 -29 -30 -31
leaf_value=0.00086641164835203773 -0.00049593277179285156 -0.0036237717826931872 0.020505529356125218 -0.012786603416232225 -0.017390664947039412 0.0015180112325778015 -0.0028678047287745544 0.015179601410614073 0.00082043448968741495 0.0058945156984313686 0.00044776684036975284 -0.00077585718146844717 -0.00043913323808083974 0.0019089623540438001 -0.0065168870977963724 0 0.0038222198664636209 0 -0.0079720047515750465 -0.0031552864528060251 0.0053711666383882278 0.01613966803995457 -0.00053955899351664503 -0.0083908849597989724 -0.0024897619092475879 -0.015856033824814441 0.010545441355393892 0.0043254913143088436 0.00090035570099827953 -0.0027355956315009504
leaf_weight=112 402 1456 114 505 454 4620 328 598 61868 191 39867 103694 44046 326 159 150 4881 2612 120 286 1923 284 340 198 481 118 381 1276 1386 346
leaf_count=112 402 1456 114 505 454 4620 328 598 61868 191 39867 103694 44046 326 159 150 4881 2612 120 286 1923 284 340 198 481 118 381 1276 1386 346
internal_value=1.18999e-05 -3.28863e-05 -0.00621056 -8.64511e-06 -0.0133597 -9.41427e-05 0.00211098 0.00710967 -0.000151192 -0.00561119 -0.000123782 -0.000433951 0.000293808 0.010955 0.00284957 0.00960874 0.00171748 0 0.00410272 0.0047574 0.00575632 0.00702408 0.000796626 0.00296684 -0.00821107 -0.00561166 0.00390195 0.00141159 -0.00016416 0.00332218
internal_weight=273522 270507 989 269518 566 256982 6330 1252 250652 1177 249475 143561 105914 924 423 264 12536 5344 3015 2895 2609 2207 5078 7192 986 458 5608 3888 1584 5227
internal_count=273522 270507 989 269518 566 256982 6330 1252 250652 1177 249475 143561 105914 924 423 264 12536 5344 3015 2895 2609 2207 5078 7192 986 458 5608 3888 1584 5227
is_linear=0
shrinkage=0.03


Tree=31
num_leaves=31
num_cat=0
split_feature=32 138 81 86 35 5 36 115 121 14 33 35 7 13 71 38 34 30 33 116 161 58 1 74 83 0 20 53 139 16
split_gain=44.54 47.9256 54.3549 36.0258 61.3072 56.0462 37.805 36.0502 55.0843 35.1652 71.4042 52.979 52.921 35.3112 68.4848 53.5804 33.6866 45.7399 40.8843 41.953 35.5578 31.1261 33.6693 35.7441 32.1534 29.9295 28.9038 41.4254 28.7666 28.6771
threshold=-0.0049950752872973672 0.51432242989540111 0.61666667461395275 -0.81666666269302357 0.54433420300483715 0.011970939114689829 0.30889032781124121 0.74207225441932689 0.29464624822139746 0.89384698867797863 0.48583713173866278 0.77332165837287914 0.048187775537371642 0.98287379741668712 0.46268697082996374 -0.010318157728761433 0.87241446971893322 -0.0065398823935538522 0.59572023153305065 0.4163424819707871 0.58899638056755077 1.0166515707969668 0.017797594889998439 0.35000000894069677 -0.50000001490116108 0.03806229121983052 0.92233905196189891 0.97813132405281078 0.74115547537803661 1.0826446413993838
decision_type=10 8 2 2 10 10 10 8 10 8 10 10 10 10 10 8 10 10 10 10 8 10 10 2 10 10 10 10 10 10
left_child=1 -1 -3 4 5 -2 -7 8 26 10 12 -12 -10 14 -11 -15 17 -4 -19 -20 -18 22 -6 -24 -23 28 27 -5 -9 -25
right_child=3 2 16 7 21 6 -8 25 9 13 11 -13 -14 15 -16 -17 20 18 19 -21 -22 24 23 29 -26 -27 -28 -29 -30 -31
leaf_value=-0.0044589550319648671 -0.0020887841621027008 0.00015002823435535998 0.0009781381591297733 -0.0032959692307393735 0.0011730535691075647 0 -0.012441171239254929 0.001938847486991367 0.01473255820324478 -0.0026099471500512406 0.0024655947673912458 -0.012274995576734133 -0.0056817048119621408 -0.0017309189840335301 -4.3803366639330292e-05 0.00043111621618332379 0.00045919980161956378 0.011575127831543462 0.006180705806336311 -0.0080329378050485335 0.021190538805543998 0.0061512699744775672 -0.0024774812962103849 -0.0040601236938679021 -0.0058683824445730426 -0.0074848447893371374 0.0024204426929661932 0.014222559274502975 -0.0018772115473003857 0.0047437195463381591
leaf_weight=873 9436 4084 2238 122 7054 234 820 2128 629 11914 1404 239 104 11020 44576 149415 155 1029 694 221 217 1234 7434 404 197 713 3803 439 8954 1217
leaf_count=873 9436 4084 2238 122 7054 234 820 2128 629 11914 1404 239 104 11020 44576 149415 155 1029 694 221 217 1234 7434 404 197 713 3803 439 8954 1217
internal_value=2.68304e-05 0.00204222 0.0027427 -4.49286e-05 -0.00106194 -0.00287395 -0.00945404 7.49459e-05 0.00016146 9.34823e-05 0.0037098 1.91119e-05 0.0113637 5.21512e-05 -0.000591056 0.000280543 0.00499137 0.00407616 0.00744368 0.00232843 0.0137819 6.70715e-06 -0.000354794 -0.00157803 0.00423174 -0.00153769 0.00349304 0.00991416 -0.00111525 0.00234399
internal_weight=273001 9511 8638 263490 28030 10490 1054 235460 223665 219301 2376 1643 733 216925 56490 160435 4554 4182 1944 915 372 17540 16109 9055 1431 11795 4364 561 11082 1621
internal_count=273001 9511 8638 263490 28030 10490 1054 235460 223665 219301 2376 1643 733 216925 56490 160435 4554 4182 1944 915 372 17540 16109 9055 1431 11795 4364 561 11082 1621
is_linear=0
shrinkage=0.03


Tree=32
num_leaves=31
num_cat=0
split_feature=32 138 137 73 11 1 33 53 86 21 35 35 3 2 14 126 135 30 122 28 11 91 99 60 12 55 4 39 14 160
split_gain=50.4015 40.8182 44.4805 50.685 39.2621 39.252 53.0744 62.9262 47.7555 55.3559 58.4352 53.1236 47.239 59.3512 46.8316 62.7106 56.4521 40.7086 38.5283 45.4976 37.0203 36.2617 34.1014 56.5192 33.0839 31.9527 35.9247 33.5712 31.4922 44.3085
threshold=-0.0049950752872973672 0.51432242989540111 0.98083889484405529 0.90000000596046459 0.97092422842979442 0.010331902187317612 0.37253709137439733 1.0352769494056704 0.68333333730697643 0.93595576286315929 0.8209669589996339 0.79578191041946422 0.017324396409094337 0.35981996357440954 0.91430118680000316 0.37906107306480413 0.64343544840812694 0.0045955339446663865 0.55762073397636425 -0.013876122888177632 0.97029706835746776 0.60554370284080516 0.52777779102325451 0.95935028791427623 0.99964579939842235 1.1143067479133608 0.35000137984752661 0.024417052976787094 0.96157288551330578 0.15647336095571521
decision_type=10 8 8 10 8 10 10 10 2 10 10 10 10 10 8 10 10 10 10 10 10 8 2 10 10 10 10 10 10 10
left_child=1 4 3 -3 -1 -2 7 14 9 10 21 17 18 24 15 16 -7 -11 19 -10 -17 -8 23 -9 -14 26 27 -5 29 -16
right_child=5 2 -4 25 -6 6 8 22 12 11 -12 -13 13 -15 28 20 -18 -19 -20 -21 -22 -23 -24 -25 -26 -27 -28 -29 -30 -31
leaf_value=0.0061574434075180604 0.00084217705854555875 0.0062581089025733304 2.0479331910034184e-05 0.0068306550411673097 -0.0077996546692804918 0.010338938147261282 0.00092752952122469488 0.008779396280248571 0.0076947218983428652 -0.00035485103186798768 -0.007744952762821989 0.0016992850993698993 0.020885080776934045 -0.0062350074034509097 -0.0034923049657646578 -0.011747627876187754 -0.0057059533413091343 0.0031175320842066253 -0.004667045188696926 0.00093105368445172147 0.0013291352744287763 -0.0064544459228456676 -0.011369818861504222 -0.0054557336657047577 0.0064345777036520727 0.01191449460255482 -0.0088291428903627591 -0.005383101920303595 -0.00055290342416051128 0.00026378044317504459
leaf_weight=210 34443 3851 3436 458 640 1131 2448 268 935 97883 1693 14445 188 238 8178 256 199 3103 1001 20267 550 756 678 1522 1107 144 444 313 68392 4093
leaf_count=210 34443 3851 3436 458 640 1131 2448 268 935 97883 1693 14445 188 238 8178 256 199 3103 1001 20267 550 756 678 1522 1107 144 444 313 68392 4093
internal_value=-2.14397e-05 0.00212212 0.00276086 0.0045038 -0.00394432 -9.99013e-05 -0.00024276 -0.000836292 0.000106518 -0.000133873 -0.00325129 0 0.00133688 0.00643093 -0.000690716 0.00364832 0.00766705 -0.000244589 0.000966192 0.00125044 -0.00264496 -0.000750467 -0.00555483 -0.00308523 0.00904629 -0.000268503 -0.00212489 0.00148228 -0.000810211 -0.00221666
internal_weight=273270 9496 8646 5210 850 263774 229331 85267 144064 120328 4897 115431 23736 1533 82799 2136 1330 100986 22203 21202 806 3204 2468 1790 1295 1359 1215 771 80663 12271
internal_count=273270 9496 8646 5210 850 263774 229331 85267 144064 120328 4897 115431 23736 1533 82799 2136 1330 100986 22203 21202 806 3204 2468 1790 1295 1359 1215 771 80663 12271
is_linear=0
shrinkage=0.03


Tree=33
num_leaves=31
num_cat=0
split_feature=42 160 29 57 69 28 14 1 106 122 17 120 60 162 38 1 46 0 35 4 26 54 4 127 162 151 7 139 10 55
split_gain=49.2829 49.7463 44.4522 51.3327 49.4628 50.4351 41.6975 42.1422 37.2985 36.5841 35.0353 34.7653 58.869 78.2255 46.4485 42.4048 45.5708 41.1118 36.1634 35.9482 33.0219 32.1312 51.3621 37.8695 33.7162 31.8921 29.1902 28.6935 30.818 28.2626
threshold=-0.091821700334548936 -0.20835822820663449 -0.0034353286027908321 1.167222857475281 0.24485509842634204 -0.016048034653067585 1.0962761044502261 0.055469902232289321 0.6348484754562379 0.64266544580459606 1.2615057826042178 0.25574485957622534 0.91727331280708324 0.32798777520656591 -0.022880334407091137 0.012875516898930075 1.0059580206871035 0.03806229121983052 0.74746352434158336 0.49999628961086279 0.021648212336003784 0.99089479446411144 0.34210497140884405 -0.22291336208581922 -1.4093391299247739 0.48867733776569372 -0.023445607163012024 0.74385890364646923 1.0191387534141543 1.0911098718643191
decision_type=10 8 10 10 10 10 10 10 2 10 8 8 10 10 10 10 10 10 10 10 10 10 10 10 10 8 10 10 10 10
left_child=1 6 4 11 -2 -6 -1 9 21 -8 20 17 13 19 -15 18 -17 27 -14 -13 -7 22 -5 29 -25 -3 -22 -4 -29 -23
right_child=2 25 3 8 5 10 7 -9 -10 -11 -12 12 15 14 -16 16 -18 -19 -20 -21 26 23 -24 24 -26 -27 -28 28 -30 -31
leaf_value=0.012546707578830859 -0.00014336868079343896 -0.0040586423187018482 0.0020119717541086397 0.00076766684367707793 0.0058407426236165823 0.00010879120038037002 0.002727468492912952 0.010000602934770196 0.0083843608980444725 -0.0092989452947000364 0.00050631205249118921 0.0055022485000026091 0.00038637158510320324 -0.012782084748856722 0.00038058908893682115 0.0022382801434250098 -0.00045733589350974114 -0.008488455980498015 0.0026665397957048964 -0.00071782576057875705 -0.012774349180336046 0.0015393644307910897 -0.014455197015847254 0.0095751574389089412 0.0023031137550319305 0.0018682846354412868 -0.0029990968529598119 -0.0025262684122470771 0.0028381325613547974 -0.006653176614700277
leaf_weight=611 43415 1054 2107 667 700 3046 1353 607 906 249 3602 5257 45491 230 6707 5903 109231 712 7351 890 283 1916 246 992 1726 3286 15398 7509 1038 451
leaf_count=611 43415 1054 2107 667 700 3046 1353 607 906 249 3602 5257 45491 230 6707 5903 109231 712 7351 890 283 1916 246 992 1726 3286 15398 7509 1038 451
internal_value=-7.27373e-06 0.00244406 -7.46206e-05 0.000148139 -0.000747249 -0.00187158 0.005539 0.00337092 0.0026869 0.000581626 -0.00213179 5.52227e-05 0.000157825 0.00209454 -4.81958e-05 4.9534e-06 -0.00031616 -0.00155029 0.000710136 0.00455362 -0.00265521 0.00175144 -0.0032344 0.00271457 0.00511735 0.000348066 -0.00321067 -0.00104348 -0.00183466 0
internal_weight=272934 7160 265774 199330 66444 23029 2820 2209 6904 1602 22329 192426 181060 13084 6937 167976 115134 11366 52842 6147 18727 5998 913 5085 2718 4340 15681 10654 8547 2367
internal_count=272934 7160 265774 199330 66444 23029 2820 2209 6904 1602 22329 192426 181060 13084 6937 167976 115134 11366 52842 6147 18727 5998 913 5085 2718 4340 15681 10654 8547 2367
is_linear=0
shrinkage=0.03


end of trees

feature_importances:
RSQR5=48
KLEN=31
ROC30=30
RESI5=29
IMXD30=26
STD30=24
STD20=20
RSQR30=19
RSQR20=18
RESI60=18
RESI30=17
BETA10=16
RESI10=16
ORC_TREND_RSQR_STRESS_20=16
HIGH0=15
ROC5=15
ROC10=15
BETA60=15
VWAP0=14
STD5=14
RESI20=14
ORC_TREND_PATH_CROWD_20=14
RSQR10=13
MIN10=13
MIN20=13
WVMA5=13
KMID=12
BETA20=12
KUP2=11
LOW0=11
ROC60=11
MA60=11
STD10=11
BETA30=11
MAX20=11
MAX30=11
QTLD20=11
KUP=10
ROC20=10
QTLU5=10
QTLU20=10
IMXD20=10
ORC_TREND_ACCEL_GAP_10_30=10
KLOW=9
KSFT=9
STD60=9
WVMA20=9
MIN60=8
IMIN30=8
SUMP20=8
MIN30=7
RSV30=7
IMXD60=7
SUMN60=7
KMID2=6
OPEN0=6
MA5=6
MIN5=6
QTLU60=6
QTLD5=6
IMAX10=6
IMAX60=6
IMIN60=6
SUMP5=6
SUMN30=6
ORC_TREND_ACCEL_UNCROWDED_5_20=6
ORC_TREND_STREAK_EXHAUST_12=6
KLOW2=5
MA10=5
BETA5=5
MAX5=5
MAX10=5
QTLU30=5
IMAX30=5
IMIN20=5
IMXD5=5
CNTP60=5
SUMP60=5
SUMN20=5
SUMD30=5
RSQR60=4
QTLU10=4
QTLD30=4
RANK10=4
RSV60=4
IMAX5=4
IMIN5=4
VSTD60=4
WVMA10=4
MA30=3
QTLD10=3
RSV10=3
IMIN10=3
IMXD10=3
CNTD60=3
SUMP10=3
SUMP30=3
SUMN10=3
KSFT2=2
MAX60=2
QTLD60=2
RANK60=2
RSV20=2
IMAX20=2
CORR30=2
CORD5=2
CORD60=2
CNTP5=2
CNTN30=2
CNTD30=2
SUMD60=2
VSTD30=2
WVMA30=2
VSUMP30=2
MA20=1
CNTP10=1
CNTP20=1
CNTN5=1
CNTN20=1
CNTD20=1
SUMN5=1
SUMD5=1
SUMD20=1
VSTD5=1
VSTD10=1
VSTD20=1
WVMA60=1
VSUMN30=1
VSUMD30=1

parameters:
[boosting: gbdt]
[objective: regression]
[metric: l2]
[tree_learner: serial]
[device_type: cpu]
[data_sample_strategy: bagging]
[data: ]
[valid: ]
[num_iterations: 500]
[learning_rate: 0.03]
[num_leaves: 31]
[num_threads: 12]
[seed: 20260814]
[deterministic: 1]
[force_col_wise: 1]
[force_row_wise: 0]
[histogram_pool_size: -1]
[max_depth: 7]
[min_data_in_leaf: 100]
[min_sum_hessian_in_leaf: 0.001]
[bagging_fraction: 0.8]
[pos_bagging_fraction: 1]
[neg_bagging_fraction: 1]
[bagging_freq: 1]
[bagging_seed: 20260814]
[bagging_by_query: 0]
[feature_fraction: 0.8]
[feature_fraction_bynode: 1]
[feature_fraction_seed: 20260814]
[extra_trees: 0]
[extra_seed: 17475]
[early_stopping_round: 0]
[early_stopping_min_delta: 0]
[first_metric_only: 0]
[max_delta_step: 0]
[lambda_l1: 10]
[lambda_l2: 20]
[linear_lambda: 0]
[min_gain_to_split: 0]
[drop_rate: 0.1]
[max_drop: 50]
[skip_drop: 0.5]
[xgboost_dart_mode: 0]
[uniform_drop: 0]
[drop_seed: 29730]
[top_rate: 0.2]
[other_rate: 0.1]
[min_data_per_group: 100]
[max_cat_threshold: 32]
[cat_l2: 10]
[cat_smooth: 10]
[max_cat_to_onehot: 4]
[top_k: 20]
[monotone_constraints: ]
[monotone_constraints_method: basic]
[monotone_penalty: 0]
[feature_contri: ]
[forcedsplits_filename: ]
[refit_decay_rate: 0.9]
[cegb_tradeoff: 1]
[cegb_penalty_split: 0]
[cegb_penalty_feature_lazy: ]
[cegb_penalty_feature_coupled: ]
[path_smooth: 0]
[interaction_constraints: ]
[verbosity: 1]
[saved_feature_importance_type: 0]
[use_quantized_grad: 0]
[num_grad_quant_bins: 4]
[quant_train_renew_leaf: 0]
[stochastic_rounding: 1]
[linear_tree: 0]
[max_bin: 255]
[max_bin_by_feature: ]
[min_data_in_bin: 3]
[bin_construct_sample_cnt: 200000]
[data_random_seed: 20260812]
[is_enable_sparse: 1]
[enable_bundle: 1]
[use_missing: 1]
[zero_as_missing: 0]
[feature_pre_filter: 1]
[pre_partition: 0]
[two_round: 0]
[header: 0]
[label_column: ]
[weight_column: ]
[group_column: ]
[ignore_column: ]
[categorical_feature: ]
[forcedbins_filename: ]
[precise_float_parser: 0]
[parser_config_file: ]
[objective_seed: 27057]
[num_class: 1]
[is_unbalance: 0]
[scale_pos_weight: 1]
[sigmoid: 1]
[boost_from_average: 1]
[reg_sqrt: 0]
[alpha: 0.9]
[fair_c: 1]
[poisson_max_delta_step: 0.7]
[tweedie_variance_power: 1.5]
[lambdarank_truncation_level: 30]
[lambdarank_norm: 1]
[label_gain: ]
[lambdarank_position_bias_regularization: 0]
[eval_at: ]
[multi_error_top_k: 1]
[auc_mu_weights: ]
[num_machines: 1]
[local_listen_port: 12400]
[time_out: 120]
[machine_list_filename: ]
[machines: ]
[gpu_platform_id: -1]
[gpu_device_id: -1]
[gpu_device_id_list: ]
[gpu_use_dp: 0]
[num_gpu: 1]

end of parameters

pandas_categorical:null
