tree
version=v4
num_class=1
num_tree_per_iteration=1
label_index=0
max_feature_idx=162
objective=regression
feature_names=KMID KLEN KMID2 KUP KUP2 KLOW KLOW2 KSFT KSFT2 OPEN0 HIGH0 LOW0 VWAP0 ROC5 ROC10 ROC20 ROC30 ROC60 MA5 MA10 MA20 MA30 MA60 STD5 STD10 STD20 STD30 STD60 BETA5 BETA10 BETA20 BETA30 BETA60 RSQR5 RSQR10 RSQR20 RSQR30 RSQR60 RESI5 RESI10 RESI20 RESI30 RESI60 MAX5 MAX10 MAX20 MAX30 MAX60 MIN5 MIN10 MIN20 MIN30 MIN60 QTLU5 QTLU10 QTLU20 QTLU30 QTLU60 QTLD5 QTLD10 QTLD20 QTLD30 QTLD60 RANK5 RANK10 RANK20 RANK30 RANK60 RSV5 RSV10 RSV20 RSV30 RSV60 IMAX5 IMAX10 IMAX20 IMAX30 IMAX60 IMIN5 IMIN10 IMIN20 IMIN30 IMIN60 IMXD5 IMXD10 IMXD20 IMXD30 IMXD60 CORR5 CORR10 CORR20 CORR30 CORR60 CORD5 CORD10 CORD20 CORD30 CORD60 CNTP5 CNTP10 CNTP20 CNTP30 CNTP60 CNTN5 CNTN10 CNTN20 CNTN30 CNTN60 CNTD5 CNTD10 CNTD20 CNTD30 CNTD60 SUMP5 SUMP10 SUMP20 SUMP30 SUMP60 SUMN5 SUMN10 SUMN20 SUMN30 SUMN60 SUMD5 SUMD10 SUMD20 SUMD30 SUMD60 VMA5 VMA10 VMA20 VMA30 VMA60 VSTD5 VSTD10 VSTD20 VSTD30 VSTD60 WVMA5 WVMA10 WVMA20 WVMA30 WVMA60 VSUMP5 VSUMP10 VSUMP20 VSUMP30 VSUMP60 VSUMN5 VSUMN10 VSUMN20 VSUMN30 VSUMN60 VSUMD5 VSUMD10 VSUMD20 VSUMD30 VSUMD60 ORC_TREND_PATH_CROWD_20 ORC_TREND_ACCEL_UNCROWDED_5_20 ORC_TREND_STREAK_EXHAUST_12 ORC_TREND_RSQR_STRESS_20 ORC_TREND_ACCEL_GAP_10_30
feature_infos=[-0.16749253869056702:0.23587034642696381] [0:0.33308270573616028] [-1:1] [0:0.27153289318084717] [0:1] [0:0.21718749403953552] [0:1] [-0.31147539615631104:0.23587034642696381] [-1:1] [0.80914634466171265:1.2011904716491699] [1:1.365384578704834] [0.7725520133972168:1] [0.90894031524658203:1.0927579402923584] [0.57777780294418335:1.6790908575057983] [0.54954206943511963:1.8924485445022583] [0.46860837936401367:2.2146341800689697] [0.46312057971954346:2.740487813949585] [0.36440131068229675:2.649662971496582] [0.74611109495162964:1.3455072641372681] [0.65066665410995483:1.4951817989349365] [0.60133224725723267:1.7117466926574707] [0.56646168231964111:1.9959673881530762] [0.4937971830368042:1.8649090528488159] [0:0.26957115530967712] [0:0.32280367612838745] [0:0.36472421884536743] [0:0.57258552312850952] [0:0.50059491395950317] [-0.16409091651439667:0.12254486232995987] [-0.11048160493373871:0.12254486232995987] [-0.11048160493373871:0.12254486232995987] [-0.11048160493373871:0.12254486232995987] [-0.11048160493373871:0.12254486232995987] [0:1] [0:1] [0:1] [0:1] [0:1] [-0.15193372964859009:0.13264167308807373] [-0.24554997682571411:0.20802642405033112] [-0.40848860144615173:0.27864286303520203] [-0.44566619396209717:0.33016127347946167] [-0.96870207786560059:0.3971981406211853] [1:1.6472727060317993] [1:1.9298244714736938] [1:2.2439024448394775] [1:3.3160974979400635] [1:3.3160974979400635] [0.5718809962272644:1] [0.54045307636260986:1] [0.4660193920135498:1] [0.43721681833267212:1] [0.33789625763893127:1] [0.86334514617919922:1.4843636751174927] [0.72140765190124512:1.7869091033935547] [0.59200000762939453:2.054157018661499] [0.56569522619247437:2.423609733581543] [0.56576049327850342:2.3250908851623535] [0.60694897174835205:1.2689855098724365] [0.54922223091125488:1.4057971239089966] [0.49352750182151794:1.5574545860290527] [0.47533980011940002:1.5740000009536743] [0.38890489935874939:1.5950908660888672] [0.20000000298023224:1] [0.10000000149011612:1] [0.05000000074505806:1] [0.033333335071802139:1] [0.01666666753590107:1] [0:1] [0:1] [0:1] [0:1] [0:1] [0.20000000298023224:1] [0.10000000149011612:1] [0.05000000074505806:1] [0.033333335071802139:1] [0.01666666753590107:1] [0.20000000298023224:1] [0.10000000149011612:1] [0.05000000074505806:1] [0.033333335071802139:1] [0.01666666753590107:1] [-0.80000001192092896:0.80000001192092896] [-0.89999997615814209:0.89999997615814209] [-0.94999998807907104:0.94999998807907104] [-0.96666663885116577:0.96666663885116577] [-0.98333334922790527:0.98333334922790527] [-1:1] [-1:1] [-1:1] [-1:1] [-1:1] [-1:1] [-1:1] [-1:1] [-1:1] [-1:1] [0:1] [0:1] [0:0.90909093618392944] [0:0.90909093618392944] [0:0.90909093618392944] [0:1] [0:1] [0:0.89999997615814209] [0:0.8571428656578064] [0:0.8571428656578064] [-1:1] [-1:1] [-0.83333331346511841:0.90909093618392944] [-0.83333331346511841:0.90909093618392944] [-0.83333331346511841:0.90909093618392944] [0:1] [0:1] [0:1] [0:1] [0:1] [0:1] [0:1] [0:1] [0:1] [0:1] [-1:1] [-1:1] [-1:1] [-1:1] [-1:1] [0.20013266801834106:26452.083984375] [0.10012400150299072:23627.859375] [0.050104878842830658:26698.134765625] [0.033777147531509399:28136.5] [0.017187755554914474:26107.111328125] [0.00080492562847211957:59102.5] [0.0021778203081339598:49210.34375] [0.0021778203081339598:56418.4921875] [0.0021778203081339598:57003.12109375] [0.0021778203081339598:42065.70703125] [0:2.2360680103302002] [0:3.1615598201751709] [0:4.4708261489868164] [0:5.4656624794006348] [0:7.5986995697021484] [0:1] [0:1] [0:1] [0:1] [0:1] [0:1] [0:1] [0:1] [0:1] [0:1] [-1:1] [-1:1] [-1:1] [-1:1] [-1:1] [-0.50317293405532837:2.8038227558135986] [-0.084833331406116486:0.083563074469566345] [-3.7620944976806641:5.0776824951171875] [0:2.056443452835083] [-78937640:33658216]
tree_sizes=3123 3066 3034 3081 3047 3004 3101 3089 3028 2951 3053 3069 3095 3074 2992 3063 3009 3054 3061 3043 3042 2976 3112 3025 3001 3087 3108 3025 3051 3073 3085 3044 3067 3081 3124 3063 2994 3012 3032 3058 3015

Tree=0
num_leaves=31
num_cat=0
split_feature=16 11 15 30 16 125 21 6 35 15 29 161 23 139 28 72 31 125 32 86 76 5 25 43 119 38 10 1 1 11
split_gain=161.542 104.578 98.1084 97.7955 117.838 93.4919 95.1851 67.1798 64.6989 63.193 62.5331 59.0592 57.7401 55.8204 53.158 88.084 82.9331 51.0871 57.4581 61.5561 58.8146 46.1613 59.0959 37.2428 43.9258 37.1932 40.3658 35.5166 42.8752 33.7485
threshold=1.2346542477607729 0.92475160956382763 0.75119632482528698 -0.00042474368819966907 0.93561235070228588 0.48061358928680425 0.91351643204689037 0.60000064969062816 0.18516926467418673 0.86755946278572094 0.00093348117661662411 0.74023911356925975 0.016089311800897125 0.72813928127288829 -0.0094511965289711935 0.67105302214622509 0.0035153066273778681 -0.43902468681335444 -0.0048612528480589381 -0.81666666269302357 0.050000002607703216 0.013592263218015434 0.026832802221179012 1.0393879413604739 0.18954240530729297 0.01686045061796904 1.0119050741195681 0.053075965493917472 0.03440364450216294 0.97157189249992382
decision_type=10 8 10 8 8 10 8 10 10 8 10 10 10 10 10 10 10 8 10 2 2 10 8 10 10 10 10 10 8 10
left_child=1 2 -1 4 8 6 7 9 25 -5 -10 -2 -13 -14 15 -8 -16 27 20 -20 -19 22 -7 -23 -25 26 -3 28 -6 -24
right_child=11 3 -4 5 17 21 14 -9 10 -11 -12 12 13 -15 16 -17 -18 18 19 -21 -22 23 29 24 -26 -27 -28 -29 -30 -31
leaf_value=-0.022619590682700426 0.0023664411166605254 -0.0062152088242902566 -0.0020043389248374419 0.0024704230085914295 0.0013931881279276644 0.00047087967022754518 0.00083117317768612595 -0.0053345281957429894 -0.012214632665206445 0.0078959109491252739 9.8532876985401508e-10 -0.0064670704696432584 0.0017787590283106917 0.01589903380915856 0.00064662494836390308 0.0065908042506391809 -0.0015343043461353081 0.0071734597950469329 -0.0022594808662395813 -0.0004492223488382404 9.8532876985401508e-10 9.8532876985401508e-10 -0.0079625341041677563 0.018205718756749607 9.8532876985401508e-10 0.0092037197657067315 0.001593528939872623 0.0083852703722241319 -0.0036569355824576113 -0.0029599066120778884
leaf_weight=333 1670 1500 607 6455 13986 3678 9317 670 1552 2936 447 127 397 1100 101160 3275 18499 1635 20937 91542 2558 1436 1654 233 198 210 885 575 1652 6297
leaf_count=333 1670 1500 607 6455 13986 3678 9317 670 1552 2936 447 127 397 1100 101160 3275 18499 1635 20937 91542 2558 1436 1654 233 198 210 885 575 1652 6297
internal_value=2.02588e-05 -5.29129e-05 -0.009939 -1.95291e-05 -0.000603657 0.000493969 0.000721866 0.0035369 -0.00532277 0.0042117 -0.0093963 0.00660751 0.0107044 0.012425 0.000504941 0.00236103 0.000306752 -0.000437478 -0.000658407 -0.000789195 0.00276592 -0.00188446 -0.00259985 0.00239287 0.0099135 -0.00202222 -0.00320373 0.00113274 0.000836543 -0.00405558
internal_weight=297521 294227 940 293287 137479 155808 142312 10061 4594 9391 1999 3294 1624 1497 132251 12592 119659 132885 116672 112479 4193 13496 11629 1867 431 2595 2385 16213 15638 7951
internal_count=297521 294227 940 293287 137479 155808 142312 10061 4594 9391 1999 3294 1624 1497 132251 12592 119659 132885 116672 112479 4193 13496 11629 1867 431 2595 2385 16213 15638 7951
is_linear=0
shrinkage=1


Tree=1
num_leaves=31
num_cat=0
split_feature=16 57 26 40 36 14 118 18 78 113 33 25 1 25 17 41 33 30 1 17 140 121 1 14 18 50 131 87 23 25
split_gain=167.527 136.84 101.729 104.553 120.393 79.7158 80.6142 76.9487 68.2845 67.1666 65.8559 64.2631 60.1201 59.3837 93.9763 59.103 53.5731 64.9183 52.22 50.1833 45.3335 49.8735 48.2283 40.1051 38.2 34.7224 34.4203 32.6939 29.9187 34.2815
threshold=1.2157111763954165 0.80647325515747081 0.021808819845318798 -0.030740197747945782 0.82249087095260631 0.81529909372329723 0.57407447695732128 0.95002853870391857 0.70000001788139354 0.5909089744091035 0.25649750232696539 0.087826393544673934 0.036788007244467742 0.036329464986920364 0.66476282477378856 0.033330366015434272 0.97781935334205639 -0.0069339359179139129 0.025780719704926017 0.66476282477378856 0.76602196693420421 0.66115710139274608 0.054819600656628616 1.0176565051078799 1.0247355103492739 0.69031959772109996 0.49228709936141973 -0.9583333134651183 0.032843878492712981 0.020791646093130115
decision_type=10 8 10 10 10 10 10 10 10 8 8 10 10 10 8 10 10 10 10 8 10 10 10 8 10 10 10 2 10 10
left_child=1 7 9 4 5 6 -4 11 -7 12 15 -1 -3 19 -15 24 17 20 -17 -12 -2 -22 27 -14 -5 -9 -6 -23 29 -11
right_child=16 2 3 10 26 8 -8 25 -10 28 13 -13 23 14 -16 18 -18 -19 -20 -21 21 22 -24 -25 -26 -27 -28 -29 -30 -31
leaf_value=-0.0047618453187229515 0 0.00029061412958805596 -0.005615212480982088 -0.0017849981436379979 -0.0050667764872236003 -0.0031022019615915531 0.021330513801243525 0.0068050900897942482 0.0012481734146435179 0.0020719738880219558 0.0081369439904627056 -0.02627332150336292 -0.01363406769367668 -0.0071751368817649635 0.0011251246313206573 -0.001960351688435362 -0.011384514991596744 0.00076327414395490516 0.0043667004467749619 -0.00075255457048676233 0.0020454571746382159 -0.0032662815734796173 0.021193850465470104 -0.0014985447856756802 -0.010306551627680715 -0.0081529196128872026 0.0091114958867693184 0.01082145070282068 0.016779116313904524 -0.0010751916464411644
leaf_weight=271 436 55451 112 47660 126 3902 304 220 18362 31418 550 334 438 1250 31545 1982 128 1364 2686 89379 577 123 511 682 475 294 2052 1274 105 3314
leaf_count=271 436 55451 112 47660 126 3902 304 220 18362 31418 550 334 438 1250 31545 1982 128 1364 2686 89379 577 123 511 682 475 294 2052 1274 105 3314
internal_value=6.33714e-06 -8.02491e-05 -3.87039e-05 -0.000418003 0.00139827 0.000733347 0.013463 -0.0104594 0.000470162 0.000789427 -0.000677062 -0.0175783 0.000145328 -0.000292784 0.000795433 -0.00156407 0.00579559 0.00642898 0.00161938 -0.000693055 0.00894947 0.0105034 0.0128578 -0.00666349 -0.00187957 -0.00117377 0.00811614 0.00934078 0.00182607 0.0017626
internal_weight=297325 292912 291793 200385 24858 22680 416 1119 22264 91408 175527 605 56571 122724 32795 52803 4413 4285 4668 89929 2921 2485 1908 1120 48135 514 2178 1397 34837 34732
internal_count=297325 292912 291793 200385 24858 22680 416 1119 22264 91408 175527 605 56571 122724 32795 52803 4413 4285 4668 89929 2921 2485 1908 1120 48135 514 2178 1397 34837 34732
is_linear=0
shrinkage=0.03


Tree=2
num_leaves=31
num_cat=0
split_feature=32 57 86 26 25 26 38 51 1 138 53 11 18 87 143 118 28 56 8 52 33 1 49 43 110 36 71 23 12 53
split_gain=116.68 112.966 101.052 98.0727 127.659 113.954 113.105 200.286 107.933 73.7429 67.8286 67.515 64.0387 66.7792 63.9433 63.1072 60.4915 71.9644 60.2292 55.958 55.1023 44.5293 35.915 47.7147 35.8976 35.5696 34.4036 33.7018 32.2017 49.2544
threshold=-0.0048612528480589381 0.80647325515747081 -0.58333334326744068 0.10153014212846757 0.046189228072762496 0.021808819845318798 -0.0010238760733045635 0.67947936058044445 0.059044299647212035 0.64949944615364086 0.98061671853065502 0.97264963388443004 0.95002853870391857 0.59166666865348827 0.042462907731533057 0.44518308341503149 -0.0063334449660032979 0.9872131645679475 -0.8095211088657378 0.67603021860122692 0.91173577308654796 0.036363659426569946 0.92133235931396495 1.0290705561637881 -0.35147058963775629 0.78267160058021557 0.64788708090782177 0.032843878492712981 0.99322363734245311 0.99707341194152843
decision_type=8 8 2 10 10 10 10 10 10 10 10 10 10 2 10 10 10 10 10 10 10 8 10 10 2 10 10 10 10 10
left_child=2 12 9 5 -5 15 7 -7 -9 11 -11 -1 13 20 -6 27 19 -18 25 -8 -2 -17 23 -12 -13 -16 -14 -3 -4 -30
right_child=1 3 28 4 14 6 16 8 -10 10 22 24 26 -15 18 21 17 -19 -20 -21 -22 -23 -24 -25 -26 -27 -28 -29 29 -31
leaf_value=0.0095210844567825501 -0.029896251837311937 0.0015846439765616334 0.0046838799668871339 0.017777658197760306 0.016162820211062093 -0.022084929128255111 0.0081287673763801686 0.0001647487032764281 0.0072464419563107113 -0.0051321702124720887 0.008938601885326726 -0.015302191294933437 -0.0095803861131095961 0 0.0048261560943637111 0.00018353855485693708 -1.4856662991672555e-05 -0.0021634850908939501 -0.00065010862678092712 -0.00022160689657550723 -0.0060573019409306331 -0.0056379528103682758 0.0071252646742356136 0.023433379381073309 -0.00037176698630404808 0.024440430264919995 0.0050335266027234007 0.016527946801568837 -0.012408732033666008 0
leaf_weight=386 274 38723 1149 548 260 340 723 85489 1966 254 733 220 234 176 463 50614 18787 58875 2835 25781 194 1190 2013 388 482 110 301 121 292 3575
leaf_count=386 274 38723 1149 548 260 340 723 85489 1966 254 733 220 234 176 463 50614 18787 58875 2835 25781 194 1190 2013 388 482 110 301 121 292 3575
internal_value=-3.28274e-06 -0.000112252 0.00326478 -7.27791e-05 0.00445598 -0.000141712 -0.000556553 0.000233768 0.000328996 0.00653413 0.00870629 0 -0.0093035 -0.0155681 0.00229876 0.000733397 -0.00122546 -0.00164772 0.00106541 8.29235e-07 -0.0212823 4.18989e-05 0.0099484 0.0145413 -0.0057606 0.00979475 -0.000932714 0.00164739 0.000273452 -0.000977194
internal_weight=297496 288004 9492 286825 4216 282609 191961 87795 87455 4476 3388 1088 1179 644 3668 90648 104166 77662 3408 26504 468 51804 3134 1121 702 573 535 38844 5016 3867
internal_count=297496 288004 9492 286825 4216 282609 191961 87795 87455 4476 3388 1088 1179 644 3668 90648 104166 77662 3408 26504 468 51804 3134 1121 702 573 535 38844 5016 3867
is_linear=0
shrinkage=0.03


Tree=3
num_leaves=31
num_cat=0
split_feature=57 26 38 60 51 49 30 67 113 39 1 38 17 62 52 28 19 1 87 126 84 126 53 51 1 29 11 39 14 26
split_gain=115.473 98.3519 122.147 135.553 116.549 93.1226 84.4934 107.621 70.5596 67.5009 65.0854 63.9577 116.819 68.7871 100.344 85.7951 60.3017 59.2018 58.5779 45.427 76.8497 51.3493 64.2723 117.718 46.9174 46.3927 44.7374 42.8347 42.0449 62.1173
threshold=1.2274150252342226 0.021940106526017192 -0.0010238760733045635 0.73079699277877819 0.64709019660949718 0.85994866490364086 -0.00042474368819966907 0.51680791378021251 0.58441573381423961 0.026547196321189407 0.054819600656628616 -0.018508657813072201 0.73705121874809276 0.86085230112075817 0.64494141936302196 -0.011386926285922526 0.96568578481674205 0.036788007244467742 -0.75833332538604725 -0.46853132545948023 -0.84999999403953541 -0.27455085515975947 1.0448403358459475 0.93743938207626354 0.065468672662973418 -0.010596807114779947 0.98513951897621166 0.0072942092083394536 0.77006554603576671 0.044440530240535743
decision_type=10 10 10 10 10 10 10 10 8 10 10 8 8 10 10 10 10 10 2 10 2 10 10 10 10 10 10 10 8 10
left_child=1 8 10 9 5 -5 7 -6 17 -4 11 12 -3 15 -15 -13 -7 -1 -8 24 25 22 23 -22 26 -21 -2 -14 -12 -30
right_child=19 2 3 4 6 16 18 -9 -10 -11 28 13 27 14 -16 -17 -18 -19 -20 20 21 -23 -24 -25 -26 -27 -28 -29 29 -31
leaf_value=0.00027212298707442005 -0.004131786391990723 -0.01779115937405433 0 -0.0036811943197040307 -0.001267667455166069 0.033794641587431833 -0.0060285597522146198 -0.0048288943684381136 0.001830580717746605 -0.020487871451344213 -0.0037705509347585684 0.010514194535783627 -0.0026990334685851997 0.022174203936364906 -5.4703195121843512e-06 0.0016544186481537691 0.0038370975392478463 -0.0065252709004443559 -1.9555691097950726e-06 0.00096461014163097786 0.01100437982902173 0.00062343392302118732 0.012737768023699809 -0.0024413090669093522 0.022990184022858736 -0.01025877857323731 0.0094966270395401807 0.0096561123111394039 -0.0012474180506715029 0.0086806585802936872
leaf_weight=55281 249 448 180 151 45073 176 1478 9312 36042 463 407 1074 2503 164 69946 12112 132 1156 50108 657 1018 2459 1035 1273 180 567 780 254 708 2038
leaf_count=55281 249 448 180 151 45073 176 1478 9312 36042 463 407 1074 2503 164 69946 12112 132 1156 50108 657 1018 2459 1035 1273 180 567 780 254 708 2038
internal_value=8.64092e-05 -1.23188e-05 -0.000392648 -0.00107738 -0.000989925 0.0137317 -0.0010591 -0.0018845 0.000793407 -0.0146343 0.000421836 0.000263301 -0.00387291 0.000426944 4.84431e-05 0.0024136 0.0228872 0.000125316 -0.000182708 0.00358883 0.00258656 0.00405681 0.00648663 0.00344696 0.00901862 -0.00407465 0.0058969 -0.00139139 0.00464754 0.00602194
internal_weight=297424 289206 196727 107073 106430 459 105971 54385 92479 643 89654 86501 3205 83296 70110 13186 308 56437 51586 8218 7009 5785 3326 2291 1209 1224 1029 2757 3153 2746
internal_count=297424 289206 196727 107073 106430 459 105971 54385 92479 643 89654 86501 3205 83296 70110 13186 308 56437 51586 8218 7009 5785 3326 2291 1209 1224 1029 2757 3153 2746
is_linear=0
shrinkage=0.03


Tree=4
num_leaves=31
num_cat=0
split_feature=16 25 40 36 60 34 29 22 42 3 16 1 14 46 4 36 138 1 86 120 1 11 22 0 161 125 109 1 74 24
split_gain=142.177 84.4669 94.484 105.645 100.329 114.698 79.8287 97.9652 70.9596 70.4056 62.8309 62.2041 63.2218 66.8344 59.9329 55.4901 56.5622 75.9096 55.0348 53.9872 40.129 35.2758 40.1795 33.8663 33.4622 31.006 30.1044 42.8946 30.714 27.9606
threshold=1.2346542477607729 0.012346642557531597 -0.030142763629555699 0.81912946701049816 0.73079699277877819 0.84154617786407482 -0.000591910647926852 1.0942281484603884 -0.093140352517366395 0.016261931508779529 0.93269440531730663 0.054819600656628616 0.84403431415557872 1.1099014878273012 0.26087038218975073 0.80595400929451 0.63982743024826061 0.059044299647212035 -0.58333334326744068 0.25773195922374731 0.10192065685987474 0.92475160956382763 0.93127992749214183 -0.0015384057769551871 0.83033636212348949 -0.39130453765392298 0.18333333730697635 0.06199734844267369 0.35000000894069677 0.054256098344922073
decision_type=10 10 10 10 10 10 10 10 10 10 8 10 10 10 10 10 10 10 2 10 10 10 10 10 10 10 2 10 2 10
left_child=1 -1 3 11 5 20 8 19 9 -6 -10 12 14 -14 -3 24 17 -17 -9 -8 23 -13 -23 -4 -2 29 27 28 -5 -18
right_child=15 2 4 26 6 -7 7 18 10 -11 -12 21 13 -15 -16 16 25 -19 -20 -21 -22 22 -24 -25 -26 -27 -28 -29 -30 -31
leaf_value=0.0013538651500537345 -4.6082509540298217e-05 0 0.0002865041782044702 0.00084138749904861176 0.0047931928121932171 0.0083960508292805006 -0.001966392250570275 0.0080603133069988286 -0.0038664966938518658 -0.009579831974375487 -0.00093321219478868648 -0.0094359037105459717 0.0016168622890939642 -0.0016123465507098468 0.019092955272644759 -0.0070453111613162298 0.0043826972003250071 0.01694190239042535 0.00033147188756831584 0.00017882592549604528 -0.028412869971014384 0.012153558346882474 0.0031008739704378096 -0.015613984395397093 0.0092357875540259142 0.021507478992858559 0.0025319468358010202 0.027046615646752929 0.011041379609097218 0.018831082577001147
leaf_weight=34831 1272 255 142 463 2982 181 11634 2124 7149 311 92811 100 12438 10699 292 312 520 162 1492 111944 204 756 1374 277 432 384 920 120 950 194
leaf_count=34831 1272 255 142 463 2982 181 11634 2124 7149 311 92811 100 12438 10699 292 312 520 162 1492 111944 204 756 1374 277 432 384 920 120 950 194
internal_value=3.66243e-05 -3.17189e-05 -0.000218858 0.00141218 -0.000420335 -0.0108833 -0.000381588 0.000119391 -0.00100154 0.00329558 -0.00114673 0.000833053 0.000366306 0.000110555 0.0102695 0.0062333 0.0103203 0.000899561 0.00497318 -2.09896e-05 -0.017038 0.00560954 0.00653664 -0.00977435 0.0022129 0.01403 0.00735264 0.00998265 0.00796687 0.00912331
internal_weight=297725 294449 259618 28367 231251 804 230447 127194 103253 3293 99960 25914 23684 23137 547 3276 1572 474 3616 123578 623 2230 2130 419 1704 1098 2453 1533 1413 714
internal_count=297725 294449 259618 28367 231251 804 230447 127194 103253 3293 99960 25914 23684 23137 547 3276 1572 474 3616 123578 623 2230 2130 419 1704 1098 2453 1533 1413 714
is_linear=0
shrinkage=0.03


Tree=5
num_leaves=31
num_cat=0
split_feature=57 31 30 28 12 50 61 158 120 116 61 27 14 140 101 162 23 125 13 86 46 50 34 78 30 12 74 86 12 61
split_gain=105.286 98.0841 84.7454 82.3446 78.8095 73.2493 70.1472 69.4626 62.522 61.6152 66.7995 58.8877 51.8309 50.044 62.1652 48.878 52.8003 48.2061 37.6423 38.1389 37.5815 37.4239 37.1002 41.3751 35.681 39.3751 34.6023 32.5195 31.3253 30.2103
threshold=0.80647325515747081 -0.0082896822132170183 -0.00052842393051832904 -0.014115895610302685 0.98687738180160534 0.82967382669448864 0.93955594301223766 -0.027592513710260388 0.25773195922374731 0.70436501502990734 0.76175254583358776 0.082916025072336211 0.81529909372329723 0.81320852041244518 0.40370370447635656 -0.94973999261856068 0.054420661181211478 -0.43902468681335444 1.1045321822166445 0.71666666865348827 1.0565490126609804 0.94788435101509105 0.88041076064109813 0.30000000447034841 0.0030335230985656385 0.9854736626148225 0.25000000745058065 0.68333333730697643 0.99067166447639476 0.92623955011367809
decision_type=8 8 8 8 10 10 10 8 8 8 10 10 8 10 2 10 10 8 8 2 10 10 10 10 8 10 2 2 10 10
left_child=4 7 5 11 27 28 21 13 24 12 -11 18 -10 -2 22 -13 -17 26 19 -4 -19 29 23 -15 -5 -26 -8 -1 -3 -7
right_child=1 2 3 8 -6 6 17 -9 9 10 -12 15 -14 14 -16 16 -18 20 -20 -21 -22 -23 -24 -25 25 -27 -28 -29 -30 -31
leaf_value=-0.02709761782193796 0 0 0.00043681907883412306 0.0031557828417046073 -0.0021101585668968467 0 0.00012594464503271538 0 0.010310735157324358 0.01403183008059198 0.0024286464024273857 0.0035416913420692896 0.00030853869694380591 0.021326261033638435 0.0012793077901646029 0.015881459589648459 -0.0026245330983923898 0.00027456359382132834 -0.0084844234232193151 0.0091024601711843373 -0.0010486727118609138 -0.013743536433969812 0.028743163550510101 0.0074094451526234735 -0.0069305965813888423 -0.0015347611882998158 0.0033623938327777395 -0.0076337277193284439 0.01717988580963228 -0.0081783052876835179
leaf_weight=221 598 125 2159 1156 714 962 11336 1933 450 487 5408 1249 134458 278 680 820 128 24146 287 592 90204 454 129 1116 1430 9993 4117 229 276 722
leaf_count=221 598 125 2159 1156 714 962 11336 1933 450 487 5408 1249 134458 278 680 820 128 24146 287 592 90204 454 129 1116 1430 9993 4117 229 276 722
internal_value=-7.00248e-06 2.7734e-05 -4.10812e-05 0.000425456 -0.00893596 -0.00060249 -0.000644417 0.0043027 0.000296794 0.00047957 0.00348214 0.00412259 0.000345649 0.00730479 0.00937949 0.00786937 0.0130702 -0.000552598 0.00128117 0.00246212 -0.000766638 -0.00602317 0.0127382 0.0106594 -0.00172281 -0.00224739 0.00101082 -0.0185773 0.0118553 -0.00362885
internal_weight=296857 295693 290959 158617 1164 132342 131941 4734 153382 140803 5895 5235 134908 2801 2203 2197 948 129803 3038 2751 114350 2138 1523 1394 12579 11423 15453 450 401 1684
internal_count=296857 295693 290959 158617 1164 132342 131941 4734 153382 140803 5895 5235 134908 2801 2203 2197 948 129803 3038 2751 114350 2138 1523 1394 12579 11423 15453 450 401 1684
is_linear=0
shrinkage=0.03


Tree=6
num_leaves=31
num_cat=0
split_feature=16 29 40 62 158 70 3 58 102 16 158 26 10 38 92 45 16 49 52 38 54 45 35 26 27 73 30 36 140 58
split_gain=130.738 88.0631 101.448 105.048 139.942 167.835 79.6458 77.1699 76.9978 69.3154 72.0126 71.0114 136.654 67.3685 65.4454 59.1216 56.63 54.6552 70.3047 84.0805 62.0444 85.2607 52.8223 50.6816 50.0654 49.9367 79.3173 48.3732 56.441 47.4334
threshold=1.2346542477607729 -0.00162652664585039 -0.030142763629555699 0.68567064404487621 0.035192284733057029 0.77777770161628734 0.020586635917425159 0.92646941542625438 0.59824562072753917 1.1076215505599978 0.00047961412928998476 0.024065493606030944 1.0189394354820254 0.020111739635467533 0.34406085312366491 1.1152310967445376 0.86502808332443248 0.97095021605491649 0.75048553943634044 -0.014354468323290346 1.0867104530334475 1.0636382102966311 0.82404759526252758 0.096811879426240935 0.12395683676004411 0.30000000447034841 -0.0074385108891874543 0.80280810594558727 0.72682881355285656 1.0134094357490542
decision_type=10 8 8 8 8 10 10 10 2 10 10 10 10 8 10 10 10 10 10 10 10 10 10 10 10 10 10 10 10 10
left_child=1 7 6 4 5 -4 15 14 23 11 29 -5 -13 17 -1 24 -17 20 19 -19 21 -9 -20 -6 -3 -15 -27 -2 -29 -11
right_child=27 2 3 9 8 -7 -8 13 -10 10 -12 12 -14 25 -16 16 -18 18 22 -21 -22 -23 -24 -25 -26 26 -28 28 -30 -31
leaf_value=-0.0024677851164451566 0.0021672144745837956 0.0033416872212679795 -0.0046881947563694364 0.00085003619839166039 -0.021316353365635643 0.024970075371908023 0.013733901953990929 1.0540437948810623e-05 -0.00013793503986702819 0.0045317181494591713 -0.0096648800353986569 -0.00092609536220332673 0.0022814979381990683 0.00073384462621547725 -0.024900710431329152 0.0011379064874196807 -0.010019148017259335 -0.010162908238827819 -0.00087819825894768291 0.0072393722764489445 0.0040480319529897805 -0.0038939996235747448 0.0011898988134081035 -0.0060717494769013036 0.014823177809458833 -0.0042314537533052103 0.013713357933578717 -0.0034849925495463569 0.011970155108140479 -0.0060069175692126341
leaf_weight=340 1702 5818 556 74255 643 220 630 7703 427 6428 341 74208 14195 1976 198 1497 526 257 71445 1874 1346 13717 13035 402 367 263 793 208 1382 368
leaf_count=340 1702 5818 556 74255 643 220 630 7703 427 6428 341 74208 14195 1976 198 1497 526 257 71445 1874 1346 13717 13035 402 367 263 793 208 1382 368
internal_value=2.62451e-05 -3.95479e-05 0.000369762 0.000206682 -0.00620117 0.00375932 0.00350284 -0.00069765 -0.0116332 0.000294005 0.00318581 0.000164901 -0.000407255 -0.000639468 -0.011858 0.00264962 -0.00168588 -0.000764289 -0.000415903 0.0049262 -0.002075 -0.00247717 -0.000555341 -0.0159578 0.0041169 0.00374057 0.00896976 0.00595396 0.00974384 0.00390109
internal_weight=297120 293828 180881 172043 2248 776 8838 112947 1472 169795 7137 162658 88403 112409 538 8208 2023 109377 86611 2131 22766 21420 84480 1045 6185 3032 1056 3292 1590 6796
internal_count=297120 293828 180881 172043 2248 776 8838 112947 1472 169795 7137 162658 88403 112409 538 8208 2023 109377 86611 2131 22766 21420 84480 1045 6185 3032 1056 3292 1590 6796
is_linear=0
shrinkage=0.03


Tree=7
num_leaves=31
num_cat=0
split_feature=16 57 40 26 71 103 12 113 33 32 15 39 119 158 1 122 28 33 27 160 54 77 160 1 29 3 34 161 33 69
split_gain=113.398 101.005 83.6477 97.2284 81.0223 68.6231 64.5004 57.6235 56.1555 62.1708 85.2104 55.1734 115.222 48.9398 47.0061 75.9252 45.2916 43.4008 60.3176 56.4784 46.0305 40.9507 35.3415 34.4103 39.3298 34.2188 31.9406 31.2884 30.2665 33.4323
threshold=1.2346542477607729 0.80647325515747081 -0.04213376343250274 0.021427014842629436 0.54340219497680675 0.55000001192092907 0.98487091064453136 0.59375044703483593 0.24565471708774569 -0.0035783019848167892 1.0900195240974428 -0.015951267443597313 0.266666129231453 -0.053826084360480302 0.054819600656628616 0.63491502404212963 -0.016411625780165192 0.33363074064254766 0.093792546540498747 0.050659017637372024 1.0674344301223757 0.075000002980232253 -0.0024100459413602944 0.036788007244467742 -0.00088134477846324433 0.015503836795687677 0.88410863280296337 0.80092495679855358 0.92054742574691784 0.78181883692741405
decision_type=10 8 8 10 10 2 10 10 8 10 8 10 10 8 10 10 10 10 10 10 10 2 10 10 10 10 10 8 10 10
left_child=1 6 4 7 17 -6 -1 23 9 10 -5 12 -10 -13 21 -16 22 19 -19 -3 -20 -2 -7 -4 -25 -18 28 -11 29 -23
right_child=14 2 3 8 5 16 -8 -9 11 27 -12 13 -14 -15 15 -17 25 18 20 -21 -22 26 -24 24 -26 -27 -28 -29 -30 -31
leaf_value=-0.017851841076237964 -0.004177993099149113 -0.0016604716172545319 0.00016063548986077383 0.0049915719522711068 -0.00031912529756744537 0 -0.0026549605796333552 0.0016482908304268353 0.0084590200999584437 -0.0021177046659539901 -0.0028033425124010108 0.002694429386742735 0.00048126192779882391 -0.00057337535269427428 0.0036410763341158045 0.020412911736584029 0.0038930605886494359 -1.0522171807683618e-05 -0.0033392565109480786 -0.022876846317214355 0.0087120701024285263 0.0065503557769103909 0.01905639236124063 -0.00026725132910960326 -0.012690650959978097 0.012832068822684986 0.015056346132280841 -0.00031422668191406295 -0.0077413293750377057 -0.0080578278547012543
leaf_weight=437 528 655 53851 3021 1177 100 707 32585 1826 37909 2090 4229 14909 116418 688 423 2046 6444 307 129 1365 1134 475 654 384 536 241 11759 168 126
leaf_count=437 528 655 53851 3021 1177 100 707 32585 1826 37909 2090 4229 14909 116418 688 423 2046 6444 307 129 1365 1134 475 654 384 536 241 11759 168 126
internal_value=-3.97846e-05 -0.00010311 -6.702e-05 -0.000178378 0.00226007 0.00562199 -0.00892478 0.000649061 -0.000556628 -0.00136972 0.00174709 -0.000230084 0.0013787 -0.000455916 0.00546522 0.0105401 0.00791946 0.000580358 0.00126675 -0.0060068 0.00630868 0.00269168 0.0157688 5.00181e-05 -0.00529976 0.00594838 0.00506631 -0.00169706 0.00298847 0.00475208
internal_weight=297321 294013 292869 279635 13234 4334 1144 87474 192161 54779 5111 137382 16735 120647 3308 1111 3157 8900 8116 784 1672 2197 575 54889 1038 2582 1669 49668 1428 1260
internal_count=297321 294013 292869 279635 13234 4334 1144 87474 192161 54779 5111 137382 16735 120647 3308 1111 3157 8900 8116 784 1672 2197 575 54889 1038 2582 1669 49668 1428 1260
is_linear=0
shrinkage=0.03


Tree=8
num_leaves=31
num_cat=0
split_feature=16 57 31 26 37 24 23 37 10 40 2 86 18 51 118 12 161 140 82 160 30 50 36 29 16 17 7 52 51 11
split_gain=118.022 91.2491 82.2059 94.2531 83.3042 83.8688 75.5075 74.467 70.0327 68.2088 66.3703 69.4936 60.7712 67.1742 53.5757 47.9954 44.7057 57.8588 43.7993 41.6154 40.4484 40.382 37.3432 56.2119 35.561 32.5279 31.7906 30.1253 29.4806 47.0795
threshold=1.2346542477607729 0.80647325515747081 0.0095289275050163286 0.021427014842629436 0.14462764561176303 0.034448850899934776 0.02837342489510775 0.84965670108795177 1.0211480259895327 -0.057446666061878197 -0.12499048933386801 -0.81666666269302357 0.95002853870391857 0.64709019660949718 0.40000058710575109 0.98893806338310253 0.74023911356925975 0.76268404722213756 0.091666668653488173 0.44570182263851171 -0.00042474368819966907 0.69031959772109996 0.77280220389366161 0.013065312989056112 0.74123394489288341 1.1804711818695071 -0.033975180238485329 0.72767814993858349 0.97754701972007763 0.98903518915176403
decision_type=10 8 10 10 10 10 10 10 10 10 10 2 10 10 8 10 10 10 2 10 10 10 10 10 10 8 8 10 10 10
left_child=1 12 3 14 -4 6 8 10 -6 18 11 -5 13 -1 -3 -11 28 -18 -9 -15 -12 -14 24 -24 -7 -19 -16 -8 -2 -30
right_child=16 2 4 7 5 22 27 9 -10 15 20 -13 21 19 26 -17 17 25 -20 -21 -22 -23 23 -25 -26 -27 -28 -29 29 -31
leaf_value=-0.027915566256309785 0.0046650400222747182 0.0017068943881839436 0.021888433022718146 -0.0023745857921615285 0.0014480913744141519 -0.0097375984381396219 0.028455642890115616 0 0.016371055721943063 0.0048305655903553343 -0.0017902596637079968 0.00031126905028502048 0.0083824905904711245 -0.01583622855895904 -0.0090910036520458464 0.00036806985636386491 -0.0026253443628132759 0 0.018195321120311771 0.0014055290383290454 -0.00057062903906155912 -0.0077661637515273113 0.009019170406379293 -0.0070971091149472877 0.00043727658987464723 0.013601449750118674 0.0002183965957936996 0.0034219198746314227 -0.018953636064853546 0.0007807531575082054
leaf_weight=213 1149 31857 210 9826 1513 623 181 191 348 2536 48023 72528 227 194 311 15786 266 218 330 233 51922 295 531 265 490 1161 55404 101 117 406
leaf_count=213 1149 31857 210 9826 1513 623 181 191 348 2536 48023 72528 227 194 311 15786 266 218 330 233 51922 295 531 265 490 1161 55404 101 117 406
internal_value=-2.78869e-06 -6.74393e-05 -3.28478e-05 -9.50541e-05 0.0040918 0.00299281 0.00706339 -0.000453621 0.00454252 0.00133574 -0.000640346 -6.04832e-06 -0.0083871 -0.014451 0.00072502 0.00100669 0.00560631 0.00914046 0.0118879 -0.00611489 -0.0011599 -0.000139975 -0.00144706 0.00324373 -0.00506466 0.0116295 0.000157806 0.0213034 0.00188498 -0.00361703
internal_weight=297455 294138 292976 288714 4262 4052 2143 201142 1861 18843 182299 82354 1162 640 87572 18322 3317 1645 521 427 99945 522 1909 796 1113 1379 55715 282 1672 523
internal_count=297455 294138 292976 288714 4262 4052 2143 201142 1861 18843 182299 82354 1162 640 87572 18322 3317 1645 521 427 99945 522 1909 796 1113 1379 55715 282 1672 523
is_linear=0
shrinkage=0.03


Tree=9
num_leaves=31
num_cat=0
split_feature=16 57 29 26 16 68 22 42 5 26 161 78 43 18 14 13 159 49 52 51 138 86 162 102 36 24 98 140 35 82
split_gain=114.154 99.764 73.8881 89.2474 116.817 103.794 88.024 66.01 87.8666 63.0562 83.8181 67.5521 62.5707 58.8178 54.3002 52.7436 100.802 59.2365 51.3776 51.3762 48.7424 46.7622 44.0465 40.9502 40.7271 49.2244 43.2207 42.4501 38.432 38.9544
threshold=1.2157111763954165 0.80647325515747081 -0.00088134477846324433 0.10153014212846757 0.70005577802658092 0.93442627787590038 1.0942281484603884 -0.093140352517366395 0.0086486656218767183 0.029906131327152256 1.334508001804352 0.90000000596046459 1.0622919797897341 1.0402371287345888 0.92157503962516796 1.053283751010895 -0.0078934403136372549 0.8196873962879182 0.66727772355079662 0.73924610018730175 0.59812870621681224 -0.516666680574417 1.690244257450104 0.55217784643173229 0.63441812992095958 0.054256098344922073 1.0000000180025095e-35 0.76602196693420421 0.80410313606262218 0.17500000447034839
decision_type=10 8 8 10 8 10 10 10 10 10 8 10 10 10 10 10 10 10 10 10 10 2 10 2 10 10 2 10 10 2
left_child=1 12 7 4 5 14 13 8 -3 28 11 -11 18 -6 -4 16 -5 -17 -1 -18 -12 -8 -14 -10 -2 27 -27 -26 29 -9
right_child=24 2 3 15 6 -7 21 9 23 10 20 -13 22 -15 -16 17 19 -19 -20 -21 -22 -23 -24 -25 25 26 -28 -29 -30 -31
leaf_value=-0.022394737646118889 0 0 -0.023742147371880351 -0.010199912596433384 0.00019691352389876235 0.0056036517334816212 0.0072864276764149265 0.00081941587948729396 0.0099749717572831277 -0.0025580718195366979 0.015764683870278705 -0.00035631525732002104 0.013001082273380409 0.0073964879990685876 -0.00038430807797910547 0.028070122573676717 0.0093896113545817606 0 -0.0044067946837841668 -0.00071100959222561108 0.002224937059484539 0 -0.0060112996462867744 0 -0.0041887964724718124 0 0.016106318672851783 0.0058640118239116634 0.0020162753460917851 -0.00083211522528758527
leaf_weight=352 1098 4233 396 349 153725 200 2468 17927 1516 31860 314 21258 135 1011 149 173 1548 135 333 559 1153 1144 352 506 411 171 675 2061 6812 44330
leaf_count=352 1098 4233 396 349 153725 200 2468 17927 1516 31860 314 21258 135 1011 149 173 1548 135 333 559 1153 1144 352 506 411 171 675 2061 6812 44330
internal_value=2.49666e-06 -6.88201e-05 -3.24002e-05 0.000394193 0.000298982 -0.0113842 0.000357274 -0.000566192 0.00242487 -0.000720287 -0.00148261 -0.00168303 -0.0087311 0.000246842 -0.0181269 0.00572519 0.00401756 0.017352 -0.0144489 0.00658732 0.00549782 0.00497812 0 0.00753629 0.00477995 0.00642996 0.0127778 0.00405202 -0.000113232 -0.000351627
internal_weight=297354 292938 291766 161857 159093 745 158348 129909 6255 123654 54585 53118 1172 154736 545 2764 2456 308 685 2107 1467 3612 487 2022 4416 3318 846 2472 69069 62257
internal_count=297354 292938 291766 161857 159093 745 158348 129909 6255 123654 54585 53118 1172 154736 545 2764 2456 308 685 2107 1467 3612 487 2022 4416 3318 846 2472 69069 62257
is_linear=0
shrinkage=0.03


Tree=10
num_leaves=31
num_cat=0
split_feature=16 26 38 60 16 24 26 162 16 38 27 27 113 161 9 24 79 81 24 5 2 8 42 139 48 60 140 117 1 125
split_gain=92.7009 85.0128 74.8627 119.115 101.179 68.4473 63.4843 65.7691 106.013 63.0038 102.619 77.8668 51.8539 51.8351 51.0348 47.4658 47.1868 43.4777 42.1779 115.496 69.3141 56.8265 49.1287 52.7737 40.539 37.9247 36.2175 30.3328 34.8898 36.0999
threshold=1.2346542477607729 0.019930385984480384 -0.00089285580907016982 0.73079699277877819 0.66539305448532116 0.03719716705381871 0.069804321974515929 0.29231922328472143 0.66539305448532116 0.017799356952309612 0.13253632187843326 0.14594832062721255 0.5909089744091035 0.62866222858428966 0.98292216658592235 0.023565207608044151 0.15000000223517421 0.050000002607703216 0.027227651327848438 0.017543845809996132 -0.90909329056739796 0.29998886585235601 -0.081257428973913179 0.70407119393348705 0.94171783328056347 1.0011585950851443 0.76268404722213756 0.43147347867488867 0.054819600656628616 -0.36923080682754511
decision_type=10 10 10 10 8 10 10 10 8 10 10 10 8 10 10 10 2 2 10 10 10 10 10 10 10 10 10 10 10 10
left_child=1 12 6 24 5 15 18 14 -9 10 -6 -11 -1 -2 -8 -5 -16 -10 22 20 -20 -21 23 -3 -4 -24 -15 28 29 -28
right_child=13 2 3 4 9 -7 7 8 17 11 -12 -13 -14 26 16 -17 -18 -19 19 21 -22 -23 25 -25 -26 -27 27 -29 -30 -31
leaf_value=0.0001731620767245927 0.00016288161554170509 0.012860834118584855 -0.016352913397935633 0.0036925527043214054 -0.00092701814677120982 0 0.016552358003909889 -0.018135626979862651 -0.0081409811798481575 0.0010840077416228277 -0.0086234627250189981 0.015328227654934141 0.0018183374295780081 -0.00020096825733584007 0.007849236928163441 0.033654381933604705 0.0018643578681259256 0.0027888580136205478 -0.0079307473067504793 0.011460026527101945 -0.0013159706661809165 0 0.00065088815805937599 0.001956120556353514 0.0013775759153976674 -0.00086165373264091808 0.0036251057178420232 0.00012124002035263749 0.019457909708528634 0.01843167667785521
leaf_weight=45526 1320 524 575 111 108948 215 282 283 374 6581 1573 351 28204 323 1696 141 4602 1796 1566 876 17321 782 48254 1923 103 21473 698 295 416 209
leaf_count=45526 1320 524 575 111 108948 215 282 283 374 6581 1573 351 28204 323 1696 141 4602 1796 1566 876 17321 782 48254 1923 103 21473 698 295 416 209
internal_value=-1.65478e-05 -7.34972e-05 -0.000369484 -0.000882127 -0.000806135 0.0128021 0.000225141 0.00262312 -0.00147112 -0.000864966 -0.00104081 0.00189044 0.000806883 0.00499691 0.00419472 0.0228018 0.00354327 0.000710968 -5.759e-06 -0.00120752 -0.00188811 0.00629669 0.000332417 0.00449819 -0.0132673 0.000180674 0.00809617 0.0099179 0.0118446 0.00768466
internal_weight=297341 294080 220350 118598 117920 467 101752 9033 2453 117453 110521 6932 73730 3261 6580 252 6298 2170 92719 20545 18887 1658 72174 2447 678 69727 1941 1618 1323 907
internal_count=297341 294080 220350 118598 117920 467 101752 9033 2453 117453 110521 6932 73730 3261 6580 252 6298 2170 92719 20545 18887 1658 72174 2447 678 69727 1941 1618 1323 907
is_linear=0
shrinkage=0.03


Tree=11
num_leaves=31
num_cat=0
split_feature=16 57 86 0 40 16 78 62 53 53 52 25 17 82 56 122 41 33 30 86 16 26 54 49 142 38 140 117 85 34
split_gain=104.822 79.8536 67.3235 62.5769 61.0079 74.3241 74.5933 90.8609 70.4528 72.1817 67.8811 64.4904 71.9395 53.3623 56.3798 48.8582 45.5563 42.7252 43.3079 41.1192 40.1093 39.4881 47.6992 46.748 36.3926 31.1568 47.7638 34.4429 30.5406 29.4768
threshold=1.2346542477607729 0.80647325515747081 -0.81666666269302357 -0.00069279238232411433 -0.029534909874200817 0.81998422741889965 0.70000001788139354 0.78289091587066661 1.0436638593673708 1.0905932784080508 0.67603021860122692 0.019405731931328777 0.97708642482757579 0.87500000000000011 0.98838946223258983 0.65823549032211315 -0.0091947428882122022 0.97336161136627208 -0.0055941320024430743 0.68333333730697643 0.8567359745502473 0.069804321974515929 1.0152363181114199 0.98927876353263866 2.8422130346298222 -0.002401382895186543 0.76602196693420421 0.42946721613407141 0.22500000149011615 0.85507994890213024
decision_type=10 8 2 10 10 8 8 8 10 10 8 10 8 2 10 10 10 10 10 2 8 10 10 10 10 10 10 10 2 10
left_child=1 3 15 29 5 8 7 -7 24 -10 -8 12 20 14 -13 21 -14 18 25 -5 -6 22 -3 -24 -4 26 -2 -28 -15 -1
right_child=17 2 4 19 11 6 10 -9 9 -11 -12 13 16 28 -16 -17 -18 -19 -20 -21 -22 -23 23 -25 -26 -27 27 -29 -30 -31
leaf_value=-0.0036449914410668634 -0.0018005259584557886 0.00034520921468568483 0.0049359867051792993 -0.022296813309960702 -0.0067518748046131666 -0.016954232498263621 0.011555274399304082 -0.001237537985754295 0.017189252159153592 -0.0045804264288275475 0.0013454743708492048 0.00025382531431824087 -0.0014227900099603947 0.0010026633281424199 -0.0011768284499380462 0.002840256795083141 0.00042559891353350824 -0.010350049609224572 0 -0.0056636511105264123 0.0018142569003322495 0.004124712882183067 -0.0042916240104552668 -0.0013200669260194458 -0.0043493696801456747 0.004246049229792344 0.017205374935689337 0.0021937676287613248 -0.0046978057347039706 0.012865942202370206
leaf_weight=382 160 5829 1627 288 466 350 595 3891 705 135 19484 35711 15963 24214 78768 2180 48050 119 728 386 32935 936 9114 10851 444 1281 765 233 841 108
leaf_count=382 160 5829 1627 288 466 350 595 3891 705 135 19484 35711 15963 24214 78768 2180 48050 119 728 386 32935 936 9114 10851 444 1281 765 233 841 108
internal_value=-5.22764e-06 -6.59135e-05 -3.34731e-05 -0.00784232 0.000115928 0.00146047 0.000901214 -0.0026785 0.00599239 0.0133166 0.00167414 -3.74366e-05 0.000553457 -0.000452132 -0.000727959 -0.0014082 -3.09514e-05 0.00530582 0.00604948 -0.013641 0.0016818 -0.00176777 -0.00199624 -0.00269453 0.00277927 0.00795496 0.0116614 0.0141073 0.000795762 0
internal_weight=297539 294253 293089 1164 264179 27231 24320 4241 2911 840 20079 236948 97414 139534 114479 28910 64013 3286 3167 674 33401 26730 25794 19965 2071 2439 1158 998 25055 490
internal_count=297539 294253 293089 1164 264179 27231 24320 4241 2911 840 20079 236948 97414 139534 114479 28910 64013 3286 3167 674 33401 26730 25794 19965 2071 2439 1158 998 25055 490
is_linear=0
shrinkage=0.03


Tree=12
num_leaves=31
num_cat=0
split_feature=40 50 38 27 26 61 29 57 86 137 26 41 1 113 82 34 33 82 13 47 159 14 34 48 73 77 23 39 24 160
split_gain=79.1515 91.7684 93.171 86.753 68.6087 73.745 69.7422 107.421 65.7471 57.4206 54.9502 53.2289 50.7137 50.1811 47.9626 47.2818 47.9217 46.594 50.0256 50.2773 71.484 54.4514 48.4698 42.9879 41.7397 42.5554 39.8798 36.5415 36.5974 35.9927
threshold=-0.043764555826783173 0.69031959772109996 -0.0094786747358739359 0.072969567030668273 0.019930385984480384 1.0664107203483584 -0.0014732877607457338 1.168602526187897 0.75000000000000011 0.55574238300323497 0.10153014212846757 -0.031944008544087403 0.054819600656628616 0.58823314309120189 0.50833332538604747 0.93758702278137218 0.92054742574691784 0.14166667312383655 0.97624760866165172 1.1172707676887514 -0.0038722567260265346 0.81529909372329723 0.89897191524505626 0.99683094024658214 0.30000000447034841 0.80833333730697643 0.025842452421784404 -0.012167433276772497 0.037804234772920615 -0.00038269140350166703
decision_type=8 8 10 10 8 10 8 10 2 10 10 10 10 10 2 10 10 2 8 10 10 8 10 10 10 2 10 10 10 10
left_child=3 2 -2 14 13 6 9 10 -4 11 -8 -6 15 -3 -1 16 -7 24 -19 20 -20 -21 -23 -9 25 -5 -15 28 -16 -11
right_child=1 4 8 17 5 12 7 23 -10 29 -12 -13 -14 26 27 -17 -18 18 19 21 -22 22 -24 -25 -26 -27 -28 -29 -30 -31
leaf_value=0.0025972985526934709 0.0047924958740040895 9.6426356441416179e-05 -0.021898256777887669 0.0049222569437436404 9.3879850544653792e-05 0.0027602265073439188 -0.00023224137261088922 0.004989425774706205 0.0019243170256195894 0.00078040273673238129 0.0052332602819136253 -0.0021424274180520089 0.011609227994911835 0.0015937057015679118 -0.0011546825482051783 0.012428116166684511 -0.0071579956828930376 -0.0021375234436776728 0.019289293971502083 0.020028967477637938 -0.00087047688193122219 0.0034430390753136374 0.020702209389175878 -0.0063918669708657163 0.0048812064957315902 -0.0079803298480461866 0.012887937621882586 0.0021152994133846405 -0.0088995109033081152 -0.0015318617571621579
leaf_weight=2828 220 45013 441 301 11975 2029 117836 4818 102 18532 1656 43251 632 27553 1373 333 532 499 601 214 173 3044 145 279 1054 662 273 931 1040 8972
leaf_count=2828 220 45013 441 301 11975 2029 117836 4818 102 18532 1656 43251 632 27553 1373 333 532 499 601 214 173 3044 145 279 1054 662 273 931 1040 8972
internal_value=4.25373e-06 -9.89053e-05 -0.0103578 0.00230501 -6.95273e-05 -0.000344708 -0.000419351 2.67042e-05 -0.016981 -0.00109457 -0.000153123 -0.00165223 0.00393706 0.00072279 -0.00021531 0.00209047 0.000544165 0.00466755 0.00631461 0.00740118 0.014497 0.00562434 0.00444541 0.00428526 0.000677406 -0.00362415 0.00172446 -0.00268439 -0.00466172 1.4661e-05
internal_weight=297312 284447 763 12865 283684 210845 207319 124589 543 82730 119492 55226 3526 72839 6172 2894 2561 6693 4676 4177 774 3403 3189 5097 2017 963 27826 3344 2413 27504
internal_count=297312 284447 763 12865 283684 210845 207319 124589 543 82730 119492 55226 3526 72839 6172 2894 2561 6693 4676 4177 774 3403 3189 5097 2017 963 27826 3344 2413 27504
is_linear=0
shrinkage=0.03


Tree=13
num_leaves=31
num_cat=0
split_feature=16 115 29 22 25 26 36 39 58 42 6 139 1 16 68 86 161 86 114 17 25 35 12 36 140 138 38 48 23 161
split_gain=83.7366 65.4266 90.5018 94.7081 80.324 98.5324 83.3409 68.1759 65.5867 64.0538 70.7061 85.8109 67.1351 61.364 86.2331 59.7115 58.2318 71.8057 58.1967 52.101 49.8567 55.0284 45.2931 44.7724 62.7204 41.9248 41.8201 38.0366 34.5149 33.1879
threshold=1.2346542477607729 0.74576252698898327 -0.00019778237765422088 1.0942281484603884 0.043629612773656852 0.10153014212846757 0.81912946701049816 -0.028545131906867024 1.0179414153099062 -0.093140352517366395 0.090909384191036238 0.73095908761024486 0.018359184265136722 0.72276085615158092 0.67741975188255321 -0.516666680574417 1.334508001804352 -0.81666666269302357 0.59172114729881298 0.7521457076072694 0.012070166412740948 0.82062131166458141 1.0080359578132632 0.80595400929451 0.72682881355285656 0.51609942317008983 0.01113310130313039 0.99683094024658214 0.017149657942354683 0.84608629345893871
decision_type=10 10 8 10 10 10 10 8 10 10 10 10 10 8 10 2 8 2 10 10 10 10 10 10 10 8 10 10 10 10
left_child=1 2 9 4 5 7 8 -4 -6 10 -1 19 20 14 -3 26 17 -14 -8 -12 -11 -22 -15 29 -25 -18 27 -5 -26 -2
right_child=23 13 3 15 6 -7 18 -9 -10 12 11 -13 16 22 -16 -17 25 -19 -20 -21 21 -23 -24 24 28 -27 -28 -29 -30 -31
leaf_value=-0.0019710546693734346 -0.00093601302831419785 0.0050769257099766811 -0.0044924466362293016 0.010985229760223083 0.0010016755164189855 0.01616150947837159 0.015123474856441497 0.00032133119311866066 0.010059410782331548 0.0018130407058290551 0.021465036725096344 0.0021901586789269921 -0.0032828561921360642 -0.0019600239433550863 -0.014503725109141261 0 0.018917398730304135 -0.00085207041651923351 0.0044040778367683752 0.006266598610589316 -0.00064826705218999062 0.0019984848348139008 0.0056741913175609041 -0.0055737361702516575 -0.00030255355812128508 0.0024413120234599217 -0.0029439274531564319 -0.0035049156130228837 0.012605797141747161 0.0087513639770486623
leaf_weight=2085 1301 239 2686 1874 11986 330 693 112716 759 12503 362 3409 13897 11084 727 1098 146 54345 1719 673 50182 8177 710 208 166 1489 212 136 1204 386
leaf_count=2085 1301 239 2686 1874 11986 330 693 112716 759 12503 362 3409 13897 11084 727 1098 146 54345 1719 673 50182 8177 710 208 166 1489 212 136 1204 386
internal_value=5.22989e-05 0 9.44322e-05 0.000658748 0.000528838 0.000256804 0.00258313 0.000205932 0.00157951 -0.000417826 0.00247418 0.00462645 -0.000554452 -0.00210026 -0.00935026 0.00565671 -0.00121445 -0.00135229 0.0077063 0.0121729 9.2294e-05 -0.00027172 -0.00146622 0.00481552 0.00844957 0.00430467 0.00846399 0.00983215 0.010844 0.00118136
internal_weight=297502 294237 281477 134209 130889 115732 15157 115402 12745 147268 6529 4444 140739 12760 966 3320 69877 68242 2412 1035 70862 58359 11794 3265 1578 1635 2222 2010 1370 1687
internal_count=297502 294237 281477 134209 130889 115732 15157 115402 12745 147268 6529 4444 140739 12760 966 3320 69877 68242 2412 1035 70862 58359 11794 3265 1578 1635 2222 2010 1370 1687
is_linear=0
shrinkage=0.03


Tree=14
num_leaves=31
num_cat=0
split_feature=26 51 90 18 2 13 26 1 47 22 115 13 38 33 94 159 62 112 17 33 34 120 60 123 116 51 90 55 68 2
split_gain=66.7467 116.316 93.0384 126.402 79.4019 79.3364 70.8858 65.2217 76.3544 75.9905 72.1031 56.6653 60.1824 61.2621 52.656 47.9492 43.123 42.6733 47.3491 41.8262 43.16 38.789 37.6332 35.8846 35.5817 41.481 33.7187 31.8416 27.4127 26.9635
threshold=0.10153014212846757 0.67947936058044445 0.62680944800376903 0.94255927205085765 0.78947493433952343 1.0947534441947939 0.018611376173794273 0.054819600656628616 1.1172707676887514 1.0226991176605227 0.2995735108852387 1.1168913841247561 0.020111739635467533 0.37278090417385107 1.0000000180025095e-35 -0.008422934450209139 0.68567064404487621 0.20169491320848468 0.80398106575012218 0.89189702272415172 0.19511237740516665 0.2206896394491196 0.77971434593200695 0.10526292771100999 0.36180913448333746 0.93918243050575267 0.44637067615985876 1.0921263098716738 0.40000040829181677 0.31999990344047552
decision_type=10 8 10 10 10 10 10 10 10 10 8 10 8 8 10 10 10 2 10 10 10 10 10 8 8 10 10 10 10 10
left_child=1 4 17 -4 16 15 23 11 19 14 -11 12 13 -8 -10 -5 -1 18 26 20 -9 -21 -7 -3 25 -20 -2 -14 -28 -17
right_child=2 6 3 5 -6 22 7 8 9 10 -12 -13 27 -15 -16 29 -18 -19 24 21 -22 -23 -24 -25 -26 -27 28 -29 -30 -31
leaf_value=-0.020518451421739883 0.013652357881564227 0.00023481360384426916 -0.028231945822387933 -0.0097402463432767605 0.0037588578666528237 0.024436474478649307 -0.0010542112991731697 0.0034657043405150034 0 0.0099020569816353713 -0.00033693878933293176 -0.0073699695919965287 0.0059204419921746855 -3.6728899818730665e-06 0.014931215104731064 0.0035368636671152735 -0.0012218346230855042 -0.0070015298786719662 0.014730759905275143 -0.00030918648851426884 -0.0046579133786902325 0.011595459205846835 0.00077982555578842727 0.001703061399290451 0 0 0.01145055840198585 -0.0016738412774856581 -0.0015080821096712538 -0.0060415936235744408
leaf_weight=484 1110 35192 130 509 212 143 78955 748 317 816 2185 1019 2054 137547 927 964 178 177 401 482 2158 400 143 26822 1216 330 209 570 313 331
leaf_count=484 1110 35192 130 509 212 143 78955 748 317 816 2185 1019 2054 137547 927 964 178 177 401 482 2158 400 143 26822 1216 330 209 570 313 331
internal_value=6.14176e-06 -5.73851e-05 0.00314017 -0.00161493 -0.0108626 0.000150399 -2.30619e-05 -0.000268515 0.00237836 0.00513981 0.00239496 -0.000366669 -0.000332063 -0.000388236 0.0113814 -0.00207945 -0.0159578 0.00602382 0.00678667 -0.000648212 -0.00245498 0.00489455 0.0144126 0.000875034 0.00334422 0.00848137 0.0106218 0.00415712 0.00335791 0.000805836
internal_weight=297042 291066 5976 2220 874 2090 290192 228178 8033 4245 3001 220145 219126 216502 1244 1804 662 3756 3579 3788 2906 882 286 62014 1947 731 1632 2624 522 1295
internal_count=297042 291066 5976 2220 874 2090 290192 228178 8033 4245 3001 220145 219126 216502 1244 1804 662 3756 3579 3788 2906 882 286 62014 1947 731 1632 2624 522 1295
is_linear=0
shrinkage=0.03


Tree=15
num_leaves=31
num_cat=0
split_feature=16 11 29 40 3 17 79 38 13 22 54 50 42 26 161 38 11 151 32 46 93 5 138 33 30 35 140 36 23 159
split_gain=85.4261 68.001 62.5228 91.2604 91.3976 70.1471 98.4401 70.7454 68.9868 61.4688 66.4789 60.7918 59.9651 58.2896 63.5486 62.1897 50.9725 65.1941 43.5856 62.0459 55.4095 40.5529 37.8941 37.2161 46.8622 32.0352 31.4684 45.8167 36.1499 31.2768
threshold=1.2157111763954165 0.92475160956382763 -0.0014732877607457338 -0.029534909874200817 0.021639359183609489 0.69149112701416027 0.45000000298023229 -0.010860193055123089 0.9528561830520631 1.0942281484603884 1.0403203368186953 0.72665852308273327 -0.11591945588588713 0.029906131327152256 1.3874205946922304 0.01686045061796904 0.98693588376045238 0.50485429167747509 0.0059227584861218938 1.1014712452888491 -0.4849912673234939 0.0021421700948849325 0.52090564370155346 0.97336161136627208 -0.0071807033382356158 0.6118324100971223 0.81320852041244518 0.79590147733688366 0.017025897279381755 -0.0016558382194489238
decision_type=10 8 8 10 10 8 2 10 8 10 10 10 10 10 8 10 10 10 10 10 10 10 10 10 10 8 10 10 10 10
left_child=1 11 12 4 18 6 7 -5 -8 10 -7 -1 16 29 15 -15 17 -3 19 -4 -20 -11 -16 24 26 -6 -2 -28 -29 -14
right_child=23 2 3 5 25 9 8 -9 -10 21 -12 -13 13 14 22 -17 -18 -19 20 -21 -22 -23 -24 -25 -26 -27 27 28 -30 -31
leaf_value=-0.018511893171872663 0.00032627639761361946 0.0019284717330873685 0.0033329667045856595 -0.017120427633259751 0.00098326499339755017 0.0001901637718144358 0.011072750874285275 -0.0043562946038437364 -0.0044883111483221385 -0.001156803833245832 -0.0078313431214582074 -0.001784161666791161 -0.00085057237667420025 -0.0018472128452207955 0.017940439833712296 0.0021422234905339836 0.00063010129852120525 0.019240187828036329 -0.0028359341165361302 -0.00226284414338879 0.013990387676073931 0.0055869028994882299 0.0025898461266265745 -0.0098398672144817696 0.00013474458791375905 0.019112804953769689 0.0028841072058770297 0 0.014242569311751706 0.00054082160186425009
leaf_weight=315 603 502 6010 525 159 158597 524 1892 436 984 914 596 25025 48631 180 3706 1635 363 205 2451 566 3069 833 134 1475 406 903 179 1117 34573
leaf_count=315 603 502 6010 525 159 158597 524 1892 436 984 914 596 25025 48631 180 3706 1635 363 205 2451 566 3069 833 134 1475 406 903 179 1117 34573
internal_value=-3.76708e-06 -6.72724e-05 -4.04446e-05 0.000313123 0.00312566 0.000145916 -0.00411627 -0.00736966 0.00375195 0.000236241 0.000141344 -0.00816383 -0.000584275 -0.000688545 -0.00140884 -0.00155828 0.00397558 0.009803 0.00235264 0.00167507 0.00917861 0.00387835 0.00590245 0.00412951 0.00468075 0.0147317 0.0069496 0.00861131 0.0122693 -3.84774e-05
internal_weight=297508 293097 292186 176738 9797 166941 3377 2417 960 163564 159511 911 115448 112948 53350 52337 2500 865 9232 8461 771 4053 1013 4411 4277 565 2802 2199 1296 59598
internal_count=297508 293097 292186 176738 9797 166941 3377 2417 960 163564 159511 911 115448 112948 53350 52337 2500 865 9232 8461 771 4053 1013 4411 4277 565 2802 2199 1296 59598
is_linear=0
shrinkage=0.03


Tree=16
num_leaves=31
num_cat=0
split_feature=32 86 138 57 26 25 22 46 68 1 17 11 43 51 1 77 54 115 120 143 18 160 36 24 137 9 18 54 50 80
split_gain=80.0716 83.7644 70.7306 68.012 64.0625 93.4366 85.3593 68.9414 83.0102 84.2911 81.8421 55.2748 54.6756 72.5003 52.6109 52.175 68.2849 46.1617 45.9533 41.1415 40.9894 51.471 37.6577 32.2439 34.5168 30.1729 44.3753 29.7396 29.4001 30.9209
threshold=-0.0048612528480589381 -0.58333334326744068 0.79143074154853832 0.80647325515747081 0.10153014212846757 0.047958310693502433 0.7910059690475465 1.0740185976028445 0.85344818234443676 0.059044299647212035 1.0028120875358584 0.99536705017089855 1.0102041363716128 0.67947936058044445 0.070175420492887511 0.091666668653488173 0.96959471702575695 0.75910401344299328 0.73840367794036876 0.042462907731533057 0.95002853870391857 0.42217761278152471 0.89294594526290905 0.025729758664965633 0.91716831922531139 0.97940269112586986 0.98480066657066356 0.96959471702575695 0.69031959772109996 0.17500000447034839
decision_type=8 2 10 8 10 10 8 10 10 10 10 10 10 10 10 2 8 10 10 10 10 10 10 10 10 10 10 10 10 2
left_child=1 2 14 20 6 -6 12 15 9 -9 -10 19 -5 -14 18 16 -8 -17 -1 -7 21 -2 -21 -4 27 -3 -27 -25 29 -22
right_child=3 25 23 4 5 11 7 8 10 -11 -12 -13 13 -15 -16 17 -18 -19 -20 22 28 -23 -24 24 -26 26 -28 -29 -30 -31
leaf_value=0.0017638018807889832 -0.021487514638732517 0.0056699928319745799 0.0019326482331521058 0 0.014451886251239424 0.014750645245041917 -0.0088262004300024306 -0.00058267100333099823 -0.0071373748224370917 0.0047871916171954732 -0.0010731416350139831 0.0084755334439867609 -0.022782809467596431 -0.0040858446042752747 0.013514860671375773 0.00071757472896502464 -0.0004606419234196234 -0.0017364270293879814 -0.010056729931452804 -0.0022043591485995094 -0.0028550143438710101 -0.0028828243393977373 0.012063303612301061 0 0 -0.0089307813311867209 0.00015478851846281727 0.013581961834637127 -0.0069091942996030373 0.01661772921387835
leaf_weight=1333 290 712 567 495 595 133 884 100539 3396 2672 5211 807 336 522 250 121379 39668 7231 354 2549 102 325 154 123 277 525 3814 1550 301 118
leaf_count=1333 290 712 567 495 595 133 884 100539 3396 2672 5211 807 336 522 250 121379 39668 7231 354 2549 102 325 154 123 277 525 3814 1550 301 118
internal_value=-2.20817e-05 0.00268283 0.00567218 -0.000112667 -8.2308e-05 0.00356741 -0.000138404 -0.000100852 -0.000679559 -0.000439846 -0.00351164 0.00163858 -0.00760333 -0.0121016 0.00116209 0.000279942 -0.000654659 0.00057702 -0.000629639 -0.000247596 -0.0073777 -0.0125287 -0.00119867 0.00898823 0.010847 0 -0.000911635 0.0124603 -0.000504467 0.0068539
internal_weight=297212 9505 4454 287707 286571 4238 282333 280980 111818 103211 8607 3643 1353 858 1937 169162 40552 128610 1687 2836 1136 615 2703 2517 1950 5051 4339 1673 521 220
internal_count=297212 9505 4454 287707 286571 4238 282333 280980 111818 103211 8607 3643 1353 858 1937 169162 40552 128610 1687 2836 1136 615 2703 2517 1950 5051 4339 1673 521 220
is_linear=0
shrinkage=0.03


Tree=17
num_leaves=31
num_cat=0
split_feature=16 23 29 40 3 24 23 42 5 1 78 101 94 3 122 51 36 97 27 39 10 81 10 120 16 72 11 114 161 33
split_gain=67.8048 60.2813 64.5451 76.9946 67.4075 62.8122 64.6167 60.7108 61.8611 59.525 72.4908 58.4809 56.3698 55.1521 54.6788 50.6688 50.0338 48.6233 47.4129 66.5104 50.7442 73.6106 47.1121 46.0588 40.7444 44.4137 38.3362 37.9938 37.7009 46.0489
threshold=1.2157111763954165 0.081776939332485213 -0.0012784901191480456 -0.030142763629555699 0.017191983759403232 0.034448850899934776 0.032076252624392516 -0.093140352517366395 0.0099010234698653238 0.017334227450191978 0.5000000149011613 0.40370370447635656 0.2396473437547684 0.010752731002867224 0.38482949137687689 0.89802205562591564 0.36728946864604956 0.1566891819238663 0.13864047825336459 -0.0049785836599767199 1.0603495836257937 0.21666666865348819 1.0205888748168948 0.63803681731224071 0.95725587010383617 0.66666671633720409 0.97989958524703991 0.26542624831199652 0.63985687494277965 0.56458929181098949
decision_type=10 10 8 8 10 10 10 10 10 10 10 2 8 10 10 10 10 10 10 10 10 2 10 10 8 10 10 10 10 10
left_child=1 2 7 4 5 15 -7 8 13 24 22 -12 16 14 -1 -4 -3 -10 20 -20 23 -22 -11 -5 25 -9 -6 -15 -2 -30
right_child=28 12 3 18 26 6 -8 9 17 10 11 -13 -14 27 -16 -17 -18 -19 19 -21 21 -23 -24 -25 -26 -27 -28 -29 29 -31
leaf_value=0.01369767942317437 0.00024343480065374846 -0.0073932629508227567 0.0059040056260328292 8.9180125912962955e-05 -0.0015816835482769151 -0.0070958888625971758 0.0038332271674952263 -0.0059692231349269768 0.0016379042739551972 -0.0024425644191758134 -0.0019351380482265413 5.6578791345687302e-05 -0.012395908086856049 0 0.0010038495285722715 -0.00014767765510155403 0.016358491599162334 0.012372275050045522 -0.01222364611894541 7.6386507733519179e-06 -0.0037270285110889362 0.016773162243189289 -0.0073233458679882084 0.0020986096165007246 0.00035199557291683156 0 0.013055181513440466 -0.01063691689737729 0.00082992197535681892 0.0093600411924086458
leaf_weight=333 1840 144 3513 150307 150 1123 794 1982 832 9442 23672 29514 650 596 2918 1775 124 831 640 894 218 376 2320 11038 44884 2551 837 551 1041 1522
leaf_count=333 1840 144 3513 150307 150 1123 794 1982 832 9442 23672 29514 650 596 2918 1775 124 831 640 894 218 376 2320 11038 44884 2551 837 551 1041 1522
internal_value=1.28362e-05 -4.18e-05 -1.63858e-05 0.000356059 0.00319323 0.00211812 -0.00242145 -0.00054976 0.00236007 -0.000706981 -0.0013041 -0.000824649 -0.00763553 0.000413601 0.0024716 0.00382324 0.00292753 0.0072634 0.000211673 -0.00499397 0.000263448 0.00888459 -0.00344154 0.000228752 7.19391e-05 -0.00262455 0.0105456 -0.0051048 0.00370032 0.0060448
internal_weight=297412 293009 292091 171665 8192 7205 1917 120426 6061 114365 64948 53186 918 4398 3251 5288 268 1663 163473 1534 161939 594 11762 161345 49417 4533 987 1147 4403 2563
internal_count=297412 293009 292091 171665 8192 7205 1917 120426 6061 114365 64948 53186 918 4398 3251 5288 268 1663 163473 1534 161939 594 11762 161345 49417 4533 987 1147 4403 2563
is_linear=0
shrinkage=0.03


Tree=18
num_leaves=31
num_cat=0
split_feature=32 25 57 31 37 24 86 33 78 53 33 10 16 41 16 49 36 9 49 18 45 27 86 10 52 1 88 34 37 15
split_gain=76.3176 66.3532 58.7204 70.7158 67.5398 91.9382 56.7089 81.5562 55.7372 50.4833 48.8348 56.491 77.5315 55.9765 51.5783 52.7925 45.111 41.8653 41.6484 40.2439 40.2749 38.83 37.0522 32.3238 37.0974 31.4281 25.749 22.8062 19.8077 30.5479
threshold=-0.0050807653460651627 0.012346642557531597 0.80647325515747081 0.0095289275050163286 0.14462764561176303 0.033984143286943443 -0.58333334326744068 0.92942845821380626 0.30000000447034841 0.97775447368621837 0.37278090417385107 1.0171491503715517 0.70005577802658092 0.049247061833739288 0.74123394489288341 0.87654918432235729 0.76947852969169628 1.0006932616233828 0.91528168320655834 1.0380515456199648 1.1465169191360476 0.13864047825336459 0.68333333730697643 1.0181043744087221 0.90328228473663341 0.053075965493917472 0.87134554982185375 0.46989464759826666 0.67496934533119213 0.97001761198043834
decision_type=10 10 10 10 10 10 2 10 10 10 8 10 8 10 8 10 10 10 10 10 10 10 2 10 10 10 10 10 10 10
left_child=6 23 17 10 -5 8 7 9 -6 27 14 13 -13 -12 -4 -16 -7 22 21 20 -20 -11 -3 28 -25 -9 -19 -1 -2 -30
right_child=1 2 3 4 5 16 -8 25 -10 18 11 12 -14 -15 15 -17 -18 26 19 -21 -22 -23 -24 24 -26 -27 -28 -29 29 -31
leaf_value=-0.01309301108728457 0.00092638266999816774 -0.019668211301895805 -0.012489221269082602 0.019056463619682846 0.00045876674811688468 -0.0059546442432958551 0.00063262653714737298 -0.01112983875883449 0.011309562543287133 0.016220491609810293 -0.00010209330620504935 -0.013926212594079055 0.0012468637409843641 -0.0026693057493234308 0.0045150736272503034 -0.00090297562906935019 0.0030612946143089574 0.0056589588927189738 0.007765397248945892 0.013980061502367275 -0.001121897041661583 0.00075854993350803852 -0.0041258533143231435 0.0073852482303307255 -0.0051970831684706557 0.0052877968946081957 -0.0078806429460230639 0.0026758221792478631 -0.0010750512005492615 0.0036372527406230881
leaf_weight=132 24568 293 325 228 761 1097 5470 322 1166 819 116383 283 33808 8190 1612 88859 840 277 831 395 881 230 385 217 1268 109 200 117 1423 6192
leaf_count=132 24568 293 325 228 761 1097 5470 322 1166 819 116383 283 33808 8190 1612 88859 840 277 831 395 881 230 385 217 1268 109 200 117 1423 6192
internal_value=-8.18253e-06 -9.55603e-05 -0.000261993 -0.000229744 0.00366703 0.00258826 0.00266172 0.00545904 0.00722724 0.0070582 -0.000295156 2.05458e-05 0.00110402 -0.000273683 -0.000850024 -0.000802146 -0.00190017 -0.00696183 0.00812276 0.00535931 0.00305862 0.0131886 -0.0116434 0.00115405 -0.00308541 -0.00626226 0 -0.00492026 0.00136078 0.00271687
internal_weight=297681 288375 254707 253552 4092 3864 9306 3836 1927 3405 249460 158664 34091 124573 90796 90471 1937 1155 3156 2107 1712 1049 678 33668 1485 431 477 249 32183 7615
internal_count=297681 288375 254707 253552 4092 3864 9306 3836 1927 3405 249460 158664 34091 124573 90796 90471 1937 1155 3156 2107 1712 1049 678 33668 1485 431 477 249 32183 7615
is_linear=0
shrinkage=0.03


Tree=19
num_leaves=31
num_cat=0
split_feature=16 11 38 11 46 118 111 42 3 16 61 26 38 30 37 120 51 159 134 89 36 140 35 46 26 86 35 27 20 23
split_gain=66.601 73.3562 53.5867 79.433 69.4866 104.523 74.2744 70.4764 92.3556 54.6145 121.616 51.5115 56.8305 51.0262 50.2647 49.0865 65.0104 72.5969 48.2014 46.8894 40.3645 47.3682 39.841 39.6083 39.2516 37.8227 33.7768 43.1167 31.9073 31.1357
threshold=1.2346542477607729 0.92475160956382763 -0.00082824029959738244 0.96973443031311046 1.0733821988105776 0.39204545319080358 -0.18898809701204297 0.042433278635144241 0.01896335277706385 0.66539305448532116 0.73611807823181163 0.075619116425514235 -0.015619924291968344 0.0067703754175454387 0.91939744353294384 0.24528294056653979 0.80180472135543834 0.0099422805942595022 0.32563108205795294 0.50778752565383922 0.80595400929451 0.72682881355285656 0.10127565264701845 1.0057575702667239 0.027349817566573623 -0.55000001192092884 0.80735218524932872 0.058282375335693366 0.92432582378387462 0.017149657942354683
decision_type=10 8 10 8 10 8 2 10 10 8 10 10 8 10 10 10 10 10 10 10 10 10 10 10 10 2 8 10 10 10
left_child=1 13 3 18 15 6 -6 14 -9 10 -5 12 -11 -1 -7 24 17 -17 26 -15 -2 -22 -8 -18 -4 -13 27 -3 -12 -23
right_child=20 2 4 9 5 7 22 8 -10 11 28 25 -14 19 -16 16 23 -19 -20 -21 21 29 -24 -25 -26 -27 -28 -29 -30 -31
leaf_value=-0.0020894074754112843 0.00089235994688707776 0.0021025841192541909 0.0012563737951768314 0.014147496141404621 0.00042116446500074372 -0.0009187830811520554 -0.00040935886599951458 0.0014147459021350878 0.016567707134303666 -0.0024249213025900776 -0.026425575551853011 0.009312511008833518 0.00043157049542045687 0 0.00706277426765813 0.0028379749217300361 0.0020423878958580541 0.018611316115003884 0.00035060589997644247 -0.0235049015439938 -0.0040343011228593881 -0.00045895833501662981 -0.0060775001284865309 -5.773384430821614e-05 -0.0039640320752871499 0.0021139251832144883 0 0.01853613567057957 -0.002031375047308011 0.011618463466510791
leaf_weight=587 1737 260 1722 106 2768 48966 1467 1988 441 6570 206 787 120323 100 693 3624 8997 276 724 254 217 171 7025 75948 4363 5087 237 541 102 1181
leaf_count=587 1737 260 1722 106 2768 48966 1467 1988 441 6570 206 787 120323 100 693 3624 8997 276 724 254 217 171 7025 75948 4363 5087 237 541 102 1181
internal_value=4.1184e-05 -5.5276e-06 2.05709e-05 0.000460725 -0.000352807 -0.00112271 -0.00374561 -0.00054873 0.00440119 0.000374095 -0.0102245 0.000410938 0.00028095 -0.00828131 -0.000798562 0.000157926 0.000339625 0.00412003 0.00676265 -0.0170858 0.00426274 0.007747 -0.00513683 0.000161599 -0.00243829 0.00315762 0.0108603 0.0137485 -0.0198781 0.00988784
internal_weight=297468 294162 293221 134943 158278 63348 11260 52088 2429 133181 414 132767 126893 941 49659 94930 88845 3900 1762 354 3306 1569 8492 84945 6085 5874 1038 801 308 1352
internal_count=297468 294162 293221 134943 158278 63348 11260 52088 2429 133181 414 132767 126893 941 49659 94930 88845 3900 1762 354 3306 1569 8492 84945 6085 5874 1038 801 308 1352
is_linear=0
shrinkage=0.03


Tree=20
num_leaves=31
num_cat=0
split_feature=16 11 25 1 25 20 33 61 38 17 38 51 70 43 86 50 30 34 1 36 87 6 115 1 38 82 121 6 113 35
split_gain=66.1548 84.4962 61.2745 54.6202 53.1908 59.3947 81.8232 60.6385 47.318 109.172 56.9524 60.8835 56.076 55.0511 50.8729 46.4143 45.3915 31.4805 30.1677 48.0519 45.6314 32.8062 31.9776 27.6661 26.6588 26.4641 25.775 24.5131 22.7142 21.1425
threshold=1.2346542477607729 0.92475160956382763 0.012346642557531597 0.054819600656628616 0.028138161636888984 0.89273595809936535 0.86810991168022167 0.76175254583358776 -0.015619924291968344 0.73705121874809276 -0.0016018347814679144 0.64709019660949718 0.76470604538917553 1.0751557946205141 -0.84999999403953541 0.72665852308273327 -0.0021453053923323746 0.88041076064109813 0.054819600656628616 0.80921056866645824 -0.74166667461395253 0.074073277413845076 0.30555571615695959 0.017511555925011638 -0.0016666601877659557 0.72499999403953563 0.57539284229278576 0.17647222429513934 0.70967742800712597 0.84863564372062694
decision_type=10 8 10 10 10 10 10 10 8 8 10 8 10 10 2 10 10 10 10 10 2 10 10 10 10 2 10 10 10 10
left_child=1 15 23 8 16 6 -6 -7 9 13 14 -12 -11 -4 -10 -1 -5 18 20 21 22 -20 -2 -3 25 -22 -25 -24 -18 -19
right_child=17 2 3 4 5 7 -8 -9 10 12 11 -13 -14 -15 -16 -17 28 29 19 -21 24 -23 27 26 -26 -27 -28 -29 -30 -31
leaf_value=-0.018170148924207395 -0.010790870272021727 0.0015545595472259365 -0.01833193013459564 -0.01607992354097891 -0.0064203534044776087 0.019876717438796637 0.0060951735212153874 0.0039649172205677569 -0.0021513371719090071 -0.0027251390795190828 0.012124865268447469 -0.00063748707671385007 0.0052906669081297514 0.0013472072415205898 0.00051831214718463942 -0.0033523477046164428 -0.004657051972467947 0.0016530688593948855 0.009662215715743586 0.014607652154159476 0 -0.0041340671608600136 0.011929446818010713 0.00050053704701447728 -0.00025116646171522301 0.012090465337130971 -0.0035648612035504134 -0.0051351248544569197 0.004538719646056572 0.017522989081862554
leaf_weight=319 407 27740 538 199 1150 219 752 5154 6859 4942 315 144982 895 127 91230 616 545 177 231 418 200 364 112 5405 572 441 1840 136 389 243
leaf_count=319 407 27740 538 199 1150 219 752 5154 6859 4942 315 144982 895 127 91230 616 545 177 231 418 200 364 112 5405 572 441 1840 136 389 243
internal_value=-3.70601e-05 -8.55798e-05 -5.55364e-05 -0.000216124 0.00215499 0.00311976 -0.00130403 0.00474041 -0.000297271 -0.00282312 -0.000228335 -0.000606089 -0.00143097 -0.0142061 0.000328175 -0.00899662 -0.00372628 0.00417161 0.00286788 0.00700473 0.000415159 0.000874365 -0.00568014 0.00112096 0.00398858 0.00811892 -0.000497623 0.00176719 -0.000497797 0.0118959
internal_weight=297517 294216 293281 258296 8408 7275 1902 5373 249888 6502 243386 145297 5837 665 98089 935 1133 3301 2881 1013 1868 595 655 34985 1213 641 7245 248 934 420
internal_count=297517 294216 293281 258296 8408 7275 1902 5373 249888 6502 243386 145297 5837 665 98089 935 1133 3301 2881 1013 1868 595 655 34985 1213 641 7245 248 934 420
is_linear=0
shrinkage=0.03


Tree=21
num_leaves=31
num_cat=0
split_feature=57 26 45 18 24 16 29 7 3 74 57 35 46 57 48 57 10 101 15 73 45 41 82 0 54 125 120 24 86 45
split_gain=56.1774 82.9449 67.767 76.3868 62.1994 60.5796 137.457 78.4476 58.0168 53.1637 67.5503 49.6508 49.4555 48.3637 47.6064 77.2483 59.4773 45.5112 44.0583 39.8207 61.5716 61.2015 38.8638 38.455 36.8467 36.6732 33.5729 32.2562 33.7998 32.0815
threshold=0.80647325515747081 0.10718328878283502 1.0370736718177798 1.0289894342422488 0.022195544093847278 0.70005577802658092 0.010320457164198162 0.038835020735859878 0.0053552403114736089 0.55000001192092907 1.168602526187897 0.82404759526252758 1.0627848505973818 1.2381690740585329 0.98128899931907665 1.0647141933441164 1.0175238251686098 0.36181819438934332 0.92125985026359569 0.30000000447034841 1.1368044018745425 -0.026944039389491078 0.80833333730697643 -0.00069279238232411433 0.99217745661735546 0.32142837345600134 0.29433970153331762 0.11145476624369623 0.68333333730697643 1.0206407904624941
decision_type=8 10 10 10 10 8 10 10 10 2 10 8 8 10 10 10 10 2 10 10 10 8 2 10 10 10 10 10 2 10
left_child=23 5 -3 4 18 6 25 -8 -5 11 14 12 29 -14 16 -16 -11 -6 -4 21 -21 -13 -12 -1 -24 -2 -19 28 -25 -7
right_child=1 2 3 8 17 9 7 -9 -10 10 22 19 13 -15 15 -17 -18 26 -20 20 -22 -23 24 27 -26 -27 -28 -29 -30 -31
leaf_value=0 0.019854342647353126 0.020597975481911539 0.016689442829133067 -0.00055619381885464421 0.013381687612351723 0.0015976842008022058 -0.021181534051625844 0.0016570100763757876 0.015295988053054188 -0.00046580343376025822 0 0.006242020968189637 -0.0011640809933817376 0.0027039754591799705 0.0017783267019579419 -0.001244119953005632 0.0018517636146181734 0.0043997367602855997 0 0.00095185030897939845 -0.0049494749665548845 0.00093476028908865544 0 -0.014253695827162216 0.0090059055224222979 -0.00023026807649101285 -0.0040919562979176193 -0.02221691347581824 0 -0.00024029278292259841
leaf_weight=473 129 201 320 246 157 10547 478 150 661 69256 1158 2549 86163 2948 33832 9682 11601 485 251 5900 2137 9088 541 222 1705 119 1936 174 290 44157
leaf_count=473 129 201 320 246 157 10547 478 150 661 69256 1158 2549 86163 2948 33832 9682 11601 485 251 5900 2137 9088 541 222 1705 119 1936 174 290 44157
internal_value=-3.23953e-05 -5.38483e-06 0.00414105 0.00315483 0.000817444 -6.71119e-05 -0.00785761 -0.0153807 0.0107536 -4.21135e-05 0.000415163 -0.000401341 -0.000596039 -0.00103217 0.000298091 0.00109867 -0.000129204 -0.00108293 0.00965131 0.00100581 -0.00058844 0.00213173 0.00457827 -0.00656819 0.00686352 0.00979959 -0.0022458 -0.011003 -0.00593619 0.000109044
internal_weight=297556 296397 4257 4056 3149 292140 876 628 907 291264 127775 163489 143815 89111 124371 43514 80857 2578 571 19674 8037 11637 3404 1159 2246 248 2421 686 512 54704
internal_count=297556 296397 4257 4056 3149 292140 876 628 907 291264 127775 163489 143815 89111 124371 43514 80857 2578 571 19674 8037 11637 3404 1159 2246 248 2421 686 512 54704
is_linear=0
shrinkage=0.03


Tree=22
num_leaves=31
num_cat=0
split_feature=16 11 50 26 27 79 52 29 86 50 35 86 9 13 59 52 87 58 36 140 1 123 23 82 161 123 35 1 10 115
split_gain=61.5263 61.1046 53.4068 52.779 63.4208 57.5003 228.269 81.0884 68.9658 63.087 51.236 57.8961 49.8274 58.5405 56.347 46.9654 45.7441 45.2366 36.2823 43.4934 31.5448 27.8855 26.964 25.1601 24.8237 24.5285 21.9278 22.2006 21.3308 19.8436
threshold=1.2346542477607729 0.92475160956382763 0.72665852308273327 0.020062280818820003 0.076507307589054122 0.94999998807907116 0.65631070733070385 -0.0039962795563042155 -0.516666680574417 0.96292197704315197 0.47179159522056585 -0.88333332538604725 1.007547199726105 0.9503208100795747 0.9504506289958955 0.64494141936302196 0.4916666597127915 0.95263156294822704 0.80280810594558727 0.72682881355285656 0.017797518521547321 0.10526292771100999 0.017149657942354683 0.12500000372529033 0.84608629345893871 -0.68627473711967457 0.75413548946380626 0.014610427897423508 1.0166028141975405 0.2995735108852387
decision_type=10 8 10 10 10 2 10 8 2 10 10 2 10 8 10 10 2 8 10 10 10 8 10 2 10 10 10 10 10 10
left_child=1 2 -1 17 10 7 -7 15 -9 -8 11 20 13 -12 -14 -6 -13 -3 24 -20 -5 26 -21 -23 -2 -26 -19 -28 -25 -24
right_child=18 3 -4 4 5 6 9 8 -10 -11 12 16 14 -15 -16 -17 -18 21 19 22 -22 23 29 28 25 -27 27 -29 -30 -31
leaf_value=-0.017495418179356906 -0.00096442968942482598 0.0090603368055044171 -0.0018397090116579089 -0.00033304899002231935 -0.012293818569248586 0.025050061440046054 0.006407181839661432 0.0042015311558926084 0.00034741374242226925 -0.00028408230137594472 -0.0032598679609472827 -0.0012430083620367407 0.0055443505824077375 -0.00018064049547797707 0.00062565362270807184 -0.0018856544972404331 0.00061833335831368926 -9.0153958763366309e-05 -0.004043200761200739 -0.00032527503883972276 -0.0070078170702516799 0.00012896555859020871 0.0070581105742338283 0.0021297188983956318 0.017470065017006008 0.00078429124900534499 0.0038428674017521552 -0.0010203850860975321 -0.0027541126038487175 0.016716078767242792
leaf_weight=310 1314 562 627 1032 414 396 1840 5141 23204 3738 6094 60497 2292 64599 25896 6217 14538 38993 211 164 2207 11243 770 19561 125 275 2605 1110 770 427
leaf_count=310 1314 562 627 1032 414 396 1840 5141 23204 3738 6094 60497 2292 64599 25896 6217 14538 38993 211 164 2207 11243 770 19561 125 275 2605 1110 770 427
internal_value=2.29327e-05 -2.18325e-05 -0.00759016 1.86731e-06 -0.000232996 0.000828086 0.00354865 0.000353072 0.00105949 0.00188456 -0.000480028 -0.00105344 -2.29589e-05 -0.000451171 0.00103988 -0.0026156 -0.000878308 0.000690175 0.00409321 0.00738327 -0.00498827 0.000620389 0.00940488 0.00129704 0.000852351 0.00729649 0.000112744 0.00231178 0.00192749 0.0109679
internal_weight=297172 293886 937 292949 218105 40950 5974 34976 28345 5578 177155 78274 98881 70693 28188 6631 75035 74844 3286 1572 3239 74282 1361 31574 1714 400 42708 3715 20331 1197
internal_count=297172 293886 937 292949 218105 40950 5974 34976 28345 5578 177155 78274 98881 70693 28188 6631 75035 74844 3286 1572 3239 74282 1361 31574 1714 400 42708 3715 20331 1197
is_linear=0
shrinkage=0.03


Tree=23
num_leaves=31
num_cat=0
split_feature=16 25 40 36 18 73 62 24 7 112 29 42 10 58 13 109 113 74 16 37 78 52 77 4 50 34 24 23 36 140
split_gain=64.2687 54.6714 48.221 63.1662 58.0552 64.8436 45.1717 97.4964 148.222 73.1116 49.5206 80.2791 71.219 44.04 45.4968 42.245 44.6976 59.0903 37.499 83.2467 62.4966 67.7898 66.9882 61.8577 51.4532 35.7811 31.7254 30.9727 35.3548 53.9229
threshold=1.2157111763954165 0.01260923780500889 -0.030740197747945782 0.82249087095260631 1.0247355103492739 0.5000000149011613 0.68567064404487621 0.03719716705381871 0.035196062177419669 0.21595124900341037 -0.00029575289227068419 -0.093140352517366395 1.0175238251686098 1.0198380351066592 1.0653867721557619 0.18333333730697635 0.23636383563280108 0.35000000894069677 0.82574549317359935 0.29756017029285436 0.70000001788139354 0.67603021860122692 0.85833334922790538 0.18182206898927691 0.87607243657112133 0.65308234095573436 0.018300982192158703 0.017282063141465191 0.80595400929451 0.82329294085502636
decision_type=10 10 10 10 10 10 10 10 10 2 10 10 10 10 8 2 10 2 8 10 10 10 2 10 10 10 10 10 10 10
left_child=1 -1 3 18 6 13 7 8 -4 -9 11 -8 -12 14 -6 16 -5 -18 19 23 22 -22 -20 -3 -21 -7 -15 -2 -29 -30
right_child=27 2 4 15 5 25 10 9 -10 -11 12 -13 -14 26 -16 -17 17 -19 20 24 21 -23 -24 -25 -26 -27 -28 28 29 -31
leaf_value=0.001027308612424281 -0.0015947151599451899 -0.002765503919286893 -0.0040368103307919234 0.0024118490017281144 -0.0046743534139862446 -0.010652716165896869 0.0047215251085396415 -0.014086045689902571 0.019287991183370701 0.00056616048032534592 -0.00010767585900805641 -0.00083058788128320096 0.0019194950928877901 -0.0031652464969021436 0.0023003228181867246 0.00013182127726915892 -0.0018556619212394215 0.017987994359121032 -0.0005546251385674469 -0.00218587401324915 0.011211126335559053 0.00043982620932502702 -0.010484585921047621 0.015271567141431401 0.012682687788740826 0 0.0061507481853594658 0.0015838736909771873 0 0.011234443317157243
leaf_weight=37208 755 182 940 620 3305 1251 2367 966 306 387 99178 98569 18445 429 1049 829 134 608 1898 1424 525 19007 937 708 225 364 975 1816 566 1239
leaf_count=37208 755 182 940 620 3305 1251 2367 966 306 387 99178 98569 18445 429 1049 829 134 608 1898 1424 525 19007 937 708 225 364 975 1816 566 1239
internal_value=7.56279e-06 -4.54718e-05 -0.000202862 0.00099042 -0.000345737 -0.00296475 -0.000256807 -0.00417941 0.00166868 -0.00972936 -0.000208411 -0.000696507 0.000207936 -0.00139917 -0.00292254 0.0058644 0.00908413 0.014056 0.000545256 0.00398981 0.00013763 0.000755863 -0.00399213 0.0112737 0 -0.00827769 0.00308904 0.00360887 0.00477905 0.00777672
internal_weight=297212 292836 255628 27097 228531 7373 221158 2599 1246 1353 218559 100936 117623 5758 4354 2191 1362 742 24906 2539 22367 19532 2835 890 1649 1615 1404 4376 3621 1805
internal_count=297212 292836 255628 27097 228531 7373 221158 2599 1246 1353 218559 100936 117623 5758 4354 2191 1362 742 24906 2539 22367 19532 2835 890 1649 1615 1404 4376 3621 1805
is_linear=0
shrinkage=0.03


Tree=24
num_leaves=31
num_cat=0
split_feature=22 49 16 29 3 22 31 17 13 45 42 162 5 13 71 42 26 9 141 162 48 114 16 12 30 33 49 72 101 11
split_gain=60.0753 158.011 58.4248 53.3742 69.521 84.5733 79.1526 93.9383 50.8477 84.7894 56.368 75.1456 68.0709 57.702 55.1922 51.9341 45.7735 66.0386 42.9105 41.6037 40.1546 50.7366 38.5108 38.061 35.1461 35.2463 31.1301 30.614 39.8057 31.3664
threshold=0.74945753812789928 0.87189301848411571 1.2346542477607729 -0.00019778237765422088 0.01896335277706385 1.0942281484603884 0.008140856400132181 0.7205362617969514 0.98372596502304088 1.0687626600265505 -0.081257428973913179 -8.3878140449523908 0.014520842581987383 1.1168913841247561 0.060569018125534065 0.067252509295940413 0.021808819845318798 1.0080095529556277 0.91231122612953197 -2.7660155296325679 0.99683094024658214 0.55652177333831798 1.118340849876404 1.0173333883285525 -0.0060110881458967915 0.96925899386405956 0.96750524640083324 0.86538445949554454 0.69397994875907909 0.97930213809013378
decision_type=8 10 10 8 10 10 10 10 8 10 10 10 10 10 10 10 10 10 8 10 10 10 8 10 10 10 10 10 2 10
left_child=1 27 3 8 5 16 18 -8 9 -2 11 -10 -13 15 -15 -12 23 -18 19 -6 21 -7 26 -5 25 -4 -11 29 -29 -1
right_child=2 -3 24 4 6 20 7 -9 10 22 13 12 -14 14 -16 -17 17 -19 -20 -21 -22 -23 -24 -25 -26 -27 -28 28 -30 -31
leaf_value=-0.011025689202131794 -8.6782159253514005e-05 0.016626184631031059 0.0066243667967939472 0.00096534580928492341 0.023894748654759799 0.0087217382548103756 0 0.020301746587420618 -0.0061609933928347413 -0.0076180440211699096 -0.0004444910166307695 0.0016124065292378756 0.0090147688903367239 0.0034281090958975255 -0.020087583305065108 0.0079593589967438538 -0.00072303128039855015 0.0011160039233346227 0.00059458354865097555 0.0042553123854529506 -0.0050725061494760722 0 -0.00051973381437845137 -0.014415063698990985 -0.0011372911043870829 -0.0086898112280043554 0 -0.019095376240737743 0 0.0071779692987429689
leaf_weight=163 7260 187 2370 45982 124 2041 321 496 905 3475 123709 7801 1329 100 238 642 68020 23594 3413 536 270 813 1385 123 806 110 553 531 145 125
leaf_count=163 7260 187 2370 45982 124 2041 321 496 905 3475 123709 7801 1329 100 238 642 68020 23594 3413 536 270 813 1385 123 806 110 553 531 145 125
internal_value=-1.06625e-05 -0.00679289 1.51178e-05 -2.85918e-05 0.000377405 0.000252756 0.00389082 0.0123727 -0.000432037 -0.00225034 -0.00025846 0.00189683 0.00274006 -0.0004346 -0.0124895 -0.000397418 0.000139429 -0.000245997 0.00206401 0.00898058 0.0051206 0.00621788 -0.00508593 0.000911577 0.0039816 0.00576102 -0.00657155 -0.0118863 -0.0154011 -0.00219771
internal_weight=297567 1151 296416 293130 145733 140843 4890 817 147397 12673 134724 10035 9130 124689 338 124351 137719 91614 4073 660 3124 2854 5413 46105 3286 2480 4028 964 676 288
internal_count=297567 1151 296416 293130 145733 140843 4890 817 147397 12673 134724 10035 9130 124689 338 124351 137719 91614 4073 660 3124 2854 5413 46105 3286 2480 4028 964 676 288
is_linear=0
shrinkage=0.03


Tree=25
num_leaves=31
num_cat=0
split_feature=28 27 1 16 32 79 36 7 37 158 86 40 38 36 109 55 8 34 15 74 124 5 40 55 52 69 53 39 36 114
split_gain=65.432 63.3954 58.7318 52.5674 49.6821 123.301 82.393 71.414 48.2785 57.5291 60.8386 55.4288 46.5634 60.5587 57.1188 61.7535 46.4587 63.1413 44.8011 43.9817 41.8767 40.1014 39.6784 38.4743 38.2965 36.3624 34.5688 67.4335 49.3934 33.0474
threshold=-0.011131388600915669 0.061821404844522483 0.012658218387514355 1.0378462672233584 0.0067304496187716731 0.94999998807907116 0.76947852969169628 0.030332152731716636 0.7371291220188142 -0.048130609095096581 -0.81666666269302357 0.034697720780968673 -0.0025408311048522587 0.4815796166658402 -0.21111111342906949 1.2293111085891726 0.89999297261238109 0.2285835072398186 1.0804256796836855 0.65000000596046459 -0.37681126594543451 0.013592263218015434 -0.04213376343250274 0.97035637497901928 0.704116851091385 0.58823588490486156 1.0807352662086489 -0.0039151641540229312 0.30113191902637487 0.26213611662387853
decision_type=10 10 10 10 10 2 10 10 10 8 2 10 10 10 2 10 10 10 10 2 10 10 10 10 10 10 10 10 10 10
left_child=1 3 23 -1 8 6 7 20 9 29 25 -12 13 24 15 -15 17 22 -19 -5 -6 -16 -10 -2 -3 -11 -14 28 -28 -4
right_child=2 12 4 19 5 -7 -8 -9 16 10 11 -13 26 14 21 -17 -18 18 -20 -21 -22 -23 -24 -25 -26 -27 27 -29 -30 -31
leaf_value=0.0019667081627016366 -0.0066633176364642695 0.011591909050380596 0.00037322168612543568 -0.00093466719193437868 0.0041596969577542449 0.018728787167905714 0.0011556582703638701 0.0055133910444740836 0.012354983825784141 -0.003423001499910718 -0.00032854663154164394 -0.0025113324799990342 0.0022603391616305645 -0.00041042964666510864 0.013841800675584421 0.016247212809918934 0.0032379929849765811 -0.00013673560334572638 -0.0036052133334127947 -0.0094253871501172731 -0.01173345584772459 0 0.0015582075282218055 0.00071155263137639296 -0.00049169968828942508 0.001554228896237544 0.0056279646552703727 0.013592454252800175 -0.011517382863892848 0.0059152841868486631
leaf_weight=6795 616 249 2333 6956 123 179 1092 245 304 10091 130373 11441 6646 944 1369 224 5043 22393 3968 593 1868 230 13320 64325 1648 1419 159 137 614 1809
leaf_count=6795 616 249 2333 6956 123 179 1092 245 304 10091 130373 11441 6646 944 1369 224 5043 22393 3968 593 1868 230 13320 64325 1648 1419 159 137 614 1809
internal_value=-9.47241e-06 0.00140976 -0.000149819 3.51654e-05 -0.000398708 -0.00393671 -0.00535 -0.00864223 -0.00033557 -0.000584171 -0.000680144 -0.00050709 0.00299607 0.00537256 0.00820489 0.0027514 0.00052702 0.000176159 -0.000672539 -0.00166442 -0.0105708 0.0119199 0.00183887 0.00063495 0.00104229 -0.00278174 0.00147925 -0.0038286 -0.00755941 0.00288257
internal_weight=297506 26564 270942 14344 206001 3507 3328 2236 202494 157466 153324 141814 12220 4664 2767 1168 45028 39985 26361 7549 1991 1599 13624 64941 1897 11510 7556 910 773 4142
internal_count=297506 26564 270942 14344 206001 3507 3328 2236 202494 157466 153324 141814 12220 4664 2767 1168 45028 39985 26361 7549 1991 1599 13624 64941 1897 11510 7556 910 773 4142
is_linear=0
shrinkage=0.03


Tree=26
num_leaves=31
num_cat=0
split_feature=120 46 38 13 45 26 39 26 16 62 16 114 1 42 11 82 55 139 44 16 68 65 23 16 41 46 114 16 61 90
split_gain=57.3264 76.74 59.9452 82.3416 78.703 74.4052 66.0827 65.45 63.0456 59.3548 58.9825 91.7039 54.8601 64.2841 70.3167 53.4139 50.8658 48.2262 47.8088 46.3602 77.0409 45.7837 44.9342 64.5399 61.4683 43.8105 40.8594 35.525 33.9624 33.2418
threshold=0.25773195922374731 1.0094550251960757 -0.0010238760733045635 0.98214536905288707 1.0693732500076296 0.069804321974515929 0.036625599488615997 0.063211325556039824 0.82574549317359935 0.9711691439151765 0.70005577802658092 0.61224475502967846 0.013683005236089231 -0.076648574322462068 0.9873284399509431 0.92500001192092907 0.97787001729011547 0.83484378457069408 1.0547494888305666 0.72276085615158092 0.67741975188255321 0.89736840128898632 0.022158820182085041 0.75707551836967479 0.030460890382528309 1.0740185976028445 0.81042152643203746 1.0904807448387148 0.7016996741294862 0.47707752883434301
decision_type=8 8 10 8 10 10 10 10 8 10 8 10 8 8 10 2 10 8 10 8 10 10 10 10 10 10 10 10 10 10
left_child=19 15 5 4 7 12 16 8 -4 21 11 -7 27 14 -14 -2 -5 -15 -8 20 28 -6 24 -24 -12 -18 -21 -3 -1 -9
right_child=1 2 3 6 9 10 18 29 -10 -11 22 -13 13 17 -16 -17 25 -19 -20 26 -22 -23 23 -25 -26 -27 -28 -29 -30 -31
leaf_value=0.014311888320879502 0.0016910424440366629 0.0010315472302666361 -0.012521568568304497 0.016457342509203023 -0.01101205282145548 0.0099696876005710734 -0.005811392791693409 0.0073204279434629822 -0.0013075335708847219 -0.0023290063416828164 -0.00026166037408114734 -0.012705081609482343 0.011129834292256377 -0.0013795412706121685 0.0014569021267184182 0.016049238231695982 0.00033726459938528521 0.00015596539969694887 0.0087136717642204899 -0.0031733507917048416 -0.012956868809009519 -0.00071604527973323029 0.014488522091337726 0.0041488224396432904 0.0089079231075797002 -0.0008440569832833337 0.00022525368785008924 0.0052897384729082607 -0.0050231871948693023 -0.0024396298653738698
leaf_weight=145 19206 27508 450 144 1841 208 205 1157 19806 3273 3394 468 781 29211 5271 222 57418 48947 1188 6003 758 576 675 3586 780 55193 6428 1916 117 362
leaf_count=145 19206 27508 450 144 1841 208 205 1157 19806 3273 3394 468 781 29211 5271 222 57418 48947 1188 6003 758 576 675 3586 780 55193 6428 1916 117 362
internal_value=-2.21705e-05 6.75725e-05 -6.51281e-05 -0.000486661 -0.00196157 0.000418758 -0.000128876 -0.00112063 -0.00158356 -0.00511202 0.00302664 -0.00521119 0.000206527 -0.00018004 0.00278713 0.00188687 -0.000212211 -0.000414288 0.00631178 -0.00193511 -0.00808381 -0.00870751 0.00373308 0.00591688 0.00141465 -0.000239109 -0.00139432 0.00132242 0.0048698 0.00479805
internal_weight=297237 283786 264358 141613 27465 122745 114148 21775 20256 5690 9111 676 113634 84210 6052 19428 112755 78158 1393 13451 1020 2417 8435 4261 4174 112611 12431 29424 262 1519
internal_count=297237 283786 264358 141613 27465 122745 114148 21775 20256 5690 9111 676 113634 84210 6052 19428 112755 78158 1393 13451 1020 2417 8435 4261 4174 112611 12431 29424 262 1519
is_linear=0
shrinkage=0.03


Tree=27
num_leaves=31
num_cat=0
split_feature=26 101 25 138 18 51 24 158 74 95 161 1 25 84 43 15 41 110 33 53 1 86 56 53 33 12 34 3 68 62
split_gain=50.519 93.5466 78.5437 81.8653 79.8647 65.1791 107.051 55.205 50.0907 48.0861 49.592 43.0179 60.9133 53.092 50.139 49.2281 47.3186 44.7466 44.7421 73.5109 57.9789 50.5224 76.6872 63.5825 41.7959 38.1334 38.6573 37.4782 37.4649 35.1758
threshold=0.10718328878283502 0.36515152454376226 0.067826356738805785 0.87531223893165599 0.95002853870391857 0.67947936058044445 0.03719716705381871 2.6999075998901393e-05 0.35000000894069677 0.053976938128471381 0.093325152993202223 0.054819600656628616 0.044578697532415397 0.65000000596046459 1.1186230182647707 0.80657869577407848 -0.10886703059077261 0.39444445073604589 0.37278090417385107 1.0352428555488589 0.014285661745816471 0.68333333730697643 0.97087404131889354 1.0398417115211489 0.86523041129112255 0.97914326190948497 0.89117348194122326 0.017191983759403232 0.94736865162849437 1.0937120914459231
decision_type=10 2 10 10 10 8 10 8 2 10 10 10 8 2 10 10 10 2 8 10 10 2 8 10 10 10 10 10 10 10
left_child=5 -2 7 8 -5 6 -1 -3 29 -10 -11 14 13 -13 18 -14 -17 -18 19 20 -7 22 -20 -23 -16 -8 -27 -6 -15 -4
right_child=1 2 3 4 27 11 25 -9 9 10 -12 12 15 28 24 16 17 -19 21 -21 -22 23 -24 -25 -26 26 -28 -29 -30 -31
leaf_value=0.011225608378382665 0.019106940988415075 0 -0.0069162940603695131 -0.022191038282010061 -0.0051060014274207132 0.00059305007328203975 -0.00044712887119912486 0.014549650510260562 -0.0032264446520775154 -0.0017535813960150397 0.016818683099406158 0.0010060320364694494 -0.0011462055361773069 -0.011790254516080231 -0.00070275370347251003 -0.003480247297594624 0.0081034364932295027 -0.0033228597750600713 -0.0030559432299141504 -0.0059007834310522683 -0.00093879878801581712 0.0010394165060603278 0.00015082471618679331 0.0072708748132262312 -0.0093223033174094291 -0.019490239814410865 0 0.0036769066634514953 0.0016150721967739018 0.0076710618400047765
leaf_weight=190 289 370 381 183 1229 32409 234 620 165 125 574 2747 1086 561 1245 383 3106 292 7020 2268 69600 24294 143879 1575 948 503 111 618 217 207
leaf_count=190 289 370 381 183 1229 32409 234 620 165 125 574 2747 1086 561 1245 383 3106 292 7020 2268 69600 24294 143879 1575 948 503 111 618 217 207
internal_value=-2.79272e-05 0.00302943 0.0018432 -0.000208246 -0.00416405 -7.88917e-05 -0.00751354 0.00921679 0.00509989 0.00965966 0.0131238 -5.08874e-05 0.00206142 -0.000869866 -0.000114673 0.00424071 0.00586479 0.00702007 -7.81636e-05 -0.000571715 -0.000449158 0.000211321 0 0.00143572 -0.00461499 -0.0122197 -0.0160775 -0.00199868 -0.00772853 -0.00120412
internal_weight=297429 4761 4472 3482 2030 292668 1038 990 1452 864 699 291630 8392 3525 283238 4867 3781 3398 281045 104277 102009 176768 150899 25869 2193 848 614 1847 778 588
internal_count=297429 4761 4472 3482 2030 292668 1038 990 1452 864 699 291630 8392 3525 283238 4867 3781 3398 281045 104277 102009 176768 150899 25869 2193 848 614 1847 778 588
is_linear=0
shrinkage=0.03


Tree=28
num_leaves=31
num_cat=0
split_feature=38 50 83 51 1 38 17 46 13 39 102 9 43 51 138 10 25 57 59 32 31 58 44 41 35 42 15 159 57 34
split_gain=46.2549 79.0299 84.2794 81.5301 69.5125 58.3941 107.436 55.9843 96.9268 84.0702 63.6198 57.2647 48.5917 48.5232 55.9168 60.337 47.7152 46.4103 52.4767 45.8562 57.8557 52.1591 43.8606 43.139 48.6004 44.383 40.8057 40.7669 45.2832 60.0631
threshold=-0.0011560437851585446 0.69031959772109996 -1.0000000180025095e-35 0.64709019660949718 0.054819600656628616 -0.015619924291968344 0.73705121874809276 1.0733821988105776 0.98663148283958446 0.032399853691458709 0.40175439417362219 1.0089960098266604 1.0714285969734194 0.91879779100418102 0.89711615443229686 1.0169506669044497 0.038503816351294524 0.8920835852622987 0.93868497014045726 0.0028262943960726265 0.0095289275050163286 1.016369163990021 1.08732545375824 -0.0017223632894456384 0.80074253678321849 0.065604135394096388 1.0187500119209292 -0.013158387970179318 0.88065612316131603 0.8585173785686494
decision_type=10 10 10 10 10 8 8 10 8 10 2 10 10 10 10 10 8 10 10 10 10 10 10 8 10 10 8 8 10 10
left_child=4 2 -2 17 5 6 12 -5 10 11 -9 -10 -1 14 -8 -16 22 -3 -19 20 23 -21 -6 24 -7 -25 -11 -18 29 -29
right_child=1 3 -4 7 16 19 13 8 9 26 -12 -13 -14 -15 15 -17 27 18 -20 21 -22 -23 -24 25 -26 -27 -28 28 -30 -31
leaf_value=-0.017622394150783736 0.0055545589873371159 0 -0.017396342918611477 0.00015257360619708884 -0.008355125104268786 -0.00077807200080234494 -0.0026161892443390062 0.00054736727664893531 -0.0010510802902164891 0.014971964325568597 -0.0047388858479656508 0.0017963418984494326 0 -0.0038163295282810416 -0.0034764045374883912 0.0088242627246493434 -0.0019546362323851524 0.032540481815859675 0.0016474499144717881 0.0014604941994800448 0.016942633716202773 0.007848936690901585 0.0045304519640938 0.0011025669887776484 0.001815284493115421 -0.0018004114188823271 0.0032413529153122256 -0.0044906180050973601 0.0092839374552288589 0.01430742691878149
leaf_weight=535 170 136 460 98306 449 44407 1475 2547 46875 363 8681 7269 148 2961 453 1208 454 130 110 13147 167 1279 437 48371 7551 5165 1324 541 2205 189
leaf_count=535 170 136 460 98306 449 44407 1475 2547 46875 363 8681 7269 148 2961 453 1208 454 130 110 13147 167 1279 437 48371 7551 5165 1324 541 2205 189
internal_value=2.17887e-05 -0.000309242 -0.0107614 -0.000266409 0.000444016 0.000314333 -0.00238306 -0.000300706 -0.000969516 -0.000451312 -0.00351422 -0.000662744 -0.0135263 -0.00104558 0.0014831 0.00528962 0.00420329 0.0133131 0.0207509 0.000469495 0.000249464 0.00205774 -0.00170876 0.000216988 -0.000394857 0.000816327 0.00608708 0.00583786 0.00714984 0.000228021
internal_weight=297513 166371 630 165741 131142 126867 6780 165365 67059 55831 11228 54144 683 6097 3136 1661 4275 376 240 120087 105661 14426 886 105494 51958 53536 1687 3389 2935 730
internal_count=297513 166371 630 165741 131142 126867 6780 165365 67059 55831 11228 54144 683 6097 3136 1661 4275 376 240 120087 105661 14426 886 105494 51958 53536 1687 3389 2935 730
is_linear=0
shrinkage=0.03


Tree=29
num_leaves=31
num_cat=0
split_feature=120 121 24 1 121 51 26 38 26 42 78 71 101 120 33 25 38 59 13 12 118 60 84 159 81 118 1 20 127 161
split_gain=52.4568 61.0173 76.1723 65.5238 93.5228 57.5867 46.4655 64.6813 63.3548 63.2589 57.3322 75.2055 58.8339 44.1155 40.6304 40.3827 44.9186 51.3054 42.5551 38.2726 51.4048 56.7609 49.9845 35.0162 32.4734 29.7013 30.145 28.6265 27.9664 27.8366
threshold=0.25773195922374731 0.29873929917812353 0.050488414242863662 0.0568278655409813 0.67764294147491466 0.64709019660949718 0.021427014842629436 -0.0017292881384491918 0.069804321974515929 0.084065239876508727 0.30000000447034841 0.87499985098838817 0.36754386126995092 0.31690146028995519 0.37278090417385107 0.028306395746767524 0.032385723665356643 0.96877270936965953 0.96059641242027294 0.98598679900169384 0.084745746105909361 0.8960065245628358 0.75000000000000011 -0.013158387970179318 0.55000001192092907 0.41137000918388372 0.036788007244467742 1.0352849960327151 0.25291961431503301 0.88935464620590221
decision_type=8 10 10 10 10 10 8 8 10 10 10 10 2 10 10 10 10 10 10 10 10 10 2 10 2 8 10 10 10 10
left_child=19 2 5 6 15 13 25 8 9 -8 12 -12 -9 -2 -10 18 23 -18 -5 20 -1 28 24 -17 -21 -3 -27 -28 -22 -7
right_child=1 3 -4 4 -6 29 7 10 14 -11 11 -13 -14 -15 -16 16 17 -19 -20 22 21 -23 -24 -25 -26 26 27 -29 -30 -31
leaf_value=-0.0014421157458676297 0 0.001241921771142553 -0.011345223744545644 0.0041604195028053341 0.011485932142191672 0.0017960129898401537 0.00019673872799524507 0.0019592828798731922 7.5059210140467941e-06 -0.0052254610707326045 -0.00070849385612836724 0.0029751111997869868 -0.0028300748927609296 0.02537727012401398 0.0049603654291072276 -0.0025138631726754055 -0.013166229060936709 0.0038701007155339338 -0.0089936433283802006 -0.0024152850185275776 -0.023623848132168251 0.0023016622442691048 0.0010572315327555463 0.0044156120928481772 -0.01417811020290431 0.00016786945966346518 -0.0081387198973642098 0.0034807463583793291 -0.0080336899492564322 0.0069344005160857482
leaf_weight=1175 100 30860 293 294 955 4803 69528 2547 2536 1971 81167 5271 18479 171 4076 704 317 250 598 6362 268 163 5009 4238 213 52664 719 203 345 1276
leaf_count=1175 100 30860 293 294 955 4803 69528 2547 2536 1971 81167 5271 18479 171 4076 704 317 250 598 6362 268 163 5009 4238 213 52664 719 203 345 1276
internal_value=-2.32283e-05 6.27621e-05 0.00289983 -4.30652e-06 0.00278425 0.00363778 -8.15848e-05 -0.000348002 0.000306098 4.16518e-05 -0.0008262 -0.000479761 -0.00223435 0.0169192 0.00311171 0.00140755 0.00240361 -0.00526762 -0.004333 -0.00184722 -0.00575246 -0.011702 -0.00115486 0.00336188 -0.00288368 0.000500276 6.72635e-05 -0.00524236 -0.0158546 0.00294297
internal_weight=297555 284020 6643 277377 7356 6350 270021 185575 78111 71499 107464 86438 21026 271 6612 6401 5509 567 892 13535 1951 776 11584 4942 6575 84446 53586 922 613 6079
internal_count=297555 284020 6643 277377 7356 6350 270021 185575 78111 71499 107464 86438 21026 271 6612 6401 5509 567 892 13535 1951 776 11584 4942 6575 84446 53586 922 613 6079
is_linear=0
shrinkage=0.03


Tree=30
num_leaves=31
num_cat=0
split_feature=16 23 94 36 40 36 18 73 20 26 39 25 33 24 23 75 51 162 59 129 72 73 33 41 131 59 118 108 61 32
split_gain=54.8345 47.6885 53.4721 87.9815 42.4371 88.1939 66.9111 55.6979 54.3808 54.1698 54.8573 66.9149 61.5102 54.0711 48.5992 46.4386 43.4772 41.8057 40.6371 39.0095 48.9526 45.1322 35.4428 33.7405 30.5413 29.899 28.2289 47.9092 26.1684 23.3265
threshold=1.2346542477607729 0.081776939332485213 0.2396473437547684 0.41877594590187078 -0.031413264572620385 0.81912946701049816 1.0247355103492739 0.5000000149011613 1.0724788308143618 0.028726626187562946 -0.015951267443597313 0.11536478251218797 0.22945480793714526 0.11145476624369623 0.033715052530169494 0.17500000447034839 0.96673676371574413 2.9198248386383061 0.91982641816139232 1.360010623931885 0.086419701576232924 0.30000000447034841 0.97336161136627208 0.015905088745057586 0.49228709936141973 1.0137457251548769 0.57407447695732128 1.0000000180025095e-35 0.89627832174301159 -0.0011307530221529303
decision_type=10 10 8 10 10 10 10 10 10 10 10 10 10 10 8 2 10 10 10 8 10 10 10 10 8 10 8 2 10 10
left_child=1 4 3 -3 5 13 9 8 16 14 12 -12 -11 19 18 -10 -8 -4 -6 20 -1 -21 29 25 -7 -9 27 -26 -28 -2
right_child=22 2 17 -5 6 24 7 23 15 10 11 -13 -14 -15 -16 -17 -18 -19 -20 21 -22 -23 -24 -25 26 -27 28 -29 -30 -31
leaf_value=-0.0017900018270707804 0.0054418831011609709 -0.0081749823084573819 -0.026858555077166436 0.023595239903032778 -0.0094021768861512096 -0.0057361886134215936 0.001406004576041455 -0.01391558402749039 -0.00018741256081000683 -0.0013110865713973398 -0.00068856271758390201 -0.0147672872189038 0.003285388370164866 0.014891149288682928 0.0096624253579221751 0.010029335202096671 -0.0050478436289669738 -0.0065349902819090058 0.00034503745082021392 -0.0037632260521663955 0.0019891715652873691 0.0012133535446858558 -0.010973722725500202 0.0032123795228462719 0.024136820638912818 -0.0045693082865725628 0.00084769636976860993 0.0042790808265864236 0.0089580211448070501 -0.0024486088295303868
leaf_weight=3843 2833 177 119 105 364 124 1218 695 1172 4165 104750 287 6704 217 485 548 3246 567 141974 3631 14192 2842 109 179 228 830 777 297 839 315
leaf_count=3843 2833 177 119 105 364 124 1218 695 1172 4165 104750 287 6704 217 485 548 3246 567 141974 3631 14192 2842 109 179 228 830 777 297 839 315
internal_value=1.23866e-05 -2.95335e-05 -0.00660976 0.00344018 -6.36854e-06 0.00112568 -0.000122168 -0.002841 -0.00144622 -3.7905e-05 -0.000520765 -0.000732691 0.0014973 0.00059073 0.000351871 0.00297314 -0.00322159 -0.0111464 0.000316686 0.000439841 0.00116618 -0.00153503 0.00387238 -0.0076533 0.00677766 -0.00914793 0.00768762 0.0140228 0.00529985 0.00454716
internal_weight=297832 294575 968 282 293607 26990 266617 7888 6184 258729 115906 105037 10869 24725 142823 1720 4464 686 142338 24508 18035 6473 3257 1704 2265 1525 2141 525 1616 3148
internal_count=297832 294575 968 282 293607 26990 266617 7888 6184 258729 115906 105037 10869 24725 142823 1720 4464 686 142338 24508 18035 6473 3257 1704 2265 1525 2141 525 1616 3148
is_linear=0
shrinkage=0.03


Tree=31
num_leaves=31
num_cat=0
split_feature=32 138 81 30 16 120 121 24 15 21 53 72 38 17 42 6 53 22 137 22 38 48 38 161 84 12 115 10 15 37
split_gain=48.7876 49.5758 57.7908 48.4335 81.0597 56.7931 53.2424 55.6198 51.4299 46.0656 41.0784 67.722 43.7433 63.8807 51.4525 43.131 40.0404 54.3263 39.6694 43.0431 45.3646 39.3285 38.83 37.7627 37.2859 44.891 37.053 36.6648 35.1812 34.2085
threshold=-0.0048612528480589381 0.51088941097259533 0.61666667461395275 -0.00038742304604966188 0.93408358097076427 0.25773195922374731 0.29397556185722357 0.050488414242863662 0.95438024401664745 0.8996485471725465 1.0588570237159731 0.67105302214622509 -0.017367323860526081 0.73705121874809276 -0.10234589874744414 0.28571678698062902 0.98640778660774242 0.91042080521583568 0.52318003773689281 0.92101368308067333 -1.0000000180025095e-35 0.97862249612808239 -0.021966870874166485 0.45810160040855413 0.75000000000000011 0.9854736626148225 0.204419881105423 1.0131728053092959 1.045083820819855 0.7371291220188142
decision_type=10 8 2 10 8 10 10 10 8 10 10 10 10 8 10 10 10 10 10 10 10 10 8 10 2 10 10 10 8 10
left_child=1 -1 -3 4 8 24 7 9 27 -7 12 15 13 -8 -14 -12 17 -10 26 20 -20 28 29 -13 -5 -26 -6 -2 -18 -4
right_child=3 2 22 5 18 6 10 -9 16 -11 11 23 14 -15 -16 -17 21 -19 19 -21 -22 -23 -24 -25 25 -27 -28 -29 -30 -31
leaf_value=-0.0043776644857850509 -0.0014028336239018933 0.00011032617229412057 0 -0.0029217896574206875 0.0032402943712074267 0.0093324926544983405 -0.01308196255457523 -0.0096524154900134284 0 0.0024186957039866353 0.0035119082804555683 0.0021236727349351831 0.011246188645542577 -0.0011396133965802058 0.00034731103085247503 -0.0054518179702936322 -8.7931921297119427e-05 -0.02415203596022911 0.00073363369301384556 0.00050215187438998809 -0.013987939417409754 -0.0088997551028721211 0.0041214956496653356 0.016751413000602948 -0.0058614760491113166 0.0013569785023193125 -0.00081368209248463045 0.012524712810650157 -0.0099986177823602161 0.023867305304983068
leaf_weight=933 488 4399 109 7600 2034 1235 486 241 149 3547 1821 324 373 2396 127589 620 1851 220 297 45177 362 1248 4850 463 892 5041 81800 218 388 164
leaf_count=933 488 4399 109 7600 2034 1235 486 241 149 3547 1821 324 373 2396 127589 620 1851 220 297 45177 362 1248 4850 463 892 5041 81800 218 388 164
internal_value=2.60281e-05 0.00203767 0.00270556 -4.638e-05 -0.000462925 0.000318007 0.000500199 0.00353371 -0.00438972 0.00429816 0.000383802 0.00372467 0.000298531 -0.00333314 0.000383177 0.00108747 -0.00577449 -0.0153036 -0.000321806 0.000383481 -0.00708517 -0.00459904 0.0048666 0.0113029 -0.00153044 0.000205275 -0.000710997 0.00271108 -0.00201149 0.0158951
internal_weight=297315 10455 9522 286860 134232 152628 139095 5023 4562 4782 134072 3228 130844 2882 127962 2441 3856 369 129670 45836 659 3487 5123 787 13533 5933 83834 706 2239 273
internal_count=297315 10455 9522 286860 134232 152628 139095 5023 4562 4782 134072 3228 130844 2882 127962 2441 3856 369 129670 45836 659 3487 5123 787 13533 5933 83834 706 2239 273
is_linear=0
shrinkage=0.03


Tree=32
num_leaves=31
num_cat=0
split_feature=32 33 53 159 1 14 12 19 6 138 137 53 141 11 53 112 138 78 29 31 22 58 158 161 30 17 1 22 11 26
split_gain=53.7488 51.671 66.6838 51.1423 49.7313 52.5228 76.8992 54.5743 46.7233 45.0281 47.7343 48.4591 42.2489 41.3635 56.8536 50.1473 47.9785 41.3621 100.722 62.3102 53.3371 101.241 51.4226 48.8578 45.1167 77.0746 41.542 40.8433 40.3379 39.0237
threshold=-0.0050807653460651627 0.37278090417385107 1.031648635864258 -0.0011754373554140327 0.012910792138427498 0.91366606950759899 0.9772726595401765 0.97609913349151622 0.15000198036432269 0.51088941097259533 0.9839913845062257 0.97930344939231884 1.1911560297012331 0.97930213809013378 1.0002506375312807 -0.0168079100549221 0.79143074154853832 0.30000000447034841 -0.00044414788135327393 0.0095289275050163286 0.7910059690475465 0.9364854395389558 0.10410030931234361 0.75954037904739391 -0.0061780738178640595 1.0506193041801455 0.0568278655409813 1.0962939858436587 0.97095018625259411 0.046352798119187362
decision_type=10 10 10 10 10 8 10 10 10 8 8 10 10 10 10 2 8 8 10 10 10 10 10 8 10 10 10 10 8 10
left_child=9 2 4 -4 -2 6 -6 -8 12 28 11 -11 29 15 -15 -13 -16 27 22 20 -20 -22 24 -21 26 -26 -19 -3 -1 -5
right_child=1 17 3 8 5 -7 7 -9 -10 10 -12 13 -14 14 16 -17 -18 18 19 23 21 -23 -24 -25 25 -27 -28 -29 -30 -31
leaf_value=0.006489984562820089 0.00068602114836768574 -0.00057283941813293844 -0.0065141272340452708 0 -0.01071689871591076 -0.00099227376628659224 0.0080539110029612896 -0.0011559588975804109 0.0068901475907012649 -0.0062266076071453942 0.00013918326845049743 0.011924984876418541 0.0045562037185163176 -0.0045516116136614547 -3.6874135014479854e-05 -0.0039723419281654064 0.0082844564727990126 0.0013040070231709541 -0.0087391809474828101 0.012649626801666229 0.0099313758398366578 0.0012915355685042228 -0.011403532079613405 -2.2922686358582072e-05 0.00051644161764857169 -0.0014655376677774369 0.0086343018781712827 0.006749776089668722 -0.0081790187610596612 -0.014347958264101516
leaf_weight=190 25498 53725 2936 319 287 74151 1679 792 571 295 3525 1287 320 588 856 166 1739 6565 431 782 1249 44218 343 345 42093 30251 790 669 621 369
leaf_count=190 25498 53725 2936 319 287 74151 1679 792 571 295 3525 1287 320 588 856 166 1739 6565 431 782 1249 44218 343 345 42093 30251 790 669 621 369
internal_value=-1.92108e-05 -9.25456e-05 -0.00061635 -0.00418446 -0.000455321 -0.000837695 0.0031875 0.00499597 0 0.0022259 0.00289663 0.00479871 -0.00368953 0.00558844 0.00348819 0.00987583 0.00544553 0.000214476 0.000511932 0.00161405 0.00143291 0.00153973 -0.000132063 0.00857597 -7.69417e-05 -0.000308363 0.00215331 -0.000474816 -0.00430789 -0.00796884
internal_weight=297650 288383 106922 4515 102407 76909 2758 2471 1579 9267 8456 4931 1008 4636 3183 1453 2595 181461 127067 47025 45898 45467 80042 1127 79699 72344 7355 54394 811 688
internal_count=297650 288383 106922 4515 102407 76909 2758 2471 1579 9267 8456 4931 1008 4636 3183 1453 2595 181461 127067 47025 45898 45467 80042 1127 79699 72344 7355 54394 811 688
is_linear=0
shrinkage=0.03


Tree=33
num_leaves=31
num_cat=0
split_feature=42 84 162 17 28 29 57 69 28 13 61 3 79 66 28 38 36 25 45 139 38 25 122 144 10 43 50 32 17 1
split_gain=51.9815 60.9952 58.4304 51.7718 105.347 51.3118 67.9443 62.3761 63.6807 50.1157 73.6004 97.2067 63.5941 123.862 127.856 52.1643 61.2729 52.1202 51.9483 45.3864 44.2775 109.736 78.0552 40.3612 39.5826 38.4479 38.2761 44.9043 36.2969 41.8805
threshold=-0.10234589874744414 -0.35000000894069666 -5.9179294109344474 0.7205362617969514 -0.0036697257310152049 -0.0034643186954781409 1.168602526187897 0.24675337970256808 -0.016411625780165192 0.9665297567844392 0.79346299171447765 0.011479614768177273 0.65000000596046459 0.95916664600372326 0.01887115836143494 0.013289813883602621 0.43273240327835089 0.049863018095493324 1.0269881486892702 0.80000451207160961 -0.0074906349182128898 0.10315836966037752 0.35664336383342748 0.4722594022750855 1.0374600887298586 1.1186230182647707 0.9045725166797639 0.0057013311889022597 1.2663827538490298 0.015384607482701542
decision_type=8 2 10 8 10 8 10 10 10 8 8 10 2 10 10 10 10 10 10 10 10 10 10 10 10 10 10 10 8 10
left_child=1 2 -1 4 19 7 9 25 -9 12 11 17 20 -14 -15 18 -17 -11 -12 -4 22 -22 -7 -13 28 26 -2 -28 29 -10
right_child=5 -3 3 -5 -6 6 -8 8 24 10 15 23 13 14 -16 16 -18 -19 -20 -21 21 -23 -24 -25 -26 -27 27 -29 -30 -31
leaf_value=-0.0036804895608217891 0.0059133721685005296 -0.0054228565543371849 0.031262082406668924 0.0037749418833076609 -0.0027882394306116588 -0.0054514954182143336 0.0031131652641607599 0.0060649074223012274 0 0.012106906627840232 0.00084447196389101991 0.0019596294052740787 -0.0013317732574949107 0.00426963460412775 0.02675911071990807 0.0079996601659664025 0.00029024258314166215 -0.0029447451066094963 -0.00025725652147757117 0.0079287394377565296 -0.0015853440435634391 -0.019136876067282947 0.0020473953784044727 0.019020875870912803 -0.013146436381336297 -0.0057783134532262024 -1.8259254468539521e-05 -0.010396694607914751 0.00061385362047903158 -0.0033281762975386872
leaf_weight=721 949 672 220 3828 208 1496 6778 816 4287 248 60177 223 2008 903 312 1653 2279 870 106406 198 28668 308 6858 519 289 1035 44665 359 3533 15795
leaf_count=721 949 672 220 3828 208 1496 6778 816 4287 248 60177 223 2008 903 312 1653 2279 870 106406 198 28668 308 6858 519 289 1035 44665 359 3533 15795
internal_value=-9.27153e-06 0.00278537 0.00392577 0.00523505 0.013306 -6.65566e-05 0.000159774 -0.00076385 -0.00198393 6.40682e-05 0.000288633 0.00619802 -0.000882746 0.00312182 0.0106274 0.000221694 0.00363125 0.000284559 0.000138988 0.0217611 -0.00123801 -0.00179533 0.000658887 0.014473 -0.00227607 -0.0001153 8.12723e-06 -0.000112252 -0.00211933 -0.00261523
internal_weight=297281 5847 5175 4454 626 291434 219706 71728 24720 212928 172375 1860 40553 3223 1215 170515 3932 1118 166583 418 37330 28976 8354 742 23904 47008 45973 45024 23615 20082
internal_count=297281 5847 5175 4454 626 291434 219706 71728 24720 212928 172375 1860 40553 3223 1215 170515 3932 1118 166583 418 37330 28976 8354 742 23904 47008 45973 45024 23615 20082
is_linear=0
shrinkage=0.03


Tree=34
num_leaves=31
num_cat=0
split_feature=25 35 13 1 59 37 86 56 33 15 49 8 33 25 38 38 161 20 104 17 6 7 31 5 162 25 34 3 54 53
split_gain=43.6359 45.9995 73.6172 99.2777 67.1829 66.7564 67.352 66.0544 59.4308 56.5056 78.39 86.6428 55.7112 54.1262 82.2333 52.6883 52.6467 52.6017 52.283 50.906 61.819 48.8854 40.9284 40.1312 38.6469 36.7291 36.3322 33.557 103.652 37.166
threshold=0.012346642557531597 0.46253639459609991 0.9665297567844392 0.0568278655409813 0.96737691760063182 0.84965670108795177 -0.81666666269302357 1.1479052901268008 0.60519134998321544 0.71070930361747753 0.87654918432235729 -0.81817790865898121 0.93533414602279674 0.053820399567484863 -0.0072209958452731362 -0.014948193915188311 0.27320170402526861 0.99782243371009838 0.38750000298023229 0.89290583133697521 0.049999849870800979 0.043824752792716033 -0.0014491231995634732 0.015986775979399685 -0.59949293732643116 0.030155290849506858 0.67638432979583751 0.017735074274241928 1.0010010004043581 1.0264711380004885
decision_type=10 10 8 10 10 10 2 10 8 8 10 10 10 10 10 10 8 10 2 8 10 10 10 10 10 10 10 10 10 10
left_child=-1 5 7 4 27 6 17 12 24 -8 11 -11 13 26 -15 -12 -10 -2 -5 20 -14 -9 23 -19 -6 -20 -3 29 -29 -4
right_child=1 2 3 18 8 -7 9 21 16 10 15 -13 19 14 -16 -17 -18 22 25 -21 -22 -23 -24 -25 -26 -27 -28 28 -30 -31
leaf_value=0.00097170157754689025 0.0039564566260892192 0.0003363351653218157 0.0025455253910562012 -0.0043630544514930807 0.00053572554550950901 0.0019593773554340377 -0.013794768448083092 0.012589682414764825 -0.002749090823857654 0.022621084051289861 -0.0044304967283471421 0.0024772875635728385 -0.0049276075666034392 -0.00063674321668489491 -0.0084726232008197865 -0.0005843907703603293 0.0013350302748579841 -0.0053732821217087109 -0.0061628715226050611 -0.0014250829509995814 0.010472424075036095 -0.0066732003921709899 -0.0004121049803289627 -0.018189881827936252 -0.0010205877986962982 0.0080494969393489074 -0.0026929344338397364 -0.0021940199956306783 0.018779545033252843 -0.0034379815362785915
leaf_weight=34903 654 6628 10544 355 22042 8566 273 482 3016 190 3323 3519 266 2335 2693 100226 36874 3906 136 1341 955 119 1593 244 40195 2636 7307 372 404 967
leaf_count=34903 654 6628 10544 355 22042 8566 273 482 3016 190 3323 3519 266 2335 2693 100226 36874 3906 136 1341 955 119 1593 244 40195 2636 7307 372 404 967
internal_value=-2.32801e-05 -0.000156956 0.00021362 0.000514343 0.00036689 -0.000581899 -0.000775915 -0.0013694 0.000111453 -0.000594307 -0.000555346 0.00370543 -0.00165789 -0.00222731 -0.00491002 -0.000711545 0.0010175 -0.00377056 0.00577754 0.00242517 0.00685038 0.0082004 -0.00471323 -0.00628241 -0.000464586 0.00720561 -0.00123219 0.00246202 0.00854582 0.00201176
internal_weight=297064 262161 139667 117541 114414 122494 113928 22126 102127 107531 107258 3709 21525 18963 5028 103549 39890 6397 3127 2562 1221 601 5743 4150 62237 2772 13935 12287 776 11511
internal_count=297064 262161 139667 117541 114414 122494 113928 22126 102127 107531 107258 3709 21525 18963 5028 103549 39890 6397 3127 2562 1221 601 5743 4150 62237 2772 13935 12287 776 11511
is_linear=0
shrinkage=0.03


Tree=35
num_leaves=31
num_cat=0
split_feature=158 1 13 17 26 58 72 29 62 79 79 57 13 42 0 122 52 49 80 54 5 158 17 16 43 45 42 114 1 158
split_gain=47.3692 90.276 61.4407 65.8909 48.306 78.8529 106.08 44.2069 58.6588 59.0002 65.9933 53.1422 47.4086 64.8209 45.5633 44.6831 43.9715 73.1764 49.1526 44.7342 43.7033 60.5244 43.7853 42.5116 50.0219 47.8458 42.6013 49.6528 41.4621 62.6123
threshold=-0.05074868164956569 0.053075965493917472 0.94119331240654003 1.3184605836868288 0.028562129475176338 1.0046710371971133 0.58064526319503795 -0.0012287034187465904 1.0040450692176821 0.65000000596046459 0.15000000223517421 0.93379628658294689 0.977124184370041 0.071222249418497099 0.029126198962330822 0.581081122159958 0.69775661826133739 0.9780976176261903 0.37500000000000006 1.0421500802040102 0.0029211126966401939 0.010886981151998045 0.92160916328430187 1.1784350275993349 1.0594405531883242 1.2209095954895022 -0.027381503023207184 0.18130259215831759 0.036788007244467742 0.011830948758870365
decision_type=8 10 10 10 10 10 10 10 10 2 2 10 10 10 10 10 10 10 2 10 10 8 10 10 10 10 10 10 10 8
left_child=1 2 -1 -4 28 7 23 12 9 10 -9 -11 -6 14 -14 -10 17 19 -19 -8 21 -18 -22 26 -25 -26 27 -7 -2 -30
right_child=4 -3 3 -5 5 6 16 8 15 11 -12 -13 13 -15 -16 -17 20 18 -20 -21 22 -23 -24 24 25 -27 -28 -29 29 -31
leaf_value=0.017377860585669511 0.00037057282415273 0.0086438804050140757 0.0012859526274656911 -0.0070594426512935182 -0.0046765547159505327 0.0017010154852945985 -0.0048153933269572576 0.0001884295233249588 -0.00012066977652901048 0.013258457680312084 -0.0018481769506750885 0.0013969601131030218 -0.0016921245138906817 0.010437739104649657 0.0024709866870591722 0.0043246115963712101 -0.0040899131621108236 0.021674812923830524 0 0.0095140513151206751 0.0022221444726121965 0.0051798604261554856 0.0093338021839689152 -0.0021988629564955588 0.011809565253298435 -0.0058309244515374302 0.0009352880470966722 -0.0035494524019285189 -0.0043938467501833016 0.0021333206861465395
leaf_weight=176 143319 1536 7596 935 4166 2085 343 24696 3975 356 33259 5087 34990 395 2464 3893 1456 437 102 376 2216 1090 1346 534 778 130 7133 6257 3912 1908
leaf_count=176 143319 1536 7596 935 4166 2085 343 24696 3975 356 33259 5087 34990 395 2464 3893 1456 437 102 376 2216 1090 1346 534 778 130 7133 6257 3912 1908
internal_value=-3.21238e-05 0.00196901 0.000740015 0.000321839 -0.000104797 -0.000510972 0.00103423 -0.000844974 -0.000384208 -0.00069111 -0.00097539 0.00227338 -0.00161884 -0.00127206 -0.00140907 0.00204616 0.00403638 0.00921838 0.0174625 0.0023269 0.00289354 0 0.00503034 -0.000258484 0.00460412 0.00888943 -0.000736312 -0.00220034 0.000267862 -0.00220266
internal_weight=296946 10243 8707 8531 286703 137564 24283 113281 71266 63398 57955 5443 42015 37849 37454 7868 7366 1258 539 719 6108 2546 3562 16917 1442 908 15475 8342 149139 5820
internal_count=296946 10243 8707 8531 286703 137564 24283 113281 71266 63398 57955 5443 42015 37849 37454 7868 7366 1258 539 719 6108 2546 3562 16917 1442 908 15475 8342 149139 5820
is_linear=0
shrinkage=0.03


Tree=36
num_leaves=31
num_cat=0
split_feature=33 36 1 109 158 16 61 161 9 49 84 1 14 12 56 41 88 86 78 28 54 94 43 159 14 24 161 118 23 139
split_gain=46.21 53.7686 74.4508 74.9186 53.4039 95.7865 78.5718 62.2699 109.379 64.2151 63.4248 48.5298 51.0484 99.7927 57.36 52.8207 51.7567 44.1552 50.7465 81.6082 45.8957 41.8306 38.5639 58.1558 68.6724 51.2434 50.1873 42.694 40.1377 38.7409
threshold=0.37278090417385107 0.79254025220870983 0.070175420492887511 0.18333333730697635 0.083679080009460463 0.72276085615158092 0.79346299171447765 0.6965770721435548 0.98171547055244457 0.85994866490364086 0.45000000298023229 0.014285661745816471 0.89449545741081249 0.9772726595401765 0.91144755482673656 0.025941952131688598 0.089141778647899642 -0.65000000596046437 0.30000000447034841 0.020194031298160556 0.9643225669860841 0.19319385290145877 1.0524334311485293 -0.0039671990089118472 1.0113035440444949 0.054256098344922073 0.46728053689002996 0.30508469045162206 0.015643732622265819 0.95859903097152721
decision_type=8 8 10 2 10 10 8 8 10 10 2 10 8 10 10 10 10 2 8 10 10 10 10 10 10 10 10 10 10 10
left_child=11 4 -3 -4 6 21 -2 9 -9 10 -7 -1 13 -13 -15 -16 -17 -8 20 -20 -19 -6 25 24 28 -14 -27 -25 -24 -29
right_child=1 2 3 -5 5 7 17 8 -10 -11 -12 12 22 14 15 16 -18 18 19 -21 -22 -23 23 27 -26 26 -28 29 -30 -31
leaf_value=0.00048076341946669851 0.011913662487218892 0.0012536003808912516 0.019709270146881057 -0.00171718892804678 0 0.019413864422177522 -0.0009390014639909139 -0.013827720438964202 0 -0.0014875551662129004 0.0027878138018516642 -0.013107424477719122 -0.00089826778473274971 -0.0016515109442218703 0.0029157802825561436 0.0015484212720884552 0.021066652190713013 -0.0053599392079236047 0.00070809886610236972 0.011997542298579914 -0.00028816604954254288 -0.013939212139034811 0 -0.015850552989480397 -0.0022105160213814418 0.019286721752029362 0 -0.003309110185632329 -0.017902199586437066 0.0024225417382359987
leaf_weight=32449 493 28002 374 191 217 286 27579 752 1575 1765 848 253 68337 548 702 217 450 1673 86252 564 36541 820 106 160 909 203 274 2400 617 1826
leaf_count=32449 493 28002 374 191 217 286 27579 752 1575 1765 848 253 68337 548 702 217 450 1673 86252 564 36541 820 106 160 909 203 274 2400 617 1826
internal_value=2.81383e-06 0.000289199 0.00148779 0.0121421 7.23025e-05 -0.00263535 0.000185355 -0.000903046 -0.00457714 0.0019545 0.00750474 -0.000486143 -0.000897517 0.00358772 0.00605856 0.00934017 0.0153833 0.000143945 0.000385331 0.000787642 -0.000520741 -0.0108993 -0.00103251 -0.00334814 -0.00818823 -0.000824731 0.00871901 -0.0014501 -0.0150382 -0.000762137
internal_weight=297383 187932 28567 565 159365 6263 153102 5226 2327 2899 1134 109451 77002 2170 1917 1369 667 152609 125030 86816 38214 1037 74832 6018 1632 68814 477 4386 723 4226
internal_count=297383 187932 28567 565 159365 6263 153102 5226 2327 2899 1134 109451 77002 2170 1917 1369 667 152609 125030 86816 38214 1037 74832 6018 1632 68814 477 4386 723 4226
is_linear=0
shrinkage=0.03


Tree=37
num_leaves=31
num_cat=0
split_feature=57 49 38 27 56 162 113 3 69 161 38 11 27 46 57 119 19 76 42 159 78 114 38 9 11 42 122 161 17 115
split_gain=46.1973 90.7283 58.8571 50.178 49.8392 73.3252 49.0682 55.1142 79.3722 71.1972 45.0466 63.2293 69.9762 62.6663 86.7523 68.7881 57.4832 55.7726 40.9373 40.4681 39.8677 39.7743 56.5716 51.6085 38.867 44.5557 37.6186 35.7967 35.2457 50.8708
threshold=0.84245216846466076 0.83472758531570446 0.017799356952309612 0.12785436213016513 0.93045726418495189 0.24973414093255999 0.36000035703182226 0.0096956091001629847 0.89855083823204052 0.62866222858428966 -1.0000000180025095e-35 0.96973443031311046 0.057849608361721046 1.0733821988105776 1.0221714377403261 0.34653416275978094 0.94108232855796825 0.41666667163372045 -0.10234589874744414 0.0028808935312554245 0.30000000447034841 0.76521712541580211 -0.012493641581386326 1.0268256068229678 0.93813776969909679 0.073429282754659667 0.39019878208637243 1.0380767583847048 0.84720826148986828 0.40999998152256018
decision_type=8 8 10 10 10 10 10 10 10 8 10 8 10 10 10 10 8 2 8 10 10 10 10 10 10 10 10 10 10 10
left_child=4 6 10 28 21 -6 -2 9 19 24 11 12 -3 -12 15 -15 -13 -16 -18 -9 -21 22 -1 -23 -8 -26 -5 -28 -4 -30
right_child=1 2 3 26 5 -7 7 8 -10 -11 13 16 -14 14 17 -17 18 -19 -20 20 -22 23 -24 -25 25 -27 27 -29 29 -31
leaf_value=-0.0024555423121139603 0.020656512669000298 -0.0020121201773763797 -0.0017089701241879138 0.018871916115082127 -0.0047273295938878067 0.017423998636659235 0 -0.0033633293935067571 -0.013901474734633127 0 8.2674161766345804e-05 -0.0063672083360195239 0.0098703716439525763 0.0019205733025244125 -0.0012882011310776805 -0.0054933449164970673 0.0036084530050238296 0.0011930379608197834 0.00022079744843304729 0.017437717328800565 -0.00015837109963675697 -0.0067168177875297939 -0.024762765989406035 0.0072456806074917219 0.0047900171378682348 0.020171503144439083 0 0.017347370063858655 -0.00043794081416650044 0.0061312686207777188
leaf_weight=246 168 622 1719 273 309 196 163 304 297 664 82210 1150 1247 1291 36619 6335 3281 10351 142351 244 148 1031 220 272 353 535 395 116 1748 2390
leaf_count=246 168 622 1719 273 309 196 163 304 297 664 82210 1150 1247 1291 36619 6335 3281 10351 142351 244 148 1031 220 272 353 535 395 116 1748 2390
internal_value=3.99895e-05 7.39648e-05 2.05456e-05 0.00280892 -0.0041986 0.00363484 0.00535823 0.0041547 -0.00120388 0.00740838 -4.34656e-05 0.000316881 0.00577765 -0.000437194 -0.00122524 -0.00419727 0.000244527 -0.000734739 0.000299664 0.00403245 0.0103809 -0.00661815 -0.0141898 -0.00350993 0.0121959 0.0146276 0.00992538 0.00404997 0.00177475 0.00329535
internal_weight=297248 294974 292098 6641 2274 505 2876 2708 993 1715 285457 148651 1869 136806 54596 7626 146782 46970 145632 696 392 1769 466 1303 1051 888 784 511 5857 4138
internal_count=297248 294974 292098 6641 2274 505 2876 2708 993 1715 285457 148651 1869 136806 54596 7626 146782 46970 145632 696 392 1769 466 1303 1051 888 784 511 5857 4138
is_linear=0
shrinkage=0.03


Tree=38
num_leaves=31
num_cat=0
split_feature=32 138 86 23 53 33 1 33 10 52 161 53 74 44 41 79 101 71 79 5 53 44 11 38 51 149 86 140 38 19
split_gain=41.6617 47.2228 47.1836 44.9982 39.5034 40.2101 38.9416 48.31 55.6823 97.4898 55.0347 54.9594 58.9457 55.7845 53.1249 58.1737 52.8299 42.4592 41.9752 34.3732 41.7768 34.064 32.0448 31.482 30.6224 25.8058 25.0345 20.7371 19.6405 19.4212
threshold=-0.0050807653460651627 0.51088941097259533 -0.58333334326744068 0.081776939332485213 0.97930344939231884 0.92942845821380626 0.010061930865049364 0.37278090417385107 1.0185207128524782 0.90746542811393749 0.73396107554435741 1.0352428555488589 0.84999999403953563 1.0661733746528628 0.046130089089274413 0.65000000596046459 0.47722567617893225 0.93504634499549877 0.75000000000000011 0.017543845809996132 0.99846455454826366 1.0356536507606509 0.97095018625259411 0.032385723665356643 0.83158236742019664 0.550327628850937 0.18333333730697635 1.0387436151504519 0.0039070930797606715 0.97360903024673473
decision_type=8 8 2 10 10 10 8 8 10 10 10 10 2 10 10 2 2 10 2 8 8 10 10 10 10 10 2 10 8 10
left_child=1 22 4 6 -3 24 28 11 14 16 -11 19 18 -14 17 -16 -10 -9 -13 21 -21 -8 -1 -5 -6 -26 -4 -28 29 -2
right_child=3 2 26 23 5 -7 7 8 9 10 -12 12 13 -15 15 -17 -18 -19 -20 20 -22 -23 -24 -25 25 -27 27 -29 -30 -31
leaf_value=0.0049466991314821981 -0.003072769782408983 -0.0048498182746291325 0 -0.0029777696895550219 0.017118662548680573 -0.0029782323421957114 -0.000135897615814272 -9.7069105224654268e-05 0.005817346643940768 -0.0011456282253453339 0.0029223849410918096 -0.0091667939222720516 -0.0064221725501808612 0.011461559646547987 -0.0029090922655083287 0.0050338737122663183 0.001838362250243785 0.0018002290169467376 -0.00071640537850076462 -0.0068484963666008087 0.0042844042279689817 -0.0013395116654708458 -0.0081730875338055942 -0.016586979701740868 0.0077915927967259491 0 0.016398240412716404 0 -0.0011096075347687812 0.0013619020096073341
leaf_weight=184 859 259 3943 814 297 309 52382 107270 4602 13088 3846 1745 237 344 9160 869 9717 11743 876 312 2326 36234 600 204 2012 520 140 141 3506 28724
leaf_count=184 859 259 3943 814 297 309 52382 107270 4602 13088 3846 1745 237 344 9160 869 9717 11743 876 312 2326 36234 600 204 2012 520 140 141 3506 28724
internal_value=3.37594e-05 0.00211371 0.0028617 -2.58654e-05 0.00549589 0.0064701 -2.33798e-06 -0.000129159 0.000186509 0.00132283 -0.000201661 -0.00066796 -0.00453128 0.00369636 -8.65383e-05 -0.00218234 0.00314442 8.78878e-05 -0.00648288 -0.000528151 0.00281321 -0.000631617 -0.00467436 -0.00626102 0.00762106 0.00626402 0.000656636 0.0089963 0.000964483 0.00122101
internal_weight=297263 8405 7621 288858 3397 3138 287840 254751 160295 31253 16934 94456 3202 581 129042 10029 14319 119013 2621 91254 2638 88616 784 1018 2829 2532 4224 281 33089 29583
internal_count=297263 8405 7621 288858 3397 3138 287840 254751 160295 31253 16934 94456 3202 581 129042 10029 14319 119013 2621 91254 2638 88616 784 1018 2829 2532 4224 281 33089 29583
is_linear=0
shrinkage=0.03


Tree=39
num_leaves=31
num_cat=0
split_feature=49 117 85 0 34 13 48 81 113 34 46 34 13 39 74 32 10 31 7 42 82 71 18 1 127 92 124 60 104 3
split_gain=39.6162 129.463 46.3039 42.2977 53.5227 69.45 45.7824 40.9786 39.3475 37.3836 37.1815 56.9221 37.333 44.7124 43.8221 48.8609 58.6947 56.9936 54.6336 44.4373 43.7016 46.8652 53.72 42.3555 54.9728 41.4186 37.0686 36.7473 35.7997 106.878
threshold=0.83472758531570446 0.5805739462375642 -0.72499999403953541 0.01308615365996957 0.84154617786407482 0.95799162983894359 0.96732729673385631 0.083333335816860213 0.94285514950752269 0.78610351681709301 1.0094550251960757 0.78610351681709301 0.98090746998786937 -0.025551799684762951 0.55000001192092907 0.0032933830516412859 1.0077900886535647 -0.0039970185607671729 0.028508792631328109 -0.057222083210945122 0.87500000000000011 0.44897986948490148 0.98390015959739696 0.059044299647212035 -0.31603632867336268 0.66099238395690929 -0.21259794384241101 0.93991553783416759 0.38750000298023229 0.0038986364379525189
decision_type=8 10 2 10 10 10 10 2 10 10 10 10 8 10 2 10 10 10 10 10 2 10 10 10 10 10 10 10 2 10
left_child=1 2 -1 4 5 -3 -7 -6 -5 -10 11 -2 13 -12 23 17 -17 18 -16 -19 21 22 -15 -14 -25 -26 -22 -28 29 -4
right_child=10 3 28 8 7 6 -8 -9 9 -11 12 -13 14 20 15 16 -18 19 -20 -21 26 -23 -24 24 25 -27 27 -29 -30 -31
leaf_value=-0.0032275168062664843 0.0020612840414561242 -0.0064412142843767953 0.015415847067596879 -0.011011962359089404 -0.0037456247810873072 0.023746827472079516 0 0.014925725547399777 0.0072023718138890611 -0.0080300593112398247 0.0053409095161493399 -0.00095674161084489105 -0.00031862929750518879 -0.0080391926066339381 0.0031239939780558757 -0.0018196155585458165 0.0047043625940195542 -0.005848649359418358 0.020883826156916644 0.00028571032478762144 -0.0033909327444107914 -0.00095587081237420788 -0.0019016270744508664 0.011774065385989256 -0.00038631270368513147 0.011134282486844007 -0.0036894257681290162 0.0021503239496022857 0.014538478294459929 -0.0043825366026114514
leaf_weight=224 16933 795 452 605 106 111 127 354 288 254 1003 8246 144430 1879 3374 1551 5086 1062 153 52766 1620 37668 4647 550 1936 301 1045 8372 886 463
leaf_count=224 16933 795 452 605 106 111 127 354 288 254 1003 8246 144430 1879 3374 1551 5086 1062 153 52766 1620 37668 4647 550 1936 301 1045 8372 886 463
internal_value=3.58934e-06 0.00274137 0.00843221 -0.00154155 0.00162846 -0.00194342 0.0112526 0.0100214 -0.00588208 0 -3.92158e-05 0.00106102 -0.000143993 -0.000831004 3.75638e-05 0.000694102 0.00313382 0.00040556 0.0040924 0.000156984 -0.000950409 -0.00137437 -0.00373378 -0.000245837 0.00339497 0.00111585 0.000719467 0.00146405 0.0100667 0.00519734
internal_weight=297287 4665 2025 2640 1493 1033 238 460 1147 542 292622 25179 267443 56234 211209 63992 6637 57355 3527 53828 55231 44194 6526 147217 2787 2237 11037 9417 1801 915
internal_count=297287 4665 2025 2640 1493 1033 238 460 1147 542 292622 25179 267443 56234 211209 63992 6637 57355 3527 53828 55231 44194 6526 147217 2787 2237 11037 9417 1801 915
is_linear=0
shrinkage=0.03


Tree=40
num_leaves=31
num_cat=0
split_feature=57 49 56 38 117 162 38 62 26 33 2 13 33 64 159 96 26 77 125 46 54 1 160 29 33 11 154 40 12 38
split_gain=39.4575 88.884 57.175 49.8472 54.1006 47.6302 44.4421 53.4475 43.5335 80.3135 66.6859 50.2452 43.1529 41.9316 44.5319 36.5507 47.5971 35.4608 34.7287 66.5641 34.939 34.5588 34.2965 34.2728 32.4887 54.8644 33.1223 31.6386 42.341 29.3679
threshold=0.84245216846466076 0.83472758531570446 0.93045726418495189 0.01610655710101128 0.60607439279556286 0.24973414093255999 0.017799356952309612 0.68567064404487621 0.028562129475176338 0.24565471708774569 -0.36363664269447321 0.983333319425583 0.92346403002738964 0.47499999403953558 -0.0047009168192744246 0.58859705924987804 0.10718328878283502 0.091666668653488173 -0.18514728546142575 1.1005932092666628 1.0710554718971255 0.038205996155738838 0.69638046622276317 -0.0035902558593079443 0.92942845821380626 0.97318661212921154 0.21530626714229587 0.055272229015827186 0.97914326190948497 0.0021276689367368822
decision_type=8 8 10 10 10 8 10 10 10 8 10 8 10 10 8 10 10 2 10 10 10 10 10 10 10 10 10 10 10 10
left_child=2 3 22 4 24 29 8 -8 13 15 12 -12 -11 21 -15 16 -10 -16 27 -20 -21 -3 -1 -23 26 -26 -2 28 -9 -4
right_child=1 6 5 -5 -6 -7 7 18 9 10 11 -13 -14 14 17 -17 -18 -19 19 20 -22 23 -24 -25 25 -27 -28 -29 -30 -31
leaf_value=-0.0090454633316345446 0.013250754450941692 -0.00013207103212310487 0.0064148892466511041 -0.0017992885784669616 -0.0010000937450577074 0.015864230973333737 0.014657403310988805 0.0068058352893616064 -0.0016049063333058084 0.0014839730890067015 -0.0014801429650664073 0.00018006003193514459 -0.0016989096754995848 0.00668978144001269 -0.00038990742354780034 -0.0063403896496899365 0.006192990321175572 0.001046902128248234 0.00072411565634451455 0.011795750893359052 0 0 0 -0.0081206761550596997 0.012141935849868798 -0.01345893819280415 1.234499949600492e-05 -0.012377475051266119 -0.0026721404196802306 -0.0099882071656106127
leaf_weight=1284 1294 66463 155 633 486 188 293 569 34540 29727 29616 36132 4300 1115 20599 1453 685 58818 2864 972 310 851 510 966 138 124 248 185 1496 183
leaf_count=1284 1294 66463 155 633 486 188 293 569 34540 29727 29616 36132 4300 1115 20599 1453 685 58818 2864 972 310 851 510 966 138 124 248 185 1496 183
internal_value=1.82149e-05 5.00079e-05 -0.00386043 0.00523757 0.00731129 0.00438601 -1.25687e-06 0.00241115 -5.90407e-05 -0.000446905 -2.52046e-06 -0.000563435 0.00107218 0.000294607 0.00075915 -0.00164693 -0.00144133 0.000670445 0.00175946 0.00340096 0.00904764 -0.000248961 -0.00646537 -0.0043133 0.00970128 0 0.0113411 -0.00113644 0 -0.00168995
internal_weight=297197 294877 2320 2923 2290 526 291954 6689 285265 136453 99775 65748 34027 148812 80532 36678 35225 79417 6396 4146 1282 68280 1794 1817 1804 262 1542 2250 2065 338
internal_count=297197 294877 2320 2923 2290 526 291954 6689 285265 136453 99775 65748 34027 148812 80532 36678 35225 79417 6396 4146 1282 68280 1794 1817 1804 262 1542 2250 2065 338
is_linear=0
shrinkage=0.03


end of trees

feature_importances:
KLEN=47
ROC30=45
RESI5=40
STD30=36
RSQR5=30
IMXD30=26
RSQR30=25
STD20=24
LOW0=22
QTLU60=22
ORC_TREND_RSQR_STRESS_20=21
ROC5=20
ROC60=20
RESI60=20
STD10=19
BETA10=19
STD5=18
MIN30=18
QTLU5=18
RSQR10=17
HIGH0=15
MIN10=15
KUP=14
VWAP0=14
MA5=14
BETA20=14
BETA60=14
RESI20=14
MA60=13
STD60=13
RSQR20=13
MAX30=13
MIN20=13
MIN60=13
WVMA20=13
WVMA5=12
ROC20=11
RESI10=11
RESI30=11
QTLU10=11
IMIN5=11
SUMN20=11
ORC_TREND_PATH_CROWD_20=11
ORC_TREND_ACCEL_UNCROWDED_5_20=11
KLOW=10
ROC10=10
BETA5=10
MAX5=10
MAX20=10
QTLD30=10
IMIN60=10
ORC_TREND_ACCEL_GAP_10_30=10
BETA30=9
RSQR60=9
QTLD60=9
IMIN10=9
SUMP5=9
OPEN0=8
QTLD5=8
IMAX10=8
SUMP10=8
SUMN5=8
KLOW2=7
MIN5=7
QTLU30=7
QTLD20=7
CNTP30=7
SUMP20=7
SUMD20=7
KSFT=6
QTLD10=6
RSV5=6
RSV30=6
RSV60=6
IMAX5=6
IMXD10=6
SUMN60=6
WVMA10=6
ORC_TREND_STREAK_EXHAUST_12=6
KMID=5
KMID2=5
MA20=5
IMAX60=5
IMIN30=5
IMXD60=5
SUMN30=5
KSFT2=4
MA10=4
MAX10=4
QTLU20=4
RSV10=4
CORD10=4
CNTD10=4
SUMP60=4
VSTD60=4
CORR20=3
CNTP60=3
CNTD60=3
SUMN10=3
SUMD5=3
KUP2=2
MA30=2
MAX60=2
RSV20=2
IMAX30=2
IMIN20=2
IMXD20=2
CORR5=2
CORR60=2
CNTN10=2
CNTD20=2
SUMP30=2
SUMD10=2
SUMD30=2
SUMD60=2
VMA30=2
WVMA30=2
VSUMP5=2
RANK10=1
RANK20=1
RANK30=1
RANK60=1
IMAX20=1
IMXD5=1
CORR10=1
CORD5=1
CORD20=1
CORD30=1
CORD60=1
CNTP5=1
CNTN5=1
CNTD5=1
CNTD30=1
VMA10=1
VSTD10=1
WVMA60=1
VSUMP10=1
VSUMN10=1
VSUMN30=1
VSUMD10=1

parameters:
[boosting: gbdt]
[objective: regression]
[metric: l2]
[tree_learner: serial]
[device_type: cpu]
[data_sample_strategy: bagging]
[data: ]
[valid: ]
[num_iterations: 500]
[learning_rate: 0.03]
[num_leaves: 31]
[num_threads: 12]
[seed: 20260814]
[deterministic: 1]
[force_col_wise: 1]
[force_row_wise: 0]
[histogram_pool_size: -1]
[max_depth: 7]
[min_data_in_leaf: 100]
[min_sum_hessian_in_leaf: 0.001]
[bagging_fraction: 0.8]
[pos_bagging_fraction: 1]
[neg_bagging_fraction: 1]
[bagging_freq: 1]
[bagging_seed: 20260814]
[bagging_by_query: 0]
[feature_fraction: 0.8]
[feature_fraction_bynode: 1]
[feature_fraction_seed: 20260814]
[extra_trees: 0]
[extra_seed: 17475]
[early_stopping_round: 0]
[early_stopping_min_delta: 0]
[first_metric_only: 0]
[max_delta_step: 0]
[lambda_l1: 10]
[lambda_l2: 20]
[linear_lambda: 0]
[min_gain_to_split: 0]
[drop_rate: 0.1]
[max_drop: 50]
[skip_drop: 0.5]
[xgboost_dart_mode: 0]
[uniform_drop: 0]
[drop_seed: 29730]
[top_rate: 0.2]
[other_rate: 0.1]
[min_data_per_group: 100]
[max_cat_threshold: 32]
[cat_l2: 10]
[cat_smooth: 10]
[max_cat_to_onehot: 4]
[top_k: 20]
[monotone_constraints: ]
[monotone_constraints_method: basic]
[monotone_penalty: 0]
[feature_contri: ]
[forcedsplits_filename: ]
[refit_decay_rate: 0.9]
[cegb_tradeoff: 1]
[cegb_penalty_split: 0]
[cegb_penalty_feature_lazy: ]
[cegb_penalty_feature_coupled: ]
[path_smooth: 0]
[interaction_constraints: ]
[verbosity: 1]
[saved_feature_importance_type: 0]
[use_quantized_grad: 0]
[num_grad_quant_bins: 4]
[quant_train_renew_leaf: 0]
[stochastic_rounding: 1]
[linear_tree: 0]
[max_bin: 255]
[max_bin_by_feature: ]
[min_data_in_bin: 3]
[bin_construct_sample_cnt: 200000]
[data_random_seed: 20260812]
[is_enable_sparse: 1]
[enable_bundle: 1]
[use_missing: 1]
[zero_as_missing: 0]
[feature_pre_filter: 1]
[pre_partition: 0]
[two_round: 0]
[header: 0]
[label_column: ]
[weight_column: ]
[group_column: ]
[ignore_column: ]
[categorical_feature: ]
[forcedbins_filename: ]
[precise_float_parser: 0]
[parser_config_file: ]
[objective_seed: 27057]
[num_class: 1]
[is_unbalance: 0]
[scale_pos_weight: 1]
[sigmoid: 1]
[boost_from_average: 1]
[reg_sqrt: 0]
[alpha: 0.9]
[fair_c: 1]
[poisson_max_delta_step: 0.7]
[tweedie_variance_power: 1.5]
[lambdarank_truncation_level: 30]
[lambdarank_norm: 1]
[label_gain: ]
[lambdarank_position_bias_regularization: 0]
[eval_at: ]
[multi_error_top_k: 1]
[auc_mu_weights: ]
[num_machines: 1]
[local_listen_port: 12400]
[time_out: 120]
[machine_list_filename: ]
[machines: ]
[gpu_platform_id: -1]
[gpu_device_id: -1]
[gpu_device_id_list: ]
[gpu_use_dp: 0]
[num_gpu: 1]

end of parameters

pandas_categorical:null
