tree
version=v4
num_class=1
num_tree_per_iteration=1
label_index=0
max_feature_idx=157
objective=regression
feature_names=KMID KLEN KMID2 KUP KUP2 KLOW KLOW2 KSFT KSFT2 OPEN0 HIGH0 LOW0 VWAP0 ROC5 ROC10 ROC20 ROC30 ROC60 MA5 MA10 MA20 MA30 MA60 STD5 STD10 STD20 STD30 STD60 BETA5 BETA10 BETA20 BETA30 BETA60 RSQR5 RSQR10 RSQR20 RSQR30 RSQR60 RESI5 RESI10 RESI20 RESI30 RESI60 MAX5 MAX10 MAX20 MAX30 MAX60 MIN5 MIN10 MIN20 MIN30 MIN60 QTLU5 QTLU10 QTLU20 QTLU30 QTLU60 QTLD5 QTLD10 QTLD20 QTLD30 QTLD60 RANK5 RANK10 RANK20 RANK30 RANK60 RSV5 RSV10 RSV20 RSV30 RSV60 IMAX5 IMAX10 IMAX20 IMAX30 IMAX60 IMIN5 IMIN10 IMIN20 IMIN30 IMIN60 IMXD5 IMXD10 IMXD20 IMXD30 IMXD60 CORR5 CORR10 CORR20 CORR30 CORR60 CORD5 CORD10 CORD20 CORD30 CORD60 CNTP5 CNTP10 CNTP20 CNTP30 CNTP60 CNTN5 CNTN10 CNTN20 CNTN30 CNTN60 CNTD5 CNTD10 CNTD20 CNTD30 CNTD60 SUMP5 SUMP10 SUMP20 SUMP30 SUMP60 SUMN5 SUMN10 SUMN20 SUMN30 SUMN60 SUMD5 SUMD10 SUMD20 SUMD30 SUMD60 VMA5 VMA10 VMA20 VMA30 VMA60 VSTD5 VSTD10 VSTD20 VSTD30 VSTD60 WVMA5 WVMA10 WVMA20 WVMA30 WVMA60 VSUMP5 VSUMP10 VSUMP20 VSUMP30 VSUMP60 VSUMN5 VSUMN10 VSUMN20 VSUMN30 VSUMN60 VSUMD5 VSUMD10 VSUMD20 VSUMD30 VSUMD60
feature_infos=[-0.16749253869056702:0.23587034642696381] [0:0.33308270573616028] [-1:1] [0:0.27153289318084717] [0:1] [0:0.21718749403953552] [0:1] [-0.31147539615631104:0.23587034642696381] [-1:1] [0.80914634466171265:1.2011904716491699] [1:1.365384578704834] [0.7725520133972168:1] [0.90894031524658203:1.0927579402923584] [0.57777780294418335:1.6790908575057983] [0.54954206943511963:1.8924485445022583] [0.46860837936401367:2.2146341800689697] [0.46312057971954346:2.740487813949585] [0.36440131068229675:2.649662971496582] [0.74611109495162964:1.3455072641372681] [0.65066665410995483:1.4951817989349365] [0.60133224725723267:1.7117466926574707] [0.56646168231964111:1.9959673881530762] [0.4937971830368042:1.8649090528488159] [0:0.26957115530967712] [0:0.32280367612838745] [0:0.36472421884536743] [0:0.57258552312850952] [0:0.50059491395950317] [-0.16409091651439667:0.12254486232995987] [-0.11048160493373871:0.12254486232995987] [-0.11048160493373871:0.12254486232995987] [-0.11048160493373871:0.12254486232995987] [-0.11048160493373871:0.12254486232995987] [0:1] [0:1] [0:1] [0:1] [0:1] [-0.15193372964859009:0.13264167308807373] [-0.24554997682571411:0.20802642405033112] [-0.40848860144615173:0.27864286303520203] [-0.44566619396209717:0.33016127347946167] [-0.96870207786560059:0.3971981406211853] [1:1.6472727060317993] [1:1.9298244714736938] [1:2.2439024448394775] [1:3.3160974979400635] [1:3.3160974979400635] [0.5718809962272644:1] [0.54045307636260986:1] [0.4660193920135498:1] [0.43721681833267212:1] [0.33789625763893127:1] [0.86334514617919922:1.4843636751174927] [0.72140765190124512:1.7869091033935547] [0.59200000762939453:2.054157018661499] [0.56569522619247437:2.423609733581543] [0.56576049327850342:2.3250908851623535] [0.60694897174835205:1.2689855098724365] [0.54922223091125488:1.4057971239089966] [0.49352750182151794:1.5574545860290527] [0.47533980011940002:1.5740000009536743] [0.38890489935874939:1.5950908660888672] [0.20000000298023224:1] [0.10000000149011612:1] [0.05000000074505806:1] [0.033333335071802139:1] [0.01666666753590107:1] [0:1] [0:1] [0:1] [0:1] [0:1] [0.20000000298023224:1] [0.10000000149011612:1] [0.05000000074505806:1] [0.033333335071802139:1] [0.01666666753590107:1] [0.20000000298023224:1] [0.10000000149011612:1] [0.05000000074505806:1] [0.033333335071802139:1] [0.01666666753590107:1] [-0.80000001192092896:0.80000001192092896] [-0.89999997615814209:0.89999997615814209] [-0.94999998807907104:0.94999998807907104] [-0.96666663885116577:0.96666663885116577] [-0.98333334922790527:0.98333334922790527] [-1:1] [-1:1] [-1:1] [-1:1] [-1:1] [-1:1] [-1:1] [-1:1] [-1:1] [-1:1] [0:1] [0:1] [0:0.90909093618392944] [0:0.90909093618392944] [0:0.90909093618392944] [0:1] [0:1] [0:0.89999997615814209] [0:0.8571428656578064] [0:0.8571428656578064] [-1:1] [-1:1] [-0.83333331346511841:0.90909093618392944] [-0.83333331346511841:0.90909093618392944] [-0.83333331346511841:0.90909093618392944] [0:1] [0:1] [0:1] [0:1] [0:1] [0:1] [0:1] [0:1] [0:1] [0:1] [-1:1] [-1:1] [-1:1] [-1:1] [-1:1] [0.20013266801834106:26452.083984375] [0.10012400150299072:23627.859375] [0.050104878842830658:26698.134765625] [0.033777147531509399:28136.5] [0.017187755554914474:26107.111328125] [0.00080492562847211957:59102.5] [0.0021778203081339598:49210.34375] [0.0021778203081339598:56418.4921875] [0.0021778203081339598:57003.12109375] [0.0021778203081339598:42065.70703125] [0:2.2360680103302002] [0:3.1615598201751709] [0:4.4708261489868164] [0:5.4656624794006348] [0:7.5986995697021484] [0:1] [0:1] [0:1] [0:1] [0:1] [0:1] [0:1] [0:1] [0:1] [0:1] [-1:1] [-1:1] [-1:1] [-1:1] [-1:1]
tree_sizes=3062 3070 3036 3115 3005 3079 3118 3030 3019 3076 3096 3004 3079 3104 3034 3096 3043 3045 3081 3062 2966 3046 3119 3105 3098 3087 3076 3110 3074 3096 3096 3095 3046 3111 3053 3051 3081 3005 3006 3093 2958 3080 3056 3086 3031 3080 3013 3062 3078 3042 3065 3102 3049 3046

Tree=0
num_leaves=31
num_cat=0
split_feature=16 26 40 71 15 12 61 18 118 2 82 40 14 33 14 31 35 140 31 43 65 79 79 17 14 27 4 18 84 16
split_gain=151.447 110.099 112.637 100.054 79.7099 116.37 114.683 75.1788 69.0937 61.2974 71.2356 60.0849 84.397 58.5618 83.8609 52.4897 49.6071 71.2391 51.0256 47.266 44.3771 43.6937 42.5915 67.9978 67.3652 48.173 45.2087 39.6976 36.4021 36.3434
threshold=1.2134523987770083 0.019957090727984909 -0.03028710093349218 0.58490541577339183 0.79522016644477855 0.98791822791099559 0.78207102417945873 1.0269005894660952 0.40540660917758947 0.73333641886711132 0.20833333581686023 -0.0076378823723644009 0.89634749293327343 0.27109399437904363 0.91219791769981395 0.0094258100725710409 0.57333543896675121 0.79336690902709972 -0.0081817042082548124 1.0539574027061465 0.1757352948188782 0.45000000298023229 0.84999999403953563 1.0107839703559878 0.86288151144981395 0.13763813674449923 0.42307175695896154 1.0242571830749514 0.65000000596046459 1.1536709666252138
decision_type=10 10 8 10 8 10 8 10 10 10 2 10 10 8 8 10 10 10 10 10 10 2 2 10 10 10 10 10 2 10
left_child=1 8 3 22 5 11 9 -5 -1 10 -6 -4 -13 14 -8 -7 20 -18 -19 -20 -2 -17 24 25 26 -24 -3 -15 -9 -25
right_child=16 2 4 7 6 15 13 28 -10 -11 -12 12 -14 27 -16 21 17 18 19 -21 -22 -23 23 29 -26 -27 -28 -29 -30 -31
leaf_value=0.0020389084639564773 -0.0056829827222980422 9.8532876985401508e-10 -0.029884651652458249 0.0026283656088356834 -0.003435836973439515 -0.0053135155134870528 0.0046815177073841413 0.011783914579728393 0.00014283252432774199 9.8532876985401508e-10 0.020482242700099754 -0.013437635858825596 0.012185984319585235 -0.00022022487423252062 -0.0016954470362584464 0.0081240806728178818 -0.0010274650027118604 0.013470059140506184 -0.0047504715625023694 0.0082209417666997929 0.0050801351429901236 -0.0098489724596176643 0.0023566461582673727 -0.002150367692948376 -0.0038248731521197863 0.012676176827543587 0.016387033061820645 -0.0026703867859861285 -0.00030207405973252383 0.0034090033094041718
leaf_weight=28088 575 395 175 6427 112 1101 1876 1381 45968 340 475 715 109 123352 57125 640 656 1433 314 824 788 118 6482 5666 4002 436 233 6271 209 1249
leaf_count=28088 575 395 175 6427 112 1101 1876 1381 45968 340 475 715 109 123352 57125 640 656 1433 314 824 788 118 6482 5666 4002 436 233 6271 209 1249
internal_value=-4.60389e-05 -0.000131933 -0.000471109 0.00135872 -0.00072461 -0.0056935 -0.000647515 0.00415393 0.000866383 0.00974555 0.0154616 -0.0138687 -0.00948421 -0.00070121 -0.00148608 -0.00103976 0.00534764 0.00736965 0.00961938 0.00436254 0.000306128 0.0047593 0.00012557 0.000974683 -0.00234008 0.00308493 0.00648497 -0.000341468 0.0100249 -0.00109603
internal_weight=297535 292945 218889 26480 192409 2858 189551 8017 74056 927 587 999 824 188624 59001 1859 4590 3227 2571 1138 1363 758 18463 13833 4630 6918 628 129623 1590 6915
internal_count=297535 292945 218889 26480 192409 2858 189551 8017 74056 927 587 999 824 188624 59001 1859 4590 3227 2571 1138 1363 758 18463 13833 4630 6918 628 129623 1590 6915
is_linear=0
shrinkage=1


Tree=1
num_leaves=31
num_cat=0
split_feature=16 29 40 125 16 57 121 33 42 79 17 114 46 17 46 46 7 11 38 69 61 59 42 82 4 33 30 140 10 23
split_gain=143.406 86.112 99.0958 95.6617 96.6967 83.5343 72.9782 92.0751 63.5446 96.0852 111.434 85.0351 72.1366 67.8728 60.2351 59.78 57.6121 56.3022 56.1866 69.021 66.218 62.5267 55.8261 51.7552 50.3224 49.8834 56.3916 49.7422 47.5196 47.4849
threshold=1.2134523987770083 -0.0014534671790897844 -0.03028710093349218 0.47609719634056097 0.74334150552749645 1.1707353591918948 0.34403678774833685 0.33988031744956976 -0.077593009918928132 0.84999999403953563 0.68147727847099315 0.37464962899684912 1.0831248760223391 1.1181014180183413 1.010714650154114 1.102526128292084 0.014886567369103433 0.9890713393688203 0.016639019362628463 0.24705918133258822 0.97558137774467479 0.95081713795661937 0.019939024932682518 0.92500001192092907 0.42307175695896154 0.97710019350051891 -0.0054358241613954297 0.79336690902709972 1.0187746882438662 0.028495948761701587
decision_type=10 8 8 10 8 10 10 10 10 2 8 10 10 10 8 10 10 8 8 10 10 10 10 2 10 10 10 10 10 10
left_child=1 8 6 5 -5 14 -3 15 9 11 -11 -1 -10 24 23 -8 29 -16 19 -14 -21 -20 -23 -4 -12 26 27 -2 -6 -9
right_child=25 2 3 4 28 -7 7 16 12 10 13 -13 18 -15 17 -17 -18 -19 21 20 -22 22 -24 -25 -26 -27 -28 -29 -30 -31
leaf_value=0.00017802363597491943 0 0.008294025349349643 0.0015481067309187602 -0.010238340095755435 -0.0020990484559857306 0.0046202926515939262 0.00016616517220356629 0.0030388831633405369 -0.00010097651170632284 0.018786165206317217 0.0048506428856348654 -0.011013706925410326 -0.0011552030383533607 -0.0037952546248836028 -0.00090949965282639464 -0.010863563394745535 -0.0077921104751384031 0.00044133518401499367 -0.010620992298517375 -0.0086118574585703576 -0.0027678371417818879 0.0015069487533858558 0.012744876947536928 0.015463813023875938 -0.0014142317928636707 -0.011215025152739705 0 0.009379214594673493 0.0035335120665768429 0.010607528697399747
leaf_weight=1761 646 2141 21530 1226 11049 4060 1099 3182 48645 371 5217 876 35978 1338 40492 666 305 88214 280 2038 15216 2342 486 229 1383 131 1072 2801 1482 1059
leaf_count=1761 646 2141 21530 1226 11049 4060 1099 3182 48645 371 5217 876 35978 1338 40492 666 305 88214 280 2038 15216 2342 486 229 1383 131 1072 2801 1482 1059
internal_value=-5.07531e-06 -8.93025e-05 0.000326299 0.000165025 -0.00222719 0.000380201 0.00349392 0.00179705 -0.000725411 0.00143707 0.00303879 -0.00348183 -0.000953964 0.00221974 0.000263198 -0.00390278 0.00408313 1.39453e-05 -0.00168483 -0.0019169 -0.00348466 0.00218095 0.00361949 0.0017224 0.00349224 0.00520951 0.00579905 0.00765936 -0.00140443 0.00504014
internal_weight=297315 292665 176734 168282 13757 154525 8452 6311 115931 10946 8309 2637 104985 7938 150465 1765 4546 128706 56340 53232 17254 3108 2828 21759 6600 4650 4519 3447 12531 4241
internal_count=297315 292665 176734 168282 13757 154525 8452 6311 115931 10946 8309 2637 104985 7938 150465 1765 4546 128706 56340 53232 17254 3108 2828 21759 6600 4650 4519 3447 12531 4241
is_linear=0
shrinkage=0.03


Tree=2
num_leaves=31
num_cat=0
split_feature=16 26 40 71 28 113 29 22 42 12 52 42 60 36 52 33 3 140 35 50 1 49 103 35 79 35 110 142 121 15
split_gain=140.133 101.108 83.8194 118.676 76.0659 64.9505 60.6422 115.561 76.0989 73.0669 83.9945 68.6216 66.8741 60.463 77.4532 91.4336 56.2055 55.238 54.5637 53.0576 48.8823 50.2459 98.5827 49.2829 48.3613 46.1029 44.0351 42.3474 40.9362 43.7802
threshold=1.2134523987770083 0.019957090727984909 -0.03028710093349218 0.58490541577339183 -0.016901408322155472 0.59999957680702221 -0.00083035664283670474 1.0969684123992922 -0.088266666978597627 1.0018898844718935 0.64670878648757946 0.11673956364393236 0.82561990618705761 0.80852362513542186 0.91919484734535228 0.55755510926246654 0.0033726663095876579 0.76962366700172435 0.82385900616645824 0.97860965132713329 0.05621656775474549 0.83663558959960949 0.77500000596046459 0.44577431678771978 0.84999999403953563 0.085463531315326705 0.30384616553783422 2.603542804718018 0.58121579885482799 1.1222168207168581
decision_type=10 10 8 10 10 10 10 10 10 10 10 8 10 10 10 10 10 10 10 10 10 10 2 10 2 10 2 10 10 10
left_child=1 5 3 20 -5 -1 8 9 16 11 -11 -8 -10 -2 -15 19 25 -17 -14 -16 21 22 -3 -22 -23 -4 27 -6 -9 -30
right_child=13 2 6 4 26 -7 7 28 12 10 -12 -13 18 14 15 17 -18 -19 -20 -21 23 24 -24 -25 -26 -27 -28 -29 29 -31
leaf_value=0.00021517840338472125 0.0016352685830048747 -0.003851101476027379 0.021910433502897859 0.015091857481287838 0.0052326658885039103 0.0020711910673769465 -0.00068117885154229973 -0.0020406741023037719 -0.021324936449489941 -0.007770454381570634 0.001009847053899284 -0.0053496470551405249 -0.0017511788343622168 0.020835680479660605 0.0025801838495527279 -0.00012103653630770255 0 0.013681213000187518 0.00033586602731226436 -0.015030054289412188 0 -0.0037783229794757984 0.026819540526685788 0.010291284898863598 1.1936094043444092e-05 0.00500124675906691 -0.0014783438536431347 -0.0030274161581345712 0.0091069135909737399 0
leaf_weight=47045 2361 166 166 538 5641 26911 67527 486 134 982 35813 2965 64499 391 391 294 2361 991 13374 211 884 3901 154 756 12648 1349 1291 559 2027 689
leaf_count=47045 2361 166 166 538 5641 26911 67527 486 134 982 35813 2965 64499 391 391 294 2361 991 13374 211 884 3901 154 756 12648 1349 1291 559 2027 689
internal_value=1.84305e-05 -6.26718e-05 -0.000387623 0.00118849 0.00423064 0.000894974 -0.00060671 -0.000145028 -0.00122583 -0.000315734 0.000763272 -0.000883258 -0.00143245 0.00518121 0.00867958 0.00581133 0.00284151 0.01034 -0.0013889 -0.00339467 -0.000118117 -0.000616573 0.0107362 0.00477393 -0.000866896 0.00731078 0.00337254 0.00443235 0.00544803 0.00690282
internal_weight=297505 292866 218910 26538 8029 73956 192372 110489 81883 107287 36795 70492 78007 4639 2278 1887 3876 1285 77873 602 18509 16869 320 1640 16549 1515 7491 6200 3202 2716
internal_count=297505 292866 218910 26538 8029 73956 192372 110489 81883 107287 36795 70492 78007 4639 2278 1887 3876 1285 77873 602 18509 16869 320 1640 16549 1515 7491 6200 3202 2716
is_linear=0
shrinkage=0.03


Tree=3
num_leaves=31
num_cat=0
split_feature=16 26 27 56 49 39 124 11 14 34 39 33 49 3 120 113 86 30 104 31 33 23 36 140 82 115 59 120 26 29
split_gain=127.597 100.248 71.3967 93.6204 102.853 134.447 88.7166 74.6259 68.8311 68.8176 61.0314 54.3178 55.9231 59.316 54.1021 53.5939 53.4643 56.5406 51.8929 44.601 43.2328 48.5665 57.2849 50.281 39.3845 78.6716 38.716 38.6049 36.8608 34.201
threshold=1.2134523987770083 0.019957090727984909 0.073966544121503844 0.9244641661643983 0.83663558959960949 0.02645199187099934 0.52809143066406261 0.97156038880348217 0.89634749293327343 0.27199493348598486 0.015818764455616478 0.31702817976474768 0.88573256134986889 0.0068807348143309363 0.26573419570922857 0.59999957680702221 -0.81666666269302357 -0.0018743785331025717 0.38750000298023229 0.0065491858404129752 0.97710019350051891 0.017085204832255844 0.79461315274238598 0.97945794463157665 0.92500001192092907 0.58415833115577709 0.89080721139907848 0.28508749604225164 0.028825930319726471 -0.0085538453422486765
decision_type=10 10 10 10 10 10 10 10 8 10 10 8 10 10 10 8 2 10 2 10 10 10 10 10 2 10 10 10 10 10
left_child=1 15 10 6 5 18 8 14 -4 -9 11 12 26 -14 -6 -1 17 -13 -5 24 21 -2 -23 -24 28 -26 -3 -8 -12 -21
right_child=20 2 3 4 7 -7 27 9 -10 -11 19 16 13 -15 -16 -17 -18 -19 -20 29 -22 22 23 -25 25 -27 -28 -29 -30 -31
leaf_value=0.00024586407012150684 -0.00081914332511183441 -0.0020465491194541566 -0.01952229735197146 0.0058442699780623308 -0.0064775020552463904 -0.0093025291681784628 -0.0037172241182679682 0.0017716497135548087 0.0013537301579169159 -0.00097303539113466895 -0.0011077254911705692 -0.0008301823493316419 -0.00081059010004056842 -0.0032755999528840791 0.0042421351450512889 0.0019199267608311392 0.0002082473171646225 -0.0058149659352926177 0.019667312733169014 0.016658813486030946 -0.010092154275021189 0.0027674295598647835 0.0065036754067193964 0.017521951742850147 -0.00085306930308175102 0.023037590458102167 0.0092264479584869396 0.010042225324123362 -0.0042303376169500837 0.00064295987230359136
leaf_weight=46337 795 360 524 584 415 266 721 13442 154 21052 5546 10684 35711 11892 6404 27847 89147 2584 588 160 134 1718 1237 664 6614 106 740 223 10304 501
leaf_count=46337 795 360 524 584 415 266 721 13442 154 21052 5546 10684 35711 11892 6404 27847 89147 2584 588 160 134 1718 1237 664 6614 106 740 223 10304 501
internal_value=3.65267e-06 -7.29248e-05 -0.000397096 0.000673716 0.000949406 0.00879777 -0.006333 0.000664842 -0.0144478 8.82583e-05 -0.000671392 -0.000448646 -0.00127348 -0.00143381 0.00352884 0.00087866 -5.32987e-05 -0.00183086 0.0132447 -0.00210583 0.00497989 0.00554856 0.00702664 0.0106508 -0.00234157 -0.00036447 0.00529858 -1.47327e-05 -0.0031594 0.00533564
internal_weight=297454 292906 218722 44373 42751 1438 1622 41313 678 34494 174349 151118 48703 47603 6819 74184 102415 13268 1172 23231 4548 4414 3619 1901 22570 6720 1100 944 15850 661
internal_count=297454 292906 218722 44373 42751 1438 1622 41313 678 34494 174349 151118 48703 47603 6819 74184 102415 13268 1172 23231 4548 4414 3619 1901 22570 6720 1100 944 15850 661
is_linear=0
shrinkage=0.03


Tree=4
num_leaves=31
num_cat=0
split_feature=16 30 16 125 16 68 35 126 58 22 61 74 7 19 17 61 83 39 1 41 42 13 81 1 37 12 25 36 25 11
split_gain=111.211 80.1219 108.889 86.8054 66.9401 98.503 62.2995 55.1059 61.5606 95.8534 52.8881 47.2831 45.3844 51.7765 49.3869 44.1228 43.0935 41.4523 40.3338 55.7664 86.0282 43.9769 40.0096 39.2312 73.9737 38.4802 40.3528 42.5204 37.5928 42.0957
threshold=1.2134523987770083 -0.00045133140520192677 0.93089857697486889 0.47609719634056097 0.74334150552749645 0.69811341166496288 0.20674375444650653 0.395061805844307 1.0261372327804568 0.89644062519073497 0.82425016164779674 0.15000000223517421 -0.021452756598591801 1.0100356340408327 0.68147727847099315 0.78207102417945873 0.70000001788139354 0.023322017863392833 0.022352968342602256 -0.03192853927612304 -0.0058302853722125283 0.98087087273597728 0.25000000745058065 0.069322951138019576 0.73059070110321056 1.0067269802093508 0.026431445032358173 0.90145623683929454 0.011767348740249874 0.97156038880348217
decision_type=10 8 8 10 8 10 10 8 10 10 10 2 8 8 8 10 10 10 10 10 10 8 2 10 10 10 8 10 8 8
left_child=1 2 6 7 5 15 11 8 28 10 -10 -1 14 -14 -9 -5 -7 -8 -4 -20 21 -21 -18 -2 -25 26 -6 -28 -3 -30
right_child=23 3 18 4 25 16 17 12 9 -11 -12 -13 13 -15 -16 -17 22 -19 19 20 -22 -23 -24 24 -26 -27 27 -29 29 -31
leaf_value=0.0041398677350872361 0.0031918884721033563 0.0016422485061034764 -9.2592408243019221e-05 0.0083477138913986924 0.00086931139425583262 -0.019612428787717191 -0.0072860996591154678 -0.020437565451241368 0 0.001336852291473595 0.022218409394094678 -0.0048901339574604413 0.0032328484788760065 0.015751171575854265 0 -0.01183011761162339 0 -0.020855696675912215 0.00070410401803414904 -0.0068243050950962158 0 -0.0024928328001006229 -0.015819968780110161 0.0025405126794836126 0.022058147023282019 0.0045133882618419415 -0.0038448313439115927 0.0016837635227133362 0.0021155829251674118 7.7465261177606687e-06
leaf_weight=681 3845 18443 87428 366 3842 489 1317 116 122 1306 377 1800 6177 311 455 103 342 281 10285 2520 13952 17422 206 485 303 965 6606 1448 9278 106482
leaf_count=681 3845 18443 87428 366 3842 489 1317 116 122 1306 377 1800 6177 311 455 103 342 281 10285 2520 13952 17422 206 485 303 965 6606 1448 9278 106482
internal_value=-1.31819e-05 -8.72266e-05 -0.000622272 0.000372022 -0.00184427 -0.00781935 -0.00544452 0.000596909 0.00045994 0.00594424 0.0169086 -0.00227829 0.00318478 0.00392557 -0.00457282 0.00300023 -0.0129607 -0.010086 -0.000469728 -0.00120889 -0.0017983 -0.0030615 -0.00601534 0.00458723 0.0107769 -0.00111025 -0.00159842 -0.002812 0.000383068 0.000179614
internal_weight=297753 293120 135686 157434 14367 1506 4079 143067 136008 1805 499 2481 7059 6488 571 469 1037 1598 131607 44179 33894 19942 548 4633 788 12861 11896 8054 134203 115760
internal_count=297753 293120 135686 157434 14367 1506 4079 143067 136008 1805 499 2481 7059 6488 571 469 1037 1598 131607 44179 33894 19942 548 4633 788 12861 11896 8054 134203 115760
is_linear=0
shrinkage=0.03


Tree=5
num_leaves=31
num_cat=0
split_feature=16 26 0 22 50 113 58 17 35 26 52 49 49 20 61 118 25 23 56 27 118 37 14 12 84 30 140 36 52 124
split_gain=112.511 88.7738 91.7321 93.9201 90.6657 73.5312 72.4089 115.231 59.6315 57.9355 51.319 69.1926 49.9098 49.6825 87.744 74.0442 76.9629 71.5715 69.769 61.6312 51.5701 49.1603 64.4918 53.6291 47.9238 43.3374 49.5196 52.1056 40.8151 37.4914
threshold=1.2134523987770083 0.021510939113795761 -0.0069204140454530707 0.97593405842781078 0.86915889382362377 0.59999957680702221 1.0077207088470461 0.72311478853225719 0.76851913332939159 0.042614759877324111 0.68638524413108837 0.98036465048789989 0.88573256134986889 0.89400815963745128 0.82425016164779674 0.58333316445350658 0.093976024538278594 0.028495948761701587 0.9244641661643983 0.11869724467396738 0.35000000894069677 0.8470100760459901 0.86288151144981395 0.98920628428459179 0.45000000298023229 -0.006775311427190899 0.81508404016494762 0.79461315274238598 0.81192451715469371 -0.70149222016334523
decision_type=10 10 10 10 10 8 10 8 10 10 10 10 10 10 10 10 10 10 10 10 10 8 8 10 2 10 10 10 10 10
left_child=1 5 3 6 -5 -1 7 9 28 -3 11 -8 -9 15 17 16 24 20 -18 -19 -15 22 -16 -23 -4 26 -2 -28 -6 -10
right_child=25 2 13 4 8 -7 10 12 29 -11 -12 -13 -14 14 21 -17 18 19 -20 -21 -22 23 -24 -25 -26 -27 27 -29 -30 -31
leaf_value=5.2207176402359391e-05 0 0.001963111395012884 0.010864352181849208 0.0079632855571430319 -0.0063918755079238176 0.0018472240248563416 0.0034025997778557534 0.0065640416259001135 0.0060803300289516259 -0.0090414654717858641 0.003666145485778404 0.021604394482289391 0.001241165279122352 -0.0019273683613001992 0.0090856708405098567 0.01642788615205627 -0.021313657949651087 0.0052785429125063558 -0.0034004964458492948 0.024886291029601978 0.0054142295910289849 0.0047692569369511845 -0.001127772331157981 -7.606063628054358e-05 -0.0037605820838573982 0.00010503402354533553 0.0027883294648285931 0.012339605524795341 -0.0008878108753458203 0.00072573377777816772
leaf_weight=55407 725 553 193 1136 1265 32960 485 1857 1477 1389 5328 360 12337 1748 533 122 437 554 440 219 1598 2530 118691 10025 2322 1419 960 1443 31885 6449
leaf_count=55407 725 553 193 1136 1265 32960 485 1857 1477 1389 5328 360 12337 1748 533 122 437 554 440 219 1598 2530 118691 10025 2322 1419 960 1443 31885 6449
internal_value=4.47371e-06 -6.75129e-05 -0.000412598 0.000519688 -0.000306322 0.000725391 0.00209493 0.00101159 -0.000546091 -0.00576685 0.0048659 0.0118243 0.00196692 -0.000846231 -0.00075212 -0.00437606 -0.00530415 0.00353475 -0.0129371 0.0116995 0.00150108 -0.000888907 -0.00107808 0.000882511 -0.00244307 0.00467779 0.00664305 0.00870219 -0.00111062 0.0017741
internal_weight=296847 292300 203933 64521 42212 88367 22309 16136 41076 1942 6173 845 14194 139412 135898 3514 3392 4119 877 773 3346 131779 119224 12555 2515 4547 3128 2403 33150 7926
internal_count=296847 292300 203933 64521 42212 88367 22309 16136 41076 1942 6173 845 14194 139412 135898 3514 3392 4119 877 773 3346 131779 119224 12555 2515 4547 3128 2403 33150 7926
is_linear=0
shrinkage=0.03


Tree=6
num_leaves=31
num_cat=0
split_feature=22 29 40 52 22 139 26 10 62 58 7 61 115 76 54 52 107 104 33 35 17 15 79 27 25 7 33 12 26 5
split_gain=91.7001 80.431 103.744 85.9115 85.8626 81.1721 77.6801 70.7461 75.1775 68.265 66.2052 61.5486 60.4051 58.3238 58.5112 79.9346 57.8284 55.0454 53.9402 53.4677 73.966 100.953 97.4439 116.204 93.8151 53.0805 50.4227 49.2521 47.6537 46.0579
threshold=1.1709007024765017 -0.0014534671790897844 -0.03028710093349218 0.76826438307762157 1.0969684123992922 1.4312865138053896 0.022564915940165523 1.0171172022819521 0.70325466990470897 0.9277976155281068 -0.011494310572743414 0.92610874772071849 0.73809498548507702 0.25000000745058065 1.0853086709976199 0.94128873944282543 0.36700680851936346 0.35416667163372045 0.53785285353660595 0.82385900616645824 1.0508814454078677 0.92874178290367138 0.84999999403953563 0.11869724467396738 0.021591071970760826 -0.039923449978232377 0.43173891305923467 0.99375000596046459 0.030216498300433162 0.0054884846322238454
decision_type=10 8 8 10 10 10 10 10 10 10 10 10 8 2 10 10 2 2 10 10 10 8 2 10 10 10 10 10 10 8
left_child=1 9 3 5 6 16 29 12 -9 11 -7 -1 -8 14 15 -2 -3 26 -17 20 22 -22 24 -24 -11 -18 -5 -21 -23 -4
right_child=13 2 4 17 -6 10 7 8 -10 19 -12 -13 -14 -15 -16 18 25 -19 -20 27 21 28 23 -25 -26 -27 -28 -29 -30 -31
leaf_value=-0.023744546791655812 0.0088314534695326415 -0.00057907444753006775 0.0013553770331509076 -0.012448293278995114 0.0045762041407927164 0.0085203938588284834 -0.00050802100764191975 -0.0061286760023712052 0.0016699349489365247 0.00036954442239941723 -0.010716409720995723 -0.0022401599061956244 -0.0030584359652933253 -0.0020973363894507702 0.0090487216973735088 -0.012492141898949214 0.023087525487413774 0.0026832726614727806 0.0014820784411921468 -0.0027347514646847951 0.010453344050593586 -0.0010352602254190555 0.00047844550677846249 0.0088404523087623355 -0.0031929675098008254 0.0091789686051575205 0.00054186580050332583 0.0017875778678358193 -0.0031835966745251444 -0.00054151711277087308
leaf_weight=198 720 365 49553 438 3937 257 71089 1151 18439 12129 346 358 9550 993 2185 393 328 4265 537 2535 562 20190 32197 1557 14349 1946 549 13078 18188 14737
leaf_count=198 720 365 49553 438 3937 257 71089 1151 18439 12129 346 358 9550 993 2185 393 328 4265 537 2535 562 20190 32197 1557 14349 1946 549 13078 18188 14737
internal_value=3.88841e-05 -2.79681e-05 0.000372728 0.00360584 0.000207516 0.00744798 0.000100605 -0.00041941 0.00119065 -0.000645253 -0.00202577 -0.0109776 -0.000814467 0.00413147 0.00582464 0.00131829 0.00972447 0.00115797 -0.00424604 -0.000590688 -0.000849266 -0.00186873 -0.000184802 0.000878056 -0.00155069 0.0114997 -0.00505759 0.00103156 -0.00206233 0.00091586
internal_weight=297119 292291 176950 8494 168456 3242 164519 100229 19590 115341 603 556 80639 4828 3835 1650 2639 5252 930 114785 99172 38940 60232 33754 26478 2274 987 15613 38378 64290
internal_count=297119 292291 176950 8494 168456 3242 164519 100229 19590 115341 603 556 80639 4828 3835 1650 2639 5252 930 114785 99172 38940 60232 33754 26478 2274 987 15613 38378 64290
is_linear=0
shrinkage=0.03


Tree=7
num_leaves=31
num_cat=0
split_feature=26 16 29 101 25 13 38 15 26 38 1 38 5 26 27 23 27 67 44 33 30 31 20 81 29 35 84 100 127 118
split_gain=98.6573 121.892 135.315 103.967 111.505 89.3748 160.238 88.8657 69.7019 93.6001 76.279 72.1041 67.978 67.1275 62.4631 60.8471 57.3533 66.412 53.4342 88.9592 53.0013 51.9529 51.3791 55.3132 46.3903 71.3604 45.7267 45.3434 45.0174 40.5286
threshold=0.10642701387405397 0.74334150552749645 0.011650528293102981 0.36515152454376226 0.072090011090040221 0.97916671633720409 -0.0074257208034396163 1.0112676024436953 0.019957090727984909 -0.00086003070464357723 0.05621656775474549 0.016639019362628463 0.0090580172836780565 0.047319468110799796 0.13763813674449923 0.022778617218136791 0.13763813674449923 0.766954004764557 1.0472003221511843 0.4090899527072907 -0.00059978547506034363 -0.0045869927853345862 0.95932337641716015 0.11666667088866235 -0.0006237931374926119 0.50250637531280529 0.75000000000000011 0.60555556416511547 0.21830517053604129 0.40540660917758947
decision_type=10 8 10 2 10 10 10 10 10 10 10 10 10 10 10 10 8 10 10 10 10 10 10 2 10 10 2 2 10 10
left_child=1 2 15 -2 7 6 -6 -5 29 10 18 16 24 -12 -13 -1 20 -18 21 -20 -11 -10 23 -8 -7 -26 -4 -15 -16 -3
right_child=3 8 26 4 5 12 22 -9 9 11 13 14 -14 27 28 -17 17 -19 19 -21 -22 -23 -24 -25 25 -27 -28 -29 -30 -31
leaf_value=-0.0061026980213868274 0.021018209846615142 0.0016625658887510621 -0.018632949079690514 0.016058544813807279 0.0043347632482688084 0.0015062709182401377 0 -0.00088560502865249338 0.0043245690908451364 -0.0016591636929702491 -0.0017742298717799507 0.001165198034766563 -0.0019251594284887086 0.010017872491488847 0.0022435187486799682 0.0074822714100698743 -0.00089729560942320926 -0.016138019368193594 -0.0025500994350123184 0.00044381422012186719 -0.00031260597834265161 0.00055786483619043095 0 -0.023092417548980868 0 0.021240848553818002 -0.0056558116118729787 -0.00077090424910776923 0.023432116494127891 0.00020790382071288121
leaf_weight=572 296 28173 720 836 736 495 110 362 3522 55275 832 7579 799 1732 234 568 636 475 14031 24179 51437 55529 164 483 202 426 523 372 185 45842
leaf_count=572 296 28173 720 836 736 495 110 362 3522 55275 832 7579 799 1732 234 568 636 475 14031 24179 51437 55529 164 483 202 426 523 372 185 45842
internal_value=-1.21435e-05 -8.40907e-05 -0.00681345 0.00419565 0.00296538 9.62984e-05 -0.0052811 0.0107618 -2.73e-05 -0.000300531 0.000368723 -0.000882057 0.00443929 0.00512093 0.00184931 0.000419637 -0.00108775 -0.00784876 0.000221162 -0.000648485 -0.00101309 0.00078899 -0.0148872 -0.0188775 0.00918443 0.0145402 -0.0135863 0.00797981 0.0129235 0.000765957
internal_weight=297325 292416 2383 4909 4613 3415 1493 1198 290033 216018 100197 115821 1922 2936 7998 1140 107823 1111 97261 38210 106712 59051 757 593 1123 628 1243 2104 419 74015
internal_count=297325 292416 2383 4909 4613 3415 1493 1198 290033 216018 100197 115821 1922 2936 7998 1140 107823 1111 97261 38210 106712 59051 757 593 1123 628 1243 2104 419 74015
is_linear=0
shrinkage=0.03


Tree=8
num_leaves=31
num_cat=0
split_feature=16 25 40 36 25 18 61 25 24 10 16 15 46 91 138 23 36 16 37 4 44 78 40 140 87 99 10 1 6 34
split_gain=102.595 66.8941 60.2143 102.669 61.0877 110.279 62.4102 160.079 81.1263 75.6012 62.4035 119.588 54.141 52.7822 50.9408 54.0841 68.1877 38.6464 72.8919 87.6292 48.3985 93.1276 44.6851 35.5739 35.2839 33.7174 31.5416 31.4213 28.1761 32.0484
threshold=1.2134523987770083 0.012348900549113752 -0.03028710093349218 0.82231479883193981 0.093976024538278594 0.95539629459381115 0.78207102417945873 0.049950143322348602 0.023995608091354374 1.0156872272491457 0.74334150552749645 0.89344239234924328 1.010714650154114 0.51224926114082348 0.5152861773967744 0.017085204832255844 0.80852362513542186 0.82253044843673717 0.24029485136270526 0.18181867152452472 1.0681203007698061 0.70000001788139354 -0.060680765658617013 0.78177329897880565 0.62500000000000011 0.58571431040763866 1.0382387042045595 0.017503129318356517 0.066666718572378172 0.85174643993377697
decision_type=10 8 10 10 8 10 10 10 10 10 8 10 10 10 8 10 10 8 10 10 8 10 10 10 2 2 10 10 10 10
left_child=1 27 3 17 6 13 7 8 -4 -9 11 -8 -12 -6 -2 -16 28 18 19 -3 -19 -22 -20 -18 26 -5 -7 -1 -17 -30
right_child=14 2 4 25 5 24 10 9 -10 -11 12 -13 -14 -15 15 16 23 20 22 -21 21 -23 -24 -25 -26 -27 -28 -29 29 -31
leaf_value=0.0016567495424743516 -0.0039442234502865981 -0.0050430215709244032 0.0088636676544633294 0.0099677290742157514 0 -0.0023375364303456743 -0.011823108131811366 -0.0039308332375612189 0.035906046057519098 0.0089014653487898068 0.0010170536804258385 0.006433796484076249 -0.00050540945872917808 -0.024002059551350607 -0.0013147339463250108 0.0083656567303282761 0 0.0023067590105753395 -0.0058519598635761302 0.018888734400743092 -0.0068130058166351246 9.2650033823337308e-05 0.0041223766649780332 0.013640216872662524 -0.013315377878548388 0.0019514475396495532 0.0087561547374934885 -0.00058451624599024129 -0.0020865004910064254 0.010251296595950079
leaf_weight=27232 520 155 366 1442 106 662 1073 1251 162 591 23342 420 201351 341 749 551 237 6746 565 486 1957 15147 1236 1352 158 870 316 6858 981 213
leaf_count=27232 520 155 366 1442 106 662 1073 1251 162 591 23342 420 201351 341 749 551 237 6746 565 486 1957 15147 1236 1352 158 870 316 6858 981 213
internal_value=1.8539e-05 -5.04492e-05 -0.000216042 0.0010789 -0.000378374 -0.00622518 -0.000336025 0.00447656 0.0187158 7.66414e-05 -0.000388169 -0.00647177 -0.000345838 -0.0185368 0.00445354 0.00561019 0.00725392 0.000531047 0.00411433 0.0126705 0.000148448 -0.000686994 0.000798632 0.0117793 -0.000884316 0.00712247 0.00104997 0.00119699 0.00287635 0
internal_weight=297436 292833 258743 28604 230139 1583 228556 2370 528 1842 226186 1493 224693 447 4603 4083 3334 26292 2442 641 23850 17104 1801 1589 1136 2312 978 34090 1745 1194
internal_count=297436 292833 258743 28604 230139 1583 228556 2370 528 1842 226186 1493 224693 447 4603 4083 3334 26292 2442 641 23850 17104 1801 1589 1136 2312 978 34090 1745 1194
is_linear=0
shrinkage=0.03


Tree=9
num_leaves=31
num_cat=0
split_feature=31 26 38 11 119 78 120 71 78 78 20 81 54 33 62 23 61 33 17 134 10 42 124 87 118 41 19 55 27 34
split_gain=80.4188 68.1443 75.8807 62.4787 61.896 68.6517 59.7168 97.2007 96.2905 66.7181 64.0409 55.7824 50.7807 53.9604 62.8163 54.9573 49.9357 54.7719 58.8693 49.6275 47.7571 46.828 44.0496 57.8924 41.6303 41.4066 36.448 47.6351 34.7485 31.9611
threshold=-0.0081817042082548124 0.022033915854990486 -0.00086003070464357723 0.97156038880348217 0.41463343799114233 0.30000000447034841 0.24009945988655093 0.87311530113220226 0.5000000149011613 0.30000000447034841 1.0532425045967104 0.050000002607703216 0.9846179485321046 0.24822935461997989 0.84344416856765758 0.011069240979850294 1.0540506839752199 0.92118591070175182 1.1111133098602297 0.3123143613338471 1.0330047607421877 0.0044587182346731433 0.38461586833000189 0.85833334922790538 0.43243257701396948 -0.0010216444497928021 0.99277445673942577 1.0698490738868716 0.071305789053440108 0.86684247851371776
decision_type=8 10 10 10 10 10 8 10 10 10 10 2 10 8 10 10 10 10 8 10 10 8 10 2 10 10 10 10 10 10
left_child=4 20 3 19 -1 26 -4 8 10 28 -8 -11 22 15 -15 -14 -7 18 -18 25 24 -10 -5 -24 -2 -3 27 -6 -9 -20
right_child=1 2 6 12 5 16 7 9 21 11 -12 -13 13 14 -16 -17 17 -19 29 -21 -22 -23 23 -25 -26 -27 -28 -29 -30 -31
leaf_value=-0.0081933166260183179 0.0014368466610960135 0.015595380451115921 -0.0041571007839509609 0.0011712001030079499 0.004187219733767289 0.00025739597389194327 -0.0030490835821905594 -0.00162061658653035 -0.0010617061385775851 -0.0014719202370890082 0.0080375710881890761 0.005121371760948663 0.00032180347966022089 0.0032465571752672341 0.00038285733633722176 -0.0024754258922416151 -0.0071493514854904959 -0.0025616222642023453 0.0090796273060337745 0 -0.0062895799136098553 0.0006888728427851792 -0.0078827273865586574 0.0027914192685316538 0.000135989614811723 0.0034530073670373286 0.0048762691455806308 0.027800997005252851 0.0037306991291348561 0.023917208684773844
leaf_weight=325 38070 533 4927 1237 171 2473 22279 5280 45757 1380 446 5332 14395 7961 53808 11031 109 310 671 905 867 19428 2011 531 54272 643 402 233 1339 229
leaf_count=325 38070 533 4927 1237 171 2473 22279 5280 45757 1380 446 5332 14395 7961 53808 11031 109 310 671 905 867 19428 2011 531 54272 643 402 233 1339 229
internal_value=1.31164e-06 -6.18151e-05 -0.000375982 0.000246837 0.00379688 0.00474116 -0.000924644 -0.00076358 -0.00112761 0.00161259 -0.00281143 0.00372087 0.000125311 0.000276352 0.000757727 -0.000880969 0.00291277 0.0075891 0.0109885 0.00536497 0.000606397 -0.000535304 -0.0032639 -0.00553152 0.000675739 0.00937591 0.0127012 0.0191826 -0.0004849 0.0136189
internal_weight=297355 292432 199223 93055 4923 4598 106168 101241 87910 13331 22725 6712 90974 87195 61769 25426 3792 1319 1009 2081 93209 65185 3779 2542 92342 1176 806 404 6619 900
internal_count=297355 292432 199223 93055 4923 4598 106168 101241 87910 13331 22725 6712 90974 87195 61769 25426 3792 1319 1009 2081 93209 65185 3779 2542 92342 1176 806 404 6619 900
is_linear=0
shrinkage=0.03


Tree=10
num_leaves=31
num_cat=0
split_feature=26 16 29 90 18 25 27 38 7 120 35 26 3 39 87 47 35 1 71 106 51 86 115 23 84 25 38 38 9 16
split_gain=94.3678 122.759 144.165 100.49 118.787 69.5754 83.4368 77.7991 80.2446 106.152 61.5498 83.0981 53.0003 68.0123 52.9128 52.4554 56.8947 80.0258 48.6627 87.0467 48.5682 45.2656 41.3781 61.1723 39.9392 46.1899 37.0699 36.0323 35.3067 34.9907
threshold=0.10642701387405397 0.74334150552749645 0.011650528293102981 0.48996327817440039 0.95539629459381115 0.012348900549113752 0.077017545700073256 -0.0025034111458808179 0.024742262437939647 0.31395338475704199 0.86783790588378917 0.066537719219923033 0.013100426178425552 -0.018283043988049027 -0.60833334922790516 1.0937066078186037 0.46494361758232122 0.05621656775474549 0.65822836756706249 0.60357144474983226 0.71678438782691967 -0.81666666269302357 0.68866857886314403 0.028495948761701587 0.84999999403953563 0.021591071970760826 -0.0011326826643198726 -0.0013932086876593528 0.95900249481201183 1.2134523987770083
decision_type=10 8 10 10 10 10 10 10 10 10 10 10 10 10 2 10 10 10 10 2 10 2 10 10 2 8 10 10 10 10
left_child=1 2 22 18 -5 -3 15 10 9 -9 11 -8 -6 -14 -10 24 21 -18 19 -2 -4 -17 23 -1 25 -7 -21 -15 -26 -12
right_child=3 5 20 4 12 6 7 8 14 -11 29 -13 13 27 -16 16 17 -19 -20 26 -22 -23 -24 -25 28 -27 -28 -29 -30 -31
leaf_value=-0.0001772976614838987 0.0012384320532300402 0.0012441945943439628 -0.016221695314193756 -0.018680432017393438 -0.0019048525569084985 0.00046508744872411021 0.0018229643768785397 0.0081702778549030165 0.0075155572717515058 -0.0017173354585516411 -0.0079100408736127621 0.0070039342384702209 0.014477302573749436 0.0076892112580795608 0.00098441712707129513 -0.0041418650981717145 -0.00042433160423422826 0.0067613243734263029 0.014505266546561592 0.029108581403188668 0 -0.0012913367558255332 -0.0058005946120775311 0.018034706956895186 -0.006980294890215984 -0.00081492101611853904 0.0059902209385139186 -0.0083292736887745529 0.0022340629816182799 0.0042378117300583698
leaf_weight=459 1331 34973 1062 258 1206 54321 10317 1017 1712 15196 706 3948 525 206 3543 5826 56827 1407 813 151 174 42631 465 215 356 47409 185 257 9589 252
leaf_count=459 1331 34973 1062 258 1206 54321 10317 1017 1712 15196 706 3948 525 206 3543 5826 56827 1407 813 151 174 42631 465 215 356 47409 185 257 9589 252
internal_value=2.50918e-06 -6.60259e-05 -0.0068303 0.00411021 -8.40722e-05 -9.13309e-06 -0.000182248 0.00113894 -1.08886e-05 -0.00106933 0.00277804 0.00328566 0.00211623 0.00726258 0.00318946 -0.000405698 -0.000881481 -0.000243306 0.00834463 0.00502589 -0.0138523 -0.00164181 0.000638432 0.00555221 4.62415e-05 -0.000128527 0.0182741 -0.000557861 0.00186076 -0.00438651
internal_weight=297337 292405 2375 4932 2452 290030 255057 36691 21468 16213 15223 14265 2194 988 5255 218366 106691 58234 2480 1667 1236 48457 1139 674 111675 101730 336 463 9945 958
internal_count=297337 292405 2375 4932 2452 290030 255057 36691 21468 16213 15223 14265 2194 988 5255 218366 106691 58234 2480 1667 1236 48457 1139 674 111675 101730 336 463 9945 958
is_linear=0
shrinkage=0.03


Tree=11
num_leaves=31
num_cat=0
split_feature=22 25 38 11 56 25 49 39 30 38 30 46 1 116 138 22 26 61 49 87 24 37 105 36 134 119 116 75 36 84
split_gain=100.032 74.4813 73.644 57.5777 56.2971 125.321 73.9096 117.856 72.169 62.3643 74.8266 63.6 51.0479 68.8126 60.6144 48.0173 91.9627 80.2456 54.8109 50.5246 48.1594 47.805 45.523 43.8754 42.4513 41.1301 38.69 38.5583 38.0713 39.6107
threshold=1.1709007024765017 0.012348900549113752 -0.00086003070464357723 0.97156038880348217 0.9244641661643983 0.093976024538278594 0.83663558959960949 0.023322017863392833 0.0033989872317761187 0.016639019362628463 -0.0078824060037732107 1.0750312209129336 0.069322951138019576 0.35365878045558935 0.73442643880844127 0.80479401350021373 0.071716159582138075 0.78207102417945873 0.92277994751930248 0.89166665077209484 0.027278836816549305 0.35701113939285284 0.67543861269950878 0.72638562321662914 0.3123143613338471 0.31515155732631689 0.71941685676574718 0.075000001117587103 0.65361580252647411 -0.84999999403953541
decision_type=10 10 10 10 10 10 10 10 10 10 10 10 10 10 10 10 10 10 10 2 10 10 2 10 10 10 10 2 10 2
left_child=1 -1 3 24 5 8 7 23 21 11 -11 -8 14 -14 22 17 20 25 -18 -19 -17 -4 -2 -6 -3 -5 -10 -9 -16 -30
right_child=12 2 4 15 6 -7 9 27 26 10 -12 -13 13 -15 28 16 18 19 -20 -21 -22 -23 -24 -25 -26 -27 -28 -29 29 -31
leaf_value=0.001200555351760825 0.0021245002236915016 0.0089392313320390132 0 -0.0049023194753822748 0.013216841105888491 -0.022646518515738154 -0.00029623711005239897 0 -0.0093927135353980406 -0.006485842286287259 0.0030747874391720128 -0.0016532098015465534 0.017300501846483841 0 0 0.00035528867288550187 0.0074441737359206648 -0.015389167949697073 0.0013881352304202343 0.0039070001777429557 -0.0012971158449209014 0.023410864763570075 -0.0080603796273572125 -0.0044275428259442015 0.00023637027775914204 0.0069662434491236684 -0.000857352538993403 -0.022629380077893911 0.00086038487521364001 0.011279249512574285
leaf_weight=34970 928 1170 132 515 917 305 73411 119 844 796 6448 54776 540 366 750 89289 2375 633 3450 113 19266 127 627 109 1005 485 1280 113 556 1131
leaf_count=34970 928 1170 132 515 917 305 73411 119 844 796 6448 54776 540 366 750 89289 2375 633 3450 113 19266 127 627 109 1005 485 1280 113 556 1131
internal_value=-2.43136e-05 -9.66144e-05 -0.0002739 0.000274724 -0.000741687 -0.00504195 -0.000654203 0.00650362 -0.00249417 -0.000723856 0.00196796 -0.000878597 0.00421737 0.010683 0.00262926 0.000181028 0.000259265 -0.0047193 0.00392568 -0.0120489 5.90771e-05 0.0115999 -0.00184193 0.0110067 0.00509338 0.000583541 -0.0044449 -0.0115135 0.00559611 0.00807147
internal_weight=297546 292648 257678 118301 139377 2688 136689 1258 2383 135431 7244 128187 4898 906 3992 116126 114380 1746 5825 746 108555 259 1555 1026 2175 1000 2124 232 2437 1687
internal_count=297546 292648 257678 118301 139377 2688 136689 1258 2383 135431 7244 128187 4898 906 3992 116126 114380 1746 5825 746 108555 259 1555 1026 2175 1000 2124 232 2437 1687
is_linear=0
shrinkage=0.03


Tree=12
num_leaves=31
num_cat=0
split_feature=32 26 38 11 28 71 120 78 138 81 1 17 46 50 10 23 13 42 57 22 58 1 8 25 38 73 64 139 10 106
split_gain=75.8986 65.5699 79.6891 64.6802 63.4279 81.2904 108.221 60.1068 53.1552 58.599 53.1993 52.8093 52.1941 50.1652 50.1066 49.466 46.2714 68.5648 58.1726 39.4974 117.534 58.5359 38.4119 37.8865 36.2928 35.4087 35.108 34.4918 32.2063 31.2927
threshold=-0.0048122901935130349 0.022033915854990486 -0.00086003070464357723 0.97156038880348217 -0.0065292017534375182 0.87311530113220226 0.24009945988655093 0.30000000447034841 0.67258787155151378 0.61666667461395275 0.069322951138019576 1.1531379222869875 1.264537572860718 0.96547159552574169 1.0330047607421877 0.02660311292856932 0.98421868681907665 -0.052447842434048646 0.88309085369110119 0.98174685239791881 1.0077207088470461 0.014244991820305588 -0.55555853247642506 0.021591071970760826 -0.019673480652272698 0.5000000149011613 0.44722221791744238 0.75027930736541759 1.0046225190162661 0.66091954708099376
decision_type=8 10 10 10 10 10 10 10 8 2 10 10 10 10 10 10 8 10 10 10 10 10 10 10 10 10 10 10 10 2
left_child=8 14 3 -3 11 16 27 -8 10 -10 28 -4 19 -13 15 26 17 -6 -18 20 -5 -21 -15 -17 -11 -14 -2 -7 -1 -26
right_child=1 2 4 12 5 6 7 -9 9 24 -12 13 25 22 -16 23 18 -19 -20 21 -22 -23 -24 -25 29 -27 -28 -29 -30 -31
leaf_value=0.0033989190512209496 -0.0001012407295922057 0.0055061629738664608 0.00097274351961531408 0 -0.010307612408518345 0.0018105987092356174 -0.00022902623683807038 0.0037895282023301924 0.00074989062332431471 0.016480718189268374 0.012107104761713875 0.002280007483213184 0.009569514405383981 0.00061078537409498131 -0.0064717093100335561 0.014176748149087717 0.01712899063815421 -0.0026963993753600719 -0.0014450680807922564 0.0013802336523372639 0.0044226927068858057 -0.0010860408039927378 -0.0061314184414280248 0 0.0036590071545826168 -0.00030208189977177726 0.0010806168669456587 -0.0049616217345720883 -0.00482010333001099 0.010625256035372817
leaf_weight=515 39203 2035 20960 31393 1160 751 6559 6553 3289 300 217 1373 853 944 875 408 130 16654 42478 11064 6496 38548 2697 277 3015 430 52100 3551 1674 817
leaf_count=515 39203 2035 20960 31393 1160 751 6559 6553 3289 300 217 1373 853 944 875 408 130 16654 42478 11064 6496 38548 2697 277 3015 430 52100 3551 1674 817
internal_value=-1.60708e-06 -9.13146e-05 -0.000405154 0.000241188 -0.000973439 -0.00140241 0.000388885 0.0017592 0.0025872 0.00385078 -0.00118609 0.000300606 0.00011592 -0.00244224 0.000563169 0.000634738 -0.00192359 -0.00321985 -0.00137335 2.37186e-05 0.000756121 -0.000529657 -0.00430764 0.00858183 0.00623128 0.00607694 0.000569964 -0.00370708 -0.00273736 0.00526958
internal_weight=297319 287492 194629 90819 103810 77836 17414 13112 9827 7421 2406 25974 88784 5014 92863 91988 60422 17814 42608 87501 37889 49612 3641 685 4132 1283 91303 4302 2189 3832
internal_count=297319 287492 194629 90819 103810 77836 17414 13112 9827 7421 2406 25974 88784 5014 92863 91988 60422 17814 42608 87501 37889 49612 3641 685 4132 1283 91303 4302 2189 3832
is_linear=0
shrinkage=0.03


Tree=13
num_leaves=31
num_cat=0
split_feature=16 40 36 26 54 1 115 50 69 79 16 13 111 33 71 83 12 23 35 5 38 109 1 57 33 36 24 33 19 79
split_gain=88.5516 62.1803 111.74 79.5626 73.4166 62.4822 58.2813 86.7622 59.9827 69.3259 54.7841 50.6339 66.2469 54.3229 46.2311 72.4868 48.3809 43.6477 43.3823 43.0344 40.9686 39.1286 53.1329 38.7827 40.0171 38.2741 41.448 44.1402 48.553 37.9079
threshold=1.2134523987770083 -0.03028710093349218 0.82231479883193981 0.027537426911294464 1.0184663534164431 0.037181938067078597 0.73809498548507702 0.86915889382362377 0.94915249943733226 0.15000000223517421 0.74334150552749645 0.98572742938995372 -0.23205128312110898 0.24822935461997989 0.58490541577339183 -0.50000001490116108 1.0102601051330569 0.03424364514648915 0.13306526094675067 0.01181099144741893 0.0014124318840913477 0.18333333730697635 0.05621656775474549 1.2164902091026308 0.97710019350051891 0.63809368014335643 0.038551457226276405 0.55755510926246654 1.0169658660888674 0.84999999403953563
decision_type=10 10 10 10 10 10 10 10 10 2 8 8 2 8 10 10 10 8 10 10 10 2 10 10 10 10 10 10 10 2
left_child=1 2 14 4 17 -6 7 8 9 -5 -8 12 -9 -13 29 16 -16 -3 -10 -12 -21 22 -4 -2 25 -25 27 28 -27 -1
right_child=23 3 21 6 5 -7 10 11 18 -11 19 13 -14 -15 15 -17 -18 -19 -20 20 -22 -23 -24 24 -26 26 -28 -29 -30 -31
leaf_value=-0.0022879532742174497 -0.0023132422060159036 0.00067392660766473031 0.0082063612460201579 0.0030883899647901778 -0.00060047348247155904 -0.0077939681800660065 -0.0087943402245998035 0.0018208479955934495 0.011919893554888495 -0.001390134101768747 -0.0030581577463120999 -0.0015581475711639902 -0.0024340941660607285 0.00015795198198381483 0.0041171801536855788 9.0349324629082078e-05 0.014055823428847994 0.011227280614656485 0.0030945571576069548 0.0059586576019820051 -0.0031705191009147324 0.0019884743882893977 0.028875117574768398 0.00032853704623168374 -0.010106254685944055 0.0049491662689700455 0.010381619196016529 0.0081271876015430421 -0.01294712961975778 0.00070631685609503342
leaf_weight=5066 651 95140 1318 5484 39021 1108 1268 3649 694 7048 7567 25835 27223 45650 2030 3722 623 338 2344 1027 704 866 126 963 116 233 1801 563 247 15048
leaf_count=5066 651 95140 1318 5484 39021 1108 1268 3649 694 7048 7567 25835 27223 45650 2030 3722 623 338 2344 1027 704 866 126 963 116 233 1801 563 247 15048
internal_value=-3.14629e-05 -9.72782e-05 0.0012242 -0.000242597 0.000262599 -0.000810348 -0.000778056 -0.000583349 0.00149451 0.000547565 -0.00291764 -0.000902581 -0.00192061 -0.000458321 0.000657228 0.00287978 0.006651 0.000716771 0.00527349 -0.00206686 0.00208067 0.00753548 0.0105846 0.00409984 0.00524647 0.00584303 0.0075902 0.00238326 -0.00380949 -3.44565e-05
internal_weight=297473 292899 28799 264100 135607 40129 128493 117927 15570 12532 10566 102357 30872 71485 26489 6375 2653 95478 3038 9298 1731 2310 1444 4574 3923 3807 2844 1043 480 20114
internal_count=297473 292899 28799 264100 135607 40129 128493 117927 15570 12532 10566 102357 30872 71485 26489 6375 2653 95478 3038 9298 1731 2310 1444 4574 3923 3807 2844 1043 480 20114
is_linear=0
shrinkage=0.03


Tree=14
num_leaves=31
num_cat=0
split_feature=16 29 57 3 40 33 42 6 139 29 46 13 76 15 24 50 57 78 61 26 16 23 36 140 15 67 12 86 69 42
split_gain=92.6272 58.3676 78.7652 68.0287 85.5484 61.9633 56.7468 95.1951 68.0897 59.4906 56.9962 58.4562 67.3386 56.7119 102.011 53.4345 116.995 60.1426 52.1325 56.6302 50.4408 47.8612 49.8301 56.666 44.3951 43.766 44.4113 42.2321 41.33 40.6348
threshold=1.2134523987770083 -0.00042012531775981182 1.1707353591918948 0.016973120160400871 -0.025678379461169239 0.33988031744956976 -0.088266666978597627 0.086955510079860701 0.71489831805229198 -0.014042143709957598 1.0750312209129336 0.97345134615898143 0.21666666865348819 0.79522016644477855 0.038551457226276405 0.92113909125328075 1.0103976130485537 0.90000000596046459 0.82425016164779674 0.024117370136082176 0.74334150552749645 0.017085204832255844 0.80852362513542186 0.78177329897880565 0.85969001054763805 0.99583333730697643 0.99586287140846264 -0.516666680574417 0.63414677977561962 0.063162054866552367
decision_type=10 8 10 10 8 10 10 10 10 10 10 8 2 8 10 10 10 10 8 10 10 10 10 10 10 8 10 2 10 10
left_child=1 6 3 13 5 -5 7 -1 9 -9 -8 12 -12 14 29 17 -17 -13 24 -20 -16 -2 -23 -24 -15 28 -27 -4 -6 -3
right_child=21 2 27 4 25 -7 10 8 -10 -11 11 15 -14 18 20 16 -18 -19 19 -21 -22 22 23 -25 -26 26 -28 -29 -30 -31
leaf_value=-0.0030125215661587516 -0.0020045705928557209 -0.0031467021757403744 0.0072081892868180253 0 -0.001039919617893206 0.015850661229379778 8.1535151621208493e-05 -0.0020001296910576206 0.002384913917515526 0.014243272984596992 -0.00051739455991087863 0 -0.0095130077851228855 0.002026050261690903 -0.01295259085644701 -0.0085855712151403137 -0.00097565227342663304 0.0078097361729279995 0.00081106532107678953 -0.00042809945701045225 -0.0025569816406511951 0.0020147951002963565 0 0.011966202116230892 0.010752655494822773 -0.011510789742755814 0.00057935335038807891 0.00043790656452821292 0.0050249536074233126 0.0076963012768459177
leaf_weight=2265 826 504 2279 341 1404 724 57658 215 4174 899 1551 2898 1583 3041 986 1863 66328 1226 58775 75974 889 1902 433 1453 661 386 705 1456 2989 669
leaf_count=2265 826 504 2279 341 1404 724 57658 215 4174 899 1551 2898 1583 3041 986 1863 66328 1226 58775 75974 889 1902 433 1453 661 386 705 1456 2989 669
internal_value=2.84258e-05 -3.72377e-05 0.000369626 0.000258613 0.00324481 0.0109947 -0.000478397 0.00203859 0.00426184 0.0108638 -0.000623759 -0.0011666 -0.00518775 0.000117844 -0.00391158 -0.000986794 -0.00119041 0.00229716 0.00020927 0.000110215 -0.008261 0.00423722 0.00568045 0.00915987 0.00371421 0.00165078 -0.00355837 0.00466524 0.00302271 0.0028113
internal_weight=297057 292443 151783 148048 6549 1065 140660 7553 5288 1114 133107 75449 3134 141499 3048 72315 68191 4124 138451 134749 1875 4614 3788 1886 3702 5484 1091 3735 4393 1173
internal_count=297057 292443 151783 148048 6549 1065 140660 7553 5288 1114 133107 75449 3134 141499 3048 72315 68191 4124 138451 134749 1875 4614 3788 1886 3702 5484 1091 3735 4393 1173
is_linear=0
shrinkage=0.03


Tree=15
num_leaves=31
num_cat=0
split_feature=26 101 16 29 138 24 26 38 26 138 24 35 30 37 118 40 39 117 83 94 42 6 44 13 14 28 82 134 75 138
split_gain=74.0266 101.89 96.2538 139.035 76.3701 76.4008 52.2095 76.2003 72.2303 59.2203 65.0894 56.7647 83.1666 57.4965 47.6946 47.3835 67.0664 58.6156 46.3116 51.7358 46.0927 82.2433 63.0555 37.6949 43.087 37.4731 36.345 49.9537 40.1803 35.3925
threshold=0.10642701387405397 0.36515152454376226 0.74334150552749645 0.011650528293102981 0.90335458517074596 0.022084903903305534 0.021510939113795761 -0.0011326826643198726 0.071716159582138075 0.85327625274658214 0.020441539585590366 0.46494361758232122 -0.00059978547506034363 0.86190888285636913 0.43243257701396948 0.031539492309093482 0.039383016526699073 0.40517522394657141 0.70000001788139354 0.28769129514694219 -0.077593009918928132 0.091634362936019911 1.0490185022354128 1.0933791995048525 0.89634749293327343 0.010075280908495189 0.34166666865348821 0.2244011461734772 0.27500000596046453 1.1334210038185122
decision_type=10 2 8 8 8 10 10 10 10 10 10 8 10 10 8 10 8 10 10 10 10 10 10 10 10 10 2 10 2 8
left_child=2 -2 3 25 26 -6 14 8 20 -10 -11 12 13 -9 -4 16 -13 -17 -5 -20 21 -8 -22 24 29 -1 27 -3 -28 -7
right_child=1 4 6 18 5 23 7 11 9 10 -12 15 -14 -15 -16 17 -18 -19 19 -21 22 -23 -24 -25 -26 -27 28 -29 -30 -31
leaf_value=-0.0042356791249857032 0.020246320201481281 0.015847675191267625 0.0014541487201323905 -0.018211395460299797 0.01274673216743864 -0.0024724945286978156 -0.0018147043126850863 -0.0034366350147228639 0.00051723534457235611 -0.00084149653858980108 0.0090536758262400544 -7.480082920169258e-06 -0.00047292124630576567 0.0025314916486329424 2.850178516545423e-05 0.0022912953323102913 0.010544308460048541 -0.0041723393677340305 0.0058989807150781294 -0.012220820647575063 0.00057309321909319313 0.0053753184801270523 -0.001205277725708108 0.0065764227887254436 -0.0015983861489821949 0.0063142688311809986 0.002603024067678815 -0.006305991791168173 0.012644977159146928 -0.01956173003906404
leaf_weight=528 297 100 35612 695 290 265 2206 19447 3124 735 2255 55016 27687 1497 52945 1599 527 5076 191 345 51081 3777 27613 274 1402 624 722 354 965 261
leaf_count=528 297 100 35612 695 290 265 2206 19447 3124 735 2255 55016 27687 1497 52945 1599 527 5076 191 345 51081 3777 27613 274 1402 624 722 354 965 261
internal_value=9.30619e-06 0.00364821 -5.12296e-05 -0.00603072 0.00243726 -0.00103083 -6.821e-07 -0.000268381 0.000373729 0.0035194 0.00653215 -0.000796981 -0.00156552 -0.00299374 0.000605392 -0.000191146 9.09969e-05 -0.00257694 -0.0129793 -0.00524445 0.000142281 0.00267709 -4.72572e-05 -0.00307873 -0.00465832 0.00123314 0.00658493 -0.000330633 0.00860384 -0.0119075
internal_weight=297510 4930 292580 2383 4633 2492 290197 201640 90791 6114 2990 110849 48631 20944 88557 62218 55543 6675 1231 536 84677 5983 78694 2202 1928 1152 2141 454 1687 526
internal_count=297510 4930 292580 2383 4633 2492 290197 201640 90791 6114 2990 110849 48631 20944 88557 62218 55543 6675 1231 536 84677 5983 78694 2202 1928 1152 2141 454 1687 526
is_linear=0
shrinkage=0.03


Tree=16
num_leaves=31
num_cat=0
split_feature=40 1 15 73 38 117 41 31 52 79 79 17 49 31 30 126 30 34 5 53 10 38 26 1 126 32 91 1 111 34
split_gain=75.8617 79.5288 67.793 86.0286 83.8462 62.4644 62.1399 67.4679 60.4176 72.4519 101.899 73.2712 57.9514 62.8314 58.3819 56.5809 55.3592 60.2916 52.8463 51.6175 62.0082 50.1673 54.9062 53.2155 65.8004 51.9034 65.91 60.6374 46.9082 45.6209
threshold=-0.03028710093349218 0.05621656775474549 0.79522016644477855 0.30000000447034841 0.0069711357355117807 0.34946820139884954 -0.0020260070450603958 0.0094258100725710409 0.78113350272178661 0.94999998807907116 0.15000000223517421 0.78089347481727611 0.96712917089462291 0.0057263355702161798 -0.0060061328113079062 -0.06493490561842917 0.0074795561376959094 0.66922783851623546 0.0110965957865119 1.0034043192863467 1.0382387042045595 -0.0025034111458808179 0.023589076474308971 0.035472974181175239 0.31578975915908819 0.004808790050446988 0.24925412237644198 0.05621656775474549 0.097619049251079573 0.63646715879440319
decision_type=10 10 8 10 10 8 8 10 8 2 2 10 10 10 10 10 10 10 10 10 10 10 10 10 10 10 10 10 2 10
left_child=1 8 3 -2 19 -3 7 12 9 10 -1 28 -4 14 -14 -11 -6 -18 -7 -5 -21 25 -23 -24 -25 27 -27 -8 -12 -28
right_child=2 5 6 4 16 18 21 -9 -10 15 11 -13 13 -15 -16 -17 17 -19 -20 20 -22 22 23 24 -26 26 29 -29 -30 -31
leaf_value=0.0073860739794158322 0.0165179435153564 0.016667580105376712 -0.0020216726056533222 0.0026123952270672704 0 0.0079119936458185783 0.0011086823016522133 0.0067622489548211382 0.0001545222986877491 -0.0074750280695675062 -0.010907988037047223 0.0037806171155050747 0.0024093826652471081 -0.0091117409294198207 -0.00050241162157509253 0.012087288273141395 -0.025810364923756567 -0.0074298700732821719 -0.00063779941106311018 -0.017181974885888688 0 0.00073408347702408339 -0.00111521035518913 0.002331946263201063 -0.0029839666020151506 0.0027932748741087768 0 0.0096197385094703887 -0.00041387201953303819 -0.016060209301091422
leaf_weight=1775 136 431 24031 976 263 1397 46333 1070 21380 117 810 1195 6673 713 80246 1148 355 431 1087 318 376 42954 48243 9219 2652 540 291 757 832 467
leaf_count=1775 136 431 24031 976 263 1397 46333 1070 21380 117 810 1195 6673 713 80246 1148 355 431 1087 318 376 42954 48243 9219 2652 540 291 757 832 467
internal_value=3.43046e-06 0.00142979 -0.000156699 -0.00474099 -0.0060267 0.00614049 -0.000105667 -0.000639734 0.000910872 0.00360167 0.00175846 -0.00168456 -0.000714547 -0.000352296 -0.000274912 0.00995632 -0.0126338 -0.0165382 0.00407558 -0.00159858 -0.00784809 0.000289905 -8.15342e-05 -0.000669367 0.00111611 0.00108699 -0.00473931 0.0012559 -0.0058401 -0.010425
internal_weight=297216 30172 267044 2855 2719 2915 264189 112733 27257 5877 4612 2837 111663 87632 86919 1265 1049 786 2484 1670 694 151456 103068 60114 11871 48388 1298 47090 1642 758
internal_count=297216 30172 267044 2855 2719 2915 264189 112733 27257 5877 4612 2837 111663 87632 86919 1265 1049 786 2484 1670 694 151456 103068 60114 11871 48388 1298 47090 1642 758
is_linear=0
shrinkage=0.03


Tree=17
num_leaves=31
num_cat=0
split_feature=16 26 38 11 22 61 119 86 1 83 134 10 37 86 78 3 62 87 51 80 38 28 71 34 78 102 43 33 122 50
split_gain=77.1999 53.1153 74.3548 53.1875 46.1142 91.4776 50.0629 48.5905 69.0726 47.9869 44.7257 44.3732 49.965 43.4327 65.0228 80.2127 67.7938 48.3974 47.6721 57.9487 44.5199 42.8381 39 36.1768 38.4212 44.6127 37.7386 73.6323 49.6086 48.6297
threshold=1.2134523987770083 0.019957090727984909 -0.00086003070464357723 0.97156038880348217 0.80479401350021373 0.78207102417945873 0.31515155732631689 -0.84999999403953541 0.017503129318356517 -0.50000001490116108 0.3216217458248139 1.0250000357627871 0.43198260664939886 0.78333333134651195 0.5000000149011613 0.0059084838721901187 0.74557289481163036 0.59166666865348827 0.75855454802513134 0.32500000298023229 0.016639019362628463 0.011111105326563122 0.76799944043159496 0.88187819719314586 0.30000000447034841 0.4246212244033814 1.0715954303741457 0.89744052290916454 0.55509355664253246 0.97860965132713329
decision_type=10 10 10 10 10 10 10 2 8 10 10 10 10 2 10 10 10 2 10 2 10 10 10 10 10 2 10 10 10 10
left_child=1 21 3 10 5 6 -5 8 -6 -9 11 -3 -13 14 15 16 -4 -17 19 -16 -20 -1 -7 24 25 -2 -26 28 -28 -29
right_child=23 2 13 4 7 22 -8 9 -10 -11 -12 12 -14 -15 18 17 -18 -19 20 -21 -22 -23 -24 -25 26 -27 27 29 -30 -31
leaf_value=0.00054226984863008933 0.018408462815449122 0.0048832519517985834 -0.0088083209834752003 -0.0051139832609232083 0.0024270623423779595 0 0.008112052251194754 0.0017366770925795005 -0.0040050782204738688 0.00010206791778492912 0 0.0013300210619801201 0.029173521014678551 0.001075839631231947 0.0080802451429477576 -0.0032789534411533741 -0.00066479227095360784 -0.0090281264397452758 -0.00080869874445520121 -0.004204478415015798 0.0018987775120908523 0.0056407925218512648 -0.015959033201322147 0.010678203632010991 -0.0021195515826691429 0.0014502003129564399 -0.00056277108567761658 0.010196442559066855 0.012046503994189911 -0.0090364356596265467
leaf_weight=72675 267 934 951 495 2066 148 479 21278 5007 68992 941 123 163 10083 1181 9353 21770 1631 66199 435 5882 1510 582 620 1494 364 339 127 896 456
leaf_count=72675 267 934 951 495 2066 148 479 21278 5007 68992 941 123 163 10083 1181 9353 21770 1631 66199 435 5882 1510 582 620 1494 364 339 127 896 456
internal_value=1.86732e-05 -4.07675e-05 -0.000277036 0.000316814 0.000211562 -0.00464162 0.00112094 0.000300535 -0.00208243 0.000490992 0.00495717 0.00869965 0.0190488 -0.000791131 -0.000969364 -0.00206309 -0.00102628 -0.00417476 -0.000464659 0.00457906 -0.000583135 0.000651583 -0.0125551 0.00388288 0.00269018 0.00943181 0.00126684 0.00420571 0.00839248 -0.00415003
internal_weight=297441 292878 218693 101208 99047 1704 974 97343 7073 90270 2161 1220 286 117485 107402 33705 22721 10984 73697 1616 72081 74185 730 4563 3943 631 3312 1818 1235 583
internal_count=297441 292878 218693 101208 99047 1704 974 97343 7073 90270 2161 1220 286 117485 107402 33705 22721 10984 73697 1616 72081 74185 730 4563 3943 631 3312 1818 1235 583
is_linear=0
shrinkage=0.03


Tree=18
num_leaves=31
num_cat=0
split_feature=40 35 1 45 100 49 4 26 38 15 81 61 10 62 59 33 42 44 57 138 86 41 55 45 10 19 41 17 34 123
split_gain=62.3425 64.5092 79.2079 85.045 65.8533 65.6794 75.2592 59.769 54.1828 57.8532 80.7992 67.4687 92.2929 62.9563 59.071 51.8467 50.2766 71.031 64.7625 54.4584 51.5501 50.5972 50.127 75.3278 49.3046 48.779 45.3623 44.9159 44.7164 44.1684
threshold=-0.03028710093349218 0.34549176692962652 0.05621656775474549 1.1159824132919314 0.65833333134651195 0.83663558959960949 0.44629247486591345 0.022033915854990486 -0.00086003070464357723 0.79522016644477855 0.25000000745058065 0.82425016164779674 1.0087108016014101 0.74557289481163036 0.89080721139907848 0.66574582457542431 -0.077593009918928132 1.0472003221511843 1.1707353591918948 0.85327625274658214 0.84999999403953563 0.021374489180743698 1.0698490738868716 1.1159824132919314 1.0330047607421877 0.95510751008987438 0.050078753381967551 1.1432414054870608 0.86684247851371776 -0.77500227093696583
decision_type=10 10 10 10 2 10 10 10 10 8 2 10 10 10 10 8 10 10 10 8 2 10 10 10 10 10 10 10 10 10
left_child=1 -1 3 15 -4 6 -5 24 16 10 -10 12 -11 -12 -14 -3 -9 18 26 20 -19 -21 23 -13 27 -15 -18 -2 -7 -17
right_child=7 2 4 5 -6 28 -8 8 9 11 13 22 14 25 -16 29 17 19 -20 21 -22 -23 -24 -25 -26 -27 -28 -29 -30 -31
leaf_value=-0.00012790238711077431 0.00069947777775948843 0.0015224457720129092 0.010305491989408205 -0.00011615870987010434 -0.0070744905438391691 -0.0032626604375171385 0.023906956118272236 0.0034605934678074157 0.00088870116704811144 0 -0.019501971367724635 -0.0010347540072534781 -0.00025369622954918492 0.0050815798226603358 0.01725406871790338 0.0020792819065192833 0.0006296993004551968 -0.0022976157271768264 0.0058059159060536583 -0.0006002195719046696 -0.013305578681745384 0.0054527969566445988 0.00060415572293919082 -0.0058017142337712779 -0.0080376448474325166 -0.013223717180080712 -0.0029806653697722618 -0.0035637145074953382 0.0033699584577729386 0.0090216348036426877
leaf_weight=13987 87608 4581 1718 229 186 4305 178 3937 704 1594 489 75339 197 245 577 1506 46517 12689 2057 8435 390 1431 15929 3123 576 219 3318 2242 1102 2297
leaf_count=13987 87608 4581 1718 229 186 4305 178 3937 704 1594 489 75339 197 245 577 1506 46517 12689 2057 8435 390 1431 15929 3123 576 219 3318 2242 1102 2297
internal_value=4.74649e-05 0.00134238 0.00263672 0.00183258 0.00839584 -0.000912797 0.0103153 -9.70953e-05 -0.000418309 -0.000888062 -0.00643824 -0.000788604 0.00416952 -0.0120661 0.012526 0.00376974 0.000164845 -5.40752e-06 0.000605135 -0.00139859 -0.00266858 0.000256641 -0.000917024 -0.00122974 0.00052896 -0.00312779 0.000382206 0.000588992 -0.00184815 0.00637617
internal_weight=297705 30089 16102 14198 1904 5814 407 267616 177190 98416 1657 96759 2368 953 774 8384 78774 74837 51892 22945 13079 9866 94391 78462 90426 464 49835 89850 5407 3803
internal_count=297705 30089 16102 14198 1904 5814 407 267616 177190 98416 1657 96759 2368 953 774 8384 78774 74837 51892 22945 13079 9866 94391 78462 90426 464 49835 89850 5407 3803
is_linear=0
shrinkage=0.03


Tree=19
num_leaves=31
num_cat=0
split_feature=16 29 40 115 62 71 41 50 21 42 33 42 6 139 16 26 128 69 95 33 110 7 26 44 84 22 58 35 57 33
split_gain=61.4538 57.2169 67.8225 59.1719 74.6401 58.6776 58.194 57.6767 57.4823 60.6168 89.8032 57.2454 83.425 79.9622 55.1772 53.9166 53.0818 47.1579 42.5123 42.4421 42.1006 64.4263 40.9385 38.5125 36.403 35.7243 36.1444 33.8161 32.1483 39.287
threshold=1.2134523987770083 -0.0014534671790897844 -0.03028710093349218 0.73809498548507702 0.70325466990470897 0.54901978373527538 -0.034662447869777673 0.86915889382362377 0.86247456073760997 0.063162054866552367 0.72811713814735424 -0.088266666978597627 0.086955510079860701 0.72730505466461193 1.1138406395912173 0.030216498300433162 1.4036748409271242 0.24705918133258822 0.19964846968650821 0.43173891305923467 0.30384616553783422 -0.039923449978232377 0.10642701387405397 1.0681203007698061 0.75000000000000011 0.8650612235069276 1.0136364102363589 0.80995920300483715 1.2164902091026308 0.97710019350051891
decision_type=10 8 8 10 10 10 8 8 8 10 10 10 10 10 10 10 10 10 10 10 2 10 10 10 2 10 10 10 10 10
left_child=1 8 5 6 18 19 22 16 -1 11 -11 12 -10 -14 -9 27 -8 -17 -5 23 21 -7 -4 -3 -6 26 -21 -13 -2 -30
right_child=28 2 3 4 24 20 7 14 9 10 -12 15 13 -15 -16 17 -18 -19 -20 25 -22 -23 -24 -25 -26 -27 -28 -29 29 -31
leaf_value=-0.013535990077805574 -0.0022896474157274712 0.00059497882864282777 -0.0051602169087583511 0 -0.0025596140126523037 0.017236375980369388 0.0030416863894066467 9.8370828642029121e-05 -0.002762740646655409 0.011684604919825755 -0.013597768632759308 -0.00041682450556449396 0.011198250724857865 0.0019872068783322707 0.0033446834746854379 -0.00066368207919129932 -0.0020419522465994623 -0.0025844433723879634 -0.013977732900161103 0 -0.00038645451205498728 0.004569840672950143 0.0042079608113596871 -0.013995293702508958 0.00061937640905617201 -0.00044850777155471531 0.019509085464312438 0.0019143432184527038 0.0051019167317769608 -0.010651245515251978
leaf_weight=289 671 223 2680 292 6995 404 11785 132628 2229 718 125 54033 1117 3896 4879 26312 2104 21246 652 146 1148 4399 446 347 5792 1650 156 6204 3800 118
leaf_count=289 671 223 2680 292 6995 404 11785 132628 2229 718 125 54033 1117 3896 4879 26312 2104 21246 652 146 1148 4399 446 347 5792 1650 156 6204 3800 118
internal_value=0 -5.5084e-05 0.000283728 0.000149796 -0.00173267 0.00290135 0.000319218 0.000404873 -0.000573055 -0.000535808 0.00735986 -0.000597545 0.00196928 0.00413557 0.000216207 -0.000773108 0.00224818 -0.00152879 -0.00982377 -0.000829972 0.00453039 0.00576453 -0.00371001 -0.00795202 -0.00109752 0.00115715 0.0103444 -0.000171196 0.00343617 0.00449961
internal_weight=297484 292895 176726 168253 13731 8473 154522 151396 116169 115880 843 115037 7242 5013 137507 107795 13889 47558 944 2522 5951 4803 3126 570 12787 1952 302 60237 4589 3918
internal_count=297484 292895 176726 168253 13731 8473 154522 151396 116169 115880 843 115037 7242 5013 137507 107795 13889 47558 944 2522 5951 4803 3126 570 12787 1952 302 60237 4589 3918
is_linear=0
shrinkage=0.03


Tree=20
num_leaves=31
num_cat=0
split_feature=26 15 101 25 18 49 3 34 10 37 11 26 33 123 146 77 39 3 39 28 7 23 59 138 38 9 5 113 17 87
split_gain=65.0794 80.0583 79.2853 83.1814 98.0433 62.0662 59.2016 73.0106 65.0744 57.4855 73.5875 62.3608 60.395 79.6752 56.5183 52.0707 56.3581 50.5002 75.4766 47.6701 45.5252 44.7654 44.1768 40.9276 44.7259 37.8731 37.6338 36.336 35.6509 33.7525
threshold=0.10642701387405397 0.79522016644477855 0.35857143998146063 0.047329774126410491 0.95539629459381115 0.83663558959960949 0.0099404137581586855 0.69979193806648265 1.0207877755165102 0.8470100760459901 0.96891191601753246 0.021510939113795761 0.24822935461997989 0.33333341777324682 0.53894007205963146 0.27500000596046453 0.020930224098265175 0.0099404137581586855 -0.039857899770140641 0.011111105326563122 0.036764739081263549 0.0068477701861411342 0.92699387669563305 0.73442643880844127 -0.011557529680430887 1.0306904911994936 0.0082815410569310206 0.8793105185031892 1.1341848969459536 0.44166666269302374
decision_type=10 8 2 10 10 8 10 10 10 10 8 8 8 10 10 2 10 10 10 8 10 10 10 8 10 10 10 10 10 2
left_child=1 20 -2 -4 14 6 15 -8 -9 11 -11 19 22 -14 -5 16 -3 26 29 28 27 -20 -13 24 -12 -17 -6 -1 -7 -19
right_child=2 5 3 4 17 9 7 8 -10 10 23 12 13 -15 -16 25 -18 18 21 -21 -22 -23 -24 -25 -26 -27 -28 -29 -30 -31
leaf_value=-0.005625140082508708 0.01834342184278534 0.018920971664043922 0.013533760491011822 0 0.003133185763948157 0.00047487011060680628 0.009230506110679871 -0.019584687590441557 0 0.0060203386824381729 -0.0081298689533314053 0.0058506244760364295 0.00035574190916677341 -0.0012180463042578246 -0.021445273078814449 0 -0.00063024143970463991 0.019109951959953211 0.018953922752081416 0.0051169251709561325 -0.012183748607078502 0 -0.0015137304369648636 0.0017096550703374488 -0.00022605888595036394 0.013043562804893502 -0.0054328578390489901 0.0033170824583717866 -0.0032606969723504302 0
leaf_weight=1218 286 518 513 186 872 79841 314 235 309 2684 705 709 86612 43372 239 800 136 418 105 1938 664 1305 48967 13708 6706 245 899 550 2331 130
leaf_count=1218 286 518 513 186 872 79841 314 235 309 2684 705 709 86612 43372 239 800 136 418 105 1938 664 1305 48967 13708 6706 245 899 550 2331 130
internal_value=-1.03175e-05 -6.9164e-05 0.00339158 0.00233694 0.000824089 -2.25031e-05 0.00461094 -0.00150508 -0.00834122 -6.50631e-05 0.00134469 -0.000193511 -0.000509922 -0.000167186 -0.0123841 0.00785565 0.0145121 0.0024675 0.005788 0.000478743 -0.00546773 0.00179696 -0.00140027 0.000731138 -0.00103817 0.0032138 -0.00105974 -0.00266957 0.000364484 0.0151039
internal_weight=297515 292562 4953 4667 4154 290130 2557 858 544 287573 23803 263770 179660 129984 425 1699 654 3729 1958 84110 2432 1410 49676 21119 7411 1045 1771 1768 82172 548
internal_count=297515 292562 4953 4667 4154 290130 2557 858 544 287573 23803 263770 179660 129984 425 1699 654 3729 1958 84110 2432 1410 49676 21119 7411 1045 1771 1768 82172 548
is_linear=0
shrinkage=0.03


Tree=21
num_leaves=31
num_cat=0
split_feature=31 26 33 10 52 22 17 16 38 34 38 141 132 5 28 35 113 68 17 42 22 2 10 63 7 70 79 84 11 39
split_gain=72.8705 51.6527 52.8356 58.4074 115.787 71.0788 65.503 58.1162 55.6419 48.3321 46.8095 44.3328 58.7643 43.0142 40.9622 39.7306 38.7793 37.8343 35.8266 35.7425 76.7197 64.4728 49.6333 44.3521 40.7828 34.2018 33.6279 31.0348 29.9694 28.9122
threshold=-0.0081817042082548124 0.019412955269217495 0.24822935461997989 1.0187746882438662 0.90409123897552501 0.80479401350021373 0.75515902042388927 0.82253044843673717 -0.015372914262115954 0.69979193806648265 -0.0016643496928736565 0.93715792894363414 1.8561035990715029 0.025641002692282203 0.011111105326563122 0.79635488986969005 0.66666671633720409 0.84489765763282787 1.1774629354476931 -0.0014388438430614767 1.0617202520370486 0.89189180731773388 1.0207877755165102 0.72499999403953563 -0.0076922632288187734 0.48148117959499365 0.25000000745058065 0.35000000894069677 0.98094257712364208 -0.015251446980983017
decision_type=8 10 10 10 10 10 10 8 10 10 10 10 10 10 10 10 8 10 8 10 10 10 10 10 10 10 2 2 10 10
left_child=10 14 19 8 5 6 -5 -7 26 18 11 -1 17 16 -2 -11 -10 -13 -6 22 -21 24 23 28 -22 -23 -4 29 -3 -12
right_child=1 2 3 4 9 7 -8 -9 13 15 27 12 -14 -15 -16 -17 -18 -19 -20 20 21 25 -24 -25 -26 -27 -28 -29 -30 -31
leaf_value=0.00048171874449811481 0.00055570504351296871 0.004260769589850155 -0.015815574607134165 -0.0071549539271636847 -0.0031810943939534738 0.0082062583358158223 0.0066311069334242124 0.002757783623955332 0.00026300377239762512 0 -0.0073064970612964205 0.016936577136592378 0 -0.0046253462733144204 0.0060214850505640885 0.0055167027589441064 -0.00081200449458542845 0 0.00046743267666500495 -0.00094622958271972125 0.0060615936324507486 0.022155123300151899 -0.0044437925430913785 -0.0027039428674872842 0 0.00072121176910201073 -0.0028372162817661669 -0.0093393713622151511 -0.00054557813184240333 0.0030620346880221826
leaf_weight=700 67569 1256 295 1075 6717 2138 395 12587 77464 4443 235 783 391 1952 1251 1588 49258 167 3570 26797 1496 220 5220 10231 2976 137 629 210 13319 2476
leaf_count=700 67569 1256 295 1075 6717 2138 395 12587 77464 4443 235 783 391 1952 1251 1588 49258 167 3570 26797 1496 220 5220 10231 2976 137 629 210 13319 2476
internal_value=4.03937e-06 -5.62083e-05 -0.000278214 4.26494e-06 0.00114257 0.00294133 -0.00320991 0.00357928 -0.000279126 -0.000625684 0.00360271 0.00709222 0.0102647 -0.000223449 0.00066114 0.00147588 -0.000152557 0.0142253 -0.00188735 -0.0010256 -0.000309889 0.00314875 -0.00176877 -0.00119064 0.00205651 0.0152002 -0.00754583 0.00103081 -0.000105565 0.00200647
internal_weight=297545 292583 223763 162111 32513 16195 1470 14725 129598 16318 4962 2041 1341 128674 68820 6031 126722 950 10287 61652 31626 4829 30026 24806 4472 357 924 2921 14575 2711
internal_count=297545 292583 223763 162111 32513 16195 1470 14725 129598 16318 4962 2041 1341 128674 68820 6031 126722 950 10287 61652 31626 4829 30026 24806 4472 357 924 2921 14575 2711
is_linear=0
shrinkage=0.03


Tree=22
num_leaves=31
num_cat=0
split_feature=32 86 138 1 29 40 18 3 58 45 35 17 79 17 7 50 26 142 17 18 14 81 41 8 7 12 26 34 83 35
split_gain=59.9008 58.2208 60.5845 60.3752 51.0771 69.8 62.8463 60.4431 60.1213 56.8245 52.722 55.4545 72.4178 102.512 84.8367 52.4273 53.1873 50.3886 50.0197 63.7451 101.522 71.1762 47.809 53.5843 47.1137 44.301 53.41 48.0209 42.6292 42.3657
threshold=-0.0048122901935130349 -0.58333334326744068 0.71024093031883251 0.069322951138019576 -0.0014534671790897844 -0.03028710093349218 1.0221193432807925 0.016973120160400871 0.9277976155281068 1.1159824132919314 0.83812990784645092 1.0508814454078677 0.84999999403953563 0.68147727847099315 -0.023833656683564183 0.91346848011016857 0.030216498300433162 1.2561589479446413 0.68147727847099315 0.96525049209594738 0.89634749293327343 0.050000002607703216 0.0049786812160164126 -0.24999817460775373 0.017333361320197586 1.0021563172340395 0.019957090727984909 0.83798396587371837 -0.50000001490116108 0.38664279878139501
decision_type=10 2 10 10 10 8 8 10 10 10 10 10 2 8 10 10 10 10 8 10 10 2 10 10 10 10 8 10 10 10
left_child=1 2 3 -1 8 7 18 9 17 28 11 12 14 -14 -10 -13 -17 -2 19 20 -7 -21 -8 -24 -12 26 -20 -27 -6 -9
right_child=4 -3 -4 -5 5 6 22 29 10 -11 24 15 13 -15 -16 16 -18 -19 25 21 -22 -23 23 -25 -26 27 -28 -29 -30 -31
leaf_value=-0.0028068999732546378 0.0011703727532491532 0.00022118594594393312 0.0070927551885541767 0.014223159775265479 0.0060135134018276483 -0.0042364331422705872 -0.00544937023286812 -0.0058044141077158605 -0.0092234738941532057 -0.002739828519131213 0.0019194547703993989 0.0047214332462931531 0.014405508933292923 0.00050816911431222065 -0.00099665051523328742 -0.00074553240628517968 -0.002989484337601038 -0.017801907047092377 0.00088943861033986967 -0.0156229379971046 0.01698231563398421 -0.0028058252434749304 0.0069005530293660073 -0.0098976995822394626 -0.0033491814704632492 0.00074488100214206449 -0.00052927193199359818 0.0044391496824662717 0.00060991917825217929 0.011850223329789121
leaf_weight=1256 154 6112 3122 199 2776 544 3031 104 1176 1733 11646 1088 467 33229 24768 20279 18695 313 35083 562 288 1474 638 202 1704 44942 74481 3440 2747 928
leaf_count=1256 154 6112 3122 199 2776 544 3031 104 1176 1733 11646 1088 467 33229 24768 20279 18695 313 35083 562 288 1474 638 202 1704 44942 74481 3440 2747 928
internal_value=-9.68308e-06 0.00219208 0.00474629 -0.000113039 -9.30252e-05 0.00023023 9.29873e-05 0.00291439 -0.000588177 0.0018827 -0.000539981 -0.000778916 -0.000193172 0.000718104 -0.00138793 -0.00164289 -0.00183058 -0.0111384 0.000185895 -0.00371996 0.00298263 -0.00660722 -0.00367072 0.0023759 0.00122052 0.000259179 -7.21759e-05 0.00101547 0.00339192 0.00970938
internal_weight=297181 10689 4577 1455 286492 172973 164685 8288 113519 7256 113052 99702 59640 33696 25944 40062 38974 467 160814 2868 832 2036 3871 840 13350 157946 109564 48382 5523 1032
internal_count=297181 10689 4577 1455 286492 172973 164685 8288 113519 7256 113052 99702 59640 33696 25944 40062 38974 467 160814 2868 832 2036 3871 840 13350 157946 109564 48382 5523 1032
is_linear=0
shrinkage=0.03


Tree=23
num_leaves=31
num_cat=0
split_feature=56 86 1 122 33 33 52 36 65 125 50 140 41 10 35 49 32 14 38 141 44 122 53 121 48 51 58 125 93 60
split_gain=47.7845 55.1669 80.8662 61.0452 49.6931 101.813 66.3017 59.5097 46.584 46.3813 70.3399 70.1345 57.7584 52.7549 64.0201 44.8559 46.4815 57.8417 44.7781 43.9541 42.0619 40.195 40.1589 39.3158 39.1001 37.9884 36.6313 37.6432 35.5495 35.5037
threshold=1.1519214510917666 -0.81666666269302357 0.017895959317684177 0.65247276425361644 0.92118591070175182 0.64869186282157909 0.97861158847808849 0.63809368014335643 0.30277778208255773 0.47609719634056097 0.86915889382362377 1.4079034924507143 0.059160217642784126 1.0233861207962038 0.62313440442085277 0.93688735365867626 -0.0037872988032177086 1.0646741986274721 -0.015372914262115954 1.2951306104660036 1.006478548049927 0.6064860224723817 1.0492730140686037 0.66666671633720409 0.98130843043327343 0.85645934939384472 1.0136364102363589 0.25343431532382971 -0.81666105985641468 1.0354721546173098
decision_type=10 2 10 10 10 8 10 10 10 10 8 10 10 10 10 10 10 10 8 10 10 10 10 10 10 10 10 10 10 10
left_child=1 2 -1 8 5 15 -6 21 29 10 11 13 18 20 -15 23 22 -18 19 -12 -3 -7 -17 -2 -20 -10 27 -13 -8 -4
right_child=4 9 3 -5 6 7 28 -9 25 -11 12 26 -14 14 -16 16 17 -19 24 -21 -22 -23 -24 -25 -26 -27 -28 -29 -30 -31
leaf_value=0.00053409078800001699 0.0012133601480725346 0.0053413383825110759 -0.0051647062786738191 0.0032107172927755907 0.0079011276599253253 0.0043053245870783513 0.004634707142507322 0.0091092846772969395 -0.012195326324234257 -0.0015421382389890085 -0.0044742415297979168 0.0023371995532760676 -0.0044385441155142709 0.011839678158156779 0.0025910887493946922 -0.0084518638298804322 0.0087316623747403042 -0.0021003110215530064 -0.00024613184911221264 0.0019048767702646277 0.0010241955138475694 -0.0084444270277572141 0.0052334755610541567 0.013308212101234411 0.00055622753289802363 0.00095886979024563141 0.0079531938708024465 -0.0031225161754664882 -0.0090869469137272955 -0.00082632105647373192
leaf_weight=11657 959 2704 8591 1334 341 732 163 2639 193 14469 3555 1517 2530 1232 1727 1112 598 1494 105903 1246 9162 293 190 341 112274 2711 365 3932 921 2340
leaf_count=11657 959 2704 8591 1334 341 732 163 2639 193 14469 3555 1517 2530 1232 1727 1112 598 1494 105903 1246 9162 293 190 341 112274 2711 365 3932 921 2340
internal_value=4.18813e-05 -2.73312e-05 -0.00132304 -0.00276878 0.00210198 0.00300263 -0.00294142 0.00673618 -0.00337079 0.000104981 0.000203138 0.00187898 4.82772e-05 0.00297769 0.00659614 8.47701e-06 -0.00174346 0.000907337 0.000100925 -0.00275541 0.00204055 0.000281817 -0.00617888 0.00476678 0.000165401 0 -0.000871774 -0.00154469 -0.00670531 -0.00426659
internal_weight=297225 287442 26826 15169 9783 8358 1425 3664 13835 260616 246147 20639 225508 14825 2959 4694 3394 2092 222978 4801 11866 1025 1302 1300 218177 2904 5814 5449 1084 10931
internal_count=297225 287442 26826 15169 9783 8358 1425 3664 13835 260616 246147 20639 225508 14825 2959 4694 3394 2092 222978 4801 11866 1025 1302 1300 218177 2904 5814 5449 1084 10931
is_linear=0
shrinkage=0.03


Tree=24
num_leaves=31
num_cat=0
split_feature=56 61 113 118 16 89 90 1 116 25 26 4 72 59 24 80 25 33 44 14 39 102 75 35 77 119 94 39 13 12
split_gain=50.626 87.5094 76.2892 76.3803 74.5375 67.9598 56.6379 51.4784 91.2504 55.6905 51.0277 50.4151 61.9942 61.4537 58.2059 48.3058 43.0296 42.012 75.1991 70.9492 50.5071 46.0645 51.5106 49.8298 41.8671 39.3497 38.8452 38.0606 37.372 33.9271
threshold=0.9244641661643983 0.82425016164779674 0.66666671633720409 0.12195228412747385 0.74334150552749645 0.49251553416252142 0.48996327817440039 0.05621656775474549 0.32298143208026892 0.012348900549113752 0.038830602541565902 0.44629247486591345 0.68562862277030956 0.99280300736427318 0.041559813544154174 0.17500000447034839 0.030779724009335045 0.38593605160713201 1.0390492081642153 0.91219791769981395 -0.018283043988049027 0.53158244490623485 0.37500000000000006 0.50250637531280529 0.17500000447034839 0.35000000894069677 0.058425560593605048 0.030831194482743744 0.95151090621948253 0.99375000596046459
decision_type=8 8 10 10 10 10 10 10 10 10 10 10 10 10 10 2 10 8 10 8 10 2 2 8 2 10 10 10 8 10
left_child=4 2 11 -4 5 -1 28 9 -9 -3 27 12 -2 15 -14 25 -12 18 19 -11 -20 23 -23 -19 -6 -13 -18 -10 -5 -8
right_child=1 7 3 6 24 -7 29 8 10 17 16 13 14 -15 -16 -17 26 21 20 -21 -22 22 -24 -25 -26 -27 -28 -29 -30 -31
leaf_value=0.0016555119992147909 -0.00094771787551184482 0.0010009896980112635 0.0086150440767484553 0.0084073508380575826 -0.012310731559022462 -0.012808169654261447 -0.014768816421251043 0.010701793498482028 -0.0065750285013718339 0.0072045712729580042 -0.0081636524644001906 0.017312079073886516 0.011762953431282057 -0.0008544672699792522 -0.0016664497051388026 0.027420957140228443 6.6696418461571668e-05 -0.00081978218903424509 -0.0049802389005576706 -0.00024403407132930969 -0.0014264717652062444 -0.00083183127382816424 0.0017950224655779981 0.00040064586605533886 0.00019289543174302973 0.00071632831943180123 0.0062638439822725513 0.0040022180302395028 -0.0025267704639221522 -0.0031419952384379797
leaf_weight=352 1177 34982 662 452 237 1025 384 1029 1104 1155 270 284 1026 217 345 241 1742 63718 4146 54056 32416 9284 23066 56700 3296 296 2148 368 622 760
leaf_count=352 1177 34982 662 452 237 1025 384 1029 1104 1155 270 284 1026 217 345 241 1742 63718 4146 54056 32416 9284 23066 56700 3296 296 2148 368 622 760
internal_value=-2.58827e-05 2.38861e-05 0.00347042 -6.75224e-05 -0.00304116 -0.00892533 -0.00284686 -5.31733e-05 0.00254734 -0.000116394 0.000971798 0.00637964 0.00387904 0.012045 0.00819252 0.0157504 0.00271054 -0.000277533 -0.000784893 -8.0227e-05 -0.00184016 2.53547e-05 0.00103184 -0.00024267 -0.000626011 0.00964872 0.00357993 -0.00371144 0.00187028 -0.00748914
internal_weight=297560 292650 6466 2880 4910 1377 2218 286184 6661 279523 5632 3586 2548 1038 1371 821 4160 244541 91773 55211 36562 152768 32350 120418 3533 580 3890 1472 1074 1144
internal_count=297560 292650 6466 2880 4910 1377 2218 286184 6661 279523 5632 3586 2548 1038 1371 821 4160 244541 91773 55211 36562 152768 32350 120418 3533 580 3890 1472 1074 1144
is_linear=0
shrinkage=0.03


Tree=25
num_leaves=31
num_cat=0
split_feature=16 38 46 13 76 1 22 114 38 138 10 54 32 13 87 52 1 120 77 15 43 84 39 5 62 27 87 81 117 52
split_gain=57.0417 43.6164 54.0285 90.1796 59.4268 54.7095 48.167 50.3817 47.7092 55.2342 61.4601 74.0681 53.6132 54.5134 59.4347 67.7054 49.103 46.3025 50.367 52.7886 45.5529 45.369 45.1802 48.4065 44.1533 44.1284 44.3712 48.0115 43.9089 43.1266
threshold=1.2134523987770083 -0.0013932086876593528 1.0750312209129336 0.98421868681907665 0.15000000596046451 0.039325866848230369 0.94304558634758007 0.6759777069091798 -0.015372914262115954 0.82922214269638073 1.0171172022819521 1.0251262784004214 0.0033815600909292702 0.98572742938995372 0.82499998807907116 0.64670878648757946 0.028375341556966308 0.24009945988655093 0.091666668653488173 0.87882170081138622 1.1166263222694399 0.45000000298023229 0.039383016526699073 0.0035491961752995853 0.98025572299957286 0.040579190477728851 0.62500000000000011 0.21666666865348819 0.55263817310333263 0.71345871686935436
decision_type=10 10 10 8 2 10 10 10 8 10 10 10 10 10 2 10 10 10 2 8 10 2 10 10 10 10 2 2 10 10
left_child=1 8 17 4 -4 6 7 -5 9 20 -11 28 -10 14 15 -14 -15 25 19 21 -1 -19 -20 -24 -21 -3 -27 -28 -12 -8
right_child=-2 2 3 5 -6 -7 29 -9 12 10 11 -13 13 16 -16 -17 -18 18 22 24 -22 -23 23 -25 -26 26 27 -29 -30 -31
leaf_value=-0.006077801930894345 0.003345470957433525 -0.00010002084978494988 -0.00098375832154980886 -0.0048708765919455478 -0.0057197136183812442 0.0024584183713321156 0.01031512327439643 0.0052390288085473434 0.00036013288033819155 -0.0076187903560759659 0.011444347005128067 -0.0012992122403697477 -0.010624257221429307 0.0020040810305537006 0.0062877053004454829 0.00010004357113795079 0.007583027696600104 0.015190723749375246 0.0005638823254048331 -0.0025798538800918128 0.0027345695089940553 0 7.1345492685024779e-05 0.014653663073363172 6.3596398898408473e-07 -0.008593299761144731 0.0035458204863177589 -0.0088182874062176127 0.0013814642379984473 -0.00060846284614568178
leaf_weight=3003 4597 3552 4511 4086 5521 4965 305 453 104159 745 825 2878 598 3548 1113 3351 2620 311 72247 10851 576 384 473 410 12718 1542 772 413 881 45100
leaf_count=3003 4597 3552 4511 4086 5521 4965 305 453 104159 745 825 2878 598 3548 1113 3351 2620 311 72247 10851 576 384 473 410 12718 1542 772 413 881 45100
internal_value=3.66011e-05 -1.45297e-05 -0.000329815 -0.00100858 -0.00362618 -0.00052373 -0.000827059 -0.00377753 0.000410738 -0.00169374 0.000191004 0.00155301 0.000576068 0.00254802 0.000176196 -0.00149371 0.0044392 9.25846e-05 0.000256538 -0.00092225 -0.00456888 0.00705115 0.000651898 0.00734911 -0.00117587 -0.00239562 -0.00525401 -0.000589235 0.00649778 -0.000523972
internal_weight=297508 292911 168614 64941 10032 54909 49944 4539 124297 8908 5329 4584 115389 11230 5062 3949 6168 103673 97394 24264 3579 695 73130 883 23569 6279 2727 1185 1706 45405
internal_count=297508 292911 168614 64941 10032 54909 49944 4539 124297 8908 5329 4584 115389 11230 5062 3949 6168 103673 97394 24264 3579 695 73130 883 23569 6279 2727 1185 1706 45405
is_linear=0
shrinkage=0.03


Tree=26
num_leaves=31
num_cat=0
split_feature=26 101 16 29 25 18 143 126 151 109 122 86 35 23 38 11 46 13 24 84 26 81 13 56 25 11 34 64 37 28
split_gain=60.6478 98.0675 70.6985 110.227 67.447 74.8347 52.5871 55.9355 51.6705 51.4753 47.0712 45.8432 62.8498 44.2725 40.594 67.66 55.1783 77.5786 69.0044 48.44 43.9703 41.2219 40.0605 39.0792 39.0041 38.0259 37.5999 36.3757 39.873 37.0157
threshold=0.10642701387405397 0.36515152454376226 0.74334150552749645 0.011650528293102981 0.047329774126410491 0.95539629459381115 0.08078735321760179 0.31578975915908819 0.46127995848655706 -0.10555555671453475 0.4156163781881333 -0.81666666269302357 0.6701561212539674 0.030920756049454216 -0.00086003070464357723 0.98283264040946972 1.0700650215148928 0.98421868681907665 0.029452278278768066 0.55000001192092907 0.062391150742769248 0.28333334624767309 0.99810335040092479 1.1519214510917666 0.018466854467988018 0.98444461822509777 0.5152861773967744 0.52500000596046459 0.80874881148338329 0.021603350527584556
decision_type=10 2 8 10 10 10 10 10 10 2 10 2 10 10 10 8 10 8 10 2 10 2 8 10 8 10 10 10 10 10
left_child=2 -2 3 13 -3 8 -7 10 -6 -9 -8 12 27 -1 15 19 20 18 -18 26 24 -19 -22 25 -16 -14 -13 28 -4 -29
right_child=1 4 11 -5 5 6 7 9 -10 -11 -12 14 23 -15 16 -17 17 21 -20 -21 22 -23 -24 -25 -26 -27 -28 29 -30 -31
leaf_value=-0.0016222291496848203 0.019573812919087417 0.012377997882682443 -0.0040039565480808753 -0.011395793874551466 -0.019130771662812414 0.01277029193104464 -0.0085109994242381724 -0.0037887976576021169 0.00029467327964197783 0.0097295428182475486 0.00088029314217203118 0.0030154106145480384 -0.0033698722433184386 0.012029195671818932 0.00076083799116220612 0.00034451788944222925 -0.0049079254301992153 -0.0020251660192046445 0.0016695170731950346 0.00010273312358588219 0.0066889153551079848 8.7245297091160859e-05 -0.0014232248910441587 0.0036117743219081441 -0.00051724857743075218 0.00055650043538696392 0.0088864406341002313 0.0014279182787244114 0 -0.010617168538299717
leaf_weight=892 297 497 9969 1223 248 365 655 300 173 900 1506 3141 2925 252 42813 112766 7012 11193 1715 2918 1719 31233 711 2639 42932 8737 1632 2911 2752 227
leaf_count=892 297 497 9969 1223 248 365 655 300 173 900 1506 3141 2925 252 42813 112766 7012 11193 1715 2918 1719 31233 711 2639 42932 8737 1632 2911 2752 227
internal_value=1.33863e-05 0.00330334 -4.14203e-05 -0.00518329 0.00211899 0.000763992 0.00220334 0.000898304 -0.0108167 0.00609735 -0.0018806 0 -0.0011058 0.00128219 0.00012947 0.000533469 -0.000217683 -0.00100243 -0.00358019 0.0032569 0.000234296 -0.000463683 0.00420067 0.000317904 0.000117438 -0.000406694 0.00511415 -0.00240731 -0.00312287 0.000399869
internal_weight=297253 4941 292312 2367 4644 4147 3726 3361 421 1200 2161 289945 30160 1144 259785 120457 139328 51153 8727 7691 88175 42426 2430 14301 85745 11662 4773 15859 12721 3138
internal_count=297253 4941 292312 2367 4644 4147 3726 3361 421 1200 2161 289945 30160 1144 259785 120457 139328 51153 8727 7691 88175 42426 2430 14301 85745 11662 4773 15859 12721 3138
is_linear=0
shrinkage=0.03


Tree=27
num_leaves=31
num_cat=0
split_feature=32 138 86 74 48 78 18 15 23 18 42 35 82 70 17 141 49 7 26 9 68 34 40 52 18 46 24 61 1 10
split_gain=65.5485 50.4661 63.9935 44.8651 79.3102 53.2626 48.9543 70.8372 87.592 46.5628 75.5501 43.6999 47.1161 46.2064 43.63 40.2838 39.7963 51.9046 39.7467 65.9905 57.9506 54.9453 37.7168 102.712 68.4548 46.7072 45.4265 38.8273 36.901 37.3646
threshold=-0.0048122901935130349 0.80561742186546337 -0.58333334326744068 0.55000001192092907 0.98130843043327343 0.30000000447034841 0.98723801970481884 0.83474779129028331 0.03424364514648915 0.95539629459381115 0.080308675765991225 0.75471690297126781 0.17500000447034839 0.39155763387680059 0.72311478853225719 1.1755007505416872 0.96847638487815868 -0.016583830118179318 0.022033915854990486 1.0082549452781679 0.64411997795104992 0.83798396587371837 -0.036712499335408204 0.73591354489326488 1.0221193432807925 1.1819780468940737 0.02829379960894585 0.92020508646965038 0.069322951138019576 1.0051813721656802
decision_type=10 10 2 2 10 10 10 8 10 8 8 10 2 8 8 8 10 10 10 10 10 10 10 10 10 10 8 10 10 8
left_child=1 28 -3 9 5 18 7 14 -9 15 11 12 -11 -14 -7 -2 17 -13 -5 20 -20 -21 23 -6 27 -26 -25 -24 29 -1
right_child=3 2 -4 4 22 6 -8 8 -10 10 -12 16 13 -15 -16 -17 -18 -19 19 21 -22 -23 24 26 25 -27 -28 -29 -30 -31
leaf_value=0.0038240835909293894 0 0.0077666426418324525 0.0012036060109190012 0.0005482746919923527 0.014894065954822186 -0.013245006987902153 -0.00034456157252572812 0.001868746496717702 0.011383179598025676 0.00020181176471593203 0.0067405797796126366 -0.0096166681239181848 -0.0016089717074865236 -0.00020646993910553943 -0.00056592049540774003 -0.014786887584594484 0.0011742750425904234 -0.00052980102187801382 -0.004969746685567827 -0.00016051668705925005 -0.0013864791957773543 0.0061012588228168347 -0.0020493396414893502 0.0043915923484186764 -0.0032955877063685192 0.0082080179840292641 -0.0036710733283797535 0.0017801691289186675 0.0085637212847031532 -0.0022659521617368955
leaf_weight=1183 253 2544 3083 13004 660 374 18524 13388 932 35954 1296 610 55994 34822 793 359 22952 6681 5022 5910 23847 1555 2474 1871 4159 312 889 34067 406 3490
leaf_count=1183 253 2544 3083 13004 660 374 18524 13388 932 35954 1296 610 55994 34822 793 359 22952 6681 5022 5910 23847 1555 2474 1871 4159 312 889 34067 406 3490
internal_value=-1.3157e-05 0.00228822 0.00424092 -0.000100295 0.000316839 -0.000225809 0.000682459 0.00192908 0.00252391 -0.000437578 -0.000403094 -0.00046482 -0.000710299 -0.00107467 -0.00503675 -0.00858812 0.000554035 -0.00135531 -0.000858021 -0.00136961 -0.00202321 0.00111658 0.00134117 0.00438822 0.00107775 -0.00239305 0.00167896 0.00151171 5.78595e-05 -0.000650569
internal_weight=297408 10706 5627 286702 127781 83349 34011 15487 14320 158921 158309 157013 126770 90816 1167 612 30243 7291 49338 36334 28869 7465 44432 3420 41012 4471 2760 36541 5079 4673
internal_count=297408 10706 5627 286702 127781 83349 34011 15487 14320 158921 158309 157013 126770 90816 1167 612 30243 7291 49338 36334 28869 7465 44432 3420 41012 4471 2760 36541 5079 4673
is_linear=0
shrinkage=0.03


Tree=28
num_leaves=31
num_cat=0
split_feature=38 26 28 14 13 25 72 38 32 49 31 54 31 83 38 17 86 55 11 50 25 82 116 79 37 71 91 56 5 28
split_gain=40.1156 65.0043 58.2393 71.3799 53.9906 123.864 90.4592 56.5313 68.7425 52.2502 51.9035 49.6319 57.9046 52.4792 87.1549 49.4807 47.4876 51.0689 64.3752 47.2945 52.3492 47.4458 47.0397 46.0191 45.9384 45.4707 44.1756 44.1111 41.6578 41.1049
threshold=-0.0011326826643198726 0.022033915854990486 -0.016901408322155472 1.0476227998733523 0.96626576781272899 0.093976024538278594 0.93103477358818065 0.016639019362628463 0.0066755642183125028 0.83663558959960949 -0.0045869927853345862 1.026696562767029 -0.0050861078780144444 -0.70000001788139332 -0.0094890384934842569 0.75515902042388927 -0.68333333730697621 1.1060866713523867 0.98644068837165844 0.84481695294380199 0.053157946094870574 0.025000001303851608 0.63029813766479503 0.55000001192092907 0.16585420817136767 0.78625229001045238 0.53593182563781749 1.0501262545585635 0.0110965957865119 0.0040706784930080184
decision_type=10 8 8 10 8 10 10 10 8 10 10 8 10 8 8 8 2 10 10 10 10 2 10 2 10 10 10 10 10 10
left_child=2 -2 3 28 5 19 7 8 9 -6 -5 12 -4 16 22 -16 17 18 -13 20 23 -22 -15 -3 -18 -24 -7 -10 -1 -8
right_child=1 4 11 10 6 26 29 -9 27 -11 -12 13 -14 14 15 -17 24 -19 -20 -21 21 -23 25 -25 -26 -27 -28 -29 -30 -31
leaf_value=0.013428174931897931 0.00050423688088647653 0.0016659028058514875 0.004055803500528414 0.0062772509805722977 0.0095642109574998659 0 0.00091002308991505743 0.0020655131643018453 -0.011679427312348029 -0.00082325632774082002 -0.0016016448566943885 -0.018663595623294942 0.0004483301537878544 -0.0047604715096916574 0.0084636653580946099 -0.0005216646205157291 -0.0015609307711674262 0.0042179038255119984 -0.0021471318838097672 -0.0027048472078097731 -0.016355526535885494 -0.001227678231970331 0.0063453023946967238 0.013095800797504159 0.0032133867383917387 -0.010951190741999619 -0.020248047257008489 0.00095206995131810756 0 0.007121061493914972
leaf_weight=857 54265 2712 4212 1179 414 152 2188 6283 833 80534 1912 214 86038 7549 553 13947 2331 1007 3687 13377 195 2016 649 359 7053 144 438 288 270 1898
leaf_count=857 54265 2712 4212 1179 414 152 2188 6283 833 80534 1912 214 86038 7549 553 13947 2331 1007 3687 13377 195 2016 649 359 7053 144 438 288 270 1898
internal_value=-3.30341e-05 -0.000344133 0.000356979 0.00382151 -0.000759029 -0.00220771 -0.000453704 -0.000658762 -0.000871433 -0.000764076 0.00132821 0.000239324 0.000620877 -0.000679759 -0.00157551 -0.000147136 0.000731108 -0.00162234 -0.00322028 -0.00175268 0.000603275 -0.00283101 -0.00401614 0.0031752 0.00199474 0.00264331 -0.0155771 -0.00821149 0.0102559 0.00388883
internal_weight=297554 165952 131602 4218 111687 19249 92438 88352 82069 80948 3091 127384 90250 37134 22842 14500 14292 4908 3901 18659 5282 2211 8342 3071 9384 793 590 1121 1127 4086
internal_count=297554 165952 131602 4218 111687 19249 92438 88352 82069 80948 3091 127384 90250 37134 22842 14500 14292 4908 3901 18659 5282 2211 8342 3071 9384 793 590 1121 1127 4086
is_linear=0
shrinkage=0.03


Tree=29
num_leaves=31
num_cat=0
split_feature=33 44 32 10 52 42 35 122 16 79 29 16 58 60 46 19 41 58 113 41 11 39 23 39 63 36 48 1 38 62
split_gain=51.1593 54.8478 59.6027 50.0442 75.6094 61.7717 60.8968 54.8626 63.6149 69.1193 57.0454 51.9028 51.3835 48.9056 47.3415 47.8048 47.5456 45.918 60.0509 54.7508 73.0959 55.4829 47.7594 45.5395 75.2731 45.4768 44.3526 44.2813 43.4643 42.3837
threshold=0.38593605160713201 1.0390492081642153 -0.0034530671546235676 1.0187746882438662 0.89085820317268383 0.11673956364393236 0.13306526094675067 0.35468545556068426 0.74334150552749645 0.15000000223517421 -0.00083035664283670474 1.1536709666252138 1.0048058032989504 1.0591833591461184 1.0049813389778139 0.98222655057907116 0.0039723992813378581 0.96761447191238414 0.69739332795143139 0.035588433966040618 0.99378332495689403 -0.015251446980983017 0.010487054008990528 0.0057720292825251826 0.72499999403953563 0.86667492985725414 0.9880952537059785 0.05621656775474549 0.0090187122114002722 0.74557289481163036
decision_type=8 10 10 10 10 10 10 10 8 2 10 8 10 10 8 8 10 10 10 10 8 10 10 10 10 10 10 10 10 10
left_child=1 2 -1 5 7 14 -7 8 9 -5 12 -6 29 -14 -2 -16 -17 18 -3 22 -21 -22 -19 24 -12 -8 -4 -13 -25 -9
right_child=3 17 26 4 11 6 25 10 -10 -11 23 27 13 -15 15 16 -18 19 -20 20 21 -23 -24 28 -26 -27 -28 -29 -30 -31
leaf_value=0.0037427316895863047 0.0020662820815323668 0.0042802098874389115 -0.0006376798925255173 0.0014076132182721844 -0.00079913214604894901 0.0087550475182855171 -0.0074200447833731951 -0.017027646877358523 0.0018634465628867389 -0.018883077408013871 0.0064795028718784555 0.0012656826601834029 0.004379434763220307 -0.0093067276768568075 -0.00096988876384031426 -5.2479244101050256e-05 0.0013488735543741432 -0.00056578602501049409 -0.011779256235683957 -0.00023147197265706147 0.022232844311445558 0 -0.0027523554885589942 0.012034737507925705 -0.00087409799717556825 0.0068315029811659234 0.0011089268072673384 0.0082125149216941366 -0.0014333666017877736 -0.0012655403045430506
leaf_weight=3668 11147 2144 49568 226 13625 245 2122 177 1337 312 3901 4686 2728 226 32560 76319 30271 16254 205 911 264 153 21311 1397 1736 185 17692 1033 204 979
leaf_count=3668 11147 2144 49568 226 13625 245 2122 177 1337 312 3901 4686 2728 226 32560 76319 30271 16254 205 911 264 153 21311 1397 1736 185 17692 1033 204 979
internal_value=2.84896e-05 -0.00047608 2.56982e-05 0.000335372 0.00140349 0.000105676 -0.00449969 0.00315153 -0.00147452 -0.0100769 0.00394351 0.000191072 0.00102337 0.00317594 0.000186457 3.34378e-05 0.000342862 -0.0013459 0.00266443 -0.00159707 0.00428145 0.0143865 -0.00181504 0.00555296 0.00416673 -0.00609939 -0.000173602 0.00259698 0.010137 -0.00418259
internal_weight=297586 112170 70928 185416 32567 152849 2552 13223 1875 538 11348 19344 4110 2954 150297 139150 106590 41242 2349 38893 1328 417 37565 7238 5637 2307 67260 5719 1601 1156
internal_count=297586 112170 70928 185416 32567 152849 2552 13223 1875 538 11348 19344 4110 2954 150297 139150 106590 41242 2349 38893 1328 417 37565 7238 5637 2307 67260 5719 1601 1156
is_linear=0
shrinkage=0.03


Tree=30
num_leaves=31
num_cat=0
split_feature=32 77 46 53 120 1 61 10 28 32 62 81 19 49 41 61 12 53 138 113 81 16 81 65 35 24 97 80 36 82
split_gain=49.3357 45.6624 58.3784 86.9028 74.1473 54.2664 49.2378 89.9759 49.1271 49.0853 48.7444 48.2887 46.2406 47.1618 45.487 45.4084 43.3433 43.5903 42.2936 38.7133 37.2015 37.6755 37.0446 64.8121 36.9073 44.5747 36.252 36.7256 36.5967 36.213
threshold=-0.0048122901935130349 0.091666668653488173 1.0750312209129336 0.99824306368827831 0.24009945988655093 0.05621656775474549 0.78207102417945873 1.0054889917373659 0.014167847111821176 0.0066755642183125028 0.70325466990470897 0.25000000745058065 0.95510751008987438 0.8683132827281953 0.0081359590403735655 0.87045565247535717 0.98920628428459179 0.97381171584129345 0.86535981297492992 0.48780503869056707 0.31666667759418493 0.82253044843673717 0.75000000000000011 0.75657895207405101 0.46494361758232122 0.051721753552556045 0.37296870350837713 0.67499998211860668 0.74063643813133251 0.058333335444331176
decision_type=10 2 10 10 10 10 10 10 8 8 10 2 10 10 10 10 8 10 10 10 2 8 2 10 10 10 8 2 10 2
left_child=16 8 4 22 10 12 7 -6 15 14 11 -3 -5 -14 -8 20 17 -1 19 -18 21 -2 23 -4 25 -7 27 28 -10 -11
right_child=1 2 3 5 6 24 9 -9 26 29 -12 -13 13 -15 -16 -17 18 -19 -20 -21 -22 -23 -24 -25 -26 -27 -28 -29 -30 -31
leaf_value=-0.0033356486152022434 -0.0019456439861188027 -0.0018081671406133947 -0.0091070839376603263 -0.0088740014724140309 -0.0051727394644664453 0.0031342723586908795 0.00026889561883797192 0.013642616553796737 -0.013355722348020538 0.00037185442976756238 -0.0014017668103291881 -0.018101389855179225 0.0059691442572659516 -0.00029883095068394708 0.0014642472193113173 -0.00070408941930588448 0.00087924600231044142 0.0084255718869411574 0.0033922897689317262 -0.0049650425589551272 -0.0021685813886553476 0.014555360584321447 -0.0012848896210558478 -0.0018589347584401939 0.0057893639018441268 -0.0089803664181663679 0.0024613683881338309 -0.0015156729220815973 0.001402357663699569 -0.011087447699215059
leaf_weight=297 123 420 2001 540 303 839 75369 662 838 361 7657 317 1073 74746 47016 61229 3604 1488 4058 1376 258 446 5622 2792 2276 376 375 723 136 532
leaf_count=297 123 420 2001 540 303 839 75369 662 838 361 7657 317 1073 74746 47016 61229 3604 1488 4058 1376 258 446 5622 2792 2276 376 375 723 136 532
internal_value=1.75262e-05 -5.64944e-05 0.000145345 -0.000441282 0.000546838 -0.000100902 0.000733114 0.00744515 -0.000762571 0.000676941 -0.00216985 -0.00950563 -0.000272163 -0.000204619 0.000730723 -0.00060447 0.00200473 0.00628718 0.00111382 -0.000688962 0.00625939 0.0105341 -0.00301697 -0.00497252 0.00353987 -0.000456587 -0.00530322 -0.00720244 -0.0110065 -0.00621971
internal_weight=297853 287030 222902 90265 132637 79850 124243 965 64128 123278 8394 737 76359 75819 122385 62056 10823 1785 9038 4980 827 569 10415 4793 3491 1215 2072 1697 974 893
internal_count=297853 287030 222902 90265 132637 79850 124243 965 64128 123278 8394 737 76359 75819 122385 62056 10823 1785 9038 4980 827 569 10415 4793 3491 1215 2072 1697 974 893
is_linear=0
shrinkage=0.03


Tree=31
num_leaves=31
num_cat=0
split_feature=16 34 51 38 33 98 86 1 1 93 87 13 61 5 15 118 47 38 34 42 12 33 39 30 49 3 139 108 78 16
split_gain=53.1631 38.5484 37.903 42.9487 59.2885 43.9522 37.1803 53.8565 41.7052 42.2171 42.0849 40.3408 77.7167 55.769 53.2712 77.3837 87.3837 62.0437 53.7273 51.9275 100.741 48.4913 69.6926 51.3315 46.6599 64.6997 46.1057 45.0856 42.2486 39.9157
threshold=1.2134523987770083 0.88187819719314586 0.97846266627311718 0.00086392977391369652 0.57679587602615368 0.36666667461395269 -0.81666666269302357 0.017137105576694015 0.037181938067078597 0.21380067616701129 -0.92500001192092884 0.98257175087928783 0.82425016164779674 0.0086526595987379568 0.79522016644477855 0.1428569629788399 1.0365297198295595 -0.0087017589248716814 0.79736617207527172 -0.044666642323136323 0.99192506074905407 0.31702817976474768 -0.025729443877935406 0.0043620986398309478 0.83663558959960949 0.007731952704489232 0.98723846673965465 0.36666667461395269 0.90000000596046459 0.94236883521080028
decision_type=10 10 10 10 10 2 2 10 10 10 2 10 10 10 8 10 10 10 10 8 10 10 10 8 8 8 10 2 10 10
left_child=6 2 -2 4 -4 -6 7 -1 -9 -10 -11 14 13 -13 15 16 -8 27 -19 20 -16 22 26 -23 25 -21 -14 -17 -15 -24
right_child=1 -3 3 -5 5 -7 11 8 9 10 -12 12 21 28 19 17 -18 18 -20 24 -22 23 29 -25 -26 -27 -28 -29 -30 -31
leaf_value=0.00057785074562503088 0.0042873777163710963 0.010302910088161449 -0.0092049183969878969 -0.010398252272710762 0.00035701382968124671 0.015733315359472973 -0.0039435197101751933 -0.002797421790557655 -0.0016606540004976008 0.014655181844000335 0.0015319994572402325 0.0079291429076581467 -0.0095740415707083817 0.0040441856384552111 -0.017559322216610954 0.0032462779827287158 0.012170110498831332 -0.014830449727650444 0.0013004871711969411 0.008599525597619494 -0.0016536824294841631 0.0004580576478188881 -0.0015081793975176632 0.0029584641723052279 -0.00029561487357930252 -0.0014491715273136615 -0.00024338188572446982 -0.011195193686004867 -0.0082967008277860729 0.00019795924263773322
leaf_weight=10718 2531 599 320 361 578 244 858 14239 1897 313 861 2028 1189 624 424 573 435 1020 182 1247 2209 99653 15957 8035 74244 969 901 262 382 53459
leaf_count=10718 2531 599 320 361 578 244 858 14239 1897 313 861 2028 1189 624 424 573 435 1020 182 1247 2209 99653 15957 8035 74244 969 901 262 382 53459
internal_value=1.79847e-05 0.00320015 0.00202585 -0.0015918 0.0010649 0.00554286 -3.1578e-05 -0.00107092 -0.0021086 0.000985569 0.0054689 7.74329e-05 0.000327498 0.00507795 -0.000471739 -0.00418447 0.00135186 -0.00782352 -0.0121612 -0.000310614 -0.00444116 0.000244834 -0.000358033 0.000647922 -0.000163326 0.00409766 -0.0057342 -0.00109006 -0.000419901 -0.00019024
internal_weight=297312 4633 4034 1503 1142 822 292679 28028 17310 3071 1174 264651 182228 3034 82423 3330 1293 2037 1202 79093 2633 179194 71506 107688 76460 2216 2090 835 1006 69416
internal_count=297312 4633 4034 1503 1142 822 292679 28028 17310 3071 1174 264651 182228 3034 82423 3330 1293 2037 1202 79093 2633 179194 71506 107688 76460 2216 2090 835 1006 69416
is_linear=0
shrinkage=0.03


Tree=32
num_leaves=31
num_cat=0
split_feature=28 72 73 29 57 81 42 1 41 78 26 41 31 33 49 11 15 80 87 75 54 60 4 72 26 52 142 12 58 19
split_gain=50.4755 76.9048 54.1636 43.4045 74.579 52.0605 46.8056 57.7029 68.6842 58.875 43.5477 42.5021 42.2639 63.3376 53.8175 41.9966 41.7777 40.9084 40.498 47.2554 39.3509 43.292 41.7652 39.1972 49.8854 38.117 53.1655 37.2538 41.27 37.0707
threshold=-0.011398960836231707 0.63333353400230419 0.30000000447034841 -0.0014534671790897844 1.1707353591918948 0.050000002607703216 -0.1071920022368431 0.01868327055126429 -0.027307812124490734 0.70000001788139354 0.047319468110799796 -0.0062219100072979918 -0.0066195307299494735 0.88499855995178234 0.97931036353111278 0.98701509833335888 1.1413586735725405 0.97499999403953563 -0.30833333730697626 0.82500001788139354 0.98916697502136242 1.0173939466476443 0.3333334773778916 0.48108090460300451 0.051076443865895278 0.94412824511528026 1.2225243449211123 0.99025586247444164 1.0056945681571963 0.96042764186859142
decision_type=8 8 10 8 10 2 10 10 10 10 10 10 10 10 10 10 10 2 2 2 10 10 10 10 10 10 8 10 10 8
left_child=1 12 -3 5 -5 10 15 -8 9 -9 -2 -4 13 17 -15 23 -10 -1 19 -14 22 -22 -6 -7 -25 26 -17 -12 -29 -20
right_child=3 2 11 4 20 6 7 8 16 -11 27 -13 18 14 -16 25 -18 -19 29 -21 21 -23 -24 24 -26 -27 -28 28 -30 -31
leaf_value=0.002313507998523374 -0.0017964630360036492 0.0014883295273151519 0.010990986063592126 6.1360697823499636e-05 0.0021512956763817285 0.0032946449476979737 0.00025262885221294753 -0.0029936236828254788 -0.0022554969279265542 0.0021537577791746506 0.00033748827630379163 -0.0065210704032855095 -0.00077831620910335413 0.011318937502341883 -0.0048413066549098686 -0.013804208101202291 0.0020393841058208256 0.012110554047633223 -0.013447076487458754 -0.0108943251998496 0.0059181191149291056 -0.0089582025920322463 -0.012054124198512 0.0038072102585644928 0.034438961388002474 0.010572361436957608 0.0032509429485077044 -0.012652192361989403 0.001154170584522258 0.0017446467673556728
leaf_weight=838 8278 1583 1473 168667 599 357 45993 2636 30030 7783 346 101 8729 208 888 246 2098 892 123 425 3675 152 236 129 104 225 370 943 192 9363
leaf_count=838 8278 1583 1473 168667 599 357 45993 2636 30030 7783 346 101 8729 208 888 246 2098 892 123 425 3675 152 236 129 104 225 370 943 192 9363
internal_value=-3.44529e-07 0.00129897 0.0056677 -0.000118695 0.000166849 -0.000617908 -0.000387965 -0.000478538 -0.00127572 0.000819495 -0.002702 0.00961135 0.000637822 0.0040459 -0.0013577 0.00493864 -0.00196461 0.00761704 0.000101266 -0.00130341 0.0039027 0.00520578 -0.00170082 0.0109505 0.0203071 0.000216233 -0.00330826 -0.00747226 -0.0100774 0.00148823
internal_weight=297682 24623 3157 273059 173329 99730 89971 88540 42547 10419 9759 1574 21466 2826 1096 1431 32128 1730 18640 9154 4662 3827 835 590 233 841 616 1481 1135 9486
internal_count=297682 24623 3157 273059 173329 99730 89971 88540 42547 10419 9759 1574 21466 2826 1096 1431 32128 1730 18640 9154 4662 3827 835 590 233 841 616 1481 1135 9486
is_linear=0
shrinkage=0.03


Tree=33
num_leaves=31
num_cat=0
split_feature=28 72 53 25 29 22 81 39 41 70 60 61 79 20 17 81 5 19 16 38 33 14 87 74 34 71 19 19 96 17
split_gain=52.4238 66.6157 52.4164 40.1644 36.0078 76.9407 52.6707 102.401 58.4001 41.9752 37.6378 43.3791 35.883 102.225 55.0658 46.9323 44.4239 38.3667 35.8823 60.4588 53.0077 43.8318 41.9745 41.7974 37.8663 37.2143 37.1129 47.9697 39.3538 35.5055
threshold=-0.011398960836231707 0.66831079125404369 1.0364474058151247 0.012348900549113752 -0.00020898586080875245 1.0969684123992922 0.050000002607703216 -0.0047567740548402062 -0.051097905263304703 0.86170178651809703 1.0152243971824648 0.9735269844532014 0.55000001192092907 0.91837114095687877 0.68147727847099315 0.050000002607703216 0.0065604681149125108 1.0183355808258059 1.1759310960769656 -0.00031992353615351016 0.86067399382591259 1.0596139430999758 -0.30833333730697626 0.65000000596046459 0.91446053981781017 0.066666934639215483 0.95510751008987438 1.0213615298271181 0.50251343846321117 1.1933582425117495
decision_type=10 10 10 10 8 10 2 10 10 10 10 10 2 10 8 2 10 10 8 8 10 8 2 2 10 8 10 10 8 8
left_child=1 18 -3 -2 6 12 7 -5 -9 -8 11 -7 14 16 15 -6 -14 -16 22 21 -21 -20 23 -1 25 -22 -24 -28 -29 -23
right_child=3 2 -4 4 5 10 9 8 -10 -11 -12 -13 13 -15 17 -17 -18 -19 19 20 24 29 26 -25 -26 -27 27 28 -30 -31
leaf_value=-0.00076271545568585934 0.00084336328374946627 -0.00069118533554750187 0.0083748138502558762 0.0021331052246007756 -0.010370058991827887 -0.00084134284594574631 -0.00048972876296294243 -0.013355027671330809 -0.0035448256811217481 0.0058313046579390668 -0.010846176398098468 0.0072530702727888032 0.0020865398960148397 0.00085877769818591709 -4.7035708471047432e-05 -0.0014192857886917631 0.022207277911469141 -0.0052720829691570792 0.016029506257343992 0.0030662567166283906 -0.012987604788143431 -0.0038765892828741921 -0.014462619589029363 -0.0079616181324227049 0.0042934854466517717 -0.00099005440876009996 0.0076283511569126255 0.00010282076904210084 0.0073388105106882654 0.0060243382267621366
leaf_weight=6822 34039 726 1931 2926 839 700 100471 604 7616 928 105 2411 208 14405 103327 1643 279 1263 356 2114 508 340 107 816 285 529 1063 7281 737 1892
leaf_count=6822 34039 726 1931 2926 839 700 100471 604 7616 928 105 2411 208 14405 103327 1643 279 1263 356 2114 508 340 107 816 285 529 1063 7281 737 1892
internal_value=2.97449e-06 0.0013038 0.00579889 -0.000118101 -0.00025709 9.09027e-05 -0.000646764 -0.00260771 -0.00433275 -0.000427782 0.00465719 0.00534221 -2.77877e-05 0.00134815 -0.000222176 -0.00462356 0.0146266 -0.000113996 0.000763379 0.00274685 4.39554e-05 0.00619251 3.30354e-05 -0.00158976 -0.00453911 -0.00728571 0.00141517 0.00166659 0.000821868 0.00436188
internal_weight=297271 25507 2657 271764 237725 125180 112545 11146 8220 101399 3216 3111 121964 14892 107072 2482 487 104590 22850 6024 3436 2588 16826 7638 1322 1037 9188 9081 8018 2232
internal_count=297271 25507 2657 271764 237725 125180 112545 11146 8220 101399 3216 3111 121964 14892 107072 2482 487 104590 22850 6024 3436 2588 16826 7638 1322 1037 9188 9081 8018 2232
is_linear=0
shrinkage=0.03


Tree=34
num_leaves=31
num_cat=0
split_feature=40 36 18 83 141 55 142 0 29 22 42 1 16 115 124 62 86 57 34 18 80 35 27 37 36 57 100 71 83 7
split_gain=49.7147 79.5998 52.2807 49.5089 55.4117 58.3531 44.5823 41.9852 38.1343 86.3523 56.9451 66.5494 53.7053 48.7097 46.4998 46.1903 50.8843 44.3235 93.0941 43.7277 43.043 42.0402 41.7413 36.8088 60.667 36.6556 36.0716 40.315 52.9722 55.671
threshold=-0.03028710093349218 0.82231479883193981 1.0242571830749514 -0.50000001490116108 0.85078516602516185 1.1219715476036074 1.2740975618362429 -0.014163149055093525 -0.00020898586080875245 1.0969684123992922 -0.088266666978597627 0.022352968342602256 0.86410823464393627 0.73809498548507702 0.1136700175702572 0.70325466990470897 0.75000000000000011 0.91721218824386608 0.63646715879440319 0.99088072776794445 0.37500000000000006 0.80995920300483715 0.11869724467396738 0.8470100760459901 0.52107647061347973 0.93563672900199901 0.67543861269950878 0.58490541577339183 -0.50000001490116108 -0.023833656683564183
decision_type=10 10 8 10 10 10 8 10 10 10 10 10 8 8 10 10 2 10 10 10 2 10 10 10 10 10 2 10 10 10
left_child=1 26 8 4 -4 -6 -5 -7 10 13 19 12 -12 17 -11 16 -15 18 -10 -2 22 -14 -21 25 -25 -13 27 -1 29 -29
right_child=2 -3 3 6 5 7 -8 -9 9 14 11 23 21 15 -16 -17 -18 -19 -20 20 -22 -23 -24 24 -26 -27 -28 28 -30 -31
leaf_value=0.0002537950833144986 -0.00410249476305472 0.0059771842603408235 -0.0062825642547974436 -0.0091898013824872008 -0.0012187982033399392 0.011616904476838072 -0.00032072906780730433 0 0.011849987045148495 0.0078411415143599394 -0.0087264159576794752 -0.014023154558981484 -0.00030185618489639098 -0.015557025306191744 0 -0.0010061571877553464 -0.0008645772709416509 0.00028549185141165404 0.00018563719002887488 0 0.0031725684068015232 0.0016259941809777074 0.02178791246376462 0.0082200091461719846 -0.00079371000719780571 -0.0019651628133761033 -0.0045898982755180244 0.015313647031104086 0.00053032515441642301 0.0038420443652288369
leaf_weight=20640 552 2800 1351 1513 3744 617 875 486 915 2051 624 218 71685 415 946 12647 511 117957 1966 152 2652 11839 228 802 3480 28555 1093 508 3318 1939
leaf_count=20640 552 2800 1351 1513 3744 617 875 486 915 2051 624 218 71685 415 946 12647 511 117957 1966 152 2652 11839 228 802 3480 28555 1093 508 3318 1939
internal_value=1.13376e-05 0.00116343 -0.000118457 -0.00241929 -0.00094008 0.000507084 -0.00609428 0.0065499 -4.06022e-05 0.000299923 -0.000430454 -0.000546778 -9.48311e-05 0.000184916 0.00532293 -0.00151338 -0.00795602 0.000378377 0.00404978 0.00327221 0.00473122 -2.46808e-05 0.0141564 -0.00168747 0.000855152 -0.00207662 0.000658378 0.000890286 0.00310845 0.00645001
internal_weight=297079 30298 266781 8586 6198 4847 2388 1103 258195 137408 120787 117203 84148 134411 2997 13573 926 120838 2881 3584 3032 83524 380 33055 4282 28773 27498 26405 5765 2447
internal_count=297079 30298 266781 8586 6198 4847 2388 1103 258195 137408 120787 117203 84148 134411 2997 13573 926 120838 2881 3584 3032 83524 380 33055 4282 28773 27498 26405 5765 2447
is_linear=0
shrinkage=0.03


Tree=35
num_leaves=31
num_cat=0
split_feature=32 73 49 137 55 4 54 39 81 72 140 33 44 99 104 77 58 96 50 7 34 53 118 7 79 86 29 53 118 76
split_gain=45.6078 46.4318 58.5424 49.0424 40.1582 45.5545 43.9731 37.4687 45.1822 41.4418 36.7598 36.428 59.4775 59.0111 52.2788 47.5823 44.8251 53.8504 43.2883 64.3232 63.6276 61.2668 57.1871 49.8848 46.6744 43.805 62.8047 43.4765 41.9764 41.5294
threshold=-0.0048122901935130349 0.90000000596046459 0.94227764010429393 0.99422812461853038 1.095194458961487 0.36000266671180731 0.9846179485321046 0.023322017863392833 0.55000001192092907 0.40909104049205786 0.78177329897880565 0.47571657598018652 1.0390492081642153 0.76388889551162731 0.47222222387790685 0.091666668653488173 0.95196217298507702 0.50251343846321117 0.76580634713172924 0.036764739081263549 0.71439921855926525 1.0438174009323122 0.12195228412747385 0.047219291329383857 0.35000000894069677 0.68333333730697643 0.0058789765462279328 1.0397661328315737 0.18032832443714145 0.11666667088866235
decision_type=8 10 10 10 10 10 10 10 2 10 8 10 10 2 2 2 8 10 10 10 10 10 8 10 2 2 10 10 10 2
left_child=1 2 3 -1 5 7 -7 8 -3 -10 -4 12 -2 14 -14 16 17 28 19 21 -21 22 -17 25 -25 26 -20 -27 -13 -16
right_child=11 4 10 -5 -6 6 -8 -9 9 -11 -12 15 13 -15 29 18 -18 -19 23 20 -22 -23 -24 24 -26 27 -28 -29 -30 -31
leaf_value=0.0097685552832257952 4.9347424557058482e-05 -0.0056094111893014303 -0.0035517000139098499 0 0.0075476765463669384 -0.022460031374066602 -0.0039955615212821588 -0.006217721654899447 0.0020924377123486587 0.0220110421691482 0.0025754570194740935 -0.01145207135159532 -0.0034758346945958749 0.0073074478275295153 -0.0026713734476235952 0.0048531182395491201 -0.00046532584802933035 0.0081097161477535137 0.00053937337232948549 -0.020134732449166904 -0.0020389929927611497 0.014083890225975063 -0.0059814984910021522 -6.6977008590578789e-05 0.010908871854554117 0.0013763723770469213 -0.0019886382621834326 0.0063855865360144442 -0.00075937161849418838 -0.00030905457812276967
leaf_weight=1690 82295 219 1059 695 312 172 473 494 310 151 4246 918 9093 676 9049 633 33471 196 89840 327 449 216 1223 517 793 18192 9757 1741 613 27125
leaf_count=1690 82295 219 1059 695 312 172 473 494 310 151 4246 918 9093 676 9049 633 33471 196 89840 327 449 216 1223 517 793 18192 9757 1741 613 27125
internal_value=1.48237e-05 0.00202379 0.00312252 0.00703534 -0.00179381 -0.00362387 -0.00989795 0 0.0044482 0.00988439 0.00128725 -5.29839e-05 -0.00042994 -0.00129463 -0.00143289 0.000249388 -0.000719952 -0.00542131 0.00052773 -0.00309803 -0.0103556 -0.000163536 -0.00211403 0.000616164 0.00641575 0.000549031 0.000288356 0.00183489 -0.00742922 -0.000909432
internal_weight=296945 9821 7690 2385 2131 1819 645 1174 680 461 5305 287124 128238 45943 45267 158886 35198 1727 123688 2848 776 2072 1856 120840 1310 119530 99597 19933 1531 36174
internal_count=296945 9821 7690 2385 2131 1819 645 1174 680 461 5305 287124 128238 45943 45267 158886 35198 1727 123688 2848 776 2072 1856 120840 1310 119530 99597 19933 1531 36174
is_linear=0
shrinkage=0.03


Tree=36
num_leaves=31
num_cat=0
split_feature=38 1 46 118 39 17 121 120 51 57 24 28 14 27 44 79 32 12 34 51 108 106 79 33 28 81 26 57 100 34
split_gain=36.5706 65.0442 48.0554 66.7888 60.0381 56.0809 45.2163 45.1308 54.9408 43.5448 43.1641 44.4618 60.0818 51.3037 49.3977 52.2296 84.36 51.6775 46.5792 40.0961 39.4972 38.3807 36.3327 72.955 60.2162 43.2222 34.0948 49.2267 52.4072 48.9033
threshold=-1.0000000180025095e-35 0.05621656775474549 1.0750312209129336 0.39215667545795446 0.030831194482743744 1.090997636318207 0.64752480387687694 0.24009945988655093 0.80450376868247997 1.2164902091026308 0.01197083340957761 -0.014303259085863827 0.9559774398803712 0.092810511589050307 1.0490185022354128 0.84999999403953563 0.004808790050446988 1.0085409283638003 0.88187819719314586 0.86549177765846264 -0.22500000149011609 0.62731480598449718 0.55000001192092907 0.86067399382591259 0.021603350527584556 0.65000000596046459 0.044065827503800399 0.88309085369110119 0.67543861269950878 0.85174643993377697
decision_type=10 10 10 8 10 10 10 8 10 10 10 8 10 10 10 2 10 10 10 10 2 2 2 10 10 2 8 10 2 10
left_child=1 10 7 5 -5 21 9 19 22 26 -1 12 13 -12 -13 17 -17 -16 20 -2 -14 -4 24 -24 25 -9 -3 29 -29 -28
right_child=2 6 3 4 -6 -7 -8 8 -10 -11 11 14 18 -15 15 16 -18 -19 -20 -21 -22 -23 23 -25 -26 -27 27 28 -30 -31
leaf_value=0.0010322398438099953 -0.0045913285068717256 -0.001913365417153829 -0.0053831403859101326 -0.00077050899175775561 0.0039922981577506528 -6.2136693061884754e-05 0.010663685428831353 0.0024541563168388541 0.00011360321871437632 -0.0059420712586256445 0.0025795571380178442 0.00028553322832701699 -0.0012293605443453046 0.023609379137722916 -0.0010365804239194174 -0.00033879226439188553 0.011000947412095782 -0.004373857340519754 0.011007354363323526 0.00049103352087186657 0.0050938099270603412 0.0044431799075677668 0.003155920398485459 0.024928765985148271 -0.011951191858101038 0.019352925213066158 -0.0053197947099164495 0.010676537826461097 -0.0055353625560615296 0.010507835340499878
leaf_weight=43049 3306 649 6282 45980 2477 3523 762 3051 77967 442 280 60759 3139 201 12527 18306 590 6528 403 2234 1203 331 545 192 223 131 561 1354 168 230
leaf_count=43049 3306 649 6282 45980 2477 3523 762 3051 77967 442 280 60759 3139 201 12527 18306 590 6528 403 2234 1203 331 545 192 223 131 561 1354 168 230
internal_value=1.21015e-05 0.00034028 -0.000325042 -0.000990562 -0.000519311 -0.00320846 0.0040322 0.000116557 0.00029688 0.00240648 0.000233065 -9.51928e-05 0.00259128 0.012558 -0.000240957 -0.00109147 1.0672e-05 -0.002199 0.00146953 -0.00249352 0.000469092 -0.00483416 0.00365758 0.00973315 0.0022058 0.00336009 0.00378438 0.00551439 0.00864391 -0.000202025
internal_weight=297393 151151 146242 58593 48457 10136 4166 87649 82109 3404 146985 103936 5226 481 98710 37951 18896 19055 4745 5540 4342 6613 4142 737 3405 3182 2962 2313 1522 791
internal_count=297393 151151 146242 58593 48457 10136 4166 87649 82109 3404 146985 103936 5226 481 98710 37951 18896 19055 4745 5540 4342 6613 4142 737 3405 3182 2962 2313 1522 791
is_linear=0
shrinkage=0.03


Tree=37
num_leaves=31
num_cat=0
split_feature=22 86 34 48 74 34 36 35 15 67 117 40 36 25 53 26 45 24 110 16 44 49 90 11 109 113 74 134 5 90
split_gain=39.7884 53.4056 47.2599 51.119 49.1961 46.0953 43.6509 43.5535 40.3315 37.9657 41.2 35.4492 64.67 51.4367 70.9008 52.0306 56.9096 47.2821 45.9339 44.6869 71.3134 50.5416 41.4649 41.1181 39.8793 67.6773 51.7439 32.9079 31.4899 37.1829
threshold=1.1709007024765017 -0.81666666269302357 0.88187819719314586 0.96916878223419201 0.15000000223517421 0.60327807068824779 0.63809368014335643 0.55548951029777538 1.0270270705223086 0.016807910054922107 0.32923212647438055 -0.03028710093349218 0.82231479883193981 0.093976024538278594 0.97381171584129345 0.10642701387405397 1.039915978908539 0.01946308929473162 0.3514705896377564 0.74334150552749645 1.020459055900574 0.83663558959960949 0.44767373800277716 0.9737842082977296 0.18333333730697635 0.23077002912759784 0.35000000894069677 0.24742029607295993 0.01181099144741893 -0.13777942955493924
decision_type=8 2 10 8 2 10 10 10 10 8 10 10 10 8 10 10 10 8 2 8 10 8 10 10 2 10 2 10 10 10
left_child=1 7 3 -2 5 27 -4 8 -1 10 -6 12 18 15 -15 19 -17 -18 -3 20 -13 -21 -16 -24 25 -14 -27 -5 -10 -30
right_child=2 11 6 4 9 -7 -8 -9 28 -11 -12 13 24 14 22 16 17 -19 -20 21 -22 -23 23 -25 -26 26 -28 -29 29 -31
leaf_value=0 0.0053425410524949269 0.0010136779858058182 -0.0018461265957318625 -0.021698414076726246 -0.0018238005527282124 -0.00092139145495168725 0.013649289013732441 -0.00029493366331156029 -0.0031483969662139204 -0.0017833028213959429 0.012935104087202647 0.00017728232964218842 0 -0.019958945983920194 0.0062008660773668362 0.019135757740695269 0.010686501792062236 -0.002556631647366608 -0.0049737344441170154 0.0042554771109786452 -0.010858375372740014 -2.4888840975622321e-05 -0.013783762742774404 -0.00049057470876181315 0.0009890667505215191 -0.00018832729403571837 0.018676307673391419 -0.0030393817296795575 -0.0012014915058978751 -0.01463298335830049
leaf_weight=3421 1734 22385 177 208 212 822 563 16827 7007 747 440 1174 394 239 332 232 369 571 1183 2489 865 231179 336 637 854 125 620 218 375 503
leaf_count=3421 1734 22385 177 208 212 822 563 16827 7007 747 440 1174 394 239 332 232 369 571 1183 2489 865 231179 336 637 854 125 620 218 375 503
internal_value=4.36325e-06 -4.06674e-05 0.00262157 0.00133688 -0.00119505 -0.00555712 0.00959717 -0.00128345 -0.00272508 0.00250827 0.00777831 9.07281e-05 0.00115224 -2.19045e-05 -0.00544501 1.26342e-05 0.00626534 0.00244383 0.000696458 -1.77123e-05 -0.00441864 1.97816e-05 -0.00229934 -0.00556831 0.00633258 0.009994 0.0151968 -0.013387 -0.00390277 -0.0093849
internal_weight=297238 292117 5121 4381 2647 1248 740 28133 11306 1399 652 263984 25561 238423 1544 236879 1172 940 23568 235707 2039 233668 1305 973 1993 1139 745 426 7885 878
internal_count=297238 292117 5121 4381 2647 1248 740 28133 11306 1399 652 263984 25561 238423 1544 236879 1172 940 23568 235707 2039 233668 1305 973 1993 1139 745 426 7885 878
is_linear=0
shrinkage=0.03


Tree=38
num_leaves=31
num_cat=0
split_feature=26 25 101 138 22 24 12 11 74 57 35 121 49 11 1 1 40 41 31 33 112 113 76 84 44 86 47 54 92 15
split_gain=39.7182 61.2786 61.5646 59.6795 51.6668 57.2222 72.002 47.9329 47.5178 58.0563 53.0943 43.6856 42.0209 41.8207 40.0687 44.4164 38.8105 72.7986 54.8235 38.5743 43.4765 41.7732 37.4764 50.9937 78.6098 48.9303 47.4499 43.3796 36.4003 35.676
threshold=0.10642701387405397 0.049950143322348602 0.35857143998146063 0.97259962558746349 0.80479401350021373 0.041559813544154174 0.98381823301315319 0.95994466543197643 0.55000001192092907 1.1707353591918948 0.76851913332939159 0.58688536286354076 0.8683132827281953 0.99189096689224254 0.05621656775474549 0.013890750240534546 -0.03028710093349218 -0.037664346396923058 -0.00075365169323049475 0.87321457266807567 0.217028982937336 0.51851877570152294 0.45000000298023229 -0.55000001192092884 1.0841382741928103 0.21666666865348819 1.0613786578178408 1.0161388516426089 0.10471178591251375 1.006043612957001
decision_type=10 10 2 8 8 10 10 10 2 10 8 10 10 10 8 10 8 8 10 10 2 10 2 2 8 2 10 10 10 10
left_child=4 29 -3 13 5 6 -1 12 10 16 22 -11 -5 -4 15 -12 18 -18 -10 20 21 -7 25 -24 -25 27 -27 -6 -19 -2
right_child=1 2 3 7 8 19 -8 -9 9 11 14 -13 -14 -15 -16 -17 17 28 -20 -21 -22 -23 23 24 -26 26 -28 -29 -30 -31
leaf_value=0.013901779334925375 0.016353305396737051 0.014770853997048765 0.00067398113446015832 -0.019777058849563777 0 0.0013972857867192944 -0.0031875631674701411 -0.00077707598420293552 -0.0069127377859993311 -0.00088825239579423091 0.0024036399455740673 0.0064950308767687771 0 0.0097289920997503613 0.0066611767133193207 -0.00017099213914796129 -0.0064615868131276824 -0.00029743460937460602 0.0033953031080488231 -0.0015674855583461794 0 -0.016478060614735831 0.00086829084026063459 -0.0003659064469631285 -0.0052308833563522224 0 -0.0063547141707404504 -0.0015323752032996411 0.00076746634358217374 0
leaf_weight=285 407 267 1570 247 29181 100 756 1430 468 931 8301 2369 152 684 989 21259 1447 54808 5925 794 260 740 27765 28572 3347 1623 2951 39008 60437 173
leaf_count=285 407 267 1570 247 29181 100 756 1430 468 931 8301 2369 152 684 989 21259 1447 54808 5925 794 260 740 27765 28572 3347 1623 2951 39008 60437 173
internal_value=-2.32548e-05 0.00264002 0.00131584 0.000295147 -6.93756e-05 -0.00401688 0.00138218 -0.00362891 -2.80272e-05 0.000407384 -0.000367488 0.00432889 -0.0126088 0.00361515 0.00075512 0.000543007 0.000299123 0.000171463 0.00257472 -0.00712454 -0.0107682 -0.0140182 -0.000628759 -6.61416e-05 -0.000888393 -0.00108598 -0.00410122 -0.000878181 0.000258456 0.0116965
internal_weight=297246 4930 4350 4083 292316 2935 1041 1829 289381 126385 162996 3300 399 2254 30549 29560 123085 116692 6393 1894 1100 840 132447 59684 31919 72763 4574 68189 115245 580
internal_count=297246 4930 4350 4083 292316 2935 1041 1829 289381 126385 162996 3300 399 2254 30549 29560 123085 116692 6393 1894 1100 840 132447 59684 31919 72763 4574 68189 115245 580
is_linear=0
shrinkage=0.03


Tree=39
num_leaves=31
num_cat=0
split_feature=38 11 36 31 141 14 28 68 34 75 9 46 67 38 79 30 56 54 77 120 52 39 74 77 32 56 38 49 130 16
split_gain=36.9855 51.8721 54.4986 52.2318 46.1542 39.9485 82.3704 47.9559 45.7672 40.5823 38.7055 52.5122 54.4715 86.4713 68.3323 65.8683 47.0937 45.9355 39.9556 46.3708 42.1872 39.417 47.7832 41.8066 38.1217 48.6565 37.8974 51.5571 37.8718 36.2611
threshold=-0.0013932086876593528 0.97156038880348217 0.78109702467918407 -0.0081817042082548124 0.85078516602516185 1.0476227998733523 -0.016901408322155472 0.094339769333601012 0.71439921855926525 0.87500000000000011 1.0075923800468447 1.0750312209129336 0.57554346323013317 0.016639019362628463 0.94999998807907116 -0.0020397457992658015 0.98256748914718639 1.0316181778907778 0.091666668653488173 0.24009945988655093 0.94692924618721019 0.039383016526699073 0.94999998807907116 0.10833333432674409 0.0066755642183125028 0.96519097685813915 0.004634152166545392 0.91810098290443432 1.8708379268646242 0.95676431059837352
decision_type=10 8 8 8 10 10 8 10 10 2 10 10 10 10 2 10 10 10 2 8 10 8 2 2 10 10 10 10 10 8
left_child=1 2 -1 4 -3 6 7 -5 9 -7 11 18 -13 15 17 -14 -12 -15 20 -20 26 23 -23 -21 -8 -26 27 -2 -6 -16
right_child=10 3 -4 5 28 8 24 -9 -10 -11 16 12 13 14 29 -17 -18 -19 19 21 -22 22 -24 -25 25 -27 -28 -29 -30 -31
leaf_value=0.00181839379406401 -0.0099985799248994006 -0.0034788722996317934 0.012484693806554087 0.012551698057572213 0.0104779394860773 -0.002521826273516842 0.00043414792493178396 -0.0022024840622213967 0.00055832835273561825 0.013734115503314468 0.0081437889175772996 -0.00072024990912576876 -0.0088626460534118687 0.0051431985422731854 0.019455467938330293 -0.0027465834112395627 0.00071803387983769259 -0.0061898247234686331 -0.0025116037148171818 0.0044885555734970701 0.000302617624324158 -0.00377127010467575 0.010849693249499543 0.00028837203203091206 -0.015042394529316468 -0.0013343892505473837 -0.00036550207258378048 -0.0025759935241715247 -5.8779585648511282e-05 0
leaf_weight=1728 1009 368 604 764 1098 11002 100206 215 8926 115 808 46811 2182 648 271 6773 13921 598 4829 2199 10450 236 666 66624 290 1227 5882 6382 346 101
leaf_count=1728 1009 368 604 764 1098 11002 100206 215 8926 115 808 46811 2182 648 271 6773 13921 598 4829 2199 10450 236 666 66624 290 1227 5882 6382 346 101
internal_value=-1.73059e-05 0.000369352 0.00479124 0.0002834 0.00531824 0.000205776 0.000446922 0.00903198 -0.00101414 -0.00230237 -0.000307019 -0.000447532 -0.00116857 -0.00312003 0.00312736 -0.0042867 0.00115623 -7.08176e-05 -2.33149e-05 0.000314815 -0.00109796 0.000515533 0.00670005 0.000428197 0.00035959 -0.00431173 -0.00222201 -0.00365403 0.00778198 0.0140619
internal_weight=297279 126889 2332 124557 1812 122745 102702 979 20043 11117 170390 155661 57384 10573 1618 8955 14729 1246 98277 74554 23723 69725 902 68823 101723 1517 13273 7391 1444 372
internal_count=297279 126889 2332 124557 1812 122745 102702 979 20043 11117 170390 155661 57384 10573 1618 8955 14729 1246 98277 74554 23723 69725 902 68823 101723 1517 13273 7391 1444 372
is_linear=0
shrinkage=0.03


Tree=40
num_leaves=31
num_cat=0
split_feature=26 36 25 125 32 12 13 49 22 29 40 113 41 112 5 114 49 1 33 41 97 49 79 61 53 5 118 20 3 44
split_gain=48.0986 70.9346 64.7715 54.6548 48.7629 61.366 48.4385 79.0546 47.4892 81.6782 59.3099 52.1833 43.4664 43.3305 46.3 40.8393 37.4324 39.4014 38.9989 48.7671 60.571 40.6897 62.5103 40.2835 38.7015 36.0025 34.2368 33.0236 54.6905 69.9246
threshold=0.10642701387405397 0.78109702467918407 0.072090011090040221 -0.015384564176201819 0.0037756561068817977 0.98625290393829357 0.98257175087928783 0.83663558959960949 0.80479401350021373 0.0098589411936700361 0.012786510866135361 0.9255569875240327 -0.059761529788374894 0.217028982937336 0.019525813870131973 0.59813097119331371 0.83663558959960949 0.010169465560466053 0.38593605160713201 0.050078753381967551 0.27598887681961065 0.90567371249198925 0.15000000223517421 0.78207102417945873 1.0364474058151247 0.0032601822167634968 0.71428576111793529 0.89400815963745128 0.0099404137581586855 1.0193807482719424
decision_type=8 10 8 10 10 8 10 10 10 10 10 10 8 2 10 10 10 10 10 10 10 10 2 10 10 10 10 10 10 10
left_child=8 2 3 -2 5 15 -7 -8 9 10 -1 13 -3 14 -11 -4 27 -18 21 23 -21 22 -19 -20 -23 -12 -14 -10 -29 -30
right_child=1 12 4 -5 -6 6 7 -9 16 11 25 -13 26 -15 -16 -17 17 18 19 20 -22 24 -24 -25 -26 -27 -28 28 29 -31
leaf_value=-0.0016250122879575167 -0.0019442888714860532 0.018741007431367918 0 0.012553307481529191 -0.0070502132840510965 -4.973270058949144e-05 0.020616151223921231 0.0009999169588073805 0 -0.017086603362151648 0 -0.0013171125495608782 0.0077675435777003485 0 0 -0.019265407202483126 0.00086444966644830062 0.0058636922218637255 0.0097839558768869732 -0.0036003823349856742 0.0022488997271182787 -0.00072160121476951239 -0.0014278693219386799 0.00017452184060325458 -0.0045989456717864452 0.022390964086148508 -0.006237818656861782 0.011069493724085571 -0.016878835841820674 0.0068833349086187979
leaf_weight=494 301 310 260 655 876 1508 298 532 1230 768 105 970 792 284 147 178 34277 2077 375 6367 2041 89629 2023 146649 2394 176 155 882 154 278
leaf_count=494 301 310 260 655 876 1508 298 532 1230 768 105 970 792 284 147 178 34277 2077 375 6367 2041 89629 2023 146649 2394 176 155 882 154 278
internal_value=-3.89532e-05 0.00264447 0.000834609 0.00773501 -0.000922329 0.0009407 0.00298215 0.00871517 -9.41849e-05 -0.00387362 0.00417265 -0.00689751 0.0089273 -0.0110703 -0.0141945 -0.00895568 -5.42949e-05 -8.76841e-05 -0.000218673 7.33406e-05 -0.00214294 -0.0006939 0.00220365 0.000202399 -0.000826708 0.0147924 0.00508338 0.00355158 0.00682084 -0.00129576
internal_weight=297185 5865 4608 956 3652 2776 2338 830 291320 2944 775 2169 1257 1199 915 438 288376 285832 251555 155432 8408 96123 4100 147024 92023 281 947 2544 1314 432
internal_count=297185 5865 4608 956 3652 2776 2338 830 291320 2944 775 2169 1257 1199 915 438 288376 285832 251555 155432 8408 96123 4100 147024 92023 281 947 2544 1314 432
is_linear=0
shrinkage=0.03


Tree=41
num_leaves=31
num_cat=0
split_feature=42 5 76 35 27 114 14 4 102 74 48 78 58 15 23 127 2 43 104 17 45 55 42 139 81 39 66 15 59 132
split_gain=35.4029 70.9629 74.8537 40.9144 48.1297 39.4699 41.0605 40.5706 37.7268 36.7927 55.373 42.4813 65.8287 60.4892 79.8674 45.756 44.1491 54.1818 47.8074 42.6236 42.1987 54.2484 52.5617 41.7336 41.2821 89.9927 40.6117 38.368 37.4788 37.185
threshold=-0.088266666978597627 0.0086526595987379568 0.18333333730697635 0.13306526094675067 0.11869724467396738 0.3131315559148789 1.0512821078300478 0.21052565425634387 0.55051019787788402 0.55000001192092907 0.98130843043327343 0.30000000447034841 0.98173078894615184 0.83474779129028331 0.03424364514648915 -0.25663709640502924 -0.33333313465118403 1.0405997037887575 0.13392857462167743 0.72311478853225719 1.0202080607414248 0.96685054898262035 0.080308675765991225 1.0117370486259463 0.050000002607703216 -0.0047567740548402062 0.15450928360223773 1.0448004603385928 0.95437642931938182 1.4072406291961672
decision_type=8 10 2 10 10 10 10 10 2 2 8 10 10 10 10 10 10 10 2 8 8 8 10 10 2 10 8 10 10 10
left_child=1 2 3 4 -1 6 -4 -7 -3 20 11 16 13 19 -15 -14 18 23 -11 -13 -2 -22 24 -18 25 -23 -12 -28 -24 -26
right_child=9 8 5 -5 -6 7 -8 -9 -10 10 26 12 15 14 -16 -17 17 -19 -20 -21 21 22 28 -25 29 -27 27 -29 -30 -31
leaf_value=0.0010633480019640882 0.0012788239535508653 0.0070789508309601623 0.016063780676876697 0.0030594836445830185 0.030293408301999655 -1.2175608755573897e-05 -0.00061244892349105655 -0.0092956439253799091 -0.00031902229665175809 0.011453859489956981 -0.00082222615060824312 -0.01115265082554805 0.010803310244221881 0.0018441229023435975 0.010233686000213127 -0.0010182838943116556 0 -0.0063441487701522007 0.00052326980103778887 -0.0004334399950772672 -0.014798606708210555 0.0011260626456001861 0 -0.0020248695924706991 -0.00072286444754980303 -0.0038156050029943597 0.0012958449629128445 0.0051958693991053691 0.0096916936618726378 0.00038591371083089441
leaf_weight=128 12482 2533 119 1618 103 818 2895 1035 717 357 7535 439 277 16201 1095 15396 20082 1755 11194 1478 221 4975 571 17145 90764 9438 34257 2486 753 38477
leaf_count=128 12482 2533 119 1618 103 818 2895 1035 717 357 7535 439 277 16201 1095 15396 20082 1755 11194 1478 221 4975 571 17145 90764 9438 34257 2486 753 38477
internal_value=-1.6017e-05 0.00173872 0 0.0050802 0.0166672 -0.00197862 4.8641e-05 -0.00540155 0.00536313 -7.80301e-05 0.000294918 -0.000148302 0.000652221 0.00183308 0.00240379 -0.000776734 -0.000706925 -0.00119284 0.000906236 -0.00313287 -0.000386691 -0.000532089 -0.000506234 -0.000938663 -0.000563298 -0.00208988 0.00115641 0.00157056 0.00537826 -0.000390435
internal_weight=297344 9966 6716 1849 231 4867 3014 1853 3250 287378 129697 85419 34886 19213 17296 15673 50533 38982 11551 1917 157681 145199 144978 37227 143654 14413 44278 36743 1324 129241
internal_count=297344 9966 6716 1849 231 4867 3014 1853 3250 287378 129697 85419 34886 19213 17296 15673 50533 38982 11551 1917 157681 145199 144978 37227 143654 14413 44278 36743 1324 129241
is_linear=0
shrinkage=0.03


Tree=42
num_leaves=31
num_cat=0
split_feature=38 11 36 46 118 48 37 111 25 54 29 48 28 117 49 118 117 38 83 42 42 54 36 139 23 4 73 82 8 76
split_gain=42.7795 40.3966 56.4181 38.5388 74.6501 57.3699 54.9916 50.1443 44.3714 37.615 41.7082 36.8893 45.1674 50.9682 37.3792 62.2886 65.5407 50.9413 68.3483 42.9797 35.8568 56.9502 42.0884 41.1519 35.6118 34.9912 42.2109 34.5381 34.3809 33.7305
threshold=-0.00086003070464357723 0.97156038880348217 0.65361580252647411 1.0750312209129336 0.40540660917758947 0.95416954159736644 0.9184318780899049 -0.196153849363327 0.093976024538278594 0.9846179485321046 0.0063836025074124345 0.93422308564186107 -1.0000000180025095e-35 0.64732661843299877 0.88573256134986889 0.30612246692180639 0.5796019732952119 -0.011557529680430887 -0.50000001490116108 0.037443779408931739 0.021929243579506878 1.0853086709976199 0.72638562321662914 1.2705977559089663 0.030920756049454216 0.66666695475578319 0.90000000596046459 0.091666668653488173 -0.092684637755155549 0.41666667163372045
decision_type=10 8 8 10 8 10 10 2 8 8 10 8 10 10 8 10 10 8 8 10 10 10 10 10 10 10 10 2 10 2
left_child=1 2 -1 8 7 20 29 -5 -2 10 28 12 -11 -14 15 -13 -17 18 -16 -19 21 -6 23 -22 -15 26 -12 -23 -3 -7
right_child=3 9 -4 4 5 6 -8 -9 -10 11 25 14 13 24 17 16 -18 19 -20 -21 22 27 -24 -25 -26 -27 -28 -29 -30 -31
leaf_value=0 0.00011822485585146809 -0.0041179346278341295 0.0090595722049418102 0.00026815224713159624 -0.00046535921142003641 -0.0013880202288256236 0.0075076252878291385 -0.004108228110809564 -0.012030321585102097 -0.0096827712521476098 0 -0.0018640427536129368 0.0043735675468838343 0.0014337149761296753 0.0021985330357253067 0.015172055676116654 0.00054466534643737678 0.00071413469270767004 -0.0025221930220877329 -0.0011754365182589149 0.013758400864251485 -0.0048367745984744803 -0.003062870686761799 -0.0014028905215673149 -0.010403876047720141 0.0061255184859278257 -0.0080881135672855875 0.01001689453830848 0.0049519450322890847 0.00036938213741033763
leaf_weight=1397 96989 557 1142 3011 3500 31769 694 9048 251 224 802 774 5194 485 3564 636 555 94230 11346 12116 681 127 217 160 356 212 1808 827 977 13875
leaf_count=1397 96989 557 1142 3011 3500 31769 694 9048 251 224 802 774 5194 485 3564 636 555 94230 11346 12116 681 127 217 160 356 212 1808 827 977 13875
internal_value=3.78042e-05 0.000429706 0.00417457 -0.000292 -0.000864552 -0.00036301 -0.000712515 -0.00299202 8.13146e-05 0.000355808 -0.00236901 0.000450145 0.00270001 0.00323963 0.000333009 0.0044262 0.00872506 0.000263485 -0.00137225 0.000495855 0.00251292 0.0012372 0.00748258 0.01056 -0.00335404 -0.00454884 -0.00556993 0.0076728 0.00145498 -0.000847302
internal_weight=297524 136375 2539 161149 63909 51850 46338 12059 97240 133836 4356 129480 6259 6035 123221 1965 1191 121256 14910 106346 5512 4454 1058 841 841 2822 2610 954 1534 45644
internal_count=297524 136375 2539 161149 63909 51850 46338 12059 97240 133836 4356 129480 6259 6035 123221 1965 1191 121256 14910 106346 5512 4454 1058 841 841 2822 2610 954 1534 45644
is_linear=0
shrinkage=0.03


Tree=43
num_leaves=31
num_cat=0
split_feature=37 26 153 40 86 35 27 16 29 2 131 37 2 25 11 32 49 11 14 29 35 41 79 17 25 56 121 13 69 27
split_gain=36.1187 84.7018 60.8038 53.6362 42.3235 54.1538 49.0667 40.9781 76.457 46.7774 39.9197 38.9978 36.13 36.8487 35.9375 35.8173 33.7968 54.4522 42.7553 33.3135 33.1809 31.5736 46.9717 57.4645 48.6203 45.6856 37.4225 33.8394 30.6222 29.6268
threshold=0.65753778815269481 0.10642701387405397 -0.0870988294482231 0.034997249022126205 -0.81666666269302357 0.57333543896675121 0.060349740087985999 0.74334150552749645 0.0098589411936700361 0.7647063434123994 0.9017009735107423 0.7166118621826173 0.92857053875923168 0.012348900549113752 0.96891191601753246 -0.0034530671546235676 0.91241922974586498 0.99678716063499462 0.98230960965156566 0.0030914878007024531 0.80995920300483715 -0.0020260070450603958 0.84999999403953563 0.68147727847099315 0.023079294711351398 0.95785650610923778 0.28440356254577642 1.0496672987937929 0.43999974429607397 0.047126218676567085
decision_type=8 10 10 8 2 10 10 8 10 10 10 10 8 10 10 10 10 10 8 10 10 8 2 8 10 10 10 10 10 8
left_child=3 7 -3 4 5 14 -7 8 19 20 11 -4 13 -9 -1 -14 17 -15 -18 -2 -10 22 25 -24 -25 -6 -27 -23 -29 -5
right_child=1 2 10 29 21 6 -8 12 9 -11 -12 -13 15 16 -16 -17 18 -19 -20 -21 -22 27 23 24 -26 26 -28 28 -30 -31
leaf_value=-0.015374455304852498 -0.0084053315501256137 -0.001101700040270333 0.0021097740106811014 -0.00050158976975621264 0.012681342390673775 -0.00097636868701565566 0.005013194425740399 0.0021665982898178243 -0.017820833353669321 0.0011450869815648886 0.0036940535860838456 0.025998023786202171 0.0097477808677834017 0.0012970455323034057 -0.0030843148905559592 0.0016817004392917568 -0.0013306622808875489 0.011625467364961024 0.00038139138224511948 0.0065460201585879792 -0.0018562698171679245 0.00039960746322810926 0.021098442569291515 -0.00068174936796625452 0.0014288967535816088 0.0039143979514548221 -0.0011956197834311552 0.00076334523843701668 0.015482485853000218 -0.0036623123426514489
leaf_weight=218 143 304 118 5269 196 8119 1429 9416 495 212 285 284 698 8551 6666 2079 17491 478 52279 550 216 88900 101 19982 19104 1282 46395 349 238 5978
leaf_count=218 143 304 118 5269 196 8119 1429 9416 495 212 285 284 698 8551 6666 2079 17491 478 52279 550 216 88900 101 19982 19104 1282 46395 349 238 5978
internal_value=2.38713e-05 0.000512714 0.00916349 -0.00019873 -7.96395e-05 -0.00153558 -3.99818e-05 0.000414944 -0.004272 -0.00991532 0.0140329 0.0201293 0.0005024 0.000392085 -0.00356038 0.00387158 0.00017574 0.00190148 -4.37719e-05 0.00289083 -0.0135647 5.4331e-05 -0.000350439 0.000414283 0.000342399 -0.000982586 -0.00105034 0.000451465 0.00753897 -0.00221172
internal_weight=297825 93599 991 204226 192979 16432 9548 92608 1616 923 687 402 90992 88215 6884 2777 78799 9029 69770 693 711 176547 87060 39187 39086 47873 47677 89487 587 11247
internal_count=297825 93599 991 204226 192979 16432 9548 92608 1616 923 687 402 90992 88215 6884 2777 78799 9029 69770 693 711 176547 87060 39187 39086 47873 47677 89487 587 11247
is_linear=0
shrinkage=0.03


Tree=44
num_leaves=31
num_cat=0
split_feature=38 26 118 25 55 79 23 39 99 81 46 33 44 33 5 39 33 45 17 86 1 11 79 37 62 60 74 68 91 44
split_gain=33.7885 55.5156 51.7719 75.5043 67.9049 83.0023 96.0237 59.4114 54.7124 51.6134 45.2537 66.4138 70.1739 60.2126 87.2471 41.0462 53.676 39.9454 38.9328 38.8462 49.7241 42.5997 42.6902 59.4729 71.7969 38.6719 38.6456 38.3744 38.0666 38.0254
threshold=-0.0016643496928736565 0.022033915854990486 0.33333365619182592 0.093976024538278594 0.9943576753139497 0.55000001192092907 0.03424364514648915 0.019020258449018005 0.78888890147209179 0.75000000000000011 1.2209916710853579 0.55755510926246654 1.0550964474678042 0.88499855995178234 0.012644919566810133 0.030831194482743744 0.36273320019245153 1.021739184856415 0.92916864156723034 -0.84999999403953541 0.017895959317684177 0.98283264040946972 0.45000000298023229 0.8470100760459901 0.97519677877426159 1.0301659107208254 0.35000000894069677 0.12195206061005594 0.58655697107315075 1.1161794662475588
decision_type=10 8 8 10 10 2 10 10 2 2 10 8 10 10 10 10 8 10 10 2 10 8 2 10 10 10 2 10 10 10
left_child=10 -2 3 4 5 7 -7 -3 15 17 19 12 -12 14 -13 16 -4 -6 -10 20 -1 22 -21 24 -24 -22 -18 -15 -5 -17
right_child=1 2 8 28 9 6 -8 -9 18 -11 11 13 -14 27 -16 29 26 -19 -20 21 25 -23 23 -25 -26 -27 -28 -29 -30 -31
leaf_value=0.0015140229119005354 0.00049627753066785573 -0.00011538946377962641 -0.0014565466558649916 0 0 0.0018159108145376671 0.017050057809270609 -0.0042275049773448595 0.011429889038880089 -0.0011964265379922055 0.011281749168606553 0.012730357942602235 -0.0032736812860995729 -0.003552285089868126 -0.0032612510444692358 0.00061914994774567203 -0.00062683063171216824 -0.0061402752651753224 0 0.00057484013613522404 -0.0060138633070779268 0.0002530276666509827 0.011013394677318385 -0.0037659706942122281 0.00046583751152096803 -0.00044543653383935234 0.0010767366552650022 0.010904859257583003 -0.017829085860125812 0.0075086656735725982
leaf_weight=2492 58027 13526 30340 105 1268 2329 441 4174 593 6754 337 1451 1716 672 344 2476 25992 5324 537 4225 2692 102954 1615 492 999 2133 22096 197 364 1071
leaf_count=2492 58027 13526 30340 105 1268 2329 441 4174 593 6754 337 1451 1716 672 344 2476 25992 5324 537 4225 2692 102954 1615 492 999 2133 22096 197 364 1071
internal_value=6.03362e-06 -0.000259802 -0.000636115 -0.00161808 -0.00143798 -0.000335167 0.00445364 -0.00110571 -0.000227105 -0.00310399 0.000389699 0.0032704 -0.000653896 0.00638876 0.00949822 -0.000321671 -0.000467989 -0.00500354 0.00625851 0.000271067 -0.00183527 0.000413842 0.00262462 0.0052954 0.00713044 -0.00362613 0.000149829 0 -0.0134 0.00281395
internal_weight=297736 175417 117390 34285 33816 20470 2770 17700 83105 13346 122319 4717 2053 2664 1795 81975 78428 6592 1130 117602 7317 110285 7331 3106 2614 4825 48088 869 469 3547
internal_count=297736 175417 117390 34285 33816 20470 2770 17700 83105 13346 122319 4717 2053 2664 1795 81975 78428 6592 1130 117602 7317 110285 7331 3106 2614 4825 48088 869 469 3547
is_linear=0
shrinkage=0.03


Tree=45
num_leaves=31
num_cat=0
split_feature=27 26 13 33 49 10 44 67 36 52 43 28 33 125 48 38 8 49 107 123 152 49 34 35 67 9 28 53 10 29
split_gain=40.5529 51.8214 55.8075 59.2046 50.526 49.601 46.8018 45.5055 40.8573 55.5076 62.818 46.012 59.3379 42.0644 40.3809 38.431 41.2788 37.2349 37.1215 36.1202 33.7629 34.3892 35.882 33.237 45.194 32.4358 60.0534 43.1115 32.095 34.3141
threshold=0.073966544121503844 0.022033915854990486 0.96626576781272899 0.31702817976474768 0.8683132827281953 1.0187746882438662 1.0421499013900759 0.99583333730697643 0.80852362513542186 0.96451711654663097 1.0282903313636782 -0.010414827615022658 0.92118591070175182 0.47609719634056097 0.99554604291915905 -0.010423440486192702 -0.45455123484134669 0.94908159971237194 0.36700680851936346 -0.56249824166297901 0.49705238640308386 0.83663558959960949 0.25182655453681951 0.50250637531280529 0.033615820109844215 1.0010474920272829 -0.007029106141999363 0.98750004172325145 1.0330047607421877 -0.002096929587423801
decision_type=10 10 8 8 10 10 10 10 10 10 10 10 10 10 10 10 10 10 2 10 10 10 10 8 10 10 10 10 10 10
left_child=1 28 5 4 -4 6 -3 23 13 10 -10 12 14 20 -11 -13 -17 -7 -12 -20 -2 -22 -23 24 -5 27 -27 -6 -1 -30
right_child=8 2 3 7 25 17 -8 -9 9 11 18 15 -14 -15 -16 16 -18 -19 19 -21 21 22 -24 -25 -26 26 -28 -29 29 -31
leaf_value=0.00045184334228784651 -0.0001775282927172339 -0.0020127714339388913 0.011607425122908709 -0.003302333507818841 0.0042950919247651039 0.0020971345500854074 -0.0085847070833349089 0.0041772529975584874 0.0013184201105182548 0.0014282281500107926 0.00021534344072634556 -0.01635495736878699 -0.0069483648604340845 -0.0052985036061243655 0.015886841853711163 0.0064613345359471079 -0.0070496437657867174 -0.012307143998416988 0 0.010739726595960791 0.008469362498484163 0.0031304122272693123 9.574924893797491e-05 0.00066599881283344866 -0.00014710909800459199 -0.016130146316360942 -0.00016967315372659172 -0.0021789223303968911 0.001024810506907456 -0.01042274155863423
leaf_weight=91321 23188 20398 256 4687 915 3501 1043 2528 3563 525 594 231 355 1117 292 274 570 145 322 1916 628 5860 9225 43578 32961 195 22360 23938 354 487
leaf_count=91321 23188 20398 256 4687 915 3501 1043 2528 3563 525 594 231 355 1117 292 274 570 145 322 1916 628 5860 9225 43578 32961 195 22360 23938 354 487
internal_value=-1.19391e-05 -0.000167932 -0.000501091 -0.000250798 -0.00109572 -0.00179906 -0.00235415 0.000226609 0.000778811 0.0026526 0.00408607 -0.0012948 0.00262537 0.000365545 0.00721037 -0.00581256 -0.00226812 0.00137843 0.00742925 0.00919221 0.000538529 0.00161318 0.00129706 9.89627e-05 -0.000549429 -0.00117551 -0.000335117 -0.00192525 0.000394554 -0.00534385
internal_weight=297327 248667 156505 131418 47664 25087 21441 83754 48660 8642 6395 2247 1172 40018 817 1075 844 3646 2832 2238 38901 15713 15085 81226 37648 47408 22555 24853 92162 841
internal_count=297327 248667 156505 131418 47664 25087 21441 83754 48660 8642 6395 2247 1172 40018 817 1075 844 3646 2832 2238 38901 15713 15085 81226 37648 47408 22555 24853 92162 841
is_linear=0
shrinkage=0.03


Tree=46
num_leaves=31
num_cat=0
split_feature=125 126 49 38 67 38 37 123 16 1 38 12 22 26 30 36 10 85 82 25 10 37 36 4 110 36 63 31 26 14
split_gain=31.2805 58.3705 38.4703 74.2718 45.6037 39.9111 44.5158 38.8821 39.0154 37.6072 40.3617 37.8198 58.1739 44.1017 37.047 59.8512 31.8786 30.5107 44.9734 30.1971 34.1608 54.2518 37.8008 36.3344 31.5644 28.6412 28.4737 34.8049 27.9346 44.1802
threshold=0.47609719634056097 0.395061805844307 0.83663558959960949 0.016639019362628463 0.95875850319862377 0.0022813674295321111 0.1488577798008919 -0.1428570821881294 0.82253044843673717 0.010169465560466053 0.016639019362628463 1.0021563172340395 0.98174685239791881 0.0281654316931963 0.0047630253247916707 0.60629096627235424 1.0478746891021731 0.52500000596046459 0.84166666865348827 0.026431445032358173 1.0163555741310122 0.24029485136270526 0.80852362513542186 0.42307175695896154 0.51315790414810192 0.52107647061347973 0.77500000596046459 0.0034210735466331248 0.10642701387405397 0.91219791769981395
decision_type=10 10 8 10 10 10 10 10 10 8 10 10 10 10 10 10 10 2 2 8 10 10 10 10 2 10 10 10 8 8
left_child=1 2 3 4 17 6 -6 -5 -9 -4 11 13 -13 -11 -12 -16 28 18 -1 -2 24 26 25 -24 -21 -23 -22 -28 -3 -30
right_child=19 16 9 7 5 -7 -8 8 -10 10 14 12 -14 -15 15 -17 -18 -19 -20 20 21 22 23 -25 -26 -27 27 -29 29 -31
leaf_value=0.013436066180950638 0.0008327057864217232 0.0025331530719281672 0.00092032503943083755 0.007097624016925692 -0.0027701121335694462 -0.015273637060780781 0.018401293709772289 -0.01966878462013685 -0.00091812712167181978 -2.491205627756335e-05 0.0011252535525013015 0.0013822594348036261 -0.00024037086991721756 -0.001115072211337099 0.01545768728209557 0 -0.010519636931772134 -0.0023796236121924079 0.0028855537752987288 -0.0038827578464150714 0.014866762361853034 0.0030425457268451841 -0.0031155592441621718 0.0097129594938098716 0.0017749745241721784 -0.0090616034474045697 0.012249549475666414 -0.0022889772603941587 -0.0031370733248069884 0.014872968721219177
leaf_weight=980 3876 5845 32498 120 281 128 100 196 258 68315 6575 27413 71639 66422 435 513 127 179 726 7019 268 175 391 333 926 738 197 387 130 396
leaf_count=980 3876 5845 32498 120 281 128 100 196 258 68315 6575 27413 71639 66422 435 513 127 179 726 7019 268 175 391 333 926 738 197 387 130 396
internal_value=-1.14454e-06 6.70176e-05 0 0.00338654 0.00577009 -0.00167514 0.00267918 -0.00590914 -0.0101344 -3.60088e-05 -0.000166109 -0.000236925 0.000205858 -0.000564646 0.00198963 0.00752761 0.00287314 0.00793446 0.0092055 -0.0013696 -0.00221644 0.00074968 -0.00230973 0.00248411 -0.00318288 -0.0064045 0.0068901 0.00236182 0.00321914 0.0099205
internal_weight=297586 283276 276778 2968 2394 509 381 574 454 273810 241312 233789 99052 134737 7523 948 6498 1885 1706 14310 10434 2489 1637 724 7945 913 852 584 6371 526
internal_count=297586 283276 276778 2968 2394 509 381 574 454 273810 241312 233789 99052 134737 7523 948 6498 1885 1706 14310 10434 2489 1637 724 7945 913 852 584 6371 526
is_linear=0
shrinkage=0.03


Tree=47
num_leaves=31
num_cat=0
split_feature=28 72 73 54 112 141 31 1 84 126 80 25 80 81 37 2 34 14 27 38 34 31 38 70 27 112 36 146 38 51
split_gain=35.8883 47.047 44.834 37.0601 38.0342 36.7376 37.1995 34.9442 39.0513 46.7231 55.762 95.9539 83.98 46.5869 43.0136 42.761 42.6412 68.9266 51.0322 38.6661 38.0281 36.2872 34.2426 33.7858 33.5028 50.0539 36.8389 33.7903 32.9624 32.7055
threshold=-0.011398960836231707 0.63333353400230419 0.30000000447034841 1.0552797913551333 0.016807910054922107 0.93715792894363414 -0.0066195307299494735 0.012832334730774166 0.84999999403953563 -0.096296310424804674 0.37500000000000006 0.043040297925472266 0.52500000596046459 0.68333333730697643 0.7166118621826173 0.89189180731773388 0.25182655453681951 0.98442670702934276 0.11869724467396738 0.012255180161446335 0.71439921855926525 0.0094258100725710409 0.0064333090558648118 0.53885984420776378 0.073966544121503844 0.15047170221805575 0.71272656321525585 0.50115060806274425 0.0025782687589526181 0.9614141881465913
decision_type=10 10 10 10 2 8 8 10 2 10 2 10 2 2 10 10 10 8 10 10 10 10 10 10 10 2 10 10 10 10
left_child=1 5 -3 -4 -5 -1 -7 28 14 13 19 22 -13 -10 24 16 17 -16 -18 21 -21 -11 -12 29 -9 26 -26 -27 -2 -17
right_child=7 2 3 4 -6 6 -8 8 9 10 11 12 -14 -15 15 23 18 -19 -20 20 -22 -23 -24 -25 25 27 -28 -29 -30 -31
leaf_value=-0.0012344038518243103 0.00083902583486594772 0.0010028661353914314 0.0034230097390472777 0.024688361263347544 0.007400905599393966 0.0056120788071395223 0.00083558840630486276 -0.00084237063991191648 8.8801184945084437e-06 0.00046509885013367813 0.00060070874432831148 0.020214182820827351 -0.0003470198572140362 -0.011870598164310625 -0.0019369162778750263 0.012572524134681278 -0.00017170258751592038 0.0024453738888065169 -0.0047974149794664201 0 -0.01348001531057858 0.013339567005877261 0.0068895674164201146 0.0015454186079642055 0.00020657029528176323 -0.00063970372287157167 0.0036118106063937018 -0.010604315624817683 -0.00077000513540668352 0
leaf_weight=6897 53047 1846 868 199 479 1675 13440 125087 709 6256 3007 542 220 437 4233 607 27147 12745 2329 434 330 187 1100 1902 11824 844 3848 538 14412 231
leaf_count=6897 53047 1846 868 199 479 1675 13440 125087 709 6256 3007 542 220 437 4233 607 27147 12745 2329 434 330 187 1100 1902 11824 844 3848 538 14412 231
internal_value=8.42556e-08 0.00107898 0.0043701 0.00813502 0.0134668 0.000554699 0.00139144 -9.96443e-05 -0.000295824 0.00127434 0.00184302 0.00431821 0.0140372 -0.0043897 -0.000406018 0.000354488 0.000132197 0.00133413 -0.000550372 0.000121962 -0.00612096 0.000925306 0.002383 0.00398625 -0.000671346 0.000565022 0.00106533 -0.00482875 0.000490699 0.00901138
internal_weight=297420 25404 3392 1546 678 22012 15115 272016 204557 13222 12076 4869 762 1146 191335 49194 46454 16978 29476 7207 764 6443 4107 2740 142141 17054 15672 1382 67459 838
internal_count=297420 25404 3392 1546 678 22012 15115 272016 204557 13222 12076 4869 762 1146 191335 49194 46454 16978 29476 7207 764 6443 4107 2740 142141 17054 15672 1382 67459 838
is_linear=0
shrinkage=0.03


Tree=48
num_leaves=31
num_cat=0
split_feature=42 79 38 7 139 11 50 29 22 35 45 14 26 17 79 139 13 7 101 13 76 42 52 13 17 43 37 8 84 90
split_gain=37.3339 53.6717 42.0139 45.8203 56.2943 45.5902 37.7295 33.6904 56.7852 50.0029 51.94 53.905 45.3868 51.4139 57.0323 50.2195 55.9965 44.1321 43.3174 36.5661 67.1388 38.2037 36.2214 41.0861 40.4831 35.6769 35.6656 57.2672 46.0729 34.5003
threshold=-0.1071920022368431 0.45000000298023229 0.0003251229645684362 -0.017942557111382481 0.82515564560890209 0.99075636267662059 0.98400804400444042 -0.00042012531775981182 1.0969684123992922 0.82385900616645824 1.0202080607414248 0.98442670702934276 0.10642701387405397 0.68147727847099315 0.45000000298023229 1.4312865138053896 0.98257175087928783 -0.0076922632288187734 0.3964285701513291 0.98257175087928783 0.18333333730697635 0.037443779408931739 0.97391304373741161 1.0549504756927492 1.2926368713378908 1.0927282571792605 0.35701113939285284 -0.55555853247642506 0.75000000000000011 0.51214969158172619
decision_type=8 2 10 10 10 10 10 8 10 10 10 8 10 8 2 8 8 10 2 10 2 8 10 10 10 10 8 10 2 10
left_child=1 -1 3 -3 6 -4 -5 9 12 10 -2 -12 13 14 25 16 -14 -17 -10 20 -13 -21 23 -11 -24 -9 28 -28 -15 -19
right_child=7 2 5 4 -6 -7 -8 8 18 22 11 19 15 26 -16 17 -18 29 -20 21 -22 -23 24 -25 -26 -27 27 -29 -30 -31
leaf_value=-0.0088029682243762515 0.0025585443602732889 0.0027023403964990074 0.0037508768212880027 0.025777500815558987 0.0039318985503226942 -0.0057009165732112401 0.0033251725653854181 -0.0075211440380037083 0.0079136740162064224 -0.001234533333751481 -0.003733301672057369 0.00070920565233742461 0.0026196459341130715 -0.00075145632652921692 0.0036909377759048435 0.0054902888832354156 0.014461916175045749 0.0005815783818616183 0.00099573295775170784 -0.00046012944119556645 -0.0046160239095347421 0.003744747358522817 0.0027150460229219023 0.0076085180852261845 -0.0054481489373382711 0.006754000120487838 0.0021052653214554762 0.00020355929175311472 0.0012397185400139176 -0.014988561203229155
leaf_weight=312 4595 1774 1150 276 554 736 139 1923 1506 6193 4979 3491 1069 48268 612 353 604 172 2013 102596 5104 1949 10057 487 537 134 18509 63780 13252 255
leaf_count=312 4595 1774 1150 276 554 736 139 1923 1506 6193 4979 3491 1069 48268 612 353 604 172 2013 102596 5104 1949 10057 487 537 134 18509 63780 13252 255
internal_value=4.3741e-05 0.00262443 0.00349374 0.00585007 0.0111383 0 0.0194456 0 0.000308502 -0.000336042 -0.000550465 -0.000674362 0.000217096 0.00014691 -0.00395716 0.00425181 0.00719258 -0.00170289 0.00406911 -0.000536459 -0.00242165 -0.000378169 0.00116874 -0.000524274 0.00226351 -0.00639069 0.000225704 0.000635356 -0.0003174 -0.0083002
internal_weight=297379 4941 4629 2743 969 1886 415 292438 152450 139988 122714 118119 148931 146478 2669 2453 1673 780 3519 113140 8595 104545 17274 6680 10594 2057 143809 82289 61520 427
internal_count=297379 4941 4629 2743 969 1886 415 292438 152450 139988 122714 118119 148931 146478 2669 2453 1673 780 3519 113140 8595 104545 17274 6680 10594 2057 143809 82289 61520 427
is_linear=0
shrinkage=0.03


Tree=49
num_leaves=31
num_cat=0
split_feature=32 33 53 36 51 73 137 86 1 56 65 2 14 13 69 10 117 25 14 63 3 113 79 39 129 41 58 15 33 39
split_gain=35.1465 40.4344 62.3407 48.5092 43.6576 37.1115 50.5134 34.0943 54.0452 45.9084 39.047 40.9951 37.3449 32.1321 55.9855 65.8817 80.8685 54.8696 53.4959 52.8928 77.1423 68.0885 52.7798 48.1544 44.3648 40.5331 53.5709 40.4638 39.0755 58.4191
threshold=-0.0048122901935130349 0.89744052290916454 1.0577433705329897 0.53812113404273998 0.93805310130119335 0.90000000596046459 1.1969583630561831 -0.81666666269302357 0.017137105576694015 1.1519214510917666 0.30277778208255773 -0.5454554259777068 1.0646741986274721 0.96626576781272899 0.65254226326942455 1.0171172022819521 0.61670035123825084 0.043040297925472266 0.91219791769981395 0.55000001192092907 0.016973120160400871 0.66666671633720409 0.15000000223517421 -0.039857899770140641 1.7985975146293642 0.050078753381967551 0.9277976155281068 0.87882170081138622 0.38593605160713201 -0.022580752149224278
decision_type=8 10 10 10 10 10 10 2 10 10 10 10 10 8 10 10 10 10 8 10 10 10 2 10 10 10 10 10 10 8
left_child=1 2 4 -4 5 6 -1 8 -2 10 11 -10 -11 14 -9 25 17 -17 19 20 27 24 -18 -22 -21 26 -16 -15 29 -20
right_child=7 -3 3 -5 -6 -7 -8 13 9 12 -12 -13 -14 18 15 16 22 -19 28 21 23 -23 -24 -25 -26 -27 -28 -29 -30 -31
leaf_value=0.0085586482822330428 0.00058542932144372856 -0.002463248211936516 0 0.015792623477731488 -0.00081892779209160205 0 -0.00050133930276826408 -0.0040816585330260575 -0.0011245725035321616 0.0095408049734035227 0.00038171580039287901 -0.0047551008069576604 0 -0.0066093199761688539 0.0088058747714689946 0.00271358112242205 0.0036669041557393952 0.011148717546459604 -0.0040031632530940177 0.01290336845770909 0.017680413362018789 1.1337105994562912e-05 -0.0060374384221629981 -0.0021638504518883537 -0.0032810780787296203 -0.0028856932824263591 -0.00052742573260560605 0.0048422282497330308 0.0004649747968863914 -0.00019186546851628953
leaf_weight=1849 10827 1616 288 522 3252 1525 698 4066 4784 435 2880 7764 1762 1053 545 2381 803 1066 3768 1178 279 909 1204 129 134 7160 22976 328 122023 89415
leaf_count=1849 10827 1616 288 522 3252 1525 698 4066 4784 435 2880 7764 1762 1053 545 2381 803 1066 3768 1178 279 909 1204 129 134 7160 22976 328 122023 89415
internal_value=-1.38168e-05 0.00175451 0.00263324 0.0105007 0.00169605 0.00377207 0.00597435 -7.48689e-05 -0.00106065 -0.00208835 -0.00267408 -0.0033988 0.00187653 3.21651e-05 -0.000745865 -0.000360166 0.00265818 0.00545798 0.000176268 0.00360318 -7.88696e-05 0.00667714 -0.00200886 0.0108973 0.0110007 -0.000907874 -0.000291125 -0.00364504 0.00011069 -0.000350026
internal_weight=297619 9750 8134 810 7324 4072 2547 287869 28452 17625 15428 12548 2197 259417 40201 36135 5454 3447 219216 4010 1789 2221 2007 408 1312 30681 23521 1381 215206 93183
internal_count=297619 9750 8134 810 7324 4072 2547 287869 28452 17625 15428 12548 2197 259417 40201 36135 5454 3447 219216 4010 1789 2221 2007 408 1312 30681 23521 1381 215206 93183
is_linear=0
shrinkage=0.03


Tree=50
num_leaves=31
num_cat=0
split_feature=61 34 52 119 30 16 35 29 53 125 126 24 61 24 137 42 80 119 53 62 7 84 9 125 108 14 124 80 84 41
split_gain=37.2365 41.8509 45.1938 35.4342 34.7293 69.7867 74.3422 48.0001 43.4868 40.5148 42.6257 46.7929 59.1952 60.4523 40.1315 47.5003 49.3784 41.0166 36.9618 36.03 49.9323 34.8201 37.8353 33.5285 33.2848 32.7917 32.4088 32.382 32.0302 30.6852
threshold=1.0540506839752199 0.93668243288993847 0.97861158847808849 0.70175430178642284 -0.0002969696070067584 0.93089857697486889 0.18737950176000598 0.0016337040578946473 0.98482930660247814 0.47609719634056097 0.395061805844307 0.051721753552556045 0.78207102417945873 0.038551457226276405 0.52150279283523571 0.0014330730191431942 0.62500000000000011 0.43410865962505346 0.98109599947929393 0.80689927935600292 0.0052015441469848165 0.75000000000000011 0.97241729497909557 -0.42675077915191645 -0.22500000149011609 0.98016104102134716 0.1136700175702572 0.22500000149011615 -0.65000000596046437 0.023148295469582084
decision_type=10 10 10 10 8 8 10 10 10 10 10 10 10 10 10 10 2 10 10 10 10 2 10 10 2 10 10 2 2 10
left_child=4 2 23 24 5 6 28 8 -8 10 -6 12 13 -12 15 17 26 -7 -18 20 -16 -11 27 -2 -4 -22 -17 -23 -1 -19
right_child=1 -3 3 -5 9 14 7 -9 -10 21 11 -13 -14 -15 19 16 18 29 -20 -21 25 22 -24 -25 -26 -27 -28 -29 -30 -31
leaf_value=0.0057884706156132353 0.0078911727629186971 0.0082908330095756641 0.00044188258054895336 -0.0014020913839796229 0.00031850110891091371 -0.0042688976452202312 -0.027889999885401511 0.00076747032727939241 -0.0088946201692211534 -0.0025286216138384835 0.016724839075540406 -0.0085931975668911819 0.0023362720434350684 -0.0048156613220378536 0 0.00080071227280496848 -0.0027815993299099813 -0.0010692666571482756 0.0020599593113163478 0.00056848434829687589 0 -0.0089815723528703737 0.0014406484831122365 0.0014282708145293662 0.015864053097050176 -0.017207625648830976 -0.0031392173838556661 0.0018429609076179659 -0.0024380677336938044 0.0019455577347911308
leaf_weight=496 1234 831 419 4698 131663 3490 128 324 1325 8127 502 275 5534 116 833 3127 1523 53411 13192 47381 178 624 5327 2084 193 319 4325 331 2202 3137
leaf_count=496 1234 831 419 4698 131663 3490 128 324 1325 8127 502 275 5534 116 833 3127 1523 53411 13192 47381 178 624 5327 2084 193 319 4325 331 2202 3137
internal_value=2.87185e-05 0.00187932 0.00120936 -0.000458168 -3.11697e-05 -0.000381775 -0.00406174 -0.00880744 -0.0111276 0.000278146 0.000437747 0.00282552 0.00341074 0.0121872 -0.000253094 -0.000658797 0.000518507 -0.0010985 0.0015354 0.000425407 -0.00438238 -0.00122911 0.000407156 0.00395465 0.00612821 -0.0117078 -0.00144808 -0.00496129 -0.000783862 -0.000896087
internal_weight=297349 9459 8628 5310 287890 135391 4475 1777 1453 152499 138090 6427 6152 618 130916 82205 22167 60038 14715 48711 1330 14409 6282 3318 612 497 7452 955 2698 56548
internal_count=297349 9459 8628 5310 287890 135391 4475 1777 1453 152499 138090 6427 6152 618 130916 82205 22167 60038 14715 48711 1330 14409 6282 3318 612 497 7452 955 2698 56548
is_linear=0
shrinkage=0.03


Tree=51
num_leaves=31
num_cat=0
split_feature=27 79 52 32 58 65 124 36 37 87 35 43 40 39 34 80 21 23 10 35 41 35 7 14 76 39 75 36 33 34
split_gain=31.9262 61.6887 203.418 103.81 74.4608 43.5495 41.78 40.1262 50.4779 40.0673 44.6984 38.1218 36.4744 42.4584 32.695 32.6311 40.5177 37.7917 32.1277 42.504 30.1946 54.7431 65.4601 48.7284 46.3483 43.2158 40.2811 64.791 53.9866 40.0502
threshold=0.083832763135433211 0.94999998807907116 0.64670878648757946 0.0066755642183125028 1.0261372327804568 0.9522727131843568 -0.37142853438854212 0.80852362513542186 0.80874881148338329 0.47499999403953558 0.48413322865962988 1.0657040476799013 0.034997249022126205 0.039383016526699073 0.86684247851371776 0.27500000596046453 1.0295713543891909 0.020974460989236835 1.0197102427482607 0.72760912775993358 0.0039723992813378581 0.72760912775993358 -0.039923449978232377 0.99612218141555797 0.45000000298023229 -0.015251446980983017 0.92499998211860668 0.52107647061347973 0.4090899527072907 0.45685237646102911
decision_type=10 2 10 10 10 10 10 10 10 2 10 10 10 10 10 2 10 10 10 10 10 10 8 8 2 10 2 10 10 10
left_child=12 3 -3 7 5 6 -5 9 -9 18 -11 14 13 20 -10 16 -4 -17 -2 -20 21 22 23 -1 -24 26 28 -28 -22 -27
right_child=1 2 15 4 -6 -7 -8 8 11 10 -12 -13 -14 -15 -16 17 -18 -19 19 -21 25 -23 24 -25 -26 29 27 -29 -30 -31
leaf_value=-0.022120049646540282 0.00031959849588252388 0.025602737173471609 0.0087827384385501441 0.0020286322479805673 0.012276126819440344 0.0037862356089587721 -0.0090234634259470231 0.0072622710399615495 -0.001659792876812086 0.00016931162892897772 -0.0050434999519111453 0.010481743423445593 -0.0016000725377034366 0.0067156781016942443 0.012428034375878465 -0.0037456687794451991 -0.0032842006650974104 0.0026375211984844232 0.0048793865162714833 -0.0030293605402878423 -0.001424944947568538 0.00069285665005397728 -0.001258163579454345 -0.004549007384699163 -2.5062337286739098e-05 0.00078689138729733424 0.010779900214563919 -0.0013685103153457513 0.0044989387813352925 -0.00046778598891573258
leaf_weight=163 10735 341 1094 300 181 295 2216 1861 2140 4069 2217 295 14023 817 137 1148 270 2782 3404 681 2909 36168 48748 1186 63878 47180 1125 535 2530 44196
leaf_count=163 10735 341 1094 300 181 295 2216 1861 2140 4069 2217 295 14023 817 137 1148 270 2782 3404 681 2909 36168 48748 1186 63878 47180 1125 535 2530 44196
internal_value=0 0.000862378 0.00372936 0.000283413 -0.00496917 -0.00626444 -0.00758174 0.000913919 0.00350957 0.000351734 -0.00163178 0.000643441 -0.000112076 -2.70981e-05 -0.000580736 0.00217293 0.00616442 0.000687441 0.00121433 0.00347952 -5.1001e-05 -0.000319789 -0.000643832 -0.0071834 -0.000561578 0.000355751 0.00261021 0.00671635 0.00128204 0.000176787
internal_weight=297624 34166 5635 28531 2992 2811 2516 25539 4433 21106 6286 2572 263458 249435 2277 5294 1364 3930 14820 4085 248618 150143 113975 1349 112626 98475 7099 1660 5439 91376
internal_count=297624 34166 5635 28531 2992 2811 2516 25539 4433 21106 6286 2572 263458 249435 2277 5294 1364 3930 14820 4085 248618 150143 113975 1349 112626 98475 7099 1660 5439 91376
is_linear=0
shrinkage=0.03


Tree=52
num_leaves=31
num_cat=0
split_feature=46 53 1 36 15 42 47 47 12 78 48 89 0 80 29 37 25 12 42 0 41 78 51 82 36 78 80 17 16 39
split_gain=31.6661 40.502 58.9796 60.8565 48.6163 62.9225 47.7894 54.6827 44.7035 40.675 39.3883 38.2552 43.2618 37.0001 35.5354 43.6293 32.7965 42.8984 35.7033 32.7665 35.0301 32.0526 32.0232 30.3456 29.817 29.7397 52.3567 41.6062 28.8493 34.7208
threshold=1.010714650154114 0.99824306368827831 0.05621656775474549 0.74063643813133251 1.1413586735725405 -0.069219443947076784 1.115588963031769 1.165294945240021 0.99260404706001293 0.5000000149011613 0.94630572199821483 0.18433974683284762 -0.029752099886536595 0.52500000596046459 0.0063836025074124345 0.7166118621826173 0.053157946094870574 0.99260404706001293 0.063162054866552367 0.003405235474929214 0.018191268667578701 0.5000000149011613 0.80450376868247997 0.87500000000000011 0.19464437663555148 0.30000000447034841 0.32500000298023229 0.97130045294761669 0.89080771803855907 0.0076995245181024083
decision_type=10 10 10 8 10 10 10 10 10 10 10 10 10 2 10 10 10 10 10 10 10 10 10 2 10 10 2 10 10 8
left_child=14 4 -3 6 5 8 -4 13 -2 11 -9 23 -13 -8 28 19 18 -18 -11 20 -16 22 -17 -7 -10 -21 -27 -28 -1 -30
right_child=1 2 3 -5 -6 9 7 10 24 16 -12 12 -14 -15 15 21 17 -19 -20 25 -22 -23 -24 -25 -26 26 27 -29 29 -31
leaf_value=-0.00028695727632821266 -0.018183933912851655 -4.6047387648791581e-06 -0.0042032738166795369 0.0081442597558599242 0.0065968479152599515 -0.0013239688334118988 0.014617546314556662 -0.0040584877862443209 0.0031119780960733819 0.00030356478679871541 0.0037188069838641137 0.010803623648721779 -0.0029473895533683797 0.00062629055199509411 0.0024820368571281705 0.0088834092030451901 -0.0096324999427076334 0.0022680994797273416 0.0062307354229684739 -0.0022521295155228794 -0.0090434988169424586 -0.0072959126257683988 0.0010247827675625182 0.0018740269989500451 -0.011432385931898286 -0.0015481993602985643 0.017331598209479031 0 0.001023427556027799 0.0039531318268825125
leaf_weight=5054 308 219473 1074 1544 728 9657 498 937 264 12660 1454 181 13353 326 254 755 625 403 981 3708 966 222 1458 3620 187 794 293 209 9102 6524
leaf_count=5054 308 219473 1074 1544 728 9657 498 937 264 12660 1454 181 13353 326 254 755 625 403 981 3708 966 222 1458 3620 187 794 293 209 9102 6524
internal_value=1.48646e-05 -8.64719e-05 7.32923e-05 0.00304551 -0.000930851 -0.00107075 0.00111111 0.00299417 -0.00955973 -0.00090366 0.000538179 -0.00160018 -0.00272568 0.00958363 0.000951122 -0.000636593 0.000349419 -0.00472668 0.000760279 -0.0019953 -0.00640065 0.0027021 0.00389578 -0.00042796 -0.00251104 -0.000840334 0.00294385 0.0104106 0.00163039 0.00226927
internal_weight=297612 268273 225306 5833 42967 42239 4289 3215 759 41480 2391 26811 13534 824 29339 8659 14669 1028 13641 6224 1220 2435 2213 13277 451 5004 1296 502 20680 15626
internal_count=297612 268273 225306 5833 42967 42239 4289 3215 759 41480 2391 26811 13534 824 29339 8659 14669 1028 13641 6224 1220 2435 2213 13277 451 5004 1296 502 20680 15626
is_linear=0
shrinkage=0.03


Tree=53
num_leaves=31
num_cat=0
split_feature=25 26 25 36 53 3 87 16 29 83 95 8 89 86 3 111 56 38 16 58 35 95 24 29 23 89 40 17 33 116
split_gain=31.2691 26.2494 49.6112 56.5343 54.5533 52.952 57.7336 48.9588 67.3025 41.1633 42.193 40.8233 34.5945 34.549 42.3249 39.6871 60.5286 34.4868 36.0195 82.4946 37.5671 33.873 33.6876 30.3713 33.3643 39.6315 24.7341 24.5256 24.8165 23.5728
threshold=0.012348900549113752 0.10642701387405397 0.049950143322348602 0.79461315274238598 1.0023947358131411 0.011594201903790237 0.62500000000000011 0.74334150552749645 0.011650528293102981 0.70000001788139354 0.46207578480243688 -0.76811510324478138 0.063530772924423232 0.81666666269302379 0.019498589448630813 0.13188406080007556 0.96519097685813915 0.021409092471003536 0.93686094880104076 1.0048058032989504 0.76851913332939159 0.14762005209922793 0.022084903903305534 0.0030914878007024531 0.02660311292856932 0.69693461060523998 0.046405280008912093 1.0619122385978701 0.96074041724205028 0.63029813766479503
decision_type=10 10 10 10 10 10 2 8 10 10 10 10 10 2 10 2 10 8 8 10 10 10 10 10 10 10 10 10 10 10
left_child=-1 7 12 4 -4 22 -7 8 23 -10 -11 -5 -3 17 27 -16 -17 18 19 -9 -20 26 -6 -2 -25 -26 -19 28 -15 -23
right_child=1 2 3 11 5 6 -8 13 9 10 -12 -13 -14 14 15 16 -18 21 20 -21 -22 29 -24 24 25 -27 -28 -29 -30 -31
leaf_value=0.00084666365973090337 -0.010164292603151966 -0.0026683854780003456 -0.006868951758553587 0.020726434364063399 0.0088882612560010916 0.0087693969752381529 -0.0098512789664971755 -0.0016766940165353185 -0.013935769946292417 0.0047118929978393126 -0.011617328053895417 0.0037924450455907861 0.013645813556575877 0.00080663257815312666 0.018845158538814369 -0.0039793746078849055 0.01357663933242232 0.0012063087436226597 -0.00028684272031144665 0.0025593156327040514 0.00080066154028223945 0.0075582137692117171 -0.0049413333074088154 -0.0010628370169773462 0.016125913630742176 -0.0025029359034755652 -0.008151043004538271 -0.0043678043563990642 0.0071950870663530474 0
leaf_weight=34911 169 108 984 155 155 1007 144 31767 711 293 226 850 477 16392 204 379 279 1523 161849 4689 34630 1341 1046 614 258 116 282 751 563 589
leaf_count=34911 169 108 984 155 155 1007 144 31767 711 293 226 850 477 16392 204 379 279 1523 161849 4689 34630 1341 1046 614 258 116 282 751 563 589
internal_value=2.44081e-06 -0.000108728 0.00205198 0.000850418 -0.000958845 0.00142434 0.00605513 -0.000151363 -0.00441312 -0.00925607 -0.00200935 0.0070503 0.0101494 -0.000109988 0.00113291 0.00758839 0.00320302 -0.000208855 -0.000255986 -0.00112253 -9.35782e-05 0.00263629 -0.00279444 0.00055031 0.002846 0.0097528 -0.000164537 0.000793502 0.00104467 0.00538439
internal_weight=297462 262551 4926 4341 3336 2352 1151 257625 2387 1230 519 1005 585 255238 18568 862 658 236670 232935 36456 196479 3735 1201 1157 988 374 1805 17706 16955 1930
internal_count=297462 262551 4926 4341 3336 2352 1151 257625 2387 1230 519 1005 585 255238 18568 862 658 236670 232935 36456 196479 3735 1201 1157 988 374 1805 17706 16955 1930
is_linear=0
shrinkage=0.03


end of trees

feature_importances:
STD30=49
RESI5=49
ROC30=43
RSQR5=43
KLEN=37
RSQR20=36
STD20=34
RSQR30=33
MIN10=29
ROC60=28
BETA10=28
RSQR10=28
RESI60=28
RESI10=27
IMIN10=26
HIGH0=25
LOW0=23
ROC10=22
RESI20=22
RESI30=22
QTLD30=21
ROC5=20
ROC20=20
MA60=20
RSQR60=20
IMXD30=20
STD5=19
BETA5=19
MIN60=19
IMIN30=19
KSFT=18
VWAP0=18
STD60=18
BETA60=17
MAX30=17
STD10=16
BETA30=16
MAX10=16
KLOW=15
QTLU5=15
QTLD5=15
IMIN5=15
SUMN5=15
BETA20=14
IMXD10=14
KUP=13
MA5=13
QTLU60=13
IMXD60=13
WVMA5=13
MIN20=12
QTLU10=12
QTLU30=12
IMIN20=12
SUMP5=12
QTLD60=11
RSV30=11
KUP2=10
MA10=10
IMIN60=10
IMXD5=10
MIN5=9
MIN30=9
IMAX10=9
IMAX30=9
SUMN20=9
SUMD20=9
WVMA10=9
WVMA20=9
KMID2=7
MAX5=7
MAX20=7
QTLU20=7
RANK60=7
RSV60=7
IMAX5=7
IMAX60=7
SUMP60=7
SUMD30=7
KSFT2=6
OPEN0=6
QTLD10=6
QTLD20=6
RSV10=6
IMAX20=6
CNTP30=6
SUMP20=6
SUMN10=6
SUMN30=6
SUMD10=6
WVMA30=6
MA20=5
MAX60=5
RANK20=5
RSV5=5
CORR20=5
SUMP30=5
SUMN60=5
VSTD10=5
KMID=4
KLOW2=4
RANK5=4
RSV20=4
CORR10=4
CORR30=4
CNTP20=4
CNTN10=4
CNTD20=4
CNTD30=4
CNTD60=4
SUMP10=4
SUMD5=4
WVMA60=4
CORD20=3
CNTP10=3
CNTP60=3
CNTN30=3
CNTD5=3
CNTD10=3
VSTD60=3
MA30=2
RANK10=2
CORD5=2
CORD10=2
CORD30=2
CORD60=2
CNTN60=2
SUMD60=2
VMA60=2
VSUMP30=2
RANK30=1
IMXD20=1
CORR60=1
CNTP5=1
CNTN5=1
CNTN20=1
VMA5=1
VMA10=1
VMA20=1
VMA30=1
VSUMP5=1
VSUMN30=1
VSUMN60=1
VSUMD5=1

parameters:
[boosting: gbdt]
[objective: regression]
[metric: l2]
[tree_learner: serial]
[device_type: gpu]
[data_sample_strategy: bagging]
[data: ]
[valid: ]
[num_iterations: 500]
[learning_rate: 0.03]
[num_leaves: 31]
[num_threads: 12]
[seed: 20260813]
[deterministic: 0]
[force_col_wise: 1]
[force_row_wise: 0]
[histogram_pool_size: -1]
[max_depth: 7]
[min_data_in_leaf: 100]
[min_sum_hessian_in_leaf: 0.001]
[bagging_fraction: 0.8]
[pos_bagging_fraction: 1]
[neg_bagging_fraction: 1]
[bagging_freq: 1]
[bagging_seed: 20260813]
[bagging_by_query: 0]
[feature_fraction: 0.8]
[feature_fraction_bynode: 1]
[feature_fraction_seed: 20260813]
[extra_trees: 0]
[extra_seed: 13549]
[early_stopping_round: 0]
[early_stopping_min_delta: 0]
[first_metric_only: 0]
[max_delta_step: 0]
[lambda_l1: 10]
[lambda_l2: 20]
[linear_lambda: 0]
[min_gain_to_split: 0]
[drop_rate: 0.1]
[max_drop: 50]
[skip_drop: 0.5]
[xgboost_dart_mode: 0]
[uniform_drop: 0]
[drop_seed: 11866]
[top_rate: 0.2]
[other_rate: 0.1]
[min_data_per_group: 100]
[max_cat_threshold: 32]
[cat_l2: 10]
[cat_smooth: 10]
[max_cat_to_onehot: 4]
[top_k: 20]
[monotone_constraints: ]
[monotone_constraints_method: basic]
[monotone_penalty: 0]
[feature_contri: ]
[forcedsplits_filename: ]
[refit_decay_rate: 0.9]
[cegb_tradeoff: 1]
[cegb_penalty_split: 0]
[cegb_penalty_feature_lazy: ]
[cegb_penalty_feature_coupled: ]
[path_smooth: 0]
[interaction_constraints: ]
[verbosity: 1]
[saved_feature_importance_type: 0]
[use_quantized_grad: 0]
[num_grad_quant_bins: 4]
[quant_train_renew_leaf: 0]
[stochastic_rounding: 1]
[linear_tree: 0]
[max_bin: 63]
[max_bin_by_feature: ]
[min_data_in_bin: 3]
[bin_construct_sample_cnt: 200000]
[data_random_seed: 20260812]
[is_enable_sparse: 1]
[enable_bundle: 1]
[use_missing: 1]
[zero_as_missing: 0]
[feature_pre_filter: 1]
[pre_partition: 0]
[two_round: 0]
[header: 0]
[label_column: ]
[weight_column: ]
[group_column: ]
[ignore_column: ]
[categorical_feature: ]
[forcedbins_filename: ]
[precise_float_parser: 0]
[parser_config_file: ]
[objective_seed: 16743]
[num_class: 1]
[is_unbalance: 0]
[scale_pos_weight: 1]
[sigmoid: 1]
[boost_from_average: 1]
[reg_sqrt: 0]
[alpha: 0.9]
[fair_c: 1]
[poisson_max_delta_step: 0.7]
[tweedie_variance_power: 1.5]
[lambdarank_truncation_level: 30]
[lambdarank_norm: 1]
[label_gain: ]
[lambdarank_position_bias_regularization: 0]
[eval_at: ]
[multi_error_top_k: 1]
[auc_mu_weights: ]
[num_machines: 1]
[local_listen_port: 12400]
[time_out: 120]
[machine_list_filename: ]
[machines: ]
[gpu_platform_id: 0]
[gpu_device_id: 0]
[gpu_use_dp: 1]
[num_gpu: 1]

end of parameters

pandas_categorical:null
