tree
version=v4
num_class=1
num_tree_per_iteration=1
label_index=0
max_feature_idx=157
objective=regression
feature_names=KMID KLEN KMID2 KUP KUP2 KLOW KLOW2 KSFT KSFT2 OPEN0 HIGH0 LOW0 VWAP0 ROC5 ROC10 ROC20 ROC30 ROC60 MA5 MA10 MA20 MA30 MA60 STD5 STD10 STD20 STD30 STD60 BETA5 BETA10 BETA20 BETA30 BETA60 RSQR5 RSQR10 RSQR20 RSQR30 RSQR60 RESI5 RESI10 RESI20 RESI30 RESI60 MAX5 MAX10 MAX20 MAX30 MAX60 MIN5 MIN10 MIN20 MIN30 MIN60 QTLU5 QTLU10 QTLU20 QTLU30 QTLU60 QTLD5 QTLD10 QTLD20 QTLD30 QTLD60 RANK5 RANK10 RANK20 RANK30 RANK60 RSV5 RSV10 RSV20 RSV30 RSV60 IMAX5 IMAX10 IMAX20 IMAX30 IMAX60 IMIN5 IMIN10 IMIN20 IMIN30 IMIN60 IMXD5 IMXD10 IMXD20 IMXD30 IMXD60 CORR5 CORR10 CORR20 CORR30 CORR60 CORD5 CORD10 CORD20 CORD30 CORD60 CNTP5 CNTP10 CNTP20 CNTP30 CNTP60 CNTN5 CNTN10 CNTN20 CNTN30 CNTN60 CNTD5 CNTD10 CNTD20 CNTD30 CNTD60 SUMP5 SUMP10 SUMP20 SUMP30 SUMP60 SUMN5 SUMN10 SUMN20 SUMN30 SUMN60 SUMD5 SUMD10 SUMD20 SUMD30 SUMD60 VMA5 VMA10 VMA20 VMA30 VMA60 VSTD5 VSTD10 VSTD20 VSTD30 VSTD60 WVMA5 WVMA10 WVMA20 WVMA30 WVMA60 VSUMP5 VSUMP10 VSUMP20 VSUMP30 VSUMP60 VSUMN5 VSUMN10 VSUMN20 VSUMN30 VSUMN60 VSUMD5 VSUMD10 VSUMD20 VSUMD30 VSUMD60
feature_infos=[-0.16749253869056702:0.23587034642696381] [0:0.33308270573616028] [-1:1] [0:0.27153289318084717] [0:1] [0:0.21718749403953552] [0:1] [-0.31147539615631104:0.23587034642696381] [-1:1] [0.80914634466171265:1.2011904716491699] [1:1.365384578704834] [0.7725520133972168:1] [0.90894031524658203:1.0927579402923584] [0.57777780294418335:1.6790908575057983] [0.54954206943511963:1.8924485445022583] [0.46860837936401367:2.2146341800689697] [0.46312057971954346:2.740487813949585] [0.36440131068229675:2.649662971496582] [0.74611109495162964:1.3455072641372681] [0.65066665410995483:1.4951817989349365] [0.60133224725723267:1.7117466926574707] [0.56646168231964111:1.9959673881530762] [0.4937971830368042:1.8649090528488159] [0:0.26957115530967712] [0:0.32280367612838745] [0:0.36472421884536743] [0:0.57258552312850952] [0:0.50059491395950317] [-0.16409091651439667:0.12254486232995987] [-0.11048160493373871:0.12254486232995987] [-0.11048160493373871:0.12254486232995987] [-0.11048160493373871:0.12254486232995987] [-0.11048160493373871:0.12254486232995987] [0:1] [0:1] [0:1] [0:1] [0:1] [-0.15193372964859009:0.13264167308807373] [-0.24554997682571411:0.20802642405033112] [-0.40848860144615173:0.27864286303520203] [-0.44566619396209717:0.33016127347946167] [-0.96870207786560059:0.3971981406211853] [1:1.6472727060317993] [1:1.9298244714736938] [1:2.2439024448394775] [1:3.3160974979400635] [1:3.3160974979400635] [0.5718809962272644:1] [0.54045307636260986:1] [0.4660193920135498:1] [0.43721681833267212:1] [0.33789625763893127:1] [0.86334514617919922:1.4843636751174927] [0.72140765190124512:1.7869091033935547] [0.59200000762939453:2.054157018661499] [0.56569522619247437:2.423609733581543] [0.56576049327850342:2.3250908851623535] [0.60694897174835205:1.2689855098724365] [0.54922223091125488:1.4057971239089966] [0.49352750182151794:1.5574545860290527] [0.47533980011940002:1.5740000009536743] [0.38890489935874939:1.5950908660888672] [0.20000000298023224:1] [0.10000000149011612:1] [0.05000000074505806:1] [0.033333335071802139:1] [0.01666666753590107:1] [0:1] [0:1] [0:1] [0:1] [0:1] [0.20000000298023224:1] [0.10000000149011612:1] [0.05000000074505806:1] [0.033333335071802139:1] [0.01666666753590107:1] [0.20000000298023224:1] [0.10000000149011612:1] [0.05000000074505806:1] [0.033333335071802139:1] [0.01666666753590107:1] [-0.80000001192092896:0.80000001192092896] [-0.89999997615814209:0.89999997615814209] [-0.94999998807907104:0.94999998807907104] [-0.96666663885116577:0.96666663885116577] [-0.98333334922790527:0.98333334922790527] [-1:1] [-1:1] [-1:1] [-1:1] [-1:1] [-1:1] [-1:1] [-1:1] [-1:1] [-1:1] [0:1] [0:1] [0:0.90909093618392944] [0:0.90909093618392944] [0:0.90909093618392944] [0:1] [0:1] [0:0.89999997615814209] [0:0.8571428656578064] [0:0.8571428656578064] [-1:1] [-1:1] [-0.83333331346511841:0.90909093618392944] [-0.83333331346511841:0.90909093618392944] [-0.83333331346511841:0.90909093618392944] [0:1] [0:1] [0:1] [0:1] [0:1] [0:1] [0:1] [0:1] [0:1] [0:1] [-1:1] [-1:1] [-1:1] [-1:1] [-1:1] [0.20013266801834106:26452.083984375] [0.10012400150299072:23627.859375] [0.050104878842830658:26698.134765625] [0.033777147531509399:28136.5] [0.017187755554914474:26107.111328125] [0.00080492562847211957:59102.5] [0.0021778203081339598:49210.34375] [0.0021778203081339598:56418.4921875] [0.0021778203081339598:57003.12109375] [0.0021778203081339598:42065.70703125] [0:2.2360680103302002] [0:3.1615598201751709] [0:4.4708261489868164] [0:5.4656624794006348] [0:7.5986995697021484] [0:1] [0:1] [0:1] [0:1] [0:1] [0:1] [0:1] [0:1] [0:1] [0:1] [-1:1] [-1:1] [-1:1] [-1:1] [-1:1]
tree_sizes=3091 3094 3108 3056 3064 3055 3051 3096 3114 3079 3086 3033 3037 3065 3080 3066 3093 3108 3134 3030 3111 2993 3124 3060 3068 3104 3044 3079 3044 3035 3053 3040 3059 3105 3100 3012 3084 2977 3061 3089 3042 3079 3091 3020 3107 3057 3067 3064 3037 3098 2967 3079 3056

Tree=0
num_leaves=31
num_cat=0
split_feature=16 26 40 71 15 61 25 39 28 10 40 113 39 25 2 29 22 42 113 30 140 36 23 12 1 23 2 14 79 108
split_gain=156.024 114.172 99.5048 118.729 81.1493 105.589 94.6214 89.6977 80.4271 74.4386 75.8338 64.8375 64.3017 61.8093 75.0725 56.6202 126.298 65.7109 54.6545 54.6545 72.4492 56.4954 49.064 48.4158 45.3857 44.8297 39.2487 36.5731 68.4279 34.5245
threshold=1.2134523987770083 0.019957090727984909 -0.03028710093349218 0.58490541577339183 0.79522016644477855 0.78207102417945873 0.093976024538278594 0.039383016526699073 -0.016901408322155472 1.0269758105278017 0.022523561492562297 0.59999957680702221 -0.0053379470482468596 0.053157946094870574 0.73333641886711132 -0.00020898586080875245 1.0969684123992922 -0.088266666978597627 0.42253510653972631 -0.006775311427190899 0.79336690902709972 0.79461315274238598 0.017085204832255844 0.98791822791099559 0.05621656775474549 0.02660311292856932 0.40909072756767279 0.86288151144981395 0.84999999403953563 -0.45000000298023218
decision_type=10 10 10 10 8 10 10 10 10 10 10 8 10 10 10 8 8 10 10 10 10 10 10 10 10 10 10 10 2 2
left_child=1 11 3 24 6 13 9 23 -5 -4 -11 -1 -10 14 -6 17 -17 -7 -14 20 -2 -22 -23 -8 27 -13 -15 29 -29 -3
right_child=19 2 4 8 5 15 7 -9 12 10 -12 25 18 26 -16 16 -18 -19 -20 -21 21 22 -24 -25 -26 -27 -28 28 -30 -31
leaf_value=0.00023603812181599446 -0.00094600070363114023 0.014359931182308145 -0.0044740534811360177 0.015513449536670056 0.025795311550043411 0.0024830268034752565 -0.022749169310953984 -0.028746460165047009 0.0051381999631402641 0.025151312307937181 -0.0018798967771110873 0.0019477062919510666 -0.0066733930070790089 0.0083671618113189093 0.0019044388141553649 -0.00032981609098136846 0.0061304859898766492 -0.0013675495015635453 0.0031980299562027244 0.00035820885572376967 0.0039023368545639727 9.8532876985401508e-10 0.015877310396411964 -0.0018609547038733033 0.0047377083578637579 0.014840983539131878 -0.0099661665910862045 -0.0043746946298603975 0.00025384859701417598 9.8532876985401508e-10
leaf_weight=46394 634 263 1643 537 289 4112 119 249 5468 150 161 27535 876 215 245 95810 2781 85922 1102 1419 1007 223 1294 522 1614 233 170 3668 12586 289
leaf_count=46394 634 263 1643 537 289 4112 119 249 5468 150 161 27535 876 215 245 95810 2781 85922 1102 1419 1007 223 1294 522 1614 233 170 3668 12586 289
internal_value=9.85329e-10 -8.59448e-05 -0.000431691 0.00129078 -0.00066975 -0.000592184 -0.00569429 -0.0137402 0.0043419 -0.00177553 0.0109833 0.000929866 0.00345664 0.00942294 0.0158401 -0.000643563 -0.000143339 -0.00118784 -0.00104663 0.00548412 0.00767623 0.00995037 0.0136669 -0.00676365 -1.85406e-05 0.00207729 9.85329e-10 -0.000498235 -0.000776322 0.00690656
internal_weight=297530 292953 218791 26403 192388 189544 2844 890 7983 1954 311 74162 7446 919 534 188625 98591 90034 1978 4577 3158 2524 1517 641 18420 27768 385 16806 16254 552
internal_count=297530 292953 218791 26403 192388 189544 2844 890 7983 1954 311 74162 7446 919 534 188625 98591 90034 1978 4577 3158 2524 1517 641 18420 27768 385 16806 16254 552
is_linear=0
shrinkage=1


Tree=1
num_leaves=31
num_cat=0
split_feature=16 26 12 29 28 79 62 52 58 59 142 64 10 41 57 109 17 33 30 71 17 13 0 56 124 53 140 36 42 43
split_gain=163.303 107.55 81.9605 89.0477 97.0482 86.0767 98.4613 80.0811 81.3782 68.9405 68.7237 66.7492 61.9545 52.7691 52.7473 52.7371 52.1954 46.3239 46.51 42.5877 66.6257 61.4865 39.4318 39.3745 98.4884 42.817 37.9037 54.8888 37.5742 39.7708
threshold=1.2134523987770083 0.021510939113795761 1.0021563172340395 -0.0014534671790897844 -0.016901408322155472 0.84999999403953563 0.74557289481163036 0.68638524413108837 1.003981947898865 0.89080721139907848 3.1237169504165654 0.44722221791744238 1.0197102427482607 -0.03192853927612304 1.2164902091026308 0.64583334326744091 0.68147727847099315 0.97710019350051891 -0.0054358241613954297 0.92337235808372509 0.75515902042388927 0.98572742938995372 -0.037760315462946885 0.97075840830802929 0.29411773383617407 1.0013410449028017 0.79336690902709972 0.79461315274238598 0.021929243579506878 1.0095581412315371
decision_type=10 10 10 10 10 2 10 10 10 10 10 10 10 10 10 2 8 10 10 10 10 8 10 10 10 10 10 10 10 10
left_child=1 11 9 5 -5 6 -4 8 -7 10 28 -1 19 -9 -2 16 -6 18 26 21 -21 -11 -17 25 -25 -14 -16 -28 -3 -30
right_child=14 2 3 4 15 7 -8 13 -10 12 -12 -13 23 -15 17 22 -18 -19 -20 20 -22 -23 -24 24 -26 -27 27 -29 29 -31
leaf_value=-0.00017478715061523746 -0.0019195314822537948 0.01221631103456111 -0.016314891464090413 0.010982972534533134 -0.0055675688209756479 -0.0062814697142102591 -0.0022535556372414085 0.0013245904348390032 0.02196178310848915 -0.0022034063453541699 -0.017427772963564698 0.0014810986717680851 -0.0064986156473141867 -0.0015140859962231986 0.0014928007789698535 0.019143803373582867 0.0010326106722522916 -0.0096179471329292839 0.0005818531925890143 0.004659820049080581 -0.00040193975896028381 -0.00064357665095927767 0.0011169881023662656 0.0023724324206093796 0.020390887877457617 0.012158646473454103 0.0047175275542794704 0.014500432198746489 -0.00077855461487128831 -0.0082301444544627868
leaf_weight=38265 656 102 455 879 1076 102 12345 12694 274 34649 365 50320 493 10966 569 233 40204 116 791 2823 12854 68698 265 1389 340 115 992 1497 1510 1260
leaf_count=38265 656 102 455 879 1076 102 12345 12694 274 34649 365 50320 493 10966 569 233 40204 116 791 2823 12854 68698 265 1389 340 115 992 1497 1510 1260
internal_value=-1.93749e-05 -0.000108909 -0.000488676 0.000260987 0.00119664 -0.000814447 -0.00280147 0.000232687 0.0136122 -0.000969329 -0.00529477 0.000762562 -0.000850634 0 0.00556276 0.000978406 0.000850694 0.0068794 0.00750128 -0.000947901 0.000495209 -0.00116977 0.0105439 0.00394192 0.00627986 -0.00221715 0.00917822 0.0107897 -0.00353921 -0.00431031
internal_weight=297297 292676 204091 79493 42657 36836 12800 24036 376 124598 3237 88585 121361 23660 4621 41778 41280 3965 3849 119024 15677 103347 498 2337 1729 608 3058 2489 2872 2770
internal_count=297297 292676 204091 79493 42657 36836 12800 24036 376 124598 3237 88585 121361 23660 4621 41778 41280 3965 3849 119024 15677 103347 498 2337 1729 608 3058 2489 2872 2770
is_linear=0
shrinkage=0.03


Tree=2
num_leaves=31
num_cat=0
split_feature=16 26 38 57 78 60 115 114 21 123 27 104 62 36 28 3 37 58 36 140 36 22 83 26 52 23 44 83 65 81
split_gain=137.294 108.398 94.8857 65.6583 59.8692 96.605 103.513 70.5195 56.6601 54.7663 53.0695 84.3104 54.1253 58.0284 52.5073 52.2309 61.7873 50.3573 50.0778 49.5772 69.5689 46.6843 52.3285 42.6321 41.4464 41.2627 40.6993 66.0182 52.767 41.6639
threshold=1.2134523987770083 0.019957090727984909 -0.0011326826643198726 1.2164902091026308 0.30000000447034841 0.92569354176521312 0.73809498548507702 0.65268525481224071 0.92052245140075695 0.19999913126230243 0.077017545700073256 0.31666667759418493 1.026069223880768 0.72638562321662914 -0.007029106141999363 0.0059084838721901187 0.65753778815269481 0.9277976155281068 0.82231479883193981 0.79336690902709972 0.80852362513542186 1.0710638761520388 -0.50000001490116108 0.027537426911294464 0.73591354489326488 0.017085204832255844 1.0490185022354128 -0.50000001490116108 0.67573529481887828 0.050000002607703216
decision_type=10 10 10 10 10 10 10 10 10 8 10 2 10 10 8 10 10 10 10 10 10 10 10 10 10 10 10 8 8 2
left_child=1 9 10 -2 15 6 7 -6 -7 -1 26 21 13 -13 -10 16 23 -8 -17 -5 -21 22 -12 -4 -20 -22 -3 28 -28 -29
right_child=3 2 4 19 5 8 17 -9 14 -11 11 12 -14 -15 -16 18 -18 -19 24 20 25 -23 -24 -25 -26 -27 27 29 -30 -31
leaf_value=0.00029509248984297364 -0.0032780348695159124 0.00046855352792016372 -7.0557871948150492e-05 -0.0001136925941158355 0.00060669111930101635 0.010671029795298843 -0.013246549511057769 0.0064701747660638942 0.00017819382329957805 0.0019887891125554918 0.010464200062389649 0.0023736045510138015 -0.0013915568612320021 0.0074244582290292219 -0.0014644122056530937 -0.0051258795908132064 0.0012815371557560694 -0.0011570963003099846 0.010381169048488936 0.0037738508311922544 0 0.0072678422089101314 -0.0049273935829123377 -0.0038084650194558155 -0.0018086300288995623 0.014966034962816781 0.00012217967585796373 -0.0073899957101787707 0.013051446473391572 -0.0018662781380849958
leaf_weight=46554 656 50513 4473 720 3521 353 381 4179 24345 27714 184 10388 2376 2669 59669 7264 5639 1727 317 1741 223 351 2811 7854 887 1292 14989 1414 271 12027
leaf_count=46554 656 50513 4473 720 3521 353 381 4179 24345 27714 184 10388 2376 2669 59669 7264 5639 1727 317 1741 223 351 2811 7854 887 1292 14989 1414 271 12027
internal_value=2.28801e-05 -5.73243e-05 -0.000394702 0.00513694 -0.000958605 -0.000599863 0.00220627 0.00383634 -0.000930088 0.000931519 0.00029634 0.00172968 0.00267486 0.00343877 -0.00098493 -0.00222392 -0.0012817 -0.00358708 -0.00417989 0.00660986 0.00817984 -0.00253071 -0.00381916 -0.00247873 0.0012729 0.0129325 -4.00223e-05 -0.000945251 0.000388205 -0.00247978
internal_weight=297502 292870 218602 4632 120609 94175 9808 7700 84367 74268 97993 18779 15433 13057 84014 26434 17966 2108 8468 3976 3256 3346 2995 12327 1204 1515 79214 28701 15260 13441
internal_count=297502 292870 218602 4632 120609 94175 9808 7700 84367 74268 97993 18779 15433 13057 84014 26434 17966 2108 8468 3976 3256 3346 2995 12327 1204 1515 79214 28701 15260 13441
is_linear=0
shrinkage=0.03


Tree=3
num_leaves=31
num_cat=0
split_feature=16 26 38 42 5 39 120 71 28 28 119 44 32 115 19 64 50 32 23 138 0 116 23 36 140 82 44 118 27 26
split_gain=134.762 87.711 93.2734 65.8687 81.1918 69.6636 63.2194 103.914 91.5543 60.2214 88.0224 68.4246 72.5539 59.5676 56.7258 54.7992 50.6282 47.7007 47.6346 53.984 46.0106 44.9417 42.1143 41.957 45.0125 41.052 39.0986 46.0519 36.1577 36.1082
threshold=1.2134523987770083 0.019957090727984909 -0.00086003070464357723 -0.077593009918928132 0.01181099144741893 -0.022580752149224278 0.24009945988655093 0.87311530113220226 -0.0056254963856190434 -0.016901408322155472 0.53846141695976268 1.0490185022354128 0.0056189987808465966 0.53374239802360546 0.98070257902145397 0.47499999403953558 0.96388709545135509 0.0066755642183125028 0.017085204832255844 0.49189047515392309 -0.0075282640755176536 0.34482748806476599 0.02660311292856932 0.80852362513542186 0.95950469374656688 0.058333335444331176 1.1161794662475588 0.64705893397331249 0.032057950273156173 0.10642701387405397
decision_type=10 10 10 10 10 10 10 10 8 10 8 10 8 10 10 10 10 8 10 10 10 10 10 10 10 2 10 10 10 10
left_child=1 15 3 4 26 -6 28 8 16 10 14 12 -11 -13 -5 -1 -8 -10 -2 -20 -9 -12 -17 -21 -25 -7 -3 -28 -4 -22
right_child=18 2 6 9 5 25 7 20 17 11 21 13 -14 -15 -16 22 -18 -19 19 23 29 -23 -24 24 -26 -27 27 -29 -30 -31
leaf_value=-9.8769099126244257e-05 -0.0011580779678822721 0.003555130364711721 0 -0.00041249823489730866 0 0.00076062766851432489 0.0016819658178429582 0.015944955344103388 -0.0017149764861087481 0.00072680732900258635 0.0080274852717056779 -0.0020273718141055616 -0.0054209757455358819 0.00079819766303940534 0.020262175045201194 0.0014531905005201744 -0.00076983052939368969 -0.0093066678424239459 -0.0033183443355424289 0.0041822995076379642 0.0011282720946547708 -0.0028624845674276324 0.013837875864098724 0.0065757990000417368 0.017707694455778186 0.020941772116771472 -0.014408361967177499 0 -0.0057007458664987947 0.014745128871719505
leaf_weight=32688 819 3735 1278 124 288 151 12028 181 64586 59825 513 22104 1750 9447 427 40967 20320 754 397 1759 14175 888 235 990 645 486 204 1717 3807 162
leaf_count=32688 819 3735 1278 124 288 151 12028 181 64586 59825 513 22104 1750 9447 427 40967 20320 754 397 1759 14175 888 235 990 645 486 204 1717 3807 162
internal_value=-1.10618e-06 -8.23983e-05 -0.000384944 0.000277847 0.00317683 0.0113792 -0.000961908 -0.000809891 -0.00116362 7.34077e-05 0.00526233 -3.32422e-05 0.000545509 -0.00117187 0.0152326 0.000809904 0.000133032 -0.00180999 0.00507605 0.00650059 0.00154797 0.000970805 0.00153779 0.0077497 0.0113095 0.0167833 0.00174716 -0.00161393 -0.00424125 0.00132336
internal_weight=297450 292840 218950 101659 6581 925 117291 112206 97688 95078 1952 93126 61575 31551 551 73890 32348 65340 4610 3791 14518 1401 41202 3394 1635 637 5656 1921 5085 14337
internal_count=297450 292840 218950 101659 6581 925 117291 112206 97688 95078 1952 93126 61575 31551 551 73890 32348 65340 4610 3791 14518 1401 41202 3394 1635 637 5656 1921 5085 14337
is_linear=0
shrinkage=0.03


Tree=4
num_leaves=31
num_cat=0
split_feature=16 26 40 71 15 61 38 18 1 90 29 22 118 79 23 36 24 138 1 109 35 38 113 9 84 43 64 10 36 69
split_gain=104.21 91.2585 91.0104 137.559 71.5877 99.9917 88.5414 68.4166 59.5205 56.7882 56.0792 106.572 55.4623 52.6501 48.9623 50.6365 48.5324 48.4589 71.1054 48.2883 41.9079 41.797 42.1821 39.2581 38.8011 38.4409 38.1701 47.8638 37.5404 36.515
threshold=1.2134523987770083 0.019957090727984909 -0.03028710093349218 0.58490541577339183 0.79522016644477855 0.78207102417945873 0.0075831289868801841 1.0269005894660952 0.05621656775474549 0.46863220632076269 -0.00020898586080875245 1.0969684123992922 0.43243257701396948 0.15000000223517421 0.017085204832255844 0.79461315274238598 0.030708616599440578 0.63293385505676281 0.069322951138019576 0.38750000298023229 0.46494361758232122 -0.015372914262115954 0.39642268419265753 0.99556177854537975 0.65000000596046459 1.0048811435699465 0.94722220301628124 1.021988093852997 0.88291794061660778 0.28000001609325414
decision_type=10 10 8 10 8 10 10 10 10 10 10 10 8 2 10 10 10 10 10 2 10 10 10 10 2 10 10 10 10 10
left_child=1 12 3 8 6 9 26 28 21 25 13 -12 -1 -7 -2 -16 -8 18 -17 -18 -10 22 -3 -11 -9 -6 27 -4 -5 -22
right_child=14 2 4 7 5 10 16 24 20 23 11 -13 -14 -15 15 17 19 -19 -20 -21 29 -23 -24 -25 -26 -27 -28 -29 -30 -31
leaf_value=0.0018116771047056708 -0.0018385840866595479 -0.0027438555032071863 -0.011658461972790902 0.0022601867372386247 0.00046097243295967091 -0.0046939852535606667 0.0046530626240050103 0.011904697056481913 0.00056283930347846944 -0.0077992981807726266 -0.00029027591851495718 0.0056235024701748086 0.0001290493429181559 -0.0010030609721950008 0.0019569097972329491 -0.0034538971600774119 -0.023056620999591902 0.012133391428133109 0.020410790199964817 -0.0077473980000270113 0.014113189845138331 -0.00024957600419017023 -0.016578052762710925 0.012328934044813486 -0.00013019904876461778 0.019195864394544654 0.0043609361077284669 0.00035983068098791271 0.010860320942825859 -0.00047302547444732308
leaf_weight=29704 847 1107 468 5845 171 3662 103 1404 903 226 96008 2801 44388 86206 1817 484 371 1428 122 589 561 15563 252 114 231 427 662 648 507 156
leaf_count=29704 847 1107 468 5845 171 3662 103 1404 903 226 96008 2801 44388 86206 1817 484 371 1428 122 589 561 15563 252 114 231 427 662 648 507 156
internal_value=-2.84246e-05 -0.000100623 -0.000409458 0.00123335 -0.000637574 -0.000564673 -0.00536029 0.00452092 -0.000169954 0.00908356 -0.000615187 -0.000118495 0.000807981 -0.00115781 0.00439328 0.00584385 -0.0121523 0.0091172 0.00136992 -0.0143197 0.00526586 -0.000713652 -0.00572992 0 0.0100421 0.0145123 -0.00104272 -0.00453254 0.00302564 0.0106058
internal_weight=297775 293077 218985 26529 192456 189615 2841 7987 18542 938 188677 98809 74092 89868 4698 3851 1063 2034 606 960 1620 16922 1359 340 1635 598 1778 1116 6352 717
internal_count=297775 293077 218985 26529 192456 189615 2841 7987 18542 938 188677 98809 74092 89868 4698 3851 1063 2034 606 960 1620 16922 1359 340 1635 598 1778 1116 6352 717
is_linear=0
shrinkage=0.03


Tree=5
num_leaves=31
num_cat=0
split_feature=16 26 38 120 71 13 42 78 26 123 38 27 34 16 36 30 49 6 42 34 49 112 44 33 33 68 12 26 32 36
split_gain=117.451 74.0927 107.079 59.9598 101.916 100.135 75.7648 56.8172 65.3258 54.945 53.4683 51.7491 83.1548 80.9132 83.5018 73.7058 76.0326 49.212 45.5499 43.5041 44.8873 43.1203 42.6941 36.5921 73.5025 39.5744 36.0586 47.2988 45.6331 35.9562
threshold=1.2134523987770083 0.019957090727984909 -0.00086003070464357723 0.24009945988655093 0.87311530113220226 0.98257175087928783 -0.048403820022940629 0.30000000447034841 0.10642701387405397 0.11628011986613275 0.016639019362628463 0.077017545700073256 0.43733015656471258 0.74334150552749645 0.80852362513542186 0.0033989872317761187 0.88573256134986889 0.058826385065913207 -0.1071920022368431 0.88187819719314586 0.96847638487815868 -0.1504717022180557 1.0113900899887087 0.61381143331527721 0.89744052290916454 0.15151538699865344 0.98625290393829357 0.066537719219923033 0.003035729750990868 0.76728686690330516
decision_type=10 10 8 8 10 8 10 10 10 8 10 10 10 8 10 10 10 10 10 10 10 2 10 10 10 10 10 10 10 10
left_child=1 9 11 26 5 6 -5 22 -9 -1 -7 -3 15 14 -14 17 -17 -13 -15 20 21 -2 -6 29 25 -25 27 28 -4 -22
right_child=19 2 3 4 7 10 -8 8 -10 -11 -12 12 13 18 -16 16 -18 -19 -20 -21 23 -23 -24 24 -26 -27 -28 -29 -30 -31
leaf_value=1.448463386786515e-05 0.012729087499414255 3.2354750562834417e-06 -0.0073464888684591891 -0.010418498517254477 0.00070275879458607971 -0.00092536110451386965 -0.0026169549153057239 0.0028909572707408364 0.024660665791958056 0.0016792616499742565 0.0022344646531498895 -0.003861338793031013 -0.01141804615759996 0.0070264757970364177 0.0056765734479052258 0.021896002178571992 0.0057247314275567125 0.0029614972564748617 0 0.012253843481402661 0.0026412889602477662 0.0029973195758331525 -0.0050849867574024677 0.013188720879595847 -0.0050132171823671912 0 -0.0023690865227875054 -0.016369915110817659 0.0071157227000101693 -0.011127829849728437
leaf_weight=42730 687 82047 896 1212 5902 73008 18276 7288 111 31076 5092 1088 1000 919 304 294 2830 5737 6899 612 230 1296 1392 553 553 259 3529 445 213 394
leaf_count=42730 687 82047 896 1212 5902 73008 18276 7288 111 31076 5092 1088 1000 919 304 294 2830 5737 6899 612 230 1296 1392 553 553 259 3529 445 213 394
internal_value=-2.46235e-05 -0.00010051 -0.000379023 -0.000996064 -0.000847995 -0.00120041 -0.00312771 0.00147077 0.00332358 0.000719767 -0.000714986 0.000334243 0.00174109 -0.000297819 -0.00718066 0.00363746 0.00747164 0.00182191 0.00082732 0.00472834 0.00343809 0.00661205 -0.000371652 9.00524e-05 0.00298015 0.00877414 -0.00419191 -0.00805809 -0.00422624 -0.00566242
internal_weight=296872 292288 218482 117364 112281 97588 19488 14693 7399 73806 78100 101118 19071 9122 1304 9949 3124 6825 7818 4584 3972 1983 7294 1989 1365 812 5083 1554 1109 624
internal_count=296872 292288 218482 117364 112281 97588 19488 14693 7399 73806 78100 101118 19071 9122 1304 9949 3124 6825 7818 4584 3972 1983 7294 1989 1365 812 5083 1554 1109 624
is_linear=0
shrinkage=0.03


Tree=6
num_leaves=31
num_cat=0
split_feature=16 25 38 56 25 56 78 79 40 11 7 86 78 55 134 54 27 62 12 22 33 5 36 51 33 61 27 35 38 75
split_gain=120.315 80.6374 82.1284 64.7268 123.216 76.4107 84.558 65.387 65.0898 62.7558 62.3172 59.9051 59.2056 54.6847 50.2778 49.7647 64.6316 51.197 47.8405 47.3149 65.8381 41.0619 40.3078 50.9012 58.3266 37.0917 36.6134 34.4324 31.9511 30.5235
threshold=1.2134523987770083 0.012348900549113752 -0.00086003070464357723 0.9244641661643983 0.093976024538278594 0.98825305700302135 0.30000000447034841 0.55000001192092907 -0.013718276284635065 0.97156038880348217 -0.026939181610941883 -0.84999999403953541 0.5000000149011613 1.0798353552818301 0.3216217458248139 0.9846179485321046 0.11869724467396738 0.87107169628143322 1.0035956501960757 1.1709007024765017 0.97710019350051891 0.014981279615312816 0.68384534120559703 0.93805310130119335 0.51775100827217113 0.78207102417945873 0.064109548926353468 0.83812990784645092 0.009882971644401552 0.075000001117587103
decision_type=10 10 10 8 10 10 10 2 8 10 10 2 10 10 10 10 10 10 10 10 10 10 10 10 10 10 10 10 10 2
left_child=1 -1 9 4 7 6 8 18 -5 14 -8 21 13 -7 26 16 -13 -17 -4 28 22 -11 -21 -24 29 -14 -3 -28 -2 -25
right_child=19 2 3 5 -6 12 10 -9 -10 11 -12 15 25 -15 -16 17 -18 -19 -20 20 -22 -23 23 24 -26 -27 27 -29 -30 -31
leaf_value=0.00133726749335557 0.002672479986353859 0.0017598572227138975 -0.0053663158114915189 -0.012605720991137178 -0.022797366997434031 -0.002384262724678037 0.021587642433457309 0.015299421283071515 -0.00035181544504967778 -0.0017738501662408271 0.002490204274455619 -0.0016172275769196166 0.0072355718435439288 0.0040307289848119021 0 0.0021814401688072696 -0.016781375464788979 0.00031559896026845394 0.011816146154573338 0.0020919425953527027 -0.012774193707189303 -0.013387302795926115 0.018899737289614187 -0.01098447213690518 0.010200346155132321 -0.00057295491749707417 0.016060763359666039 0 -0.0079664438737179089 0.0057335967045300494
leaf_weight=34896 1221 468 2132 387 304 27549 141 142 11675 7444 11392 4090 526 1199 954 15691 258 88403 128 878 116 276 500 193 1231 83692 647 137 296 141
leaf_count=34896 1221 468 2132 387 304 27549 141 142 11675 7444 11392 4090 526 1199 954 15691 258 88403 128 878 116 276 500 193 1231 83692 647 137 296 141
internal_value=6.00737e-05 -1.45712e-05 -0.000198928 -0.000693456 -0.00528517 -0.000599513 0.000946382 -0.00277499 -0.000790019 0.000380398 0.00278662 0.000282007 -0.000925166 -0.00210367 0.00537755 0.000466217 -0.00265843 0.0006001 -0.00416646 0.00487649 0.00701955 -0.00226133 0.00798194 0.0102983 0.00715713 -0.000518918 0.00928334 0.0132458 0.000324757 -0.00315419
internal_weight=297107 292531 257635 139267 2706 136561 23595 2402 12062 118368 11533 116162 112966 28748 2206 108442 4348 104094 2260 4576 3059 7720 2943 2065 1565 84218 1252 784 1517 334
internal_count=297107 292531 257635 139267 2706 136561 23595 2402 12062 118368 11533 116162 112966 28748 2206 108442 4348 104094 2260 4576 3059 7720 2943 2065 1565 84218 1252 784 1517 334
is_linear=0
shrinkage=0.03


Tree=7
num_leaves=31
num_cat=0
split_feature=16 26 38 3 33 42 5 125 21 90 16 18 16 39 26 80 34 26 24 45 86 100 24 18 26 58 23 111 140 39
split_gain=102.973 78.3959 85.8085 61.0896 64.6002 56.7168 64.3066 55.9618 88.5042 82.0201 120.438 64.5955 61.363 54.2975 53.8676 52.0123 55.7577 49.4277 46.6558 46.4997 46.0211 43.6426 42.168 46.0508 39.8757 57.8926 38.3079 37.725 41.432 37.2055
threshold=1.2134523987770083 0.021510939113795761 -0.0011326826643198726 0.016973120160400871 0.43173891305923467 -0.077593009918928132 0.01181099144741893 0.52941164374351513 0.92052245140075695 0.46863220632076269 0.74334150552749645 1.0077949762344363 0.87878790497779857 -0.025729443877935406 0.088666226714849486 0.22500000149011615 0.61983105540275585 0.078428376466035857 0.032199874520301826 1.0296334028244021 -0.65000000596046437 0.59411767125129711 0.01197083340957761 1.0357295274734499 0.071716159582138075 0.9277976155281068 0.02660311292856932 -0.18019481003284452 0.80456814169883739 -0.011026737745851277
decision_type=10 10 10 10 8 10 10 10 10 10 8 10 8 10 10 2 10 10 10 10 2 2 10 10 10 10 10 2 10 10
left_child=1 19 3 5 29 6 18 8 9 14 -11 12 -10 -8 -4 21 -17 -2 -3 26 -13 -6 -7 -24 -9 -26 -1 28 -19 -5
right_child=17 2 7 4 15 22 13 24 11 10 -12 20 -14 -15 -16 16 -18 27 -20 -21 -22 -23 23 -25 25 -27 -28 -29 -30 -31
leaf_value=0.00130519066559748 0.00063448872204255173 0.0038125134640291402 0.0030091529494696181 0.0024500773076947609 0.016709635564644391 0.0013943374182106003 -0.0011495297882705925 -0.0028600430794025224 -0.0050233538896157365 -0.010574073430505031 0.0019349851414802988 -0.0016190039093894049 -0.001263870844043988 0.015317711485564664 0.011164505318200556 0.0075651815119268731 -0.0030704841677786977 0.00022114275215510338 -0.0020880413075627241 1.6767216584524699e-05 0.0010838834907699393 0.0047658146276315485 -0.00059427577326886714 0.0028839749525228398 -0.021725460907709732 -0.0029219970456847732 0.010796996350514801 0.0024463557469769056 0.012814709188866243 -0.0059251633626875152
leaf_weight=43166 1926 3238 2842 1244 621 14224 205 4074 4196 858 3204 8160 69057 597 1062 921 775 353 1828 44961 18245 686 63174 3580 259 425 376 1100 1201 734
leaf_count=43166 1926 3238 2842 1244 621 14224 205 4074 4196 858 3204 8160 69057 597 1062 921 775 353 1828 44961 18245 686 63174 3580 259 425 376 1100 1201 734
internal_value=2.47969e-05 -4.41751e-05 -0.000368347 0.000309494 0.00353583 0.000120225 0.00296448 -0.000924835 -0.000780189 0.00224725 -0.000672622 -0.00102559 -0.00148462 0.010818 0.00534969 0.00630279 0.00255117 0.0044791 0.00162455 0.000700335 0.000236658 0.0108331 -8.2859e-05 -0.000402437 -0.00411693 -0.0108831 0.00139896 0.00713133 0.0101838 -0.000535874
internal_weight=297292 292712 204209 91827 4981 86846 5868 112382 107624 7966 4062 99658 73253 802 3904 3003 1696 4580 5066 88503 26405 1307 80978 66754 4758 684 43542 2654 1554 1978
internal_count=297292 292712 204209 91827 4981 86846 5868 112382 107624 7966 4062 99658 73253 802 3904 3003 1696 4580 5066 88503 26405 1307 80978 66754 4758 684 43542 2654 1554 1978
is_linear=0
shrinkage=0.03


Tree=8
num_leaves=31
num_cat=0
split_feature=16 29 120 57 31 13 24 13 77 41 25 42 5 1 41 25 80 42 53 21 62 68 112 16 30 33 33 13 54 62
split_gain=84.9198 84.7137 77.2104 69.0662 70.7875 73.7641 96.5961 59.4859 71.1512 64.462 54.5313 53.387 72.6928 61.4909 86.7381 59.8999 61.6623 58.3901 51.3742 50.3463 50.3377 73.4712 47.6849 46.7306 45.2534 65.406 43.6041 58.3668 57.2897 43.1826
threshold=1.2134523987770083 -0.0014534671790897844 0.24009945988655093 1.1707353591918948 0.0094258100725710409 1.0933791995048525 0.038551457226276405 0.98421868681907665 0.59166666865348827 0.0070904549211263665 0.029177154414355758 -0.077593009918928132 0.0082815410569310206 0.01868327055126429 -0.03192853927612304 0.021113223396241668 0.37500000000000006 0.040684219449758537 1.0019862055778506 1.0022318959236147 0.70325466990470897 0.68055498600006115 0.033615820109844215 0.94236883521080028 -0.006775311427190899 0.97710019350051891 0.24822935461997989 0.97132280468940746 1.0316181778907778 0.74557289481163036
decision_type=10 8 8 8 10 10 10 8 2 10 10 10 10 10 10 10 2 10 10 10 10 10 2 8 10 10 8 8 10 10
left_child=1 7 20 4 26 6 -6 8 -1 -10 -11 12 15 23 18 16 -9 -16 -15 -17 21 -3 -23 -13 25 -2 28 -28 -4 -14
right_child=24 2 3 -5 5 -7 -8 11 9 10 -12 13 29 14 17 19 -18 -19 -20 -21 -22 22 -24 -25 -26 -27 27 -29 -30 -31
leaf_value=-0.00098890622838000795 0.006919479111894682 0.0067635829629984117 -0.00030604012999110251 0.0041573603918506966 0.0077822284721223668 0.020679181688136174 -0.0033880896768069429 0.027002890382093945 -0.0039263044963443244 -0.0015935378716278232 -0.019601438150417899 -0.0035880712017666463 0.014458871475130133 -0.0093220199091075939 -0.002655878201695648 -0.013189406548630775 0.00089057153356926781 0.0038433724838211575 0.00070253958041413339 -0.00027793063717055895 -0.001503865176200382 -0.024655270910451523 -0.0064001323904485773 0.00021815328165766023 -0.00016552122795182651 -0.014666131980903446 -0.00037287648941313248 0.0010909914248001988 -0.0076342745126993915 0.0036944092777677
leaf_weight=5093 3056 169 46093 4493 1733 233 1097 123 2119 265 540 3072 398 453 31060 267 253 1242 14330 6517 9514 234 438 47353 1459 105 35783 76033 966 2936
leaf_count=5093 3056 169 46093 4493 1733 233 1097 123 2119 265 540 3072 398 453 31060 267 253 1242 14330 6517 9514 234 438 47353 1459 105 35783 76033 966 2936
internal_value=-1.55078e-05 -8.0317e-05 0.000331899 0.000489844 0.000385735 0.00489445 0.0033536 -0.000710962 -0.00320836 -0.00693931 -0.0142193 -0.000522246 0.0014996 -0.000743176 -0.0015226 -0.000166804 0.0111226 -0.00239448 0.000362908 -0.000867459 -0.00217381 -0.00919324 -0.0137192 -9.1137e-06 0.00400997 0.00602045 0.000296317 0.000619864 -0.000466021 0.00514743
internal_weight=297427 292807 176786 166431 161938 3063 2830 116021 8017 2924 805 108004 10494 97510 47085 7160 376 32302 14783 6784 10355 841 672 50425 4620 3161 158875 111816 47059 3334
internal_count=297427 292807 176786 166431 161938 3063 2830 116021 8017 2924 805 108004 10494 97510 47085 7160 376 32302 14783 6784 10355 841 672 50425 4620 3161 158875 111816 47059 3334
is_linear=0
shrinkage=0.03


Tree=9
num_leaves=31
num_cat=0
split_feature=40 36 15 49 12 30 45 13 79 38 32 24 49 113 78 32 77 71 58 1 99 1 33 117 14 40 73 2 122 117
split_gain=87.0864 151.049 93.7289 80.7024 80.3454 77.7606 67.7599 62.1117 92.0582 55.5805 95.8266 68.1766 53.5368 110.158 53.5832 64.3656 64.354 58.2986 70.0304 46.0534 44.8209 67.4619 65.0478 53.7255 43.8509 43.3781 43.1717 42.6574 44.3812 42.4181
threshold=-0.03028710093349218 0.78109702467918407 0.79522016644477855 0.83663558959960949 0.98625290393829357 0.0074795561376959094 1.0296334028244021 0.96626576781272899 0.65000000596046459 0.016639019362628463 0.0066755642183125028 0.045741876587271697 0.83663558959960949 0.28947345912456518 0.70000001788139354 0.0037756561068817977 0.89166665077209484 0.54901978373527538 1.0160933136940005 0.028375341556966308 0.58571431040763866 0.05621656775474549 0.88499855995178234 0.63468393683433544 1.0779401659965517 -0.0076378823723644009 0.30000000447034841 -0.29999761283397669 0.39839299023151403 0.44133010506629949
decision_type=10 10 8 10 10 10 10 8 2 10 10 8 8 10 8 10 2 10 10 8 2 10 10 8 10 10 10 10 10 10
left_child=1 12 4 27 5 -2 7 8 29 10 11 -8 13 -1 15 16 -14 -16 -19 -3 21 22 23 -21 -24 -7 -6 -4 -29 -5
right_child=2 19 3 6 26 25 9 -9 -10 -11 -12 -13 14 -15 17 -17 -18 18 -20 20 -22 -23 24 -25 -26 -27 -28 28 -30 -31
leaf_value=0.024206418438357784 0.001531227316382128 0.0025991440655721474 0.013136972673956981 -0.0050632852761391392 0.015044743279610908 -0.033222170066362688 -0.0006328678863578793 0.00095921730927141658 0.0057696819906652491 0.0025527104916620975 -0.0080168030795631732 0.0040156558594908187 0.001322959075034429 -0.0014685340140061021 0.00029752421882353825 -0.0088977306333823895 -0.0095335967968229133 0.0019747952059245536 0.011374971029299318 0.015783034082810433 0.0026229919948857331 0.022215553690964104 0.01018089131636035 -6.4996562555040185e-06 -0.0094659410832652561 -0.012202096817453149 -0.003177583594467597 -0.0035805509087123602 0.0055267694615315031 -0.00082070642340455104
leaf_weight=241 211 1670 475 2382 101 143 157957 68136 1774 5067 1548 2856 2915 303 16764 1059 567 3092 962 762 763 451 137 208 251 532 1847 606 1737 21848
leaf_count=241 211 1670 475 2382 101 143 157957 68136 1774 5067 1548 2856 2915 303 16764 1059 567 3092 962 762 763 451 137 208 251 532 1847 606 1737 21848
internal_value=6.68936e-06 0.00153565 -0.000164771 -0.000105233 -0.00557435 -0.013021 -0.000160926 0.000481287 -0.000759238 -0.00052383 -0.000621993 -0.000547957 0.00066115 0.00982897 0.00044507 -0.00248059 -0.00040358 0.00109941 0.00432395 0.00677707 0.00933307 0.0119396 0.00803627 0.0121625 -0.00163449 -0.0179148 -0.00193706 0.00492315 0.0030339 -0.00125399
internal_weight=297365 30145 267220 264386 2834 886 261568 94140 26004 167428 162361 160813 25903 544 25359 4541 3482 20818 4054 4242 2572 1809 1358 970 388 675 1948 2818 2343 24230
internal_count=297365 30145 267220 264386 2834 886 261568 94140 26004 167428 162361 160813 25903 544 25359 4541 3482 20818 4054 4242 2572 1809 1358 970 388 675 1948 2818 2343 24230
is_linear=0
shrinkage=0.03


Tree=10
num_leaves=31
num_cat=0
split_feature=32 86 138 30 16 125 16 68 10 37 21 24 62 16 118 99 28 71 115 86 67 82 83 102 31 64 38 10 37 133
split_gain=82.23 81.0018 80.1778 70.2269 93.6856 85.7494 61.4921 73.7117 55.4453 62.94 54.6981 62.9673 126.695 115.638 63.7343 58.8888 56.3443 86.3785 51.8764 50.9583 59.3401 50.5796 49.3181 47.2169 46.9247 85.4283 50.8737 46.1702 45.9493 45.8758
threshold=-0.0048122901935130349 -0.58333334326744068 0.73442643880844127 -0.00045133140520192677 0.93686094880104076 0.47609719634056097 0.74334150552749645 0.68055498600006115 1.0098120570182803 0.7166118621826173 0.90875273942947399 0.033970484510064132 0.70325466990470897 0.74334150552749645 0.36363665759563452 0.58571431040763866 -0.016901408322155472 0.51351317763328563 0.28821502625942236 -0.81666666269302357 0.10084745660424234 0.058333335444331176 0.70000001788139354 0.49106858670711523 0.0034210735466331248 0.10555555671453477 -0.0087017589248716814 1.0163555741310122 0.79609724879264843 0.18410508334636691
decision_type=10 2 10 10 8 10 8 10 10 10 8 10 10 8 10 2 8 10 8 2 10 2 10 2 8 10 10 10 10 10
left_child=1 2 -1 4 8 10 7 -7 9 -2 11 12 28 29 -14 -15 17 -12 -6 20 -20 -19 -9 -24 26 -26 -18 -8 -5 -13
right_child=3 -3 -4 5 18 6 27 22 -10 -11 16 13 14 15 -16 -17 24 21 19 -21 -22 -23 23 -25 25 -27 -28 -29 -30 -31
leaf_value=0.00014122195275344777 -0.010878531728282285 0.00023967405627894417 0.0085116517508295828 0.022905190529343741 0.0010646861637820535 0.0023434684389186176 -0.001962800870146544 -0.018434468317930712 -0.00081914142593024302 -0.00083327106339745754 0.00070354312721590366 0.0048872588460625137 0 0.0096976317277485645 0.010236866172579946 0.0012422615771687632 -0.0013900002525649849 -0.00090220726431912868 -0.0032014047441033754 -0.00038095638632500709 0.00018512798574749366 0.016624732121169251 -0.016022490882337346 0.0013619431163642535 0.0042487575401873477 -0.0015429777751173736 0.00080741500369012288 0.0029152486200707001 0 -0.0085713609408731226
leaf_weight=1688 1769 6081 2960 461 17370 420 10824 525 2019 922 1585 234 1866 1028 791 2942 10417 148 13534 89451 6844 637 186 354 2537 20726 95651 2021 118 1245
leaf_count=1688 1769 6081 2960 461 17370 420 10824 525 2019 922 1585 234 1866 1028 791 2942 10417 148 13534 89451 6844 637 186 354 2537 20726 95651 2021 118 1245
internal_value=-1.02661e-06 0.00257402 0.00554968 -9.86358e-05 -0.000607961 0.000333692 -0.00187049 -0.0076458 -0.00476044 -0.00757899 0.000561056 0.00287001 0.00618615 0.000830369 0.00321247 0.00354454 0.000406103 0.00497911 -0.000451118 -0.000693731 -0.00205026 0.0130073 -0.0118323 -0.00444869 0.000319226 -0.000895355 0.000588556 -0.00116864 0.0187685 -0.00620508
internal_weight=297354 10729 4648 286625 131909 154716 14330 1485 4710 2691 140386 8685 3236 5449 2657 3970 131701 2370 127199 109829 20378 785 1065 540 129331 23263 106068 12845 579 1479
internal_count=297354 10729 4648 286625 131909 154716 14330 1485 4710 2691 140386 8685 3236 5449 2657 3970 131701 2370 127199 109829 20378 785 1065 540 129331 23263 106068 12845 579 1479
is_linear=0
shrinkage=0.03


Tree=11
num_leaves=31
num_cat=0
split_feature=26 16 29 101 25 18 1 8 25 26 33 49 86 3 13 115 123 38 146 43 23 83 94 44 126 15 127 126 82 85
split_gain=92.1954 124.687 137.767 113.417 86.0954 126.112 84.7582 79.1665 75.6036 72.6447 70.3192 67.9097 60.8384 62.4573 60.8145 59.3436 54.8657 54.3563 54.1011 49.6951 49.0469 48.1998 57.6882 47.1645 44.4686 42.3663 42.0413 40.5795 35.3159 34.1171
threshold=0.10642701387405397 0.74334150552749645 0.011650528293102981 0.36515152454376226 0.049950143322348602 0.95539629459381115 0.05621656775474549 -0.76811510324478138 0.063120711594820036 0.021510939113795761 0.27109399437904363 0.88573256134986889 0.81666666269302379 0.019498589448630813 0.98257175087928783 0.70212760567665111 0.19999913126230243 0.0038812650600448255 0.57567414641380321 1.0129101872444155 0.022778617218136791 0.70000001788139354 0.28769129514694219 1.0405765175819399 -0.35689085721969599 1.006043612957001 0.17066184431314471 0.31578975915908819 0.30833333730697637 0.075000001117587103
decision_type=10 8 10 2 10 10 10 10 8 10 8 10 2 10 8 10 10 10 10 10 10 10 10 10 10 10 10 10 2 2
left_child=1 2 20 -2 25 18 9 28 24 16 11 27 14 -14 -12 26 -3 -17 -6 -10 -1 -4 -23 -13 -8 -5 -9 -11 -7 -26
right_child=3 6 21 4 5 7 8 15 19 10 12 23 13 -15 -16 17 -18 -19 -20 -21 -22 22 -24 -25 29 -27 -28 -29 -30 -31
leaf_value=-0.0055980673242886671 0.021793854979903309 1.9705559923227506e-05 -0.01909730283298738 0.018488687580991557 -0.004528368019892275 0 0.0092257052318080752 0.0014313199703604178 -0.0040274415933410279 0.0089994861270582295 -0.0012616050873563147 -0.00074096642733974423 0.001474037170886606 0.01185259381299191 0.00016586630066395841 0.0017295012680932857 0.0015779354028642313 0.020480814193750408 -0.028968841584728042 0.009842695073840611 0.0064810245544672596 0.0057517300374780051 -0.013491516078057977 -0.0025304665475294648 -0.0026838673604223022 0 -0.0068828124075898589 -0.001503944311629733 0.014501595198585886 0.0023886734674823623
leaf_weight=575 289 56237 704 408 278 156 540 1312 223 881 38589 32279 10948 541 87406 484 32196 206 133 1771 589 196 323 23321 2014 167 867 446 622 2834
leaf_count=575 289 56237 704 408 278 156 540 1312 223 881 38589 32279 10948 541 87406 484 32196 206 133 1771 589 196 323 23321 2014 167 867 446 622 2834
internal_value=-2.45499e-05 -9.41728e-05 -0.00689471 0.00403746 0.00277645 0.00112706 -3.67361e-05 0.00299368 0.00313081 -0.000120683 -0.000445814 -0.00133261 -7.63013e-05 0.00200856 -0.000269081 0.000554447 0.000590634 0.00816948 -0.0141106 0.00811797 0.000266971 -0.0138469 -0.00572396 -0.00149759 0.00120649 0.0134835 -0.00177287 0.00527669 0.0113735 0.000217397
internal_weight=297535 292613 2387 4922 4633 4058 290226 3647 7382 282844 194411 56927 137484 11489 125995 2869 88433 690 411 1994 1164 1223 519 55600 5388 575 2179 1327 778 4848
internal_count=297535 292613 2387 4922 4633 4058 290226 3647 7382 282844 194411 56927 137484 11489 125995 2869 88433 690 411 1994 1164 1223 519 55600 5388 575 2179 1327 778 4848
is_linear=0
shrinkage=0.03


Tree=12
num_leaves=31
num_cat=0
split_feature=31 25 40 36 25 39 26 18 19 29 110 51 79 12 20 109 75 141 135 38 29 78 1 84 53 47 65 18 116 41
split_gain=72.5622 62.6655 60.8024 97.887 69.5464 122.426 104.278 57.7287 76.3494 51.2743 47.3611 56.8497 72.1879 47.0868 43.9877 41.4076 44.8591 39.4263 42.1942 59.0774 36.2916 35.4743 31.3983 30.4801 29.2685 29.1271 28.4287 35.9397 26.7491 25.9558
threshold=-0.0081817042082548124 0.012348900549113752 -0.03028710093349218 0.82231479883193981 0.093976024538278594 0.039383016526699073 0.10642701387405397 1.0242571830749514 1.0407113432884219 -0.00042012531775981182 0.3514705896377564 0.86549177765846264 0.84999999403953563 0.98625290393829357 1.0028287768363955 0.18333333730697635 0.82500001788139354 0.86084368824958812 1.2550787329673769 -0.0011326826643198726 -0.014042143709957598 0.5000000149011613 0.017137105576694015 0.65000000596046459 1.0010900497436526 1.0582095384597781 0.9522727131843568 0.98234543204307567 0.4138560444116593 0.03934058919548989
decision_type=8 10 8 10 8 10 10 10 10 10 2 10 2 10 10 2 2 8 10 10 10 10 8 2 10 10 10 10 8 10
left_child=14 22 3 10 6 13 7 9 -9 -4 11 12 -3 -6 -1 16 -5 -16 19 29 -21 -13 -2 -17 -15 -25 27 -8 -24 -19
right_child=1 2 4 15 5 -7 26 8 -10 -11 -12 21 -14 24 17 23 -18 18 -20 20 -22 -23 28 25 -26 -27 -28 -29 -30 -31
leaf_value=-0.0047312848709280724 0.0016350411872219177 0.0014446535038799967 -0.00079034418107894536 0.0062949975286547954 -0.016053813183780533 -0.023131937312893567 -0.0041072010261436493 -0.0054043144341718108 0.00077620343152146618 0.00013001116550262612 -0.0053019447211290196 -0.0065032988308077761 0.0092838708572003919 0.013338320256660466 -0.00035131451696516792 0.0046797458588844158 0.018961010194497363 0.0086635942594409827 0 0.0092127901256283031 0 0.00028841729432588811 -0.0037893135396550488 0.0016193361183549546 -0.0011984257061570765 -0.01730553938881179 0.018098180005664845 0.009669056941443219 0.00039531721245614806 0.019835032025660327
leaf_weight=463 27037 4537 98628 1162 154 310 201 4527 2842 120669 1156 699 1419 125 1018 652 381 781 780 592 909 18291 1723 101 751 113 259 513 6119 397
leaf_count=463 27037 4537 98628 1162 154 310 201 4527 2842 120669 1156 699 1419 125 1018 652 381 781 780 592 909 18291 1723 101 751 113 259 513 6119 397
internal_value=1.62799e-05 -4.3746e-05 -0.000206408 0.00109692 -0.000370082 -0.00714473 -0.000328261 -0.000371999 -0.00298443 -0.000282582 0.00054793 0.00083506 0.00338735 -0.00169837 0.00361519 0.00686832 0.00981705 0.00456228 0.00608831 0.00786446 0.00356044 1.60619e-05 0.00114792 0.00117279 0.000792489 -0.00771665 0.00936083 0.00537591 -0.000493249 0.0129472
internal_weight=297309 292369 257490 28511 228979 1340 227639 226666 7369 219297 26102 24946 5956 1030 4940 2409 1543 4477 3459 2679 1501 18990 34879 866 876 214 973 714 7842 1178
internal_count=297309 292369 257490 28511 228979 1340 227639 226666 7369 219297 26102 24946 5956 1030 4940 2409 1543 4477 3459 2679 1501 18990 34879 866 876 214 973 714 7842 1178
is_linear=0
shrinkage=0.03


Tree=13
num_leaves=31
num_cat=0
split_feature=16 25 40 36 25 18 57 18 73 110 71 83 33 1 36 29 57 42 87 33 59 18 58 41 135 1 12 19 93 52
split_gain=95.0922 57.8447 59.8226 98.2563 63.0245 122.859 53.9778 51.5758 67.1755 45.2538 52.007 43.3165 41.4445 38.3545 38.2326 37.83 80.997 58.985 36.4438 35.0461 65.4111 40.659 31.8115 31.1137 27.6303 26.4338 25.7421 25.5206 25.517 28.1344
threshold=1.2134523987770083 0.012348900549113752 -0.03028710093349218 0.82231479883193981 0.093976024538278594 0.95539629459381115 1.2164902091026308 1.0242571830749514 0.5000000149011613 0.3514705896377564 0.58490541577339183 -0.50000001490116108 0.97710019350051891 0.05621656775474549 0.65361580252647411 -0.00042012531775981182 1.1707353591918948 -0.088266666978597627 0.62500000000000011 0.53785285353660595 0.99951085448265087 0.99775689840316784 1.0195500254631045 0.009262990206480028 0.27270275354385382 0.017137105576694015 0.99260404706001293 1.0407113432884219 -0.45526154339313502 0.68638524413108837
decision_type=10 10 8 10 8 10 10 10 10 2 10 10 10 10 10 10 10 10 2 10 10 10 10 10 10 8 10 10 10 10
left_child=1 25 3 9 7 24 -2 15 22 10 13 -12 14 -3 -8 17 -17 -4 26 20 21 -16 -9 -10 -6 -1 -7 -22 -5 -30
right_child=6 2 4 28 5 18 12 8 23 -11 11 -13 -14 -15 19 16 -18 -19 -20 -21 27 -23 -24 -25 -26 -27 -28 -29 29 -31
leaf_value=0.0015260641014178083 -0.0032665959508283893 -0.00031353789390625378 0.0033741998475287083 0.0010668100256433579 -0.0050362877142718339 -0.0054473076254704638 0.00091571273501660547 -0.0025459025539616952 -0.0096707886405526661 -0.0051360215030385355 0.0064117513108049298 0.00087194286460128326 -0.010166830657390572 0.0045867789507742845 0.00084439742778981354 -2.9229070872706725e-05 0.0047728549167332787 -0.00082462659661639741 -0.01317354473105287 0.010584424274599914 -0.01595350027941396 0.015816794548868373 0.002530717538171896 0.0038448065640975019 -0.024702439765769954 -0.00041788796425976126 0.0048118393878953955 0 0.01667794822367177 0.0063361128431854751
leaf_weight=27032 675 17449 3064 597 150 286 1049 4395 1428 1171 2417 2977 114 1544 399 118718 3225 96069 161 1797 143 328 1414 127 299 7906 669 180 368 1315
leaf_count=27032 675 17449 3064 597 150 286 1049 4395 1428 1171 2417 2977 114 1544 399 118718 3225 96069 161 1797 143 328 1414 127 299 7906 669 180 368 1315
internal_value=8.65446e-07 -6.6115e-05 -0.000222325 0.00108788 -0.000382287 -0.00635469 0.00423294 -0.000339505 -0.00281003 0.000540237 0.000829073 0.00342421 0.00557972 7.34513e-05 0.00616666 -0.000255609 9.60727e-05 -0.000691169 -0.000647826 0.00797689 0.00311948 0.0082437 -0.00125427 -0.00834166 -0.0192671 0.0010776 0.00138306 -0.00734753 0.00703825 0.0089429
internal_weight=297466 292781 257843 27838 230005 1565 4685 228440 7364 25558 24387 5394 4010 18993 3896 221076 121943 99133 1116 2847 1050 727 5809 1555 449 34938 955 323 2280 1683
internal_count=297466 292781 257843 27838 230005 1565 4685 228440 7364 25558 24387 5394 4010 18993 3896 221076 121943 99133 1116 2847 1050 727 5809 1555 449 34938 955 323 2280 1683
is_linear=0
shrinkage=0.03


Tree=14
num_leaves=31
num_cat=0
split_feature=32 25 38 9 46 13 38 90 38 11 138 25 12 77 19 46 33 86 33 11 11 54 42 86 1 10 37 78 132 76
split_gain=86.3241 69.0268 64.9396 59.1124 63.0418 86.5444 65.5438 63.4478 53.3936 60.2381 56.8641 53.3533 62.7502 54.6732 51.2535 49.9794 92.3809 63.4821 47.8338 53.3564 47.4403 52.0409 44.5425 44.0927 42.7544 42.6216 44.4103 41.2674 40.7317 54.8169
threshold=-0.0048122901935130349 0.012348900549113752 -0.0016643496928736565 1.0089686512947085 1.0750312209129336 0.98421868681907665 0.016639019362628463 0.58545780181884777 -0.019673480652272698 0.9737842082977296 0.63293385505676281 0.093976024538278594 0.98625290393829357 0.091666668653488173 0.96461671590805065 1.2209916710853579 0.57679587602615368 -0.84999999403953541 0.88499855995178234 0.98701509833335888 0.98368301987648021 0.9846179485321046 -0.1071920022368431 -0.58333334326744068 0.017895959317684177 1.0233861207962038 0.20274899154901507 0.30000000447034841 1.5102110505104067 0.15000000596046451
decision_type=10 10 10 8 10 8 10 10 8 8 8 10 10 2 10 10 10 2 10 10 10 10 10 2 10 10 10 10 10 2
left_child=8 -2 15 4 11 7 -7 -6 -1 28 -11 13 -13 -4 -5 17 25 24 19 -18 22 -22 -19 27 -3 -17 -27 -12 29 -10
right_child=1 2 3 14 5 6 -8 -9 9 10 23 12 -14 -15 -16 16 18 20 -20 -21 21 -23 -24 -25 -26 26 -28 -29 -30 -31
leaf_value=0.011674515445210904 0.0012237301376544715 0.0007932705628431022 -0.0016528980906872156 0.011554972971291176 -0.0031977108210670705 -0.0013917194431268746 0.0027630268404367463 -0.010575980950890131 0.0049026593633767507 -0.0045947181949445208 0.01104723718593551 -0.027267320776264422 0.00047691452920844312 0.00019763370587551755 0.0010094913058584843 0.0041592238932880799 0 0.018949670896039255 0.00056217376026324929 0.015442971926091479 -0.0039439182279742647 0.00035936246724540047 0.0023414478940849992 7.2345024258294239e-05 -0.0042979614485436322 0.0012868432053975321 -0.011803617770126534 0.0022002813982544469 -0.00084367032086765453 0.017111743526553036
leaf_weight=559 33595 2084 18541 420 7556 42765 3652 1271 1442 1388 764 123 108 62849 10862 661 254 135 518 920 2579 84921 7256 4059 4431 369 469 1540 495 480
leaf_count=559 33595 2084 18541 420 7556 42765 3652 1271 1442 1388 764 123 108 62849 10862 661 254 135 518 920 2579 84921 7256 4059 4431 369 469 1540 495 480
internal_value=4.59633e-05 -5.20772e-05 -0.000222929 -0.00062768 -0.00080119 -0.00158473 -0.00105732 -0.00431552 0.00268613 0.00214058 0.000800309 -0.000266932 -0.0140963 -0.000220543 0.00144837 0.000347486 0.00403807 0.000227622 0.00882313 0.0121464 0.000427221 0.000228226 0.00273561 0.00203487 -0.00262604 -0.00121064 -0.00579416 0.00533282 0.00627373 0.00825106
internal_weight=297066 286339 252744 148147 136865 55244 46417 8827 10727 10168 7751 81621 231 81390 11282 104597 3191 101406 1692 1174 94891 87500 7391 6363 6515 1499 838 2304 2417 1922
internal_count=297066 286339 252744 148147 136865 55244 46417 8827 10727 10168 7751 81621 231 81390 11282 104597 3191 101406 1692 1174 94891 87500 7391 6363 6515 1499 838 2304 2417 1922
is_linear=0
shrinkage=0.03


Tree=15
num_leaves=31
num_cat=0
split_feature=26 16 29 37 18 14 61 23 106 26 38 26 85 62 35 27 10 141 32 38 24 14 27 80 37 29 123 77 33 44
split_gain=71.7058 120.217 136.307 85.4703 95.7642 73.3257 65.0193 61.3506 59.4982 52.397 74.1302 83.4854 56.2051 61.5137 69.8098 52.7292 50.3426 61.2996 46.421 74.3519 45.6277 45.2351 44.4027 55.7842 52.8085 40.1757 39.0988 37.1832 37.106 36.79
threshold=0.10642701387405397 0.74334150552749645 0.011650528293102981 0.62745341658592235 0.95539629459381115 0.89634749293327343 0.78207102417945873 0.022778617218136791 0.60357144474983226 0.019957090727984909 -0.0016643496928736565 0.066537719219923033 0.32500000298023229 0.96401467919349682 0.18737950176000598 0.066345755010843291 1.0156872272491457 2.1253379583358769 0.003035729750990868 -0.015372914262115954 0.01994049642235041 0.86288151144981395 0.073966544121503844 0.12500000372529033 0.50590342283248912 0.0020827704574912791 0.19999913126230243 0.69166666269302379 0.87321457266807567 1.0681203007698061
decision_type=10 8 10 10 10 10 10 10 2 10 10 10 2 10 10 10 10 10 10 10 10 10 10 2 10 10 8 2 10 10
left_child=1 2 7 4 21 -5 -7 -1 -8 26 11 18 13 14 -12 -13 17 29 -11 -20 -17 -2 23 -14 -24 -19 -3 -15 -4 -6
right_child=3 9 28 5 16 6 8 -9 -10 10 12 15 22 27 -16 20 -18 25 19 -21 -22 -23 24 -25 -26 -27 -28 -29 -30 -31
leaf_value=-0.006011428140843547 -0.025819151631751729 0.00014964170697976092 -0.017383488675849167 -0.0075518685069024382 0.0076394055898387986 0.023729965711400122 0.00048038488789461557 0.0075171911836620512 0.01883617582473044 -0.00013688008277473415 -0.0006295835208125196 -0.0016338692815787011 -0.0015188210936251006 -0.00093523471583246834 -0.0042498789302656634 -0.0001095785025318945 0.0059572231370454403 0 -0.0043858879080979326 0.0030555944529885638 0.0057422660135215591 -0.0024853345409116541 0.0068804725860088086 0.00080527491191232281 0.00084526884537292177 -0.019471808803052854 0.0015822065297996304 0.001686583702904709 -0.0050127488697420588 -0.0035092701986076907
leaf_weight=582 135 46404 819 147 538 356 505 577 240 72455 8933 1490 17763 55089 10925 1422 1946 155 1353 8787 5257 219 1677 19307 6404 214 27689 5248 431 452
leaf_count=582 135 46404 819 147 538 356 505 577 240 72455 8933 1490 17763 55089 10925 1422 1946 155 1353 8787 5257 219 1677 19307 6404 214 27689 5248 431 452
internal_value=4.78032e-06 -5.46389e-05 -0.00670095 0.00359477 0.00116893 0.0103398 0.0130884 0.000482513 0.00712367 0 -0.000235047 0.000415769 -0.000708693 -0.00118564 -0.00263868 0.00330648 0.00285608 -0.001389 0.000125503 0.00202646 0.00445498 -0.0130908 0.000131955 -0.000300503 0.00214864 -0.0116243 0.00068933 -0.00070174 -0.0135004 0.00228358
internal_weight=297519 292612 2409 4907 3659 1248 1101 1159 745 290203 216110 90764 125346 80195 19858 8169 3305 1359 82595 10140 6679 354 45151 37070 8081 369 74093 60337 1250 990
internal_count=297519 292612 2409 4907 3659 1248 1101 1159 745 290203 216110 90764 125346 80195 19858 8169 3305 1359 82595 10140 6679 354 45151 37070 8081 369 74093 60337 1250 990
is_linear=0
shrinkage=0.03


Tree=16
num_leaves=31
num_cat=0
split_feature=56 30 86 1 127 33 33 125 49 127 12 126 24 61 38 26 38 67 114 51 33 10 75 12 26 113 41 38 1 33
split_gain=58.8183 62.3218 62.2322 63.6841 63.5839 58.7311 62.1313 56.5601 71.3195 112.752 72.1541 69.7577 65.9745 71.2138 56.641 47.0496 68.1825 46.094 45.7183 44.7402 44.2308 43.0269 53.21 41.7389 46.6229 41.6763 37.6509 35.3587 34.5172 46.0085
threshold=1.1519214510917666 -0.0054358241613954297 -0.81666666269302357 0.017895959317684177 -0.30487529933452601 0.97710019350051891 0.64869186282157909 0.47609719634056097 0.83663558959960949 0.18193560093641284 0.99192506074905407 0.395061805844307 0.051721753552556045 0.78207102417945873 0.016639019362628463 0.019957090727984909 -0.0016643496928736565 0.11684397235512735 0.36480699479579931 0.85645934939384472 0.93357262015342724 1.021988093852997 0.075000001117587103 0.98625290393829357 0.066537719219923033 0.59999957680702221 0.029598467983305458 -0.015372914262115954 0.05621656775474549 0.89744052290916454
decision_type=10 10 2 10 10 10 10 10 8 10 10 10 10 10 10 10 10 10 10 10 10 10 2 10 8 10 10 10 10 10
left_child=2 5 3 -1 -5 6 21 8 9 14 -11 15 13 -13 20 25 -17 -6 -3 -19 -4 -2 26 24 -9 -10 -23 -12 29 -8
right_child=1 18 7 4 17 -7 28 23 11 10 27 12 -14 -15 -16 16 -18 19 -20 -21 -22 22 -24 -25 -26 -27 -28 -29 -30 -31
leaf_value=0.00021601826419598118 0.0032150713438550312 -0.0077115325832648705 0.01397578587588034 0.0033873003597363733 -0.0044457819307203369 -0.0094732300223650048 0.0071777946576613207 -0.0024348600545661104 0.00015734279113678186 -0.014020576085158897 -0.0026598122952758664 0.013797820013610958 -0.01585233827358952 0.0026510195206635571 -0.0019593290275392622 0.0004856854466500516 -0.00072882067924416138 -0.014256048762814744 0.0034835094320328046 9.508939990115147e-05 -0.00072837811959114787 -0.013483505240666892 0.0018277385000594125 -0.0010296679598500269 -0.012500750278011443 0.0017134315543532611 0.0039556657696967245 0.010790663731234489 0.0118246884131013 -0.00019773251202368213
leaf_weight=11647 2764 865 1270 1338 9766 282 2196 1496 43134 327 378 574 133 5500 266 72521 97061 184 464 3872 168 485 720 12268 626 24595 102 269 885 1040
leaf_count=11647 2764 865 1270 1338 9766 282 2196 1496 43134 327 378 574 133 5500 266 72521 97061 184 464 3872 168 485 720 12268 626 24595 102 269 885 1040
internal_value=2.49149e-05 0.00230834 -5.20844e-05 -0.00142857 -0.00271045 0.00327449 0.00377185 8.84654e-05 0.000196469 0.00505049 -0.00282218 0.000141447 0.00327672 0.00379546 0.00970502 5.79088e-05 -0.000207678 -0.00332644 -0.00358687 -0.000549104 0.0120657 0.00104539 -0.0032962 -0.00173625 -0.0056334 0.000727185 -0.00992847 0.00263853 0.00637473 0.00472862
internal_weight=297196 9803 287393 26807 15160 8474 8192 260586 246196 2678 974 243518 6207 6074 1704 237311 169582 13822 1329 4056 1438 4071 1307 14390 2122 67729 587 647 4121 3236
internal_count=297196 9803 287393 26807 15160 8474 8192 260586 246196 2678 974 243518 6207 6074 1704 237311 169582 13822 1329 4056 1438 4071 1307 14390 2122 67729 587 647 4121 3236
is_linear=0
shrinkage=0.03


Tree=17
num_leaves=31
num_cat=0
split_feature=32 86 33 33 44 84 62 39 3 36 33 76 32 25 55 77 46 53 125 25 115 48 53 69 43 37 3 34 37 155
split_gain=62.2901 55.2768 63.597 50.8236 60.7994 53.0179 85.4925 51.7362 64.4735 71.8945 66.6569 51.1605 53.9398 47.5636 51.1124 47.7946 47.3403 77.683 64.5164 46.9262 53.135 46.258 43.9915 82.764 60.1154 41.3797 41.248 39.6572 39.6005 43.1885
threshold=-0.0048122901935130349 -0.58333334326744068 0.93357262015342724 0.38593605160713201 1.0405765175819399 -0.65000000596046437 0.87107169628143322 -0.039857899770140641 0.013100426178425552 0.37136702239513403 0.89744052290916454 0.94999998807907116 0.0066755642183125028 0.093976024538278594 0.97266724705696117 0.091666668653488173 1.0700650215148928 0.99388629198074352 0.47609719634056097 0.035735484212636955 0.635789453983307 0.98880001902580272 1.0492730140686037 0.31395344436168676 1.0282903313636782 0.73059070110321056 0.0080339564010500925 0.83798396587371837 0.33704210817813879 0.11903582885861398
decision_type=10 2 10 10 10 2 10 8 10 10 10 2 10 8 10 2 8 10 8 10 10 10 10 10 10 10 10 10 10 10
left_child=1 2 22 4 21 6 -6 8 28 -10 -11 12 -7 15 -15 26 18 -18 -17 -13 -21 25 23 -1 -25 27 -9 -2 -5 -30
right_child=3 -3 -4 7 5 11 -8 13 9 10 -12 19 -14 14 -16 16 17 -19 -20 20 -22 -23 -24 24 -26 -27 -28 -29 29 -31
leaf_value=-0.0038312606103583953 -0.0011063312369242494 0.00030246074376093489 -0.0051913289704750617 -0.0027056291240334851 0.0072884843870100035 -0.0024089183623111224 -0.00084119255535824045 -0.0002143808748001496 -0.0042085228451312733 0.020266012041143734 -0.0022957966764977967 -0.004365621116446952 -0.0099851099826436859 -0.01442652510016959 -0.0016442601961527956 0.0012715172375588333 -0.0039873857184035705 0.0001373354666115535 -0.0014808526168656484 0.015934174805073999 0.00055216920189391948 0.001273214483929671 0.012696369318340497 0.0033894987419157085 0.013386263866092898 0.001074311144114645 -0.002633489662519771 0.0041878953287640156 0.0078566712490968412 -0.0053085166727594862
leaf_weight=799 42346 6098 476 1082 1287 22599 10607 31285 175 530 116 430 892 376 1252 67788 4426 53191 8528 355 536 16914 741 1735 873 11436 8054 1272 999 244
leaf_count=799 42346 6098 476 1082 1287 22599 10607 31285 175 530 116 430 892 376 1252 67788 4426 53191 8528 355 536 16914 741 1735 873 11436 8054 1272 999 244
internal_value=-7.33114e-06 0.00223443 0.00470537 -9.23587e-05 -0.000604278 -0.00159803 2.40638e-05 0.00021845 0.00402284 0.0111931 0.0158169 -0.00238708 -0.00271761 0.000147851 -0.00491772 0.000197739 0.000469124 -0.000175584 0.000959714 0.00321983 0.00722538 -9.2962e-05 0.00593249 0.00430835 0.00692637 -0.000518444 -0.000718361 -0.000943216 0.00128908 0.00499169
internal_weight=297442 10722 4624 286720 108674 36706 11894 178046 3146 821 646 24812 23491 174900 1628 173272 133933 57617 76316 1321 891 71968 4148 3407 2608 55054 39339 43618 2325 1243
internal_count=297442 10722 4624 286720 108674 36706 11894 178046 3146 821 646 24812 23491 174900 1628 173272 133933 57617 76316 1321 891 71968 4148 3407 2608 55054 39339 43618 2325 1243
is_linear=0
shrinkage=0.03


Tree=18
num_leaves=31
num_cat=0
split_feature=32 86 138 1 86 35 54 1 115 46 13 61 8 53 52 10 84 58 34 71 86 84 29 81 80 7 53 10 41 122
split_gain=61.9087 59.6905 57.6052 64.212 53.131 75.4655 50.9865 58.0779 50.7696 59.759 49.9082 87.1459 93.2513 46.1838 61.9592 45.0818 43.9689 44.4991 45.1122 39.8363 61.8278 37.8856 36.4447 62.6664 51.7273 36.3868 47.6882 36.3392 35.6027 34.5292
threshold=-0.0048122901935130349 -0.58333334326744068 0.77028158307075512 0.069322951138019576 -0.81666666269302357 0.6701561212539674 1.0150060653686526 0.01868327055126429 0.73809498548507702 1.010714650154114 0.98087087273597728 0.78207102417945873 -0.39130721986293787 0.97381171584129345 0.64670878648757946 1.0049087405204775 -0.55000001192092884 1.0195500254631045 0.63646715879440319 0.46153785288333898 -0.71666666865348805 0.75000000000000011 0.0063836025074124345 0.28333334624767309 0.32500000298023229 0.018779385834932331 0.9975058138370515 1.0171172022819521 -0.0020260070450603958 0.62837836146354686
decision_type=8 2 10 10 2 10 10 10 10 10 10 10 10 10 10 10 2 10 10 10 2 2 10 2 2 10 10 10 10 10
left_child=1 2 3 15 5 6 -2 -8 9 22 19 12 -12 14 -10 -1 17 -7 -19 20 -11 -15 -6 -24 -25 26 -3 -21 -13 -9
right_child=4 25 -4 -5 8 16 7 29 13 10 11 28 -14 21 -16 -17 -18 18 -20 27 -22 -23 23 24 -26 -27 -28 -29 -30 -31
leaf_value=0.0071490013422837477 0.00023741437433742315 -0.010749496552004892 0.0075440095629725756 0.014116676887055436 0.0022572810722402744 -0.00098785343362003388 -0.0013487029316348942 -0.0068363282871731828 -0.018955112100655182 0.0015636049086303083 0.017651665715930197 -0.00018156670582043522 0.00094955273527301976 -0.0024622949464558172 -0.0033550271145480885 -0.004353330159052181 0.004044740518671242 -0.0041831246398897765 0.01227464665762364 -0.00087732430554218678 -0.0036045940686493081 0.00079896089781342596 0.0030463700156015323 -0.0091027218506077433 -0.00030535913250487513 0.0051368764963267881 -3.0507896036392381e-06 0.0014093318114794563 0.00070667767903380494 -0.00099073099104236124
leaf_weight=371 3619 399 2741 254 17239 10257 5244 5044 285 2607 511 108015 796 7502 1314 1266 2310 176 443 29393 8975 5390 2168 1000 1654 1013 3800 7853 64764 1270
leaf_count=371 3619 399 2741 254 17239 10257 5244 5044 285 2607 511 108015 796 7502 1314 1266 2310 176 443 29393 8975 5390 2168 1000 1654 1013 3800 7853 64764 1270
internal_value=-3.57819e-05 0.00229973 0.00477082 0.000557219 -0.000116855 -0.00134931 -0.00279218 -0.00376548 1.6806e-05 0.000120071 -2.60664e-05 0.000210296 0.0078733 -0.00170601 -0.00652064 -0.00151064 0.000290424 -0.000485398 0.00714127 -0.000874648 -0.00241473 -0.00107644 0.00160898 -0.000646528 -0.0037756 3.64488e-05 -0.00114143 -0.000386655 0.000149687 -0.00571475
internal_weight=297673 9844 4632 1891 287829 28363 15177 11558 259466 244975 222914 174086 1307 14491 1599 1637 13186 10876 619 48828 11582 12892 22061 4822 2654 5212 4199 37246 172779 6314
internal_count=297673 9844 4632 1891 287829 28363 15177 11558 259466 244975 222914 174086 1307 14491 1599 1637 13186 10876 619 48828 11582 12892 22061 4822 2654 5212 4199 37246 172779 6314
is_linear=0
shrinkage=0.03


Tree=19
num_leaves=31
num_cat=0
split_feature=16 34 29 58 42 6 139 29 3 40 22 42 79 1 78 60 125 126 24 16 16 25 79 53 36 37 68 10 105 29
split_gain=66.7345 54.5141 48.4148 69.8902 67.8408 76.86 75.5797 67.8043 63.8214 81.0031 69.854 59.0912 68.6806 57.4781 68.6479 50.7242 50.337 64.6275 65.3933 55.9327 49.5901 41.481 40.7381 62.688 48.6126 42.1319 41.2611 37.7588 37.5918 37.3234
threshold=1.2134523987770083 0.88187819719314586 -0.0014534671790897844 0.9277976155281068 -0.088266666978597627 0.091634362936019911 0.71489831805229198 -0.014042143709957598 0.019498589448630813 -0.036712499335408204 1.0969684123992922 0.063162054866552367 0.84999999403953563 0.01868327055126429 0.5000000149011613 0.94839861989021312 0.47609719634056097 0.395061805844307 0.051721753552556045 0.74334150552749645 0.93686094880104076 0.049950143322348602 0.65000000596046459 0.98750004172325145 0.29290463030338293 0.73059070110321056 0.71428701281547557 1.0171172022819521 0.34166666865348821 -0.00020898586080875245
decision_type=10 10 8 10 10 10 10 10 10 8 10 10 2 10 10 10 10 10 10 8 8 10 2 10 10 10 10 10 2 10
left_child=2 -2 3 15 5 -5 7 -7 10 28 16 13 -13 20 -15 -1 17 -4 -19 -18 -6 29 23 24 -11 -24 -25 -21 -10 -12
right_child=1 -3 8 4 11 6 -8 -9 9 22 21 12 -14 14 -16 -17 19 18 -20 27 -22 -23 25 26 -26 -27 -28 -29 -30 -31
leaf_value=-0.017603930353371405 0.0022060601782867163 0.011953642134091254 0.0001215957379923221 -0.0020646747968652451 -0.0037990475017812496 -0.002314574572358381 0.0024682602202567307 0.015695120811841601 0 0.0033285365006304347 0 0.00086313018965831188 0.019098163388152897 -0.0037717771156082578 -0.00090725098959206093 0 -0.007844205984078631 0.0040677882222045656 -0.011777273163175847 -0.0016128875371219219 0.00020608972578010722 -0.00051098165338498271 0.016118946959162588 0.00067975440412492978 -0.013526955179306547 -0.00033285772189146326 0.0088424675092531446 0.0038242556255867789 0.017244769912477052 0.0084866696212695051
leaf_weight=351 3993 606 149322 2315 2924 202 3923 804 122 192 642 640 268 9195 44567 240 1197 5488 217 10927 50489 1018 327 2564 408 176 732 1239 496 1892
leaf_count=351 3993 606 149322 2315 2924 202 3923 804 122 192 642 640 268 9195 44567 240 1197 5488 217 10927 50489 1018 327 2564 408 176 732 1239 496 1892
internal_value=2.31691e-05 0.00360162 -3.22407e-05 -0.000509681 -0.00045327 0.00234448 0.00447591 0.0118118 0.000278836 0.00361049 0.000179471 -0.000643956 0.00686416 -0.000711633 -0.00140397 -0.0106515 8.95765e-05 0.000243626 0.00337365 -0.00167286 -8.88982e-06 0.00433275 0.00207064 0.000924958 -0.00771595 0.00999624 0.00262546 -0.00102918 0.0136926 0.00638488
internal_weight=297476 4599 292877 115918 115327 7244 4929 1006 176959 5017 171942 108083 908 107175 53762 591 168390 155027 5705 13363 53413 3552 4399 3896 600 503 3296 12166 618 2534
internal_count=297476 4599 292877 115918 115327 7244 4929 1006 176959 5017 171942 108083 908 107175 53762 591 168390 155027 5705 13363 53413 3552 4399 3896 600 503 3296 12166 618 2534
is_linear=0
shrinkage=0.03


Tree=20
num_leaves=31
num_cat=0
split_feature=32 86 138 1 25 38 46 13 38 111 60 35 25 42 110 77 59 46 86 83 40 1 11 22 84 37 1 60 43 53
split_gain=53.5063 49.9997 60.6167 51.5345 49.9366 49.9683 45.8831 108.608 65.7734 61.5229 61.3948 60.1281 51.7986 45.0501 41.8786 41.4883 43.5488 40.1566 51.2436 49.4724 80.1633 50.2494 46.3565 54.1778 46.2275 39.1129 37.9617 43.473 37.0992 36.9798
threshold=-0.0048122901935130349 -0.58333334326744068 0.71024093031883251 0.069322951138019576 0.012348900549113752 -0.0011326826643198726 1.0750312209129336 0.98257175087928783 0.016639019362628463 -0.18019481003284452 0.99686887860298168 0.42657248675823217 0.093976024538278594 -0.069219443947076784 -0.35147058963775629 0.091666668653488173 0.92699387669563305 1.2209916710853579 -0.84999999403953541 -0.50000001490116108 0.0032477750210091476 0.037181938067078597 0.98283264040946972 0.80479401350021373 0.55000001192092907 0.31804084777832037 0.017895959317684177 1.0301659107208254 1.0571835041046145 0.98109599947929393
decision_type=10 2 10 10 8 10 8 8 10 2 10 10 8 10 2 2 10 10 2 10 10 10 10 10 2 10 10 10 10 10
left_child=1 2 3 14 -2 17 12 9 11 -8 -10 -9 15 -11 -1 16 -7 18 26 28 21 -21 24 -24 -20 -14 -6 -28 -19 -4
right_child=4 -3 29 -5 5 6 7 8 10 13 -12 -13 25 -15 -16 -17 -18 19 22 20 -22 -23 23 -25 -26 -27 27 -29 -30 -31
leaf_value=-0.01141961094718388 0.0010001342926615011 0.00023855749094240186 -0.0035330461465806779 0.012874814348823919 0.00063613554027024154 -0.0085873062831875145 0.00028682012876652204 -0.0024046780008527818 0.0071882099536480946 -0.014300199662512298 -0.00033989364465350849 -0.00019915850182914506 -0.023713521044059865 -0.0049900513327761492 0.00024879045644681056 0.00027649218446508945 -0.0010292608605034425 -0.0023702451826389742 0.0046441247419532353 6.6183598154748321e-05 0.0060396003416735662 -0.014209504986274109 -0.0063294559968770968 0.00021369915474934897 -8.2763620151515596e-05 0 -0.0065582697750505752 -0.00060024700667892015 0.0089385926826312419 0.0078258149289963733
leaf_weight=343 33714 6081 234 202 2408 710 1761 17976 1731 548 2036 30035 127 5658 971 62179 17516 261 4229 380 851 404 1131 93835 3096 108 2532 2160 1443 2844
leaf_count=343 33714 6081 234 202 2408 710 1761 17976 1731 548 2036 30035 127 5658 971 62179 17516 261 4229 380 851 404 1131 93835 3096 108 2532 2160 1443 2844
internal_value=-3.79371e-06 0.0020786 0.00443762 -0.000286822 -8.24801e-05 -0.000227933 -0.000606224 -0.00123681 -0.000727298 -0.00450046 0.00305987 -0.00103184 -0.000135125 -0.00590363 -0.00269773 -8.85336e-05 -0.00134922 0.000240524 0.00013843 0.00347522 -8.3302e-05 -0.00708751 0.000312249 0.000131299 0.00261062 -0.0136426 -0.00231751 -0.0038933 0.00702501 0.00684821
internal_weight=297504 10675 4594 1516 286829 253115 140385 59745 51778 7967 3767 48011 80640 6206 1314 80405 18226 112730 109391 3339 1635 784 102291 94966 7325 235 7100 4692 1704 3078
internal_count=297504 10675 4594 1516 286829 253115 140385 59745 51778 7967 3767 48011 80640 6206 1314 80405 18226 112730 109391 3339 1635 784 102291 94966 7325 235 7100 4692 1704 3078
is_linear=0
shrinkage=0.03


Tree=21
num_leaves=31
num_cat=0
split_feature=26 16 15 101 147 18 45 39 24 12 115 74 48 10 69 138 46 82 83 101 87 46 66 41 38 42 32 0 97 15
split_gain=68.9649 96.6186 83.5734 73.2751 74.7287 74.0085 51.3164 49.8391 73.0671 70.4259 51.9084 48.9506 59.6188 55.3941 57.0468 49.4624 48.7216 49.3247 43.4508 45.7745 43.4479 42.6864 44.8744 43.9917 42.6282 53.8474 54.4691 48.8788 47.9805 46.4764
threshold=0.10642701387405397 0.74334150552749645 0.85969001054763805 0.36515152454376226 0.54497343301773082 0.95539629459381115 1.0264211893081667 -0.039857899770140641 0.022084903903305534 0.99260404706001293 0.54732826352119457 0.55000001192092907 0.98130843043327343 1.0187746882438662 0.63414677977561962 0.63293385505676281 1.0049813389778139 0.87500000000000011 0.70000001788139354 0.67333334684371959 0.4083333313465119 1.1819780468940737 0.19337607175111773 -0.021662154234945771 0.016639019362628463 0.063162054866552367 0.0066755642183125028 0.015564263798296453 0.14904516190290454 0.87882170081138622
decision_type=10 8 10 2 10 10 10 10 10 10 10 2 10 10 10 10 8 2 10 2 2 10 10 10 8 10 10 8 10 8
left_child=1 2 18 -2 6 -6 -5 9 10 -8 -9 24 13 16 -15 -16 -13 -18 19 -1 -11 22 -14 -23 27 26 -26 -3 29 -29
right_child=3 11 -4 4 5 -7 7 8 -10 20 -12 12 21 14 15 -17 17 -19 -20 -21 -22 23 -24 -25 25 -27 -28 28 -30 -31
leaf_value=-0.017481941946112477 0.017599172144194732 -0.00029492673234008434 0.001443795482549785 0.020134931671559157 -0.023291175431356979 0 -0.008845176740562179 0 -0.00061114058614883924 0.020214045619606481 0.017206497385585797 0.0013435156754708784 -0.00079655875016081557 -0.00089719771873741005 -0.0016269547006910199 0.0048477708285474376 -0.0010511281095043608 0.0015376817133789097 -0.0033304513517952625 0 0 -0.00031524446674156934 0.0016195872564715209 0.011558896293621794 0.00055880590464909359 0.014403427190879739 0.012665111296560059 0.013369134199015925 -0.0040486814048331125 -0.00092040189263839544
leaf_weight=748 298 143055 813 156 162 405 104 243 2646 392 381 12371 8421 3828 1224 5525 51932 7489 653 186 136 380 35084 702 5406 289 343 189 6489 7517
leaf_count=748 298 143055 813 156 162 405 104 243 2646 392 381 12371 8421 3828 1224 5525 51932 7489 653 186 136 380 35084 702 5406 289 343 189 6489 7517
internal_value=-1.34455e-05 -7.37992e-05 -0.00604383 0.00349932 0.00245438 -0.00739762 0.00393404 0.00311047 0.00148337 0.0107653 0.0105739 -2.2987e-05 0.000417716 -5.71643e-05 0.00196325 0.00362786 -0.00035947 -0.000719398 -0.0100366 -0.0142425 0.0153573 0.00130136 0.00114486 0.00718641 -0.000367479 0.00209313 0.0013745 -0.000464122 -0.00214532 -0.000497401
internal_weight=297567 292644 2400 4923 4625 567 4058 3902 3270 632 624 290244 126956 82369 10577 6749 71792 59421 1587 934 528 44587 43505 1082 163288 6038 5749 157250 14195 7706
internal_count=297567 292644 2400 4923 4625 567 4058 3902 3270 632 624 290244 126956 82369 10577 6749 71792 59421 1587 934 528 44587 43505 1082 163288 6038 5749 157250 14195 7706
is_linear=0
shrinkage=0.03


Tree=22
num_leaves=31
num_cat=0
split_feature=40 36 31 70 29 22 137 54 54 140 25 12 31 78 1 12 29 47 126 78 51 9 124 83 122 15 12 29 29 45
split_gain=56.7032 111.161 62.9037 87.7591 57.7872 102.356 71.1336 64.4428 60.8278 51.442 50.4207 106.334 67.6719 61.4131 49.8716 46.9372 124.263 45.5403 45.0324 37.6707 70.4084 52.4058 53.0629 49.6322 56.5206 37.6231 37.2315 77.4063 63.981 71.5655
threshold=-0.03028710093349218 0.82231479883193981 0.0034210735466331248 0.2600004523992539 -0.00020898586080875245 1.0969684123992922 0.58151298761367809 1.0853086709976199 1.0397419333457949 0.92161136865615856 0.093976024538278594 0.98791822791099559 0.0094258100725710409 0.30000000447034841 0.022352968342602256 1.0029978752136233 0.011650528293102981 1.1547844409942629 -0.16186746954917905 0.70000001788139354 0.90181002020835888 1.0204180479049685 0.33884342014789587 0.30000000447034841 0.4156163781881333 0.93494200706481945 1.0130372047424319 -0.0047935943584889165 -0.0085538453422486765 1.1159824132919314
decision_type=10 10 8 10 10 10 10 8 10 10 10 10 10 10 10 10 10 10 10 10 8 10 10 10 8 8 10 10 10 10
left_child=1 19 4 -4 6 8 7 14 15 -9 12 -12 -5 -14 -2 17 -17 -6 -7 21 26 22 23 24 -1 -16 28 -28 -21 -30
right_child=2 -3 3 10 5 18 -8 9 -10 -11 11 -13 13 -15 25 16 -18 -19 -20 20 -22 -23 -24 -25 -26 -27 27 -29 29 -31
leaf_value=-0.010215991925865833 -0.00049869899182841649 0.007030171040528551 -0.012153272622112394 -0.0012481048512634897 0.00036581636479230122 0.0071194873479246924 0.00064869730731299965 -0.00072574208515849596 -0.0097115705970428744 0.008335657324852204 -0.021983096211562431 -0.0014111629372861568 -0.0003335854627176002 0.009505177717602115 0.0056956480379597779 0.0011663157576276896 0.01347028398773403 -0.0017301920353157013 -0.0025635767417907019 0.010114743982023876 0.00014111034113586417 -0.0069224852443331699 0.012372826279202781 0.004949974579633247 -0.00024677094227915645 -0.0022823609862312982 -0.0038984937056196489 0.01194665084342914 0.0036405663060103872 -0.0048607473406827081
leaf_weight=699 53439 2738 647 28274 70501 2894 40299 948 510 1187 302 896 1141 1019 504 27190 746 10716 447 820 15839 1239 274 924 2013 25480 322 1122 2786 1270
leaf_count=699 53439 2738 647 28274 70501 2894 40299 948 510 1187 302 896 1141 1019 504 27190 746 10716 447 820 15839 1239 274 924 2013 25480 322 1122 2786 1270
internal_value=4.21908e-05 0.00127807 -9.57739e-05 -0.00133759 7.37214e-05 0.000563402 -0.00037794 -0.000888929 0.000402332 0.00420354 -0.00109935 -0.0071192 -0.00084801 0.00421495 -0.00103062 0.000454106 0.00151501 8.52123e-05 0.00572716 0.000685638 0.0012304 -0.00159644 4.15785e-05 -0.000868219 -0.00298206 -0.00211182 0.00390398 0.00820341 0.00254115 0.000894275
internal_weight=297186 30046 267140 32279 234861 113004 121857 81558 109663 2135 31632 1198 30434 2160 79423 109153 27936 81217 3341 27308 22159 5149 3910 3636 2712 25984 6320 1444 4876 4056
internal_count=297186 30046 267140 32279 234861 113004 121857 81558 109663 2135 31632 1198 30434 2160 79423 109153 27936 81217 3341 27308 22159 5149 3910 3636 2712 25984 6320 1444 4876 4056
is_linear=0
shrinkage=0.03


Tree=23
num_leaves=31
num_cat=0
split_feature=26 16 24 101 25 18 3 23 79 1 38 26 38 26 32 86 26 10 24 141 151 25 40 23 127 2 43 121 133 52
split_gain=70.5224 90.2729 77.4474 71.8814 76.1166 72.2543 74.7578 62.9743 65.2471 53.662 67.4429 65.6039 56.7951 72.9102 66.2271 63.7893 61.6149 55.0228 53.2693 53.1225 50.8056 45.5798 53.8304 44.2623 41.5632 44.2778 58.2585 40.6691 40.5969 38.739
threshold=0.10642701387405397 0.74334150552749645 0.033970484510064132 0.36515152454376226 0.049950143322348602 0.95539629459381115 0.0063693977426737556 0.028495948761701587 0.15000000223517421 0.05621656775474549 -0.015372914262115954 0.038830602541565902 -0.0016643496928736565 0.022564915940165523 0.003035729750990868 0.81666666269302379 0.066537719219923033 1.0233861207962038 0.045741876587271697 1.0673191547393801 0.46127995848655706 0.029973265714943412 -0.060680765658617013 0.030920756049454216 0.19339463114738467 0.7647063434123994 1.0927282571792605 0.47963097691535955 0.30717013776302343 0.73591354489326488
decision_type=10 8 10 2 10 10 10 10 2 10 8 8 10 8 10 2 10 10 10 10 10 8 8 10 10 10 10 10 8 10
left_child=1 2 -1 -2 -5 20 -7 8 -8 10 19 23 14 -14 16 -15 -12 28 -16 29 -6 -19 -23 -11 -4 26 -26 -9 -13 -3
right_child=3 9 24 4 5 6 7 27 -10 11 12 17 13 15 18 -17 -18 21 -20 -21 -22 22 -24 -25 25 -27 -28 -29 -30 -31
leaf_value=0.001638752637745596 0.01796245149374736 -0.014408092627480872 0.0034845330888671534 0.012502433281277406 -0.019209677845302562 -0.0033746537156868726 0.0080818852231075034 0.014104741420453945 -0.0058757953664477815 -0.0060833400649248949 0.00012670886695665589 0.0031639073952893131 0.00048091352547997265 -0.0010181320416663944 0.0022625623101857313 0.001910116491685228 0.003902491858889314 -0.010194298973514289 0.012620230297865249 -0.00040368501431379357 0.00019963164956365921 0.00066122698031434012 0.010250404475047587 0.0033813570878004811 -0.015891956384293734 0 0.0032375333940800931 0.002121442950658432 -0.0051448215555598698 -0.0043256582336278831
leaf_weight=774 280 426 155 588 233 1255 527 811 647 1114 93857 1913 60942 98948 10478 7097 4051 103 465 3506 176 800 2075 672 1071 269 129 473 695 2732
leaf_count=774 280 426 155 588 233 1255 527 811 647 1114 93857 1913 60942 98948 10478 7097 4051 103 465 3506 176 800 2075 672 1071 269 129 473 695 2732
internal_value=9.92242e-06 -4.9558e-05 -0.00582213 0.00353995 0.00254681 0.00100071 0.00240179 0.0054756 0.000168874 -3.70795e-07 -6.74251e-05 0.00252186 3.64151e-06 -0.000342804 0.000537841 -0.000819009 0.000286763 0.00413846 0.00275228 -0.00304512 -0.0105383 0.00692559 0.00770874 -0.00235803 -0.00953715 -0.0111409 -0.0135703 0.0100206 0.000813275 -0.00586225
internal_weight=297262 292272 2398 4990 4710 4122 3713 2458 1174 289874 282502 7372 275838 166987 108851 106045 97908 5586 10943 6664 409 2978 2875 1786 1624 1469 1200 1284 2608 3158
internal_count=297262 292272 2398 4990 4710 4122 3713 2458 1174 289874 282502 7372 275838 166987 108851 106045 97908 5586 10943 6664 409 2978 2875 1786 1624 1469 1200 1284 2608 3158
is_linear=0
shrinkage=0.03


Tree=24
num_leaves=31
num_cat=0
split_feature=33 44 56 33 50 36 32 13 72 18 30 26 139 99 124 50 29 10 117 9 26 52 33 84 22 74 98 3 0 32
split_gain=54.1783 73.2423 61.9632 67.0651 65.9617 57.9429 56.9845 54.4157 66.8078 113.018 64.9076 59.2481 53.1825 47.8824 62.0579 74.3868 45.919 50.4919 83.8391 45.116 44.9323 44.0245 44.0137 43.9398 43.4838 42.8276 41.5538 55.9651 52.3045 52.9015
threshold=0.47571657598018652 1.0361486077308657 1.1519214510917666 0.90909102559089672 0.97719132900238048 0.63809368014335643 -0.0034530671546235676 0.96626576781272899 0.66831079125404369 1.020366430282593 -0.001710689452011138 0.022564915940165523 0.8664691448211671 0.76388889551162731 0.16981177031993869 0.89910218119621288 -0.0018778005032800136 1.0187746882438662 0.61670035123825084 0.98750004172325145 0.027537426911294464 0.73591354489326488 0.69754725694656383 0.45000000298023229 1.0285017490386965 0.84999999403953563 0.55000001192092907 0.01408449560403824 -0.010389658622443674 0.0022755614481866364
decision_type=8 10 10 10 10 10 10 8 10 10 8 10 10 2 10 10 10 10 10 10 8 10 8 2 10 2 2 10 10 10
left_child=1 6 7 5 -5 -4 -1 11 -9 10 -10 -2 21 14 15 19 -13 23 -19 24 -8 -11 -7 -18 -3 -21 27 -16 29 -28
right_child=2 13 3 4 -6 22 20 8 9 12 -12 16 -14 -15 26 -17 17 18 -20 25 -22 -23 -24 -25 -26 -27 28 -29 -30 -31
leaf_value=0.0035856203837949384 0.0018353467578321391 0.011718886911194271 0 0.0093212212234318834 -0.0049952502347632034 0.0020778360447939403 0.00046710143268355721 9.3412078071020398e-05 -0.0052990317307053791 0.018625424192738434 0.0014821638518399338 -0.0070752102910615197 0.0032401240358070635 0.0057355646536334584 -0.0037818656652364234 -0.0014404868928288223 0.00019303591642000052 0.0054598339542480485 -0.0032363936142255131 -0.00098399094436899741 -0.0010569269842339241 0.0060010532653088184 0.0097258844497683933 -0.0025996755868420872 0 0.010005794835578062 0.0017952784503894974 0.0054783045918665053 -0.010683385069188148 -0.0098307806540697627
leaf_weight=3947 5932 790 1332 341 1322 1161 46101 95345 1300 568 25864 1246 1337 808 2941 42689 7169 2415 1630 2254 27879 648 2172 15828 511 348 897 693 1557 526
leaf_count=3947 5932 790 1332 341 1322 1161 46101 95345 1300 568 25864 1246 1337 808 2941 42689 7169 2415 1630 2254 27879 648 2172 15828 511 348 897 693 1557 526
internal_value=-4.99552e-05 -0.000504312 0.000310236 0.00321987 -0.00180551 0.00507543 8.05693e-05 0.000192368 0.000483964 0.00172603 0.00114294 -0.000864209 0.00775643 -0.0013534 -0.00146881 -0.00107306 -0.0014418 -0.00116611 0.00188306 0.002856 -0.000103298 0.0123466 0.00717956 -0.00171664 0.00738801 0.000436513 -0.00419974 -0.00191354 -0.00685634 -0.00237099
internal_weight=297551 131941 165610 6328 1663 4665 77927 159282 125062 29717 27164 34220 2553 54014 53206 46592 28288 27042 4045 3903 73980 1216 3333 22997 1301 2602 6614 3634 2980 1423
internal_count=297551 131941 165610 6328 1663 4665 77927 159282 125062 29717 27164 34220 2553 54014 53206 46592 28288 27042 4045 3903 73980 1216 3333 22997 1301 2602 6614 3634 2980 1423
is_linear=0
shrinkage=0.03


Tree=25
num_leaves=31
num_cat=0
split_feature=16 26 33 118 29 3 1 138 32 21 42 6 76 91 96 26 81 12 79 127 81 115 23 33 32 46 25 86 70 39
split_gain=60.9327 48.3674 55.2984 55.6824 92.8343 85.6518 50.8742 51.663 47.8009 89.5772 47.2914 55.131 47.7336 46.379 39.0629 46.751 69.155 38.5694 45.3226 62.1811 36.1311 57.5516 35.5368 41.5345 34.8372 33.6662 60.8803 41.0646 33.6026 33.1837
threshold=1.2134523987770083 0.021510939113795761 0.27109399437904363 0.33333365619182592 -0.00042012531775981182 0.016973120160400871 0.035472974181175239 0.87783387303352367 -0.0037872988032177086 1.0740520358085635 -0.077593009918928132 0.091634362936019911 0.31666667759418493 0.53593182563781749 0.60855078697204601 0.10642701387405397 0.11666667088866235 1.0027056336402895 0.15000000223517421 0.29462751746177679 0.61666667461395275 0.43562607467174536 0.017085204832255844 0.97710019350051891 -0.0010488224215805528 1.0049813389778139 0.063120711594820036 -0.68333333730697621 0.19999954849481585 0.0070357641670852908
decision_type=10 10 8 8 8 10 10 8 10 8 10 10 2 10 10 10 2 10 2 10 2 10 10 10 10 10 10 2 10 10
left_child=1 6 8 17 10 -6 -1 -8 9 20 11 -5 -12 -7 15 -10 -17 25 29 -20 -3 -22 -2 24 -24 26 -4 -27 -11 -19
right_child=22 2 3 4 5 13 7 -9 14 28 12 -13 -14 -15 -16 16 -18 18 19 -21 21 -23 23 -25 -26 27 -28 -29 -30 -31
leaf_value=0.00065482244546694556 -0.0019214262526555956 0.00027379927906759149 0.001322934027937905 -0.0016993231862104099 0.0014430739144541869 0.0039908181391887084 -0.0096807643852949918 -0.0004514978522877377 -0.001288426711806885 -0.012520908094317723 -0.001379917161833318 0.003452980369972946 0.00037326132204918382 0.014750416839664727 -0.0056042162252967053 0.01654707248859312 -0.00012432439542923432 0.002520954491701121 0.00056731858046305537 -0.0085611509094783624 0.0023987316574191073 0.012997690283263167 0.0063737256138771481 -0.010302914421452246 -0.0024933195940727015 0.00067675450860370592 -0.0095788932476832643 -0.0020442420723808838 -3.0557367690863541e-05 0.011862548944008098
leaf_weight=85948 830 1597 7202 2596 26567 1065 830 1744 52648 423 27977 6061 27505 652 1872 308 597 2473 6079 731 1364 768 3256 129 391 5844 469 28728 433 419
leaf_count=85948 830 1597 7202 2596 26567 1065 830 1744 52648 423 27977 6061 27505 652 1872 308 597 2473 6079 731 1364 768 3256 129 391 5844 469 28728 433 419
internal_value=-2.40476e-06 -5.73628e-05 -0.000311996 4.12613e-06 0.000447865 0.00187992 0.00052708 -0.00359487 -0.00107725 0.00183369 -0.000179357 0.00187301 -0.000505559 0.00837209 -0.00132404 -0.00116678 0.00546025 -0.00077949 0.000907534 -0.000390827 0.00389564 0.00644146 0.00341272 0.00466819 0.00533285 -0.0011743 0.000594221 -0.00157549 -0.00669019 0.00404959
internal_weight=297506 292900 204378 144368 92423 28284 88522 2574 60010 4585 64139 8657 55482 1717 55425 53553 905 51945 9702 6810 3729 2132 4606 3776 3647 42243 7671 34572 856 2892
internal_count=297506 292900 204378 144368 92423 28284 88522 2574 60010 4585 64139 8657 55482 1717 55425 53553 905 51945 9702 6810 3729 2132 4606 3776 3647 42243 7671 34572 856 2892
is_linear=0
shrinkage=0.03


Tree=26
num_leaves=31
num_cat=0
split_feature=33 1 56 84 41 86 49 16 33 16 58 29 14 36 1 84 75 72 10 79 42 30 36 4 50 109 55 139 39 33
split_gain=49.3374 61.2433 55.1461 73.9115 57.1403 52.3006 50.9654 90.174 49.2624 50.653 48.3893 136.652 81.7616 44.8478 43.0574 41.392 61.5766 50.2161 41.3065 57.7174 59.6088 57.2506 52.9229 52.8184 68.7583 47.8695 41.0299 41.0116 64.8502 40.4069
threshold=0.38593605160713201 0.014244991820305588 1.1519214510917666 -0.74999999999999989 0.050078753381967551 -0.81666666269302357 0.91241922974586498 0.74334150552749645 0.89744052290916454 1.2134523987770083 0.9277976155281068 -0.0014534671790897844 0.89634749293327343 0.79461315274238598 0.017137105576694015 0.75000000000000011 0.82500001788139354 0.9683668613433839 1.0197102427482607 0.15000000223517421 0.048123821616172797 0.0065379922743886718 0.79461315274238598 0.26666720211505895 0.82738345861434948 0.18333333730697635 0.98356258869171154 0.84576398134231578 -0.022580752149224278 0.71317848563194286
decision_type=8 10 10 2 10 2 10 10 10 10 8 10 10 10 10 2 2 10 10 2 10 10 10 10 10 2 10 10 10 10
left_child=1 -1 4 8 5 14 7 -3 9 -4 11 -7 -13 -5 -2 16 26 -17 21 -20 -21 23 -23 24 -6 -22 -9 28 -8 -11
right_child=2 6 3 13 18 10 27 15 -10 29 -12 12 -14 -15 -16 17 -18 -19 19 20 25 22 -24 -25 -26 -27 -28 -29 -30 -31
leaf_value=0.00053989993125144167 0.00045528490292778568 -0.0059694937140944912 -0.00089230903845788486 0.002183128407212514 0.006484891795803081 -0.016139721046675437 -0.0094415230547207647 0.015675104571250924 -0.005351121935927689 0 0.00043366072005861076 0 0.019354152848104135 0.009457542008452011 -0.0025181479594718272 0.010052954201497766 -0.0022086635001514403 -0.0045872019716084759 0.0083995333150095972 0.010384065906000002 0.0040870820408298288 -0.010768619903524455 0.0037868454237654802 -0.0053699258296901527 -0.0017347684962389072 -0.011345169462574438 0.0030894375161214381 -0.00061695802154026428 -0.0018051500816460564 0.012808022087528593
leaf_weight=33032 7429 1210 1517 1610 1129 157 1041 263 1100 326 148609 264 515 1733 10160 1151 2132 214 761 218 219 1213 230 2398 4487 544 2346 41570 29137 547
leaf_count=33032 7429 1210 1517 1610 1129 157 1041 263 1100 326 148609 264 515 1733 10160 1151 2132 214 761 218 219 1213 230 2398 4487 544 2346 41570 29137 547
internal_value=-4.13193e-05 -0.00053887 0.000258294 0.00290168 0.000155014 0.000295659 -0.000993384 0.00136979 -7.18894e-05 0.00225765 0.000479149 0.00722738 0.0125984 0.00607718 -0.00124614 0.00288789 0.00146873 0.00750802 -0.00191402 0.00221883 -0.00234811 -0.00271003 -0.00822351 -0.00166193 -1.19696e-05 -0.00654133 0.00458184 -0.00123885 -0.00208458 0.00796462
internal_weight=297262 112096 185166 6833 178333 167134 79064 7316 3490 2390 149545 936 779 3343 17589 6106 4741 1365 11199 1742 981 9457 1443 8014 5616 763 2609 71748 30178 873
internal_count=297262 112096 185166 6833 178333 167134 79064 7316 3490 2390 149545 936 779 3343 17589 6106 4741 1365 11199 1742 981 9457 1443 8014 5616 763 2609 71748 30178 873
is_linear=0
shrinkage=0.03


Tree=27
num_leaves=31
num_cat=0
split_feature=16 25 40 36 18 19 78 51 10 71 62 120 29 57 82 10 74 41 12 109 118 74 111 30 78 60 140 22 14 8
split_gain=50.6622 43.6513 41.9719 86.9052 47.7862 46.453 42.7355 62.4624 52.2099 51.1251 50.2485 41.2197 48.4284 68.1804 61.4529 38.657 37.2393 36.4616 61.4801 34.057 39.544 60.0787 33.4216 30.0713 32.6546 52.629 49.8919 26.7933 25.879 36.5043
threshold=1.2134523987770083 0.012348900549113752 -0.03028710093349218 0.82231479883193981 1.0242571830749514 1.0407113432884219 0.70000001788139354 0.80450376868247997 1.0294883847236636 0.58490541577339183 0.96981948614120495 0.70000001788139354 -0.00020898586080875245 1.1707353591918948 0.22500000149011615 1.0269758105278017 0.25000000745058065 -0.0020260070450603958 1.0013816952705386 0.18333333730697635 0.75723579525947582 0.35000000894069677 -0.21240601688623426 -0.006775311427190899 0.30000000447034841 1.0354721546173098 0.8744167983531953 0.89644062519073497 1.0646741986274721 -0.24999817460775373
decision_type=10 10 8 8 10 10 10 10 10 10 10 10 10 10 2 10 2 10 10 2 10 2 2 10 10 10 10 10 10 10
left_child=1 -1 3 6 11 17 7 8 -3 27 -9 12 14 -14 -4 -11 -13 -6 -19 20 21 -5 -18 24 -2 -26 -27 -8 29 -25
right_child=23 2 4 19 5 -7 9 10 -10 15 -12 16 13 -15 -16 -17 22 18 -20 -21 -22 -23 -24 28 25 26 -28 -29 -30 -31
leaf_value=0.00096023530861418687 0.013011224941463931 0.0045155904592680766 0.00033143553817551174 -0.0017178118150681257 -0.0057451059407564939 0.00036630605822872707 0.0043075855999504305 -0.0077106574092114756 -0.007907056553428736 0.0020796536278605469 0.0018238242942715522 0.00034053947977031262 -5.6484982335937275e-05 0.0045572381824444683 -0.0013896468994572357 0.0089749192573874408 0.00052513780519120002 -0.015370132863264493 0.0037927189295926598 0.0014389383204523939 0.0034808716741041791 0.018611098178693455 0.0060408591363459432 0.010391328233469135 -0.001514513808916672 0 0.010836585939163732 -6.3239988919234908e-05 -0.0046633736266345855 -0.0022002970450967683
leaf_weight=34869 387 1449 26395 130 3841 2772 1340 1924 353 2855 597 12012 115147 2935 61721 1068 1930 160 878 861 661 579 2341 342 1080 670 1023 16045 675 406
leaf_count=34869 387 1449 26395 130 3841 2772 1340 1924 353 2855 597 12012 115147 2935 61721 1068 1930 160 878 861 661 579 2341 342 1080 670 1023 16045 675 406
internal_value=1.36452e-05 -3.44226e-05 -0.000170082 0.000926565 -0.000304225 -0.00263589 0.000417369 -0.00227496 0.00185734 0.00097928 -0.00533814 -0.000222462 -0.000338389 5.64041e-05 -0.000870737 0.00406891 0.00122578 -0.00439735 0.000320641 0.00658754 0.00954018 0.0145273 0.00363237 0.00313725 0.0047665 0.00342353 0.00672964 0.000260981 -0.000288781 0.00328689
internal_weight=297446 292863 257994 27862 230132 7651 25631 4323 1802 21308 2521 222481 206198 118082 88116 3923 16283 4879 1038 2231 1370 709 4271 4583 3160 2773 1693 17385 1423 748
internal_count=297446 292863 257994 27862 230132 7651 25631 4323 1802 21308 2521 222481 206198 118082 88116 3923 16283 4879 1038 2231 1370 709 4271 4583 3160 2773 1693 17385 1423 748
is_linear=0
shrinkage=0.03


Tree=28
num_leaves=31
num_cat=0
split_feature=32 26 33 13 30 36 69 39 58 8 138 86 16 84 7 81 5 38 51 86 86 28 85 11 53 53 52 157 105 89
split_gain=52.0159 49.9642 55.5781 64.9564 76.6118 57.788 48.2522 52.3614 60.5626 46.818 46.8604 53.4921 44.149 43.3703 42.03 40.0632 39.2904 39.0271 59.39 38.8024 38.791 35.2855 32.9265 32.7321 32.6614 30.2573 30.9862 29.3853 28.8942 36.4568
threshold=-0.0048122901935130349 0.022033915854990486 0.24822935461997989 0.98257175087928783 0.0043620986398309478 0.48458111286163336 0.63414677977561962 -0.015251446980983017 0.97588747739791881 0.84615454077720653 0.80561742186546337 -0.58333334326744068 0.79154723882675182 0.75000000000000011 -0.031563842669129365 0.31666667759418493 0.010504211764782669 -0.0074257208034396163 0.75855454802513134 -0.81666666269302357 0.81666666269302379 0.011111105326563122 0.77500000596046459 0.97156038880348217 1.017413914203644 0.98109599947929393 0.82890608906745922 -0.044876841828227036 0.64495798945426952 -0.067214906215667711
decision_type=8 10 8 8 8 10 10 10 10 10 8 2 8 2 8 2 10 10 10 2 2 10 2 10 10 10 10 10 2 10
left_child=9 14 -3 6 12 16 17 8 -8 10 13 25 24 23 -2 -9 -6 22 -19 -14 -7 -16 -4 -1 -5 -12 -27 -11 -25 -30
right_child=1 2 3 4 5 20 7 15 -10 27 11 -13 19 -15 21 -17 -18 18 -20 -21 -22 -23 -24 28 -26 26 -28 -29 29 -31
leaf_value=0.0061596618298814191 -0.0073845616023059252 -0.0011339130445387597 0.0017441151463203775 0 0.0083693967378463269 0.00038210411110074116 -0.0035456953106544216 0.00028581732645940384 0.0084381531103094806 0 -0.0054087392401704036 0.00030100700162855634 -0.0012261831300729626 -0.014830654853532833 0.00048831513670536536 -0.0015718277372880642 -0.00040441158874349181 -0.01704374418483532 -0.0037502921907518745 0.00043060436324154092 0.0057125853264410999 0.0042131624341665433 -0.0090065665716305369 0.0003729001550767512 0.017555906941538284 0.018695566210008421 0.0059856329774017631 0.010122643533658136 -0.012379274655982446 -0.00029511440323934086
leaf_weight=531 574 53677 1722 181 2222 6180 503 18895 1166 371 133 2821 15752 183 89715 22719 495 329 4069 65164 1564 2356 280 1728 208 213 1867 964 421 570
leaf_count=531 574 53677 1722 181 2222 6180 503 18895 1166 371 133 2821 15752 183 89715 22719 495 329 4069 65164 1564 2356 280 1728 208 213 1867 964 421 570
internal_value=3.33925e-05 -3.88556e-05 -0.000312204 0 0.000472748 0.00288844 -0.000873775 -0.00050533 0.00464965 0.00218078 0.00130557 0.00316157 0.000157614 -0.00133165 0.000533567 -0.000721419 0.00667005 -0.00330949 -0.00488529 0.000104146 0.00150925 0.000587782 1.79419e-05 -0.000393754 0.00999714 0.00663834 0.00759569 0.00740906 -0.00181875 -0.00586882
internal_weight=297573 287771 195126 141449 91766 10461 49683 43283 1669 9802 8467 5034 81305 3433 92645 41614 2717 6400 4398 80916 7744 92071 2002 3250 389 2213 2080 1335 2719 991
internal_count=297573 287771 195126 141449 91766 10461 49683 43283 1669 9802 8467 5034 81305 3433 92645 41614 2717 6400 4398 80916 7744 92071 2002 3250 389 2213 2080 1335 2719 991
is_linear=0
shrinkage=0.03


Tree=29
num_leaves=31
num_cat=0
split_feature=16 37 12 53 17 1 84 31 66 52 38 13 25 21 6 18 33 21 117 38 34 60 41 86 69 11 82 33 30 124
split_gain=53.4193 44.0578 50.2959 53.9843 44.9752 41.6026 44.6316 51.3158 47.2172 42.2506 40.5752 54.7699 106.335 68.0274 37.3971 36.9865 51.1341 45.736 37.2775 35.971 42.8245 35.6737 34.5674 34.4151 47.8049 43.6468 31.7217 30.4975 37.3708 32.0049
threshold=1.2134523987770083 0.8470100760459901 0.98920628428459179 0.97381171584129345 1.1933582425117495 0.010169465560466053 0.84999999403953563 0.0094258100725710409 0.56385868787765514 0.71345871686935436 -0.00086003070464357723 0.96626576781272899 0.093976024538278594 0.92052245140075695 0.12675999850034717 1.0357295274734499 0.84799489378929149 1.0669893026351931 0.32923212647438055 -0.019673480652272698 0.23214772343635562 0.93144983053207409 -0.0010216444497928021 -0.88333332538604725 0.15384598821401599 0.98283264040946972 0.091666668653488173 0.97710019350051891 -0.0060061328113079062 -0.32584296166896815
decision_type=10 8 8 10 10 8 2 10 10 10 10 8 10 8 10 10 10 8 8 8 10 10 10 2 10 8 2 10 10 10
left_child=1 5 3 -3 -5 21 10 8 -8 -10 23 12 -12 -13 -9 17 26 19 -19 20 -4 -1 -6 24 -7 -25 -17 28 -2 -30
right_child=27 2 15 4 22 6 7 14 9 -11 11 13 -14 -15 -16 16 -18 18 -20 -21 -22 -23 -24 25 -26 -27 -28 -29 29 -31
leaf_value=-0.0062644200557869087 0.0053478233839221257 -0.0034087090054130773 0.0042975775175727905 0.003971001524190206 0 -0.001002427218545077 -0.0053876792768764786 0 -0.0041478858023976523 0.0021776170514093431 -0.0019549592904920701 0.0036960048441046028 -0.016300408521039242 -0.00064998024506478366 0.027042486012920919 0 -5.7642862585694422e-05 0.001957933810201862 -0.0066817589164423624 0.0010434469752509047 -0.015594810835756341 0.0010011084359702182 0.016906734892600975 0.0024953643429368217 -0.0090898724733851841 5.550188384839344e-07 0.016524228026026062 -0.0097774572632505167 -0.0065667147804312487 0.0032405154108308687
leaf_weight=590 3286 531 115 1842 137 4248 891 103 990 11262 15011 3313 468 100125 102 166 557 584 1375 17493 234 32285 523 6775 790 92084 400 126 491 676
leaf_count=590 3286 531 115 1842 137 4248 891 103 990 11262 15011 3313 468 100125 102 166 557 584 1375 17493 234 32285 523 6775 790 92084 400 126 491 676
internal_value=2.0694e-05 -2.86464e-05 0.00120231 0.00481561 0.00669321 -0.000139456 -0.000279619 0.00139931 0.00112971 0.00163612 -0.000381661 -0.000760176 -0.00242852 -0.000507196 0.0157142 0.000660127 0.00592404 0.000340776 -0.00396082 0.00083378 -0.00834935 0.000857866 0.0135092 4.87501e-05 -0.00236085 0.000175033 0.0121236 0.00322944 0.00370662 -0.00067413
internal_weight=297573 292994 23957 3033 2502 269037 236162 13348 13143 12252 222814 118917 15479 103438 205 20924 1123 19801 1959 17842 349 32875 660 103897 5038 98859 566 4579 4453 1167
internal_count=297573 292994 23957 3033 2502 269037 236162 13348 13143 12252 222814 118917 15479 103438 205 20924 1123 19801 1959 17842 349 32875 660 103897 5038 98859 566 4579 4453 1167
is_linear=0
shrinkage=0.03


Tree=30
num_leaves=31
num_cat=0
split_feature=26 16 29 111 152 116 109 33 115 17 112 26 27 35 86 1 2 115 76 28 1 13 34 34 18 28 80 115 48 87
split_gain=49.5375 83.0353 87.3352 70.0795 65.4858 64.3825 50.1367 46.4574 42.5192 41.7355 46.4805 40.7422 52.9234 57.8521 60.7485 53.7743 49.055 46.422 58.636 45.4564 40.4809 45.5928 40.4623 40.004 38.0079 37.7544 37.0995 34.6545 33.0307 32.9758
threshold=0.10642701387405397 0.74334150552749645 0.011650528293102981 -0.29814815521240229 0.45538070797920233 0.65793028473854076 -0.10555555671453475 0.4090899527072907 0.68866857886314403 0.75515902042388927 0.20169491320848468 0.022033915854990486 0.073966544121503844 0.46494361758232122 -0.81666666269302357 0.05621656775474549 -0.39999859035015101 0.68866857886314403 0.18333333730697635 0.00031805020989850169 0.035472974181175239 0.9632863998413087 0.85174643993377697 0.43733015656471258 0.95539629459381115 -0.0088350269943475706 0.12500000372529033 0.73809498548507702 0.95416954159736644 0.4916666597127915
decision_type=8 8 10 2 8 10 2 10 10 10 2 10 8 8 2 10 10 10 2 10 10 10 10 10 8 10 2 10 10 2
left_child=1 2 7 -2 24 25 -7 -1 -9 10 -4 20 13 14 19 17 22 18 -14 -13 28 -22 -15 -23 -5 -6 -18 -19 -3 -16
right_child=3 11 9 4 5 6 -8 8 -10 -11 -12 12 15 16 29 -17 26 27 -20 -21 21 23 -24 -25 -26 -27 -28 -29 -30 -31
leaf_value=-0.0094359903211311373 0.017075821298132871 0.0030581233952550711 -0.016749564236337354 -0.019052199758822098 0.003741360960070282 -0.00021004044853283892 0.0114329035673347 0.0093794266618810029 -0.0034180626124671919 0 0 -0.0061767702526817096 0.0015967307992955267 0.00051221585043399981 -0.0012938918058272386 0.0044060894452497531 -0.0018250120790591089 0.0066744039603434044 -0.0009341363497018402 0.00056842946945906978 0.0023062128928302891 -0.0086397024188493692 0.0037101513226016586 0.00031358798906160903 -0.0015473571264586605 -0.0024399773648546867 -9.1971911921490351e-05 0 0.00046883470169076821 0.00043810295883751319
leaf_weight=305 276 4719 814 160 1812 400 1113 511 359 223 190 3537 13573 24349 48253 3231 14596 1727 20861 1094 881 1294 4233 585 427 1666 48235 1034 85235 12136
leaf_count=305 276 4719 814 160 1812 400 1113 511 359 223 190 3537 13573 24349 48253 3231 14596 1727 20861 1094 881 1294 4233 585 427 1666 48235 1034 85235 12136
internal_value=-1.29611e-05 -6.8835e-05 -0.005601 0.00271349 0.00189078 0.00305441 0.00819652 1.53414e-05 0.0038034 -0.0111339 -0.0136982 -2.15262e-05 -0.000266721 -0.000517875 -0.00120191 0.000697502 -2.79004e-05 0.000365094 5.51071e-05 -0.00452323 0.000495805 -0.00305214 0.000998583 -0.0057203 -0.00728347 0.000697648 -0.000499793 0.00409505 0.000608653 -0.000940828
internal_weight=297829 291975 2402 5854 5578 4991 1513 1175 870 1227 1004 289573 196859 156433 65020 40426 91413 37195 34434 4631 92714 2760 28582 1879 587 3478 62831 2761 89954 60389
internal_count=297829 291975 2402 5854 5578 4991 1513 1175 870 1227 1004 289573 196859 156433 65020 40426 91413 37195 34434 4631 92714 2760 28582 1879 587 3478 62831 2761 89954 60389
is_linear=0
shrinkage=0.03


Tree=31
num_leaves=31
num_cat=0
split_feature=32 86 33 33 44 41 79 22 79 7 39 115 117 61 25 24 8 37 1 86 18 56 35 38 82 48 118 21 38 18
split_gain=43.6725 44.6019 67.1819 41.0011 67.7203 50.0443 49.2434 57.4989 53.8887 48.7619 58.3454 51.561 48.1281 44.2308 87.8419 69.3965 59.9491 61.7968 42.5538 41.1804 68.18 63.4066 49.5311 45.1748 40.3364 40.0621 38.6202 60.3834 59.1705 42.0295
threshold=-0.0048122901935130349 -0.58333334326744068 0.93357262015342724 0.38593605160713201 1.0361486077308657 0.050078753381967551 0.55000001192092907 0.95215284824371349 0.15000000223517421 -1.0000000180025095e-35 0.0076995245181024083 0.66539937257766735 0.41954021155834204 0.78207102417945873 0.049950143322348602 0.023995608091354374 0.52000084519386303 0.1488577798008919 0.011754083447158338 0.68333333730697643 1.0269005894660952 0.97075840830802929 0.76851913332939159 -0.019673480652272698 0.60833334922790538 0.98880001902580272 0.320754423737526 0.90875273942947399 0.0038812650600448255 1.0242571830749514
decision_type=8 2 10 8 10 10 2 10 2 10 10 10 10 8 10 10 10 10 10 2 10 10 8 10 2 8 10 10 10 10
left_child=1 2 -1 4 25 13 8 -8 9 10 -7 -11 -10 14 15 -5 17 -16 -6 21 23 24 -23 -21 -15 -2 -20 28 -28 -29
right_child=3 -3 -4 5 18 6 7 -9 12 11 -12 -13 -14 19 16 -17 -18 -19 26 20 -22 22 -24 -25 -26 -27 27 29 -30 -31
leaf_value=0.0053473409838480862 -0.00033644157877450655 0 -0.006186496186169929 0.0034501437460271616 0.0015214734400405079 6.9674870422010724e-05 0.014741279722555484 0 0.0038973773085272112 0.0013078110116042439 0.015490841582626969 -0.0073116348027241762 -0.0058159213653253715 -0.00094315479519112701 0.023635525933001191 0.035760079370409571 -0.0072643163275844949 0.0026559275595221007 -0.0056321254934607913 -0.012994619850000805 0.0073224494884212262 -4.610884244265007e-05 0.0015422150556173699 0.0010863069869872662 -0.0062429013949212167 0.0014292163380345605 0 -0.0015309753939888313 0.011315433487477362 -0.0060395406773331908
leaf_weight=4153 50432 5223 470 155 3799 712 278 1336 460 1404 329 1039 4428 3573 130 119 434 1263 2225 184 1620 114935 20795 23518 2175 14964 1268 33318 594 2014
leaf_count=4153 50432 5223 470 155 3799 712 278 1336 460 1404 329 1039 4428 3573 130 119 434 1263 2225 184 1620 114935 20795 23518 2175 14964 1268 33318 594 2014
internal_value=-1.25308e-05 0.00194885 0.00408854 -8.08762e-05 -0.000541337 0.000197052 -0.00186004 0.00282149 -0.00280289 0 0.0054263 -0.00226581 -0.00482854 0.000320656 0.00463428 0.019981 0.00197882 0.00513297 -0.00146281 0.000263975 0.00137824 6.22542e-05 0.000195217 0.000953486 -0.00301524 6.3306e-05 -0.00175865 -0.00151597 0.00367102 -0.00179973
internal_weight=297347 9846 4623 287501 108614 178887 9986 1614 8372 3484 1041 2443 4888 168901 2101 274 1827 1393 43218 166800 25322 141478 135730 23702 5748 65396 39419 37194 1862 35332
internal_count=297347 9846 4623 287501 108614 178887 9986 1614 8372 3484 1041 2443 4888 168901 2101 274 1827 1393 43218 166800 25322 141478 135730 23702 5748 65396 39419 37194 1862 35332
is_linear=0
shrinkage=0.03


Tree=32
num_leaves=31
num_cat=0
split_feature=42 5 76 102 52 114 117 29 57 31 3 2 24 23 22 29 58 113 28 35 46 52 12 13 76 39 52 82 33 142
split_gain=38.2685 77.8152 57.2481 48.2343 48.0496 45.2322 54.942 44.9269 76.1113 52.1878 56.0897 69.0589 68.362 105.438 51.4658 84.6975 64.5274 49.4117 48.7997 48.382 56.3137 54.9718 46.7059 41.55 71.1329 53.5149 40.6724 39.7447 39.0911 37.9499
threshold=-0.088266666978597627 0.0086526595987379568 0.18333333730697635 0.55051019787788402 0.64670878648757946 0.3131315559148789 0.60262730717659008 -0.0006237931374926119 1.1707353591918948 0.0094258100725710409 0.016973120160400871 0.43939413130283361 0.038551457226276405 0.028495948761701587 0.80479401350021373 0.0098589411936700361 0.9277976155281068 0.90000113844871532 0.021603350527584556 0.82385900616645824 1.0803858637809756 0.97391304373741161 0.98791822791099559 0.97345134615898143 0.25000000745058065 0.030831194482743744 0.97861158847808849 0.22500000149011615 0.51775100827217113 1.293063282966614
decision_type=8 10 2 2 10 10 10 8 10 10 10 10 10 10 8 10 8 10 10 10 10 10 10 10 2 10 10 2 10 10
left_child=1 2 4 26 -1 6 -4 19 9 14 12 18 13 -11 15 16 -9 -17 -12 20 -2 -21 -14 24 -22 27 29 -25 -27 -3
right_child=7 3 5 -5 -6 -7 -8 8 -10 10 11 -13 22 -15 -16 17 -18 -19 -20 21 23 -23 -24 25 -26 28 -28 -29 -30 -31
leaf_value=0.021729048690387106 -3.0429154119120756e-06 0.013227487256620533 -0.00091122878053586482 -0.00082122426593630776 0.0028774701542360497 -0.0053455406274324985 0.011312252793023362 0.02300493537514316 0.0041548767835464934 0.0015997869785039911 0.016059633421160433 -0.0092089554999214007 -0.01470849172767214 0.021167627726865951 0.00016833705749049854 -0.011480349017367806 0 -0.0017737936873407035 -0.0015540561401708559 -0.0010891422962302222 -0.00022904526584023073 0.0024604729187971647 -0.0002666861054383458 0.00017900371498042584 -0.0097621195256651014 0.0065519747379946501 -6.5338811193788916e-05 -0.0017637666865276532 -0.004022289595729059 0.0043709899007242587
leaf_weight=121 57344 1117 2648 718 1688 1870 355 126 4463 1646 715 117 277 283 145854 1055 458 1008 134 6310 1559 9986 772 12003 1376 1309 436 40597 360 965
leaf_count=121 57344 1117 2648 718 1688 1870 355 126 4463 1646 715 117 277 283 145854 1055 458 1008 134 6310 1559 9986 772 12003 1376 1309 436 40597 360 965
internal_value=2.00663e-05 0.00185104 0 0.00565394 0.00452625 -0.00169469 0.000499814 -4.21238e-05 0.000299019 0.000183637 0.00358281 0.00984065 0.00140073 0.00481223 9.08687e-05 -0.00403453 0.00563699 -0.00694423 0.0129626 -0.000453498 -0.000672716 0.00106798 -0.00456467 -0.00133855 -0.00483573 -0.00114218 0.00761043 -0.00131484 0.00407289 0.0093459
internal_weight=297670 9918 6682 3236 1809 4873 3003 287752 156908 152445 3944 966 2978 1929 148501 2647 584 2063 849 130844 114548 16296 1049 57204 2935 54269 2518 52600 1669 2082
internal_count=297670 9918 6682 3236 1809 4873 3003 287752 156908 152445 3944 966 2978 1929 148501 2647 584 2063 849 130844 114548 16296 1049 57204 2935 54269 2518 52600 1669 2082
is_linear=0
shrinkage=0.03


Tree=33
num_leaves=31
num_cat=0
split_feature=26 16 29 101 138 24 45 11 50 81 4 39 82 44 84 33 44 39 139 82 13 30 35 51 22 26 32 14 48 122
split_gain=44.7489 83.6851 104.101 81.5492 65.8067 55.7212 44.26 46.4607 43.3093 59.1461 60.4442 60.9812 58.8784 47.6053 44.6764 44.5858 60.0256 55.0767 54.9669 51.5424 44.3581 59.7465 46.4985 42.3168 39.561 43.7556 38.1175 49.1593 39.673 37.5433
threshold=0.10642701387405397 0.74334150552749645 0.011650528293102981 0.36515152454376226 0.90335458517074596 0.022084903903305534 1.0364378690719607 0.99189096689224254 0.84481695294380199 0.55000001192092907 0.39999772608280187 0.023322017863392833 0.74166667461395275 1.0193807482719424 0.75000000000000011 0.38593605160713201 1.0405765175819399 -0.018283043988049027 1.0117370486259463 0.24166666716337207 0.97132280468940746 0.0047630253247916707 0.79635488986969005 0.71678438782691967 1.0969684123992922 0.027537426911294464 -0.0034530671546235676 0.98230960965156566 0.98946171998977672 0.62837836146354686
decision_type=10 8 10 2 8 10 10 10 8 2 10 10 2 10 2 8 10 10 10 2 8 10 8 10 8 8 10 8 10 10
left_child=1 2 -1 -2 6 -6 -5 -8 9 12 11 14 -3 -12 -11 16 26 18 -18 -19 24 22 -22 -4 25 -17 27 -10 -28 -26
right_child=3 8 23 4 5 -7 7 -9 15 10 13 -13 -14 -15 -16 20 17 19 -20 -21 21 -23 -24 -25 29 -27 28 -29 -30 -31
leaf_value=0.00055071725311191158 0.017627660118772932 0.0011531574202409589 -0.013937421991637396 0.02061102676532298 0.01030809783541204 -0.0031621830253191372 0.00080005988564203789 0.01097792248637528 -0.0012467291670062663 0.0050717351537472389 -0.01376267337903846 -8.2803056178226825e-05 -0.0067640436643208309 0.0020229933538399841 0.014235635901212842 0.00030067192207741152 -0.007877884194203412 0.0006508498382400053 -0.00037564727779743924 -0.0019510773674607878 0.00011087937593076106 0.0033703448199339254 0.001777076670744861 0.00017326557249208854 0.010213010681634006 -0.0018715547993953668 -0.00059808283656912267 0.0060138132340906408 0.0011555147939080713 -0.0028148336561619846
leaf_weight=1184 299 9577 1045 155 289 2232 1379 601 1315 1294 220 792 902 519 967 14796 2310 9797 1555 21639 112861 6132 17475 182 542 18517 51503 2024 14904 250
leaf_count=1184 299 9577 1045 155 289 2232 1379 601 1315 1294 220 792 902 519 967 14796 2310 9797 1555 21639 112861 6132 17475 182 542 18517 51503 2024 14904 250
internal_value=1.84149e-05 -2.85862e-05 -0.0055719 0.00284034 0.00175523 -0.00143095 0.00563504 0.00411829 1.68635e-05 0.00162797 0.00483603 0.00671904 0.000431508 -0.00251996 0.00921299 -6.55799e-05 -0.000552584 -0.00156043 -0.00495421 -0.00113075 0.000232612 0.000475796 0.000336817 -0.0116346 -0.000731386 -0.000898157 -3.78733e-05 0.00307468 -0.00019977 0.00576319
internal_weight=297257 292302 2411 4955 4656 2521 2135 1980 289891 14271 3792 3053 10479 739 2261 275620 105047 35301 3865 31436 170573 136468 130336 1227 34105 33313 69746 3339 66407 792
internal_count=297257 292302 2411 4955 4656 2521 2135 1980 289891 14271 3792 3053 10479 739 2261 275620 105047 35301 3865 31436 170573 136468 130336 1227 34105 33313 69746 3339 66407 792
is_linear=0
shrinkage=0.03


Tree=34
num_leaves=31
num_cat=0
split_feature=28 72 53 26 31 33 71 17 38 44 24 1 25 79 31 19 19 38 4 33 50 37 2 60 35 30 25 13 80 14
split_gain=37.2278 73.0375 53.4835 42.8172 41.2866 66.2543 47.541 44.7674 40.2156 38.7728 50.225 51.8534 54.8953 52.1451 45.124 38.3121 43.7606 37.9506 37.711 35.3533 34.8374 34.7094 48.2744 38.3609 37.5355 81.0657 67.357 43.0703 81.0101 60.5175
threshold=-0.011398960836231707 0.68562862277030956 1.0364474058151247 0.021510939113795761 -0.0066195307299494735 0.88499855995178234 0.015872388146817688 1.0059710741043093 -0.0011326826643198726 1.0490185022354128 0.01197083340957761 0.05621656775474549 0.041268110275268562 0.84999999403953563 -0.0045869927853345862 0.95510751008987438 1.0197868347167971 0.0025782687589526181 0.27777676284313207 0.067305766046047225 0.97999998927116405 0.8470100760459901 0.89189180731773388 0.97297295928001415 0.46494361758232122 -0.00045133140520192677 0.072090011090040221 0.9383237659931184 0.37500000000000006 0.86288151144981395
decision_type=8 10 10 10 10 8 10 10 10 10 10 10 10 2 10 10 10 10 10 8 10 10 10 10 10 10 10 8 2 8
left_child=1 4 -3 -2 5 6 -1 15 9 14 -11 13 -13 -12 19 -6 18 -7 -17 20 -5 24 -23 -24 25 -10 -27 28 -26 -29
right_child=3 2 -4 8 7 17 -8 -9 21 10 11 12 -14 -15 -16 16 -18 -19 -20 -21 -22 22 23 -25 27 26 -28 29 -30 -31
leaf_value=0.018360536648755577 0.00046839599644857196 -0.0018456329575842986 0.0090264521882772401 0.015765824853767488 -0.013851210886942524 0.0014575302656496777 0.00489804006231711 -0.001073438907298385 -0.003177516107328286 0.0053462534097250226 -0.0024549481500660791 -0.0062033985969685819 0.0064078137805528507 0.00021837951261051566 0.00037408306236686351 0.0030372848743729754 0.001253554879214543 -0.010828111680912907 0.016412250117343298 0.0025340179371133665 -0.0012695468177311917 0.00016065588327802356 0.0021664018741182596 0.014671298462478805 -0.0062989813073780236 -0.00014682172845510477 -0.010667994902617833 0.011531247314215936 0.0053894257296964497 -0.00026294920330061718
leaf_weight=308 86264 475 1642 367 113 813 1422 11509 17136 1140 15586 351 1493 11000 51777 618 6967 279 324 3211 103 8355 705 367 2479 22023 544 374 635 48716
leaf_count=308 86264 475 1642 367 113 813 1422 11509 17136 1140 15586 351 1493 11000 51777 618 6967 279 324 3211 103 8355 705 367 2479 22023 544 374 635 48716
internal_value=1.69389e-05 0.0011382 0.00645221 -8.26772e-05 0.000616191 0.0039978 0.0076487 0.000108654 -0.000339393 0.000138732 -0.000733699 -0.000991628 0.00380556 -0.00133825 0.000609413 0.00184034 0.00213674 -0.00154989 0.00819501 0.0038186 0.0115209 -0.000743489 0.000973211 0.00691249 -0.000923009 -0.00162039 -0.000422949 -0.000386467 -0.0038006 -0.000162325
internal_weight=297096 24470 2117 272626 22353 2822 1730 19531 186362 85028 29570 28430 1844 26586 55458 8022 7909 1092 942 3681 470 101334 9427 1072 91907 39703 22567 52204 3114 49090
internal_count=297096 24470 2117 272626 22353 2822 1730 19531 186362 85028 29570 28430 1844 26586 55458 8022 7909 1092 942 3681 470 101334 9427 1072 91907 39703 22567 52204 3114 49090
is_linear=0
shrinkage=0.03


Tree=35
num_leaves=31
num_cat=0
split_feature=33 44 32 10 22 107 12 113 25 33 33 38 22 11 79 41 30 36 4 49 18 19 82 82 79 13 49 36 122 99
split_gain=35.9633 49.4375 56.0114 39.5587 86.5 60.253 59.8743 50.0798 48.7412 57.9747 53.8064 46.3428 45.184 48.1508 46.5528 41.94 47.1527 46.6649 45.416 53.6531 81.2459 45.2839 41.4828 49.6295 40.8364 40.2778 38.9824 43.2322 41.9267 38.5029
threshold=0.38593605160713201 1.0390492081642153 -0.0034530671546235676 1.0171172022819521 0.97593405842781078 0.50423729419708263 0.99375000596046459 0.1111111380159855 0.03823154233396054 0.92118591070175182 0.69754725694656383 0.002887357491999865 0.80479401350021373 0.97861158847808849 0.25000000745058065 0.050078753381967551 0.0065379922743886718 0.79461315274238598 0.26666720211505895 0.83663558959960949 0.95539629459381115 0.95510751008987438 0.30833333730697637 0.62500000000000011 0.65000000596046459 1.0455359816551211 0.98036465048789989 0.80852362513542186 0.65247276425361644 0.78888890147209179
decision_type=8 10 10 10 10 2 10 10 8 10 10 8 10 10 2 10 10 10 10 10 10 10 2 2 2 10 10 10 10 2
left_child=1 2 -1 15 5 6 -5 -7 -6 10 25 -12 14 -14 -8 -2 18 -18 19 20 -17 -20 -9 -24 -21 -10 27 -11 -28 -3
right_child=3 29 -4 4 8 7 12 22 9 26 11 -13 13 -15 -16 16 17 -19 21 24 -22 -23 23 -25 -26 -27 28 -29 -30 -31
leaf_value=0.0036784499619722153 0.00018369477213207999 -0.0013505762864730901 -0.00012142944661849744 -0.0088328983585816562 -0.00066073908547557771 -0.0027128849143291901 0.0021388099994598272 0 0.0031711474209759633 -0.0012010743514795595 0.007772993629033006 -0.00029987477985716761 0.013208094068470696 0.0027237890560584512 -0.0107682687079413 0 -0.009328043096329423 0.0043923225023336857 -0.0095870109330191185 -0.0018448110555956874 0.017221379458000674 -0.00077586494288367426 0.015444913948296777 0.0049272407968304101 0.0067486924942255621 -0.0043623836112848214 -0.0011150293201847847 0.01847197344653647 -0.013248246425511182 0.0060870017857929124
leaf_weight=3659 136668 40593 67234 402 18782 335 510 359 1642 252 2725 741 417 7916 419 570 1199 228 923 4249 383 1383 992 898 535 1011 828 123 402 603
leaf_count=3659 136668 40593 67234 402 18782 335 510 359 1642 252 2725 741 417 7916 419 570 1199 228 923 4249 383 1383 992 898 535 1011 828 123 402 603
internal_value=1.79786e-05 -0.000404895 7.14453e-05 0.00027598 0.0011282 0.00321225 0.00207215 0.00731229 0.000152182 0.00216425 0.00351547 0.00596921 0.0025958 0.00331473 -0.00347071 4.78065e-05 -0.00187793 -0.00689813 -0.000935134 0.000449732 0.00690553 -0.0044837 0.00894855 0.0107086 -0.000797247 0.000176891 -0.00278246 0.00510076 -0.00546904 -0.00123153
internal_weight=296981 112089 70893 184892 38754 12248 9664 2584 26506 7724 6119 3466 9262 8333 929 146138 9470 1427 8043 5737 953 2306 2249 1890 4784 2653 1605 375 1230 41196
internal_count=296981 112089 70893 184892 38754 12248 9664 2584 26506 7724 6119 3466 9262 8333 929 146138 9470 1427 8043 5737 953 2306 2249 1890 4784 2653 1605 375 1230 41196
is_linear=0
shrinkage=0.03


Tree=36
num_leaves=31
num_cat=0
split_feature=32 73 137 52 53 33 38 138 10 54 133 73 54 71 38 46 32 16 29 119 33 46 13 106 24 48 59 86 1 82
split_gain=33.0771 39.8509 48.4675 54.7057 42.5013 69.8965 36.6586 48.7851 46.5708 67.9266 40.1728 41.3285 40.1232 62.9726 39.9749 55.0923 55.9315 53.8778 53.4749 53.1528 55.6426 49.6604 93.5978 48.9044 44.7908 43.5715 42.5854 38.1162 40.4559 37.3066
threshold=-0.0048122901935130349 0.90000000596046459 1.1969583630561831 0.93553593754768383 1.0577433705329897 0.84799489378929149 -0.015372914262115954 0.85327625274658214 1.0171172022819521 1.0282863378524782 0.30717013776302343 0.5000000149011613 0.97785663604736339 0.7131146788597108 -0.0016643496928736565 1.2209916710853579 0.003035729750990868 0.74334150552749645 0.0098589411936700361 0.72727236151695263 0.69754725694656383 1.0750312209129336 0.98257175087928783 0.56904762983322155 0.045741876587271697 0.93902441859245311 0.97271773219108593 -0.84999999403953541 0.017895959317684177 0.90833333134651195
decision_type=8 10 10 10 10 10 8 10 10 10 10 10 10 10 10 10 10 10 10 10 10 10 8 2 10 10 10 2 10 2
left_child=1 2 3 -1 -5 -6 7 10 -9 12 11 -2 -10 -14 15 16 27 18 -18 25 -21 29 23 -23 -19 -17 -24 28 -8 -16
right_child=6 -3 -4 4 5 -7 14 8 9 -11 -12 -13 13 -15 21 19 17 24 -20 20 -22 22 26 -25 -26 -27 -28 -29 -30 -31
leaf_value=0.0082451745936724889 0.0019867051693483124 -0.0018203098780600253 -0.00064669960910325192 -0.00023948562990374841 0.018115461460949309 0.00029589507415986213 0.00091635658849785343 -0.0073353729346008383 -0.0067336621958742071 -0.0018573430005170159 -0.00028150158472264305 -0.0085072447255832365 0.0017271223842397945 0.014269516215090853 -4.3009155429313911e-05 -0.0034849410661164735 0.0010587334885736148 0.0027316402344826087 -0.0083806097066955604 -0.007767749437453602 0.0056919642594110897 -0.0049340515393309029 0.00303014931507352 0.00067778273028290428 0.012082762927361728 0.011804732430570919 -0.00068242584914014401 0.00026839729923315467 -0.00379275324068874 0.0021027028993023679
leaf_weight=2026 343 2131 2440 2318 319 565 2471 656 169 2600 1423 2048 912 663 97584 157 1808 9388 726 439 671 7023 2891 1625 492 1011 53127 87158 4374 7844
leaf_count=2026 343 2131 2440 2318 319 565 2471 656 169 2600 1423 2048 912 663 97584 157 1808 9388 726 439 671 7023 2891 1625 492 1011 53127 87158 4374 7844
internal_value=0 0.00171276 0.00273583 0.00436813 0.00178595 0.00731664 -5.79212e-05 -0.00196059 0 0.00112669 -0.00450652 -0.00687342 0.00571604 0.00730769 1.29262e-06 0.000451698 0.000349359 0.00224136 -0.00157266 0.00505726 5.9956e-05 -0.000284785 -0.000939673 -0.00384582 0.00325108 0.00947293 -0.000484459 9.58875e-05 -0.00205138 0.000114159
internal_weight=297402 9799 7668 5228 3202 884 287603 8814 5000 4344 3814 2391 1744 1575 278789 108695 106417 12414 2534 2278 1110 170094 64666 8648 9880 1168 56018 94003 6845 105428
internal_count=297402 9799 7668 5228 3202 884 287603 8814 5000 4344 3814 2391 1744 1575 278789 108695 106417 12414 2534 2278 1110 170094 64666 8648 9880 1168 56018 94003 6845 105428
is_linear=0
shrinkage=0.03


Tree=37
num_leaves=31
num_cat=0
split_feature=1 121 57 61 104 25 38 138 18 104 14 49 109 14 36 13 18 14 3 80 42 72 14 98 48 53 141 32 25 43
split_gain=42.9883 101.979 60.7384 130.376 58.2772 57.8888 48.7786 57.4632 44.0079 74.4042 73.7022 42.484 95.1318 56.8819 50.8604 45.4963 55.6738 42.3097 41.867 44.5515 39.1014 38.8766 37.3421 37.164 34.4657 33.5255 32.4028 28.7745 27.2523 26.9912
threshold=0.05621656775474549 0.6787565052509309 0.88309085369110119 0.78207102417945873 0.47222222387790685 0.028447595424950126 -0.015372914262115954 0.5152861773967744 0.97405272722244274 0.21111111342906955 0.89634749293327343 0.83663558959960949 0.26785714924335485 0.89634749293327343 0.65361580252647411 1.0933791995048525 1.0357295274734499 0.86288151144981395 0.0059084838721901187 0.12500000372529033 -0.088266666978597627 0.71881720423698436 0.89634749293327343 0.22500000149011615 0.92076036334037792 0.99495622515678417 0.98397663235664379 -0.00029940088279545302 0.047329774126410491 1.0075517892837527
decision_type=8 8 8 8 2 8 8 10 10 2 10 10 2 10 10 10 10 8 10 2 10 10 8 2 8 10 8 10 10 10
left_child=6 2 8 4 -4 24 7 -1 9 -2 27 12 13 14 -8 16 18 28 20 -20 -13 23 29 -18 -5 -15 -9 -11 -7 -14
right_child=1 -3 3 5 -6 17 11 26 -10 10 -12 15 22 25 -16 -17 21 -19 19 -21 -22 -23 -24 -25 -26 -27 -28 -29 -30 -31
leaf_value=-0.012321385841434156 0.0010737286683543061 0.010880810975127787 0.0056007706895491918 0.0044411711855777136 0.037163212497663849 0 0.024253679053721645 -0.004715375173822132 0.0029283397380239899 0 0.0089472905118018389 0.0034866139615013754 0.0031237159144789487 -0.0051906828727159232 0 -0.0036960604917233974 0.0002357983312149811 0.0017548658971310378 -0.001834004822323566 -0.0001867748869761801 0.00017672395146955421 0.014441605581502828 0.012078611676865336 0.006591131314758903 -0.0078453285745202286 0.010655383853516175 -0.00020103903838224237 -0.017835184685156276 0.015541226486596513 -0.0057431852196236617
leaf_weight=484 620 1022 144 223 116 125 350 2141 595 105 100 3263 420 196 111 2948 2403 5117 19339 64768 183346 267 157 1336 828 221 4697 638 334 836
leaf_count=484 620 1022 144 223 116 125 350 2141 595 105 100 3263 420 196 111 2948 2403 5117 19339 64768 183346 267 157 1336 828 221 4697 638 334 836
internal_value=3.60125e-05 0.00197137 0.000897969 0.00227569 0.0224026 0.00137587 -3.02213e-05 -0.00244459 -0.00354565 -0.00638489 -0.0121159 3.2022e-05 0.0040828 0.0117363 0.0189031 -6.11496e-07 3.8218e-05 0.00263028 -1.27562e-05 -0.00056944 0.000236575 0.0035404 -0.000560933 0.00260945 -0.00492403 0.00262416 -0.00166787 -0.0155041 0.0112825 -0.00254054
internal_weight=297250 9967 8945 6887 260 6627 287283 7322 2058 1463 843 279961 2291 878 461 277670 274722 5576 270716 84107 186609 4006 1413 3739 1051 417 6838 743 459 1256
internal_count=297250 9967 8945 6887 260 6627 287283 7322 2058 1463 843 279961 2291 878 461 277670 274722 5576 270716 84107 186609 4006 1413 3739 1051 417 6838 743 459 1256
is_linear=0
shrinkage=0.03


Tree=38
num_leaves=31
num_cat=0
split_feature=33 18 74 124 10 52 70 29 79 54 86 24 51 14 37 41 79 84 22 14 116 12 58 30 33 79 46 58 51 14
split_gain=34.7129 55.7142 56.459 53.162 51.7485 79.2478 63.7004 59.6535 53.9945 54.3827 51.7259 61.6387 49.4694 66.2127 55.6355 47.5489 46.4612 46.121 67.1994 45.1841 68.7445 55.5329 51.6708 44.207 51.5846 42.52 41.3164 47.3097 44.3095 77.329
threshold=0.36273320019245153 1.014891564846039 0.84999999403953563 -0.53233808279037464 1.0187746882438662 0.89085820317268383 0.86170178651809703 -0.0023219150025397535 0.84999999403953563 1.1059811711311343 0.91666665673255932 0.038551457226276405 0.90181002020835888 0.97556242346763622 0.27902793884277349 0.050078753381967551 0.15000000223517421 0.45000000298023229 0.95611107349395763 0.91219791769981395 0.57002463936805736 0.98381823301315319 0.99588546156883251 -0.0054358241613954297 0.97710019350051891 0.94999998807907116 1.0089029073715212 0.96485817432403576 0.71678438782691967 0.89634749293327343
decision_type=8 10 2 10 8 8 10 10 2 10 2 10 10 8 10 10 2 2 10 8 10 10 10 10 10 2 10 10 10 8
left_child=1 19 3 -3 15 6 7 8 -6 -10 -9 -12 13 14 -4 26 -8 18 -17 20 -1 -22 -23 24 -7 -26 -2 28 29 -28
right_child=4 2 12 -5 5 23 16 10 9 -11 11 -13 -14 -15 -16 17 -18 -19 -20 -21 21 22 -24 -25 25 -27 27 -29 -30 -31
leaf_value=0.011534703616145059 0.0015428715039404978 0.0031904587152623322 0.016505592430088048 -0.0051175674715021897 -0.0052057195693941205 0.0034049873282923208 0.0030464463986907943 0.0056319476449228963 0.0049477795433600022 -0.0069154000280217997 0.0031968198570668203 -0.014803104472607373 -0.0033878992348028722 0.020368421379487613 -0.0057503906554457812 0.014211492249697998 -0.0087747434609934394 -0.0032248555718203589 -0.00032318517904234348 -0.00034718652076784446 -0.0086058310580630175 0.0059722890481772525 -0.006775372281813229 -0.0007411585887118744 0.0017713312039410172 -0.014706464844837702 -0.010873224887169691 0.00013203445306016057 -0.0026775802263683335 0.010641165574662288
leaf_weight=699 17008 732 124 5536 1070 4877 475 8418 1974 385 481 230 559 238 310 303 654 7279 2224 97067 429 1328 326 14671 226 253 175 119899 8771 545
leaf_count=699 17008 732 124 5536 1070 4877 475 8418 1974 385 481 230 559 238 310 303 654 7279 2224 97067 429 1328 326 14671 226 253 175 119899 8771 545
internal_value=3.25449e-06 -0.000426876 -0.00292078 -0.00409255 0.000247978 0.00131365 0.003072 0.00369805 0.000229313 0.00284369 0.00496483 -0.00246124 0.00277589 0.00828646 0.000394662 1.59111e-05 -0.0035737 -0.00200215 0.00139972 -0.000236024 0.00351028 0.000590751 0.00322961 9.51137e-05 0.00243585 -0.00657138 0.000153388 -2.71477e-05 -0.00206567 0.00485403
internal_weight=297266 107348 7499 6268 189918 33714 13687 12558 3429 2359 9129 711 1231 672 434 156204 1129 9806 2527 99849 2782 2083 1654 20027 5356 479 146398 129390 9491 720
internal_count=297266 107348 7499 6268 189918 33714 13687 12558 3429 2359 9129 711 1231 672 434 156204 1129 9806 2527 99849 2782 2083 1654 20027 5356 479 146398 129390 9491 720
is_linear=0
shrinkage=0.03


Tree=39
num_leaves=31
num_cat=0
split_feature=26 101 25 12 39 124 53 125 62 50 142 35 32 14 33 60 1 37 35 2 26 150 29 21 14 1 38 5 27 87
split_gain=41.3638 81.7114 61.599 67.6554 61.6593 53.3301 44.9078 40.2005 55.4648 49.2768 72.8529 44.0563 65.4988 64.6899 76.8421 51.3668 42.1485 46.6657 40.9402 66.6361 50.2684 38.7458 38.1718 38.053 56.0749 47.9138 35.8128 32.8772 33.9716 32.8074
threshold=0.10642701387405397 0.36515152454376226 0.049950143322348602 0.98625290393829357 -0.039857899770140641 0.27272786200046545 1.0727062225341799 0.47609719634056097 0.70325466990470897 0.86915889382362377 1.8073568940162661 0.36601080000400549 -0.0037872988032177086 0.92309772968292247 0.89744052290916454 0.94839861989021312 0.011754083447158338 0.73059070110321056 0.80995920300483715 -0.36666683852672571 0.02951884921640158 0.5288490653038026 -0.0096721015870571119 1.0562809109687807 0.98230960965156566 0.069322951138019576 0.0038812650600448255 0.010504211764782669 0.042693087831139571 0.82499998807907116
decision_type=10 2 10 10 10 10 10 10 10 8 8 10 10 8 10 10 8 8 10 8 10 10 10 10 8 10 8 10 10 2
left_child=7 -2 -3 5 6 -4 -5 9 29 10 11 13 15 14 -1 -13 26 18 20 -20 -18 -14 -12 24 -19 -25 -11 28 -10 -9
right_child=1 2 3 4 -6 -7 -8 8 27 16 22 12 21 -15 -16 -17 17 23 19 -21 -22 -23 -24 25 -26 -27 -28 -29 -30 -31
leaf_value=0.012368646443026793 0.01762151785580153 0.010608464658616503 -0.00061824284252701047 0.016344902224594005 -5.9593365540025729e-05 -0.01842012271515384 0.00096970217202868093 -0.013833461874015188 -0.00051081237406087768 0.0010045140637510168 0.010992342881774709 -0.0086408340006003184 0.0015428417611611071 0.0010472670903567012 -0.0013846756758367346 0.0062757964520936925 -0.00020585433629998032 -0.00076958800124421467 0.0034574481396364332 -0.00056550083461831579 -0.0013607496948436076 0.0070388180879289684 -0.0020223853178436002 -0.0015750116924165948 0.0016616926331489389 0.0086406377404982995 -0.0013607570324076339 0.0019345381862677865 -0.0040760468969825948 0
leaf_weight=1533 295 582 417 391 2594 259 374 498 6774 45006 186 864 7189 1709 424 232 84773 11927 5886 9685 57381 1431 4972 9573 28787 405 6490 2465 3929 273
leaf_count=1533 295 582 417 391 2594 259 374 498 6774 45006 186 864 7189 1709 424 232 84773 11927 5886 9685 57381 1431 4972 9573 28787 405 6490 2465 3929 273
internal_value=6.12251e-06 0.00273149 0.00164351 0.000230494 0.00205506 -0.00820314 0.00942652 -3.88197e-05 -0.00161038 3.88831e-05 0.00153296 0.00270729 0.00160011 0.00553566 0.00925327 -0.0051586 -6.66475e-05 -0.000257606 -0.000513055 0.000938458 -0.000674268 0.00250413 -0.00145449 0.000531182 0.000942066 -0.0011139 0.000700185 -0.00111916 -0.00185272 -0.00938031
internal_weight=297304 4912 4617 4035 3359 676 765 292392 13939 278453 18540 13382 9716 3666 1957 1096 259913 208417 157725 15571 142154 8620 5158 50692 40714 9978 51496 13168 10703 771
internal_count=297304 4912 4617 4035 3359 676 765 292392 13939 278453 18540 13382 9716 3666 1957 1096 259913 208417 157725 15571 142154 8620 5158 50692 40714 9978 51496 13168 10703 771
is_linear=0
shrinkage=0.03


Tree=40
num_leaves=31
num_cat=0
split_feature=38 11 26 86 78 21 3 42 31 24 2 41 28 27 22 42 139 23 24 100 37 134 7 16 52 98 17 79 24 116
split_gain=33.9639 83.9989 51.5886 48.556 60.2554 54.3014 60.0383 73.9145 42.953 45.2916 68.639 63.0316 62.7959 50.8115 44.292 44.0696 48.3713 37.8504 42.1137 41.6618 44.4784 36.7609 36.3583 39.9039 36.2678 35.7477 35.6133 35.4457 34.8614 33.5377
threshold=-0.00086003070464357723 0.97156038880348217 0.022033915854990486 0.78333333134651195 0.5000000149011613 1.0562809109687807 0.0087209511548280733 -0.069219443947076784 -0.0081817042082548124 0.027278836816549305 -0.90908798575401295 -0.074379261583089815 -0.012613117229193447 0.11869724467396738 0.89644062519073497 -0.077593009918928132 0.67494720220565807 0.017637057229876522 0.045741876587271697 0.64852941036224376 0.48776479065418249 0.3123143613338471 0.0072376576717942962 0.90121337771415722 0.76826438307762157 0.77500000596046459 1.0107839703559878 0.45000000298023229 0.012647917959839107 0.71941685676574718
decision_type=10 8 8 2 10 10 10 10 8 10 10 8 8 10 10 8 10 10 10 2 10 8 10 8 10 2 8 2 10 10
left_child=1 21 -2 4 5 6 7 -4 -3 11 -11 24 14 -14 -12 16 -13 27 22 20 -20 -1 23 -19 -10 -17 -8 -5 -29 -6
right_child=2 8 3 17 29 -7 26 -9 9 10 12 15 13 -15 -16 25 -18 18 19 -21 -22 -23 -24 -25 -26 -27 -28 28 -30 -31
leaf_value=0.0091692165084458748 0.00047630472898589746 0.0047483553742923646 -0.012781313265688061 0.00076190551434316257 -0.00042948397219545888 0.0037779632785880347 -0.0026355139357665202 -0.0012924066216204936 0.019302112610395331 -0.0063231301942367002 0.0095505938401548949 0.012220668202668924 -0.00070871601912713919 -0.006232469752495572 0.0012641005421624059 9.1566058366904406e-05 0.0020386283658075455 0.014632982471677002 0 0.0033772549280896781 -0.021806028999392348 0.0015254510099827327 0.0029643585302766575 0 0.00081165999142413447 0.0019045218654842972 -0.007605869913699906 0 -0.011612682148769902 0.0070768912791803569
leaf_weight=1342 52178 1863 503 4508 68084 1355 3065 23060 232 1976 738 521 17329 1650 3072 92675 2501 577 150 330 149 1172 2651 237 215 10990 2676 404 432 516
leaf_count=1342 52178 1863 503 4508 68084 1355 3065 23060 232 1976 738 521 17329 1650 3072 92675 2501 577 150 330 149 1172 2651 237 215 10990 2676 404 432 516
internal_value=0 0.000348017 -0.00029561 -0.000668933 -0.000866357 -0.00197381 -0.0022524 -0.00156101 0.000243131 0.000176513 -0.000975459 0.000445734 -0.00049348 -0.00121079 0.00298902 0.000394606 0.00396146 0.00137309 0.00354123 -0.00324307 -0.0112439 0.00576433 0.00487041 0.0104983 0.0114665 0.000286989 -0.00502274 -0.000238991 -0.00587834 -0.000366604
internal_weight=297151 136276 160875 108697 99259 30659 29304 23563 133762 131899 24765 107134 22789 18979 3810 106687 3022 9438 4094 629 299 2514 3465 814 447 103665 5741 5344 836 68600
internal_count=297151 136276 160875 108697 99259 30659 29304 23563 133762 131899 24765 107134 22789 18979 3810 106687 3022 9438 4094 629 299 2514 3465 814 447 103665 5741 5344 836 68600
is_linear=0
shrinkage=0.03


Tree=41
num_leaves=31
num_cat=0
split_feature=46 34 38 31 13 25 65 31 39 82 0 91 46 141 137 50 37 139 38 61 31 86 114 17 24 11 69 87 44 40
split_gain=34.6914 46.2338 41.8073 51.5696 48.4338 59.121 58.6987 67.5013 82.6831 62.6105 54.2291 53.0813 48.408 44.8038 47.9363 40.9238 54.876 50.2562 36.1774 42.3688 43.6847 51.48 42.7761 41.3251 39.5285 37.7824 35.4853 32.7168 31.9328 57.8476
threshold=1.010714650154114 0.81063112616539013 -0.0016643496928736565 -0.0081817042082548124 0.98421868681907665 0.093976024538278594 0.85147058963775646 0.0057263355702161798 0.039383016526699073 0.87500000000000011 -0.02530865557491779 0.58655697107315075 1.0700650215148928 0.93715792894363414 0.99422812461853038 0.89910218119621288 0.70214655995368969 0.8045058846473695 0.016639019362628463 0.78207102417945873 0.0037394856335595254 0.78333333134651195 0.6759777069091798 0.68147727847099315 0.038551457226276405 0.98191490769386303 0.4033616185188294 1.0000000180025095e-35 1.0454642176628115 -0.03028710093349218
decision_type=10 8 8 10 8 10 10 10 10 2 10 10 10 10 10 8 10 10 10 8 10 2 10 8 10 10 10 2 10 10
left_child=1 -1 3 13 5 6 9 10 -9 12 -8 -7 -4 -2 -15 16 17 -3 19 22 25 -22 24 -20 -6 -21 -13 -18 -5 -30
right_child=2 15 4 28 18 11 7 8 -10 -11 -12 26 -14 14 -16 -17 27 -19 23 20 21 -23 -24 -25 -26 -27 -28 -29 29 -31
leaf_value=0.0017588315169097648 -0.00067926202704437263 0.0014421178484658873 -0.0020280625503833198 0.00065653946776579846 0.0083366313673096052 0.0018637714642548609 0.01614901614936945 0.0035764261615175721 0.029425212107266167 9.2389775258495989e-05 -0.00084166676718880123 0 -0.0060928396398043068 0.012101939744321069 0 0.0011171633798182305 0.017149692609588183 -0.0072271562708323533 0.014116491423937986 -0.0014397816985807482 -0.0034858473408482548 0.0027773543387994044 0.016596596962227574 0.0015602514139111201 -0.0078127644136045896 0.00010424548527420414 -0.018971319708179051 0.00040413161428582941 0.0010976920593665268 -0.0011707173731347127
leaf_weight=20829 706 728 6886 68164 294 198 150 1660 106 5692 13051 113 4653 906 429 4499 103 2340 236 16925 6871 1356 245 5502 213 88708 400 1045 15431 28930
leaf_count=20829 706 728 6886 68164 294 198 150 1660 106 5692 13051 113 4653 906 429 4499 103 2340 236 16925 6871 1356 245 5502 213 88708 400 1045 15431 28930
internal_value=1.08878e-05 0.000987037 -9.57377e-05 0.000336293 -0.000420654 -0.00144114 -0.00123813 0.000117427 0.00560805 -0.00243174 -0.000601777 -0.00993893 -0.00370081 0.00504651 0.00826125 -0.000823024 -0.00295977 -0.00507687 -0.000138922 -0.000257795 -0.000307753 -0.00241292 0.00672983 0.00217602 0.000943697 -0.000140532 -0.0149562 0.00243135 0.000247311 -0.000374751
internal_weight=297369 29544 267825 114566 153259 32909 32198 14967 1766 17231 13201 711 11539 2041 1335 8715 4216 3068 120350 114612 113860 8227 752 5738 507 105633 513 1148 112525 44361
internal_count=297369 29544 267825 114566 153259 32909 32198 14967 1766 17231 13201 711 11539 2041 1335 8715 4216 3068 120350 114612 113860 8227 752 5738 507 105633 513 1148 112525 44361
is_linear=0
shrinkage=0.03


Tree=42
num_leaves=31
num_cat=0
split_feature=25 38 11 41 59 46 24 2 41 70 132 102 77 37 12 75 81 77 121 15 125 29 15 12 39 27 39 84 10 79
split_gain=35.9377 40.3209 52.7185 46.9655 54.9237 42.8951 60.8752 54.9698 54.4221 45.3973 38.9617 35.9603 35.387 53.6119 52.6982 45.9219 62.2693 44.3987 55.0876 43.6884 106.007 50.2501 37.2829 72.5225 65.0898 53.1959 38.1325 36.0244 35.3598 35.1089
threshold=0.012348900549113752 -0.0025034111458808179 0.98283264040946972 -0.037664346396923058 1.0178698897361758 1.264537572860718 0.027278836816549305 -0.90908798575401295 -0.074379261583089815 0.89447247982025158 0.71366387605667125 0.53390806913375866 0.091666668653488173 0.8470100760459901 0.98920628428459179 0.37500000000000006 0.050000002607703216 0.29166667163372045 0.32034660875797277 0.87882170081138622 0.47609719634056097 0.001418503816239536 0.79522016644477855 0.98791822791099559 -0.03039284702390432 0.077017545700073256 0.039383016526699073 0.84999999403953563 1.0032609105110171 0.45000000298023229
decision_type=10 10 10 10 10 10 10 10 10 10 10 2 2 10 10 2 2 2 10 8 10 10 10 10 10 10 10 2 10 2
left_child=-1 2 3 11 -5 6 8 -8 -4 -9 -7 -2 13 19 28 16 -14 -18 -19 20 21 -3 23 25 -25 -17 27 -24 -15 -28
right_child=1 12 5 4 -6 10 7 9 -10 -11 -12 -13 15 14 -16 22 17 18 -20 -21 -22 -23 26 24 -26 -27 29 -29 -30 -31
leaf_value=0.00089817316502641901 0.012305013849772612 0.024629656453845336 0.011578162526793936 0.0022936721152625361 -0.013424577150537444 0.013062410733450778 -0.0064279434345094867 -0.00035851480727984686 0.00040618940771525023 -0.0055998524261235763 0.002048481469025368 0.00013263620901852845 -0.0041218367586641205 0.012004991288553795 2.0501407745266857e-05 -0.0024536977209629841 0.00083644611630836032 0.010312232659322072 -0.0011874513290447569 -0.0018815623908882237 -0.0047271799030974629 0.0047750026458284337 0.00016606736397717806 0.013669517130343889 -0.0013561706963752885 -0.015667617636968167 -0.00044448268059220044 0.0025378305051047042 0 0.0093610890210322362
leaf_weight=34947 738 206 377 5750 183 389 1805 15190 69069 1653 1365 379 4664 618 4362 707 15570 354 36758 31834 569 362 58663 274 2115 522 450 6425 397 807
leaf_count=34947 738 206 377 5750 183 389 1805 15190 69069 1653 1365 379 4664 618 4362 707 15570 354 36758 31834 569 362 58663 274 2115 522 450 6425 397 807
internal_value=-4.26145e-06 -0.00012558 0.000358822 0.00285565 0.00171498 0.000158976 6.25007e-05 -0.0014545 0.000474473 -0.00089673 0.00477997 0.00851374 -0.000410742 -0.00121067 0.00153388 -0.000167281 -0.000798065 -0.000496663 -0.00106418 -0.00166801 0.00398102 0.0130788 0.000345542 -0.00259821 0.000341807 -0.00846732 0.000511329 0.000405505 0.00762177 0.00566383
internal_weight=297502 262555 96898 7050 5933 89848 88094 18648 69446 16843 1754 1117 165657 38348 5377 127309 57346 52682 37112 32971 1137 568 69963 3618 2389 1229 66345 65088 1015 1257
internal_count=297502 262555 96898 7050 5933 89848 88094 18648 69446 16843 1754 1117 165657 38348 5377 127309 57346 52682 37112 32971 1137 568 69963 3618 2389 1229 66345 65088 1015 1257
is_linear=0
shrinkage=0.03


Tree=43
num_leaves=31
num_cat=0
split_feature=26 101 138 34 39 84 95 134 15 86 49 4 109 118 39 31 13 112 40 26 50 118 120 75 25 17 25 51 39 32
split_gain=29.8892 59.7159 71.0334 43.354 48.4598 39.3536 56.4587 44.1836 35.4411 39.5655 33.7681 41.5476 40.3649 41.7486 37.4371 51.3903 40.9223 41.0834 38.1241 41.0755 33.6608 32.5854 37.1556 36.2618 32.0877 80.5863 39.5331 31.3724 30.7354 33.0155
threshold=0.10642701387405397 0.36515152454376226 0.95821368694305431 0.2926072776317597 0.039383016526699073 0.25000000745058065 0.0140288257971406 0.21903356164693835 0.79522016644477855 0.21666666865348819 0.83663558959960949 0.041667588055133827 0.35416667163372045 0.22950820624828341 0.039383016526699073 0.0057263355702161798 0.90623629093170177 0.20169491320848468 0.034997249022126205 0.030918034724891189 0.76580634713172924 0.10000019147992135 0.24009945988655093 0.82500001788139354 0.019777985289692882 0.97648519277572643 0.033601827919483192 0.71678438782691967 0.030831194482743744 9.8481235909275724e-05
decision_type=10 2 10 10 10 2 10 10 8 2 8 10 2 10 10 10 8 2 10 10 10 10 10 2 10 8 8 10 10 10
left_child=8 -2 5 4 27 20 -7 -8 9 -1 11 28 13 -13 16 18 17 -12 -16 -20 -3 22 -11 -23 25 -18 -26 -4 29 -10
right_child=1 2 3 -5 -6 6 7 -9 10 21 14 12 -14 -15 15 -17 24 -19 19 -21 -22 23 -24 -25 26 -27 -28 -29 -30 -31
leaf_value=-0.016744971041858993 0.014766755116883011 -0.0064740437096417903 0.010726796743961903 -0.0065189494584551935 -0.011654582001792733 -0.0067811007498653599 0.029203397726483699 0.008472534612937831 0.019706431911806668 -0.00022353331378039193 -0.0071529248166378725 0.012107199495610326 -0.0031141871344380783 -0.0013990428943153738 0.0075162028649051757 0.017114128875701708 0.0015331668613555965 0.0044425389987311128 0.0091943381368182597 -0.0023612176370135366 0.0040916613876388879 0.00013771067780035082 0.016439254026805614 -0.0091033366939532283 -0.00065356965118922223 -0.00018507346013481979 0.0002856990157756901 0 0 0.003456162741593387
leaf_weight=178 309 341 404 1138 172 141 111 882 291 740 1315 417 994 316 783 212 35834 298 315 1540 980 580 117 831 105556 77289 64718 499 232 276
leaf_count=178 309 341 404 1138 172 141 111 882 291 740 1315 417 994 316 783 212 35834 298 315 1540 980 580 117 831 105556 77289 64718 499 232 276
internal_value=1.15837e-05 0.00231293 0.00136507 -0.00243225 0.00166002 0.00490127 0.00899143 0.0116169 -2.6661e-05 -0.00360808 2.71965e-06 0.00344344 0.000608461 0.00600368 -2.66681e-05 0.00338069 -6.20278e-05 -0.00479879 0.00204368 -0.000161811 0.00108466 -0.00230858 0.00203226 -0.00514627 -3.36725e-05 0.000356737 -0.000294818 0.00471875 0.00904032 0.0126946
internal_weight=297809 4977 4668 2213 1075 2455 1134 993 292832 2446 290386 2526 1727 733 287860 2850 285010 1613 2638 1855 1321 2268 857 1411 283397 113123 170274 903 799 567
internal_count=297809 4977 4668 2213 1075 2455 1134 993 292832 2446 290386 2526 1727 733 287860 2850 285010 1613 2638 1855 1321 2268 857 1411 283397 113123 170274 903 799 567
is_linear=0
shrinkage=0.03


Tree=44
num_leaves=31
num_cat=0
split_feature=37 12 53 119 35 67 13 21 4 31 69 38 78 59 31 85 50 9 49 26 74 41 13 32 25 16 17 142 1 13
split_gain=34.8794 39.0794 53.3982 42.3058 36.5077 65.453 51.6923 55.8662 74.4785 55.2564 60.6659 56.3343 51.834 50.9695 50.8004 45.9272 44.8722 74.1455 61.6796 58.5459 46.6234 42.1185 76.4183 53.5656 41.1981 72.5122 40.733 39.4691 39.3219 38.6794
threshold=0.8470100760459901 0.98920628428459179 0.97381171584129345 0.45333336293697363 0.46494361758232122 0.067231640219688429 0.96626576781272899 0.89209175109863292 0.40908865630626684 -0.0081817042082548124 0.65254226326942455 -0.0087017589248716814 0.70000001788139354 0.98637399077415477 0.0034210735466331248 -0.62499999999999989 0.86915889382362377 1.0082549452781679 0.95979571342468273 0.022564915940165523 0.55000001192092907 1.0000000180025095e-35 0.94574731588363659 0.0056189987808465966 0.093976024538278594 0.79154723882675182 1.0508814454078677 1.3130561709403994 0.05621656775474549 0.97916671633720409
decision_type=8 8 10 8 8 8 8 8 10 10 10 10 10 10 10 2 8 10 10 10 2 10 10 10 10 8 10 10 10 10
left_child=4 2 -2 -4 5 26 9 8 12 -6 11 -11 -8 29 16 -16 17 27 19 -18 -20 22 -12 -23 25 -17 -1 -7 -9 -10
right_child=1 -3 3 -5 6 14 7 28 13 10 21 -13 -14 -15 15 24 18 -19 20 -21 -22 23 -24 -25 -26 -27 -28 -29 -30 -31
leaf_value=0.00033606196193854425 -0.0039869554755113737 0.00061342207691942685 0.001783025464985462 0.0096719849606341016 0.0084026416547010128 0.0039886485289687629 0.0065269636563838858 0.00034917679502102788 0 -0.00063693626268678894 0.015384290130801071 -0.0097587879053137143 -0.0053019984608993227 -0.0025481731920530474 -0.018003687088316428 0.0037449669526160665 0.00041731212213345529 0.011126917827117364 -0.00016480878594263889 -0.0019899813442586897 0.0014323440772849229 -0.00076583006694640231 -0.00032213259902897815 -0.0095853091934893983 -0.010336883909114811 -0.0026651446094684656 -0.0033795760150525599 -0.0020474893488071156 0.0045249438230868322 0.020404027400173587
leaf_weight=3416 541 21985 1315 1364 501 1978 697 108026 116 1206 379 1397 589 116 147 1910 14061 795 48878 24779 24575 14310 807 638 487 8343 10000 1821 2064 476
leaf_count=3416 541 21985 1315 1364 501 1978 697 108026 116 1206 379 1397 589 116 147 1910 14061 795 48878 24779 24575 14310 807 638 487 8343 10000 1821 2064 476
internal_value=1.52715e-05 0.00108337 0.00417583 0.00595271 -8.249e-05 -0.000418187 0.000276158 0.000524619 0.00548898 -0.00115489 -0.00143512 -0.00568398 0.000881253 0.0131922 -0.000206141 -0.0021645 -2.08316e-05 0.00287567 -0.000142492 -0.001111 0.000365708 -0.00072487 0.00462017 -0.0011746 -0.00188677 -0.00143686 -0.00241208 0.00102118 0.000430998 0.0167491
internal_weight=297717 25205 3220 2679 272512 141190 131322 112084 1994 19238 18737 2603 1286 708 127774 10887 116887 4594 112293 38840 73453 16134 1186 14948 10740 10253 13416 3799 110090 592
internal_count=297717 25205 3220 2679 272512 141190 131322 112084 1994 19238 18737 2603 1286 708 127774 10887 116887 4594 112293 38840 73453 16134 1186 14948 10740 10253 13416 3799 110090 592
is_linear=0
shrinkage=0.03


Tree=45
num_leaves=31
num_cat=0
split_feature=125 50 142 85 81 82 4 51 87 28 42 26 13 33 60 1 22 23 10 23 13 24 61 17 76 18 38 34 118 38
split_gain=37.6801 54.6725 63.3686 46.1447 56.1722 68.009 53.5452 72.2198 47.1957 45.075 40.9592 38.0074 44.5695 62.0754 73.541 46.4562 43.9813 41.2896 39.444 37.6448 37.7503 44.9323 64.6468 56.1639 36.9732 36.8634 43.2845 36.7649 33.8497 32.7672
threshold=0.47609719634056097 0.86915889382362377 1.4741008877754214 -0.72499999403953541 0.61666667461395275 0.69166666269302379 0.40908865630626684 0.82060664892196666 -0.60833334922790516 -0.002724798046983778 0.019939024932682518 0.022033915854990486 0.96626576781272899 0.51775100827217113 0.9408298432826997 0.05621656775474549 1.0969684123992922 0.020974460989236835 1.0330047607421877 0.023862701840698722 1.0933791995048525 0.036097949370741851 0.78207102417945873 0.80257722735404979 0.25000000745058065 1.0242571830749514 -0.00086003070464357723 0.43733015656471258 0.43243257701396948 -0.0011326826643198726
decision_type=10 8 10 2 2 2 10 10 2 10 10 8 8 8 8 10 10 10 10 10 8 10 10 8 2 10 10 10 8 10
left_child=1 2 3 10 5 8 7 -6 -5 -7 -1 18 16 25 17 -16 29 -15 28 -4 21 22 -21 -23 -18 26 -14 -27 -3 -13
right_child=-2 11 19 4 6 9 -8 -9 -10 -11 -12 12 13 14 15 -17 24 -19 -20 20 -22 23 -24 -25 -26 27 -28 -29 -30 -31
leaf_value=0.0040950181146495439 -0.0014972505184094097 0.0012423196579057483 -0.0017675647673854817 0.01816072610280834 0.019045171897959508 0.005523012860827411 0 0.0054802898977718536 0.0032987340546462803 -0.0045794080162674033 -0.013897959036501437 -0.00066884579822774611 0.00019226358718427234 0.0030546776636149876 0.00012741442954655242 0.0045662598941703225 0.0068960484587989486 0.011937196058083131 -0.00592964046613493 0.017903347931761585 0.01095192459545356 -0.0063546561104708341 0.0013001422642868556 0.0019863292976227544 -0.0072246541108729103 -0.0070680139888876755 -0.0012509123480626979 0 4.3482914059455962e-05 -0.0032556973080757859
leaf_weight=151 14318 35353 5806 191 574 476 650 1180 6135 1704 247 8971 33921 3036 68115 2179 866 594 835 289 363 1079 828 2063 169 1594 40821 1179 54265 9392
leaf_count=151 14318 35353 5806 191 574 476 650 1180 6135 1704 247 8971 33921 3036 68115 2179 866 594 835 289 363 1079 828 2063 169 1594 40821 1179 54265 9392
internal_value=2.09046e-06 7.91009e-05 0.0015244 0.00307906 0.00346662 0.00226133 0.00755362 0.0102532 0.00385055 -0.00220704 -0.00648447 -4.00887e-05 -0.000304411 -0.000128741 0.000490738 0.000270538 -0.00165886 0.00464782 0.000455774 -0.000135417 0.00184899 0.00095546 0.00609908 -0.000805263 0.00421274 -0.000723365 -0.000592051 -0.00412575 0.000519925 -0.00201035
internal_weight=297344 283026 21736 11308 10910 8506 2404 1754 6326 2180 398 261290 170837 151439 73924 70294 19398 3630 90453 10428 4622 4259 1117 3142 1035 77515 74742 2773 89618 18363
internal_count=297344 283026 21736 11308 10910 8506 2404 1754 6326 2180 398 261290 170837 151439 73924 70294 19398 3630 90453 10428 4622 4259 1117 3142 1035 77515 74742 2773 89618 18363
is_linear=0
shrinkage=0.03


Tree=46
num_leaves=31
num_cat=0
split_feature=42 5 21 29 57 26 55 85 16 78 52 32 137 85 45 17 119 44 84 32 10 52 38 62 26 39 26 86 149 38
split_gain=29.5498 79.6786 46.3937 41.0885 64.1777 37.3733 42.8756 59.9229 70.6137 55.9485 61.6435 43.7076 41.5595 37.7971 36.82 36.2058 59.7642 82.1368 62.7889 49.7343 41.1226 125.243 52.5586 45.4237 40.2634 39.4512 37.6249 35.7167 41.4542 34.3821
threshold=-0.088266666978597627 0.0086526595987379568 1.0107393860816958 -0.0014534671790897844 1.1707353591918948 0.030216498300433162 1.0865951180458071 -0.12500000372529027 0.91004276275634777 0.90000000596046459 0.76826438307762157 0.0066755642183125028 0.56014528870582592 -0.37499999999999994 1.0817639827728274 0.68147727847099315 0.32677163183689123 1.0162172913551333 0.84999999403953563 0.004808790050446988 1.0187746882438662 0.90409123897552501 -0.015372914262115954 0.96691215038299572 0.024117370136082176 0.012477948330342771 0.10642701387405397 -0.516666680574417 0.46453529596328741 -0.010423440486192702
decision_type=8 10 10 10 10 10 10 2 8 10 10 10 10 2 10 8 10 10 2 10 10 10 10 10 10 10 10 2 10 8
left_child=1 2 -1 5 15 -2 7 8 13 11 -11 -9 -10 -7 -4 16 17 19 -19 -5 22 23 -17 -22 -24 -23 -18 28 -6 -8
right_child=3 -3 14 4 27 6 29 9 12 10 -12 -13 -14 -15 -16 20 26 18 -20 -21 21 25 24 -25 -26 -27 -28 -29 -30 -31
leaf_value=-0.0080521857836070021 9.3749716184474267e-06 0.0054854138646549654 0.013082057970091494 -0.010941297922497664 -0.00027185126413420885 -0.017368586909709015 -0.003431459035988195 -0.0010831515790238244 -0.0031461379624408447 0.0097665566619439953 0.00079860223346117025 -0.010274793578582363 -9.1707715119746088e-05 -0.0031909544547309415 5.4335905074793188e-05 -0.0071158445321793089 0 -0.016166764616763175 0.002544831339208806 0.0054704385899054129 0.002450584086707851 -0.0021449187786937562 0.00060178207445731513 0.0087677683792331314 -0.00040512816734013013 0.008129330232398372 0.015729402362103791 0 0.0074117607236279196 0.00080493753198903272
leaf_weight=601 61145 3227 184 215 751 434 1952 8519 14664 808 4815 486 5799 385 5823 903 1107 778 163 537 14406 7600 67234 1139 76081 322 131 1736 2423 13201
leaf_count=601 61145 3227 184 215 751 434 1952 8519 14664 808 4815 486 5799 385 5823 903 1107 778 163 537 14406 7600 67234 1139 76081 322 131 1736 2423 13201
internal_value=1.7381e-05 0.00163338 -0.000213365 -3.69224e-05 0.000248574 -0.000486159 -0.00108518 -0.00165069 -0.00266685 -0.0001502 0.00217047 -0.00163414 -0.00229613 -0.0112964 0.00054525 0.000149215 -0.00313862 -0.00680651 -0.0126279 0.000227758 0.00020884 0.0013731 1.71499e-05 0.0029434 6.51731e-05 -0.00167011 0.00166731 0.00362568 0.0055095 0.000235632
internal_weight=297569 9835 6608 287734 175526 112208 51063 35910 21282 14628 5623 9005 20463 819 6007 170616 2931 1693 941 752 167685 23467 144218 15545 143315 7922 1238 4910 3174 15153
internal_count=297569 9835 6608 287734 175526 112208 51063 35910 21282 14628 5623 9005 20463 819 6007 170616 2931 1693 941 752 167685 23467 144218 15545 143315 7922 1238 4910 3174 15153
is_linear=0
shrinkage=0.03


Tree=47
num_leaves=31
num_cat=0
split_feature=40 36 18 19 141 72 78 9 38 114 22 16 15 39 52 6 5 17 38 41 27 9 25 46 127 16 62 97 71 6
split_gain=30.961 72.0541 41.2119 64.611 44.6213 36.9704 47.3081 54.7744 47.8789 42.9013 37.2172 36.7203 37.1312 37.3038 39.9072 36.762 45.6308 58.3079 57.5261 43.1025 37.9464 35.3724 57.6142 34.7809 33.2394 33.1973 59.3002 31.3522 30.1395 34.0969
threshold=-0.03028710093349218 0.82231479883193981 1.0242571830749514 1.0407113432884219 0.88052099943161022 0.082718867808580412 0.70000001788139354 1.0185214281082156 -0.0027916529215872283 0.58823511004447948 1.0151823163032534 0.9247262477874757 1.1413586735725405 0.023322017863392833 0.81192451715469371 0.59090951085090648 0.01181099144741893 0.68147727847099315 -0.0043625913094729176 -0.041167443618178361 0.11869724467396738 1.0392836928367617 0.041268110275268562 1.0237495303153994 0.075723122805356993 0.79154723882675182 0.74557289481163036 0.11432341113686563 0.58490541577339183 0.28571306169033056
decision_type=10 10 10 10 8 10 10 10 10 10 10 10 10 10 10 10 10 8 10 10 10 10 10 10 10 10 10 10 10 10
left_child=1 5 11 -4 -5 27 7 8 9 -7 -10 15 13 21 -15 16 17 18 -2 -17 -19 24 -23 -16 -13 -18 -27 -1 -8 -30
right_child=2 -3 3 4 -6 6 28 -9 10 -11 -12 12 -14 14 23 19 25 20 -20 -21 -22 22 -24 -25 -26 26 -28 -29 29 -31
leaf_value=0 -0.015363851570628629 0.0055050106384079422 -0.0042703956277386932 -0.0041111973764310309 0.0032605751228835219 0.0012231055376597155 0.0010108367272425004 -0.0068467067285045476 -0.0053991548171524106 0.01323258028827212 0.0071186032604743186 -5.5381588313386197e-05 0.002713484323882338 -0.0067941113545861359 0.0031309093765442323 -0.015057914483496981 -0.00036373019001336657 -0.00070302715437799872 -0.0022840121163102663 -0.0023822356648202005 0.0050593145590358485 0 0.022456872060515411 -0.0017350955684790614 0.00087589316752310095 0.015312136060376251 0.0024661308512770874 -0.0048774588371066135 0.0059847583445766968 0
leaf_weight=3332 453 2784 5150 1019 2414 1691 13457 1292 1406 319 215 141792 4975 1189 1524 247 2342 41852 1069 5164 1024 315 149 8157 45357 374 2520 1890 2646 1287
leaf_count=3332 453 2784 5150 1019 2414 1691 13457 1292 1406 319 215 141792 4975 1189 1524 247 2342 41852 1069 5164 1024 315 149 8157 45357 374 2520 1890 2646 1287
internal_value=4.95627e-06 0.00091408 -9.7183e-05 -0.00214033 0.00097443 0.000435356 0.000976021 -0.00158418 0.000233431 0.00338846 -0.00348953 -2.80243e-05 0.000156758 9.08953e-05 -0.00161321 -0.000716277 -0.000452568 -0.000770175 -0.00652036 -0.00306941 -0.000556118 0.000191389 0.00830411 -0.00093328 0.000168787 0.00217615 0.00432291 -0.00181252 0.00171902 0.00404884
internal_weight=297405 30319 267086 8583 3433 27535 22313 4923 3631 2010 1621 258503 203458 198483 10870 55045 49634 44398 1522 5411 42876 187613 464 9681 187149 5236 2894 5222 17390 3933
internal_count=297405 30319 267086 8583 3433 27535 22313 4923 3631 2010 1621 258503 203458 198483 10870 55045 49634 44398 1522 5411 42876 187613 464 9681 187149 5236 2894 5222 17390 3933
is_linear=0
shrinkage=0.03


Tree=48
num_leaves=31
num_cat=0
split_feature=1 121 38 17 126 41 57 97 26 39 24 32 7 93 85 25 62 14 114 29 115 31 117 79 82 0 3 80 80 39
split_gain=29.3434 78.147 38.4977 85.9034 67.3212 43.7617 52.2729 36.2673 45.5301 53.4773 39.9797 89.7795 54.485 47.1086 46.4047 36.5219 35.0956 34.5296 36.9064 38.7607 33.1938 31.7267 53.7738 45.6638 64.3357 40.7886 37.3407 48.2878 70.0708 43.7871
threshold=0.05621656775474549 0.6787565052509309 -0.015372914262115954 0.72311478853225719 0.29600021243095404 0.035588433966040618 1.1071428656578066 0.53963908553123485 0.038830602541565902 0.030831194482743744 0.038551457226276405 0.0042288764379918584 0.047219291329383857 -0.065791610628366456 0.72499999403953563 0.030779724009335045 0.89870449900627147 0.86288151144981395 0.77894759178161632 0.0050018599722534427 0.37473772466182714 0.0094258100725710409 0.57381492853164684 0.15000000223517421 0.24166666716337207 0.015564263798296453 0.007731952704489232 0.12500000372529033 0.32500000298023229 -0.0047567740548402062
decision_type=10 10 8 8 10 10 10 8 10 10 10 10 10 10 2 10 10 10 10 8 10 10 10 2 2 10 10 2 2 10
left_child=2 7 3 -1 5 -5 -7 8 9 -2 11 15 14 -13 -12 -10 -9 -6 19 -19 -14 26 -23 24 -24 -26 -4 29 -29 -28
right_child=1 -3 21 4 17 6 -8 16 10 -11 12 13 20 -15 -16 -17 -18 18 -20 -21 -22 22 23 -25 25 -27 27 28 -30 -31
leaf_value=-0.012686475163618861 -0.00732278033431049 0.0096601642103674359 0.00014050469006497227 -0.0035664790569978778 -0.0038699573226851527 -0.0032477417554946015 0.011315028007514417 -0.010389058059765375 -0.010094847290201169 0.0040518677126308647 0.0049456242074161876 0.0024523038552904026 0.0036816742845065891 0.020733518913457784 -0.0046479225727852503 0.0033367848512434028 0.0048677726753733374 0.015203361874073115 0.025030847565853036 0 -0.006171633176457747 0.013315382560953187 -0.00093431121514611474 -0.0015143517240419494 0.015384552763644274 -0.0010655297062611084 -0.00022541387733995534 0.0018842677519490887 -0.00088704526241018683 -0.0038319836736053652
leaf_weight=628 1025 963 217438 4844 206 405 404 460 188 525 2413 243 355 422 510 1216 145 221 100 479 1207 377 615 1851 558 131 5422 10581 36021 7432
leaf_count=628 1025 963 217438 4844 206 405 404 460 188 525 2413 243 355 422 510 1216 145 221 100 479 1207 377 615 1851 558 131 5422 10581 36021 7432
internal_value=-4.71859e-06 0.00161777 -6.04127e-05 -0.00221021 -0.00114226 -0.0024555 0.00376029 0.000674011 0.00123917 -0.00327646 0.00235945 0.00580838 0.000683094 0.0147579 0.00314961 0.00121105 -0.0062137 0.00584883 0.00875062 0.00537751 -0.00372438 -3.3258e-06 0.00281277 0.00138732 0.00569342 0.0118919 -4.05312e-05 -0.000707471 -0.000250845 -0.0023367
internal_weight=297385 9672 287713 7287 6659 5653 809 8709 8104 1550 6554 2069 4485 665 2923 1404 605 1006 800 700 1562 280426 3532 3155 1304 689 276894 59456 46602 12854
internal_count=297385 9672 287713 7287 6659 5653 809 8709 8104 1550 6554 2069 4485 665 2923 1404 605 1006 800 700 1562 280426 3532 3155 1304 689 276894 59456 46602 12854
is_linear=0
shrinkage=0.03


Tree=49
num_leaves=31
num_cat=0
split_feature=32 138 137 11 33 1 53 1 22 124 24 82 112 60 36 24 24 48 17 16 125 64 43 1 33 28 78 29 58 81
split_gain=35.4225 47.5002 57.0107 45.267 35.5924 50.2287 36.4055 36.4994 46.7467 52.426 34.1392 42.4202 34.099 33.8526 32.9066 56.7738 49.9505 52.1975 51.7406 41.0224 63.6851 53.6609 42.7302 40.8048 38.5636 36.3332 34.4012 58.8866 42.4765 32.5447
threshold=-0.0048122901935130349 0.79367113113403331 0.99422812461853038 0.97156038880348217 0.38593605160713201 0.014244991820305588 1.03365033864975 0.045166736468672759 0.95977306365966808 0.1136700175702572 0.026378224603831772 0.70833331346511852 -0.022474748082458969 0.96247684955596935 0.80852362513542186 0.032199874520301826 0.030708616599440578 0.90923568606376659 0.83676865696907055 0.74334150552749645 0.35355377197265631 0.94722220301628124 1.0927282571792605 0.049554634839296348 0.96074041724205028 0.011111105326563122 0.30000000447034841 -0.001667718112003058 0.95196217298507702 0.48333333432674414
decision_type=8 8 10 10 8 10 10 10 10 10 10 2 2 10 8 10 8 10 8 8 10 10 10 10 10 8 10 8 10 2
left_child=1 3 10 13 5 -2 -7 -8 9 -9 11 -3 -12 -1 16 -16 17 18 -6 20 21 -18 -22 25 -25 -21 28 -28 -19 -10
right_child=4 2 -4 -5 14 6 7 8 29 -11 12 -13 -14 -15 15 -17 19 26 -20 23 22 -23 -24 24 -26 -27 27 -29 -30 -31
leaf_value=-0.0038272341222491588 0.00048587343939490886 0.0088415630791264452 -0.00044952463646939875 -0.0026258419989555314 0.017735871909617344 -0.00075463840692796753 -0.0062516159345026813 0.012502587252410236 -0.016915125524799516 -0.0010558916895869346 0.00897149058697576 -0.0018752481633688928 -0.0017317609674265763 0.0082679401405709001 0.00060171388448230861 0.004766706544276327 -0.0028906248441310668 -0.0048768614609069902 0.0022772250376514001 -0.00063055892516186197 -0.012049015058547144 0.017134706846029475 0.002293976738027283 0.00086578280181566611 0.011908149796127306 -0.0037232373961148912 -0.00023424910323762563 0.0012637017343196436 -0.00029971949064496009 -0.0012095540739417367
leaf_weight=241 32899 471 2036 2950 276 72070 2226 358 183 688 2210 934 246 697 18871 3534 386 1919 771 12848 998 144 181 3831 298 4819 46070 47846 36167 413
leaf_count=241 32899 471 2036 2950 276 72070 2226 358 183 688 2210 934 246 697 18871 3534 386 1919 771 12848 998 144 181 3831 298 4819 46070 47846 36167 413
internal_value=8.2995e-07 0.00177504 0.00347706 -0.000734275 -5.85695e-05 -0.000487131 -0.000912637 -0.00376035 -0.000167931 0.00345066 0.00561659 0.00158051 0.00777293 0.00483216 0.000200417 0.00127571 4.44682e-05 0.000271594 0.00688951 -0.00122755 -0.00570752 0.00243 -0.00959534 -0.000857621 0.0017886 -0.00149436 0.000215795 0.000525803 -0.000540655 -0.00691154
internal_weight=297581 9785 5897 3888 287796 108837 75938 3868 1642 1046 3861 1405 2456 938 178959 22405 156554 133049 1047 23505 1709 530 1179 21796 4129 17667 132002 93916 38086 596
internal_count=297581 9785 5897 3888 287796 108837 75938 3868 1642 1046 3861 1405 2456 938 178959 22405 156554 133049 1047 23505 1709 530 1179 21796 4129 17667 132002 93916 38086 596
is_linear=0
shrinkage=0.03


Tree=50
num_leaves=31
num_cat=0
split_feature=125 21 79 64 5 28 139 10 69 62 68 14 74 125 24 37 50 19 61 4 6 34 116 37 17 40 4 80 26 4
split_gain=31.8232 50.4776 46.9578 78.075 70.9342 43.225 42.9311 45.9534 41.0841 40.3762 50.0786 40.1303 56.8617 35.9627 34.107 33.7411 33.2016 52.8748 40.552 78.1754 37.3098 38.2699 40.0496 35.907 46.0011 36.6619 34.7797 40.0926 32.5239 30.5603
threshold=0.47609719634056097 0.92052245140075695 0.55000001192092907 0.97499999403953563 0.0070711921434849509 0.021603350527584556 1.2705977559089663 1.0197102427482607 0.45882420241832739 0.70325466990470897 0.68055498600006115 0.95238092541694652 0.45000000298023229 0.29059840738773351 0.020951784215867523 0.87815818190574657 0.82738345861434948 0.96042764186859142 0.89663395285606395 0.54545462131500255 0.22221435606479648 0.74261778593063366 0.39024393260478979 0.8470100760459901 1.1432414054870608 -0.060680765658617013 0.39999772608280187 0.42499999701976782 0.10642701387405397 0.37499634921550756
decision_type=10 8 2 10 10 10 10 10 10 10 8 8 2 10 10 10 8 8 8 10 10 10 10 10 10 8 10 2 10 10
left_child=1 2 6 8 -5 -6 11 -8 13 10 28 12 -1 -4 -14 -12 20 -18 19 -19 21 22 -3 24 -20 -25 27 -23 -2 -9
right_child=9 16 3 4 5 -7 7 29 -10 -11 15 -13 14 -15 -16 -17 17 18 23 -21 -22 26 -24 25 -26 -27 -28 -29 -30 -31
leaf_value=-0.0077331998787226585 -0.0085070590571849607 0.014437399036494651 0.017000882771215958 0.0046381161167654951 0.010823802006077663 0.036524529903434522 -0.0057316021453549379 -0.0029347948678162777 -0.0037597588872631082 -0.00087448759282928573 -0.013568563808048526 0.0068497389593090256 -0.0072538125434173694 0.0015012140467111845 0.0025884258056057289 0 -0.0025545873226546431 -0.00096775257481689276 0.00012122795293494002 -0.010493248412346777 -0.00023692718453620015 0.0038162193255601401 0 0.010121573867418961 -0.0012776904774071192 0.0011113919852120439 0 0.026256749215641171 0.01003260365948081 0.0077999075189754434
leaf_weight=567 105 198 189 503 212 138 1471 387 678 13229 667 1339 303 545 5516 179 7370 6487 209932 880 1495 171 997 406 23499 18874 110 201 205 484
leaf_count=567 105 198 189 503 212 138 1471 387 678 13229 667 1339 303 545 5516 179 7370 6487 209932 880 1495 171 997 406 23499 18874 110 201 205 484
internal_value=0 6.99065e-05 0.00194556 0.00585768 0.0129527 0.0231946 0.00102576 -0.00245941 0.00124096 -0.00137559 -0.00674264 0.00212472 0.00106887 0.00623524 0.00200146 -0.010535 -1.45951e-05 -5.1995e-05 1.79601e-05 -0.00217153 0.00302537 0.00607892 0.00278073 8.31417e-05 -1.84105e-05 0.00132697 0.0132218 0.0174277 0.00270895 0.00273478
internal_weight=297337 282952 12332 2265 853 350 10067 2342 1412 14385 1156 7725 6386 734 5819 846 270620 267448 260078 7367 3172 1677 1195 252711 233431 19280 482 372 310 871
internal_count=297337 282952 12332 2265 853 350 10067 2342 1412 14385 1156 7725 6386 734 5819 846 270620 267448 260078 7367 3172 1677 1195 252711 233431 19280 482 372 310 871
is_linear=0
shrinkage=0.03


Tree=51
num_leaves=31
num_cat=0
split_feature=124 74 48 10 38 115 58 38 13 80 85 49 4 81 84 25 36 35 45 57 39 75 124 49 15 57 40 51 26 57
split_gain=28.7367 34.1498 51.4975 48.3699 43.0861 42.3183 45.8314 41.903 58.4315 56.2105 48.3393 42.4899 45.8958 42.2195 39.8876 43.3906 48.0406 36.2987 44.0621 45.409 35.5155 35.0497 63.2514 42.7463 32.2117 38.2972 59.9438 65.6101 59.2849 54.8275
threshold=-0.70149222016334523 0.55000001192092907 0.98130843043327343 1.0171172022819521 -0.015372914262115954 0.36718754470348364 0.98403891921043407 0.016639019362628463 0.95618814229965221 0.32500000298023229 0.62500000000000011 0.83663558959960949 0.43478299677371984 0.050000002607703216 0.84999999403953563 0.041268110275268562 0.089749127626419081 0.76851913332939159 1.0817639827728274 1.0197835564613345 0.02645199187099934 0.97499999403953563 0.43650767207145696 0.91241922974586498 0.90458989143371593 1.0626614689826968 -0.036712499335408204 0.87312111258506786 0.058908279985189445 1.1707353591918948
decision_type=8 2 10 10 8 8 10 10 10 2 2 8 10 2 2 10 10 10 8 10 10 2 10 10 8 10 10 10 10 10
left_child=-1 7 3 4 -3 -6 -7 11 -9 10 13 12 -2 -10 21 -16 -17 18 20 -20 -13 23 -23 -5 -4 26 27 -26 -28 -27
right_child=1 2 24 14 5 6 -8 8 9 -11 -12 17 -14 -15 15 16 -18 -19 19 -21 -22 22 -24 -25 25 29 28 -29 -30 -31
leaf_value=0.0015798755720699293 0 -0.0077542911944550822 -0.0024575409045134431 0.0043007758196189931 0.0036231894126299105 9.5535518681275677e-05 -0.0014909798768447187 -0.0080661894662854526 0 0.0011419565799490343 -0.0029381157507203113 -0.0002248160112301175 0.01817887057890779 0.014113446188347711 0.001113483885080828 0.023647769975543364 0.0059404245732793508 0.00054989547142513776 -0.003874780323749505 -0.0010686920797106628 -0.0040366072053116811 0.0013165132957484043 -0.0072051247539243182 -4.6148120930591454e-05 0.015507881149977627 -0.0009336093854371508 0.0016563385556227566 0.0029003218536227176 -0.010970046508612599 0.0057268959060065051
leaf_weight=10032 350 701 2074 3403 2287 43363 26016 435 284 4128 237 85876 207 853 1463 170 996 25085 6426 30294 2252 1949 1241 4695 572 10006 29452 1254 313 1228
leaf_count=10032 350 701 2074 3403 2287 43363 26016 435 284 4128 237 85876 207 853 1463 170 996 25085 6426 30294 2252 1949 1241 4695 572 10006 29452 1254 313 1228
internal_value=2.19937e-06 -5.18939e-05 0.000303824 -0.000121852 -0.000436635 -0.000358729 -0.000495317 -0.000352125 0.00210689 0.00299183 0.0082382 -0.000451396 0.00764358 0.0108376 0.00149174 0.0048244 0.00913031 -0.000484485 -0.000694775 -0.00156976 -0.000326519 0.000681864 -0.00192942 0.00174969 0.00112823 0.00130996 0.00184551 0.00713742 0.00150621 -0.000170002
internal_weight=297642 287610 131183 86284 72367 71666 69379 156427 5937 5502 1374 150490 557 1137 13917 2629 1166 149933 124848 36720 88128 11288 3190 8098 44899 42825 31591 1826 29765 11234
internal_count=297642 287610 131183 86284 72367 71666 69379 156427 5937 5502 1374 150490 557 1137 13917 2629 1166 149933 124848 36720 88128 11288 3190 8098 44899 42825 31591 1826 29765 11234
is_linear=0
shrinkage=0.03


Tree=52
num_leaves=31
num_cat=0
split_feature=1 121 38 17 138 43 51 69 10 86 35 84 15 11 82 40 57 10 108 23 17 41 15 2 34 32 24 50 17 18
split_gain=30.7015 100.341 40.4663 83.6541 52.2392 37.2262 37.0099 36.8394 36.3176 34.535 49.3026 47.1181 40.3412 37.3414 36.3055 39.7262 43.0034 53.5781 49.132 38.0955 60.7854 37.3532 31.7744 30.8898 45.4771 43.1752 97.0918 48.8803 48.486 38.542
threshold=0.05621656775474549 0.6787565052509309 -0.015372914262115954 0.72311478853225719 0.91679766774177562 1.0715954303741457 0.91794329881668102 0.79310044646263134 1.0171172022819521 -0.81666666269302357 0.6701561212539674 -0.55000001192092884 1.1222168207168581 0.98444461822509777 0.87500000000000011 0.02637585531920195 1.0035055279731753 1.0156872272491457 -1.0000000180025095e-35 0.020974460989236835 1.0059710741043093 -0.0020260070450603958 1.0270270705223086 -0.29999761283397669 0.85174643993377697 0.0042288764379918584 0.038551457226276405 0.88620841503143322 0.80257722735404979 0.98823532462120067
decision_type=8 8 8 8 10 10 10 10 10 2 10 2 10 10 2 10 10 10 2 8 10 8 10 8 10 10 10 10 8 10
left_child=2 23 3 5 7 -1 8 -5 -6 10 22 13 -13 -12 15 19 17 -17 -18 21 -21 -11 -4 24 29 28 27 -27 -25 -2
right_child=1 -3 9 4 6 -7 -8 -9 -10 14 11 12 -14 -15 -16 16 18 -19 -20 20 -22 -23 -24 25 -26 26 -28 -29 -30 -31
leaf_value=-0.016136297045642178 -0.0068507784228419794 0.010336301072386112 0.000226720339903946 -0.0045906867542039129 -0.0019371355351141767 0 -0.00167269582911897 0.007918543770891736 0.0073202555403926771 -0.00047581227745495337 -0.0034844131924597166 0.0017905259972134649 0.011232529778420998 0.00049991946845400121 0.0010372251738506436 -0.00062389539638761117 0.0019749464424321686 0.0065132460081769152 -0.0034931115311094153 0.0022854553657917897 -0.0013687362989551466 0.0003958838165194042 -0.0029161187640245343 -0.0082635243857768752 0.012271185662710569 0.019016700699977608 -0.0036496528212720636 0 -0.00040637758704300414 0.0031466924343082378
leaf_weight=503 384 1053 3631 3267 475 138 1603 192 1223 86293 2790 1913 546 8269 34316 7667 1684 1056 8918 15528 5438 90655 11525 865 408 386 592 190 4020 2073
leaf_count=503 384 1053 3631 3267 475 138 1603 192 1223 86293 2790 1913 546 8269 34316 7667 1684 1056 8918 15528 5438 90655 11525 865 408 386 592 190 4020 2073
internal_value=1.60345e-05 0.00165162 -3.97326e-05 -0.00222661 -0.00117779 -0.0124633 0.001453 -0.00376857 0.00456356 1.71083e-05 -0.000967711 0.00033028 0.00408177 -0.000482658 0.000130625 -1.12864e-05 -0.00131009 0.000218731 -0.00259425 0.000114137 0.00132296 -2.75305e-05 -0.0021441 0.000571766 0.00314398 -0.000602657 0.00445711 0.0131353 -0.00188685 0.00142039
internal_weight=297601 9971 287630 7401 6760 641 3301 3459 1698 280229 28674 13518 2459 11059 251555 217239 19325 8723 10602 197914 20966 176948 15156 8918 2865 6053 1168 576 4885 2457
internal_count=297601 9971 287630 7401 6760 641 3301 3459 1698 280229 28674 13518 2459 11059 251555 217239 19325 8723 10602 197914 20966 176948 15156 8918 2865 6053 1168 576 4885 2457
is_linear=0
shrinkage=0.03


end of trees

feature_importances:
RESI5=53
RSQR5=51
STD30=50
KLEN=40
STD20=40
ROC30=39
BETA10=33
BETA60=33
IMXD30=31
STD10=30
RSQR30=29
ROC5=28
HIGH0=27
RESI10=27
MA5=25
VWAP0=24
IMIN10=23
RESI60=22
RSQR60=21
RESI30=21
ROC10=19
MA60=19
RESI20=19
ROC60=18
QTLU5=18
IMIN60=18
IMXD10=18
STD5=17
BETA30=17
MAX30=17
MIN60=17
IMIN5=17
BETA20=16
BETA5=15
RSQR20=15
MAX10=15
WVMA5=15
LOW0=14
ROC20=14
RSQR10=14
MIN10=14
QTLU60=14
QTLD5=14
QTLD60=14
SUMP20=14
KUP=13
MA30=13
MIN20=13
MIN30=13
RSV30=13
STD60=12
KMID2=11
KUP2=11
QTLD30=11
IMIN20=11
SUMD20=11
KLOW=10
MA10=10
QTLD20=10
IMIN30=10
MAX5=9
MIN5=9
QTLU10=9
RSV10=9
IMXD20=9
SUMN5=9
SUMD10=9
IMAX10=8
IMAX60=8
IMXD5=8
CNTD10=8
KLOW2=7
OPEN0=7
MAX20=7
QTLU30=7
IMAX20=7
IMAX30=7
CNTP30=7
SUMP5=7
SUMP60=7
WVMA10=7
WVMA20=7
KMID=6
KSFT=6
QTLD10=6
RANK10=6
IMXD60=6
SUMP10=6
SUMP30=6
SUMD30=6
SUMD60=6
WVMA30=6
KSFT2=5
RSV5=5
RSV60=5
CNTD60=5
SUMN20=5
SUMN30=5
SUMN60=5
VSTD60=5
WVMA60=5
QTLU20=4
RSV20=4
IMAX5=4
CNTP10=4
CNTD30=4
SUMN10=4
SUMD5=4
RANK20=3
RANK60=3
CORR20=3
CORD60=3
CNTP5=3
CNTP60=3
CNTN10=3
CNTD20=3
VSTD5=3
VSTD10=3
MAX60=2
RANK30=2
CORR30=2
CORD5=2
CNTP20=2
CNTN20=2
CNTN30=2
CNTD5=2
VMA60=2
VSTD20=2
MA20=1
CORR10=1
CORD10=1
CORD20=1
CORD30=1
CNTN60=1
VSUMP30=1
VSUMP60=1
VSUMN10=1
VSUMN20=1
VSUMN30=1
VSUMN60=1
VSUMD20=1
VSUMD60=1

parameters:
[boosting: gbdt]
[objective: regression]
[metric: l2]
[tree_learner: serial]
[device_type: gpu]
[data_sample_strategy: bagging]
[data: ]
[valid: ]
[num_iterations: 500]
[learning_rate: 0.03]
[num_leaves: 31]
[num_threads: 12]
[seed: 20260812]
[deterministic: 0]
[force_col_wise: 1]
[force_row_wise: 0]
[histogram_pool_size: -1]
[max_depth: 7]
[min_data_in_leaf: 100]
[min_sum_hessian_in_leaf: 0.001]
[bagging_fraction: 0.8]
[pos_bagging_fraction: 1]
[neg_bagging_fraction: 1]
[bagging_freq: 1]
[bagging_seed: 20260812]
[bagging_by_query: 0]
[feature_fraction: 0.8]
[feature_fraction_bynode: 1]
[feature_fraction_seed: 20260812]
[extra_trees: 0]
[extra_seed: 9622]
[early_stopping_round: 0]
[early_stopping_min_delta: 0]
[first_metric_only: 0]
[max_delta_step: 0]
[lambda_l1: 10]
[lambda_l2: 20]
[linear_lambda: 0]
[min_gain_to_split: 0]
[drop_rate: 0.1]
[max_drop: 50]
[skip_drop: 0.5]
[xgboost_dart_mode: 0]
[uniform_drop: 0]
[drop_seed: 26770]
[top_rate: 0.2]
[other_rate: 0.1]
[min_data_per_group: 100]
[max_cat_threshold: 32]
[cat_l2: 10]
[cat_smooth: 10]
[max_cat_to_onehot: 4]
[top_k: 20]
[monotone_constraints: ]
[monotone_constraints_method: basic]
[monotone_penalty: 0]
[feature_contri: ]
[forcedsplits_filename: ]
[refit_decay_rate: 0.9]
[cegb_tradeoff: 1]
[cegb_penalty_split: 0]
[cegb_penalty_feature_lazy: ]
[cegb_penalty_feature_coupled: ]
[path_smooth: 0]
[interaction_constraints: ]
[verbosity: 1]
[saved_feature_importance_type: 0]
[use_quantized_grad: 0]
[num_grad_quant_bins: 4]
[quant_train_renew_leaf: 0]
[stochastic_rounding: 1]
[linear_tree: 0]
[max_bin: 63]
[max_bin_by_feature: ]
[min_data_in_bin: 3]
[bin_construct_sample_cnt: 200000]
[data_random_seed: 20260812]
[is_enable_sparse: 1]
[enable_bundle: 1]
[use_missing: 1]
[zero_as_missing: 0]
[feature_pre_filter: 1]
[pre_partition: 0]
[two_round: 0]
[header: 0]
[label_column: ]
[weight_column: ]
[group_column: ]
[ignore_column: ]
[categorical_feature: ]
[forcedbins_filename: ]
[precise_float_parser: 0]
[parser_config_file: ]
[objective_seed: 6428]
[num_class: 1]
[is_unbalance: 0]
[scale_pos_weight: 1]
[sigmoid: 1]
[boost_from_average: 1]
[reg_sqrt: 0]
[alpha: 0.9]
[fair_c: 1]
[poisson_max_delta_step: 0.7]
[tweedie_variance_power: 1.5]
[lambdarank_truncation_level: 30]
[lambdarank_norm: 1]
[label_gain: ]
[lambdarank_position_bias_regularization: 0]
[eval_at: ]
[multi_error_top_k: 1]
[auc_mu_weights: ]
[num_machines: 1]
[local_listen_port: 12400]
[time_out: 120]
[machine_list_filename: ]
[machines: ]
[gpu_platform_id: 0]
[gpu_device_id: 0]
[gpu_use_dp: 1]
[num_gpu: 1]

end of parameters

pandas_categorical:null
