tree
version=v4
num_class=1
num_tree_per_iteration=1
label_index=0
max_feature_idx=359
objective=regression
feature_names=CLOSE59 CLOSE58 CLOSE57 CLOSE56 CLOSE55 CLOSE54 CLOSE53 CLOSE52 CLOSE51 CLOSE50 CLOSE49 CLOSE48 CLOSE47 CLOSE46 CLOSE45 CLOSE44 CLOSE43 CLOSE42 CLOSE41 CLOSE40 CLOSE39 CLOSE38 CLOSE37 CLOSE36 CLOSE35 CLOSE34 CLOSE33 CLOSE32 CLOSE31 CLOSE30 CLOSE29 CLOSE28 CLOSE27 CLOSE26 CLOSE25 CLOSE24 CLOSE23 CLOSE22 CLOSE21 CLOSE20 CLOSE19 CLOSE18 CLOSE17 CLOSE16 CLOSE15 CLOSE14 CLOSE13 CLOSE12 CLOSE11 CLOSE10 CLOSE9 CLOSE8 CLOSE7 CLOSE6 CLOSE5 CLOSE4 CLOSE3 CLOSE2 CLOSE1 CLOSE0 OPEN59 OPEN58 OPEN57 OPEN56 OPEN55 OPEN54 OPEN53 OPEN52 OPEN51 OPEN50 OPEN49 OPEN48 OPEN47 OPEN46 OPEN45 OPEN44 OPEN43 OPEN42 OPEN41 OPEN40 OPEN39 OPEN38 OPEN37 OPEN36 OPEN35 OPEN34 OPEN33 OPEN32 OPEN31 OPEN30 OPEN29 OPEN28 OPEN27 OPEN26 OPEN25 OPEN24 OPEN23 OPEN22 OPEN21 OPEN20 OPEN19 OPEN18 OPEN17 OPEN16 OPEN15 OPEN14 OPEN13 OPEN12 OPEN11 OPEN10 OPEN9 OPEN8 OPEN7 OPEN6 OPEN5 OPEN4 OPEN3 OPEN2 OPEN1 OPEN0 HIGH59 HIGH58 HIGH57 HIGH56 HIGH55 HIGH54 HIGH53 HIGH52 HIGH51 HIGH50 HIGH49 HIGH48 HIGH47 HIGH46 HIGH45 HIGH44 HIGH43 HIGH42 HIGH41 HIGH40 HIGH39 HIGH38 HIGH37 HIGH36 HIGH35 HIGH34 HIGH33 HIGH32 HIGH31 HIGH30 HIGH29 HIGH28 HIGH27 HIGH26 HIGH25 HIGH24 HIGH23 HIGH22 HIGH21 HIGH20 HIGH19 HIGH18 HIGH17 HIGH16 HIGH15 HIGH14 HIGH13 HIGH12 HIGH11 HIGH10 HIGH9 HIGH8 HIGH7 HIGH6 HIGH5 HIGH4 HIGH3 HIGH2 HIGH1 HIGH0 LOW59 LOW58 LOW57 LOW56 LOW55 LOW54 LOW53 LOW52 LOW51 LOW50 LOW49 LOW48 LOW47 LOW46 LOW45 LOW44 LOW43 LOW42 LOW41 LOW40 LOW39 LOW38 LOW37 LOW36 LOW35 LOW34 LOW33 LOW32 LOW31 LOW30 LOW29 LOW28 LOW27 LOW26 LOW25 LOW24 LOW23 LOW22 LOW21 LOW20 LOW19 LOW18 LOW17 LOW16 LOW15 LOW14 LOW13 LOW12 LOW11 LOW10 LOW9 LOW8 LOW7 LOW6 LOW5 LOW4 LOW3 LOW2 LOW1 LOW0 VWAP59 VWAP58 VWAP57 VWAP56 VWAP55 VWAP54 VWAP53 VWAP52 VWAP51 VWAP50 VWAP49 VWAP48 VWAP47 VWAP46 VWAP45 VWAP44 VWAP43 VWAP42 VWAP41 VWAP40 VWAP39 VWAP38 VWAP37 VWAP36 VWAP35 VWAP34 VWAP33 VWAP32 VWAP31 VWAP30 VWAP29 VWAP28 VWAP27 VWAP26 VWAP25 VWAP24 VWAP23 VWAP22 VWAP21 VWAP20 VWAP19 VWAP18 VWAP17 VWAP16 VWAP15 VWAP14 VWAP13 VWAP12 VWAP11 VWAP10 VWAP9 VWAP8 VWAP7 VWAP6 VWAP5 VWAP4 VWAP3 VWAP2 VWAP1 VWAP0 VOLUME59 VOLUME58 VOLUME57 VOLUME56 VOLUME55 VOLUME54 VOLUME53 VOLUME52 VOLUME51 VOLUME50 VOLUME49 VOLUME48 VOLUME47 VOLUME46 VOLUME45 VOLUME44 VOLUME43 VOLUME42 VOLUME41 VOLUME40 VOLUME39 VOLUME38 VOLUME37 VOLUME36 VOLUME35 VOLUME34 VOLUME33 VOLUME32 VOLUME31 VOLUME30 VOLUME29 VOLUME28 VOLUME27 VOLUME26 VOLUME25 VOLUME24 VOLUME23 VOLUME22 VOLUME21 VOLUME20 VOLUME19 VOLUME18 VOLUME17 VOLUME16 VOLUME15 VOLUME14 VOLUME13 VOLUME12 VOLUME11 VOLUME10 VOLUME9 VOLUME8 VOLUME7 VOLUME6 VOLUME5 VOLUME4 VOLUME3 VOLUME2 VOLUME1 VOLUME0
feature_infos=[-5.4038181304931641:12.207799911499023] [-5.4630842208862305:12.317498207092285] [-5.552156925201416:12.828096389770508] [-5.543860912322998:11.230463981628418] [-5.5617179870605469:11.448848724365234] [-5.6241564750671387:11.414474487304688] [-5.6825575828552246:9.6098718643188477] [-5.657966136932373:9.3752841949462891] [-5.5993099212646484:11.028009414672852] [-5.6313424110412598:11.904008865356445] [-5.6268739700317383:14.104987144470215] [-5.6736459732055664:14.119842529296875] [-5.6078968048095703:13.772034645080566] [-5.3474845886230469:16.204652786254883] [-5.0301141738891602:14.807033538818359] [-5.0154285430908203:14.420330047607422] [-5.4409685134887695:12.201403617858887] [-5.6576046943664551:11.266861915588379] [-5.748682975769043:10.175777435302734] [-5.7619786262512207:9.7804374694824219] [-5.837033748626709:10.43333911895752] [-5.7729997634887695:12.606629371643066] [-5.8598322868347168:10.490278244018555] [-5.8949131965637207:12.366391181945801] [-6.0229306221008301:12.926149368286133] [-6.1776113510131836:15.240093231201172] [-6.156036376953125:12.846419334411621] [-6.1175355911254883:13.303590774536133] [-6.2611255645751953:15.902070999145508] [-6.491330623626709:18.839191436767578] [-6.5942034721374512:22.150033950805664] [-6.6824989318847656:25.889287948608398] [-6.9009256362915039:22.514554977416992] [-6.7733120918273926:19.431056976318359] [-6.7470202445983887:18.610666275024414] [-6.8720340728759766:19.165328979492188] [-6.9760775566101074:17.714389801025391] [-7.0796875953674316:15.677718162536621] [-7.4749898910522461:14.608213424682617] [-7.5138611793518066:16.016225814819336] [-7.5265936851501465:16.216730117797852] [-7.7491507530212402:15.659536361694336] [-8.1944398880004883:16.027450561523438] [-8.3186569213867188:16.247346878051758] [-8.5568714141845703:15.091236114501953] [-8.3141460418701172:16.4415283203125] [-7.9301848411560059:15.976382255554199] [-7.5947170257568359:14.645529747009277] [-8.3242588043212891:15.788053512573242] [-9.2431402206420898:16.761861801147461] [-9.4991426467895508:16.342136383056641] [-9.9160194396972656:13.517396926879883] [-10.473063468933105:13.854236602783203] [-10.574273109436035:16.66523551940918] [-10.056805610656738:18.256818771362305] [-9.4071807861328125:15.396571159362793] [-8.5168867111206055:12.600017547607422] [-7.2752594947814941:9.7437820434570312] [-7.4530038833618164:11.24958610534668] [0:1] [-5.3939027786254883:10.705911636352539] [-5.3801994323730469:10.959723472595215] [-5.4286031723022461:11.38120174407959] [-5.5680313110351562:10.736789703369141] [-5.5342550277709961:10.087675094604492] [-5.558952808380127:10.053220748901367] [-5.594970703125:9.4435482025146484] [-5.6583342552185059:9.4323110580444336] [-5.6505732536315918:9.6716413497924805] [-5.5674500465393066:9.3488006591796875] [-5.6290454864501953:12.511114120483398] [-5.6344051361083984:12.523300170898438] [-5.6714987754821777:12.193946838378906] [-5.5976228713989258:14.438279151916504] [-5.3190979957580566:13.691545486450195] [-5.0197815895080566:12.763317108154297] [-5.0082345008850098:12.066287040710449] [-5.4853944778442383:10.058550834655762] [-5.6640167236328125:9.9871940612792969] [-5.7586402893066406:8.8968601226806641] [-5.7868266105651855:8.7311592102050781] [-5.8147773742675781:11.030464172363281] [-5.7806525230407715:10.364409446716309] [-5.8425917625427246:10.789878845214844] [-5.8936858177185059:11.296235084533691] [-6.0248398780822754:13.41217041015625] [-6.1962108612060547:12.685262680053711] [-6.1465163230895996:11.593866348266602] [-6.1146559715270996:13.187936782836914] [-6.2870941162109375:16.678976058959961] [-6.497774600982666:19.713329315185547] [-6.5631170272827148:23.145591735839844] [-6.6829066276550293:22.194005966186523] [-6.9077982902526855:19.136722564697266] [-6.6785674095153809:16.363210678100586] [-6.7857351303100586:15.58949089050293] [-6.9262762069702148:17.248769760131836] [-6.9641542434692383:15.060530662536621] [-7.1025972366333008:15.738567352294922] [-7.4681973457336426:13.973452568054199] [-7.478858470916748:15.671545028686523] [-7.5521197319030762:15.950857162475586] [-7.7583436965942383:15.710830688476562] [-8.1823797225952148:16.055412292480469] [-8.4201278686523438:16.295528411865234] [-8.4783000946044922:15.138638496398926] [-8.1252670288085938:16.373483657836914] [-7.763270378112793:16.043643951416016] [-7.5328803062438965:14.280837059020996] [-8.3767480850219727:15.992692947387695] [-9.5014057159423828:17.000848770141602] [-9.5703029632568359:15.032841682434082] [-9.9364843368530273:13.725786209106445] [-10.522650718688965:12.483216285705566] [-10.593387603759766:15.447261810302734] [-9.7370462417602539:14.363873481750488] [-11.401833534240723:11.473542213439941] [-11.157689094543457:14.904097557067871] [-10.897046089172363:13.387150764465332] [-11.330784797668457:11.485442161560059] [-5.3820013999938965:12.364547729492188] [-5.4294228553771973:12.475584030151367] [-5.4694676399230957:12.552258491516113] [-5.5374393463134766:11.467157363891602] [-5.5535435676574707:11.189560890197754] [-5.5764822959899902:11.157842636108398] [-5.6358404159545898:9.7485008239746094] [-5.6567521095275879:9.3603830337524414] [-5.5977020263671875:10.770561218261719] [-5.5960569381713867:11.628432273864746] [-5.6298618316650391:13.794612884521484] [-5.6596841812133789:13.809728622436523] [-5.5593347549438477:13.465097427368164] [-5.357581615447998:15.858750343322754] [-5.0450444221496582:14.478733062744141] [-5.0299372673034668:14.091922760009766] [-5.0308094024658203:11.90185546875] [-5.5345115661621094:11.404111862182617] [-5.6715240478515625:10.971304893493652] [-5.6430082321166992:10.426162719726562] [-5.8330845832824707:10.159341812133789] [-5.7179265022277832:12.296684265136719] [-5.8336644172668457:10.210969924926758] [-5.8502101898193359:12.057721138000488] [-5.9448437690734863:12.601513862609863] [-6.107874870300293:14.864160537719727] [-6.0690827369689941:12.517831802368164] [-6.1017847061157227:12.972479820251465] [-6.1716437339782715:15.531359672546387] [-6.3130483627319336:18.409242630004883] [-6.5198044776916504:21.656618118286133] [-6.6459999084472656:25.317371368408203] [-6.7865829467773438:22.012430191040039] [-6.7773442268371582:18.976459503173828] [-6.7013201713562012:18.154861450195312] [-6.8188552856445312:19.343141555786133] [-6.9306292533874512:18.877908706665039] [-6.9270119667053223:18.2635498046875] [-7.1876015663146973:15.764147758483887] [-7.4516735076904297:15.993157386779785] [-7.4186992645263672:16.368352890014648] [-7.6636042594909668:16.003454208374023] [-7.9494142532348633:16.05760383605957] [-8.0757808685302734:16.394659042358398] [-8.4526987075805664:16.263423919677734] [-8.303074836730957:15.978355407714844] [-7.8713383674621582:16.688013076782227] [-7.4928336143493652:16.099445343017578] [-7.8494901657104492:15.217290878295898] [-8.7483577728271484:16.283535003662109] [-9.3180007934570312:17.738492965698242] [-9.6569833755493164:15.485908508300781] [-10.237624168395996:15.653045654296875] [-10.158770561218262:15.869563102722168] [-9.9206790924072266:17.252283096313477] [-9.229191780090332:15.695112228393555] [-8.3126459121704102:12.98033618927002] [-7.0230255126953125:17.571023941040039] [-6.7190179824829102:16.732889175415039] [-0.9664994478225708:19.204320907592773] [-5.3964767456054688:10.970551490783691] [-5.4396467208862305:10.572331428527832] [-5.5276446342468262:11.663507461547852] [-5.5864782333374023:11.011089324951172] [-5.5761957168579102:10.352532386779785] [-5.5853433609008789:10.316717147827148] [-5.6677336692810059:9.7006664276123047] [-5.6882305145263672:9.3147363662719727] [-5.6582484245300293:9.9389581680297852] [-5.6039600372314453:9.6126041412353516] [-5.6928701400756836:12.835577011108398] [-5.6788039207458496:12.846935272216797] [-5.6773409843444824:12.513778686523438] [-5.6048955917358398:14.802810668945312] [-5.320920467376709:14.052196502685547] [-5.0179457664489746:13.111536979675293] [-5.3839902877807617:12.409426689147949] [-5.8174047470092773:10.36540412902832] [-5.784174919128418:9.5021562576293945] [-5.832496166229248:8.678898811340332] [-5.8793540000915527:8.1940927505493164] [-5.8299708366394043:11.360886573791504] [-5.8449859619140625:10.684518814086914] [-5.86358642578125:11.115287780761719] [-6.1381864547729492:11.634455680847168] [-6.2772350311279297:13.802389144897461] [-6.2678170204162598:13.060978889465332] [-6.1760926246643066:11.949478149414062] [-6.2078957557678223:13.344522476196289] [-6.4379968643188477:17.147287368774414] [-6.6149802207946777:20.259696960449219] [-6.6496763229370117:23.773187637329102] [-6.8508658409118652:22.798303604125977] [-6.9366893768310547:19.675657272338867] [-6.7643942832946777:16.856267929077148] [-6.8079290390014648:16.073888778686523] [-7.0642623901367188:16.587459564208984] [-6.9945707321166992:15.523313522338867] [-7.3730998039245605:13.628948211669922] [-7.5600848197937012:14.123520851135254] [-7.5175132751464844:15.707470893859863] [-7.7112398147583008:15.520206451416016] [-8.0361595153808594:15.843544006347656] [-8.2219562530517578:15.957086563110352] [-8.5500802993774414:14.888853073120117] [-8.6501235961914062:14.439365386962891] [-8.3596582412719727:16.000946044921875] [-7.8853812217712402:14.204883575439453] [-8.4686384201049805:13.39249324798584] [-8.9124746322631836:15.623690605163574] [-9.8203353881835938:15.862236976623535] [-9.9615106582641602:13.501051902770996] [-10.32017707824707:10.791285514831543] [-10.724518775939941:10.996842384338379] [-10.861797332763672:13.722346305847168] [-10.031360626220703:15.071050643920898] [-11.908105850219727:12.20367431640625] [-11.882100105285645:9.2834072113037109] [-12.17307186126709:9.2433996200561523] [-16.49937629699707:0.97749477624893188] [-5.4039878845214844:11.250247001647949] [-5.4382061958312988:11.140832901000977] [-5.5047149658203125:12.130561828613281] [-5.5697188377380371:10.811211585998535] [-5.5674295425415039:10.79209041595459] [-5.5975079536437988:10.758352279663086] [-5.6568036079406738:9.5577478408813477] [-5.6772289276123047:9.3146648406982422] [-5.6385312080383301:10.375532150268555] [-5.6120061874389648:10.64986515045166] [-5.6572656631469727:13.342713356018066] [-5.6746344566345215:13.356831550598145] [-5.6420350074768066:13.01786994934082] [-5.4896707534790039:15.364109039306641] [-5.191077709197998:14.011350631713867] [-5.0303573608398438:13.63185977935791] [-5.2277398109436035:12.174280166625977] [-5.6374177932739258:10.149846076965332] [-5.7320928573608398:10.191084861755371] [-5.7643313407897949:9.0887775421142578] [-5.8503236770629883:9.207432746887207] [-5.8003559112548828:11.858438491821289] [-5.8468437194824219:10.466709136962891] [-5.8804669380187988:11.617894172668457] [-6.0177435874938965:12.15272331237793] [-6.1657099723815918:14.375732421875] [-6.191983699798584:12.817586898803711] [-6.1559233665466309:12.484643936157227] [-6.2097978591918945:14.530891418457031] [-6.4042263031005859:17.823141098022461] [-6.5801353454589844:21.013839721679688] [-6.6600465774536133:24.623151779174805] [-6.8311100006103516:22.463642120361328] [-6.8759355545043945:19.379465103149414] [-6.7502989768981934:17.56739616394043] [-6.8503098487854004:16.717073440551758] [-7.0050268173217773:17.691045761108398] [-7.0236339569091797:16.211967468261719] [-7.318967342376709:15.018354415893555] [-7.5370831489562988:15.103734970092773] [-7.5262660980224609:16.079132080078125] [-7.7127366065979004:15.877166748046875] [-8.0319108963012695:15.961054801940918] [-8.2521495819091797:16.268804550170898] [-8.5525264739990234:15.74934196472168] [-8.4979753494262695:15.61116886138916] [-8.1349296569824219:16.353021621704102] [-7.7380094528198242:15.389613151550293] [-8.1132259368896484:14.802522659301758] [-8.9047470092773438:16.255861282348633] [-9.6422586441040039:16.933559417724609] [-9.8980913162231445:14.581575393676758] [-10.386066436767578:13.345627784729004] [-10.668394088745117:13.418842315673828] [-10.563884735107422:15.277571678161621] [-9.8267021179199219:15.008130073547363] [-10.384056091308594:12.156516075134277] [-9.8234548568725586:12.631502151489258] [-9.2500982284545898:11.325177192687988] [-11.108595848083496:11.27674388885498] [-0.023151803761720657:320.79556274414062] [-0.023552967235445976:342.58062744140625] [-0.024514675140380859:319.25338745117188] [-0.025893872603774071:317.08056640625] [-0.025641471147537231:420.46987915039062] [-0.036820705980062485:162.91561889648438] [-0.01970398984849453:399.36898803710938] [-0.027579342946410179:314.48931884765625] [-0.032341785728931427:158.35102844238281] [-0.029248002916574478:155.65849304199219] [-0.026169661432504654:319.512939453125] [-0.024268938228487968:351.22409057617188] [-0.02471037395298481:370.87823486328125] [-0.022950060665607452:385.64321899414062] [-0.022395225241780281:386.80337524414062] [-0.023825481534004211:379.16131591796875] [-0.015462658368051052:198.29983520507812] [-0.023323949426412582:336.31124877929688] [-0.015774592757225037:234.04183959960938] [-0.018414083868265152:277.28448486328125] [-0.025623979046940804:413.89871215820312] [-0.026942715048789978:458.59365844726562] [-0.022823723033070564:376.15072631835938] [-0.03072655200958252:352.529052734375] [-0.026520777493715286:444.79776000976562] [-0.020596971735358238:385.6285400390625] [-0.026999516412615776:455.86917114257812] [-0.022171834483742714:371.3687744140625] [-0.016349649056792259:462.75802612304688] [-0.024673076346516609:413.50241088867188] [-0.018979929387569427:379.58163452148438] [-0.014445589855313301:267.478759765625] [-0.035802826285362244:390.68917846679688] [-0.019427074119448662:289.63323974609375] [-0.022303992882370949:333.93392944335938] [-0.0237291119992733:377.6591796875] [-0.0097173256799578667:539.491455078125] [-0.022759400308132172:340.16921997070312] [-0.010578911751508713:525.3720703125] [-0.020813301205635071:412.00271606445312] [-0.013653680682182312:173.86936950683594] [-0.011283853091299534:463.11029052734375] [-0.01480985339730978:319.55813598632812] [-0.017652995884418488:297.6595458984375] [-0.0095784598961472511:300.578857421875] [-0.011939272284507751:485.23876953125] [-0.017059490084648132:362.34173583984375] [-0.016829557716846466:191.77696228027344] [-0.012630914337933064:359.11703491210938] [-0.013145782984793186:433.60562133789062] [-0.018381858244538307:396.68478393554688] [-0.0091012157499790192:494.3228759765625] [-0.019375069066882133:449.85595703125] [-0.033517889678478241:157.14990234375] [-0.011998369358479977:467.15005493164062] [-0.010289213620126247:490.4542236328125] [-0.019199203699827194:267.81991577148438] [-0.018684670329093933:212.38313293457031] [-0.047170400619506836:526.06732177734375] [0:1]
tree_sizes=3075 3046 3050 3079 3036 3019 2990 3001 3088 3102 3059 3088 3066 3069 3043 3048 3096 3041 3075 3103 3061 3038 3097 3101 3054 3001 3055 3091

Tree=0
num_leaves=31
num_cat=0
split_feature=90 102 194 163 217 168 218 110 114 180 354 276 147 204 117 78 328 39 147 44 232 114 230 216 48 226 284 162 198 49
split_gain=195.833 189.557 76.5283 66.4388 155.108 136.036 67.6613 63.0435 56.5755 126.011 54.2461 50.0597 49.7742 47.5385 45.7919 44.7616 43.6618 42.8836 65.1573 42.5448 39.2705 65.3973 48.5362 41.539 41.3309 37.5749 36.1631 44.6254 33.7479 32.9295
threshold=2.375521302223206 0.032969115301966674 1.3605251908302309 -1.9647625088691709 -2.4472762346267696 -2.132064580917358 -0.69693848490715016 -0.6078873574733733 -1.4315246343612669 -1.1344991922378538 -0.005802065134048461 0.68708884716033947 0.9873405694961549 -1.3627285957336424 -0.15426698327064511 -1.7294721603393552 -0.010034295264631508 1.9128131270408633 2.4143604040145878 2.6045199632644658 1.8677177429199221 -0.062190208584070199 -0.63963595032691944 1.8831778764724734 1.6460675597190859 1.9730449914932253 -2.0026042461395259 -2.3073675632476802 2.1075335741043095 -1.8155559301376341
decision_type=2 2 2 2 2 2 2 2 2 2 2 2 2 2 2 2 2 2 2 2 2 2 2 2 2 2 2 2 2 2
left_child=1 2 3 8 10 14 -7 12 9 16 -5 -4 29 -9 -6 -15 -1 19 -19 -17 21 22 -2 -22 25 -23 27 -10 -24 -3
right_child=20 7 11 4 5 6 -8 13 26 -11 -12 -13 -14 15 -16 17 -18 18 -20 -21 23 24 28 -25 -26 -27 -28 -29 -30 -31
leaf_value=-0.0030527384203887968 -2.934696735761263e-05 0.0068796306863749528 0.0092985459555716792 0.015700349103503472 0.012392112640100096 -0.00041158288906241664 0.0010097298175298875 -0.0070387408098625962 -0.0019297884240707093 -0.013165934215112713 1.1543953281791084e-09 -0.00097185230411949201 0.00087219720297657534 0.012805322640472039 -0.0023683282837993042 -0.00090109775540041508 0.0068914853291086303 0.0030136748151641164 -0.008211937797253259 0.008885246416758294 -0.00035364389710878678 0.0015652605957365824 0.0045642691539704364 0.012167889575526229 -0.0052662760683205535 0.019534285601461136 -0.004884853938289681 0.0069018660073347496 0.022700968489101522 -0.0058056843653797327
leaf_weight=1826 195 154 1479 817 1142 44685 91059 1068 862 1124 267 522 1429 198 180 107591 478 4767 485 376 229 803 217 1432 654 112 702 1105 294 4703
leaf_count=1826 195 154 1479 817 1142 44685 91059 1068 862 1124 267 522 1429 198 180 107591 478 4767 485 376 229 803 217 1432 654 112 702 1105 294 4703
internal_value=4.71055e-05 -4.99407e-05 0.000675198 0.000591598 0.000728651 0.000636034 0.000539652 -0.0009305 -0.00245702 -0.00500732 0.0119442 0.00648777 -0.00386289 -0.000766225 0.0101535 -0.000703284 -0.000819017 -0.000731815 0.00189291 -0.000862599 0.00667354 0.00384348 0.0112996 0.0102794 0.000199663 0.0044564 0.000719844 0.00290011 0.0160261 -0.0053154
internal_weight=270955 267019 146248 144247 138150 137066 135744 120771 6097 3428 1084 2001 6286 114485 1322 113417 2304 113219 5252 107967 3936 2275 706 1661 1569 915 2669 1967 511 4857
internal_count=270955 267019 146248 144247 138150 137066 135744 120771 6097 3428 1084 2001 6286 114485 1322 113417 2304 113219 5252 107967 3936 2275 706 1661 1569 915 2669 1967 511 4857
is_linear=0
shrinkage=1


Tree=1
num_leaves=31
num_cat=0
split_feature=137 162 224 217 228 227 37 211 222 115 83 220 232 48 118 170 227 113 267 183 150 57 158 51 291 193 199 173 356 29
split_gain=180.577 154.924 85.0633 169.338 132.92 68.9841 64.5158 89.0813 61.7827 61.2999 59.1819 54.4728 51.0137 70.1025 51.583 48.8985 54.7116 60.2024 47.3826 45.7909 63.4105 65.9119 43.9047 42.9462 42.4253 41.981 40.6793 51.7102 40.5413 40.0565
threshold=2.052399873733521 0.075209375470876708 -2.4594930410385127 -2.9620141983032222 -3.0947685241699214 1.2966711521148684 -2.2490049600601192 -2.6698486804962154 3.2989680767059331 -0.093714941293001161 1.9169632792472842 -2.1768101453781123 1.959900498390198 1.9089900255203249 0.88095542788505565 1.1569818258285525 -0.16746582090854642 -1.29573118686676 -2.9166067838668819 0.2469715550541878 0.10164713114500047 -0.39430956542491907 0.23220136016607287 -1.9921281933784483 0.10535304993391038 2.7804434299468999 -2.2082099914550777 -1.4018529653549192 -0.010614821221679447 -1.8320732712745664
decision_type=2 2 2 2 2 2 2 2 2 2 2 2 2 2 2 2 2 2 2 2 2 2 2 2 2 2 2 2 2 2
left_child=1 2 18 -4 -5 10 11 -8 9 28 15 -6 13 -11 -15 16 23 -18 -1 20 -7 -22 -17 -3 -12 -16 -20 29 -2 -28
right_child=8 5 3 4 6 19 7 -9 -10 12 24 -13 -14 14 25 22 17 -19 26 -21 21 -23 -24 -25 -26 -27 27 -29 -30 -31
leaf_value=-0.012069951116927708 0.0019121165046154325 0.0089765664853953889 0.021016554014474324 0.019898106909496276 0.0015038092561125592 -0.0016004683943344226 -0.01293944483402166 0.00051032281969899717 0.014026867923676035 0.0022967166063593077 0.01160988641787712 0.011852536152117904 0.0065185399220325539 0.0012127428293581409 -0.019912284980432467 0.0011181030106743853 0.0072746601326133167 -0.00092622461898814201 0.003329981733702712 -0.00026983209780771089 -0.0036340343418087705 0.0068841289988936395 -0.0046984378159202009 -0.0034482424847345331 0.00029774142446376895 0 -0.0015878019320987701 0.00094575764006770259 0.012172151005162699 -0.014363014471398938
leaf_weight=584 625 225 347 301 1220 1710 423 146943 612 2230 508 807 1429 270 321 1327 787 74659 717 10528 587 3284 6318 10464 822 147 452 709 1100 577
leaf_count=584 625 225 347 301 1220 1710 423 146943 612 2230 508 807 1429 270 321 1327 787 74659 717 10528 587 3284 6318 10464 822 147 452 709 1100 577
internal_value=4.14858e-05 -8.11739e-05 0.000536661 0.000639297 0.000587256 -0.000934192 0.000543682 0.00046793 0.00488609 0.00388077 -0.00124296 0.005846 0.00189485 -0.00025964 -0.0082367 -0.00133501 -0.00112531 -0.000834798 -0.00440365 0.000869509 0.00306561 0.00520157 -0.0036494 -0.00314241 0.00494868 -0.0141293 -0.00237596 -0.00491166 0.00869119 -0.00917461
internal_weight=271033 264299 153080 150041 149694 111219 149393 147366 6734 6122 95110 2027 4397 2968 738 93780 86135 75446 3039 16109 5581 3871 7645 10689 1330 468 2455 1738 1725 1029
internal_count=271033 264299 153080 150041 149694 111219 149393 147366 6734 6122 95110 2027 4397 2968 738 93780 86135 75446 3039 16109 5581 3871 7645 10689 1330 468 2455 1738 1725 1029
is_linear=0
shrinkage=0.03


Tree=2
num_leaves=31
num_cat=0
split_feature=29 102 224 217 228 218 58 110 228 291 107 167 43 98 218 147 256 288 172 309 96 214 173 298 115 297 331 5 351 58
split_gain=153.908 141.108 103.165 155.816 141.986 69.1476 67.0274 58.4538 55.2428 55.1171 53.7225 85.9172 52.0018 51.0582 49.7765 45.0011 54.9953 45.1097 44.7099 42.4866 44.2549 42.1696 51.9327 84.412 46.3424 33.911 33.4052 30.3547 29.824 29.0341
threshold=2.3714984655380253 0.032969115301966674 -2.4594930410385127 -2.4472762346267696 -3.0947685241699214 -0.69693848490715016 0.54238411784172069 -0.6078873574733733 -2.4959501028060909 -2.2258590459823604 -0.71616289019584645 -1.4194094538688657 -2.9595729112625118 -2.8824393749237056 1.5245561003685 2.4143604040145878 2.1305675506591801 1.2266838550567629 1.983400344848633 1.0000000180025095e-35 2.0034505128860478 -0.26380822062492365 -1.2020083069801328 -1.2759869694709776 0.81758475303649913 -1.5312651395797727 -0.010069948621094225 0.83051723241806041 -0.0068469156976789227 1.035648047924042
decision_type=2 2 2 2 2 2 2 2 2 2 2 2 2 2 2 2 2 2 2 2 2 2 2 2 2 2 2 2 2 2
left_child=1 2 9 10 -5 6 -6 21 -7 -1 11 13 -11 -4 -2 16 19 -17 -19 20 -9 29 23 -23 -24 -13 -16 -18 -14 -3
right_child=14 7 3 4 5 8 -8 15 -10 12 -12 25 28 -15 26 17 27 18 -20 -21 -22 22 24 -25 -26 -27 -28 -29 -30 -31
leaf_value=-0.0092775096036400127 -3.1795770154845459e-05 -0.0067766008168163592 0.01958304303706708 0.020063892778544336 -0.00097550733468235206 0.013442375768375184 0.001842711783454688 -0.0010418022466591231 0.00092009825261950013 0.0082914556682562607 -0.0032992911196624238 0.00040225280418962936 -0.0098869716255222811 0.00039803175568490552 0.012259253034856848 0.0027799792038584667 0.018681967740523674 -0.017839093879073228 0 0.0010114600327988544 0.0030324248082220515 -0.0087242529722051532 -0.0047519849260301231 0.0085375133453591944 0.011942613118765304 0.022792523746081643 0.0050773833741538862 0.0028628071999275248 -7.0326033069990394e-05 -0.023818848349981839
leaf_weight=1397 897 790 145 315 39258 302 9347 98040 92259 378 205 100 469 665 1034 222 106 383 230 10986 2405 342 4108 782 127 549 2010 2245 797 115
leaf_count=1397 897 790 145 315 39258 302 9347 98040 92259 378 205 100 469 665 1034 222 106 383 230 10986 2405 342 4108 782 127 549 2010 2245 797 115
internal_value=-1.20388e-05 -0.0001002 0.000525564 0.000643866 0.000533567 0.000485026 -0.000426844 -0.000859403 0.00096709 -0.00491291 0.00972609 0.011779 -0.000956843 0.00458296 0.0058569 -0.000701574 -0.000647046 -0.00759198 -0.0117913 -0.00074538 -0.000940681 -0.00368815 -0.00257887 0.00296233 -0.00412706 0.0199062 0.00767896 0.00385415 -0.00403747 -0.00973469
internal_weight=271008 267067 146186 143145 141481 141166 48605 120881 92561 3041 1664 1459 1644 810 3941 114617 113782 835 613 111431 100445 6264 5359 1124 4235 649 3044 2351 1266 905
internal_count=271008 267067 146186 143145 141481 141166 48605 120881 92561 3041 1664 1459 1644 810 3941 114617 113782 835 613 111431 100445 6264 5359 1124 4235 649 3044 2351 1266 905
is_linear=0
shrinkage=0.03


Tree=3
num_leaves=31
num_cat=0
split_feature=90 102 256 53 30 162 168 217 273 110 302 36 245 232 218 113 236 175 136 211 114 238 177 176 236 267 108 168 13 145
split_gain=149.524 151.609 73.3023 75.6664 65.6453 103.211 63.6199 117.031 78.1044 61.9657 58.0097 52.2271 51.5104 48.3833 46.7064 46.0506 60.9686 46.0438 44.074 43.7858 40.8714 40.7051 46.3224 58.4588 55.1235 43.3916 62.5342 49.9555 40.0317 37.6022
threshold=2.375521302223206 0.032969115301966674 1.1002476215362551 -1.6972064971923826 -0.9745228886604308 -1.69658488035202 -1.5880523324012754 -2.4472762346267696 -0.84696695208549488 -0.6078873574733733 -0.022348546423017975 0.76657196879386913 -0.55085682868957508 1.8677177429199221 1.6763933897018435 -1.4291532039642332 -3.5218962430953975 0.41118100285530096 1.3666294217109682 -1.6866611242294309 2.2560604810714726 -0.97057998180389393 -1.1099293828010557 0.78954115509986889 -1.1554099321365354 2.3762036561965947 1.3492799997329714 1.3331264257431032 0.95575094223022472 0.55961051583290111
decision_type=2 2 2 2 2 2 2 2 2 2 2 2 2 2 2 2 2 2 2 2 2 2 2 2 2 2 2 2 2 2
left_child=1 2 3 4 5 12 -5 10 -9 18 -8 -4 -1 17 -15 16 -11 -2 -3 -7 -16 22 24 -24 -17 26 -23 -27 -6 -18
right_child=13 9 11 6 28 19 7 8 -10 15 -12 -13 -14 14 20 21 29 -19 -20 -21 -22 25 23 -25 -26 27 -28 -29 -30 -31
leaf_value=-0.0015730201949346559 0.0078661315314505313 -0.0047742712061771258 0.0061293182948812365 0.0035646392330507793 -0.0063556925105322758 0.011826172103256309 -0.0052547264783560522 -0.00095441485813271365 0.00078979950313983632 -0.011870040717328608 0.013066198956794227 -0.0028000457133165626 -0.012257884459672552 -0.0019474565784381201 0.019893424604395679 -0.0032849944062473685 0.00080538919195532793 -0.00064237018979620183 0.0025693611747818067 0.0017064113544040518 0.0076967638792443021 -0.00084155265753484295 -0.0059587926489455345 0.0013009219238891974 0.0040467830701069072 0.0052731678399480196 0.001341034837791038 -0.013032287266602363 0.0068498682635813359 0.017036992101619641
leaf_weight=2755 902 5480 3299 6236 3222 645 149 30297 95858 102 930 654 482 221 419 2084 267 1355 780 1142 1046 90634 4482 1193 1623 143 13474 486 183 340
leaf_count=2755 902 5480 3299 6236 3222 645 149 30297 95858 102 930 654 482 221 419 2084 267 1355 780 1142 1046 90634 4482 1193 1623 143 13474 486 183 340
internal_value=-2.03185e-05 -0.000107291 0.000542836 0.000427911 -0.00231814 -7.36191e-05 0.0006039 0.000455893 0.000368452 -0.000892814 0.0102137 0.00456984 -0.00332164 0.00576279 0.00965336 -0.000730739 0.00674392 0.00266549 -0.00380621 0.00561553 0.0116081 -0.00078098 -0.00268148 -0.00438077 0 -0.000607396 -0.000555991 -0.00837413 -0.00552252 0.0106291
internal_weight=270883 266940 145852 141899 8429 5024 133470 127234 126155 121088 1079 3953 3237 3943 1686 114828 709 2257 6260 1787 1465 114119 9382 5675 3707 104737 104108 629 3405 607
internal_count=270883 266940 145852 141899 8429 5024 133470 127234 126155 121088 1079 3953 3237 3943 1686 114828 709 2257 6260 1787 1465 114119 9382 5675 3707 104737 104108 629 3405 607
is_linear=0
shrinkage=0.03


Tree=4
num_leaves=31
num_cat=0
split_feature=29 102 163 277 228 53 180 227 52 87 124 154 171 232 233 204 294 172 232 53 102 197 106 173 44 154 42 17 27 18
split_gain=153.317 135.74 74.0274 147.731 143.505 81.9087 115.053 59.549 74.0968 52.4404 51.2293 51.0828 50.9312 116.134 53.2346 43.0361 41.6314 58.6745 40.3279 42.022 39.9511 39.0856 38.4178 38.2499 51.3651 37.7659 37.5865 36.7127 64.4308 37.2185
threshold=2.3714984655380253 0.032969115301966674 -1.9647625088691709 -2.5730621814727779 -2.4959501028060909 -1.3580975532531736 -1.1344991922378538 -0.23780943453311917 -1.3862211704254148 0.6242349147796632 -2.5722652673721309 -0.34452106058597559 0.23477585613727572 0.29172632098197943 -1.0841435790061948 -1.332513630390167 -2.3988870382308956 -1.8969778418540952 2.0581115484237675 0.047921946272253997 0.26072189211845404 2.3528513908386235 -2.2306442260742183 -2.8427178859710689 -1.910783529281616 -2.364441871643066 1.7010777592658999 -1.5809943079948423 -0.51679387688636769 -1.4489530920982359
decision_type=2 2 2 2 2 2 2 2 2 2 2 2 2 2 2 2 2 2 2 2 2 2 2 2 2 2 2 2 2 2
left_child=1 2 5 10 9 6 23 11 -9 22 -4 -3 14 -14 -6 20 -13 -18 19 21 -10 -2 -5 -1 -25 -8 -20 28 -17 -29
right_child=18 7 3 4 12 -7 25 8 15 -11 -12 16 13 -15 -16 27 17 -19 26 -21 -22 -23 -24 24 -26 -27 -28 29 -30 -31
leaf_value=-0.0082041431401019427 0.0024729181609314975 -0.0088894370518545519 -6.9806901661078797e-05 0.016654775897713782 -0.000611070785338141 0.0014963505723020821 0 0.0081246729953527563 0.00073402058767563065 0.023534536129616968 0.02088839333925447 -0.019922093441632909 -0.004782894494401153 0.00038211162326976628 0.0010991684256886815 0 0.015856520438983293 -0.0022143666830301348 -0.0035126212866177682 0.00048802466196403381 -0.010987834955568333 0.016923180301339144 0.0019471458935728129 0.0022902572884253201 -0.012693514267308437 -0.015385958552164992 0.011440597068965372 -0.012392084762515103 0.026660464621591762 -0.00059538923976137751
leaf_weight=586 468 1155 101 243 19482 2447 195 848 345 252 418 101 4977 17779 96314 223 141 9865 128 1722 669 321 577 1675 213 1004 1338 224 102 107361
leaf_count=586 468 1155 101 243 19482 2447 195 848 345 252 418 101 4977 17779 96314 223 141 9865 128 1722 669 321 577 1675 213 1004 1338 224 102 107361
internal_value=3.26352e-05 -5.34589e-05 0.000560289 0.000703153 0.000640309 -0.00265394 -0.00549328 -0.000797588 -0.00058073 0.0114872 0.016402 -0.00287997 0.000552574 -0.000737571 0.000808785 -0.000652736 -0.0021474 -0.00189867 0.00586545 0.0033298 -0.00677244 0.00899578 0.00695554 -0.00162282 0.000327252 -0.0130758 0.00990341 -0.000591207 0.00912513 -0.000625038
internal_weight=271274 267297 146263 140143 139624 6120 3673 121034 109772 1072 519 11262 138552 22756 115796 108924 10107 10006 3977 2511 1014 789 820 2474 1888 1199 1466 107910 325 107585
internal_count=271274 267297 146263 140143 139624 6120 3673 121034 109772 1072 519 11262 138552 22756 115796 108924 10107 10006 3977 2511 1014 789 820 2474 1888 1199 1466 107910 325 107585
is_linear=0
shrinkage=0.03


Tree=5
num_leaves=31
num_cat=0
split_feature=209 102 163 228 277 53 240 211 225 110 297 293 111 107 147 282 256 87 178 163 267 238 124 113 218 54 113 75 293 53
split_gain=153.829 119.121 91.8625 150.085 123.48 72.7312 117.291 62.2532 82.1965 59.2588 50.8261 50.5025 52.204 46.5431 45.6736 48.2483 44.7632 49.8462 47.5268 43.3225 42.6098 42.1647 44.8006 49.078 40.2637 39.3294 38.4416 38.2326 36.006 40.8927
threshold=2.5193992853164677 0.032969115301966674 -1.9647625088691709 -2.4959501028060909 -2.3893936872482295 -1.3903768658637998 -1.1008020639419553 -2.6698486804962154 -1.1140989661216734 -0.6078873574733733 -1.6300823688507078 -2.229482769966125 -1.2754867076873777 -0.7409873604774474 0.9873405694961549 0.6826981008052827 2.1305675506591801 2.5443159341812138 0.54385584592819225 1.8629582524299624 -2.9166067838668819 -0.88232922554016102 -0.62995332479476918 0.36300103366374975 -0.69693848490715016 -0.75555577874183644 -1.5533739924430845 -2.0988680124282832 2.1178159713745122 0.48280845582485205
decision_type=2 2 2 2 2 2 2 2 2 2 2 2 2 2 2 2 2 2 2 2 2 2 2 2 2 2 2 2 2 2
left_child=1 2 5 11 10 6 20 8 -6 14 -5 -4 25 -12 15 -3 21 28 -19 -2 -1 22 -11 -24 -9 -13 -23 -22 29 -18
right_child=19 9 3 4 7 -7 -8 24 -10 16 13 12 -14 -15 -16 -17 17 18 -20 -21 27 26 23 -25 -26 -27 -28 -29 -30 -31
leaf_value=-0.010347543634707775 0.00083563699994194604 -0.0037586925372760397 0 -0.0016543869033858582 0.00035014244151683764 0.00070421747267530367 -0.013647082409306491 -0.00018081008521642929 -0.025224560946416185 -0.0078355567392434239 0.018503875805947742 0.023215811513722342 0.0016407857585528519 0 0.00087678375519287764 -0.01318956522137991 0.0072282462504325009 0.0046809532288107619 -0.014329470364520184 0.0092249844302974126 0.0046755428041814397 0.0096832045513392251 7.7348717240910712e-05 -0.0043648411180073829 0.00090788254597750793 0.0008662876822598224 -0.00054342363113807151 -0.0036461532209931631 0.01075202049336103 -0.00095711056795792977
leaf_weight=417 875 4230 261 165 214 2532 1156 45073 176 1270 593 497 244 125 1456 582 886 164 253 2048 865 309 5252 3721 92346 117 101738 1113 628 1255
leaf_count=417 875 4230 261 165 214 2532 1156 45073 176 1270 593 497 244 125 1456 582 886 164 253 2048 865 309 5252 3721 92346 117 101738 1113 628 1255
internal_value=1.60939e-05 -5.77993e-05 0.000519112 0.000678052 0.000586617 -0.00307503 -0.00584264 0.000511809 -0.011127 -0.000751586 0.0116597 0.011538 0.0149823 0.0150877 -0.0035974 -0.00501129 -0.000593923 0.0028837 -0.00629439 0.00683832 -0.00186961 -0.000695761 -0.00253619 -0.00173703 0.000548638 0.0195919 -0.000507627 0 0.00440867 0.00232692
internal_weight=270561 267638 145894 139811 138692 6083 3551 137809 390 121744 883 1119 858 718 6268 4812 115476 3186 417 2923 2395 112290 10243 8973 137419 614 102047 1978 2769 2141
internal_count=270561 267638 145894 139811 138692 6083 3551 137809 390 121744 883 1119 858 718 6268 4812 115476 3186 417 2923 2395 112290 10243 8973 137419 614 102047 1978 2769 2141
is_linear=0
shrinkage=0.03


Tree=6
num_leaves=31
num_cat=0
split_feature=270 102 224 217 48 110 14 122 113 227 291 43 193 267 204 56 171 32 118 119 58 122 232 118 153 166 178 48 36 44
split_gain=131.442 127.213 60.991 134.905 105.267 60.0195 53.6414 59.2826 52.4877 48.4048 47.3573 48.047 46.7779 45.9443 41.704 38.9349 37.0486 36.7039 43.9787 35.8059 50.1736 45.8104 34.4161 50.2652 42.2096 30.9711 29.7239 27.8977 48.5381 28.7629
threshold=2.3694087266922002 1.0000000180025095e-35 -2.4594930410385127 -2.9620141983032222 -2.9402008056640621 -0.57393568754196156 1.2433603405952456 0.41825242340564733 -1.3932820558547971 -0.18517519533634183 -2.2258590459823604 -2.9595729112625118 1.7325910329818728 1.2355018854141238 -1.3030189275741575 -2.2721433639526363 -0.11779327690601347 0.99072197079658519 1.3286745548248293 -1.6917626261711118 0.87693566083908092 -1.924934387207031 1.959900498390198 1.1248409748077395 0.61914333701133739 -0.93345460295677174 0.55726805329322826 0.32638220489025122 -0.079806372523307786 0.14089801162481311
decision_type=2 2 2 2 2 2 2 2 2 2 2 2 2 2 2 2 2 2 2 2 2 2 2 2 2 2 2 2 2 2
left_child=1 2 10 -4 -5 13 7 -6 9 -7 19 26 -2 17 27 -13 -11 18 -3 -1 21 -21 23 -16 -24 -8 -12 28 -10 -29
right_child=12 5 3 4 6 8 25 -9 14 16 11 15 -14 -15 22 -17 -18 -19 -20 20 -22 -23 24 -25 -26 -27 -28 29 -30 -31
leaf_value=-0.01368314966379996 0 -0.00311699636645189 0.018359980807342708 0.018074218174903775 0.00064062611506264327 -0.0025647000328632634 -0.001991945027941127 -0.0012532018359854144 -0.0059185870106005824 0.017337852483271257 0.0010030100414509413 0.011993993806831825 0.0073941020757009356 0.0023559080208811994 -0.00052775244650192499 -0.0048686796057130213 0 -0.012109929930507753 -0.019844937972337391 0.0075584981714280474 -0.01747342693991439 -0.0072216105393969991 -0.0028600959142084342 -0.0025379666197603737 0.0033677385995730122 0.0062552518914689619 0.019027544312741396 0 0.015523498828776856 -0.012159843759882306
leaf_weight=551 1154 5811 364 288 118517 258 432 16904 319 359 259 110 2843 986 97623 1182 155 524 134 363 159 351 1253 12773 3780 2156 139 182 112 650
leaf_count=551 1154 5811 364 288 118517 258 432 16904 319 359 259 110 2843 986 97623 1182 155 524 134 363 159 351 1253 12773 3780 2156 139 182 112 650
internal_value=-4.73387e-05 -0.000129557 0.000484107 0.000579437 0.000527821 -0.000828394 0.000486418 0.000401863 -0.000659236 0.00700364 -0.00364162 -5.12949e-05 0.00533722 -0.00344469 -0.000713693 -0.00304339 0.0122844 -0.00437959 -0.00360961 -0.00763513 -0.00326098 0 -0.000650876 -0.000763472 0.00175272 0.00475885 0.00862493 -0.0061212 0 -0.00926784
internal_weight=270691 266694 141775 138661 138297 124919 138009 135421 117464 772 3114 1690 3997 7455 116692 1292 514 6469 5945 1424 873 714 115429 110396 5033 2588 398 1263 431 832
internal_count=270691 266694 141775 138661 138297 124919 138009 135421 117464 772 3114 1690 3997 7455 116692 1292 514 6469 5945 1424 873 714 115429 110396 5033 2588 398 1263 431 832
is_linear=0
shrinkage=0.03


Tree=7
num_leaves=31
num_cat=0
split_feature=29 102 163 228 277 53 180 86 293 230 226 98 198 292 3 218 161 178 113 145 150 200 53 170 15 225 119 207 46 179
split_gain=104.796 132.162 75.3632 135.598 110.348 87.1775 81.9415 56.6671 50.931 58.309 48.4004 46.3985 44.8769 44.8059 43.0372 42.8687 81.5343 42.6158 53.7673 42.5963 51.8118 59.152 46.6687 42.4961 53.7597 41.7653 41.5115 40.3261 39.6869 37.0036
threshold=2.23445737361908 0.049748597666621215 -1.9647625088691709 -2.4959501028060909 -2.3893936872482295 -1.2358922958374021 -1.1344991922378538 -1.1250903606414793 -2.229482769966125 -1.5106659531593321 0.45353916287422186 1.9939715862274172 -1.6036468148231504 -1.584943890571594 -2.5871213674545284 -0.69693848490715016 -0.55421164631843556 -0.95330753922462452 -1.3932820558547971 1.1913396120071413 0.46619632840156561 -0.12867347896099088 -1.0517384409904478 -0.66974949836730946 1.3616690039634707 1.1071192026138308 -1.6917626261711118 2.3449033498764043 0.8847353756427766 -0.056301414966583245
decision_type=2 2 2 2 2 2 2 2 2 2 2 2 2 2 2 2 2 2 2 2 2 2 2 2 2 2 2 2 2 2
left_child=1 2 5 8 14 6 26 10 -4 -10 -3 -2 -12 -7 -5 16 -6 19 -19 20 -9 -22 -21 24 -20 -24 29 -25 -17 -1
right_child=11 7 3 4 15 13 -8 17 9 -11 12 -13 -14 -15 -16 28 -18 18 23 22 21 -23 25 27 -26 -27 -28 -29 -30 -31
leaf_value=-0.0038049068289664955 0.00043217792382587187 -0.001586688417528193 0 -0.0042748682555265542 0.00026515622419713672 0.010520955494782897 -0.01145197641808314 -0.0013622121453615976 0.018387196489625765 0 0 0.0066588269310107811 -0.01622387253083326 0 0.013753742926653373 0.00097355040756373428 -0.0034860017143887156 0.0058379256150846003 -0.0053205122172975293 -0.0099128931555219676 -0.01935353047804286 -0.0050780745763991664 0.0073543351138020694 -0.00046212757769516205 0.0073060303161308305 -0.0022232251262763267 0.00032958928752466942 -0.0084288603999844655 -0.003996570257799024 -0.02077314153129603
leaf_weight=677 1837 1055 259 103 39638 425 1326 4020 679 177 188 3028 544 1723 757 93042 5972 1145 2930 255 295 2930 946 102015 302 634 1773 560 1427 147
leaf_count=677 1837 1055 259 103 39638 425 1326 4020 679 177 188 3028 544 1723 757 93042 5972 1145 2930 255 295 2930 946 102015 302 634 1773 560 1427 147
internal_value=2.55371e-05 -5.33248e-05 0.000541884 0.000683597 0.000598087 -0.00271614 -0.00538791 -0.000804146 0.0110269 0.0144869 -0.00609869 0.00438048 -0.0119876 0.00202975 0.0112055 0.000529233 -0.000220744 -0.000718984 -0.000547655 -0.00269844 -0.00374123 -0.00658758 0.00125297 -0.000620682 -0.00401075 0.00334394 -0.00211318 -0.00051018 0.000894469 -0.00760798
internal_weight=270809 265944 148125 142054 140939 6071 3923 117819 1115 856 1787 4865 732 2148 860 140079 45610 116032 106952 9080 7245 3225 1835 105807 3232 1580 2597 102575 94469 824
internal_count=270809 265944 148125 142054 140939 6071 3923 117819 1115 856 1787 4865 732 2148 860 140079 45610 116032 106952 9080 7245 3225 1835 105807 3232 1580 2597 102575 94469 824
is_linear=0
shrinkage=0.03


Tree=8
num_leaves=31
num_cat=0
split_feature=196 102 163 109 277 119 233 103 299 287 83 97 294 239 170 110 53 113 38 281 209 58 238 291 236 58 183 266 298 239
split_gain=131.483 101.134 75.8518 152.837 93.0194 71.9616 67.7876 73.1178 58.63 53.2461 55.5044 52.6486 57.0743 57.1825 48.3796 50.6529 46.1381 91.8397 61.3743 58.4371 53.6107 45.9842 44.4039 43.5324 43.4372 54.4444 43.1172 53.4005 41.8828 41.5028
threshold=2.1037777662277226 0.083028908818960204 -1.9647625088691709 -1.8994886875152586 -2.5730621814727779 -1.6917626261711118 -1.0841435790061948 -1.7312439084053037 0.65699437260627758 1.247516453266144 2.3644033670425419 -2.0605596303939815 -1.4500718116760252 -0.41502603888511652 1.2373793721199038 -0.70365205407142628 -0.083376783877611146 1.914377808570862 1.8300902247428896 1.2816814780235293 1.7771204113960268 0.20209641754627231 0.4125689715147019 -0.78441932797431935 -1.3339624404907224 0.56362441182136547 0.15760438889265063 -0.51847347617149342 -0.68808993697166432 0.15595424175262454
decision_type=2 2 2 2 2 2 2 2 2 2 2 2 2 2 2 2 2 2 2 2 2 2 2 2 2 2 2 2 2 2
left_child=1 2 5 21 -5 -1 8 -8 -6 10 14 24 -13 -14 15 -3 19 18 -18 -2 -19 -4 -20 -23 25 -7 27 -11 -29 -30
right_child=16 9 3 4 6 11 7 -9 -10 26 -12 12 13 -15 -16 -17 17 20 22 -21 -22 23 -24 -25 -26 -27 -28 28 29 -31
leaf_value=-0.0087967503719618406 0.0025192849278836923 -0.0041761791177332731 0.0046277129207856196 0.015507779209354351 -0.0019962086240671835 0.00092982736764321376 0.0065929139606362474 0.00052285008748656112 0.0031847204943126848 -0.0047152299776756067 0.010505166574237038 -0.0099047724958964585 0.0075767069627153683 -0.0047913723433782186 -0.0039945551437515995 -0.00077081891010880596 0.0034289533390075978 -0.0039892484891981697 6.5199539217858295e-05 0.015834160422704632 0.0093294394806929335 0.015873902872108148 -0.011272502110823108 -0.0024433710145540842 0.0065345025577781529 -0.01548137642418904 -0.00027436722936206685 -0.0029620096174588139 0.0085712294840903872 0.0024543507317314685
leaf_weight=1395 660 4155 2732 347 15857 1152 1803 122082 2186 689 348 931 501 921 4959 85571 1216 273 493 652 1834 698 636 101 1071 191 12184 630 1780 2743
leaf_count=1395 660 4155 2732 347 15857 1152 1803 122082 2186 689 348 931 501 921 4959 85571 1216 273 493 652 1834 698 636 101 1071 191 12184 630 1780 2743
internal_value=1.24149e-05 -8.41223e-05 0.000420063 0.00055971 0.00040397 -0.00282687 0.00036275 0.000614664 -0.00134907 -0.000764429 -0.00104924 -0.000987743 -0.00420592 -0.000181149 -0.00109709 -0.000932751 0.00448798 0.00290805 -0.00106686 0.00949975 0.00744143 0.00671284 -0.00614562 0.013189 0.00203465 -0.00137697 0.000719982 0.00283882 0.00392118 0.00495478
internal_weight=270791 265027 151968 145806 142275 6162 141928 123885 18043 113059 95033 4767 2353 1422 94685 89726 5764 4452 2345 1312 2107 3531 1129 799 2414 1343 18026 5842 5153 4523
internal_count=270791 265027 151968 145806 142275 6162 141928 123885 18043 113059 95033 4767 2353 1422 94685 89726 5764 4452 2345 1312 2107 3531 1129 799 2414 1343 18026 5842 5153 4523
is_linear=0
shrinkage=0.03


Tree=9
num_leaves=31
num_cat=0
split_feature=137 102 53 163 229 180 288 274 217 150 238 116 115 198 227 170 302 293 228 135 110 56 52 118 72 171 288 228 146 75
split_gain=121.876 115.416 73.5331 74.856 98.644 89.7373 70.4776 66.7828 75.1833 65.2084 64.0066 56.5189 50.863 49.9277 49.0188 61.9837 46.4687 45.4273 55.075 45.9908 42.4644 45.872 42.99 41.3401 40.6926 56.7148 55.8122 40.5697 39.9302 65.405
threshold=2.052399873733521 0.049748597666621215 -1.3903768658637998 -1.9647625088691709 -1.5905680656433103 -1.1344991922378538 -1.6950984001159666 -0.83171966671943653 -2.4472762346267696 -0.44123274087905878 0.37552410364151007 -1.2854363322257993 -2.2491974830627437 -2.4790055751800533 1.2966711521148684 1.2373793721199038 -0.020060941576957699 1.758633613586426 1.4406144022941592 3.3278391361236577 -0.58573824167251576 -1.7124810218811033 -1.5432485938072202 0.98847234249115001 -1.161354064941406 0.23477585613727572 0.36413592100143438 -3.0947685241699214 -0.4755213856697082 -0.55629760026931752
decision_type=2 2 2 2 2 2 2 2 2 2 2 2 2 2 2 2 2 2 2 2 2 2 2 2 2 2 2 2 2 2
left_child=1 2 3 5 11 -1 13 8 16 -6 -10 27 -2 -4 15 20 -8 18 -14 23 -3 -22 -23 -20 26 -26 -9 -5 -16 -30
right_child=12 14 6 4 9 -7 7 24 10 -11 -12 -13 17 -15 28 -17 -18 -19 19 -21 21 22 -24 -25 25 -27 -28 -29 29 -31
leaf_value=-0.0017490398023711649 0.016821065249304021 -0.0032323882694351145 -0.0045398563785747203 0.015303200905004309 0.00010542783340435572 -0.012017146458207572 -0.0014545964786576895 0.0021733594528900624 -0.001682162047088541 -0.0054590943880982777 0.0015160441751466097 0.0085181837709710669 0.0035381050719747197 0.0057159536220809425 -0.0065120243291841321 -0.0039853966702250339 0.011951455980090144 0.006488218250991426 -0.00016700839277299602 0.011080928970283519 -0.0062450198520457934 0.010114809129676874 -0.00060652974842209683 -0.012852514192794583 0.0011864603722349654 -0.00072141817505261166 0.01106808787848051 -0.00011424817273341795 0.012022853169342852 0.00070937836857016233
leaf_weight=2388 260 6194 434 142 4216 1180 292 4365 22678 3277 7381 1350 2851 3737 621 5978 658 2597 533 124 1290 315 86733 470 75276 17011 764 2341 460 14961
leaf_count=2388 260 6194 434 142 4216 1180 292 4365 22678 3277 7381 1350 2851 3737 621 5978 658 2597 533 124 1290 315 86733 470 75276 17011 764 2341 460 14961
internal_value=4.03439e-05 -6.10613e-05 0.000495243 -0.00149558 -0.000270822 -0.00527655 0.000721318 0.000593597 -0.000612724 -0.00229629 -0.000886382 0.0036022 0.00399023 0.00456066 -0.000767571 -0.00101464 0.00757655 0.00338789 0.0012665 -0.00417998 -0.000822794 -0.000649752 -0.000561972 -0.00653968 0.000980714 0.000831456 0.0035944 0.000762836 0.000761048 0.00108142
internal_weight=270877 264042 147490 14894 11326 3568 132596 128425 31009 7493 30059 3833 6835 4171 116552 100510 950 6575 3978 1127 94532 88338 87048 1003 97416 92287 5129 2483 16042 15421
internal_count=270877 264042 147490 14894 11326 3568 132596 128425 31009 7493 30059 3833 6835 4171 116552 100510 950 6575 3978 1127 94532 88338 87048 1003 97416 92287 5129 2483 16042 15421
is_linear=0
shrinkage=0.03


Tree=10
num_leaves=31
num_cat=0
split_feature=93 171 17 113 118 40 58 283 236 102 102 180 237 263 110 281 118 174 162 288 107 62 118 222 207 178 290 172 148 173
split_gain=130.63 99.4892 155.81 84.3564 72.2966 68.8584 66.683 64.5029 62.335 58.8833 63.5958 56.8443 63.3817 59.455 55.2935 53.3615 53.3355 53.0874 54.4784 51.2642 55.8351 45.4949 45.048 43.6268 43.4307 38.9381 58.3848 39.549 37.7064 35.6277
threshold=2.2204964160919194 0.23477585613727572 1.6971284151077273 0.76881518959999096 1.2036477923393252 -0.70486393570899952 0.35343223810195928 -0.6371827721595763 1.0245019793510439 0.032969115301966674 -2.9594092369079585 0.21793732792139056 0.35009126365184789 -0.81301528215408314 -0.38694852590560908 1.22338342666626 -1.0997319817543028 -1.0777530074119566 -0.5827183425426482 0.61992460489273082 -1.0199382901191709 0.69097214937210094 2.9268519878387456 1.3349998593330386 -1.4675373435020445 -1.0231171250343321 0.25670944154262548 0.60780978202819835 -0.33909887075424189 0.023968848399817947
decision_type=2 2 2 2 2 2 2 2 2 2 2 2 2 2 2 2 2 2 2 2 2 2 2 2 2 2 2 2 2 2
left_child=1 2 4 15 8 6 7 -5 9 10 -1 12 -7 -13 -11 25 -4 -6 22 20 -8 28 -19 -15 -14 26 -3 -27 -10 -20
right_child=-2 3 16 5 17 11 19 -9 21 14 -12 13 24 23 -16 -17 -18 18 29 -21 -22 -23 -24 -25 -26 27 -28 -29 -30 -31
leaf_value=-0.0074658340177276078 0.0048225936005285904 -0.013250310691508879 -0.00019111276005259566 -0.0084313700105313194 -0.015574192772496885 -0.0013124991513236762 0 0.0096777926290787415 0.0076697649265031545 -0.0026524804503661437 0.0006956608696092948 -0.014522650044251496 0.013775948750546019 -0.0018141327874009417 -8.5045881092232509e-05 -0.0046336326962512966 0.010492512859753332 0.0028852049786813254 -0.0010697049282635766 -0.00020528240257809902 0.020577375579240925 0.012440351794643362 -0.014530354022504167 0.0010364702146473739 0.0020840898101642819 -0.00061029956975514662 -0.0023605137760043162 -0.0027869600077266923 0 -0.0078389129839935654
leaf_weight=840 4976 579 476 383 284 6133 119 294 849 9638 116142 277 285 15464 35831 5058 1790 1781 1407 183 496 552 121 6864 11734 32960 2184 9957 1542 1665
leaf_count=840 4976 579 476 383 284 6133 119 294 849 9638 116142 277 285 15464 35831 5058 1790 1781 1407 183 496 552 121 6864 11734 32960 2184 9957 1542 1665
internal_value=1.56146e-05 -7.35741e-05 0.000350698 -0.000865824 0.000244635 0.000118083 0.00644496 -8.46703e-05 0.000356527 0.000275878 0.000633226 -0.000106578 0.00113484 -0.00111683 -0.000636783 -0.00169042 0.00813502 -0.00320616 -0.00238037 0.0122179 0.016277 0.00467514 0.00148152 -0.000924242 0.00240868 -0.00135608 -0.00482914 -0.00112335 0.00266966 -0.00486256
internal_weight=270864 265888 172918 92970 170652 42232 1475 677 165394 162451 116982 40757 18152 22605 45469 50738 2266 5258 4974 798 615 2943 1902 22328 12019 45680 2763 42917 2391 3072
internal_count=270864 265888 172918 92970 170652 42232 1475 677 165394 162451 116982 40757 18152 22605 45469 50738 2266 5258 4974 798 615 2943 1902 22328 12019 45680 2763 42917 2391 3072
is_linear=0
shrinkage=0.03


Tree=11
num_leaves=31
num_cat=0
split_feature=90 161 53 98 60 48 213 225 12 210 163 188 227 162 205 226 113 118 31 285 296 333 228 54 77 189 169 206 221 224
split_gain=124.671 82.1242 62.8427 60.5664 88.6334 65.1464 62.0917 81.3396 56.5387 58.7191 71.0456 118.48 55.7001 59.0391 54.0519 50.0134 47.9463 59.4142 49.5468 46.9063 46.2783 46.2396 46.0842 46.0153 71.564 54.0093 47.9995 44.789 44.6951 42.3273
threshold=2.375521302223206 0.10817215964198114 -1.426189064979553 -2.0557099580764766 0.64373549818992626 -2.2106800079345699 -1.588536202907562 -0.74907273054122914 1.1154736876487734 -0.51485049724578846 -1.9647625088691709 -0.97132539749145497 -0.79159536957740773 -2.3073675632476802 -1.2142801880836485 0.45353916287422186 -1.5095086097717283 -1.5926455855369566 0.016660301946103576 -0.40503950417041773 1.1940521001815798 -0.0077793034724891177 -2.4959501028060909 -0.44315582513809199 1.7573220133781435 -1.5078958272933958 0.77086699008941661 0.73133277893066417 0.65402698516845714 1.0625548362731936
decision_type=2 2 2 2 2 2 2 2 2 2 2 2 2 2 2 2 2 2 2 2 2 2 2 2 2 2 2 2 2 2
left_child=1 2 8 4 12 -5 7 -7 9 10 11 -1 13 -4 15 19 17 -16 -19 -3 -8 -20 -10 24 26 28 -18 -26 -25 -27
right_child=-2 14 3 5 -6 6 20 -9 22 -11 -12 -13 -14 -15 16 -17 23 18 21 -21 -22 -23 -24 25 27 29 -28 -29 -30 -31
leaf_value=-0.00091479091712662168 0.0053004135804456797 -0.014606428865796803 -0.002779460187755899 0.0094916720700686658 0.020791598068268208 -0.00051773350897241102 0.00040200174471047924 -0.008586569333370821 0.022156038567579042 -0.0049598639094072102 0.0012254454855534439 -0.014468963313244033 -0.0087928803787661932 0.0070455833953804092 -0.00603059055989717 -0.012520086040598745 -0.0021030666181922559 -0.0052712237220907277 0.015149305543725414 0.0019395963890918161 0.0032714167170576564 -0.00073213667970978551 0.0020191581784509611 0.010489947553602028 -0.011338025785749778 -0.00092416311263203237 -0.0074031590276864689 0.007459232104407805 -0.0046349995792178168 0.00054897282580886942
leaf_weight=2515 3880 171 697 693 264 4687 128189 1501 124 4171 6136 759 293 1970 288 654 12695 152 663 710 5288 169 528 686 100 66725 1814 942 190 23530
leaf_count=2515 3880 171 697 693 264 4687 128189 1501 124 4171 6136 759 293 1970 288 654 12695 152 663 710 5288 169 528 686 100 66725 1814 942 190 23530
internal_value=-2.32366e-05 -0.000102024 0.00033465 0.000524755 0.00458708 0.000428666 0.000380197 -0.00254464 -0.00156011 -0.00199495 -0.000641196 -0.00421685 0.0029113 0.00436466 -0.000734122 -0.00631026 -0.000650902 0.00506543 0.00866728 -0.00119192 0.000518401 0.0116298 0.00684073 -0.000722808 -0.0022351 -0.00046102 -0.00279564 0.00519324 0.00684437 -0.000536748
internal_weight=271184 267304 157815 143582 3224 140358 139665 6188 14233 13581 9410 3274 2960 2667 109489 1535 107954 1272 984 881 133477 832 652 106682 15551 91131 14509 1042 876 90255
internal_count=271184 267304 157815 143582 3224 140358 139665 6188 14233 13581 9410 3274 2960 2667 109489 1535 107954 1272 984 881 133477 832 652 106682 15551 91131 14509 1042 876 90255
is_linear=0
shrinkage=0.03


Tree=12
num_leaves=31
num_cat=0
split_feature=270 171 17 113 162 156 161 228 51 54 171 228 280 281 95 118 222 121 294 235 202 298 236 226 239 227 291 229 218 32
split_gain=96.8895 100.172 108.309 75.7714 65.5995 112.921 63.9126 62.8366 65.6015 59.0377 54.6233 58.767 51.0494 48.9106 48.6795 48.254 46.2148 54.1552 49.4752 44.8441 51.6479 44.6543 40.5857 40.2023 38.6967 45.5547 38.3528 37.7525 52.4434 45.1112
threshold=2.3694087266922002 0.23477585613727572 1.6971284151077273 0.76881518959999096 -2.3073675632476802 -2.3518923521041866 0.18224760890007022 -2.4959501028060909 -2.6108748912811275 -0.53104498982429493 -0.58737128973007191 -1.6904137730598447 -2.0334630012512203 1.22338342666626 0.68559110164642345 -1.3478167653083799 1.3030498027801516 0.20908535271883014 2.650118470191956 0.9250188171863557 1.6559582948684695 -3.3641046285629268 2.0819301605224614 0.98588353395462047 0.75089523196220409 -0.79159536957740773 0.49258658289909368 -0.2126088663935661 -1.8574325442314146 -1.8315773606300352
decision_type=2 2 2 2 2 2 2 2 2 2 2 2 2 2 2 2 2 2 2 2 2 2 2 2 2 2 2 2 2 2
left_child=1 2 4 13 10 12 14 8 -7 -9 11 21 -6 27 -5 -4 17 18 -8 20 -18 -1 -21 26 25 -17 -15 28 -3 -30
right_child=-2 3 15 6 5 7 16 9 -10 -11 -12 -13 -14 23 -16 24 19 -19 -20 22 -22 -23 -24 -25 -26 -27 -28 -29 29 -31
leaf_value=-0.016904131586824616 0.0046490304904967311 0.0080124867041757725 -0.0023262885400599257 0.0027527588841466263 0.004478551088934881 -0.0051964278555242348 0.00074929505856503702 -0.00052778094002671743 0.0097107596057820818 0.00064924001264938798 0.010364479916440187 -0.016618340571744824 0.01821965474770337 -0.0025017794990064811 -0.0058546630578224972 0 0.00042740841493978181 -0.0026162893266203531 -0.011910556012666539 0.0038987406972488957 -0.007370864079034754 -0.0019935895154108017 -0.0013054296243059701 -0.0023190524631067793 -0.0015948666081332214 0.012762644454904336 -0.011792537331057111 -0.0010754000877094541 -0.023946826714274335 -0.0047663736000657583
leaf_weight=188 3950 238 369 9207 854 300 9258 60114 1165 105151 187 351 394 811 593 302 3007 12869 265 5057 978 2270 1722 3434 226 1353 1056 42477 107 2728
leaf_count=188 3950 238 369 9207 854 300 9258 60114 1165 105151 187 351 394 811 593 302 3007 12869 265 5057 978 2270 1722 3434 226 1353 1056 42477 107 2728
internal_value=-2.03935e-06 -7.23057e-05 0.000354052 -0.000862723 0.000265763 0.000346107 5.82741e-05 0.00027639 0.0064272 0.00021928 -0.00411185 -0.00524807 0.00927223 -0.00164634 0.00219051 0.00686937 -0.000563854 -0.00134588 0.000341345 0.00103463 -0.00143879 -0.00338232 0.0025327 -0.00439349 0.0088366 0.0104422 -0.00798503 -0.00131826 -0.00454963 -0.00575805
internal_weight=270981 267031 173224 93807 170974 167978 42956 166730 1465 165265 2996 2809 1248 50851 9800 2250 33156 22392 9523 10764 3985 2458 6779 5301 1881 1655 1867 45550 3073 2835
internal_count=270981 267031 173224 93807 170974 167978 42956 166730 1465 165265 2996 2809 1248 50851 9800 2250 33156 22392 9523 10764 3985 2458 6779 5301 1881 1655 1867 45550 3073 2835
is_linear=0
shrinkage=0.03


Tree=13
num_leaves=31
num_cat=0
split_feature=256 161 236 31 206 78 285 53 288 204 289 108 110 263 113 139 12 110 231 281 90 298 277 36 93 54 285 93 44 52
split_gain=86.9738 99.672 74.8126 77.0159 61.7179 56.7382 63.8722 50.0578 50.2403 85.3708 53.4185 49.6341 60.4713 52.7606 48.9359 48.3 72.3678 57.9654 48.7076 47.4342 45.2737 74.5862 50.5529 42.4605 41.0559 36.951 36.9218 54.6285 32.9825 31.6966
threshold=2.1305675506591801 0.14055599272251132 1.1238605976104739 -1.7701506018638609 -1.075578451156616 -1.5377222299575803 1.0047587156295779 -1.6972064971923826 -2.395949006080627 -2.6629621982574458 -2.9570678472518916 1.315471947193146 1.1139766573905947 2.3642585277557377 -1.5095086097717283 -0.53329226374626149 0.79750651121139537 -1.7043982744216917 -2.5127074718475337 -1.9477787017822263 -0.70594516396522511 1.0457161664962771 -2.3893936872482295 1.7697545289993288 -0.99893406033515919 -0.24258177727460858 -0.57253846526145924 -1.1175309419631956 0.4688235223293305 2.1288352012634282
decision_type=2 2 2 2 2 2 2 2 2 2 2 2 2 2 2 2 2 2 2 2 2 2 2 2 2 2 2 2 2 2
left_child=1 2 7 -4 28 6 -6 15 9 -9 -11 13 23 14 -7 18 19 -18 -1 -17 22 -22 -10 -13 -20 -14 27 -5 -3 -2
right_child=29 4 3 26 5 11 -8 8 20 10 -12 12 25 -15 -16 16 17 -19 24 -21 21 -23 -24 -25 -26 -27 -28 -29 -30 -31
leaf_value=-0.004605675872732252 0.002035491733053276 -0.0021509357445685111 0.016205097320433209 -0.0007075456540663386 0.00023285447129979729 0.0052587394957570319 0.027925493270158766 -0.011593277660559195 0.0055084174530626168 0.027329173424212191 0.0065968910716941668 0.0026911506242799426 -0.0067745698574879724 0.0098541271480814246 -0.0011633010525784855 -0.017992341931110243 0.013327913436889764 -0.0030130689940162246 0.003291162837962941 -0.0052218617699144303 0.00084573664693438099 -0.0032744575311296192 -0.00067742005205204841 0.012166547353737629 -0.0043378527752504191 0.00031651478838130495 0.0015659404883237641 0.013523877974868953 -0.010629503250172062 0.0070270191906868203
leaf_weight=1529 4009 1034 393 336 230 1046 111 153 1197 142 697 2186 678 374 84449 311 299 440 3064 2487 99133 4073 40393 565 753 12368 5349 592 841 1776
leaf_count=1529 4009 1034 393 336 230 1046 111 153 1197 142 697 2186 678 374 84449 311 299 440 3064 2487 99133 4073 40393 565 753 12368 5349 592 841 1776
internal_value=4.91121e-06 -7.34815e-05 0.000391918 0.00350149 -0.000799125 -0.000696008 0.0111259 0.000255447 0.000390471 0.00706686 0.0110097 -0.000740791 0.000793225 -0.00102661 -0.00108001 -0.00192278 -0.00463342 0.00338023 -6.28785e-05 -0.00686539 0.00034169 0.000679625 -0.000489614 0.00481924 0.00169319 -3.88539e-05 0.00260954 0.00814845 -0.00618422 0.00363851
internal_weight=271008 265223 161341 6670 103882 102007 341 154671 145788 992 839 101666 15797 85869 85495 8883 3537 739 5346 2798 144796 103206 41590 2751 3817 13046 6277 928 1875 5785
internal_count=271008 265223 161341 6670 103882 102007 341 154671 145788 992 839 101666 15797 85869 85495 8883 3537 739 5346 2798 144796 103206 41590 2751 3817 13046 6277 928 1875 5785
is_linear=0
shrinkage=0.03


Tree=14
num_leaves=31
num_cat=0
split_feature=90 171 203 113 118 180 297 207 113 236 108 161 222 50 176 281 66 23 43 109 158 213 105 173 37 230 223 236 334 179
split_gain=93.2854 71.4792 87.5427 73.7458 70.2799 68.9335 73.9375 60.3236 64.9089 57.9909 99.3424 53.9471 56.4867 58.6055 51.8094 49.9738 48.6545 55.067 48.2226 96.7068 46.7237 43.4357 40.153 39.4098 49.8368 38.5481 56.5645 44.6642 37.4174 36.6346
threshold=2.375521302223206 0.23477585613727572 1.4804439544677737 0.76881518959999096 1.3286745548248293 0.32972669601440435 -0.38234589993953699 -1.5469238162040708 1.8362153172492983 0.90510654449462902 -0.806841880083084 -1.0000000180025095e-35 1.3349998593330386 1.5433089137077334 0.90927565097808849 1.22338342666626 0.23483135551214221 0.7952260971069337 -2.0096892118453975 -1.8994886875152586 1.0766091346740725 0.8639010787010194 0.29239143431186682 -0.84436994791030873 -0.31666728854179377 -0.12269910797476767 -1.9031383991241453 0.78135937452316295 -0.012069512158632277 0.51077812910079967
decision_type=2 2 2 2 2 2 2 2 2 2 2 2 2 2 2 2 2 2 2 2 2 2 2 2 2 2 2 2 2 2
left_child=1 2 4 15 9 6 -5 8 -8 18 -11 22 20 -14 -4 25 23 -18 -1 -20 -13 -17 -7 -6 -25 26 -3 -28 -9 -24
right_child=-2 3 14 5 16 11 7 28 -10 10 -12 12 13 -15 -16 21 17 -19 19 -21 -22 -23 29 24 -26 -27 27 -29 -30 -31
leaf_value=-0.0025463071001057265 0.0045968878975763076 0.013246665390046394 0.003515835491346579 -0.0042543100388124557 -0.0099658555826647836 0.00055208593041199583 0.014307092892149754 4.2780973222332788e-05 -0.0052193553010922858 0.015983844536894207 0.0019508806777581494 -0.001481169931242744 0.003913052892140877 -0.0015459565101152829 0.015109771640150697 -0.0089738825100032383 -0.013561301285619415 0 0.0052082802865784554 0.00017184599341145174 -0.0056501056973783156 -0.002554569741262603 0.016959560644904399 0.0039213995074487643 -0.0046575147690902851 -0.00096529650667855765 -0.0080294584136847234 0.0021643536321595482 0.0027873374026212263 0
leaf_weight=5562 3889 118 2861 1852 401 857 641 8304 162 498 4581 10035 3022 4130 409 1358 756 363 3498 151391 3333 3899 326 1307 1107 43267 1888 422 10273 125
leaf_count=5562 3889 118 2861 1852 401 857 641 8304 162 498 4581 10035 3022 4130 409 1358 756 363 3498 151391 3333 3899 326 1307 1107 43267 1888 422 10273 125
internal_value=-2.78118e-06 -7.13058e-05 0.000289741 -0.000737791 0.000193781 0.000169957 0.0013923 0.0019512 0.00997213 0.000289847 0.00344296 -0.00100547 -0.00139485 0.000723339 0.00514019 -0.00151059 -0.00375354 -0.0090435 0.000187751 0.000288183 -0.00254989 -0.0042974 0.00480628 -0.00149592 0 -0.00118168 -0.00487562 -0.00603586 0.00157801 0.0118866
internal_weight=270635 266746 172734 94012 169464 43060 21232 19380 803 165530 5079 21828 20520 7152 3270 50952 3934 1119 160451 154889 13368 5257 1308 2815 2414 45695 2428 2310 18577 451
internal_count=270635 266746 172734 94012 169464 43060 21232 19380 803 165530 5079 21828 20520 7152 3270 50952 3934 1119 160451 154889 13368 5257 1308 2815 2414 45695 2428 2310 18577 451
is_linear=0
shrinkage=0.03


Tree=15
num_leaves=31
num_cat=0
split_feature=90 161 210 53 47 43 217 54 213 57 113 57 107 168 333 230 172 74 64 290 27 176 231 30 328 224 112 99 17 210
split_gain=87.3444 78.106 67.9904 67.6049 76.1798 71.5545 68.2117 60.3763 60.2133 56.515 50.776 65.3433 50.1286 57.7074 48.552 45.1711 43.9149 43.6415 55.0103 50.7744 42.4427 46.9023 38.7008 64.8662 44.66 37.4965 61.8752 54.9088 52.7472 47.166
threshold=2.375521302223206 0.15754599869251254 -0.29209381341934199 -1.6972064971923826 -1.9806846380233762 -1.847587466239929 -2.4472762346267696 2.9816734790802006 -2.4782650470733638 -0.10256660357117652 -1.4694560766220091 -1.4142292141914365 -0.6236157715320586 -1.1006886959075926 -0.0082984818145632726 -1.4309055805206297 -1.2453244924545286 1.0126984119415285 0.14658960700035098 -1.9809044599533079 -2.9074163436889644 0.48617367446422582 -2.5127074718475337 -1.9039169549942014 -0.007628007559105753 0.52506214380264293 0.492446780204773 0.80441755056381237 -1.4513927698135374 1.6262417435646059
decision_type=2 2 2 2 2 2 2 2 2 2 2 2 2 2 2 2 2 2 2 2 2 2 2 2 2 2 2 2 2 2
left_child=1 3 7 17 5 20 12 -3 -8 -10 11 -4 13 -6 -13 16 -7 18 22 -20 -5 -22 24 -24 -1 26 29 -28 -27 -12
right_child=-2 2 10 4 6 15 8 -9 9 -11 25 14 -14 -15 -16 -17 -18 -19 19 -21 21 -23 23 -25 -26 28 27 -29 -30 -31
leaf_value=-0.0074630081319778099 0.0043909483328465181 -0.002924850314128381 -0.0055012364200459863 -0.011471235148100689 0.0019373454813288744 0.0064486824021841496 -0.0084823225839167089 -0.022572396489097767 -0.00024786621986910867 0.00091362389122322881 -0.00080746843117498047 0.013573628845954165 -0.0056816932878190245 0.01701731347495665 -0.001355355766557535 0 0.020004430322465534 0.0059629940511573441 0.00048307258485688414 -0.011234531970210839 0.0052694927958455125 -0.0090887524968819283 0.0052067937826949396 -0.0022782736382623791 0.0057175183395988174 0.018654992689670465 -0.0020831616366203676 -0.0075096225050645575 -0.00017352159783114954 0.0073094081096514415
leaf_weight=1483 3933 8467 311 200 494 591 677 129 73779 76438 24676 683 179 519 219 352 479 512 402 1109 1141 218 1397 3879 232 114 7166 2304 58414 636
leaf_count=1483 3933 8467 311 200 494 591 677 129 73779 76438 24676 683 179 519 219 352 479 512 402 1109 1141 218 1397 3879 232 114 7166 2304 58414 636
internal_value=-3.413e-05 -0.000100711 -0.000748476 0.0003046 0.000453126 0.00519395 0.000357559 -0.00330623 0.00029851 0.000341205 -0.000512048 0.00551291 0.00745666 0.0101337 0.00967281 0.0100249 0.013048 -0.0022126 -0.00275299 -0.00795554 0.000526337 0.0026503 -0.00156626 -0.000227523 -0.00546172 -0.00059475 -0.00137544 -0.00344805 -0.000125364 -0.000586068
internal_weight=271133 267200 103119 164081 155067 2981 152086 8596 150894 150217 94523 1213 1192 1013 902 1422 1070 9014 8502 1511 1559 1359 6991 5276 1715 93310 34782 9470 58528 25312
internal_count=271133 267200 103119 164081 155067 2981 152086 8596 150894 150217 94523 1213 1192 1013 902 1422 1070 9014 8502 1511 1559 1359 6991 5276 1715 93310 34782 9470 58528 25312
is_linear=0
shrinkage=0.03


Tree=16
num_leaves=31
num_cat=0
split_feature=29 102 196 121 98 11 232 48 298 298 292 215 178 126 287 36 233 57 211 286 147 288 223 234 145 111 143 35 129 118
split_gain=84.6539 68.407 51.1985 74.9032 102.305 50.1268 63.8579 58.7531 54.2388 51.1781 49.7343 51.2549 48.2196 50.5119 45.7903 44.905 42.9205 41.1525 39.5678 39.405 45.3313 55.5032 49.6893 38.3623 46.456 38.3412 36.485 35.6272 33.4768 32.7941
threshold=2.3714984655380253 0.083028908818960204 0.99466142058372509 0.43179363012313848 -2.152808308601379 0.05003615468740464 -2.534964799880981 -2.3965353965759273 0.98250326514244091 -0.16565313190221784 1.1892911195755007 -0.42042195796966547 -1.0053455233573911 -0.57555937767028797 -0.42701098322868342 0.75243759155273449 -1.6591377854347227 -0.88426977396011341 -0.0086166951805353147 0.12427096068859102 2.4143604040145878 1.2842664718627932 2.3149161338806157 -1.2967686057090757 1.2172213792800906 -0.71088099479675282 0.70528852939605724 1.3832302689552309 0.39315529167652136 -2.5332959890365596
decision_type=2 2 2 2 2 2 2 2 2 2 2 2 2 2 2 2 2 2 2 2 2 2 2 2 2 2 2 2 2 2
left_child=1 2 3 5 17 6 29 -8 9 -7 11 -6 13 25 -10 28 18 -5 -14 -18 22 -22 -21 -15 26 -3 -25 -26 -4 -1
right_child=-2 12 15 4 10 8 7 -9 14 -11 -12 -13 16 23 -16 -17 19 -19 -20 20 21 -23 -24 24 27 -27 -28 -29 -30 -31
leaf_value=-0.011950924237366628 0.0043817416324276603 0.0030516383589196997 -0.0049771044513298576 0.026713230136864646 -0.0045286336212566709 0.00060479619941940395 0.0073109794796903721 0.00029270580686858099 0.004579094009416227 0.003811512717315915 0.008630370145474445 -0.00095903730975788225 -0.0069949134124490334 -0.0077399679176255558 -0.0081181536364166411 -0.0028906314673065453 -0.0016604160837618361 0.0028154803647659717 0.008302795211371599 -0.0002360804993003463 0.0048382073112468163 -0.012907715296621065 0.0049013197859552361 -0.00058780380406772215 0.0086111844139272198 -0.012404229412855955 -0.0062474378466775742 -0.00056372298367251758 0.0052186427315215429 -0.0025466738676504976
leaf_weight=472 3931 134 266 132 5544 8732 1069 106948 319 9785 364 11283 147 895 822 818 20691 180 855 82262 185 507 1707 3354 665 736 1556 728 4139 1516
leaf_count=472 3931 134 266 132 5544 8732 1069 106948 319 9785 364 11283 147 895 822 818 20691 180 855 82262 185 507 1707 3354 665 736 1556 728 4139 1516
internal_value=2.1894e-05 -4.15402e-05 0.000373475 0.000267433 -0.00156935 0.000517895 0.000265215 0.00036628 0.00191492 0.0023178 -0.0019013 -0.0021569 -0.000596854 -0.00283654 -0.00429214 0.00329173 -0.00042363 0.0148298 0.00567201 -0.000485518 -0.000194508 -0.00773951 -0.000126928 -0.00194435 -0.00105207 -0.00967151 -0.00246029 0.00366383 0.00451545 -0.00502567
internal_weight=270742 266811 152389 147166 17503 129663 110005 108017 19658 18517 17191 16827 114422 8068 1141 5223 106354 312 1002 105352 84661 692 83969 7198 6303 870 4910 1393 4405 1988
internal_count=270742 266811 152389 147166 17503 129663 110005 108017 19658 18517 17191 16827 114422 8068 1141 5223 106354 312 1002 105352 84661 692 83969 7198 6303 870 4910 1393 4405 1988
is_linear=0
shrinkage=0.03


Tree=17
num_leaves=31
num_cat=0
split_feature=200 171 17 113 118 284 228 217 88 95 115 40 280 119 230 303 230 280 233 179 210 56 235 239 227 109 78 87 32 274
split_gain=73.8411 81.6707 107.177 79.7173 55.8764 53.8974 93.4524 73.0311 70.8742 67.6401 56.5399 52.4542 52.214 47.5226 47.3203 46.3169 40.7333 55.8093 47.8278 40.5264 85.2144 41.6821 40.3552 39.0206 47.6052 36.4338 34.3928 33.9757 39.5576 33.2123
threshold=3.277718305587769 0.23477585613727572 1.6971284151077273 0.76881518959999096 -1.0997319817543028 -2.392209410667419 -2.4959501028060909 -2.4472762346267696 -1.972183048725128 -2.4209889173507686 -0.46995437145233149 -0.19343703985214231 -2.1307194232940669 0.43238641321659094 -1.5975503921508787 -0.017046001739799973 -0.12269910797476767 -1.8095644712448118 0.1152613013982773 1.1394636034965517 0.24450528621673587 1.8034114837646487 0.069117821753025069 0.75089523196220409 -0.64641374349594105 0.12386738508939744 -1.5377222299575803 0.32179792225360876 -1.0138180851936338 2.0904772281646733
decision_type=2 2 2 2 2 2 2 2 2 2 2 2 2 2 2 2 2 2 2 2 2 2 2 2 2 2 2 2 2 2
left_child=1 2 5 16 -4 -1 8 12 9 -7 -9 25 -8 22 -10 -2 17 -3 -19 21 -21 -18 -13 24 -6 27 -15 28 -5 -26
right_child=15 3 4 11 23 6 7 10 14 -11 -12 13 -14 26 -16 -17 19 18 -20 20 -22 -23 -24 -25 29 -27 -28 -29 -30 -31
leaf_value=-0.0036694504878264592 0.014445776003189978 0.0089676416001214284 -0.0014930014762681272 0.0028934370085358335 0 0.0089993596233596852 0.0015529483384558323 -0.00046882485905847839 0.014370195094782571 -0.016414917566488302 0.00066544696332808265 0.0024581441011429605 0.013934394244270457 0.013064699179434961 -0.00060581008839068944 0.00044363353425612694 -0.00095847048946610632 -0.01146895060532736 -0.0026603292587278776 0.00011221638515682559 -0.0080494813288186466 -0.012710720486704448 -0.0016837819856612276 -0.0013339175407965326 0.014430983243428617 0.005309059178890802 0.00072866438073888591 0.011760355088302085 -0.0075804077639534118 0
leaf_weight=3036 497 198 545 575 351 156 774 65057 916 169 100163 2335 576 189 189 442 44270 1022 1477 2139 2305 258 17587 239 1244 2844 20516 152 636 126
leaf_count=3036 497 198 545 575 351 156 774 65057 916 169 100163 2335 576 189 189 442 44270 1022 1477 2139 2305 258 17587 239 1244 2844 20516 152 636 126
internal_value=3.5442e-06 -2.48568e-05 0.000363034 -0.000725438 0.0065039 0.000270591 0.000344007 0.000276095 0.00793473 -0.00353198 0.000216998 0.000194269 0.00718098 -0.000129482 0.0115768 0.00831431 -0.00152905 -0.00514472 -0.00644429 -0.00132179 -0.00407096 -0.00103897 -0.0011813 0.00887166 0.0104603 0.00337752 0.000868245 -0.000454354 -0.00239736 0.0129565
internal_weight=270983 270044 173541 96503 2505 171036 168000 166570 1430 325 165220 44834 1350 40627 1105 939 51669 2697 2499 48972 4444 44528 19922 1960 1721 4207 20705 1363 1211 1370
internal_count=270983 270044 173541 96503 2505 171036 168000 166570 1430 325 165220 44834 1350 40627 1105 939 51669 2697 2499 48972 4444 44528 19922 1960 1721 4207 20705 1363 1211 1370
is_linear=0
shrinkage=0.03


Tree=18
num_leaves=31
num_cat=0
split_feature=16 161 236 297 199 273 172 37 228 159 171 43 96 223 230 208 349 40 319 217 30 75 179 213 178 119 206 38 206 260
split_gain=77.5761 70.8322 52.4638 70.5217 65.6211 47.6173 53.0651 45.3099 64.3878 62.051 61.9115 58.197 41.7104 47.8592 40.4198 39.3153 38.9734 37.955 37.0936 36.8756 36.5746 58.2942 47.3534 54.6637 47.7722 41.0368 40.7139 56.51 39.1283 36.1806
threshold=2.1293975114822392 0.10817215964198114 0.50365424156188976 0.79437407851219188 -1.6967462897300718 -1.6683808565139768 -1.1071295142173765 -2.2490049600601192 -3.0947685241699214 -1.7769021391868589 -0.88808390498161305 -2.1008336544036861 2.0034505128860478 1.299762547016144 -0.20726304501295087 -1.9287828207015989 -0.0040787134785205117 -1.1940913200378416 -0.014876215718686579 1.474199712276459 -0.36465196311473841 -0.74072316288948048 -0.024506523273885247 -0.7139674425125121 0.28589428961277014 -0.93532389402389515 -0.2787176221609115 0.29098895192146307 -2.0172615051269527 2.1147534847259526
decision_type=2 2 2 2 2 2 2 2 2 2 2 2 2 2 2 2 2 2 2 2 2 2 2 2 2 2 2 2 2 2
left_child=1 2 3 7 16 -6 -7 10 11 -10 18 -9 20 19 -5 -8 -4 -16 -1 -14 22 25 28 24 -24 -22 27 -23 -3 -2
right_child=29 12 4 14 5 6 15 8 9 -11 -12 -13 13 -15 17 -17 -18 -19 -20 -21 21 26 23 -25 -26 -27 -28 -29 -30 -31
leaf_value=-0.0027782366293672453 0.0075809657622268193 -0.021258342113033249 0.0098311636744433384 -0.0074061661416236933 -0.0087924822676998145 0.015112142847365929 0.01459032616081961 -0.0028269189331758689 -0.0033610676578220526 0.00018290544356378951 0.010058873963278682 0.019636612484158066 0.0089228602810880707 0.0042295846522241078 0.014001296846082015 0.0010647664424559781 -0.0024225796488014308 -0.0021640184349557656 0.0041837754878137718 -0.0065559047408739494 -0.0038034401860434644 0.00021879459193574144 0.012941351714389319 -0.0028423377794243544 0 0.0042772129272965649 -0.00062659330676709301 -0.0063630300647963579 -0.0044566531489317147 0.0019477961629526292
leaf_weight=1186 1454 123 1239 1732 398 233 179 123 4597 118640 941 265 138 2972 127 25023 233 1123 1518 725 625 1936 409 2545 739 3343 88022 2659 3601 4286
leaf_count=1186 1454 123 1239 1732 398 233 179 123 4597 118640 941 265 138 2972 127 25023 233 1123 1518 725 625 1936 409 2545 739 3343 88022 2659 3601 4286
internal_value=2.74291e-06 -7.08998e-05 0.000333288 8.01207e-05 0.00152904 0.00116105 0.00133537 0.000189554 8.95928e-05 4.77499e-05 0.00347904 0.0119906 -0.000664179 0.00238147 -0.00446065 0.00118422 0.007684 -9.07736e-05 0.00102206 -0.00359495 -0.000779805 -0.000619575 -0.00281872 -0.000319247 0.00497023 0.00291651 -0.000774908 -0.00353599 -0.00520232 0.00344819
internal_weight=271134 265394 157557 130252 27305 25833 25435 127270 123625 123237 3645 388 107837 3835 2982 25202 1472 1250 2704 863 104002 96585 7417 3693 1148 3968 92617 4595 3724 5740
internal_count=271134 265394 157557 130252 27305 25833 25435 127270 123625 123237 3645 388 107837 3835 2982 25202 1472 1250 2704 863 104002 96585 7417 3693 1148 3968 92617 4595 3724 5740
is_linear=0
shrinkage=0.03


Tree=19
num_leaves=31
num_cat=0
split_feature=200 171 203 102 118 176 113 230 233 236 110 90 57 61 207 96 47 150 78 256 52 116 58 93 143 41 118 271 97 58
split_gain=77.1635 81.5108 83.397 67.6015 69.1009 63.4423 58.794 57.2138 47.8347 56.5957 47.8257 59.5592 46.4702 56.5236 45.5018 44.4547 47.8201 47.401 43.5569 41.1851 43.2211 40.177 38.4158 35.4399 34.8478 34.598 33.6655 71.9483 53.1959 37.0434
threshold=3.277718305587769 0.23477585613727572 1.4804439544677737 0.066324509680271163 1.583216726779938 0.90927565097808849 0.76881518959999096 -0.33295981585979456 0.68259194493293773 0.63153392076492321 -0.36842390894889826 1.1702198982238772 -0.51763159036636341 0.25562955439090734 -1.4004619717597959 1.9188512563705447 2.4045143127441411 0.866502344608307 0.99989548325538646 1.1432076692581179 0.13378136605024341 -0.17442212253808972 0.13680595904588702 -1.6162117123603819 1.3023608922958376 -2.1128457784652706 1.1248409748077395 0.27554167807102209 -1.366903483867645 -0.4681741446256637
decision_type=2 2 2 2 2 2 2 2 2 2 2 2 2 2 2 2 2 2 2 2 2 2 2 2 2 2 2 2 2 2
left_child=1 2 3 7 10 -4 25 8 9 -1 22 -12 21 14 23 17 -17 -15 -16 24 -21 -8 -5 -14 -9 -3 28 -28 -27 -30
right_child=-2 6 5 4 -6 -7 12 19 -10 -11 11 -13 13 15 18 16 -18 -19 -20 20 -22 -23 -24 -25 -26 26 27 -29 29 -31
leaf_value=-2.6644289467100569e-05 0.0084832640977709692 0.013178389559526155 0.0032200725248604941 -0.0038089779109233587 -0.011365885066129471 0.015465857792795549 0.0014178483158913116 0.0013449494502266051 -0.010800291167281102 0.0038480745337621169 -0.00036109978988850457 0.0052326475302870556 -0.00069184862947376967 0.00035012198883599567 0.00082973066280169795 0.005063344162180957 -0.0020343290182184906 -0.0026298442206615898 0.0070010765868269284 0.0024875886690172528 0.019193429422193427 -0.0047511044601754532 0.00013174755104248308 0.011191082724848058 -0.013257450433447957 -0.0087121302801199015 -0.0001865186481730674 -0.0073899600492127451 -0.0026107294375035694 -0.00056185188590880935
leaf_weight=71025 944 122 3109 6375 526 443 1270 49866 340 3536 32822 1786 254 9002 16056 2277 1273 9905 1103 472 222 3056 3193 735 124 822 2632 2517 10516 34932
leaf_count=71025 944 122 3109 6375 526 443 1270 49866 340 3536 32822 1786 254 9002 16056 2277 1273 9905 1103 472 222 3056 3193 735 124 822 2632 2517 10516 34932
internal_value=9.96014e-06 -1.91466e-05 0.000367786 0.000270726 -0.000727829 0.00490938 -0.000719425 0.000628609 9.74721e-05 0.000154072 -0.000589288 -6.09067e-05 6.74734e-05 0.000389375 0.00163808 -0.000606944 0.00243701 -0.0011963 0.00125158 0.00140726 0.00863964 -0.00287284 -0.00246507 0.0078887 0.00129744 -0.00141098 -0.00145654 -0.0037808 -0.00118989 -0.00104347
internal_weight=271255 270311 173839 170287 44702 3552 96472 125585 74901 74561 44176 34608 44931 40605 18148 22457 3550 18907 17159 50684 694 4326 9568 989 49990 51541 51419 5149 46270 45448
internal_count=271255 270311 173839 170287 44702 3552 96472 125585 74901 74561 44176 34608 44931 40605 18148 22457 3550 18907 17159 50684 694 4326 9568 989 49990 51541 51419 5149 46270 45448
is_linear=0
shrinkage=0.03


Tree=20
num_leaves=31
num_cat=0
split_feature=96 161 232 49 30 116 54 57 40 175 28 75 202 76 96 43 228 277 211 179 213 86 178 197 185 178 225 291 51 40
split_gain=70.9632 74.9023 66.6007 67.0723 63.1448 59.631 50.2269 48.3125 48.248 45.3671 53.8724 44.1897 58.2704 48.8418 54.3502 41.2127 103.378 82.8532 56.1308 40.6947 48.0999 44.1216 40.5366 46.3234 42.9656 37.796 36.8088 34.7796 55.4902 34.7734
threshold=2.0034505128860478 0.15754599869251254 2.0581115484237675 2.1035937070846562 -0.36465196311473841 1.5046035051345827 2.9816734790802006 1.9657011628150942 1.2294091582298281 3.1724699735641484 -1.8949333429336546 -0.76633420586585987 -0.34538143873214716 -0.96600893139839161 0.88207051157951366 -2.0096892118453975 -2.4959501028060909 -2.5730621814727779 -2.6698486804962154 -0.44543825089931482 -0.70044419169425953 -1.6637043952941892 0.84289041161537182 1.7432030439376833 0.20762766897678378 0.30587071180343633 0.82216864824295055 -1.1781453490257261 -2.6108748912811275 2.1115745306015019
decision_type=2 2 2 2 2 2 2 2 2 2 2 2 2 2 2 2 2 2 2 2 2 2 2 2 2 2 2 2 2 2
left_child=1 5 3 8 6 15 19 -5 -2 10 -7 13 -13 14 26 -1 27 -18 -19 21 25 -3 23 -14 -24 -21 -6 28 -17 -10
right_child=2 4 -4 7 11 9 -8 -9 29 -11 -12 12 22 -15 -16 16 17 18 -20 20 -22 -23 24 -25 -26 -27 -28 -29 -30 -31
leaf_value=-0.0022393127033470974 -0.0059240518086842841 -0.023894444506083214 0.0072869524441967776 -0.0012928226223093485 -0.0010743149307111009 0.017869099111971289 -0.022345911109481344 -0.017537062517527874 0.0068202977792441851 -0.0069875725493817537 0.0039118334937407375 -0.0039885128787032278 -0.00035532606303306845 0.0063025640909300578 -0.012664465696595063 -0.00062838155541055816 0.013170414058693024 -0.010121116145167171 0.00022836667225975638 0.0083483930408313253 -0.0035913192220009497 -0.0053275891494011648 0.00040133404220549663 0.0032262715954733657 -0.0028489809349579475 -0.0012472513309261929 0.0097211370645691794 0 0.016807642267925776 0.00051565610640682278
leaf_weight=5936 477 120 2191 587 1056 278 112 241 1764 253 2680 4554 65716 1730 270 176 425 452 152830 632 3208 1747 5134 3390 11515 742 352 217 616 1615
leaf_count=5936 477 120 2191 587 1056 278 112 241 1764 253 2680 4554 65716 1730 270 176 425 452 152830 632 3208 1747 5134 3390 11515 742 352 217 616 1615
internal_value=-2.75637e-05 -0.000107081 0.00297546 0.000872521 -0.000753612 0.000286785 -0.00360261 -0.00667679 0.00259707 0.00432663 0.00543551 -0.000550231 -0.000679672 0.00277628 -0.000714014 0.000203644 0.000299589 0.000234113 0.000194575 -0.00316264 -0.00154281 -0.00692055 -0.00049957 -0.000174408 -0.00182942 0.00300771 0.00151282 0.00978399 0.0126435 0.00391601
internal_weight=271016 264141 6875 4684 100278 163863 6561 828 3856 3211 2958 93717 90309 3408 1678 160652 154716 153707 153282 6449 4582 1867 85755 69106 16649 1374 1408 1009 792 3379
internal_count=271016 264141 6875 4684 100278 163863 6561 828 3856 3211 2958 93717 90309 3408 1678 160652 154716 153707 153282 6449 4582 1867 85755 69106 16649 1374 1408 1009 792 3379
is_linear=0
shrinkage=0.03


Tree=21
num_leaves=31
num_cat=0
split_feature=93 102 224 217 228 206 102 298 236 162 297 57 236 269 106 178 293 17 111 106 219 21 114 206 150 238 133 48 160 79
split_gain=77.6378 67.2404 65.207 87.8478 71.5831 55.7434 48.1232 40.3656 40.3226 77.2608 60.8313 37.2881 40.5931 36.543 35.5127 34.8612 50.0701 44.1485 56.8867 37.4199 34.5737 58.1945 39.2073 35.923 42.8314 33.1707 32.1528 38.4395 30.867 30.5383
threshold=2.2204964160919194 0.083028908818960204 -2.4594930410385127 -2.9620141983032222 -3.0947685241699214 -0.99611970782279957 0.72160202264785778 -3.3641046285629268 0.56070595979690563 -0.766046643257141 0.79437407851219188 -2.3119270801544185 -1.2382577657699583 -1.1924633383750913 -0.32606752216815943 -0.95330753922462452 -1.3480988144874571 -1.4513927698135374 0.36026129126548773 0.64562550187110912 0.66898992657661449 0.20031210780143741 -0.5538562238216399 1.4134239554405215 0.4337452501058579 -1.5321529507637022 -1.0000000180025095e-35 -0.12406427413225173 -0.54216706752777089 0.42115367949008947
decision_type=2 2 2 2 2 2 2 2 2 2 2 2 2 2 2 2 2 2 2 2 2 2 2 2 2 2 2 2 2 2
left_child=1 2 7 -4 28 6 13 -1 10 -10 -6 -9 -13 14 -3 20 26 18 -18 -19 23 -22 -23 24 -7 -14 -17 -28 -5 -2
right_child=29 5 3 4 8 15 -8 11 9 -11 -12 12 25 -15 -16 16 17 19 -20 -21 21 22 -24 -25 -26 -27 27 -29 -30 -31
leaf_value=-0.016915792795161734 0.012722191246692089 -0.0083733941607975534 0.014658704264487586 0.020379673833236224 0.00029254284632782154 0.00096442964750044719 -0.012875593998971837 0.0050052716590296264 0.0052704746745089346 0.00071873001065826333 -0.0038798746156538774 -0.007599674958747419 -0.01288512288061021 -0.0058769006822945273 0.0065243287628743152 -0.00446968080672444 -0.001267391578282664 -0.00096659589051659991 0.02077678271901268 0.00018897119396910696 -0.011765941264349345 -0.0079949106895748703 -0.00025024119237462307 0.01177983887855019 -0.0051086222348398309 0.0024238660441310697 0.011715472039155623 0 0 0.003000675986223372
leaf_weight=192 320 162 373 212 122494 2885 550 410 4132 18853 3201 1411 128 1139 540 198 167 55808 182 45328 777 817 2283 181 1569 879 698 416 101 4696
leaf_count=192 320 162 373 212 122494 2885 550 410 4132 18853 3201 1411 128 1139 540 198 167 55808 182 45328 777 817 2283 181 1569 879 698 416 101 4696
internal_value=3.78569e-05 -3.08633e-05 0.000379865 0.000470129 0.000430632 -0.000583949 -0.00511022 -0.00395953 0.000397385 0.00155391 0.0001833 -0.00286194 -0.00434909 -0.00251567 0.00253416 -0.000483126 -0.000326718 -0.000405239 0.00991845 -0.000445783 -0.00233166 -0.00442533 -0.00242566 -0.000504444 -0.00112113 0 0.00543659 0.00750964 0.0143504 0.0037285
internal_weight=271102 266086 152386 149366 148993 113700 2391 3020 148680 22985 125695 2828 2418 1841 702 111309 102797 101485 349 101136 8512 3877 3100 4635 4454 1007 1312 1114 313 5016
internal_count=271102 266086 152386 149366 148993 113700 2391 3020 148680 22985 125695 2828 2418 1841 702 111309 102797 101485 349 101136 8512 3877 3100 4635 4454 1007 1312 1114 313 5016
is_linear=0
shrinkage=0.03


Tree=22
num_leaves=31
num_cat=0
split_feature=90 171 256 298 8 3 266 108 210 111 54 103 43 35 222 290 216 100 238 349 98 178 182 96 233 48 207 292 9 31
split_gain=70.7913 64.2699 80.9479 78.6487 61.3671 61.136 51.5625 63.5882 64.2752 50.9457 48.091 59.1511 71.7011 58.6877 53.8681 122.41 58.3812 50.2157 63.2634 41.1547 40.986 39.6025 40.4924 39.2022 39.3394 38.9507 38.7672 37.788 34.3891 38.4634
threshold=2.375521302223206 0.23477585613727572 1.2469432353973391 -0.68808993697166432 -1.5357768535614011 -2.5871213674545284 2.3681517839431767 1.2572788596153261 -0.6060812473297118 0.4837240874767304 -0.53104498982429493 -1.6244392395019529 -2.0096892118453975 -0.023926781490445134 -1.4869202375411985 -2.3713809251785274 -1.5022946596145628 -0.8595466911792754 1.0684813857078554 -0.0089969760738313181 0.99448388814926159 -1.9922855496406553 -0.28099936246871943 0.85324475169181835 -0.079786099493503557 1.2880424261093142 -0.21782146394252774 1.8439373373985293 0.8009697198867799 0.67694148421287548
decision_type=2 2 2 2 2 2 2 2 2 2 2 2 2 2 2 2 2 2 2 2 2 2 2 2 2 2 2 2 2 2
left_child=1 2 10 9 5 -5 7 20 -9 -3 13 12 -12 14 16 -16 -1 -13 -19 -14 -6 22 -15 24 -7 -8 -23 -27 29 -4
right_child=-2 3 28 4 6 23 25 8 -10 -11 11 17 19 21 15 -17 -18 18 -20 -21 -22 26 -24 -25 -26 27 -28 -29 -30 -31
leaf_value=-0.00029305929267744958 0.0039988582813713352 -0.0063452468353858687 0.004771983637033325 -0.0089014646928265405 -0.00053208138199971734 -0.00044437543546058691 0.003833959443934627 -0.0085420750939383481 0.0016448124098899751 -0.0016995436554055315 -0.0017929213432906085 -0.0013862784734153281 0.01290627846833254 0.0043507859522544934 0.016543234613899081 0.00042931621342039389 -0.0051202639369703675 0.00088629902350469429 -0.0025599282824213853 0.0033541526964419146 -0.0026643772981597984 -0.0064195674553908424 -0.013916143402443437 -0.0097659430042494177 0.0091710647112337122 -0.017945385429160139 -0.0012189838235223277 -0.0011508979241956364 0.004490359669025383 -0.0097888347890888842
leaf_weight=7649 3923 3151 265 245 54721 421 143 551 15251 7381 892 11800 906 103 411 35071 3271 84254 5025 951 9665 1441 444 101 1625 349 14788 244 5392 323
leaf_count=7649 3923 3151 265 245 54721 421 143 551 15251 7381 892 11800 906 103 411 35071 3271 84254 5025 951 9665 1441 444 101 1625 349 14788 244 5392 323
internal_value=7.53631e-06 -5.03153e-05 0.0002914 -0.000683308 -0.000370088 0.00433245 -0.000513831 -0.00043625 0.0012603 -0.00312728 0.000166499 0.000564905 0.00490175 -0.000483475 6.02518e-05 0.000633634 -0.00177315 0.000443044 0.000688441 0.00826217 -0.000857547 -0.00200355 -0.00991524 0.00604926 0.00706216 -0.00833432 -0.00170655 -0.0117874 0.00371738 -0.00279203
internal_weight=270757 266834 172986 93848 83316 2392 80924 80188 15802 10532 167006 103828 2749 63178 46402 35482 10920 101079 89279 1857 64386 16776 547 2147 2046 736 16229 593 5980 588
internal_count=270757 266834 172986 93848 83316 2392 80924 80188 15802 10532 167006 103828 2749 63178 46402 35482 10920 101079 89279 1857 64386 16776 547 2147 2046 736 16229 593 5980 588
is_linear=0
shrinkage=0.03


Tree=23
num_leaves=31
num_cat=0
split_feature=93 171 203 233 68 114 57 269 89 233 114 217 280 307 162 298 93 206 165 55 31 84 175 176 179 298 119 168 218 78
split_gain=75.8484 62.4695 85.9612 63.0734 69.1717 55.9515 51.1593 66.8344 56.1446 72.4728 50.2702 51.4212 74.7753 50.169 41.4818 73.6475 45.8584 41.1107 37.4921 57.3096 46.1364 49.3772 44.958 37.4552 36.4529 95.9726 48.2635 43.8543 36.0308 33.9666
threshold=2.2204964160919194 0.23477585613727572 1.4804439544677737 0.42643082141876226 -1.498852491378784 1.9033733606338503 -0.10256660357117652 -0.94182932376861561 0.96510201692581188 1.7690150737762453 -1.3638921976089475 -2.1933389902114864 -2.1307194232940669 -0.022963713854551312 0.050867656245827682 1.7258003354072573 -0.99893406033515919 0.31325571238994604 0.15683559328317645 0.48293387889862066 -0.63210698962211598 -1.0793417096137998 -0.038708321750164025 0.9713837504386903 0.84764090180397045 0.71962985396385204 -1.0944557785987852 -1.4977137446403501 -1.3514451980590818 -1.6261359453201292
decision_type=2 2 2 2 2 2 2 2 2 2 2 2 2 2 2 2 2 2 2 2 2 2 2 2 2 2 2 2 2 2
left_child=1 2 10 17 5 -5 7 -6 29 -10 24 12 -12 -14 16 -16 -13 18 19 22 -20 -22 -3 -4 25 27 -26 -1 -28 -8
right_child=-2 3 23 4 6 -7 8 -9 9 -11 11 14 13 -15 15 -17 -18 -19 20 -21 21 -23 -24 -25 26 -27 28 -29 -30 -31
leaf_value=0.00051995952726622196 0.0036818135003626974 -0.00024450185587023487 0.0038295347155533131 0.0081053443459476997 -0.012576373981862406 -0.0055620223249791111 0.014669033248460838 -0.0015443425185204277 -0.0027492484407343749 0.0024029515482278155 -4.65384305857406e-05 -0.00070976251753581115 -0.0010057380609405778 0.01413023868564201 -0.0003542074451147653 -0.013334557366228303 0.00091018424009098125 -0.00048708225257073766 -0.0096889713663246523 0.0039387045992631559 0.007774272422183549 -0.0037963973157966796 -0.0057742743014588156 0.014590351737943062 -0.0088401444068030004 -0.019179043676769297 0.0076618257046190269 -0.0028110771398731768 0 0.00063308086316272083
leaf_weight=5632 5028 3287 2887 1475 507 287 138 12002 10506 3129 1153 18831 208 812 40861 379 89997 11677 1229 1481 314 7043 2343 342 281 266 1049 9029 984 37620
leaf_count=5632 5028 3287 2887 1475 507 287 138 12002 10506 3129 1153 18831 208 812 40861 379 89997 11677 1229 1481 314 7043 2343 342 281 266 1049 9029 984 37620
internal_value=3.84182e-05 -2.96584e-05 0.000306742 -0.000657291 -0.000147809 0.00567337 -0.000314738 -0.00203479 9.87139e-05 -0.00154315 0.000212208 0.00038765 0.0049578 0.0107952 0.000318823 -0.000487175 0.000627042 -0.00186747 -0.00287333 -0.00119775 -0.00422018 -0.00324215 -0.00261118 0.0051444 -0.00131824 -0.0018722 0.00211209 -0.00151206 0.0038434 0.00070006
internal_weight=270777 265749 172711 93038 65664 1762 63902 12509 51393 13635 169482 152241 2173 1020 150068 41240 108828 27374 15697 7111 8586 7357 5630 3229 17241 14927 2314 14661 2033 37758
internal_count=270777 265749 172711 93038 65664 1762 63902 12509 51393 13635 169482 152241 2173 1020 150068 41240 108828 27374 15697 7111 8586 7357 5630 3229 17241 14927 2314 14661 2033 37758
is_linear=0
shrinkage=0.03


Tree=24
num_leaves=31
num_cat=0
split_feature=232 55 35 171 203 238 69 201 54 102 110 179 298 176 102 111 3 37 229 267 191 169 224 118 179 223 155 119 227 58
split_gain=52.6527 78.6657 65.1057 62.2135 82.0864 60.2525 58.3236 57.6701 49.0611 58.8957 76.1861 55.9862 51.7635 48.1755 44.9538 44.7407 43.8061 40.302 38.5826 40.0517 36.8868 33.4951 54.531 44.1159 32.6321 31.7674 29.2625 28.7431 29.6337 41.7837
threshold=1.8677177429199221 3.6824090480804448 2.0988466739654545 0.23477585613727572 1.4447083473205569 -0.82283261418342579 -1.493261396884918 2.3280521631240849 -0.93258127570152272 1.0000000180025095e-35 -0.49159818887710566 0.59558624029159557 0.89242720603942882 0.90927565097808849 -2.3837474584579463 0.4837240874767304 -2.2996525764465328 -1.8937502503395078 0.67280390858650219 -0.73537933826446522 0.97530028223991405 1.9639835357666018 1.7940335273742678 1.2321303486824038 -0.4955600500106811 0.049015918746590621 0.65053433179855358 -2.2253681421279903 2.523747563362122 2.4067051410675053
decision_type=2 2 2 2 2 2 2 2 2 2 2 2 2 2 2 2 2 2 2 2 2 2 2 2 2 2 2 2 2 2
left_child=1 3 18 4 8 7 16 15 11 17 -11 12 -1 20 -13 -5 -7 -10 -2 -20 25 22 -8 -23 -18 -6 -17 -4 -29 -30
right_child=2 -3 27 5 13 6 21 -9 9 10 -12 14 -14 -15 -16 26 24 -19 19 -21 -22 23 -24 -25 -26 -27 -28 28 29 -31
leaf_value=-0.0011898588087072212 0.012295716443072141 -0.020165845437028578 0.018364374332379588 -0.006874514525952947 -0.0090539346401346844 -0.0035117603617266569 -0.00059159025087535686 0.0058302493698397032 0.0044368313912096216 -0.0035829143714190183 3.9521846404400272e-05 -0.005966388040096875 -0.015480029244835559 0.013376585852920666 0.003265082852972554 0 -0.0026476176828145979 0.00076905633959197949 -0.0099353499032878434 0.00070778888177669506 0.0048452289300608487 -0.00025758102622070535 0.0039399180705233065 -0.0083637254864226216 0.0078791776742860725 0.0026702878991636679 -0.0040677476537586124 0.0094302442004543918 -0.0021628431548778772 0.0083047856456188018
leaf_weight=29297 222 155 174 2675 345 468 72409 584 2805 5989 38908 497 214 491 4173 2882 258 87760 319 5137 2668 1463 2438 1118 1635 412 3187 934 769 554
leaf_count=29297 222 155 174 2675 345 468 72409 584 2805 5989 38908 497 214 491 4173 2882 258 87760 319 5137 2668 1463 2438 1118 1635 412 3187 934 769 554
internal_value=1.72391e-05 -5.51873e-05 0.00239601 -4.0644e-05 0.000288971 -0.000685869 -0.00041441 -0.00296991 0.000187731 0.000445451 -0.000438391 -0.000824524 -0.00131406 0.00457528 0.00219741 -0.00360386 0.00419583 0.000886922 0.0005717 0 0.00315613 -0.00055991 -0.000438965 -0.00392153 0.00627496 -0.0023824 -0.00209515 0.00649515 0.00529509 0.00205545
internal_weight=270940 262831 8109 262676 173559 89117 79789 9328 169643 135462 44897 34181 29511 3916 4670 8744 2361 90565 5678 5456 3425 77428 74847 2581 1893 757 6069 2431 2257 1323
internal_count=270940 262831 8109 262676 173559 89117 79789 9328 169643 135462 44897 34181 29511 3916 4670 8744 2361 90565 5678 5456 3425 77428 74847 2581 1893 757 6069 2431 2257 1323
is_linear=0
shrinkage=0.03


Tree=25
num_leaves=31
num_cat=0
split_feature=137 122 98 167 232 256 47 98 253 298 115 167 81 200 118 174 219 55 31 213 154 191 202 102 303 178 298 294 354 236
split_gain=67.737 61.8402 75.9812 59.8072 59.5314 50.0351 66.8188 48.8056 49.4796 46.576 42.0792 47.1728 43.9378 62.6648 38.9979 36.8292 50.6002 42.4613 58.8941 48.246 42.567 41.6553 70.6919 44.0399 32.5988 30.3879 30.0175 29.12 25.8953 30.8025
threshold=2.052399873733521 0.36692622303962713 -2.152808308601379 -1.2361791133880613 -3.2011522054672237 0.53410562872886669 -2.365515828132629 -0.6391911208629607 -0.80578482151031483 -3.3641046285629268 -1.837743282318115 0.37618634104728704 2.1171584129333501 3.277718305587769 1.0744585990905764 3.1123573780059819 2.0653141736984257 1.3565093874931338 -1.7701506018638609 -1.6890259981155393 -2.0263924598693843 -0.052323697134852402 0.48357073962688452 0.099530570209026351 -0.016941259615123268 -0.2778345495462417 -0.37560944259166712 0.2749450951814652 -0.0090535408817231638 -2.6414433717727657
decision_type=2 2 2 2 2 2 2 2 2 2 2 2 2 2 2 2 2 2 2 2 2 2 2 2 2 2 2 2 2 2
left_child=1 9 3 -3 -4 7 -7 27 -9 28 11 -2 25 -14 -8 17 -17 21 20 -20 -19 22 -11 -23 -15 -12 -5 -6 -1 -30
right_child=10 2 4 26 5 6 14 8 -10 15 12 -13 13 24 -16 16 -18 18 19 -21 -22 23 -24 -25 -26 -27 -28 -29 29 -31
leaf_value=-0.00098425395963319608 0 -0.0011443740537308842 0.01154983377543616 0.031219489781800263 -0.0064919561415596062 0.014218509261301087 -6.5061232042226951e-05 0.017152448085844516 -0.0015930463643391937 -0.00010996260095701286 -0.00045454739386752174 0.019945391277201418 -0.0012582792799393208 0.012587679495236443 -0.0023498944245031305 -0.010802751415411897 0.0059941027520482642 0.00026084296638146038 -0.016231432009135037 0.0020626654868450664 0.02176709530970402 0.00133057624565518 -0.0050160298528903746 -0.00017938582469166839 0.00062068267568665876 0.0079398754908099611 0.0043600215201006556 0 -0.022573445192171953 0
leaf_weight=311 153 139 319 121 3054 259 38012 105 22786 107570 427 246 3516 492 8229 573 182 172 109 7456 220 41312 2696 29452 439 1534 102 769 158 113
leaf_count=311 153 139 319 121 3054 259 38012 105 22786 107570 427 246 3516 492 8229 573 182 172 109 7456 220 41312 2696 29452 439 1534 102 769 158 113
internal_value=-3.84396e-05 -0.000115757 -0.000852876 0.0124396 -0.000925758 -0.000987351 -0.000384603 -0.00202424 -0.00147907 0.00016892 0.00291029 0.0122975 0.00224267 0.000510524 -0.000478993 0.000196877 -0.00631642 0.00022515 0.00236941 0.00171742 0.0135296 0.000128993 -0.000233524 0.000698018 0.00739199 0.00597445 0.0215386 -0.00518578 -0.00815083 -0.0147114
internal_weight=271026 264219 73895 362 73533 73214 46500 26714 22891 190324 6807 399 6408 4447 46241 189742 755 188987 7957 7565 392 181030 110266 70764 931 1961 223 3823 582 271
internal_count=271026 264219 73895 362 73533 73214 46500 26714 22891 190324 6807 399 6408 4447 46241 189742 755 188987 7957 7565 392 181030 110266 70764 931 1961 223 3823 582 271
is_linear=0
shrinkage=0.03


Tree=26
num_leaves=31
num_cat=0
split_feature=137 122 98 298 196 98 165 220 231 60 157 150 61 236 57 47 159 237 176 174 20 178 239 107 296 7 178 11 8 174
split_gain=61.3994 61.3895 86.3053 64.2561 62.4748 64.6018 58.2507 46.3604 68.9869 44.7752 44.1878 65.9257 49.3572 44.1101 42.8693 41.4994 41.4466 67.8488 66.2535 55.9417 40.8429 58.3783 49.4414 46.5805 40.8348 57.019 39.3825 36.7847 34.075 33.2435
threshold=2.052399873733521 0.36692622303962713 -2.152808308601379 -3.3641046285629268 0.78598308563232433 0.99448388814926159 -1.3336101174354551 1.5207481384277346 0.24197218567132953 1.0793331265449526 -0.59653842449188221 0.52973741292953502 1.0393570065498354 -3.5218962430953975 1.4441692233085635 -2.365515828132629 2.1489127874374394 0.066727980971336379 -0.13681147247552869 3.1123573780059819 2.0112203359603886 -0.28445789217948908 -1.0866901278495786 0.49008354544639593 1.9965001940727236 0.033618992194533355 -1.9922855496406553 0.2766053974628449 0.60656967759132396 -1.4328712224960325
decision_type=2 2 2 2 2 2 2 2 2 2 2 2 2 2 2 2 2 2 2 2 2 2 2 2 2 2 2 2 2 2
left_child=1 3 6 -1 10 13 -3 8 -7 -9 26 12 -12 -6 -13 -15 19 18 -18 24 21 -2 23 -22 27 -26 -4 -5 -28 -24
right_child=20 2 4 16 5 7 -8 9 -10 -11 11 14 -14 15 -16 -17 17 -19 -20 -21 22 -23 29 -25 25 -27 28 -29 -30 -31
leaf_value=-0.0097128947775349302 -0.0021789875912605625 0 0.01054593805230216 5.0438453192973926e-05 -0.013912417433763804 0.0012473672038505563 0.023325791227178195 0.0041659275974490241 -0.0046534747870681228 -0.0014399276005994575 0.00021142825633554887 -0.002602484144451822 -0.004048895048788503 0.015309571674671413 -0.010610747271995824 0.0011142084691962283 0.0079109792974663938 0.010597876225437085 -0.013058094470597749 -0.0094997131778719514 -0.0035043687534481961 0.0099944937340993006 0.01350309788812107 0.0087788766807935219 0.0062224012949373313 -0.0067512911456032547 -0.0028156088532578726 0.001373548093492731 -0.0084454549399079447 -0.0011366192986409656
leaf_weight=561 425 175 123 163766 151 2425 202 2010 5985 3376 19492 11486 2765 171 650 20475 226 852 264 509 311 1304 124 1164 1969 322 2980 21450 1655 3414
leaf_count=561 425 175 123 163766 151 2425 202 2010 5985 3376 19492 11486 2765 171 650 20475 226 852 264 509 311 1304 124 1164 1969 322 2980 21450 1655 3414
internal_value=2.15711e-05 -4.95989e-05 -0.000782645 0.000234965 -0.000861338 5.93229e-05 0.0131225 -0.00152196 -0.00291747 0.000604299 -0.00168209 -0.00129324 -0.000307527 0.00112316 -0.00307284 0.001261 0.000267044 0.00549115 -0.00286745 0.00022758 0.0028451 0.00683994 0.00138596 0.00597608 0.000256596 0.00422649 -0.00441291 0.00020542 -0.00491793 -0.00046619
internal_weight=270782 264040 74121 189919 73744 34593 377 13796 8410 5386 39151 34393 22257 20797 12136 20646 189358 1342 490 188016 6742 1729 5013 1475 187507 2291 4758 185216 4635 3538
internal_count=270782 264040 74121 189919 73744 34593 377 13796 8410 5386 39151 34393 22257 20797 12136 20646 189358 1342 490 188016 6742 1729 5013 1475 187507 2291 4758 185216 4635 3538
is_linear=0
shrinkage=0.03


Tree=27
num_leaves=31
num_cat=0
split_feature=93 171 115 17 249 118 236 229 118 236 168 236 105 345 179 168 296 53 179 226 211 201 149 297 145 51 166 8 205 48
split_gain=52.7902 62.5191 64.444 59.3288 58.3219 57.1769 54.9264 49.7102 48.9645 57.3046 57.9794 47.8703 40.361 50.7489 45.5571 39.3455 41.2766 39.1585 45.7237 35.8227 35.6331 37.9872 34.6247 33.7628 33.236 32.8623 32.5669 46.731 30.9775 28.7075
threshold=2.1113872528076176 0.23477585613727572 -0.46995437145233149 1.6971284151077273 -1.5842030644416807 -1.1460847258567808 -1.1554099321365354 -0.10948536917567252 1.3641645312309267 0.89010035991668712 -0.75913906097412098 1.1701396703720095 -0.53140059113502491 -0.0067676187027245751 0.3279221802949906 0.71044379472732555 -0.72336620092391957 0.59447795152664196 0.65320834517478954 -0.7491248846054076 0.49782614409923559 1.9914244413375857 -1.8067903518676756 0.46703803539276129 0.77779880166053783 0.41131374239921575 -0.85696318745613087 -2.4519969224929805 -2.0176444053649898 1.7032978534698489
decision_type=2 2 2 2 2 2 2 2 2 2 2 2 2 2 2 2 2 2 2 2 2 2 2 2 2 2 2 2 2 2
left_child=1 3 15 8 6 -5 -4 19 9 17 11 -11 14 -14 -10 25 -17 18 -1 -6 -7 -22 -9 -21 -12 -3 -8 -28 -24 -2
right_child=29 2 4 5 7 20 26 22 12 10 24 -13 13 -15 -16 16 -18 -19 -20 23 21 -23 28 -25 -26 -27 27 -29 -30 -31
leaf_value=9.4325148355364752e-05 0.0050124319114150115 -0.0043465284231607188 -0.012683343115974874 -0.003966908508675834 0.00056327219582285638 -6.9961264999685583e-05 -0.0039932701909492609 0.014290144881889434 -0.010103043961014101 0.0043203817470127658 0.0011069034085601443 0.024785724514057989 -0.0092779096192487382 0.00066502763307653369 0.0026920561766026708 -0.0024203341157397204 -0.011401293936173519 -0.0028330685448944427 0.0018591937438187643 -0.0079513130198294521 0.013143999705295293 0.0015881799905469495 -0.013482935293128781 -0.0014831191527889058 0.0080600928238472331 0.0017699065783962321 0.017968581915657676 0.0045062759133244548 -0.00044317232857179697 0.00071909318020721782
leaf_weight=143044 2802 1778 133 436 1174 353 236 122 287 328 4329 182 1368 608 1317 1017 1046 3740 14597 1888 955 441 146 1402 741 1311 288 1624 79997 3181
leaf_count=143044 2802 1778 133 436 1174 353 236 122 287 328 4329 182 1368 608 1317 1017 1046 3740 14597 1888 955 441 146 1402 741 1311 288 1624 79997 3181
internal_value=6.83624e-06 -5.50947e-05 -0.000686913 0.000280331 -0.000489464 0.00517576 0.00420678 -0.000620395 0.000215251 0.000291506 0.00327819 0.0128495 -0.00323957 -0.00609224 0.000121702 -0.00394876 -0.00718371 0.000185984 0.000259864 -0.00370374 0.00764356 0.00977934 -0.000444296 -0.00531121 0.00220976 -0.00165948 0.00549832 0.00685437 -0.000474028 0.00278976
internal_weight=270871 264888 92162 172726 87010 2185 2281 84729 170541 166961 5580 510 3580 1976 1604 5152 2063 161381 157641 4464 1749 1396 80265 3290 5070 3089 2148 1912 80143 5983
internal_count=270871 264888 92162 172726 87010 2185 2281 84729 170541 166961 5580 510 3580 1976 1604 5152 2063 161381 157641 4464 1749 1396 80265 3290 5070 3089 2148 1912 80143 5983
is_linear=0
shrinkage=0.03


end of trees

feature_importances:
OPEN17=19
OPEN1=18
LOW3=17
OPEN6=16
LOW11=15
HIGH8=14
VWAP1=14
CLOSE6=13
HIGH1=13
OPEN9=12
LOW22=11
HIGH0=10
LOW7=10
CLOSE11=9
CLOSE2=9
CLOSE1=9
OPEN21=9
LOW12=9
CLOSE5=8
OPEN29=8
OPEN26=8
HIGH18=8
HIGH17=8
HIGH16=8
LOW21=8
LOW9=8
LOW6=8
CLOSE42=7
CLOSE16=7
OPEN0=7
HIGH11=7
HIGH3=7
LOW33=7
LOW15=7
LOW1=7
VWAP43=7
OPEN23=6
OPEN5=6
OPEN4=6
HIGH29=6
LOW59=6
LOW28=6
LOW26=6
VWAP22=6
VWAP11=6
VWAP8=6
VWAP2=6
CLOSE30=5
CLOSE28=5
CLOSE19=5
OPEN41=5
OPEN12=5
OPEN8=5
HIGH32=5
HIGH7=5
HIGH6=5
LOW32=5
LOW29=5
LOW17=5
LOW13=5
LOW0=5
VWAP32=5
VWAP18=5
VWAP6=5
CLOSE29=4
CLOSE23=4
CLOSE22=4
CLOSE15=4
CLOSE12=4
CLOSE8=4
CLOSE7=4
OPEN44=4
OPEN11=4
HIGH57=4
HIGH42=4
HIGH34=4
HIGH9=4
HIGH5=4
LOW39=4
LOW36=4
LOW35=4
LOW16=4
LOW14=4
LOW10=4
VWAP19=4
VWAP5=4
CLOSE56=3
CLOSE51=3
CLOSE27=3
CLOSE24=3
CLOSE4=3
CLOSE3=3
OPEN32=3
OPEN13=3
OPEN10=3
OPEN3=3
HIGH25=3
HIGH12=3
HIGH4=3
LOW43=3
LOW41=3
LOW37=3
LOW8=3
VWAP14=3
VWAP9=3
VWAP7=3
VWAP3=3
CLOSE48=2
CLOSE47=2
CLOSE32=2
CLOSE21=2
CLOSE10=2
OPEN59=2
OPEN58=2
OPEN36=2
OPEN33=2
OPEN24=2
OPEN22=2
OPEN16=2
OPEN14=2
HIGH58=2
HIGH55=2
HIGH36=2
HIGH21=2
HIGH20=2
HIGH14=2
HIGH13=2
HIGH10=2
LOW56=2
LOW48=2
LOW46=2
LOW42=2
LOW40=2
LOW38=2
LOW34=2
LOW30=2
LOW23=2
LOW20=2
LOW19=2
LOW4=2
LOW2=2
VWAP36=2
VWAP33=2
VWAP30=2
VWAP29=2
VWAP26=2
VWAP25=2
VWAP15=2
VWAP12=2
VOLUME57=2
VOLUME56=2
VOLUME31=2
VOLUME26=2
VOLUME10=2
VOLUME5=2
CLOSE54=1
CLOSE52=1
CLOSE50=1
CLOSE46=1
CLOSE45=1
CLOSE44=1
CLOSE43=1
CLOSE41=1
CLOSE39=1
CLOSE38=1
CLOSE36=1
CLOSE31=1
CLOSE20=1
CLOSE18=1
CLOSE17=1
CLOSE13=1
CLOSE9=1
OPEN57=1
OPEN55=1
OPEN53=1
OPEN51=1
OPEN50=1
OPEN47=1
OPEN45=1
OPEN43=1
OPEN42=1
OPEN40=1
OPEN38=1
OPEN35=1
OPEN31=1
OPEN30=1
OPEN20=1
OPEN19=1
OPEN7=1
OPEN2=1
HIGH53=1
HIGH50=1
HIGH46=1
HIGH44=1
HIGH43=1
HIGH40=1
HIGH33=1
HIGH31=1
HIGH30=1
HIGH26=1
HIGH24=1
HIGH23=1
HIGH22=1
HIGH19=1
HIGH2=1
LOW57=1
LOW54=1
LOW51=1
LOW50=1
LOW45=1
LOW31=1
LOW25=1
LOW24=1
LOW18=1
LOW5=1
VWAP59=1
VWAP54=1
VWAP50=1
VWAP46=1
VWAP39=1
VWAP28=1
VWAP23=1
VWAP17=1
VWAP16=1
VWAP13=1
VWAP10=1
VWAP0=1
VOLUME52=1
VOLUME50=1
VOLUME40=1
VOLUME28=1
VOLUME25=1
VOLUME14=1
VOLUME8=1
VOLUME3=1

parameters:
[boosting: gbdt]
[objective: regression]
[metric: l2]
[tree_learner: serial]
[device_type: cpu]
[data_sample_strategy: bagging]
[data: ]
[valid: ]
[num_iterations: 500]
[learning_rate: 0.03]
[num_leaves: 31]
[num_threads: 12]
[seed: 20260812]
[deterministic: 1]
[force_col_wise: 1]
[force_row_wise: 0]
[histogram_pool_size: -1]
[max_depth: 7]
[min_data_in_leaf: 100]
[min_sum_hessian_in_leaf: 0.001]
[bagging_fraction: 0.8]
[pos_bagging_fraction: 1]
[neg_bagging_fraction: 1]
[bagging_freq: 1]
[bagging_seed: 20260812]
[bagging_by_query: 0]
[feature_fraction: 0.8]
[feature_fraction_bynode: 1]
[feature_fraction_seed: 20260812]
[extra_trees: 0]
[extra_seed: 9622]
[early_stopping_round: 0]
[early_stopping_min_delta: 0]
[first_metric_only: 0]
[max_delta_step: 0]
[lambda_l1: 10]
[lambda_l2: 20]
[linear_lambda: 0]
[min_gain_to_split: 0]
[drop_rate: 0.1]
[max_drop: 50]
[skip_drop: 0.5]
[xgboost_dart_mode: 0]
[uniform_drop: 0]
[drop_seed: 26770]
[top_rate: 0.2]
[other_rate: 0.1]
[min_data_per_group: 100]
[max_cat_threshold: 32]
[cat_l2: 10]
[cat_smooth: 10]
[max_cat_to_onehot: 4]
[top_k: 20]
[monotone_constraints: ]
[monotone_constraints_method: basic]
[monotone_penalty: 0]
[feature_contri: ]
[forcedsplits_filename: ]
[refit_decay_rate: 0.9]
[cegb_tradeoff: 1]
[cegb_penalty_split: 0]
[cegb_penalty_feature_lazy: ]
[cegb_penalty_feature_coupled: ]
[path_smooth: 0]
[interaction_constraints: ]
[verbosity: 1]
[saved_feature_importance_type: 0]
[use_quantized_grad: 0]
[num_grad_quant_bins: 4]
[quant_train_renew_leaf: 0]
[stochastic_rounding: 1]
[linear_tree: 0]
[max_bin: 255]
[max_bin_by_feature: ]
[min_data_in_bin: 3]
[bin_construct_sample_cnt: 200000]
[data_random_seed: 20260812]
[is_enable_sparse: 1]
[enable_bundle: 1]
[use_missing: 1]
[zero_as_missing: 0]
[feature_pre_filter: 1]
[pre_partition: 0]
[two_round: 0]
[header: 0]
[label_column: ]
[weight_column: ]
[group_column: ]
[ignore_column: ]
[categorical_feature: ]
[forcedbins_filename: ]
[precise_float_parser: 0]
[parser_config_file: ]
[objective_seed: 6428]
[num_class: 1]
[is_unbalance: 0]
[scale_pos_weight: 1]
[sigmoid: 1]
[boost_from_average: 1]
[reg_sqrt: 0]
[alpha: 0.9]
[fair_c: 1]
[poisson_max_delta_step: 0.7]
[tweedie_variance_power: 1.5]
[lambdarank_truncation_level: 30]
[lambdarank_norm: 1]
[label_gain: ]
[lambdarank_position_bias_regularization: 0]
[eval_at: ]
[multi_error_top_k: 1]
[auc_mu_weights: ]
[num_machines: 1]
[local_listen_port: 12400]
[time_out: 120]
[machine_list_filename: ]
[machines: ]
[gpu_platform_id: -1]
[gpu_device_id: -1]
[gpu_use_dp: 0]
[num_gpu: 1]

end of parameters

pandas_categorical:null
