tree
version=v4
num_class=1
num_tree_per_iteration=1
label_index=0
max_feature_idx=359
objective=regression
feature_names=CLOSE59 CLOSE58 CLOSE57 CLOSE56 CLOSE55 CLOSE54 CLOSE53 CLOSE52 CLOSE51 CLOSE50 CLOSE49 CLOSE48 CLOSE47 CLOSE46 CLOSE45 CLOSE44 CLOSE43 CLOSE42 CLOSE41 CLOSE40 CLOSE39 CLOSE38 CLOSE37 CLOSE36 CLOSE35 CLOSE34 CLOSE33 CLOSE32 CLOSE31 CLOSE30 CLOSE29 CLOSE28 CLOSE27 CLOSE26 CLOSE25 CLOSE24 CLOSE23 CLOSE22 CLOSE21 CLOSE20 CLOSE19 CLOSE18 CLOSE17 CLOSE16 CLOSE15 CLOSE14 CLOSE13 CLOSE12 CLOSE11 CLOSE10 CLOSE9 CLOSE8 CLOSE7 CLOSE6 CLOSE5 CLOSE4 CLOSE3 CLOSE2 CLOSE1 CLOSE0 OPEN59 OPEN58 OPEN57 OPEN56 OPEN55 OPEN54 OPEN53 OPEN52 OPEN51 OPEN50 OPEN49 OPEN48 OPEN47 OPEN46 OPEN45 OPEN44 OPEN43 OPEN42 OPEN41 OPEN40 OPEN39 OPEN38 OPEN37 OPEN36 OPEN35 OPEN34 OPEN33 OPEN32 OPEN31 OPEN30 OPEN29 OPEN28 OPEN27 OPEN26 OPEN25 OPEN24 OPEN23 OPEN22 OPEN21 OPEN20 OPEN19 OPEN18 OPEN17 OPEN16 OPEN15 OPEN14 OPEN13 OPEN12 OPEN11 OPEN10 OPEN9 OPEN8 OPEN7 OPEN6 OPEN5 OPEN4 OPEN3 OPEN2 OPEN1 OPEN0 HIGH59 HIGH58 HIGH57 HIGH56 HIGH55 HIGH54 HIGH53 HIGH52 HIGH51 HIGH50 HIGH49 HIGH48 HIGH47 HIGH46 HIGH45 HIGH44 HIGH43 HIGH42 HIGH41 HIGH40 HIGH39 HIGH38 HIGH37 HIGH36 HIGH35 HIGH34 HIGH33 HIGH32 HIGH31 HIGH30 HIGH29 HIGH28 HIGH27 HIGH26 HIGH25 HIGH24 HIGH23 HIGH22 HIGH21 HIGH20 HIGH19 HIGH18 HIGH17 HIGH16 HIGH15 HIGH14 HIGH13 HIGH12 HIGH11 HIGH10 HIGH9 HIGH8 HIGH7 HIGH6 HIGH5 HIGH4 HIGH3 HIGH2 HIGH1 HIGH0 LOW59 LOW58 LOW57 LOW56 LOW55 LOW54 LOW53 LOW52 LOW51 LOW50 LOW49 LOW48 LOW47 LOW46 LOW45 LOW44 LOW43 LOW42 LOW41 LOW40 LOW39 LOW38 LOW37 LOW36 LOW35 LOW34 LOW33 LOW32 LOW31 LOW30 LOW29 LOW28 LOW27 LOW26 LOW25 LOW24 LOW23 LOW22 LOW21 LOW20 LOW19 LOW18 LOW17 LOW16 LOW15 LOW14 LOW13 LOW12 LOW11 LOW10 LOW9 LOW8 LOW7 LOW6 LOW5 LOW4 LOW3 LOW2 LOW1 LOW0 VWAP59 VWAP58 VWAP57 VWAP56 VWAP55 VWAP54 VWAP53 VWAP52 VWAP51 VWAP50 VWAP49 VWAP48 VWAP47 VWAP46 VWAP45 VWAP44 VWAP43 VWAP42 VWAP41 VWAP40 VWAP39 VWAP38 VWAP37 VWAP36 VWAP35 VWAP34 VWAP33 VWAP32 VWAP31 VWAP30 VWAP29 VWAP28 VWAP27 VWAP26 VWAP25 VWAP24 VWAP23 VWAP22 VWAP21 VWAP20 VWAP19 VWAP18 VWAP17 VWAP16 VWAP15 VWAP14 VWAP13 VWAP12 VWAP11 VWAP10 VWAP9 VWAP8 VWAP7 VWAP6 VWAP5 VWAP4 VWAP3 VWAP2 VWAP1 VWAP0 VOLUME59 VOLUME58 VOLUME57 VOLUME56 VOLUME55 VOLUME54 VOLUME53 VOLUME52 VOLUME51 VOLUME50 VOLUME49 VOLUME48 VOLUME47 VOLUME46 VOLUME45 VOLUME44 VOLUME43 VOLUME42 VOLUME41 VOLUME40 VOLUME39 VOLUME38 VOLUME37 VOLUME36 VOLUME35 VOLUME34 VOLUME33 VOLUME32 VOLUME31 VOLUME30 VOLUME29 VOLUME28 VOLUME27 VOLUME26 VOLUME25 VOLUME24 VOLUME23 VOLUME22 VOLUME21 VOLUME20 VOLUME19 VOLUME18 VOLUME17 VOLUME16 VOLUME15 VOLUME14 VOLUME13 VOLUME12 VOLUME11 VOLUME10 VOLUME9 VOLUME8 VOLUME7 VOLUME6 VOLUME5 VOLUME4 VOLUME3 VOLUME2 VOLUME1 VOLUME0
feature_infos=[-5.4038181304931641:12.207799911499023] [-5.4630842208862305:12.317498207092285] [-5.552156925201416:12.828096389770508] [-5.543860912322998:11.230463981628418] [-5.5617179870605469:11.448848724365234] [-5.6241564750671387:11.414474487304688] [-5.6825575828552246:9.6098718643188477] [-5.657966136932373:9.3752841949462891] [-5.5993099212646484:11.028009414672852] [-5.6313424110412598:11.904008865356445] [-5.6268739700317383:14.104987144470215] [-5.6736459732055664:14.119842529296875] [-5.6078968048095703:13.772034645080566] [-5.3474845886230469:16.204652786254883] [-5.0301141738891602:14.807033538818359] [-5.0154285430908203:14.420330047607422] [-5.4409685134887695:12.201403617858887] [-5.6576046943664551:11.266861915588379] [-5.748682975769043:10.175777435302734] [-5.7619786262512207:9.7804374694824219] [-5.837033748626709:10.43333911895752] [-5.7729997634887695:12.606629371643066] [-5.8598322868347168:10.490278244018555] [-5.8949131965637207:12.366391181945801] [-6.0229306221008301:12.926149368286133] [-6.1776113510131836:15.240093231201172] [-6.156036376953125:12.846419334411621] [-6.1175355911254883:13.303590774536133] [-6.2611255645751953:15.902070999145508] [-6.491330623626709:18.839191436767578] [-6.5942034721374512:22.150033950805664] [-6.6824989318847656:25.889287948608398] [-6.9009256362915039:22.514554977416992] [-6.7733120918273926:19.431056976318359] [-6.7470202445983887:18.610666275024414] [-6.8720340728759766:19.165328979492188] [-6.9760775566101074:17.714389801025391] [-7.0796875953674316:15.677718162536621] [-7.4749898910522461:14.608213424682617] [-7.5138611793518066:16.016225814819336] [-7.5265936851501465:16.216730117797852] [-7.7491507530212402:15.659536361694336] [-8.1944398880004883:16.027450561523438] [-8.3186569213867188:14.761478424072266] [-8.5568714141845703:13.908934593200684] [-8.3141460418701172:16.388105392456055] [-7.9301848411560059:15.731110572814941] [-7.5947170257568359:14.221858024597168] [-8.3242588043212891:15.788053512573242] [-9.2431402206420898:16.472049713134766] [-9.4991426467895508:15.732405662536621] [-9.9160194396972656:13.491730690002441] [-10.473063468933105:13.854236602783203] [-10.574273109436035:16.66523551940918] [-10.056805610656738:18.256818771362305] [-9.4071807861328125:15.396571159362793] [-8.5168867111206055:12.600017547607422] [-7.2752594947814941:9.7437820434570312] [-5.7883028984069824:11.24958610534668] [0:1] [-5.3939027786254883:10.705911636352539] [-5.3801994323730469:10.959723472595215] [-5.4286031723022461:11.38120174407959] [-5.5680313110351562:10.736789703369141] [-5.5342550277709961:10.087675094604492] [-5.558952808380127:10.053220748901367] [-5.594970703125:9.4435482025146484] [-5.6583342552185059:9.4323110580444336] [-5.6505732536315918:9.6716413497924805] [-5.5674500465393066:9.3488006591796875] [-5.6290454864501953:12.511114120483398] [-5.6344051361083984:12.523300170898438] [-5.6714987754821777:12.193946838378906] [-5.5976228713989258:14.438279151916504] [-5.3190979957580566:13.691545486450195] [-5.0197815895080566:12.763317108154297] [-5.0082345008850098:12.066287040710449] [-5.4853944778442383:10.058550834655762] [-5.6640167236328125:9.9871940612792969] [-5.7586402893066406:8.8968601226806641] [-5.7868266105651855:8.7311592102050781] [-5.8147773742675781:11.030464172363281] [-5.7806525230407715:10.364409446716309] [-5.8425917625427246:10.789878845214844] [-5.8936858177185059:11.296235084533691] [-6.0248398780822754:13.41217041015625] [-6.1962108612060547:12.685262680053711] [-6.1465163230895996:11.593866348266602] [-6.1146559715270996:13.187936782836914] [-6.2870941162109375:16.678976058959961] [-6.497774600982666:19.713329315185547] [-6.5631170272827148:23.145591735839844] [-6.6829066276550293:22.194005966186523] [-6.9077982902526855:19.136722564697266] [-6.6785674095153809:16.363210678100586] [-6.7857351303100586:15.58949089050293] [-6.9262762069702148:17.248769760131836] [-6.9641542434692383:15.060530662536621] [-7.1025972366333008:15.738567352294922] [-7.4681973457336426:13.973452568054199] [-7.478858470916748:15.671545028686523] [-7.5521197319030762:15.950857162475586] [-7.7583436965942383:15.710830688476562] [-8.1823797225952148:16.01679801940918] [-8.4201278686523438:14.733643531799316] [-8.4783000946044922:13.729578971862793] [-8.1252670288085938:16.373483657836914] [-7.763270378112793:15.379834175109863] [-7.5328803062438965:14.280837059020996] [-8.3767480850219727:15.992692947387695] [-9.5014057159423828:16.661792755126953] [-9.5703029632568359:14.481954574584961] [-9.9364843368530273:13.725786209106445] [-10.522650718688965:10.901738166809082] [-10.593387603759766:13.379806518554688] [-9.7370462417602539:13.903392791748047] [-11.401833534240723:11.473542213439941] [-11.157689094543457:14.136837959289551] [-10.897046089172363:13.387150764465332] [-11.330784797668457:11.485442161560059] [-5.3820013999938965:12.364547729492188] [-5.4294228553771973:12.475584030151367] [-5.4694676399230957:12.552258491516113] [-5.5374393463134766:11.467157363891602] [-5.5535435676574707:11.189560890197754] [-5.5764822959899902:11.157842636108398] [-5.6358404159545898:9.7485008239746094] [-5.6567521095275879:9.3603830337524414] [-5.5977020263671875:10.770561218261719] [-5.5960569381713867:11.628432273864746] [-5.6298618316650391:13.794612884521484] [-5.6596841812133789:13.809728622436523] [-5.5593347549438477:13.465097427368164] [-5.357581615447998:15.858750343322754] [-5.0450444221496582:14.478733062744141] [-5.0299372673034668:14.091922760009766] [-5.0308094024658203:11.90185546875] [-5.5345115661621094:11.404111862182617] [-5.6715240478515625:10.971304893493652] [-5.6430082321166992:10.426162719726562] [-5.8330845832824707:10.159341812133789] [-5.7179265022277832:12.296684265136719] [-5.8336644172668457:10.210969924926758] [-5.8502101898193359:12.057721138000488] [-5.9448437690734863:12.601513862609863] [-6.107874870300293:14.864160537719727] [-6.0690827369689941:12.517831802368164] [-6.1017847061157227:12.972479820251465] [-6.1716437339782715:15.531359672546387] [-6.3130483627319336:18.409242630004883] [-6.5198044776916504:21.656618118286133] [-6.6459999084472656:25.317371368408203] [-6.7865829467773438:22.012430191040039] [-6.7773442268371582:18.976459503173828] [-6.7013201713562012:18.154861450195312] [-6.8188552856445312:19.343141555786133] [-6.9306292533874512:18.877908706665039] [-6.9270119667053223:18.2635498046875] [-7.1876015663146973:15.764147758483887] [-7.4516735076904297:15.993157386779785] [-7.4186992645263672:16.368352890014648] [-7.6636042594909668:16.003454208374023] [-7.9494142532348633:15.889026641845703] [-8.0757808685302734:15.958135604858398] [-8.4526987075805664:14.689020156860352] [-8.303074836730957:15.909083366394043] [-7.8713383674621582:16.440237045288086] [-7.4928336143493652:15.491005897521973] [-7.8494901657104492:15.217290878295898] [-8.7483577728271484:16.283535003662109] [-9.3180007934570312:17.49163818359375] [-9.6569833755493164:14.919129371643066] [-10.237624168395996:14.029580116271973] [-10.158770561218262:15.869563102722168] [-9.9206790924072266:17.252283096313477] [-9.229191780090332:14.353494644165039] [-8.3126459121704102:12.82408332824707] [-7.0230255126953125:17.571023941040039] [-5.0675835609436035:16.732889175415039] [-0.9664994478225708:19.204320907592773] [-5.3964767456054688:10.970551490783691] [-5.4396467208862305:10.572331428527832] [-5.5276446342468262:11.663507461547852] [-5.5864782333374023:11.011089324951172] [-5.5761957168579102:10.352532386779785] [-5.5853433609008789:10.316717147827148] [-5.6677336692810059:9.7006664276123047] [-5.6882305145263672:9.3147363662719727] [-5.6582484245300293:9.9389581680297852] [-5.6039600372314453:9.6126041412353516] [-5.6928701400756836:12.835577011108398] [-5.6788039207458496:12.846935272216797] [-5.6773409843444824:12.513778686523438] [-5.6048955917358398:14.802810668945312] [-5.320920467376709:14.052196502685547] [-5.0179457664489746:13.111536979675293] [-5.3839902877807617:12.409426689147949] [-5.8174047470092773:10.36540412902832] [-5.784174919128418:9.5021562576293945] [-5.832496166229248:8.678898811340332] [-5.8793540000915527:8.1940927505493164] [-5.8299708366394043:11.360886573791504] [-5.8449859619140625:10.684518814086914] [-5.86358642578125:11.115287780761719] [-6.1381864547729492:11.634455680847168] [-6.2772350311279297:13.802389144897461] [-6.2678170204162598:13.060978889465332] [-6.1760926246643066:11.949478149414062] [-6.2078957557678223:13.344522476196289] [-6.4379968643188477:17.147287368774414] [-6.6149802207946777:20.259696960449219] [-6.6496763229370117:23.773187637329102] [-6.8508658409118652:22.798303604125977] [-6.9366893768310547:19.675657272338867] [-6.7643942832946777:16.856267929077148] [-6.8079290390014648:16.073888778686523] [-7.0642623901367188:16.587459564208984] [-6.9945707321166992:15.523313522338867] [-7.3730998039245605:13.628948211669922] [-7.5600848197937012:14.123520851135254] [-7.5175132751464844:15.707470893859863] [-7.7112398147583008:15.520206451416016] [-8.0361595153808594:15.831537246704102] [-8.2219562530517578:14.843610763549805] [-8.5500802993774414:13.949758529663086] [-8.6501235961914062:13.985755920410156] [-8.3596582412719727:15.620052337646484] [-7.8853812217712402:13.975187301635742] [-8.4686384201049805:13.39249324798584] [-8.9124746322631836:15.623690605163574] [-9.8203353881835938:15.20835018157959] [-9.9615106582641602:13.049732208251953] [-10.32017707824707:10.72990894317627] [-10.724518775939941:10.996842384338379] [-10.861797332763672:13.600567817687988] [-10.031360626220703:15.071050643920898] [-11.908105850219727:12.20367431640625] [-11.882100105285645:9.2834072113037109] [-12.17307186126709:9.2433996200561523] [-16.49937629699707:0.97749477624893188] [-5.4039878845214844:11.250247001647949] [-5.4382061958312988:11.140832901000977] [-5.5047149658203125:12.130561828613281] [-5.5697188377380371:10.811211585998535] [-5.5674295425415039:10.79209041595459] [-5.5975079536437988:10.758352279663086] [-5.6568036079406738:9.5577478408813477] [-5.6772289276123047:9.3146648406982422] [-5.6385312080383301:10.375532150268555] [-5.6120061874389648:10.64986515045166] [-5.6572656631469727:13.342713356018066] [-5.6746344566345215:13.356831550598145] [-5.6420350074768066:13.01786994934082] [-5.4896707534790039:15.364109039306641] [-5.191077709197998:14.011350631713867] [-5.0303573608398438:13.63185977935791] [-5.2277398109436035:12.174280166625977] [-5.6374177932739258:10.149846076965332] [-5.7320928573608398:10.191084861755371] [-5.7643313407897949:9.0887775421142578] [-5.8503236770629883:9.207432746887207] [-5.8003559112548828:11.858438491821289] [-5.8468437194824219:10.466709136962891] [-5.8804669380187988:11.617894172668457] [-6.0177435874938965:12.15272331237793] [-6.1657099723815918:14.375732421875] [-6.191983699798584:12.817586898803711] [-6.1559233665466309:12.484643936157227] [-6.2097978591918945:14.530891418457031] [-6.4042263031005859:17.823141098022461] [-6.5801353454589844:21.013839721679688] [-6.6600465774536133:24.623151779174805] [-6.8311100006103516:22.463642120361328] [-6.8759355545043945:19.379465103149414] [-6.7502989768981934:17.56739616394043] [-6.8503098487854004:16.717073440551758] [-7.0050268173217773:17.691045761108398] [-7.0236339569091797:16.211967468261719] [-7.318967342376709:15.018354415893555] [-7.5370831489562988:15.103734970092773] [-7.5262660980224609:16.079132080078125] [-7.7127366065979004:15.877166748046875] [-8.0319108963012695:15.961054801940918] [-8.2521495819091797:15.501462936401367] [-8.5525264739990234:14.423134803771973] [-8.4979753494262695:15.106385231018066] [-8.1349296569824219:16.172042846679688] [-7.7380094528198242:14.902035713195801] [-8.1132259368896484:14.802522659301758] [-8.9047470092773438:16.255861282348633] [-9.6422586441040039:16.468313217163086] [-9.8980913162231445:14.0672607421875] [-10.386066436767578:12.226994514465332] [-10.668394088745117:12.778707504272461] [-10.563884735107422:13.92197322845459] [-9.8267021179199219:15.008130073547363] [-10.384056091308594:12.156516075134277] [-9.8234548568725586:12.385733604431152] [-9.2500982284545898:11.325177192687988] [-11.108595848083496:11.27674388885498] [-0.023151803761720657:320.79556274414062] [-0.023552967235445976:342.58062744140625] [-0.024514675140380859:319.25338745117188] [-0.025893872603774071:317.08056640625] [-0.025641471147537231:420.46987915039062] [-0.036820705980062485:162.91561889648438] [-0.01970398984849453:399.36898803710938] [-0.027579342946410179:149.06684875488281] [-0.032341785728931427:158.35102844238281] [-0.029248002916574478:155.65849304199219] [-0.026169661432504654:319.512939453125] [-0.024268938228487968:351.22409057617188] [-0.02471037395298481:370.87823486328125] [-0.022950060665607452:385.64321899414062] [-0.022395225241780281:386.80337524414062] [-0.023825481534004211:379.16131591796875] [-0.015462658368051052:198.29983520507812] [-0.023323949426412582:336.31124877929688] [-0.015774592757225037:234.04183959960938] [-0.018414083868265152:277.28448486328125] [-0.025623979046940804:413.89871215820312] [-0.026942715048789978:458.59365844726562] [-0.022823723033070564:376.15072631835938] [-0.03072655200958252:352.529052734375] [-0.026520777493715286:444.79776000976562] [-0.020596971735358238:385.6285400390625] [-0.026999516412615776:455.86917114257812] [-0.022171834483742714:371.3687744140625] [-0.016349649056792259:462.75802612304688] [-0.024673076346516609:413.50241088867188] [-0.018979929387569427:379.58163452148438] [-0.014445589855313301:267.478759765625] [-0.035802826285362244:390.68917846679688] [-0.019427074119448662:289.63323974609375] [-0.022303992882370949:333.93392944335938] [-0.0237291119992733:377.6591796875] [-0.0097173256799578667:539.491455078125] [-0.022759400308132172:340.16921997070312] [-0.010578911751508713:525.3720703125] [-0.020813301205635071:412.00271606445312] [-0.013653680682182312:173.86936950683594] [-0.011283853091299534:463.11029052734375] [-0.01480985339730978:319.55813598632812] [-0.017652995884418488:297.6595458984375] [-0.0095784598961472511:300.578857421875] [-0.011939272284507751:485.23876953125] [-0.017059490084648132:362.34173583984375] [-0.016829557716846466:191.77696228027344] [-0.012630914337933064:359.11703491210938] [-0.013145782984793186:433.60562133789062] [-0.018381858244538307:396.68478393554688] [-0.0091012157499790192:494.3228759765625] [-0.019375069066882133:449.85595703125] [-0.033517889678478241:157.14990234375] [-0.011998369358479977:467.15005493164062] [-0.010289213620126247:490.4542236328125] [-0.019199203699827194:267.81991577148438] [-0.018684670329093933:212.38313293457031] [-0.047170400619506836:526.06732177734375] [0:1]
tree_sizes=3069 3091 3061 3095 3042 3078 3027 3102 3063 3088 3066 3098 3058 3037 3066 3057 3057 3047 3079 3040 3106 3014 3063 3057 3047 3054 3034 3063 3089 3097 3023

Tree=0
num_leaves=31
num_cat=0
split_feature=256 161 53 98 60 48 217 298 74 3 96 290 205 286 223 78 105 232 53 220 119 230 227 43 172 90 122 215 56 237
split_gain=184.371 135.624 80.6158 73.576 121.355 91.724 76.0894 78.1463 67.881 78.2515 58.5245 57.8605 55.9278 60.7341 55.8353 53.4073 67.6614 48.5733 97.4075 71.2239 57.65 53.8852 47.48 63.4972 46.5447 90.7435 67.7942 44.8882 43.2497 41.9387
threshold=2.0934333801269536 0.10608226805925371 -1.6653182506561277 -2.0278558731079097 0.64379373192787182 -2.3553438186645503 -0.82185977697372425 1.7067797780036928 1.0093017220497134 0.1813992038369179 2.063554167747498 -1.943938612937927 -1.197728633880615 0.47393475472927099 1.4656305909156802 -1.5911517143249509 0.88371315598487865 2.024578452110291 -0.082976967096328721 1.0228717327117922 -1.1924392580986021 2.2624927759170537 -0.78253069519996632 -1.8120546936988828 0.18446075171232226 1.1747781038284304 0.33415578305721289 -1.600065231323242 1.7880460023880007 -0.18790612369775769
decision_type=2 2 2 2 2 2 2 2 2 2 2 2 2 2 2 2 2 2 2 2 2 2 2 2 2 2 2 2 2 2
left_child=1 2 8 4 22 27 7 -7 9 -1 12 -11 13 -3 -12 16 -14 18 19 -2 -20 28 23 -4 25 -17 -26 -5 -22 -16
right_child=17 10 3 5 -6 6 -8 -9 -10 11 14 -13 15 -15 29 24 -18 -19 20 -21 21 -23 -24 -25 26 -27 -28 -29 -30 -31
leaf_value=-0.0015428895423285688 0.00043889406386635145 -0.00076940486561145448 0.00035909644224566901 -0.00070531894244795239 0.023143943779753571 -0.0010658063107397827 0.0008241878955474347 0.0070514608377599047 0.008545027448760241 1.586447495265204e-09 -0.0030851587135708484 -0.012701467522041012 1.586447495265204e-09 -0.012801163323172304 -0.00086953816817484872 -0.00063238113797408669 0.027266133290024992 0.0093241572728032501 0.0094751612283458866 0.015021961335202326 -0.0027378291738581512 -0.015507628019034365 -0.0072814340680511418 0.0088523539349945977 -0.00041249381311940584 0.0039527956240895295 -0.0023058677030843629 0.015786443629767662 0.0065656490359063983 0.0077727505458489972
leaf_weight=7328 527 875 1886 158 281 32570 115570 1076 464 396 901 1083 217 736 614 39981 116 1817 479 859 1671 211 325 1454 32129 4276 37301 504 590 1787
leaf_count=7328 527 875 1886 158 281 32570 115570 1076 464 396 901 1083 217 736 614 39981 116 1817 479 859 1671 211 325 1454 32129 4276 37301 504 590 1787
internal_value=4.06902e-06 -0.00010715 0.000453409 0.000618778 0.00466138 0.000509735 0.000457407 -0.00079327 -0.00225351 -0.0028745 -0.000878324 -0.00916346 -0.000992917 -0.00653973 0.00302608 -0.000910782 0.0106732 0.00513348 0.00327418 0.00977552 7.44598e-05 -0.00168816 0.00304497 0.00417643 -0.000949222 -0.000181012 -0.00143439 0.0115052 -0.000142316 0.00544984
internal_weight=288182 282028 163095 153824 3946 149878 149216 33646 9271 8807 118933 1479 115631 1611 3302 114020 333 6154 4337 1386 2951 2472 3665 3340 113687 44257 69430 662 2261 2401
internal_count=288182 282028 163095 153824 3946 149878 149216 33646 9271 8807 118933 1479 115631 1611 3302 114020 333 6154 4337 1386 2951 2472 3665 3340 113687 44257 69430 662 2261 2401
is_linear=0
shrinkage=1


Tree=1
num_leaves=31
num_cat=0
split_feature=90 171 17 298 230 53 102 230 118 113 40 58 180 203 217 168 48 296 167 274 227 30 162 230 224 283 172 209 20 232
split_gain=185.95 139.849 137.474 112.618 85.5218 76.8004 94.3923 88.7858 72.5003 71.6726 74.8759 71.2421 63.5841 67.2381 60.2958 133.406 121.916 55.6434 55.0498 53.3921 51.6121 52.2989 99.0562 78.8589 49.4225 47.9385 46.4698 44.6433 42.8169 39.1355
threshold=2.3304510116577153 0.23642660677433017 1.6782963871955874 -0.68890714645385731 0.28261585533618933 -1.6653182506561277 0.032264130190014846 -0.5582638382911681 -1.1304904818534849 0.77268677949905407 -0.70882782340049733 0.38314031064510351 0.21689776331186297 -0.98218515515327443 -2.4210842847824092 -1.0900766253471372 -2.3553438186645503 -0.51048007607460011 0.52180498838424694 1.0299736857414248 0.26667989790439611 -0.95540979504585255 -1.716806888580322 -2.0211981534957881 1.2583791613578799 -0.67367562651634205 0.59059631824493419 0.67099496722221386 2.2017947435379033 1.919757127761841
decision_type=2 2 2 2 2 2 2 2 2 2 2 2 2 2 2 2 2 2 2 2 2 2 2 2 2 2 2 2 2 2
left_child=1 2 5 4 -3 20 14 17 -4 26 11 25 19 -14 15 -7 -16 -8 -13 -12 21 22 -1 -23 -9 -11 -5 -10 -6 -2
right_child=29 3 8 9 28 6 7 24 27 10 12 18 13 -15 16 -17 -18 -19 -20 -21 -22 23 -24 -25 -26 -27 -28 -29 -30 -31
leaf_value=-0.003747130961404414 0.0036813476299721233 -0.0092464600459655714 -0.0023125328257033802 -0.00083356570288152065 -0.0029915812948560845 6.2259832256609686e-05 -0.00071240538210348193 -0.00024876002656360526 0 -0.0086123841621554807 0.00071029461547280617 0.017255274583449932 -0.017978280996369046 -0.00080212957671600335 0.012705802263337179 0.018501383737534623 0.00077629766697132508 -0.0061543680876525696 -0.00077277088258155319 0.0054482508645318619 0.010772615521179082 0.0022168476564670809 0.004585980854565303 -0.007126499097590118 0.0063416016590923273 0.0085680391795761972 -0.0029447757092627099 0.012246990376898453 0.0061904771255719806 0.009921415535078134
leaf_weight=3349 2571 2143 487 35712 8436 1034 3269 44287 366 305 14811 598 189 23234 760 544 114631 3834 159 2536 240 991 2042 3478 1027 241 13071 1578 445 1661
leaf_count=3349 2571 2143 487 35712 8436 1034 3269 44287 366 305 14811 598 189 23234 760 544 114631 3834 159 2536 240 991 2042 3478 1027 241 13071 1578 445 1661
internal_value=8.0315e-06 -8.42191e-05 0.000412989 -0.000974885 -0.00384085 0.000314841 0.000467929 -0.000586307 0.00747535 -0.000623074 0.000278255 0.0073036 4.29009e-05 -0.00096874 0.000942945 0.0067587 0.000859657 -0.00370097 0.0131601 0.0014257 -0.00221879 -0.00258654 -0.000529993 -0.00498714 -9.00462e-05 -0.000464252 -0.00140637 0.0100787 -0.00248492 0.00623619
internal_weight=288029 283797 181917 101880 11024 179486 169386 52417 2431 90856 42073 1303 40770 23423 116969 1578 115391 7103 757 17347 10100 9860 5391 4469 45314 546 48783 1944 8881 4232
internal_count=288029 283797 181917 101880 11024 179486 169386 52417 2431 90856 42073 1303 40770 23423 116969 1578 115391 7103 757 17347 10100 9860 5391 4469 45314 546 48783 1944 8881 4232
is_linear=0
shrinkage=0.03


Tree=2
num_leaves=31
num_cat=0
split_feature=209 171 17 235 118 283 217 228 102 54 189 79 236 171 7 222 236 236 218 50 162 175 4 114 44 333 169 168 214 230
split_gain=164.015 161.36 132.926 94.7008 81.4288 81.3558 158.53 120.709 70.328 52.462 57.8579 57.1503 51.9242 50.0185 48.0024 67.0259 61.5158 57.3287 57.1006 49.8954 46.98 44.7545 43.6688 82.9896 57.8719 43.6071 44.4972 38.9049 38.3718 38.0761
threshold=2.4746123552322392 0.23642660677433017 1.6782963871955874 0.65312194824218761 -1.1545260548591612 -2.0742567777633663 -2.4210842847824092 -3.0606709718704219 0.032264130190014846 -0.40726967155933375 -1.558979272842407 2.0960763692855839 -0.50874114036560047 -0.57124537229537953 0.11089446023106576 1.1457577347755434 1.9406119585037234 -0.20520761609077451 1.256650507450104 1.4036080837249758 1.543761730194092 2.511581659317017 -0.83951449394226063 -1.0058493018150327 -1.7290285825729368 -0.0066274951677769414 0.56305038928985607 -1.111830413341522 -0.87331509590148915 0.36261601746082311
decision_type=2 2 2 2 2 2 2 2 2 2 2 2 2 2 2 2 2 2 2 2 2 2 2 2 2 2 2 2 2 2
left_child=1 2 5 9 -4 13 27 -8 -9 11 12 25 -11 22 17 18 21 -5 28 -18 -2 -17 24 -24 -1 26 -3 -7 -16 -14
right_child=20 3 4 14 -6 6 7 8 -10 10 -12 -13 29 -15 15 16 19 -19 -20 -21 -22 -23 23 -25 -26 -27 -28 -29 -30 -31
leaf_value=-0.0012235299833525154 0 -0.0036255593864707196 -0.0030611910188030667 -0.01077262728325918 0.010002686509464143 0.0058725804102350313 0.017523677169206896 0.00075640570822490573 -0.00055176675072606018 -0.004287985841030754 -0.0017217733295453498 0.0055749921253635095 0.0014624599665026448 0.006454380834991314 0.0099155613617312004 0.0017146316005960487 0.0045459941774049027 0.001302928086395552 -0.0078300172035168265 -0.0060575413196515392 0.008646235701150546 0.012161289930774538 -0.013122314040092542 0.0018814498566711942 -0.020108100817061273 -0.00072342201489160513 -0.0099542230641058421 0.018839453071352364 -0.0016237059494850859 0.014330317228405299
leaf_weight=3287 644 2322 494 336 2005 593 350 119563 53273 368 46802 432 468 395 237 7805 481 19306 1371 1604 2491 382 1035 430 137 1580 2137 452 16947 470
leaf_count=3287 644 2322 494 336 2005 593 350 119563 53273 368 46802 432 468 395 237 7805 481 19306 1371 1604 2491 382 1035 430 137 1580 2137 452 16947 470
internal_value=-1.19422e-05 -8.82643e-05 0.00044763 -0.00103763 0.00729734 0.000349803 0.000462688 0.000389892 0.000351437 -0.00189463 -0.00154266 -0.0044523 0.00457903 -0.00330355 -6.60235e-05 -0.000850929 0.00107325 0.00107036 -0.00193231 -0.00344889 0.00678943 0.00226707 -0.00417612 -0.00855043 -0.00217863 -0.00523515 -0.00675649 0.0120114 -0.00143578 0.00838782
internal_weight=288197 285062 182014 103048 2499 179515 174231 173186 172836 54579 48108 6471 1306 5284 48469 28827 10272 19642 18555 2085 3135 8187 4889 1465 3424 6039 4459 1045 17184 938
internal_count=288197 285062 182014 103048 2499 179515 174231 173186 172836 54579 48108 6471 1306 5284 48469 28827 10272 19642 18555 2085 3135 8187 4889 1465 3424 6039 4459 1045 17184 938
is_linear=0
shrinkage=0.03


Tree=3
num_leaves=31
num_cat=0
split_feature=209 171 196 298 282 98 20 113 192 230 248 162 118 53 162 118 222 21 262 171 179 150 15 155 108 70 53 123 56 98
split_gain=155.303 108.243 117.789 106.469 86.8102 110.916 81.3464 79.6932 80.0155 62.6852 60.3686 59.1938 80.868 60.5633 53.6644 51.8437 49.6841 83.5729 65.5323 47.8559 46.17 61.283 45.8693 47.5466 43.7174 54.2274 46.0988 42.8186 37.6236 34.7385
threshold=2.4746123552322392 0.23642660677433017 1.27258837223053 -0.68890714645385731 -2.3345221281051631 -2.5481119155883785 2.2017947435379033 0.77268677949905407 -1.418201684951782 0.20939111709594729 0.73450985550880443 0.049720188602805145 1.4726499915122988 -1.4732133746147154 1.543761730194092 -1.7378323674201963 1.3322451710700991 0.83668452501297008 1.8906106352806094 -0.61424291133880604 1.1284903883934023 0.23383881151676181 0.97572195529937755 0.19189210236072543 -1.6665055751800535 -0.17617478966712949 -0.97082030773162831 -1.9672651290893552 -1.3433970212936399 0.709499090909958
decision_type=2 2 2 2 2 2 2 2 2 2 2 2 2 2 2 2 2 2 2 2 2 2 2 2 2 2 2 2 2 2
left_child=1 2 4 6 19 15 9 20 27 28 -4 13 -13 -7 -2 -6 17 -10 -18 24 22 -22 -5 -24 25 -1 -26 -9 -3 -29
right_child=14 3 10 7 5 11 -8 8 16 -11 -12 12 -14 -15 -16 -17 18 -19 -20 -21 21 -23 23 -25 26 -27 -28 29 -30 -31
leaf_value=-0.0021044159129304917 -0.00052243442947843242 -0.018637080905586478 -0.0051929177584459987 -0.0014459874990694422 -0.00083324197320756627 -0.0016126367279305162 0.006694123243431797 0.00039971315083596205 0.00051850295116617068 -0.0032076945933533951 0.0053952106709623943 -0.00052550075237841741 -0.010765512532755542 0.00076403157708076238 0.0085635717904475519 0.016975569150715096 0.0031733278212495784 -0.0029400252165210391 -0.003051130369503512 0.0068860101687036211 -0.00057929572427211783 -0.0072428604510803183 0.0095386178441913844 0.00041710775523250973 -0.022824398190929438 -0.015060939420646775 -0.0012097164555659214 0.014809762237460486 -0.0067830773586866483 -0.00017526497430493418
leaf_weight=2137 680 355 487 37604 159 10438 607 527 22799 8930 5482 45432 689 115633 2499 503 8130 8620 1808 253 2524 2655 557 5679 248 338 183 652 1346 126
leaf_count=2137 680 355 487 37604 159 10438 607 527 22799 8930 5482 45432 689 115633 2499 503 8130 8620 1808 253 2524 2655 557 5679 248 338 183 652 1346 126
internal_value=-3.65309e-05 -0.000111366 0.000327177 -0.000889627 0.000184597 0.000276553 -0.00364774 -0.000547552 0.000395021 -0.00427786 0.0044668 0.000226928 -0.000689578 0.000564652 0.00653515 0.0123593 0.000155039 -0.00042209 0.00200694 -0.00472277 -0.00137383 -0.00406778 -0.00104703 0.00130769 -0.00587613 -0.00410062 -0.0147728 0.00765677 -0.00961917 0.0120634
internal_weight=288080 284901 181982 102919 176013 172854 11238 91681 42662 10631 5969 172192 46121 126071 3179 662 41357 31419 9938 3159 49019 5179 43840 6236 2906 2475 431 1305 1701 778
internal_count=288080 284901 181982 102919 176013 172854 11238 91681 42662 10631 5969 172192 46121 126071 3179 662 41357 31419 9938 3159 49019 5179 43840 6236 2906 2475 431 1305 1701 778
is_linear=0
shrinkage=0.03


Tree=4
num_leaves=31
num_cat=0
split_feature=29 102 283 228 277 58 25 119 218 161 279 43 175 97 114 113 218 180 276 246 290 53 74 58 236 235 222 133 238 239
split_gain=134.098 130.613 87.1562 161.251 136.968 78.7996 82.6575 64.823 54.0582 83.1985 50.7592 48.718 52.4734 48.2547 76.8206 47.7112 51.9137 43.2776 41.9809 41.1005 40.2093 37.1411 36.5264 36.3211 104.835 35.325 42.7273 33.9158 33.7488 31.3459
threshold=2.3314224481582646 0.032264130190014846 -2.0742567777633663 -3.0606709718704219 -2.55019199848175 -0.95642116665840138 1.2984002232551577 -1.6757996678352354 -0.70265519618988026 -0.49755135178565973 -2.0077141523361202 2.3211979866027836 3.1203670501708989 -1.9487349390983579 -1.0661084651947019 -1.5225394964218137 0.49167878925800329 -1.1183019280433653 1.8836090564727785 -0.54649102687835682 -0.66565063595771778 -0.71680200099945057 1.4610535502433779 0.63517889380455028 -2.1112418174743648 -0.12046863138675688 0.96722659468650829 -1.7440609931945799 -1.4142085313796995 -0.042403651401400559
decision_type=2 2 2 2 2 2 2 2 2 2 2 2 2 2 2 2 2 2 2 2 2 2 2 2 2 2 2 2 2 2
left_child=1 2 7 -4 -5 6 19 10 9 -6 27 12 15 23 17 16 -7 -15 -2 -3 -17 28 -10 -9 -25 26 -23 -1 -8 -16
right_child=18 5 3 4 8 11 21 13 22 -11 -12 -13 -14 14 29 20 -18 -19 -20 -21 -22 25 -24 24 -26 -27 -28 -29 -30 -31
leaf_value=-0.0073548226041078293 0 -0.0087372929453908409 0.020813863869367972 0.014991042482724879 0.00010373463890394823 -0.0011264228467776011 -0.011374847599623822 0.0032782177965290662 0.00084447712128663801 -0.0040208349680585466 0.0012679964104970454 0.0040693857283760904 -0.0093948710950238924 -0.00051408875060196101 0.0074827963359098519 -0.003651817222520727 0.012458120167666528 -0.015342733501765205 0.0069217138646445048 -0.0033758889301532462 -0.00054991469774696847 0.017310921085559879 0.00601141450816576 -0.029850407502636678 0.00087198982953378172 0 0.0025327127122183831 -0.020595623863801229 0.0046688733670380315 -0.0041985611131463152
leaf_weight=689 1028 1648 336 572 42336 414 303 1941 96339 4878 278 1967 599 305 395 3915 503 629 3212 8293 113213 289 1249 103 442 1132 574 323 140 365
leaf_count=689 1028 1648 336 572 42336 414 303 1941 96339 4878 278 1967 599 305 395 3915 503 629 3212 8293 113213 289 1249 103 442 1132 574 323 140 365
internal_value=-3.95425e-05 -0.000119767 0.000482201 0.000623658 0.000572072 -0.000806296 -0.0030893 -0.00321981 0.00051098 -0.000317573 -0.00908474 -0.000569018 -0.000649119 -0.00130375 -0.0052133 -0.000600615 0.00611177 -0.0109272 0.00524209 -0.00431057 -0.000656762 0.00176296 0.000914899 0.00126091 -0.00525441 0.00360319 0.00810137 -0.0121888 -0.00567399 0.00152425
internal_weight=288410 284170 151180 145710 145374 132990 12379 5470 144802 47214 1290 120611 118644 4180 1694 118045 917 934 4240 9941 117128 2438 97588 2486 545 1995 863 1012 443 760
internal_count=288410 284170 151180 145710 145374 132990 12379 5470 144802 47214 1290 120611 118644 4180 1694 118045 917 934 4240 9941 117128 2438 97588 2486 545 1995 863 1012 443 760
is_linear=0
shrinkage=0.03


Tree=5
num_leaves=31
num_cat=0
split_feature=29 102 196 53 218 157 227 206 222 170 115 299 232 46 159 165 93 22 171 90 118 110 57 40 102 232 332 76 232 288
split_gain=154.612 112.194 66.5223 75.9559 65.1008 68.1795 64.6018 68.0925 62.8186 78.4939 67.7339 63.4804 61.2738 59.0735 67.3925 56.7351 51.5595 50.5536 49.312 111.522 94.6572 74.3851 46.2507 52.7594 47.256 45.979 43.5161 43.4858 43.4352 60.7656
threshold=2.3314224481582646 0.032264130190014846 1.1532300114631655 -1.1359342932701109 -1.9701810479164121 -0.83268535137176503 1.3838598728179934 2.1669038534164433 -2.6247596740722652 -2.0826983451843257 -1.5233584642410276 0.64580348134040844 1.8346164822578432 -0.32096378505229944 -2.1655844449996944 -1.3331176638603208 -2.4085192680358882 -0.69066223502159108 0.3316964209079743 1.1747781038284304 1.5172312855720522 -0.49504159390926356 -1.154615521430969 1.1259204149246218 1.4835984706878664 0.3477389663457871 0.012797053903341295 -1.696310758590698 1.919757127761841 1.8800752162933352
decision_type=2 2 2 2 2 2 2 2 2 2 2 2 2 2 2 2 2 2 2 2 2 2 2 2 2 2 2 2 2 2
left_child=1 2 3 8 13 16 18 17 27 10 -10 -11 -9 14 -5 -7 -6 -8 19 20 21 -3 23 -21 -24 -22 -20 -1 29 -2
right_child=28 6 -4 4 5 15 7 12 9 11 -12 -13 -14 -15 -16 -17 -18 -19 26 22 25 -23 24 -25 -26 -27 -28 -29 -30 -31
leaf_value=-0.0036027303166257696 0.0060061244255517473 -0.0034229584197391881 0.0045633940045474415 0.00069390118031389351 -0.013588204881465952 0.0063113166585985637 -0.0072039644271213368 -0.010461482246751351 0.0004936611936816862 -0.002156233980736159 0.010894039547117264 0.0035104935916553015 0.0032753355064030201 -0.012048714749515056 0.009585077531932714 0.00080907269523641063 -0.00064770116523603762 0.0020817385328678727 -0.0018299132246680141 -0.0082014092506687026 -0.015815769743270137 -0.00018811694137300906 0.0065307021077346487 0.0067161826144959491 -0.002284219689929159 0 0.0018349403704694867 -0.015810444719960275 0.0095597326490908293 -0.0039508328307072162
leaf_weight=1064 1827 7385 3471 1478 263 1717 517 798 1824 16140 843 1945 400 150 1781 93185 26515 13451 52305 525 534 49028 3563 315 580 212 2991 391 1643 733
leaf_count=1064 1827 7385 3471 1478 263 1717 517 798 1824 16140 843 1945 400 150 1781 93185 26515 13451 52305 525 534 49028 3563 315 580 212 2991 391 1643 733
internal_value=-9.81533e-06 -9.57652e-05 0.000462816 0.000363544 0.000652184 0.00053443 -0.000733093 0.00109922 -0.00124795 -0.00080564 0.00394934 -0.00152702 -0.00565012 0.00474013 0.00567313 0.000913091 -0.000796037 0.00170679 -0.000972419 -0.000385978 -0.000766056 -0.000617968 0.00389949 -0.00223238 0.00521955 -0.0112644 -0.00162566 -0.00725658 0.00568699 0.00303036
internal_weight=287574 283371 150767 147296 125089 121680 132604 15166 22207 20752 2667 18085 1198 3409 3259 94902 26778 13968 117438 62142 57159 56413 4983 840 4143 746 55296 1455 4203 2560
internal_count=287574 283371 150767 147296 125089 121680 132604 15166 22207 20752 2667 18085 1198 3409 3259 94902 26778 13968 117438 62142 57159 56413 4983 840 4143 746 55296 1455 4203 2560
is_linear=0
shrinkage=0.03


Tree=6
num_leaves=31
num_cat=0
split_feature=196 102 58 198 53 48 102 12 218 157 211 232 118 48 43 60 58 115 179 298 163 2 92 179 172 214 216 115 223 110
split_gain=122.299 99.1896 79.1246 68.9837 67.4391 78.9785 77.3956 75.5312 63.261 82.0137 62.9967 61.0303 84.7352 84.8026 59.524 58.1349 57.7096 54.32 66.2718 53.1588 50.0646 111.12 93.6638 57.2292 54.3769 46.4714 45.315 48.5266 45.2322 44.6484
threshold=2.0677405595779423 0.032264130190014846 -0.95642116665840138 -0.2606899887323379 -1.4732133746147154 -2.3553438186645503 -2.351274728775024 1.1463902592658999 -1.9701810479164121 -0.83268535137176503 -2.6404743194580074 2.024578452110291 0.91142311692237865 1.8074474930763247 2.1749565601348881 0.64379373192787182 -0.89831769466400135 -0.62002983689308155 0.45043848454952246 0.063273075968027129 -1.9333390593528745 -0.9496474266052245 -0.85264047980308522 1.0648733973503115 -1.1494864821434019 -2.6404390335083003 2.14355480670929 2.3782738447189335 1.2961028814315798 -1.6157877445220945
decision_type=2 2 2 2 2 2 2 2 2 2 2 2 2 2 2 2 2 2 2 2 2 2 2 2 2 2 2 2 2 2
left_child=1 4 3 -3 7 6 -6 20 15 10 -10 12 -2 -14 26 19 -17 18 -8 -7 21 -1 23 -22 -24 -23 27 -4 -28 -9
right_child=11 2 14 -5 5 8 17 29 9 -11 -12 -13 13 -15 -16 16 -18 -19 -20 -21 22 25 24 -25 -26 -27 28 -29 -30 -31
leaf_value=-0.0016122142612774607 0.0053147746211698096 -0.0079766924146132522 -0.00058074081491302687 -0.0019460765674102129 -0.0035572390429511225 0.00017508706416811498 0.0095414079462338361 0.018195203778182754 -0.017144917840034597 0.0008368666247412762 -0.00080429428681173571 0.0088683834836819908 0.0021597765749016441 -0.011526953438703054 0.0039061766072042568 0.032422385516484048 0.0052766813587776006 0 0.036494338534641679 0.0079946223900155319 0.00090267609309834093 0.00022161456893748008 -0.0022223231134799355 0.012029741284764896 -0.010757478663883461 -0.016127070847140049 -0.0029523194888073094 -0.006146055395680361 0.0091564156735187315 0
leaf_weight=2485 2813 2120 113751 9958 235 2338 285 241 196 102218 30410 1769 972 645 2676 111 253 150 151 1223 3868 146 3722 460 853 866 358 1421 811 265
leaf_count=2485 2813 2120 113751 9958 235 2338 285 241 196 102218 30410 1769 972 645 2676 111 253 150 151 1223 3868 146 3722 460 853 866 358 1421 811 265
internal_value=-2.75382e-05 -0.000120475 -0.000724493 -0.00304084 0.000403781 0.000599972 0.0097866 -0.00166198 0.000541202 0.000427431 -0.000929863 0.0041324 0.00214243 -0.00319055 -0.000486436 0.00429355 0.0155934 0.0155736 0.0207251 0.00297408 -0.00215086 -0.00520057 -0.000910381 0.0022042 -0.00391887 -0.0135192 -0.000590704 -0.000653066 0.00520858 0.00937439
internal_weight=287770 281571 131095 12078 150476 137570 821 12906 136749 132824 30606 6199 4430 1617 119017 3925 364 586 436 3561 12400 3497 8903 4328 4575 1012 116341 115172 1169 506
internal_count=287770 281571 131095 12078 150476 137570 821 12906 136749 132824 30606 6199 4430 1617 119017 3925 364 586 436 3561 12400 3497 8903 4328 4575 1012 116341 115172 1169 506
is_linear=0
shrinkage=0.03


Tree=7
num_leaves=31
num_cat=0
split_feature=16 102 173 288 299 277 213 298 224 222 115 232 109 216 222 228 312 126 52 234 93 90 116 54 122 203 167 107 170 219
split_gain=135.412 119.642 65.6132 90.0729 80.2165 74.5568 101.626 63.1815 62.39 57.6365 55.5412 65.0219 67.0274 54.3474 52.2355 53.8096 51.9062 47.1931 49.8298 48.3456 46.9417 45.4953 43.3647 71.2752 52.6633 50.2537 41.8939 55.9387 41.8331 40.5793
threshold=2.0005218982696538 0.032264130190014846 -1.2829340100288389 -1.6608979701995847 0.79627275466918956 -2.3624964952468868 -2.4494482278823848 -0.7034853696823119 1.1566853523254397 -2.0353211164474483 -1.8826133608818052 2.024578452110291 1.9563804864883425 -0.45128500461578364 -2.6247596740722652 -3.0606709718704219 -0.017884819768369194 -0.55083194375038136 0.30224341154098516 -0.32433165609836573 1.0038377046585085 -2.037439107894897 -0.53558179736137379 -0.40726967155933375 0.38192735612392431 -0.78559294342994679 -1.5549259781837461 -0.63870435953140248 0.72991523146629345 -1.0327744483947752
decision_type=2 2 2 2 2 2 2 2 2 2 2 2 2 2 2 2 2 2 2 2 2 2 2 2 2 2 2 2 2 2
left_child=1 2 4 -4 14 26 -7 17 22 -6 -2 12 -12 -8 16 -16 -1 20 19 -19 -3 -17 25 28 -25 -9 -5 -28 -24 -11
right_child=10 7 3 5 9 6 13 8 -10 29 11 -13 -14 -15 15 21 -18 18 -20 -21 -22 -23 23 24 -26 -27 27 -29 -30 -31
leaf_value=-0.0024325419081917227 0.0153428565397115 -0.0050292924062821888 0.0050519072547762656 -0.0028825387465538548 -0.0048950704872726238 -0.011539905522266686 -0.00010949144711130973 -0.0073585767285402051 0.0010776752260734574 0.013660636463276862 0.0031662369906851049 0.0080597954847942063 -0.0058586128911046146 0.0011383914729469853 0.01072990204172565 0.0030706285513358747 -0.01611914721886273 -0.0021865050884413545 -0.0042936446699813769 0.0022722326609883512 -0.02134934914828493 -0.0022379711488212076 -0.003357841689260834 -0.00010724593417743976 -0.0016945783807081401 0.001701936829137634 0.016498831065533091 -0.0021436892797732179 -0.01383384578098657 0.0017181899160776603
leaf_weight=722 372 1887 4242 163 335 601 54319 558 19397 630 4004 1943 872 73149 299 1578 432 5809 4828 3446 175 12727 6001 47290 31713 8931 577 150 372 540
leaf_count=722 372 1887 4242 163 335 601 54319 558 19397 630 4004 1943 872 73149 299 1578 432 5809 4828 3446 175 12727 6001 47290 31713 8931 577 150 372 540
internal_value=5.21131e-05 -5.10447e-05 0.000524198 0.000751144 -0.00120839 0.000606586 0.000543208 -0.000717041 -0.00046536 0.005314 0.00411189 0.00341226 0.00147366 0.000604334 -0.00185629 -0.00134011 -0.00799898 -0.0024769 -0.00182126 -0.000492677 -0.00675023 -0.00162796 -0.000784186 -0.00099991 -0.000748489 0.00112323 0.00918447 0.0122964 -0.00405763 0.00852235
internal_weight=288062 280871 150464 133201 17263 128959 128069 130407 114262 1505 7191 6819 4876 127468 15758 14604 1154 16145 14083 9255 2062 14305 94865 85376 79003 9489 890 727 6373 1170
internal_count=288062 280871 150464 133201 17263 128959 128069 130407 114262 1505 7191 6819 4876 127468 15758 14604 1154 16145 14083 9255 2062 14305 94865 85376 79003 9489 890 727 6373 1170
is_linear=0
shrinkage=0.03


Tree=8
num_leaves=31
num_cat=0
split_feature=93 171 197 238 230 248 108 28 183 227 222 156 48 156 40 162 103 224 236 278 204 233 230 148 24 233 351 345 57 57
split_gain=137.471 91.6097 125.956 87.4551 77.0835 74.8697 62.4974 70.7974 72.8186 61.9492 59.0766 101.845 79.9342 58.003 54.1989 52.2699 50.6787 47.4473 45.0085 45.8672 48.7612 43.0467 41.7461 41.4531 40.0514 36.2484 36.0545 34.9858 37.9506 34.3361
threshold=2.32965099811554 0.23642660677433017 1.6695520281791689 -0.78831726312637318 -0.3277475237846374 -1.4112804532051084 1.1192416548728945 -0.68290042877197255 0.15759223699569705 -0.6705200970172881 -2.6247596740722652 -2.3301957845687862 -2.3553438186645503 0.44237609207630163 -2.0937516689300533 -0.032197840511798852 1.0741074681282046 0.41618953645229345 0.66398724913597118 -2.0185153484344478 -1.7063707113265989 -0.023351221345365044 -0.016029860824346539 0.99931803345680248 -1.0658794045448301 0.44995462894439703 -0.0064753924962133161 -0.0085992654785513861 1.4748315215110781 -1.3936014771461485
decision_type=2 2 2 2 2 2 2 2 2 2 2 2 2 2 2 2 2 2 2 2 2 2 2 2 2 2 2 2 2 2
left_child=1 2 4 18 10 16 13 -8 -9 -4 26 14 -13 25 -12 -6 21 -15 19 -3 -21 24 -22 -11 -5 -7 -1 28 -17 -25
right_child=-2 3 9 5 15 6 7 8 -10 23 11 12 -14 17 -16 27 -18 -19 -20 20 22 -23 -24 29 -26 -27 -28 -29 -30 -31
leaf_value=-0.0082299738203497671 0.0053489963384349276 0.012398768214774984 -0.0022779691360956117 -0.0062329410850002383 0.0016338504663700303 -0.0015911436386770741 -0.0090126262550285566 0.0037088544089538609 -0.00010341545059313259 0 0.0027137521471035193 0.0057871732930105599 -0.0005584522474807017 -0.0044136979795295211 0.014796716803044237 -0.00064661640325736308 -0.010299548515163006 -0.0014526086147396903 0.001450081815384723 -0.015135328536602453 -0.011297643814532663 0.0074059909298601024 -0.0032554985982148374 0 0.011001710922826292 0.00032222307755413511 0 0.00080414289434541412 -0.011130634760658179 0.013072747440062536
leaf_weight=1354 4234 120 451 442 41130 13707 625 6401 14665 299 1044 1799 83870 6520 547 18195 169 21717 1396 370 654 2079 8009 231 139 24921 647 30571 301 1409
leaf_count=1354 4234 120 451 442 41130 13707 625 6401 14665 299 1044 1799 83870 6520 547 18195 169 21717 1396 370 654 2079 8009 231 139 24921 647 30571 301 1409
internal_value=-2.92595e-06 -8.42045e-05 0.000318166 -0.000804889 0.000224923 -0.000502106 -0.000658906 0.000731553 0.00104315 0.00713506 -0.000397763 -0.000276633 -0.000420377 -0.00111454 0.00718633 0.000844424 0.00427105 -0.00214959 -0.00339357 -0.00416657 -0.00444668 0.00537867 -0.0039218 0.00947852 -0.00138161 -0.000349438 -0.00547657 0.000176187 -0.000845272 0.0113358
internal_weight=288016 283782 181848 101934 179458 91385 88556 21691 21066 2390 89261 87260 85669 66865 1591 90197 2829 28237 10549 9153 9033 2660 8663 1939 581 38628 2001 49067 18496 1640
internal_count=288016 283782 181848 101934 179458 91385 88556 21691 21066 2390 89261 87260 85669 66865 1591 90197 2829 28237 10549 9153 9033 2660 8663 1939 581 38628 2001 49067 18496 1640
is_linear=0
shrinkage=0.03


Tree=9
num_leaves=31
num_cat=0
split_feature=29 171 199 283 48 97 298 113 180 102 230 119 97 113 54 290 100 263 54 353 54 111 144 57 166 288 170 172 116 276
split_gain=119.683 101.182 92.8209 87.1094 128.429 132.852 81.5207 65.4984 80.7659 54.4128 51.8969 49.0715 57.4854 48.0301 62.0605 46.8741 45.0884 45.7082 42.3932 41.4162 44.4816 40.9084 53.2302 40.1625 72.2933 68.7822 52.001 51.6214 39.6597 39.2015
threshold=2.3314224481582646 0.23642660677433017 1.5784099102020266 -2.0742567777633663 -2.3553438186645503 -2.5502516031265254 -0.68890714645385731 0.77268677949905407 0.25234195590019232 0.032264130190014846 0.2251689359545708 -1.6757996678352354 -2.0353279113769527 -1.8129742145538328 -1.2047174572944639 -1.3902015089988706 -0.88871961832046498 -0.82130983471870411 0.96191516518592846 -0.015584115870296953 0.35927578806877142 0.31466844677925115 0.77155035734176647 1.0027820467948916 -0.24789094924926755 1.1912528276443484 1.1235662102699282 0.65297803282737743 -0.87765628099441517 1.8836090564727785
decision_type=2 2 2 2 2 2 2 2 2 2 2 2 2 2 2 2 2 2 2 2 2 2 2 2 2 2 2 2 2 2
left_child=1 2 3 11 13 -6 10 23 21 -7 18 15 -13 -5 -15 28 -10 -18 -3 20 -4 -9 -23 25 -25 27 -26 -8 -1 -2
right_child=29 6 19 4 5 9 7 8 16 -11 -12 12 -14 14 -16 -17 17 -19 -20 -21 -22 22 -24 24 26 -27 -28 -29 -30 -31
leaf_value=-0.0077845475531304184 0 -0.0093423428788381967 -0.00052488019329430897 0.0031000040790764988 0.015959774138390618 0.00061263524853418785 -0.00077484447370663458 0.0071013389706087796 0.013375703144773403 -0.00054249583577194356 -0.0023098116985806115 0.0013371311544083252 -0.0057534897412568169 0.025584861955362182 0.0050948598795538804 0.0053671479028915715 -0.014971972014710871 -0.00084188053437032255 0.006511187461391091 0.0097145089828199038 0.011734633579855807 0.00068446116007962439 0.0053761288445693224 0.0052013320250035083 -0.003210469556372031 0.0033794094342921945 -0.011036036184120981 -0.0037830293838640133 -0.024966965557788341 0.0065783432093779052
leaf_weight=968 987 1672 1149 599 467 119263 32446 1226 176 52753 9252 2226 1811 298 328 148 191 22861 130 1298 312 15078 2577 743 5477 3048 935 6202 157 3242
leaf_count=968 987 1672 1149 599 467 119263 32446 1226 176 52753 9252 2226 1811 298 328 148 191 22861 130 1298 312 15078 2577 743 5477 3048 935 6202 157 3242
internal_value=-4.66521e-06 -8.05264e-05 0.000342658 0.000256415 0.00037385 0.000302721 -0.00083745 -0.000537495 0.000323852 0.00025662 -0.00327318 -0.00351596 -0.00178246 0.00998225 0.0158034 -0.00866868 -0.000851708 -0.000984837 -0.00797506 0.00578843 0.00201372 0.00178531 0.00139156 -0.00128593 -0.00337544 -0.000918738 -0.00442901 -0.00126705 -0.0108387 0.00499188
internal_weight=288020 283791 181777 179018 173708 172483 102014 90960 42109 172016 11054 5310 4037 1225 626 1273 23228 23052 1802 2759 1461 18881 17655 48851 7155 41696 6412 38648 1125 4229
internal_count=288020 283791 181777 179018 173708 172483 102014 90960 42109 172016 11054 5310 4037 1225 626 1273 23228 23052 1802 2759 1461 18881 17655 48851 7155 41696 6412 38648 1125 4229
is_linear=0
shrinkage=0.03


Tree=10
num_leaves=31
num_cat=0
split_feature=90 171 203 235 224 217 228 7 179 58 230 128 229 291 230 200 102 236 154 197 136 291 56 43 236 234 43 146 140 39
split_gain=121.658 90.8684 91.2947 78.1878 62.3661 129.835 103.544 54.9002 50.6256 52.9214 63.1151 54.4171 50.9707 50.0892 49.7928 47.7493 45.0511 71.0176 55.8692 51.9337 44.9649 43.8514 43.2037 45.8986 43.016 41.5627 41.3999 40.135 50.6373 38.0125
threshold=2.3304510116577153 0.23642660677433017 1.551219165325165 0.67436653375625621 -2.4248447418212886 -2.9348679780960079 -3.0606709718704219 0.059470783919096 0.74997353553771984 -0.59831747412681568 0.2251689359545708 -0.80024212598800648 1.2854617238044741 -1.3931323289871214 -0.3277475237846374 2.0529159307479863 1.2505445480346682 1.1628682613372805 0.83936569094657909 1.1382942795753481 -0.63831135630607594 -2.1911190748214717 -2.231900572776794 -2.9302064180374141 -0.20520761609077451 2.2769550085067753 -0.014697995968163012 -2.862540483474731 -2.2462757825851436 1.6229068636894228
decision_type=2 2 2 2 2 2 2 2 2 2 2 2 2 2 2 2 2 2 2 2 2 2 2 2 2 2 2 2 2 2
left_child=1 2 4 8 21 -6 13 24 9 10 -3 -11 -10 -7 -8 -12 18 -18 19 -9 -13 27 -23 -24 -5 -20 -4 -1 -29 -28
right_child=-2 3 26 7 5 6 14 16 12 11 15 20 -14 -15 -16 -17 17 -19 25 -21 -22 22 23 -25 -26 -27 29 28 -30 -31
leaf_value=-0.016733443199346894 0.0050620011738305914 -0.0081142162863644014 -0.00019459627093110454 -0.0096119118591190371 0.019455795438425866 0.023633325898682507 -0.00023867870872292335 -0.0009619933475583331 -0.0024905328551506132 0.0030786245937406715 -0.0023998937547366614 -0.0056775769662229473 -0.0088130236810929474 0 0.00077102794406772588 0.0082807400566586552 0.0043169365223907092 -0.0012944944502412568 -0.0040783640679297626 0.0048294339938037903 -0.00070448247852568564 0.013405590102456342 0.0072820880600308942 -0.0050468366591576493 0.0016288825027819525 0.006346678013584791 0.009872170695243777 0.0037300716333045826 -0.0089486261615404922 0
leaf_weight=339 4242 1823 682 285 300 234 85384 11576 5717 3229 8855 1731 1518 100 89866 363 3628 4445 6907 1558 32106 159 319 1166 17950 323 1658 390 764 387
leaf_count=339 4242 1823 682 285 300 234 85384 11576 5717 3229 8855 1731 1518 100 89866 363 3628 4445 6907 1558 32106 159 319 1166 17950 323 1658 390 764 387
internal_value=3.04551e-05 -4.40565e-05 0.000357016 -0.000761477 0.000271942 0.000348484 0.000311917 0.000137054 -0.00152444 -0.00116262 -0.00299087 -0.000608618 -0.00387907 0.0165351 0.000277403 -0.0019298 -0.000679625 0.00119465 -0.00143781 -0.000245889 -0.000970956 -0.00389959 -0.000310889 -0.00213749 0.00142642 -0.00355502 0.00579007 -0.00759663 -0.00441771 0.00791377
internal_weight=288004 283762 181748 102014 179021 175884 175584 46672 55342 48107 11041 37066 7235 334 175250 9218 28437 8073 20364 13134 33837 3137 1644 1485 18235 7230 2727 1493 1154 2045
internal_count=288004 283762 181748 102014 179021 175884 175584 46672 55342 48107 11041 37066 7235 334 175250 9218 28437 8073 20364 13134 33837 3137 1644 1485 18235 7230 2727 1493 1154 2045
is_linear=0
shrinkage=0.03


Tree=11
num_leaves=31
num_cat=0
split_feature=16 102 194 53 47 283 277 110 339 113 157 227 112 298 21 48 174 139 40 229 231 282 140 147 274 179 199 35 282 117
split_gain=112.807 84.7801 65.203 68.9272 72.3727 69.5435 64.6541 58.8522 51.6767 49.1976 47.5358 46.8699 59.9691 68.8996 49.794 47.9522 57.8592 44.5628 71.6964 59.8617 58.7162 43.9433 46.0315 43.3477 43.3359 45.338 41.8523 41.1556 41.1052 45.1387
threshold=2.0943324565887456 0.064972944557666792 1.389876186847687 -1.6653182506561277 -1.9463472366333006 -2.0742567777633663 -2.3624964952468868 -0.60240408778190602 -0.014913169201463459 -1.3990462422370908 -0.83268535137176503 1.3838598728179934 0.62321829795837413 1.7775565981864931 0.82220229506492626 1.7412343025207522 1.380472004413605 -0.64900392293930043 -1.7716493010520933 -1.6578081250190733 -2.7174589633941646 3.3547410964965825 2.1129404306411748 0.95062920451164257 2.0577672719955449 -0.0084677673876285536 1.537243187427521 0.69824999570846569 0.68566966056823742 -0.13065122067928311
decision_type=2 2 2 2 2 2 2 2 2 2 2 2 2 2 2 2 2 2 2 2 2 2 2 2 2 2 2 2 2 2
left_child=1 2 3 17 5 -5 8 23 -6 -9 -8 12 13 -11 -14 -13 -17 20 -19 -20 -1 22 26 28 25 -24 -2 -4 29 -3
right_child=21 7 27 4 6 -7 10 9 -10 11 -12 15 14 -15 -16 16 -18 18 19 -21 -22 -23 24 -25 -26 -27 -28 -29 -30 -31
leaf_value=-0.0065242974535503892 -0.0029232247758500308 -0.001412570659819791 0.0093808521046253261 -0.00041150518558190146 0 0.0086071975775859205 -0.00066171356094240003 0.0071731223127751691 0.013072792466580895 -0.00017965748161017579 0.00062713306363667946 0.002668709659546025 -0.0010115666234132921 -0.0092208879461853493 -0.0034615958780094274 -0.0042798886825426066 0.0013298538292544268 -0.015135641279876969 0.0025153196179228555 -0.0058056190983446576 0.0011726845635878669 0.011888497800613513 0.0039030382163723603 0.00079988934729114324 0.0041448646006932727 -0.0057250193992984914 0.0097341498102337838 -0.00081231042520292767 -0.012574432730212587 -0.0083626158020732068
leaf_weight=1100 236 2727 1145 1190 464 1875 33790 718 627 70105 106129 7606 23949 749 11230 2619 4315 504 1123 2205 4268 586 657 1440 2209 1140 1279 435 578 1303
leaf_count=1100 236 2727 1145 1190 464 1875 33790 718 627 70105 106129 7606 23949 749 11230 2619 4315 504 1123 2205 4268 586 657 1440 2209 1140 1279 435 578 1303
internal_value=-4.38663e-06 -9.28577e-05 0.00037742 0.000312429 0.000475007 0.00502843 0.000373207 -0.00066708 0.00759352 -0.000519845 0.000313687 -0.000569325 -0.000789969 -0.000282041 -0.00180372 0.00101799 -0.000752043 -0.00219656 -0.00466604 -0.00290994 -0.00036725 0.0040217 0.00309268 -0.00355896 0.0013016 -0.00203559 0.0075546 0.00641193 -0.00498349 -0.00376397
internal_weight=288301 282194 154855 153275 144075 3065 141010 127339 1091 121291 139919 120573 106033 70854 35179 14540 6934 9200 3832 3328 5368 6107 5521 6048 4006 1797 1515 1580 4608 4030
internal_count=288301 282194 154855 153275 144075 3065 141010 127339 1091 121291 139919 120573 106033 70854 35179 14540 6934 9200 3832 3328 5368 6107 5521 6048 4006 1797 1515 1580 4608 4030
is_linear=0
shrinkage=0.03


Tree=12
num_leaves=31
num_cat=0
split_feature=90 171 136 298 102 156 228 51 147 108 54 211 287 230 109 104 54 23 155 168 122 68 171 141 146 173 24 224 80 24
split_gain=101.53 89.8568 98.2811 84.5202 65.8993 95.5405 66.5792 67.0112 58.7975 73.3558 55.4632 54.2757 48.5389 48.4412 46.7548 63.8866 42.0812 40.4005 46.9743 40.3222 39.1009 33.239 32.8586 41.8022 41.9729 36.5099 31.3195 31.1318 30.7391 30.4934
threshold=2.3304510116577153 0.17040792107582095 1.3297494649887087 -0.68890714645385731 -2.351274728775024 -2.3301957845687862 -2.4603558778762813 -2.5762374401092525 2.3730632066726689 1.3040656447410586 -0.928666591644287 0.7589416801929475 -1.7851406335830686 0.20939111709594729 1.6728798747062685 1.4431409835815432 -0.37963087856769556 1.8948864340782168 0.6282213330268861 1.353465259075165 -0.39143323898315424 0.75919464230537426 -0.60303375124931324 -1.8530399203300474 -2.862540483474731 -1.2274082303047178 1.0107221007347109 1.1566853523254397 1.6180582046508791 2.1862424612045293
decision_type=2 2 2 2 2 2 2 2 2 2 2 2 2 2 2 2 2 2 2 2 2 2 2 2 2 2 2 2 2 2
left_child=1 2 4 13 22 12 7 -7 9 11 -8 16 -6 -3 27 -16 -5 18 -15 -10 -13 26 23 24 -1 -25 -4 -11 -28 -21
right_child=-2 3 21 8 5 6 10 -9 19 14 -12 20 -14 17 15 -17 -18 -19 -20 29 -22 -23 -24 25 -26 -27 28 -29 -30 -31
leaf_value=-0.0087258349086274181 0.0045926922833710105 -0.0071817430229675809 0.005647187740308264 -0.00352324002465082 0.0014649528621254444 -0.004468934648058755 -0.00096844452425929076 0.0098322274972879216 0.0015540086189246751 0.0006035453677270704 0.00045014611269793736 0.0042973219540228605 0.014202445486003558 -0.00075983555235720397 -0.0041364989326394272 0.0017212323767548138 -8.9907189626027681e-05 0.0046902844478044648 -0.005147125276966682 0 -0.0023157978185011398 0.0053636260802256289 0.0050782357625778493 -0.014327844875081302 0.00080803808285831479 -0.0014656149868465139 -0.013555071860659839 0.0044906464166298548 0.0030773171345269633 -0.018116286888113717
leaf_weight=573 4235 2197 239 3399 558 344 30464 1193 163 3225 131577 789 646 5250 2499 4950 57616 671 4022 102 20528 4471 271 641 1230 371 243 5096 111 350
leaf_count=573 4235 2197 239 3399 558 344 30464 1193 163 3225 131577 789 646 5250 2499 4950 57616 671 4022 102 20528 4471 271 641 1230 371 243 5096 111 350
internal_value=-5.94908e-06 -7.59507e-05 0.000350268 -0.000743483 0.000223904 0.000307164 0.000242763 0.00642248 -0.000449124 -0.000386957 0.000181511 -0.00074845 0.00866468 -0.00310773 0.00147988 -0.000209575 -0.000287177 -0.00216481 -0.00270222 -0.0095688 -0.00205317 0.00446279 -0.00409864 -0.00511751 -0.00211979 -0.010023 -0.0017932 0.00302514 -0.00765202 -0.0141114
internal_weight=288024 283789 172932 110857 167868 164782 163578 1537 98717 98102 162041 82332 1204 12140 15770 7449 61015 9943 9272 615 21317 5064 3086 2815 1803 1012 593 8321 354 452
internal_count=288024 283789 172932 110857 167868 164782 163578 1537 98717 98102 162041 82332 1204 12140 15770 7449 61015 9943 9272 615 21317 5064 3086 2815 1803 1012 593 8321 354 452
is_linear=0
shrinkage=0.03


Tree=13
num_leaves=31
num_cat=0
split_feature=43 171 17 283 217 48 118 54 54 258 128 175 238 46 48 208 40 118 245 81 325 277 205 323 57 38 53 21 300 290
split_gain=96.5768 96.3226 112.168 66.6318 101.48 100.967 59.1351 53.3974 49.2672 83.0247 60.191 57.5192 53.7885 52.6372 51.1812 48.0869 44.9183 46.3521 59.6686 44.2123 43.3972 45.8912 40.2819 39.6905 37.6723 54.0444 41.7623 37.398 35.6839 34.9125
threshold=2.3211979866027836 0.23642660677433017 1.6782963871955874 -2.0742567777633663 -2.4210842847824092 -2.9083870649337764 -1.1304904818534849 -0.928666591644287 -0.40726967155933375 2.0978859663009648 -1.534023582935333 3.1203670501708989 -0.31217788159847254 0.51528707146644603 0.65444806218147289 -2.1757313013076778 1.0193237662315371 -1.178933262825012 0.43253515660762792 3.3215615749359135 -0.012234473600983618 -2.1218007802963252 -1.7045994997024534 0.010390478651970627 -0.20174707472324369 2.8178063631057744 2.9098595380783085 -2.2602813243865962 -0.013859762344509361 1.4704200625419619
decision_type=2 2 2 2 2 2 2 2 2 2 2 2 2 2 2 2 2 2 2 2 2 2 2 2 2 2 2 2 2 2
left_child=1 2 3 20 -5 -6 -4 -7 9 16 12 15 -10 27 -15 -12 17 18 -3 24 -1 28 -17 -8 -2 29 -27 -14 -22 -26
right_child=19 8 6 4 5 7 23 -9 10 -11 11 -13 13 14 -16 22 -18 -19 -20 -21 21 -23 -24 -25 25 26 -28 -29 -30 -31
leaf_value=-0.0048094901262226023 -0.0025233180284955394 -0.014784070308141963 -0.0018320812458959921 0.009565756960824354 0.017602719736211494 -0.00089590266205395697 0.010312211104290783 0.00047445054573727358 -0.0015818652109509783 0.0076365524051155197 0.014651628692444022 -0.0082960797828658638 -0.00096343497424873756 -0.01446712579445115 0.0055376749328521525 -0.0096885341192347024 -0.0090326864909173708 -0.0011025214394029623 0 0.011714241892678312 0.01347355104751915 -0.0028934644546898423 -0.00070293612665327514 -0.00093670308341720846 0.015807200429505848 -0.0069389510033027197 0.005610857005929574 0.013278878298229897 -0.00012302287829928657 0.0050569872264346503
leaf_weight=3792 787 556 553 1043 282 31094 1829 141909 912 524 161 899 152 148 337 437 1487 3464 359 646 349 937 91169 273 382 509 400 916 248 1539
leaf_count=3792 787 556 553 1043 282 31094 1829 141909 912 524 161 899 152 148 337 437 1487 3464 359 646 349 937 91169 273 382 509 400 916 248 1539
internal_value=-3.59695e-05 -0.000104467 0.000306734 0.000214185 0.000316881 0.000258384 0.00640861 0.000226347 -0.000845761 -0.00340329 -0.000670139 -0.000796235 0.0039177 0.0073171 -0.000304014 -0.000717702 -0.00446302 -0.00280907 -0.00878707 0.00443371 -0.0030797 0.00101012 -0.000751181 0.00871481 0.00299364 0.00464007 -0.00109165 0.0109957 0.00751827 0.00749013
internal_weight=288093 283830 182309 179654 174328 173285 2655 173003 101521 6390 95131 92666 2465 1553 485 91767 5866 4379 915 4263 5326 1534 91606 2102 3617 2830 909 1068 597 1921
internal_count=288093 283830 182309 179654 174328 173285 2655 173003 101521 6390 95131 92666 2465 1553 485 91767 5866 4379 915 4263 5326 1534 91606 2102 3617 2830 909 1068 597 1921
is_linear=0
shrinkage=0.03


Tree=14
num_leaves=31
num_cat=0
split_feature=256 102 163 277 168 58 299 88 52 53 48 118 281 96 52 3 5 194 115 147 53 63 115 234 175 309 142 43 36 44
split_gain=96.4892 75.8299 72.7078 111.563 103.187 56.4641 56.1493 72.4348 51.7342 75.6071 65.2379 64.0291 57.5895 50.7046 50.2792 67.93 50.1929 47.7323 48.7307 46.3085 44.162 80.3234 56.002 48.7201 41.849 40.9529 41.9571 40.4354 38.8442 38.5635
threshold=2.0934333801269536 0.032264130190014846 -2.0311955213546748 -2.55019199848175 -2.0958561897277828 -0.95642116665840138 0.093051269650459303 -1.8643053770065305 2.0983796119689946 -0.082976967096328721 1.8786848187446596 0.89358708262443554 1.2742234468460085 2.063554167747498 1.0194478034973147 1.6276016235351565 -2.5653761625289913 1.389876186847687 -0.79082503914833058 1.0796284675598147 -1.1359342932701109 -0.9327988028526305 0.086493648588657393 -1.683237552642822 -1.2924894690513609 -0.0094357957132160646 0.42314153909683233 0.39907854795455938 0.74834701418876659 -1.8760379552841184
decision_type=2 2 2 2 2 2 2 2 2 2 2 2 2 2 2 2 2 2 2 2 2 2 2 2 2 2 2 2 2 2
left_child=1 2 20 16 6 19 7 -5 9 12 14 -12 -2 25 15 -11 -4 18 -6 -3 21 29 -22 -23 -25 26 -7 -17 -19 -1
right_child=8 5 3 4 17 13 -8 -9 -10 10 11 -13 -14 -15 -16 27 -18 28 -20 -21 22 23 -24 24 -26 -27 -28 -29 -30 -31
leaf_value=-0.00085965011890991045 0.00098102645097393145 -0.0036858739746504876 -0.002006674328084736 -0.010560350710312843 -0.00072343987897656784 -0.00019945661107113676 0.016596238943005402 0.0074954047809313602 0.007888647281171602 0.0080348141350127245 0.002816153675011149 -0.014200298165517725 0.01369300625398568 0.0035277342445089259 0.006505859766077063 0.0022922914365833425 0.017443699647207739 0.0082306497149331366 0.00060583300372628671 0.00044799449293788068 0.0042792305306000962 -0.016274202984811942 -0.008370342698653721 0.010784995869311283 -0.0093345711784312765 0.00033773625894728727 -0.0015773184265615795 -0.011943764808577857 -0.0034370126228905834 -0.016247567110984174
leaf_weight=2546 703 8853 117 218 31908 41094 469 1016 1875 332 264 524 677 2840 1037 208 483 1162 109448 3188 1225 710 395 119 238 35516 39596 546 275 141
leaf_count=2546 703 8853 117 218 31908 41094 469 1016 1875 332 264 524 677 2840 1037 208 483 1162 109448 3188 1225 710 395 119 238 35516 39596 546 275 141
internal_value=1.82859e-06 -7.85518e-05 0.00037973 0.000508578 0.000451877 -0.000606863 0.00775823 0.00394886 0.00370911 0.0017851 -0.000872656 -0.00819947 0.00753808 -0.000405627 0.00175801 -0.00254003 0.0132246 0.000361564 0.000303597 -0.00256758 -0.00303247 -0.00482541 0.00094753 -0.0117658 -0.00161593 -0.000504928 -0.000879538 -0.00767123 0.00577537 -0.00189203
internal_weight=287723 281557 150470 145096 144496 131087 1703 1234 6166 4291 2911 788 1380 119046 2123 1086 600 142793 141356 12041 5374 3754 1620 1067 357 116206 80690 754 1437 2687
internal_count=287723 281557 150470 145096 144496 131087 1703 1234 6166 4291 2911 788 1380 119046 2123 1086 600 142793 141356 12041 5374 3754 1620 1067 357 116206 80690 754 1437 2687
is_linear=0
shrinkage=0.03


Tree=15
num_leaves=31
num_cat=0
split_feature=209 171 197 233 78 122 114 53 168 217 291 238 78 69 117 304 297 107 172 163 7 270 197 150 207 118 234 57 173 291
split_gain=73.7384 82.1014 83.9112 67.0092 75.0966 60.1619 58.5364 58.1406 65.3731 117.13 58.8028 54.0501 51.6643 48.2548 48.1184 47.0056 46.1492 44.7481 39.2138 43.0486 84.1889 61.4598 38.6281 59.5819 42.5014 40.5387 41.4118 37.2445 46.9501 35.2979
threshold=2.4746123552322392 0.23642660677433017 1.6695520281791689 0.44059132039546972 -1.5006246566772459 0.41137425601482397 1.8744200468063357 -1.6653182506561277 -1.6658903360366819 -2.4210842847824092 -0.54953154921531666 -0.052905030548572533 1.3053848743438723 -2.6009032726287837 -1.7473033070564268 -0.023205923847854134 -0.31325785815715784 -0.37566532194614405 -1.305701673030853 -1.9333390593528745 -1.1767714023590086 -0.93616288900375355 0.83270162343978893 0.68583115935325634 0.28324705362319952 -1.2638371586799619 -0.11228404566645621 0.23652403801679614 -1.6435319781303404 -2.0628761053085323
decision_type=2 2 2 2 2 2 2 2 2 2 2 2 2 2 2 2 2 2 2 2 2 2 2 2 2 2 2 2 2 2
left_child=1 2 7 22 6 12 11 18 13 15 -11 -5 16 29 -15 -10 -6 -4 19 20 -1 -21 25 24 -24 26 -3 28 -20 -9
right_child=-2 3 17 4 5 -7 -8 8 9 10 -12 -13 -14 14 -16 -17 -18 -19 27 21 -22 -23 23 -25 -26 -27 -28 -29 -30 -31
leaf_value=-0.00039788366164066248 0.004571676075657438 -0.010500895672240086 -0.0012464255027732523 0.0013824770380560744 -0.0030102196785486198 -0.0012901368120792319 -0.0061363382222160935 -0.020088283079335603 -0.0040711057462099499 -0.00057946647766833267 0.00062994923171203561 0.015039796135519002 0.0083138878969193607 0.012390519808125748 0.0031878013437323287 0.013041566907456554 0.00064480049747672719 0.0081449182260816613 -0.010415190161612044 0.0043275062664900332 -0.011940522343192851 -0.0020837332543660963 -0.0036235435578369892 -0.0015177759581114945 0.0070630462423200216 -0.0021295842746171701 0.00032408769178115317 -0.018802432159665133 0 0
leaf_weight=1900 3141 1039 529 517 3390 32625 228 103 133 53788 109562 657 723 603 4442 867 33548 1844 638 2242 830 3258 379 5668 1454 22352 378 176 1028 176
leaf_count=1900 3141 1039 529 517 3390 32625 228 103 133 53788 109562 657 723 603 4442 867 33548 1844 638 2242 830 3258 379 5668 1454 22352 378 176 1028 176
internal_value=1.41205e-05 -3.53599e-05 0.00034632 -0.000713351 -0.000203003 -0.000345056 0.00661218 0.000270244 0.000403244 0.000295043 0.000229853 0.00940061 0.000465939 0.00367364 0.00439156 0.0104363 0.000299795 0.00593307 -0.00193693 -0.00100061 -0.00407759 0.000481584 -0.00187288 0 0.00467627 -0.00246477 -0.00744013 -0.00590355 -0.00415607 -0.00773024
internal_weight=288218 285077 182119 102958 71688 70286 1402 179746 169674 164350 163350 1174 37661 5324 5045 1000 36938 2373 10072 8230 2730 5500 31270 7501 1833 23769 1417 1842 1666 279
internal_count=288218 285077 182119 102958 71688 70286 1402 179746 169674 164350 163350 1174 37661 5324 5045 1000 36938 2373 10072 8230 2730 5500 31270 7501 1833 23769 1417 1842 1666 279
is_linear=0
shrinkage=0.03


Tree=16
num_leaves=31
num_cat=0
split_feature=93 102 227 113 196 8 218 232 277 159 238 158 206 168 109 174 36 24 36 177 298 227 234 52 106 279 236 26 164 331
split_gain=86.4611 87.9617 77.2719 59.8247 51.5287 52.3225 55.694 54.0954 62.9128 55.6036 54.4424 52.1335 49.6951 47.5852 47.2152 42.3375 41.012 41.1477 39.6977 33.825 56.8464 33.0564 32.6033 59.8687 32.172 32.0781 32.0093 29.851 29.84 26.4545
threshold=2.32965099811554 0.032264130190014846 -0.23843537271022794 -1.3636361956596372 1.1532300114631655 0.5255928933620454 -0.70265519618988026 -2.4967575073242183 -2.55019199848175 -2.0588384866714473 -3.9465407133102413 -1.0762581229209898 -1.9004608392715452 -2.0958561897277828 -2.5997451543807979 -0.67925530672073353 -0.27618096768856043 -1.2731731534004209 0.76226392388343822 -1.2740743160247801 -0.7034853696823119 -0.20330354571342465 -2.3303357362747188 -2.0694597959518428 -0.38275687396526331 0.14738409221172336 -1.1810333728790281 0.60460114479064953 -2.0122189521789546 -0.0089767030440270883
decision_type=2 2 2 2 2 2 2 2 2 2 2 2 2 2 2 2 2 2 2 2 2 2 2 2 2 2 2 2 2 2
left_child=1 4 16 -4 5 7 11 10 9 -9 -1 15 25 -10 -8 -7 24 -18 -6 26 -21 -16 -19 -24 -3 -5 -14 -13 -12 -2
right_child=29 2 3 12 18 6 14 8 13 -11 28 27 19 -15 21 -17 17 22 -20 20 -22 -23 23 -25 -26 -27 -28 -29 -30 -31
leaf_value=-0.018624496444772543 0.0068957310080013691 -0.013641334742363079 0.0069480132941953897 0 0.0055565283741639687 -0.005514838711633138 0.017777334578833945 0.0039083457552118658 0.0053244110947922212 0.020874878712566932 -0.0051392318842534441 -0.00935583412363079 0 0.00048742534351291607 -0.0021416846993163609 0.0057586250540851858 0.014283170084726893 -0.014821167300970321 -0.0023100751450265793 -0.0025922927670977607 -0.00028144252090101473 0.0011827313311233466 0.016563488429469263 -0.0025014103730706602 -0.0034649407842409232 -0.022859547984957391 0.0062510653862014485 0.00095742402263221307 0.0019796376046982999 0.0018841470659620881
leaf_weight=194 1935 543 970 113 2891 583 107 1107 1852 211 1311 1683 1731 128197 5736 576 109 178 648 10579 106163 4927 127 9937 813 127 1284 232 791 2309
leaf_count=194 1935 543 970 113 2891 583 107 1107 1852 211 1311 1683 1731 128197 5736 576 109 178 648 10579 106163 4927 127 9937 813 127 1284 232 791 2309
internal_value=2.02207e-05 -4.24547e-05 -0.00060699 -0.000378667 0.000451444 0.000363093 -0.00138516 0.00054659 0.000628603 0.00712018 -0.00398121 -0.00494021 -0.000441541 0.000559422 -0.000335389 0 -0.00293597 -0.00224316 0.00402695 -0.000410443 -0.000493826 -0.000578168 -0.00247577 -0.0021987 -0.00789707 -0.0135797 0.0027013 -0.00795437 -0.00232556 0.0042611
internal_weight=287964 283720 132674 120967 151046 147507 13844 133663 131367 1318 2296 3074 119997 130049 10770 1159 11707 10351 3539 119757 116742 10663 10242 10064 1356 240 3015 1915 2102 4244
internal_count=287964 283720 132674 120967 151046 147507 13844 133663 131367 1318 2296 3074 119997 130049 10770 1159 11707 10351 3539 119757 116742 10663 10242 10064 1356 240 3015 1915 2102 4244
is_linear=0
shrinkage=0.03


Tree=17
num_leaves=31
num_cat=0
split_feature=77 102 53 290 249 228 217 111 107 39 110 111 47 121 214 222 148 111 40 289 229 221 272 57 309 115 290 317 115 162
split_gain=89.2242 71.0688 53.5478 73.8087 67.6805 69.2897 50.0174 57.7302 64.5905 52.4918 49.3843 48.6408 47.7515 46.1386 41.966 45.1716 40.955 78.2552 48.0498 42.4202 40.0064 37.7216 37.037 42.6899 36.2463 34.1708 31.9549 31.7656 27.8764 39.2387
threshold=2.2055099010467534 0.064972944557666792 -1.7975426912307737 -2.1736091375350948 -2.603178739547729 -3.0606709718704219 -2.6075478792190547 -1.4870609641075132 -0.63870435953140248 -2.5321028232574458 -0.70026567578315724 -2.9935206174850459 -1.9463472366333006 1.0375469923019411 1.8635406494140627 1.9302583336830141 -1.2775595784187315 -2.6093261241912837 -1.6485261321067808 -2.1740009784698482 -1.6578081250190733 -2.9771037101745601 -1.0823574066162107 -0.041020199656486504 -0.0041617599781602612 -2.0736618041992183 -0.78526479005813588 -0.021554652601480481 0.74692049622535717 0.85244256258010875
decision_type=2 2 2 2 2 2 2 2 2 2 2 2 2 2 2 2 2 2 2 2 2 2 2 2 2 2 2 2 2 2
left_child=1 2 16 4 -4 -6 7 -5 -9 21 13 -7 -11 28 15 -2 17 -1 19 -18 -21 -8 -20 -24 -12 -16 -15 -19 29 -3
right_child=14 10 3 6 5 11 9 8 -10 12 24 -13 -14 26 25 -17 18 27 22 20 -22 -23 23 -25 -26 -27 -28 -29 -30 -31
leaf_value=-0.0061225731522796282 0.0025034337038520329 -0.0045982416284875254 -0.010352001048265291 -0.0051502752410719334 0.026377750811118043 -0.0097886373327249494 0.0026269898775878341 0.015228236977090609 -0.0050206569052216677 0.0048982236434847466 -0.00070604013760061863 0.0080098963988791978 0.00035106727202386485 0.0037910817104982886 0.019857108412359496 -0.0094339770104351888 0 -0.005611801105236785 0.0042108388680197392 -0.027029238213633382 -0.0047239381821798576 -0.015389446802653556 -0.0023865008586330676 -0.012895211751831606 0.00059850627082882579 0.0051418728644309153 -0.0082303969346976362 0.0045237912086980138 0.0079545810175212939 -0.015594733769258249
leaf_weight=1162 1623 3020 155 223 170 124 109 629 145 2102 99781 1218 142294 982 151 323 163 276 528 195 183 303 2452 419 23463 3032 220 2202 101 346
leaf_count=1162 1623 3020 155 223 170 124 109 629 145 2102 99781 1218 142294 982 151 323 163 276 528 195 183 303 2452 419 23463 3032 220 2202 101 346
internal_value=2.14794e-05 -4.86858e-05 0.000381964 0.000510088 0.00676162 0.00882406 0.000435639 0.00708279 0.0110261 0.000386831 -0.000573028 0.00602547 0.000420008 -0.00360428 0.00393588 0.000293636 -0.00206606 0.000151336 -0.0041808 -0.0124832 -0.0177644 -0.0100276 -0.00270631 -0.00410253 -0.000455192 0.00605325 0.00124662 0.0032389 -0.00536961 -0.00590264
internal_weight=288094 282965 155052 147472 1667 1512 145805 997 774 144808 127913 1342 144396 4669 5129 1946 7580 3640 3940 541 378 412 3399 2871 123244 3183 1202 2478 3467 3366
internal_count=288094 282965 155052 147472 1667 1512 145805 997 774 144808 127913 1342 144396 4669 5129 1946 7580 3640 3940 541 378 412 3399 2871 123244 3183 1202 2478 3467 3366
is_linear=0
shrinkage=0.03


Tree=18
num_leaves=31
num_cat=0
split_feature=93 171 298 17 8 3 113 40 164 209 283 217 288 230 298 222 8 325 171 277 172 50 239 240 129 230 54 79 197 182
split_gain=85.8571 74.7651 75.5334 68.9047 54.374 53.0778 51.5276 70.5859 58.3276 56.8518 50.6782 91.8845 77.6017 46.7098 43.1328 42.8646 42.5841 40.5768 40.2519 39.9225 38.6388 38.0285 38.0037 37.7226 71.41 37.3422 35.7903 35.2322 41.9467 35.1505
threshold=2.1877150535583501 0.23642660677433017 -0.68890714645385731 1.6782963871955874 -1.5427621006965635 -2.5665227174758907 0.77268677949905407 -0.70882782340049733 -0.22213965654373166 1.8913183808326723 -2.0742567777633663 -2.4210842847824092 -2.3657817840576167 -0.3277475237846374 -1.2918828129768369 1.3023224472999575 -2.4198780059814449 -0.012234473600983618 -2.4605752229690547 -2.1218007802963252 0.61493641138076793 -0.70518642663955677 0.44002711772918707 0.99217283725738536 0.80665656924247753 0.20939111709594729 0.96191516518592846 0.13460727781057361 1.180223345756531 -2.5725897550582881
decision_type=2 2 2 2 2 2 2 2 2 2 2 2 2 2 2 2 2 2 2 2 2 2 2 2 2 2 2 2 2 2
left_child=1 3 25 10 5 -4 9 8 -8 20 17 29 18 -14 -5 -9 -7 21 -13 -19 -6 22 -1 24 -16 26 -3 -2 -29 -12
right_child=27 2 4 14 6 16 7 15 -10 -11 11 12 13 -15 23 -17 -18 19 -20 -21 -22 -23 -24 -25 -26 -27 -28 28 -30 -31
leaf_value=-0.003838638720461546 0.014152399405562958 -0.0085193888248480398 -0.0077898400696817223 -0.0029453159737184236 -0.00056552124639002962 0.019022850388927117 0.0026531595650521921 -0.00049487281657225647 0.019283944352383852 -0.0095515175798464545 -0.0039110073589898172 -0.0011844203560295598 -0.00027045553566277928 0.00071740484183074632 -0.0019438856641296296 0.0018069315855390822 0.0040750542129731988 0.0074942573511611607 0.011580994283577249 -0.002208069080324697 -0.0026157439447480461 0.0072137520270085321 -0.014124377265176388 0.0045303217277782052 0.021844499042735069 -0.0022311542500908993 0.0057006661406463124 -0.0035649570418406192 0.0042388127196412752 0.011134783065728959
leaf_weight=3151 279 1589 263 407 35879 190 668 29981 286 710 121 244 81809 90279 130 9583 1920 583 805 959 10994 204 382 1550 337 8988 137 665 4345 937
leaf_count=3151 279 1589 263 407 35879 190 668 29981 286 710 121 244 81809 90279 130 9583 1920 583 805 959 10994 204 382 1550 337 8988 137 665 4345 937
internal_value=4.19743e-05 -2.78581e-05 -0.000682432 0.00033466 -0.000396232 0.00405177 -0.000520336 0.000259794 0.00824051 -0.00119077 0.000264738 0.000354137 0.000297946 0.000246065 0.00534446 5.57115e-05 0.00572789 -0.00261882 0.00836448 0.00131712 -0.00105371 -0.00432112 -0.00510845 0.00717698 0.0147986 -0.00306605 -0.00716649 0.00382219 0.00313328 0.00909512
internal_weight=288375 283086 101188 181898 90474 2373 88101 40518 954 47583 179474 174195 173137 172088 2424 39564 2110 5279 1049 1542 46873 3737 3533 2017 467 10714 1726 5289 5010 1058
internal_count=288375 283086 101188 181898 90474 2373 88101 40518 954 47583 179474 174195 173137 172088 2424 39564 2110 5279 1049 1542 46873 3737 3533 2017 467 10714 1726 5289 5010 1058
is_linear=0
shrinkage=0.03


Tree=19
num_leaves=31
num_cat=0
split_feature=96 102 232 227 206 110 118 194 287 78 79 111 53 163 180 230 152 47 113 277 211 55 140 55 43 99 303 133 276 103
split_gain=87.25 82.6585 75.4587 64.2138 62.0847 59.0911 57.353 57.1731 54.2206 51.5554 53.2291 51.5083 51.0715 53.0261 98.8528 83.717 64.1687 51.4021 49.7773 49.4946 62.6223 49.4241 47.3114 46.2075 44.0977 43.8821 38.727 37.7105 36.8743 36.5149
threshold=2.063554167747498 0.064972944557666792 1.919757127761841 -0.17680830508470533 -1.0779427289962766 1.1345829367637636 1.0064601302146914 1.389876186847687 0.83822476863861095 -1.5911517143249509 -1.4972453713417051 0.50577992200851452 -1.4350751042366026 -1.9333390593528745 -1.1441653966903684 -2.0211981534957881 -0.89767310023307789 -1.8579506278038023 -1.2386857271194456 -2.3624964952468868 -2.6404743194580074 -1.3591609597206114 -2.8681974411010738 -1.0785243511199949 2.5262875556945805 0.54804641008377086 -0.020752785727381703 2.5286329984664921 0.74789622426033031 1.217116713523865
decision_type=2 2 2 2 2 2 2 2 2 2 2 2 2 2 2 2 2 2 2 2 2 2 2 2 2 2 2 2 2 2
left_child=1 7 5 -3 25 8 29 12 -2 11 -11 -6 13 14 -1 21 -17 22 -12 26 -21 -15 -14 -24 27 -5 -19 -10 -9 -7
right_child=2 3 -4 4 9 6 -8 28 24 10 18 -13 17 15 -16 16 -18 19 -20 20 -22 -23 23 -25 -26 -27 -28 -29 -30 -31
leaf_value=-0.00090206838999074381 -0.0009053467677993018 -0.0027129948213212704 0.0076181128592447333 -0.0036600037622338331 0 -0.013077845341481622 -0.0077542798756691199 0.0076120525060049309 0.014934771515141236 -0.016394622557489438 0.0057366183426991787 0.024895457192998509 -0.0091976627585101927 0.0016629977752425935 -0.011584345274586906 0.0013757379404393205 -0.003857267759318374 0 -0.00044485947246622199 -0.012026472792229312 0.00034548990373281529 0.01285565490181019 0.010829464712635704 0.0023829744648948478 -0.0024223989356327259 -0.017390468493030713 0.011569539287674652 -0.00047981328424066307 -0.0012478126609036303 0.0036766985897581993
leaf_weight=2381 747 12715 2400 1260 114 106 986 1544 713 168 1159 125 183 1118 1196 3626 4801 367 110623 348 135425 566 943 1850 186 266 609 130 498 1104
leaf_count=2381 747 12715 2400 1260 114 106 986 1544 713 168 1159 125 183 1118 1196 3626 4801 367 110623 348 135425 566 943 1850 186 266 609 130 498 1104
internal_value=-3.79483e-05 -0.000117562 0.00342641 -0.000687946 -0.000458441 0.000793035 -0.00239892 0.000344425 0.00488964 -0.000373253 -0.00040671 0.0129614 0.000275629 -0.00146677 -0.00460173 -0.000321197 -0.00157215 0.000448654 -0.000377069 0.000361042 0.000309803 0.00570769 0.00434506 0.00539813 0.00931954 -0.00644145 0.00703833 0.012254 0.00531469 0.00177626
internal_weight=288257 281885 6372 126430 113715 3972 2196 155455 1776 112189 111950 239 153413 13688 3577 10111 8427 139725 111782 136749 135773 1684 2976 2793 1029 1526 976 843 2042 1210
internal_count=288257 281885 6372 126430 113715 3972 2196 155455 1776 112189 111950 239 153413 13688 3577 10111 8427 139725 111782 136749 135773 1684 2976 2793 1029 1526 976 843 2042 1210
is_linear=0
shrinkage=0.03


Tree=20
num_leaves=31
num_cat=0
split_feature=17 161 201 201 239 107 121 227 170 72 173 54 49 196 262 238 155 173 170 238 27 109 254 115 238 176 50 298 179 210
split_gain=79.1522 69.4056 64.1624 54.846 59.3357 57.54 47.9091 47.7905 70.3489 46.4874 56.2633 45.3736 55.1653 46.2566 40.5661 47.1526 39.5376 39.1041 52.0336 42.3706 65.0459 46.8592 41.3052 37.8952 40.0288 42.5742 37.6241 37.3077 43.4548 36.6371
threshold=2.100445151329041 0.13735792040824893 -0.58869984745979298 2.0535720586776738 -1.1300412416458128 0.48381868004798895 0.1289089918136597 1.2348527908325198 1.0531163215637209 -0.23246987164020536 2.1539300680160527 -0.928666591644287 -1.7187496423721311 0.91131913661956798 2.329896211624146 -2.2769489288330074 0.21622356027364734 0.94171893596649181 1.0749779939651491 -0.39917200803756708 -0.90937685966491688 0.20921657979488376 -2.6084063053131099 -1.6760464906692503 2.9687793254852299 3.1806430816650395 -1.3611844778060911 1.1599219441413882 0.59373289346694957 2.0599575042724614
decision_type=2 2 2 2 2 2 2 2 2 2 2 2 2 2 2 2 2 2 2 2 2 2 2 2 2 2 2 2 2 2
left_child=1 11 6 -2 5 -5 -3 8 14 10 -9 13 -13 16 15 -4 27 18 22 21 -21 -19 -14 -6 25 29 -18 28 -1 -25
right_child=3 2 7 4 23 -7 -8 9 -10 -11 -12 12 17 -15 -16 -17 26 19 -20 20 -22 -23 -24 24 -26 -27 -28 -29 -30 -31
leaf_value=-0.0010390636614553636 0.0078902454303481206 -0.0023376033213855095 -0.0072352372458433971 -0.0055670944554922089 0.013118141186339949 0.010111598162772495 -0.0095451744199059642 0.0097016104759467779 -0.0033187051432591375 0.00045739682726399239 -0.0038288583023025455 0.0050303573587046554 0.0083572434604776719 0.0046078019045674842 0.011508155561801773 -0.00044003968274769657 0.0026457696721593144 -0.0078118961144210027 -0.0058453389273454403 0.0087886420545247052 0.0016868303837320423 0.0027203128258919294 0.00033560899780090092 -0.0052483441895814663 0.0079654176691127399 -0.012315866676083691 -0.0084972244568112306 -0.0092043303449247642 0.0024421113699645306 0.0021203518862455812
leaf_weight=24846 1720 6756 917 224 147 1016 981 1031 8785 17090 326 2397 564 1358 231 78579 301 662 1197 1628 4516 789 123891 1074 324 350 1103 445 3651 1283
leaf_count=24846 1720 6756 917 224 147 1016 981 1031 8785 17090 326 2397 564 1358 231 78579 301 662 1197 1628 4516 789 123891 1074 324 350 1103 445 3651 1283
internal_value=-2.75186e-05 -0.000102006 -0.000671183 0.00333572 0.0014674 0.00699781 -0.0033124 -0.000476739 -0.00076807 0.000904189 0.00622484 0.000286334 0.000526441 -0.000731179 -0.000482495 -0.000523996 -0.000982858 0.000442425 0.000313137 0.00253554 0.00363971 -0.00192181 0.000375708 -0.000626925 -0.0014735 -0.00276338 -0.00589402 -0.000730349 -0.00058114 -0.001127
internal_weight=288182 282044 114696 6138 4418 1240 7737 106959 88512 18447 1357 167348 135644 31704 79727 79496 30346 133247 125652 7595 6144 1451 124455 3178 3031 2707 1404 28942 28497 2357
internal_count=288182 282044 114696 6138 4418 1240 7737 106959 88512 18447 1357 167348 135644 31704 79727 79496 30346 133247 125652 7595 6144 1451 124455 3178 3031 2707 1404 28942 28497 2357
is_linear=0
shrinkage=0.03


Tree=21
num_leaves=31
num_cat=0
split_feature=93 122 98 186 52 227 51 210 167 298 190 100 224 68 6 352 228 222 58 174 219 55 199 102 335 238 222 234 101 220
split_gain=71.3165 77.8656 75.3549 77.6767 58.8411 123.573 69.5589 52.9462 52.5143 48.7588 41.7916 40.517 50.6705 38.4992 37.8015 36.453 42.1317 44.5218 35.1334 34.1245 60.0113 40.0403 56.5317 33.7521 31.3243 28.8337 27.713 27.1321 24.5072 34.0832
threshold=2.1877150535583501 0.35311438143253332 -2.1265698671340938 0.40169765055179601 0.23452513664960864 -0.17680830508470533 -2.3487766981124873 -0.66630002856254567 -1.2060334682464597 -3.2937269210815425 1.0731803774833681 -0.87096109986305226 0.8631461262702943 -2.5908254384994502 -0.72603052854537953 -0.012773856520652769 1.8392620682716372 2.1499590873718266 0.53535833954811107 3.0622582435607915 2.0335786342620854 1.4991346597671511 -1.3545916080474851 -0.046575749292969697 -0.016607277095317837 -1.0240602493286131 -1.372880160808563 -0.40223871171474451 2.5366635322570805 1.1181259751319887
decision_type=2 2 2 2 2 2 2 2 2 2 2 2 2 2 2 2 2 2 2 2 2 2 2 2 2 2 2 2 2 2
left_child=1 9 8 24 5 6 -5 -7 -3 13 19 -6 -13 -1 -15 -2 18 -18 -17 21 -21 23 -23 -11 -4 -26 -10 -12 29 -20
right_child=15 2 3 4 11 7 -8 -9 26 10 27 12 -14 14 -16 16 17 -19 28 20 -22 22 -24 -25 25 -27 -28 -29 -30 -31
leaf_value=-0.022303847219650699 0.0069593918051833953 -0.00030901847052187216 0 0.0082631696871891414 0.0066986632449349956 -0.013304079778944001 -0.0021017620042378692 0.0021063793300116801 0.027504379005547155 0.00059007933315545079 -0.00052894535514393017 -0.0024284985142050308 -0.00024339651541233361 0.0035869217336549027 -0.012436747184574054 0.00073590031503397097 -0.0097542084094927074 0.0010103216345170927 0 -0.010316484888453683 0.01172569974435596 0.0096891410036701025 0.0014164170345668712 -0.00021745001180752593 -0.0095489817750336915 -0.003266712185169766 0.0033728701423387975 0.011356496506687181 0 0.016093739390512639
leaf_weight=122 1791 161 2335 578 532 178 14215 19895 151 104503 190 20555 18458 261 207 1111 449 1169 197 585 107 889 4990 83331 763 9266 108 486 173 461
leaf_count=122 1791 161 2335 578 532 178 14215 19895 151 104503 190 20555 18458 261 207 1111 449 1169 197 585 107 889 4990 83331 763 9266 108 486 173 461
internal_value=1.57151e-05 -4.82605e-05 -0.000794688 -0.000860508 -0.000489434 0.000402371 -0.00166592 0.00194169 0.0115433 0.000282877 0.000310808 -0.00128311 -0.00140301 -0.00816781 -0.00310495 0.00344105 0.00155822 -0.00187634 0.00456263 0.000282904 -0.00625324 0.000308444 0.00274685 0.000230244 -0.00306514 -0.00379257 0.0194802 0.00766567 0.00918869 0.0117689
internal_weight=288217 282866 87195 86775 74411 34866 14793 20073 420 195671 195081 39545 39013 590 468 5351 3560 1618 1942 194405 692 193713 5879 187834 12364 10029 259 676 831 658
internal_count=288217 282866 87195 86775 74411 34866 14793 20073 420 195671 195081 39545 39013 590 468 5351 3560 1618 1942 194405 692 193713 5879 187834 12364 10029 259 676 831 658
is_linear=0
shrinkage=0.03


Tree=22
num_leaves=31
num_cat=0
split_feature=93 171 136 53 298 65 239 98 249 244 43 175 290 249 164 8 113 230 298 30 100 139 57 179 12 79 239 19 231 158
split_gain=59.4543 59.6838 70.8724 65.9498 57.5645 55.1797 62.292 53.5603 52.2741 44.5709 44.5588 54.5745 41.9173 66.0095 41.8736 41.4697 40.6964 39.5185 37.9838 36.1202 58.4238 56.9588 55.4597 46.305 44.7625 34.481 34.3401 34.1859 32.7267 36.9028
threshold=2.32965099811554 0.19481934607028964 1.3297494649887087 -1.6653182506561277 -0.68890714645385731 1.0662695169448855 0.67690846323966991 0.35200497508049017 -1.5948069691658018 -2.5655465126037593 2.3211979866027836 3.1203670501708989 -2.1736091375350948 -2.603178739547729 1.3762221932411196 -2.5978142023086543 0.7867180109024049 0.19433961808681491 -1.2247866392135618 -0.97423553466796864 -1.8468414545059202 -0.5480172038078307 -0.069902095943689332 0.047393409535288818 0.9589107632637025 0.42045611143112188 -1.6460509896278379 1.0917443037033083 -1.3953272104263303 0.76387867331504833
decision_type=2 2 2 2 2 2 2 2 2 2 2 2 2 2 2 2 2 2 2 2 2 2 2 2 2 2 2 2 2 2
left_child=1 2 3 19 17 12 7 -7 9 -6 11 16 13 -5 -14 -11 -10 -3 26 20 21 -1 24 -22 -21 -2 -4 -27 -20 -30
right_child=25 4 18 5 8 6 -8 -9 10 15 -12 -13 14 -15 -16 -17 -18 -19 28 22 23 -23 -24 -25 -26 27 -28 -29 29 -31
leaf_value=-0.0018794784331549988 0.013560465048557442 -0.0066450154252736104 0.0030126622463018714 -0.010466651026702797 -0.0065546840562069036 -0.0067157676206247175 0.0035903319840272811 -0.00047519430976362352 -0.0010207242590909577 0.023489717259758808 0.0042194990251028693 -0.0085153470153620358 0.00037484486911969743 0.0086173012962831013 0.0080304872143834548 0.0044647632785783159 0.00025978603921096452 -0.0017788129867319529 0.010899676220072686 -0.0038278356212496215 0 -0.017137818207554521 -0.011956315123948262 0.0088043103762528285 0.0059983966190913247 -0.0088032665498142763 -0.0082363505273221442 0.0033873054061700019 0.00023721029013341945 0.0064381187779450726
leaf_weight=2752 284 1858 531 160 262 2732 1208 2457 53063 102 1762 753 152880 1111 630 1833 38029 9669 716 3395 1543 230 695 797 436 188 395 3728 1747 1923
leaf_count=2752 284 1858 531 160 262 2732 1208 2457 53063 102 1762 753 152880 1111 630 1833 38029 9669 716 3395 1543 230 695 797 436 188 395 3728 1747 1923
internal_value=1.60091e-05 -3.55251e-05 0.000302835 0.000194772 -0.000594177 0.0003421 -0.00237649 -0.00383161 -0.000349299 0.00419059 -0.000459928 -0.000553866 0.000456688 0.00585761 0.000409259 0.00585113 -0.000482906 -0.00259931 0.00371202 -0.00218189 -0.000439046 -0.00326261 -0.00415432 0.00302923 -0.00260628 0.0035514 -0.00154134 0.00268408 0.00489119 0.00358494
internal_weight=287869 283669 176338 171026 107331 161178 6397 5189 95804 2197 93607 91845 154781 1271 153510 1935 91092 11527 5312 9848 5322 2982 4526 2340 3831 4200 926 3916 4386 3670
internal_count=287869 283669 176338 171026 107331 161178 6397 5189 95804 2197 93607 91845 154781 1271 153510 1935 91092 11527 5312 9848 5322 2982 4526 2340 3831 4200 926 3916 4386 3670
is_linear=0
shrinkage=0.03


Tree=23
num_leaves=31
num_cat=0
split_feature=29 207 102 110 194 58 90 61 116 48 30 147 179 282 118 175 2 109 233 172 193 115 345 50 159 179 97 59 232 58
split_gain=54.8524 46.8606 39.2752 65.0987 59.721 47.6527 56.9185 62.8477 42.079 60.1169 55.662 40.7332 42.5854 41.5457 41.2748 40.64 40.2452 37.8046 39.576 35.4685 35.3243 44.8994 34.7033 49.4431 57.3356 33.3796 32.849 31.1524 26.6922 33.335
threshold=2.3314224481582646 2.3003457784652714 -0.046575749292969697 -0.51471760869026173 1.389876186847687 0.23016408085823062 -0.74969825148582447 0.0081841167993843573 -2.0973711013793941 -1.8496154546737669 -1.2390012145042417 1.002349376678467 0.79528531432151806 0.74633869528770458 1.5172312855720522 0.30390097200870519 -1.2783131599426267 1.6728798747062685 1.4031499624252322 1.9433380365371706 1.6576681137084963 -2.0736618041992183 -0.0087652974762022478 -0.033145023509860032 0.46486958861351019 -0.42408405244350428 0.45901565253734594 1.0000000180025095e-35 2.024578452110291 -1.1614317297935484
decision_type=2 2 2 2 2 2 2 2 2 2 2 2 2 2 2 2 2 2 2 2 2 2 2 2 2 2 2 2 2 2
left_child=1 2 4 11 5 6 16 -8 10 -10 -7 13 -13 14 -4 -15 -1 18 -3 -19 -2 -22 -5 24 -24 26 -6 -25 -23 -30
right_child=20 17 3 22 25 8 7 -9 9 -11 -12 12 -14 15 -16 -17 -18 19 -20 -21 21 28 23 27 -26 -27 -28 -29 29 -31
leaf_value=0.00044566756815706058 -0.0009217998897899963 -0.0046179559759203063 -0.0023890760333691763 -0.00074660476231143641 0.016501317806594834 -0.01620223663173934 0.001276664735924601 -0.00077838518371699326 0.0074932990125270394 0.0010568576677778051 0.0052368702092266909 -0.00078049304751381411 0.010112747523252193 -0.014219785325032942 -0.018219994422537571 0.0036311064313421957 -0.0018171677249460753 -0.018456668129420685 0.013363487988831005 -0.0015777678509361873 0.021386869788266618 0.0013480163789491124 0.00038024438552682847 0.0076463826249651857 0.0040965856834468154 0.0024688371190855251 0 -0.00018365845145418231 0.019917930282163814 0.004958858221649886
leaf_weight=10180 1129 489 8834 54645 398 261 35220 21404 1355 36831 138 1340 390 527 138 105 21797 296 119 246 134 1694 11099 439 5782 1015 155 70456 163 1132
leaf_count=10180 1129 489 8834 54645 398 261 35220 21404 1355 36831 138 1340 390 527 138 105 21797 296 119 246 134 1694 11099 439 5782 1015 155 70456 163 1132
internal_value=2.00655e-05 -2.96992e-05 -3.82275e-06 -0.000328544 0.000381613 0.000306891 -7.31858e-05 0.000494554 0.001187 0.0012969 -0.00817519 -0.0025164 0.00159129 -0.00328927 -0.00270592 -0.0107735 -0.00108758 -0.00602137 -0.000307348 -0.0116584 0.00339478 0.00504666 -0.000151997 0.000214845 0.00167424 0.00617347 0.0121261 -0.0001288 0.00407713 0.00734417
internal_weight=287911 283659 282509 153755 128754 127186 88601 56624 38585 38186 399 11334 1730 9604 8972 632 31977 1150 608 542 4252 3123 142421 87776 16881 1568 553 70895 2989 1295
internal_count=287911 283659 282509 153755 128754 127186 88601 56624 38585 38186 399 11334 1730 9604 8972 632 31977 1150 608 542 4252 3123 142421 87776 16881 1568 553 70895 2989 1295
is_linear=0
shrinkage=0.03


Tree=24
num_leaves=31
num_cat=0
split_feature=93 102 256 227 113 8 216 50 11 206 176 206 44 17 234 172 38 275 166 227 157 154 55 36 98 92 291 299 219 341
split_gain=61.8405 63.2793 59.0955 57.1415 56.8821 56.3968 53.0315 54.8145 49.3754 52.517 59.9537 48.3003 61.5732 42.544 42.4751 41.3636 40.5969 39.461 38.6462 49.2534 37.5692 36.0859 34.1464 32.7517 33.5485 32.744 32.5278 31.8316 31.8295 36.6291
threshold=2.1877150535583501 0.032264130190014846 1.0909557938575747 -0.18574345111846921 -1.5225394964218137 0.53614282608032238 -0.43076808750629419 -2.0543435811996456 0.092107143253088011 0.4351401180028916 -0.59641748666763295 -1.0779427289962766 0.44352804124355322 -1.591192305088043 -2.1846749782562251 -1.8684297204017637 -0.90421929955482472 -0.9748244285583495 0.70789444446563732 -0.20330354571342465 -0.51334893703460682 0.47363872826099401 -1.0180051326751707 0.81245216727256786 0.15783100575208667 -0.31115499138832087 1.082267761230469 -0.4263539165258407 -0.19568903744220731 -0.0089091025292873365
decision_type=2 2 2 2 2 2 2 2 2 2 2 2 2 2 2 2 2 2 2 2 2 2 2 2 2 2 2 2 2 2
left_child=1 2 5 14 27 8 7 -7 9 16 -11 12 -6 25 -3 -16 -1 -15 19 -8 -14 26 -9 24 -4 -13 -10 -5 -17 -30
right_child=-2 3 23 4 11 6 18 22 21 10 -12 13 20 17 15 28 -18 -19 -20 -21 -22 -23 -24 -25 -26 -27 -28 -29 29 -31
leaf_value=-0.00053116968672800092 0.0032365482792572364 -0.013604253755663247 0.0027640986650819092 0.0016470963060315365 0 0.007273365838389674 -0.0019764296805970874 -0.010952806265811346 0.0019842854377766276 -0.011134598038750412 -0.00080313960135003728 0 0 0.013849908534717873 0.012732822956017183 -0.0066809601709504869 0.00070390755288631055 -0.00032964140838155062 -0.010350400426450286 0.0025683719310993815 -0.014431845846143532 -0.0031066522427943451 -0.003742137713139622 -0.0022094381205363281 0.0092010840008275706 0.021762498968662763 0.013402150332704655 0.015754954571382412 -0.0042429502009566702 -0.00057025475805208385
leaf_weight=34634 5280 286 2496 393 854 288 4704 859 19107 741 1737 105 191 156 142 1355 76264 115580 312 3906 645 1193 2742 607 1177 119 218 281 3638 8132
leaf_count=34634 5280 286 2496 393 854 288 4704 859 19107 741 1737 105 191 156 142 1355 76264 115580 312 3906 645 1193 2742 607 1177 119 218 281 3638 8132
internal_value=2.5335e-05 -3.37707e-05 0.000384425 -0.00051482 -0.000300373 0.000280574 -0.00161427 -0.00453392 0.000464328 0.000216103 -0.00407708 -0.000353275 -0.00536813 -0.000276688 -0.00236174 -0.00207669 0.000315456 -0.000305548 -0.000300778 5.17699e-05 -0.0110591 0.00181979 -0.00559605 0.00385648 0.0049467 0.0122075 0.00214232 0.00824567 -0.00227887 -0.00173617
internal_weight=288142 282862 150985 131877 118324 146705 12811 3889 133894 113376 2478 117650 1690 115960 13553 13267 110898 115736 8922 8610 836 20518 3601 4280 3673 224 19325 674 13125 11770
internal_count=288142 282862 150985 131877 118324 146705 12811 3889 133894 113376 2478 117650 1690 115960 13553 13267 110898 115736 8922 8610 836 20518 3601 4280 3673 224 19325 674 13125 11770
is_linear=0
shrinkage=0.03


Tree=25
num_leaves=31
num_cat=0
split_feature=16 122 98 185 52 227 109 285 100 228 221 150 232 118 109 291 289 173 54 1 205 74 236 284 236 11 56 239 298 119
split_gain=56.2585 60.607 75.0888 67.5679 71.2232 97.1338 63.4219 60.6842 58.0344 44.3112 44.0514 42.7466 41.6425 75.0633 76.8266 40.8106 51.708 51.8349 50.262 39.7079 38.5805 41.5631 38.2722 37.9242 36.0095 36.8326 33.5431 33.2901 29.6169 29.3181
threshold=2.0005218982696538 0.34353861212730413 -2.1265698671340938 0.46027271449565893 0.23452513664960864 -0.17680830508470533 -2.5997451543807979 -1.3569930195808408 -0.90669727325439442 -0.43545873463153834 1.1903002858161928 1.7369062900543215 2.024578452110291 1.0064601302146914 1.6728798747062685 -2.5765641927719112 -2.0488651990890498 -1.2829340100288389 0.093337569385766997 0.89726954698562633 0.77355575561523449 -0.13186951726675031 -1.9134552478790281 -0.88009265065193165 -2.9075939655303951 0.050214350223541267 -2.231900572776794 -1.5878743529319761 -0.10610181465744971 -1.884067118167877
decision_type=2 2 2 2 2 2 2 2 2 2 2 2 2 2 2 2 2 2 2 2 2 2 2 2 2 2 2 2 2 2
left_child=1 11 7 19 5 6 -5 -3 23 -10 -7 15 13 -2 -15 22 17 29 -19 28 -13 -22 -1 -6 26 -26 -18 -24 -4 -17
right_child=12 2 3 4 8 10 -8 -9 9 -11 -12 20 -14 14 -16 16 24 18 -20 -21 21 -23 27 -25 25 -27 -28 -29 -30 -31
leaf_value=-0.0078337781040949718 0.0036302841752132568 0 -0.0038950118563534555 0.010205463827546989 -0.00071274394451149988 0.0025660106086914255 -0.0016214308456994682 0.021720584784653732 -0.00803597574890055 -0.0012647461714191219 -0.0018075676860815565 0.013801887463025724 0.0063620399534648738 0.0016109448815635661 -0.010977701351869101 -0.0056070694143462363 0.013116717132622028 0.012584441211703641 -0.0065312310007329165 -0.0092634460125444861 -0.012655278669194655 0.004373309591215257 -0.0079431509395772714 0.015456159918485056 -7.8255076821608633e-05 0.0009296752251087663 -0.0030432361439663045 0.0063814518189022808 -0.0010417212498949158 0.0032868630787266776
leaf_weight=1072 3577 200 5803 395 167 16591 13767 221 892 36032 2271 352 1958 907 758 402 344 835 110 779 121 1053 193 285 146881 41787 121 407 8443 1395
leaf_count=1072 3577 200 5803 395 167 16591 13767 221 892 36032 2271 352 1958 907 758 402 344 835 110 779 121 1053 193 285 146881 41787 121 407 8443 1395
internal_value=1.22513e-06 -6.4932e-05 -0.000729915 -0.000796762 -0.000401606 0.000607174 -0.00125648 0.0115749 -0.0013008 -0.00144071 0.00202218 0.000226215 0.00261703 0.00114231 -0.00400434 0.000184899 0.00022727 0.00430679 0.00995921 -0.00262534 0.00520211 0.00218439 -0.00444533 0.00906959 0.000166091 0.000143471 0.00834101 0.00118224 -0.00222885 0.00109231
internal_weight=288119 280919 85846 85425 70400 33024 14162 421 37376 36924 18862 195073 7200 5242 1665 193547 191875 2742 945 15025 1526 1174 1672 452 189133 188668 465 600 14246 1797
internal_count=288119 280919 85846 85425 70400 33024 14162 421 37376 36924 18862 195073 7200 5242 1665 193547 191875 2742 945 15025 1526 1174 1672 452 189133 188668 465 600 14246 1797
is_linear=0
shrinkage=0.03


Tree=26
num_leaves=31
num_cat=0
split_feature=209 171 203 298 118 46 102 217 168 212 179 141 113 180 144 280 177 20 58 232 179 151 195 163 53 221 226 229 168 179
split_gain=68.4164 54.4642 78.2138 63.1908 63.1338 54.8472 54.0947 80.7884 78.3667 56.5856 51.7759 48.1773 47.0158 59.5426 51.0607 47.889 45.6076 43.0221 40.5864 40.4643 38.1626 50.9131 37.8626 36.853 35.5075 40.2349 35.1702 31.0402 34.242 37.3671
threshold=2.4746123552322392 0.23642660677433017 1.551219165325165 -0.56358996033668507 1.389354467391968 -0.52652534842491139 -2.9274816513061519 -2.4210842847824092 -1.0452789068222044 -2.9456291198730464 1.1646006107330324 2.8417022228240971 0.7867180109024049 0.21689776331186297 0.73070576786994945 -0.1232941225171089 1.0684139132499697 2.2017947435379033 -1.6393030881881712 -0.0079188668169081194 1.1284903883934023 0.29340155422687536 0.85883659124374401 1.8310220241546633 -0.10615199059247969 1.3273534774780276 -1.2242020368576048 -0.22941555082798001 -0.65884980559349049 -0.13371789455413816
decision_type=2 2 2 2 2 2 2 2 2 2 2 2 2 2 2 2 2 2 2 2 2 2 2 2 2 2 2 2 2 2
left_child=1 2 4 17 6 10 18 8 -8 -9 26 12 20 14 -14 -15 -4 27 -1 -7 22 -22 -5 24 25 -2 -6 28 -3 -30
right_child=23 3 16 11 5 19 7 9 -10 -11 -12 -13 13 15 -16 -17 -18 -19 -20 -21 21 -23 -24 -25 -26 -27 -28 -29 29 -31
leaf_value=-0.015058977386006752 0 0 0.0035790041765172555 -0.0010006415941160476 -0.013269604818046754 -0.011867771886562262 0.0026099529301982483 -0.015754608702916423 0.016506000185379899 0.00026886332515154343 0.0050269289321793701 -0.010869995429953956 0.0010985051170025837 0.0057379010680472181 0.0056010139825147381 -0.00080748008679626924 0.015469246650474756 0.0049521011276215171 -0.0015032520772149545 -0.0027817830573914734 -0.00023599655466314124 -0.0062953938605474291 0.0012852433959113312 0.0064592702948636244 -0.0046993492457485147 0.020867699746478108 0 -0.0024050701581076134 -0.0054010061052938915 -0.021295379217714069
leaf_weight=331 209 282 2467 35115 290 881 1573 178 493 172356 920 367 15018 1027 2728 21825 342 620 607 1118 2614 2576 7890 2243 626 104 404 12026 483 235
leaf_count=331 209 282 2467 35115 290 881 1573 178 493 172356 920 367 15018 1027 2728 21825 342 620 607 1118 2614 2576 7890 2243 626 104 404 12026 483 235
internal_value=1.55489e-05 -3.2437e-05 0.000278296 -0.00058528 0.000198378 -0.00371034 0.000280951 0.000321563 0.00619618 0.000248769 0.000231867 -0.000290237 -0.000240693 0.000506649 0.00181306 -0.000495445 0.00523183 -0.00248783 -0.00681445 -0.00701265 -0.000876402 -0.00331372 -0.000573882 0.00437701 -0.000315044 0.00730826 -0.00566729 -0.00287199 -0.00803579 -0.0114458
internal_weight=287948 284766 181960 102806 179151 3613 175538 174600 2066 172534 1614 89160 88793 40598 17746 22852 2809 13646 938 1999 48195 5190 43005 3182 939 313 694 13026 1000 718
internal_count=287948 284766 181960 102806 179151 3613 175538 174600 2066 172534 1614 89160 88793 40598 17746 22852 2809 13646 938 1999 48195 5190 43005 3182 939 313 694 13026 1000 718
is_linear=0
shrinkage=0.03


Tree=27
num_leaves=31
num_cat=0
split_feature=232 116 216 171 132 238 8 233 57 20 262 283 275 47 119 97 173 289 224 292 215 199 109 221 106 300 293 25 279 278
split_gain=51.2733 77.1626 55.4871 52.9363 73.2785 56.805 55.1874 51.2289 50.2563 45.8723 45.7679 45.2455 87.8067 43.9193 40.2706 54.4482 38.4409 36.6785 64.8175 33.6307 52.1698 33.9606 32.2903 35.4814 30.8725 29.8515 29.6852 34.3165 28.5014 27.7664
threshold=2.1367038488388066 3.5930600166320805 2.4541019201278691 0.22813376039266589 1.4261519312858584 -0.78831726312637318 -1.5427621006965635 -0.047362495213747018 -1.2366410493850706 2.2017947435379033 -0.73092588782310475 -2.0742567777633663 -2.8811448812484737 -2.0527536869049068 -1.6757996678352354 -2.0353279113769527 -0.11507025733590125 1.8798789978027346 1.5039629340171816 -1.0362970829010008 -0.21549404412508008 1.2369033098220827 0.1534620672464371 0.031833278015255935 2.8773466348648076 -0.013757965993136166 2.3765481710433964 -0.2591272890567779 -2.0077141523361202 -2.0185153484344478
decision_type=2 2 2 2 2 2 2 2 2 2 2 2 2 2 2 2 2 2 2 2 2 2 2 2 2 2 2 2 2 2
left_child=1 3 26 4 11 9 7 16 22 25 -9 14 -13 -14 28 -16 -7 18 -8 20 -10 -21 23 -6 -19 29 -2 -28 -1 -5
right_child=2 -3 -4 5 8 6 17 10 19 -11 -12 12 13 -15 15 -17 -18 24 -20 21 -22 -23 -24 -25 -26 -27 27 -29 -30 -31
leaf_value=-0.0094732158922180443 0.0042611004027279875 -0.016266026644036174 0.0082798788673849166 0.0080116968765093447 0 0.0051793609271603711 -0.00058500930135945252 0.0090360051956508147 -0.0036115685252826554 0.0038463269135200714 -0.005098073544101917 0.018003742355983704 0.0044248056004597943 0.00013962599092766983 0.0021526802554676923 -0.0048619840971098694 -0.010255388156038063 -0.0043406993471176332 0.0026420390153174237 -0.0014302120950734278 0.013442212983287209 0.0055376144009546876 0.005446536755160992 -0.012928274427928061 0.0045150823453542765 -0.0011743525299495676 -0.010907691746111959 0.00021221565793161731 0.00027381041882587229 -0.0049907899947645509
leaf_weight=1023 1602 245 1289 117 382 218 78621 1409 159 834 199 230 2167 168673 2136 1790 305 3353 5988 787 816 2176 309 309 347 4033 255 2260 284 5737
leaf_count=1023 1602 245 1289 117 382 218 78621 1409 159 834 199 230 2167 168673 2136 1790 305 3353 5988 787 816 2176 309 309 347 4033 255 2260 284 5737
internal_value=-2.42652e-05 -8.07461e-05 0.0028629 -6.44913e-05 0.000241179 -0.000615037 -0.000366138 0.00436804 0.00384041 -0.00268218 0.00706141 0.000138244 0.000224045 0.000196248 -0.00259972 -0.000977956 -0.00331549 -0.000484739 -0.000352507 0.00538091 0.0103429 0.00358915 -0.00191851 -0.0056945 -0.00340972 -0.00326981 0.00106254 -0.000874068 -0.00715699 -0.00465345
internal_weight=288053 282647 5406 282402 181241 101161 90440 2131 4938 10721 1608 176303 171070 170840 5233 3926 523 88309 84609 3938 975 2963 1000 691 3700 9887 4117 2515 1307 5854
internal_count=288053 282647 5406 282402 181241 101161 90440 2131 4938 10721 1608 176303 171070 170840 5233 3926 523 88309 84609 3938 975 2963 1000 691 3700 9887 4117 2515 1307 5854
is_linear=0
shrinkage=0.03


Tree=28
num_leaves=31
num_cat=0
split_feature=256 171 115 203 176 118 357 164 154 200 236 281 214 148 131 287 48 275 51 55 119 295 296 222 203 113 164 116 289 88
split_gain=69.8699 63.7938 68.2386 48.0975 70.7402 50.0073 49.4335 45.1998 50.9907 77.9743 55.616 44.8569 45.8525 46.0279 42.4417 42.1491 53.376 49.4277 46.2305 43.3393 46.4421 41.8312 40.1576 39.1478 37.7101 35.524 33.9957 46.0715 33.9334 33.2905
threshold=2.0934333801269536 0.23642660677433017 -0.46357168257236475 1.4780286550521853 0.90697973966598522 1.3517174720764162 -0.0046900091692805282 1.3762221932411196 0.58802595734596264 -0.33330005407333368 1.1155898571014407 1.2742234468460085 -0.024525017477571961 -0.32672095298767084 0.44798718392848974 1.213593125343323 1.6776239871978762 0.50545397400856029 2.0809711217880253 1.3100486397743227 -2.2040284872055049 2.9299888610839848 -0.64239042997360218 0.73934561014175426 -0.35526068508625025 -1.0000000180025095e-35 -0.47319625318050379 0.40831223130226141 0.43469774723052984 -0.42686331272125239
decision_type=2 2 2 2 2 2 2 2 2 2 2 2 2 2 2 2 2 2 2 2 2 2 2 2 2 2 2 2 2 2
left_child=1 3 11 5 -5 7 26 8 10 -10 -1 12 13 -3 -15 17 29 19 -18 20 -4 -21 -13 25 -20 -19 27 -7 -14 -17
right_child=-2 2 15 4 -6 6 -8 -9 9 -11 -12 22 28 14 -16 16 18 23 24 21 -22 -23 -24 -25 -26 -27 -28 -29 -30 -31
leaf_value=0.00034804680375684956 0.0031555994668219884 -0.0022927491390798004 -0.013542839990067721 0.0021497570193499287 0.016369291688018338 -0.0076761181397133043 0.0022366314942507274 0.0070183658575115257 -0.010795503581688546 -0.00087518813584749921 0.0054874772849771445 -0.0033489607399287843 0.0045343133779373705 -0.017241244924685307 0 -0.0044855013941983634 -0.0028936950586935326 0.0034806923463007442 -0.008204504611400017 0.0030554434598813363 -0.00042032243493752907 -0.0095914491841240842 -0.015961264987475701 -0.00073627709717629221 0.0027030665743932648 -0.0033252966783354006 -0.0082902483569415267 0.0034185908811692565 -0.0024762533352273501 0.0025115881454659257
leaf_weight=156174 6191 1159 226 2573 356 578 1029 876 738 15074 1908 583 942 458 149 602 4974 671 285 4873 40401 218 479 16219 3033 12768 1523 717 1735 10691
leaf_count=156174 6191 1159 226 2573 356 578 1029 876 738 15074 1908 583 942 458 149 602 4974 671 285 4873 40401 218 479 16219 3033 12768 1523 717 1735 10691
internal_value=7.25051e-06 -6.10203e-05 -0.000668356 0.000273459 0.00407907 0.000208924 -0.00315915 0.000285131 0.000248684 -0.0013702 0.000412662 -0.00391711 -0.0024777 -0.00620053 -0.0128724 -0.000476078 0.000755451 -0.000800162 -0.0010468 -0.000173901 -0.000507329 0.00241978 -0.00950471 -0.00175467 0.00163274 -0.00295852 -0.00523702 -0.00134663 0 0.0021048
internal_weight=288203 282012 100466 181546 2929 178617 3847 174770 173894 15812 158082 5505 4443 1766 607 94961 19585 75376 8292 45718 40627 5091 1062 29658 3318 13439 2818 1295 2677 11293
internal_count=288203 282012 100466 181546 2929 178617 3847 174770 173894 15812 158082 5505 4443 1766 607 94961 19585 75376 8292 45718 40627 5091 1062 29658 3318 13439 2818 1295 2677 11293
is_linear=0
shrinkage=0.03


Tree=29
num_leaves=31
num_cat=0
split_feature=210 162 53 103 288 36 159 98 37 211 180 107 322 110 160 105 26 217 58 296 19 345 159 112 270 11 203 160 288 56
split_gain=47.7746 40.8833 55.3319 65.1996 96.6187 55.1678 61.0194 65.498 55.0235 86.3206 55.9053 54.0352 49.8395 49.6376 48.395 76.5275 45.4168 43.8275 44.7011 39.6319 40.1621 39.2033 36.6968 36.313 43.0039 54.9289 44.9745 34.9853 37.7848 34.2645
threshold=2.2977627515792851 -0.088134314864873872 -1.1603368520736692 -1.1086031794548032 -1.5054619312286375 -1.1823710799217222 -1.8064834475517271 -2.233982920646667 -1.9374337792396543 -2.4468244314193721 0.68546241521835338 -0.71033179759979237 -0.016591737978160378 -0.6871509552001952 -0.61254197359085072 -0.95052009820938099 1.0241311788558962 -0.82185977697372425 -0.5631585121154784 -2.3775221109390254 -1.9586330056190489 -0.0087652974762022478 -0.32133755087852472 0.4451772421598435 1.1497523188591006 -0.16046728938817975 1.551219165325165 0.56702932715415966 -0.64583238959312428 -0.25625953078269953
decision_type=2 2 2 2 2 2 2 2 2 2 2 2 2 2 2 2 2 2 2 2 2 2 2 2 2 2 2 2 2 2
left_child=1 2 3 5 14 6 7 -1 10 12 11 -4 -10 16 -5 -16 29 18 -11 22 -21 -15 -6 24 26 -26 -23 28 -18 -3
right_child=-2 13 8 4 19 -7 -8 -9 9 17 -12 -13 -14 21 15 -17 27 -19 -20 20 -22 23 -24 -25 25 -27 -28 -29 -30 -31
leaf_value=-9.5323351098540142e-05 0.0031275111323090807 -0.0020990444409708423 0.0046858427898908489 0.012765650127980314 0.01528850631384214 -0.0059581412545450883 0.0013967211222518513 -0.0074613226375552484 0.00048346094654074738 0.0013629808709438012 0.017405644853174841 -0.0064944913181925893 -0.020287135072289422 -0.00087564733888634153 -0.0085314114296391533 0.011559514445033468 0.010890119735217375 0.00092366238095454808 -0.0013138349952509722 -0.012672084480742959 -0.00054691935417456791 0.00028487497242431247 -0.0027923505928160413 -0.00056875149787438163 0.015206014371436575 0.0024199894283644602 0.010218484659249391 -0.0025231497224018811 -0.0028455219626070016 -0.0069347432348864022
leaf_weight=2376 4273 4030 2732 800 245 3159 3985 2123 120 7974 263 415 263 57609 317 318 521 74853 18389 239 7195 48839 115 39371 325 3853 396 713 215 2190
leaf_count=2376 4273 4030 2732 800 245 3159 3985 2123 120 7974 263 415 263 57609 317 318 521 74853 18389 239 7195 48839 115 39371 325 3853 396 713 215 2190
internal_value=-1.22636e-05 -6.07868e-05 0.000341303 -0.00106351 0.000794276 -0.00256067 -0.00124931 -0.00365524 0.000623535 0.000493934 0.00437205 0.00308504 -0.0133339 -0.000382913 0.00790369 0.0011176 -0.00273814 0.000551846 -0.00049239 -0.000493167 -0.00100994 -0.00026047 0.00888023 0.000118363 0.000630477 0.00355376 0.000374979 0.00188794 0.00651172 -0.00386649
internal_weight=288216 283943 125881 20872 9229 11643 8484 4499 105009 101599 3410 3147 383 158062 1435 635 7669 101216 26363 7794 7434 150393 360 92784 53413 4178 49235 1449 736 6220
internal_count=288216 283943 125881 20872 9229 11643 8484 4499 105009 101599 3410 3147 383 158062 1435 635 7669 101216 26363 7794 7434 150393 360 92784 53413 4178 49235 1449 736 6220
is_linear=0
shrinkage=0.03


Tree=30
num_leaves=31
num_cat=0
split_feature=210 122 109 5 297 287 113 98 108 207 159 90 31 173 296 236 31 72 126 177 237 159 280 288 53 198 232 299 111 113
split_gain=59.2153 49.2933 58.5275 48.5737 44.2501 41.5431 54.7808 54.2929 40.4066 45.616 45.423 39.3612 53.958 54.9108 57.5618 46.8211 61.9191 45.1767 41.1677 37.9727 37.4535 44.5703 36.6843 51.9579 44.8283 43.494 38.2201 38.406 36.1542 35.6642
threshold=2.2977627515792851 0.31666977703571325 -2.9427859783172603 0.34660053253173834 0.90373647212982189 -0.16600195318460462 0.14539588987827304 -2.1265698671340938 1.2198055386543276 -0.34323264658451075 -0.024129530414938923 1.7798455953598025 0.56392198801040661 -0.63683965802192677 1.1354109048843386 1.3647071123123171 -1.731627821922302 0.059190742671489723 -0.56120958924293507 1.3446134924888613 -0.032379891723394387 2.1153579950332646 1.676382899284363 1.6740362644195559 -0.63056671619415272 1.9098804593086245 1.8346164822578432 -2.5539150238037105 1.8760496973991396 1.2611155509948733
decision_type=2 2 2 2 2 2 2 2 2 2 2 2 2 2 2 2 2 2 2 2 2 2 2 2 2 2 2 2 2 2
left_child=1 8 -3 -4 5 7 -7 -5 11 10 -10 12 15 18 -15 17 -17 -1 -14 -12 -11 -22 23 -2 25 -24 -26 -28 -25 -21
right_child=22 2 3 4 -6 6 -8 -9 9 20 19 -13 13 14 -16 16 -18 -19 -20 29 21 -23 24 28 26 -27 27 -29 -30 -31
leaf_value=-5.9039892462172986e-05 0.0028962165759588631 0.013690760517879031 -0.0025540934095692881 0.012491017094678637 -0.0018105750339707037 0.0017195092246325215 -0.00039244091967819778 -0.0015079368075524961 0.0043234993861259036 -0.00044496400891439272 -0.00096951423301411873 0.0078168682811153578 -0.015665808578678202 -0.00031553974977565702 -0.0064591771358758817 0.016168357279427892 0.0022213020719152776 0.0012653059738757732 -0.003637021409637863 -0.027806191578870865 0.0034474971786903241 0.012305376393575729 0 -0.020299382246510442 0 0.023861692525051569 0.022911444957730256 0.0050569045181919807 0 -0.0055177449621419093
leaf_weight=135185 773 234 10982 229 16390 17749 28851 17550 542 1637 627 576 376 13162 1532 302 3947 27877 1086 103 4505 608 119 159 1229 197 115 1470 154 273
leaf_count=135185 773 234 10982 229 16390 17749 28851 17550 542 1637 627 576 376 13162 1532 302 3947 27877 1086 103 4505 608 119 159 1229 197 115 1470 154 273
internal_value=-1.03652e-05 -6.38529e-05 -0.000635776 -0.000678559 -0.000419264 -5.99449e-05 0.000405916 -0.00129694 0.000208146 0.00225569 -0.00225836 0.000113996 8.73281e-05 -0.00156468 -0.000984375 0.000248811 0.00335397 0.000165657 -0.0071027 -0.0061233 0.00333684 0.0046031 0.00350924 -0.00100202 0.00516615 0.01585 0.00375716 0.00680862 -0.0111259 -0.0134769
internal_weight=288539 284323 91985 91751 80769 64379 46600 17779 192338 8295 1545 184043 183467 16156 14694 167311 4249 163062 1462 1003 6750 5113 4216 1086 3130 316 2814 1585 313 376
internal_count=288539 284323 91985 91751 80769 64379 46600 17779 192338 8295 1545 184043 183467 16156 14694 167311 4249 163062 1462 1003 6750 5113 4216 1086 3130 316 2814 1585 313 376
is_linear=0
shrinkage=0.03


end of trees

feature_importances:
OPEN17=20
CLOSE6=19
HIGH8=19
VWAP1=17
LOW9=16
OPEN6=15
OPEN1=15
LOW7=14
LOW12=13
CLOSE11=12
CLOSE5=12
CLOSE1=12
HIGH0=12
LOW17=12
LOW3=12
OPEN4=11
LOW22=10
LOW1=10
CLOSE16=9
CLOSE2=9
OPEN21=9
OPEN10=9
OPEN29=8
OPEN26=8
HIGH11=8
HIGH7=8
HIGH6=8
LOW11=8
VWAP22=8
VWAP16=8
CLOSE19=7
OPEN9=7
HIGH57=7
HIGH20=7
HIGH17=7
LOW36=7
LOW15=7
LOW5=7
VWAP11=7
VWAP9=7
CLOSE51=6
CLOSE42=6
CLOSE7=6
OPEN8=6
OPEN0=6
HIGH4=6
LOW59=6
LOW30=6
LOW21=6
LOW0=6
VWAP8=6
CLOSE23=5
CLOSE9=5
CLOSE4=5
CLOSE3=5
OPEN22=5
OPEN12=5
OPEN3=5
HIGH16=5
HIGH15=5
HIGH9=5
LOW43=5
LOW42=5
LOW33=5
LOW6=5
VWAP0=5
CLOSE39=4
CLOSE35=4
CLOSE30=4
CLOSE12=4
OPEN41=4
OPEN40=4
OPEN19=4
OPEN11=4
HIGH32=4
HIGH22=4
LOW45=4
LOW40=4
LOW29=4
LOW28=4
LOW25=4
LOW23=4
LOW18=4
LOW10=4
VWAP43=4
VWAP17=4
VWAP12=4
VWAP10=4
VWAP3=4
CLOSE56=3
CLOSE52=3
CLOSE48=3
CLOSE43=3
CLOSE38=3
CLOSE29=3
CLOSE15=3
CLOSE13=3
CLOSE8=3
OPEN45=3
OPEN23=3
OPEN16=3
OPEN5=3
HIGH43=3
HIGH39=3
HIGH31=3
HIGH29=3
HIGH25=3
HIGH24=3
HIGH23=3
HIGH18=3
HIGH12=3
HIGH5=3
HIGH3=3
HIGH2=3
LOW34=3
LOW32=3
LOW20=3
LOW4=3
VWAP50=3
VWAP37=3
VWAP24=3
VWAP23=3
VWAP20=3
VOLUME14=3
CLOSE57=2
CLOSE54=2
CLOSE47=2
CLOSE40=2
CLOSE34=2
CLOSE33=2
CLOSE28=2
CLOSE21=2
CLOSE20=2
OPEN59=2
OPEN51=2
OPEN47=2
OPEN31=2
OPEN27=2
OPEN14=2
OPEN13=2
OPEN7=2
OPEN2=2
HIGH58=2
HIGH53=2
HIGH51=2
HIGH46=2
HIGH40=2
HIGH38=2
HIGH35=2
HIGH33=2
HIGH21=2
HIGH19=2
HIGH13=2
LOW41=2
LOW39=2
LOW38=2
LOW24=2
LOW19=2
LOW16=2
LOW8=2
LOW2=2
VWAP51=2
VWAP29=2
VWAP25=2
VWAP21=2
VWAP19=2
VWAP18=2
VWAP2=2
VOLUME59=2
VOLUME50=2
VOLUME34=2
CLOSE58=1
CLOSE55=1
CLOSE53=1
CLOSE44=1
CLOSE37=1
CLOSE36=1
CLOSE32=1
CLOSE31=1
CLOSE24=1
CLOSE22=1
CLOSE10=1
CLOSE0=1
OPEN58=1
OPEN56=1
OPEN54=1
OPEN50=1
OPEN49=1
OPEN43=1
OPEN42=1
OPEN39=1
OPEN38=1
OPEN20=1
OPEN18=1
OPEN15=1
HIGH56=1
HIGH50=1
HIGH48=1
HIGH47=1
HIGH37=1
HIGH28=1
HIGH27=1
HIGH14=1
HIGH10=1
LOW57=1
LOW56=1
LOW54=1
LOW53=1
LOW50=1
LOW49=1
LOW47=1
LOW46=1
LOW44=1
LOW35=1
LOW31=1
LOW27=1
LOW26=1
LOW13=1
VWAP59=1
VWAP55=1
VWAP54=1
VWAP53=1
VWAP45=1
VWAP41=1
VWAP36=1
VWAP27=1
VWAP15=1
VWAP14=1
VWAP13=1
VWAP7=1
VWAP6=1
VWAP4=1
VOLUME56=1
VOLUME55=1
VOLUME47=1
VOLUME42=1
VOLUME37=1
VOLUME36=1
VOLUME28=1
VOLUME27=1
VOLUME26=1
VOLUME24=1
VOLUME20=1
VOLUME18=1
VOLUME8=1
VOLUME7=1
VOLUME6=1
VOLUME2=1

parameters:
[boosting: gbdt]
[objective: regression]
[metric: l2]
[tree_learner: serial]
[device_type: cpu]
[data_sample_strategy: bagging]
[data: ]
[valid: ]
[num_iterations: 500]
[learning_rate: 0.03]
[num_leaves: 31]
[num_threads: 12]
[seed: 20260813]
[deterministic: 1]
[force_col_wise: 1]
[force_row_wise: 0]
[histogram_pool_size: -1]
[max_depth: 7]
[min_data_in_leaf: 100]
[min_sum_hessian_in_leaf: 0.001]
[bagging_fraction: 0.8]
[pos_bagging_fraction: 1]
[neg_bagging_fraction: 1]
[bagging_freq: 1]
[bagging_seed: 20260813]
[bagging_by_query: 0]
[feature_fraction: 0.8]
[feature_fraction_bynode: 1]
[feature_fraction_seed: 20260813]
[extra_trees: 0]
[extra_seed: 13549]
[early_stopping_round: 0]
[early_stopping_min_delta: 0]
[first_metric_only: 0]
[max_delta_step: 0]
[lambda_l1: 10]
[lambda_l2: 20]
[linear_lambda: 0]
[min_gain_to_split: 0]
[drop_rate: 0.1]
[max_drop: 50]
[skip_drop: 0.5]
[xgboost_dart_mode: 0]
[uniform_drop: 0]
[drop_seed: 11866]
[top_rate: 0.2]
[other_rate: 0.1]
[min_data_per_group: 100]
[max_cat_threshold: 32]
[cat_l2: 10]
[cat_smooth: 10]
[max_cat_to_onehot: 4]
[top_k: 20]
[monotone_constraints: ]
[monotone_constraints_method: basic]
[monotone_penalty: 0]
[feature_contri: ]
[forcedsplits_filename: ]
[refit_decay_rate: 0.9]
[cegb_tradeoff: 1]
[cegb_penalty_split: 0]
[cegb_penalty_feature_lazy: ]
[cegb_penalty_feature_coupled: ]
[path_smooth: 0]
[interaction_constraints: ]
[verbosity: 1]
[saved_feature_importance_type: 0]
[use_quantized_grad: 0]
[num_grad_quant_bins: 4]
[quant_train_renew_leaf: 0]
[stochastic_rounding: 1]
[linear_tree: 0]
[max_bin: 255]
[max_bin_by_feature: ]
[min_data_in_bin: 3]
[bin_construct_sample_cnt: 200000]
[data_random_seed: 20260812]
[is_enable_sparse: 1]
[enable_bundle: 1]
[use_missing: 1]
[zero_as_missing: 0]
[feature_pre_filter: 1]
[pre_partition: 0]
[two_round: 0]
[header: 0]
[label_column: ]
[weight_column: ]
[group_column: ]
[ignore_column: ]
[categorical_feature: ]
[forcedbins_filename: ]
[precise_float_parser: 0]
[parser_config_file: ]
[objective_seed: 16743]
[num_class: 1]
[is_unbalance: 0]
[scale_pos_weight: 1]
[sigmoid: 1]
[boost_from_average: 1]
[reg_sqrt: 0]
[alpha: 0.9]
[fair_c: 1]
[poisson_max_delta_step: 0.7]
[tweedie_variance_power: 1.5]
[lambdarank_truncation_level: 30]
[lambdarank_norm: 1]
[label_gain: ]
[lambdarank_position_bias_regularization: 0]
[eval_at: ]
[multi_error_top_k: 1]
[auc_mu_weights: ]
[num_machines: 1]
[local_listen_port: 12400]
[time_out: 120]
[machine_list_filename: ]
[machines: ]
[gpu_platform_id: -1]
[gpu_device_id: -1]
[gpu_use_dp: 0]
[num_gpu: 1]

end of parameters

pandas_categorical:null
