tree
version=v4
num_class=1
num_tree_per_iteration=1
label_index=0
max_feature_idx=359
objective=regression
feature_names=CLOSE59 CLOSE58 CLOSE57 CLOSE56 CLOSE55 CLOSE54 CLOSE53 CLOSE52 CLOSE51 CLOSE50 CLOSE49 CLOSE48 CLOSE47 CLOSE46 CLOSE45 CLOSE44 CLOSE43 CLOSE42 CLOSE41 CLOSE40 CLOSE39 CLOSE38 CLOSE37 CLOSE36 CLOSE35 CLOSE34 CLOSE33 CLOSE32 CLOSE31 CLOSE30 CLOSE29 CLOSE28 CLOSE27 CLOSE26 CLOSE25 CLOSE24 CLOSE23 CLOSE22 CLOSE21 CLOSE20 CLOSE19 CLOSE18 CLOSE17 CLOSE16 CLOSE15 CLOSE14 CLOSE13 CLOSE12 CLOSE11 CLOSE10 CLOSE9 CLOSE8 CLOSE7 CLOSE6 CLOSE5 CLOSE4 CLOSE3 CLOSE2 CLOSE1 CLOSE0 OPEN59 OPEN58 OPEN57 OPEN56 OPEN55 OPEN54 OPEN53 OPEN52 OPEN51 OPEN50 OPEN49 OPEN48 OPEN47 OPEN46 OPEN45 OPEN44 OPEN43 OPEN42 OPEN41 OPEN40 OPEN39 OPEN38 OPEN37 OPEN36 OPEN35 OPEN34 OPEN33 OPEN32 OPEN31 OPEN30 OPEN29 OPEN28 OPEN27 OPEN26 OPEN25 OPEN24 OPEN23 OPEN22 OPEN21 OPEN20 OPEN19 OPEN18 OPEN17 OPEN16 OPEN15 OPEN14 OPEN13 OPEN12 OPEN11 OPEN10 OPEN9 OPEN8 OPEN7 OPEN6 OPEN5 OPEN4 OPEN3 OPEN2 OPEN1 OPEN0 HIGH59 HIGH58 HIGH57 HIGH56 HIGH55 HIGH54 HIGH53 HIGH52 HIGH51 HIGH50 HIGH49 HIGH48 HIGH47 HIGH46 HIGH45 HIGH44 HIGH43 HIGH42 HIGH41 HIGH40 HIGH39 HIGH38 HIGH37 HIGH36 HIGH35 HIGH34 HIGH33 HIGH32 HIGH31 HIGH30 HIGH29 HIGH28 HIGH27 HIGH26 HIGH25 HIGH24 HIGH23 HIGH22 HIGH21 HIGH20 HIGH19 HIGH18 HIGH17 HIGH16 HIGH15 HIGH14 HIGH13 HIGH12 HIGH11 HIGH10 HIGH9 HIGH8 HIGH7 HIGH6 HIGH5 HIGH4 HIGH3 HIGH2 HIGH1 HIGH0 LOW59 LOW58 LOW57 LOW56 LOW55 LOW54 LOW53 LOW52 LOW51 LOW50 LOW49 LOW48 LOW47 LOW46 LOW45 LOW44 LOW43 LOW42 LOW41 LOW40 LOW39 LOW38 LOW37 LOW36 LOW35 LOW34 LOW33 LOW32 LOW31 LOW30 LOW29 LOW28 LOW27 LOW26 LOW25 LOW24 LOW23 LOW22 LOW21 LOW20 LOW19 LOW18 LOW17 LOW16 LOW15 LOW14 LOW13 LOW12 LOW11 LOW10 LOW9 LOW8 LOW7 LOW6 LOW5 LOW4 LOW3 LOW2 LOW1 LOW0 VWAP59 VWAP58 VWAP57 VWAP56 VWAP55 VWAP54 VWAP53 VWAP52 VWAP51 VWAP50 VWAP49 VWAP48 VWAP47 VWAP46 VWAP45 VWAP44 VWAP43 VWAP42 VWAP41 VWAP40 VWAP39 VWAP38 VWAP37 VWAP36 VWAP35 VWAP34 VWAP33 VWAP32 VWAP31 VWAP30 VWAP29 VWAP28 VWAP27 VWAP26 VWAP25 VWAP24 VWAP23 VWAP22 VWAP21 VWAP20 VWAP19 VWAP18 VWAP17 VWAP16 VWAP15 VWAP14 VWAP13 VWAP12 VWAP11 VWAP10 VWAP9 VWAP8 VWAP7 VWAP6 VWAP5 VWAP4 VWAP3 VWAP2 VWAP1 VWAP0 VOLUME59 VOLUME58 VOLUME57 VOLUME56 VOLUME55 VOLUME54 VOLUME53 VOLUME52 VOLUME51 VOLUME50 VOLUME49 VOLUME48 VOLUME47 VOLUME46 VOLUME45 VOLUME44 VOLUME43 VOLUME42 VOLUME41 VOLUME40 VOLUME39 VOLUME38 VOLUME37 VOLUME36 VOLUME35 VOLUME34 VOLUME33 VOLUME32 VOLUME31 VOLUME30 VOLUME29 VOLUME28 VOLUME27 VOLUME26 VOLUME25 VOLUME24 VOLUME23 VOLUME22 VOLUME21 VOLUME20 VOLUME19 VOLUME18 VOLUME17 VOLUME16 VOLUME15 VOLUME14 VOLUME13 VOLUME12 VOLUME11 VOLUME10 VOLUME9 VOLUME8 VOLUME7 VOLUME6 VOLUME5 VOLUME4 VOLUME3 VOLUME2 VOLUME1 VOLUME0
feature_infos=[-5.4038181304931641:12.207799911499023] [-5.4630842208862305:12.317498207092285] [-5.552156925201416:12.828096389770508] [-5.543860912322998:11.230463981628418] [-5.5617179870605469:11.448848724365234] [-5.6241564750671387:11.414474487304688] [-5.6825575828552246:9.6098718643188477] [-5.657966136932373:9.3752841949462891] [-5.5993099212646484:11.028009414672852] [-5.6313424110412598:11.904008865356445] [-5.6268739700317383:14.104987144470215] [-5.6736459732055664:14.119842529296875] [-5.6078968048095703:13.772034645080566] [-5.3474845886230469:16.204652786254883] [-5.2347016334533691:13.829370498657227] [-5.2960891723632812:14.420330047607422] [-5.4409685134887695:12.201403617858887] [-5.6576046943664551:11.266861915588379] [-5.748682975769043:10.175777435302734] [-5.7619786262512207:9.7804374694824219] [-5.837033748626709:8.7506103515625] [-5.7729997634887695:8.6125421524047852] [-5.8598322868347168:10.193233489990234] [-5.8949131965637207:12.366391181945801] [-6.0229306221008301:12.926149368286133] [-6.1776113510131836:15.240093231201172] [-6.156036376953125:12.846419334411621] [-6.1175355911254883:13.303590774536133] [-6.2611255645751953:15.902070999145508] [-6.491330623626709:18.839191436767578] [-6.5942034721374512:22.150033950805664] [-6.6824989318847656:25.889287948608398] [-6.9009256362915039:22.514554977416992] [-6.7733120918273926:19.431056976318359] [-6.7470202445983887:18.610666275024414] [-6.8720340728759766:19.165328979492188] [-6.9760775566101074:17.714389801025391] [-7.0796875953674316:15.677718162536621] [-7.4749898910522461:14.608213424682617] [-7.5138611793518066:16.016225814819336] [-7.5265936851501465:16.216730117797852] [-7.7491507530212402:15.659536361694336] [-8.1944398880004883:16.027450561523438] [-8.3186569213867188:14.761478424072266] [-8.5568714141845703:13.908934593200684] [-8.3141460418701172:16.388105392456055] [-7.9301848411560059:15.731110572814941] [-7.6629085540771484:14.221858024597168] [-8.3242588043212891:15.788053512573242] [-9.2431402206420898:16.472049713134766] [-9.4991426467895508:15.732405662536621] [-9.9160194396972656:13.491730690002441] [-10.473063468933105:13.854236602783203] [-10.937721252441406:16.66523551940918] [-11.082827568054199:18.256818771362305] [-12.073580741882324:15.396571159362793] [-13.290007591247559:13.083724975585938] [-12.771224975585938:11.748091697692871] [-9.9642553329467773:14.820465087890625] [0:1] [-5.3939027786254883:10.705911636352539] [-5.3801994323730469:10.959723472595215] [-5.4286031723022461:11.38120174407959] [-5.5680313110351562:10.736789703369141] [-5.5342550277709961:10.087675094604492] [-5.558952808380127:10.053220748901367] [-5.594970703125:9.4435482025146484] [-5.6583342552185059:9.4323110580444336] [-5.6505732536315918:9.6716413497924805] [-5.5674500465393066:9.3488006591796875] [-5.6290454864501953:12.511114120483398] [-5.6344051361083984:12.523300170898438] [-5.6714987754821777:12.193946838378906] [-5.5976228713989258:14.438279151916504] [-5.3190979957580566:13.691545486450195] [-5.2324051856994629:12.763317108154297] [-5.3199162483215332:12.066287040710449] [-5.4853944778442383:10.058550834655762] [-5.6640167236328125:9.9871940612792969] [-5.7586402893066406:8.426274299621582] [-5.7868266105651855:8.7311592102050781] [-5.8147773742675781:7.4692435264587402] [-5.7806525230407715:8.3741331100463867] [-5.8425917625427246:10.789878845214844] [-5.8936858177185059:11.296235084533691] [-6.0248398780822754:13.41217041015625] [-6.1962108612060547:12.685262680053711] [-6.1465163230895996:11.593866348266602] [-6.1146559715270996:13.187936782836914] [-6.2870941162109375:16.678976058959961] [-6.497774600982666:19.713329315185547] [-6.5631170272827148:23.145591735839844] [-6.6829066276550293:22.194005966186523] [-6.9077982902526855:19.136722564697266] [-6.6785674095153809:16.363210678100586] [-6.7857351303100586:15.58949089050293] [-6.9262762069702148:17.248769760131836] [-6.9641542434692383:15.060530662536621] [-7.1025972366333008:15.738567352294922] [-7.4681973457336426:13.973452568054199] [-7.478858470916748:15.671545028686523] [-7.5521197319030762:15.950857162475586] [-7.7583436965942383:15.710830688476562] [-8.1823797225952148:16.01679801940918] [-8.4201278686523438:14.733643531799316] [-8.4783000946044922:13.729578971862793] [-8.1252670288085938:16.373483657836914] [-7.763270378112793:15.379834175109863] [-7.6675534248352051:14.280837059020996] [-8.3767480850219727:15.992692947387695] [-9.5014057159423828:16.661792755126953] [-9.5703029632568359:14.481954574584961] [-9.9364843368530273:13.725786209106445] [-10.522650718688965:10.901738166809082] [-10.901007652282715:13.379806518554688] [-11.103601455688477:13.903392791748047] [-12.210824012756348:11.473542213439941] [-13.163003921508789:14.136837959289551] [-12.045253753662109:13.387150764465332] [-11.330784797668457:12.531469345092773] [-5.3820013999938965:12.364547729492188] [-5.4294228553771973:12.475584030151367] [-5.4694676399230957:12.552258491516113] [-5.5374393463134766:11.467157363891602] [-5.5535435676574707:11.189560890197754] [-5.5764822959899902:11.157842636108398] [-5.6358404159545898:9.7485008239746094] [-5.6567521095275879:9.3603830337524414] [-5.5977020263671875:10.770561218261719] [-5.5960569381713867:11.628432273864746] [-5.6298618316650391:13.794612884521484] [-5.6596841812133789:13.809728622436523] [-5.5593347549438477:13.465097427368164] [-5.357581615447998:15.858750343322754] [-5.1834869384765625:13.516513824462891] [-5.2806301116943359:14.091922760009766] [-5.2730488777160645:11.90185546875] [-5.5345115661621094:11.404111862182617] [-5.6715240478515625:10.971304893493652] [-5.6430082321166992:10.426162719726562] [-5.8330845832824707:9.5054302215576172] [-5.7179265022277832:8.9862470626831055] [-5.8336644172668457:9.9189023971557617] [-5.8502101898193359:12.057721138000488] [-5.9448437690734863:12.601513862609863] [-6.107874870300293:14.864160537719727] [-6.0690827369689941:12.517831802368164] [-6.1017847061157227:12.972479820251465] [-6.1716437339782715:15.531359672546387] [-6.3130483627319336:18.409242630004883] [-6.5198044776916504:21.656618118286133] [-6.6459999084472656:25.317371368408203] [-6.7865829467773438:22.012430191040039] [-6.7773442268371582:18.976459503173828] [-6.7013201713562012:18.154861450195312] [-6.8188552856445312:19.343141555786133] [-6.9306292533874512:18.877908706665039] [-6.9270119667053223:18.2635498046875] [-7.1876015663146973:15.764147758483887] [-7.4516735076904297:15.993157386779785] [-7.4186992645263672:16.368352890014648] [-7.6636042594909668:16.003454208374023] [-7.9494142532348633:15.889026641845703] [-8.0757808685302734:15.958135604858398] [-8.4526987075805664:14.689020156860352] [-8.303074836730957:15.909083366394043] [-7.8713383674621582:16.440237045288086] [-7.6260838508605957:15.491005897521973] [-7.8991255760192871:15.217290878295898] [-8.7483577728271484:16.283535003662109] [-9.3180007934570312:17.49163818359375] [-9.6569833755493164:14.919129371643066] [-10.237624168395996:14.029580116271973] [-10.729340553283691:15.869563102722168] [-10.871740341186523:17.252283096313477] [-11.412809371948242:14.353494644165039] [-12.802080154418945:12.82408332824707] [-12.023353576660156:17.571023941040039] [-8.8332920074462891:16.732889175415039] [-0.9664994478225708:18.069639205932617] [-5.3964767456054688:10.970551490783691] [-5.4396467208862305:10.572331428527832] [-5.5276446342468262:11.663507461547852] [-5.5864782333374023:11.011089324951172] [-5.5761957168579102:10.352532386779785] [-5.5853433609008789:10.316717147827148] [-5.6677336692810059:9.7006664276123047] [-5.6882305145263672:9.3147363662719727] [-5.6582484245300293:9.9389581680297852] [-5.6039600372314453:9.6126041412353516] [-5.6928701400756836:12.835577011108398] [-5.6788039207458496:12.846935272216797] [-5.6773409843444824:12.513778686523438] [-5.6048955917358398:14.802810668945312] [-5.320920467376709:14.052196502685547] [-5.2982311248779297:13.111536979675293] [-5.3839902877807617:12.409426689147949] [-5.8174047470092773:10.36540412902832] [-5.784174919128418:9.5021562576293945] [-5.832496166229248:8.678898811340332] [-5.8793540000915527:8.1166858673095703] [-5.8299708366394043:7.4885468482971191] [-5.8449859619140625:8.3379850387573242] [-5.86358642578125:11.115287780761719] [-6.1381864547729492:11.634455680847168] [-6.2772350311279297:13.802389144897461] [-6.2678170204162598:13.060978889465332] [-6.1760926246643066:11.949478149414062] [-6.2078957557678223:13.344522476196289] [-6.4379968643188477:17.147287368774414] [-6.6149802207946777:20.259696960449219] [-6.6496763229370117:23.773187637329102] [-6.8508658409118652:22.798303604125977] [-6.9366893768310547:19.675657272338867] [-6.7643942832946777:16.856267929077148] [-6.8079290390014648:16.073888778686523] [-7.0642623901367188:16.587459564208984] [-6.9945707321166992:15.523313522338867] [-7.3730998039245605:13.628948211669922] [-7.5600848197937012:14.123520851135254] [-7.5175132751464844:15.707470893859863] [-7.7112398147583008:15.520206451416016] [-8.0361595153808594:15.831537246704102] [-8.2219562530517578:14.843610763549805] [-8.5500802993774414:13.949758529663086] [-8.6501235961914062:13.985755920410156] [-8.3596582412719727:15.620052337646484] [-7.8853812217712402:13.975187301635742] [-8.4686384201049805:13.39249324798584] [-8.9124746322631836:15.623690605163574] [-9.8203353881835938:15.20835018157959] [-9.9615106582641602:13.049732208251953] [-10.32017707824707:10.72990894317627] [-10.724518775939941:10.996842384338379] [-11.284056663513184:13.600567817687988] [-11.82917594909668:15.071050643920898] [-13.020894050598145:12.20367431640625] [-14.091683387756348:9.2834072113037109] [-17.09532356262207:9.2433996200561523] [-18.621809005737305:0.97749477624893188] [-5.4039878845214844:11.250247001647949] [-5.4382061958312988:11.140832901000977] [-5.5047149658203125:12.130561828613281] [-5.5697188377380371:10.811211585998535] [-5.5674295425415039:10.79209041595459] [-5.5975079536437988:10.758352279663086] [-5.6568036079406738:9.5577478408813477] [-5.6772289276123047:9.3146648406982422] [-5.6385312080383301:10.375532150268555] [-5.6120061874389648:10.64986515045166] [-5.6572656631469727:13.342713356018066] [-5.6746344566345215:13.356831550598145] [-5.6420350074768066:13.01786994934082] [-5.4896707534790039:15.364109039306641] [-5.2056975364685059:13.80452823638916] [-5.2899789810180664:13.63185977935791] [-5.3154764175415039:12.174280166625977] [-5.6374177932739258:10.149846076965332] [-5.7320928573608398:10.191084861755371] [-5.7643313407897949:9.0887775421142578] [-5.8503236770629883:8.7674388885498047] [-5.8003559112548828:8.075596809387207] [-5.8468437194824219:8.9648656845092773] [-5.8804669380187988:11.617894172668457] [-6.0177435874938965:12.15272331237793] [-6.1657099723815918:14.375732421875] [-6.191983699798584:12.817586898803711] [-6.1559233665466309:12.484643936157227] [-6.2097978591918945:14.530891418457031] [-6.4042263031005859:17.823141098022461] [-6.5801353454589844:21.013839721679688] [-6.6600465774536133:24.623151779174805] [-6.8311100006103516:22.463642120361328] [-6.8759355545043945:19.379465103149414] [-6.7502989768981934:17.56739616394043] [-6.8503098487854004:16.717073440551758] [-7.0050268173217773:17.691045761108398] [-7.0236339569091797:16.211967468261719] [-7.318967342376709:15.018354415893555] [-7.5370831489562988:15.103734970092773] [-7.5262660980224609:16.079132080078125] [-7.7127366065979004:15.877166748046875] [-8.0319108963012695:15.961054801940918] [-8.2521495819091797:15.501462936401367] [-8.5525264739990234:14.423134803771973] [-8.4979753494262695:15.106385231018066] [-8.1349296569824219:16.172042846679688] [-7.7380094528198242:14.902035713195801] [-8.1132259368896484:14.802522659301758] [-8.9047470092773438:16.255861282348633] [-9.6422586441040039:16.468313217163086] [-9.8980913162231445:14.0672607421875] [-10.386066436767578:12.226994514465332] [-10.776379585266113:12.778707504272461] [-11.225838661193848:13.92197322845459] [-11.705896377563477:15.008130073547363] [-13.201790809631348:12.156516075134277] [-13.247754096984863:12.385733604431152] [-12.01241397857666:11.325177192687988] [-11.108595848083496:11.345650672912598] [-0.023151803761720657:320.79556274414062] [-0.023552883416414261:342.58062744140625] [-0.024514675140380859:319.25338745117188] [-0.025893921032547951:317.08056640625] [-0.025641471147537231:420.46987915039062] [-0.036820705980062485:162.91561889648438] [-0.019704068079590797:399.36898803710938] [-0.027579342946410179:149.06684875488281] [-0.032341785728931427:158.35102844238281] [-0.029248002916574478:155.65849304199219] [-0.026169661432504654:319.512939453125] [-0.024268930777907372:351.22409057617188] [-0.02471037395298481:370.87823486328125] [-0.022950077429413795:385.64321899414062] [-0.022395225241780281:386.80337524414062] [-0.023825481534004211:379.16131591796875] [-0.015462658368051052:198.29983520507812] [-0.023323949426412582:336.31124877929688] [-0.015774592757225037:234.04183959960938] [-0.018414083868265152:277.28448486328125] [-0.025623979046940804:413.89871215820312] [-0.026942715048789978:458.59365844726562] [-0.022823723033070564:376.15072631835938] [-0.03072655200958252:352.529052734375] [-0.026520777493715286:444.79776000976562] [-0.02059701643884182:385.6285400390625] [-0.026999535039067268:455.86917114257812] [-0.022171834483742714:371.3687744140625] [-0.016349649056792259:462.75802612304688] [-0.024673076346516609:413.50241088867188] [-0.018979929387569427:379.58163452148438] [-0.014445589855313301:267.478759765625] [-0.035802990198135376:390.68917846679688] [-0.019427074119448662:289.63323974609375] [-0.022304005920886993:333.93392944335938] [-0.02372928149998188:377.6591796875] [-0.0097173424437642097:539.491455078125] [-0.022759448736906052:340.16921997070312] [-0.010578911751508713:525.3720703125] [-0.020813301205635071:412.00271606445312] [-0.013653680682182312:173.86936950683594] [-0.011283853091299534:463.11029052734375] [-0.01480985339730978:225.16484069824219] [-0.017652995884418488:297.6595458984375] [-0.0095784598961472511:300.578857421875] [-0.011939272284507751:485.23876953125] [-0.017059490084648132:362.34173583984375] [-0.016829557716846466:191.77696228027344] [-0.012630914337933064:359.11703491210938] [-0.013145782984793186:433.60562133789062] [-0.018381858244538307:396.68478393554688] [-0.0091012157499790192:187.41542053222656] [-0.019375069066882133:449.85595703125] [-0.033517889678478241:157.14990234375] [-0.011998369358479977:467.15005493164062] [-0.010289213620126247:490.4542236328125] [-0.019199203699827194:267.81991577148438] [-0.018684670329093933:212.38313293457031] [-0.047170400619506836:526.06732177734375] [0:1]
tree_sizes=3058 3050 3082 3018 3005 2967 3059 3061 2981 2986 3083 2977 3014 3063 3083 3087 3055 3074 3064 3076 3095 2991 3069 3085 3045 3058 3060 3028 3088 3075 3096 3062 3035 2928 3040 3095 3073 3060 3068 3090 3077 3045

Tree=0
num_leaves=31
num_cat=0
split_feature=93 161 58 102 58 55 186 35 194 50 110 278 194 75 43 178 167 53 161 36 259 13 40 106 236 176 232 217 109 238
split_gain=171.64 140.398 189.638 144.143 108.034 106.118 129.53 166.809 97.5224 93.8582 89.3809 87.7798 81.727 65.1015 58.8168 57.6164 53.1891 53.0888 50.8368 45.9312 42.8084 54.0446 36.4027 36.3663 34.7166 33.7031 36.8847 32.6081 30.2799 29.7011
threshold=2.276455402374268 -3.9249660968780513 -1.0804652571678159 0.032753864303231246 -1.0359934568405149 1.7501514554023745 -2.7939349412918086 -3.3017740249633785 1.3743438720703127 0.77170485258102428 1.2283625006675722 -2.4738372564315791 -1.5940452218055723 0.12852247059345248 2.2823157310485844 0.29245555400848394 -1.5829911828041074 -1.7460893988609312 2.0725262165069585 0.74790918827056896 0.44263215363025671 1.4897798895835879 2.7652386426925664 -4.1223216056823722 0.66271907091140758 -1.3060902953147886 0.23629951477050784 1.8721197843551638 1.2098463177680971 1.0732159614562991
decision_type=2 2 2 2 2 2 2 2 2 2 2 2 2 2 2 2 2 2 2 2 2 2 2 2 2 2 2 2 2 2
left_child=1 2 -1 5 13 6 7 16 17 12 -9 -6 -7 24 18 -4 -3 -8 -13 -10 -2 28 -16 -17 -5 -15 -27 -23 -22 -14
right_child=20 3 15 4 11 9 8 10 19 -11 -12 14 29 25 22 23 -18 -19 -20 -21 21 27 -24 -25 -26 26 -28 -29 -30 -31
leaf_value=-0.024985981554412638 0.01655437077899841 1.9243802379271666e-09 0.013155793556036651 -0.0073623476148941278 0.016007371592651708 0.016697551992266198 -0.0016479464068315276 -0.010771417705957641 0.0096642607538803774 -0.0016376066520199736 0.012283304117647449 -0.00054736179264722412 1.9243802379271666e-09 -0.0065018820864259554 0.0067056461127844025 1.9243802379271666e-09 0.027858218529410689 0.00061283225184077025 -0.0054299753278091861 -0.0015132394503501398 0.0044269066936595131 0.00025036291528401455 -0.0024911427693571479 -0.014914660802090484 0.0025271336454761174 0.0017158181708212966 -0.0029911155294129145 0.0079970619947230849 -0.0063400766235963465 0.0097144442640772627
leaf_weight=458 312 103 179 3850 268 866 9885 2044 1503 907 135 123670 736 1128 1561 371 129 150556 1946 360 374 695 446 206 291 2708 3201 2732 516 498
leaf_count=458 312 103 179 3850 268 866 9885 2044 1503 907 135 123670 736 1128 1561 371 129 150556 1946 360 374 695 446 206 291 2708 3201 2732 516 498
internal_value=5.6448e-06 -7.97469e-05 -0.0101795 -3.81423e-05 -0.000753128 0.000552928 0.000448616 -0.00641541 0.000553206 0.00612706 -0.00910791 -0.000502909 0.00960598 -0.00358315 -0.000542433 -0.000410133 0.0163985 0.000471485 -0.000626242 0.00735191 0.00572788 0.00480351 0.0045095 -0.00542088 -0.00658648 -0.00175964 -0.000784893 0.00652362 -0.001488 0.00420307
internal_weight=312634 308005 1214 306791 139069 167722 164715 2411 162304 3007 2179 127891 2100 11178 127623 756 232 160441 125616 1863 4629 4317 2007 577 4141 7037 5909 3427 890 1234
internal_count=312634 308005 1214 306791 139069 167722 164715 2411 162304 3007 2179 127891 2100 11178 127623 756 232 160441 125616 1863 4629 4317 2007 577 4141 7037 5909 3427 890 1234
is_linear=0
shrinkage=1


Tree=1
num_leaves=31
num_cat=0
split_feature=270 171 257 173 217 90 115 167 159 298 68 205 180 125 169 50 58 147 204 236 227 267 193 179 157 58 196 175 161 115
split_gain=162.115 135.192 113.734 113.043 178.799 117.754 106.599 115.729 104.813 86.4958 91.1795 93.5971 97.1242 83.5616 88.7788 74.7028 71.7315 171.261 69.9102 67.0398 64.9161 65.135 63.2407 57.8168 51.7803 65.3766 51.3771 50.0088 51.0739 49.6076
threshold=2.2826381921768193 0.23796485364437106 1.629121005535126 -1.8757258057594297 -2.4066910743713374 -2.8645658493041988 1.1118932366371157 -1.5829911828041074 -1.0262913107872007 -0.68923655152320851 -1.3679908514022825 -1.0343479514122007 -2.706857323646545 -2.9145121574401851 -2.3348603248596187 0.75863337516784679 1.3813565373420718 -1.0186786651611326 -0.38289965689182276 -1.0191195011138914 1.3212895989418032 2.4762835502624516 1.6622945666313174 0.85532060265541088 -0.23720729351043698 -1.1048109531402586 1.9323990941047671 3.3255051374435429 0.11533374711871149 -1.9594111442565916
decision_type=2 2 2 2 2 2 2 2 2 2 2 2 2 2 2 2 2 2 2 2 2 2 2 2 2 2 2 2 2 2
left_child=1 2 3 5 6 8 7 -5 -1 15 11 16 -13 -6 -15 19 -11 -18 -14 -3 27 -22 -2 -7 25 -17 -26 28 -12 -24
right_child=22 9 -4 4 13 23 -8 -9 -10 10 20 12 18 14 -16 24 17 -19 -20 -21 21 -23 29 -25 26 -27 -28 -29 -30 -31
leaf_value=-0.012327670143101216 0 -0.010860143360210081 0.0064828410062727788 -0.0021211983715452684 -0.0091587291468665597 -0.0028677779603481853 0.022560910588733891 0.0087536684059281236 0.015710619515138528 -0.0021461864582977999 -2.7571110394625838e-05 0.02872343954472472 0.0096553258993687611 0.0081425096327757407 0.00031124966628741645 0.014140365010964568 0.014286126442467524 -0.016656013159220343 -0.00078489941341649476 -0.0036418888576739247 0.0012193184980171874 -0.013915325895948119 0.024199189575907908 0.0030875778661639676 -0.0031434835100353099 -0.001747660526125153 0.0061650572224807663 -0.014699899410287222 -0.0017121852111907619 0.0067485303930787579
leaf_weight=1536 1371 1586 2706 1280 810 5582 338 2516 104 3140 24257 166 1393 1296 180647 425 707 181 887 5247 14587 238 155 1929 4123 421 576 231 51047 3128
leaf_count=1536 1371 1586 2706 1280 810 5582 338 2516 104 3140 24257 166 1393 1296 180647 425 707 181 887 5247 14587 238 155 1929 4123 421 576 231 51047 3128
internal_value=1.00096e-05 -7.31865e-05 0.0003917 0.000305438 0.000466354 -0.00294203 0.00662459 0.00501618 -0.010201 -0.00092185 -0.000615823 0.00280718 0.00741023 0.0003247 0.00036957 -0.00328687 0 0.00742088 0.00549177 -0.00538789 -0.000864956 0.000937719 0.00555605 -0.00129433 -0.000633843 0.00602973 -0.00191758 -0.00122289 -0.00117367 0.00780479
internal_weight=312610 307956 198744 196038 186887 9151 4134 3796 1640 109212 96834 6474 2446 182753 181943 12378 4028 888 2280 6833 90360 14825 4654 7511 5545 846 4699 75535 75304 3283
internal_count=312610 307956 198744 196038 186887 9151 4134 3796 1640 109212 96834 6474 2446 182753 181943 12378 4028 888 2280 6833 90360 14825 4654 7511 5545 846 4699 75535 75304 3283
is_linear=0
shrinkage=0.03


Tree=2
num_leaves=31
num_cat=0
split_feature=93 171 17 114 98 225 186 102 57 7 299 119 199 43 234 344 165 174 206 165 297 65 52 68 230 215 240 107 238 115
split_gain=157.66 124.37 152.163 123.607 130.345 123.688 102.549 90.0076 86.346 97.2525 85.5241 77.9921 74.1696 65.2667 63.8627 66.2671 61.3188 60.0723 54.9726 84.897 65.963 61.0388 72.6114 54.7252 54.4868 50.7863 50.6152 57.3216 46.8861 46.3765
threshold=2.276455402374268 0.23796485364437106 1.682065010070801 -1.3566684126853941 -2.7798380851745601 -4.1120736598968497 -2.7939349412918086 0.032753864303231246 -0.063043095171451555 -1.0893710851669309 0.01671719225123525 2.521271944046021 0.0085871969349682348 2.2823157310485844 -1.2254369854927061 -0.0074856616556644431 0.39964942634105688 -0.98760670423507679 -2.3838938474655147 -2.1976506710052486 0.083828240633010878 -2.3059802055358882 0.56548044085502636 0.6177678406238557 0.29273049533367163 -3.6827703714370723 0.77105286717414867 -0.40696413815021509 2.1867747306823735 3.0934118032455449
decision_type=2 2 2 2 2 2 2 2 2 2 2 2 2 2 2 2 2 2 2 2 2 2 2 2 2 2 2 2 2 2
left_child=1 2 3 5 14 10 17 -8 18 12 -1 25 16 29 -5 -16 28 -6 20 -20 -3 22 -21 -4 -23 -7 -25 -28 -10 -11
right_child=-2 8 23 4 6 11 7 -9 9 13 -12 -13 -14 -15 15 -17 -18 -19 19 21 -22 24 -24 26 -26 -27 27 -29 -30 -31
leaf_value=-0.021305877216644963 0.0055069306748829804 -0.013587218036831028 -0.0081827937888114578 -0.0040080915376200293 0.0070353921995240636 0.012549249594689371 0.00098307315396267735 -0.00049107761097403637 0.0037037729903571853 -0.00077105665224777142 -0.00091064766210864384 0.0092244613400772404 0.020994898591372296 0.0052288778603097399 0.019846276735628322 0.0051802483744776981 -0.0011924979734444692 -0.010695882068720909 0.011441725979116177 0.016628291187225842 0.0080249701052064627 -0.0051020545149695002 -0.0029180090659979866 0.020118288638633349 -0.001765049336946878 -0.0018521351049400035 -0.0020336228052018034 0.0095143818316981189 0.017356942310195744 -0.0096441261528950484
leaf_weight=470 4571 698 148 232 168 198 116991 54384 4005 68278 352 579 185 1598 549 726 2524 1087 390 316 122 5568 295 324 24275 20900 452 1555 239 521
leaf_count=470 4571 698 148 232 168 198 116991 54384 4005 68278 352 579 185 1598 549 726 2524 1087 390 316 122 5568 295 324 24275 20900 452 1555 239 521
internal_value=-1.04313e-05 -9.36053e-05 0.00035127 0.000256178 0.000527932 -0.00183241 0.000448862 0.000513514 -0.000908841 -0.000363777 -0.0131575 -0.0013774 0.0030078 -0.000701802 0.00926454 0.0119359 0.00241152 -0.00801387 -0.00222981 -0.00200989 -0.00990009 -0.00219939 0.00692224 0.00771159 -0.0024007 -0.00169102 0.00890939 0.00677123 0.00462081 -0.000845393
internal_weight=312700 308129 199115 196636 174137 22499 172630 171375 109014 77350 822 21677 6953 70397 1507 1275 6768 1255 31664 30844 820 30454 611 2479 29843 21098 2331 2007 4244 68799
internal_count=312700 308129 199115 196636 174137 22499 172630 171375 109014 77350 822 21677 6953 70397 1507 1275 6768 1255 31664 30844 820 30454 611 2479 29843 21098 2331 2007 4244 68799
is_linear=0
shrinkage=0.03


Tree=3
num_leaves=31
num_cat=0
split_feature=93 161 58 35 102 186 55 58 161 130 58 194 167 299 178 165 168 276 108 112 57 259 259 280 147 143 106 273 51 290
split_gain=174.148 121.633 179.361 145.247 129.463 157.068 167.483 89.3802 88.8397 79.5872 75.4662 70.8785 65.3242 63.4724 55.5632 54.8558 50.217 45.0882 43.3713 54.1135 47.2732 41.1417 56.1354 39.2539 35.2746 35.2002 31.8039 31.7925 26.1607 36.163
threshold=2.276455402374268 -3.9249660968780513 -1.293624699115753 -3.3017740249633785 0.032753864303231246 -2.7939349412918086 0.39186325669288641 -1.0804652571678159 -2.5635643005371089 -0.50602126121520985 -1.0359934568405149 1.3743438720703127 -1.445786654949188 0.49662292003631597 0.30282059311866766 0.70053008198738109 -0.0078586954623460752 0.70937475562095653 1.3256540894508364 0.61153721809387218 1.3503411412239077 0.44263215363025671 1.5338807106018069 1.5747628808021548 1.1788071393966677 -2.9850587844848628 -4.1223216056823722 -3.6851716041564937 1.1714606881141665 2.325258851051331
decision_type=2 2 2 2 2 2 2 2 2 2 2 2 2 2 2 2 2 2 2 2 2 2 2 2 2 2 2 2 2 2
left_child=1 2 -1 8 5 6 13 9 27 -6 -8 15 -10 -5 -4 -7 25 -13 19 -9 -20 -2 28 -24 -11 -14 -16 -3 -23 -30
right_child=21 3 14 4 7 11 10 18 12 24 -12 17 16 -15 26 -17 -18 -19 20 -21 -22 22 23 -25 -26 -27 -28 -29 29 -31
leaf_value=-0.024574827736952399 0.016565879601453753 -0.011357331327197694 0.011549697644913044 -0.0075209707480382764 -0.0095818276579422278 0.00056573516627648178 0.022485421443496773 -0.00034300939591393214 -0.00040537741242183578 -0.0034986772435133466 -2.1292286156910707e-05 0.0087618783179304102 0.034475726921032297 -0.020759617392516271 0 -0.0034944317282335053 0.0016872442994665887 -0.0012946189013919008 0.0019860048010636577 -0.0017790690467752723 -0.0015253448416526101 0.0031049870169212652 -0.00016586565176030982 0.0077219351029816242 0.00062534181329386516 0.010740999921235417 -0.014474208641239331 0.0049310307168960576 -0.017791280350975085 0
leaf_weight=432 302 113 214 1337 1631 159452 168 78265 115 6211 378 1494 251 507 362 3014 120 473 10996 34278 4916 289 606 3034 2495 159 207 480 165 204
leaf_count=432 302 113 214 1337 1631 159452 168 78265 115 6211 378 1494 251 507 362 3014 120 473 10996 34278 4916 289 606 3034 2495 159 207 480 165 204
internal_value=-2.43174e-05 -0.000111966 -0.00950983 -7.31599e-05 -0.000115997 0.000446027 -0.00714834 -0.000793659 0.010097 -0.00348046 0.00692365 0.00055909 0.0176647 -0.0115055 -0.000419445 0.000488146 0.0220032 0.00620394 -0.000574604 -0.000783304 0.000881793 0.00575577 0.00485351 0.00633305 -0.0022837 0.0268967 -0.00566968 0.0010685 -0.00283407 -0.00817723
internal_weight=312668 308068 1215 306853 305615 166823 2390 138792 1238 10337 546 164433 645 1844 783 162466 530 1967 128455 112543 15912 4600 4298 3640 8706 410 569 593 658 369
internal_count=312668 308068 1215 306853 305615 166823 2390 138792 1238 10337 546 164433 645 1844 783 162466 530 1967 128455 112543 15912 4600 4298 3640 8706 410 569 593 658 369
is_linear=0
shrinkage=0.03


Tree=4
num_leaves=31
num_cat=0
split_feature=93 161 57 215 72 161 280 151 245 234 178 175 53 56 161 299 56 172 166 78 26 118 352 201 299 21 150 177 54 175
split_gain=150.646 114.844 149.746 130.554 113.741 111.912 94.5905 94.4063 183.143 91.6544 86.8392 101.021 82.7948 79.2378 63.519 58.2276 51.7326 51.6844 48.1357 44.9864 43.5256 35.7712 35.7179 32.1151 29.7762 23.1047 22.0902 20.9816 20.0875 24.7147
threshold=2.276455402374268 -3.9249660968780513 -1.7542602419853208 -3.0775259733200069 -3.2693985700607295 0.10777474567294122 -1.013144254684448 -0.14082533866167066 -2.5465596914291377 -2.4612758159637447 2.598090767860413 1.3698115944862368 -1.8122689723968504 -2.1565068960189815 0.7800918221473695 -2.0908139944076534 0.48192584514617925 1.2344582080841067 -0.84991335868835438 -3.385468482971191 -1.4189283847808836 -0.67297333478927601 -0.012520275544375179 3.2001562118530278 0.11696209385991098 -2.4752023220062251 3.2872616052627568 1.2874704599380495 2.452306985855103 1.4471864700317385
decision_type=2 2 2 2 2 2 2 2 2 2 2 2 2 2 2 2 2 2 2 2 2 2 2 2 2 2 2 2 2 2
left_child=1 2 -1 9 6 10 15 14 -9 19 12 -12 -6 -11 -7 -5 24 18 -15 -3 -8 25 23 26 -4 -21 -2 -17 29 -24
right_child=22 3 16 4 5 7 20 8 -10 13 11 -13 -14 17 -16 27 -18 -19 -20 21 -22 -23 28 -25 -26 -27 -28 -29 -30 -31
leaf_value=-0.021698072215405238 0.0078706068313365348 -0.019313483297824858 -0.0017930131351264814 0 -0.0025353380341381557 -0.0020385338821778259 0.016499642664930432 0.024860848168100348 -0.0005221464034245091 0.026660685788795171 0.00034135867892675872 0.012937928812408593 0.00046184909152851834 0.0035640029955231797 -0.0071378458302252786 -0.026589168918285506 -0.011403252728639608 -0.0085686385757382348 0.015476366493305374 0.014435853597047276 -0.0065803202219652914 -0.0095790667395475645 0.0020196320038052139 0.016942413498134332 0.011968751740742033 -0.00060764651213869895 -0.0012148818045464014 -0.0051305047239461714 -0.00076907999286105703 0.0093453496704960833
leaf_weight=490 1161 105 214 101 8685 13208 108 236 109599 229 1346 1050 167239 776 2724 341 231 131 621 159 135 152 1428 372 259 114 228 101 760 681
leaf_count=490 1161 105 214 101 8685 13208 108 236 109599 229 1346 1050 167239 776 2724 341 231 131 621 159 135 152 1428 372 259 114 228 101 760 681
internal_value=-2.25661e-05 -0.000104335 -0.00931509 -6.695e-05 -0.00012171 -9.08778e-05 -0.0113795 -0.000776907 -0.000460359 0.00704064 0.000391321 0.00604714 0.000311908 0.0103556 -0.00293706 -0.0182307 0 0.00740532 0.00921475 -0.00338035 0.00301142 0.00057302 0.00533569 0.00877896 0.00531383 0.00751738 0.00617026 -0.0227694 0.00307222 0.0045916
internal_weight=312984 308354 1194 307160 304873 304087 786 125767 109835 2287 178320 2396 175924 1757 15932 543 704 1528 1397 530 243 425 4630 1761 473 273 1389 442 2869 2109
internal_count=312984 308354 1194 307160 304873 304087 786 125767 109835 2287 178320 2396 175924 1757 15932 543 704 1528 1397 530 243 425 4630 1761 473 273 1389 442 2869 2109
is_linear=0
shrinkage=0.03


Tree=5
num_leaves=31
num_cat=0
split_feature=270 161 58 275 41 126 236 102 63 58 76 114 182 263 239 237 232 116 193 48 98 114 228 115 295 216 177 0 12 169
split_gain=156.142 103.278 158.852 112.312 132.356 121.523 151.038 113.92 89.0004 79.1406 73.1212 59.478 58.7926 57.8323 66.238 54.1506 49.4541 61.4472 45.3364 44.4785 40.8641 40.4888 40.4213 38.9643 38.377 35.4043 31.4067 29.8643 29.7026 28.5356
threshold=2.2826381921768193 -3.9249660968780513 -1.0359934568405149 -3.3168821334838863 -2.6138273477554317 -2.7780331373214717 0.57965773344039928 0.032753864303231246 -2.7364634275436397 -0.95155662298202504 1.1769389510154726 -1.3566684126853941 -2.176298856735229 -3.0060359239578243 -2.2735729217529292 -0.36953501403331751 2.4434187412261967 3.115781426429749 1.6622945666313174 1.601038992404938 2.1347941160202031 0.33196015655994421 -2.5716489553451534 -1.9594111442565916 -0.047358611598610871 2.4030936956405644 0.59742009639740001 -1.8916602730751035 -3.0391371250152583 -1.2077491879463194
decision_type=2 2 2 2 2 2 2 2 2 2 2 2 2 2 2 2 2 2 2 2 2 2 2 2 2 2 2 2 2 2
left_child=1 2 -1 4 29 6 13 10 -9 -10 11 -7 -6 14 -5 -15 17 18 19 -2 -21 -8 -12 -20 26 -18 -4 -14 -23 -3
right_child=16 3 24 5 12 7 21 8 9 -11 22 -13 27 15 -16 -17 25 -19 23 20 -22 28 -24 -25 -26 -27 -28 -29 -30 -31
leaf_value=-0.022304277242118468 0.0041777010612107967 -0.0077971855002908486 -0.010395193845155352 0 0.024256176726886368 -0.0012304053538444934 -0.00182476745559329 0.022829085209329303 -0.0029645825094273535 -0.00047629527462945346 0.021838031921105887 0.00059783504978728759 -0.0047936657656227118 -0.00095962142333087537 -0.020026914818450349 -0.012954125416180441 0.00046383383867958946 -0.010496605100644476 0.021752683270003712 -0.018634490168592692 0 0.024049719734915664 0.0040308144551935536 0.0057393805557888634 0.011574505317424025 0.013904573555794518 0.0024423436690852334 0.013263284743170846 0.0021770266729813728 0.0053257907691411678
leaf_weight=458 720 313 310 171 429 17927 146 124 12736 124887 110 142965 118 1008 661 546 281 231 151 164 234 155 3330 1954 169 866 286 145 138 230
leaf_count=458 720 313 310 171 429 17927 146 124 12736 124887 110 142965 118 1008 661 546 281 231 151 164 234 155 3330 1954 169 866 286 145 138 230
internal_value=-1.9366e-05 -0.00010261 -0.00873445 -6.6578e-05 0.00888679 -0.000104408 -0.00627644 -4.52829e-05 -0.000682467 -0.000709145 0.000487013 0.000392136 0.0174409 -0.00931265 -0.0158307 -0.00547556 0.00545305 0.00349438 0.0046482 0 -0.00805414 0.00925874 0.00480988 0.00722317 0 0.0109332 -0.0038686 0.00433539 0.0155037 -0.00171406
internal_weight=311963 307362 1223 306139 1235 304904 2825 302079 137747 137623 164332 160892 692 2386 832 1554 4601 3454 3223 1118 398 439 3440 2105 765 1147 596 263 293 543
internal_count=311963 307362 1223 306139 1235 304904 2825 302079 137747 137623 164332 160892 692 2386 832 1554 4601 3454 3223 1118 398 439 3440 2105 765 1147 596 263 293 543
is_linear=0
shrinkage=0.03


Tree=6
num_leaves=31
num_cat=0
split_feature=16 234 212 102 178 186 55 15 20 58 198 216 117 170 225 190 115 52 109 118 278 43 276 162 13 296 50 237 174 239
split_gain=121.814 94.854 106.288 97.0837 114.576 124.254 123.975 82.6459 82.5331 78.8706 70.8129 65.0432 60.004 61.3126 52.6436 61.7555 50.7767 50.0453 69.1024 55.0787 48.6862 48.222 46.0319 63.0048 46.2013 40.1655 38.5814 34.5191 33.872 30.2847
threshold=2.0445624589920048 -2.4612758159637447 -3.7033493518829341 0.032753864303231246 2.8366019725799565 -2.7939349412918086 0.40185077488422399 -3.3575223684310909 -0.76331439614295948 -0.95155662298202504 -0.1728231534361839 -0.44400958716869349 -1.7978162765502927 -0.6571449041366576 -4.1120736598968497 -2.7185801267623897 -2.5036618709564205 2.2340669631958012 1.9539355635643008 1.5621311664581301 -2.4738372564315791 2.2823157310485844 -1.0725651383399961 -1.6534202694892881 1.0772982835769656 0.7493448555469514 -1.7080247998237608 -2.6936060190200801 -3.9517695903778072 -0.87789916992187489
decision_type=2 2 2 2 2 2 2 2 2 2 2 2 2 2 2 2 2 2 2 2 2 2 2 2 2 2 2 2 2 2
left_child=1 7 12 4 5 6 -4 -1 -6 10 25 -7 -3 -14 15 -9 -2 18 -18 -20 -11 -22 23 26 -24 -5 -16 -17 -29 -19
right_child=16 2 3 9 8 11 -8 14 -10 20 -12 -13 13 -15 22 27 17 29 19 -21 21 -23 24 -25 -26 -27 -28 28 -30 -31
leaf_value=-0.017865580202565106 0.019021695265489927 0.025545212122614919 -0.012117413103706424 -0.0082322037869533952 0.012917269987513599 -0.00016514537535809978 0.0056807320884644467 0.0071735525398536493 -0.0015570930121452024 0.013368342959008883 -0.0016588165870668786 0.0010454034997304769 -0.004093043417078869 0.018676336480828816 -0.002771079742326858 -0.020173918359874525 0.0035447729539224097 0.013360694623603115 0.00064541087047390565 -0.01371633027111422 -0.00051832492876900638 0.0040465169491703543 -0.0084222971268722371 0.0094885762437428595 0.0024020219075796931 0.0043174421292060932 0.0092675328966676032 0.0072100027478071019 -0.014514843899848275 0.0042944251400813876
leaf_weight=345 186 197 1323 2568 1101 77691 438 111 462 209 9599 81411 242 147 2357 368 3931 621 485 392 122010 2086 1304 551 422 207 239 102 102 1067
leaf_count=345 186 197 1323 2568 1101 77691 438 111 462 209 9599 81411 242 147 2357 368 3931 621 485 392 122010 2086 1304 551 422 207 239 102 102 1067
internal_value=-1.13148e-05 -0.000100011 -2.47124e-05 -5.11373e-05 0.000443547 0.000362516 -0.00750809 -0.00386048 0.00848373 -0.000641182 -0.00292731 0.000452449 0.0125246 0.00427034 -0.00287607 -0.0106386 0.0039885 0.00345495 0.00179789 -0.00560222 -0.000410761 -0.000438535 -0.00168772 0.000388826 -0.00560677 -0.00716454 -0.00148569 -0.0147275 -0.00263924 0.00792286
internal_weight=312274 305592 299691 299105 162426 160863 1761 5901 1563 136679 12374 159102 586 389 5556 683 6682 6496 4808 877 124305 124096 4873 3147 1726 2775 2596 572 204 1688
internal_count=312274 305592 299691 299105 162426 160863 1761 5901 1563 136679 12374 159102 586 389 5556 683 6682 6496 4808 877 124305 124096 4873 3147 1726 2775 2596 572 204 1688
is_linear=0
shrinkage=0.03


Tree=7
num_leaves=31
num_cat=0
split_feature=137 171 53 97 175 298 68 161 169 257 167 88 287 11 163 58 54 168 178 144 235 24 292 56 28 100 299 230 155 227
split_gain=120.618 106.073 115.799 165.714 116.467 104.005 97.0062 88.2045 85.2741 82.6992 79.2815 79.0621 75.6259 75.0198 74.29 69.3478 61.0873 94.9493 57.803 84.7311 69.6281 59.6807 56.8747 52.7582 88.539 86.8151 59.4365 57.2037 141.642 51.944
threshold=2.0687558650970463 0.1707234010100365 -1.7460893988609312 -2.480818390846252 1.6436133384704592 -0.56493771076202381 -1.5283894538879392 -3.9249660968780513 -2.3348603248596187 1.629121005535126 -1.5829911828041074 -2.8629006147384639 -0.29430311918258661 -3.0252579450607295 -2.145498394966125 -1.1048109531402586 -0.55358418822288502 -1.1680130362510679 2.598090767860413 -1.230603754520416 2.2576395273208623 0.40038684010505682 1.3160162568092348 -2.483823180198669 -3.2940461635589595 -1.8778625726699827 0.96663376688957225 -2.3445860147476192 -2.4722332954406734 1.3212895989418032
decision_type=2 2 2 2 2 2 2 2 2 2 2 2 2 2 2 2 2 2 2 2 2 2 2 2 2 2 2 2 2 2
left_child=1 2 7 4 10 16 18 15 14 13 11 -4 -12 -10 -5 -1 -3 -18 19 22 -20 -21 -7 27 25 -25 -26 -9 -29 -8
right_child=-2 5 3 8 -6 6 29 23 9 -11 12 -13 -14 -15 -16 -17 17 -19 20 21 -22 -23 -24 24 26 -27 -28 28 -30 -31
leaf_value=-0.022226722459805857 0.0040139069304960112 -0.0071572920418792752 -0.013239616045686535 0.00046851021480825555 0.024989044673928217 0.00087744521862739378 -0.00092967073092812636 -0.0017432209451708894 -0.0095194901799297207 0.0076640300867768848 0.012644405369140315 0.0050227495732685038 -0.00012739217858428933 0.00037791719548588173 0.015637057482793381 -0.0020327138152206317 0.013718636078842874 -0.0025572315532473577 0.018649670694124054 0.0084906816054060256 -0.0020231086488099303 -0.0066449874431927158 -0.0098437390286665906 -0.021485530537218578 -0.0030420588211316469 0.0061390177716523229 0.0044817322415225264 0.031665822524744813 0.002124649482139346 0.001015434912426541
leaf_weight=336 6663 2706 331 627 300 2159 81407 1590 670 1382 1313 501 540 169753 603 340 306 13044 424 1928 177 229 530 392 7585 106 1032 158 1006 14410
leaf_count=336 6663 2706 331 627 300 2159 81407 1590 670 1382 1313 501 540 169753 603 340 306 13044 424 1928 177 229 530 392 7585 106 1032 158 1006 14410
internal_value=2.62168e-05 -5.99219e-05 0.000379661 0.000579593 0.00757068 -0.000768951 -0.000409566 -0.00239819 0.000456396 0.000397711 0.00534322 -0.00203081 0.00880067 0.000336134 0.00827601 -0.0128513 -0.00301357 -0.00214176 0.003469 0.00227767 0.0122092 0.0066997 -0.00118202 -0.00175698 -0.00286794 -0.0150165 -0.00209796 0.00180599 0.00685507 -0.000633863
internal_weight=312548 305885 188565 176020 2985 117320 101264 12545 173035 171805 2685 832 1853 170423 1230 676 16056 13350 5447 4846 601 2157 2689 11869 9115 498 8617 2754 1164 95817
internal_count=312548 305885 188565 176020 2985 117320 101264 12545 173035 171805 2685 832 1853 170423 1230 676 16056 13350 5447 4846 601 2157 2689 11869 9115 498 8617 2754 1164 95817
is_linear=0
shrinkage=0.03


Tree=8
num_leaves=31
num_cat=0
split_feature=270 161 58 35 205 171 203 100 122 199 39 178 298 167 101 176 168 297 232 228 341 218 298 58 239 73 326 58 341 358
split_gain=134.329 101.707 141.307 107.528 97.1866 100.287 109.581 84.4517 82.1145 146.912 76.6165 74.6514 70.9377 66.8437 62.3863 52.4398 52.1387 48.4556 43.8684 68.0335 44.4018 43.8463 33.3722 31.1196 30.1171 28.7644 25.8299 22.4636 30.4777 21.9005
threshold=2.2826381921768193 -3.9249660968780513 -0.99193978309631337 -3.3017740249633785 -3.6068973541259761 0.18728462606668475 1.4675888419151308 -3.0207785367965694 -2.6143270730972286 -0.46125952899456019 -2.0154584646224971 0.17064341157674792 -0.68923655152320851 -1.445786654949188 -3.3549597263336177 0.84380730986595165 -0.0078586954623460752 -2.1363865137100215 1.9018129706382754 1.8069894313812258 -0.0094865821301937086 1.727129399776459 0.55449780821800243 -0.17157167196273801 -0.22293167561292646 -2.2896487712860103 -0.020971579477190968 2.2642372846603398 -0.0048960249405354253 0.013345330953598024
decision_type=2 2 2 2 2 2 2 2 2 2 2 2 2 2 2 2 2 2 2 2 2 2 2 2 2 2 2 2 2 2
left_child=1 2 -1 7 10 6 14 26 9 -7 17 -4 -10 -9 -6 -8 -15 -5 19 24 -21 -20 -22 -12 -2 29 -3 28 -26 -13
right_child=18 3 11 4 5 8 15 13 12 -11 23 25 -14 16 -16 -17 -18 -19 21 20 22 -23 -24 -25 27 -27 -28 -29 -30 -31
leaf_value=-0.021424140817367144 0.001270155616654535 -0.0025450676532392824 0.017183868170582824 0 0.0097629410616634753 0.0027505694705396307 0.0041474908484701537 -0.00089300666418340468 -0.0029366177244013248 0.036105286208519209 0.013046667641960084 -0.01208581814919819 -0.00055459157631533248 0.027771522625970341 0.00024689063919967696 0.015793457424428701 0.00090947252861224115 -0.024459654637196633 -0.0013996161673603513 0.0061764057522955768 0 0.010702150721060904 -0.013994874648948049 -0.0059943774135858344 0.013623568557051876 0.0056035605309686315 0.0092140984833921948 -0.00024754979271696218 0 0.00093213147483766072
leaf_weight=459 985 463 148 109 604 940 2875 115 12744 122 100 381 101720 340 185469 415 110 316 269 198 184 1547 387 191 705 124 226 141 213 103
leaf_count=459 985 463 148 109 604 940 2875 115 12744 122 100 381 101720 340 185469 415 110 316 269 198 184 1547 387 191 705 124 226 141 213 103
internal_value=4.29755e-06 -7.11175e-05 -0.00866407 -3.55539e-05 -7.27806e-05 -4.55051e-05 0.000378412 0.00865999 -0.000742904 0.0074561 -0.0109628 -0.000177781 -0.000822885 0.0170862 0.000280438 0.0057937 0.0221617 -0.0188077 0.00506664 0.00253761 -0.00478078 0.00875043 -0.00916835 2.52888e-06 0.00545595 -0.00529434 0.00104006 0.00897551 0.010687 -0.00879318
internal_weight=312703 308074 1215 306859 305605 304889 189363 1254 115526 1062 716 756 114464 565 186073 3290 450 425 4629 2813 769 1816 571 291 2044 608 689 1059 918 484
internal_count=312703 308074 1215 306859 305605 304889 189363 1254 115526 1062 716 756 114464 565 186073 3290 450 425 4629 2813 769 1816 571 291 2044 608 689 1059 918 484
is_linear=0
shrinkage=0.03


Tree=9
num_leaves=31
num_cat=0
split_feature=256 161 58 156 113 11 239 236 170 84 90 48 122 159 98 191 165 85 178 119 41 115 52 289 57 304 224 107 217 166
split_gain=121.235 103.852 165.049 109.557 143.313 100.983 146.561 104.195 98.6413 97.6933 97.9075 95.5538 77.0609 79.3547 75.7359 67.7118 63.2477 59.5356 45.7428 43.9682 43.7491 43.0186 57.908 59.0371 54.1755 38.694 38.5918 36.2157 35.005 31.5314
threshold=2.1608107089996342 -3.9249660968780513 -1.0577846765518186 -2.4469320774078365 -2.2355248928070064 -3.0252579450607295 -2.7062350511550899 1.1700290441513064 -2.8102874755859371 -3.0090076923370357 -2.8645658493041988 -2.2930871248245235 0.30973136425018316 -1.7732212543487547 -2.1896699666976924 0.81575968861579906 -1.4905082583427427 -1.1366164684295652 0.29245555400848394 2.521271944046021 -2.6138273477554317 -1.8788456320762632 2.2340669631958012 1.9452495574951174 1.900401830673218 -0.014661100693047045 -2.4888519048690791 -2.5350533723831172 1.8721197843551638 -4.120793104171752
decision_type=2 2 2 2 2 2 2 2 2 2 2 2 2 2 2 2 2 2 2 2 2 2 2 2 2 2 2 2 2 2
left_child=1 2 -1 4 26 6 16 17 -6 20 -11 15 13 -13 -14 19 -5 -8 -4 -7 -10 28 23 -23 -25 -24 27 -3 -2 -20
right_child=21 3 18 5 8 11 7 -9 9 10 -12 12 14 -15 -16 -17 -18 -19 29 -21 -22 22 25 24 -26 -27 -28 -29 -30 -31
leaf_value=-0.022232000705631461 0.0037962260009075147 -0.0030308035127778175 0.011877107821210006 -0.0028229845717878026 0.025371006374577953 0.0019683022787915319 -0.017342875455007862 0.012119103797557328 0.0035541449316937213 -0.0065956427773005135 0.0060913324346526633 -0.0030347800599586734 0.013579354328593817 0.00031700998049946698 -0.00089844305934343887 0.016308031514422242 0.023642396825099631 0.00033268901144431251 0.0011960801040363865 0.013881041565083107 0.020007185947449494 0.0034205132765782031 0.011799112737335337 0 -0.015696210305466498 0.0011704105361415122 0.0061229653242540951 -0.017947048285390222 0.025690907150830909 -0.01188840349796262
leaf_weight=471 192 1262 195 116 242 3348 1022 119 277 675 2340 6537 304 197265 90220 388 148 165 324 301 537 2965 1042 461 284 535 294 166 141 254
leaf_count=471 192 1262 195 116 242 3348 1022 119 277 675 2340 6537 304 197265 90220 388 148 165 324 301 537 2965 1042 461 284 535 294 166 141 254
internal_value=3.0891e-05 -4.82196e-05 -0.00862999 -1.1757e-05 0.00406629 -9.17876e-05 -0.00763344 -0.0118591 0.007147 0.00579142 0.00312737 -5.05887e-05 -0.000114605 0.000207741 -0.000843521 0.00452027 0.0115775 -0.0146725 0 0.00310304 0.0149875 0.00439003 0.0036214 0.00145805 -0.00584537 0.00844097 -0.00304307 -0.00519588 0.0148471 -0.00425748
internal_weight=312590 306970 1244 305726 5793 299933 1570 1306 4071 3829 3015 298363 294326 203802 90524 4037 264 1187 773 3649 814 5620 5287 3710 745 1577 1722 1428 333 578
internal_count=312590 306970 1244 305726 5793 299933 1570 1306 4071 3829 3015 298363 294326 203802 90524 4037 264 1187 773 3649 814 5620 5287 3710 745 1577 1722 1428 333 578
is_linear=0
shrinkage=0.03


Tree=10
num_leaves=31
num_cat=0
split_feature=29 102 53 110 155 218 161 110 58 176 165 298 11 76 96 160 28 92 205 60 280 218 147 129 193 296 151 224 110 67
split_gain=114.647 89.354 117.623 98.2295 125.762 78.2148 70.6208 68.938 67.5709 65.2555 60.6201 60.778 76.2017 58.054 57.9892 61.6272 72.6851 59.2233 56.1092 74.1056 69.0054 50.5489 46.9108 46.2475 44.537 44.2077 53.8957 41.5446 41.1432 41.0074
threshold=2.2838808298110966 0.032753864303231246 -1.8122689723968504 -3.4210983514785762 -3.2706165313720699 -2.8285713195800777 -3.9249660968780513 -0.49203199148178095 -0.63139674067497242 2.9436600208282475 0.70053008198738109 2.6881902217864995 -2.1480553150176998 1.0864745974540713 -0.72211584448814381 -1.829551577568054 -3.2940461635589595 -1.7687689661979673 -1.2015476822853086 -2.6926358938217159 0.55385738611221325 -0.22820667177438733 1.0018337368965151 1.0567243099212649 1.5220045447349551 -0.75056216120719899 -0.85429951548576344 1.1161520481109621 -0.074420623481273637 -1.7553807497024534
decision_type=2 2 2 2 2 2 2 2 2 2 2 2 2 2 2 2 2 2 2 2 2 2 2 2 2 2 2 2 2 2
left_child=1 2 6 4 -4 -3 8 22 -1 -6 11 13 -13 -5 15 16 -8 -17 20 -20 28 -16 29 -23 -2 -12 -27 -21 -9 -7
right_child=24 5 3 10 9 7 14 18 -10 -11 25 12 -14 -15 21 17 -18 -19 19 27 -22 23 -24 -25 -26 26 -28 -29 -30 -31
leaf_value=-0.019988288681281011 -0.00029683095309496801 0.015510473219615253 -0.012023711776435374 0.00050375017062451925 0.030005063728158022 0.001836158787617158 -0.014684623490853636 0.0048000640107088459 -0.00095512062496934944 0.001370537780597806 -0.012379436493710264 0.021639268353821767 0.0017892311301699626 0.0042592854456604927 -0.0093897067817316545 0.010153877906842119 -0.0015079713222790167 0.00022371660178731009 0.01844822995191599 -0.00068927397799590216 -0.013784681332894106 -0.0040056710526745597 0.0012752763129078215 0.010862650561095779 0.0064211945750322907 -0.0070500236394225937 0.00093619737486365948 0.0006753543474909971 -0.0046566732288097819 -0.004782729287092371
leaf_weight=384 1083 248 105 149406 258 871 408 532 351 130 416 259 579 3806 1483 706 4058 2384 167 101344 589 832 1721 219 3414 1156 2000 24811 1452 7310
leaf_count=384 1083 248 105 149406 258 871 408 532 351 130 416 259 579 3806 1483 706 4058 2384 167 101344 589 832 1721 219 3414 1156 2000 24811 1452 7310
internal_value=-1.0491e-06 -7.15924e-05 0.00039087 0.000599648 0.013731 -0.000635618 -0.00262646 -0.000668859 -0.0115624 0.0216838 0.000554937 0.00064632 0.00863532 0.000599544 -0.00192427 -0.000557682 -0.00283873 0.00263972 -0.000480533 -0.000388216 -0.00485918 -0.00584549 -0.00308417 -0.000482407 0.00474274 -0.00328428 -0.00192056 -0.000418449 -0.0019486 -0.0040387
internal_weight=312482 307985 168940 158115 493 139045 10825 138797 735 388 157622 154050 838 153212 10090 7556 4466 3090 128895 126322 2573 2534 9902 1051 4497 3572 3156 126155 1984 8181
internal_count=312482 307985 168940 158115 493 139045 10825 138797 735 388 157622 154050 838 153212 10090 7556 4466 3090 128895 126322 2573 2534 9902 1051 4497 3572 3156 126155 1984 8181
is_linear=0
shrinkage=0.03


Tree=11
num_leaves=31
num_cat=0
split_feature=16 122 37 228 50 55 126 208 177 85 232 275 106 84 262 174 229 292 179 228 114 237 100 52 123 117 114 293 228 220
split_gain=105.351 84.9982 90.9407 95.9216 94.4935 89.8697 92.2638 90.5851 115.018 83.3538 76.8067 63.8572 135.939 77.4317 83.3772 62.214 56.4901 83.259 57.8683 55.1494 63.9311 53.7121 54.3457 53.3833 51.9688 43.5879 40.324 81.95 56.337 53.7559
threshold=2.0445624589920048 0.34856815636157995 -1.831995368003845 -2.5716489553451534 -0.549330174922943 1.3626052141189577 -2.7780331373214717 -1.9686282277107237 3.0071738958358769 0.74984809756279003 -3.4558243751525874 -3.3168821334838863 -2.3853951692581172 -2.7081381082534786 -1.5894552469253538 0.69800451397895824 -0.71893540024757374 0.14437638968229297 0.76538723707199108 -4.2745039463043204 2.6906555891036992 -2.6936060190200801 -3.3480156660079952 1.6227448582649233 -2.8781454563140865 -2.7490876913070674 -0.05701500549912452 1.8074977397918703 1.4347466230392458 0.9298962950706483
decision_type=2 2 2 2 2 2 2 2 2 2 2 2 2 2 2 2 2 2 2 2 2 2 2 2 2 2 2 2 2 2
left_child=1 5 4 9 -3 6 11 8 15 -4 -5 12 25 -13 -15 -7 18 -18 -12 21 24 22 -8 -17 -21 -1 29 28 -28 -2
right_child=26 2 3 10 -6 7 19 -9 -10 -11 16 13 -14 14 -16 23 17 -19 -20 20 -22 -23 -24 -25 -26 -27 27 -29 -30 -31
leaf_value=-0.018691012977381769 0.00029900893326770641 0 -0.00053497826582146659 0.016455307762088204 0.023613626711815595 0 -0.018462838869774713 0.0017920615025017771 -0.0041824128975997028 0.019675157347228377 -0.0043562026134980666 -0.012968037359809321 0.020915769743477561 0.0057828869921988215 -0.0084886570436225727 0.021584640824471663 0.00044580249552233689 -0.0016162592726413592 0.0019963160935674035 0.016115329718267596 -0.011821235730600878 0.0015757063935665082 0.002341654469971271 0 0.00018704213458954145 0.0027797292276389067 0.0020106158889059843 0.0061360564822843314 -0.0069402282080217653 0.012134660881331529
leaf_weight=158 606 355 303 202 255 176 400 9555 334 356 7933 1115 226 619 817 713 27681 47541 1458 165 378 306 116 108 204627 115 1576 2519 1001 995
leaf_count=158 606 355 303 202 255 176 400 9555 334 356 7933 1115 226 619 817 713 27681 47541 1458 165 378 306 116 108 204627 115 1576 2519 1001 995
internal_value=-2.22444e-05 -0.000104769 -0.000904469 -0.000991156 0.0104119 0.000206938 6.69511e-05 0.00286253 0.0101849 0.0101989 -0.00108402 -0.00509281 0.00422648 -0.00705113 -0.00213581 0.0152806 -0.00113332 -0.000853536 -0.00333592 0.000145292 0.000178148 -0.00750861 -0.0133133 0.0186799 0.000202913 -0.0090503 0.00369306 0.00228742 -0.00137737 0.00789874
internal_weight=312709 306012 86084 85474 610 219928 209042 10886 1331 659 84815 3050 499 2551 1436 997 84613 75222 9391 205992 205170 822 516 821 204792 273 6697 5096 2577 1601
internal_count=312709 306012 86084 85474 610 219928 209042 10886 1331 659 84815 3050 499 2551 1436 997 84613 75222 9391 205992 205170 822 516 821 204792 273 6697 5096 2577 1601
is_linear=0
shrinkage=0.03


Tree=12
num_leaves=31
num_cat=0
split_feature=29 102 158 227 114 178 16 225 297 232 155 254 289 0 164 98 60 157 19 206 52 36 58 106 289 294 236 203 176 52
split_gain=111.394 74.752 79.4452 76.3561 71.9892 75.6459 104.666 74.4923 74.5683 81.255 99.859 71.974 71.5369 65.2363 62.8401 72.4855 100.767 92.1885 62.0643 56.703 53.5772 50.3501 48.8779 46.7884 62.9685 46.535 37.7943 36.1322 33.7842 33.4185
threshold=2.2838808298110966 0.032753864303231246 -2.3174968957900997 -0.23678021132946012 -1.3566684126853941 2.598090767860413 -1.3137966394424436 -4.1120736598968497 -2.6845954656600948 -2.3279703855514522 -2.4722332954406734 0.90556710958480846 -2.02150547504425 -2.8465572595596309 1.6760680675506594 -2.0339753627777095 0.7316916584968568 -0.84280830621719349 -3.4356197118759151 -1.8716410994529722 -1.4182440638542173 -0.23456306010484693 0.31649997830390936 -0.87968003749847401 -2.2664643526077266 -2.3124644756317134 0.81773537397384655 2.7181907892227177 -0.48196287453174586 -2.1022679805755611
decision_type=2 2 2 2 2 2 2 2 2 2 2 2 2 2 2 2 2 2 2 2 2 2 2 2 2 2 2 2 2 2
left_child=1 4 -3 21 7 14 23 22 9 -9 -11 18 -13 -5 15 16 -6 -17 -10 26 -21 28 -1 24 -7 -23 -15 -2 -4 -27
right_child=27 2 3 13 5 6 -8 8 11 10 -12 12 -14 19 -16 17 -18 -19 -20 20 -22 25 -24 -25 -26 29 -28 -29 -30 -31
leaf_value=-0.014566758025971734 0.0024199484838037699 0.013674685405447548 -0.0014030867855479654 0.018160892344079912 0.0028894513638381201 0.022281261427647695 -0.00074294595236450514 0 -0.01369811443588927 0.034373244736884391 0.0059438940959026937 0.019641633193022607 0.00099774752508175846 -0.020025534478197406 -0.010619434801956635 -0.0010048984629560343 0.022171477435071391 0.00083871203882395471 -0.0016645459579917876 0.0075834997744463001 -0.00041441237071600565 -0.018872132708071445 0 0.019006992158216735 -0.0012883725212264317 0.012939539936616914 0 0.0081827129127235304 -0.009683805463598814 -0.001846598014495547
leaf_weight=592 2841 330 781 150 5810 114 870 1334 384 135 593 246 749 201 431 31348 242 108554 16569 735 124249 127 337 554 339 115 141 1704 1438 10539
leaf_count=592 2841 330 781 150 5810 114 870 1334 384 135 593 246 749 201 431 31348 242 108554 16569 735 124249 127 337 554 339 115 141 1704 1438 10539
internal_value=1.99607e-05 -4.80195e-05 -0.000564839 -0.000602909 0.000374203 0.00060815 0.00657457 -0.00126698 -0.000860084 0.0044802 0.012395 -0.00149462 0.00619896 -0.000373175 0.00052871 0.000565136 0.00378037 0.000423383 -0.00197061 -0.000400646 -0.000363773 -0.00279328 -0.00951237 0.01308 0.00470013 -0.00190034 -0.0122825 0.00467261 -0.00694188 -0.00163494
internal_weight=312552 308007 138806 138476 169201 148262 1877 20939 20010 2062 728 17948 995 125476 146385 145954 6052 139902 16953 125326 124984 13000 929 1007 453 10781 342 4545 2219 10654
internal_count=312552 308007 138806 138476 169201 148262 1877 20939 20010 2062 728 17948 995 125476 146385 145954 6052 139902 16953 125326 124984 13000 929 1007 453 10781 342 4545 2219 10654
is_linear=0
shrinkage=0.03


Tree=13
num_leaves=31
num_cat=0
split_feature=93 171 17 181 70 298 53 217 115 326 109 32 51 161 94 227 118 68 178 58 230 239 296 181 39 188 51 236 113 172
split_gain=104.912 79.549 91.0913 77.4145 120.897 77.566 69.3556 127.129 104.609 96.0623 77.2228 69.5959 65.0034 64.0971 63.5687 76.4706 60.9034 56.4715 56.9137 55.6838 54.8628 54.5218 54.0346 53.1666 51.5982 44.7712 50.3061 48.9378 48.8376 54.8706
threshold=2.276455402374268 0.23796485364437106 1.682065010070801 -2.8644033670425411 -1.2786015868186948 -0.56493771076202381 -1.7460893988609312 -2.4066910743713374 0.91765302419662487 -0.019356809556484219 -2.2937011718749996 -0.99991154670715321 2.078789591789246 -3.9249660968780513 -0.62920621037483204 0.074241414666175856 -0.066864266991615282 0.6177678406238557 -0.61753869056701649 -1.1048109531402586 0.20979813486337665 -1.4721713066101072 -0.88788822293281544 1.0535885691642763 -1.8729535341262815 -1.4729378223419187 -0.26453176140785212 0.41713932156562811 0.76737886667251598 0.61405679583549511
decision_type=2 2 2 2 2 2 2 2 2 2 2 2 2 2 2 2 2 2 2 2 2 2 2 2 2 2 2 2 2 2
left_child=1 2 6 4 21 12 13 8 9 -8 16 -12 20 19 24 -16 -9 -4 -19 -1 22 -3 -5 -20 -15 26 -7 -28 29 -27
right_child=-2 3 17 5 -6 25 7 10 -10 -11 11 -13 -14 14 15 -17 -18 18 23 -21 -22 -23 -24 -25 -26 28 27 -29 -30 -31
leaf_value=-0.019008565114683483 0.0044894086733397306 0.018747363612055777 -0.010169788325403833 -0.014022274674317832 0.036834270994389247 0.017430427042535782 -0.00052483568325653411 0.011831963686401013 0.021009121319604297 0.0094065352880095248 -0.0012533688641575406 0.00043314091566855638 0.0058213475527922999 -0.0021877794987558178 -0.0063118495485672797 0.0090581927337747021 0.00013537534990137182 0 0.020856689945352072 -0.0009931067231369493 -0.0023148521121819968 -0.0044582280273881211 -0.0041459014826364217 0.0068877016623622766 0.0025165753766938268 -0.00068811232043186632 -0.0016937698754735835 0.004176883960275087 0.0001347118881310131 -0.0031048299070205311
leaf_weight=345 4606 106 149 763 104 173 1824 904 358 1575 25648 153042 706 4461 3074 289 802 631 343 337 11372 283 1861 1332 3926 36039 2186 2872 41337 11258
leaf_count=345 4606 106 149 763 104 173 1824 904 358 1575 25648 153042 706 4461 3074 289 802 631 343 337 11372 283 1861 1332 3926 36039 2186 2872 41337 11258
internal_value=4.21854e-06 -6.21471e-05 0.000293607 -0.0007141 0.0108748 -0.000771481 0.000219992 0.000367845 0.00581866 0.00401744 0.000252028 0.000189278 -0.00280005 -0.00194311 -0.00138512 -0.0048566 0.00657243 0.00601772 0.00727109 -0.0108158 -0.00326403 0.00173918 -0.00721554 0.0101376 0 -0.000450024 0.00222951 0.00158391 -0.000612016 -0.00127077
internal_weight=312706 308100 199040 109060 493 108567 196585 184153 3757 3399 180396 178690 14702 12432 11750 3363 1706 2455 2306 682 13996 389 2624 1675 8387 93865 5231 5058 88634 47297
internal_count=312706 308100 199040 109060 493 108567 196585 184153 3757 3399 180396 178690 14702 12432 11750 3363 1706 2455 2306 682 13996 389 2624 1675 8387 93865 5231 5058 88634 47297
is_linear=0
shrinkage=0.03


Tree=14
num_leaves=31
num_cat=0
split_feature=96 232 171 198 114 98 161 11 58 7 205 180 148 58 290 108 155 224 80 102 293 298 173 175 171 113 180 203 161 94
split_gain=101.503 86.0266 84.0435 111.477 75.1113 114.599 81.8604 77.9767 70.5173 67.0675 98.2095 113.645 68.4886 71.7632 61.6799 59.7997 55.8514 201.361 97.8966 55.2441 53.8717 48.8873 47.4391 46.8145 45.011 43.4556 66.5057 56.6456 54.1665 49.9679
threshold=2.0221576690673833 2.0080771446228032 0.23796485364437106 1.678254306316376 -1.3566684126853941 -2.7798380851745601 -3.9249660968780513 -3.0252579450607295 -1.1048109531402586 -1.4956378936767576 -1.0343479514122007 -2.6024390459060665 -0.34988820552825922 1.3813565373420718 2.1782547235488896 1.3591466546058657 -3.2706165313720699 -2.8315231800079341 -3.4401252269744869 0.032753864303231246 0.90411043167114269 -0.68923655152320851 -0.11693470180034636 -1.1392084360122678 1.05253142118454 0.76737886667251598 0.2146411016583443 -0.98062136769294728 2.1994036436080937 0.99792438745498668
decision_type=2 2 2 2 2 2 2 2 2 2 2 2 2 2 2 2 2 2 2 2 2 2 2 2 2 2 2 2 2 2
left_child=2 14 3 4 6 23 8 -7 -1 10 12 -12 13 -4 -2 22 17 -8 -18 -9 -14 24 -13 -6 -11 28 29 -28 -23 -27
right_child=1 -3 9 -5 5 7 16 19 -10 21 11 15 20 -15 -16 -17 18 -19 -20 -21 -22 25 -24 -25 -26 26 27 -29 -30 -31
leaf_value=-0.020538641786007509 0.0025257894048916251 0.0083025505053117964 -0.00061870292627886866 0.0068140527476959929 -0.0039773021653492814 -0.0098820658001171936 -0.0062668605874368578 0.00075453403752570787 -0.0018414863371825625 -0.0041212625542012722 0.023783978156370275 0.015081251406488385 0.00061149368347396846 0.009512559952912775 -0.0077006572252679125 0.012912803401087254 -0.015935487273737576 0.032454546095509476 -0.00099313660907771593 -0.00039991121327187041 -0.014903550743847055 -0.0012453897063655678 -0.0010774052113917824 0.01085005394958961 0.00018233939138652251 0.00071998660565458924 -0.016118116033123391 -0.00092394932453620702 -0.013912602934920472 0.0054620542260326475
leaf_weight=352 3963 2319 3402 2310 182 646 274 117448 441 7576 308 165 287 741 584 504 386 178 20764 54278 452 48258 1256 1271 2886 15813 206 22394 291 2318
leaf_count=352 3963 2319 3402 2310 182 646 274 117448 441 7576 308 165 287 741 584 504 386 178 20764 54278 452 48258 1256 1271 2886 15813 206 22394 291 2318
internal_value=2.81444e-06 0.00360568 -7.7437e-05 0.000286586 0.000207526 0.000419579 -0.00142391 0.000346523 -0.0108109 -0.00075649 0.00204034 0.00722713 -0.000290675 0.00115826 0.00111868 0.00420646 -0.00105576 0.0090753 -0.00129481 0.000387894 -0.00862549 -0.000959376 0.00077395 0.00876036 -0.00290739 -0.000727145 0 -0.00108984 -0.00133319 0.00134813
internal_weight=312253 6866 305387 198530 196220 173825 22395 172372 793 106857 7115 2233 4882 4143 4547 1925 21602 452 21150 171726 739 99742 1421 1453 10462 89280 40731 22600 48549 18131
internal_count=312253 6866 305387 198530 196220 173825 22395 172372 793 106857 7115 2233 4882 4143 4547 1925 21602 452 21150 171726 739 99742 1421 1453 10462 89280 40731 22600 48549 18131
is_linear=0
shrinkage=0.03


Tree=15
num_leaves=31
num_cat=0
split_feature=96 102 53 170 114 153 168 158 236 58 232 228 113 247 208 222 93 299 56 270 270 173 114 177 128 270 116 235 15 122
split_gain=88.9611 91.4972 83.1449 87.088 74.9848 74.7419 113.831 74.6048 70.6373 66.7758 66.0681 72.9884 65.0509 64.9329 61.9606 58.1021 92.9429 79.2053 70.0397 61.3049 56.7756 48.7224 46.5147 45.9082 45.8166 50.8964 44.4778 70.209 73.3205 50.1239
threshold=2.0221576690673833 0.049142895266413696 -1.7460893988609312 -2.8102874755859371 0.68291202187538158 -0.77891269326210011 -2.2176535129547115 -2.3174968957900997 1.1241446733474734 -1.0359934568405149 1.9018129706382754 1.8069894313812258 1.2667407393455508 -0.53062859177589405 -1.5288140177726743 -2.5126123428344722 -2.8491659164428706 1.2124041318893435 -1.7248623967170713 -3.0868134498596187 -2.703641295433044 -0.93047305941581715 -1.1791329979896543 -1.1294431686401365 -0.77106773853301991 -3.0868134498596187 -0.53504693508148182 -0.28808093070983881 1.8710122108459475 0.29989534616470342
decision_type=2 2 2 2 2 2 2 2 2 2 2 2 2 2 2 2 2 2 2 2 2 2 2 2 2 2 2 2 2 2
left_child=1 2 15 4 21 8 -7 -3 12 13 11 -2 -5 -9 -10 24 18 19 -17 -18 -8 -4 -15 -24 25 -1 -11 28 -28 -29
right_child=10 7 3 5 -6 6 20 9 14 26 -12 -13 -14 22 -16 16 17 -19 -20 -21 -22 -23 23 -25 -26 -27 27 29 -30 -31
leaf_value=-0.009443478296330618 0.0034974016932899916 0.013281718245544539 0.0092421547095504434 -0.00051930616840058274 0.021984458707395623 0.018009528473267603 -0.016284319207791175 -0.0082838374646575889 0.010497124444175023 0.0010702161514862371 0.0071966125790690729 -0.0051529007199269438 -0.0074343282755271111 -0.0082515768680316848 0 0.022705940062865269 -0.020158248287870693 0.0094287848696428707 -0.00098618162153609867 -0.0017567970547546425 0.00092655198382461722 -0.012884493539730606 0.0026058640977352425 -0.002476547319018928 -0.016277399681891198 -0.0011334136865760428 -0.0038955898537646151 0.00016329145624702516 0.0102695859604104 -0.0011765023743863445
leaf_weight=1034 3093 323 234 44144 299 333 151 1741 942 14411 2567 1187 1249 919 1185 241 151 538 154 7346 111217 115 2121 5932 311 2085 8189 52581 313 47537
leaf_count=1034 3093 323 234 44144 299 333 151 1741 942 14411 2567 1187 1249 919 1185 241 151 538 154 7346 111217 115 2121 5932 311 2085 8189 52581 313 47537
internal_value=1.32606e-05 -6.16037e-05 0.000395803 0.000577135 0.0114089 0.000529741 0.000954517 -0.000649714 -0.000462415 -0.000687583 0.00339093 0.00101578 -0.000719371 -0.00296258 0.00483726 -0.0020201 -0.000635705 -0.0013813 0.0131437 -0.00221999 0.000897603 0.000834961 -0.0018805 -0.00109764 -0.0053122 -0.00402652 -0.000486599 -0.000696067 -0.00331602 -0.000469968
internal_weight=312643 305796 171729 159869 648 159221 111701 134067 47520 133744 6847 4280 45393 10713 2127 11860 8430 8035 395 7497 111368 349 8972 8053 3430 3119 123031 108620 8502 100118
internal_count=312643 305796 171729 159869 648 159221 111701 134067 47520 133744 6847 4280 45393 10713 2127 11860 8430 8035 395 7497 111368 349 8972 8053 3430 3119 123031 108620 8502 100118
is_linear=0
shrinkage=0.03


Tree=16
num_leaves=31
num_cat=0
split_feature=29 53 217 48 239 122 38 222 31 161 159 175 296 290 185 52 58 153 192 280 31 259 209 296 298 179 107 209 109 221
split_gain=86.1101 70.6838 108.49 92.8388 83.3842 70.8913 67.7903 66.806 66.388 61.895 60.9665 76.9053 58.4959 53.266 51.8626 66.3712 51.8298 51.2691 89.5243 59.2594 90.2625 81.8566 59.7932 53.4491 44.8222 41.3527 38.7813 43.6665 38.3676 37.5269
threshold=2.2838808298110966 -1.6874227523803709 -2.4066910743713374 -2.2930871248245235 -2.5346884727478023 0.34856815636157995 -1.2396613359451292 -2.183527827262878 -0.025074305944144722 -3.9249660968780513 -2.4311989545822139 2.646155953407288 -2.1295250654220577 -1.2660526037216184 0.53098756074905407 0.23064474761486056 -0.78189817070960987 -0.63876327872276295 0.94452181458473217 -1.8083159923553465 -3.3218288421630855 -0.58849424123764027 -3.0798074007034297 -3.1298236846923824 -0.38697744905948633 0.038474533706903465 -0.36943285167217249 -2.7192053794860835 -1.5303409695625303 -0.12516418844461438
decision_type=2 2 2 2 2 2 2 2 2 2 2 2 2 2 2 2 2 2 2 2 2 2 2 2 2 2 2 2 2 2
left_child=1 9 4 7 13 6 8 -4 -5 16 11 28 -8 -3 24 -16 -1 19 -19 21 -21 22 -11 -20 -7 -22 27 -12 -6 -9
right_child=-2 2 3 5 10 14 12 29 -10 17 26 -13 -14 -15 15 -17 -18 18 23 20 25 -23 -24 -25 -26 -27 -28 -29 -30 -31
leaf_value=-0.017797050543386518 0.0041024487064957732 -0.015580966273517708 0 -0.0018440272799168916 -0.0034605667624324813 -0.0045729820848849677 0.0091143588856149801 0.01445763979490359 0.010503538848926594 -0.0087033348371217071 0.0026997963920808755 0.0195690198276189 0.00036803075713120635 0.0015810991639451106 0.00068154479077488629 -0.0012375005180727061 -0.0012307654096928324 -0.0068900821034352635 -0.014056918369474964 0.024564421564616537 -0.00078042386548988064 -0.015938158561852305 0.00016722015966116259 0.0052576544141743108 -0.0012647431044541088 0.005825047684935373 -0.00021559055872413135 0.016081070857296268 0.0041529406600810427 -0.00030146200703717304
leaf_weight=393 4532 257 709 17083 862 5165 674 823 375 791 370 217 184204 322 28827 36709 366 3190 122 142 2366 357 3985 1013 14378 1261 195 955 1682 141
leaf_count=393 4532 257 709 17083 862 5165 674 823 375 791 370 217 184204 322 28827 36709 366 3190 122 142 2366 357 3985 1013 14378 1261 195 955 1682 141
internal_value=5.57593e-06 -5.40079e-05 4.42005e-05 -2.96457e-05 0.0044804 -7.1934e-05 0.000232442 0.00697314 -0.00154992 -0.00213662 0.0059613 0.00311181 0.000402522 -0.00580166 -0.000799214 -0.000388853 -0.0104304 -0.00162303 -0.00429968 -0.00028224 0.00252817 -0.00240586 -0.00126953 0.00271435 -0.00215819 0.00145319 0.0108348 0.0126632 0.00144933 0.0120318
internal_weight=312466 307934 293948 289088 4860 287415 202336 1673 17458 13986 4281 2761 184878 579 85079 65536 759 13227 4325 8902 3769 5133 4776 1135 19543 3627 1520 1325 2544 964
internal_count=312466 307934 293948 289088 4860 287415 202336 1673 17458 13986 4281 2761 184878 579 85079 65536 759 13227 4325 8902 3769 5133 4776 1135 19543 3627 1520 1325 2544 964
is_linear=0
shrinkage=0.03


Tree=17
num_leaves=31
num_cat=0
split_feature=90 102 53 55 58 5 208 97 27 44 278 151 227 170 101 58 126 236 175 119 35 165 76 236 146 48 232 114 48 238
split_gain=76.4763 70.5738 89.4018 79.2949 76.1308 85.81 68.208 67.875 63.9272 63.4194 59.6598 56.3308 54.7802 52.8759 49.6366 53.8859 49.2047 53.8199 49.1736 45.3324 48.6093 101.846 47.6431 42.4938 42.2488 41.1958 40.7134 72.7753 61.6318 50.4184
threshold=2.1541248559951787 -0.046559896320104592 -1.8122689723968504 1.7501514554023745 -0.95155662298202504 -0.55744141340255726 -1.8013612627983091 -0.50268903374671925 2.2976950407028203 0.20643460750579837 -2.4738372564315791 0.44662760198116308 1.388195335865021 1.1462897658348086 -3.8977274894714351 -0.78189817070960987 -2.9327665567398067 -2.3129491806030269 -1.0754405260086057 2.521271944046021 -3.3017740249633785 -2.5197435617446895 -3.3556350469589229 2.6937552690505986 -0.75166881084442128 1.7164689898490908 2.0080771446228032 -0.062879364937543855 1.7826906442642214 0.2815785557031632
decision_type=2 2 2 2 2 2 2 2 2 2 2 2 2 2 2 2 2 2 2 2 2 2 2 2 2 2 2 2 2 2
left_child=1 2 14 7 5 -3 23 9 10 11 -6 -4 13 -12 15 -1 -9 -18 -7 20 21 -16 -22 -5 -11 -14 27 29 -29 -2
right_child=26 4 3 6 8 18 -8 16 -10 24 12 -13 25 -15 19 -17 17 -19 -20 -21 22 -23 -24 -25 -26 -27 -28 28 -30 -31
leaf_value=-0.017103334351931128 0.0037160790924800824 -0.0076338805226705553 0.00011662267626171935 0.014592781359355163 0.013661175273642268 -0.0057932161041783677 0.0014568040504567411 -0.012632539933001358 -0.010047105748348233 -0.0074940970236092065 -0.00028553507570629519 -0.0098127852360049127 0.0032260191317194241 -0.0025144898208409759 -0.0037527227145987322 0 0.013400751741577847 0.0012089113729410765 -0.00066480288634087356 0.0063515171582174202 -0.014805931325245183 0.030114772476372308 -0.0021615251444363128 -0.0023983654201797703 0.00095264407810480571 -0.00012068689781455834 0.0070679262688890486 0.0022690139302003983 -0.0068996049729052713 0.019193622524544481
leaf_weight=390 818 2481 66273 839 256 2020 1341 206 584 1682 122309 498 6631 10439 170 319 313 62698 10876 561 268 108 8650 116 684 6258 1871 1792 1001 268
leaf_count=390 818 2481 66273 839 256 2020 1341 206 584 1682 122309 498 6631 10439 170 319 313 62698 10876 561 268 108 8650 116 684 6258 1871 1792 1001 268
internal_value=-1.09134e-05 -7.61826e-05 0.000403033 0.000612487 -0.00050769 -0.002517 0.00612769 0.000513635 -0.000294393 -0.000132106 -0.000251925 3.51581e-05 -0.000280314 -0.000463427 -0.00225912 -0.00989919 0.00122441 0.00127847 -0.00149906 -0.00165415 -0.00218781 0.00953582 -0.00260735 0.0122144 -0.00493893 0.00158018 0.00340975 0.00154111 -0.000936027 0.00808484
internal_weight=312720 306970 145116 134650 161854 15377 2296 132354 146477 69137 145893 66771 145637 132748 10466 709 63217 63011 12896 9757 9196 278 8918 955 2366 12889 5750 3879 2793 1086
internal_count=312720 306970 145116 134650 161854 15377 2296 132354 146477 69137 145893 66771 145637 132748 10466 709 63217 63011 12896 9757 9196 278 8918 955 2366 12889 5750 3879 2793 1086
is_linear=0
shrinkage=0.03


Tree=18
num_leaves=31
num_cat=0
split_feature=276 171 198 115 7 149 236 290 113 114 98 103 161 275 44 76 11 235 179 319 58 227 230 179 98 229 149 159 174 232
split_gain=95.7896 83.3306 90.4257 76.8994 83.4214 78.5854 77.3923 79.9464 74.2307 68.734 94.2604 65.3106 63.3112 64.8136 118.301 82.1039 61.7481 64.6161 59.2789 60.5856 51.6545 47.8911 45.0261 43.5815 40.8727 44.4489 41.7475 40.2672 39.0111 43.5649
threshold=1.9172864556312563 0.23796485364437106 1.678254306316376 -0.50511196255683888 -1.5297823548316953 0.63093495368957531 -0.38341590762138361 -0.097427126020193086 1.2667407393455508 -1.3566684126853941 -2.7798380851745601 1.2745313048362734 -3.9249660968780513 -3.3168821334838863 -3.0385733842849727 -3.3556350469589229 -3.0252579450607295 -1.7576078772544859 0.64372968673706066 -0.016458407044410702 -1.1048109531402586 -0.66687479615211476 0.081037025898695006 2.0168776512146001 -2.1098622083663936 -0.10842182487249373 0.97054481506347667 0.55631825327873241 -0.87540683150291432 1.8179401159286501
decision_type=2 2 2 2 2 2 2 2 2 2 2 2 2 2 2 2 2 2 2 2 2 2 2 2 2 2 2 2 2 2
left_child=1 2 9 23 5 6 8 -8 -5 12 18 -2 20 14 -14 -15 -12 -18 19 -11 -1 27 -23 -3 -6 -26 -27 -4 -13 -30
right_child=11 3 21 4 24 -7 7 -9 -10 10 16 28 13 15 -16 -17 17 -19 -20 -21 -22 22 -24 -25 25 26 -28 -29 29 -31
leaf_value=-0.018224466695288613 -0.0029032716720425724 -0.0035097731231334348 0.0039005271993474344 0 0.0083286282258955187 -0.010116719666696116 -0.0038852356945766873 0.0072522124229619667 -0.021600667540250078 -0.0098567692981986511 -0.0088392491331511329 0.015631142743587702 -0.0066582661858509955 -0.015546088218315922 0.022921936737148315 -0.0010558633296238185 0.0057149363642156822 0.00028120353135451903 0.014826704383211684 0.007178240671084548 -0.0017571436953144844 0.011288471256382762 0.00012828951891777772 -0.016635146732277731 -0.0035806844703300043 -0.00034130232865036217 -0.0019051111422651336 -0.013893331756123475 0.0014502672242192069 0.0064831402528628436
leaf_weight=343 1268 5613 278 898 412 361 634 3783 148 231 639 264 185 342 253 20882 1980 169918 624 659 421 1305 505 235 5143 68703 20059 155 3588 3016
leaf_count=343 1268 5613 278 898 412 361 634 3783 148 231 639 264 185 342 253 20882 1980 169918 624 659 421 1305 505 235 5143 68703 20059 155 3588 3016
internal_value=-2.97958e-05 -0.000116619 0.000244545 -0.00079652 -0.000597296 0.00286985 0.0038165 0.00557566 -0.00329581 0.000174279 0.00037709 0.00317744 -0.00138532 -0.00106561 0.0100278 -0.00131789 0.000309416 0.000346194 0.00778903 0.00230767 -0.00980916 0.00621105 0.00837409 -0.00414324 -0.000815132 -0.000860209 -0.00069843 -0.00213902 0.00434881 0.00380667
internal_weight=312845 304709 198720 105989 100141 5824 5463 4417 1046 196477 174051 8136 22426 21662 438 21224 172537 171898 1514 890 764 2243 1810 5848 94317 93905 88762 433 6868 6604
internal_count=312845 304709 198720 105989 100141 5824 5463 4417 1046 196477 174051 8136 22426 21662 438 21224 172537 171898 1514 890 764 2243 1810 5848 94317 93905 88762 433 6868 6604
is_linear=0
shrinkage=0.03


Tree=19
num_leaves=31
num_cat=0
split_feature=93 171 257 186 275 106 54 186 190 228 111 179 261 234 161 177 233 298 55 76 133 107 223 287 151 48 117 168 113 57
split_gain=99.4896 67.4776 88.2282 74.7992 75.8607 85.6589 72.7388 68.2869 141.821 121.351 63.4348 61.7451 101.561 91.1128 62.4369 60.921 59.0126 52.001 51.7743 50.4643 57.979 48.7198 46.2713 48.0109 69.1993 52.057 44.5266 41.8459 40.4694 38.2836
threshold=2.276455402374268 0.22957418859004977 1.629121005535126 -2.7939349412918086 -3.3168821334838863 -2.3853951692581172 -0.40501235425472254 -2.2560644149780269 -1.1650139093399046 0.97707861661911022 -0.014664588030427693 0.58899354934692394 -0.8224031627178191 -0.58260890841484059 -3.9249660968780513 0.46451212465763098 0.59282615780830394 -0.3097089678049087 1.8247449398040774 -3.3556350469589229 -2.5199587345123287 1.5056632161140444 -1.9907229542732237 1.2204182147979739 0.64136105775833141 1.7164689898490908 -2.7490876913070674 0.71850559115409862 2.0037149190902714 -1.3804422020912168
decision_type=2 2 2 2 2 2 2 2 2 2 2 2 2 2 2 2 2 2 2 2 2 2 2 2 2 2 2 2 2 2
left_child=1 2 3 4 5 26 17 8 9 10 -8 13 18 14 -5 -14 -15 -3 -13 -6 -21 -11 28 24 -24 -25 -1 -19 -9 -4
right_child=-2 6 29 11 19 -7 7 22 -10 21 -12 12 15 16 -16 -17 -18 27 -20 20 -22 -23 23 25 -26 -27 -28 -29 -30 -31
leaf_value=-0.016329450841333148 0.0043516187998612734 -0.0058878184334450441 -0.0024570578832434336 -0.013404894856320432 -0.015325293347474881 0.02016425025055921 0.010500285613770578 0.011884529528880906 0.029876989711095939 0.022212282143588745 -0.0045255025651321666 0.0033792828639269577 0.0016937326067211083 0.00069434786420309483 -0.00085712618957218872 -0.0020028000698661193 -0.0027667279233510259 0.0017526810620534928 0.01303860213796568 0 -0.01208345266921884 0.00014932355265203943 -0.0003579132444377674 0.0019469003152074332 -0.0022821017288122366 -0.0011549746566173952 0.0072626209494557753 -0.0050434691306832915 -0.0018533315812836757 0.0070775347363012412
leaf_weight=131 4657 3939 389 343 526 195 286 479 167 304 1310 9769 9493 105894 54723 6903 4578 2130 538 1104 541 164 55616 11984 24417 8054 101 1269 252 2349
leaf_count=131 4657 3939 389 343 526 195 286 479 167 304 1310 9769 9493 105894 54723 6903 4578 2130 538 1104 541 164 55616 11984 24417 8054 101 1269 252 2349
internal_value=8.14918e-06 -5.68399e-05 0.000273999 0.000196961 -0.00483383 0.00614842 -0.00065174 -0.000442525 0.00471143 0.00226412 -0.00155064 0.000267004 0.00160545 4.91194e-05 -0.000945569 0.000118609 0.00054773 -0.00353936 0.0039368 -0.00716719 -0.00422565 0.0154186 -0.000560483 -0.000618789 -0.000949128 0.000685279 -0.00510702 -0.000711544 0.00682593 0.00560614
internal_weight=312605 307948 197577 194839 2598 427 110371 103033 2231 2064 1596 192241 26703 165538 55066 16396 110472 7338 10307 2171 1645 468 100802 100071 80033 20038 232 3399 731 2738
internal_count=312605 307948 197577 194839 2598 427 110371 103033 2231 2064 1596 192241 26703 165538 55066 16396 110472 7338 10307 2171 1645 468 100802 100071 80033 20038 232 3399 731 2738
is_linear=0
shrinkage=0.03


Tree=20
num_leaves=31
num_cat=0
split_feature=90 102 53 108 18 118 178 46 36 223 157 158 227 202 113 0 102 275 228 97 76 266 294 175 53 237 57 98 292 168
split_gain=87.6736 60.3635 61.4152 68.7152 88.8704 65.128 79.0879 64.1297 62.3246 92.1185 75.098 61.3915 75.6494 61.3799 58.8512 56.4792 53.3018 88.975 59.6841 51.3748 46.81 45.5295 42.6736 41.3953 44.88 47.4891 40.0305 38.9013 37.2331 35.1273
threshold=2.4768964052200322 0.032753864303231246 -1.6874227523803709 -1.8994424343109129 -2.5643601417541499 -0.28640958666801447 2.4239155054092412 -1.9984449744224546 -2.4802037477493282 -0.96717521548271168 -0.84280830621719349 -2.3174968957900997 -0.18436457216739652 0.74466964602470409 -1.3916864395141599 -2.8465572595596309 -2.6183524131774898 -3.3168821334838863 -3.0809512138366695 -0.20798959583044049 -3.3556350469589229 -1.7944160699844358 -2.3124644756317134 -2.9031074047088619 -3.1963214874267574 -2.100948572158813 -1.4573854207992551 -2.7798380851745601 -2.2230367660522456 -1.8847782015800474
decision_type=2 2 2 2 2 2 2 2 2 2 2 2 2 2 2 2 2 2 2 2 2 2 2 2 2 2 2 2 2 2
left_child=1 2 16 4 29 13 -7 27 9 -9 -10 -3 19 -6 26 -16 23 -18 -19 -13 -20 -17 -21 24 25 -1 -14 -5 -24 -4
right_child=-2 11 3 7 5 6 -8 8 10 -11 -12 12 14 -15 15 21 17 18 20 22 -22 -23 28 -25 -26 -27 -28 -29 -30 -31
leaf_value=-0.0059137599646397823 0.0047200513274628904 0.012057673827195916 -0.010147935090262449 0.0033845476927819949 0.0098426200676143549 -0.00027048728992102141 0.017994525058714385 0.0085377253903478941 -0.00085240408412331234 -0.0089803239560315318 0.00072691378641336827 -0.0063702846702367753 -0.0039265502902812192 -0.007268697634903027 0.017292376625248126 -0.012118623291335402 0.022276427686307578 0.0082112777867828987 -0.017467203033184577 -0.018153295153751966 -0.0012496320467521493 -0.00036367428555451333 0.01314418466379866 -0.008180217772138676 0.014938565998318347 0.0096483173221349715 0.010917320407567051 -0.0087828734237741339 -0.001699197456904473 0.0027194465769069462
leaf_weight=924 3465 326 503 251 2392 2109 214 1662 35598 289 111840 2665 169 170 142 279 130 570 147 124 8920 123403 130 1735 121 187 663 1054 12253 241
leaf_count=924 3465 326 503 251 2392 2109 214 1662 35598 289 111840 2665 169 170 142 279 130 570 147 124 8920 123403 130 1735 121 187 663 1054 12253 241
internal_value=-1.05303e-05 -6.4813e-05 0.000315716 0.00048047 0.00373457 0.00523837 0.00142333 0.000356447 0.000416556 0.00572579 0.000343499 -0.000525935 -0.000559138 0.00854351 -0.000312758 -0.000369076 -0.00168088 -0.000572455 -0.000957241 -0.00256062 -0.00158344 -0.000394571 -0.00171603 -0.00520098 -0.000702117 -0.00290485 0.00752865 -0.00620045 -0.00149824 -0.00562512
internal_weight=312676 309211 169057 156323 5629 4885 2323 150694 149389 1951 147438 140154 139828 2562 124656 123824 12734 9767 9637 15172 9067 123682 12507 2967 1232 1111 832 1305 12383 744
internal_count=312676 309211 169057 156323 5629 4885 2323 150694 149389 1951 147438 140154 139828 2562 124656 123824 12734 9767 9637 15172 9067 123682 12507 2967 1232 1111 832 1305 12383 744
is_linear=0
shrinkage=0.03


Tree=21
num_leaves=31
num_cat=0
split_feature=93 161 35 11 236 239 58 178 102 254 58 198 167 344 168 149 259 85 200 178 43 331 35 203 73 174 229 349 0 19
split_gain=85.7556 56.4263 92.5794 84.8876 143.639 96.4754 79.2584 69.1924 67.3248 64.9719 59.0737 73.3133 58.7146 87.9088 54.6403 52.9653 48.7135 46.4576 44.2614 42.5516 41.57 38.5401 33.7063 32.7389 27.997 24.1575 23.7364 22.2707 21.847 33.483
threshold=2.276455402374268 -3.9249660968780513 -3.3017740249633785 -3.0252579450607295 1.1241446733474734 -2.7062350511550899 -0.99193978309631337 0.023700390942394737 0.032753864303231246 1.4129595160484316 -0.95155662298202504 -0.1728231534361839 -1.5829911828041074 -0.0034220929956063624 0.40583679080009466 1.0703416466712954 0.44263215363025671 -1.1366164684295652 3.1808600425720219 -1.6937741041183469 2.2823157310485844 -0.009890247602015732 0.73591729998588573 1.1552608609199526 -2.2896487712860103 -1.4528256654739378 -1.8616486787796018 -0.011407148558646439 2.6724392175674443 1.9499412775039675
decision_type=2 2 2 2 2 2 2 2 2 2 2 2 2 2 2 2 2 2 2 2 2 2 2 2 2 2 2 2 2 2
left_child=1 6 12 4 5 19 -1 -8 9 15 11 -10 -3 14 25 -5 -2 -7 23 -4 -12 -20 -11 -18 26 -14 27 -9 29 -25
right_child=16 2 3 8 -6 17 7 24 10 22 20 -13 13 -15 -16 -17 18 -19 21 -21 -22 -23 -24 28 -26 -27 -28 -29 -30 -31
leaf_value=-0.015881513284500708 0.015354813976162993 -0.0012153407311317446 -0.006650840167529308 0.00036238064482944693 0.017868644111887797 -0.014640711447167363 0.019577067747484661 -0.0022700827798018087 -0.0068191924351464275 0.0082744172629800085 -0.00039992814688126379 -0.0012368717040206804 0.036821719976742898 -0.0034271985649563489 0 -0.0046663152974089732 -0.0072849660210533816 0.00067907125070752175 0.01727448517909648 0.014673286723546109 0.0039517692194986458 0.0033034530676838364 -0.00028167002493319161 -0.00031576934407160978 0.0059204240369100901 0.015800663076730056 0 -0.022887952316390431 -0.0022195093291977178 0.0065206138026495525
leaf_weight=468 313 363 110 161681 170 1219 111 136 2754 1386 123777 9921 104 203 114 1880 315 163 323 175 1977 542 492 972 139 435 247 118 627 1513
leaf_count=468 313 363 110 161681 170 1219 111 136 2754 1386 123777 9921 104 203 114 1880 315 163 323 175 1977 542 492 972 139 435 247 118 627 1513
internal_value=-1.00985e-05 -7.1909e-05 -4.51293e-05 -7.92651e-05 -0.00647488 -0.00931766 -0.00646291 0 -3.91903e-05 0.000368194 -0.000528212 -0.00248225 0.00813653 0.012382 0.0176982 0.000302182 0.00404351 -0.0126359 0.00308165 0.00556289 -0.000328512 0.00913185 0.00589548 0.00142337 -0.0042757 0.0215656 -0.00779906 -0.0139149 0.00244152 0.00374565
internal_weight=312748 308143 306924 305705 1837 1667 1219 751 303868 165439 138429 12675 1219 856 653 163561 4605 1382 4292 285 125754 865 1878 3427 640 539 501 254 3112 2485
internal_count=312748 308143 306924 305705 1837 1667 1219 751 303868 165439 138429 12675 1219 856 653 163561 4605 1382 4292 285 125754 865 1878 3427 640 539 501 254 3112 2485
is_linear=0
shrinkage=0.03


Tree=22
num_leaves=31
num_cat=0
split_feature=29 171 136 53 229 204 217 109 115 7 149 236 113 290 72 236 94 222 213 13 74 66 224 147 271 151 208 165 288 118
split_gain=72.6564 58.6395 76.1001 65.5462 106.452 83.2426 71.3195 72.8218 61.1726 78.2123 72.8557 79.4092 67.4209 65.4735 60.7994 51.8844 45.7556 82.5042 108.176 73.1479 52.8871 39.542 39.4802 70.9302 65.6392 61.9946 51.048 42.5671 38.3872 35.8729
threshold=2.2838808298110966 0.23796485364437106 1.2840462923049929 -1.7460893988609312 -3.5164802074432369 -2.4887055158615108 -2.4066910743713374 -1.8700364828109739 -0.55687010288238514 -1.5297823548316953 0.48592482507228857 -0.43410876393318171 1.2667407393455508 -0.081056796014308916 -3.0227023363113399 1.0409269332885744 -0.91752398014068592 -2.3819001913070674 -2.8844162225723262 -0.79966852068901051 1.0804442167282107 -1.6039851903915403 0.88839632272720348 -0.63112777471542347 0.6564159393310548 -0.54734525084495533 -1.9073942899703977 0.98729869723320018 0.838140368461609 -1.5476837754249571
decision_type=2 2 2 2 2 2 2 2 2 2 2 2 2 2 2 2 2 2 2 2 2 2 2 2 2 2 2 2 2 2
left_child=1 2 3 16 5 -5 7 -6 -3 10 11 12 -10 -13 -8 -7 17 19 -19 -1 21 -18 24 28 26 -25 -11 -26 -24 -4
right_child=-2 8 29 4 6 15 14 -9 9 22 -12 13 -14 -15 -16 -17 20 18 -20 -21 -22 -23 23 25 27 -27 -28 -29 -30 -31
leaf_value=-0.0026790796605370855 0.0037598747271778547 -0.0037533890784016174 -0.0026076603162859015 -0.0044826685404914845 -0.0034380352871266951 0.030098561077336178 -0.0084864019010526762 0.0068354285649419822 0 0.0088478166373638645 -0.0081190950818371462 -0.0026214997296076922 -0.021490255048551225 0.0071931774403297608 0.00020515300528873643 0.0011696762153353061 -0.015523555424216608 0.018328612330925972 0.00060084940494197023 -0.018756057295582391 0.0076933994837044264 -0.0044819627754617694 0.00062891148611005998 0.018346075307728582 -0.0022684763786883651 0.00029865041408420895 -0.00062414145662615988 -0.0083489963956894942 -0.014465248599223083 0.0043897836384189674
leaf_weight=3454 4546 5312 681 117 748 221 706 2703 843 494 461 669 139 3774 175887 104 341 319 4196 267 251 3229 171 153 15251 31447 48854 1147 431 5408
leaf_count=3454 4546 5312 681 117 748 221 706 2703 843 494 461 669 139 3774 175887 104 341 319 4196 267 251 3229 171 153 15251 31447 48854 1147 431 5408
internal_value=2.38371e-06 -5.23819e-05 0.000253504 0.000147273 0.000291868 0.0146854 0.000253239 0.00451526 -0.000611749 -0.000447446 0.00289617 0.0039137 -0.00356747 0.005643 0.000167749 0.0223153 -0.00198928 -0.000683567 0.00199484 -0.00400698 -0.00470737 -0.00570081 -0.000651987 0.000200726 -0.00107414 0.000407068 -0.000519699 -0.00272172 -0.00981303 0.0035521
internal_weight=312324 307778 198632 192543 180486 442 180044 3451 109146 103834 5886 5425 982 4443 176593 325 12057 8236 4515 3721 3821 3570 97948 32202 65746 31600 49348 16398 602 6089
internal_count=312324 307778 198632 192543 180486 442 180044 3451 109146 103834 5886 5425 982 4443 176593 325 12057 8236 4515 3721 3821 3570 97948 32202 65746 31600 49348 16398 602 6089
is_linear=0
shrinkage=0.03


Tree=23
num_leaves=31
num_cat=0
split_feature=200 102 278 227 233 216 55 225 228 114 80 166 299 296 218 181 179 36 234 90 292 253 206 67 298 298 147 298 280 50
split_gain=64.9753 61.9355 62.914 76.031 76.0312 58.6606 69.1422 69.3944 57.9815 66.8647 56.2936 113.907 55.9304 57.0504 61.0698 54.3206 50.0037 49.1904 49.3669 46.6996 44.4573 42.6186 38.8529 38.585 36.1529 34.1537 59.0325 46.2902 32.609 30.3751
threshold=3.1808600425720219 0.032753864303231246 -2.4738372564315791 -0.18436457216739652 -1.6554542779922483 -0.45448510348796839 1.7501514554023745 0.26761692762374883 -2.5716489553451534 -1.6959510445594785 -3.4401252269744869 -0.60559004545211781 1.7039012908935549 3.0559580326080327 -2.8285713195800777 -2.8644033670425411 0.55448114871978771 -0.23456306010484693 -2.4612758159637447 0.33310984075069433 -2.3664178848266597 0.95839008688926708 -1.9338150620460508 1.0040045380592348 -1.5103168487548826 -0.19826523959636685 -0.034585485234856599 0.90179654955863964 -0.04822763800621032 -0.3342773020267486
decision_type=2 2 2 2 2 2 2 2 2 2 2 2 2 2 2 2 2 2 2 2 2 2 2 2 2 2 2 2 2 2
left_child=1 5 29 17 16 6 7 10 23 21 11 -1 13 14 -8 -6 -5 28 -19 -12 -20 -10 -17 -7 -9 26 -11 -27 -4 -3
right_child=-2 2 3 4 15 8 12 24 9 25 19 -13 -14 -15 -16 22 -18 18 20 -21 -22 -23 -24 -25 -26 27 -28 -29 -30 -31
leaf_value=-0.011432446885210336 0.0072261431935570523 0 -0.0018878633929622734 0.0027863927906855049 0.017009278691213964 0.0023331427826045388 0.024405624701009532 0.0097762408114389545 -0.0064517556589696644 0.0016318456846608894 -9.3353113736237346e-06 0.0181986505053221 0.012285867162173791 -0.010861360012100365 0.0018039584099869168 -0.011188044248472131 0.017957050985912278 -0.015991964957290539 0.015438904197627886 -0.0057018365666025835 -0.0016842673742253412 0.0043289027180677892 -0.00036048555998797251 0.024637095001368452 -0.0062815936819641954 0.0018850885279059061 -0.00089808197384019632 -0.00066034849352146377 -0.0093616643227431001 0.017859539678733372
leaf_weight=840 1090 101 1016 704 141 199 106 102 1715 15064 77973 110 660 243 1102 281 297 200 115 1301 12531 358 124958 135 2273 41336 18329 7410 1453 228
leaf_count=840 1090 101 1016 704 141 199 106 102 1715 15064 77973 110 660 243 1102 281 297 200 115 1301 12531 358 124958 135 2273 41336 18329 7410 1453 228
internal_value=-1.76008e-05 -4.43923e-05 -0.000507167 -0.000540454 -0.000295663 0.00034217 -0.000212915 -0.000353881 0.000901798 0.000846848 -0.00019972 -0.00738771 0.00511356 0.00152455 0.0043967 -0.000364289 0.00784499 -0.00253791 -0.00175449 -0.000107955 -0.00148073 -0.00442306 -0.000388957 0.0130783 -0.00539081 0.000984544 0.000234515 0.00149189 -0.00644659 0.0121789
internal_weight=312371 311281 142025 141696 126381 169256 84710 82599 84546 84212 80224 950 2111 1451 1208 125380 1001 15315 12846 79274 12646 2073 125239 334 2375 82139 33393 48746 2469 329
internal_count=312371 311281 142025 141696 126381 169256 84710 82599 84546 84212 80224 950 2111 1451 1208 125380 1001 15315 12846 79274 12646 2073 125239 334 2375 82139 33393 48746 2469 329
is_linear=0
shrinkage=0.03


Tree=24
num_leaves=31
num_cat=0
split_feature=137 122 98 232 55 186 228 199 275 106 263 190 55 273 227 172 116 43 151 25 299 167 275 28 296 177 296 112 82 229
split_gain=82.5062 71.9912 88.7772 68.0242 67.4666 85.2118 65.9955 63.6411 69.5028 99.2248 58.5654 87.3092 64.2111 54.9134 50.1255 141.282 70.0678 49.1856 54.456 61.2331 48.7313 47.0371 47.0112 75.6261 45.1214 42.6295 89.2877 49.7196 36.3353 33.6683
threshold=2.0687558650970463 0.31947092711925512 -2.1896699666976924 -3.4558243751525874 1.3626052141189577 -2.7939349412918086 -3.0809512138366695 -0.78661516308784474 -3.3168821334838863 -2.2456761598587032 -0.87427341938018788 -1.4327369928359983 3.6897475719451909 1.0566210150718691 -0.15867844223976132 0.047764122486114509 0.65422242879867565 -3.3984438180923457 -3.2925276756286617 -3.2716164588928218 -2.2094252109527583 -1.2217763066291807 -0.13365015387535092 -1.9489420652389524 -2.272710800170898 0.031268609687685973 0.61086112260818493 -0.89838120341300953 0.47275595366954809 0.29670879244804388
decision_type=2 2 2 2 2 2 2 2 2 2 2 2 2 2 2 2 2 2 2 2 2 2 2 2 2 2 2 2 2 2
left_child=1 4 21 -4 5 7 -5 8 9 -1 12 -12 22 28 16 -16 -8 25 24 -20 -10 -3 23 -6 -19 27 -27 -7 -13 -24
right_child=-2 2 3 6 10 17 14 -9 20 -11 11 13 -14 -15 15 -17 -18 18 19 -21 -22 -23 29 -25 -26 26 -28 -29 -30 -31
leaf_value=-0.0057627599942757252 0.0033030043343981129 0 0.014386352492956679 0.013332297091275968 0.011682225077831723 -0.0036197789094738453 -0.0027235419145813997 0.015503623524370293 0.0024876294989959087 0.021352814231499952 -0.014837312039654653 0.0014549857994061056 -0.0091116909123957167 0.0072469614273530788 0.0018216339573185773 -0.0013427713351555034 0.0025281247733579875 0.024253924255983696 -0.014802611646209995 0.00021892259994708951 -0.009427160608294103 0.021400716180577574 0.0013105693878605962 0.0015753717663838475 0.0041745577622905447 0.0077455006147475825 -0.013648002477147831 -0.018518435713804089 -0.0048444249535594215 0.021868726785126767
leaf_weight=283 6685 132 241 270 1041 739 20659 106 307 174 281 4508 217 1252 17148 48313 2496 115 224 199912 2166 227 140 2047 738 514 240 311 981 285
leaf_count=283 6685 132 241 270 1041 739 20659 106 307 174 281 4508 217 1252 17148 48313 2496 115 224 199912 2166 227 140 2047 738 514 240 311 981 285
internal_value=1.01884e-05 -6.09631e-05 -0.000777432 -0.000842031 0.000233724 0.000111064 -0.000889921 -0.0048575 -0.00579593 0.00439482 0.00254942 0.000879155 0.00559235 0.00162062 -0.000939638 -0.000508947 -0.0021428 0.000187399 0.000233305 0.000199134 -0.00781962 0.0136668 0.00663198 0.00513228 0.00771889 -0.0047091 0.000371598 -0.00857665 0.000261192 0.0161341
internal_weight=312752 306067 89486 89127 216581 205829 88886 3036 2930 457 10752 7022 3730 6741 88616 65461 23155 202793 200989 200136 2473 359 3513 3088 853 1804 754 1050 5489 425
internal_count=312752 306067 89486 89127 216581 205829 88886 3036 2930 457 10752 7022 3730 6741 88616 65461 23155 202793 200989 200136 2473 359 3513 3088 853 1804 754 1050 5489 425
is_linear=0
shrinkage=0.03


Tree=25
num_leaves=31
num_cat=0
split_feature=51 171 198 298 119 50 299 101 110 183 32 117 11 164 187 172 177 299 164 58 94 298 95 296 111 224 50 48 118 108
split_gain=69.8358 67.7568 86.2954 62.8259 55.7382 52.4709 51.7513 90.7847 76.1875 98.4948 72.3634 74.7464 71.44 66.0137 51.5849 73.0995 58.5376 48.2549 47.4121 55.9759 45.898 55.3299 43.0544 42.6949 46.0678 42.6182 56.2715 50.709 55.9855 53.8233
threshold=2.078789591789246 0.23796485364437106 1.7307142615318301 -0.56493771076202381 -0.83834421634674061 0.60532119870185863 0.12498576566576959 -3.8977274894714351 -1.9360779523849485 -2.1268641948699947 -3.3433921337127681 -1.9571560621261594 -3.0252579450607295 -2.0096752643585201 -1.2160332202911375 1.2344582080841067 1.1619212627410891 0.55586847662925731 -0.41994252800941462 -0.95155662298202504 1.228219270706177 1.0125909447669985 -0.36923009157180781 -0.83988001942634571 -0.20475134998559949 1.8768761157989504 1.4700950384140017 1.7164689898490908 1.2560861706733706 1.2643786668777468
decision_type=2 2 2 2 2 2 2 2 2 2 2 2 2 2 2 2 2 2 2 2 2 2 2 2 2 2 2 2 2 2
left_child=1 2 6 5 -2 23 7 -1 9 17 11 -9 -12 -11 15 -5 22 -8 -4 -20 21 -10 -17 -3 -25 27 -27 29 -29 -16
right_child=4 3 18 14 -6 -7 8 10 20 13 12 -13 -14 -15 25 16 -18 -19 19 -21 -22 -23 -24 24 -26 26 -28 28 -30 -31
leaf_value=-0.011890619448018917 0.0092596826015022213 -0.0086788043116805703 -0.0054200088434659364 0.0039050816882168545 0.0017307438733400865 -0.0008287843609757295 0.0087816963102668524 0.01803965332380433 0.00078059859726753976 0.0038815429107305669 -0.0096334950243569129 0 -0.0001463425964661393 0.013822521876020526 -0.00086879672204465705 -0.013939572552476395 0.0013842579900618999 -0.0091689865702732926 -0.0015384765016447828 0.010133175336921131 0.0055100910333157312 -0.0017606810342934468 0 0.0098635647152692865 -0.0036335577006448849 0.0066676148805333811 -0.00093305800412595496 -0.0011422625278567165 -0.0095127678350780554 0.0016620318234346731
leaf_weight=576 1063 1687 245 5206 6032 8061 145 379 60770 1806 700 369 120408 1010 69335 521 1108 534 417 1613 1650 8756 283 209 4839 1628 1740 1977 1213 8400
leaf_count=576 1063 1687 245 5206 6032 8061 145 379 60770 1806 700 369 120408 1010 69335 521 1108 534 417 1613 1650 8756 283 209 4839 1628 1740 1977 1213 8400
internal_value=-1.32268e-05 -8.25861e-05 0.000242337 -0.000695305 0.00292378 -0.00251139 0.000173408 -0.000204279 0.000796575 0.00511928 -0.000144635 0.00902647 -0.000205236 0.00762514 -0.000397583 0.00204175 -0.00286436 -0.00476486 0.00603 0.00759764 0.000578722 0.000455826 -0.00897499 -0.00447245 -0.00297883 -0.000607562 0.00267003 -0.000748304 -0.00445805 -0.000591101
internal_weight=312680 305585 199378 106207 7095 14796 197103 122432 74671 3495 121856 748 121108 2816 91411 7118 1912 679 2275 2030 71176 69526 804 6735 5048 84293 3368 80925 3190 77735
internal_count=312680 305585 199378 106207 7095 14796 197103 122432 74671 3495 121856 748 121108 2816 91411 7118 1912 679 2275 2030 71176 69526 804 6735 5048 84293 3368 80925 3190 77735
is_linear=0
shrinkage=0.03


Tree=26
num_leaves=31
num_cat=0
split_feature=96 171 257 298 232 228 66 186 251 49 96 179 140 234 238 176 233 51 180 90 55 115 228 232 14 72 223 232 172 227
split_gain=68.8221 58.7526 84.5044 66.9993 54.9866 76.0325 52.3081 51.1651 71.6535 82.1628 145.402 60.2801 88.518 81.6819 67.9599 56.7647 50.949 47.5153 47.0398 89.2902 46.224 45.2843 107.065 44.9697 40.8911 39.4109 38.8415 60.4258 59.5431 53.9885
threshold=2.0221576690673833 0.18728462606668475 1.629121005535126 -0.56493771076202381 2.0080771446228032 1.8867529630661013 -1.3110940456390379 -2.7939349412918086 -2.145319819450378 -2.1229687929153438 -3.0213353633880611 0.58899354934692394 -0.6529155671596526 -0.67351672053337086 1.1324794888496401 0.37548604607582098 0.60354337096214306 -0.10760551318526267 -2.706857323646545 -1.1071873307228086 1.8247449398040774 -0.84253397583961476 -1.3147000074386594 0.10299595445394517 -0.29522855579853052 -0.36827865242958063 1.2260738611221316 0.98906710743904125 0.14403274655342105 0.21225032210350039
decision_type=2 2 2 2 2 2 2 2 2 2 2 2 2 2 2 2 2 2 2 2 2 2 2 2 2 2 2 2 2 2
left_child=1 2 7 21 5 26 17 8 9 -1 -11 13 20 15 -14 -9 -15 -5 19 -19 -13 25 23 -23 -20 -3 28 -28 29 -2
right_child=4 3 -4 6 -6 -7 -8 11 -10 10 -12 12 14 16 -16 -17 -18 18 24 -21 -22 22 -24 -25 -26 -27 27 -29 -30 -31
leaf_value=-0.010392844723005666 -0.0024146080545311825 -0.013006234049386098 0.0056439100879144112 0.011596776936981038 0.0066861891150958291 -0.0054763368848143486 -0.00051714645502134538 -0.00082810847357688803 -0.023391338914632794 0.023077377120893194 -0.002254666525304459 0.0030939217011836679 0.0011917522540336684 0.00057198020919064856 -0.0035848070607026983 -0.006729523998110238 -0.003061923761094488 -0.0029058100255982327 0.0011413140458848608 0.022507744033892566 0.012233127410374292 0 -0.0023460310333597253 0.019391880840643576 -0.014419715213861508 -0.0029845707815320827 0.00090063456607734492 0.010974972893411674 -0.0068723266274393477 0.01734182715883623
leaf_weight=792 212 644 2556 438 2342 1176 91347 46557 145 216 1423 10664 10988 108912 3523 1514 3545 196 6077 240 534 174 13631 272 134 1018 1283 1005 668 212
leaf_count=792 212 644 2556 438 2342 1176 91347 46557 145 216 1423 10664 10988 108912 3523 1514 3545 196 6077 240 534 174 13631 272 134 1018 1283 1005 668 212
internal_value=-8.86713e-06 -7.68147e-05 0.000243382 -0.000616092 0.00294896 0.000941462 -0.000321745 0.000168095 -0.00400839 -0.00254843 0.00114091 0.000227899 0.00157606 9.949e-06 8.10938e-06 -0.00102293 0.000454237 0.0021497 0.00144927 0.010799 0.00357752 -0.00243516 -0.00184731 0.0121976 0.000712238 -0.00715465 0.00328171 0.00551251 -0.00113763 0.00712413
internal_weight=312438 305540 191369 114171 6898 4556 98432 188813 2576 2431 1639 186237 25709 160528 14511 48071 112457 7085 6647 436 11198 15739 14077 446 6211 1662 3380 2288 1092 424
internal_count=312438 305540 191369 114171 6898 4556 98432 188813 2576 2431 1639 186237 25709 160528 14511 48071 112457 7085 6647 436 11198 15739 14077 446 6211 1662 3380 2288 1092 424
is_linear=0
shrinkage=0.03


Tree=27
num_leaves=31
num_cat=0
split_feature=216 168 234 175 91 186 205 55 80 273 234 55 28 283 91 194 224 98 235 56 234 112 284 287 48 239 239 101 209 338
split_gain=67.5726 62.2719 65.6839 69.2252 57.9275 57.2849 98.291 55.4871 77.2077 91.1847 86.5711 56.7588 59.0253 54.1414 53.5356 53.1849 53.8945 104.22 52.5892 47.4564 47.9684 44.9665 41.2741 40.93 59.3297 51.4211 46.8422 52.1444 44.1769 38.3194
threshold=1.8873244524002077 0.46706482768058782 -0.36780759692192072 -1.8214396238327024 1.4392352104187014 -2.3275164365768428 -1.077303349971771 1.7501514554023745 -3.4401252269744869 -3.6851716041564937 -2.4612758159637447 3.6897475719451909 -1.5889009833335874 1.1347632408142092 -1.2929394841194151 -3.3422180414199825 -3.4339947700500484 -2.1896699666976924 -0.42753812670707697 3.0041921138763432 -0.37746457755565638 0.29044012725353247 -1.0000000180025095e-35 1.1946957707405093 1.7164689898490908 0.70291009545326244 0.43530291318893438 1.8528335094451907 1.0701765418052676 -0.0083484682254493219
decision_type=2 2 2 2 2 2 2 2 2 2 2 2 2 2 2 2 2 2 2 2 2 2 2 2 2 2 2 2 2 2
left_child=1 7 3 -3 18 6 14 8 9 10 29 12 19 21 -4 -10 -17 -18 -5 20 -9 -2 -8 26 28 -26 -7 -28 -25 -1
right_child=13 2 5 4 -6 23 22 11 15 -11 -12 -13 -14 -15 -16 16 17 -19 -20 -21 -22 -23 -24 24 25 -27 27 -29 -30 -31
leaf_value=-0.020478166829707333 0.0030288183543405538 0.0099149895212493361 0.0069950839202442419 -0.0067985281216719397 0.0027249545012835055 -0.0020352425594769652 0.025871665028940439 0 0.014053254913118096 -0.017001601695280307 0.015575635708347212 -0.0091258915555361576 0.0016306603345392549 0.0036704010812875412 -0.011767524655770103 -0.0051310851674306358 0.0038480122824609765 6.5184161314132887e-05 -0.00041915232594974745 -0.00091762002821097963 0.017184353534751649 -0.009292649455669183 0.0066230368920318456 0.0031968225487622689 0 -0.0059364649719117089 -1.4247930712650257e-06 -0.012854295039263282 -0.0004355702501906079 6.4220526030865207e-05
leaf_weight=124 433 301 225 4621 906 24062 204 145 228 495 196 223 1520 6989 268 1709 6748 216068 1693 192 722 556 325 7595 4577 1862 24510 268 4761 125
leaf_count=124 433 301 225 4621 906 24062 204 145 228 495 196 223 1520 6989 268 1709 6748 216068 1693 192 722 556 325 7595 4577 1862 24510 268 4761 125
internal_value=-2.16787e-06 -7.45772e-05 -0.000817949 -0.00348282 -0.00410866 -0.000520729 0.00643469 0.000171993 0.000118342 -0.00836566 0.000913534 0.00435561 0.00569801 0.00271885 -0.0026808 0.000155901 0.000139202 0.000181429 -0.00514209 0.0111195 0.0140839 -0.00364768 0.0152645 -0.000632135 0.000546512 -0.00176168 -0.00109189 -0.000162795 0.00177451 -0.00981243
internal_weight=312651 304673 76178 7521 7220 68657 1022 228495 225693 940 445 2802 2579 7978 493 224753 224525 222816 6314 1059 867 989 529 67635 18795 6439 48840 24778 12356 249
internal_count=312651 304673 76178 7521 7220 68657 1022 228495 225693 940 445 2802 2579 7978 493 224753 224525 222816 6314 1059 867 989 529 67635 18795 6439 48840 24778 12356 249
is_linear=0
shrinkage=0.03


Tree=28
num_leaves=31
num_cat=0
split_feature=51 239 171 136 114 98 298 179 230 64 33 66 161 119 140 58 296 118 104 188 171 201 170 119 344 317 168 239 64 118
split_gain=60.3617 90.1098 65.89 81.2049 66.8679 101.497 57.0702 50.6215 48.578 48.2999 67.7232 49.246 48.0807 46.2667 45.9472 46.1031 45.929 45.5782 41.4233 40.1031 58.3462 77.1874 55.0905 40.7162 37.9916 37.9328 41.1174 37.9081 36.983 36.6837
threshold=2.078789591789246 0.11503154784440996 0.23796485364437106 1.2840462923049929 -1.3566684126853941 -2.7798380851745601 -0.56493771076202381 0.70314538478851329 0.34224756062030798 1.0985804796218874 0.10747903212904932 -2.7769770622253414 -3.9249660968780513 2.521271944046021 -1.6663579344749448 -1.1300283074378965 -1.0541027188301084 0.70063775777816784 -0.96528363227844227 -1.4729378223419187 1.1742498278617861 -2.2217694520950313 0.26123005151748663 0.86895090341568004 -0.0079049025662243349 -0.0013060374185442922 -0.69840890169143666 -0.50059238076210011 0.51625114679336559 -1.7001574635505674
decision_type=2 2 2 2 2 2 2 2 2 2 2 2 2 2 2 2 2 2 2 2 2 2 2 2 2 2 2 2 2 2
left_child=2 -2 3 4 12 7 8 18 16 11 -11 -7 -1 17 15 -10 -4 -14 -6 20 22 -22 -8 -24 -16 26 -18 -15 -5 -30
right_child=1 -3 6 28 5 9 19 -9 14 10 -12 -13 13 27 24 -17 25 -19 -20 -21 21 -23 23 -25 -26 -27 -28 -29 29 -31
leaf_value=-0.0088351932619499807 0.006083656592015583 -0.0005904555643434417 -0.011539488134142026 -0.0021113196002508351 0.0067271193533827156 -0.0056199910189366669 -0.0015248531577999778 0.014700688856060538 0.015342348255023048 -0.007366943855302943 -0.00018128869585039967 0.00039851521689445579 -0.0010395040049484714 0.01682065384529902 0.00093886520020334293 -0.00055856836442762865 0.0038146032445399141 -0.0071720398313585704 -0.007698956756126381 -0.00055757365370271296 -0.010606089959429719 0.0032169673709940144 0.003488889000889612 0.011755813029261021 -0.0030067869694320624 0.0045594600960395708 -0.0063876987708857439 0.00075921581961935561 -0.002427103232408153 0.005230778122912139
leaf_weight=754 3553 3556 857 828 677 1207 1001 611 268 1733 3897 162743 19377 201 2977 300 370 1162 207 86203 630 763 1739 901 7335 410 2219 445 564 5114
leaf_count=754 3553 3556 857 828 677 1207 1001 611 268 1733 3897 162743 19377 201 2977 300 370 1162 207 86203 630 763 1739 901 7335 410 2219 445 564 5114
internal_value=-1.68071e-05 0.00271082 -8.14359e-05 0.000238544 0.000125636 0.000327074 -0.000686638 0.00806421 -0.00242174 0.000256152 -0.00246449 0.000351697 -0.00143033 -0.00114455 -0.00135425 0.00670043 -0.00533383 -0.00140769 0.00292161 -0.000402638 0.00218285 -0.00288399 0.00420846 0.00649025 -0.00183906 -0.00339642 -0.00479661 0.00656216 0.00353156 0.00441162
internal_weight=312602 7109 305493 199520 193014 171075 105973 1495 14736 169580 5630 163950 21939 21185 10880 568 3856 20539 884 91237 5034 1393 3641 2640 10312 2999 2589 646 6506 5678
internal_count=312602 7109 305493 199520 193014 171075 105973 1495 14736 169580 5630 163950 21939 21185 10880 568 3856 20539 884 91237 5034 1393 3641 2640 10312 2999 2589 646 6506 5678
is_linear=0
shrinkage=0.03


Tree=29
num_leaves=31
num_cat=0
split_feature=179 297 225 163 53 218 60 299 238 48 74 159 102 110 216 129 20 205 172 195 56 102 238 186 118 193 72 40 156 108
split_gain=48.2461 52.9006 69.5666 43.8784 40.4349 78.224 72.3936 60.063 56.1012 56.2229 51.9109 50.161 58.8255 61.0815 55.4954 53.1926 45.6541 45.133 42.7587 40.8052 39.4615 35.5375 32.5543 30.6067 30.5141 30.4281 32.0255 28.6233 72.2817 63.4922
threshold=4.3648841381073007 -0.77332252264022816 -1.4151695966720579 -1.5331171154975889 -1.5800071954727171 -2.0617436170577998 0.61928498744964611 -0.7511487305164336 -3.6691348552703853 -0.19050163775682447 1.0804442167282107 -1.6587196588516233 0.032753864303231246 -0.51211360096931446 -0.45448510348796839 0.58815631270408641 -2.4650402069091792 -1.4468979835510252 -1.1151317954063413 1.0042962431907656 -1.6676288843154905 -0.94785225391387928 -1.8219572901725767 -1.817214787006378 0.26595492660999304 -2.8752455711364742 -1.6213645339012144 -2.474399089813232 -2.4469320774078365 -1.6932942867279051
decision_type=2 2 2 2 2 2 2 2 2 2 2 2 2 2 2 2 2 2 2 2 2 2 2 2 2 2 2 2 2 2
left_child=4 -2 3 -3 10 6 8 -8 -6 16 18 20 14 23 15 -13 -10 -15 27 -12 -7 -16 -21 -14 -20 -22 -27 -1 29 -29
right_child=1 2 -4 -5 5 11 7 -9 9 -11 19 12 13 17 21 -17 -18 -19 24 22 25 -23 -24 -25 -26 26 -28 28 -30 -31
leaf_value=-0.0041099501064101795 -0.0039656369149284488 0.0090267738394257148 0.0027859953688241625 0.031769054957632242 -0.016668813452567668 0.0068326114417950265 0.028135205862659312 0.0028925239117075707 9.873308497026744e-05 -0.0028239812732622567 0.017165987675127229 -1.1549869968019989e-05 0.0028972586160598128 -0.005742353178311484 0.00409802156258405 -0.004049426932963722 0.0057806795257046512 -0.00018405985678470867 -0.0045615086526995304 -0.0055585303828399107 -0.016932445255425671 0.00084150236671473198 0.0050598593126999179 -0.003434009010422511 -0.01726292937006552 0.0012708450832001411 -0.0046175971681993071 0.0011344803440927838 -0.0011490269778000656 0.026355187735278847
leaf_weight=2703 501 379 1405 120 114 301 169 219 2030 1299 170 56935 687 1313 3178 3085 3970 130366 1673 339 145 78378 815 7756 204 993 3394 268 9666 142
leaf_count=2703 501 379 1405 120 114 301 169 219 2030 1299 170 56935 687 1313 3178 3085 3970 130366 1673 339 145 78378 815 7756 204 993 3394 268 9666 142
internal_value=1.24981e-05 0.00422816 0.00655894 0.0160874 -1.94781e-05 5.93794e-05 0.00301978 0.0154629 0.00228829 0.0026701 -0.00148895 -2.03778e-05 3.06633e-05 -0.000403932 0.000462911 -0.000225371 0.00391484 -0.000242624 -0.00201786 0.00408557 -0.00304506 0.000973051 0.0016435 -0.00287776 -0.00626754 -0.00379415 -0.00321695 -0.0013614 -0.000587679 0.0113867
internal_weight=312717 2405 1904 499 310312 294332 7801 388 7413 7299 15980 286531 281698 140122 141576 60020 6000 131679 14656 1324 4833 81556 1154 8443 1877 4532 4387 12779 10076 410
internal_count=312717 2405 1904 499 310312 294332 7801 388 7413 7299 15980 286531 281698 140122 141576 60020 6000 131679 14656 1324 4833 81556 1154 8443 1877 4532 4387 12779 10076 410
is_linear=0
shrinkage=0.03


Tree=30
num_leaves=31
num_cat=0
split_feature=55 110 55 118 113 110 57 6 225 228 173 163 292 154 228 116 266 163 170 11 177 113 211 58 177 86 131 297 237 7
split_gain=46.3515 79.3542 73.7484 53.0723 63.1853 63.2403 62.6844 75.7868 61.445 69.9755 80.1516 72.7555 57.8219 101.344 57.6361 56.5412 90.772 61.7607 56.1551 54.2173 53.0979 52.6958 58.896 50.9723 47.0862 44.0471 40.8196 53.6143 39.0339 38.1403
threshold=1.7501514554023745 0.79934009909629833 3.6897475719451909 1.0283398032188418 0.95715785026550304 1.1257420182228091 -0.12517306208610532 -2.7930111885070796 -4.1120736598968497 -2.0223497152328487 -1.2970441579818723 -0.60099753737449635 0.11256894841790201 1.1547970771789553 1.2145932316780093 -2.5053604841232295 -1.8490620851516721 -1.9613054394721983 1.0267567634582522 0.81472110748291027 0.59742009639740001 1.6933343410491946 0.86668297648429882 1.6161796450614931 -1.7570285797119138 -0.45894974470138544 0.92973545193672191 1.4717209935188296 0.08928945288062097 -1.2291835546493528
decision_type=2 2 2 2 2 2 2 2 2 2 2 2 2 2 2 2 2 2 2 2 2 2 2 2 2 2 2 2 2 2
left_child=3 2 23 6 5 -5 8 -8 24 10 19 -12 13 29 18 16 -11 -17 -14 -10 -15 22 -3 28 -1 -23 -6 -28 -2 -9
right_child=1 21 -4 4 26 -7 7 12 9 15 11 -13 14 20 -16 17 -18 -19 -20 -21 -22 25 -24 -25 -26 -27 27 -29 -30 -31
leaf_value=-0.01315545118273197 0.012569382561220038 0.001193415882113334 -0.009805901511930502 -0.0017709081996636785 0.0021702999299147937 -0.0081366070910059585 -0.0090830387479889658 0.0030697215869861698 -0.0005224296219431331 0.017967861577888707 0.010291828862454796 -0.0048588408127747153 -9.8712136176238796e-05 0.0039780677416109472 0.0022259390417088327 -0.0050247883578437968 0.001206535403603813 -0.0005165657057577145 -0.0032227687986019619 0.011879254919231723 0.014247708430605969 -0.0067225229963078156 -0.0075167481845890899 0.011866378734354316 0.0047872537812403094 0.0026333909488213355 -0.0063166285237436478 0.0020233643649448566 0.0015483789483260067 0.00067615332401018259
leaf_weight=556 357 1283 227 17558 5936 1550 719 6772 4091 348 1633 303 56131 1646 8587 2797 1645 122282 5714 322 702 460 1383 1188 131 5405 1400 1268 1701 59034
leaf_count=556 357 1283 227 17558 5936 1550 719 6772 4091 348 1633 303 56131 1646 8587 2797 1645 122282 5714 322 702 460 1383 1188 131 5405 1400 1268 1701 59034
internal_value=-2.18628e-05 0.00180342 0.00561579 -9.57367e-05 -0.00134648 -0.00231093 3.0026e-05 0.00047671 -0.000431733 -0.000382587 0.00267828 0.00774181 0.000529775 0.00115284 -6.90326e-05 -0.000538278 0.00443172 -0.000620563 -0.000393149 0.000364312 0.00726956 0.000206801 -0.00323566 0.00683956 -0.0092711 0.00182826 0.000760991 -0.00225577 0.00370713 0.000927887
internal_weight=313129 12004 3473 301125 27712 19108 273413 139305 134108 133421 6349 1936 138586 68154 70432 127072 1993 125079 61845 4413 2348 8531 2666 3246 687 5865 8604 2668 2058 65806
internal_count=313129 12004 3473 301125 27712 19108 273413 139305 134108 133421 6349 1936 138586 68154 70432 127072 1993 125079 61845 4413 2348 8531 2666 3246 687 5865 8604 2668 2058 65806
is_linear=0
shrinkage=0.03


Tree=31
num_leaves=31
num_cat=0
split_feature=137 122 98 55 11 294 82 185 297 227 172 55 284 112 263 251 234 218 56 288 201 239 107 148 115 41 167 238 236 90
split_gain=59.8223 52.2094 85.7974 59.0255 64.4325 85.8973 57.9352 51.4008 61.946 62.6778 83.3946 72.5119 46.6213 65.5859 45.4592 84.1745 53.4426 63.1124 63.5917 44.9017 44.339 69.172 53.13 46.1977 43.8435 42.8296 41.9237 40.0951 41.5281 38.585
threshold=2.0687558650970463 0.30973136425018316 -2.1896699666976924 1.3626052141189577 0.061639752238988883 1.6705665588378908 0.35485212504863745 0.45753026008605963 0.89808830618858349 -0.17534644156694409 0.023601004853844646 0.61331295967102062 -1.5103052854537962 -0.73705139756202687 -0.8392089009284972 -1.3901935815811155 -1.3876665234565733 -2.8285713195800777 1.0419356822967532 -4.2542850971221915 2.0105645656585698 -1.1303119659423826 0.48501884937286383 1.0147955417633059 -1.8788456320762632 -1.9789798855781553 -1.2495173215866087 2.9773840904235844 3.1974991559982304 0.84137138724327099
decision_type=2 2 2 2 2 2 2 2 2 2 2 2 2 2 2 2 2 2 2 2 2 2 2 2 2 2 2 2 2 2
left_child=1 3 26 4 5 6 19 -4 9 11 -11 -9 13 25 16 -16 -5 -18 -19 -1 23 22 -22 -2 -23 -6 -3 28 -26 -8
right_child=20 2 7 14 12 -7 29 8 -10 10 -12 -13 -14 -15 15 -17 17 18 -20 -21 21 24 -24 -25 27 -27 -28 -29 -30 -31
leaf_value=-0.0063296629183517174 -0.0029610677152983288 0 -0.002151081019851011 -0.0087965249191541712 -0.0085974067984190376 -0.0080811852943312758 -0.0038883771339412766 -0.0021196655518846072 -0.0020754511521728597 0.0027120990190649548 -0.00017032332599182151 0.0056312345150236727 0.0010973001112165538 0.029051308467840917 -0.015306788253169643 0.001601715082808526 0.019896288857501193 -0.0026362989458900235 0.0069389251626699152 8.3886750757848172e-05 -0.0049868804414430071 0.014999570452443246 0.0097507581172450297 0.0088064464588296018 -0.0017756335681083702 0.010695083385563632 0.020695308751029616 0.0078573775213228499 -0.015238522615422434 0.0007780898584212008
leaf_weight=968 315 134 17635 202 137 1198 5695 14371 14715 12904 29449 1138 37226 110 254 6611 265 760 2550 156987 231 124 1108 1600 2759 247 231 314 215 2067
leaf_count=968 315 134 17635 202 137 1198 5695 14371 14715 12904 29449 1138 37226 110 254 6611 265 760 2550 156987 231 124 1108 1600 2759 247 231 314 215 2067
internal_value=3.26764e-05 -2.77164e-05 -0.000632775 0.000225501 0.000110569 -0.000140917 -8.0737e-05 -0.000696098 -0.000337934 9.93188e-05 0.000701671 -0.00152509 0.00123086 0.0102772 0.00240304 0.000889893 0.00505513 0.00596583 0.00464767 4.1887e-05 0.00284032 0.00119805 0.00695154 0.00670516 -0.000999777 0.00298464 0.0134619 -0.00178089 -0.0029444 -0.00260835
internal_weight=312520 305854 90577 215277 204635 166915 165717 90212 72577 57862 42353 15509 37720 494 10642 6865 3777 3575 3310 157955 6666 4751 1339 1915 3412 384 365 3288 2974 7762
internal_count=312520 305854 90577 215277 204635 166915 165717 90212 72577 57862 42353 15509 37720 494 10642 6865 3777 3575 3310 157955 6666 4751 1339 1915 3412 384 365 3288 2974 7762
is_linear=0
shrinkage=0.03


Tree=32
num_leaves=31
num_cat=0
split_feature=93 171 203 118 55 299 161 212 145 31 115 67 287 231 110 239 104 296 238 218 229 298 206 232 110 168 235 239 234 39
split_gain=51.7689 57.9811 61.9185 51.4933 83.3846 60.6078 78.5874 76.7923 60.5179 96.0105 49.3714 52.6036 107.173 82.5456 55.4461 44.8984 43.9494 43.5112 42.9505 40.0135 52.2042 51.8662 50.5792 37.4555 65.2156 48.6632 40.465 37.5564 33.7928 33.3858
threshold=2.0285004377365117 0.23796485364437106 1.5461300015449526 1.0283398032188418 1.8247449398040774 0.14716371148824695 -3.9249660968780513 -3.7033493518829341 -3.2393882274627681 -3.0765756368637081 -0.46461337804794306 -2.315715909004211 0.21505533903837207 0.64762836694717418 -0.26468645036220545 0.71898832917213451 -0.059913823381066315 -1.5471261143684385 1.0732159614562991 -2.0617436170577998 -0.099609747529029832 0.46063977479934698 2.2624901533126835 2.0080771446228032 1.2575569152832033 0.70517966151237499 -0.76639533042907704 -0.70639488101005543 0.38390436768531805 2.7650541067123418
decision_type=2 2 2 2 2 2 2 2 2 2 2 2 2 2 2 2 2 2 2 2 2 2 2 2 2 2 2 2 2 2
left_child=1 2 3 5 -5 6 -1 -8 17 -10 -3 12 13 14 -12 -14 -4 -7 -6 28 21 -21 -22 24 25 -2 -26 -27 -13 -29
right_child=23 10 16 4 18 8 7 -9 9 -11 11 19 15 -15 -16 -17 -18 -19 -20 20 22 -23 -24 -25 26 27 -28 29 -30 -31
leaf_value=-0.011118428615469822 -0.00040529675938131936 -0.003214470901750911 -0.0015204277832793643 -0.002616689124143983 -0.0019989855444180736 -0.017529245182866526 0.012532694427521321 -9.2220198019403603e-05 0.015917715875883445 0.0010386732173773277 -0.0069065800897465286 0.010785579146061423 0.018091652816484949 -0.014386784131386596 0.0088388814965421596 0.00020817426984712223 0.007059671953648948 -0.00042097005208657995 0.012333498839132862 -0.0056999670251478944 -0.00037422584480696527 0 -0.0075148687734238571 0.0058724634465988686 0.0078520389016636678 0.00010607167029730426 -0.0041448054734719653 0.012929575229327923 0 -0.0025025236016003095
leaf_weight=560 1020 6285 656 9854 232 244 415 120998 376 62408 266 491 510 294 579 212 1964 351 517 3476 91470 2353 887 2132 256 468 2009 905 454 103
leaf_count=560 1020 6285 656 9854 232 244 415 120998 376 62408 266 491 510 294 579 212 1964 351 517 3476 91470 2353 887 2132 256 468 2009 905 454 103
internal_value=-9.0453e-06 -6.80227e-05 0.000234474 0.000171383 -0.00185615 0.000289173 -9.96555e-05 -4.45396e-05 0.001042 0.0011376 -0.000630694 -0.000466324 0.00448625 -0.00103386 0.00349041 0.013392 0.00480249 -0.00826651 0.00756742 -0.000563211 -0.000625581 -0.00338209 -0.000447665 0.00255709 0.000991352 0.00436498 -0.00260072 0.0078234 0.00548483 0.0110428
internal_weight=312745 305852 198575 195955 10603 185352 121973 121413 63379 62784 107277 100992 1861 1139 845 722 2620 595 749 99131 98186 5829 92357 6893 4761 2496 2265 1476 945 1008
internal_count=312745 305852 198575 195955 10603 185352 121973 121413 63379 62784 107277 100992 1861 1139 845 722 2620 595 749 99131 98186 5829 92357 6893 4761 2496 2265 1476 945 1008
is_linear=0
shrinkage=0.03


Tree=33
num_leaves=31
num_cat=0
split_feature=214 232 289 174 239 41 297 155 283 344 48 293 230 174 212 57 286 42 232 111 115 119 155 178 103 45 207 220 44 182
split_gain=61.0364 42.5751 65.6028 57.2268 47.0456 41.8857 69.379 65.8339 69.9227 74.3311 54.6212 107.382 87.2256 81.8791 44.4771 42.0723 67.6357 79.2485 51.3999 52.7832 50.5781 38.2858 37.6938 35.4102 30.9887 28.8031 28.4572 27.7799 42.6124 27.6279
threshold=1.9780081510543825 1.9018129706382754 1.2554734945297243 -0.55679339170455922 0.49246571958065039 -3.9510214328765865 -3.0865808725357051 -3.2706165313720699 -3.0331786870956416 -0.0034220929956063624 -2.2930871248245235 -2.198326468467712 -3.4948600530624385 2.8510910272598271 -2.0462943315505977 -0.15721807628870008 -2.1139324903488155 -1.69801789522171 -3.4558243751525874 -2.8949698209762569 -1.8087954521179197 0.52549967169761669 -3.6557245254516597 -0.87463724613189686 1.7790833711624148 2.0450227260589604 2.0045485496521001 2.2370158433914189 0.54132840037345897 -2.176298856735229
decision_type=2 2 2 2 2 2 2 2 2 2 2 2 2 2 2 2 2 2 2 2 2 2 2 2 2 2 2 2 2 2
left_child=5 2 4 -4 -2 6 -1 8 -7 29 11 14 -13 -14 -9 18 20 -18 23 -20 -17 -16 -8 -12 -3 -26 -27 28 -6 -10
right_child=1 24 3 -5 27 7 22 10 9 -11 15 12 13 -15 21 16 17 -19 19 -21 -22 -23 -24 -25 25 26 -28 -29 -30 -31
leaf_value=-0.015800151921423165 0.0017321665097983325 -0.0022218980099154855 0.0146053618270671 -0.0037203324987328183 0 -0.0042168211176502124 0.0046755680617237101 -0.0042066441269231203 0.019989223395138152 -0.0031565162288144421 0 0.02082500829139906 0.0069979696803429926 -0.0078174994823038864 0 0.0088903152528405187 0.0050600513866580757 0.00012788557518134805 -0.014488129993270977 -0.00055397502546116069 -0.010815133077237986 0.011043820809082765 -0.0079951913451630219 0.021824293475898524 0.01662965728938956 0 0.007925625160566694 0 0.019502856966256248 0.004879224640444095
leaf_weight=384 1572 296 140 2223 108 334 487 1769 476 214 122 349 2180 361 924 105 2969 169727 227 122993 780 360 338 135 277 530 1307 123 376 237
leaf_count=384 1572 296 140 2223 108 334 487 1769 476 214 122 349 2180 361 924 105 2969 169727 227 122993 780 360 338 135 277 530 1307 123 376 237
internal_value=-6.68947e-07 0.00277383 0.00097478 -0.00239524 0.00475434 -6.49712e-05 -0.005594 -4.16492e-05 0.00674257 0.0110137 -7.13163e-05 0.0027693 0.00690773 0.00473138 -0.00107001 -0.000129339 0.000170459 0.000214993 -0.000553176 -0.000584426 -0.0080009 0.0030196 -0.000226941 0.0123073 0.00600501 0.00730754 0.00557635 0.0117977 0.0149252 0.0156461
internal_weight=312423 6952 4542 2363 2179 305471 1209 304262 1261 927 303001 5943 2890 2541 3053 297058 173581 172696 123477 123220 885 1284 825 257 2410 2114 1837 607 484 713
internal_count=312423 6952 4542 2363 2179 305471 1209 304262 1261 927 303001 5943 2890 2541 3053 297058 173581 172696 123477 123220 885 1284 825 257 2410 2114 1837 607 484 713
is_linear=0
shrinkage=0.03


Tree=34
num_leaves=31
num_cat=0
split_feature=58 173 128 112 3 19 57 186 225 152 90 51 170 111 343 56 36 274 167 236 228 114 289 234 299 96 38 30 48 55
split_gain=49.4452 61.6641 72.0616 68.1953 70.2874 61.2936 113.973 57.828 55.9612 56.8905 70.4462 58.787 53.0881 84.5292 51.7481 52.1904 50.9083 50.7506 50.7173 48.6752 45.4684 58.1026 44.1962 43.497 44.2508 42.2489 50.3815 41.6756 40.278 40.175
threshold=0.2830717414617539 -0.2444401681423187 -2.2536641359329219 -1.6134659051895139 -1.4125493168830869 -1.3584660291671751 1.6741985082626345 -2.5573848485946651 -4.1120736598968497 -3.3197313547134395 -2.8645658493041988 2.198550939559937 -0.11250812560319899 1.5204164385795595 -0.014771071728318928 -2.1565068960189815 1.6335563063621523 -2.8404986858367915 -0.83996126055717457 -0.45531366765499109 -2.7839971780776973 -1.3566684126853941 -0.36862063407897944 1.4201390743255617 -2.5196251869201656 -1.3835574984550474 -2.4689255952835079 -1.7809662222862241 2.161297202110291 0.039370011538267143
decision_type=2 2 2 2 2 2 2 2 2 2 2 2 2 2 2 2 2 2 2 2 2 2 2 2 2 2 2 2 2 2
left_child=8 2 18 4 -4 6 7 -3 -1 14 -11 17 -9 -14 -10 -16 20 22 29 -17 -5 -22 -12 -13 -25 26 -8 -27 -19 -2
right_child=1 5 3 16 -6 -7 25 12 9 10 11 23 13 -15 15 19 -18 28 -20 -21 21 -23 -24 24 -26 27 -28 -29 -30 -31
leaf_value=-0.0081307741412477985 -0.011116389425625919 -0.0092966827713019812 -4.5161367967960257e-05 0.016892487877936808 0.0099518022593001361 -9.0281835022926305e-05 0.018141814330022554 -0.0021051229483660828 -0.0041547164040751598 -0.0068319858544165285 0.003554370374819771 0.010464620008807797 0.0072563354638340797 -0.0088717687849850131 0.021144286562946788 -0.0014667279937785813 0.012674445743047746 -0.00024985110538815978 0.002424891672763092 0.014622158163871902 -0.0038598185613070027 0.0017446489318671571 0.024244861059955186 0.015049734287481952 -0.0015476025172593225 0.032297180792713751 -0.0017219206448974803 0.010786458719315524 -0.0064925349039619204 0.0047417555786025906
leaf_weight=788 836 451 866 153 1855 75852 127 1682 272 1435 627 774 1934 311 256 398 356 196610 538 240 1763 20616 106 149 895 102 431 850 919 132
leaf_count=788 836 451 866 153 1855 75852 127 1682 272 1435 627 774 1934 311 256 398 356 196610 538 240 1763 20616 106 149 895 102 431 850 919 132
internal_value=3.36138e-05 0.000550465 0.00179054 0.00217442 0.00668355 0.000135097 0.00307979 0.000541307 -0.000241452 -0.0002085 -0.000248465 -0.00019907 0.00178855 0.00483105 0.00633332 0.00987362 0.00161989 -0.000249998 -0.00448348 0.00439007 0.00142085 0.00128669 0.00750934 0.00513398 0.000777583 0.0101404 0.00275132 0.0140169 -0.000281068 -0.00859806
internal_weight=312324 108855 27115 25609 2721 81740 5888 4378 203469 202681 201515 200080 3927 2245 1166 894 22888 198262 1506 638 22532 22379 733 1818 1044 1510 558 952 197529 968
internal_count=312324 108855 27115 25609 2721 81740 5888 4378 203469 202681 201515 200080 3927 2245 1166 894 22888 198262 1506 638 22532 22379 733 1818 1044 1510 558 952 197529 968
is_linear=0
shrinkage=0.03


Tree=35
num_leaves=31
num_cat=0
split_feature=298 171 229 168 20 65 119 293 179 24 32 234 176 65 84 115 226 213 116 239 179 122 94 269 31 179 100 290 299 235
split_gain=41.1644 54.8608 75.0879 67.4557 62.5313 65.2942 90.7974 60.4436 55.2846 73.6 63.8073 55.1197 52.2519 87.3246 62.4749 49.2359 45.4181 99.6783 44.5552 44.43 42.151 41.9818 78.4039 103.866 46.6081 67.6953 46.6036 43.315 81.0828 42.4088
threshold=-0.11536978930234908 0.14561866968870166 0.16612708568573001 -0.60853227972984303 2.4757483005523686 -2.3059802055358882 -0.52251267433166493 1.1291346549987795 1.1774381399154665 -3.246577143669128 -2.2376350164413448 -1.1976926922798155 -0.40597845613956446 -2.3059802055358882 -1.7542810440063474 -0.56775358319282521 -4.2024707794189444 -3.6959277391433711 -1.8763526082038877 -1.7579826116561887 -0.37052188813686365 0.43339896202087408 0.99792438745498668 -0.016549435444176194 0.63399615883827221 0.30614402890205389 1.5349430441856386 -1.3271410465240476 0.46878033876419073 -0.25939507782459253
decision_type=2 2 2 2 2 2 2 2 2 2 2 2 2 2 2 2 2 2 2 2 2 2 2 2 2 2 2 2 2 2
left_child=1 8 3 11 5 6 -4 -5 16 18 -11 -3 13 14 -2 -7 -1 -18 -10 -14 -19 22 24 -24 29 -26 -25 28 -23 -21
right_child=12 2 4 7 -6 15 -8 -9 9 10 -12 -13 19 -15 -16 -17 17 20 -20 21 -22 27 23 26 25 -27 -28 -29 -30 -31
leaf_value=-0.0092843827200938273 -0.01378075096395877 -0.0096142284656034228 0.019504421412536239 -0.0043065649832755301 0.0077304126483447267 -0.0048831672169065135 -0.0079679502244413784 -0.015456780093698993 -0.018852892493800327 0.014210204821385776 0.0029373146991124393 0.0043569310086027917 0.0044463636935015245 0.0020777803365548287 0.0059554709644289681 -0.00060555594632633882 0.014070410330486463 0.00026728910927319892 0.0024448072711626685 -0.0012732723801955278 -0.0011020254031044857 -0.0038785208802095011 0.021405764810339494 0.00096642143752025448 0.00020470701447958191 -0.0053939058278274603 0.0070590513885719136 -0.00076814094233836798 0.017998040393711282 0.0006570032473091948
leaf_weight=465 517 288 298 6161 761 2712 132 485 174 583 2363 1292 2111 20933 160 24395 426 67085 115 11660 28852 252 271 4062 4784 3145 1637 46488 292 79192
leaf_count=465 517 288 298 6161 761 2712 132 485 174 583 2363 1292 2111 20933 160 24395 426 67085 115 11660 28852 252 271 4062 4784 3145 1637 46488 292 79192
internal_value=3.34422e-05 -0.000356014 -0.00135087 -0.00387696 -0.000603741 -0.00085039 0.0104251 -0.0052092 4.31839e-06 0.00385283 0.00535009 0.00153444 0.000338254 0.00172018 -0.00864889 -0.00104787 -0.000121931 -7.26875e-05 -0.00979745 0.000142055 -0.000141535 7.96362e-05 0.0004157 0.0037514 0.000210346 -0.0019862 0.00278751 -0.000662337 0.00755396 0.000405743
internal_weight=312091 136587 36524 8226 28298 27537 430 6646 100063 3235 2946 1580 175504 21610 677 27107 96828 96363 289 153894 95937 151783 104751 5970 98781 7929 5699 47032 544 90852
internal_count=312091 136587 36524 8226 28298 27537 430 6646 100063 3235 2946 1580 175504 21610 677 27107 96828 96363 289 153894 95937 151783 104751 5970 98781 7929 5699 47032 544 90852
is_linear=0
shrinkage=0.03


Tree=36
num_leaves=31
num_cat=0
split_feature=200 122 228 98 167 207 190 12 293 189 55 80 166 294 208 234 117 237 195 11 83 284 235 156 48 320 100 239 159 83
split_gain=58.8938 37.3085 60.8369 51.5835 90.1506 59.1828 74.3455 75.7513 73.7403 65.2413 48.4828 65.9489 81.087 54.7297 49.3984 86.576 69.5031 61.1619 46.1708 45.0884 47.105 43.8705 37.4695 36.0654 35.0552 33.9031 33.397 42.9614 33.1255 32.7142
threshold=3.1808600425720219 0.31947092711925512 -3.0809512138366695 -2.1098622083663936 -1.2217763066291807 0.064330987632274642 0.35341365635395056 -0.70377203822135914 0.27544541656970983 0.76294925808906566 1.3626052141189577 -3.4401252269744869 -0.60559004545211781 1.6705665588378908 -1.9073942899703977 -1.3876665234565733 2.6912339925765996 0.59110605716705333 0.2245631888508797 0.080055449157953276 0.43310484290122991 -1.5103052854537962 1.0447730422019961 0.94815084338188182 -3.4460711479187007 -0.010257196146994827 -2.0989893674850459 -0.96430686116218556 1.8705643415451052 -1.5479496121406553
decision_type=2 2 2 2 2 2 2 2 2 2 2 2 2 2 2 2 2 2 2 2 2 2 2 2 2 2 2 2 2 2
left_child=1 10 -3 4 -4 9 7 -7 -8 23 11 12 26 19 15 -12 -17 22 24 20 -13 -21 -16 -5 -15 -2 -1 -28 29 -19
right_child=25 2 3 5 -6 6 8 -9 -10 -11 14 13 -14 18 17 16 -18 28 -20 21 -22 -23 -24 -25 -26 -27 27 -29 -30 -31
leaf_value=-0.015161353792365995 0.010540583187455379 0.012186781779363717 -0.0058280409506179997 -0.0009906308309597532 0.019856562244984291 0.020341178586508038 0.0011063767947509021 -0.0031833704333658853 -0.00087376802870608159 -0.0057352449209546828 -0.014657777822829539 1.7952538530337434e-05 0.012180515950336278 0.0057757405779696996 0.004450099656840535 0.013101547480449838 -0.0037054889353448778 0.0085466749624139738 0.0054598752602056082 0.00983863282506626 -0.002439707577730218 0.00093842758885944789 -0.0052807252132535364 -0.013170086363771635 -0.010009510717944809 -6.7886817366039998e-05 0.010606067028310564 -0.011756483940515925 0.0097147961182875719 0.0012006075418609431
leaf_weight=585 723 313 176 12584 271 102 30937 9098 37308 3844 118 159609 129 105 403 1055 237 607 228 494 7312 36228 1655 208 1069 340 115 152 545 6043
leaf_count=585 723 313 176 12584 271 102 30937 9098 37308 3844 118 159609 129 105 403 1055 237 607 228 494 7312 36228 1655 208 1069 340 115 152 545 6043
internal_value=-4.89639e-05 -7.41903e-05 -0.000571001 -0.000618987 0.00928472 -0.000671193 -0.000317695 -0.00284646 1.95429e-05 -0.00229645 0.000141904 3.82372e-05 -0.00764038 7.71787e-05 0.002113 0.00734901 0.00978038 0.00126864 -0.00578364 0.000119565 -8.8188e-05 0.00107161 -0.00320636 -0.00123234 -0.00827336 0.00693187 -0.011196 -0.00101148 0.00259555 0.00193974
internal_weight=312593 311530 94841 94528 447 94081 77445 9200 68245 16636 216689 206026 981 205045 10663 1410 1292 9253 1402 203643 166921 36722 2058 12792 1174 1063 852 267 7195 6650
internal_count=312593 311530 94841 94528 447 94081 77445 9200 68245 16636 216689 206026 981 205045 10663 1410 1292 9253 1402 203643 166921 36722 2058 12792 1174 1063 852 267 7195 6650
is_linear=0
shrinkage=0.03


Tree=37
num_leaves=31
num_cat=0
split_feature=216 102 110 159 164 196 8 11 96 205 93 98 181 283 172 290 236 220 36 186 255 110 52 55 160 181 31 179 283 237
split_gain=51.6391 51.3137 74.7206 61.8026 61.1207 61.2281 79.9286 61.6356 58.1187 56.8437 66.4156 54.8857 48.342 42.5637 53.1798 42.2778 41.8538 41.7313 41.2665 40.15 39.5151 38.1163 54.9754 53.9372 42.5863 39.2999 63.6886 45.1952 37.2477 33.4635
threshold=1.8873244524002077 -0.046559896320104592 -0.49203199148178095 -1.514944791793823 1.5618576407432558 0.92772731184959423 0.55667021870613109 0.13233572989702228 -0.19887068867683408 -1.2015476822853086 0.42271144688129431 -2.1896699666976924 -2.8644033670425411 1.1347632408142092 0.071694329380989089 -2.2367253303527828 1.1700290441513064 0.28272652626037603 0.76261171698570263 -1.817214787006378 -1.0000000180025095e-35 1.3215159177780154 2.1037273406982426 2.664409995079041 2.8321679830551152 2.6472096443176274 2.3017810583114628 -0.07253039255738257 -0.14705289155244824 1.2266462445259096
decision_type=2 2 2 2 2 2 2 2 2 2 2 2 2 2 2 2 2 2 2 2 2 2 2 2 2 2 2 2 2 2
left_child=1 4 19 -4 5 6 7 16 15 10 17 -9 -11 14 -2 -8 -1 -5 -7 -3 -21 24 23 -23 25 26 -15 -28 -10 -16
right_child=13 2 3 9 -6 18 8 11 28 12 -12 -13 -14 21 29 -17 -18 -19 -20 20 -22 22 -24 -25 -26 -27 27 -29 -30 -31
leaf_value=0.00011469659911477126 0.0060633713994665359 0.0029955116508788415 0.016114686391441726 -0.0029198324626141573 -0.010921174887688526 0.0045629386845683958 0.0069968455654861447 0.01520793385166979 -0.0017513548546254105 0.018335767988973538 0.01359362604854974 0.0019432754929683588 -0.00016291758316220629 0.0062170653532424951 -0.011664046036555331 -0.0054666070152293179 0.003149270214843328 -0.01137987552310228 -0.0033796877310701651 -0.0057384734175466275 -0.0018980501858060802 0 0.0049363045801950655 -0.014821835902569762 -0.0018074697073428481 -0.0033313114966563497 0.00039196805397341073 0.027014665379837103 0.0039612854019545323 0.0028014454699375412
leaf_weight=109218 322 1015 188 1981 408 4678 222 274 3508 107 147 16173 142697 1182 528 4382 4246 794 614 3558 8813 2274 2418 221 374 174 101 276 1427 145
leaf_count=109218 322 1015 188 1981 408 4678 222 274 3508 107 147 16173 142697 1182 528 4382 4246 794 614 3558 8813 2274 2418 221 374 174 101 276 1427 145
internal_value=2.8837e-05 -3.28404e-05 -0.000405496 -0.000206301 0.000374077 0.000409493 0.000286693 0.000483354 -0.00235564 -0.000231623 -0.00436291 0.00220068 -0.000144391 0.00240324 -0.00320787 -0.00477309 0.000231434 -0.00551192 0.00357567 -0.0025509 -0.00303428 0.00324802 0.00170439 -0.00132284 0.00665645 0.00865397 0.0102069 0.0210171 -2.96266e-05 -0.00812361
internal_weight=312465 304450 159300 145914 145150 144742 139450 129911 9539 145726 2922 16447 142804 8015 995 4604 113464 2775 5292 13386 12371 7020 4913 2495 2107 1733 1559 377 4935 673
internal_count=312465 304450 159300 145914 145150 144742 139450 129911 9539 145726 2922 16447 142804 8015 995 4604 113464 2775 5292 13386 12371 7020 4913 2495 2107 1733 1559 377 4935 673
is_linear=0
shrinkage=0.03


Tree=38
num_leaves=31
num_cat=0
split_feature=74 121 98 57 232 13 190 153 57 298 53 115 154 89 225 56 107 3 178 31 240 119 279 294 238 232 38 172 118 164
split_gain=42.0245 65.906 88.782 61.6755 56.9108 54.3414 66.7807 55.2372 46.2837 64.696 62.9051 63.3174 56.4269 101.229 52.5625 50.726 85.7318 49.7609 66.7433 53.22 48.2633 47.9842 46.7384 45.3119 55.1913 53.6812 64.4479 42.7867 54.4652 50.827
threshold=1.5763449072837832 0.4563883244991303 -2.1098622083663936 -0.87944763898849476 -2.9725939035415645 -1.0427891016006468 0.14720503985881808 -1.4542267322540281 -0.12517306208610532 1.2668995261192324 1.1747195124626162 1.8326069712638857 1.1056980490684511 -0.45097017288208002 -4.1120736598968497 -0.055658895522356026 0.60525444149971019 -2.6388005018234248 2.0328546762466435 0.55393382906913768 -2.6986544132232662 0.88498061895370495 1.7549400329589846 -1.4017283320426939 -1.4055725932121275 2.0080771446228032 0.79948535561561596 -0.13161417841911313 -1.1457065939903257 1.3552591800689699
decision_type=2 2 2 2 2 2 2 2 2 2 2 2 2 2 2 2 2 2 2 2 2 2 2 2 2 2 2 2 2 2
left_child=1 8 3 -3 -4 -6 -7 -8 9 10 11 14 17 -14 -1 16 -12 18 -10 20 -19 -21 -15 24 -2 26 -25 28 -28 -29
right_child=23 2 4 -5 5 6 7 -9 12 -11 15 -13 13 22 -16 -17 -18 19 -20 21 -22 -23 -24 25 -26 -27 27 29 -30 -31
leaf_value=-0.0084027504166399123 -7.5860466729535386e-05 0.026093632293651338 0.0113697977988021 0 0.01707569093251288 -0.0044102634738449739 -0.015721336606791061 -0.00078498152855109376 -0.0082887552982044699 -0.01550214817158495 -0.0192675876537402 0.01738387184602249 0.023375356068579167 0.00086512952537517627 -0.00015455878725895717 -0.0010763206667106933 -0.00015338598207608197 0.017548423000133609 0.0051987839326040628 -0.00033129078773486668 0.00066020405434189129 -0.004743638726538677 0.007591951445473452 0.0039450961121827331 0.013730350086602295 0.0048024385093223595 -0.0087494503428646609 -0.0051205253186937831 0.0080924275264791807 2.6414764217243774e-06
leaf_weight=682 395 163 308 188 126 5170 206 60979 1234 233 474 164 206 3880 102590 1220 426 134 404 10151 104859 2887 1265 2862 562 2741 187 2952 785 3934
leaf_count=682 395 163 308 188 126 5170 206 60979 1234 233 474 164 206 3880 102590 1220 426 134 404 10151 104859 2887 1265 2862 562 2741 187 2952 785 3934
internal_value=-2.89737e-05 -0.000106506 -0.000934188 0.0136467 -0.00101937 -0.00108468 -0.00112882 -0.000845292 0.000133019 -0.000327029 -0.000287761 -0.000179394 0.000524691 0.00353984 -0.00021355 -0.00538376 -0.0107463 0.000386793 -0.00475863 0.000461535 0.000687953 -0.00133706 0.00260013 0.00155038 0.0078399 0.00107001 8.05659e-05 -0.00129531 0.00443878 -0.00215867
internal_weight=312367 297949 67140 351 66789 66481 66355 61185 230809 105789 105556 103436 125020 5351 103272 2120 900 119669 1638 118031 104993 13038 5145 14418 957 13461 10720 7858 972 6886
internal_count=312367 297949 67140 351 66789 66481 66355 61185 230809 105789 105556 103436 125020 5351 103272 2120 900 119669 1638 118031 104993 13038 5145 14418 957 13461 10720 7858 972 6886
is_linear=0
shrinkage=0.03


Tree=39
num_leaves=31
num_cat=0
split_feature=57 196 171 115 54 102 146 161 245 106 118 163 178 223 148 94 178 20 235 165 232 228 197 94 200 106 87 210 288 102
split_gain=46.6357 51.637 57.3316 78.0483 64.343 70.5842 65.716 86.3772 84.863 54.6646 55.9716 44.2729 40.4597 54.6771 51.4265 112.681 60.8154 105.042 79.0319 61.159 58.885 85.3842 78.9016 56.4361 55.0092 83.8284 50.5325 56.5567 48.9547 47.5402
threshold=-0.095871146768331514 1.6701425909996035 0.096343412995338454 1.6253110170364382 -0.42441163957118982 -2.1469424962997432 -1.1863985657691953 0.0084974514320492762 -2.2471684217452998 1.3383297324180605 0.67492684721946727 1.096141576766968 0.56709814071655285 1.7268217802047732 -0.23316711187362668 0.53341403603553783 2.4239155054092412 -2.4650402069091792 1.1257380843162539 -2.1976506710052486 1.6236336231231692 1.6706552505493166 1.7879133224487307 1.7172904014587405 -1.7014714479446409 -0.87968003749847401 -1.5294806361198423 -0.5914197266101836 -1.7405744194984434 1.0000000180025095e-35
decision_type=2 2 2 2 2 2 2 2 2 2 2 2 2 2 2 2 2 2 2 2 2 2 2 2 2 2 2 2 2 2
left_child=1 2 3 9 -4 -6 7 -7 -8 10 -1 -11 13 26 15 16 17 18 -14 -19 21 23 -23 -16 25 -18 -2 -28 -26 -29
right_child=12 -3 4 -5 5 6 8 -9 -10 11 -12 -13 14 -15 20 -17 24 19 -20 -21 -22 22 -24 -25 28 -27 27 29 -30 -31
leaf_value=-2.0616329810495094e-05 0.0039614594835539621 0.003017416601104331 -0.0043226912956888398 0.017237048962117519 0.010888896928854244 -0.0023744476486818379 0.012597056035618892 -0.016959714276028749 -0.00092267231708575872 -0.016490728757092704 -0.0086238647165298252 0 -0.010652841713329378 0.0060821723291629862 -0.0012668864996953884 0.014150407921683764 0.0020087418318130556 -0.0061778143409835905 0.0080623837842186286 0.0011871864431458074 0.0014870476987773891 -0.0027889935367285909 -0.014912074409656563 0.0036137108747177102 0.0090338262527207419 0.016948167364550501 -0.0011998566808493981 0.0016618591736975523 -0.0035475175718363621 0.00022283868614455786
leaf_weight=98443 3962 3894 6058 213 425 1466 402 503 27271 312 666 228 1247 1680 31461 553 843 1061 208 14782 8103 1585 743 2241 376 620 14859 34532 913 52862
leaf_count=98443 3962 3894 6058 213 425 1466 402 503 27271 312 666 228 1247 1680 31461 553 843 1061 208 14782 8103 1585 743 2241 376 620 14859 34532 913 52862
internal_value=3.63026e-05 -0.000369726 -0.000469352 -9.55568e-05 -0.00149373 -0.000911274 -0.0010978 -0.00638429 -0.000706485 -0.000139067 -8.31837e-05 -0.00949058 0.000367045 0.000723405 -0.000222304 0.00100818 0.000617017 -2.68166e-05 -0.00770097 0.000667876 -0.000803733 -0.00132778 -0.00688 -0.000931506 0.00474312 0.00868535 0.000634693 0.000502108 0 0.000795121
internal_weight=312512 139881 135987 99862 36125 30067 29642 1969 27673 99649 99109 540 172631 107895 64736 20603 20050 17298 1455 15843 44133 36030 2328 33702 2752 1463 106215 102253 1289 87394
internal_count=312512 139881 135987 99862 36125 30067 29642 1969 27673 99649 99109 540 172631 107895 64736 20603 20050 17298 1455 15843 44133 36030 2328 33702 2752 1463 106215 102253 1289 87394
is_linear=0
shrinkage=0.03


Tree=40
num_leaves=31
num_cat=0
split_feature=57 298 214 145 171 145 280 125 296 115 283 47 276 58 119 228 168 229 178 148 94 298 106 238 53 217 222 175 271 172
split_gain=48.4083 69.5498 44.495 55.6712 42.2523 59.7225 71.9725 57.3931 88.1922 53.2619 45.3474 98.0103 71.514 58.6931 55.9732 45.0084 42.2135 58.9099 42.0841 64.0986 74.7466 59.8285 56.4011 50.2476 44.0281 61.8582 42.852 44.3355 40.7843 36.8683
threshold=-0.095871146768331514 1.2668995261192324 1.9780081510543825 2.1632738113403325 0.064003545790910735 -1.2259039878845213 0.27304545044898992 -2.2952544689178462 -0.10266212746500968 1.4344680309295657 -2.1050523519515987 -1.9686293005943296 -2.8068093061447139 0.73155567049980175 1.6766179203987124 -3.0809512138366695 -0.68642711639404286 -2.5376244783401485 0.74075323343276989 -0.24199233204126355 0.53341403603553783 1.7456666827201845 1.651233494281769 0.37913773953914648 -2.3280836343765254 -2.659929513931274 -1.0615177154541013 1.2994702458381655 -0.13701666891574857 -0.94894304871559132
decision_type=2 2 2 2 2 2 2 2 2 2 2 2 2 2 2 2 2 2 2 2 2 2 2 2 2 2 2 2 2 2
left_child=1 4 3 18 9 6 16 8 -7 10 13 15 -13 14 -1 -12 17 -6 22 20 21 -20 24 -24 -2 -26 28 -28 -21 -11
right_child=2 -3 -4 -5 5 7 -8 -9 -10 29 11 12 -14 -15 -16 -17 -18 -19 19 26 -22 -23 23 -25 25 -27 27 -29 -30 -31
leaf_value=-0.0024527328661509968 -0.0093702194800169506 -0.015004295572803798 0.0031513509694504043 -0.0054098813094417093 -0.012812826821150688 -0.0049848175306859265 -0.018169361627428542 -0.00091404773938649124 0.022754505103049071 0.022699601481294934 0.017665988738292997 0.010641849067322509 -0.00012826301459753449 -0.014859438324347139 0.014350090914596263 0.0042361266256980184 -0.0055232211389844455 0.0053389905967268564 -0.00028722256497605147 -0.0040799360885284842 0.012915098465933276 0.0040132557632750537 0.0019109085179773945 0.011849635038581273 0.0083331673410356154 0.00051939736432334775 -0.0022186392590855071 0.00023895488256572614 0.010410296319345575 0
leaf_weight=5035 378 273 5034 1504 175 150 321 36493 210 137 255 538 89966 322 161 2411 2380 810 12145 211 450 3768 1470 723 905 115889 20194 9499 514 112
leaf_count=5035 378 273 5034 1504 175 150 321 36493 210 137 255 538 89966 322 161 2411 2380 810 12145 211 450 3768 1470 723 905 115889 20194 9499 514 112
internal_value=3.51605e-05 -0.000378849 0.000371951 0.000286339 -0.000345925 -0.00116145 -0.00480805 -0.000786172 0.0107529 -8.56926e-06 -4.7926e-05 0.000105724 -5.85891e-05 -0.00268746 -0.00182155 0.00575435 -0.00334501 0.00162474 0.000340353 -0.000418326 0.00108516 0.000716008 0.000640224 0.0054006 0.000547662 0.000583928 -0.00123715 -0.00142271 0.00579414 0.0133186
internal_weight=312433 139749 172684 167650 139476 40539 3686 36853 360 98937 98688 93170 90504 5518 5196 2666 3365 985 166146 46781 16363 15913 119365 2193 117172 116794 30418 29693 725 249
internal_count=312433 139749 172684 167650 139476 40539 3686 36853 360 98937 98688 93170 90504 5518 5196 2666 3365 985 166146 46781 16363 15913 119365 2193 117172 116794 30418 29693 725 249
is_linear=0
shrinkage=0.03


Tree=41
num_leaves=31
num_cat=0
split_feature=90 122 98 55 80 166 109 103 227 292 5 206 112 116 179 267 234 237 62 263 50 11 53 46 82 189 233 50 100 115
split_gain=43.5302 43.7458 54.4506 50.7196 46.4763 94.724 44.9163 56.6437 43.9441 122.354 60.6105 56.248 54.3785 55.9432 54.3067 42.6982 83.4069 46.9525 51.9493 64.1354 45.1023 41.934 60.9368 48.943 42.5985 41.1565 42.4771 33.9918 32.817 49.6918
threshold=2.1541248559951787 0.30973136425018316 -2.1896699666976924 1.3626052141189577 -3.4401252269744869 -0.67141491174697865 -2.6791043281555171 -1.0189413428306577 -0.15016328543424604 0.10425189509987833 0.32604722678661352 2.2624901533126835 -2.5907844305038448 0.65422242879867565 -0.08021551743149756 -1.9615583419799802 -1.3876665234565733 0.67920422554016124 -0.72590366005897511 -0.25820863246917719 0.9869060516357423 0.080055449157953276 1.3518466949462893 0.87895026803016674 0.34568233788013464 -0.32861272990703577 1.8882501125335696 -0.70120894908905018 2.1494743824005131 3.0934118032455449
decision_type=2 2 2 2 2 2 2 2 2 2 2 2 2 2 2 2 2 2 2 2 2 2 2 2 2 2 2 2 2 2
left_child=1 3 27 4 5 -1 7 -4 12 10 -10 -11 14 -14 -8 16 -5 18 -17 -20 -18 22 24 -24 -6 -23 -27 -3 29 -19
right_child=-2 2 6 15 21 -7 8 -9 9 11 -12 -13 13 -15 -16 17 20 28 19 -21 -22 25 23 -25 -26 26 -28 -29 -30 -31
leaf_value=-0.010688083992909157 0.0025909021041401509 0 -0.0033739797114149517 -0.014980828916611334 0.00010922051871884187 0.014079323605590615 0.01591005815016136 0.018030116352073952 -0.0030547997908596664 -0.0009488414294795606 0.0023752121145000932 -0.009104564921297572 -0.002494633645522785 0.0020365640877241164 -0.0053392457838354621 -0.0071776348272483866 0.011765151181759645 0.0029068767497943599 0.013756065496809359 -0.0017647382665682318 -0.0039552067301905991 0.0080773551348653841 -0.0071802686830430267 0.00040509200655723329 -0.0021130813825837192 0.00080389621226836664 0.015091012364706871 0.018294817687984993 0.012480836232527366 -0.0074282117137458989
leaf_weight=803 5741 178 151 111 156163 140 284 238 2018 47265 16656 764 21370 2681 129 1032 1101 6149 288 979 151 725 1915 1145 8149 35114 171 201 289 416
leaf_count=803 5741 178 151 111 156163 140 284 238 2018 47265 16656 764 21370 2681 129 1032 1101 6149 288 979 151 725 1915 1145 8149 35114 171 201 289 416
internal_value=6.46586e-06 -4.10871e-05 -0.000589462 0.000192211 8.60077e-05 -0.00648349 -0.000640606 0.00922939 -0.000688025 -0.000283569 0.00176973 -0.00108855 -0.00177742 -0.0019758 0.00863998 0.00222317 0.00719444 0.00143611 -0.0021893 0.00168912 0.00960094 0.000118577 -7.96051e-05 -0.00426035 0 0.00104757 0.000890142 0.0104265 0.00269863 0.00218585
internal_weight=312517 306776 91935 214841 204325 943 91556 389 91167 66703 18674 48029 24464 24051 413 10516 1363 9153 2299 1267 1252 203382 167372 3060 164312 36010 35285 379 6854 6565
internal_count=312517 306776 91935 214841 204325 943 91556 389 91167 66703 18674 48029 24464 24051 413 10516 1363 9153 2299 1267 1252 203382 167372 3060 164312 36010 35285 379 6854 6565
is_linear=0
shrinkage=0.03


end of trees

feature_importances:
CLOSE1=32
HIGH18=23
CLOSE4=21
VWAP1=21
OPEN17=19
LOW7=19
OPEN4=18
HIGH8=18
LOW11=18
HIGH1=17
LOW0=17
OPEN21=16
LOW3=16
CLOSE6=15
HIGH0=15
LOW5=15
OPEN5=14
VWAP0=14
CLOSE2=13
OPEN1=13
CLOSE48=12
CLOSE11=12
OPEN9=12
HIGH11=12
LOW53=12
LOW12=12
VWAP3=12
OPEN26=10
OPEN6=10
OPEN0=10
HIGH57=10
HIGH12=10
HIGH7=10
HIGH4=10
LOW1=10
CLOSE9=9
CLOSE3=9
OPEN29=9
OPEN13=9
HIGH2=9
CLOSE7=8
OPEN25=8
HIGH14=8
LOW14=8
LOW10=8
LOW4=8
LOW2=8
CLOSE8=7
OPEN23=7
HIGH20=7
HIGH9=7
HIGH5=7
LOW34=7
LOW22=7
LOW21=7
VWAP24=7
VWAP9=7
VWAP2=7
CLOSE28=6
CLOSE24=6
CLOSE23=6
OPEN43=6
OPEN19=6
OPEN12=6
OPEN10=6
OPEN7=6
OPEN3=6
HIGH28=6
HIGH24=6
HIGH3=6
LOW23=6
LOW15=6
LOW9=6
VWAP29=6
VWAP19=6
VWAP7=6
CLOSE52=5
CLOSE16=5
OPEN39=5
OPEN11=5
OPEN2=5
HIGH32=5
HIGH16=5
HIGH15=5
HIGH13=5
HIGH6=5
LOW58=5
LOW49=5
LOW41=5
LOW36=5
LOW33=5
LOW31=5
VWAP40=5
VWAP16=5
VWAP10=5
VWAP6=5
VWAP5=5
CLOSE59=4
CLOSE46=4
CLOSE39=4
CLOSE31=4
CLOSE30=4
CLOSE18=4
CLOSE5=4
OPEN51=4
OPEN47=4
OPEN18=4
OPEN8=4
HIGH31=4
HIGH30=4
LOW59=4
LOW46=4
LOW45=4
LOW39=4
LOW17=4
LOW16=4
LOW6=4
VWAP42=4
VWAP36=4
VWAP23=4
VWAP21=4
VWAP12=4
VOLUME15=4
CLOSE43=3
CLOSE40=3
CLOSE27=3
CLOSE21=3
CLOSE20=3
CLOSE15=3
OPEN59=3
OPEN54=3
OPEN53=3
OPEN52=3
OPEN45=3
OPEN37=3
OPEN35=3
OPEN34=3
OPEN22=3
OPEN16=3
HIGH53=3
HIGH42=3
HIGH34=3
HIGH26=3
HIGH23=3
HIGH22=3
HIGH21=3
HIGH10=3
LOW43=3
LOW40=3
LOW38=3
LOW30=3
LOW27=3
LOW19=3
VWAP26=3
VWAP15=3
VWAP11=3
CLOSE56=2
CLOSE54=2
CLOSE47=2
CLOSE44=2
CLOSE42=2
CLOSE35=2
CLOSE19=2
CLOSE13=2
OPEN55=2
OPEN46=2
OPEN36=2
OPEN28=2
OPEN15=2
HIGH54=2
HIGH51=2
HIGH50=2
HIGH43=2
HIGH39=2
HIGH33=2
HIGH25=2
HIGH19=2
LOW57=2
LOW54=2
LOW51=2
LOW50=2
LOW44=2
LOW35=2
LOW32=2
LOW26=2
LOW25=2
LOW24=2
VWAP59=2
VWAP54=2
VWAP48=2
VWAP45=2
VWAP33=2
VWAP32=2
VWAP28=2
VOLUME33=2
VOLUME18=2
CLOSE53=1
CLOSE51=1
CLOSE45=1
CLOSE41=1
CLOSE38=1
CLOSE34=1
CLOSE33=1
CLOSE32=1
CLOSE29=1
CLOSE26=1
CLOSE22=1
CLOSE17=1
CLOSE14=1
CLOSE12=1
CLOSE10=1
OPEN57=1
OPEN56=1
OPEN49=1
OPEN44=1
OPEN41=1
OPEN33=1
OPEN32=1
OPEN31=1
OPEN30=1
OPEN27=1
OPEN24=1
HIGH58=1
HIGH56=1
HIGH49=1
HIGH48=1
HIGH46=1
HIGH36=1
HIGH35=1
HIGH29=1
HIGH27=1
HIGH17=1
LOW56=1
LOW52=1
LOW48=1
LOW47=1
LOW42=1
LOW37=1
LOW29=1
LOW28=1
LOW18=1
LOW13=1
LOW8=1
VWAP52=1
VWAP46=1
VWAP44=1
VWAP43=1
VWAP38=1
VWAP37=1
VWAP30=1
VWAP25=1
VWAP20=1
VWAP13=1
VWAP4=1
VOLUME55=1
VOLUME42=1
VOLUME40=1
VOLUME39=1
VOLUME28=1
VOLUME21=1
VOLUME16=1
VOLUME10=1
VOLUME7=1
VOLUME1=1

parameters:
[boosting: gbdt]
[objective: regression]
[metric: l2]
[tree_learner: serial]
[device_type: cpu]
[data_sample_strategy: bagging]
[data: ]
[valid: ]
[num_iterations: 500]
[learning_rate: 0.03]
[num_leaves: 31]
[num_threads: 12]
[seed: 20260814]
[deterministic: 1]
[force_col_wise: 1]
[force_row_wise: 0]
[histogram_pool_size: -1]
[max_depth: 7]
[min_data_in_leaf: 100]
[min_sum_hessian_in_leaf: 0.001]
[bagging_fraction: 0.8]
[pos_bagging_fraction: 1]
[neg_bagging_fraction: 1]
[bagging_freq: 1]
[bagging_seed: 20260814]
[bagging_by_query: 0]
[feature_fraction: 0.8]
[feature_fraction_bynode: 1]
[feature_fraction_seed: 20260814]
[extra_trees: 0]
[extra_seed: 17475]
[early_stopping_round: 0]
[early_stopping_min_delta: 0]
[first_metric_only: 0]
[max_delta_step: 0]
[lambda_l1: 10]
[lambda_l2: 20]
[linear_lambda: 0]
[min_gain_to_split: 0]
[drop_rate: 0.1]
[max_drop: 50]
[skip_drop: 0.5]
[xgboost_dart_mode: 0]
[uniform_drop: 0]
[drop_seed: 29730]
[top_rate: 0.2]
[other_rate: 0.1]
[min_data_per_group: 100]
[max_cat_threshold: 32]
[cat_l2: 10]
[cat_smooth: 10]
[max_cat_to_onehot: 4]
[top_k: 20]
[monotone_constraints: ]
[monotone_constraints_method: basic]
[monotone_penalty: 0]
[feature_contri: ]
[forcedsplits_filename: ]
[refit_decay_rate: 0.9]
[cegb_tradeoff: 1]
[cegb_penalty_split: 0]
[cegb_penalty_feature_lazy: ]
[cegb_penalty_feature_coupled: ]
[path_smooth: 0]
[interaction_constraints: ]
[verbosity: 1]
[saved_feature_importance_type: 0]
[use_quantized_grad: 0]
[num_grad_quant_bins: 4]
[quant_train_renew_leaf: 0]
[stochastic_rounding: 1]
[linear_tree: 0]
[max_bin: 255]
[max_bin_by_feature: ]
[min_data_in_bin: 3]
[bin_construct_sample_cnt: 200000]
[data_random_seed: 20260812]
[is_enable_sparse: 1]
[enable_bundle: 1]
[use_missing: 1]
[zero_as_missing: 0]
[feature_pre_filter: 1]
[pre_partition: 0]
[two_round: 0]
[header: 0]
[label_column: ]
[weight_column: ]
[group_column: ]
[ignore_column: ]
[categorical_feature: ]
[forcedbins_filename: ]
[precise_float_parser: 0]
[parser_config_file: ]
[objective_seed: 27057]
[num_class: 1]
[is_unbalance: 0]
[scale_pos_weight: 1]
[sigmoid: 1]
[boost_from_average: 1]
[reg_sqrt: 0]
[alpha: 0.9]
[fair_c: 1]
[poisson_max_delta_step: 0.7]
[tweedie_variance_power: 1.5]
[lambdarank_truncation_level: 30]
[lambdarank_norm: 1]
[label_gain: ]
[lambdarank_position_bias_regularization: 0]
[eval_at: ]
[multi_error_top_k: 1]
[auc_mu_weights: ]
[num_machines: 1]
[local_listen_port: 12400]
[time_out: 120]
[machine_list_filename: ]
[machines: ]
[gpu_platform_id: -1]
[gpu_device_id: -1]
[gpu_use_dp: 0]
[num_gpu: 1]

end of parameters

pandas_categorical:null
