symbol,code,exchange,name,fund_type,settlement,snapshot_date,source_data_date,source_update_time,last_price,spot_volume_lots,spot_amount,total_market_value,float_market_value,history_end_date
SH510010,510010,SH,180治理ETF交银,指数型-股票,T+1,2026-08-12,20260812,2026-08-12T11:43:57+08:00,1.76,225,39516.0,229722944,229722944,2026-08-10
SH510020,510020,SH,超大盘ETF博时,指数型-股票,T+1,2026-08-12,20260812,2026-08-12T11:43:59+08:00,3.966,5119,2026674.0,142173168,142173168,2026-08-10
SH510030,510030,SH,价值ETF华宝,指数型-股票,T+1,2026-08-12,20260812,2026-08-12T11:43:49+08:00,1.037,7736,803090.0,158899303,158899303,2026-08-10
SH510040,510040,SH,上证180ETF鹏华,指数型-股票,T+1,2026-08-12,20260812,2026-08-12T11:43:49+08:00,1.18,2523,296962.0,35966400,35966400,2026-08-10
SH510050,510050,SH,上证50ETF华夏,指数型-股票,T+1,2026-08-12,20260812,2026-08-12T11:44:03+08:00,3.046,1689678,513777317.0,21768746927,21768746927,2026-08-10
SH510060,510060,SH,央企ETF工银,指数型-股票,T+1,2026-08-12,20260812,2026-08-12T11:43:54+08:00,2.598,246,63938.0,90824002,90824002,2026-08-10
SH510090,510090,SH,责任ETF建信,指数型-股票,T+1,2026-08-12,20260812,2026-08-12T11:44:07+08:00,2.524,1881,474390.0,64566696,64566696,2026-08-10
SH510100,510100,SH,上证50ETF易方达,指数型-股票,T+1,2026-08-12,20260812,2026-08-12T11:43:55+08:00,2.996,316826,94802446.0,2962165573,2962165573,2026-08-10
SH510130,510130,SH,上证中盘ETF易方达,指数型-股票,T+1,2026-08-12,20260812,2026-08-12T11:44:06+08:00,7.406,1541,1141975.0,230216251,230216251,2026-08-10
SH510140,510140,SH,上证综指ETF华夏,指数型-股票,T+1,2026-08-12,20260812,2026-08-12T11:43:52+08:00,1.019,77441,7866308.0,97039880,97039880,2026-08-10
SH510150,510150,SH,消费ETF招商,指数型-股票,T+1,2026-08-12,20260812,2026-08-12T11:43:54+08:00,0.515,331663,17124184.0,1479686983,1479686983,2026-08-10
SH510160,510160,SH,产业升级ETF南方,指数型-股票,T+1,2026-08-12,20260812,2026-08-12T11:44:01+08:00,0.901,2893,260967.0,173043717,173043717,2026-08-10
SH510170,510170,SH,大宗商品ETF国联安,指数型-股票,T+1,2026-08-12,20260812,2026-08-12T11:44:08+08:00,1.397,76761,10723270.0,467875976,467875976,2026-08-10
SH510180,510180,SH,上证180ETF华安,指数型-股票,T+1,2026-08-12,20260812,2026-08-12T11:43:46+08:00,4.024,36245,14569128.0,17776252426,17776252426,2026-08-10
SH510190,510190,SH,上证50ETF华安,指数型-股票,T+1,2026-08-12,20260812,2026-08-12T11:44:13+08:00,4.348,213,92449.0,102833678,102833678,2026-08-10
SH510200,510200,SH,上证券商ETF汇安,指数型-股票,T+1,2026-08-12,20260812,2026-08-12T11:43:58+08:00,1.185,5943,702879.0,181761818,181761818,2026-08-10
SH510210,510210,SH,上证指数ETF富国,指数型-股票,T+1,2026-08-12,20260812,2026-08-12T11:43:48+08:00,1.008,3222124,323823312.0,16734002246,16734002246,2026-08-10
SH510230,510230,SH,金融ETF国泰,指数型-股票,T+1,2026-08-12,20260812,2026-08-12T11:44:11+08:00,1.288,382345,49321623.0,820208704,820208704,2026-08-10
SH510270,510270,SH,国企ETF中银,指数型-股票,T+1,2026-08-12,20260812,2026-08-12T11:44:02+08:00,1.543,2746,423867.0,22885930,22885930,2026-08-10
SH510290,510290,SH,上证380ETF南方,指数型-股票,T+1,2026-08-12,20260812,2026-08-12T11:43:55+08:00,2.695,10689,2870945.0,152129786,152129786,2026-08-10
SH510300,510300,SH,沪深300ETF华泰柏瑞,指数型-股票,T+1,2026-08-12,20260812,2026-08-12T11:43:48+08:00,4.751,2484610,1177786662.0,117940191072,117940191072,2026-08-10
SH510310,510310,SH,沪深300ETF易方达,指数型-股票,T+1,2026-08-12,20260812,2026-08-12T11:43:54+08:00,4.613,370282,170435292.0,53140579072,53140579072,2026-08-10
SH510320,510320,SH,沪深300ETF中金,指数型-股票,T+1,2026-08-12,20260812,2026-08-12T11:44:03+08:00,1.276,52131,6641226.0,805243401,805243401,2026-08-10
SH510330,510330,SH,沪深300ETF华夏,指数型-股票,T+1,2026-08-12,20260812,2026-08-12T11:43:48+08:00,4.955,260248,128539144.0,43187035402,43187035402,2026-08-10
SH510350,510350,SH,沪深300ETF工银,指数型-股票,T+1,2026-08-12,20260812,2026-08-12T11:44:12+08:00,4.99,17000,8466434.0,3391277373,3391277373,2026-08-10
SH510360,510360,SH,沪深300ETF广发,指数型-股票,T+1,2026-08-12,20260812,2026-08-12T11:43:48+08:00,1.815,137804,24943619.0,3227761878,3227761878,2026-08-10
SH510370,510370,SH,沪深300ETF兴业,指数型-股票,T+1,2026-08-12,20260812,2026-08-12T11:44:10+08:00,1.053,1077,112700.0,91882779,91882779,2026-08-10
SH510380,510380,SH,沪深300ETF国寿,指数型-股票,T+1,2026-08-12,20260812,2026-08-12T11:44:00+08:00,1.41,40561,5706824.0,2099211384,2099211384,2026-08-10
SH510390,510390,SH,沪深300ETF平安,指数型-股票,T+1,2026-08-12,20260812,2026-08-12T11:44:11+08:00,5.374,1314,705878.0,753166100,753166100,2026-08-10
SH510410,510410,SH,资源ETF博时,指数型-股票,T+1,2026-08-12,20260812,2026-08-12T11:43:55+08:00,1.967,52971,10413325.0,865988273,865988273,2026-08-10
SH510500,510500,SH,中证500ETF南方,指数型-股票,T+1,2026-08-12,20260812,2026-08-12T11:44:05+08:00,8.073,829153,666263775.0,42943263547,42943263547,2026-08-10
SH510510,510510,SH,中证500ETF广发,指数型-股票,T+1,2026-08-12,20260812,2026-08-12T11:43:57+08:00,2.614,109589,28501950.0,2250754127,2250754127,2026-08-10
SH510530,510530,SH,中证500ETF工银,指数型-股票,T+1,2026-08-12,20260812,2026-08-12T11:43:52+08:00,9.042,1113,1003582.0,438350735,438350735,2026-08-10
SH510550,510550,SH,中证500ETF方正富邦,指数型-股票,T+1,2026-08-12,20260812,2026-08-12T11:43:59+08:00,2.068,1494,308542.0,49101144,49101144,2026-08-10
SH510560,510560,SH,中证500ETF国寿,指数型-股票,T+1,2026-08-12,20260812,2026-08-12T11:44:12+08:00,2.026,6708,1351123.0,105997686,105997686,2026-08-10
SH510570,510570,SH,中证500ETF兴业,指数型-股票,T+1,2026-08-12,20260812,2026-08-12T11:44:06+08:00,1.27,23792,3012971.0,41986962,41986962,2026-08-10
SH510580,510580,SH,中证500ETF易方达,指数型-股票,T+1,2026-08-12,20260812,2026-08-12T11:44:09+08:00,4.244,202583,85541365.0,4793039082,4793039082,2026-08-10
SH510590,510590,SH,中证500ETF平安,指数型-股票,T+1,2026-08-12,20260812,2026-08-12T11:44:09+08:00,8.76,838,731465.0,1072102236,1072102236,2026-08-10
SH510600,510600,SH,上证50ETF申万菱信,指数型-股票,T+1,2026-08-12,20260812,2026-08-12T11:44:14+08:00,3.903,139,54240.0,53139735,53139735,2026-08-10
SH510630,510630,SH,消费ETF华夏,指数型-股票,T+1,2026-08-12,20260812,2026-08-12T11:43:44+08:00,0.831,317219,26431892.0,482280410,482280410,2026-08-10
SH510650,510650,SH,金融地产ETF华夏,指数型-股票,T+1,2026-08-12,20260812,2026-08-12T11:43:48+08:00,2.835,1627,462362.0,33885338,33885338,2026-08-10
SH510660,510660,SH,医药ETF华夏,指数型-股票,T+1,2026-08-12,20260812,2026-08-12T11:43:57+08:00,2.623,32339,8531563.0,149195453,149195453,2026-08-10
SH510670,510670,SH,上证180ETF华夏,指数型-股票,T+1,2026-08-12,20260812,2026-08-12T11:44:00+08:00,1.007,26723,2682236.0,186791451,186791451,2026-08-10
SH510680,510680,SH,上证50ETF万家,指数型-股票,T+1,2026-08-12,20260812,2026-08-12T11:43:58+08:00,3.216,5243,1683177.0,64077835,64077835,2026-08-10
SH510710,510710,SH,上证50ETF博时,指数型-股票,T+1,2026-08-12,20260812,2026-08-12T11:44:06+08:00,4.333,631,273075.0,454613594,454613594,2026-08-10
SH510720,510720,SH,红利国企ETF国泰,指数型-股票,T+1,2026-08-12,20260812,2026-08-12T11:44:12+08:00,1.039,578340,60177830.0,2016455874,2016455874,2026-08-10
SH510760,510760,SH,上证指数ETF国泰,指数型-股票,T+1,2026-08-12,20260812,2026-08-12T11:43:48+08:00,1.331,568247,75463454.0,4814897419,4814897419,2026-08-10
SH510770,510770,SH,G60创新ETF申万菱信,指数型-股票,T+1,2026-08-12,20260812,2026-08-12T11:43:45+08:00,0.933,31476,2901659.0,22961783,22961783,2026-08-10
SH510800,510800,SH,上证50ETF建信,指数型-股票,T+1,2026-08-12,20260812,2026-08-12T11:43:46+08:00,1.407,2345,328859.0,247035432,247035432,2026-08-10
SH510810,510810,SH,上海国企ETF汇添富,指数型-股票,T+1,2026-08-12,20260812,2026-08-12T11:43:56+08:00,0.853,112403,9581468.0,5089589668,5089589668,2026-08-10
SH510850,510850,SH,上证50ETF工银,指数型-股票,T+1,2026-08-12,20260812,2026-08-12T11:44:03+08:00,3.604,8892,3197124.0,179114836,179114836,2026-08-10
SH510880,510880,SH,红利ETF华泰柏瑞,指数型-股票,T+1,2026-08-12,20260812,2026-08-12T11:44:06+08:00,3.292,778176,256939116.0,20508092655,20508092655,2026-08-10
SH510910,510910,SH,上证指数ETF南方,指数型-股票,T+1,2026-08-12,20260812,2026-08-12T11:43:51+08:00,0.983,164354,16123409.0,286835468,286835468,2026-08-10
SH510950,510950,SH,上证50ETF广发,指数型-股票,T+1,2026-08-12,20260812,2026-08-12T11:44:09+08:00,1.0,120562,12035496.0,131620800,131620800,2026-08-10
SH510980,510980,SH,上证指数ETF汇添富,指数型-股票,T+1,2026-08-12,20260812,2026-08-12T11:44:02+08:00,1.401,238283,33314082.0,1113511998,1113511998,2026-08-10
SH510990,510990,SH,180ESGETF工银,指数型-股票,T+1,2026-08-12,20260812,2026-08-12T11:44:01+08:00,1.064,36345,3866210.0,41441310,41441310,2026-08-10
SH512000,512000,SH,券商ETF华宝,指数型-股票,T+1,2026-08-12,20260812,2026-08-12T11:44:12+08:00,0.522,7697965,401723400.0,39249302741,39249302741,2026-08-10
SH512010,512010,SH,医药ETF易方达,指数型-股票,T+1,2026-08-12,20260812,2026-08-12T11:44:04+08:00,0.402,8054826,324426996.0,16649913380,16649913380,2026-08-10
SH512020,512020,SH,A500ETF鹏华,指数型-股票,T+1,2026-08-12,20260812,2026-08-12T11:44:02+08:00,1.324,468429,61876405.0,1432584820,1432584820,2026-08-10
SH512030,512030,SH,中证A50增强ETF易方达,指数型-股票,T+1,2026-08-12,20260812,2026-08-12T11:44:14+08:00,1.146,1693,193805.0,52991040,52991040,2026-08-10
SH512040,512040,SH,价值ETF富国,指数型-股票,T+1,2026-08-12,20260812,2026-08-12T11:43:48+08:00,1.219,841378,102640166.0,5067036687,5067036687,2026-08-10
SH512050,512050,SH,A500ETF华夏,指数型-股票,T+1,2026-08-12,20260812,2026-08-12T11:43:52+08:00,1.243,6662691,825694592.0,21328627215,21328627215,2026-08-10
SH512060,512060,SH,A100ETF天弘,指数型-股票,T+1,2026-08-12,20260812,2026-08-12T11:44:13+08:00,1.241,3254,402304.0,13561648,13561648,2026-08-10
SH512070,512070,SH,证券保险ETF易方达,指数型-股票,T+1,2026-08-12,20260812,2026-08-12T11:43:56+08:00,0.789,4078445,322248646.0,14701815468,14701815468,2026-08-10
SH512080,512080,SH,A500ETF中金,指数型-股票,T+1,2026-08-12,20260812,2026-08-12T11:44:13+08:00,1.333,96303,12792217.0,994666066,994666066,2026-08-10
SH512090,512090,SH,MSCIA股ETF易方达,指数型-股票,T+1,2026-08-12,20260812,2026-08-12T11:44:03+08:00,2.026,168004,34007525.0,712326008,712326008,2026-08-10
SH512100,512100,SH,中证1000ETF南方,指数型-股票,T+1,2026-08-12,20260812,2026-08-12T11:43:53+08:00,3.158,5519430,1734309919.0,24629929383,24629929383,2026-08-10
SH512120,512120,SH,医药ETF华安,指数型-股票,T+1,2026-08-12,20260812,2026-08-12T11:44:02+08:00,0.496,153178,7620217.0,396919984,396919984,2026-08-10
SH512130,512130,SH,全指现金流ETF鹏华,指数型-股票,T+1,2026-08-12,20260812,2026-08-12T11:44:03+08:00,1.189,1760,209561.0,17710155,17710155,2026-08-10
SH512140,512140,SH,电力ETF华安,指数型-股票,T+1,2026-08-12,20260812,2026-08-12T11:43:45+08:00,0.931,57176,5325621.0,148074619,148074619,2026-08-10
SH512150,512150,SH,富时A50ETF汇安,指数型-股票,T+1,2026-08-12,20260812,2026-08-12T11:43:57+08:00,1.934,402,77677.0,34953956,34953956,2026-08-10
SH512160,512160,SH,MSCI中国A股ETF南方,指数型-股票,T+1,2026-08-12,20260812,2026-08-12T11:44:12+08:00,1.553,4786,743093.0,192226923,192226923,2026-08-10
SH512170,512170,SH,医疗ETF华宝,指数型-股票,T+1,2026-08-12,20260812,2026-08-12T11:44:04+08:00,0.352,10095260,355812743.0,26122912268,26122912268,2026-08-10
SH512180,512180,SH,MSCIA股ETF建信,指数型-股票,T+1,2026-08-12,20260812,2026-08-12T11:43:45+08:00,1.729,1196,206779.0,83074992,83074992,2026-08-10
SH512190,512190,SH,浙商之江凤凰ETF,指数型-股票,T+1,2026-08-12,20260812,2026-08-12T11:43:52+08:00,2.954,3577,1057147.0,555997154,555997154,2026-08-10
SH512200,512200,SH,房地产ETF南方,指数型-股票,T+1,2026-08-12,20260812,2026-08-12T11:44:07+08:00,1.243,623791,77282600.0,3456904695,3456904695,2026-08-10
SH512220,512220,SH,TMTETF景顺,指数型-股票,T+1,2026-08-12,20260812,2026-08-12T11:44:13+08:00,3.977,30578,12019134.0,823110145,823110145,2026-08-10
SH512240,512240,SH,A50ETF鹏华,指数型-股票,T+1,2026-08-12,20260812,2026-08-12T11:44:08+08:00,1.177,10887,1280999.0,23758922,23758922,2026-08-10
SH512250,512250,SH,A50ETF招商,指数型-股票,T+1,2026-08-12,20260812,2026-08-12T11:44:02+08:00,1.24,5782,716324.0,152024124,152024124,2026-08-10
SH512260,512260,SH,中证500低波动ETF华安,指数型-股票,T+1,2026-08-12,20260812,2026-08-12T11:44:13+08:00,1.966,3427,672094.0,40298478,40298478,2026-08-10
SH512290,512290,SH,生物医药ETF国泰,指数型-股票,T+1,2026-08-12,20260812,2026-08-12T11:43:56+08:00,1.091,617412,67519697.0,3602286388,3602286388,2026-08-10
SH512330,512330,SH,信息科技ETF南方,指数型-股票,T+1,2026-08-12,20260812,2026-08-12T11:44:02+08:00,1.931,47672,9155348.0,697454028,697454028,2026-08-10
SH512360,512360,SH,MSCIA股ETF平安,指数型-股票,T+1,2026-08-12,20260812,2026-08-12T11:43:51+08:00,1.821,235,42747.0,49781952,49781952,2026-08-10
SH512370,512370,SH,A500增强ETF华夏,指数型-股票,T+1,2026-08-12,20260812,2026-08-12T11:44:13+08:00,1.221,22711,2764315.0,387439183,387439183,2026-08-10
SH512380,512380,SH,MSCI中国ETF银华,指数型-股票,T+1,2026-08-12,20260812,2026-08-12T11:43:59+08:00,1.637,918,150164.0,119182767,119182767,2026-08-10
SH512390,512390,SH,中国低波ETF平安,指数型-股票,T+1,2026-08-12,20260812,2026-08-12T11:44:05+08:00,1.238,249,30401.0,19414316,19414316,2026-08-10
SH512400,512400,SH,有色金属ETF南方,指数型-股票,T+1,2026-08-12,20260812,2026-08-12T11:43:55+08:00,1.95,4524148,880620310.0,26186626253,26186626253,2026-08-10
SH512410,512410,SH,银行ETF广发,指数型-股票,T+1,2026-08-12,20260812,2026-08-12T11:43:57+08:00,1.062,28259,3005486.0,64008545,64008545,2026-08-10
SH512420,512420,SH,工程机械ETF华安,指数型-股票,T+1,2026-08-12,20260812,2026-08-12T11:43:49+08:00,1.004,53765,5379402.0,96623856,96623856,2026-08-10
SH512430,512430,SH,家居家电ETF华泰柏瑞,指数型-股票,T+1,2026-08-12,20260812,2026-08-12T11:43:46+08:00,0.906,14587,1319471.0,26926320,26926320,2026-08-10
SH512450,512450,SH,畜牧养殖ETF广发,指数型-股票,T+1,2026-08-12,20260812,2026-08-12T11:44:08+08:00,0.896,14142,1267010.0,98888832,98888832,2026-08-10
SH512460,512460,SH,电池ETF华夏,指数型-股票,T+1,2026-08-12,20260812,2026-08-12T11:44:06+08:00,0.893,111186,9890248.0,262383946,262383946,2026-08-10
SH512480,512480,SH,半导体ETF国联安,指数型-股票,T+1,2026-08-12,20260812,2026-08-12T11:44:03+08:00,1.093,7850213,849773560.0,20633661975,20633661975,2026-08-10
SH512500,512500,SH,中证500ETF华夏,指数型-股票,T+1,2026-08-12,20260812,2026-08-12T11:43:54+08:00,4.569,459051,208783974.0,8560518607,8560518607,2026-08-10
SH512510,512510,SH,中证500ETF华泰柏瑞,指数型-股票,T+1,2026-08-12,20260812,2026-08-12T11:44:14+08:00,2.416,31496,7574585.0,1065286416,1065286416,2026-08-10
SH512520,512520,SH,MSCI中国ETF华泰柏瑞,指数型-股票,T+1,2026-08-12,20260812,2026-08-12T11:43:52+08:00,1.497,426,63716.0,67449431,67449431,2026-08-10
SH512530,512530,SH,沪深300红利ETF建信,指数型-股票,T+1,2026-08-12,20260812,2026-08-12T11:43:56+08:00,1.592,24858,3967999.0,158407184,158407184,2026-08-10
SH512550,512550,SH,富时A50ETF嘉实,指数型-股票,T+1,2026-08-12,20260812,2026-08-12T11:44:10+08:00,1.845,14806,2728410.0,204621570,204621570,2026-08-10
SH512560,512560,SH,军工ETF易方达,指数型-股票,T+1,2026-08-12,20260812,2026-08-12T11:43:53+08:00,0.729,328499,23741414.0,701390589,701390589,2026-08-10
SH512570,512570,SH,证券ETF易方达,指数型-股票,T+1,2026-08-12,20260812,2026-08-12T11:43:52+08:00,1.098,759269,83411425.0,4543311093,4543311093,2026-08-10
SH512580,512580,SH,环保ETF广发,指数型-股票,T+1,2026-08-12,20260812,2026-08-12T11:43:49+08:00,1.222,23730,2896393.0,697605213,697605213,2026-08-10
SH512600,512600,SH,消费ETF嘉实,指数型-股票,T+1,2026-08-12,20260812,2026-08-12T11:43:47+08:00,0.583,127118,7448165.0,1028969404,1028969404,2026-08-10
SH512620,512620,SH,农业ETF天弘,指数型-股票,T+1,2026-08-12,20260812,2026-08-12T11:44:14+08:00,0.885,25309,2239936.0,1274104410,1274104410,2026-08-10
SH512630,512630,SH,卫星ETF广发,指数型-股票,T+1,2026-08-12,20260812,2026-08-12T11:43:51+08:00,1.148,612254,69710940.0,2003749048,2003749048,2026-08-10
SH512640,512640,SH,金融地产ETF嘉实,指数型-股票,T+1,2026-08-12,20260812,2026-08-12T11:43:57+08:00,2.346,1284,300995.0,48658151,48658151,2026-08-10
SH512650,512650,SH,长三角ETF汇添富,指数型-股票,T+1,2026-08-12,20260812,2026-08-12T11:44:04+08:00,1.372,8757,1199357.0,47939875,47939875,2026-08-10
SH512660,512660,SH,军工ETF国泰,指数型-股票,T+1,2026-08-12,20260812,2026-08-12T11:43:47+08:00,1.158,1505078,173025681.0,6722282714,6722282714,2026-08-10
SH512670,512670,SH,国防ETF鹏华,指数型-股票,T+1,2026-08-12,20260812,2026-08-12T11:44:00+08:00,0.781,283424,21940310.0,1766350687,1766350687,2026-08-10
SH512680,512680,SH,军工ETF广发,指数型-股票,T+1,2026-08-12,20260812,2026-08-12T11:44:12+08:00,1.185,204477,24071726.0,3708730164,3708730164,2026-08-10
SH512690,512690,SH,酒ETF鹏华,指数型-股票,T+1,2026-08-12,20260812,2026-08-12T11:44:15+08:00,0.443,11159713,495855158.0,14708552514,14708552514,2026-08-10
SH512700,512700,SH,银行ETF南方,指数型-股票,T+1,2026-08-12,20260812,2026-08-12T11:43:47+08:00,1.47,423734,62320290.0,985019082,985019082,2026-08-10
SH512710,512710,SH,军工龙头ETF富国,指数型-股票,T+1,2026-08-12,20260812,2026-08-12T11:44:05+08:00,0.628,1580625,98848966.0,7407673535,7407673535,2026-08-10
SH512720,512720,SH,计算机ETF国泰,指数型-股票,T+1,2026-08-12,20260812,2026-08-12T11:44:11+08:00,1.226,445201,54506741.0,477469878,477469878,2026-08-10
SH512730,512730,SH,银行ETF鹏华,指数型-股票,T+1,2026-08-12,20260812,2026-08-12T11:44:07+08:00,1.633,13371,2185887.0,96484009,96484009,2026-08-10
SH512750,512750,SH,基本面50ETF嘉实,指数型-股票,T+1,2026-08-12,20260812,2026-08-12T11:43:48+08:00,1.428,20114,2874920.0,66480397,66480397,2026-08-10
SH512760,512760,SH,芯片ETF国泰,指数型-股票,T+1,2026-08-12,20260812,2026-08-12T11:44:04+08:00,1.165,2580383,297665626.0,11020254012,11020254012,2026-08-10
SH512770,512770,SH,战略新兴ETF华夏,指数型-股票,T+1,2026-08-12,20260812,2026-08-12T11:43:52+08:00,2.687,23886,6367866.0,264045579,264045579,2026-08-10
SH512800,512800,SH,银行ETF华宝,指数型-股票,T+1,2026-08-12,20260812,2026-08-12T11:44:07+08:00,0.796,3948034,314774828.0,9507806080,9507806080,2026-08-10
SH512810,512810,SH,军工ETF华宝,指数型-股票,T+1,2026-08-12,20260812,2026-08-12T11:44:03+08:00,0.672,175521,11724806.0,666344115,666344115,2026-08-10
SH512820,512820,SH,银行ETF汇添富,指数型-股票,T+1,2026-08-12,20260812,2026-08-12T11:44:14+08:00,1.398,462304,64720141.0,553331062,553331062,2026-08-10
SH512870,512870,SH,杭州湾区ETF南华,指数型-股票,T+1,2026-08-12,20260812,2026-08-12T11:43:55+08:00,1.491,25,3727.0,30432205,30432205,2026-08-10
SH512880,512880,SH,证券ETF国泰,指数型-股票,T+1,2026-08-12,20260812,2026-08-12T11:43:56+08:00,1.092,6843580,747224167.0,63543798270,63543798270,2026-08-10
SH512890,512890,SH,红利低波ETF华泰柏瑞,指数型-股票,T+1,2026-08-12,20260812,2026-08-12T11:44:07+08:00,1.156,2972209,344059936.0,31966996066,31966996066,2026-08-10
SH512900,512900,SH,证券ETF南方,指数型-股票,T+1,2026-08-12,20260812,2026-08-12T11:43:56+08:00,1.08,217260,23483228.0,8114478428,8114478428,2026-08-10
SH512910,512910,SH,A100ETF广发,指数型-股票,T+1,2026-08-12,20260812,2026-08-12T11:44:07+08:00,1.354,57279,7727898.0,179579395,179579395,2026-08-10
SH512930,512930,SH,AI人工智能ETF平安,指数型-股票,T+1,2026-08-12,20260812,2026-08-12T11:44:14+08:00,0.654,1199413,77927524.0,3155236875,3155236875,2026-08-10
SH512940,512940,SH,有色ETF华安,指数型-股票,T+1,2026-08-12,20260812,2026-08-12T11:43:47+08:00,0.867,350489,30358584.0,1874198242,1874198242,2026-08-10
SH512950,512950,SH,央企改革ETF华夏,指数型-股票,T+1,2026-08-12,20260812,2026-08-12T11:44:05+08:00,1.526,13667,2078196.0,6178088838,6178088838,2026-08-10
SH512960,512960,SH,央企结构调整ETF博时,指数型-股票,T+1,2026-08-12,20260812,2026-08-12T11:43:46+08:00,1.474,1750,257295.0,5685597254,5685597254,2026-08-10
SH512970,512970,SH,大湾区ETF平安,指数型-股票,T+1,2026-08-12,20260812,2026-08-12T11:43:58+08:00,1.52,133,20144.0,9101152,9101152,2026-08-10
SH512980,512980,SH,传媒ETF广发,指数型-股票,T+1,2026-08-12,20260812,2026-08-12T11:44:13+08:00,0.876,2626257,230299296.0,4732961676,4732961676,2026-08-10
SH512990,512990,SH,MSCIA股ETF华夏,指数型-股票,T+1,2026-08-12,20260812,2026-08-12T11:43:50+08:00,2.073,29616,6135891.0,209404924,209404924,2026-08-10
SH513090,513090,SH,香港证券ETF易方达,指数型-股票,T+1,2026-08-12,20260812,2026-08-12T11:43:55+08:00,1.824,8110105,1480053735.0,18685034054,18685034054,2026-08-10
SH515000,515000,SH,科技ETF华宝,指数型-股票,T+1,2026-08-12,20260812,2026-08-12T11:44:14+08:00,1.337,653049,86500612.0,4164192519,4164192519,2026-08-10
SH515010,515010,SH,证券ETF华夏,指数型-股票,T+1,2026-08-12,20260812,2026-08-12T11:43:59+08:00,1.256,193926,24353730.0,2625381130,2625381130,2026-08-10
SH515020,515020,SH,银行ETF华夏,指数型-股票,T+1,2026-08-12,20260812,2026-08-12T11:43:48+08:00,1.707,446387,76223890.0,681682420,681682420,2026-08-10
SH515030,515030,SH,新能源车ETF华夏,指数型-股票,T+1,2026-08-12,20260812,2026-08-12T11:44:03+08:00,1.681,461549,77588045.0,2649901504,2649901504,2026-08-10
SH515040,515040,SH,工业有色ETF华夏,指数型-股票,T+1,2026-08-12,20260812,2026-08-12T11:43:53+08:00,1.101,35658,3923597.0,71916880,71916880,2026-08-10
SH515050,515050,SH,通信ETF华夏,指数型-股票,T+1,2026-08-12,20260812,2026-08-12T11:43:55+08:00,1.05,8944874,929193858.0,18071765645,18071765645,2026-08-10
SH515060,515060,SH,房地产ETF华夏,指数型-股票,T+1,2026-08-12,20260812,2026-08-12T11:44:05+08:00,0.598,404686,24113616.0,561209901,561209901,2026-08-10
SH515070,515070,SH,人工智能ETF华夏,指数型-股票,T+1,2026-08-12,20260812,2026-08-12T11:44:06+08:00,1.168,625348,72355733.0,8564874256,8564874256,2026-08-10
SH515080,515080,SH,中证红利ETF招商,指数型-股票,T+1,2026-08-12,20260812,2026-08-12T11:44:01+08:00,1.561,843149,131830452.0,11621877477,11621877477,2026-08-10
SH515090,515090,SH,可持续发展ETF博时,指数型-股票,T+1,2026-08-12,20260812,2026-08-12T11:44:04+08:00,1.421,1003,142394.0,15349216,15349216,2026-08-10
SH515100,515100,SH,红利低波100ETF景顺,指数型-股票,T+1,2026-08-12,20260812,2026-08-12T11:43:48+08:00,1.404,341949,48063881.0,5314057872,5314057872,2026-08-10
SH515110,515110,SH,一带一路ETF易方达,指数型-股票,T+1,2026-08-12,20260812,2026-08-12T11:43:53+08:00,1.644,23959,3933994.0,355588980,355588980,2026-08-10
SH515120,515120,SH,创新药ETF广发,指数型-股票,T+1,2026-08-12,20260812,2026-08-12T11:44:12+08:00,0.692,7044394,487571202.0,12314827571,12314827571,2026-08-10
SH515130,515130,SH,沪深300ETF博时,指数型-股票,T+1,2026-08-12,20260812,2026-08-12T11:44:03+08:00,1.568,17728,2774791.0,143414298,143414298,2026-08-10
SH515150,515150,SH,一带一路ETF富国,指数型-股票,T+1,2026-08-12,20260812,2026-08-12T11:43:59+08:00,1.559,3972,618623.0,620019289,620019289,2026-08-10
SH515160,515160,SH,MSCI中国ETF招商,指数型-股票,T+1,2026-08-12,20260812,2026-08-12T11:43:48+08:00,1.652,8465,1398185.0,403013825,403013825,2026-08-10
SH515170,515170,SH,食品饮料ETF华夏,指数型-股票,T+1,2026-08-12,20260812,2026-08-12T11:43:59+08:00,0.479,1155900,55648281.0,4222029544,4222029544,2026-08-10
SH515180,515180,SH,红利ETF易方达,指数型-股票,T+1,2026-08-12,20260812,2026-08-12T11:43:56+08:00,1.415,868773,123120278.0,18015266344,18015266344,2026-08-10
SH515190,515190,SH,中证500ETF中银证券,指数型-股票,T+1,2026-08-12,20260812,2026-08-12T11:43:48+08:00,1.694,10464,1763995.0,497131567,497131567,2026-08-10
SH515200,515200,SH,创新100ETF申万菱信,指数型-股票,T+1,2026-08-12,20260812,2026-08-12T11:44:14+08:00,2.638,1488,389918.0,102732162,102732162,2026-08-10
SH515210,515210,SH,钢铁ETF国泰,指数型-股票,T+1,2026-08-12,20260812,2026-08-12T11:43:50+08:00,1.167,388882,45322909.0,1152676354,1152676354,2026-08-10
SH515220,515220,SH,煤炭ETF国泰,指数型-股票,T+1,2026-08-12,20260812,2026-08-12T11:44:08+08:00,1.251,3042297,382248643.0,14270378377,14270378377,2026-08-10
SH515230,515230,SH,软件ETF国泰,指数型-股票,T+1,2026-08-12,20260812,2026-08-12T11:43:51+08:00,0.732,1788477,130999032.0,5653741818,5653741818,2026-08-10
SH515250,515250,SH,智能汽车ETF富国,指数型-股票,T+1,2026-08-12,20260812,2026-08-12T11:43:47+08:00,0.97,65420,6320182.0,338476161,338476161,2026-08-10
SH515260,515260,SH,电子ETF华宝,指数型-股票,T+1,2026-08-12,20260812,2026-08-12T11:44:07+08:00,0.887,361255,31708642.0,804126171,804126171,2026-08-10
SH515290,515290,SH,银行ETF天弘,指数型-股票,T+1,2026-08-12,20260812,2026-08-12T11:44:03+08:00,1.431,255946,36655394.0,3844199614,3844199614,2026-08-10
SH515300,515300,SH,300红利低波ETF嘉实,指数型-股票,T+1,2026-08-12,20260812,2026-08-12T11:43:49+08:00,1.284,372839,47947092.0,4454420957,4454420957,2026-08-10
SH515310,515310,SH,沪深300ETF汇添富,指数型-股票,T+1,2026-08-12,20260812,2026-08-12T11:43:51+08:00,1.411,62354,8782793.0,463670403,463670403,2026-08-10
SH515320,515320,SH,电子50ETF华安,指数型-股票,T+1,2026-08-12,20260812,2026-08-12T11:44:08+08:00,1.603,51637,8196929.0,151177327,151177327,2026-08-10
SH515330,515330,SH,沪深300ETF天弘,指数型-股票,T+1,2026-08-12,20260812,2026-08-12T11:44:02+08:00,1.366,36422,4965298.0,8437385357,8437385357,2026-08-10
SH515350,515350,SH,沪深300ETF民生加银,指数型-股票,T+1,2026-08-12,20260812,2026-08-12T11:43:54+08:00,6.37,1911,1216968.0,74523904,74523904,2026-08-10
SH515360,515360,SH,沪深300ETF方正富邦,指数型-股票,T+1,2026-08-12,20260812,2026-08-12T11:44:02+08:00,6.869,36,24718.0,259506012,259506012,2026-08-10
SH515370,515370,SH,光伏ETF华夏,指数型-股票,T+1,2026-08-12,20260812,2026-08-12T11:43:56+08:00,0.838,90681,7532937.0,812619501,812619501,2026-08-10
SH515380,515380,SH,沪深300ETF泰康,指数型-股票,T+1,2026-08-12,20260812,2026-08-12T11:44:01+08:00,5.513,6842,3766445.0,3657323142,3657323142,2026-08-10
SH515390,515390,SH,沪深300ETF华安,指数型-股票,T+1,2026-08-12,20260812,2026-08-12T11:43:52+08:00,1.384,276339,38169627.0,2439553283,2439553283,2026-08-10
SH515400,515400,SH,大数据ETF富国,指数型-股票,T+1,2026-08-12,20260812,2026-08-12T11:44:15+08:00,0.899,445955,39989762.0,1487513636,1487513636,2026-08-10
SH515450,515450,SH,红利低波50ETF南方,指数型-股票,T+1,2026-08-12,20260812,2026-08-12T11:44:06+08:00,1.394,693277,96881159.0,19495557046,19495557046,2026-08-10
SH515460,515460,SH,红利质量ETF南方,指数型-股票,T+1,2026-08-12,20260812,2026-08-12T11:44:09+08:00,0.93,4692,436769.0,259554637,259554637,2026-08-10
SH515480,515480,SH,红利低波100ETF南方,指数型-股票,T+1,2026-08-12,20260812,2026-08-12T11:44:08+08:00,1.058,6824,723403.0,31042461,31042461,2026-08-10
SH515530,515530,SH,中证500ETF泰康,指数型-股票,T+1,2026-08-12,20260812,2026-08-12T11:43:48+08:00,4.451,1654,733311.0,54492258,54492258,2026-08-10
SH515550,515550,SH,中证500ETF国联,指数型-股票,T+1,2026-08-12,20260812,2026-08-12T11:43:55+08:00,1.807,6477,1163393.0,38571680,38571680,2026-08-10
SH515560,515560,SH,证券ETF建信,指数型-股票,T+1,2026-08-12,20260812,2026-08-12T11:44:13+08:00,1.002,69694,6988318.0,197277067,197277067,2026-08-10
SH515580,515580,SH,科技100ETF华泰柏瑞,指数型-股票,T+1,2026-08-12,20260812,2026-08-12T11:44:06+08:00,1.438,29615,4239627.0,442949165,442949165,2026-08-10
SH515590,515590,SH,500等权ETF前海开源,指数型-股票,T+1,2026-08-12,20260812,2026-08-12T11:44:00+08:00,1.974,2272,447613.0,71288444,71288444,2026-08-10
SH515600,515600,SH,央企创新ETF广发,指数型-股票,T+1,2026-08-12,20260812,2026-08-12T11:43:47+08:00,1.685,975,163981.0,1748688632,1748688632,2026-08-10
SH515630,515630,SH,证券保险ETF鹏华,指数型-股票,T+1,2026-08-12,20260812,2026-08-12T11:44:09+08:00,1.264,115347,14564440.0,1360339168,1360339168,2026-08-10
SH515640,515640,SH,家电ETF华夏,指数型-股票,T+1,2026-08-12,20260812,2026-08-12T11:43:56+08:00,0.959,2607,249759.0,16350950,16350950,2026-08-10
SH515650,515650,SH,消费50ETF富国,指数型-股票,T+1,2026-08-12,20260812,2026-08-12T11:43:49+08:00,1.075,483269,52079674.0,3417622800,3417622800,2026-08-10
SH515660,515660,SH,沪深300ETF国联安,指数型-股票,T+1,2026-08-12,20260812,2026-08-12T11:44:06+08:00,5.93,1639,968898.0,2565876653,2565876653,2026-08-10
SH515680,515680,SH,央企创新ETF嘉实,指数型-股票,T+1,2026-08-12,20260812,2026-08-12T11:44:00+08:00,1.694,5940,1004002.0,1867236409,1867236409,2026-08-10
SH515700,515700,SH,新能源车ETF平安,指数型-股票,T+1,2026-08-12,20260812,2026-08-12T11:43:47+08:00,2.249,141200,31693102.0,1620427458,1620427458,2026-08-10
SH515710,515710,SH,食品饮料ETF华宝,指数型-股票,T+1,2026-08-12,20260812,2026-08-12T11:43:53+08:00,0.514,202440,10417680.0,1206409301,1206409301,2026-08-10
SH515720,515720,SH,金融科技ETF富国,指数型-股票,T+1,2026-08-12,20260812,2026-08-12T11:44:05+08:00,0.718,36522,2618095.0,313486704,313486704,2026-08-10
SH515730,515730,SH,家居家电ETF永赢,指数型-股票,T+1,2026-08-12,20260812,2026-08-12T11:43:51+08:00,0.844,9574,808559.0,32824848,32824848,2026-08-10
SH515750,515750,SH,科技50ETF富国,指数型-股票,T+1,2026-08-12,20260812,2026-08-12T11:43:45+08:00,2.117,31417,6619558.0,567653439,567653439,2026-08-10
SH515760,515760,SH,浙江国资ETF华夏,指数型-股票,T+1,2026-08-12,20260812,2026-08-12T11:44:04+08:00,1.372,2203,302363.0,130872473,130872473,2026-08-10
SH515770,515770,SH,MSCI中国A股ETF摩根,指数型-股票,T+1,2026-08-12,20260812,2026-08-12T11:43:52+08:00,1.43,368,52595.0,56810039,56810039,2026-08-10
SH515790,515790,SH,光伏ETF华泰柏瑞,指数型-股票,T+1,2026-08-12,20260812,2026-08-12T11:43:45+08:00,0.878,1590408,138872581.0,5314967746,5314967746,2026-08-10
SH515800,515800,SH,中证800ETF汇添富,指数型-股票,T+1,2026-08-12,20260812,2026-08-12T11:44:14+08:00,1.31,187977,24574138.0,5343407732,5343407732,2026-08-10
SH515810,515810,SH,中证800ETF易方达,指数型-股票,T+1,2026-08-12,20260812,2026-08-12T11:43:53+08:00,1.744,29907,5192562.0,496880947,496880947,2026-08-10
SH515840,515840,SH,食品ETF南方,指数型-股票,T+1,2026-08-12,20260812,2026-08-12T11:44:01+08:00,1.034,13615,1414493.0,42834898,42834898,2026-08-10
SH515850,515850,SH,证券ETF富国,指数型-股票,T+1,2026-08-12,20260812,2026-08-12T11:43:45+08:00,1.361,216906,29531668.0,620331562,620331562,2026-08-10
SH515860,515860,SH,科技ETF嘉实,指数型-股票,T+1,2026-08-12,20260812,2026-08-12T11:44:11+08:00,2.149,28920,6200976.0,221086756,221086756,2026-08-10
SH515880,515880,SH,通信ETF国泰,指数型-股票,T+1,2026-08-12,20260812,2026-08-12T11:43:56+08:00,0.67,34795823,2296864035.0,41027968548,41027968548,2026-08-10
SH515890,515890,SH,红利ETF博时,指数型-股票,T+1,2026-08-12,20260812,2026-08-12T11:43:52+08:00,1.455,27533,4016894.0,505530880,505530880,2026-08-10
SH515900,515900,SH,央企创新ETF博时,指数型-股票,T+1,2026-08-12,20260812,2026-08-12T11:44:05+08:00,1.669,8578,1426289.0,3739305202,3739305202,2026-08-10
SH515910,515910,SH,质量ETF中金,指数型-股票,T+1,2026-08-12,20260812,2026-08-12T11:44:02+08:00,0.701,25157,1761425.0,159482407,159482407,2026-08-10
SH515920,515920,SH,智能消费ETF博时,指数型-股票,T+1,2026-08-12,20260812,2026-08-12T11:44:03+08:00,1.24,7029,865817.0,81723068,81723068,2026-08-10
SH515950,515950,SH,医药50ETF富国,指数型-股票,T+1,2026-08-12,20260812,2026-08-12T11:43:53+08:00,0.995,86706,8659389.0,548444605,548444605,2026-08-10
SH515960,515960,SH,医药ETF嘉实,指数型-股票,T+1,2026-08-12,20260812,2026-08-12T11:44:11+08:00,0.882,54789,4828165.0,215200856,215200856,2026-08-10
SH515970,515970,SH,工程机械ETF华夏,指数型-股票,T+1,2026-08-12,20260812,2026-08-12T11:43:53+08:00,0.876,388239,33897083.0,617657088,617657088,2026-08-10
SH515980,515980,SH,人工智能ETF华富,指数型-股票,T+1,2026-08-12,20260812,2026-08-12T11:44:00+08:00,1.073,1184294,126063752.0,6237487374,6237487374,2026-08-10
SH515990,515990,SH,一带一路ETF汇添富,指数型-股票,T+1,2026-08-12,20260812,2026-08-12T11:43:58+08:00,1.522,1397,212257.0,81199004,81199004,2026-08-10
SH516000,516000,SH,大数据ETF华夏,指数型-股票,T+1,2026-08-12,20260812,2026-08-12T11:43:59+08:00,0.985,165951,16322626.0,465762183,465762183,2026-08-10
SH516010,516010,SH,游戏ETF国泰,指数型-股票,T+1,2026-08-12,20260812,2026-08-12T11:43:52+08:00,1.134,459860,52096817.0,2762075871,2762075871,2026-08-10
SH516020,516020,SH,化工ETF华宝,指数型-股票,T+1,2026-08-12,20260812,2026-08-12T11:43:46+08:00,0.878,543432,47797959.0,3144404411,3144404411,2026-08-10
SH516050,516050,SH,科技龙头ETF工银,指数型-股票,T+1,2026-08-12,20260812,2026-08-12T11:43:58+08:00,1.442,22989,3278029.0,228164776,228164776,2026-08-10
SH516060,516060,SH,创新药ETF工银,指数型-股票,T+1,2026-08-12,20260812,2026-08-12T11:44:13+08:00,0.64,130749,8386760.0,202391941,202391941,2026-08-10
SH516070,516070,SH,低碳ETF易方达,指数型-股票,T+1,2026-08-12,20260812,2026-08-12T11:43:49+08:00,0.597,20219,1204388.0,178291662,178291662,2026-08-10
SH516080,516080,SH,创新药ETF易方达,指数型-股票,T+1,2026-08-12,20260812,2026-08-12T11:43:49+08:00,0.736,2479652,182821061.0,4023384392,4023384392,2026-08-10
SH516090,516090,SH,新能源ETF易方达,指数型-股票,T+1,2026-08-12,20260812,2026-08-12T11:44:01+08:00,0.514,427557,21933681.0,876290227,876290227,2026-08-10
SH516100,516100,SH,金融科技ETF华夏,指数型-股票,T+1,2026-08-12,20260812,2026-08-12T11:43:59+08:00,1.066,221798,23669924.0,1152089836,1152089836,2026-08-10
SH516110,516110,SH,汽车ETF国泰,指数型-股票,T+1,2026-08-12,20260812,2026-08-12T11:44:07+08:00,1.136,127322,14480393.0,266531842,266531842,2026-08-10
SH516120,516120,SH,化工ETF富国,指数型-股票,T+1,2026-08-12,20260812,2026-08-12T11:44:14+08:00,0.901,318288,28689386.0,4762309454,4762309454,2026-08-10
SH516130,516130,SH,消费龙头ETF华宝,指数型-股票,T+1,2026-08-12,20260812,2026-08-12T11:43:54+08:00,0.689,163259,11273170.0,1081654210,1081654210,2026-08-10
SH516150,516150,SH,稀土ETF嘉实,指数型-股票,T+1,2026-08-12,20260812,2026-08-12T11:43:48+08:00,1.803,467632,84103016.0,6917348345,6917348345,2026-08-10
SH516160,516160,SH,新能源ETF南方,指数型-股票,T+1,2026-08-12,20260812,2026-08-12T11:44:00+08:00,2.598,349399,90264680.0,4089620916,4089620916,2026-08-10
SH516180,516180,SH,光伏ETF平安,指数型-股票,T+1,2026-08-12,20260812,2026-08-12T11:43:45+08:00,0.726,35328,2543144.0,111794562,111794562,2026-08-10
SH516190,516190,SH,传媒ETF华夏,指数型-股票,T+1,2026-08-12,20260812,2026-08-12T11:43:54+08:00,1.05,91729,9657473.0,113209425,113209425,2026-08-10
SH516200,516200,SH,证券ETF华安,指数型-股票,T+1,2026-08-12,20260812,2026-08-12T11:43:52+08:00,1.044,41782,4359249.0,465210576,465210576,2026-08-10
SH516210,516210,SH,银行ETF华安,指数型-股票,T+1,2026-08-12,20260812,2026-08-12T11:43:48+08:00,1.357,31356,4258726.0,109687667,109687667,2026-08-10
SH516220,516220,SH,化工ETF国泰,指数型-股票,T+1,2026-08-12,20260812,2026-08-12T11:44:01+08:00,0.921,38963,3585985.0,249747570,249747570,2026-08-10
SH516230,516230,SH,光伏ETF招商,指数型-股票,T+1,2026-08-12,20260812,2026-08-12T11:44:07+08:00,0.81,69458,5607591.0,596906016,596906016,2026-08-10
SH516250,516250,SH,工程机械ETF富国,指数型-股票,T+1,2026-08-12,20260812,2026-08-12T11:44:06+08:00,0.983,31050,3040074.0,109976074,109976074,2026-08-10
SH516260,516260,SH,物联网ETF华夏,指数型-股票,T+1,2026-08-12,20260812,2026-08-12T11:44:01+08:00,1.399,248,34582.0,64189757,64189757,2026-08-10
SH516270,516270,SH,新能源ETF华安,指数型-股票,T+1,2026-08-12,20260812,2026-08-12T11:43:55+08:00,0.608,72460,4401976.0,174136677,174136677,2026-08-10
SH516290,516290,SH,光伏ETF汇添富,指数型-股票,T+1,2026-08-12,20260812,2026-08-12T11:44:11+08:00,0.544,97063,5260692.0,404299111,404299111,2026-08-10
SH516300,516300,SH,中证1000ETF华泰柏瑞,指数型-股票,T+1,2026-08-12,20260812,2026-08-12T11:44:07+08:00,3.275,13861,4519391.0,153966265,153966265,2026-08-10
SH516310,516310,SH,银行ETF易方达,指数型-股票,T+1,2026-08-12,20260812,2026-08-12T11:44:00+08:00,1.32,675805,89313919.0,2202101215,2202101215,2026-08-10
SH516320,516320,SH,高端装备ETF华夏,指数型-股票,T+1,2026-08-12,20260812,2026-08-12T11:44:10+08:00,0.969,9193,887910.0,85843032,85843032,2026-08-10
SH516330,516330,SH,物联网ETF华泰柏瑞,指数型-股票,T+1,2026-08-12,20260812,2026-08-12T11:43:55+08:00,1.622,124,20002.0,11794049,11794049,2026-08-10
SH516350,516350,SH,芯片ETF易方达,指数型-股票,T+1,2026-08-12,20260812,2026-08-12T11:43:57+08:00,1.735,1132950,194731276.0,2440130539,2440130539,2026-08-10
SH516360,516360,SH,新材料ETF华宝,指数型-股票,T+1,2026-08-12,20260812,2026-08-12T11:43:56+08:00,1.095,8116,884226.0,67399221,67399221,2026-08-10
SH516370,516370,SH,电力ETF汇添富,指数型-股票,T+1,2026-08-12,20260812,2026-08-12T11:44:04+08:00,0.935,71076,6644547.0,300516480,300516480,2026-08-10
SH516380,516380,SH,智能电动车ETF华宝,指数型-股票,T+1,2026-08-12,20260812,2026-08-12T11:43:57+08:00,0.907,2252,203418.0,74781515,74781515,2026-08-10
SH516390,516390,SH,新能源车ETF汇添富,指数型-股票,T+1,2026-08-12,20260812,2026-08-12T11:43:52+08:00,0.898,22519,2022282.0,168160378,168160378,2026-08-10
SH516440,516440,SH,工程机械ETF南方,指数型-股票,T+1,2026-08-12,20260812,2026-08-12T11:43:54+08:00,0.981,47758,4657895.0,144331195,144331195,2026-08-10
SH516460,516460,SH,现金流ETF800鹏华,指数型-股票,T+1,2026-08-12,20260812,2026-08-12T11:43:48+08:00,1.242,13364,1661170.0,539888716,539888716,2026-08-10
SH516500,516500,SH,生物科技ETF华夏,指数型-股票,T+1,2026-08-12,20260812,2026-08-12T11:44:08+08:00,0.672,92489,6225581.0,148469798,148469798,2026-08-10
SH516510,516510,SH,云计算ETF易方达,指数型-股票,T+1,2026-08-12,20260812,2026-08-12T11:44:06+08:00,1.745,498337,86794313.0,2674893050,2674893050,2026-08-10
SH516520,516520,SH,智能驾驶ETF华泰柏瑞,指数型-股票,T+1,2026-08-12,20260812,2026-08-12T11:43:54+08:00,1.09,151299,16406272.0,884824399,884824399,2026-08-10
SH516530,516530,SH,物流ETF银华,指数型-股票,T+1,2026-08-12,20260812,2026-08-12T11:43:56+08:00,0.995,2149,213839.0,17713289,17713289,2026-08-10
SH516550,516550,SH,农业ETF嘉实,指数型-股票,T+1,2026-08-12,20260812,2026-08-12T11:43:52+08:00,0.712,63807,4554840.0,181143053,181143053,2026-08-10
SH516560,516560,SH,养老ETF华宝,指数型-股票,T+1,2026-08-12,20260812,2026-08-12T11:43:51+08:00,0.779,25720,2006475.0,161843482,161843482,2026-08-10
SH516570,516570,SH,化工行业ETF易方达,指数型-股票,T+1,2026-08-12,20260812,2026-08-12T11:44:04+08:00,1.037,197863,20582952.0,1176328831,1176328831,2026-08-10
SH516580,516580,SH,新能源ETF博时,指数型-股票,T+1,2026-08-12,20260812,2026-08-12T11:44:02+08:00,0.614,13485,818563.0,90948197,90948197,2026-08-10
SH516590,516590,SH,智能汽车ETF易方达,指数型-股票,T+1,2026-08-12,20260812,2026-08-12T11:44:12+08:00,1.142,4577,521552.0,59401130,59401130,2026-08-10
SH516600,516600,SH,消费服务ETF工银,指数型-股票,T+1,2026-08-12,20260812,2026-08-12T11:43:54+08:00,0.631,10797,683801.0,71512555,71512555,2026-08-10
SH516610,516610,SH,医疗设备ETF大成,指数型-股票,T+1,2026-08-12,20260812,2026-08-12T11:43:50+08:00,0.439,46819,2048979.0,108421937,108421937,2026-08-10
SH516620,516620,SH,影视ETF国泰,指数型-股票,T+1,2026-08-12,20260812,2026-08-12T11:43:51+08:00,0.879,294297,25840995.0,160652633,160652633,2026-08-10
SH516630,516630,SH,云计算ETF华夏,指数型-股票,T+1,2026-08-12,20260812,2026-08-12T11:44:12+08:00,1.702,131539,22361554.0,902325512,902325512,2026-08-10
SH516640,516640,SH,芯片ETF富国,指数型-股票,T+1,2026-08-12,20260812,2026-08-12T11:44:10+08:00,1.534,743589,112978668.0,1964260615,1964260615,2026-08-10
SH516650,516650,SH,有色金属ETF华夏,指数型-股票,T+1,2026-08-12,20260812,2026-08-12T11:44:01+08:00,1.902,725453,137787499.0,10163269867,10163269867,2026-08-10
SH516660,516660,SH,新能源车ETF华安,指数型-股票,T+1,2026-08-12,20260812,2026-08-12T11:44:12+08:00,1.02,1736,177599.0,158802780,158802780,2026-08-10
SH516670,516670,SH,畜牧养殖ETF招商,指数型-股票,T+1,2026-08-12,20260812,2026-08-12T11:44:05+08:00,0.609,362574,22036078.0,2019606179,2019606179,2026-08-10
SH516700,516700,SH,大数据ETF华宝,指数型-股票,T+1,2026-08-12,20260812,2026-08-12T11:43:48+08:00,0.937,63472,5935439.0,180955314,180955314,2026-08-10
SH516710,516710,SH,新材料ETF华夏,指数型-股票,T+1,2026-08-12,20260812,2026-08-12T11:44:11+08:00,0.798,7977,635312.0,62461056,62461056,2026-08-10
SH516730,516730,SH,证券ETF浦银,指数型-股票,T+1,2026-08-12,20260812,2026-08-12T11:44:07+08:00,0.993,7879,782288.0,234726134,234726134,2026-08-10
SH516750,516750,SH,建材ETF富国,指数型-股票,T+1,2026-08-12,20260812,2026-08-12T11:43:45+08:00,0.59,47913,2821643.0,82698707,82698707,2026-08-10
SH516760,516760,SH,养殖ETF平安,指数型-股票,T+1,2026-08-12,20260812,2026-08-12T11:43:57+08:00,0.581,27941,1623511.0,180234975,180234975,2026-08-10
SH516770,516770,SH,游戏ETF华泰柏瑞,指数型-股票,T+1,2026-08-12,20260812,2026-08-12T11:43:48+08:00,1.2,219590,26332205.0,320457600,320457600,2026-08-10
SH516780,516780,SH,稀土ETF华泰柏瑞,指数型-股票,T+1,2026-08-12,20260812,2026-08-12T11:43:47+08:00,0.879,291230,25553574.0,2180447133,2180447133,2026-08-10
SH516790,516790,SH,医疗ETF华泰柏瑞,指数型-股票,T+1,2026-08-12,20260812,2026-08-12T11:43:49+08:00,0.528,45681,2405481.0,99888202,99888202,2026-08-10
SH516800,516800,SH,智能制造ETF华宝,指数型-股票,T+1,2026-08-12,20260812,2026-08-12T11:43:58+08:00,1.007,65592,6546944.0,191640156,191640156,2026-08-10
SH516810,516810,SH,农业ETF华夏,指数型-股票,T+1,2026-08-12,20260812,2026-08-12T11:44:00+08:00,0.749,700598,52551911.0,396579693,396579693,2026-08-10
SH516820,516820,SH,医疗创新ETF平安,指数型-股票,T+1,2026-08-12,20260812,2026-08-12T11:43:59+08:00,0.366,610865,22381342.0,1729135975,1729135975,2026-08-10
SH516830,516830,SH,沪深300ESGETF富国,指数型-股票,T+1,2026-08-12,20260812,2026-08-12T11:44:13+08:00,1.053,48242,5061117.0,91797276,91797276,2026-08-10
SH516840,516840,SH,汽车ETF南方,指数型-股票,T+1,2026-08-12,20260812,2026-08-12T11:44:03+08:00,0.781,47182,3671884.0,105651337,105651337,2026-08-10
SH516850,516850,SH,新能源ETF华夏,指数型-股票,T+1,2026-08-12,20260812,2026-08-12T11:43:46+08:00,0.956,58053,5530585.0,134066572,134066572,2026-08-10
SH516860,516860,SH,金融科技ETF博时,指数型-股票,T+1,2026-08-12,20260812,2026-08-12T11:43:47+08:00,1.099,169568,18593031.0,1263324678,1263324678,2026-08-10
SH516880,516880,SH,光伏ETF银华,指数型-股票,T+1,2026-08-12,20260812,2026-08-12T11:43:48+08:00,0.749,128322,9516325.0,692034128,692034128,2026-08-10
SH516890,516890,SH,新材料ETF平安,指数型-股票,T+1,2026-08-12,20260812,2026-08-12T11:43:58+08:00,0.826,7444,614060.0,29167216,29167216,2026-08-10
SH516900,516900,SH,食品饮料ETF华安,指数型-股票,T+1,2026-08-12,20260812,2026-08-12T11:44:12+08:00,0.507,39236,1999542.0,145878607,145878607,2026-08-10
SH516910,516910,SH,物流ETF富国,指数型-股票,T+1,2026-08-12,20260812,2026-08-12T11:43:54+08:00,1.156,98824,11433052.0,78193921,78193921,2026-08-10
SH516920,516920,SH,芯片ETF汇添富,指数型-股票,T+1,2026-08-12,20260812,2026-08-12T11:43:48+08:00,1.489,164564,24247046.0,699030419,699030419,2026-08-10
SH516930,516930,SH,生物科技ETF民生加银,指数型-股票,T+1,2026-08-12,20260812,2026-08-12T11:44:14+08:00,0.525,3329,175636.0,56510790,56510790,2026-08-10
SH516950,516950,SH,基建ETF银华,指数型-股票,T+1,2026-08-12,20260812,2026-08-12T11:44:11+08:00,1.048,41652,4364662.0,115092408,115092408,2026-08-10
SH516960,516960,SH,机械ETF国泰,指数型-股票,T+1,2026-08-12,20260812,2026-08-12T11:43:58+08:00,0.921,651,59720.0,14783063,14783063,2026-08-10
SH516970,516970,SH,基建ETF广发,指数型-股票,T+1,2026-08-12,20260812,2026-08-12T11:44:07+08:00,1.122,196533,21989585.0,1322885681,1322885681,2026-08-10
SH516980,516980,SH,证券先锋ETF华富,指数型-股票,T+1,2026-08-12,20260812,2026-08-12T11:44:09+08:00,1.072,6580,704712.0,64337152,64337152,2026-08-10
SH517000,517000,SH,沪港深500ETF银华,指数型-股票,T+1,2026-08-12,20260812,2026-08-12T11:43:50+08:00,1.012,422,42665.0,129326516,129326516,2026-08-10
SH517010,517010,SH,沪港深500ETF易方达,指数型-股票,T+1,2026-08-12,20260812,2026-08-12T11:44:06+08:00,1.135,14714,1668319.0,92098667,92098667,2026-08-10
SH517030,517030,SH,沪港深300ETF易方达,指数型-股票,T+1,2026-08-12,20260812,2026-08-12T11:43:54+08:00,1.151,7348,845742.0,96730385,96730385,2026-08-10
SH517050,517050,SH,互联网ETF华泰柏瑞,指数型-股票,T+1,2026-08-12,20260812,2026-08-12T11:44:13+08:00,0.696,15671,1092882.0,241933086,241933086,2026-08-10
SH517080,517080,SH,沪港深500ETF汇添富,指数型-股票,T+1,2026-08-12,20260812,2026-08-12T11:43:58+08:00,1.007,2648,266379.0,174378162,174378162,2026-08-10
SH517090,517090,SH,央企共赢ETF国泰,指数型-股票,T+1,2026-08-12,20260812,2026-08-12T11:44:02+08:00,1.57,27010,4256009.0,89607750,89607750,2026-08-10
SH517100,517100,SH,沪港深500ETF富国,指数型-股票,T+1,2026-08-12,20260812,2026-08-12T11:43:48+08:00,1.025,343,35028.0,151804653,151804653,2026-08-10
SH517110,517110,SH,创新药ETF国泰,指数型-股票,T+1,2026-08-12,20260812,2026-08-12T11:43:52+08:00,0.808,577664,46700056.0,1181375585,1181375585,2026-08-10
SH517120,517120,SH,创新药ETF华泰柏瑞,指数型-股票,T+1,2026-08-12,20260812,2026-08-12T11:43:54+08:00,0.774,241995,18755280.0,483723994,483723994,2026-08-10
SH517130,517130,SH,云计算ETF嘉实,指数型-股票,T+1,2026-08-12,20260812,2026-08-12T11:43:47+08:00,0.986,20382,2010556.0,188477844,188477844,2026-08-10
SH517160,517160,SH,长江保护ETF南方,指数型-股票,T+1,2026-08-12,20260812,2026-08-12T11:44:09+08:00,0.979,1236,120549.0,1790373176,1790373176,2026-08-10
SH517170,517170,SH,沪港深500ETF华夏,指数型-股票,T+1,2026-08-12,20260812,2026-08-12T11:44:12+08:00,1.014,2430,246172.0,16357645,16357645,2026-08-10
SH517180,517180,SH,中国国企ETF南方,指数型-股票,T+1,2026-08-12,20260812,2026-08-12T11:43:54+08:00,1.487,3943,587227.0,153898998,153898998,2026-08-10
SH517200,517200,SH,互联网ETF嘉实,指数型-股票,T+1,2026-08-12,20260812,2026-08-12T11:44:00+08:00,0.616,21509,1322784.0,86105712,86105712,2026-08-10
SH517300,517300,SH,沪港深300ETF国寿,指数型-股票,T+1,2026-08-12,20260812,2026-08-12T11:44:15+08:00,0.959,1488,142520.0,964211682,964211682,2026-08-10
SH517330,517330,SH,长江保护ETF易方达,指数型-股票,T+1,2026-08-12,20260812,2026-08-12T11:44:01+08:00,0.986,2,197.0,1781868642,1781868642,2026-08-10
SH517350,517350,SH,沪港深科技ETF广发,指数型-股票,T+1,2026-08-12,20260812,2026-08-12T11:43:59+08:00,0.957,8633,823354.0,46933194,46933194,2026-08-10
SH517360,517360,SH,沪港深科技ETF华安,指数型-股票,T+1,2026-08-12,20260812,2026-08-12T11:44:13+08:00,0.974,2449,238886.0,25891842,25891842,2026-08-10
SH517380,517380,SH,创新药ETF天弘,指数型-股票,T+1,2026-08-12,20260812,2026-08-12T11:44:05+08:00,0.88,1051152,92797915.0,2643807148,2643807148,2026-08-10
SH517390,517390,SH,云计算ETF天弘,指数型-股票,T+1,2026-08-12,20260812,2026-08-12T11:44:14+08:00,1.994,15940,3176926.0,269414524,269414524,2026-08-10
SH517400,517400,SH,黄金股ETF国泰,指数型-股票,T+1,2026-08-12,20260812,2026-08-12T11:43:55+08:00,1.637,410559,66941846.0,1621926504,1621926504,2026-08-10
SH517520,517520,SH,黄金股ETF永赢,指数型-股票,T+1,2026-08-12,20260812,2026-08-12T11:43:56+08:00,2.075,5509400,1135792601.0,17113363366,17113363366,2026-08-10
SH517550,517550,SH,沪港深消费龙头ETF招商,指数型-股票,T+1,2026-08-12,20260812,2026-08-12T11:43:47+08:00,0.667,49965,3338559.0,56639906,56639906,2026-08-10
SH517660,517660,SH,物联网ETF天弘,指数型-股票,T+1,2026-08-12,20260812,2026-08-12T11:43:58+08:00,1.302,10974,1417805.0,55049471,55049471,2026-08-10
SH517770,517770,SH,游戏传媒ETF浦银,指数型-股票,T+1,2026-08-12,20260812,2026-08-12T11:44:09+08:00,0.943,34627,3267296.0,153659775,153659775,2026-08-10
SH517800,517800,SH,人工智能50ETF方正富邦,指数型-股票,T+1,2026-08-12,20260812,2026-08-12T11:44:09+08:00,1.033,25819,2657172.0,215421510,215421510,2026-08-10
SH517850,517850,SH,张江ETF汇添富,指数型-股票,T+1,2026-08-12,20260812,2026-08-12T11:43:48+08:00,1.352,3804,512848.0,51626390,51626390,2026-08-10
SH517880,517880,SH,品牌消费ETF华泰柏瑞,指数型-股票,T+1,2026-08-12,20260812,2026-08-12T11:44:05+08:00,0.768,20014,1541823.0,40962893,40962893,2026-08-10
SH517900,517900,SH,银行AH优选ETF招商,指数型-股票,T+1,2026-08-12,20260812,2026-08-12T11:43:45+08:00,1.486,91456,13605145.0,615194347,615194347,2026-08-10
SH517990,517990,SH,沪港深医药ETF招商,指数型-股票,T+1,2026-08-12,20260812,2026-08-12T11:44:12+08:00,0.927,5581,519203.0,44484783,44484783,2026-08-10
SH520560,520560,SH,香港大盘30ETF华宝,指数型-股票,T+1,2026-08-12,20260812,2026-08-12T11:43:59+08:00,0.822,30348,2496063.0,508340425,508340425,2026-08-10
SH530000,530000,SH,上证50ETF天弘,指数型-股票,T+1,2026-08-12,20260812,2026-08-12T11:43:54+08:00,1.393,69189,9617855.0,1373538965,1373538965,2026-08-10
SH530050,530050,SH,上证50ETF东财,指数型-股票,T+1,2026-08-12,20260812,2026-08-12T11:43:58+08:00,1.192,25130,2990196.0,164273096,164273096,2026-08-10
SH530060,530060,SH,上证指数ETF易方达,指数型-股票,T+1,2026-08-12,20260812,2026-08-12T11:44:02+08:00,0.997,193865,19306673.0,709059429,709059429,2026-08-10
SH530080,530080,SH,上证180ETF天弘,指数型-股票,T+1,2026-08-12,20260812,2026-08-12T11:43:52+08:00,1.252,33307,4167264.0,36204084,36204084,2026-08-10
SH530100,530100,SH,上证580ETF易方达,指数型-股票,T+1,2026-08-12,20260812,2026-08-12T11:43:47+08:00,1.165,12562,1453111.0,145270840,145270840,2026-08-10
SH530180,530180,SH,上证180ETF易方达,指数型-股票,T+1,2026-08-12,20260812,2026-08-12T11:43:59+08:00,1.215,50622,6142758.0,77701680,77701680,2026-08-10
SH530280,530280,SH,上证180ETF平安,指数型-股票,T+1,2026-08-12,20260812,2026-08-12T11:43:53+08:00,1.224,515,62965.0,36639216,36639216,2026-08-10
SH530300,530300,SH,上证180ETF华泰柏瑞,指数型-股票,T+1,2026-08-12,20260812,2026-08-12T11:44:14+08:00,1.256,4199,527594.0,44767608,44767608,2026-08-10
SH530380,530380,SH,上证380ETF易方达,指数型-股票,T+1,2026-08-12,20260812,2026-08-12T11:43:48+08:00,1.129,14449,1625917.0,156597945,156597945,2026-08-10
SH530530,530530,SH,上证580ETF华夏,指数型-股票,T+1,2026-08-12,20260812,2026-08-12T11:43:58+08:00,1.158,7277,838103.0,155704680,155704680,2026-08-10
SH530580,530580,SH,上证180ETF南方,指数型-股票,T+1,2026-08-12,20260812,2026-08-12T11:43:47+08:00,1.187,29684,3522230.0,67835863,67835863,2026-08-10
SH530680,530680,SH,上证180ETF兴业,指数型-股票,T+1,2026-08-12,20260812,2026-08-12T11:44:14+08:00,1.184,6626,783354.0,138400010,138400010,2026-08-10
SH530800,530800,SH,上证180ETF银华,指数型-股票,T+1,2026-08-12,20260812,2026-08-12T11:44:06+08:00,1.224,125,15266.0,22279003,22279003,2026-08-10
SH530880,530880,SH,红利国企ETF银河,指数型-股票,T+1,2026-08-12,20260812,2026-08-12T11:44:08+08:00,1.09,10052,1098161.0,42331240,42331240,2026-08-10
SH560010,560010,SH,中证1000ETF广发,指数型-股票,T+1,2026-08-12,20260812,2026-08-12T11:43:50+08:00,3.24,1218350,392296437.0,6741214295,6741214295,2026-08-10
SH560020,560020,SH,红利ETF汇添富,指数型-股票,T+1,2026-08-12,20260812,2026-08-12T11:44:10+08:00,1.104,22573,2502684.0,140828448,140828448,2026-08-10
SH560030,560030,SH,800价值ETF汇添富,指数型-股票,T+1,2026-08-12,20260812,2026-08-12T11:44:05+08:00,1.292,655,84553.0,31566144,31566144,2026-08-10
SH560050,560050,SH,中国A50ETF汇添富,指数型-股票,T+1,2026-08-12,20260812,2026-08-12T11:43:56+08:00,1.123,393434,44106934.0,2568788831,2568788831,2026-08-10
SH560060,560060,SH,碳中和ETF汇添富,指数型-股票,T+1,2026-08-12,20260812,2026-08-12T11:44:07+08:00,0.945,345,32584.0,71905050,71905050,2026-08-10
SH560070,560070,SH,央企红利ETF汇添富,指数型-股票,T+1,2026-08-12,20260812,2026-08-12T11:44:12+08:00,1.158,5012,579911.0,97691543,97691543,2026-08-10
SH560080,560080,SH,中药ETF汇添富,指数型-股票,T+1,2026-08-12,20260812,2026-08-12T11:43:46+08:00,0.993,590916,59125000.0,2229548153,2229548153,2026-08-10
SH560090,560090,SH,证券ETF汇添富,指数型-股票,T+1,2026-08-12,20260812,2026-08-12T11:44:03+08:00,1.17,398039,46655889.0,2787367059,2787367059,2026-08-10
SH560100,560100,SH,中证500增强ETF南方,指数型-股票,T+1,2026-08-12,20260812,2026-08-12T11:43:56+08:00,1.367,68986,9410675.0,89648270,89648270,2026-08-10
SH560110,560110,SH,中证1000ETF汇添富,指数型-股票,T+1,2026-08-12,20260812,2026-08-12T11:44:06+08:00,1.171,87644,10226199.0,430815003,430815003,2026-08-10
SH560120,560120,SH,中证500现金流ETF华夏,指数型-股票,T+1,2026-08-12,20260812,2026-08-12T11:44:07+08:00,1.225,118337,14522684.0,707669035,707669035,2026-08-10
SH560130,560130,SH,食品ETF鹏华,指数型-股票,T+1,2026-08-12,20260812,2026-08-12T11:43:47+08:00,0.92,3062,282387.0,64194104,64194104,2026-08-10
SH560150,560150,SH,红利低波ETF泰康,指数型-股票,T+1,2026-08-12,20260812,2026-08-12T11:44:07+08:00,1.107,15105,1676319.0,757497181,757497181,2026-08-10
SH560160,560160,SH,食品ETF易方达,指数型-股票,T+1,2026-08-12,20260812,2026-08-12T11:44:06+08:00,0.931,32693,3046715.0,108653286,108653286,2026-08-10
SH560170,560170,SH,央企科技ETF南方,指数型-股票,T+1,2026-08-12,20260812,2026-08-12T11:44:10+08:00,1.279,100183,12708401.0,476421750,476421750,2026-08-10
SH560180,560180,SH,沪深300ESGETF南方,指数型-股票,T+1,2026-08-12,20260812,2026-08-12T11:43:51+08:00,1.218,5812,706142.0,19004454,19004454,2026-08-10
SH560190,560190,SH,公用事业ETF鹏华,指数型-股票,T+1,2026-08-12,20260812,2026-08-12T11:44:10+08:00,1.027,6609,677669.0,19856018,19856018,2026-08-10
SH560210,560210,SH,农牧渔ETF景顺,指数型-股票,T+1,2026-08-12,20260812,2026-08-12T11:44:08+08:00,0.797,60649,4835115.0,420435034,420435034,2026-08-10
SH560220,560220,SH,中证2000ETF广发,指数型-股票,T+1,2026-08-12,20260812,2026-08-12T11:43:47+08:00,1.441,18041,2588584.0,96139197,96139197,2026-08-10
SH560230,560230,SH,光伏ETF富国,指数型-股票,T+1,2026-08-12,20260812,2026-08-12T11:43:56+08:00,0.789,37069,2891914.0,72500421,72500421,2026-08-10
SH560250,560250,SH,红利质量ETF富国,指数型-股票,T+1,2026-08-12,20260812,2026-08-12T11:44:13+08:00,1.011,11774,1190476.0,163613163,163613163,2026-08-10
SH560260,560260,SH,医疗ETF广发,指数型-股票,T+1,2026-08-12,20260812,2026-08-12T11:43:50+08:00,0.893,41149,3674500.0,1604421581,1604421581,2026-08-10
SH560270,560270,SH,电力ETF工银,指数型-股票,T+1,2026-08-12,20260812,2026-08-12T11:43:44+08:00,0.962,23801,2288110.0,163000318,163000318,2026-08-10
SH560280,560280,SH,工程机械ETF广发,指数型-股票,T+1,2026-08-12,20260812,2026-08-12T11:43:59+08:00,1.571,334680,52297180.0,2898105392,2898105392,2026-08-10
SH560290,560290,SH,有色ETF景顺,指数型-股票,T+1,2026-08-12,20260812,2026-08-12T11:44:13+08:00,0.85,55722,4732732.0,315939900,315939900,2026-08-10
SH560300,560300,SH,电信ETF汇添富,指数型-股票,T+1,2026-08-12,20260812,2026-08-12T11:44:14+08:00,2.28,2089,469378.0,58831752,58831752,2026-08-10
SH560310,560310,SH,光伏ETF博时,指数型-股票,T+1,2026-08-12,20260812,2026-08-12T11:43:44+08:00,0.794,26128,2055800.0,144604868,144604868,2026-08-10
SH560320,560320,SH,食品ETF富国,指数型-股票,T+1,2026-08-12,20260812,2026-08-12T11:43:47+08:00,0.939,24457,2296716.0,122381748,122381748,2026-08-10
SH560330,560330,SH,沪深300价值ETF申万菱信,指数型-股票,T+1,2026-08-12,20260812,2026-08-12T11:43:52+08:00,1.219,1008,122848.0,20881470,20881470,2026-08-10
SH560350,560350,SH,中证A50ETF摩根,指数型-股票,T+1,2026-08-12,20260812,2026-08-12T11:44:12+08:00,1.296,70435,9112171.0,1100993596,1100993596,2026-08-10
SH560360,560360,SH,软件ETF万家,指数型-股票,T+1,2026-08-12,20260812,2026-08-12T11:44:10+08:00,1.305,33746,4410506.0,279720225,279720225,2026-08-10
SH560370,560370,SH,红利质量ETF易方达,指数型-股票,T+1,2026-08-12,20260812,2026-08-12T11:44:03+08:00,0.916,18160,1667196.0,116866944,116866944,2026-08-10
SH560380,560380,SH,A100ETF南方,指数型-股票,T+1,2026-08-12,20260812,2026-08-12T11:43:46+08:00,1.29,25048,3223996.0,186870690,186870690,2026-08-10
SH560390,560390,SH,电网设备ETF易方达,指数型-股票,T+1,2026-08-12,20260812,2026-08-12T11:44:09+08:00,0.895,726276,64651144.0,1954910910,1954910910,2026-08-10
SH560400,560400,SH,证券ETF华泰柏瑞,指数型-股票,T+1,2026-08-12,20260812,2026-08-12T11:44:12+08:00,0.99,129189,12785300.0,187598070,187598070,2026-08-10
SH560410,560410,SH,电池ETF鹏华,指数型-股票,T+1,2026-08-12,20260812,2026-08-12T11:43:49+08:00,0.888,38491,3380001.0,59306057,59306057,2026-08-10
SH560420,560420,SH,食品ETF前海开源,指数型-股票,T+1,2026-08-12,20260812,2026-08-12T11:44:00+08:00,0.937,11089,1041003.0,130037047,130037047,2026-08-10
SH560450,560450,SH,电力ETF天弘,指数型-股票,T+1,2026-08-12,20260812,2026-08-12T11:43:44+08:00,0.953,80183,7654735.0,245939757,245939757,2026-08-10
SH560460,560460,SH,电力ETF平安,指数型-股票,T+1,2026-08-12,20260812,2026-08-12T11:43:51+08:00,0.918,35628,3266304.0,267630973,267630973,2026-08-10
SH560470,560470,SH,有色ETF易方达,指数型-股票,T+1,2026-08-12,20260812,2026-08-12T11:43:45+08:00,0.929,105340,9764102.0,305956860,305956860,2026-08-10
SH560480,560480,SH,电力ETF招商,指数型-股票,T+1,2026-08-12,20260812,2026-08-12T11:44:04+08:00,0.911,48855,4448363.0,134648533,134648533,2026-08-10
SH560490,560490,SH,工业有色ETF华泰柏瑞,指数型-股票,T+1,2026-08-12,20260812,2026-08-12T11:44:02+08:00,0.998,44992,4489874.0,116249036,116249036,2026-08-10
SH560500,560500,SH,500质量成长ETF鹏扬,指数型-股票,T+1,2026-08-12,20260812,2026-08-12T11:44:08+08:00,1.417,7835,1108050.0,417078374,417078374,2026-08-10
SH560510,560510,SH,中证A500ETF泰康,指数型-股票,T+1,2026-08-12,20260812,2026-08-12T11:43:49+08:00,1.215,137605,16690172.0,3071552679,3071552679,2026-08-10
SH560520,560520,SH,红利低波100ETF大成,指数型-股票,T+1,2026-08-12,20260812,2026-08-12T11:43:48+08:00,1.093,910,99606.0,62028843,62028843,2026-08-10
SH560530,560530,SH,中证A500ETF摩根,指数型-股票,T+1,2026-08-12,20260812,2026-08-12T11:43:56+08:00,1.248,504527,62866804.0,4682026373,4682026373,2026-08-10
SH560550,560550,SH,碳中和ETF广发,指数型-股票,T+1,2026-08-12,20260812,2026-08-12T11:44:13+08:00,0.987,118,11648.0,121990634,121990634,2026-08-10
SH560560,560560,SH,碳中和ETF泰康,指数型-股票,T+1,2026-08-12,20260812,2026-08-12T11:43:50+08:00,0.695,834,57591.0,50867120,50867120,2026-08-10
SH560570,560570,SH,A500红利ETF国联安,指数型-股票,T+1,2026-08-12,20260812,2026-08-12T11:44:00+08:00,0.996,139503,13908456.0,1186775035,1186775035,2026-08-10
SH560580,560580,SH,电力ETF南方,指数型-股票,T+1,2026-08-12,20260812,2026-08-12T11:44:01+08:00,1.116,52724,5895539.0,550191357,550191357,2026-08-10
SH560590,560590,SH,中证1000增强ETF鹏华,指数型-股票,T+1,2026-08-12,20260812,2026-08-12T11:44:14+08:00,1.462,4809,697057.0,41974020,41974020,2026-08-10
SH560610,560610,SH,A500ETF招商,指数型-股票,T+1,2026-08-12,20260812,2026-08-12T11:44:13+08:00,1.216,311722,37853354.0,6273329758,6273329758,2026-08-10
SH560620,560620,SH,公用事业ETF万家,指数型-股票,T+1,2026-08-12,20260812,2026-08-12T11:44:10+08:00,0.964,963,92766.0,25899788,25899788,2026-08-10
SH560630,560630,SH,机器人ETF万家,指数型-股票,T+1,2026-08-12,20260812,2026-08-12T11:44:05+08:00,1.155,31418,3620122.0,193340070,193340070,2026-08-10
SH560660,560660,SH,云计算50ETF新华,指数型-股票,T+1,2026-08-12,20260812,2026-08-12T11:44:08+08:00,1.126,49683,5577266.0,147436188,147436188,2026-08-10
SH560670,560670,SH,银行ETF华泰柏瑞,指数型-股票,T+1,2026-08-12,20260812,2026-08-12T11:44:11+08:00,1.03,82078,8468934.0,57138220,57138220,2026-08-10
SH560680,560680,SH,消费ETF广发,指数型-股票,T+1,2026-08-12,20260812,2026-08-12T11:44:03+08:00,0.746,83518,6241917.0,261268298,261268298,2026-08-10
SH560690,560690,SH,电信ETF鹏华,指数型-股票,T+1,2026-08-12,20260812,2026-08-12T11:44:10+08:00,2.193,12304,2692647.0,46357827,46357827,2026-08-10
SH560700,560700,SH,央企红利ETF广发,指数型-股票,T+1,2026-08-12,20260812,2026-08-12T11:43:51+08:00,1.183,28469,3370894.0,536534148,536534148,2026-08-10
SH560710,560710,SH,船舶ETF富国,指数型-股票,T+1,2026-08-12,20260812,2026-08-12T11:44:01+08:00,0.907,266050,24089507.0,1698430060,1698430060,2026-08-10
SH560720,560720,SH,红利低波100ETF工银,指数型-股票,T+1,2026-08-12,20260812,2026-08-12T11:43:59+08:00,0.982,20471,2014811.0,101684136,101684136,2026-08-10
SH560730,560730,SH,红利低波ETF国泰海通,指数型-股票,T+1,2026-08-12,20260812,2026-08-12T11:44:12+08:00,1.018,16436,1676044.0,110795353,110795353,2026-08-10
SH560750,560750,SH,A500ETF申万菱信,指数型-股票,T+1,2026-08-12,20260812,2026-08-12T11:43:58+08:00,1.365,4272,581059.0,90847302,90847302,2026-08-10
SH560770,560770,SH,机器人ETF招商,指数型-股票,T+1,2026-08-12,20260812,2026-08-12T11:43:47+08:00,1.018,81902,8315495.0,1701213402,1701213402,2026-08-10
SH560780,560780,SH,半导体设备ETF广发,指数型-股票,T+1,2026-08-12,20260812,2026-08-12T11:43:51+08:00,1.12,4222491,470542825.0,12951106560,12951106560,2026-08-10
SH560790,560790,SH,软件ETF鹏华,指数型-股票,T+1,2026-08-12,20260812,2026-08-12T11:43:48+08:00,0.882,42202,3729612.0,197088104,197088104,2026-08-10
SH560800,560800,SH,数字经济ETF鹏扬,指数型-股票,T+1,2026-08-12,20260812,2026-08-12T11:43:56+08:00,1.221,24945,3027612.0,351588298,351588298,2026-08-10
SH560810,560810,SH,央企ESGETF融通,指数型-股票,T+1,2026-08-12,20260812,2026-08-12T11:43:56+08:00,1.287,756,96921.0,242105292,242105292,2026-08-10
SH560830,560830,SH,电力ETF华夏,指数型-股票,T+1,2026-08-12,20260812,2026-08-12T11:43:53+08:00,0.916,128373,11765686.0,661827411,661827411,2026-08-10
SH560850,560850,SH,信创ETF汇添富,指数型-股票,T+1,2026-08-12,20260812,2026-08-12T11:43:57+08:00,1.407,8804,1234703.0,101534748,101534748,2026-08-10
SH560860,560860,SH,工业有色ETF万家,指数型-股票,T+1,2026-08-12,20260812,2026-08-12T11:44:00+08:00,1.677,1851014,309773807.0,9909783567,9909783567,2026-08-10
SH560870,560870,SH,工业有色ETF中银,指数型-股票,T+1,2026-08-12,20260812,2026-08-12T11:43:55+08:00,0.962,55354,5341853.0,93652528,93652528,2026-08-10
SH560880,560880,SH,家电ETF广发,指数型-股票,T+1,2026-08-12,20260812,2026-08-12T11:44:09+08:00,1.518,59977,9096846.0,314578176,314578176,2026-08-10
SH560900,560900,SH,创新药ETF摩根,指数型-股票,T+1,2026-08-12,20260812,2026-08-12T11:44:06+08:00,0.992,137379,13656507.0,212257347,212257347,2026-08-10
SH560910,560910,SH,电池ETF华泰柏瑞,指数型-股票,T+1,2026-08-12,20260812,2026-08-12T11:43:44+08:00,0.797,95713,7608979.0,160771637,160771637,2026-08-10
SH560920,560920,SH,工程机械ETF招商,指数型-股票,T+1,2026-08-12,20260812,2026-08-12T11:44:13+08:00,1.011,2417,244064.0,47894406,47894406,2026-08-10
SH560930,560930,SH,电力ETF易方达,指数型-股票,T+1,2026-08-12,20260812,2026-08-12T11:44:07+08:00,0.898,54990,4938053.0,202969552,202969552,2026-08-10
SH560950,560950,SH,中证500增强ETF汇添富,指数型-股票,T+1,2026-08-12,20260812,2026-08-12T11:44:07+08:00,1.4,3632,508214.0,24476200,24476200,2026-08-10
SH560970,560970,SH,工业有色ETF平安,指数型-股票,T+1,2026-08-12,20260812,2026-08-12T11:43:44+08:00,0.984,18877,1862869.0,67047792,67047792,2026-08-10
SH560980,560980,SH,光伏龙头ETF广发,指数型-股票,T+1,2026-08-12,20260812,2026-08-12T11:43:59+08:00,0.672,142366,9531700.0,239918784,239918784,2026-08-10
SH560990,560990,SH,科技先锋ETF中金,指数型-股票,T+1,2026-08-12,20260812,2026-08-12T11:44:13+08:00,1.197,689,82057.0,22966959,22966959,2026-08-10
SH561000,561000,SH,沪深300增强ETF华安,指数型-股票,T+1,2026-08-12,20260812,2026-08-12T11:43:54+08:00,1.337,11347,1514710.0,70085540,70085540,2026-08-10
SH561010,561010,SH,软件ETF华安,指数型-股票,T+1,2026-08-12,20260812,2026-08-12T11:43:57+08:00,0.917,86163,7894068.0,269924452,269924452,2026-08-10
SH561020,561020,SH,食品ETF招商,指数型-股票,T+1,2026-08-12,20260812,2026-08-12T11:44:13+08:00,1.021,44328,4523764.0,51072666,51072666,2026-08-10
SH561030,561030,SH,工程机械ETF华泰柏瑞,指数型-股票,T+1,2026-08-12,20260812,2026-08-12T11:43:49+08:00,0.911,17622,1599748.0,173591050,173591050,2026-08-10
SH561050,561050,SH,稀有金属ETF易方达,指数型-股票,T+1,2026-08-12,20260812,2026-08-12T11:44:10+08:00,0.914,74733,6827864.0,223244500,223244500,2026-08-10
SH561060,561060,SH,国企红利ETF华安,指数型-股票,T+1,2026-08-12,20260812,2026-08-12T11:43:59+08:00,1.149,1873,215384.0,62695185,62695185,2026-08-10
SH561080,561080,SH,全指现金流ETF华安,指数型-股票,T+1,2026-08-12,20260812,2026-08-12T11:43:48+08:00,1.208,3628,437639.0,30502000,30502000,2026-08-10
SH561090,561090,SH,A500增强ETF华安,指数型-股票,T+1,2026-08-12,20260812,2026-08-12T11:44:12+08:00,1.261,34082,4287786.0,317739214,317739214,2026-08-10
SH561100,561100,SH,消费电子ETF富国,指数型-股票,T+1,2026-08-12,20260812,2026-08-12T11:43:58+08:00,1.68,180920,30085623.0,965574785,965574785,2026-08-10
SH561120,561120,SH,家电ETF富国,指数型-股票,T+1,2026-08-12,20260812,2026-08-12T11:44:01+08:00,1.258,51016,6426975.0,35425154,35425154,2026-08-10
SH561130,561130,SH,国货ETF富国,指数型-股票,T+1,2026-08-12,20260812,2026-08-12T11:43:47+08:00,1.087,38987,4222730.0,93411562,93411562,2026-08-10
SH561160,561160,SH,电池ETF富国,指数型-股票,T+1,2026-08-12,20260812,2026-08-12T11:43:47+08:00,0.77,267570,20562752.0,1810527956,1810527956,2026-08-10
SH561170,561170,SH,绿色电力ETF富国,指数型-股票,T+1,2026-08-12,20260812,2026-08-12T11:43:44+08:00,1.158,180882,20955482.0,686152871,686152871,2026-08-10
SH561180,561180,SH,A100ETF富国,指数型-股票,T+1,2026-08-12,20260812,2026-08-12T11:44:05+08:00,1.349,4282,576751.0,66923350,66923350,2026-08-10
SH561190,561190,SH,碳中和ETF富国,指数型-股票,T+1,2026-08-12,20260812,2026-08-12T11:44:01+08:00,0.989,899,89127.0,193169502,193169502,2026-08-10
SH561200,561200,SH,中证A100ETF工银,指数型-股票,T+1,2026-08-12,20260812,2026-08-12T11:43:47+08:00,1.509,1137,171446.0,47488985,47488985,2026-08-10
SH561220,561220,SH,数字经济ETF工银,指数型-股票,T+1,2026-08-12,20260812,2026-08-12T11:44:13+08:00,1.874,13512,2514945.0,83492322,83492322,2026-08-10
SH561230,561230,SH,中证A50ETF工银,指数型-股票,T+1,2026-08-12,20260812,2026-08-12T11:44:14+08:00,1.359,82945,11248622.0,623071341,623071341,2026-08-10
SH561250,561250,SH,稀有金属ETF鹏华,指数型-股票,T+1,2026-08-12,20260812,2026-08-12T11:43:58+08:00,1.066,69929,7417612.0,160701845,160701845,2026-08-10
SH561260,561260,SH,能源ETF工银,指数型-股票,T+1,2026-08-12,20260812,2026-08-12T11:43:53+08:00,1.262,1409,178186.0,33689342,33689342,2026-08-10
SH561280,561280,SH,中证1000增强ETF工银,指数型-股票,T+1,2026-08-12,20260812,2026-08-12T11:44:05+08:00,1.63,38299,6209576.0,143191751,143191751,2026-08-10
SH561300,561300,SH,沪深300增强ETF国泰,指数型-股票,T+1,2026-08-12,20260812,2026-08-12T11:44:05+08:00,1.073,95896,10276143.0,491396454,491396454,2026-08-10
SH561310,561310,SH,消电ETF国泰,指数型-股票,T+1,2026-08-12,20260812,2026-08-12T11:43:52+08:00,0.738,63199,4611878.0,79580828,79580828,2026-08-10
SH561320,561320,SH,交运ETF国泰,指数型-股票,T+1,2026-08-12,20260812,2026-08-12T11:44:15+08:00,0.935,3947,369896.0,29330015,29330015,2026-08-10
SH561330,561330,SH,矿业ETF国泰,指数型-股票,T+1,2026-08-12,20260812,2026-08-12T11:43:54+08:00,0.993,697256,69066230.0,1797719351,1797719351,2026-08-10
SH561350,561350,SH,中证500ETF国泰,指数型-股票,T+1,2026-08-12,20260812,2026-08-12T11:43:57+08:00,1.282,160040,20445668.0,117559400,117559400,2026-08-10
SH561360,561360,SH,石油ETF国泰,指数型-股票,T+1,2026-08-12,20260812,2026-08-12T11:44:01+08:00,1.435,236361,33908445.0,1956117380,1956117380,2026-08-10
SH561370,561370,SH,中证2000ETF国泰,指数型-股票,T+1,2026-08-12,20260812,2026-08-12T11:44:01+08:00,1.424,15148,2150224.0,46074944,46074944,2026-08-10
SH561380,561380,SH,电网设备ETF国泰,指数型-股票,T+1,2026-08-12,20260812,2026-08-12T11:44:04+08:00,0.757,563124,42395475.0,5290320250,5290320250,2026-08-10
SH561400,561400,SH,畜牧养殖ETF鑫元,指数型-股票,T+1,2026-08-12,20260812,2026-08-12T11:44:03+08:00,1.005,3864,389106.0,72881595,72881595,2026-08-10
SH561420,561420,SH,300现金流ETF汇添富,指数型-股票,T+1,2026-08-12,20260812,2026-08-12T11:44:11+08:00,1.092,17645,1927089.0,1128294813,1128294813,2026-08-10
SH561430,561430,SH,红利质量ETF博时,指数型-股票,T+1,2026-08-12,20260812,2026-08-12T11:43:58+08:00,1.067,4111,439308.0,49320154,49320154,2026-08-10
SH561450,561450,SH,红利低波50ETF华泰柏瑞,指数型-股票,T+1,2026-08-12,20260812,2026-08-12T11:43:47+08:00,0.96,13481,1295014.0,88439328,88439328,2026-08-10
SH561460,561460,SH,人工智能ETF天弘,指数型-股票,T+1,2026-08-12,20260812,2026-08-12T11:43:59+08:00,0.851,101931,8626632.0,285953020,285953020,2026-08-10
SH561470,561470,SH,畜牧养殖ETF天弘,指数型-股票,T+1,2026-08-12,20260812,2026-08-12T11:44:02+08:00,1.027,15631,1608063.0,54365272,54365272,2026-08-10
SH561490,561490,SH,红利质量ETF财通,指数型-股票,T+1,2026-08-12,20260812,2026-08-12T11:43:46+08:00,1.037,39919,4146355.0,119909658,119909658,2026-08-10
SH561500,561500,SH,漂亮50ETF华泰柏瑞,指数型-股票,T+1,2026-08-12,20260812,2026-08-12T11:43:52+08:00,0.826,129,10631.0,46338848,46338848,2026-08-10
SH561510,561510,SH,中药ETF华泰柏瑞,指数型-股票,T+1,2026-08-12,20260812,2026-08-12T11:44:02+08:00,0.974,9548,932060.0,67406644,67406644,2026-08-10
SH561550,561550,SH,中证500增强ETF华泰柏瑞,指数型-股票,T+1,2026-08-12,20260812,2026-08-12T11:44:13+08:00,1.45,225208,32502509.0,1964009920,1964009920,2026-08-10
SH561560,561560,SH,电力ETF华泰柏瑞,指数型-股票,T+1,2026-08-12,20260812,2026-08-12T11:44:06+08:00,1.286,357115,45956353.0,2666037731,2666037731,2026-08-10
SH561570,561570,SH,油气ETF华泰柏瑞,指数型-股票,T+1,2026-08-12,20260812,2026-08-12T11:43:49+08:00,1.357,95431,12945034.0,107402479,107402479,2026-08-10
SH561580,561580,SH,央企红利ETF华泰柏瑞,指数型-股票,T+1,2026-08-12,20260812,2026-08-12T11:44:06+08:00,1.222,312446,38155082.0,2642417000,2642417000,2026-08-10
SH561590,561590,SH,中证1000增强ETF华泰柏瑞,指数型-股票,T+1,2026-08-12,20260812,2026-08-12T11:44:01+08:00,1.531,24466,3732378.0,163050888,163050888,2026-08-10
SH561600,561600,SH,消费电子ETF平安,指数型-股票,T+1,2026-08-12,20260812,2026-08-12T11:44:15+08:00,0.766,143967,10950052.0,214899768,214899768,2026-08-10
SH561620,561620,SH,化工ETF华泰柏瑞,指数型-股票,T+1,2026-08-12,20260812,2026-08-12T11:43:53+08:00,1.051,83588,8801008.0,63824077,63824077,2026-08-10
SH561630,561630,SH,红利质量ETF华泰柏瑞,指数型-股票,T+1,2026-08-12,20260812,2026-08-12T11:44:10+08:00,1.057,19501,2068261.0,64369186,64369186,2026-08-10
SH561660,561660,SH,通用航空ETF平安,指数型-股票,T+1,2026-08-12,20260812,2026-08-12T11:43:46+08:00,0.922,15388,1412347.0,64272620,64272620,2026-08-10
SH561680,561680,SH,A500红利低波ETF平安,指数型-股票,T+1,2026-08-12,20260812,2026-08-12T11:43:56+08:00,0.989,2172,214624.0,60496141,60496141,2026-08-10
SH561700,561700,SH,电力ETF博时,指数型-股票,T+1,2026-08-12,20260812,2026-08-12T11:44:10+08:00,1.121,69193,7767096.0,411198046,411198046,2026-08-10
SH561750,561750,SH,A50ETF博时,指数型-股票,T+1,2026-08-12,20260812,2026-08-12T11:44:10+08:00,1.194,163,19450.0,75217224,75217224,2026-08-10
SH561760,561760,SH,油气ETF博时,指数型-股票,T+1,2026-08-12,20260812,2026-08-12T11:43:57+08:00,1.321,15982,2108982.0,210296595,210296595,2026-08-10
SH561770,561770,SH,A100ETF博时,指数型-股票,T+1,2026-08-12,20260812,2026-08-12T11:43:52+08:00,1.288,7323,938878.0,48364400,48364400,2026-08-10
SH561780,561780,SH,1000增强ETF博时,指数型-股票,T+1,2026-08-12,20260812,2026-08-12T11:44:14+08:00,1.593,7081,1125314.0,34019789,34019789,2026-08-10
SH561790,561790,SH,央企能源ETF博时,指数型-股票,T+1,2026-08-12,20260812,2026-08-12T11:44:10+08:00,1.275,651,82964.0,75268350,75268350,2026-08-10
SH561800,561800,SH,稀有金属ETF华富,指数型-股票,T+1,2026-08-12,20260812,2026-08-12T11:43:54+08:00,1.066,98894,10527924.0,234602295,234602295,2026-08-10
SH561810,561810,SH,医疗器械ETF华泰柏瑞,指数型-股票,T+1,2026-08-12,20260812,2026-08-12T11:44:14+08:00,1.019,92629,9438918.0,108664530,108664530,2026-08-10
SH561870,561870,SH,现金流全指ETF华富,指数型-股票,T+1,2026-08-12,20260812,2026-08-12T11:43:53+08:00,1.196,14465,1728282.0,116926940,116926940,2026-08-10
SH561880,561880,SH,A100ETF华富,指数型-股票,T+1,2026-08-12,20260812,2026-08-12T11:43:55+08:00,1.311,2182,285292.0,105389979,105389979,2026-08-10
SH561890,561890,SH,A股ETF易方达,指数型-股票,T+1,2026-08-12,20260812,2026-08-12T11:44:00+08:00,1.029,48863,5013085.0,83464865,83464865,2026-08-10
SH561900,561900,SH,沪深300ESGETF招商,指数型-股票,T+1,2026-08-12,20260812,2026-08-12T11:43:50+08:00,1.001,2947,294510.0,23357734,23357734,2026-08-10
SH561910,561910,SH,电池ETF招商,指数型-股票,T+1,2026-08-12,20260812,2026-08-12T11:43:54+08:00,0.766,740097,56576280.0,3574214731,3574214731,2026-08-10
SH561920,561920,SH,疫苗ETF招商,指数型-股票,T+1,2026-08-12,20260812,2026-08-12T11:44:02+08:00,0.682,4590,314213.0,28433944,28433944,2026-08-10
SH561930,561930,SH,沪深300ETF招商,指数型-股票,T+1,2026-08-12,20260812,2026-08-12T11:44:10+08:00,1.593,53995,8590376.0,312643136,312643136,2026-08-10
SH561950,561950,SH,中证500增强ETF招商,指数型-股票,T+1,2026-08-12,20260812,2026-08-12T11:43:48+08:00,1.428,19283,2741456.0,107322768,107322768,2026-08-10
SH561960,561960,SH,央企回报ETF招商,指数型-股票,T+1,2026-08-12,20260812,2026-08-12T11:44:10+08:00,1.257,1410,177207.0,72133196,72133196,2026-08-10
SH561980,561980,SH,半导体设备ETF招商,指数型-股票,T+1,2026-08-12,20260812,2026-08-12T11:44:11+08:00,0.734,3011305,219755747.0,5817353759,5817353759,2026-08-10
SH561990,561990,SH,沪深300增强ETF招商,指数型-股票,T+1,2026-08-12,20260812,2026-08-12T11:43:49+08:00,1.028,76384,7831496.0,347103378,347103378,2026-08-10
SH562000,562000,SH,A100ETF华宝,指数型-股票,T+1,2026-08-12,20260812,2026-08-12T11:44:05+08:00,0.617,25821,1588356.0,370655287,370655287,2026-08-10
SH562010,562010,SH,绿色能源ETF华宝,指数型-股票,T+1,2026-08-12,20260812,2026-08-12T11:44:11+08:00,0.904,6846,615509.0,17446025,17446025,2026-08-10
SH562030,562030,SH,信创ETF华宝,指数型-股票,T+1,2026-08-12,20260812,2026-08-12T11:44:04+08:00,0.526,14476,759273.0,72574271,72574271,2026-08-10
SH562050,562050,SH,药ETF华宝,指数型-股票,T+1,2026-08-12,20260812,2026-08-12T11:44:00+08:00,1.0,57637,5797385.0,100468000,100468000,2026-08-10
SH562060,562060,SH,标普A股红利ETF华宝,指数型-股票,T+1,2026-08-12,20260812,2026-08-12T11:43:54+08:00,0.612,435493,26690707.0,3163301057,3163301057,2026-08-10
SH562070,562070,SH,沪深300指增ETF华宝,指数型-股票,T+1,2026-08-12,20260812,2026-08-12T11:44:07+08:00,1.065,165460,17610283.0,588457230,588457230,2026-08-10
SH562080,562080,SH,300现金流ETF华宝,指数型-股票,T+1,2026-08-12,20260812,2026-08-12T11:44:07+08:00,0.621,267347,16610811.0,374312221,374312221,2026-08-10
SH562300,562300,SH,碳中和ETF银华,指数型-股票,T+1,2026-08-12,20260812,2026-08-12T11:43:52+08:00,0.694,13444,930038.0,41289530,41289530,2026-08-10
SH562310,562310,SH,沪深300成长ETF银华,指数型-股票,T+1,2026-08-12,20260812,2026-08-12T11:44:11+08:00,1.102,54333,5955220.0,514162679,514162679,2026-08-10
SH562320,562320,SH,沪深300价值ETF银华,指数型-股票,T+1,2026-08-12,20260812,2026-08-12T11:44:08+08:00,1.316,12299,1619509.0,80664878,80664878,2026-08-10
SH562330,562330,SH,中证500价值ETF银华,指数型-股票,T+1,2026-08-12,20260812,2026-08-12T11:44:12+08:00,1.252,6773,849330.0,13795663,13795663,2026-08-10
SH562340,562340,SH,中证500成长ETF银华,指数型-股票,T+1,2026-08-12,20260812,2026-08-12T11:44:00+08:00,1.464,173,25263.0,11923255,11923255,2026-08-10
SH562350,562350,SH,电力ETF银华,指数型-股票,T+1,2026-08-12,20260812,2026-08-12T11:43:56+08:00,1.113,86737,9654666.0,160729332,160729332,2026-08-10
SH562360,562360,SH,机器人ETF银华,指数型-股票,T+1,2026-08-12,20260812,2026-08-12T11:44:14+08:00,1.105,94962,10478477.0,319868770,319868770,2026-08-10
SH562380,562380,SH,央企科技ETF银华,指数型-股票,T+1,2026-08-12,20260812,2026-08-12T11:44:00+08:00,1.295,8505,1094038.0,97291926,97291926,2026-08-10
SH562390,562390,SH,中药ETF银华,指数型-股票,T+1,2026-08-12,20260812,2026-08-12T11:43:49+08:00,0.906,9445,857658.0,71962674,71962674,2026-08-10
SH562500,562500,SH,机器人ETF华夏,指数型-股票,T+1,2026-08-12,20260812,2026-08-12T11:44:06+08:00,1.021,2388053,243455622.0,18890733197,18890733197,2026-08-10
SH562510,562510,SH,旅游ETF华夏,指数型-股票,T+1,2026-08-12,20260812,2026-08-12T11:44:14+08:00,0.578,290504,16840923.0,607243915,607243915,2026-08-10
SH562520,562520,SH,中证1000成长ETF华夏,指数型-股票,T+1,2026-08-12,20260812,2026-08-12T11:44:05+08:00,1.388,44046,6081974.0,39652384,39652384,2026-08-10
SH562530,562530,SH,中证1000价值ETF华夏,指数型-股票,T+1,2026-08-12,20260812,2026-08-12T11:43:53+08:00,1.273,41968,5338763.0,242053312,242053312,2026-08-10
SH562550,562550,SH,绿电ETF华夏,指数型-股票,T+1,2026-08-12,20260812,2026-08-12T11:43:53+08:00,1.152,534990,61602921.0,1893795029,1893795029,2026-08-10
SH562560,562560,SH,信息技术ETF华夏,指数型-股票,T+1,2026-08-12,20260812,2026-08-12T11:43:51+08:00,2.353,1569,368144.0,53567222,53567222,2026-08-10
SH562570,562570,SH,信创ETF华夏,指数型-股票,T+1,2026-08-12,20260812,2026-08-12T11:44:01+08:00,1.432,327629,46817022.0,435730403,435730403,2026-08-10
SH562580,562580,SH,可选消费ETF华夏,指数型-股票,T+1,2026-08-12,20260812,2026-08-12T11:43:54+08:00,1.085,17600,1910548.0,42557281,42557281,2026-08-10
SH562590,562590,SH,半导体设备ETF华夏,指数型-股票,T+1,2026-08-12,20260812,2026-08-12T11:44:11+08:00,1.074,4290351,458813187.0,8820750109,8820750109,2026-08-10
SH562600,562600,SH,医疗器械ETF华夏,指数型-股票,T+1,2026-08-12,20260812,2026-08-12T11:43:54+08:00,0.792,144154,11389630.0,391990427,391990427,2026-08-10
SH562660,562660,SH,中证2000ETF华夏,指数型-股票,T+1,2026-08-12,20260812,2026-08-12T11:43:50+08:00,1.872,145526,27114602.0,641860128,641860128,2026-08-10
SH562700,562700,SH,汽车零部件ETF华夏,指数型-股票,T+1,2026-08-12,20260812,2026-08-12T11:44:04+08:00,1.243,71133,8812632.0,127718250,127718250,2026-08-10
SH562800,562800,SH,稀有金属ETF嘉实,指数型-股票,T+1,2026-08-12,20260812,2026-08-12T11:44:01+08:00,0.988,1926721,189539779.0,5687762915,5687762915,2026-08-10
SH562810,562810,SH,上证指数增强ETF嘉实,指数型-股票,T+1,2026-08-12,20260812,2026-08-12T11:43:54+08:00,1.157,13497,1559657.0,75726807,75726807,2026-08-10
SH562820,562820,SH,集成电路ETF嘉实,指数型-股票,T+1,2026-08-12,20260812,2026-08-12T11:43:52+08:00,1.01,188168,18753730.0,405422080,405422080,2026-08-10
SH562850,562850,SH,央企能源ETF嘉实,指数型-股票,T+1,2026-08-12,20260812,2026-08-12T11:43:58+08:00,1.281,14001,1794462.0,245928302,245928302,2026-08-10
SH562860,562860,SH,疫苗ETF嘉实,指数型-股票,T+1,2026-08-12,20260812,2026-08-12T11:43:47+08:00,0.676,42963,2910465.0,216925025,216925025,2026-08-10
SH562870,562870,SH,证券ETF嘉实,指数型-股票,T+1,2026-08-12,20260812,2026-08-12T11:44:02+08:00,0.926,119343,11074430.0,536621815,536621815,2026-08-10
SH562880,562880,SH,电池ETF嘉实,指数型-股票,T+1,2026-08-12,20260812,2026-08-12T11:43:53+08:00,0.789,150293,11843612.0,760911284,760911284,2026-08-10
SH562890,562890,SH,A50ETF嘉实,指数型-股票,T+1,2026-08-12,20260812,2026-08-12T11:44:12+08:00,1.407,84822,11921306.0,292024257,292024257,2026-08-10
SH562900,562900,SH,农业ETF易方达,指数型-股票,T+1,2026-08-12,20260812,2026-08-12T11:43:51+08:00,0.685,84614,5810359.0,151183816,151183816,2026-08-10
SH562910,562910,SH,高端制造ETF易方达,指数型-股票,T+1,2026-08-12,20260812,2026-08-12T11:44:13+08:00,0.866,29726,2556963.0,272986838,272986838,2026-08-10
SH562920,562920,SH,信息安全ETF易方达,指数型-股票,T+1,2026-08-12,20260812,2026-08-12T11:44:07+08:00,0.954,44582,4246943.0,88787826,88787826,2026-08-10
SH562930,562930,SH,软件ETF易方达,指数型-股票,T+1,2026-08-12,20260812,2026-08-12T11:44:01+08:00,0.753,723802,54516837.0,1272899067,1272899067,2026-08-10
SH562950,562950,SH,消费电子ETF易方达,指数型-股票,T+1,2026-08-12,20260812,2026-08-12T11:44:02+08:00,1.619,347812,55656802.0,1554658194,1554658194,2026-08-10
SH562960,562960,SH,绿色电力ETF易方达,指数型-股票,T+1,2026-08-12,20260812,2026-08-12T11:43:46+08:00,1.155,176146,20333531.0,1514656614,1514656614,2026-08-10
SH562970,562970,SH,光伏ETF易方达,指数型-股票,T+1,2026-08-12,20260812,2026-08-12T11:43:55+08:00,1.026,122259,12410685.0,374949648,374949648,2026-08-10
SH562990,562990,SH,碳中和ETF易方达,指数型-股票,T+1,2026-08-12,20260812,2026-08-12T11:43:53+08:00,0.992,20129,1998075.0,377709952,377709952,2026-08-10
SH563000,563000,SH,中国A50ETF易方达,指数型-股票,T+1,2026-08-12,20260812,2026-08-12T11:43:58+08:00,1.151,61399,7060103.0,1834062221,1834062221,2026-08-10
SH563010,563010,SH,电信ETF易方达,指数型-股票,T+1,2026-08-12,20260812,2026-08-12T11:43:52+08:00,2.17,37528,8075343.0,206560781,206560781,2026-08-10
SH563020,563020,SH,红利低波ETF易方达,指数型-股票,T+1,2026-08-12,20260812,2026-08-12T11:44:05+08:00,1.15,1452909,167160403.0,12238196518,12238196518,2026-08-10
SH563030,563030,SH,中证500增强ETF易方达,指数型-股票,T+1,2026-08-12,20260812,2026-08-12T11:44:06+08:00,1.606,21081,3373050.0,206642414,206642414,2026-08-10
SH563050,563050,SH,央企科技ETF易方达,指数型-股票,T+1,2026-08-12,20260812,2026-08-12T11:43:49+08:00,1.367,39809,5412610.0,177994883,177994883,2026-08-10
SH563060,563060,SH,央企50ETF易方达,指数型-股票,T+1,2026-08-12,20260812,2026-08-12T11:43:54+08:00,1.088,9502,1031863.0,208381376,208381376,2026-08-10
SH563080,563080,SH,中证A50ETF易方达,指数型-股票,T+1,2026-08-12,20260812,2026-08-12T11:44:03+08:00,1.404,116876,16393861.0,1576114114,1576114114,2026-08-10
SH563090,563090,SH,上证50增强ETF易方达,指数型-股票,T+1,2026-08-12,20260812,2026-08-12T11:43:55+08:00,1.431,9233,1319034.0,84211488,84211488,2026-08-10
SH563150,563150,SH,油气ETF银华,指数型-股票,T+1,2026-08-12,20260812,2026-08-12T11:43:45+08:00,1.304,6636,866636.0,44856296,44856296,2026-08-10
SH563180,563180,SH,高股息ETF银华,指数型-股票,T+1,2026-08-12,20260812,2026-08-12T11:44:03+08:00,1.14,31105,3556734.0,120178800,120178800,2026-08-10
SH563200,563200,SH,中证2000ETF富国,指数型-股票,T+1,2026-08-12,20260812,2026-08-12T11:44:06+08:00,1.522,48570,7342639.0,90496294,90496294,2026-08-10
SH563210,563210,SH,专精特新ETF富国,指数型-股票,T+1,2026-08-12,20260812,2026-08-12T11:43:47+08:00,2.103,36640,7641020.0,252500901,252500901,2026-08-10
SH563220,563220,SH,A500ETF富国,指数型-股票,T+1,2026-08-12,20260812,2026-08-12T11:44:01+08:00,1.299,1114782,144512255.0,8509766708,8509766708,2026-08-10
SH563230,563230,SH,卫星ETF富国,指数型-股票,T+1,2026-08-12,20260812,2026-08-12T11:44:06+08:00,1.144,1135642,128669171.0,3968807137,3968807137,2026-08-10
SH563280,563280,SH,A50增强ETF富国,指数型-股票,T+1,2026-08-12,20260812,2026-08-12T11:44:02+08:00,1.45,3417,492738.0,9724570,9724570,2026-08-10
SH563300,563300,SH,中证2000ETF华泰柏瑞,指数型-股票,T+1,2026-08-12,20260812,2026-08-12T11:44:11+08:00,1.437,3183073,454252805.0,7581862153,7581862153,2026-08-10
SH563320,563320,SH,通用航空ETF华泰柏瑞,指数型-股票,T+1,2026-08-12,20260812,2026-08-12T11:44:08+08:00,0.873,64779,5635131.0,192838716,192838716,2026-08-10
SH563330,563330,SH,A股ETF华泰柏瑞,指数型-股票,T+1,2026-08-12,20260812,2026-08-12T11:44:12+08:00,4.291,26975,11530708.0,176620135,176620135,2026-08-10
SH563350,563350,SH,A50ETF华泰柏瑞,指数型-股票,T+1,2026-08-12,20260812,2026-08-12T11:43:56+08:00,1.44,41206,5923120.0,253436544,253436544,2026-08-10
SH563360,563360,SH,A500ETF华泰柏瑞,指数型-股票,T+1,2026-08-12,20260812,2026-08-12T11:43:46+08:00,1.318,18696976,2456787808.0,43947375467,43947375467,2026-08-10
SH563380,563380,SH,航空航天ETF华泰柏瑞,指数型-股票,T+1,2026-08-12,20260812,2026-08-12T11:43:45+08:00,0.951,142769,13519489.0,877725450,877725450,2026-08-10
SH563390,563390,SH,全指现金流ETF华泰柏瑞,指数型-股票,T+1,2026-08-12,20260812,2026-08-12T11:44:02+08:00,1.235,133294,16469681.0,2469189840,2469189840,2026-08-10
SH563500,563500,SH,A500ETF华宝,指数型-股票,T+1,2026-08-12,20260812,2026-08-12T11:43:49+08:00,0.656,98613,6450870.0,486724910,486724910,2026-08-10
SH563510,563510,SH,A500红利低波ETF易方达,指数型-股票,T+1,2026-08-12,20260812,2026-08-12T11:44:14+08:00,0.996,46402,4625995.0,316266860,316266860,2026-08-10
SH563520,563520,SH,沪深300ETF永赢,指数型-股票,T+1,2026-08-12,20260812,2026-08-12T11:44:05+08:00,1.22,72617,8833064.0,506379310,506379310,2026-08-10
SH563530,563530,SH,卫星ETF易方达,指数型-股票,T+1,2026-08-12,20260812,2026-08-12T11:43:59+08:00,1.147,609921,69336669.0,1850968956,1850968956,2026-08-10
SH563550,563550,SH,A500增强ETF摩根,指数型-股票,T+1,2026-08-12,20260812,2026-08-12T11:44:13+08:00,1.284,36851,4731923.0,113709756,113709756,2026-08-10
SH563560,563560,SH,科技成长ETF兴业,指数型-股票,T+1,2026-08-12,20260812,2026-08-12T11:43:54+08:00,1.249,12197,1511683.0,70904481,70904481,2026-08-10
SH563570,563570,SH,金融科技ETF兴业,指数型-股票,T+1,2026-08-12,20260812,2026-08-12T11:44:09+08:00,0.751,50218,3771679.0,79135874,79135874,2026-08-10
SH563580,563580,SH,自由现金流800ETF万家,指数型-股票,T+1,2026-08-12,20260812,2026-08-12T11:44:11+08:00,1.136,36967,4203337.0,283600128,283600128,2026-08-10
SH563590,563590,SH,A500红利低波动ETF国寿,指数型-股票,T+1,2026-08-12,20260812,2026-08-12T11:44:03+08:00,0.974,969,94446.0,61307846,61307846,2026-08-10
SH563600,563600,SH,A500增强ETF易方达,指数型-股票,T+1,2026-08-12,20260812,2026-08-12T11:44:12+08:00,1.064,13189,1397624.0,77121912,77121912,2026-08-10
SH563620,563620,SH,全指现金流ETF兴业,指数型-股票,T+1,2026-08-12,20260812,2026-08-12T11:43:46+08:00,1.097,2495,273703.0,56000753,56000753,2026-08-10
SH563630,563630,SH,A500增强ETF国联安,指数型-股票,T+1,2026-08-12,20260812,2026-08-12T11:44:04+08:00,1.303,12784,1658358.0,57263071,57263071,2026-08-10
SH563650,563650,SH,中证A500ETF兴业,指数型-股票,T+1,2026-08-12,20260812,2026-08-12T11:43:47+08:00,1.316,15904,2091666.0,177540244,177540244,2026-08-10
SH563660,563660,SH,A500ETF银河,指数型-股票,T+1,2026-08-12,20260812,2026-08-12T11:43:58+08:00,1.281,5925,756704.0,80812141,80812141,2026-08-10
SH563670,563670,SH,金融科技ETF鹏华,指数型-股票,T+1,2026-08-12,20260812,2026-08-12T11:44:08+08:00,0.689,2524,174543.0,126078043,126078043,2026-08-10
SH563680,563680,SH,800现金流ETF汇添富,指数型-股票,T+1,2026-08-12,20260812,2026-08-12T11:43:49+08:00,1.211,33984,4118706.0,131949349,131949349,2026-08-10
SH563690,563690,SH,红利低波ETF永赢,指数型-股票,T+1,2026-08-12,20260812,2026-08-12T11:43:49+08:00,0.999,4865,485995.0,34847118,34847118,2026-08-10
SH563700,563700,SH,红利价值ETF易方达,指数型-股票,T+1,2026-08-12,20260812,2026-08-12T11:43:45+08:00,1.038,15463,1605963.0,406013700,406013700,2026-08-10
SH563750,563750,SH,中证500ETF汇添富,指数型-股票,T+1,2026-08-12,20260812,2026-08-12T11:43:55+08:00,1.125,23174,2598870.0,385016634,385016634,2026-08-10
SH563760,563760,SH,全指现金流ETF中银,指数型-股票,T+1,2026-08-12,20260812,2026-08-12T11:44:08+08:00,1.189,550377,65422254.0,870244795,870244795,2026-08-10
SH563770,563770,SH,全指现金流ETF招商,指数型-股票,T+1,2026-08-12,20260812,2026-08-12T11:44:02+08:00,1.205,61098,7362170.0,32904935,32904935,2026-08-10
SH563780,563780,SH,现金流全指ETF方正富邦,指数型-股票,T+1,2026-08-12,20260812,2026-08-12T11:43:54+08:00,1.234,8510,1049546.0,317171441,317171441,2026-08-10
SH563790,563790,SH,卫星ETF鹏华,指数型-股票,T+1,2026-08-12,20260812,2026-08-12T11:43:53+08:00,0.861,339260,29005961.0,1011198874,1011198874,2026-08-10
SH563800,563800,SH,A500ETF广发,指数型-股票,T+1,2026-08-12,20260812,2026-08-12T11:44:11+08:00,1.246,1859548,231115482.0,11216464728,11216464728,2026-08-10
SH563830,563830,SH,全指现金流ETF博时,指数型-股票,T+1,2026-08-12,20260812,2026-08-12T11:43:51+08:00,1.185,27,3206.0,168146760,168146760,2026-08-10
SH563850,563850,SH,食品ETF广发,指数型-股票,T+1,2026-08-12,20260812,2026-08-12T11:43:45+08:00,0.957,12342,1182590.0,113961187,113961187,2026-08-10
SH563860,563860,SH,中证A500ETF海富通,指数型-股票,T+1,2026-08-12,20260812,2026-08-12T11:44:05+08:00,1.331,88315,11726998.0,255344763,255344763,2026-08-10
SH563870,563870,SH,通用航空ETF鹏华,指数型-股票,T+1,2026-08-12,20260812,2026-08-12T11:43:59+08:00,0.667,5955,395785.0,70237701,70237701,2026-08-10
SH563880,563880,SH,A500ETF汇添富,指数型-股票,T+1,2026-08-12,20260812,2026-08-12T11:44:07+08:00,1.288,756739,97221861.0,1961619363,1961619363,2026-08-10
SH563890,563890,SH,国企红利ETF创金合信,指数型-股票,T+1,2026-08-12,20260812,2026-08-12T11:44:02+08:00,1.055,41,4308.0,25674480,25674480,2026-08-10
SH563900,563900,SH,300自由现金流ETF摩根,指数型-股票,T+1,2026-08-12,20260812,2026-08-12T11:43:48+08:00,1.167,31244,3651200.0,562453967,562453967,2026-08-10
SH563930,563930,SH,上证增强ETF招商,指数型-股票,T+1,2026-08-12,20260812,2026-08-12T11:44:05+08:00,1.058,34890,3686739.0,42946336,42946336,2026-08-10
SH563960,563960,SH,300质量ETF兴全,指数型-股票,T+1,2026-08-12,20260812,2026-08-12T11:43:55+08:00,0.967,4211,407055.0,387295104,387295104,2026-08-10
SH563980,563980,SH,800红利低波ETF鑫元,指数型-股票,T+1,2026-08-12,20260812,2026-08-12T11:43:52+08:00,0.966,34343,3320091.0,184474122,184474122,2026-08-10
SH563990,563990,SH,800现金流ETF富国,指数型-股票,T+1,2026-08-12,20260812,2026-08-12T11:44:10+08:00,1.262,11247,1422188.0,376799136,376799136,2026-08-10
SZ158006,158006,SZ,化工ETF博时,指数型-股票,T+1,2026-08-12,20260812,2026-08-12T11:43:30+08:00,1.043,6484,676653.004,40724991,40724991,2026-08-10
SZ158009,158009,SZ,航空航天ETF南方,指数型-股票,T+1,2026-08-12,20260812,2026-08-12T11:43:30+08:00,1.036,28732,2963491.362,45971276,45971276,2026-08-10
SZ159007,159007,SZ,养殖ETF华泰柏瑞,指数型-股票,T+1,2026-08-12,20260812,2026-08-12T11:43:33+08:00,0.88,80558,7087625.5,168610881,168610881,2026-08-10
SZ159008,159008,SZ,证券ETF景顺,指数型-股票,T+1,2026-08-12,20260812,2026-08-12T11:43:36+08:00,1.018,21255,2165375.818,116341653,116341653,2026-08-10
SZ159009,159009,SZ,创业板新能源ETF易方达,指数型-股票,T+1,2026-08-12,20260812,2026-08-12T11:43:33+08:00,0.915,16391,1493008.9,58004323,58004323,2026-08-10
SZ159011,159011,SZ,养殖ETF华安,指数型-股票,T+1,2026-08-12,20260812,2026-08-12T11:43:30+08:00,1.057,18546,1959382.4,32243963,32243963,2026-08-10
SZ159012,159012,SZ,科创创业50ETF鹏华,指数型-股票,T+1,2026-08-12,20260812,2026-08-12T11:43:36+08:00,0.945,36584,3441264.4,110452685,110452685,2026-08-10
SZ159013,159013,SZ,工业互联网ETF大成,指数型-股票,T+1,2026-08-12,20260812,2026-08-12T11:43:33+08:00,1.041,4865,505096.38,47447615,47447615,2026-08-10
SZ159016,159016,SZ,证券ETF广发,指数型-股票,T+1,2026-08-12,20260812,2026-08-12T11:43:39+08:00,1.016,99813,10153779.747,384088803,384088803,2026-08-10
SZ159017,159017,SZ,石油ETF工银,指数型-股票,T+1,2026-08-12,20260812,2026-08-12T11:43:36+08:00,0.907,24897,2256548.4,140817929,140817929,2026-08-10
SZ159018,159018,SZ,石油ETF广发,指数型-股票,T+1,2026-08-12,20260812,2026-08-12T11:43:39+08:00,0.89,19478,1735285.2,26614741,26614741,2026-08-10
SZ159019,159019,SZ,石油ETF华宝,指数型-股票,T+1,2026-08-12,20260812,2026-08-12T11:43:36+08:00,0.91,71685,6525367.7,48528217,48528217,2026-08-10
SZ159020,159020,SZ,养殖ETF易方达,指数型-股票,T+1,2026-08-12,20260812,2026-08-12T11:43:39+08:00,0.911,39107,3560282.7,125323612,125323612,2026-08-10
SZ159021,159021,SZ,大盘价值ETF华夏,指数型-股票,T+1,2026-08-12,20260812,2026-08-12T11:43:42+08:00,0.985,6264,617101.686,96439096,96439096,2026-08-10
SZ159022,159022,SZ,科创创业人工智能ETF富国,指数型-股票,T+1,2026-08-12,20260812,2026-08-12T11:43:39+08:00,1.052,77548,8100652.3,177399777,177399777,2026-08-10
SZ159023,159023,SZ,养殖ETF万家,指数型-股票,T+1,2026-08-12,20260812,2026-08-12T11:43:42+08:00,1.062,28190,2992127.7,40120175,40120175,2026-08-10
SZ159026,159026,SZ,石油ETF南方,指数型-股票,T+1,2026-08-12,20260812,2026-08-12T11:43:42+08:00,0.907,63066,5727934.1,44001696,44001696,2026-08-10
SZ159027,159027,SZ,畜牧养殖ETF大成,指数型-股票,T+1,2026-08-12,20260812,2026-08-12T11:43:45+08:00,0.905,14515,1314599.696,106312416,106312416,2026-08-10
SZ159029,159029,SZ,有色ETF广发,指数型-股票,T+1,2026-08-12,20260812,2026-08-12T11:43:45+08:00,0.949,136811,12949873.106,311393199,311393199,2026-08-10
SZ159030,159030,SZ,粮食ETF华夏,指数型-股票,T+1,2026-08-12,20260812,2026-08-12T11:43:48+08:00,0.822,17046,1402083.521,236709841,236709841,2026-08-10
SZ159031,159031,SZ,粮食ETF博时,指数型-股票,T+1,2026-08-12,20260812,2026-08-12T11:43:45+08:00,0.913,83374,7655736.8,475242634,475242634,2026-08-10
SZ159032,159032,SZ,工业有色ETF易方达,指数型-股票,T+1,2026-08-12,20260812,2026-08-12T11:43:51+08:00,0.929,134348,12471625.043,232106023,232106023,2026-08-10
SZ159033,159033,SZ,粮食ETF国泰,指数型-股票,T+1,2026-08-12,20260812,2026-08-12T11:43:45+08:00,0.932,120441,11242742.56,163401477,163401477,2026-08-10
SZ159035,159035,SZ,软件ETF天弘,指数型-股票,T+1,2026-08-12,20260812,2026-08-12T11:43:54+08:00,0.876,69841,6116844.0,500949122,500949122,2026-08-10
SZ159036,159036,SZ,软件开发ETF华宝,指数型-股票,T+1,2026-08-12,20260812,2026-08-12T11:43:48+08:00,0.983,66788,6575522.839,281865577,281865577,2026-08-10
SZ159037,159037,SZ,价值ETF鹏华,指数型-股票,T+1,2026-08-12,20260812,2026-08-12T11:43:39+08:00,0.996,12028,1198161.136,79928833,79928833,2026-08-10
SZ159038,159038,SZ,粮食ETF易方达,指数型-股票,T+1,2026-08-12,20260812,2026-08-12T11:43:51+08:00,0.883,44691,3950563.531,148367787,148367787,2026-08-10
SZ159039,159039,SZ,机器人ETF华安,指数型-股票,T+1,2026-08-12,20260812,2026-08-12T11:43:54+08:00,0.893,252000,22470453.27,758569052,758569052,2026-08-10
SZ159041,159041,SZ,农业ETF鹏华,指数型-股票,T+1,2026-08-12,20260812,2026-08-12T11:43:57+08:00,1.01,18186,1843957.627,84306550,84306550,2026-08-10
SZ159042,159042,SZ,价值ETF汇添富,指数型-股票,T+1,2026-08-12,20260812,2026-08-12T11:43:57+08:00,0.997,3070,306827.6,108474702,108474702,2026-08-10
SZ159045,159045,SZ,稀有金属ETF大成,指数型-股票,T+1,2026-08-12,20260812,2026-08-12T11:43:48+08:00,0.848,35861,3042566.996,148680021,148680021,2026-08-10
SZ159046,159046,SZ,绿电ETF天弘,指数型-股票,T+1,2026-08-12,20260812,2026-08-12T11:44:00+08:00,0.93,78958,7347661.063,383603469,383603469,2026-08-10
SZ159048,159048,SZ,机器人ETF大成,指数型-股票,T+1,2026-08-12,20260812,2026-08-12T11:44:00+08:00,0.92,92151,8460362.164,181059585,181059585,2026-08-10
SZ159049,159049,SZ,有色ETF工银,指数型-股票,T+1,2026-08-12,20260812,2026-08-12T11:44:03+08:00,1.046,40208,4206375.896,55514692,55514692,2026-08-10
SZ159050,159050,SZ,机器人ETF广发,指数型-股票,T+1,2026-08-12,20260812,2026-08-12T11:44:03+08:00,0.91,202319,18371743.415,627630291,627630291,2026-08-10
SZ159051,159051,SZ,医疗器械ETF易方达,指数型-股票,T+1,2026-08-12,20260812,2026-08-12T11:43:51+08:00,1.035,13901,1440131.382,108797020,108797020,2026-08-10
SZ159052,159052,SZ,新能源电池ETF嘉实,指数型-股票,T+1,2026-08-12,20260812,2026-08-12T11:43:42+08:00,0.884,38335,3371028.064,173198665,173198665,2026-08-10
SZ159053,159053,SZ,稀有金属ETF华夏,指数型-股票,T+1,2026-08-12,20260812,2026-08-12T11:43:45+08:00,0.951,150996,14340521.4,161382924,161382924,2026-08-10
SZ159055,159055,SZ,稀有金属ETF富国,指数型-股票,T+1,2026-08-12,20260812,2026-08-12T11:44:06+08:00,0.966,57659,5554760.167,119101958,119101958,2026-08-10
SZ159056,159056,SZ,医疗器械ETF富国,指数型-股票,T+1,2026-08-12,20260812,2026-08-12T11:43:54+08:00,1.036,12273,1270273.542,110783995,110783995,2026-08-10
SZ159057,159057,SZ,医疗器械ETF鹏华,指数型-股票,T+1,2026-08-12,20260812,2026-08-12T11:43:48+08:00,1.027,20547,2106593.598,54138648,54138648,2026-08-10
SZ159059,159059,SZ,电力ETF大成,指数型-股票,T+1,2026-08-12,20260812,2026-08-12T11:43:57+08:00,1.038,57990,6028463.1,66255605,66255605,2026-08-10
SZ159060,159060,SZ,粮食ETF浦银,指数型-股票,T+1,2026-08-12,20260812,2026-08-12T11:43:51+08:00,0.964,365,35404.0,62162020,62162020,2026-08-10
SZ159061,159061,SZ,绿色电力ETF南方,指数型-股票,T+1,2026-08-12,20260812,2026-08-12T11:43:51+08:00,0.941,20152,1896414.0,199529856,199529856,2026-08-10
SZ159062,159062,SZ,稀有金属ETF南方,指数型-股票,T+1,2026-08-12,20260812,2026-08-12T11:43:54+08:00,0.867,96745,8394244.5,107248989,107248989,2026-08-10
SZ159063,159063,SZ,粮食ETF南方,指数型-股票,T+1,2026-08-12,20260812,2026-08-12T11:44:06+08:00,0.983,464,45647.4,60441374,60441374,2026-08-10
SZ159065,159065,SZ,工程机械ETF景顺,指数型-股票,T+1,2026-08-12,20260812,2026-08-12T11:44:09+08:00,0.961,2490,238608.345,111813136,111813136,2026-08-10
SZ159066,159066,SZ,A股ETF建信,指数型-股票,T+1,2026-08-12,20260812,2026-08-12T11:43:57+08:00,0.927,26321,2436514.94,204619516,204619516,2026-08-10
SZ159067,159067,SZ,绿色电力ETF鹏华,指数型-股票,T+1,2026-08-12,20260812,2026-08-12T11:44:00+08:00,1.034,2195,227510.9,27823634,27823634,2026-08-10
SZ159068,159068,SZ,软件ETF华夏,指数型-股票,T+1,2026-08-12,20260812,2026-08-12T11:44:03+08:00,1.056,44847,4740836.071,86947418,86947418,2026-08-10
SZ159069,159069,SZ,创业板新能源ETF华泰柏瑞,指数型-股票,T+1,2026-08-12,20260812,2026-08-12T11:44:00+08:00,1.065,96814,10297749.58,66850519,66850519,2026-08-10
SZ159070,159070,SZ,工程机械ETF嘉实,指数型-股票,T+1,2026-08-12,20260812,2026-08-12T11:44:03+08:00,0.978,6072,592670.816,106960812,106960812,2026-08-10
SZ159071,159071,SZ,新能源电池ETF华宝,指数型-股票,T+1,2026-08-12,20260812,2026-08-12T11:44:06+08:00,0.872,38063,3303155.6,105435036,105435036,2026-08-10
SZ159072,159072,SZ,粮食ETF景顺,指数型-股票,T+1,2026-08-12,20260812,2026-08-12T11:44:09+08:00,1.056,30867,3267521.821,38317126,38317126,2026-08-10
SZ159075,159075,SZ,工业互联网ETF华夏,指数型-股票,T+1,2026-08-12,20260812,2026-08-12T11:44:06+08:00,0.946,12765,1203383.962,178034518,178034518,2026-08-10
SZ159076,159076,SZ,创业板新能源ETF华宝,指数型-股票,T+1,2026-08-12,20260812,2026-08-12T11:44:09+08:00,0.891,107937,9567818.206,230210356,230210356,2026-08-10
SZ159078,159078,SZ,A股ETF富国,指数型-股票,T+1,2026-08-12,20260812,2026-08-12T11:44:12+08:00,0.955,31285,2982224.479,178835649,178835649,2026-08-10
SZ159079,159079,SZ,价值ETF兴全,指数型-股票,T+1,2026-08-12,20260812,2026-08-12T11:44:09+08:00,0.997,30842,3082074.487,123435410,123435410,2026-08-10
SZ159085,159085,SZ,价值ETF永赢,指数型-股票,T+1,2026-08-12,20260812,2026-08-12T11:43:15+08:00,1.031,14799,1527325.941,43854053,43854053,2026-08-10
SZ159086,159086,SZ,金融科技ETF广发,指数型-股票,T+1,2026-08-12,20260812,2026-08-12T11:44:12+08:00,1.083,16184,1752317.894,40504008,40504008,2026-08-10
SZ159087,159087,SZ,化工ETF万家,指数型-股票,T+1,2026-08-12,20260812,2026-08-12T11:43:15+08:00,1.057,60203,6371494.813,83494703,83494703,2026-08-10
SZ159093,159093,SZ,化工ETF汇添富,指数型-股票,T+1,2026-08-12,20260812,2026-08-12T11:44:12+08:00,1.053,46187,4884442.368,41784588,41784588,2026-08-10
SZ159099,159099,SZ,云计算ETF华宝,指数型-股票,T+1,2026-08-12,20260812,2026-08-12T11:43:15+08:00,1.023,35604,3636607.009,127476589,127476589,2026-08-10
SZ159103,159103,SZ,金融科技ETF汇添富,指数型-股票,T+1,2026-08-12,20260812,2026-08-12T11:43:21+08:00,0.68,36914,2506528.5,212436602,212436602,2026-08-10
SZ159106,159106,SZ,民企300ETF前海开源,指数型-股票,T+1,2026-08-12,20260812,2026-08-12T11:43:24+08:00,1.089,30317,3287351.225,47458062,47458062,2026-08-10
SZ159107,159107,SZ,创业板软件ETF富国,指数型-股票,T+1,2026-08-12,20260812,2026-08-12T11:43:27+08:00,0.781,826688,64522792.2,631690769,631690769,2026-08-10
SZ159108,159108,SZ,工业软件ETF博时,指数型-股票,T+1,2026-08-12,20260812,2026-08-12T11:43:30+08:00,1.009,21259,2146058.3,127879158,127879158,2026-08-10
SZ159119,159119,SZ,800现金流ETF招商,指数型-股票,T+1,2026-08-12,20260812,2026-08-12T11:43:27+08:00,0.991,5103,505813.3,157622741,157622741,2026-08-10
SZ159122,159122,SZ,创业板新能源ETF富国,指数型-股票,T+1,2026-08-12,20260812,2026-08-12T11:43:24+08:00,0.939,5560,520155.5,61186118,61186118,2026-08-10
SZ159123,159123,SZ,光伏ETF嘉实,指数型-股票,T+1,2026-08-12,20260812,2026-08-12T11:43:36+08:00,0.937,32007,2975288.1,358915061,358915061,2026-08-10
SZ159129,159129,SZ,化工ETF嘉实,指数型-股票,T+1,2026-08-12,20260812,2026-08-12T11:43:27+08:00,1.09,50508,5509128.3,1256123185,1256123185,2026-08-10
SZ159133,159133,SZ,化工ETF天弘,指数型-股票,T+1,2026-08-12,20260812,2026-08-12T11:43:42+08:00,1.118,314899,35193553.4,1801001119,1801001119,2026-08-10
SZ159136,159136,SZ,A50ETF广发,指数型-股票,T+1,2026-08-12,20260812,2026-08-12T11:43:36+08:00,1.039,1070,111175.0,115239723,115239723,2026-08-10
SZ159138,159138,SZ,工程机械ETF易方达,指数型-股票,T+1,2026-08-12,20260812,2026-08-12T11:43:30+08:00,0.94,74066,6938634.8,288831845,288831845,2026-08-10
SZ159139,159139,SZ,科创创业人工智能ETF华泰柏瑞,指数型-股票,T+1,2026-08-12,20260812,2026-08-12T11:44:09+08:00,1.316,100945,13159692.6,223863720,223863720,2026-08-10
SZ159140,159140,SZ,科创创业人工智能ETF易方达,指数型-股票,T+1,2026-08-12,20260812,2026-08-12T11:44:12+08:00,1.323,260523,34115835.6,616434429,616434429,2026-08-10
SZ159141,159141,SZ,科创创业人工智能ETF永赢,指数型-股票,T+1,2026-08-12,20260812,2026-08-12T11:43:15+08:00,1.233,525809,64158716.531,1983971887,1983971887,2026-08-10
SZ159142,159142,SZ,科创创业人工智能ETF景顺,指数型-股票,T+1,2026-08-12,20260812,2026-08-12T11:43:39+08:00,1.262,377736,47237577.9,1485702302,1485702302,2026-08-10
SZ159145,159145,SZ,工业软件ETF广发,指数型-股票,T+1,2026-08-12,20260812,2026-08-12T11:43:33+08:00,0.876,41849,3656485.0,61829696,61829696,2026-08-10
SZ159146,159146,SZ,电力ETF华宝,指数型-股票,T+1,2026-08-12,20260812,2026-08-12T11:43:42+08:00,1.026,146928,15079054.604,758153310,758153310,2026-08-10
SZ159147,159147,SZ,电池ETF南方,指数型-股票,T+1,2026-08-12,20260812,2026-08-12T11:43:18+08:00,0.898,215629,19252967.5,1863717778,1863717778,2026-08-10
SZ159148,159148,SZ,石油ETF富国,指数型-股票,T+1,2026-08-12,20260812,2026-08-12T11:43:48+08:00,0.967,54513,5280027.271,232531203,232531203,2026-08-10
SZ159149,159149,SZ,创业板新能源ETF工银,指数型-股票,T+1,2026-08-12,20260812,2026-08-12T11:43:21+08:00,0.896,15914,1419228.7,50637707,50637707,2026-08-10
SZ159150,159150,SZ,深证50ETF易方达,指数型-股票,T+1,2026-08-12,20260812,2026-08-12T11:43:36+08:00,1.671,14509,2413834.0,153728028,153728028,2026-08-10
SZ159151,159151,SZ,食品ETF华夏,指数型-股票,T+1,2026-08-12,20260812,2026-08-12T11:43:45+08:00,0.926,90403,8368716.5,189321684,189321684,2026-08-10
SZ159153,159153,SZ,消费电子ETF鹏华,指数型-股票,T+1,2026-08-12,20260812,2026-08-12T11:43:39+08:00,1.242,58564,7218430.44,118891677,118891677,2026-08-10
SZ159155,159155,SZ,电池ETF大成,指数型-股票,T+1,2026-08-12,20260812,2026-08-12T11:43:54+08:00,0.896,285192,25517198.7,518347913,518347913,2026-08-10
SZ159156,159156,SZ,电池ETF万家,指数型-股票,T+1,2026-08-12,20260812,2026-08-12T11:43:42+08:00,0.923,17790,1642003.6,199793737,199793737,2026-08-10
SZ159157,159157,SZ,有色金属ETF天弘,指数型-股票,T+1,2026-08-12,20260812,2026-08-12T11:43:45+08:00,0.875,770650,67385239.382,6998038880,6998038880,2026-08-10
SZ159158,159158,SZ,电力ETF景顺,指数型-股票,T+1,2026-08-12,20260812,2026-08-12T11:43:45+08:00,1.015,191723,19489461.269,933328374,933328374,2026-08-10
SZ159159,159159,SZ,公用事业ETF国投瑞银,指数型-股票,T+1,2026-08-12,20260812,2026-08-12T11:43:48+08:00,1.022,4569,467551.3,125520591,125520591,2026-08-10
SZ159160,159160,SZ,电池ETF东财,指数型-股票,T+1,2026-08-12,20260812,2026-08-12T11:43:51+08:00,0.883,120505,10595568.7,204696401,204696401,2026-08-10
SZ159161,159161,SZ,工程机械ETF东财,指数型-股票,T+1,2026-08-12,20260812,2026-08-12T11:43:48+08:00,0.976,1746,169790.8,67667310,67667310,2026-08-10
SZ159162,159162,SZ,工业有色ETF鹏华,指数型-股票,T+1,2026-08-12,20260812,2026-08-12T11:43:51+08:00,0.868,50007,4335413.275,381867781,381867781,2026-08-10
SZ159163,159163,SZ,有色ETF泰康,指数型-股票,T+1,2026-08-12,20260812,2026-08-12T11:43:54+08:00,0.788,56508,4438019.9,212607922,212607922,2026-08-10
SZ159165,159165,SZ,养殖ETF永赢,指数型-股票,T+1,2026-08-12,20260812,2026-08-12T11:43:48+08:00,0.865,29127,2516297.7,101699137,101699137,2026-08-10
SZ159166,159166,SZ,现金流ETF长城,指数型-股票,T+1,2026-08-12,20260812,2026-08-12T11:43:24+08:00,0.861,4662,401369.3,494055631,494055631,2026-08-10
SZ159168,159168,SZ,有色ETF富国,指数型-股票,T+1,2026-08-12,20260812,2026-08-12T11:43:54+08:00,0.909,250252,22724639.9,500363646,500363646,2026-08-10
SZ159171,159171,SZ,工业有色ETF博时,指数型-股票,T+1,2026-08-12,20260812,2026-08-12T11:44:00+08:00,0.836,27118,2268091.9,184365533,184365533,2026-08-10
SZ159172,159172,SZ,养殖ETF汇添富,指数型-股票,T+1,2026-08-12,20260812,2026-08-12T11:43:54+08:00,0.832,86071,7156953.5,327665974,327665974,2026-08-10
SZ159173,159173,SZ,农牧ETF南方,指数型-股票,T+1,2026-08-12,20260812,2026-08-12T11:44:03+08:00,0.866,19303,1669637.9,43694366,43694366,2026-08-10
SZ159175,159175,SZ,电池ETF易方达,指数型-股票,T+1,2026-08-12,20260812,2026-08-12T11:43:57+08:00,0.952,139599,13276737.3,486729406,486729406,2026-08-10
SZ159176,159176,SZ,家电ETF华宝,指数型-股票,T+1,2026-08-12,20260812,2026-08-12T11:43:27+08:00,0.994,18131,1802315.2,22169521,22169521,2026-08-10
SZ159177,159177,SZ,工程机械ETF鹏华,指数型-股票,T+1,2026-08-12,20260812,2026-08-12T11:43:57+08:00,0.976,66053,6430770.2,52332416,52332416,2026-08-10
SZ159178,159178,SZ,消费电子ETF汇添富,指数型-股票,T+1,2026-08-12,20260812,2026-08-12T11:44:06+08:00,1.088,82304,8903080.9,95127097,95127097,2026-08-10
SZ159180,159180,SZ,软件ETF银华,指数型-股票,T+1,2026-08-12,20260812,2026-08-12T11:44:00+08:00,1.068,7897,843773.0,33274529,33274529,2026-08-10
SZ159181,159181,SZ,石油ETF易方达,指数型-股票,T+1,2026-08-12,20260812,2026-08-12T11:44:00+08:00,0.868,37028,3216051.0,125343831,125343831,2026-08-10
SZ159182,159182,SZ,家电ETF南方,指数型-股票,T+1,2026-08-12,20260812,2026-08-12T11:44:00+08:00,0.931,3,279.3,33968152,33968152,2026-08-10
SZ159183,159183,SZ,新能源车ETF招商,指数型-股票,T+1,2026-08-12,20260812,2026-08-12T11:44:12+08:00,0.895,41610,3729761.4,42412075,42412075,2026-08-10
SZ159187,159187,SZ,创业板新能源ETF景顺,指数型-股票,T+1,2026-08-12,20260812,2026-08-12T11:43:33+08:00,0.892,5105,452169.388,47433229,47433229,2026-08-10
SZ159188,159188,SZ,红利100ETF景顺,指数型-股票,T+1,2026-08-12,20260812,2026-08-12T11:43:15+08:00,0.935,2604,243929.937,63207760,63207760,2026-08-10
SZ159189,159189,SZ,石油ETF华夏,指数型-股票,T+1,2026-08-12,20260812,2026-08-12T11:43:36+08:00,0.873,107318,9376401.4,97848622,97848622,2026-08-10
SZ159190,159190,SZ,创业板新能源ETF天弘,指数型-股票,T+1,2026-08-12,20260812,2026-08-12T11:44:06+08:00,0.886,59290,5227346.3,58537399,58537399,2026-08-10
SZ159192,159192,SZ,家电ETF汇添富,指数型-股票,T+1,2026-08-12,20260812,2026-08-12T11:44:03+08:00,0.958,902,86397.4,16273608,16273608,2026-08-10
SZ159193,159193,SZ,新能源电池ETF银华,指数型-股票,T+1,2026-08-12,20260812,2026-08-12T11:44:06+08:00,0.833,42220,3483940.7,187491919,187491919,2026-08-10
SZ159195,159195,SZ,石油ETF华安,指数型-股票,T+1,2026-08-12,20260812,2026-08-12T11:44:12+08:00,0.886,48338,4285082.8,75744285,75744285,2026-08-10
SZ159197,159197,SZ,石油ETF招商,指数型-股票,T+1,2026-08-12,20260812,2026-08-12T11:44:09+08:00,0.885,17892,1584526.1,41938637,41938637,2026-08-10
SZ159199,159199,SZ,石油ETF平安,指数型-股票,T+1,2026-08-12,20260812,2026-08-12T11:43:39+08:00,0.879,2414,213126.6,59908191,59908191,2026-08-10
SZ159201,159201,SZ,自由现金流ETF华夏,指数型-股票,T+1,2026-08-12,20260812,2026-08-12T11:43:15+08:00,1.186,879099,104178622.648,16721741374,16721741374,2026-08-10
SZ159203,159203,SZ,大盘成长ETF博时,指数型-股票,T+1,2026-08-12,20260812,2026-08-12T11:43:18+08:00,1.41,287,40102.6,13806597,13806597,2026-08-10
SZ159205,159205,SZ,创业板ETF东财,指数型-股票,T+1,2026-08-12,20260812,2026-08-12T11:43:24+08:00,1.772,380484,66997127.1,990647345,990647345,2026-08-10
SZ159206,159206,SZ,卫星ETF永赢,指数型-股票,T+1,2026-08-12,20260812,2026-08-12T11:43:21+08:00,1.428,2154417,304168174.685,15116741284,15116741284,2026-08-10
SZ159207,159207,SZ,高股息ETF广发,指数型-股票,T+1,2026-08-12,20260812,2026-08-12T11:44:03+08:00,1.152,414732,47890408.62,2258476812,2258476812,2026-08-10
SZ159208,159208,SZ,航空航天ETF万家,指数型-股票,T+1,2026-08-12,20260812,2026-08-12T11:43:24+08:00,1.067,103730,10998231.1,367541791,367541791,2026-08-10
SZ159209,159209,SZ,红利质量ETF招商,指数型-股票,T+1,2026-08-12,20260812,2026-08-12T11:43:27+08:00,1.165,258071,30101730.8,2541604840,2541604840,2026-08-10
SZ159211,159211,SZ,深证100ETF富国,指数型-股票,T+1,2026-08-12,20260812,2026-08-12T11:43:30+08:00,1.484,11951,1767063.4,29210008,29210008,2026-08-10
SZ159212,159212,SZ,深100ETF南方,指数型-股票,T+1,2026-08-12,20260812,2026-08-12T11:43:27+08:00,1.512,73209,11019801.1,116733003,116733003,2026-08-10
SZ159213,159213,SZ,机器人ETF汇添富,指数型-股票,T+1,2026-08-12,20260812,2026-08-12T11:44:06+08:00,1.229,100735,12357773.2,613562971,613562971,2026-08-10
SZ159215,159215,SZ,A500ETF平安,指数型-股票,T+1,2026-08-12,20260812,2026-08-12T11:43:33+08:00,1.335,44955,5980160.9,1271698038,1271698038,2026-08-10
SZ159216,159216,SZ,深证100ETF大成,指数型-股票,T+1,2026-08-12,20260812,2026-08-12T11:43:45+08:00,1.521,1871,283547.8,16804388,16804388,2026-08-10
SZ159218,159218,SZ,卫星ETF招商,指数型-股票,T+1,2026-08-12,20260812,2026-08-12T11:43:30+08:00,1.399,445196,61754893.206,2945757321,2945757321,2026-08-10
SZ159219,159219,SZ,深证100ETF融通,指数型-股票,T+1,2026-08-12,20260812,2026-08-12T11:43:48+08:00,1.406,3472,488204.2,11793553,11793553,2026-08-10
SZ159221,159221,SZ,现金流ETF嘉实,指数型-股票,T+1,2026-08-12,20260812,2026-08-12T11:43:21+08:00,1.175,102420,12023152.3,1395915548,1395915548,2026-08-10
SZ159222,159222,SZ,自由现金流ETF易方达,指数型-股票,T+1,2026-08-12,20260812,2026-08-12T11:43:51+08:00,1.267,544890,69062367.763,2135364297,2135364297,2026-08-10
SZ159223,159223,SZ,现金流ETF永赢,指数型-股票,T+1,2026-08-12,20260812,2026-08-12T11:43:33+08:00,1.143,31923,3646166.6,212420555,212420555,2026-08-10
SZ159225,159225,SZ,现金流ETF银华,指数型-股票,T+1,2026-08-12,20260812,2026-08-12T11:43:36+08:00,1.244,14609,1817799.0,330586536,330586536,2026-08-10
SZ159226,159226,SZ,中证A500增强ETF国泰,指数型-股票,T+1,2026-08-12,20260812,2026-08-12T11:43:24+08:00,1.309,47580,6199670.5,141496146,141496146,2026-08-10
SZ159227,159227,SZ,航空航天ETF华夏,指数型-股票,T+1,2026-08-12,20260812,2026-08-12T11:43:39+08:00,1.023,1108028,112686860.1,5018747256,5018747256,2026-08-10
SZ159228,159228,SZ,红利低波ETF长城,指数型-股票,T+1,2026-08-12,20260812,2026-08-12T11:43:39+08:00,1.022,4149,424838.7,113659371,113659371,2026-08-10
SZ159229,159229,SZ,自由现金流ETF广发,指数型-股票,T+1,2026-08-12,20260812,2026-08-12T11:43:54+08:00,1.223,21960,2684560.8,184130015,184130015,2026-08-10
SZ159230,159230,SZ,通用航空ETF华夏,指数型-股票,T+1,2026-08-12,20260812,2026-08-12T11:43:42+08:00,0.989,37658,3693382.8,303923878,303923878,2026-08-10
SZ159231,159231,SZ,通用航空ETF华宝,指数型-股票,T+1,2026-08-12,20260812,2026-08-12T11:43:42+08:00,0.509,37352,1892801.1,172597755,172597755,2026-08-10
SZ159232,159232,SZ,自由现金流ETF南方,指数型-股票,T+1,2026-08-12,20260812,2026-08-12T11:43:57+08:00,1.215,705355,85680302.2,2576952500,2576952500,2026-08-10
SZ159233,159233,SZ,自由现金流ETF平安,指数型-股票,T+1,2026-08-12,20260812,2026-08-12T11:43:45+08:00,1.211,128004,15502808.9,790326966,790326966,2026-08-10
SZ159235,159235,SZ,中证现金流ETF大成,指数型-股票,T+1,2026-08-12,20260812,2026-08-12T11:43:45+08:00,1.241,243329,30179800.998,2487869374,2487869374,2026-08-10
SZ159236,159236,SZ,自由现金流ETF工银,指数型-股票,T+1,2026-08-12,20260812,2026-08-12T11:43:48+08:00,1.22,20134,2452734.8,50901036,50901036,2026-08-10
SZ159238,159238,SZ,沪深300增强ETF景顺,指数型-股票,T+1,2026-08-12,20260812,2026-08-12T11:43:54+08:00,1.324,18871,2494483.0,80785430,80785430,2026-08-10
SZ159240,159240,SZ,A500增强ETF天弘,指数型-股票,T+1,2026-08-12,20260812,2026-08-12T11:43:48+08:00,1.329,7909,1049963.2,27403682,27403682,2026-08-10
SZ159241,159241,SZ,航空航天ETF天弘,指数型-股票,T+1,2026-08-12,20260812,2026-08-12T11:44:09+08:00,1.051,471469,49321099.1,1419979060,1419979060,2026-08-10
SZ159242,159242,SZ,创业板人工智能ETF大成,指数型-股票,T+1,2026-08-12,20260812,2026-08-12T11:43:57+08:00,2.134,434947,91566858.9,1449580481,1449580481,2026-08-10
SZ159243,159243,SZ,创业板人工智能ETF招商,指数型-股票,T+1,2026-08-12,20260812,2026-08-12T11:44:00+08:00,1.287,327825,41636313.716,190514898,190514898,2026-08-10
SZ159246,159246,SZ,创业板人工智能ETF富国,指数型-股票,T+1,2026-08-12,20260812,2026-08-12T11:44:00+08:00,1.193,1352162,159120644.108,3993753131,3993753131,2026-08-10
SZ159247,159247,SZ,创业板ETF汇添富,指数型-股票,T+1,2026-08-12,20260812,2026-08-12T11:44:03+08:00,1.083,222302,23943398.024,441847712,441847712,2026-08-10
SZ159248,159248,SZ,人工智能ETF万家,指数型-股票,T+1,2026-08-12,20260812,2026-08-12T11:43:15+08:00,1.84,41442,7558335.6,228336000,228336000,2026-08-10
SZ159249,159249,SZ,A500增强ETF工银,指数型-股票,T+1,2026-08-12,20260812,2026-08-12T11:43:18+08:00,1.401,27001,3772148.6,147373884,147373884,2026-08-10
SZ159253,159253,SZ,银行ETF博时,指数型-股票,T+1,2026-08-12,20260812,2026-08-12T11:44:09+08:00,0.952,8609,819285.755,517416737,517416737,2026-08-10
SZ159255,159255,SZ,通用航空ETF易方达,指数型-股票,T+1,2026-08-12,20260812,2026-08-12T11:43:30+08:00,0.884,28211,2476807.3,62179559,62179559,2026-08-10
SZ159256,159256,SZ,创业板软件ETF华夏,指数型-股票,T+1,2026-08-12,20260812,2026-08-12T11:43:21+08:00,0.858,661129,56778720.6,526969666,526969666,2026-08-10
SZ159257,159257,SZ,航空ETF汇添富,指数型-股票,T+1,2026-08-12,20260812,2026-08-12T11:43:24+08:00,0.881,15696,1368111.4,131636332,131636332,2026-08-10
SZ159258,159258,SZ,机器人ETF南方,指数型-股票,T+1,2026-08-12,20260812,2026-08-12T11:43:51+08:00,1.153,113624,13081166.6,1526878311,1526878311,2026-08-10
SZ159259,159259,SZ,成长ETF易方达,指数型-股票,T+1,2026-08-12,20260812,2026-08-12T11:43:54+08:00,1.366,1872925,253424043.1,5452657282,5452657282,2026-08-10
SZ159260,159260,SZ,证券ETF博时,指数型-股票,T+1,2026-08-12,20260812,2026-08-12T11:43:27+08:00,0.863,33992,2932707.5,945600823,945600823,2026-08-10
SZ159261,159261,SZ,创业板新能源ETF鹏华,指数型-股票,T+1,2026-08-12,20260812,2026-08-12T11:44:12+08:00,1.45,2109,304262.0,69331611,69331611,2026-08-10
SZ159263,159263,SZ,价值ETF易方达,指数型-股票,T+1,2026-08-12,20260812,2026-08-12T11:43:33+08:00,1.145,881637,101055569.0,6673180472,6673180472,2026-08-10
SZ159267,159267,SZ,航天ETF华安,指数型-股票,T+1,2026-08-12,20260812,2026-08-12T11:44:03+08:00,0.87,500203,43258573.7,2320730331,2320730331,2026-08-10
SZ159270,159270,SZ,创业板200ETF南方,指数型-股票,T+1,2026-08-12,20260812,2026-08-12T11:43:21+08:00,1.159,61138,7059536.4,105195069,105195069,2026-08-10
SZ159272,159272,SZ,机器人ETF富国,指数型-股票,T+1,2026-08-12,20260812,2026-08-12T11:44:03+08:00,0.862,876302,75305055.079,3235227961,3235227961,2026-08-10
SZ159273,159273,SZ,云计算ETF汇添富,指数型-股票,T+1,2026-08-12,20260812,2026-08-12T11:44:06+08:00,1.463,102560,14981836.2,1012070488,1012070488,2026-08-10
SZ159275,159275,SZ,农牧渔ETF华宝,指数型-股票,T+1,2026-08-12,20260812,2026-08-12T11:43:42+08:00,0.838,32531,2730576.8,213105838,213105838,2026-08-10
SZ159276,159276,SZ,现金流ETF汇添富,指数型-股票,T+1,2026-08-12,20260812,2026-08-12T11:44:09+08:00,1.105,22910,2531887.5,407409805,407409805,2026-08-10
SZ159278,159278,SZ,机器人ETF鹏华,指数型-股票,T+1,2026-08-12,20260812,2026-08-12T11:43:30+08:00,1.012,642499,64836930.1,2219868406,2219868406,2026-08-10
SZ159279,159279,SZ,创业板人工智能ETF华安,指数型-股票,T+1,2026-08-12,20260812,2026-08-12T11:43:33+08:00,1.437,382238,54170766.562,218980886,218980886,2026-08-10
SZ159283,159283,SZ,通用航空ETF南方,指数型-股票,T+1,2026-08-12,20260812,2026-08-12T11:43:15+08:00,0.892,29463,2612236.2,266206682,266206682,2026-08-10
SZ159287,159287,SZ,创业板综ETF博时,指数型-股票,T+1,2026-08-12,20260812,2026-08-12T11:43:18+08:00,1.152,191681,21944437.6,149263203,149263203,2026-08-10
SZ159288,159288,SZ,创业板综ETF银华,指数型-股票,T+1,2026-08-12,20260812,2026-08-12T11:43:36+08:00,1.027,2760,282658.2,94663654,94663654,2026-08-10
SZ159289,159289,SZ,创业板综指ETF鹏华,指数型-股票,T+1,2026-08-12,20260812,2026-08-12T11:43:51+08:00,1.123,14751,1646940.348,43687665,43687665,2026-08-10
SZ159290,159290,SZ,创业板综指增强ETF东财,指数型-股票,T+1,2026-08-12,20260812,2026-08-12T11:43:39+08:00,1.193,10266,1214151.1,57383772,57383772,2026-08-10
SZ159291,159291,SZ,创业板综增强ETF招商,指数型-股票,T+1,2026-08-12,20260812,2026-08-12T11:43:42+08:00,1.2,3866,460624.9,20948866,20948866,2026-08-10
SZ159292,159292,SZ,创业板综增强ETF华宝,指数型-股票,T+1,2026-08-12,20260812,2026-08-12T11:43:21+08:00,1.215,41525,4994611.8,220145280,220145280,2026-08-10
SZ159293,159293,SZ,创业板综增强ETF建信,指数型-股票,T+1,2026-08-12,20260812,2026-08-12T11:44:06+08:00,1.094,16748,1825496.5,27524380,27524380,2026-08-10
SZ159295,159295,SZ,创业综指ETF西部利得,指数型-股票,T+1,2026-08-12,20260812,2026-08-12T11:43:54+08:00,1.078,44039,4719704.1,76492982,76492982,2026-08-10
SZ159296,159296,SZ,A500红利低波ETF华宝,指数型-股票,T+1,2026-08-12,20260812,2026-08-12T11:43:30+08:00,1.0,10346,1036355.0,46042941,46042941,2026-08-10
SZ159298,159298,SZ,创业板50ETF大成,指数型-股票,T+1,2026-08-12,20260812,2026-08-12T11:43:57+08:00,1.26,31070,3890041.843,203214163,203214163,2026-08-10
SZ159299,159299,SZ,金融科技ETF易方达,指数型-股票,T+1,2026-08-12,20260812,2026-08-12T11:43:24+08:00,0.718,217564,15627800.742,481399597,481399597,2026-08-10
SZ159300,159300,SZ,沪深300ETF富国,指数型-股票,T+1,2026-08-12,20260812,2026-08-12T11:43:33+08:00,5.09,90885,46178938.3,1901410709,1901410709,2026-08-10
SZ159301,159301,SZ,公用事业ETF华夏,指数型-股票,T+1,2026-08-12,20260812,2026-08-12T11:43:27+08:00,0.975,72914,7112897.2,120859398,120859398,2026-08-10
SZ159305,159305,SZ,储能电池ETF广发,指数型-股票,T+1,2026-08-12,20260812,2026-08-12T11:43:33+08:00,0.856,263305,22429955.6,1010628100,1010628100,2026-08-10
SZ159306,159306,SZ,汽车零部件ETF平安,指数型-股票,T+1,2026-08-12,20260812,2026-08-12T11:43:36+08:00,1.188,8230,972217.3,28802604,28802604,2026-08-10
SZ159307,159307,SZ,红利低波100ETF博时,指数型-股票,T+1,2026-08-12,20260812,2026-08-12T11:43:36+08:00,1.024,416870,42722965.0,7195549237,7195549237,2026-08-10
SZ159309,159309,SZ,油气ETF汇添富,指数型-股票,T+1,2026-08-12,20260812,2026-08-12T11:43:39+08:00,1.367,99836,13645142.8,756459174,756459174,2026-08-10
SZ159310,159310,SZ,芯片ETF天弘,指数型-股票,T+1,2026-08-12,20260812,2026-08-12T11:44:09+08:00,3.0,53944,15999105.1,1469943264,1469943264,2026-08-10
SZ159311,159311,SZ,数字经济ETF易方达,指数型-股票,T+1,2026-08-12,20260812,2026-08-12T11:44:00+08:00,1.55,2387,367608.1,61045189,61045189,2026-08-10
SZ159315,159315,SZ,黄金股ETF工银,指数型-股票,T+1,2026-08-12,20260812,2026-08-12T11:43:45+08:00,1.697,109279,18478787.649,325127587,325127587,2026-08-10
SZ159320,159320,SZ,电网设备ETF广发,指数型-股票,T+1,2026-08-12,20260812,2026-08-12T11:43:48+08:00,0.638,1286646,81716871.0,1134514262,1134514262,2026-08-10
SZ159321,159321,SZ,黄金股ETF华安,指数型-股票,T+1,2026-08-12,20260812,2026-08-12T11:44:03+08:00,1.589,273609,43312409.6,659276736,659276736,2026-08-10
SZ159322,159322,SZ,黄金股ETF平安,指数型-股票,T+1,2026-08-12,20260812,2026-08-12T11:43:15+08:00,1.668,57886,9627111.8,204182701,204182701,2026-08-10
SZ159325,159325,SZ,半导体ETF南方,指数型-股票,T+1,2026-08-12,20260812,2026-08-12T11:44:06+08:00,2.25,366035,81626033.3,1148536188,1148536188,2026-08-10
SZ159326,159326,SZ,电网设备ETF华夏,指数型-股票,T+1,2026-08-12,20260812,2026-08-12T11:43:51+08:00,1.712,2228687,378883877.59,21891798598,21891798598,2026-08-10
SZ159327,159327,SZ,半导体设备ETF万家,指数型-股票,T+1,2026-08-12,20260812,2026-08-12T11:44:09+08:00,1.215,1171737,141714144.963,3264187527,3264187527,2026-08-10
SZ159328,159328,SZ,家电ETF易方达,指数型-股票,T+1,2026-08-12,20260812,2026-08-12T11:43:39+08:00,1.044,1749,182758.0,95585195,95585195,2026-08-10
SZ159330,159330,SZ,沪深300ETF东财,指数型-股票,T+1,2026-08-12,20260812,2026-08-12T11:43:42+08:00,1.467,61797,9039906.0,651056079,651056079,2026-08-10
SZ159332,159332,SZ,央企红利ETF富国,指数型-股票,T+1,2026-08-12,20260812,2026-08-12T11:43:54+08:00,1.191,6725,801252.2,111979579,111979579,2026-08-10
SZ159335,159335,SZ,央企科创ETF融通,指数型-股票,T+1,2026-08-12,20260812,2026-08-12T11:43:15+08:00,1.556,10661,1655584.4,106560620,106560620,2026-08-10
SZ159336,159336,SZ,央企红利ETF融通,指数型-股票,T+1,2026-08-12,20260812,2026-08-12T11:43:45+08:00,1.2,28241,3382467.8,383886106,383886106,2026-08-10
SZ159337,159337,SZ,中证500ETF东财,指数型-股票,T+1,2026-08-12,20260812,2026-08-12T11:43:27+08:00,1.841,61945,11362499.4,529675229,529675229,2026-08-10
SZ159338,159338,SZ,中证A500ETF国泰,指数型-股票,T+1,2026-08-12,20260812,2026-08-12T11:43:57+08:00,1.249,15022634,1870536449.762,28108853313,28108853313,2026-08-10
SZ159339,159339,SZ,A500ETF银华,指数型-股票,T+1,2026-08-12,20260812,2026-08-12T11:43:48+08:00,1.259,165177,20745208.0,2461454342,2461454342,2026-08-10
SZ159350,159350,SZ,深证50ETF富国,指数型-股票,T+1,2026-08-12,20260812,2026-08-12T11:44:00+08:00,1.63,239493,38899485.5,177685716,177685716,2026-08-10
SZ159351,159351,SZ,A500ETF嘉实,指数型-股票,T+1,2026-08-12,20260812,2026-08-12T11:43:18+08:00,1.246,2172610,270103653.2,8880395826,8880395826,2026-08-10
SZ159352,159352,SZ,A500ETF南方,指数型-股票,T+1,2026-08-12,20260812,2026-08-12T11:43:51+08:00,1.298,12819659,1659342449.472,36113088084,36113088084,2026-08-10
SZ159353,159353,SZ,中证A500ETF景顺,指数型-股票,T+1,2026-08-12,20260812,2026-08-12T11:43:21+08:00,1.267,795074,100492669.2,5457174072,5457174072,2026-08-10
SZ159355,159355,SZ,800红利低波ETF华宝,指数型-股票,T+1,2026-08-12,20260812,2026-08-12T11:43:54+08:00,1.034,2926,302643.3,90200242,90200242,2026-08-10
SZ159356,159356,SZ,A500ETF万家,指数型-股票,T+1,2026-08-12,20260812,2026-08-12T11:43:57+08:00,1.323,254097,33529232.12,1030776607,1030776607,2026-08-10
SZ159357,159357,SZ,A500ETF博时,指数型-股票,T+1,2026-08-12,20260812,2026-08-12T11:43:30+08:00,1.316,43904,5759217.7,1561873333,1561873333,2026-08-10
SZ159358,159358,SZ,中证A500ETF大成,指数型-股票,T+1,2026-08-12,20260812,2026-08-12T11:44:03+08:00,1.347,245013,32914263.3,908021342,908021342,2026-08-10
SZ159359,159359,SZ,A500ETF华安,指数型-股票,T+1,2026-08-12,20260812,2026-08-12T11:43:24+08:00,1.308,95433,12456182.106,921015685,921015685,2026-08-10
SZ159360,159360,SZ,A500ETF天弘,指数型-股票,T+1,2026-08-12,20260812,2026-08-12T11:44:06+08:00,1.345,178551,23952197.7,1665358190,1665358190,2026-08-10
SZ159361,159361,SZ,A500ETF易方达,指数型-股票,T+1,2026-08-12,20260812,2026-08-12T11:43:33+08:00,1.273,6557281,832278545.534,29156907038,29156907038,2026-08-10
SZ159362,159362,SZ,A500ETF工银,指数型-股票,T+1,2026-08-12,20260812,2026-08-12T11:44:09+08:00,1.335,92129,12267553.482,2145585556,2145585556,2026-08-10
SZ159363,159363,SZ,创业板人工智能ETF华宝,指数型-股票,T+1,2026-08-12,20260812,2026-08-12T11:44:12+08:00,1.267,5897877,736175586.467,7199309208,7199309208,2026-08-10
SZ159367,159367,SZ,创业板50ETF华夏,指数型-股票,T+1,2026-08-12,20260812,2026-08-12T11:44:00+08:00,1.791,61991,11024734.7,311775541,311775541,2026-08-10
SZ159368,159368,SZ,创业板新能源ETF华夏,指数型-股票,T+1,2026-08-12,20260812,2026-08-12T11:44:03+08:00,0.697,1066577,74111625.1,729466037,729466037,2026-08-10
SZ159369,159369,SZ,创业板50ETF易方达,指数型-股票,T+1,2026-08-12,20260812,2026-08-12T11:44:00+08:00,1.454,121044,17445751.0,549253572,549253572,2026-08-10
SZ159370,159370,SZ,创50ETF工银,指数型-股票,T+1,2026-08-12,20260812,2026-08-12T11:44:03+08:00,1.887,26351,4948388.5,415736309,415736309,2026-08-10
SZ159371,159371,SZ,创业板50ETF富国,指数型-股票,T+1,2026-08-12,20260812,2026-08-12T11:43:15+08:00,1.784,14816,2625506.1,314378571,314378571,2026-08-10
SZ159372,159372,SZ,创业板50ETF万家,指数型-股票,T+1,2026-08-12,20260812,2026-08-12T11:44:06+08:00,1.905,16626,3147574.6,126590275,126590275,2026-08-10
SZ159373,159373,SZ,创业板50ETF嘉实,指数型-股票,T+1,2026-08-12,20260812,2026-08-12T11:43:18+08:00,1.821,131460,23772306.9,259597197,259597197,2026-08-10
SZ159375,159375,SZ,创业板50ETF国泰,指数型-股票,T+1,2026-08-12,20260812,2026-08-12T11:44:09+08:00,0.761,122912,9271409.4,267564057,267564057,2026-08-10
SZ159376,159376,SZ,A500ETF浦银,指数型-股票,T+1,2026-08-12,20260812,2026-08-12T11:43:21+08:00,1.354,8027,1083749.2,70302817,70302817,2026-08-10
SZ159377,159377,SZ,创业板医药ETF国泰,指数型-股票,T+1,2026-08-12,20260812,2026-08-12T11:43:24+08:00,1.048,79452,8339554.4,130087610,130087610,2026-08-10
SZ159378,159378,SZ,通用航空ETF永赢,指数型-股票,T+1,2026-08-12,20260812,2026-08-12T11:43:27+08:00,1.049,100073,10396101.3,601885855,601885855,2026-08-10
SZ159379,159379,SZ,A500ETF融通,指数型-股票,T+1,2026-08-12,20260812,2026-08-12T11:43:27+08:00,1.388,6578,908718.4,224608202,224608202,2026-08-10
SZ159380,159380,SZ,A500ETF东财,指数型-股票,T+1,2026-08-12,20260812,2026-08-12T11:43:30+08:00,1.387,41182,5688854.1,235518615,235518615,2026-08-10
SZ159381,159381,SZ,创业板人工智能ETF华夏,指数型-股票,T+1,2026-08-12,20260812,2026-08-12T11:43:30+08:00,1.2,3201869,378532934.01,1990983840,1990983840,2026-08-10
SZ159382,159382,SZ,创业板人工智能ETF南方,指数型-股票,T+1,2026-08-12,20260812,2026-08-12T11:44:06+08:00,2.684,566486,149985008.126,2109773531,2109773531,2026-08-10
SZ159383,159383,SZ,创业板50ETF华泰柏瑞,指数型-股票,T+1,2026-08-12,20260812,2026-08-12T11:43:33+08:00,1.778,40788,7197905.0,103288440,103288440,2026-08-10
SZ159385,159385,SZ,数字经济ETF富国,指数型-股票,T+1,2026-08-12,20260812,2026-08-12T11:43:33+08:00,1.888,11245,2107442.9,88740767,88740767,2026-08-10
SZ159386,159386,SZ,A500ETF永赢,指数型-股票,T+1,2026-08-12,20260812,2026-08-12T11:43:36+08:00,1.314,34854,4567227.4,83924601,83924601,2026-08-10
SZ159387,159387,SZ,创业板新能源ETF国泰,指数型-股票,T+1,2026-08-12,20260812,2026-08-12T11:43:36+08:00,0.768,1525996,116860634.1,1103761650,1103761650,2026-08-10
SZ159388,159388,SZ,创业板人工智能ETF国泰,指数型-股票,T+1,2026-08-12,20260812,2026-08-12T11:43:39+08:00,1.036,1011729,103635322.6,902083524,902083524,2026-08-10
SZ159389,159389,SZ,数字经济ETF嘉实,指数型-股票,T+1,2026-08-12,20260812,2026-08-12T11:43:39+08:00,1.908,24656,4654943.6,261574139,261574139,2026-08-10
SZ159390,159390,SZ,中证A50ETF国联,指数型-股票,T+1,2026-08-12,20260812,2026-08-12T11:44:09+08:00,1.266,30177,3820915.6,145930264,145930264,2026-08-10
SZ159391,159391,SZ,大盘价值ETF博时,指数型-股票,T+1,2026-08-12,20260812,2026-08-12T11:43:36+08:00,1.085,8755,952229.85,94477892,94477892,2026-08-10
SZ159392,159392,SZ,航空ETF富国,指数型-股票,T+1,2026-08-12,20260812,2026-08-12T11:43:42+08:00,0.967,13648,1311351.3,178687579,178687579,2026-08-10
SZ159393,159393,SZ,沪深300ETF万家,指数型-股票,T+1,2026-08-12,20260812,2026-08-12T11:43:39+08:00,5.033,8709,4373902.0,424515139,424515139,2026-08-10
SZ159399,159399,SZ,现金流ETF国泰,指数型-股票,T+1,2026-08-12,20260812,2026-08-12T11:44:12+08:00,1.011,673460,68123819.952,4486003894,4486003894,2026-08-10
SZ159500,159500,SZ,中证500ETF富国,指数型-股票,T+1,2026-08-12,20260812,2026-08-12T11:43:18+08:00,1.209,77244,9284748.9,271467488,271467488,2026-08-10
SZ159505,159505,SZ,国证2000ETF博时,指数型-股票,T+1,2026-08-12,20260812,2026-08-12T11:43:51+08:00,1.636,20549,3346393.344,29619430,29619430,2026-08-10
SZ159507,159507,SZ,通信ETF广发,指数型-股票,T+1,2026-08-12,20260812,2026-08-12T11:43:57+08:00,0.864,399859,33998495.3,707469894,707469894,2026-08-10
SZ159508,159508,SZ,生物医药ETF华安,指数型-股票,T+1,2026-08-12,20260812,2026-08-12T11:43:42+08:00,0.861,102860,8896620.5,94392806,94392806,2026-08-10
SZ159510,159510,SZ,沪深300价值ETF华夏,指数型-股票,T+1,2026-08-12,20260812,2026-08-12T11:43:48+08:00,1.258,20927,2635002.7,86963454,86963454,2026-08-10
SZ159511,159511,SZ,通信ETF南方,指数型-股票,T+1,2026-08-12,20260812,2026-08-12T11:43:15+08:00,2.41,85897,20460828.2,344496421,344496421,2026-08-10
SZ159512,159512,SZ,汽车ETF广发,指数型-股票,T+1,2026-08-12,20260812,2026-08-12T11:43:18+08:00,1.083,98645,10627211.1,107503838,107503838,2026-08-10
SZ159515,159515,SZ,国企红利ETF鹏扬,指数型-股票,T+1,2026-08-12,20260812,2026-08-12T11:43:48+08:00,1.184,6995,829822.0,45212971,45212971,2026-08-10
SZ159516,159516,SZ,半导体设备ETF国泰,指数型-股票,T+1,2026-08-12,20260812,2026-08-12T11:43:51+08:00,0.759,31772834,2400874965.013,43216974240,43216974240,2026-08-10
SZ159517,159517,SZ,中证800增强ETF银华,指数型-股票,T+1,2026-08-12,20260812,2026-08-12T11:43:54+08:00,1.38,18948,2604122.5,16204821,16204821,2026-08-10
SZ159520,159520,SZ,消费龙头ETF工银,指数型-股票,T+1,2026-08-12,20260812,2026-08-12T11:44:00+08:00,0.931,69995,6539935.0,144470391,144470391,2026-08-10
SZ159521,159521,SZ,国证2000ETF平安,指数型-股票,T+1,2026-08-12,20260812,2026-08-12T11:44:03+08:00,1.278,364,46424.4,23354728,23354728,2026-08-10
SZ159523,159523,SZ,沪深300成长ETF华夏,指数型-股票,T+1,2026-08-12,20260812,2026-08-12T11:43:54+08:00,1.309,43395,5655792.6,97543209,97543209,2026-08-10
SZ159525,159525,SZ,红利低波ETF富国,指数型-股票,T+1,2026-08-12,20260812,2026-08-12T11:43:27+08:00,1.078,93530,10094146.6,481589756,481589756,2026-08-10
SZ159526,159526,SZ,机器人ETF嘉实,指数型-股票,T+1,2026-08-12,20260812,2026-08-12T11:43:21+08:00,1.513,79530,12010371.3,906987458,906987458,2026-08-10
SZ159527,159527,SZ,云计算ETF广发,指数型-股票,T+1,2026-08-12,20260812,2026-08-12T11:43:57+08:00,0.737,101333,7468695.528,343664091,343664091,2026-08-10
SZ159528,159528,SZ,国企改革ETF富国,指数型-股票,T+1,2026-08-12,20260812,2026-08-12T11:44:06+08:00,1.267,143,18072.5,9275419,9275419,2026-08-10
SZ159530,159530,SZ,机器人ETF易方达,指数型-股票,T+1,2026-08-12,20260812,2026-08-12T11:43:24+08:00,1.426,2902623,412778678.732,18818370309,18818370309,2026-08-10
SZ159531,159531,SZ,中证2000ETF南方,指数型-股票,T+1,2026-08-12,20260812,2026-08-12T11:43:33+08:00,1.473,719860,105114986.402,1700738173,1700738173,2026-08-10
SZ159532,159532,SZ,中证2000ETF易方达,指数型-股票,T+1,2026-08-12,20260812,2026-08-12T11:43:27+08:00,1.649,115502,18946187.2,315890340,315890340,2026-08-10
SZ159533,159533,SZ,中证2000ETF博时,指数型-股票,T+1,2026-08-12,20260812,2026-08-12T11:44:00+08:00,1.95,4603,893359.0,32094631,32094631,2026-08-10
SZ159535,159535,SZ,中证2000ETF嘉实,指数型-股票,T+1,2026-08-12,20260812,2026-08-12T11:43:30+08:00,1.5,13884,2073086.8,35971632,35971632,2026-08-10
SZ159536,159536,SZ,中证2000ETF汇添富,指数型-股票,T+1,2026-08-12,20260812,2026-08-12T11:44:03+08:00,1.398,28138,3914869.4,80051701,80051701,2026-08-10
SZ159537,159537,SZ,信创ETF国泰,指数型-股票,T+1,2026-08-12,20260812,2026-08-12T11:44:09+08:00,0.95,30111,2832157.6,142770944,142770944,2026-08-10
SZ159538,159538,SZ,信创ETF富国,指数型-股票,T+1,2026-08-12,20260812,2026-08-12T11:44:00+08:00,0.958,48202,4564025.1,253495389,253495389,2026-08-10
SZ159539,159539,SZ,信创ETF广发,指数型-股票,T+1,2026-08-12,20260812,2026-08-12T11:43:33+08:00,1.886,7939,1484213.9,102909933,102909933,2026-08-10
SZ159540,159540,SZ,信创ETF易方达,指数型-股票,T+1,2026-08-12,20260812,2026-08-12T11:43:36+08:00,2.03,46431,9309114.8,250715538,250715538,2026-08-10
SZ159541,159541,SZ,创业板综ETF万家,指数型-股票,T+1,2026-08-12,20260812,2026-08-12T11:44:03+08:00,1.586,24211,3816749.5,102445015,102445015,2026-08-10
SZ159542,159542,SZ,工程机械ETF大成,指数型-股票,T+1,2026-08-12,20260812,2026-08-12T11:44:06+08:00,1.38,7463,1022618.0,22208133,22208133,2026-08-10
SZ159543,159543,SZ,国证2000ETF工银,指数型-股票,T+1,2026-08-12,20260812,2026-08-12T11:43:39+08:00,1.515,4990,753183.4,63927775,63927775,2026-08-10
SZ159546,159546,SZ,集成电路ETF国泰,指数型-股票,T+1,2026-08-12,20260812,2026-08-12T11:43:45+08:00,0.813,350883,28147660.088,556846321,556846321,2026-08-10
SZ159547,159547,SZ,红利低波ETF华夏,指数型-股票,T+1,2026-08-12,20260812,2026-08-12T11:43:48+08:00,1.181,702058,83054099.1,1550990860,1550990860,2026-08-10
SZ159549,159549,SZ,红利低波ETF天弘,指数型-股票,T+1,2026-08-12,20260812,2026-08-12T11:43:36+08:00,1.18,22009,2602279.9,5729518131,5729518131,2026-08-10
SZ159550,159550,SZ,互联网ETF东财,指数型-股票,T+1,2026-08-12,20260812,2026-08-12T11:43:51+08:00,0.837,53017,4442707.3,167256693,167256693,2026-08-10
SZ159551,159551,SZ,机器人ETF国泰,指数型-股票,T+1,2026-08-12,20260812,2026-08-12T11:44:09+08:00,1.332,59859,7957522.6,423470676,423470676,2026-08-10
SZ159552,159552,SZ,中证2000增强ETF招商,指数型-股票,T+1,2026-08-12,20260812,2026-08-12T11:43:39+08:00,2.268,355632,80175887.18,1517950446,1517950446,2026-08-10
SZ159553,159553,SZ,中证2000增强ETF海富通,指数型-股票,T+1,2026-08-12,20260812,2026-08-12T11:43:54+08:00,1.841,1129,206949.8,30057549,30057549,2026-08-10
SZ159555,159555,SZ,中证2000增强ETF银华,指数型-股票,T+1,2026-08-12,20260812,2026-08-12T11:43:42+08:00,1.768,8008,1405749.8,66234062,66234062,2026-08-10
SZ159556,159556,SZ,中证2000增强ETF平安,指数型-股票,T+1,2026-08-12,20260812,2026-08-12T11:44:12+08:00,1.23,4659,571439.1,19133989,19133989,2026-08-10
SZ159558,159558,SZ,半导体设备ETF易方达,指数型-股票,T+1,2026-08-12,20260812,2026-08-12T11:44:06+08:00,1.19,8465497,1003357645.386,21044631122,21044631122,2026-08-10
SZ159559,159559,SZ,机器人ETF景顺,指数型-股票,T+1,2026-08-12,20260812,2026-08-12T11:43:15+08:00,1.285,415677,53308853.3,2601580962,2601580962,2026-08-10
SZ159560,159560,SZ,芯片ETF景顺,指数型-股票,T+1,2026-08-12,20260812,2026-08-12T11:43:15+08:00,2.413,53335,12760364.0,444996918,444996918,2026-08-10
SZ159562,159562,SZ,黄金股ETF华夏,指数型-股票,T+1,2026-08-12,20260812,2026-08-12T11:43:18+08:00,2.255,806745,181192150.315,5540829305,5540829305,2026-08-10
SZ159563,159563,SZ,创业板综ETF华夏,指数型-股票,T+1,2026-08-12,20260812,2026-08-12T11:43:21+08:00,1.86,12962,2392965.1,50891038,50891038,2026-08-10
SZ159565,159565,SZ,汽车零部件ETF易方达,指数型-股票,T+1,2026-08-12,20260812,2026-08-12T11:43:57+08:00,1.345,96039,12862431.7,194523626,194523626,2026-08-10
SZ159566,159566,SZ,储能电池ETF易方达,指数型-股票,T+1,2026-08-12,20260812,2026-08-12T11:43:45+08:00,1.919,852889,162739066.5,5376538630,5376538630,2026-08-10
SZ159571,159571,SZ,创业板200ETF富国,指数型-股票,T+1,2026-08-12,20260812,2026-08-12T11:43:30+08:00,1.481,482,71165.8,29593067,29593067,2026-08-10
SZ159572,159572,SZ,创业板200ETF易方达,指数型-股票,T+1,2026-08-12,20260812,2026-08-12T11:44:12+08:00,1.488,31799,4715525.3,282346671,282346671,2026-08-10
SZ159573,159573,SZ,创业板200ETF华夏,指数型-股票,T+1,2026-08-12,20260812,2026-08-12T11:43:51+08:00,1.497,55678,8296501.4,118946077,118946077,2026-08-10
SZ159575,159575,SZ,创业板200ETF银华,指数型-股票,T+1,2026-08-12,20260812,2026-08-12T11:43:15+08:00,1.452,867,125455.7,16567937,16567937,2026-08-10
SZ159576,159576,SZ,深证100ETF广发,指数型-股票,T+1,2026-08-12,20260812,2026-08-12T11:43:21+08:00,1.596,5363,855185.4,59865341,59865341,2026-08-10
SZ159578,159578,SZ,深证主板50ETF南方,指数型-股票,T+1,2026-08-12,20260812,2026-08-12T11:43:18+08:00,1.217,1553,188806.1,24338577,24338577,2026-08-10
SZ159581,159581,SZ,红利ETF万家,指数型-股票,T+1,2026-08-12,20260812,2026-08-12T11:43:54+08:00,1.058,70042,7425121.4,1353420803,1353420803,2026-08-10
SZ159582,159582,SZ,半导体ETF博时,指数型-股票,T+1,2026-08-12,20260812,2026-08-12T11:44:00+08:00,0.81,669139,53805023.8,818592571,818592571,2026-08-10
SZ159583,159583,SZ,通信ETF富国,指数型-股票,T+1,2026-08-12,20260812,2026-08-12T11:43:27+08:00,1.654,2185935,354625828.6,3666244650,3666244650,2026-08-10
SZ159586,159586,SZ,计算机ETF南方,指数型-股票,T+1,2026-08-12,20260812,2026-08-12T11:43:30+08:00,1.109,42560,4721098.4,289477749,289477749,2026-08-10
SZ159587,159587,SZ,粮食ETF广发,指数型-股票,T+1,2026-08-12,20260812,2026-08-12T11:44:03+08:00,1.13,56138,6362756.9,181305145,181305145,2026-08-10
SZ159588,159588,SZ,石油ETF景顺,指数型-股票,T+1,2026-08-12,20260812,2026-08-12T11:43:57+08:00,1.231,39692,4889095.2,551838668,551838668,2026-08-10
SZ159589,159589,SZ,红利ETF广发,指数型-股票,T+1,2026-08-12,20260812,2026-08-12T11:44:06+08:00,1.087,9477,1032087.7,271304335,271304335,2026-08-10
SZ159590,159590,SZ,软件ETF汇添富,指数型-股票,T+1,2026-08-12,20260812,2026-08-12T11:43:33+08:00,0.935,439477,41107829.5,700653231,700653231,2026-08-10
SZ159591,159591,SZ,A50ETF富国,指数型-股票,T+1,2026-08-12,20260812,2026-08-12T11:44:00+08:00,1.406,73742,10348573.8,465253386,465253386,2026-08-10
SZ159592,159592,SZ,A50ETF银华,指数型-股票,T+1,2026-08-12,20260812,2026-08-12T11:43:21+08:00,1.374,48926,6718095.1,835818578,835818578,2026-08-10
SZ159593,159593,SZ,中证A50ETF平安,指数型-股票,T+1,2026-08-12,20260812,2026-08-12T11:43:36+08:00,1.388,264429,36688919.7,2645106115,2645106115,2026-08-10
SZ159595,159595,SZ,中证A50ETF大成,指数型-股票,T+1,2026-08-12,20260812,2026-08-12T11:44:03+08:00,1.393,355072,49449420.1,1241320754,1241320754,2026-08-10
SZ159596,159596,SZ,A50ETF华宝,指数型-股票,T+1,2026-08-12,20260812,2026-08-12T11:43:33+08:00,0.665,145643,9675098.6,342929222,342929222,2026-08-10
SZ159597,159597,SZ,创业板成长ETF易方达,指数型-股票,T+1,2026-08-12,20260812,2026-08-12T11:43:36+08:00,0.834,160294,13260928.1,845056451,845056451,2026-08-10
SZ159599,159599,SZ,芯片ETF东财,指数型-股票,T+1,2026-08-12,20260812,2026-08-12T11:43:39+08:00,2.963,362178,106233383.2,1972830776,1972830776,2026-08-10
SZ159601,159601,SZ,A50ETF华夏,指数型-股票,T+1,2026-08-12,20260812,2026-08-12T11:43:42+08:00,1.148,360852,41357863.7,1626472716,1626472716,2026-08-10
SZ159602,159602,SZ,中国A50ETF南方,指数型-股票,T+1,2026-08-12,20260812,2026-08-12T11:44:09+08:00,1.112,34293,3801144.709,454299754,454299754,2026-08-10
SZ159603,159603,SZ,科创创业ETF天弘,指数型-股票,T+1,2026-08-12,20260812,2026-08-12T11:44:12+08:00,1.773,29569,5205616.2,4489363514,4489363514,2026-08-10
SZ159606,159606,SZ,中证500成长ETF易方达,指数型-股票,T+1,2026-08-12,20260812,2026-08-12T11:44:09+08:00,1.377,26367,3626288.0,535959840,535959840,2026-08-10
SZ159608,159608,SZ,稀有金属ETF广发,指数型-股票,T+1,2026-08-12,20260812,2026-08-12T11:43:39+08:00,1.139,735898,83626095.3,4018403463,4018403463,2026-08-10
SZ159609,159609,SZ,光伏ETF浦银,指数型-股票,T+1,2026-08-12,20260812,2026-08-12T11:43:21+08:00,0.511,61300,3120170.0,157849641,157849641,2026-08-10
SZ159610,159610,SZ,中证500增强ETF景顺,指数型-股票,T+1,2026-08-12,20260812,2026-08-12T11:43:24+08:00,1.288,24323,3119436.9,213251851,213251851,2026-08-10
SZ159611,159611,SZ,电力ETF广发,指数型-股票,T+1,2026-08-12,20260812,2026-08-12T11:43:42+08:00,1.059,2418677,256395532.125,10415437490,10415437490,2026-08-10
SZ159613,159613,SZ,信息安全ETF嘉实,指数型-股票,T+1,2026-08-12,20260812,2026-08-12T11:43:45+08:00,0.901,37429,3362271.5,108651786,108651786,2026-08-10
SZ159616,159616,SZ,农牧ETF建信,指数型-股票,T+1,2026-08-12,20260812,2026-08-12T11:43:27+08:00,0.8,150088,12016722.1,54848890,54848890,2026-08-10
SZ159617,159617,SZ,中证500价值ETF华夏,指数型-股票,T+1,2026-08-12,20260812,2026-08-12T11:43:15+08:00,1.382,20580,2845259.2,42038204,42038204,2026-08-10
SZ159618,159618,SZ,光伏ETF华安,指数型-股票,T+1,2026-08-12,20260812,2026-08-12T11:43:45+08:00,0.692,13550,933142.243,52682934,52682934,2026-08-10
SZ159619,159619,SZ,基建ETF国泰,指数型-股票,T+1,2026-08-12,20260812,2026-08-12T11:43:48+08:00,0.951,9335,888265.9,73208938,73208938,2026-08-10
SZ159620,159620,SZ,中证500成长ETF华夏,指数型-股票,T+1,2026-08-12,20260812,2026-08-12T11:43:30+08:00,1.311,37093,4843965.0,40825764,40825764,2026-08-10
SZ159621,159621,SZ,ESGETF国泰,指数型-股票,T+1,2026-08-12,20260812,2026-08-12T11:43:51+08:00,1.178,4284,503751.2,17004097,17004097,2026-08-10
SZ159622,159622,SZ,创新药ETF东财,指数型-股票,T+1,2026-08-12,20260812,2026-08-12T11:43:54+08:00,1.206,794509,95992404.59,1520287498,1520287498,2026-08-10
SZ159623,159623,SZ,成渝经济圈ETF博时,指数型-股票,T+1,2026-08-12,20260812,2026-08-12T11:43:57+08:00,1.009,19738,1986370.3,3110012141,3110012141,2026-08-10
SZ159625,159625,SZ,绿色电力ETF嘉实,指数型-股票,T+1,2026-08-12,20260812,2026-08-12T11:43:48+08:00,1.223,134680,16489290.9,2481361548,2481361548,2026-08-10
SZ159627,159627,SZ,A100ETF华夏,指数型-股票,T+1,2026-08-12,20260812,2026-08-12T11:43:18+08:00,1.334,14597,1941462.1,25501779,25501779,2026-08-10
SZ159628,159628,SZ,国证2000ETF万家,指数型-股票,T+1,2026-08-12,20260812,2026-08-12T11:43:51+08:00,1.415,425557,59981500.0,470180796,470180796,2026-08-10
SZ159629,159629,SZ,中证1000ETF富国,指数型-股票,T+1,2026-08-12,20260812,2026-08-12T11:43:33+08:00,3.257,633435,205403126.3,2805099901,2805099901,2026-08-10
SZ159630,159630,SZ,A100ETF汇添富,指数型-股票,T+1,2026-08-12,20260812,2026-08-12T11:43:21+08:00,1.402,1190,166169.8,21189469,21189469,2026-08-10
SZ159631,159631,SZ,A100ETF招商,指数型-股票,T+1,2026-08-12,20260812,2026-08-12T11:43:54+08:00,1.28,2897,369676.5,50345734,50345734,2026-08-10
SZ159633,159633,SZ,中证1000ETF易方达,指数型-股票,T+1,2026-08-12,20260812,2026-08-12T11:43:27+08:00,3.329,1373830,455427475.528,4361531482,4361531482,2026-08-10
SZ159635,159635,SZ,基建ETF华夏,指数型-股票,T+1,2026-08-12,20260812,2026-08-12T11:44:03+08:00,1.011,151989,15330260.1,132286297,132286297,2026-08-10
SZ159637,159637,SZ,新能源车ETF东财,指数型-股票,T+1,2026-08-12,20260812,2026-08-12T11:43:24+08:00,0.839,716835,60089603.8,585427433,585427433,2026-08-10
SZ159638,159638,SZ,高端装备ETF嘉实,指数型-股票,T+1,2026-08-12,20260812,2026-08-12T11:43:30+08:00,0.854,176608,14961753.2,1262504013,1262504013,2026-08-10
SZ159639,159639,SZ,碳中和ETF南方,指数型-股票,T+1,2026-08-12,20260812,2026-08-12T11:44:09+08:00,0.983,10659,1046238.04,199834238,199834238,2026-08-10
SZ159640,159640,SZ,碳中和龙头ETF工银,指数型-股票,T+1,2026-08-12,20260812,2026-08-12T11:43:27+08:00,0.96,337,32358.4,56491390,56491390,2026-08-10
SZ159641,159641,SZ,碳中和ETF招商,指数型-股票,T+1,2026-08-12,20260812,2026-08-12T11:43:30+08:00,1.02,1535,156194.634,88453514,88453514,2026-08-10
SZ159642,159642,SZ,碳中和ETF大成,指数型-股票,T+1,2026-08-12,20260812,2026-08-12T11:43:36+08:00,0.966,207,19996.2,21676966,21676966,2026-08-10
SZ159643,159643,SZ,疫苗ETF国泰,指数型-股票,T+1,2026-08-12,20260812,2026-08-12T11:44:12+08:00,0.585,38210,2245536.56,142968511,142968511,2026-08-10
SZ159645,159645,SZ,疫苗ETF富国,指数型-股票,T+1,2026-08-12,20260812,2026-08-12T11:43:39+08:00,0.653,6752,439601.3,36268103,36268103,2026-08-10
SZ159647,159647,SZ,中药ETF鹏华,指数型-股票,T+1,2026-08-12,20260812,2026-08-12T11:43:15+08:00,0.923,412601,38227491.1,1052646204,1052646204,2026-08-10
SZ159652,159652,SZ,有色ETF汇添富,指数型-股票,T+1,2026-08-12,20260812,2026-08-12T11:43:36+08:00,1.682,1651424,277554166.6,3307350724,3307350724,2026-08-10
SZ159653,159653,SZ,ESG300ETF国联安,指数型-股票,T+1,2026-08-12,20260812,2026-08-12T11:43:18+08:00,1.211,110,13299.4,67782174,67782174,2026-08-10
SZ159656,159656,SZ,沪深300成长ETF万家,指数型-股票,T+1,2026-08-12,20260812,2026-08-12T11:43:48+08:00,1.25,36971,4599853.5,292798064,292798064,2026-08-10
SZ159657,159657,SZ,疫苗ETF鹏华,指数型-股票,T+1,2026-08-12,20260812,2026-08-12T11:43:21+08:00,0.631,8590,544332.8,98760851,98760851,2026-08-10
SZ159658,159658,SZ,数字经济ETF华安,指数型-股票,T+1,2026-08-12,20260812,2026-08-12T11:43:39+08:00,1.837,6675,1219160.8,78797889,78797889,2026-08-10
SZ159661,159661,SZ,A100ETF嘉实,指数型-股票,T+1,2026-08-12,20260812,2026-08-12T11:44:00+08:00,1.461,22053,3215983.8,39751199,39751199,2026-08-10
SZ159662,159662,SZ,交运ETF南方,指数型-股票,T+1,2026-08-12,20260812,2026-08-12T11:43:45+08:00,0.975,80965,7913675.2,85911097,85911097,2026-08-10
SZ159663,159663,SZ,机床ETF华夏,指数型-股票,T+1,2026-08-12,20260812,2026-08-12T11:44:03+08:00,1.047,431025,44828943.0,447105821,447105821,2026-08-10
SZ159665,159665,SZ,半导体龙头ETF工银,指数型-股票,T+1,2026-08-12,20260812,2026-08-12T11:43:33+08:00,2.557,136447,34530317.6,622826031,622826031,2026-08-10
SZ159666,159666,SZ,交通运输ETF华夏,指数型-股票,T+1,2026-08-12,20260812,2026-08-12T11:44:06+08:00,0.971,133422,12980637.3,124125751,124125751,2026-08-10
SZ159667,159667,SZ,工业母机ETF国泰,指数型-股票,T+1,2026-08-12,20260812,2026-08-12T11:43:27+08:00,0.702,1180242,82127699.7,2746259605,2746259605,2026-08-10
SZ159669,159669,SZ,绿色电力ETF国泰,指数型-股票,T+1,2026-08-12,20260812,2026-08-12T11:43:48+08:00,1.128,17698,1994946.2,233783393,233783393,2026-08-10
SZ159670,159670,SZ,消费50ETF国联安,指数型-股票,T+1,2026-08-12,20260812,2026-08-12T11:43:36+08:00,0.872,30229,2651103.8,48576435,48576435,2026-08-10
SZ159671,159671,SZ,稀有金属ETF工银,指数型-股票,T+1,2026-08-12,20260812,2026-08-12T11:43:39+08:00,1.396,387612,54131980.9,1250888235,1250888235,2026-08-10
SZ159672,159672,SZ,消费ETF博时,指数型-股票,T+1,2026-08-12,20260812,2026-08-12T11:43:51+08:00,0.643,36459,2353726.3,84160604,84160604,2026-08-10
SZ159673,159673,SZ,沪深300ETF鹏华,指数型-股票,T+1,2026-08-12,20260812,2026-08-12T11:43:42+08:00,1.308,207840,27114349.3,2327623126,2327623126,2026-08-10
SZ159675,159675,SZ,创业板增强ETF嘉实,指数型-股票,T+1,2026-08-12,20260812,2026-08-12T11:44:09+08:00,1.483,25702,3785707.5,94684643,94684643,2026-08-10
SZ159676,159676,SZ,创业板增强ETF富国,指数型-股票,T+1,2026-08-12,20260812,2026-08-12T11:43:51+08:00,1.672,57038,9455202.5,218303314,218303314,2026-08-10
SZ159677,159677,SZ,中证1000增强ETF银华,指数型-股票,T+1,2026-08-12,20260812,2026-08-12T11:43:30+08:00,1.472,24897,3637836.1,48434822,48434822,2026-08-10
SZ159678,159678,SZ,500增强ETF博时,指数型-股票,T+1,2026-08-12,20260812,2026-08-12T11:43:54+08:00,1.58,10380,1636060.5,147167037,147167037,2026-08-10
SZ159679,159679,SZ,中证1000增强ETF国泰,指数型-股票,T+1,2026-08-12,20260812,2026-08-12T11:44:12+08:00,1.306,31613,4092673.4,72207638,72207638,2026-08-10
SZ159680,159680,SZ,中证1000增强ETF招商,指数型-股票,T+1,2026-08-12,20260812,2026-08-12T11:43:57+08:00,1.683,320923,53641578.954,1934504289,1934504289,2026-08-10
SZ159681,159681,SZ,创业板50ETF鹏华,指数型-股票,T+1,2026-08-12,20260812,2026-08-12T11:43:15+08:00,1.673,342374,56854283.0,1742885118,1742885118,2026-08-10
SZ159682,159682,SZ,创业板50ETF景顺,指数型-股票,T+1,2026-08-12,20260812,2026-08-12T11:44:00+08:00,1.652,881652,144440162.2,5126664261,5126664261,2026-08-10
SZ159685,159685,SZ,1000增强ETF天弘,指数型-股票,T+1,2026-08-12,20260812,2026-08-12T11:44:03+08:00,1.496,8682,1295397.5,29082340,29082340,2026-08-10
SZ159686,159686,SZ,A100ETF易方达,指数型-股票,T+1,2026-08-12,20260812,2026-08-12T11:43:45+08:00,1.315,44999,5904279.7,110217233,110217233,2026-08-10
SZ159689,159689,SZ,消费ETF南方,指数型-股票,T+1,2026-08-12,20260812,2026-08-12T11:43:54+08:00,0.647,22013,1430386.4,60913618,60913618,2026-08-10
SZ159690,159690,SZ,有色矿业ETF招商,指数型-股票,T+1,2026-08-12,20260812,2026-08-12T11:43:33+08:00,2.03,84677,17137994.3,562642888,562642888,2026-08-10
SZ159692,159692,SZ,证券ETF东财,指数型-股票,T+1,2026-08-12,20260812,2026-08-12T11:43:21+08:00,1.22,290285,35409072.6,1918396281,1918396281,2026-08-10
SZ159695,159695,SZ,通信ETF嘉实,指数型-股票,T+1,2026-08-12,20260812,2026-08-12T11:43:36+08:00,0.947,580177,53677379.3,810098134,810098134,2026-08-10
SZ159697,159697,SZ,石油ETF鹏华,指数型-股票,T+1,2026-08-12,20260812,2026-08-12T11:44:06+08:00,1.296,152469,19818762.116,1382860512,1382860512,2026-08-10
SZ159698,159698,SZ,粮食ETF鹏华,指数型-股票,T+1,2026-08-12,20260812,2026-08-12T11:44:09+08:00,0.876,232403,20360520.3,996401280,996401280,2026-08-10
SZ159701,159701,SZ,物联网ETF招商,指数型-股票,T+1,2026-08-12,20260812,2026-08-12T11:43:42+08:00,1.294,248,31958.2,7383048,7383048,2026-08-10
SZ159703,159703,SZ,新材料ETF天弘,指数型-股票,T+1,2026-08-12,20260812,2026-08-12T11:44:03+08:00,0.958,26257,2500498.6,58228764,58228764,2026-08-10
SZ159706,159706,SZ,深证100ETF华安,指数型-股票,T+1,2026-08-12,20260812,2026-08-12T11:43:24+08:00,0.958,19512,1863781.0,41085554,41085554,2026-08-10
SZ159707,159707,SZ,地产ETF华宝,指数型-股票,T+1,2026-08-12,20260812,2026-08-12T11:44:06+08:00,0.502,1121173,56093084.0,576320200,576320200,2026-08-10
SZ159708,159708,SZ,红利ETF西部利得,指数型-股票,T+1,2026-08-12,20260812,2026-08-12T11:43:54+08:00,0.831,19524,1623453.102,152096522,152096522,2026-08-10
SZ159709,159709,SZ,物联网ETF工银,指数型-股票,T+1,2026-08-12,20260812,2026-08-12T11:44:09+08:00,1.766,448,79043.8,37940850,37940850,2026-08-10
SZ159713,159713,SZ,稀土ETF富国,指数型-股票,T+1,2026-08-12,20260812,2026-08-12T11:44:12+08:00,1.317,336013,44058252.7,720734909,720734909,2026-08-10
SZ159715,159715,SZ,稀土ETF易方达,指数型-股票,T+1,2026-08-12,20260812,2026-08-12T11:43:15+08:00,1.213,292974,35443449.0,650811220,650811220,2026-08-10
SZ159716,159716,SZ,深证100ETF华宝,指数型-股票,T+1,2026-08-12,20260812,2026-08-12T11:43:57+08:00,1.153,22221,2549961.0,64183742,64183742,2026-08-10
SZ159717,159717,SZ,ESGETF鹏华,指数型-股票,T+1,2026-08-12,20260812,2026-08-12T11:43:18+08:00,1.067,108,11513.2,24405686,24405686,2026-08-10
SZ159719,159719,SZ,国企ETF平安,指数型-股票,T+1,2026-08-12,20260812,2026-08-12T11:43:48+08:00,1.58,2989,472371.7,42969658,42969658,2026-08-10
SZ159720,159720,SZ,智能车ETF泰康,指数型-股票,T+1,2026-08-12,20260812,2026-08-12T11:44:00+08:00,0.745,722,53805.5,34130206,34130206,2026-08-10
SZ159721,159721,SZ,深证100ETF永赢,指数型-股票,T+1,2026-08-12,20260812,2026-08-12T11:43:27+08:00,1.089,3915,425023.8,73433117,73433117,2026-08-10
SZ159723,159723,SZ,科技龙头ETF汇添富,指数型-股票,T+1,2026-08-12,20260812,2026-08-12T11:43:51+08:00,1.11,2103,233015.6,34438388,34438388,2026-08-10
SZ159725,159725,SZ,线上消费ETF工银,指数型-股票,T+1,2026-08-12,20260812,2026-08-12T11:43:54+08:00,0.809,106638,8614712.2,112794764,112794764,2026-08-10
SZ159728,159728,SZ,在线消费ETF南方,指数型-股票,T+1,2026-08-12,20260812,2026-08-12T11:44:03+08:00,0.808,37409,3027931.1,39519384,39519384,2026-08-10
SZ159729,159729,SZ,互联网ETF汇添富,指数型-股票,T+1,2026-08-12,20260812,2026-08-12T11:43:33+08:00,0.728,2217,161317.7,47291341,47291341,2026-08-10
SZ159730,159730,SZ,家电ETF博时,指数型-股票,T+1,2026-08-12,20260812,2026-08-12T11:43:21+08:00,1.025,2110,216842.1,43635624,43635624,2026-08-10
SZ159731,159731,SZ,石化ETF华夏,指数型-股票,T+1,2026-08-12,20260812,2026-08-12T11:43:36+08:00,0.95,374387,35635011.4,748007018,748007018,2026-08-10
SZ159732,159732,SZ,消费电子ETF华夏,指数型-股票,T+1,2026-08-12,20260812,2026-08-12T11:44:06+08:00,1.429,1333271,188955084.3,3650306055,3650306055,2026-08-10
SZ159736,159736,SZ,食品饮料ETF天弘,指数型-股票,T+1,2026-08-12,20260812,2026-08-12T11:43:18+08:00,0.605,179705,10891112.1,4548628593,4548628593,2026-08-10
SZ159738,159738,SZ,云计算ETF华泰柏瑞,指数型-股票,T+1,2026-08-12,20260812,2026-08-12T11:43:39+08:00,2.109,26314,5543182.6,284699535,284699535,2026-08-10
SZ159739,159739,SZ,云计算ETF鹏华,指数型-股票,T+1,2026-08-12,20260812,2026-08-12T11:43:24+08:00,0.826,51475,4248534.6,371007178,371007178,2026-08-10
SZ159743,159743,SZ,湖北ETF博时,指数型-股票,T+1,2026-08-12,20260812,2026-08-12T11:43:30+08:00,1.42,2879,406048.9,156116362,156116362,2026-08-10
SZ159745,159745,SZ,建材ETF国泰,指数型-股票,T+1,2026-08-12,20260812,2026-08-12T11:43:57+08:00,0.542,189688,10239975.0,726653043,726653043,2026-08-10
SZ159748,159748,SZ,创新药ETF富国,指数型-股票,T+1,2026-08-12,20260812,2026-08-12T11:43:27+08:00,0.858,1013306,87012968.6,1406855846,1406855846,2026-08-10
SZ159752,159752,SZ,新能源ETF申万菱信,指数型-股票,T+1,2026-08-12,20260812,2026-08-12T11:44:12+08:00,0.63,22939,1440505.8,263314115,263314115,2026-08-10
SZ159755,159755,SZ,电池ETF广发,指数型-股票,T+1,2026-08-12,20260812,2026-08-12T11:44:03+08:00,0.986,1671718,164760603.891,8869707666,8869707666,2026-08-10
SZ159757,159757,SZ,电池ETF景顺,指数型-股票,T+1,2026-08-12,20260812,2026-08-12T11:43:15+08:00,0.822,81144,6672262.8,211198014,211198014,2026-08-10
SZ159758,159758,SZ,红利质量ETF华夏,指数型-股票,T+1,2026-08-12,20260812,2026-08-12T11:43:36+08:00,1.154,161582,18631325.6,1537463565,1537463565,2026-08-10
SZ159760,159760,SZ,医疗健康ETF泰康,指数型-股票,T+1,2026-08-12,20260812,2026-08-12T11:43:45+08:00,0.615,5553,343320.7,83861537,83861537,2026-08-10
SZ159761,159761,SZ,新材料ETF国泰,指数型-股票,T+1,2026-08-12,20260812,2026-08-12T11:43:39+08:00,0.849,41778,3527067.0,172121265,172121265,2026-08-10
SZ159763,159763,SZ,新材料ETF建信,指数型-股票,T+1,2026-08-12,20260812,2026-08-12T11:43:30+08:00,0.769,10559,808976.5,68985257,68985257,2026-08-10
SZ159766,159766,SZ,旅游ETF富国,指数型-股票,T+1,2026-08-12,20260812,2026-08-12T11:43:33+08:00,0.569,1315939,75054278.8,3041669706,3041669706,2026-08-10
SZ159767,159767,SZ,电池龙头ETF兴银,指数型-股票,T+1,2026-08-12,20260812,2026-08-12T11:43:42+08:00,0.803,19852,1591934.6,196633559,196633559,2026-08-10
SZ159768,159768,SZ,房地产ETF银华,指数型-股票,T+1,2026-08-12,20260812,2026-08-12T11:43:36+08:00,0.451,573706,25740722.1,394377087,394377087,2026-08-10
SZ159770,159770,SZ,机器人ETF天弘,指数型-股票,T+1,2026-08-12,20260812,2026-08-12T11:43:45+08:00,1.059,437874,46278653.3,6504470853,6504470853,2026-08-10
SZ159773,159773,SZ,创业板科技ETF华泰柏瑞,指数型-股票,T+1,2026-08-12,20260812,2026-08-12T11:43:18+08:00,1.356,23601,3176423.4,255339031,255339031,2026-08-10
SZ159775,159775,SZ,电池ETF建信,指数型-股票,T+1,2026-08-12,20260812,2026-08-12T11:43:21+08:00,0.818,171936,14086330.8,557588849,557588849,2026-08-10
SZ159777,159777,SZ,创科技ETF国联安,指数型-股票,T+1,2026-08-12,20260812,2026-08-12T11:43:24+08:00,1.274,13841,1748806.7,34755440,34755440,2026-08-10
SZ159778,159778,SZ,工业互联网ETF鹏华,指数型-股票,T+1,2026-08-12,20260812,2026-08-12T11:44:06+08:00,1.241,6292,775297.6,51818429,51818429,2026-08-10
SZ159779,159779,SZ,消费电子ETF招商,指数型-股票,T+1,2026-08-12,20260812,2026-08-12T11:44:09+08:00,1.502,32954,4913838.4,199569744,199569744,2026-08-10
SZ159780,159780,SZ,科创创业50ETF南方,指数型-股票,T+1,2026-08-12,20260812,2026-08-12T11:44:12+08:00,1.149,568719,64696706.959,4207693814,4207693814,2026-08-10
SZ159781,159781,SZ,科创创业ETF易方达,指数型-股票,T+1,2026-08-12,20260812,2026-08-12T11:43:15+08:00,1.147,1506033,171466479.912,17991682117,17991682117,2026-08-10
SZ159782,159782,SZ,双创50ETF银华,指数型-股票,T+1,2026-08-12,20260812,2026-08-12T11:43:27+08:00,1.15,141876,16199066.8,655718813,655718813,2026-08-10
SZ159783,159783,SZ,科创创业50ETF华夏,指数型-股票,T+1,2026-08-12,20260812,2026-08-12T11:43:42+08:00,1.155,887676,101725892.469,6104705672,6104705672,2026-08-10
SZ159786,159786,SZ,VRETF银华,指数型-股票,T+1,2026-08-12,20260812,2026-08-12T11:43:48+08:00,1.19,47244,5593754.0,109124397,109124397,2026-08-10
SZ159787,159787,SZ,建材ETF易方达,指数型-股票,T+1,2026-08-12,20260812,2026-08-12T11:43:30+08:00,0.598,2345,140414.8,82237937,82237937,2026-08-10
SZ159790,159790,SZ,碳中和ETF华夏,指数型-股票,T+1,2026-08-12,20260812,2026-08-12T11:43:45+08:00,0.725,89286,6461901.7,1164733148,1164733148,2026-08-10
SZ159791,159791,SZ,300ESGETF华夏,指数型-股票,T+1,2026-08-12,20260812,2026-08-12T11:43:48+08:00,1.126,3560,399370.5,34999849,34999849,2026-08-10
SZ159793,159793,SZ,线上消费ETF平安,指数型-股票,T+1,2026-08-12,20260812,2026-08-12T11:43:51+08:00,0.83,12932,1072090.6,37149894,37149894,2026-08-10
SZ159795,159795,SZ,智能汽车ETF汇添富,指数型-股票,T+1,2026-08-12,20260812,2026-08-12T11:43:51+08:00,0.908,6942,628479.9,25577881,25577881,2026-08-10
SZ159796,159796,SZ,电池ETF汇添富,指数型-股票,T+1,2026-08-12,20260812,2026-08-12T11:43:33+08:00,0.895,994484,88674106.692,6167863430,6167863430,2026-08-10
SZ159797,159797,SZ,医疗器械ETF汇添富,指数型-股票,T+1,2026-08-12,20260812,2026-08-12T11:43:54+08:00,0.686,67898,4656936.9,275078624,275078624,2026-08-10
SZ159798,159798,SZ,消费ETF易方达,指数型-股票,T+1,2026-08-12,20260812,2026-08-12T11:43:36+08:00,0.862,120741,10452670.7,163129526,163129526,2026-08-10
SZ159800,159800,SZ,中证800ETF鹏华,指数型-股票,T+1,2026-08-12,20260812,2026-08-12T11:43:54+08:00,1.456,1271,184484.1,38928784,38928784,2026-08-10
SZ159801,159801,SZ,芯片ETF广发,指数型-股票,T+1,2026-08-12,20260812,2026-08-12T11:43:57+08:00,1.205,1153267,137544180.2,5240689908,5240689908,2026-08-10
SZ159804,159804,SZ,创中盘88ETF国寿,指数型-股票,T+1,2026-08-12,20260812,2026-08-12T11:43:57+08:00,1.684,210,35324.7,26775054,26775054,2026-08-10
SZ159805,159805,SZ,传媒ETF鹏华,指数型-股票,T+1,2026-08-12,20260812,2026-08-12T11:44:00+08:00,1.225,317825,38960810.6,318441788,318441788,2026-08-10
SZ159806,159806,SZ,新能源车ETF国泰,指数型-股票,T+1,2026-08-12,20260812,2026-08-12T11:44:03+08:00,0.735,118986,8745357.3,651275738,651275738,2026-08-10
SZ159807,159807,SZ,科技ETF易方达,指数型-股票,T+1,2026-08-12,20260812,2026-08-12T11:43:18+08:00,0.963,254300,24273954.1,850378521,850378521,2026-08-10
SZ159808,159808,SZ,创100ETF融通,指数型-股票,T+1,2026-08-12,20260812,2026-08-12T11:44:00+08:00,1.399,10219,1417558.1,72027221,72027221,2026-08-10
SZ159810,159810,SZ,创业板ETF浦银,指数型-股票,T+1,2026-08-12,20260812,2026-08-12T11:43:21+08:00,1.452,10383,1499095.6,83454365,83454365,2026-08-10
SZ159811,159811,SZ,5GETF博时,指数型-股票,T+1,2026-08-12,20260812,2026-08-12T11:44:06+08:00,3.044,63314,19064319.7,225083688,225083688,2026-08-10
SZ159813,159813,SZ,半导体ETF鹏华,指数型-股票,T+1,2026-08-12,20260812,2026-08-12T11:43:24+08:00,0.778,2339618,180242524.548,6947325994,6947325994,2026-08-10
SZ159814,159814,SZ,创业大盘ETF西部利得,指数型-股票,T+1,2026-08-12,20260812,2026-08-12T11:43:54+08:00,0.749,263057,19508234.1,374684649,374684649,2026-08-10
SZ159819,159819,SZ,人工智能ETF易方达,指数型-股票,T+1,2026-08-12,20260812,2026-08-12T11:43:42+08:00,1.847,1545774,283478832.27,21545679012,21545679012,2026-08-10
SZ159820,159820,SZ,中证500ETF天弘,指数型-股票,T+1,2026-08-12,20260812,2026-08-12T11:44:12+08:00,1.397,14901,2073039.7,1901887624,1901887624,2026-08-10
SZ159821,159821,SZ,创业板ETF中银证券,指数型-股票,T+1,2026-08-12,20260812,2026-08-12T11:43:15+08:00,1.359,9623,1301965.0,82518480,82518480,2026-08-10
SZ159824,159824,SZ,新能源车ETF博时,指数型-股票,T+1,2026-08-12,20260812,2026-08-12T11:43:27+08:00,1.126,2625,296139.1,93610089,93610089,2026-08-10
SZ159825,159825,SZ,农业ETF富国,指数型-股票,T+1,2026-08-12,20260812,2026-08-12T11:43:30+08:00,0.728,418986,30514515.3,1721048353,1721048353,2026-08-10
SZ159827,159827,SZ,农业ETF银华,指数型-股票,T+1,2026-08-12,20260812,2026-08-12T11:43:45+08:00,0.785,12505,982343.9,72782423,72782423,2026-08-10
SZ159828,159828,SZ,医疗ETF国泰,指数型-股票,T+1,2026-08-12,20260812,2026-08-12T11:43:21+08:00,0.438,560799,24594958.333,2120988468,2120988468,2026-08-10
SZ159835,159835,SZ,创新药ETF建信,指数型-股票,T+1,2026-08-12,20260812,2026-08-12T11:43:27+08:00,0.715,189575,13601492.5,279210463,279210463,2026-08-10
SZ159836,159836,SZ,创业板300ETF天弘,指数型-股票,T+1,2026-08-12,20260812,2026-08-12T11:43:33+08:00,1.326,4676,616028.9,145524672,145524672,2026-08-10
SZ159837,159837,SZ,生物科技ETF易方达,指数型-股票,T+1,2026-08-12,20260812,2026-08-12T11:43:30+08:00,0.525,591974,31207331.273,1512605237,1512605237,2026-08-10
SZ159838,159838,SZ,医药50ETF博时,指数型-股票,T+1,2026-08-12,20260812,2026-08-12T11:43:36+08:00,0.612,24518,1507094.4,143675239,143675239,2026-08-10
SZ159839,159839,SZ,生物医药ETF汇添富,指数型-股票,T+1,2026-08-12,20260812,2026-08-12T11:44:09+08:00,0.39,1009606,39518787.2,1050946716,1050946716,2026-08-10
SZ159840,159840,SZ,锂电池ETF工银,指数型-股票,T+1,2026-08-12,20260812,2026-08-12T11:43:33+08:00,0.795,352833,28043708.418,1607947004,1607947004,2026-08-10
SZ159841,159841,SZ,证券ETF天弘,指数型-股票,T+1,2026-08-12,20260812,2026-08-12T11:43:48+08:00,0.99,1124623,111286700.5,11981414016,11981414016,2026-08-10
SZ159842,159842,SZ,券商ETF银华,指数型-股票,T+1,2026-08-12,20260812,2026-08-12T11:43:51+08:00,1.039,1295893,134631685.8,9816732398,9816732398,2026-08-10
SZ159843,159843,SZ,食品饮料ETF招商,指数型-股票,T+1,2026-08-12,20260812,2026-08-12T11:44:12+08:00,0.557,47997,2678370.6,341694511,341694511,2026-08-10
SZ159845,159845,SZ,中证1000ETF华夏,指数型-股票,T+1,2026-08-12,20260812,2026-08-12T11:43:54+08:00,3.242,3501181,1129686620.458,10340117795,10340117795,2026-08-10
SZ159847,159847,SZ,医疗ETF易方达,指数型-股票,T+1,2026-08-12,20260812,2026-08-12T11:43:39+08:00,0.42,553847,23324005.0,1679086651,1679086651,2026-08-10
SZ159848,159848,SZ,证券ETF国联安,指数型-股票,T+1,2026-08-12,20260812,2026-08-12T11:43:15+08:00,0.87,11656,1013023.3,132945778,132945778,2026-08-10
SZ159849,159849,SZ,生物科技ETF招商,指数型-股票,T+1,2026-08-12,20260812,2026-08-12T11:43:36+08:00,0.533,18136,968746.876,87077487,87077487,2026-08-10
SZ159851,159851,SZ,金融科技ETF华宝,指数型-股票,T+1,2026-08-12,20260812,2026-08-12T11:43:18+08:00,0.64,1874121,119649269.146,6633538683,6633538683,2026-08-10
SZ159852,159852,SZ,软件ETF嘉实,指数型-股票,T+1,2026-08-12,20260812,2026-08-12T11:43:42+08:00,0.723,4934128,357334396.125,9337996106,9337996106,2026-08-10
SZ159855,159855,SZ,影视ETF银华,指数型-股票,T+1,2026-08-12,20260812,2026-08-12T11:43:57+08:00,0.778,156187,12142271.9,139981834,139981834,2026-08-10
SZ159856,159856,SZ,互联网龙头ETF工银,指数型-股票,T+1,2026-08-12,20260812,2026-08-12T11:43:57+08:00,0.609,8765,535043.6,211549840,211549840,2026-08-10
SZ159857,159857,SZ,光伏ETF天弘,指数型-股票,T+1,2026-08-12,20260812,2026-08-12T11:44:00+08:00,0.751,417850,31149176.7,1717924312,1717924312,2026-08-10
SZ159858,159858,SZ,创新药ETF南方,指数型-股票,T+1,2026-08-12,20260812,2026-08-12T11:44:03+08:00,0.742,418078,31109661.4,768784953,768784953,2026-08-10
SZ159859,159859,SZ,生物医药ETF天弘,指数型-股票,T+1,2026-08-12,20260812,2026-08-12T11:43:21+08:00,0.421,2263512,95445756.9,4596242240,4596242240,2026-08-10
SZ159861,159861,SZ,碳中和50ETF国泰,指数型-股票,T+1,2026-08-12,20260812,2026-08-12T11:43:42+08:00,1.069,4962,529968.1,103818645,103818645,2026-08-10
SZ159862,159862,SZ,食品饮料ETF银华,指数型-股票,T+1,2026-08-12,20260812,2026-08-12T11:44:06+08:00,0.56,20420,1149396.3,172200349,172200349,2026-08-10
SZ159863,159863,SZ,光伏ETF鹏华,指数型-股票,T+1,2026-08-12,20260812,2026-08-12T11:43:24+08:00,0.588,27461,1605732.6,179768864,179768864,2026-08-10
SZ159864,159864,SZ,光伏ETF国泰,指数型-股票,T+1,2026-08-12,20260812,2026-08-12T11:43:45+08:00,0.575,105491,6017786.7,368877928,368877928,2026-08-10
SZ159865,159865,SZ,养殖ETF国泰,指数型-股票,T+1,2026-08-12,20260812,2026-08-12T11:44:09+08:00,0.542,1774550,95917445.0,6440290909,6440290909,2026-08-10
SZ159867,159867,SZ,养殖ETF鹏华,指数型-股票,T+1,2026-08-12,20260812,2026-08-12T11:43:27+08:00,0.551,345965,19052526.0,938156624,938156624,2026-08-10
SZ159869,159869,SZ,游戏ETF华夏,指数型-股票,T+1,2026-08-12,20260812,2026-08-12T11:43:45+08:00,1.143,2387007,272671906.9,9324687781,9324687781,2026-08-10
SZ159870,159870,SZ,化工ETF鹏华,指数型-股票,T+1,2026-08-12,20260812,2026-08-12T11:43:48+08:00,0.823,1361139,112185888.074,15087324068,15087324068,2026-08-10
SZ159871,159871,SZ,有色ETF银华,指数型-股票,T+1,2026-08-12,20260812,2026-08-12T11:43:30+08:00,0.988,250506,24714501.0,1094439722,1094439722,2026-08-10
SZ159872,159872,SZ,智能网联汽车ETF鹏华,指数型-股票,T+1,2026-08-12,20260812,2026-08-12T11:43:33+08:00,0.854,5311,452735.7,49787971,49787971,2026-08-10
SZ159873,159873,SZ,医疗设备ETF天弘,指数型-股票,T+1,2026-08-12,20260812,2026-08-12T11:44:03+08:00,0.536,66726,3574102.6,265277120,265277120,2026-08-10
SZ159875,159875,SZ,新能源ETF嘉实,指数型-股票,T+1,2026-08-12,20260812,2026-08-12T11:44:12+08:00,0.616,326265,20013585.8,1646668344,1646668344,2026-08-10
SZ159876,159876,SZ,有色ETF华宝,指数型-股票,T+1,2026-08-12,20260812,2026-08-12T11:44:06+08:00,1.01,613140,61676650.3,1641024794,1641024794,2026-08-10
SZ159877,159877,SZ,医疗ETF南方,指数型-股票,T+1,2026-08-12,20260812,2026-08-12T11:43:15+08:00,0.524,93850,4901074.2,156567159,156567159,2026-08-10
SZ159880,159880,SZ,有色ETF鹏华,指数型-股票,T+1,2026-08-12,20260812,2026-08-12T11:43:18+08:00,0.997,261053,25938663.1,1237379731,1237379731,2026-08-10
SZ159881,159881,SZ,有色金属ETF国泰,指数型-股票,T+1,2026-08-12,20260812,2026-08-12T11:43:36+08:00,0.947,234762,22218868.8,178508710,178508710,2026-08-10
SZ159883,159883,SZ,医疗器械ETF永赢,指数型-股票,T+1,2026-08-12,20260812,2026-08-12T11:43:21+08:00,0.448,840492,37609814.2,4161936916,4161936916,2026-08-10
SZ159885,159885,SZ,碳中和ETF鹏华,指数型-股票,T+1,2026-08-12,20260812,2026-08-12T11:43:24+08:00,0.734,13719,1009286.8,181641010,181641010,2026-08-10
SZ159886,159886,SZ,机械ETF富国,指数型-股票,T+1,2026-08-12,20260812,2026-08-12T11:43:39+08:00,0.947,15840,1497176.9,63110500,63110500,2026-08-10
SZ159887,159887,SZ,银行ETF富国,指数型-股票,T+1,2026-08-12,20260812,2026-08-12T11:44:09+08:00,1.301,305902,39842812.838,743151954,743151954,2026-08-10
SZ159888,159888,SZ,智能汽车ETF华夏,指数型-股票,T+1,2026-08-12,20260812,2026-08-12T11:43:48+08:00,1.065,27193,2885458.0,77155062,77155062,2026-08-10
SZ159889,159889,SZ,智能汽车ETF国泰,指数型-股票,T+1,2026-08-12,20260812,2026-08-12T11:44:12+08:00,0.92,5558,510270.0,26128732,26128732,2026-08-10
SZ159890,159890,SZ,云计算ETF招商,指数型-股票,T+1,2026-08-12,20260812,2026-08-12T11:43:27+08:00,1.785,43939,7832115.3,418744378,418744378,2026-08-10
SZ159891,159891,SZ,医疗ETF建信,指数型-股票,T+1,2026-08-12,20260812,2026-08-12T11:43:30+08:00,0.392,177495,6948015.7,138385734,138385734,2026-08-10
SZ159895,159895,SZ,物联网ETF易方达,指数型-股票,T+1,2026-08-12,20260812,2026-08-12T11:43:54+08:00,1.43,11325,1608272.5,104735866,104735866,2026-08-10
SZ159896,159896,SZ,物联网ETF南方,指数型-股票,T+1,2026-08-12,20260812,2026-08-12T11:43:15+08:00,1.319,2030,264726.6,46238811,46238811,2026-08-10
SZ159898,159898,SZ,医疗器械ETF招商,指数型-股票,T+1,2026-08-12,20260812,2026-08-12T11:43:51+08:00,0.5,77402,3868431.7,483549416,483549416,2026-08-10
SZ159899,159899,SZ,软件ETF招商,指数型-股票,T+1,2026-08-12,20260812,2026-08-12T11:43:54+08:00,0.748,170362,12740567.3,698615341,698615341,2026-08-10
SZ159901,159901,SZ,深证100ETF易方达,指数型-股票,T+1,2026-08-12,20260812,2026-08-12T11:43:33+08:00,3.731,530780,197016899.3,3658748916,3658748916,2026-08-10
SZ159902,159902,SZ,中小100ETF华夏,指数型-股票,T+1,2026-08-12,20260812,2026-08-12T11:43:57+08:00,4.764,5831,2768596.3,349967485,349967485,2026-08-10
SZ159903,159903,SZ,深成ETF南方,指数型-股票,T+1,2026-08-12,20260812,2026-08-12T11:44:00+08:00,1.762,134928,23679845.2,757932250,757932250,2026-08-10
SZ159905,159905,SZ,红利ETF工银,指数型-股票,T+1,2026-08-12,20260812,2026-08-12T11:43:42+08:00,1.721,171546,29523485.8,1815558541,1815558541,2026-08-10
SZ159906,159906,SZ,深成长ETF大成,指数型-股票,T+1,2026-08-12,20260812,2026-08-12T11:43:18+08:00,1.785,25656,4550475.7,259966909,259966909,2026-08-10
SZ159907,159907,SZ,国证2000ETF广发,指数型-股票,T+1,2026-08-12,20260812,2026-08-12T11:43:57+08:00,1.084,33918,3664554.7,187746300,187746300,2026-08-10
SZ159908,159908,SZ,创业板ETF博时,指数型-股票,T+1,2026-08-12,20260812,2026-08-12T11:44:03+08:00,3.379,41876,14044500.8,1068537872,1068537872,2026-08-10
SZ159909,159909,SZ,TMT50ETF招商,指数型-股票,T+1,2026-08-12,20260812,2026-08-12T11:43:21+08:00,1.367,18479,2506990.3,719810254,719810254,2026-08-10
SZ159910,159910,SZ,基本面120ETF嘉实,指数型-股票,T+1,2026-08-12,20260812,2026-08-12T11:43:24+08:00,2.4,1653,396821.0,201374743,201374743,2026-08-10
SZ159912,159912,SZ,深300ETF汇添富,指数型-股票,T+1,2026-08-12,20260812,2026-08-12T11:44:06+08:00,1.987,2248,445268.4,136008145,136008145,2026-08-10
SZ159913,159913,SZ,深价值ETF交银,指数型-股票,T+1,2026-08-12,20260812,2026-08-12T11:44:00+08:00,2.48,507,125569.6,55377639,55377639,2026-08-10
SZ159915,159915,SZ,创业板ETF易方达,指数型-股票,T+1,2026-08-12,20260812,2026-08-12T11:44:09+08:00,3.627,8257633,2974405664.175,67369548430,67369548430,2026-08-10
SZ159916,159916,SZ,基本面ETF建信,指数型-股票,T+1,2026-08-12,20260812,2026-08-12T11:44:03+08:00,5.198,63,32531.8,221258271,221258271,2026-08-10
SZ159918,159918,SZ,中创400ETF嘉实,指数型-股票,T+1,2026-08-12,20260812,2026-08-12T11:44:06+08:00,2.579,3031,776655.2,78817500,78817500,2026-08-10
SZ159919,159919,SZ,沪深300ETF嘉实,指数型-股票,T+1,2026-08-12,20260812,2026-08-12T11:43:27+08:00,4.96,402669,199361660.904,31423171011,31423171011,2026-08-10
SZ159922,159922,SZ,中证500ETF嘉实,指数型-股票,T+1,2026-08-12,20260812,2026-08-12T11:44:09+08:00,3.276,284245,92641289.15,9194673092,9194673092,2026-08-10
SZ159923,159923,SZ,中证A100ETF大成,指数型-股票,T+1,2026-08-12,20260812,2026-08-12T11:43:39+08:00,2.221,13305,2947933.7,27286788,27286788,2026-08-10
SZ159925,159925,SZ,沪深300ETF南方,指数型-股票,T+1,2026-08-12,20260812,2026-08-12T11:43:42+08:00,4.821,49878,23972561.69,2800137385,2800137385,2026-08-10
SZ159928,159928,SZ,消费ETF汇添富,指数型-股票,T+1,2026-08-12,20260812,2026-08-12T11:43:45+08:00,0.68,3049240,207812356.456,16075627715,16075627715,2026-08-10
SZ159929,159929,SZ,医药ETF汇添富,指数型-股票,T+1,2026-08-12,20260812,2026-08-12T11:43:48+08:00,1.399,437171,61367781.3,2449235187,2449235187,2026-08-10
SZ159930,159930,SZ,能源ETF汇添富,指数型-股票,T+1,2026-08-12,20260812,2026-08-12T11:43:45+08:00,1.696,196897,33540757.1,914819252,914819252,2026-08-10
SZ159931,159931,SZ,金融地产ETF汇添富,指数型-股票,T+1,2026-08-12,20260812,2026-08-12T11:43:30+08:00,1.83,43,7860.2,32626175,32626175,2026-08-10
SZ159933,159933,SZ,金融地产ETF国投瑞银,指数型-股票,T+1,2026-08-12,20260812,2026-08-12T11:43:33+08:00,2.846,207,58918.7,103534472,103534472,2026-08-10
SZ159935,159935,SZ,中证500ETF景顺,指数型-股票,T+1,2026-08-12,20260812,2026-08-12T11:43:15+08:00,2.541,483,122406.6,67521881,67521881,2026-08-10
SZ159936,159936,SZ,可选消费ETF广发,指数型-股票,T+1,2026-08-12,20260812,2026-08-12T11:43:36+08:00,1.939,234,45334.4,209714666,209714666,2026-08-10
SZ159938,159938,SZ,医药ETF广发,指数型-股票,T+1,2026-08-12,20260812,2026-08-12T11:43:18+08:00,0.685,338275,23182177.2,5041303642,5041303642,2026-08-10
SZ159939,159939,SZ,信息技术ETF广发,指数型-股票,T+1,2026-08-12,20260812,2026-08-12T11:43:39+08:00,1.155,107300,12279172.0,967492809,967492809,2026-08-10
SZ159940,159940,SZ,金融地产ETF广发,指数型-股票,T+1,2026-08-12,20260812,2026-08-12T11:43:51+08:00,1.19,2293,273237.0,349931381,349931381,2026-08-10
SZ159943,159943,SZ,深证成指ETF大成,指数型-股票,T+1,2026-08-12,20260812,2026-08-12T11:43:54+08:00,1.593,80458,12756551.822,309408266,309408266,2026-08-10
SZ159944,159944,SZ,材料ETF广发,指数型-股票,T+1,2026-08-12,20260812,2026-08-12T11:43:51+08:00,1.541,8795,1353270.4,48708455,48708455,2026-08-10
SZ159945,159945,SZ,能源ETF广发,指数型-股票,T+1,2026-08-12,20260812,2026-08-12T11:43:57+08:00,1.361,12976,1770736.5,89924437,89924437,2026-08-10
SZ159948,159948,SZ,创业板ETF南方,指数型-股票,T+1,2026-08-12,20260812,2026-08-12T11:43:45+08:00,4.004,129663,51546225.1,4779565703,4779565703,2026-08-10
SZ159949,159949,SZ,创业板50ETF华安,指数型-股票,T+1,2026-08-12,20260812,2026-08-12T11:43:21+08:00,1.698,5749708,970142335.295,26491831079,26491831079,2026-08-10
SZ159952,159952,SZ,创业板ETF广发,指数型-股票,T+1,2026-08-12,20260812,2026-08-12T11:43:54+08:00,2.202,2178386,476234296.153,11682017423,11682017423,2026-08-10
SZ159956,159956,SZ,创业板ETF建信,指数型-股票,T+1,2026-08-12,20260812,2026-08-12T11:44:00+08:00,2.296,17071,3896671.1,107863036,107863036,2026-08-10
SZ159957,159957,SZ,创业板ETF华夏,指数型-股票,T+1,2026-08-12,20260812,2026-08-12T11:43:24+08:00,2.378,477229,112699534.544,2905403684,2905403684,2026-08-10
SZ159958,159958,SZ,创业板ETF工银,指数型-股票,T+1,2026-08-12,20260812,2026-08-12T11:43:27+08:00,2.185,25478,5528035.9,504323014,504323014,2026-08-10
SZ159959,159959,SZ,央企ETF银华,指数型-股票,T+1,2026-08-12,20260812,2026-08-12T11:43:30+08:00,1.647,671,110097.5,3012184755,3012184755,2026-08-10
SZ159961,159961,SZ,深100ETF方正富邦,指数型-股票,T+1,2026-08-12,20260812,2026-08-12T11:43:57+08:00,2.284,10368,2360069.3,228960028,228960028,2026-08-10
SZ159964,159964,SZ,创业板ETF平安,指数型-股票,T+1,2026-08-12,20260812,2026-08-12T11:43:33+08:00,2.371,11574,2730320.1,392357540,392357540,2026-08-10
SZ159965,159965,SZ,央视50ETF国联,指数型-股票,T+1,2026-08-12,20260812,2026-08-12T11:43:36+08:00,1.648,705,116276.1,36959619,36959619,2026-08-10
SZ159966,159966,SZ,创业板价值ETF华夏,指数型-股票,T+1,2026-08-12,20260812,2026-08-12T11:44:00+08:00,0.559,91205,5077639.2,357033032,357033032,2026-08-10
SZ159967,159967,SZ,创业板成长ETF华夏,指数型-股票,T+1,2026-08-12,20260812,2026-08-12T11:44:06+08:00,0.824,4488221,365629067.585,6023527225,6023527225,2026-08-10
SZ159968,159968,SZ,中证500ETF博时,指数型-股票,T+1,2026-08-12,20260812,2026-08-12T11:44:12+08:00,10.541,3990,4185059.9,684059228,684059228,2026-08-10
SZ159970,159970,SZ,深100ETF工银,指数型-股票,T+1,2026-08-12,20260812,2026-08-12T11:44:03+08:00,1.067,1227,129701.6,13090707,13090707,2026-08-10
SZ159971,159971,SZ,创业板ETF富国,指数型-股票,T+1,2026-08-12,20260812,2026-08-12T11:43:39+08:00,1.26,623892,78134060.3,2033665563,2033665563,2026-08-10
SZ159973,159973,SZ,民企ETF弘毅远方,指数型-股票,T+1,2026-08-12,20260812,2026-08-12T11:44:09+08:00,1.994,1847,366884.2,398752987,398752987,2026-08-10
SZ159974,159974,SZ,央企创新ETF富国,指数型-股票,T+1,2026-08-12,20260812,2026-08-12T11:44:12+08:00,1.802,4085,735542.5,71057224,71057224,2026-08-10
SZ159975,159975,SZ,深100ETF招商,指数型-股票,T+1,2026-08-12,20260812,2026-08-12T11:43:54+08:00,0.783,5974,466086.0,42624766,42624766,2026-08-10
SZ159976,159976,SZ,湾创ETF工银,指数型-股票,T+1,2026-08-12,20260812,2026-08-12T11:44:06+08:00,1.312,803,106098.4,85130264,85130264,2026-08-10
SZ159977,159977,SZ,创业板ETF天弘,指数型-股票,T+1,2026-08-12,20260812,2026-08-12T11:44:09+08:00,1.882,599179,112019249.792,6507716640,6507716640,2026-08-10
SZ159982,159982,SZ,中证500ETF鹏华,指数型-股票,T+1,2026-08-12,20260812,2026-08-12T11:43:57+08:00,2.163,39854,8585443.5,450360940,450360940,2026-08-10
SZ159991,159991,SZ,创业板大盘ETF招商,指数型-股票,T+1,2026-08-12,20260812,2026-08-12T11:43:15+08:00,0.854,35121,2972298.2,87674349,87674349,2026-08-10
SZ159992,159992,SZ,创新药ETF银华,指数型-股票,T+1,2026-08-12,20260812,2026-08-12T11:43:18+08:00,0.923,7294773,674546480.237,18390573151,18390573151,2026-08-10
SZ159993,159993,SZ,证券ETF鹏华,指数型-股票,T+1,2026-08-12,20260812,2026-08-12T11:43:21+08:00,1.175,380093,44692511.9,4002870131,4002870131,2026-08-10
SZ159994,159994,SZ,通信ETF银华,指数型-股票,T+1,2026-08-12,20260812,2026-08-12T11:44:00+08:00,1.288,1402213,178246239.818,4963956328,4963956328,2026-08-10
SZ159995,159995,SZ,芯片ETF华夏,指数型-股票,T+1,2026-08-12,20260812,2026-08-12T11:43:24+08:00,1.215,3947192,474879853.464,28401993032,28401993032,2026-08-10
SZ159996,159996,SZ,家电ETF国泰,指数型-股票,T+1,2026-08-12,20260812,2026-08-12T11:43:18+08:00,1.427,100457,14326413.475,671481768,671481768,2026-08-10
SZ159997,159997,SZ,电子ETF天弘,指数型-股票,T+1,2026-08-12,20260812,2026-08-12T11:43:15+08:00,2.194,302638,65698791.7,1600098768,1600098768,2026-08-10
SZ159998,159998,SZ,计算机ETF天弘,指数型-股票,T+1,2026-08-12,20260812,2026-08-12T11:43:27+08:00,1.013,499125,50499828.8,1604445480,1604445480,2026-08-10
