tree
version=v4
num_class=1
num_tree_per_iteration=1
label_index=0
max_feature_idx=359
objective=regression
feature_names=CLOSE59 CLOSE58 CLOSE57 CLOSE56 CLOSE55 CLOSE54 CLOSE53 CLOSE52 CLOSE51 CLOSE50 CLOSE49 CLOSE48 CLOSE47 CLOSE46 CLOSE45 CLOSE44 CLOSE43 CLOSE42 CLOSE41 CLOSE40 CLOSE39 CLOSE38 CLOSE37 CLOSE36 CLOSE35 CLOSE34 CLOSE33 CLOSE32 CLOSE31 CLOSE30 CLOSE29 CLOSE28 CLOSE27 CLOSE26 CLOSE25 CLOSE24 CLOSE23 CLOSE22 CLOSE21 CLOSE20 CLOSE19 CLOSE18 CLOSE17 CLOSE16 CLOSE15 CLOSE14 CLOSE13 CLOSE12 CLOSE11 CLOSE10 CLOSE9 CLOSE8 CLOSE7 CLOSE6 CLOSE5 CLOSE4 CLOSE3 CLOSE2 CLOSE1 CLOSE0 OPEN59 OPEN58 OPEN57 OPEN56 OPEN55 OPEN54 OPEN53 OPEN52 OPEN51 OPEN50 OPEN49 OPEN48 OPEN47 OPEN46 OPEN45 OPEN44 OPEN43 OPEN42 OPEN41 OPEN40 OPEN39 OPEN38 OPEN37 OPEN36 OPEN35 OPEN34 OPEN33 OPEN32 OPEN31 OPEN30 OPEN29 OPEN28 OPEN27 OPEN26 OPEN25 OPEN24 OPEN23 OPEN22 OPEN21 OPEN20 OPEN19 OPEN18 OPEN17 OPEN16 OPEN15 OPEN14 OPEN13 OPEN12 OPEN11 OPEN10 OPEN9 OPEN8 OPEN7 OPEN6 OPEN5 OPEN4 OPEN3 OPEN2 OPEN1 OPEN0 HIGH59 HIGH58 HIGH57 HIGH56 HIGH55 HIGH54 HIGH53 HIGH52 HIGH51 HIGH50 HIGH49 HIGH48 HIGH47 HIGH46 HIGH45 HIGH44 HIGH43 HIGH42 HIGH41 HIGH40 HIGH39 HIGH38 HIGH37 HIGH36 HIGH35 HIGH34 HIGH33 HIGH32 HIGH31 HIGH30 HIGH29 HIGH28 HIGH27 HIGH26 HIGH25 HIGH24 HIGH23 HIGH22 HIGH21 HIGH20 HIGH19 HIGH18 HIGH17 HIGH16 HIGH15 HIGH14 HIGH13 HIGH12 HIGH11 HIGH10 HIGH9 HIGH8 HIGH7 HIGH6 HIGH5 HIGH4 HIGH3 HIGH2 HIGH1 HIGH0 LOW59 LOW58 LOW57 LOW56 LOW55 LOW54 LOW53 LOW52 LOW51 LOW50 LOW49 LOW48 LOW47 LOW46 LOW45 LOW44 LOW43 LOW42 LOW41 LOW40 LOW39 LOW38 LOW37 LOW36 LOW35 LOW34 LOW33 LOW32 LOW31 LOW30 LOW29 LOW28 LOW27 LOW26 LOW25 LOW24 LOW23 LOW22 LOW21 LOW20 LOW19 LOW18 LOW17 LOW16 LOW15 LOW14 LOW13 LOW12 LOW11 LOW10 LOW9 LOW8 LOW7 LOW6 LOW5 LOW4 LOW3 LOW2 LOW1 LOW0 VWAP59 VWAP58 VWAP57 VWAP56 VWAP55 VWAP54 VWAP53 VWAP52 VWAP51 VWAP50 VWAP49 VWAP48 VWAP47 VWAP46 VWAP45 VWAP44 VWAP43 VWAP42 VWAP41 VWAP40 VWAP39 VWAP38 VWAP37 VWAP36 VWAP35 VWAP34 VWAP33 VWAP32 VWAP31 VWAP30 VWAP29 VWAP28 VWAP27 VWAP26 VWAP25 VWAP24 VWAP23 VWAP22 VWAP21 VWAP20 VWAP19 VWAP18 VWAP17 VWAP16 VWAP15 VWAP14 VWAP13 VWAP12 VWAP11 VWAP10 VWAP9 VWAP8 VWAP7 VWAP6 VWAP5 VWAP4 VWAP3 VWAP2 VWAP1 VWAP0 VOLUME59 VOLUME58 VOLUME57 VOLUME56 VOLUME55 VOLUME54 VOLUME53 VOLUME52 VOLUME51 VOLUME50 VOLUME49 VOLUME48 VOLUME47 VOLUME46 VOLUME45 VOLUME44 VOLUME43 VOLUME42 VOLUME41 VOLUME40 VOLUME39 VOLUME38 VOLUME37 VOLUME36 VOLUME35 VOLUME34 VOLUME33 VOLUME32 VOLUME31 VOLUME30 VOLUME29 VOLUME28 VOLUME27 VOLUME26 VOLUME25 VOLUME24 VOLUME23 VOLUME22 VOLUME21 VOLUME20 VOLUME19 VOLUME18 VOLUME17 VOLUME16 VOLUME15 VOLUME14 VOLUME13 VOLUME12 VOLUME11 VOLUME10 VOLUME9 VOLUME8 VOLUME7 VOLUME6 VOLUME5 VOLUME4 VOLUME3 VOLUME2 VOLUME1 VOLUME0
feature_infos=[-5.4038181304931641:12.207799911499023] [-5.4630842208862305:12.317498207092285] [-5.552156925201416:12.828096389770508] [-5.543860912322998:11.230463981628418] [-5.5617179870605469:11.448848724365234] [-5.6241564750671387:11.414474487304688] [-5.6825575828552246:9.6098718643188477] [-5.657966136932373:9.3752841949462891] [-5.5993099212646484:11.028009414672852] [-5.6313424110412598:11.904008865356445] [-5.6268739700317383:14.104987144470215] [-5.6736459732055664:14.119842529296875] [-5.6078968048095703:13.772034645080566] [-5.3474845886230469:16.204652786254883] [-5.2347016334533691:13.829370498657227] [-5.2960891723632812:14.420330047607422] [-5.4409685134887695:12.201403617858887] [-5.6576046943664551:11.266861915588379] [-5.748682975769043:10.175777435302734] [-5.7619786262512207:9.7804374694824219] [-5.837033748626709:8.7506103515625] [-5.7729997634887695:8.6125421524047852] [-5.8598322868347168:10.193233489990234] [-5.8949131965637207:12.366391181945801] [-6.0229306221008301:12.926149368286133] [-6.1776113510131836:15.240093231201172] [-6.156036376953125:12.846419334411621] [-6.1175355911254883:13.303590774536133] [-6.2611255645751953:15.902070999145508] [-6.491330623626709:18.839191436767578] [-6.5942034721374512:22.150033950805664] [-6.6824989318847656:25.889287948608398] [-6.9009256362915039:22.514554977416992] [-6.7733120918273926:19.431056976318359] [-6.7470202445983887:18.610666275024414] [-6.8720340728759766:19.165328979492188] [-6.9760775566101074:17.714389801025391] [-7.0796875953674316:15.677718162536621] [-7.4749898910522461:14.608213424682617] [-7.5138611793518066:16.016225814819336] [-7.5265936851501465:16.216730117797852] [-7.7491507530212402:15.659536361694336] [-8.1944398880004883:16.027450561523438] [-8.3186569213867188:14.761478424072266] [-8.5568714141845703:13.908934593200684] [-8.3141460418701172:16.388105392456055] [-7.9301848411560059:15.731110572814941] [-7.6629085540771484:14.221858024597168] [-8.3242588043212891:15.788053512573242] [-9.2431402206420898:16.472049713134766] [-9.4991426467895508:15.732405662536621] [-9.9160194396972656:13.491730690002441] [-10.473063468933105:13.854236602783203] [-10.937721252441406:16.66523551940918] [-11.082827568054199:18.256818771362305] [-12.073580741882324:15.396571159362793] [-13.290007591247559:13.083724975585938] [-12.771224975585938:11.748091697692871] [-9.9642553329467773:14.820465087890625] [0:1] [-5.3939027786254883:10.705911636352539] [-5.3801994323730469:10.959723472595215] [-5.4286031723022461:11.38120174407959] [-5.5680313110351562:10.736789703369141] [-5.5342550277709961:10.087675094604492] [-5.558952808380127:10.053220748901367] [-5.594970703125:9.4435482025146484] [-5.6583342552185059:9.4323110580444336] [-5.6505732536315918:9.6716413497924805] [-5.5674500465393066:9.3488006591796875] [-5.6290454864501953:12.511114120483398] [-5.6344051361083984:12.523300170898438] [-5.6714987754821777:12.193946838378906] [-5.5976228713989258:14.438279151916504] [-5.3190979957580566:13.691545486450195] [-5.2324051856994629:12.763317108154297] [-5.3199162483215332:12.066287040710449] [-5.4853944778442383:10.058550834655762] [-5.6640167236328125:9.9871940612792969] [-5.7586402893066406:8.426274299621582] [-5.7868266105651855:8.7311592102050781] [-5.8147773742675781:7.4692435264587402] [-5.7806525230407715:8.3741331100463867] [-5.8425917625427246:10.789878845214844] [-5.8936858177185059:11.296235084533691] [-6.0248398780822754:13.41217041015625] [-6.1962108612060547:12.685262680053711] [-6.1465163230895996:11.593866348266602] [-6.1146559715270996:13.187936782836914] [-6.2870941162109375:16.678976058959961] [-6.497774600982666:19.713329315185547] [-6.5631170272827148:23.145591735839844] [-6.6829066276550293:22.194005966186523] [-6.9077982902526855:19.136722564697266] [-6.6785674095153809:16.363210678100586] [-6.7857351303100586:15.58949089050293] [-6.9262762069702148:17.248769760131836] [-6.9641542434692383:15.060530662536621] [-7.1025972366333008:15.738567352294922] [-7.4681973457336426:13.973452568054199] [-7.478858470916748:15.671545028686523] [-7.5521197319030762:15.950857162475586] [-7.7583436965942383:15.710830688476562] [-8.1823797225952148:16.01679801940918] [-8.4201278686523438:14.733643531799316] [-8.4783000946044922:13.729578971862793] [-8.1252670288085938:16.373483657836914] [-7.763270378112793:15.379834175109863] [-7.6675534248352051:14.280837059020996] [-8.3767480850219727:15.992692947387695] [-9.5014057159423828:16.661792755126953] [-9.5703029632568359:14.481954574584961] [-9.9364843368530273:13.725786209106445] [-10.522650718688965:10.901738166809082] [-10.901007652282715:13.379806518554688] [-11.103601455688477:13.903392791748047] [-12.210824012756348:11.473542213439941] [-13.163003921508789:14.136837959289551] [-12.045253753662109:13.387150764465332] [-11.330784797668457:12.531469345092773] [-5.3820013999938965:12.364547729492188] [-5.4294228553771973:12.475584030151367] [-5.4694676399230957:12.552258491516113] [-5.5374393463134766:11.467157363891602] [-5.5535435676574707:11.189560890197754] [-5.5764822959899902:11.157842636108398] [-5.6358404159545898:9.7485008239746094] [-5.6567521095275879:9.3603830337524414] [-5.5977020263671875:10.770561218261719] [-5.5960569381713867:11.628432273864746] [-5.6298618316650391:13.794612884521484] [-5.6596841812133789:13.809728622436523] [-5.5593347549438477:13.465097427368164] [-5.357581615447998:15.858750343322754] [-5.1834869384765625:13.516513824462891] [-5.2806301116943359:14.091922760009766] [-5.2730488777160645:11.90185546875] [-5.5345115661621094:11.404111862182617] [-5.6715240478515625:10.971304893493652] [-5.6430082321166992:10.426162719726562] [-5.8330845832824707:9.5054302215576172] [-5.7179265022277832:8.9862470626831055] [-5.8336644172668457:9.9189023971557617] [-5.8502101898193359:12.057721138000488] [-5.9448437690734863:12.601513862609863] [-6.107874870300293:14.864160537719727] [-6.0690827369689941:12.517831802368164] [-6.1017847061157227:12.972479820251465] [-6.1716437339782715:15.531359672546387] [-6.3130483627319336:18.409242630004883] [-6.5198044776916504:21.656618118286133] [-6.6459999084472656:25.317371368408203] [-6.7865829467773438:22.012430191040039] [-6.7773442268371582:18.976459503173828] [-6.7013201713562012:18.154861450195312] [-6.8188552856445312:19.343141555786133] [-6.9306292533874512:18.877908706665039] [-6.9270119667053223:18.2635498046875] [-7.1876015663146973:15.764147758483887] [-7.4516735076904297:15.993157386779785] [-7.4186992645263672:16.368352890014648] [-7.6636042594909668:16.003454208374023] [-7.9494142532348633:15.889026641845703] [-8.0757808685302734:15.958135604858398] [-8.4526987075805664:14.689020156860352] [-8.303074836730957:15.909083366394043] [-7.8713383674621582:16.440237045288086] [-7.6260838508605957:15.491005897521973] [-7.8991255760192871:15.217290878295898] [-8.7483577728271484:16.283535003662109] [-9.3180007934570312:17.49163818359375] [-9.6569833755493164:14.919129371643066] [-10.237624168395996:14.029580116271973] [-10.729340553283691:15.869563102722168] [-10.871740341186523:17.252283096313477] [-11.412809371948242:14.353494644165039] [-12.802080154418945:12.82408332824707] [-12.023353576660156:17.571023941040039] [-8.8332920074462891:16.732889175415039] [-0.9664994478225708:18.069639205932617] [-5.3964767456054688:10.970551490783691] [-5.4396467208862305:10.572331428527832] [-5.5276446342468262:11.663507461547852] [-5.5864782333374023:11.011089324951172] [-5.5761957168579102:10.352532386779785] [-5.5853433609008789:10.316717147827148] [-5.6677336692810059:9.7006664276123047] [-5.6882305145263672:9.3147363662719727] [-5.6582484245300293:9.9389581680297852] [-5.6039600372314453:9.6126041412353516] [-5.6928701400756836:12.835577011108398] [-5.6788039207458496:12.846935272216797] [-5.6773409843444824:12.513778686523438] [-5.6048955917358398:14.802810668945312] [-5.320920467376709:14.052196502685547] [-5.2982311248779297:13.111536979675293] [-5.3839902877807617:12.409426689147949] [-5.8174047470092773:10.36540412902832] [-5.784174919128418:9.5021562576293945] [-5.832496166229248:8.678898811340332] [-5.8793540000915527:8.1166858673095703] [-5.8299708366394043:7.4885468482971191] [-5.8449859619140625:8.3379850387573242] [-5.86358642578125:11.115287780761719] [-6.1381864547729492:11.634455680847168] [-6.2772350311279297:13.802389144897461] [-6.2678170204162598:13.060978889465332] [-6.1760926246643066:11.949478149414062] [-6.2078957557678223:13.344522476196289] [-6.4379968643188477:17.147287368774414] [-6.6149802207946777:20.259696960449219] [-6.6496763229370117:23.773187637329102] [-6.8508658409118652:22.798303604125977] [-6.9366893768310547:19.675657272338867] [-6.7643942832946777:16.856267929077148] [-6.8079290390014648:16.073888778686523] [-7.0642623901367188:16.587459564208984] [-6.9945707321166992:15.523313522338867] [-7.3730998039245605:13.628948211669922] [-7.5600848197937012:14.123520851135254] [-7.5175132751464844:15.707470893859863] [-7.7112398147583008:15.520206451416016] [-8.0361595153808594:15.831537246704102] [-8.2219562530517578:14.843610763549805] [-8.5500802993774414:13.949758529663086] [-8.6501235961914062:13.985755920410156] [-8.3596582412719727:15.620052337646484] [-7.8853812217712402:13.975187301635742] [-8.4686384201049805:13.39249324798584] [-8.9124746322631836:15.623690605163574] [-9.8203353881835938:15.20835018157959] [-9.9615106582641602:13.049732208251953] [-10.32017707824707:10.72990894317627] [-10.724518775939941:10.996842384338379] [-11.284056663513184:13.600567817687988] [-11.82917594909668:15.071050643920898] [-13.020894050598145:12.20367431640625] [-14.091683387756348:9.2834072113037109] [-17.09532356262207:9.2433996200561523] [-18.621809005737305:0.97749477624893188] [-5.4039878845214844:11.250247001647949] [-5.4382061958312988:11.140832901000977] [-5.5047149658203125:12.130561828613281] [-5.5697188377380371:10.811211585998535] [-5.5674295425415039:10.79209041595459] [-5.5975079536437988:10.758352279663086] [-5.6568036079406738:9.5577478408813477] [-5.6772289276123047:9.3146648406982422] [-5.6385312080383301:10.375532150268555] [-5.6120061874389648:10.64986515045166] [-5.6572656631469727:13.342713356018066] [-5.6746344566345215:13.356831550598145] [-5.6420350074768066:13.01786994934082] [-5.4896707534790039:15.364109039306641] [-5.2056975364685059:13.80452823638916] [-5.2899789810180664:13.63185977935791] [-5.3154764175415039:12.174280166625977] [-5.6374177932739258:10.149846076965332] [-5.7320928573608398:10.191084861755371] [-5.7643313407897949:9.0887775421142578] [-5.8503236770629883:8.7674388885498047] [-5.8003559112548828:8.075596809387207] [-5.8468437194824219:8.9648656845092773] [-5.8804669380187988:11.617894172668457] [-6.0177435874938965:12.15272331237793] [-6.1657099723815918:14.375732421875] [-6.191983699798584:12.817586898803711] [-6.1559233665466309:12.484643936157227] [-6.2097978591918945:14.530891418457031] [-6.4042263031005859:17.823141098022461] [-6.5801353454589844:21.013839721679688] [-6.6600465774536133:24.623151779174805] [-6.8311100006103516:22.463642120361328] [-6.8759355545043945:19.379465103149414] [-6.7502989768981934:17.56739616394043] [-6.8503098487854004:16.717073440551758] [-7.0050268173217773:17.691045761108398] [-7.0236339569091797:16.211967468261719] [-7.318967342376709:15.018354415893555] [-7.5370831489562988:15.103734970092773] [-7.5262660980224609:16.079132080078125] [-7.7127366065979004:15.877166748046875] [-8.0319108963012695:15.961054801940918] [-8.2521495819091797:15.501462936401367] [-8.5525264739990234:14.423134803771973] [-8.4979753494262695:15.106385231018066] [-8.1349296569824219:16.172042846679688] [-7.7380094528198242:14.902035713195801] [-8.1132259368896484:14.802522659301758] [-8.9047470092773438:16.255861282348633] [-9.6422586441040039:16.468313217163086] [-9.8980913162231445:14.0672607421875] [-10.386066436767578:12.226994514465332] [-10.776379585266113:12.778707504272461] [-11.225838661193848:13.92197322845459] [-11.705896377563477:15.008130073547363] [-13.201790809631348:12.156516075134277] [-13.247754096984863:12.385733604431152] [-12.01241397857666:11.325177192687988] [-11.108595848083496:11.345650672912598] [-0.023151803761720657:320.79556274414062] [-0.023552883416414261:342.58062744140625] [-0.024514675140380859:319.25338745117188] [-0.025893921032547951:317.08056640625] [-0.025641471147537231:420.46987915039062] [-0.036820705980062485:162.91561889648438] [-0.019704068079590797:399.36898803710938] [-0.027579342946410179:149.06684875488281] [-0.032341785728931427:158.35102844238281] [-0.029248002916574478:155.65849304199219] [-0.026169661432504654:319.512939453125] [-0.024268930777907372:351.22409057617188] [-0.02471037395298481:370.87823486328125] [-0.022950077429413795:385.64321899414062] [-0.022395225241780281:386.80337524414062] [-0.023825481534004211:379.16131591796875] [-0.015462658368051052:198.29983520507812] [-0.023323949426412582:336.31124877929688] [-0.015774592757225037:234.04183959960938] [-0.018414083868265152:277.28448486328125] [-0.025623979046940804:413.89871215820312] [-0.026942715048789978:458.59365844726562] [-0.022823723033070564:376.15072631835938] [-0.03072655200958252:352.529052734375] [-0.026520777493715286:444.79776000976562] [-0.02059701643884182:385.6285400390625] [-0.026999535039067268:455.86917114257812] [-0.022171834483742714:371.3687744140625] [-0.016349649056792259:462.75802612304688] [-0.024673076346516609:413.50241088867188] [-0.018979929387569427:379.58163452148438] [-0.014445589855313301:267.478759765625] [-0.035802990198135376:390.68917846679688] [-0.019427074119448662:289.63323974609375] [-0.022304005920886993:333.93392944335938] [-0.02372928149998188:377.6591796875] [-0.0097173424437642097:539.491455078125] [-0.022759448736906052:340.16921997070312] [-0.010578911751508713:525.3720703125] [-0.020813301205635071:412.00271606445312] [-0.013653680682182312:173.86936950683594] [-0.011283853091299534:463.11029052734375] [-0.01480985339730978:225.16484069824219] [-0.017652995884418488:297.6595458984375] [-0.0095784598961472511:300.578857421875] [-0.011939272284507751:485.23876953125] [-0.017059490084648132:362.34173583984375] [-0.016829557716846466:191.77696228027344] [-0.012630914337933064:359.11703491210938] [-0.013145782984793186:433.60562133789062] [-0.018381858244538307:396.68478393554688] [-0.0091012157499790192:187.41542053222656] [-0.019375069066882133:449.85595703125] [-0.033517889678478241:157.14990234375] [-0.011998369358479977:467.15005493164062] [-0.010289213620126247:490.4542236328125] [-0.019199203699827194:267.81991577148438] [-0.018684670329093933:212.38313293457031] [-0.047170400619506836:526.06732177734375] [0:1]
tree_sizes=3084 3028 3092 3026 3082 3116 3072 3073 3073 3070 3064 3068 3050 3012 3079 3133 3084 3063 3057 3122 3057 3096 3087 3058 3067 3038 3104 3087 3105 3043 3076 3079 3099 3118 3108 3085 3025 3057 3119 3122 3067 3109 3062 3041 3119 3079 3093 3095 3064 3075 3048 3077 3101 3049 3090 3034 3116 3092 3113 3089 3101 3093 3064 3096 3070 2966 3081 3071

Tree=0
num_leaves=31
num_cat=0
split_feature=93 102 53 29 55 148 58 39 278 216 168 225 37 111 43 356 254 51 85 13 118 233 227 79 253 161 10 347 236 234
split_gain=171.476 127.741 130.531 117.85 111.178 131.096 102.197 100.249 85.517 73.3406 90.3151 64.2201 64.5403 62.0974 61.6863 60.8885 57.9306 44.5981 44.5765 44.4043 42.5679 135.852 59.9751 39.0965 56.0282 36.658 33.444 33.1553 32.2553 32.1904
threshold=2.2657831907272343 0.033249439671635635 -1.941828668117523 -2.840608954429626 1.6099676489830019 -1.9577066302299497 -1.0948480963706968 -1.664020776748657 -2.2463110685348506 -0.44672083854675287 -1.9280104041099546 0.23852100968360904 -2.2426397800445552 -0.13334622979164121 2.2723252773284917 -0.01151772867888212 0.036843588575720794 0.16039144992828372 0.32431037724018102 1.0880360007286074 1.4103743433952334 0.90793839097023021 1.3670228719711306 0.18109723925590518 1.6082147955894472 0.230297826230526 -0.23592343181371686 -0.0082563115283846838 0.6614699959754945 -0.24353368580341336
decision_type=2 2 2 2 2 2 2 2 2 2 2 2 2 2 2 2 2 2 2 2 2 2 2 2 2 2 2 2 2 2
left_child=1 2 3 7 9 13 16 -1 -8 11 -11 12 -4 29 20 -5 28 -12 -13 -17 22 -22 -10 -2 -25 27 -18 -7 -3 -6
right_child=23 6 4 15 5 25 8 -9 14 10 17 18 -14 -15 -16 19 26 -19 -20 -21 21 -23 -24 24 -26 -27 -28 -29 -30 -31
leaf_value=-0.012158248775654469 0.016598861549294363 -0.0077149643305952052 0.0032671084992339089 0.0014999371185542901 0.0024896557995438781 0.0057809427399117862 0.014338320546564112 0.011818686267501845 -0.00069280118647738718 0.015213816126985216 0.0015092559653210216 -0.0057268726472799319 -0.00020016576615961986 1.9243802379271666e-09 0.0045429770032629057 -0.0046603560277062132 0.013069004133499736 -0.00010971085255599659 0.010862225740452357 0.010047421768929792 -0.0075476575993690337 -2.4295892863101068e-05 0.00179626024326022 -0.00066016401920913795 0.0068276297390835175 -0.010036932017852043 -0.0022998632492936652 -0.0013383189269848064 0.0027482593605671897 0.024604148887740367
leaf_weight=1630 283 3149 5181 3538 108 1881 326 145 107168 394 60485 2472 67573 187 2058 3672 105 20049 125 164 3254 6588 9408 1135 3283 160 6636 755 235 487
leaf_count=1630 283 3149 5181 3538 108 1881 326 145 107168 394 60485 2472 67573 187 2058 3672 105 20049 125 164 3254 6588 9408 1135 3283 160 6636 755 235 487
internal_value=5.6448e-06 -8.03816e-05 0.000472492 -0.00300268 0.000673612 0.00589624 -0.000755088 -0.00992258 -0.00052394 0.000551381 0.00117871 -0.000118533 4.34554e-05 0.0166695 -0.000566213 -0.00127408 -0.00365916 0.00110256 -0.00473685 -0.0039049 -0.000652465 -0.00255238 -0.000489081 0.00568071 0.00484208 0.00267959 -0.00197815 0.00363418 -0.00688834 0.0212894
internal_weight=312634 307933 169006 9149 159857 3578 138927 1775 128802 156279 80928 75351 72754 782 128476 7374 10125 80534 2597 3836 126418 9842 116576 4701 4418 2796 6741 2636 3384 595
internal_count=312634 307933 169006 9149 159857 3578 138927 1775 128802 156279 80928 75351 72754 782 128476 7374 10125 80534 2597 3836 126418 9842 116576 4701 4418 2796 6741 2636 3384 595
is_linear=0
shrinkage=1


Tree=1
num_leaves=31
num_cat=0
split_feature=270 171 257 173 276 90 159 184 298 68 179 205 169 58 147 180 50 236 227 204 234 193 337 119 31 157 58 164 267 178
split_gain=162.832 135.816 108.857 108.552 150.144 111.132 101.586 96.8724 89.098 88.6478 85.7757 85.5235 84.781 84.0293 145.486 83.359 74.1781 67.0355 62.05 60.9609 59.0862 59.0656 58.5018 55.4158 53.9421 53.1618 69.3919 51.1288 50.3512 49.8322
threshold=2.2791340351104741 0.22922936826944354 1.6107350587844851 -1.843771696090698 -2.7791996002197261 -2.8344250917434688 -0.98828747868537892 -2.6337194442749019 -0.6979011297225951 -1.3717399239540098 0.70040065050125133 -1.0904318094253538 -2.5312583446502681 1.4016189575195315 -0.96447589993476857 -2.582733035087585 0.77498340606689464 -0.92636102437973011 1.3670228719711306 -0.37966999411582941 -2.0454828739166255 1.5988177061080935 -0.015253016259521244 0.51284661889076244 0.68774142861366283 -0.2457933574914932 -1.0948480963706968 0.1281973943114281 2.286649346351624 0.55726805329322826
decision_type=2 2 2 2 2 2 2 2 2 2 2 2 2 2 2 2 2 2 2 2 2 2 2 2 2 2 2 2 2 2
left_child=1 2 3 5 10 6 -1 -6 16 11 22 13 -9 -10 -15 27 17 -3 24 -17 -12 -2 -5 -7 -11 26 -18 -13 -20 -26
right_child=21 8 -4 4 7 23 -8 12 9 18 20 15 -14 14 -16 19 25 -19 28 -21 -22 -23 -24 -25 29 -27 -28 -29 -30 -31
leaf_value=-0.011689611339454599 0 -0.010264731308998768 0.0062794740780248194 -0.00051363734882451111 -0.0061280853469985784 -0.0024580594436729298 0.015861032530064545 0.0091145355505841234 -0.0023424225492933329 -0.00064615000647877364 0 0.033734332735310062 0.00039989080987215601 0.014278212928256222 -0.015890802356077292 0.0085967239762244005 0.014741018917185201 -0.0034657064479663453 0.0013838256849531192 -0.0011341393260853522 0.019511528622772906 0.0076135816039679055 0.011974479915224042 0.0039636731808709337 -0.0012183187480265989 -0.0019117143434568057 -0.0019841712391233455 0.003874936921921159 -0.0080639378850182047 -0.0040485086725237478
leaf_weight=1615 1290 1876 2776 981 2012 6396 104 994 3090 53853 138 147 179908 694 154 1457 412 5139 13104 865 674 3397 463 1444 14429 4538 398 120 501 9641
leaf_count=1615 1290 1876 2776 981 2012 6396 104 994 3090 53853 138 147 179908 694 154 1457 412 5139 13104 865 674 3397 463 1444 14429 4538 398 120 501 9641
internal_value=1.0089e-05 -7.35949e-05 0.000396431 0.000310387 0.000472819 -0.00279923 -0.00968703 0.000375772 -0.000916967 -0.000610264 0.00813709 0.00275156 0.000450436 0 0.00821388 0.00696427 -0.00332039 -0.00535061 -0.000853827 0.00486492 0.0159261 0.00554858 0.00339448 -0.00123004 -0.00118197 -0.000591441 0.00631173 0.0225649 0.00100257 -0.0023668
internal_weight=312610 307923 197505 194729 185170 9559 1719 182914 110418 98055 2256 6527 180902 3938 848 2589 12363 7015 91528 2322 812 4687 1444 7840 77923 5348 810 267 13605 24070
internal_count=312610 307923 197505 194729 185170 9559 1719 182914 110418 98055 2256 6527 180902 3938 848 2589 12363 7015 91528 2322 812 4687 1444 7840 77923 5348 810 267 13605 24070
is_linear=0
shrinkage=0.03


Tree=2
num_leaves=31
num_cat=0
split_feature=93 102 173 90 99 55 208 158 58 130 119 194 64 70 171 111 74 160 105 54 145 43 111 115 206 239 5 92 280 219
split_gain=157.533 124.113 134.389 95.4816 126.909 86.0429 142.584 84.71 78.3863 81.7438 69.0489 67.1717 63.1821 71.8618 61.365 55.7457 47.2243 51.94 46.6887 69.9853 46.035 45.8386 45.0373 42.541 56.245 40.4754 42.443 33.6534 32.1928 31.4205
threshold=2.2657831907272343 0.033249439671635635 -1.5730328559875486 -2.8344250917434688 -0.93373927474021901 1.6099676489830019 -1.7747614979743955 -2.1906810998916622 -1.0948480963706968 -0.51647192239761341 2.4947931766510014 1.4328464269638064 -2.6213757991790767 -1.1457706689834593 0.22922936826944354 0.72305703163146984 1.0063751339912417 -0.70846417546272267 -2.1378610134124751 -1.9176560640335081 1.2129920721054079 2.2723252773284917 -0.42420125007629389 -1.3190408349037168 -1.0947355628013609 0.50506177544593822 2.2297930717468266 0.79468089342117321 -0.068889025598764406 0.34644438326358801
decision_type=2 2 2 2 2 2 2 2 2 2 2 2 2 2 2 2 2 2 2 2 2 2 2 2 2 2 2 2 2 2
left_child=1 2 3 4 18 11 15 22 9 -9 16 12 13 -4 -14 -7 17 -5 19 -1 27 23 -3 28 -25 26 -23 -11 -10 -22
right_child=-2 7 5 10 -6 6 -8 8 21 20 -12 -13 14 -15 -16 -17 -18 -19 -20 -21 29 25 -24 24 -26 -27 -28 -29 -30 -31
leaf_value=-0.010674433916474274 0.0054573178690554306 -0.00065335238825355187 -0.0055297975514370275 -0.0010835787962877512 0.017523167702602222 0.016917509592302298 0.0011110350749288565 -0.0097510279422317967 0.014426265826237133 -0.0019369373357625873 0.0093668528805473852 0.007233033789275453 0.00089534327980640282 0.017508525281046315 -0.00070558678626666562 -0.0010415832647185559 0.0065444911746186689 -0.0061073851883322568 -0.017750417051734912 0.004507929352299391 0.012953658055523599 0.0094592305342303656 0.019606563783075921 -0.0049404149747998916 -0.00064991886748135854 -0.0014439629739249078 -0.0044189100972621392 -0.0068836318028937587 0.001969437346974523 0.00019999307941783606
leaf_weight=1027 4650 108 2289 8425 133 945 2414 1530 200 4435 495 1347 122152 104 25936 146 544 2447 583 325 176 1086 261 2820 121046 728 197 1880 2209 2062
leaf_count=1027 4650 108 2289 8425 133 945 2414 1530 200 4435 495 1347 122152 104 25936 146 544 2447 583 325 176 1086 261 2820 121046 728 197 1880 2209 2062
internal_value=-1.02644e-05 -9.412e-05 0.000449842 -0.0023606 -0.0083062 0.000704967 0.00534943 -0.000760087 -0.000801321 -0.00335215 -0.00129098 0.000595082 0.000532717 -0.0042674 0.000612875 0.0142687 -0.00179492 -0.00225099 -0.0103961 -0.00679366 -0.00215241 -0.000598002 0.0131769 -0.000671841 -0.000750802 0.00385176 0.00706294 -0.00347403 0.0032374 0.00144168
internal_weight=312700 308050 169312 13979 2068 155333 3505 138738 138369 10083 11911 151828 150481 2393 148088 1091 11416 10872 1935 1352 8553 128286 369 126275 123866 2011 1283 6315 2409 2238
internal_count=312700 308050 169312 13979 2068 155333 3505 138738 138369 10083 11911 151828 150481 2393 148088 1091 11416 10872 1935 1352 8553 128286 369 126275 123866 2011 1283 6315 2409 2238
is_linear=0
shrinkage=0.03


Tree=3
num_leaves=31
num_cat=0
split_feature=93 102 53 39 208 39 178 199 178 165 37 296 56 205 93 280 113 290 116 179 177 79 56 109 296 42 231 13 79 259
split_gain=174.257 118.752 120.776 97.9926 93.3501 90.9403 89.379 91.9466 76.2493 69.0494 67.7721 113.421 93.3438 65.2751 95.6914 64.4687 54.3708 53.7203 51.2026 48.7211 52.2756 42.6106 40.6713 52.1954 37.25 40.4002 36.5269 36.2808 35.32 33.4093
threshold=2.2657831907272343 0.033249439671635635 -1.941828668117523 -1.4737052917480467 -2.8585528135299678 -1.664020776748657 2.8008755445480351 -1.4728024601936338 -0.98807638883590687 0.70992523431777965 -2.2426397800445552 -2.4329835176467891 -1.4489977359771726 -1.1939253211021421 0.4256704598665238 0.49096728861331945 -1.3268579244613645 -0.88078856468200672 0.72831216454505932 0.99446263909339916 0.83409708738327037 0.2189925014972687 -0.33543276786804194 -2.6363557577133174 -0.7872822880744933 0.57468378543853771 -0.75059774518012989 1.0880360007286074 -0.75186514854431141 0.45601882040500646
decision_type=2 2 2 2 2 2 2 2 2 2 2 2 2 2 2 2 2 2 2 2 2 2 2 2 2 2 2 2 2 2
left_child=1 2 4 26 5 -1 9 18 -5 10 12 -12 -4 14 15 -10 21 -18 -8 20 27 -15 28 -24 -11 -26 -3 -6 -21 -2
right_child=29 3 6 8 19 -7 7 -9 13 24 11 -13 -14 16 -16 -17 17 -19 -20 22 -22 -23 23 -25 25 -27 -28 -29 -30 -31
leaf_value=-0.01175600399335211 0.01541246094835185 0 -0.002992535881533879 -0.0033915949054654708 -0.0027471036661625889 0.010656597664240933 0.00056269516738409063 0 -0.0034741814270457701 -0.012379242736424734 0.012702978150765817 0.00045768839766125027 0.0063147843263860913 -0.0016777854907315775 0.016715757515424829 -0.014351370118875287 -0.0054567337861193919 -0.00050124397620210262 0.019200920499097326 0.0088531146549221586 -0.01714539678151912 0.0083752383440038533 0.000680584136399205 -0.020220490550119919 -0.0033314491664315888 0.011333301845356563 0.017832621145155547 0.0084934583562158647 -0.0016873143065509249 0.0048843979140938904
leaf_weight=1490 311 102 1226 9620 5285 153 215 742 1968 391 666 149318 3901 506 144 703 1996 122424 585 918 207 1068 435 113 2755 153 329 241 341 4362
leaf_count=1490 311 102 1226 9620 5285 153 215 742 1968 391 666 149318 3901 506 144 703 1996 122424 585 918 207 1068 435 113 2755 153 329 241 341 4362
internal_value=-2.43778e-05 -0.000112746 0.000419845 -0.000763583 -0.00291656 -0.00938543 0.000613607 0.00776943 -0.000810996 0.000541085 0.000634277 0.00051575 0.00402789 -0.000615441 -0.00512922 -0.0065339 -0.000511414 -0.000584017 0.0146936 -0.00144618 -0.00282437 0.00497475 0.00274518 -0.00366137 -0.00372762 -0.00238528 0.0131602 -0.00217393 0.00578194 0.00571169
internal_weight=312668 307995 169135 138860 9183 1643 159952 1542 138429 158410 155111 149984 5127 128809 2815 2671 125994 124420 800 7540 5733 1574 1807 548 3299 2908 431 5526 1259 4673
internal_count=312668 307995 169135 138860 9183 1643 159952 1542 138429 158410 155111 149984 5127 128809 2815 2671 125994 124420 800 7540 5733 1574 1807 548 3299 2908 431 5526 1259 4673
is_linear=0
shrinkage=0.03


Tree=4
num_leaves=31
num_cat=0
split_feature=93 161 53 210 178 199 39 151 5 9 37 296 217 117 60 119 224 112 172 158 161 111 119 80 352 117 295 117 299 64
split_gain=150.297 99.7227 123.463 99.7238 92.5662 86.3096 80.4056 75.3705 146.843 72.7874 66.9395 91.5419 87.1444 76.8141 69.7108 65.9751 64.8281 80.3057 62.4032 61.6662 80.8866 51.7838 49.0749 40.4282 36.2997 33.2382 36.9784 33.0444 40.9037 30.2906
threshold=2.2657831907272343 0.099660832434892668 -1.941828668117523 -2.8677129745483394 2.8008755445480351 -0.93361738324165333 -1.664020776748657 -0.14277484267950055 -2.6405571699142452 -0.89758750796318043 -2.2426397800445552 -2.4329835176467891 -0.81365734338760365 -2.4546438455581661 0.606052726507187 -1.1738752126693723 1.12979131937027 0.33206208050251013 -0.70008245110511769 -2.1906810998916622 0.77886450290679943 0.37059572339057928 2.4947931766510014 -0.071981716901063905 -0.012481377925723789 -0.064997673034667955 -1.0021968483924864 -0.16277395188808438 0.15315598249435428 -1.2648134231567381
decision_type=2 2 2 2 2 2 2 2 2 2 2 2 2 2 2 2 2 2 2 2 2 2 2 2 2 2 2 2 2 2
left_child=1 2 3 6 10 -6 -1 19 -9 15 13 -12 -13 18 -15 -10 17 -11 -4 -3 -21 -18 25 -17 -2 26 -5 -22 -29 -24
right_child=24 7 4 22 5 -7 -8 8 9 16 11 12 -14 14 -16 23 21 -19 -20 20 27 -23 29 -25 -26 -27 -28 28 -30 -31
leaf_value=-0.011411342138502508 0.0087063031525379982 0.013483838558378742 0.003555309995469387 -0.0018782469226027217 0.013117903898742166 -0.00089872163886407222 0.010258793741057161 0.025517837309923311 -0.0086649748065663282 -0.00014050399210533025 0.011152714487303787 -0.00089331028115318713 0.00070000079678663178 0.003857626024523973 0.021726326954486064 0.0024848347159270308 0.0043368710759354463 -0.0020171096051893136 -0.017841318851101327 -0.0018618886687059098 -0.0022712605323249985 0.00014930203524250895 0 0.0096074923883322349 0.0030153856802555405 -0.0080257677779214266 0.0087914815791533332 -0.014792097404950154 -0.0051765639388012333 0.014925405370221707
leaf_weight=1626 1802 185 185 5919 983 586 140 175 354 42103 684 41152 122630 5186 195 3198 3077 40724 241 13581 903 20041 234 1000 2906 763 280 861 1040 230
leaf_count=1626 1802 185 185 5919 983 586 140 175 354 42103 684 41152 122630 5186 195 3198 3077 40724 241 13581 903 20041 234 1000 2906 763 280 861 1040 230
internal_value=-2.23721e-05 -0.000104732 0.000346484 -0.00303233 0.000529297 0.00774867 -0.00942982 -0.000749012 -0.00046296 -0.000511433 0.00046011 0.000346092 0.000297772 0.00362557 0.00463876 0.00318354 -0.000673592 -0.00106707 -0.00813396 -0.00263862 -0.00285516 0.000722899 -0.00144939 0.00429015 0.00528467 -0.00211997 -0.00132135 -0.00751252 -0.00979646 0.00766423
internal_weight=312984 308276 181034 9192 171842 1569 1766 127242 110672 110497 170273 164466 163782 5807 5381 4552 105945 82827 426 16570 16385 23118 7426 4198 4708 6962 6199 2804 1901 464
internal_count=312984 308276 181034 9192 171842 1569 1766 127242 110672 110497 170273 164466 163782 5807 5381 4552 105945 82827 426 16570 16385 23118 7426 4198 4708 6962 6199 2804 1901 464
is_linear=0
shrinkage=0.03


Tree=5
num_leaves=31
num_cat=0
split_feature=270 102 114 222 215 167 158 227 49 55 50 273 207 47 103 94 39 98 223 52 287 236 298 57 193 117 298 128 177 210
split_gain=158.053 89.7779 90.8277 91.2239 172.293 93.4248 87.8923 81.5235 76.762 73.4607 105.945 87.0709 80.7072 72.1049 108.702 70.0887 63.4026 61.6619 65.947 61.2963 60.2147 53.4949 48.0984 48.0495 44.7233 44.1134 43.8449 69.4675 52.5537 43.1534
threshold=2.2791340351104741 0.033249439671635635 -1.325835585594177 -2.8146123886108394 -2.8516216278076167 -1.4455710649490354 -2.1906810998916622 -0.24328497797250745 -1.9813269376754759 1.6099676489830019 0.83520287275314342 -0.80562439560890187 -2.0262428522109981 -2.0280541181564327 -1.2938710451126096 -0.57751551270484913 -1.9106271862983701 -1.9350119829177854 -0.78465154767036427 -1.4689385294914243 1.0674993991851809 0.80425101518630993 0.88594657182693493 -0.14152514189481732 1.5988177061080935 -1.9210991263389585 -0.50059881806373585 -0.82700404524803151 -1.1045148372650144 -2.8677129745483394
decision_type=2 2 2 2 2 2 2 2 2 2 2 2 2 2 2 2 2 2 2 2 2 2 2 2 2 2 2 2 2 2
left_child=1 2 3 8 5 -5 -3 15 29 11 12 17 -11 14 -6 -8 -15 18 -4 -9 -10 -19 23 -13 -2 -7 28 -28 -21 -1
right_child=24 6 9 4 13 25 7 19 20 10 -12 22 -14 16 -16 -17 -18 21 -20 26 -22 -23 -24 -25 -26 -27 27 -29 -30 -31
leaf_value=-0.013832674845741818 0.00041967278022186932 0.013624707549715821 0.0028729269602298614 0.0017797080195813843 0.00014180884130533515 0.034252890819202984 -0.0094149705359313756 0.0084677370538948672 0.0046319881117150696 0.015559385222265647 -0.0029312822085139755 0.00048967719532219331 0.0039945540165830058 -0.0079175484079959443 0.014175053258588756 -0.0021825461530818068 -0.0014746572931554948 -0.0015889840839981731 -0.0083392662046091297 0.0010021043155124388 -0.01768088262838622 0.0028562700902325924 -0.0011096678573966224 0.0018454725674022156 0.007283103140434035 0.0057640528341157318 0.0025058331227584708 -0.00049267174758111851 -0.0026167388766019867 -0.0044415167958546794
leaf_weight=1057 1275 364 5984 319 3265 197 1376 662 711 876 1052 47884 1698 1562 576 11371 12835 29918 482 4522 106 2590 8973 47764 3357 112 7451 96722 15901 1001
leaf_count=1057 1275 364 5984 319 3265 197 1376 662 711 876 1052 47884 1698 1562 576 11371 12835 29918 482 4522 106 2590 8973 47764 3357 112 7451 96722 15901 1001
internal_value=-1.88626e-05 -0.00010289 0.00035995 -0.00144504 -0.000665628 0.0145016 -0.0006702 -0.000712046 -0.00641602 0.0006287 0.00484408 0.000519506 0.00813564 -0.00121964 0.00238647 -0.00300029 -0.0022045 -0.00068609 0.00196774 -0.000476345 0.00102532 -0.00122406 0.000971534 0.0011701 0.0054683 0.0258168 -0.000527625 -0.000274884 -0.00180059 -0.00949595
internal_weight=311963 307331 168962 21741 18866 628 138369 138005 2875 147221 3626 143595 2574 18238 3841 12747 14397 38974 6466 125258 817 32508 104621 95648 4632 309 124596 104173 20423 2058
internal_count=311963 307331 168962 21741 18866 628 138369 138005 2875 147221 3626 143595 2574 18238 3841 12747 14397 38974 6466 125258 817 32508 104621 95648 4632 309 124596 104173 20423 2058
is_linear=0
shrinkage=0.03


Tree=6
num_leaves=31
num_cat=0
split_feature=16 102 173 158 55 28 58 198 172 216 285 43 40 37 119 179 57 8 128 118 115 37 167 52 230 177 50 236 111 315
split_gain=111.504 78.4304 101.994 86.4481 82.8805 117.965 74.5392 75.7533 71.3397 65.1545 67.7921 62.0962 55.4846 78.0295 52.5188 51.8822 78.8619 51.3055 49.4018 53.5319 47.6124 46.6626 46.0674 42.335 43.3705 76.2434 41.6455 40.7517 40.7234 35.2828
threshold=2.283372282981873 0.033249439671635635 -1.5730328559875486 -2.1906810998916622 1.6099676489830019 -1.9839016795158384 -0.91664034128189076 -0.15205373615026471 -1.1651620268821714 -0.36419813334941858 0.34001040458679205 2.2723252773284917 -2.2209105491638179 -2.2426397800445552 0.86166703701019298 1.1177181601524355 0.3748860508203507 0.86716812849044811 1.4302000999450686 -0.25793717801570887 -2.4709970951080318 -0.32279703021049494 0.095252342522144332 2.3867914676666264 2.2165079116821294 2.0655933618545537 0.83520287275314342 0.70553126931190502 -0.27155584096908564 -1.0000000180025095e-35
decision_type=2 2 2 2 2 2 2 2 2 2 2 2 2 2 2 2 2 2 2 2 2 2 2 2 2 2 2 2 2 2
left_child=1 2 8 -3 9 28 7 27 12 10 17 29 15 -14 -15 16 -1 -4 19 -11 -2 -10 -12 24 -22 -26 -7 -5 -6 -8
right_child=20 3 4 6 5 26 11 -9 21 18 22 -13 13 14 -16 -17 -18 -19 -20 -21 23 -23 -24 -25 25 -27 -28 -29 -30 -31
leaf_value=-0.0047994839217907117 0.020113068608964075 0.013664978939725335 0.00016803259953270506 -0.0079614416089895043 0.020115600864588534 0.004903976596876412 -0.00071721327360756799 -0.001527836457115899 -0.015343457741109888 -3.7535943977121045e-05 0.0033346771751466969 0.004308081656184088 0.0126053209869032 -0.001622134059893773 0.0064324051342819896 0 -0.02101643441778149 -0.0048524658271758368 0.0069298900422312248 0.001652881022474644 0.0032180597555798497 0.00073034104357600654 -0.0065201278664535111 0.0086658795807937773 0.0029537296850725798 -0.024004869364275067 -0.0026462488933797022 0.0048690586567741549 0.0035068685690502581 0.000754700241850589
leaf_weight=2278 163 359 74573 2799 527 1696 106034 10614 556 26782 467 2421 384 7982 772 1375 311 1857 1292 43974 2792 176 2288 1229 196 133 994 199 252 16799
leaf_count=2278 163 359 74573 2799 527 1696 106034 10614 556 26782 467 2421 384 7982 772 1375 311 1857 1292 43974 2792 176 2288 1229 196 133 994 199 252 16799
internal_value=-1.08556e-05 -8.06059e-05 0.000353532 -0.000608273 0.000575829 0.00515593 -0.000649295 -0.00275998 -0.00210794 0.000468119 -0.000122448 -0.000417118 -0.00156292 -0.000239496 -0.000864583 -0.00452193 -0.00700868 4.08892e-05 0.0011212 0.00100897 0.00465891 -0.0111631 -0.00472954 0.00392177 0.00191482 -0.00783593 0.0020044 -0.00698376 0.0153406 -0.000513378
internal_weight=312274 307761 168536 139225 154702 3469 138866 13612 13834 151233 79185 125254 13102 9138 8754 3964 2589 76430 72048 70756 4513 732 2755 4350 3121 329 2690 2998 779 122833
internal_count=312274 307761 168536 139225 154702 3469 138866 13612 13834 151233 79185 125254 13102 9138 8754 3964 2589 76430 72048 70756 4513 732 2755 4350 3121 329 2690 2998 779 122833
is_linear=0
shrinkage=0.03


Tree=7
num_leaves=31
num_cat=0
split_feature=270 171 68 257 291 274 55 186 227 297 176 179 55 54 293 58 233 209 176 171 230 179 42 118 96 0 101 193 117 128
split_gain=112.002 106.68 113.323 103.395 99.5557 127.661 92.0461 143.719 183.702 80.0191 76.71 65.228 104.815 102.002 87.7284 64.1102 63.7401 62.6942 60.6334 56.1575 61.4408 55.8153 52.2491 51.462 50.3869 50.3294 49.0171 48.1068 47.0608 45.901
threshold=2.2791340351104741 0.22922936826944354 -2.6661781072616573 1.6107350587844851 -2.5540453195571895 -0.94754660129547108 0.48801551759243017 -2.3090564012527461 -0.27850790321826929 -0.062288405373692506 -2.2040364742279048 0.61939164996147167 1.892138719558716 -0.93081447482109059 -0.74160405993461598 -0.47423978149890894 0.59401947259902965 -2.0136842727661128 1.0066096186637881 1.3217246532440188 0.16152784973382953 0.88027280569076549 -2.1868258714675899 -1.0908746719360349 -2.7943917512893672 -2.2665079832077022 -0.52156049013137806 1.5988177061080935 -0.37181918323040003 -0.76915079355239857
decision_type=2 2 2 2 2 2 2 2 2 2 2 2 2 2 2 2 2 2 2 2 2 2 2 2 2 2 2 2 2 2
left_child=1 2 4 11 22 10 15 8 9 -8 -6 13 14 18 -13 19 -15 -14 -4 20 -3 29 -1 -5 -12 -23 -7 -2 -28 -17
right_child=27 6 3 23 5 26 7 -9 -10 -11 24 12 17 16 -16 21 -18 -19 -20 -21 -22 25 -24 -25 -26 -27 28 -29 -30 -31
leaf_value=-0.0091062992291533317 -6.0318797471063375e-05 -0.0090002591564346777 -0.0011908469258133051 -0.0012829501347018863 0.018323111937691768 -0.02001920282917731 -0.02058488141076115 -0.00019338008304208292 0.019447881803246522 0.0036483403228990295 0.0086755672663285498 0.0038726601699681216 0.023712326505161339 0.0006691942673911946 0.00012443817456074405 0.0021897817185974307 -0.0029126838303020846 0.0038136539622868233 -0.015652729212535348 0.0015907539107434083 -0.003165654187213597 -0.015453948530534136 -0.030233077942630495 0.0084366737621721817 -0.0031285102147762807 -0.0031628981120976445 0.0029326824049088589 0.0065325790380347699 -0.012381853348537775 -0.0010644201633199458
leaf_weight=540 1287 2042 32842 563 214 347 147 56663 742 405 421 8811 290 128235 15943 4425 4586 362 247 1633 9940 323 157 2128 1222 4398 293 3349 350 29643
leaf_count=540 1287 2042 32842 563 214 347 147 56663 742 405 421 8811 290 128235 15943 4425 4586 362 247 1633 9940 323 157 2128 1222 4398 293 3349 350 29643
internal_value=2.6745e-05 -4.2119e-05 0.00037421 0.000472956 -0.00491955 -0.00226107 -0.000790017 2.88182e-05 0.00984182 -0.0027747 0.00225249 0.000388805 0.00180498 0.000169944 0.00147275 -0.00170101 0.000542842 0.013553 -0.00131725 -0.00348067 -0.00419834 -0.00106714 -0.0149941 0.00629805 0 -0.00412875 -0.0109014 0.00464549 -0.00507294 -0.000631903
internal_weight=312548 307912 197551 194007 3544 2847 110361 57957 1294 552 1857 191316 25406 165910 24754 52404 132821 652 33089 13615 11982 38789 697 2691 1643 4721 990 4636 643 34068
internal_count=312548 307912 197551 194007 3544 2847 110361 57957 1294 552 1857 191316 25406 165910 24754 52404 132821 652 33089 13615 11982 38789 697 2691 1643 4721 990 4636 643 34068
is_linear=0
shrinkage=0.03


Tree=8
num_leaves=31
num_cat=0
split_feature=270 171 53 36 203 239 287 185 296 54 7 108 250 246 58 208 100 118 33 30 12 179 108 21 2 31 298 168 281 201
split_gain=129.789 92.7422 100.241 119.57 100.565 88.8298 92.6738 77.8479 111.886 74.8409 85.171 74.3955 80.9962 101.401 71.0388 67.975 201.825 64.4233 59.0202 52.0413 85.5658 48.3837 47.4299 84.2233 77.1752 71.7132 45.954 62.2579 44.6523 115.637
threshold=2.2791340351104741 0.22922936826944354 -1.6520075798034666 -2.2514375448226924 1.4315205216407778 -2.4933224916458125 -0.31710937619209284 -2.3008817434310909 1.8985693454742434 -0.38722479343414301 -1.5049553513526914 1.4277473092079165 -0.96969437599182118 -2.2971744537353511 2.413504004478455 -2.8585528135299678 -1.9175364971160886 1.0531226396560671 -2.8173137903213497 -0.95526185631752003 0.93291816115379345 0.78687191009521495 1.2878724932670595 -0.63504210114479054 0.42287719249725347 0.68774142861366283 -0.34909786283969874 0.73710709810256969 -1.8861743211746214 -1.1059288978576658
decision_type=2 2 2 2 2 2 2 2 2 2 2 2 2 2 2 2 2 2 2 2 2 2 2 2 2 2 2 2 2 2
left_child=1 2 15 5 7 -4 21 8 -5 26 11 12 14 -14 -11 16 -1 -9 -18 28 -21 -7 25 -24 -25 -12 -3 -28 29 -17
right_child=-2 9 3 4 -6 6 -8 17 -10 10 22 -13 13 -15 -16 19 18 -19 -20 20 -22 -23 23 24 -26 -27 27 -29 -30 -31
leaf_value=-0.011709217128501004 0.0049627363099051794 -0.0058464788466424649 -0.0065981753146033264 -0.0054053575512967066 0.0055350757916946425 0.0062966421189234118 -0.0015930525715359383 0.00050735312533168187 0.019004025308993356 -0.00018441078056413831 -0.00047992524460776273 0.011902312846005144 0.037545543505299477 0 0.013754796993005304 0.00033328929806530514 0.022950896054174597 -0.0022670023179704574 -0.0012962963213948042 -0.0052985306009860024 0.0034029011390880131 0.01484505983476881 -0.0077787195865686894 0.0037487510277651489 -0.00042081683580104086 -0.0024571098171756707 0.0017614396789413728 -0.0063130043886590629 0.0033506595534267777 -0.01484704559579768
leaf_weight=1610 4662 4030 456 3324 3338 2066 844 164173 154 4719 54839 717 104 110 331 3553 199 7843 113 4503 1253 1022 985 6345 10440 23952 2335 1309 2882 492
leaf_count=1610 4662 4030 456 3324 3338 2066 844 164173 154 4719 54839 717 104 110 331 3553 199 7843 113 4503 1253 1022 985 6345 10440 23952 2335 1309 2882 492
internal_value=4.48964e-06 -6.98937e-05 0.000317571 0.000509619 0.000387451 0.00539615 0.00688941 0.000287211 -0.00413631 -0.000768001 -0.000550314 0.0029074 0.00158503 0.0188945 0.000720712 -0.00206857 -0.00732862 0.000378865 0.0137164 -0.00123755 -0.00334719 0.00929966 -0.000768149 0.000620654 0.00114008 -0.00108526 -0.00362881 -0.00107582 0.000476863 -0.00150328
internal_weight=312703 308041 197825 183220 178832 4388 3932 175494 3478 110216 102542 5981 5264 214 5050 14605 1922 172016 312 12683 5756 3088 96561 17770 16785 78791 7674 3644 6927 4045
internal_count=312703 308041 197825 183220 178832 4388 3932 175494 3478 110216 102542 5981 5264 214 5050 14605 1922 172016 312 12683 5756 3088 96561 17770 16785 78791 7674 3644 6927 4045
is_linear=0
shrinkage=0.03


Tree=9
num_leaves=31
num_cat=0
split_feature=77 161 53 55 267 90 39 64 239 32 96 254 242 53 113 279 269 271 5 161 225 14 119 341 57 73 119 239 200 167
split_gain=119.726 85.1903 99.7806 95.3477 113.456 82.338 73.2504 72.6335 65.7053 67.6369 65.5097 63.2361 61.6272 57.9802 101.983 95.0774 58.3268 51.23 124.319 69.4068 69.4059 63.8259 53.8206 49.0861 47.5638 46.8064 44.7966 48.5021 43.7624 41.4686
threshold=1.8615873456001284 0.099660832434892668 -1.941828668117523 1.4241281747817995 -1.9971025586128233 -2.8344250917434688 -1.664020776748657 -2.6213757991790767 -2.4933224916458125 -1.9816440343856809 -0.73960843682289112 1.2986254096031191 -2.608883142471313 -0.16433376818895337 1.8913128376007082 1.0416663885116579 1.6144549250602724 -0.17827847599983213 -2.6405571699142452 0.77886450290679943 -0.7167467176914214 -0.75629451870918263 -0.88388413190841664 -0.0078195477835834009 -1.2960143089294431 -1.0408708453178404 -1.300597012042999 0.35637432336807257 -0.43146015703678126 -1.1852138042449949
decision_type=2 2 2 2 2 2 2 2 2 2 2 2 2 2 2 2 2 2 2 2 2 2 2 2 2 2 2 2 2 2
left_child=1 2 5 7 -5 6 -1 8 -4 -10 29 12 -9 24 15 26 -16 19 -19 -3 -21 22 25 -23 -2 -20 -15 -28 -25 -7
right_child=13 17 3 4 -6 10 -8 11 9 -11 -12 -13 -14 14 16 -17 -18 18 21 20 -22 23 -24 28 -26 -27 27 -29 -30 -31
leaf_value=-0.010398102433516068 0 -0.001299861448355141 0.0061344189846290502 0.013515899684179293 0.002184406274109416 -0.00058250228064483239 0.010027691877060912 0.012683680180777193 0.00050565615364375814 -0.010902164206715225 -0.0061962667817984183 0.0061019863848269847 0.00036637447348309012 0.021356393626774661 -0.0041358529981314548 -0.0034964900378256247 0.0083042004424136642 0.025308627337051023 -0.011628173587605692 0.0086743706911306898 -0.0079048744892997336 -0.0011306342117635777 0.0041506497448240238 -0.0043230690617411301 0.010968084568864301 0.0034778127096598667 -0.0021601607598888224 0.0095212883364214317 0.00048380458474718492 0.0072814072850585169
leaf_weight=1638 528 12469 368 1013 3952 4815 144 348 639 1329 1792 1756 161727 140 347 3173 2427 148 379 215 2665 66873 4195 1767 1385 288 580 603 34222 665
leaf_count=1638 528 12469 368 1013 3952 4815 144 348 639 1329 1792 1756 161727 140 347 3173 2427 148 379 215 2665 66873 4195 1767 1385 288 580 603 34222 665
internal_value=3.05043e-05 -7.07731e-05 0.000343816 0.000507791 0.00460148 -0.00271675 -0.00848808 0.000383129 -0.00483601 -0.00707937 -0.00124195 0.000459959 0.000396234 0.0034022 0.00211124 -0.000622587 0.00662223 -0.000679418 -0.000445001 -0.00230464 -0.00651245 -0.000487859 0.00285262 -0.000649194 0.00808045 -0.00475761 0.00599605 0.00360405 0.000237194 0.000340248
internal_weight=312590 303407 180186 171132 4965 9054 1782 166167 2336 1968 7272 163831 162075 9183 7270 4496 2774 123221 107872 15349 2880 107724 4862 102862 1913 667 1323 1183 35989 5480
internal_count=312590 303407 180186 171132 4965 9054 1782 166167 2336 1968 7272 163831 162075 9183 7270 4496 2774 123221 107872 15349 2880 107724 4862 102862 1913 667 1323 1183 35989 5480
is_linear=0
shrinkage=0.03


Tree=10
num_leaves=31
num_cat=0
split_feature=29 102 53 228 218 27 118 238 168 222 96 58 25 52 217 238 223 79 193 90 286 287 296 193 286 113 91 122 53 102
split_gain=108.842 86.4979 97.2348 77.566 71.6026 69.2435 71.1076 107.868 69.6913 69.1523 67.7677 64.5929 80.0488 56.4514 53.5858 80.5517 67.3917 52.6379 52.4949 52.2592 50.4458 48.4529 47.1083 45.6216 45.5553 42.9045 67.1053 58.5499 40.8798 50.1245
threshold=2.2762687206268315 0.033249439671635635 -1.941828668117523 -2.0818377733230586 -2.7922694683074947 -2.8372268676757808 -0.12672738730907437 1.39457243680954 -1.9280104041099546 -2.8146123886108394 -1.1206939816474912 -1.0009354352951048 1.3148864507675173 -1.6626223921775816 -0.81365734338760365 1.6135054230690005 -0.43375235795974726 0.50055524706840526 -1.0543795824050901 1.0855892300605776 -1.7466068267822263 -1.23229444026947 -2.4329835176467891 1.5988177061080935 0.065224673599004759 -0.066606368869543062 1.1824187040328982 0.42147853970527654 -0.80272105336189259 1.1539214849472048
decision_type=2 2 2 2 2 2 2 2 2 2 2 2 2 2 2 2 2 2 2 2 2 2 2 2 2 2 2 2 2 2
left_child=1 2 9 5 -3 8 20 -8 13 -1 21 12 18 -4 15 16 -5 -12 -6 22 -7 -11 -16 -2 -13 26 -26 -27 -14 -30
right_child=23 4 3 14 11 6 7 -9 -10 10 17 24 28 -15 19 -17 -18 -19 -20 -21 -22 -23 -24 -25 25 27 -28 -29 29 -31
leaf_value=-0.0071197058087808761 -0.00022342547780723504 0.014457231813269498 0.0018224538761933218 -0.00022772175851366449 -0.010735412555568135 0.011127678368510188 -0.0014057434166012712 0.021447978579963091 0.011429985908114096 7.0772343929610383e-05 -0.0069800435199423886 -0.0016128992760239015 -0.0065259946164062475 -0.015497704883991497 0.012820684645463551 0.0073533253554227329 -0.0039805407431940717 0.0026753331435882422 -0.0031639367536543225 -0.0040815977887303017 0 0.010325814879240553 0.00084064896450311848 0.0063708612613953917 0.00043016061749027822 0.00023618114913977068 0.0059472372411387264 -0.001360755965656335 0.010064968758792269 0
leaf_weight=2297 1188 261 236 37899 946 1994 1627 188 178 3663 2117 24710 354 386 280 1134 4875 603 8802 1908 493 457 108681 3366 16419 46437 2266 36845 745 1127
leaf_count=2297 1188 261 236 37899 946 1994 1627 188 178 3663 2117 24710 354 386 280 1134 4875 603 8802 1908 493 457 108681 3366 16419 46437 2266 36845 745 1127
internal_value=-1.2283e-06 -7.042e-05 0.000384295 0.000557975 -0.000625813 0.00419706 0.00572877 0.00100595 -0.00361266 -0.00261657 -0.00104425 -0.00065845 -0.00276769 -0.00860673 0.000435553 -0.000446958 -0.000664105 -0.00472614 -0.0039499 0.000787781 0.00902027 0.00132514 0.000876534 0.00459157 -0.000456303 -0.000172818 0.00112092 -0.00046688 0.00226491 0.00413726
internal_weight=312482 307928 169016 159879 138912 5102 4302 1815 800 9137 6840 138651 11974 622 154777 43908 42774 2720 9748 110869 2487 4120 108961 4554 126677 101967 18685 83282 2226 1872
internal_count=312482 307928 169016 159879 138912 5102 4302 1815 800 9137 6840 138651 11974 622 154777 43908 42774 2720 9748 110869 2487 4120 108961 4554 126677 101967 18685 83282 2226 1872
is_linear=0
shrinkage=0.03


Tree=11
num_leaves=31
num_cat=0
split_feature=77 102 196 53 158 37 55 192 298 157 44 119 224 273 60 43 214 168 27 296 48 111 296 54 16 171 179 177 233 233
split_gain=93.6971 74.1808 81.7347 84.3116 73.4136 68.7819 86.5567 78.8218 67.2932 64.166 63.2962 56.8178 65.1976 92.0037 56.3037 53.6607 48.5548 49.2905 45.2508 44.0204 43.9739 38.7225 38.2685 55.4673 46.7155 35.865 31.3791 29.4822 55.8378 30.4218
threshold=2.2783967256546025 0.033249439671635635 1.1863856315612795 -1.6520075798034666 -2.1906810998916622 -2.2426397800445552 1.6099676489830019 1.0000000180025095e-35 -0.50059881806373585 -0.84556537866592396 0.37496688961982733 2.4947931766510014 -2.8104685544967647 -2.8201606273651119 1.0082069635391238 2.2723252773284917 1.8004475831985476 1.6459941267967226 -1.2723156213760374 2.435354590415955 -1.9956308007240293 -0.42420125007629389 -0.53196600079536427 -0.38722479343414301 1.4368143677711489 -0.19418350607156751 1.448341488838196 -1.2035701870918272 -0.7391599416732787 -1.5285642147064207
decision_type=2 2 2 2 2 2 2 2 2 2 2 2 2 2 2 2 2 2 2 2 2 2 2 2 2 2 2 2 2 2
left_child=1 2 3 11 21 6 7 -5 18 10 -7 12 26 -14 -11 22 17 -2 25 -8 -4 -3 24 -24 -10 -6 -1 28 -20 -29
right_child=16 4 20 5 8 9 19 -9 15 14 -12 -13 13 -15 -16 -17 -18 -19 27 -21 -22 -23 23 -25 -26 -27 -28 29 -30 -31
leaf_value=-0.0088891723454338316 0.0031077848387094128 -0.00056426297827828222 0.018838299033495615 0.0015812986353903669 0 -0.00058847343256743885 0.024962934572768061 0.017278337783886984 0.00076190771137364503 0.00081337725586879068 -0.010558266367212962 0.0058950495139691922 0.0090741341951520709 -0.0022627330679375617 -0.0028660774733131819 0.004174673757278204 0.0064251564347176634 -0.0089069114769625059 -0.003825088861571378 0.00047915377159570818 0.0040482212523707383 0.018299076493750226 -0.0030051696905373654 -0.00038064040646543262 0.0086491346764543901 -0.016482974293302841 -7.3284844777757132e-05 0.0041395330145518475 0.0027478181195122802 -0.0025936397073157719
leaf_weight=1844 1115 103 192 4589 186 36687 236 295 7684 106830 567 719 665 9225 3827 2302 3029 401 1857 125 2848 262 7885 95210 739 329 538 573 3019 18828
leaf_count=1844 1115 103 192 4589 186 36687 236 295 7684 106830 567 719 665 9225 3827 2302 3029 401 1857 125 2848 262 7885 95210 739 329 538 573 3019 18828
internal_value=-2.25068e-05 -8.66572e-05 0.000334044 0.000242639 -0.000600941 0.000441163 0.00381593 0.00265719 -0.000639246 0.000318965 -0.000753844 -0.00207187 -0.00257188 -0.0014534 0.00068292 -0.000327444 0.00424268 0 -0.00205722 0.0177428 0.00519739 0.012444 -0.0004238 -0.000584825 0.00150828 -0.010812 -0.0070401 -0.0018504 0.000177886 -0.00237527
internal_weight=312709 308164 169187 166147 138977 153156 5245 4884 138612 147911 37254 12991 12272 9890 110657 113820 4545 1516 24792 361 3040 365 111518 103095 8423 515 2382 24277 4876 19401
internal_count=312709 308164 169187 166147 138977 153156 5245 4884 138612 147911 37254 12991 12272 9890 110657 113820 4545 1516 24792 361 3040 365 111518 103095 8423 515 2382 24277 4876 19401
is_linear=0
shrinkage=0.03


Tree=12
num_leaves=31
num_cat=0
split_feature=93 102 39 194 114 227 178 16 165 37 236 206 39 36 208 167 169 243 35 52 169 106 234 227 297 118 36 176 111 79
split_gain=108.846 72.6717 69.0229 67.1879 75.1284 66.1473 57.8665 83.3948 52.2261 63.0601 54.0829 49.194 46.0907 164.55 102.573 94.4673 60.0842 51.6067 45.3417 45.2994 45.1998 44.236 41.8553 38.1746 38.0266 37.8618 36.71 34.2935 33.5289 33.3243
threshold=2.2657831907272343 0.033249439671635635 -1.664020776748657 1.4328464269638064 -1.325835585594177 -0.24328497797250745 2.8008755445480351 -1.3498353362083433 0.70992523431777965 -1.9348411560058592 -0.85124045610427845 -2.03336489200592 -1.9106271862983701 -2.2514375448226924 -2.8585528135299678 -1.4455710649490354 -1.6339443922042844 -0.77576023340225209 0.72523516416549694 -1.4689385294914243 -1.441109240055084 -0.8873578906059264 -2.6494116783142085 1.3670228719711306 0.43462322652339941 -1.4679678082466123 -0.28655166923999781 -0.82961356639862049 -0.59947091341018666 0.18109723925590518
decision_type=2 2 2 2 2 2 2 2 2 2 2 2 2 2 2 2 2 2 2 2 2 2 2 2 2 2 2 2 2 2
left_child=1 3 28 4 12 22 8 21 9 -6 -10 24 14 15 20 -14 -15 -16 -5 25 -1 -8 -4 -21 -7 -13 27 -24 -3 -2
right_child=29 2 5 18 6 11 7 -9 10 -11 -12 19 13 16 17 -17 -18 -19 -20 23 -22 -23 26 -25 -26 -27 -28 -29 -30 -31
leaf_value=-0.011695329891167321 0.014558389817079602 0 -0.018475034236186936 0.0091921359906055496 0.0034631540610522548 -0.024701942810998821 0.0038423711713403462 -0.00096780537816494551 -0.01329601985806806 0.0004321614503938924 -0.0016176188161148627 -0.004335057385883221 -0.00037904892439688862 0.0021698951830958482 0.00043278245865158995 0.029831324371957287 -0.0021275576761437464 -0.0076884459235740752 -0.0009732940235605451 -0.00060146170646758459 -0.00048837415457940133 0.019440937983078627 0.0010309232745710896 0.00098810509708977716 0 0.01068211503633496 -0.0016983945983574022 -0.0082493437394926174 0.01795590769944351 0.0037709644035737685
leaf_weight=1494 284 123 135 1260 6496 113 365 667 409 134913 2810 158 117 4001 3940 231 10371 824 493 109093 487 431 387 15390 103 569 10675 1561 248 4404
leaf_count=1494 284 123 135 1260 6496 113 365 667 409 134913 2810 158 117 4001 3940 231 10371 824 493 109093 487 431 387 15390 103 569 10675 1561 248 4404
internal_value=1.95414e-05 -4.8721e-05 -0.000559048 0.000367153 0.000303761 -0.000596647 0.000548755 0.00646143 0.000485986 0.000573989 -0.00326701 -0.000384297 -0.00134867 -0.000383078 -0.00340422 0.0193906 -0.000908998 -0.000935458 0.00618535 -0.000355989 -0.00912261 0.0129255 -0.00265696 -0.000402405 -0.0141018 0.00698812 -0.0024351 -0.0062615 0.0119922 0.00454726
internal_weight=312552 307864 138555 169309 167556 138184 146091 1463 144628 141409 3219 125426 21465 14720 6745 348 14372 4764 1753 125210 1981 796 12758 124483 216 727 12623 1948 371 4688
internal_count=312552 307864 138555 169309 167556 138184 146091 1463 144628 141409 3219 125426 21465 14720 6745 348 14372 4764 1753 125210 1981 796 12758 124483 216 727 12623 1948 371 4688
is_linear=0
shrinkage=0.03


Tree=13
num_leaves=31
num_cat=0
split_feature=93 171 132 68 298 290 276 7 205 186 148 58 104 176 52 274 57 186 232 33 37 40 234 53 234 310 230 167 48 113
split_gain=100.232 78.0641 81.0893 74.3888 74.2349 68.5428 126.993 62.3724 76.7141 70.2844 65.2846 98.473 61.6115 58.5112 58.2957 57.984 55.6648 52.5974 51.6442 51.358 49.27 106.168 124.974 54.8441 56.4058 51.8727 50.8868 47.5712 45.5758 45.0777
threshold=2.2657831907272343 0.22922936826944354 1.4443194270133974 -2.6661781072616573 -0.6979011297225951 -1.9839356541633604 -2.7791996002197261 -1.5049553513526914 -1.0904318094253538 -2.3090564012527461 -1.0357134938240049 1.4016189575195315 0.13211200386285785 0.43065120279788976 0.98102083802223217 -0.80467498302459706 -1.2960143089294431 -2.650683999061584 0.84369042515754711 0.099927209317684187 -2.2426397800445552 -2.2209105491638179 0.85927537083625805 0.62977141141891491 0.2843839973211289 -0.021358544938266274 -0.32614284753799433 -1.2978625893592832 -1.9956308007240293 0.7840653955936433
decision_type=2 2 2 2 2 2 2 2 2 2 2 2 2 2 2 2 2 2 2 2 2 2 2 2 2 2 2 2 2 2
left_child=1 2 3 5 13 -1 27 8 10 12 11 -6 -10 -3 17 -8 -4 -15 -12 -18 21 22 -5 26 -25 -23 -22 -7 -21 -9
right_child=-2 4 16 20 7 6 15 29 9 -11 18 -13 -14 14 -16 -17 19 -19 -20 28 23 25 -24 24 -26 -27 -28 -29 -30 -31
leaf_value=-0.010058810415639085 0.0043525387714029922 -0.0039942183142858854 -0.0023387370149131432 -0.00052560087660298148 -0.00059296579617871246 0 0 -0.0012062041963962992 0.023793738095801535 0.0034544224208953919 0.00018211250448595299 0.013121330526458761 0.0015174711400054786 0.023664385918236802 -0.0027345612008571243 -0.010627574895631904 -0.00261330546140274 0.0033483441392671708 -0.012139027471636228 0.021089942379268856 -0.00022307411425231288 0.00061247307846012218 0.01945398910748522 -0.01374171769907207 -0.0017706109484032237 0.012710165277859871 0.00079342673300081138 0.023459023204449092 0.0060918284219734966 0.00011947850505149838
leaf_weight=1155 4680 9594 866 4873 1828 141 1281 51328 349 1440 540 598 208 124 1450 739 498 955 569 201 88205 511 278 370 5871 1177 88393 209 3028 41247
leaf_count=1155 4680 9594 866 4873 1828 141 1281 51328 349 1440 540 598 208 124 1450 739 498 955 569 201 88205 511 278 370 5871 1177 88393 209 3028 41247
internal_value=3.65236e-06 -6.1727e-05 0.000293729 0.000198223 -0.000702213 -0.00410216 -0.00101382 -0.000424664 0.00265393 0.00732242 0 0.00274455 0.016336 -0.00291921 0.0010406 -0.00405477 0.00422783 0.00634423 -0.00597689 0.00583802 0.000280147 0.00277953 0.000565756 0.000184725 -0.00256987 0.00927359 0.000284051 0.0149964 0.00724185 -0.000612405
internal_weight=312706 308026 197796 193203 110230 3525 2370 98107 5532 1997 3535 2426 557 12123 2529 2020 4593 1079 1109 3727 189678 6839 5151 182839 6241 1688 176598 350 3229 92575
internal_count=312706 308026 197796 193203 110230 3525 2370 98107 5532 1997 3535 2426 557 12123 2529 2020 4593 1079 1109 3727 189678 6839 5151 182839 6241 1688 176598 350 3229 92575
is_linear=0
shrinkage=0.03


Tree=14
num_leaves=31
num_cat=0
split_feature=32 171 196 115 7 149 151 293 155 89 109 170 235 185 170 117 1 173 107 351 227 201 12 31 238 42 180 331 94 42
split_gain=91.6378 78.717 100.219 85.712 85.0648 88.7122 76.5584 70.7608 110.798 78.6023 64.2535 63.1787 62.9882 56.6171 55.9787 101.707 52.8201 49.2872 47.777 46.8256 44.0121 52.3561 68.8241 51.8567 43.536 51.5307 47.3255 43.5357 41.5877 40.2571
threshold=2.2777575254440312 0.22922936826944354 1.427344858646393 -0.59664827585220326 -1.5049553513526914 0.69636511802673351 -0.10676540434360503 -1.9574705362319944 -2.7668908834457393 -2.8338178396224971 -2.6363557577133174 0.15881504118442538 -2.6019734144210811 -2.6445149183273311 -1.879762530326843 -1.9210991263389585 -2.5992871522903438 1.0000000180025095e-35 -0.13769802451133725 -0.0067322477698326102 1.2407063245773318 -0.56201416254043568 -0.15406281501054761 0.68774142861366283 -0.62075838446617115 1.3944904208183291 -0.03697253763675689 -0.0098767727613449079 0.45996344089508062 -2.1868258714675899
decision_type=2 2 2 2 2 2 2 2 2 2 2 2 2 2 2 2 2 2 2 2 2 2 2 2 2 2 2 2 2 2
left_child=1 2 7 24 5 6 11 9 12 14 17 -5 -9 -12 29 -16 -8 -10 -14 -4 23 28 -23 -6 26 -26 -3 -2 -22 -1
right_child=27 3 19 4 20 -7 16 8 10 -11 13 -13 18 -15 15 -17 -18 -19 -20 -21 21 22 -24 -25 25 -27 -28 -29 -30 -31
leaf_value=-0.008023675345719742 0.0081715161871710185 -0.012041191929756053 0.00028374336697402944 -0.0055306986097226661 -0.00054338268216527004 -0.011476178546083949 0.022085994802094916 -0.012390245483782057 0.011852958595834713 -0.00098099415051838661 -0.0048560449179629699 0.0034802739213031729 0.010504388667230075 0.00025563279927994561 0.018681776944812063 -0.0093309915681675185 0.0065014960867933709 -0.0019101452947238851 -0.0002081769897056294 0.0071238468171083104 -0.010670502718356954 0.0071095071385048883 0.00036365423857466776 -0.0022292059807491262 0 -0.012756769721969666 -0.0032602563133203662 0.0018989602913174739 0.0012442677317110577 -0.022878226787724998
leaf_weight=1028 1620 1114 1468 829 56462 337 259 113 725 7631 1947 3612 1682 178691 162 302 1196 284 410 2784 628 1479 16440 23589 2153 302 1363 3038 369 236
leaf_count=1028 1620 1114 1468 829 56462 337 259 113 725 7631 1947 3612 1682 178691 162 302 1196 284 410 2784 628 1479 16440 23589 2153 302 1363 3038 369 236
internal_value=2.03732e-06 -6.03745e-05 0.000296963 -0.00070373 -0.000518843 0.00286512 0.00377157 0.000194832 0.000325897 -0.00234308 0.000242655 0.00171369 0.00698474 0.000198345 -0.00810648 0.000197323 0.00974089 0.00772572 0.00828075 0.00484491 -0.000735533 0.000555156 0.000944473 -0.00104433 -0.00456878 -0.00155999 -0.00739433 0.00417022 -0.00602799 -0.011344
internal_weight=312253 307595 197463 110132 105200 6233 5896 193211 183852 9359 181647 4441 2205 180638 1728 464 1455 1009 2092 4252 98967 18916 17919 80051 4932 2455 2477 4658 997 1264
internal_count=312253 307595 197463 110132 105200 6233 5896 193211 183852 9359 181647 4441 2205 180638 1728 464 1455 1009 2092 4252 98967 18916 17919 80051 4932 2455 2477 4658 997 1264
is_linear=0
shrinkage=0.03


Tree=15
num_leaves=31
num_cat=0
split_feature=270 102 53 292 298 278 116 208 216 48 284 37 133 182 39 289 287 147 116 54 144 54 147 193 60 170 113 41 20 155
split_gain=79.3875 79.3462 71.3132 67.0239 65.4219 64.6769 61.6915 64.4578 58.8257 75.0797 70.5234 77.1155 50.016 67.4255 63.3473 51.3733 49.9622 63.2415 59.8541 56.1636 44.3397 43.3605 42.8417 41.9227 41.3769 48.6968 42.0236 47.0588 44.7489 41.0118
threshold=2.2791340351104741 0.033249439671635635 -1.4605409502983091 -0.64315533638000477 -0.6979011297225951 -2.2463110685348506 1.6063010692596438 -1.7747614979743955 -0.44672083854675287 -1.9956308007240293 0.066471576690673842 -1.9348411560058592 1.0044911503791811 0.22917924076318744 -1.9106271862983701 -1.9973232150077818 1.2716782093048098 2.3274850845336919 -0.53590381145477284 -0.46538165211677546 -0.10625676810741423 -0.31463204324245447 -0.96447589993476857 1.5988177061080935 -0.073616992682218538 -0.92281803488731373 0.3688084483146668 1.146106541156769 2.2739838361740117 0.37646335363388067
decision_type=2 2 2 2 2 2 2 2 2 2 2 2 2 2 2 2 2 2 2 2 2 2 2 2 2 2 2 2 2 2
left_child=1 2 3 12 24 -6 8 -8 10 -10 11 -4 13 14 -1 -14 18 21 22 -20 -15 -18 -7 -2 -3 -26 27 -27 -28 -11
right_child=23 4 6 -5 5 16 7 -9 9 29 -12 -13 15 20 -16 -17 17 -19 19 -21 -22 -23 -24 -25 25 26 28 -29 -30 -31
leaf_value=-0.003094427046830623 -0.00051109915419955514 -0.004519613309923903 0.0031177529725132306 -0.013197117603502142 0.012419776842351271 -0.0084494276428938708 0.010728002308980363 0.0017419512651998712 0.015216194419597227 0.0012285617872596847 -0.0040807361816493828 -0.00025161757132423726 0.018428597110636834 -0.012829097025200763 0.00091020506479208346 0.00095928734422540899 -0.005431402155839365 -0.0090351099725065089 -0.0037082681328075746 -0.00066307542122246614 -0.0030263238947485934 0.0018447021585093451 0.001876513304481117 0.0056800757846010123 -0.0083853318728262863 0.001595974336672451 -0.0041988432917767684 -0.0047378735414162531 0.006929773417496188 -0.0010354781016026493
leaf_weight=5994 1268 5296 6803 408 336 346 1048 2569 319 70870 3827 58288 203 686 8516 614 736 504 5859 87243 1338 15543 10362 3336 804 6354 3765 1234 319 7855
leaf_count=5994 1268 5296 6803 408 336 346 1048 2569 319 70870 3827 58288 203 686 8516 614 736 504 5859 87243 1338 15543 10362 3336 804 6354 3765 1234 319 7855
internal_value=1.27978e-05 -4.48051e-05 0.000389875 -0.00140267 -0.000577642 -0.000324793 0.000602026 0.00447276 0.000504785 0.00106365 -0.000131966 9.67749e-05 -0.00109318 -0.00146837 -0.000725421 0.00599494 -0.000364843 0.00114673 -0.000612283 -0.000858689 -0.0065886 0.00149107 0.00149976 0.00391523 -0.00227899 -0.00129814 -0.000770782 0.000516752 -0.00322696 0.000998646
internal_weight=312643 308039 169338 17759 138701 120929 151579 3617 147962 79044 68918 65091 17351 16534 14510 817 120593 16783 103810 93102 2024 16279 10708 4604 17772 12476 11672 7588 4084 78725
internal_count=312643 308039 169338 17759 138701 120929 151579 3617 147962 79044 68918 65091 17351 16534 14510 817 120593 16783 103810 93102 2024 16279 10708 4604 17772 12476 11672 7588 4084 78725
is_linear=0
shrinkage=0.03


Tree=16
num_leaves=31
num_cat=0
split_feature=29 122 233 60 156 48 109 98 279 223 198 116 298 103 72 112 179 15 114 262 267 97 299 177 116 218 160 190 232 175
split_gain=81.1704 71.79 67.0222 88.4809 76.947 67.5743 64.8536 65.4395 61.3277 69.2551 58.3784 56.7826 56.2841 56.1281 55.9996 53.0852 64.8499 50.4769 53.9734 52.2924 49.337 42.4991 42.4945 42.4687 41.8667 39.3971 38.7959 38.0659 35.9251 72.2098
threshold=2.2762687206268315 0.29962190985679632 -2.6656423807144161 -1.2699207067489622 -2.2132774591445918 -0.31896339356899256 -2.6363557577133174 -2.245470285415649 -1.6682772636413572 -1.6509433984756468 -2.7640101909637447 0.092735014855861678 -0.12167460843920706 -1.4315723180770872 -1.6352871060371397 0.72115045785903942 0.70040065050125133 0.74341654777526867 -1.325835585594177 0.95451313257217418 0.64890512824058544 -1.0266865491867063 0.059267396107316024 -1.4881979823112486 -1.9296370744705198 1.5440883040428164 -2.6930168867111202 0.3794808983802796 1.8065311312675478 0.35316702723503118
decision_type=2 2 2 2 2 2 2 2 2 2 2 2 2 2 2 2 2 2 2 2 2 2 2 2 2 2 2 2 2 2
left_child=1 2 3 -1 5 15 13 -8 10 11 23 -10 -11 -3 -12 16 -4 18 20 -20 -9 -19 -5 -6 -7 -2 -17 -23 29 -27
right_child=25 6 4 22 8 24 7 17 9 12 14 -13 -14 -15 -16 26 -18 21 19 -21 -22 27 -24 -25 -26 28 -28 -29 -30 -31
leaf_value=-0.0066355021736092673 -0.0007763151226175811 -0.004290816040195781 0.0035687799313425415 -0.00086111502843651928 0.0045407416746907287 0.0097758231465683281 0.011855915588500413 -0.0076305165984948409 0.0025386840466191888 -0.00032557481594002331 0.0026656687461650815 0.012620746102194803 0.00071037394781872415 0.017134083520621846 -0.0029699362877650655 -0.0086514089087975903 0.011298936731667691 0.0084453108653763844 -0.0010118382766739736 -0.0051555278711193694 0.0041558464002546631 -0.00618586014006005 0.010141188966662364 -0.013481232021657651 -0.0042125998891430986 0.010044930261705429 0.0089327558816306388 -9.3938170330027949e-05 0.0087325449166901856 -0.0020294265391804177
leaf_weight=2746 1091 125 3535 889 106 197 343 2107 2930 84618 2102 630 105988 314 5879 394 1465 493 42792 2962 328 927 436 614 1303 676 123 43526 1675 1152
leaf_count=2746 1091 125 3535 889 106 197 343 2107 2930 84618 2102 630 105988 314 5879 394 1465 493 42792 2962 328 927 436 614 1303 676 123 43526 1675 1152
internal_value=5.32823e-06 -5.28983e-05 0.000249568 -0.00354734 0.000324975 0.00341193 -0.000745056 -0.000803108 0.000216396 0.000328252 -0.00224035 0.00446721 0.000248913 0.0104589 -0.00144521 0.00495966 0.00592947 -0.000855485 -0.00153035 -0.00128878 -0.00589975 -0.000124899 0.00263318 -0.0103716 -0.00207363 0.00395578 -0.0037324 -0.000230446 0.00551077 0.00233376
internal_weight=312466 307872 213955 4071 209884 7017 93917 93478 202867 194166 8701 3560 190606 439 7981 5517 5000 93135 48189 45754 2435 44946 1325 720 1500 4594 517 44453 3503 1828
internal_count=312466 307872 213955 4071 209884 7017 93917 93478 202867 194166 8701 3560 190606 439 7981 5517 5000 93135 48189 45754 2435 44946 1325 720 1500 4594 517 44453 3503 1828
is_linear=0
shrinkage=0.03


Tree=17
num_leaves=31
num_cat=0
split_feature=93 171 257 53 215 115 7 149 151 295 111 108 93 102 181 167 227 223 229 140 328 172 160 153 18 221 58 298 230 118
split_gain=68.8455 67.6842 105.965 87.5363 88.8014 77.3421 74.7983 85.0719 80.4618 66.2556 66.1352 64.5529 55.1515 75.4804 51.0553 51.0365 50.7776 42.9726 51.6257 43.2003 41.5542 39.9305 37.0889 69.1436 54.8805 37.0515 36.9426 36.5616 36.073 38.621
threshold=2.2657831907272343 0.22922936826944354 1.6107350587844851 -1.6520075798034666 -2.3041232824325557 -0.46480061113834376 -1.5049553513526914 0.69636511802673351 -0.10676540434360503 1.4164881706237795 -2.5819272994995113 1.4277473092079165 -1.032416760921478 -0.060911560431122773 -2.5978949069976802 -0.74646368622779835 -0.71645778417587269 -1.8994400501251218 -0.1052345149219036 -1.4507847428321836 -0.006462651537731289 -1.1651620268821714 -1.8541683554649351 -0.62057021260261525 -0.59400600194931019 0.032466525211930282 -0.16257421672344205 0.46331627666950231 0.03247200325131417 -1.316360294818878
decision_type=2 2 2 2 2 2 2 2 2 2 2 2 2 2 2 2 2 2 2 2 2 2 2 2 2 2 2 2 2 2
left_child=1 2 3 21 9 20 7 8 11 10 -5 -7 15 -14 -10 -6 25 -8 27 -20 -3 22 24 -24 -1 -4 -27 -19 29 -18
right_child=-2 5 16 4 12 6 17 -9 14 -11 -12 -13 13 -15 -16 -17 28 18 19 -21 -22 -23 23 -25 -26 26 -28 -29 -30 -31
leaf_value=-0.0025103873617741165 0.0035661879996962981 -0.0054642244329634361 0.0042629304697916195 -0.013452835609022214 3.5755912271072176e-07 3.8306224237770037e-05 0.0069719056705776399 -0.011116035439657395 0.02185043440809711 0.018511737179989465 0.0043358470442545352 0.011376649815505496 0.0010858360221275853 -0.00024693008153282088 0.0065513161549007604 -0.0028456154719454447 0 -0.0057161685773424453 0.0058148062306082153 -0.00061918681397664149 -0.00027033688799268533 -0.006599555224441337 0.0025893471977182013 -0.0033135619242394094 -0.015363355026329208 -0.021049028391890386 0 -0.00031808155389411613 0.0018475625561419631 0.012701594641014457
leaf_weight=5045 4743 4456 305 171 14283 3736 632 344 262 277 3957 503 81236 71686 1193 9162 254 3076 921 91010 2193 1589 3937 3232 313 121 104 1975 713 1291
leaf_count=5045 4743 4456 305 171 14283 3736 632 344 262 277 3957 503 81236 71686 1193 9162 254 3076 921 91010 2193 1589 3937 3232 313 121 104 1975 713 1291
internal_value=-1.18438e-05 -6.81493e-05 0.000262975 0.000178 0.000357168 -0.000664234 -0.00045936 0.00276596 0.00369311 0.00455868 0.00346533 0.00150126 0.000250024 0.000459157 0.00976852 -0.0011005 0.00605251 -0.000662464 -0.000716734 -0.000550215 -0.00380209 -0.00209249 -0.00148727 -3.19455e-05 -0.00337135 -0.00180057 -0.0109215 -0.00367419 0.00802711 0.0106272
internal_weight=312720 307977 197676 194888 180772 110301 103652 6038 5694 4405 4128 4239 176367 152922 1455 23445 2788 97614 96982 91931 6649 14116 12527 7169 5358 530 225 5051 2258 1545
internal_count=312720 307977 197676 194888 180772 110301 103652 6038 5694 4405 4128 4239 176367 152922 1455 23445 2788 97614 96982 91931 6649 14116 12527 7169 5358 530 225 5051 2258 1545
is_linear=0
shrinkage=0.03


Tree=18
num_leaves=31
num_cat=0
split_feature=276 171 257 103 115 7 149 236 290 113 65 170 96 235 299 110 173 56 104 298 172 230 227 162 179 174 232 229 117 230
split_gain=83.9491 81.754 86.4072 79.5358 72.0089 76.5682 73.3095 79.89 78.1438 69.6081 67.9942 56.4216 117.529 72.9557 52.7326 105.881 72.4185 68.5048 53.6533 52.4233 51.8496 57.323 49.7981 46.2409 45.7239 45.5628 46.7842 120.044 43.2732 42.9944
threshold=1.8244197964668276 0.22922936826944354 1.6107350587844851 1.2624199390411379 -0.50679233670234669 -1.5049553513526914 0.64321374893188488 -0.40306754410266871 -0.10095653310418128 1.1671493649482729 -2.6261385679244991 -1.879762530326843 -2.7943917512893672 -2.0228393077850337 0.24676788598299029 -1.992544889450073 -1.5730328559875486 0.37134775519371038 -2.1597034931182857 1.0412722826004031 0.13136825710535052 -0.59245747327804554 -0.71645778417587269 1.0000000180025095e-35 1.9835935235023501 -1.5624707341194151 1.8065311312675478 1.257648825645447 1.60383677482605 0.066421788185834899
decision_type=2 2 2 2 2 2 2 2 2 2 2 2 2 2 2 2 2 2 2 2 2 2 2 2 2 2 2 2 2 2
left_child=1 2 10 20 24 6 7 9 -9 -6 11 -1 -13 -14 16 18 17 -12 -16 -17 21 -2 -4 -18 -3 -5 27 -27 -22 -24
right_child=3 4 22 25 5 -7 -8 8 -10 -11 14 12 13 -15 15 19 23 -19 -20 -21 28 -23 29 -25 -26 26 -28 -29 -30 -31
leaf_value=-0.0094898319107670857 -0.0077935723071277611 -0.003383025712766607 -0.0022381310502295284 0.020960310816314796 0 -0.00080950494167390677 -0.0097507965745261081 -0.0039574273619386886 0.0068705625481810667 -0.019172037514059673 -0.0019954012474561293 0.01395625098643267 0.0083096872935155622 -0.0066729171764091212 0.0034688329226440569 0.0010788493563453295 0.00048694733109416852 -0.014488468589085453 0.012790237582538467 -0.0015184131389593613 -0.0095092570083507473 0.012269274551866017 0.010358523480793217 -0.00079670401674884327 -0.0167683266620611 0.0066157701195229774 0.0063712364930818121 -0.0032855879260675304 0.0044582991364580217 0.00048640435197177574
leaf_weight=1119 172 5605 519 129 871 94250 370 655 3981 190 9367 361 318 1715 1785 48699 86287 404 907 8063 938 316 1514 35605 236 2125 3301 2209 207 627
leaf_count=1119 172 5605 519 129 871 94250 370 655 3981 190 9367 361 318 1715 1785 48699 86287 404 907 8063 938 316 1514 35605 236 2125 3301 2209 207 627
internal_value=-2.97037e-05 -0.000117214 0.000242832 0.00275857 -0.00078909 -0.000596607 0.00265323 0.0035426 0.00526586 -0.00366772 0.000167557 -0.00395144 -0.00118124 -0.0041251 0.000245245 0.000987069 -8.75554e-05 -0.00257113 0.00679122 0.000704222 -0.00312869 0.00457896 0.00559639 0.000109459 -0.00403041 0.00404024 0.00366115 0.00150833 -0.00669342 0.00763752
internal_weight=312845 303448 197290 9397 106158 100317 6067 5697 4636 1061 194630 3513 2394 2033 191117 59454 131663 9771 2692 56762 1633 488 2660 121892 5841 7764 7635 4334 1145 2141
internal_count=312845 303448 197290 9397 106158 100317 6067 5697 4636 1061 194630 3513 2394 2033 191117 59454 131663 9771 2692 56762 1633 488 2660 121892 5841 7764 7635 4334 1145 2141
is_linear=0
shrinkage=0.03


Tree=19
num_leaves=31
num_cat=0
split_feature=93 171 126 257 49 276 54 54 179 261 234 296 186 70 228 156 233 298 18 55 40 149 233 287 207 127 87 168 48 178
split_gain=92.0639 66.1156 82.9717 79.8045 65.3331 122.923 65.5431 64.6301 61.8642 108.254 83.8229 62.9269 60.7563 154.494 113.88 79.5381 58.2248 52.3362 52.0507 46.4399 43.767 41.5073 72.4797 55.0364 76.3649 51.4008 43.6704 41.4658 40.7947 37.9499
threshold=2.2657831907272343 0.22922936826944354 -2.6259115934371944 1.6107350587844851 -1.9813269376754759 -2.7791996002197261 -1.6509785652160642 -0.38722479343414301 0.54819282889366161 -0.74377894401550282 -0.57819321751594532 0.16204931586980822 -2.3090564012527461 -1.2497602701187132 0.9284290373325349 -1.0931003689765928 0.59401947259902965 -0.34909786283969874 1.0103138685226443 1.892138719558716 -0.47887700796127314 0.93381604552268993 1.7804254889488222 1.1634773612022402 -0.33127103745937342 1.2974913716316225 -1.5677562355995176 0.73710709810256969 1.8487319946289065 0.55726805329322826
decision_type=2 2 2 2 2 2 2 2 2 2 2 2 2 2 2 2 2 2 2 2 2 2 2 2 2 2 2 2 2 2
left_child=1 2 4 8 -1 -6 -7 17 10 19 11 -4 13 14 15 -9 -12 -3 -11 -10 -8 23 29 26 -25 -24 -14 -19 -16 -23
right_child=-2 7 3 -5 5 6 20 12 9 18 16 -13 21 -15 28 -17 -18 27 -20 -21 -22 22 25 24 -26 -27 -28 -29 -30 -31
leaf_value=-0.010130743589985339 0.0041521685514158265 -0.0056949337111003705 -0.00069071092600931185 0.0053448430699044071 0.015182621150445408 0.0064480767427149274 -0.010766710626162978 0.0066043585839260276 0.0034286646208158329 -0.00048967081022321989 0.00068520932145061666 -0.0060104042829617647 0.0035804184437363165 0.031422030848051632 0.022680440869963066 -0.0077883078414582958 -0.0027941875598767383 0.0016457373287215957 0.0049976269933328585 0.01295148904506001 -0.00065603306329020325 -0.0011725535635493172 -0.0014285507826083891 -0.0038258876230150948 0.0029141644314737048 0.005464512916741061 -0.00067856604727613821 -0.004925446196743454 0.0023303060531159252 -0.0038264336443771551
leaf_weight=1142 4733 3973 52358 2832 324 388 985 528 10464 15069 104463 2082 2205 159 249 873 4467 2369 1713 494 738 11723 1772 1765 9020 1993 63338 1312 194 8880
leaf_count=1142 4733 3973 52358 2832 324 388 985 528 10464 15069 104463 2082 2205 159 249 873 4467 2369 1713 494 738 11723 1772 1765 9020 1993 63338 1312 194 8880
internal_value=7.94939e-06 -5.5052e-05 0.000272483 0.000357607 -0.00423578 -0.00128887 -0.00407649 -0.000643963 0.000281582 0.00159133 5.71839e-05 -0.000901798 -0.000442053 0.00469031 0.00191199 -0.00213636 0.000539286 -0.00330582 5.78648e-05 0.00390811 -0.00666541 -0.000548034 -0.00162721 -0.000199237 0.00177833 0.00215062 -0.000529661 -0.000629297 0.0149022 -0.00233354
internal_weight=312605 307872 197519 193942 3577 2435 2111 110353 191110 27740 163370 54440 102699 2003 1844 1401 108930 7654 16782 10958 1723 100696 24368 76328 10785 3765 65543 3681 443 20603
internal_count=312605 307872 197519 193942 3577 2435 2111 110353 191110 27740 163370 54440 102699 2003 1844 1401 108930 7654 16782 10958 1723 100696 24368 76328 10785 3765 65543 3681 443 20603
is_linear=0
shrinkage=0.03


Tree=20
num_leaves=31
num_cat=0
split_feature=90 122 109 98 103 55 188 239 168 297 208 294 52 189 243 276 242 19 33 227 292 5 112 55 118 203 72 114 233 179
split_gain=78.0637 60.3014 77.7727 60.427 57.5099 56.6002 73.7137 66.9999 131.041 68.8561 63.0075 94.3487 59.5821 54.1858 54.0822 54.7478 52.3891 101.819 64.2174 50.7302 146.119 81.8142 57.1089 58.4165 49.0311 48.8008 48.4304 60.0995 44.6267 44.4332
threshold=2.2837097644805913 0.29962190985679632 -2.6363557577133174 -2.245470285415649 -1.2938710451126096 1.2831287384033205 -2.6822581291198726 -2.4933224916458125 -1.9280104041099546 -2.4292525053024288 -2.35173487663269 0.62807041406631481 1.4192212224006655 -2.6951012611389156 -2.282931804656982 -2.7791996002197261 -2.608883142471313 -0.49910448491573328 -0.24635136872529981 -0.20702069997787473 0.13017382472753528 0.33797858655452734 -2.5536867380142207 0.62444302439689647 -2.4511094093322749 -1.3181754350662229 0.03664499148726464 1.6089962124824526 1.7804254889488222 -0.10214584320783614
decision_type=2 2 2 2 2 2 2 2 2 2 2 2 2 2 2 2 2 2 2 2 2 2 2 2 2 2 2 2 2 2
left_child=1 5 4 -4 -3 6 7 8 24 -10 11 -7 -13 -12 15 -9 17 18 -8 22 21 -21 29 -24 -1 -22 27 -18 -28 -5
right_child=-2 2 3 19 -6 10 16 14 9 -11 13 12 -14 -15 -16 -17 26 -19 -20 20 25 -23 23 -25 -26 -27 28 -29 -30 -31
leaf_value=-0.016276437171389546 0.0038593777203685007 -0.0024779715807240754 0.011656625375496867 0.014580157605705496 0.018494897822752911 -0.005292206212050384 0.0070297975217581965 0.0018784549339227591 0.033952066741776296 0.0058118921481182147 0.016533519082470936 0.020260039929031456 -0.0020651631062650238 0.0012454725958668349 0.013220712412963621 -0.008435547709781225 -3.9143486801431164e-05 0.027384646334244873 -0.012311914767828898 -0.0031880247176695924 -0.014290738791671835 0.002365515224450688 -0.0028198965645141495 0.0020037209455744409 0.0027816086972597986 -0.0012375407688559896 0.00099108377293662554 -0.0060603171583691572 0.014240259589770666 -0.0039139852738833128
leaf_weight=247 4598 141 328 305 308 223 593 499 110 321 197 513 101 11097 100 2622 155981 164 181 2677 244 18673 19888 2460 172 49097 38996 1488 214 138
leaf_count=247 4598 141 328 305 308 223 593 499 110 321 197 513 101 11097 100 2622 155981 164 181 2677 244 18673 19888 2460 172 49097 38996 1488 214 138
internal_value=-1.10521e-05 -7.00379e-05 -0.000702827 -0.000766591 0.0114443 0.000207555 8.61983e-05 -0.00389671 0.00331481 0.0148462 0.00219705 0.0101082 0.0161652 0.00156741 -0.00590105 -0.00668953 0.000170152 0.00717468 0.00193271 -0.000815872 -0.000413466 0.00165281 -0.00204941 -0.0022742 -0.00799941 -0.00131393 0.000134495 -9.87077e-05 0.00107827 0.00825085
internal_weight=312676 308078 94259 93810 449 213819 201688 4071 850 431 12131 837 614 11294 3221 3121 197617 938 774 93482 70691 21350 22791 22348 419 49341 196679 157469 39210 443
internal_count=312676 308078 94259 93810 449 213819 201688 4071 850 431 12131 837 614 11294 3221 3121 197617 938 774 93482 70691 21350 22791 22348 419 49341 196679 157469 39210 443
is_linear=0
shrinkage=0.03


Tree=21
num_leaves=31
num_cat=0
split_feature=93 102 53 228 79 57 179 211 296 7 140 205 161 257 172 299 58 115 286 23 51 224 93 47 79 139 168 165 160 210
split_gain=78.3035 56.6177 67.7423 67.236 71.2526 56.2403 55.3103 53.766 61.0809 52.878 52.7158 52.5114 71.967 57.2633 48.8096 49.4362 48.3157 46.0907 55.1928 45.6461 45.2761 44.7999 44.3103 43.6874 40.8272 45.5371 37.3175 37.2992 37.1753 76.9749
threshold=2.2657831907272343 0.066156815737485899 -1.6520075798034666 -2.0818377733230586 -2.352462530136108 -0.10923480242490767 -0.54885590076446522 -2.3473809957504268 0.40849943459033972 -2.6649129390716548 -2.7830961942672725 -1.0016331672668455 0.77886450290679943 -1.6373491883277891 -1.1651620268821714 -0.55138701200485218 -1.0009354352951048 -1.6585613489150999 -2.0745726823806758 -1.1788001060485838 -1.6890674233436582 0.89261949062347423 0.4256704598665238 1.2821164727211001 0.14359382539987567 1.8763670325279238 -1.9280104041099546 0.97085899114608776 -1.8541683554649351 -0.89729568362236012
decision_type=2 2 2 2 2 2 2 2 2 2 2 2 2 2 2 2 2 2 2 2 2 2 2 2 2 2 2 2 2 2
left_child=1 2 14 4 26 6 23 20 -9 -8 -3 12 16 -14 28 -16 -12 -7 -19 -13 -6 27 -18 -5 -2 -26 -4 -21 -1 -30
right_child=24 10 3 5 7 17 9 8 -10 -11 11 19 13 -15 15 -17 22 18 -20 21 -22 -23 -24 -25 25 -27 -28 -29 29 -31
leaf_value=-0.0029785459496775349 0.014850018396093682 0.013614257500645646 -0.0071349254375227163 0.00046295838362593345 0.023943953077227256 0.010213109281908408 -0.0087140115484710835 0.0067681632504464559 -0.0028562891824550243 -0.00087349397757246258 -0.011428287653106566 0.010490239396182701 -0.00081862395954885865 -0.014938971456884623 -0.00043603754504086125 -0.012336287836732039 -0.00071333849400909664 -0.0094755745026195333 0.00092777092472508217 -0.00071303425405600689 0.0051037703272169086 0.00038137459429984829 0.016487191423124464 0.013517306185169265 -0.0020022904198500938 0.0048085522134270258 0.0058026189367896075 -0.0038306225501661827 0.0039376766959307247 -0.0024740291960011966
leaf_weight=5343 279 215 646 40678 254 464 782 2204 746 36416 347 320 460 762 635 734 2531 437 77125 87802 311 37877 122 214 1122 3278 246 3633 3003 3762
leaf_count=5343 279 215 646 40678 254 464 782 2204 746 36416 347 320 460 762 635 734 2531 437 77125 87802 311 37877 122 214 1122 3278 246 3633 3003 3762
internal_value=-9.15501e-06 -6.87319e-05 0.000287132 0.000460195 0.00411252 0.000354659 -0.000211378 0.00605784 0.00423046 -0.00105098 -0.000532798 -0.000559793 -0.00385383 -0.00996394 -0.0017496 -0.00711819 -0.00121613 0.000924912 0.000862862 -0.000449617 0.0146154 -0.000480627 8.28487e-05 0.000545183 0.00383319 0.00300271 -0.003189 -0.000840997 -0.00110712 0.000331145
internal_weight=312748 308069 174000 160523 4407 156116 78090 3515 2950 37198 134069 133854 4222 1222 13477 1369 3000 78026 77562 129632 565 129312 2653 40892 4679 4400 892 91435 12108 6765
internal_count=312748 308069 174000 160523 4407 156116 78090 3515 2950 37198 134069 133854 4222 1222 13477 1369 3000 78026 77562 129632 565 129312 2653 40892 4679 4400 892 91435 12108 6765
is_linear=0
shrinkage=0.03


Tree=22
num_leaves=31
num_cat=0
split_feature=29 171 136 53 55 194 115 7 149 236 113 290 118 275 153 88 100 213 208 12 113 209 21 282 17 57 23 196 196 164
split_gain=66.5612 57.3122 69.9899 64.1538 85.8447 67.2535 55.0955 66.6644 71.1622 72.4168 68.4891 60.6107 54.0377 53.3657 37.4597 72.7313 69.6541 87.593 65.9592 46.0375 35.8276 46.1801 34.5761 64.2345 34.1575 33.9166 33.916 33.2304 32.6133 53.1131
threshold=2.2762687206268315 0.22922936826944354 1.3039910197257998 -1.6520075798034666 1.892138719558716 -1.6550304293632505 -0.59664827585220326 -1.5049553513526914 0.64321374893188488 -0.40306754410266871 1.2841359376907351 -0.10095653310418128 1.1526230573654177 -2.8126674890518184 -0.62057021260261525 -0.10723245888948439 -1.9175364971160886 -2.8618254661560054 -2.8585528135299678 0.93291816115379345 0.7840653955936433 1.8291744589805605 0.79604086279869091 1.2596044540405276 1.1919648051261904 -0.51300895214080799 1.0000000180025095e-35 0.8639657497406007 1.8421868085861208 0.84344026446342479
decision_type=2 2 2 2 2 2 2 2 2 2 2 2 2 2 2 2 2 2 2 2 2 2 2 2 2 2 2 2 2 2
left_child=1 2 3 14 12 -6 28 8 9 10 -8 -11 13 -5 16 -16 18 -18 -1 -17 21 27 25 -24 -2 -22 -14 -9 29 -3
right_child=24 6 -4 4 5 -7 7 20 -10 11 -12 -13 26 -15 15 19 17 -19 -20 -21 22 -23 23 -25 -26 -27 -28 -29 -30 -31
leaf_value=-0.0082992164474419965 -0.0033535581132663147 -0.0022910924702688683 0.0035033545573004239 0.0055606126153761471 0.019093753378232034 0.0020802093158634287 0 -0.0013816397328447808 -0.0097674642885613137 -0.0029644480313990871 -0.021175421806529347 0.0064821029232812665 -0.00089696577899097286 0.00030498862469577147 -0.01019361106402729 -0.003361124412553707 0.018760988525295352 0.00076922057115727104 -0.00092166001170490065 0.0066746979462776398 -0.0028369488088510336 -0.0076862693254844518 -0.0028138493123851527 0.000872562815349628 0.0045166613707961776 0.0009619292391328892 -0.0057591595193799885 0.0005473553913089822 0.003797211915153224 -0.0096901926338389174
leaf_weight=1570 505 3282 5782 1745 365 573 976 44018 364 661 144 4023 4369 168877 1271 1972 242 4334 3866 487 2255 952 9013 7857 4096 25514 1946 9572 421 1272
leaf_count=1570 505 3282 5782 1745 365 573 976 44018 364 661 144 4023 4369 168877 1271 1972 242 4334 3866 487 2255 952 9013 7857 4096 25514 1946 9572 421 1272
internal_value=2.45409e-06 -5.02479e-05 0.000254758 0.000154811 0.000308899 0.00927417 -0.00059865 -0.000449345 0.0025622 0.00341786 -0.0032305 0.00507831 0.000258633 0.000361143 -0.00181543 -0.00439233 -0.000818656 0.00186348 -0.00313001 -0.00121472 -0.000640134 -0.00115585 -3.05607e-06 -0.00108018 0.00357714 0.000640823 -0.00245608 -0.00103142 -0.00368575 -0.00445669
internal_weight=312324 307723 197399 191617 177875 938 110324 105349 6168 5804 1120 4684 176937 170622 13742 3730 10012 4576 5436 2459 99181 54542 44639 16870 4601 27769 6315 53590 4975 4554
internal_count=312324 307723 197399 191617 177875 938 110324 105349 6168 5804 1120 4684 176937 170622 13742 3730 10012 4576 5436 2459 99181 54542 44639 16870 4601 27769 6315 53590 4975 4554
is_linear=0
shrinkage=0.03


Tree=23
num_leaves=31
num_cat=0
split_feature=77 102 298 158 185 166 58 236 178 34 119 354 49 196 8 57 298 178 276 101 124 230 170 52 102 43 115 168 299 178
split_gain=55.8151 70.438 65.8963 62.8167 54.5791 106.161 112.565 95.2915 68.5589 58.5037 57.1451 56.7849 52.1206 49.5963 50.664 52.4168 69.8442 54.6195 48.6014 47.2432 46.4452 55.0991 47.2435 58.4318 47.2943 44.9511 43.9059 55.7189 45.8983 43.0018
threshold=2.2783967256546025 0.033249439671635635 -0.6979011297225951 -2.1906810998916622 -2.6445149183273311 -0.93158867955207814 -1.0009354352951048 -0.65082609653472889 2.1118500232696538 -1.7186573743820188 -0.39602458477020258 -0.0096111493185162527 -1.9813269376754759 1.1863856315612795 0.54382643103599559 -0.14152514189481732 1.2505142688751223 2.8008755445480351 -0.17487975209951398 -0.31929470598697657 -0.60829797387123097 -0.5431702435016631 -0.92281803488731373 0.2945027649402619 1.1539214849472048 2.2723252773284917 -1.9303824305534361 0.73710709810256969 -2.5011388063430782 -0.98807638883590687
decision_type=2 2 2 2 2 2 2 2 2 2 2 2 2 2 2 2 2 2 2 2 2 2 2 2 2 2 2 2 2 2
left_child=1 4 20 -4 5 10 7 9 -8 -7 11 -1 -13 14 15 16 -6 -17 29 -10 21 -3 -22 24 -24 -5 27 -2 -28 -16
right_child=26 2 3 25 13 6 8 -9 19 -11 -12 12 -14 -15 18 17 -18 -19 -20 -21 22 -23 23 -25 -26 -27 28 -29 -30 -31
leaf_value=0.0098089670721809696 0 0.0010864674820842332 0.012975818470805743 -0.00043760643664480782 8.0828612782173941e-06 0.015705930335567362 -0.0059076361441806249 0.029801108712161128 0.020776173388505161 -0.013339697315147328 -0.012151904650684985 -0.012466903809234141 0.00035741559592695967 0.0042224055529109152 0.0021157217366756238 0.00095260732480233277 -0.018200804231651619 0.0062014946727516678 0.00018659640791160372 -0.0023945425360748342 -0.0081003237562219128 -0.0084353544143632355 0.0012382528456289768 -0.0036295167959325015 -0.0050452372084300104 0.0037029545177270059 0.013305375170605599 0.026307494850321248 0.0014009496743183796 -0.0044784131496724807
leaf_weight=238 142 671 298 118315 75184 104 906 200 154 104 1103 500 534 3037 995 71123 170 1836 7616 101 938 2006 7630 5289 1228 2375 307 145 3963 5159
leaf_count=238 142 671 298 118315 75184 104 906 200 154 104 1103 500 534 3037 995 71123 170 1836 7616 101 938 2006 7630 5289 1228 2375 307 145 3963 5159
internal_value=-1.75906e-05 -6.74396e-05 -0.000569155 -0.000315593 0.00034256 -0.00312718 0.00277187 0.0160039 -0.00181639 0 -0.00714015 -0.00244123 -0.00567816 0.000427622 0.000354155 0.000517289 -3.38351e-05 0.00109047 -0.00137936 0.0110011 -0.00227715 -0.00594708 -0.00159901 -0.00113594 0.000323967 -0.000353041 0.00326962 0.0144437 0.00238481 -0.00336026
internal_weight=312371 307814 138750 120988 169064 3944 1569 408 1161 208 2375 1272 1034 165120 162083 148313 75354 72959 13770 255 17762 2677 15085 14147 8858 120690 4557 287 4270 6154
internal_count=312371 307814 138750 120988 169064 3944 1569 408 1161 208 2375 1272 1034 165120 162083 148313 75354 72959 13770 255 17762 2677 15085 14147 8858 120690 4557 287 4270 6154
is_linear=0
shrinkage=0.03


Tree=24
num_leaves=31
num_cat=0
split_feature=77 122 37 50 228 103 154 295 246 91 184 299 39 276 90 112 227 292 116 281 27 133 299 114 233 210 29 228 164 87
split_gain=71.5516 74.9016 64.3084 73.0858 57.2144 60.5315 55.1578 88.5002 109.799 59.9529 56.29 57.3336 114.72 64.6784 63.9944 54.702 51.895 127.851 77.3891 50.7654 55.8611 56.2728 41.0955 44.191 74.1427 58.073 43.2506 40.3712 44.7206 38.9442
threshold=1.8615873456001284 0.33793866634368902 -1.9348411560058592 -0.55209848284721363 -2.731988668441772 -1.0805255770683286 0.91394260525703441 -0.85857430100440968 -2.2971744537353511 -0.17769648134708402 -2.6337194442749019 -1.3164278864860532 -2.7598766088485713 -2.7791996002197261 -2.8344250917434688 -2.5536867380142207 -0.17114756256341931 0.13017382472753528 0.67400842905044567 0.89655622839927684 0.42965500056743627 1.0000000180025095e-35 -1.6750611662864683 -0.065679516643285737 1.7804254889488222 0.79987379908561718 1.6195442080497744 1.3983432054519656 1.4282214641571047 -0.37254777550697321
decision_type=2 2 2 2 2 2 2 2 2 2 2 2 2 2 2 2 2 2 2 2 2 2 2 2 2 2 2 2 2 2
left_child=1 6 3 -3 5 -4 10 -8 -9 -10 11 12 -1 -13 -15 -6 18 -18 -17 20 21 -12 -2 25 27 -24 -26 -25 -29 -21
right_child=22 2 4 -5 15 -7 7 8 9 -11 19 13 -14 14 -16 16 17 -19 -20 29 -22 -23 23 24 26 -27 -28 28 -30 -31
leaf_value=-0.01209952251034503 0.008237478983166388 0 -0.0036311928160665998 0.021632466248386068 0.0090683853980265128 0.01690550707668451 -0.0070775371418800199 0.023537435644389822 0.016533119181162594 0.0021177517174204631 0.00020242117811389545 0.0053617502263539453 0.0079788716542049474 -0.017090680840727308 -0.0046945057914999653 -0.0029328258973110692 0.0015128436141305182 -0.0014617777878601363 0.002898803381499177 -0.0067080999437888174 -0.001335629782021681 0.0016460163291393795 -0.0050911952565656973 0.00052073329893931721 -0.0048355949521553497 0.0083830591728640408 0.006275100517457317 -0.016307591658508418 -0.0028813039262497479 -0.0011098230657459998
leaf_weight=332 1047 330 169 223 461 309 805 214 255 9872 149121 397 880 474 2327 19004 18405 43739 2228 1426 17414 29197 310 2262 323 1530 2141 279 1327 5951
leaf_count=332 1047 330 169 223 461 309 805 214 255 9872 149121 397 880 474 2327 19004 18405 43739 2228 1426 17414 29197 310 2262 323 1530 2141 279 1327 5951
internal_value=1.07921e-05 -6.7404e-05 -0.000824508 0.00914666 -0.000895617 0.00918798 0.000225119 0.00228051 0.0030502 0.00254217 0.000113068 -0.00322867 0.00212821 -0.00535269 -0.00700489 -0.000958864 -0.00102007 -0.000575764 -0.00230461 0.000187413 0.000280945 0.000440629 0.00261242 0.00183676 0.000587706 0.00592132 0.00467065 -0.0019467 -0.00557016 -0.00224776
internal_weight=312752 303533 84868 553 84315 478 218665 11146 10341 10127 207519 4410 1212 3198 2801 83837 83376 62144 21232 203109 195732 178318 9219 8172 6332 1840 2464 3868 1606 7377
internal_count=312752 303533 84868 553 84315 478 218665 11146 10341 10127 207519 4410 1212 3198 2801 83837 83376 62144 21232 203109 195732 178318 9219 8172 6332 1840 2464 3868 1606 7377
is_linear=0
shrinkage=0.03


Tree=25
num_leaves=31
num_cat=0
split_feature=90 122 109 98 186 52 227 55 188 178 229 297 28 113 52 224 118 57 50 42 232 228 53 54 11 30 202 168 173 23
split_gain=62.8039 54.8282 63.8529 52.0361 51.9653 55.5857 117.163 49.7407 63.7397 83.5353 88.1189 94.8696 59.3811 79.258 67.1954 48.4252 48.2658 46.1402 45.3188 44.0964 40.4629 74.8733 50.2568 39.4601 38.9778 48.2688 65.8806 47.7444 41.333 39.85
threshold=2.2837097644805913 0.33793866634368902 -2.6363557577133174 -2.245470285415649 0.46196292340755468 0.22583618760108951 -0.17114756256341931 1.0705872774124148 -2.6822581291198726 -0.74195760488510121 -2.075487375259399 -2.4292525053024288 -1.9839016795158384 -2.5337560176849361 1.4192212224006655 0.72036170959472667 -2.4511094093322749 1.6073430776596072 -0.75397780537605275 -1.4266929626464842 1.8065311312675478 1.5639368891716006 0.53607141971588146 -0.86254817247390736 0.036317646503448493 1.6173328757286074 0.40904377400875097 0.26179507374763494 1.9606855511665346 -0.3801101148128509
decision_type=2 2 2 2 2 2 2 2 2 2 2 2 2 2 2 2 2 2 2 2 2 2 2 2 2 2 2 2 2 2
left_child=1 7 19 18 -5 6 -6 8 9 10 16 -12 13 -9 -15 -7 -1 -11 -4 -3 21 -2 -23 -21 25 26 -10 29 -29 -26
right_child=20 2 3 4 5 15 -8 12 24 17 11 -13 -14 14 -16 -17 -18 -19 -20 23 -22 22 -24 -25 27 -27 -28 28 -30 -31
leaf_value=-0.013725754634614078 0.0045644398640814036 -0.0032838699420023221 -0.00019493951617429654 -0.0022870398278402961 -0.0016253609730244002 -0.002412879211562581 0.0019977840601679837 -0.0086429834131100409 0 -0.0078144437104201124 0.028694439672278183 0.0027565533662805906 0.0011669054610521073 0.013611453495546998 -0.0035144173051329685 -0.0002640095973755209 0.0027913591759495954 0.0081064514403219878 0.019943667043579111 0.022003103141426381 0.0068022097638689143 0.0045040576977717611 -0.010350319341242526 0 -0.0017888492949972299 0.0085620090981680923 -0.0033352292128956962 -0.00067388873586361026 0.014996799943404958 0.0020587815310392737
leaf_weight=327 1794 118 142 17174 13829 16996 18988 199 149670 2503 153 630 16236 1037 215 22013 238 141 184 235 1908 249 650 106 2587 558 5506 13483 132 24679
leaf_count=327 1794 118 142 17174 13829 16996 18988 199 149670 2503 153 630 16236 1037 215 22013 238 141 184 235 1908 249 650 106 2587 558 5506 13483 132 24679
internal_value=-1.3978e-05 -6.69991e-05 -0.00069167 -0.000753214 -0.000801321 -0.000441364 0.000461804 0.000188596 5.25115e-05 -0.0036883 0.00220265 0.00878692 0.00171332 0.00752454 0.0104256 -0.0012087 -0.00639772 -0.00679831 0.0108004 0.0101905 0.00345627 0.000942415 -0.00590111 0.0156078 0.000130357 -8.43227e-05 -0.000118447 0.000955143 -0.000478182 0.00168168
internal_weight=312680 308079 89785 89326 89000 71826 32817 218294 200607 3992 1348 783 17687 1451 1252 39009 565 2644 326 459 4601 2693 899 341 196615 155734 155176 40881 13615 27266
internal_count=312680 308079 89785 89326 89000 71826 32817 218294 200607 3992 1348 783 17687 1451 1252 39009 565 2644 326 459 4601 2693 899 341 196615 155734 155176 40881 13615 27266
is_linear=0
shrinkage=0.03


Tree=26
num_leaves=31
num_cat=0
split_feature=270 171 115 257 98 108 131 206 31 236 6 291 56 11 179 140 234 176 237 234 239 233 178 179 174 209 238 171 354 298
split_gain=56.1549 52.6446 67.4576 64.7498 52.6526 54.2731 92.7015 66.8455 50.8035 76.2717 47.486 61.729 97.1636 61.3644 59.2385 82.2213 72.7235 55.4768 54.3209 47.2404 46.4878 41.2276 38.8546 35.5229 34.1092 34.878 36.7081 40.0925 33.4349 28.4026
threshold=2.2791340351104741 0.22922936826944354 -0.46480061113834376 1.6107350587844851 -1.9350119829177854 1.2878724932670595 -2.3235869407653804 2.2606546878814702 0.7372940480709077 0.06171341426670552 -2.6440573930740352 -2.5540453195571895 -2.4397695064544673 -1.6357809305191038 0.61939164996147167 -0.63512423634529103 -0.68319049477577198 0.43065120279788976 0.91034752130508434 0.38518057763576513 -1.4895499944686887 0.59401947259902965 0.45442450046539312 0.42462211847305303 0.72730445861816417 1.0785428881645205 -1.3922169804573057 -0.063115812838077531 -0.0087050376459956152 -0.31366354227066034
decision_type=2 2 2 2 2 2 2 2 2 2 2 2 2 2 2 2 2 2 2 2 2 2 2 2 2 2 2 2 2 2
left_child=1 3 29 10 19 8 -7 -8 9 -6 11 28 20 -14 16 22 17 -12 -17 -4 -13 -18 -16 -10 25 -5 -27 -28 -1 -3
right_child=-2 2 4 24 5 6 7 -9 23 -11 14 12 13 -15 15 18 21 -19 -20 -21 -22 -23 -24 -25 -26 26 27 -29 -30 -31
leaf_value=-0.0033748370429765549 0.0032532055643628281 -0.0052535858692101681 0.010887998568055439 -0.00092919614771305335 -0.002203092434502717 0.015212405195804659 0.0010633288097130073 -0.0075091319939256445 -0.0011500090793106167 0.00024965390055515678 -0.00077803646356432079 0.02274311266772017 -0.0018563249793484731 -0.021248178806466362 0.0056618459021769776 0.0011267803312742231 0.00054015616756837624 -0.0068928982178326327 -0.0031981618937684439 -4.2356359148074865e-05 0 -0.0023454005747776804 0.0019232699403719416 -0.0037388826485236751 0.014911789099252301 -0.0027149435493163763 0.012110579150423359 0.00011913168624632326 -0.018326978631513682 -0.0011560489580308168
leaf_weight=339 4658 3749 681 903 15059 385 17505 833 14865 46302 46094 187 2522 142 4640 10905 113818 1372 3411 614 106 4585 6241 7426 270 280 848 426 322 2950
leaf_count=339 4658 3749 681 903 15059 385 17505 833 14865 46302 46094 187 2522 142 4640 10905 113818 1372 3411 614 106 4585 6241 7426 270 280 848 426 322 2950
internal_value=-7.86692e-06 -5.84034e-05 -0.000583859 0.000233879 -0.000391719 -0.000470951 0.000981197 0.000649828 -0.000799713 -0.000347925 0.00016773 -0.00322205 -0.00122352 -0.00315238 0.000233818 0.00158873 2.60201e-05 -0.000963932 7.23481e-05 0.00555561 0.0144363 0.000425506 0.0035525 -0.00202849 0.00481158 0.00346911 0.00619481 0.00839653 -0.0114235 -0.00350264
internal_weight=312438 307780 110369 197411 103670 102375 18723 18338 83652 61361 194684 3618 2957 2664 191066 25197 165869 47466 14316 1295 293 118403 10881 22291 2727 2457 1554 1274 661 6699
internal_count=312438 307780 110369 197411 103670 102375 18723 18338 83652 61361 194684 3618 2957 2664 191066 25197 165869 47466 14316 1295 293 118403 10881 22291 2727 2457 1554 1274 661 6699
is_linear=0
shrinkage=0.03


Tree=27
num_leaves=31
num_cat=0
split_feature=156 168 54 186 205 175 205 91 144 55 114 100 37 292 299 159 179 159 229 275 3 155 52 229 54 299 288 84 232 234
split_gain=61.7451 66.5987 71.6309 75.2394 74.744 56.6502 53.7893 50.4827 50.4538 45.3899 51.1257 65.1414 127.636 80.1556 70.8358 55.6318 47.9719 46.9877 50.3674 56.8335 48.5941 46.4633 44.3354 77.5879 67.0965 60.9206 50.168 44.8553 43.8185 42.4062
threshold=1.858348608016968 0.49263553321361547 -0.31463204324245447 -2.3090564012527461 -1.0904318094253538 -1.7931560277938841 -1.0000000180025095e-35 -1.3897024393081663 0.035955473780632026 1.6099676489830019 0.45272649824619299 -2.7671784162521358 -2.2426397800445552 1.0000000180025095e-35 -1.4723652005195615 -1.8626663684844968 2.4561852216720585 -0.24462016671895978 0.065674375742673888 -0.24799306690692899 0.22529915720224383 -1.9089088439941404 1.8781030178070071 1.257648825645447 -1.0074879527091978 0.62158682942390453 0.72890612483024608 0.44378480315208441 1.0545376539230349 -1.2367018461227415
decision_type=2 2 2 2 2 2 2 2 2 2 2 2 2 2 2 2 2 2 2 2 2 2 2 2 2 2 2 2 2 2
left_child=1 9 5 4 7 -3 -7 -4 -6 10 11 14 13 -13 -1 -14 29 20 19 -19 -12 -16 23 25 -25 26 -2 -27 -26 -11
right_child=22 2 3 -5 8 6 -8 -9 -10 16 17 12 15 -15 21 -17 -18 18 -20 -21 -22 -23 -24 24 28 27 -28 -29 -30 -31
leaf_value=-0.010154691369786251 -0.0036573233622643059 0.0086366760808575353 0.009350197884589434 -0.00066905086015371304 0.023986294590152876 -0.0076393261469670341 -0.0021885144973220311 -0.008880182177092296 0.0027941089268077256 -0.013586601263060319 -0.00028609039211513124 0.0040387707345280709 -0.0029898638736802234 0.017948590288838356 0.00032593163640532634 0.0003468111936664881 0.0097929530567073299 -0.011474588756352135 -0.00083366962459040879 -0.0028470444880763328 0.004922571944555954 -0.01362995767434799 0.0051163818562038905 0.015083301206596379 -0.0099469462112127729 0.02401935266978359 0.0051061006846139208 0.0062939068315788294 -0.0012052925210574352 0.0024226344060906714
leaf_weight=1056 1064 295 230 63401 273 2598 5019 279 218 134 8665 3626 4576 421 2344 182397 833 812 15861 5541 1938 213 3433 144 841 165 1230 856 1546 2642
leaf_count=1056 1064 295 230 63401 273 2598 5019 279 218 134 8665 3626 4576 421 2344 182397 833 812 15861 5541 1938 213 3433 144 841 165 1230 856 1546 2642
internal_value=-1.9924e-06 -7.67549e-05 -0.000871852 -0.000534865 0.00752486 -0.00356873 -0.00410209 -3.33176e-05 0.0156418 0.000170837 0.000116353 0.000302239 0.000379311 0.00564069 -0.00366962 0.000263234 0.00350237 -0.000976492 -0.00176391 -0.00402939 0.000645176 -0.000816949 0.00240497 0.000749571 -0.00312746 0.00380064 0.000915336 0.00985307 -0.00446689 0.0014509
internal_weight=312651 303372 72313 64401 1000 7912 7617 509 491 231059 227450 194633 191020 4047 3613 186973 3609 32817 22214 6353 10603 2557 9279 5846 2531 3315 2294 1021 2387 2776
internal_count=312651 303372 72313 64401 1000 7912 7617 509 491 231059 227450 194633 191020 4047 3613 186973 3609 32817 22214 6353 10603 2557 9279 5846 2531 3315 2294 1021 2387 2776
is_linear=0
shrinkage=0.03


Tree=28
num_leaves=31
num_cat=0
split_feature=74 122 57 298 94 269 288 209 234 167 45 112 118 239 219 239 170 282 231 53 184 236 181 31 161 192 233 113 29 58
split_gain=47.606 58.1574 50.7805 92.8159 68.5529 96.1506 54.8108 90.3538 89.7386 97.9597 75.0947 72.5632 50.5888 45.4156 52.788 67.9764 66.6533 56.6254 56.2197 51.7394 42.4692 59.8718 49.3652 45.395 41.8988 39.0275 38.035 65.4332 49.7254 48.2696
threshold=1.6140279769897463 0.29962190985679632 -0.14152514189481732 1.2505142688751223 0.98780795931816112 -0.17794180661439893 -0.70583483576774586 -1.1776105761528013 -1.2367018461227415 -2.6098645925521846 -0.82030072808265675 -0.20085915923118589 1.4103743433952334 0.66774407029151928 -1.7152468562126157 -0.091163735836744295 -0.64288339018821705 -1.3014211058616636 -2.0740387439727779 -0.066418740898370729 -2.6337194442749019 0.50352454185485851 -2.5978949069976802 0.54776215553283703 1.2789827585220339 0.18747786432504657 1.7804254889488222 0.3688084483146668 1.6195442080497744 -0.78000089526176442
decision_type=2 2 2 2 2 2 2 2 2 2 2 2 2 2 2 2 2 2 2 2 2 2 2 2 2 2 2 2 2 2
left_child=1 2 3 6 20 -6 8 10 11 -10 -8 -1 13 14 15 16 -3 19 -19 -16 21 -4 -22 -24 -7 -17 27 -2 -28 -29
right_child=26 12 4 -5 5 24 7 -9 9 -11 -12 -13 -14 -15 17 25 -18 18 -20 -21 22 -23 23 -25 -26 -27 28 29 -30 -31
leaf_value=-0.00077168886000268146 0.0035569859881770353 0.0027547825636301078 -0.0082765612587994662 -0.017986446246539535 0.021789162273079841 0.00054361886270729519 0.00019820525826814482 -0.00045205481901179509 0.017928825353326395 0.00164879156440186 -0.006909488443657576 -0.014130049447133818 -0.0035715846320618313 0.0006540861088164693 -0.0096583991590102822 -0.018050744936317642 0.023714910502679619 0.0061060683551954955 -0.001077049475669398 0.004467896854144714 0.012338799205125432 0.0029215524451797243 0.00065320942578250276 -0.0015066825896394177 0.0060017732461597698 0.0021806581629768645 -0.0026048367103812175 0.0041480665092861234 0.0063272272681432996 -0.0026090872726284744
leaf_weight=13957 4396 388 1136 248 241 3177 1952 56713 323 20238 3734 360 5418 20194 1182 108 237 967 56057 245 298 621 99203 9515 2253 190 642 1142 2688 4779
leaf_count=13957 4396 388 1136 248 241 3177 1952 56713 323 20238 3734 360 5418 20194 1182 108 237 967 56057 245 298 621 99203 9515 2253 190 642 1142 2688 4779
internal_value=-1.69221e-05 -9.70203e-05 0.000165542 -0.000337472 0.000589391 0.00380723 -0.000285706 -0.000820163 0.0006618 0.00193629 -0.0044247 -0.00114775 -0.000761486 -0.00056552 -0.000985458 0.00600862 0.0116569 -0.00110305 -0.000947883 -0.00699751 0.00042129 -0.0041615 0.000498651 0.000461174 0.00287706 -0.00488226 0.00171336 0.000774566 0.00451037 -0.00124574
internal_weight=312602 298955 213969 97525 116444 5671 97277 62399 34878 20561 5686 14317 84986 79568 59374 923 625 58451 57024 1427 110773 1757 109016 108718 5430 298 13647 10317 3330 5921
internal_count=312602 298955 213969 97525 116444 5671 97277 62399 34878 20561 5686 14317 84986 79568 59374 923 625 58451 57024 1427 110773 1757 109016 108718 5430 298 13647 10317 3330 5921
is_linear=0
shrinkage=0.03


Tree=29
num_leaves=31
num_cat=0
split_feature=102 110 156 90 159 94 238 37 273 19 228 53 158 167 160 57 311 44 236 233 115 205 115 112 233 347 218 212 74 147
split_gain=40.4315 58.2584 55.0486 53.5645 128.663 80.4346 84.4134 64.8351 67.5722 61.86 59.6567 66.2546 51.9975 51.9298 65.9283 53.1118 52.2317 51.8156 53.5467 48.5748 62.0858 45.2506 44.8015 43.0284 71.7165 42.3359 41.5536 40.6198 40.4095 40.2645
threshold=0.033249439671635635 -0.4712576419115066 1.858348608016968 -2.8344250917434688 -1.0793650746345518 -1.7255456447601316 -2.8320113420486446 -2.2426397800445552 -0.74115440249443043 -2.7874350547790523 -2.731988668441772 -1.6520075798034666 -1.8737770915031431 -0.033121764659881585 -2.1857807636260982 -0.20920573920011518 -0.018553829751908776 0.49323523044586187 1.1453143358230593 -2.6656423807144161 -2.4709970951080318 -1.4485395550727842 2.4651403427124028 -0.64904427528381337 -1.5285642147064207 -0.010938389226794241 -0.50889441370964039 -2.8742638826370235 1.0920600295066836 1.0200505256652834
decision_type=2 2 2 2 2 2 2 2 2 2 2 2 2 2 2 2 2 2 2 2 2 2 2 2 2 2 2 2 2 2
left_child=3 29 12 4 5 6 -1 13 17 26 -10 28 -3 14 19 -15 -16 18 27 -5 -21 -14 -20 24 -8 -25 -6 -9 -12 -2
right_child=1 2 -4 7 9 -7 23 8 10 -11 11 -13 21 15 16 -17 -18 -19 22 20 -22 -23 -24 25 -26 -27 -28 -29 -30 -31
leaf_value=-0.01173487837537881 -0.0033657546317069713 0.013022625416123236 0.002101506025419623 -0.0021079745479744578 0.023167626941348832 -0.016447213877690953 -0.0021454702820307534 -0.014311260515238958 0.010747542293750459 -0.000183228343498782 -0.0047217624217603706 0.00079819204190259454 -0.0057945684880218139 -0.011379619828246786 0.0019761988654093776 0.0030287047236354555 0.015162799970953874 -0.0085298314577923803 0.005872243451396102 0.022973301005438193 0.0035166290474864057 -0.00031431357593348437 -0.0065113231564875211 0 0.0097529684799478929 -0.016044379441202801 0 -0.00064748048347888841 0.0050763858951090816 0.0013139575796523313
leaf_weight=788 8728 240 8810 1265 256 478 1478 179 515 307 2950 105678 1359 379 496 480 809 719 1853 147 2461 122375 267 251 624 267 110 46133 389 1926
leaf_count=788 8728 240 8810 1265 256 478 1478 179 515 307 2950 105678 1359 379 496 480 809 719 1853 147 2461 122375 267 251 624 267 110 46133 389 1926
internal_value=1.33052e-05 -0.000356241 -0.000182366 0.000328216 -0.00286409 -0.00501608 -0.00323865 0.000418728 0.000300342 0.00891508 0.000716279 0.000664177 -0.000347398 0.00346972 0.00462528 -0.00310138 0.0104828 -0.00062038 -0.000493295 0.00253084 0.00489395 -0.000377855 0.00412615 -0.000500118 0.00130396 -0.00815485 0.016938 -0.000712922 -0.00346752 -0.00249079
internal_weight=312717 143438 132784 169279 4559 3886 3408 164720 158683 673 109532 109017 123974 6037 5178 859 1305 49151 48432 3873 2608 123734 2120 2620 2102 518 366 46312 3339 10654
internal_count=312717 143438 132784 169279 4559 3886 3408 164720 158683 673 109532 109017 123974 6037 5178 859 1305 49151 48432 3873 2608 123734 2120 2620 2102 518 366 46312 3339 10654
is_linear=0
shrinkage=0.03


Tree=30
num_leaves=31
num_cat=0
split_feature=171 257 53 55 194 53 235 51 235 65 299 111 224 38 237 58 207 325 227 211 224 275 117 167 239 208 269 110 22 225
split_gain=40.4568 80.3289 57.6197 74.6261 71.5795 61.372 54.6517 51.4107 50.5799 59.1793 57.6929 47.7631 57.8868 74.6129 60.3127 53.6276 50.2275 44.5165 44.5103 43.2618 41.8033 91.3223 64.4631 48.305 42.8805 40.8745 39.2649 50.9716 38.0428 36.967
threshold=0.22922936826944354 1.6107350587844851 -1.4605409502983091 1.892138719558716 -1.6550304293632505 0.62977141141891491 0.74981868267059337 2.3363827466964726 -1.7184412479400633 -2.2873131036758418 -0.83056265115737904 0.032990854233503349 0.89261949062347423 0.66903454065322887 -0.28625065088272089 -0.91664034128189076 -0.65609547495841969 0.0033600465394556527 -0.71645778417587269 -0.44414278864860529 -2.8104685544967647 -2.8126674890518184 -1.9210991263389585 -1.4455710649490354 0.7058561146259309 -2.8585528135299678 0.64321154356002819 -0.4712576419115066 0.95272073149681102 -0.1008973829448223
decision_type=2 2 2 2 2 2 2 2 2 2 2 2 2 2 2 2 2 2 2 2 2 2 2 2 2 2 2 2 2 2
left_child=1 2 20 5 -5 8 7 17 10 -10 -4 26 13 14 15 -13 -14 -2 -3 -18 -1 22 23 -22 25 -23 27 -8 -7 -16
right_child=6 18 3 4 -6 28 11 -9 9 -11 -12 12 16 -15 29 -17 19 -19 -20 -21 21 24 -24 -25 -26 -27 -28 -29 -30 -31
leaf_value=-0.0047320254230428611 -0.0013596366433398632 -0.0018696079349706561 -0.000226440607914456 0.018867186192958432 0.0013804062662819323 -0.003408825469187859 -0.001300322633570918 0.0054936484025030763 -0.0036714818076853048 0.00039990146119421279 0.0076746877291942782 0.0032289120797989825 -0.0082977003139367272 -0.0036296840270010227 0.0032085718173838025 -0.011334423961977255 0.014258114852283784 0.001490296266231376 0.0068153837970905858 0.0014341880217094249 0.0053583498910672401 -0.0085908968977211671 0 0.033370450554491095 0.0049879802512608701 -0.0012536902285083891 -0.0026582136027945543 0.014254202706822908 0.0040104602634472618 -0.00012275675992408288
leaf_weight=2901 61080 601 1405 361 573 5719 221 1038 3246 162631 1790 278 443 6235 3663 718 226 5251 2485 19383 153 720 280 128 894 13868 259 596 645 15338
leaf_count=2901 61080 601 1405 361 573 5719 221 1038 3246 162631 1790 278 443 6235 3663 718 226 5251 2485 19383 153 720 280 128 894 13868 259 596 645 15338
internal_value=-2.18769e-05 0.000236423 0.0001587 0.000329001 0.00870753 0.000281698 -0.000471131 -0.00102103 0.000392223 0.000317988 0.00412706 0.000304863 0.000151581 -0.00076849 0.000111369 -0.00699074 0.00136973 -0.00112912 0.00502624 0.00161165 -0.00140967 -0.000785079 0.0108413 0.0204845 -0.00123916 -0.00164763 0.00650143 0.00975772 -0.00259967 0.000506381
internal_weight=313129 198400 195314 176370 934 175436 114729 67369 169072 165877 3195 47360 46284 26232 19997 996 20052 66331 3086 19609 18944 16043 561 281 15482 14588 1076 817 6364 19001
internal_count=313129 198400 195314 176370 934 175436 114729 67369 169072 165877 3195 47360 46284 26232 19997 996 20052 66331 3086 19609 18944 16043 561 281 15482 14588 1076 817 6364 19001
is_linear=0
shrinkage=0.03


Tree=31
num_leaves=31
num_cat=0
split_feature=16 122 98 55 11 53 107 82 90 239 53 209 263 251 215 58 199 233 219 67 52 227 109 100 48 271 223 21 0 221
split_gain=46.617 49.9169 69.4734 49.6432 54.5992 64.6075 72.1101 51.3618 54.6494 48.8071 66.6288 52.2866 46.4014 87.39 52.7401 51.801 48.2029 46.0416 56.776 42.2795 46.3591 99.7464 49.7661 49.344 57.6238 47.4152 42.237 74.1312 59.7231 41.2607
threshold=1.862739145755768 0.29962190985679632 -2.245470285415649 1.2831287384033205 0.036317646503448493 1.2758452892303469 0.49319046735763555 0.36411875486373907 0.86550658941268932 -2.0292974710464473 -0.097291160374879823 0.74801564216613781 -0.83447211980819691 -1.3646086454391477 -0.24816270917654035 0.80502688884735119 -1.3320043683052061 1.7804254889488222 1.1196635961532595 0.41721917688846594 0.22583618760108951 -0.17114756256341931 -2.6363557577133174 -0.92852169275283802 -0.51688972115516651 -0.32565329968929285 -1.4634944796562193 -0.33254855871200556 -0.10981244593858717 -0.13710764795541761
decision_type=2 2 2 2 2 2 2 2 2 2 2 2 2 2 2 2 2 2 2 2 2 2 2 2 2 2 2 2 2 2
left_child=1 3 -3 4 5 7 -7 -1 -9 -2 11 -11 14 -14 15 -5 -17 18 -12 -4 21 22 -21 -22 -25 -23 27 -6 -29 -8
right_child=9 2 19 12 26 6 29 8 -10 10 17 -13 13 -15 -16 16 -18 -19 -20 20 23 25 -24 24 -26 -27 -28 28 -30 -31
leaf_value=6.504693954199069e-05 0.0072524097653965339 0.012765724663906124 -0.0019559427252378446 -0.00066657249653473633 -0.0047500460503906144 -0.0085110075318127511 0.01492769648115356 -0.0042019986825498736 0.0019281864966628798 -0.0059843779185556516 0.0026451546535551499 0.0086311879242784474 -0.014572174749554734 0.0013638759843639947 0.013465398032388847 0.0093666706110748822 -0.00020764677061465395 0.0031131253226519434 -0.0048802725091542888 0.0093695183190877478 0.0085989973591882492 -0.0057479725314455807 -0.0017207257931995015 -0.010307199249870478 -0.0010321043587897924 0.0022068094167087544 0.00097698845367249023 0.034756604317666549 0.0071652988814759639 -0.0012962647667831503
leaf_weight=152776 1419 325 18634 1601 197 1716 134 5008 1680 220 1310 1433 301 7632 534 1426 613 2223 2579 347 442 662 13849 602 36202 18203 38389 103 303 1657
leaf_count=152776 1419 325 18634 1601 197 1716 134 5008 1680 220 1310 1433 301 7632 534 1426 613 2223 2579 347 442 662 13849 602 36202 18203 38389 103 303 1657
internal_value=3.198e-05 -3.08648e-05 -0.00062761 0.000216609 0.000103093 -0.000136577 -0.00415369 -4.58405e-05 -0.00261624 0.00213582 0.00114603 0.00645838 0.0020822 0.000686371 0.00464761 0.00320553 0.00636851 -0.000258159 -0.00226804 -0.000682782 -0.00034062 0.000470616 -0.00141574 -0.00106862 -0.00119748 0.00190599 0.00111206 0.00892246 0.0161724 0
internal_weight=312520 303336 89266 214070 201963 162971 3507 159464 6688 9184 7765 1653 12107 7933 4174 3640 2039 6112 3889 88941 70307 33061 14196 37246 36804 18865 38992 603 406 1791
internal_count=312520 303336 89266 214070 201963 162971 3507 159464 6688 9184 7765 1653 12107 7933 4174 3640 2039 6112 3889 88941 70307 33061 14196 37246 36804 18865 38992 603 406 1791
is_linear=0
shrinkage=0.03


Tree=32
num_leaves=31
num_cat=0
split_feature=171 203 176 292 239 298 50 231 108 57 109 165 118 55 299 276 259 188 166 274 56 85 29 30 266 231 111 293 236 61
split_gain=43.246 66.3769 61.6875 56.8629 72.4343 53.8161 60.4991 57.2507 51.0518 88.8916 59.5102 58.2849 50.7285 75.2541 54.924 50.8521 120.218 48.881 46.4543 69.0235 107.276 49.6356 46.1582 45.4023 58.9115 45.0535 53.2261 43.5638 43.1511 43.9091
threshold=0.22922936826944354 1.5895255804061892 0.78627020120620739 1.8758851885795595 0.14446488767862323 -0.6979011297225951 0.61782905459404003 1.5524111986160281 1.076899588108063 1.4202568531036379 1.603324890136719 2.3549120426177983 1.0531226396560671 1.6099676489830019 0.15315598249435428 -2.7791996002197261 -2.782790899276733 -1.5139302015304563 -2.6469684839248653 -2.8159689903259273 -1.9064345359802244 -2.8145563602447505 -0.69479325413703907 -1.040307283401489 -2.3361672163009639 0.065151832997798934 -0.95024433732032765 0.62706956267356884 -0.92636102437973011 1.2884082794189455
decision_type=2 2 2 2 2 2 2 2 2 2 2 2 2 2 2 2 2 2 2 2 2 2 2 2 2 2 2 2 2 2
left_child=1 12 -3 5 -5 6 28 8 25 11 -11 -10 14 -14 18 -16 -17 -18 21 20 -20 -1 -21 24 -8 26 -7 -4 -2 -30
right_child=3 2 27 4 -6 7 23 -9 9 10 -12 -13 13 -15 15 16 17 -19 19 22 -22 -23 -24 -25 -26 -27 -28 -29 29 -31
leaf_value=-0.012019127822667116 -0.0091555073576678175 0.0026024264929742987 0.019137386584870335 0.0045100421950497157 -0.0006366318951270528 -0.015401401017269077 -0.0088566502506056653 -0.0034089761409332123 0.0018154621505810059 -0.00021704191258340331 -0.0095487270551691469 0.011906405413318796 -0.0027557487458345245 0.0058978413805830156 0.0080351360033660228 -0.012289207658440646 0.0041000031134931919 0.00080795941232402997 0.018712313502978108 -0.0010669045517642584 0.0010653644469832847 -0.0015506063671454383 0.0002828330535091978 -0.0014265987902024539 0.01138630695562729 -0.00077705852007817384 0.0033618867855636017 -0.00028242250252515078 -0.0021141697198541016 -0.014463535005444464
leaf_weight=552 1558 2331 375 4482 5233 117 136 5462 13383 1835 962 531 9059 967 909 591 4420 57024 428 30751 1152 1772 87717 5650 533 67046 3570 100 3826 273
leaf_count=552 1558 2331 375 4482 5233 117 136 5462 13383 1835 962 531 9059 967 909 591 4420 57024 428 30751 1152 1772 87717 5650 533 67046 3570 100 3826 273
internal_value=-8.63804e-06 0.000258659 0.00482791 -0.000473399 0.00171135 -0.000678915 -0.00257504 -0.000430767 -0.000240572 0.00124401 -0.00357808 0.00223863 0.000191 -0.00188117 0.000304919 0.00102518 0.000915068 0.00105091 -6.32125e-05 1.59653e-05 0.00620733 -0.00424643 -6.51104e-05 -0.000500682 0.0066981 -0.000595805 0.00260566 0.0145967 -0.00482936 -0.00307573
internal_weight=312745 198148 2806 114597 9715 104882 11976 92906 87444 16711 2797 13914 195342 10026 185316 62944 62035 61444 122372 120048 1580 2324 118468 6319 669 70733 3687 475 5657 4099
internal_count=312745 198148 2806 114597 9715 104882 11976 92906 87444 16711 2797 13914 195342 10026 185316 62944 62035 61444 122372 120048 1580 2324 118468 6319 669 70733 3687 475 5657 4099
is_linear=0
shrinkage=0.03


Tree=33
num_leaves=31
num_cat=0
split_feature=16 57 118 232 178 178 255 80 289 288 174 88 274 42 25 210 113 232 115 285 341 58 102 234 321 111 234 49 89 92
split_gain=47.0711 40.7665 56.9332 57.3559 45.2541 57.6692 115.089 91.4461 86.8546 81.5523 71.4003 58.9796 72.0327 53.4365 49.3126 60.5492 54.3923 50.0957 45.0707 44.4767 43.5132 42.5404 42.2807 40.8548 40.4537 40.3161 45.0296 39.0584 37.7904 38.7827
threshold=2.283372282981873 -0.14152514189481732 2.4239581823349003 0.78738152980804454 0.73552194237709057 2.1118500232696538 -2.3524185419082637 -1.4755522608757017 -0.28022955358028406 -1.711580157279968 0.91874396800994884 -0.17821905016899106 0.54064923524856578 -1.0765665173530576 -1.7573163509368894 -0.59096279740333546 -2.5337560176849361 -2.0755145549774165 2.4651403427124028 0.72178664803504955 -0.0059688719920814029 0.24765234440565112 0.033249439671635635 0.65526396036148082 -0.022048380225896832 0.90844070911407482 -1.3701798915863035 1.5849923491477969 -0.44908586144447321 -1.3828651905059812
decision_type=2 2 2 2 2 2 2 2 2 2 2 2 2 2 2 2 2 2 2 2 2 2 2 2 2 2 2 2 2 2
left_child=1 2 3 18 14 6 -6 8 23 -9 -11 12 -8 -13 16 19 -3 -17 25 21 -21 -16 -19 -7 -10 27 -27 -1 29 -18
right_child=-2 4 -4 -5 5 7 11 9 24 10 -12 13 -14 -15 15 17 28 22 -20 20 -22 -23 -24 -25 -26 26 -28 -29 -30 -31
leaf_value=-0.00033417792048450362 0.0030364289440143882 -0.012217664298971732 -0.017443957748872575 -0.0027941275023415945 -0.0093840526052517814 -0.00086454474804570434 0.0004783602362285042 0.013454874347183747 0.0034943383638781026 -0.0070721487642134402 0.00077111853856870786 0.0079517661819860728 0.011287210553473384 -0.0016553137987635142 -0.0019622190107061849 -0.011982224429412432 0.0040065305947751635 0.0015192851232137196 0.017936459937663445 -0.013850892361506145 0.00079897016352590384 0.00092676791090427855 0.00027547574994189538 0.0096109690240113767 0.020114369199426586 -0.0078631639087598775 0.0042863403977536733 -0.011668042424970064 -0.0096822242253303374 0.013360185890760679
leaf_weight=119285 4505 146 158 8572 1400 984 12215 352 254 1335 4356 502 567 26721 11207 255 2644 41550 102 450 235 7580 62106 456 502 270 2825 256 119 514
leaf_count=119285 4505 146 158 8572 1400 984 12215 352 254 1335 4356 502 567 26721 11207 255 2644 41550 102 450 235 7580 62106 456 502 270 2825 256 119 514
internal_value=-1.35626e-07 -4.57307e-05 -0.000446422 -0.000421031 0.00025113 -0.000513453 -0.000974314 0.00176303 0.00697832 -9.94777e-05 -0.00103456 -0.000667972 0.000998151 -0.00146144 0.00055286 0.000451231 0.00410508 0.000740643 -0.000252423 -0.00107698 -0.00851941 -0.000780901 0.000777141 0.00233344 0.015151 -0.000272919 0.00308646 -0.000362907 0.004993 0.00569784
internal_weight=312423 307918 131468 131310 176450 49644 41405 8239 2196 6043 5691 40005 12782 27223 126806 123383 3423 103911 122738 19472 685 18787 103656 1440 756 122636 3095 119541 3277 3158
internal_count=312423 307918 131468 131310 176450 49644 41405 8239 2196 6043 5691 40005 12782 27223 126806 123383 3423 103911 122738 19472 685 18787 103656 1440 756 122636 3095 119541 3277 3158
is_linear=0
shrinkage=0.03


Tree=34
num_leaves=31
num_cat=0
split_feature=58 112 3 188 211 19 236 65 264 164 283 151 298 230 103 76 124 15 113 119 116 171 73 56 228 10 88 39 156 297
split_gain=48.1545 64.368 157.268 45.5207 75.9722 64.0113 56.8829 80.3639 60.1307 56.7689 49.2322 48.9125 47.9589 45.0085 45.6501 38.3031 45.2118 48.2206 47.2053 58.5344 57.6611 57.789 59.8785 49.3135 48.4063 60.3647 56.3854 42.0468 49.9264 42.4688
threshold=0.28111246228218084 -1.4900961518287656 -1.5091485381126402 -1.3805266618728635 -2.3473809957504268 1.0000000180025095e-35 0.91802841424942028 -2.2873131036758418 1.0000000180025095e-35 -2.0634148120880123 -0.27677522599697107 0.55148944258689891 0.88594657182693493 -1.3802703619003294 -1.6125093102455137 1.857447147369385 1.0131549239158633 0.80161824822425853 -1.9825466871261594 1.6493785381317141 -2.4708523750305171 0.16199281066656115 1.0000000180025095e-35 0.48937150835990911 -2.0818377733230586 -0.61127281188964833 -2.8365452289581294 0.099557992070913329 -0.033566962927579873 0.89946162700653087
decision_type=2 2 2 2 2 2 2 2 2 2 2 2 2 2 2 2 2 2 2 2 2 2 2 2 2 2 2 2 2 2
left_child=15 2 -2 5 -5 6 7 10 11 -6 -3 -8 -9 -11 -15 16 18 -18 19 23 21 22 -20 -1 26 -26 -22 28 -19 -29
right_child=1 3 -4 4 9 -7 8 12 -10 13 -12 -13 -14 14 -16 -17 17 27 20 -21 24 -23 -24 -25 25 -27 -28 29 -30 -31
leaf_value=-0.0023663057358644835 -0.0029204234207804085 -0.0098213601005809944 0.0085577604877959696 -0.014813080666234426 -0.0082827933026065632 0.015185118474644321 0.0092973929615414123 0.0045989057506241179 -0.0094335729499580336 0.0058206601026484514 0.00036928687461116049 -0.002053178846231097 -0.0017110375547092652 0.0067280781400692168 0.00015823933663103477 0.0026305142231334822 -0.0046978519095569249 -0.0019155857402027672 0.013733924508037508 0.013893143359235808 -0.0052482285522942578 -0.0085847886055076521 -0.0021485556432194867 -0.013504017263097261 -0.0010985470673111663 0.00016022967615256123 0.0057948552002826332 -0.00094958978016772971 0.0070087461724682746 -0.0073972640875362462
leaf_weight=6426 1702 924 2725 282 675 328 1829 3034 180 1300 677 361 1582 945 92622 4061 4015 972 733 163 463 157 249 377 46963 125934 2295 8114 1186 1050
leaf_count=6426 1702 924 2725 282 675 328 1829 3034 180 1300 677 361 1582 945 92622 4061 4015 972 733 163 463 157 249 377 46963 125934 2295 8114 1186 1050
internal_value=3.29041e-05 0.000541862 0.00408412 0.000388527 0.000194122 0.00243943 0.00188357 0.000319064 0.00582506 0.000244647 -0.00537568 0.00728897 0.00237359 0.000310216 0.000229222 -0.000239132 -0.00029943 -0.00186512 -0.000166933 -0.00258687 -6.96048e-05 0.00659549 0.00944479 -0.00306526 -0.000115277 -0.000180037 0.00380857 -0.00082761 0.00287066 -0.00173552
internal_weight=312324 109166 4427 104739 95824 8915 8587 6217 2370 95542 1601 2190 4616 94867 93567 203158 199097 15337 183760 6966 176794 1139 982 6803 175655 172897 2758 11322 2158 9164
internal_count=312324 109166 4427 104739 95824 8915 8587 6217 2370 95542 1601 2190 4616 94867 93567 203158 199097 15337 183760 6966 176794 1139 982 6803 175655 172897 2758 11322 2158 9164
is_linear=0
shrinkage=0.03


Tree=35
num_leaves=31
num_cat=0
split_feature=298 171 229 65 119 168 234 140 171 293 115 176 4 24 179 184 187 49 73 340 168 169 113 116 51 213 239 141 110 235
split_gain=35.8142 55.8091 72.0074 65.2829 81.9866 65.0056 66.0894 59.7388 56.2971 52.8676 50.8022 49.4256 84.874 55.822 49.1028 54.6123 76.4859 43.6531 43.4059 74.0587 53.2796 70.8179 47.8239 49.2489 49.9877 47.1529 39.7005 39.6042 42.0936 36.2771
threshold=-0.12167460843920706 0.16199281066656115 0.16650395840406421 -2.2873131036758418 -0.48047365248203272 -0.55740025639533985 -1.2367018461227415 2.3067474365234379 1.6732238531112673 1.0717420578002932 -0.59664827585220326 -0.40237110853195185 -2.2897607088088985 -1.7630263566970823 0.99446263909339916 -2.2993640899658199 -1.2658270597457884 -0.35168330371379847 -2.7070323228836055 -0.0093724681064486486 -0.16768758744001386 -1.6339443922042844 -1.9825466871261594 -2.4708523750305171 -1.1052277684211729 -2.3270729780197139 -1.7244142293930051 0.37164995074272161 -1.7006919980049131 -1.0000000180025095e-35
decision_type=2 2 2 2 2 2 2 2 2 2 2 2 2 2 2 2 2 2 2 2 2 2 2 2 2 2 2 2 2 2
left_child=1 14 5 4 -4 6 -3 10 -8 17 -5 12 13 -2 18 -16 -17 -7 19 20 21 -1 27 24 -24 -21 -13 -20 -29 -28
right_child=11 2 3 7 -6 9 8 -9 -10 -11 -12 26 -14 -15 15 16 -18 -19 22 25 -22 -23 23 -25 -26 -27 29 28 -30 -31
leaf_value=-0.0041678461264085011 -0.01321861083317121 -0.011310114761175544 0.019015665065955659 -0.0052471126834271508 -0.0070366141155362126 -0.012321286344855664 0.00033098490033571374 0.0062217589429564768 0.014559211908830636 -0.014561651863748217 -0.00066791993988962414 0.0040996909706041244 0.0019886822047381872 0.0046559742332972359 -0.0036355080739471366 0.011631966901956592 0.0016423938595758253 -0.0033748740332236815 -0.0040796216464737238 0.01787521080764214 -0.017169945974325713 0.01188727114136663 0.013032405319919164 -0.00010246851529693438 -0.00059572898806326327 0.0021434097321235955 -0.00083909293821213455 0.0088904025851107987 -0.0030408251239115013 0.00030183093599653061
leaf_weight=604 534 281 305 2421 130 569 1056 1011 329 521 23688 2209 21545 178 771 1049 2226 5083 4603 429 132 378 500 87752 376 366 31611 465 525 120444
leaf_count=604 534 281 305 2421 130 569 1056 1011 329 521 23688 2209 21545 178 771 1049 2226 5083 4603 429 132 378 500 87752 376 366 31611 465 525 120444
internal_value=3.32458e-05 -0.000332362 -0.00135619 -0.000620273 0.0106035 -0.00389669 0.00120579 -0.000819035 0.00408349 -0.00532167 -0.00110771 0.000315742 0.00163777 -0.00833501 2.65796e-05 0.00325817 0.00498434 -0.00436869 -0.000106963 0.00434105 -0.000422781 0.00182674 -0.00020117 -2.76704e-05 0.00696534 0.0112311 0.000122868 -0.00288714 0.00233128 6.25903e-05
internal_weight=312091 135570 35394 27555 435 7839 1666 27120 1385 6173 26109 176521 22257 712 100176 4046 3275 5652 96130 1909 1114 982 94221 88628 876 795 154264 5593 990 152055
internal_count=312091 135570 35394 27555 435 7839 1666 27120 1385 6173 26109 176521 22257 712 100176 4046 3275 5652 96130 1909 1114 982 94221 88628 876 795 154264 5593 990 152055
is_linear=0
shrinkage=0.03


Tree=36
num_leaves=31
num_cat=0
split_feature=270 102 164 74 140 227 149 238 216 69 206 173 113 249 207 139 19 97 280 312 39 35 40 48 239 162 40 352 103 32
split_gain=36.8507 39.2255 51.5411 51.856 50.2499 59.577 49.8191 46.8508 43.308 65.4706 41.3348 39.4835 38.6403 38.5402 35.8281 32.7576 35.2461 30.8062 44.2165 32.3819 28.2459 26.4888 22.7897 22.7202 61.5745 58.1488 37.2808 24.5265 22.3849 21.2001
threshold=2.2791340351104741 0.033249439671635635 1.8899815678596499 1.4398040175437929 -2.7830961942672725 -0.24328497797250745 1.0906381607055666 -2.1465247869491573 -0.44672083854675287 0.59369298815727245 -2.03336489200592 -1.843771696090698 -1.4794583916664121 0.93239894509315502 2.2480015754699711 1.0000000180025095e-35 1.0042811036109927 -0.21212148666381833 -0.068889025598764406 -0.0132313035428524 0.30551971495151525 0.72523516416549694 0.30203859508037573 1.5938827991485598 -0.24578830599784848 1.6168674230575564 1.1496675014495852 -0.012622561305761336 -0.27891328930854792 1.1709582209587099
decision_type=2 2 2 2 2 2 2 2 2 2 2 2 2 2 2 2 2 2 2 2 2 2 2 2 2 2 2 2 2 2
left_child=1 2 3 6 -3 7 8 -6 9 -1 20 -10 22 28 -14 -2 -17 18 -9 -19 -7 -5 -12 24 -18 -25 -26 -27 -8 -15
right_child=15 4 -4 21 5 10 13 17 11 -11 12 -13 14 29 -16 16 23 19 -20 -21 -22 -23 -24 25 26 27 -28 -29 -30 -31
leaf_value=-4.7326959988274943e-05 0.015272778622898442 0.013039926649511382 -0.011249958028913373 0.0077022973812057383 -0.012220781035147198 0 -0.012099940943917068 0 -0.0049353033806605121 -0.0041363251307971896 -0.0013044473408691346 0.00081992054713703199 -0.0002512059262528058 -0.0016131033228996854 -0.0056045163181987472 -0.0093359992448365237 -0.00021320613947552596 -0.0030503018755608357 -0.008515223849682424 0.0002886891491623433 -0.022976881845808421 -3.8205678261770978e-05 0.009913963822779719 -0.011833879889972903 0.00045918703463199595 0.0061731507856725197 0.01488124044446382 0 -0.0033535448344705157 0.010793743990902551
leaf_weight=80727 164 226 331 1237 418 107 560 1000 1054 3674 166 79753 123660 331 1122 204 829 4881 1413 5283 102 471 510 268 279 909 604 1391 766 153
leaf_count=80727 164 226 331 1237 418 107 560 1000 1054 3674 166 79753 123660 331 1122 204 829 4881 1413 5283 102 471 510 268 279 909 604 1391 766 153
internal_value=-4.83579e-05 -8.93964e-05 0.000216277 0.00024188 -0.000463605 -0.000489655 0.000186504 -0.00242494 0.000242731 -0.000229814 -0.00028679 0.000739938 -0.000261064 -0.00472827 -0.000302635 0.00259504 0.001999 -0.00205667 -0.00513327 -0.00128816 -0.0130479 0.00541842 0.00676979 0.00264994 0.00533613 0.000715827 0.0107677 0.00239686 -0.00739514 0.00198635
internal_weight=312593 307945 169057 168726 138888 138662 167018 12995 165208 84401 125667 80807 125458 1810 124782 4648 4484 12577 2413 10164 209 1708 676 4280 1712 2568 883 2300 1326 484
internal_count=312593 307945 169057 168726 138888 138662 167018 12995 165208 84401 125667 80807 125458 1810 124782 4648 4484 12577 2413 10164 209 1708 676 4280 1712 2568 883 2300 1326 484
is_linear=0
shrinkage=0.03


Tree=37
num_leaves=31
num_cat=0
split_feature=156 102 110 159 196 8 205 93 96 164 11 98 44 110 232 227 115 166 232 291 186 178 66 151 255 36 118 289 220 150
split_gain=48.3776 51.1973 64.1964 61.7789 61.3636 67.6443 57.9991 57.497 55.1809 50.7718 47.6509 52.8173 43.1475 69.5024 80.7227 60.9026 60.3608 53.7404 47.878 44.5024 42.9486 40.9079 40.8561 62.8522 38.7708 36.3351 34.4618 34.3789 34.1294 34.0676
threshold=1.858348608016968 -0.060911560431122773 -0.4712576419115066 -1.0793650746345518 0.93005681037902843 0.5917223095893861 -1.1939253211021421 0.4256704598665238 -0.21219814568758008 1.6161167025566103 0.14345579594373706 -2.245470285415649 0.45129925012588507 1.276649057865143 1.8065311312675478 1.2407063245773318 -1.3190408349037168 2.3955425024032597 1.0545376539230349 1.6046285033226015 -1.8397357463836668 2.8008755445480351 -2.6393816471099849 -0.03534253686666488 -1.0000000180025095e-35 0.83530074357986461 1.0531226396560671 -2.6170803308486934 0.23704126477241519 1.6360036730766299
decision_type=2 2 2 2 2 2 2 2 2 2 2 2 2 2 2 2 2 2 2 2 2 2 2 2 2 2 2 2 2 2
left_child=1 4 20 -4 5 9 7 28 27 10 21 -12 -2 15 16 29 -15 -17 26 -20 -3 -1 23 -8 -22 -6 -18 -7 -5 -14
right_child=12 2 3 6 25 8 22 -9 -10 -11 11 -13 13 14 -16 17 18 -19 19 -21 24 -23 -24 -25 -26 -27 -28 -29 -30 -31
leaf_value=0.00015686773470995616 -0.0050974944090247734 0.0034066076797965761 0.012634478451474742 -0.0029353918841558448 0.0043912050347780776 0.0090333571917915224 -0.0003737662392034686 0.012423751280625903 0 -0.010311588138583622 0.01515383529371836 0.0017223385042341346 -0.0024171641622290968 0.015205231208405265 0.0039897834804960633 0.015247092650065984 -0.004225306659503358 -0.00063383392918492766 0.0054983807703151274 -0.0048848549457216539 -0.0053529622857012163 0.0045395401394546682 -0.00018497401103201617 0.025928339390152128 -0.0016995777794233397 -0.003998950693072342 -0.017420853473956294 -0.0053833686624309447 -0.01045813047646079 0.0058280585396416115
leaf_weight=111264 639 1024 315 1880 4727 122 149 143 4527 373 255 16229 625 126 3138 890 560 196 562 969 3888 1938 141645 117 9279 462 338 3959 880 1246
leaf_count=111264 639 1024 315 1880 4727 122 149 143 4527 373 255 16229 625 126 3138 890 560 196 562 969 3888 1938 141645 117 9279 462 338 3959 880 1246
internal_value=2.83607e-05 -3.60722e-05 -0.000407396 -0.000216655 0.000373082 0.000250636 -0.000248421 -0.00443534 -0.00231646 0.000423177 0.00045795 0.00196641 0.00215912 0.00274031 0.000735392 0.00646866 -0.00314503 0.01215 -0.00433581 -0.000858197 -0.00233391 0.000235337 -0.000160045 0.0111504 -0.00280759 0.00357411 -0.00979013 -0.00483728 -0.00549984 0.00291869
internal_weight=312465 303176 159320 145129 143856 138667 144814 2903 8608 130059 129686 16484 9289 8650 5693 2957 2555 1086 2429 1531 14191 113202 141911 266 13167 5189 898 4081 2760 1871
internal_count=312465 303176 159320 145129 143856 138667 144814 2903 8608 130059 129686 16484 9289 8650 5693 2957 2555 1086 2429 1531 14191 113202 141911 266 13167 5189 898 4081 2760 1871
is_linear=0
shrinkage=0.03


Tree=38
num_leaves=31
num_cat=0
split_feature=51 210 118 53 215 293 292 48 115 50 12 33 160 147 48 116 223 108 109 232 57 151 238 148 18 179 228 91 105 245
split_gain=36.6824 79.8112 46.0337 41.1706 68.8405 69.3021 48.1918 47.9488 46.9428 66.8019 44.9657 63.0013 50.6973 43.8798 42.8702 41.8789 41.5337 40.7658 62.7491 55.3682 75.1637 47.0542 59.7493 68.0666 71.9871 51.9237 59.5994 55.2036 44.2378 43.5851
threshold=0.16039144992828372 1.5918523073196413 -1.0908746719360349 -1.6520075798034666 -2.3041232824325557 0.84327968955039989 -1.0999423861503599 -1.9956308007240293 1.1644320487976076 -2.5735955238342281 0.93291816115379345 -0.52961820363998402 -1.8541683554649351 -1.9655482769012449 -0.51688972115516651 1.6063010692596438 -1.3217322826385496 1.2878724932670595 1.603324890136719 1.8065311312675478 1.4202568531036379 0.50843551754951488 0.35470663011074072 -0.95392590761184681 -2.3522409200668331 1.6786234974861147 -1.2512567639350889 -0.25140127539634699 0.58010822534561168 -2.6340078115463252
decision_type=2 2 2 2 2 2 2 2 2 2 2 2 2 2 2 2 2 2 2 2 2 2 2 2 2 2 2 2 2 2
left_child=1 3 -3 6 8 7 10 13 9 -5 11 12 -1 -6 -7 -9 -11 21 -19 20 -20 22 25 28 -25 26 -2 -28 -24 -23
right_child=17 2 -4 4 5 14 -8 15 -10 16 -12 -13 -14 -15 -16 -17 -18 18 19 -21 -22 29 23 24 -26 -27 27 -29 -30 -31
leaf_value=-0.0022177221650837163 0.0071331957409838135 -0.0012109614920641693 0.0076816249459721432 -0.013773664544200778 -0.0040942235855303483 -0.011691410949971877 -0.0076830725730521977 0.00014739995329085111 0.014722373467598587 0.0055340795523959379 0.0054538629790420292 -0.0056118658480353448 0.0020795434270731244 0.0061635524216768533 -0.0013213617147956795 0.006715960656960126 -0.0011020188105799204 0.0025536326595577961 -0.00061671011955198856 0.0013404035371286543 -0.00811934965979654 0.015673482586997883 0.0060509748820878713 -0.017160108808783017 0.0004072965680659166 -0.0095370314969089875 -0.002631174950909778 -0.00013243516779114339 -0.0048042237503801693 -0.0015990429230337089
leaf_weight=5451 789 629 1980 179 405 674 1006 159132 328 3111 904 2492 4457 2095 913 861 1061 9680 4715 6189 1645 109 2953 191 27829 622 12768 21801 335 37063
leaf_count=5451 789 629 1980 179 405 674 1006 159132 328 3111 904 2492 4457 2095 913 861 1061 9680 4715 6189 1645 109 2953 191 27829 622 12768 21801 335 37063
internal_value=-3.02433e-05 0.000237251 0.00543071 0.000161013 0.00029354 0.000189061 -0.00137917 0.000252113 0.00387707 0.00292724 -0.000869159 -0.00136232 -0.000254134 0.00436344 -0.00600291 0.000185458 0.00377765 -0.000424632 0.000735043 -0.000645737 -0.00262364 -0.000674375 -0.000195865 0.000756705 0.000264694 -0.00103304 -0.000869653 -0.001065 0.00483194 -0.00153193
internal_weight=312367 185678 2609 183069 168759 164080 14310 162493 4679 4351 13304 12400 9908 2500 1587 159993 4172 126689 22229 12549 6360 104460 67288 31308 28020 35980 35358 34569 3288 37172
internal_count=312367 185678 2609 183069 168759 164080 14310 162493 4679 4351 13304 12400 9908 2500 1587 159993 4172 126689 22229 12549 6360 104460 67288 31308 28020 35980 35358 34569 3288 37172
is_linear=0
shrinkage=0.03


Tree=39
num_leaves=31
num_cat=0
split_feature=57 320 168 116 115 291 76 232 253 52 209 213 228 58 178 84 202 94 41 178 24 148 78 232 230 20 223 265 272 19
split_gain=42.8814 43.4784 48.1561 87.4059 46.5917 70.8037 42.6069 53.5284 45.3154 100.012 53.3802 44.406 40.85 37.5818 37.5414 52.2814 65.3258 60.676 78.5314 69.8545 91.1791 67.6056 67.4037 57.0364 76.4759 63.7046 51.5656 49.6004 58.7052 46.9466
threshold=-0.10923480242490767 -0.023469150997698304 -1.6335858106613157 -0.62801083922386158 -1.4640157222747801 -1.9864920973777769 1.6186725497245791 0.78738152980804454 -2.717464685440063 -0.69074723124504078 -1.1776105761528013 1.0646504163742068 0.41509546339511877 1.0348190069198611 0.55726805329322826 -1.0000000180025095e-35 -0.07403435185551642 0.5425671935081483 1.048874616622925 2.8008755445480351 -2.3429926633834834 -0.17987042665481565 -1.6320649385452268 1.8065311312675478 1.5455415248870852 1.0967314243316653 1.537202060222626 -1.5788396000862119 -1.5476976633071897 1.2986345291137698
decision_type=2 2 2 2 2 2 2 2 2 2 2 2 2 2 2 2 2 2 2 2 2 2 2 2 2 2 2 2 2 2
left_child=1 -1 3 13 -5 -6 7 8 9 -4 -10 -8 -13 -3 26 17 -17 18 19 20 -16 -19 -20 24 29 -26 27 -2 -29 -18
right_child=14 2 6 4 5 -7 11 -9 10 -11 -12 12 -14 -15 15 16 23 21 22 -21 -22 -23 -24 -25 25 -27 -28 28 -30 -31
leaf_value=-0.0030768002859555164 0.0039742540853990628 0.00089234222984723853 0.013112736861855583 -0.0061988605197189342 0.021337013438430412 0.0054302832578757764 0.0071760589168160544 -0.0028875709128473388 -0.002317427170833337 -0.0021278469152360533 -0.0001820962205045706 -0.0045469378978798079 0.0029445114771728181 -0.010976643615924731 -0.0060844822916973247 -0.0073860675792101656 -0.0013005763561385183 0.015052025738891191 0.010598093143998439 0.0060878353582703854 0.0008433580218299093 0.00199715094393024 -0.012019432154427839 0.0020458969725682483 -0.00043794733281858606 -0.0095763186537178666 0.0047690788926708864 -0.0056173964257209535 0.00054154305658435126 0.0016796345194707118
leaf_weight=5102 3745 7345 685 141 368 1027 1278 8003 11852 790 98187 951 1952 226 1848 1343 23380 526 111 1999 19762 1257 725 5798 1275 1681 2720 1385 101171 5879
leaf_count=5102 3745 7345 685 141 368 1027 1278 8003 11852 790 98187 951 1952 226 1848 1343 23380 526 111 1999 19762 1257 725 5798 1275 1681 2720 1385 101171 5879
internal_value=3.50229e-05 -0.000359298 -0.000252193 0.00184487 0.00833307 0.0100808 -0.000409283 -0.00051567 -0.00034227 0.00483005 -0.000415192 0.00254845 0.000373418 0.000470537 0.00034819 -0.000215452 -0.000910351 0.000815737 0.000410493 0.000745221 0.000231969 0.00613908 -0.00848847 -0.000669912 -0.00116897 -0.00576494 0.00068999 0.000581916 0.000454364 -0.000690779
internal_weight=312512 137907 132805 9107 1536 1395 123698 119517 111514 1475 110039 4181 2903 7571 174605 65584 39356 26228 24445 23609 21610 1783 836 38013 32215 2956 109021 106301 102556 29259
internal_count=312512 137907 132805 9107 1536 1395 123698 119517 111514 1475 110039 4181 2903 7571 174605 65584 39356 26228 24445 23609 21610 1783 836 38013 32215 2956 109021 106301 102556 29259
is_linear=0
shrinkage=0.03


Tree=40
num_leaves=31
num_cat=0
split_feature=57 298 171 115 146 125 281 104 47 276 239 119 58 236 176 64 224 109 178 286 42 118 292 108 53 175 67 331 31 141
split_gain=44.6604 65.033 45.1665 59.9792 58.2911 65.7766 64.6839 48.9195 94.4721 82.1303 63.5724 50.7792 47.0122 91.4659 41.8566 41.5114 41.1516 48.4141 68.1022 71.5149 73.5025 65.5084 57.7988 54.8127 52.2025 70.7985 44.9908 42.8329 44.4821 40.5285
threshold=-0.076079655438661561 1.2505142688751223 0.096144106239080443 1.4153556823730471 -1.1465661525726316 -2.2743029594421382 0.033137535676360137 -2.1597034931182857 -2.0280541181564327 -2.7791996002197261 0.17879493534564975 2.4947931766510014 -1.2016855478286741 -0.85124045610427845 -0.065097730606794343 -2.6213757991790767 2.2094079256057744 1.603324890136719 2.8008755445480351 -2.0745726823806758 -1.6072653532028196 1.2689075469970705 1.6027811765670779 1.4277473092079165 -2.4813730716705318 -0.79325380921363819 -2.6459908485412593 -0.012063821777701376 1.4252913594245913 -0.58276256918907154
decision_type=2 2 2 2 2 2 2 2 2 2 2 2 2 2 2 2 2 2 2 2 2 2 2 2 2 2 2 2 2 2
left_child=1 2 3 7 6 14 12 10 -9 -10 11 -1 13 -4 -6 -14 17 18 19 24 26 -19 -23 -22 -2 -26 -21 -20 29 -29
right_child=16 -3 4 -5 5 -7 -8 8 9 -11 -12 -13 15 -15 -16 -17 -18 21 27 20 23 22 -24 -25 25 -27 -28 28 -30 -31
leaf_value=-0.0023291978833224754 -0.015494086797161849 -0.014193864416550187 -0.0090397451402136949 0.013680026652097391 0 -0.0009446116521679899 -0.01455328889116852 0.0059238632130330744 0.0099958129949894552 -0.00011120811791824006 -0.012373597761881424 0.013640950159093395 -0.017005812407184677 0.010019946324693852 0.019254050513371403 -0.0036618121335708557 0.0034992997733216936 0.0003476096751751935 0.01036625305723393 -0.0080494580670736372 0.00020881620778813342 -0.010710157926605493 -0.0022680884572996909 0.0036571094506244158 0.0068095075410851327 -0.0057665261444422326 0.0056953448482087894 0.0044467740113950452 0.014596574122531224 -0.0051512475051573789
leaf_weight=4278 338 286 339 268 159 35822 519 2438 709 94377 557 163 240 566 218 2022 3684 4731 928 195 144565 1098 2536 4268 493 1666 3194 899 206 671
leaf_count=4278 338 286 339 268 159 35822 519 2438 709 94377 557 163 240 566 218 2022 3684 4731 928 195 144565 1098 2536 4268 493 1666 3194 899 206 671
internal_value=3.4135e-05 -0.000355298 -0.00032347 6.18397e-06 -0.00118014 -0.000802798 -0.00478055 -2.9296e-05 0.000116359 -3.06055e-05 -0.00292032 -0.00161726 -0.00300361 0.00251505 0.0112852 -0.00534572 0.000364421 0.000292537 0.00041237 0.000327465 0.000412157 -0.00192244 -0.00494559 0.000310194 -0.00467857 -0.00272101 0.00477389 0.00512229 0.00213023 0.000142813
internal_weight=312433 142961 142675 102790 39885 36199 3686 102522 97524 95086 4998 4441 3167 905 377 2262 169472 165788 157423 154719 152222 8365 3634 148833 2497 2159 3389 2704 1776 1570
internal_count=312433 142961 142675 102790 39885 36199 3686 102522 97524 95086 4998 4441 3167 905 377 2262 169472 165788 157423 154719 152222 8365 3634 148833 2497 2159 3389 2704 1776 1570
is_linear=0
shrinkage=0.03


Tree=41
num_leaves=31
num_cat=0
split_feature=58 112 63 14 139 114 229 178 116 333 133 111 154 228 293 58 117 58 128 317 43 162 25 100 110 31 284 93 82 106
split_gain=39.5768 46.766 114.377 54.9999 63.519 49.1524 47.4299 41.0336 63.4454 51.3442 46.4228 65.2442 52.5982 46.0085 43.4225 39.3973 39.0798 37.4218 37.1855 35.7551 44.121 38.7522 71.286 59.8755 59.5371 55.5419 52.849 43.4558 42.5223 53.7505
threshold=0.31554691493511206 -1.4900961518287656 -2.0198510885238643 0.86410397291183483 0.45329232513904577 -2.5015894174575801 -0.81566599011421193 0.55726805329322826 1.6063010692596438 -0.011633455287665127 -0.11049068719148634 -0.87972694635391224 0.84734401106834423 -2.731988668441772 -0.68969896435737599 0.9499463438987733 -1.4562546610832212 0.9499463438987733 -0.27061925828456873 -0.021506422199308869 -2.1608057022094722 0.16406840085983279 -0.33387827873229975 0.89988362789154064 -0.4712576419115066 0.7372940480709077 -0.067166838794946657 0.99506047368049633 -2.3311038017272945 -0.17174307256937024
decision_type=2 2 2 2 2 2 2 2 2 2 2 2 2 2 2 2 2 2 2 2 2 2 2 2 2 2 2 2 2 2
left_child=19 2 -2 4 5 -4 -7 16 10 -10 11 14 -13 -12 -9 -5 -3 -11 -15 20 -1 25 23 28 26 27 -24 -21 -23 -30
right_child=1 7 3 15 -6 6 -8 8 9 17 13 12 -14 18 -16 -17 -18 -19 -20 21 -22 22 24 -25 -26 -27 -28 -29 29 -31
leaf_value=-0.0072319707658135782 -0.0052695561296000485 -0.0061416991672196483 -0.0013410372549025611 0.0057955643452885673 -0.012952349813337006 0.0091847916038270208 -0.0055306495432777209 0.00018689534695284974 -6.4082991798802388e-05 -0.00056119120577797718 0.01608911514665242 0.00075221919817698127 0.0075759436332126021 -0.0073067160261201863 -0.0080004146817875352 0.029968684736038406 0.0011173400832730559 0.0055622583088409359 -0.0013228650064312224 0.00022234548932253571 -0.0010607443457630111 0.0097434497375506902 0.0022089642128666704 -0.010774417766015237 -0.00011958500214103422 -0.0033276988617703374 -0.0054947940378677392 0.012546798785060461 -0.0098270055788517979 -0.0017833441655337229
leaf_weight=1362 972 646 602 185 144 2090 178 981 5294 1061 111 12932 1104 978 1202 135 45377 3761 26565 127872 5004 220 967 886 57346 4002 3445 239 872 5984
leaf_count=1362 972 646 602 185 144 2090 178 981 5294 1061 111 12932 1104 978 1202 135 45377 3761 26565 127872 5004 220 967 886 57346 4002 3445 239 872 5984
internal_value=4.88946e-06 0.000482715 0.00354424 0.00621937 0.00475495 0.0058307 0.00786051 0.00034722 -0.000209232 0.00192223 -0.000708179 0.000552293 0.0013203 -0.00145815 -0.00421672 0.0180389 0.00100631 0.00415619 -0.00155137 -0.000233107 -0.00244656 -0.000161571 -0.000734376 -0.00340718 -0.000383945 0.000138511 -0.00373628 0.000249634 -0.00241466 -0.00287564
internal_weight=312517 104318 4306 3334 3014 2870 2268 100012 53989 10116 43873 16219 14036 27654 2183 320 46023 4822 27543 208199 6366 201833 69720 7962 61758 132113 4412 128111 7076 6856
internal_count=312517 104318 4306 3334 3014 2870 2268 100012 53989 10116 43873 16219 14036 27654 2183 320 46023 4822 27543 208199 6366 201833 69720 7962 61758 132113 4412 128111 7076 6856
is_linear=0
shrinkage=0.03


Tree=42
num_leaves=31
num_cat=0
split_feature=53 37 280 115 235 299 36 299 295 33 161 102 110 151 113 168 36 229 175 230 225 176 232 172 341 178 174 229 57 311
split_gain=36.6119 67.4107 65.4151 60.2366 57.6343 57.7675 47.2814 46.4365 55.5311 45.1413 58.6333 57.0418 62.0589 48.6978 53.1508 44.4062 46.5952 43.6214 51.4896 42.1885 40.9371 46.3099 39.8081 34.5622 34.1922 28.7768 41.4295 36.2415 28.7329 28.348
threshold=-1.6520075798034666 -2.2426397800445552 -2.2364463806152339 2.4651403427124028 -1.7184412479400633 -0.76549595594406117 1.8198709487915041 -1.9738300442695615 -1.6398153901100156 -0.87275594472885121 0.1956119388341904 -0.060911560431122773 -0.51368752121925343 -0.10676540434360503 1.6212317347526553 -1.9280104041099546 0.57801175117492687 1.1529945731163027 -0.1282616704702377 -1.5422561168670652 -0.7167467176914214 -1.2157239913940427 2.240394234657288 -1.1651620268821714 -0.0071288570761680594 0.32094390690326696 0.16706922650337222 -1.2465739250183103 0.11868699267506601 -0.023256081156432625
decision_type=2 2 2 2 2 2 2 2 2 2 2 2 2 2 2 2 2 2 2 2 2 2 2 2 2 2 2 2 2 2
left_child=6 2 3 7 5 24 23 8 -2 10 13 15 -13 14 -6 19 -17 18 -12 -11 21 -4 -14 29 -3 26 -9 -27 -25 -1
right_child=1 4 20 -5 9 -7 -8 25 -10 11 17 12 22 -15 -16 16 -18 -19 -20 -21 -22 -23 -24 28 -26 27 -28 -29 -30 -31
leaf_value=-0.006456267470599744 -0.025081454679477127 0.0013509275974733729 -0.00042961607448971617 0.013330149817622705 -0.0006397248598668285 0.0062990623616131156 0.010241688362439163 0.00095792757031906922 -0.00018712244817416053 0.01290254779404817 0 -0.0024070339603039937 -0.00013733613479516491 0.0098434143942722589 -0.007915695244106076 0.00078889697002889594 -0.0035209089735750419 0.0065096275037434433 -0.01160155686443637 -0.0031361185271326373 -9.0367451730344317e-05 0.012847286171565539 0.0027240218980708357 -0.003543229244173387 -0.0085883242402763332 -0.006900674918768712 0.011653981857226728 0.0025512522637130474 -0.01415900429740969 -0.0006689090554249142
leaf_weight=816 119 1940 240 312 33491 2605 280 1555 254 486 498 10776 146170 364 919 86111 2276 173 1086 161 364 1167 4487 1647 349 694 423 673 292 11941
leaf_count=816 119 1940 240 312 33491 2605 280 1555 254 486 498 10776 146170 364 919 86111 2276 173 1086 161 364 1167 4487 1647 349 694 423 673 292 11941
internal_value=2.79788e-05 0.000101771 0.00329904 0.00108652 3.69798e-05 0.0032588 -0.00141704 0 -0.00976487 -1.7138e-05 -0.00100293 0.000125512 -0.000209264 -0.000721124 -0.000847245 0.000735795 0.000673753 -0.00634064 -0.0079948 0.00848733 0.00809789 0.0103981 -4.97754e-05 -0.00167317 -9.58309e-05 0.00113295 0.00348921 -0.00206133 -0.00542326 -0.0010721
internal_weight=312669 297693 5801 4030 291892 4894 14976 3718 373 286998 36531 250467 161433 34774 34410 89034 88387 1757 1584 647 1771 1407 150657 14696 2289 3345 1978 1367 1939 12757
internal_count=312669 297693 5801 4030 291892 4894 14976 3718 373 286998 36531 250467 161433 34774 34410 89034 88387 1757 1584 647 1771 1407 150657 14696 2289 3345 1978 1367 1939 12757
is_linear=0
shrinkage=0.03


Tree=43
num_leaves=31
num_cat=0
split_feature=150 267 48 233 297 102 227 158 113 36 256 149 129 215 157 36 227 49 312 166 115 104 276 41 114 232 3 224 317 299
split_gain=41.7432 41.0741 35.6472 42.2683 35.2469 33.6357 47.5144 65.3511 60.4989 55.0236 45.6867 47.3372 45.9192 46.0339 43.0015 37.0461 33.9092 44.1592 33.4589 33.2774 32.9458 30.7579 30.0665 23.5295 31.7596 38.6122 36.0535 30.7642 27.3468 27.2407
threshold=2.3297271728515629 2.286649346351624 1.5938827991485598 1.3723732829093935 -0.12805586308240888 0.066156815737485899 -0.24328497797250745 -2.1906810998916622 -1.4794583916664121 -0.28655166923999781 1.0949498414993288 1.1915246844291689 0.74986380338668834 -0.40340389311313624 -0.84556537866592396 0.77936944365501415 1.3670228719711306 0.7246668040752412 1.0000000180025095e-35 0.26594099402427679 0.63093870878219616 0.57541155815124523 1.8244197964668276 1.261103689670563 -0.54671946167945851 0.97660362720489513 1.1843273639678957 2.2094079256057744 -0.012811271473765371 -2.5011388063430782
decision_type=2 2 2 2 2 2 2 2 2 2 2 2 2 2 2 2 2 2 2 2 2 2 2 2 2 2 2 2 2 2
left_child=1 5 3 -3 -4 10 7 -7 -8 19 11 12 14 -14 -1 18 17 -10 -12 -9 -18 -11 -2 -24 27 26 -26 -25 -28 -27
right_child=22 2 4 -5 -6 6 8 9 16 21 15 -13 13 -15 -16 -17 20 -19 -20 -21 -22 -23 23 24 25 29 28 -29 -30 -31
leaf_value=-0.00040398605390941052 -0.0015421152774015817 -0.0041585867793787435 0.0013615357853816695 0.015019520859688867 -0.014280830170553658 0.010093212090641431 0.0087031617710217335 -0.0090327987585756848 -5.8505754895458728e-05 -0.0010007823416093309 0.0055797013938401196 -0.006170342156231922 -0.0057158681081215801 -0.00051415232027801616 0.00064591950425474745 -0.002968928260024714 -0.0012177644265803911 -0.0014099667461360764 -0.0024678704780244239 0.003852796828939339 0.0019236663191024607 -0.0059625149363007673 -0.0023756810818810628 0.019729976912200145 0.0062125150371052391 0.016915776189548662 -0.015842803764537398 0 0 0.0042965928799594535
leaf_weight=51253 1002 497 126 109 476 348 659 1538 74747 8563 3232 1034 2203 5437 109687 656 3998 30976 475 158 10962 1332 375 225 198 174 193 108 171 2148
leaf_count=51253 1002 497 126 109 476 348 659 1538 74747 8563 3232 1034 2203 5437 109687 656 3998 30976 475 158 10962 1332 375 225 198 174 193 108 171 2148
internal_value=-1.44086e-05 -5.77245e-05 -0.005535 0 -0.010586 -3.48552e-05 -0.000394292 -0.00220119 -0.000213703 -0.0026129 0.000238793 0.000158769 0.000200096 -0.00206424 0.000309694 0.00326639 -0.000266314 -0.000457502 0.00446031 -0.00762663 0.0010636 -0.00170964 0.00281668 0.00411744 0.00497701 0.00376123 -0.00287642 0.013847 -0.00866772 0.00550669
internal_weight=313060 308466 1208 606 602 307258 133281 11939 121342 11591 173977 169614 168580 7640 160940 4363 120683 105723 3707 1696 14960 9895 4594 3592 3217 2884 562 333 364 2322
internal_count=313060 308466 1208 606 602 307258 133281 11939 121342 11591 173977 169614 168580 7640 160940 4363 120683 105723 3707 1696 14960 9895 4594 3592 3217 2884 562 333 364 2322
is_linear=0
shrinkage=0.03


Tree=44
num_leaves=31
num_cat=0
split_feature=93 80 171 18 178 113 281 226 57 233 179 21 282 20 177 53 239 10 50 58 176 236 128 164 118 55 299 36 139 179
split_gain=31.341 40.2923 35.6958 62.585 47.8034 47.3495 53.3093 41.8584 47.3772 58.6414 41.4742 39.4952 53.1636 46.3755 44.2289 48.7491 57.0674 40.9921 36.8532 51.5799 58.6708 43.0332 42.8097 36.5075 35.8261 46.5058 45.5873 72.1761 117.366 47.4042
threshold=2.2657831907272343 0.14599850028753283 0.33608251810073858 1.6168159246444704 -0.61262071132659901 0.7840653955936433 1.2566757798194887 0.95560002326965343 0.97882014513015758 0.096020441502332701 0.16888793557882312 0.79604086279869091 1.2596044540405276 1.8439695835113528 -0.47760196030139918 2.3932864665985112 0.037976706400513656 1.8498649001121523 0.48459155857563024 -0.43394164741039271 0.43065120279788976 0.91802841424942028 -1.0451812744140623 -0.3123162686824798 0.89468714594841015 1.6099676489830019 0.27953241765499121 -2.7728813886642452 -2.7584564685821529 -0.42232309281826014
decision_type=2 2 2 2 2 2 2 2 2 2 2 2 2 2 2 2 2 2 2 2 2 2 2 2 2 2 2 2 2 2
left_child=2 -2 3 24 10 6 18 -8 9 -9 -5 14 -13 17 -7 16 -16 -14 19 20 -4 22 -20 -6 26 -26 29 -28 -29 -1
right_child=1 -3 5 4 23 11 7 8 -10 -11 -12 12 13 -15 15 -17 -18 -19 21 -21 -22 -23 -24 -25 25 -27 27 28 -30 -31
leaf_value=0.00030442290067541022 0.013117576900905604 0.0015912312129807932 -0.0071780445002817177 0.0013822059123324755 -0.0022167900772850722 -0.0036999922625710569 -0.0083632131891660366 -0.0058320781139266772 -0.0092907749692824719 0.0032737129638853407 -0.015096299693755368 -0.0026063103658257856 0.0012501346298814009 -0.0029527920933780146 0.0035733004783570616 -0.0040884307964418939 0.00049568248087346702 0.0097255583700248879 0.00398219329521595 -0.0010504881686550403 0.0024727344352798255 -0.0027932036759176051 -0.00015122954997389066 0.0080681021612484024 -0.0017674494564216263 0.0044380127665885026 0.010038202001163213 -0.012960586232427759 0.00097912130916152831 -0.0008693674418330516
leaf_weight=96463 284 4412 2835 598 307 1809 1520 1028 648 1589 150 8970 5157 2132 7698 1504 19289 574 2475 10784 644 4982 22507 1999 14388 1133 764 527 50296 45514
leaf_count=96463 284 4412 2835 598 307 1809 1520 1028 648 1589 150 8970 5157 2132 7698 1504 19289 574 2475 10784 644 4982 22507 1999 14388 1133 764 527 50296 45514
internal_value=-2.10297e-05 0.0024046 -5.91052e-05 0.000157127 0.00440873 -0.000539263 -0.00119257 -0.00421024 -0.00214638 -0.000206528 -0.00183876 0.000133938 -0.00102274 0.000747751 0.000786669 0.00108446 0.00138667 0.00218204 -0.000857542 -0.00211446 -0.00530192 -0.000248225 0.000249133 0.0065626 9.31754e-05 -0.00129003 0.00020576 0.000969752 0.000823634 -6.98194e-05
internal_weight=312980 4696 308284 212139 3054 96145 49012 4785 3265 2617 748 47133 16833 7863 30300 28491 26987 5731 44227 14263 3479 29964 24982 2306 209085 15521 193564 51587 50823 141977
internal_count=312980 4696 308284 212139 3054 96145 49012 4785 3265 2617 748 47133 16833 7863 30300 28491 26987 5731 44227 14263 3479 29964 24982 2306 209085 15521 193564 51587 50823 141977
is_linear=0
shrinkage=0.03


Tree=45
num_leaves=31
num_cat=0
split_feature=171 259 107 186 85 164 240 275 49 235 224 151 237 109 230 179 118 226 46 58 55 4 224 173 177 228 230 234 293 58
split_gain=36.8908 60.8939 61.1644 49.5373 163.538 56.8005 51.2043 47.9296 68.9315 45.8967 48.1915 79.2457 48.9992 45.8261 42.2337 55.2963 68.9501 59.2234 58.862 87.52 52.8443 53.3591 52.6634 51.7603 41.7198 41.2775 66.5446 57.1174 40.3242 39.1976
threshold=0.22922936826944354 1.6107988953590395 -0.35735206305980677 -2.3090564012527461 -1.0741360783576963 0.096573986113071456 -2.0119652748107906 -1.3606632947921751 -0.60595583915710438 0.65755993127822887 0.89261949062347423 0.59489846229553234 -0.24727622419595716 -0.47384110093116755 -0.32614284753799433 0.54819282889366161 0.76757156848907482 -1.1659358143806455 -0.51517465710639943 1.8803884387016299 1.4241281747817995 -2.2897607088088985 1.0000000180025095e-35 -0.47835905849933619 1.0870447754859927 -1.3763253092765806 -0.033869666978716843 -1.1270594000816343 0.84327968955039989 -1.0009354352951048
decision_type=2 2 2 2 2 2 2 2 2 2 2 2 2 2 2 2 2 2 2 2 2 2 2 2 2 2 2 2 2 2
left_child=1 14 -3 4 6 -6 7 8 -2 25 11 12 -11 -10 15 16 22 -18 20 23 21 -17 28 -20 -4 27 -27 -5 -1 -7
right_child=3 2 24 9 5 29 -8 -9 13 10 -12 -13 -14 -15 -16 18 17 -19 19 -21 -22 -23 -24 -25 -26 26 -28 -29 -30 -31
leaf_value=-3.1211520435712792e-05 -0.011968666956424439 -0.0029507000617062054 0.0048352846311951678 -0.0062974346288766983 0.024738981735691667 0.019769404624854409 0.014640813710408344 -0.0082600358263617835 0.020782988871910803 -0.0056154474695566357 0.0012110842280496044 -0.0029539631690548946 0.00071980182344672514 0.00077199364940842591 0.00064807549674214993 -0.0032065779459747863 -0.010126346432362312 -0.0017916914000281666 0.0030572950919459975 -0.01490901776935224 0.0094285643540763051 0.0025359488622987768 -0.0024113384911800565 -0.0032089088745644655 0.016541514923232695 -0.0051334808071591895 -0.00091656018260353447 0.010046918114328238 -0.013143276189605459 0
leaf_weight=68646 184 700 1982 233 323 122 135 800 159 1136 21832 9233 20140 328 94215 1621 1177 2507 2181 382 874 10860 9980 2534 347 3614 55123 635 192 317
leaf_count=68646 184 700 1982 233 323 122 135 800 159 1136 21832 9233 20140 328 94215 1621 1177 2507 2181 382 874 10860 9980 2534 347 3614 55123 635 192 317
internal_value=9.34815e-06 0.00025782 0.00446916 -0.000418798 0.00384223 0.0151304 -0.00144939 -0.00330384 0.00223907 -0.000512282 0.000130848 -0.000632621 0.000362498 0.00845919 0.000190472 -0.000233658 -0.000568234 -0.00457582 0.00124504 -0.00145786 0.00229968 0.00176219 -0.000375998 -0.000246346 0.00683311 -0.00108192 -0.00118279 0.00527869 -7.59468e-05 0.00663719
internal_weight=312512 198198 3029 114314 2368 762 1606 1471 671 111946 52341 30509 21276 487 195169 100954 82502 3684 18452 5097 13355 12481 78818 4715 2329 59605 58737 868 68838 439
internal_count=312512 198198 3029 114314 2368 762 1606 1471 671 111946 52341 30509 21276 487 195169 100954 82502 3684 18452 5097 13355 12481 78818 4715 2329 59605 58737 868 68838 439
is_linear=0
shrinkage=0.03


Tree=46
num_leaves=31
num_cat=0
split_feature=77 115 122 186 37 113 227 54 210 194 168 48 154 89 82 173 146 293 161 255 125 103 159 147 195 239 128 190 239 141
split_gain=30.2496 42.5973 38.7528 41.3183 52.7601 43.8484 95.3986 46.5267 44.271 35.0668 33.3383 33.1726 32.705 50.4375 60.9317 39.9855 33.8668 62.3955 48.9319 45.0432 40.9647 40.0641 38.4638 34.6094 44.7288 32.6995 31.7146 31.0734 30.6607 35.8955
threshold=2.2783967256546025 -1.9303824305534361 0.29962190985679632 0.46196292340755468 -1.9348411560058592 0.29603222012519842 -0.17114756256341931 0.84470075368881237 -0.64369156956672657 -0.4274426251649856 0.73710709810256969 -0.47431077063083643 1.1738224029541018 -0.49389179050922388 -0.60805857181549061 -0.694394290447235 0.31683380901813513 -0.2344691380858421 1.0691235065460207 1.0000000180025095e-35 0.41695652902126318 -1.17894971370697 -0.47628182172775263 -0.14526250958442685 -2.0694032907485957 0.43379807472229009 -0.073937714099884019 0.18570016324520114 -1.1328120827674864 2.2986786365509038
decision_type=2 2 2 2 2 2 2 2 2 2 2 2 2 2 2 2 2 2 2 2 2 2 2 2 2 2 2 2 2 2
left_child=2 10 12 -4 -5 6 7 -6 -8 -7 -2 -11 16 25 -15 -16 18 -18 19 20 -1 -21 -19 24 -20 -14 -17 -24 -3 -30
right_child=1 28 3 4 5 9 8 -9 -10 11 -12 -13 13 14 15 26 17 22 23 21 -22 -23 27 -25 -26 -27 -28 -29 29 -31
leaf_value=0.00018617465686015185 0.00056166307023084307 0.0055890170636444039 -0.0016606811601738484 0.013892163826967589 -0.0015863440051704827 0.01147676987184295 -0.012146411838024208 0.0094012043152650274 0.0019888100800785234 -0.007355674779452993 0.023147701964063464 -0.00084468790760164 0.00022805102720356931 -0.013069793245261373 -0.0068966800969983378 0.0063258177957789498 -0.0032627387286343892 0.007653462391716011 0.0030560162510855178 0.0076196678294519187 0.0081207539337377396 0.00133140027519181 -0.0011667517471529614 -0.00023915193043135368 -0.0083168792801190071 0.026021200488696598 0.0013216518955112735 0.001228135754285047 0.0048140517255216547 -0.0021619868846721839
leaf_weight=150645 141 1233 20599 220 14152 181 176 329 21066 713 139 36399 103 212 346 1870 6845 560 339 954 570 24682 11952 2189 1458 115 3441 8151 945 2107
leaf_count=150645 141 1233 20599 220 14152 181 176 329 21066 713 139 36399 103 212 346 1870 6845 560 339 954 570 24682 11952 2189 1458 115 3441 8151 945 2107
internal_value=7.11831e-05 0.00249094 3.42175e-05 -0.000473074 -0.000134579 -0.000184743 0.000561081 -0.0013034 0.00184627 -0.000907125 0.0135697 -0.000981752 0.000257629 0.00242583 0.00181247 0.00246712 0.000192617 -0.000784399 0.000342965 0.000418673 0.000219137 0.00158286 2.44526e-05 -0.00292649 -0.00599628 0.0161383 0.00315701 -0.000180552 0.00163764 0
internal_weight=312832 4565 308267 93835 73236 73016 35723 14481 21242 37293 280 37112 214432 6087 5869 5657 208345 27508 180837 176851 151215 25636 20663 3986 1797 218 5311 20103 4285 3052
internal_count=312832 4565 308267 93835 73236 73016 35723 14481 21242 37293 280 37112 214432 6087 5869 5657 208345 27508 180837 176851 151215 25636 20663 3986 1797 218 5311 20103 4285 3052
is_linear=0
shrinkage=0.03


Tree=47
num_leaves=31
num_cat=0
split_feature=239 48 33 298 106 292 124 196 112 298 251 219 207 57 52 239 168 228 121 236 52 110 173 106 103 33 236 52 109 82
split_gain=27.0105 53.2754 68.2699 50.7572 48.8581 44.9483 58.2752 96.5659 57.8589 58.7098 49.6672 43.1649 42.8748 39.4422 35.413 34.3431 31.4675 74.9953 61.5491 43.4034 48.1345 40.0577 31.2044 56.9963 80.7923 44.3231 37.0444 67.3714 48.6885 29.947
threshold=0.66774407029151928 1.5938827991485598 1.8361861705780032 0.69661515951156627 2.3158898353576665 1.8758851885795595 1.4218995571136477 1.0902704596519472 0.40456742048263555 -1.2908154129981992 1.43779993057251 0.62477520108222973 1.0099530816078188 -1.2960143089294431 -0.3427091091871261 0.21091682463884356 0.49263553321361547 1.1661540269851687 -1.8040093779563902 1.0583741664886477 1.4192212224006655 0.48988664150238043 -0.55839362740516651 -0.76098883152008046 -1.6125093102455137 -1.2316631078720091 -2.6337133646011348 -2.5115464925765987 -2.6363557577133174 -0.15021862834691999
decision_type=2 2 2 2 2 2 2 2 2 2 2 2 2 2 2 2 2 2 2 2 2 2 2 2 2 2 2 2 2 2
left_child=5 2 22 -3 -5 6 10 29 12 -10 16 -11 14 -14 -9 -7 19 21 -19 20 -1 -18 26 -24 -25 -26 -2 -28 -29 -8
right_child=1 3 -4 4 -6 15 7 8 9 11 -12 -13 13 -15 -16 -17 17 18 -20 -21 -22 -23 23 24 25 -27 27 28 -30 -31
leaf_value=-4.0168107413141565e-05 -0.01088509560710499 0.0032535822232420616 0.0087688861881696518 -0.006863074396803337 0.00080616003466749803 0.0036819903063695851 0.0040800693211487573 -0.0080563258600198744 0.004595924893832792 0.0019552877999951192 0.0035552291740541708 -0.0059448272257376549 -0.0025536624144663757 0.0056668661653845234 0.0022191895254959344 -0.00080353411198618688 -0.003264486596970879 0.012424445183241161 0.00080571780212568853 0.0024715548055116721 -0.0078778873278913097 -0.00090872775191920151 -0.0030808541469888821 0.019352273372989781 -0.0051165965694802591 0.0006145559164442133 0.020464272871613502 0.020203319337933245 0.0016870247002436529 -0.0085371835315480333
leaf_weight=163819 169 921 915 2341 992 4709 138 589 707 689 3256 3338 615 2239 519 2121 9424 415 9748 6227 689 22792 4112 186 1212 56410 164 113 10871 2258
leaf_count=163819 169 921 915 2341 992 4709 138 589 707 689 3256 3338 615 2239 519 2121 9424 415 9748 6227 689 22792 4112 186 1212 56410 164 113 10871 2258
internal_value=1.67309e-05 0.000499496 0.000690283 -0.00274363 -0.00449982 -0.000143575 -0.000216866 -0.00233698 -0.000822106 -0.0030785 -0.000106588 -0.00451604 0.00180053 0.00378562 -0.00302319 0.00224697 -0.00016427 -0.00089589 0.00133309 1.56556e-05 -7.57714e-05 -0.00160875 0.00058289 0.000312112 0.00055963 0.000487071 0.0020348 0.00227667 0.00194115 -0.00765855
internal_weight=312698 78406 74152 4254 3333 234292 227462 11092 8696 4734 216370 4027 3962 2854 1108 6830 213114 42379 10163 170735 164508 32216 73237 61920 57808 57622 11317 11148 10984 2396
internal_count=312698 78406 74152 4254 3333 234292 227462 11092 8696 4734 216370 4027 3962 2854 1108 6830 213114 42379 10163 170735 164508 32216 73237 61920 57808 57622 11317 11148 10984 2396
is_linear=0
shrinkage=0.03


Tree=48
num_leaves=31
num_cat=0
split_feature=171 203 176 108 130 26 178 293 109 236 50 234 211 199 299 37 92 12 179 114 50 189 225 58 178 131 267 218 114 37
split_gain=26.3919 65.7512 47.1388 42.4562 66.1347 59.7474 41.1494 40.001 39.3692 36.7341 49.9071 55.701 46.4314 42.6078 106.115 39.7222 36.4693 81.0706 40.9285 36.6748 36.9826 33.2769 32.7939 37.5316 32.477 34.8676 32.9843 32.0961 31.6696 65.7579
threshold=0.19509936124086383 1.4315205216407778 0.85260900855064403 1.2878724932670595 -2.3147946596145625 -1.06790554523468 2.1118500232696538 0.57922130823135387 1.603324890136719 -1.1086541414260862 0.48459155857563024 -0.033176252618432038 0.73830345273017894 -2.3482851982116695 -0.55138701200485218 -1.9348411560058592 1.0000000180025095e-35 1.2997868657112124 0.88027280569076549 1.8893958330154421 0.16150917112827304 0.80922508239746105 1.0327152609825136 0.9499463438987733 0.55726805329322826 -0.19486828148365018 0.55732604861259472 0.60319608449935924 -1.325835585594177 -2.7539265155792232
decision_type=2 2 2 2 2 2 2 2 2 2 2 2 2 2 2 2 2 2 2 2 2 2 2 2 2 2 2 2 2 2
left_child=1 28 21 6 -5 -6 9 -4 22 10 11 -2 13 14 -11 -15 18 -18 -8 20 -20 -3 23 -7 26 -26 -14 -12 -1 -30
right_child=3 2 7 4 5 8 16 -9 -10 12 27 -13 24 15 -16 -17 17 -19 19 -21 -22 -23 -24 -25 25 -27 -28 -29 29 -31
leaf_value=-0.00093558340454442859 -0.010116426157921124 -0.0033570591481204928 0.016387031263494421 0.01244569353115358 -0.0098256298573472078 -0.0030657170097314517 -0.0033677923052061365 -0.0015269327752922815 -0.00032247649458636159 0.0040741750557088006 -0.0038715758334639796 0.0038611334491888494 -0.0045079335425310899 0.0058145760786958061 -0.012466000096701174 -0.00021690113918508048 -0.0053650601750474917 0.0090408397697041894 0 -0.00044337841078547922 0.014026912542894081 0.0039409843499838238 0.0032753263406728769 0.0048898478864182488 0.0041484845980502118 -0.0038522395193474317 -0.000406974117526537 0.0035313988156967548 0.0064720916836902885 0.00018536518535508276
leaf_weight=23269 1364 634 421 411 466 1780 277 107 12321 560 1156 269 2051 976 797 63871 1018 509 176 256 770 2941 7058 726 472 7640 13749 917 1495 164094
leaf_count=23269 1364 634 421 411 466 1780 277 107 12321 560 1156 269 2051 976 797 63871 1018 509 176 256 770 2941 7058 726 472 7640 13749 917 1495 164094
internal_value=-3.48888e-05 0.000181074 0.00393075 -0.00038583 0.000773481 0.000534503 -0.000661559 0.0122861 0.000777567 -0.000774966 -0.00371157 -0.00761359 -0.000650074 -0.000235389 -0.00546238 -0.000119733 0.00276066 -0.000314369 0.00609746 0.00854364 0.011245 0.0025518 0.00222374 -0.00062172 -0.0017845 -0.00334076 -0.00096331 -0.000451052 9.76156e-05 0.00024471
internal_weight=312551 192961 4103 119590 22762 22351 96828 528 21885 93822 3706 1633 90116 66204 1357 64847 3006 1527 1479 1202 946 3575 9564 2506 23912 8112 15800 2073 188858 165589
internal_count=312551 192961 4103 119590 22762 22351 96828 528 21885 93822 3706 1633 90116 66204 1357 64847 3006 1527 1479 1202 946 3575 9564 2506 23912 8112 15800 2073 188858 165589
is_linear=0
shrinkage=0.03


Tree=49
num_leaves=31
num_cat=0
split_feature=77 122 37 50 189 34 71 298 207 292 227 71 189 226 224 94 57 183 31 152 287 78 58 7 11 62 85 90 96 30
split_gain=31.8794 35.3553 61.0901 57.1797 45.5971 55.6116 55.2655 43.4425 42.6693 66.9174 51.4971 50.7779 40.4667 36.0946 34.7393 33.8805 70.133 50.0749 42.9815 45.8287 58.1346 42.5481 38.1459 40.7657 36.8962 39.1338 35.0124 33.5792 33.5329 31.0548
threshold=2.2783967256546025 0.33793866634368902 -1.9348411560058592 -0.69848930835723866 0.3402379602193833 0.30829685926437383 -0.19618101418018338 -0.21555004268884656 0.1737010404467583 0.13017382472753528 -0.17114756256341931 0.64286184310913097 0.074761651456356062 -0.66141164302825917 0.46037784218788153 0.98780795931816112 -0.97973701357841481 -2.6234092712402339 0.68774142861366283 0.85737067461013805 -0.068569410592317567 1.4410377740859988 0.8736371397972108 -0.30969797074794764 0.14345579594373706 -0.42528931796550745 1.0297428369522097 0.86550658941268932 -0.24925978481769559 -0.17695240676403043
decision_type=2 2 2 2 2 2 2 2 2 2 2 2 2 2 2 2 2 2 2 2 2 2 2 2 2 2 2 2 2 2
left_child=1 15 3 -3 5 7 14 -4 11 10 -10 -6 -8 -11 -7 18 27 -18 19 24 -21 22 23 -20 26 -26 -1 -17 -24 -19
right_child=-2 2 4 -5 8 6 12 -9 9 13 -12 -13 -14 -15 -16 16 17 29 21 20 -22 -23 28 -25 25 -27 -28 -29 -30 -31
leaf_value=1.6020074860938936e-05 0.0024869380924141442 0 -0.0031242906596434159 0.018087898147849703 -3.4686452738656745e-05 -0.0046092004005293379 -0.010609196227467739 0.0011880342429955882 -0.00042395955397621149 0.0071878991620531471 0.002433918253933064 -0.003868249701892847 -0.0038816643677184915 -0.00086141365748104574 0.011188207315626524 -0.012518254130740057 0.021897033324839867 0.013822932208484386 -0.0042912504574297442 -0.0020144403043305162 0.014424190460612715 -0.015060314933542866 0.0080283021920331526 0.00067737172966491808 0.005599820171870348 0.00087155625099560039 -0.0065943627636628034 -0.00074507360459343138 -0.0072175202162786294 0.0022086541145642353
leaf_weight=172791 4533 274 3646 285 6650 163 1150 4797 9271 481 13976 6099 3724 38513 290 354 108 206 1991 281 433 202 108 5458 1700 24779 704 678 1424 7691
leaf_count=172791 4533 274 3646 285 6650 163 1150 4797 9271 481 13976 6099 3724 38513 290 354 108 206 1991 281 433 202 108 5458 1700 24779 704 678 1424 7691
internal_value=-3.96301e-06 -4.17282e-05 -0.000545438 0.00913587 -0.000611833 -0.002201 -0.00460461 -0.000641721 -0.000315515 3.76474e-06 0.00128191 -0.00189531 -0.00556717 -0.0007508 0.00491514 0.000162456 0.00196046 0.00293554 8.34263e-05 0.000176711 0.00766732 -0.00191861 -0.00155689 -0.000618431 0.000147702 0.00119044 -9.83127e-06 -0.00522993 -0.00585984 0.00258367
internal_weight=312760 308227 89319 559 88760 13770 5327 8443 74990 62241 23247 12749 4874 38994 453 218908 9037 8005 209871 200688 714 9183 8981 7449 199974 26479 173495 1032 1532 7897
internal_count=312760 308227 89319 559 88760 13770 5327 8443 74990 62241 23247 12749 4874 38994 453 218908 9037 8005 209871 200688 714 9183 8981 7449 199974 26479 173495 1032 1532 7897
is_linear=0
shrinkage=0.03


Tree=50
num_leaves=31
num_cat=0
split_feature=59 55 58 178 238 106 333 197 171 236 342 115 177 23 242 356 111 228 197 295 214 115 357 21 180 48 49 239 72 292
split_gain=26.7182 27.1083 47.9446 46.4166 47.0442 44.2819 43.5775 41.2633 44.1153 67.9619 38.2193 37.7853 36.691 50.1173 46.3773 30.1697 29.7936 39.951 28.6507 36.3495 30.8055 28.3369 26.6665 26.5497 23.8546 22.7623 71.9735 61.2883 37.6717 36.1772
threshold=1.0000000180025095e-35 1.6099676489830019 1.2563027143478396 0.97453561425209057 0.32468841969966894 1.3951001763343813 -0.012601864989846943 1.8593659996986391 0.096144106239080443 -2.0425611734390254 -0.011837277095764874 1.1644320487976076 0.9087180793285371 1.0276154279708865 -2.608883142471313 -0.01493746694177389 1.0617593526840212 0.9284290373325349 -0.62714558839797963 2.4484326839447026 1.8004475831985476 -2.4709970951080318 -0.0099942255765199644 1.4288741350173952 1.7993397712707522 1.5938827991485598 1.8575861454010012 0.50506177544593822 -2.7095750570297237 0.9081111252307893
decision_type=2 2 2 2 2 2 2 2 2 2 2 2 2 2 2 2 2 2 2 2 2 2 2 2 2 2 2 2 2 2
left_child=-1 3 12 4 7 16 10 8 11 -10 -4 -2 13 -3 -14 22 17 -6 19 -8 24 -9 -5 -18 -20 26 28 -27 -17 -29
right_child=1 2 6 15 5 -7 18 21 9 -11 -12 -13 14 -15 -16 25 23 -19 20 -21 -22 -23 -24 -25 -26 27 -28 29 -30 -31
leaf_value=0.0066402447180007578 1.7871529041887328e-06 0 0.0028843364922776743 8.2593798310669252e-05 0.00049191284397824553 0.0044380556219541347 0.014806678214424902 0.014504502545478318 -0.0095163508943503661 -0.00082445759305428245 -0.0037550535039656096 0.0076336124178810073 0.013653629524475436 0.013342888254132483 -0.0017750455492728775 -0.0087270164538774848 -0.0010077952414708001 0.003515431329581444 0.0027158220677838151 0 0.0083152991957710799 0.0022184119222006084 0.0081488795442191987 -0.0093291500063598827 -0.0071100358971517745 0.00068314135221064234 0.013581227119931757 -0.019698832161509645 -0.0011638440373526555 -0.0057427113762059051
leaf_weight=524 125049 816 2159 1608 68578 2691 534 172 809 58346 1180 567 157 363 6249 604 4393 4203 1796 241 905 3374 492 373 222 1201 270 214 23278 1286
leaf_count=524 125049 816 2159 1608 68578 2691 534 172 809 58346 1180 567 157 363 6249 604 4393 4203 1796 241 905 3374 492 373 222 1201 270 214 23278 1286
internal_value=-1.3782e-06 -1.39139e-05 0.00124511 -7.68804e-05 4.51158e-05 0.000654237 0.0030298 -0.000212867 -0.000276014 -0.000951573 0.000440281 3.98329e-05 -0.000374814 0.0043875 -0.00130891 -0.00121807 0.000517954 0.000671555 0.0052723 0.0105653 0.00370471 0.00297649 0.00217297 -0.00175799 0.00142851 -0.00149584 -0.00118411 -0.00414384 -0.00137482 -0.00816415
internal_weight=312654 312130 14622 297508 268555 80238 7037 188317 184771 59155 3339 125616 7585 1179 6406 28953 77547 72781 3698 775 2923 3546 2100 4766 2018 26853 24152 2701 23882 1500
internal_count=312654 312130 14622 297508 268555 80238 7037 188317 184771 59155 3339 125616 7585 1179 6406 28953 77547 72781 3698 775 2923 3546 2100 4766 2018 26853 24152 2701 23882 1500
is_linear=0
shrinkage=0.03


Tree=51
num_leaves=31
num_cat=0
split_feature=55 178 238 230 113 211 42 286 50 132 77 284 21 100 230 53 238 211 206 290 326 233 171 163 168 150 143 171 51 124
split_gain=30.4996 50.7562 65.2873 49.8827 47.928 51.3985 71.0841 45.9826 43.6768 50.1368 43.5882 52.8041 63.2651 56.1188 43.4997 42.7536 38.9751 37.7697 35.3797 54.0974 35.0034 34.7657 33.4165 31.5553 35.5347 30.6337 30.086 62.1371 59.3432 57.7803
threshold=1.6099676489830019 0.80630686879158031 0.32468841969966894 0.55367961525917064 1.4281710386276247 0.85265943408012401 0.1684706583619118 1.3926734328269961 0.9758221209049226 1.8564340472221377 1.8615873456001284 0.033278651535511024 -0.63504210114479054 -0.02775472309440374 1.0574082732200625 -1.4605409502983091 -0.75831973552703846 2.2475929260253911 1.8367342948913576 1.5919158458709719 -0.0091833784244954569 1.3723732829093935 0.096144106239080443 -0.13742198795080182 0.22727617621421817 1.8846526741981509 -2.8097484111785884 -0.98689302802085865 -1.6890674233436582 -1.1503016352653501
decision_type=2 2 2 2 2 2 2 2 2 2 2 2 2 2 2 2 2 2 2 2 2 2 2 2 2 2 2 2 2 2
left_child=1 2 10 15 5 6 -5 8 25 -10 11 14 13 -13 22 -2 -14 -7 -6 -20 -16 -9 -1 -17 -25 -4 27 -3 29 -28
right_child=3 26 7 4 18 17 -8 21 9 -11 -12 12 16 -15 20 23 -18 -19 19 -21 -22 -23 -24 24 -26 -27 28 -29 -30 -31
leaf_value=0.00029228591263678178 -0.0058320174498421046 -0.012247571052652173 0.00088869042290826128 -0.007855459054891524 0.00022096897932320271 -0.0096811049485071143 0.005087175717382245 0.0026485449895462991 -0.0013675045723548318 -0.01922286222204566 0.0030623448635604903 -0.00079184761194297322 -0.0020861359103461303 -0.0062347645223237262 0.01389842866033676 0.0081228436176322659 -0.00021024657999517342 0.0030101075320423621 0.01528348752743201 0.002448384771138777 0 0.011886598079809968 -0.0011914497474492212 -0.0023346902260684551 0.0065515841735124623 0.010549568874798347 -0.00070476575678829934 0.0015361373206533625 -0.0011968890653016844 0.0094280150604513953
leaf_weight=98394 293 610 65349 561 5839 1080 1079 1532 4757 130 3596 3504 12664 3601 352 1816 48898 210 354 1965 325 536 15812 764 759 283 962 481 35340 939
leaf_count=98394 293 610 65349 561 5839 1080 1079 1532 4757 130 3596 3504 12664 3601 352 1816 48898 210 354 1965 325 536 15812 764 759 283 962 481 35340 939
internal_value=1.74002e-05 -4.75004e-05 0.000101865 0.00135021 0.000318745 -0.00292546 0.000437822 0.000866209 0.000731132 -0.00198003 -0.000193053 -0.000258792 -0.000917378 -0.00360232 0.000132333 0.00439798 -0.000601562 -0.00737167 0.00152491 0.00464988 0.00760906 0.00527753 8.40614e-05 0.00541436 0.00192695 0.000938118 -0.00106693 -0.00598233 -0.000911747 0.00419021
internal_weight=312785 298065 259733 14720 11088 2930 1640 72587 70519 4887 187146 183550 68667 7105 114883 3632 61562 1290 8158 2319 677 2068 114206 3339 1523 65632 38332 1091 37241 1901
internal_count=312785 298065 259733 14720 11088 2930 1640 72587 70519 4887 187146 183550 68667 7105 114883 3632 61562 1290 8158 2319 677 2068 114206 3339 1523 65632 38332 1091 37241 1901
is_linear=0
shrinkage=0.03


Tree=52
num_leaves=31
num_cat=0
split_feature=57 298 168 234 45 112 116 105 25 48 226 148 166 33 347 168 213 184 238 43 48 297 174 56 293 176 185 179 53 53
split_gain=30.9497 83.9796 39.6809 78.3405 79.1134 73.1583 53.3237 121.869 73.9124 51.4427 44.9395 43.7273 43.3775 45.4675 43.039 41.9365 41.0243 38.8582 45.2988 37.9134 54.6116 49.1665 38.205 34.3966 31.2017 31.1447 40.9562 54.5088 74.3221 43.4304
threshold=-0.24420944601297376 1.2505142688751223 -0.79990270733833302 -1.2367018461227415 -2.7413673400878902 -0.20085915923118589 -2.4708523750305171 -0.76229265332221974 -1.2867549061775205 -0.65520763397216786 -0.10320433229207991 -1.2373300194740293 -0.60302770137786854 0.9829479753971101 -0.013274416793137787 -1.6335858106613157 -2.3270729780197139 0.26517352461814886 -1.0117974877357481 2.2723252773284917 1.8487319946289065 2.4205725193023686 1.3147571682929995 -0.299992024898529 -0.097247947007417665 -0.40237110853195185 -2.3008817434310909 0.70040065050125133 -0.54721659421920765 -1.6520075798034666
decision_type=2 2 2 2 2 2 2 2 2 2 2 2 2 2 2 2 2 2 2 2 2 2 2 2 2 2 2 2 2 2
left_child=1 2 3 5 -5 12 7 -4 10 23 16 -12 15 -14 -9 -1 -8 18 -6 20 25 22 24 -10 -22 26 -2 29 -29 -28
right_child=19 -3 6 4 17 -7 8 14 9 -11 11 -13 13 -15 -16 -17 -18 -19 -20 -21 21 -23 -24 -25 -26 -27 27 28 -30 -31
leaf_value=0.00041571728404281088 -0.0055818687124206037 -0.017463937461305798 0.027232843731445345 0.01445229512985584 0.004659791249715434 -0.014370718006034872 0.003006003682216209 0.01173503607938222 -0.0019151002519193694 -0.00024333814973456671 -0.012178476317846581 -0.0012219762988949102 0.0075287427221087883 -0.010311594926347227 -0.0026247658727205896 -0.0028496124938187078 -0.0036794892490367489 -0.0015898050230577251 0.0010513813521033299 0.003300627309743061 0.0083072040860887857 -0.0093322576415775446 0.00084799214962705944 -0.0077382368676545141 -0.0059158444553772237 0.00014634433974857242 -0.0053745794648256623 0.0095376685098340856 -0.0004835540232864565 0.0013043880873880326
leaf_weight=7107 714 238 178 423 4538 344 972 231 4966 69249 974 594 930 118 684 6768 4037 2922 11127 3639 117 861 2565 1189 1691 162508 883 1633 1021 19559
leaf_count=7107 714 238 178 423 4538 344 972 231 4966 69249 974 594 930 118 684 6768 4037 2922 11127 3639 117 861 2565 1189 1691 162508 883 1633 1021 19559
internal_value=3.74808e-05 -0.00034585 -0.000305607 0.000548218 0.00183837 -0.00103892 -0.00066156 0.00583087 -0.000753179 -0.000482075 -0.00380498 -0.00828445 -0.000692702 0.00508362 0.000853111 -0.00115728 -0.00231572 0.00151996 0.00212044 0.00026996 0.00021048 -0.00280045 -0.00140948 -0.00310999 -0.0047505 0.000296964 0.0013114 0.00154212 0.00559551 0.000996255
internal_weight=312780 117589 117351 34277 19010 15267 83074 1093 81981 75404 6577 1568 14923 1048 915 13875 5009 18587 15665 195191 191552 5234 4373 6155 1808 186318 23810 23096 2654 20442
internal_count=312780 117589 117351 34277 19010 15267 83074 1093 81981 75404 6577 1568 14923 1048 915 13875 5009 18587 15665 195191 191552 5234 4373 6155 1808 186318 23810 23096 2654 20442
is_linear=0
shrinkage=0.03


Tree=53
num_leaves=31
num_cat=0
split_feature=74 124 196 236 49 54 35 52 209 230 296 174 267 31 227 262 311 168 236 6 30 230 288 168 16 192 130 113 57 94
split_gain=29.0041 53.8089 52.9232 59.5294 41.9002 41.7762 44.3614 41.6632 42.1384 39.6282 39.1031 33.5169 32.9761 48.6215 42.7663 52.9261 37.5826 37.3235 50.3924 95.2205 70.3716 37.8404 53.6504 48.8381 33.3987 32.6191 31.9083 27.7977 27.7197 26.7821
threshold=1.6140279769897463 1.4218995571136477 1.0902704596519472 1.0583741664886477 0.7246668040752412 -1.6509785652160642 0.90029120445251476 1.8781030178070071 1.4183563590049746 1.7982356548309328 0.7241308093070985 0.39012238383293157 1.6196079254150393 1.2898160815238955 1.2407063245773318 -0.42454366385936732 -0.0054661040194332591 0.49263553321361547 -0.49121867120265955 -2.3013471364974971 1.4293679594993594 -0.36781077086925501 -1.0282985568046568 -0.55740025639533985 -0.55283281207084645 -0.034720383584499352 1.8566834330558779 1.8913128376007082 -1.4484969973564146 0.73243778944015514
decision_type=2 2 2 2 2 2 2 2 2 2 2 2 2 2 2 2 2 2 2 2 2 2 2 2 2 2 2 2 2 2
left_child=1 12 3 10 11 28 -7 9 26 29 -3 -4 14 -14 17 24 -15 21 20 -20 -19 23 -23 -1 -16 27 -9 -17 -2 -8
right_child=5 2 4 -5 -6 6 7 8 -10 -11 -12 -13 13 16 15 25 -18 18 19 -21 -22 22 -24 -25 -26 -27 -28 -29 -30 -31
leaf_value=0.00010508098121555141 0 -0.0050674733444107641 -0.00014103858998322789 -0.014620957744535638 -0.00350011484945507 0.0044046668248726899 -0.011369737335207996 0.0035017469071132678 0.0042549015149170172 -0.007066629852038704 0.0048110695638099747 0.007110476806779069 -0.0092841511056867467 -0.0027057134448030262 -0.00032047534178283443 0.0075865117360882266 0.0045213892056190476 -0.004193067011325235 0.010330755231677487 -0.00059511849242620068 0.01175920649185011 0.0071870072776921822 0.00042999897944728436 -0.0014331024807502832 -0.0097668796947527319 0.0016393674906072708 -0.011511103032307343 -7.6825026013848164e-05 0.013364772837474141 0
leaf_weight=69803 269 2142 1571 538 2108 2663 171 169 2834 899 386 819 781 2723 1324 1680 809 5376 708 42921 233 1053 127887 25152 469 10168 277 466 408 5880
leaf_count=69803 269 2142 1571 538 2108 2663 171 169 2834 899 386 819 781 2723 1324 1680 809 5376 708 42921 233 1053 127887 25152 469 10168 277 466 408 5880
internal_value=2.83978e-05 -3.22048e-05 -0.00252743 -0.00556095 -0.00037781 0.00138439 0.00096976 3.94921e-05 0.0028444 -0.00124558 -0.00341546 0.0022578 3.16709e-05 -0.00256408 7.18671e-05 0.00168152 -0.000949758 -1.02886e-05 -0.000758961 -0.000406291 -0.00343768 0.000153069 0.000488613 -0.000299415 -0.00303735 0.00239676 -0.00527246 0.00579858 0.00859585 -0.000310903
internal_weight=312687 299117 7564 3066 4498 13570 12893 10230 3280 6950 2528 2390 291553 4313 287240 14107 3532 273133 49238 43629 5609 223895 128940 94955 1793 12314 446 2146 677 6051
internal_count=312687 299117 7564 3066 4498 13570 12893 10230 3280 6950 2528 2390 291553 4313 287240 14107 3532 273133 49238 43629 5609 223895 128940 94955 1793 12314 446 2146 677 6051
is_linear=0
shrinkage=0.03


Tree=54
num_leaves=31
num_cat=0
split_feature=59 102 216 48 119 39 110 205 113 296 167 230 354 320 177 93 44 156 47 238 53 218 1 75 73 93 341 67 177 80
split_gain=30.3348 29.4289 55.0448 59.4547 44.5898 42.8421 43.4345 48.2742 41.5358 73.4889 135.847 59.9492 59.8717 55.2077 40.8638 40.4293 44.2611 34.5138 49.4832 41.1999 39.5898 37.05 36.9467 34.4277 34.7025 30.8927 30.5694 30.3109 30.2927 25.9351
threshold=1.0000000180025095e-35 -0.060911560431122773 -0.44672083854675287 -1.9956308007240293 2.4947931766510014 -1.4737052917480467 -0.51368752121925343 -1.4485395550727842 -2.5337560176849361 -2.4329835176467891 -1.1852138042449949 -2.6888136863708492 -0.0079463198781013471 -0.023469150997698304 -1.2035701870918272 0.38766780495643621 -0.13428848981857297 0.4512906819581986 0.13373696058988574 -0.91859972476959217 -1.941828668117523 -0.33938348293304438 -2.0214617252349849 -0.03754927217960357 -2.3485879898071285 2.2657831907272343 -0.0083352332003414614 -2.6459908485412593 -0.31179761886596674 0.14599850028753283
decision_type=2 2 2 2 2 2 2 2 2 2 2 2 2 2 2 2 2 2 2 2 2 2 2 2 2 2 2 2 2 2
left_child=-1 2 4 14 8 -3 23 15 12 10 -10 -11 13 -2 -4 16 -8 20 19 -19 21 -5 -22 24 -7 26 -9 -14 -26 -27
right_child=1 5 3 17 -6 6 7 25 9 11 -12 -13 27 -15 -16 -17 -18 18 -20 -21 22 -23 -24 -25 28 29 -28 -29 -30 -31
leaf_value=0.0071414094495147349 -0.0078662838457802409 0.0086615204244721127 -0.00066276016825546769 -0.013886631401271301 0.0047101403220834205 0.0056074296468159104 0.0017992312063558407 -0.0006330931202907789 0.00019595808045990942 0.006057537708064299 0.019478635798926308 -0.00037243969669971654 -0.016941808173837166 0.0025301754166686318 0.014893702975269126 0.010619807448458132 -0.0090148644395041354 0.003278835712953542 0.0039957910055487076 -0.004874664909155957 0.0065037388885663969 0 0.0010960127366759799 -0.00090279638289601772 -0.0024329673280847051 0.011433691388902455 0.00023038459509196031 -0.0053244543651680982 -0.0082940352832507787 0.0016950719781574249
leaf_weight=518 616 461 171 279 1626 249 395 67424 1119 1304 466 75705 304 1616 443 107 1286 630 1042 2878 1169 402 53283 9032 1997 260 80832 1047 1598 4099
leaf_count=518 616 461 171 279 1626 249 395 67424 1119 1304 466 75705 304 1616 443 107 1286 630 1042 2878 1169 402 53283 9032 1997 260 80832 1047 1598 4099
internal_value=2.31133e-05 9.86984e-06 0.000325204 0.001017 -0.000169095 -0.000259242 -0.000286652 -0.000144835 -0.00027041 -0.000122027 0.00622418 -0.000258121 -0.00342324 -0.000250262 0.0102038 -0.00502103 -0.00630613 0.000914079 -0.00156499 -0.00331506 0.0011246 -0.00588934 0.00121996 -0.00196113 -0.00435265 -8.50909e-05 -0.000160318 -0.0083664 -0.00515271 0.00239402
internal_weight=312358 311840 144100 60297 83803 167740 167279 154403 82177 78594 1585 77009 3583 2232 614 1788 1681 59683 4550 3508 55133 681 54452 12876 3844 152615 148256 1351 3595 4359
internal_count=312358 311840 144100 60297 83803 167740 167279 154403 82177 78594 1585 77009 3583 2232 614 1788 1681 59683 4550 3508 55133 681 54452 12876 3844 152615 148256 1351 3595 4359
is_linear=0
shrinkage=0.03


Tree=55
num_leaves=31
num_cat=0
split_feature=53 37 235 55 112 119 44 52 43 288 166 237 89 230 214 45 293 52 30 159 157 108 229 224 156 331 160 46 74 47
split_gain=29.1941 57.1331 54.5887 53.2526 55.2774 48.5153 44.8802 42.5347 38.1678 36.3015 38.4834 41.8559 36.9905 36.2386 35.6179 67.3692 64.4336 69.4294 43.2145 40.3601 42.8395 35.3434 55.9133 43.8199 71.4653 53.2104 42.0816 49.5802 47.5929 38.2645
threshold=-1.6520075798034666 -2.2426397800445552 -1.7184412479400633 -1.174254775047302 -0.20085915923118589 -0.74267062544822682 -0.3132182508707046 1.0000000180025095e-35 -0.76382920145988453 0.40995816886425024 -0.80269277095794667 -0.57144552469253529 -2.8338178396224971 0.23484263569116595 -1.2594886422157285 -0.95551693439483631 0.33509270846843725 1.4192212224006655 -1.9871982336044309 -1.8626663684844968 -1.8810653090476988 0.067600857466459288 -0.36759836971759791 -2.8104685544967647 -2.7279173135757442 -0.012689426075667141 -0.70846417546272267 -0.95755305886268605 0.69421949982643139 -0.027871008962392804
decision_type=2 2 2 2 2 2 2 2 2 2 2 2 2 2 2 2 2 2 2 2 2 2 2 2 2 2 2 2 2 2
left_child=21 3 5 4 -2 -3 9 8 -7 10 12 -12 -5 -10 15 19 -17 -18 -16 20 -4 22 23 -1 25 -25 27 -26 -28 -23
right_child=1 2 14 6 -6 7 -8 -9 13 -11 11 -13 -14 -15 18 16 17 -19 -20 -21 -22 29 -24 24 26 -27 28 -29 -30 -31
leaf_value=-0.0047221190225486152 0.00098840566005388951 0 0 -0.00094946273865761628 -0.013108403148051721 0.0022138333420033945 -0.0011872780793035214 -0.002091476400036717 0.012931115313145574 -0.0035791488302911218 0.026922671828318284 0.0080293254893260991 0.0071548495580956266 -1.8454567820591917e-05 -0.0088008229460424421 -0.0047826039093481227 0.0043568405371457071 -0.0094655149896241287 7.6327461703513369e-05 0.0014742531622658076 -0.0076028981749799579 0.019789106567660648 -0.010878141763608035 0.027134880884253278 -0.00055292491262915182 0.0024755537984362066 -0.0062627582395957332 0.0070723742161570595 0.0017916280821985587 0.0014719262410059801
leaf_weight=2643 1133 2292 1868 593 291 847 844 424 1127 262 165 518 1952 179 474 6342 1540 387 267860 7490 1008 104 560 121 6538 263 2159 845 864 960
leaf_count=2643 1133 2292 1868 593 291 847 844 424 1127 262 165 518 1952 179 474 6342 1540 387 267860 7490 1008 104 560 121 6538 263 2159 845 864 960
internal_value=1.76758e-05 8.38644e-05 2.43398e-05 0.00303835 -0.00182623 0.00316825 0.00470663 0.00597578 0.00770718 0.0062161 0.00712063 0.0136564 0.00515686 0.0109565 -2.81747e-05 -0.00129643 -0.00331557 0.00135809 5.88737e-05 0.000288649 -0.0026843 -0.00126899 -0.00168622 -0.00126512 -0.000383407 0.011947 -0.000889241 0.000296032 -0.00386551 0.00387116
internal_weight=312653 297596 291838 5758 1424 4869 4334 2577 2153 3490 3228 683 2545 1306 286969 18635 8269 1927 268334 10366 2876 15057 13993 13433 10790 384 10406 7383 3023 1064
internal_count=312653 297596 291838 5758 1424 4869 4334 2577 2153 3490 3228 683 2545 1306 286969 18635 8269 1927 268334 10366 2876 15057 13993 13433 10790 384 10406 7383 3023 1064
is_linear=0
shrinkage=0.03


Tree=56
num_leaves=31
num_cat=0
split_feature=224 106 171 87 78 232 230 179 271 190 273 236 250 15 172 212 1 292 37 282 16 102 161 18 296 238 344 139 149 175
split_gain=27.6329 61.4359 49.6006 55.3564 45.8412 40.6301 38.0019 35.8433 35.2634 67.0601 49.3466 49.6903 47.208 63.1339 46.4627 44.7589 51.125 43.9458 41.8529 58.6827 40.5689 62.8914 42.4764 38.2041 38.758 36.5389 33.578 32.2145 31.3414 30.2345
threshold=1.12979131937027 1.3951001763343813 0.33608251810073858 -0.54957816004753102 -1.4845411777496336 0.47810076177120214 1.0574082732200625 0.99446263909339916 0.50969198346138012 0.74883973598480236 0.98775434494018566 0.06171341426670552 1.0106968879699709 0.93050950765609752 0.42500935494899755 -0.036034598946571343 0.38250161707401281 -0.87116909027099598 1.1349146962165835 1.3926153182983401 0.64228343963623058 -0.84422987699508656 1.0691235065460207 1.6168159246444704 -0.99233475327491749 -0.91859972476959217 -0.0078064207918941966 0.9334760606288911 0.69636511802673351 -0.28998458385467524
decision_type=2 2 2 2 2 2 2 2 2 2 2 2 2 2 2 2 2 2 2 2 2 2 2 2 2 2 2 2 2 2
left_child=1 8 -2 -4 -5 7 26 -6 10 15 12 -12 20 -14 23 -10 17 -17 -16 -20 22 -22 -1 24 -11 -25 -3 -18 -8 -9
right_child=2 6 3 4 5 -7 28 29 9 14 11 -13 13 -15 18 16 27 -19 19 -21 21 -23 -24 25 -26 -27 -28 -29 -30 -31
leaf_value=0.00017735299718300311 0.0043847014153246952 0.00011985247925316033 -0.0084791470458885753 0.018978786668890427 -0.00080984960235248285 0.0010936002002813613 0.0032555406546477747 0.0029970586512151152 -0.013533486653304292 -0.0028025589424549731 -0.0027597981202937385 0.018699646222121374 -0.0059664465133873147 6.3277411294041072e-05 0.00013619405212857906 -0.0068390514742633626 -0.0022782687391559933 -0.00021468543748203687 -0.0060371635642150513 0.0047536513083325021 0.0087230664503509421 0.0011937534153267249 -0.0038510193037435284 -0.00039107729911331618 0.0017453842281824378 0.0075515375687254666 -0.010799088635257564 -0.0065473901650534346 -0.0065168269080693843 -0.012034224968417662
leaf_weight=206607 3327 265 582 104 2690 21036 686 109 267 2001 114 236 2601 3632 7990 935 8853 18790 2401 511 1120 9758 2358 653 9290 1656 1007 2089 476 509
leaf_count=206607 3327 265 582 104 2690 21036 686 109 267 2001 114 236 2601 3632 7990 935 8853 18790 2401 511 1120 9758 2358 653 9290 1656 1007 2089 476 509
internal_value=5.0541e-05 -3.75441e-05 0.000943623 0.000471121 0.000703206 0.000597302 -0.00476383 -0.00245618 2.54023e-06 -0.000674396 0.000169645 0.0111278 0.00015037 -0.00241596 0.000488454 -0.00160487 -0.00148249 -0.000550495 -0.000952286 -0.00402175 0.000224708 0.00201109 0.000130096 0.00166511 0.000909341 0.00519244 -0.00832547 -0.00313114 -0.000536324 -0.00890201
internal_weight=312653 284296 28357 25030 24448 24344 2434 3308 281862 55436 226426 350 226076 6233 24502 30934 30667 19725 10902 2912 219843 10878 208965 13600 11291 2309 1272 10942 1162 618
internal_count=312653 284296 28357 25030 24448 24344 2434 3308 281862 55436 226426 350 226076 6233 24502 30934 30667 19725 10902 2912 219843 10878 208965 13600 11291 2309 1272 10942 1162 618
is_linear=0
shrinkage=0.03


Tree=57
num_leaves=31
num_cat=0
split_feature=51 210 57 93 220 218 108 94 102 183 52 147 280 54 40 233 179 188 56 176 50 233 94 97 10 100 65 170 175 238
split_gain=24.8559 70.7398 55.2943 38.4307 37.0547 63.107 37.7857 37.1723 80.7056 48.5787 45.8768 46.9874 43.3821 36.6816 62.4048 65.223 61.1208 69.7271 60.5159 59.9368 54.3424 51.3699 50.8448 50.6002 84.0977 48.048 47.1845 43.6283 50.722 42.25
threshold=0.16039144992828372 1.5918523073196413 -1.0703449845314024 1.4206521511077883 -2.8229326009750362 -2.7922694683074947 -1.7175583839416502 -1.3661515712738035 -1.3058066368103025 -2.6234092712402339 1.4192212224006655 -1.1392847299575803 -0.31931456923484797 -0.50705084204673756 -2.7504365444183345 -1.7490430474281309 0.61939164996147167 -2.6822581291198726 -0.40982028841972346 0.66929346323013317 -1.1094279885292051 0.59401947259902965 1.1667473316192629 0.45537218451499945 -0.5196164846420287 0.27020268142223364 0.18748067319393161 -1.0723326802253721 2.6208252906799321 -1.1203907728195188
decision_type=2 2 2 2 2 2 2 2 2 2 2 2 2 2 2 2 2 2 2 2 2 2 2 2 2 2 2 2 2 2
left_child=1 13 -3 -4 -2 -6 -7 10 -9 -10 12 -12 -8 16 15 -15 19 -18 26 23 -20 22 29 -1 -25 -24 -19 28 -17 -16
right_child=4 2 3 -5 5 6 7 8 9 -11 11 -13 -14 14 21 27 17 18 20 -21 -22 -23 25 24 -26 -27 -28 -29 -30 -31
leaf_value=-0.00029336710714017428 -0.0081465174908977468 -0.0022717046651110767 0.015931169130097598 0.005038537840178374 0.015959037062581453 0.0083010603827023445 -0.00011689022496670096 0.0093105439772670235 0.0072824551060064477 -0.00038416721744255402 -0.0050424817188832096 -0.027645963367641618 -0.011595415529869969 -0.0025124007975934324 0.0031570133264855285 -0.00022979907835949821 -0.0067920198327846701 0.0057362971449759007 0.0029287752491010668 -0.0088632048603495203 -0.0042043429317038666 -0.0031080448363731577 0.015767407316694827 -0.012184765746562866 -0.0017423501346697217 0.0029788829169651149 -0.00062438730841873815 0.021685078494937816 0.018796408778924325 0.00030475940036953325
leaf_weight=60015 526 623 410 1574 194 433 2178 764 725 121162 364 118 334 350 4939 341 755 4719 1977 781 1814 3516 311 789 5944 2032 1238 285 156 92915
leaf_count=60015 526 623 410 1574 194 433 2178 764 725 121162 364 118 334 350 4939 341 755 4719 1977 781 1814 3516 311 789 5944 2032 1238 285 156 92915
internal_value=-2.72679e-06 0.000217587 0.00510892 0.00757576 -0.000327357 -0.000291125 -0.000321036 -0.000354454 -0.000270881 -0.000334917 -0.003654 -0.0120547 -0.00184111 0.000145667 0.000513323 0.00747359 -0.000344483 0.0017745 0.00248125 -0.000678923 -0.000409866 0.000433036 0.000560884 -0.000576042 -0.00304292 0.00492242 0.00436654 0.0122683 0.00565805 0.000452403
internal_weight=312282 185484 2607 1984 126798 126272 126078 125645 122651 121887 2994 482 2512 182877 104845 1132 78032 10503 9748 67529 3791 103713 100197 66748 6733 2343 5957 782 497 97854
internal_count=312282 185484 2607 1984 126798 126272 126078 125645 122651 121887 2994 482 2512 182877 104845 1132 78032 10503 9748 67529 3791 103713 100197 66748 6733 2343 5957 782 497 97854
is_linear=0
shrinkage=0.03


Tree=58
num_leaves=31
num_cat=0
split_feature=90 18 233 55 296 48 179 177 293 170 293 170 152 98 4 232 109 122 186 227 172 207 54 44 114 168 237 145 239 217
split_gain=29.8142 50.4297 61.6585 53.5973 64.2578 59.9489 52.4118 53.0948 52.18 64.8645 65.4901 56.9481 53.6611 48.3252 48.17 45.4283 45.3905 47.8571 56.1772 60.6963 113.899 48.0249 42.3504 39.4189 38.8038 40.8273 52.7415 44.2257 36.241 35.7487
threshold=-0.75353950262069691 -1.1128971576690672 -2.6656423807144161 0.36953987181186682 0.62282869219779979 -0.43222558498382563 1.2650181055068972 -0.43075443804264063 1.4208230972290041 1.0000000180025095e-35 0.84327968955039989 -2.4608461856842037 -0.10751778259873389 -1.9350119829177854 -1.5120624899864195 0.6417059898376466 -2.6363557577133174 0.33793866634368902 0.42043197154998785 -0.17114756256341931 0.032242214307188995 0.47338120639324194 -1.4596887826919553 0.30294157564640051 -1.9513183236122129 -0.86041101813316334 -1.0026214718818662 -1.5522586703300474 -1.2960861325263975 -2.814543485641479
decision_type=2 2 2 2 2 2 2 2 2 2 2 2 2 2 2 2 2 2 2 2 2 2 2 2 2 2 2 2 2 2
left_child=1 2 6 4 5 15 7 -1 9 12 -11 -10 -5 -2 -8 -4 -15 24 -19 21 -21 -20 -7 29 -18 26 -26 -27 -25 -3
right_child=13 23 3 8 -6 22 14 -9 11 10 -12 -13 -14 16 -16 -17 17 18 19 20 -22 -23 -24 28 25 27 -28 -29 -30 -31
leaf_value=-0.0037828652316347737 0.0095626929381778508 0.009568601892910953 0.00083897956726421271 -0.00017059438935829689 -0.0099018924599845459 0.0054439847592095084 -0.0036554496873689528 -0.015817632769427679 0.015639420895837246 0.0041688072493972 0.01479366232753076 -0.0059164084846659555 0.01245935889282419 0.0082007171626423212 0.0080042043937894707 0.013819856670666486 -0.0046863666403387265 -0.0022886682022724425 -0.0033954270305014346 0.0026182325737303881 -0.00044829404821185379 -8.9972328471419876e-05 -0.0031096561602476569 0.0059776115053682593 0.0055137331686689866 -0.0060180606797875071 0.00098339954492142486 0.0003250088817534444 -0.0071489854309902618 -0.0013616097762782337
leaf_weight=1582 467 246 17303 3084 569 530 760 450 100 2058 764 922 311 601 508 230 1315 13166 8250 14234 46010 7954 5882 172 3001 972 11065 142411 1728 26005
leaf_count=1582 467 246 17303 3084 569 530 760 450 100 2058 764 922 311 601 508 230 1315 13166 8250 14234 46010 7954 5882 172 3001 972 11065 142411 1728 26005
internal_value=-3.10882e-05 -0.00061373 0.00013791 0.000552557 -0.000106082 0.000122245 -0.0037408 -0.00672244 0.00281843 0.00387294 0.0072347 -0.00325962 0.000964721 0.000115375 0.000834603 0.00104191 9.56833e-05 7.42051e-05 -0.000478509 -0.00016232 0.000271892 -0.00179349 -0.00234126 -0.00155974 0.000388094 0.00043297 0.00197771 0.000279084 -0.00575454 -0.00124056
internal_weight=312650 63204 35053 31753 24514 23945 3300 2032 7239 6217 2822 1022 3395 249446 1268 17533 248979 248378 89614 76448 60244 16204 6412 28151 158764 157449 14066 143383 1900 26251
internal_count=312650 63204 35053 31753 24514 23945 3300 2032 7239 6217 2822 1022 3395 249446 1268 17533 248979 248378 89614 76448 60244 16204 6412 28151 158764 157449 14066 143383 1900 26251
is_linear=0
shrinkage=0.03


Tree=59
num_leaves=31
num_cat=0
split_feature=102 81 58 147 216 94 238 275 174 172 164 321 53 51 177 130 55 48 53 156 107 31 136 132 296 235 135 296 105 325
split_gain=23.7329 51.3371 52.1285 90.6748 47.8257 44.8207 40.3265 56.0839 61.9462 43.3814 43.0946 40.5169 45.1741 41.9094 39.2222 44.7374 40.0189 33.7801 35.7274 36.0268 49.4748 33.0551 46.9656 32.4213 32.4078 45.5006 47.2545 55.8028 35.8266 30.1658
threshold=-0.060911560431122773 -2.8065046072006221 -0.91664034128189076 1.0200505256652834 -0.49087138473987574 -0.36077469587326044 1.6135054230690005 -0.68171009421348561 1.4686892032623293 1.462782144546509 1.6161167025566103 -0.024582671001553532 -2.4813730716705318 1.8748267889022829 0.27613633871078497 -0.51647192239761341 -1.9150369167327879 -1.9956308007240293 -1.6520075798034666 0.4512906819581986 1.0000000180025095e-35 0.85477408766746532 1.0969195961952212 1.4443194270133974 -0.53196600079536427 -0.2858333140611648 1.8734022974967959 0.095678105950355544 1.5814433097839358 -0.011624393984675406
decision_type=2 2 2 2 2 2 2 2 2 2 2 2 2 2 2 2 2 2 2 2 2 2 2 2 2 2 2 2 2 2
left_child=4 -2 3 14 5 6 10 8 -8 -10 11 12 -1 -13 15 -3 -17 23 -19 21 29 22 -20 -6 -4 26 27 -26 -28 -21
right_child=1 2 24 -5 17 -7 7 -9 9 -11 -12 13 -14 -15 -16 16 -18 18 19 20 -22 -23 -24 -25 25 -27 28 -29 -30 -31
leaf_value=-0.0085874875666879808 0.012286680944674347 -0.007518621738668344 0.0011566166483855114 0.0017332574361217828 0.0028913003827517663 -0.0027121854949935824 0.0023403740214307214 -0.012093326340952254 0.022401405240167736 0.00019970056589647947 -0.010445856740905755 0.00010470912692997787 -0.0011581110334863995 0.0094170068500042149 0.0017968175745828325 -0.011425398998471635 -0.0021680203866726883 -0.0033907933672316184 0.0011295197296738518 0 0.0030917292218547829 -0.0047136858469118293 0.0069299128981205396 0.018987026161321717 -0.0014182184448865084 -2.8307070897014888e-05 0.011327267052944411 -0.0071037654626302524 -0.0040243836706818151 -0.006217368061634007
leaf_weight=926 275 2254 17809 4689 507 5742 1242 139 281 146 339 66468 4041 419 1227 444 8683 1684 55619 1191 1301 804 1290 159 9443 121142 387 1908 158 1807
leaf_count=926 275 2254 17809 4689 507 5742 1242 139 281 146 339 66468 4041 419 1227 444 8683 1684 55619 1191 1301 804 1290 159 9443 121142 387 1908 158 1807
internal_value=4.1404e-05 -0.000199307 -0.000222971 -0.00178232 0.000324799 -0.000163006 3.142e-05 0.00443473 0.00611576 0.0158299 -7.58997e-05 -1.99083e-05 -0.00263221 0.000170325 -0.00311422 -0.00367222 -0.00267516 0.000933702 0.000856789 0.000978029 -0.00163704 0.00117852 0.00126866 0.00761282 -4.19656e-05 -0.000204817 -0.00197405 -0.0024111 0.00636081 -0.00379541
internal_weight=312524 168419 168144 17297 144105 79743 74001 1808 1669 427 72193 71854 4967 66887 12608 11381 9127 64362 63696 62012 4299 57713 56909 666 150847 133038 11896 11351 545 2998
internal_count=312524 168419 168144 17297 144105 79743 74001 1808 1669 427 72193 71854 4967 66887 12608 11381 9127 64362 63696 62012 4299 57713 56909 666 150847 133038 11896 11351 545 2998
is_linear=0
shrinkage=0.03


Tree=60
num_leaves=31
num_cat=0
split_feature=57 298 177 48 153 58 163 233 75 295 172 100 27 287 178 145 210 70 230 145 58 43 102 89 220 232 115 116 58 333
split_gain=29.7442 52.0097 38.8183 41.0975 82.7649 46.196 41.3992 38.4178 85.2523 46.4061 58.4675 37.5177 58.1991 42.3527 35.8351 51.4473 66.0798 50.9064 59.1237 54.016 42.917 41.1371 52.0653 39.6411 39.2728 39.2278 37.7591 36.1558 44.2657 44.9693
threshold=-0.24420944601297376 1.2505142688751223 -0.31179761886596674 -0.17285350710153577 -1.9441029429435728 -1.489288806915283 1.0713508725166323 0.59401947259902965 1.3025912642478945 0.49388550221920019 -0.22922822833061215 -2.7671784162521358 -2.8372268676757808 -2.7067580223083492 0.61349403858184826 -1.5522586703300474 -0.59096279740333546 -0.89638936519622792 -0.033869666978716843 0.95459371805191051 0.34876255691051489 1.4019538164138796 0.033249439671635635 -0.44908586144447321 -1.0375486612319944 -2.6708132028579707 -0.38492847979068751 1.6063010692596438 0.7422342598438264 -0.011633455287665127
decision_type=2 2 2 2 2 2 2 2 2 2 2 2 2 2 2 2 2 2 2 2 2 2 2 2 2 2 2 2 2 2
left_child=1 2 7 4 5 -4 -5 9 -9 11 -11 12 -1 -13 15 23 20 18 24 -20 -17 22 -19 25 -18 -2 -23 -16 -29 -30
right_child=14 -3 3 6 -6 -7 -8 8 -10 10 -12 13 -14 -15 27 16 17 21 19 -21 -22 26 -24 -25 -26 -27 -28 28 29 -31
leaf_value=-0.0090533124783608847 -0.0068100400698296289 -0.014160571056663206 -0.0089313426334958739 0.00057097642688944486 -0.0042992560248328758 0.0076681037588180821 -0.0038081926326608319 -0.0043194943283552121 0.0057035412860646046 0.022613790172495339 0.0027507354204837986 0.0059313014155454669 0.00040180310384995078 -4.9044450655672752e-06 -0.00073410296168813867 -0.0021304531341189491 0.01336801761360683 0.0011874829231509434 0.0074336449428508925 -0.010082337173817167 0.00098865577303980465 -0.0049865045190908589 -0.00019352210068687085 -0.0094311508174087077 -0.0012797779606597032 0.0047864364649487885 0.0042695310029766927 -0.0019148214934554522 0.00017529942941131368 0.0044585829159460863
leaf_weight=1025 241 227 150 8852 7300 844 2449 4415 882 151 908 1074 1201 88013 49454 13737 159 42862 2736 137 5417 394 56841 172 2030 4468 4032 3188 5032 4137
leaf_count=1025 241 227 150 8852 7300 844 2449 4415 882 151 908 1074 1201 88013 49454 13737 159 42862 2736 137 5417 394 56841 172 2030 4468 4032 3188 5032 4137
internal_value=0 -0.000377869 -0.00034622 -0.00156515 -0.00317099 0.00474055 -0.00035657 -9.83298e-05 -0.00257897 4.12008e-05 0.00622766 -2.86098e-05 -0.00386024 6.46087e-05 0.00022632 0.000504233 0.000386349 0.000673257 0.00361541 0.00643076 -0.00123257 0.000526683 0.000397278 0.00352853 0 0.00410322 0.00335936 -0.000367806 0.00107273 0.00214604
internal_weight=312528 117491 117264 19595 8294 994 11301 97669 5297 92372 1059 91313 2226 89087 195037 133226 128345 109191 5062 2873 19154 104129 99703 4881 2189 4709 4426 61811 12357 9169
internal_count=312528 117491 117264 19595 8294 994 11301 97669 5297 92372 1059 91313 2226 89087 195037 133226 128345 109191 5062 2873 19154 104129 99703 4881 2189 4709 4426 61811 12357 9169
is_linear=0
shrinkage=0.03


Tree=61
num_leaves=31
num_cat=0
split_feature=59 239 112 244 207 52 178 48 235 94 239 196 21 224 116 224 287 178 247 214 184 308 131 220 49 119 192 337 340 305
split_gain=29.9696 25.0879 51.5748 45.9421 59.9481 72.5558 41.9681 50.7909 81.9727 70.8823 40.4992 40.3385 45.5113 43.8022 35.0649 35.0512 34.9567 34.3679 33.4629 50.4251 45.3218 32.542 31.1679 31.0307 43.5297 30.8817 29.8337 28.6513 28.0255 27.0142
threshold=1.0000000180025095e-35 0.56898710131645214 1.8846442699432375 1.4116024374961855 1.0915818214416506 0.53153744339942943 0.73552194237709057 1.5938827991485598 0.85472074151039135 1.8369315862655642 0.14446488767862323 1.1863856315612795 0.73720023036003124 1.12979131937027 1.6063010692596438 -2.2125399112701412 1.1634773612022402 -1.2890128493309019 -1.5040675997734068 -1.5552757382392881 -2.6337194442749019 -0.020942046307027336 -1.4789533019065855 2.2183699607849126 1.0642473697662356 0.55403402447700512 0.50511470437049877 -0.0095919072628021223 -0.010775963775813578 -0.032486200332641595
decision_type=2 2 2 2 2 2 2 2 2 2 2 2 2 2 2 2 2 2 2 2 2 2 2 2 2 2 2 2 2 2
left_child=-1 2 3 11 -5 -6 16 9 -9 14 27 12 13 -2 15 -8 18 -7 20 28 -3 -13 -22 24 -11 -18 -14 29 -20 -4
right_child=1 6 10 4 5 17 7 8 -10 23 -12 21 26 -15 -16 -17 25 -19 19 -21 22 -23 -24 -25 -26 -27 -28 -29 -30 -31
leaf_value=0.0070439968990663494 -0.00018453753482952881 -0.0061477337681942364 -0.00094477425279673342 -0.0052821795211033225 0.0025129563472076543 0.0052805789438847058 -0.0083774292758745858 -0.01178477084899896 -0.0012919656062749423 0.018221244676187777 -0.0012802456504896545 -0.00089272385036250751 -0.0036555098904822916 0.0027229642005943029 0.0026923425268429264 -0.0006191598130364011 0.00066578205874839706 -0.0047474419581574447 0.00045337328909209182 0.00058355632193399503 0.0031963053751833206 0.00312065599357414 0.011776546208937259 -0.00063031983234467773 0.0002940072921806004 0.0061690515059368159 -0.0008611599846001498 0 -0.0085564446233557835 0.0063843183652642528
leaf_weight=526 163152 310 446 3679 3442 299 528 876 3036 364 1726 2485 5152 4773 2837 19116 1962 2949 390 67466 1788 5809 548 182 231 1976 11604 1117 836 2981
leaf_count=526 163152 310 446 3679 3442 299 528 876 3036 364 1726 2485 5152 4773 2837 19116 1962 2949 390 67466 1788 5809 548 182 231 1976 11604 1117 836 2981
internal_value=2.09552e-05 7.70536e-06 -0.00017936 -0.00026343 -0.00220903 -0.000463606 0.000393347 -0.000610924 -0.00376587 -6.45941e-05 0.0024916 -0.000157116 -0.000250549 -9.97957e-05 -0.000388741 -0.000851255 0.000759877 -0.00370583 0.000602353 0.000469255 0.0039157 0.00188285 0.00541935 0.00871196 0.011985 0.00352021 -0.00174156 0.00398937 -0.00548831 0.00534351
internal_weight=312586 312060 209614 203344 10369 6690 102446 27170 3912 23258 6270 192975 184681 167925 22481 19644 75276 3248 71338 68692 2646 8294 2336 777 595 3938 16756 4544 1226 3427
internal_count=312586 312060 209614 203344 10369 6690 102446 27170 3912 23258 6270 192975 184681 167925 22481 19644 75276 3248 71338 68692 2646 8294 2336 777 595 3938 16756 4544 1226 3427
is_linear=0
shrinkage=0.03


Tree=62
num_leaves=31
num_cat=0
split_feature=58 173 217 231 340 139 205 57 291 36 208 281 238 108 118 52 109 290 177 237 168 173 239 54 101 90 99 110 67 171
split_gain=32.4707 42.1697 60.6401 78.8668 44.9809 48.1516 46.7849 41.1398 36.876 34.0706 34.6326 43.6222 31.1947 31.1941 70.1374 92.4165 65.3496 42.9511 39.7168 36.3685 48.713 36.4964 35.0762 34.2791 34.1334 35.468 39.4073 33.5992 32.4505 30.985
threshold=0.15549530088901523 -0.25140884518623346 -0.63468647003173817 -1.3754391074180601 -0.011265519540756939 -2.7584564685821529 -1.6022449135780332 -0.39040802419185633 2.3241956233978276 1.8198709487915041 -0.54843848943710316 0.44991433620452886 -0.50789508223533619 1.2878724932670595 0.96867898106575023 1.1607832908630373 1.603324890136719 1.1586375236511233 1.5012391805648806 1.0457412004470827 1.3175944089889529 0.84762439131736766 -1.4895499944686887 1.0646504759788515 1.5742413401603701 1.86815881729126 1.2463585138320925 0.98551943898201 1.8273298740386965 0.16199281066656115
decision_type=2 2 2 2 2 2 2 2 2 2 2 2 2 2 2 2 2 2 2 2 2 2 2 2 2 2 2 2 2 2
left_child=8 2 4 -4 7 -6 -7 -2 29 10 11 -5 -8 17 -15 18 28 24 -16 20 23 -21 -18 -19 25 -3 -27 -26 -17 -1
right_child=1 13 3 9 5 6 12 -9 -10 -11 -12 -13 -14 14 15 16 22 19 -20 21 -22 -23 -24 -25 27 26 -28 -29 -30 -31
leaf_value=-6.1792123077658072e-05 -0.0023332029624451977 7.6113796461720347e-06 0.0095121494010138238 0.0057891883647331185 -0.011037867757173999 0.003043462711216935 -0.0081327711871727517 0.0042775637389636904 0.0046506556996324172 0.0116742000466248 0.0010454214549028701 -0.009997233592661893 -0.0014395462402889041 0.0037608573297358877 -0.0023198964935169748 0.0040211424127695418 0.0078846121670518785 -0.00030011941875505462 -0.011554705959729994 -0.009573883239711407 -0.012790920532406456 0.0012079856877308891 -0.0013028784699961825 -0.0069723667143252056 -0.0066755509180594736 0.00055842727418449012 0.016010572660545057 0.0045837912569865026 0.015724055656369737 -0.0009156777396385242
leaf_weight=126143 1139 72432 1257 2499 446 1892 724 2761 1324 296 16984 137 5734 6046 1165 1460 383 1951 761 298 547 2515 4544 1152 1212 444 244 248 274 55421
leaf_count=126143 1139 72432 1257 2499 446 1892 724 2761 1324 296 16984 137 5734 6046 1165 1460 383 1951 761 298 547 2515 4544 1152 1212 444 244 248 274 55421
internal_value=-2.77269e-05 0.000334567 0.00124403 0.00222837 -0.000374863 -0.00158331 -0.0010173 0.0022683 -0.000285999 0.00174452 0.00156771 0.00478667 -0.00225902 9.29055e-06 0.00128611 -0.000426162 0.00121319 -0.00021781 -0.00620416 -0.00256021 -0.00452741 0 -0.000499058 -0.00290207 -1.0167e-05 7.70763e-05 0.00675975 -0.0045242 0.00619964 -0.000324158
internal_weight=312433 129545 33869 21173 12696 8796 8350 3900 182888 19916 19620 2636 6458 95676 14633 8587 6661 81043 1926 6463 3650 2813 4927 3103 74580 73120 688 1460 1734 181564
internal_count=312433 129545 33869 21173 12696 8796 8350 3900 182888 19916 19620 2636 6458 95676 14633 8587 6661 81043 1926 6463 3650 2813 4927 3103 74580 73120 688 1460 1734 181564
is_linear=0
shrinkage=0.03


Tree=63
num_leaves=31
num_cat=0
split_feature=59 115 135 89 197 167 58 109 29 178 216 47 238 235 179 244 326 53 178 97 210 151 103 284 173 229 326 316 39 358
split_gain=29.1741 27.6214 53.1943 63.9916 50.0809 67.0291 50.4935 66.1098 63.4134 48.2777 45.8698 54.1375 64.9604 50.4991 43.0059 75.8185 54.8302 50.7998 50.3569 43.5498 42.9176 41.4828 41.0131 47.9026 40.5848 45.7461 37.9249 37.218 37.0039 34.886
threshold=1.0000000180025095e-35 -0.50679233670234669 -1.8038583993911741 -0.5904250144958495 1.8593659996986391 0.49335189163684851 -0.61131146550178517 -0.43234340846538538 -0.25232006609439844 1.3323290348052981 -1.2590883970260618 -0.65384644269943226 0.58683595061302196 -0.066937595605850206 0.70040065050125133 -2.2885346412658687 -0.012857015710324047 -0.80272105336189259 1.5139582157135012 0.45537218451499945 0.79987379908561718 -0.17840751260519025 -1.6125093102455137 -1.5686426162719724 -0.25140884518623346 -0.40909773111343378 -0.022774385288357731 -0.010954853147268294 -1.4737052917480467 -0.013350394554436205
decision_type=2 2 2 2 2 2 2 2 2 2 2 2 2 2 2 2 2 2 2 2 2 2 2 2 2 2 2 2 2 2
left_child=-1 4 3 26 5 14 8 -8 -7 -9 11 27 13 -13 18 16 -16 -17 19 -2 -6 -5 23 -12 28 -26 -3 -4 -24 -22
right_child=1 2 10 21 20 6 7 9 -10 -11 22 12 -14 -15 15 17 -18 -19 -20 -21 29 -23 24 -25 25 -27 -28 -29 -30 -31
leaf_value=0.0070802926176782837 -0.00029306058117695453 -0.00011889607185772089 0.0023200199767514727 -0.0070731314355537431 -0.0055890247722298067 -0.016633870023427085 0.014628924750789151 -0.0015623128542441367 -0.0041070797641000953 -0.016359957095946894 0 -0.0015223583366242815 0.0019752896661329742 -0.01083780958559968 -0.0073168478355929868 0.0041075805689617132 0.010507462912542644 -0.0011126555850121597 -0.0096265177733405056 -0.0029539807168048396 0.00023698903480025358 0.0027362607150940542 -0.0095971930272432081 0.012338171553831838 -0.0018189732352683759 4.1488836972094028e-05 0.0048795428035570522 -0.0025830901352988434 0.0010308757087145592 0.010779555672257338
leaf_weight=500 61395 1668 2629 913 256 508 191 3617 1602 198 648 919 802 1553 1181 5904 148 2218 538 6120 518 595 272 517 12849 154105 5426 2895 41035 818
leaf_count=500 61395 1668 2629 913 256 508 191 3617 1602 198 648 919 802 1553 1181 5904 148 2218 538 6120 518 595 272 517 12849 154105 5426 2895 41035 818
internal_value=-1.72798e-05 -3.00671e-05 0.000141911 0.00245382 -0.0004913 -0.000595322 -0.00361901 -0.00153053 -0.00739172 -0.00248986 4.9188e-05 -0.00206823 -0.00511648 -0.00753506 -0.000351974 0.0015332 -0.00498316 0.00264593 -0.000618562 -0.000539509 0.00472593 -0.00302122 0.000139762 0.00570997 0.000106617 -0.000100099 0.00366507 -0.000195522 0.000949022 0.00697697
internal_weight=312538 312038 226826 8602 85212 83620 6116 4006 2110 3815 218224 8798 3274 2472 77504 9451 1329 8122 68053 67515 1592 1508 209426 1165 208261 166954 7094 5524 41307 1336
internal_count=312538 312038 226826 8602 85212 83620 6116 4006 2110 3815 218224 8798 3274 2472 77504 9451 1329 8122 68053 67515 1592 1508 209426 1165 208261 166954 7094 5524 41307 1336
is_linear=0
shrinkage=0.03


Tree=64
num_leaves=31
num_cat=0
split_feature=156 285 110 52 115 49 52 227 205 31 70 160 66 297 115 292 158 158 222 81 118 209 102 341 233 237 239 221 238 173
split_gain=34.4762 41.6139 50.0686 82.8463 76.2346 45.5842 50.1128 43.7309 66.6815 34.6178 43.8849 49.8198 55.4656 50.2108 49.714 48.7011 43.7599 41.8264 61.3105 47.601 40.6104 44.0623 42.3191 39.4873 38.1724 31.9335 30.2738 28.8414 34.7624 28.4142
threshold=1.858348608016968 0.45374113321304327 1.276649057865143 1.2748221158981325 -1.3190408349037168 1.8575861454010012 1.8781030178070071 1.2407063245773318 2.2501519918441777 0.639784336090088 0.69642591476440441 0.034329766407608993 0.075846515595912947 1.6039648652076723 -1.3190408349037168 0.13017382472753528 1.8581946492195132 0.90227600932121288 0.82608303427696239 1.196657180786133 -1.316360294818878 1.1710215806961062 1.4062904119491579 -0.0082207745872437937 -0.94754156470298756 -0.13809812068939206 0.52658608555793773 0.6221500337123872 -0.68597188591957081 2.5231904983520512
decision_type=2 2 2 2 2 2 2 2 2 2 2 2 2 2 2 2 2 2 2 2 2 2 2 2 2 2 2 2 2 2
left_child=9 -2 7 4 -4 -5 -7 -3 25 16 11 -11 14 -14 -13 20 29 27 26 -20 -12 24 -23 -16 -22 -9 -19 -17 -29 -1
right_child=1 2 3 5 -6 6 -8 8 -10 10 15 12 13 -15 23 17 -18 18 19 -21 21 22 -24 -25 -26 -27 -28 28 -30 -31
leaf_value=0.00015549976259998815 -0.0049436882349193313 0.0025122903112538017 0.013816058441298082 0.0077560094033572065 -0.0088888083785182963 -0.0059910849942433004 0.0027468448292581474 0.0043615341953246508 -0.0005488048136662345 -0.005959547829093516 -0.0028703279420797412 -0.012539496209947246 -0.0020165329796263403 -0.010807030314510857 -0.0011226837154049347 -0.00097735401569740512 -0.010066545937335645 -0.0097228879310634949 0.0017302727028239066 -0.002515934505488821 0.0065077376384015785 0.0068634399100312611 -0.0019276498287794474 0.0027034650512345118 -0.00037261471878158027 0.019517035187464702 -0.0017555907106822171 -0.0036798508199794204 0.0034687920466763469 -0.0036084679206369497
leaf_weight=244783 711 1798 124 1154 1083 727 2668 257 302 2204 1345 234 12921 615 4523 4229 359 1205 3717 6285 847 2739 530 5035 4087 514 838 664 4075 1793
leaf_count=244783 711 1798 124 1154 1083 727 2668 257 302 2204 1345 234 12921 615 4523 4229 359 1205 3717 6285 847 2739 530 5035 4087 514 838 664 4075 1793
internal_value=1.24032e-05 0.00180657 0.00240774 0.000726955 -0.00612457 0.0026294 0.000763742 0.00564541 0.010479 -4.2011e-05 -0.000715356 -0.00163321 -0.00120686 -0.00245341 0.000487223 4.22171e-05 0.000109775 -0.00075495 -0.00191577 -0.000907697 0.00182587 0.00263747 0.00534388 0.000862984 0.000769455 0.0150825 -0.00664897 0.000771574 0.00239287 0.000126623
internal_weight=312366 9338 8627 5756 1207 4549 3395 2871 1073 303028 56093 25532 23328 13536 9792 30561 246935 21013 12045 10002 9548 8203 3269 9558 4934 771 2043 8968 4739 246576
internal_count=312366 9338 8627 5756 1207 4549 3395 2871 1073 303028 56093 25532 23328 13536 9792 30561 246935 21013 12045 10002 9548 8203 3269 9558 4934 771 2043 8968 4739 246576
is_linear=0
shrinkage=0.03


Tree=65
num_leaves=31
num_cat=0
split_feature=37 160 159 299 230 116 56 179 73 178 58 283 147 101 178 115 234 50 297 47 312 118 101 177 284 56 160 58 167 232
split_gain=23.779 85.7545 68.6083 60.3071 57.0009 71.704 58.8865 54.5932 70.626 52.0228 46.6668 46.0728 48.8097 41.4721 39.0992 57.7278 41.2334 53.3229 44.2434 39.9529 37.754 37.3933 34.8414 33.126 32.9409 32.8523 58.1382 47.595 41.2577 32.232
threshold=-2.2426397800445552 -2.1857807636260982 -1.8626663684844968 -1.9738300442695615 -2.0598415136337276 -1.0805022716522215 -0.06870801746845244 -0.44833512604236597 -0.22990366071462628 -0.45393978059291834 -1.990575850009918 -2.7601909637451167 -2.8131982088088985 -2.2246091365814205 0.20272272825241092 0.099877871572971358 0.74844136834144603 -0.81405606865882862 -0.44656632840633387 -0.062045022845268243 -0.02042207587510347 -0.66615805029869068 -1.0974054932594297 -1.4881979823112486 -0.65345537662506092 -2.4397695064544673 -0.76922419667243946 -0.66178151965141285 -1.2978625893592832 0.84369042515754711
decision_type=2 2 2 2 2 2 2 2 2 2 2 2 2 2 2 2 2 2 2 2 2 2 2 2 2 2 2 2 2 2
left_child=1 3 -2 10 5 7 21 8 -4 23 11 12 -1 -6 15 19 17 18 -16 -5 22 -7 -3 -9 -22 26 28 -28 -15 -18
right_child=2 20 4 14 13 6 -8 9 -10 -11 -12 -13 -14 25 16 -17 29 -19 -20 -21 24 -23 -24 -25 -26 -27 27 -29 -30 -31
leaf_value=-0.013839174250184612 -0.0032126357156439475 -0.0034770724803489758 -0.0025248930462444469 0.0033786332144771034 0.0093772912200260402 0.018070566289836006 0 -0.0027672800117395837 0.012417904550229604 0.0020550563646401236 -0.018947045173521877 0.0071575168011643519 0 0.0017015569747367407 -0.012430246895430402 0.0146383624934334 0.013516451688567412 0.0041633277622460619 -0.0020332404087246179 -0.0070280118669841379 0.011545675996788371 0.0060447309636826024 0.0087412543177814699 -0.016859768072556788 0 -4.996326190908098e-05 -0.0028235695917177054 0.010270346724628381 0.018091713814312831 -0.0038759719149771429
leaf_weight=405 5930 508 488 2376 403 527 499 431 569 662 196 260 453 305 548 360 257 696 1356 352 1191 645 317 293 268 290337 1053 305 339 101
leaf_count=405 5930 508 488 2376 403 527 499 431 569 662 196 260 453 305 548 360 257 696 1356 352 1191 645 317 293 268 290337 1053 305 339 101
internal_value=2.3421e-05 0.00148882 -2.23579e-05 -5.18728e-05 4.05728e-05 0.00353884 0.00829194 0.000125009 0.00532173 -0.0036441 -0.00586512 -0.00301539 -0.00653259 -7.80322e-06 0.00117726 0.00355321 -0.00120957 -0.00262488 -0.00527969 0.00188529 0.00654115 0.0119164 0.000958472 -0.00917359 0.00943941 -2.24077e-05 0.0037864 5.93071e-06 0.0110662 0.00787054
internal_weight=312430 9644 302786 7360 296856 4114 1671 2443 1057 1386 1314 1118 858 292742 6046 3088 2958 2600 1904 2728 2284 1172 825 724 1459 292339 2002 1358 644 358
internal_count=312430 9644 302786 7360 296856 4114 1671 2443 1057 1386 1314 1118 858 292742 6046 3088 2958 2600 1904 2728 2284 1172 825 724 1459 292339 2002 1358 644 358
is_linear=0
shrinkage=0.03


Tree=66
num_leaves=31
num_cat=0
split_feature=54 208 94 155 52 111 114 117 44 239 163 48 290 155 187 113 118 196 124 111 113 298 217 124 2 79 264 109 223 58
split_gain=29.2654 72.1172 61.2913 65.6091 55.3067 64.0799 64.7729 55.2941 50.1984 40.5554 41.2766 39.4654 38.9457 38.6839 66.1245 48.1231 58.2672 40.6936 58.0076 36.2364 35.6937 62.1218 53.8474 51.595 47.754 84.1656 38.2111 37.8263 45.4366 35.0777
threshold=-0.46538165211677546 -2.0113905668258663 -1.3661515712738035 -0.85167667269706715 1.8781030178070071 -1.1167011857032774 0.92064926028251659 0.36545817553997045 -0.39025089144706721 0.21091682463884356 1.287765681743622 0.1980608478188515 -0.46891999244689936 0.13482873141765597 0.59317722916603099 -1.4794583916664121 -1.4679678082466123 1.8421868085861208 0.94010728597641002 0.23033901304006579 -0.066606368869543062 -1.2908154129981992 -0.24916147440671918 0.22291344404220584 -2.6138314008712764 -0.3773095160722732 -0.29863509535789484 -1.0334904789924619 -1.8994400501251218 0.38435555994510656
decision_type=2 2 2 2 2 2 2 2 2 2 2 2 2 2 2 2 2 2 2 2 2 2 2 2 2 2 2 2 2 2
left_child=13 4 3 9 5 6 7 -2 -7 29 -11 12 -10 -1 -15 16 -16 18 -17 -6 21 -4 23 -23 25 -22 -24 -26 -29 -3
right_child=1 2 20 -5 19 8 -8 -9 11 10 -12 -13 -14 14 15 17 -18 -19 -20 -21 24 22 26 -25 27 -27 -28 28 -30 -31
leaf_value=-0.00014471866186075691 0.0020222236714154437 -0.0011512073570520559 0.0061745045643889261 -0.016629827651866779 0.0037192974528220814 0.0099818627417744624 0.01198011781749647 -0.0096904150615642493 0.0068705184214501351 -0.0053711723699251604 0.0080391796893251218 0.010394318143069115 -0.0075278571642671049 -0.0032024816926430688 -0.0036229828994741643 0.0013233987054298254 0.0088205205068864062 0.0045668908050278496 -0.0041405587223952356 -0.015693177064081819 0.0019186235746630595 0.00011405319523831124 0.0036092101627404525 -0.0037356217621142768 -0.0052950757817558985 0.029266496365682945 0.00089375530202033201 0.013280281075570648 -8.653695839685725e-05 0.0066397773202261654
leaf_weight=69795 795 3090 1868 276 101 1978 306 597 225 3029 187 288 462 11092 435 3139 1084 1080 3745 191 542 17813 5746 3749 1237 115 27927 209 150884 603
leaf_count=69795 795 3090 1868 276 101 1978 306 597 225 3029 187 288 462 11092 435 3139 1084 1080 3745 191 542 17813 5746 3749 1237 115 27927 209 150884 603
internal_value=-3.06911e-05 0.000153398 7.0307e-05 -0.00264798 0.0037303 0.00457605 0 -0.00285473 0.00723177 -0.00199975 -0.00445383 0.00126261 -0.00232695 -0.000486615 -0.00163057 0.000179353 0.00506134 -0.000724575 -0.00160901 -0.00820906 0.000164942 0.000805285 0.000616104 -0.000544234 -7.21814e-05 0.00787185 0.00136789 -0.000109442 -6.43068e-05 6.90348e-05
internal_weight=312588 222218 217275 7185 4943 4651 1698 1392 2953 6909 3216 975 687 90370 20575 9483 1519 7964 6884 292 210090 57103 55235 21562 152987 657 33673 152330 151093 3693
internal_count=312588 222218 217275 7185 4943 4651 1698 1392 2953 6909 3216 975 687 90370 20575 9483 1519 7964 6884 292 210090 57103 55235 21562 152987 657 33673 152330 151093 3693
is_linear=0
shrinkage=0.03


Tree=67
num_leaves=31
num_cat=0
split_feature=54 208 172 170 94 155 43 47 137 113 94 298 42 2 259 55 280 228 36 299 11 143 229 239 113 155 103 224 300 43
split_gain=27.7439 76.967 53.9307 65.7349 50.2339 50.8724 45.6325 42.4622 91.304 40.9357 61.0885 59.439 50.6259 48.4263 71.8858 38.9544 38.2742 67.823 70.1734 38.9402 37.239 41.6537 36.8853 37.9911 36.4678 60.4402 35.9737 51.1496 35.5617 35.434
threshold=-0.42661382257938379 -2.0113905668258663 1.6539479494094851 0.63161963224411022 -1.3661515712738035 -0.85167667269706715 -0.65276753902435292 0.57729482650756847 2.3001036643981938 1.0000000180025095e-35 1.1667473316192629 -1.1635898351669309 0.89525300264358532 -2.6138314008712764 -0.45983822643756861 1.1683865189552309 -2.2364463806152339 -2.731988668441772 -2.2514375448226924 -1.6750611662864683 -1.6357809305191038 -2.8097484111785884 -0.069587159901857362 -0.24578830599784848 -1.9825466871261594 -2.7668908834457393 1.4010969400405886 -0.10215248540043829 -0.0023332502460107203 -0.55647432804107655
decision_type=2 2 2 2 2 2 2 2 2 2 2 2 2 2 2 2 2 2 2 2 2 2 2 2 2 2 2 2 2 2
left_child=7 2 3 6 5 20 24 16 -9 10 11 -6 28 14 15 -11 19 -18 -19 -1 21 -3 23 -15 -2 -26 27 -22 -12 -24
right_child=1 4 -4 -5 9 -7 -8 8 -10 13 12 -13 -14 22 -16 -17 17 18 -20 -21 26 -23 29 -25 25 -27 -28 -29 -30 -31
leaf_value=-0.0062818463383714929 -0.0033166939854335324 -0.012051215295307338 -0.0055258729841199611 0.015260173578641505 0.0050827799414783622 -0.014591539285711575 -0.0012520843395256193 -0.0039815184728346116 0.0093974666752168253 -0.0038474165484037441 0.011793288425654413 0.0004192731100489829 0.001061934116995679 -0.0037496318129811548 0.026840518411019303 0.012652523433859459 0.0068633940875393569 0.0061927274184440913 -0.00030837690452373382 -0.0009478574540702807 -0.0023706733119620012 0.0043500163647309069 0.0032406601377527205 -0.00059052789264279375 0.015533997967184455 0.0040004996018903147 0.0080705450360261874 -0.01216385370469652 0 -2.0226309391060371e-05
leaf_weight=1766 305 130 445 495 2562 282 1153 5546 470 309 1061 60861 1441 4545 126 180 1227 1500 80078 4599 4490 1253 3055 15159 566 1860 219 548 232 115941
leaf_count=1766 305 130 445 495 2562 282 1153 5546 470 309 1061 60861 1441 4545 126 180 1227 1500 80078 4599 4490 1253 3055 15159 566 1860 219 548 232 115941
internal_value=7.1181e-06 0.000195208 0.00393615 0.00498664 0.000108467 -0.00239826 0.00352901 -0.000418909 -0.00285891 0.000194599 0.000809439 0.000613929 0.00519853 -9.52934e-05 0.00816287 0.00189529 -0.000250323 -7.39967e-05 -0.000183674 -0.00248982 -0.0017931 0.00244468 -0.000135245 -0.00133749 0.00565101 0.006919 -0.00296986 -0.00353911 0.00949372 6.15007e-05
internal_weight=312404 217218 4824 4379 212394 6922 3884 95186 6016 205472 66157 63423 2734 139315 615 489 89170 82805 81578 6365 6640 1383 138700 19704 2731 2426 5257 5038 1293 118996
internal_count=312404 217218 4824 4379 212394 6922 3884 95186 6016 205472 66157 63423 2734 139315 615 489 89170 82805 81578 6365 6640 1383 138700 19704 2731 2426 5257 5038 1293 118996
is_linear=0
shrinkage=0.03


end of trees

feature_importances:
CLOSE1=37
CLOSE6=33
HIGH1=31
HIGH8=28
OPEN4=27
HIGH0=27
LOW0=27
OPEN17=26
VWAP1=26
CLOSE4=25
OPEN6=25
CLOSE7=24
CLOSE2=24
HIGH11=23
LOW12=23
OPEN1=22
LOW6=22
LOW3=22
CLOSE11=21
LOW9=21
CLOSE22=20
CLOSE5=18
OPEN26=18
LOW7=18
LOW1=18
VWAP0=18
LOW5=17
OPEN10=16
LOW15=16
OPEN8=15
OPEN3=15
OPEN0=15
HIGH2=15
LOW11=15
VWAP3=15
CLOSE20=14
CLOSE9=14
OPEN25=14
HIGH6=14
HIGH3=13
VWAP6=13
OPEN29=12
OPEN9=12
OPEN7=12
OPEN5=12
HIGH12=12
LOW10=12
VWAP7=12
CLOSE28=11
CLOSE23=11
CLOSE16=11
CLOSE10=11
OPEN16=11
OPEN11=11
HIGH7=11
LOW34=11
LOW31=11
LOW4=11
CLOSE3=10
OPEN2=10
HIGH57=10
HIGH23=10
HIGH21=10
HIGH19=10
HIGH18=10
HIGH9=10
LOW53=10
LOW43=10
LOW29=10
VWAP23=10
CLOSE17=9
HIGH32=9
HIGH28=9
HIGH15=9
VWAP2=9
CLOSE52=8
CLOSE30=8
CLOSE26=8
CLOSE12=8
CLOSE8=8
OPEN40=8
OPEN21=8
OPEN19=8
HIGH30=8
HIGH20=8
LOW32=8
LOW30=8
LOW16=8
VWAP42=8
VWAP12=8
CLOSE43=7
CLOSE38=7
CLOSE15=7
OPEN42=7
HIGH55=7
HIGH24=7
HIGH5=7
LOW23=7
LOW2=7
VWAP29=7
VWAP9=7
CLOSE48=6
CLOSE41=6
CLOSE29=6
CLOSE19=6
OPEN45=6
OPEN30=6
OPEN23=6
OPEN13=6
HIGH51=6
HIGH40=6
HIGH13=6
HIGH4=6
LOW55=6
LOW46=6
LOW28=6
LOW21=6
VWAP32=6
VWAP19=6
VWAP4=6
CLOSE47=5
CLOSE40=5
OPEN54=5
OPEN46=5
OPEN18=5
HIGH39=5
HIGH31=5
LOW51=5
LOW45=5
LOW33=5
LOW24=5
LOW22=5
LOW14=5
LOW8=5
VWAP24=5
VWAP18=5
VWAP15=5
VWAP13=5
VWAP11=5
VWAP8=5
VOLUME18=5
CLOSE54=4
CLOSE49=4
CLOSE36=4
CLOSE34=4
CLOSE32=4
CLOSE0=4
OPEN59=4
OPEN55=4
OPEN52=4
OPEN49=4
OPEN39=4
OPEN37=4
OPEN34=4
OPEN28=4
OPEN22=4
OPEN15=4
OPEN14=4
OPEN12=4
HIGH49=4
HIGH34=4
HIGH22=4
HIGH14=4
HIGH10=4
LOW54=4
LOW50=4
LOW47=4
LOW40=4
LOW36=4
LOW26=4
LOW25=4
LOW20=4
LOW19=4
LOW13=4
VWAP40=4
VWAP26=4
VWAP25=4
VWAP17=4
CLOSE58=3
CLOSE57=3
CLOSE56=3
CLOSE55=3
CLOSE51=3
CLOSE44=3
CLOSE39=3
CLOSE27=3
CLOSE24=3
CLOSE18=3
CLOSE14=3
OPEN51=3
OPEN47=3
OPEN41=3
OPEN32=3
OPEN31=3
OPEN27=3
HIGH48=3
HIGH47=3
HIGH46=3
HIGH38=3
HIGH29=3
HIGH26=3
HIGH25=3
HIGH17=3
HIGH16=3
LOW59=3
LOW49=3
LOW42=3
LOW18=3
LOW17=3
VWAP57=3
VWAP44=3
VWAP30=3
VWAP28=3
VWAP14=3
VWAP10=3
VOLUME48=3
VOLUME47=3
VOLUME33=3
VOLUME28=3
VOLUME26=3
VOLUME19=3
VOLUME12=3
VOLUME5=3
CLOSE59=2
CLOSE53=2
CLOSE46=2
CLOSE45=2
CLOSE35=2
CLOSE31=2
CLOSE25=2
CLOSE13=2
OPEN53=2
OPEN48=2
OPEN44=2
OPEN43=2
OPEN38=2
OPEN35=2
OPEN20=2
HIGH54=2
HIGH44=2
HIGH43=2
HIGH36=2
HIGH35=2
HIGH33=2
HIGH27=2
LOW58=2
LOW56=2
LOW52=2
LOW41=2
LOW38=2
LOW37=2
LOW27=2
VWAP56=2
VWAP55=2
VWAP53=2
VWAP49=2
VWAP48=2
VWAP46=2
VWAP45=2
VWAP37=2
VWAP35=2
VWAP21=2
VWAP20=2
VWAP16=2
VOLUME42=2
VOLUME39=2
VOLUME38=2
VOLUME34=2
VOLUME22=2
VOLUME7=2
VOLUME3=2
CLOSE50=1
CLOSE42=1
CLOSE37=1
CLOSE33=1
CLOSE21=1
OPEN58=1
OPEN57=1
OPEN56=1
OPEN50=1
HIGH58=1
HIGH53=1
HIGH52=1
HIGH50=1
HIGH42=1
LOW57=1
LOW44=1
LOW39=1
LOW35=1
VWAP59=1
VWAP54=1
VWAP52=1
VWAP50=1
VWAP43=1
VWAP38=1
VWAP36=1
VWAP34=1
VWAP33=1
VWAP27=1
VWAP5=1
VOLUME59=1
VOLUME54=1
VOLUME51=1
VOLUME49=1
VOLUME44=1
VOLUME43=1
VOLUME31=1
VOLUME17=1
VOLUME15=1
VOLUME8=1
VOLUME2=1
VOLUME1=1

parameters:
[boosting: gbdt]
[objective: regression]
[metric: l2]
[tree_learner: serial]
[device_type: gpu]
[data_sample_strategy: bagging]
[data: ]
[valid: ]
[num_iterations: 500]
[learning_rate: 0.03]
[num_leaves: 31]
[num_threads: 12]
[seed: 20260814]
[deterministic: 0]
[force_col_wise: 1]
[force_row_wise: 0]
[histogram_pool_size: -1]
[max_depth: 7]
[min_data_in_leaf: 100]
[min_sum_hessian_in_leaf: 0.001]
[bagging_fraction: 0.8]
[pos_bagging_fraction: 1]
[neg_bagging_fraction: 1]
[bagging_freq: 1]
[bagging_seed: 20260814]
[bagging_by_query: 0]
[feature_fraction: 0.8]
[feature_fraction_bynode: 1]
[feature_fraction_seed: 20260814]
[extra_trees: 0]
[extra_seed: 17475]
[early_stopping_round: 0]
[early_stopping_min_delta: 0]
[first_metric_only: 0]
[max_delta_step: 0]
[lambda_l1: 10]
[lambda_l2: 20]
[linear_lambda: 0]
[min_gain_to_split: 0]
[drop_rate: 0.1]
[max_drop: 50]
[skip_drop: 0.5]
[xgboost_dart_mode: 0]
[uniform_drop: 0]
[drop_seed: 29730]
[top_rate: 0.2]
[other_rate: 0.1]
[min_data_per_group: 100]
[max_cat_threshold: 32]
[cat_l2: 10]
[cat_smooth: 10]
[max_cat_to_onehot: 4]
[top_k: 20]
[monotone_constraints: ]
[monotone_constraints_method: basic]
[monotone_penalty: 0]
[feature_contri: ]
[forcedsplits_filename: ]
[refit_decay_rate: 0.9]
[cegb_tradeoff: 1]
[cegb_penalty_split: 0]
[cegb_penalty_feature_lazy: ]
[cegb_penalty_feature_coupled: ]
[path_smooth: 0]
[interaction_constraints: ]
[verbosity: 1]
[saved_feature_importance_type: 0]
[use_quantized_grad: 0]
[num_grad_quant_bins: 4]
[quant_train_renew_leaf: 0]
[stochastic_rounding: 1]
[linear_tree: 0]
[max_bin: 63]
[max_bin_by_feature: ]
[min_data_in_bin: 3]
[bin_construct_sample_cnt: 200000]
[data_random_seed: 20260812]
[is_enable_sparse: 1]
[enable_bundle: 1]
[use_missing: 1]
[zero_as_missing: 0]
[feature_pre_filter: 1]
[pre_partition: 0]
[two_round: 0]
[header: 0]
[label_column: ]
[weight_column: ]
[group_column: ]
[ignore_column: ]
[categorical_feature: ]
[forcedbins_filename: ]
[precise_float_parser: 0]
[parser_config_file: ]
[objective_seed: 27057]
[num_class: 1]
[is_unbalance: 0]
[scale_pos_weight: 1]
[sigmoid: 1]
[boost_from_average: 1]
[reg_sqrt: 0]
[alpha: 0.9]
[fair_c: 1]
[poisson_max_delta_step: 0.7]
[tweedie_variance_power: 1.5]
[lambdarank_truncation_level: 30]
[lambdarank_norm: 1]
[label_gain: ]
[lambdarank_position_bias_regularization: 0]
[eval_at: ]
[multi_error_top_k: 1]
[auc_mu_weights: ]
[num_machines: 1]
[local_listen_port: 12400]
[time_out: 120]
[machine_list_filename: ]
[machines: ]
[gpu_platform_id: 0]
[gpu_device_id: 0]
[gpu_use_dp: 1]
[num_gpu: 1]

end of parameters

pandas_categorical:null
