tree
version=v4
num_class=1
num_tree_per_iteration=1
label_index=0
max_feature_idx=157
objective=regression
feature_names=KMID KLEN KMID2 KUP KUP2 KLOW KLOW2 KSFT KSFT2 OPEN0 HIGH0 LOW0 VWAP0 ROC5 ROC10 ROC20 ROC30 ROC60 MA5 MA10 MA20 MA30 MA60 STD5 STD10 STD20 STD30 STD60 BETA5 BETA10 BETA20 BETA30 BETA60 RSQR5 RSQR10 RSQR20 RSQR30 RSQR60 RESI5 RESI10 RESI20 RESI30 RESI60 MAX5 MAX10 MAX20 MAX30 MAX60 MIN5 MIN10 MIN20 MIN30 MIN60 QTLU5 QTLU10 QTLU20 QTLU30 QTLU60 QTLD5 QTLD10 QTLD20 QTLD30 QTLD60 RANK5 RANK10 RANK20 RANK30 RANK60 RSV5 RSV10 RSV20 RSV30 RSV60 IMAX5 IMAX10 IMAX20 IMAX30 IMAX60 IMIN5 IMIN10 IMIN20 IMIN30 IMIN60 IMXD5 IMXD10 IMXD20 IMXD30 IMXD60 CORR5 CORR10 CORR20 CORR30 CORR60 CORD5 CORD10 CORD20 CORD30 CORD60 CNTP5 CNTP10 CNTP20 CNTP30 CNTP60 CNTN5 CNTN10 CNTN20 CNTN30 CNTN60 CNTD5 CNTD10 CNTD20 CNTD30 CNTD60 SUMP5 SUMP10 SUMP20 SUMP30 SUMP60 SUMN5 SUMN10 SUMN20 SUMN30 SUMN60 SUMD5 SUMD10 SUMD20 SUMD30 SUMD60 VMA5 VMA10 VMA20 VMA30 VMA60 VSTD5 VSTD10 VSTD20 VSTD30 VSTD60 WVMA5 WVMA10 WVMA20 WVMA30 WVMA60 VSUMP5 VSUMP10 VSUMP20 VSUMP30 VSUMP60 VSUMN5 VSUMN10 VSUMN20 VSUMN30 VSUMN60 VSUMD5 VSUMD10 VSUMD20 VSUMD30 VSUMD60
feature_infos=[-0.15450645983219147:0.33106967806816101] [0:0.33106967806816101] [-1:1] [0:0.27153289318084717] [0:1] [0:0.19577737152576447] [0:1] [-0.31147539615631104:0.33106967806816101] [-1:1] [0.75127547979354858:1.1827411651611328] [1:1.365384578704834] [0.75127547979354858:1] [0.90894031524658203:1.0877940654754639] [0.62103557586669922:1.6790908575057983] [0.51279789209365845:1.8924485445022583] [0.43777582049369812:2.2146341800689697] [0.40953221917152405:2.740487813949585] [0.32686084508895874:2.649662971496582] [0.8043818473815918:1.3455072641372681] [0.69517505168914795:1.4951817989349365] [0.58934980630874634:1.7117466926574707] [0.53464740514755249:1.9959673881530762] [0.46012550592422485:1.8649090528488159] [0:0.26957115530967712] [0:0.32280367612838745] [0:0.36472421884536743] [0:0.57258552312850952] [0:0.50059491395950317] [-0.16409091651439667:0.17131471633911133] [-0.11732283234596252:0.17131471633911133] [-0.11732283234596252:0.17131471633911133] [-0.11732283234596252:0.17131471633911133] [-0.11732283234596252:0.17131471633911133] [0:1] [0:1] [0:1] [0:1] [0:1] [-0.11478264629840851:0.13264167308807373] [-0.24554997682571411:0.20802642405033112] [-0.40848860144615173:0.27287426590919495] [-0.44566619396209717:0.27581575512886047] [-0.96870207786560059:0.36147966980934143] [1:1.6472727060317993] [1:1.9298244714736938] [1:2.2439024448394775] [1:3.3160974979400635] [1:3.3160974979400635] [0.58144122362136841:1] [0.49132096767425537:1] [0.42983227968215942:1] [0.39746984839439392:1] [0.31774049997329712:1] [0.86334514617919922:1.4843636751174927] [0.78309857845306396:1.7869091033935547] [0.69679319858551025:2.054157018661499] [0.57799351215362549:2.423609733581543] [0.52150630950927734:2.3250908851623535] [0.70860719680786133:1.2689855098724365] [0.53621649742126465:1.4057971239089966] [0.45107382535934448:1.5574545860290527] [0.43389230966567993:1.5740000009536743] [0.37328624725341797:1.5950908660888672] [0.20000000298023224:1] [0.10000000149011612:1] [0.05000000074505806:1] [0.033333335071802139:1] [0.01666666753590107:1] [0:1] [0:1] [0:1] [0:1] [0:1] [0.20000000298023224:1] [0.10000000149011612:1] [0.05000000074505806:1] [0.033333335071802139:1] [0.01666666753590107:1] [0.20000000298023224:1] [0.10000000149011612:1] [0.05000000074505806:1] [0.033333335071802139:1] [0.01666666753590107:1] [-0.80000001192092896:0.80000001192092896] [-0.89999997615814209:0.89999997615814209] [-0.94999998807907104:0.94999998807907104] [-0.96666663885116577:0.96666663885116577] [-0.98333334922790527:0.98333334922790527] [-1:1] [-1:1] [-1:1] [-1:1] [-1:1] [-1:1] [-1:1] [-1:1] [-1:1] [-1:1] [0:1] [0:1] [0:0.94999998807907104] [0:0.90909093618392944] [0:0.90909093618392944] [0:1] [0:1] [0:0.89999997615814209] [0:0.8571428656578064] [0:0.8571428656578064] [-1:1] [-1:1] [-0.83333331346511841:0.90909093618392944] [-0.83333331346511841:0.90909093618392944] [-0.83333331346511841:0.90909093618392944] [0:1] [0:1] [0:1] [0:1] [0:1] [0:1] [0:1] [0:1] [0:1] [0:1] [-1:1] [-1:1] [-1:1] [-1:1] [-1:1] [0.20013266801834106:26452.083984375] [0.10012400150299072:23627.859375] [0.050104878842830658:26698.134765625] [0.033777147531509399:28136.5] [0.017187755554914474:26107.111328125] [0.00080492562847211957:59102.5] [0.0021778203081339598:49210.34375] [0.0021778203081339598:56418.4921875] [0.0021778203081339598:57003.12109375] [0.0021778203081339598:42065.70703125] [0:2.2360680103302002] [0:3.1615598201751709] [0:4.4708261489868164] [0:5.465825080871582] [0:7.5986995697021484] [0:1] [0:1] [0:1] [0:1] [0:1] [0:1] [0:1] [0:1] [0:1] [0:1] [-1:1] [-1:1] [-1:1] [-1:1] [-1:1]
tree_sizes=3106 3124 3119 3086 3094 3134 3088 3098 3112 3058 3067 3009 3085 3125 3133 3051 3066 3065 3089 3101 3094 3077 3055 3107 3093 2978 3037 3138 3037 3056 3047 3066 3104 3101 3066 3101 3103 3000 3064 3096 3016 3092

Tree=0
num_leaves=31
num_cat=0
split_feature=16 26 33 1 32 113 29 10 69 9 57 42 5 42 46 35 140 42 80 76 33 15 33 42 53 22 10 41 52 15
split_gain=163.413 104.009 91.7631 71.996 65.6357 60.7106 95.4964 72.566 77.6229 75.4761 67.6497 63.7833 72.5729 55.5956 53.2333 49.9813 51.6632 49.6127 49.5636 44.1723 41.7927 40.1182 39.842 39.7592 53.3855 37.7001 37.2376 56.8603 37.1616 36.6231
threshold=1.2217961549758913 0.021813971921801571 0.31842058897018438 0.036217371001839645 -0.004386170767247676 0.66666674613952648 -0.00040951419214252377 1.018200218677521 0.64456436038017284 0.98090901970863353 0.94792854785919201 -0.072452347725629793 0.0031413777032867078 0.0057253991253674039 1.004668712615967 0.56554260849952709 0.82012742757797252 -0.0043895151466131202 0.42499999701976782 0.31666667759418493 0.72923424839973461 0.99557188153266918 0.93427529931068432 -0.10343208909034728 1.0392466187477114 1.100579619407654 1.0116279721260073 -0.033296482637524598 0.7817724645137788 1.0250000357627871
decision_type=10 10 8 10 10 10 8 10 10 10 10 10 10 10 10 10 10 8 2 2 10 8 10 10 10 10 10 10 10 8
left_child=1 3 4 17 13 6 11 14 20 -10 -8 12 -4 -3 -7 -2 22 -1 -15 -13 -9 -6 -17 -23 -25 -16 -5 -28 -12 -20
right_child=15 2 5 26 21 7 10 8 9 -11 28 19 -14 18 25 16 -18 -19 29 -21 -22 23 -24 24 -26 -27 27 -29 -30 -31
leaf_value=2.4078637920326876e-11 0.0004913402442581179 -0.0040135889932215044 -0.0015339493936384987 2.4078637920326876e-11 -0.00091914086801615975 0.0010546021454703076 0.0083595052981613634 -0.010917349644616596 -0.0082440874484214968 0.0059410015304805445 -0.0018813202928130285 -0.0016794059982399654 0.0042907972027688554 -0.00072794186027484416 -0.0021196428803433665 0.0042156364435735512 0.010528496818398573 0.0015353550955983831 0.016822097024463686 0.00021412579462793267 0.0036406968868885588 0.0047780474844243588 -0.014070549236146293 -0.0026018093288568715 -0.013807861991284986 0.0042858546264403739 0.0018406688905119309 -0.012230007412920947 0.0020852200062001867 0.0050723630484434262
leaf_weight=33024 1158 790 2936 977 24624 6283 1449 498 342 3275 2311 21885 5217 807 30342 557 2084 45274 348 21951 219 595 110 27040 383 802 312 850 18230 1195
leaf_count=33024 1158 790 2936 977 24624 6283 1449 498 342 3275 2311 21885 5217 807 30342 557 2084 45274 348 21951 219 595 110 27040 383 802 312 850 18230 1195
internal_value=-5.39311e-05 -0.000149752 -0.000568132 0.000738582 -0.00156772 -8.35915e-05 0.000429786 -0.000999983 0.00264267 0.00447931 0.00208769 -0.000266229 0.0021579 0.00259508 -0.00143099 0.00601527 0.00821191 0.00089061 0.00495842 -0.000724709 -0.00608556 -0.00182261 0.000441413 -0.00260472 -0.0027792 -0.00194242 -0.00464413 -0.00823097 0.00162297 0.00809562
internal_weight=255868 251959 171522 80437 55782 115740 73979 41761 4334 3617 21990 51989 8153 3140 37427 3909 2751 78298 2350 43836 717 52642 667 28018 27423 31144 2139 1162 20541 1543
internal_count=255868 251959 171522 80437 55782 115740 73979 41761 4334 3617 21990 51989 8153 3140 37427 3909 2751 78298 2350 43836 717 52642 667 28018 27423 31144 2139 1162 20541 1543
is_linear=0
shrinkage=1


Tree=1
num_leaves=31
num_cat=0
split_feature=16 30 16 125 0 27 50 0 2 0 33 30 81 82 33 44 14 89 50 29 12 140 111 33 39 10 44 46 14 33
split_gain=162.021 88.4672 72.9447 69.2983 65.5016 59.8493 58.2868 71.2462 74.8965 71.4445 50.0938 49.7268 48.1191 47.2098 45.1323 94.7685 48.1325 43.1724 42.3907 42.3836 62.0069 39.1935 45.4168 38.9221 60.4996 38.4681 40.2289 36.8939 38.1152 46.5126
threshold=1.2217961549758913 -0.00043860780715476716 0.93234935402870189 0.47692285478115087 0.032596437260508544 0.096453994512557997 0.86989927291870128 -0.0080183399841189367 0.70885950326919567 0.032596437260508544 0.97755658626556408 -0.0071613250765949479 0.61666667461395275 0.22500000149011615 0.31842058897018438 1.0375035405158999 1.0291746854782107 -0.34163641929626459 0.95158854126930248 0.007356764981523157 1.001595199108124 0.73694482445716869 -0.13484849035739896 0.20330414175987246 -0.0081317885778844339 1.0191100239753725 1.0081053376197817 1.016412675380707 0.98271965980529796 0.92190930247306835
decision_type=10 8 8 10 8 10 8 10 10 10 10 10 2 2 8 8 10 10 10 10 10 10 2 10 10 10 10 10 8 10
left_child=1 2 13 6 25 27 7 23 9 -9 11 21 -10 -1 15 18 -17 -7 -8 -16 -21 -2 -23 -3 -25 26 -5 -4 29 -29
right_child=10 3 5 4 -6 17 14 8 12 -11 -12 -13 -14 -15 19 16 -18 -19 -20 20 -22 22 -24 24 -26 -27 -28 28 -30 -31
leaf_value=-0.0012561529201993269 -0.00050135676211485755 0.00094574925726143358 0.0040279266316185329 0.00028377919500761309 -0.0087104246808464691 0.0083250960609666056 -0.00054742649362619835 0.00028207315175867944 0.003456246413278235 -0.015207668364084853 -0.011710706239136367 0.0014223709267233823 0.014327099566465986 -0.0090720742875309637 0.0010494022130001941 -0.0046207344750528716 0.00042667834752365921 0.00093559358555484471 0.0017763691248248148 -0.0046512202374070881 0.0022313618316112068 0.012853143758462917 0.0025846017766006724 0.012626353260101688 0.0012005618110126934 0.0036263821952138195 -0.0034772636222572162 -0.0031097592944120079 -0.00059554350626599161 0.0043275102290367198
leaf_weight=1477 286 872 1417 4712 1089 1041 17720 6898 2201 258 110 1270 467 1509 66321 6131 2201 2537 11610 2877 1903 1698 618 1352 694 1361 5245 9585 99760 772
leaf_count=1477 286 872 1417 4712 1089 1041 17720 6898 2201 258 110 1270 467 1509 66321 6131 2201 2537 11610 2877 1903 1698 618 1352 694 1361 5245 9585 99760 772
internal_value=-1.805e-05 -0.000114315 -0.000713722 0.000412095 -0.00171536 -0.000590208 0.000632047 0.00255457 0.00128782 -0.000275411 0.00596945 0.0066064 0.0055631 -0.00533987 0.00040363 -0.000430621 -0.00325365 0.00320324 0.000362788 0.000849745 -0.00185077 0.00899209 0.0102871 0.00667943 0.00894509 -0.00100167 -0.00167034 -0.000715143 -0.000779622 -0.00251921
internal_weight=255992 252010 118098 133912 12407 115112 121505 12742 9824 7156 3982 3872 2668 2986 108763 37662 8332 3578 29330 71101 4780 2602 2316 2918 2046 11318 9957 111534 110117 10357
internal_count=255992 252010 118098 133912 12407 115112 121505 12742 9824 7156 3982 3872 2668 2986 108763 37662 8332 3578 29330 71101 4780 2602 2316 2918 2046 11318 9957 111534 110117 10357
is_linear=0
shrinkage=0.03


Tree=2
num_leaves=31
num_cat=0
split_feature=16 26 27 33 14 36 140 23 84 102 13 41 7 11 23 42 82 86 33 77 30 26 35 1 48 44 58 24 10 1
split_gain=155.476 93.165 75.1001 77.3568 65.549 63.8508 71.2467 66.6479 53.2514 52.9493 65.1266 61.6218 50.9014 43.1911 80.6944 63.4027 53.4924 73.6371 66.1601 52.1803 49.8953 42.174 54.96 41.1582 38.2949 34.7172 33.6806 32.9449 32.8926 32.0021
threshold=1.2217961549758913 0.021281987428665165 0.074022222310304656 0.31842058897018438 0.88593873381614696 0.80070549249649059 0.76447904109954845 0.01684655994176865 -0.15000000223517415 0.53390806913375866 0.98287948966026317 0.0049389153718948373 -0.0043907789513468734 0.97440478205680858 0.044223204255104072 0.024628678336739544 0.94166666269302379 -0.58333334326744068 0.8856443762779237 0.94166666269302379 -0.0013610702008008955 0.044069405645132072 0.82921022176742565 0.013005780056118967 0.96671107411384594 1.0375035405158999 0.99705615639686596 0.056208917871117599 1.0317460894584658 0.065034598112106337
decision_type=10 10 8 8 8 10 10 10 2 2 8 8 10 10 10 10 2 2 10 2 10 10 10 10 10 10 10 10 10 10
left_child=1 8 3 4 -3 -2 24 -8 -1 10 12 -12 -5 14 21 -16 17 18 -15 -19 27 -4 -23 26 -7 -25 -6 -18 -10 -11
right_child=5 2 13 9 23 6 7 -9 28 29 11 -13 -14 16 15 -17 20 19 -20 -21 -22 22 -24 25 -26 -27 -28 -29 -30 -31
leaf_value=-1.8756946704188389e-05 0.0019011811518440877 0.011845505431944117 -0.00025858033476829377 0.00049295289188106884 -0.0017409170815601272 0.010132702874706592 -0.0013450389785873817 0.014961724022465948 0.0016522315980042842 0.0015588291534441101 -0.00049658588973409805 0.0018869887491330443 -0.0025659283712968686 0.0062810095345843505 0.001110212672496311 -0.015789991915225982 -0.0057376174612235979 -0.00082308172587270822 -0.0048054959427443408 0.0037890211389147426 0.010537336563227617 0.0070971553300858215 -0.00035089471737511404 -0.0013898030344855949 -0.0085307312290598125 -0.0032399191632820033 0.0019755295348428438 0.0078477187978940165 -0.0070253863919211863 -0.0087174900736038882
leaf_weight=35996 2009 293 1411 6338 4549 130 226 1375 39749 15231 45518 12403 19358 3195 404 322 2390 13285 524 2625 176 3831 1060 21068 250 17430 4199 137 365 250
leaf_count=35996 2009 293 1411 6338 4549 130 226 1375 39749 15231 45518 12403 19358 3195 404 322 2390 13285 524 2625 176 3831 1060 21068 250 17430 4199 137 365 250
internal_value=2.74024e-05 -6.46365e-05 -0.000444979 -0.000723433 -0.00171906 0.00588899 0.0097238 0.0124866 0.000810814 -0.000242538 -0.000543537 9.12192e-06 -0.00179998 0.000935077 0.00298705 -0.00620569 0.000273795 0.000832109 0.00462136 -3.94941e-05 -0.0036468 0.0041098 0.00542704 -0.0018145 -0.00120848 -0.00223648 9.18214e-06 -0.00482747 0.00156234 0.00136249
internal_weight=256097 252107 175997 146637 47539 3990 1981 1601 76110 99098 83617 57921 25696 29360 7028 726 22332 19629 3719 15910 2703 6302 4891 47246 380 38498 8748 2527 40114 15481
internal_count=256097 252107 175997 146637 47539 3990 1981 1601 76110 99098 83617 57921 25696 29360 7028 726 22332 19629 3719 15910 2703 6302 4891 47246 380 38498 8748 2527 40114 15481
is_linear=0
shrinkage=0.03


Tree=3
num_leaves=31
num_cat=0
split_feature=16 26 25 79 3 45 125 45 11 74 0 34 33 102 83 86 13 1 33 23 14 27 45 156 149 36 23 69 33 51
split_gain=141.316 92.7164 85.4421 71.374 67.7836 65.858 59.6478 57.1324 54.9451 54.1591 84.6128 54.2777 49.7714 59.6311 68.0176 64.2556 51.3006 47.1448 46.2565 44.8805 41.5242 65.9042 63.7358 41.4987 40.2185 39.2273 52.2145 57.4749 52.5016 36.5068
threshold=1.2217961549758913 0.021813971921801571 0.041645765304565437 0.15000000223517421 0.018558969721198085 1.1114405989646914 0.47692285478115087 1.0305223464965823 0.96661168336868297 0.35000000894069677 -0.028758185915648934 0.62430384755134594 0.31842058897018438 0.53390806913375866 0.70000001788139354 -0.65000000596046437 1.0182303786277773 0.036217371001839645 0.97755658626556408 0.036585234105587013 0.97847923636436474 0.063814587891101851 1.033798396587372 -0.01888663042336702 0.34666077792644506 0.80070549249649059 0.022296592593193058 0.39393927156925207 0.63237780332565319 0.8748280704021455
decision_type=10 10 8 2 10 10 10 10 10 2 10 8 8 2 10 2 8 10 10 10 10 10 10 10 10 10 10 10 10 10
left_child=1 7 12 4 19 24 9 -1 -8 11 -11 -5 16 14 15 -14 20 -9 25 29 22 -22 -3 -16 -6 -2 27 28 -27 -4
right_child=18 2 3 6 5 -7 8 17 -10 10 -12 -13 13 -15 23 -17 -18 -19 -20 -21 21 -23 -24 -25 -26 26 -28 -29 -30 -31
leaf_value=0.0015220575512406426 0.0029915440781693105 -0.0011888554226144315 0.0036990107387555918 -0.0023863849379910777 0 -0.0069585702765200819 -0.014476373003506265 0.0001089246174919387 -0.001950291837186223 0.011840000612825804 0.0013606695352877316 0.0011866517040150068 -0.0018989780128905933 0.0012894569087598853 -0.00015757722335764005 0.00017443965775325082 -0.0038520909158809308 -0.0059661791615941134 -0.010833353171682488 -0.0048409074197598191 -0.0011409502233378497 0.0029952187732612285 -0.0061253649033197301 -0.0043155185487900559 0.017628835891130692 -0.010360023872356917 0.012930348346017551 0.017272607269782594 0.0096421937373883729 -0.0020918254600206659
leaf_weight=42131 1902 8574 6871 7719 115 120 427 37213 1367 764 7244 7437 18512 15345 3333 48329 7853 1165 117 695 20570 4127 3355 7053 613 315 1264 143 152 1059
leaf_count=42131 1902 8574 6871 7719 115 120 427 37213 1367 764 7244 7437 18512 15345 3333 48329 7853 1165 117 695 20570 4127 3355 7053 613 315 1264 143 152 1059
internal_value=7.63381e-06 -7.90359e-05 -0.000474396 0.000857049 0.00307122 0.0111562 2.84647e-06 0.000759253 -0.00522381 0.000424737 0.00242482 -0.000614086 -0.000811156 -0.000410374 -0.000752261 -0.000395715 -0.00163798 -7.06894e-05 0.0056661 0.00221765 -0.00115323 -0.000435773 -0.00261027 -0.00301288 0.0146494 0.00631075 0.00945399 0.00159251 -0.00310503 0.00288463
internal_weight=255884 251991 171482 34431 9473 848 24958 80509 1794 23164 8008 15156 137051 92572 77227 66841 44479 38378 3893 8625 36626 24697 11929 10386 728 3776 1874 610 467 7930
internal_count=255884 251991 171482 34431 9473 848 24958 80509 1794 23164 8008 15156 137051 92572 77227 66841 44479 38378 3893 8625 36626 24697 11929 10386 728 3776 1874 610 467 7930
is_linear=0
shrinkage=0.03


Tree=4
num_leaves=31
num_cat=0
split_feature=16 30 16 39 125 25 81 4 80 34 46 34 15 9 1 122 69 43 34 33 43 102 78 140 46 126 32 42 1 6
split_gain=121.015 93.0515 81.1532 66.9245 60.4245 58.2632 59.0701 105.964 69.1894 67.1539 62.8273 79.914 45.5071 44.7713 42.81 72.6209 45.9467 47.1725 44.9554 42.6681 86.2636 42.6187 64.9864 40.4174 39.5171 39.1285 39.0747 40.9016 66.9047 59.9811
threshold=1.2217961549758913 -0.00043860780715476716 0.93234935402870189 0.022164302878081802 0.47692285478115087 0.04340119659900666 0.61666667461395275 0.30000405013561254 0.52500000596046459 0.70396518707275402 1.1142047047615053 0.64128431677818309 0.96708083152771007 0.96891391277313244 0.065034598112106337 0.64102545380592357 0.39393927156925207 1.0242077708244326 0.8833613693714143 0.34123358130455023 1.0348431468009951 0.53390806913375866 0.30000000447034841 0.76447904109954845 1.016412675380707 -0.33333329856395716 -0.005015013273805379 -0.072452347725629793 0.022508054040372375 0.16666173189878467
decision_type=10 8 8 10 10 10 2 10 2 10 10 10 10 10 10 10 10 10 10 8 8 2 10 10 10 10 10 10 10 10
left_child=1 2 3 -1 5 19 10 9 -9 -8 11 -7 -5 -6 16 -16 18 -18 23 20 -3 22 -21 -2 -4 -19 -26 29 -29 -28
right_child=14 4 24 12 13 6 7 8 -10 -11 -12 -13 -14 -15 15 -17 17 25 -20 21 -22 -23 -24 -25 26 -27 27 28 -30 -31
leaf_value=-0.003092612955343839 -0.011874133146698478 0.00018986844599879537 0.0042985746305743535 -0.00069143262674468899 -0.0072065147747400566 0.0052565028822275754 0.0010476661239462997 0.011131685490166451 -0.015379267982355067 0.025921664655599388 -0.0040457917354812722 -0.0007455464392863596 -0.01995746699764115 -0.00093082725449846284 0.0037916714105353366 0.022659610265987694 0.00052258759700634977 0.027117950822569823 0.0098260754718889239 -0.00091433366926984888 -0.0039985834053851968 0.0023303536541750772 0.0012302434763303914 0.00073135369075141799 0.0019070955866842484 0.0063997837163196417 -0.0014473444173855338 -0.00044467944367463145 -0.0021705937352960473 0.0032886830269792553
leaf_weight=2355 241 34649 1441 195 1135 5334 171 139 169 347 1249 3049 412 11242 559 306 364 170 410 19013 5038 14703 37715 1644 5080 267 4361 70523 28701 5182
leaf_count=2355 241 34649 1441 195 1135 5334 171 139 169 347 1249 3049 412 11242 559 306 364 170 410 19013 5038 14703 37715 1644 5080 267 4361 70523 28701 5182
internal_value=-9.98433e-06 -9.30648e-05 -0.000707302 -0.00560538 0.000446952 0.000652044 0.00279612 0.0104924 -0.00255105 0.0186122 0.00208466 0.0030412 -0.0144662 -0.00154122 0.00517841 0.0111666 0.00334816 0.00948821 0.00101211 0.000447086 -0.000336018 0.000886349 0.00050611 -0.000830539 -0.000577907 0.01595 -0.000643009 -0.000765199 -0.000947268 0.00109452
internal_weight=256164 252203 118250 2962 133953 121576 10458 826 308 518 9632 8383 607 12377 3961 865 3096 801 2295 111118 39687 71431 56728 1885 115288 437 113847 108767 99224 9543
internal_count=256164 252203 118250 2962 133953 121576 10458 826 308 518 9632 8383 607 12377 3961 865 3096 801 2295 111118 39687 71431 56728 1885 115288 437 113847 108767 99224 9543
is_linear=0
shrinkage=0.03


Tree=5
num_leaves=31
num_cat=0
split_feature=16 30 16 125 25 45 1 0 44 73 53 78 51 77 80 67 27 124 53 86 35 53 42 1 5 26 80 30 1 121
split_gain=128.793 82.585 73.3916 58.5523 75.0119 69.7018 71.8432 60.6288 60.5114 60.8815 56.7745 56.1891 54.2796 53.6801 52.9752 52.4972 51.2128 46.4617 42.3166 42.2466 50.4087 55.3013 40.0817 63.5243 60.1057 53.8233 39.9327 38.4999 42.5505 57.1948
threshold=1.2217961549758913 -0.00043860780715476716 0.93234935402870189 0.47692285478115087 0.04340119659900666 1.1114405989646914 0.030690121464431289 0.027891878038644794 1.0270581245422366 0.5000000149011613 0.98546966910362255 0.5000000149011613 0.95570591092109691 0.091666668653488173 0.77500000596046459 0.60084748268127453 0.089987765997648253 0.53005406260490429 1.0140427947044375 -0.58333334326744068 0.80279701948165905 0.98216989636421215 -0.072452347725629793 0.021967936307191852 0.0031413777032867078 0.024423731490969661 0.27500000596046453 -0.0071613250765949479 0.053658556193113334 0.65714284777641307
decision_type=10 8 8 10 10 10 10 8 8 8 10 10 10 2 2 8 10 10 10 2 10 10 10 10 10 10 2 10 10 10
left_child=1 2 10 4 8 6 11 -5 12 18 14 -6 13 -3 -1 -11 22 -8 -10 20 21 -18 24 -24 -4 -25 -9 28 -2 -30
right_child=27 3 16 7 5 -7 17 26 9 15 -12 -13 -14 -15 -16 -17 19 -19 -20 -21 -22 -23 23 25 -26 -27 -28 -29 29 -31
leaf_value=-0.0032304915166947576 0.0042135209467895254 -0.0011573270427104893 -0.0020769712219812853 -0.00072957770016779638 -0.0019536029077539957 -0.0035345938253381294 0.0047818944457567432 -0.0092761840524764119 -0.0012701387370328578 -0.0041180235063275374 -0.0036357898245215747 0.0048769070740808333 0.0027176231693619513 0.0010745503802148529 -0.029188208263692294 -0.00047765298365725543 -0.0045794163831921579 0.012316554988257932 0.0011230947917783211 -0.00064770649597784013 -0.0023292374508107889 0.0085340765216325339 -0.00034460221682848193 0.00013582399835872181 0.0032129744465499597 -0.0026990212560917995 0.0038509110521172752 0.00078518525873550967 0.0012757456445765926 0.01778516637267109
leaf_weight=181 1680 12623 2933 10826 2382 1213 3934 1267 9866 6243 2599 1912 12927 40473 152 8797 292 1012 19978 2260 650 2049 70247 7849 5356 23393 202 1260 328 634
leaf_count=181 1680 12623 2933 10826 2382 1213 3934 1267 9866 6243 2599 1912 12927 40473 152 8797 292 1012 19978 2260 650 2049 70247 7849 5356 23393 202 1260 328 634
internal_value=-2.33623e-06 -8.75887e-05 -0.000667047 0.000421608 0.00062329 0.0030545 0.00395766 -0.00154255 0.000390934 -0.000454293 -0.00534954 0.0010268 0.000970046 0.000538062 -0.0169113 -0.00201213 -0.000544177 0.00642737 0.00032156 0.00233179 0.00467208 0.00674639 -0.000684875 -0.000850541 0.00130457 -0.00197759 -0.00724214 0.00539099 0.00745246 0.0126023
internal_weight=255518 251616 117961 133655 121360 10453 9240 12295 110907 44884 2932 4294 66023 53096 333 15040 115029 4946 29844 5251 2991 2341 109778 101489 8289 31242 1469 3902 2642 962
internal_count=255518 251616 117961 133655 121360 10453 9240 12295 110907 44884 2932 4294 66023 53096 333 15040 115029 4946 29844 5251 2991 2341 109778 101489 8289 31242 1469 3902 2642 962
is_linear=0
shrinkage=0.03


Tree=6
num_leaves=31
num_cat=0
split_feature=26 26 86 33 39 25 10 17 70 125 45 32 9 138 101 40 9 140 1 85 54 123 116 115 12 54 1 36 41 94
split_gain=91.1962 80.2677 75.5124 73.3723 59.6938 55.476 91.9046 79.1711 77.0667 56.4716 52.166 45.4158 54.7894 43.0203 42.6335 40.0811 48.0595 39.6596 39.233 37.2112 36.3026 35.8454 34.3049 72.1801 53.4585 41.3698 35.096 49.0257 36.8555 33.3178
threshold=0.070342991501092925 0.021813971921801571 -0.78333333134651173 0.27197717130184179 0.019932119175791744 0.033905735239386565 1.0158994197845461 1.0496751070022585 0.47552448511123663 0.47692285478115087 1.0305223464965823 -0.004386170767247676 0.98090901970863353 0.43036693334579473 0.67261904478073131 0.024597723037004474 1.0068262815475466 0.98046460747718822 0.036217371001839645 -0.32500000298023218 1.0235084891319277 0.99834778904914867 0.75756362080574047 0.6875000298023225 0.98831740021705639 0.98934802412986766 0.053658556193113334 0.81379902362823497 0.033094011247158057 0.4210775643587113
decision_type=8 10 2 10 10 8 10 10 10 10 10 10 10 8 2 10 10 10 10 2 10 10 10 10 8 10 10 8 8 10
left_child=1 10 17 11 5 7 9 -5 -8 -7 -1 12 -3 -4 15 16 -6 -2 -12 -20 -14 -17 23 26 -25 -24 28 -28 -15 -26
right_child=2 3 13 4 14 6 8 -9 -10 -11 18 -13 20 22 -16 21 -18 -19 19 -21 -22 -23 25 24 29 -27 27 -29 -30 -31
leaf_value=0.0014090067605369713 0.0032740003318196698 0.010757321672339195 -0.0075972299357186246 0.00044475624212405863 0.00073299368665025286 0.00055337812600710697 0.0013621514268194604 -0.0015885284869338015 0.0064128001487654346 -0.0041915264441601038 3.7139531381734287e-05 -0.0016967772299267738 0.0037458194849189011 -0.0021346845609357045 0.0082904561866425103 -0.0048078796150994004 -0.013112305871560238 0.010899341608983305 0.00078649784234451124 -0.0099101709309504342 -0.0052626313086898821 0.001254990902002589 -0.0095138029507443028 -0.0023148977173672565 0.0069945027086160778 0.0036758492598085698 0.0017151948174682261 0.014085678615036887 0.0026015770256343574 0.019292598723328884
leaf_weight=41309 1544 543 443 46020 3691 16486 7583 27413 4421 2592 37201 45055 917 3409 307 5833 220 1245 414 683 685 936 493 290 835 312 1344 380 2574 348
leaf_count=41309 1544 543 443 46020 3691 16486 7583 27413 4421 2592 37201 45055 917 3409 307 5833 220 1245 414 683 685 936 493 290 835 312 1344 380 2574 348
internal_value=2.16094e-05 -0.000109657 0.00244733 -0.000492637 -8.25525e-05 0.000136031 0.00119997 -0.000310423 0.0032548 -7.92862e-05 0.000669242 -0.00148933 0.00270487 0.00123345 -0.00218557 -0.00252968 -3.22599e-05 0.00683809 -0.000121174 -0.00566295 0 -0.0039241 0.00166963 0.00221357 0.00828021 -0.00407297 0.000996823 0.00474415 -4.52012e-05 0.0111222
internal_weight=255526 242309 13217 162702 115502 104515 31082 73433 12004 19078 79607 47200 2145 10428 10987 10680 3911 2789 38298 1097 1602 6769 9985 9180 1473 805 7707 1724 5983 1183
internal_count=255526 242309 13217 162702 115502 104515 31082 73433 12004 19078 79607 47200 2145 10428 10987 10680 3911 2789 38298 1097 1602 6769 9985 9180 1473 805 7707 1724 5983 1183
is_linear=0
shrinkage=0.03


Tree=7
num_leaves=31
num_cat=0
split_feature=16 26 40 36 1 24 52 74 31 16 41 125 84 81 80 8 13 23 36 140 6 15 5 76 10 38 121 96 142 22
split_gain=114.537 77.2185 62.0495 94.4226 54.6094 49.4384 58.8662 47.6954 101.075 59.7149 48.5443 44.0282 42.9124 40.73 45.5036 40.8762 40.6368 40.4556 43.0368 61.7347 38.5275 36.2319 35.8555 35.832 42.9038 35.1964 34.3546 33.9852 33.8019 33.6484
threshold=1.2217961549758913 0.021813971921801571 -0.031314985826611512 0.82694369554519664 0.036217371001839645 0.030013722367584709 0.7817724645137788 0.35000000894069677 -0.0047947296407073728 1.0877390503883364 -0.057527879253029816 0.47692285478115087 -1.0000000180025095e-35 0.083333335816860213 0.52500000596046459 0.77142867445945751 0.99810156226158153 0.01684655994176865 0.80070549249649059 0.76447904109954845 0.066670112311840071 0.94875985383987438 0.003993967780843378 0.48333333432674414 1.0212945342063906 -0.0054548420011997214 0.57092198729515087 0.15325000137090686 1.6148093938827517 0.87283560633659374
decision_type=10 10 10 8 10 10 10 2 10 10 8 10 2 2 2 10 8 10 10 10 10 10 10 2 10 10 10 10 10 10
left_child=1 4 3 5 12 6 22 13 9 25 -10 -12 -1 14 16 -16 -4 -2 20 -20 -19 -6 -3 24 -15 -9 -8 -7 -5 -29
right_child=17 2 7 28 21 27 26 8 10 -11 11 -13 -14 23 15 -17 -18 18 19 -21 -22 -23 -24 -25 -26 -27 -28 29 -30 -31
leaf_value=9.3629334764172947e-05 -0.0016876605879790677 0.00076818528017478648 -0.0047060628649785901 0.0096236535572255741 0.0011989268552465939 0.00015117767742403132 0.0020218488214955241 0.0067250930709917452 -0.012639656505203397 0.0051699316712325132 -0.00015246478264750032 -0.0022732667982660283 0.0015065793140612662 -0.0010665556100477346 -0.0039392212707989429 -0.012103389095561421 0.00132432708204504 0.0093099397562011986 -0.0013085313948910926 0.012638286717008489 -0.00029969851109124516 -0.0067173648390637533 0.012831691327757626 0.00036152107697886291 -0.0042347996968699255 -0.0066968898218708536 -0.0025387261617297028 -0.014307636571201411 0 -0.0027592874414070086
leaf_weight=38757 589 419 1590 1471 709 4377 6634 199 275 4532 74019 10051 39592 37193 3440 720 2553 509 309 1347 1102 1446 650 13322 4380 666 1848 255 355 2445
leaf_count=38757 589 419 1590 1471 709 4377 6634 199 275 4532 74019 10051 39592 37193 3440 720 2553 509 309 1347 1102 1446 650 13322 4380 666 1848 255 355 2445
internal_value=-6.40884e-06 -8.63224e-05 -0.000447349 0.00118935 0.000678501 0.000454949 0.00187499 -0.000646926 -0.000198289 0.00376818 -0.000456482 -0.000410066 0.000811664 -0.00127899 -0.00325069 -0.00547517 -0.000929442 0.00511015 0.00642979 0.00987233 0.00262949 -0.00398788 0.00847977 -0.000974223 -0.00140944 -0.00318788 0.000989302 -0.00141912 0.00763704 -0.00405744
internal_weight=255754 251898 171394 18454 80504 16628 9551 152940 89742 5397 84345 84070 78349 63198 8303 4160 4143 3856 3267 1656 1611 2155 1069 54895 41573 865 8482 7077 1826 2700
internal_count=255754 251898 171394 18454 80504 16628 9551 152940 89742 5397 84345 84070 78349 63198 8303 4160 4143 3856 3267 1656 1611 2155 1069 54895 41573 865 8482 7077 1826 2700
is_linear=0
shrinkage=0.03


Tree=8
num_leaves=31
num_cat=0
split_feature=16 46 33 53 124 49 10 86 25 38 11 70 25 125 25 41 35 34 33 20 42 42 86 138 36 23 15 9 44 35
split_gain=119.942 77.4064 55.6026 68.5134 58.331 97.0065 50.2819 53.0063 57.307 48.7978 50.7758 47.6306 46.8494 46.6115 61.4045 54.1796 58.9292 65.0899 51.0238 44.1739 44.0876 43.4327 42.4556 38.5976 47.9109 55.6584 38.1529 37.6289 37.5848 37.1087
threshold=1.2217961549758913 1.0578584074974062 0.4990741908550263 0.99408540129661571 0.11428567767143251 0.90957370400428783 1.0173542499542239 0.75000000000000011 0.037259336560964591 -0.00086579224443994452 0.98120886087417614 0.72444444894790661 0.037259336560964591 0.47692285478115087 0.041645765304565437 0.025888621807098392 0.45483416318893438 0.65764543414115917 0.34123358130455023 0.92855459451675426 0.043423226103186614 0.022482673637568954 -0.65000000596046437 0.51389935612678539 0.80070549249649059 0.01684655994176865 1.1476951241493227 0.97333648800849926 1.0437740087509157 0.13631138950586322
decision_type=10 8 8 10 10 8 10 2 10 10 8 10 8 10 10 10 10 10 10 10 10 8 2 10 10 10 10 10 10 8
left_child=1 13 4 26 6 11 9 28 -9 10 -3 -6 22 14 -1 18 -17 -18 -16 -14 -11 -21 -5 -2 -25 -26 29 -15 -8 -4
right_child=23 2 3 12 5 -7 7 8 -10 20 -12 -13 19 27 15 16 17 -19 -20 21 -22 -23 -24 24 25 -27 -28 -29 -30 -31
leaf_value=0.00045586417767685619 -0.0027516408106353918 0.0097021548154569703 0.0012353508057257397 -0.001376341902248145 -0.0013118543676179937 -0.0048648957279760598 1.7901497180614695e-05 -0.0018019395406978823 0.021900488194540976 -0.0014044459376875208 0.00067512260443308107 0.0094802639151978958 -0.012511106381554811 -0.0057746488339328189 0.0019322793166343629 0.0075146550967876242 0.005973160375762036 -0.0055425185699419241 0.008704788556282447 0.0012773438183538114 0.0074154955882862299 0.0061955851467363288 0.00047741008123816181 0.0026426668085961511 -0.0021059692015010373 0.012234173606701022 0.009566598386142126 -0.00065046596886973067 -0.0042029601029450296 -0.0050787221411604209
leaf_weight=110687 426 576 952 17384 718 7630 2362 160 141 21795 12614 650 167 1488 2125 708 570 1590 2174 12069 493 1915 30517 1840 245 1434 168 10618 7403 4119
leaf_count=110687 426 576 952 17384 718 7630 2362 160 141 21795 12614 650 167 1488 2125 708 570 1590 2174 12069 493 1915 30517 1840 245 1434 168 10618 7403 4119
internal_value=2.21204e-05 -5.82221e-05 -0.000602488 -2.08887e-05 -0.00131427 -0.00352992 -0.000868584 -0.00274185 0.00903934 -0.000327395 0.00110613 0.00366256 0.000253182 0.000449715 0.000633573 0.00332746 2.47156e-05 -0.00233912 0.00545104 0.00177057 -0.00118943 0.00198017 -0.000189378 0.00520013 0.00625763 0.00996492 -0.00331271 -0.00131353 -0.00315339 -0.00383423
internal_weight=255738 251793 121833 67291 54542 8998 45544 10066 301 35478 13190 1368 62052 129960 117854 7167 2868 2160 4299 14151 22288 13984 47901 3945 3519 1679 5239 12106 9765 5071
internal_count=255738 251793 121833 67291 54542 8998 45544 10066 301 35478 13190 1368 62052 129960 117854 7167 2868 2160 4299 14151 22288 13984 47901 3945 3519 1679 5239 12106 9765 5071
is_linear=0
shrinkage=0.03


Tree=9
num_leaves=31
num_cat=0
split_feature=15 1 111 33 26 27 77 33 40 17 24 52 39 86 69 1 34 86 113 11 23 113 3 37 42 151 30 15 86 81
split_gain=73.2047 84.0511 83.5788 77.8453 69.4843 78.6051 60.639 60.3639 66.6321 50.3404 47.7516 43.7832 43.4101 45.1427 53.1169 42.2252 42.0322 40.7767 46.1401 39.0122 65.781 46.017 43.1071 38.7893 43.7536 38.3292 36.2703 34.5929 33.2921 66.4826
threshold=1.1476951241493227 0.053658556193113334 -0.196153849363327 0.93427529931068432 0.021813971921801571 0.074022222310304656 0.075000002980232253 0.24902608245611194 0.026594107970595363 1.0496751070022585 0.043029993772506721 0.9801006317138673 0.018103178590536121 -0.58333334326744068 0.94871780276298534 0.036217371001839645 0.25400438904762274 -0.58333334326744068 0.72727307677268993 0.97440478205680858 0.044223204255104072 0.80645224452018749 0.0032912456663325433 0.65340811014175426 -0.0058811120688915244 0.45353420078754431 -0.0052434797398746005 0.94875985383987438 0.25000000745058065 0.61666667461395275
decision_type=10 10 2 10 10 8 2 8 10 10 10 10 10 2 10 10 10 2 10 10 10 10 10 10 10 10 10 10 2 2
left_child=4 3 10 6 15 7 -2 -6 9 -9 -3 -5 13 14 16 23 -7 18 -8 20 22 -21 -14 24 -1 -22 -11 -17 -15 -30
right_child=1 2 -4 11 5 12 17 8 -10 26 -12 -13 19 28 -16 27 -18 -19 -20 21 25 -23 -24 -25 -26 -27 -28 -29 29 -31
leaf_value=-0.0005852160006832712 -0.0034603213798829863 0 0.0012554314061086051 0.006566625015646521 -0.0017375922209525317 0.0074171341525714717 0.0051124734203985191 0.00053399901950200771 -0.002180183953188738 0.0015967870442858173 0.017894867492024489 -0.010618836815853187 0.0061613136326552579 -0.00084778029898485187 0.017295765021608935 0.00164989986942703 0.0013198985955316174 0 0.022670617905339297 -0.0068666456230641361 -0.023522072242107242 0.0020102423028019669 -0.0013520776773941615 0.0019523374705351893 0.0010569088811925285 -0.0016928068589396686 -0.0013839009758826216 -0.0061766267774395868 0.0015538257933666567 0.022419455243765644
leaf_weight=24692 1154 194 857 128 38570 1528 2650 54693 15000 4147 758 674 1407 6397 250 692 3499 1416 138 1714 120 678 1214 18615 35187 229 26992 1431 10620 122
leaf_count=24692 1154 194 857 128 38570 1528 2650 54693 15000 4147 758 674 1407 6397 250 692 3499 1416 138 1714 120 678 1214 18615 35187 229 26992 1431 10620 122
internal_value=4.84027e-06 0.00283248 0.00850565 0.00109577 -8.51056e-05 -0.00043501 0.00244877 -0.000726653 -0.000336709 -1.06163e-05 0.0145636 -0.00741802 0.00101726 0.00160333 0.00403932 0.000636717 0.0032547 0.00415054 0.00624368 -0.00137393 0.000839174 -0.00423035 0.00258377 0.000753121 0.000374776 -0.0108797 -0.000976544 -0.00349396 0.000831987 0.0018599
internal_weight=255766 7969 1809 6160 247797 167180 5358 139402 100832 85832 952 802 27778 22416 5277 80617 5027 4204 2788 5362 2970 2392 2621 78494 59879 349 31139 2123 17139 10742
internal_count=255766 7969 1809 6160 247797 167180 5358 139402 100832 85832 952 802 27778 22416 5277 80617 5027 4204 2788 5362 2970 2392 2621 78494 59879 349 31139 2123 17139 10742
is_linear=0
shrinkage=0.03


Tree=10
num_leaves=31
num_cat=0
split_feature=16 25 86 3 9 42 6 26 50 85 48 1 33 37 36 49 33 134 82 41 102 14 82 17 120 36 33 1 102 84
split_gain=99.0764 74.3772 63.556 65.9271 69.3557 39.8089 69.832 43.2816 51.7026 82.6363 40.912 39.4364 39.3604 37.8996 37.2317 41.2358 77.6725 38.3702 37.1626 36.8066 35.7716 36.2685 34.5173 40.5068 34.305 33.2313 32.4505 31.8877 42.0551 31.8428
threshold=1.2217961549758913 0.012747216969728472 0.81666666269302379 0.016273399814963344 0.98090901970863353 -0.0835604853928089 0.16666173189878467 0.021813971921801571 0.87846621870994579 0.82500001788139354 0.98133972287178051 0.036217371001839645 0.97755658626556408 0.65340811014175426 0.81379902362823497 0.93522909283638012 0.63237780332565319 0.26572278141975408 0.52500000596046459 -0.0010458561591804025 0.57735043764114391 1.0522472858428957 0.24166666716337207 0.94589278101921093 0.23999977111816409 0.88509306311607372 0.4990741908550263 0.030690121464431289 0.46318879723548895 -1.0000000180025095e-35
decision_type=10 8 2 10 10 8 10 10 10 2 10 8 10 10 10 10 10 10 2 10 2 10 2 10 10 10 10 10 2 2
left_child=1 13 5 18 -5 6 22 11 9 -9 -10 29 14 -1 -2 -16 17 -17 24 25 21 -8 23 -3 -4 -20 -22 -6 -29 -7
right_child=12 2 3 4 27 7 20 8 10 -11 -12 -13 -14 -15 15 16 -18 -19 19 -21 26 -23 -24 -25 -26 -27 -28 28 -30 -31
leaf_value=0.00059915690823740585 0.0022808775165832555 -0.0016327158384265203 -0.0019868090711109981 -0.0086758313400346326 0.000839299183039619 -0.00031932004451775526 0.012912457765651796 0.001730591802374183 -0.0015223283667355342 -0.0033322999256434902 -0.00043217909933997568 -0.0039737592333779709 -0.010575646408919162 0.0029007002501890231 0.016800318692003203 -0.010930349523182897 0.010770780482868239 0.0050591988046548219 -0.011154195853956874 0 -0.0095970078466896345 0.0041093597976915308 -0.0049838521189903241 0.0078765374078261473 0.0020166427182511837 0.0020191904648255779 0.0032519369892814575 0.027948090768302788 0.0090683982501475625 0.001249241477158071
leaf_weight=24612 2045 1260 2183 178 341 24218 557 14399 66445 3587 59888 1885 116 8964 428 279 876 201 608 1680 262 2641 1406 552 12615 181 417 140 854 22029
leaf_count=24612 2045 1260 2183 178 341 24218 557 14399 66445 3587 59888 1885 116 8964 428 279 876 201 608 1680 262 2641 1406 552 12615 181 417 140 854 22029
internal_value=-1.32358e-05 -8.84615e-05 -0.000291756 0.00137188 0.00735985 -0.000449952 0.00174403 -0.000532568 -0.000792847 0.000701644 -0.00100807 0.000241627 0.00469074 0.00122391 0.00528373 0.00849616 0.00545096 -0.00370018 0.000821933 -0.00252896 0.00446503 0.00580656 -0.00144888 0.00115475 0.00140392 -0.00778613 -0.00140953 0.00981584 0.0125222 0.000421571
internal_weight=255847 251902 218326 18780 1513 199546 7095 192451 144319 17986 126333 48132 3945 33576 3829 1784 1356 480 17267 2469 3877 3198 3218 1812 14798 789 679 1335 994 46247
internal_count=255847 251902 218326 18780 1513 199546 7095 192451 144319 17986 126333 48132 3945 33576 3829 1784 1356 480 17267 2469 3877 3198 3218 1812 14798 789 679 1335 994 46247
is_linear=0
shrinkage=0.03


Tree=11
num_leaves=31
num_cat=0
split_feature=57 25 24 116 40 71 58 18 73 25 41 118 113 83 39 27 118 138 42 5 75 52 36 79 86 9 113 13 38 85
split_gain=90.2972 77.0658 60.4256 59.561 52.9702 71.4693 58.9771 55.7237 68.5878 62.0817 57.3766 52.7545 50.0319 41.3013 40.268 63.5365 38.2557 38.1144 37.1503 47.4045 41.5113 36.1342 35.8221 34.126 33.6441 39.8396 32.0634 31.8967 30.3822 29.4607
threshold=1.2254818081855776 0.012747216969728472 0.056208917871117599 0.35306549072265631 -0.028646766208112236 0.56493511795997631 0.99982300400733959 1.0242341160774233 0.5000000149011613 0.040047178044915206 -0.0010458561591804025 0.99913978576660167 0.46666668355464941 -0.3000000044703483 0.019932119175791744 0.023878807201981548 0.55555573105812084 0.51389935612678539 -0.072452347725629793 0.0082389791496098059 0.97499999403953563 0.90224683284759533 0.64473837614059459 0.55000001192092907 -0.81666666269302357 1.0140607953071596 0.80645224452018749 1.0936335325241091 -0.0040229940786957732 -0.92499998211860646
decision_type=10 10 10 10 8 10 10 10 10 10 10 10 10 10 8 10 10 10 8 10 2 10 10 2 2 10 10 8 10 2
left_child=1 -1 17 11 5 16 12 14 9 10 -9 22 13 -7 18 -16 -3 -2 19 -6 -20 -8 -4 -17 25 -18 -19 -26 -11 -10
right_child=2 4 3 -5 7 6 21 8 29 28 -12 -13 -14 -15 15 23 24 26 20 -21 -22 -23 -24 -25 27 -27 -28 -29 -30 -31
leaf_value=0.0011767913586679243 -0.0047557033934044739 -0.012005922703960758 0.0044390675157921604 0.001558088865502179 0.00023491342549021737 0 0.0063654254196810764 -0.0050789496570372078 0.00090709031212563604 0.009509447033523355 0.0090804341662399039 0 0.0072094839236692583 -0.0094216462711619389 0.0063059900902096098 -0.0043001069681152821 -0.0082320637976927742 0.0017781815825046279 -0.00053698051736764162 0.0071405292938511479 0.00090167702160651468 -0.001452648971639776 0.021585229401105962 -0.0012940974535985991 0.0012345012371914822 0 0.010674500367719766 -0.0030748117223442215 0 -0.012132707920303047
leaf_weight=34341 700 221 217 824 2964 1603 4213 3060 133 498 249 237 629 526 802 4905 879 5543 141578 1326 20535 532 495 12713 11306 1399 393 1743 657 945
leaf_count=34341 700 221 217 824 2964 1603 4213 3060 133 498 249 237 629 526 802 4905 879 5543 141578 1326 20535 532 495 12713 11306 1399 393 1743 657 945
internal_value=-3.47554e-05 -0.000139788 0.00301724 0.00795081 -0.000353136 0.00100008 0.00340223 -0.000518658 -0.00348495 -0.00174264 -0.0038752 0.0130452 0 -0.00229267 -0.000427722 -0.00176097 -0.000142732 0.00163409 -0.000278142 0.00246221 -0.000352805 0.0054235 0.0170334 -0.00215193 2.41983e-05 -0.00330274 0.00245141 0.000632112 0.00407363 -0.0102635
internal_weight=256166 247757 8409 1773 213416 23051 7503 190365 5542 4464 3309 949 2758 2129 184823 18420 15548 6636 166403 4290 162113 4745 712 17618 15327 2278 5936 13049 1155 1078
internal_count=256166 247757 8409 1773 213416 23051 7503 190365 5542 4464 3309 949 2758 2129 184823 18420 15548 6636 166403 4290 162113 4745 712 17618 15327 2278 5936 13049 1155 1078
is_linear=0
shrinkage=0.03


Tree=12
num_leaves=31
num_cat=0
split_feature=32 46 68 71 38 83 81 138 95 81 1 82 28 68 36 35 29 34 110 10 84 25 26 37 19 40 3 42 0 118
split_gain=76.0153 66.4535 63.24 67.2418 66.985 85.0268 61.4217 58.9667 53.4077 53.2032 46.8882 41.5436 41.4934 41.4313 42.9648 41.207 42.876 36.1714 35.7487 38.4241 34.8383 50.5296 48.6574 51.7329 116.281 44.6719 36.556 35.0845 34.7895 34.2514
threshold=-0.005015013273805379 1.0578584074974062 0.3218385130167008 0.58415815234184276 -0.010194169357419012 -0.50000001490116108 0.15000000596046451 0.67175939679145824 -0.15809943526983258 0.61666667461395275 0.065034598112106337 0.22500000149011615 -0.0020896189380437131 0.14117658883333209 0.81379902362823497 0.80279701948165905 -0.00040951419214252377 0.74604430794715892 0.29705883562564855 1.0260416865348818 0.84999999403953563 0.021443096920847896 0.061485426500439651 0.2629797905683518 0.97779852151870739 -0.031314985826611512 0.022616914473474029 0.10516722872853281 -0.011854380834847687 0.30434794723987585
decision_type=8 10 10 10 8 10 2 8 10 2 10 2 10 10 10 8 10 10 2 10 2 10 10 10 10 10 10 10 10 10
left_child=7 20 3 4 5 8 11 10 -3 -9 -1 -4 -7 18 -15 16 -6 -13 19 -5 21 -2 25 24 -24 -23 -22 -27 -17 -25
right_child=1 2 6 13 15 12 -8 9 -10 -11 -12 17 -14 14 -16 28 -18 -19 -20 -21 26 22 23 29 -26 27 -28 -29 -30 -31
leaf_value=-0.0032741752222582572 0.00070975292300547621 0.006055984690572406 -0.0013102798962246437 0.0037754685254606807 -0.00061732331002695194 -0.0083689634884793734 -0.00095547572590928961 0.0010764895058528352 -0.0020080474503014643 0.0067030902417056894 0.010300915544688264 -0.0074668790150404412 -0.0016084997995517102 -0.001918399402292516 0.0089171161039207306 0.0050899470216699706 0.0018736693862745847 0 -0.00043143147044252399 0.014426108700135954 0.0015795226025196766 0.0034593134610294909 0.016839872889810502 -0.0029967991360332481 -0.0016145572590035848 -0.00093512526738901802 0.01157865985871032 -0.0060254406796712411 0.0007347960431270652 0.0033455941572953542
leaf_weight=1833 71276 1072 3144 726 34941 2400 50311 2911 2217 3517 235 3116 1437 1321 411 2536 7520 646 359 708 11987 1978 599 1396 551 38266 331 1267 5281 1625
leaf_count=1833 71276 1072 3144 726 34941 2400 50311 2911 2217 3517 235 3116 1437 1321 411 2536 7520 646 359 708 11987 1978 599 1396 551 38266 331 1267 5281 1625
internal_value=0 -9.69283e-05 -0.000612129 5.57981e-05 -0.00018677 -0.00290727 -0.0013284 0.00278578 0.000550358 0.00421278 -0.00150398 -0.00399129 -0.00593634 0.00406936 0.000554054 0.00019385 -0.000168423 -0.00613378 0.00725604 0.00936637 0.000371618 0.000208751 -0.000566348 0.0024963 0.00786493 -0.000882359 0.00189086 -0.00110881 0.00219536 0.000315697
internal_weight=255918 247422 118146 60929 57404 7126 57217 8496 3289 6428 2068 6906 3837 3525 1732 50278 42461 3762 1793 1434 129276 116958 45682 4171 1150 41511 12318 39533 7817 3021
internal_count=255918 247422 118146 60929 57404 7126 57217 8496 3289 6428 2068 6906 3837 3525 1732 50278 42461 3762 1793 1434 129276 116958 45682 4171 1150 41511 12318 39533 7817 3021
is_linear=0
shrinkage=0.03


Tree=13
num_leaves=31
num_cat=0
split_feature=16 26 40 71 18 73 20 58 33 39 124 42 41 1 84 84 27 84 37 36 140 23 36 138 44 32 40 140 1 35
split_gain=96.9847 60.4752 57.573 97.016 54.6212 62.7649 53.5486 51.5154 44.2521 67.6 56.3888 53.7445 40.9782 36.7072 37.4896 35.6044 33.1619 47.8234 32.3069 32.2553 55.7463 43.0913 31.7593 35.0917 31.7549 49.244 42.1703 29.1628 28.0201 40.4622
threshold=1.2217961549758913 0.021813971921801571 -0.031314985826611512 0.56493511795997631 1.0242341160774233 0.5000000149011613 1.0697090625762942 0.9995112717151643 0.27197717130184179 -0.016625338234007355 0.4683546274900437 0.10516722872853281 -1.0000000180025095e-35 0.036217371001839645 -1.0000000180025095e-35 0.65000000596046459 0.054899351671338088 0.35000000894069677 0.66929045319557201 0.80070549249649059 0.76447904109954845 0.017364542931318287 0.82694369554519664 0.72146445512771618 1.0405204296112063 -0.0036012687487527724 0.014172499533742668 1.0008371472358706 0.053658556193113334 0.66447558999061596
decision_type=10 10 10 10 10 10 10 10 8 10 10 10 10 10 2 2 10 2 10 10 10 10 10 10 10 10 10 10 10 10
left_child=1 13 3 15 8 6 12 22 24 10 -10 -11 -6 14 18 28 -9 -18 -1 -2 -21 -22 23 -5 25 -4 -26 -23 -3 -30
right_child=19 2 4 7 5 -7 -8 16 9 11 -12 -13 -14 -15 -16 -17 17 -19 -20 20 21 27 -24 -25 26 -27 -28 -29 29 -31
leaf_value=-0.00044275425716888261 0.0016819001279847561 -0.00072446818751457757 0.0035774741967585745 0.0045734389102462187 -0.0054501821469733593 -0.0094740722323423329 0.0021499515444685126 0.002467514517245052 0.0013622462903651554 -0.00020213455643216499 0.0085342673662026323 -0.0041874647699883709 0.0048620919650887865 -0.0032957500682758135 0.0013305992042433681 -0.015364304102481678 0.012266285652834887 0.0035010539307002452 0.0016493558317468772 -0.0024935026999400849 -0.00027738719331266891 0.0076188349044654597 0.006801108753171527 -0.0051900589279987776 -0.0029708229551900101 -0.00099009213344382948 0.00056965087125890703 0.018182746353171894 0.00076376364791399534 0.01284033199732167
leaf_weight=30185 1953 10714 2264 441 2802 1221 1843 1630 5113 89957 1257 3146 349 2103 39577 121 1340 1196 8493 362 260 843 469 1016 14498 27102 3648 497 1231 317
leaf_count=30185 1953 10714 2264 441 2802 1221 1843 1630 5113 89957 1257 3146 349 2103 39577 121 1340 1196 8493 362 260 843 469 1016 14498 27102 3648 497 1231 317
internal_value=-3.0417e-05 -0.00010454 -0.000423472 0.00115209 -0.000615558 -0.00337422 -0.00179117 0.0042487 -0.000496429 -0.000133218 0.00284674 -0.000340893 -0.00418994 0.000573023 0.000681639 -0.00035154 0.00611821 0.00830964 9.49852e-06 0.00464136 0.00738918 0.0098135 2.93918e-05 -0.00200985 -0.00125017 -0.000625547 -0.0022427 0.0119673 -0.000154192 0.00356037
internal_weight=255948 252033 171675 18475 153200 6215 4994 6092 146985 99473 6370 93103 3151 80358 78255 12383 4166 2536 38678 3915 1962 1600 1926 1457 47512 29366 18146 1340 12262 1548
internal_count=255948 252033 171675 18475 153200 6215 4994 6092 146985 99473 6370 93103 3151 80358 78255 12383 4166 2536 38678 3915 1962 1600 1926 1457 47512 29366 18146 1340 12262 1548
is_linear=0
shrinkage=0.03


Tree=14
num_leaves=31
num_cat=0
split_feature=16 30 16 35 115 50 9 43 31 142 67 9 38 103 77 120 32 1 76 35 55 38 34 51 26 137 42 33 65 24
split_gain=95.171 58.5605 60.6327 48.0713 42.0364 62.7058 53.9238 77.1083 47.8238 45.6142 38.1159 37.6657 36.976 47.3937 44.1068 36.7147 47.4489 38.1591 37.2904 35.4394 43.2832 34.6097 37.225 55.4366 33.7867 32.2135 32.2135 30.5937 65.7313 41.5753
threshold=1.2217961549758913 -0.00073484188760630776 0.93777728080749523 0.19156574457883838 0.73750004172325145 0.86989927291870128 1.0080915689468386 1.0060240626335146 -0.0018323143012821672 1.6829152107238772 0.35841193795204168 0.96118640899658214 -0.0073319724760949603 0.36666667461395269 0.091666668653488173 0.73296231031417858 -0.005015013273805379 0.053658556193113334 0.050000002607703216 0.8711238205432893 1.0346930623054507 -0.0016771324444562195 0.86844497919082653 0.97648316621780407 0.058186057955026634 0.53380557894706737 0.0013824507477693262 0.55852696299552929 0.15192308276891711 0.043029993772506721
decision_type=10 8 8 10 10 8 10 8 8 10 10 10 8 2 2 10 10 10 2 10 10 10 10 10 10 10 10 10 10 10
left_child=1 2 3 -1 5 6 7 24 10 -9 -7 -6 13 -10 -14 16 18 -17 -4 20 -8 27 23 -23 -3 26 -18 28 29 -2
right_child=21 4 15 -5 11 8 19 9 12 -11 -12 -13 14 -15 -16 17 25 -19 -20 -21 -22 22 -24 -25 -26 -27 -28 -29 -30 -31
leaf_value=-0.00010661412906659071 -0.013214721541886902 0.003740625992090013 0.0066816863298546402 -0.0082013736156197614 -0.0083261342959995033 -0.00062484537462159705 0.008954031180271823 0.00091541784765220436 0.0029811764352896983 -0.0053179615339197066 -0.0053891277620042016 -0.00087342113726253336 -0.00049309324684977131 -0.0016174722487936174 0.0010488083798903655 0.00078458136307341271 -0.0015506882729567637 0.0098726953751792357 0.00023836496319467254 -0.001473315400558119 -0.0024337638383314679 0.0028961948955052749 0.010042832023547632 -0.0096178779898326433 0.012455014694069053 1.7719918132364858e-05 3.8882898409453851e-05 0.010392494759178146 0.01121635330194066 0.0041919522014640196
leaf_weight=1225 245 2031 1325 1639 639 5887 2200 5927 2334 1261 2109 11973 21421 12941 72069 10730 46945 422 2291 401 293 1133 353 417 564 30326 14700 1234 386 182
leaf_count=1225 245 2031 1325 1639 639 5887 2200 5927 2334 1261 2109 11973 21421 12941 72069 10730 46945 422 2291 401 293 1133 353 417 564 30326 14700 1234 386 182
internal_value=2.86669e-05 -4.28542e-05 -0.000564855 -0.00486783 0.000357822 0.000520614 0.00252606 0.00141563 0.000299915 -0.000148213 -0.00192919 -0.00128735 0.000466873 -0.000892211 0.00069228 -0.000445698 -0.000637822 0.00117239 0.00270565 0.00614136 0.00748754 0.00463808 0.00149884 -0.000359045 0.00583012 -0.000773097 -0.00116688 0.0073686 0.00227937 -0.00526874
internal_weight=255603 251653 109603 2864 142050 129438 12677 9783 116761 7188 7996 12612 108765 15275 93490 106739 95587 11152 3616 2894 2493 3950 1903 1550 2595 91971 61645 2047 813 427
internal_count=255603 251653 109603 2864 142050 129438 12677 9783 116761 7188 7996 12612 108765 15275 93490 106739 95587 11152 3616 2894 2493 3950 1903 1550 2595 91971 61645 2047 813 427
is_linear=0
shrinkage=0.03


Tree=15
num_leaves=31
num_cat=0
split_feature=16 26 86 36 2 34 50 39 80 81 24 51 21 3 42 1 121 138 110 43 1 41 93 36 124 38 61 37 37 80
split_gain=74.4311 56.3998 47.9952 42.0844 43.0628 58.0758 56.7227 60.6051 56.4039 52.8323 40.9144 102.714 45.3377 44.0012 36.8542 35.3287 57.047 35.6963 41.2619 35.1599 35.1387 37.3438 33.983 33.5332 46.4349 48.4973 41.1313 32.1118 31.9723 28.3769
threshold=1.2217961549758913 0.021813971921801571 0.88333332538604747 0.9261116385459901 -0.10000512748956679 0.42087575793266302 0.86989927291870128 0.018103178590536121 0.37500000000000006 0.083333335816860213 0.019739630632102493 0.78631964325904857 0.88913726806640636 0.012719855643808843 -0.0014562382712028918 0.065034598112106337 0.65714284777641307 0.63168394565582286 -0.35147058963775629 1.0021660923957827 0.034548884257674224 -0.033296482637524598 -0.40325441956520075 0.80070549249649059 -0.29032260179519648 -0.0019434593850746749 1.0568404793739321 0.13892423361539843 0.66929045319557201 0.47499999403953558
decision_type=10 10 2 8 10 10 10 10 2 2 10 10 10 10 8 10 10 8 2 8 10 10 10 10 10 10 10 10 10 2
left_child=1 14 3 4 6 9 8 -8 -3 -6 11 -4 22 -14 20 17 -17 18 -2 -7 28 -22 -12 -19 26 -26 -25 -5 -1 -15
right_child=15 2 10 27 5 19 7 -9 -10 -11 12 -13 13 29 -16 16 -18 23 -20 -21 21 -23 -24 24 25 -27 -28 -29 -30 -31
leaf_value=-0.00037248095742554988 -0.012918355725176462 0.0012581580184823603 -0.021739122366577143 -0.0032030011361749871 -0.002669994736508688 0.00078856930947561043 -8.7754365169741966e-05 -0.0058534783807526339 0.0091301288925548958 0.00033510673367700473 -0.011182991647277958 0.00041642073675784161 0.0033726641789802872 0.014453037807498806 0.0012056483722093217 0 0.015928122345596357 0.00036258840555878833 0.0018274955526545742 -0.0019726718273472021 0.0033670024778193878 -0.0084546625894410914 0.0008859909414622026 -0.0047216811865033797 0.02759889660081314 0.0015821728839592588 0.0083087136530886341 0.0053261237704795503 0.0017758946801461988 0
leaf_weight=29092 244 3696 179 444 6234 4420 67533 1666 1086 32917 220 3173 3200 608 42319 368 498 1215 398 42857 278 845 1498 296 171 141 577 1839 7896 145
leaf_count=29092 244 3696 179 444 6234 4420 67533 1666 1086 32917 220 3173 3200 608 42319 368 498 1215 398 42857 278 845 1498 296 171 141 577 1839 7896 145
internal_value=4.60749e-06 -5.80526e-05 -0.000366199 -0.000485831 -0.000545198 -0.000999928 -9.78091e-06 -0.000232552 0.00313895 -0.000136855 0.00175398 -0.00079966 0.00331361 0.00508349 0.000596027 0.00410354 0.00950685 0.00241529 -0.00354464 -0.00170795 -7.33157e-05 -0.00525802 -0.000597804 0.00414966 0.00771317 0.0175486 0.00354787 0.0035237 7.87483e-05 0.0116905
internal_weight=256053 252145 171715 162692 160409 86428 73981 69199 4782 39151 9023 3352 5671 3953 80430 3908 866 3042 642 47277 38111 1123 1718 2400 1185 312 873 2283 36988 753
internal_count=256053 252145 171715 162692 160409 86428 73981 69199 4782 39151 9023 3352 5671 3953 80430 3908 866 3042 642 47277 38111 1123 1718 2400 1185 312 873 2283 36988 753
is_linear=0
shrinkage=0.03


Tree=16
num_leaves=31
num_cat=0
split_feature=32 138 86 1 26 38 26 117 125 84 1 34 56 32 53 137 84 65 80 69 2 118 84 33 17 89 38 32 29 73
split_gain=73.7319 54.9272 59.5384 54.3546 46.8748 56.716 60.6025 49.3603 61.1523 58.2565 46.9885 46.1501 46.268 45.26 38.7874 38.9548 38.0301 60.1197 54.204 52.1717 42.1579 37.5005 36.8591 36.8133 36.1782 35.0858 34.2386 57.0732 61.0271 53.9759
threshold=-0.005015013273805379 0.67175939679145824 -0.58333334326744068 0.065034598112106337 0.021813971921801571 -0.00086579224443994452 0.070342991501092925 0.66468840837478649 0.40476174652576452 0.75000000000000011 0.036217371001839645 0.10419338196516038 0.98873013257980358 0.0030508731724694376 0.98216989636421215 0.93960836529731762 0.84999999403953563 0.84807693958282482 0.37500000000000006 0.23529434204101565 -0.62500366568565358 0.30434794723987585 -1.0000000180025095e-35 0.93427529931068432 1.0600298047065737 0.02105649467557669 -0.012749223969876764 0.0030508731724694376 0.012960944790393116 0.90000000596046459
decision_type=10 8 2 10 8 10 10 10 10 2 10 8 10 10 10 10 2 10 2 10 10 8 2 10 10 10 8 10 10 10
left_child=1 3 14 -1 10 6 26 8 9 -8 22 12 24 -10 -3 23 19 -18 -19 20 -13 25 -2 -16 -7 -14 29 -28 -29 -6
right_child=4 2 -4 -5 5 11 7 -9 13 -11 -12 16 21 -15 15 -17 17 18 -20 -21 -22 -23 -24 -25 -26 -27 27 28 -30 -31
leaf_value=-0.0035454602607370958 -4.1830994246187765e-05 -0.0030089718670484105 0.0015140014432553587 0.010689038242391475 -0.0026100512403139957 0.0026811777321720091 0.0043497026586345024 -0.0030687109231204027 0.021060559434137704 -0.011501011093755046 -0.0040233770064912553 0.0038077066134368765 0.00057844417039892339 0.0019168868080854081 0.011096153187592172 0 -0.0081980407412949249 0 0.0062724613200561248 -0.001997063111143821 -0.00063972922853600437 0.00073161197515953153 0.0012645108478067221 -0.0016099504962789289 0.013783626003908207 -0.0056620907296255881 -5.3598303571848558e-05 0.0022406824556868142 0.015920331052892048 0.0049423631797043061
leaf_weight=1812 38137 252 4257 252 7834 1765 3034 774 330 196 1985 2120 1299 224 2023 442 549 3793 1778 46637 18047 10913 38737 178 326 1824 59532 5481 302 913
leaf_count=1812 38137 252 4257 252 7834 1765 3034 774 330 196 1985 2120 1299 224 2023 442 549 3793 1778 46637 18047 10913 38737 178 326 1824 59532 5481 302 913
internal_value=-1.04737e-05 0.00261983 0.00387404 -0.00157767 -0.000110223 -0.0003949 0.000189146 0.00353913 0.00497863 0.0032307 0.000491203 -0.000913829 0.000524916 0.0141793 0.00720728 0.0083093 -0.00123617 0.000995924 0.0019817 -0.00144539 -0.000154035 -7.67796e-05 0.000612694 0.00992826 0.00466842 -0.00298375 -1.3872e-05 0.000218267 0.00305917 -0.00177804
internal_weight=255746 9216 7152 2064 246530 167671 78620 4558 3784 3230 78859 89051 16127 554 2895 2643 72924 6120 5571 66804 20167 14036 76874 2201 2091 3123 74062 65315 5783 8747
internal_count=255746 9216 7152 2064 246530 167671 78620 4558 3784 3230 78859 89051 16127 554 2895 2643 72924 6120 5571 66804 20167 14036 76874 2201 2091 3123 74062 65315 5783 8747
is_linear=0
shrinkage=0.03


Tree=17
num_leaves=31
num_cat=0
split_feature=16 26 33 86 56 53 38 50 58 54 3 26 16 12 91 44 32 38 1 11 26 40 23 34 38 52 33 59 24 137
split_gain=79.9147 49.1666 55.288 46.8089 72.8855 56.7159 61.997 45.8488 55.1742 47.5949 39.1268 38.3007 37.8603 36.1807 35.329 35.2125 44.8544 42.7284 39.4126 43.3876 49.8552 39.8136 35.6987 31.5968 40.204 43.499 30.5182 63.7518 37.0282 33.406
threshold=1.2217961549758913 0.019717284478247169 0.31842058897018438 0.68333333730697643 0.95220217108726513 1.0392466187477114 -0.018606107681989666 0.86989927291870128 1.0024539828300478 0.99106195569038402 0.016273399814963344 0.089032370597124114 0.83266121149063121 1.008264482021332 0.49255929887294775 1.0389942526817324 -0.0036012687487527724 -0.0016771324444562195 0.01196955004706979 0.98532572388648998 0.041318809613585479 -0.0041911767330020657 0.013160959351807834 0.8833613693714143 -0.0011444832780398426 0.97777780890464794 0.57788860797882091 0.99745097756385814 0.034798167645931251 1.0230528116226199
decision_type=10 10 8 2 10 10 10 10 10 8 10 10 8 10 10 10 10 10 10 10 10 10 10 10 10 10 10 10 10 10
left_child=1 -1 15 4 13 6 14 8 -6 -9 -8 12 -7 -4 -5 16 -3 -18 -17 20 -20 -21 -19 24 26 -26 27 29 -29 -2
right_child=23 2 3 5 7 11 10 9 -10 -11 -12 -13 -14 -15 -16 18 17 22 19 21 -22 -23 -24 -25 25 -27 -28 28 -30 -31
leaf_value=0.00067468930943649186 0.017714797379626591 0.0034756515771812557 -0.006069400796980721 0 0.001440464006245016 0.018170070624529147 0.00066121611381351412 -0.00215009565264703 0.011586118365783368 -7.9353079746157104e-06 0.0056812066750150441 -0.0086485744800505245 0.005228439675506469 0.0096262015288448299 -0.019135975795690707 0.0023364181511134233 0.00062535899958421533 -0.0021824783034828541 -0.0028756939661686138 -0.0044833083540416173 0.0018557068849613158 -0.0013311912433009486 0.00094501719523028217 0.011432815482988844 0.0023321112318760097 -0.0091282475208916934 0.009491665802045782 -0.014753021249595225 0.00085548692515533735 0
leaf_weight=63865 216 2439 2424 102 6416 261 19459 10522 518 84051 1515 109 1474 108 197 1760 12899 16527 3811 8836 4138 6684 3937 496 1184 373 1031 200 272 143
leaf_count=63865 216 2439 2424 102 6416 261 19459 10522 518 84051 1515 109 1474 108 197 1760 12899 16527 3811 8836 4138 6684 3937 496 1184 373 1031 200 272 143
internal_value=2.20265e-05 -4.30217e-05 -0.000288231 6.58279e-05 -0.000203065 0.00128809 0.000831309 -7.41604e-05 0.00227267 -0.000249843 0.00104318 0.00633123 0.0075311 -0.00521217 -0.0122239 -0.00103059 -0.000414505 -0.000709793 -0.00189197 -0.00222356 -0.000376553 -0.00314855 -0.00156581 0.00426507 0.00307756 -0.000304083 0.00603786 0.00127793 -0.0054794 0.0107741
internal_weight=255967 252052 188187 127156 104039 23117 21273 101507 6934 94573 20974 1844 1735 2532 299 61031 35802 33363 25229 23469 7949 15520 20464 3915 3419 1557 1862 831 472 359
internal_count=255967 252052 188187 127156 104039 23117 21273 101507 6934 94573 20974 1844 1735 2532 299 61031 35802 33363 25229 23469 7949 15520 20464 3915 3419 1557 1862 831 472 359
is_linear=0
shrinkage=0.03


Tree=18
num_leaves=31
num_cat=0
split_feature=16 30 16 35 42 80 41 38 33 113 26 59 33 78 60 44 102 19 47 137 61 27 83 114 35 16 5 62 81 34
split_gain=64.2712 49.7779 50.0257 50.1724 41.2426 64.394 100.213 62.3411 44.9342 40.15 39.9709 39.0239 38.8531 53.3235 54.5677 48.9323 44.1687 53.2404 38.7475 38.624 50.1068 37.9978 37.938 34.7081 32.5607 31.9269 34.0606 30.7386 36.5374 31.2226
threshold=1.2217961549758913 -0.00073484188760630776 0.93777728080749523 0.19156574457883838 0.10516722872853281 0.42499999701976782 0.039732735604047782 0.002269995398819447 0.27197717130184179 0.7903236746788026 0.053057666867971427 0.96791908144950878 0.31842058897018438 0.30000000447034841 0.93960198760032665 1.0405204296112063 0.53390806913375866 0.96210202574729931 1.0099337697029116 0.53380557894706737 0.92642393708229076 0.089987765997648253 0.5000000149011613 0.59859150648117077 0.69476810097694408 0.94283035397529613 0.0051085921004414567 0.8001798987388612 0.083333335816860213 0.65764543414115917
decision_type=10 8 8 10 10 2 10 10 10 10 10 10 10 10 10 8 2 10 10 10 10 10 10 10 10 10 8 8 2 8
left_child=1 2 3 -1 12 6 10 -7 -8 11 -6 -5 15 16 22 25 17 -14 -12 20 -4 23 -15 -22 -10 -3 -27 28 -17 -29
right_child=-2 4 19 9 5 7 8 -9 24 -11 18 -13 13 14 -16 27 -18 -19 -20 -21 21 -23 -24 -25 -26 26 -28 29 -30 -31
leaf_value=0 0.0038443639672233604 -0.00090019718040199785 0.015600972828484286 -0.021835694224732194 -0.0063384998495283904 -0.00355285467546026 0.005361283521493336 0.016260068857927516 -0.0045874865755124268 0.0015672020865069916 -0.0087592115213807956 -0.0070652715323508758 -0.0040480070653039612 0.0021435164147108692 0.00095244067722109001 0.0070974986044930284 0.0015272109722409646 -0.00019488421259481034 0.0067824564867239078 0.00043256835386238691 -0.0007710562353721958 0.0022151160094749526 0.0064369584754364875 -0.0033041367962834555 -0.013846351791211834 0.0016396962422737199 -0.00085291741022530633 -0.0038756083069365487 -0.0035252993418777613 0.0002104297967775988
leaf_weight=1245 3950 13738 146 215 389 227 146 276 738 285 136 1168 3895 6572 48744 637 9989 19555 969 35358 62652 3460 2805 5369 1005 16873 6779 6244 466 2113
leaf_count=1245 3950 13738 146 215 389 227 146 276 738 285 136 1168 3895 6572 48744 637 9989 19555 969 35358 62652 3460 2805 5369 1005 16873 6779 6244 466 2113
internal_value=5.691e-05 -1.52183e-06 -0.00048225 -0.00435736 0.000367662 -0.00266141 -0.00421125 0.0069511 -0.00878987 -0.00772923 0.0014194 -0.00985384 0.000455245 0.000815487 0.00136495 -0.00024243 -0.000130815 -0.000850567 0.00448126 -0.00037314 -0.000775068 -0.000817066 0.00347073 -0.000976318 -0.0101928 0.000238318 0.000912487 -0.0021707 0.00235954 -0.00280864
internal_weight=256144 252194 109898 2913 142296 3886 3383 503 1889 1668 1494 1383 138410 91560 58121 46850 33439 23450 1105 106985 71627 71481 9377 68021 1743 37390 23652 9460 1103 8357
internal_count=256144 252194 109898 2913 142296 3886 3383 503 1889 1668 1494 1383 138410 91560 58121 46850 33439 23450 1105 106985 71627 71481 9377 68021 1743 37390 23652 9460 1103 8357
is_linear=0
shrinkage=0.03


Tree=19
num_leaves=31
num_cat=0
split_feature=16 26 85 125 11 39 124 42 6 41 4 32 76 11 41 18 84 42 125 58 2 76 75 27 33 75 129 4 43 65
split_gain=60.9882 53.3494 34.7342 47.4106 52.0479 52.4529 93.7572 46.4574 57.6015 44.3731 41.1543 34.6707 53.235 45.8228 48.3788 44.0822 34.4466 33.0325 31.3967 31.0403 29.4027 27.6612 33.857 27.6953 27.1883 27.5449 25.9449 29.9776 25.3963 32.2645
threshold=1.2217961549758913 0.019717284478247169 0.37500000000000006 0.47692285478115087 0.97766622900962841 -0.012073969934135674 0.4683546274900437 -0.072452347725629793 0.090902417898178114 0.030320540070533756 0.39999930560588842 -0.004386170767247676 0.050000002607703216 0.98020032048225414 0.010231489315629007 1.0220747590065005 0.75000000000000011 -0.0029001287184655662 0.054794283583760268 0.98528045415878307 0.89655032753944408 0.18333333730697635 0.37500000000000006 0.068523529917001738 0.97755658626556408 0.22500000149011615 0.56108370423316967 0.38461573421955114 1.0771878957748415 0.15192308276891711
decision_type=10 10 2 10 10 10 10 10 10 10 10 10 2 10 10 10 2 8 10 10 10 2 2 10 10 2 10 10 10 10
left_child=1 17 7 4 26 6 -6 8 21 -7 19 12 18 14 -13 -15 -5 -1 -9 -10 -14 23 -23 -3 25 28 -4 -28 29 -2
right_child=24 2 3 16 5 9 -8 11 10 -11 -12 13 20 15 -16 -17 -18 -19 -20 -21 -22 22 -24 -25 -26 -27 27 -29 -30 -31
leaf_value=-9.0173995016428306e-05 -0.0018427729321185396 -0.00087797908417087457 -0.0028174370242563924 -0.003371766486723687 0.0006688767866570623 3.0130159813366546e-06 0.0076204504261177487 0.0048241324262432213 -0.0024249328701103313 -0.0028747653184215956 -0.0014691406122773897 -0.004027487279200416 -0.001579734668036006 -0.00044895888776060944 -0.00070488785734949626 -0.0027045380107814923 2.376891325259517e-05 0.0012776596713282549 -0.0065084902687562165 0.0045501419520009023 0.0077340449271141544 -0.0064514483781823615 0.0011341706572550122 0.010647334461600622 -0.0092385128636432931 0 0.0027398734148510501 0.013081784534833172 0.0088216194179347868 0.0065353917487144435
leaf_weight=27712 677 556 648 5166 12557 27984 2037 3078 571 5755 1589 8358 4490 77261 7956 8755 5225 36041 198 5397 300 1526 705 236 109 940 8023 261 1306 876
leaf_count=27712 677 556 648 5166 12557 27984 2037 3078 571 5755 1589 8358 4490 77261 7956 8755 5225 36041 198 5397 300 1526 705 236 109 940 8023 261 1306 876
internal_value=-1.11692e-05 -7.00619e-05 -0.000324709 0.000216321 0.000558629 0.000162768 0.00166879 -0.000629746 0.00125655 -0.000480387 0.00267271 -0.000813435 0.00106067 -0.000964268 -0.00242834 -0.000682602 -0.00163878 0.000678547 0.00401284 0.00382682 -0.000904305 -0.00217932 -0.00393233 0.00236453 0.00369684 0.00419297 0.00266206 0.00313256 0.00565084 0.00271538
internal_weight=256293 252385 188632 67656 57265 48333 14594 120976 10580 33739 7557 110396 8066 102330 16314 86016 10391 63753 3276 5968 4790 3023 2231 792 3908 3799 8932 8284 2859 1553
internal_count=256293 252385 188632 67656 57265 48333 14594 120976 10580 33739 7557 110396 8066 102330 16314 86016 10391 63753 3276 5968 4790 3023 2231 792 3908 3799 8932 8284 2859 1553
is_linear=0
shrinkage=0.03


Tree=20
num_leaves=31
num_cat=0
split_feature=37 15 12 31 54 33 52 67 32 138 21 117 38 39 84 11 84 54 81 81 87 60 29 33 70 78 34 146 48 23
split_gain=54.4697 58.0383 48.745 44.4715 56.8407 45.9543 41.1511 57.0694 39.156 59.5811 51.2172 48.4307 43.7271 39.2426 39.1513 38.1968 37.5708 36.9318 36.052 41.9443 35.8905 35.7676 45.5655 53.4733 36.7287 78.2919 35.8639 46.434 42.0272 36.5069
threshold=0.65340811014175426 1.1476951241493227 0.99050244688987743 -0.0021171543048694725 0.98934802412986766 0.8980139195919038 0.87663716077804577 0.50416666269302379 -0.005015013273805379 0.67175939679145824 1.0542041659355166 0.32683882117271429 -0.018606107681989666 0.01648340001702309 -0.35000000894069666 0.96983239054679882 0.75000000000000011 1.0265255570411684 0.050000002607703216 0.11666667088866235 0.90833333134651195 0.86302116513252269 0.012960944790393116 0.20330414175987246 0.80898889899253856 0.30000000447034841 0.82635298371315014 0.54670393466949474 0.92357099056243908 0.022296592593193058
decision_type=10 10 10 10 8 10 8 10 10 8 10 10 10 10 2 8 2 10 2 2 2 10 8 10 10 10 10 10 10 10
left_child=1 3 -3 4 5 16 7 -6 9 15 13 -12 -11 -10 -13 17 -1 -2 20 -20 -15 26 24 -24 -23 -26 27 28 -5 -28
right_child=8 2 -4 21 6 -7 -8 -9 10 12 11 14 -14 18 -16 -17 -18 -19 19 -21 -22 22 23 -25 25 -27 29 -29 -30 -31
leaf_value=-0.01072642102954767 -0.0055784707424520689 -0.0042956803320618724 0.0042887324056529817 0.011225775036062355 0.0049506736447179744 0.0017289180924829803 -0.0013363309766440264 -0.0050392862685830798 0.0010331671298414139 0.014099868111644515 0.0042588907710347087 -0.0030269776581887033 0.0034945830246470959 -0.0078142065882276582 0.0030494725655712059 -0.0044568278435413765 -0.00051742830858049189 0.012289696314335923 0.0063412689741372177 -0.0011107334364864351 0.0036657122043104312 -0.00043081417174076989 -0.0087275406729429971 0.010297183201716204 -0.00058550516930148586 0.0022855020755118481 0.00054001234902209961 -0.0074785570985924409 -0.0014433525802204806 -0.012082701692921423
leaf_weight=1326 123 650 3947 351 2076 491 30862 638 54588 388 1095 7982 4853 1163 1019 1333 514 263 745 5886 257 98391 130 700 18718 15530 231 558 547 657
leaf_count=1326 123 650 3947 351 2076 491 30862 638 54588 388 1095 7982 4853 1163 1019 1333 514 263 745 5886 257 98391 130 700 18718 15530 231 558 547 657
internal_value=-1.96802e-05 -0.000315007 0.0029966 -0.000405745 -0.00134546 -0.00588286 -0.00101821 0.00247285 0.000629852 0.00278396 0.000418894 -0.00155247 0.00438735 0.000741816 -0.00230057 -0.00192629 -0.00807208 0.00586272 -0.00119412 -0.000211836 -0.00550611 -0.000154928 -8.78248e-05 0.00682922 -0.000134393 0.000708193 -0.00381585 -0.000661399 0.0033185 -0.00852913
internal_weight=256012 176317 4597 171720 35907 2331 33576 2714 79695 6960 72735 10096 5241 62639 9001 1719 1840 386 8051 6631 1420 135813 133469 830 132639 34248 2344 1456 898 888
internal_count=256012 176317 4597 171720 35907 2331 33576 2714 79695 6960 72735 10096 5241 62639 9001 1719 1840 386 8051 6631 1420 135813 133469 830 132639 34248 2344 1456 898 888
is_linear=0
shrinkage=0.03


Tree=21
num_leaves=31
num_cat=0
split_feature=16 26 40 71 58 104 18 73 25 33 28 12 49 34 52 16 101 42 23 118 30 140 36 52 100 38 134 53 100 87
split_gain=68.7396 46.5684 43.9265 75.4781 48.7305 45.1602 38.3113 59.0911 45.0449 57.6493 42.0371 42.7469 102.678 32.9325 32.7338 42.2112 36.8346 31.2176 32.0054 34.6547 29.3066 44.2771 35.7888 29.1701 29.8565 26.8105 26.4597 26.1965 25.5848 23.7625
threshold=1.2217961549758913 0.021813971921801571 -0.031314985826611512 0.56493511795997631 0.99968677759170543 0.38750000298023229 1.0242341160774233 0.5000000149011613 0.040047178044915206 0.93427529931068432 -0.011342008598148821 1.0023736953735354 0.89227423071861278 0.42087575793266302 0.98244860768318187 1.1601091027259829 0.30217391252517706 -1.0000000180025095e-35 0.025850688107311729 0.11999929696321489 -0.0071613250765949479 0.82012742757797252 0.78697091341018688 0.90224683284759533 0.64852941036224376 -0.002515720902010798 0.36600342392921453 1.0195410847663882 0.34166666865348821 -0.74166667461395253
decision_type=10 10 10 10 10 2 10 10 10 10 8 10 10 10 10 8 2 8 10 10 10 10 10 10 2 10 10 10 2 2
left_child=1 17 3 5 26 -3 10 8 -8 -10 -4 13 -13 -12 16 -16 -7 -1 29 -20 21 28 -23 24 -6 -24 27 -5 -2 -19
right_child=20 2 6 4 23 14 7 -9 9 -11 11 12 -14 -15 15 -17 -18 18 19 -21 -22 22 25 -25 -26 -27 -28 -29 -30 -31
leaf_value=-3.043915199836917e-05 -0.0072752888415728969 -0.013619982032799141 0.0028174365629497124 0.0081909879898907686 0.0079005735177429485 0.013189139872319219 -0.003313189103706351 -0.0087417694791029742 0.0058380968391817381 -0.0070447625113200744 -0.00019595520804166592 0.0065880277080921897 -2.8044127358156537e-05 -0.0013091955949004284 -0.0048890452453443879 0.0020120504248905056 0.0005953710678790145 0.0033316738750123953 -0.00043194986738358872 0.016188820405074088 0 0.0023914943817264023 0.016300471820673849 -0.002322563472086446 0.001032698382818862 0.0060956390736594014 -0.0037908212695321629 -0.00044735259235366903 0.0043470772676243398 0.00080091748045935107
leaf_weight=40262 302 204 3543 487 2893 198 3339 1209 1271 377 43531 2197 42501 55074 2279 1134 8600 3783 138 242 1288 821 554 313 847 688 901 678 322 36081
leaf_count=40262 302 204 3543 487 2893 198 3339 1209 1271 377 43531 2197 42501 55074 2279 1134 8600 3783 138 242 1288 821 554 313 847 688 901 678 322 36081
internal_value=1.98859e-05 -4.08098e-05 -0.000321217 0.00105228 0.00377676 -0.00027033 -0.000489629 -0.00280444 -0.00127597 0.002662 -0.000389547 -0.000471311 0.000293242 -0.000820916 -8.73006e-07 -0.00251034 0.000942088 0.000553006 0.00114389 0.00968306 0.00392505 0.00569911 0.0078173 0.00568041 0.00643876 0.0110715 0 0.00298783 -0.000863265 0.00105015
internal_weight=256057 252082 171576 18534 6119 12415 153042 6196 4987 1648 146846 143303 44698 98605 12211 3413 8798 80506 40244 380 3975 2687 2063 4053 3740 1242 2066 1165 624 39864
internal_count=256057 252082 171576 18534 6119 12415 153042 6196 4987 1648 146846 143303 44698 98605 12211 3413 8798 80506 40244 380 3975 2687 2063 4053 3740 1242 2066 1165 624 39864
is_linear=0
shrinkage=0.03


Tree=22
num_leaves=31
num_cat=0
split_feature=32 25 33 14 28 12 19 36 60 36 41 31 40 86 33 53 51 18 77 46 119 29 85 12 24 137 10 52 38 10
split_gain=48.2524 45.2187 42.7827 61.514 92.4693 65.655 52.012 51.6578 60.2173 49.4323 47.5966 44.2115 41.8926 41.8836 68.3441 48.2156 47.3785 46.9477 41.7718 39.6439 57.2653 45.0658 39.574 37.0903 35.9621 34.641 34.6046 31.9771 32.7098 31.7652
threshold=-0.005015013273805379 0.012200717814266683 0.57788860797882091 0.88593873381614696 0.013532992452383043 0.98831740021705639 0.97391614317893993 0.80070549249649059 0.86302116513252269 0.54356569051742565 -0.030723872594535347 -0.0069122205022722474 0.013073897920548918 -0.58333334326744068 0.93427529931068432 0.98216989636421215 0.93605801463127147 1.0356991887092593 0.025000001303851608 1.055603086948395 0.44303797185420996 -0.0030530872754752632 0.47499999403953558 0.99626871943473827 0.020752589218318466 0.41433915495872503 1.0191100239753725 0.68255141377449047 0.0035045215627178554 1.0062499642372134
decision_type=10 8 8 8 10 10 10 10 10 10 10 10 10 2 10 10 10 10 2 10 10 10 2 10 10 10 10 10 10 10
left_child=13 26 3 4 5 9 -7 8 27 -3 -9 23 -13 14 15 29 -17 -18 24 -5 25 -22 -20 -12 -10 -21 -2 28 -4 -1
right_child=1 2 7 19 -6 6 -8 10 18 -11 11 12 -14 -15 -16 16 17 -19 22 20 21 -23 -24 -25 -26 -27 -28 -29 -30 -31
leaf_value=0.0040312752457878857 0.0012246768148160081 0.01118970669385428 0.0096652586275425018 -0.00011563442688567916 -0.016127794122051758 0.017558532777348292 0 0.0062641053191475971 -0.00027505779824919807 -0.0111023124568376 -0.00020069150234606163 -0.00037638400160701059 0.0034948023194985977 0.00031538385391907529 -0.0069698183684524318 0.010802382032445388 0 0.011080612456611898 -0.00015635998147866162 -0.0052348905664946314 -0.0016776421899114124 0.00012281260761501966 0.0013531714995046794 0.011722474668125945 -0.0040919358009676044 -0.001457095334073036 -0.0043757975524419688 -0.0085149303098121763 -0.0074796936049436533 -0.012612813667241317
leaf_weight=160 28060 125 192 52791 124 613 163 1897 5696 200 299 9150 3398 5306 383 1558 1186 456 56649 4749 26732 22956 21436 602 3833 4588 989 1125 160 181
leaf_count=160 28060 125 192 52791 124 613 163 1897 5696 200 299 9150 3398 5306 383 1558 1186 456 56649 4749 26732 22956 21436 602 3833 4588 989 1125 160 181
internal_value=-7.56557e-06 -8.85427e-05 -0.00023818 -0.000643198 0.00596318 0.00896214 0.0136515 0.000197373 -7.64494e-05 -0.00150725 0.0018046 0.00114494 0.000651957 0.00211836 0.0044663 0.0058197 0.00699798 0.00312113 2.20739e-05 -0.00071931 -0.00125393 -0.000840077 0.000254438 0.00752156 -0.00184715 -0.00341771 0.0010208 -0.00604336 0.0010825 -0.00418157
internal_weight=255757 246527 217478 113041 1225 1101 776 104437 89091 325 15346 13449 12548 9230 3924 3541 3200 1642 87614 111816 59025 49688 78085 901 9529 9337 29049 1477 352 341
internal_count=255757 246527 217478 113041 1225 1101 776 104437 89091 325 15346 13449 12548 9230 3924 3541 3200 1642 87614 111816 59025 49688 78085 901 9529 9337 29049 1477 352 341
is_linear=0
shrinkage=0.03


Tree=23
num_leaves=31
num_cat=0
split_feature=61 1 34 35 29 57 49 47 56 52 33 47 125 84 7 23 41 20 11 61 1 38 10 27 81 55 24 46 36 24
split_gain=46.6346 69.7392 59.1377 50.2821 45.4775 69.6173 57.0169 44.0807 45.5295 42.5367 38.8684 38.6067 48.605 48.1633 48.582 41.9013 40.5807 72.9367 70.6461 63.0623 56.4898 46.3727 38.7033 38.2198 44.4778 37.475 42.5254 37.4049 37.3267 35.5931
threshold=1.0568404793739321 0.053658556193113334 0.9376877248287202 0.61667701601982128 -0.0035890409490093584 1.1498969197273257 0.97358611226081859 1.2550396919250491 1.0964694619178774 0.93445017933845531 0.92190930247306835 1.0938650369644167 0.47692285478115087 0.84999999403953563 -0.030387171544134613 0.044223204255104072 0.025888621807098392 0.97017571330070507 0.98461541533470165 0.98880848288536083 0.043518491089344032 -0.010194169357419012 1.016589939594269 0.026880715973675254 0.84999999403953563 1.0772535204887392 0.026846576482057575 1.2228692770004275 0.77394822239875805 0.043029993772506721
decision_type=10 10 10 10 8 10 10 10 10 10 10 8 10 2 10 10 8 10 10 10 10 8 10 10 2 10 10 10 10 10
left_child=4 2 9 -3 6 11 23 -8 -9 -2 28 12 13 -6 -15 22 17 18 -13 20 -18 -19 -14 -1 -25 -10 -27 -12 -11 -26
right_child=1 3 -4 -5 5 -7 7 8 25 10 27 16 15 14 -16 -17 19 21 -20 -21 -22 -23 -24 24 29 26 -28 -29 -30 -31
leaf_value=0.0030010999205292983 0.0090603681987699077 0.00019769654332947752 0.0091853261029566906 0.01096972172583793 0.00036054824493447795 0.002648615031027016 8.0344086086300091e-05 0.0016872220558737862 -0.01383121118159901 -0.0016288484881310376 -0.0010949573454350357 0.010707938454006785 -0.0017860653685258 -0.01059069929891022 0.003180205355531858 -0.010609519279865354 -0.0034012506355543047 -0.0035240217828223833 0.0004480921052012708 0.0029454103250271652 0.0035747778102248424 -0.000111687046896802 0.003231552156935328 -0.0046692278636224441 -0.002240623214154826 0.0015636951941623155 -0.0081085343030020424 -0.011353482599144456 0.0044503774175965695 0.002579108217215634
leaf_weight=1062 385 660 643 1198 103138 9683 37200 865 463 2435 944 1039 10056 209 7926 422 11443 3969 1563 1955 1092 37687 1550 6242 6898 681 850 537 1401 1653
leaf_count=1062 385 660 643 1198 103138 9683 37200 865 463 2435 944 1039 10056 209 7926 422 11443 3969 1563 1955 1092 37687 1550 6242 6898 681 850 537 1401 1653
internal_value=2.64886e-05 0.00224986 0.000692075 0.00734588 -4.61226e-05 0.000172147 -0.000799736 -0.000188506 -0.00376713 -0.000242016 -0.00100324 3.85016e-05 0.000341595 0.00053946 0.00276452 -0.00146184 -0.000592429 -0.000133693 0.00470978 -0.00197079 -0.00276491 -0.000445549 -0.00108574 -0.00232298 -0.00272899 -0.00627545 -0.00364815 -0.00511621 0.000525198 -0.00127007
internal_weight=255849 8203 6345 1858 247646 191732 55914 40059 2859 5702 5317 182049 123301 111273 8135 12028 58748 44258 2602 14490 12535 41656 11606 15855 14793 1994 1531 1481 3836 8551
internal_count=255849 8203 6345 1858 247646 191732 55914 40059 2859 5702 5317 182049 123301 111273 8135 12028 58748 44258 2602 14490 12535 41656 11606 15855 14793 1994 1531 1481 3836 8551
is_linear=0
shrinkage=0.03


Tree=24
num_leaves=31
num_cat=0
split_feature=16 25 74 125 56 40 46 103 41 50 14 81 87 5 94 15 37 60 34 77 49 111 1 14 10 87 57 97 49 29
split_gain=44.2453 46.5749 39.6276 72.8144 53.9813 39.0675 67.0922 34.9063 34.3433 75.9222 34.3057 33.7947 35.7795 47.5501 35.7355 32.2353 30.9138 30.7455 30.2748 29.528 29.3183 33.7296 32.9146 38.5078 33.5534 31.3435 29.2395 27.6736 27.6647 27.1274
threshold=1.2217961549758913 0.012200717814266683 0.25000000745058065 -0.40397334098815912 1.1585621237754824 -0.031314985826611512 1.109442472457886 0.45000000298023229 -0.049185391515493386 0.9390128254890443 0.88593873381614696 0.050000002607703216 0.37500000000000006 0.012559165712445976 -0.040758425369858735 0.86501684784889232 0.65340811014175426 1.0271945595741274 0.8833613693714143 0.35833333432674414 0.9406871795654298 -0.30217391252517695 0.053658556193113334 1.045199513435364 1.0120949149131777 -0.80833333730697621 1.1621301770210268 0.0087831951677799242 0.94981840252876293 0.0007925774552859367
decision_type=10 10 2 10 10 8 10 2 10 10 10 2 2 10 10 8 8 10 10 2 10 2 10 10 10 2 10 10 10 10
left_child=1 16 11 4 7 6 10 -4 9 -7 -5 14 15 17 -3 -13 -1 -14 20 -17 21 -2 23 24 -22 -25 -10 -9 -15 -16
right_child=18 2 3 5 -6 8 -8 27 26 -11 -12 12 13 28 29 19 -18 -19 -20 -21 22 -23 -24 25 -26 -27 -28 -29 -30 -31
leaf_value=0.00042044983141081377 0.014890072034976007 -0.0002935686284830794 0.0072664754569732757 -0.012150232225926412 0.010483981400501051 -0.021618679812617232 -0.0019583310933866216 0.0038340022115271586 -0.00027018173728861225 -0.00090989531251576498 0.0032016070204236103 0.01312867825261759 -0.00031870622949736066 -0.00099790424446144846 -0.0054219647951625188 -0.0005002468208796341 0.0025893358713499543 0.004188539016337995 0.010177511998556139 -0.0020491009096542476 -0.0033176895442649907 0.0024491467940947935 0.0056722071280004812 -0.0099127346469383166 0.014865361707838167 -0.00025679575024453098 0.0020806638552606821 -0.0013759463803942056 0.0083321806836187881 0.0042816594485845412
leaf_weight=21762 274 3105 925 106 834 196 3407 1505 123372 751 8655 123 12843 311 3576 35748 8357 1498 482 16573 119 890 641 553 177 787 4912 2189 1048 230
leaf_count=21762 274 3105 925 106 834 196 3407 1505 123372 751 8655 123 12843 311 3576 35748 8357 1498 482 16573 119 890 641 553 177 787 4912 2189 1048 230
internal_value=-2.08135e-05 -7.13066e-05 -0.000222693 6.20387e-05 0.00345835 -6.72879e-05 0.00155332 0.00208541 -0.000222417 -0.0058647 0.00295445 -0.000783661 -0.000574922 0.000669666 -0.00279099 -0.000953342 0.00103351 0.000136389 0.00313085 -0.000997183 0.00200399 0.00583311 0 -0.00224632 0.0068586 -0.00454943 -0.000177519 0.000675118 0.00599598 -0.00473784
internal_weight=255949 252026 221907 146852 5453 141399 12168 4619 129231 947 8761 75055 68144 15700 6911 52444 30119 14341 3923 52321 3441 1164 2277 1636 296 1340 128284 3694 1359 3806
internal_count=255949 252026 221907 146852 5453 141399 12168 4619 129231 947 8761 75055 68144 15700 6911 52444 30119 14341 3923 52321 3441 1164 2277 1636 296 1340 128284 3694 1359 3806
is_linear=0
shrinkage=0.03


Tree=25
num_leaves=31
num_cat=0
split_feature=16 25 40 72 49 113 18 73 13 38 51 82 122 16 86 14 1 24 3 27 34 50 11 105 102 39 96 72 78 50
split_gain=54.8856 40.2408 37.8243 51.2448 67.0454 64.7209 45.1016 66.2144 45.7676 45.1565 35.8261 39.0888 34.9338 32.4142 52.8773 52.4209 88.0522 45.629 43.3193 39.0194 31.1764 32.2987 39.0285 28.4324 27.2836 26.5465 25.9775 33.2206 39.6491 26.0599
threshold=1.2217961549758913 0.012747216969728472 -0.031314985826611512 0.72941175103187572 0.97358611226081859 0.4409449994564057 1.0220747590065005 0.5000000149011613 1.0730694532394411 -0.0093160308897495252 0.91293832659721386 0.50833332538604747 0.58165135979652416 0.92063489556312572 0.81666666269302379 0.90703368186950695 0.038147164508700378 0.056208917871117599 0.016273399814963344 0.051992146298289306 0.8833613693714143 0.97707054018974315 0.99534341692924511 0.34166666865348821 0.39173060655593878 -0.012073969934135674 0.15325000137090686 0.085714291781187071 0.5000000149011613 0.85911327600479137
decision_type=10 10 8 10 10 10 10 10 10 10 10 2 10 10 2 8 10 10 10 10 10 10 10 2 2 8 10 10 10 10
left_child=1 25 3 26 5 -5 13 8 -8 -9 11 -6 -10 14 19 16 -15 -17 -16 -4 21 24 -23 -7 -2 -1 29 -28 -29 -3
right_child=20 2 6 4 10 23 7 9 12 -11 -12 -13 -14 15 18 17 -18 -19 -20 -21 -22 22 -24 -25 -26 -27 27 28 -30 -31
leaf_value=-0.0023551096332106573 0.010301406294361048 0.0080481803891068581 -0.00079400331670670052 -0.0032589024375784489 0.016177700670088366 0 -0.0018580308784099267 -0.010102472268495375 0.011886562939285068 0 0 0 0 0.00079393310226040373 1.9422183418721537e-05 -9.7361667391067519e-05 0.013541213575065793 0.0077989970590375398 0.0060712410009078977 -0.003230730231205757 0.010643237450221931 -0.0069859303634859406 0.003140485092792948 0.013467898384428219 0.0023097867554430821 0.0011568700772972428 -0.0054387826370015319 -0.0087359748431079989 0.00063232171017834943 0.0010886736346829545
leaf_weight=1990 578 513 15830 1072 714 199 6804 1386 380 576 218 120 518 1944 11415 146323 660 641 1166 9897 492 579 744 386 1565 32336 1163 415 6198 9112
leaf_count=1990 578 513 15830 1072 714 199 6804 1386 380 576 218 120 518 1944 11415 146323 660 641 1166 9897 492 579 744 386 1565 32336 1163 415 6198 9112
internal_value=4.42257e-05 -9.78431e-06 -0.000161545 0.00107417 0.00490803 0.000914206 -0.000288958 -0.00228824 -0.000981784 -0.0072038 0.0107844 0.0135554 0.00522643 -0.00018429 -0.000962782 1.31979e-05 0.00421772 -5.98233e-05 0.000612855 -0.00174483 0.00354081 0.00239128 -0.00110591 0.00891214 0.00467927 0.000943281 0.00045514 -0.000808421 0 0.00150663
internal_weight=255934 251976 217650 20110 2709 1657 197540 9664 7702 1962 1052 834 898 187876 38308 149568 2604 146964 12581 25727 3958 3466 1323 585 2143 34326 17401 7776 6613 9625
internal_count=255934 251976 217650 20110 2709 1657 197540 9664 7702 1962 1052 834 898 187876 38308 149568 2604 146964 12581 25727 3958 3466 1323 585 2143 34326 17401 7776 6613 9625
is_linear=0
shrinkage=0.03


Tree=26
num_leaves=31
num_cat=0
split_feature=27 86 46 48 54 41 103 38 76 82 35 38 4 54 38 34 36 7 118 36 122 37 41 40 69 10 79 94 134 23
split_gain=53.0733 62.5272 59.1082 44.8332 51.6609 63.6933 69.6305 52.0966 51.1707 48.4138 44.4435 40.7384 41.9381 42.2449 38.3077 37.9233 35.8028 35.6759 33.8011 65.1096 37.5921 35.6144 33.7978 49.6209 31.5295 37.1979 31.133 30.5193 31.192 29.7499
threshold=0.089987765997648253 -0.58333334326744068 1.0578584074974062 0.97965118288993847 1.08747273683548 0.00096762453904375445 0.45000000298023229 0.0035045215627178554 0.31666667759418493 0.32500000298023229 0.90433144569396984 -0.0058823495637625447 0.38461573421955114 0.99106195569038402 -0.010194169357419012 0.088233731687068953 0.29737634956836706 0.019999962300062183 0.3913045078516007 0.88509306311607372 0.30959521234035497 0.56956738233566295 0.024005262181162838 0.0072475706692785033 0.97694113850593578 1.0225835442543032 0.15000000223517421 -0.12515920400619504 0.26572278141975408 0.010700157377868892
decision_type=8 2 10 10 10 10 2 10 2 2 10 10 10 10 10 8 10 10 8 10 8 10 10 10 8 10 2 8 8 8
left_child=2 11 -1 4 5 9 7 -7 10 -4 14 22 16 -14 26 -8 -13 -11 21 29 -21 -3 23 -2 25 -23 -5 -22 -29 -20
right_child=1 18 3 8 -6 6 15 -9 -10 17 -12 12 13 -15 -16 -17 -18 -19 19 20 27 24 -24 -25 -26 -27 -28 28 -30 -31
leaf_value=0.00034813295691550931 0.0071315462160636105 0.0038454075506877206 -0.00087724017923531739 -0.012120129302677109 0.0034835398769916411 -0.00047364553407615773 0.005584370266970418 -0.0038301668751249927 0.00084478190761089699 -0.0032810448729994062 0.0042903094758487874 0.015727282538980574 -0.01723983875869195 0 -0.00069171908850833405 0.00048507348413712577 0.0030149149812774656 -0.0076731907006655732 0.006371862080332919 -0.001330422756522346 0 -0.0058520144986445961 0.012284174015153892 -0.0090147574682737826 0.0038518197687373735 0.0025299487018105452 -0.0028313713191490063 0.027596160121960565 0.004252882971075074 3.4046506767920588e-05
leaf_weight=125391 744 765 5430 379 1833 11728 1721 6657 28579 6590 1448 217 135 824 36767 6043 2547 2503 737 116 109 2465 882 189 446 522 3231 190 125 6440
leaf_count=125391 744 765 5430 379 1833 11728 1721 6657 28579 6590 1448 217 135 824 36767 6043 2547 2503 737 116 109 2465 882 189 446 522 3231 190 125 6440
internal_value=1.71445e-05 0.00161406 -9.86797e-05 -0.000597517 -0.00136739 -0.00159499 -0.000694525 -0.00170815 -0.000128208 -0.00319247 -0.000800306 0.00424695 0.0023136 -0.00286707 -0.000992326 0.00166539 0.00422653 -0.00453716 0.00036011 0.00155814 0.0114498 -0.001768 0.00798079 0.00342541 -0.00312079 -0.00428035 -0.00395061 0.0155244 0.0200354 0.000742454
internal_weight=255753 17453 238300 112909 42505 40672 26149 18385 70404 14523 41825 5538 3723 959 40377 7764 2764 9093 11915 7717 540 4198 1815 933 3433 2987 3610 424 315 7177
internal_count=255753 17453 238300 112909 42505 40672 26149 18385 70404 14523 41825 5538 3723 959 40377 7764 2764 9093 11915 7717 540 4198 1815 933 3433 2987 3610 424 315 7177
is_linear=0
shrinkage=0.03


Tree=27
num_leaves=31
num_cat=0
split_feature=32 45 13 70 23 1 25 38 124 16 9 15 68 87 138 90 1 96 42 38 86 40 40 31 127 82 83 23 43 14
split_gain=52.8051 39.7374 42.7646 60.1588 52.2314 50.9416 50.4901 42.8709 45.4284 60.7445 47.4263 41.2913 49.3573 40.7845 39.131 42.8589 38.2918 37.0455 36.6295 42.8288 35.6078 49.1759 37.0966 34.971 34.6792 34.4441 31.3888 59.8659 57.7213 32.3145
threshold=-0.005015013273805379 1.0289931297302248 0.98445597290992748 0.74203935265541088 0.044223204255104072 0.025544878095388416 0.041645765304565437 -0.0093160308897495252 0.023255924694240097 1.0456382632255556 1.0380681157112124 0.94875985383987438 0.93939337134361278 -0.60833334922790516 0.86431422829628002 0.067657571285963072 0.065034598112106337 0.19865969568490985 0.055613776668906219 -0.0058823495637625447 -0.81666666269302357 -0.017782762646675106 -0.028646766208112236 -0.0018323143012821672 -0.28089888393878931 0.65833333134651195 -0.70000001788139332 0.032572587952017791 1.0693280100822451 0.90703368186950695
decision_type=10 10 10 10 10 10 8 8 10 10 10 10 10 2 10 10 10 10 10 8 2 10 10 10 10 2 10 10 10 8
left_child=14 11 3 13 5 -5 7 8 9 -4 -10 12 25 24 16 -16 -1 -7 19 -15 21 -9 -22 -13 -3 -2 27 28 -8 -28
right_child=1 2 6 4 -6 17 26 20 10 -11 -12 23 -14 18 15 -17 -18 -19 -20 -21 22 -23 -24 -25 -26 -27 29 -29 -30 -31
leaf_value=-0.00046791038087981492 -0.00049869377716900312 -0.0083912518902232655 0.0010925835494011613 -0.0021462257251674663 -0.010264182503611503 0.00093939689367448869 0.00207036638400834 -0.004152586787951564 -0.0046849280217118186 -0.0041213369110445807 -0.022920810523884075 -0.0013963831210535109 0.0016890795247544127 0 0.0069220069836062057 0.00058032572896888853 0.0079584944521786261 0.0091408364097234438 -0.0099314395982989783 -0.0035850774355850857 0.001644018600981279 -0.00045398580865179045 -0.0002088926825656514 0.0012464125032582256 0.00049968995359831185 -0.0035140993425881316 0.0083802718671855698 -0.0012730317259795885 0.010117025865871161 0.00020002858856688427
leaf_weight=4545 24316 402 4494 1003 253 960 2079 4544 2020 3526 132 4885 8238 4126 2439 1760 519 1265 656 10706 11084 11944 78028 45147 6008 4031 434 1661 1442 13271
leaf_count=4545 24316 402 4494 1003 253 960 2079 4544 2020 3526 132 4885 8238 4126 2439 1760 519 1265 656 10706 11084 11944 78028 45147 6008 4031 434 1661 1442 13271
internal_value=-1.07192e-05 -9.54749e-05 -0.000376584 -0.00150712 0.00210479 0.00322383 -0.000161093 -0.000397747 -0.00225898 -0.00116696 -0.00614236 0.000420421 -0.000339391 -0.00209637 0.00220918 0.00435037 0.000364598 0.00577576 -0.00292877 -0.00258589 -0.000215228 -0.00149527 1.8529e-05 0.000981928 -3.56108e-05 -0.000940241 0.00127255 0.00326736 0.00548907 0.000492767
internal_weight=255918 246655 160038 25379 3481 3228 134659 115772 10172 8020 2152 86617 36585 21898 9263 4199 5064 2225 15488 14832 105600 16488 89112 50032 6410 28347 18887 5182 3521 13705
internal_count=255918 246655 160038 25379 3481 3228 134659 115772 10172 8020 2152 86617 36585 21898 9263 4199 5064 2225 15488 14832 105600 16488 89112 50032 6410 28347 18887 5182 3521 13705
is_linear=0
shrinkage=0.03


Tree=28
num_leaves=31
num_cat=0
split_feature=54 86 26 38 69 26 33 96 10 48 58 24 51 120 144 3 127 40 69 120 1 132 58 36 80 15 32 78 22 60
split_gain=39.509 42.0303 53.8095 73.1969 49.3875 47.5069 46.0979 53.2289 40.914 40.5867 50.8861 40.2127 120.014 47.2797 39.3176 37.6146 36.52 42.631 34.0685 33.6627 36.2567 33.5383 32.6621 31.9658 46.8655 45.7161 42.7216 39.2398 47.0684 37.9478
threshold=0.96513584256172191 0.88333332538604747 0.070342991501092925 -0.0016771324444562195 0.64456436038017284 0.019717284478247169 0.57788860797882091 0.07682060077786447 1.0212945342063906 0.92357099056243908 0.95871025323867809 0.018802168779075149 0.78631964325904857 0.23999977111816409 0.4686055332422257 0.0036068586632609372 0.33159911632537847 0.055705580860376365 0.84625670313835155 0.73296231031417858 0.053658556193113334 1.0481146574020388 0.97931534051895153 0.90301623940467846 0.17500000447034839 0.99557188153266918 0.00047433738654945051 0.30000000447034841 0.98339018225669872 0.90105512738227855
decision_type=10 2 8 10 10 8 10 10 10 10 10 10 10 10 8 10 8 8 10 10 10 10 8 10 2 8 8 10 10 10
left_child=14 2 5 4 6 22 8 -8 -4 10 -5 12 -3 18 -1 -15 17 -6 -13 -7 -21 -11 -2 24 26 27 29 -26 -29 -16
right_child=1 11 3 9 16 19 7 -9 -10 21 -12 13 -14 15 23 -17 -18 -19 -20 20 -22 -23 -24 -25 25 -27 -28 28 -30 -31
leaf_value=0.0037828580837544162 0.0025048372573394546 -0.024033263697146142 0.0038346491579175244 0 0.015506997570251662 -0.00053656430376294417 0.010515934992791704 -8.9495905753781909e-05 -0.0038999004216276213 -0.0040569590400067624 0.012898412621406142 0.0059061008479794905 0.00085350881329183915 0.0012200074844278888 -0.02349729447987256 0.0073823887445150574 0.00091496158257802157 0.0029145327925359159 -0.0052716419382867596 0.00087877738158131219 0.010359559349749314 0.00097550532840973917 0.00029048342676485107 0.0058071019443436686 -0.0032709138252143585 -0.01062058399922154 -0.0043444172836156958 0.0098894505771507137 -0.0080019485510420055 -0.0021319771184685776
leaf_weight=625 6802 161 1136 875 796 159142 994 639 1287 2557 395 321 4740 1554 289 2622 493 453 762 8996 368 2064 54416 233 1303 458 665 525 140 148
leaf_count=625 6802 161 1136 875 796 159142 994 639 1287 2557 395 321 4740 1554 289 2622 493 453 762 8996 368 2064 54416 233 1303 458 665 525 140 148
internal_value=-3.8726e-05 9.40884e-06 -6.90113e-05 0.00191269 0.00430415 -0.000171309 0.00236503 0.00623362 -0.000149126 -0.000396853 0.00424498 0.0018987 0 0.00371588 -0.00285525 0.00517745 0.00857075 0.0112942 -0.00163957 -0.000432325 0.00130462 -0.00175002 0.000542159 -0.00405189 -0.00481662 -0.00228725 -0.00997751 -0.000109648 0.00556122 -0.0173279
internal_weight=255959 251573 241413 11689 5798 229724 4056 1633 2423 5891 1270 10160 4901 5259 4386 4176 1742 1249 1083 168506 9364 4621 61218 3761 3528 2426 1102 1968 665 437
internal_count=255959 251573 241413 11689 5798 229724 4056 1633 2423 5891 1270 10160 4901 5259 4386 4176 1742 1249 1083 168506 9364 4621 61218 3761 3528 2426 1102 1968 665 437
is_linear=0
shrinkage=0.03


Tree=29
num_leaves=31
num_cat=0
split_feature=16 75 29 75 50 26 112 124 84 80 42 11 141 42 23 34 1 37 40 15 86 33 42 28 149 16 11 62 10 76
split_gain=43.2866 36.9321 41.8624 45.591 42.7162 36.0545 52.5601 38.5721 33.6277 50.9621 56.6762 42.33 52.5397 35.9981 48.3769 35.6882 33.6711 43.1875 45.5086 42.6876 40.7106 31.5507 51.6536 30.4627 41.4844 35.0349 30.3996 43.4454 37.8506 31.5232
threshold=1.2217961549758913 0.22500000149011615 0.007356764981523157 0.075000001117587103 0.82747837901115429 0.028401845134794716 -0.31622806191444391 -0.65095520019531239 0.84999999403953563 0.37500000000000006 0.067184466868639006 0.97230187058448803 1.2372608184814455 -0.072452347725629793 0.0083135380409657973 0.71811029314994823 0.014047388918697836 0.77095231413841259 -0.056540567427873605 0.94429191946983349 -0.81666666269302357 0.79890984296798717 0.051089534536004073 -0.008172038942575453 0.46464912593364721 0.92063489556312572 0.97614678740501415 0.9493604600429536 1.0050557851791384 0.11666667088866235
decision_type=10 2 8 2 8 8 2 10 2 2 10 10 10 8 10 10 8 8 10 10 2 10 10 10 10 10 8 8 10 2
left_child=1 2 3 -1 -4 -5 -7 -8 13 10 -10 12 -11 14 -3 -12 19 20 -19 -15 -18 -13 -23 24 -16 -25 29 28 -28 -6
right_child=-2 8 4 5 26 6 7 -9 9 11 15 21 -14 16 23 -17 17 18 -20 -21 -22 22 -24 25 -26 -27 27 -29 -30 -31
leaf_value=2.8923172894583386e-05 0.0031123710481383037 0.017252220168293482 0.011904995541689903 -0.00053385847114328271 0.00067573140151609939 0.0061949886793371736 0.001849009348254185 -0.0030163377629690556 0.0022661915656193004 0.018228721266413745 0.0018331131707786221 0.0053003331889991418 0 -0.0014317425389864706 -0.0011047001373919877 -0.0053783352303527609 -0.0033977962141479036 0.0093292559729768586 0.00072937360813060919 0.0010960434084674225 -0.00041494597829941615 0.0038721174276904946 -0.0087229337999225869 -0.013553278613663801 0.0054065849318612001 0 0.0036908307994551743 0.0016157460835370743 -0.015022349735135117 0.015790168727952299
leaf_weight=41339 3976 178 391 22580 350 593 1510 17329 4968 394 822 2038 246 7016 1204 1899 4366 560 18295 38455 79722 756 444 174 2645 1284 102 1960 274 224
leaf_count=41339 3976 178 391 22580 350 593 1510 17329 4968 394 822 2038 246 7016 1204 1899 4366 560 18295 38455 79722 756 444 174 2645 1284 102 1960 274 224
internal_value=1.36168e-05 -3.4305e-05 -0.000537016 -0.000671371 0.00274877 -0.00136727 -0.00231873 -0.00260891 0.000227177 0.00178742 0.000327697 0.00458814 0.0116957 0.000107744 0.00249033 -0.00309287 1.73452e-05 -0.000280896 0.0010103 0.000698963 -0.000574159 0.00302806 -0.000608753 0.00187597 0.00329708 -0.0016665 0.00134325 -7.09305e-05 -0.00925831 0.00741216
internal_weight=256094 252118 86652 83351 3301 42012 19432 18839 165466 11567 7689 3878 640 153899 5485 2721 148414 102943 18855 45471 84088 3238 1200 5307 3849 1458 2910 2336 376 574
internal_count=256094 252118 86652 83351 3301 42012 19432 18839 165466 11567 7689 3878 640 153899 5485 2721 148414 102943 18855 45471 84088 3238 1200 5307 3849 1458 2910 2336 376 574
is_linear=0
shrinkage=0.03


Tree=30
num_leaves=31
num_cat=0
split_feature=32 30 120 120 84 16 39 41 77 81 21 81 16 41 138 137 46 112 12 22 53 0 53 113 49 75 67 74 62 10
split_gain=43.2755 40.8418 45.7202 40.0477 50.6375 38.7336 40.6596 36.1297 65.7678 55.8316 48.0084 40.9008 39.486 37.283 35.7097 41.5027 35.4365 35.3649 34.3253 34.2538 32.0918 37.0442 48.9948 30.5048 63.2192 30.4969 36.4033 30.386 56.5067 27.9026
threshold=-0.005015013273805379 -0.00043860780715476716 0.73296231031417858 0.23999977111816409 0.84999999403953563 0.93234935402870189 0.022164302878081802 0.027958952821791175 0.041666667908430106 0.28333334624767309 0.90996602177619945 0.050000002607703216 1.0766049027442934 -0.0020822535734623666 0.67175939679145824 1.0230528116226199 1.016412675380707 -0.0168079100549221 0.98457589745521557 0.90663170814514171 0.98216989636421215 0.018221985548734668 1.0002509951591494 0.47999817132949835 0.943353831768036 0.22500000149011615 0.033615820109844215 0.35000000894069677 1.0551091432571413 1.0075193643569949
decision_type=8 8 8 8 2 8 10 10 2 2 8 2 8 8 8 10 10 2 10 10 10 10 10 10 10 2 10 2 10 10
left_child=14 2 5 18 7 6 -2 10 12 -10 11 -5 -9 -12 23 17 -7 20 -3 -8 -16 22 -22 24 -1 -18 -27 -4 -29 -25
right_child=1 3 27 4 -6 16 19 8 9 -11 13 -13 -14 -15 15 -17 25 -19 -20 -21 21 -23 -24 29 -26 26 -28 28 -30 -31
leaf_value=0.014914673932146081 -0.0020811403317360995 -0.0071960467045110478 0.00063031368338436426 -0.00068100368604887072 0.0025528852431228924 0.0044428082447040291 0 -0.0071533774962719279 0.0043885189671368395 -0.0011509780309549448 -0.00017844998947377642 0.007296571877443505 0.0037937238492322996 0.00099071465643324258 -0.0027915489074187535 0 -0.0010451421794598857 -0.0022942529889005601 -0.0009458310711170819 -0.015796514760410711 -0.0024087088971307398 0.01372905770902347 0.0070239151184915121 0 -0.0015812733335391256 -0.0017357737156698564 0.00048123927671039088 0.00023694972317596786 0.011197063577535419 -0.011869655735802983
leaf_weight=233 2319 887 8660 780 9559 1229 183 2096 1950 9552 51813 1653 294 46035 292 2255 59959 471 8161 404 561 603 2357 349 1095 8390 32070 1083 744 360
leaf_count=233 2319 887 8660 780 9559 1229 183 2096 1950 9552 51813 1653 294 46035 292 2255 59959 471 8161 404 561 603 2357 349 1095 8390 32070 1083 744 360
internal_value=2.53729e-05 -4.60241e-05 -0.000460791 0.000311088 0.000453949 -0.000652229 -0.00407169 0.000275175 -0.00115132 -0.000179811 0.000475969 0.00463203 -0.00566196 0.000368637 0.00211874 0.00321003 -0.000550738 0.00493777 -0.00160616 -0.0111136 0.00591668 0.00673527 0.00510428 -0.00123571 0.00126876 -0.000615712 1.34662e-05 0.00141687 0.00493552 -0.00624438
internal_weight=256397 247821 115041 132780 123732 104554 2906 114173 13892 11502 100281 2433 2390 97848 8576 6539 101648 4284 9048 587 3813 3521 2918 2037 1328 100419 40460 10487 1827 709
internal_count=256397 247821 115041 132780 123732 104554 2906 114173 13892 11502 100281 2433 2390 97848 8576 6539 101648 4284 9048 587 3813 3521 2918 2037 1328 100419 40460 10487 1827 709
is_linear=0
shrinkage=0.03


Tree=31
num_leaves=31
num_cat=0
split_feature=16 42 41 80 4 79 45 33 37 54 71 41 49 28 21 11 53 39 5 40 150 4 117 34 78 28 118 141 56 117
split_gain=45.3983 38.0809 51.8528 73.1365 92.3403 54.8872 41.143 39.2127 37.658 49.2153 56.93 46.3575 58.6122 54.9073 44.4979 44.6036 40.9066 39.2026 36.4868 35.3318 34.0895 37.6875 33.5489 32.3481 31.0423 42.1002 35.9718 30.2864 29.8407 28.5088
threshold=1.2217961549758913 0.10516722872853281 0.039732735604047782 0.42499999701976782 0.38461573421955114 0.35000000894069677 1.0092608332633974 0.27197717130184179 0.71612942218780529 0.98934802412986766 0.52682882547378551 0.0039451448246836671 0.9673573672771455 -0.009558818303048609 1.0542041659355166 0.96983239054679882 0.97631582617759716 -0.014071235898882149 0.010429970454424621 -0.038789078593254082 0.50194123387336742 0.39999930560588842 0.32683882117271429 0.8833613693714143 0.30000000447034841 0.019371735863387588 0.13999956101179126 0.93766000866889965 0.95220217108726513 0.52411577105522167
decision_type=10 10 10 2 10 2 8 10 10 10 10 10 10 10 10 10 8 10 10 10 10 10 10 10 10 10 10 10 10 10
left_child=1 6 18 7 5 -5 24 -4 9 10 -8 12 -11 -13 16 17 -10 -16 20 -18 21 -3 -17 27 -1 29 -27 -2 -12 -26
right_child=23 2 3 4 -6 -7 8 -9 14 11 28 13 -14 -15 15 22 19 -19 -20 -21 -22 -23 -24 -25 25 26 -28 -29 -30 -31
leaf_value=0.00021768626741016883 -0.0015932173918787795 -0.011158419151293531 0.0044699526903180719 0.017316374461436433 -0.018577595338964265 -0.0048176669993240818 -0.0069528222115792168 -0.0097749109813587681 -0.0065530816724836934 -0.0020072793589023044 -0.0055148258551193314 0.0096165248947406527 -0.0002258006214697738 0.00040551837642021157 0.018406368317082523 0.0021610881373872858 0.0046159508649095274 0.0016312527121251962 0.0072584188689242485 0.00086977115565493889 0.0037989779382855086 0.0037943810108837846 -0.0028793924204508813 0.010509064005384872 0.000112531185323507 0 0.023857146397380059 0.0041046262281967836 -0.00019008483115000123 0.0032030821984300219
leaf_weight=15867 1211 455 151 299 101 110 2019 1749 610 20803 1153 573 85163 50748 136 1341 2431 991 558 41323 456 174 7123 478 4752 114 132 2295 5651 6855
leaf_count=15867 1211 455 151 299 101 110 2019 1749 610 20803 1153 573 85163 50748 136 1341 2431 991 558 41323 456 174 7123 478 4752 114 132 2295 5651 6855
internal_value=2.04055e-05 -2.88015e-05 -0.0029065 -0.005711 0.00386743 0.0107171 1.72889e-05 -0.0084518 -0.000118714 -0.0003435 -0.00252444 -0.000218948 -0.00057868 0.000517909 0.000567643 -0.00126997 0.000972067 0.00420278 0.00104603 0.00108678 -0.00195097 -0.00657032 -0.00204223 0.00319043 0.00110712 0.00227011 0.0142663 0.00205359 -0.00114989 0.00196596
internal_weight=255822 251838 4053 2410 510 409 247785 1900 220065 166110 8823 157287 105966 51321 53955 9591 44364 1127 1643 43754 1085 629 8464 3984 27720 11853 246 3506 6804 11607
internal_count=255822 251838 4053 2410 510 409 247785 1900 220065 166110 8823 157287 105966 51321 53955 9591 44364 1127 1643 43754 1085 629 8464 3984 27720 11853 246 3506 6804 11607
is_linear=0
shrinkage=0.03


Tree=32
num_leaves=31
num_cat=0
split_feature=15 1 33 77 111 16 37 40 46 120 41 93 10 67 33 43 109 49 2 52 28 81 102 75 71 27 90 27 54 10
split_gain=48.0959 66.4876 75.0717 63.4869 51.2032 49.5536 40.3869 54.0834 46.1089 53.7415 45.1023 42.2193 50.151 38.8514 38.3698 64.1504 51.2654 38.0523 40.0387 37.544 35.7705 34.6239 37.2148 49.1556 34.0666 32.0203 33.216 30.9562 31.1603 30.5176
threshold=1.1476951241493227 0.053658556193113334 0.93427529931068432 0.075000002980232253 -0.196153849363327 1.0112226605415346 0.65340811014175426 0.031700076535344131 1.0872113704681399 0.31443585455417639 0.0039451448246836671 0.27207638323307043 1.0260416865348818 0.3835271298885346 0.4990741908550263 1.0771878957748415 1.0000000180025095e-35 0.87829908728599559 0.2244895547628403 0.9801006317138673 -0.0040540520567446938 0.050000002607703216 0.53390806913375866 0.87500000000000011 0.52682882547378551 0.026154977269470695 0.8016403615474702 0.074022222310304656 1.1093302369117739 1.0173542499542239
decision_type=10 10 10 2 2 10 8 8 8 10 10 8 8 10 8 10 2 10 10 10 10 2 2 2 10 10 10 10 10 10
left_child=6 2 3 -2 -3 -5 7 10 9 -9 14 -8 21 -10 15 29 -17 18 -11 -4 24 -13 23 -23 -12 -22 -27 -16 -29 -1
right_child=1 4 19 5 -6 -7 11 8 13 17 20 12 -14 -15 27 16 -18 -19 -20 -21 25 22 -24 -25 -26 26 -28 28 -30 -31
leaf_value=-0.0006909875822700861 -0.0039670944735774412 0.012213570485377107 0.0049474112383997553 -0.0082591426008730186 0.0015865598739155738 0.0046909392756916265 -9.8680640334074512e-05 -0.0063369971590280759 -0.0029352944722615959 0.015912637230514465 0.0013349070818526457 -0.0011883071671570094 0.0056065215620524477 -0.010011709667402486 -0.00016439238771602104 -0.0037323023211237932 -0.022043291178527945 -0.00066100819753351974 0.0011848451106709378 -0.010428734830672472 0.0012594606955499642 0.0015193385344852092 0.0036784652198905408 -0.0024289585059061505 0.0077174773014833291 -0.00035943934770624815 0.0058119837346649172 0.0053588883486250707 -0.0060324049579980072 -0.0027181713623502424
leaf_weight=37724 1155 933 137 251 854 4011 44084 1316 2580 248 2899 5296 2292 1073 48793 498 213 4837 586 690 18995 16337 5369 3368 1089 39522 777 1591 209 8340
leaf_count=37724 1155 933 137 251 854 4011 44084 1316 2580 248 2899 5296 2292 1073 48793 498 213 4837 586 690 18995 16337 5369 3368 1089 39522 777 1591 209 8340
internal_value=3.33728e-06 0.00228644 0.000763403 0.00209851 0.00737476 0.0038232 -6.95549e-05 -0.000326848 -0.00239857 -0.000912536 -0.000187487 0.000500727 0.00131849 -0.00513873 -0.000593982 -0.00121325 -0.0100813 0.000311384 0.00618572 -0.00747067 0.000433211 0.000981531 0.00145237 0.000827504 0.00318245 0.000242234 -0.000230184 -1.52676e-05 0.00381964 -0.00106554
internal_weight=256067 8031 6244 5417 1787 4262 248036 171290 10640 6987 160650 76746 32662 3653 97368 46775 711 5671 834 827 63282 30370 25074 19705 3988 59294 40299 50593 1800 46064
internal_count=256067 8031 6244 5417 1787 4262 248036 171290 10640 6987 160650 76746 32662 3653 97368 46775 711 5671 834 827 63282 30370 25074 19705 3988 59294 40299 50593 1800 46064
is_linear=0
shrinkage=0.03


Tree=33
num_leaves=31
num_cat=0
split_feature=33 42 41 25 33 12 11 44 80 69 39 82 4 96 84 52 24 81 78 50 84 48 47 60 137 41 82 84 137 41
split_gain=37.3334 52.7668 80.9321 52.5399 65.4981 103.025 59.3486 50.1632 48.5249 100.075 38.7404 40.4768 48.2024 42.8835 48.2294 44.0537 40.2445 37.9801 45.2179 40.9991 54.9326 37.5943 47.833 45.6931 37.2745 36.4064 35.9967 35.6996 38.2562 34.9509
threshold=0.55852696299552929 0.10516722872853281 0.030320540070533756 0.041645765304565437 0.90945842862129223 1.0070422291755678 0.97766622900962841 1.0360360741615298 0.37500000000000006 0.96250003576278698 0.036403991281986244 0.24166666716337207 0.30000405013561254 0.31212638318538671 0.55000001192092907 0.76662477850914013 0.048062201589345939 0.94999998807907116 0.30000000447034841 0.88593581318855297 0.75000000000000011 0.96671107411384594 1.2773673534393313 1.0157843232154848 0.5982642173767091 0.049656229093670852 0.058333335444331176 0.65000000596046459 0.81214120984077465 -0.039563288912177079
decision_type=8 10 10 10 8 10 10 8 2 10 10 2 10 10 2 10 10 2 8 10 2 8 10 10 10 10 2 2 10 8
left_child=7 3 -3 17 5 -5 -6 29 24 -10 11 12 13 14 -9 -15 21 18 25 20 -20 22 -13 -23 -4 -2 -8 28 -7 -1
right_child=1 2 8 4 6 27 26 10 9 -11 -12 16 -14 15 -16 -17 -18 -19 19 -21 -22 23 -24 -25 -26 -27 -28 -29 -30 -31
leaf_value=-0.013650589394340799 -6.1505972107537494e-05 0.0054431600790897997 -0.011155295713478338 0.0014655504090821797 0.0048659285854695533 0.010098235053708731 0.0057641396024999646 0.00079868970784110994 -0.0088322607184943436 0.016255562418358439 0.0036512423329030275 -0.0053478490661464885 -0.0024268609405975212 0.011385082744162639 -0.006249692236616586 0.0021114937456089746 0.0030709425550101014 -0.00097345882049405504 0.00049630458554661199 0.00083298126413064422 0.0097712971531324529 -0.00087773372714312025 0.0010741445779977618 -0.0042308237135441282 0.00060923683263964081 -0.0035594077984394423 -0.0051575933946445681 -0.0020050698231399836 0.00014912821034686788 0.0001547130774106362
leaf_weight=145 28985 621 1336 10113 903 2496 265 7408 341 215 1459 5324 5134 602 970 2368 1369 19291 1342 52545 1095 20086 1198 4578 235 2954 2347 258 476 79391
leaf_count=145 28985 621 1336 10113 903 2496 265 7408 341 215 1459 5324 5134 602 970 2368 1369 19291 1342 52545 1095 20086 1198 4578 235 2954 2347 258 476 79391
internal_value=1.14392e-05 0.000380951 -0.00370323 0.00047517 0.00203224 0.00299889 -0.00154851 -0.000343794 -0.00653918 0.000575714 -0.00108371 -0.00123214 -2.35129e-06 0.00107048 0 0.00415511 -0.00184516 0.000224871 0.000494438 0.00101736 0.00483149 -0.00207241 -0.00412268 -0.00151519 -0.00922139 -0.000396435 -0.00390017 0.00766884 0.00861669 0.000122349
internal_weight=255850 125818 2748 123070 16858 13343 3515 130032 2127 556 50496 49037 16482 11348 8378 2970 32555 106212 86921 54982 2437 31186 6522 24664 1571 31939 2612 3230 2972 79536
internal_count=255850 125818 2748 123070 16858 13343 3515 130032 2127 556 50496 49037 16482 11348 8378 2970 32555 106212 86921 54982 2437 31186 6522 24664 1571 31939 2612 3230 2972 79536
is_linear=0
shrinkage=0.03


Tree=34
num_leaves=31
num_cat=0
split_feature=40 18 15 36 39 45 37 71 29 22 40 80 46 42 40 80 38 118 26 12 24 27 84 81 5 1 76 32 86 43
split_gain=39.65 55.4434 59.3958 50.5965 41.0678 37.9257 47.9754 52.7428 42.9668 59.5087 42.5851 41.8698 36.6746 35.8876 45.3639 47.7424 54.2955 42.2504 35.4475 61.3391 39.3154 35.3907 35.4102 39.3229 42.2569 34.8725 40.8719 34.6377 33.7149 32.2815
threshold=-0.028646766208112236 1.0242341160774233 1.0865418910980227 0.85427895188331615 -0.035821676254272454 1.0259067416191103 0.71612942218780529 0.17000006884336474 -0.00020210129878250879 1.100579619407654 0.012017824221402408 0.47499999403953558 1.109442472457886 0.10516722872853281 -0.00083033693954348553 0.42499999701976782 0.0019774144748225812 0.30434794723987585 0.033428078517317779 0.98831740021705639 0.025174274109303955 0.056496573612093932 0.35000000894069677 0.35000000894069677 0.01355388341471553 0.053658556193113334 0.71666666865348827 0.00084953219629824172 0.61666667461395275 1.0498658418655398
decision_type=10 10 8 10 10 10 10 10 10 10 10 2 8 10 10 2 10 10 10 10 10 10 2 2 10 10 2 10 2 10
left_child=3 5 29 12 -4 13 7 10 18 -10 -7 -11 21 -2 17 -16 -17 -15 20 -20 -8 -1 23 28 -25 -14 -27 -6 -23 -3
right_child=1 2 4 -5 27 6 8 -9 9 11 -12 -13 25 14 15 16 -18 -19 19 -21 -22 22 -24 24 -26 26 -28 -29 -30 -31
leaf_value=0.00063132358734287967 0.00064212613373961966 0 0.011063426538607875 0.0059510766351144658 -0.0023778767568001869 5.567015755023018e-05 0.0015513688266159751 -0.0010213696814726319 0.0011541150006420164 -0.003256131236001358 0.0037636520121538479 0.0089085454796861419 -0.0014378451586524294 0.018805846036588653 -0.0059447702425728822 -0.0075550485619307389 0.013038938041464325 -0.00074963570219910584 0.0035183855451820681 -0.0024900563566275912 -0.0046561941636274707 -0.00036578032218802182 0 0.014244591290363382 -0.0034696289314705086 0.0052267603646867387 -0.0044233454565345701 0.006088813567551336 0.0063042833033069897 -0.0078884326670272103
leaf_weight=9234 75926 568 239 1821 3345 25415 10291 79367 11955 253 3137 1558 8470 138 2194 159 262 193 1799 8743 970 1057 1431 686 107 1601 473 466 1556 2132
leaf_count=9234 75926 568 239 1821 3345 25415 10291 79367 11955 253 3137 1558 8470 138 2194 159 262 193 1799 8743 970 1057 1431 686 107 1601 473 466 1556 2132
internal_value=2.8641e-05 -9.71247e-05 -0.00277185 0.00112919 -0.000387461 -1.43394e-05 -0.000306117 -0.000622441 0.000645014 0.00195773 0.000475914 0.00702827 0.000755751 0.000512618 -0.00270581 -0.00411275 0.00459099 0.0071557 -0.000171099 -0.00143159 0.000982761 0.00176236 0.00384828 0.00550427 0.0114588 -0.000559962 0.00286145 -0.0012379 0.00350991 -0.00620898
internal_weight=255546 229110 6750 26436 4050 222360 143488 107919 35569 13766 28552 1811 24615 78872 2946 2615 421 331 21803 10542 11261 14071 4837 3406 793 10544 2074 3811 2613 2700
internal_count=255546 229110 6750 26436 4050 222360 143488 107919 35569 13766 28552 1811 24615 78872 2946 2615 421 331 21803 10542 11261 14071 4837 3406 793 10544 2074 3811 2613 2700
is_linear=0
shrinkage=0.03


Tree=35
num_leaves=31
num_cat=0
split_feature=32 73 140 136 43 55 46 48 34 76 38 34 42 29 103 18 4 97 81 27 17 37 87 30 41 41 53 29 46 55
split_gain=40.6439 48.9255 55.7395 52.3207 40.8035 51.9465 33.9965 51.6075 42.3361 39.3016 52.4371 41.6927 33.7519 44.955 34.1596 58.3323 33.7131 38.7744 32.5325 35.7 34.9631 31.2144 39.8284 45.7993 30.9457 30.7158 30.2649 29.3548 45.2198 30.0936
threshold=-0.005015013273805379 0.90000000596046459 0.78848707675933849 1.1733136177062991 1.0015989542007449 1.1104919314384463 1.0098814368247988 0.98133972287178051 0.78686749935150158 0.31666667759418493 -0.010194169357419012 0.77319431304931652 -0.0835604853928089 -0.0035890409490093584 0.55000001192092907 0.98520866036415111 0.41176490485668188 0.15942016243934634 0.28333334624767309 0.0449607651680708 1.1208415627479555 0.60460519790649425 0.82499998807907116 0.0034312482457607989 0.022190772928297523 0.0039451448246836671 0.97631582617759716 -0.00040951419214252377 1.1818274855613711 1.1104919314384463
decision_type=8 10 8 10 10 10 8 10 8 2 8 10 8 10 2 10 10 10 2 8 10 8 2 10 10 8 10 8 10 10
left_child=1 2 -1 -4 -3 -6 8 12 -2 10 11 24 16 18 26 -16 17 -8 19 -14 -20 25 23 -23 -9 -11 -15 29 -29 -12
right_child=6 4 3 -5 5 -7 7 9 -10 21 27 -13 13 14 15 -17 -18 -19 20 -21 -22 22 -24 -25 -26 -27 -28 28 -30 -31
leaf_value=-0.0025304186072775858 0.0018889506712457729 0.0080807668792571268 0.0064785236087270947 0 -0.0062670811203855191 0.0092877245217535369 0.0007475684597070876 -0.0054961139126160578 -0.00068168599689788262 0.00010256375504817695 -0.00084382142997870772 0.0043538928776979445 -0.0001950670360809154 -0.0051294793702090051 0.0047333473478349559 0 -0.0042275692248871571 0.0086748172112955501 -0.00011447161180796735 -0.0057260482305056945 -0.0031457873557257229 0.0018521218231945242 -0.0008859257918233149 0.0069111243707249579 0.0066387728773630575 0.0029826211143178924 -0.00066960847364132031 0.00071806515608100808 0.011695731107052416 0.0026173211751059763
leaf_weight=1152 16539 261 3824 1688 1392 192 1522 3320 8621 40777 30236 462 1641 1406 2683 18010 501 955 9411 3613 5570 12420 3669 1916 162 3639 60885 16275 330 2390
leaf_count=1152 16539 261 3824 1688 1392 192 1522 3320 8621 40777 30236 462 1641 1406 2683 18010 501 955 9411 3613 5570 12420 3669 1916 162 3639 60885 16275 330 2390
internal_value=2.25682e-05 0.00205945 0.00327266 0.00454449 -0.00214983 -0.00410232 -4.65608e-05 -0.000166302 0.000996374 0.000270474 -0.000324819 -0.00364536 -0.000644521 -0.000737775 -0.000423786 0.000623822 0.00247103 0.00396904 -0.00200895 -0.00406271 -0.00126422 0.000782336 0.00183923 0.00255784 -0.00481118 0.000346514 -0.000776703 -5.13399e-05 0.000968083 -0.00057964
internal_weight=255462 8509 6664 5512 1845 1584 246953 221793 25160 115596 53175 3944 106197 103219 82984 20693 2978 2477 20235 5254 14981 62421 18005 14336 3482 44416 62291 49231 16605 32626
internal_count=255462 8509 6664 5512 1845 1584 246953 221793 25160 115596 53175 3944 106197 103219 82984 20693 2978 2477 20235 5254 14981 62421 18005 14336 3482 44416 62291 49231 16605 32626
is_linear=0
shrinkage=0.03


Tree=36
num_leaves=31
num_cat=0
split_feature=32 138 38 26 33 13 14 60 35 35 86 1 39 81 56 44 28 1 46 86 2 37 53 51 30 90 42 48 77 23
split_gain=33.6673 41.2032 38.6551 35.1421 43.8804 40.5509 96.4264 49.1738 47.4416 39.3129 69.7892 38.4418 37.8489 40.951 61.1617 40.8158 40.0024 35.6344 32.4743 31.6028 34.0613 30.883 28.9475 30.0093 28.287 27.2032 36.2215 26.8776 27.4788 26.8212
threshold=-0.005015013273805379 0.51389935612678539 -0.018606107681989666 0.021813971921801571 0.27197717130184179 0.98287948966026317 0.94596561789512645 0.86302116513252269 0.54728898406028759 0.73619547486305248 -0.81666666269302357 0.053658556193113334 -0.019969322718679901 0.28333334624767309 0.95220217108726513 1.0577194690704348 0.011937804985791447 0.036217371001839645 1.0198988914489748 -0.74999999999999989 0.80000010132789623 0.74414262175560009 0.97631582617759716 0.93605801463127147 -0.0013610702008008955 0.067657571285963072 -0.10343208909034728 0.95477905869483959 0.041666667908430106 0.024467328563332561
decision_type=10 8 8 10 8 8 10 10 10 8 2 10 10 2 10 10 10 10 10 2 10 10 10 10 10 10 10 10 2 10
left_child=1 -1 21 17 25 12 7 -7 -9 10 -8 -11 16 15 -15 -14 -6 27 -19 22 -21 -3 -4 -24 -20 -5 29 28 -2 -27
right_child=3 2 19 4 5 6 9 8 -10 11 -12 -13 13 14 -16 -17 -18 18 24 20 -22 -23 23 -25 -26 26 -28 -29 -30 -31
leaf_value=-0.0043123687498520099 -0.0021333957998046758 0.0011349534564490974 -0.0070775870789372012 -0.001827271002216484 0.0092053934040317864 -0.0081807094443533315 -0.0028584151048109984 0.0014990220744725865 0.0093601885162213835 0.0010417259078909645 0.0002075755918729886 0.0078078198857643548 0.00051236329995444166 -0.0062195653283640797 -0.0011500271242514048 -0.0083454777740989798 -0.0065428464923649142 0.0020254682565906765 0.00043469532072776929 -0.00017752242663059999 0.0076256553145548599 0.01634523051569596 0.0098677792979686187 0.0022304772240681588 -0.0085232391289490374 0.013430487159480668 -0.00054000738437321111 0.00042366418308796393 0.0039016182564258232 -0.0015993366996181831
leaf_weight=849 746 270 133 22563 623 190 7768 1254 1893 18851 46303 787 16297 2409 21535 460 149 588 364 4978 533 303 930 1192 1029 273 26126 72671 3744 111
leaf_count=849 746 270 133 22563 623 190 7768 1254 1893 18851 46303 787 16297 2409 21535 460 149 588 364 4978 533 303 930 1192 1029 273 26126 72671 3744 111
internal_value=8.26612e-06 0.00179038 0.00245642 -5.70209e-05 -0.000304129 5.76118e-06 0.000415376 0.00539108 0.00635169 0.000184643 -0.000228242 0.00133581 -0.000747799 -0.000880179 -0.00167736 0.000241664 0.00569865 0.000462414 -0.0034695 0.00183979 0.000547773 0.00996399 0.0048329 0.00577858 -0.00599714 -0.00105837 -0.000391761 0.00056812 0.00282739 0.00847926
internal_weight=255922 9188 8339 246734 167592 118519 77046 3337 3147 73709 54071 19638 41473 40701 23944 16757 772 79142 1981 7766 5511 573 2255 2122 1393 49073 26510 77161 4490 384
internal_count=255922 9188 8339 246734 167592 118519 77046 3337 3147 73709 54071 19638 41473 40701 23944 16757 772 79142 1981 7766 5511 573 2255 2122 1393 49073 26510 77161 4490 384
is_linear=0
shrinkage=0.03


Tree=37
num_leaves=31
num_cat=0
split_feature=86 55 14 38 15 88 36 33 10 124 140 16 46 13 38 44 13 124 125 85 24 38 48 33 33 23 31 69 122 59
split_gain=33.3748 40.7677 49.7827 44.5742 44.8439 43.2905 50.079 67.668 46.3691 70.4296 37.0579 36.0764 34.2954 46.8293 51.5558 37.2839 32.5433 32.1812 49.8795 35.045 32.1582 56.1975 46.4754 30.9048 30.8337 27.8865 32.443 28.6882 26.998 26.7712
threshold=0.91666665673255932 0.94927152991294872 0.90703368186950695 -0.004692983115091919 0.92165431380271923 0.11887570098042489 0.52600601315498363 0.5192658305168153 1.018200218677521 0.53005406260490429 1.3362516760826113 1.2217961549758913 1.004668712615967 0.98122069239616405 -0.010194169357419012 1.0657292008399966 0.93268474936485302 0.65714293718338024 0.35197781026363378 0.77500000596046459 0.048062201589345939 -0.010194169357419012 0.91385412216186535 0.8856443762779237 0.97755658626556408 0.022296592593193058 -0.0069122205022722474 0.39393927156925207 0.57304009795188915 0.94442346692085277
decision_type=2 8 8 10 10 10 10 10 10 10 10 10 10 8 8 10 10 10 10 2 10 10 10 10 10 10 10 10 10 10
left_child=1 3 5 17 16 -3 7 10 29 -10 -7 12 -4 15 -15 -14 23 18 -1 -19 22 -22 -2 -5 25 27 -27 -13 -9 -8
right_child=20 2 11 4 -6 6 8 28 9 -11 -12 24 13 14 -16 -17 -18 19 -20 -21 21 -23 -24 -25 -26 26 -28 -29 -30 -31
leaf_value=0.0083112583324496808 0.010363919819532452 -0.00018082158128535965 0.0016948739894232167 -0.01406187941778346 0.0028191951246798108 0.021333028037323738 0.00022241813678695681 0.0062355168110977775 -0.0026343669048915414 0.022072939859811687 0 -0.0034927208796915105 -0.00086873459922081492 -0.0018340088507109314 0.00016197501011844969 -0.0055270457856075898 -0.00039967794955169793 0 -0.01023337037427924 0.018524020999506279 -0.016670327248237183 0.0018637778948505 0.0017372671801620758 -0.0042800906188265545 -0.010928058258460875 0.0069675480322490043 -0.00063365237248388148 0.0065272077277696641 -0.0066352479774448789 -0.011006616002431495
leaf_weight=193 628 1978 8923 760 416 440 732 701 164 186 100 827 45802 12490 168051 1612 525 185 292 162 201 364 5984 684 113 1959 581 345 146 218
leaf_count=193 628 1978 8923 760 416 440 732 701 164 186 100 827 45802 12490 168051 1612 525 185 292 162 201 364 5984 684 113 1959 581 345 146 218
internal_value=-1.12414e-06 -6.06e-05 -1.52451e-05 -0.00340577 -0.00551772 0.00304602 0.00551603 0.0094683 0.000992414 0.0101684 0.0177278 -7.6069e-05 -0.000124063 -0.000196721 2.20416e-05 -0.0010357 -0.00744056 0.00228359 -0.0022228 0.00917747 0.00201166 -0.00456146 0.00263064 -0.00975509 0.00280328 0.003358 0.00512029 -0.000231463 0.00356904 -0.00221888
internal_weight=255762 248585 245368 3217 2385 4665 2687 1387 1300 350 540 240703 236878 227955 180541 47414 1969 832 485 347 7177 565 6612 1444 3825 3712 2540 1172 847 950
internal_count=255762 248585 245368 3217 2385 4665 2687 1387 1300 350 540 240703 236878 227955 180541 47414 1969 832 485 347 7177 565 6612 1444 3825 3712 2540 1172 847 950
is_linear=0
shrinkage=0.03


Tree=38
num_leaves=31
num_cat=0
split_feature=37 40 33 53 14 1 122 30 47 33 40 19 1 1 105 60 44 5 67 78 120 112 85 81 10 79 54 118 82 86
split_gain=36.0378 38.6153 47.5549 47.9609 41.0392 42.2104 37.5083 36.8986 40.2131 35.5411 35.4634 46.4307 93.6378 42.7837 47.2927 51.0238 39.6811 34.6405 36.2281 43.1218 33.0228 32.5443 31.388 62.5528 35.6789 31.2264 62.4769 48.7732 38.5589 36.5891
threshold=0.71612942218780529 0.03506812825798989 0.4990741908550263 1.048591196537018 0.88593873381614696 0.014047388918697836 0.30959521234035497 -0.0063421379309147588 1.2240322232246401 0.90945842862129223 -0.056540567427873605 1.0199387073516848 0.065034598112106337 0.024872781708836559 0.64495798945426952 1.0370881557464602 1.1106412410736086 0.016631077043712143 0.033615820109844215 0.30000000447034841 0.70247909426689159 0.217028982937336 0.82500001788139354 0.21666666865348819 1.0031814575195315 0.15000000223517421 0.98734706640243541 0.13999956101179126 0.37500000000000006 0.81666666269302379
decision_type=8 8 8 10 8 10 10 10 10 10 8 10 10 10 2 10 10 10 10 10 10 2 2 2 10 2 10 8 2 2
left_child=1 2 3 4 -1 -6 -3 8 -4 25 16 22 13 -13 15 -15 21 18 -9 -20 -7 -2 -12 -24 -25 28 29 -28 -8 -27
right_child=10 6 7 -5 5 20 9 17 -10 -11 11 12 -14 14 -16 -17 -18 -19 19 -21 -22 -23 23 24 -26 26 27 -29 -30 -31
leaf_value=0.0070784569505559156 0.016812694246570267 -0.014681052669397437 0 -0.0080890203667639687 0.00032465311153955358 -0.0012513914053251412 0.0069080692108779559 -0.0013349645024128259 0.0057900236490032175 0.0021174720463112977 0.0011688184536384964 0.0001144061699768732 0.011555106398472691 -0.0032957368248628886 -0.0068766018494947302 0.0042364283711442295 0.0010554344957054125 -0.003023886584074203 -0.00046914415273355639 0.0010380183180184639 0.001943980092142589 0 0.0011269463221712521 8.2463958720788508e-05 -0.0091488017993765734 -0.0079792451401428689 0.0060593548545773597 -0.0025657968718036266 -0.0023439670516608208 0.0023882080002147104
leaf_weight=604 349 193 2023 753 28589 54398 619 10323 2268 1699 44266 6320 483 3151 2216 1042 940 2839 24956 52651 2987 187 2829 471 1105 2572 706 2953 1037 290
leaf_count=604 349 193 2023 753 28589 54398 619 10323 2268 1699 44266 6320 483 3151 2216 1042 940 2839 24956 52651 2987 187 2829 471 1105 2572 706 2953 1037 290
internal_value=-1.01663e-05 -0.000215623 -0.000113929 -0.000620491 -0.000550217 -0.000608934 -0.00202412 0.000348325 0.00306551 -0.00171729 0.000609069 0.000493204 -0.00107242 -0.00159247 -0.00331743 -0.00134149 0.00519477 0.000215921 0.0003246 0.000549501 -0.00107922 0.0116154 0.000924628 -0.00145565 -0.00623553 -0.00255389 -0.00349654 -0.000796146 0.000976541 -0.00681536
internal_weight=255819 192460 182391 87331 86578 85974 10069 95060 4291 9876 63359 61883 13212 12729 6409 4193 1476 90769 87930 77607 57385 536 48671 4405 1576 8177 6521 3659 1656 2862
internal_count=255819 192460 182391 87331 86578 85974 10069 95060 4291 9876 63359 61883 13212 12729 6409 4193 1476 90769 87930 77607 57385 536 48671 4405 1576 8177 6521 3659 1656 2862
is_linear=0
shrinkage=0.03


Tree=39
num_leaves=31
num_cat=0
split_feature=38 11 36 31 138 112 135 141 108 44 115 56 44 40 72 34 38 138 55 16 40 121 49 141 78 34 17 20 3 110
split_gain=28.5663 55.4705 54.6269 39.8736 36.0989 39.2418 42.0648 33.5719 33.0596 75.4523 36.084 48.4428 30.5583 50.9989 78.893 42.9532 38.3842 55.1497 39.3368 36.7392 30.5417 30.2882 30.9784 32.0578 29.5271 41.3427 42.078 35.2578 40.0999 29.0824
threshold=-0.00086579224443994452 0.96983239054679882 0.74748876690864574 -0.0085065648891031725 0.75747007131576549 -1.0000000180025095e-35 1.2271884083747866 1.041830897331238 0.22500000149011615 1.009946405887604 0.76429951190948497 0.97665849328041088 1.0405204296112063 -0.028646766208112236 0.72941175103187572 0.25400438904762274 -0.010194169357419012 0.85220935940742504 1.1104919314384463 1.1082894802093508 0.055705580860376365 0.36859594285488134 0.9019201695919038 1.2177237868309023 0.5000000149011613 0.15637424588203433 1.1466667056083681 1.0506453514099123 0.014742071740329267 -0.35147058963775629
decision_type=10 8 8 8 10 2 10 8 2 10 10 10 10 8 10 10 10 8 10 10 10 10 10 10 10 10 10 10 10 2
left_child=1 2 7 4 29 6 -6 -1 10 20 11 21 19 14 -14 -16 17 -15 -18 -5 -10 -2 23 -23 27 26 -26 28 -13 -3
right_child=8 3 -4 12 5 -7 -8 -9 9 -11 -12 24 13 16 15 -17 18 -19 -20 -21 -22 22 -24 -25 25 -27 -28 -29 -30 -31
leaf_value=0.0079731396129566791 0.00042528431253546691 -0.0091342129813102614 0.012664462991984355 0.00042726005893523473 0.014621463944974496 -0.0015502663018313917 -0.00032250469941741872 -0.0026083226997921935 -0.00025589029714977662 -0.0031778787521345576 -0.0043354093000249937 -0.0010619668779857092 0.00018982716919589137 -0.005918568142323141 0.011440216904138264 0.0012417128330163038 -0.0009034590417424925 -0.00033934667958298692 0.0039020489003681121 0.00406054305230429 0.0055294623453521321 0.015327146576939902 0.0029030636631933618 0 0.00085207740081417668 -0.00025852108826307713 0.0056755968995486853 0.0060048577978321265 -0.0080412549731112178 0.004053841401943036
leaf_weight=407 2448 224 623 67851 654 234 174 665 15256 10880 1741 20532 12783 3286 920 744 21856 3320 1612 2609 847 449 1740 214 17723 62345 1815 573 767 352
leaf_count=407 2448 224 623 67851 654 234 174 665 15256 10880 1741 20532 12783 3286 920 744 21856 3320 1612 2609 847 449 1740 214 17723 62345 1815 573 767 352
internal_value=-1.29464e-05 0.000327457 0.00569159 0.000245958 0.00487202 0.00813173 0.0111938 0.0012068 -0.000308404 -0.00125 -7.52528e-05 -3.41331e-06 0.000176611 -0.00043473 0.00101837 0.00712736 -0.00114296 -0.00316936 -0.000557558 0.000567164 3.62875e-05 0.00291765 0.00530842 0.010912 -0.000143413 0.000114898 0.00132085 -0.00112338 -0.00133468 -0.000705904
internal_weight=255644 118314 1695 116619 1638 1062 828 1072 137330 26983 110347 108606 114981 44521 14447 1664 30074 6606 23468 70460 16103 4851 2403 663 103755 81883 19538 21872 21299 576
internal_count=255644 118314 1695 116619 1638 1062 828 1072 137330 26983 110347 108606 114981 44521 14447 1664 30074 6606 23468 70460 16103 4851 2403 663 103755 81883 19538 21872 21299 576
is_linear=0
shrinkage=0.03


Tree=40
num_leaves=31
num_cat=0
split_feature=25 42 6 4 39 67 33 33 49 26 142 38 40 13 87 32 38 141 126 54 157 83 142 80 3 23 64 3 24 138
split_gain=29.139 31.8889 70.9305 52.5425 32.5394 41.9467 31.0827 31.2816 57.6352 47.4241 29.6722 33.0984 30.2294 35.5436 30.7844 30.1468 26.7015 24.963 26.2251 24.5954 32.1671 37.6549 28.5288 27.1455 24.4454 66.5164 52.9272 25.1772 34.6599 24.1988
threshold=0.013263684697449209 -0.0835604853928089 0.1538462042808533 0.42856903374195104 0.018103178590536121 0.13363095372915271 0.92190930247306835 0.71411776542663585 0.98903399705886852 0.05085036717355252 1.058080852031708 -0.014873478095978497 -0.038789078593254082 1.0390302538871767 0.90833333134651195 -0.005015013273805379 0.020451487042009834 1.3043810129165652 -0.247059091925621 0.96513584256172191 0.033012466505169875 0.70000001788139354 1.2820208668708803 0.17500000447034839 0.016273399814963344 0.011280363425612451 0.79285714030265819 0.0078475298359990137 0.013882621657103302 0.91560837626457225
decision_type=10 8 10 10 10 10 10 10 10 10 8 8 10 8 2 10 8 10 10 10 10 10 10 2 10 10 10 10 10 10
left_child=-1 2 6 4 17 -6 7 -2 -9 -10 11 15 13 29 16 -3 -14 18 -4 20 -12 23 -23 -22 27 -26 -27 -21 -29 -13
right_child=1 10 3 -5 5 -7 -8 8 9 -11 19 12 14 -15 -16 -17 -18 -19 -20 24 21 22 -24 -25 25 26 -28 28 -30 -31
leaf_value=0.00071673422631190499 -0.0026069247012030887 0.0037793502318499081 0.0037436423730788132 -0.0024699606067800713 0.0078341967433097782 -0.0072496177994386046 -0.0067663994167682043 -0.0081112061053079006 0 0.012390537893840915 0.00080093068805001078 0.012759744213055167 -0.00086106180548462864 0.00056468013923097649 0.0026228418023544432 -0.0055126678013956033 0.0038513636450141714 0 0.010354607030612086 0.00024446335421704301 -0.0075317300238245304 -0.00079234654906978495 -0.012470192690866654 0.0040988704473136428 -0.0038719341227521431 0.00075914336450045282 0.0075617569364469584 -0.0031373325729257854 -0.00024789990024052242 0
leaf_weight=38564 1803 315 1105 833 272 358 742 273 529 573 1287 408 77416 2402 2392 2093 1056 502 1666 90732 262 341 676 482 1259 2453 1912 4791 18064 187
leaf_count=38564 1803 315 1105 833 272 358 742 273 529 573 1287 408 77416 2402 2392 2093 1056 502 1666 90732 262 341 676 482 1259 2453 1912 4791 18064 187
internal_value=-4.14424e-05 -0.000177502 0.00159992 0.00407904 0.0055587 -0.000235031 -0.00132461 0 0.00336163 0.00656511 -0.000252868 -0.000679038 -0.000574759 0.00235183 -0.000687489 -0.00415246 -0.000792859 0.00675965 0.00787154 4.54575e-05 -0.0026026 -0.00523953 -0.00893471 0 0.000116105 0.00204367 0.0038282 1.76821e-05 -0.000868928 0.0088257
internal_weight=255748 217184 8656 4736 3903 630 3920 3178 1375 1102 208528 86269 83861 2997 80864 2408 78472 3273 2771 122259 3048 1761 1017 744 119211 5624 4365 113587 22855 595
internal_count=255748 217184 8656 4736 3903 630 3920 3178 1375 1102 208528 86269 83861 2997 80864 2408 78472 3273 2771 122259 3048 1761 1017 744 119211 5624 4365 113587 22855 595
is_linear=0
shrinkage=0.03


Tree=41
num_leaves=31
num_cat=0
split_feature=16 74 16 39 27 81 8 23 24 16 18 74 25 82 116 8 30 41 114 15 76 16 39 81 35 34 71 121 43 116
split_gain=32.1436 35.8107 41.4524 69.722 32.8401 29.665 42.3197 40.8108 48.7288 34.7363 45.7278 46.9075 43.2819 42.3949 38.3412 31.1243 29.089 30.4451 28.5727 32.1 55.4286 36.9364 35.1925 32.0419 28.5573 27.8815 27.4106 41.0024 31.7395 27.1362
threshold=1.2217961549758913 0.25000000745058065 1.1601091027259829 -0.011191505938768385 0.068523529917001738 0.11666667088866235 0.2727296799421311 0.015892964787781242 0.048062201589345939 0.92660087347030651 1.0242341160774233 0.65000000596046459 0.030311362817883495 0.65833333134651195 0.55941319465637218 -0.33332686126232142 -0.0015200750785879789 -0.026224999688565728 0.15116269141435626 1.0865418910980227 0.48333333432674414 0.9679759442806245 -0.022140397690236565 0.050000002607703216 0.45483416318893438 0.8833613693714143 0.1408454701304436 0.66733095049858104 1.0137412548065188 0.59265616536140453
decision_type=10 2 10 10 10 2 10 8 10 8 8 2 8 2 10 10 10 10 10 10 2 8 10 2 10 10 10 10 10 10
left_child=1 18 5 4 -4 6 7 15 -9 13 12 -12 -11 14 -7 -3 17 -8 -1 23 21 -21 -23 -20 -22 26 -2 -28 -29 -18
right_child=25 2 3 -5 -6 9 16 8 -10 10 11 -13 -14 -15 -16 -17 29 -19 19 20 24 22 -24 -25 -26 -27 27 28 -30 -31
leaf_value=0.0010835375414193795 -0.00056612610987224424 0.0018194837597943652 0.0022750202540411471 0 0.013674399852171443 0.014732018480616156 -0.013007681028816392 0.0040787625730159191 -0.0045234773182400876 -7.0300318460873369e-05 -0.00065253912957019327 -0.0060959479813163112 0.0014702885789040796 -0.0063062584599827328 -0.0010969830372183904 -0.00076343371101031052 0.0024700829868840894 -0.0015156541813211193 -0.0023000413136059373 -0.018862139550223683 -0.0054100046982469485 -0.0095948772102136121 -0.0021166524359912588 -0.00021229875861105075 0.0058536857880706157 0.0093613735080987446 0.0004359176556410437 -0.0010982500532269479 0.014661279978138486 -0.00067551183430880428
leaf_weight=8286 2012 10040 457 1868 678 117 298 7308 596 80930 5253 2023 20472 1475 13067 6995 3106 846 7576 113 206 609 11252 55467 1058 486 915 105 435 11704
leaf_count=8286 2012 10040 457 1868 678 117 298 7308 596 80930 5253 2023 20472 1475 13067 6995 3106 846 7576 113 206 609 11252 55467 1058 486 915 105 435 11704
internal_value=-2.56759e-05 -6.90766e-05 0.000183981 0.00366842 0.00946313 0.000118001 0.000818909 0.00159266 0.00338247 -0.000112051 7.03185e-05 -0.00221969 0.000237999 -0.00148278 -0.000911688 0.000741631 -0.000372306 -0.004939 -0.000572975 -0.000757081 -0.00210553 -0.0027516 -0.00254138 -0.000468594 0.00372867 0.0026498 0.00157465 0.00470589 0.0111314 0
internal_weight=255753 251800 167233 3003 1135 164230 40893 24939 7904 123337 108678 7276 101402 14659 13184 17035 15954 1144 84567 76281 13238 11974 11861 63043 1264 3953 3467 1455 540 14810
internal_count=255753 251800 167233 3003 1135 164230 40893 24939 7904 123337 108678 7276 101402 14659 13184 17035 15954 1144 84567 76281 13238 11974 11861 63043 1264 3953 3467 1455 540 14810
is_linear=0
shrinkage=0.03


end of trees

feature_importances:
RSQR5=50
ROC30=41
KLEN=40
RESI5=34
RESI60=30
STD30=28
RESI30=28
RESI20=27
RSQR10=25
IMXD30=25
RSQR30=24
IMIN30=22
HIGH0=20
STD5=20
BETA60=20
IMXD10=20
STD20=19
RESI10=18
STD10=17
STD60=17
MAX30=17
ROC20=16
RSQR20=16
RSQR60=16
IMIN20=16
LOW0=15
BETA20=15
QTLU5=15
MAX10=14
WVMA5=14
ROC10=13
SUMD20=13
BETA10=12
MIN10=12
MIN60=12
QTLU10=12
IMIN60=12
KUP=11
MIN20=11
WVMA20=11
OPEN0=10
VWAP0=10
ROC5=10
MAX5=10
RSV10=10
IMAX30=10
IMIN5=10
KUP2=9
KLOW=9
MA5=9
MIN5=9
IMAX60=9
SUMN5=9
SUMD10=9
BETA5=8
MAX20=8
MIN30=8
QTLD5=8
QTLD20=8
RSV30=8
CNTP60=8
SUMP5=8
SUMN20=8
VSTD60=8
KMID=7
BETA30=7
QTLU30=7
RANK60=7
IMAX5=7
IMAX20=7
IMXD20=7
IMXD60=7
KMID2=6
ROC60=6
QTLU20=6
IMAX10=6
IMXD5=6
KLOW2=5
MA60=5
MAX60=5
IMIN10=5
CORD30=5
SUMN30=5
SUMN60=5
WVMA30=5
MA10=4
MA20=4
MA30=4
QTLU60=4
QTLD30=4
RSV20=4
CNTN5=4
CNTD30=4
CNTD60=4
SUMP30=4
SUMP60=4
WVMA60=4
KSFT=3
KSFT2=3
QTLD10=3
QTLD60=3
RANK20=3
RSV5=3
RSV60=3
CORR20=3
CORD10=3
CNTD20=3
SUMP20=3
VSTD10=3
CORR10=2
CORD5=2
CORD60=2
CNTP20=2
CNTP30=2
CNTN20=2
SUMP10=2
SUMD30=2
SUMD60=2
VSUMN10=2
RANK10=1
CORR5=1
CORR30=1
CORD20=1
CNTN10=1
CNTD5=1
CNTD10=1
SUMN10=1
SUMD5=1
VMA10=1
VMA60=1
VSTD20=1
VSTD30=1
VSUMP10=1
VSUMP30=1
VSUMN20=1
VSUMN30=1
VSUMD30=1
VSUMD60=1

parameters:
[boosting: gbdt]
[objective: regression]
[metric: l2]
[tree_learner: serial]
[device_type: gpu]
[data_sample_strategy: bagging]
[data: ]
[valid: ]
[num_iterations: 500]
[learning_rate: 0.03]
[num_leaves: 31]
[num_threads: 12]
[seed: 20260813]
[deterministic: 0]
[force_col_wise: 1]
[force_row_wise: 0]
[histogram_pool_size: -1]
[max_depth: 7]
[min_data_in_leaf: 100]
[min_sum_hessian_in_leaf: 0.001]
[bagging_fraction: 0.8]
[pos_bagging_fraction: 1]
[neg_bagging_fraction: 1]
[bagging_freq: 1]
[bagging_seed: 20260813]
[bagging_by_query: 0]
[feature_fraction: 0.8]
[feature_fraction_bynode: 1]
[feature_fraction_seed: 20260813]
[extra_trees: 0]
[extra_seed: 13549]
[early_stopping_round: 0]
[early_stopping_min_delta: 0]
[first_metric_only: 0]
[max_delta_step: 0]
[lambda_l1: 10]
[lambda_l2: 20]
[linear_lambda: 0]
[min_gain_to_split: 0]
[drop_rate: 0.1]
[max_drop: 50]
[skip_drop: 0.5]
[xgboost_dart_mode: 0]
[uniform_drop: 0]
[drop_seed: 11866]
[top_rate: 0.2]
[other_rate: 0.1]
[min_data_per_group: 100]
[max_cat_threshold: 32]
[cat_l2: 10]
[cat_smooth: 10]
[max_cat_to_onehot: 4]
[top_k: 20]
[monotone_constraints: ]
[monotone_constraints_method: basic]
[monotone_penalty: 0]
[feature_contri: ]
[forcedsplits_filename: ]
[refit_decay_rate: 0.9]
[cegb_tradeoff: 1]
[cegb_penalty_split: 0]
[cegb_penalty_feature_lazy: ]
[cegb_penalty_feature_coupled: ]
[path_smooth: 0]
[interaction_constraints: ]
[verbosity: 1]
[saved_feature_importance_type: 0]
[use_quantized_grad: 0]
[num_grad_quant_bins: 4]
[quant_train_renew_leaf: 0]
[stochastic_rounding: 1]
[linear_tree: 0]
[max_bin: 63]
[max_bin_by_feature: ]
[min_data_in_bin: 3]
[bin_construct_sample_cnt: 200000]
[data_random_seed: 20260812]
[is_enable_sparse: 1]
[enable_bundle: 1]
[use_missing: 1]
[zero_as_missing: 0]
[feature_pre_filter: 1]
[pre_partition: 0]
[two_round: 0]
[header: 0]
[label_column: ]
[weight_column: ]
[group_column: ]
[ignore_column: ]
[categorical_feature: ]
[forcedbins_filename: ]
[precise_float_parser: 0]
[parser_config_file: ]
[objective_seed: 16743]
[num_class: 1]
[is_unbalance: 0]
[scale_pos_weight: 1]
[sigmoid: 1]
[boost_from_average: 1]
[reg_sqrt: 0]
[alpha: 0.9]
[fair_c: 1]
[poisson_max_delta_step: 0.7]
[tweedie_variance_power: 1.5]
[lambdarank_truncation_level: 30]
[lambdarank_norm: 1]
[label_gain: ]
[lambdarank_position_bias_regularization: 0]
[eval_at: ]
[multi_error_top_k: 1]
[auc_mu_weights: ]
[num_machines: 1]
[local_listen_port: 12400]
[time_out: 120]
[machine_list_filename: ]
[machines: ]
[gpu_platform_id: 0]
[gpu_device_id: 0]
[gpu_use_dp: 1]
[num_gpu: 1]

end of parameters

pandas_categorical:null
