tree
version=v4
num_class=1
num_tree_per_iteration=1
label_index=0
max_feature_idx=157
objective=regression
feature_names=KMID KLEN KMID2 KUP KUP2 KLOW KLOW2 KSFT KSFT2 OPEN0 HIGH0 LOW0 VWAP0 ROC5 ROC10 ROC20 ROC30 ROC60 MA5 MA10 MA20 MA30 MA60 STD5 STD10 STD20 STD30 STD60 BETA5 BETA10 BETA20 BETA30 BETA60 RSQR5 RSQR10 RSQR20 RSQR30 RSQR60 RESI5 RESI10 RESI20 RESI30 RESI60 MAX5 MAX10 MAX20 MAX30 MAX60 MIN5 MIN10 MIN20 MIN30 MIN60 QTLU5 QTLU10 QTLU20 QTLU30 QTLU60 QTLD5 QTLD10 QTLD20 QTLD30 QTLD60 RANK5 RANK10 RANK20 RANK30 RANK60 RSV5 RSV10 RSV20 RSV30 RSV60 IMAX5 IMAX10 IMAX20 IMAX30 IMAX60 IMIN5 IMIN10 IMIN20 IMIN30 IMIN60 IMXD5 IMXD10 IMXD20 IMXD30 IMXD60 CORR5 CORR10 CORR20 CORR30 CORR60 CORD5 CORD10 CORD20 CORD30 CORD60 CNTP5 CNTP10 CNTP20 CNTP30 CNTP60 CNTN5 CNTN10 CNTN20 CNTN30 CNTN60 CNTD5 CNTD10 CNTD20 CNTD30 CNTD60 SUMP5 SUMP10 SUMP20 SUMP30 SUMP60 SUMN5 SUMN10 SUMN20 SUMN30 SUMN60 SUMD5 SUMD10 SUMD20 SUMD30 SUMD60 VMA5 VMA10 VMA20 VMA30 VMA60 VSTD5 VSTD10 VSTD20 VSTD30 VSTD60 WVMA5 WVMA10 WVMA20 WVMA30 WVMA60 VSUMP5 VSUMP10 VSUMP20 VSUMP30 VSUMP60 VSUMN5 VSUMN10 VSUMN20 VSUMN30 VSUMN60 VSUMD5 VSUMD10 VSUMD20 VSUMD30 VSUMD60
feature_infos=[-0.14947372674942017:0.222027987241745] [0:0.22217290103435516] [-1:1] [0:0.21226702630519867] [0:1] [0:0.19577737152576447] [0:1] [-0.21737830340862274:0.22217290103435516] [-1:1] [0.81831187009811401:1.1757426261901855] [1:1.2203390598297119] [0.80375176668167114:1] [0.89535439014434814:1.0984309911727905] [0.62103557586669922:1.5347062349319458] [0.58417785167694092:1.8924485445022583] [0.46860837936401367:2.2146341800689697] [0.45439684391021729:2.740487813949585] [0.36440131068229675:2.6513261795043945] [0.83368843793869019:1.2064073085784912] [0.71110033988952637:1.4220441579818726] [0.61736243963241577:1.7117466926574707] [0.56646168231964111:1.9959673881530762] [0.4937971830368042:1.8249267339706421] [0:0.15229916572570801] [0:0.2603875994682312] [0:0.36472421884536743] [0:0.57258552312850952] [0:0.50059491395950317] [-0.11732283234596252:0.079978801310062408] [-0.11732283234596252:0.079978801310062408] [-0.11732283234596252:0.079978801310062408] [-0.11732283234596252:0.079978801310062408] [-0.11732283234596252:0.079978801310062408] [0:1] [0:1] [0:1] [0:1] [0:1] [-0.087322920560836792:0.075261890888214111] [-0.18959152698516846:0.18788224458694458] [-0.29853948950767517:0.27287426590919495] [-0.40098747611045837:0.27581575512886047] [-0.96870207786560059:0.33257237076759338] [1:1.5713194608688354] [1:1.9298244714736938] [1:2.2439024448394775] [1:3.3160974979400635] [1:3.3160974979400635] [0.61784285306930542:1] [0.54045307636260986:1] [0.4660193920135498:1] [0.43721681833267212:1] [0.34951454401016235:1] [0.92685049772262573:1.3299539089202881] [0.84263509511947632:1.6361554861068726] [0.69682848453521729:2.054157018661499] [0.62161809206008911:2.423609733581543] [0.56576049327850342:2.2013657093048096] [0.73728358745574951:1.1517097949981689] [0.58504855632781982:1.2103414535522461] [0.49352750182151794:1.3664377927780151] [0.47533980011940002:1.5493515729904175] [0.39857602119445801:1.5099923610687256] [0.20000000298023224:1] [0.10000000149011612:1] [0.05000000074505806:1] [0.033333335071802139:1] [0.01666666753590107:1] [0:1] [0:1] [0:1] [0:1] [0:1] [0.20000000298023224:1] [0.10000000149011612:1] [0.05000000074505806:1] [0.033333335071802139:1] [0.01666666753590107:1] [0.20000000298023224:1] [0.10000000149011612:1] [0.05000000074505806:1] [0.033333335071802139:1] [0.01666666753590107:1] [-0.80000001192092896:0.80000001192092896] [-0.89999997615814209:0.89999997615814209] [-0.94999998807907104:0.94999998807907104] [-0.96666663885116577:0.96666663885116577] [-0.98333334922790527:0.98333334922790527] [-1:1] [-1:1] [-1:1] [-1:1] [-1:1] [-1:1] [-1:1] [-1:1] [-1:1] [-1:1] [0:1] [0:1] [0:0.94999998807907104] [0:0.91666668653488159] [0:0.91666668653488159] [0:1] [0:1] [0:0.89999997615814209] [0:0.8571428656578064] [0:0.8571428656578064] [-1:1] [-1:1] [-0.83333331346511841:0.91666668653488159] [-0.83333331346511841:0.91666668653488159] [-0.83333331346511841:0.91666668653488159] [0:1] [0:1] [0:1] [0:1] [0:1] [0:1] [0:1] [0:1] [0:1] [0:1] [-1:1] [-1:1] [-1:1] [-1:1] [-1:1] [0.20004743337631226:15222.455078125] [0.10012400150299072:19018.634765625] [0.050104878842830658:17437.12890625] [0.033520448952913284:22716.572265625] [0.017187755554914474:26107.111328125] [0.00080492562847211957:21624.73828125] [0.0021778203081339598:58684.484375] [0.0021778203081339598:44502.63671875] [0.0021778203081339598:36894.8125] [0.0021778203081339598:26550.70703125] [0:2.2360680103302002] [0:3.1615598201751709] [0:4.4708261489868164] [0:5.4658303260803223] [0:7.5986995697021484] [0:1] [0:1] [0:1] [0:1] [0:1] [0:1] [0:1] [0:1] [0:1] [0:1] [-1:1] [-1:1] [-1:1] [-1:1] [-1:1]
tree_sizes=3099 3116 3043 3088 3037 3082 3053 3109 3069 3069 3034 3063 3051 3106 3031 3057 3106 3081 2979 3018 3097 3052 3099 3074 3072 3099 3062 3080 3092 3070 3059 3058 3113 3091 3116 3070 3069 3120 3100 3121 3076 3022 3066 3024 3136 2986 3061 3093 3057 3079 3018 3074 3033 3069 3046 3047 3061 3092 3008 3117 3053 3017

Tree=0
num_leaves=31
num_cat=0
split_feature=16 26 29 41 10 40 71 22 54 42 14 36 35 115 23 115 140 25 78 20 123 72 68 40 23 98 35 45 118 123
split_gain=168.038 115.412 75.5566 78.9459 101.362 68.8611 85.0163 76.0147 70.3193 62.1563 62.2804 60.0838 56.335 54.8781 51.8574 49.949 49.0817 45.2146 44.3806 43.7846 42.6216 41.0708 40.9928 40.1741 36.2355 37.7147 32.7147 32.3392 31.7462 30.1229
threshold=1.2143567204475405 0.016427481546998027 -0.00023262187460204584 -0.029736317694187161 1.0231230258941653 -0.029515109956264492 0.58064493536949169 1.094093978404999 1.0407379269599917 0.067289590835571303 0.98381873965263378 0.80522325634956371 0.90222644805908214 0.74566438794136058 0.017259761691093448 0.63084763288497936 0.78484579920768749 0.040555644780397422 0.5000000149011613 0.99386414885520946 -0.1860467121005058 0.73770445585250866 0.27500036358833319 0.020672970451414589 0.028255109675228599 0.55000001192092907 0.76629295945167553 1.1517949104309084 0.40824866294860845 -0.34883679449558253
decision_type=10 10 10 10 10 10 10 10 10 10 8 10 10 10 10 10 10 10 10 10 10 10 10 10 10 2 10 10 10 8
left_child=1 28 3 18 9 6 20 8 13 10 -5 -2 23 -7 -13 -11 -16 19 29 -9 -4 26 -23 -6 -8 -26 -20 -18 -1 -3
right_child=11 2 5 4 12 7 24 17 -10 15 -12 14 -14 -15 16 -17 27 -19 21 -21 -22 22 -24 -25 25 -27 -28 -29 -30 -31
leaf_value=0.0023221411928965288 0.0025461686801593946 -0.008517215259166655 -0.00014586917907330731 -0.0053537376670344597 -0.0058796027820677728 0.00018683458938820212 0.0051192902480135137 -0.0021414465062372626 -0.013424865698179855 -1.1020315907529805e-09 -0.0010560378702571167 -1.1020315907529805e-09 0.0069192636136243702 -0.0022244600828512724 0.00030674476683525709 0.019155457024115974 -1.1020315907529805e-09 0.00079188977841385816 -1.1020315907529805e-09 0.011044318257634722 -0.017286012498628416 0.009366880276831302 -1.1020315907529805e-09 -0.019989753105574822 0.021636318481054215 0.00031787993217266265 0.0032667070255042105 0.01738531572995872 0.00064386449583986175 -0.00092583777724071612
leaf_weight=17046 2018 733 875 3205 4064 82243 2469 228 336 232 67137 310 255 9445 276 221 132 1388 19883 1172 142 947 701 197 265 142 3187 1006 26822 1565
leaf_count=17046 2018 733 875 3205 4064 82243 2469 228 336 232 67137 310 255 9445 276 221 132 1388 19883 1172 142 947 701 197 265 142 3187 1006 26822 1565
internal_value=6.82084e-06 -8.86215e-05 -0.000394015 -0.000965645 -0.00146551 0.000195628 0.00409631 3.14718e-05 -0.000113687 -0.00118127 -0.00125758 0.00630017 -0.00583053 -5.87183e-05 0.0104428 0.00958729 0.0128519 0.00489627 0.000416769 0.00868574 -0.00311561 0.000798314 0.0053616 -0.00669238 0.00675406 0.0152643 0.000454982 0.0155776 0.0013036 -0.0035293
internal_weight=248642 244900 201032 102327 75311 98705 3893 94812 92024 70795 70342 3742 4516 91688 1724 453 1414 2788 27016 1400 1017 24718 1648 4261 2876 407 23070 1138 43868 2298
internal_count=248642 244900 201032 102327 75311 98705 3893 94812 92024 70795 70342 3742 4516 91688 1724 453 1414 2788 27016 1400 1017 24718 1648 4261 2876 407 23070 1138 43868 2298
is_linear=0
shrinkage=1


Tree=1
num_leaves=31
num_cat=0
split_feature=16 26 29 41 10 57 36 55 25 10 60 140 13 42 0 36 83 115 137 43 71 30 15 33 42 44 105 65 16 4
split_gain=152.433 117.217 77.3252 68.6723 67.424 60.6203 54.5935 49.7745 56.3267 95.0932 55.7118 47.7225 47.4277 52.1702 44.7143 44.3365 42.9494 42.8865 42.5015 41.4856 47.4661 39.3767 37.9375 38.5074 35.9551 34.3995 45.1951 32.9815 32.7701 30.6208
threshold=1.2143567204475405 0.016427481546998027 -0.0015262171509675679 -0.028081166557967659 1.015477240085602 1.1708310246467593 0.80522325634956371 0.93828159570693981 0.041804673150181777 1.0170316100120547 0.85934346914291393 0.76398342847824108 0.98275861144065868 0.019687831401824955 -0.030035337433218953 0.79550671577453624 -0.3000000044703483 0.30973456799983984 0.52163839340209972 1.1288374066352846 0.18918903917074206 -0.0055244772229343644 1.1176868081092837 0.89876779913902294 0.063557017594575896 1.0562025904655459 0.48684211075305944 0.64087301492691051 0.97558680176734935 0.34285537898540502
decision_type=10 10 10 10 10 10 10 10 10 10 10 10 8 10 10 10 10 10 10 10 10 10 10 10 10 10 2 10 10 10
left_child=1 27 3 16 18 7 -2 10 14 -10 15 -8 13 -6 -9 -4 19 -14 24 29 -21 -13 23 -7 -5 -18 -27 -1 -29 -3
right_child=6 2 5 4 12 22 11 8 9 -11 -12 21 17 -15 -16 -17 25 -19 -20 20 -22 -23 -24 -25 -26 26 -28 28 -30 -31
leaf_value=0.00056905589090406141 0.0023880615134590777 0.0015433124144890412 -0.01319887259110601 -0.0019765333035788256 -0.017903297269916896 0.0065460298327914444 -0.00035132224000805357 -0.005826304505407956 9.5503551057628155e-05 0.0056003276884766789 0.0010548220084545209 0.013600627277456307 -0.00046657224873586974 0.0014028403334892712 -0.00012146674457397434 -0.00039320757675569032 0.001881431941425313 -0.004851836072560841 1.7090998592689093e-05 -0.00027897848338847431 -0.014784435716806196 -0.0023716255534377731 -0.0016588620127746621 -0.0040254938338730424 0.010544301718264929 -0.010043920493252841 -0.0015893668707257027 0.00089277541122882807 0.0034424716165343525 -0.0009333361662911666
leaf_weight=24881 2004 16554 748 29550 406 2701 282 1236 8861 4207 798 1332 3198 136 98207 431 903 6232 15967 660 306 114 809 300 181 917 1756 9043 10001 5988
leaf_count=24881 2004 16554 748 29550 406 2701 282 1236 8861 4207 798 1332 3198 136 98207 431 903 6232 15967 660 306 114 809 300 181 917 1756 9043 10001 5988
internal_value=-3.6475e-06 -9.67556e-05 -0.000404647 -0.00110822 -0.0017112 8.50992e-05 0.00599616 -3.65007e-05 4.41798e-05 0.00189645 -0.00473271 0.00993372 -0.00395747 -0.0126476 -0.000196547 -0.00885244 0.000120449 -0.00340054 -0.00121295 0.000597669 -0.00538482 0.0121216 0.00379854 0.00537027 -0.00188319 -0.00291916 -0.00465424 0.00130523 0.0022497 0.000871881
internal_weight=248709 244977 201052 82754 55670 118298 3732 114488 112511 13068 1977 1728 9972 542 99443 1179 27084 9430 45698 23508 966 1446 3810 3001 29731 3576 2673 43925 19044 22542
internal_count=248709 244977 201052 82754 55670 118298 3732 114488 112511 13068 1977 1728 9972 542 99443 1179 27084 9430 45698 23508 966 1446 3810 3001 29731 3576 2673 43925 19044 22542
is_linear=0
shrinkage=0.03


Tree=2
num_leaves=31
num_cat=0
split_feature=16 26 37 33 44 60 16 39 30 17 14 18 35 36 70 2 32 86 39 46 38 93 87 2 46 8 123 129 116 1
split_gain=167.061 93.3654 62.2256 76.6953 73.5324 64.0532 83.226 59.4314 56.3585 55.4554 62.4955 54.5885 77.3533 49.2872 44.1307 44.0741 64.4721 50.6453 48.9577 45.539 53.319 40.5992 37.4238 36.6931 36.4423 31.9466 30.326 28.8455 27.4887 33.3129
threshold=1.2324137687683108 0.016427481546998027 0.73220279812812816 0.37435014545917517 1.0325039625167849 0.84668907523155224 0.8226420283317567 -0.011809470131993292 -0.0067907986231148234 0.82453468441963207 0.91377764940261852 1.0280456542968752 0.79215264320373546 0.7727378010749818 0.15053769201040271 0.88889041543006908 -0.0034982494544237848 0.81666666269302379 0.016229839995503429 1.0688136816024782 -0.01710159424692392 0.2807918787002564 -0.77500000596046437 0.8305092751979829 1.0080248713493349 -0.090919140726327882 0.2352935001254082 0.72199073433876049 0.38461543619632726 0.059238541871309287
decision_type=10 10 10 8 10 10 8 10 10 8 8 10 10 10 10 10 10 2 10 10 10 8 2 10 10 10 8 10 10 10
left_child=1 26 3 4 9 13 7 -7 28 -3 -11 14 -13 23 -6 17 22 18 21 20 -19 -4 -17 -5 -8 -20 -1 -21 29 -2
right_child=8 2 15 5 11 6 24 -9 -10 10 -12 12 -14 -15 -16 16 -18 19 25 27 -22 -23 -24 -25 -26 -27 -28 -29 -30 -31
leaf_value=0.00058563599111574572 0.0079656068435434886 -0.0098293881700250336 -0.00036177522152356734 -0.015856546643222363 -5.3282025042539781e-05 0.019051883199527449 0.0017356031461170983 0.0032974342989068274 0.00061138248059564948 0.0078431639246661355 -0.00054907686061087403 -0.017306465940375344 0.0083543449616432196 0.00096182506464953933 -0.0031301790319335538 0.019472829623762466 0.0012556062108039169 -0.012089081114217031 -0.0076379960143952465 0 0.0028216618135421746 0.0016687425315479289 0.0042117810804299565 0 -0.00033400332085792631 -0.0014743253193069755 0.0022514885361213212 0.014586446118151672 -0.00045428640153370573 0.018237254224020026
leaf_weight=28296 1276 544 22797 521 5570 301 8369 905 884 799 28338 460 105 337 19880 327 1893 201 941 117 4449 14311 382 147 85148 4764 15683 444 147 498
leaf_count=28296 1276 544 22797 521 5570 301 8369 905 884 799 28338 460 105 337 19880 327 1893 201 941 117 4449 14311 382 147 85148 4764 15683 444 147 498
internal_value=1.85123e-05 -6.35657e-05 -0.000337399 -0.000642729 -0.00152815 -0.000124236 -4.03263e-05 0.00772087 0.00727333 -0.000494628 -0.000303432 -0.0026945 -0.0119022 -0.00758507 -0.00246912 0.000569822 0.00436773 0.00035607 8.56437e-06 0.00314284 0.00206388 0.000413707 0.012003 -0.0122356 -0.000145252 -0.00256651 0.00118725 0.0111909 0.0101466 0.0111875
internal_weight=248834 246029 202050 151424 55696 95728 94723 1206 2805 29681 29137 26015 565 1005 25450 50626 2602 48024 42813 5211 4650 37108 709 668 93517 5705 43979 561 1921 1774
internal_count=248834 246029 202050 151424 55696 95728 94723 1206 2805 29681 29137 26015 565 1005 25450 50626 2602 48024 42813 5211 4650 37108 709 668 93517 5705 43979 561 1921 1774
is_linear=0
shrinkage=0.03


Tree=3
num_leaves=31
num_cat=0
split_feature=16 26 27 86 35 36 44 43 68 44 16 3 35 50 45 28 16 54 86 12 38 18 50 1 54 29 23 23 140 38
split_gain=149.488 98.068 69.509 67.1982 76.0939 60.7072 58.8319 51.0645 49.3366 63.5871 56.2474 56.022 48.0771 46.8546 46.6646 71.8716 54.9417 47.857 53.5352 46.5295 50.5318 44.5064 51.7053 43.7915 44.4646 42.8175 38.4908 38.3577 39.7677 38.2429
threshold=1.2324137687683108 0.019953023642301563 0.075391694903373732 -0.81666666269302357 0.55948060750961315 0.80522325634956371 1.0500894188880923 1.0109729170799258 0.34782613813877111 1.0388209223747256 0.88659656047821056 0.016789064742624763 0.72783526778221141 0.85203352570533764 1.1128508448600771 -0.013522357679903505 1.1659321784973147 1.0860624313354494 -0.74999999999999989 0.99169394373893749 -0.0027972055831924077 0.94392621517181408 0.86468487977981578 0.022081951610744003 1.0476354360580447 -0.0020586687605828042 0.025921931490302089 0.014078890439122917 0.72480741143226635 -0.010500553064048289
decision_type=10 10 10 2 10 10 10 8 10 10 8 10 10 10 10 10 10 10 2 10 10 10 10 10 10 10 10 10 10 10
left_child=1 7 3 4 6 -2 -3 26 12 11 -11 -10 29 -14 15 -4 19 25 -19 -16 -21 -17 -23 -9 -25 -18 -1 -7 -29 -5
right_child=5 2 14 8 -6 27 -8 23 9 10 -12 -13 13 -15 16 21 17 18 -20 20 -22 22 -24 24 -26 -27 -28 28 -30 -31
leaf_value=0.0017585372991764624 0.0026055751173334825 -0.0011965864878604729 0.010148455288208015 -0.0029029105466770832 -0.00095033347215914808 -0.0029466918975442477 -0.0074116161259556931 0.00060782713883485173 -0.0006142316535717214 -0.0091527720499383885 -0.0020388382118594448 0.0044707849555197746 0.013861492925882339 0.0016677144714593208 0.003507326286745366 -0.010081219589385711 -0.0029745858182870645 0.014696840545094254 -0.002664283778518438 -0.00081120369305371243 -0.0078197701060948154 0.004079740690901658 0.00042420047612594321 -0.0030792272990250529 0.0052649730410957649 0.0064789126075080472 0.01762287742100083 0 0.015540000328950327 0.00013846535522426783
leaf_weight=29185 1536 2342 891 4172 11675 104 3824 35401 66040 1084 15930 1978 280 11236 779 271 1318 470 190 2026 1879 5259 10906 5335 602 616 123 141 1004 32057
leaf_count=29185 1536 2342 891 4172 11675 104 3824 35401 66040 1084 15930 1978 280 11236 779 271 1318 470 190 2026 1879 5259 10906 5335 602 616 123 141 1004 32057
internal_value=2.3897e-05 -5.34519e-05 -0.000435035 -0.000677755 -0.0024092 0.00691116 -0.00511099 0.000888596 -0.000442516 -0.00087673 -0.00251991 -0.000460677 0.000324564 0.00201372 0.00103792 0.00188986 -0.000948831 0.00247993 0.0093264 -0.00291393 -0.00428267 0.00141214 0.00163557 0.000201059 -0.00216795 0 0.00184732 0.0118452 0.0134738 -0.000204901
internal_weight=248654 245869 175223 150618 17841 2785 6166 70646 132777 85032 17014 68018 47745 11516 24605 17327 7278 2594 660 4684 3905 16436 16165 41338 5937 1934 29308 1249 1145 36229
internal_count=248654 245869 175223 150618 17841 2785 6166 70646 132777 85032 17014 68018 47745 11516 24605 17327 7278 2594 660 4684 3905 16436 16165 41338 5937 1934 29308 1249 1145 36229
is_linear=0
shrinkage=0.03


Tree=4
num_leaves=31
num_cat=0
split_feature=16 26 29 125 50 34 9 41 10 36 9 41 22 24 35 138 60 125 83 38 78 42 35 26 42 10 44 35 13 51
split_gain=128.536 97.3079 66.2865 66.1044 75.356 75.6137 74.6965 64.9933 66.523 61.6648 57.5209 56.5089 62.6189 52.9145 50.1133 42.6112 43.8266 41.6875 42.0776 40.8437 40.3104 39.96 36.7078 35.807 34.9799 34.7099 38.028 34.2439 35.9443 87.8808
threshold=1.2143567204475405 0.016427481546998027 -0.00041657742985989893 0.49132412672042852 0.87003377079963695 0.10390008240938188 0.9727265238761903 -0.028081166557967659 1.0227537751197817 0.80522325634956371 1.0083165168762209 0.063561715185642256 1.0981040596961977 0.036425879225134856 0.88977941870689403 1.3129743337631228 0.89774706959724437 -0.43859724700450892 -1.0000000180025095e-35 -0.013978510629385708 0.30000000447034841 -0.0022334883688017722 0.76288050413131725 0.028858055360615257 -0.0022334883688017722 1.0176338553428652 1.0319074392318728 0.73443302512168895 1.1131682991981509 0.95600000023841869
decision_type=10 10 10 10 10 10 10 10 10 10 10 10 10 10 10 10 10 8 10 10 10 10 10 10 8 10 10 10 8 10
left_child=1 24 7 4 5 22 15 27 17 -2 -7 12 -6 19 21 16 -5 18 -9 -11 -15 -10 -4 -19 -1 26 -8 28 -3 -30
right_child=9 2 3 6 11 10 25 8 14 13 -12 -13 -14 20 -16 -17 -18 23 -20 -21 -22 -23 -24 -25 -26 -27 -28 -29 29 -31
leaf_value=0.00024049437280513592 0.0017071891897217685 7.3685272723345775e-05 0.006233678652080449 -0.014609876829193923 8.9012744634640875e-05 0.00066286201730370194 -0.0013586438916576903 -5.712529268402117e-05 -0.007492930401703176 -0.012659056621511306 0.0064374032640772344 -0.0060873309909752022 0.0052143444020898069 0.029577254382715482 0.005492740725225799 0.0022744263754303161 0 -0.00075100964915461935 0.0057589578231488176 0.0059691117936708383 0.010646583923352831 0 0.019706316688608536 -0.0022720716475844813 0.0019674431936883064 0.0034463084595900656 -0.011325530204265577 0.0026200420145471083 -0.019183088183130356 0
leaf_weight=19198 2021 23489 874 816 77640 7722 6925 6631 3169 101 1978 1271 2192 137 332 198 202 32703 1304 611 915 811 281 25425 24691 1225 356 4750 284 693
leaf_count=19198 2021 23489 874 816 77640 7722 6925 6631 3169 101 1978 1271 2192 137 332 198 202 32703 1304 611 915 811 281 25425 24691 1225 356 4750 284 693
internal_value=2.49196e-05 -5.87862e-05 -0.000339074 0.000197316 0.000448873 0.00279525 -0.00214734 -0.000889656 -0.00138409 0.00549733 0.00188208 0.000130519 0.00023477 0.00960367 -0.00500686 -0.00907433 -0.011572 -0.00114164 0.000873026 0.00264312 0.0138976 -0.00598079 0.0100464 -0.00142203 0.00121932 -0.00110292 -0.00191675 0.000291195 -0.000150462 -0.00573369
internal_weight=248945 245160 201271 101680 91958 10855 9722 99591 70375 3785 9700 81103 79832 1764 4312 1216 1018 66063 7935 712 1052 3980 1155 58128 43889 8506 7281 29216 24466 977
internal_count=248945 245160 201271 101680 91958 10855 9722 99591 70375 3785 9700 81103 79832 1764 4312 1216 1018 66063 7935 712 1052 3980 1155 58128 43889 8506 7281 29216 24466 977
is_linear=0
shrinkage=0.03


Tree=5
num_leaves=31
num_cat=0
split_feature=16 26 39 36 56 27 38 33 86 8 58 45 81 72 58 81 42 2 38 17 59 39 10 54 5 138 17 121 68 40
split_gain=136.064 98.2186 60.6415 51.6165 51.9809 50.084 56.6073 50.735 53.1255 48.7979 57.1938 58.394 51.9193 67.4914 47.4724 43.4059 42.3834 42.198 44.1355 39.8926 34.304 34.0678 29.7985 36.5111 32.1286 29.4215 27.2419 45.7878 26.6837 25.9001
threshold=1.2143567204475405 0.019953023642301563 0.015845593996346 0.80522325634956371 1.175767779350281 0.073718525469303145 -0.022392359562218186 0.37435014545917517 -0.81666666269302357 0.57143130898475658 0.96434569358825695 1.116040110588074 0.61666667461395275 0.37500010430812841 0.97697970271110546 0.41666667163372045 -0.062586221843957887 -0.22222948074340818 -0.00010359653242630883 1.2436594963073733 0.891848385334015 -0.010538403410464523 1.0202021002769472 1.0476354360580447 0.0053616345394402751 0.94682839512825023 1.1505572199821474 0.57683616876602184 0.90322095155715953 0.04771095514297486
decision_type=10 10 10 10 10 10 8 8 2 10 10 10 2 10 8 2 10 10 10 10 10 10 10 10 10 10 10 10 10 10
left_child=1 14 5 -2 -5 6 25 16 -9 10 21 -12 15 -14 28 -11 -8 29 -19 20 -20 -7 24 -24 26 -3 -16 -28 -1 -4
right_child=3 2 17 4 -6 9 7 8 -10 12 11 -13 13 -15 22 -17 -18 18 19 -21 -22 -23 23 -25 -26 -27 27 -29 -30 -31
leaf_value=0.00099412409353519119 0.0021324413069370475 -0.014213414555501109 -0.007613139986359603 0 0.012280557882929104 -0.020920641495237001 0.0038408014468038136 -0.0019277885786246052 0.00032877618842693895 0.0036340451754010234 0.0021189918791912807 -0.0019806876330541322 0.0038443902520500974 0.019018545761002672 0.0012126101849077927 -0.0050086564790397066 -0.0013688191737780142 0.00154211203068847 -0.009907259797388367 0.0042991666350273728 -0.0021195504470838348 -0.0037358008622025663 -0.0036356057596132734 0.0053622588003410894 -0.00049477843025216633 -0.0016490028197087146 -0.010946303326437642 0.0059494237398728727 0.0051788731787808335 0.0025003814051727212
leaf_weight=2661 1976 388 1616 395 1335 113 1403 10788 71326 2246 10335 4397 921 406 46718 639 45492 3504 531 795 17610 1028 2652 437 14030 400 397 180 3383 206
leaf_count=2661 1976 388 1616 395 1335 113 1403 10788 71326 2246 10335 4397 921 406 46718 639 45492 3504 531 795 17610 1028 2652 437 14030 400 397 180 3383 206
internal_value=-8.8426e-06 -9.67114e-05 -0.000480188 0.00567951 0.00948887 -0.000252519 -0.000469912 -0.00041782 2.82627e-05 0.0011365 0.000352098 0.000874015 0.00400603 0.00892314 0.000846701 0.0015952 -0.00120499 -0.00187292 -0.00149547 -0.00207442 -0.00237468 -0.00602719 0.000601931 -0.00223988 0.00075065 -0.00840551 0.0011265 -0.00515029 0.00339528 -0.00629208
internal_weight=248308 244602 174144 3706 1730 149882 129797 129009 82114 20085 15873 14732 4212 1327 70458 2885 46895 24262 22440 18936 18141 1141 64414 3089 61325 788 47295 577 6044 1822
internal_count=248308 244602 174144 3706 1730 149882 129797 129009 82114 20085 15873 14732 4212 1327 70458 2885 46895 24262 22440 18936 18141 1141 64414 3089 61325 788 47295 577 6044 1822
is_linear=0
shrinkage=0.03


Tree=6
num_leaves=31
num_cat=0
split_feature=16 25 29 22 41 20 25 1 9 58 10 42 125 15 53 36 78 77 35 43 42 24 33 126 76 71 123 86 1 28
split_gain=136.775 89.7341 71.8345 81.5557 62.7604 59.1907 76.3728 106.425 67.7076 64.289 58.7306 55.7336 59.3924 55.9929 48.4442 48.4393 45.5285 42.6767 40.3894 39.9408 39.3212 39.1226 37.7853 36.6293 36.1687 34.5797 34.2511 32.0774 28.5853 47.2202
threshold=1.2324137687683108 0.012630988378077747 -0.00023262187460204584 1.1001278758049013 -0.030334242619574067 0.89811113476753246 0.042718179523944862 0.021326982416212562 1.0310895442962649 0.9726911485195161 1.0227537751197817 0.067289590835571303 -0.43859724700450892 0.9097348451614381 1.0020835995674136 0.80522325634956371 0.5000000149011613 0.025000001303851608 0.91165670752525341 1.1288374066352846 -0.0022334883688017722 0.037798952311277396 0.56077089905738842 -0.44339638948440546 0.18333333730697635 0.18918903917074206 -0.15044255554676053 -0.84999999403953541 0.017082809470593933 0.001555428665596992
decision_type=10 10 10 10 10 10 10 10 10 10 10 10 8 8 10 10 10 2 10 10 10 10 10 10 2 10 8 2 8 8
left_child=1 28 4 5 16 9 8 -8 -7 14 11 12 -6 -13 -4 -2 17 -3 20 23 -12 22 -17 -18 -5 -21 -19 -23 -1 -30
right_child=15 2 3 24 10 6 7 -9 -10 -11 18 13 -14 -15 -16 21 19 26 -20 25 -22 27 -24 -25 -26 -27 -28 -29 29 -31
leaf_value=0.0016608634964301761 0.0026339955396408946 0.0076529447802296665 -0.004975686317110168 0.008002031722735347 0.0011391730552297796 -1.2377402987956851e-05 -0.0026615219705527706 0.0042223574546437588 -0.0077766126998750447 0.0094731256107848088 -0.0062794275779454213 0.022047028880086778 -0.0014863059155803071 0 -0.0219591203633141 -0.0055705458568409087 0.0078772357890049306 -0.0088095517493770245 0.0076809907722291092 -0.00070846042421101349 0.00028216028267993252 0.0064286149310185175 0.010481200359175623 0.00077210750882745365 0 -0.012870927139402496 -0.00043798482871093488 0.020773745136311091 -0.0023025241317234978 0.0024323583214602494
leaf_weight=29914 1513 224 1618 1698 8661 85604 2598 8303 1004 211 4050 164 64843 295 168 200 665 1088 201 713 920 349 270 22891 695 321 865 438 4640 3148
leaf_count=29914 1513 224 1618 1698 8661 85604 2598 8303 1004 211 4050 164 64843 295 168 200 665 1088 201 713 920 349 270 22891 695 321 865 438 4640 3148
internal_value=-3.03172e-05 -0.000106573 -0.000352027 0.000214217 -0.000899642 7.89901e-05 0.000187142 0.00255241 -0.000107622 -0.00500258 -0.0013251 -0.00110286 -0.00117264 0.00902831 -0.00696483 0.00657293 0.000347037 -0.00376936 -0.00442969 0.000726427 -0.00500842 0.0109636 0.00308985 0.000991927 0.00566564 -0.00494145 -0.00529579 0.015101 0.0012378 -0.00034888
internal_weight=248272 245502 207800 101899 105901 99506 97509 10901 86608 1997 79134 73963 73504 459 1786 2770 26767 2177 5171 24590 4970 1257 470 23556 2393 1034 1953 787 37702 7788
internal_count=248272 245502 207800 101899 105901 99506 97509 10901 86608 1997 79134 73963 73504 459 1786 2770 26767 2177 5171 24590 4970 1257 470 23556 2393 1034 1953 787 37702 7788
is_linear=0
shrinkage=0.03


Tree=7
num_leaves=31
num_cat=0
split_feature=16 26 39 27 33 13 8 58 67 81 50 44 85 52 45 36 24 33 60 117 11 33 32 40 0 27 42 69 3 38
split_gain=102.551 89.6262 54.0089 59.6475 59.6964 52.1153 43.269 95.2589 50.6841 98.235 48.8851 42.8138 53.4289 47.5955 41.1922 41.0844 55.015 49.1767 64.8643 39.5834 37.6273 32.2609 45.9923 49.5933 52.7809 36.695 33.9669 39.685 36.3956 33.6255
threshold=1.2143567204475405 0.019186821766197685 0.015845593996346 0.06826533749699594 0.37435014545917517 0.91273748874664318 0.57143130898475658 0.96434569358825695 0.072077922523021712 0.71666666865348827 0.86183893680572521 1.0399439334869387 -0.37499999999999994 0.78784489631652843 1.0305424332618716 0.80522325634956371 0.035224618390202529 0.55611684918403637 1.0146909356117251 0.56107434630393993 0.98539212346076976 0.88149064779281627 -0.0041120541281998149 0.034591676667332656 -0.011494248639792202 0.033568350598216064 0.10747681930661203 0.90510961413383495 0.017348195426166061 -0.0012717535137198863
decision_type=10 10 10 10 8 8 10 10 10 2 10 10 2 10 8 10 10 10 10 8 10 10 10 10 10 10 10 10 10 10
left_child=1 14 3 4 11 -6 7 20 -8 -10 -9 13 -13 -3 -1 -2 17 18 -17 -7 -5 22 -4 24 -24 -25 27 28 -23 -29
right_child=15 2 21 6 5 19 8 10 9 -11 -12 12 -14 -15 -16 16 -18 -19 -20 -21 -22 26 23 25 -26 -27 -28 29 -30 -31
leaf_value=0.001509095754322051 0.0017372105010447891 -0.0060053863338324232 0.0017521991736733867 -0.00081912202814966438 -0.0090581910862854997 -0.00026377083028493968 -0.0071615790692740123 0.0045622793373775094 0.0022196257169039041 0.013349566758163397 0.00031955645625457652 -0.00093874592935703127 -0.0045895210869933692 -0.0004746275580474304 -1.1461932622229824e-05 0.0051082041143537173 0.012466889916372051 0.0087522089445340734 -0.020118855553325907 0.0014757695337887099 -0.01131747866802104 -0.0029456377089821157 -0.012004169408474675 0.0010760915413173654 -0.0015120052779586427 -0.0067805914632989277 -0.0074121336777620813 0.011342674926453238 0.0093030781352915516 0.0018760672910947773
leaf_weight=36377 1997 1463 2194 605 551 67625 340 2899 4176 874 16361 7841 7113 30879 27966 152 1069 349 154 14223 794 1712 437 547 13716 3598 397 502 223 1297
leaf_count=36377 1997 1463 2194 605 551 67625 340 2899 4176 874 16361 7841 7113 30879 27966 152 1069 349 154 14223 794 1712 437 547 13716 3598 397 502 223 1297
internal_value=-3.91643e-05 -0.000115712 -0.000459701 -0.000250932 -0.00051562 -2.42131e-05 0.0010548 0.000412378 0.003451 0.00425011 0.000977798 -0.00136504 -0.00269911 -0.00073764 0.000843742 0.0048885 0.00830501 0.000899993 -0.00712291 3.51371e-05 -0.0070644 -0.00176674 -0.00225709 -0.00275559 -0.00187362 -0.00567156 0.000592532 0.00155846 -0.00129984 0.00477826
internal_weight=248431 244710 180367 155744 129695 82399 26049 20659 5390 5050 19260 47296 14954 32342 64343 3721 1724 655 306 81848 1399 24623 20492 18298 14153 4145 4131 3734 1935 1799
internal_count=248431 244710 180367 155744 129695 82399 26049 20659 5390 5050 19260 47296 14954 32342 64343 3721 1724 655 306 81848 1399 24623 20492 18298 14153 4145 4131 3734 1935 1799
is_linear=0
shrinkage=0.03


Tree=8
num_leaves=31
num_cat=0
split_feature=16 25 29 41 20 14 28 35 137 33 55 138 13 32 36 56 42 77 57 53 97 14 4 36 140 47 1 28 93 156
split_gain=104.995 89.4924 62.4904 72.6565 62.9527 91.5342 58.7044 69.2079 55.218 51.9501 58.5635 51.9993 48.467 49.8744 46.3727 45.0617 41.5337 41.0778 40.9756 40.5911 43.3016 39.7802 37.8585 46.1264 33.1686 28.8589 28.2519 43.2895 26.8117 25.1325
threshold=1.2143567204475405 0.012404591776430609 -0.00046248409489635373 -0.028081166557967659 0.89811113476753246 0.86820787191391002 -0.012024289462715386 0.66434210538864147 0.53520020842552196 0.95544949173927318 0.93828159570693981 1.0667964816093447 0.95887318253517162 -0.00017328244575764981 0.80522325634956371 1.1678353548049929 0.067289590835571303 0.041666667908430106 1.1708310246467593 1.0012550354003908 0.18424877524375918 0.98567825555801403 0.39999775588512426 0.76329568028450023 0.78484579920768749 1.1101084947586062 0.016908189281821254 0.001555428665596992 -0.15774770081043241 -0.014063388109207152
decision_type=10 10 10 10 10 8 8 10 10 10 10 10 10 10 10 10 10 2 8 10 10 8 8 10 10 10 10 8 10 8
left_child=1 26 3 19 9 12 7 -7 16 10 11 -4 13 -6 -2 -16 21 -18 -8 20 -3 -5 23 -21 -17 -24 -1 -28 -12 -10
right_child=14 2 4 8 5 6 18 -9 29 -11 28 -13 -14 -15 15 24 17 -19 -20 22 -22 -23 25 -25 -26 -27 27 -29 -30 -31
leaf_value=0.0017497716116134205 0.0016626572176921183 0.00054676301695534655 -0.016111448762926674 -0.0059106674964791491 0.023510529541789497 0.0011720745217652106 3.792768156764136e-05 0.014865696964790431 0.00050200458207115268 0.0072639332329909366 -0.010283558378303116 -0.0012758859248380317 0 0.00014254414512703339 -0.0012121222929338054 0.00077875321758448242 0.017778773568863177 -0.0013789638333867782 0.0035878012851868783 0.00076480202748433303 -0.012343138289809423 -0.0017993118622098968 0.00065908219974848757 0.0056109351539129137 0.01313959408651052 -0.0033907381672971279 -0.0021580017689254655 0.0025199788166867122 0.0028868753448597143 -0.0015020968439434206
leaf_weight=28534 1987 394 686 2284 297 1047 98923 511 16369 234 162 376 212 147 290 302 171 153 3003 20444 436 45834 2876 1953 1136 3236 4527 2883 566 8499
leaf_count=28534 1987 394 686 2284 297 1047 98923 511 16369 234 162 376 212 147 290 302 171 153 3003 20444 436 45834 2876 1953 1136 3236 4527 2883 566 8499
internal_value=1.41004e-05 -6.08615e-05 -0.000300065 -0.000828371 0.000207983 0.000312973 0.000238086 0.00598497 -0.00133418 -0.00499745 -0.00682864 -0.0112569 0.011326 0.01676 0.00500705 0.00861806 -0.00192453 0.00830577 0.000146142 0.000425343 -0.00600248 -0.00200307 0.000627072 0.00120539 0.0107957 -0.00144024 0.00131982 -0.000295684 0 -0.000171529
internal_weight=248472 244757 208813 102649 106164 104140 103484 1558 73310 2024 1790 1062 656 444 3715 1728 48442 324 101926 29339 830 48118 28509 22397 1438 6112 35944 7410 728 24868
internal_count=248472 244757 208813 102649 106164 104140 103484 1558 73310 2024 1790 1062 656 444 3715 1728 48442 324 101926 29339 830 48118 28509 22397 1438 6112 35944 7410 728 24868
is_linear=0
shrinkage=0.03


Tree=9
num_leaves=31
num_cat=0
split_feature=22 17 37 45 15 38 62 78 86 138 39 17 33 54 53 24 38 1 11 14 24 24 36 8 50 13 3 49 35 82
split_gain=100.948 69.7249 72.8371 70.7559 73.7576 74.454 70.024 91.2357 58.879 55.1986 53.9029 64.0414 53.7573 49.5379 48.936 44.3262 46.8302 43.4921 42.824 60.7598 58.3598 40.9535 55.3776 39.339 38.584 40.1772 37.7935 57.4342 38.9904 37.6592
threshold=1.1606848239898684 1.0782873034477236 0.68280151486396801 1.0268343687057497 1.1435185670852663 0.0080971713177859801 0.91173610091209423 0.30000000447034841 -0.74999999999999989 1.1344633698463442 0.023097173310816291 1.0035378932952883 0.50314342975616466 0.99216371774673473 0.99158942699432384 0.049962287768721587 0.0077738771215081224 0.018987394869327549 0.99672940373420726 0.93913832306861889 0.029698550701141361 0.033640636131167419 0.63363403081893932 -0.33332796394824976 0.84402000904083263 0.96069467067718517 0.0072511634789407262 0.81776785850524913 0.4393348246812821 0.87500000000000011
decision_type=10 10 8 8 10 10 10 10 2 8 8 8 8 10 10 10 10 10 10 8 10 10 10 10 10 8 10 10 10 2
left_child=1 2 3 6 10 17 7 13 21 18 12 -12 -5 -1 -8 29 23 -6 26 -20 -21 -2 -23 -17 -11 -26 27 -3 -28 -4
right_child=8 9 15 4 5 -7 14 -9 -10 24 11 -13 -14 -15 -16 16 -18 -19 19 20 -22 22 -24 -25 25 -27 28 -29 -30 -31
leaf_value=-0.005646978909456174 0.00028624259374554164 0.015711245760642759 0.0012619637518608126 -0.0013896327287224778 -0.00068304055549490907 -0.004501494310402851 0.0038226999593406266 0.0017996022697202333 0 0.0089145023978469615 -0.0084770083421066046 -0.00036598496102628294 0.00012856928636764182 -0.00016412043822427351 0.00086373960438488023 -0.0097287210279998048 -0.017002879592227065 0.011586103744756555 0.01456400527194838 0.0005273517465461667 -0.0063618874235751898 0 0.011201583324030319 0.0050664824544383053 -0.0041693799646885972 0.0011740864907545188 -0.0055252952020566539 -0.0014506992806998507 -0.0016125039586834279 0.0052532058248596376
leaf_weight=4143 769 154 35078 40525 279 467 5884 4656 1762 496 1740 1911 42841 2485 38552 250 209 1079 237 10491 1214 546 1799 371 1422 9754 4718 27296 5038 2313
leaf_count=4143 769 154 35078 40525 279 467 5884 4656 1762 496 1740 1911 42841 2485 38552 250 209 1079 237 10491 1214 546 1799 371 1422 9754 4718 27296 5038 2313
internal_value=-9.38696e-06 -9.63045e-05 0.000195117 -0.000110946 -0.000638311 0.00527733 0.00072445 -0.0013716 0.00425436 -0.000976823 -0.000767011 -0.0043384 -0.000606002 -0.00364312 0.00126384 0.00136002 -0.00534049 0.00887438 -0.00141948 0.000119995 -0.000171222 0.0067219 0.00868524 -0.000539407 0.000860688 0.000461171 -0.00192146 -0.00133213 -0.00354285 0.00151956
internal_weight=248479 243603 182783 144562 88842 1825 55720 11284 4876 60820 87017 3651 83366 6628 44436 38221 830 1358 49148 11942 11705 3114 2345 621 11672 11176 37206 27450 9756 37391
internal_count=248479 243603 182783 144562 88842 1825 55720 11284 4876 60820 87017 3651 83366 6628 44436 38221 830 1358 49148 11942 11705 3114 2345 621 11672 11176 37206 27450 9756 37391
is_linear=0
shrinkage=0.03


Tree=10
num_leaves=31
num_cat=0
split_feature=16 29 13 23 40 41 71 42 6 45 16 57 18 143 46 117 4 43 110 36 58 74 24 132 79 15 33 86 71 7
split_gain=107.229 65.4283 65.0562 60.8774 69.8232 96.8719 57.7296 53.1654 69.1237 49.6 53.333 48.0997 59.8967 47.9415 47.2937 62.9287 46.6881 45.9603 51.8312 44.7885 43.8287 43.6999 39.2365 38.5811 37.3347 31.3341 30.5413 29.3788 28.6998 28.4831
threshold=1.2324137687683108 -0.0012007817276753483 0.98671391606330883 0.05145306512713433 -0.029515109956264492 -0.037251083180308335 0.57142856717109691 -0.076892897486686693 0.10000006109476091 1.0679087638854983 1.1298980712890627 1.1708310246467593 1.024462938308716 0.61541780829429638 1.0992677211761477 0.33893555402755743 0.42378623783588415 1.0872324705123904 0.29705883562564855 0.80522325634956371 0.98910027742385875 0.75000000000000011 0.037798952311277396 1.3952434659004214 0.45000000298023229 1.1211112737655642 0.57893601059913646 0.45000000298023229 0.046153966337442405 0.034238280728459365
decision_type=10 8 8 10 8 8 10 10 10 10 8 10 10 10 10 10 10 10 2 10 10 2 10 10 2 10 10 2 10 10
left_child=1 2 9 4 6 21 13 8 -4 -1 -11 12 -7 -3 29 28 20 27 -19 -2 -10 -6 26 -17 -5 -13 -21 -8 -16 -9
right_child=19 3 7 24 5 11 17 14 16 10 -12 25 -14 -15 15 23 -18 18 -20 22 -22 -23 -24 -25 -26 -27 -28 -29 -30 -31
leaf_value=-0.0010278555723156578 0.0020781649705796197 0.0016546907897523474 -0.0020642305502704722 -0.017599596173021492 -0.004963829345956133 0.00029499766771746424 0.011089054023308332 -9.6138811285485975e-06 -0.0032905679571996914 -0.0080164449572576093 0 0.0052875816593144602 -0.0061604592448033391 -0.011639177716378405 -0.00083960401753571938 -0.002578701714209564 -0.0017476183687141276 0.027158323710318653 0.00032571606410594726 -0.0050093163290714964 0.0063149044635773801 -0.021375583036981966 0.014109930345512469 -6.1527682133644866e-05 0 -0.0013166265273490991 0.0092842593705863685 0.0031583461227496241 0.0054382032162257283 -0.006068450814104483
leaf_weight=4489 1545 968 2509 253 708 132112 551 53947 425 2666 964 2750 1283 296 984 22077 977 172 134 215 3853 206 792 7617 196 747 260 2672 1566 689
leaf_count=4489 1545 968 2509 253 708 132112 551 53947 425 2666 964 2750 1283 296 984 22077 977 172 134 215 3853 206 792 7617 196 747 260 2672 1566 689
internal_value=-7.20611e-07 -6.87919e-05 -0.000647205 0.000344665 0.000382132 0.000255712 0.0039384 -0.000422128 0.0019438 -0.00322661 -0.00584296 0.00032348 0.000229746 -0.00135759 -0.000637408 -0.00154877 0.00391487 0.00591679 0.0170692 0.00580226 0.00527997 -0.00936247 0.0100075 -0.00194358 -0.0104238 0.00379208 0.00226748 0.0046667 0.00291129 -9.37018e-05
internal_weight=248623 245811 102763 143048 142599 137806 4793 94644 7764 8119 3630 136892 133395 1264 86880 32244 5255 3529 306 2812 4278 914 1267 29694 449 3497 475 3223 2550 54636
internal_count=248623 245811 102763 143048 142599 137806 4793 94644 7764 8119 3630 136892 133395 1264 86880 32244 5255 3529 306 2812 4278 914 1267 29694 449 3497 475 3223 2550 54636
is_linear=0
shrinkage=0.03


Tree=11
num_leaves=31
num_cat=0
split_feature=16 26 29 13 10 40 71 38 57 57 82 115 61 15 13 18 16 45 42 18 86 11 1 36 23 86 42 69 27 71
split_gain=88.2001 90.2546 62.4684 66.338 64.8558 55.5339 86.4997 61.5014 60.2775 54.031 53.0732 56.7011 55.0158 53.9416 44.5421 40.1654 37.7754 50.6345 37.3832 36.3983 36.0722 33.9859 33.6416 32.9162 33.1552 31.8027 31.7795 26.9055 36.4159 25.561
threshold=1.2324137687683108 0.016427481546998027 -0.0015262171509675679 0.98704078793525707 1.0159595608711245 -0.028262267820537087 0.58064493536949169 -0.022392359562218186 0.9458967149257661 1.1708310246467593 0.25833334028720861 0.29508216679096227 1.0551267266273501 1.015625059604645 1.1131682991981509 1.0250986814498904 1.1433569192886355 1.0691614151000979 0.019687831401824955 1.0559859275817873 -0.58333334326744068 0.97711127996444713 0.056572221219539649 0.80522325634956371 0.017259761691093448 -0.91666665673255909 -0.001926239696331322 0.19354839622974399 0.075391694903373732 0.26470609009265905
decision_type=10 10 10 8 10 10 10 8 10 10 2 10 10 8 10 10 8 10 10 10 2 10 10 10 10 2 10 10 10 10
left_child=1 26 3 4 16 6 19 8 -7 15 12 22 14 -13 -5 -9 17 -3 -6 29 -11 -14 -12 -2 -25 -26 -1 28 -8 -4
right_child=23 2 5 10 18 7 27 9 -10 20 11 13 21 -15 -16 -17 -18 -19 -20 -21 -22 -23 -24 24 25 -27 -28 -29 -30 -31
leaf_value=0.00026374408445548937 0.0019832458119256827 -0.0010572466961250842 -0.0090107301071316731 0.00035655621663271693 -0.015308618770845923 -0.023252234124770413 0.0061048927944697485 -5.812011102866685e-05 -0.0022408873493087733 0.0063775146110786433 0.00028447061096035793 -5.5886290041271985e-05 -0.0057338366877520454 -0.0024191851423127214 -0.012386517515237701 -0.0058544576429176978 0.003138191593776634 -0.0071618851228736763 0 -0.01824675876336793 0.00021505401980254004 0.010442874206764019 0.0097792108789734929 -0.001665162969839187 0.0024717470986188902 0.01450610394270007 0.0019029025769269035 0.0040446411912120599 0.023681172920583651 0.00045649496599240569
leaf_weight=20261 1529 3101 285 21294 608 179 557 107201 438 1934 11591 12563 100 30255 229 1069 795 2173 142 106 1709 723 330 177 372 726 23599 3358 154 1335
leaf_count=20261 1529 3101 285 21294 608 179 557 107201 438 1934 11591 12563 100 30255 229 1069 795 2173 142 106 1709 723 330 177 372 726 23599 3358 154 1335
internal_value=-1.70814e-05 -7.87711e-05 -0.000347492 -0.000973854 -0.00381602 9.42144e-05 0.00295392 -5.08861e-05 -0.00934619 0 -0.000717618 -0.00122205 0.000504623 -0.00173314 0.000195674 -0.000119191 -0.00270127 -0.00364671 -0.0121425 -0.00253655 0.00358545 0.00803202 0.000588369 0.00525301 0.00885131 0.0108144 0.001153 0.00535726 0.010866 -0.00111568
internal_weight=248893 246089 202229 83904 6819 118325 5795 112530 617 111913 77085 54739 22346 42818 21523 108270 6069 5274 750 1726 3643 823 11921 2804 1275 1098 43860 4069 711 1620
internal_count=248893 246089 202229 83904 6819 118325 5795 112530 617 111913 77085 54739 22346 42818 21523 108270 6069 5274 750 1726 3643 823 11921 2804 1275 1098 43860 4069 711 1620
is_linear=0
shrinkage=0.03


Tree=12
num_leaves=31
num_cat=0
split_feature=22 26 86 37 20 33 70 52 27 79 78 138 80 41 4 41 28 33 15 10 23 1 78 88 74 122 28 108 126 10
split_gain=81.7203 82.0134 76.9919 60.2655 75.18 80.8519 69.0436 59.4451 57.3317 48.94 71.7843 46.0525 52.5949 44.9282 48.5878 41.9252 41.7856 40.9553 37.178 44.5788 45.9874 36.9326 38.3032 35.1695 32.2792 35.4437 29.2149 39.1706 33.4758 28.3323
threshold=1.1606848239898684 0.019953023642301563 -0.74999999999999989 0.73551964759826671 0.89811113476753246 0.49301022291183477 0.69484910368919384 0.75887137651443493 0.081556126475334181 0.15000000223517421 0.30000000447034841 0.80375415086746227 0.075000001117587103 0.093330655246973052 0.27272535860538488 0.056839598342776305 0.012202489655464889 0.96599134802818309 1.079894542694092 1.0194279551506045 0.04635994695127011 0.059238541871309287 0.30000000447034841 0.52534571290016185 0.55000001192092907 0.6589764952659608 -0.003402131842449307 -0.22500000149011609 -0.40243883430957789 1.0194279551506045
decision_type=10 10 2 10 10 8 10 10 10 2 10 10 2 10 10 8 10 10 10 10 10 10 10 10 2 10 10 2 10 8
left_child=1 16 21 4 11 6 7 -6 -8 10 -7 12 -3 18 -15 -11 29 -4 19 20 -5 22 -2 -21 25 -20 27 28 -24 -1
right_child=2 3 17 13 5 9 8 -9 -10 15 -12 -13 -14 14 -16 -17 -18 -19 24 23 -22 -23 26 -25 -26 -27 -28 -29 -30 -31
leaf_value=0.00083508636829998564 0.016294273240782788 0 3.9236024653145128e-05 0.00040694513753524028 -0.010935719696515986 -0.0009925776869934501 -0.00038850779381150092 -0.0020383680258537484 0.0069997255275478336 -0.00023869585150473261 0.0034129524792425679 -0.0030706783902949004 -0.021793671641150234 0.018358159396464027 -0.0035571833773831692 -0.0050014123464316154 0.0075442834709678868 -0.017537140246214611 -0.0039051043982268928 0.0017342271418253428 -0.013923150495174202 0.013151296763186366 0.0053004727143074254 0.0071054833237213441 0.0033393419045023619 0.0020340722062515549 -0.003944359581200747 0.010577168012453283 -0.0046954503985627612 -0.0017884574020818271
leaf_weight=65771 226 149 1668 30274 686 5483 17546 39815 979 54359 8107 843 324 237 101 1707 799 106 4198 4866 182 658 747 1513 901 1065 362 675 456 3840
leaf_count=65771 226 149 1668 30274 686 5483 17546 39815 979 54359 8107 843 324 237 101 1707 799 106 4198 4866 182 658 747 1513 901 1065 362 675 456 3840
internal_value=-1.349e-05 -9.19361e-05 0.00381381 -0.000443756 -0.000767643 -0.000691469 -0.00150816 -0.0022018 0 0 0.00161461 -0.00786974 -0.0153428 0.000520794 0.0111386 -0.000390783 0.000769793 -0.00102756 0.000425217 0.000791796 0.000302386 0.00664751 0.0046996 0.00307331 -0.00171236 -0.00264334 0.00326319 0.00483749 0.00125137 0.000685581
internal_weight=248643 243745 4898 173335 129998 128682 59026 40501 18525 69656 13590 1316 473 43337 338 56066 70410 1774 42999 36835 30456 3124 2466 6379 6164 5263 2240 1878 1203 69611
internal_count=248643 243745 4898 173335 129998 128682 59026 40501 18525 69656 13590 1316 473 43337 338 56066 70410 1774 42999 36835 30456 3124 2466 6379 6164 5263 2240 1878 1203 69611
is_linear=0
shrinkage=0.03


Tree=13
num_leaves=31
num_cat=0
split_feature=16 25 46 34 40 71 18 73 39 114 81 25 36 23 140 18 141 16 70 91 62 42 85 37 16 81 4 1 51 121
split_gain=77.2198 73.3294 52.4291 62.3042 50.444 104.493 50.799 84.6413 47.1628 69.3341 47.2994 43.447 40.8524 43.2756 50.0853 40.2051 39.6383 36.0964 35.1733 33.1551 30.3015 30.5538 39.3379 28.9803 28.1989 28.092 24.4273 24.1054 29.7485 22.3182
threshold=1.2143567204475405 0.012515284586697819 1.0099508166313174 0.47017028927803045 -0.030176152475178238 0.58064493536949169 1.024462938308716 0.5000000149011613 -0.012979903258383272 0.76363632082939159 0.71666666865348827 0.034461745992302902 0.80522325634956371 0.017665062099695209 0.78484579920768749 1.0272161364555361 1.101969361305237 1.1518000960350039 0.045454557985067374 -0.034151755273342126 0.92516633868217479 0.10747681930661203 0.62500000000000011 0.85093235969543468 0.8226420283317567 0.18333333730697635 0.20000215619802478 0.017543832771480087 0.97470489144325267 0.69358560442924511
decision_type=10 10 10 10 10 10 10 10 10 10 2 10 10 10 10 10 10 8 10 10 10 10 2 10 10 2 10 8 8 8
left_child=1 27 3 25 5 17 8 11 9 -6 -10 -8 -2 -14 -15 19 -17 18 -4 -7 21 24 -23 -19 -5 -3 -22 -1 -29 -30
right_child=12 2 4 20 6 15 7 -9 10 -11 -12 -13 13 14 -16 16 -18 23 -20 -21 26 22 -24 -25 -26 -27 -28 28 29 -31
leaf_value=0.0015639910407653746 0.001193806522628573 0.0012268388440856016 -0.0039520243851038648 0.0040985479927958604 0.00023448344985692939 0.007682360445356938 -0.0038193903907884482 -0.010553972284536502 -0.0011474556443795624 0.0059190573499466265 -4.2327641232927355e-05 0.0020597707211982594 -0.00083375390349771199 -0.00014991093115474018 0.013006896831399859 0.014769742509736302 0.0031473432074002384 0.001333641342754007 -4.8497970113094891e-05 0.0013324782617449968 0.003547484651065573 0.0066963150330836543 -0.0088689463964176218 0.010721980290480458 -0.0010425047458876759 0.0057760132174657424 -0.00019998174051563493 0.0012425031460643686 -0.0039425536719111661 0.0025296569260684497
leaf_weight=29792 2023 2326 2707 1086 16774 1036 2778 1165 81949 2184 61655 1812 357 282 1084 624 607 1573 9415 3098 3287 141 779 382 6878 3152 2698 4116 2417 523
leaf_count=29792 2023 2326 2707 1086 16774 1036 2778 1165 81949 2184 61655 1812 357 282 1084 624 607 1573 9415 3098 3287 141 779 382 6878 3152 2698 4116 2417 523
internal_value=2.14716e-05 -4.28558e-05 -0.00026248 0.00117942 -0.000420442 0.00102006 -0.000588715 -0.0033627 -0.000488263 0.000910713 -0.00067514 -0.00143452 0.00428544 0.0076879 0.0101114 0.00457796 0.00942054 -0.000319218 -0.000949988 0.00302533 0.000149211 -0.000939621 -0.00607253 0.00340999 -0.000295366 0.00391045 0.00181315 0.00118884 -0.000352658 -0.00268054
internal_weight=248700 244954 208106 20347 187759 19442 168317 5755 162562 18958 143604 4590 3746 1723 1366 5365 1231 14077 12122 4134 14869 8884 920 1955 7964 5478 5985 36848 7056 2940
internal_count=248700 244954 208106 20347 187759 19442 168317 5755 162562 18958 143604 4590 3746 1723 1366 5365 1231 14077 12122 4134 14869 8884 920 1955 7964 5478 5985 36848 7056 2940
is_linear=0
shrinkage=0.03


Tree=14
num_leaves=31
num_cat=0
split_feature=16 46 37 1 29 33 14 27 20 87 41 138 121 40 38 20 33 25 127 93 40 118 15 13 36 64 46 6 58 140
split_gain=93.8746 59.9139 68.5144 61.4889 59.714 46.2442 91.0004 50.2622 46.1165 43.4875 42.1723 41.3193 41.2499 40.6358 39.2947 39.0189 34.8477 37.4785 34.307 34.2993 35.3508 44.4247 42.6893 34.0487 32.3982 31.9965 30.51 28.608 25.9595 25.7702
threshold=1.2324137687683108 1.0107317566871645 0.72889280319213878 0.010430244263261558 0.0065293333027511844 0.61364874243736278 0.89036855101585399 0.044913822785019882 0.89811113476753246 0.39166666567325598 0.022214155644178394 0.65544965863227855 0.40059788525104528 -0.055783757939934724 0.0088573917746543902 1.0931811332702639 0.94864502549171459 0.032242018729448325 -0.051187185570597642 0.2807918787002564 -0.031624082475900643 0.72000047564506542 0.96534660458564769 0.96973916888237011 0.80522325634956371 0.19375000149011615 1.1091165542602541 0.11538344621658327 0.98665118217468273 0.72480741143226635
decision_type=10 8 8 8 10 8 8 8 8 2 10 10 8 8 10 10 10 10 10 8 8 10 8 8 10 10 10 10 10 10
left_child=1 4 3 -3 10 6 11 -8 -7 -10 12 -5 -1 15 -14 25 23 -18 -12 -15 21 -21 -22 -6 -2 -4 -27 -19 -20 -26
right_child=24 2 13 5 16 8 7 -9 9 -11 18 -13 14 19 -16 -17 17 27 28 20 22 -23 -24 -25 29 26 -28 -29 -30 -31
leaf_value=0 0.0022239454058129004 0.00080043255744692945 0.012312298069243744 -0.0023669029663763688 -0.003331426377267307 -0.0094956284558384632 -0.0007887993519873547 -0.0023803571277988887 -0.00053521107685859605 0.0013393592809464888 -0.0010556660135082041 0.013059404196085127 0.0024756126113308192 -4.5349462759441663e-05 0.012699061497206263 -0.0057260586167483226 -0.0011189844058074078 0 0.0061470222900701799 0.015751334612979225 -0.0014634649412788771 0.00034432028027367776 0.0019737883058853979 0.0026449089127518217 -0.0010850331709823676 0.0078713016163389909 -0.0098405644469636323 0.014009123050891406 -0.0030984619562604721 0.010607596109475963
leaf_weight=9544 1551 26319 666 165 4516 449 53375 27564 42732 15028 756 558 5944 30220 361 164 588 144 3984 335 3970 402 15885 986 142 195 126 351 237 1118
leaf_count=9544 1551 26319 666 165 4516 449 53375 27564 42732 15028 756 558 5944 30220 361 164 588 144 3984 335 3970 402 15885 986 142 195 126 351 237 1118
internal_value=3.21874e-06 -5.81877e-05 -0.000225495 -0.000523824 0.0012616 -0.000775228 -0.0012361 -0.00133497 -0.000123308 -4.19984e-05 0.00205386 0.00916616 0.00126773 0.000722694 0.0031467 0.00627519 -0.00119723 0.00357465 0.00448212 0.000588596 0.00153265 0.00797494 0.00127064 -0.00220039 0.00543606 0.00864135 0 0.00955959 0.00554501 0.00905912
internal_weight=248375 245564 218153 166190 27411 139871 81662 80939 58209 57760 20826 723 15849 51963 6305 1151 6585 1083 4977 50812 20592 737 19855 5502 2811 987 321 495 4221 1260
internal_count=248375 245564 218153 166190 27411 139871 81662 80939 58209 57760 20826 723 15849 51963 6305 1151 6585 1083 4977 50812 20592 737 19855 5502 2811 987 321 495 4221 1260
is_linear=0
shrinkage=0.03


Tree=15
num_leaves=31
num_cat=0
split_feature=16 26 37 35 14 19 86 33 26 28 26 4 41 36 36 17 23 141 13 76 78 58 77 34 35 147 34 38 52 54
split_gain=86.2199 60.7001 61.1372 58.3525 83.8477 77.0095 75.228 59.7986 56.9817 57.3454 55.4002 75.7687 52.5437 52.3057 52.2309 46.9587 46.6502 47.438 45.6143 40.1954 38.0875 37.9211 53.5566 36.9478 33.4561 31.5836 28.976 33.8014 54.5107 26.6606
threshold=1.2324137687683108 0.019953023642301563 0.85093235969543468 0.46385920047760015 0.91377764940261852 0.94542282819747936 -0.81666666269302357 0.4983579963445664 0.072828978300094618 0.0050226724706590184 0.03229613974690438 0.28125479817390447 0.056839598342776305 0.20297682285308841 0.77932670712471019 1.0226139426231386 0.04635994695127011 1.1909996867179873 0.91273748874664318 0.050000002607703216 0.30000000447034841 0.97697970271110546 0.041666667908430106 0.09251053631305696 0.13835536688566211 0.51743867993354808 0.88077336549758922 0.00073171179974451672 0.9774368703365327 1.1002205610275271
decision_type=10 10 10 10 8 10 2 10 10 10 10 10 10 10 10 10 10 8 8 2 10 8 2 10 10 10 10 10 10 10
left_child=1 21 3 4 10 12 15 -8 23 -10 20 -12 25 24 -14 -6 18 -18 -15 -20 -3 22 -1 -7 -4 -5 27 -2 29 -29
right_child=26 2 13 5 6 8 7 -9 9 -11 11 -13 14 16 -16 -17 17 -19 19 -21 -22 -23 -24 -25 -26 -27 -28 28 -30 -31
leaf_value=-0.0041378701204421546 0.0067283321872186816 -0.011092916836927294 0.022139069344615563 0.0033002294272614211 0.00017174582181458543 0.0014111474557531277 -0.0021217779969028476 -0.00024865886757309292 0.001080177879835604 0.009283295808354854 0.011666764449258498 -0.00057719616046605145 -0.012524040690792996 0.010792572443290236 0.0036369833673544341 -0.0069386126656165318 -0.019142589953916118 0.0034752021888270973 0.0037233340619660851 0.00019268665960232021 0.0049051468234667375 0.00049615155331853217 0.0041338044475796787 -0.00029891255920175183 0.00088776442633327823 -0.0056105755283137378 0.013371859878686899 0 -0.013747026759366411 0.01235261462460624
leaf_weight=763 1449 286 160 695 1008 13594 28129 34635 2504 1161 1116 681 988 433 177 3295 183 100 3846 12496 192 64639 5183 68893 159 669 358 590 198 189
leaf_count=763 1449 286 160 695 1008 13594 28129 34635 2504 1161 1116 681 988 433 177 3295 183 100 3846 12496 192 64639 5183 68893 159 669 358 590 198 189
internal_value=3.00944e-05 -2.83176e-05 -0.000328441 -0.000515589 -0.00116741 -2.38361e-06 -0.00136343 -0.00109332 0.000146246 0.00379646 0.00444196 0.00690635 -0.00514467 0.00135484 -0.00979557 -0.00521049 0.00110237 -0.0104585 0.00132749 0.00104548 -0.00412559 0.000713107 0.00301177 -1.31819e-05 0.013109 -0.000871404 0.00526156 0.00384254 -0.00018563 0.00314365
internal_weight=248769 245985 175400 158023 69342 88681 67067 62764 86152 3665 2275 1797 2529 17377 1165 4303 17058 283 16775 16342 478 70585 5946 82487 319 1364 2784 2426 977 779
internal_count=248769 245985 175400 158023 69342 88681 67067 62764 86152 3665 2275 1797 2529 17377 1165 4303 17058 283 16775 16342 478 70585 5946 82487 319 1364 2784 2426 977 779
is_linear=0
shrinkage=0.03


Tree=16
num_leaves=31
num_cat=0
split_feature=61 29 36 37 20 138 45 50 33 59 58 49 1 35 56 41 14 36 38 114 24 47 12 38 48 29 82 79 127 77
split_gain=70.3293 70.5296 61.733 52.8473 58.1038 53.6658 51.2152 85.0733 80.919 50.3179 65.186 49.2346 46.7833 44.078 96.9081 45.4591 39.8041 78.8411 88.5688 52.7844 51.2992 42.1665 40.905 39.3406 39.2027 38.495 46.887 38.1663 32.6566 34.8472
threshold=1.0586050748825075 -0.0034455335699021812 0.80522325634956371 0.68280151486396801 0.89811113476753246 0.77475640177726757 1.0268343687057497 0.87003377079963695 0.23574585467576983 0.94484576582908641 0.97697970271110546 0.98199695348739635 0.014349779579788448 0.67224675416946422 1.0954821705818178 -0.034950951114296906 0.98335015773773204 0.14872328191995624 -0.022392359562218186 0.60747668147087108 0.022635435685515407 1.1755971908569338 0.98180812597274791 -0.022392359562218186 0.97567573189735424 -0.015580554492771624 0.25833334028720861 0.15000000223517421 -0.31764711439609522 0.091666668653488173
decision_type=10 8 10 8 8 10 8 8 10 10 10 10 10 10 10 10 10 8 8 10 8 10 10 8 10 10 2 2 10 2
left_child=1 11 25 4 5 27 9 8 -8 12 -11 28 -6 14 15 -13 17 21 19 -19 -20 -5 -18 -9 -4 -2 -27 -3 -1 -30
right_child=2 3 24 16 6 -7 7 23 -10 10 -12 13 -14 -15 -16 -17 22 18 20 -21 -22 -23 -24 -25 -26 26 -28 -29 29 -31
leaf_value=0.0028460276042926334 0.0051653190682967561 -0.0054746117831021542 0.015718549917632291 -0.0017995932575005978 -0.0086053982047531435 -0.0018148729932179694 -0.0022331443831185168 -0.010805475671399979 0.0075878621279955602 0.0030792220738258217 0.00040149207833401764 0.0016059848932324778 -0.00080306330222137772 0.0012385599828657443 -0.0065384480083369263 -0.0014387661682842977 0.014232453165258981 0 -0.00025881313058275315 -0.022855314934067429 0.0027579141240846156 -0.0095922836335888256 0.0016361395223855474 -0.00075127223666290833 0.0047816377748766264 0.0085976051121850958 -0.0018560507646695049 -0.027219930109294018 -0.0045421662595553896 -0.0016439441911149609
leaf_weight=1092 1542 230 445 2146 771 841 1094 337 2120 10341 40806 6951 6788 11486 2543 11864 221 122 11525 205 8821 957 28920 69114 1301 419 3013 150 5040 17212
leaf_count=1092 1542 230 445 2146 771 841 1094 337 2120 10341 40806 6951 6788 11486 2543 11864 221 122 11525 205 8821 957 28920 69114 1301 419 3013 150 5040 17212
internal_value=8.75053e-06 -7.4322e-05 0.00303247 0.000206395 -0.000111478 -0.00657425 -4.81365e-05 -0.000582592 0.00415903 0.000608266 0.000949736 -0.00100621 -0.00165907 -0.000246779 -0.00106002 -0.000297477 0.00100829 8.38682e-05 0.000766699 -0.0142058 0.00103578 -0.00434505 0.00175165 -0.000807474 0.00788543 0.00124413 -0.000450479 -0.0157401 -0.00206074 -0.00231734
internal_weight=248417 241697 6720 185509 132592 1221 131371 72665 3214 58706 51147 56188 7559 32844 21358 18815 52917 23776 20673 327 20346 3103 29141 69451 1746 4974 3432 380 23344 22252
internal_count=248417 241697 6720 185509 132592 1221 131371 72665 3214 58706 51147 56188 7559 32844 21358 18815 52917 23776 20673 327 20346 3103 29141 69451 1746 4974 3432 380 23344 22252
is_linear=0
shrinkage=0.03


Tree=17
num_leaves=31
num_cat=0
split_feature=56 47 27 86 35 4 125 34 46 86 52 45 61 48 30 96 43 38 12 86 40 87 35 28 81 121 138 3 0 141
split_gain=70.2528 62.1775 64.4233 74.0742 114.709 52.4767 49.6432 48.1108 53.8476 47.6873 53.6778 44.2998 45.6356 49.2649 51.6943 45.2026 44.2591 42.6561 41.4098 38.0334 54.0329 59.098 49.5154 51.4424 42.4354 35.509 35.2437 35.1687 48.7699 34.4197
threshold=1.1607391834259035 1.0940036177635195 0.082648254930973067 -0.58333334326744068 0.1341216638684273 0.41666673123836523 0.49132412672042852 0.22237484902143481 1.1124467253685 -0.78333333134651173 0.94284710288047802 1.0244131684303286 0.82318028807640087 0.98878207802772533 0.0057872845791280278 0.24158990383148196 1.0247350335121157 -0.022392359562218186 1.0075038075447085 -0.81666666269302357 0.027339687570929531 0.39166666567325598 0.51567593216896068 -0.0013409015373326836 0.75000000000000011 0.72220790386199962 0.77475640177726757 0.014999956358224155 0.018581726588308815 0.92966279387474071
decision_type=10 10 10 2 10 10 10 10 10 2 10 10 10 10 10 10 10 10 10 2 10 2 10 10 2 10 10 10 10 10
left_child=1 6 17 4 5 -4 11 8 -5 10 -2 -1 15 18 -15 -13 -7 -3 -14 22 24 -22 23 -19 -21 -12 -17 29 -29 -8
right_child=9 2 3 7 -6 16 27 -9 -10 -11 25 12 13 14 -16 26 -18 19 -20 20 21 -23 -24 -25 -26 -27 -28 28 -30 -31
leaf_value=0.001179300098942172 0.01380197770191573 -0.0095562087947506369 0.018304832767407398 0.0077441767458762412 0.0018282357698766456 -0.0089913433355189136 0.00077067771226089869 -0.0021367633151780524 -0.0011018671387018979 0.00077731439781359856 0 -0.0010843138633516885 -0.00040282758089988378 0.0006724771436988434 0.0081033631229237273 0.00019519708342972752 0.014374116281418591 -0.005765583137675819 -0.0039012741212639903 -0.00082288292928246807 -0.0020146960087143364 -0.011862621664792773 -0.00088633696519465613 0.0001081979377789276 0.00072739098993685326 0.0074917497527746645 0.022194102495382336 0.0078312204807901575 -0.010370561696449898 -0.0032244676884784882
leaf_weight=54232 627 491 679 1157 2867 135 2511 4381 1193 3827 1160 216 38758 29402 858 132 113 4725 3325 39799 7567 593 12843 1732 26285 1056 210 665 134 7074
leaf_count=54232 627 491 679 1157 2867 135 2511 4381 1193 3827 1160 216 38758 29402 858 132 113 4725 3325 39799 7567 593 12843 1732 26285 1056 210 665 134 7074
internal_value=2.99424e-05 -5.26447e-05 -0.000605051 0.00160889 0.00495314 0.0140583 0.000365219 -0.000240789 0.00315541 0.00306335 0.00600889 0.000529972 4.26239e-05 -2.03175e-05 0.000898295 0.00844017 0.000813803 -0.000856328 -0.000688089 -0.000805424 -0.00049135 -0.00279429 -0.00199633 -0.00414824 -0.000201688 0.003566 0.0150119 -0.00162019 0.0042336 -0.00214719
internal_weight=248747 242077 104560 10525 3794 927 137517 6731 2350 6670 2843 127133 72901 72343 30260 558 248 94035 42083 93544 74244 8160 19300 6457 66084 2216 342 10384 799 9585
internal_count=248747 242077 104560 10525 3794 927 137517 6731 2350 6670 2843 127133 72901 72343 30260 558 248 94035 42083 93544 74244 8160 19300 6457 66084 2216 342 10384 799 9585
is_linear=0
shrinkage=0.03


Tree=18
num_leaves=31
num_cat=0
split_feature=27 86 35 25 80 121 46 107 102 78 24 13 118 56 43 86 137 52 44 29 28 7 138 68 42 120 7 15 12 121
split_gain=57.9914 70.7993 74.2559 58.8913 54.0972 61.914 54.4873 53.1861 51.5039 46.1995 54.1922 44.5966 48.5086 40.9012 49.3998 40.5849 36.7854 36.0403 35.6625 35.5566 33.5632 34.1923 31.9563 35.284 31.0791 29.4699 38.982 37.9867 29.1089 32.7545
threshold=0.082648254930973067 -0.58333334326744068 0.1298392713069916 0.012039227411150934 0.12500000372529033 0.24938259273767474 1.1091165542602541 0.38315603137016302 0.54631218314170849 0.30000000447034841 0.05465053208172322 0.91273748874664318 0.090907864272594466 1.175767779350281 1.1155435442924502 -0.78333333134651173 0.38428699970245367 0.65655314922332775 1.0183395147323611 0.0084605664014816302 0.012202489655464889 0.024809132330119613 0.74634292721748363 0.039999537169933326 -0.079894013702869401 0.30275245010852819 0.0061651763971894988 0.86313173174858104 1.0227744579315188 0.62403371930122387
decision_type=8 2 10 10 2 8 8 2 2 10 10 8 10 10 10 2 10 10 10 10 10 10 8 10 10 10 8 8 10 10
left_child=3 2 16 -1 5 17 7 -7 11 15 20 12 -5 14 24 18 -2 -3 -4 -9 21 -11 23 -15 -13 26 -6 -27 29 -29
right_child=1 4 9 8 25 6 -8 19 -10 10 -12 13 -14 22 -16 -17 -18 -19 -20 -21 -22 -23 -24 -25 -26 27 -28 28 -30 -31
leaf_value=0.0010781879080166308 0.016832159917682218 -0.015213343327092175 0 -0.00099955476369711417 0.018748944945216766 0.00084404969556200343 -0.0027313108906858387 0.010011783203772173 0.00083735396368973738 -0.00095387169114382578 0.0074667445485820366 0.002424004587359065 -0.014388784073333792 -0.013587169662556228 -0.0080354841756247342 0.0016253901018596175 0.0037727647810722586 0 0.017163808834493182 0 -0.0086342052596292511 0.0071519980665684631 0.0076976273377828593 0.0028311659708401939 -0.00053953981392187717 -0.013662225614350878 0 -0.0023894188580618875 0.0056964057604349111 0.0030753234591033439
leaf_weight=32178 565 229 101 683 132 1510 839 1898 29884 2425 949 3196 416 133 768 556 417 235 463 384 388 552 957 456 159805 208 248 6656 496 1097
leaf_count=32178 565 229 101 683 132 1510 839 1898 29884 2425 949 3196 416 133 768 556 417 235 463 384 388 552 957 456 159805 208 248 6656 496 1097
internal_value=2.65323e-05 0.00156136 0.00416797 -0.000108971 0.000335205 0.00280742 0.0039028 0.00545596 -0.000305193 0.00270068 0.00119318 -0.000512246 -0.00650241 -0.000469828 -0.000517546 0.00812129 0.011772 -0.00721479 0.0137364 0.0083435 -0.000521131 0.000486729 0.00433549 -0.000708049 -0.000479302 -0.00105941 0.00677269 -0.00146187 -0.00108565 -0.00157167
internal_weight=248824 20348 6416 228476 13932 5095 4631 3792 196298 5434 4314 166414 1099 165315 163769 1120 982 464 564 2282 3365 2977 1546 589 163001 8837 380 8457 8249 7753
internal_count=248824 20348 6416 228476 13932 5095 4631 3792 196298 5434 4314 166414 1099 165315 163769 1120 982 464 564 2282 3365 2977 1546 589 163001 8837 380 8457 8249 7753
is_linear=0
shrinkage=0.03


Tree=19
num_leaves=31
num_cat=0
split_feature=56 25 86 13 40 71 124 34 118 117 1 65 38 35 18 52 77 27 86 52 69 53 86 61 120 38 29 39 27 40
split_gain=55.6197 58.3671 48.3045 54.3251 66.9045 49.1729 46.9224 67.0799 46.8309 46.0756 63.1588 47.6994 43.8118 50.5459 42.7338 42.162 40.42 40.2539 42.8867 34.8926 33.0721 31.3217 30.7684 29.2564 28.5861 40.0486 27.3696 27.0908 26.4836 25.1857
threshold=1.1607391834259035 0.012515284586697819 -0.81666666269302357 1.1131682991981509 -0.029515109956264492 0.58064493536949169 -0.44444490969181055 0.57903331518173229 0.58181783556938182 0.34328357875347143 0.017823680303990844 0.32426470518112188 -0.022392359562218186 0.51980209350585949 1.0272161364555361 0.89001411199569713 0.041666667908430106 0.073718525469303145 -0.74999999999999989 0.97383433580398571 0.96794852614402782 0.97690287232398998 -0.88333332538604725 1.0673608183860781 0.72398170828819286 -0.0010291386279277501 -0.0056363642215728751 0.0071383188478648671 0.0570493582636118 -0.08242462575435637
decision_type=10 10 2 10 10 10 10 10 10 10 10 10 8 10 10 10 2 10 2 10 10 10 2 10 10 10 10 10 10 10
left_child=1 -1 9 4 5 8 7 19 -4 22 26 15 13 -6 -7 -12 -9 -8 24 -2 -14 -13 27 -18 25 -19 -11 -3 -25 -30
right_child=6 2 3 -5 12 14 17 16 -10 10 11 21 20 -15 -16 -17 23 18 -20 -21 -22 -23 -24 28 -26 -27 -28 -29 29 -31
leaf_value=0.0010482329573683563 0 0.0025561953804402672 -0.0099614837257410889 -0.0089934760329836022 0 0.0025460635353530348 0.01282064100402037 -0.0056901338064763692 0.00094691070909293197 -0.0027117330641775505 0.0070471038238127835 -0.0084252918348188127 -0.00031356661478621655 -0.016473149966494821 0.0090944579581083828 -0.0047264500704548608 -0.00058426692921769742 0.01854073794895892 0 -0.016152816564258259 0.0015235813880664876 0.0018690179493914747 -0.0023158960981747747 -0.0015199291952538178 -9.2376088345650644e-05 0.0041304197778300952 0.0010990183866359672 0.013534264298640306 -0.00024128226347134581 0.0089144501999741232
leaf_weight=36806 186 856 343 595 332 4332 561 480 10899 2362 245 284 156484 302 1213 9133 953 339 1380 284 9284 1962 561 315 233 506 5872 303 260 1300
leaf_count=36806 186 856 343 595 332 4332 561 480 10899 2362 245 284 156484 302 1213 9133 953 339 1380 284 9284 1962 561 315 233 506 5872 303 260 1300
internal_value=2.39909e-05 -5.00184e-05 -0.000248396 -8.8936e-05 -5.73979e-05 0.00174435 0.00269726 0.000376873 0.000570352 -0.00159132 -0.00200898 -0.003431 -0.000241152 -0.00800307 0.00406001 -0.0043726 0.0019762 0.0054807 0.00359446 -0.0098886 -0.000208694 0.000372067 0.00302601 0.00341357 0.00801945 0.0105534 0 0.00586157 0.00558857 0.00721488
internal_weight=248965 242168 205362 183784 183189 16787 6797 3778 11242 21578 19858 11624 166402 634 5545 9378 3308 3019 2458 470 165768 2246 1720 2828 1078 845 8234 1159 1875 1560
internal_count=248965 242168 205362 183784 183189 16787 6797 3778 11242 21578 19858 11624 166402 634 5545 9378 3308 3019 2458 470 165768 2246 1720 2828 1078 845 8234 1159 1875 1560
is_linear=0
shrinkage=0.03


Tree=20
num_leaves=31
num_cat=0
split_feature=16 29 69 35 87 46 115 46 0 80 27 57 37 60 9 52 19 7 36 71 34 38 29 51 58 8 60 45 22 38
split_gain=69.0312 50.1139 52.8601 50.5487 64.302 47.5256 41.8573 65.6138 45.7422 55.7184 45.6242 40.7582 38.5652 40.9265 57.3085 52.2649 36.2125 42.1619 34.228 45.6208 34.7634 42.5952 34.1953 51.5127 43.0723 39.1309 33.2244 32.4297 41.2315 31.5351
threshold=1.2143567204475405 -0.0034455335699021812 0.21988589316606524 0.72783526778221141 0.37500000000000006 1.1101905703544619 0.74566438794136058 1.010325074195862 0.029239790514111522 0.27500000596046453 0.077030278742313399 1.2259666323661806 0.68280151486396801 0.91361600160598766 1.0083165168762209 0.80357745289802562 1.0420069694519045 -0.015685006976127621 0.68564531207084667 0.14843720942735675 0.88077336549758922 0.00041930035513360059 0.0065293333027511844 0.85890871286392223 0.97538462281227123 0.75510209798812877 1.0504175424575808 1.1195243000984194 1.1001278758049013 0.0039357352070510396
decision_type=10 8 10 10 2 10 10 10 8 2 10 10 10 10 10 10 10 10 10 10 10 8 10 10 8 10 10 10 10 10
left_child=1 2 3 4 5 -1 7 22 -8 10 -10 -2 13 14 -9 -15 17 -4 -13 20 21 -20 24 25 -3 -24 -7 28 -14 -19
right_child=11 6 16 -5 -6 26 8 12 9 -11 -12 18 27 15 -16 -17 -18 29 19 -21 -22 -23 23 -25 -26 -27 -28 -29 -30 -31
leaf_value=-0.00035100287359911129 -0.0018995506373742643 0.0046297855101359109 -0.0084940998180094464 0.0015888933669541943 0.0013880371414068766 -0.0045225257721559923 -0.00089724789784594353 0.0003802594112063244 -0.0060398674062073689 0.0062120296781694589 -0.022916093266292195 0.00062500986431523109 0.00079543794510055139 -0.003587696622200673 0.0081533626415770562 -0.00018221962844882516 0.00322827106882568 -0.00031709091830998314 0.0059826009303741859 0.014795708622937422 0.013566208964318731 -0.0060219304605842469 -0.0015143179988397447 -0.0039566084131009384 0.0013580138138973188 0.0070462362750681688 0 -0.0030161639000835928 0.0050373678463500656 -0.002787228956227324
leaf_weight=9629 740 5672 928 11141 8020 6409 9483 3120 753 188 202 961 39549 4223 1206 101473 1101 7596 737 615 286 374 831 2006 11157 973 1962 1811 2195 13334
leaf_count=9629 740 5672 928 11141 8020 6409 9483 3120 753 188 202 961 39549 4223 1206 101473 1101 7596 737 615 286 374 831 2006 11157 973 1962 1811 2195 13334
internal_value=1.45916e-05 -4.58945e-05 -0.000799125 -9.11823e-05 -0.00082273 -0.00182484 0.000197531 0.000310537 -0.00162414 -0.00727781 -0.010314 0.00406434 9.49451e-05 -0.000201983 0.00264382 -0.000321774 -0.00193086 -0.00220715 0.00565181 0.00787536 0.00445127 0.00164119 0.00189861 -0.000602575 0.00248271 0.00296504 -0.00347955 0.000851632 0.00102798 -0.00190623
internal_weight=248675 244962 60120 37161 26020 18000 184842 174216 10626 1143 955 3713 153577 110022 4326 105696 22959 21858 2973 2012 1397 1111 20639 3810 16829 1804 8371 43555 41744 20930
internal_count=248675 244962 60120 37161 26020 18000 184842 174216 10626 1143 955 3713 153577 110022 4326 105696 22959 21858 2973 2012 1397 1111 20639 3810 16829 1804 8371 43555 41744 20930
is_linear=0
shrinkage=0.03


Tree=21
num_leaves=31
num_cat=0
split_feature=32 47 42 6 11 73 9 24 118 84 102 52 13 41 17 50 13 14 28 38 120 74 80 51 24 14 38 137 116 40
split_gain=58.8774 60.8654 66.2935 49.1679 47.7509 51.9618 46.7352 49.2176 54.5346 47.4591 46.0834 49.7775 46.0125 42.6473 41.4787 47.1741 39.2176 55.3025 54.5261 45.0171 43.9808 43.0467 39.6795 39.37 48.5706 39.1389 37.5246 37.2581 37.3031 36.1963
threshold=-0.0050067340489476911 1.0940036177635195 -0.076892897486686693 0.15384487062692645 0.9794239103794099 0.90000000596046459 0.9692308008670808 0.039187302812933929 0.078611519187688841 0.84999999403953563 0.54950982332229625 0.97999998927116405 1.0123363733291628 0.039808694273233421 0.74217498302459728 0.90568628907203685 0.98637607693672191 1.0336153507232668 0.0031068651005625729 -0.011086724698543547 0.46180561184883123 0.25000000745058065 0.72499999403953563 0.77859780192375194 0.026085009798407558 0.98381873965263378 -0.0085655241273343546 1.4747248291969302 0.34605909883975988 -0.028262267820537087
decision_type=8 10 8 10 10 10 8 10 10 2 2 10 10 10 10 10 8 8 8 10 10 2 2 10 10 10 10 10 10 8
left_child=4 6 3 -3 27 13 7 14 -9 -10 11 12 -5 -6 15 -2 17 23 19 -18 -20 -22 -21 24 -4 -25 -15 28 -1 -8
right_child=1 2 16 10 5 -7 29 8 9 -11 -12 -13 -14 26 -16 -17 18 -19 20 22 21 -23 -24 25 -26 -27 -28 -29 -30 -31
leaf_value=0.014011067190120437 0.0092485211878971223 -0.00060686046449891207 0.015206209320018834 -0.00062597156434353633 0.00073974527900116049 -0.00604284061995412 0.0023501697977034684 0 -0.025582353561446069 -0.00094659652110118018 -0.00077400571942665283 0 0.0095303823357641548 0.017395376596536678 -0.003220016449130606 -0.005462670650333166 -0.0039953737571148968 -0.0065292886734013202 -0.0034292872841725102 0.00024519912092255228 0.00079785961521763318 0.0061274605051953408 -0.0012533291021817683 -0.0030275271004260428 -0.00026711954580173065 -0.00023256528707182034 0.0025536462618883397 -0.00045065039103322726 0.0043454332644488084 0.0002985912530145278
leaf_weight=675 573 4006 258 422 3219 765 8305 308 230 137 1347 1117 2174 275 2480 250 3747 2192 1075 27727 3511 2393 36381 9873 426 8751 462 488 1084 124118
leaf_count=675 573 4006 258 422 3219 765 8305 308 230 137 1347 1117 2174 275 2480 250 3747 2192 1075 27727 3511 2393 36381 9873 426 8751 462 488 1084 124118
internal_value=-5.8218e-06 -8.5474e-05 -0.000627856 0.00181146 0.00270764 0.000910124 0.000331468 -0.00285456 -0.0101755 -0.0176853 0.00377995 0.00550769 0.00777255 0.00235375 -0.00121595 0.0044003 -0.000860862 -0.00199469 -0.000530656 -0.000793657 0.00197853 0.00302208 -0.000600656 -0.00145814 0.00540936 -0.00173199 0.00880118 0.0063106 0.00833898 0.000429858
internal_weight=248769 241801 105400 9066 6968 4721 136401 3978 675 367 5060 3713 2596 3956 3303 823 96334 21500 74834 67855 6979 5904 64108 19308 684 18624 737 2247 1759 132423
internal_count=248769 241801 105400 9066 6968 4721 136401 3978 675 367 5060 3713 2596 3956 3303 823 96334 21500 74834 67855 6979 5904 64108 19308 684 18624 737 2247 1759 132423
is_linear=0
shrinkage=0.03


Tree=22
num_leaves=31
num_cat=0
split_feature=16 25 29 22 3 23 70 41 137 76 125 60 18 81 38 63 140 62 1 76 12 45 29 68 87 16 30 10 23 10
split_gain=54.9876 53.0038 38.4311 53.7318 59.5401 51.5608 66.2383 47.7279 56.481 47.247 42.2528 60.2875 41.6307 41.1494 38.4242 34.115 42.2809 33.342 32.8963 51.9121 39.2835 32.4451 61.9569 43.6226 31.3383 29.2919 27.2008 24.8952 23.8728 22.5863
threshold=1.2324137687683108 0.012515284586697819 -0.00027618152671493584 1.094093978404999 0.016260136850178245 0.015700416639447216 0.90322551131248485 -0.034950951114296906 0.53991904854774486 0.18333333730697635 0.49132412672042852 0.91361600160598766 1.0217738151550295 0.083333335816860213 -0.005189100978896021 0.88749998807907116 1.1841417551040652 0.91446882486343395 0.054187210276722915 0.61666667461395275 1.0179111361503603 1.1096839308738711 -0.0048880979884415856 0.15529111772775653 0.75833332538604747 0.95297548174858104 -0.0010576741187833247 1.0182662010192873 0.014653660356998445 1.0170316100120547
decision_type=10 8 8 10 10 10 10 10 10 2 10 8 10 2 10 10 10 10 10 2 10 10 10 10 2 8 10 10 10 10
left_child=1 27 7 4 10 24 -7 18 12 15 11 -4 13 -9 -14 16 -5 -12 21 20 -20 23 -23 -3 -6 26 -10 -1 -11 -27
right_child=-2 2 3 9 5 6 -8 8 25 28 17 -13 14 -15 -16 -17 -18 -19 19 -21 -22 22 -24 -25 -26 29 -28 -29 -30 -31
leaf_value=0.0011474970396971992 0.0041525611879235664 0.0030540194187437791 0.0024904248551318492 0.011655434017416214 -0.002093441890752831 0.0075510862499619247 -0.0092081369513312382 -0.003816066842358396 -0.010529133259877562 0.0027903695400664963 -0.0032786188605161914 -0.00018118875783163443 -0.0010667943468557826 -0.00098448414506812341 -0.0067476682126329833 -0.00012193698219504137 0.0004860169416872395 0.00050475218362274572 0.013150954418108865 -0.00178034368828617 0 -0.00016004069573602103 -0.0082860092174547924 -0.00078293514225884089 0.0082612085435987241 0.00078183010046997204 -0.0014819654142845333 -0.0028314582563917332 -0.0066296838086548323 -0.001826845744133581
leaf_weight=34768 2778 6062 8386 1157 1585 2423 200 5231 355 468 6345 78772 2092 46504 2560 451 492 2930 652 593 319 7944 937 4560 292 22170 2249 1416 423 3382
leaf_count=34768 2778 6062 8386 1157 1585 2423 200 5231 355 468 6345 78772 2092 46504 2560 451 492 2930 652 593 319 7944 937 4560 292 22170 2249 1416 423 3382
internal_value=-2.74022e-05 -7.62143e-05 -0.000260467 0.000146738 2.59322e-05 0.00339359 0.0060997 -0.000663963 -0.000983639 0.00409651 -0.000128779 7.29345e-05 -0.00153177 -0.00127795 -0.0042727 0.00656125 0.0085484 -0.00205265 0.000604403 0.00477312 0.00903327 0.000250188 -0.00106778 0.00138026 -0.000254337 0.000103736 -0.00290054 0.000982023 -0.00139983 0.000423662
internal_weight=248496 245718 209534 103924 100933 4500 2623 105610 84543 2991 96433 87158 56387 51735 4652 2100 1649 9275 21067 1564 971 19503 8881 10622 1877 28156 2604 36184 891 25552
internal_count=248496 245718 209534 103924 100933 4500 2623 105610 84543 2991 96433 87158 56387 51735 4652 2100 1649 9275 21067 1564 971 19503 8881 10622 1877 28156 2604 36184 891 25552
is_linear=0
shrinkage=0.03


Tree=23
num_leaves=31
num_cat=0
split_feature=61 13 36 34 26 52 38 26 44 123 11 71 42 26 115 71 78 20 28 122 72 103 46 42 40 85 30 43 42 28
split_gain=53.0049 68.2599 53.7595 45.8481 45.4539 43.7153 42.8931 48.6575 47.902 61.0724 46.8865 48.6776 45.9409 41.2413 39.2581 59.1375 73.8314 41.9711 38.2758 35.8683 32.9311 32.4116 36.1642 32.296 48.1597 37.1628 31.1554 29.5269 38.8411 28.1011
threshold=1.0586050748825075 1.1131682991981509 0.80522325634956371 0.92341884970664989 0.019953023642301563 0.97847723960876476 -0.0010291386279277501 0.068559922277927413 1.0515180826187136 -0.29729644954204554 0.99378529191017162 0.7462681531906129 0.082975007593631758 0.045945642516016967 0.75913909077644359 0.9279136359691621 0.5000000149011613 0.89811113476753246 0.01445238944143057 0.33721183240413671 0.085271101444959654 0.77500000596046459 1.1861614584922793 0.10747681930661203 0.0055213125888258227 0.82500001788139354 -0.002880819956772029 1.0103717446327212 0.045214720070362098 -0.025653064250946041
decision_type=10 10 10 10 10 10 10 10 10 10 10 10 10 10 10 10 10 10 10 10 10 2 10 10 10 2 10 8 10 10
left_child=1 4 3 20 18 -4 7 8 12 -10 19 -12 -6 -3 15 16 -8 -17 27 -9 21 22 -2 24 -16 -25 -23 -1 -29 -7
right_child=2 13 5 -5 6 29 14 10 9 -11 11 -13 -14 -15 23 17 -18 -19 -20 -21 -22 26 -24 25 -26 -27 -28 28 -30 -31
leaf_value=0.0012951035550201261 -0.0049084368436328636 0.0017690506225658787 0.014286638386865252 0.008128621028147388 0.00071666770580126903 -0.005939365095663905 -0.0023364642938356072 -0.00081978197957505465 -2.8135373313693215e-05 -0.0033869678601949602 0.001918695775378663 -0.0096242969670538719 -0.0035552258358823928 -0.016506096491097542 -0.0060899545562285839 -0.0073836024476992661 -0.00030041758604731504 0.0022938525067120862 0.010856579061066619 0.0068389008337847584 0.0031475385670203786 -0.0061671213238692442 0.0077718160980290883 0 0.00073106022660038316 -0.015677741490011065 0.003459106799564324 0.0001447669079575983 -0.0074657723682877769 0.0056199090111194476
leaf_weight=27630 292 115 537 668 48238 189 22315 610 14829 7373 1315 410 2339 343 1668 393 58404 7892 308 2544 1604 1592 486 237 1922 374 316 41961 592 1052
leaf_count=27630 292 115 537 668 48238 189 22315 610 14829 7373 1315 410 2339 343 1668 393 58404 7892 308 2544 1604 1592 486 237 1922 374 316 41961 592 1052
internal_value=-4.61371e-06 -7.90373e-05 0.002615 0.000929301 -5.53534e-05 0.00708614 -0.00032092 0.000196736 0 -0.00115911 0.00309073 -0.000731799 0.000511852 -0.0114077 -0.000755397 -0.000617103 -0.000867444 0.001782 0.000584008 0.00526732 -0.000154624 -0.00224613 0.00263297 -0.00359746 -0.00237123 -0.0100234 -0.00439789 0.000531573 2.83843e-05 0.00355529
internal_weight=248548 241812 6736 4958 241354 1778 170863 77658 72779 22202 4879 1725 50577 458 93205 89004 80719 8285 70491 3154 4290 2686 778 4201 3590 611 1908 70183 42553 1241
internal_count=248548 241812 6736 4958 241354 1778 170863 77658 72779 22202 4879 1725 50577 458 93205 89004 80719 8285 70491 3154 4290 2686 778 4201 3590 611 1908 70183 42553 1241
is_linear=0
shrinkage=0.03


Tree=24
num_leaves=31
num_cat=0
split_feature=32 86 33 50 73 17 37 17 45 24 14 13 33 115 33 24 15 14 12 36 117 36 82 4 4 54 82 39 136 62
split_gain=56.4945 84.0592 61.4396 63.121 69.9648 52.9496 55.4881 68.393 58.4865 50.8842 44.6457 60.8214 55.4317 44.3574 44.8809 39.295 71.9567 65.742 47.0654 41.0678 39.431 62.893 42.8349 38.1278 35.7761 35.4682 34.6377 34.4211 32.7501 31.4037
threshold=-0.0050067340489476911 -0.58333334326744068 0.93317949771881115 0.82833558320999157 0.90000000596046459 1.0782873034477236 0.68280151486396801 0.8126044273376466 1.0261428952217104 0.05465053208172322 0.89715060591697704 0.98637607693672191 0.24127022922039035 0.74566438794136058 0.76445248723030101 0.024865141138434414 0.88267466425895702 0.97223889827728283 1.0022816658020022 0.92968416213989269 0.34328357875347143 0.80522325634956371 0.25833334028720861 0.45455455780029302 0.24137937277555468 1.0597724914550783 0.87500000000000011 -0.0090251211076974851 0.53094530105590831 0.91173610091209423
decision_type=8 2 10 10 10 10 8 8 8 10 8 10 10 10 10 10 8 8 10 10 10 10 2 10 10 10 2 10 10 10
left_child=1 2 3 -1 28 6 7 23 29 15 12 -12 -10 26 -15 16 24 18 -18 20 21 -17 -22 -2 -7 -19 -8 -11 -5 -9
right_child=5 -3 -4 4 -6 9 13 8 10 27 11 -13 -14 14 -16 19 17 25 -20 -21 22 -23 -24 -25 -26 -27 -28 -29 -30 -31
leaf_value=0.022941351459140138 -0.0070771712997729358 -0.00021518483943806148 -0.005175599814850212 0.011061741086493203 -0.0023583563867310112 0.018342506235664729 0.0013146942362926555 -0.00066682771951015647 -0.0075626400904729961 -0.00095172692148620815 -0.0022679918795172577 -0.0001527271589292505 0.01304043292188215 -0.0053750728482199906 0.0011376475122991407 -0.0022343003849166028 -0.0056853691475469816 -0.00032850686393550013 0.0012896470771599478 0.0097407087939244946 0.006069987134631063 0.011404939787761494 -0.0031799911444646725 0.0030224107527991773 0 0.0059588985748263582 0.0051797115768485889 0.0093890695185701173 0.0008299739169784487 0.0011548218460620766
leaf_weight=226 1836 3808 326 1515 591 251 30791 10353 124 395 14784 72833 433 1721 1965 792 3502 37998 1062 225 426 447 14022 353 154 802 2296 708 429 43490
leaf_count=226 1836 3808 326 1515 591 251 30791 10353 124 395 14784 72833 433 1721 1965 792 3502 37998 1062 225 426 447 14022 353 154 802 2296 708 429 43490
internal_value=2.11572e-05 0.00269567 0.00636121 0.0078587 0.00622758 -5.40949e-05 0.000201886 -6.14471e-05 1.79221e-05 -0.000821006 -0.000455628 -0.000513504 0.00783067 0.00124218 -0.0018348 -0.00094405 -0.000470731 -0.000597442 -0.00399836 -0.00222495 -0.00242786 0.00255112 -0.00287851 -0.00530008 0.0117802 -0.000187815 0.00159493 0.00546774 0.008988 0.000798866
internal_weight=248658 6895 3087 2761 2535 241763 180979 144206 142017 60784 88174 87617 557 36773 3686 59681 43769 43364 4564 15912 15687 1239 14448 2189 405 38800 33087 1103 1944 53843
internal_count=248658 6895 3087 2761 2535 241763 180979 144206 142017 60784 88174 87617 557 36773 3686 59681 43769 43364 4564 15912 15687 1239 14448 2189 405 38800 33087 1103 1944 53843
is_linear=0
shrinkage=0.03


Tree=25
num_leaves=31
num_cat=0
split_feature=32 25 8 73 86 39 32 7 3 42 6 3 23 14 77 127 28 86 33 24 54 79 110 28 31 33 20 72 41 53
split_gain=60.7524 49.9401 48.334 50.3147 41.7925 52.7385 56.7682 67.2482 52.0107 43.7507 52.3067 43.8745 55.9167 43.0292 41.5387 41.4793 43.7231 39.1265 47.9061 36.7061 35.396 35.0236 34.7657 35.0756 31.4666 31.3661 30.7976 30.4524 32.3949 28.4905
threshold=-0.0050067340489476911 0.012515284586697819 0.83333984017372142 0.90000000596046459 0.78333333134651195 0.023828474804759029 0.00098965736106038115 -1.0000000180025095e-35 0.017348195426166061 -0.076892897486686693 0.11538344621658327 0.0080717173404991644 0.014554263558238746 0.86820787191391002 0.7916666865348817 -0.10407231003046034 -0.011166263371706007 -0.58333334326744068 0.95202201604843151 0.024865141138434414 1.0740151405334475 0.55000001192092907 0.19375000149011615 0.0076439897529780873 -0.0073385438881814471 0.94255873560905468 0.97933828830719005 0.17288923263549807 -0.022853498347103592 1.087981164455414
decision_type=8 10 10 10 2 10 10 10 10 10 10 10 8 10 2 10 10 2 10 10 10 2 2 10 10 10 10 10 10 10
left_child=2 -2 3 17 5 9 14 -8 15 10 24 19 -13 -10 21 -6 20 18 27 -11 -17 -7 23 -15 -3 -18 -9 28 -1 -12
right_child=1 4 -4 -5 8 6 7 26 13 11 29 12 -14 22 -16 16 25 -19 -20 -21 -22 -23 -24 -25 -26 -27 -28 -29 -30 -31
leaf_value=0.0098139843619481394 0.00099113092043403412 0.0063170348445419217 0.0087787647368462018 -0.0037054816840725053 -0.0070790796264662455 -0.0063849807842307838 -0.02169898916651641 -0.00043114133692047135 -0.0075161547270047183 0.00010395550302641378 0.0042922382048820084 -0.0024454426087106369 5.4565615991051743e-05 0.0061426810104239851 0.0074673506940629627 0.0097015787967732348 0.00024021456131596071 0.00071948761107636181 -0.0086455569901736449 -0.0012999786656772449 -0.0063645860317046755 -0.00067029571549993871 0.0038481026491186707 0.025489961121867345 -0.0024277920257496735 0.0054718858604803321 -0.0075097657261967155 0.014329657263703686 0 -0.0031284933283652182
leaf_weight=597 36515 396 1042 1178 579 1177 222 1083 129 112995 5028 18046 14110 268 449 785 17735 2808 140 19616 108 5952 689 185 2715 1089 1367 504 660 451
leaf_count=597 36515 396 1042 1178 579 1177 222 1083 129 112995 5028 18046 14110 268 449 785 17735 2808 140 19616 108 5952 689 185 2715 1089 1367 504 660 451
internal_value=4.89561e-05 -2.93289e-05 0.00281499 0.00168247 -0.000212482 -0.000360465 -0.00245242 -0.00621945 0.00103261 -0.000234775 0.00184455 -0.000345211 -0.00133977 0.00689615 -0.00107181 0.000644225 0.000893167 0.00310372 0.00642519 -0.000101619 0.00733308 -0.00167098 0.00888368 0.0154218 -0.0011856 0.000564282 -0.00453101 0.0078754 0.00486871 0.00361769
internal_weight=248618 241689 6929 5887 205174 183607 10250 2672 21567 173357 8590 164767 32156 1271 7578 20296 19717 4709 1901 132611 893 7129 1142 453 3111 18824 2450 1761 1257 5479
internal_count=248618 241689 6929 5887 205174 183607 10250 2672 21567 173357 8590 164767 32156 1271 7578 20296 19717 4709 1901 132611 893 7129 1142 453 3111 18824 2450 1761 1257 5479
is_linear=0
shrinkage=0.03


Tree=26
num_leaves=31
num_cat=0
split_feature=61 26 72 120 13 37 33 14 78 85 18 41 2 18 21 17 34 1 14 56 88 10 28 26 50 42 34 10 73 41
split_gain=51.9391 52.4287 50.4823 50.7215 46.1286 43.8637 55.963 76.0158 59.426 74.5825 58.9504 50.4873 47.3621 50.5402 50.315 47.7483 41.5163 43.2754 56.1547 52.8669 41.2477 36.7428 35.3892 33.5054 32.1093 30.2323 29.5759 28.4609 36.0251 32.2088
threshold=1.0627041459083559 0.019953023642301563 0.085271101444959654 0.70754703879356395 1.1131682991981509 0.73870381712913524 0.48790273070335394 0.89036855101585399 0.30000000447034841 -1.0000000180025095e-35 1.0222417712211611 0.043102532625198371 0.89999830722808849 1.0388998389244082 1.0573416948318484 1.1659516096115115 0.87331399321556102 0.052217049524188049 1.0741778016090395 1.1547704935073855 0.13765307515859607 1.024860739707947 0.011177172418683769 0.050012897700071342 0.96109297871589672 -0.072012089192867265 0.57011365890502941 1.0194279551506045 0.30000000447034841 -0.019980064593255516
decision_type=10 10 10 10 10 10 8 8 10 2 10 10 10 10 10 8 10 10 10 10 10 10 10 10 10 10 10 8 10 8
left_child=1 22 16 -4 5 6 7 20 11 -10 -9 -8 13 14 -7 -14 17 18 19 -2 -3 -15 27 -6 -17 26 -20 -1 29 -29
right_child=2 4 3 -5 23 12 8 10 9 -11 -12 -13 15 21 -16 24 -18 -19 25 -21 -22 -23 -24 -25 -26 -27 -28 28 -30 -31
leaf_value=0.00069124183258623692 -0.0016331169007570675 0 0.0022684457966995618 0.012843222840143666 0.00022276649740654664 0.00056819289734881821 -0.00051815088967218617 -0.0012106098932390813 -0.00045054461084201075 0.0019196738180699119 -0.0068366908407022278 -0.0040502082867389724 0.0013338863556065397 -0.0034411085676401853 -0.002441779520930346 0.01388700991055934 0.0052658637035158419 0.0052286547288165463 -0.018431385710965215 0.021251934514036529 0.014102855525424026 0.010662316545308064 0.005749253277541496 -0.014689066303083377 -0.00098539888406829791 -0.00011986469387801351 -0.0053616393171623238 0.006238109760750188 -0.0040796637354630783 -0.0028772509434880048
leaf_weight=65428 179 286 1058 762 159 34127 16342 57024 27362 20989 1736 4776 1380 170 5824 603 1276 648 233 126 420 675 1189 327 116 650 824 719 2513 594
leaf_count=65428 179 286 1058 762 159 34127 16342 57024 27362 20989 1736 4776 1380 170 5824 603 1276 648 233 126 420 675 1189 327 116 650 824 719 2513 594
internal_value=1.2105e-05 -5.35742e-05 0.00282465 0.00695043 -0.000336595 -0.000308119 -0.000585662 -0.00126105 -3.0101e-06 0.000572525 -0.0013842 -0.00133422 0.000519023 0.000283928 0.000120896 0.00490091 0.000815576 -0.00123065 -0.00348961 0.00762398 0.00833104 0.00746416 0.000634387 -0.00940164 0.0111199 -0.00571434 -0.00880999 0.000540606 -0.0019476 0.00190798
internal_weight=248515 242759 5756 1820 172316 171830 128935 59466 69469 48351 58760 21118 42895 40796 39951 2099 3936 2660 2012 305 706 845 70443 486 719 1707 1057 69254 3826 1313
internal_count=248515 242759 5756 1820 172316 171830 128935 59466 69469 48351 58760 21118 42895 40796 39951 2099 3936 2660 2012 305 706 845 70443 486 719 1707 1057 69254 3826 1313
is_linear=0
shrinkage=0.03


Tree=27
num_leaves=31
num_cat=0
split_feature=61 47 50 81 34 18 30 72 125 0 14 14 4 44 60 111 125 45 9 27 29 11 14 55 18 32 81 79 34 10
split_gain=60.1159 56.2409 62.3615 60.9692 83.7417 55.7391 46.083 52.0859 53.6278 47.3273 44.6915 50.3604 43.8575 63.1051 53.2317 42.8421 39.7912 48.1475 41.1452 47.0421 39.8659 39.8621 47.0593 69.0071 39.3889 37.038 36.5965 48.5207 36.2045 35.5489
threshold=1.0586050748825075 1.0940036177635195 0.83890491724014293 0.61666667461395275 0.44595624506473547 0.94392621517181408 -0.0052878481801599255 0.072333723306655898 -0.42574238777160639 -0.0067242591176182023 0.98188817501068126 1.0038685202598574 0.31999817490577703 1.0197938084602358 0.92119094729423534 1.0000000180025095e-35 0.49132412672042852 1.0105634331703188 0.9727265238761903 0.077030278742313399 0.0065293333027511844 0.9923246204853059 0.92240196466445934 0.96307611465454113 0.9824032485485078 0.00042503973236307507 0.28333334624767309 0.15000000223517421 0.93984422087669384 1.0172228217124941
decision_type=10 10 10 2 10 10 10 10 10 10 10 10 10 10 10 2 10 8 10 8 8 8 8 10 10 10 2 2 8 10
left_child=1 16 3 4 -3 -5 7 28 -9 -8 15 -12 14 -14 -7 -4 17 20 19 25 24 22 23 -19 -1 -18 -22 -28 -2 -20
right_child=6 2 10 5 -6 12 9 8 -10 -11 11 -13 13 -15 -16 -17 18 21 29 -21 26 -23 -24 -25 -26 -27 27 -29 -30 -31
leaf_value=0.0045229031190792707 0.00041143595595524355 0.0073252016784189113 -0.0030936397759454221 -0.0057241478641314996 -0.0056993875893259502 0.023212936165838683 0.0015450648320010038 0.01419772416076844 0.0031692163732387583 -0.008954303611166118 0.0010561921719640748 -0.00081751603993965522 -0.013004988053749347 0.011340006637302311 0.0040632052558111798 0.00014303452475623675 -0.012230349017481785 -0.0038111889812008121 -0.0015100059495043222 -0.018145330570603035 0.0018043819431663092 0.00067400396631457919 -0.00074286744019407881 0.0074064494556603643 0.0014006087278456249 0.00015707155596239136 0.00090807197633519508 -0.0079716171125226495 0.010980583401677697 0.0039181593774429008
leaf_weight=5115 2524 778 12336 164 982 387 1583 814 956 481 15770 68474 125 244 271 4993 268 679 7942 245 2026 59191 42101 1489 14361 702 959 1128 322 1217
leaf_count=5115 2524 778 12336 164 982 387 1583 814 956 481 15770 68474 125 244 271 4993 268 679 7942 245 2026 59191 42101 1489 14361 702 959 1128 322 1217
internal_value=-2.14989e-05 -0.000100313 -0.000625632 0.00364173 0 0.00882317 0.00278011 0.00445127 0.00851065 -0.000820234 -0.000753257 -0.000463041 0.0114977 0.00207722 0.016121 -0.00214468 0.000297096 0.000444853 -0.00148098 -0.0066538 0.00166871 0.000162644 -0.000514304 0.00375334 0.00223981 -0.00314034 -0.000960718 -0.00377903 0.0017802 -0.000749091
internal_weight=248627 241947 104524 2951 1760 1191 6680 4616 1770 2064 101573 84244 1027 369 658 17329 137423 127049 10374 1215 23589 103460 44269 2168 19476 970 4113 2087 2846 9159
internal_count=248627 241947 104524 2951 1760 1191 6680 4616 1770 2064 101573 84244 1027 369 658 17329 137423 127049 10374 1215 23589 103460 44269 2168 19476 970 4113 2087 2846 9159
is_linear=0
shrinkage=0.03


Tree=28
num_leaves=31
num_cat=0
split_feature=32 47 86 73 120 35 82 33 75 34 13 47 38 13 141 60 11 61 69 41 38 48 32 3 67 46 75 84 86 50
split_gain=48.5106 54.9877 53.4237 50.5893 46.5708 45.0733 55.2843 43.4272 42.8171 57.9965 53.4428 52.8681 51.2346 40.8042 42.5611 39.9902 38.9381 38.6582 45.0125 38.6207 55.8763 52.3627 50.921 50.3703 39.4946 38.5874 39.9133 38.381 37.4345 36.5466
threshold=-0.0050067340489476911 1.096509635448456 -0.58333334326744068 0.90000000596046459 0.70121976733207714 0.46385920047760015 0.97499999403953563 0.95888239145278942 0.22500000149011615 0.16640845686197284 0.94988206028938305 1.2357142567634585 -0.00065650412579998363 1.1131682991981509 1.1200307011604311 0.92286282777786266 0.96230062842369091 0.98290470242500316 0.20833366364240649 0.0092940065078437346 -0.018358826637268063 0.98102781176567089 0.0028012301772832875 0.016789064742624763 0.99583333730697643 1.2639539837837221 0.12500000372529033 0.65000000596046459 -0.516666680574417 0.89799901843070995
decision_type=8 10 2 10 10 10 2 10 2 10 8 10 10 10 10 10 8 10 10 8 8 10 10 10 10 10 2 2 2 10
left_child=2 16 3 4 -1 6 13 -8 12 11 -11 15 25 17 -15 -10 29 18 -3 21 27 -18 -23 -22 -25 28 -27 -21 -7 -2
right_child=1 5 -4 -5 -6 8 7 -9 9 10 -12 -13 -14 14 -16 -17 19 -19 -20 20 23 22 -24 24 -26 26 -28 -29 -30 -31
leaf_value=0.010841725586860144 -0.00046696621534470016 0.0026699922913056172 2.8857360262005491e-05 -0.00072494548133774804 0.001257659183297264 0.0010987156409387328 -0.0050771872040526267 0.0033367398152987422 0.011423208375624683 -0.0090437189188626848 0.00060984471913356651 0.014823518755692034 -0.0016809162704071354 -0.017119265247083699 0.00017121339014157112 0.0017162161834756026 -0.00093401005801630127 -6.1244294178115162e-05 -0.0024591219202519709 0.00050796739492030372 0.00099976878496637624 0.00031834231473260488 0.0038137141576968176 0.0099596601246161043 0 0.0012900073586452679 0.01620704020795069 -0.018180769605660556 -0.0024895324276415299 -0.0069897496973834383
leaf_weight=1476 2408 1645 3841 798 774 11362 4872 564 442 513 14755 386 19298 263 173 3137 32573 25672 14969 121 43423 54110 4043 1010 540 500 265 207 3357 1206
leaf_count=1476 2408 1645 3841 798 774 11362 4872 564 442 513 14755 386 19298 263 173 3137 32573 25672 14969 121 43423 54110 4043 1010 540 500 265 207 3357 1206
internal_value=-1.14389e-05 -8.34512e-05 0.0024658 0.00541877 0.00771709 -0.000613231 -0.00128043 -0.0041402 -1.25767e-05 0.00111692 0.000254458 0.00434478 -0.000646046 -0.000907759 -0.0098941 0.00305519 0.000302065 -0.000803378 -0.00193064 0.000385822 0.00110115 2.5178e-05 0.000567737 0.00119931 0.00651434 0.000624887 0.00712078 -0.0107914 0.000257713 -0.00275268
internal_weight=248703 241814 6889 3048 2250 102173 48158 5436 54015 19233 15268 3965 34782 42722 436 3579 139641 42286 16614 136027 45301 90726 58153 44973 1550 15484 765 328 14719 3614
internal_count=248703 241814 6889 3048 2250 102173 48158 5436 54015 19233 15268 3965 34782 42722 436 3579 139641 42286 16614 136027 45301 90726 58153 44973 1550 15484 765 328 14719 3614
is_linear=0
shrinkage=0.03


Tree=29
num_leaves=31
num_cat=0
split_feature=32 86 33 50 73 17 37 62 29 38 54 35 76 15 46 24 119 124 38 110 117 37 86 1 57 0 18 1 18 68
split_gain=45.9791 57.8124 46.5745 70.7225 60.5322 44.9875 50.0468 55.7272 66.1133 57.6372 59.3787 49.742 54.8519 49.3723 49.6983 46.2225 49.3474 70.9564 46.0853 45.6883 44.8473 42.8878 47.6483 47.4396 39.4178 39.3036 38.7406 38.4918 38.1316 44.3639
threshold=-0.0050067340489476911 -0.58333334326744068 0.92737150192260753 0.82833558320999157 0.90000000596046459 1.073097884654999 0.68280151486396801 0.91305175423622142 -0.0014285303768701849 -0.0089276120997965318 0.98650652170181286 0.64103376865386974 0.41666667163372045 1.1435185670852663 1.0255057215690615 0.049962287768721587 0.19618719816207889 0.76315826177597057 -0.022392359562218186 -0.20526316016912458 0.55594405531883251 0.84761008620262157 -0.81666666269302357 0.017634826712310318 1.1708310246467593 0.003683200455270708 0.98204264044761669 0.019813480786979202 1.0022943615913393 0.6029401719570161
decision_type=8 2 10 10 10 10 8 10 10 10 10 10 2 10 10 10 10 10 8 2 10 10 2 10 10 10 10 10 8 10
left_child=1 2 3 -1 -5 6 7 8 28 10 -10 21 25 14 26 -8 17 -17 -16 27 -11 22 23 -7 -24 -13 -9 -15 29 -2
right_child=5 -3 -4 4 -6 11 15 13 9 20 -12 12 -14 19 18 16 -18 -19 -20 -21 -22 -23 24 -25 -26 -27 -28 -29 -30 -31
leaf_value=0.022485749677932376 -0.01713349133967576 0 -0.0042727125513080787 0.0076122281922052287 -0.0030693261402956452 -0.0002847151483494317 0.0013281104559959473 0.0036949094833518136 -0.0092613330432028008 -0.0034270855618114601 0.0047480277381719014 0.00057327735508049611 0.0032073667619671661 0 -0.011466991713622936 0.021192502548162382 -0.012568180803908034 -0.0066125848514493549 -0.00026024390338663759 0.00034912280358240938 -1.846419913093587e-05 0.0011197207876993669 -0.0015938499129277024 -0.0065312801760016286 0.0027198563814218031 -0.0023105493965495513 0.0006436772328086691 0.014205250813147583 -0.0018202442950759252 -0.00498850656244331
leaf_weight=228 464 3873 344 1950 572 1767 35095 4376 276 6682 2390 12436 4742 231 313 102 430 220 86542 987 7585 5166 28661 3387 1976 6374 28857 585 1235 925
leaf_count=228 464 3873 344 1950 572 1767 35095 4376 276 6682 2390 12436 4742 231 313 102 430 220 86542 987 7585 5166 28661 3387 1976 6374 28857 585 1235 925
internal_value=-1.43828e-05 0.00238338 0.00542718 0.00677094 0.0050665 -8.49005e-05 0.000160544 -9.12755e-05 -0.00157831 -0.000867537 0.00312785 -0.000763963 0.000324138 0.000145073 6.81432e-05 0.00116205 -0.00603266 0.0020423 -0.000306714 0.0050474 -0.00163846 -0.00139684 -0.00176888 -0.00445707 -0.00130425 -0.000389427 0.00105645 0.0102271 -0.00601027 -0.00944411
internal_weight=248771 6967 3094 2750 2522 241804 177295 141448 19557 16933 2666 64509 23552 121891 120088 35847 752 322 86855 1803 14267 40957 35791 5154 30637 18810 33233 816 2624 1389
internal_count=248771 6967 3094 2750 2522 241804 177295 141448 19557 16933 2666 64509 23552 121891 120088 35847 752 322 86855 1803 14267 40957 35791 5154 30637 18810 33233 816 2624 1389
is_linear=0
shrinkage=0.03


Tree=30
num_leaves=31
num_cat=0
split_feature=16 26 37 36 33 78 20 60 54 86 69 14 80 79 55 86 44 2 85 28 17 16 2 60 51 108 86 43 76 36
split_gain=43.8897 42.4993 38.2479 50.7671 42.9922 49.6805 75.8855 61.8849 57.7955 61.3391 51.0433 47.9083 71.9283 60.1791 40.8758 39.8133 36.8888 52.9957 50.8442 35.1131 31.6786 45.7466 31.1162 53.1136 31.9466 30.3088 27.8626 51.8667 41.3556 27.0259
threshold=1.2324137687683108 0.020439135842025283 0.85093235969543468 0.19798858463764193 0.34704779088497167 0.30000000447034841 0.97069495916366588 0.85934346914291393 0.99143448472023021 -0.74999999999999989 0.96428680419921886 0.91026917099952709 0.42499999701976782 0.15000000223517421 0.98512348532676708 -0.81666666269302357 1.0433746576309206 -0.57142791152000416 -0.37499999999999994 0.012202489655464889 1.1313770413398745 1.0424567461013796 0.88889041543006908 0.97334358096122753 0.95553395152091991 -0.45000000298023218 0.84999999403953563 1.0668973922729494 0.050000002607703216 0.80222210288047802
decision_type=10 10 10 10 8 10 8 10 10 2 10 8 2 2 10 2 10 10 2 10 10 10 10 10 10 2 2 10 2 10
left_child=1 19 4 -4 11 8 7 -7 10 -10 -6 12 13 -3 -14 -8 17 -13 -18 20 -1 -22 26 -24 -25 -23 28 -28 -5 -2
right_child=29 2 3 22 5 6 15 -9 9 -11 -12 16 14 -15 -16 -17 18 -19 -20 -21 21 25 23 24 -26 -27 27 -29 -30 -31
leaf_value=0.00056681327658620034 0.00074317750446590354 0.0027517130939294465 0.013223669199199465 0.0025884484514185277 -0.0039956017140508589 -0.0066641025863076638 -0.0016424213377223976 0.0035567004686399986 0.0056500046337047858 -0.00057542627420101571 2.5300930916289657e-05 0.0017610106937026662 0.02710821665133591 -0.018173256833494328 0.0053020198102051138 0.00030793911526825666 -0.00099615285660596881 -0.0012819725095277905 -0.0042197184206757788 0.0065087498650136947 -0.0069289133724290382 0.0080183255552972958 0.0002393167093097235 0.02064664453374691 0 -0.0027090194753282048 0.0016338943352037065 0.01592590677056523 -0.0010803926165494067 0.0068689965457273041
leaf_weight=71576 1537 852 284 3792 8538 532 11529 8402 1549 15439 4033 6250 142 124 263 50840 10624 27479 7934 862 1213 390 642 242 101 492 1913 254 10014 1295
leaf_count=71576 1537 852 284 3792 8538 532 11529 8402 1549 15439 4033 6250 142 124 263 50840 10624 27479 7934 862 1213 390 642 242 101 492 1913 254 10014 1295
internal_value=-2.0363e-05 -6.44005e-05 -0.000325061 0.00100879 -0.000475941 -0.000107582 0.000317841 0.00290104 -0.00114346 0 -0.00268381 -0.00116234 0.00426449 0 0.0145694 -4.81902e-05 -0.00131298 -0.000708508 -0.00239351 0.000532231 0.000456483 -0.00314083 0.00077122 0.00591567 0.0151152 0.00177439 0.00042822 0.0035766 -4.87121e-05 0.00367807
internal_weight=249137 246305 171772 17242 154530 100862 71303 8934 29559 16988 12571 53668 1381 976 405 62369 52287 33729 18558 74533 73671 2095 16958 985 343 882 15973 2167 13806 2832
internal_count=249137 246305 171772 17242 154530 100862 71303 8934 29559 16988 12571 53668 1381 976 405 62369 52287 33729 18558 74533 73671 2095 16958 985 343 882 15973 2167 13806 2832
is_linear=0
shrinkage=0.03


Tree=31
num_leaves=31
num_cat=0
split_feature=61 13 29 57 52 35 49 24 17 38 79 40 18 51 34 7 121 19 61 108 52 108 35 17 74 24 27 87 142 33
split_gain=45.3274 80.6522 54.6646 47.0981 47.0966 48.0223 45.4475 50.623 50.238 43.0651 76.1985 46.8981 64.2041 45.3547 42.3759 41.2241 40.4071 56.2744 46.6492 40.06 37.2243 47.6995 42.0305 36.8686 36.8013 35.1199 31.9682 27.4983 26.5869 39.175
threshold=1.0586050748825075 1.1131682991981509 -0.0034455335699021812 1.1708310246467593 0.9795128107070924 0.72453325986862194 0.98129960894584667 0.04275054298341275 1.2919632792472842 -0.027027046307921406 0.15000000223517421 -0.032368231564760201 1.0238726735115053 0.89865520596504223 0.88780900835990917 -0.022764516994357106 0.63414636254310619 1.0183871984481814 0.9807335138320924 -0.45000000298023218 0.77689245343208324 -0.22500000149011609 0.68311947584152233 1.1183361411094668 0.15000000223517421 0.05465053208172322 0.061681538820266731 -0.60833334922790516 0.93723759055137645 0.75740644335746776
decision_type=10 10 8 10 10 10 10 10 10 8 2 8 10 10 10 10 10 10 10 2 10 2 10 10 2 10 10 2 10 10
left_child=1 2 6 9 5 -2 7 15 20 10 -4 13 -13 -11 19 27 -5 18 -18 -6 21 -8 -22 -17 -19 -3 -21 -1 -7 -30
right_child=4 25 3 16 14 28 8 -9 -10 11 -12 12 -14 -15 -16 23 17 24 -20 26 22 -23 -24 -25 -26 -27 -28 -29 29 -31
leaf_value=-0.0004215123677797811 0.0012272265984265686 -0.0035057211346696498 -0.021440399036657339 0.00053429297804643509 -0.0037564000339348944 0 -0.0019564027786332172 0.0020598315588040571 -0.010997750702127081 0.0050985856252690701 0.0019929157459338044 0.00012534718582725722 -0.0043094406115794914 -0.0002612034219943725 0.0050787641056191796 -0.001334506335161096 -0.0012668359976167939 -0.013771399778207061 0.010172217520228621 -0.0018417923185065264 -0.00095921811879518806 0.01474601647277626 0.0012978236847471822 -0.0043206872644949035 0.0022605259442701935 -0.02236343352858142 0.0090760726415514605 -0.015904545988080044 0.0062278681619137039 0.019623924571071094
leaf_weight=208 1260 258 209 3187 2110 226 221 2464 361 3281 223 170641 2968 2313 1235 14052 337 163 1637 399 21427 323 11290 5332 355 183 463 326 633 386
leaf_count=208 1260 258 209 3187 2110 226 221 2464 361 3281 223 170641 2968 2313 1235 14052 337 163 1637 399 21427 323 11290 5332 355 183 463 326 633 386
internal_value=-4.98854e-06 -7.37996e-05 -4.85991e-05 0.000198317 0.0024218 0.00567082 -0.000870764 -0.00191884 -0.000163418 0.000111384 -0.00912737 0.000136346 4.73151e-05 0.00283595 0.000398568 -0.00242765 0.00288544 0.00574468 0.00807578 -0.00146695 -3.02748e-05 0.00759998 -0.000170876 -0.00217499 -0.00255106 -0.0126125 0.00375514 -0.0106482 0.0098403 0.0118711
internal_weight=248471 241759 241318 185314 6712 2505 56004 22382 33622 179635 432 179203 173609 5594 4207 19918 5679 2492 1974 2972 33261 544 32717 19384 518 441 862 534 1245 1019
internal_count=248471 241759 241318 185314 6712 2505 56004 22382 33622 179635 432 179203 173609 5594 4207 19918 5679 2492 1974 2972 33261 544 32717 19384 518 441 862 534 1245 1019
is_linear=0
shrinkage=0.03


Tree=32
num_leaves=31
num_cat=0
split_feature=32 17 29 37 11 24 86 33 51 73 49 49 9 1 86 31 10 5 138 58 13 39 42 27 117 97 138 27 39 24
split_gain=44.7413 45.2501 47.8229 49.1662 51.7277 44.7287 44.4826 51.5179 53.1203 58.6641 43.6786 47.0994 46.4895 41.5341 39.9407 63.7712 61.5041 61.3494 47.9485 41.1117 44.1884 38.0412 52.645 45.5878 37.1875 49.0261 35.0429 34.8326 43.0805 32.9474
threshold=-0.0050067340489476911 1.065429210662842 -0.015580554492771624 0.45077377557754522 0.99143472313880932 0.05465053208172322 -0.58333334326744068 0.95202201604843151 0.82556602358818065 0.90000000596046459 0.91100168228149425 0.96335637569427501 1.0147185921669009 0.035714307799935348 0.78333333134651195 0.003454564139246941 1.0147258043289187 0.013781242072582247 0.55819633603096019 1.0041746497154238 1.0120249390602114 0.024586176499724392 -0.072012089192867265 0.023933865129947666 0.54003080725669872 0.40759851038455969 1.162924110889435 0.090709250420331969 0.027397852391004566 0.026525018736720089
decision_type=8 10 10 10 10 10 2 10 10 10 10 10 10 10 2 10 10 10 10 10 10 10 8 10 10 10 8 10 10 10
left_child=6 5 -3 26 -5 14 7 8 -1 -10 12 -12 -6 -7 15 21 27 18 -18 20 -17 22 -2 -23 -15 -26 29 -16 -29 -4
right_child=1 2 3 4 10 13 -8 -9 9 -11 11 -13 -14 24 16 19 17 -19 -20 -21 -22 23 -24 -25 25 -27 -28 28 -30 -31
leaf_value=0.020245426055279715 0.0031229220078710773 0.005243585055820019 -0.0018972046299864352 -0.0014152792411167012 0.0023585572354308947 0.0015634815137680876 0.00015340529381421771 -0.0085068917764376285 0.0072326292340621403 -0.0029450026414256083 -0.0020300262922522878 0.00097762489511778986 0.019601347217038791 -0.00040785771486046441 0.00085621492636697044 -0.0013582263532816751 -0.0039736120445541577 0.013467319710573458 0.0042160069191740984 0.0016973486946546084 -0.0054400796473152756 0.0075321441740403327 0.00025748732903136415 -0.0032797336032787203 -0.015555331246109633 0.0021542635350488126 0.00077793506901940271 -0.0077869644356853718 0.010301715857349335 -0.0052608028040405496
leaf_weight=217 6070 1166 12060 21563 579 603 3843 199 2047 616 5927 21615 196 478 15775 9998 702 572 4323 2547 3275 349 121705 4255 595 140 2983 793 108 3584
leaf_count=217 6070 1166 12060 21563 579 603 3843 199 2047 616 5927 21615 196 478 15775 9998 702 572 4323 2547 3275 349 121705 4255 595 140 2983 793 108 3584
internal_value=1.63927e-05 -5.0518e-05 -0.000696542 -0.000803522 -0.000305029 0.000209043 0.0023919 0.00507002 0.00616379 0.00476214 0.000530226 0.000318495 0.00748008 -0.00443949 0.000260837 8.05906e-05 0.00144555 0.00416839 0.00300122 -0.00171557 -0.00239463 0.000297734 0.000396426 -0.00236624 -0.00764393 -0.011817 -0.00212056 0.000509807 -0.00511638 -0.00269268
internal_weight=248883 241961 69673 68507 49880 172288 6922 3079 2880 2663 28317 27542 775 1816 170472 148199 22273 5597 5025 15820 13273 132379 127775 4604 1213 735 18627 16676 901 15644
internal_count=248883 241961 69673 68507 49880 172288 6922 3079 2880 2663 28317 27542 775 1816 170472 148199 22273 5597 5025 15820 13273 132379 127775 4604 1213 735 18627 16676 901 15644
is_linear=0
shrinkage=0.03


Tree=33
num_leaves=31
num_cat=0
split_feature=32 8 73 118 26 33 13 14 69 7 44 35 86 22 38 78 121 38 36 131 0 86 25 58 77 48 34 85 14 57
split_gain=41.584 40.6595 46.058 39.7069 36.6077 45.9724 54.424 75.1003 67.801 54.4996 51.4958 49.4316 84.4756 51.4246 45.3377 43.8086 42.8564 37.8555 44.2005 35.8377 34.5962 34.4795 32.5222 31.7607 46.8166 30.7737 30.7424 35.0694 34.6394 30.0941
threshold=-0.0050067340489476911 0.85576409101486217 0.90000000596046459 0.27659587562084204 0.019953023642301563 0.37435014545917517 0.98531934618949901 0.91377764940261852 0.64285615086555492 -0.0091957212425768358 1.042968809604645 0.72783526778221141 -0.81666666269302357 0.87563481926918041 -0.0015170679544098673 0.30000000447034841 0.59537583589553844 0.0097189522348344343 0.85244157910346996 1.469333350658417 0.01019825227558613 -0.55000001192092884 0.036226361989974983 0.97697970271110546 0.041666667908430106 0.98783916234970104 0.63659048080444347 0.87500000000000011 0.88145810365676891 1.1639336943626406
decision_type=8 10 10 8 8 8 8 8 10 10 8 10 2 8 10 10 10 10 10 10 10 2 10 10 2 10 10 2 10 10
left_child=1 2 3 21 23 10 8 -8 16 22 14 12 -9 -13 29 -11 -7 25 -19 26 -18 -1 -10 24 -2 -16 27 -12 -28 -6
right_child=4 -3 -4 -5 5 6 7 11 9 15 19 13 -14 -15 17 -17 20 18 -20 -21 -22 -23 -24 -25 -26 -27 28 -29 -30 -31
leaf_value=0.016609737018001416 -0.0041371132483835798 0.0081131056125850805 -0.0037892641058134878 0.0017046103892682629 0.00067276626953026897 -0.0058852425361131788 0.013330420902258574 -0.0029125035701413346 0.00076496789138972188 -0.0015717232338757954 -0.0041249093152917696 0.01361867214709208 0.00053612104053470913 0.0015936197971190382 -0.0022739587357821934 0.00077219811375098019 0.0037940221446872264 0.0019709836575439615 -0.005449104717985557 0.00019344465549171792 -0.0076407564879355048 0 0.0064769633112890593 0.00032537932770629774 0.0036611553512899287 0.0013511994730117881 0.012113216646487573 0.00806550606433761 -0.0015750372986009849 0.0081402965390407183
leaf_weight=301 747 938 1198 4282 15728 3458 396 7496 2666 20958 9601 314 42713 18425 15978 10699 868 5212 805 4621 300 133 1460 63284 5220 2305 146 183 7677 492
leaf_count=301 747 938 1198 4282 15728 3458 396 7496 2666 20958 9601 314 42713 18425 15978 10699 868 5212 805 4621 300 133 1460 63284 5220 2305 146 183 7677 492
internal_value=1.16576e-05 0.00231385 0.00131925 0.00269082 -5.25388e-05 -0.000287568 8.02516e-05 0.000592643 -0.000791477 -0.000339463 -0.000935524 0.00051129 1.4328e-05 0.00182541 -0.000290035 -0.000770099 -0.00420681 -0.00111516 0.000913811 -0.0020974 0.000525294 0.0112566 0.00288003 0.000528491 0.00262423 -0.00179955 -0.00271519 -0.00385031 -0.00125109 0.000927497
internal_weight=248604 6852 5914 4716 241752 172501 109753 69344 40409 35783 62748 68948 50209 18739 40520 31657 4626 24300 6017 22228 1168 434 4126 69251 5967 18283 17607 9784 7823 16220
internal_count=248604 6852 5914 4716 241752 172501 109753 69344 40409 35783 62748 68948 50209 18739 40520 31657 4626 24300 6017 22228 1168 434 4126 69251 5967 18283 17607 9784 7823 16220
is_linear=0
shrinkage=0.03


Tree=34
num_leaves=31
num_cat=0
split_feature=38 46 26 71 78 115 20 28 21 39 49 11 44 108 52 12 84 17 135 46 80 20 60 46 43 2 29 29 26 121
split_gain=46.7796 57.7751 42.833 41.4262 82.3845 52.7786 44.9496 45.0451 42.2444 52.1049 41.4954 40.3334 40.4807 48.1272 53.2451 49.0533 46.2651 37.4439 36.4828 35.289 34.5836 32.8654 48.2299 32.7266 31.8448 31.5974 31.4831 33.687 30.2022 31.5813
threshold=-0.00072121003177016963 1.2639539837837221 0.01629456598311663 0.9279136359691621 0.5000000149011613 0.75210446119308483 0.89811113476753246 0.0038517500506713991 1.0562026500701907 0.023828474804759029 0.81776785850524913 0.97260269522666942 1.0487363934516909 -1.0000000180025095e-35 0.67541500926017772 1.0287319421768191 0.75000000000000011 0.71143227815628063 0.23544844985008243 1.2182365059852602 0.075000001117587103 0.9574609398841859 0.86781904101371776 1.095711946487427 1.002862870693207 0.40000015497207647 0.003991214558482171 -0.00046248409489635373 0.072828978300094618 0.21382210403680804
decision_type=10 10 10 10 10 10 10 10 10 10 10 8 8 2 8 10 2 10 10 10 2 10 10 10 10 10 10 10 10 10
left_child=1 11 -2 4 8 6 24 -8 9 10 -4 -1 19 14 18 16 -15 -16 -14 -13 -9 22 25 -17 -5 -6 27 -23 29 -7
right_child=2 -3 3 5 21 28 7 20 -10 -11 -12 12 13 15 17 23 -18 -19 -20 -21 -22 26 -24 -25 -26 -27 -28 -29 -30 -31
leaf_value=0.004721978436968817 0.0007431380955597312 0.0054142138514517461 0.011439869517536104 0.00083521543037995958 0.0020364291987620122 0.0050800976029541471 -0.00069196202987347225 0.008226840939281721 0.0030845776575386618 -0.0061813868418112696 -0.0021786656745638412 0.00056124526069187698 0.024837875032775795 -0.0029051321068108366 0.0035673248878201852 0.01812538310441596 -0.01530832069539202 -0.00057275779748021697 0.00049997863303645549 0.010878158971966397 0.0026734518684493344 -0.00069840442749364391 0.0049105542867752365 -0.00095386987522244463 -0.015339453833509388 -0.016254480274819901 -0.0035929080385810916 0.00092450807211122052 -0.011326666088140279 -0.0026188121245430923
leaf_weight=1826 23291 2025 177 151 109 548 2462 1402 1170 3247 21245 79635 109 5775 2114 140 281 23757 146 283 4776 50748 1978 105 199 155 2780 14742 283 2629
leaf_count=1826 23291 2025 177 151 109 548 2462 1402 1170 3247 21245 79635 109 5775 2114 140 281 23757 146 283 4776 50748 1978 105 199 155 2780 14742 283 2629
internal_value=-3.06203e-05 0.000407087 -0.000417928 -0.000669324 -0.000881378 0.000946492 0.00217386 0.00263314 -0.00233186 -0.00260319 -0.00204159 0.000314718 0.000239587 -0.000649703 -6.95597e-05 -0.00299988 -0.00357851 -0.000220377 0.0130439 0.000604244 0.00400459 -0.000345087 0.00319604 0.00936161 -0.00788248 -0.00803463 -0.000466674 -0.000328332 -0.00215049 -0.00117352
internal_weight=248288 116196 132092 108801 96351 12450 8990 8640 25839 24669 21422 114171 112345 32427 26126 6301 6056 25871 255 79918 6178 70512 2242 245 350 264 68270 65490 3460 3177
internal_count=248288 116196 132092 108801 96351 12450 8990 8640 25839 24669 21422 114171 112345 32427 26126 6301 6056 25871 255 79918 6178 70512 2242 245 350 264 68270 65490 3460 3177
is_linear=0
shrinkage=0.03


Tree=35
num_leaves=31
num_cat=0
split_feature=29 86 29 59 82 42 82 115 46 20 38 50 6 14 41 7 36 9 27 82 37 96 113 24 10 43 111 122 87 151
split_gain=38.6967 69.6486 36.4264 48.1564 60.6663 53.9817 52.7049 41.2605 43.0929 38.1622 54.2303 48.5724 48.6355 39.6923 37.9551 37.4237 35.5527 32.4624 39.8781 31.8771 31.7339 30.8618 33.2495 32.6218 29.8371 41.8831 32.5733 32.234 29.498 34.4096
threshold=-0.015580554492771624 0.15000000596046451 -0.0034455335699021812 0.99764451384544384 0.25833334028720861 -0.069920826703309999 0.92500001192092907 0.74566438794136058 1.0050183534622195 0.89811113476753246 -0.0037063925992697473 0.84402000904083263 0.19999989122152331 0.97884264588356029 0.0065419827587902555 -0.016888910904526707 0.90225946903228771 0.9727265238761903 0.077030278742313399 0.10833333432674409 0.47865460813045507 0.030837217345833782 0.24999908357858661 0.029698550701141361 1.0182662010192873 1.0334736108779909 0.19615384936332705 0.3316174596548081 0.67500001192092907 0.51526540517807018
decision_type=8 2 10 10 2 8 2 8 10 10 10 10 10 10 10 8 10 10 10 2 10 10 10 10 10 10 2 10 2 10
left_child=1 -1 3 6 5 19 15 8 -4 10 -10 12 -11 -13 21 -2 20 18 -9 -5 -16 22 -6 -23 25 -19 -27 -26 29 -17
right_child=2 -3 7 4 14 -7 -8 17 9 11 -12 13 -14 -15 16 28 -18 24 -20 -21 -22 23 -24 -25 27 26 -28 -29 -30 -31
leaf_value=0.0049743240817643058 -0.014943126265809022 -0.009995509859510629 0.002223752547730978 0.0023812821439474132 0.0012530870125251929 0.00028561580974043429 0 -0.0029255707388325001 0.0033555570836707031 0.0062573286775101039 -0.016174386542713221 -0.00061570223033718897 0.00014439036943204213 0.00040739563127474983 0 -0.0058157509740723607 0.0050200135478655162 -0.0012072998016253939 -0.01657795855809097 0.0085819518347303985 -0.012699952991626394 -0.0008526705778738701 -0.0018831070712181095 -0.0041037753380192043 -0.0024999146862536336 -0.023457464770164707 -0.0013744177696471279 0.0072570818127738312 0.00055038577219091844 -0.0014148178623015189
leaf_weight=2677 253 282 9603 2390 10182 9473 6116 964 174 2318 284 49399 2558 109753 278 4167 157 7938 257 1242 607 13450 4277 3628 441 122 165 730 1389 2957
leaf_count=2677 253 282 9603 2390 10182 9473 6116 964 174 2318 284 49399 2558 109753 278 4167 157 7938 257 1242 607 13450 4277 3628 441 122 165 730 1389 2957
internal_value=-7.73372e-06 0.00338943 -5.02137e-05 -0.00068947 -0.000199074 0.00151472 -0.00217244 0.00015783 0.00027011 0.000153973 -0.00829715 0.000180408 0.00312538 8.79153e-05 -0.000898161 -0.0036611 -0.00651166 -0.0016521 -0.00626177 0.0046192 -0.00895461 -0.000699172 0.000303355 -0.00156486 -0.00100919 -0.00167288 -0.0126555 0.00335042 -0.00325641 -0.0040401
internal_weight=248231 2959 245272 60566 45684 13105 14882 184706 174089 164486 458 164028 4876 159152 32579 8766 1042 10617 1221 3632 885 31537 14459 17078 9396 8225 287 1171 8513 7124
internal_count=248231 2959 245272 60566 45684 13105 14882 184706 174089 164486 458 164028 4876 159152 32579 8766 1042 10617 1221 3632 885 31537 14459 17078 9396 8225 287 1171 8513 7124
is_linear=0
shrinkage=0.03


Tree=36
num_leaves=31
num_cat=0
split_feature=16 29 38 109 28 26 54 125 3 44 82 97 15 5 1 43 3 39 14 39 37 27 21 30 105 1 40 30 43 74
split_gain=42.5566 41.9203 41.2234 60.9724 54.5717 57.5136 59.4513 38.9455 51.8398 47.6699 47.3807 58.717 43.5322 37.1848 40.8891 34.163 66.868 35.1202 34.1529 50.1981 40.2102 33.6265 33.094 59.0555 35.0372 31.6864 31.1998 29.7761 29.3238 28.3914
threshold=1.2324137687683108 -0.00032306698267348105 -0.027027046307921406 0.11805555596947671 -0.010454545728862284 0.042864724993705756 1.041332542896271 -0.43859724700450892 0.011877833399921657 1.0248085856437685 0.22500000149011615 0.14941150695085528 1.0241350531578066 0.014432107098400595 0.043539037927985198 1.0486980676651003 0.014999956358224155 -0.011587816290557383 0.97834786772727977 -0.015545831527560948 0.65303525328636181 0.070886880159378066 0.97237592935562145 0.0010740733705461027 0.48684211075305944 0.020380468107759956 0.027902288362383846 0.0053038855548948058 1.0549841523170473 0.25000000745058065
decision_type=10 8 8 2 8 10 10 8 10 10 2 10 8 10 10 10 10 10 10 8 10 10 10 10 2 10 10 8 10 2
left_child=1 7 3 -3 5 6 28 29 10 -10 13 12 -12 26 -15 18 17 -17 19 -6 -20 -8 24 -24 -11 -13 -9 -18 -4 -1
right_child=-2 2 4 -5 15 -7 21 8 9 22 11 25 -14 14 -16 16 27 -19 20 -21 -22 -23 23 -25 -26 -27 -28 -29 -30 -31
leaf_value=0.0002797792304751455 0.0036892242786647801 0.0044351798804560102 0 -0.01699286751310199 0.0025006860055043979 0.009528914785844363 -0.001294956889769138 0.00043170714506210342 0.0058950351967832319 -0.012809360788112914 0.00093708776024037518 -0.0011288410226494134 -0.0009816345037793326 0.007148725897271664 -0.0033008028822120766 -0.0053312664606719245 0 0.0021103835449428985 0.00040927087306474381 -0.00032733181370476171 0.0022260246117736917 -0.0183187591253102 -0.0039711718365978664 0.003488557308477391 0.002118587729671309 -0.0033708707625815576 -0.0065231370024307171 0.012503908172505291 0.011615351106795242 0.0035157769598901387
leaf_weight=10506 2790 159 337 275 6225 1182 404 28347 479 595 17873 14979 26048 1408 384 2994 327 628 36162 58728 16090 149 5992 1077 135 9790 569 319 371 3264
leaf_count=10506 2790 159 337 275 6225 1182 404 28347 479 595 17873 14979 26048 1408 384 2994 327 628 36162 58728 16090 149 5992 1077 135 9790 569 319 371 3264
internal_value=1.75483e-05 -2.32048e-05 0.000362654 -0.00863216 0.000397966 0.00482726 0.000106006 -0.000420755 -0.000614676 -0.00289895 -0.000420877 -0.000860452 -0.00019394 0.000552557 0.00473226 0.000305637 -0.00231423 -0.00395412 0.000403977 -5.09951e-05 0.000975082 -0.0068847 -0.00349113 -0.00278569 -0.00966583 -0.00202911 0.00028007 0.00627251 0.00601748 0.00107257
internal_weight=248586 245796 124350 434 123916 2443 1261 121446 107676 8278 99398 68690 43921 30708 1792 121473 4268 3622 117205 64953 52252 553 7799 7069 730 24769 28916 646 708 13770
internal_count=248586 245796 124350 434 123916 2443 1261 121446 107676 8278 99398 68690 43921 30708 1792 121473 4268 3622 117205 64953 52252 553 7799 7069 730 24769 28916 646 708 13770
is_linear=0
shrinkage=0.03


Tree=37
num_leaves=31
num_cat=0
split_feature=37 1 1 42 86 35 105 14 46 5 90 20 49 40 35 140 87 60 75 140 93 40 45 138 79 14 38 38 26 45
split_gain=43.523 46.1205 42.607 41.9581 50.081 47.2454 41.1154 39.2924 39.2437 38.4749 41.9586 38.1587 42.2518 46.4962 36.1768 33.5894 33.0049 30.1942 29.6961 29.5464 28.6781 39.4187 31.4231 28.5255 36.5057 28.4205 40.8788 42.3285 40.6849 39.0109
threshold=0.73551964759826671 0.012300112284719946 0.075369052588939681 -0.074369274079799638 -0.81666666269302357 0.55948060750961315 0.58578431606292736 0.94557508826255809 1.0939935445785525 0.005050517152994872 0.16718912869691852 0.89811113476753246 0.86719700694084179 0.034591676667332656 0.75028985738754284 1.2926934361457827 -0.74166667461395253 0.99230769276618969 0.22500000149011615 0.8699510693550111 -0.17412563413381574 -0.055783757939934724 1.1128508448600771 0.7947848141193391 0.15000000223517421 0.98428785800933849 -0.022392359562218186 -0.0074742119759321204 0.092434160411357894 1.1517949104309084
decision_type=8 8 8 8 2 10 2 8 10 10 10 8 8 8 10 10 2 10 2 10 10 10 10 10 2 10 10 10 10 10
left_child=1 7 20 6 5 8 -3 -1 -5 19 -11 23 15 -14 18 -13 -7 -10 -9 -8 -2 22 -22 24 -6 26 -23 -28 29 -27
right_child=2 3 -4 4 11 16 9 14 17 10 -12 12 13 -15 -16 -17 -18 -19 -20 -21 21 25 -24 -25 -26 28 27 -29 -30 -31
leaf_value=-0.0043859731053027626 -0.00024537896826647181 -0.00084700868392809895 0.0078755952678434549 -0.0016969476772153776 -0.002947699441552318 0.0023993100348536048 -0.0040212933773314608 -0.00075886073362864219 0.001852976410788664 0.0024127268600418494 0.010635990871752144 0.0075637015629830872 -0.00028948005019214037 -0.0028710298995075169 0.0025327963066900756 -0.0019937349195827654 -0.0021711769957668435 -0.0084600374647034338 0.00095673211713444154 0.0028067042502530333 0.019022894838253167 -0.014650139417006248 0.0017130751260733522 -0.001616756389914987 -0.021088608790595102 0.0018614686510705887 0.004084298712546789 -0.00052977879372011042 0.014204751740820205 -0.0037883027943344098
leaf_weight=1355 20586 3643 730 2211 295 1915 804 13906 228 1521 1017 1038 112200 6676 8326 408 5010 2291 25508 1757 182 150 269 843 191 20273 2084 11750 218 1112
leaf_count=1355 20586 3643 730 2211 295 1915 804 13906 228 1521 1017 1038 112200 6676 8326 408 5010 2291 25508 1757 182 150 269 843 191 20273 2084 11750 218 1112
internal_value=1.01199e-05 -0.000206147 0.000735919 -0.000481257 -0.00061496 -0.00249729 0.00152008 0.000583601 -0.00481632 0.00326656 0.00588254 -0.000431773 -0.000372777 -0.00043744 0.000732711 0.00467195 -0.000860814 -0.00740118 0.000343753 0.000532339 0.000635829 0.00114738 0.0098465 -0.00546589 -0.0112218 0.00102324 -9.47269e-06 0.00014854 0.001705 0.00155041
internal_weight=248497 191143 57354 142048 133306 11655 8742 49095 4730 5099 2538 121651 120322 118876 47740 1446 6925 2519 39414 2561 56624 36038 451 1329 486 35587 13984 13834 21603 21385
internal_count=248497 191143 57354 142048 133306 11655 8742 49095 4730 5099 2538 121651 120322 118876 47740 1446 6925 2519 39414 2561 56624 36038 451 1329 486 35587 13984 13834 21603 21385
is_linear=0
shrinkage=0.03


Tree=38
num_leaves=31
num_cat=0
split_feature=120 50 79 4 85 38 88 42 120 25 109 35 24 45 37 38 16 77 86 49 34 38 3 76 85 31 3 10 62 109
split_gain=37.0786 59.8996 53.7036 61.6308 48.7761 61.4021 50.1998 49.86 67.1763 43.3486 43.336 43.1491 50.6743 47.9202 60.2442 52.6255 47.775 47.26 41.3045 51.9384 46.6878 40.1811 42.8825 38.6282 37.6095 37.0951 33.6668 30.035 47.4952 50.4576
threshold=0.25827811658382421 0.87003377079963695 0.15000000223517421 0.058823576197028167 0.62500000000000011 -0.022392359562218186 -0.1923500448465347 0.065385229885578169 0.28333315253257757 0.045090220868587501 1.0000000180025095e-35 0.82110020518302929 0.058124249801039703 1.0268343687057497 0.71133205294609081 -0.022392359562218186 0.94645953178405773 0.091666668653488173 0.84999999403953563 0.83734539151191723 0.65237262845039379 0.0055484485346823939 0.0076755671761929998 0.050000002607703216 0.92499998211860668 -0.0019003348425030706 0.016789064742624763 1.0162866711616518 0.91305175423622142 0.18333333730697635
decision_type=8 8 2 10 2 10 10 10 10 10 2 8 10 8 10 8 8 2 2 10 10 10 10 2 2 10 10 10 10 2
left_child=27 2 4 10 6 -6 -2 26 -9 -8 -4 13 21 17 15 -15 -17 -3 19 -5 -21 22 -13 -23 -20 -19 -7 28 29 -1
right_child=1 11 3 18 5 7 9 8 -10 -11 -12 12 -14 14 -16 16 -18 25 24 20 -22 23 -24 -25 -26 -27 -28 -29 -30 -31
leaf_value=-0.012028661570842846 0.00037601498500765138 -0.00090590219953243028 -0.00033904004223442243 0.0049746668310539435 -0.014634047270242478 0.0044146231489670318 0.0046839803152896424 0.0085834441234061021 -0.0055702841834828366 0.015126808903309174 0.0088437728629871086 0.0023951032374044819 0.010329158226644427 -0.0087151375628332275 0.00058895651931206445 -0.0027127783821420315 -0.00053968348141549265 -0.0024684304015115677 0.00089499820142028555 -0.0012953802721402373 -0.0085089281235343293 0.0036249662640393319 -0.0012816353510598441 -0.0031794029683028416 0.01705851043264071 0.0012450506039159311 0.018141301574358757 0.0020283558749296686 0.00019769968525840275 -0.0029281923238460685
leaf_weight=634 705 14781 686 671 169 1340 820 407 970 874 1092 13955 527 741 36930 10182 93997 2495 645 2511 1275 921 3459 3254 160 43426 195 1610 3894 5182
leaf_count=634 705 14781 686 671 169 1340 820 407 970 874 1092 13955 527 741 36930 10182 93997 2495 645 2511 1275 921 3459 3254 160 43426 195 1610 3894 5182
internal_value=2.35625e-05 0.000104866 0.0021228 0.000340006 0.004349 0.00170557 0.00757773 0.00284953 -0.00110913 0.0103605 0.00516958 -6.43034e-06 0.00124975 -0.00014518 -0.000448195 -0.000816156 -0.000755431 0.000557889 -0.00124848 -0.00242577 -0.00383544 0.00100488 0.00164694 -0.00159673 0.00480692 0.00103577 0.00656223 -0.00165072 -0.00229449 -0.00400946
internal_weight=248508 237188 12520 7040 5480 3081 2399 2912 1377 1694 1778 224668 22116 202552 141850 104920 104179 60702 5262 4457 3786 21589 17414 4175 805 45921 1535 11320 9710 5816
internal_count=248508 237188 12520 7040 5480 3081 2399 2912 1377 1694 1778 224668 22116 202552 141850 104920 104179 60702 5262 4457 3786 21589 17414 4175 805 45921 1535 11320 9710 5816
is_linear=0
shrinkage=0.03


Tree=39
num_leaves=31
num_cat=0
split_feature=32 86 33 51 54 33 1 86 56 38 53 37 69 28 43 35 29 39 27 20 139 27 88 26 39 15 95 82 5 3
split_gain=40.6615 51.5793 49.2067 50.8893 51.1761 35.3044 66.1935 47.1664 81.2222 51.2318 44.0138 43.2597 40.328 37.8555 49.6791 36.6619 49.0202 45.046 49.7889 46.1329 36.2586 58.2143 35.915 35.4627 34.7023 33.9736 33.2773 33.1447 32.5772 32.0436
threshold=-0.0050067340489476911 -0.58333334326744068 0.95202201604843151 0.83333334326744091 0.99766537547111522 0.37435014545917517 0.013114820234477522 0.68333333730697643 0.95061782002449047 -0.022392359562218186 1.0356425642967226 0.72889280319213878 0.75581330060958873 -0.013920774683356283 1.1155435442924502 0.75971806049346935 0.0047535179182887086 0.024586176499724392 0.025512699969112877 1.0170344114303591 1.0017001032829287 0.10020193085074426 0.55755534768104564 0.074513640254735961 -0.023470258340239521 1.1282995939254763 0.2567372620105744 0.041666667908430106 0.0034008399816229944 0.019685056991875175
decision_type=10 2 10 10 10 10 8 2 10 10 10 10 10 10 10 10 10 8 10 10 10 10 10 10 10 10 10 2 10 10
left_child=1 2 3 -1 -5 6 -2 8 -7 -9 11 12 25 14 -11 17 23 19 -19 -10 21 24 28 -17 -12 -8 -22 -18 -13 -15
right_child=5 -3 -4 4 -6 7 10 9 15 13 20 22 -14 29 -16 16 27 18 -20 -21 26 -23 -24 -25 -26 -27 -28 -29 -30 -31
leaf_value=0.018093924401056709 0.00071641775788128671 1.6822656831617087e-05 -0.0082200404150514963 -0.0059773400439657081 0.0062575052727257109 -0.0062909224211860019 -0.0020204193302981038 -0.014105323095597882 0.00043605218703756055 0.0099701280320345313 -0.016419565719745718 0.0014899341608178936 0.00037021944366647029 0.00099637916441332078 -0.0071818347414676657 0.0013976959018570892 0.0015026258994363668 0.0069752393205254519 -0.0041749235556267084 -0.00089471873133815342 -0.0049222000258881855 0.0050629097910400494 0.0031244478473141202 0.0074063964988792027 -0.0043486104142574358 0.0022450129371780134 0.0072037242066384961 -0.0052083544926948408 -0.0017287575252509305 0.0070388323275216991
leaf_weight=289 25073 4530 196 315 2252 1839 36314 168 61291 878 582 4858 9139 23170 147 17373 991 359 4040 37878 529 197 3463 945 493 1680 301 1654 6608 820
leaf_count=289 25073 4530 196 315 2252 1839 36314 168 61291 878 582 4858 9139 23170 147 17373 991 359 4040 37878 529 197 3463 945 493 1680 301 1654 6608 820
internal_value=-3.95731e-05 0.00211874 0.00512049 0.00619112 0.00460558 -0.00010895 -0.000583035 0.00016826 -6.58042e-05 0.00135383 -0.00109555 -0.000944081 -0.00139127 0.00148083 0.00713283 2.47115e-05 0.00117036 -0.000204462 -0.00316963 -6.92945e-05 -0.00537543 -0.00852691 0.000447665 0.00173178 -0.0113383 -0.00182284 -0.000105756 -0.00258898 -0.0003387 0.0012211
internal_weight=248372 7582 3052 2856 2567 240790 89237 151553 126370 25183 64164 62062 47133 25015 1025 124531 20963 103568 4399 99169 2102 1272 14929 18318 1075 37994 830 2645 11466 23990
internal_count=248372 7582 3052 2856 2567 240790 89237 151553 126370 25183 64164 62062 47133 25015 1025 124531 20963 103568 4399 99169 2102 1272 14929 18318 1075 37994 830 2645 11466 23990
is_linear=0
shrinkage=0.03


Tree=40
num_leaves=31
num_cat=0
split_feature=61 52 120 132 47 24 34 33 23 97 5 30 95 40 2 37 34 19 49 35 66 118 15 27 11 61 15 114 123 24
split_gain=37.8094 43.5012 48.9983 41.0294 47.29 52.9625 38.5924 41.9382 34.0469 33.3604 32.9221 32.4025 31.8738 31.2227 29.3606 57.4556 33.004 52.2226 51.7763 45.5596 40.9633 37.1633 35.4096 31.0519 28.6203 38.0886 37.2568 26.9877 26.4882 26.1674
threshold=1.0586050748825075 0.9789799451828004 0.70754703879356395 1.2602997422218325 1.1212214231491091 0.052069550380110748 0.86604297161102306 0.91577228903770458 0.019702794961631302 0.24429959058761599 0.0114942011423409 -0.0023975719232112165 -0.12173156440258025 -0.060536835342645638 0.88889041543006908 0.75419428944587719 0.24155258387327197 1.0190377831459048 0.98199695348739635 0.78226622939109813 0.040833333507180221 0.69473668932914745 0.90478917956352245 0.065804541110992446 0.96230062842369091 0.82318028807640087 0.94779530167579662 0.29171784222126013 -0.76489704847335804 0.026085009798407558
decision_type=10 10 10 10 8 10 10 10 10 10 10 10 10 8 10 10 8 8 8 10 10 8 8 10 10 8 8 10 10 10
left_child=3 2 -2 4 5 13 7 27 -7 -8 -10 12 -9 -1 16 -16 17 22 20 -20 -18 -19 -6 -17 26 -26 -15 28 -3 -5
right_child=1 6 -4 29 14 8 9 11 10 -11 -12 -13 -14 24 15 23 18 21 19 -21 -22 -23 -24 -25 25 -27 -28 -29 -30 -31
leaf_value=0.0071188444843657116 0.0014251304163529616 -0.0041562830378040344 0.010239317218566225 0.0006276729317626125 0.010758138243019725 0.0034602408446722994 0.0062812610884062647 -0.0017388090956099104 -0.013785914520893762 -0.0049694128284323612 -0.00078081927492461181 0.0060242594138966224 -0.013462897873989172 -0.000229435272495176 -0.0016457740076081758 0 -0.011954542927402102 -0.009161879452652141 -0.0016190222418102419 0.0020856389123110747 -0.002709463158613948 -0.0014245822547188731 0.0004574651388967255 0.012698741255772633 0.0049179113233551279 3.1497786736262529e-05 -0.0070384900709681694 0.009973849909888071 0.0039636374957626687 -0.00088683120057263601
leaf_weight=540 1420 779 1055 78783 293 192 1248 469 532 246 336 127 505 2149 1209 297 447 808 9991 4194 16641 2151 11429 521 1440 96922 1152 244 628 11639
leaf_count=540 1420 779 1055 78783 293 192 1248 469 532 246 336 127 505 2149 1209 297 447 808 9991 4194 16641 2151 11429 521 1440 96922 1152 244 628 11639
internal_value=-1.1673e-05 0.00220296 0.00535449 -7.46829e-05 -0.000377967 -1.33693e-05 0.000279115 -0.00175039 -0.00662428 0.00418942 -0.00922049 -0.00627362 -0.00826791 5.35438e-05 -0.00115606 0.00230891 -0.00131636 -0.000120671 -0.00186765 -0.000501172 -0.00298253 -0.0036854 0.000758373 0.00841168 1.16721e-05 0.000107068 -0.00272411 0.00112547 -0.000317052 0.000429258
internal_weight=248387 6721 2475 241666 151244 103263 4246 2752 1060 1494 868 1101 974 102203 47981 2027 45954 14681 31273 14185 17088 2959 11722 818 101663 98362 3301 1651 1407 90422
internal_count=248387 6721 2475 241666 151244 103263 4246 2752 1060 1494 868 1101 974 102203 47981 2027 45954 14681 31273 14185 17088 2959 11722 818 101663 98362 3301 1651 1407 90422
is_linear=0
shrinkage=0.03


Tree=41
num_leaves=31
num_cat=0
split_feature=61 13 34 52 30 33 40 3 23 65 29 49 18 127 3 25 59 30 77 39 27 12 114 81 39 35 61 116 11 24
split_gain=34.6726 50.9896 40.4897 48.6087 51.596 40.4876 35.5089 34.5689 57.547 49.9974 56.5573 48.5029 122.467 47.1314 45.8125 40.6338 50.7249 39.6449 36.9637 35.2915 43.7291 40.5803 32.1991 27.7187 27.6717 27.0047 24.9812 24.6391 24.5769 71.9557
threshold=1.0673608183860781 1.1131682991981509 0.85901173949241649 0.98305413126945507 -0.0052878481801599255 0.92737150192260753 -0.055783757939934724 0.0080717173404991644 0.014554263558238746 0.057189542800188072 0.014715953730046751 0.81776785850524913 0.94392621517181408 0.1081075929105282 0.016789064742624763 0.019166851416230205 0.92726746201515209 -0.0054039154201745978 0.32500000298023229 0.019165444187819961 0.021531471982598308 1.0039170980453493 0.25505083799362188 0.38333334028720861 0.022396391257643703 0.8177141845226289 1.0384448766708376 0.31550791859626776 0.99672940373420726 0.030025747604668144
decision_type=10 10 10 10 10 10 10 10 10 10 10 8 10 10 10 10 8 8 2 10 10 10 10 2 10 10 10 10 8 10
left_child=1 7 3 4 -2 22 -7 11 13 -10 14 12 -1 17 -11 -15 -17 -9 -14 28 -21 -22 -5 -12 -19 -4 -3 -27 -13 -30
right_child=2 26 25 5 -6 6 -8 8 9 10 23 19 18 15 -16 16 -18 24 -20 20 21 -23 -24 -25 -26 27 -28 -29 29 -31
leaf_value=-0.0094283893850430761 0.0077402153368787583 -0.013363023141925006 0.0031082572626952494 -0.001960273281203856 -0.0056268923432147202 0 -0.013990672993935211 0.0014614905236778534 -0.003535355046648004 0.00038331333606752996 -0.0020374027430540014 1.5530916119285303e-05 0.0258815104173181 0.004500795952511418 0.0040124525934569499 0.013799366646553559 -0.0019658983302508759 -0.0031199885406338356 0.0020010263333097101 0.0065654380301118339 -0.0013818586532952652 -0.013199312480210742 0.01001612602321561 -0.01509265441148697 0.0081025235349920025 0.015610601469043563 0 0 0.0010733860323860931 -0.0047190870841660138
leaf_weight=179 1090 366 1133 859 297 267 400 1918 2634 14883 486 134727 234 1687 4032 171 3473 16633 118 579 14253 254 238 250 167 397 177 157 44485 1982
leaf_count=179 1090 366 1133 859 297 267 400 1918 2634 14883 486 134727 234 1687 4032 171 3473 16633 118 579 14253 254 238 250 167 397 177 157 44485 1982
internal_value=-1.11712e-05 -6.23966e-05 0.00249691 0.000376329 0.00462538 -0.00281086 -0.00855263 -4.0273e-05 -0.000778267 0.00030855 0.000842104 0.000132006 0.00902685 -0.00179725 0.00117618 0.000645049 -0.00107293 -0.00250879 0.0192206 0.000105497 -0.00128473 -0.00162731 0.00050231 -0.00715072 -0.00298109 0.0062312 -0.00908272 0.0117645 0.00022303 0.000817937
internal_weight=248526 243688 4838 3151 1387 1764 667 243145 46334 22285 19651 196811 531 24049 18915 5331 3644 18718 352 196280 15086 14507 1097 736 16800 1687 543 554 181194 46467
internal_count=248526 243688 4838 3151 1387 1764 667 243145 46334 22285 19651 196811 531 24049 18915 5331 3644 18718 352 196280 15086 14507 1097 736 16800 1687 543 554 181194 46467
is_linear=0
shrinkage=0.03


Tree=42
num_leaves=31
num_cat=0
split_feature=38 11 142 49 27 120 51 23 81 15 57 86 78 5 10 30 24 34 3 32 14 46 95 33 76 25 27 25 49 44
split_gain=36.7957 66.6221 38.1131 39.0445 37.8261 49.9457 48.6576 60.7627 54.834 41.8192 37.3391 36.4744 34.7585 54.219 42.9565 44.6006 36.0393 33.8951 33.1199 32.1075 30.8876 30.8668 30.1212 39.2905 32.2693 28.55 41.9094 32.5261 37.1722 26.6441
threshold=-0.00072121003177016963 0.97507631778717052 1.4110112786293032 0.90122932195663463 0.03250034153461457 0.24516137689352038 0.80054330825805675 0.04635994695127011 0.61666667461395275 0.89952808618545543 0.90021282434463512 0.78333333134651195 0.5000000149011613 0.0023174833040684466 1.0122249722480776 -0.0065894327126443377 0.045238057151436813 0.37596441805362707 0.0057591516524553308 -0.0034260622924193736 0.89715060591697704 1.2639539837837221 -0.11741965264081954 0.71428564190864574 0.050000002607703216 0.072568304836750044 0.059347653761506088 0.036226361989974983 0.94953110814094555 1.0515180826187136
decision_type=10 8 10 10 10 10 10 10 2 10 10 2 10 10 10 10 10 10 10 10 8 10 10 10 2 10 10 10 10 10
left_child=1 2 25 -4 18 10 7 8 9 -7 11 -6 14 19 16 -16 -8 -15 -2 -14 -12 29 23 -23 -25 26 -1 28 -28 -3
right_child=4 21 3 -5 5 6 12 -9 -10 -11 20 -13 13 17 15 -17 -18 -19 -20 -21 -22 22 -24 24 -26 -27 27 -29 -30 -31
leaf_value=0.002542262208708998 0.00064867778745216279 0.00046588341575017192 0.0067066614244298021 -0.0061785487311214003 -0.0093971651221085098 0.0049598516214672695 -0.0015184772418172458 -0.013777040598669358 0.017588025851449106 -0.0030403245873570155 -0.017230474412776531 0.0040388363929094746 0.0047450331844446133 9.8973191878331233e-05 0.0056085786188013178 -0.0071383648351836032 0.0074549912019987209 -0.001749441959131004 -0.0011832704762355724 0.00056696480527558058 -0.0050978627743973638 0.00070033994249322194 0.00035768332293894585 0 0.020424186675753696 -0.0014350653073096377 -0.0047008345775474709 0.015946992637073571 0.015749070250369129 -0.00058273763054988005
leaf_weight=759 41627 82331 353 462 223 2029 18388 157 235 760 230 681 1908 14582 238 2096 382 21862 11196 13937 1926 365 953 103 273 242 179 720 104 29454
leaf_count=759 41627 82331 353 462 223 2029 18388 157 235 760 230 681 1908 14582 238 2096 382 21862 11196 13937 1926 365 953 103 273 242 179 720 104 29454
internal_value=-2.07318e-05 0.000367344 0.00491235 -0.000211348 -0.000363733 -0.00077749 -0.000622109 0.0029796 0.00403293 0.00266689 -0.00453907 0.000268088 -0.00078307 -0.000360828 -0.00181372 -0.0056745 -0.00131215 -0.00100198 0.000254413 0.00109433 -0.0066765 0.00025095 0.00425449 0.00873084 0.0153397 0.0071258 0.00847285 0.01253 0.00236772 0.000186846
internal_weight=248755 116298 2819 815 132457 79634 76574 3181 3024 2789 3060 904 73393 52289 21104 2334 18770 36444 52823 15845 2156 113479 1694 741 376 2004 1762 1003 283 111785
internal_count=248755 116298 2819 815 132457 79634 76574 3181 3024 2789 3060 904 73393 52289 21104 2334 18770 36444 52823 15845 2156 113479 1694 741 376 2004 1762 1003 283 111785
is_linear=0
shrinkage=0.03


Tree=43
num_leaves=31
num_cat=0
split_feature=25 61 13 116 36 85 34 29 22 124 56 76 40 41 51 67 8 15 20 47 27 12 23 44 46 113 113 117 138 9
split_gain=35.0371 34.5483 44.334 34.5139 32.2929 32.2875 31.179 30.4487 43.4418 42.8747 48.3486 41.3391 37.0929 67.5587 47.717 36.9953 46.0203 40.1856 31.6846 22.9725 22.6034 21.9269 21.9024 21.5267 18.5327 18.2691 17.2052 22.9191 16.8119 26.7857
threshold=0.012404591776430609 1.0627041459083559 1.1131682991981509 0.49750821292400366 0.79889890551567089 -0.92499998211860646 0.85237184166908275 -0.00046248409489635373 1.094093978404999 0.10871952399611474 0.99318480491638195 0.18333333730697635 -0.031624082475900643 -0.03648023679852485 0.9030837118625642 0.84654632210731517 0.42857025563716894 0.98586711287498485 1.002801835536957 1.2607259750366213 0.072274368256330504 0.99129995703697216 0.014554263558238746 1.0224956274032595 1.2482990026474001 0.093752395361661925 0.55223891139030468 0.41870822012424475 0.88611000776290905 1.0036166310310366
decision_type=10 10 10 10 8 2 10 10 10 8 10 2 10 10 10 10 10 10 10 10 10 10 10 10 10 10 8 8 8 10
left_child=26 2 7 -4 6 25 20 9 12 15 21 18 14 -14 -9 17 -17 -2 -10 -7 28 -11 -13 -12 -22 -6 -1 -28 -3 -30
right_child=1 4 3 -5 5 19 -8 8 11 10 23 22 13 -15 -16 16 -18 -19 -20 -21 24 -23 -24 -25 -26 -27 27 -29 29 -31
leaf_value=0.00026435803954612724 0.0010743783764802035 -0.0066882265404412632 0 -0.016675113909895539 0.0051601665242133046 0 0.0040810858942871885 0.0051013971451602967 0.00016481295395377374 -0.0024079435062355735 -0.0012949120417272307 0.0025911521418812331 -0.0084796637015534995 -2.3621163214119054e-06 -0.0033447818574331317 -0.0072275207847798022 0 -0.00061199351588473686 0.0076900631933244186 0.012984369473305927 0.0082472704181698348 0.0069802914826033622 -0.0060502113960549534 -0.006436857389082019 -0.00014439590224651696 -0.0040454795359531953 0.0060449815195795717 0.0012730422041915446 -0.0089557315058233899 0.0025835049557427488
leaf_weight=20786 15105 758 239 243 414 192 1546 2572 823 321 1263 462 834 99206 724 1581 1671 77207 1741 586 292 494 502 2577 718 309 999 14097 226 642
leaf_count=20786 15105 758 239 243 414 192 1546 2572 823 321 1263 462 834 99206 724 1581 1671 77207 1741 586 292 494 502 2577 718 309 999 14097 226 642
internal_value=-2.3583e-05 -0.000170712 -0.000235284 -0.00915418 0.00212766 0.00589923 0.000680936 -0.000212194 0.000137814 -0.000588355 -0.00340345 0.00340244 2.28171e-05 -7.77135e-05 0.00314665 -0.000447407 -0.00359185 -0.000332631 0.00541066 0.0101055 -0.001216 0.0029542 -0.00163544 -0.00483883 0.00210348 0.000819044 0.000842059 0.00161626 -0.00346067 -0.000217151
internal_weight=249130 213248 207565 482 5683 1501 4182 207083 106864 100219 4655 3528 103336 100040 3296 95564 3252 92312 2564 778 2636 815 964 3840 1010 723 35882 15096 1626 868
internal_count=249130 213248 207565 482 5683 1501 4182 207083 106864 100219 4655 3528 103336 100040 3296 95564 3252 92312 2564 778 2636 815 964 3840 1010 723 35882 15096 1626 868
is_linear=0
shrinkage=0.03


Tree=44
num_leaves=31
num_cat=0
split_feature=32 11 73 41 105 66 34 46 13 40 44 111 31 9 39 25 1 37 38 27 74 81 121 16 38 76 52 117 8 43
split_gain=38.0208 36.2297 32.7757 37.4381 32.5877 40.3861 30.5799 29.7573 51.0083 50.8044 49.342 42.6509 34.0568 47.3836 51.2289 43.7847 46.9457 33.0687 33.0662 32.0491 71.7989 84.6777 50.9543 50.6684 38.2519 40.6159 43.8311 42.1831 31.0129 33.4051
threshold=-0.0050067340489476911 0.98024386167526256 0.90000000596046459 0.039808694273233421 0.63961037993431102 0.050862070173025138 0.87718731164932262 1.0748876333236697 0.98994478583335888 -0.028262267820537087 1.040661692619324 -0.23431372642517087 0.0037783057196065788 0.98856797814369213 -0.025953015312552449 0.042249390855431564 0.033673437312245376 0.052406217902898795 0.00054785833344794821 0.063066184520721449 0.45000000298023229 0.65000000596046459 0.37671239674091345 1.0585610866546633 -0.022392359562218186 0.31666667759418493 0.90607100725173961 0.55102041363716137 -0.60000231862068165 1.0047857165336611
decision_type=10 8 10 10 2 8 10 10 8 10 10 2 10 10 10 10 10 10 10 10 2 2 10 8 8 2 10 10 10 10
left_child=1 -1 3 4 5 -3 -6 9 11 -2 28 17 15 -14 -15 16 -12 -9 -13 24 -21 22 -22 -23 -10 26 -26 -27 -11 -30
right_child=7 2 -4 -5 6 -7 -8 8 19 10 12 18 13 14 -16 -17 -18 -19 -20 20 21 23 -24 -25 25 27 -28 -29 29 -31
leaf_value=0.0051446226254814277 0.0025977242102683392 0.013080561679521841 -0.0049904683346321966 0.0079992044507427619 -0.007033619612080412 0.00081991873708154737 0.0038311148704592689 0.013868474944578378 -0.010071051826938958 0.001389294154585857 -0.00051817723378909917 -0.0014329114192234088 0.0025950788695233589 0.0020177073578616662 -0.0095411926877176124 0.011202741398306931 -0.0061916211329599872 0.00029670948873035624 -0.0046730838907768045 -0.00021318587680204873 0.0083472203152581033 -0.0028799204287034545 -0.0013846979505071346 0.010348376271627447 0.0035362789491857889 0.0010914847381261752 -0.0013331157580866999 -0.0036922314012151716 0.00096641721485850101 -0.00021936740355607385
leaf_weight=2428 7641 260 751 691 786 2404 274 158 357 20129 15961 7168 555 389 1471 245 1433 2426 5158 12758 587 255 2286 1838 1706 17825 31870 1789 29356 77958
leaf_count=2428 7641 260 751 691 786 2404 274 158 357 20129 15961 7168 555 389 1471 245 1433 2426 5158 12758 587 255 2286 1838 1706 17825 31870 1789 29356 77958
internal_value=3.20403e-05 0.00211993 0.000626123 0.00166736 0.000375879 0.00221686 -0.00392847 -3.25899e-05 -0.000480571 0.000214365 8.85277e-05 -0.00207653 -0.00129108 -0.00464415 -0.00696844 -0.000810277 -0.00100938 0.00134191 -0.00281848 -0.000141996 0.000957217 0.00401303 0.000543951 0.00858273 -0.000511657 -0.000438097 -0.00107481 0.000636564 0.000308141 0.000102331
internal_weight=248913 7594 5166 4415 3724 2664 1060 241319 86181 155138 147497 14910 20054 2415 1860 17639 17394 2584 12326 71271 17724 4966 2873 2093 53547 53190 33576 19614 127443 107314
internal_count=248913 7594 5166 4415 3724 2664 1060 241319 86181 155138 147497 14910 20054 2415 1860 17639 17394 2584 12326 71271 17724 4966 2873 2093 53547 53190 33576 19614 127443 107314
is_linear=0
shrinkage=0.03


Tree=45
num_leaves=31
num_cat=0
split_feature=55 49 118 33 60 118 29 118 40 33 39 32 39 2 26 23 79 54 38 36 1 42 29 4 77 17 12 50 45 1
split_gain=32.117 45.5485 39.9766 57.1364 34.1829 56.1545 33.179 31.0079 30.7122 38.3442 36.2416 53.8627 36.1393 41.5295 31.9212 30.1244 29.0878 43.2586 44.3808 34.2787 34.3688 28.9515 43.5924 40.6767 28.6131 27.8948 25.7191 22.1128 21.8931 20.4703
threshold=0.93828159570693981 0.83734539151191723 0.19310326129198077 0.93019410967826854 0.85934346914291393 0.084337174892425551 0.011058792006224396 0.1406245827674866 0.034591676667332656 0.89038133621215831 0.038296254351735122 0.0010892279678955676 0.024586176499724392 -0.48148107528686518 0.026623383164405826 0.027728965505957607 0.15000000223517421 0.98704987764358532 0.014336686115711929 0.56274235248565685 0.029209625907242302 -0.076892897486686693 -0.0003706220159074291 0.42378623783588415 0.32500000298023229 0.85254058241844188 0.99011725187301647 0.82833558320999157 1.0155528187751772 0.048951072618365295
decision_type=8 8 10 10 10 10 10 10 10 10 10 10 10 10 10 10 2 10 10 10 10 10 10 10 2 8 10 10 10 10
left_child=4 2 3 24 5 -1 -7 -6 10 16 12 -12 21 -14 -11 -15 19 18 -18 20 -10 23 -23 -3 27 -19 -16 -2 -28 -4
right_child=1 8 29 -5 7 6 -8 -9 9 14 11 -13 13 15 26 -17 17 25 -20 -21 -22 22 -24 -25 -26 -27 28 -29 -30 -31
leaf_value=-0.0010595879645438192 0.021813699663605367 0.0027395937553152312 -0.004925364615871561 -0.0041195362618486027 -0.0017430933070415023 0 -0.019009537299810458 0.012905210318743802 0 -0.0040852888362122438 0.010480670683721141 -0.0048031238481566745 -0.018992305865511299 -0.0027324702767489756 0.01172962135718957 0.0035775497038805695 -0.0077564940271100903 -0.01265223639675889 0.00084999006025281273 -0.0048483885304026883 0.010959843061119001 -0.00037738369310644259 0.00047283413524627874 -0.002100642789106745 0 -0.00079548781720762318 -0.0035078745364073537 0.0023802919455564878 0.0043710103899136914 0.0052730984424200393
leaf_weight=693 339 7631 344 158 669 105 363 137 614 534 670 252 115 4788 313 738 2376 171 613 476 422 105528 111498 1877 133 5111 396 111 1041 325
leaf_count=693 339 7631 344 158 669 105 363 137 614 534 670 252 115 4788 313 738 2376 171 613 476 422 105528 111498 1877 133 5111 396 111 1041 325
internal_value=1.81682e-05 4.99775e-05 0.00538929 0.0100924 -0.00377869 -0.00705622 -0.0149137 0.000635747 1.76091e-05 -0.00145536 9.52674e-05 0.00597156 7.01274e-05 -0.00229463 0.00196227 -0.00182581 -0.00228624 -0.00299659 -0.00589781 0.00139209 0.00458095 0.000130535 5.80403e-05 0.00175018 0.0144504 -0.0012822 0.00400245 0.0179637 0.00197554 0
internal_weight=248541 246574 1410 741 1967 1161 468 806 245164 12067 233097 922 232175 5641 2284 5526 9783 8271 2989 1512 1036 226534 217026 9508 583 5282 1750 450 1437 669
internal_count=248541 246574 1410 741 1967 1161 468 806 245164 12067 233097 922 232175 5641 2284 5526 9783 8271 2989 1512 1036 226534 217026 9508 583 5282 1750 450 1437 669
is_linear=0
shrinkage=0.03


Tree=46
num_leaves=31
num_cat=0
split_feature=32 86 29 13 30 81 87 62 5 39 87 123 124 31 125 57 24 122 24 138 83 140 73 124 46 20 6 77 137 91
split_gain=37.3547 37.2656 37.013 54.7474 42.0006 45.4589 37.1323 48.8777 46.2919 43.3854 36.3545 39.2163 33.8285 33.6949 32.706 49.6834 44.9229 40.6508 36.5398 35.5888 32.2617 31.7754 33.4047 31.9459 31.6431 32.2054 30.9276 33.9221 30.4615 29.6119
threshold=-0.0050067340489476911 -0.58333334326744068 -0.0034455335699021812 0.98671391606330883 -0.0062322989106178275 0.88333332538604747 0.50833332538604747 0.94333335757255565 0.01273890817537904 -0.0050659247208386651 -0.9583333134651183 -0.89743593335151661 -0.29411788284778589 -5.803187923447694e-05 0.49132412672042852 0.924800604581833 0.049962287768721587 0.31799156963825231 0.075137220323085799 0.58654785156250011 0.70000001788139354 0.78484579920768749 0.70000001788139354 -0.57647019624710072 1.010325074195862 0.89811113476753246 0.40624968707561498 0.74166667461395275 1.1131830215454104 0.5658814311027528
decision_type=8 2 8 8 10 2 2 10 10 10 2 10 10 10 10 8 10 10 8 10 10 10 10 10 8 8 10 2 10 10
left_child=1 21 3 20 5 26 7 12 -8 -10 -7 -12 -6 -9 15 16 19 -18 -16 -4 -2 -1 23 -23 -17 -26 27 -5 -25 -21
right_child=2 -3 14 4 6 10 8 13 9 -11 11 -13 -14 -15 18 24 17 -19 -20 29 -22 22 -24 28 25 -27 -28 -29 -30 -31
leaf_value=-0.0022223913330950218 -0.0061501242275385651 0.00010148853100986344 -0.0018758495648701983 -0.0096362594099913094 -0.00095682652030664936 -0.0038869388606787348 7.4942625153293839e-05 -0.0014283929377224679 -0.00058093879957284243 0.011571075134782336 0.0084514563244179799 0.0019668612995144678 -0.0088915041047930715 0.00079209335693980422 -0.0012227403588511137 0.0013182864424507832 0.0072998480367489522 -0.013242815491333925 -0.016916605122119399 0.0036701385341783542 0.0016725301017004571 0.00038270517845045434 0.001198987140800371 0.012876873863574015 -0.013207492180845954 4.912868927690125e-05 0.0046745542848100428 0.0053839760026091641 0 0.011724737802595373
leaf_weight=454 2441 3868 385 710 949 700 7620 29672 365 636 1039 5450 1230 7556 10578 19532 102 212 119 1104 509 409 1024 1048 145 149497 223 125 203 865
leaf_count=454 2441 3868 385 710 949 700 7620 29672 365 636 1039 5450 1230 7556 10578 19532 102 212 119 1104 509 409 1024 1048 145 149497 223 125 203 865
internal_value=0 0.00215623 -6.2782e-05 -0.000715188 -0.000499522 0.00146273 -0.000843177 -0.00123653 0.00091882 0.00692161 0.00234571 0.00307402 -0.00561234 -0.000969473 0.000147304 0.000249047 0.00430065 -0.00563399 -0.00145657 0.0057885 -0.0046972 0.0045773 0.00584634 0.00848617 0.000182876 3.25155e-05 -0.00419098 -0.0069635 0.0108518 0.00744174
internal_weight=248770 7006 241764 59225 56275 8247 48028 39407 8621 1001 7189 6489 2179 37228 182539 171842 2668 314 10697 2354 2950 3138 2684 1660 169174 149642 1058 835 1251 1969
internal_count=248770 7006 241764 59225 56275 8247 48028 39407 8621 1001 7189 6489 2179 37228 182539 171842 2668 314 10697 2354 2950 3138 2684 1660 169174 149642 1058 835 1251 1969
is_linear=0
shrinkage=0.03


Tree=47
num_leaves=31
num_cat=0
split_feature=37 93 40 81 51 42 52 33 81 81 41 85 41 3 60 15 47 78 23 42 9 35 80 73 40 79 38 18 84 25
split_gain=31.2935 34.3705 40.9624 37.6584 73.113 39.7076 39.5714 38.9494 38.8265 41.1601 34.0167 40.0738 39.8823 51.2606 45.1542 66.8325 40.0337 39.7126 34.9691 33.4406 38.9487 38.6905 37.9324 32.1722 31.9583 33.7979 57.7968 45.0941 46.2652 40.7945
threshold=0.6567087471485139 0.2807918787002564 -0.027646611444652077 0.050000002607703216 0.82136890292167675 0.051182987168431289 0.65655314922332775 0.41923999786376959 0.61666667461395275 0.31666667759418493 0.073160044848918929 0.72499999403953563 0.004142619203776122 0.0082304789684712904 0.91361600160598766 0.91967964172363292 1.0457573533058169 0.90000000596046459 0.015482488553971054 0.086607374250888838 0.98099812865257274 0.8177141845226289 0.17500000447034839 0.30000000447034841 0.0024979627924039964 0.45000000298023229 -0.0024653468281030651 1.0141774415969851 0.84999999403953563 0.031150273978710178
decision_type=8 10 10 2 10 10 10 10 2 2 8 2 10 10 10 8 10 10 8 10 10 10 2 10 10 2 10 10 2 10
left_child=10 -2 -3 6 8 -6 -4 -7 9 -5 12 -12 13 19 16 17 -15 -16 -17 20 23 -22 -21 -1 -14 27 -27 28 -26 -28
right_child=1 2 3 4 5 7 -8 -9 -10 -11 11 -13 24 14 15 18 -18 -19 -20 22 21 -23 -24 -25 25 26 29 -29 -30 -31
leaf_value=-0.0062505203970813729 -7.4488689901776562e-06 0.0056900996423792094 -0.011870271050967305 0.007829607888015443 0.0014730118750449158 0.0027655815161475943 -0.00069083119295946062 -0.0045492756569596631 0.018308159810078051 -0.0058893989357454452 -0.0022702436497343786 -0.016144628742423787 0.0015679287553705722 0.012452712878306261 -0.012296281159518214 -0.0031300672195075669 -0.00084367851552512687 0.00043196470049209891 -0.00011755817854052368 0.012998990035140805 -0.00042726059444640079 0.0015760944390877324 -0.0052011659102780472 0 -0.0012379862205466007 0.0036965807508284512 0.00082307389624436617 0.01270268941739172 0.0014885518815592252 -0.0030385373727952287
leaf_weight=1753 46981 1783 296 948 21593 893 3966 2031 271 206 1295 221 15526 331 899 8423 391 230 6251 327 68618 9878 106 1282 26485 5239 12291 207 6998 3055
leaf_count=1753 46981 1783 296 948 21593 893 3966 2031 271 206 1295 221 15526 331 899 8423 391 230 6251 327 68618 9878 106 1282 26485 5239 12291 207 6998 3055
internal_value=8.26209e-06 0.000502745 0.001261 0.000986027 0.00142155 0.00102012 -0.00158913 -0.00220978 0.00801089 0.00506649 -0.000219962 -0.00467202 -0.000177524 -0.000567472 -0.00209323 -0.00244307 0.00501907 -0.0094798 -0.00186909 -0.000255764 -0.000304397 -0.000170999 0.00784835 -0.00363265 0.0003684 1.92839e-05 0.000981785 -0.00056015 -0.000658633 3.1847e-05
internal_weight=248774 78968 31987 30204 25942 24517 4262 2924 1425 1154 169806 1516 168290 98489 16525 15803 722 1129 14674 81964 81531 78496 433 3035 69801 54275 20585 33690 33483 15346
internal_count=248774 78968 31987 30204 25942 24517 4262 2924 1425 1154 169806 1516 168290 98489 16525 15803 722 1129 14674 81964 81531 78496 433 3035 69801 54275 20585 33690 33483 15346
is_linear=0
shrinkage=0.03


Tree=48
num_leaves=31
num_cat=0
split_feature=16 26 1 14 35 38 54 23 42 57 1 118 86 13 14 121 36 118 115 18 58 14 62 15 16 10 13 43 146 57
split_gain=30.6917 32.3375 57.1438 45.4512 66.9501 62.2413 73.6632 93.6686 54.9296 43.8243 55.0692 54.4021 44.1329 41.6763 65.6157 41.7652 39.7759 47.164 37.5825 43.852 37.1954 53.6367 39.5613 41.714 35.0015 30.7926 63.5499 34.3352 29.7426 28.1074
threshold=1.2143567204475405 0.02791998349130154 0.037089884281158454 0.92240196466445934 0.63741308450698864 -0.022392359562218186 0.9990222454071046 0.008332270663231613 0.10747681930661203 0.88547036051750194 0.036626255139708526 0.16666731983423236 0.94999998807907116 0.98962548375129711 1.041227459907532 0.29612040519714361 0.37921296060085302 0.32258097827434545 0.70338985323905956 1.0152305960655215 0.97917002439498912 0.93765288591384899 0.87959802150726329 0.99517628550529491 1.1561158299446108 1.0168350338935854 0.91974771022796642 1.019842326641083 0.47521664202213293 1.1745005846023562
decision_type=10 10 10 8 10 10 10 10 10 10 10 10 2 8 8 10 8 10 10 10 8 10 8 10 8 10 10 10 10 10
left_child=1 2 20 4 9 -6 8 -8 -7 -3 12 -12 -11 14 25 -15 28 -18 -17 -20 21 -1 23 -22 -16 27 -27 -5 -4 -24
right_child=-2 3 16 13 5 6 7 -9 -10 10 11 -13 -14 15 24 18 17 -19 19 -21 22 -23 29 -25 -26 26 -28 -29 -30 -31
leaf_value=-0.0024128559554193428 0.0026949823207049009 -0.0092189397504406911 0.00074083204832501128 -0.00099196019455229101 -0.01503015444907323 0 -0.015711028206315411 0.0082200429392429372 -0.0078043165989175999 0.0017533389496773759 0.0028440768471819922 0.016692220526623131 0.020286694368170127 0.0046070375427068339 -0.0079992991653709111 -0.00017236945359719487 0.0077250529230092901 -0.0034859687007597782 -0.0056469272786011642 0.010234621914351009 0.0012813301719976718 0.0024561050547309473 9.1055011091753955e-05 0.011933752832229475 0 0.016540192617647734 0.00028405279096186211 -0.0040286732326722634 -0.0064154647057272874 0.0091940842030709454
leaf_weight=2310 3712 171 565 22655 234 3432 138 1413 1035 2789 544 617 106 1572 1981 65973 557 764 1885 140 1153 13837 108503 498 665 211 4253 4050 2470 287
leaf_count=2310 3712 171 565 22655 234 3432 138 1413 1035 2789 544 617 106 1572 1981 65973 557 764 1885 140 1153 13837 108503 498 665 211 4253 4050 2470 287
internal_value=-3.75957e-06 -4.61225e-05 0.000274002 -0.000416884 0.00145557 -0.000474401 8.98003e-05 0.00572691 -0.00181742 0.00436954 0.00505845 0.0106156 0.00266938 -0.00060982 -0.00147474 -0.000184806 -0.00308884 0.00106216 -0.000301318 -0.00431289 0.000392559 0.00173887 0.000192727 0.00477839 -0.00601761 -0.00107586 0.00118968 -0.00146639 -0.00498891 0.000119512
internal_weight=248520 244808 130944 113864 10479 6252 6018 1551 4467 4227 4056 1161 2895 103385 33815 69570 4356 1321 67998 2025 126588 16147 110441 1651 2646 31169 4464 26705 3035 108790
internal_count=248520 244808 130944 113864 10479 6252 6018 1551 4467 4227 4056 1161 2895 103385 33815 69570 4356 1321 67998 2025 126588 16147 110441 1651 2646 31169 4464 26705 3035 108790
is_linear=0
shrinkage=0.03


Tree=49
num_leaves=31
num_cat=0
split_feature=55 14 16 13 1 111 7 33 85 93 17 24 40 14 29 26 28 26 138 60 48 61 37 87 52 36 85 117 81 71
split_gain=29.6177 38.2596 52.9817 62.0515 49.298 81.1355 39.587 44.117 37.1972 33.7951 31.9613 54.108 51.6515 45.1067 49.1183 49.1064 42.6916 38.6019 36.9974 36.2947 35.9021 42.4928 33.9023 47.7619 46.3452 31.4649 66.524 40.0001 36.0125 34.1525
threshold=0.93828159570693981 0.91377764940261852 0.74566674232482921 0.9831373691558839 0.046599481254816062 0.081666667014360442 0.020908353850245479 0.8607984483242036 0.92499998211860668 -0.5512268841266631 1.073097884654999 0.05465053208172322 -0.08242462575435637 0.98188817501068126 -0.0013836969155818222 0.056707147508859641 -0.0039668898098170749 0.076644271612167372 1.1934471130371096 1.0185198783874514 0.90512683987617504 0.89552435278892528 0.70778319239616405 0.84166666865348827 0.80908361077308666 0.79550671577453624 0.82500001788139354 0.6601293981075288 0.45000000298023229 0.98076936602592479
decision_type=8 8 8 8 10 2 10 10 2 10 10 10 10 10 10 10 10 10 8 10 8 10 8 2 10 10 2 10 2 10
left_child=25 2 -2 4 6 -6 7 -4 -8 -5 20 13 -13 15 18 16 -12 -17 -15 -16 -3 -22 24 -24 -23 26 27 28 -1 -27
right_child=1 10 3 9 5 -7 8 -9 -10 -11 11 12 -14 14 19 17 -18 -19 -20 -21 21 22 23 -25 -26 29 -28 -29 -30 -31
leaf_value=0.012547194878013966 -0.0083501923446106657 0.0051169096459228987 0.0005879086744461858 -0.0018138399286437088 0.017195118275885185 -0.00027548520640732765 0.0074213354076627927 -0.007071239208898337 -0.0050835977452141894 0.012104841986990123 0.0017554961218609086 -0.0067379696497126759 0.0070669126480183376 -0.00131554619655802 0.0012123033756328476 0.0055083884257257961 -0.0039222112462282896 -0.0064570349890130515 0.0015647668195607682 -0.0074308108520471537 -0.0017846275008257723 -0.0026359202469094238 0.00193717405802971 -0.0010077107558905032 0.00018818968491132742 -0.0034559194908431127 -0.016360546455468916 -0.0092940868955015844 -0.0019879133903238731 0.0099984798267897645
leaf_weight=210 368 1306 2538 142 423 448 1018 876 225 847 1288 256 1408 32918 16660 1074 8797 274 4463 421 9560 5425 20781 6346 128896 403 395 359 375 250
leaf_count=210 368 1306 2538 142 423 448 1018 876 225 847 1288 256 1408 32918 16660 1074 8797 274 4463 421 9560 5425 20781 6346 128896 403 395 359 375 250
internal_value=8.3598e-06 3.91177e-05 0.00224122 0.0029089 0.00158876 0.00806791 0.000283495 -0.00131973 0.00487559 0.00981274 -2.30195e-05 -0.000577082 0.00471014 -0.000716537 -0.000350068 -0.00243239 -0.00316536 0.00279811 -0.000962985 0.00097329 0.000192512 0.000152556 0.00026933 0.00123697 7.15201e-05 -0.00361517 -0.00626303 -0.00147493 0.00297625 0.00139337
internal_weight=248750 246758 6885 6517 5528 871 4657 3414 1243 989 239873 67559 1664 65895 54462 11433 10085 1348 37381 17081 172314 171008 161448 27127 134321 1992 1339 944 585 653
internal_count=248750 246758 6885 6517 5528 871 4657 3414 1243 989 239873 67559 1664 65895 54462 11433 10085 1348 37381 17081 172314 171008 161448 27127 134321 1992 1339 944 585 653
is_linear=0
shrinkage=0.03


Tree=50
num_leaves=31
num_cat=0
split_feature=14 38 69 1 138 80 38 117 31 51 3 40 19 17 83 4 38 29 34 82 20 54 26 1 15 40 71 81 24 74
split_gain=30.5689 53.1205 74.0691 79.8182 76.6328 53.8052 105.349 50.8586 46.7955 43.2538 76.7605 43.062 51.723 38.2111 39.5644 35.1752 34.3835 42.205 40.1121 29.9046 29.784 29.6264 29.2383 56.3996 51.5395 47.1573 65.5331 46.9015 48.3191 49.7532
threshold=0.92490586638450634 -0.022392359562218186 0.83333334326744091 0.026223756372928623 0.70207196474075328 0.37500000000000006 0.0055484485346823939 0.59163522720336925 0.0035349861718714242 0.86555403470993053 0.012261570431292059 0.033683093264698989 0.98750686645507824 0.91664749383926403 0.5000000149011613 0.24999766051769259 0.01168382214382291 0.0073712046723812827 0.84251889586448681 0.058333335444331176 0.9455646574497224 0.99321487545967113 0.028693589381873611 0.037089884281158454 0.95949462056159984 -0.028887711465358731 0.58064493536949169 0.75000000000000011 0.05465053208172322 0.45000000298023229
decision_type=8 10 10 10 10 2 10 10 10 10 10 10 10 10 10 10 10 10 10 2 10 10 10 8 10 10 8 2 10 2
left_child=1 8 3 19 20 13 9 15 -1 10 -7 12 -6 16 -15 -8 18 -18 -4 -3 -5 -16 23 -2 -25 26 -24 -27 29 -29
right_child=22 2 5 4 11 6 7 -9 -10 -11 -12 -13 -14 14 21 -17 17 -19 -20 -21 -22 -23 25 24 -26 27 -28 28 -30 -31
leaf_value=0.0048525487584229867 0.00035718192808247809 0.0090217556219191145 0.0056944258870811537 -0.0045060586065382166 0.017480771211082508 0.0068756868893983187 0.016327915042297816 -0.00034674373123712315 -0.016450239023609547 -0.00498613965649618 -0.010902373581648543 0 0.00028993134700734663 0.0010829708047142294 -0.010357816256239603 0 0.0050600495166936432 -0.010392986012454858 -0.0011884424400654121 -0.0029404776455875313 0.0098203250711514818 0.0014511845565655013 -0.00027760906721118828 0.001272641889965589 -0.005255163208408911 -0.0013383909821651247 0.0037115814017171212 -0.00073284639065122122 0.0061076849349894846 0.0019282969300602644
leaf_weight=102 129884 210 1264 412 1067 1051 767 251 251 1026 246 242 227 531 980 160 186 496 1738 950 167 178 11109 1568 3082 48209 5453 27353 1140 8186
leaf_count=102 129884 210 1264 412 1067 1051 767 251 251 1026 246 242 227 531 980 160 186 496 1738 950 167 178 11109 1568 3082 48209 5453 27353 1140 8186
internal_value=2.55906e-05 0.00147082 0.00183118 0.00567891 0.00912847 0.00036784 0.00327844 0.0105134 -0.00956033 -0.000320816 0.0031616 0.0125961 0.0147437 -0.00147818 -0.00519237 0.013716 0.000162514 -0.00572708 0.00162884 -0.000404457 0 -0.00829413 -4.98219e-05 0.000238706 -0.0029937 -0.00043537 0.00102062 -0.000723147 7.76129e-05 -0.000110706
internal_weight=248486 12502 12149 3275 2115 8874 3501 1178 353 2323 1297 1536 1294 5373 1689 927 3684 682 3002 1160 579 1158 235984 134534 4650 101450 16562 84888 36679 35539
internal_count=248486 12502 12149 3275 2115 8874 3501 1178 353 2323 1297 1536 1294 5373 1689 927 3684 682 3002 1160 579 1158 235984 134534 4650 101450 16562 84888 36679 35539
is_linear=0
shrinkage=0.03


Tree=51
num_leaves=31
num_cat=0
split_feature=46 29 53 126 24 38 78 35 26 25 15 122 124 23 50 80 21 20 49 29 26 81 57 15 10 124 49 50 109 61
split_gain=27.7316 41.6652 39.8673 34.0463 32.3084 32.2404 64.6287 46.5624 44.7536 42.4583 45.8838 42.4314 42.7087 40.3197 41.5594 37.641 37.3597 52.7621 43.3753 41.7264 36.599 31.3809 37.1686 29.3568 71.8878 73.0519 49.1715 45.3621 34.8432 29.1407
threshold=1.009595572948456 0.0065293333027511844 0.96496790647506725 0.15607922524213794 0.021894470788538459 -0.0013310879585333166 0.5000000149011613 0.827701896429062 0.069855619221925749 0.035600783303380019 0.95488440990448009 0.30886662006378179 -0.28571389615535731 0.042898170650005348 0.8063870668411256 0.42499999701976782 0.89206057786941539 0.95435854792594921 0.88712069392204296 0.003991214558482171 0.022375790402293209 0.28333334624767309 1.0633797049522402 0.9311589002609254 1.0148642659187319 0.56180971860885631 0.9589509665966035 0.83378759026527416 0.11805555596947671 0.83347818255424511
decision_type=8 8 10 10 10 10 10 10 10 10 10 10 10 10 10 2 10 10 10 10 10 2 10 8 10 10 10 10 2 10
left_child=1 2 -1 -4 -5 8 7 13 23 10 -10 -11 -13 14 15 -7 18 -18 -8 -19 -16 -3 -23 24 26 -26 -2 -27 -25 -9
right_child=5 21 3 4 -6 6 16 29 9 11 -12 12 -14 -15 20 -17 17 19 -20 -21 -22 22 -24 28 25 27 -28 -29 -30 -31
leaf_value=0.015605877840475357 -0.0053830569134559834 0.00041433852003844757 0.0033848173703233744 0.00012106785028717935 0.0063677681451357925 0 -0.019863386833281056 0.010555683416359634 -0.020839456372074228 -0.005591290446635532 0.00071237149935786089 0.00050032012977888984 0.006804123986360008 -0.015276088095359646 -0.00067036159341504384 0.01570782280517824 0.0050210636583826723 4.2297603805916804e-05 0.0005216317019996143 -0.0034335796284141709 -0.0028054520140752075 -0.0049464904204306543 0.0098664430804623685 -5.1137335230371725e-06 -0.00048338560161234286 -0.0017722249644490198 0.0022259066675118589 0.013346492406750727 0.0014751664959264266 0.00073264446263179796
leaf_weight=168 4055 4047 5916 11224 788 271 164 289 114 360 189 1633 2829 188 12606 207 1841 83437 135 3204 18442 2190 133 67794 3829 198 867 606 17987 3266
leaf_count=168 4055 4047 5916 11224 788 271 164 289 114 360 189 1633 2829 188 12606 207 1841 83437 135 3204 18442 2190 133 67794 3829 198 867 606 17987 3266
internal_value=-1.81288e-05 0.000939131 0.00167988 0.00151542 0.000565695 -0.000123856 -0.000448265 -0.00153438 0.00027375 0.00300169 -0.00725573 0.0037355 0.00457652 -0.00190382 -0.00180493 0.00666648 -1.31715e-05 2.03879e-05 -0.0102634 -8.3542e-05 -0.00194922 -0.00111691 -0.00389338 0.000123358 -0.00144685 0.00118375 -0.00397847 0.0093065 0.000302054 0.0016697
internal_weight=248977 24466 18096 17928 12012 224511 124050 35269 100461 5125 303 4822 4462 31714 31526 478 88781 88482 299 86641 31048 6370 2323 95336 9555 4633 4922 804 85781 3555
internal_count=248977 24466 18096 17928 12012 224511 124050 35269 100461 5125 303 4822 4462 31714 31526 478 88781 88482 299 86641 31048 6370 2323 95336 9555 4633 4922 804 85781 3555
is_linear=0
shrinkage=0.03


Tree=52
num_leaves=31
num_cat=0
split_feature=137 32 33 86 76 24 17 87 4 3 113 16 1 33 14 35 58 39 62 64 52 14 87 27 69 72 50 38 11 73
split_gain=27.0551 41.2866 35.7123 35.396 33.2557 34.9021 37.1791 47.1017 35.4231 34.4605 29.9353 29.5727 28.5854 41.6869 35.9061 49.2067 39.9754 35.2381 33.31 27.6145 26.1773 35.0991 31.4324 25.8399 41.9956 37.5987 33.0777 31.8838 24.065 23.435
threshold=0.53991904854774486 -0.0050067340489476911 0.90145045518875133 -0.58333334326744068 0.48333333432674414 0.05465053208172322 0.9301990568637849 0.95833331346511852 0.40000243484973913 0.010370411444455387 0.089285437017679228 0.96579748392105114 0.054187210276722915 0.75363361835479747 1.041227459907532 0.72453325986862194 1.0161272287368777 -0.02043109945952892 0.91305175423622142 0.29285715520381933 0.81185373663902294 0.98138049244880687 0.4916666597127915 0.075391694903373732 0.14285717159509662 0.71542543172836315 0.75165659189224254 -0.022392359562218186 0.96230062842369091 0.90000000596046459
decision_type=8 10 10 2 2 10 10 2 10 8 10 10 10 10 10 10 10 10 10 10 10 8 2 8 10 10 10 8 10 10
left_child=1 2 3 29 12 23 7 8 -7 19 -4 -2 14 18 20 16 -16 -17 -14 -8 21 -3 -22 27 25 -25 -26 -6 -29 -1
right_child=11 4 10 -5 5 6 9 -9 -10 -11 -12 -13 13 -15 15 17 -18 -19 -20 -21 22 -23 -24 24 26 -27 -28 28 -30 -31
leaf_value=0.0088542736387916196 -0.00026342710807475319 -0.0067391067414077459 0.0019541208788669152 0 -0.0083304590221206128 -0.014771403735248153 0 0.0071465036864854564 0.00015690800736830303 -0.0077348172342197475 -0.010848797733479711 0.0008812911100031473 -0.013962447312988445 0.0091280324412950867 -0.0042061858688408659 -0.006946810630396566 0.00066524877091259115 7.2560782496320733e-05 0.0014227920027990197 0.01752447869499146 -0.00049676045874947478 0.00080575819243999954 0.002110201829891098 0.004041759518110589 -0.0081728712334635245 0.021184638962760322 0.0016897053995668574 -0.0031021710983030718 0.00023297356130903089 0.00070666736350693822
leaf_weight=1369 32565 1308 315 1066 383 568 140 111 137 162 260 52522 122 624 8466 665 1715 9506 1116 131 57036 836 4439 537 295 163 5912 1981 63836 525
leaf_count=1369 32565 1308 315 1066 383 568 140 111 137 162 260 52522 122 624 8466 665 1715 9506 1116 131 57036 836 4439 537 295 163 5912 1981 63836 525
internal_value=4.63035e-06 -0.000219665 0.00297059 0.00434345 -0.000292301 0.000168859 -0.00475179 -0.00852244 -0.0115323 0.00175438 -0.0035009 0.000439694 -0.000695239 0.00292884 -0.00077985 -0.00188037 -0.00335648 -0.000369674 -5.2763e-05 0.00859956 -0.000422596 -0.00367828 -0.000303013 0.000258305 0.00200331 0.00892785 0.00114805 7.11589e-05 0.000127122 0.00678355
internal_weight=248811 163724 3535 2960 160189 74356 1249 816 705 433 575 85087 85833 1862 83971 20352 10181 10171 1238 271 63619 2144 61475 73107 6907 700 6207 66200 65817 1894
internal_count=248811 163724 3535 2960 160189 74356 1249 816 705 433 575 85087 85833 1862 83971 20352 10181 10171 1238 271 63619 2144 61475 73107 6907 700 6207 66200 65817 1894
is_linear=0
shrinkage=0.03


Tree=53
num_leaves=31
num_cat=0
split_feature=37 33 1 60 36 16 56 62 44 0 36 38 34 20 56 38 26 77 6 40 28 60 19 27 30 82 140 114 87 1
split_gain=32.1993 47.7549 59.753 49.8575 65.3264 53.8471 49.1082 57.0077 67.2123 50.7392 52.3173 54.1324 45.139 42.1073 41.2266 39.4239 37.4287 37.1195 36.3944 35.3962 44.5428 46.5101 42.809 46.5597 41.9353 56.4079 34.9594 33.1154 32.3323 32.0833
threshold=0.73220279812812816 0.50810596346855175 0.014349779579788448 0.85934346914291393 0.77592006325721752 0.78894689679145824 0.98651686310768139 0.93242430686950695 1.0515180826187136 -0.0082009327597916109 0.79550671577453624 0.0076210640836507091 0.86253526806831371 0.93106052279472362 0.96847477555274974 -0.0085655241273343546 0.10188759490847589 0.55833333730697643 0.49999631941318518 -0.055783757939934724 -0.025653064250946041 1.0504175424575808 1.0235425233840945 0.12468802928924562 -0.0021054128883406516 0.14166667312383655 1.5203565955162051 0.2612611204385758 -0.82499998807907093 0.044422993436455734
decision_type=8 10 10 10 10 8 10 10 10 10 10 10 10 10 10 10 10 2 10 8 8 8 10 10 10 2 10 10 2 10
left_child=1 2 -1 4 -3 -5 9 8 15 14 11 -11 -6 -12 -4 -8 19 28 -19 24 29 22 23 -22 -2 -26 -10 -23 -9 -21
right_child=16 3 6 5 12 -7 7 17 26 10 13 -13 -14 -15 -16 -17 -18 18 -20 20 21 27 -24 -25 25 -27 -28 -29 -30 -31
leaf_value=0.00030645345178617129 -0.0035792801183648407 -0.010062939492217761 0.01274295345186051 0.011575161943368184 0.0097888021535500018 0.0002678540949330002 0.0033290395575298541 0.0013002630163355955 -0.0098877285465403704 -0.0015577087999917663 -0.013366736610399145 0.0052619410790776403 -0.0073379120718868032 -0.0018458122837216697 0.0019497085735574703 -0.0032840054481839513 0.0093462518968365407 -0.00037710835517180171 0.0046219139722618275 -0.019982612262347672 0.0008113412139255996 0.0029621441803272578 -0.0016704207853035211 -0.0065392400319753607 0.0023392988715825948 0.018533789830539243 0.00064138112390840741 0.015294042199290663 -0.0020409332145804289 0
leaf_weight=32226 280 920 503 362 324 98587 908 2749 1924 2231 381 1875 197 1335 1063 4992 420 9988 1480 145 46468 902 8081 761 570 328 268 278 27852 109
leaf_count=32226 280 920 503 362 324 98587 908 2749 1924 2231 381 1875 197 1335 1063 4992 420 9988 1480 145 46468 902 8081 761 570 328 268 278 27852 109
internal_value=-2.64355e-05 -0.000216742 -0.000720207 0.000230553 -0.00525951 0.000314583 -0.00130023 -0.00163872 -0.00395798 0.000955715 -0.000290339 0.00149418 0.00272647 -0.00470112 0.00572263 -0.00220778 0.000588588 -0.00118382 0.000248848 0.000516703 0.000403119 0.000466592 0.000333967 0.000683834 0.00563953 0.00885615 -0.00847063 0.00632393 -0.00173033 -0.0116221
internal_weight=248507 190165 89775 100390 1441 98949 57549 50161 8092 7388 5822 4106 521 1716 1566 5900 58342 42069 11468 57922 56744 56490 55310 47229 1178 898 2192 1180 30601 254
internal_count=248507 190165 89775 100390 1441 98949 57549 50161 8092 7388 5822 4106 521 1716 1566 5900 58342 42069 11468 57922 56744 56490 55310 47229 1178 898 2192 1180 30601 254
is_linear=0
shrinkage=0.03


Tree=54
num_leaves=31
num_cat=0
split_feature=38 12 39 46 123 66 41 43 78 27 126 15 20 59 81 33 34 40 41 51 21 1 19 14 95 4 32 13 56 18
split_gain=36.7174 33.1186 30.8148 30.4158 29.8497 43.303 43.0567 29.6413 75.4032 50.108 43.9826 36.3773 54.0744 42.6219 36.7007 32.3227 31.0446 65.4129 32.3153 30.131 39.095 37.308 29.3712 64.5087 49.3397 48.3161 28.7864 30.2213 40.1399 39.4385
threshold=-0.00096921806107275177 0.99390017986297619 -0.004438496893271803 1.2639539837837221 -0.16216302663087842 0.081666667014360442 0.0067740227095782765 1.0084835886955263 0.5000000149011613 0.02499379497021437 -0.23544272780418393 0.84054997563362133 0.95435854792594921 0.96049490571022045 0.050000002607703216 0.13172018527984622 0.13611031323671344 0.013177499640733005 -0.029170078225433823 0.7336067557334901 0.88420933485031139 0.040556220337748534 0.95050916075706493 0.89036855101585399 0.1023404896259308 0.66666698455810558 -0.0050067340489476911 0.98637607693672191 0.98890730738639843 0.98000198602676403
decision_type=8 10 10 10 10 10 10 8 8 10 8 8 8 10 2 10 8 10 10 10 10 10 10 8 10 10 10 8 10 10
left_child=1 2 -1 22 5 -4 -6 9 10 -2 -9 13 14 -10 15 -13 17 -14 -18 -12 21 -21 25 24 -24 -3 -11 28 -28 -29
right_child=7 3 4 -5 6 -7 -8 8 11 26 19 12 16 -15 -16 -17 18 -19 -20 20 -22 -23 23 -25 -26 -27 27 29 -30 -31
leaf_value=-0.00048972683234589393 0.0018871595252473912 -0.0052041084252826058 0 0.0041576232089235148 -0.0020804562409196163 0.017979856242608522 0.0055814192789548269 0.0014335499582244274 -0.017207095355490129 0.0056768641491201583 -0.012488282892849997 0.0070786287887703355 0.00026032686906868319 0 0.0077001257307012143 -0.012035714236767711 0.00076360981406785897 0.0065533557504905875 -0.00093168040694426848 0.01913066353981516 -0.002918272167667563 0 -0.00093092066075267459 0.00028584213455037368 0.01641745012918331 0.010418382993286573 0.00022773297165139259 0.0067467831720179287 -0.0023541680015932006 0.00026536357574023626
leaf_weight=1529 13448 1641 143 1843 884 301 2066 2323 224 686 288 103 12951 351 1248 165 12990 1679 43376 120 15107 186 183 102383 374 170 10379 923 10893 9459
leaf_count=1529 13448 1641 143 1843 884 301 2066 2323 224 686 288 103 12951 351 1248 165 12990 1679 43376 120 15107 186 183 102383 374 170 10379 923 10893 9459
internal_value=5.59357e-05 0.000461 0.00287008 0.000346406 0.00446556 0.0118175 0.0031859 -0.000271855 -0.00058598 0.00034664 -0.00232392 -0.000152764 -8.79331e-05 -0.00754647 0.00547384 -0.00366644 -0.000212428 0.00101098 -0.000535534 -0.00290005 -0.0026855 0.00736022 0.000275707 0.000345285 0.0103631 -0.00347599 -0.000285457 -0.000427645 -0.00108129 0.000882292
internal_weight=248416 111517 4923 106594 3394 444 2950 136899 91111 45788 18024 73087 72512 575 1516 268 70996 14630 56366 15701 15413 306 104751 102940 557 1811 32340 31654 21272 10382
internal_count=248416 111517 4923 106594 3394 444 2950 136899 91111 45788 18024 73087 72512 575 1516 268 70996 14630 56366 15701 15413 306 104751 102940 557 1811 32340 31654 21272 10382
is_linear=0
shrinkage=0.03


Tree=55
num_leaves=31
num_cat=0
split_feature=46 35 61 39 33 48 114 1 1 24 37 86 1 69 42 140 145 7 32 97 51 13 17 62 150 38 76 4 38 27
split_gain=29.9245 29.5076 37.065 60.7863 48.2001 41.8006 52.7743 42.2341 36.4699 51.325 36.3782 44.2424 46.5498 39.6265 39.6177 32.5076 31.4869 30.3941 35.4234 30.8607 30.5006 48.1956 25.9224 34.8597 31.7373 37.167 30.9868 40.873 84.78 36.6828
threshold=1.0084368586540224 0.75971806049346935 1.0627041459083559 -0.022767451591789719 0.96599134802818309 0.9785839617252351 0.27083303034305578 0.021822261624038223 0.020731742493808273 0.018556450493633751 0.72889280319213878 -0.81666666269302357 0.018792185932397846 0.58620700240135204 -0.072012089192867265 0.85189375281333934 0.43794903159141546 -0.035435238853096955 -0.0029331133700907226 0.055485010147094734 0.95553395152091991 1.1131682991981509 1.0821917653083803 0.78429540991783153 0.45635142922401434 0.00097561947768554102 0.050000002607703216 0.3571422547101975 -0.0093150874599814398 0.066381759941577925
decision_type=8 8 10 10 10 8 8 10 10 10 10 2 10 10 10 10 8 10 8 10 10 10 10 8 10 10 2 10 10 10
left_child=-1 10 5 4 -4 6 7 -3 9 -8 11 12 -2 14 -14 -5 -10 18 -13 -20 21 -19 23 24 25 -12 27 29 -29 -24
right_child=1 2 3 15 -6 -7 8 -9 16 -11 22 17 13 -15 -16 -17 -18 20 19 -21 -22 -23 26 -25 -26 -27 -28 28 -30 -31
leaf_value=0.0010667404646407365 -0.00037640158370899884 7.6851111938008857e-05 0.00062594660195584297 0 -0.017257057680325073 0.0012199053746209693 0.00033248958035977282 -0.0097291864207627206 0.0067637258652562988 -0.0050356167322632558 0.012159652807446472 0.0039117988524411439 0 0.0024294800097948012 -0.006773516067593471 0.0094359112371246931 0.00040812186713829048 -0.00068145877484774773 0 -0.0082001490683420875 0.00019377760960389876 -0.016135506474858393 0.00013886233455806293 0.0017658212049099795 -0.0034746716306693131 -0.0034664374670495711 -0.0011152233083451413 0.013551616905549615 -0.0038591083014270244 0.0047789958978723965
leaf_weight=21557 5625 557 608 509 145 22825 3562 974 759 2757 264 383 1029 612 3653 1344 8824 66241 598 1262 61877 164 3267 17618 2182 209 13493 257 2352 3123
leaf_count=21557 5625 557 608 509 145 22825 3562 974 759 2757 264 383 1029 612 3653 1344 8824 66241 598 1262 61877 164 3267 17618 2182 209 13493 257 2352 3123
internal_value=0 -0.000102348 0.000604276 0.00406933 -0.00278696 0.000370617 -0.00072429 -0.0060132 -0.000189333 -0.0019708 -0.000268451 -0.000501308 -0.00233877 -0.00435812 -0.00531571 0.00701569 0.000955782 -0.000344963 -0.00380222 -0.00557494 -0.000281592 -0.000728989 0.000494581 0.00127403 -0.00186606 0.00478606 -0.000195149 0.00115055 -0.0019399 0.00246128
internal_weight=248630 227073 42864 2606 753 40258 17433 1531 15902 6319 184209 141444 10919 5294 4682 1853 9583 130525 2243 1860 128282 66405 42765 20273 2655 473 22492 8999 2609 6390
internal_count=248630 227073 42864 2606 753 40258 17433 1531 15902 6319 184209 141444 10919 5294 4682 1853 9583 130525 2243 1860 128282 66405 42765 20273 2655 473 22492 8999 2609 6390
is_linear=0
shrinkage=0.03


Tree=56
num_leaves=31
num_cat=0
split_feature=61 72 100 103 13 26 26 73 125 86 24 71 85 54 71 14 37 18 69 23 31 117 37 7 43 113 114 72 116 26
split_gain=31.1421 39.8217 43.6359 40.3528 33.7176 31.6501 31.1946 30.6618 28.6306 28.5306 32.3276 67.2267 39.1056 41.1705 36.449 49.5973 37.882 37.6779 36.2857 32.1755 72.9613 86.6785 40.5633 41.2008 73.7756 36.2362 29.971 45.9577 28.7231 35.9721
threshold=1.0586050748825075 0.085271101444959654 0.3514705896377564 0.77500000596046459 1.1131682991981509 0.043953621760010726 0.045945642516016967 0.5000000149011613 -0.43210771679878229 0.81666666269302379 0.026986873708665374 0.031579589471220977 0.82500001788139354 0.97465303540229808 0.92424213886260997 0.9778030812740327 0.65303525328636181 1.0075970292091372 0.99122807383537304 0.016266311518847946 0.0057706842198967942 0.64696079492568981 0.075627952814102187 -0.021563366055488583 1.0182862281799319 0.68595033884048473 0.55700612068176281 0.74193638563156139 0.59194704890251171 0.05051031336188317
decision_type=8 10 2 2 10 10 10 10 10 2 10 10 2 10 10 8 10 10 10 10 10 10 10 10 10 10 10 10 8 10
left_child=4 3 8 5 9 -2 -6 -7 -3 10 14 -12 18 -14 15 17 -17 -1 -13 20 -11 25 23 -21 -25 -22 27 -24 29 -16
right_child=1 2 -4 -5 6 7 -8 -9 -10 19 11 12 13 -15 28 16 -18 -19 -20 22 21 -23 26 24 -26 -27 -28 -29 -30 -31
leaf_value=-0.0014963929642745602 -0.00099723149047178396 0.015269870832579753 0.0011571447602269202 -0.00134032582253707 0.003276161361179912 0.010446549872256841 -0.012556827261874154 -0.0021004490589624954 0.0037632885665225763 0.00090467758878645817 -0.0077266930959737036 -0.00053953810455555724 -0.010953512023019415 -0.0015980901955975691 0.0028220837697337494 -0.00013684794438353486 0.00090780638419012518 0.0016656277606865286 0.007548314148839102 -0.0053023176291188993 -0.004703389973821491 0.0047172344445119202 0 0.0035182226370460579 0.023622006467562878 -0.018622238112755353 0.00079928264841643004 0.012003894536419143 0.00038074324016880792 0.014479684730208796
leaf_weight=28607 490 493 1167 3305 114 767 342 170 482 10894 1271 27037 637 1502 4086 103497 44528 3744 485 123 428 360 493 506 269 410 5605 571 6110 253
leaf_count=28607 490 493 1167 3305 114 767 342 170 482 10894 1271 27037 637 1502 4086 103497 44528 3744 485 123 428 360 493 506 269 410 5605 571 6110 253
internal_value=3.53537e-05 0.00202398 0.00540987 0.000411864 -2.00855e-05 0.00463978 -0.00799699 0.00786034 0.010073 -3.11452e-06 -0.000101493 -0.00100124 -0.000697926 -0.00459877 4.28695e-05 -5.53945e-05 0.000175453 -0.00112038 -0.000380742 0.00109035 0.000103329 -0.00683262 0.00262362 0.00862649 0.0112923 -0.0121383 0.00174709 0.00635637 0.00176468 0.00363396
internal_weight=248746 6874 2142 4732 241872 1427 456 937 975 241416 221757 30932 29661 2139 190825 180376 148025 32351 27522 19659 12092 1198 7567 898 775 838 6669 1064 10449 4339
internal_count=248746 6874 2142 4732 241872 1427 456 937 975 241416 221757 30932 29661 2139 190825 180376 148025 32351 27522 19659 12092 1198 7567 898 775 838 6669 1064 10449 4339
is_linear=0
shrinkage=0.03


Tree=57
num_leaves=31
num_cat=0
split_feature=102 16 30 123 35 67 68 1 118 38 83 87 75 10 16 37 112 3 34 38 22 59 38 59 62 52 65 12 38 31
split_gain=29.2981 58.0755 55.8024 47.8636 40.077 51.233 47.2512 43.2162 45.483 39.2286 49.9174 38.6653 31.8684 37.4535 34.7829 30.1455 41.6294 29.0395 46.1574 46.3605 42.9113 44.5754 42.8584 33.0903 27.649 27.4387 27.1022 34.4845 61.306 42.635
threshold=0.52041664719581615 0.94528955221176159 -0.0017665821942500768 0.5813947618007661 0.55948060750961315 0.033615820109844215 0.15529111772775653 0.056572221219539649 0.52631685137748729 -0.018358826637268063 -0.50000001490116108 0.85833334922790538 0.27500000596046453 1.0191856026649477 0.98900634050369274 0.80141541361808788 -0.18350340425968167 0.0079900128766894358 0.3152026385068894 -0.0082304454408586008 1.1022569537162783 0.90835306048393261 0.0070175395812839278 0.9988900125026704 1.0349017977714541 0.91223117709159862 0.19722222536802295 1.0154708623886111 -0.0087373955175280554 0.003232609480619431
decision_type=2 8 10 10 8 10 8 8 8 8 10 2 2 10 8 10 2 10 10 10 10 10 10 10 10 10 10 10 10 10
left_child=1 2 3 25 5 6 15 9 -9 10 -6 26 14 -14 -11 -3 -17 20 22 -20 21 -7 -19 -22 -8 -1 -4 28 -28 -29
right_child=-2 4 11 -5 7 17 24 8 -10 12 -12 -13 13 -15 -16 16 -18 18 19 -21 23 -23 -24 -25 -26 -27 27 29 -30 -31
leaf_value=-0.013604875735645295 0.00061299053077447743 -0.0019940649040133336 0.004309729789295785 0.0046588655214215959 0.006997649781147224 0.0090614526079190877 -0.0026630736383688692 -0.0017390778875776699 0.0084614431236569466 -0.0044063013180639194 -0.011398040214568111 -0.0057291053333850791 0.0010372198082437122 0.0050479730860773196 0.0002517479975074193 -0.0019940399750424469 0.0074156700708707893 -0.00040204297643152816 0.0028648645208402988 -0.0034188399861236501 0.0077358050745618846 -3.3989534800920951e-05 0.0060600417525607294 -0.00075905982328718037 -0.0085526015478928734 0 0.0035392738394243862 0.0060418989430252772 -0.0014531519344224142 -0.012288831982523112
leaf_weight=716 55743 5289 834 166 142 468 1912 505 1211 1473 497 1589 18468 2419 40910 777 809 5622 1143 8289 1140 73159 1072 542 1416 122 2459 111 19015 472
leaf_count=716 55743 5289 834 166 142 468 1912 505 1211 1473 497 1589 18468 2419 40910 777 809 5622 1143 8289 1140 73159 1072 542 1416 122 2459 111 19015 472
internal_value=6.21874e-06 -0.000167751 -0.00150153 -0.00841393 3.38242e-05 -0.000337398 -0.002353 0.000613259 0.00530128 0.000481071 -0.00676657 -0.00119915 0.000561124 0.00152045 8.07829e-05 -0.000874278 0.00265152 -0.000108736 -0.00126509 -0.00262117 0.000135162 2.2196e-05 0.000603104 0.00484544 -0.00529468 -0.0114014 -0.000866876 -0.00107992 -0.000864748 -0.00821661
internal_weight=248490 192747 25484 1004 167263 101638 10203 65625 1716 63909 639 24480 63270 20887 42383 6875 1586 91435 16126 9432 75309 73627 6694 1682 3328 838 22891 22057 21474 583
internal_count=248490 192747 25484 1004 167263 101638 10203 65625 1716 63909 639 24480 63270 20887 42383 6875 1586 91435 16126 9432 75309 73627 6694 1682 3328 838 22891 22057 21474 583
is_linear=0
shrinkage=0.03


Tree=58
num_leaves=31
num_cat=0
split_feature=40 36 18 73 25 140 0 75 61 11 31 42 16 132 71 83 57 149 118 18 10 111 22 46 16 79 17 37 117 127
split_gain=24.136 61.3511 39.183 86.2117 48.4677 41.4059 45.4536 49.3962 38.3617 35.4551 55.8542 51.0669 35.2908 34.7237 29.6294 43.5449 30.0461 34.6173 29.1433 43.3265 29.0794 28.125 31.714 27.8265 30.078 38.5827 37.2154 27.4655 27.369 24.1943
threshold=-0.030176152475178238 0.85608729720115673 1.024462938308716 0.5000000149011613 0.034461745992302902 0.8211541771888734 -0.014423079788684843 0.17500000447034839 1.081365764141083 0.99672940373420726 0.0048820599913597116 0.071422588080167784 0.91509434580802929 0.67142939567565929 0.58064493536949169 -0.50000001490116108 0.97031641006469738 0.49712675809860235 0.53846225142478954 0.99698492884635936 1.0191856026649477 0.15192308276891711 0.97843667864799511 1.0046539306640627 0.94295689463615429 0.15000000223517421 1.0796056389808657 0.69021427631378185 0.53453442454338085 0.21549618244171145
decision_type=10 10 10 10 10 8 10 2 10 10 10 10 8 8 10 10 10 10 8 10 10 2 10 10 10 2 10 8 10 10
left_child=1 14 8 4 -4 -6 7 -7 9 23 11 27 -12 -3 -1 16 29 28 21 -20 -13 22 -17 -2 25 -25 -26 -11 -18 -16
right_child=2 13 3 -5 5 6 -8 -9 -10 10 12 20 -14 -15 15 18 17 -19 19 -21 -22 -23 -24 24 26 -27 -28 -29 -30 -31
leaf_value=-7.6899646718823334e-05 0.001140365855686764 0 -0.0031495916582017784 -0.0091047815252406801 -0.0041776955046657271 0.0037727127068089904 -0.00014911718183733153 0.018934894206944896 0.0095708482383564109 0.00029527238935451642 -0.0095997200306574808 0 0.0035707185387980401 0.010250460019939055 0.0072955260750686007 0.01721945503863449 0.016550230127591974 0.0035974895167782497 -0.017100483931624774 -0.00039316724665393684 0.015406125681488501 -0.00096837907644655439 0 0.00024274692859902792 0.00025144042167637786 -0.0017836921327366918 -0.00086100092536727608 0.0019913025971866429 0.0014337792216349242 -0.0084863715721047017
leaf_weight=15376 12160 392 2915 1341 546 666 767 312 355 35990 730 208 192 940 109 225 481 1163 137 1714 320 251 111 12512 81842 24574 40290 11530 201 206
leaf_count=15376 12160 392 2915 1341 546 666 767 312 355 35990 730 208 192 940 109 225 481 1163 137 1714 320 251 111 12512 81842 24574 40290 11530 201 206
internal_value=6.35876e-06 0.000972463 -8.29767e-05 -0.00236685 -0.00054564 0.00263632 0.00496154 0.00919285 -1.36596e-05 -3.13296e-05 0.000678829 0.000825885 -0.00652102 0.00717582 0.000537013 0.00264638 0.00572824 0.0072195 0 -0.00195966 0.00997507 0.00560122 0.0111303 -0.000236058 -0.000343194 -0.00109217 -0.000113167 0.000713763 0.0126902 -0.00202029
internal_weight=248556 21306 227250 6547 5206 2291 1745 978 220703 220348 48970 48048 922 1332 19974 4598 2160 1845 2438 1851 528 587 336 171378 159218 37086 122132 47520 682 315
internal_count=248556 21306 227250 6547 5206 2291 1745 978 220703 220348 48970 48048 922 1332 19974 4598 2160 1845 2438 1851 528 587 336 171378 159218 37086 122132 47520 682 315
is_linear=0
shrinkage=0.03


Tree=59
num_leaves=31
num_cat=0
split_feature=77 77 49 13 87 25 79 82 29 84 120 1 52 13 35 37 2 2 15 120 26 38 28 35 141 49 17 76 30 80
split_gain=26.3906 49.6692 44.45 54.1842 37.7343 56.444 69.5881 49.2941 44.132 55.4091 46.0686 41.6364 35.3144 33.8005 33.3812 33.2675 52.8782 35.3384 45.508 51.1604 39.1014 38.9342 37.6986 32.2955 31.7617 31.439 31.3909 37.1757 32.5011 46.0293
threshold=0.091666668653488173 0.27500000596046453 0.81776785850524913 0.93771779537200939 0.37500000000000006 0.019582222215831283 0.94999998807907116 0.091666668653488173 -0.015580554492771624 -0.15000000223517415 0.67123273015022289 0.02250002603977919 0.79757991433143627 1.0402661561965945 0.91165670752525341 0.84427177906036388 0.89999830722808849 -0.52380844950675953 0.88267466425895702 0.25827811658382421 0.02791998349130154 -0.00047497716150246555 0.01393410097807646 0.81445530056953441 1.1950717568397524 0.95408254861831676 0.96098563075065624 0.083333335816860213 0.0012727351859211924 0.17500000447034839
decision_type=2 2 10 8 2 10 2 2 8 2 10 10 10 10 10 8 10 10 8 10 10 10 10 10 10 10 8 2 10 2
left_child=15 2 3 -2 8 -6 -7 -8 -3 11 13 23 -9 -11 26 17 -17 -1 19 21 -20 -19 -21 -10 -22 -13 28 -28 -4 -30
right_child=1 4 14 -5 5 6 7 12 9 10 -12 25 -14 -15 -16 16 -18 18 20 22 24 -23 -24 -25 -26 -27 27 -29 29 -31
leaf_value=0.00052264694698306454 0.021910563969612121 0.0051673448817766742 9.3313589424601811e-05 -0.0022280041164741285 0.0013174633649849735 -0.00079746543010248631 -0.00024611542499186834 0.011554252880352512 -0.0013303188556490146 -0.00021501436630645937 0.0052743826066492571 0.00014632200422910873 0.0033000252007174941 0.0074063906481393795 0.0076115811766736706 0.00057792443701214073 0.01139544343153092 0.0077259440604710095 -0.0006738639925185718 0.012097795241850156 -0.0036302504945596951 -0.0074000492487208578 -0.0051061636339873075 0.0015295556340145003 -0.00066209602721221885 -0.0037420582348457899 0.0020634679596013852 7.3000322028659326e-05 0.0010576963037589018 0.0126177462870456
leaf_weight=12734 180 1116 1138 103 31410 40882 3238 587 19178 23872 1538 2138 3312 515 658 8384 414 203 22950 641 10198 420 100 4255 5167 9630 11845 30491 670 687
leaf_count=12734 180 1116 1138 103 31410 40882 3238 587 19178 23872 1538 2138 3312 515 658 8384 414 203 22950 641 10198 420 100 4255 5167 9630 11845 30491 670 687
internal_value=-3.36045e-06 0.000172045 0.00103157 0.0125679 -0.000103645 0.000327219 -0.00031455 0.00240426 -0.000658232 -0.000771153 0.000271451 -0.00154725 0.00467188 -3.58383e-05 0.000947716 -0.000545275 0.00114567 -0.000835166 -0.00127852 0.00401067 -0.00147664 -0.00191779 0.00930868 -0.000797365 -0.00265377 -0.00301112 0.000839869 0.000637699 0.00411873 0.00722626
internal_weight=248654 187443 45772 283 141671 79429 48019 7137 62242 61126 25925 35201 3899 24387 45489 61211 8798 52413 39679 1364 38315 623 741 23433 15365 11768 44831 42336 2495 1357
internal_count=248654 187443 45772 283 141671 79429 48019 7137 62242 61126 25925 35201 3899 24387 45489 61211 8798 52413 39679 1364 38315 623 741 23433 15365 11768 44831 42336 2495 1357
is_linear=0
shrinkage=0.03


Tree=60
num_leaves=31
num_cat=0
split_feature=40 46 38 32 70 34 27 16 38 71 35 56 27 102 73 36 38 1 93 49 75 77 16 18 32 16 30 123 102 14
split_gain=26.9294 55.0708 47.8029 51.8957 49.4903 46.4856 43.0257 34.5056 52.5969 53.1749 35.2055 33.4279 33.1335 45.7976 31.7711 49.4529 41.7699 33.3732 28.5622 36.2548 36.2823 28.2652 28.0717 35.7636 31.6958 27.7724 56.1782 59.3969 43.3424 30.5839
threshold=-0.029515109956264492 1.1101905703544619 -0.016109623946249482 0.0034023998305201535 0.75061187148094188 0.049680819734930999 0.064085002988576903 1.1518000960350039 -0.00036496682150755072 0.065217580646276488 0.58497878909111034 0.97543439269065868 0.055798154324293144 0.62192192673683178 0.30000000447034841 0.40716309845447546 -0.0085655241273343546 0.054187210276722915 0.37156577408313757 0.9721999764442445 0.57500001788139354 0.10833333432674409 1.2143567204475405 1.0217738151550295 -0.0010058109764941035 0.94528955221176159 -0.0016235503717325626 0.62074324488639843 0.54631218314170849 0.91377764940261852
decision_type=10 10 8 10 10 10 10 8 10 10 10 10 10 2 10 10 10 10 10 10 2 2 10 10 10 8 10 10 2 8
left_child=1 12 3 4 -2 -3 -6 14 -9 -10 -11 -5 -1 18 15 -7 17 -16 19 -14 -21 -18 23 25 -24 26 27 -4 -28 -27
right_child=2 5 22 11 6 7 -8 8 9 10 -12 -13 13 -15 16 -17 21 -19 -20 20 -22 -23 24 -25 -26 29 28 -29 -30 -31
leaf_value=0.00099835151793380324 -0.0040756232446771358 -0.01082921001606155 -0.0088931982472062621 -0.021604224018519743 -0.00088476211378711676 -0.00053760178920293582 0.013986170528162468 0.0053112730940497498 -0.010200116209113329 -0.00091135730105689817 0.015634027563701601 -0.0038682550553760073 0 -0.0040125246873584305 -0.0071776499193807793 -0.0074876854210309783 -0.0047945052135156992 0.0046189528179631642 0.0098930680900997346 0 0.0087448112694955924 0.0082399769749578553 0.004481829811887785 -0.0020887784845130507 -0.0067836157172185153 0.0035776192726057038 -0.0012880718524031051 0.0055595455854645292 0.00075605137401734898 7.6507289575498228e-05
leaf_weight=8321 2328 380 1338 208 362 2676 265 1885 477 372 131 273 1445 495 584 1479 138 288 970 507 1451 807 2043 7964 215 2262 24520 274 14860 169261
leaf_count=8321 2328 380 1338 208 362 2676 265 1885 477 372 131 273 1445 495 584 1479 138 288 970 507 1451 807 2043 7964 215 2262 24520 274 14860 169261
internal_value=-3.75468e-05 0.000952369 -0.000137015 -0.00364023 -0.00199041 -0.000802082 0.00517478 -0.000313554 0.00234038 -0.00306597 0.00325714 -0.0126929 0.00220052 0.00418155 -0.00164038 -0.0031074 0.00154832 -0.00292899 0.00519141 0.00371362 0.0063531 0.00596573 -8.13051e-05 -0.00011684 0.00322733 -4.13407e-05 -0.000743726 -0.00621474 -0.000509118 0.00012484
internal_weight=248579 22406 226173 3436 2955 9217 627 8837 2865 980 503 481 13189 4868 5972 4155 1817 872 4373 3403 1958 945 222737 220479 2258 212515 40992 1612 39380 171523
internal_count=248579 22406 226173 3436 2955 9217 627 8837 2865 980 503 481 13189 4868 5972 4155 1817 872 4373 3403 1958 945 222737 220479 2258 212515 40992 1612 39380 171523
is_linear=0
shrinkage=0.03


Tree=61
num_leaves=31
num_cat=0
split_feature=33 18 27 139 6 37 118 1 60 61 124 101 123 51 23 86 117 56 7 43 18 35 1 25 68 32 94 37 38 11
split_gain=25.4071 46.0704 34.7481 44.6887 33.0006 38.6797 38.2498 37.4218 32.73 49.3606 36.8483 34.2868 28.2201 32.6386 28.1605 25.8094 43.5327 32.6336 48.6344 37.0955 31.4966 28.5765 43.7876 30.9101 27.5483 25.9233 25.4297 29.7614 25.3494 40.3761
threshold=0.37435014545917517 1.0167227983474734 0.097864717245101943 0.98709890246391307 0.047619489952921874 0.72190016508102428 0.58461561799049389 0.013029322493821384 0.84668907523155224 0.78660923242568981 0.65671616792678844 0.63245612382888805 -0.56250062584877003 0.92057469487190258 0.022999966517090801 0.78333333134651195 0.44736842811107641 0.95364469289779674 -0.010437821503728626 1.0100643634796145 1.0176994800567629 0.74707973003387462 0.054187210276722915 0.012039227411150934 0.051282553002238281 0.004595925100147725 0.064814653247594847 0.74470996856689464 -0.0044071301817893973 0.9830247461795808
decision_type=8 10 10 10 8 8 10 8 8 8 10 2 10 10 10 2 10 8 10 10 10 10 8 8 10 10 10 10 8 10
left_child=1 4 3 14 5 6 -1 -6 10 -10 11 -2 -5 -14 -3 17 -17 18 -11 -20 25 23 -23 -19 -22 -18 -4 -28 29 -9
right_child=8 2 26 12 7 -7 -8 28 9 15 -12 -13 13 -15 -16 16 20 21 19 -21 24 22 -24 -25 -26 -27 27 -29 -30 -31
leaf_value=0.0010882161103389243 -0.014588558819264689 -0.0052674357219249998 -0.0031142950868479121 0.01142486562092497 0.00052915858791291839 0.0034553634122635891 -0.0026630042956386447 0.0063139373858111247 0.015174218398977569 0.0092970153450152825 0 0 0.0037312802027309614 -0.0056296374613531638 -0.014975016330805524 -0.0069424882167684176 0.001620391613948309 0.00119794104752811 -0.0016264035367737917 -0.01007491196621469 0 0.0008327212578282643 0.0071984668882920863 -0.00021459611099857915 0.0088253053184110218 -0.0035995688116663353 0 0.016133299058115582 -0.0014284653945315477 -0.0003351565016350785
leaf_weight=9553 402 1971 265 143 21125 4172 3257 851 181 217 876 267 512 804 366 505 12404 16316 1474 760 548 24984 1010 95057 981 869 157 181 34016 14434
leaf_count=9553 402 1971 265 143 21125 4172 3257 851 181 217 876 267 512 804 366 505 12404 16316 1474 760 548 24984 1010 95057 981 869 157 181 34016 14434
internal_value=1.14741e-05 -0.00038358 -0.00337715 -0.00447048 -0.000228753 0.0009514 0.000108404 -0.000517774 0.000244636 0.000289903 -0.00405954 -0.00925015 -0.000129498 -0.00176181 -0.0070292 0.000268649 0.00143943 0.000138141 -0.00327191 -0.00469755 0.00175462 0.000201636 0.00109694 -4.79015e-06 0.00585881 0.00125116 0.00294659 0.00844497 -0.00097249 2.32007e-05
internal_weight=248658 91807 4399 3796 87408 16982 12810 70426 156851 155306 1545 669 1459 1316 2337 155125 15307 139818 2451 2234 14802 137367 25994 111373 1529 13273 603 338 49301 15285
internal_count=248658 91807 4399 3796 87408 16982 12810 70426 156851 155306 1545 669 1459 1316 2337 155125 15307 139818 2451 2234 14802 137367 25994 111373 1529 13273 603 338 49301 15285
is_linear=0
shrinkage=0.03


end of trees

feature_importances:
RESI5=64
IMXD30=45
RSQR5=43
KLEN=42
ROC30=42
RSQR20=40
ROC10=37
STD30=37
BETA10=37
RSQR30=36
ROC5=34
STD10=33
STD60=33
RSQR60=32
RESI20=32
RESI60=31
RSQR10=27
MAX30=27
MA5=26
RESI10=26
RESI30=25
STD20=24
BETA60=24
HIGH0=23
ROC20=23
ROC60=23
STD5=22
BETA5=22
MA20=21
MIN60=21
QTLD30=21
KUP=20
IMIN30=20
QTLD20=19
RSV30=19
MAX5=18
MIN10=18
MIN20=18
BETA20=17
MAX10=17
MAX20=17
IMIN5=17
KUP2=16
LOW0=16
QTLU10=16
IMAX5=16
IMXD60=16
WVMA5=16
MIN30=15
QTLU60=15
IMAX60=15
SUMN5=15
QTLU30=14
IMIN60=14
QTLD5=13
IMAX30=13
IMIN10=13
IMXD20=13
SUMP60=13
WVMA20=13
KSFT=12
VWAP0=12
QTLD60=12
RSV10=12
KMID2=11
OPEN0=11
MA60=11
SUMN20=11
SUMN30=11
SUMD5=11
MAX60=10
IMIN20=10
SUMP20=10
SUMD20=10
KMID=9
KSFT2=9
BETA30=9
RSV60=9
KLOW=8
KLOW2=8
RSV5=8
SUMD10=8
MA10=7
QTLU5=7
QTLD10=7
IMAX10=7
CORD5=7
SUMP10=7
VSTD60=7
MIN5=6
QTLU20=6
IMAX20=6
IMXD5=6
MA30=5
RSV20=5
IMXD10=5
CORD60=5
CNTP60=5
CNTD5=5
CNTD30=5
SUMP5=5
SUMP30=5
SUMN60=5
SUMD60=5
WVMA30=5
RANK20=4
RANK60=4
CORR5=4
CORD20=4
CNTN20=4
CNTD10=4
SUMD30=4
RANK30=3
CNTD20=3
VMA60=3
RANK10=2
CORR30=2
CORD30=2
CNTN5=2
WVMA10=2
WVMA60=2
RANK5=1
CORR20=1
CORD10=1
CNTP5=1
CNTP20=1
CNTP30=1
CNTN60=1
CNTD60=1
SUMN10=1
VMA10=1
VMA30=1
VSTD20=1
VSTD30=1
VSUMP5=1
VSUMP20=1
VSUMP30=1
VSUMP60=1
VSUMN10=1
VSUMN20=1
VSUMN30=1
VSUMD30=1

parameters:
[boosting: gbdt]
[objective: regression]
[metric: l2]
[tree_learner: serial]
[device_type: cpu]
[data_sample_strategy: bagging]
[data: ]
[valid: ]
[num_iterations: 500]
[learning_rate: 0.03]
[num_leaves: 31]
[num_threads: 12]
[seed: 20260812]
[deterministic: 1]
[force_col_wise: 1]
[force_row_wise: 0]
[histogram_pool_size: -1]
[max_depth: 7]
[min_data_in_leaf: 100]
[min_sum_hessian_in_leaf: 0.001]
[bagging_fraction: 0.8]
[pos_bagging_fraction: 1]
[neg_bagging_fraction: 1]
[bagging_freq: 1]
[bagging_seed: 20260812]
[bagging_by_query: 0]
[feature_fraction: 0.8]
[feature_fraction_bynode: 1]
[feature_fraction_seed: 20260812]
[extra_trees: 0]
[extra_seed: 9622]
[early_stopping_round: 0]
[early_stopping_min_delta: 0]
[first_metric_only: 0]
[max_delta_step: 0]
[lambda_l1: 10]
[lambda_l2: 20]
[linear_lambda: 0]
[min_gain_to_split: 0]
[drop_rate: 0.1]
[max_drop: 50]
[skip_drop: 0.5]
[xgboost_dart_mode: 0]
[uniform_drop: 0]
[drop_seed: 26770]
[top_rate: 0.2]
[other_rate: 0.1]
[min_data_per_group: 100]
[max_cat_threshold: 32]
[cat_l2: 10]
[cat_smooth: 10]
[max_cat_to_onehot: 4]
[top_k: 20]
[monotone_constraints: ]
[monotone_constraints_method: basic]
[monotone_penalty: 0]
[feature_contri: ]
[forcedsplits_filename: ]
[refit_decay_rate: 0.9]
[cegb_tradeoff: 1]
[cegb_penalty_split: 0]
[cegb_penalty_feature_lazy: ]
[cegb_penalty_feature_coupled: ]
[path_smooth: 0]
[interaction_constraints: ]
[verbosity: -1]
[saved_feature_importance_type: 0]
[use_quantized_grad: 0]
[num_grad_quant_bins: 4]
[quant_train_renew_leaf: 0]
[stochastic_rounding: 1]
[linear_tree: 0]
[max_bin: 255]
[max_bin_by_feature: ]
[min_data_in_bin: 3]
[bin_construct_sample_cnt: 200000]
[data_random_seed: 20260812]
[is_enable_sparse: 1]
[enable_bundle: 1]
[use_missing: 1]
[zero_as_missing: 0]
[feature_pre_filter: 1]
[pre_partition: 0]
[two_round: 0]
[header: 0]
[label_column: ]
[weight_column: ]
[group_column: ]
[ignore_column: ]
[categorical_feature: ]
[forcedbins_filename: ]
[precise_float_parser: 0]
[parser_config_file: ]
[objective_seed: 6428]
[num_class: 1]
[is_unbalance: 0]
[scale_pos_weight: 1]
[sigmoid: 1]
[boost_from_average: 1]
[reg_sqrt: 0]
[alpha: 0.9]
[fair_c: 1]
[poisson_max_delta_step: 0.7]
[tweedie_variance_power: 1.5]
[lambdarank_truncation_level: 30]
[lambdarank_norm: 1]
[label_gain: ]
[lambdarank_position_bias_regularization: 0]
[eval_at: ]
[multi_error_top_k: 1]
[auc_mu_weights: ]
[num_machines: 1]
[local_listen_port: 12400]
[time_out: 120]
[machine_list_filename: ]
[machines: ]
[gpu_platform_id: -1]
[gpu_device_id: -1]
[gpu_device_id_list: ]
[gpu_use_dp: 0]
[num_gpu: 1]

end of parameters

pandas_categorical:null
