tree
version=v4
num_class=1
num_tree_per_iteration=1
label_index=0
max_feature_idx=157
objective=regression
feature_names=KMID KLEN KMID2 KUP KUP2 KLOW KLOW2 KSFT KSFT2 OPEN0 HIGH0 LOW0 VWAP0 ROC5 ROC10 ROC20 ROC30 ROC60 MA5 MA10 MA20 MA30 MA60 STD5 STD10 STD20 STD30 STD60 BETA5 BETA10 BETA20 BETA30 BETA60 RSQR5 RSQR10 RSQR20 RSQR30 RSQR60 RESI5 RESI10 RESI20 RESI30 RESI60 MAX5 MAX10 MAX20 MAX30 MAX60 MIN5 MIN10 MIN20 MIN30 MIN60 QTLU5 QTLU10 QTLU20 QTLU30 QTLU60 QTLD5 QTLD10 QTLD20 QTLD30 QTLD60 RANK5 RANK10 RANK20 RANK30 RANK60 RSV5 RSV10 RSV20 RSV30 RSV60 IMAX5 IMAX10 IMAX20 IMAX30 IMAX60 IMIN5 IMIN10 IMIN20 IMIN30 IMIN60 IMXD5 IMXD10 IMXD20 IMXD30 IMXD60 CORR5 CORR10 CORR20 CORR30 CORR60 CORD5 CORD10 CORD20 CORD30 CORD60 CNTP5 CNTP10 CNTP20 CNTP30 CNTP60 CNTN5 CNTN10 CNTN20 CNTN30 CNTN60 CNTD5 CNTD10 CNTD20 CNTD30 CNTD60 SUMP5 SUMP10 SUMP20 SUMP30 SUMP60 SUMN5 SUMN10 SUMN20 SUMN30 SUMN60 SUMD5 SUMD10 SUMD20 SUMD30 SUMD60 VMA5 VMA10 VMA20 VMA30 VMA60 VSTD5 VSTD10 VSTD20 VSTD30 VSTD60 WVMA5 WVMA10 WVMA20 WVMA30 WVMA60 VSUMP5 VSUMP10 VSUMP20 VSUMP30 VSUMP60 VSUMN5 VSUMN10 VSUMN20 VSUMN30 VSUMN60 VSUMD5 VSUMD10 VSUMD20 VSUMD30 VSUMD60
feature_infos=[-0.17333331704139709:0.222027987241745] [0:0.23313604295253754] [-1:1] [0:0.21226702630519867] [0:1] [0:0.19577737152576447] [0:1] [-0.21737830340862274:0.22217290103435516] [-1:1] [0.81831187009811401:1.2096774578094482] [1:1.2203390598297119] [0.79261672496795654:1] [0.89535439014434814:1.0984309911727905] [0.56168830394744873:1.5347062349319458] [0.53571426868438721:1.8924485445022583] [0.46860837936401367:2.2146341800689697] [0.45439684391021729:2.740487813949585] [0.36440131068229675:2.6513261795043945] [0.73896104097366333:1.2064073085784912] [0.6396104097366333:1.4220441579818726] [0.58701300621032715:1.7117466926574707] [0.56646168231964111:1.9959673881530762] [0.4937971830368042:1.8249267339706421] [0:0.19015249609947205] [0:0.2603875994682312] [0:0.36472421884536743] [0:0.57258552312850952] [0:0.50059491395950317] [-0.11732283234596252:0.10957792401313782] [-0.11732283234596252:0.060255382210016251] [-0.11732283234596252:0.056420248001813889] [-0.11732283234596252:0.056420248001813889] [-0.11732283234596252:0.056420248001813889] [0:1] [0:1] [0:1] [0:1] [0:1] [-0.15930634737014771:0.075261890888214111] [-0.19312354922294617:0.18788224458694458] [-0.29853948950767517:0.28541278839111328] [-0.40098747611045837:0.33911812305450439] [-0.96870207786560059:0.41112944483757019] [1:1.5713194608688354] [1:1.9298244714736938] [1:2.2439024448394775] [1:3.3160974979400635] [1:3.3160974979400635] [0.56493508815765381:1] [0.5292208194732666:1] [0.4660193920135498:1] [0.43721681833267212:1] [0.34951454401016235:1] [0.86623376607894897:1.3299539089202881] [0.72197312116622925:1.6361554861068726] [0.5753246545791626:2.054157018661499] [0.54870128631591797:2.423609733581543] [0.56576049327850342:2.2013657093048096] [0.59188312292098999:1.1517097949981689] [0.53538960218429565:1.2103414535522461] [0.49352750182151794:1.3664377927780151] [0.47533980011940002:1.5493515729904175] [0.39857602119445801:1.5099923610687256] [0.20000000298023224:1] [0.10000000149011612:1] [0.05000000074505806:1] [0.033333335071802139:1] [0.01666666753590107:1] [0:1] [0:1] [0:1] [0:1] [0:1] [0.20000000298023224:1] [0.10000000149011612:1] [0.05000000074505806:1] [0.033333335071802139:1] [0.01666666753590107:1] [0.20000000298023224:1] [0.10000000149011612:1] [0.05000000074505806:1] [0.033333335071802139:1] [0.01666666753590107:1] [-0.80000001192092896:0.80000001192092896] [-0.89999997615814209:0.89999997615814209] [-0.94999998807907104:0.94999998807907104] [-0.96666663885116577:0.96666663885116577] [-0.98333334922790527:0.98333334922790527] [-1:1] [-1:1] [-1:1] [-1:1] [-1:1] [-1:1] [-1:1] [-1:1] [-1:1] [-1:1] [0:1] [0:1] [0:0.94999998807907104] [0:0.91666668653488159] [0:0.91666668653488159] [0:1] [0:1] [0:0.89999997615814209] [0:0.8571428656578064] [0:0.8571428656578064] [-1:1] [-1:1] [-0.83333331346511841:0.91666668653488159] [-0.83333331346511841:0.91666668653488159] [-0.83333331346511841:0.91666668653488159] [0:1] [0:1] [0:1] [0:1] [0:1] [0:1] [0:1] [0:1] [0:1] [0:1] [-1:1] [-1:1] [-1:1] [-1:1] [-1:1] [0.20004743337631226:15222.455078125] [0.10012400150299072:19018.634765625] [0.050104878842830658:17437.12890625] [0.033520448952913284:22716.572265625] [0.017187755554914474:26107.111328125] [0.00080492562847211957:21624.73828125] [0.0021778203081339598:58684.484375] [0.0021778203081339598:44502.63671875] [0.0021778203081339598:36894.8125] [0.0021778203081339598:26550.70703125] [0:2.2360680103302002] [0:3.1615598201751709] [0:4.4708261489868164] [0:5.4658303260803223] [0:7.5986995697021484] [0:1] [0:1] [0:1] [0:1] [0:1] [0:1] [0:1] [0:1] [0:1] [0:1] [-1:1] [-1:1] [-1:1] [-1:1] [-1:1]
tree_sizes=3125 3087 3019 3014 3079 3045 3093 3078 3036 3058 3059 3096 3088 3038 3068 3075 3078 3108 3066 3062 3103 3060 3094 3102 3088 3089 3037 3058 3096 3125 3021 3109 3048 3108 3121 3020 3109 3103 3096 3056 3060 2995 3029 2930 3109 3074 3097 3069 3110 3062 3065 3118 2983 3003 3118 3033 3064 3142 3031 3079 3054 3022 3015 3080 3084 3010 3024 3006 3051 3052 3095 3035 3095 3003 3052 3078 3073 3054 3019 3044 3013 3054 3085 3043 3001 3014

Tree=0
num_leaves=31
num_cat=0
split_feature=16 26 29 40 71 22 15 41 1 22 10 29 78 36 62 79 113 16 28 124 115 23 6 44 16 46 16 23 137 140
split_gain=162.414 127.541 82.1873 134.105 117.699 99.1785 172.039 91.7961 88.4589 80.4012 85.6572 78.9043 70.1186 68.0146 66.5645 74.8056 62.9948 62.3707 59.1346 55.3984 49.0097 48.145 43.1963 41.6196 41.4265 61.0448 40.6753 39.5083 36.6325 36.2726
threshold=1.2279316186904909 0.019962045364081863 -0.0014586958568543194 -0.029389866627752777 0.54398673772811901 0.78017649054527294 0.86180597543716442 -0.029935328289866444 0.022646003402769569 1.09453821182251 1.0174430012702944 -0.0093857110477983934 0.70000001788139354 0.80438071489334118 0.73036977648735057 0.94999998807907116 0.59090909361839306 0.72948259115219127 -0.011273987125605343 -0.39240500330924982 0.27927367389202123 0.042193090543150909 0.071426454931497588 1.0249221920967104 0.98774969577789318 1.0771059989929201 1.16784143447876 0.017206165008246902 0.60470375418663036 0.72871148586273204
decision_type=10 10 10 8 10 10 10 10 10 10 10 10 10 10 10 2 8 10 10 10 10 10 10 10 8 10 10 10 10 10
left_child=1 16 7 4 -4 6 17 12 20 10 -7 19 24 -2 15 -14 -1 -5 21 -10 -9 -6 -11 -13 25 -3 -16 -15 -22 -29
right_child=13 2 3 5 18 9 -8 8 11 22 -12 23 14 27 26 -17 -18 -19 -20 -21 28 -23 -24 -25 -26 -27 -28 29 -30 -31
leaf_value=0.00028206756510501784 0.0025031606324214545 -2.1627644016040569e-10 -0.0020458765539540314 -0.015449560105526658 0.014921544123306768 -0.00067078130614665389 0.014899244994111488 0.0015706436061485877 -0.0027006294724504689 -0.0017582162013942899 0.0017051500062187886 0.00026617966142055072 0.00063178249657473348 -2.1627644016040569e-10 0.00030294271167950808 0.023179380471775892 0.0021033958194772761 -0.00048860217245225829 0.0044620620308746745 0.0057382554547285823 -0.0022630396119818286 -0.000258580790404538 0.0059189554723749274 -0.0047291556114212726 0.00056611083702074556 -0.008550944943632512 0.0058331981076623378 -2.1627644016040569e-10 -2.1627644016040569e-10 0.01588079857417175
leaf_weight=44933 1627 1220 2050 1020 993 83671 234 5531 1465 771 16257 1532 337 192 19935 236 28037 388 4157 1271 18701 183 2901 15751 1674 1847 1268 143 9502 1025
leaf_count=44933 1627 1220 2050 1020 993 83671 234 5531 1465 771 16257 1532 337 192 19935 236 28037 388 4157 1271 18701 183 2901 15751 1674 1847 1268 143 9502 1025
internal_value=-9.18895e-07 -8.0443e-05 -0.00048562 3.46088e-05 0.00393977 -0.000237195 -0.00751052 -0.0012191 -0.00193201 -0.000117594 -0.000280982 -0.00351678 0.000215104 0.006931 0.000945946 0.0108929 0.000986365 -0.0116015 0.00629573 0.00112397 -0.000981137 0.0123437 0.00422495 -0.00426923 -0.00306861 -0.00514047 0.000652989 0.0118977 -0.00149297 0.0139414
internal_weight=268852 265865 192895 112625 7383 105242 1642 80270 53753 103600 99928 20019 26517 2987 21776 573 72970 1408 5333 2736 33734 1176 3672 17283 4741 3067 21203 1360 28203 1168
internal_count=268852 265865 192895 112625 7383 105242 1642 80270 53753 103600 99928 20019 26517 2987 21776 573 72970 1408 5333 2736 33734 1176 3672 17283 4741 3067 21203 1360 28203 1168
is_linear=0
shrinkage=1


Tree=1
num_leaves=31
num_cat=0
split_feature=16 26 29 28 36 125 16 68 49 67 61 85 36 124 10 42 6 0 46 56 113 140 14 53 59 64 45 37 27 117
split_gain=151.307 130.206 89.8032 93.3755 83.5771 79.2307 88.9211 115.76 65.1684 110.501 64.5318 64.4268 63.7651 63.4154 56.2121 50.9906 74.5142 46.3156 43.6336 43.2641 39.36 39.1566 37.6478 37.1772 35.9942 28.8068 24.7623 29.5786 32.8556 21.3607
threshold=1.2279316186904909 0.016430747695267204 -0.00018738250219030303 -0.012181295547634361 0.53407740592956554 0.48611135780811315 0.72948259115219127 0.70175406336784374 0.82702705264091503 0.95049017667770397 0.77133560180664074 0.72499999403953563 0.80438071489334118 0.10769297555088998 1.017653822898865 -0.077356711030006395 0.10447809472680093 0.012567698489874603 1.0823711156845095 0.99227800965309154 0.6201329529285432 0.72871148586273204 0.91952413320541393 1.0794011354446413 0.8613899052143098 0.14642857760190967 1.1152574419975283 0.054514175280928619 0.066314470022916808 0.56193247437477123
decision_type=10 10 10 10 10 10 8 10 10 10 10 2 10 8 10 10 10 10 10 10 8 10 10 10 10 10 10 10 10 10
left_child=1 20 11 4 24 8 7 -7 9 -5 -10 13 -2 15 -8 16 -3 23 -17 22 -1 -14 -15 -6 -4 -26 27 -13 -29 -21
right_child=12 2 3 5 17 6 14 -9 10 -11 -12 26 21 19 -16 18 -18 -19 -20 29 -22 -23 -24 -25 25 -27 -28 28 -30 -31
leaf_value=0.00070005851426296732 0.0023847888644382923 -0.0025267398324272726 -0.012455274818697943 0.013936269296023039 0.01793441492046003 0.0034637883169842615 -0.0023744778063374658 -0.018200577589718884 0.0072274023577138177 -0.0034303232331361088 0.00018132768173036168 0.018607525219450947 -0.00073744835828741398 -0.01257565458039088 0.0038327670443848343 -0.0003606830508925373 0.0029026547481377806 -0.00034462709403173489 -0.0016873244508081764 -0.0065855024791222827 0.0025619154184967482 0.013312682430006559 0.0039534963724647898 0.0014088451097380708 -0.0065848950330051068 0.0050408287361430014 -0.0075297288594301784 0.0007247769231834199 0.010799208691678516 -0.0020118081107820996
leaf_weight=29013 1635 3332 140 793 720 295 8834 638 1168 505 93724 142 160 120 1492 39557 6854 178 53269 3447 16350 1207 860 200 203 935 100 1005 441 1577
leaf_count=29013 1635 3332 140 793 720 295 8834 638 1168 505 93724 142 160 120 1492 39557 6854 178 53269 3447 16350 1207 860 200 203 935 100 1005 441 1577
internal_value=-6.40751e-06 -8.33803e-05 -0.000385561 0.000220004 0.00607925 8.65406e-05 -0.00228862 -0.0111069 0.000368089 0.00700248 0.000272721 -0.000988959 0.00666735 -0.0010816 -0.00144292 -0.000902704 0.00109575 0.0120869 -0.00112542 -0.00408803 0.00137856 0.011465 0.00141849 0.0147675 0.000579904 0.00263002 0.00476123 0.00580582 0.00410732 -0.005223
internal_weight=268894 265892 220529 109825 2376 107449 11259 933 96190 1298 94892 110704 3002 109016 10326 103012 10186 1098 92826 6004 45363 1367 980 920 1278 1138 1688 1588 1446 5024
internal_count=268894 265892 220529 109825 2376 107449 11259 933 96190 1298 94892 110704 3002 109016 10326 103012 10186 1098 92826 6004 45363 1367 980 920 1278 1138 1688 1588 1446 5024
is_linear=0
shrinkage=0.03


Tree=2
num_leaves=31
num_cat=0
split_feature=16 26 38 50 83 30 16 35 87 1 38 17 36 30 42 5 14 39 123 43 123 102 37 81 76 51 87 116 23 140
split_gain=158.22 106.953 73.0866 91.5113 174.646 76.6297 86.4746 76.3087 58.0719 56.3882 80.3605 84.8591 56.7018 55.9662 55.4448 87.7766 65.9059 52.9124 50.9309 48.9506 48.6926 38.7842 79.6212 45.32 36.316 33.1694 28.8865 29.0677 30.8693 28.3408
threshold=1.2279316186904909 0.019048149697482589 -0.00098554778378456809 0.70271128416061412 -1.0000000180025095e-35 -0.00040843411989044393 0.96309962868690502 0.19278511404991153 -0.72499999403953541 0.060223892331123359 -0.016034382395446297 0.727983057498932 0.81721448898315441 -0.0068052248097956172 -0.077356711030006395 0.012133706361055376 1.0425944924354555 0.038371387869119651 0.18181984126567843 1.077308773994446 0.23529396206140521 0.59824562072753917 0.8194677233695985 0.18333333730697635 0.083333335816860213 0.88414877653121959 -0.97499999403953541 0.38007374107837683 0.015755050815641884 0.72452142834663402
decision_type=10 10 10 10 10 10 8 10 2 10 8 8 10 10 10 10 10 10 8 10 10 2 10 2 2 10 2 10 10 10
left_child=1 18 9 4 -4 6 7 -5 24 10 11 19 -13 26 15 -12 -16 -10 -1 -3 -8 22 23 -11 -7 -24 -2 28 -28 -30
right_child=13 2 3 5 -6 8 20 -9 17 21 14 12 -14 -15 16 -17 -18 -19 -20 -21 -22 -23 25 -25 -26 -27 27 -29 29 -31
leaf_value=0.00031917936438685451 -0.0023663031301916909 -0.018253391889860957 0.013917608826930793 -0.0015231207158151292 -0.022081744364680335 0 -0.00074522489018036188 -0.0092923346097676367 1.3521135906762757e-06 -0.0044095374504804496 0.0018834722245036823 -0.0033170091908424535 0.0061680712805347428 0.00057819516663537649 0.00055330637991009301 0.014679539982926735 -0.0017038638864448734 0.0057963037780344338 0.0020466745819607392 0.0019352919960871707 -0.0029514736912630703 -0.0032787419673035645 0.032652326262700752 0.0070266566207344127 -0.007755544958931924 0.0060885545485456225 0 0 0 0.014615201473051809
leaf_weight=40296 121 471 139 2376 436 841 39513 2392 48595 379 3907 4257 617 977 65122 549 14130 1444 25334 101 11911 357 128 1126 1367 122 206 187 153 1367
leaf_count=40296 121 471 139 2376 436 841 39513 2392 48595 379 3907 4257 617 977 65122 549 14130 1444 25334 101 11911 357 128 1126 1367 122 206 187 153 1367
internal_value=1.80354e-05 -5.85287e-05 -0.000404014 -0.000928838 -0.0126998 -0.000861326 -0.00163021 -0.00550595 -2.83368e-05 0.00021965 0.000100891 -0.00341859 -0.00203469 0.00683438 0.000334212 0.00358558 0.000146758 0.000176822 0.000991004 -0.0142369 -0.00126302 0.00504417 0.00692409 0.00392993 -0.00477226 0.0222116 0.00965849 0.0105909 0.0117968 0.0132597
internal_weight=268921 265910 200280 109014 575 108439 56192 4768 52247 91266 89154 5446 4874 3011 83708 4456 79252 50039 65630 572 51424 2112 1755 1505 2208 250 2034 1913 1726 1520
internal_count=268921 265910 200280 109014 575 108439 56192 4768 52247 91266 89154 5446 4874 3011 83708 4456 79252 50039 65630 572 51424 2112 1755 1505 2208 250 2034 1913 1726 1520
is_linear=0
shrinkage=0.03


Tree=3
num_leaves=31
num_cat=0
split_feature=16 26 29 3 40 57 57 13 86 0 36 1 115 123 76 54 119 46 54 67 2 138 82 76 58 52 28 105 86 43
split_gain=143.47 110.519 80.4244 107.587 100.299 89.8114 86.3075 85.2757 61.0055 60.3878 57.176 55.7362 54.4074 53.682 53.2656 63.6081 63.3879 48.1011 58.0438 42.1133 58.4359 52.4082 40.5043 42.0189 38.826 38.7633 41.5943 38.5669 35.7472 32.331
threshold=1.2279316186904909 0.019962045364081863 -0.00028205721173435444 0.017718044109642509 -0.041306272149085992 1.1778989434242251 0.81709790229797374 0.9868685007095338 -0.516666680574417 -0.01362680923193693 0.80438071489334118 0.057663971558213241 0.74285677075386058 0.11111195012927057 0.31666667759418493 1.0157531499862673 0.56862768530845653 1.1210324764251711 1.114875376224518 0.99583333730697643 0.36363859474658972 0.60279038548469555 0.14166667312383655 0.050000002607703216 0.95531159639358532 0.93981477618217479 -0.0086331041529774648 0.34166666865348821 -0.68333333730697621 1.0186358094215395
decision_type=10 10 10 10 10 10 10 8 2 10 10 10 10 8 2 10 10 10 10 10 10 10 2 2 10 10 10 2 2 10
left_child=1 13 7 5 27 6 -4 9 -7 -3 -2 14 -8 -1 15 -9 -16 -13 -19 21 -21 -6 28 -24 -15 29 -27 -5 -11 -12
right_child=10 2 3 4 19 8 12 11 -10 22 25 17 -14 24 16 -17 -18 18 -20 20 -22 -23 23 -25 -26 26 -28 -29 -30 -31
leaf_value=0.00024073303630930964 0.0024998946236034049 -0.013520960630550945 -0.010949232457324159 0 -0.0038152025038552645 0.0093557636524234117 0.00013432784995863397 0.00092783961149239716 0 0.008584825257767343 0.0015589990615333634 -0.0036979334745398862 -0.0022647719334077149 0.0084386597166175616 -0.0020325611414938392 -0.0021745556611986604 0.00060266071781692784 0.011382139888323607 0 0.0021914853291121242 -0.014641564737150245 0.0059783335712782423 0.00066271174366054305 -0.00492205410442903 0.001705982688080952 0.010929367228439648 -0.0021797146063352768 0.021660467721346791 -0.0011633195012547995 0.025008691166098964
leaf_weight=42080 1634 519 648 115 535 1491 79943 7085 1009 394 103 476 9485 799 11138 33166 31016 937 622 519 249 2974 1357 6818 30295 715 252 379 1725 271
leaf_count=42080 1634 519 648 115 535 1491 79943 7085 1009 394 103 476 9485 799 11138 33166 31016 937 622 519 249 2974 1357 6818 30295 715 252 379 1725 271
internal_value=2.90235e-05 -4.3431e-05 -0.00042159 0.000182196 0.00456639 -4.14461e-05 -0.000200891 -0.00104171 0.00554038 -0.00355471 0.00655904 -0.000715586 -0.000117223 0.000947659 -0.000840129 -0.00162083 -8.71423e-05 0.00414074 0.0067406 0.00296121 -0.00311849 0.00438699 -0.0029979 -0.00395905 0.00189394 0.0111752 0.00723425 0.0172243 0.000572289 0.019719
internal_weight=268749 265774 192600 97347 4771 92576 90076 95253 2500 10813 2975 84440 89428 73174 82405 40251 42154 2035 1559 4277 768 3509 10294 8175 31094 1341 967 494 2119 374
internal_count=268749 265774 192600 97347 4771 92576 90076 95253 2500 10813 2975 84440 89428 73174 82405 40251 42154 2035 1559 4277 768 3509 10294 8175 31094 1341 967 494 2119 374
is_linear=0
shrinkage=0.03


Tree=4
num_leaves=31
num_cat=0
split_feature=16 26 29 40 125 16 71 22 43 36 124 47 43 23 83 13 45 29 10 4 60 35 17 24 139 42 42 1 116 45
split_gain=119.28 109.042 80.576 95.9071 94.6716 148.4 89.5847 68.9381 66.6196 66.1215 65.0325 60.1861 53.0537 55.1232 49.7501 46.725 62.7431 59.4095 46.4359 41.4799 41.1714 40.3665 75.0408 38.6352 35.3643 33.4632 32.4789 29.8184 28.6268 26.2848
threshold=1.2279316186904909 0.016430747695267204 -0.00028205721173435444 -0.031411696225404732 0.48611135780811315 0.72948259115219127 0.54819294810295116 1.0989002585411074 1.0638648271560671 0.80438071489334118 -0.63636329770088185 1.0109574794769289 1.0885547399520876 0.042193090543150909 -0.50000001490116108 0.98475942015647899 1.064783036708832 -0.006529302103444933 1.017653822898865 0.4000000804662705 0.96839854121208202 0.43190810084342962 1.0508502721786501 0.038079958409070976 0.94747051596641552 0.070822682231664671 -0.0023306010989472266 0.057663971558213241 0.65703979134559642 1.1660117506980898
decision_type=10 10 10 10 10 8 10 10 10 10 8 10 10 10 10 8 10 10 10 10 10 10 10 10 10 10 8 10 10 10
left_child=1 26 10 6 7 8 14 11 -6 -2 19 -5 28 -14 24 16 25 -18 -7 29 -9 22 -17 -11 -4 -12 -1 -23 -8 -3
right_child=9 2 3 4 5 18 12 20 -10 23 15 -13 13 -15 -16 21 17 -19 -20 -21 -22 27 -24 -25 -26 -27 -28 -29 -30 -31
leaf_value=0.00037101050459794157 0.001604812768347743 0.0013642144414410993 0.0090009661334137531 0.0025398459194352929 -0.01838148520098886 -0.002366012443731655 0.0024087288351862515 -0.0013675513104847144 0.0041601471910469754 0.0036289081869830958 -0.0012457722458851699 -2.5777239281448213e-05 0.020590287908159078 0 -0.0086692976944086602 -0.00066358070913251246 0.0012207241979809982 -0.0069307014880674953 0.0034412358622634234 -0.001871375906166146 0.0074014165071632221 -0.00041920425198277726 -0.0033821308638766114 0.014903085196585137 -0.0025934335638628085 0.010618356890426102 0.0020108443763149878 0.004885317313954838 0.0085294020319466434 0.0057623016622986778
leaf_weight=19868 1639 8039 389 9085 689 8928 2015 563 109 548 5095 83371 423 182 589 26909 912 4232 1383 3041 1909 44405 14129 834 489 200 25472 948 1237 1519
leaf_count=19868 1639 8039 389 9085 689 8928 2015 563 109 548 5095 83371 423 182 589 26909 912 4232 1383 3041 1909 44405 14129 834 489 200 25472 948 1237 1519
internal_value=2.73233e-05 -3.90614e-05 -0.000315363 0.000250633 5.01326e-05 -0.00256437 0.0041727 0.000359731 -0.0149093 0.00593582 -0.000894034 0.000223579 0.00658167 0.0148703 -0.00196252 -0.00115937 -0.00306604 -0.00542828 -0.0015529 0.00112007 0.00528894 -0.000924853 -0.00160805 0.0107621 0.00229548 -0.000702933 0.00129936 -0.000299609 0.00486651 0.00210507
internal_weight=269151 266130 220790 111361 106037 11109 5324 94928 798 3021 109429 92456 3857 605 1467 96830 10439 5144 10311 12599 2472 86391 41038 1382 878 5295 45340 45353 3252 9558
internal_count=269151 266130 220790 111361 106037 11109 5324 94928 798 3021 109429 92456 3857 605 1467 96830 10439 5144 10311 12599 2472 86391 41038 1382 878 5295 45340 45353 3252 9558
is_linear=0
shrinkage=0.03


Tree=5
num_leaves=31
num_cat=0
split_feature=16 26 38 30 67 40 60 58 11 16 34 26 26 58 27 15 39 34 16 36 17 27 41 34 118 27 56 137 27 61
split_gain=131.779 108.06 70.8792 60.0868 67.8371 67.0709 63.2016 66.4937 57.4725 87.9395 120.84 57.9697 57.3775 54.9478 50.8869 51.7523 49.5226 49.2731 48.6658 48.5991 48.3097 45.9498 43.4833 40.6705 40.2043 39.0801 36.4559 33.9723 33.7745 33.3303
threshold=1.2279316186904909 0.020587149076163772 -0.00098554778378456809 -0.00040843411989044393 0.43364779651165014 -0.0060965886805206529 0.74129092693328869 0.934747874736786 0.9707869589328767 0.674747794866562 0.64221066236495983 0.069538675248622908 0.029558955691754821 0.95531159639358532 0.045423388481140144 0.83694374561309826 0.042240699753165252 0.66185820102691661 0.674747794866562 0.80438071489334118 1.0241789817810061 0.05463222227990628 0.054755873978137977 0.91671115159988414 0.40860225260257726 0.064615901559591307 1.1723754405975344 0.28876128792762762 0.09156136587262155 1.0532925724983218
decision_type=10 10 10 10 10 10 10 10 10 8 10 10 10 8 10 10 10 10 8 10 10 10 10 10 10 10 10 10 10 10
left_child=1 13 8 4 23 20 7 21 14 10 -10 22 -7 -1 -3 27 18 -18 -8 -2 -6 -5 -11 28 -15 -13 -21 -16 -4 -25
right_child=19 2 3 6 5 12 16 -9 9 11 -12 25 -14 24 15 -17 17 -19 -20 26 -22 -23 -24 29 -26 -27 -28 -29 -30 -31
leaf_value=0.0086945267299816421 0.0024319757693697912 -0.0042567457138201256 -0.0015654188459121963 -0.0019436241177872061 0.0020898669434083312 -0.0024242036229531598 0.010246141423011119 0.0044455366781321025 0.0082779730988873368 5.0526353679219562e-06 -0.025843910560768124 -0.0031027568896319067 -0.0072660614790858342 0.0016508528182250842 0.0086561609176652766 0.012269573832982248 0.011284525383093106 -0.0013046502414886323 -0.00036199390139761515 0 -0.014342433360058728 -0.024734274081447544 -0.0044699064994941562 0 0.00023304085449796894 0.0037065513556855749 0.012520505430808413 -0.0075694934525041618 0.0024927824290513897 0.0078340256081727028
leaf_weight=785 1605 322 36670 166 2131 4708 371 161 115 75162 246 809 4640 29331 190 910 651 407 47062 205 152 235 1983 1538 48139 5780 1154 239 1871 744
leaf_count=785 1605 322 36670 166 2131 4708 371 161 115 75162 246 809 4640 29331 190 910 651 407 47062 205 152 235 1983 1538 48139 5780 1154 239 1871 744
internal_value=-3.68048e-06 -7.52483e-05 -0.000467515 -0.00100432 -0.00171092 -0.00374157 -0.000242219 -0.0100758 0.000164471 5.1067e-05 -0.0143227 0.000120024 -0.00486993 0.000859486 0.00565865 0.00829139 -0.000117959 0.00622897 -0.000268416 0.00626443 0.000750502 -0.0165529 -0.000107216 -0.00112347 0.000773999 0.00281825 0.0104722 0 -0.00135944 0.00270878
internal_weight=268482 265518 187263 101507 52454 11631 49053 562 85756 84095 361 83734 9348 78255 1661 1339 48491 1058 47433 2964 2283 401 77145 40823 77470 6589 1359 429 38541 2282
internal_count=268482 265518 187263 101507 52454 11631 49053 562 85756 84095 361 83734 9348 78255 1661 1339 48491 1058 47433 2964 2283 401 77145 40823 77470 6589 1359 429 38541 2282
is_linear=0
shrinkage=0.03


Tree=6
num_leaves=31
num_cat=0
split_feature=16 25 29 56 28 36 35 17 22 41 78 52 10 3 82 42 36 92 51 61 39 60 52 33 76 1 28 14 109 0
split_gain=132.183 98.3219 86.3226 78.5236 101.666 76.5619 64.3587 62.3459 61.5959 60.8735 75.0512 94.5586 62.9776 59.7816 53.3072 48.9635 43.6222 43.4553 42.3905 53.5931 53.2281 47.6483 40.5823 49.1734 37.4464 37.3309 34.9398 33.9174 33.2713 33.0209
threshold=1.2279316186904909 0.01236047223210335 -0.00018738250219030303 0.89488443732261669 -0.012878783512860535 0.53407740592956554 0.82863280177116405 0.81453952193260204 1.0967119932174685 -0.027770786546170708 0.70000001788139354 0.67562815546989452 1.0233086943626406 0.017718044109642509 0.10833333432674409 -0.0023306010989472266 0.80438071489334118 0.44204396009445196 0.98176011443138134 1.065459728240967 -0.018786737695336338 1.0425158739089968 0.91866481304168712 0.58426901698112499 0.18333333730697635 0.017068217508494857 0.0014994207886047663 1.0815704464912417 0.68333333730697643 0.012567698489874603
decision_type=10 10 10 10 8 10 10 10 10 10 10 10 10 10 2 10 10 10 10 10 10 10 10 10 2 10 8 8 2 10
left_child=1 25 6 7 5 -5 9 28 13 10 17 -12 14 -6 -11 -14 -2 -3 19 27 -20 -22 -18 -24 -10 -1 -27 -8 -4 -7
right_child=16 2 3 4 8 29 18 -9 24 12 11 -13 15 -15 -16 -17 22 -19 20 -21 21 -23 23 -25 -26 26 -28 -29 -30 -31
leaf_value=0.0018125519788616017 0.0025941614840588639 -0.00083421677820489119 -0.012169940040826095 0.0011419023787501727 -2.7400062464864626e-05 0.015571224023591583 -0.00069854062002387674 0.0010166124371179693 0.0071125968169655678 0.00031779385382304403 0.011863167381275051 0.000299725630679246 -0.0073187526683770859 0.0036269050569869288 -0.0018615967590447759 3.1512060990631002e-05 0.019931911447492894 -0.0062134620057309993 -0.0086975936669871582 0.011124881084302929 0.0021426258250938587 0.011189773284460004 -0.0020438675088541849 0.011149680876836454 -0.00053564505178511023 -0.0022787606923656517 0.001927919683693541 -0.007555296454367773 -0.00037496206734411331 0
leaf_weight=29258 1606 3354 984 1060 103310 792 4380 758 1821 12164 636 24957 2951 4167 53537 1013 316 2442 346 281 7556 569 330 706 733 4376 2909 775 344 144
leaf_count=29258 1606 3354 984 1060 103310 792 4380 758 1821 12164 636 24957 2951 4167 53537 1013 316 2442 346 281 7556 569 330 706 733 4376 2909 775 344 144
internal_value=-3.95697e-05 -0.000111139 -0.000342742 0.000239686 0.000350034 0.0070311 -0.000923424 -0.00549106 0.000224855 -0.00118809 -8.09865e-05 0.000607835 -0.00168244 0.000112139 -0.00145356 -0.00537436 0.00624397 -0.00316578 0.000977134 -0.00105049 0.00231304 0.00283896 0.0102598 0.0067039 0.00481389 0.00133187 -0.000557229 -0.00181257 -0.00938806 0.0132233
internal_weight=268575 265617 229074 114113 112027 1996 114961 2086 110031 101054 31389 25593 69665 107477 65701 3964 2958 5796 13907 5436 8471 8125 1352 1036 2554 36543 7285 5155 1328 936
internal_count=268575 265617 229074 114113 112027 1996 114961 2086 110031 101054 31389 25593 69665 107477 65701 3964 2958 5796 13907 5436 8471 8125 1352 1036 2554 36543 7285 5155 1328 936
is_linear=0
shrinkage=0.03


Tree=7
num_leaves=31
num_cat=0
split_feature=16 26 37 40 38 50 73 51 24 11 19 17 30 82 123 36 61 134 23 140 27 35 2 17 34 36 23 3 24 114
split_gain=99.9214 101.296 69.078 73.2551 63.2609 64.9414 167.953 82.9624 87.9637 60.5665 64.4874 85.6269 53.2007 52.6611 52.1929 47.0602 40.5897 39.8578 39.8425 37.534 37.3282 37.0844 36.225 55.8403 33.9258 32.1655 28.5109 25.8672 25.4547 25.1209
threshold=1.2279316186904909 0.020587149076163772 0.85060060024261486 -0.05670111067593097 -0.00092451207456178952 0.70271128416061412 0.5000000149011613 0.65974488854408275 0.041001845151185996 0.9707869589328767 0.93930545449256908 0.69693449139595043 -0.00040843411989044393 0.12500000372529033 0.24999906867742541 0.80438071489334118 0.77133560180664074 0.59677675366401683 0.026264358311891559 0.72871148586273204 0.068110954016447081 0.096865918487310423 0.88889041543006908 1.1661654114723208 0.90810549259185802 0.63193044066429149 0.013658720534294845 0.011111100669950249 0.035001119598746307 0.31111149489879614
decision_type=10 10 10 10 10 10 10 10 10 10 10 8 10 2 8 10 10 10 10 10 10 10 8 8 10 10 10 10 10 10
left_child=1 14 4 13 9 6 -6 8 -7 17 11 -11 -9 -4 27 -2 -12 20 -16 -17 -3 -20 24 -24 25 -5 -21 -1 29 -28
right_child=15 2 3 22 5 7 -8 12 -10 10 16 -13 -14 -15 18 19 -18 -19 21 26 -22 -23 23 -25 -26 -27 28 -29 -30 -31
leaf_value=0.00037703109479183687 0.0016989488435675466 0.0023301189031076281 0.00071117403142656509 0.0021485936110451302 0.013431531658967618 0.024574201213600842 -0.020588440129956181 -0.0018778387396887523 -0.0045986303098788355 -0.024668492154876997 0.0066775457459322595 -0.003106673952447651 -0.00041479999128957862 0.020983694936772903 0.0017464825385975177 -0.0026938390804909515 -9.4022913582452299e-05 -0.0042585029691976847 0.0021918497385062605 -0.0010861275124749757 0.013940100902809671 0.026126570786380265 6.6915983233921695e-05 0.014749542123439615 0.0069181810643566084 -0.00072022977674196303 -0.0033430472421541548 -0.0033298360273440763 0.015823124814816708 0.011884267796547367
leaf_weight=49319 1613 575 247 5341 156 210 436 47316 122 185 785 1208 43641 271 26724 152 74639 224 183 103 571 101 607 407 709 10047 151 1723 785 162
leaf_count=49319 1613 575 247 5341 156 210 436 47316 122 185 785 1208 43641 271 26724 152 74639 224 183 103 571 101 607 407 709 10047 151 1723 785 162
internal_value=-2.82402e-05 -9.06637e-05 -0.000469366 0.00131155 -0.00065587 -0.0011896 -0.0109875 -0.00112038 0.0133496 -2.46822e-05 -0.000140769 -0.00649118 -0.00117942 0.0122605 0.000816096 0.00542744 -1.78176e-05 0.00617694 0.00188376 0.00956443 0.00851202 0.0128495 0.000948656 0.00642167 0.000577738 0.000257532 0.0113803 0.00024477 0.0128165 0.0038777
internal_weight=268713 265747 187697 17629 170068 91881 592 91289 332 78187 76817 1393 90957 518 78050 2966 75424 1370 27008 1353 1146 284 17111 1014 16097 15388 1201 51042 1098 313
internal_count=268713 265747 187697 17629 170068 91881 592 91289 332 78187 76817 1393 90957 518 78050 2966 75424 1370 27008 1353 1146 284 17111 1014 16097 15388 1201 51042 1098 313
is_linear=0
shrinkage=0.03


Tree=8
num_leaves=31
num_cat=0
split_feature=32 25 86 74 56 3 15 80 31 42 53 5 73 57 18 42 1 3 38 115 37 33 59 62 1 51 16 13 52 115
split_gain=104.328 95.399 87.3443 67.7849 69.2042 65.7096 76.9943 70.6674 63.4338 58.4946 62.7317 59.5721 58.0801 56.8562 54.5744 66.4813 52.3492 52.3157 47.849 46.7909 46.59 44.2709 44.1327 40.0787 35.4354 39.7571 32.5326 32.1379 30.8938 29.3857
threshold=-0.0049182062502950421 0.01236047223210335 -0.58333334326744068 0.55000001192092907 0.89488443732261669 0.016098496504127983 0.78353834152221691 0.075000001117587103 0.0032716112909838562 -0.077356711030006395 0.99214822053909313 0.012552236672490837 0.90000000596046459 1.1778989434242251 0.95185223221778881 0.078253526240587248 0.011904767248779537 0.011910426896065475 -0.032421177253127091 0.74863868951797496 0.86147582530975353 0.93570867180824291 0.95195117592811596 0.70868793129920971 0.017068217508494857 0.9747474491596223 1.1087290644645693 0.9868685007095338 0.83238208293914806 0.61467894911766063
decision_type=10 10 2 2 10 10 8 2 10 10 10 10 10 10 10 10 10 10 10 10 10 10 10 10 10 10 8 10 10 10
left_child=2 24 12 9 8 13 7 -7 -5 10 -3 17 21 19 26 16 -16 -12 -10 -6 -8 -1 -17 -13 -2 -26 -11 -15 -14 -4
right_child=1 3 29 4 5 6 20 -9 18 14 11 23 28 27 15 22 -18 -19 -20 -21 -22 -23 -24 -25 25 -27 -28 -29 -30 -31
leaf_value=0.010942028223906067 0.001815024326717165 -0.014370930289748956 0.00020042818580268416 0.003682760468204939 0.00030534490282841645 0.0014994241562141853 0.0015247873568487896 0.033380655040776967 0 -0.018823740700116522 0.0016265271915398892 0.020593259351920676 0.0099659713627193603 -0.00057344129274093864 0.00030347485813304799 -0.001358058495922402 -0.001350148573061305 -0.0044095122505924123 -0.011404808281302961 -0.0021121701059078051 0.01058164421456576 -0.001232786719881735 0.010067801762482228 0.0047136197010257267 0.0011654335167698281 -0.0035185987260819653 0 0.01044858859927812 -0.0028332016505628632 0.012181239073093122
leaf_weight=2146 28690 202 4707 496 84847 148 4603 129 445 227 7224 156 206 273 20933 412 90369 1540 1121 7842 581 253 793 1843 4273 2570 105 732 648 175
leaf_count=2146 28690 202 4707 496 84847 148 4603 129 445 227 7224 156 206 273 20933 412 90369 1540 1121 7842 581 253 793 1843 4273 2570 105 732 648 175
internal_value=1.10219e-05 -9.24294e-05 0.00335333 -0.000321648 0.000251942 0.000368353 0.003564 0.0186048 -0.00515156 -0.00079298 0.00128532 0.00163309 0.00715662 0.000178171 -0.000997787 -0.000957827 -0.00103645 0.000524103 -0.00814997 9.71624e-05 0.00263425 0.00953447 0.00595791 0.00629316 0.00135008 -0.000555146 -0.012863 0.00720909 6.83419e-05 0.000739038
internal_weight=268689 260554 8135 225021 101217 99155 5461 277 2062 123804 10965 10763 3253 93694 112839 112507 111302 8764 1566 92689 5184 2399 1205 1999 35533 6843 332 1005 854 4882
internal_count=268689 260554 8135 225021 101217 99155 5461 277 2062 123804 10965 10763 3253 93694 112839 112507 111302 8764 1566 92689 5184 2399 1205 1999 35533 6843 332 1005 854 4882
is_linear=0
shrinkage=0.03


Tree=9
num_leaves=31
num_cat=0
split_feature=22 57 30 39 62 86 53 27 31 115 46 27 24 50 35 86 23 30 48 42 27 53 8 22 31 24 35 35 118 119
split_gain=107.155 72.158 71.3896 64.1673 84.404 59.8984 59.5743 75.6257 56.2161 56.0347 59.8557 53.688 52.0466 49.8821 55.9431 71.1209 49.8716 49.1808 49.5282 66.252 49.1401 47.1927 45.6649 41.4669 40.9496 40.455 40.0991 38.2436 36.0375 31.5447
threshold=1.1669376492500307 0.81709790229797374 -0.00037171861913520837 0.019120578654110435 0.92040577530860912 -0.74999999999999989 0.99492290616035473 0.053487733006477363 0.0098911426030099409 0.74285677075386058 1.0048318505287173 0.11268211528658868 0.025629464536905292 0.83485835790634166 0.47497005760669714 -0.81666666269302357 0.035780644044280059 0.0064156327862292537 0.94701308012008678 0.075564093887805953 0.068110954016447081 1.0638811588287356 -0.40000334382057184 0.80902975797653209 -0.0087370090186595899 0.055393589660525329 0.75160866975784313 0.61563727259635936 0.12500005215406421 0.77631595730781566
decision_type=10 8 8 10 10 2 10 10 10 10 10 8 10 10 10 2 10 10 10 10 10 10 10 10 10 10 10 10 10 10
left_child=1 6 3 13 16 12 7 -1 9 10 -4 27 -2 24 15 -15 -5 23 28 -20 -16 -12 -6 -10 -3 -24 -8 -11 -19 -14
right_child=5 2 8 4 22 -7 26 -9 17 11 21 -13 29 14 20 -17 -18 18 19 -21 -22 -23 25 -25 -26 -27 -28 -29 -30 -31
leaf_value=0 -0.0057647492531687017 -0.0035669226710532986 0.0027684165998507833 -0.011009820156708585 -0.0090285946036303601 0 -0.0069508245994531828 -0.022877945397315094 0.021979971002830667 0.0040823391469939994 0.00022698688310999243 -0.016320393478139347 0.012177806291084404 -0.0041523300274467169 -4.8980383724708233e-05 -0.00068557774084742013 0.0066141692115173735 0.0051478702097312737 0.002090549364418489 0.019503613449183062 0.0027282364650523432 0.0049845337209540631 -0.0015584812981365864 0.0032099226520922045 0.015271177414866974 0.0073198287169021761 0.010177914556541229 -0.0019673585740094721 -0.0059137638547534458 0.0047805606763263661
leaf_weight=228 210 109 9662 1369 705 1481 281 339 238 992 115372 206 1235 6076 50398 45970 126 376 782 271 6424 1896 10865 269 309 453 188 9935 707 1280
leaf_count=228 210 109 9662 1369 705 1481 281 339 238 992 115372 206 1235 6076 50398 45970 126 376 782 271 6424 1896 10865 269 309 453 188 9935 707 1280
internal_value=-1.35568e-05 -9.03722e-05 -5.78569e-05 -0.000587356 -0.00253911 0.00472449 -0.00791891 -0.0142882 0.00040216 0.000316509 0.000497414 -0.00171632 0.00734863 -0.000342771 -0.000386003 -0.0010975 -0.00925873 0.00472772 0.00250066 0.00713157 0.000260569 0.000307302 -0.00166466 0.0130901 0.00973535 -0.00116438 0 -0.00138428 -0.00177765 0.00859877
internal_weight=268752 264546 263510 122804 13518 4206 1036 567 140706 138063 126930 11133 2725 109286 108868 52046 1495 2643 2136 1053 56822 117268 12023 507 418 11318 469 10927 1083 2515
internal_count=268752 264546 263510 122804 13518 4206 1036 567 140706 138063 126930 11133 2725 109286 108868 52046 1495 2643 2136 1053 56822 117268 12023 507 418 11318 469 10927 1083 2515
is_linear=0
shrinkage=0.03


Tree=10
num_leaves=31
num_cat=0
split_feature=16 57 29 28 13 45 36 17 15 55 16 53 50 69 72 86 36 49 17 24 61 4 16 24 33 38 6 64 40 72
split_gain=109.423 85.222 78.0266 79.0104 60.0784 57.5467 57.3415 54.5202 67.3079 55.7349 50.0735 47.1405 47.762 45.523 49.3474 45.1585 43.0576 42.5813 91.7056 73.2609 73.2222 70.4137 47.34 42.1734 38.1867 36.3267 35.7392 36.2591 35.3027 28.1041
threshold=1.2279316186904909 0.81709790229797374 -0.00028205721173435444 -0.012878783512860535 0.97351554036140453 1.0602904558181765 0.53407740592956554 1.0586221218109133 0.93161711096763622 1.0925179719924929 1.1180885434150698 0.99492290616035473 0.70271128416061412 0.2280698046088219 0.6739129126071931 -1.0000000180025095e-35 0.80438071489334118 0.82702705264091503 0.8543878197669984 0.050988094881176955 0.78723517060279857 0.39558780193328863 0.70843112468719494 0.038079958409070976 0.72913435101509105 0.013351263012737037 0.17647203803062442 0.14642857760190967 -0.041306272149085992 0.55701756477355968
decision_type=10 8 8 8 8 10 10 10 8 10 8 10 10 10 10 2 10 8 8 10 8 10 8 10 10 10 10 10 10 10
left_child=1 11 4 6 5 -3 26 13 29 -10 28 12 -1 14 -6 -15 -2 18 -5 20 -19 -20 -21 24 -18 -8 27 -4 -7 -9
right_child=16 2 3 17 7 10 25 8 9 -11 -12 -13 -14 15 -16 -17 23 19 21 22 -22 -23 -24 -25 -26 -27 -28 -29 -30 -31
leaf_value=-0.021715515906710111 0.002133868797355699 -0.00025952428504875052 -0.0038034336435465287 -0.002678723347463597 0.00041876736392258723 0.004998673648927917 0.014152378271526952 0.013360254655565949 -0.0018682942913769512 0.00076031659379025723 0 -0.00071288026447200727 -0.0024405368720359015 0.00038460318829538283 0.0038541849562347564 -0.0015920552234977596 -0.0031277768863365051 0.0062821865243472301 0.015546570140130106 -0.019194821427254954 0.00030282356354604086 -0.0022695269867370606 -0.0036444423864195217 0.013952816337889839 0.012479928941530291 -0.00089747663247524885 -0.0032089696407851154 0.012522238978262632 -0.0099323601610683092 -0.0011938142646104096
leaf_weight=322 1653 2520 136 715 32272 114 800 380 37379 8815 708 461 242 20108 4295 21109 340 1857 740 209 127878 227 1271 819 197 128 602 350 1983 115
leaf_count=322 1653 2520 136 715 32272 114 800 380 37379 8815 708 461 242 20108 4295 21109 340 1857 740 209 127878 227 1271 819 197 128 602 350 1983 115
internal_value=-3.81834e-06 -6.95554e-05 -3.46606e-05 0.000469297 -0.00056078 -0.00368264 0.00634383 -0.000424246 -0.00123471 -0.00136008 -0.00662815 -0.00862107 -0.0143256 5.85626e-05 0.000832362 -0.000620735 0.00566475 0.000376984 0.00510338 0.000313343 0.000391678 0.0110991 -0.00626706 0.00965738 0.00230188 0.0117849 0.00130317 0.00739109 -0.00893939 0.00948143
internal_weight=268745 265736 264711 134913 129798 5325 2016 124473 46689 46194 2805 1025 564 77784 36567 41217 3009 132897 1682 131215 129735 967 1480 1356 537 928 1088 486 2097 495
internal_count=268745 265736 264711 134913 129798 5325 2016 124473 46689 46194 2805 1025 564 77784 36567 41217 3009 132897 1682 131215 129735 967 1480 1356 537 928 1088 486 2097 495
is_linear=0
shrinkage=0.03


Tree=11
num_leaves=31
num_cat=0
split_feature=26 16 29 40 71 62 29 44 13 3 18 10 87 0 82 115 85 61 13 38 37 90 100 49 28 38 36 23 123 51
split_gain=97.5062 96.7225 69.5661 69.8752 113.275 80.8327 138.224 135.823 67.9544 67.298 56.1889 76.6175 53.699 53.2499 51.3437 62.7411 61.3395 57.3365 50.2277 39.9445 38.2473 52.8956 36.9847 35.0625 34.8804 34.6541 33.3561 32.0751 31.3787 31.2677
threshold=0.016430747695267204 1.2279316186904909 -0.0015570303075946865 -0.029389866627752777 0.57391321659088146 0.69393256306648265 0.011795569676905872 1.0276717543601992 0.98619580268859874 0.017101389355957512 1.0247478485107424 1.0170581340789797 0.95833331346511852 -0.014452211093157528 0.24166666716337207 0.29999996721744543 0.075000001117587103 1.0532925724983218 1.1154526472091677 -0.024529799818992611 0.85060060024261486 0.077270001173019423 0.64852941036224376 0.95991370081901561 -0.010324193164706228 -0.012160136830061672 0.80438071489334118 0.017206165008246902 0.11111195012927057 0.98097249865531932
decision_type=10 10 10 10 10 10 10 10 8 10 10 10 2 10 2 10 2 10 10 10 10 10 2 10 10 8 10 10 10 10
left_child=28 2 8 4 19 6 7 -5 13 22 11 -7 -8 -2 17 25 -17 18 -10 -4 23 -22 -6 -15 -21 -16 -3 -28 -1 -19
right_child=1 26 3 5 9 10 12 -9 14 -11 -12 -13 -14 20 15 16 -18 29 -20 24 21 -23 -24 -25 -26 -27 27 -29 -30 -31
leaf_value=0.00055435649080818488 -0.016781575687268707 0.0018622738632348705 -0.016124860269726836 0.0098684145104586847 0.006039621308758512 -0.00022559387247374414 -0.017602947006201825 -0.011074172685203968 0.00027254307569205477 0.014974115682519972 -0.0050304050692512228 0.0018901332882360986 0.0012532905202154835 -0.0056752921313675039 -0.0058530523016790802 -0.0024253847165252797 1.384788089430468e-06 -0.00078481147142080783 -0.013600706428030056 0.0018768051991558926 -0.0022373149291267398 0.013624582339730794 0 -0.00068195672072005639 -0.0051530005623181101 0.001003657254142432 -0.0013834195263971024 0.010395781733889508 0.0021748380793973738 0.010950131324571497
leaf_weight=26213 266 1632 152 643 2925 101911 772 457 22207 605 1939 18110 126 4038 673 33203 12715 221 217 1483 531 254 1432 2060 1046 12130 194 1179 19071 677
leaf_count=26213 266 1632 152 643 2925 101911 772 457 22207 605 1939 18110 126 4038 673 33203 12715 221 217 1483 531 254 1432 2060 1046 12130 194 1179 19071 677
internal_value=-2.39253e-05 -0.000281928 -0.000356164 8.01352e-05 0.00286143 -8.93677e-05 -0.00604469 0.000857481 -0.00100315 0.00555456 6.71048e-06 9.14113e-05 -0.0146607 -0.00381475 -0.00075363 -0.00122781 -0.00174716 0.00042745 0.000112923 -0.00201619 -0.00322301 0.00273339 0.00411561 -0.00404524 -0.000930663 0.000611267 0.00503966 0.00852009 0.00124409 0.00778116
internal_weight=269082 223798 220793 131601 7643 123958 1998 1100 89192 4962 121960 120021 898 7149 82043 58721 45918 23322 22424 2681 6883 785 4357 6098 2529 12803 3005 1373 45284 898
internal_count=269082 223798 220793 131601 7643 123958 1998 1100 89192 4962 121960 120021 898 7149 82043 58721 45918 23322 22424 2681 6883 785 4357 6098 2529 12803 3005 1373 45284 898
is_linear=0
shrinkage=0.03


Tree=12
num_leaves=31
num_cat=0
split_feature=22 26 86 27 56 44 18 22 42 33 24 42 53 27 83 44 41 39 40 102 38 110 35 28 113 72 43 86 38 19
split_gain=88.5415 96.8036 71.4977 57.5694 89.239 75.2979 70.5988 76.4485 71.9056 68.9627 64.3208 63.6541 60.5413 81.5724 52.4604 52.2525 56.4741 51.2938 47.763 52.5307 46.4188 44.7707 44.2262 43.3623 42.5924 40.7221 53.7591 38.6818 38.17 37.1127
threshold=1.1669376492500307 0.019962045364081863 -0.74999999999999989 0.075406603515148177 0.93271878361701976 1.0097407698631289 1.0292702913284304 0.95015656948089611 0.017962741665542129 0.37481763958930975 0.029997166246175769 0.087464973330497756 0.98681321740150463 0.10768596827983858 -0.3000000044703483 1.0429622530937197 0.022726715542376045 -0.016426074318587777 0.036603847518563278 0.53529900312423717 -0.0012903000460937617 0.39444445073604589 0.50239875912666332 0.012239373754709961 0.62376269698143016 0.16180492192506793 1.0251572728157046 -0.55000001192092884 0.011104608885943891 1.0443376898765566
decision_type=10 10 2 10 10 10 10 10 10 8 10 10 10 10 10 10 10 10 8 2 10 2 10 10 10 10 10 2 10 10
left_child=1 23 25 9 5 11 8 21 10 15 -6 -5 -7 -14 -10 20 17 -17 19 22 -3 -8 -11 -1 -18 29 -27 -9 -22 -2
right_child=2 3 -4 4 6 12 7 27 14 18 -12 -13 13 -15 -16 16 24 -19 -20 -21 28 -23 -24 -25 -26 26 -28 -29 -30 -31
leaf_value=0.00075330075636807303 -0.0012926183572212193 0.00037737800364179958 -0.00080090091994177511 0.011686917303500209 0.00035199558016586865 -0.025534478718951245 0.010841715152521556 0.007592990539154746 0.0065745123964320307 -0.0010690219516000553 -0.0037653079388067037 -0.0071459460071335197 0 -0.020664246591090691 0.0013637407197761202 -0.0075515837771617618 0.0085450183748396278 -0.0025723745685408651 -0.0024233304186469058 0.0016826154448817715 -0.0023321052258234998 -0.0047010831140172496 0.00036184176171242296 0.0073264461456981492 -0.0031406125883282087 0.0010992992609650135 0.025325202646746196 -0.0031736355971349202 0.00088362270186336336 0.0073606167293822373
leaf_weight=72043 507 15631 1506 297 13918 204 1624 406 2173 37060 4464 296 578 237 9848 2193 653 16189 8039 13903 18082 146 40441 907 420 168 226 998 3906 1838
leaf_count=72043 507 15631 1506 297 13918 204 1624 406 2173 37060 4464 296 578 237 9848 2193 653 16189 8039 13903 18082 146 40441 907 420 168 226 998 3906 1838
internal_value=-1.72156e-05 -8.74237e-05 0.00426947 -0.00044238 0.000649391 -0.00617684 0.000989524 0.00524335 0.000532419 -0.000689806 -0.000634579 0.00187053 -0.0110946 -0.00659583 0.00233995 -0.00152168 -0.00279016 -0.00319027 -0.000209137 -1.06296e-05 -0.000856567 0.00935385 -0.000318609 0.000841123 0.00372272 0.00715168 0.0162721 0 -0.00174694 0.00536779
internal_weight=268901 264656 4245 191706 35189 1612 33577 3174 30403 156517 18382 593 1019 815 12021 57074 19455 18382 99443 91404 37619 1770 77501 72950 1073 2739 394 1404 21988 2345
internal_count=268901 264656 4245 191706 35189 1612 33577 3174 30403 156517 18382 593 1019 815 12021 57074 19455 18382 99443 91404 37619 1770 77501 72950 1073 2739 394 1404 21988 2345
is_linear=0
shrinkage=0.03


Tree=13
num_leaves=31
num_cat=0
split_feature=16 25 57 46 40 71 62 29 18 34 18 36 16 52 33 39 35 27 1 16 81 86 42 39 76 12 6 35 56 29
split_gain=74.907 81.1745 61.2445 64.6092 66.2278 118.71 66.2533 139.447 65.6771 56.2185 55.7998 41.7862 35.1662 33.4612 49.2768 33.2217 31.9398 31.839 29.7857 31.4872 26.7327 26.4145 31.624 25.51 23.1513 23.1431 22.0373 19.7936 19.7349 18.4852
threshold=1.2279316186904909 0.012474801857024433 0.81709790229797374 1.0099846720695498 -0.03068472724407911 0.58712619543075573 0.67402619123458873 0.011795569676905872 1.0275376439094546 0.46870371699333196 1.0241678357124331 0.80438071489334118 1.16784143447876 0.9145103693008424 0.67305779457092296 -0.029077948071062561 0.75160866975784313 0.053487733006477363 0.017526775598526004 1.0362123250961306 0.18333333730697635 0.15000000596046451 0.10623956844210626 0.035639274865388877 0.050000002607703216 0.98398312926292431 0.15789595246315005 0.83537641167640697 1.110020697116852 0.0041440471541136512
decision_type=10 10 10 10 10 10 10 10 10 10 10 10 10 10 10 10 10 10 8 10 2 2 10 10 2 10 10 10 10 10
left_child=1 18 15 9 5 12 7 -6 -7 20 -8 27 -5 -13 -15 16 -3 -17 -1 -20 29 25 -23 26 -16 -11 -19 28 -2 -4
right_child=11 2 3 4 6 8 10 -9 -10 21 -12 13 -14 14 24 17 -18 23 19 -21 -22 22 -24 -25 -26 -27 -28 -29 -30 -31
leaf_value=0.0016684533035748669 0.0084990814974911406 -0.0069666321093005499 4.612413178256247e-05 -0.00053271944047759642 0 0.0029673190760520019 -0.00041847259758070153 -0.021936713060847032 0.010691877306480515 0.017293500662943738 -0.00320274456745368 0.018208013670614028 0.0051770462359056486 -0.0017299413888865862 0.0026646672965235712 -0.00019909663861735228 0.011494430920509686 -0.015444020208902655 0.00043877519158864038 -0.0046630218248144137 0.0056786082475099439 0.00047804887639494052 -0.0045441671241303093 -0.022490241965905836 0.01574978058824943 0.0028438488725808413 0.00025474952347576618 0.0076580190625049754 -0.0018745950836350435 0.0075743780406372528
leaf_weight=30405 170 183 2040 15938 742 5029 174737 385 1296 109 6752 274 1010 422 284 223 123 100 6018 1293 3304 13263 1212 240 369 1035 140 328 1144 341
leaf_count=30405 170 183 2040 15938 742 5029 174737 385 1296 109 6752 274 1010 422 284 223 123 100 6018 1293 3304 13263 1212 240 369 1035 140 328 1144 341
internal_value=1.77132e-05 -3.4442e-05 -0.000248657 -0.000214204 -0.000378117 0.0011241 -0.000571308 -0.00777805 0.00462608 0.0013547 -0.000524051 0.00472369 -0.00016907 0.00863787 0.00563661 -0.00755966 0 -0.0110766 0.00125317 -0.00043285 0.00390974 0.000401728 3.11493e-05 -0.01532 0.0107529 0.00475182 -0.00581739 0.00126221 -0.000200302 0.00130336
internal_weight=268909 265918 228202 227193 205889 23273 182616 1127 6325 21304 181489 2991 16948 1349 1075 1009 306 703 37716 7311 5685 15619 14475 480 653 1144 240 1642 1314 2381
internal_count=268909 265918 228202 227193 205889 23273 182616 1127 6325 21304 181489 2991 16948 1349 1075 1009 306 703 37716 7311 5685 15619 14475 480 653 1144 240 1642 1314 2381
is_linear=0
shrinkage=0.03


Tree=14
num_leaves=31
num_cat=0
split_feature=57 25 29 56 10 112 41 1 78 52 73 86 38 43 138 25 24 36 114 34 15 51 67 28 35 45 56 36 118 81
split_gain=94.1793 70.2965 57.8536 57.0315 64.6629 85.5504 56.9677 75.8848 56.3629 85.1285 60.9953 53.8465 52.8739 60.639 55.292 49.8849 49.2906 47.1994 45.1672 42.7972 49.5321 42.579 40.6695 46.3895 43.6196 39.6278 38.5663 37.4743 37.0416 36.7679
threshold=1.2056239843368532 0.01236047223210335 -0.00051737052854150523 0.89488443732261669 1.0585195422172549 0.2323504984378815 -0.028286361135542389 0.022371349856257442 0.70000001788139354 0.67562815546989452 0.30000000447034841 -0.74999999999999989 -0.024529799818992611 1.0923452973365786 0.96587446331977855 0.026275101117789749 0.033475713804364211 0.54265645146369945 0.3676468580961228 0.85944232344627391 0.76091566681861889 0.88269290328025829 0.11684397235512735 0.017217854037880901 0.41324321925640112 1.1184554696083071 1.0956161618232729 0.79762580990791332 0.019046845845878128 0.050000002607703216
decision_type=10 10 10 10 10 2 10 10 10 10 10 2 10 10 8 10 10 10 10 10 10 10 10 10 10 10 10 10 10 2
left_child=1 -1 6 17 12 21 8 29 15 10 -10 16 14 -14 -5 -3 26 19 -17 20 -4 -6 24 -24 -9 -11 -2 -18 -19 -8
right_child=11 2 3 4 5 -7 7 22 9 25 -12 -13 13 -15 -16 18 27 28 -20 -21 -22 -23 23 -25 -26 -27 -28 -29 -30 -31
leaf_value=0.0011095270433687473 0.0095316432453003402 0.0017748615538838075 -0.012553653202485292 -0.016146227443381792 0.021215868773128182 -0.0091182890152432822 -0.0036092903525654094 -0.0081598006266282511 0.0013964966162871904 0.0014711585893874531 0.021422767522790043 0.00034662111348335485 0.00014944552342197046 0.0063084608671404576 0.0021144946110946434 -0.0014969691263619102 0.0036812738979009694 -0.0012372033052732475 -0.0083233763864993988 0.010854329957942896 0.00044756549262481738 0 -0.001367024197102075 -0.012109351019873687 -0.0030502383298727106 -0.0010630965852817232 -0.000586243979610634 0.010677041775603652 -0.015945838682716654 -0.00039287862197206911
leaf_weight=36565 390 1636 352 341 344 128 3450 2108 314 15928 289 4291 113038 1441 203 2298 1573 303 1549 198 765 106 14003 361 6708 8373 1722 1586 457 47744
leaf_count=36565 390 1636 352 341 344 128 3450 2108 314 15928 289 4291 113038 1441 203 2298 1573 303 1549 198 765 106 14003 361 6708 8373 1722 1586 457 47744
internal_value=0 -0.000107339 -0.000308803 0.000145532 0.000236866 0.0100857 -0.000821941 -0.00126972 0.00026426 0.000879696 0.0118556 0.00292138 0.000183022 0.00023068 -0.00896677 -0.00246959 0.00495149 -0.0047533 -0.00435204 -0.00101302 -0.00353441 0.0163421 -0.00269696 -0.00167432 -0.00432165 0.00058548 0.00121329 0.007333 -0.0106484 -0.000616818
internal_weight=268564 259002 222437 117676 115601 578 104761 74374 30387 24904 603 9562 115023 114479 544 5483 5271 2075 3847 1315 1117 450 23180 14364 8816 24301 2112 3159 760 51194
internal_count=268564 259002 222437 117676 115601 578 104761 74374 30387 24904 603 9562 115023 114479 544 5483 5271 2075 3847 1315 1117 450 23180 14364 8816 24301 2112 3159 760 51194
is_linear=0
shrinkage=0.03


Tree=15
num_leaves=31
num_cat=0
split_feature=16 26 37 35 19 86 61 7 13 40 33 102 33 58 38 76 127 37 123 31 38 73 58 77 9 56 66 139 17 108
split_gain=85.2393 73.1921 75.7484 73.9177 82.0172 77.361 68.4231 91.1541 60.0754 58.1926 55.4873 54.6044 53.0217 48.3703 44.9469 43.4485 42.8929 45.1979 39.7795 38.2573 47.1116 42.3225 36.9344 56.3546 36.0591 33.1235 32.4367 31.1674 28.0546 38.5762
threshold=1.2279316186904909 0.019962045364081863 0.85060060024261486 0.46542491018772131 0.93452203273773204 -0.81666666269302357 0.82656905055046093 0.036291904747486121 1.1154526472091677 -0.05670111067593097 0.48327936232090002 0.61167800426483165 0.91241049766540538 1.0220546722412112 -0.032421177253127091 0.050000002607703216 -0.032257894054055207 0.31257878243923193 0.91525495052337658 -0.0029827471589669581 -0.018076949752867218 0.90000000596046459 0.97801342606544506 0.041666667908430106 0.98499062657356273 1.1723754405975344 0.098076924681663527 0.73313739895820629 1.1357172727584841 -0.45000000298023218
decision_type=10 10 10 10 10 2 10 10 10 10 10 2 10 10 10 2 10 10 10 10 10 10 8 2 10 10 10 10 10 2
left_child=1 22 3 5 12 16 7 -6 10 11 -7 -4 14 -8 -5 24 17 -3 -14 21 -21 -17 23 -1 27 -2 -10 -11 -24 -30
right_child=25 2 9 4 6 8 13 -9 26 15 -12 -13 18 -15 -16 19 -18 -19 -20 20 -22 -23 28 -25 -26 -27 -28 -29 29 -31
leaf_value=-0.0038636335206945756 0 -0.012999015768891739 0.017273737438466125 0.00042576617958237892 0.0056438878413593765 -0.0018384454067761188 -0.00012064363410405906 -0.0091105578763455881 -0.003118578134703317 -0.0023230515273157939 -0.00017729281084938423 -0.0025255404109635424 0.017367281720900789 0.0044472221549498817 -0.010900365044746226 -0.00051390387825963647 0.00013923841207034776 -0.0045090703264839792 -0.0015314749611519971 -0.0091508316085577388 0.0017781519459637506 -0.0086963846744606051 0.00064075538440179849 0.003936365223233331 0.0024265473272218883 0.0069559610006371579 -0.019485805771502964 0.012638080516686974 0.0027739406097937601 -0.0068168675821003184
leaf_weight=913 811 810 371 346 3493 32437 87549 390 316 109 41935 142 100 2117 1310 2924 986 2619 496 342 9312 718 64639 6012 3285 2173 221 621 523 1026
leaf_count=913 811 810 371 346 3493 32437 87549 390 316 109 41935 142 100 2117 1310 2924 986 2619 496 342 9312 718 64639 6012 3285 2173 221 621 523 1026
internal_value=1.36882e-05 -4.19281e-05 -0.00034929 -0.000540228 1.75629e-05 -0.0012175 0.000157432 0.00404603 -0.000984301 0.00150842 -0.000906129 0.0113413 -0.00561084 -8.48436e-06 -0.00837808 0.00118697 -0.00508423 -0.0066653 0.00161336 0.000334203 0.00134186 -0.00224764 0.000764987 0.00285664 0.00392096 0.00503972 -0.0108508 0.0100018 0.000540817 -0.00339337
internal_weight=269046 266062 192949 175125 95801 79324 93549 3883 74909 17824 74372 513 2252 89666 1656 17311 4415 3429 596 13296 9654 3642 73113 6925 4015 2984 537 730 66188 1549
internal_count=269046 266062 192949 175125 95801 79324 93549 3883 74909 17824 74372 513 2252 89666 1656 17311 4415 3429 596 13296 9654 3642 73113 6925 4015 2984 537 730 66188 1549
is_linear=0
shrinkage=0.03


Tree=16
num_leaves=31
num_cat=0
split_feature=61 26 37 33 41 36 61 50 34 2 58 38 56 36 38 20 53 0 34 27 29 57 140 5 13 113 34 77 27 22
split_gain=66.3776 65.7753 54.4883 62.9921 59.3746 78.4895 71.0656 88.7274 57.0927 57.0204 57.425 70.8698 97.327 52.6271 51.028 50.8241 70.6509 61.8824 54.5316 48.4137 47.1111 46.5014 42.5844 41.81 41.5415 40.7215 39.5757 37.2371 41.2935 36.7369
threshold=1.065459728240967 0.019962045364081863 0.7325749695301057 0.37481763958930975 0.057177094742655761 0.15869135409593585 0.78723517060279857 0.7709486484527589 0.59749144315719616 0.88889041543006908 1.0291406512260439 -0.018076949752867218 0.97369614243507396 0.80102181434631359 -0.00079682661453261961 0.97729584574699413 1.0474592447280886 -0.0073937501292675725 0.7479827105998994 0.084633223712444319 -0.010101013816893099 1.1661848425865176 0.76201528310775768 0.01803607773035765 1.1154526472091677 0.55909079313278209 0.8632066845893861 0.94166666269302379 0.064615901559591307 0.89641237258911144
decision_type=10 10 10 8 10 10 10 10 10 10 10 8 10 10 10 10 10 10 10 10 10 10 10 10 10 8 10 2 10 10
left_child=1 25 3 15 6 8 7 -5 -6 10 11 12 -4 26 -13 17 23 18 -3 -18 -19 -7 -15 -17 -8 -1 -2 28 -11 -12
right_child=13 2 9 4 5 21 24 -9 -10 27 29 14 -14 22 -16 16 19 20 -20 -21 -22 -23 -24 -25 -26 -27 -28 -29 -30 -31
leaf_value=9.5308277091100339e-05 -0.00058703985760708802 0.00064322087124874818 -0.022592299357695432 0.0012593159414237729 0.015218711426152901 -0.0073152981464824456 -3.6299725042088202e-05 0.017186916457918824 -0.00019924469156719097 0.0013986370116807608 0.019029736532179591 0.0014194145226679061 -0.0022042410220953082 -0.003161464315092748 -0.00062545900166492902 -0.0020375128957353574 -0.021709045809251766 0.013199447220294905 0.0084156430918988778 0 -0.0014273708266874883 0.0027889187829431084 0.010673951857670569 0.0042632174754852689 -0.0093168935522877517 0.0015387211894357655 0.0057787420899510101 -0.0012772109094551574 0.010764881429959107 0.0028393574921426841
leaf_weight=42184 2566 2480 257 1069 235 2911 82280 459 1189 827 211 21018 1097 194 22741 38110 254 179 1266 105 10024 419 1159 924 417 30760 1264 582 1093 424
leaf_count=42184 2566 2480 257 1069 235 2911 82280 459 1189 827 211 21018 1097 194 22741 38110 254 179 1266 105 10024 419 1159 924 417 30760 1264 582 1093 424
internal_value=8.86254e-06 -5.6267e-05 -0.000350555 -0.000646838 -0.000154293 -0.00340949 2.66482e-05 0.00639789 0.00231294 0.00051707 0.000267914 0.000133059 -0.00656492 0.00336534 0.000350067 -0.00146246 -0.00201356 7.30723e-05 0.0033804 -0.015025 -0.00111609 -0.00594531 0.00845451 -0.00187858 -8.89654e-05 0.000708352 0.00145502 0.00491557 0.00694122 0.00909396
internal_weight=268698 263515 190571 142321 88979 4754 84225 1528 1424 48250 45748 45113 1354 5183 43759 53342 39393 13949 3746 359 10203 3330 1353 39034 82697 72944 3830 2502 1920 635
internal_count=268698 263515 190571 142321 88979 4754 84225 1528 1424 48250 45748 45113 1354 5183 43759 53342 39393 13949 3746 359 10203 3330 1353 39034 82697 72944 3830 2502 1920 635
is_linear=0
shrinkage=0.03


Tree=17
num_leaves=31
num_cat=0
split_feature=56 29 57 69 86 30 25 40 72 18 27 118 43 82 38 115 146 35 16 11 118 45 140 54 54 7 107 37 11 29
split_gain=73.4514 67.6064 68.1524 54.9474 51.1254 52.2852 48.4707 59.6244 82.3736 78.4663 67.832 58.4909 54.2832 46.9907 46.882 54.0551 43.418 42.1909 60.8275 52.0498 66.2147 46.1468 40.2686 39.7158 39.0029 42.62 39.632 38.393 62.2617 38.414
threshold=1.1573861837387087 -0.0033349753357470031 1.1698613166809084 0.22448909282684329 -0.78333333134651173 -0.006045704009011387 0.012474801857024433 -0.02818802464753389 0.58119657635688793 1.0247478485107424 0.1399863809347153 0.652173012495041 1.0853114128112795 0.94166666269302379 0.018301365897059444 0.5345912277698518 0.48817701637744909 0.79481491446495067 1.1067999601364138 0.98574882745742809 0.74999836087226879 1.1201664805412295 1.8281202316284182 1.0856433510780337 1.0856433510780337 -0.02184702921658754 0.52803984284400951 0.8378235697746278 0.99653208255767833 -0.015378217678517101
decision_type=8 8 10 10 2 10 8 8 10 10 10 10 10 2 10 10 10 10 10 10 10 10 10 10 10 10 2 10 10 10
left_child=1 3 6 17 5 13 -3 8 11 10 -9 -8 -10 -2 24 -16 -4 18 19 20 -1 -21 -11 -15 25 -5 -27 29 -29 -20
right_child=4 2 16 14 -6 -7 7 9 12 22 -12 -13 -14 23 15 -17 -18 -19 27 21 -22 -23 -24 -25 -26 26 -28 28 -30 -31
leaf_value=0.0093718024914556785 0.015437199599876871 0.0011290491352404528 0.0077891515995993183 -0.011336701658603628 0.00080052544987265417 -0.0023478911855316252 -0.0066866553823564604 -0.0001167092544504374 0.0028643769587876986 -0.0069544666271401058 -0.008282345361088907 0.00093222350866394379 0.010540078965223675 0.00013158018280865481 -0.00061401618040370803 0.00926574006594213 0.0015241588346588271 0.0018937384191861659 0.0079348841423429357 6.8296561084837864e-05 2.4254195343862036e-05 -0.0034875449107328866 0.0086878539100034187 0.0090176408139016982 0.0054966296025088443 -0.0013910449268628804 -0.0041321716126908438 -0.0039994670225163157 0.010013611421144172 -0.0052561008873063374
leaf_weight=1118 574 35513 1619 500 4379 505 1225 143895 5835 2078 903 3166 1010 891 1959 628 2985 7016 173 18783 1866 3923 126 1078 497 13054 7966 697 443 4470
leaf_count=1118 574 35513 1619 500 4379 505 1225 143895 5835 2078 903 3166 1010 891 1959 628 2985 7016 173 18783 1866 3923 126 1078 497 13054 7966 697 443 4470
internal_value=2.63012e-05 -5.62499e-05 0.000214616 -0.000912365 0.00296493 0.0059512 0.000127099 -9.59855e-05 0.00200536 -0.000258892 -0.000170841 -0.00114596 0.00406806 0.00772179 -0.0020204 0.00172193 0.00381629 -0.000195585 -0.000671772 -3.33082e-05 0.0036654 -0.000535387 -0.00585524 0.00518916 -0.0024749 -0.00267786 -0.00244706 -0.00344645 0.00126611 -0.00466834
internal_weight=268875 261448 198355 63093 7427 3048 193751 158238 11236 147002 144798 4391 6845 2543 24604 2587 4604 38489 31473 25690 2984 22706 2204 1969 22017 21520 21020 5783 1140 4643
internal_count=268875 261448 198355 63093 7427 3048 193751 158238 11236 147002 144798 4391 6845 2543 24604 2587 4604 38489 31473 25690 2984 22706 2204 1969 22017 21520 21020 5783 1140 4643
is_linear=0
shrinkage=0.03


Tree=18
num_leaves=31
num_cat=0
split_feature=32 86 46 120 7 56 54 61 16 50 39 23 42 35 122 51 73 57 29 34 78 58 48 42 13 23 24 56 24 84
split_gain=59.4665 62.8124 58.9445 72.6745 69.5395 68.9876 84.2073 52.3268 89.0707 69.6087 63.111 74.1484 47.5398 46.3615 60.1382 43.8276 52.8414 39.1676 53.8515 48.3794 57.6222 40.7676 38.2197 36.9888 48.4514 42.3336 36.9924 36.895 34.1362 33.6748
threshold=-0.0049182062502950421 -0.58333334326744068 1.0099846720695498 0.24840752780437472 0.0078430511057376879 0.92528691887855541 0.93029505014419567 0.77133560180664074 0.674747794866562 0.7709486484527589 -0.039849875494837754 0.042193090543150909 0.10623956844210626 0.76464974880218517 0.43522907793521887 0.82715740799903881 0.90000000596046459 0.92743623256683361 0.0065047503449022779 0.6581101417541505 0.5000000149011613 0.97688350081443798 0.96768406033515941 -0.11536702886223792 1.1154526472091677 0.026264358311891559 0.041001845151185996 1.0058996081352236 0.032175509259104736 -0.84999999403953541
decision_type=10 2 10 10 10 10 10 10 8 10 10 10 10 10 10 10 10 10 10 10 10 10 10 10 10 10 10 10 10 2
left_child=1 15 3 12 7 6 -6 9 -9 10 11 -4 -2 14 -10 -1 29 19 21 20 -5 -19 -15 25 26 -7 -25 -12 -11 -17
right_child=2 -3 4 17 5 23 -8 8 13 28 27 -13 -14 22 -16 16 -18 18 -20 -21 -22 -23 -24 24 -26 -27 -28 -29 -30 -31
leaf_value=0.017069985782948053 -0.00031129829672965869 0.00031560189430172587 0.027227472511315066 0.019944069738810261 0.0070009493899569671 0.014898996189400117 -0.014805855740454666 -0.019568708457607917 0.0010828391187598727 0.025833493661860305 0.00043090654369391405 0 -0.0074481738618058981 -0.0010701981363138234 -0.00045773627782199315 -0.0007386344872001144 -0.0024649568601512939 0.0043993430804615897 -0.0017005053328965065 0.0018477294497389008 -0.00047155008633632822 0.0012382342891627191 0.0017001013861571693 -0.0011710302706136051 -0.018657155278479862 -0.00019697562810694854 0.0020266634878442764 -0.016350442066217181 0.00076274154847487798 0.0082601869989617684
leaf_weight=281 4894 4918 152 385 176 262 639 188 28418 183 849 183 1022 5389 114154 385 689 6235 3238 762 138 9876 23389 56230 122 318 3373 112 100 1944
leaf_count=281 4894 4918 152 385 176 262 639 188 28418 183 849 183 1022 5389 114154 385 689 6235 3238 762 138 9876 23389 56230 122 318 3373 112 100 1944
internal_value=2.35499e-05 0.00253402 -5.45891e-05 0.00128296 -0.000207573 -0.00107774 -0.00968248 9.80019e-05 4.58788e-05 0.00550148 0.00217412 0.0130844 -0.00161569 7.14312e-05 -0.00014845 0.00572892 0.0044688 0.00212932 0.00176732 0.00723967 0.0141857 0.00248413 0.00117053 -0.000953309 -0.00103177 0.00639157 -0.000984418 -0.00151254 0.0185998 0.00665128
internal_weight=269004 8217 260787 26550 234237 61120 815 173117 171538 1579 1296 335 5916 171350 142572 3299 3018 20634 19349 1285 523 16111 28778 60305 59725 580 59603 961 283 2329
internal_count=269004 8217 260787 26550 234237 61120 815 173117 171538 1579 1296 335 5916 171350 142572 3299 3018 20634 19349 1285 523 16111 28778 60305 59725 580 59603 961 283 2329
is_linear=0
shrinkage=0.03


Tree=19
num_leaves=31
num_cat=0
split_feature=32 86 25 1 17 35 40 22 24 125 44 82 1 79 71 78 13 124 51 73 38 13 29 17 58 39 27 113 17 42
split_gain=58.4818 75.4781 61.5503 75.3731 70.1695 57.1076 79.2363 64.3749 100.156 86.1069 59.9181 58.5535 56.1502 84.1332 60.9707 50.486 49.3567 52.3087 48.9183 53.0657 47.9526 47.3128 43.3431 42.7225 41.1273 40.5342 40.4008 39.786 39.3207 39.243
threshold=-0.0049182062502950421 -0.58333334326744068 0.019719884730875496 0.036612650379538543 0.94304507970809948 0.47035750746726995 -0.025944367051124569 0.796705722808838 0.036155708134174354 0.41441449522972112 1.009508013725281 0.97499999403953563 0.05543711036443711 0.15000000223517421 0.60000023245811474 0.70000001788139354 1.1154526472091677 -0.55999925732612599 0.82715740799903881 0.90000000596046459 0.018301365897059444 1.0726558566093447 -0.020538729615509507 0.67235308885574352 0.97980427742004406 0.020018405281007293 0.03779644891619683 0.30357176065444952 1.3982893228530886 0.035527396947145469
decision_type=10 2 10 10 8 10 10 10 10 8 10 2 10 2 10 10 10 10 10 10 10 10 10 10 10 10 10 10 8 10
left_child=1 18 3 4 23 11 12 8 9 -8 -10 16 14 27 -7 -16 17 -4 -1 28 -19 25 -15 -2 -6 -9 -5 -14 -20 -26
right_child=2 -3 5 26 24 6 7 21 10 -11 -12 -13 13 22 15 -17 -18 20 19 -21 -22 -23 -24 -25 29 -27 -28 -29 -30 -31
leaf_value=0.017962794693168374 0.018015034236839068 9.303658637976478e-05 0.0026427811400634217 -0.00064509064134466994 0.002259335152139877 -0.00064342672059350978 0.019879078432274735 -2.8530338608921626e-05 0 -0.0062049998654939795 -0.013330215969534419 -0.0050803026574313933 0.010311785990288896 0 9.4576957044117509e-05 0.0058192765040567234 -0.010950183250337234 -0.0012735034476091956 0.0097123839689124344 -0.0022664413768587574 0.0034586333490452654 0.0067635009549562196 0.016046339137090002 0.0020687657164974748 0.00016883946076171258 -0.0021886277554928183 -0.0083864529411610822 -0.0087444674901570839 0.0010116678785176618 -0.0031878480576028861
leaf_weight=282 138 4885 3556 1349 8190 5913 206 70426 445 191 1037 3262 114 166 2406 3644 424 50021 1521 685 1954 847 752 20320 72017 8819 1246 299 796 3256
leaf_count=282 138 4885 3556 1349 8190 5913 206 70426 445 191 1037 3262 114 166 2406 3644 424 50021 1521 685 1954 847 752 20320 72017 8819 1246 299 796 3256
internal_value=2.77228e-05 0.0025248 -4.94715e-05 0.00050399 0.000632989 -0.000433043 1.86684e-05 -0.000326733 -0.00579148 0.00691467 -0.0094417 -0.00116456 0.00216824 0.00801938 0.00147992 0.00359988 -0.000929189 -0.000843359 0.00602882 0.00469704 -0.00108857 -0.000193369 0.0130511 0.00220847 0.000242785 -0.000273199 -0.00451257 -0.00255821 0.00688588 1.88503e-05
internal_weight=269167 8169 260998 106516 103921 154482 95265 81971 1879 397 1482 59217 13294 1331 11963 6050 55955 55531 3284 3002 51975 80092 918 20458 83463 79245 2595 413 2317 75273
internal_count=269167 8169 260998 106516 103921 154482 95265 81971 1879 397 1482 59217 13294 1331 11963 6050 55955 55531 3284 3002 51975 80092 918 20458 83463 79245 2595 413 2317 75273
is_linear=0
shrinkage=0.03


Tree=20
num_leaves=31
num_cat=0
split_feature=16 29 120 16 68 50 31 23 23 81 1 41 4 13 71 6 46 22 86 1 83 1 38 76 7 76 114 115 40 45
split_gain=71.7452 60.1872 61.4727 60.5216 86.2689 51.1524 50.7548 67.2748 85.2802 53.6273 50.5001 61.2799 61.6929 48.7332 55.5991 48.2088 45.4554 51.0676 42.879 40.1714 40.1408 39.8261 69.2115 39.1012 37.7655 37.7065 35.7647 32.5932 31.8597 32.2326
threshold=1.2279316186904909 -0.00018738250219030303 0.254555493593216 0.72948259115219127 0.70175406336784374 0.70271128416061412 0.009167332202196123 0.052958838641643531 0.027126778848469261 0.050000002607703216 0.014098099898546936 -0.027770786546170708 0.33333764970302587 1.1154526472091677 0.18977007269859317 0.13953530788421634 1.0103921294212344 1.0989002585411074 -0.55000001192092884 0.050279354676604278 0.70000001788139354 0.022371349856257442 0.016385012306272987 0.083333335816860213 0.010830448474735023 0.11666667088866235 0.61363628506660473 0.27927367389202123 0.013785369694232942 1.0796502232551577
decision_type=10 8 8 8 10 10 10 10 10 2 10 10 10 8 10 10 10 10 2 10 10 10 8 2 10 2 10 8 10 10
left_child=1 10 3 4 5 -3 16 8 9 -8 23 12 13 19 -15 -10 -4 24 -19 -12 -6 27 25 -1 -18 -23 -24 -13 29 -14
right_child=-2 2 6 -5 20 -7 7 -9 15 -11 11 21 28 14 -16 -17 17 18 -20 -21 -22 22 26 -25 -26 -27 -28 -29 -30 -31
leaf_value=0.0020593896409224518 0.0046374343462920698 0.014159358009447329 0.0018110458747122027 -0.00097805953159264413 -0.022900782524810048 -0.009082570765954508 -0.010801526503279231 -0.011629668219247833 0.004390539805887334 0.0046225805631020193 0.00092771139722137071 0.0017948522007355499 0.00074732804565401725 -0.00035243809162561915 -0.017671542116513592 0.02180143547381613 0.00042910068397399471 0.0075382255458165126 -0.00037290694032786624 0.0057520553223900763 -0.0058191337370593369 -0.0044180393367056169 0.0024334152757506211 -0.00012675316141112414 -0.0010835720324570107 -0.0018972639842121625 -0.010408850533786967 -0.0010703329871701679 0.012707914805959728 -0.0035719081153968687
leaf_weight=9530 2964 171 20444 11059 312 122 214 172 312 1260 19383 3960 2017 591 236 402 78275 1543 901 1711 323 9000 3283 31257 18256 14998 181 30496 103 5452
leaf_count=9530 2964 171 20444 11059 312 122 214 172 312 1260 19383 3960 2017 591 236 402 78275 1543 901 1711 323 9000 3283 31257 18256 14998 181 30496 103 5452
internal_value=1.06662e-05 -4.01131e-05 0.000407271 -0.00163407 -0.00894969 0.00356138 0.000610903 0.004964 0.00649783 0.00206784 -0.000495066 -0.000887657 0.000228978 0.00104453 -0.00594953 0.014929 0.000521548 0.00025185 0.00452062 0.00133832 -0.015113 -0.00142428 -0.00228144 0.000377453 0.000139751 -0.00285802 0.00162038 -0.000731488 -0.00208905 -0.00236656
internal_weight=268928 265964 133766 11987 928 293 121779 2360 2188 1474 132198 91411 29493 21921 827 714 119419 98975 2444 21094 635 61918 27462 40787 96531 23998 3464 34456 7572 7469
internal_count=268928 265964 133766 11987 928 293 121779 2360 2188 1474 132198 91411 29493 21921 827 714 119419 98975 2444 21094 635 61918 27462 40787 96531 23998 3464 34456 7572 7469
is_linear=0
shrinkage=0.03


Tree=21
num_leaves=31
num_cat=0
split_feature=22 26 37 0 40 60 14 17 113 40 71 82 48 47 58 39 116 50 75 123 113 21 2 60 23 48 113 97 32 5
split_gain=58.8106 65.2741 51.8509 52.3757 55.1131 84.1963 51.52 91.4992 48.2281 45.9715 45.1594 43.853 43.3551 43.1961 57.7481 42.7297 38.9498 57.9201 49.4159 47.1606 38.8417 36.3207 33.4859 46.4659 32.6803 32.5312 32.5296 28.7933 28.647 28.2883
threshold=1.1669376492500307 0.020587149076163772 0.85060060024261486 -0.00099408766254782655 -0.046282673254609101 0.74129092693328869 0.89303788542747509 0.74457627534866344 0.14285717159509662 -0.05670111067593097 0.93749997019767772 0.091666668653488173 0.95501729846000682 1.0472391247749331 0.96632295846939098 -0.030458152294158932 0.35435710847377783 0.92688617110252391 0.12500000372529033 -0.76923072338104237 0.56842097640037548 0.95375415682792675 0.88889041543006908 0.97221285104751598 0.026264358311891559 0.99435028433799755 0.93103402853012096 0.28724324703216558 0.0033805210841819648 0.0039266445674002179
decision_type=10 10 10 10 10 10 8 8 10 10 10 2 10 10 10 10 10 10 2 10 8 10 10 10 10 10 8 8 10 10
left_child=1 20 3 6 8 -6 7 15 -5 11 -7 -4 -10 21 -15 -3 17 -2 19 -19 -1 -8 27 -24 29 -9 -26 -11 -29 -22
right_child=16 2 9 4 5 10 13 25 12 22 -12 -13 -14 14 -16 -17 -18 18 -20 -21 24 -23 23 -25 26 -27 -28 28 -30 -31
leaf_value=9.6144800513880965e-05 0.015405402136596174 0.0026204511347142135 0 -0.0047260798946590693 -0.014123464328280244 -0.0013360469346011964 -0.00051288032100789492 0.0082566669218268624 -0.0004945037177831853 -0.00011972997637542374 0.00065479484177525388 0.018570314650038691 0.010309104737145712 -0.0057539639077205064 -0.00026995621915609552 -0.016000538328371477 -0.0010409976841993225 0.0058458035136039832 0.0077746420486812188 -0.0049816827328640371 0.0019942579534892955 0.0027094587411116556 0.0010990922767223845 0.015388294254652168 0.018443603911944249 -0.0051156516627797596 0 -0.00076260034674054491 0.004895122878844806 7.2495320095142561e-05
leaf_weight=46307 431 145 224 377 431 75682 4920 1811 427 11964 11633 246 961 1766 62937 236 1130 605 1223 832 21100 8069 660 319 182 138 101 1099 2297 10728
leaf_count=46307 431 145 224 377 431 75682 4920 1811 427 11964 11633 246 961 1766 62937 236 1130 605 1223 832 21100 8069 660 319 182 138 101 1099 2297 10728
internal_value=-8.1671e-06 -6.54157e-05 -0.000372016 -0.000530854 -0.00102942 -0.00113804 2.3199e-05 0.00440252 0.00415459 0.00121091 -0.00106728 0.0103277 0.00681263 -0.000105377 -0.000426003 -0.00838844 0.00349536 0.00524621 0.00338549 -0.000199565 0.000659231 0.00146692 0.000918016 0.00627028 0.00146135 0.00711513 0.0114086 0.000549662 0.00298263 0.00135638
internal_weight=268981 264760 186342 169533 89511 87746 80022 2330 1765 16809 87315 470 1388 77692 64703 381 4221 3091 2660 1437 78418 12989 16339 979 32111 1949 283 15360 3396 31828
internal_count=268981 264760 186342 169533 89511 87746 80022 2330 1765 16809 87315 470 1388 77692 64703 381 4221 3091 2660 1437 78418 12989 16339 979 32111 1949 283 15360 3396 31828
is_linear=0
shrinkage=0.03


Tree=22
num_leaves=31
num_cat=0
split_feature=16 25 29 28 36 13 7 39 57 35 27 7 45 5 119 77 38 36 54 15 16 72 1 28 84 47 33 33 57 36
split_gain=55.5348 58.433 48.1499 61.0933 73.5423 47.6539 77.4017 51.297 41.8203 41.6751 54.7692 36.4588 35.6917 35.3433 39.901 34.2096 62.7398 50.3795 33.7668 37.9007 33.7419 33.4455 29.2026 37.2127 29.0583 38.526 24.5762 26.424 23.0533 24.3921
threshold=1.2279316186904909 0.012474801857024433 -0.00028205721173435444 -0.011273987125605343 0.53407740592956554 0.98652848601341259 -0.014509209431707857 0.035639274865388877 1.1698613166809084 0.73217278718948375 0.094236776232719435 0.014738374855369331 1.0309897065162661 0.01136362971737981 0.49382723867893225 0.041666667908430106 0.011104608885943891 0.41028989851474768 0.99269926548004161 1.1215841770172121 1.132443964481354 0.31746004521846777 0.016884923912584785 0.0014994207886047663 0.65000000596046459 1.0878915190696719 0.58426901698112499 0.017188032157719139 1.220976769924164 0.68694841861724865
decision_type=10 10 10 8 10 8 10 8 10 10 10 10 10 10 10 2 10 10 10 10 8 10 8 8 2 10 10 10 10 10
left_child=1 22 5 4 13 6 -3 9 15 10 -7 -11 -8 14 -4 16 -5 -17 21 -20 -14 -10 -1 -24 25 -6 27 -9 -2 -30
right_child=28 2 3 8 24 7 12 26 18 11 -12 -13 20 -15 -16 17 -18 -19 19 -21 -22 -23 23 -25 -26 -27 -28 -29 29 -31
leaf_value=0.0014683993093267407 -0.0023434737816172865 -0.013116619661497343 0.0065334935253654755 -0.0019062030754871369 0.0021550721850819234 -0.0011304663300564192 0.0012661950878327703 -0.0012440709306059813 -0.0079362306557938123 0.00096843263878912205 0.0019889119741743561 -0.0023309911438113852 -0.0034846776427457267 -0.0073222604147557156 -0.0046709952134264222 0.00097730300715536083 0.0065848387967651851 -0.0004181730430707266 0.0072920504645530805 -0.0013910034789139452 0.0017938592276535831 0.0041409696829876356 -0.0023019021549311545 0.0017824028398962534 -0.0025212167845444478 0.014311535603757464 -0.0022533561547355475 0.010713688303695852 0.00054431841958914014 0.0071157621005360954
leaf_weight=29633 369 575 808 13434 415 69033 2401 155 388 21765 5384 3441 7873 417 390 40589 799 54257 1847 518 1172 369 4679 3426 121 871 197 708 865 1744
leaf_count=29633 369 575 808 13434 415 69033 2401 155 388 21765 5384 3441 7873 417 390 40589 799 54257 1847 518 1172 369 4679 3426 121 871 197 708 865 1744
internal_value=-1.52689e-05 -6.21958e-05 -0.000244322 0.000184863 0.00438144 -0.000685716 -0.00247531 -0.00046862 6.8399e-05 -0.000541777 -0.000900278 0.000504628 -0.00189262 0 0.00262284 -2.71584e-05 -0.00139992 0.000175934 0.00348146 0.00526872 -0.00276517 -0.00170804 0.0010294 -0.000538397 0.00934376 0.0107114 0.00601192 0.00824672 0.00404347 0.00507186
internal_weight=268643 265665 227927 115223 3022 112704 12021 100683 112201 99623 74417 25206 11446 1615 1198 109079 14233 94846 3122 2365 9045 757 37738 8105 1407 1286 1060 863 2978 2609
internal_count=268643 265665 227927 115223 3022 112704 12021 100683 112201 99623 74417 25206 11446 1615 1198 109079 14233 94846 3122 2365 9045 757 37738 8105 1407 1286 1060 863 2978 2609
is_linear=0
shrinkage=0.03


Tree=23
num_leaves=31
num_cat=0
split_feature=32 86 26 38 28 50 73 30 21 14 87 42 38 44 28 71 120 73 71 24 5 118 42 41 66 52 82 44 1 23
split_gain=50.3289 54.7574 49.8802 54.7611 50.1309 49.3045 87.4727 55.7495 70.3536 74.3775 49.0028 48.0349 53.5127 49.6702 49.9093 54.2835 44.9465 43.3203 54.2543 42.7232 40.9281 39.7622 38.9784 35.477 46.298 43.9549 34.6236 34.0636 32.9589 30.0335
threshold=-0.0049182062502950421 -0.58333334326744068 0.020587149076163772 -0.00098554778378456809 0.0090820300392806547 0.70271128416061412 0.5000000149011613 -0.00040843411989044393 0.99673256278038036 0.91378578543663036 -0.72499999403953541 -0.077356711030006395 -0.018076949752867218 1.0466392636299136 -0.013699054718017576 0.56962037086486828 0.24840752780437472 0.90000000596046459 0.154044084250927 0.012705713510513307 0.011548911686986687 0.39240515232086187 -0.12743758410215375 0.054755873978137977 0.57947367429733287 0.67562815546989452 0.058333335444331176 1.1095962524414065 0.035729883238673217 0.025873212143778804
decision_type=10 2 10 10 10 10 10 10 10 8 2 10 10 10 8 10 10 10 10 10 10 8 10 10 10 10 2 10 8 10
left_child=1 17 4 11 28 6 -5 8 9 -7 -9 12 22 23 15 -15 -12 18 -1 -16 27 -10 -4 25 -25 -13 -22 -14 -2 -6
right_child=2 -3 3 5 29 7 -8 10 21 -11 16 13 20 14 19 -17 -18 -19 -20 -21 26 -23 -24 24 -26 -27 -28 -29 -30 -31
leaf_value=0.0023737163928663129 0.00049002988207613154 0.00023651241459136634 0.003410804992859734 0.008706221162915943 0.0031099668271462357 0.012424367058658745 -0.015927164765112831 -0.0047100489143966952 -0.0028801874893437203 -0.0056910949101333878 -0.0024644085603190745 -0.0047831748229897582 0.0047907682794603428 0.00090188742655412989 0.0029410604260417554 0.012854125494664666 0.00050017527097507739 -0.00022067265527999871 0.011723751413919067 -0.0017610639726932541 0 -0.00064080295211223594 -0.0076850912686431943 0.0036287422323711118 -0.006094840973524444 0.00091275111796141055 0.01371018040664428 -0.0005600491595245024 -0.0041697668278614123 0.013137476659119799
leaf_weight=1198 72428 4941 428 147 2785 185 452 1916 9030 4698 5152 1218 2730 2498 1813 392 40891 846 1243 23863 207 36955 666 568 1476 46073 616 1596 1361 313
leaf_count=1198 72428 4941 428 147 2785 185 452 1916 9030 4698 5152 1218 2730 2498 1813 392 40891 846 1243 23863 207 36955 666 568 1476 46073 616 1596 1361 313
internal_value=-4.78213e-06 0.00230123 -7.89532e-05 -0.000348641 0.000560956 -0.000825861 -0.00931128 -0.000769521 -0.00146131 -0.00489569 -2.92191e-05 0.000211748 0.00273951 4.67153e-06 -0.000986555 0.00270339 0.000161013 0.00529398 0.0073134 -0.00141534 0.00404363 -0.00108813 -0.0030915 0.000584858 -0.00323846 0.000757749 0.0102395 0.00275416 0.000398911 0.00429706
internal_weight=268685 8228 260457 183570 76887 99426 599 98827 50868 4883 47959 84144 6243 77901 28566 2890 46043 3287 2441 25676 5149 45985 1094 49335 2044 47291 823 4326 73789 3098
internal_count=268685 8228 260457 183570 76887 99426 599 98827 50868 4883 47959 84144 6243 77901 28566 2890 46043 3287 2441 25676 5149 45985 1094 49335 2044 47291 823 4326 73789 3098
is_linear=0
shrinkage=0.03


Tree=24
num_leaves=31
num_cat=0
split_feature=56 29 13 41 111 125 52 43 62 60 84 23 139 61 8 12 22 124 61 52 35 86 1 37 36 41 2 26 13 86
split_gain=55.8865 62.9215 65.5281 56.0928 63.3599 57.4066 57.2775 50.0575 47.5515 46.6003 64.5895 67.7207 63.4901 56.1107 49.3191 45.9426 42.9142 41.06 76.5519 40.8362 54.361 43.4819 40.7116 68.8672 94.007 61.803 52.0109 48.489 46.3254 40.5928
threshold=1.1573861837387087 -0.0012276819907128809 0.96476349234581005 -0.062253827229142182 0.064583335071802153 0.48611135780811315 0.65406939387321483 1.0615610480308535 0.78219592571258556 0.9177016317844392 0.55000001192092907 0.023857827298343185 1.1868969202041628 0.89637246727943432 -0.5000036060810088 1.004233777523041 1.0989002585411074 -0.39835266768932337 1.0566506981849673 0.97899746894836437 0.52018409967422496 -0.88333332538604725 0.016884923912584785 0.84718212485313427 0.49544592201709753 -0.027770786546170708 0.88235399127006542 0.070794161409139647 1.1154526472091677 -0.58333334326744068
decision_type=10 8 8 8 2 10 10 10 10 8 2 10 10 8 10 10 10 10 10 10 10 2 10 10 10 10 10 10 8 2
left_child=1 2 15 4 -3 9 7 -7 -6 10 11 -5 -12 14 -11 -1 -15 18 -2 20 -20 -21 -4 25 -25 28 -26 -27 -24 -19
right_child=17 3 22 5 8 6 -8 -9 -10 13 12 -13 -14 16 -16 -17 -18 29 19 21 -22 -23 23 24 26 27 -28 -29 -30 -31
leaf_value=-0.0042445902668379045 -0.0052050459492253226 -0.0042565786114952273 0.00016864050080353524 0.0015709786012065307 0.01955865525974864 -0.011731095994282523 -0.00106752759693634 0.0080813895384511669 0.0025398180263683846 -0.009025653897735365 0.00194022139023206 0.0082597445147771283 -0.0036889866513697203 0.00029347224223986822 -0.0012153104294359337 -0.020347616564357632 0.0040811331155344291 0.0079890176026311804 -0.005083187292632344 0.006019547569783062 0.010419363080795212 -0.0030749379836708759 0.00015333425672280619 0.0094944600636988081 -0.00078931928302422821 -0.0023780147451254196 0.011727452294217752 0.0051918252685546071 -0.0085078898441754355 0.00014190292213233998
leaf_weight=1841 1322 251 44027 3309 366 780 11626 101 325 974 6846 2491 2410 121411 3229 174 2750 1872 211 759 1033 1164 19969 1190 4255 31604 301 738 551 981
leaf_count=1841 1322 251 44027 3309 366 780 11626 101 325 974 6846 2491 2410 121411 3229 174 2750 1872 211 759 1033 1164 19969 1190 4255 31604 301 738 551 981
internal_value=1.82219e-05 -5.32175e-05 -0.000623865 0.00032559 0.00755961 0.000279 -0.00166356 -0.00899781 0.0122727 0.000450702 0.00203153 0.00451375 0.0004374 0.00026266 -0.00313049 -0.00596886 0.000380423 0.00259684 0.000723154 0.00330903 0.00751374 0.00038523 -0.000514864 -0.00103332 0.00206009 -0.00137589 1.97055e-05 -0.00219291 -7.26878e-05 0.00541499
internal_weight=268861 261519 104650 156869 942 155927 12507 881 691 143420 15056 5800 9256 128364 4203 2015 124161 7342 4489 3167 1244 1923 102635 58608 5746 52862 4556 32342 20520 2853
internal_count=268861 261519 104650 156869 942 155927 12507 881 691 143420 15056 5800 9256 128364 4203 2015 124161 7342 4489 3167 1244 1923 102635 58608 5746 52862 4556 32342 20520 2853
is_linear=0
shrinkage=0.03


Tree=25
num_leaves=31
num_cat=0
split_feature=32 7 54 26 33 57 61 25 81 24 21 67 44 1 68 41 78 29 126 0 8 12 42 41 41 113 63 3 137 54
split_gain=59.8714 55.6035 66.4132 54.018 50.2346 60.6364 73.45 105.795 66.1304 63.6473 53.4698 66.4419 51.0146 44.1905 48.5947 42.2397 39.5682 85.5506 59.0689 39.1409 38.81 38.3403 41.3514 38.5939 37.2778 33.4065 31.9699 30.0503 28.4985 27.2829
threshold=-0.0049182062502950421 0.014999997336417438 0.99086627364158641 0.019962045364081863 0.37481763958930975 0.81709790229797374 0.78723517060279857 0.049357097595930106 0.050000002607703216 0.023584143258631233 0.9184103012084962 0.99122536182403576 1.0391313433647158 0.017819703556597236 0.21621667593717578 -0.036618491634726517 0.30000000447034841 -4.6416831537499086e-05 -0.20798847079277036 -0.012868982274085282 -0.55555847287178028 1.0086276531219485 -0.043682595714926713 0.028264779597520832 0.040812242776155479 0.59090909361839306 0.27500000596046453 0.0084420475177466887 1.5075697302818301 1.0856433510780337
decision_type=10 10 8 10 8 10 10 10 2 10 10 10 10 10 10 10 10 10 10 10 10 10 10 10 10 10 10 10 10 10
left_child=1 2 27 25 10 19 7 9 -9 -7 11 13 15 -5 -15 26 18 -18 -8 -6 -17 22 -14 -23 29 -2 -12 -1 -3 -4
right_child=3 28 24 4 5 6 16 8 -10 -11 12 -13 21 14 -16 20 17 -19 -20 -21 -22 23 -24 -25 -26 -27 -28 -29 -30 -31
leaf_value=-0.00096503492488347463 0.00016260927564718246 0.0085599921261626504 -0.00033873982616531472 -0.0068549662034477817 0.0010584685939968937 0.0043435898931716531 0.0028865406574267636 -0.0098601673652563282 0.0054823636395415582 0.035609494066900678 0.0018642701969082865 -0.0065315561252816288 0.00025697618673540265 -0.0049148753783017207 0.0059237448383935975 0.0015673848320411953 -0.00027209941127354738 0.0017745767711923608 -0.0012290233665301058 -0.012413986655245346 -0.00080170268498835624 -0.0053397567332678633 -0.0024875066455396998 0.0063328821441359009 0.0074318716097831854 0.0015054520555619301 -0.01217892374411981 -0.018880958441727894 0 0.0051348071406159103
leaf_weight=215 44071 1670 3734 288 231 141 3436 278 1405 142 155 630 7002 375 3213 7843 55636 27299 31105 551 29121 4398 15339 231 919 27396 452 182 478 1003
leaf_count=215 44071 1670 3734 288 231 141 3436 278 1405 142 155 630 7002 375 3213 7843 55636 27299 31105 551 29121 4398 15339 231 919 27396 452 182 478 1003
internal_value=5.8819e-05 0.00257984 0.00104052 -1.9516e-05 -0.000285973 8.21464e-05 0.000139796 0.00586208 0.00268587 0.0223368 -0.00093112 0.00219913 -0.00115492 0.00372145 0.00468683 -0.000429897 4.0497e-05 0.000398236 -0.00080951 -0.00813306 -0.000290344 -0.00215275 -0.00161447 -0.00466799 0.0019309 0.000681845 -0.00816939 -0.0104094 0.00672961 0.000773866
internal_weight=268939 8201 6053 260738 189271 120224 119442 1966 1683 283 69047 4506 64541 3876 3588 37571 117476 82935 34541 782 36964 26970 22341 4629 5656 71467 607 397 2148 4737
internal_count=268939 8201 6053 260738 189271 120224 119442 1966 1683 283 69047 4506 64541 3876 3588 37571 117476 82935 34541 782 36964 26970 22341 4629 5656 71467 607 397 2148 4737
is_linear=0
shrinkage=0.03


Tree=26
num_leaves=31
num_cat=0
split_feature=26 1 117 38 17 38 50 38 26 32 71 13 42 51 22 120 82 120 42 34 41 26 36 18 34 86 79 24 46 32
split_gain=50.3999 52.4133 91.8069 51.9522 79.7206 51.044 72.3516 48.449 50.4821 48.9788 48.8254 84.1501 75.1565 62.9489 48.802 56.674 44.9037 41.9125 41.2632 40.6853 38.2065 34.9498 49.2263 68.6265 35.6298 34.16 49.6505 37.0844 32.0114 31.5182
threshold=0.016291650012135509 0.05543711036443711 0.34528505802154547 -0.018076949752867218 0.75244280695915233 0.0069026448763906964 0.70271128416061412 -0.0014804758829995988 0.069538675248622908 0.0030394076602533464 0.91803306341171276 0.98090019822120678 -0.047272795811295502 0.79347828030586254 0.796705722808838 0.32323265075683599 0.74166667461395275 0.24840752780437472 0.095494747161865248 0.33545865118503576 -0.0021077073179185386 0.044073907658457763 0.14594028145074847 1.0567905306816103 0.57193085551261913 0.55000001192092907 0.35000000894069677 0.052886210381984718 1.1774753332138064 -0.0034021195024251934
decision_type=10 10 10 8 8 10 10 10 10 10 10 8 10 10 10 10 2 10 10 10 10 10 10 10 10 2 2 10 10 10
left_child=-1 3 28 4 19 21 -7 8 9 18 11 12 -9 -13 15 -10 17 -12 -5 -2 -16 -4 23 -23 -24 27 -27 29 -3 -6
right_child=1 2 5 7 25 6 -8 10 14 -11 16 13 -14 -15 20 -17 -18 -19 -20 -21 -22 22 24 -25 -26 26 -28 -29 -30 -31
leaf_value=0.00094595710146650478 0 0 -0.0012387389120101602 -3.8413089671747903e-06 0 -0.014919930209361372 2.6523077558864969e-06 -0.010253342818118608 -0.0097220484403681175 0.0022482326640257616 -0.0010593516550318276 0.0050980933098217079 -0.0020815153846011538 -0.00051049035483677026 0.0017583416844376249 0.0097416828990762316 -0.004456022199860357 0.0026507187827416959 -0.0054170861977116775 -0.019389851638501567 0.0071625368818091393 0.024471872418985834 0.0076675917947382766 -0.00034930472127322495 0.00032641023584084719 -0.0028690318345859084 0.011520749368671954 0.004978874921345783 0.017095552797488082 -0.0080832245435539813
leaf_weight=44229 103 130 881 72540 537 295 3537 1077 487 8902 3708 1811 19138 87838 3121 152 1170 9447 1272 380 2112 239 1098 125 1472 455 348 309 455 1311
leaf_count=44229 103 130 881 72540 537 295 3537 1077 487 8902 3708 1811 19138 87838 3121 152 1170 9447 1272 380 2112 239 1098 125 1472 455 348 309 455 1311
internal_value=1.95979e-05 -0.000161677 0.00218114 -0.000252456 -0.00390193 0.00124436 -0.00113976 -0.000191631 0.000342201 0.000147232 -0.000574831 -0.000791213 -0.00254142 -0.000392734 0.00302783 -0.0044818 0.00106256 0.00158217 -0.000102633 -0.0150394 0.00401551 0.00371078 0.00529686 0.0155926 0.00361366 -0.00189516 0.00313104 -0.00391567 0.0134847 -0.00560089
internal_weight=268679 224450 8232 216218 3443 7647 3832 212775 88586 82714 124189 109864 20215 89649 5872 639 14325 13155 73812 483 5233 3815 2934 364 2570 2960 803 2157 585 1848
internal_count=268679 224450 8232 216218 3443 7647 3832 212775 88586 82714 124189 109864 20215 89649 5872 639 14325 13155 73812 483 5233 3815 2934 364 2570 2960 803 2157 585 1848
is_linear=0
shrinkage=0.03


Tree=27
num_leaves=31
num_cat=0
split_feature=61 72 125 26 30 16 10 125 16 40 10 121 24 50 35 18 91 34 108 27 35 14 11 36 99 36 39 43 60 97
split_gain=56.6412 55.0198 73.6027 54.0289 43.4661 70.4967 46.756 48.8896 63.4353 59.958 50.1487 45.0384 54.8276 42.9715 42.658 41.6906 41.5168 41.2958 41.161 38.9817 38.2226 44.4025 37.9148 36.8384 62.0514 74.6933 35.9618 35.7166 35.3903 31.2982
threshold=1.060769319534302 0.071038354188203826 -0.43046329915523524 0.020587149076163772 -0.00040843411989044393 0.93445891141891491 1.0585195422172549 0.48611135780811315 0.72948259115219127 -0.025435531511902806 1.017653822898865 0.29536549746990209 0.050988094881176955 0.83038246631622326 0.62746596336364757 0.94447627663612377 0.11617787554860116 0.93846803903579723 -0.45000000298023218 0.064615901559591307 0.2068416699767113 1.0146067738533022 0.97142860293388378 0.18536114692687991 0.58571431040763866 0.72482562065124523 -0.0045772541780024758 1.0109433531761172 0.89588475227355968 -0.032848510891199105
decision_type=10 10 10 10 10 8 10 10 8 10 10 10 10 10 10 10 10 10 2 10 10 10 10 10 2 10 10 8 10 8
left_child=3 17 14 27 5 20 7 11 9 -9 -10 12 -6 15 -3 -7 29 18 -2 -20 21 -5 -13 28 25 -25 -17 -1 -8 -15
right_child=1 2 -4 4 6 13 23 8 10 -11 -12 22 -14 16 -16 26 -18 -19 19 -21 -22 -23 -24 24 -26 -27 -28 -29 -30 -31
leaf_value=0.001331416717828843 -0.0026517484134772392 -0.00069821036568489567 0.0019430076867107762 -0.005474652971478474 0.0038193694923370023 -0.0061227289418614396 0.028529141586709036 0.0040124472650423853 -0.0020611698287135508 -0.013359187932913819 0.0041066702487507524 0.0020780646753498807 -0.010938545906248138 -0.00028613897266203188 0.015985140295242672 0.00045221738437401074 -4.935381328280624e-05 0.0089285606875976371 -0.0017247932670371874 0.0097394438937487126 -0.0085648009146392489 0.002751387022257109 -0.00015359865346902549 0 -0.0018998024747253523 0.031466231523654777 0.018121155460501862 2.1059679286476548e-05 0.00089464365336738643 -0.0020144484204649995
leaf_weight=32000 2465 125 1411 1478 4533 128 102 193 8351 731 1338 7535 210 15190 748 219 40924 449 421 552 1522 905 72829 162 627 110 272 46227 102 26935
leaf_count=32000 2465 125 1411 1478 4533 128 102 193 8351 731 1338 7535 210 15190 748 219 40924 449 421 552 1522 905 72829 162 627 110 272 46227 102 26935
internal_value=-2.99293e-05 0.00280472 0.00649123 -9.78874e-05 -0.000379118 -0.000863562 5.60355e-05 -1.22342e-05 -0.00193316 -0.00940477 -0.00117182 0.000224183 0.00305978 -0.000674877 0.0132983 0.00703176 -0.000737608 0.000539603 -0.000514536 0.00454212 -0.00480584 -0.00222888 5.2377e-05 0.00614243 0.00294695 0.0145117 0.0111535 0.000561119 0.0173647 -0.00139878
internal_weight=268794 6171 2284 262623 184396 87573 96823 95720 10613 924 9689 85107 4743 83668 873 619 83049 3887 3438 973 3905 2383 80364 1103 899 272 491 78227 204 42125
internal_count=268794 6171 2284 262623 184396 87573 96823 95720 10613 924 9689 85107 4743 83668 873 619 83049 3887 3438 973 3905 2383 80364 1103 899 272 491 78227 204 42125
is_linear=0
shrinkage=0.03


Tree=28
num_leaves=31
num_cat=0
split_feature=32 86 47 35 1 82 61 117 66 38 138 7 35 73 60 61 24 27 11 20 114 33 75 38 24 51 13 28 49 51
split_gain=49.0038 53.09 52.3067 70.1405 78.7543 54.8366 76.0017 58.85 56.6668 54.0028 63.5701 46.7912 46.3468 46.6559 46.0947 62.396 66.325 58.219 52.0435 49.8637 43.5404 42.56 42.304 48.3454 47.8955 52.0555 47.9887 40.5022 40.4852 39.9844
threshold=-0.0049182062502950421 -0.58333334326744068 1.0961382985115053 0.46542491018772131 0.048962045460939414 0.97499999403953563 0.9823834002017976 0.61267882585525524 0.1695402339100838 -0.024529799818992611 0.93531921505928051 0.038121290504932411 0.13186229765415194 0.90000000596046459 0.74129092693328869 0.74462234973907482 0.038721723482012756 0.13262396305799487 0.96792277693748485 0.92943882942199718 0.31111149489879614 0.96202111244201671 0.22500000149011615 -0.00098554778378456809 0.026716967113316063 0.77602264285087597 0.96610167622566234 0.012239373754709961 0.89906153082847606 0.93610700964927684
decision_type=10 2 10 10 10 2 10 10 10 10 10 10 10 10 10 10 10 10 10 10 10 10 2 10 10 10 8 10 10 10
left_child=1 12 9 5 22 6 20 -8 -9 10 -2 -6 -1 29 -11 16 19 -17 -19 -16 -4 -7 23 -5 25 -24 -26 -22 -13 -14
right_child=2 -3 3 4 11 21 7 8 -10 14 -12 28 13 -15 15 17 -18 18 -20 -21 27 -23 24 -25 26 -27 -28 -29 -30 -31
leaf_value=0.013639979499204704 -0.015979808869139689 0.00022196797782132841 0.0027023649165338445 0.00050958413021794677 0.0066203083020040564 -0.0050405734558899911 -0.00021591286441662843 0.025002989757237248 0.0028626510406005727 -0.0085442848476827496 0.0030531090360040526 -0.0086681886440338422 0.01149873204265495 -0.0030831088645705516 0.030626287166878839 0.00036297893988184398 -0.00069596069299106321 0.0065702234239747321 -0.014045666569639202 0.0047401494990060829 -0.0032073822487492919 0.003576128329425758 0.011477666017315294 -0.0017616357536293723 -0.0072412486710814131 0.0015389060126109193 -3.6827597395862499e-05 0.00096201452745509216 0.0034037136861106293 0.0023920063569805388
leaf_weight=504 372 4868 1354 14602 2563 5005 29406 138 447 502 217 366 717 663 151 142724 245 110 435 179 17805 519 484 19426 966 14015 5897 2247 664 1376
leaf_count=504 372 4868 1354 14602 2563 5005 29406 138 447 502 217 366 717 663 151 142724 245 110 435 179 17805 519 484 19426 966 14015 5897 2247 664 1376
internal_value=-1.4241e-05 0.00227545 -8.69091e-05 -0.000562806 0.000157659 -0.00131443 -0.00100052 -1.55317e-05 0.00923526 0.00029162 -0.00860509 0.00445128 0.0052303 0.00349713 0.000331188 0.000365431 0.0100772 0.000322959 -0.00926841 0.0185154 -0.00236524 -0.00416691 -0.000116949 -0.000778478 0.000922529 0.00190669 -0.00111256 -0.00272473 -0.000683601 0.00573299
internal_weight=268967 8128 260839 115904 58983 56921 51397 29991 585 144935 589 3593 3260 2756 144346 143844 575 143269 545 330 21406 5524 55390 34028 21362 14499 6863 20052 1030 2093
internal_count=268967 8128 260839 115904 58983 56921 51397 29991 585 144935 589 3593 3260 2756 144346 143844 575 143269 545 330 21406 5524 55390 34028 21362 14499 6863 20052 1030 2093
is_linear=0
shrinkage=0.03


Tree=29
num_leaves=31
num_cat=0
split_feature=32 11 17 35 76 28 25 72 53 22 74 38 50 11 1 17 115 37 86 1 60 21 38 11 58 42 23 41 51 29
split_gain=42.3353 54.1318 48.2852 56.8023 56.4431 52.1644 69.1914 59.9777 56.3451 46.3882 44.2091 42.2686 62.1831 53.7785 41.3216 47.0413 39.84 39.4012 47.5683 44.1684 48.6196 40.6716 97.6748 49.3423 37.3079 36.2226 36.1054 35.9446 38.8435 60.9106
threshold=-0.0049182062502950421 0.98024871945381176 1.0735219717025759 0.63867592811584484 0.41666667163372045 -0.011023622471839188 0.019829595461487774 0.69086331129074108 1.0362259745597842 1.0849739313125613 0.75000000000000011 -0.00098554778378456809 0.70271128416061412 0.9707869589328767 0.037040229886770255 0.91907510161399852 0.69675707817077648 0.84718212485313427 -0.81666666269302357 0.017625283449888233 0.98444977402687084 0.98666483163833629 0.011746017728000881 0.96407437324523937 0.96996307373046886 -0.0054869826417416325 0.076522514224052443 0.025057821534574035 0.79865708947181713 0.0014400997315533461
decision_type=10 8 10 10 2 8 10 10 10 10 2 8 10 10 10 8 10 10 2 10 10 10 10 10 8 10 10 10 10 10
left_child=1 -1 5 17 -5 7 14 10 -9 11 16 13 -13 -8 15 -7 26 18 19 -4 -21 22 -20 -23 -3 -17 -2 28 29 -6
right_child=2 24 3 4 27 6 9 8 -10 -11 -12 12 -14 -15 -16 25 -18 -19 21 20 -22 23 -24 -25 -26 -27 -28 -29 -30 -31
leaf_value=0.0057022572283972756 0.001521277567780729 -0.0063251383815860181 -0.0004703413614297829 -0.00035349181127487887 0.026992933848840099 0.0023782955220466818 0.0063575362353921628 -0.0015276075671947053 0.0099699781025355868 0.0045081527094372889 -0.0088768403228139496 -0.011139673780943613 -0.0010745299098202175 -9.9302628798727936e-05 -0.0037534823152001024 -0.00035777372659868614 0.018550268782228232 0.00094985763440224322 -0.0050913907166915589 0.0033494443341370917 -0.0077830049755346197 -0.010491311893750955 0.0081779207224460179 -0.00063233338250968409 0.001317006036123073 0.0010001283317680229 -0.014037648332270241 -0.0055566844317474131 0.0030231106205138203 0.0021253979951354925
leaf_weight=2579 9494 623 1758 18783 151 13434 1172 459 1415 1592 355 546 50649 43084 1839 29830 105 5115 4886 348 3021 451 522 24456 5045 42510 113 338 4025 255
leaf_count=2579 9494 623 1758 18783 151 13434 1172 459 1415 1592 355 546 50649 43084 1839 29830 105 5115 4886 348 3021 451 522 24456 5045 42510 113 338 4025 255
internal_value=-4.75945e-06 0.00210763 -7.28884e-05 -0.000788502 0.000373017 0.000158999 3.29786e-05 0.00207939 0.00700908 -0.00051704 0.0011199 -0.000604923 -0.00119204 6.77081e-05 0.000645599 0.000744265 0.00153362 -0.00147026 -0.00182833 -0.00452143 -0.00653158 -0.00136029 -0.00372991 -0.000831163 0.000404988 0.000436096 0.00127832 0.00328659 0.0040505 0.0129114
internal_weight=268953 8247 260706 64109 23552 196597 184656 11941 1874 97043 10067 95451 51195 44256 87613 85774 9712 40557 35442 5127 3369 30315 5408 24907 5668 72340 9607 4769 4431 406
internal_count=268953 8247 260706 64109 23552 196597 184656 11941 1874 97043 10067 95451 51195 44256 87613 85774 9712 40557 35442 5127 3369 30315 5408 24907 5668 72340 9607 4769 4431 406
is_linear=0
shrinkage=0.03


Tree=30
num_leaves=31
num_cat=0
split_feature=26 22 36 81 4 37 49 32 33 26 37 35 13 67 36 39 29 37 35 13 11 28 37 34 21 48 2 8 15 39
split_gain=46.2338 75.1508 65.5538 87.657 65.5314 57.757 54.5454 65.8084 65.5434 48.8186 54.2083 57.2568 63.7386 60.9737 48.7538 48.0018 55.7273 45.8038 69.3035 45.6054 44.6915 41.9857 38.7987 35.9368 38.1782 35.4909 35.0931 34.2757 35.683 33.1172
threshold=0.094133511185646071 0.78017649054527294 0.71840566396713268 0.050000002607703216 0.28205059468746191 0.65231052041053783 0.82702705264091503 -0.00046215482871048147 0.92982953786849987 0.020587149076163772 0.85060060024261486 0.46542491018772131 0.96674358844757091 0.036038961261510856 0.21296872943639758 -0.039849875494837754 0.0056366492062807092 0.72254773974418651 0.6948332190513612 0.94138559699058544 0.96613523364067089 0.012239373754709961 0.8163919746875764 0.56353273987770092 0.95375415682792675 0.92383873462677013 0.80281692743301403 0.67612236738204967 0.81286475062370311 0.027901819907128814
decision_type=8 10 10 2 10 8 10 10 10 10 10 10 8 10 10 8 10 10 10 10 8 10 10 10 10 10 10 10 8 10
left_child=1 26 4 -4 5 27 7 8 19 21 11 13 -13 -11 -12 -6 -17 18 -5 29 -16 -8 -19 24 -23 -7 -1 -2 -29 -3
right_child=2 6 3 17 15 25 9 -9 -10 10 14 12 -14 -15 20 16 -18 22 -20 -21 -22 23 -24 -25 -26 -27 -28 28 -30 -31
leaf_value=-0.011236430823417265 -0.0029689109546768939 0.027606092958122719 -0.0086884970497929405 0.010200937201959985 0.013779208957979374 0.013892037513000624 0.00046152616479499956 0 -0.0027920103262150933 -0.0044665428276342749 0.012187927206362451 -0.0018951036489142916 0.00032229519177164886 -0.00091036982684872042 0.0055396541711157524 0.0040393029243781945 -0.011489682431798428 0.02355344177251964 -0.0007739894285718283 0.00029244590501779514 0.00044272646215812666 0.02529707246161355 0.0058093081214920577 -2.4084781534633689e-05 0.0059141205431398041 -0.00012700840363903169 0.0022996652849340332 -0.022341087759781515 -0.0048305359930598309 0.0070532452914483252
leaf_weight=766 1104 276 296 1101 361 190 76607 897 182 4673 343 13737 76704 69278 1730 1346 220 277 870 161 15383 125 297 379 512 544 169 209 330 177
leaf_count=766 1104 276 296 1101 361 190 76607 897 182 4673 343 13737 76704 69278 1730 1346 220 277 870 161 15383 125 297 379 512 544 169 209 330 177
internal_value=-1.0667e-05 -7.67663e-05 0.00236562 0.00588527 0 -0.00329502 -4.48906e-05 0.0052882 0.0114581 -8.1249e-05 -0.000351098 -0.0005212 -1.15317e-05 -0.00114029 0.00123243 0.00411404 0.00155118 0.00775178 0.00524681 0.0161101 0.000981364 0.000546993 0.015382 0.00656832 0.0108286 0.00337625 -0.00847874 -0.00646052 -0.0127134 0.0208476
internal_weight=269244 262099 7145 2841 4304 2377 261164 1693 796 259471 181848 164392 90441 73951 17456 1927 1566 2545 1971 614 17113 77623 574 1016 637 734 935 1643 539 453
internal_count=269244 262099 7145 2841 4304 2377 261164 1693 796 259471 181848 164392 90441 73951 17456 1927 1566 2545 1971 614 17113 77623 574 1016 637 734 935 1643 539 453
is_linear=0
shrinkage=0.03


Tree=31
num_leaves=31
num_cat=0
split_feature=46 56 1 39 77 125 86 156 30 138 121 49 52 18 114 28 126 40 54 34 82 87 54 38 5 52 90 42 78 28
split_gain=44.966 47.4845 47.5657 49.9421 46.6817 46.5165 44.9328 61.3919 45.7406 42.4184 39.1429 38.3785 37.2893 36.1905 44.7185 61.1459 44.2094 93.9422 38.3471 36.9636 34.4838 56.3661 46.2097 38.8198 36.396 54.6432 36.2794 33.1256 29.2385 35.5934
threshold=1.0096175670623782 1.1573861837387087 0.010392582509666683 -0.0026993942447006698 0.058333335444331176 0.49778720736503607 -0.74999999999999989 -0.013891233596950768 -0.0062131835147738448 0.82494658231735241 0.54189068078994762 0.97959187626838695 0.67562815546989452 0.98042580485343944 0.81932783126831066 0.014406325295567514 0.31380233168601995 -0.033710034564137452 0.98624724149703991 0.71728312969207775 0.19166667014360431 0.15833333879709247 0.9495583474636079 -0.007949010003358124 0.01590670365840197 0.63883095979690563 0.039631517603993423 0.10623956844210626 0.30000000447034841 0.0034672922920435671
decision_type=10 10 10 10 2 10 2 10 10 8 10 10 8 10 10 10 10 10 10 10 2 2 10 10 10 10 10 8 10 8
left_child=5 2 -2 13 11 12 8 -8 -6 -9 -11 -3 -1 14 15 -4 19 -18 -16 -15 24 23 -23 -22 25 -5 -26 -7 -14 -30
right_child=1 4 3 20 6 27 7 9 -10 10 -12 -13 28 16 18 -17 17 -19 -20 -21 21 22 -24 -25 26 -27 -28 -29 29 -31
leaf_value=0.010399724940294178 0.00083988810080343342 0.0018151811245305811 0.0021769987297770767 -0.0097222959405664239 0.0080973253898047638 -3.6513248954880041e-05 0.0061215242412750353 -0.006873419248106992 -0.0014681243476815098 -0.012087421167394792 0.0043799316157724566 -0.0076612041911793705 0.0005897258378304021 -0.000348714630802607 -0.0067045162115246049 -0.021256525594411612 0.0087784676563640498 0.00069204981129561698 0.013810819174296088 0.0012356170696458161 0.001999845928303007 0.010129937720776069 -0.0028909631897083878 -0.000934370803343743 -0.0020763176845572887 -3.4971444965699284e-05 0.0072203619897545784 -0.0060090379988049303 0.00032504673988687394 0.0044219742738380819
leaf_weight=444 33167 767 118 515 2236 4799 1237 947 492 127 861 675 11092 66424 165 257 1587 7201 120 16524 4291 220 16701 57128 480 29331 1166 1020 3179 5489
leaf_count=444 33167 767 118 515 2236 4799 1237 947 492 127 861 675 11092 66424 165 257 1587 7201 120 16524 4291 220 16701 57128 480 29331 1166 1020 3179 5489
internal_value=-6.43117e-06 -0.000134629 -0.000209979 -0.000383715 0.00223444 0.00117704 0.00343681 0.0008866 0.00626488 -0.0023349 0.00176773 -0.00245964 0.00186308 0.000127488 -0.00675655 -0.0133864 0.000181747 0.00220303 0.00128911 -2.92636e-05 -0.000816438 -0.00115345 -0.0026922 -0.000723906 1.26084e-05 -0.000218572 0.00433685 -0.0011518 0.00164578 0.00295816
internal_weight=268760 242737 235395 202228 7342 26023 5900 3172 2728 1935 988 1442 20204 92396 660 375 91736 8788 285 82948 109832 78340 16921 61419 31492 29846 1646 5819 19760 8668
internal_count=268760 242737 235395 202228 7342 26023 5900 3172 2728 1935 988 1442 20204 92396 660 375 91736 8788 285 82948 109832 78340 16921 61419 31492 29846 1646 5819 19760 8668
is_linear=0
shrinkage=0.03


Tree=32
num_leaves=31
num_cat=0
split_feature=37 61 22 60 14 12 42 17 25 31 10 105 22 71 6 85 69 25 45 73 5 35 31 52 28 42 38 131 57 116
split_gain=40.9924 81.8615 67.6603 63.1563 56.854 54.437 59.3212 51.9812 74.9757 65.7484 71.6607 70.6688 58.4298 51.103 49.7946 49.4391 49.08 47.713 98.2577 48.1232 43.948 43.6889 45.5304 41.8472 71.1856 54.3307 49.8019 38.8544 38.9225 38.3863
threshold=0.65231052041053783 0.74462234973907482 0.78017649054527294 0.8422776758670808 0.91952413320541393 0.9802922010421754 -0.065509714186191545 1.0652515888214114 0.044491693377494819 0.0034199928632006053 1.0148535966873171 0.46410256624221807 0.90484991669654857 0.984126776456833 0.099997024983167662 0.37500000000000006 0.61061969399452221 0.044996218755841262 1.02183073759079 0.70000001788139354 0.01351357623934746 0.80806401371955883 -0.0015309259179048238 0.63883095979690563 -0.0031081124907359477 0.028221557848155502 -0.0030325445113703604 1.038480877876282 1.1309537291526797 0.65217402577400219
decision_type=8 10 10 10 10 10 8 10 10 8 10 2 10 10 10 2 10 10 10 10 10 10 10 10 10 10 10 10 10 10
left_child=7 3 4 -2 13 6 -4 9 21 15 -11 14 29 20 -12 27 -16 -17 -19 -20 -3 22 -9 24 26 -26 -7 -1 -29 -13
right_child=1 2 5 -5 -6 23 -8 8 -10 10 11 12 -14 -15 16 17 -18 18 19 -21 -22 -23 -24 -25 25 -27 -28 28 -30 -31
leaf_value=-0.00097264441158968317 0 -0.023122140723294424 0.01913116170206525 0.025562788930021972 0.0070339942482218684 0.016914340368108474 0.0032098715054844768 -0.0039275268974752579 0.0017612888367749711 -0.0027925388356251106 -0.0040205875717802932 0.0061522293452330153 0.00079395191525740078 0.0017930634547218044 -0.0020326259346043398 0.0009448467592988464 0.0048336687436971223 -0.0011817474264690783 0.0050729009148705257 0.02385606794487511 -0.0025444294895962086 0.00090684563442321392 -0.0012859500309472497 0.00054672585242475965 -0.012389422455446964 0.006604280775146824 -0.0024962696346480834 0.00019677078243469817 0.0047210496464190049 0.022311683772442241
leaf_weight=31538 186 317 244 189 143 167 1566 10231 5974 14026 2396 457 873 144 1727 39324 1916 597 302 301 186 4123 14994 82186 805 127 261 51739 1761 250
leaf_count=31538 186 317 244 189 143 167 1566 10231 5974 14026 2396 457 873 144 1727 39324 1916 597 302 301 186 4123 14994 82186 805 127 261 51739 1761 250
internal_value=1.50525e-05 0.000553876 0.000487675 0.0142075 -0.00811816 0.000572722 0.00570573 -0.000238746 -0.00127197 7.27674e-06 -0.00151687 0.00079343 0.00641735 -0.0120274 -0.000644785 0.000272605 0.00150341 0.00113546 0.00701814 0.0153953 -0.0164748 -0.00190041 -0.00237149 0.000456588 -0.00470211 -0.00940173 0.00482484 -0.000135224 0.000353005 0.0127356
internal_weight=269050 86521 86146 375 790 85356 1810 182529 35322 147207 21645 7619 1580 647 6039 125562 3643 40524 1200 603 503 29348 25225 83546 1360 932 428 85038 53500 707
internal_count=269050 86521 86146 375 790 85356 1810 182529 35322 147207 21645 7619 1580 647 6039 125562 3643 40524 1200 603 503 29348 25225 83546 1360 932 428 85038 53500 707
is_linear=0
shrinkage=0.03


Tree=33
num_leaves=31
num_cat=0
split_feature=25 35 13 61 38 4 42 29 39 22 97 29 66 14 103 4 13 87 127 49 79 121 31 34 38 33 12 5 74 25
split_gain=41.1286 42.4636 54.7766 83.4111 81.4053 59.8664 55.4242 50.7482 48.392 68.7744 53.3679 63.506 50.9159 48.0935 66.565 61.5856 60.8231 51.5791 48.0511 66.4324 47.368 46.2324 53.4041 50.392 44.8453 44.5049 54.8638 43.0693 56.9886 45.6256
threshold=0.01236047223210335 0.46542491018772131 0.96610167622566234 0.81931218504905712 0.012500000651925804 0.4153838604688645 0.078253526240587248 -0.015378217678517101 0.0079304678365588206 0.796705722808838 0.32645566761493688 0.0035345882643014197 0.95346319675445568 0.91677412390708934 0.36666667461395269 0.43902687728405004 0.93497979640960704 0.5416666865348817 0.22615222632884982 0.85806533694267284 0.15000000223517421 0.30409364402294164 0.0034199928632006053 0.17538867890834811 -0.013965854886919258 0.37481763958930975 1.0080156326293948 0.013019732199609281 0.25000000745058065 0.023467497900128368
decision_type=10 10 8 10 10 10 10 10 10 10 10 10 10 8 2 10 8 2 10 8 2 10 10 10 10 8 10 10 2 10
left_child=-1 13 4 5 8 -4 -7 -5 9 -3 -10 -12 -11 14 15 18 -16 21 19 -2 -6 -15 -23 -24 -19 26 -9 29 -29 -26
right_child=1 2 3 7 20 6 -8 25 10 12 11 -13 -14 17 16 -17 -18 24 -20 -21 -22 22 23 -25 27 -27 -28 28 -30 -31
leaf_value=0.00093981485300553781 0.010674144897817957 -0.010080871791324088 0.0023891767855342277 0.0049078497170222312 -0.013534469572706351 0.003098363635736465 0.022158200320729363 -6.5650852897531622e-05 -0.00024823024641465263 0.0016043783850399319 -0.0021733542189222611 0.0091207852342318676 -0.0031457312519533043 0.0080117949277319651 0.020475371733923935 -0.011867934298292124 0.0042266019204710101 -0.0053481725015313642 -0.0052758045920681864 -0.001022814199536599 -0.0029978266029640605 -0.0008759382516226068 5.4382998259902721e-05 -0.0057626358529209243 0.0016650466221867478 0.00083138706404702002 -0.0035823903503643113 0.012246516969933188 0.0013921505521125596 -0.0014858182894317243
leaf_weight=36541 782 866 1155 2178 686 298 347 38423 6062 3336 607 1319 4930 478 276 328 1019 1035 596 863 1095 77584 1862 3985 10883 58034 4462 660 1446 6572
leaf_count=36541 782 866 1155 2178 686 298 347 38423 6062 3336 607 1319 4930 478 276 328 1019 1035 596 863 1095 77584 1862 3985 10883 58034 4462 660 1446 6572
internal_value=3.47392e-06 -0.000142674 0.000235192 0.000505136 -0.00124604 0.00688166 0.0141614 0.000389584 -0.000588006 -0.00208902 0.00109145 0.0054214 -0.00119323 -0.00057707 0.00268531 -8.65875e-06 0.00817654 -0.000701055 0.00168404 0.00441893 -0.0073281 -0.00103258 -0.0010899 -0.00386518 0.000634735 0.000288147 -0.000440044 0.000971759 0.00501812 0.000461201
internal_weight=268708 232167 123798 104897 18901 1800 645 103097 17120 9132 7988 1926 8266 108369 3864 2569 1295 104505 2241 1645 1781 83909 83431 5847 20596 100919 42885 19561 2106 17455
internal_count=268708 232167 123798 104897 18901 1800 645 103097 17120 9132 7988 1926 8266 108369 3864 2569 1295 104505 2241 1645 1781 83909 83431 5847 20596 100919 42885 19561 2106 17455
is_linear=0
shrinkage=0.03


Tree=34
num_leaves=31
num_cat=0
split_feature=38 46 50 73 46 78 21 44 27 83 43 12 3 26 111 82 41 1 60 35 49 16 77 16 10 46 27 29 12 26
split_gain=50.3135 52.7157 52.1325 91.7371 55.8023 72.9452 56.8907 48.322 58.6336 72.9004 71.0377 70.0943 48.9408 47.0428 46.8255 46.7819 43.7223 41.3642 40.1956 38.3738 56.5312 37.9917 36.2927 35.6699 35.3202 34.9534 34.6757 33.8612 36.6899 41.964
threshold=-0.0013539693900384007 1.2629104256629946 0.70271128416061412 0.5000000149011613 1.0107949376106264 0.5000000149011613 0.87449234724044811 1.0487805008888247 0.068110954016447081 -0.50000001490116108 1.0680145621299746 1.0071668624877932 0.015665828250348571 0.024089106358587745 -0.18898809701204297 0.24166666716337207 -0.016586642712354657 0.017721534706652168 0.92287537455558788 0.83537641167640697 0.99450549483299266 1.16784143447876 0.14166667312383655 0.92429217696189891 1.0154717564582827 1.2194281816482546 0.050385851413011558 0.016339497640728954 0.99118557572364818 0.077141612768173232
decision_type=10 10 10 10 10 10 10 10 8 10 10 10 10 10 2 2 10 10 10 10 10 10 2 8 10 10 10 10 8 10
left_child=1 7 3 -2 -4 6 -6 25 9 19 11 15 21 -8 -15 -10 -13 -11 23 22 -21 -12 -9 24 -7 27 -19 28 29 -1
right_child=2 -3 4 -5 5 18 13 8 10 17 12 16 -14 14 -16 -17 -18 26 -20 20 -22 -23 -24 -25 -26 -27 -28 -29 -30 -31
leaf_value=0.0033366855793042802 0.0085343830493273647 0.0051318339801667313 0.0010685162706294516 -0.016008362438897514 0.0066469455714992607 -0.0011613449987640503 -0.00060016719225327675 0.0019462229981456784 0.0066139575830962954 -0.0001871989409618485 0.0013685473039154285 -0.00091849686870910713 0.012143290247631822 0.00028893266163036664 -0.0034007769183147124 -0.00024836428751791599 -0.0088544479457725294 -0.0025252887349279207 -0.00026838642869902345 0.012638590632069107 0.00015952243995369662 0.011037934579798214 -0.0015867451277609107 0.0075265478259168121 0.0056449862908107334 0.010841169892453229 -0.006717001560795857 -0.0062956051059232729 0.00068017646944919512 0.01994410989174087
leaf_weight=1403 161 2102 21176 451 688 2033 16017 3748 1308 3203 2667 1676 646 3559 17941 2497 1086 4630 89925 499 1021 430 8310 1049 982 293 3321 585 74940 148
leaf_count=1403 161 2102 21176 451 688 2033 16017 3748 1308 3203 2667 1676 646 3559 17941 2497 1086 4630 89925 499 1021 430 8310 1049 982 293 3321 585 74940 148
internal_value=-3.79241e-05 0.000437009 -0.00039308 -0.00901142 -0.000355564 -0.000586082 -0.00169172 0.000345654 -0.000573469 -0.00137145 0.00131067 -0.000530224 0.00460584 -0.00185609 -0.00277636 0.00205443 -0.00418792 -0.00316694 -0.000133201 8.39295e-05 0.00456201 0.00286954 -0.000462346 0.00277128 0.000979254 0.000765861 -0.00432619 0.000720866 0.000780081 0.00534609
internal_weight=268495 114513 153982 612 153370 132194 38205 112411 35042 24732 10310 6567 3743 37517 21500 3805 2762 11154 93989 13578 1520 3097 12058 4064 3015 77369 7951 77076 76491 1551
internal_count=268495 114513 153982 612 153370 132194 38205 112411 35042 24732 10310 6567 3743 37517 21500 3805 2762 11154 93989 13578 1520 3097 12058 4064 3015 77369 7951 77076 76491 1551
is_linear=0
shrinkage=0.03


Tree=35
num_leaves=31
num_cat=0
split_feature=1 121 38 138 29 86 153 139 57 21 47 34 34 29 69 57 45 38 41 18 87 11 34 36 15 120 27 11 13 129
split_gain=38.7621 80.8775 56.6506 49.9615 45.4189 42.9626 47.6685 38.6953 44.7709 50.5712 50.405 66.9463 41.0488 36.8315 57.5214 47.5074 45.5043 57.8641 56.7022 49.2611 40.6227 44.9962 37.6287 35.9887 35.8088 35.5579 35.3246 32.8299 32.7648 31.8847
threshold=0.05543711036443711 0.67719286680221569 -0.016957766376435753 0.86599770188331615 0.0057476244401186713 0.61666667461395275 0.19783774763345721 0.91605880856513988 0.85043367743492138 0.97004729509353649 1.1189967989921572 0.66185820102691661 0.85607799887657177 -0.0033976109698414798 0.21276576071977618 1.1698613166809084 1.1137440800666811 -0.0021671928698197003 0.0063152518123388299 1.0419988632202151 0.37500000000000006 0.98541530966758739 0.94548523426055919 0.38223378360271459 0.85598382353782665 0.254555493593216 0.073932055383920683 0.98994413018226635 0.88428062200546276 0.63486480712890636
decision_type=10 10 8 10 10 2 10 10 10 10 10 10 10 8 10 10 10 10 10 10 2 10 10 10 10 8 8 10 10 10
left_child=2 7 3 4 -1 -5 24 26 12 10 11 -10 29 14 20 16 19 -18 -19 25 22 -22 -4 -21 -7 -15 -2 -28 -6 -9
right_child=1 -3 13 5 28 6 -8 8 9 -11 -12 -13 -14 15 -16 -17 17 18 -20 23 21 -23 -24 -25 -26 -27 27 -29 -30 -31
leaf_value=-0.0027324753831116616 -0.0065300901823027524 0.010899987077016589 -0.0006889115335071258 -0.0027076986027123008 0.00084251585304851589 -0.00045408606983255595 -0.004654522754797121 -0.012014677886293228 0.0092054629816807967 0.00013198811103137098 0.014781965451216262 -0.0026244642754517261 0.009665844580840046 -0.0014821984107900434 -0.0017358937253305878 0.0030719471871524318 0.00058492986615955346 -0.0072426096146865626 0 0 0.0075124862587851639 0.001017861080704837 0.0043937227204166977 0.019023297934767182 0.017458864430471316 0.00031531845919949807 -0.0015546251010770599 0.008479848147650796 -0.014654060796485124 0
leaf_weight=1179 942 818 27622 1893 102 100 185 399 943 1907 561 711 144 10459 25167 5077 3638 2582 1573 102 1104 8119 1345 197 294 168604 1213 358 714 342
leaf_count=1179 942 818 27622 1893 102 100 185 399 943 1907 561 711 144 10459 25167 5077 3638 2582 1573 102 1104 8119 1345 197 294 168604 1213 358 714 342
internal_value=9.70575e-06 0.00202161 -5.37977e-05 -0.00339557 -0.00691292 -0.000403857 0.00646647 0.000989716 0.00253747 0.00388437 0.00695065 0.00397036 -0.00335156 3.69491e-06 -0.000622292 0.000211615 0.0001321 -0.00210534 -0.00452424 0.000231209 0.000104238 0.0018423 -0.000439696 0.0120265 0.0123855 0.000208497 -0.00197135 0.000621326 -0.0123843 -0.00646302
internal_weight=268394 8338 260056 4467 1995 2472 579 7520 5007 4122 2215 1654 885 255589 63357 192232 187155 7793 4155 179362 38190 9223 28967 299 394 179063 2513 1571 816 741
internal_count=268394 8338 260056 4467 1995 2472 579 7520 5007 4122 2215 1654 885 255589 63357 192232 187155 7793 4155 179362 38190 9223 28967 299 394 179063 2513 1571 816 741
is_linear=0
shrinkage=0.03


Tree=36
num_leaves=31
num_cat=0
split_feature=29 22 3 40 98 76 35 26 1 1 121 39 33 49 33 68 8 33 13 39 10 38 36 62 29 13 81 38 45 53
split_gain=40.7568 53.7117 56.0167 69.325 58.1178 53.8452 47.9114 44.2419 52.5841 40.1242 55.2496 51.1303 64.1407 51.0801 48.7558 39.8398 38.9283 37.9631 54.0464 62.0738 37.171 36.7323 48.2406 35.7753 42.9592 35.6962 51.0867 42.0255 55.1068 47.2585
threshold=-0.00018738250219030303 1.09453821182251 0.016098496504127983 -0.030013849958777424 0.55000001192092907 0.18333333730697635 0.76807639002799999 0.024226273410022262 0.031794818118214614 0.046766182407736785 0.54838743805885326 -0.023181347176432606 0.96559959650039684 0.96853530406951915 0.508801430463791 0.86697188019752514 -0.11111168190836905 0.24245238304138186 0.98366388678550731 -0.0033204462379217143 1.0170581340789797 0.011407741811126472 0.61643525958061229 1.0180252194404604 -0.015378217678517101 1.1154526472091677 0.28333334624767309 0.019595900550484661 1.094092130661011 0.99145659804344188
decision_type=8 10 8 8 2 2 10 10 10 8 10 10 10 10 10 10 10 10 8 10 10 10 10 10 10 10 2 10 10 10
left_child=6 2 7 4 -4 -3 23 8 -2 11 -11 12 -8 14 16 -10 -13 21 20 -20 -19 -9 -23 25 -25 27 -27 -1 -29 -30
right_child=1 5 3 -5 -6 -7 9 17 15 10 -12 13 -14 -15 -16 -17 -18 18 19 -21 -22 22 -24 24 -26 26 -28 28 29 -31
leaf_value=-0.00036915809778129458 0.00099335735327570843 0.006548908596809718 0.01543319408377828 0.0016858081226044483 -0.00068901026226190283 -0.0017413126652898305 -0.0014915795739301862 -0.0019154124207954681 -0.0069926423898011457 -0.013095455238985459 0.0067518010674112771 -0.011981093314832847 -0.027258165680042658 0.0013492699710153609 0.00190393986418239 0.00026337992079220653 -0.0026841166101686589 -0.001024479977526484 0.00032560632049786879 0.0043375869641090669 0.0022866536043286687 0.0084351437595264339 -0.0015001631943820678 0.003712441161815171 -0.0018297895189329607 -0.017429194097407605 0.0017401076053433558 -1.8969599561917242e-05 -0.0048021329115502292 0.013690359088624877
leaf_weight=79163 51365 2377 637 5768 238 917 354 17532 1313 109 1627 539 111 18973 1475 1235 2114 29127 14022 4683 3343 725 969 1269 26691 243 184 1010 116 629
leaf_count=79163 51365 2377 637 5768 238 917 354 17532 1313 109 1627 539 111 18973 1475 1235 2114 29127 14022 4683 3343 725 969 1269 26691 243 184 1010 116 629
internal_value=4.58665e-06 0.000375517 0.000277567 0.00295952 0.0107954 0.00415393 -0.000363135 0.000131384 0.000779727 0.000807597 0.00519983 0.000467187 -0.00913128 0.000681101 -0.00230929 -0.00338421 -0.00476069 -0.000360936 6.05788e-05 0.00134963 -0.000673146 -0.00149739 0.00262574 -0.000636979 -0.00156505 -0.000313987 -0.00878948 -0.000263395 0.00428868 0.0103686
internal_weight=268858 134251 130957 6643 875 3294 134607 124314 53913 25302 1736 23566 465 23101 4128 2548 2653 70401 51175 18705 32470 19226 1694 109305 27960 81345 427 80918 1755 745
internal_count=268858 134251 130957 6643 875 3294 134607 124314 53913 25302 1736 23566 465 23101 4128 2548 2653 70401 51175 18705 32470 19226 1694 109305 27960 81345 427 80918 1755 745
is_linear=0
shrinkage=0.03


Tree=37
num_leaves=31
num_cat=0
split_feature=37 40 26 16 69 54 50 1 29 84 84 23 16 51 13 3 79 31 115 70 18 35 32 19 1 68 138 19 39 19
split_gain=39.915 58.7026 59.3465 64.1678 70.5215 58.7351 44.4957 44.4647 41.1592 34.2796 53.5639 49.9687 47.2442 41.0132 61.9548 64.8595 48.8173 47.4678 59.8088 44.7954 40.8409 34.6187 68.9473 32.6383 55.2389 39.8164 31.9878 32.5366 31.1373 58.0726
threshold=0.73586568236351024 -0.05670111067593097 0.1037210449576378 0.72948259115219127 0.8532712757587434 1.106126666069031 0.79318419098854076 0.011299392674118282 0.0086050969548523443 0.75000000000000011 0.65000000596046459 0.0089939106255769747 1.0518684983253481 0.79865708947181713 0.96674358844757091 0.01913873199373484 0.55000001192092907 0.0038229887140914802 0.63815805315971386 0.21311511099338534 0.96588191390037548 0.52467346191406261 0.0011903041158802809 1.023692309856415 0.067803520709276213 0.17391388118267062 0.57569903135299694 0.94299530982971203 -0.015374837908893822 0.99586871266365062
decision_type=8 8 10 8 10 10 10 10 10 2 2 10 10 10 8 10 2 10 10 10 10 10 10 10 10 8 8 10 10 10
left_child=7 5 3 4 -3 -2 -4 8 -1 10 13 -12 20 14 16 -16 -9 18 -15 -19 21 -11 -23 26 25 -25 -5 -28 29 -22
right_child=1 2 6 23 -6 -7 -8 9 -10 12 11 -13 -14 17 15 -17 -18 19 -20 -21 28 22 -24 24 -26 -27 27 -29 -30 -31
leaf_value=0.00078610880080779485 0.010280804501067669 -0.015815370700274958 -0.00074259983297465869 -0.00095310505197885318 0.0018573900560328216 -0.001487239142111022 0.019515992178754923 -0.0041565121037688401 -0.011235784704824362 0.00081595851430208831 0.00036277148561677136 -0.0041505385036874464 -0.0059502868945885785 -0.00053422900397934886 0.0026793065983219777 0.014135599858500127 0.0045073651370632168 -0.012380097243905555 0.0020194390847653293 -0.0020727902656957 0.0089874619897892943 -0.015102133561806386 0.00028761742745095597 7.1438892813114688e-05 0.012192057976056821 -0.0038417665091144038 0.0058946692666434512 0.0010633432748924628 0.0011705028411632919 -0.0030821041916775059
leaf_weight=41280 1088 432 111 6928 313 513 238 1892 235 968 3110 6699 856 112664 3240 526 800 393 8850 9061 1216 458 497 6102 255 3635 1310 40017 14558 449
leaf_count=41280 1088 432 111 6928 313 513 238 1892 235 968 3110 6699 856 112664 3240 526 800 393 8850 9061 1216 458 497 6102 255 3635 1310 40017 14558 449
internal_value=2.68823e-05 0.000702824 0.000543238 0.000462775 -0.00814384 0.00635314 0.0125687 -0.000170003 0.000705457 -0.000390498 -0.000546489 -0.00269122 0.000801713 -0.000390854 0.00192982 0.00442488 -0.00145694 -0.000507853 -0.000345472 -0.00255816 0.00114294 -0.00291506 -0.00694371 0.000580763 -0.000963992 -0.00136357 0.000907112 0.00122652 0.00164542 0.00555667
internal_weight=268694 60942 59341 58992 745 1601 349 207752 41515 166237 147235 9809 19002 137426 6458 3766 2692 130968 121514 9454 18146 1923 955 58247 9992 9737 48255 41327 16223 1665
internal_count=268694 60942 59341 58992 745 1601 349 207752 41515 166237 147235 9809 19002 137426 6458 3766 2692 130968 121514 9454 18146 1923 955 58247 9992 9737 48255 41327 16223 1665
is_linear=0
shrinkage=0.03


Tree=38
num_leaves=31
num_cat=0
split_feature=29 32 29 125 3 52 78 38 35 42 41 22 61 25 118 24 101 10 122 139 62 46 55 15 0 8 5 32 67 139
split_gain=34.9814 78.2546 35.8049 52.5948 45.2775 57.4107 62.838 53.9169 66.0239 48.6115 45.2879 42.3771 43.8449 64.6399 82.4199 51.8645 43.1241 38.2891 46.6156 44.6933 42.5468 37.287 51.8015 41.8122 36.0534 35.2778 35.2401 37.7285 37.4176 34.9058
threshold=-0.015378217678517101 0.0031171289738267664 -0.00028205721173435444 0.48611135780811315 0.0079455501399934309 0.67562815546989452 0.90000000596046459 0.0061338352970778951 0.8147265911102296 0.065173242241144194 -0.027273302897810933 1.0989002585411074 0.78723517060279857 0.050094695761799819 0.68759173154830944 0.027186701074242595 0.39208073914051061 1.0166667103767397 0.35084652900695806 1.5160815715789797 0.91528937220573436 1.0107949376106264 0.93495556712150585 0.88034820556640636 0.014763731975108387 -0.20000351220369336 0.020517361350357536 0.0076855258084833631 0.76500600576400768 1.1136332154273989
decision_type=8 10 8 10 10 10 10 8 10 10 10 10 8 10 10 10 2 10 10 10 10 10 10 8 10 10 10 10 10 10
left_child=1 -1 4 11 5 6 24 8 10 -9 -7 12 13 15 -15 -4 -13 20 -19 -20 25 23 -23 -14 -2 -5 27 29 -29 -6
right_child=2 -3 3 17 26 7 -8 9 -10 -11 -12 16 21 14 -16 -17 -18 18 19 -21 -22 22 -24 -25 -26 -27 -28 28 -30 -31
leaf_value=0.0052290461979859751 -0.0051444982904187168 -0.0076370187625613793 0.006578447862756253 -0.0097945705671878738 -0.0022118528651225993 0.0011230087247539337 0.017476550454965285 -0.0016857730405336981 0.0023771200124642548 0.010906619209469889 -0.00059341892270224161 0.0084840030396925638 0.0070848607481225866 -0.00045816388791134643 0.019570239412706292 0.031500675669290074 0.00084121251565529519 -0.0023348294761552312 0.0031666163942256765 0.019866755533526584 0.00025195600008842277 -0.010236197523128944 0.00014495018973084624 0.0011482030197036174 0.0098059750322183805 -0.0028210290867221335 0.0046784229601488864 0 -0.018745933417502983 0.00041795699169945225
leaf_weight=2665 326 471 318 778 18193 18670 328 20913 10744 254 52811 1184 1137 1509 187 113 1719 1000 908 174 3637 414 97035 20119 224 5938 757 122 211 5805
leaf_count=2665 326 471 318 778 18193 18670 328 20913 10744 254 52811 1184 1137 1509 187 113 1719 1000 908 174 3637 414 97035 20119 224 5938 757 122 211 5805
internal_value=2.52985e-05 0.00316547 -1.08941e-05 0.000327459 -0.000369379 -9.08997e-05 0.0074549 -0.000159309 0.000185123 -0.00151035 -0.000140724 0.000516243 0.000427052 0.00468729 0.00177768 0.0148849 0.00409771 -0.00152478 0.00209859 0.00643627 -0.002285 0.000347412 9.56779e-05 0.00148622 0.000548529 -0.00370008 -0.00151384 -0.0017225 -0.0116 -0.00156341
internal_weight=268664 3136 265528 136170 129358 104270 878 103392 82225 21167 71481 123735 120832 2127 1696 431 2903 12435 2082 1082 10353 118705 97449 21256 550 6716 25088 24331 333 23998
internal_count=268664 3136 265528 136170 129358 104270 878 103392 82225 21167 71481 123735 120832 2127 1696 431 2903 12435 2082 1082 10353 118705 97449 21256 550 6716 25088 24331 333 23998
is_linear=0
shrinkage=0.03


Tree=39
num_leaves=31
num_cat=0
split_feature=56 29 40 71 52 11 43 105 81 54 57 69 87 38 73 120 140 1 20 47 81 35 31 11 113 5 25 45 62 26
split_gain=39.7757 47.0088 48.3582 75.2886 68.1681 76.7737 59.4611 54.0946 53.0145 49.1665 56.1847 44.923 42.0052 39.7138 67.875 74.5314 55.1152 48.5008 56.2263 41.6525 38.947 38.8762 56.6957 46.165 80.3544 42.1481 38.3265 37.0887 40.7798 36.5785
threshold=1.1573861837387087 -0.0034632030874490734 -0.031411696225404732 0.5960029959678651 0.59931728243827831 0.9873015582561494 1.0797933340072634 0.34166666865348821 0.083333335816860213 1.039501488208771 1.1698613166809084 0.23188467323780063 0.80833333730697643 0.018301365897059444 0.30000000447034841 0.55666911602020275 1.3052508831024172 0.021093009971082214 1.0570186376571657 1.0687820911407473 0.21666666865348819 0.73538482189178478 -0.0029334925347939129 0.9852549433708192 0.24390248954296115 0.014409256633371116 0.019719884730875496 1.1092823147773745 0.8571428954601289 0.043341076001524932
decision_type=8 8 10 10 10 10 10 2 2 10 10 10 2 10 10 10 10 10 10 10 2 10 10 10 10 10 10 10 10 10
left_child=1 11 3 27 5 8 12 -8 -4 10 26 21 -5 17 -15 16 -16 -13 19 -19 -10 22 25 24 -24 -1 -6 -3 -29 -25
right_child=-2 2 4 6 9 -7 7 -9 20 -11 -12 13 -14 14 15 -17 -18 18 -20 -21 -22 -23 23 29 -26 -27 -28 28 -30 -31
leaf_value=-0.0028564672999453963 0.0021103373682384166 0.0014065073595219649 -0.011278484521699803 0.0046595261614881785 0.00047064839711262598 -0.022416363816575805 -0.00093898508306169374 0.01721712107422747 0.016106667609720984 -0.0038501003864980848 0.0035580216029785362 -0.0007563163059785172 -0.0029204514096012493 -0.0020818956789111125 0.022215733863546659 -0.0003974546173340059 0 0 0.0027420899012602518 -0.0053425213928482819 -0.0026139250187787104 0.001432949096762928 -0.00034241678010774263 -0.00017351709883604662 0.0099843824814287545 -0.01407923357842848 -0.00039834945098497201 -0.00030078863506494824 -0.010344408266787229 -0.0041286677502605984
leaf_weight=4425 7524 3041 295 3591 91645 233 156 547 150 2833 4156 9558 739 1621 338 460 171 1499 1012 8003 181 9725 1737 18667 1039 326 90911 1074 588 2383
leaf_count=4425 7524 3041 295 3591 91645 233 156 547 150 2833 4156 9558 739 1621 338 460 171 1499 1012 8003 181 9725 1737 18667 1039 326 90911 1074 588 2383
internal_value=-3.54593e-05 -9.85986e-05 0.000122277 0.00218252 1.51362e-05 -0.00831778 0.00473101 0.0128587 -0.00207428 5.53564e-05 0.000116627 -0.000828437 0.00328941 -0.00188807 0.00152952 0.00779417 0.0154995 -0.00234508 -0.00375672 -0.00448468 0.00544939 -0.000193001 -0.000757432 -0.000146434 0.00345917 -0.00374521 3.62571e-05 -0.000489762 -0.00411324 -0.000638999
internal_weight=268628 261104 200140 9736 190404 859 5033 703 626 189545 186712 60964 4330 22662 2590 969 509 20072 10514 9502 331 38302 28577 23826 2776 4751 182556 4703 1662 21050
internal_count=268628 261104 200140 9736 190404 859 5033 703 626 189545 186712 60964 4330 22662 2590 969 509 20072 10514 9502 331 38302 28577 23826 2776 4751 182556 4703 1662 21050
is_linear=0
shrinkage=0.03


Tree=40
num_leaves=31
num_cat=0
split_feature=61 52 34 125 26 31 24 62 22 39 53 122 142 38 12 62 54 102 22 86 33 28 30 95 79 6 19 5 17 124
split_gain=36.6031 51.9924 57.5665 55.1965 41.0214 39.5146 99.0259 56.5153 51.7438 51.3961 93.5841 44.3984 41.4149 36.8359 42.2871 39.9843 38.5604 36.3023 49.5808 40.4193 35.763 34.3298 31.6042 39.0996 31.5149 31.3762 75.5436 29.8415 39.1698 29.0856
threshold=1.060769319534302 0.97847622632980358 0.8632066845893861 -0.41687238216400141 0.020587149076163772 0.009167332202196123 0.034459168091416366 0.70868793129920971 0.78017649054527294 -0.039849875494837754 1.0794011354446413 0.32258054614067083 2.4510859251022343 -0.0015425543533638118 0.99232682585716259 0.99776446819305431 0.98375055193901073 0.53923079371452343 0.94586908817291271 0.81666666269302379 0.91532966494560253 0.0090820300392806547 -0.0024019100237637754 -0.2308465242385864 0.15000000223517421 0.15000468492507937 0.95592910051345836 0.0040899917948991069 1.1314297914505007 -0.41573022305965418
decision_type=10 10 10 10 10 10 10 10 10 10 10 10 10 10 10 10 10 2 10 2 10 10 10 10 2 10 10 8 10 10
left_child=4 3 20 -2 21 8 7 12 -6 10 11 -8 -7 14 15 -10 -16 18 -15 -19 29 27 23 -22 -9 26 -11 28 -1 -3
right_child=1 2 -4 -5 5 6 9 24 13 25 -12 -13 -14 17 16 -17 -18 19 -20 -21 22 -23 -24 -25 -26 -27 -28 -29 -30 -31
leaf_value=0.0009523874827666967 0.011282097002058048 -0.0013073451653686219 0.0049341136559319185 0.0015049436910183711 -0.0071045817416435612 0.020952762358499258 -0.00063165033541736195 0.0099217029580051588 0.0059036452563664991 -0.021770766972835216 -0.01113804265991857 0.018947710749039896 0 -0.0026159310420822558 -0.00375481130702306 -0.0028598350099350786 0.00015497609035279193 -0.00017026945956404976 -0.00064054268585700359 0.0033995108091331824 0 0.0036294172404970747 0.0059569115515078824 -0.012944850615769124 4.1202345100450064e-05 -0.00052457137561880693 -0.00048841407195628376 -0.00044781983854942208 -0.0042829828044484916 0.010117781951131815
leaf_weight=48421 965 1277 1436 1294 1007 383 108 502 2029 248 173 315 101 13819 2324 543 71061 14649 71235 3488 298 3056 113 621 798 965 413 25455 1283 215
leaf_count=48421 965 1277 1436 1294 1007 383 108 502 2029 248 173 315 101 13819 2324 543 71061 14649 71235 3488 298 3056 113 621 798 965 413 25455 1283 215
internal_value=-7.56202e-06 0.00226217 0.000106358 0.00587554 -6.26722e-05 -0.000308146 0.0026221 0.0078727 -0.000375253 -0.00149231 0.0057094 0.0134687 0.0166459 -0.000334964 0.000163221 0.00392997 2.60824e-05 -0.000704537 -0.000965556 0.000502715 -0.00253961 0.000511405 -0.00678975 -0.00877006 0.00417639 -0.00435161 -0.00931872 0.000379703 0.000809546 0.00025268
internal_weight=268595 6219 3960 2259 262376 184161 4006 1784 180155 2222 596 423 484 179148 75957 2572 73385 103191 85054 18137 2524 78215 1032 919 1300 1626 661 75159 49704 1492
internal_count=268595 6219 3960 2259 262376 184161 4006 1784 180155 2222 596 423 484 179148 75957 2572 73385 103191 85054 18137 2524 78215 1032 919 1300 1626 661 75159 49704 1492
is_linear=0
shrinkage=0.03


Tree=41
num_leaves=31
num_cat=0
split_feature=16 25 119 74 18 40 71 69 18 21 38 17 49 15 38 34 70 33 1 16 36 119 36 49 86 32 126 15 17 83
split_gain=34.4203 35.4926 34.9313 39.7035 45.2476 41.8246 68.2119 77.6527 47.5968 50.8541 36.045 46.156 36.3078 25.3954 25.1232 34.0913 39.3759 24.7843 24.3164 24.0674 22.8103 22.6795 54.4353 23.7759 22.507 22.0044 27.523 26.5496 20.638 16.6744
threshold=1.2279316186904909 0.01236047223210335 0.84871935844421398 0.55000001192092907 0.95185223221778881 -0.034548334777355187 0.54398673772811901 0.18644031882286075 1.0253891944885256 1.0444168448448183 -0.013454308733344076 0.73634660243988048 0.82702705264091503 1.1541051268577578 -0.0016690017073415218 0.87417826056480419 0.10169451683759691 0.43619140982627874 0.016971275210380558 1.1622277498245241 0.8336770534515382 0.64285728335380565 0.81078031659126293 0.91348090767860424 -0.68333333730697621 -0.0037383672315627332 -0.2981251180171966 1.1466194391250613 1.1004451513290407 -0.70000001788139332
decision_type=10 8 10 2 8 10 10 10 10 10 8 8 8 8 10 10 10 8 8 8 10 10 10 8 2 8 10 8 10 10
left_child=1 18 3 4 13 6 17 -8 9 -7 11 -6 -12 -3 21 16 20 -5 -1 -10 -16 22 23 -2 -20 26 -4 -27 -29 -23
right_child=14 2 25 5 10 8 7 -9 19 -11 12 -13 -14 -15 15 -17 -18 -19 24 -21 -22 29 -24 -25 -26 27 -28 28 -30 -31
leaf_value=0.0012238690739615166 -0.0047483908783437483 -0.013556031412380343 0 -0.009847114720065147 -0.014119957895559627 3.2054516987888069e-05 0.015688383477799637 0.0031446862981035707 -0.0048899722765495465 0.0042943063257221735 0.011830291741816179 -0.0023051778884938348 -0.00051247727876803947 0.00070169311107658758 -0.019016684185168362 0.0099193509558681402 0.00091990162642789446 4.587217186386511e-05 -0.0050027057110901578 0.0043114533335028684 0 0.0064406718268261659 0.025070677289146588 0.0099203829315624055 0 0.0015747266675022631 -0.014608178484349929 0.012997959284788163 0.0021677639386193316 -0.00051180605334882553
leaf_weight=28860 142 358 722 230 324 92673 585 2118 2393 2575 193 3555 114154 103 144 250 913 1961 934 236 133 555 156 190 6142 6753 125 346 442 515
leaf_count=28860 142 358 722 230 324 92673 585 2118 2393 2575 193 3555 114154 103 144 250 913 1961 934 236 133 555 156 190 6142 6753 125 346 442 515
internal_value=-4.00842e-06 -4.1295e-05 -0.000179468 -0.000252688 -0.000626988 0.000176699 0.00287829 0.00606493 3.79908e-05 0.00015131 -0.000586828 -0.00343634 -0.000486956 -0.00985004 0.00318053 9.7795e-05 -0.00184747 -0.000936638 0.000833724 -0.00392441 -0.0114266 0.00580231 0.0112726 0.0028808 -0.0007142 0.00171398 -0.00266813 0.0022516 0.00749847 0.00287117
internal_weight=268780 265782 229846 221458 118687 102771 4894 2703 97877 95248 118226 3879 114347 461 2998 1440 1190 2191 35936 2629 277 1558 488 332 7076 8388 847 7541 788 1070
internal_count=268780 265782 229846 221458 118687 102771 4894 2703 97877 95248 118226 3879 114347 461 2998 1440 1190 2191 35936 2629 277 1558 488 332 7076 8388 847 7541 788 1070
is_linear=0
shrinkage=0.03


Tree=42
num_leaves=31
num_cat=0
split_feature=38 11 50 73 39 89 54 46 0 13 19 41 49 11 52 33 48 31 79 3 10 80 52 110 72 33 73 31 140 38
split_gain=38.444 62.8954 58.8635 73.5952 64.7223 58.9722 52.642 51.0808 64.9073 51.4727 51.5132 50.7938 46.6682 49.0591 44.0639 43.3278 42.1319 42.0674 41.6305 42.1877 41.0925 52.2111 46.8873 46.6766 43.9227 41.0853 40.7922 40.4644 37.8179 35.1684
threshold=-0.00073529069777578105 0.9741710126399995 0.70271128416061412 0.5000000149011613 0.038371387869119651 0.43553903698921209 0.97887983918190014 1.1084714531898501 0.032258069142699249 1.0232928991317751 1.0164839029312136 -0.031765589490532868 0.80517792701721203 0.95634523034095775 0.86896827816963207 0.95127782225608837 0.91958004236221325 0.0018664074013940992 0.35000000894069677 0.006319253472611309 1.0585195422172549 0.47499999403953558 0.59931728243827831 0.3717105239629746 0.63999953866004955 0.91827064752578746 0.90000000596046459 0.009167332202196123 0.97227445244789135 -0.018076949752867218
decision_type=10 8 10 10 10 10 8 10 10 8 10 10 10 10 10 10 10 10 2 10 10 2 8 2 10 10 10 10 10 8
left_child=1 25 3 -2 7 14 15 12 9 11 -11 -9 -4 16 28 26 -14 -17 -7 -20 22 23 -8 24 -22 -1 -3 -15 -6 -24
right_child=2 6 4 -5 5 18 20 8 -10 10 -12 -13 13 27 -16 17 -18 -19 19 -21 21 -23 29 -25 -26 -27 -28 -29 -30 -31
leaf_value=0.002757141046982652 0.0062897967026413724 0.00099428027286194262 0.014275097391466693 -0.01551361464733339 -0.014926368813516248 0 -0.01061900918246326 -0.0092427406596311528 0.0045494304894304208 0.0043459322606874597 -0.0012821121958554473 -0.0026220446102405547 0.0011684148419267501 -0.00010883675825405923 0.0037584716615977117 -0.0038974363846712712 -0.0073669450772061752 0.015148070656207645 0.0051944262932905197 0.018618120491503035 0.0053077530451028226 0 -0.0025496463340190165 -0.00397761358179152 0.024543226123840179 0.012026516752066622 -0.0098287359651608071 0.0061797869363795924 0 0.00040471739256248341
leaf_weight=2407 160 360 182 463 234 459 333 1187 1449 1613 13054 11492 697 107636 1192 203 1512 156 585 443 288 762 3702 105 245 559 1131 908 481 114848
leaf_count=2407 160 360 182 463 234 459 333 1187 1449 1613 13054 11492 697 107636 1192 203 1512 156 585 443 288 762 3702 105 245 559 1131 908 481 114848
internal_value=-1.7553e-05 0.000365792 -0.000353259 -0.00942599 -0.000310359 0.00376219 0.000257977 -0.000411951 -0.0015382 -0.00187482 -0.000637668 -0.00327907 -0.000116686 -0.000145618 9.53503e-05 -0.00472627 -0.0045529 0.00394969 0.00820197 0.0115103 0.000337903 0.00542253 0.0002746 0.0116133 0.0152599 0.00467345 -0.00703842 -5.23386e-05 -0.00553949 0.000309516
internal_weight=268846 125099 143747 623 143124 3394 122133 139730 28795 27346 14667 12679 110935 110753 1907 1850 2209 359 1487 1028 120283 1400 118883 638 533 2966 1491 108544 715 118550
internal_count=268846 125099 143747 623 143124 3394 122133 139730 28795 27346 14667 12679 110935 110753 1907 1850 2209 359 1487 1028 120283 1400 118883 638 533 2966 1491 108544 715 118550
is_linear=0
shrinkage=0.03


Tree=43
num_leaves=31
num_cat=0
split_feature=57 49 127 9 23 25 118 12 61 25 79 44 17 61 13 36 28 13 104 34 85 34 10 59 112 11 26 56 44 69
split_gain=40.2481 47.8206 54.9054 47.4454 40.3137 39.9143 39.9136 48.3954 39.1737 102.288 69.0739 35.276 75.0099 32.4937 47.7194 39.1552 38.8379 30.2801 30.1416 29.5666 28.1371 24.0199 23.1148 27.6876 21.3767 21.0666 20.8306 19.4215 17.9441 17.2035
threshold=0.81709790229797374 0.82702705264091503 0.15920395404100421 0.98209604620933544 0.052958838641643531 0.011856984812766315 0.057142186909914024 0.99232682585716259 0.74462234973907482 0.074668474495410933 0.15000000223517421 1.0117022395133974 0.88908734917640697 1.065459728240967 1.1154526472091677 0.79762580990791332 -0.01763677783310413 0.94138559699058544 0.31666667759418493 0.85284990072250377 -0.92499998211860646 0.85607799887657177 1.0210040211677553 0.93937411904335033 -1.0000000180025095e-35 0.99202302098274242 0.044073907658457763 0.89488443732261669 1.0030993819236758 0.79591801762580883
decision_type=8 8 10 10 10 10 10 10 10 10 2 10 8 10 10 10 8 10 2 10 2 10 10 10 2 10 10 10 10 8
left_child=3 2 4 17 11 -3 -4 -8 9 22 -11 -2 -13 14 16 19 -10 28 -14 -15 -17 25 23 -7 -12 27 -16 29 -1 -5
right_child=1 5 6 21 -6 8 7 -9 13 10 24 12 18 15 26 20 -18 -19 -20 -21 -22 -23 -24 -25 -26 -27 -28 -29 -30 -31
leaf_value=-0.0042505777170881633 0.021387270044765826 0.00095855389827657282 0.0069408520064890202 -0.012866297346022394 0 0.020947652746438981 -0.015969663357748552 0 0.0028743966868422905 0.014415587800854848 -0.011227497359100835 0.026762856362937865 -0.0063099950596335382 -0.00148445968937134 0.0010702889225859609 0.0014010453368630397 -0.00027275004153611926 0 0.0083172674180053523 0.0039774566972065172 0.010659717998418812 0.0098219508561305704 0.030055513500463302 0.00050550849981905528 0.00021908223506857135 -0.014616820086237221 -0.010729957237734549 0.0085855115111917249 -0.026031196068151522 0
leaf_weight=100 271 32372 388 115 375 105 215 506 3552 157 343 112 232 2339 115 654 223128 100 228 1388 705 124 107 179 163 106 538 124 157 197
leaf_count=100 271 32372 388 115 375 105 215 506 3552 157 343 112 232 2339 115 654 223128 100 228 1388 705 124 107 179 163 106 538 124 157 197
internal_value=-1.21971e-05 9.56141e-06 0.00427385 -0.00589447 0.00862873 -2.69552e-05 -0.000311456 -0.00470108 -0.000164955 0.00554206 -0.00129419 0.0122004 0.00676564 -0.000192601 -0.000246925 0.00216824 -0.000221863 -0.0144488 0.000359507 0.000479962 0.0065066 -0.000584157 0.0173628 0.00993109 -0.00710169 -0.00376351 -0.008236 0 -0.0195581 -0.00454725
internal_weight=269195 268172 2327 1023 1218 265845 1109 721 233473 1054 663 843 572 232419 227333 5086 226680 357 460 3727 1359 666 391 284 506 542 653 436 257 312
internal_count=269195 268172 2327 1023 1218 265845 1109 721 233473 1054 663 843 572 232419 227333 5086 226680 357 460 3727 1359 666 391 284 506 542 653 436 257 312
is_linear=0
shrinkage=0.03


Tree=44
num_leaves=31
num_cat=0
split_feature=32 8 74 40 71 69 41 48 53 56 79 24 84 82 13 61 118 57 79 38 35 46 39 8 61 61 71 79 7 88
split_gain=40.9189 45.4303 38.9145 57.4721 52.4915 54.9297 49.8578 44.0936 51.2664 42.8405 41.655 59.4785 47.1252 34.563 37.2657 50.7875 46.6991 48.4148 44.8793 60.8412 42.0018 51.9884 35.7137 52.934 34.3851 33.5603 32.5869 32.272 32.0389 31.1555
threshold=-0.0049182062502950421 0.88235512375831615 0.55000001192092907 -0.032118421047925942 0.56962037086486828 0.17924510687589648 -0.039081804454326623 0.98130837082862865 1.0395143032073977 1.1362457275390627 0.65000000596046459 0.026497153565287593 0.75000000000000011 0.19166667014360431 0.98328420519828807 0.81931218504905712 0.17999979108572009 0.96170762181282055 0.15000000223517421 0.0038419165648519997 0.8147265911102296 1.1148419380187991 0.023657930083572868 0.28571544587612158 0.81098023056983959 1.0532925724983218 0.73743024468421947 0.45000000298023229 0.013698711525648834 0.80051663517951976
decision_type=10 10 2 10 10 10 10 10 10 10 2 10 2 2 8 10 10 10 2 10 10 10 10 10 10 10 10 2 10 10
left_child=1 -1 13 4 -4 -6 24 10 9 -9 12 -12 -8 22 16 18 -15 -18 -16 -20 21 -17 25 -24 -5 -2 -19 -26 -22 -10
right_child=2 -3 3 6 5 -7 7 8 29 -11 11 -13 -14 14 15 20 17 26 19 -21 28 -23 23 -25 27 -27 -28 -29 -30 -31
leaf_value=0.0012445267713783661 0.00043496311791318954 0.0082483106435532992 0.00010107126320792665 0.0020036180670588064 0.014630824040467647 0.003868470308481069 -0.00095846099941505447 0.0013167449472865377 -0.0050208879511127727 0.015434500645780606 0.0011507411458076854 0.011035823112593539 0.00071111376201889165 0.00050459701374453759 0.013581787562799142 -0.00033673888909488436 -0.010756557614757195 -0.0035642966892661895 -0.0074759212884878325 0.011243676771048376 0.0016938116447269128 -0.0021197761840980604 -0.014322068058917748 -0.00097371554312102688 -0.013036812250091168 0.0066605211564987566 0.002186482210227208 -0.0019995179106319406 -0.0022108243827384782 0.009179844645184598
leaf_weight=7230 37928 957 2569 370 555 2389 42739 34702 1632 179 6595 593 23414 3509 410 58033 774 6013 334 257 11057 19973 328 1443 549 785 958 555 2204 120
leaf_count=7230 37928 957 2569 370 555 2389 42739 34702 1632 179 6595 593 23414 3509 410 58033 774 6013 334 257 11057 19973 328 1443 549 785 958 555 2204 120
internal_value=3.15325e-05 0.00211788 -3.29277e-05 0.000372265 0.00336048 0.00608363 0.000221179 0.000297659 0.00114812 0.00140659 -0.000123246 0.00203623 -0.000362967 -0.000364112 -0.00065578 -0.000452667 -0.00229067 -0.00359378 0.00617844 0.000274996 -0.00053002 -0.000797547 0.000374261 -0.00374574 -0.00521169 0.000572321 -0.00272708 -0.00788939 0.00101991 -0.0037863
internal_weight=269154 8187 260967 116961 5513 2944 111448 109974 36633 34881 73341 7188 66153 144006 103522 92268 11254 7745 1001 591 91267 78006 40484 1771 1474 38713 6971 1104 13261 1752
internal_count=269154 8187 260967 116961 5513 2944 111448 109974 36633 34881 73341 7188 66153 144006 103522 92268 11254 7745 1001 591 91267 78006 40484 1771 1474 38713 6971 1104 13261 1752
is_linear=0
shrinkage=0.03


Tree=45
num_leaves=31
num_cat=0
split_feature=37 40 73 26 51 43 14 40 87 119 33 1 56 121 9 18 34 108 15 22 24 22 86 17 9 60 14 2 32 87
split_gain=32.8157 64.8482 61.0471 54.1785 88.8042 69.9258 48.3065 43.7277 42.0196 47.6144 41.7497 44.9796 42.6567 50.5965 59.4853 49.8823 51.4968 37.9042 37.4228 35.5258 59.1232 40.8738 70.9979 58.3075 51.7707 46.0994 35.543 35.0726 60.3857 44.6323
threshold=0.7325749695301057 -0.05670111067593097 0.30000000447034841 0.1037210449576378 0.68984845280647289 1.0104855298995974 0.91048598289489757 0.034592092037200935 0.69166666269302379 0.78947350382804882 0.37481763958930975 0.013000027276575567 0.98596763610839855 0.36683411896228796 0.97236382961273204 1.0275376439094546 0.58504074811935436 1.0000000180025095e-35 1.1401427388191225 0.835432529449463 0.035559900104999549 0.93121013045310985 0.68333333730697643 0.67235308885574352 1.0088700056076052 0.9177016317844392 1.0180543065071108 0.88889041543006908 -0.0034776440588757391 -0.77500000596046437
decision_type=8 8 10 10 8 10 10 10 2 10 8 10 10 10 10 10 10 2 10 8 10 10 2 8 8 10 8 8 10 2
left_child=7 2 8 4 5 -3 -5 10 9 -2 11 -1 13 14 -13 18 -17 -15 -14 20 -12 22 24 -23 -21 -24 -25 -6 29 -29
right_child=1 3 -4 6 27 -7 -8 -9 -10 -11 19 12 15 17 -16 16 -18 -19 -20 21 -22 23 25 26 -26 -27 -28 28 -30 -31
leaf_value=0.00052955615253657401 0.012458158103778722 0.0031174086904726568 0.012697583138586564 -0.0023250506336732609 0.00031469415314432173 -0.020447820299090098 0.019418561433003884 -0.0019761787546021172 -0.0071168790068670863 -0.0047881605892101872 0.010548375092950205 -0.0098086657270835959 -0.0014158929889109674 0.008646813896784445 0.00043599425217941541 -0.014316472102340039 0.0029159921952310553 0.00145382399161095 0.0039794424769663533 -0.0054534609222539367 -0.00020439650452194305 0.018143981634276711 0.0039977634494994816 0.00083639718869509146 0.00090217224044713998 -0.002160613300758194 -0.00025603506991267195 0.019321302136713309 0.00097907501808562961 0.0035842815332431106
leaf_weight=21650 358 136 751 103 56577 305 233 11311 329 188 782 599 45005 1013 2641 501 177 2236 1141 4293 955 147 2445 61836 1464 1885 46721 319 2247 448
leaf_count=21650 358 136 751 103 56577 305 233 11311 329 188 782 599 45005 1013 2641 501 177 2236 1141 4293 955 147 2445 61836 1464 1885 46721 319 2247 448
internal_value=1.68507e-05 0.00062316 0.00651233 0.000457464 0.000382976 -0.0127098 0.0121543 -0.000163498 0.000703302 0.00603047 -5.68911e-05 -0.00061399 -0.00108402 0.00116771 -0.00141453 -0.00140285 -0.00943328 0.00382747 -0.00127432 0.000287155 0.00453074 0.000221827 -0.00159725 0.000393647 -0.00378777 0.00125023 0.00036351 0.000489132 0.00364104 0.0108353
internal_weight=268796 61994 1626 60368 60032 441 336 206802 875 546 195491 74963 53313 6489 3240 46824 678 3249 46146 120528 1737 118791 10087 108704 5757 4330 108557 59591 3014 767
internal_count=268796 61994 1626 60368 60032 441 336 206802 875 546 195491 74963 53313 6489 3240 46824 678 3249 46146 120528 1737 118791 10087 108704 5757 4330 108557 59591 3014 767
is_linear=0
shrinkage=0.03


Tree=46
num_leaves=31
num_cat=0
split_feature=29 69 54 57 30 16 12 45 125 73 7 41 72 148 45 73 78 87 125 16 46 17 45 10 44 78 5 13 86 145
split_gain=37.1423 47.7802 60.5794 41.3443 41.0956 54.7399 45.314 48.4336 71.3757 42.5361 39.948 34.9798 45.7892 52.1835 34.5524 43.0693 38.333 33.5828 32.8207 53.4699 50.2094 45.1296 38.8588 37.7458 41.564 35.245 32.6288 36.3276 34.2927 32.415
threshold=-0.0034632030874490734 0.23943635076284411 1.0856433510780337 1.1698613166809084 -0.005227574845775961 1.1087290644645693 0.99592754244804393 1.0722373723983767 -0.16363612562417981 0.5000000149011613 -0.023693772964179512 -0.062253827229142182 0.58962270617485057 0.44978183507919317 1.1253283023834231 0.30000000447034841 0.5000000149011613 -1.0000000180025095e-35 0.49778720736503607 0.72948259115219127 1.0103921294212344 0.74457627534866344 1.064783036708832 1.0170581340789797 1.0336645841598513 0.30000000447034841 0.0057239017914980659 0.98210826516151439 0.81666666269302379 0.51360750198364269
decision_type=8 10 10 10 10 10 10 10 10 10 10 8 10 10 10 10 10 2 10 8 8 8 10 10 8 10 10 10 2 10
left_child=1 4 10 11 9 6 7 -6 -9 -1 17 12 -2 -14 16 -16 -8 -3 20 22 21 -13 -20 24 -21 -23 27 -22 -28 -5
right_child=3 2 -4 29 5 -7 14 8 -10 -11 -12 18 13 -15 15 -17 -18 -19 19 23 26 25 -24 -25 -26 -27 28 -29 -30 -31
leaf_value=0.0023447244867995155 -0.0022738906880569922 -0.0025012342572107069 0.0050733972311320088 0.0042169637285459404 -0.0022256589654821857 -0.0031919879616663879 -0.0039250028262152684 0 0.0099973681936448393 -0.0034548352179544725 -0.0018526700078771085 0.0088085626956452053 0.018253844090894925 0.0029971890152945633 -0.0060766257091383336 0.00087261617721737098 0.00041899978083042975 -0.021105321256174918 -0.012208102973350385 -0.0011371954750360065 -0.00064098239872753451 0.00015691239040046873 0.0014438923937268554 0.0035424545129577219 -0.011889862196499726 0.0026709374948073626 -0.00088354696831214089 0.0006047406296853067 0.0019172562872645576 -0.00041629249710519806
leaf_weight=9187 496 259 1087 3995 976 5756 2003 1149 1370 1243 21773 739 317 689 1975 1222 18971 167 648 8826 27826 11734 204 1464 325 9127 44664 84668 4237 1881
leaf_count=9187 496 259 1087 3995 976 5756 2003 1149 1370 1243 21773 739 317 689 1975 1222 18971 167 648 8826 27826 11734 204 1464 325 9127 44664 84668 4237 1881
internal_value=4.20286e-06 -0.000605797 -0.00170358 0.000208633 -1.55134e-05 -0.000535405 8.37605e-06 0.00320172 0.00542371 0.00161956 -0.00205319 0.000132536 0.00466703 0.00835921 -0.000443228 -0.00333823 0 -0.0110864 9.54933e-05 -0.00145697 0.000194563 0.00155232 -0.00863713 -0.000837295 -0.00157689 0.00127271 1.0822e-05 0.000293879 -0.000634056 0.00268652
internal_weight=268978 67138 23286 201840 43852 33422 27666 3495 2519 10430 22199 195964 1502 1006 24171 3197 20974 426 194462 11467 182995 21600 852 10615 9151 20861 161395 112494 48901 5876
internal_count=268978 67138 23286 201840 43852 33422 27666 3495 2519 10430 22199 195964 1502 1006 24171 3197 20974 426 194462 11467 182995 21600 852 10615 9151 20861 161395 112494 48901 5876
is_linear=0
shrinkage=0.03


Tree=47
num_leaves=31
num_cat=0
split_feature=37 26 93 16 15 17 120 18 86 40 35 45 27 7 33 16 86 28 42 22 113 119 127 115 52 38 87 54 37 38
split_gain=34.2039 97.7192 35.4001 43.6277 34.5588 42.4518 52.1171 39.0443 39.0084 45.1351 42.2984 44.7426 42.0862 33.8021 32.8507 49.7854 44.4288 32.761 61.0286 47.3617 33.0658 50.9916 32.0192 31.8701 44.062 34.1366 27.4503 30.2353 25.488 25.4019
threshold=0.65951922535896312 0.12329636514186861 0.28258180618286138 0.70843112468719494 1.1401427388191225 1.1270817518234255 0.68449956178665172 1.0567905306816103 -0.81666666269302357 0.034592092037200935 0.82165992259979259 1.0613909959793093 0.047566989436745651 -0.016506189480423924 0.4933363944292069 0.78625634312629711 -0.71666666865348805 -0.0046178940683603278 -0.065509714186191545 0.95015656948089611 0.71698102355003368 0.675000160932541 -0.030302976258099076 0.59182390570640575 0.83617588877677929 -0.016957766376435753 -0.74166667461395253 1.0501697659492495 0.35526117682456976 -0.0062499905470758668
decision_type=8 10 10 8 10 10 10 10 2 8 10 10 8 10 10 8 2 10 10 10 10 10 10 10 10 10 2 10 10 8
left_child=4 2 3 -2 7 6 29 8 10 14 11 -1 13 -11 16 -16 -10 19 20 -4 21 -19 -13 24 -20 -25 27 -12 -7 -6
right_child=1 -3 17 -5 5 28 -8 -9 9 12 26 22 -14 -15 15 -17 -18 18 23 -21 -22 -23 -24 25 -26 -27 -28 -29 -30 -31
leaf_value=0 -0.010543562254584315 0.019583018237940411 0.0078320348373283524 2.1757381329426916e-05 0.005346463601711357 -0.0055757277027309871 0.0073295232399852436 -0.0075263007087520073 0.0026740138334771782 0.01139982576883046 0.0015895895329864186 -0.0052546772103782471 -0.0046202801372314684 -0.00089806018095863198 0.0057502582356829431 0.00030602660295873761 -0.00062411352081941335 -0.013891299000592367 0.0049969171692486733 0.0015165262954944725 0.0023453241660831249 0.0049368835686127077 -0.00061865994132573126 -0.010103862856004881 0.0010614205233316517 -2.5212718196414444e-05 0 0.018349501923412868 0.001313338852910682 -0.0052061185273192786
leaf_weight=3955 334 222 1526 49434 281 691 1977 650 3825 189 345 5190 3755 4550 1530 79016 72422 566 3139 4089 213 128 2021 296 15728 8610 2087 151 1383 558
leaf_count=3955 334 222 1526 49434 281 691 1977 650 3825 189 345 5190 3755 4550 1530 79016 72422 566 3139 4089 213 128 2021 296 15728 8610 2087 151 1383 558
internal_value=1.4864e-05 0.000516569 0.000458003 -4.73293e-05 -0.000212641 0.00226385 0.00466756 -0.00028195 -0.000253136 -0.000123368 -0.00178894 -0.00259888 -0.00225078 -0.000298712 -5.93337e-06 0.000414567 -0.000454069 0.00119967 0.000774457 0.00330785 -0.0067564 -0.00995748 -0.00400215 0.00103588 0.00173667 -0.000415685 0.00159012 0.00778675 -0.000869975 -0.00128039
internal_weight=268861 84285 84063 49768 184576 4890 2816 179686 179036 165287 13749 11166 8494 4739 156793 80546 76247 34295 28680 5615 907 694 7211 27773 18867 8906 2583 496 2074 839
internal_count=268861 84285 84063 49768 184576 4890 2816 179686 179036 165287 13749 11166 8494 4739 156793 80546 76247 34295 28680 5615 907 694 7211 27773 18867 8906 2583 496 2074 839
is_linear=0
shrinkage=0.03


Tree=48
num_leaves=31
num_cat=0
split_feature=16 26 39 0 71 83 124 17 49 5 41 39 5 29 23 31 86 13 17 7 82 10 87 35 64 53 65 23 19 49
split_gain=32.9732 38.9392 56.2891 44.0084 57.0898 74.9917 51.1512 48.2699 50.1514 46.267 45.0904 50.1104 37.0546 36.754 37.0144 40.533 53.2074 49.2534 38.4475 55.5457 33.5773 30.9568 55.2842 28.8778 27.0952 44.0931 43.9345 35.4618 48.084 26.1292
threshold=1.2279316186904909 0.028532153926789764 -0.029077948071062561 -0.0080128321424126608 0.63636365532875072 -0.50000001490116108 -0.76923087239265431 0.69693449139595043 0.90110972523689281 0.014409256633371116 0.036852499470114715 0.0186635060235858 0.0096878632903099077 0.027280201204121116 0.0095678302459418791 0.0053463624790310868 0.51666668057441723 1.0229083895683291 0.73634660243988048 0.032128425315022476 0.058333335444331176 1.0287702083587649 0.80833333730697643 0.8147265911102296 0.47499999403953558 1.0114099979400637 0.79705882072448742 0.033601751551032073 0.94595313072204601 0.95396009087562572
decision_type=10 10 8 10 10 10 10 8 10 10 10 10 10 10 8 10 2 10 8 10 2 10 2 10 8 10 10 10 8 10
left_child=1 2 -1 4 6 21 23 9 -9 -7 11 -8 -12 14 15 17 -17 -5 19 -16 -20 -6 -23 -3 29 27 -27 28 -26 -4
right_child=-2 3 24 13 5 7 10 8 -10 -11 12 -13 -14 -15 18 16 -18 -19 20 -21 -22 22 -24 -25 25 26 -28 -29 -30 -31
leaf_value=-0.0064671941847805163 0.0031229997524525131 0.0015759251572077251 -0.0054852329730664361 -0.0018640388286651135 0.005059304284750858 -0.012127490515983981 -0.00070346724795719063 0.0061803421857443887 0.00047549551525257199 0.0044362782002908404 0.0080486066026082392 -0.010286542258990101 -0.0038379774395851871 -0.0094495640637379651 0.00011675026814561286 -0.001592572374548922 -0.012185422914724058 0.0030662525625230635 0.0013711235270292541 0.0072878369265462163 -0.00085346148528173962 0.020307594017672632 -0.0017081754374498079 0.011197276845089081 -0.010083817612418467 0.0050072473408298585 -0.0016301174834772775 0.0092346739123578686 0.00053944074562869353 -3.4565250189496574e-05
leaf_weight=1075 2966 875 784 19084 1279 433 23448 1797 6496 183 896 488 266 426 3666 1151 750 1956 6794 1349 52810 358 104 478 363 3826 1080 403 71228 61928
leaf_count=1075 2966 875 784 19084 1279 433 23448 1797 6496 183 896 488 266 426 3666 1151 750 1956 6794 1349 52810 358 104 478 363 3826 1080 403 71228 61928
internal_value=-1.04865e-05 -4.68169e-05 0.0002943 -0.000432859 0.000428284 0.0022841 -0.000308752 0.00112385 0.00175965 -0.0067503 -0.000627425 -0.000919792 0.00505487 -0.0007994 -0.000751741 -0.00178996 -0.00601128 -0.00138897 -0.000378071 0.00212659 -0.000594484 0.00797075 0.014864 0.00530714 0.00034943 0.000727288 0.00348452 0.000534316 0.000478585 -0.000109217
internal_weight=268740 265774 140687 125087 37101 10650 26451 8909 8293 616 25098 23936 1162 87986 87560 22941 1901 21040 64619 5015 59604 1741 462 1353 139612 76900 4906 71994 71591 62712
internal_count=268740 265774 140687 125087 37101 10650 26451 8909 8293 616 25098 23936 1162 87986 87560 22941 1901 21040 64619 5015 59604 1741 462 1353 139612 76900 4906 71994 71591 62712
is_linear=0
shrinkage=0.03


Tree=49
num_leaves=31
num_cat=0
split_feature=13 61 69 76 10 34 42 65 47 25 21 78 113 32 110 45 12 20 74 14 18 61 32 27 36 43 58 24 138 114
split_gain=32.2671 78.11 57.7973 71.6992 68.2235 90.2621 51.1553 70.7669 50.0625 45.6684 76.5647 47.6782 46.9662 57.1976 43.175 42.6073 42.589 52.3143 41.9531 50.5978 52.0234 45.869 58.9098 52.0294 48.6385 42.7691 41.6736 41.351 41.1602 41.112
threshold=0.98475942015647899 0.78723517060279857 0.68085080385208141 0.18333333730697635 1.0198949575424197 0.523637354373932 0.058876575902104385 0.94590643048286449 1.1624569296836855 0.050836589187383659 0.85484659671783458 0.30000000447034841 0.77358505129814159 -0.0018474772805348037 0.26969698071479803 1.2043990492820742 0.99374473094940197 1.0034736394882204 0.55000001192092907 0.91378578543663036 1.0016240477561953 0.89101320505142223 0.0024303633254021411 0.069348156452178969 0.80754208564758312 1.0115789771080019 0.99811595678329479 0.027186701074242595 0.6272205412387849 0.77551004290580761
decision_type=8 8 10 2 10 10 10 10 10 10 10 10 10 10 2 10 10 10 2 8 10 8 10 10 10 8 10 10 10 10
left_child=2 15 3 -1 8 14 -7 29 9 10 -4 -12 -11 -14 28 -2 -10 -18 25 20 -20 22 -21 -23 -24 -3 -17 -25 -6 -8
right_child=1 18 4 -5 5 6 7 -9 16 12 11 -13 13 -15 -16 26 17 -19 19 21 -22 23 24 27 -26 -27 -28 -29 -30 -31
leaf_value=0.0010577397861413992 0.011305001294360234 0.00096199564108350724 0.016785388741030704 -0.0033293502999374759 -0.0010993293783813716 -0.0029474092638317813 0.0046844568950139354 0 0.00051158368411702954 -0.0085056775270650926 -0.00055402429298623723 0.0014601293447513665 0.014418781629594212 -0.0023409250817848538 -0.0020338930762200443 -0.015667840354907953 -0.006288744800504723 0.0014054556589323988 0.015405463988105928 -0.0089270185368181994 0.0012346158720142936 0.00054087490775521203 -0.0057090860758975525 0.0047074034261891566 0.0050085349729282573 -0.00040336445785459589 0.0063663685418013007 -0.00076706367320282152 0.016284698247488245 0.022472407256362629
leaf_weight=4534 854 25580 229 11856 105 1487 346 1146 2123 1089 32521 15620 178 2150 142 102 3408 950 415 973 624 47731 636 5060 878 105570 177 1519 762 235
leaf_count=4534 854 25580 229 11856 105 1487 346 1146 2123 1089 32521 15620 178 2150 142 102 3408 950 415 973 624 47731 636 5060 878 105570 177 1519 762 235
internal_value=-1.18008e-06 0.000209341 -0.000512306 -0.00209765 -9.11682e-05 0.00357516 0.000990002 0.00454689 -0.000363169 -4.57507e-05 0.00018573 9.3601e-05 -0.00339182 -0.000819799 0.0113389 0.00799937 -0.00284544 -0.0045442 0.00016021 0.000833878 0.00736211 0.000706626 -0.00323575 0.000893805 0.000294983 -0.000134666 -0.00119499 0.00339947 0.0138638 0.0128868
internal_weight=269000 190119 78881 16390 62491 4223 3214 1727 58268 51787 48370 48141 3417 2328 1009 1133 6481 4358 188986 57836 1039 56797 2487 54310 1514 131150 279 6579 867 581
internal_count=269000 190119 78881 16390 62491 4223 3214 1727 58268 51787 48370 48141 3417 2328 1009 1133 6481 4358 188986 57836 1039 56797 2487 54310 1514 131150 279 6579 867 581
is_linear=0
shrinkage=0.03


Tree=50
num_leaves=31
num_cat=0
split_feature=1 121 38 17 53 34 77 77 75 28 53 38 28 76 16 38 68 80 57 51 68 71 12 15 11 112 32 17 133 105
split_gain=27.5482 55.9995 54.3273 58.4753 47.6645 40.4722 29.4608 73.7818 48.8197 47.528 60.0354 48.0675 45.1735 43.3229 38.5794 37.4938 33.9902 31.3947 28.3049 27.4507 50.8457 42.5128 50.1167 41.001 44.2701 38.7801 38.4027 31.9348 30.2143 30.168
threshold=0.05543711036443711 0.67423155903816234 -0.018076949752867218 0.75244280695915233 1.1080738306045534 0.31462591886520391 0.091666668653488173 0.27500000596046453 0.37500000000000006 0.01345943007618189 0.98482218384742748 -0.0026385249802842732 -0.010782236233353613 0.050000002607703216 0.84692704677581798 0.00080393132520839583 0.97345149517059337 0.67499998211860668 1.017235338687897 0.87085667252540599 0.65000113844871532 0.68852481245994579 0.99540057778358471 0.72190919518470775 0.98305085301399242 0.2323504984378815 0.0060149477794766435 0.69693449139595043 0.18613260239362719 0.34166666865348821
decision_type=10 10 8 8 10 10 2 2 2 10 8 10 8 2 10 10 10 2 10 10 10 10 10 10 10 2 10 8 8 2
left_child=2 19 3 5 6 -1 9 13 15 10 -4 -12 -10 18 -11 -9 -15 -16 -8 20 21 29 -23 27 26 -24 -25 -22 -21 -2
right_child=1 -3 4 -5 -6 -7 7 8 12 14 11 -13 -14 16 17 -17 -18 -19 -20 28 23 22 25 24 -26 -27 -28 -29 -30 -31
leaf_value=0.00070980087304335149 -0.0081761570966235649 0.0089427040002488384 0.0053048442939007982 -0.0020203654600404446 -0.011669424456684067 -0.017800510228712402 0.010805145668664449 -5.2798143517367517e-05 0.0026072140761894862 0.0037035898089275827 0.00066039679758894058 -0.0011771636216203571 0.00014666225416007212 0.00061145749077882192 -0.01076592987452844 -0.0015271388047448842 0.0052471423112635434 -0.0018180977966171991 0.0027099370136236074 -0.0058048813622800788 0.00051160730563729767 -0.00030197827834635974 0.022017311297679174 0.0005653823525146877 -0.016125348172631233 0 0.012838945174226225 -0.016786481664983782 0.00056565225154499418 0.0046203405984635553
leaf_weight=102 164 855 1598 2927 293 377 422 34205 7358 316 19301 37181 79433 36022 910 29093 1487 734 8558 922 111 155 353 2056 104 101 249 203 2086 1049
leaf_count=102 164 855 1598 2927 293 377 422 34205 7358 316 19301 37181 79433 36022 910 29093 1487 734 8558 922 111 155 353 2056 104 101 249 203 2086 1049
internal_value=3.16763e-05 0.00172019 -2.18368e-05 -0.00377531 2.70473e-05 -0.0133872 4.24794e-05 0.00022121 -0.000100446 -0.00053759 -0.000376057 -0.000543912 0.000359272 0.00126572 -0.00512058 -0.00073544 0.000805926 -0.00702113 0.00314686 0.000841529 0.00233293 0.00618802 0.0126607 -0.000163506 0.00108187 0.0175452 0.00211932 -0.0101089 -0.00131339 0.00254236
internal_weight=268725 8408 260317 3406 256911 479 256618 196578 150089 60040 58080 56482 86791 46489 1960 63298 37509 1644 8980 7553 4545 1822 609 2723 2409 454 2305 314 3008 1213
internal_count=268725 8408 260317 3406 256911 479 256618 196578 150089 60040 58080 56482 86791 46489 1960 63298 37509 1644 8980 7553 4545 1822 609 2723 2409 454 2305 314 3008 1213
is_linear=0
shrinkage=0.03


Tree=51
num_leaves=31
num_cat=0
split_feature=28 72 25 30 58 73 114 29 7 82 13 46 29 58 37 38 72 11 54 36 26 8 86 78 39 20 35 40 36 75
split_gain=30.3843 56.0619 36.6157 36.5948 33.1205 31.2236 52.9399 36.7904 29.9567 28.4747 28.8953 28.3614 36.1387 41.4449 39.1448 33.3627 48.5977 57.7388 47.6898 45.3226 48.0551 45.7643 45.2409 42.7481 44.2152 39.9384 32.0344 48.179 28.1793 38.6111
threshold=-0.011273987125605343 0.56886237859725963 0.01236047223210335 -0.0047890257555991403 0.9922795593738557 0.30000000447034841 0.69909435510635387 -0.0062783814501017323 -0.043137228116393082 0.091666668653488173 1.0291725397109988 1.0096175670623782 0.0063638552092015752 0.97688350081443798 0.2891253679990769 -0.001606441452167928 0.94308137893676769 0.98421230912208568 1.0253486037254336 0.90986391901969921 0.057045888155698783 0.33333979547023779 -0.88333332538604725 0.5000000149011613 -0.022536968812346455 0.95372384786605846 0.023870352655649189 0.063042636960744872 0.80438071489334118 0.12500000372529033
decision_type=10 10 10 10 10 10 10 8 10 2 10 8 10 10 10 8 10 10 10 10 10 10 2 10 8 10 10 10 10 2
left_child=1 3 -2 28 -5 7 9 -3 -6 10 -7 12 13 -4 -14 16 17 22 -19 23 -21 -22 -13 24 -17 -25 -16 -28 -1 -30
right_child=2 5 11 4 8 6 -8 -9 -10 -11 -12 15 14 -15 26 19 -18 18 -20 20 21 -23 -24 25 -26 -27 27 -29 29 -31
leaf_value=0.00066243233038828315 0.00078147029110514014 -0.0048793254723618548 0.0034349261069842735 0.0083490368724277782 -0.0078903050748363839 0.012337029013343943 -0.0095284893886735094 0.0036472619020452512 -0.00066269981324338636 0.011284902548337333 -0.00043410781347844924 -0.011779991908922306 -0.0039647732633610738 9.0602119915188901e-05 -0.010850296871819227 0.010217144091087788 -0.0062824807232108324 0.00043531614181633791 -0.0011764471134081637 2.0934864491746751e-07 0.015834826850409576 0.0014081969520226062 0.0033406098390278811 0.0031826254296838398 -0.0018009353056035098 -0.00054000072516760067 0.00017583926542494692 0.011036862915198689 0.0020059144393060535 0.011366533800545666
leaf_weight=4569 35778 549 6489 322 537 188 131 1965 10330 1149 512 156 2475 7233 183 251 1047 52453 24061 1677 417 463 6250 2660 33818 66981 4036 392 1439 601
leaf_count=4569 35778 549 6489 322 537 188 131 1965 10330 1149 512 156 2475 7233 183 251 1047 52453 24061 1677 417 463 6250 2660 33818 66981 4036 392 1439 601
internal_value=-6.71189e-06 0.00105228 -0.00010365 0.0002765 -0.000749262 0.00404339 0.0068942 0.00164305 -0.00106125 0.00830776 0.00282661 -0.000255186 0.000791278 0.00169663 -0.000919551 -0.000371297 7.24071e-05 0.000157761 -6.77827e-05 -0.000724661 0.00318212 0.00877775 0.00289019 -0.000824471 -0.00169765 -0.000392632 0.000660285 0.00125009 0.00205539 0.00499284
internal_weight=269112 22292 246820 17798 11189 4494 1980 2514 10867 1849 700 211042 20808 13722 7086 190234 83967 82920 76514 106267 2557 880 6406 103710 34069 69641 4611 4428 6609 2040
internal_count=269112 22292 246820 17798 11189 4494 1980 2514 10867 1849 700 211042 20808 13722 7086 190234 83967 82920 76514 106267 2557 880 6406 103710 34069 69641 4611 4428 6609 2040
is_linear=0
shrinkage=0.03


Tree=52
num_leaves=31
num_cat=0
split_feature=1 47 33 34 32 16 34 57 116 2 125 26 49 52 11 14 35 76 127 47 61 41 122 29 67 35 41 38 8 57
split_gain=28.3965 51.0181 52.3493 69.8402 55.5854 66.2197 60.706 51.4118 59.2397 47.4733 45.8787 44.4694 40.6287 40.1724 50.1391 39.9111 38.5475 37.4348 35.2094 35.119 51.3007 67.26 62.2873 49.8739 46.6315 42.9016 66.6208 60.4123 55.7588 41.8391
threshold=0.05543711036443711 1.1219769120216372 0.88695853948593151 0.66185820102691661 0.0044649750925600537 0.92097771167755138 0.56353273987770092 1.0851718187332156 0.35018749535083776 -0.3142771422863006 0.47586156427860266 0.058552775532007224 0.90110972523689281 0.59931728243827831 0.98633882403373729 0.91952413320541393 0.71501883864402782 0.81666666269302379 -0.27272717654705042 1.0944679379463198 0.9823834002017976 0.04722725227475167 0.37461306154727941 -0.00018738250219030303 0.59910714626312267 0.39381805062294012 0.026584845967590812 0.0064984872005879888 -0.44442062079906458 1.1351611018180849
decision_type=10 10 8 8 10 8 10 10 10 10 10 10 10 8 10 8 10 2 10 8 8 10 8 10 10 10 10 10 10 10
left_child=13 2 4 -4 5 17 11 -3 18 -5 -8 -6 -7 14 -1 -10 -13 -2 -9 -15 25 22 24 -24 -22 29 27 -27 -28 -21
right_child=1 7 3 9 6 12 10 8 15 -11 -12 16 -14 19 -16 -17 -18 -19 -20 20 21 -23 23 -25 -26 26 28 -29 -30 -31
leaf_value=0 -0.020992690159601899 0.0089983386247247457 0.01852188722279299 0.014026675719153864 -0.0006888197419140929 0.012055756493331227 -0.012953654146964443 0.011782931009961077 0.011783050701903129 -0.0034893710562594027 0.0082622808631695813 0.022755873957944681 -0.0027347809721998471 0.00029371800122381689 -0.015953768825628489 -0.002671275098128294 0 -0.0066736309908218472 0.00046185917966795387 -0.0028213589060713832 0.024370979344860814 0.0075747904996354021 -0.00052221424015101887 0.001322655033809578 0 0.00018572418621494661 0.0049770212417521824 0.0067601842536868526 -0.004785417012843826 0.001217647233691584
leaf_weight=460 234 1287 240 159 191 199 249 637 165 597 105 224 652 140430 301 1850 129 974 492 17339 143 1018 67968 16298 156 8365 573 1484 3514 2539
leaf_count=460 234 1287 240 159 191 199 249 637 165 597 105 224 652 140430 301 1850 129 974 492 17339 143 1018 67968 16298 156 8365 573 1484 3514 2539
internal_value=6.02216e-06 0.0017234 -0.0006896 0.00509205 -0.00275892 -0.00551385 0.0032135 0.00393693 0.00172643 7.45271e-05 -0.00575334 0.00957755 0.000576852 -4.82087e-05 -0.00684347 -0.00123608 0.0156758 -0.00998838 0.0072044 -2.66265e-05 -0.000405901 -1.13995e-05 -0.000108039 -0.000161607 0.0131121 -0.00139492 -9.57062e-05 0.00121842 -0.0033261 -0.00228968
internal_weight=268972 8384 3953 996 2957 2059 898 4431 3144 756 354 544 851 260588 761 2015 353 1208 1129 259827 119397 85583 84565 84266 299 33814 13936 9849 4087 19878
internal_count=268972 8384 3953 996 2957 2059 898 4431 3144 756 354 544 851 260588 761 2015 353 1208 1129 259827 119397 85583 84565 84266 299 33814 13936 9849 4087 19878
is_linear=0
shrinkage=0.03


Tree=53
num_leaves=31
num_cat=0
split_feature=28 3 72 109 24 2 48 39 38 17 43 40 54 10 84 49 102 17 18 17 49 33 26 62 6 35 126 74 10 34
split_gain=35.8672 49.8283 49.4915 37.2874 50.5101 65.5635 44.4007 52.1926 52.4751 43.4658 38.5627 35.283 33.8217 36.9851 41.2861 36.7582 39.5334 34.6057 33.7461 33.6055 59.3125 52.4274 33.518 54.8205 52.0755 49.1267 36.6664 38.51 44.446 35.7677
threshold=-0.011023622471839188 0.0066889335867017516 0.58536559343338024 0.68333333730697643 0.031797979027032859 -0.89339140057563771 0.910840004682541 0.024350679479539398 0.017243275418877605 0.90061005949974071 1.021634638309479 -0.050478342920541756 1.0994129180908205 1.029411852359772 -0.45000000298023218 0.99599492549896251 0.5825757384300233 0.68618136644363414 0.96588191390037548 0.8543878197669984 0.82702705264091503 0.92417201399803173 0.094133511185646071 0.69393256306648265 0.38889017701148992 0.69111281633377086 0.35911625623703008 0.25000000745058065 1.0264064669609072 0.58919197320938121
decision_type=10 10 10 2 10 10 10 10 10 10 10 10 10 10 2 10 2 8 10 10 10 10 10 10 10 10 10 2 10 10
left_child=2 3 -1 4 6 -6 9 11 -9 18 -5 -8 13 14 17 16 -15 -4 -2 21 -21 -7 23 24 -3 26 27 -24 -29 -28
right_child=1 22 12 10 5 19 7 8 -10 -11 -12 -13 -14 15 -16 -17 -18 -19 -20 20 -22 -23 25 -25 -26 -27 29 28 -30 -31
leaf_value=0.00041867545417323149 0.017736284521197784 -0.012635141323165348 0.021286820874537354 0.0021646573941292982 -0.01019224756888411 -0.0045451944274855997 0.0091788925299391838 -0.0043101813774684963 0.0029292881568121214 0 0.014011526705804639 0.00023599376661779389 -0.0066515992318715847 0.017171127211403858 5.1487180712987242e-05 -0.00086939850890989953 0.00097821443508368288 0.0048544166958761625 0.00029619188180991579 0.010530095929290157 -0.00063562586008818949 0.00525215132811435 0.0083475952808988625 -0.00090924973391059679 0.0044486456277143009 -0.0032499090795331657 0.017173932503383407 -0.0063496208880002604 0.0083600405673046937 0
leaf_weight=18943 336 646 134 1810 767 3804 380 4191 1080 533 292 162070 214 536 1943 176 237 1061 190 435 7231 520 552 58358 170 879 345 574 239 140
leaf_count=18943 336 646 134 1810 767 3804 380 4191 1080 533 292 162070 214 536 1943 176 237 1061 190 435 7231 520 552 58358 170 879 345 574 239 140
internal_value=-2.66879e-05 -0.000134433 0.00109774 0.000112264 6.43615e-05 -0.00175187 0.000203608 0.000162726 -0.00276469 0.00627725 0.00406829 0.000259887 0.00400336 0.00466399 0.00292174 0.00993617 0.0127346 0.00726403 0.0122277 -0.00117089 0 -0.00327916 -0.00087092 -0.0010246 -0.00869589 0.00233539 0.00515597 0.00228765 -0.00156834 0.0122243
internal_weight=268786 245542 23244 183639 181537 12757 168780 167721 5271 1059 2102 162450 4301 4087 3138 949 773 1195 526 11990 7666 4324 61903 59174 816 2729 1850 1365 813 485
internal_count=268786 245542 23244 183639 181537 12757 168780 167721 5271 1059 2102 162450 4301 4087 3138 949 773 1195 526 11990 7666 4324 61903 59174 816 2729 1850 1365 813 485
is_linear=0
shrinkage=0.03


Tree=54
num_leaves=31
num_cat=0
split_feature=38 12 39 19 14 95 70 124 116 27 70 46 55 38 32 17 37 19 39 73 27 24 38 53 55 41 50 39 0 85
split_gain=40.6436 39.0582 55.0188 45.6763 91.9074 41.6846 54.6489 38.9803 61.0162 50.2468 45.0064 37.8805 51.9745 80.111 69.7273 66.1887 45.2513 42.5151 36.0645 34.7304 34.1112 39.9066 37.5026 35.3807 34.2831 33.3603 41.6216 35.8258 57.2212 42.1822
threshold=-0.00098554778378456809 0.99374473094940197 -0.0044462259393185368 0.95062643289566051 0.89303788542747509 0.11791338026523591 0.63636377453804027 0.26315858960151678 0.57738092541694652 0.11576691269874574 0.91176483035087597 1.1084714531898501 1.0973340868949892 0.016385012306272987 0.0076855258084833631 0.69693449139595043 0.92701351642608654 0.9708562195301057 0.00070018769474700104 0.90000000596046459 0.076895646750926985 0.011096307076513769 -0.024529799818992611 1.0490077733993532 1.0121317505836489 -0.029366616159677502 0.70271128416061412 0.038371387869119651 0.032258069142699249 0.87500000000000011
decision_type=8 10 10 10 8 10 10 10 10 10 10 10 10 10 8 8 10 10 10 10 10 10 10 10 10 8 8 10 10 2
left_child=1 2 -1 7 5 -5 -7 -3 19 10 -10 25 13 14 16 -15 18 -17 -13 -9 22 24 -6 -23 -22 -2 -27 28 -28 -29
right_child=11 3 -4 4 20 6 -8 8 9 -11 -12 12 -14 15 -16 17 -18 -19 -20 -21 21 23 -24 -25 -26 26 27 29 -30 -31
leaf_value=-0.0013747493490322998 0.0016855604237750006 0.0063609420746933059 0.0051106955418136219 -0.00024302954719463123 -0.0077189083941700022 0.0025416155250832851 0.019074146589168669 -0.00098324793382143622 0.0026379764349151393 -0.017097091726184392 -0.0081364879877032364 -0.00097675766337007542 0.00083054633018040411 0.021012929730738199 -0.019723737917743015 -0.0082000854750097323 0.010219428368847861 0.0035981562374198324 -0.0035897064078386155 -0.018483770688394484 -0.00072820059172468035 0.00060727271213056682 0.00019186552363709204 0.0043930908255237237 0.014859874107773535 -0.010473232859364386 -5.9779461115701352e-05 0.0018890989233152494 -0.0033870717332277343 0.015179968572776302
leaf_weight=1647 9382 281 3570 269 521 374 461 192 1249 158 459 8682 8124 160 195 295 227 1764 11680 375 137 11594 95514 2819 352 333 101080 1622 4869 247
leaf_count=1647 9382 281 3570 269 521 374 461 192 1249 158 459 8682 8124 160 195 295 227 1764 11680 375 137 11594 95514 2819 352 333 101080 1622 4869 247
internal_value=5.55917e-05 0.000467245 0.00300853 0.000348595 0.000444383 0.00899095 0.0122527 -0.00347036 -0.00477073 -0.00190513 -0.000144552 -0.000274623 -0.00120504 -0.00193708 -0.00252431 0.0034026 -0.00232787 0.00170086 -0.00249236 -0.0133042 0.000355022 0.00169135 0.000144227 0.00137358 0.0100463 -2.54996e-05 -0.00017699 -0.000140471 -0.00021613 0.00394651
internal_weight=268632 119972 5217 114755 112041 1104 835 2714 2433 1866 1708 148660 31127 23003 20784 2219 20589 2059 20362 567 110937 14902 96035 14413 489 117533 108151 107818 105949 1869
internal_count=268632 119972 5217 114755 112041 1104 835 2714 2433 1866 1708 148660 31127 23003 20784 2219 20589 2059 20362 567 110937 14902 96035 14413 489 117533 108151 107818 105949 1869
is_linear=0
shrinkage=0.03


Tree=55
num_leaves=31
num_cat=0
split_feature=46 82 61 25 12 43 81 51 115 35 13 17 118 114 0 37 12 111 40 125 17 115 52 18 15 13 76 38 45 94
split_gain=31.3189 30.8297 28.308 114.769 73.8555 61.3494 58.5383 50.2219 49.1845 42.4762 69.4986 39.9135 38.9071 35.4712 31.9899 31.4772 41.8131 41.4415 41.9746 37.0663 38.6116 49.5845 36.9946 72.7061 39.8762 31.4925 30.3455 29.6039 28.3675 26.133
threshold=1.0083910822868349 0.92500001192092907 0.78723517060279857 0.049357097595930106 0.99160432815551769 1.0048943161964419 0.050000002607703216 0.68984845280647289 0.64044916629791271 0.50727647542953502 0.96610167622566234 0.79018899798393261 0.13043452054262164 0.63731122016906749 0.016438348218798641 0.72929561138153087 0.98179239034652721 -0.28285714983940119 0.027970018796622757 -0.39644974470138544 1.0735219717025759 0.62948206067085277 0.63883095979690563 1.0198744535446169 1.075668513774872 1.1154526472091677 0.31666667759418493 -0.005184412468224763 1.0448129773139956 0.26963458955287939
decision_type=8 2 8 10 10 10 2 8 10 10 10 8 10 10 10 8 10 2 10 10 10 10 10 10 10 10 2 8 10 10
left_child=1 -1 3 5 13 -2 -6 8 28 12 -11 -7 -8 -5 -15 19 17 29 -19 26 25 -22 23 -18 -24 -21 27 -9 -4 -17
right_child=2 -3 7 4 6 11 9 15 -10 10 -12 -13 -14 14 -16 16 22 18 -20 20 21 -23 24 -25 -26 -27 -28 -29 -30 -31
leaf_value=0.00095459299379376775 -0.0013619713274346404 0.01240044791949913 0.011542988020512792 0.0013504161684804734 -0.0090841070652151329 0.029200976226723147 0.012158924888794284 0.0032612528152088384 -0.015525984865054488 0.0018097520445179223 0.015857318018479321 0.003461603395416772 -0.004877810233510806 0 -0.01806185020217756 0.0052623651011760803 -0.0089091362209843799 0.0060172614301517661 -0.0059082857063228215 -0.00017624608050625235 -0.0017062201585860567 0.0031104911539196066 0.0008591297378547063 0.0078023565940659586 -0.0012918807895037324 -0.0072455818387553569 0.0031415667242967143 -0.00057985049623734345 -0.0080698784625480979 0.025423318334444833
leaf_weight=22401 101 199 115 161 292 233 128 2258 355 863 547 113 566 108 313 207 928 872 339 138037 28960 2001 45236 276 9250 552 4621 8492 101 123
leaf_count=22401 101 199 115 161 292 233 128 2258 355 863 547 113 566 108 313 207 928 872 339 138037 28960 2001 45236 276 9250 552 4621 8492 101 123
internal_value=1.0233e-05 0.00107951 -8.68038e-05 0.00260957 0.000335731 0.0164528 0.00277152 -0.000126299 -0.008867 0.00462817 0.00761476 0.022263 -0.00106285 -0.00895261 -0.0134555 -0.000103719 0.000509076 0.00536606 0.00239344 -0.000295029 -0.000424229 -0.00138343 0.000367415 -0.00476827 0.000488112 -0.000207609 0.00110931 0.000203663 0.00119427 0.0146574
internal_weight=268748 22600 246148 3425 2978 447 2396 242723 571 2104 1410 346 694 582 421 242152 57231 1541 1211 184921 169550 30961 55690 1204 54486 138589 15371 10750 216 330
internal_count=268748 22600 246148 3425 2978 447 2396 242723 571 2104 1410 346 694 582 421 242152 57231 1541 1211 184921 169550 30961 55690 1204 54486 138589 15371 10750 216 330
is_linear=0
shrinkage=0.03


Tree=56
num_leaves=31
num_cat=0
split_feature=61 72 125 103 138 34 34 29 49 7 17 73 17 29 17 13 61 57 35 56 87 73 46 118 98 6 6 125 35 35
split_gain=34.472 46.1774 58.0315 34.7933 38.0531 37.3377 35.7829 33.5319 52.4129 55.804 45.1508 37.3986 86.3918 52.0518 37.1118 36.3762 34.906 38.5425 32.3362 65.1518 34.4106 30.6109 29.3983 29.3222 31.4804 29.0751 28.818 37.127 51.9246 33.123
threshold=1.060769319534302 0.071038354188203826 -0.41687238216400141 0.77500000596046459 0.72107940912246715 0.56759423017501842 0.87806189060211193 -0.0034632030874490734 0.98130092024803173 -0.02184702921658754 1.2703599929809573 0.30000000447034841 0.68618136644363414 -0.006529302103444933 1.286414682865143 1.0642110109329226 1.0275523662567141 1.1698613166809084 0.68380877375602733 1.0993610024452212 0.37500000000000006 0.70000001788139354 1.1844670176506045 0.84210535883903515 0.36666667461395269 0.29629565775394445 0.58333584666252147 0.48611135780811315 0.48446197807788854 0.14411563426256183
decision_type=8 10 10 2 10 10 10 8 10 10 8 10 8 10 10 10 10 10 10 10 2 10 8 10 2 10 10 10 8 8
left_child=7 3 -3 22 5 -5 -6 8 9 10 15 -11 -13 -14 18 -1 17 26 19 20 -10 -19 -2 24 -16 -23 27 28 -9 -28
right_child=1 2 -4 4 6 -7 -8 16 14 11 -12 12 13 -15 23 -17 -18 21 -20 -21 -22 25 -24 -25 -26 -27 29 -29 -30 -31
leaf_value=-0.015460295212941002 -0.0036625351445709769 0.011103696664376692 0.0011895718590736867 -0.018845866932571849 -0.0017444872723236418 -0.0030340886027692255 0.0070450166280774792 -8.3219938065051585e-05 -0.00074493941420754133 -0.0023945567190444151 0.0019430700690305281 0.021081573301926254 0.0025114629773352434 -0.0019920244122330899 -0.022015930025645808 0 -0.0037759058814705211 0.0046403194159631072 0.0015190742622711211 -0.0052041182231511197 0.0017879715295059384 -0.0026598545435543158 0.0067906090847813568 0.00032938117912302464 -0.00064605862288395072 0.0042721300373201425 0.0011782536447451097 -0.0014159406510051468 0.00099541679788639936 -0.0016853145169254222
leaf_weight=601 262 976 1319 163 1265 861 581 94783 14410 13900 228 152 3547 6446 159 179 1978 3095 11511 2288 7214 1375 1008 171 144 873 4708 11119 69109 14497
leaf_count=601 262 976 1319 163 1265 861 581 94783 14410 13900 228 152 3547 6446 159 179 1978 3095 11511 2288 7214 1375 1008 171 144 873 4708 11119 69109 14497
internal_value=2.89292e-05 0.00219529 0.00559487 0.000220787 -0.00153268 -0.00615117 0.000906961 -2.32005e-05 -0.000640655 -0.00169373 -0.00859791 -0.00138493 0 -0.000361734 8.64815e-05 -0.0120257 0.00016209 0.000203001 0.000208505 -0.000410596 8.70777e-05 0.00271473 0.00437823 -0.00806456 -0.0134576 0 0.000132085 0.000254529 0.000369849 -0.000967226
internal_weight=268922 6435 2295 4140 2870 1024 1846 262487 60950 25053 1008 24045 10145 9993 35897 780 201537 199559 35423 23912 21624 5343 1270 474 303 2248 194216 175011 163892 19205
internal_count=268922 6435 2295 4140 2870 1024 1846 262487 60950 25053 1008 24045 10145 9993 35897 780 201537 199559 35423 23912 21624 5343 1270 474 303 2248 194216 175011 163892 19205
is_linear=0
shrinkage=0.03


Tree=57
num_leaves=31
num_cat=0
split_feature=1 116 38 17 27 41 39 2 65 34 61 36 86 3 80 53 48 107 17 81 22 42 76 26 59 38 12 10 35 62
split_gain=31.9226 56.3816 42.5135 43.1108 50.8514 38.5505 57.4178 43.4821 58.9906 36.6616 50.9221 69.8791 43.5121 40.634 37.058 35.9569 35.8529 60.3634 48.2869 38.8096 45.2906 36.2498 55.4696 35.4866 35.2266 35.1938 34.1696 34.0568 33.3722 62.9332
threshold=0.05543711036443711 0.34343452751636511 -0.018076949752867218 0.75244280695915233 0.068110954016447081 -0.0023349295370280738 -0.013340994715690611 0.10810704529285432 0.86754387617111217 0.4252918958663941 0.92425450682640087 0.51295584440231334 0.78333333134651195 0.0054535083472728738 0.12500000372529033 0.97657832503318798 0.9811072349548341 0.53158244490623485 0.65312957763671886 0.050000002607703216 0.84905132651329052 0.0088807907886803168 0.58333334326744091 0.046960547566413886 0.8613899052143098 -0.0069620234426110974 1.0037233233451845 1.0182828307151797 0.6948332190513612 0.98972180485725414
decision_type=8 8 8 8 10 8 8 10 10 10 10 10 2 10 2 8 8 2 8 2 10 10 2 10 10 10 10 10 10 10
left_child=2 -2 3 -1 -5 16 7 8 25 10 11 -8 13 -11 -14 -12 17 19 -18 23 -21 22 -20 -4 -9 -7 -23 -10 29 -3
right_child=1 28 5 4 -6 6 9 24 27 12 15 -13 14 -15 -16 -17 18 -19 21 20 -22 26 -24 -25 -26 -27 -28 -29 -30 -31
leaf_value=-0.011624945092270241 0.0079735584488229583 0.0038114020224340778 -0.00061881387392686475 -0.0054658321935043526 0.0022575937451042027 5.1534626628098333e-05 0.010059220849043586 -0.016081776840299586 0.0048787388002721633 -0.00012188448249459936 -0.0049029310614910884 0.0009501509619691212 -0.00077171299614148497 -0.0019294255466299477 0.0028023309562893004 0.00057286973317517828 0.015422533522043261 -0.0035085742277763507 -0.00040908378080247072 0.0048870330653809019 -0.00026874701747987172 -0.00038733300153830373 0.0013556700027523116 -0.0051839715848735089 -0.00018685185737391135 0.0041014095113272126 -0.0037326533801493606 0.016900977522143482 -0.0024555197286179947 -0.0037068373775124269
leaf_weight=478 1150 4258 4040 1611 1367 3595 1193 117 677 35438 1070 2264 4146 16620 6542 58327 161 7874 48381 1649 18348 8117 23874 2645 2065 4576 4334 408 1968 1254
leaf_count=478 1150 4258 4040 1611 1367 3595 1193 117 677 35438 1070 2264 4146 16620 6542 58327 161 7874 48381 1649 18348 8117 23874 2645 2065 4576 4334 408 1968 1254
internal_value=2.49864e-05 0.00181852 -3.35452e-05 -0.00332932 -0.00182905 9.95423e-06 0.000354428 0.00238939 0.00329565 0.000166371 0.000679979 0.00421972 -0.000343394 -0.000705239 0.00138905 0.00046756 -0.000382811 -0.00119748 -4.7356e-05 -0.000502118 0.000145882 -8.39339e-05 0.000170077 -0.00247989 -0.00131371 0.00236069 -0.00157996 0.00989511 0.000813479 0.00203953
internal_weight=268547 8630 259917 3456 2978 256461 137038 11438 9256 125600 62854 3457 62746 52058 10688 59397 119423 34556 84867 26682 19997 84706 72255 6685 2182 8171 12451 1085 7480 5512
internal_count=268547 8630 259917 3456 2978 256461 137038 11438 9256 125600 62854 3457 62746 52058 10688 59397 119423 34556 84867 26682 19997 84706 72255 6685 2182 8171 12451 1085 7480 5512
is_linear=0
shrinkage=0.03


Tree=58
num_leaves=31
num_cat=0
split_feature=2 34 14 28 11 140 109 55 49 40 35 86 150 126 1 41 83 23 23 26 10 37 26 78 71 79 61 125 37 8
split_gain=26.949 50.1285 44.4256 56.6753 48.1105 40.201 39.0299 49.8413 71.3721 57.2742 37.0463 40.8444 33.4853 33.3831 51.9108 40.406 35.1713 32.5815 31.2983 31.2771 34.8754 35.6871 75.3798 48.3572 54.0897 48.0883 81.3596 45.7061 44.6162 41.9455
threshold=-0.40000115334987635 0.69236642122268688 1.0641456842422488 -0.016712787561118599 0.9964757263660432 1.3122121691703799 0.61250001192092907 0.96834194660186779 0.89133474230766307 -0.0067108373623341313 0.757959544658661 0.25000000745058065 0.46773451566696173 0.29949232935905462 0.027183641679584983 -0.080652263015508638 -0.70000001788139332 0.042193090543150909 0.02550370525568724 0.027450336143374447 1.0233086943626406 0.72602909803390514 0.094133511185646071 0.30000000447034841 0.8866994082927705 0.55000001192092907 0.87436231970787059 0.48611135780811315 0.81064912676811229 0.90476197004318248
decision_type=10 10 10 8 10 10 2 8 8 10 10 2 10 10 8 10 10 10 10 10 10 10 10 10 10 2 10 10 10 10
left_child=1 2 3 5 -4 12 7 -3 9 -9 11 -10 -1 14 18 -15 -16 -14 -5 -2 21 23 29 25 -25 -21 -27 -26 -24 -23
right_child=19 6 4 13 -6 -7 -8 8 10 -11 -12 -13 17 15 16 -17 -18 -19 -20 20 -22 22 28 24 27 26 -28 -29 -30 -31
leaf_value=0 0.00019854050389091335 -0.0053533853093897443 0.00017353190527398516 0.00047415759927194219 -0.0060361543585711929 -0.0013343006124099095 0.011881883075281032 0 -0.00047374836397206025 0.019122593864045377 0.0033190865289718222 0.0029663628744302914 0.015074520463202949 0.019653898745202101 0.0011101424862669388 0.0021665772085881557 -0.0030285461708160527 0 -0.0060265774257310884 -0.0030596010868332055 0.0018886197592332819 -0.00055134491062567995 0.018819740662190991 -0.000924365367987924 0.0042122336892077205 0.013121779973035772 -0.00081536920077071183 -0.0016780099177433289 0.00037807983848297459 0.0027705153695371169
leaf_weight=283 93113 879 2104 38747 2183 412 320 206 9777 359 6746 4465 634 110 2289 3301 7760 155 653 16040 4821 21699 288 37734 3615 397 3735 1659 249 4039
leaf_count=283 93113 879 2104 38747 2183 412 320 206 9777 359 6746 4465 634 110 2289 3301 7760 155 653 16040 4821 21699 288 37734 3615 397 3735 1659 249 4039
internal_value=7.78491e-06 0.000464621 0 0.000233018 -0.00293222 0.00597779 0.00165918 0.00148953 0.00178722 0.012198 0.00148133 0.000586371 0.00903573 6.38657e-05 -0.000128828 0.00292924 -0.00205569 0.0121432 0.000355804 -0.000189046 -0.000574994 -0.000711511 0.000207988 -0.0010986 -0.000520693 -0.00231414 0.000508206 0.00230338 0.0111278 -1.66604e-05
internal_weight=268772 81383 58631 54344 4287 1484 22752 22432 21553 565 20988 14242 1072 52860 49449 3411 10049 789 39400 187389 94276 89455 26275 63180 43008 20172 4132 5274 537 25738
internal_count=268772 81383 58631 54344 4287 1484 22752 22432 21553 565 20988 14242 1072 52860 49449 3411 10049 789 39400 187389 94276 89455 26275 63180 43008 20172 4132 5274 537 25738
is_linear=0
shrinkage=0.03


Tree=59
num_leaves=31
num_cat=0
split_feature=77 77 76 14 35 28 28 15 21 53 86 15 84 120 30 16 123 25 42 28 119 23 43 41 34 47 17 8 28 3
split_gain=30.5776 51.932 48.9705 45.72 86.852 53.6332 42.4575 67.0129 44.7907 46.3052 40.6863 39.4532 36.8619 35.6057 37.3771 45.6749 62.3445 34.9436 74.2721 44.8562 34.6442 34.2154 45.8907 43.978 47.827 34.5051 34.2125 36.6456 33.043 44.867
threshold=0.091666668653488173 0.27500000596046453 0.050000002607703216 0.91048598289489757 0.64244875311851513 0.011890053283423187 0.01345943007618189 0.88399702310562145 0.98759004473686229 0.98318874835968029 -0.88333332538604725 0.94611799716949474 0.45000000298023229 0.71904045343399059 -0.0013398790615610776 0.95601308345794689 0.62069112062454235 0.021410082466900352 -0.082752745598554597 -0.0094982255250215513 0.28205128014087683 0.0044956123456358918 1.0222705006599428 0.015354646835476162 0.62570485472679149 1.1482904553413393 1.0972521305084231 -0.16666009277105329 0.003138694330118597 0.0087051130831241625
decision_type=2 2 2 8 10 10 10 8 10 8 2 8 2 8 10 10 10 10 10 10 10 10 10 10 10 10 8 10 8 10
left_child=6 2 21 4 -4 -6 7 26 9 -9 -3 -10 -8 14 15 16 -12 18 -16 -19 -17 -2 -23 25 -25 -24 -1 -28 29 -13
right_child=1 10 3 -5 5 -7 12 8 11 -11 13 28 -14 -15 17 20 -18 19 -20 -21 -22 22 23 24 -26 -27 27 -29 -30 -31
leaf_value=0.0014409791351335376 0.0089013581805211187 -0.0022339388113669194 0.011664106151663769 0.00036751481250530066 0.0048801917350647268 -0.016519701282747767 -0.0011963232998245807 0.0050281978863134773 0.010743935137653909 -0.0025381917695786989 -0.0053411644425662777 -0.00011892462890140612 -0.0092488005361744362 0.0023307048446497979 0.016315006326495421 -0.0067809644710193394 0.0054376076417062911 0.0018637841772977915 0.00070864039846165404 -0.00065125988119452496 -0.00035319120925191781 0.00027035272040918626 -0.0018724154437031188 0.01613286198656912 -0.00025422488590986066 0.0049924481430155534 0 0.016181165068175962 0.001549233860754331 -0.0030092418418340813
leaf_weight=737 825 7533 832 37612 180 178 1378 729 278 12715 3516 31037 913 5763 258 758 516 7353 50160 45954 36792 4591 827 520 177 2338 146 414 7912 5764
leaf_count=737 825 7533 832 37612 180 178 1378 729 278 12715 3516 31037 913 5763 258 758 516 7353 50160 45954 36792 4591 827 520 177 2338 146 414 7912 5764
internal_value=0 0.000175332 0.00103928 0.000560849 0.00631649 -0.00527741 -0.000584074 -0.000424021 -0.000579359 -0.00209876 -8.47779e-05 -0.000117942 -0.00458745 2.06844e-05 -6.91768e-05 -0.000830466 -0.00386767 0.000233224 0.000800887 -0.000298148 -0.000494471 0.00300238 0.00237159 0.00477793 0.011662 0.00310401 0.0062493 0.0117923 -0.000196955 -0.00058116
internal_weight=268706 206683 48080 38802 1190 358 62023 59732 58435 13444 158603 44991 2291 151070 145307 41582 4032 103725 50418 53307 37550 9278 8453 3862 697 3165 1297 560 44713 36801
internal_count=268706 206683 48080 38802 1190 358 62023 59732 58435 13444 158603 44991 2291 151070 145307 41582 4032 103725 50418 53307 37550 9278 8453 3862 697 3165 1297 560 44713 36801
is_linear=0
shrinkage=0.03


Tree=60
num_leaves=31
num_cat=0
split_feature=20 123 49 119 123 3 9 9 49 18 23 38 62 81 16 46 40 39 81 43 74 55 38 27 37 119 84 78 119 122
split_gain=28.1995 51.1575 50.3083 40.6675 39.7917 48.7044 39.3057 36.6144 55.5516 53.0038 43.5607 33.6643 50.1689 40.5835 69.1305 31.2352 68.1404 75.2423 61.4361 44.5691 40.1585 44.515 43.7684 36.612 47.1703 35.0907 41.761 34.8505 31.2448 29.6973
threshold=0.89583763480186474 -0.16279028356075284 0.82702705264091503 0.16666616499423983 0.62829509377479564 0.0072815571911633023 1.0487386584281924 0.98466983437538158 0.85023897886276256 0.95185223221778881 0.031911902129650123 0.017243275418877605 0.69393256306648265 0.38333334028720861 0.98294278979301464 1.1148419380187991 -0.029389866627752777 -0.032101312652230256 0.61666667461395275 1.0514379143714907 0.45000000298023229 1.0925179719924929 -0.0082619679160416109 0.05463222227990628 0.071341931819915785 0.80808064341545116 0.45000000298023229 0.5000000149011613 0.37958979606628424 0.34347823262214666
decision_type=8 10 8 10 10 10 10 10 10 10 10 10 10 2 8 10 8 8 2 10 2 10 10 10 10 10 2 10 10 10
left_child=1 -1 4 6 -2 -6 -3 8 -5 -10 -9 15 -13 29 -15 16 23 28 25 -19 21 -20 -22 27 -25 26 -17 -4 -18 -14
right_child=2 3 11 7 5 -7 -8 10 9 -11 -12 12 13 14 -16 18 17 19 20 -21 22 -23 -24 24 -26 -27 -28 -29 -30 -31
leaf_value=0.011358742179083161 0.00016839832323068088 -0.0012894102423677777 -0.0084190866138423026 -0.016323124915124408 0.0201925477580003 0 0.015145304034602767 0.008709156604691539 0.012757642099597049 -0.010103373020390669 -0.0052310944477153886 0.014720095545491604 0.0067032740677297623 0.012762102722374852 0.0015143116904120749 -0.0035664904490203811 -0.0028793161597468276 6.3011870167629586e-05 -0.0017178731263864909 -0.0025562552962071746 0.0062616498824172254 0.00070799424578023794 0.00061557544957262483 0.013581448254295655 0.0030267296495787304 0.0025199931345787656 0.0008345688895713847 0.0011474171118137065 -0.014310961152370648 -0.0034686771835356826
leaf_weight=200 502 1804 334 567 286 186 121 222 132 205 981 259 269 578 3391 11277 607 186786 14845 6014 1597 12334 5952 414 5833 1130 2208 7569 426 1715
leaf_count=200 502 1804 334 567 286 186 121 222 132 205 981 259 269 578 3391 11277 607 186786 14845 6014 1597 12334 5952 414 5833 1130 2208 7569 426 1715
internal_value=-3.67108e-05 -0.00246048 1.11671e-06 -0.00327267 0.00673861 0.0128258 0 -0.00613281 -0.0107314 -9.55107e-05 -0.00231293 -2.31553e-05 0.00215389 0.00150948 0.00328329 -7.70396e-05 8.26705e-05 -6.26324e-05 -0.000756063 -1.73916e-05 -6.0099e-05 -0.000606258 0.00186303 0.00209154 0.00381519 -0.00238696 -0.00282349 0.000685017 -0.0080608 -0.00188668
internal_weight=268744 4232 264512 4032 974 472 1925 2107 904 337 1203 263538 6212 5953 3969 257326 207983 193833 49343 192800 34728 27179 7549 14150 6247 14615 13485 7903 1033 1984
internal_count=268744 4232 264512 4032 974 472 1925 2107 904 337 1203 263538 6212 5953 3969 257326 207983 193833 49343 192800 34728 27179 7549 14150 6247 14615 13485 7903 1033 1984
is_linear=0
shrinkage=0.03


Tree=61
num_leaves=31
num_cat=0
split_feature=33 18 83 74 25 14 37 37 6 1 15 114 11 27 56 121 7 132 111 68 91 14 88 34 81 23 56 34 28 112
split_gain=30.0643 37.8604 36.3743 41.0374 57.0806 59.7171 40.6076 36.1155 46.3355 38.3478 37.4382 39.8868 65.6448 42.3916 35.0554 55.8426 56.3503 35.4105 33.5518 30.3047 33.4197 27.9699 29.2814 27.1904 34.9626 26.0534 27.5813 26.1873 25.4047 25.3676
threshold=0.37481763958930975 1.0169237256050112 -0.70000001788139332 0.84999999403953563 0.03688375651836396 0.97736284136772167 0.52670252323150646 0.72929561138153087 0.1111133173108101 0.013000027276575567 1.0354083776474001 0.42580054700374609 0.98050460219383251 0.123217660933733 0.98458746075630199 0.32885080575942999 0.027397309429943565 0.83666142821311962 1.0000000180025095e-35 0.26316021382808691 0.2707012295722962 0.98097828030586254 0.47264556586742407 0.26966060698032385 0.91666665673255932 0.016699305735528473 1.0974444150924685 0.26487801969051367 -0.0063130448106676331 0.084039550274610533
decision_type=10 10 10 2 10 10 10 10 10 10 10 10 8 10 10 10 10 10 2 10 10 10 8 10 2 8 10 8 10 2
left_child=1 7 -3 19 -5 6 -6 9 18 -1 11 12 -10 -13 15 16 -11 -17 21 28 -21 -9 -23 -12 -25 26 -16 -27 -4 -2
right_child=29 2 3 4 5 -7 -8 8 10 14 23 13 -14 -15 25 17 -18 -19 -20 20 -22 22 -24 24 -26 27 -28 -29 -30 -31
leaf_value=0.00047090629326540192 6.5497643457941091e-05 0.0042396035938494277 -0.011486892951891365 -0.0056533909672672137 0.01358060740026217 0.024041933716592811 -0.0076320345073604724 0 0.013921882597573107 0 0.00059401780877089429 0.00022586277411964169 0.0015139268342420939 -0.011115469022843877 -0.0017873881572264064 0.0065594685745259482 -0.012123800472314046 0.00063253621473331962 0 -0.0058590168494400885 0.0072785776328548489 0.003461521117171421 0.0096791190728272285 -0.0075691342242647846 -0.00066135590846717787 0.0035961527424136536 0.0011098312518585905 -0.00076434592776233239 -0.0045860187529465453 0.00096996675357038605
leaf_weight=21902 133355 518 740 401 117 144 174 916 483 1424 1527 6722 1978 289 37617 1647 442 2283 2564 324 326 2383 1143 1399 1436 1783 3065 3757 2368 35578
leaf_count=21902 133355 518 740 401 117 144 174 916 483 1424 1527 6722 1978 289 37617 1647 442 2283 2564 324 326 2383 1143 1399 1436 1783 3065 3757 2368 35578
internal_value=1.28344e-05 -0.000398575 -0.00291406 -0.00380057 0.00191907 0.00950067 0.000257005 -0.000259121 0.000837555 -0.000572503 -0.000149341 0.000886601 0.00416265 -0.000229258 -0.0010176 0.00115149 -0.00301925 0.003213 0.00282385 -0.00515579 0.000302815 0.00439589 0.00560486 -0.00246111 -0.00420439 -0.00129647 -0.0015613 0.000592973 -0.00638793 0.000257851
internal_weight=268805 99872 5112 4594 836 435 291 94760 20840 73920 13834 9472 2461 7011 52018 5796 1866 3930 7006 3758 650 4442 3526 4362 2835 46222 40682 5540 3108 168933
internal_count=268805 99872 5112 4594 836 435 291 94760 20840 73920 13834 9472 2461 7011 52018 5796 1866 3930 7006 3758 650 4442 3526 4362 2835 46222 40682 5540 3108 168933
is_linear=0
shrinkage=0.03


Tree=62
num_leaves=31
num_cat=0
split_feature=33 17 128 14 106 28 39 24 40 40 11 5 47 48 117 81 35 117 77 77 141 77 58 81 3 25 21 37 71 23
split_gain=31.6955 45.8267 61.6549 58.4444 58.3823 52.2557 50.7619 57.4009 50.7317 49.9343 45.0162 38.8109 36.1816 34.3298 33.2727 33.7858 31.2214 35.8346 30.9275 45.4101 30.4262 29.757 52.4849 34.8203 33.4828 31.3363 35.3243 33.5973 29.4117 28.8628
threshold=0.61080908775329601 0.67235308885574352 0.9657064974308015 0.91378578543663036 0.5313725769519807 -0.0023738838499411936 0.035639274865388877 0.030327571555972103 0.034592092037200935 -0.050478342920541756 0.95634523034095775 0.010588233359158041 1.0553590059280398 0.98804235458374035 0.53011515736579906 0.083333335816860213 0.65375575423240673 0.64446628093719494 0.32500000298023229 0.091666668653488173 1.2898845076560976 0.091666668653488173 0.96632295846939098 0.083333335816860213 0.0079455501399934309 0.032503014430403716 0.98759004473686229 0.23837120831012729 0.73333296179771434 0.014489838853478433
decision_type=8 8 10 8 2 10 8 10 8 10 10 10 10 10 10 2 10 10 2 2 10 2 8 2 8 10 10 10 10 10
left_child=1 2 5 4 10 -1 7 9 11 -5 16 12 -8 -11 15 -9 -3 -18 19 -6 -16 22 23 -2 25 26 -24 -27 -7 -26
right_child=21 3 -4 6 18 28 8 14 -10 13 -12 -13 -14 -15 20 -17 17 -19 -20 -21 -22 -23 24 -25 29 27 -28 -29 -30 -31
leaf_value=0.018687199463289398 0.0060385256144991385 0.0018759658825171326 -0.010378111303081394 0.0085571265770340698 0.0014888874483876861 -0.010573395007622862 -0.0015357157577058551 -0.0090577306993439299 -0.00059471104022307958 -0.00061050621248608474 0.0028595340323921696 0 0.014245912574603149 0.00044900049151975829 -0.0066651210754441192 -0.00062574146845822216 -0.019641472332153187 0 0.0027608087032212542 0.027200226221124037 -0.0010862746238990181 0.00062001563443499902 -0.0026573991754772625 -0.0047749621868620864 -0.0045777507604083728 -0.0031908519183692771 0.00076196393668724485 0.0047742351415320993 0.0045851217317854015 0
leaf_weight=114 251 173 896 556 130 201 114 447 967 88770 3608 329 722 39555 2554 7021 192 102 275 184 1567 92219 3425 3291 2359 522 12849 2576 193 2611
leaf_count=114 251 173 896 556 130 201 114 447 967 88770 3608 329 722 39555 2554 7021 192 102 275 184 1567 92219 3425 3291 2359 522 12849 2576 193 2611
internal_value=-2.3688e-06 -0.000296273 -0.00566177 -0.000242321 0.0030485 0.00216666 -0.000352468 -0.000424404 0.00420763 -0.000239787 0.00165875 0.0083897 0.0117578 -0.000281566 -0.00244773 -0.00119335 -0.00673886 -0.0125601 0.0118007 0.0181802 -0.00463172 0.000358933 -0.000493603 -0.00389485 0 0.000568041 2.15401e-05 0.00332408 -0.0025606 -0.00218747
internal_weight=268773 148670 1404 147266 4664 508 142602 140470 2132 128881 4075 1165 836 128325 11589 7468 467 294 589 314 4121 120103 27884 3542 24342 19372 16274 3098 394 4970
internal_count=268773 148670 1404 147266 4664 508 142602 140470 2132 128881 4075 1165 836 128325 11589 7468 467 294 589 314 4121 120103 27884 3542 24342 19372 16274 3098 394 4970
is_linear=0
shrinkage=0.03


Tree=63
num_leaves=31
num_cat=0
split_feature=120 46 55 23 52 38 27 44 113 13 45 17 58 20 46 29 48 23 18 16 68 83 40 10 7 47 86 117 139 17
split_gain=31.1355 47.2509 36.4063 45.1938 34.2297 33.1441 50.6147 50.3228 55.1908 47.7352 60.97 49.164 46.3401 64.1594 45.6334 39.7485 34.3928 31.7643 30.4709 29.313 46.4728 36.5583 41.1992 33.3378 36.2619 53.6679 29.0396 26.897 34.6526 26.7445
threshold=0.254555493593216 1.0096175670623782 0.93495556712150585 0.042193090543150909 0.67562815546989452 -0.0014804758829995988 0.076895646750926985 1.0520989894866946 0.26829214394092565 0.98210826516151439 1.0755065083503725 1.0015420317649844 0.98012652993202221 0.92352625727653515 1.0294985175132754 0.014547966420650484 0.90699952840805065 0.020917420275509361 1.0567905306816103 0.74867933988571178 0.67213061451911937 0.70000001788139354 0.011980847455561163 1.0178571343421938 -0.0039266915991902343 1.0327230691909792 0.91666665673255932 0.64774057269096386 1.4829140305519106 0.69693449139595043
decision_type=8 10 10 10 8 10 10 10 10 8 10 8 10 10 10 10 10 10 10 8 10 10 10 10 10 8 2 10 10 8
left_child=19 4 3 -3 -2 6 7 26 -9 10 15 -12 13 -11 16 -7 -8 -16 -14 20 -1 -22 -23 24 25 -21 -4 28 -25 -24
right_child=1 2 5 -5 -6 9 14 8 -10 12 11 -13 18 -15 17 -17 -18 -19 -20 23 21 22 29 27 -26 -27 -28 -29 -30 -31
leaf_value=0.0035743736565323932 0.0095233277707136698 -0.016582551444205541 0.0004212453289198775 0 0.0012441120529432558 -0.00099984530693418799 0.0088113897296273162 0.00012866796882232947 -0.0027561270974524837 0.019417579096314069 -0.0086156576251098758 -0.0018652425380879635 -0.00025370632120399062 0.0014295028883058614 0.0011301398212159527 0.011647099454191852 -0.0060510743474930968 0.0040100514055647803 -0.0083677962914163427 -0.0030499323378376758 -0.014895970287986358 -0.017624781638576767 0.010516136860494147 0.002896563110912929 -0.00081005931084479545 -0.019218978138186359 0.0047712247417887044 -0.00092429012041301802 0.01900794021389187 -0.0046163854631710004
leaf_weight=298 454 249 60797 407 19448 20053 131 13820 10242 165 1799 2431 98003 10786 8622 203 957 6240 401 1150 485 101 174 607 8106 223 1411 628 159 183
leaf_count=298 454 249 60797 407 19448 20053 131 13820 10242 165 1799 2431 98003 10786 8622 203 957 6240 401 1150 485 101 174 607 8106 223 1411 628 159 183
internal_value=-1.54911e-05 5.35915e-05 -6.32801e-05 -0.00701809 0.00145741 -4.20895e-05 0.000363186 7.23593e-05 -0.00108806 -0.000353864 -0.0015513 -0.00483379 -8.27651e-05 0.00176278 0.00191535 -0.000846942 -0.00386406 0.00236323 -0.000291513 -0.00150132 -0.00588058 -0.00919217 -0.00215396 -0.000964064 -0.00162345 -0.00612967 0.000526234 0.00326706 0.00702108 0.00212998
internal_weight=268733 256619 236717 656 19902 236061 102220 86270 24062 133841 24486 4230 109355 10951 15950 20256 1088 14862 98404 12114 1241 943 458 10873 9479 1373 62208 1394 766 357
internal_count=268733 256619 236717 656 19902 236061 102220 86270 24062 133841 24486 4230 109355 10951 15950 20256 1088 14862 98404 12114 1241 943 458 10873 9479 1373 62208 1394 766 357
is_linear=0
shrinkage=0.03


Tree=64
num_leaves=31
num_cat=0
split_feature=32 8 73 17 138 31 58 57 121 113 52 123 54 81 24 2 9 77 13 37 15 75 15 86 77 29 72 54 27 36
split_gain=30.8779 39.5661 40.4353 38.5071 38.4197 36.8221 63.5754 54.7386 49.4812 53.2886 59.6945 41.9086 63.6511 36.1664 34.054 32.9772 32.1394 43.6413 40.0815 31.9676 53.6011 40.9828 29.5528 30.9694 29.6442 28.1837 27.9092 45.8938 26.9767 31.2695
threshold=-0.0049182062502950421 0.85714295506477367 0.90000000596046459 1.0777261853218081 1.136916518211365 0.0034199928632006053 1.0040983557701113 1.0483376979827883 0.29536549746990209 0.56842097640037548 0.59931728243827831 -0.071428742259740816 1.011657774448395 0.18333333730697635 0.058648101985454566 0.44444356858730322 0.95945268869400036 0.075000002980232253 0.96088144183158886 0.34082779288291937 0.93861865997314464 0.87500000000000011 1.0896619558334353 -0.78333333134651173 0.20833333581686023 -0.00056518751080147911 0.56484737992286693 1.0439854264259341 0.059866927564144141 0.018490253016352657
decision_type=8 10 10 10 8 10 10 10 10 10 10 10 10 2 10 10 10 2 8 10 8 2 8 2 2 10 10 10 10 10
left_child=1 2 22 5 13 -2 8 26 9 25 -11 15 -13 28 19 -10 17 -6 -18 20 -15 -21 23 -1 -24 -7 -8 -28 -5 -30
right_child=3 -3 -4 4 16 6 7 -9 11 10 -12 12 -14 14 -16 -17 18 -19 -20 21 -22 -23 24 -25 -26 -27 27 -29 29 -31
leaf_value=0.014839426743089962 0.00029878690711928815 0.007320280103659052 -0.0036554426972862405 -0.0019059263029725321 0.023065586032838942 -0.0024643022657501097 -0.00078855551543067874 -0.0084429840685686826 -0.0053958234161801798 -0.010096249015939035 0.00026243678716075255 -0.0019626932021377672 0.0036330370659008729 0.0073697326733071326 0.0061389557721193352 -0.00067717840384460637 -0.0042186832287738271 0 0.0012259085602448765 -0.00033567292249361169 -0.0036325049013607655 -0.0040547875090832476 -0.00036689955745211302 0.0032154475910552561 0.0074087609830340148 0.008024091237254203 0.0015116228273405474 0.0082447079652407801 0.0062458531053108919 -0.0086666091916620201
leaf_weight=274 163498 1025 1311 2688 116 229 1223 376 4814 514 7463 12728 2087 391 585 2062 1355 117 9798 35542 6173 2895 3150 1178 484 1114 2530 1554 102 1288
leaf_count=274 163498 1025 1311 2688 116 229 1223 376 4814 514 7463 12728 2087 391 585 2062 1355 117 9798 35542 6173 2895 3150 1178 484 1114 2530 1554 102 1288
internal_value=-3.97582e-05 0.00186377 0.000922619 -9.5125e-05 -0.00075515 0.000104711 -0.000751554 0.00214066 -0.00129228 0.000509435 -0.000391094 -0.00208 -0.00115036 -0.00111797 -0.000866333 -0.00403035 0.000800293 0.0114343 0.000531216 -0.00096675 -0.00291117 -0.000625553 0.00217114 0.00578458 0.000621495 0.00600566 0.00297572 0.00417442 -0.00383972 -0.00728648
internal_weight=268664 7422 6397 261242 61050 200192 36694 5683 31011 9320 7977 21691 14815 49664 45586 6876 11386 233 11153 45001 6564 38437 5086 1452 3634 1343 5307 4084 4078 1390
internal_count=268664 7422 6397 261242 61050 200192 36694 5683 31011 9320 7977 21691 14815 49664 45586 6876 11386 233 11153 45001 6564 38437 5086 1452 3634 1343 5307 4084 4078 1390
is_linear=0
shrinkage=0.03


Tree=65
num_leaves=31
num_cat=0
split_feature=37 26 12 52 40 44 29 27 27 79 30 29 17 80 84 55 51 0 40 79 33 0 85 71 32 15 74 8 54 45
split_gain=27.9399 85.7672 35.7863 62.6238 51.195 65.2902 42.1082 40.0034 39.0826 37.022 35.8062 39.7664 40.4935 35.0404 33.6777 52.724 53.2367 41.9166 39.7139 46.7333 39.7734 42.5638 36.8753 35.0907 33.8698 33.5708 42.0299 37.0136 33.4805 32.4108
threshold=0.65951922535896312 0.12329636514186861 0.98179239034652721 0.63883095979690563 -0.032895352691411965 1.0265497565269472 -0.0055047362111508838 0.12763733416795733 0.11576691269874574 0.15000000223517421 0.0075859599746763715 -0.0037918265443295236 1.0599459409713747 0.12500000372529033 0.84999999403953563 1.0020673871040346 0.75348588824272167 -0.0095328637398779375 0.034592092037200935 0.45000000298023229 0.866335690021515 -0.0070922293234616509 0.92499998211860668 0.17187527567148211 0.00032780150650069123 1.0770239233970644 0.15000000223517421 -0.41176347434520716 1.0612183809280398 1.0162439346313479
decision_type=8 10 10 10 10 10 10 10 10 2 10 8 8 2 2 10 10 10 8 2 10 8 2 8 8 10 2 10 10 10
left_child=14 2 7 4 6 13 -4 10 -7 -8 11 28 -13 -6 18 16 17 -16 -1 22 21 -21 -20 -23 -22 26 -5 -28 -2 -18
right_child=1 -3 3 25 5 8 9 -9 -10 -11 -12 12 -14 -15 15 -17 29 -19 19 20 24 23 -24 -25 -26 -27 27 -29 -30 -31
leaf_value=-0.00022849967257591091 -0.0050691708015331693 0.01806800071180107 -0.0066107052954224249 0.0021091005566874961 -0.0075037434385018809 0 0 0.013285355399270633 -0.01598677118529641 0.023916622688306771 -0.0074509489705884141 0.001487537835190227 0.014079955962766533 0.0054262220473063555 0.0054763654816726388 -0.0050791530492899119 0.0018284046481990173 -0.0093125449659790371 -0.0052920326091659827 0.0086877690855140122 0.0081569424124882748 0.0078809422415973569 0.0074345703359096661 -0.0044007771785002491 -0.0015155541945222439 -0.0010993888328093484 0.0014627704821651177 -0.0002452130057969245 0.0072154008629779836 0.0064398395449965333
leaf_weight=166071 582 228 160 14102 331 181 152 344 696 102 265 559 469 381 200 955 6300 576 3922 266 778 195 180 2408 465 11440 16215 37871 271 1882
leaf_count=166071 582 228 160 14102 331 181 152 344 696 102 265 559 469 381 200 955 6300 576 3922 266 778 195 180 2408 465 11440 16215 37871 271 1882
internal_value=-2.50333e-05 0.000425846 0.000370181 0.000257689 -0.00494406 -0.00744116 0.00385019 0.00390708 -0.0128371 0.0115362 0.00215647 0.00373194 0.00767785 -0.000215709 -0.000233155 0.00146043 0.00220078 -0.00508226 -0.000331361 -0.00236897 -3.1894e-05 -0.0020443 -0.00462743 -0.00331326 0.00433428 0.000393512 0.000648625 0.000261648 -0.000746803 0.00293881
internal_weight=268547 84349 84121 81631 2003 1589 414 2490 877 254 2146 1881 1028 712 184198 9913 8958 776 174285 8214 4112 2869 4102 2603 1243 79628 68188 54086 853 8182
internal_count=268547 84349 84121 81631 2003 1589 414 2490 877 254 2146 1881 1028 712 184198 9913 8958 776 174285 8214 4112 2869 4102 2603 1243 79628 68188 54086 853 8182
is_linear=0
shrinkage=0.03


Tree=66
num_leaves=31
num_cat=0
split_feature=37 40 35 86 116 16 30 41 1 13 35 27 41 41 14 39 31 40 62 11 14 44 112 72 35 1 43 17 36 95
split_gain=27.7464 37.7752 39.442 47.7929 40.3801 67.2376 64.1884 53.3828 45.1852 37.0637 81.0096 41.6172 53.9403 51.3702 61.8685 47.6935 41.2596 35.4839 40.7777 72.1792 55.811 45.0139 39.0333 60.3078 34.2179 33.3964 32.6125 32.3389 29.6387 33.1957
threshold=0.73586568236351024 0.034592092037200935 0.48446197807788854 -0.81666666269302357 0.67639654874801647 0.93590077757835399 -0.0010852480772882698 -0.080652263015508638 0.036157062277197845 0.91551268100738536 0.64616340398788463 0.073245197534561171 0.013504456728696825 0.0063152518123388299 0.97993829846382152 -0.011887437198311089 0.0040003524627536544 -0.05670111067593097 0.67402619123458873 0.95833334326744091 0.89303788542747509 1.0308483242988589 0.2323504984378815 0.72727271914482128 0.11965881660580636 0.016884923912584785 1.0797933340072634 0.99073952436447155 0.033058052882552154 -0.15360101312398908
decision_type=10 10 10 2 10 8 10 10 8 8 8 10 10 10 8 10 8 10 10 10 10 10 2 10 8 10 10 10 10 10
left_child=1 2 3 25 5 6 -5 -6 -7 10 -4 12 16 14 -13 -14 -11 22 19 20 -19 -21 23 24 -2 -1 -23 -27 -3 -30
right_child=17 28 9 4 7 8 -8 -9 -10 11 -12 13 15 -15 -16 -17 -18 18 -20 21 -22 26 -24 -25 -26 27 -28 -29 29 -31
leaf_value=-0.00040290511151438107 0.011017580474124813 0.0024118437199828931 0.0055791298960065168 -0.0088326521662951026 0.021605296627432109 6.1828871833897751e-05 -0.0017136428690538482 0.0023568951534047025 -0.0027393861854006392 0.00011846792034794478 -0.013507828298495105 0.0080993404077900708 0.0060357070410405047 -0.00092280539747090359 0.0016269842631021023 0.0011109403833366323 -0.0021704598826463406 -0.0037746229541878542 0.0005725832375348286 0 0.02083898461478598 -0.016766124636373628 -0.0036836904261423192 0.020356930227704205 0 0 0 -0.0070043623105858349 0.001342260707561468 -0.0031424710088201317
leaf_weight=2391 359 1238 290 1339 130 81614 8641 1592 5504 56565 485 2124 2014 2709 3955 16668 8058 135 57484 364 133 500 325 245 738 714 122 2311 1683 8523
leaf_count=2391 359 1238 290 1339 130 81614 8641 1592 5504 56565 485 2124 2014 2709 3955 16668 8058 135 57484 364 133 500 325 245 738 714 122 2311 1683 8523
internal_value=1.23478e-05 -0.000150511 -5.15692e-05 -0.000453442 -0.000299376 -0.000383353 -0.00271454 0.00421361 -0.000112294 0.000396268 -0.00602758 0.000454881 0.000243463 0.00241984 0.00395675 0.00166378 -0.000162886 0.000579444 0.000450448 -0.00483392 0.00799756 -0.00870946 0.00488767 0.00720732 0.00369005 -0.00319788 -0.0134895 -0.00529139 -0.00182538 -0.00237241
internal_weight=268953 208548 197104 104236 98820 97098 9980 1722 87118 92868 775 92093 83305 8788 6079 18682 64623 60405 58738 1254 268 986 1667 1342 1097 5416 622 3025 11444 10206
internal_count=268953 208548 197104 104236 98820 97098 9980 1722 87118 92868 775 92093 83305 8788 6079 18682 64623 60405 58738 1254 268 986 1667 1342 1097 5416 622 3025 11444 10206
is_linear=0
shrinkage=0.03


Tree=67
num_leaves=31
num_cat=0
split_feature=120 46 15 29 81 38 97 62 24 71 85 38 13 45 16 123 11 39 53 28 25 50 61 47 55 14 19 72 16 71
split_gain=32.2912 47.1786 41.6724 32.3188 49.1563 45.0967 44.1273 31.7231 30.5082 31.2921 34.3079 30.0464 48.0485 48.8472 51.7018 57.8227 47.0533 57.0838 49.8789 53.5016 40.5693 41.036 35.9286 38.9352 34.2753 54.0806 46.0011 34.8531 32.0872 29.499
threshold=0.254555493593216 1.0107949376106264 0.88034820556640636 0.0073280020151287326 0.41666667163372045 0.0073364458512514838 0.22907824814319613 0.91528937220573436 0.033475713804364211 0.99090960621833812 0.82500001788139354 -0.0026385249802842732 0.98402979969978344 1.0703535079956057 1.1571182012557986 0.57575693726539623 0.98260989785194408 -0.0044462259393185368 1.0046468377113345 0.011570842005312445 0.028627655468881134 0.95879989862442028 0.80016958713531505 1.174330532550812 0.93495556712150585 0.89858493208885204 0.94850173592567455 0.7031250298023225 1.2279316186904909 0.24468057602643969
decision_type=8 8 8 10 2 10 10 10 10 10 2 10 8 10 8 10 8 10 10 10 8 10 10 10 8 8 10 10 10 10
left_child=-1 2 8 -4 6 -6 -5 -7 -2 10 -10 16 13 -13 15 -15 17 20 19 -19 -3 -22 23 -14 27 26 -26 -18 -27 -16
right_child=1 11 3 4 5 7 -8 -9 9 -11 -12 12 22 14 29 -17 24 18 -20 -21 21 -23 -24 -25 25 28 -28 -29 -30 -31
leaf_value=-0.0014449201189534286 0.010472263592750258 -0.0063098809931914704 0.0015681727480281323 -0.0024087068106965798 -0.0094023484298442744 -0.0032624891661957056 0.008694717627981647 0.013108459983038929 0.0022096157008661076 0.010244261670952151 -0.015408263166124619 -0.00070849139013014857 0.010928399107800982 -0.0071709768062033852 0.010512805033895897 -6.0923697952893871e-05 0 -0.0025776333329472377 0.013313936687594547 0.0078459322971409021 0 0.010563225459764816 -2.4637640785276895e-05 -0.0020010309117137366 -0.0028592054292344237 0.00014295697208456268 0.010052501067020585 -0.019597229141219974 0.00513440117554628 -0.00070846317569235595
leaf_weight=12188 765 642 18209 696 967 276 532 136 211 187 133 23648 534 3411 278 1594 125 697 707 1029 1306 402 118455 273 287 78261 890 137 1162 573
leaf_count=12188 765 642 18209 696 967 276 532 136 211 187 133 23648 534 3411 278 1594 125 697 707 1029 1306 402 118455 273 287 78261 890 137 1162 573
internal_value=6.04803e-05 0.000133282 0.00145737 0.00111155 -0.00195129 -0.00586197 0.00222344 0.00180376 0.00668256 0.000496405 -0.00425012 6.98755e-06 -0.00024941 -0.00133308 -0.00379327 -0.00497551 0.000455809 0.00334652 0.00654768 0.00348352 0 0.00242421 1.63402e-05 0.00624913 0.000280328 0.000320388 0.00665831 -0.0101283 0.000221035 0.00277003
internal_weight=268711 256523 22112 20816 2607 1379 1228 412 1296 531 344 234411 148766 29504 5856 5005 85645 4783 2433 1726 2350 1708 119262 807 80862 80600 1177 262 79423 851
internal_count=268711 256523 22112 20816 2607 1379 1228 412 1296 531 344 234411 148766 29504 5856 5005 85645 4783 2433 1726 2350 1708 119262 807 80862 80600 1177 262 79423 851
is_linear=0
shrinkage=0.03


Tree=68
num_leaves=31
num_cat=0
split_feature=132 29 97 82 5 131 61 3 47 78 31 17 28 2 140 13 23 79 82 35 23 104 58 59 88 122 55 28 10 20
split_gain=27.3826 31.0713 39.2048 32.7043 39.0904 39.6011 30.7546 47.5672 45.0563 28.63 53.7797 46.7574 50.1178 41.889 44.5633 40.0173 36.8994 48.8394 48.9688 35.1336 33.7371 31.7391 38.0862 46.8567 28.008 27.8951 27.5518 27.2549 29.3627 27.2012
threshold=1.2579199671745303 -0.00018738250219030303 0.14945323765277865 0.22500000149011615 0.013019732199609281 0.78505954146385204 1.0566506981849673 0.0077123532537370929 1.1681055426597597 0.30000000447034841 0.009167332202196123 0.68618136644363414 0.019402095116674904 -0.34210424125194544 1.0979611873626711 0.96674358844757091 0.052958838641643531 0.15000000223517421 0.24166666716337207 0.67305865883827221 0.027600164525210861 0.13392857462167743 0.95879438519477855 0.9582509994506837 -0.23577858507633206 0.6618100404739381 1.016121029853821 0.0010269608465023341 1.0085106492042544 0.96345448493957531
decision_type=10 10 10 2 10 10 10 10 10 10 10 8 10 10 10 10 10 2 2 10 10 2 10 10 8 10 10 10 10 10
left_child=1 2 6 4 -4 -6 7 -1 -9 13 11 15 -13 21 27 -11 17 18 -12 -14 -19 -3 29 -24 -16 -5 -7 -15 -29 -23
right_child=-2 9 3 25 5 26 -8 8 -10 10 16 12 19 14 24 -17 -18 20 -20 -21 -22 22 23 -25 -26 -27 -28 28 -30 -31
leaf_value=9.442867353268855e-05 0.00038053586170531148 0.010671926364806858 -0.00069904669153268294 -0.002270675323616504 -0.0048565461512893723 -0.0020221571506351811 0.0023186516518777433 -0.00048831149608352892 -0.0049738985552874818 -0.014024724790060969 0 0.00046144822592295899 0.011395405441884618 0.0027681919457770536 0.0010328427146938525 0 -0.0084959627317619454 -0.0024813449182406518 0.018290315864419211 -0.0022358269871840478 0.010105266103506734 -0.008400361584578981 0.0049748337034742594 0.00014651123836316736 -0.0029058181914414917 0.0054572122060841033 0.010889254446671378 0.00024305267408699957 -0.002658802360957605 0.0060865871717537485
leaf_weight=37214 99294 294 8904 21941 218 134 4169 5066 3531 345 164 41790 618 2654 1772 420 106 475 484 178 274 595 2436 7406 10997 388 697 11756 4192 104
leaf_count=37214 99294 294 8904 21941 218 134 4169 5066 3531 345 164 41790 618 2654 1772 420 106 475 484 178 274 595 2436 7406 10997 388 697 11756 4192 104
internal_value=-1.37715e-05 -0.000246791 -0.000665453 -0.00148095 -1.98503e-05 0.00536981 -0.000132342 -0.000362853 -0.00237274 0.000145415 0.000675539 0.000473154 0.000613076 -0.000410918 -0.000971523 -0.00675102 0.00623308 0.00766653 0.0136539 0.00799948 0.00187605 0.00118339 0.000870628 0.00137966 -0.00233502 -0.0021182 0.00845615 -1.79649e-05 -0.0005033 -0.00571834
internal_weight=268616 169322 82262 32282 9953 1049 49980 45811 8597 87060 44854 43351 42586 42206 31371 765 1503 1397 648 796 749 10835 10541 9842 12769 22329 831 18602 15948 699
internal_count=268616 169322 82262 32282 9953 1049 49980 45811 8597 87060 44854 43351 42586 42206 31371 765 1503 1397 648 796 749 10835 10541 9842 12769 22329 831 18602 15948 699
is_linear=0
shrinkage=0.03


Tree=69
num_leaves=31
num_cat=0
split_feature=61 36 72 34 29 61 17 127 16 115 36 19 54 84 13 24 14 42 53 38 56 73 55 77 24 5 127 154 140 142
split_gain=26.8939 39.5231 33.0233 31.5602 31.5053 41.827 40.215 41.4739 39.9567 45.5091 38.5395 37.7971 36.7535 41.3535 35.4414 37.9876 32.4878 29.8881 34.9034 34.2232 29.3984 34.4838 42.3407 29.3387 29.0865 33.4352 28.7069 26.9649 27.1845 25.7757
threshold=1.060769319534302 0.80102181434631359 0.071038354188203826 0.85607799887657177 -0.0034632030874490734 1.0275523662567141 1.1631621718406679 -0.32297743856906885 1.1132972240448 0.5345912277698518 0.0037042789626866583 0.98696604371070873 0.98064514994621288 -0.65000000596046437 1.1154526472091677 0.050988094881176955 1.0773571729660036 0.038506606593728072 1.0259835720062258 0.0055555538274347791 1.0798730254173281 0.30000000447034841 1.0811201930046084 0.60833334922790538 0.055393589660525329 0.0044248187914490708 -0.19249880313873288 0.042882798239588744 0.7718123495578767 0.95625320076942455
decision_type=8 10 8 10 8 10 10 10 10 10 10 10 10 2 10 10 10 10 10 8 10 10 10 2 10 10 10 10 10 10
left_child=4 3 27 -2 6 8 11 -8 20 12 -9 23 -10 -14 17 -16 -7 19 -19 -13 -6 22 -22 -1 25 -12 -23 28 -3 -4
right_child=1 2 29 -5 5 16 7 10 9 -11 24 14 13 -15 15 -17 -18 18 -20 -21 21 26 -24 -25 -26 -27 -28 -29 -30 -31
leaf_value=-0.00035994470450985877 -0.001246089936553997 -0.004588656274479676 0 0.003861041815616105 0.00015464436110945961 -0.0028430206456213905 0.0023490626179747958 0.0098404061653064156 -0.006736798576383124 -0.0094680753702318272 -0.001907403503353498 0.00024983275781580698 -0.0040462696033749072 0.0040268399128560424 0.00011181306184402532 -0.017513742861210959 -0.017962339795533789 0.0076566226189649627 -0.0075545979146750602 -0.0014713861537049835 -0.00086734553173664598 0.0002991682457003419 0.01080280760248529 -0.014005493065790613 0.004952256667599516 -0.0061416905224117926 -0.0051172236723591941 -0.0015774084301253854 0.010032040406043143 0.015937209701748209
leaf_weight=341 3149 102 125 1615 186714 1892 1275 164 308 253 3626 34998 575 6312 155 200 131 796 127 14663 1140 1116 336 302 289 3665 2882 574 509 384
leaf_count=341 3149 102 125 1615 186714 1892 1275 164 308 253 3626 34998 575 6312 155 200 131 796 127 14663 1140 1116 336 302 289 3665 2882 574 509 384
internal_value=-1.0606e-06 0.00190733 0.00582948 0.000431426 -4.93393e-05 0.000129684 -0.000649861 -0.00250068 0.000174814 0.0023294 -0.00334179 -0.000319592 0.00281091 0.00329961 -0.000220803 -0.00942255 -0.00413518 -0.000146598 0.00512967 -0.000252727 8.95213e-05 -0.00206965 0.00169765 -0.00745054 -0.00369162 -0.00408788 -0.00353667 0.00266403 0.00704775 0.0122525
internal_weight=268718 6458 1694 4764 262260 201659 60601 9019 199636 7448 7744 51582 7195 6887 50939 355 2023 50584 923 49661 192188 5474 1476 643 7580 7291 3998 1185 611 509
internal_count=268718 6458 1694 4764 262260 201659 60601 9019 199636 7448 7744 51582 7195 6887 50939 355 2023 50584 923 49661 192188 5474 1476 643 7580 7291 3998 1185 611 509
is_linear=0
shrinkage=0.03


Tree=70
num_leaves=31
num_cat=0
split_feature=77 77 87 25 79 68 72 87 29 35 68 13 37 1 32 44 5 37 11 24 61 29 24 85 29 9 38 120 87 16
split_gain=24.1057 58.942 39.0717 53.3781 90.8552 41.5225 48.0591 41.4509 40.9478 54.6869 43.3109 40.55 41.179 38.7568 48.6395 38.7486 38.1268 36.1307 49.5533 38.8643 66.2755 48.7286 35.578 35.0395 45.8186 34.8217 34.2563 32.0767 31.1629 68.6633
threshold=0.091666668653488173 0.27500000596046453 0.37500000000000006 0.020827622152864936 0.94999998807907116 0.17073190957307818 0.69086331129074108 0.77500000596046459 0.00032547394221182918 0.82863280177116405 0.6190486252307893 0.9850931465625764 0.54448601603508007 0.039130425080657012 0.0024303633254021411 1.0024450421333315 0.011726381722837688 0.85060060024261486 0.97913917899131786 0.02769134379923344 0.87802931666374218 0.0012905628536827864 0.0093884905800223368 -0.82500001788139332 -0.017230677418410775 1.0068207383155825 -0.0018542379257269201 0.26993300020694738 0.44166666269302374 0.78625634312629711
decision_type=2 2 2 10 2 10 10 2 8 10 10 8 10 10 10 10 8 8 8 10 8 10 10 2 10 10 8 10 2 10
left_child=17 15 8 13 28 6 -6 -7 9 10 -3 25 16 14 -4 -2 -13 19 -19 20 21 -1 -16 24 -11 -10 -22 -14 29 -5
right_child=1 2 3 4 5 7 -8 -9 11 23 -12 12 27 -15 22 -17 -18 18 -20 -21 26 -23 -24 -25 -26 -27 -28 -29 -30 -31
leaf_value=0.021263986429574885 0.0046647019204220522 -0.0022609544444105833 0.00088731540128142786 0.010693024775236839 -0.00029445864484936899 0.007704885514221986 0.0086831882891752355 -0.0011158419844928004 -0.0014933869172783216 0.011702685233371299 9.7351156380759182e-06 0.0010456659834151866 -0.009162064254450708 -0.0057895093643125445 -0.0026466744582366469 0.00084233844007417435 -0.0054252948517590424 0.0061579855689012676 0.000136608789411993 -0.0028937282200263395 0.00036622491230729672 0.0029164717097707564 0.0053004989843336162 0.0034295546648717814 -0.0019253484089140462 0.0021301418562320361 -0.001307440310882695 0.0052388833678711126 -0.0012119258005629724 0
leaf_weight=181 2548 28171 30611 589 3732 2093 597 541 13049 216 9972 10358 114 669 517 45717 861 1516 6750 7149 17699 547 3873 3358 3055 2845 28093 2846 35896 4852
leaf_count=181 2548 28171 30611 589 3732 2093 597 541 13049 216 9972 10358 114 669 517 45717 861 1516 6750 7149 17699 547 3873 3358 3055 2845 28093 2846 35896 4852
internal_value=-2.05936e-05 0.000133561 -0.000143826 0.000297957 -0.000347239 0.00280784 0.00090888 0.00578539 -0.000643424 -0.0012193 -0.00165976 0.000204198 0.0013775 0.00117971 0.00132472 0.00105219 0.00051359 -0.000540729 0.00128934 -0.000828556 -0.000503636 0.0083258 0.00428879 0.00126732 -0.000868615 -0.000824068 -0.000654128 0.00452581 -0.00088705 0.00119791
internal_weight=269015 207080 158815 83970 48300 6963 4329 2634 74845 44772 38143 30073 14179 35670 35001 48265 11219 61935 8266 53669 46520 728 4390 6629 3271 15894 45792 2960 41337 5441
internal_count=269015 207080 158815 83970 48300 6963 4329 2634 74845 44772 38143 30073 14179 35670 35001 48265 11219 61935 8266 53669 46520 728 4390 6629 3271 15894 45792 2960 41337 5441
is_linear=0
shrinkage=0.03


Tree=71
num_leaves=31
num_cat=0
split_feature=46 38 78 40 42 44 18 16 29 12 36 39 5 29 67 3 57 33 33 22 124 28 61 1 31 30 13 38 101 46
split_gain=28.4274 31.2991 52.68 45.5054 40.4801 40.5202 48.2918 49.8112 54.922 39.7783 39.7052 38.676 44.6278 37.3574 41.4602 44.8913 36.5449 36.0683 50.443 35.9428 35.0349 33.7559 33.3846 46.0727 32.9624 32.6582 49.729 47.6617 35.196 32.1993
threshold=1.0083910822868349 -0.00092451207456178952 0.5000000149011613 -0.018426387570798394 -0.077356711030006395 1.0520989894866946 1.0395358800888064 1.1523636579513552 -0.0045266710221767417 1.0073302388191225 0.82054606080055248 -0.023181347176432606 0.010722298640757801 0.016339497640728954 0.99159604310989391 0.0052562474738806495 1.1563175320625307 0.74326825141906749 0.92108288407325756 0.98239192366600048 -0.54347822070121754 -0.031729871407151215 0.83317831158638012 0.04159867390990258 -0.00093228611513040949 0.0057248773518949756 0.95911255478858959 0.0057897050864994535 0.56904762983322155 1.0727368593215945
decision_type=10 8 10 8 10 10 10 8 10 10 10 10 10 10 10 10 10 10 10 10 10 10 10 10 10 10 8 10 2 10
left_child=-1 4 3 -3 9 13 -7 8 -8 11 29 -2 24 16 15 -15 19 -11 -19 -6 -9 -4 23 -12 -13 -23 28 -28 -27 -5
right_child=1 2 21 10 5 6 7 20 -10 17 22 12 -14 14 -16 -17 -18 18 -20 -21 -22 25 -24 -25 -26 26 27 -29 -30 -31
leaf_value=0.0010744554259241963 -0.0026498092813718056 -0.0066577849397610614 -0.007250005311806502 -0.00081237414823998532 0.00126921217661114 -0.0011616973219000335 -0.0056189290865711816 0 0.0045267450962632018 -0.0023951307438473003 0.019950282741835322 0.006908804015795301 0.013153040841541543 0 0.0059908844796108434 -0.019969502264105782 0.0038448727452208425 0.0073297997927515247 -0.0029326180985590781 -5.7866908622091065e-05 0.015000720524673982 -3.7331215845622665e-05 0.00080222426696411502 0 -0.00080265984343823023 -0.018396690980277276 -0.00012888444720913901 0.0064002253822285048 0.0013091556705711854 -0.0029280864687538217
leaf_weight=22774 430 1370 548 24199 29991 26590 763 261 1203 1889 186 1205 690 176 121 234 2997 1132 624 46309 428 87037 3303 157 728 145 1646 2254 106 9186
leaf_count=22774 430 1370 548 24199 29991 26590 763 261 1203 1889 186 1205 690 176 121 234 2997 1132 624 46309 428 87037 3303 157 728 145 1646 2254 106 9186
internal_value=6.05498e-05 -3.22097e-05 -0.00035252 -0.00128534 0.000325256 0.000183051 -0.000767734 0.00304487 0.000421243 0.00258889 -0.00107499 0.00511199 0.00650834 0.000535233 -0.00720892 -0.0118996 0.000592677 0.000377358 0.00352214 0.000460029 0.00988497 3.48854e-05 0.00185522 0.010566 0.00387245 8.35338e-05 0.00267775 0.00358148 -0.00948524 -0.00140491
internal_weight=268682 245908 130137 38401 115771 109073 29245 2655 1966 6698 37031 3053 2623 79828 531 410 79297 3645 1756 76300 689 91736 3646 343 1933 91188 4151 3900 251 33385
internal_count=268682 245908 130137 38401 115771 109073 29245 2655 1966 6698 37031 3053 2623 79828 531 410 79297 3645 1756 76300 689 91736 3646 343 1933 91188 4151 3900 251 33385
is_linear=0
shrinkage=0.03


Tree=72
num_leaves=31
num_cat=0
split_feature=77 77 76 86 33 37 11 3 51 8 14 29 87 14 1 28 46 68 125 81 32 53 41 27 6 28 35 118 87 81
split_gain=27.7748 52.0744 55.8563 42.806 38.6413 34.6005 36.9515 36.6626 58.6015 46.7384 48.1234 36.6251 33.6762 36.5744 33.4987 33.4627 34.1093 62.7308 45.8793 38.2311 33.3306 32.3915 32.1696 32.1406 52.5624 35.2181 43.8828 63.116 35.0183 43.6884
threshold=0.091666668653488173 0.27500000596046453 0.050000002607703216 -0.88333332538604725 0.8336375653743745 0.85060060024261486 0.97637310624122631 0.0081855151802301424 0.76901412010192882 -0.53846251964569081 0.97889411449432384 0.0056366492062807092 -0.50833332538604725 0.95141521096229564 0.017819703556597236 -0.011023622471839188 1.048368573188782 0.85714212059974682 -0.024242612533271309 0.75000000000000011 -0.0019724906887859102 0.98899146914482128 0.011792536824941637 0.060346437618136413 0.2307688966393471 0.014406325295567514 0.68032518029212963 0.049999849870800979 -0.22500000149011609 0.45000000298023229
decision_type=2 2 2 2 10 10 8 10 8 10 8 10 2 8 10 10 10 10 10 2 10 10 8 8 10 10 10 10 2 2
left_child=5 2 4 14 -2 7 -7 8 11 -10 21 -1 -9 -14 -3 -5 20 19 -19 -18 -17 -11 -12 25 28 -4 27 -27 29 -25
right_child=1 3 23 15 -6 6 -8 12 9 10 22 -13 13 -15 -16 16 17 18 -20 -21 -22 -23 -24 24 -26 26 -28 -29 -30 -31
leaf_value=0.013107317501114409 0.0041382122800735091 4.2080966896949811e-05 0.00081225821519494818 0.0015356939806913466 -0.00050255165866855802 0.00619717614126077 0.00039444593795950585 -0.0037157390308066528 0.0011251504069159756 0.00070610401272443277 -0.0010491932083566029 0 0.0076298513336362705 -0.0012785776574872722 -0.0039505951174370084 0.0075493490990116664 -0.00079581798751474954 -0.001351007968745438 -0.0063434669615238257 0.00072802585154552255 0.0003229442523095098 -0.0039449214154457131 0.0015364000902296524 -0.0066439866900259931 -0.0037625792011341877 -0.00022303337222466101 -0.0045605932551762568 0.018193696127207191 0.0059954284741660108 0.0014773158829863491
leaf_weight=441 7384 3044 30085 12368 1918 1178 6504 6514 10759 1530 18679 326 461 2987 4410 564 40454 5043 2628 23204 66896 7032 5549 754 3692 231 174 386 986 2511
leaf_count=441 7384 3044 30085 12368 1918 1178 6504 6514 10759 1530 18679 326 461 2987 4410 564 40454 5043 2628 23204 66896 7032 5549 754 3692 231 174 386 986 2511
internal_value=2.52072e-05 0.000193259 0.00105784 -6.72566e-05 0.00315012 -0.000530545 0.001337 -0.000800781 -0.000422398 -0.000575175 -0.00114257 0.007665 -0.00244975 0 -0.00228421 4.03713e-05 -9.09232e-05 -0.000549972 -0.00311242 -0.000235596 0.000390026 -0.00307913 -0.000443857 0.000547395 -0.00113508 0.000990385 0.00720827 0.0110371 0.0010836 -0.000335878
internal_weight=268692 206732 48121 158611 9302 61960 7682 54278 44316 43549 32790 767 9962 3448 7454 151157 138789 71329 7671 63658 67460 8562 24228 38819 7943 30876 791 617 4251 3265
internal_count=268692 206732 48121 158611 9302 61960 7682 54278 44316 43549 32790 767 9962 3448 7454 151157 138789 71329 7671 63658 67460 8562 24228 38819 7943 30876 791 617 4251 3265
is_linear=0
shrinkage=0.03


Tree=73
num_leaves=31
num_cat=0
split_feature=57 1 25 110 31 28 35 9 113 51 44 8 53 33 33 5 40 37 23 41 109 8 109 22 114 31 79 22 41 34
split_gain=26.9576 36.5282 50.6815 36.2457 42.8496 36.087 33.5498 27.9693 31.6513 27.8155 37.9314 28.9123 25.5917 27.8349 26.5592 45.4581 52.0835 58.2626 47.8057 37.889 32.3548 62.4536 39.4185 30.4395 58.6956 29.6146 30.2199 28.8773 24.948 22.486
threshold=0.81709790229797374 0.05543711036443711 0.028066820465028289 0.31414473056793218 0.011001751292496921 0.01345943007618189 0.27235540747642523 0.98646631836891185 0.72043058276176464 0.72241914272308361 1.0103626847267153 0.33333979547023779 1.1080738306045534 0.78076481819152843 0.37481763958930975 0.018776711076498035 -0.010972265154123305 0.7325749695301057 0.015428069513291122 0.057177094742655761 0.47222222387790685 0.66666534543037426 -1.0000000180025095e-35 1.0682307481765749 0.41252018511295324 0.009167332202196123 0.15000000223517421 0.796705722808838 -0.040002308785915368 0.85607799887657177
decision_type=8 10 8 2 10 8 10 10 10 10 10 10 10 10 10 10 8 10 8 10 2 10 2 10 8 10 2 8 10 10
left_child=7 12 5 4 9 6 -3 8 -1 10 -4 -11 14 -14 15 16 18 -18 -2 25 22 -22 -21 24 -17 27 -27 -16 -5 -9
right_child=1 2 3 28 -6 -7 -8 29 -10 11 -12 -13 13 -15 19 23 17 -19 -20 20 21 -23 -24 -25 -26 26 -28 -29 -30 -31
leaf_value=0 -0.00097209956206581038 -0.0009155335825809074 0.0059655943541863073 -0.013861748728041464 0.018580549330819027 0.0070089041632600121 -0.013615637592577595 -0.0034924757304146776 -0.01725388727653376 0.0059405425314561318 -0.011130869487093555 0.001361437983599272 0.0031530553979593184 -0.012206068209970531 -0.0060158498099895184 0.016338765287141808 -0.00051882926430103934 0.0015306537182736616 -0.0044666689846094652 -0.0078558968410809022 -0.013615613732870915 0 0.00035541650371149184 -0.0021920436657896537 0.0019979122189718312 0.0082327172933565288 0.00045708254389117433 0.00032806075631187714 0 0.010059683351053131
leaf_weight=138 15464 502 165 136 162 180 349 527 239 2966 250 2499 110 293 624 388 59183 15780 4699 594 567 619 3314 387 878 847 1126 155247 504 115
leaf_count=138 15464 502 165 136 162 180 349 527 239 2966 250 2499 110 293 624 388 59183 15780 4699 594 567 619 3314 387 878 847 1126 155247 504 115
internal_value=5.83531e-05 7.81591e-05 0.00211037 0.00309158 0.00383502 -0.00390133 -0.0066614 -0.00475998 -0.0110662 0.00331631 -0.00368207 0.00391393 1.65898e-05 -0.00735367 2.97465e-05 -0.000362544 -0.000451539 -8.31111e-05 -0.00180499 0.000264609 -0.0022691 -0.00660499 -0.000849939 0.00452372 0.00681209 0.000348556 0.00399477 0.000299971 -0.00337592 -0.000381159
internal_weight=268852 267833 7713 6682 6042 1031 851 1019 377 5880 415 5465 260120 403 259717 96779 95126 74963 20163 162938 5094 1186 3908 1653 1266 157844 1973 155871 640 642
internal_count=268852 267833 7713 6682 6042 1031 851 1019 377 5880 415 5465 260120 403 259717 96779 95126 74963 20163 162938 5094 1186 3908 1653 1266 157844 1973 155871 640 642
is_linear=0
shrinkage=0.03


Tree=74
num_leaves=31
num_cat=0
split_feature=61 82 13 141 116 35 132 31 51 123 82 40 96 93 24 15 24 1 62 70 82 57 40 18 16 61 1 24 42 111
split_gain=31.0515 38.5541 28.2871 46.2485 28.1431 33.8038 25.0625 32.5232 41.2924 40.6135 35.9177 36.9054 28.7505 27.3923 26.3929 46.8594 25.3189 29.3858 32.448 29.7971 25.1285 24.7133 24.6709 48.9391 32.9116 23.9688 22.2371 26.0033 34.1232 25.2007
threshold=1.0532925724983218 0.37500000000000006 1.1154526472091677 1.0843293666839602 0.27808232605457311 0.84253033995628368 1.2803429365158083 -0.0021598102757707234 0.83711120486259472 0.53846004605293285 0.82499998807907116 -0.02818802464753389 0.53354883193969738 0.2051276117563248 0.021446584723889831 0.86681655049324047 0.028783129528164867 0.019827546551823619 0.97037038207054149 0.047619448974728591 0.025000001303851608 1.0626743435859682 -0.029389866627752777 1.0225397944450381 0.81968575716018688 1.060769319534302 0.057663971558213241 0.058648101985454566 -0.058133210986852639 -0.14039409160614011
decision_type=8 2 10 10 10 10 10 8 10 10 2 10 10 10 10 10 8 10 10 10 2 10 10 10 8 8 10 10 8 2
left_child=2 -2 6 -4 5 -3 7 8 9 -1 20 -12 22 -11 21 -16 -8 18 -18 -19 -10 -14 24 -24 -9 -7 27 28 29 -6
right_child=1 4 3 -5 26 25 16 12 10 13 11 -13 14 -15 15 -17 17 19 -20 -21 -22 -23 23 -25 -26 -27 -28 -29 -30 -31
leaf_value=-0.0018440534953619947 0.0064171846154640342 0.00027042099156079891 -0.015737262799373857 0 -0.0065323448912816204 0 0.00050303614558823721 0.0052250467671759743 0.0018496989444643907 0.0011902299811342907 -0.0094533341163690436 -0.00035862502657124412 -0.0023516464170328611 0.016591555987790104 -0.0037643392425094424 0.0022448897971033789 -0.0069863901388477184 -0.0091955790093168621 -0.00028531388747714942 0.00050867192071349778 -0.0030314240240819695 -0.010055638294285726 2.0789526693655432e-05 -0.0041303234022589085 0.00069288248864869065 0.012054564735349433 0.0041914646660897639 0.0059465758402843074 0.0014777359449160163 -0.00024502874213205118
leaf_weight=356 1351 1012 253 420 1472 175 84624 1663 949 232 393 22261 4747 285 1853 3082 1370 280 1411 5583 10755 427 104902 2597 12258 545 836 395 1599 1103
leaf_count=356 1351 1012 253 420 1472 175 84624 1663 949 232 393 22261 4747 285 1853 3082 1370 280 1411 5583 10755 427 104902 2597 12258 545 836 395 1599 1103
internal_value=-7.85337e-06 0.00177438 -6.71625e-05 -0.00612377 0.000838131 0.00415054 -4.98634e-05 -0.000271123 -0.00108079 0.0052262 -0.00125272 -0.00053783 -5.18357e-05 0.0105407 -0.00158872 0 0.000342499 -0.00119205 -0.00371987 0 -0.00260758 -0.00308147 7.38899e-05 -7.7454e-05 0.00126253 0.00904416 -0.000179401 -0.0010593 -0.00181902 -0.00397743
internal_weight=269189 8488 260701 673 7137 1732 260028 166760 35231 873 34358 22654 131529 517 10109 4935 93268 8644 2781 5863 11704 5174 121420 107499 13921 720 5405 4569 4174 2575
internal_count=269189 8488 260701 673 7137 1732 260028 166760 35231 873 34358 22654 131529 517 10109 4935 93268 8644 2781 5863 11704 5174 121420 107499 13921 720 5405 4569 4174 2575
is_linear=0
shrinkage=0.03


Tree=75
num_leaves=31
num_cat=0
split_feature=48 58 49 42 81 46 55 81 17 1 34 12 103 30 12 10 55 83 58 24 11 42 0 93 59 4 13 3 14 41
split_gain=23.0062 44.5993 54.038 55.5711 46.027 50.6254 45.8055 42.4359 53.2426 49.5081 86.8388 50.2062 45.6752 51.5029 48.7989 43.3516 42.0839 51.448 41.8698 59.4347 55.2127 47.3753 41.685 45.5769 42.1901 39.3965 36.3169 52.0998 40.4121 42.0067
threshold=0.98130837082862865 0.98566412925720226 0.91048708558082592 -0.077356711030006395 0.050000002607703216 1.047292232513428 1.0644307732582095 0.21666666865348819 0.74457627534866344 0.05543711036443711 0.72771203517913829 1.0030307173728945 0.55000001192092907 0.0078940386883914488 0.9802922010421754 1.0245016217231753 1.0196377635002138 0.70000001788139354 0.92934143543243419 0.042807841673493392 0.98100584745407116 0.033435184508562095 -0.0080128321424126608 -0.05557048320770263 0.89264610409736644 0.39558780193328863 1.0379894971847536 0.0028625837294384841 0.97680824995040905 0.048879584297537811
decision_type=10 8 8 8 2 10 10 2 8 10 10 10 2 10 10 10 10 10 10 10 10 10 10 10 10 10 10 10 8 10
left_child=1 4 22 6 5 18 -4 8 9 11 -11 -6 13 15 -15 -9 17 -10 19 -1 -20 -22 23 -3 -24 -8 28 -28 -5 -30
right_child=-2 2 3 26 7 -7 25 12 16 10 -12 -13 -14 14 -16 -17 -18 -19 20 -21 21 -23 24 -25 -26 -27 27 -29 29 -31
leaf_value=0.018403458981070434 0.00034482557225884859 -0.0023997441866077892 -0.0027216974136571354 -0.0024063498054559388 0.0071948033969044143 -0.0053053928703852915 0.0065948827312616162 -0.00022996215844745831 0.0032853644385944223 0.031324798112675072 0 -0.0063957496733414105 0.001825945532766693 -0.019540503030223529 -0.0031539217796316302 0.0055795944186571708 -0.0041889646974114982 -0.00069103940060854401 -0.0040726365529431905 -0.0019489385510176613 -0.0010210352250285062 0.0055905448244082771 -0.010446119365129732 0.0092770786360660516 0.0014832198144852178 -0.0027353436869665053 -0.0081498404674598627 -0.0014269930594916951 -0.00057803458794936156 0.012266291165368542
leaf_weight=230 129644 345 968 14258 1060 2516 2022 39280 7800 166 144 277 11390 171 2121 1170 1107 4498 3002 212 2739 1450 279 1156 2415 446 1655 3136 33018 209
leaf_count=230 129644 345 968 14258 1060 2516 2022 39280 7800 166 144 277 11390 171 2121 1170 1107 4498 3002 212 2739 1450 279 1156 2415 446 1655 3136 33018 209
internal_value=5.63884e-05 -0.000210027 -0.000828931 -0.00108012 0.000253638 -0.00162378 0.00257611 0.000533772 0.00194318 0.00704211 0.0177829 0.00410527 0.000135756 -0.000308278 -0.0046647 -5.18358e-05 0.0012848 0.00180788 -0.000360347 0.00833054 -0.000957765 0.00121194 0.00242519 0.0063997 6.93628e-05 0.00477978 -0.00132707 -0.00383591 -0.00106612 -0.000480889
internal_weight=268884 139240 59907 55712 79333 10149 3436 69184 15052 1647 310 1337 54132 42742 2292 40450 13405 12298 7633 442 7191 4189 4195 1501 2694 2468 52276 4791 47485 33227
internal_count=268884 139240 59907 55712 79333 10149 3436 69184 15052 1647 310 1337 54132 42742 2292 40450 13405 12298 7633 442 7191 4189 4195 1501 2694 2468 52276 4791 47485 33227
is_linear=0
shrinkage=0.03


Tree=76
num_leaves=31
num_cat=0
split_feature=33 29 5 42 32 38 124 25 80 0 31 61 29 30 39 107 32 25 122 65 121 51 113 62 53 20 15 56 1 13
split_gain=24.4771 33.631 26.5276 38.5429 53.9407 40.6466 46.7916 38.7611 45.1618 43.6496 36.9065 63.2987 47.8481 35.7268 35.4356 31.2934 28.7783 35.6737 28.1703 27.1034 26.4313 26.2694 40.1162 39.4425 44.6538 50.6793 32.4546 45.9692 33.558 28.1243
threshold=0.61491006612777721 0.027280201204121116 0.0032649219501763587 -0.0023306010989472266 -0.0033286823891103263 -0.011456846259534357 -0.58620744943618763 0.037880387157201774 0.62500000000000011 -0.041122440248727792 0.0040003524627536544 0.8396778702735902 0.0033268779516220097 0.0066161111462861308 0.0053081691730767497 0.45049019157886511 0.0021789775928482418 0.032503014430403716 0.38284640014171606 0.54772728681564342 0.40334354341030126 0.83058306574821483 0.86274564266204845 0.74047389626503002 1.0084909796714785 0.89583763480186474 0.88765043020248424 0.94692340493202221 0.036612650379538543 0.94138559699058544
decision_type=10 10 10 8 8 8 10 10 2 10 10 10 10 10 10 2 10 10 10 10 10 10 10 10 10 10 8 10 10 8
left_child=2 -2 3 5 -5 6 -1 8 -8 -9 13 12 -12 -6 16 -13 -7 -18 19 -16 -15 22 23 29 25 -25 28 -28 -23 -4
right_child=1 -3 21 4 10 14 7 9 -10 -11 11 15 -14 20 18 -17 17 -19 -20 -21 -22 26 -24 24 -26 -27 27 -29 -30 -31
leaf_value=0.005787068016215164 0.0003441626033877932 -0.0071369843997013552 -0.010593137555117635 0.0043681528180561265 0.00069187903292251645 0 -0.0064359358424423609 0.0016951968244084431 0.0022989855732971176 -0.014047414824509063 0.0092872143646064755 -0.001396685590330362 -0.00095406976782197992 -0.00080973536946064189 0.012583793868727393 -0.0077930143619114028 0.0046625569589783178 -0.0032758744344644737 -0.0020146075405361747 0 0.014334363808164632 -0.0086456683433210092 0.010651490662586749 -0.016143063920060707 0.0047641995655985751 0.00029277820554743432 0.017550135119970826 -0.00078322888257715986 0.0027863902891883353 -0.0011468766287825798
leaf_weight=362 117725 520 369 3456 29913 15545 1211 159 860 663 590 1552 1119 101 208 1473 2608 571 10277 473 282 887 350 157 2456 3169 102 69655 252 1451
leaf_count=362 117725 520 369 3456 29913 15545 1211 159 860 663 590 1552 1119 101 208 1473 2608 571 10277 473 282 887 350 157 2456 3169 102 69655 252 1451
internal_value=-1.41604e-05 0.000307525 -0.000269291 0.000146078 0.000793972 -0.000601887 -0.0037801 -0.00511173 -0.00267792 -0.0106781 0.000430498 -0.00200926 0.00247456 0.000822701 -0.000240946 -0.00464058 0.000540045 0.00313134 -0.00160131 0.00408734 0.00975434 -0.000649291 0.000966604 0.000454568 0.00170157 -0.000485252 -0.000834989 -0.000747099 -0.00585308 -0.00331945
internal_weight=268516 118245 150271 71423 38486 32937 3255 2893 2071 822 35030 4734 1709 30296 29682 3025 18724 3179 10958 681 383 78848 7952 7602 5782 3326 70896 69757 1139 1820
internal_count=268516 118245 150271 71423 38486 32937 3255 2893 2071 822 35030 4734 1709 30296 29682 3025 18724 3179 10958 681 383 78848 7952 7602 5782 3326 70896 69757 1139 1820
is_linear=0
shrinkage=0.03


Tree=77
num_leaves=31
num_cat=0
split_feature=132 46 36 16 55 35 31 34 53 39 13 75 29 2 48 39 32 12 47 62 29 25 17 12 33 32 16 78 19 22
split_gain=26.9411 31.9712 31.7658 33.581 28.2984 73.1514 57.635 90.3898 47.8881 58.8635 44.114 34.9655 29.4072 49.3339 47.1549 47.0573 29.2031 51.7903 27.8581 27.0893 28.2759 22.7145 39.619 29.6608 22.8094 22.5551 21.2189 19.9809 41.8684 28.6912
threshold=1.2803429365158083 1.0083910822868349 0.90986391901969921 0.84176787734031688 0.96834194660186779 0.67680096626281749 0.0082641369663178938 0.58919197320938121 0.98553448915481578 0.010878875851631166 0.92938169836997997 0.92499998211860668 0.010685604996979238 0.12500433623790744 0.97020658850669872 -0.012607447803020476 -0.0049182062502950421 0.99160432815551769 1.1314675211906435 0.74047389626503002 0.010273898486047985 0.054412115365266807 0.74457627534866344 0.98300203680992138 0.78076481819152843 -0.0015085611958056686 0.76328808069229137 0.30000000447034841 0.94299530982971203 0.94915521144866954
decision_type=10 8 10 10 10 8 10 10 8 10 10 2 8 10 10 10 10 10 10 8 10 10 8 10 10 10 8 10 10 10
left_child=1 21 4 19 5 6 11 -8 10 -10 -7 -3 16 14 -14 -15 17 -6 -18 -4 -21 22 -1 -23 -25 -5 -24 29 -29 -28
right_child=-2 2 3 25 12 8 7 -9 9 -11 -12 -13 13 15 -16 -17 18 -19 -20 20 -22 23 26 24 -26 -27 27 28 -30 -31
leaf_value=0.0090193395735223194 0.0004146918205195294 -0.0078878810507345774 -0.00051840359041180329 0.0031840050198075113 0.0094607169010971007 -0.021058553625297526 0.030880795180817822 -0.00093713877248004652 -0.0065389109769313798 0.0050239702355305395 -0.0029119887545337557 0.0004589407788088615 0.0088788706865526989 -0.0064914752369945152 0 0.0048520397504366796 -0.00016353742184666185 0.00023283848346688466 -0.0010677159549229173 0.011008465602323636 -0.00061163088069297368 -0.0089858807259894855 -0.010673138421835072 -0.0054881735730481366 0.0067367022693793797 -0.0020386099855285887 -0.00150619762089957 0.013782904874855673 0.0018374828170407808 0.0019169402751533578
leaf_weight=571 95216 504 324 1357 708 324 118 149 1619 477 264 2948 1261 830 925 493 93152 2508 46471 807 180 436 114 207 296 1565 4350 269 5726 4385
leaf_count=571 95216 504 324 1357 708 324 118 149 1619 477 264 2948 1261 830 925 493 93152 2508 46471 807 180 436 114 207 296 1565 4350 269 5726 4385
internal_value=8.24918e-06 -0.000213305 -0.000346279 0.00219998 -0.000419083 -0.00237575 0.000276026 0.0132515 -0.00613591 -0.00374308 -0.0137683 -0.000711726 -0.000331112 0.00236214 0.0051517 -0.00203176 -0.000399697 0.00240297 -0.000466735 0.00616329 0.00862133 0.00104367 0.00133487 -0.00335201 0.00111469 0.000289999 0.00100735 0.00113244 0.0024674 0.000178417
internal_weight=268554 173338 156984 4233 152751 6403 3719 267 2684 2096 588 3452 146348 3509 2186 1323 142839 3216 139623 1311 987 16354 15415 939 503 2922 14844 14730 5995 8735
internal_count=268554 173338 156984 4233 152751 6403 3719 267 2684 2096 588 3452 146348 3509 2186 1323 142839 3216 139623 1311 987 16354 15415 939 503 2922 14844 14730 5995 8735
is_linear=0
shrinkage=0.03


Tree=78
num_leaves=31
num_cat=0
split_feature=33 14 7 13 48 110 34 138 39 48 0 138 37 7 45 35 51 37 19 46 96 127 52 41 48 44 115 62 39 29
split_gain=23.3481 26.5467 79.7018 41.6807 45.3655 45.2591 42.3648 48.1503 40.9016 37.41 34.1032 31.9849 31.2318 67.7439 68.1423 36.583 32.0031 29.6143 32.4683 40.7828 28.5869 27.8774 44.4171 26.1301 34.5486 102.593 58.3651 60.357 50.2436 42.4425
threshold=0.54748624563217174 0.89303788542747509 0.050574777647852905 0.96610167622566234 0.95100608468055736 0.24264705926179889 0.74439954757690441 0.77035498619079601 -0.021327642723917958 0.99004265666008007 0.0034681526012718682 0.98346614837646495 0.82258594036102306 0.014482540078461172 1.1029837727546694 0.66531595587730419 0.65974488854408275 0.90355437994003307 1.0197734236717226 1.0931117534637453 0.55700430274009716 0.07924529537558557 0.81789129972457897 0.054755873978137977 0.90699952840805065 1.0359417200088503 0.72803324460983287 0.75877732038497936 0.022967590950429443 0.011195811908692123
decision_type=10 8 10 10 10 2 10 10 8 8 8 10 8 10 10 8 10 10 10 10 10 10 8 8 10 10 10 10 10 10
left_child=1 2 3 5 -5 6 -1 -8 11 12 -7 17 16 14 -14 -15 -10 18 19 -3 -18 22 -11 24 25 26 27 29 -26 -2
right_child=23 8 -4 4 -6 10 7 -9 9 21 -12 -13 13 15 -16 -17 20 -19 -20 -21 -22 -23 -24 -25 28 -27 -28 -29 -30 -31
leaf_value=-0.003383200383131669 0.027305727487868268 -0.0050954528184917434 -0.013365196974316776 0.021740573634799927 0.0051114179023716132 0.0014722161217814002 0 0.017626449101751932 0.011653980230612138 -0.012124421942524265 -0.01360289116026415 8.7544904864674645e-05 0.00058217439507651607 0.0067158168122197683 -0.0070471098215545286 0.00032777460477048052 -0.00058189103326215731 0.0060589058919620856 -0.010056187404833695 0.0033815198943235921 -0.0030077086556867354 0.0024913025610840121 0.00038131228577366512 -0.0014743094496859914 0.0004412077820633197 -0.0066942168915128013 0 0.0055595611453441796 -0.0025488808632490928 0.0030638938521764972
leaf_weight=273 282 2268 219 204 748 203 215 303 166 238 247 2134 6770 2240 1219 1418 82785 192 899 598 4679 6430 20381 7137 119239 555 584 708 5239 128
leaf_count=273 282 2268 219 204 748 203 215 303 166 238 247 2134 6770 2240 1219 1418 82785 192 899 598 4679 6430 20381 7137 119239 555 584 708 5239 128
internal_value=0 -0.000278466 0.00281447 0.00467198 0.00935747 0.000748316 0.00523711 0.0102947 -0.000337486 -0.00021891 -0.00639078 -0.00273886 -0.00049023 0.00095746 -0.000559172 0.00433635 -0.000686242 -0.00433135 -0.00496968 -0.00321158 -0.00071575 0.00076545 0.000210817 0.000280793 0.000382214 0.0040554 0.00777197 0.0117286 0.000312563 0.0209297
internal_weight=268701 134829 2412 2193 952 1241 791 518 132417 126326 450 6091 99277 11647 7989 3658 87630 3957 3765 2866 87464 27049 20619 133872 126735 2257 1702 1118 124478 410
internal_count=268701 134829 2412 2193 952 1241 791 518 132417 126326 450 6091 99277 11647 7989 3658 87630 3957 3765 2866 87464 27049 20619 133872 126735 2257 1702 1118 124478 410
is_linear=0
shrinkage=0.03


Tree=79
num_leaves=31
num_cat=0
split_feature=38 82 34 133 38 11 19 14 23 42 39 86 46 14 58 26 77 77 117 125 121 120 11 31 30 138 124 52 76 16
split_gain=25.3801 77.1494 48.5443 43.0897 27.927 55.8073 51.4663 68.116 73.0575 46.961 49.6031 46.95 42.4874 45.3353 40.5948 47.0905 36.2157 41.7131 38.1122 41.8233 37.11 38.5724 38.1156 36.7409 38.5889 35.7176 35.682 34.6318 34.2361 47.4774
threshold=-0.024529799818992611 0.67500001192092907 0.3649295717477799 0.39880137145519262 -0.0026385249802842732 0.98382839560508739 0.95062643289566051 0.89303788542747509 0.020713008940219883 -0.077356711030006395 -0.022536968812346455 -0.84999999403953541 1.2629104256629946 1.0464881062507632 0.93869161605834972 0.037472572177648551 0.091666668653488173 0.27500000596046453 0.40030916035175329 0.21428508311510089 0.29536549746990209 0.30836991965770727 0.9707869589328767 0.0035727614304050808 -0.00033601454924792046 0.73867464065551769 0.26315858960151678 0.79508423805236828 0.050000002607703216 1.070900082588196
decision_type=8 2 10 10 10 8 8 8 10 8 10 2 10 10 10 8 2 2 8 10 10 10 10 8 10 10 10 10 2 8
left_child=1 2 -1 -4 5 9 26 8 -8 10 -2 -11 13 -9 -13 -16 18 28 19 -6 21 22 -19 24 -22 -14 -7 -10 -18 -30
right_child=4 -3 3 -5 16 6 7 12 27 11 -12 14 25 -15 15 -17 17 20 -20 -21 23 -23 -24 -25 -26 -27 -28 -29 29 -31
leaf_value=0.00039534381856087982 0 0.0033412243936961016 -0.016165327900546669 -0.00042073220740213935 -1.0502821373242166e-05 0.0064422382011332293 0 0.00048869096307309248 0.027803438278998588 -0.011469139844761229 0.017370453410473038 0.0091214364239595742 -0.0014451962768514991 -0.0013896307341949487 0.0056582461439255967 -0.000247601582022853 0.0030282820288306624 -0.0026398508627948525 -0.0016949184083474452 0.011714047948074386 -0.00074173629000951879 0.0067174076671383722 0.0027468526394577165 -0.0019393245984100779 0.00054600754156590014 0.0093957971478430009 -0.0078485497255620946 0.0056611257979784562 0.0013207769986471917 -0.0015500487005771584
leaf_weight=360 199 859 610 263 15139 145 337 67436 182 190 378 783 337 13897 1777 3477 6076 1813 25289 258 47280 1235 3191 12144 37367 802 1071 172 18240 7150
leaf_count=360 199 859 610 263 15139 145 337 67436 182 190 378 783 337 13897 1777 3477 6076 1813 25289 258 47280 1235 3191 12144 37367 802 1071 172 18240 7150
internal_value=0 -0.00327465 -0.00810295 -0.0118737 2.70156e-05 0.000453722 0.000238765 0.000332416 0.0095897 0.00306702 0.0112417 0.00222795 0.00024891 0.0001638 0.00274501 0.00170686 -0.000193401 4.1743e-05 -0.000977728 0.000181442 -0.000247927 0.00198301 0.000732742 -0.000395208 -0.00016973 0.0059598 -0.00582508 0.0187252 0.0009993 0.000499942
internal_weight=268457 2092 1233 873 266365 91183 84379 83163 691 6804 577 6227 82472 81333 6037 5254 175182 134496 40686 15397 103030 6239 5004 96791 84647 1139 1216 354 31466 25390
internal_count=268457 2092 1233 873 266365 91183 84379 83163 691 6804 577 6227 82472 81333 6037 5254 175182 134496 40686 15397 103030 6239 5004 96791 84647 1139 1216 354 31466 25390
is_linear=0
shrinkage=0.03


Tree=80
num_leaves=31
num_cat=0
split_feature=132 46 40 71 69 84 81 31 49 10 43 43 145 11 23 105 84 0 33 39 50 11 60 42 138 123 81 17 25 17
split_gain=21.4053 25.9672 27.2621 87.3391 50.067 44.2022 36.4964 36.2756 42.3117 33.7326 33.2177 33.0076 56.4958 37.1035 33.6597 44.1416 30.3301 29.9678 29.9016 28.2749 25.3409 25.0917 59.3302 25.1056 22.7777 22.3324 21.0962 23.1527 19.3327 32.6671
threshold=1.340109705924988 1.0083910822868349 -0.028782048262655732 0.58712619543075573 0.17924510687589648 -0.35000000894069666 0.48333333432674414 0.0033464008010923867 0.82702705264091503 1.0154717564582827 1.0923452973365786 1.0417414903640749 0.4930988103151322 0.99061915278434765 0.0096310465596616286 0.45804196596145635 -0.35000000894069666 0.010321834590286018 0.86343502998352062 -0.013891841284930704 0.89577895402908336 0.99670329689979564 0.90447011590003978 0.084148585796356215 0.66620612144470226 -0.11284220218658446 0.35000000894069677 0.65312957763671886 0.059202577918767936 0.75244280695915233
decision_type=10 8 8 10 10 2 2 10 8 10 10 10 10 10 8 2 2 10 10 10 10 10 10 10 10 10 2 8 10 8
left_child=1 28 3 5 20 -3 25 8 19 -8 -7 14 17 -14 16 -16 -9 -13 -12 -4 -5 23 -23 -10 -21 -6 -2 -28 29 -1
right_child=26 2 7 4 6 10 9 11 21 -11 18 12 13 -15 15 -17 -18 -19 -20 24 -22 22 -24 -25 -26 -27 27 -29 -30 -31
leaf_value=0.0071619717382040626 -0.00017049483220820237 0.00032932819632344073 -0.002408353409684095 0.019689544976921752 0 -0.0057531275688429712 0 -0.0099988812571174413 -0.00051120381167896482 0.019420099135022611 0.0031614864768052934 -0.01565981640918163 0.00039334732150164475 -0.0069205662752722637 -0.0010503463686944226 0.0044629699400266232 -0.0022564066019346743 0 -0.0074674621625430287 0 0.006656506097571597 0.017279484387571837 0.00029032692713698821 -0.0042113874409337396 0.013261074251660137 0.004293953696443433 0.013462288798764347 0.00073739392645356787 -0.0040751408538663263 0.00079075244487100888
leaf_weight=758 36814 12237 163 200 2743 2155 104 570 95668 188 910 513 1547 952 8904 1505 3059 149 297 105 905 167 30063 1686 432 1652 112 47748 632 15637
leaf_count=758 36814 12237 163 200 2743 2155 104 570 95668 188 910 513 1547 952 8904 1505 3059 149 297 105 905 167 30063 1686 432 1652 112 47748 632 15637
internal_value=-3.06107e-05 -0.000213367 -0.000328583 0.000665144 0.0038102 -0.00048681 0.00234882 -0.000476828 -0.000300414 0.0124146 -0.00353047 -0.00177337 -0.00456511 -0.00230664 -0.0011178 -0.0002174 -0.00360285 -0.0123331 0.000222491 0.00693231 0.00959019 -0.000343528 0.00040546 -0.000579217 0.0102908 0.0015589 0.000362728 0.000779049 0.000897274 0.00111196
internal_weight=268575 183901 166874 21391 5792 15599 4687 145483 128284 292 3362 17199 3161 2499 14038 10409 3629 662 1207 700 1105 127584 30230 97354 537 4395 84674 47860 17027 16395
internal_count=268575 183901 166874 21391 5792 15599 4687 145483 128284 292 3362 17199 3161 2499 14038 10409 3629 662 1207 700 1105 127584 30230 97354 537 4395 84674 47860 17027 16395
is_linear=0
shrinkage=0.03


Tree=81
num_leaves=31
num_cat=0
split_feature=35 14 98 1 25 50 26 1 34 16 10 66 62 37 115 14 46 38 15 34 4 38 75 123 72 58 77 42 14 14
split_gain=22.0091 42.7823 57.5623 66.3106 43.8171 52.5289 39.7737 65.8425 54.0937 51.6385 58.8395 51.1089 44.0507 50.6483 47.0712 42.5027 44.5154 56.8151 39.4052 38.0923 37.0753 37.2834 36.9835 35.0298 38.0161 34.8544 60.1897 34.0973 42.0973 34.0392
threshold=0.47035750746726995 0.91378578543663036 0.77500000596046459 0.036157062277197845 0.074668474495410933 0.86872327327728283 0.028704651631414894 0.036612650379538543 0.28446674346923834 0.79563379287719738 1.0182828307151797 0.46770833432674414 0.89972054958343517 0.7735600769519807 0.51233386993408214 1.0793458223342898 1.0739795565605166 -0.0031690251780673857 0.95449998974800121 0.021227206103503708 0.37500374019145971 0.0061338352970778951 0.82500001788139354 -0.48466207087039942 0.51105543971061718 0.97837954759597789 0.041666667908430106 0.041856233030557639 1.02811735868454 0.95823472738266002
decision_type=10 8 2 10 10 10 10 10 10 8 10 10 8 10 10 8 10 10 10 10 10 10 2 10 10 8 2 10 10 8
left_child=1 2 3 -1 5 20 7 12 9 10 -8 19 13 -3 -15 16 22 -18 -9 -11 21 -4 -10 -17 -25 26 -14 28 -20 -27
right_child=-2 6 4 -5 -6 -7 8 18 15 11 -12 -13 25 14 -16 23 17 -19 27 -21 -22 -23 -24 24 -26 29 -28 -29 -30 -31
leaf_value=0.0025657795747664543 0.00028702912137920145 0.00036313219462440584 0.012144220037043109 0.017000757959727313 -0.011521360937463627 -0.0065502993459858501 0.0014110890912460866 0.0012062563179151531 0.00065642876844330175 -0.0018428335721736697 0.019883288148311948 -0.001653702975356815 -0.0032256456285431074 0.015367086739614117 0.0038129345517464229 -0.001129077941091697 -0.00074497333133147095 -0.0046698244030209538 -0.0099785135136891741 0.0028866459383173702 -0.0061976462300347606 0.0012426968522949965 -0.0033642042500557938 0 0.0094998997986501955 -0.0033877735351096169 0.0028312609708453524 0.0015158169034609123 -0.0015992321574484891 -5.6612862217598133e-05
leaf_weight=909 130635 2957 568 454 244 495 524 981 6111 1975 231 8959 1749 439 1516 2761 5266 10025 1533 5871 206 688 3026 877 702 2871 8021 454 986 67011
leaf_count=909 130635 2957 568 454 244 495 524 981 6111 1975 231 8959 1749 439 1516 2761 5266 10025 1533 5871 206 688 3026 877 702 2871 8021 454 986 67011
internal_value=6.67193e-06 -0.000255773 0.00297067 0.00776715 0 0.00149042 -0.0003437 2.57837e-05 -0.00105585 0.000241099 0.00781721 -9.03311e-05 0.00020645 0.00295848 0.00668869 -0.00185754 -0.00234658 -0.00334049 -0.00374421 0.00165634 0.00446691 0.00652087 -0.000646806 0.000824373 0.00439915 3.22715e-05 0.00171195 -0.0054751 -0.00685524 -0.000198691
internal_weight=269045 138410 3564 1363 2201 1957 134846 88518 46328 17560 755 16805 84564 4912 1955 28768 24428 15291 3954 7846 1462 1256 9137 4340 1579 79652 9770 2973 2519 69882
internal_count=269045 138410 3564 1363 2201 1957 134846 88518 46328 17560 755 16805 84564 4912 1955 28768 24428 15291 3954 7846 1462 1256 9137 4340 1579 79652 9770 2973 2519 69882
is_linear=0
shrinkage=0.03


Tree=82
num_leaves=31
num_cat=0
split_feature=124 41 55 16 95 78 76 116 14 25 27 16 35 15 86 37 29 52 37 59 42 12 136 42 38 113 15 30 51 2
split_gain=25.4445 25.5153 49.6802 46.154 43.482 35.7791 62.062 49.4149 45.2643 42.2889 61.5608 61.6916 41.2332 34.9154 32.9064 37.5708 33.5071 31.6307 33.9656 29.8784 31.4248 27.4196 27.0907 34.0114 29.7701 37.5237 29.9759 29.4288 33.6855 25.8786
threshold=-0.69620192050933827 -0.0021077073179185386 0.972393959760666 0.72948259115219127 0.46639749407768255 0.5000000149011613 0.41666667163372045 0.70301687717437755 0.98537719249725353 0.021992069669067863 0.068110954016447081 0.98619726300239574 0.8182092308998109 0.86681655049324047 0.21666666865348819 0.74813246726989757 -0.015378217678517101 0.86288022994995128 0.63785538077354442 0.94077596068382274 0.058876575902104385 1.0068597197532656 0.25783526897430425 0.0059394366107881078 -0.011798276100307701 0.71428534388542186 1.1344455480575564 0.0078940386883914488 0.78759726881980907 -0.52174016833305348
decision_type=10 8 10 8 10 10 2 10 8 10 10 10 10 10 2 10 10 10 10 10 10 10 8 10 8 10 10 10 10 10
left_child=-1 2 19 4 -3 9 14 8 -8 17 12 -12 -11 -6 16 -16 -7 18 -4 20 -2 -9 23 24 25 -5 -26 28 -25 -19
right_child=1 3 5 22 13 6 7 21 -10 10 11 -13 -14 -15 15 -17 -18 29 -20 -21 -22 -23 -24 27 26 -27 -28 -29 -30 -31
leaf_value=0.0014871438430407405 0.0032287763289308973 0 -0.00051295838419060727 -0.011657226111965789 -0.013698715368019683 0.0051414675579294833 -0.0017238607421661699 0.0074485963430443699 0.00076915283178551096 -0.0049888895924876395 -0.0014561384238211709 0.0062993614261969508 -8.2816003636398136e-05 0.0012677533522308351 -0.0052505646811577301 0.0042894451470633765 -0.00092674703300524698 0.0012202571107120428 0.0061201116122550792 0 0.026403646892143622 -0.0028274286900681336 0.00058477707800958401 0.0058221508654577731 -0.001397779783347191 0.005602190863253094 0.0050753639944693969 -0.0041275289835057266 0.00029480274602202453 -0.0019309221349336912
leaf_weight=10168 155 793 1233 485 554 807 7675 1345 42592 7274 5190 1101 2115 135 2784 378 32802 3492 1369 241 115 224 92997 1020 15415 107 635 1260 27639 6619
leaf_count=10168 155 793 1233 485 554 807 7675 1345 42592 7274 5190 1101 2115 135 2784 378 32802 3492 1369 241 115 224 92997 1020 15415 107 635 1260 27639 6619
internal_value=1.5786e-05 -4.10282e-05 -0.000368476 0.00022968 -0.00499035 -0.000412408 -0.000111632 0.000553214 0.000382008 -0.00133975 -0.00238157 -3.56357e-05 -0.00391814 -0.0103901 -0.00105681 -0.00399604 -0.000769149 -2.951e-05 0.00288257 0.00876208 0.0152742 0.00577561 0.000287969 -0.000298406 -0.00138794 -0.00796637 -0.00111701 0.000298131 0.00050591 -0.000812738
internal_weight=268719 258551 117511 141040 1482 117000 88607 51836 50267 28393 15680 6291 9389 689 36771 3162 33609 12713 2602 511 270 1569 139558 46561 16642 592 16050 29919 28659 10111
internal_count=268719 258551 117511 141040 1482 117000 88607 51836 50267 28393 15680 6291 9389 689 36771 3162 33609 12713 2602 511 270 1569 139558 46561 16642 592 16050 29919 28659 10111
is_linear=0
shrinkage=0.03


Tree=83
num_leaves=31
num_cat=0
split_feature=13 61 81 121 114 58 10 27 35 86 1 27 58 13 86 42 50 87 10 25 113 51 50 32 6 87 14 78 14 41
split_gain=23.411 58.2853 57.7294 64.5476 40.3495 40.0947 39.2083 38.679 36.2006 47.9074 49.0579 79.904 39.2256 38.3222 38.7874 36.3637 45.8432 53.5429 35.5184 54.0678 67.858 50.0421 39.8676 61.462 40.6483 37.4603 37.2197 36.9493 64.4061 39.8715
threshold=0.9850931465625764 0.78723517060279857 0.050000002607703216 0.3446576595306397 0.39285676181316381 0.99578985571861278 1.0101962685585024 0.078370895236730589 0.74828276038169872 -0.81666666269302357 0.017721534706652168 0.087848428636789336 1.0160933136940005 1.1154526472091677 0.15000000596046451 0.043660573661327369 0.87591245770454418 0.75833332538604747 1.0182828307151797 0.050836589187383659 0.80799955129623424 0.65974488854408275 0.92218309640884411 0.00035138752718921756 0.37037070095539099 0.22500000149011615 0.91048598289489757 0.30000000447034841 0.92453265190124523 0.045725362375378616
decision_type=8 8 2 10 10 10 10 10 10 2 10 10 10 10 2 10 10 2 10 10 10 10 10 10 10 2 8 10 8 10
left_child=4 2 -2 -4 6 -5 -1 -8 9 10 -3 12 -12 -11 -15 16 17 -10 19 21 -21 -6 23 -20 26 -24 -25 29 -29 -23
right_child=1 8 3 5 18 -7 7 -9 15 13 11 -13 -14 14 -16 -17 -18 -19 22 20 -22 27 25 24 -26 -27 -28 28 -30 -31
leaf_value=-0.0011124390930148842 -0.010510787599587014 0.00023987946022847355 0.014771570761919197 -0.011436162161264108 0.013743063545614284 0.0076495811091066178 -0.010468820016036749 1.7558934720882188e-05 0.011495441622912706 0.00014707566335375619 -0.0050807945077649972 0.0056211619804990114 0.00017435403472018584 0 -0.011610396194647141 -0.0023405974985346977 0.00098435223419387347 0 0.0063008719857576886 -0.0066571291792575475 0 -0.00045740312118781466 -0.0055583911880362075 -0.0044215577780769124 0.008191177602203753 0.0026506886646806378 0.0015838633205137588 0.0054855933075927902 0.00010753944579051941 -0.0032178841275441621
leaf_weight=2769 120 6603 665 158 208 199 1008 376 803 133045 6479 803 1454 643 483 2722 34043 585 2528 2772 2793 35324 1192 1470 509 780 2369 2251 18192 5503
leaf_count=2769 120 6603 665 158 208 199 1008 376 803 133045 6479 803 1454 643 483 2722 34043 585 2528 2772 2793 35324 1192 1470 509 780 2369 2251 18192 5503
internal_value=-1.105e-05 0.000170083 0.00687318 0.00936482 -0.000441982 -0.000160155 -0.00332077 -0.00744658 0.000126965 -8.1706e-05 -0.00166991 -0.00314491 -0.00408187 9.78504e-05 -0.00535774 0.000952157 0.00121476 0.00655868 -0.00027966 -0.000518863 -0.00334958 -0.000256742 0.00149608 0.00259331 0.000350014 -0.00216678 -0.000648943 -0.000313633 0.000719166 -0.000838221
internal_weight=268849 188805 1142 1022 80044 357 4153 1384 187663 149510 15339 8736 7933 134171 1126 38153 35431 1388 75891 67043 5565 61478 8848 6876 4348 1972 3839 61270 20443 40827
internal_count=268849 188805 1142 1022 80044 357 4153 1384 187663 149510 15339 8736 7933 134171 1126 38153 35431 1388 75891 67043 5565 61478 8848 6876 4348 1972 3839 61270 20443 40827
is_linear=0
shrinkage=0.03


Tree=84
num_leaves=31
num_cat=0
split_feature=49 56 33 130 16 9 13 24 34 35 38 56 61 28 25 23 36 141 82 38 38 19 128 81 3 49 61 17 54 79
split_gain=21.3779 59.9456 55.5025 37.2949 31.3418 29.9446 38.8701 35.2643 29.2821 25.1431 22.5816 22.3371 25.656 81.451 73.1443 78.5803 34.1054 31.7804 31.2605 39.0975 32.8253 28.9721 42.4914 30.8711 40.5952 30.3769 35.4971 67.775 32.6174 37.8022
threshold=0.82702705264091503 0.95775219798088085 0.93260645866394054 2.1718821525573735 0.85590776801109325 0.98646631836891185 0.84643420577049266 0.070405155420303359 0.85944232344627391 0.69111281633377086 0.012500000651925804 0.89488443732261669 0.81931218504905712 0.026770328171551231 0.048642985522747047 0.035780644044280059 0.75450050830841076 1.7163897156715395 0.39166666567325598 0.0077962437644600877 -0.0017917107907123862 0.95869031548500072 1.030201852321625 0.41666667163372045 0.0032389150001108651 0.88490423560142528 0.89637246727943432 1.1020408272743227 1.0246381759643557 0.15000000223517421
decision_type=8 10 10 10 10 10 10 10 10 10 10 8 8 8 10 10 10 10 2 10 10 8 10 2 10 8 8 10 8 2
left_child=1 4 3 10 5 6 7 -1 9 -7 -3 -2 13 14 18 16 -16 -17 20 -20 -13 22 -14 -24 -25 28 27 -27 29 -23
right_child=11 2 -4 -5 -6 8 -8 -9 -10 -11 -12 12 21 -15 15 17 -18 -19 19 -21 -22 25 23 24 -26 26 -28 -29 -30 -31
leaf_value=0.014311031906793895 -0.006044893294676639 0.015913836389917401 -0.0076112281620645738 -0.002225042134127084 0.0091854762674954075 -0.0037095436239369135 -0.011232653898020674 -0.0050906156469136474 0.010949660084714973 0.0091945119105986545 0.00079404404577133913 0 -0.00011772064458371227 0.026150381426811215 -0.0020533914439124466 -0.016039587195237646 0.0039724955427970386 0 0.0085563064939624331 -0.006748511367265812 0.019623212038037869 0.0098659924190559242 -0.0011669019962141137 -0.00058837774610185213 -0.010061377939726775 -0.0021347196476656791 2.0892744646684208e-05 0.010142322907821313 -0.0025627812726423146 0.0010201920716204592
leaf_weight=110 541 636 136 121 240 690 505 200 207 142 155 106 6462 105 1507 353 1783 127 426 189 305 853 1854 709 1241 11211 235770 393 580 1049
leaf_count=110 541 636 136 121 240 690 505 200 207 142 155 106 6462 105 1507 353 1783 127 426 189 305 853 1854 709 1241 11211 235770 393 580 1049
internal_value=-3.04548e-05 0.00241943 0.00821849 0.0110136 -0.000391255 -0.00187585 -0.00617562 0.00133484 0.00126658 -0.000990921 0.0134136 -6.07501e-05 -4.69473e-05 0.00209655 0.00140123 -0.000468737 0.00112595 -0.0116068 0.00843676 0.00331602 0.0148937 -8.86446e-05 -0.00164944 -0.00415876 -0.00681032 -2.31876e-05 -5.76407e-05 -0.00167638 0.00326376 0.00520478
internal_weight=268706 3142 1048 912 2094 1854 815 310 1039 832 791 265564 265023 4901 4796 3770 3290 480 1026 615 411 260122 10266 3804 1950 249856 247374 11604 2482 1902
internal_count=268706 3142 1048 912 2094 1854 815 310 1039 832 791 265564 265023 4901 4796 3770 3290 480 1026 615 411 260122 10266 3804 1950 249856 247374 11604 2482 1902
is_linear=0
shrinkage=0.03


Tree=85
num_leaves=31
num_cat=0
split_feature=28 28 86 52 77 59 39 101 34 18 52 114 41 19 41 79 33 52 11 81 71 39 114 58 49 26 34 39 58 81
split_gain=22.1467 29.2371 68.2726 39.4758 37.2561 28.3783 54.1569 45.3318 27.9984 27.7016 45.8176 53.1618 38.7999 53.674 38.8393 38.0556 33.3317 30.4863 64.5827 45.7212 30.2298 28.8478 50.1594 52.6324 42.548 29.0798 37.7125 27.5689 41.5454 27.4048
threshold=-0.031729871407151215 -0.013699054718017576 0.68333333730697643 0.65406939387321483 0.34166666865348821 1.0647348761558535 -0.0038046308327466245 0.5313725769519807 0.15334186702966693 1.0215772390365603 0.65406939387321483 0.57894769310951244 -0.028286361135542389 1.0177528858184817 0.0018530648667365315 0.65000000596046459 0.47297161817550665 0.59931728243827831 0.9873015582561494 0.050000002607703216 0.018182069994509224 -0.013891841284930704 0.73255842924118053 0.97688350081443798 0.94041445851326 0.028532153926789764 0.11182849109172822 1.0000000180025095e-35 1.0136434435844424 0.21666666865348819
decision_type=8 8 2 10 2 10 10 2 10 10 10 10 10 10 10 2 10 8 10 2 10 8 10 10 10 10 10 10 10 2
left_child=5 2 3 -2 27 6 7 -1 -4 17 11 -11 15 14 -14 16 -12 18 19 -3 -15 22 24 -24 -19 -23 -27 28 -5 -21
right_child=1 9 8 4 -6 -7 -8 -9 -10 10 12 -13 13 20 -16 -17 -18 21 -20 29 -22 25 23 -25 -26 26 -28 -29 -30 -31
leaf_value=-0.02160337342379955 0.013711782750060282 -0.010256572643131701 0.012922913226442267 -0.0016277264620970656 -0.0011950286335650727 0.00025739480386853704 0.0054425308393735074 0 0.0035068322486115217 0.022216184428137428 -0.0085516962663049652 -0.0025458486547130484 -0.002113038386700134 0 0.0072080888282398514 0.00098520971285404177 0 -0.002108725745166201 -0.018368170351078288 0.011524372312671212 -0.0059712142461801889 0.00025412876536561908 -0.0037609961438190907 0.0059820112639866396 0.0013681471459224789 0.00075592923099670334 -0.00074436781898886361 0.0076104499701223653 0.0040921674724635985 -0.0017383499786587831
leaf_weight=259 185 261 565 2157 6110 515 135 151 836 139 779 109 999 937 620 6015 831 4271 232 248 3975 126504 544 2998 11778 18662 75130 740 2288 217
leaf_count=259 185 261 565 2157 6110 515 135 151 836 139 779 109 999 937 620 6015 831 4271 232 248 3975 126504 544 2998 11778 18662 75130 740 2288 217
internal_value=8.55185e-06 2.69309e-05 0.00142099 0.000623521 0.000358778 -0.00427712 -0.00895043 -0.01442 0.00764374 -4.23503e-05 -0.00131989 0.0108357 -0.001569 -0.00326363 0.00131787 -7.35249e-05 -0.00417659 3.29124e-05 -0.00524983 -0.000275542 -0.00483374 5.56957e-05 0.00115881 0.00438869 0.000422731 -4.1139e-05 -0.000442555 0.00224498 0.00125446 0.00490009
internal_weight=269190 268130 12881 11480 11295 1060 545 410 1401 255249 14404 248 14156 6531 1619 7625 1610 240845 958 726 4912 239887 19591 3542 16049 220296 93792 5185 4445 465
internal_count=269190 268130 12881 11480 11295 1060 545 410 1401 255249 14404 248 14156 6531 1619 7625 1610 240845 958 726 4912 239887 19591 3542 16049 220296 93792 5185 4445 465
is_linear=0
shrinkage=0.03


end of trees

feature_importances:
RESI5=77
ROC30=63
BETA10=61
RSQR20=60
ROC60=53
ROC5=52
KLEN=50
RSQR10=47
RESI10=45
QTLD30=45
RSQR30=44
STD30=43
BETA5=43
IMXD30=43
RSQR60=42
RESI20=42
RESI60=41
RESI30=40
RSQR5=39
STD60=38
STD10=37
STD20=36
ROC10=35
STD5=34
LOW0=33
MAX30=33
MA60=31
BETA60=31
MIN60=29
HIGH0=28
QTLU60=28
IMIN30=28
ROC20=27
MIN10=27
QTLU30=26
BETA30=25
QTLD5=25
MA5=24
MIN30=24
RSV30=24
VWAP0=23
QTLU5=23
QTLU10=23
IMAX5=23
IMAX60=23
IMIN60=23
KUP=22
KLOW=22
MAX20=22
BETA20=21
MIN20=21
QTLD60=21
IMXD60=21
MAX5=20
IMIN5=20
MAX10=19
RSV60=19
IMAX30=19
IMIN10=19
KMID=18
KSFT=18
MA10=18
SUMP5=18
SUMD20=18
KSFT2=17
MIN5=16
SUMP20=16
KMID2=15
MAX60=15
QTLU20=15
SUMD5=15
KLOW2=13
QTLD20=13
IMXD10=13
SUMP10=13
SUMN20=13
WVMA5=13
RSV5=12
RSV10=12
SUMN5=12
SUMN30=12
SUMD10=12
MA30=11
IMXD5=11
SUMN10=11
WVMA20=11
OPEN0=10
IMAX10=10
SUMP30=10
MA20=9
RANK60=9
KUP2=8
QTLD10=8
IMXD20=8
SUMD60=8
IMAX20=7
SUMP60=7
SUMN60=7
WVMA10=7
IMIN20=6
RANK30=5
RSV20=5
CORD60=5
CNTP60=5
CNTN20=5
CNTD10=5
CNTD20=5
CNTD30=5
CNTD60=5
SUMD30=5
VMA60=5
RANK20=4
CORD20=4
RANK10=3
CORR5=3
CORD5=3
CNTP5=3
CNTP30=3
CNTN5=3
CNTN60=3
CNTD5=3
VSTD60=3
WVMA30=3
CORR20=2
CORR30=2
CORD30=2
CNTN10=2
VMA5=2
VMA30=2
VSTD5=2
WVMA60=2
VSUMP20=2
RANK5=1
CORR10=1
CORR60=1
CORD10=1
CNTP10=1
CNTP20=1
CNTN30=1
VMA10=1
VMA20=1
VSTD10=1
VSTD30=1
VSUMP30=1
VSUMN5=1
VSUMN20=1
VSUMD5=1
VSUMD10=1
VSUMD30=1

parameters:
[boosting: gbdt]
[objective: regression]
[metric: l2]
[tree_learner: serial]
[device_type: cpu]
[data_sample_strategy: bagging]
[data: ]
[valid: ]
[num_iterations: 500]
[learning_rate: 0.03]
[num_leaves: 31]
[num_threads: 12]
[seed: 20260812]
[deterministic: 1]
[force_col_wise: 1]
[force_row_wise: 0]
[histogram_pool_size: -1]
[max_depth: 7]
[min_data_in_leaf: 100]
[min_sum_hessian_in_leaf: 0.001]
[bagging_fraction: 0.8]
[pos_bagging_fraction: 1]
[neg_bagging_fraction: 1]
[bagging_freq: 1]
[bagging_seed: 20260812]
[bagging_by_query: 0]
[feature_fraction: 0.8]
[feature_fraction_bynode: 1]
[feature_fraction_seed: 20260812]
[extra_trees: 0]
[extra_seed: 9622]
[early_stopping_round: 0]
[early_stopping_min_delta: 0]
[first_metric_only: 0]
[max_delta_step: 0]
[lambda_l1: 10]
[lambda_l2: 20]
[linear_lambda: 0]
[min_gain_to_split: 0]
[drop_rate: 0.1]
[max_drop: 50]
[skip_drop: 0.5]
[xgboost_dart_mode: 0]
[uniform_drop: 0]
[drop_seed: 26770]
[top_rate: 0.2]
[other_rate: 0.1]
[min_data_per_group: 100]
[max_cat_threshold: 32]
[cat_l2: 10]
[cat_smooth: 10]
[max_cat_to_onehot: 4]
[top_k: 20]
[monotone_constraints: ]
[monotone_constraints_method: basic]
[monotone_penalty: 0]
[feature_contri: ]
[forcedsplits_filename: ]
[refit_decay_rate: 0.9]
[cegb_tradeoff: 1]
[cegb_penalty_split: 0]
[cegb_penalty_feature_lazy: ]
[cegb_penalty_feature_coupled: ]
[path_smooth: 0]
[interaction_constraints: ]
[verbosity: -1]
[saved_feature_importance_type: 0]
[use_quantized_grad: 0]
[num_grad_quant_bins: 4]
[quant_train_renew_leaf: 0]
[stochastic_rounding: 1]
[linear_tree: 0]
[max_bin: 255]
[max_bin_by_feature: ]
[min_data_in_bin: 3]
[bin_construct_sample_cnt: 200000]
[data_random_seed: 20260812]
[is_enable_sparse: 1]
[enable_bundle: 1]
[use_missing: 1]
[zero_as_missing: 0]
[feature_pre_filter: 1]
[pre_partition: 0]
[two_round: 0]
[header: 0]
[label_column: ]
[weight_column: ]
[group_column: ]
[ignore_column: ]
[categorical_feature: ]
[forcedbins_filename: ]
[precise_float_parser: 0]
[parser_config_file: ]
[objective_seed: 6428]
[num_class: 1]
[is_unbalance: 0]
[scale_pos_weight: 1]
[sigmoid: 1]
[boost_from_average: 1]
[reg_sqrt: 0]
[alpha: 0.9]
[fair_c: 1]
[poisson_max_delta_step: 0.7]
[tweedie_variance_power: 1.5]
[lambdarank_truncation_level: 30]
[lambdarank_norm: 1]
[label_gain: ]
[lambdarank_position_bias_regularization: 0]
[eval_at: ]
[multi_error_top_k: 1]
[auc_mu_weights: ]
[num_machines: 1]
[local_listen_port: 12400]
[time_out: 120]
[machine_list_filename: ]
[machines: ]
[gpu_platform_id: -1]
[gpu_device_id: -1]
[gpu_device_id_list: ]
[gpu_use_dp: 0]
[num_gpu: 1]

end of parameters

pandas_categorical:null
