tree
version=v4
num_class=1
num_tree_per_iteration=1
label_index=0
max_feature_idx=157
objective=regression
feature_names=KMID KLEN KMID2 KUP KUP2 KLOW KLOW2 KSFT KSFT2 OPEN0 HIGH0 LOW0 VWAP0 ROC5 ROC10 ROC20 ROC30 ROC60 MA5 MA10 MA20 MA30 MA60 STD5 STD10 STD20 STD30 STD60 BETA5 BETA10 BETA20 BETA30 BETA60 RSQR5 RSQR10 RSQR20 RSQR30 RSQR60 RESI5 RESI10 RESI20 RESI30 RESI60 MAX5 MAX10 MAX20 MAX30 MAX60 MIN5 MIN10 MIN20 MIN30 MIN60 QTLU5 QTLU10 QTLU20 QTLU30 QTLU60 QTLD5 QTLD10 QTLD20 QTLD30 QTLD60 RANK5 RANK10 RANK20 RANK30 RANK60 RSV5 RSV10 RSV20 RSV30 RSV60 IMAX5 IMAX10 IMAX20 IMAX30 IMAX60 IMIN5 IMIN10 IMIN20 IMIN30 IMIN60 IMXD5 IMXD10 IMXD20 IMXD30 IMXD60 CORR5 CORR10 CORR20 CORR30 CORR60 CORD5 CORD10 CORD20 CORD30 CORD60 CNTP5 CNTP10 CNTP20 CNTP30 CNTP60 CNTN5 CNTN10 CNTN20 CNTN30 CNTN60 CNTD5 CNTD10 CNTD20 CNTD30 CNTD60 SUMP5 SUMP10 SUMP20 SUMP30 SUMP60 SUMN5 SUMN10 SUMN20 SUMN30 SUMN60 SUMD5 SUMD10 SUMD20 SUMD30 SUMD60 VMA5 VMA10 VMA20 VMA30 VMA60 VSTD5 VSTD10 VSTD20 VSTD30 VSTD60 WVMA5 WVMA10 WVMA20 WVMA30 WVMA60 VSUMP5 VSUMP10 VSUMP20 VSUMP30 VSUMP60 VSUMN5 VSUMN10 VSUMN20 VSUMN30 VSUMN60 VSUMD5 VSUMD10 VSUMD20 VSUMD30 VSUMD60
feature_infos=[-0.17333331704139709:0.222027987241745] [0:0.23313604295253754] [-1:1] [0:0.21226702630519867] [0:1] [0:0.19577737152576447] [0:1] [-0.21737830340862274:0.22217290103435516] [-1:1] [0.81831187009811401:1.2096774578094482] [1:1.2203390598297119] [0.79261672496795654:1] [0.89535439014434814:1.0984309911727905] [0.56168830394744873:1.5347062349319458] [0.53571426868438721:1.8924485445022583] [0.46860837936401367:2.2146341800689697] [0.45439684391021729:2.740487813949585] [0.36440131068229675:2.6513261795043945] [0.73896104097366333:1.2064073085784912] [0.6396104097366333:1.4220441579818726] [0.58701300621032715:1.7117466926574707] [0.56646168231964111:1.9959673881530762] [0.4937971830368042:1.8249267339706421] [0:0.19015249609947205] [0:0.2603875994682312] [0:0.36472421884536743] [0:0.57258552312850952] [0:0.50059491395950317] [-0.11732283234596252:0.10957792401313782] [-0.11732283234596252:0.060255382210016251] [-0.11732283234596252:0.056420248001813889] [-0.11732283234596252:0.056420248001813889] [-0.11732283234596252:0.056420248001813889] [0:1] [0:1] [0:1] [0:1] [0:1] [-0.15930634737014771:0.075261890888214111] [-0.19312354922294617:0.18788224458694458] [-0.29853948950767517:0.28541278839111328] [-0.40098747611045837:0.33911812305450439] [-0.96870207786560059:0.41112944483757019] [1:1.5713194608688354] [1:1.9298244714736938] [1:2.2439024448394775] [1:3.3160974979400635] [1:3.3160974979400635] [0.56493508815765381:1] [0.5292208194732666:1] [0.4660193920135498:1] [0.43721681833267212:1] [0.34951454401016235:1] [0.86623376607894897:1.3299539089202881] [0.72197312116622925:1.6361554861068726] [0.5753246545791626:2.054157018661499] [0.54870128631591797:2.423609733581543] [0.56576049327850342:2.2013657093048096] [0.59188312292098999:1.1517097949981689] [0.53538960218429565:1.2103414535522461] [0.49352750182151794:1.3664377927780151] [0.47533980011940002:1.5493515729904175] [0.39857602119445801:1.5099923610687256] [0.20000000298023224:1] [0.10000000149011612:1] [0.05000000074505806:1] [0.033333335071802139:1] [0.01666666753590107:1] [0:1] [0:1] [0:1] [0:1] [0:1] [0.20000000298023224:1] [0.10000000149011612:1] [0.05000000074505806:1] [0.033333335071802139:1] [0.01666666753590107:1] [0.20000000298023224:1] [0.10000000149011612:1] [0.05000000074505806:1] [0.033333335071802139:1] [0.01666666753590107:1] [-0.80000001192092896:0.80000001192092896] [-0.89999997615814209:0.89999997615814209] [-0.94999998807907104:0.94999998807907104] [-0.96666663885116577:0.96666663885116577] [-0.98333334922790527:0.98333334922790527] [-1:1] [-1:1] [-1:1] [-1:1] [-1:1] [-1:1] [-1:1] [-1:1] [-1:1] [-1:1] [0:1] [0:1] [0:0.94999998807907104] [0:0.91666668653488159] [0:0.91666668653488159] [0:1] [0:1] [0:0.89999997615814209] [0:0.8571428656578064] [0:0.8571428656578064] [-1:1] [-1:1] [-0.83333331346511841:0.91666668653488159] [-0.83333331346511841:0.91666668653488159] [-0.83333331346511841:0.91666668653488159] [0:1] [0:1] [0:1] [0:1] [0:1] [0:1] [0:1] [0:1] [0:1] [0:1] [-1:1] [-1:1] [-1:1] [-1:1] [-1:1] [0.20004743337631226:15222.455078125] [0.10012400150299072:19018.634765625] [0.050104878842830658:17437.12890625] [0.033520448952913284:22716.572265625] [0.017187755554914474:26107.111328125] [0.00080492562847211957:21624.73828125] [0.0021778203081339598:58684.484375] [0.0021778203081339598:44502.63671875] [0.0021778203081339598:36894.8125] [0.0021778203081339598:26550.70703125] [0:2.2360680103302002] [0:3.1615598201751709] [0:4.4708261489868164] [0:5.4658303260803223] [0:7.5986995697021484] [0:1] [0:1] [0:1] [0:1] [0:1] [0:1] [0:1] [0:1] [0:1] [0:1] [-1:1] [-1:1] [-1:1] [-1:1] [-1:1]
tree_sizes=3075 3017 3065 3102 3109 3072 3041 3043 3070 3094 3048 2992 3125 3074 3114 3100 3058 3081 3002 3041 3075 3082 3045 3083 3114 3037 3012 3105 3087 3112 3050 3061 2937 3110 3040 3091 3073 3035 3096 3087 3081 3108 3028 3025 3032 3052 3016 3006 3080 3051 3061 3036 3131 3042 3008 3005 3019 3115 3043 3108 3058 3033 3101 3087 3096 3013 3097 2992 3135 3053 2982 2985 3037 3018 2989 3116 3118 3112 3057 3093 3091 3046 2908 3004 3031 3048 3107 3078 3075 3095 3096 3017 3027 3005 3026 3087 3048 3009 3092 2923 3079 3046 3059 2996 3012 3029 3076 3055 3125 3051 3122

Tree=0
num_leaves=31
num_cat=0
split_feature=16 26 37 40 113 74 115 10 13 14 36 86 35 14 56 82 62 35 76 46 52 2 33 24 33 58 6 39 34 86
split_gain=172.446 136.629 79.2924 94.1554 66.393 63.3322 67.8056 68.2264 61.5907 79.5537 60.1065 60.0552 57.272 86.487 69.3947 54.7046 53.8532 53.792 53.7714 69.0436 45.6582 42.0986 44.5766 41.3634 40.3077 34.8146 33.6491 30.86 30.3594 27.6685
threshold=1.2279316186904909 0.019962045364081863 0.85060060024261486 -0.05670111067593097 0.55909079313278209 0.55000001192092907 0.74285677075386058 1.017653822898865 0.98328420519828807 0.82351601123809826 0.80438071489334118 0.91666665673255932 0.46542491018772131 0.91677412390708934 0.9152820110321046 0.12500000372529033 0.71961370110511791 0.46078670024871832 0.18333333730697635 1.0375809669494631 0.59931728243827831 0.88889041543006908 0.12747163325548175 0.038079958409070976 0.53835809230804454 0.95531159639358532 0.30000007152557379 0.019120578654110435 0.93846803903579723 -0.84999999403953541
decision_type=10 10 10 10 8 2 10 10 8 8 10 2 10 8 10 2 10 10 2 10 10 10 10 10 10 10 10 10 10 2
left_child=1 4 5 15 -1 8 12 16 18 -10 -2 -9 13 -7 -14 -4 -8 -11 27 -20 26 28 -23 24 -12 -6 -5 -3 -22 -25
right_child=10 2 3 20 25 6 7 11 9 17 23 -13 14 -15 -16 -17 -18 -19 19 -21 21 22 -24 29 -26 -27 -28 -29 -30 -31
leaf_value=0.00024826607639700496 0.0029697192248646599 0.0019897531732469879 0.0022435733858282314 -0.015954851881183302 0.0083617333187301097 0.0044493856219045089 -0.014079700819862762 0.0063465342505665866 0.021926664479148022 -0.0017954736883928845 -0.0038177172712002198 -0.0075402603902830498 -0.0073248630658336563 -0.00099666856872008863 0.0013970910443746997 0.022825419989861508 -0.0029838515923400056 -0.00026651034434562712 0.00035016729499548585 -0.0060605138271870151 0.00063580017803595377 0.016743030300846173 0.0023392898113761009 0.0081615701006737505 0.011514298245850782 0.0019102999312712254 0.0006648191361049836 -0.0035077190624220583 0.0099998514207821076 0.021759533925926378
leaf_weight=42106 1657 2237 263 225 786 2818 419 1212 116 37766 238 328 813 32979 32345 269 7135 47053 1864 6375 15744 297 683 377 308 30042 137 1519 304 440
leaf_count=42106 1657 2237 263 225 786 2818 419 1212 116 37766 238 328 813 32979 32345 269 7135 47053 1864 6375 15744 297 683 377 308 30042 137 1519 304 440
internal_value=6.67464e-06 -7.34492e-05 -0.000492701 0.00140128 0.00103114 -0.000688541 -4.84443e-05 -0.0024836 -0.00120074 -0.000911155 0.00711232 0.00313777 0.000268989 -0.000557325 0.00116991 0.013644 -0.00367447 -0.000951086 -0.00322137 -0.00457649 0.000994268 0.00123855 0.00725206 0.0118158 0.00440233 0.00208983 -0.00917425 -0.000160886 0.000844082 0.0161882
internal_weight=268855 265835 192901 17922 72934 174979 78049 9094 96930 84935 3020 1540 68955 35797 33158 532 7554 84819 11995 8239 17390 17028 980 1363 546 30828 362 3756 16048 817
internal_count=268855 265835 192901 17922 72934 174979 78049 9094 96930 84935 3020 1540 68955 35797 33158 532 7554 84819 11995 8239 17390 17028 980 1363 546 30828 362 3756 16048 817
is_linear=0
shrinkage=1


Tree=1
num_leaves=31
num_cat=0
split_feature=16 26 57 61 25 22 10 43 29 28 13 53 36 36 123 27 68 35 50 56 85 23 28 11 35 14 68 25 107 13
split_gain=157.178 134.053 87.5411 87.009 97.2838 95.1442 94.5159 85.1555 77.0116 92.9023 75.9768 75.5777 73.4424 66.9927 63.2749 61.736 51.1451 41.2795 40.1703 38.5832 35.3926 39.2254 31.9356 24.3783 25.9635 23.557 22.8782 22.4009 20.3652 19.8164
threshold=1.2279316186904909 0.019962045364081863 0.81709790229797374 0.74462234973907482 0.051602538675069816 0.75441977381706249 1.0182828307151797 1.0222705006599428 -0.00028205721173435444 -0.011853173375129698 0.98619580268859874 0.99931564927101146 0.80438071489334118 0.71840566396713268 0.24999906867742541 0.058462811633944518 0.50666657090187084 0.75160866975784313 0.70271128416061412 1.1723754405975344 -0.92499998211860646 0.017206165008246902 0.012239373754709961 0.99081394076347362 0.74828276038169872 1.0260228514671328 0.12698507308959964 0.019946587271988395 0.55051019787788402 0.92562401294708263
decision_type=10 10 10 10 10 10 10 10 10 8 8 10 10 8 8 10 10 10 8 10 2 10 10 8 10 8 10 10 2 10
left_child=1 14 11 4 -4 7 13 -5 10 -10 -7 15 -2 -6 23 -3 -8 18 -13 -14 26 -22 27 28 -25 -26 -21 -16 -1 -17
right_child=12 2 3 5 6 8 16 -9 9 -11 -12 17 19 -15 22 29 -18 -19 -20 20 21 -23 -24 24 25 -27 -28 -29 -30 -31
leaf_value=-0.00028666797563810784 0.0021348329901424699 -0.0027866879270257404 0.024031263424698735 0.00084312148951321941 -0.018642500949978099 -0.0035282462750746819 0.023846458001030808 -0.028404955688434153 0.0059124794176711347 -2.8235538673545514e-05 -0.00078426996401350074 0.0041573849463082367 0 0.001787063330087031 0.0022164667526573707 -0.029788391415998337 0.0013108283316301728 0.011347819913873356 -0.016301647357517077 -0.00060461008618888144 0 0.020112152188748168 0.0079019770058153041 0.00045720791015383593 0.0051800224703569611 8.9993521217957538e-05 0.012514222085701476 -0.0017266803334605946 -0.0039251359117157894 -0.0068109442458953711
leaf_weight=9685 1591 239 237 122 185 10261 202 188 2409 92843 84920 121 201 410 23106 230 209 163 158 211 107 698 877 32727 2121 1525 172 1273 1648 100
leaf_count=9685 1591 239 237 122 185 10261 202 188 2409 92843 84920 121 201 410 23106 230 209 163 158 211 107 698 877 32727 2121 1525 172 1273 1648 100
internal_value=-1.15799e-05 -8.97108e-05 -0.000504863 -0.000456351 0.00737676 -0.000509737 0.00276883 -0.0166318 -0.000480173 0.000120071 -0.00108391 -0.00923862 0.00681556 -0.00447687 0.00100416 -0.0162753 0.0136754 0 -0.00674081 0.0118577 0.0138833 0.0175854 0.00222003 0.000353527 0.000736451 0.00314497 0.00487113 0.00199702 -0.000848167 -0.0244697
internal_weight=268939 265959 192997 191986 1243 190743 1006 310 190433 95252 95181 1011 2980 595 72962 569 411 442 279 1389 1188 805 25256 47706 36373 3646 383 24379 11333 330
internal_count=268939 265959 192997 191986 1243 190743 1006 310 190433 95252 95181 1011 2980 595 72962 569 411 442 279 1389 1188 805 25256 47706 36373 3646 383 24379 11333 330
is_linear=0
shrinkage=0.03


Tree=2
num_leaves=31
num_cat=0
split_feature=16 26 38 50 83 11 16 61 30 16 37 113 123 39 34 26 36 23 140 41 89 27 24 86 41 1 28 41 83 16
split_gain=160.591 129.558 72.9566 101.458 150.062 75.8265 75.5419 108.484 75.1347 96.2676 68.7207 57.7589 51.5724 47.9132 52.883 47.5536 47.097 45.3727 45.8782 43.3388 42.9157 42.5567 56.4976 36.488 34.6223 30.0417 29.6863 28.4255 36.4711 27.433
threshold=1.2279316186904909 0.019434182904660705 -0.00092451207456178952 0.70271128416061412 -1.0000000180025095e-35 0.9707869589328767 0.674747794866562 0.74462234973907482 -0.00040843411989044393 0.93445891141891491 0.7390231490135194 0.59090909361839306 0.23529396206140521 0.038371387869119651 0.66185820102691661 0.069538675248622908 0.80438071489334118 0.017206165008246902 0.72871148586273204 0.054755873978137977 0.22328855842351916 0.047566989436745651 0.055393589660525329 0.88333332538604747 0.00091973744565621029 0.019202336668968204 0.012239373754709961 -0.027770786546170708 -0.70000001788139332 0.78625634312629711
decision_type=10 10 10 10 10 10 8 10 10 8 10 8 10 10 10 10 10 10 10 10 10 10 10 2 10 10 10 10 10 8
left_child=1 11 5 4 -4 21 7 -7 9 10 -5 25 -11 20 -15 19 -2 -18 -19 -8 -10 -3 24 -17 -23 -1 -13 28 -27 -24
right_child=16 2 3 8 -6 6 15 -9 13 12 -12 26 -14 14 -16 23 17 18 -20 -21 -22 22 29 -25 -26 27 -28 -29 -30 -31
leaf_value=0.00073229582703808189 0.0031276184480255017 -0.0020503766520974789 0.010445157157324523 -0.010770684744307053 -0.022422067861017778 0.0087446363510624049 0 -0.024651431530728588 0.00065352205594033138 -0.00088970649856309671 0 0.0019449024352045062 -0.0031283295322981899 0.0092950022979789385 -0.0020013938038495206 0.0032493959090160438 -0.00039680314120149249 -0.00044091494032749679 0.015708688433657851 -0.0044389818881484808 -0.0011106720278483057 0.018388882194151343 -0.010483602110383121 -0.0045074972786641049 0.0058025533216748155 0.0075150312736886283 0.0079837792653599995 -0.0021014019522446067 -0.0023703754745821822 0.0058813047457913882
leaf_weight=34202 1611 354 146 1722 425 104 80112 236 23558 40217 775 25685 12313 970 528 6010 209 144 998 2009 25952 483 152 552 523 668 774 6718 579 163
leaf_count=34202 1611 354 146 1722 425 104 80112 236 23558 40217 775 25685 12313 970 528 6010 209 144 998 2009 25952 483 152 552 523 668 774 6718 579 163
internal_value=-4.04127e-06 -8.27831e-05 -0.000474351 -0.00100674 -0.0134415 0.000148194 2.5125e-05 -0.0136845 -0.000934428 -0.00170343 -0.0074643 0.00103844 -0.00142114 -9.86192e-05 0.00514182 8.41419e-05 0.00691798 0.0111074 0.0134416 -0.000108982 -0.000265246 0.0064346 0.00892878 0.00253959 0.0123786 0.000340196 0.00213878 -0.00130354 0.00272335 -0.00127433
internal_weight=268892 265930 197304 106606 571 90698 89023 340 106035 55027 2497 68626 52530 51008 1498 88683 2962 1351 1142 82121 49510 1675 1321 6562 1006 42167 26459 7965 1247 315
internal_count=268892 265930 197304 106606 571 90698 89023 340 106035 55027 2497 68626 52530 51008 1498 88683 2962 1351 1142 82121 49510 1675 1321 6562 1006 42167 26459 7965 1247 315
is_linear=0
shrinkage=0.03


Tree=3
num_leaves=31
num_cat=0
split_feature=16 25 29 115 16 68 40 71 43 46 32 119 33 38 73 35 82 39 46 28 30 51 7 47 114 113 116 52 38 0
split_gain=133.796 107.081 85.9003 88.6747 107.17 91.311 78.2075 102.882 74.9145 61.3282 58.4292 58.2758 57.1422 44.2972 57.6464 117.971 48.4856 67.3762 60.9714 38.4833 37.7338 35.4976 35.1372 33.6999 31.4675 28.9795 28.1531 40.0309 27.1207 25.8585
threshold=1.2279316186904909 0.01236047223210335 -0.00028205721173435444 0.75520843267440807 0.72948259115219127 0.70175406336784374 -0.031411696225404732 0.54819294810295116 1.0885547399520876 1.0048318505287173 0.0065804391633719215 0.84871935844421398 0.43099203705787664 0.017243275418877605 0.30000000447034841 0.64616340398788463 0.22500000149011615 0.025095363147556785 1.096391022205353 0.0038900482468307023 -0.0068052248097956172 0.65974488854408275 -0.016206685453653332 1.2485767602920534 0.81250038743019115 0.55294117331504833 0.36052620410919195 0.93721565604209911 -0.019458783790469166 -0.0054466207511723033
decision_type=10 10 10 10 8 10 10 10 10 10 10 10 10 8 10 10 2 10 10 10 10 10 10 10 10 8 10 10 10 10
left_child=1 25 11 6 5 -5 7 12 -9 19 -11 13 -4 16 23 -16 17 -3 -18 -8 26 -7 28 -15 -24 -1 27 -2 -6 -13
right_child=20 2 3 4 22 21 9 8 -10 10 -12 29 -14 14 15 -17 18 -19 -20 -21 -22 -23 24 -25 -26 -27 -28 -29 -30 -31
leaf_value=0.00067278682579858585 0.019240373520527463 9.0857641821959784e-05 -0.012449704807401369 0.0016559668791929054 -0.0057444806322303563 -0.028374937324385556 -0.000909356062194533 0.0047606487852306775 0.016813508238805171 0.00018213203438889825 -0.0064774438562162683 0.0028919908565070902 0.00077852956018818027 -0.0027329271455682615 0.012762731353279176 -0.0027666039248276375 -0.00084137997025506537 -0.0069098475611239609 -0.002621636630680164 0.0039042190317154484 0.0011547567599251517 -0.0097496444226269369 -0.0041209424092526255 0.0049325488504797935 -0.00034406369131380056 0.0024065030027761972 0 0.0071597563161263627 0.0083809259850036368 -0.00041313193361772053
leaf_weight=21010 374 28307 365 227 118 253 1819 3098 573 91341 1180 4884 1091 2115 992 722 38473 1271 32562 6384 1006 293 3681 646 4709 15632 331 1282 504 3510
leaf_count=21010 374 28307 365 227 118 253 1819 3098 573 91341 1180 4884 1091 2115 992 722 38473 1271 32562 6384 1006 293 3681 646 4709 15632 331 1282 504 3510
internal_value=-9.96624e-06 -8.23441e-05 -0.000324262 0.000249138 -0.00247514 -0.0131008 0.000504227 0.00411617 0.00680415 0.000316616 9.25734e-05 -0.000911129 -0.00245812 -0.00110495 0.00178272 0.00609173 -0.00123669 -0.000204301 -0.00166217 0.00280072 0.00627506 -0.0196078 -0.00150352 -0.000808961 -0.00204265 0.00142151 0.00868061 0.0102641 0.00513842 0.00147658
internal_weight=268753 265760 229118 115636 9785 773 105851 5127 3671 100724 92521 113482 1456 105088 4475 1714 100613 29578 71035 8203 2993 546 9012 2761 8390 36642 1987 1656 622 8394
internal_count=268753 265760 229118 115636 9785 773 105851 5127 3671 100724 92521 113482 1456 105088 4475 1714 100613 29578 71035 8203 2993 546 9012 2761 8390 36642 1987 1656 622 8394
is_linear=0
shrinkage=0.03


Tree=4
num_leaves=31
num_cat=0
split_feature=16 26 29 22 3 123 41 1 78 52 29 120 16 46 73 69 19 25 11 75 36 137 52 56 25 4 123 125 1 7
split_gain=136.854 118.252 89.5674 82.2358 85.1489 91.072 74.3762 81.7579 75.2694 88.4109 73.9062 69.6477 87.417 81.2208 55.9353 55.636 51.9051 48.9652 46.6692 45.8092 45.2303 41.1705 38.9593 38.7782 38.4259 37.0322 36.9262 33.1421 32.4568 28.7374
threshold=1.2279316186904909 0.016430747695267204 -0.00028205721173435444 1.09453821182251 0.016098496504127983 -0.39999993145465845 -0.027770786546170708 0.022222256287932399 0.70000001788139354 0.67562815546989452 -0.010464226361364124 0.254555493593216 0.72948259115219127 1.0048318505287173 0.30000000447034841 0.6852967143058778 0.93452203273773204 0.025227961130440239 0.96705064177513134 0.57500001788139354 0.80438071489334118 0.61082759499549877 0.96413043141365062 1.1723754405975344 0.046140979975461967 0.38461504876613622 0.19999626278877261 -0.39644974470138544 0.060223892331123359 0.014738374855369331
decision_type=10 10 10 10 10 10 10 10 10 10 10 10 8 10 10 10 10 10 10 2 10 10 10 10 10 10 8 10 10 10
left_child=1 26 6 4 11 -6 8 21 17 14 19 12 -4 -13 -10 -12 -7 -3 -19 -9 -2 22 -8 -22 29 -11 -1 28 -25 -5
right_child=20 2 3 24 5 16 7 10 9 25 15 13 -14 -15 -16 -17 -18 18 -20 -21 23 -23 -24 27 -26 -27 -28 -29 -30 -31
leaf_value=0.0006289268325146974 0.0026466036921462162 0.0015476737626953776 -0.01288320291888042 0.0059652031007614795 0.014659414788097437 -0.0043979674199546171 -0.0024306534710477811 0.00057789779655286974 0.0020859055384865096 0.001220080371869655 -0.0038885943304403717 0.0032865704710011508 -0.001681225733454855 -9.7751550629920247e-05 0.021152650071516298 0.0004264862818000295 0.0035089816593016003 0.0093023753161774938 -0.0051160715076468532 0.01388964163191294 -0.00048446072044316675 0.00043078817715850378 -0.00037914441237718539 0.0036400819199902579 0.00045669843914235465 -0.0014640646191130739 0.0024099659103117804 0.020163278941257155 0.018271405509719413 0.018068757506553082
leaf_weight=27753 1647 1604 667 1615 587 839 16447 1659 328 20652 20677 6868 9282 85426 293 2945 4713 180 4274 263 200 16642 17702 610 1117 5856 17486 380 201 229
leaf_count=27753 1647 1604 667 1615 587 839 16447 1659 328 20652 20677 6868 9282 85426 293 2945 4713 180 4274 263 200 16642 17702 610 1117 5856 17486 380 201 229
internal_value=5.23503e-07 -7.08728e-05 -0.000358182 0.000238821 0.000100776 0.00352791 -0.000967782 -0.00148364 0.00020992 0.000893784 -0.00287188 -0.000102717 -0.00248666 0.000151498 0.0119293 -0.00333803 0.00224877 -0.00279607 -0.00442734 0.0026782 0.00631192 -0.000778709 -0.00137683 0.0103402 0.00515649 0.000615148 0.00132473 0.0123836 0.00797982 0.00780699
internal_weight=269142 266104 220865 111343 108382 6139 109522 76335 33187 27129 25544 102243 9949 92294 621 23622 5552 6058 4454 1922 3038 50791 34149 1391 2961 26508 45239 1191 811 1844
internal_count=269142 266104 220865 111343 108382 6139 109522 76335 33187 27129 25544 102243 9949 92294 621 23622 5552 6058 4454 1922 3038 50791 34149 1391 2961 26508 45239 1191 811 1844
is_linear=0
shrinkage=0.03


Tree=5
num_leaves=31
num_cat=0
split_feature=16 29 40 60 116 2 36 57 26 26 41 1 79 52 38 47 28 22 44 16 105 53 5 13 28 78 40 73 1 83
split_gain=156.555 100.944 94.6176 98.5069 98.1404 74.2992 67.4119 61.925 70.0782 66.0022 60.5929 135.862 68.003 70.1357 64.0423 50.3764 62.7454 51.0165 49.0188 58.0026 48.7234 51.4533 46.2737 44.6743 42.3536 39.8173 39.5018 44.1994 38.9399 37.2979
threshold=1.2279316186904909 -0.0014586958568543194 -0.030013849958777424 0.74129092693328869 0.65217402577400219 -0.1578964293003082 0.80438071489334118 1.1627717614173891 0.021461848169565204 0.1037210449576378 -0.029366616159677502 0.018398310989141468 0.84999999403953563 0.67562815546989452 0.016385012306272987 1.0770811438560488 -0.0030313958413898941 1.0297322273254397 1.1126020550727846 0.86425837874412548 0.34166666865348821 1.0435438156127932 0.0048263045027852067 1.019743859767914 0.0030577356228604917 0.90000000596046459 0.045562326908111579 0.30000000447034841 0.022371349856257442 -0.50000001490116108
decision_type=10 8 10 10 10 10 10 10 10 10 10 10 2 10 10 10 10 10 10 8 2 8 10 10 10 10 10 10 10 8
left_child=1 10 4 5 18 -4 -2 8 22 -10 12 -12 15 25 28 16 -1 -17 29 -20 -6 -22 -5 -18 -19 -14 27 -16 -13 -3
right_child=6 2 3 7 20 -7 -8 -9 9 -11 11 14 13 -15 26 17 23 24 19 -21 21 -23 -24 -25 -26 -27 -28 -29 -30 -31
leaf_value=0.0090995952720537201 0.0023649155349904586 0.0058079091831905356 0.0015422148870882289 0.0015015893030084235 0.0013672118281429053 -0.018889671498503235 0.011678298054253656 0.0037260056546241749 -0.00042982964579628023 0.0078625118398183667 -8.840617528636895e-05 -0.0016102609625939753 0 0.00084654497820260861 -0.0003442692700657062 -0.0061467535073937646 0.0012957496184466252 -0.00086328926946938414 0.0012666762265290659 -0.012959383713267301 0.0084443133792529504 0.023020015066039973 -0.00044510966967143361 -0.01275600704482922 0.017378158318179265 0.021040647089098308 -0.0077208563879442712 0.0070086741218652431 -0.0039067142822859268 0.00043003717989922868
leaf_weight=656 1630 2114 212 41760 591 404 1376 4500 91711 849 40237 10892 161 22733 1780 3186 591 1325 575 401 1105 328 14613 267 104 228 358 1153 19773 2846
leaf_count=656 1630 2114 212 41760 591 404 1376 4500 91711 849 40237 10892 161 22733 1780 3186 591 1325 575 401 1105 328 14613 267 104 228 358 1153 19773 2846
internal_value=-7.63391e-06 -8.609e-05 0.000380102 0.000213002 0.00356773 -0.0115588 0.00677628 0.000263719 0.000156606 -0.000348846 -0.000819049 -0.00127569 0.000329015 0.00108293 -0.00267288 -0.00246067 0.00213954 -0.00403727 0.00154875 -0.00441991 0.00926917 0.012258 0.000991668 -0.00292628 0.000478791 0.013447 0.00123316 0.00247257 -0.00310239 0.0027965
internal_weight=268459 265453 162009 154049 7960 616 3006 153433 148933 92560 103444 74193 29251 23122 33956 6129 1514 4615 5936 976 2024 1433 56373 858 1429 389 3291 2933 30665 4960
internal_count=268459 265453 162009 154049 7960 616 3006 153433 148933 92560 103444 74193 29251 23122 33956 6129 1514 4615 5936 976 2024 1433 56373 858 1429 389 3291 2933 30665 4960
is_linear=0
shrinkage=0.03


Tree=6
num_leaves=31
num_cat=0
split_feature=16 26 38 60 58 51 49 28 72 44 42 29 39 95 39 6 26 45 67 49 3 1 23 44 123 19 22 23 23 35
split_gain=118.324 101.432 65.0183 62.4565 84.1471 68.9231 73.9542 61.0732 124.529 85.1481 61.0738 55.869 53.3228 67.7955 63.0179 51.8794 51.3719 48.6602 42.3759 39.6604 38.206 37.5853 33.8817 32.5036 32.1752 31.3142 30.8971 32.7272 30.6612 36.0495
threshold=1.2279316186904909 0.020587149076163772 -0.00098554778378456809 0.74129092693328869 0.934747874736786 0.65974488854408275 0.85023897886276256 -0.013699054718017576 0.6739129126071931 1.051608741283417 -0.10156928375363349 0.016339497640728954 0.038371387869119651 0.40320318937301641 0.019558806903660301 0.15000468492507937 0.069538675248622908 1.0294502973556521 0.99159604310989391 0.98250433802604686 0.011574088595807554 0.05543711036443711 0.052958838641643531 1.0846018791198733 -0.75999930500984181 0.96207299828529369 1.1271440982818606 0.016954253427684311 0.026264358311891559 0.047974769026041038
decision_type=10 10 10 10 10 10 10 10 10 10 10 10 10 10 10 10 10 10 10 10 10 10 8 10 8 10 10 10 10 10
left_child=1 17 7 4 -4 6 -5 8 19 11 15 16 14 -14 -7 -11 -9 28 -13 22 -19 -12 -3 -10 -21 -8 -2 -28 -1 -30
right_child=26 2 3 5 -6 12 25 9 23 10 21 18 13 -15 -16 -17 -18 20 -20 24 -22 -23 -24 -25 -26 -27 27 -29 29 -31
leaf_value=0.0014467631948510099 -0.0023453959050349768 0.010100398101467902 -0.018175601675968909 -0.0071757853052650498 0.0059658391390734452 -0.00078744093859570911 0.027234211516296188 0.00046832590560278402 0.0018027788715545511 -0.00053263850284697998 -0.002134724049551178 -0.013508660655759343 0 0.009599809266859851 -0.0029810631728810523 0.011334075345653871 0.0044175873165861138 0.00020783341708397086 0.0020801912333284103 -0.0021437069102243716 -0.0050938694867177451 0.0026638412228122852 -0.0030955765054871639 0.020927451078145476 0.0035761512560267862 0.003850142149467196 -0.00019383104786000231 0.0083056771317546879 0 0.020717173702560546
leaf_weight=40719 306 720 397 110 154 83698 166 51362 148 640 23031 419 2063 922 13891 578 3157 35848 190 2173 1246 1498 178 404 1458 129 411 2297 139 144
leaf_count=40719 306 720 397 110 154 83698 166 51362 148 640 23031 419 2063 922 13891 578 3157 35848 190 2173 1246 1498 178 404 1458 129 411 2297 139 144
internal_value=-2.38324e-05 -9.22353e-05 -0.000471633 -0.000985949 -0.0109302 -0.000926563 0.0110738 0.000132468 0.00331736 -6.46868e-05 -0.00149174 0.000596662 -0.000980061 0.00292987 -0.00110331 0.00494849 0.00070405 0.000814637 -0.0082567 0.00157084 1.90152e-05 -0.00182752 0.00714746 0.0165666 7.78971e-05 0.0188547 0.00586556 0.00691375 0.00152675 0.0111906
internal_weight=268596 265582 187486 101530 551 100979 405 85956 5081 80875 25747 55128 100574 2985 97589 1218 54519 78096 609 4529 37094 24529 898 552 3631 295 3014 2708 41002 283
internal_count=268596 265582 187486 101530 551 100979 405 85956 5081 80875 25747 55128 100574 2985 97589 1218 54519 78096 609 4529 37094 24529 898 552 3631 295 3014 2708 41002 283
is_linear=0
shrinkage=0.03


Tree=7
num_leaves=31
num_cat=0
split_feature=16 26 57 1 49 56 33 25 10 102 79 33 41 44 43 113 36 24 33 56 35 27 53 58 51 48 86 52 56 91
split_gain=125.822 94.4775 73.7234 85.0183 69.0103 95.9902 81.8221 65.6793 60.7345 74.5144 57.3068 56.8711 83.3853 73.6416 49.0572 43.2062 41.8685 41.2118 50.1529 36.5623 33.7316 33.3971 40.4168 30.3584 24.0131 22.13 22.0308 21.6672 20.0734 19.9493
threshold=1.2279316186904909 0.019962045364081863 0.81709790229797374 0.05543711036443711 0.82702705264091503 0.96158915758132946 0.93260645866394054 0.028442122042179111 1.0233086943626406 0.59290647506713878 0.35000000894069677 0.37481763958930975 0.060347441583871848 1.0387620925903323 1.0638648271560671 0.55294117331504833 0.80438071489334118 0.038079958409070976 0.67305779457092296 0.89488443732261669 0.27235540747642523 0.053487733006477363 0.97083759307861339 0.95531159639358532 0.68984845280647289 0.99034979939460765 -0.84999999403953541 0.96635732054710399 1.0273329019546511 -0.067661002278327928
decision_type=10 10 10 10 10 10 10 10 10 2 2 8 10 10 10 10 10 10 10 10 8 10 10 10 10 8 2 10 8 10
left_child=1 15 14 4 5 -4 -7 20 10 -10 -9 13 -13 -6 21 25 -2 18 27 24 29 -3 -23 -17 -16 -1 -19 -18 -27 -5
right_child=16 2 3 7 11 6 -8 8 9 -11 -12 12 -14 -15 19 23 17 26 -20 -21 -22 22 -24 -25 -26 28 -28 -29 -30 -31
leaf_value=-0.00054453549616650921 0.0025867534956354591 -0.0018403327744454143 -0.0016295539997652386 -0.0089524395821079447 -0.0003519097509520826 0.019702607787406651 -0.0051849094808022389 -0.0041143975783103177 0.0092809229965489255 -0.0038881755147718244 0.0044135692703001633 3.2525928022842781e-05 -0.0046454634054369053 -0.002364342679693925 0.0011988374364230183 0.007727452871585049 0.0032089380549921377 0.0070829446241375696 0.013220348175524211 0.01264186662358649 -0.011872223123175905 -0.027582487108185887 -0.0066658527230851151 0.0015707383090529071 -0.01505996063351631 0.0016491923624515109 0.019313213979740711 -0.010955041501438246 -4.8937903182998689e-05 0.0038737406469881537
leaf_weight=17863 1635 226 604 131 39293 516 121 1135 2446 412 1764 112514 3514 28564 123 749 128 381 226 124 326 205 237 29977 118 12938 442 182 11485 370
leaf_count=17863 1635 226 604 131 39293 516 121 1135 2446 412 1764 112514 3514 28564 123 749 128 381 226 124 326 205 237 29977 118 12938 442 182 11485 370
internal_value=2.84551e-05 -3.95463e-05 -0.000388765 -0.000343615 -0.000464288 0.00651283 0.0145046 0.00299514 0.00415938 0.00726444 0.000966659 -0.00051371 -0.000107342 -0.0012039 -0.00831749 0.000878096 0.00612417 0.0100632 0.0027234 0 -0.00466216 -0.0130406 -0.0177904 0.00173551 -0.00615648 0.000247466 0.0143096 -0.00435756 0.000838981 0
internal_weight=268749 265755 192743 191710 185126 1241 637 6584 5757 2858 2899 183885 116028 67857 1033 73012 2994 1359 536 365 827 668 442 30726 241 42286 823 310 24423 501
internal_count=268749 265755 192743 191710 185126 1241 637 6584 5757 2858 2899 183885 116028 67857 1033 73012 2994 1359 536 365 827 668 442 30726 241 42286 823 310 24423 501
is_linear=0
shrinkage=0.03


Tree=8
num_leaves=31
num_cat=0
split_feature=16 57 29 53 27 61 10 22 38 90 82 120 46 38 39 29 57 41 36 42 5 38 52 33 42 38 27 6 69 1
split_gain=109.15 82.672 80.0036 65.4156 77.2728 63.0335 111.366 93.6183 91.9136 61.423 59.5453 62.8084 86.1168 64.5337 61.9979 59.5087 56.2661 53.2114 49.6388 46.0351 45.4426 42.2645 41.304 53.1766 40.9048 48.0798 37.1091 36.3587 34.1351 31.6863
threshold=1.2279316186904909 0.81709790229797374 -0.00037715902726631606 0.99247059226036083 0.05463222227990628 0.77133560180664074 1.0182828307151797 0.75441977381706249 -0.0077921990305185309 0.45780448615551 0.22500000149011615 0.71904045343399059 1.0823711156845095 0.014363285154104235 0.021673020906746391 0.0041440471541136512 1.1698613166809084 -0.040002308785915368 0.80438071489334118 -0.070885021239519105 0.0082026110030710715 -0.011456846259534357 0.92264279723167431 0.67305779457092296 -0.032722879201173775 0.0071799298748373994 0.024858027696609501 0.058823365718126304 0.84999856352806102 0.057663971558213241
decision_type=10 8 8 10 10 8 10 8 10 10 2 10 10 10 10 10 10 10 10 10 10 8 10 10 10 10 10 10 10 10
left_child=1 3 10 4 -1 6 9 28 -8 -4 14 12 17 -14 19 -11 26 -12 -2 20 -3 -13 -20 -24 -16 -26 -9 -18 -7 -23
right_child=18 2 5 -5 -6 7 8 16 -10 15 11 21 13 -15 24 -17 27 -19 22 -21 -22 29 23 -25 25 -27 -28 -29 -30 -31
leaf_value=-0.00066791111002286591 0.0018642435303075566 0.0012431679568196694 0.0077315695472160622 0 -0.024726765971536006 -0.027228811777383087 0.0037998800754028648 0.0012354970283434612 0.026924997580807599 0.012253087490297307 0.004153211073508605 -0.0060871199440240675 -0.0026986770396470153 0.0015812492531826793 -0.0077582451511267487 -0.010152658682840101 -0.0014680491462484033 -0.00060179900762586346 0.019819178914242751 0.00021282334077700455 0.0070094474801546212 0.001329060730009517 -0.0014007903671650452 0.011732166601989894 -0.006577519838634179 0.0048243389221287571 2.2239001999417923e-05 0.0058271860302352915 -0.00093725568345509277 0.014008708234408243
leaf_weight=231 1643 4108 521 495 314 130 368 29337 315 103 2219 656 35935 3373 1312 543 709 36484 306 30191 1859 10002 408 641 580 724 102262 2675 101 167
leaf_count=231 1643 4108 521 495 314 130 368 29337 315 103 2219 656 35935 3373 1312 543 709 36484 306 30191 1859 10002 408 641 580 724 102262 2675 101 167
internal_value=-3.30171e-05 -9.85552e-05 -6.39213e-05 -0.00846215 -0.0154449 0.00043805 0.00591882 0.000359979 0.0153545 0 -0.000605416 -0.00103437 -0.00133325 -0.00232317 0.00036967 -0.00586909 0.000396133 -0.000319423 0.00563841 0.000700209 0.00310716 0.00109033 0.00990289 0.00641293 -0.00405584 -4.32052e-05 0.000295133 0.00421095 -0.0179192 0.00159382
internal_weight=268712 265714 264674 1040 545 137064 1850 135214 683 1167 127610 88836 78011 39308 38774 646 134983 38703 2998 36158 5967 10825 1355 1049 2616 1304 131599 3384 231 10169
internal_count=268712 265714 264674 1040 545 137064 1850 135214 683 1167 127610 88836 78011 39308 38774 646 134983 38703 2998 36158 5967 10825 1355 1049 2616 1304 131599 3384 231 10169
is_linear=0
shrinkage=0.03


Tree=9
num_leaves=31
num_cat=0
split_feature=32 86 26 38 50 73 20 78 125 13 42 12 33 33 42 51 73 5 44 40 52 27 34 81 12 86 28 27 39 25
split_gain=94.5012 92.1378 89.6696 81.3127 81.6488 158.069 66.3979 112.192 73.4546 67.6333 57.3778 61.1923 53.6466 52.7245 51.0217 51.0088 76.2689 49.5954 48.094 85.3101 92.5261 70.9125 98.2505 61.9966 47.7965 45.2939 44.0577 41.7911 37.8119 34.5808
threshold=-0.0049182062502950421 -0.58333334326744068 0.019434182904660705 -0.00092451207456178952 0.70271128416061412 0.5000000149011613 0.97146654129028331 0.30000000447034841 0.48611135780811315 0.99494901299476635 -0.077356711030006395 1.0071668624877932 0.71458184719085704 0.93260645866394054 -0.079951718449592576 0.82715740799903881 0.90000000596046459 0.011180155444890262 1.051608741283417 -0.038627358153462403 0.802300125360489 0.11576691269874574 0.64221066236495983 0.050000002607703216 0.99118557572364818 0.91666665673255932 0.012239373754709961 0.052041266113519676 -0.022536968812346455 0.037880387157201774
decision_type=10 2 10 10 10 10 10 10 10 8 10 10 10 10 10 10 10 10 10 10 10 10 10 2 10 2 10 10 10 10
left_child=1 13 26 10 5 -5 7 25 -9 14 11 17 29 15 -8 -1 -17 -4 21 20 -20 24 -23 -21 -12 -6 -2 -14 -19 -13
right_child=2 -3 3 4 6 -7 9 8 -10 -11 18 12 27 -15 -16 16 -18 28 19 23 -22 22 -24 -25 -26 -27 -28 -29 -30 -31
leaf_value=0.021647947794388771 0.00079413904350417142 0.00050156418773527527 0.0035297802685050187 0.012387760902803413 -0.0022898195601812419 -0.020541735027680509 -0.011836504354203687 0.0034205483735762418 -0.0026206660630345201 -0.00077496162194645019 0.0058601808367652547 0.0015374282186767702 -0.0026102054763957501 -0.0030337551235908844 -0.0025054891065675908 0.009749563011422888 -0.0016190301535182639 0 0.0075512267118249777 -0.0068552521773011365 -0.0003781691122434561 0.000790297236418027 -0.020336580821272706 -0.0013694518091871394 0.00051934440861471903 0.0029543296652176057 0.0079561632405103135 0.0073123370760429145 0.015663600063716858 -0.0067707114024831514
leaf_weight=245 66323 4856 2214 153 10878 461 543 10777 2104 56999 1546 674 503 362 20785 2071 648 157 1890 2105 4107 399 327 17568 54770 1652 773 1137 648 1071
leaf_count=245 66323 4856 2214 153 10878 461 543 10777 2104 56999 1546 674 503 362 20785 2071 648 157 1890 2105 4107 399 327 17568 54770 1652 773 1137 648 1071
internal_value=3.86379e-05 0.00320998 -6.00332e-05 -0.000388854 -0.000957777 -0.0117311 -0.000888873 0.000434531 0.00240798 -0.00132204 0.000274038 0.00300616 0.000139608 0.00704801 -0.00276797 0.00839193 0.0069386 0.00609944 5.82009e-05 -0.00101562 0.00208777 0.000546883 -0.00861348 -0.00197803 0.000673316 -0.0015709 0.000883467 0.00409352 0.0125463 -0.00341069
internal_weight=268746 8182 260564 193468 104352 614 103738 25411 12881 78327 89116 6404 3385 3326 21328 2964 2719 3019 82712 25670 5997 57042 726 19673 56316 12530 67096 1640 805 1745
internal_count=268746 8182 260564 193468 104352 614 103738 25411 12881 78327 89116 6404 3385 3326 21328 2964 2719 3019 82712 25670 5997 57042 726 19673 56316 12530 67096 1640 805 1745
is_linear=0
shrinkage=0.03


Tree=10
num_leaves=31
num_cat=0
split_feature=22 26 57 61 25 81 22 45 86 49 123 109 51 37 2 24 113 53 51 119 33 28 70 3 35 54 36 85 37 37
split_gain=95.6026 92.6337 84.6592 88.3283 125.453 87.2194 70.0599 78.1327 68.8775 66.6065 68.6219 62.4398 61.6665 59.3181 51.5158 45.3852 41.101 39.201 58.119 38.4079 38.0912 30.9354 29.8233 34.5488 26.4231 42.1684 25.2975 23.8123 24.1919 22.0261
threshold=1.1669376492500307 0.019434182904660705 0.81709790229797374 0.77133560180664074 0.051602538675069816 0.050000002607703216 0.78017649054527294 1.008705258369446 -0.74999999999999989 0.82702705264091503 0.6129043996334077 -0.10555555671453475 0.72241914272308361 0.85060060024261486 0.82022330164909374 0.023926112800836567 0.59090909361839306 0.99995517730712902 0.65974488854408275 0.78061270713806163 0.96559959650039684 0.011234770528972151 0.64069253206253063 0.020942436531186107 0.74828276038169872 1.0856433510780337 0.87336817383766185 -0.52500000596046437 0.36487346887588507 0.64881700277328502
decision_type=10 10 10 10 10 2 10 10 2 10 8 2 10 10 10 10 10 10 10 10 10 8 10 10 10 10 10 2 10 10
left_child=1 16 17 4 14 -6 7 -5 15 10 -8 -7 -9 -11 29 -2 -1 18 -3 26 -10 27 -19 -24 -21 -26 -17 28 -18 -4
right_child=8 2 3 6 5 11 9 12 20 13 -12 -13 -14 -15 -16 19 21 22 -20 24 -22 -23 23 -25 25 -27 -28 -29 -30 -31
leaf_value=0.00025590119594253184 -0.0072698494544375441 -0.028654876664918373 0.012155917292517835 0.0054590772093836473 -0.013930880039357779 -0.0055247525687921852 -0.00014041486473860207 -0.022625320006740859 0.00059023019816285122 -0.00065254776039707556 0.011419248143952445 0.0082404730167581867 0.00054545772618439512 0.0012079338041262322 0.0010078442411290273 0.015430518431168843 0.0010662148027792506 -0.011018489594498533 -0.0063828206507936533 -0.00070840401210797927 -0.01665779116248051 0.0065546258306464072 -0.0036059599587072925 0.015871291957710955 -0.0037620816025607687 0.011168872705709031 0.0051768118644453824 0.0011369066857947177 0.006359879514137491 0.037900592385252056
leaf_weight=42834 147 167 129 167 237 353 888 350 1362 173495 842 1164 108 16808 115 809 1681 172 402 506 104 1185 160 112 183 636 476 21279 1758 132
leaf_count=42834 147 167 129 167 237 353 888 350 1362 173495 842 1164 108 16808 115 809 1681 172 402 506 104 1185 160 112 183 636 476 21279 1758 132
internal_value=-3.82278e-05 -0.000110981 -0.000444601 -0.000397523 0.00563904 0.00198182 -0.000466397 -0.0103577 0.00442756 -0.000431567 0.00538051 0.00481196 -0.0167396 -0.00048654 0.0209803 0.00721498 0.000834841 -0.00902384 -0.01418 0.00819394 -0.000639211 0.00177969 -0.00144313 0.00392444 0.00415647 0.00746493 0.0119997 0.00153353 0.00388017 0.0280147
internal_weight=268761 264538 195801 194788 2130 1754 192658 625 4223 192033 1730 1517 458 190303 376 2757 68737 1013 569 2610 1466 25903 444 272 1325 819 1285 24718 3439 261
internal_count=268761 264538 195801 194788 2130 1754 192658 625 4223 192033 1730 1517 458 190303 376 2757 68737 1013 569 2610 1466 25903 444 272 1325 819 1285 24718 3439 261
is_linear=0
shrinkage=0.03


Tree=11
num_leaves=31
num_cat=0
split_feature=16 26 37 43 125 18 17 34 125 55 17 86 67 86 60 28 73 36 140 1 36 118 86 22 29 17 82 14 23 1
split_gain=101.969 90.9993 64.1726 56.2739 54.153 80.3621 63.0053 79.7499 60.6554 46.6949 61.2019 46.018 56.4508 56.1518 44.6704 40.8087 46.4859 39.9085 41.6372 39.4977 36.3107 56.777 36.3939 49.9128 36.3619 36.1327 34.8537 45.173 34.5396 30.6301
threshold=1.2279316186904909 0.016430747695267204 0.84718212485313427 1.0885547399520876 0.091715786606073393 1.0112428069114687 0.67235308885574352 0.554323971271515 -0.41687238216400141 1.0925179719924929 1.1573666930198672 -0.81666666269302357 0.10084745660424234 -0.71666666865348805 0.74129092693328869 -0.031729871407151215 0.5000000149011613 0.79762580990791332 0.72452142834663402 0.038591491058468826 0.69432672858238231 0.53979781270027172 0.81666666269302379 0.80902975797653209 -0.0019004819914698599 1.2384646534919741 0.075000002980232253 1.1056958436965945 0.014110224787145855 0.019202336668968204
decision_type=10 10 10 10 10 10 8 10 10 10 10 2 10 2 10 10 10 10 10 10 10 10 2 10 10 8 2 8 10 10
left_child=1 -1 4 20 8 6 7 -6 9 29 -11 12 -10 -13 -8 -7 -17 -2 -19 -5 21 24 25 -24 -4 -22 -21 -28 -20 -3
right_child=17 2 3 19 5 15 14 -9 11 10 -12 13 -14 -15 -16 16 -18 18 28 26 22 -23 23 -25 -26 -27 27 -29 -30 -31
leaf_value=0.0011899702101508278 0.0019490424731907338 0.0009350018073448459 0.010530586230445558 0 0.002399524213458867 -0.01083412540412361 -0.0075713425782850353 -0.014909431545940393 -0.0041196588227357814 0.0058438804975620871 -0.00063971333573191317 0.0013279973959806387 -4.115605320409896e-05 -0.0010731799027779477 0 0.0043061571608928872 0 -0.0034542709318562768 -0.0026843952948221107 0 -0.0025678133964310438 -0.00030158499473520597 -0.004872202061050687 0.0059051396573185332 0.0032244509671524508 0.0017256049468448522 0.022383219927565236 0 0.012634397427958305 -0.0027290901281756272
leaf_weight=45496 1585 5966 772 348 356 170 689 558 8891 3195 2076 9616 4876 87548 63418 6915 3253 162 107 147 5523 3924 465 1567 4315 2487 332 119 1152 3075
leaf_count=45496 1585 5966 772 348 356 170 689 558 8891 3195 2076 9616 4876 87548 63418 6915 3253 162 107 147 5523 3924 465 1567 4315 2487 332 119 1152 3075
internal_value=3.10626e-05 -3.00863e-05 -0.000283151 0.0013328 -0.000445865 0.000186304 -0.000200312 -0.00793943 -0.000828607 0.000997601 0.00324083 -0.00106706 -0.00269905 -0.000832232 -8.28523e-05 0.00264258 0.00291817 0.00550764 0.00918662 0.00843825 0.000955797 0.00233958 -0.000258285 0.00326922 0.00442887 -0.00119643 0.0129931 0.0169738 0.0110763 -0.000281383
internal_weight=269103 266097 220601 19999 200602 75359 65021 914 125243 14312 5271 110931 13767 97164 64107 10338 10168 3006 1421 946 19053 9011 10042 2032 5087 8010 598 451 1259 9041
internal_count=269103 266097 220601 19999 200602 75359 65021 914 125243 14312 5271 110931 13767 97164 64107 10338 10168 3006 1421 946 19053 9011 10042 2032 5087 8010 598 451 1259 9041
is_linear=0
shrinkage=0.03


Tree=12
num_leaves=31
num_cat=0
split_feature=57 26 29 10 25 67 119 120 46 6 124 23 83 39 26 93 33 82 3 115 67 79 57 51 36 80 83 52 110 39
split_gain=70.6081 80.702 67.4642 69.6607 83.5847 87.0636 120.727 73.1149 67.2737 66.8209 66.674 63.5944 54.0004 52.723 52.8599 52.4667 51.5347 46.3124 65.8348 47.8496 63.6603 55.0677 45.5425 44.9893 44.9855 40.1212 39.7613 38.4714 35.6529 34.3291
threshold=1.2056239843368532 0.016430747695267204 -0.00042436268995515997 1.0174430012702944 0.041755700483918197 0.97530490159988414 0.21999963372945788 0.254555493593216 1.0096175670623782 0.10811252146959306 -0.69620192050933827 0.02135088108479977 0.70000001788139354 -0.029077948071062561 0.037736753001809127 0.68294483423233043 0.9774746596813203 0.19166667014360431 0.010964937042444946 0.54456835985183727 0.69198718667030346 0.84999999403953563 0.92743623256683361 0.65974488854408275 0.80438071489334118 0.12500000372529033 -0.70000001788139332 0.90733590722084057 0.54772728681564342 0.021673020906746391
decision_type=10 10 10 10 10 10 10 10 10 10 8 10 8 10 10 8 10 2 10 10 10 2 10 10 10 2 10 10 2 10
left_child=1 -1 10 7 13 6 -6 23 22 -7 -3 15 -10 14 -5 -2 24 18 29 20 -19 -21 -9 -4 -13 -20 -26 -15 -25 -12
right_child=11 2 3 4 5 9 -8 8 12 -11 17 16 -14 27 -16 -17 -18 19 25 21 -22 -23 -24 28 26 -27 -28 -29 -30 -31
leaf_value=0.0010916277095523892 -0.0018260458773669513 0.0018980611402765074 -0.016006943730564861 -0.0087380597292731881 0.020323505099576179 -0.012017463447066815 0.0046154880702672704 0.0077888439829511529 0.00011502103782887784 0.002011050923662942 0.00094990229422658556 0.0030305874037152947 -0.0022123026437809602 0.0025178076311914857 0.0011188393855147366 0.0075335709042158496 -0.0091817039956169355 -0.001594346261650747 -0.0097607294324149763 -0.0014328393628206238 -0.0061333699813622663 0.0026900766939892151 0.0015192900680547072 -0.0030279791199529578 0.014086810176461514 -0.0018332133005839039 0.0046575587837958425 -0.00091863864730966675 0.0026529708115658299 -0.0031895094252819087
leaf_weight=45318 3345 7240 211 1034 482 418 5201 1166 58346 922 20683 3429 10546 7275 818 619 200 54299 818 7108 2974 4890 11722 7854 829 2328 1085 4727 1066 1931
leaf_count=45318 3345 7240 211 1034 482 418 5201 1166 58346 922 20683 3429 10546 7275 818 619 200 54299 818 7108 2974 4890 11722 7854 829 2328 1085 4727 1066 1931
internal_value=3.52885e-05 -5.67428e-05 -0.000301343 0.000205901 0.00176891 0.00443428 0.00606696 -0.000150043 0.000130993 -0.00225679 -0.000858653 0.00257249 -0.000237431 0.00039169 -0.00425872 -0.000258708 0.00464476 -0.00107219 2.29706e-06 -0.00147597 -0.00183734 0.000224247 0.00212094 -0.00269465 0.00525057 -0.00403786 0.00900016 0.00114013 -0.00231109 0.000580679
internal_weight=268884 259377 214059 111788 20877 7023 5683 90911 81780 1340 102271 9507 68892 13854 1852 3964 5543 95031 25760 69271 57273 11998 12888 9131 5343 3146 1914 12002 8920 22614
internal_count=268884 259377 214059 111788 20877 7023 5683 90911 81780 1340 102271 9507 68892 13854 1852 3964 5543 95031 25760 69271 57273 11998 12888 9131 5343 3146 1914 12002 8920 22614
is_linear=0
shrinkage=0.03


Tree=13
num_leaves=31
num_cat=0
split_feature=56 26 29 57 3 120 118 52 46 13 45 86 50 87 35 5 137 83 51 6 39 0 116 54 43 42 4 29 86 43
split_gain=81.7043 78.3686 58.7984 70.892 67.7385 67.0952 66.9354 60.4972 57.9497 57.8009 69.2148 54.1189 64.5465 52.0418 59.8892 58.3561 47.2255 46.4648 46.4069 44.1263 42.6079 39.763 39.2707 39.1425 39.0045 38.934 38.845 38.2656 37.9823 37.1921
threshold=1.1573861837387087 0.016430747695267204 -0.00042436268995515997 1.1698613166809084 0.017718044109642509 0.254555493593216 0.69811347126960765 0.65406939387321483 1.0061698555946352 0.98583686351776134 1.064783036708832 -0.74999999999999989 0.92045688629150402 0.37500000000000006 0.80454885959625255 0.014409256633371116 0.60470375418663036 -0.50000001490116108 0.91715171933174144 0.35714693367481237 -0.0048282821662724009 -0.021645011380314823 0.4070513397455216 0.99008032679557811 1.0266311764717104 0.070822682231664671 0.33333764970302587 -0.006529302103444933 -0.55000001192092884 1.0521172881126406
decision_type=10 10 10 10 10 10 10 10 10 8 10 2 10 2 10 10 10 10 10 10 10 10 10 10 10 10 10 10 2 10
left_child=1 -1 9 4 5 7 19 -4 -7 10 25 12 24 14 16 20 -11 21 -17 -6 -15 -14 -12 26 -2 -3 -5 -24 -25 -8
right_child=11 2 3 23 6 8 29 -9 -10 13 22 -13 17 15 -16 18 -18 -19 -20 -21 -22 -23 27 28 -26 -27 -28 -29 -30 -31
leaf_value=0.0010399881324837726 0.00495400948155293 -0.0010987122113228823 -0.010910660289896868 0.0024671587036615684 0.001162003974693681 0.0024772373653082825 0.0019896531815653388 -0.0017824925094407325 -0.00013049010066950374 -0.0020563778292177061 -0.0018007949911010537 0.00052118506857125823 0.011110449034458235 0.0018616534563572987 0.00085182193707647718 9.7863282665387388e-05 -0.00010398777858499536 -0.0027158607497182897 0.0099837810358928934 0.011941338829772987 -0.00077067685482396723 0.0026992753284611954 0 0.009572564292270741 0.024391142678267152 0.012290653784050426 -0.01313902408592593 -0.009037786765241751 0.0016969945904613168 0.020892064728554927
leaf_weight=45331 236 5212 704 461 3982 8384 199 9438 86616 38223 1851 3752 873 8341 11922 849 16210 656 992 368 16261 1521 525 1403 244 181 176 2632 1090 279
leaf_count=45331 236 5212 704 461 3982 8384 199 9438 86616 38223 1851 3752 873 8341 11922 849 16210 656 992 368 16261 1521 525 1403 244 181 176 2632 1090 279
internal_value=-3.84703e-06 -9.23114e-05 -0.000331075 0.00013913 9.28694e-06 -0.000147815 0.00347897 -0.00246587 9.69645e-05 -0.000849225 -0.00297527 0.00312499 0.00578952 -0.000607111 -0.00105698 0.000510393 -0.00148072 0.00398869 0.00563602 0.00219304 0.000110385 0.00595742 -0.00551458 0.00457679 0.016015 -0.000550165 -0.00165684 -0.00757255 0.00628946 0.014021
internal_weight=268912 261630 216299 113100 109970 105142 4828 10142 95000 103199 10401 7282 3530 92798 66355 26443 54433 3050 1841 4350 24602 2394 5008 3130 480 5393 637 3157 2493 478
internal_count=268912 261630 216299 113100 109970 105142 4828 10142 95000 103199 10401 7282 3530 92798 66355 26443 54433 3050 1841 4350 24602 2394 5008 3130 480 5393 637 3157 2493 478
is_linear=0
shrinkage=0.03


Tree=14
num_leaves=31
num_cat=0
split_feature=16 29 40 71 125 16 13 7 3 41 61 26 43 19 35 17 54 22 7 27 84 22 146 37 25 29 25 17 43 5
split_gain=84.6257 75.0881 86.1831 100.5 69.2066 109.571 66.0462 68.9773 64.5206 54.3194 69.8992 54.2748 72.425 52.4444 50.9251 63.2846 53.0242 49.9048 43.3651 43.1856 43.1538 88.6781 47.5877 41.6215 40.0756 57.7689 39.6194 38.8101 37.8941 37.8092
threshold=1.2279316186904909 -0.0013651450863108037 -0.02818802464753389 0.54398673772811901 0.48611135780811315 0.72948259115219127 0.98619580268859874 -0.014509209431707857 0.017101389355957512 -0.034389246255159371 0.80016958713531505 0.075260683894157424 1.0445287823677065 1.0264098644256594 0.82520395517349254 1.056109666824341 1.0128908157348635 1.0967119932174685 0.013698711525648834 0.049107873812317855 -0.74999999999999989 0.90484991669654857 0.49749423563480383 0.92701351642608654 0.024388809688389305 -0.007574032060801982 0.047976089641451843 1.3381087779998782 1.0638648271560671 0.01351357623934746
decision_type=10 8 8 10 10 8 8 10 10 8 10 10 10 10 10 10 10 10 10 10 2 10 10 10 10 10 10 10 10 10
left_child=1 6 3 -3 9 28 7 -1 13 10 26 17 -13 -5 15 20 -17 -11 27 -12 21 -8 -22 -18 -9 -26 -4 -16 -6 -7
right_child=-2 2 4 8 5 29 14 24 -10 11 19 12 -14 -15 18 16 23 -19 -20 -21 22 -23 -24 -25 25 -27 -28 -29 -30 -31
leaf_value=-0.015566035517636991 0.004969715486383074 -0.0018100731990298982 0.011908936529529301 0.0030412964234585995 -0.015094099443637611 -0.0018643660489966176 0.013567960960665459 0.00022330077367344091 0.01424046608709714 0.0002617355836567343 0.0019254651800881593 0.0069096220603192676 -0.0029811975968164236 0.013090484896221674 0.0021827441529907246 0.0024156470851173671 -0.0023160085983848079 0.0044599994835832699 -0.0026299457718173122 -0.0090328977579517342 0.00023232823342556104 0.00079739678433490293 -0.0019289165412179874 0.0069763147441832618 0.0035071871834567898 -0.0055101674484379359 -0.0029163348097454318 -0.011787574934251924 0.0016050441412255167 0.0033559548294144152
leaf_weight=383 3007 2337 309 4602 703 9907 492 2709 676 131406 347 2432 853 535 11430 2381 28810 2591 2150 1540 21973 14174 15464 406 693 4333 259 156 105 1375
leaf_count=383 3007 2337 309 4602 703 9907 492 2709 676 131406 347 2432 853 535 11430 2381 28810 2591 2150 1540 21973 14174 15464 406 693 4333 259 156 105 1375
internal_value=-1.65846e-05 -7.45516e-05 0.000333957 0.00333747 0.000170336 -0.00200152 -0.000696472 -0.0032992 0.00545748 0.000360651 -0.00403244 0.000441973 0.00424805 0.00419277 -0.000475912 -0.000755988 -0.00181544 0.000345806 0.00120753 -0.00686139 -0.000107298 0.00126413 -0.000652955 -0.00217193 -0.00261454 -0.0041984 0.00476936 0.0019488 -0.0125754 -0.00119678
internal_weight=268538 265531 159977 8150 151827 12090 105554 8118 5813 139737 2455 137282 3285 5137 97436 83700 31597 133997 13736 1887 52103 14666 37437 29216 7735 5026 568 11586 808 11282
internal_count=268538 265531 159977 8150 151827 12090 105554 8118 5813 139737 2455 137282 3285 5137 97436 83700 31597 133997 13736 1887 52103 14666 37437 29216 7735 5026 568 11586 808 11282
is_linear=0
shrinkage=0.03


Tree=15
num_leaves=31
num_cat=0
split_feature=56 29 1 41 53 13 22 40 71 25 3 79 21 62 52 33 81 28 42 28 53 20 10 68 1 124 34 74 135 22
split_gain=72.5783 87.3654 65.5787 80.7677 70.738 64.8008 63.6871 61.0952 76.0569 66.4206 62.5667 58.4586 123.672 106.401 57.4534 56.59 44.0211 43.1088 61.7635 42.9216 42.2532 42.1697 42.0487 41.3334 41.3111 40.3546 70.4518 47.7226 49.7302 38.2085
threshold=1.1573861837387087 -0.00018738250219030303 0.014354028273373844 -0.029366616159677502 1.0022398233413699 1.1154526472091677 1.0967119932174685 -0.031411696225404732 0.54819294810295116 0.019514380022883419 0.020942436531186107 0.55000001192092907 0.86569494009017955 0.69393256306648265 0.67562815546989452 0.37481763958930975 0.71666666865348827 0.018217737786471847 0.065173242241144194 -0.012181295547634361 0.99580213427543651 0.90432381629943859 1.0229316353797915 0.62857148051261913 0.036612650379538543 -0.39835266768932337 0.56759423017501842 0.25000000745058065 0.3962754905223847 0.99459165334701549
decision_type=10 8 10 10 10 8 10 8 10 10 10 2 10 10 10 10 2 10 10 10 10 10 10 10 10 10 10 2 10 8
left_child=1 2 -1 4 23 14 7 8 15 24 19 13 -13 -11 -6 -3 -2 18 22 -10 -8 -20 -5 -4 29 26 27 28 -18 -9
right_child=16 6 3 17 5 -7 20 9 10 11 -12 12 -14 -15 -16 -17 25 -19 21 -21 -22 -23 -24 -25 -26 -27 -28 -29 -30 -31
leaf_value=0.00035880646476797159 -0.0031407172958028448 -0.013611602661876649 -0.012298839405821037 -0.0014694437939787438 0.0090796995122697857 -0.0088152279325059181 -0.0049706506713258405 0.0019388863073160172 0.011595049958377728 -0.0081976888933943341 0.018208894828676731 0.024152260195712247 0.0014372947731526638 -0.00042087039978295674 0.00067421942446254561 0.00070546337793140474 -0.018971886840618197 -0.010642888843704986 -0.0076393313308104572 0.0026833884649012383 0.006752526648404175 0.0089996107675112211 -0.0044108120079798373 -0.00061761809241771693 -0.0040187410108160826 0.0071414674843899651 0.0036562384634629907 0.0056896061177914292 0.00016312043041338009 0.00029879809208100896
leaf_weight=42399 859 291 586 54236 745 602 272 28846 623 1611 331 205 7392 62688 22833 1072 298 471 131 2822 2164 757 4887 605 1356 2252 3565 148 149 23839
leaf_count=42399 859 291 586 54236 745 602 272 28846 623 1611 331 205 7392 62688 22833 1072 298 471 131 2822 2164 757 4887 605 1356 2252 3565 148 149 23839
internal_value=4.02028e-05 -4.08961e-05 -0.000601102 -0.00107863 0.000332075 0.000697142 0.000495002 0.000402778 0.00360734 0.000269078 0.00581484 -0.00032503 0.00215144 -0.00062287 0.000959993 -0.00228694 0.0029931 -0.00167526 -0.00159636 0.00443919 0.00529157 0.00610039 -0.00171905 -0.00672098 0.00106486 0.00386869 0.00199952 -0.00723519 -0.0122173 0.00120286
internal_weight=269035 261764 128252 85853 25371 24180 133512 131076 5139 125937 3776 71896 7597 64299 23578 1363 7271 60482 60011 3445 2436 888 59123 1191 54041 6412 4160 595 447 52685
internal_count=269035 261764 128252 85853 25371 24180 133512 131076 5139 125937 3776 71896 7597 64299 23578 1363 7271 60482 60011 3445 2436 888 59123 1191 54041 6412 4160 595 447 52685
is_linear=0
shrinkage=0.03


Tree=16
num_leaves=31
num_cat=0
split_feature=32 86 25 38 50 73 46 13 12 59 26 16 46 53 35 26 38 106 73 71 35 141 39 112 4 1 51 25 140 32
split_gain=81.5325 84.366 79.4917 54.6311 80.5088 115.186 59.0768 93.4275 58.6185 58.5778 55.6282 55.5482 88.7839 50.8606 47.8519 45.3413 50.1914 45.265 45.0409 47.8804 44.1569 40.4414 50.2609 39.8843 28.9234 28.1459 31.9147 22.6717 22.4132 22.0449
threshold=-0.0049182062502950421 -0.58333334326744068 0.01236047223210335 -0.00085927394684404124 0.70271128416061412 0.5000000149011613 1.0739795565605166 0.98010951280593883 0.99118557572364818 0.97488418221473705 0.1037210449576378 0.674747794866562 1.0789846181869509 1.0323422551155093 0.13186229765415194 0.069538675248622908 -0.015232004690915344 0.5847701132297517 0.90000000596046459 0.12962902337312701 0.50727647542953502 1.3610292077064516 -0.0044462259393185368 -0.1121593303978443 0.41176347434520727 0.016971275210380558 0.9747474491596223 0.050094695761799819 0.73693883419036876 0.0047730889637023219
decision_type=10 2 10 8 10 10 10 8 10 10 10 8 10 10 10 10 10 2 10 10 10 10 10 2 10 10 10 10 8 10
left_child=1 14 25 8 5 -5 10 17 21 -9 13 12 -10 -6 24 16 -13 -8 19 28 -17 22 29 -24 -1 -2 -27 -12 -16 -4
right_child=2 -3 3 4 6 -7 7 9 11 -11 27 15 -14 -15 18 20 -18 -19 -20 -21 -22 -23 23 -25 -26 26 -28 -29 -30 -31
leaf_value=0.019148203019817841 0.0016124625455086392 0.00036423435650632593 0.0028971325088914712 0.00937032265212746 -0.00031595242067469488 -0.019062901011158276 -0.0063344432228321307 0.0029950786243977145 -0.022416449727394004 -0.0013042210930658403 0.020842809135726881 -0.0028605644914294097 0.0060757712893187996 0.0053684077862424578 -0.0076841379295338888 -0.00089660424901757615 0.0001041494901719427 2.0046798805792946e-05 -0.0016155176481274613 0.011432092660778756 0.0041519369786683549 -0.0012812382822299253 0 0.013097277553779948 0.00070434224317377468 0.0010184674705640186 -0.0031689023273792998 0.00069349292646317439 0.0039838336040309121 -0.010751349689399309
leaf_weight=389 28532 4944 402 146 68023 454 4745 3003 226 42069 139 5430 130 1423 146 2216 88780 1161 661 1067 4589 622 212 982 139 4361 2553 124 868 121
leaf_count=389 28532 4944 402 146 68023 454 4745 3003 226 42069 139 5430 130 1423 146 2216 88780 1161 661 1067 4589 622 212 982 139 4361 2553 124 868 121
internal_value=-3.0186e-05 0.00290749 -0.000124204 -0.000333299 -0.000765969 -0.0115812 -0.000707805 -0.00148436 0.000169859 -0.00100992 -0.000135351 5.80603e-05 -0.0114444 -0.000193645 0.00663593 0.000103824 -6.41155e-05 -0.0050388 0.00481122 0.00699132 0.00246615 0.00484642 0.00722813 0.0105837 0.0150431 0.00119403 -0.000489138 0.0131232 0.00189756 0
internal_weight=268657 8214 260443 224997 121287 600 120687 50978 103710 45072 69709 101371 356 69446 3270 101015 94210 5906 2742 2081 6805 2339 1717 1194 528 35446 6914 263 1014 523
internal_count=268657 8214 260443 224997 121287 600 120687 50978 103710 45072 69709 101371 356 69446 3270 101015 94210 5906 2742 2081 6805 2339 1717 1194 528 35446 6914 263 1014 523
is_linear=0
shrinkage=0.03


Tree=17
num_leaves=31
num_cat=0
split_feature=22 26 38 30 126 50 83 22 77 11 54 39 19 83 91 50 116 1 33 1 38 80 113 3 42 102 39 41 122 138
split_gain=62.7392 64.0253 55.7053 55.0123 71.3431 60.5776 105.685 48.3757 46.2587 44.45 72.4046 70.2656 70.8791 52.3637 50.9603 60.1294 43.3498 53.5542 70.5896 42.0336 66.4859 43.4626 41.4879 41.2787 43.348 39.4179 35.1041 34.2586 33.067 32.7243
threshold=1.1669376492500307 0.016291650012135509 -0.00092451207456178952 -0.0006833017396274953 0.13513522595167163 0.70271128416061412 -1.0000000180025095e-35 0.9296310842037202 0.091666668653488173 0.98283258080482494 0.97668275237083446 -0.0044462259393185368 1.0232782959938052 0.70000001788139354 0.23119604587554934 0.82038387656211864 0.36427114903926855 0.05543711036443711 0.92681118845939647 0.05543711036443711 -0.018076949752867218 0.52500000596046459 0.65000042319297802 0.014625216834247114 -0.08558544889092444 0.52440476417541515 0.035639274865388877 -0.056612087413668626 0.63670420646667492 1.347959637641907
decision_type=10 10 10 10 10 10 10 10 2 10 10 10 10 10 10 10 10 10 10 10 8 2 10 10 10 2 10 10 10 10
left_child=1 -1 9 4 7 6 -5 -4 29 11 13 14 -13 -11 27 -16 17 18 -2 20 -12 -21 -9 24 -6 -15 -10 -3 -19 -7
right_child=16 2 3 5 23 8 -8 22 26 10 19 12 -14 25 15 -17 -18 28 -20 21 -22 -23 -24 -25 -26 -27 -28 -29 -30 -31
leaf_value=0.00097121272339717067 0.0053693071314526745 0.0057071446552775136 -0.0094999316764787321 0.0098289826440569709 0.0068589991227162809 -0.0022482021389613411 -0.017161012238619312 -0.00059466930029191528 0.00024379037468688893 0 -0.004392762933617074 0.0035319446382246276 0.016917396914075442 -0.019153629807864708 -0.0052522256313510584 0.0064761878530890469 -0.0018117342770013478 0.0037049081665368445 -0.0071218651836122884 0.0086030775734590309 0.00021286953378819642 -0.0013465685229022675 -0.0026865842450817514 0.0065330363495908136 -0.0076671678316380006 -0.0017139434390308628 0.0045848786858800885 -0.0073763353643763636 0.017018214339385742 0.0029347177196138189
leaf_weight=44274 1962 171 602 153 161 10437 433 43388 47994 419 2893 4111 392 376 561 1110 942 377 477 1029 87497 551 10824 189 2778 229 1731 1161 480 1160
leaf_count=44274 1962 171 602 153 161 10437 433 43388 47994 419 2893 4111 392 376 561 1110 942 377 477 1029 87497 551 10824 189 2778 229 1731 1161 480 1160
internal_value=-8.81733e-06 -6.80548e-05 -0.000278301 -0.000715676 -0.00138024 -8.85954e-05 -0.00952727 -0.00112076 0 0.000240339 5.75536e-05 0.00245889 0.00483317 -0.00779313 -0.00101053 0.00234568 0.00360251 0.00524196 0.00276633 0.0001499 6.12054e-05 0.00497234 -0.00101871 -0.00579601 -0.00672905 -0.0132986 0.000402723 -0.00541523 0.0117217 -0.00169979
internal_weight=268862 264624 220350 119850 57942 61908 586 54814 61322 100500 92994 7506 4503 1024 3003 1671 4238 3296 2439 91970 90390 1580 54212 3128 2939 605 49725 1332 857 11597
internal_count=268862 264624 220350 119850 57942 61908 586 54814 61322 100500 92994 7506 4503 1024 3003 1671 4238 3296 2439 91970 90390 1580 54212 3128 2939 605 49725 1332 857 11597
is_linear=0
shrinkage=0.03


Tree=18
num_leaves=31
num_cat=0
split_feature=16 25 40 71 39 18 73 57 29 57 81 113 83 36 58 12 104 69 113 24 52 1 14 11 33 41 113 1 33 49
split_gain=70.335 60.9663 54.6782 127.213 58.4347 56.8579 83.158 52.3478 56.6797 65.4294 56.7907 48.2883 68.3717 47.0951 47.0227 46.6553 45.259 41.7014 76.367 38.5798 38.1508 37.4658 48.8457 44.3024 36.9643 36.4192 35.4239 32.7735 32.0167 33.7975
threshold=1.2279316186904909 0.01236047223210335 -0.027591771446168419 0.60946795344352733 -0.0050909298006445161 1.0247478485107424 0.5000000149011613 0.81709790229797374 -0.00037715902726631606 1.1661848425865176 0.050000002607703216 0.43496374785900122 -0.3000000044703483 0.80438071489334118 1.0194934606552126 1.0012052655220034 0.38750000298023229 0.16666837036609652 0.14285717159509662 0.038079958409070976 0.66596177220344555 0.050279354676604278 0.82351601123809826 0.99625092744827282 0.57540073990821849 0.016006838530302051 0.54999980330467235 0.017068217508494857 0.41976623237133032 0.90516787767410289
decision_type=10 10 8 10 10 10 10 10 10 10 2 10 10 10 10 10 2 10 10 10 10 10 10 10 10 10 10 10 10 10
left_child=1 27 3 16 17 7 14 15 10 -10 -9 12 -6 -2 -7 20 28 18 -5 24 -4 22 -18 -23 -15 -8 -13 -1 29 -3
right_child=13 2 5 4 11 6 25 8 9 -11 -12 26 -14 19 -16 -17 21 -19 -20 -21 -22 23 -24 -25 -26 -27 -28 -29 -30 -31
leaf_value=0.0015069254252204291 0.00083856208486297336 0 -0.021502892468142201 0 0 -0.0034569427455327707 -0.012981795882800814 -0.0033041204562687014 1.3811100506843256e-06 0.0042715058416227369 -0.00064159649445697225 0.012510999488120431 -0.018277025302804898 -0.0057122347396595975 0.0038154299969728762 0.0024385724970335631 0.015155286564937948 0.0045005591133132844 0.016920764659099596 0.01272747695734215 -0.0035954765726139474 0.006063702273591912 -0.00051122520048705136 -0.0036310039256943344 0.0091241904238532397 0.00077552311471013047 0 -0.00070397538740231966 -0.0019879215408117466 -0.024194898784626273
leaf_weight=29414 1616 108 245 367 602 2876 956 8010 104696 3317 78791 300 240 256 1056 208 160 4252 723 821 278 1738 18434 503 291 159 574 7373 506 148
leaf_count=29414 1616 108 245 367 602 2876 956 8010 104696 3317 78791 300 240 256 1056 208 160 4252 723 821 278 1738 18434 503 291 159 574 7373 506 148
internal_value=-2.36068e-05 -7.62547e-05 -0.000259253 0.000962899 0.00445492 -0.000435414 -0.0035795 -0.000352374 -0.000320264 0.000136057 -0.000891454 -0.000194261 -0.00541957 0.00453953 -0.0014185 -0.00827393 -0.000167497 0.00599947 0.0113899 0.00862021 -0.0130197 8.41417e-05 -0.00034416 0.00374214 0.00169497 -0.0107766 0.00451279 0.00105552 -0.00725776 -0.0156881
internal_weight=269018 266034 229247 28655 7058 200592 5047 195545 194814 108013 86801 1716 842 2984 3932 731 21597 5342 1090 1368 523 20835 18594 2241 547 1115 874 36787 762 256
internal_count=269018 266034 229247 28655 7058 200592 5047 195545 194814 108013 86801 1716 842 2984 3932 731 21597 5342 1090 1368 523 20835 18594 2241 547 1115 874 36787 762 256
is_linear=0
shrinkage=0.03


Tree=19
num_leaves=31
num_cat=0
split_feature=22 26 86 38 30 16 35 28 50 113 77 16 34 27 22 28 28 46 24 41 43 51 54 114 118 36 38 87 140 10
split_gain=79.9521 62.5837 60.9809 59.8503 53.467 99.7739 64.2131 61.9683 52.5656 106.273 52.0849 51.1661 92.017 63.7388 48.0206 46.9917 49.6132 49.4909 45.9078 57.0704 45.6789 45.6734 40.279 50.3058 39.1168 36.7698 36.1285 35.5997 33.7483 33.1751
threshold=1.1669376492500307 0.019962045364081863 -0.74999999999999989 -0.0014804758829995988 -0.00047753771650604898 0.95601308345794689 0.19278511404991153 -0.0060975574888288966 0.70271128416061412 0.60714277625083934 0.091666668653488173 0.674747794866562 0.64221066236495983 0.071918815374374404 0.9296310842037202 0.026770328171551231 -0.013699054718017576 1.1471332907676699 0.013853910844773056 0.0046274168416857728 1.0109433531761172 0.65974488854408275 1.0856433510780337 0.3559322208166123 0.34883733093738561 0.64291459321975719 0.006761793978512288 -0.9583333134651183 0.76868969202041637 1.0124120116233828
decision_type=10 10 2 10 10 8 10 10 10 10 2 8 10 10 10 10 10 10 10 10 10 10 10 10 8 10 10 2 10 10
left_child=1 20 22 11 5 6 7 -5 9 -6 26 12 -3 18 -7 16 -15 -17 -13 -20 -1 -12 23 -2 -16 -24 -10 -27 -29 -25
right_child=2 3 -4 4 8 14 -8 -9 10 -11 21 13 -14 15 24 17 -18 -19 19 -21 -22 -23 25 29 -26 27 -28 28 -30 -31
leaf_value=0.0016434496888182739 -0.0020465658005167529 0.0092277156090741583 -0.00055174483175822854 0.0067638114617890911 0.007957527321101979 -0.011208165031852232 -0.0097883535172324405 -0.00508929370049911 -0.003089163440734467 -0.01795841699917327 0.011387271799489099 0.0011565146009331715 -0.019178726333798236 0.0069500148667415692 -0.0025666797036295293 0.021867942968789283 0.0012124655989705169 0 -0.0015218653940195423 0.00065175749419655866 0.00011503089051642228 0.00038965474792238935 0.0014275642897316149 0.00068092900579647402 -0.00050221923472123641 0 0.00083968772137527515 0 0.01644263836305334 0.022106041742319411
leaf_weight=30481 759 123 1495 501 187 399 1991 1514 7022 383 325 19572 288 1501 10568 198 16052 157 25288 18813 42708 43473 449 169 40527 187 2844 140 924 134
leaf_count=30481 759 123 1495 501 187 399 1991 1514 7022 383 325 19572 288 1501 10568 198 16052 157 25288 18813 42708 43473 449 169 40527 187 2844 140 924 134
internal_value=7.54925e-05 8.66351e-06 0.00414466 -0.000275086 -0.000734063 -0.00138874 -0.00595316 -0.00195726 -5.83034e-05 -0.00896616 3.40295e-05 0.000335557 -0.00994776 0.000393465 -0.00102566 0.00197398 0.00172752 0.0126182 -4.68244e-05 -0.000587947 0.000755944 0.000483269 0.00678023 0.00179182 -0.000935919 0.00966503 -0.00192687 0.0123165 0.0144022 0.011867
internal_weight=269172 264915 4257 191726 109734 55500 4006 2015 54234 570 53664 81992 411 81581 51494 17908 17553 355 63673 44101 73189 43798 2762 1062 51095 1700 9866 1251 1064 303
internal_count=269172 264915 4257 191726 109734 55500 4006 2015 54234 570 53664 81992 411 81581 51494 17908 17553 355 63673 44101 73189 43798 2762 1062 51095 1700 9866 1251 1064 303
is_linear=0
shrinkage=0.03


Tree=20
num_leaves=31
num_cat=0
split_feature=56 26 27 40 29 48 33 44 79 32 8 14 32 27 45 38 123 14 26 38 30 76 114 140 118 23 15 41 2 38
split_gain=81.7097 60.3323 53.3712 74.7682 71.1028 69.6294 59.8263 60.5613 59.2407 52.8596 97.3758 64.4041 51.9106 53.5893 49.5997 48.4666 48.364 47.301 44.4386 43.8334 41.7009 46.523 44.9472 44.2861 40.328 39.6607 41.7023 39.5134 39.4837 39.8386
threshold=1.1573861837387087 0.020587149076163772 0.07612189278006555 -0.046282673254609101 -0.0054127646144479504 0.95161291956901561 0.37481763958930975 1.0429622530937197 0.84999999403953563 0.0065804391633719215 0.88235512375831615 0.93049272894859325 0.0033805210841819648 0.060787469148635871 1.1122595071792605 -0.0025674880016595121 0.23529396206140521 1.0326865911483767 0.079266771674156203 -0.014566455036401747 -0.005606079474091529 0.25000000745058065 0.32515318691730505 0.8385794758796693 0.76470616459846508 0.026264358311891559 0.95829796791076671 0.021485988982021812 -0.444444790482521 0.010794457048177721
decision_type=10 10 10 10 10 10 8 10 2 10 10 8 10 10 10 10 8 10 10 10 10 2 10 10 10 10 10 10 10 10
left_child=1 16 6 4 8 -6 7 28 -4 14 11 -11 13 -8 -5 -16 -1 -12 27 -14 21 23 -22 -2 -10 -18 -27 -9 -3 -30
right_child=20 2 3 9 5 -7 12 18 24 10 17 -13 19 -15 15 -17 25 -19 -20 -21 22 -23 -24 -25 -26 26 -28 -29 29 -31
leaf_value=7.0775090674244642e-05 0.00013527712713603577 0.001002911435417577 -0.0086668582964500585 0.001231312541132099 -0.0024580684484150649 0.010939212488369036 9.8359606995903059e-06 -0.0033844657140936875 0.01080056661127007 -0.017030260870799119 0.00041961761551316491 -0.0035366509646009348 -0.010671558484129153 -0.0020496487336185256 0.0013280596766041693 -0.0042412420432167922 0.0015033064988154595 0.024549271658957001 0.0052499913723537857 0.0045145447925509022 -0.0080006891152384629 0.00045502376341800805 0.0043085915059632024 0.0077787897120029769 -0.00028725345847623057 0.020992944098111317 0 0.0027401256099278868 -0.0017415288524223235 0.001456455238888999
leaf_weight=50742 982 9256 478 21510 386 1714 78973 17275 427 449 244 1322 152 13209 2302 3329 27333 105 556 2991 562 2240 444 3050 723 174 112 934 22956 4019
leaf_count=50742 982 9256 478 21510 386 1714 78973 17275 427 449 244 1322 152 13209 2302 3329 27333 105 556 2991 562 2240 444 3050 723 174 112 934 22956 4019
internal_value=1.79658e-05 -6.82306e-05 -0.000367092 0.000721167 0.00471423 0.0083352 -0.000607978 -0.00139639 0 0.000199312 -0.00432427 -0.00727715 -0.000149772 -0.0002824 0.000566621 -0.00191473 0.000626985 0.00942937 -0.00278394 0.00362244 0.00314985 0.00407578 -0.00229748 0.00600109 0.00368754 0.00163722 0.0125199 -0.0030512 -0.000668333 -0.00125322
internal_weight=268949 261671 183310 32989 3728 2100 150321 54996 1628 29261 2120 1771 95325 92182 27141 5631 78361 349 18765 3143 7278 6272 1006 4032 1150 27619 286 18209 36231 26975
internal_count=268949 261671 183310 32989 3728 2100 150321 54996 1628 29261 2120 1771 95325 92182 27141 5631 78361 349 18765 3143 7278 6272 1006 4032 1150 27619 286 18209 36231 26975
is_linear=0
shrinkage=0.03


Tree=21
num_leaves=31
num_cat=0
split_feature=61 29 40 121 60 22 9 45 52 35 13 13 7 87 5 34 77 25 39 81 60 48 141 87 82 51 68 41 33 114
split_gain=61.4718 60.628 69.7208 69.1548 68.6848 59.8366 59.2014 57.1172 55.4307 67.4649 53.7324 54.9295 70.7016 51.8045 77.5269 51.595 49.6136 47.4619 60.9156 43.6372 43.0402 42.3059 42.0285 41.9739 40.6892 40.4683 39.6334 38.4378 38.0459 40.0908
threshold=1.065459728240967 -0.0014586958568543194 -0.02818802464753389 0.34696583449840551 0.74129092693328869 1.09453821182251 1.0011283159255984 1.1137440800666811 0.97899746894836437 0.72545909881591808 1.1154526472091677 0.98619580268859874 -0.014509209431707857 0.37500000000000006 0.013019732199609281 0.8632066845893861 0.37500000000000006 0.019719884730875496 0.038371387869119651 0.38333334028720861 1.0179033875465395 0.9811072349548341 0.96800202131271373 0.39166666567325598 0.64166665077209484 0.90342679619789135 0.096154280006885542 0.0023071964969858532 0.92108288407325756 0.25619065761566168
decision_type=10 8 8 10 8 10 10 10 10 10 10 8 10 2 10 10 2 10 10 2 10 10 10 2 2 10 10 10 10 10
left_child=1 10 3 27 6 17 -4 25 9 -2 11 12 -1 16 21 28 -13 23 -19 -12 -7 -15 -16 -6 -18 26 -5 -3 29 -10
right_child=8 2 4 7 5 20 -8 -9 15 -11 19 13 -14 14 22 -17 24 18 -20 -21 -22 -23 -24 -25 -26 -27 -28 -29 -30 -31
leaf_value=-0.015116758246534906 0.00096215126543146496 0.0061283892529653532 -0.016861351058969853 0.010362771945642873 0.00017091974147334866 0.0045488357729323893 0.0005497490558975741 -0.0037436858140110951 -0.0016888375173045055 0.012511487138531141 -0.017462134616804372 -0.00023867835018473546 -0.0022676848233629285 -0.0017122347563496871 0.011905151569145902 0.0057812473774678606 -0.003301504546618469 -0.00055006831196117371 0.0056428531046635632 0 -0.0084074315105982372 0.0010856473041664324 0.0027081680569142194 0.0017719565238516952 -0.00070259297336834798 -0.0001702596535099579 0.0023910516025469077 0.022252050384594695 -0.0071165059058800771 0.010465280464628622
leaf_weight=399 927 2042 377 930 51532 3863 256 1486 987 1016 289 44708 7623 6859 762 1163 10862 75894 1430 172 212 16363 1363 20916 11552 2002 1760 147 799 295
leaf_count=399 927 2042 377 930 51532 3863 256 1486 987 1016 289 44708 7623 6859 762 1163 10862 75894 1430 172 212 16363 1363 20916 11552 2002 1760 147 799 295
internal_value=-4.17216e-06 -6.89946e-05 0.000287811 0.00295353 0.000141123 0.000184223 -0.0095593 0.00126145 0.00322254 0.0072201 -0.000647476 -0.000596312 -0.00298008 -0.000385668 0.000763311 0.00070671 -0.000824119 8.43382e-05 -0.000430231 -0.0106882 0.00376376 0.000245577 0.00622621 0.000637646 -0.00197724 0.00291945 0.00531391 0.00753863 -0.00201452 0.000995318
internal_weight=268986 263799 162847 8367 154480 153847 633 6178 5187 1943 100952 100491 8022 92469 25347 3244 67122 149772 77324 461 4075 23222 2125 72448 22414 4692 2690 2189 2081 1282
internal_count=268986 263799 162847 8367 154480 153847 633 6178 5187 1943 100952 100491 8022 92469 25347 3244 67122 149772 77324 461 4075 23222 2125 72448 22414 4692 2690 2189 2081 1282
is_linear=0
shrinkage=0.03


Tree=22
num_leaves=31
num_cat=0
split_feature=16 26 37 0 29 35 86 40 7 82 27 119 53 31 83 71 28 35 27 9 14 134 35 1 81 56 17 16 5 17
split_gain=68.5371 56.3588 59.8474 52.1526 55.4558 52.1115 77.0591 51.9486 51.8831 47.761 44.0351 44.0218 42.2069 38.4642 108.591 36.8834 32.1537 30.3912 41.1339 40.4939 38.5408 29.9038 29.8307 29.5861 25.3829 24.8214 24.4966 69.8153 31.4764 29.9676
threshold=1.2279316186904909 0.0219585569575429 0.85060060024261486 -0.0010491113062016664 0.027280201204121116 0.78124108910560619 -0.84999999403953541 -0.05670111067593097 -0.031257804483175271 0.091666668653488173 0.087848428636789336 0.25675703585147863 1.0076048374176028 0.0086644911207258719 -0.3000000044703483 0.93749997019767772 0.0090820300392806547 0.22072537988424304 0.12763733416795733 0.98589786887168895 0.99392414093017589 0.25748604536056524 0.86025893688201915 0.017526775598526004 0.88333332538604747 1.1723754405975344 1.1357172727584841 1.0463672876358034 0.0073529982473701247 1.1631621718406679
decision_type=10 10 10 10 10 10 2 10 8 2 10 10 10 10 10 10 10 10 10 10 10 10 10 10 2 10 10 10 10 10
left_child=1 8 3 5 13 6 23 9 -1 -4 12 -8 -7 15 -15 -5 26 19 21 20 -9 -19 -12 -3 -18 -2 -10 28 -28 -29
right_child=25 2 7 4 -6 10 11 17 16 -11 22 -13 -14 14 -16 -17 24 18 -20 -21 -22 -23 -24 -25 -26 -27 27 29 -30 -31
leaf_value=-0.0085922943008308484 0 -0.0002842521704133169 0 -0.0014115674033930224 -0.012795223684186804 -0.00029725434770654346 0.0029874191176343227 0.003087293111667451 0.00054372362047074431 0.017815799411536187 0 -0.00032882537391004186 0.0031313371281786839 0.014734488028926507 -0.00049099368719787218 0.00045061357377258862 0.0024537103626216827 -0.00081987631500894307 -0.0089740499404985848 0.001503526146368237 0.017147918972572538 0.0021160218854302964 -0.011029705549088806 -0.0057434756860073929 0.012261477833966519 0.0061211994547547026 -0.0084344378617348288 -0.00069451370567956059 0.0019793520557233393 0.0091713273650608374
leaf_weight=535 815 1409 222 70218 348 4651 3850 520 83212 303 504 51085 9526 505 1969 10805 3687 6405 399 2935 324 5907 370 3173 259 2176 1278 552 264 448
leaf_count=535 815 1409 222 70218 348 4651 3850 520 83212 303 504 51085 9526 505 1969 10805 3687 6405 399 2935 324 5907 370 3173 259 2176 1278 552 264 448
internal_value=-3.69505e-05 -8.90619e-05 -0.000403394 -0.000586328 -0.00109959 -5.04547e-06 -0.000407955 0.00128083 0.000518669 0.0104518 0.00156672 -8.99519e-05 0.00198657 -0.0010442 0.00258982 -0.00115948 0.000578257 0.000958375 0.000228877 0.00331902 0.00910419 0.000565517 -0.00479998 -0.00413844 0.00323168 0.00446183 0.000451936 -0.00241641 -0.00645696 0.00352443
internal_weight=268654 265663 175428 158413 83845 74568 59517 17015 90235 525 15051 54935 14177 83497 2474 81023 89700 16490 12711 3779 844 12312 874 4582 3946 2991 85754 2542 1542 1000
internal_count=268654 265663 175428 158413 83845 74568 59517 17015 90235 525 15051 54935 14177 83497 2474 81023 89700 16490 12711 3779 844 12312 874 4582 3946 2991 85754 2542 1542 1000
is_linear=0
shrinkage=0.03


Tree=23
num_leaves=31
num_cat=0
split_feature=22 25 86 29 22 40 18 10 121 83 124 54 119 105 24 51 11 42 54 43 62 10 33 114 35 76 34 1 99 4
split_gain=66.5139 56.2282 51.0684 45.7561 67.4374 56.5264 68.0041 54.4027 53.3727 48.0974 45.7043 44.2968 56.6017 44.151 42.532 65.5235 60.3127 56.8274 53.2276 51.91 38.7467 34.4725 32.457 32.2186 33.1572 31.5041 30.9703 30.3358 29.2298 28.9813
threshold=1.1669376492500307 0.012474801857024433 -0.74999999999999989 -0.00018738250219030303 1.0967119932174685 -0.031411696225404732 1.0235794186592104 1.0172446370124819 0.34696583449840551 -0.50000001490116108 -0.65789398550987233 1.0856433510780337 0.64285728335380565 0.34166666865348821 0.027186701074242595 0.77602264285087597 0.98963728547096264 -0.077356711030006395 1.0141797661781313 1.0364409089088442 0.75877732038497936 1.0117267966270449 0.96559959650039684 0.14942578226327899 0.82520395517349254 0.18333333730697635 0.58504074811935436 0.017819703556597236 0.78888890147209179 0.34285707771778112
decision_type=10 10 2 10 10 10 10 10 10 10 8 10 10 2 10 10 10 10 10 10 10 10 10 10 10 2 10 10 2 10
left_child=1 27 11 10 5 8 7 -7 13 -10 29 12 21 -5 15 19 18 -17 -16 -12 -18 -2 -4 24 -13 -6 -25 -1 -8 -3
right_child=2 3 22 4 25 6 28 -9 9 -11 14 23 -14 -15 16 17 20 -19 -20 -21 -22 -23 -24 26 -26 -27 -28 -29 -30 -31
leaf_value=0.0014415317581048827 0.00032026396810331127 0.0022352655712874021 0.00059870638927500401 0 0.0067496450550729352 -0.0002392512393937996 -0.0068652177750830254 0.0016696829299263109 0.0046353854975343129 -0.0022560715870656683 0.00010597189005505861 -0.0023311507340380922 -0.0030209059753309926 0.010915492832979285 -0.0061879236117330337 0.0031749766307061981 -0.012534354814066144 -0.00077450759293390392 0.00015342745703670398 0.021559844521161553 -0.0035579769115671768 0.021940357075426492 -0.015085036662057972 0.00026930457915718938 0.011740194303225484 -0.00018487685538539167 0.014748253290834758 -0.00076932370262647602 0.0064307241499773227 -0.0011206877322742712
leaf_weight=30948 167 7558 1379 479 2026 88297 1711 15816 1721 1838 249 355 762 1120 1338 3373 481 80459 9083 194 7124 138 108 207 211 711 885 6611 124 3187
leaf_count=30948 167 7558 1379 479 2026 88297 1711 15816 1721 1838 249 355 762 1120 1338 3373 481 80459 9083 194 7124 138 108 207 211 711 885 6611 124 3187
internal_value=2.92546e-05 -2.93298e-05 0.00376109 -0.000208439 0.000214112 9.63307e-05 -5.04541e-05 4.81226e-05 0.00315785 0.000999839 -0.000636586 0.0061968 0.00107095 0.0077041 -0.000833857 -0.000545899 -0.00216139 -0.000611302 -0.000642328 0.0106745 -0.00419645 0.0117737 -0.000526406 0.00926466 0.00262424 0.00485115 0.0123276 0.0010442 -0.00574537 0.00121178
internal_weight=268660 264448 4212 226889 113843 111106 105948 104113 5158 3559 113046 2725 1067 1599 102301 84275 18026 83832 10421 443 7605 305 1487 1658 566 2737 1092 37559 1835 10745
internal_count=268660 264448 4212 226889 113843 111106 105948 104113 5158 3559 113046 2725 1067 1599 102301 84275 18026 83832 10421 443 7605 305 1487 1658 566 2737 1092 37559 1835 10745
is_linear=0
shrinkage=0.03


Tree=24
num_leaves=31
num_cat=0
split_feature=32 86 17 35 14 46 25 28 72 74 1 17 113 52 73 61 1 76 54 29 37 23 9 93 2 0 34 36 7 17
split_gain=55.6702 58.4977 56.3414 49.3974 55.5961 62.2948 48.1937 71.7306 60.3402 66.6539 52.9815 54.1035 47.9506 47.3172 49.8396 45.7867 54.6102 45.0859 42.7241 40.9023 51.6203 51.3018 39.2732 39.2442 37.5313 37.407 61.8975 60.7093 43.5495 76.8612
threshold=-0.0049182062502950421 -0.58333334326744068 1.0777261853218081 0.64244875311851513 1.0411347746849062 1.0923103690147402 0.019829595461487774 -0.010541667696088551 0.60209438204765331 0.75000000000000011 0.037040229886770255 0.94593641161918651 0.24045818299055102 0.83238208293914806 0.90000000596046459 0.9823834002017976 0.053518986329436309 0.41666667163372045 1.0856433510780337 -0.00023733583657303822 0.86147582530975353 0.009247451554983856 0.9951816499233247 0.12979215383529666 -0.28571423888206476 -0.04624680615961551 0.87417826056480419 0.78366678953170787 -0.029903220944106575 0.71872016787529003
decision_type=10 2 10 10 8 10 10 8 10 2 10 8 10 10 10 10 10 2 10 10 10 10 10 10 10 10 10 10 10 8
left_child=1 13 6 4 15 -6 10 8 9 -8 11 -2 24 23 -15 16 -4 22 -14 20 -17 -21 -5 -1 -7 26 27 -9 29 -27
right_child=2 -3 3 17 5 12 7 25 -10 -11 -12 -13 18 14 -16 19 -18 -19 -20 21 -22 -23 -24 -25 -26 28 -28 -29 -30 -31
leaf_value=0.00047945935279130935 0.0021051090553348742 0.00029443991990576703 -0.002664768853358368 -0.0025094311930930679 0.00048343570903522072 -0.00095002612273102519 0.00099470148611596472 -0.0018557357926574812 0.0050791502891712808 -0.013820784666966845 -0.0040808263694939208 0.00037428597358782215 -0.0098534227563561103 0.0062191411211405517 -0.0028670720775666233 -0.0019498400865276648 0.0084873683374846326 0.0029481007476688812 0.0050480566584272133 -0.00097378824184783544 0.0044539029125790055 0.0040122628357210843 0.0005097947951972281 0.023830887105824664 -0.0067748667151078332 -0.015971115643865628 0.025844162491608164 0.019255676126488853 -0.00045596698796495743 -0.001988663412651965
leaf_weight=130 21777 4872 11750 5557 2395 2906 7709 596 3785 262 2006 66530 2087 2297 646 8847 378 4461 149 3181 1258 4175 12417 207 1632 414 101 129 93771 2417
leaf_count=130 21777 4872 11750 5557 2395 2906 7709 596 3785 262 2006 66530 2087 2297 646 8847 378 4461 149 3181 1258 4175 12417 207 1632 414 101 129 93771 2417
internal_value=1.09676e-05 0.0024501 -6.43375e-05 -0.000861351 -0.00151069 -0.00355995 0.000178694 -0.000243339 0.00196304 0.000436815 0.000692173 0.000804893 -0.00503089 0.00553994 0.00411754 -0.00086356 -0.00227909 0.000247413 -0.00869151 0.000103953 -0.00111577 0.00181865 -0.000408735 0.0161948 -0.00313117 -0.000512995 0.00573653 0.00191404 -0.000570713 -0.00423635
internal_weight=268842 8152 260690 61193 38758 9169 199497 109184 11756 7971 90313 88307 6774 3280 2943 29589 12128 22435 2236 17461 10105 7356 17974 337 4538 97428 826 725 96602 2831
internal_count=268842 8152 260690 61193 38758 9169 199497 109184 11756 7971 90313 88307 6774 3280 2943 29589 12128 22435 2236 17461 10105 7356 17974 337 4538 97428 826 725 96602 2831
is_linear=0
shrinkage=0.03


Tree=25
num_leaves=31
num_cat=0
split_feature=32 86 26 38 11 16 34 35 50 39 30 16 38 35 120 116 27 15 61 113 11 35 34 38 42 138 36 135 108 22
split_gain=53.2189 65.615 55.9519 54.1224 63.6086 66.018 92.7727 52.2437 46.5504 79.4399 47.4451 65.9815 53.9852 49.4733 45.2479 58.279 39.3153 47.316 36.0812 34.5751 34.5543 40.6572 40.4609 33.8193 59.2486 50.4475 31.3067 30.2801 29.7344 29.5359
threshold=-0.0049182062502950421 -0.58333334326744068 0.019962045364081863 -0.00073529069777578105 0.9707869589328767 0.674747794866562 0.64221066236495983 0.13186229765415194 0.70271128416061412 -0.0023492940235882993 -0.00040843411989044393 0.98372760415077221 0.017243275418877605 0.44631154835224157 0.24840752780437472 0.7073953151702882 0.047566989436745651 0.83694374561309826 0.97845587134361278 0.62376269698143016 0.97820034623146068 0.74828276038169872 0.82971101999282848 -0.015232004690915344 -0.077356711030006395 0.83071288466453563 0.67227092385292064 0.3187366276979447 -0.45000000298023218 1.0511414408683779
decision_type=8 2 10 10 10 8 10 10 10 10 10 10 10 10 10 10 10 10 10 8 10 10 10 8 10 10 10 10 2 10
left_child=1 7 19 4 16 6 -6 -1 9 -5 11 12 -10 -13 -12 -16 -4 27 -9 -2 26 28 -23 25 -25 -7 -20 -18 -22 -19
right_child=2 -3 3 8 5 23 -8 18 10 -11 14 13 -14 -15 15 -17 17 29 20 -21 21 22 -24 24 -26 -27 -28 -29 -30 -31
leaf_value=0.014244518488742879 0.00016319962144594513 0 -0.0020875568570593345 0.0058709131826711171 0.0069641351011052403 -0.0047973014750077054 -0.022440410194694369 -0.0045248380598183003 -0.0045532273401257444 -0.016278965482488274 -0.0027574550413979205 -0.0024206419687608184 0.0047630935072563137 -0.00021124974449149121 -2.7864837758958996e-05 0.0046835323581484335 0.0076654469961692203 0.015543335254849145 0 0.0015433027645524856 -0.001709631905253 -0.0070835870049176684 0.0093056736706642242 0.0035667816188191125 0.00011806772809845885 0.00025875433924981133 0.012638012410559672 -0.0076455005870505787 0.0099575306878113279 0.0019736025690140859
leaf_weight=538 47139 4087 365 182 119 2973 248 356 7607 415 5043 13424 557 29491 40485 2482 213 651 190 25470 219 541 148 4766 75289 4110 715 212 616 261
leaf_count=538 47139 4087 365 182 119 2973 248 356 7607 415 5043 13424 557 29491 40485 2482 213 651 190 25470 219 541 148 4766 75289 4110 715 212 616 261
internal_value=1.5448e-05 0.00251998 -5.45613e-05 -0.000327686 0.000206431 9.05627e-05 -0.0122636 0.00563726 -0.000808611 -0.00906876 -0.000753997 -0.00139056 -0.00387087 -0.00091015 -7.01949e-05 0.000239364 0.00591913 0.00832458 0.00377787 0.000651739 0.00514424 0.00208151 -0.00297678 0.000148839 0.00032797 -0.00182876 0.00982098 0 0.00657823 0.0121075
internal_weight=268912 7410 261502 188893 89207 87505 367 3323 99686 597 99089 51079 8164 42915 48010 42967 1702 1337 2785 72609 2429 1524 689 87138 80055 7083 905 425 835 912
internal_count=268912 7410 261502 188893 89207 87505 367 3323 99686 597 99089 51079 8164 42915 48010 42967 1702 1337 2785 72609 2429 1524 689 87138 80055 7083 905 425 835 912
is_linear=0
shrinkage=0.03


Tree=26
num_leaves=31
num_cat=0
split_feature=61 29 41 32 49 16 24 23 40 49 59 36 52 38 73 30 42 12 1 22 47 10 30 8 138 62 142 49 35 16
split_gain=56.7621 60.0854 56.2062 62.6653 55.9636 55.3795 223.1 108.748 66.5492 56.1653 80.5699 53.8965 51.6609 48.1544 55.9031 99.5962 48.1275 66.6579 44.9375 44.8897 52.0897 50.0504 42.137 41.8053 41.2233 41.1259 41.0584 39.5298 39.3661 70.4294
threshold=1.060769319534302 -0.0035257770214229818 -0.062253827229142182 0.0053350015077739963 0.98130092024803173 0.72948259115219127 0.036155708134174354 0.032740009948611266 -0.03068472724407911 0.82702705264091503 0.8613899052143098 0.80438071489334118 0.97847622632980358 0.018301365897059444 0.30000000447034841 -0.0070439216215163461 -0.1076303832232952 1.0026188492774966 0.021714258007705215 1.0967119932174685 1.0995795726776125 1.0222475528717043 0.017144709825515751 0.84000119566917431 0.71534571051597606 0.75877732038497936 0.95625320076942455 0.92336568236351024 0.67305865883827221 1.1067999601364138
decision_type=8 8 8 10 10 8 10 10 10 10 10 10 10 10 10 10 10 10 10 10 10 10 10 10 10 10 10 10 10 10
left_child=1 4 3 -3 13 6 7 -4 -8 10 -7 -2 26 16 -15 -16 17 -1 -18 20 -11 -21 -12 -10 -5 -20 -13 -17 29 -6
right_child=11 2 5 24 28 9 8 -9 23 19 22 12 -14 14 15 27 18 -19 25 21 -22 -23 -24 -25 -26 -27 -28 -29 -30 -31
leaf_value=0.011988287099607049 0.0010529471585346373 0.0003178481881271352 0.0013769239901390902 0.0002487825497262803 -0.00018610982082838001 0 0 0.027247368639237001 -0.018468172723057428 0.00038773948483971656 0.0078315933982077649 0 0.0032251835420786701 -0.0015844156396477979 -0.0049407468974974039 0.00056179211208149153 -0.0010446524570409572 -0.006589270152203724 -0.012653314681662 0.0044124888373061107 -0.00067440702762994555 -0.0020758640786178459 0.027153155610805467 -0.0046064858328834259 0.018017441848725897 -0.0035430790279199712 0.019761154914685167 0.017403240102110851 0.0012602532911750307 -0.0050030287307266811
leaf_weight=445 4749 890 777 207 20117 1360 313 170 836 129468 944 157 1125 1861 385 213 8485 239 478 4202 61120 1349 123 359 432 11905 401 533 11869 3171
leaf_count=445 4749 890 777 207 20117 1360 313 170 836 129468 944 157 1125 1861 385 213 8485 239 478 4202 61120 1349 123 359 432 11905 401 533 11869 3171
internal_value=-4.77528e-06 -7.42756e-05 0.000171026 0.00586804 -0.000911321 0.000125621 -0.00432935 0.00679877 -0.0115115 0.000182642 0.00470298 0.0027739 0.00738444 -0.0020109 0.00148526 0.00673665 -0.0025111 0.00506809 -0.0027785 0.000124705 4.55089e-05 0.00278005 0.0107935 -0.0146952 0.0128989 -0.00393877 0.0148493 0.0131265 -0.00013444 -0.000858605
internal_weight=268683 262251 202550 1529 59701 201021 2455 947 1508 198566 2427 6432 1683 24544 2992 1131 21552 684 20868 196139 190588 5551 1067 1195 639 12383 558 746 35157 23288
internal_count=268683 262251 202550 1529 59701 201021 2455 947 1508 198566 2427 6432 1683 24544 2992 1131 21552 684 20868 196139 190588 5551 1067 1195 639 12383 558 746 35157 23288
is_linear=0
shrinkage=0.03


Tree=27
num_leaves=31
num_cat=0
split_feature=32 17 86 120 45 26 13 61 38 45 81 16 68 10 43 50 57 31 118 24 24 15 14 53 73 56 11 27 39 10
split_gain=52.3865 52.6409 52.5649 46.8556 59.1791 70.0095 64.061 80.8357 61.1706 57.2191 55.5228 53.8937 78.4641 47.0443 47.5674 46.2473 45.4395 44.406 51.0007 44.0724 45.5442 66.3043 69.7673 49.1494 41.8594 53.5974 41.6584 41.5937 41.1599 72.7201
threshold=-0.0049182062502950421 1.0777261853218081 -0.58333334326744068 0.254555493593216 1.0264944434165957 0.090873453766107573 0.98619580268859874 0.78723517060279857 -0.0015425543533638118 1.0789473652839663 0.050000002607703216 0.72948259115219127 0.67647165060043346 1.0182828307151797 1.0321464538574221 0.70271128416061412 1.1309537291526797 -0.0018200969789177177 0.16666671633720401 0.050988094881176955 0.024833980016410354 0.88034820556640636 0.98097828030586254 1.0145027041435244 0.90000000596046459 1.0956161618232729 0.98782697319984447 0.11268211528658868 -0.0092131216078996641 1.0309305787086489
decision_type=10 10 2 10 10 10 10 10 8 10 2 8 10 10 10 10 10 10 10 10 10 8 8 10 10 10 10 10 10 10
left_child=2 3 24 11 5 17 8 10 27 -10 -8 12 15 14 -13 -2 -9 18 -5 20 21 26 23 -23 25 -1 -3 -6 29 -21
right_child=1 19 -4 4 6 -7 7 16 9 -11 -12 13 -14 -15 -16 -17 -18 -19 -20 28 -22 22 -24 -25 -26 -27 -28 -29 -30 -31
leaf_value=0.016273133892516729 0.014643500272929629 0.018350359343252541 0.00031139914789218007 -0.0077726975658955512 0.00049476812679002187 0.014518955560300816 -0.0085644057149660176 3.2116826033894931e-06 -0.0018157996276079408 -0.0068058632422309719 0.011512959808736506 -0.0013542064525420025 -0.014110513919790024 0.0040246135892435904 -0.01249896903658974 -0.0084147035032947314 0.0037412300697646163 0.0010971501804793405 0.00022482255243244168 -0.013938635865375261 -0.0023989792912090377 -0.0044221818121864334 -8.4679432275378341e-05 0.002734536616486349 -5.3898535105237408e-05 0.0047348170104836596 -0.00018400910310447215 -0.0060661417162119749 0.0076375968738934133 0.0069706014375960678
leaf_weight=486 155 252 4924 1079 10848 326 112 95307 8412 2867 855 9208 660 1382 348 108 3005 61912 1869 249 15381 5901 37013 943 869 1947 130 925 1017 303
leaf_count=486 155 252 4924 1079 10848 326 112 95307 8412 2867 855 9208 660 1382 348 108 3005 61912 1869 249 15381 5901 37013 943 869 1947 130 925 1017 303
internal_value=-7.67987e-06 -8.32877e-05 0.00234529 0.000151674 0.000268783 0.000999214 -0.000118086 0.00021014 -0.00154363 -0.00312057 0.00875718 -0.00167186 -0.00859981 -0.00104524 -0.00181665 0.00418915 0.000121256 0.000922182 -0.00263393 -0.000853585 -0.000988754 -0.000490807 -0.000608207 -0.00338729 0.00526781 0.00727582 0.0116012 -4.69464e-06 0.00404166 -0.00209439
internal_weight=268793 260567 8226 199378 187517 65186 122331 99279 23052 11279 967 11861 923 10938 9556 263 98312 64860 2948 61189 59620 44239 43857 6844 3302 2433 382 11773 1569 552
internal_count=268793 260567 8226 199378 187517 65186 122331 99279 23052 11279 967 11861 923 10938 9556 263 98312 64860 2948 61189 59620 44239 43857 6844 3302 2433 382 11773 1569 552
is_linear=0
shrinkage=0.03


Tree=28
num_leaves=31
num_cat=0
split_feature=61 36 29 40 18 71 43 110 57 49 9 27 39 34 39 100 33 73 38 120 29 31 17 35 56 73 72 113 17 114
split_gain=54.8882 65.5995 59.8249 57.7373 82.7053 73.9446 73.0961 63.3794 61.0775 55.2728 60.2451 49.7765 49.5955 49.3078 47.6357 44.9009 44.7209 41.9444 72.7548 101.458 51.916 37.7244 36.6676 36.8559 56.1438 36.6015 35.7189 35.0954 34.9904 34.3462
threshold=1.0566506981849673 0.80438071489334118 -0.0035257770214229818 -0.032118421047925942 1.0247478485107424 0.58712619543075573 1.0797933340072634 0.34166666865348821 1.1627717614173891 0.98130092024803173 1.0229038000106814 0.1399863809347153 -0.034020934253931039 0.92677804827690136 -0.0052242705132812253 0.64852941036224376 0.34224589169025427 0.30000000447034841 0.018301365897059444 0.55666911602020275 -0.0079248915426433069 0.0038229887140914802 1.286414682865143 0.76464974880218517 1.0956161618232729 0.5000000149011613 0.085106279700994505 0.15217410027980807 1.1601438522338869 0.51127812266349804
decision_type=8 10 8 10 10 10 10 2 10 10 10 10 10 10 10 2 8 10 10 10 10 10 10 10 8 10 10 8 8 10
left_child=2 13 9 5 8 16 15 12 11 10 17 21 -8 26 -13 -7 29 -1 20 -20 -19 -5 23 24 -11 28 -2 -24 -6 -4
right_child=1 -3 3 4 25 6 7 -9 -10 22 -12 14 -14 -15 -16 -17 -18 18 19 -21 -22 -23 27 -25 -26 -27 -28 -29 -30 -31
leaf_value=-0.0028018907942627372 -0.0021957711248151704 0.0072384248875306473 -0.0001903748241957368 0.00026840868663281997 -0.004477233322815178 0.0054184901188957758 0.023497582355937494 -0.0021810365870112069 0.0031647581002929004 -6.5302260280848377e-06 -0.0109648017306909 -0.016299762603919372 0.0019179832107546005 0.0082973137416411189 -0.0012440007572047044 -0.0011448500812439504 0.00092098485477110905 0.0033048430095968676 0.015723013747519558 -0.0019162673490000482 -0.0023332130935984083 -0.0010484794072950969 0.0019267235247999578 0.0017586954210251024 -0.004193922708214122 -0.0089779092157992943 0.0031156560932613661 -0.014857791168360064 0.003242611211365974 -0.014890317606366263
leaf_weight=13653 3097 1972 349 160831 1767 2921 420 142 5917 22629 648 302 168 674 590 1269 3734 1804 561 532 7025 22223 129 8121 3307 1115 1764 272 689 288
leaf_count=13653 3097 1972 349 160831 1767 2921 420 142 5917 22629 648 302 168 674 590 1269 3734 1804 561 532 7025 22223 129 8121 3307 1115 1764 272 689 288
internal_value=2.32001e-05 0.00254967 -4.83966e-05 0.000194578 8.18931e-05 0.00250319 0.00502151 0.0137949 0.000168705 -0.000892691 -0.00199096 7.03669e-05 0.0180913 0.000805121 -0.00691597 0.00336344 -0.000273079 -0.0017225 -0.000204402 0.00698768 -0.00114244 0.000106801 -0.000111229 0 -0.000554827 -0.00442543 -0.000201985 -0.00891067 -0.00218167 -0.00754409
internal_weight=268913 7507 261406 202725 193434 9291 4920 730 189863 58681 24223 183946 588 5535 892 4190 4371 23575 9922 1093 8829 183054 34458 34057 25936 3571 4861 401 2456 637
internal_count=268913 7507 261406 202725 193434 9291 4920 730 189863 58681 24223 183946 588 5535 892 4190 4371 23575 9922 1093 8829 183054 34458 34057 25936 3571 4861 401 2456 637
is_linear=0
shrinkage=0.03


Tree=29
num_leaves=31
num_cat=0
split_feature=32 86 17 35 60 22 68 19 51 29 115 25 28 17 35 59 22 35 68 86 32 5 119 41 10 16 87 33 73 38
split_gain=53.0804 58.6242 54.4433 53.8404 53.5664 54.5143 49.8308 47.2751 66.7315 55.6889 47.2636 46.7981 69.2336 47.3405 45.9751 45.7399 64.7664 45.4901 42.088 41.6873 39.3966 49.8536 60.3595 54.0113 46.7404 50.9933 38.3957 38.3304 36.5371 36.4735
threshold=-0.0049182062502950421 -0.58333334326744068 1.0735219717025759 0.63867592811584484 1.0083269476890566 1.0576370954513552 0.15555571019649508 0.96207299828529369 0.79865708947181713 0.0014400997315533461 0.4702287912368775 0.019829595461487774 -0.010541667696088551 0.67235308885574352 0.13186229765415194 0.8613899052143098 0.84286347031593334 0.42752361297607427 0.36956506967544561 0.84999999403953563 2.2469744180853016e-05 0.014726031571626665 0.58404582738876354 0.060347441583871848 1.0475748181343081 0.76328808069229137 0.45833332836627966 0.92681118845939647 0.90000000596046459 -0.010551365558058022
decision_type=10 2 10 10 10 10 10 10 10 10 10 10 10 8 10 10 10 10 10 2 10 10 10 10 10 8 2 10 10 8
left_child=1 14 11 4 5 -4 29 -5 9 -9 -7 13 15 -2 -1 -13 -17 -8 -10 -18 24 23 -23 -22 25 -14 -15 28 -16 -6
right_child=2 -3 3 7 6 10 17 8 18 -11 -12 12 20 26 27 16 19 -19 -20 -21 21 22 -24 -25 -26 -27 -28 -29 -30 -31
leaf_value=0.013744481190071342 0.015476864923304898 0.00023924764053748543 -0.0017186043856517845 -0.013291931908397159 -0.0071386424425430089 -7.5433606286914737e-05 -0.0090046175939454565 0.023907901120861781 0.0013374248169998025 0.0027846422738940944 0.0049218778034543368 -0.010288713587415886 -0.016883287679449084 0.00025775483408669106 0.0071076110249122144 0.012682398088849509 0.001316430870079192 -0.0023632904495991436 -0.0012453282465306461 0.011460447342931607 -0.0010317813685987844 0.0001904970904775575 0.0082389644852964104 -0.0069464282953932846 0.011557431506788745 0.00034116786316324294 0.0016684446327438587 -0.005488712724483381 -0.0010201402721093059 -0.0007637971039177959
leaf_weight=517 176 4961 19852 207 946 7442 2135 174 12641 379 2147 241 135 64586 1869 500 10441 1932 10225 369 59041 4509 1035 1425 314 29697 24099 312 587 6064
leaf_count=517 176 4961 19852 207 946 7442 2135 174 12641 379 2147 241 135 64586 1869 500 10441 1932 10225 369 59041 4509 1035 1425 314 29697 24099 312 587 6064
internal_value=0 0.00236599 -7.58502e-05 -0.000835415 -0.00150008 -0.000816309 -0.00328566 0.000292087 0.000436194 0.0105571 0.00102017 0.000170544 -0.000247851 0.000680991 0.00546614 0.00193923 0.00224397 -0.00595011 0.000169306 0.00171092 -0.000514047 -0.000925651 0.00177118 -0.00117838 0.000377304 0.000241913 0.000644763 0.00372482 0.00505131 -0.00168462
internal_weight=268958 8246 260712 64144 40518 29441 11077 23626 23419 553 9589 196568 107707 88861 3285 11551 11310 4067 22866 10810 96156 66010 5544 60466 30146 29832 88685 2768 2456 7010
internal_count=268958 8246 260712 64144 40518 29441 11077 23626 23419 553 9589 196568 107707 88861 3285 11551 11310 4067 22866 10810 96156 66010 5544 60466 30146 29832 88685 2768 2456 7010
is_linear=0
shrinkage=0.03


Tree=30
num_leaves=31
num_cat=0
split_feature=46 25 48 54 66 36 52 49 35 64 141 22 17 28 49 16 14 10 68 43 142 80 31 62 58 11 116 34 37 14
split_gain=42.4719 45.1782 43.9037 58.4127 70.259 55.1851 46.5849 94.0213 48.3689 49.0365 47.6382 45.7648 43.245 41.4879 40.0673 71.9179 102.751 99.9818 43.6278 38.8731 36.7545 33.0339 32.9695 51.1647 31.6549 31.2048 31.445 31.0283 29.9953 29.7931
threshold=1.0083910822868349 0.053372243419289596 0.98130837082862865 1.0856433510780337 0.059411764144897468 0.7871452569961549 0.67562815546989452 0.98104688525199901 0.78461533784866344 0.47499999403953558 1.44699102640152 0.89016523957252514 0.75244280695915233 -0.0063130448106676331 0.91048708558082592 0.72948259115219127 0.89858493208885204 1.0170581340789797 0.6363646686077119 1.1440589427948 0.97079432010650646 0.22500000149011615 0.0038229887140914802 0.91393235325813305 1.0147126317024233 0.96874997019767772 0.43175564706325537 0.80404129624366771 0.13821104913949969 0.95823472738266002
decision_type=10 10 10 10 10 10 10 10 10 10 10 10 8 10 10 8 8 10 10 10 10 2 10 10 10 10 10 10 10 8
left_child=1 12 3 4 25 19 7 13 9 11 -9 24 -1 -4 15 16 -6 -17 29 -5 -7 -13 23 -11 -8 -2 -27 -14 -3 -16
right_child=2 28 6 5 14 20 8 10 -10 22 -12 21 27 -15 18 17 -18 -19 -20 -21 -22 -23 -24 -25 -26 26 -28 -29 -30 -31
leaf_value=0.0088369917885552773 0.0036478066629087019 -0.012838071378359286 0.0061263409061810669 0.0030065155721082644 -0.012341415920653395 0 0.0013314263120761409 0.023553776843626788 0.0016141337287987122 0.0059802324207608223 0 0.00046414805735871625 0.0020218347634098108 -0.0092869620889470712 -0.0038846770001177517 -0.00021987429195476419 0.0027659247192650519 0.0049924986934597416 -0.00032227301459583846 -0.0073998676810752718 0.016766463041201558 -0.00087515056816483299 -0.0037520801184651583 0.00091306263470379242 0.013131745991231182 -0.014072595331817865 0.0012873513836505984 -0.00045860190605418881 -0.0012140279763711572 -0.0012908875461978755
leaf_weight=701 102 278 319 2184 841 184 636 291 18757 1961 100 23038 14890 267 4734 10321 705 4788 61938 348 392 56949 1160 23244 344 624 101 6261 849 31970
leaf_count=701 102 278 319 2184 841 184 636 291 18757 1961 100 23038 14890 267 4734 10321 705 4788 61938 348 392 56949 1160 23244 344 624 101 6261 849 31970
internal_value=-7.5063e-06 0.00122422 -0.000123731 -0.000537999 -0.000649048 0.00349282 0.000262659 0.00673175 0.000209095 -3.3906e-05 0.0177618 -0.000402543 0.00153788 -0.00047612 -0.000582924 0.000768189 -0.00531332 0.0014165 -0.0008142 0.00141192 0.0117824 -0.000485634 0.00108626 0.00132362 0.00595337 -0.00928211 -0.011553 0.00127368 -0.00451677 -0.00163553
internal_weight=269277 22979 246298 119232 116124 3108 127066 977 126089 107332 391 80967 21852 586 115297 16655 1546 15109 98642 2532 576 79987 26365 25205 980 827 725 21151 1127 36704
internal_count=269277 22979 246298 119232 116124 3108 127066 977 126089 107332 391 80967 21852 586 115297 16655 1546 15109 98642 2532 576 79987 26365 25205 980 827 725 21151 1127 36704
is_linear=0
shrinkage=0.03


Tree=31
num_leaves=31
num_cat=0
split_feature=16 25 31 24 13 114 23 22 15 38 52 87 1 25 10 38 32 86 78 37 54 37 30 33 91 5 23 87 140 36
split_gain=44.2169 44.9809 37.2339 66.279 74.8337 78.7567 57.4905 54.8103 65.598 49.9777 46.0373 44.2555 42.0518 60.8367 53.6201 44.7184 44.8926 37.7213 36.8582 35.6616 34.7989 33.7027 31.2705 31.1041 31.0598 29.2483 27.6794 26.695 26.1108 40.2883
threshold=1.2279316186904909 0.012474801857024433 0.009167332202196123 0.034459168091416366 0.9673772156238557 0.68141618371009838 0.029184054583311084 0.796705722808838 0.90014752745628368 0.0076433129142969855 0.72413793206214916 0.84166666865348827 0.057663971558213241 0.029363403096795086 1.0240722298622134 -0.018076949752867218 -0.0034021195024251934 -0.81666666269302357 0.30000000447034841 0.44704039394855505 0.96186083555221569 0.80123361945152294 -0.0070439216215163461 0.76739344000816356 0.65463399887084972 0.0069565186277031907 0.034672139212489135 0.15833333879709247 0.79225653409957897 0.79419606924057018
decision_type=10 10 10 10 10 10 10 10 10 10 10 2 8 10 10 8 10 2 10 10 10 10 10 10 10 10 10 2 10 10
left_child=1 -1 7 6 9 25 18 8 11 -5 -8 20 15 26 -15 16 -9 -17 27 -7 -3 -20 28 -13 -11 -6 -14 -4 -2 -30
right_child=22 2 3 4 5 19 10 12 -10 24 -12 23 13 14 -16 17 -18 -19 21 -21 -22 -23 -24 -25 -26 -27 -28 -29 29 -31
leaf_value=0.00090742006135728799 -0.00099353804218743733 -0.0036392033282103705 0.0037368934085861044 -0.0018550572245686243 0.004997367864815843 0.024353326390484209 0.030085426383348973 0.0035417907121076892 0.012235356659357306 -0.00090115076133414458 0.001278350070642773 -0.0089902459117918391 -0.0071651124525163616 0.00044802029371383015 0.0073426901776481243 -0.0014074284010609935 -0.0055907820632163253 -9.7816549617546258e-05 0.010327206392697311 0.00071013372067524046 -0.01543046139531438 -0.0042300074456914057 -0.00029220002056112442 0.006884269948090189 -0.023229785899523386 -0.0061677116329857456 0.0072414394399136529 -0.0075620586890727277 0.0013379977487662216 0.011507968072688165
leaf_weight=37541 333 493 438 812 399 192 143 541 138 118 108 161 709 2143 2101 22151 2534 192085 844 118 626 128 1057 262 195 398 107 291 683 926
leaf_count=37541 333 493 438 812 399 192 143 541 138 118 108 161 709 2143 2101 22151 2534 192085 844 118 626 128 1057 262 195 398 107 291 683 926
internal_value=-1.09814e-05 -5.30989e-05 -0.000212469 0.00257813 -0.000837244 0.00450461 0.00660442 -0.000266146 -0.00563981 -0.00634251 0.0198065 -0.00756777 -0.000223695 0.00246835 0.00395003 -0.00028798 -0.00387461 -0.000234743 0.00427447 0.0168512 -0.0106541 0.00806115 0.00359779 3.18953e-05 -0.0162726 -0.000225467 -0.00478912 -0.000454343 0.00584935 0.00744454
internal_weight=268775 265776 228235 4184 2232 1107 1952 224051 1680 1125 251 1542 222371 5060 4244 217311 3075 214236 1701 310 1119 972 2999 423 313 797 816 729 1942 1609
internal_count=268775 265776 228235 4184 2232 1107 1952 224051 1680 1125 251 1542 222371 5060 4244 217311 3075 214236 1701 310 1119 972 2999 423 313 797 816 729 1942 1609
is_linear=0
shrinkage=0.03


Tree=32
num_leaves=31
num_cat=0
split_feature=16 57 61 25 79 8 12 25 38 139 9 2 114 37 53 34 56 14 33 6 38 34 51 1 86 7 56 85 87 15
split_gain=47.3136 40.5514 53.9353 88.8853 95.8154 65.0733 47.3975 41.065 37.2284 62.375 43.7166 73.4863 40.0821 35.3759 35.107 31.0308 30.7054 29.7758 26.6783 25.1055 22.0223 35.0085 53.8086 21.4031 19.8842 34.305 20.1411 17.853 17.7551 15.8925
threshold=1.2279316186904909 0.81709790229797374 0.74462234973907482 0.051602538675069816 0.15000000223517421 0.090920876711606993 0.98998948931694042 0.012474801857024433 -0.024529799818992611 0.9005286991596223 1.0487386584281924 -0.87500187754631031 0.45901633799076086 0.85060060024261486 1.0221876502037051 0.85607799887657177 0.89488443732261669 0.94366195797920238 0.66082924604415905 0.39393971860408789 -0.0022312432993203397 0.88167980313301098 0.97745355963706981 0.025862112641334537 -0.78333333134651173 -0.036783175542950623 1.1644009351730349 0.62500000000000011 0.85833334922790538 0.98130843043327343
decision_type=10 8 8 10 2 10 10 10 10 10 10 8 8 10 10 10 10 10 10 10 10 10 10 10 2 10 10 2 2 10
left_child=1 6 3 -3 5 -5 28 23 9 12 13 -12 -9 -10 17 16 19 -6 -11 -8 24 22 -22 -4 25 -2 -27 -18 -1 -25
right_child=20 2 7 4 14 -7 15 8 10 18 11 -13 -14 -15 -16 -17 27 -19 -20 -21 21 -23 -24 29 -26 26 -28 -29 -30 -31
leaf_value=-0.016964954354040076 0 0.023122086310984363 0.0010224826784816766 0.024185021636436009 -0.01606189402030862 -0.0010244965325231288 -0.016871193752134431 -0.0014363537893884561 -0.00031238911174214054 0.0013827177717481271 -0.0015637183025779319 0.015096651026371024 -0.02025207023342283 0.0010533788455195667 0.0094146615121844072 0.011797098396020335 -0.0030119560179300607 -0.0010143589326369299 -0.010305200347509147 0 0.002342918704035911 0.010903365175828407 -0.011761621922824671 0.00013404368174147523 0.0017913872376555818 0 0.016078133572137807 0.012152090244239471 0 -0.0053855013593396336
leaf_weight=312 244 212 36124 213 210 114 174 211 205017 948 441 428 292 18523 104 123 100 350 191 106 935 245 301 856 659 117 465 102 101 805
leaf_count=312 244 212 36124 213 210 114 174 211 205017 948 441 428 292 18523 104 123 100 350 191 106 935 245 301 856 659 117 465 102 101 805
internal_value=-1.32224e-06 -4.45799e-05 -2.02651e-05 0.0062633 0.00197398 0.0149793 -0.00596361 -5.05255e-05 -0.000204637 -0.00468494 -0.000170103 0.00645942 -0.0132896 -0.000197793 -0.00424288 -3.26008e-05 -0.00399873 -0.0075337 -0.000462404 -0.0104283 0.00375283 0.000900332 -0.000985663 0.00086314 0.00634853 0.00950141 0.0133474 0.00369874 -0.0135563 -0.00239477
internal_weight=269023 266057 265039 1203 991 327 1018 263836 226051 1642 224409 869 503 223540 664 605 482 560 1139 280 2966 1481 1236 37785 1485 826 582 202 413 1661
internal_count=269023 266057 265039 1203 991 327 1018 263836 226051 1642 224409 869 503 223540 664 605 482 560 1139 280 2966 1481 1236 37785 1485 826 582 202 413 1661
is_linear=0
shrinkage=0.03


Tree=33
num_leaves=31
num_cat=0
split_feature=16 25 35 19 112 41 72 24 14 33 139 51 24 27 15 38 24 86 16 16 13 13 38 37 53 36 140 43 84 36
split_gain=42.5454 36.8216 37.1622 75.8367 59.9806 53.6826 54.6857 62.4759 52.6723 52.1269 56.2124 51.7312 58.0494 45.2207 44.9533 44.6486 41.2314 73.1023 52.4013 41.007 34.6894 34.4163 34.0806 30.9268 31.6112 25.1695 41.6758 24.5642 28.514 24.359
threshold=1.2112676501274111 0.01236047223210335 0.47035750746726995 0.93452203273773204 0.053101504221558578 -0.029935328289866444 0.72307708859443676 0.019913401454687122 0.91677412390708934 0.90374219417572033 0.86784484982490551 0.86721357703208934 0.070405155420303359 0.11268211528658868 0.87166008353233349 -0.016034382395446297 0.031797979027032859 0.45000000298023229 0.78625634312629711 0.84176787734031688 1.0258424282073977 0.97633144259452831 -0.024529799818992611 0.75114673376083385 0.99580213427543651 0.81721448898315441 0.82123231887817394 1.0128458142280581 -0.45000000298023218 0.64658668637275707
decision_type=10 10 8 10 2 10 10 10 8 10 10 10 10 10 8 10 10 2 8 8 10 8 10 10 10 10 10 10 2 10
left_child=1 -1 4 9 8 6 20 -8 11 10 -4 12 -3 19 -15 29 18 -18 -10 -7 -5 -13 -12 -17 -25 -2 -27 -28 -29 -6
right_child=25 2 3 5 15 13 7 -9 16 -11 22 21 -14 14 -16 23 17 -19 -20 -21 -22 -23 -24 24 -26 26 27 28 -30 -31
leaf_value=0.00081843622301814667 0.00076459479530305329 0.0075815781070449123 -0.019925495487633327 -0.0023600846407095407 -0.0076724507149160603 0.0024706447538612999 0.00079410042174267318 0.010565751358425123 0.0065034858736198213 0.0010064016543156295 0.0022702777502685784 -0.0067878056730851042 -0.0043306898633523588 -0.011263948651831014 -0.00080017980528377568 0.00011196563895555077 -0.0016906091271944098 -0.0096061905317049931 -0.0010787236608792118 -3.4085521776222296e-05 0.0019044061983639938 0.0078086103496228364 -0.0078058373509808793 -0.0013013000486139738 0.003204517355913089 -0.0012394930473608123 -0.0022179167540140932 0.006848896275017168 0.019900769144126969 0.0032979651839973832
leaf_weight=36627 2232 1802 291 2038 856 6235 1196 1304 800 790 355 639 413 604 1088 19923 4679 1396 68981 95742 9169 152 1041 1644 6819 479 119 932 227 175
leaf_count=36627 2232 1802 291 2038 856 6235 1196 1304 800 790 355 639 413 604 1088 19923 4679 1396 68981 95742 9169 152 1041 1644 6819 479 119 932 227 175
internal_value=-1.50675e-05 -6.26197e-05 -0.000205449 0.000156494 -0.000608806 0.000268933 0.00203229 0.00605344 -0.00104128 -0.00501093 -0.00798329 0.00281175 0.00520736 3.25443e-05 -0.00479866 0.000540317 -0.00119862 -0.00358434 -0.000985661 0.00011657 0.00109936 -0.00348962 -0.00503576 0.000773895 0.00229286 0.00305081 0.00574499 0.00857269 0.00995389 -0.00549759
internal_weight=268748 264759 228132 119853 108279 117376 13707 2500 78862 2477 1687 3006 2215 103669 1692 29417 75856 6075 69781 101977 11207 791 1396 28386 8463 3989 1757 1278 1159 1031
internal_count=268748 264759 228132 119853 108279 117376 13707 2500 78862 2477 1687 3006 2215 103669 1692 29417 75856 6075 69781 101977 11207 791 1396 28386 8463 3989 1757 1278 1159 1031
is_linear=0
shrinkage=0.03


Tree=34
num_leaves=31
num_cat=0
split_feature=37 26 12 62 15 114 18 112 33 26 20 0 118 22 80 41 35 16 57 43 84 71 39 7 68 31 40 84 62 43
split_gain=49.0732 121.507 61.1768 81.944 60.03 102.668 57.9415 49.1094 45.5612 54.2298 65.2438 75.8196 69.1084 66.9021 61.6554 49.9441 74.7349 56.3581 52.4537 71.1913 51.7324 72.3983 55.4074 46.9174 45.1652 44.8729 44.2639 42.8047 55.8609 40.995
threshold=0.65231052041053783 0.12329636514186861 0.98179239034652721 0.67402619123458873 0.88765043020248424 0.55857098102569591 1.0101864337921145 0.26442842185497289 0.4933363944292069 0.024769178591668609 0.95946264266967785 -0.0077104687225073567 0.31481532752513891 0.89344382286071788 0.075000001117587103 0.052641687914729125 0.77150875329971325 0.78625634312629711 0.85043367743492138 1.0150167346000674 0.84999999403953563 0.92957749962806713 0.035639274865388877 0.070155575871467604 0.94230720400810253 0.0040003524627536544 -0.050478342920541756 0.45000000298023229 0.67402619123458873 1.0731954574584963
decision_type=8 10 10 10 10 10 10 2 10 10 10 10 10 10 2 8 10 8 10 10 2 10 10 10 10 10 10 2 8 10
left_child=8 2 27 4 7 6 -6 -4 9 -1 11 26 13 -13 -14 17 20 18 -10 24 22 -22 -17 -24 -20 -12 -11 28 -2 -27
right_child=1 -3 3 -5 5 -7 -8 -9 15 10 25 12 14 -15 -16 16 -18 -19 19 -21 21 -23 23 -25 -26 29 -28 -29 -30 -31
leaf_value=-1.2855333698692263e-05 0.024614672376605938 0.020509895491119545 -0.017208561605894904 0.00045170951657589562 -0.01739753534141928 0.013188627530110615 0.0044047184501701565 0.00047783692756837057 -0.0037820617104348691 -0.0046866121490279 -0.001683085663360385 -0.011485536476920705 -0.0036735822758545158 -0.00085507153863259382 0.005286647341933676 -0.0057722129300060683 -0.013091719258644895 0.00016357668424977044 -0.0086731150068107259 0.01465672147789944 0.010736525462125428 -0.0046397363807747574 0.0068640960152460528 -0.0081070482428660801 0.0088438288862121173 -0.0042786197308498424 0.0078988356590395468 -0.0011448314575807903 0.0054612108880467856 -0.019321461507084376
leaf_weight=38767 146 254 534 82229 280 272 133 145 339 250 33602 808 990 1705 2019 2361 553 91757 249 729 624 434 680 225 241 3927 1682 657 1742 167
leaf_count=38767 146 254 534 82229 280 272 133 145 339 250 33602 808 990 1705 2019 2361 553 91757 249 729 624 434 680 225 241 3927 1682 657 1742 167
internal_value=-4.9826e-05 0.000537623 0.0004705 0.000326548 -0.00689954 -0.000133701 -0.00980448 -0.0130969 -0.000330186 -0.000843795 -0.0015503 0.00098509 -0.000760712 -0.0044552 0.00223478 0.000105783 -0.00284229 0.000263651 0.00589055 0.00884024 -0.00140818 0.00418171 -0.00332471 0.00272285 0 -0.00205986 0.00608526 0.00504235 0.00734208 -0.00505611
internal_weight=268501 86392 86138 83593 1364 685 413 679 182109 83917 45150 7454 5522 2513 3009 98192 4877 93315 1558 1219 4324 1058 3266 905 490 37696 1932 2545 1888 4094
internal_count=268501 86392 86138 83593 1364 685 413 679 182109 83917 45150 7454 5522 2513 3009 98192 4877 93315 1558 1219 4324 1058 3266 905 490 37696 1932 2545 1888 4094
is_linear=0
shrinkage=0.03


Tree=35
num_leaves=31
num_cat=0
split_feature=61 26 38 71 13 42 50 21 13 123 30 42 12 139 14 18 27 82 38 52 34 35 76 17 48 3 14 17 13 68
split_gain=45.1158 45.6082 44.9037 46.1865 59.511 56.2424 50.4399 49.9013 51.9068 44.7555 44.651 43.5879 62.7128 53.3563 48.4949 54.8165 50.7089 49.8198 47.5425 41.9428 58.8457 57.6838 40.4337 40.2851 36.9651 36.6838 35.6154 34.8964 48.4124 33.302
threshold=1.065459728240967 0.016291650012135509 -0.00098554778378456809 0.91407188773155224 0.98090019822120678 -0.047272795811295502 0.75664868950843822 0.92793202400207531 1.1154526472091677 0.43661983311176306 0.014260230120271446 -0.10156928375363349 1.0071668624877932 0.71850606799125682 1.0669659376144411 1.0373008847236636 0.062620114535093321 0.37500000000000006 -0.016957766376435753 0.9795704483985902 0.87806189060211193 0.55409535765647899 0.18333333730697635 1.0275667905807497 0.99341005086898815 0.0059849331155419358 1.0735930800437929 0.74457627534866344 0.95308056473732006 0.48387137055397039
decision_type=8 10 10 10 8 10 10 10 10 10 10 8 10 10 10 10 10 2 8 8 10 10 2 10 10 10 10 10 10 10
left_child=1 -1 11 4 5 9 -5 25 -9 -4 -7 12 13 -3 15 18 -17 23 -13 21 26 -2 -14 -16 -15 -6 -21 -8 -29 -19
right_child=19 2 3 6 7 10 27 8 -10 -11 -12 14 22 24 17 16 -18 29 -20 20 -22 -23 -24 -25 -26 -27 -28 28 -30 -31
leaf_value=0.00083760275484580306 -0.0019145545511353582 0.022888252802639817 -0.015496795967466993 -0.0067139162634527877 -0.0002672552190160852 -0.001698867142194865 0.0045728084356929585 -0.00057082703962540039 -0.014128851545032418 -0.002629980164884518 -0.013656352798036318 -0.0030624780750829728 0.012822463627826108 0.0088546068969531707 -0.0001938015457169002 -5.3325372583783055e-05 0.0087543805346824224 -0.0048132653436620083 0.00038232032023751414 0.0048522257100960886 0.0064800468557464621 0.0092032529905519758 -0.003364856203430472 0.010245695760004446 -0.0074851877960706277 0.0067663553248464353 -0.0038404184217244192 -0.0020438616113368042 0.0019224496267587073 0.0013517466474913652
leaf_weight=43906 519 225 501 715 1086 18861 2443 81324 237 604 274 3735 146 543 1698 938 1305 4398 83843 500 1065 1474 792 379 124 1434 1913 4038 8475 864
leaf_count=43906 519 225 501 715 1086 18861 2443 81324 237 604 274 3735 146 543 1698 938 1305 4398 83843 500 1065 1474 792 379 124 1434 1913 4038 8475 864
internal_value=1.18699e-05 -4.32188e-05 -0.000221254 -0.000612128 -0.00084174 -0.00230534 0.000896394 -0.00048539 -0.000617355 -0.00890217 -0.00189983 0.000249546 0.00481685 0.010433 0.000159461 0.000354085 0.0049706 -0.00217624 0.000231317 0.0027041 0.000609056 0.00616876 -0.00031705 0.00164763 0.00525077 0.00363886 -0.00189082 0.00128873 0.000617348 -0.00374291
internal_weight=268359 262888 218982 119992 104321 20240 15671 84081 81561 1105 19135 98990 1830 892 97160 89821 2243 7339 87578 5471 3478 1993 938 2077 667 2520 2413 14956 12513 5262
internal_count=268359 262888 218982 119992 104321 20240 15671 84081 81561 1105 19135 98990 1830 892 97160 89821 2243 7339 87578 5471 3478 1993 938 2077 667 2520 2413 14956 12513 5262
is_linear=0
shrinkage=0.03


Tree=36
num_leaves=31
num_cat=0
split_feature=28 72 35 28 39 46 35 15 52 34 16 58 119 79 7 81 39 17 49 89 27 76 87 17 38 44 12 35 24 62
split_gain=38.7598 63.5213 48.2771 55.5812 44.0514 44.0052 42.7299 63.0425 42.1326 40.9641 40.0331 59.975 40.6522 39.047 38.1962 51.8432 56.0437 49.2621 40.9363 64.8783 40.0017 38.7984 47.4946 46.9695 38.7241 37.6021 44.6048 55.1794 62.2784 45.6046
threshold=-0.011853173375129698 0.56886237859725963 0.83537641167640697 -0.031729871407151215 -0.017172213643789288 1.0083910822868349 0.73859074711799633 0.85598382353782665 0.65406939387321483 0.7781948745250703 1.1622277498245241 1.0153846144676211 0.77631595730781566 0.45000000298023229 0.0078430511057376879 0.050000002607703216 -0.0022249332396313544 0.7078310251235963 0.82702705264091503 0.24831677973270419 0.031110912561416629 0.84999999403953563 0.5416666865348817 0.94016841053962719 0.010513284243643286 1.040634334087372 1.0090659856796267 0.39381805062294012 0.031419109553098686 0.82750001549720775
decision_type=10 10 10 8 8 10 10 8 10 10 8 10 10 2 10 2 10 10 10 10 10 2 2 10 10 10 10 10 10 10
left_child=1 2 3 -1 -4 9 7 -3 13 -2 -5 -12 -13 -9 25 16 17 -16 19 -17 -18 22 -20 -23 -22 -7 27 28 -27 -29
right_child=5 6 4 10 -6 14 -8 8 -10 -11 11 12 -14 -15 15 18 20 -19 21 -21 24 23 -24 -25 -26 26 -28 29 -30 -31
leaf_value=-0.00832208205139464 0.0021153554748869754 -0.0090935996780463942 -0.0010383151063891732 -0.00070090330376878314 0.0083387333086863778 0.00035488066721683052 0.013512346409199955 2.4708852017283787e-05 0.0033210640366341197 -0.00054103036918178103 0 0.012774143559693097 0.0010501958894819426 0.02266399552333254 -0.0085993838952700772 0.015232091373616148 0 0.0036236565502465118 -0.00073487013459535026 -0.001624849995514795 -0.0085513392466496415 -0.00032000634004713277 0.0021195333388136107 -0.0059351522729049668 -0.0020917836439494756 -0.00088066753104964178 -0.0022671167675475394 0.005431252273636244 -0.0072157493564422373 0.00034842184972414274
leaf_weight=699 14412 299 628 10109 1193 102859 436 140 3005 7938 2202 726 513 198 344 358 1064 1465 42193 382 2570 2962 5935 2631 1465 20080 11499 1684 1505 27357
leaf_count=699 14412 299 628 10109 1193 102859 436 140 3005 7938 2202 726 513 198 344 358 1064 1465 42193 382 2570 2962 5935 2631 1465 20080 11499 1684 1505 27357
internal_value=-4.57967e-06 0.00125913 0.000387973 -0.000182183 0.00496581 -0.000108255 0.00460022 0.00338341 0.00463602 0.00115884 0.000227267 0.00302903 0.008252 0.01465 -0.000234784 -0.000873639 -0.0033269 0.00106668 -0.000555846 0.00632176 -0.00494232 -0.000658484 -0.000375909 -0.00302661 -0.00630192 1.10915e-06 -0.000579721 -0.000189785 -0.00134253 0.000657018
internal_weight=268851 20148 16070 14249 1821 248703 4078 3642 3343 22350 13550 3441 1239 338 226353 61369 6908 1809 54461 740 5099 53721 48128 5593 4035 164984 62125 50626 21585 29041
internal_count=268851 20148 16070 14249 1821 248703 4078 3642 3343 22350 13550 3441 1239 338 226353 61369 6908 1809 54461 740 5099 53721 48128 5593 4035 164984 62125 50626 21585 29041
is_linear=0
shrinkage=0.03


Tree=37
num_leaves=31
num_cat=0
split_feature=61 29 69 125 61 25 4 102 46 37 52 33 16 68 50 57 24 34 30 52 138 125 16 35 11 113 116 9 24 43
split_gain=48.7472 51.7487 52.0031 45.5807 59.5551 100.299 86.511 63.6866 61.8962 56.1204 72.125 50.9087 48.4896 75.0122 46.0061 44.7192 47.6605 42.5004 41.8122 42.7838 63.1512 44.8307 40.3014 54.3996 47.954 56.3279 43.0631 40.0087 39.0188 50.8151
threshold=1.060769319534302 -0.0034632030874490734 0.23943635076284411 0.48611135780811315 0.78723517060279857 0.050094695761799819 0.26666639745235449 0.4660919606685639 1.0107949376106264 0.68438884615898143 0.63883095979690563 0.69949743151664745 0.72948259115219127 0.70175406336784374 0.70271128416061412 0.92743623256683361 0.02742775343358517 0.66185820102691661 -0.005227574845775961 0.9795704483985902 0.71534571051597606 -0.43046329915523524 1.1087290644645693 0.54162681102752697 0.98574882745742809 0.24390248954296115 0.4474885761737824 1.0069712400436404 0.023584143258631233 1.0210210680961611
decision_type=10 8 10 10 8 10 10 2 10 10 10 10 8 10 10 8 10 10 10 10 8 10 10 10 10 10 10 10 10 10
left_child=1 2 22 4 5 28 7 -7 15 -10 -11 -8 13 14 -5 17 -17 -6 19 21 -21 -2 24 -24 25 -1 -27 -20 29 -3
right_child=18 3 -4 12 8 6 11 -9 9 10 -12 -13 -14 -15 -16 16 -18 -19 27 20 -22 -23 23 -25 -26 26 -28 -29 -30 -31
leaf_value=0.00011539490650423555 0.013074568545099103 0 -0.0020005879285063775 0.012420598390761395 0.014593136052961432 -0.013864183173446757 0.0030053219330699737 0.0016839684002752978 -0.00035216155741076959 -0.0062735993503773291 0.0010807582504753211 0.019291821884319438 -0.0010333179120831828 -0.013767615920380474 -0.0090855428176586858 0.0018328653919810727 -0.0029620204057655376 0.0019703397677007482 -0.0093864271787886255 -0.0052846142254530911 0.0047375903202356287 0.0030261999905471589 -0.0059230414977108755 -0.00039063072929962893 -0.00013058432079733373 0 0.010730231424295756 0.0011178703603275046 0.029439838036959026 0.02166232518228935
leaf_weight=2131 802 210 22632 193 450 390 713 486 118616 1203 44993 244 11523 656 123 18911 2008 642 396 787 1777 1006 2340 5393 26846 465 1152 1365 154 140
leaf_count=2131 802 210 22632 193 450 390 713 486 118616 1203 44993 244 11523 656 123 18911 2008 642 396 787 1777 1006 2340 5393 26846 465 1152 1365 154 140
internal_value=-3.02631e-05 -9.32026e-05 -0.000859676 0.000137072 0.000254425 0.00499851 0.00149148 -0.00505829 0.000192946 -4.87454e-06 0.000880119 0.00777476 -0.00161312 -0.00802475 0.00311415 0.00168645 0.00135589 0.00761074 0.00260758 0.00418965 0.00152816 0.00774189 -0.000177454 -0.00211439 0.000303391 0.00347566 0.00766529 -0.00115469 0.016637 0.00890603
internal_weight=268747 262614 60959 201655 189160 2337 1833 876 186823 164812 46196 957 12495 972 316 22011 20919 1092 6133 4372 2564 1808 38327 7733 30594 3748 1617 1761 504 350
internal_count=268747 262614 60959 201655 189160 2337 1833 876 186823 164812 46196 957 12495 972 316 22011 20919 1092 6133 4372 2564 1808 38327 7733 30594 3748 1617 1761 504 350
is_linear=0
shrinkage=0.03


Tree=38
num_leaves=31
num_cat=0
split_feature=32 2 74 57 18 42 3 35 7 86 35 125 10 30 122 139 59 106 52 80 139 33 110 41 58 17 84 1 51 41
split_gain=43.9283 67.9134 40.9758 48.3988 46.0123 42.0121 41.6663 46.9355 59.8582 40.56 45.2513 40.4619 48.3788 42.8499 42.334 43.5192 39.667 42.6631 41.9201 38.4449 37.2382 34.5223 29.8933 29.8914 68.7923 42.3763 56.0003 43.0972 34.0731 29.3133
threshold=-0.0047176626976579419 0.89999830722808849 0.55000001192092907 1.1778989434242251 0.95185223221778881 0.078253526240587248 0.0077123532537370929 0.76464974880218517 0.0092936749570071715 -0.58333334326744068 0.13186229765415194 0.48611135780811315 1.0172446370124819 0.0042777692433446654 0.35084652900695806 1.5160815715789797 0.95102864503860485 0.3964285701513291 0.79508423805236828 0.17500000447034839 1.1521970033645632 0.96559959650039684 0.29705883562564855 0.026584845967590812 0.92934143543243419 1.0848003625869753 0.55000001192092907 0.053518986329436309 0.98895537853240978 0.044281836599111564
decision_type=10 10 2 10 10 10 10 8 10 2 10 10 10 10 10 10 10 2 10 2 10 8 2 10 10 10 2 10 10 10
left_child=1 9 4 11 -2 6 7 19 -9 10 -1 23 13 -13 -14 -16 -7 -18 -19 -6 29 -12 -15 24 -4 26 -25 -27 -26 -8
right_child=2 -3 3 -5 5 16 20 8 -10 -11 21 12 14 22 15 -17 17 18 -20 -21 -22 -23 -24 25 28 27 -28 -29 -30 -31
leaf_value=0.011542847331721742 -0.011008784993460046 0.012477902356441018 0.017107586369785512 0.0068202985822980499 0.00060529859714481839 -0.0019283897386392556 -0.0022138855220154483 0.0021711694388866242 -0.0014228773616301016 -0.00034560317948522138 0.0029045319504073497 0.00060973492003062895 -0.0017972127034277454 -0.0074761289418315818 0.0037113335238443002 0.021173327542028497 -0.0038468322318984324 0.017387649528300048 0 -0.00081565058924425616 0.00049936595771934685 -0.012296968883524337 -0.002458410275108213 0.0025621479098448907 0.00082511329726695046 -0.0032189944866610684 -0.00087723062221770846 0.010450760591361821 -0.0021604755366678003 0.0081362814921103113
leaf_weight=564 351 514 212 1009 22307 395 21237 14296 5765 5052 2960 2835 795 1526 799 157 143 443 201 71191 6298 115 4758 6258 75828 5603 13129 187 3534 218
leaf_count=564 351 514 212 1009 22307 395 21237 14296 5765 5052 2960 2835 795 1526 799 157 143 443 201 71191 6298 115 4758 6258 75828 5603 13129 187 3534 218
internal_value=-1.17142e-05 0.00202133 -8.51437e-05 0.000330598 -0.000426687 -0.000396974 -0.000446373 -0.000188571 0.00112301 0.00134124 0.00375415 0.000270199 -0.00146382 -0.00235951 0.00300538 0.00726154 0.00516847 0.00906169 0.0124094 -0.000473372 -0.00148955 0.0021633 -0.00374435 0.000453247 0.000739677 -0.000439998 0.000219017 -0.00269141 0.000687875 -0.00208727
internal_weight=268680 9205 259475 116630 142845 142494 141312 113559 20061 8691 3639 115621 10870 9119 1751 956 1182 787 644 93498 27753 3075 6284 104751 79574 25177 19387 5790 79362 21455
internal_count=268680 9205 259475 116630 142845 142494 141312 113559 20061 8691 3639 115621 10870 9119 1751 956 1182 787 644 93498 27753 3075 6284 104751 79574 25177 19387 5790 79362 21455
is_linear=0
shrinkage=0.03


Tree=39
num_leaves=31
num_cat=0
split_feature=56 33 17 138 77 1 28 116 7 49 26 116 31 58 70 62 69 43 31 86 8 118 56 59 14 9 33 77 57 9
split_gain=42.6268 46.82 38.639 46.0735 37.8764 43.8326 41.2035 41.042 37.361 51.819 46.1576 36.2297 36.017 68.0304 72.55 53.165 59.9888 47.979 44.422 54.33 47.4871 42.8959 40.0931 53.0444 55.5519 41.771 35.67 35.2046 34.5424 33.845
threshold=1.1827536821365359 0.9774746596813203 1.0735219717025759 1.1651677489280703 0.34166666865348821 0.019305027090013031 -0.0067874682135879985 0.44094489514827734 -0.024371344596147534 0.91638416051864635 0.054289955645799644 0.38487409055233007 0.0034199928632006053 1.0044983029365542 0.3039215356111527 0.83582088351249706 0.37500004470348364 1.0680145621299746 0.0070524539332836875 0.88333332538604747 -0.8181881010532378 0.67532524466514599 0.9895608425140382 0.92291381955146801 0.89858493208885204 1.0487386584281924 0.43099203705787664 0.058333335444331176 1.2056239843368532 0.98288223147392284
decision_type=10 10 10 8 2 10 10 10 10 10 10 10 10 10 10 10 10 10 10 2 10 10 10 10 8 10 10 2 10 10
left_child=2 11 12 4 7 -6 -7 -4 9 -9 -10 27 22 14 -14 16 21 -17 20 -20 -16 -15 25 -24 -25 -1 -18 -2 -29 -26
right_child=1 -3 3 -5 5 6 -8 8 10 -11 -12 -13 13 15 18 17 26 -19 19 -21 -22 -23 23 24 29 -27 -28 28 -30 -31
leaf_value=0.0013492759441891963 -0.00036617956444721825 -0.013298349288062587 -2.5060924633823332e-06 0.0010612575748201541 -0.00016259101403111938 -0.001573610526630672 -0.0071404618595336637 0.019769603578253619 -0.0026314449755898634 0.00025689833662833825 0.0045454946276139848 -0.0011422303315301082 -0.0095953627256746606 0.020170068547849647 -0.0071071062809965318 0.0028129082968040967 -0.0054256764414001134 -0.0043622121223669879 0.0018731589300505134 -0.0045036654230895855 -0.0013133687600329587 0.0060408937924283411 -0.010185909777379444 0.01916535959670131 -0.001575186370051142 0.017636015115828851 0.0064540258516785198 -0.0011245909125762652 0.0084275504661409321 0.0002985829807015486
leaf_weight=25281 678 126 29545 11273 3472 2421 2755 135 14775 752 806 968 894 337 1376 2290 432 1292 7350 1400 20064 698 424 119 9260 126 432 338 2061 126722
leaf_count=25281 678 126 29545 11273 3472 2421 2755 135 14775 752 806 968 894 337 1376 2290 432 1292 7350 1400 20064 698 424 119 9260 126 432 338 2061 126722
internal_value=5.87837e-06 0.0030087 -4.05761e-05 -0.00067059 -0.0010335 -0.00286384 -0.00461046 -0.000681883 -0.00188107 0.00392791 -0.0022356 0.00365339 0.000167228 -0.000680113 -0.00123005 0.00237729 0.00641109 0.000131759 -0.000966211 0.000810716 -0.00170546 0.0112209 0.000360475 0.000154284 0.000190193 0.00145565 0.000186441 0.00525655 0.00695954 0.000168566
internal_weight=268602 4171 264431 65934 54661 8648 5176 46013 16468 887 15581 4045 198497 36565 31084 5481 1899 3582 30190 8750 21440 1035 161932 136525 136101 25407 864 3077 2399 135982
internal_count=268602 4171 264431 65934 54661 8648 5176 46013 16468 887 15581 4045 198497 36565 31084 5481 1899 3582 30190 8750 21440 1035 161932 136525 136101 25407 864 3077 2399 135982
is_linear=0
shrinkage=0.03


Tree=40
num_leaves=31
num_cat=0
split_feature=32 8 46 7 11 29 37 73 61 13 62 18 29 35 18 86 72 17 20 24 46 0 99 113 73 9 13 55 42 10
split_gain=41.5686 48.9486 40.0345 50.2889 45.0162 42.3656 57.2134 37.6862 36.7847 53.2654 43.6979 52.8782 41.8822 36.5306 34.2433 33.5577 52.7564 33.4343 32.892 37.889 40.3124 54.498 36.6202 80.2223 39.3539 41.5847 34.7518 32.6746 32.5969 31.8853
threshold=-0.0049182062502950421 0.85714295506477367 1.0099846720695498 0.0078430511057376879 0.97315433621406566 0.0066578863188624391 0.2891253679990769 0.90000000596046459 0.78723517060279857 0.92107850313186657 0.67402619123458873 1.0267652869224551 -0.0044512320309877387 0.76464974880218517 0.98239055275917064 -0.58333334326744068 0.16867478936910632 1.3982893228530886 0.91576224565505993 0.042807841673493392 1.1084714531898501 0.037455337122082717 0.58571431040763866 0.80434778332710277 0.30000000447034841 0.9733034372329713 1.1154526472091677 0.99417573213577282 0.087464973330497756 1.0309305787086489
decision_type=8 10 8 10 8 10 10 10 8 8 8 10 10 10 10 2 10 10 10 10 10 10 2 10 10 10 10 10 10 10
left_child=1 7 5 4 -4 14 -7 15 9 -6 11 -10 -11 -12 -2 16 17 -1 22 20 28 -22 23 -5 27 -26 -21 -24 -20 -19
right_child=2 -3 3 18 8 6 -8 -9 10 12 13 -13 -14 -15 -16 -17 -18 29 19 26 21 -23 24 -25 25 -27 -28 -29 -30 -31
leaf_value=0.0051698635824032994 0.0036648344242968516 0.0083986043242598781 0.0072930913085864444 -0.0066833097832237447 -0.0040178985167699062 -0.0047692450434461062 0.0009419339385008886 -0.0032881927923962043 -0.011629131805985165 -0.0071541827169111279 -0.00018466379143908745 0.0057002997400277125 0.0087786873423463113 0.00099389194044229067 0.00089229510954849287 0.00023375135378352651 0.013112089532799943 -0.012798234388080521 -0.00068685226966477288 0.0035578328289456399 -0.0031241554827630257 0.0055852843361618373 0.014936938437843513 0.02159947007735993 -0.015115408718419605 -0.0033419055200799405 -0.009057704611418603 -0.0045741991954460996 0.0053840655155134578 0.001843777290865859
leaf_weight=1030 5888 991 751 213 481 2353 4542 1280 576 131 141702 176 1316 28389 13945 2978 560 201 44352 2599 10667 647 104 121 579 670 182 157 781 259
leaf_count=1030 5888 991 751 213 481 2353 4542 1280 576 131 141702 176 1316 28389 13945 2978 560 201 44352 2599 10667 647 104 121 579 670 182 157 781 259
internal_value=-1.01618e-05 0.0022184 -7.3721e-05 -0.000200153 5.88267e-05 0.00102409 -0.000971846 0.0011766 2.48041e-05 0.00412478 -2.01866e-05 -0.0071421 0.00705388 1.0373e-05 0.00173338 0.00238117 0.00532337 0.00206249 -0.000940675 -0.000810804 -0.00098335 -0.00259065 -0.00489763 0.00335682 -0.00693954 -0.00918837 0.00256634 0.00264252 -0.000572816 -0.00419582
internal_weight=268621 7299 261322 234594 173522 26728 6895 6308 172771 1928 170843 752 1447 170091 19833 5028 2050 1490 61072 59228 56447 11314 1844 334 1510 1249 2781 261 45133 460
internal_count=268621 7299 261322 234594 173522 26728 6895 6308 172771 1928 170843 752 1447 170091 19833 5028 2050 1490 61072 59228 56447 11314 1844 334 1510 1249 2781 261 45133 460
is_linear=0
shrinkage=0.03


Tree=41
num_leaves=31
num_cat=0
split_feature=32 11 53 41 33 1 54 76 32 39 13 29 31 10 33 20 34 1 14 32 38 31 17 57 9 56 38 49 57 119
split_gain=43.9519 46.4286 48.9357 46.4158 43.2985 56.0901 42.4766 50.0899 48.765 39.3959 39.1788 50.6378 77.6532 62.2916 40.8142 60.036 47.5246 66.2462 42.9804 42.0581 39.0052 37.2195 39.5943 37.0703 35.2467 40.7298 35.7674 34.459 34.2405 34.2062
threshold=-0.0049182062502950421 0.98024871945381176 0.99995517730712902 0.039713909849524505 0.37481763958930975 0.013000027276575567 1.0176940560340884 0.31666667759418493 -0.0034776440588757391 0.035639274865388877 0.97149205207824718 -0.00018738250219030303 0.0086644911207258719 1.0097371935844424 0.8754861354827882 0.89583763480186474 0.68853598833084118 0.050279354676604278 0.8771360218524934 -0.00023191693617263806 -0.007507138652727007 -0.0068682897835969916 1.0360198020935061 0.95465746521949779 1.0080321431159975 0.98013374209404003 0.0044658544939011344 0.95396009087562572 1.0134122371673586 0.61764678359031688
decision_type=10 8 8 10 8 10 10 2 10 10 10 10 10 10 8 10 8 10 8 10 10 10 10 10 10 10 10 10 10 10
left_child=1 -1 -3 -4 5 -2 8 -8 -7 29 14 21 -13 -14 15 -6 17 27 19 -17 -20 -12 28 -15 26 -26 -10 -16 -23 -9
right_child=4 2 3 -5 10 6 7 9 24 -11 11 12 13 23 16 18 -18 -19 20 -21 -22 22 -24 -25 25 -27 -28 -29 -30 -31
leaf_value=0.0055073099999742355 0.00062287676245425367 -0.0072934337083711727 0.00026978908785381075 0.0082483775620182439 -0.0069978336597523241 0.0037660884782641881 -0.0035293125113857846 -0.0025360148123303133 -0.0021759593335655535 0.0087381395944506821 0.0046455226976387393 0.0010910766484398648 -0.0030430089697862667 0.018934074639533224 0.002701665960184927 0.015915945988106594 -0.00095066188794625439 0.01349050943751067 0.0011755153074685394 0 -0.0016857622350357052 -0.00084164043173401589 -0.00081436357899176439 0.00015701943009129065 0.0066063939150872979 0.00017729863460299352 -0.00016596076067771119 -0.0044152919162171881 0.0011002387246655009 0.00035260394453303593
leaf_weight=2562 25646 601 4226 778 1533 2305 10947 7257 16135 352 1512 46407 196 475 4719 247 6182 467 5321 273 19904 11133 35310 158 972 9539 16419 657 29363 7159
leaf_count=2562 25646 601 4226 778 1533 2305 10947 7257 16135 352 1512 46407 196 475 4719 247 6182 467 5321 273 19904 11133 35310 158 972 9539 16419 657 29363 7159
internal_value=0 0.00216421 0.000568624 0.00159788 -6.81516e-05 -0.000572275 -0.00100773 -0.00198479 -0.000446714 -0.000816381 0.000227655 0.000489552 0.0012633 0.010298 -0.000594513 -0.0012406 0.000845821 0.00279446 -0.000880975 0.00742661 -0.00106986 1.27618e-05 -7.68861e-05 0.014855 -0.000680806 0.000811731 -0.00117213 0.00176317 0.000558829 -0.00108224
internal_weight=268755 8167 5605 5004 260588 96731 71085 25715 45370 14768 163857 124554 47236 829 39303 27278 12025 5843 25745 520 25225 77318 75806 633 43065 10511 32554 5376 40496 14416
internal_count=268755 8167 5605 5004 260588 96731 71085 25715 45370 14768 163857 124554 47236 829 39303 27278 12025 5843 25745 520 25225 77318 75806 633 43065 10511 32554 5376 40496 14416
is_linear=0
shrinkage=0.03


Tree=42
num_leaves=31
num_cat=0
split_feature=25 35 41 16 24 58 1 109 33 86 42 39 86 41 1 30 50 25 61 1 31 14 10 3 8 75 45 69 4 53
split_gain=41.3722 37.6482 62.4258 60.0981 96.1644 58.2618 53.5352 72.2961 52.0782 50.6143 50.1834 43.3563 43.1118 40.8329 38.3784 36.8291 36.4453 90.4106 44.6587 47.0514 68.2408 65.012 42.3399 55.6161 36.0507 35.4533 34.5731 64.1766 34.567 34.1122
threshold=0.012474801857024433 0.47035750746726995 -0.028829213231801983 0.72948259115219127 0.036755779758095748 0.93869161605834972 0.05543711036443711 0.23611111193895343 0.97333562374115001 -0.81666666269302357 0.025408740155398849 -0.022536968812346455 -0.88333332538604725 -0.045148519799113267 0.018700811080634597 -0.0010852480772882698 0.83929765224456798 0.074668474495410933 0.80016958713531505 0.035323292016983039 0.0046423578169196853 0.94486868381500255 1.019651532173157 0.010548553429543974 0.79998642206192028 0.27500000596046453 1.0789473652839663 0.94736829400062572 0.17647533863782885 0.9785253405570985
decision_type=10 10 10 8 10 10 10 2 10 2 10 10 2 10 10 10 10 8 10 10 10 10 10 10 10 2 10 10 10 10
left_child=-1 9 6 4 5 -4 8 -8 25 10 13 -10 -12 15 -15 -2 17 22 24 20 -20 -21 23 -11 -18 -3 27 -6 -27 -5
right_child=1 2 3 29 26 -7 7 -9 11 16 12 -13 -14 14 -16 -17 18 -19 19 21 -22 -23 -24 -25 -26 28 -28 -29 -30 -31
leaf_value=0.00088769300101623728 -7.1007627740974339e-06 3.6895101393803684e-05 0.022428133450663433 -0.0034928240504143002 -0.018401014697574027 0 0.0096541800527298102 -0.013847629353404044 -0.019077621902655904 0.0052112124140894474 0.014694195577898356 0 -0.00034962349419421671 -0.0019087146290100367 -0.0072005749208193517 0.017998314019201732 0.017288779099073604 -0.0053566757601256803 -0.00016222159201327338 0.002332374174142384 -0.0047467545594390625 -0.0033803398701451643 0.012629393496323759 -0.0077245948608608596 -4.4463737652188651e-05 0.0053916631678049172 -0.0014954918789520967 0 0.0011523019670671669 9.3697434014983669e-05
leaf_weight=37629 422 6435 110 2423 619 407 1294 102 177 1872 217 284 489 2471 2943 103 208 933 82869 2112 3019 9841 565 321 142 3363 391 269 4040 102837
leaf_count=37629 422 6435 110 2423 619 407 1294 102 177 1872 217 284 489 2471 2943 103 208 933 82869 2112 3019 9841 565 321 142 3363 391 269 4040 102837
internal_value=-3.31988e-05 -0.000184389 0.000173617 -8.28657e-05 -0.00549416 0.00491211 0.00194006 0.0075538 0.00136126 -0.000592038 -0.00313199 -0.0082425 0.00413852 -0.0040576 -0.00485644 0.00350579 -0.00042285 0.00248149 -0.000535562 -0.000577683 -0.00032793 -0.00234368 0.00526052 0.00312947 0.00982335 0.00171428 -0.00994241 -0.0132165 0.00312789 7.64122e-06
internal_weight=268907 231278 122751 107056 1796 517 15695 1396 14299 108527 6645 461 706 5939 5414 525 101882 3691 98191 97841 85888 11953 2758 2193 350 13838 1279 888 7403 105260
internal_count=268907 231278 122751 107056 1796 517 15695 1396 14299 108527 6645 461 706 5939 5414 525 101882 3691 98191 97841 85888 11953 2758 2193 350 13838 1279 888 7403 105260
is_linear=0
shrinkage=0.03


Tree=43
num_leaves=31
num_cat=0
split_feature=26 37 7 0 51 68 33 37 37 3 45 154 46 78 17 50 37 40 35 31 61 70 40 30 2 29 31 15 89 16
split_gain=38.8019 65.824 102.306 63.3225 56.0141 50.6007 49.6281 47.6825 44.2983 40.7065 41.4832 35.1443 33.8823 40.3746 40.8361 62.4181 37.7067 56.666 53.0366 55.8705 68.985 49.8615 42.4474 42.081 41.3805 37.8718 36.2765 33.4082 39.5517 32.3566
threshold=0.094133511185646071 0.65231052041053783 0.024571615271270279 0.011363646481186153 0.68984845280647289 0.93548452854156505 0.77394217252731334 0.8043125867843629 0.72602909803390514 0.014625216834247114 1.1818473935127261 -0.16179214417934415 1.0103921294212344 0.30000000447034841 0.75244280695915233 0.9013057053089143 0.7325749695301057 -0.05670111067593097 0.75160866975784313 0.0038229887140914802 0.91336706280708324 0.16176534444093707 0.027388816699385646 -0.0021409691544249649 0.88889041543006908 -0.0040028039366006843 -0.0056502385996282092 0.80147212743759166 0.43054778873920446 1.16784143447876
decision_type=10 10 10 10 8 10 10 10 10 10 10 10 10 10 8 10 8 8 10 10 10 10 10 10 10 8 10 10 10 8
left_child=4 2 9 6 5 -1 -3 8 -5 -2 11 -11 13 14 -6 -16 18 23 19 20 -14 -21 -20 -18 25 -19 -24 28 -4 -25
right_child=1 3 27 7 12 -7 -8 -9 -10 10 -12 -13 16 -15 15 -17 17 24 22 21 -22 -23 26 29 -26 -27 -28 -29 -30 -31
leaf_value=-0.014102874075496484 0.00030238069435440946 0.0070464703062530542 0 0.0088662746734886663 0.0075339376262127189 0.00042570926480480197 -0.0075654954709781083 0 0.029048334021600449 -0.00033887661711655951 0.00032712829285301266 0.014635800218076256 0.0047737365750951648 0.0023348724211027442 -0.002852391299127276 0.0011031082588391823 -0.0038330349247080579 -0.001175367352785877 0.0010759215251661125 -0.016092250735973687 -0.00051725037154950115 -0.0024203368055613714 0.0016424491470532873 0.006474808811258931 0.0046046372693378818 0.0006934681433811593 -0.0060479618116074593 -0.0033170935127705427 -0.02383654028085604 0.024141915215268019
leaf_weight=464 2563 578 106 314 604 318 290 158 221 132 580 598 2225 11485 5552 9986 257 13030 29453 237 136609 9100 797 1160 1998 38114 1432 548 201 106
leaf_count=464 2563 578 106 314 604 318 290 158 221 132 580 598 2225 11485 5552 9986 257 13030 29453 237 136609 9100 797 1160 1998 38114 1432 548 201 106
internal_value=1.417e-05 0.00233997 0.000497589 0.00765358 -4.0494e-05 -0.00795748 0.00176631 0.0143504 0.0184901 0.00263826 0.00690954 0.0115912 -1.51274e-05 0.000976889 0 -0.000292828 -0.000133343 0.000554425 -0.000344091 -0.00058346 -0.000429619 -0.00283309 0.000765594 0.00623487 0.000383701 0.000211207 -0.00317464 -0.00869507 -0.0165874 0.00853978
internal_weight=269216 6289 4728 1561 262927 782 868 693 535 3873 1310 730 262145 27627 16142 15538 234518 54665 179853 148171 138834 9337 31682 1523 53142 51144 2229 855 307 1266
internal_count=269216 6289 4728 1561 262927 782 868 693 535 3873 1310 730 262145 27627 16142 15538 234518 54665 179853 148171 138834 9337 31682 1523 53142 51144 2229 855 307 1266
is_linear=0
shrinkage=0.03


Tree=44
num_leaves=31
num_cat=0
split_feature=61 36 72 29 52 81 60 16 28 23 96 113 78 0 119 56 48 20 78 87 5 35 38 73 26 52 85 37 20 41
split_gain=41.982 38.323 47.3998 34.278 45.0496 43.8376 37.9366 43.4295 41.8562 40.357 34.3642 31.0611 29.666 49.4821 55.321 42.3065 44.7606 38.7316 38.69 37.5421 49.402 44.8343 36.2371 43.7683 38.9514 30.726 30.8126 28.4758 28.0454 35.5057
threshold=1.060769319534302 0.80438071489334118 0.088607553392648711 -0.0034632030874490734 0.59931728243827831 0.083333335816860213 1.0185223221778872 1.1899688243865969 -0.012181295547634361 0.040182322263717658 0.42191325128078466 0.58775287866592418 0.5000000149011613 -0.013371603097766636 0.61764678359031688 1.0035279393196108 0.97550255060195934 1.0385360121726992 0.30000000447034841 0.39166666567325598 0.010588233359158041 0.757959544658661 0.018301365897059444 0.30000000447034841 0.027596771717071537 0.87038308382034313 -0.57500001788139332 0.87277632951736461 1.0064088106155398 0.020326589234173301
decision_type=8 10 8 8 10 2 10 10 8 10 10 10 10 10 8 10 10 10 10 2 10 10 10 10 10 10 2 10 10 10
left_child=3 -2 -3 12 5 27 7 8 9 -6 -10 -7 13 14 -1 -14 22 18 -15 21 -21 -18 24 -24 -17 26 -19 -5 -9 -30
right_child=1 2 -4 4 6 11 -8 28 10 -11 -12 -13 15 17 -16 16 19 25 -20 20 -22 -23 23 -25 -26 -27 -28 -29 29 -31
leaf_value=-0.018566752882341515 0.00095255299719419859 0.0031961001495037773 0.015606136298434218 -0.016830265669713487 0.0049794840529318873 0.013270534109324217 -0.0025721940106702267 -0.0001369392138191293 0.00032124212942323906 -0.0025147079954659867 -0.00078948697509934886 -0.0038060764528591012 0.0061215054710524871 0.00061720017504403519 -0.0038516994894568172 0.00031625094674864266 -0.0012612406499810003 0.022196160708163076 -0.0041547855692409125 0.0007874361960600178 0.007321151819647093 0.0013820628874764206 -0.0016478788992138527 0.0064723334093945662 -0.0040557893152957892 0.00075040386719969895 0 0 -0.0017765891221732052 0.01176733805689058
leaf_weight=299 4758 1305 378 345 2948 106 4350 401 162195 755 29530 378 865 2266 1223 2304 20504 111 4100 8154 1206 7932 1736 865 7068 1948 107 155 176 696
leaf_count=299 4758 1305 378 345 2948 106 4350 401 162195 755 29530 378 865 2266 1223 2304 20504 111 4100 8154 1206 7932 1736 865 7068 1948 107 155 176 696
internal_value=2.43751e-05 0.00241408 0.00631009 -3.32491e-05 0.000153367 -0.00617693 0.000186453 0.00024924 0.000211367 0.00336562 0.000148536 0 -0.000659296 -0.00215214 -0.00714037 -0.000356219 -0.000477243 -0.00121261 -0.00241259 2.15966e-05 0.00167508 -0.000512916 -0.00207439 0.000966936 -0.00295065 0.00216678 0.0124361 -0.0122287 0.00573825 0.00871884
internal_weight=269164 6441 1683 262723 202035 984 201051 196701 195428 3703 191725 484 60688 10054 1522 50634 49769 8532 6366 37796 9360 28436 11973 2601 9372 2166 218 500 1273 872
internal_count=269164 6441 1683 262723 202035 984 201051 196701 195428 3703 191725 484 60688 10054 1522 50634 49769 8532 6366 37796 9360 28436 11973 2601 9372 2166 218 500 1273 872
is_linear=0
shrinkage=0.03


Tree=45
num_leaves=31
num_cat=0
split_feature=33 39 14 17 14 2 58 27 29 56 73 52 38 122 17 6 20 89 61 117 15 84 32 29 1 75 33 55 113 114
split_gain=38.2497 44.6835 47.1534 77.7125 52.8914 51.4815 57.9671 50.2286 48.9666 48.2456 80.5369 46.8588 77.5969 41.6265 41.3642 39.6303 38.3344 58.9153 37.0853 46.1113 35.3047 34.7852 56.2087 33.0427 37.4106 48.8641 38.33 64.3117 54.4087 51.9443
threshold=0.61491006612777721 0.038371387869119651 0.91677412390708934 0.68618136644363414 0.95823472738266002 0.22222148627042773 0.99485334753990184 0.071918815374374404 -0.0034632030874490734 1.0070974230766299 0.5000000149011613 0.7812500298023225 0.0099913785234093683 0.42470896244049078 0.75244280695915233 0.25000379979610449 0.88647601008415233 0.44552950561046606 0.77133560180664074 0.64446628093719494 0.93314161896705639 -0.65000000596046437 0.0042211613617837438 0.027280201204121116 0.053518986329436309 0.27500000596046453 0.88695853948593151 0.93495556712150585 0.9125003218650819 0.43222726881504064
decision_type=8 8 8 8 10 10 10 10 10 10 10 10 10 10 8 10 8 10 10 10 10 2 10 10 10 2 10 10 10 10
left_child=1 2 3 15 9 6 7 -5 21 18 -11 14 -13 -8 -7 -1 -3 -18 19 -4 -20 22 -6 24 -2 -26 27 28 -27 -29
right_child=23 16 4 5 8 11 13 -9 -10 10 -12 12 -14 -15 -16 -17 17 -19 20 -21 -22 -23 -24 -25 25 26 -28 29 -30 -31
leaf_value=-0.016496529018496284 0.00035148955975509934 -0.010585725188213296 0 0.0055569912446399045 -0.0007395547398739604 0.0058973840899359913 -0.0045615851545741191 0.0181084304160519 0.0001002019061865029 7.9239813626598541e-05 -0.0082587743226799227 -0.0018678112459921219 0.012529692352809771 0.0065474807221551894 -0.0075994548002817509 1.3890444706793468e-05 0.0018214178965344806 0.014508565850741589 -0.0026947571237443671 0.023104037199650079 0.00033582079304029708 -0.0022908196539138254 0.0066447445145821384 -0.0069982994428973849 0.0082406398579023717 -0.022292567464018906 0.0051993158304685493 -0.0052597022439958355 -0.00072547073134097387 0.0066684302662825441
leaf_weight=256 114359 113 238 918 14874 228 542 512 93173 1672 2470 750 547 614 828 182 1255 469 7841 104 5889 15336 966 513 1235 198 1183 524 266 768
leaf_count=256 114359 113 238 918 14874 228 542 512 93173 1672 2470 750 547 614 828 182 1255 469 7841 104 5889 15336 966 513 1235 198 1183 524 266 768
internal_value=1.8338e-05 -0.000299511 -0.000359387 0.00238424 -0.000465292 0.0035124 0.0064212 0.0104456 -0.000241241 -0.00197651 -0.00483668 0.000161961 0.0040745 0.00109481 -0.0043511 -0.00927999 0.00431292 0.00557167 -0.00110768 0.0082587 -0.00137448 -0.00127071 -0.000262497 0.000420741 0.000456555 0.0032482 0.00100742 -0.00167445 -0.0110894 0.00159561
internal_weight=268823 149777 147940 5377 142563 4939 2586 1430 124349 18214 4142 2353 1297 1156 1056 438 1837 1724 14072 342 13730 31176 15840 119046 118533 4174 2939 1756 464 1292
internal_count=268823 149777 147940 5377 142563 4939 2586 1430 124349 18214 4142 2353 1297 1156 1056 438 1837 1724 14072 342 13730 31176 15840 119046 118533 4174 2939 1756 464 1292
is_linear=0
shrinkage=0.03


Tree=46
num_leaves=31
num_cat=0
split_feature=115 46 52 35 19 24 37 61 86 55 3 31 112 17 40 16 68 26 50 31 35 42 41 122 23 31 48 87 94 36
split_gain=34.5407 51.4401 38.7492 37.4194 56.3158 52.8385 40.6846 73.8427 59.193 53.3035 43.9575 47.1583 40.4786 36.4522 33.1354 33.0668 51.783 34.5734 30.8142 30.3663 43.9117 47.4168 35.9283 34.2013 29.4304 28.6436 37.0861 29.7621 27.1058 26.8543
threshold=0.74285677075386058 1.0103921294212344 0.67562815546989452 0.74828276038169872 0.95062643289566051 0.058648101985454566 0.68795302510261547 0.78723517060279857 -0.84999999403953541 0.93495556712150585 0.01913873199373484 0.0034199928632006053 -0.052177859470248215 1.056109666824341 -0.05670111067593097 0.74867933988571178 0.67647165060043346 0.072108414024114623 0.70271128416061412 0.0062979126814752826 0.60380226373672496 0.10623956844210626 0.021904258057475093 0.39503815770149237 0.038542490452528007 0.0070524539332836875 0.96865820884704601 0.74166667461395275 0.44506843388080602 0.52582302689552318
decision_type=10 10 8 10 10 10 8 10 2 10 10 10 2 10 8 8 10 10 10 10 10 8 10 10 10 10 10 2 10 10
left_child=1 2 -1 6 -5 25 8 -8 13 -9 11 -10 -12 -3 -11 16 18 -18 -2 20 23 -22 -21 -17 -24 26 -6 -27 -25 -23
right_child=15 3 -4 4 5 -7 7 9 10 14 12 -13 -14 -15 -16 19 17 -19 -20 22 21 29 24 28 -26 27 -28 -29 -30 -31
leaf_value=0.010050124644840709 0.011655267160017005 -0.00097871208476620519 0.0012867633290432421 -0.011629258732343144 -0.0012230193636285996 0.007572171928826677 0.017857670372606001 -0.018878945523756557 -0.00023360449027699321 0.0047297597118466971 0.0073027442102328727 -0.0022116719547492468 0.00016141179652458813 -0.0051977624474168422 0.00031883504040832545 -0.00023158220679650194 0 -0.012904465698366807 -0.0050320132124123344 0 -0.0019085863896030129 0 0.012704646350094726 0.0012561446909283892 -0.0010715590134662176 0.009043409279240534 0.0010406406723786985 0 0.018120796104503231 -0.015468125482070163
leaf_weight=457 182 4098 20838 303 8196 1027 200 108 117245 1574 1252 12012 1837 3700 52346 603 262 714 151 1848 7345 122 401 219 148 723 29998 557 195 365
leaf_count=457 182 4098 20838 303 8196 1027 200 108 117245 1574 1252 12012 1837 3700 52346 603 262 714 151 1848 7345 122 401 219 148 723 29998 557 195 365
internal_value=1.0211e-05 8.65793e-05 0.00149816 -4.0079e-05 0.000784041 0.000890006 -0.00021469 0.000480157 -0.000485728 0.000403694 -0.000333285 -0.000420063 0.00318071 -0.00302712 0.000454864 -0.00152363 -0.0060439 -0.00956448 0.00338212 -0.000961055 -0.00178985 -0.00257592 0.00196398 0.00390734 0.00855647 0.000704813 0.000546648 0.00511251 0.0103599 -0.0115766
internal_weight=269026 256471 21295 235176 40804 40501 194372 54228 140144 54028 132346 129257 3089 7798 53920 12555 1309 976 333 11246 8849 7832 2397 1017 549 39474 38194 1280 414 487
internal_count=269026 256471 21295 235176 40804 40501 194372 54228 140144 54028 132346 129257 3089 7798 53920 12555 1309 976 333 11246 8849 7832 2397 1017 549 39474 38194 1280 414 487
is_linear=0
shrinkage=0.03


Tree=47
num_leaves=31
num_cat=0
split_feature=1 38 17 36 43 27 43 104 97 141 17 15 29 67 51 41 69 11 37 31 23 3 117 52 78 102 39 48 142 28
split_gain=37.3507 52.048 58.7908 50.4834 65.0176 43.9067 43.0802 40.8584 39.0887 37.3892 35.1519 56.5435 71.3613 47.9568 50.6927 50.5171 45.2948 43.8841 37.6784 40.7779 74.1982 57.7129 52.0516 39.1398 104.472 48.041 34.7957 34.394 32.615 32.2573
threshold=0.05543711036443711 -0.018076949752867218 0.75244280695915233 0.79762580990791332 1.0298165678977969 0.065172109752893462 1.060477137565613 0.11805555596947671 0.23907000571489337 1.3261446952819826 1.0777261853218081 0.87622866034507763 0.0036034648073837165 0.4087121188640595 0.83711120486259472 0.035196499899029739 0.97167837619781505 0.98675593733787548 0.68795302510261547 0.0038229887140914802 0.012239689007401468 0.014925372321158649 0.60918369889259349 0.63883095979690563 0.90000000596046459 0.59290647506713878 -0.05265588499605655 0.87845197319984447 0.92157909274101268 -0.026269980706274506
decision_type=10 8 8 10 10 10 10 2 10 10 10 8 8 10 10 10 10 10 8 8 10 10 10 8 10 2 8 8 10 8
left_child=1 2 6 7 -5 -4 9 -2 -6 -1 18 12 17 14 -13 -15 -17 -12 19 -3 22 -22 -21 24 25 -20 -25 -28 -7 -16
right_child=3 10 5 4 8 28 -8 -9 -10 -11 11 13 -14 15 29 16 -18 -19 23 20 21 -23 -24 26 -26 -27 27 -29 -30 -31
leaf_value=-0.026380784323608332 0.0089349637495691019 0.00019223415215343745 -0.0055558517826592661 -0.00038417676311752443 0.0068908034908685715 -0.0083598252397743943 0 0.00014256614886112441 0.021802156714869562 -0.00078681004932150238 0.024961161887607514 0.0063033152217766147 -0.0026042125798150443 -0.0015816857903701018 -0.0080563965531833016 -0.010700754432765833 0.00095417275591858064 0 -0.01121605629527379 -0.0048667916503869636 -0.00062204640903631178 0.005892080285162922 0.0021162755504926588 0.016528571398510685 0.013122027399924421 0 0.015942003971351117 0.0011285454222311206 0.003598872142210639 -0.00043547051377151289
leaf_weight=211 502 137493 1503 589 666 215 170 6326 265 100 214 975 242 5092 490 1174 336 111 847 5887 9164 1388 1070 117 256 521 125 37669 1265 53921
leaf_count=211 502 137493 1503 589 666 215 170 6326 265 100 214 975 242 5092 490 1174 336 111 847 5887 9164 1388 1070 117 256 521 125 37669 1265 53921
internal_value=4.34756e-05 -1.87427e-05 -0.00366162 0.00201667 0.00695243 -0.00193192 -0.0132845 0.000857006 0.0118199 -0.0196024 2.94549e-05 -0.000587706 0.00864322 -0.000679739 -0.000384916 -0.00309915 -0.00793269 0.0175533 0.00022949 1.662e-05 -0.00134396 0.000215964 -0.0037468 0.00105606 -0.00342902 -0.00688688 0.0012578 0.00119388 0.00157333 -0.000512548
internal_weight=268904 260556 3464 8348 1520 2983 481 6828 931 311 257092 62555 567 61988 55386 6602 1510 325 194537 155002 17509 10552 6957 39535 1624 1368 37911 37794 1480 54411
internal_count=268904 260556 3464 8348 1520 2983 481 6828 931 311 257092 62555 567 61988 55386 6602 1510 325 194537 155002 17509 10552 6957 39535 1624 1368 37911 37794 1480 54411
is_linear=0
shrinkage=0.03


Tree=48
num_leaves=31
num_cat=0
split_feature=16 29 13 7 45 42 125 50 41 133 60 142 7 78 60 22 16 14 42 66 3 45 46 0 55 11 6 27 28 117
split_gain=35.1386 31.2564 40.9891 49.5236 38.5082 38.9044 36.9288 37.3369 51.091 50.008 42.5028 44.382 40.3514 39.1203 35.9689 45.9238 33.8455 33.2477 33.0356 60.6296 107.445 61.9327 50.6122 57.8552 53.2785 46.9252 46.2011 39.3244 36.1409 31.8627
threshold=1.2279316186904909 -0.00042436268995515997 0.97351554036140453 -0.015322637278586624 1.0264944434165957 0.049359166994690902 0.48611135780811315 0.86611646413803112 0.064097307622432723 0.24539348483085635 0.85292252898216259 1.486180365085602 0.021194948814809326 0.30000000447034841 1.0191715359687807 1.0989002585411074 1.1180885434150698 0.82351601123809826 -0.077356711030006395 0.5847701132297517 0.004987481515854598 1.0796502232551577 1.1148419380187991 0.028577689081430439 1.0925179719924929 0.96292683482170116 0.099999435245990767 0.068110954016447081 -0.0044347464572638265 0.59976062178611766
decision_type=10 8 8 10 10 10 10 8 10 10 10 10 10 10 10 10 8 10 10 10 10 10 10 10 10 10 10 10 10 10
left_child=1 2 3 -1 5 -5 7 9 14 10 17 -12 13 -10 15 -9 29 -3 19 21 -21 28 25 24 -24 -20 -23 -27 -4 -6
right_child=-2 6 18 4 16 -7 -8 8 12 -11 11 -13 -14 -15 -16 -17 -18 -19 22 20 -22 26 23 -25 -26 27 -28 -29 -30 -31
leaf_value=-0.016958533993106237 0.003246141628291432 0.0098709383340359769 0.020908143236920446 -0.00017427501324488294 -0.006264619372028349 0.013412571674838784 -0.0012723105945226132 0.00027028263295483882 -0.014418124252632778 0.00027165372640546568 0.0065138631988006781 0.00018530656791740713 0.00034392887387222373 -0.00087557834946055664 -0.010189648985148181 0.0047939802131777851 0.0017350342226254336 -0.0056444592836535096 -0.0057569274436385931 0.010299687596437122 -0.023565032860995937 -0.0016321766802852747 -0.0026941023381541612 0.004559239224227918 0.00022759637594695485 -0.00012359568863219125 0.0027876073626562363 0.0024955296985095499 0 0.0012690423950395622
leaf_weight=206 2960 125 219 670 2718 224 12434 108529 520 7901 3950 1466 606 380 270 2049 779 623 1252 106 204 3080 18756 1297 7751 77150 6390 5504 126 535
leaf_count=206 2960 125 219 670 2718 224 12434 108529 520 7901 3950 1466 606 380 270 2049 779 623 1252 106 204 3080 18756 1297 7751 77150 6390 5504 126 535
internal_value=5.66612e-06 -2.95307e-05 -0.000370716 -0.00299731 -0.0022866 0.00312081 0.000280297 0.000435554 0.000249897 0.00189486 0.00391936 0.00486302 -0.00519051 -0.00916959 0.00032744 0.000357671 -0.00356908 -0.00247149 -0.000257141 0.00137533 -0.011154 0.00182344 -0.000408008 -0.00151708 -0.00182892 -3.6644e-05 0.0013181 4.77469e-05 0.0140403 -0.00493376
internal_weight=268780 265820 126967 5132 4926 894 138853 126419 112354 14065 6164 5416 1506 900 110848 110578 4032 748 121835 10125 310 9815 111710 27804 26507 83906 9470 82654 345 3253
internal_count=268780 265820 126967 5132 4926 894 138853 126419 112354 14065 6164 5416 1506 900 110848 110578 4032 748 121835 10125 310 9815 111710 27804 26507 83906 9470 82654 345 3253
is_linear=0
shrinkage=0.03


Tree=49
num_leaves=31
num_cat=0
split_feature=132 32 10 43 49 29 3 118 41 1 4 50 44 122 2 114 25 139 142 105 72 17 50 11 15 31 25 3 141 98
split_gain=34.2962 44.1238 47.5451 60.9653 47.5289 38.516 45.6214 49.9858 40.6652 70.506 62.0706 39.8051 39.8022 43.742 38.7473 65.2991 36.6492 36.6381 36.0152 34.938 38.5016 34.8874 33.839 31.1779 30.6928 47.246 34.8807 27.9378 25.6322 24.3635
threshold=1.340109705924988 -0.0049182062502950421 1.0064308047294619 1.0287141203880312 0.92011338472366344 -0.00018738250219030303 0.016098496504127983 0.69230687618255626 -0.034389246255159371 0.022093081846833233 0.33333544433116918 0.70271128416061412 1.0265497565269472 0.66744184494018566 0.21428479999303821 0.75478914380073558 0.03055462054908276 1.2648127079010012 2.3359850645065312 0.62019231915473949 0.067517321556806578 0.69693449139595043 0.95631900429725658 0.98557767271995556 1.0490196347236636 -0.0019221215043216942 0.040163541212677963 0.010288549121469261 1.2379118204116824 0.55000001192092907
decision_type=10 8 10 10 10 8 10 10 10 10 10 8 10 10 10 10 10 10 10 2 10 10 10 10 10 8 10 10 10 2
left_child=1 2 -1 -4 27 8 11 14 10 22 18 17 28 -14 23 -16 -12 -7 21 20 -6 -3 29 -8 25 -13 -26 -5 -11 -10
right_child=-2 5 3 4 19 6 7 -9 9 12 16 24 13 -15 15 -17 -18 -19 -20 -21 -22 -23 -24 -25 26 -27 -28 -29 -30 -31
leaf_value=0.0079034926546177296 0.0005055126101071915 0.007877390124883369 -0.0054845876410586887 0 0.013261493199270792 0 0.0092318084124250518 0.011391954096360802 -0.00050747701424223076 -0.0011000377509553967 0.00064458467349065183 -0.0023247153414257646 -0.0031833278608827224 0.0063130943517494542 0.002419127214722898 -0.0094900648350941634 -0.004710678827399551 -0.015106211408227991 -0.0062680759670549748 -0.0029812493816851098 9.6124878370270971e-05 0.001401940700978713 -2.2658683789232023e-05 0.0019482927725281811 0.0034535135218489305 9.6969319779955431e-05 -0.0016269510335157782 0.022409742412126656 0.0042874076423821484 -0.0042138480843036978
leaf_weight=1180 84723 808 925 107 341 283 712 536 3553 3023 1819 8012 19304 408 1085 624 2727 282 479 733 556 12439 38229 2643 4445 73015 1567 162 1046 3239
leaf_count=1180 84723 808 925 107 341 283 712 536 3553 3023 1819 8012 19304 408 1085 624 2727 282 479 733 556 12439 38229 2643 4445 73015 1567 162 1046 3239
internal_value=4.91356e-06 -0.000223637 0.00287648 0.000629671 0.00379037 -0.000294467 0.000126621 0.00274759 -0.000748569 -0.00108399 0.000497849 -3.80874e-05 -0.00240703 -0.00296537 0.0017324 -0.00181519 -0.00250873 -0.00783825 0.00151764 0.00157448 0.00560825 0.0018308 -0.000377718 0.00362844 1.08893e-05 -0.000139301 0.00207858 0.0151413 0.000225718 -0.00232621
internal_weight=269005 184282 4004 2824 1899 180278 93204 5600 87074 68802 18272 87604 23781 19712 5064 1709 4546 565 13726 1630 897 13247 45021 3355 87039 81027 6012 269 4069 6792
internal_count=269005 184282 4004 2824 1899 180278 93204 5600 87074 68802 18272 87604 23781 19712 5064 1709 4546 565 13726 1630 897 13247 45021 3355 87039 81027 6012 269 4069 6792
is_linear=0
shrinkage=0.03


Tree=50
num_leaves=31
num_cat=0
split_feature=37 12 52 61 41 33 33 1 41 35 16 10 1 6 29 36 20 22 16 27 36 84 18 83 38 42 50 107 113 140
split_gain=35.7067 58.1719 60.0709 62.7115 59.1015 50.6569 45.8867 53.3776 49.0846 69.3521 61.2022 59.8704 57.6242 52.2191 55.2547 51.4671 45.8184 48.4381 47.5585 53.8891 44.5388 43.9903 43.1608 45.4503 39.8192 38.0753 47.869 41.2055 37.4198 34.5045
threshold=0.72929561138153087 0.98179239034652721 0.63883095979690563 0.77133560180664074 -0.050702245905995362 0.866335690021515 0.39792522788047796 0.012916262261569502 0.054755873978137977 0.76464974880218517 0.81217244267463695 1.0092807412147524 0.017819703556597236 0.066666718572378172 -0.0044512320309877387 0.67227092385292064 0.96911692619323742 0.81885647773742687 0.74867933988571178 0.071918815374374404 0.80102181434631359 0.84999999403953563 1.0260431766510012 -0.50000001490116108 -0.0058052020613104096 -0.056869670748710625 0.93111374974250805 0.62605932354927074 0.43496374785900122 1.4012848734855654
decision_type=8 8 8 10 10 10 10 10 8 10 8 10 8 10 10 10 10 10 8 10 10 2 10 10 10 8 10 2 10 10
left_child=6 25 3 -3 24 -6 7 -1 10 12 11 15 -10 -13 -15 29 18 -18 28 20 -20 -14 -19 -24 -5 26 -2 -27 -9 -8
right_child=1 2 -4 4 5 -7 8 16 9 -11 -12 13 21 14 -16 -17 17 22 19 -21 -22 -23 23 -25 -26 27 -28 -29 -30 -31
leaf_value=0.00045735800621950364 0.029308306990116013 0.010232810374542043 0.0005965179304141553 0.01443122427208083 -0.012449194000915162 0.0024473823247625763 -0.012194982296160804 0.0062207798070015247 -0.010503839848544671 -0.011842137051951125 0.00014683916621929398 -0.0012718447291067449 -0.0018610859008563639 -0.0069395326256441571 0.011723080643805478 0.0047878625739666992 0.016363553962846222 -0.0015727516598578435 0.0013486446085260314 0.0058413465075210676 -0.0041160490604233678 0.0052202911628209695 0.0023044350085473513 -0.012278489189446551 -0.0061706001134393933 0.0020578878004190726 0.0016125502983041027 0.019126034442498979 -0.0095540480113641569 5.8699697020641537e-05
leaf_weight=22310 116 183 59287 155 1082 206 374 131 524 638 116905 415 3192 124 1465 801 111 46635 5683 1788 1734 1025 217 653 123 1597 143 128 644 336
leaf_count=22310 116 183 59287 155 1082 206 374 131 524 638 116905 415 3192 124 1465 801 111 46635 5683 1788 1734 1025 217 653 123 1597 143 128 644 336
internal_value=-2.3169e-05 0.00060024 0.00042964 -0.00500032 -0.00707619 -0.00983632 -0.000215655 -0.000778335 0.000139434 -0.00265398 0.000267123 0.0041593 -0.00130995 0.00753766 0.0100121 -0.000165311 -0.00126218 -0.00165107 0.000562837 0.00119598 2.30967e-05 -5.2538e-05 -0.00170634 -0.00833401 0.00450694 0.00564223 0.0163039 0.00370101 -0.00642082 -0.00614236
internal_weight=268725 63020 61036 1749 1566 1288 205705 79906 125799 5379 120420 3515 4741 2004 1589 1511 57596 47616 9980 9205 7417 4217 47505 870 278 1984 259 1725 775 710
internal_count=268725 63020 61036 1749 1566 1288 205705 79906 125799 5379 120420 3515 4741 2004 1589 1511 57596 47616 9980 9205 7417 4217 47505 870 278 1984 259 1725 775 710
is_linear=0
shrinkage=0.03


Tree=51
num_leaves=31
num_cat=0
split_feature=13 69 10 34 32 61 86 86 138 37 24 105 35 41 76 13 14 61 17 27 29 3 30 81 121 12 14 3 52 27
split_gain=30.3619 59.9757 72.256 85.682 74.1831 56.3081 52.7733 52.4985 49.4044 46.4846 47.4269 45.4274 44.587 48.1246 54.5365 56.0215 53.9712 45.1669 47.1469 44.7928 43.4834 39.3737 39.3368 38.1443 51.4986 43.9668 37.6341 37.3745 50.224 38.3107
threshold=0.9850931465625764 0.67666885256767284 1.0182828307151797 0.523637354373932 0.0049452197272330531 0.78723517060279857 -0.68333333730697621 0.58333334326744091 0.66318193078041088 0.89408811926841747 0.035559900104999549 0.31009615957736975 0.74828276038169872 -0.0023349295370280738 0.45000000298023229 1.1154526472091677 0.98864835500717174 0.95286852121353161 0.86086726188659679 0.069348156452178969 -0.0034632030874490734 0.010043020825833084 0.0048921906854957351 0.050000002607703216 0.3446576595306397 0.99840053915977489 1.0171913504600527 0.0082644955255091208 0.62122476100921642 0.033382987603545196
decision_type=8 10 10 10 10 8 2 2 10 10 10 2 8 10 2 10 8 10 10 10 10 10 10 2 10 10 10 10 10 10
left_child=1 6 27 11 7 23 -1 21 -9 10 -6 -4 13 14 17 16 -16 18 -7 22 -21 -5 -15 -2 -25 -26 -8 29 -29 -3
right_child=5 2 3 4 9 12 26 8 -10 -11 -12 -13 -14 19 15 -17 -18 -19 -20 20 -22 -23 -24 24 25 -27 -28 28 -30 -31
leaf_value=0.0015767014244927719 -0.0066626738751074301 0.0010651630939569926 -0.0063787978710163201 0.0044158742875844374 0 0 -0.0017160510557966513 -0.0017515957911036439 0.0096427910289785118 0.0042913775081531358 -0.021212831864410892 0.011579513194531229 0.0011084260680219063 0.00019010454373248251 -0.0020652711564712917 -0.0077189463121839644 0.0006338708313755793 -0.0011803736731429623 -0.013756081988529385 -0.0016729169129950764 0.0039191588754111046 -0.0044875253468082601 0.0064714602064649528 0.013880808286075975 -0.014578655908887203 0.0069811166758169136 -0.0051899284588101972 -0.01622256336323127 -0.0016535287699903935 -0.00066654281388525357
leaf_weight=2831 124 18718 106 728 153 417 9200 409 1217 136 262 1227 38715 48865 7721 785 47011 35354 516 1475 6129 1057 899 647 110 225 4343 204 9748 29736
leaf_count=2831 124 18718 106 728 153 417 9200 409 1217 136 262 1227 38715 48865 7721 785 47011 35354 516 1475 6129 1057 899 647 110 225 4343 204 9748 29736
internal_value=3.46149e-05 -0.000453598 -3.23361e-05 0.00331132 0.000995412 0.000243081 -0.00207213 0.00272419 0.00660796 -0.00890189 -0.0139136 0.00985656 0.000201329 -3.2198e-05 -0.000460034 0.000126232 0.00024701 -0.00136482 -0.00786794 0.000647146 0.00279353 -0.000681435 0.000312159 0.00693981 0.00905554 0 -0.00285819 -0.000341631 -0.00201419 0
internal_weight=269068 80075 63701 5295 3962 188993 16374 3411 1626 551 415 1333 187887 149172 91804 55517 54732 36287 933 57368 7604 1785 49764 1106 982 335 13543 58406 9952 48454
internal_count=269068 80075 63701 5295 3962 188993 16374 3411 1626 551 415 1333 187887 149172 91804 55517 54732 36287 933 57368 7604 1785 49764 1106 982 335 13543 58406 9952 48454
is_linear=0
shrinkage=0.03


Tree=52
num_leaves=31
num_cat=0
split_feature=33 37 1 56 0 126 38 39 143 39 5 88 112 61 40 139 86 53 38 56 79 35 21 121 39 41 39 51 0 30
split_gain=31.4676 42.1129 56.161 44.2361 79.3496 57.7137 51.4067 47.9061 50.2827 40.0206 35.6695 35.5377 34.2602 30.8853 30.851 30.6479 30.4526 46.2257 69.5059 35.7621 107.083 52.7536 42.5914 45.561 42.1449 43.7915 72.3777 39.8323 36.6049 45.9463
threshold=0.47297161817550665 0.72929561138153087 0.012916262261569502 0.98596763610839855 -0.0081723402254283411 0.27343747019767767 0.0052454101387411365 -0.023181347176432606 0.55040270090103161 -0.010191554669290779 0.01803607773035765 0.62527701258659374 -0.084926072508096681 1.0794860720634463 -0.0050859276670962563 0.82257539033889782 0.68333333730697643 1.0386230349540713 -0.019458783790469166 0.97156465053558361 0.55000001192092907 0.76464974880218517 0.86569494009017955 0.41052620112895971 0.025095363147556785 0.0078124455176293859 -0.016777375712990757 0.77602264285087597 -0.011498650070279835 0.0054094176739454278
decision_type=10 8 10 10 10 10 10 10 10 10 10 10 2 10 10 10 2 10 10 8 2 10 10 10 8 10 10 10 10 10
left_child=1 2 -1 4 9 6 -6 8 15 14 13 -3 -12 -9 -4 -5 19 18 -18 20 28 24 -22 -24 25 27 -27 -21 -2 -30
right_child=16 11 3 7 5 -7 -8 10 -10 -11 12 -13 -14 -15 -16 -17 17 -19 -20 21 22 -23 23 -25 -26 26 -28 -29 29 -31
leaf_value=0.00051638289704934964 0.0027795100139801779 0.00015081284975010525 0.0039680201478491106 -0.0088027080681325458 -0.0020714120928133598 -0.0036493948915602391 0.0052868655321016943 -0.001418015174393438 -0.011487649286601648 -0.0027442332548047376 -0.0041749924269210616 0.0029883302142400532 0.0058696444890091893 0.010464148214232409 0.013162138037802024 8.7357110372286652e-05 -0.014844762537583349 0.0057341815452968681 0.0010630647262054786 0.0063266172470893651 0.023876975749153644 0.0017183899211200937 -0.00038807857502752086 0.015266796689579622 -0.002849790447697825 0.0073626083314378525 0.00067461244917084017 -0.00044064157349866997 -0.0017651471649149926 -0.0072758813077184572
leaf_weight=25588 770 22619 915 438 1460 3091 1888 53467 842 313 363 4872 1143 172 682 1202 228 1932 21548 768 122 18317 460 215 4538 1524 30724 62660 3822 2304
leaf_count=25588 770 22619 915 438 1460 3091 1888 53467 842 313 363 4872 1143 172 682 1202 228 1932 21548 768 122 18317 460 215 4538 1524 30724 62660 3822 2304
internal_value=5.41489e-06 -0.000357547 -0.000668328 -0.00113237 0.00088475 -0.000670633 0.00199574 -0.00143002 -0.00552648 0.00623632 -0.00123826 0.000666394 0.00322895 -0.00137044 0.00819414 -0.00218367 0.000295639 0.00128286 0.000869273 0.000107663 -0.00186738 0.000238673 0.00831328 0.00446247 -2.90843e-05 0.000102137 0.00100434 -0.000352005 -0.00310801 -0.00390349
internal_weight=268987 119055 91564 65976 8349 6439 3348 57627 2482 1910 55145 27491 1506 53639 1597 1640 149932 23708 21776 126224 7693 118531 797 675 100214 95676 32248 63428 6896 6126
internal_count=268987 119055 91564 65976 8349 6439 3348 57627 2482 1910 55145 27491 1506 53639 1597 1640 149932 23708 21776 126224 7693 118531 797 675 100214 95676 32248 63428 6896 6126
is_linear=0
shrinkage=0.03


Tree=53
num_leaves=31
num_cat=0
split_feature=1 116 38 17 43 53 116 24 24 38 11 42 46 37 2 19 49 44 26 43 79 37 48 32 34 110 26 24 23 52
split_gain=35.611 54.814 44.7784 65.9737 48.9272 46.8371 43.1463 46.9969 37.4449 33.5248 66.8817 54.6346 48.9147 46.8845 45.9294 44.0776 54.1214 43.075 42.3145 38.2113 32.166 29.9492 29.753 29.5179 137.19 52.2671 55.6114 36.461 34.8648 41.2987
threshold=0.05543711036443711 0.34343452751636511 -0.016034382395446297 0.74457627534866344 1.077308773994446 1.1080738306045534 0.65703979134559642 0.055393589660525329 0.055393589660525329 -0.0026385249802842732 0.98382839560508739 -0.082752745598554597 1.1136509180068972 0.92022752761840831 -0.6153866946697234 0.95869031548500072 0.91203448176383983 1.0211012959480288 0.1037210449576378 1.0585123896598818 0.45000000298023229 0.89408811926841747 0.98130837082862865 0.0044649750925600537 0.56353273987770092 0.34166666865348821 0.058552775532007224 0.045077087357640273 0.01657821144908667 0.68416702747344982
decision_type=10 8 8 8 10 10 10 10 10 8 10 10 10 10 10 10 10 10 10 10 2 10 10 10 10 2 10 10 8 10
left_child=2 -2 3 4 21 9 7 -5 -8 10 11 -4 18 14 -14 17 -17 -12 22 -13 -9 -1 -11 28 25 26 -25 -26 -3 -30
right_child=1 23 5 6 -6 -7 8 20 -10 12 15 19 13 -15 -16 16 -18 -19 -20 -21 -22 -23 -24 24 27 -27 -28 -29 29 -31
leaf_value=-0.019590986767451385 0.0081623478152428007 -0.0073154576637505858 0.017271132641156813 -0.0035292922458202286 0.0040266717034505633 -0.011455104438083194 0.0093433280000310807 -0.00038186363280252661 -0.0064804912795839104 -0.00042400345466259501 -0.0075640194793044624 0.0037892004117673905 0.002196661853611608 0.0075343241775139222 -0.0018520730796267439 0.0042090084260688401 0.00022351773181578571 0.0013970341603854548 0.0087635156891915488 -0.005302855902949378 0.018613591352850199 0 0.00045520736103805206 0.0024335345056903028 0.0032755644468646216 -0.0033049597305184956 0.021770247143023169 -0.010089502351376676 -0.0077663564078960384 0.0015669775071109752
leaf_weight=394 1094 521 246 3918 103 301 515 109 141 76260 1224 4674 2695 499 27367 3196 73685 699 475 413 130 104 63377 243 248 118 472 442 443 4733
leaf_count=394 1094 521 246 3918 103 301 515 109 141 76260 1224 4674 2695 499 27367 3196 73685 699 475 413 130 104 63377 243 248 118 472 442 443 4733
internal_value=1.65612e-07 0.00193168 -6.04659e-05 -0.00275527 -0.012032 -1.88907e-06 -0.00148981 -0.00267071 0.00540728 1.1361e-05 0.000502512 0.00375201 -0.000229035 -0.00131613 -0.00147792 0.000277902 0.00039415 -0.00417147 6.09238e-06 0.00297442 0.00943158 -0.0159598 -2.28002e-05 0.000926209 0.00460881 0.0127724 0.0158517 -0.00490634 -1.84785e-05 0.000683607
internal_weight=268839 8314 260525 5414 601 255111 4813 4157 656 254810 84137 5333 170673 30561 30062 78804 76881 1923 140112 5087 239 498 139637 7220 1523 833 715 690 5697 5176
internal_count=268839 8314 260525 5414 601 255111 4813 4157 656 254810 84137 5333 170673 30561 30062 78804 76881 1923 140112 5087 239 498 139637 7220 1523 833 715 690 5697 5176
is_linear=0
shrinkage=0.03


Tree=54
num_leaves=31
num_cat=0
split_feature=29 20 56 114 44 38 34 28 57 27 28 116 19 71 16 20 61 13 34 46 138 42 1 52 26 46 41 49 12 138
split_gain=30.7929 44.1935 52.4746 54.7147 49.0602 43.9755 43.526 42.109 66.8578 39.5181 39.1052 41.5687 41.3661 46.0153 36.2677 35.9822 35.9399 66.1983 39.1147 37.7213 36.5134 34.6054 33.3782 33.328 32.6898 31.8562 31.5078 35.5474 31.3608 29.9269
threshold=-0.00018738250219030303 0.91094046831130993 0.99067574739456188 0.5540541708469392 1.0228329896926882 -0.0021671928698197003 0.43981735408306127 0.019402095116674904 1.0081446766853335 0.040899740532040603 -0.012878783512860535 0.54653525352478038 1.019079387187958 0.56521746516227733 1.1207981109619143 1.001598656177521 1.0532925724983218 1.1154526472091677 0.93846803903579723 1.1185031533241274 0.67585715651512157 0.066964544355869307 0.05543711036443711 0.8798503875732423 0.048329118639230735 1.0111857056617739 -0.018666527234017845 0.95642933249473583 0.99140295386314403 1.1261870265007021
decision_type=8 10 10 8 10 8 10 10 10 10 8 10 10 10 10 10 10 10 10 10 8 10 10 10 10 8 10 10 10 10
left_child=1 -1 21 16 -5 23 7 10 -9 -8 11 26 14 -14 25 -16 17 19 22 -4 -20 28 -18 -6 -19 -12 -2 -28 -3 -7
right_child=6 2 3 4 5 29 9 8 -10 -11 12 -13 13 -15 15 -17 18 24 20 -21 -22 -23 -24 -25 -26 -27 27 -29 -30 -31
leaf_value=-0.01235284020413098 -0.0072914624572726306 -0.0027337790861138669 -7.2605137617342315e-06 0 0.0069709233409114566 -0.0081133399709864117 0.00044568357364141735 0.012938791849824932 -0.0007269224248514437 -0.0010174496353683193 0.0023715004773947525 0.008963853468471698 -0.0066740836585188201 0.0035260947447547947 -0.0010277856965176762 0.0064853503678905453 0 0 -0.00044943901130975016 -0.0012583152916325478 0.012817537768123353 0.014861140869747987 0.0050458026594459842 -0.0052496739270530427 -0.017097493247151058 0.00032127758598336857 -0.0037168268585810434 0.014103558393848458 0.0066790012309568669 0
leaf_weight=256 313 486 88362 2915 401 2578 35470 636 553 30987 7934 1029 1355 503 730 1842 6113 101 226 28942 491 269 1448 349 297 52464 148 183 726 480
leaf_count=256 313 486 88362 2915 401 2578 35470 636 553 30987 7934 1029 1355 503 730 1842 6113 101 226 28942 491 269 1448 349 297 52464 148 183 726 480
internal_value=-1.06948e-05 -0.000332619 -0.000305613 -0.000370762 -0.00300729 -0.00524072 0.000309698 0.00084599 0.00642789 -0.000232122 0.000739776 0.00526499 0.000616781 -0.00374479 0.000751385 0.00424571 -0.000227226 -0.000363795 0.00167465 -0.000318648 0.00832999 0.00525924 0.00098365 0.000906012 -0.0123007 0.00059626 -0.000285334 0.00552306 0.00267796 -0.00684181
internal_weight=268587 134440 134184 132703 6723 3808 134147 67690 1189 66457 66501 1673 64828 1858 62970 2572 125980 117702 8278 117304 717 1481 7561 750 398 60398 644 331 1212 3058
internal_count=268587 134440 134184 132703 6723 3808 134147 67690 1189 66457 66501 1673 64828 1858 62970 2572 125980 117702 8278 117304 717 1481 7561 750 398 60398 644 331 1212 3058
is_linear=0
shrinkage=0.03


Tree=55
num_leaves=31
num_cat=0
split_feature=57 31 81 79 25 34 25 26 46 22 14 14 13 46 79 29 31 35 0 13 34 19 34 70 112 15 87 22 41 48
split_gain=31.268 36.0348 38.7668 64.7355 51.6911 45.4023 39.5633 37.9262 33.9 38.7697 60.9731 36.0971 49.5529 38.4265 37.0588 67.7643 44.299 34.1907 33.1955 35.1844 33.1844 30.261 27.924 23.2245 21.4818 19.8225 19.6527 19.6383 19.5573 19.3829
threshold=0.81709790229797374 0.009167332202196123 0.050000002607703216 0.15000000223517421 0.050094695761799819 0.096637822687625899 0.084642566740512862 0.12329636514186861 1.008789122104645 0.796705722808838 0.91677412390708934 0.92206308245658886 0.98475942015647899 1.0777531862258913 0.15000000223517421 0.0059814504347741613 0.0034199928632006053 0.46542491018772131 0.01539946533739567 0.94138559699058544 0.85284990072250377 0.9773203730583192 0.47836361825466162 0.69014033675193798 -1.0000000180025095e-35 0.85020738840103161 0.90833333134651195 0.80902975797653209 -0.0016502055805176494 0.93472346663475048
decision_type=8 10 2 2 10 10 10 10 8 8 8 8 8 10 2 10 10 8 10 10 10 10 8 10 2 10 2 10 10 10
left_child=18 8 4 7 21 -5 28 27 22 10 26 14 13 -13 16 -16 -11 -14 20 -20 -1 -3 25 -6 -8 -2 -10 -4 -7 -12
right_child=1 2 3 5 23 6 24 -9 9 11 29 12 17 -15 15 -17 -18 -19 19 -21 -22 -23 -24 -25 -26 -27 -28 -29 -30 -31
leaf_value=-0.0044349756903942963 -0.0014108334890446097 0.012562776055449667 -0.0032664285022392867 0.011773299263282255 -0.00044944290082769194 0.0058468779412118692 -0.0099144745114178433 0.021031731883232652 -0.01467890616786318 0.005740440984444665 0.011600987488058155 -0.00052791267150130016 -0.0003798858296065325 -0.0023894208592906739 0.016892276092833124 -0.0024541549238616387 0.00053496188659183665 0.00044706227268100112 -0.017723936536919224 0 0.011270184212766004 -0.0015387407568639166 0.00028920171200249234 -0.014814334455476974 0.00028010292458016754 0.0031393966400495282 0 0.0088049069281419829 -0.0033168847486193431 -0.0029362502652144087
leaf_weight=521 883 214 105 299 233 708 440 267 459 2873 147 37166 94215 13972 152 2529 3292 86057 266 109 133 247 15485 259 219 6526 121 499 234 102
leaf_count=521 883 214 105 299 233 708 440 267 459 2873 147 37166 94215 13972 152 2529 3292 86057 266 109 133 247 15485 259 219 6526 121 499 234 102
internal_value=-4.27482e-05 -2.13651e-05 0.00289944 0.00472001 -0.00207406 0.00139375 -0.000480984 0.0114451 -6.39223e-05 -0.000169785 -0.00657741 -0.000145881 -0.000218988 -0.00104312 0.00172893 -0.00112927 0.00302003 1.32188e-05 -0.00521329 -0.0121361 -0.000556356 0.00463378 0.00103695 -0.00888068 -0.00617631 0.00255438 -0.0119389 0.00618821 0.00323705 0.00475518
internal_weight=268732 267703 3724 2771 953 1900 1601 871 263979 241085 829 240256 231410 51138 8846 2681 6165 180272 1029 375 654 461 22894 492 659 7409 580 604 942 249
internal_count=268732 267703 3724 2771 953 1900 1601 871 263979 241085 829 240256 231410 51138 8846 2681 6165 180272 1029 375 654 461 22894 492 659 7409 580 604 942 249
is_linear=0
shrinkage=0.03


Tree=56
num_leaves=31
num_cat=0
split_feature=125 116 12 23 57 49 56 33 42 32 38 38 90 57 85 30 39 48 81 82 19 2 33 134 122 3 48 109 45 22
split_gain=28.1409 37.8247 57.779 45.4364 55.958 30.9954 60.2972 58.0919 38.9233 37.9611 43.0459 36.3291 40.1622 44.9594 39.5153 41.8572 38.0268 42.9642 65.5788 44.4386 41.2823 59.6739 38.1987 30.9221 30.2251 28.0984 51.7165 36.6088 35.6187 34.1936
threshold=0.48611135780811315 0.7073953151702882 1.0114403963088991 0.024465330876410011 0.88557571172714245 0.82702705264091503 0.95775219798088085 0.93260645866394054 0.052587660029530532 0.00016293202497763562 0.0008627240313217045 0.018301365897059444 -0.12230950966477393 1.220976769924164 0.62500000000000011 -0.0086477240547537786 0.025095363147556785 0.90699952840805065 0.45000000298023229 0.37500000000000006 0.95592910051345836 0.77551028132438671 0.5980077087879182 0.24562813341617587 0.33385215699672705 0.014625216834247114 0.90699952840805065 0.61250001192092907 1.0236011147499087 0.94586908817291271
decision_type=10 10 10 8 8 8 10 10 10 10 10 10 10 10 2 10 10 10 2 2 10 10 8 10 10 10 10 2 10 10
left_child=1 5 3 -3 -5 6 9 8 -8 -1 -11 16 13 -13 15 -14 20 18 -18 -19 21 -7 -22 -6 -4 27 -27 29 -29 -2
right_child=25 2 24 4 23 11 7 -9 -10 10 -12 12 14 -15 -16 -17 17 19 -20 -21 22 -23 -24 -25 -26 26 -28 28 -30 -31
leaf_value=0.0085264908206425117 -0.0036439405095830789 0.0021221440127770024 -0.019742359235148194 -0.0010843115484818727 0.023433346828214709 -0.0044072721148451077 0.0021925334396137872 -0.0064543014839624187 0.01698497970637677 0 -0.014969434686884345 -0.0041741438987979362 -0.0029420539530508479 0.0062159664047910556 -0.0023738710690234567 0.0074290845399928238 0.012096724011238834 -0.0061681760230478987 -0.0011350488348915318 -0.0011602541177559761 -0.00022394958416421774 0.0040220828158075541 0.00055221317386640084 0.0069270983853527658 0 -0.0048913275990387466 0.0073088602677825777 0.00058284916198262499 0.015582880374413969 6.581291485050896e-05
leaf_weight=217 6887 3675 122 232 246 3778 306 148 534 450 237 1246 353 501 554 2412 438 2501 1151 4928 128927 891 101977 324 168 450 827 1233 150 3074
leaf_count=217 6887 3675 122 232 246 3778 306 148 534 450 237 1246 353 501 554 2412 438 2501 1151 4928 128927 891 101977 324 168 450 827 1233 150 3074
internal_value=5.13116e-05 0.000120524 0.00276385 0.00366561 0.0101496 6.90231e-05 0.00387576 0.00896838 0.0121214 -0.00143903 -0.00516329 3.86644e-05 0.00254849 -0.000988086 0.00449462 0.00598569 -1.22971e-05 -0.00192296 0.0024308 -0.0028985 5.97291e-05 -0.0027244 0.000117556 0.0151122 -0.00952812 -0.00132853 0.00276922 -0.00182028 0.00262252 -0.0024712
internal_weight=268937 256316 4767 4477 802 251549 1892 988 840 904 687 249657 5066 1747 3319 2765 244591 9018 1589 7429 235573 4669 230904 570 290 12621 1277 11344 1383 9961
internal_count=268937 256316 4767 4477 802 251549 1892 988 840 904 687 249657 5066 1747 3319 2765 244591 9018 1589 7429 235573 4669 230904 570 290 12621 1277 11344 1383 9961
is_linear=0
shrinkage=0.03


Tree=57
num_leaves=31
num_cat=0
split_feature=125 46 15 29 81 11 31 51 26 82 54 67 17 39 49 81 39 15 22 76 1 35 13 26 17 53 51 58 114 9
split_gain=29.1878 44.939 42.1345 36.3658 45.0528 32.4697 44.2305 62.4272 50.7395 40.7269 35.254 38.1061 58.2902 40.3503 38.5311 38.149 35.2396 53.8069 35.0343 42.5907 35.6707 34.6902 33.8071 30.9594 29.5472 42.1297 28.491 34.8361 28.1612 48.3798
threshold=0.48611135780811315 1.0096175670623782 0.88034820556640636 0.0065047503449022779 0.28333334624767309 0.99614199995994579 0.0045217515435069808 0.87446653842926036 0.098440617322921767 0.50833332538604747 1.0856433510780337 0.033615820109844215 1.1522463560104372 -0.013609474990516899 0.82702705264091503 0.11666667088866235 -0.012362706009298561 0.90286073088645946 0.98173087835311901 0.083333335816860213 0.016971275210380558 0.83537641167640697 1.0517116785049441 0.022205268964171413 1.0612912178039553 0.99418297410011303 0.84318208694458019 0.97570499777793895 0.82588177919387828 0.97497257590293895
decision_type=10 8 8 10 2 10 10 10 10 2 10 8 10 10 10 2 10 8 10 2 10 10 10 10 8 10 10 10 10 10
left_child=1 2 -1 26 -5 10 7 16 9 -8 11 12 -3 15 -15 -13 17 -7 19 -9 -20 22 -12 -14 -6 -26 -4 -28 29 -2
right_child=28 5 3 4 24 6 8 18 -10 -11 21 13 23 14 -16 -17 -18 -19 20 -21 -22 -23 -24 -25 25 -27 27 -29 -30 -31
leaf_value=0.00699126473097099 -0.0098029949944457538 -0.00057019700584390483 -0.0032760443971821211 0.0022168731103408387 -0.006784022076805122 -0.0013435649139632683 -0.0012923279093803796 -0.0060704687554202141 0.0050916228952981903 -0.0086672150099463153 0.0069452979626232793 0.0032832189197069964 0.0041475946125057008 0.0068039075102440194 -0.00045364407165156848 0.00017794114823298395 0.0013778809169072879 0.013846021420486066 0.00079183183083413457 0.0022675560831456124 -0.00081119316366634673 0.0073061471959176543 -7.0122550785097046e-05 -0.005902737458715261 0.01030373992634017 -0.0088411732732658517 0.0041502102156784348 0.00094234248935364125 3.3414239770476303e-05 -0.0017493938030339656
leaf_weight=1158 772 8507 911 1353 1480 237 1806 540 571 1191 692 5155 250 637 130153 12166 937 748 31003 12484 20802 929 4105 3450 229 147 4745 9476 5976 5918
leaf_count=1158 772 8507 911 1353 1480 237 1806 540 571 1191 692 5155 250 637 130153 12166 937 748 31003 12484 20802 929 4105 3450 229 147 4745 9476 5976 5918
internal_value=-9.51126e-06 5.9001e-05 0.00144305 0.00106918 -0.0017786 -5.40206e-05 0.000484636 0.000662495 -0.00274433 -0.00436055 -0.000283977 -0.00036827 -0.00198125 -0.000233057 -0.000414969 0.00112214 0.00597687 0.00993875 0.000498518 0.00189007 0.000142293 0.00201694 0.000904255 -0.00512437 -0.00484375 0.00199282 0.00169445 0.00203808 -0.00141507 -0.00274991
internal_weight=268528 255862 19499 18341 3209 236363 70319 66751 3568 2997 166044 160318 12207 148111 130790 17321 1922 985 64829 13024 51805 5726 4797 3700 1856 376 15132 14221 12666 6690
internal_count=268528 255862 19499 18341 3209 236363 70319 66751 3568 2997 166044 160318 12207 148111 130790 17321 1922 985 64829 13024 51805 5726 4797 3700 1856 376 15132 14221 12666 6690
is_linear=0
shrinkage=0.03


Tree=58
num_leaves=31
num_cat=0
split_feature=37 12 52 18 33 26 102 14 15 40 82 13 47 29 39 33 14 31 0 26 41 36 68 52 15 37 86 87 85 102
split_gain=27.5577 61.4573 50.5946 53.0164 68.7191 48.0281 45.9658 43.6133 42.0178 40.6679 44.3527 45.3879 38.2523 61.4295 46.2573 38.1011 44.2399 65.2397 85.2506 56.236 42.7559 57.2703 51.6643 51.4581 76.904 59.8553 45.6907 41.1681 38.0847 50.4534
threshold=0.7325749695301057 0.98179239034652721 0.63883095979690563 1.0198744535446169 0.866335690021515 0.098440617322921767 0.63211598992347728 0.98148146271705639 1.066130578517914 -0.05670111067593097 0.14166667312383655 1.0417570471763613 1.092828154563904 -0.003725337795913219 0.02053729817271233 0.4933363944292069 0.91677412390708934 0.0032716112909838562 0.027596816420555118 0.02490958105772734 0.057177094742655761 0.07836733385920526 0.8048766851425172 0.65406939387321483 0.85020738840103161 0.5743684470653535 0.91666665673255932 -0.72499999403953541 0.82500001788139354 0.54110360145568859
decision_type=8 10 10 10 10 10 2 8 10 8 2 10 8 8 8 8 8 10 10 10 8 10 8 10 10 10 2 2 2 2
left_child=15 5 3 4 6 12 -3 -5 9 10 11 -4 -2 -14 -15 16 17 27 -19 -18 23 22 -22 24 25 -17 -25 -1 -11 -30
right_child=1 2 8 7 -6 -7 -8 -9 -10 28 -12 -13 13 14 -16 20 19 18 -20 -21 21 -23 -24 26 -26 -27 -28 -29 29 -31
leaf_value=-0.0041004761346682371 -0.00076259548171411112 -0.012761977510150138 0.013048230671337332 -0.0040398910962289479 0.0065482268759608272 0.023158513947162142 0.0024662919558526178 0.015844252445404567 -0.0010984999082191524 0.0010601509854154337 0.014451058746556684 -0.0037949439583116035 0.0021730930210145127 0.027558565226896408 0.0041367113831426291 0.0066640356739709541 4.072847443635644e-05 0.0026668066594683869 -0.012038332054800946 -0.0014382175820395046 0.019808869627760906 -0.004335126685125615 0.00035599761598807374 0.00017354269908250857 0.017223342953427652 -0.01906136360518634 0.0040404204858254652 0.011177068949958796 -0.0068359785504741042 0.00029701067565790203
leaf_weight=148 740 1000 187 163 230 121 171 166 11245 42021 400 425 774 187 189 198 43841 1823 419 48090 133 3667 811 103560 378 105 2817 929 1287 2581
leaf_count=148 740 1000 187 163 230 121 171 166 11245 42021 400 425 774 187 189 198 43841 1823 419 48090 133 3667 811 103560 378 105 2817 929 1287 2581
internal_value=2.3882e-06 0.000558803 0.000379214 -0.00462935 -0.00725482 0.00570183 -0.0102822 0.00546628 0.000534931 0.000933258 0.00686209 0.00112695 0.00419637 0.00760225 0.0173465 -0.000162617 -0.000604157 0.00276977 -3.09032e-05 -0.000729805 0.000211356 -0.00260355 0.00376202 0.00033586 0.00845218 -0.00195019 0.000279502 0.00876769 0.000793041 -0.00202214
internal_weight=268806 61887 59876 1730 1401 2011 1171 329 58146 46901 1012 612 1890 1150 376 206919 95250 3319 2242 91931 111669 4611 944 107058 681 303 106377 1077 45889 3868
internal_count=268806 61887 59876 1730 1401 2011 1171 329 58146 46901 1012 612 1890 1150 376 206919 95250 3319 2242 91931 111669 4611 944 107058 681 303 106377 1077 45889 3868
is_linear=0
shrinkage=0.03


Tree=59
num_leaves=31
num_cat=0
split_feature=33 5 42 67 96 56 17 7 55 35 29 61 45 53 82 32 1 24 17 123 137 33 7 49 7 27 7 12 55 61
split_gain=28.551 34.665 41.304 42.7493 34.1876 38.3556 35.5858 36.9342 45.0322 41.5531 36.4833 34.0673 34.0719 67.2863 33.5555 32.6703 31.4421 28.9353 29.6335 32.6115 27.2386 27.1067 33.5372 25.2421 24.5849 26.7843 24.469 24.3607 38.69 32.7613
threshold=0.61080908775329601 0.0018832578207366171 -0.0058549460954964152 0.16807910054922107 -0.060101605951786034 1.1510431170463564 1.063990652561188 0.050574777647852905 0.97110262513160717 0.52018409967422496 0.027280201204121116 1.0502429604530337 1.1253283023834231 1.0677099823951723 0.95833331346511852 -0.0010618611122481523 0.020289837382733825 0.017272784374654297 1.3062456846237185 -0.50000369548797596 0.55112144351005565 0.89569234848022472 -0.015055443625897167 0.95642933249473583 -0.048571452498435967 0.03471601381897927 -0.043137228116393082 1.0110524892807009 1.0001878738403323 1.060769319534302
decision_type=8 10 8 8 8 8 10 10 10 10 10 10 8 10 2 10 8 10 8 10 10 10 8 10 8 10 10 10 10 10
left_child=1 2 17 -4 5 -2 10 8 20 14 11 12 13 -6 -10 -11 -14 -1 19 -19 -8 22 -7 -21 -5 -26 -13 29 -29 -3
right_child=4 27 3 24 6 21 7 -9 9 15 -12 26 16 -15 -16 -17 -18 18 -20 23 -22 -23 -24 -25 25 -27 -28 28 -30 -31
leaf_value=0.0001818409943938785 0.00089414954588348989 -0.00054582538332558839 0.0038974321816575086 0.010306972684920765 0.00045852617367054806 0.012838865977831149 -0.010826290698303771 0.013694838992141137 -0.001083801781710489 0.0015071059800926122 -0.0073883927087902345 -0.0049351396420254153 -0.0062721329647034557 0.011264594103680093 -0.0048629297655999508 -0.002687879279415455 -0.00039564812720727435 0.0010129784671219894 0.0037795242714902702 -0.00052102583544045634 0.0024949251961273451 0.00025850225247665598 0.0028734900164684414 -0.005487793063202075 0.0014395396338408419 -0.0005887815272863677 0.008082348785148314 0.0028535831113207554 -0.0041345554535963443 0.0058188141401845587
leaf_weight=11766 27136 97399 4255 216 60913 613 628 131 9853 7974 513 110 1221 506 2813 2059 2794 1365 607 1460 124 822 810 3388 12572 10690 814 818 3638 706
leaf_count=11766 27136 97399 4255 216 60913 613 628 131 9853 7974 513 110 1221 506 2813 2059 2794 1365 607 1460 124 822 810 3388 12572 10690 814 818 3638 706
internal_value=-1.11294e-05 -0.000289624 0.000387518 0.00112474 0.000332356 0.00122143 4.00449e-05 -0.000957783 -0.00106402 -0.000806257 0.000396594 0.000463506 0.000376867 0.000556073 -0.0019531 0.000612723 -0.00227932 -0.000696421 -0.00225158 -0.00289917 -0.00823338 0.00500206 0.00749272 -0.00406194 0.000606574 0.000494839 0.00614313 -0.000598378 -0.00277768 -0.000495789
internal_weight=268714 148880 46319 27733 119834 29381 90453 23582 23451 22699 66871 66358 65434 61419 12666 10033 4015 18586 6820 6213 752 2245 1423 4848 23478 23262 924 102561 4456 98105
internal_count=268714 148880 46319 27733 119834 29381 90453 23582 23451 22699 66871 66358 65434 61419 12666 10033 4015 18586 6820 6213 752 2245 1423 4848 23478 23262 924 102561 4456 98105
is_linear=0
shrinkage=0.03


Tree=60
num_leaves=31
num_cat=0
split_feature=38 11 39 52 84 25 50 24 72 27 55 46 54 91 54 62 13 45 58 114 29 44 50 49 12 50 36 39 151 42
split_gain=32.5784 56.3291 54.8312 53.8249 47.0087 45.115 52.0518 44.4572 42.3976 39.874 40.4881 37.9626 37.1413 36.9465 35.7419 42.0059 33.6702 65.5485 56.3334 66.3799 43.6392 54.8197 40.2598 39.4327 44.554 37.9477 55.8463 35.6831 38.1561 36.8226
threshold=-0.0012903000460937617 0.9832536280155183 -0.0044462259393185368 0.59931728243827831 0.55000001192092907 0.030147039331495765 0.82554900646209728 0.011822028085589411 0.85042145848274242 0.076895646750926985 1.0121317505836489 1.2629104256629946 1.0383892655372622 0.42513656616210943 0.97668275237083446 0.86057838797569286 0.98366388678550731 1.0697129368782046 0.97980427742004406 0.67577463388443004 -0.006529302103444933 1.0196078419685366 0.70271128416061412 0.80517792701721203 0.97512963414192211 0.90868186950683605 0.81396800279617321 0.042240699753165252 0.41506029665470129 0.11331094801425935
decision_type=10 8 10 8 2 8 10 10 10 10 10 10 10 10 10 10 8 10 10 10 10 10 10 10 10 10 10 10 10 10
left_child=1 2 5 8 -4 12 -7 9 -3 -5 -11 14 -1 -8 -9 -16 17 22 19 -18 -19 -22 -2 24 -24 26 -21 29 -29 -25
right_child=16 3 4 7 -6 6 13 11 -10 10 -12 -13 -14 -15 15 -17 18 20 -20 25 21 -23 23 27 -26 -27 -28 28 -30 -31
leaf_value=-0.00059317965045154678 -0.011269543026130469 0 0.0069417944529724411 0.001020548432940826 0.00030647279182479395 -0.0039904184047291893 0.001684728449286837 -0.0061584088451266724 -0.020135902895560959 -0.0013050102884819711 0.013775480216012692 0.0043998767517124775 -0.0133215862662882 0.011345843866594032 0.0016515041484894077 -0.00046339905831058143 0.0011606411093598463 0.0026573395659624821 -0.00023289326153009437 0.019365985437797811 -0.0010681269010057272 -0.0080078546591373385 -0.0011256707104621456 -0.00055959123150339069 0.014774370521030188 0.0028791718596200408 -0.00048362414137675209 0.015679928217110978 0.0010098036593903523 -0.0063680200030202076
leaf_weight=626 295 121 3200 30931 1511 816 1221 895 189 193 423 1586 336 554 9702 63315 9788 663 100593 435 1846 2663 244 33688 303 645 136 219 650 1006
leaf_count=626 295 121 3200 30931 1511 816 1221 895 189 193 423 1586 336 554 9702 63315 9788 663 100593 435 1846 2663 244 33688 303 645 136 219 650 1006
internal_value=4.40384e-06 0.000385614 0.00277202 0.000198637 0.00488729 0 0.00201734 0.000238634 -0.011881 0.00118515 0.00868643 -0.000153105 -0.00552513 0.00496003 -0.000256024 -0.000177902 -0.000281396 -0.00100994 -7.14761e-06 0.00202597 -0.00417243 -0.00525021 -0.000550369 -0.000448305 0.00736322 0.00861709 0.0142742 -0.000580958 0.00531392 -0.000740228
internal_weight=268793 115619 8264 107355 4711 3553 2591 107045 310 31547 616 75498 962 1775 73912 73017 153174 41577 111597 11004 5172 4509 36405 36110 547 1216 571 35563 869 34694
internal_count=268793 115619 8264 107355 4711 3553 2591 107045 310 31547 616 75498 962 1775 73912 73017 153174 41577 111597 11004 5172 4509 36405 36110 547 1216 571 35563 869 34694
is_linear=0
shrinkage=0.03


Tree=61
num_leaves=31
num_cat=0
split_feature=28 35 28 49 9 59 37 70 15 98 71 47 137 24 11 32 26 16 73 58 16 14 84 50 25 49 17 39 128 54
split_gain=25.4411 47.2097 35.8866 40.7243 42.7961 34.8975 33.2449 32.166 44.2415 38.5306 61.3133 31.3091 26.847 28.5561 58.5442 51.7388 44.8905 43.1034 40.7353 28.3374 27.6995 47.7402 39.54 39.4075 39.5424 35.0257 45.2318 34.8263 46.5694 35.3717
threshold=-0.031729871407151215 0.83897969126701366 -0.016712787561118599 0.95642933249473583 1.0061195492744448 1.0647348761558535 0.77984976768493663 0.060606282204389579 0.99850729107856762 0.29166667163372045 0.018182069994509224 1.1667985916137698 0.34640881419181829 0.030660744756460193 0.98363813757896434 0.0040938120801001796 0.087425589561462416 0.70843112468719494 0.30000000447034841 1.0029818415641787 0.72948259115219127 0.89858493208885204 0.84999999403953563 0.81484875082969677 0.041755700483918197 0.82702705264091503 0.85134196281433117 0.042240699753165252 0.75544932484626781 0.97887983918190014
decision_type=8 10 8 10 10 10 10 10 8 2 10 10 8 10 10 10 10 8 10 10 10 8 2 10 8 10 10 10 10 8
left_child=1 5 3 6 -5 -1 -2 9 11 -6 -11 -9 20 17 19 16 -16 -14 -17 -15 21 22 -4 -23 -25 26 -22 29 -29 -27
right_child=2 -3 12 4 7 -7 -8 8 -10 10 -12 -13 13 14 15 18 -18 -19 -20 -21 25 23 -24 24 -26 27 -28 28 -30 -31
leaf_value=-0.013393398277933035 0.0035248582400498967 0.0068857682437043297 -0.016415271396025902 -0.0028168274862865749 -0.0016639426651119083 -0.00033088118512301874 0.014889063434326088 0.0017316709999362408 0.0081728330772349849 0.017953642042743603 -0.0024308319229603514 -0.014958922152097027 0.0092097606354577827 0.0007271555566542901 -0.002166954588499314 -0.013463137696247292 0.0043193633567662959 0.00030887176423883184 -0.0036245261393537428 0.010032040074748524 -0.00032404884880865429 0.014255283607346732 0 -0.00050574292634500222 -0.014897341481062457 -0.0025709224464329698 0.010482413177492423 0.010871602430106386 0 -0.00031761649250754733
leaf_weight=458 1041 211 382 1820 1897 381 340 411 1429 238 220 106 474 6139 7042 582 1068 140123 1465 299 688 117 225 1588 181 6779 593 550 868 91110
leaf_count=458 1041 211 382 1820 1897 381 340 411 1429 238 220 106 474 6139 7042 582 1068 140123 1465 299 688 117 225 1588 181 6779 593 550 868 91110
internal_value=-3.07169e-06 -0.00462067 1.42583e-05 0.00205794 0.000941192 -0.00795661 0.00670945 0.00260653 0.00544454 0.000108994 0.00784234 -0.0015614 -4.36489e-05 0.00020179 -0.000969728 -0.00239666 -0.00126735 0.000342319 -0.00667016 0.00123549 -0.000420804 -0.00354472 -0.0107707 -0.000973046 -0.00229603 -0.000339709 0.00453212 -0.000406473 0.00420749 -0.00047722
internal_weight=268825 1050 267775 7502 6121 839 1381 4301 1946 2355 458 517 260273 157192 16595 10157 8110 140597 2047 6438 103081 2493 607 1886 1769 100588 1281 99307 1418 97889
internal_count=268825 1050 267775 7502 6121 839 1381 4301 1946 2355 458 517 260273 157192 16595 10157 8110 140597 2047 6438 103081 2493 607 1886 1769 100588 1281 99307 1418 97889
is_linear=0
shrinkage=0.03


Tree=62
num_leaves=31
num_cat=0
split_feature=46 38 13 54 11 21 26 44 108 17 34 39 122 127 31 154 14 29 121 125 52 14 24 31 28 24 23 41 36 39
split_gain=35.3201 39.0363 51.1049 40.6439 39.08 42.151 36.9414 38.9442 46.6539 45.5922 42.943 36.6803 35.6215 34.7673 40.6933 43.1078 33.0491 57.4417 32.2493 46.306 31.0872 61.8694 44.6685 30.5654 30.2184 29.9509 29.5185 53.8639 44.6502 29.3948
threshold=1.0083910822868349 -0.0013539693900384007 0.98652848601341259 0.98375055193901073 0.97971671819686901 0.89340761303901683 0.069538675248622908 1.051608741283417 1.0000000180025095e-35 0.7078310251235963 0.69967573881149303 0.035639274865388877 0.32258054614067083 0.32812996208667761 0.006084578577429057 -0.043990110978484147 1.0472522377967837 -0.0072431631851941338 0.29536549746990209 0.49778720736503607 0.71214130520820629 0.89858493208885204 0.043855672702193267 0.0018664074013940992 -0.031729871407151215 0.045077087357640273 0.02226597256958485 0.030125821940600876 0.78366678953170787 0.014864940196275713
decision_type=10 8 8 10 10 10 10 10 2 10 10 10 10 10 10 10 8 10 8 10 10 10 10 10 8 10 10 10 10 10
left_child=-1 3 13 4 29 -6 7 -5 9 -9 -10 18 -8 16 -15 -16 20 -18 -4 24 21 -3 -22 -7 -20 -17 27 -14 -28 -2
right_child=1 2 11 6 5 23 12 8 10 -11 -12 -13 26 14 15 25 17 -19 19 -21 22 -23 -24 -25 -26 -27 28 -29 -30 -31
leaf_value=0.0011416965332208357 -0.0032672106217716346 -0.016351853936682752 0.0041530480030783712 0.00064880433433679382 -0.013106016454723314 -0.0057223214609307587 -0.0045381316981535106 0.0038497476945700271 -0.0049793679669363411 -0.00056014921336576973 0.0021496493441356848 0.0051647922700791158 -0.00061555897674781955 -0.0012184947626021298 -0.0018896292575248856 0.018192397972005746 0.002514079836017283 -0.010848204858469306 -0.0072031547336842512 -0.009436353895791413 -0.0014487847511047132 -0.0020590094174312433 0.0050798163087239796 0.0027978785639656912 -0.00014396361279783864 0 0.0025053836007143996 0.0084495914011298856 0.010039576784616236 0.0088782607177664806
leaf_weight=22808 297 356 1506 69770 482 1024 564 2306 3550 22221 888 1153 3045 761 185 324 376 851 531 471 27472 1273 939 526 100385 107 2425 699 1101 339
leaf_count=22808 297 356 1506 69770 482 1024 564 2306 3550 22221 888 1153 3045 761 185 324 376 851 531 471 27472 1273 939 526 100385 107 2425 699 1101 339
internal_value=1.18942e-05 -9.17516e-05 -0.000430562 0.000329462 -0.00330137 -0.00537314 0.000423779 0.00026279 -0.000656485 -0.000130516 -0.00348238 -0.000102445 0.00240875 -0.00146648 0.00309318 0.00876228 -0.00167872 -0.00653826 -0.000165376 -0.000233286 -0.00146604 -0.00552492 -0.00121904 -0.00264106 -0.0001855 0.0138807 0.00299981 0.00103309 0.00498591 0.00282255
internal_weight=268735 245927 136690 109237 2668 2032 106569 98735 28965 24527 4438 104046 7834 32644 1377 616 31267 1227 102893 101387 30040 1629 28411 1550 100916 431 7270 3744 3526 636
internal_count=268735 245927 136690 109237 2668 2032 106569 98735 28965 24527 4438 104046 7834 32644 1377 616 31267 1227 102893 101387 30040 1629 28411 1550 100916 431 7270 3744 3526 636
is_linear=0
shrinkage=0.03


Tree=63
num_leaves=31
num_cat=0
split_feature=120 126 10 23 29 38 46 123 49 27 44 83 34 38 57 56 13 65 52 38 81 113 80 27 65 15 65 36 10 62
split_gain=25.9537 40.5178 48.8837 44.4255 49.0369 31.1402 50.3935 75.761 44.5721 43.3827 45.495 45.7164 58.3353 39.9838 50.9697 38.9253 38.9135 71.4761 67.6467 39.6272 38.4115 40.3845 36.7497 34.9744 34.3057 31.3159 31.2012 27.2082 32.6865 28.7947
threshold=0.254555493593216 0.4145002961158753 1.0443190932273867 0.022754441946744922 0.011795569676905872 -0.0026385249802842732 1.0739795565605166 0.24137959629297259 0.80517792701721203 0.076895646750926985 1.051608741283417 -0.50000001490116108 0.60975939035415661 0.017243275418877605 1.0207418799400332 0.9152820110321046 0.94634371995925914 0.87171053886413585 0.70528191328048717 -0.012974045705050228 0.75000000000000011 0.81545174121856701 0.32500000298023229 0.062170490622520454 0.68585526943206798 0.88399702310562145 0.73431372642517101 0.54265645146369945 1.0174430012702944 0.91393235325813305
decision_type=8 10 10 8 10 8 8 10 10 10 10 10 10 10 8 10 10 10 10 10 2 10 2 10 10 8 8 8 10 10
left_child=27 5 3 -3 -5 9 8 13 -7 10 -2 24 -13 14 -8 23 -11 19 -19 -18 26 -22 -15 -10 -12 -17 -9 28 29 -1
right_child=1 2 -4 4 -6 6 7 20 15 16 11 12 -14 22 -16 25 17 18 -20 -21 21 -23 -24 -25 -26 -27 -28 -29 -30 -31
leaf_value=-0.0032698128721482898 0.00063732340507880933 0.0015887557428454371 -0.014702224897013769 0.012434263283811023 -0.00088705041109808256 0.016699541985836563 -0.0033907932958258166 -0.0081582841352113526 0 0.0059186169281492656 9.7581910181096216e-06 -0.004383849891112796 0.00031969748196516122 0.0084131098186195474 -0.0003294550107802024 0.0036020862596094962 -0.00066553942791296834 -0.016820495031893784 -0.00046993801282914908 0.0032159021124746534 -0.0031273991027021436 0.0022887232410488748 0.00092097840292063157 -0.021321067898534239 0.013613866995581808 9.2497179414992051e-05 -0.0030266784076924641 -0.0021329573665454481 0.0085947030117204826 0.0035277820076140948
leaf_weight=1241 51737 3684 115 797 296 127 5522 1983 104 1962 11576 5925 3758 745 45318 2333 3219 330 773 7803 3999 1712 3172 124 150 96342 2991 9502 433 982
leaf_count=1241 51737 3684 115 797 296 127 5522 1983 104 1962 11576 5925 3758 745 45318 2333 3219 330 773 7803 3999 1712 3172 124 150 96342 2991 9502 433 982
internal_value=-1.77307e-05 4.53572e-05 0.00274398 0.00328606 0.00860601 -6.11381e-06 -0.000250295 -0.000896889 0.00017406 0.000450787 0.00015252 -0.00100456 -0.00253058 -0.000439104 -0.000669064 0.000146435 0.00197584 0.00130445 -0.00584135 0.002056 -0.00320965 -0.00144913 0.00245766 -0.011706 0.000232208 0.000179228 -0.00515706 -0.00137174 0.00123505 -0.000128576
internal_weight=268755 256597 4892 4777 1093 251705 164472 65442 99030 87233 73146 21409 9683 54757 50840 98903 14087 12125 1103 11022 10685 5711 3917 228 11726 98675 4974 12158 2656 2223
internal_count=268755 256597 4892 4777 1093 251705 164472 65442 99030 87233 73146 21409 9683 54757 50840 98903 14087 12125 1103 11022 10685 5711 3917 228 11726 98675 4974 12158 2656 2223
is_linear=0
shrinkage=0.03


Tree=64
num_leaves=31
num_cat=0
split_feature=25 28 72 53 39 80 76 87 18 39 58 119 33 57 24 61 3 42 58 81 45 49 27 19 141 13 54 76 110 138
split_gain=22.6656 24.7584 39.4139 41.1272 33.2307 32.6268 34.1688 29.0352 27.707 30.3418 46.8617 82.6778 64.495 47.6757 36.8139 30.3385 27.8181 43.4814 61.7596 39.0767 48.1666 36.9159 31.4883 27.435 26.0926 30.3769 29.9501 25.7785 28.5648 25.416
threshold=0.01236047223210335 -0.011273987125605343 0.63551411032676708 1.0362259745597842 0.0014895125641487541 0.17500000447034839 0.88333332538604747 0.82499998807907116 1.0225397944450381 -0.012607447803020476 0.97483345866203319 0.25331149995327001 0.14674138277769092 1.1144052147865298 0.070405155420303359 0.81931218504905712 0.0069444607943296441 0.10623956844210626 0.98043665289878856 0.050000002607703216 1.148584842681885 0.82702705264091503 0.038014737889170654 1.0394800305366518 0.94098263978958141 1.0334981083869936 1.0400756597518923 0.71666666865348827 0.24264705926179889 0.92217165231704723
decision_type=10 10 10 10 10 2 2 2 10 10 10 10 10 10 10 10 10 10 10 2 10 10 10 10 8 8 10 2 2 10
left_child=-1 2 4 -4 24 6 7 -5 9 10 14 12 -12 -13 -3 -10 19 18 -18 20 -11 -21 -19 27 25 26 -2 -17 -29 -25
right_child=1 8 3 5 -6 -7 -8 -9 15 16 11 13 -14 -15 -16 23 17 22 -20 21 -22 -23 -24 29 -26 -27 -28 28 -30 -31
leaf_value=0.00065803237086490022 0 -0.011308535473033399 -0.0026297993683221106 0.0015877142000986098 0.0036976128814437143 0.010104682648331316 0.0093049253718550939 -0.01188295370010393 0.0093543340265750882 -0.0012898503933366685 -0.00069476896557221562 -0.00015589222261815254 0.0086300502947040045 0.0043184020598997196 0.00029995390614790697 -0.0047258798166149056 0.00072357344880959911 0.0063992844074866146 -0.0015996116002675001 0.0056081284295414107 -0.014292714126130795 3.9285836368245101e-05 -0.0076877746002236135 -0.0019902630494336286 0.00064305493462347258 -0.0011360218608254498 -0.014821620349950404 0.0015873887133768501 -0.0073599677519135005 0.0046330486262552116
leaf_weight=36631 151 478 577 713 2260 988 419 155 178 14363 889 17093 2090 2415 389 3946 15779 122 28879 1063 247 117487 1267 1266 11096 4740 287 1427 389 835
leaf_count=36631 151 478 577 713 2260 988 419 155 178 14363 889 17093 2090 2415 389 3946 15779 122 28879 1063 247 117487 1267 1266 11096 4740 287 1427 389 835
internal_value=-3.37904e-05 -0.00014437 0.000824526 0.0041033 0.000299943 0.00594974 0.00242474 -0.000693381 -0.000244252 -0.000173968 0.000839241 0.00111634 0.00576121 0.000386498 -0.00587257 -0.00197273 -0.000307761 -0.000943862 -0.00077209 -8.54341e-05 -0.00154942 9.26876e-05 -0.00616428 -0.00229029 -0.000157446 -0.00192644 -0.00940208 -0.00336495 -0.000225096 0.000519462
internal_weight=268619 231988 21386 2852 18534 2275 1287 868 210602 202561 23354 22487 2979 19508 867 8041 179207 46047 44658 133160 14610 118550 1389 7863 16274 5178 438 5762 1816 2101
internal_count=268619 231988 21386 2852 18534 2275 1287 868 210602 202561 23354 22487 2979 19508 867 8041 179207 46047 44658 133160 14610 118550 1389 7863 16274 5178 438 5762 1816 2101
is_linear=0
shrinkage=0.03


Tree=65
num_leaves=31
num_cat=0
split_feature=29 32 28 40 31 13 41 30 57 22 29 0 49 3 34 113 40 57 82 113 40 33 118 29 3 27 36 30 61 87
split_gain=28.9633 53.59 49.3966 29.5832 28.8728 41.7549 74.2738 44.586 44.8752 41.2625 38.4795 38.2784 31.0968 52.0717 73.8472 71.2639 34.7064 53.2723 32.9389 30.5619 27.2123 25.9871 25.7312 24.1523 31.2729 21.8337 22.7877 20.5345 20.093 16.8494
threshold=-0.015378217678517101 0.0030394076602533464 -0.031729871407151215 -0.087533500045537935 0.009167332202196123 0.99556365609169017 -0.0025773856323212381 0.0066161111462861308 0.93875637650489818 0.796705722808838 0.0095020243898034113 0.035502986982464797 0.82702705264091503 0.011910426896065475 0.70687431097030651 0.80434778332710277 0.036603847518563278 0.88557571172714245 0.025000001303851608 0.86764690279960643 0.011198162101209165 0.68854188919067394 0.27631600201129919 -0.0014586958568543194 0.013318139128386976 0.05463222227990628 0.80754208564758312 0.0078940386883914488 1.0342120528221133 -0.9583333134651183
decision_type=8 10 8 10 10 10 10 10 10 8 10 10 8 10 10 10 10 8 2 10 10 10 10 10 10 10 10 10 10 2
left_child=1 3 -2 -1 9 7 23 8 -6 10 20 19 13 15 -15 -11 17 -14 -18 -9 -4 -3 -13 27 -25 -12 -27 -7 -5 -30
right_child=2 21 4 28 5 6 -8 11 -10 12 25 22 16 14 -16 -17 18 -19 -20 -21 -22 -23 -24 24 -26 26 -28 -29 29 -31
leaf_value=-0.004076218049588215 -0.0095209366259285545 -0.011862876253866407 -0.0034259341225071353 7.2903397133347207e-05 0.020920748453407377 0.0044401212687310027 0.029919671081468341 -0.0021721402924757684 0.00068036389097364406 -0.00032070646227059483 9.0961793885488095e-05 -0.015551082094682181 0.007231234605111987 0.010374902833882772 -0.011254930425624589 0.013421951386740202 -0.0084914842770696611 1.6137658444543926e-05 -0.0011971815825952406 0.0056895414790478042 0.012522084665055689 0.00069654037410361782 0 0.0016557384710671457 0.014159469158899665 -0.01106748350993933 0 -0.010087006868108052 -0.00044330219776990513 0.0080934022917738269
leaf_weight=263 471 269 152 547 156 132 101 1350 304 553 242 233 905 193 373 715 585 244017 11874 633 158 216 101 539 319 852 271 150 160 1691
leaf_count=263 471 269 152 547 156 132 101 1350 304 553 242 233 905 193 373 715 585 244017 11874 633 158 216 101 539 319 852 271 150 160 1691
internal_value=1.87904e-05 0.0028717 -1.41136e-05 0.00460865 2.37439e-06 0.00252079 0.00706265 0.000347856 0.00875519 -3.54525e-05 -0.00470112 -0.00125355 -3.78619e-06 0.00386625 -0.00326507 0.00728367 -3.28264e-05 4.46109e-05 -0.00157678 0.00021939 0.00405961 -0.00586928 -0.0103643 0.00429804 0.00686289 -0.00693724 -0.00868933 -0.00244998 0.00571106 0.0071983
internal_weight=268525 3146 265379 2661 264908 4018 1241 2777 460 260890 1675 2317 259215 1834 566 1268 257381 244922 12459 1983 310 485 334 1140 858 1365 1123 282 2398 1851
internal_count=268525 3146 265379 2661 264908 4018 1241 2777 460 260890 1675 2317 259215 1834 566 1268 257381 244922 12459 1983 310 485 334 1140 858 1365 1123 282 2398 1851
is_linear=0
shrinkage=0.03


Tree=66
num_leaves=31
num_cat=0
split_feature=38 46 123 42 58 57 12 124 45 76 10 12 50 27 59 62 126 49 46 12 54 1 38 17 34 114 86 44 42 35
split_gain=26.6382 43.2648 61.6775 39.0852 47.3115 41.6952 65.0308 59.8574 44.9627 38.3615 43.5702 39.0935 35.6204 34.0079 34.8644 33.9706 33.3744 50.7595 34.3036 32.1987 47.062 44.138 47.8382 67.05 52.3627 42.8473 38.2301 35.7887 39.679 35.0905
threshold=-0.00092451207456178952 1.0739795565605166 0.23529396206140521 0.032753061503171928 0.98199132084846508 1.0166667103767397 0.98398312926292431 0.16279064863920215 1.0866198539733889 0.41666667163372045 1.0318589806556704 0.98881137371063244 0.70271128416061412 0.11268211528658868 0.9421154558658601 0.96000000834465038 0.19999975711107257 0.82702705264091503 1.0107949376106264 0.99387043714523327 0.98148015141487133 0.060223892331123359 -0.018076949752867218 0.75244280695915233 0.26966060698032385 0.67577463388443004 0.91666665673255932 1.0079444050788882 -0.082752745598554597 0.34448662400245672
decision_type=10 10 10 10 10 10 10 10 10 2 10 10 10 10 10 10 10 10 10 10 8 10 8 8 10 10 2 8 8 8
left_child=19 12 3 5 -5 6 8 -8 -3 10 -7 -11 -2 16 -15 -4 17 -14 -19 27 25 22 23 24 -22 -21 -24 -1 -29 -23
right_child=1 2 15 4 -6 9 7 -9 -10 11 -12 -13 13 14 -16 -17 -18 18 -20 20 21 29 26 -25 -26 -27 -28 28 -30 -31
leaf_value=0.0070221117978595815 -0.0094499068979382369 -0.0036355694658281707 -0.0059087732323266683 0.0085055414977163041 4.9140272173291644e-06 -0.0010740037296916736 -0.006886411929778612 0.0026048541161194242 0.018565570630306252 -0.0045264575486765471 0.0078122095317377828 0.0018103995489544545 0.017598442303698589 0.013502927925156685 0.00095110814589720153 -0.0018370778897564789 -0.00077526621638524798 0.0023085191648857975 0.00019564041248889072 0.0025542632865211915 0.0024547410757060498 -0.001052832186610004 0.0002811905285744956 -0.0013477228223083473 -0.018306575842127731 -0.0064458699830518438 0.0038978683367337274 0.014264997824159735 0.00052441216486546506 0.0070298097530173079
leaf_weight=1266 324 101 2846 913 1795 29704 2761 698 171 926 478 9297 137 328 613 6274 25289 7944 56365 591 111 609 105403 3215 386 1691 2696 182 4318 1529
leaf_count=1266 324 101 2846 913 1795 29704 2761 698 171 926 478 9297 137 328 613 6274 25289 7944 56365 591 111 609 105403 3215 386 1691 2696 182 4318 1529
internal_value=3.69493e-05 -0.000233812 -0.000890879 -0.000443365 0.00302221 -0.000664065 -0.00369894 -0.00488095 0.00961 -0.000374712 -0.000918257 0.0011994 0.000167087 0.000206834 0.00582838 -0.00315067 0.000143256 0.000508472 0.000461941 0.000365567 0.00025392 0.000342082 0.000257172 -0.00307363 -0.0131739 -0.00398272 0.00037487 0.00255563 0.00120717 0.00460007
internal_weight=268961 146964 55964 46844 2708 44136 3731 3459 272 40405 30182 10223 91000 90676 941 9120 89735 64446 64309 121997 116231 113949 111811 3712 497 2282 108099 5766 4500 2138
internal_count=268961 146964 55964 46844 2708 44136 3731 3459 272 40405 30182 10223 91000 90676 941 9120 89735 64446 64309 121997 116231 113949 111811 3712 497 2282 108099 5766 4500 2138
is_linear=0
shrinkage=0.03


Tree=67
num_leaves=31
num_cat=0
split_feature=28 72 7 61 62 52 41 22 121 141 25 42 26 73 108 43 41 49 22 39 14 28 40 24 124 31 77 38 40 111
split_gain=31.3086 42.9173 38.0414 45.1387 39.7926 56.3931 36.4335 34.2567 31.3772 33.6463 27.9718 28.2806 45.791 34.0804 27.3978 26.8477 57.4687 78.4261 67.8216 35.5022 47.4314 48.3028 33.9297 43.2557 35.1094 33.0188 27.668 43.6406 42.3855 26.5629
threshold=-0.011273987125605343 0.57291683554649364 -0.031257804483175271 0.96206840872764599 0.83167225122451793 0.78717049956321727 -0.023901196196675297 0.93121013045310985 0.72566387057304393 0.94098263978958141 0.01236047223210335 -0.12743758410215375 0.069538675248622908 0.5000000149011613 -0.63333335518836964 1.0514379143714907 0.017022275365889076 0.98130092024803173 0.90484991669654857 -0.013609474990516899 1.024028539657593 0.013921368867158892 0.003943459829315544 0.042807841673493392 0.73494002223014843 0.0016639789100736382 0.091666668653488173 -0.016034382395446297 -0.02818802464753389 0.26491229236125952
decision_type=8 10 10 10 10 10 10 10 10 10 8 8 10 10 2 8 10 8 8 8 8 10 10 10 10 10 2 8 8 2
left_child=1 8 3 29 -4 7 -7 -6 9 -1 -2 12 13 -12 -10 19 17 25 -19 20 21 -13 23 -18 -24 -17 28 -28 -21 -3
right_child=10 2 4 -5 5 6 -8 -9 14 -11 11 15 -14 -15 -16 16 22 18 -20 26 -22 -23 24 -25 -26 -27 27 -29 -30 -31
leaf_value=-0.0020688917939993799 0.00069754174717418947 0.018856948023823525 -0.00094049566413845112 -0.00097854021098464725 0 -0.00047077912362051476 0.011334530051270096 0.0170290406604999 -0.00058940052938155629 0.00094684472820830081 0.020046497400547873 0.0019277684089359763 -0.0017517001846453445 0 0.0067189550105653207 -0.0018929053941348683 0 0.017387868030124397 -0.00044812956107436337 0.0052604154199141226 -0.002549014220345217 -0.014398875342572096 -0.0011806928833185729 0.017436841938410275 0.012339048980919422 -0.0063836359225503377 -0.0055115879010165505 -8.4167192835788269e-07 -0.0011046804476014683 0
leaf_weight=4851 35698 372 1554 175 121 1101 266 439 618 10501 215 15722 303 132 1220 2880 225 177 7344 930 2641 141 1100 282 181 3677 1287 134531 39860 112
leaf_count=4851 35698 372 1554 175 121 1101 266 439 618 10501 215 15722 303 132 1220 2880 225 177 7344 930 2641 141 1100 282 181 3677 1287 134531 39860 112
internal_value=1.69145e-05 0.00112007 0.00386388 0.0105129 0.00246657 0.00534966 0.0017404 0.0132791 0.000438097 0 -7.70939e-05 -0.000209233 0.00592798 0.0131813 0.00412027 -0.000230123 -0.00141804 -0.00207578 0 -0.000131851 0.00111454 0.00174581 0.00356046 0.0100181 0.000659318 -0.00446856 -0.000264251 -5.60734e-05 -0.0009497 0.0151371
internal_weight=268656 21330 4140 659 3481 1927 1367 560 17190 15352 247326 211628 650 347 1838 210978 15866 14078 7521 195112 18504 15863 1788 507 1281 6557 176608 135818 40790 484
internal_count=268656 21330 4140 659 3481 1927 1367 560 17190 15352 247326 211628 650 347 1838 210978 15866 14078 7521 195112 18504 15863 1788 507 1281 6557 176608 135818 40790 484
is_linear=0
shrinkage=0.03


Tree=68
num_leaves=31
num_cat=0
split_feature=77 77 87 29 83 25 33 41 51 14 8 4 6 68 4 40 39 29 1 39 38 36 39 119 86 24 80 49 72 10
split_gain=24.3044 81.5234 45.3263 50.3288 49.6434 70.3887 44.0346 40.7797 40.6097 51.8909 53.4486 39.1124 46.4016 37.8402 40.5874 47.4935 38.3592 36.0928 43.8966 34.565 29.8605 50.4821 42.0053 29.5643 34.2344 43.6823 34.883 33.3821 69.3181 44.9446
threshold=0.091666668653488173 0.27500000596046453 0.37500000000000006 0.00032547394221182918 -0.50000001490116108 0.019829595461487774 0.95127782225608837 0.060347441583871848 0.76901412010192882 0.97840291261672985 -0.55555847287178028 0.12120324373245241 0.2666683048009873 0.47058558464050299 0.51723960041999828 -0.016124558635056015 -0.013609474990516899 -0.015378217678517101 0.014604211319237949 0.0075918238144367942 0.0045592959504574546 0.26027084887027746 0.0058845221064984807 0.70000001788139354 -0.58333334326744068 0.026951164938509468 0.52500000596046459 0.97039839625358593 0.42468293011188513 1.0125260949134829
decision_type=2 2 2 10 10 10 10 10 8 8 10 10 10 10 10 10 10 8 10 10 10 10 10 10 2 10 2 8 10 10
left_child=8 23 3 17 -4 -6 7 -7 11 10 -10 -1 -13 14 15 -5 -16 -3 19 -19 21 -12 -23 24 25 -2 -27 28 29 -26
right_child=1 2 4 13 5 6 -8 -9 9 -11 20 12 -14 -15 16 -17 -18 18 -20 -21 -22 22 -24 -25 27 26 -28 -29 -30 -31
leaf_value=0.011616097043664921 0.0021049553943204434 0.00365772052663503 0.0015345574805224421 -0.0024974606296994137 0.0011475874609576204 -0.00095587180078184465 0.0040352478067574183 -0.006826754044656159 0.0019352247355119538 -0.00014719576156041052 -0.0069009597367877453 -0.0084913574581062697 0.0081146287311374844 -0.00045797838036507391 0.011600611609625422 0.0025281928313477101 0.0011050183783185995 -0.00098946020735249233 -0.0021600631841987737 0.002354647373439267 -0.00067506911957569259 -4.4085791423799789e-05 -0.006778259192475088 -0.00037185504060460755 -0.00069238864360301349 0.02333085439253885 0.0059026093783773673 0.0022150659112136575 0.0015824096037846313 -0.0065622674816780274
leaf_weight=460 7867 1213 22048 2385 23912 35171 1497 1100 2180 47472 3419 277 289 20678 682 5444 702 10950 29066 3694 3451 3231 1149 8160 4309 110 1739 13021 11283 1676
leaf_count=460 7867 1213 22048 2385 23912 35171 1497 1100 2180 47472 3419 277 289 20678 682 5444 702 10950 29066 3694 3451 3231 1149 8160 4309 110 1739 13021 11283 1676
internal_value=4.89825e-06 0.000162197 -0.000164547 -0.000702314 0.000312438 -0.000119911 -0.000930522 -0.00114585 -0.000515183 -0.000620068 -0.00226656 0.00531665 0 0.00024305 0.00184654 0.000956511 0.00658223 -0.00133785 -0.00148495 -0.000123378 -0.00310938 -0.00414369 -0.00190162 0.00124357 0.00158059 0.00314477 0.00733852 0.0010672 0.000182729 -0.00240249
internal_weight=268635 206707 158542 74814 83728 61680 37768 36271 61928 60902 13430 1026 566 29891 9213 7829 1384 44923 43710 14644 11250 7799 4380 48165 40005 9716 1849 30289 17268 5985
internal_count=268635 206707 158542 74814 83728 61680 37768 36271 61928 60902 13430 1026 566 29891 9213 7829 1384 44923 43710 14644 11250 7799 4380 48165 40005 9716 1849 30289 17268 5985
is_linear=0
shrinkage=0.03


Tree=69
num_leaves=31
num_cat=0
split_feature=37 26 12 52 58 69 27 30 5 29 61 15 14 30 7 31 18 136 124 77 14 28 52 15 76 118 84 68 27 58
split_gain=26.2035 83.8411 38.2088 56.3924 50.9574 49.1498 40.7265 38.0074 36.7936 36.2092 43.7392 32.6073 53.8592 46.9469 44.0404 42.4424 40.3065 40.2634 34.5527 31.8406 51.0287 31.6872 62.245 36.8009 30.2821 30.1231 29.7989 35.7075 58.5504 49.7975
threshold=0.65231052041053783 0.12329636514186861 0.98179239034652721 0.63883095979690563 1.0057553648948672 0.79591801762580883 0.13262396305799487 0.0075859599746763715 0.0014045421266928317 -0.0037918265443295236 0.98684957623481762 1.1344455480575564 1.0654822587966921 -0.005475354613736271 0.019417491741478447 -0.0025519486516714092 1.0567905306816103 0.96481850743293773 0.10769297555088998 0.091666668653488173 0.97736284136772167 0.0034672922920435671 0.72975713014602672 1.0956261754035952 0.28333334624767309 0.42457848787307745 0.84999999403953563 0.77777811884880077 0.056234961375594146 0.98659187555313121
decision_type=10 10 10 10 10 10 10 10 8 8 10 10 8 10 10 8 10 10 10 2 8 8 10 8 2 10 2 10 10 10
left_child=11 2 6 4 5 25 7 9 -5 -2 -11 15 17 14 -14 18 26 24 21 20 -10 22 -1 -24 -13 -4 -17 29 -29 -28
right_child=1 -3 3 8 -6 -7 -8 -9 19 10 -12 12 13 -15 -16 16 -18 -19 -20 -21 -22 -23 23 -25 -26 -27 27 28 -30 -31
leaf_value=0.019570405454630211 0 0.017205556367006564 -0.016449393219558343 0.0016075125822305127 0.006293874014983495 -1.4251190355641353e-05 0.01488933061936806 -0.0069746630219893841 -0.0046397024508137924 0.0049897700137103663 0.024305216192984751 0.011527998915324317 0.0025728131827142857 -0.011058301481560515 -0.0069350472791326247 -0.00010755128134336313 -0.0079858624548533024 -0.0022403008116756171 -0.0038874172618979211 0.00053322307107287164 -0.00026001597913372852 0.0014320718427000001 -0.0026535131192456977 0.00021284099400831099 0.0016679395686046872 -0.004644286624350783 0.0080898424875967562 0.001578433378308787 -0.0064395508014705536 5.4202078926502534e-05
leaf_weight=104 917 250 488 18656 279 667 270 288 2841 918 119 984 2815 296 489 142614 551 341 4114 43403 15870 4237 10855 6109 507 501 1530 5408 941 1396
leaf_count=104 917 250 488 18656 279 667 270 288 2841 918 119 984 2815 296 489 142614 551 341 4114 43403 15870 4237 10855 6109 507 501 1530 5408 941 1396
internal_value=5.1061e-05 0.000485632 0.000429035 0.000313887 -0.00470787 -0.00679341 0.00406926 0.00251347 0.000439042 0.0041204 0.00790807 -0.00014997 0.00213021 0 0.00104211 -0.000221527 -3.02051e-05 0.00628745 -0.00135618 8.28581e-05 -0.000945269 -0.000850147 -0.00143526 -0.0016046 0.00844018 -0.0109772 0 0.00164554 0.000326476 0.00438425
internal_weight=268758 85467 85217 82705 1935 1656 2512 2242 80770 1954 1037 183291 5432 3600 3304 177859 152440 1832 25419 62114 18711 21305 17068 16964 1491 989 151889 9275 6349 2926
internal_count=268758 85467 85217 82705 1935 1656 2512 2242 80770 1954 1037 183291 5432 3600 3304 177859 152440 1832 25419 62114 18711 21305 17068 16964 1491 989 151889 9275 6349 2926
is_linear=0
shrinkage=0.03


Tree=70
num_leaves=31
num_cat=0
split_feature=26 37 7 40 1 16 29 14 34 3 23 36 65 87 117 15 60 49 16 36 23 38 58 124 26 34 61 55 47 33
split_gain=24.6103 51.3485 95.2033 51.4267 90.178 45.9718 47.8206 44.9076 41.4963 33.8872 60.0592 54.3912 48.3045 52.8938 38.6111 48.9498 44.3293 35.2875 67.8455 40.4059 33.0061 30.7883 30.4722 30.2844 29.8043 48.3011 29.5867 29.2429 28.7783 28.0617
threshold=0.094133511185646071 0.65231052041053783 0.021194948814809326 -0.073337990790605531 0.073335926979780211 0.70843112468719494 0.011795569676905872 0.91048598289489757 0.8330538570880891 0.0079455501399934309 0.014489838853478433 0.90986391901969921 0.051315790042281158 0.57499998807907116 0.54973998665809642 0.92178222537040722 0.9177016317844392 0.82702705264091503 0.8515310287475587 0.5173136591911317 0.0090574966743588465 0.01291164103895426 0.95531159639358532 -0.69620192050933827 0.028532153926789764 0.31965030729770666 1.0502429604530337 1.0635109543800356 1.0361030697822573 0.86343502998352062
decision_type=10 10 10 10 10 8 10 8 10 8 8 10 10 2 10 8 10 10 10 10 10 10 10 8 10 10 8 10 10 10
left_child=5 2 8 -3 7 6 22 28 -2 17 14 12 26 -14 27 20 -17 18 -7 -20 -16 -8 -1 -19 -25 -26 -12 -11 -5 -13
right_child=1 3 -4 4 -6 9 21 -9 -10 10 11 29 13 -15 15 16 -18 23 19 -21 -22 -23 -24 24 25 -27 -28 -29 -30 -31
leaf_value=0.012773193347184653 0.0015066674856286295 -0.010338710459030192 -0.0078989543539271026 0.0017104702323245313 0.0256992406360524 0 -0.016968746575782644 0.0072957793151705308 0.014041900767845342 -0.0029011656381000648 -0.0052768481047545763 0.01139569007200638 0.0014820773153291856 -0.0019454320891317386 -0.010459244052852463 0.018823476374223404 0.0010255520557941277 0.0020231224362758861 0.019262150004861277 0 -0.00093629436684064928 0 -0.0060289595857074552 0.00037454695851005639 0.00054514673944883641 -0.00094467939019478471 -2.7546414779766932e-06 0.00031928388670798721 -0.017252759391777828 0
leaf_weight=120 3429 118 986 110 212 864 366 1056 247 16180 2189 571 16436 5300 532 112 5435 7399 334 118 1020 110 136 118289 31641 50656 1893 2810 102 252
leaf_count=120 3429 118 986 110 212 864 366 1056 247 16180 2189 571 16436 5300 532 112 5435 7399 334 118 1020 110 136 118289 31641 50656 1893 2810 102 252
internal_value=2.28985e-05 0.00187939 0.000213442 0.00649151 0.00815334 -2.03282e-05 -0.00742723 0.00463337 0.00250154 0 -0.000678624 0.000313793 5.71847e-05 0.000631521 -0.00170299 0.000144941 0.00150513 0.00017218 0.00503866 0.0141855 -0.00448298 -0.0129698 0.00198453 0.000139464 6.8291e-05 -0.000368243 -0.0029161 -0.00240901 -0.00682102 0.00781555
internal_weight=269023 6260 4662 1598 1480 262763 732 1268 3676 262031 52730 26641 25818 21736 26089 7099 5547 209301 1316 452 1552 476 256 207985 200586 82297 4082 18990 212 823
internal_count=269023 6260 4662 1598 1480 262763 732 1268 3676 262031 52730 26641 25818 21736 26089 7099 5547 209301 1316 452 1552 476 256 207985 200586 82297 4082 18990 212 823
is_linear=0
shrinkage=0.03


Tree=71
num_leaves=31
num_cat=0
split_feature=37 12 112 23 18 38 59 35 86 13 38 39 66 98 29 5 28 12 85 13 49 118 70 120 8 21 35 81 17 70
split_gain=28.0763 37.3489 37.9484 36.7908 60.6803 42.6963 33.1735 32.1504 62.5788 53.4196 62.1854 52.154 61.6479 55.9151 53.907 51.3973 47.8527 45.9498 45.5604 45.425 45.2654 43.9822 60.2889 43.1885 42.5975 62.545 41.2539 37.8265 33.7412 32.7221
threshold=0.84718212485313427 0.98764660954475414 -0.28452381491661066 0.044783620163798339 1.0395358800888064 -0.00098554778378456809 0.90144333243370067 0.47035750746726995 -0.81666666269302357 0.96674358844757091 0.012500000651925804 0.010257204528898002 0.95346319675445568 0.55000001192092907 0.0035345882643014197 0.011548911686986687 0.0032257955754175787 0.99473956227302562 0.82500001788139354 1.1031491756439211 0.88825377821922313 0.31481532752513891 0.59090885519981395 0.58715590834617626 0.71427151560783397 0.87449234724044811 0.60380226373672496 0.083333335816860213 1.053461015224457 0.26582318544387823
decision_type=8 8 2 10 10 10 10 10 2 8 10 10 10 2 10 10 8 10 2 10 8 10 10 10 10 10 10 2 10 10
left_child=7 2 -2 4 -3 -5 -4 8 15 10 11 12 13 -9 -13 28 24 -14 -16 -10 21 -18 -23 -21 25 27 -12 -11 -1 -17
right_child=1 3 6 5 -6 -7 -8 9 19 16 26 14 17 -15 18 29 20 -19 -20 23 -22 22 -24 -25 -26 -27 -28 -29 -30 -31
leaf_value=0.00014834841715972112 0.019984678371623158 0.0004696014194430577 -0.0075790168129782559 0 0.0092297286913705194 -0.019367491805830715 0.0049959187931984637 -0.0068629089822121467 -0.00021801830106733304 -0.0023686644218575497 0 -0.0013652154561003102 -0.00026997811409275031 0.0026373909919958642 0.0075042253538481962 -0.014408750261419113 -0.002262425995250414 -0.0060314484620265785 1.5307964182238625e-05 -0.013192595350384015 0.0015520662070218133 0 0.023114024501293896 0 -0.0013486832140065202 0.00040752590510842511 -0.010195565356451844 0.014964811508192346 -0.0042095191460451431 0
leaf_weight=2778 130 19815 178 262 725 156 1633 653 120229 110 468 2986 2041 3045 1694 545 134 3715 1417 457 20329 119 265 473 13518 65710 1078 404 3376 243
leaf_count=2778 130 19815 178 262 725 156 1633 653 120229 110 468 2986 2041 3045 1694 545 134 3715 1417 457 20329 119 265 473 13518 65710 1078 404 3376 243
internal_value=-9.5145e-06 0.000993485 0.00497466 0.000606081 0.000802076 -0.0079368 0.00352682 -0.000104254 -0.000433952 0.000252087 -0.00129229 -0.000696077 -0.00210249 0.000851228 0.00143541 -0.00320391 0.00051777 -0.00404846 0.00421087 -0.000272265 0.00179839 0.0104906 0.0155751 -0.00681713 0.000178849 0.000495499 -0.00701249 0.0107437 -0.00219962 -0.0104272
internal_weight=268686 22899 1941 20958 20540 418 1811 245787 128101 117686 17097 15551 9454 3698 6097 6942 100589 5756 3111 121159 20847 518 384 930 79742 66224 1546 514 6154 788
internal_count=268686 22899 1941 20958 20540 418 1811 245787 128101 117686 17097 15551 9454 3698 6097 6942 100589 5756 3111 121159 20847 518 384 930 79742 66224 1546 514 6154 788
is_linear=0
shrinkage=0.03


Tree=72
num_leaves=31
num_cat=0
split_feature=38 11 54 39 52 35 33 14 53 34 84 27 26 25 57 5 45 26 118 20 44 53 33 30 34 34 41 50 115 54
split_gain=26.3287 58.9764 55.1441 54.039 48.2213 47.0989 46.8281 39.2171 66.9419 62.8248 55.2698 51.5031 37.1514 43.1182 35.977 32.4236 30.414 28.8421 47.0549 69.693 50.5111 48.6605 43.2106 42.5033 42.184 34.6893 34.4918 33.2632 49.4023 33.9666
threshold=-0.0024992633843794461 0.98382839560508739 0.97393530607223522 -0.0044462259393185368 0.59931728243827831 0.72881856560707103 0.13705300539731982 1.0557221770286562 1.0638811588287356 0.59324041008949291 0.65000000596046459 0.068110954016447081 0.02837330382317305 0.033744584769010551 1.1778989434242251 0.007879170589149 1.0697129368782046 0.02837330382317305 0.33333329856395727 0.95774248242378246 1.020580589771271 1.0231987833976748 0.34778676927089697 0.0097306054085493105 0.94548523426055919 0.11182849109172822 0.010945258196443321 0.70271128416061412 0.70694875717163097 1.0168347954750063
decision_type=10 8 8 10 8 8 10 10 10 10 2 10 10 10 10 10 10 10 8 10 10 10 10 10 8 10 10 10 10 10
left_child=1 3 -3 5 16 -1 -5 8 14 11 -10 -9 -8 -14 -6 -15 -4 -2 20 21 -19 22 23 -20 25 26 -21 -22 29 -29
right_child=17 2 4 6 7 -7 12 9 10 -11 -12 -13 13 15 -16 -17 -18 18 19 24 27 -23 -24 -25 -26 -27 -28 28 -30 -31
leaf_value=-0.0023512200659067733 0.00016055247057440082 -0.0092687970247133274 -0.021611981423457667 0.015644899313120953 0.00033411258111449465 0.0051171341964766238 0.01129339096239278 -0.0068585268813200892 0.010837311071178345 0.00035161774459451406 -0.0052981546861247735 -0.00015598537621057428 -0.0031360972416798398 -0.0013061161262693962 0.0041918159992693172 0.0067772617797263734 0 -0.00098355418030865427 0 -0.00018033157656259424 -0.018232370117848569 -0.0023712773339612382 0.0093780626534059122 0.008731206370266276 0.006645502961456393 -0.00095988909741602079 0.0036763862386487208 -0.0060301886391175702 0.0031006578479475361 0.0024894094439239689
leaf_weight=2203 94380 527 127 366 72268 1131 563 2557 943 7631 198 1879 774 512 2243 1752 109 17820 1885 6157 145 1002 1283 676 712 40910 3037 3821 715 409
leaf_count=2203 94380 527 127 366 72268 1131 563 2557 943 7631 198 1879 774 512 2243 1752 109 17820 1885 6157 145 1002 1283 676 712 40910 3037 3821 715 409
internal_value=2.93717e-05 0.000429304 0.0002115 0.00302014 0.000273808 0.000108247 0.00537933 0.000315018 0.000571146 -0.0012642 0.00773586 -0.00410023 0.00417245 0.00268947 0.00045536 0.00482244 -0.0126996 -0.000190406 -0.000615724 -0.000138663 -0.00176057 0.00328358 0.0048399 0.00239509 -0.000472086 -0.000581826 0.00106629 -0.0044077 -0.00387009 -0.005128
internal_weight=268735 95783 88482 7301 87955 3334 3967 87719 75652 12067 1141 4436 3601 3038 74511 2264 236 172952 78572 55662 22910 4846 3844 2561 50816 50104 9194 5090 4945 4230
internal_count=268735 95783 88482 7301 87955 3334 3967 87719 75652 12067 1141 4436 3601 3038 74511 2264 236 172952 78572 55662 22910 4846 3844 2561 50816 50104 9194 5090 4945 4230
is_linear=0
shrinkage=0.03


Tree=73
num_leaves=31
num_cat=0
split_feature=33 1 32 70 86 40 14 12 39 139 10 27 138 5 38 48 41 11 62 35 38 78 108 36 36 84 85 13 85 43
split_gain=29.0282 40.1141 42.29 40.9252 40.374 35.1867 28.6301 72.291 61.293 59.8965 53.1264 37.1724 32.5701 31.3624 58.9408 31.357 28.1452 44.5133 54.3058 48.8841 48.7008 43.2269 40.8774 31.4803 43.9581 31.0568 30.7259 30.3794 29.4916 36.692
threshold=0.37481763958930975 0.010292085353285076 -0.004390136105939745 0.16901460289955142 -0.58333334326744068 0.047708155587315566 0.89303788542747509 0.98845973610878002 -0.02476511616259813 0.98382312059402477 1.0134907364845278 0.092828456312417998 0.85705074667930614 0.01803607773035765 0.0030470755882561211 0.99004265666008007 0.054755873978137977 0.97752052545547496 0.97037038207054149 0.4887481033802033 0.011407741811126472 0.5000000149011613 0.77500000596046459 0.79419606924057018 0.37304718792438513 0.84999999403953563 0.77500000596046459 0.90816792845726024 0.77500000596046459 1.0133188366889956
decision_type=8 10 10 10 2 10 8 10 10 10 10 10 10 10 10 10 10 10 10 10 10 10 2 10 10 2 2 10 2 10
left_child=1 -1 3 -3 5 -5 7 -4 9 -8 -11 12 -9 15 -15 -10 -2 19 21 25 23 28 -22 24 -21 26 -18 -25 -19 -30
right_child=16 2 6 4 -6 -7 8 11 13 10 -12 -13 -14 14 -16 -17 17 18 -20 20 22 -23 -24 27 -26 -27 -28 -29 29 -31
leaf_value=0.0010759018918410379 0.00030678251854533961 -0.0047682853185871026 -0.0090041086028101337 0.0099247431557763759 0.00060167458860592991 -0.0020365564924656968 -0.0093770479816287378 0.0038532931138998121 -0.0011282616733055907 -0.017137765705917338 0.0015096341067074766 -0.0026865506755568503 0.015743060623187206 0.0078277935037581042 -0.0025744764577830211 0.00040278432093978072 0 -0.0093522007727181288 0.00045307078116176908 0.0057412695379198053 -0.013926258976116622 0.005816232074279247 0.0024981054846430198 0.017698661555122168 -0.0090749833380053165 0.0091675544444744187 0.013269118081377602 0 -0.0079777249007290871 0.012698591373330593
leaf_weight=13636 161575 537 317 1127 1689 218 1477 629 61209 134 1196 264 401 1040 840 14647 1789 1856 1466 271 487 185 140 142 407 595 152 154 152 117
leaf_count=13636 161575 537 317 1127 1689 218 1477 629 61209 134 1196 264 401 1040 840 14647 1789 1856 1466 271 487 185 140 142 407 595 152 154 152 117
internal_value=-1.78921e-05 -0.000426009 -0.000668607 0.00249828 0.00390545 0.00776482 -0.000810487 0.00308476 -0.000892869 -0.00524971 -0.000372964 0.00636654 0.00897963 -0.000730378 0.0030439 -0.000828651 0.000219615 -0.00151872 -0.00387555 0.000568582 -0.00342118 -0.0067317 -0.0098314 0.000518289 -0.00272824 0.00321179 0.00115823 0.00860597 -0.00800801 0.000233697
internal_weight=268849 99361 85725 3571 3034 1345 82154 1611 80543 2807 1330 1294 1030 77736 1880 75856 169488 7913 3776 4137 1601 2310 627 974 678 2536 1941 296 2125 269
internal_count=268849 99361 85725 3571 3034 1345 82154 1611 80543 2807 1330 1294 1030 77736 1880 75856 169488 7913 3776 4137 1601 2310 627 974 678 2536 1941 296 2125 269
is_linear=0
shrinkage=0.03


Tree=74
num_leaves=31
num_cat=0
split_feature=56 1 26 23 18 96 100 36 37 53 28 30 5 38 99 61 25 42 54 25 3 25 13 75 31 99 90 108 17 28
split_gain=28.4888 35.1593 43.5166 48.0453 44.4655 54.927 41.095 34.7155 31.0141 29.1735 28.4395 48.2549 42.3489 28.3301 48.4124 28.786 49.4516 50.6451 39.9944 30.2063 29.4734 27.7835 27.34 30.7917 26.7347 25.6364 25.4147 24.8712 27.677 24.1872
threshold=0.89488443732261669 0.05543711036443711 0.038549922406673438 0.037010369822382934 0.98239055275917064 0.33702620863914495 0.65833333134651195 0.54265645146369945 0.65600141882896434 1.1080738306045534 0.013039942365139725 0.0070546562783420095 0.0072831208817660817 -0.024529799818992611 0.58571431040763866 0.81931218504905712 0.050094695761799819 0.061817409470677383 0.96186083555221569 0.035384040325880058 0.0084420475177466887 0.033496772870421417 0.96547687053680431 0.97499999403953563 -0.0010520466603338716 0.47222222387790685 0.048184262588620193 0.90000000596046459 0.74457627534866344 0.0054532526992261418
decision_type=8 10 8 10 10 10 2 10 8 10 10 10 10 8 2 8 10 10 8 10 10 10 8 2 10 2 10 2 8 10
left_child=7 9 3 24 10 6 8 29 -6 13 22 25 -13 14 -2 16 19 -18 -17 -15 -20 -5 23 -4 -3 -12 -24 -9 -29 -1
right_child=1 2 4 21 5 -7 -8 27 -10 -11 11 12 -14 15 -16 18 17 -19 20 -21 -22 -23 26 -25 -26 -27 -28 28 -30 -31
leaf_value=-0.012249988167413644 0 0.00098663414534266012 -0.012816719457704143 0.016049645411066751 0.00078891764287858813 0.013250077153026334 -0.0089664406577597538 -0.01258006932416221 0.0076119230233769701 -0.0079561732058325597 0 -0.017917165775245551 0.0031926286331697899 -0.00089203081974319664 -0.015882614725021515 -0.0043425123989350939 -0.0038854331760791996 0.0034483088292408923 0.00017112186299083463 0.010803118266389621 -0.0006842512392746592 -0.00071487564426318448 -0.0046912219395968489 0.00088181301201984753 -0.0075539711650662268 0.012354481838970118 0.0072962895993297534 0.0081160284835376482 -0.0097316540704592107 0.0008399435841342116
leaf_weight=120 418 420 370 161 1252 667 189 476 1374 394 163 122 159 198 253 1884 1324 2222 208706 805 43829 110 292 172 896 442 288 131 138 1210
leaf_count=120 418 420 370 161 1252 667 189 476 1374 394 163 122 159 198 253 1884 1324 2222 208706 805 43829 110 292 172 896 442 288 131 138 1210
internal_value=2.95749e-05 5.80068e-05 0.00214134 -0.00209911 0.00342475 0.0054664 0.00343582 -0.00345282 0.00450284 0 0 0.00383294 -0.00555733 1.3834e-05 -0.00605033 3.11709e-05 0.00239159 0.000619486 -1.00389e-05 0.00822885 2.14363e-05 0.00863248 -0.00327987 -0.0080591 -0.00462973 0.00871264 0.000805993 -0.00856444 -4.18029e-05 -0.000282865
internal_weight=269185 267110 7077 1587 5490 3482 2815 2075 2626 260033 2008 886 281 259639 671 258968 4549 3546 254419 1003 252535 271 1122 542 1316 605 580 745 269 1330
internal_count=269185 267110 7077 1587 5490 3482 2815 2075 2626 260033 2008 886 281 259639 671 258968 4549 3546 254419 1003 252535 271 1122 542 1316 605 580 745 269 1330
is_linear=0
shrinkage=0.03


Tree=75
num_leaves=31
num_cat=0
split_feature=121 1 77 77 87 25 79 82 27 1 84 123 46 0 38 17 21 61 51 10 39 23 13 11 17 14 47 39 49 35
split_gain=23.8481 43.6062 31.2576 46.2992 38.5508 44.2792 85.9456 61.8419 43.6099 55.7736 41.7538 47.1176 44.4525 44.3838 40.3282 37.9647 35.5712 38.9351 46.7519 49.337 45.4711 37.9903 55.3049 40.0527 34.3397 30.3076 32.9811 30.2105 29.7454 28.6818
threshold=0.68328598141670238 0.060223892331123359 0.091666668653488173 0.27500000596046453 0.37500000000000006 0.021754167973995212 0.94999998807907116 0.091666668653488173 0.054243054240942008 0.039130425080657012 0.35000000894069677 0.66956549882888805 1.0188336372375491 -0.017793588340282437 -0.024529799818992611 0.98536664247512828 1.0502835512161257 0.97607657313346874 0.76901412010192882 1.018942713737488 0.0064823480788618335 0.0097596235573291796 1.0136986374855044 0.98169487714767467 0.8268868923187257 1.0286411046981814 1.0887178182601931 -0.017559143714606758 0.92442446947097789 0.89078757166862499
decision_type=10 8 2 2 2 10 2 2 10 10 2 10 8 10 10 8 8 10 10 10 10 10 8 10 8 10 10 8 10 10
left_child=2 29 16 15 10 8 14 -8 24 -10 12 -12 28 -13 -7 -4 17 18 20 -20 -1 25 -23 -24 -6 26 -19 -14 -5 -2
right_child=1 -3 3 4 5 6 7 -9 9 -11 11 13 27 -15 -16 -17 -18 21 19 -21 -22 22 23 -25 -26 -27 -28 -29 -30 -31
leaf_value=0 0.00014707239623188104 0.0091222174866124987 0.0030671705532432912 0.013105107274454306 -0.010769248077428186 -0.0082897477453395662 -0.00018637554381334103 0.0056087873607872088 0.0047930278939248552 -0.0088984104252359184 0.0012749841361040905 0.010583630569677229 -0.0040117775474273944 -0.0023815059405585259 -0.0007332198789669588 0.00058723086559454667 -0.0028271229480973724 0.00016584774893970593 -0.0022825593705603315 0.0027762330776304953 0.01342408379954207 0.0035150922083638913 -0.0062615066680887458 0.00049441018451888718 0.00076230337433914267 0.0021525488789682829 -0.0027433968957327301 -0.0011195708753971359 0.0015958532406649551 0.0035134554578086156
leaf_weight=688 12292 580 6611 235 211 636 3002 3429 4093 254 15872 221 3629 5822 38363 38265 6246 6761 17371 1859 334 6262 877 6303 33512 2715 6878 41207 1524 2840
leaf_count=688 12292 580 6611 235 211 636 3002 3429 4093 254 15872 221 3629 5822 38363 38265 6246 6761 17371 1859 334 6262 877 6303 33512 2715 6878 41207 1524 2840
internal_value=5.50216e-06 0.00113988 -6.37953e-05 0.000113153 -0.000135106 0.000295135 -0.000332228 0.0028649 0.00105144 0.00388724 -0.000663794 0.000405742 -0.00117322 -0.00182453 -0.000868327 0.000960454 -0.000687811 -0.00041381 -0.00143044 -0.00177556 0.00468478 0.000267617 0.00145531 -0.000304224 0.000674921 -0.000690858 -0.00128116 -0.00136204 0.00343215 0.000802484
internal_weight=268892 15712 253180 196886 152010 83500 45430 6431 38070 4347 68510 21915 46595 6043 38999 44876 56294 50048 20252 19230 1022 29796 13442 7180 33723 16354 13639 44836 1759 15132
internal_count=268892 15712 253180 196886 152010 83500 45430 6431 38070 4347 68510 21915 46595 6043 38999 44876 56294 50048 20252 19230 1022 29796 13442 7180 33723 16354 13639 44836 1759 15132
is_linear=0
shrinkage=0.03


Tree=76
num_leaves=31
num_cat=0
split_feature=125 46 57 38 116 56 38 32 17 27 44 17 139 42 81 24 11 71 44 55 52 10 117 11 27 139 0 62 119 37
split_gain=27.4259 48.5814 39.1367 31.8097 45.6683 63.2289 43.0122 63.288 36.2004 32.8155 37.0451 43.1216 41.1336 40.3695 96.0118 36.667 37.7713 49.5793 35.5278 33.0334 26.9171 25.3729 37.3637 33.4305 31.5986 30.2018 28.9236 28.0711 27.0301 25.8474
threshold=0.48611135780811315 1.0048318505287173 0.91745913028717052 -0.0011102943099103866 0.71794876456260692 0.9152820110321046 0.017243275418877605 0.0076855258084833631 0.68618136644363414 0.075406603515148177 1.0520989894866946 0.91354137659072887 0.88289853930473339 0.035527396947145469 0.050000002607703216 0.011096307076513769 0.9707869589328767 0.80515778064727794 1.0998016595840456 1.0118019580841067 0.90423730015754711 1.0187178254127505 0.65121784806251537 0.99235180020332348 0.031885297968983657 1.5347256660461428 0.0012224680394865575 0.91106027364730846 0.19327696412801745 0.039773173630237586
decision_type=10 8 10 10 10 10 10 10 8 10 10 8 10 10 2 10 10 10 10 10 8 10 10 8 8 10 10 10 10 10
left_child=1 2 -1 9 5 -5 7 -7 -8 10 13 18 -13 20 -15 19 -17 -18 -12 -11 -3 23 25 27 -25 26 -23 28 29 -2
right_child=21 3 -4 4 -6 6 8 -9 -10 15 11 12 -14 14 -16 16 17 -19 -20 -21 -22 22 -24 24 -26 -27 -28 -29 -30 -31
leaf_value=0.010322803115922881 -0.0065735913234801881 0.0018294573945621751 0.0016484305408970496 -0.016029272311938677 0.0052948733845855711 -0.00043339433115497609 0.013023624544977089 -0.011821203296016018 0.0015392038578436519 -0.000857063383439062 -0.0065820437422169399 -0.0017662562804403703 0.0008072894933293511 0.0076553635041670641 -0.002102215028095314 0.0075542962126014758 0.0016109717622426476 -0.0031754375593900691 0.00062932920635978666 0.014050965804470008 0.00038916499663135188 0.0064964842185393336 -0.0024077609928084684 -0.0016712917778846528 -0.00832903889707713 0.018312017978883228 -0.0062079040998243721 0.0018298161710337203 -0.0045292400743800866 0.00078245769420391925
leaf_weight=493 481 16613 9288 213 1260 126247 249 423 5799 146 1946 10560 11667 971 9821 816 14062 2208 785 368 41994 590 841 1614 1249 143 180 2317 2306 2873
leaf_count=493 481 16613 9288 213 1260 126247 249 423 5799 146 1946 10560 11667 971 9821 816 14062 2208 785 368 41994 590 841 1614 1249 143 180 2317 2306 2873
internal_value=-1.28881e-06 6.48947e-05 0.00213643 -1.63687e-05 -0.000329016 -0.000385368 -0.000355589 -0.000475651 0.00210283 0.000355681 0.000130248 -0.000856189 -0.0004024 0.000489467 -0.001184 0.00154573 0.00128179 0.000939891 -0.00441065 0.00938109 0.000803039 -0.00136799 0.00187883 -0.00192347 -0.00471746 0.0061159 0.0030649 -0.000873884 -0.00203604 -0.000216277
internal_weight=268523 255929 9781 246148 134191 132931 132718 126670 6048 111957 94357 24958 22227 69399 10792 17600 17086 16270 2731 514 58607 12594 1754 10840 2863 913 770 7977 5660 3354
internal_count=268523 255929 9781 246148 134191 132931 132718 126670 6048 111957 94357 24958 22227 69399 10792 17600 17086 16270 2731 514 58607 12594 1754 10840 2863 913 770 7977 5660 3354
is_linear=0
shrinkage=0.03


Tree=77
num_leaves=31
num_cat=0
split_feature=37 12 27 32 11 56 34 0 39 13 16 86 116 49 39 35 86 1 0 32 31 59 32 16 29 49 104 15 42 12
split_gain=22.9485 40.6695 59.4513 38.5284 33.7723 33.3299 63.4402 68.9441 58.5566 45.4662 45.0699 59.6258 65.6571 53.1936 51.6377 43.8345 42.1612 41.0458 40.7717 36.9551 35.1271 33.6211 33.4253 32.1906 46.2449 40.2187 62.5645 37.0504 37.6042 48.0647
threshold=0.7325749695301057 0.98398312926292431 0.123217660933733 -0.0034776440588757391 0.9616314470767976 0.98596763610839855 0.45902296900749212 -0.0081723402254283411 -0.011223874054849146 0.91551268100738536 0.94479706883430492 0.15000000596046451 0.67639654874801647 0.82702705264091503 -0.0050909298006445161 0.80454885959625255 -0.84999999403953541 0.018799708224833015 0.01206031395122409 0.005769178271293641 0.0033464008010923867 0.92291381955146801 0.0011090565240010621 0.70843112468719494 0.010273898486047985 0.82702705264091503 0.29285715520381933 1.079809904098511 0.095494747161865248 0.99179252982139599
decision_type=10 10 10 10 8 8 10 10 10 10 8 2 10 10 10 10 2 10 8 10 10 8 10 8 10 10 2 8 10 10
left_child=4 2 3 -2 -1 6 -6 8 20 -9 11 14 13 -13 22 16 17 -12 -17 -14 -8 -18 -7 24 -3 26 -25 28 -27 -30
right_child=1 23 -4 -5 5 10 7 9 -10 -11 15 12 19 -15 -16 18 21 -19 -20 -21 -22 -23 -24 25 -26 27 -28 -29 29 -31
leaf_value=-0.0023150899276584997 0.00735791997488931 0.0063414949051833697 0.014282629864552877 -0.00066424849363567779 0.0037673755034986732 -0.0013438319011537495 0.012588135550512589 -0.0065485389870111529 -0.00019164712270266696 -0.00017181811843521984 -8.5919945883627651e-05 0.016058599029219786 0.0011121107979202547 -0.0028384602174670584 -0.0010171183158287926 0.0020655088310603115 -0.0069974363660529684 -0.0040810938512930795 -0.0025856589988528193 0.017810006291256286 0.0039753750762924183 -2.818957677439534e-06 0.015037576038333805 -0.0048945720830376729 -0.01237440196737731 0.00084264558741662244 0.016667818448138815 -0.0011738695458672107 0.004818677945982619 -0.01413271787880312
leaf_weight=6028 778 131 427 1480 5618 101 724 1057 1699 17486 4806 111 3354 16381 519 13767 602 4748 1863 108 1463 126243 449 151 379 46242 312 11042 146 314
leaf_count=6028 778 131 427 1480 5618 101 724 1057 1699 17486 4806 111 3354 16381 519 13767 602 4748 1863 108 1463 126243 449 151 379 46242 312 11042 146 314
internal_value=4.43627e-05 0.000554414 0.00416251 0.00200845 -0.000105431 -3.74802e-05 0.000919637 0.000190253 0.00382274 -0.000558133 -0.000194425 -0.0014958 -0.00187834 -0.00267381 0.00527254 -1.23201e-05 -0.00018679 -0.00210709 0.00148935 0.00181848 0.00705077 -3.94777e-05 0.0115614 0.000382955 -0.00694306 0.000454659 0.00910299 0.000376994 0.00075044 -0.00754256
internal_weight=268529 61402 2685 2258 207127 201099 28047 22429 3886 18543 173052 21023 19954 16492 1069 152029 136399 9554 15630 3462 2187 126845 550 58717 510 58207 463 57744 46702 460
internal_count=268529 61402 2685 2258 207127 201099 28047 22429 3886 18543 173052 21023 19954 16492 1069 152029 136399 9554 15630 3462 2187 126845 550 58717 510 58207 463 57744 46702 460
is_linear=0
shrinkage=0.03


Tree=78
num_leaves=31
num_cat=0
split_feature=33 14 52 39 40 15 53 88 14 70 29 25 84 37 15 109 40 41 62 15 55 61 117 72 35 17 16 17 58 102
split_gain=25.811 37.8562 69.9944 48.8674 46.6515 43.0267 43.2415 39.6172 35.2498 57.6279 39.6659 38.5536 38.3082 38.201 44.5663 37.5538 42.7175 36.8616 35.554 32.5799 31.607 31.5348 30.6376 37.8056 30.0233 29.7598 27.5199 26.1282 25.3448 25.3332
threshold=0.61491006612777721 0.89303788542747509 0.65406939387321483 0.035639274865388877 0.034592092037200935 0.88399702310562145 0.99557766318321239 -0.21159847080707547 0.97736284136772167 0.6625768542289735 -0.0034632030874490734 0.019617049954831604 -0.55000001192092884 0.65231052041053783 1.1178550124168398 0.13392857462167743 -0.03068472724407911 -0.01691449340432882 0.9239693582057954 0.92695519328117382 0.9588572382926942 0.91679862141609203 0.6812528967857362 0.54878082871437084 0.82165992259979259 1.0599459409713747 0.76328808069229137 1.2471910119056704 0.96942725777626049 0.53390806913375866
decision_type=8 8 10 8 10 10 10 10 10 10 10 10 2 10 8 2 10 10 10 10 10 10 10 10 10 10 10 8 10 2
left_child=1 2 28 8 26 6 -4 -7 9 11 12 25 17 24 -15 16 -11 -10 -14 -17 -9 -22 23 -8 -12 -3 -5 -6 -1 -2
right_child=29 3 5 4 27 7 22 20 10 15 13 -13 18 14 -16 19 -18 -19 -20 -21 21 -23 -24 -25 -26 -27 -28 -29 -30 -31
leaf_value=-0.01620747378906235 0.00014128316277037156 0.00073840637438405993 -0.0072451573852651491 -0.0019978371063109654 -0.0045542688808780218 -0.00059792140566155704 -0.0022017196301186352 0 0.00097590400325502612 0.0072851422617979415 -0.00036321184829925766 -0.0044352845075991462 -0.0062748993692765716 0.0015724828052470217 -0.0048237474872517743 -0.0011921158242228539 -0.0025328280422639671 -0.0015019873467855705 -0.00160713718733446 0.0012996084743948054 0.025307676304763597 0.0018003705965324503 -0.0048412192942055687 0.0090364631687342468 0.0026699630381201447 -0.0065638677848597581 0.0094349602525964776 0.005870013330930045 0 0.0013114733150410836
leaf_weight=180 98555 2877 303 170 621 132 298 115 10358 385 49245 6702 1929 22136 986 7893 8592 11126 7460 11531 263 102 216 1056 3090 580 1131 295 137 20234
leaf_count=180 98555 2877 303 170 621 132 298 115 10358 385 49245 6702 1929 22136 986 7893 8592 11126 7460 11531 263 102 216 1056 3090 580 1131 295 137 20234
internal_value=1.19825e-05 -0.000248582 0.00318374 -0.000316422 0.00407234 0.0049699 0.00245133 0.0118817 -0.000386198 -0.00116373 -0.000101243 -0.00310572 -0.00100878 0.000266269 0.00128283 -0.000456834 -0.00206316 -0.000293583 -0.00260933 0.000271475 0.0158002 0.0199525 0.00457897 0.00634868 -0.000177443 -0.000431164 0.00770632 -0.000822898 -0.00939192 0.000343321
internal_weight=268698 149909 2802 147107 2217 2485 1873 612 144890 38560 106330 10159 30873 75457 23122 28401 8977 21484 9389 19424 480 365 1570 1354 52335 3457 1301 916 317 118789
internal_count=268698 149909 2802 147107 2217 2485 1873 612 144890 38560 106330 10159 30873 75457 23122 28401 8977 21484 9389 19424 480 365 1570 1354 52335 3457 1301 916 317 118789
is_linear=0
shrinkage=0.03


Tree=79
num_leaves=31
num_cat=0
split_feature=56 49 18 43 84 7 13 35 67 13 41 52 38 140 96 133 37 52 14 21 37 33 23 81 123 2 43 34 72 117
split_gain=28.6473 34.661 50.6141 46.2202 73.3057 48.652 34.1466 30.5952 40.7261 59.1741 37.7527 39.0872 39.0286 49.5335 37.644 37.5914 35.7364 34.8416 32.1163 37.0606 35.3911 31.0873 30.6768 29.7381 27.3653 29.1111 24.7275 24.6089 35.0846 30.227
threshold=0.89488443732261669 0.82702705264091503 0.94447627663612377 1.0103312134742739 0.75000000000000011 0.016181215643882755 0.88428062200546276 0.47035750746726995 0.036038961261510856 1.1154526472091677 -0.027770786546170708 0.63883095979690563 -0.019458783790469166 1.0816799998283388 0.0320851318538189 0.29296757280826574 0.74813246726989757 0.65406939387321483 1.0773571729660036 1.0924689173698428 0.46514347195625311 0.9774746596813203 0.010555940680205824 0.55000001192092907 -0.52631577849388111 -0.2500035017728805 1.1021075844764712 0.8632066845893861 0.83805140852928173 0.59976062178611766
decision_type=8 8 10 10 2 10 8 10 8 10 8 10 8 10 10 10 10 8 10 10 10 10 10 2 10 10 10 10 10 10
left_child=6 2 -2 -4 5 -5 27 8 14 16 11 -9 13 -12 24 -11 17 -10 19 -14 -20 22 -13 -18 25 -3 -23 29 -29 -1
right_child=1 7 3 4 -6 -7 -8 10 9 15 12 21 18 -15 -16 -17 23 -19 20 -21 -22 26 -24 -25 -26 -27 -28 28 -30 -31
leaf_value=0.0057641568348408877 -0.008392590123610863 0.0028496251824893393 0.016557139638316586 0.011509059299648128 -0.01418021693553204 -0.0023385195141963776 -0.0093141938210546463 0.0099882883767025248 0.0064871077335177194 -0.018453703603932056 -0.012185045478506483 -0.0014503721894377195 0.00020858828197497394 0.00023362116877885915 -0.0043188966554235011 -0.0002521170331619498 0.0017244300589039821 -0.00043870892181859422 -0.0058424925644541808 0.0048728373154792093 -2.3246758592464291e-05 -0.00037250912696537043 0.0021707427588583627 -0.0003820464136754842 -0.0045339675535321401 -0.0034513380721911567 -0.016656407951571358 0.016602907087421046 -0.0019432064693976651 -0.0053595150752167508
leaf_weight=242 203 2339 316 608 156 300 621 483 633 241 504 2378 104474 542 4272 226 14879 102650 1617 1544 2460 304 13451 9792 1020 866 124 140 151 967
leaf_count=242 203 2339 316 608 156 300 621 483 633 241 504 2378 104474 542 4272 226 14879 102650 1617 1544 2460 304 13451 9792 1020 866 124 140 151 967
internal_value=-1.14267e-05 1.52308e-05 0.00441378 0.00660489 0.00312144 0.0066588 -0.0034684 -1.02627e-05 -0.000322983 -0.000187175 0.000322209 0.00165089 0.000119123 -0.00558506 -0.00233505 -0.0106333 -0.000145049 -0.00039211 0.000177047 0.000280252 -0.00242173 0.00137279 0.00160667 0.00087658 -0.000247573 0.00104322 -0.00629289 -0.000760168 0.00650861 -0.00283127
internal_weight=268503 266382 1583 1380 1064 908 2121 264799 136918 128421 127881 16740 111141 1046 8497 467 127954 103283 110095 106018 4077 16257 15829 24671 4225 3205 428 1500 291 1209
internal_count=268503 266382 1583 1380 1064 908 2121 264799 136918 128421 127881 16740 111141 1046 8497 467 127954 103283 110095 106018 4077 16257 15829 24671 4225 3205 428 1500 291 1209
is_linear=0
shrinkage=0.03


Tree=80
num_leaves=31
num_cat=0
split_feature=40 71 18 73 25 110 7 124 16 61 0 75 73 31 70 33 41 17 138 11 48 66 97 127 66 14 54 35 65 96
split_gain=24.1126 61.9502 61.0379 64.0144 47.7197 44.0559 51.2707 37.8799 46.599 37.1856 36.3885 40.3625 34.9493 33.7981 49.9297 35.4915 34.2542 32.4759 34.7806 32.4682 32.4174 30.9017 26.2917 25.8746 31.5362 28.6812 43.2796 32.268 54.6705 27.5471
threshold=-0.030013849958777424 0.57828667759895336 1.0247478485107424 0.5000000149011613 0.034518336877226836 0.34166666865348821 -0.048571452498435967 0.09012849256396295 0.86425837874412548 1.0794860720634463 -0.014452211093157528 0.12500000372529033 0.30000000447034841 0.0034199928632006053 0.27338159084320074 0.93892145156860363 -0.065494410693645463 1.0735219717025759 1.136916518211365 0.99700173735618602 0.96768406033515941 0.4555336087942124 0.27580194175243383 0.11051973700523378 0.53637564182281505 1.118017375469208 1.114875376224518 0.33944213390350347 0.24342105537652972 0.029117248021066192
decision_type=8 10 10 8 10 2 10 10 8 10 10 2 10 10 10 10 10 10 8 10 10 10 10 10 10 8 10 10 10 10
left_child=1 7 9 4 -4 6 -3 23 -9 13 11 -6 -13 17 -15 16 -16 -2 19 -19 -5 -8 -17 24 29 27 -27 28 -25 -1
right_child=2 5 3 20 10 -7 21 8 -10 -11 -12 12 -14 14 15 22 -18 18 -20 -21 -22 -23 -24 25 -26 26 -28 -29 -30 -31
leaf_value=0.0022413613817242337 0.00031843080838894414 0.019773814615610084 -0.0039707768489044178 0.0018082289806386426 -7.2488528029965375e-05 -0.0017129052706332003 0.012755382614051439 0.00057511860153477805 -0.0093147028003376167 0.0088591718461867325 -0.0024413186220072357 0.015277492598214001 0.0008747096713929575 -0.0097722036176548354 0.007637783215478317 7.7695022509504915e-05 -0.001272119389911258 -0.001301753240694937 0.00097505184399787495 0.00064346219657365874 -0.010314617657800722 0.0030951847081494019 0.0078731426236841144 -0.0013464198529159802 0.0067462284145228587 0.011169705174011942 -0.0076544038369693963 0.0013644709159481255 -0.011489912707465019 -0.0005874926060227165
leaf_weight=5327 151506 178 2812 181 650 1228 326 757 827 403 981 415 309 562 366 1102 24908 36268 11054 9570 1246 5305 660 1545 799 315 128 1023 737 7096
leaf_count=5327 151506 178 2812 181 650 1228 326 757 827 403 981 415 309 562 366 1102 24908 36268 11054 9570 1246 5305 660 1545 799 315 128 1023 737 7096
internal_value=-1.18906e-05 0.000862376 -0.000105263 -0.00294813 -0.00131176 0.00325531 0.00435931 -3.15727e-05 -0.00445305 -2.44534e-05 0.00174365 0.00493897 0.00972243 -4.16441e-05 -0.00102867 -0.000828737 -0.00112529 8.77134e-05 -0.000521322 -0.000888988 -0.0085659 0.0037507 0.00322161 0.000368232 0.00100658 -0.00179747 0.00498704 -0.00282161 -0.00482407 0.000603067
internal_weight=268584 25591 242993 6594 5167 7037 5809 18554 1584 236399 2355 1374 724 235996 27598 27036 25274 208398 56892 45838 1427 5631 1762 16970 13222 3748 443 3305 2282 12423
internal_count=268584 25591 242993 6594 5167 7037 5809 18554 1584 236399 2355 1374 724 235996 27598 27036 25274 208398 56892 45838 1427 5631 1762 16970 13222 3748 443 3305 2282 12423
is_linear=0
shrinkage=0.03


Tree=81
num_leaves=31
num_cat=0
split_feature=40 36 18 19 140 78 71 0 83 119 22 109 75 18 67 73 92 55 31 70 10 49 39 114 46 41 41 40 1 77
split_gain=23.4519 59.3106 46.4643 59.1177 41.8968 36.8307 49.14 45.7416 60.9351 48.291 53.0292 35.2531 49.593 54.8478 33.483 32.1832 31.322 30.3897 30.3087 47.0301 37.911 37.2452 41.5563 51.8213 42.5071 33.7491 39.2262 45.1657 33.0585 31.674
threshold=-0.030013849958777424 0.82054606080055248 1.0241678357124331 1.0405353307724001 1.8281202316284182 0.70000001788139354 0.58262097835540783 -0.019971032626926895 0.30000000447034841 0.33009706437587744 0.99990662932395946 0.18333333730697635 0.82500001788139354 1.0275376439094546 0.38363094627857214 0.5000000149011613 0.25693911314010626 1.0436312556266787 0.0034199928632006053 0.27338159084320074 1.0104907155036928 0.82702705264091503 -0.013340994715690611 0.73255842924118053 1.1275402307510378 -0.065494410693645463 -0.04768401384353637 -0.0098037826828658563 0.02121636271476746 0.091666668653488173
decision_type=8 10 10 10 8 10 10 10 10 10 10 2 2 10 10 10 10 10 10 10 10 8 8 10 10 10 8 10 10 2
left_child=1 5 18 4 15 7 -7 -1 9 -9 -11 12 -3 -14 -8 -4 -5 -16 21 20 -20 -2 23 24 -23 -21 27 -27 -25 -24
right_child=2 11 3 16 -6 6 14 8 -10 10 -12 -13 13 -15 17 -17 -18 -19 19 25 -22 22 29 28 -26 26 -28 -29 -30 -31
leaf_value=-0.0078367873650288661 0.0052748575439469638 0.0044381131612530869 -0.003528662252697482 -0.0014209242629005306 0.0076454102376648158 0.00020320917467683323 0.013138911034320147 0.012436548311847682 0.0063221055897204866 -0.0078016088109666721 0.0036829749340395526 0 0.0057892904901906041 0.03111420271399919 0.0014116977199908625 -0.0097530206280850591 0.0050758193151625615 0.0094764111451063615 -0.015439473451773052 0.0077672853756472369 0 0.00018137809656850579 -0.00072552947525131133 0.002173564139578448 0.0047450142247989786 -0.012271924055487844 -0.00069126166835503785 0.0024782954004823193 0.010767759327917618 0.00016349278355963338
leaf_weight=980 1224 1265 2969 1805 199 16135 342 133 837 1327 441 782 237 146 2413 1158 1004 533 341 384 225 12418 48154 1009 2171 537 26025 227 822 142788
leaf_count=980 1224 1265 2969 1805 199 16135 342 133 837 1327 441 782 237 146 2413 1158 1004 533 341 384 225 12418 48154 1009 2171 537 26025 227 822 142788
internal_value=-7.69175e-06 0.000854995 -9.9596e-05 -0.00248182 -0.0046852 0.000370769 0.000905943 -0.00233464 -0.000213952 -0.00328377 -0.00476002 0.00530318 0.00776725 0.0172526 0.00424166 -0.00538612 0.000814582 0.003026 -2.61999e-05 -0.000958461 -0.00941409 9.64196e-05 6.39003e-05 0.00151188 0.000886598 -0.000764507 -0.000903698 -0.00755526 0.00626853 -5.91928e-05
internal_weight=269031 25571 243460 7135 4326 23141 19423 3718 2738 1901 1768 2430 1648 383 3288 4127 2809 2946 236325 27739 566 208586 207362 16420 14589 27173 26789 764 1831 190942
internal_count=269031 25571 243460 7135 4326 23141 19423 3718 2738 1901 1768 2430 1648 383 3288 4127 2809 2946 236325 27739 566 208586 207362 16420 14589 27173 26789 764 1831 190942
is_linear=0
shrinkage=0.03


Tree=82
num_leaves=31
num_cat=0
split_feature=56 36 49 18 44 104 44 12 102 38 57 29 37 81 43 17 15 29 11 14 8 29 28 5 53 43 13 42 113 28
split_gain=28.6967 49.2712 26.9535 64.7949 46.809 46.6241 71.0477 40.8168 34.7537 28.8641 48.0761 36.1321 29.0257 49.2215 34.9053 27.8351 42.829 66.6255 51.3485 40.0032 55.901 40.1252 32.6406 43.8673 31.8257 36.9373 28.8229 25.0469 24.9585 25.4762
threshold=0.89488443732261669 0.54265645146369945 0.82702705264091503 0.94447627663612377 1.0097407698631289 0.38750000298023229 1.0191083550453188 0.99453261494636547 0.4660919606685639 -0.024529799818992611 0.94463425874710094 0.0098600983619689959 0.66664040088653576 0.35000000894069677 1.0594827532768252 1.0735219717025759 0.87622866034507763 0.0036034648073837165 0.98866608738899242 0.97993829846382152 -0.52380898594856251 -0.00018738250219030303 0.026770328171551231 0.0046620431821793326 1.0638811588287356 1.1440589427948 1.1154526472091677 0.08117407932877542 0.93103402853012096 0.014968141447752716
decision_type=8 10 8 10 10 2 10 10 2 8 10 10 10 2 10 10 8 10 10 10 10 10 10 10 10 10 10 10 10 10
left_child=1 -1 3 -2 27 6 -6 -8 -7 10 11 -4 13 -12 -14 22 17 18 -17 20 -18 -21 24 -24 26 -26 -11 -5 29 -3
right_child=2 28 9 4 5 8 7 -9 -10 15 12 -13 14 -15 -16 16 19 -19 -20 21 -22 -23 23 -25 25 -27 -28 -29 -30 -31
leaf_value=0 -0.010397603913204361 0 0 0.0023404582529220471 -0.020619498793520544 0.016034727461748517 -0.0048884917076808592 0.01126207345416053 0 0.00015065352390673334 -0.016669217532622099 -0.02213287377158207 -0.0088024863008467936 0 0.0085087474370307298 0.022933045108029508 0.00189525415153411 -0.0032255237770286299 0 -0.00067333219731502707 -0.0032610088921596605 0.0012683879367297467 -0.0023962552110857235 0.015967303752515684 0.0051406751709263719 -0.0036228850509821106 -0.0092995077758337014 0.024834483881812478 -0.0029677721058284918 -0.019670548817105785
leaf_weight=1302 214 101 101 109 126 303 245 253 219 192257 210 184 108 526 391 239 2292 267 121 43632 9141 12187 154 252 2184 482 270 157 396 269
leaf_count=1302 214 101 101 109 126 303 245 253 219 192257 210 184 108 526 391 239 2292 267 121 43632 9141 12187 154 252 2184 482 270 157 396 269
internal_value=-7.77e-06 -0.00351186 1.85448e-05 0.00384586 0.00632914 0.00322959 -0.00191204 0.0028554 0.00977316 -4.09566e-06 -0.0041002 -0.014867 -0.00117919 -0.00509293 0.00398917 1.87056e-05 -0.00050338 0.00714432 0.0153897 -0.000581243 -0.00219962 -0.00024372 0.000201452 0.00851211 0.000181759 0.0034294 0.000134878 0.0174742 -0.00944353 -0.0150975
internal_weight=268692 2068 266624 1626 1412 1146 624 498 522 264998 1520 285 1235 736 499 263478 67879 627 360 67252 11433 55819 195599 406 195193 2666 192527 266 766 370
internal_count=268692 2068 266624 1626 1412 1146 624 498 522 264998 1520 285 1235 736 499 263478 67879 627 360 67252 11433 55819 195599 406 195193 2666 192527 266 766 370
is_linear=0
shrinkage=0.03


Tree=83
num_leaves=31
num_cat=0
split_feature=115 126 10 17 139 133 4 102 43 12 63 28 13 42 57 40 52 79 115 1 1 33 45 40 57 53 49 109 102 19
split_gain=23.1329 48.5539 29.2144 45.047 36.0245 33.355 32.3272 30.1388 30.0338 28.0099 26.7973 25.7316 35.8295 35.4357 56.0178 34.6157 26.4288 24.9255 23.9801 23.4884 24.8754 56.3805 33.3455 61.6416 42.8544 31.265 33.0628 52.0485 32.4996 31.8665
threshold=0.73770478367805492 0.4145002961158753 1.0172446370124819 0.7724512815475465 0.75542670488357555 0.2740777730941773 0.45833173394203192 0.5825757384300233 1.0321464538574221 1.012279808521271 0.72499999403953563 0.010972735472023489 0.98820137977600109 0.037765625864267356 0.88557571172714245 -0.014634739141911266 0.75272971391677868 0.15000000223517421 0.70694875717163097 0.011033099610358478 0.05543711036443711 0.9421004354953767 1.1235955357551577 -0.065636210143566118 0.94463425874710094 1.0794011354446413 0.82702705264091503 0.29285715520381933 0.48181217908859258 0.95062643289566051
decision_type=10 10 10 8 8 10 10 2 10 10 10 8 10 8 8 10 10 2 10 8 10 10 10 10 10 10 8 2 2 8
left_child=1 19 4 6 -2 -5 -4 -7 -6 11 -10 12 15 -13 -15 -3 -14 -8 -16 -1 25 22 24 -24 -22 26 27 -21 -27 -28
right_child=2 9 3 5 8 7 17 -9 10 -11 -12 13 16 14 18 -17 -18 -19 -20 20 21 -23 23 -25 -26 28 29 -29 -30 -31
leaf_value=0.00064354029216998748 0.0016848082798197879 -0.012137027371106395 -0.0094078176536323884 0 -0.0021635238570580045 0.012032968123183798 0.011352759781237466 -0.0011603176179369526 -0.015008088571591936 -0.0063949403139995408 0 -0.00075616139430096556 0.012214861930338411 -0.00070189436255958663 0.023025190368853508 0.00093054836688707097 0.0028540737092967341 -0.0056380720926268437 0.0062543081671193046 0.012405115061516384 -0.0073221368727411761 0.012561722664155079 -0.0039037416156774783 0.005796526213885358 0.00068500749758989492 -0.0075303148985621472 -0.0030120760863014281 -7.318020328998302e-05 0.00044157036357409473 -0.00012454967526174247
leaf_weight=43636 2053 184 416 723 8949 623 146 149 307 220 174 225 418 189 280 1570 1124 104 211 465 752 387 747 2214 2505 1033 3495 670 695 194209
leaf_count=43636 2053 184 416 723 8949 623 146 149 307 220 174 225 418 189 280 1570 1124 104 211 465 752 387 747 2214 2505 1033 3495 670 695 194209
internal_value=7.85179e-07 6.62775e-05 -0.00120068 0.00192006 -0.00181638 0.00488715 -0.00425127 0.00914281 -0.00261232 0.00317594 -0.00994363 0.00377615 0.00238805 0.00834632 0.0117223 -0.000392549 0.00570754 0.0032794 0.0169321 1.00185e-05 -0.00012202 0.00168224 0.00091892 0.00323894 -0.0011056 -0.000183094 -0.000146398 0.00490562 -0.00418404 -0.000177412
internal_weight=268873 255229 13644 2161 11483 1495 666 772 9430 4421 481 4201 3296 905 680 1754 1542 250 491 250808 207172 6605 6218 2961 3257 200567 198839 1135 1728 197704
internal_count=268873 255229 13644 2161 11483 1495 666 772 9430 4421 481 4201 3296 905 680 1754 1542 250 491 250808 207172 6605 6218 2961 3257 200567 198839 1135 1728 197704
is_linear=0
shrinkage=0.03


Tree=84
num_leaves=31
num_cat=0
split_feature=38 11 39 33 58 32 26 25 50 7 54 139 91 48 56 13 12 73 52 39 46 24 49 33 95 39 35 40 37 26
split_gain=22.9845 38.4069 37.9894 46.6791 46.8098 43.8519 43.7416 37.4861 49.5789 40.1434 37.2322 33.9066 33.3695 32.3579 33.8609 30.9106 30.8848 29.8606 29.448 35.1309 29.8215 30.857 34.4707 30.4882 48.6158 29.6418 27.9227 27.2782 34.6616 27.0631
threshold=-0.00092451207456178952 0.98344868421554577 -0.0029460421064868565 0.41976623237133032 0.93869161605834972 0.00037398509448394185 0.02837330382317305 0.028627655468881134 0.82554900646209728 -0.0069685345515608779 0.97979608178138744 1.0465816855430605 0.42997498810291296 0.910840004682541 0.89488443732261669 0.99174851179122936 0.99361914396286022 0.90000000596046459 0.59931728243827831 -0.020738355815410611 1.2629104256629946 0.011822028085589411 0.91203448176383983 0.68481874465942394 -0.11367664858698844 -0.0025828025536611672 0.78800553083419811 -0.019118837080895897 0.31735126674175268 0.022329875268042091
decision_type=10 10 10 10 10 10 10 8 8 10 10 10 10 10 10 10 10 10 10 10 10 8 10 10 10 10 10 10 10 10
left_child=1 2 7 5 13 -4 11 9 27 -1 17 -6 -10 14 -5 -8 -7 -3 19 -12 21 26 -23 25 -25 -22 -20 -9 -29 -2
right_child=29 10 3 4 6 16 15 8 12 -11 18 -13 -14 -15 -16 -17 -18 -19 20 -21 23 22 -24 24 -26 -27 -28 28 -30 -31
leaf_value=-0.019687777300722489 0.00028142113725091193 0.0023110132636364024 0.0029906883248898746 0 0.00052988476377490291 0.024379363940806798 -0.0028203052716885028 0.0041552878698551815 0.0012768871682231021 -0.0020512489614412303 0.0010789692757900283 0.014885594377463514 0.009082588579510947 -0.004163662754520253 0.013934108103050073 0.0070482569094856441 0.0054062407838205827 -0.0071342778428284161 0.00062676653025798158 -0.018419688430553423 -0.0043718858210200938 0.0019264086115119334 -0.00035883681510202799 0.016078886761903187 0.00049109973276740518 0.006733723239620795 0.0035230890228956906 6.1825609232212203e-05 -0.012591883744584286 -0.00056476156945115821
leaf_weight=126 52739 346 502 240 392 236 2052 211 1624 921 109 277 776 123 608 300 202 1079 30030 147 498 6454 69440 370 415 350 3392 275 405 94046
leaf_count=126 52739 346 502 240 392 236 2052 211 1624 921 109 277 776 123 608 300 202 1079 30030 147 498 6454 69440 370 415 350 3392 275 405 94046
internal_value=-4.75268e-06 0.000298559 0.00215488 0.00395153 0.00240915 0.0100025 0.000444296 3.46172e-05 0.00167789 -0.00478411 0.000142756 0.00716884 0.0039789 0.0080872 0.0102648 -0.00138627 0.0169024 -0.00463304 0.000207473 -0.00955399 0.000234418 0.00017105 -0.000160092 0.00424152 0.00842782 0 0.000931616 -0.00414209 -0.00719045 -0.000258693
internal_weight=268685 121900 9270 4932 3992 940 3021 4338 3291 1047 112630 669 2400 971 848 2352 438 1425 111205 256 110949 109316 75894 1633 785 848 33422 891 680 146785
internal_count=268685 121900 9270 4932 3992 940 3021 4338 3291 1047 112630 669 2400 971 848 2352 438 1425 111205 256 110949 109316 75894 1633 785 848 33422 891 680 146785
is_linear=0
shrinkage=0.03


Tree=85
num_leaves=31
num_cat=0
split_feature=137 86 40 71 85 29 16 41 61 100 16 30 10 58 61 14 56 42 30 24 117 66 42 86 38 29 1 35 26 37
split_gain=25.8632 35.5674 33.3927 60.585 41.968 41.7516 46.6971 39.7398 40.6131 38.6955 34.5136 33.1201 32.9462 32.9033 45.8442 31.6417 40.2188 32.3201 35.9369 34.4633 30.0316 28.657 27.014 26.8412 26.7797 25.0987 24.8837 30.3936 26.359 37.3426
threshold=0.5371685028076173 0.15000000596046451 -0.030013849958777424 0.57391321659088146 0.67499998211860668 -0.00037715902726631606 1.1087290644645693 -0.036618491634726517 0.81098023056983959 0.64495798945426952 0.8876493275165559 0.0016289378982037308 1.0585195422172549 1.0098882317543032 0.97889050841331493 0.97736284136772167 0.99176496267318737 0.039300264790654189 -0.003258690237998962 0.050988094881176955 0.61267882585525524 0.48304596543312078 0.037022422999143607 0.65000000596046459 -0.008965514134615658 -0.0023036688799038525 0.05543711036443711 0.46542491018772131 0.057045888155698783 0.45176890492439276
decision_type=10 2 8 10 2 8 10 8 10 2 8 10 10 10 10 8 10 10 10 10 10 10 10 2 10 10 10 10 10 10
left_child=2 -2 3 4 26 10 7 8 -7 12 20 -10 21 14 24 16 -12 19 -19 -17 23 -5 -23 25 -8 -4 28 -28 -1 -30
right_child=1 -3 5 9 -6 6 13 -9 11 -11 15 -13 -14 -15 -16 17 -18 18 -20 -21 -22 22 -24 -25 -26 -27 27 -29 29 -31
leaf_value=0.0005222541823846975 0.00091669650695446532 -0.00023545161422632304 -0.020649373732492558 0.013794247259491715 -0.0069815819301403351 0.0031581307249743278 0.0084078556001902765 1.0586311205900974e-05 -0.0010447197681528397 -7.805443087651144e-05 0.004616994713489875 -0.017201671861333201 0.021963763213792783 -0.0054151705068451999 0.007468258214250947 -0.00089660839616487707 -0.0084176348253832672 -0.007462189384612578 0.0059762842296120335 0.0045274856183462739 0 0.0014087369443711193 0.0078261354677502757 -0.0015770588527898061 -0.0030711512169575381 -0.0052007610628784142 -0.00011137000617094125 0.0085241323931411813 0.00080170229315879558 -0.008305179556685317
leaf_weight=8487 52912 43684 234 310 720 213 214 81979 241 1335 226 317 102 279 1853 65236 961 176 1141 1035 480 1799 997 377 786 291 624 687 714 772
leaf_count=8487 52912 43684 234 310 720 213 214 81979 241 1335 226 317 102 279 1853 65236 961 176 1141 1035 480 1799 997 377 786 291 624 687 714 772
internal_value=0 0.00039261 -0.000220396 0.00105569 -3.80878e-05 -0.000357757 8.25974e-05 -5.03289e-05 -0.0067431 0.00399903 -0.000900958 -0.0110201 0.00577861 0.00366783 0.00469201 -0.00080062 -0.00565196 -0.000709335 0.00387126 -0.000806031 -0.00559764 0.005014 0.00384292 -0.00877274 -0.000203833 -0.013142 0.000389986 0.00424856 -9.47099e-05 -0.00377772
internal_weight=269182 96596 172586 16547 12004 156039 85882 82750 771 4543 70157 558 3208 3132 2853 68775 1187 67588 1317 66271 1382 3106 2796 902 1000 525 11284 1311 9973 1486
internal_count=269182 96596 172586 16547 12004 156039 85882 82750 771 4543 70157 558 3208 3132 2853 68775 1187 67588 1317 66271 1382 3106 2796 902 1000 525 11284 1311 9973 1486
is_linear=0
shrinkage=0.03


Tree=86
num_leaves=31
num_cat=0
split_feature=41 56 78 116 59 76 124 60 65 16 24 13 36 40 28 82 48 81 27 28 77 77 11 28 53 14 14 15 16 10
split_gain=21.7006 79.541 45.7962 58.0502 43.7491 42.6818 40.5186 37.4724 36.1834 35.793 40.9522 50.4726 49.6986 42.8445 42.3769 29.8038 37.9925 50.3406 44.7825 41.1776 27.644 40.507 46.7025 40.3533 43.1233 43.7169 48.8974 40.9871 38.1269 38.2569
threshold=-0.0021077073179185386 0.94692340493202221 0.5000000149011613 0.70301687717437755 0.95892739295959484 0.41666667163372045 -0.052631862461566918 1.0331577658653261 0.89736840128898632 0.72948259115219127 0.037430591881275184 0.84643420577049266 0.41951823234558111 -0.024438366293907162 0.013039942365139725 0.17500000447034839 0.98302948474884044 0.18333333730697635 0.065172109752893462 0.0077069399412721404 0.091666668653488173 0.14166667312383655 0.95833334326744091 0.01345943007618189 0.98849099874496471 1.0579190850257876 0.97736284136772167 0.9162871539592744 0.93312442302703869 1.0046512484550478
decision_type=10 8 8 10 8 2 10 8 10 8 10 8 10 10 10 2 10 2 10 10 2 2 10 8 10 10 8 8 10 10
left_child=1 -1 15 4 8 7 -7 -6 -4 10 14 12 -12 -13 -2 -3 17 19 -19 -17 23 22 -22 24 27 26 -26 -11 -24 -30
right_child=9 2 3 -5 5 6 -8 -9 -10 20 11 13 -14 -15 -16 16 -18 18 -20 -21 21 -23 28 -25 25 -27 -28 -29 29 -31
leaf_value=0.018855137944777438 -0.0055738252711564516 2.7098120192782448e-05 -0.012290084900152454 0.0053411071315974216 -0.0011786623147630388 0.0011373742132790245 -0.00065306487695050393 0.0009734793615178575 0.0019511754612677992 0.011961076925422347 -0.0078434163299511729 0.0016548248671708588 0.01557197831240046 -0.013476361040311375 0.014264729767787055 -0.006526776226483893 -0.00040736950240502414 -0.0031100169676408196 0.0023600461083119213 -0.00013991710845637082 -0.010622255595352126 0.00042764340477589343 -0.0015262283248305662 -0.0042783307515987367 -0.0019326609785357963 -0.006638265000322956 0.00064835871406735638 0.0017305688297472317 0.0063421091554388201 0.0018814512252849161
leaf_weight=176 150 9945 452 1818 32786 36597 16258 9192 186 425 132 168 140 737 175 4320 8554 3561 2087 1273 209 95315 1397 2187 9818 965 19925 2336 3060 4644
leaf_count=176 150 9945 452 1818 32786 36597 16258 9192 186 425 132 168 140 737 175 4320 8554 3561 2087 1273 209 95315 1397 2187 9818 965 19925 2336 3060 4644
internal_value=6.17057e-05 -0.000221368 -0.000253124 5.89371e-05 -3.96042e-05 1.07233e-05 0.000580929 -0.000700022 -0.00774921 0.000317785 -0.00424252 -0.00692663 0.00342232 -0.0103681 0.00444659 -0.00128341 -0.00195631 -0.00310554 -0.00103464 -0.00513221 0.000369348 0.000616207 0.0025095 -0.000346537 -7.82584e-05 -0.000410723 -0.000194268 0.00348792 0.00286658 0.00370388
internal_weight=268988 127205 127029 97289 95471 94833 52855 41978 638 141783 1502 1177 272 905 325 29740 19795 11241 5648 5593 140281 104625 9310 35656 33469 30708 29743 2761 9101 7704
internal_count=268988 127205 127029 97289 95471 94833 52855 41978 638 141783 1502 1177 272 905 325 29740 19795 11241 5648 5593 140281 104625 9310 35656 33469 30708 29743 2761 9101 7704
is_linear=0
shrinkage=0.03


Tree=87
num_leaves=31
num_cat=0
split_feature=35 62 29 13 59 38 35 69 26 83 27 27 93 10 139 130 96 24 111 54 11 1 25 1 62 42 1 26 55 55
split_gain=25.1292 40.5077 42.5703 39.871 61.4506 41.0112 31.3096 31.3048 58.6765 49.0796 46.9822 41.4607 38.2946 34.0449 32.7939 31.1247 42.5627 30.8154 32.2736 30.1137 30.0498 29.8085 34.254 56.3116 53.6291 52.3177 42.0497 31.8607 31.2051 44.1589
threshold=0.47035750746726995 1.0119310021400454 0.0033268779516220097 0.96610167622566234 0.96693924069404613 0.012500000651925804 0.61149740219116222 0.6852967143058778 0.094133511185646071 0.30000000447034841 0.092828456312417998 0.11268211528658868 0.76132255792617809 1.0163054466247561 0.8050924837589265 1.1075958013534548 0.2497154697775841 0.018862957134842876 -0.033908046782016747 1.106126666069031 0.95833334326744091 0.053518986329436309 0.021754167973995212 0.036612650379538543 0.96439045667648327 -0.082752745598554597 0.017819703556597236 0.055582743138074882 1.0753948092460635 1.0047569274902346
decision_type=10 10 10 8 8 10 10 10 10 10 10 10 10 10 10 10 10 10 2 10 10 10 8 10 8 10 10 10 10 10
left_child=1 19 20 5 15 7 -7 9 11 -2 -11 13 -12 -9 -10 16 -5 -18 -19 21 -3 22 23 25 26 -1 -24 -26 29 -23
right_child=3 2 -4 4 -6 6 -8 8 14 10 12 -13 -14 -15 -16 -17 17 18 -20 -21 -22 28 24 -25 27 -27 -28 -29 -30 -31
leaf_value=0.011098070860860874 -0.010978739185544735 -0.011413535882524709 0.0056088909481721762 0.0015276597932228899 0.00025257718493433475 0.00010751858218965759 -0.0078990367668637911 -0.00073103739214394853 -0.0042985586356371645 -0.0037715061475541516 0 -0.009265782238242655 0.016034610715109941 0.0033605632298425664 0.011851160557488711 0.0005334595705652692 0.00042487057787619285 0.016376974872476247 0.006178266485010955 -0.0066129297765192621 -0.0017333816547243637 0.0045917285560098837 -0.0039392424549219924 -0.0043875860498146383 0 0.00031273949553342953 -0.0010042227252604443 0.0042757147505255635 0.014224064806911432 -0.0035878332021391001
leaf_weight=389 591 287 665 3690 100266 561 1249 10992 100 1717 379 435 195 2173 538 4402 716 379 2129 617 17253 1814 5962 2276 14235 73602 18483 1756 194 823
leaf_count=389 591 287 665 3690 100266 561 1249 10992 100 1717 379 435 195 2173 538 4402 716 379 2129 617 17253 1814 5962 2276 14235 73602 18483 1756 194 823
internal_value=-2.25357e-05 -0.000305231 -0.00162428 0.000274853 0.00049265 -0.000992279 -0.00527946 -0.000515886 4.21322e-05 -0.00335734 -0.00118347 -0.000359501 0.00591938 -2.88562e-05 0.00881021 0.00258917 0.00384941 0.00638847 0.0079555 -0.000102638 -0.00192168 -6.54234e-05 -0.000141894 0.000229262 -0.00084912 0.000376479 -0.00173496 0.000486771 0.00296059 0.00191821
internal_weight=268868 138356 18205 130512 111582 18930 1810 17120 14238 2882 2291 13600 574 13165 638 11316 6914 3224 2508 120151 17540 119534 116703 76267 40436 73991 24445 15991 2831 2637
internal_count=268868 138356 18205 130512 111582 18930 1810 17120 14238 2882 2291 13600 574 13165 638 11316 6914 3224 2508 120151 17540 119534 116703 76267 40436 73991 24445 15991 2831 2637
is_linear=0
shrinkage=0.03


Tree=88
num_leaves=31
num_cat=0
split_feature=77 77 76 74 86 28 15 21 38 72 17 39 14 15 125 102 38 18 42 138 87 8 33 16 0 42 34 9 38 35
split_gain=28.3115 50.3391 59.5179 41.4925 39.1438 38.6889 54.3659 39.6281 40.0511 44.7414 38.0464 53.7864 37.111 35.7479 31.9557 35.11 43.9534 44.5904 40.0898 40.6771 31.2895 34.1016 31.0649 30.7587 30.4072 36.6558 30.1461 30.0445 29.1018 29.0402
threshold=0.091666668653488173 0.27500000596046453 0.050000002607703216 0.75000000000000011 -0.88333332538604725 0.01345943007618189 0.90014752745628368 0.98759004473686229 0.0088932989165186899 0.44221092760562902 1.0956630706787112 -0.0064578659366816274 0.86634615063667308 0.94244870543479931 -0.44516125321388239 0.52041664719581615 -0.012160136830061672 1.0140640735626223 -0.12743758410215375 0.85117658972740184 -0.67500001192092884 0.88235512375831615 0.11792489141225816 1.070900082588196 0.0072859672363847503 0.08117407932877542 0.24096271395683291 1.0044378638267519 -0.0014804758829995988 0.56727561354637157
decision_type=2 2 2 2 2 10 8 10 10 10 8 10 8 8 10 2 10 10 8 10 2 8 10 8 10 10 10 10 10 10
left_child=5 2 3 -2 29 6 10 8 9 -8 -1 -12 -4 -9 -6 18 26 -18 19 -16 -5 -22 -13 24 25 -14 -17 -11 -15 -3
right_child=1 4 12 20 14 -7 7 13 -10 27 11 22 23 28 15 16 17 -19 -20 -21 21 -23 -24 -25 -26 -27 -28 -29 -30 -31
leaf_value=0.00072951626343555228 0.0046299559156341855 -0.0044784593284337175 0.010900678744186255 0.0047972766041328579 0.0023352817325082926 -0.0043483845813445761 -0.00600358453820581 0.011747191558029944 0.0026612270754710985 -0.0024873218384239781 -0.0007283485909614591 0 0.00066619336830492945 0.00072069935100483869 0.015191161064111709 0.0010921688085614297 0.00051952782034733356 0.0033607186635557077 -0.00041404794769064727 0 -0.003273135741243305 0.0073750081908904377 0.018141095403116196 -0.00083968228643566784 0.0026823928909663888 -0.005660600383757825 -0.0043970267892827677 0.0016022398418573979 -0.00082668571397622121 -0.00056553947028423288
leaf_weight=1166 6228 2954 291 958 5343 2278 2701 207 1395 6732 257 104 19114 18650 278 1275 40546 5733 95119 372 1845 285 436 11500 7164 835 2495 2017 26137 4519
leaf_count=1166 6228 2954 291 958 5343 2278 2701 207 1395 6732 257 104 19114 18650 278 1275 40546 5733 95119 372 1845 285 436 11500 7164 835 2495 2017 26137 4519
internal_value=4.40605e-05 0.000213716 0.00106258 0.0032203 -4.2525e-05 -0.000516298 -0.000363905 -0.000535825 -0.0020055 -0.00260387 0.00450469 0.00950746 0.0005368 -0.000108889 6.04517e-05 -2.11533e-05 0.000620448 0.000879271 -0.000359646 0.00692825 0.000269214 -0.0016535 0.0147667 0.000445327 0.00100164 0.000380947 -0.00246548 -0.0015088 -0.000175601 -0.00216014
internal_weight=268934 206854 48220 9316 158634 62080 59802 57839 12845 11450 1963 797 38904 44994 151161 145818 50049 46279 95769 650 3088 2130 540 38613 27113 19949 3770 8749 44787 7473
internal_count=268934 206854 48220 9316 158634 62080 59802 57839 12845 11450 1963 797 38904 44994 151161 145818 50049 46279 95769 650 3088 2130 540 38613 27113 19949 3770 8749 44787 7473
is_linear=0
shrinkage=0.03


Tree=89
num_leaves=31
num_cat=0
split_feature=48 58 49 42 21 12 139 74 31 35 76 138 16 10 81 103 123 52 117 14 76 31 81 30 12 17 68 1 38 57
split_gain=21.4228 45.8974 47.1624 45.8326 46.0443 49.6834 42.8836 41.7983 46.5759 38.9512 41.0855 38.6064 37.2118 36.226 34.8687 39.8596 39.0369 56.9525 38.9585 34.123 33.6269 46.7559 32.6601 56.289 60.4148 47.2169 58.3153 46.7237 38.175 32.2859
threshold=0.98130837082862865 0.98566412925720226 0.91048708558082592 -0.077356711030006395 1.0020683407783511 0.9926472306251527 1.2717773318290713 0.55000001192092907 -0.0051794676110148421 0.8147265911102296 0.58333334326744091 0.87500771880149852 0.95268580317497265 1.0585195422172549 0.050000002607703216 0.45000000298023229 0.81250128149986278 0.62122476100921642 0.53894403576850902 0.91952413320541393 0.65000000596046459 -0.0014704739442095158 0.21666666865348819 0.0078940386883914488 0.97819018363952648 0.74457627534866344 0.47058558464050299 0.073335926979780211 -0.007507138652727007 1.070821285247803
decision_type=10 8 8 8 10 10 10 2 10 10 2 10 8 10 2 2 10 10 10 8 2 10 2 10 10 8 10 10 10 10
left_child=1 14 6 4 5 -4 -3 9 -9 10 12 13 -2 -6 16 22 17 -1 -18 -17 21 -12 25 28 -25 27 -27 -16 -24 -10
right_child=7 2 3 -5 11 -7 -8 8 29 -11 20 -13 -14 -15 15 19 18 -19 -20 -21 -22 -23 23 24 -26 26 -28 -29 -30 -31
leaf_value=-0.013853352074620488 -0.0047791059120882266 0.0039171522359448636 0.007764886424773269 -0.001350323832557927 0.0079185930007704772 -0.013089104240040355 -0.0029479406451715672 0.0083671944141390925 0.0013102567940106045 0.0014967835836407772 0.013254403453562269 0 -0.00066218565733702436 -0.0078125413760629491 0.0044488068774794533 0.0086542746495873856 0.010983378405537949 -0.0018257393453332924 9.6855080332306081e-05 0.0015354796832877052 5.8335759058326464e-05 0.0019281834847698883 0.0026862389040419785 -0.022888695358436691 -0.0033274198760886407 -0.016691911658937377 0.0010390004648217696 0.023707378340618951 -0.00035457924758597613 -0.00080409394067534955
leaf_weight=364 2071 3159 115 52370 1544 307 1037 758 33535 11804 348 1340 49470 109 1258 642 341 7457 1976 12946 19207 4844 4116 142 2154 148 11187 120 36295 7861
leaf_count=364 2071 3159 115 52370 1544 307 1037 758 33535 11804 348 1340 49470 109 1258 642 341 7457 1976 12946 19207 4844 4116 142 2154 148 11187 120 36295 7861
internal_value=-6.109e-06 -0.000265856 -0.000892572 -0.00112699 0.00219842 -0.00663321 0.00214342 0.000269782 0.00104658 -0.000100141 -0.000352643 0.00357897 -0.000835218 0.00662096 0.000205418 0.000450173 -0.00142867 -0.00245769 0.00190771 0.0019061 0.000654324 0.00279284 8.72367e-05 -0.000304445 -0.00485396 0.00142499 0.000752077 0.00665566 -3.62658e-05 0.000901309
internal_weight=269025 139127 59981 55785 3415 422 4196 129898 42154 87744 75940 2993 51541 1653 79146 69008 10138 7821 2317 13588 24399 5192 55420 42707 2296 12713 11335 1378 40411 41396
internal_count=269025 139127 59981 55785 3415 422 4196 129898 42154 87744 75940 2993 51541 1653 79146 69008 10138 7821 2317 13588 24399 5192 55420 42707 2296 12713 11335 1378 40411 41396
is_linear=0
shrinkage=0.03


Tree=90
num_leaves=31
num_cat=0
split_feature=135 86 129 3 23 55 85 29 58 52 58 24 61 37 39 87 5 49 116 81 54 29 73 42 86 24 93 25 41 10
split_gain=20.3342 28.4147 27.9077 25.9383 49.0877 42.1551 34.8457 36.5578 34.3354 63.8243 35.0337 49.5456 39.1604 32.9738 29.1008 27.4822 27.904 29.3788 27.2641 33.4766 25.8851 38.7429 33.8121 25.359 24.1066 22.1162 28.7724 27.3554 23.2749 22.9937
threshold=0.2963817715644837 0.15000000596046451 1.3590931296348574 0.0066889335867017516 0.014489838853478433 0.94296574592590343 0.075000001117587103 -0.0077425772324204436 0.93869161605834972 0.80683457851409923 0.95531159639358532 0.023926112800836567 0.85658597946167003 0.42020905017852789 0.015836582519114021 0.50833332538604747 0.010447747074067594 0.95991370081901561 0.76265716552734386 0.11666667088866235 1.106126666069031 -0.0067966771312057963 0.30000000447034841 -0.038191929459571831 -0.28333334624767298 0.027186701074242595 -0.39388823509216303 0.036271099001169212 -0.04768401384353637 1.03282105922699
decision_type=8 2 10 10 8 10 2 10 10 10 10 10 10 10 10 2 10 10 10 2 10 10 10 10 2 10 10 10 10 10
left_child=3 -2 20 6 -5 18 13 23 9 -7 11 -10 -12 15 -15 16 -1 -18 19 -6 21 22 -3 -8 -16 28 -27 -28 -9 -30
right_child=1 2 -4 4 5 8 7 25 10 -11 12 -13 -14 14 24 -17 17 -19 -20 -21 -22 -23 -24 -25 -26 26 27 -29 29 -31
leaf_value=-0.0012552854319179999 0.0006690648401784042 0.00080329723787730739 -0.00092729821257604434 -0.0021604316562657054 -0.01973695578342868 0.019834371890747628 0 0.0068169562035791612 0.0023806738573511265 0.00037164834847806208 0.0077625715307395107 -0.0080221654029039025 0.00034378499975734253 0.00064590481900796354 -0.00074791930119134562 0.0020140686841737757 -0.011390379001117636 -0.0027592140985944159 0.0029136521775660145 -0.004007763871259582 -0.008957360708206864 0.00015739739734184111 0.0089905406821820504 0.017100826377771199 -0.0062651003572378712 -0.0068032859095847739 -0.0030781654293664728 0.0016507733999272689 0.00090129185768453377 -0.0053589884315218246
leaf_weight=18746 77687 1172 26689 15994 178 215 108 583 619 525 665 1001 12231 22555 3543 1916 491 1802 187 559 248 42428 836 187 936 691 1833 2652 30880 505
leaf_count=18746 77687 1172 26689 15994 178 215 108 583 619 525 665 1001 12231 22555 3543 1916 491 1802 187 559 248 42428 836 187 936 691 1833 2652 30880 505
internal_value=3.66386e-05 0.000271384 -0.000157342 -0.000253413 -0.000981522 0.000166545 1.12683e-05 0.000706468 0.000564501 0.00679424 0.00021737 -0.00388377 0.000761 -0.000503473 0.000196904 -0.00134081 -0.00166221 -0.00481962 -0.00595899 -0.00862406 0.000296038 0.000358436 0.00441491 0.0109416 -0.00199028 0.000611263 -0.00117977 -0.000220416 0.000911188 0.00078766
internal_weight=268662 149060 71373 119602 32174 16180 87428 37439 15256 740 14516 1620 12896 49989 27034 22955 21039 2293 924 737 44684 44436 2008 295 4479 37144 5176 4485 31968 31385
internal_count=268662 149060 71373 119602 32174 16180 87428 37439 15256 740 14516 1620 12896 49989 27034 22955 21039 2293 924 737 44684 44436 2008 295 4479 37144 5176 4485 31968 31385
is_linear=0
shrinkage=0.03


Tree=91
num_leaves=31
num_cat=0
split_feature=28 35 61 34 52 29 69 60 16 61 86 3 23 45 137 12 125 45 49 132 7 110 29 35 2 59 13 15 142 36
split_gain=22.9719 50.3121 28.2882 29.8987 31.9843 28.6954 38.1085 35.7225 42.4502 49.1196 43.4935 37.5507 45.0414 38.1167 29.3928 27.3862 47.2672 46.1255 28.9007 31.8642 26.2303 24.1368 24.106 23.8514 23.3164 23.2776 22.0443 21.447 21.4236 21.0405
threshold=-0.031729871407151215 0.83897969126701366 1.065459728240967 0.93846803903579723 0.97899746894836437 -0.0033976109698414798 0.22448909282684329 1.0191715359687807 1.1132972240448 0.98105034232139599 -0.58333334326744068 0.016098496504127983 0.0095678302459418791 1.1152574419975283 0.28042453527450567 0.99592754244804393 -0.16363612562417981 1.0677721500396731 0.9820183813571931 1.3281461000442507 -0.0029702562605962153 -0.45227272808551783 -0.00065830693347379554 0.79481491446495067 -0.7419353425502776 1.0647348761558535 1.0472796559333803 1.1466194391250613 0.97320476174354564 0.64658668637275707
decision_type=8 10 10 10 10 8 10 10 10 10 2 10 10 10 10 10 10 10 10 10 10 2 10 10 10 10 10 10 10 10
left_child=1 25 5 4 27 6 15 8 11 20 -11 13 -13 -7 -8 16 -2 -18 19 -17 -10 -6 24 -20 -9 -1 -24 -4 -29 -26
right_child=2 -3 3 -5 21 7 14 22 9 10 -12 12 -14 -15 -16 18 17 -19 23 -21 -22 -23 26 -25 29 -27 -28 28 -30 -31
leaf_value=-0.012442302214146791 -0.0002903436491914979 0.0073542681298913205 0.00012958669828990165 0.010014406160231066 -0.0079835317638176292 0.00011436030542470363 -0.0031297962983094707 0.00076964044268730233 0.0038461259196221026 0.0056981949948172817 0 -0.0028284230928065182 0.0032859563253354591 -0.002257884508192344 -0.00081845909878385035 -0.0058047467970334943 -0.0020287436008132246 0.0086831014214993982 -0.00044440002977183621 0.00099359381996797858 -0.0038851192043998584 0.00048673668004568316 -0.014825242149221868 0.001620864069026226 -0.0064680900315691615 -0.0013340895514392375 0 0 0.01006738127374506 0
leaf_weight=454 2493 216 667 411 325 176011 7155 1557 501 3745 1742 1247 6152 6291 17939 1650 425 1362 24317 872 1368 2153 245 6322 1187 378 110 228 726 763
leaf_count=454 2493 216 667 411 325 176011 7155 1557 501 3745 1742 1247 6152 6291 17939 1650 425 1362 24317 872 1368 2153 245 6322 1187 378 110 228 726 763
internal_value=-2.19939e-06 -0.00439421 1.41848e-05 0.00236546 0.00148078 -2.5104e-05 -0.000587177 0.000148386 0.000205924 0.00244089 0.00388465 0.000117429 0.00221018 3.06131e-05 -0.0014914 1.13221e-05 0.00227154 0.00597524 -0.00027255 -0.00334683 -0.00163511 -0.000559103 -0.00269608 -7.69248e-06 -0.00180642 -0.00789744 -0.0101198 0.00475075 0.00760468 -0.00400253
internal_weight=269012 1048 267964 4510 4099 263454 62535 200919 197057 7356 5487 189701 7399 182302 25094 37441 4280 1787 33161 2522 1869 2478 3862 30639 3507 832 355 1621 954 1950
internal_count=269012 1048 267964 4510 4099 263454 62535 200919 197057 7356 5487 189701 7399 182302 25094 37441 4280 1787 33161 2522 1869 2478 3862 30639 3507 832 355 1621 954 1950
is_linear=0
shrinkage=0.03


Tree=92
num_leaves=31
num_cat=0
split_feature=38 82 34 34 134 23 71 9 30 57 103 3 38 127 86 39 73 138 87 37 26 1 86 120 38 30 1 41 5 40
split_gain=25.0301 56.1348 43.8377 41.4474 27.6408 31.8238 26.2632 24.0903 53.1478 35.1895 29.7561 30.1126 22.6625 22.3804 36.1687 31.8686 28.1455 25.9864 25.2136 21.8503 51.024 51.9646 32.0698 33.6381 40.804 33.0544 43.017 31.3256 31.2165 29.0204
threshold=-0.024529799818992611 0.74166667461395275 0.35998004674911505 0.85607799887657177 0.74685594439506542 0.029768319800496105 0.48695684969425207 1.0431280136108401 0.0032596818637102847 1.0349206328392031 0.70833334326744091 0.0026978815440088515 -0.018076949752867218 0.21912343055009845 0.35000000894069677 0.0070943348109722146 0.5000000149011613 0.85705074667930614 0.77500000596046459 0.65231052041053783 0.094133511185646071 0.073335926979780211 -0.88333332538604725 0.69270828366279613 -0.0036016373196616765 -0.005606079474091529 0.017819703556597236 0.068205274641513838 0.0017651692614890637 -0.05670111067593097
decision_type=8 2 10 10 10 10 10 10 10 10 2 10 8 10 2 10 10 10 2 8 10 10 2 10 8 10 10 8 10 8
left_child=1 2 6 4 5 -4 -1 12 9 -9 11 -11 13 14 15 16 -2 -15 -16 22 28 -22 25 27 -25 -14 -27 -24 -21 -30
right_child=7 -3 3 -5 -6 -7 -8 8 -10 10 -12 -13 19 17 18 -17 -18 -19 -20 20 21 -23 23 24 -26 26 -28 -29 29 -31
leaf_value=-0.0073961009997665205 0.0022690256634902528 0.0026889106911746896 -0.0033225424219973571 0.0045504380972875699 0 -0.019511976391298785 0.0074866420581224426 -0.010752816701668404 0.011707622999097719 0.000932127358435736 -0.0015788533999006786 0.016265810773353939 0.0017459036629086744 -0.014098204102647463 0.0067289770717382791 0.0062867994478438046 -0.0089536448886198255 0 -0.0075710806436836715 0.0013035433023870914 0.0034285024626200811 0.020868783064186571 -0.00012379773655936185 0.0044986544481893593 0.00037774475678763739 -0.00035827723741997035 -0.0052126484946146802 -0.0033456017721957224 0.0048896529938190474 -0.0001100969180498222
leaf_weight=158 203 806 214 104 119 484 231 197 488 345 665 201 1635 289 591 172 832 259 100 21696 1191 175 156329 3011 8250 3355 3499 2755 1043 59539
leaf_count=158 203 806 214 104 119 484 231 197 488 345 665 201 1635 289 591 172 832 259 100 21696 1191 175 156329 3011 8250 3355 3499 2755 1043 59539
internal_value=-1.04118e-06 -0.00323669 -0.00709369 -0.0106241 -0.0129767 -0.0151971 0.000642154 2.37353e-05 0.00337556 0.000154128 0.002318 0.00748228 0 -0.00286302 -0.00110145 -0.00433207 -0.00646684 -0.00818244 0.00408281 2.63856e-05 0.000427538 0.00614815 -0.00015959 -6.79736e-05 0.00151222 -0.00195828 -0.00288806 -0.000181892 0.000327446 -1.74839e-05
internal_weight=268936 2116 1310 921 817 698 389 266820 1896 1408 1211 546 264924 2446 1898 1207 1035 548 691 262478 83644 1366 178834 170345 11261 8489 6854 159084 82278 60582
internal_count=268936 2116 1310 921 817 698 389 266820 1896 1408 1211 546 264924 2446 1898 1207 1035 548 691 262478 83644 1366 178834 170345 11261 8489 6854 159084 82278 60582
is_linear=0
shrinkage=0.03


Tree=93
num_leaves=31
num_cat=0
split_feature=1 47 56 42 33 34 32 34 31 53 31 110 46 40 56 29 12 34 28 59 26 41 129 118 2 13 71 86 61 59
split_gain=25.8824 37.617 42.8264 41.7377 37.2092 69.712 52.4091 45.4792 40.1456 42.5964 39.1704 56.073 29.5136 29.4692 29.2867 54.22 27.5476 38.1681 34.7372 64.3339 42.7487 27.0115 30.4162 24.5071 23.1621 22.2359 35.1966 64.9034 35.1359 34.8679
threshold=0.05543711036443711 1.1200054287910464 1.0295960903167727 1.0000000180025095e-35 0.88111582398414623 0.60565581917762767 0.0042211613617837438 0.72771203517913829 0.0012723120162263515 0.99580213427543651 0.006084578577429057 0.34166666865348821 1.0140208005905154 -0.073337990790605531 0.89488443732261669 0.010685604996979238 1.0145660638809206 0.69236642122268688 -0.013699054718017576 1.0397205948829653 0.045696560293436057 -0.040924439206719392 1.2664678096771242 0.7826087772846223 -0.3142771422863006 0.9850931465625764 0.48275865614414221 -0.71666666865348805 0.97845587134361278 0.9966048300266267
decision_type=10 8 10 10 8 10 10 10 10 10 10 2 10 10 10 10 10 10 8 10 8 10 10 10 10 8 10 2 10 10
left_child=16 4 14 13 6 -6 8 10 -2 12 -8 -12 -10 -4 -3 -16 25 18 19 23 -20 22 -15 -18 -7 26 27 28 -1 -28
right_child=1 2 3 -5 5 24 7 -9 9 -11 11 -13 -14 21 15 -17 17 -19 20 -21 -22 -23 -24 -25 -26 -27 29 -29 -30 -31
leaf_value=-0.0043078644557477536 0.00055431475994434246 0 -0.0017858567997463977 -0.0049761239609980622 0.018191626525123513 0.010266834064046057 -0.00064963627046173708 -0.007431328108650632 -0.006159047831583029 -0.0019621519041334704 0.018162803452831933 -0.004087436703890562 -0.021113010768015243 0.010707919039456112 0.005841817236267411 0.024266603543244777 0.013521266933025369 0.0014671203924497478 -0.001863734585382621 -0.0067858540541413026 -0.0089013902951731363 0.0012600580524507593 -0.0018691550038349111 0.00034666403160280181 -0.0022232873884640869 0.00018540133431182328 -0.00013173964420140697 -0.0029786069107471842 0.0022078394078983501 0.012162942797406755
leaf_weight=858 628 280 655 626 228 144 295 232 363 622 345 105 285 898 606 215 298 1888 1954 475 1462 1009 159 296 700 179348 58543 10996 4314 188
leaf_count=858 628 280 655 626 228 144 295 232 363 622 345 105 285 898 606 215 298 1888 1954 475 1462 1009 159 296 700 179348 58543 10996 4314 188
internal_value=6.94815e-06 0.00164546 0.00353844 0.00171424 -0.000419261 0.00420743 -0.00226519 0.00315062 -0.00521319 -0.00826208 0.00694622 0.0123798 -0.0136203 0.00338797 0.00868681 0.0114859 -4.48023e-05 -0.00198988 -0.00351178 0.000964473 -0.00499734 0.00517349 0.00853787 0.00766988 0 2.92616e-06 -0.000429945 -0.0016695 0.00105672 -8.31505e-05
internal_weight=269015 8395 4448 3347 3947 1072 2875 977 1898 1270 745 450 648 2721 1101 821 260620 6373 4485 1069 3416 2066 1057 594 844 254247 74899 16168 5172 58731
internal_count=269015 8395 4448 3347 3947 1072 2875 977 1898 1270 745 450 648 2721 1101 821 260620 6373 4485 1069 3416 2066 1057 594 844 254247 74899 16168 5172 58731
is_linear=0
shrinkage=0.03


Tree=94
num_leaves=31
num_cat=0
split_feature=74 40 71 69 61 72 31 53 21 39 59 72 27 22 10 17 36 27 83 42 59 15 102 132 97 75 39 62 40 15
split_gain=23.3663 34.4614 63.1773 48.0834 34.3386 58.5111 55.1508 78.3044 40.9181 37.7416 61.0844 51.6651 39.8095 35.1505 49.1417 36.6998 31.9115 29.0771 36.7694 28.6359 66.5331 49.8244 29.0286 27.9246 43.9749 25.7192 24.3909 24.2984 57.1289 26.4265
threshold=0.55000001192092907 -0.031411696225404732 0.54398673772811901 0.18644031882286075 0.98105034232139599 0.34687718749046331 -0.0051794676110148421 1.0414485335350039 1.0296707749366762 0.038371387869119651 0.8810650408267976 0.72727271914482128 0.054243054240942008 1.040524482727051 1.018942713737488 1.0777261853218081 0.042974917218089111 0.058462811633944518 -0.70000001788139332 0.078253526240587248 0.95195117592811596 0.91829547286033641 0.48304596543312078 1.2524741291999819 0.14945323765277865 0.82500001788139354 0.042240699753165252 0.91253006458282482 0.0041492185555398473 1.0533059239387514
decision_type=2 10 10 10 10 10 10 10 10 10 10 10 10 10 10 10 10 10 10 10 10 10 2 10 10 2 10 10 10 10
left_child=19 2 16 17 5 8 -6 27 -3 13 12 -12 -11 15 -15 -7 25 -4 -19 23 26 22 -22 24 -1 -2 -21 28 -8 -29
right_child=1 4 3 -5 6 9 7 -9 -10 10 11 -13 -14 14 -16 -17 -18 18 -20 20 21 -23 -24 -25 -26 -27 -28 29 -30 -31
leaf_value=-7.9653449964183648e-05 0.012057648240020926 -0.0021809573651125828 0.0038848318931427837 0.0032349698237478571 0.0065154596978155939 9.6616779372868229e-05 0.012106454166164888 -0.0062200776322253537 -0.012501284437888989 0.0029360093102809245 0.00034343638231552301 0.01678935766344462 -0.010825503591480556 0.0012989551082730592 0.014080633318460569 -0.002530687593096563 -0.0022617455032937378 0.0008741052157796213 0.024011542121161449 0 0.016174826782450757 -0.0014605508142707052 0 0.00019962469549722749 -0.0014623708989752043 -0.0014636928623271636 -0.011944903523856125 0.00049088954580895413 -0.0018124169217581282 0.0031604241882337123
leaf_weight=52365 263 6110 312 2723 1583 69031 548 1345 366 660 328 463 238 1299 349 5113 2334 117 262 375 530 258 159 60829 34763 159 195 21356 429 4048
leaf_count=52365 263 6110 312 2723 1583 69031 548 1345 366 660 328 463 238 1299 349 5113 2334 117 262 375 530 258 159 60829 34763 159 195 21356 429 4048
internal_value=3.14758e-06 0.000317062 0.00250088 0.00522839 0.000195033 -0.00011041 0.0010797 0.00075406 -0.0028471 0.000115132 0.00452445 0.0105164 -0.000540843 1.17467e-05 0.00432199 -8.11517e-05 -0.000783082 0.0123499 0.0180226 -0.000245685 0.00381449 0.00871941 0.0128881 -0.000289851 -0.000634992 0.00644867 -0.00384543 0.00112543 0.00578003 0.000930218
internal_weight=268910 119436 6170 3414 113266 83957 29309 27726 6476 77481 1689 791 898 75792 1648 74144 2756 691 379 149474 1517 947 689 147957 87128 422 570 26381 977 25404
internal_count=268910 119436 6170 3414 113266 83957 29309 27726 6476 77481 1689 791 898 75792 1648 74144 2756 691 379 149474 1517 947 689 147957 87128 422 570 26381 977 25404
is_linear=0
shrinkage=0.03


Tree=95
num_leaves=31
num_cat=0
split_feature=37 12 42 27 21 24 86 35 47 1 41 41 38 23 38 56 43 15 47 119 40 42 110 24 86 30 16 10 13 52
split_gain=20.4409 38.9417 48.3387 38.9384 37.6948 31.0613 29.437 69.301 65.1564 45.7358 52.5286 38.3355 29.7189 29.2295 37.0261 29.0233 56.7916 31.0432 51.194 28.9097 29.237 31.6196 26.3479 25.8209 24.4819 31.8077 66.5749 41.3477 36.4894 29.704
threshold=0.85060060024261486 0.98912119865417492 -0.060881262645125382 0.123217660933733 0.99378058314323436 0.040210226550698287 -0.81666666269302357 0.57536062598228466 1.4123284816741946 0.016260151751339439 0.032150665298104293 -0.045148519799113267 -0.005492730299010872 0.044783620163798339 -0.015232004690915344 1.1208275556564333 1.077308773994446 0.98915848135948192 1.0978307723999026 0.81818214058876049 -0.087533500045537935 -0.11536702886223792 -0.32456140220165247 0.027946788817644123 -0.71666666865348805 -0.00030025710293557489 0.93590077757835399 1.0097371935844424 0.98402979969978344 0.98066687583923351
decision_type=10 8 10 10 10 10 2 10 10 10 10 10 10 10 10 10 10 10 10 10 8 8 2 10 2 8 8 10 8 10
left_child=6 2 -2 5 -5 15 7 9 12 -1 11 -11 -9 14 -7 17 -17 -3 -19 24 -21 -22 -18 -13 29 26 27 -26 -28 -8
right_child=1 3 -4 4 -6 13 19 8 -10 10 -12 23 -14 -15 -16 16 22 18 -20 20 21 -23 -24 -25 25 -27 28 -29 -30 -31
leaf_value=-0.00026189423284295242 0.021282163602572127 -0.00054415392195160232 0.0032568274135311892 -0.01114871988776168 0 -0.0029822078758317146 0.0020223143392766305 0.0032831716252133174 0.014452457473942214 0.0011781827389962252 0.0044505980330936754 -0.0052017371016257682 -0.00065551381301562166 -0.0035521703328205536 0.010478623585058702 -0.0077457908606122193 -0.00085801915059699181 0.0083102277584828597 0.0011232284528996663 -0.0088166068956382904 0.008473610200982468 0.0014661785922746716 0.013775112822443541 -0.011291001308755324 -0.0068666250205220419 0.00018382151454610928 -0.0016575779571453425 -0.00036662243805159938 -2.0875299241995975e-05 -0.0012527238668217297
leaf_weight=3477 134 7558 2106 477 501 186 10138 2031 266 591 467 3837 10776 211 807 943 179 1037 6959 200 637 7790 170 916 2380 125919 15737 1556 56991 3168
leaf_count=3477 134 7558 2106 477 501 186 10138 2031 266 591 467 3837 10776 211 807 943 179 1037 6959 200 637 7790 170 916 2380 125919 15737 1556 56991 3168
internal_value=1.5993e-05 0.000908829 0.00464667 0.000448639 -0.00528248 0.000781272 -5.97754e-05 -0.00109779 0.000289488 -0.00307907 -0.0047066 -0.00557636 -3.36338e-06 0.00541743 0.00765201 0.000426103 -0.00382063 0.000802576 0.00211114 4.23601e-05 0.00174377 0.0020502 0.00581714 -0.00648051 -2.43945e-05 -0.000107678 -0.000590296 -0.00438769 -0.00037951 0.00121934
internal_weight=268145 21268 2240 19028 978 18050 246877 22361 13073 9288 5811 5344 12807 1204 993 16846 1292 15554 7996 224516 8627 8427 349 4753 215889 202583 76664 3936 72728 13306
internal_count=268145 21268 2240 19028 978 18050 246877 22361 13073 9288 5811 5344 12807 1204 993 16846 1292 15554 7996 224516 8627 8427 349 4753 215889 202583 76664 3936 72728 13306
is_linear=0
shrinkage=0.03


Tree=96
num_leaves=31
num_cat=0
split_feature=37 12 27 52 49 68 58 58 42 7 15 51 15 81 12 105 1 60 127 30 81 40 35 1 14 81 27 42 11 75
split_gain=22.6126 46.1411 57.3811 34.0408 81.3343 44.6705 53.3821 38.7399 37.5967 37.0737 44.7365 34.4868 33.0201 31.9001 31.8164 33.3518 39.5632 31.8701 28.7146 27.2705 27.2288 27.0209 29.2177 36.0879 61.6964 48.4803 31.6421 33.5882 44.9986 39.7187
threshold=0.73586568236351024 0.98941749334335338 0.12763733416795733 0.71214130520820629 0.97723639011383068 0.8048766851425172 0.9607941508293153 1.0291406512260439 0.095494747161865248 0.010618102736771108 0.87622866034507763 0.8338599205017091 0.9162871539592744 0.083333335816860213 1.0037233233451845 0.65833333134651195 0.019305027090013031 1.0071865916252138 0.23731505870819095 0.0014716127188876273 0.11666667088866235 0.034592092037200935 0.48446197807788854 0.036157062277197845 0.91378578543663036 0.21666666865348819 0.073245197534561171 0.13580123335123065 0.98305085301399242 0.17500000447034839
decision_type=10 10 8 10 10 10 10 10 10 10 10 10 10 2 10 2 10 10 10 10 2 10 10 10 10 2 10 10 10 2
left_child=21 2 -2 4 5 6 -3 -8 14 10 -7 -10 -4 -6 17 20 -17 19 -14 -5 -16 22 23 -1 -25 -26 -24 29 -29 -28
right_child=1 3 12 8 13 9 7 -9 11 -11 -12 -13 18 -15 15 16 -18 -19 -20 -21 -22 -23 26 24 25 -27 27 28 -30 -31
leaf_value=-0.00023703431336040748 0.0020138039509425424 -0.016360846683382987 0.00022392355931409889 0.0011316640226647931 0.014797092733073692 -0.0011059741737211451 -0.0045775872979037895 0.011072201490243698 0.0024083094955324293 -0.0028721305629638171 0.015299048710141407 -0.014552975571566252 0.0066490238035436383 0 0.0046423223741435754 0.0046837095658796282 -0.0050749295124066377 -0.0018750547531763302 0.027174404545418793 -0.00084909401499006724 0.0014090159974943903 -0.0015535683174285647 0.0001492436455803748 0.0070568568981126756 0.00013737585566180713 -0.005038860335078916 -0.00077155325908715572 -0.010016300748391467 0.0057539930108279113 0.0037761884638318178
leaf_weight=96814 5324 346 187 19681 305 235 2783 121 123 707 276 263 200 178 3376 491 1214 6147 157 8984 9251 11384 83641 535 2371 4501 2240 431 213 6241
leaf_count=96814 5324 346 187 19681 305 235 2783 121 123 707 276 263 200 178 3376 491 1214 6147 157 8984 9251 11384 83641 535 2371 4501 2240 431 213 6241
internal_value=1.40516e-05 0.000526322 0.0030538 0.000247569 -0.00210794 -0.00343124 -0.00527764 -0.00375164 0.000489835 0.00125885 0.00743219 -0.00855691 0.0122677 0.0091866 0.000570447 0.00175998 -0.00206904 7.13771e-05 0.0174341 0.00050025 0.00230318 -0.00013291 -4.91375e-05 -0.000395129 -0.00241493 -0.00321419 0.000336346 0.00201447 -0.00433234 0.00254076
internal_weight=268720 60349 5868 54481 4951 4468 3250 2904 49530 1218 511 386 544 483 49144 14332 1705 34812 357 28665 12627 208371 196987 104221 7407 6872 92766 9125 644 8481
internal_count=268720 60349 5868 54481 4951 4468 3250 2904 49530 1218 511 386 544 483 49144 14332 1705 34812 357 28665 12627 208371 196987 104221 7407 6872 92766 9125 644 8481
is_linear=0
shrinkage=0.03


Tree=97
num_leaves=31
num_cat=0
split_feature=28 59 30 47 5 28 86 77 114 77 141 115 45 49 7 38 119 113 76 74 42 55 54 47 34 61 7 14 28 14
split_gain=27.4191 27.1515 38.4691 23.1771 23.2885 20.8567 38.6736 30.6622 29.3482 25.6647 25.3315 21.9005 33.5764 39.3101 31.4758 47.6878 32.6424 28.3272 27.7451 25.0599 30.8161 23.3158 60.1109 54.5735 39.6885 30.1928 55.2603 39.5739 22.8589 21.4766
threshold=-0.031729871407151215 1.0647348761558535 -0.014605670236051081 1.2743538022041323 0.015483251307159664 -0.016712787561118599 0.68333333730697643 0.34166666865348821 0.44311916828155523 0.17500000447034839 1.1342313289642336 0.27927367389202123 1.1092823147773745 0.82702705264091503 -0.019827631302177903 -0.0028350260108709331 0.79856091737747203 0.53061243891716015 0.31666667759418493 0.25000000745058065 -0.10156928375363349 0.93495556712150585 0.95711976289749157 1.0097729563713076 0.5808301866054536 0.82656905055046093 0.038121290504932411 0.8771360218524934 0.013039942365139725 1.137337923049927
decision_type=8 10 10 10 10 8 2 2 10 2 10 8 8 8 8 8 10 10 2 2 10 10 10 10 10 10 10 8 10 8
left_child=1 2 -1 4 -4 6 7 9 -8 -2 -11 18 21 17 16 -16 -15 -14 -7 20 -20 22 24 -24 -13 26 -23 -27 -19 -9
right_child=5 -3 3 -5 -6 11 8 29 -10 10 -12 12 13 14 15 -17 -18 28 19 -21 -22 25 23 -25 -26 27 -28 -29 -30 -31
leaf_value=0.0040517207108099352 0.0012417464971551243 0 0.0011427757444783179 -0.021356423836074428 -0.014807857554849414 0.00037768557769637365 8.2449081169139575e-05 -0.0021353821541263977 0.012584436920646112 0.011740060280589295 0 0.010905768747025701 0.01597401268473202 -0.0049467062076722738 0.0014069939157963301 -0.0018003354617110877 0.001694419085316434 -0.0045049063241555864 0.012023013005406435 0.0082170022523135097 0.00048257479020684716 0.0040414388671431208 0.0014063627866971583 -0.013016112416719872 -0.001230346305154626 0.0058188720505958453 -0.007233569817186771 -1.6711239902360545e-06 0.0065220704911763423 0.0036390287633927833
leaf_weight=112 2286 520 148 189 106 10095 338 3022 460 491 278 260 162 3495 5854 13830 735 249 222 818 2049 3385 293 703 1708 1036 407 214756 378 669
leaf_count=112 2286 520 148 189 106 10095 338 3022 460 491 278 260 162 3495 5854 13830 735 249 222 818 2049 3385 293 703 1708 1036 407 214756 378 669
internal_value=9.44823e-06 -0.00472643 -0.00922169 -0.0132555 -0.00501388 2.9917e-05 0.00158321 0.000784117 0.00778734 0.0030224 0.00776985 -1.40434e-05 -7.87469e-05 -0.00112798 -0.001357 -0.000830794 -0.00371962 0.00530437 0.00117496 0.0036648 0.00183676 3.64621e-05 -0.0025948 -0.00853392 0.000315683 7.35787e-05 0.00272098 2.54194e-05 0.00167537 -0.000993948
internal_weight=269054 1075 555 443 254 267979 7544 6746 798 3055 769 260435 247251 24703 23914 19684 4230 789 13184 3089 2271 222548 2964 996 1968 219584 3792 215792 627 3691
internal_count=269054 1075 555 443 254 267979 7544 6746 798 3055 769 260435 247251 24703 23914 19684 4230 789 13184 3089 2271 222548 2964 996 1968 219584 3792 215792 627 3691
is_linear=0
shrinkage=0.03


Tree=98
num_leaves=31
num_cat=0
split_feature=77 77 76 23 44 76 1 115 56 44 12 51 3 14 8 31 116 59 38 49 36 60 138 49 21 78 0 87 65 53
split_gain=21.9544 43.0766 36.451 34.7199 46.5579 33.7669 45.1471 41.6408 34.2948 35.4784 33.5252 32.1515 49.7454 36.7421 57.5085 37.0441 33.2571 33.1115 36.6556 30.425 30.026 35.165 55.4899 48.5648 44.4481 29.4277 44.9963 36.9204 42.7725 41.5017
threshold=0.091666668653488173 0.27500000596046453 0.050000002607703216 0.0048806958366185435 1.0285179615020754 0.11666667088866235 0.016792622394859794 0.63594481348991405 1.1573861837387087 1.0265497565269472 0.99096703529357921 0.76901412010192882 0.0083538047038018721 0.97736284136772167 -0.52380898594856251 0.0022591268643736844 0.59810137748718273 0.98667362332344066 0.0045592959504574546 0.92336568236351024 0.61643525958061229 0.90709564089775097 0.77317187190055858 0.92442446947097789 0.93548697233200084 0.30000000447034841 0.019729374907910827 0.84166666865348827 0.67573529481887828 0.99307915568351757
decision_type=2 2 2 10 10 2 10 10 10 10 10 8 10 8 10 10 10 10 10 10 10 8 10 10 10 8 8 2 10 8
left_child=11 2 3 -2 10 6 -3 8 9 -8 -5 12 16 14 -13 17 19 18 -16 -1 21 22 24 -24 -4 26 -7 28 29 -27
right_child=1 5 20 4 -6 25 7 -9 -10 -11 -12 13 -14 -15 15 -17 -18 -19 -20 -21 -22 -23 23 -25 -26 27 -28 -29 -30 -31
leaf_value=0.0037750828065305155 0.0079352663935817157 0.00018947564454743857 -0.012164787942981391 0.0066447534859352432 0.0041232639403604365 -0.00019734472567780351 -0.00051164439323888591 0.0070007803949179602 0.002188603046599959 -0.0039700207404236446 -0.0014261675794037538 0.0022161333245512959 -0.0053726501819501456 -0.00022472745983843115 -0.004624119453457998 0.00028224531803468651 0 -0.0096580731299554176 -4.8875223690428873e-05 0.021003577889381522 -0.00079031322996461458 0.0008052681187936914 0.015019406915623411 -0.0021263807480311789 0.0089598238164994935 -0.0039514282484907843 -0.0032458449229465897 -0.0014317494932385541 0.0017590609682908646 0.00033584672224982104
leaf_weight=242 998 13314 197 508 4191 35715 4072 395 1210 9159 3552 2272 276 47957 5124 2314 286 840 2466 235 11320 26615 571 154 121 2080 4992 8888 21074 57616
leaf_count=242 998 13314 197 508 4191 35715 4072 395 1210 9159 3552 2272 276 47957 5124 2314 286 840 2466 235 11320 26615 571 154 121 2080 4992 8888 21074 57616
internal_value=-2.56906e-05 0.000121642 0.000907239 0.00260603 0.00190754 -0.000115561 -0.00105824 -0.0021969 -0.00247856 -0.00293068 -0.000315157 -0.000521602 0.00462846 -0.000615768 -0.00203097 -0.00295942 0.00867412 -0.0038833 -0.00318107 0.0133702 0.000495313 0.00103253 0.00642526 0.0110154 -0.00318469 8.58241e-05 -0.000579966 0.000391517 0.000596169 0.000180167
internal_weight=268754 206742 48227 9249 8251 158515 28150 14836 14441 13231 4060 62012 1039 60973 13016 10744 763 8430 7590 477 38978 27658 1043 725 318 130365 40707 89658 80770 59696
internal_count=268754 206742 48227 9249 8251 158515 28150 14836 14441 13231 4060 62012 1039 60973 13016 10744 763 8430 7590 477 38978 27658 1043 725 318 130365 40707 89658 80770 59696
is_linear=0
shrinkage=0.03


Tree=99
num_leaves=31
num_cat=0
split_feature=13 81 29 32 87 23 9 38 141 57 34 113 25 37 1 42 139 39 29 10 153 57 34 10 112 87 104 85 13 14
split_gain=22.7206 34.8747 31.1394 39.7423 27.0221 26.1941 22.8781 39.9432 49.721 43.9985 34.4326 39.1004 38.8743 31.6382 31.1826 27.12 54.0715 24.0601 24.0564 22.566 21.7625 18.6952 22.1458 17.4803 26.0924 14.0368 13.7989 13.5059 13.4759 12.0857
threshold=1.1154526472091677 0.050000002607703216 -0.015378217678517101 0.0030394076602533464 0.80833333730697643 0.02550370525568724 1.0487386584281924 -0.016034382395446297 1.0728723406791689 0.90433210134506237 0.87417826056480419 0.70627811551094066 0.05552965588867665 0.74202567338943493 0.096804209053516402 -0.092394061386585222 0.70302399992942821 -0.066602792590856538 -0.00037715902726631606 1.0178571343421938 0.42681285738945013 0.88557571172714245 0.8232424557209016 1.0351464748382571 -0.033615820109844201 0.15833333879709247 0.38750000298023229 -0.82500001788139332 0.99998334050178539 1.18176805973053
decision_type=10 2 8 10 2 10 10 8 10 10 10 10 10 10 10 8 10 10 8 10 10 10 10 10 2 2 2 2 8 8
left_child=2 -2 3 28 21 -5 7 8 9 -4 11 12 26 -11 15 16 -9 -14 -17 -10 -21 -3 23 24 -23 -13 -8 -24 -1 -25
right_child=1 4 6 5 -6 -7 10 14 19 13 -12 25 17 -15 -16 18 -18 -19 -20 20 -22 22 27 29 -26 -27 -28 -29 -30 -31
leaf_value=-0.002663988492159701 -0.01763706498624136 0.010328940459782438 -0.022672232017619535 -0.016116182401048063 -0.013855443688203828 1.2050093631545195e-05 -0.008947815952259441 0.00894506712433394 -0.0056637208086508769 -0.0072439816336350195 0.018393923021025129 0 0 0 -0.0073093350735160606 -0.00029475328210836274 0.00064649931155160649 0.015101568613227614 0.00029201416219290461 0.0023375808123970959 -0.0051030799214130456 -0.012896740824322656 0.0099396652299061777 0.0021367315381030112 0 -0.013381866948372434 0.0018246376328707884 0 0.0060607208456026638 -0.0064404059718362987
leaf_weight=114 124 104 120 113 138 176 109 883 510 1437 115 123 146 902 498 119577 3740 335 132490 2254 382 327 161 455 216 144 608 336 1732 190
leaf_count=114 124 104 120 113 138 176 109 883 510 1437 115 123 146 902 498 119577 3740 335 132490 2254 382 327 161 455 216 144 608 336 1732 190
internal_value=1.1594e-05 -0.00311685 3.70276e-05 0.00362892 -0.00185683 -0.00595822 6.61359e-06 -1.40235e-05 -0.00251569 -0.00569309 0.00358383 0.00198717 0.0044684 -0.00450999 3.95213e-05 5.55156e-05 0.00232786 0.0108801 1.24687e-05 0 0.00111605 -0.000622495 -0.00158761 -0.00391357 -0.00779761 -0.00763611 0 0.00332826 0.00533838 -5.64478e-05
internal_weight=268559 2051 266508 2135 1927 289 264373 262793 5605 2459 1580 1465 1198 2339 257188 256690 4623 481 252067 3146 2636 1789 1685 1188 543 267 717 497 1846 645
internal_count=268559 2051 266508 2135 1927 289 264373 262793 5605 2459 1580 1465 1198 2339 257188 256690 4623 481 252067 3146 2636 1789 1685 1188 543 267 717 497 1846 645
is_linear=0
shrinkage=0.03


Tree=100
num_leaves=31
num_cat=0
split_feature=35 62 29 38 33 29 1 41 16 8 38 38 103 29 34 32 17 84 81 60 43 125 9 11 123 114 40 33 87 1
split_gain=19.8463 36.4776 47.5085 41.5841 35.244 31.6285 52.8945 56.3019 47.0793 46.9968 44.1024 41.5207 42.5633 36.0529 41.8258 32.1043 31.1495 30.69 31.9994 30.3868 30.3842 28.6021 38.6595 37.8936 35.7079 31.0133 59.6083 52.6073 43.3147 32.8267
threshold=0.47035750746726995 1.0119310021400454 0.0029305019415915017 0.017243275418877605 0.96202111244201671 0.0034647425636649136 0.035323292016983039 -0.042950401082634919 0.8681015968322755 0.64706221222877514 -0.011798276100307701 -0.0033834696514531966 0.22500000149011615 0.00084337347652763139 0.69605603814125072 -0.0047176626976579419 1.2124081254005434 -0.55000001192092884 0.050000002607703216 0.91939815878868114 1.0343845486640932 0.48611135780811315 0.97236382961273204 0.99235180020332348 0.79200169444084179 0.7181820571422578 0.032062023878097541 0.90665245056152355 -0.62499999999999989 0.057663971558213241
decision_type=10 10 10 10 10 10 10 10 10 10 8 10 2 10 10 8 10 2 2 10 10 8 10 10 10 10 10 10 2 10
left_child=1 3 4 5 -3 6 13 10 -9 11 -8 12 -7 14 -1 19 -13 18 -5 -11 -4 25 24 -24 -23 29 28 -28 -27 -2
right_child=21 2 20 17 -6 9 7 8 -10 15 -12 16 -14 -15 -16 -17 -18 -19 -20 -21 -22 22 23 -25 -26 26 27 -29 -30 -31
leaf_value=-0.00040040474267519986 0.00014650882637291717 -0.0022087731292279806 0 -0.0010072202936691396 0.0030447596061159272 0.0022592665140931021 -0.003447781769724182 0.0023954686875985657 -0.0058502270742225434 0.01672167598385265 0.0048018303414369655 -0.00283804239658597 -0.0017542719004300772 0.0013067587982157017 0.0018003452885575913 0.00053784372764724864 -0.014223074620480046 0.0013637134975994667 0.011741941193676865 0 0.011162571830112098 -0.010781231566122271 0.00079329974796351949 -0.0030097759574951835 -0.00071843691771358896 -0.0034411904563184936 -0.0098582868473802467 0.0045665392898999657 0.0027825836972811507 0.0033673654455557765
leaf_weight=50124 101328 16118 377 184 1174 3493 964 683 3630 206 1348 9651 7193 24602 9168 6117 218 2046 618 212 399 661 6954 3499 731 1037 685 289 12340 2925
leaf_count=50124 101328 16118 377 184 1174 3493 964 683 3630 206 1348 9651 7193 24602 9168 6117 218 2046 618 212 399 661 6954 3499 731 1037 685 289 12340 2925
internal_value=1.50323e-05 -0.000233841 -0.00149055 -4.26348e-05 -0.00183166 -0.000132109 0.000134148 -0.00243687 -0.00447019 -0.00103229 0.0012334 -0.00174234 -0.00041255 0.000341286 -5.45644e-05 0.00115379 -0.00314812 0.00352277 0.00849864 0.0090464 0.00558881 0.000281608 -0.00111593 -0.0004544 -0.00579431 0.000423874 0.00173379 -0.00527066 0.0022733 0.000240381
internal_weight=268974 138525 18068 120457 17292 117609 90519 6625 4313 27090 2312 20555 10686 83894 59292 6535 9869 2848 802 418 776 130449 11845 10453 1392 118604 14351 974 13377 104253
internal_count=268974 138525 18068 120457 17292 117609 90519 6625 4313 27090 2312 20555 10686 83894 59292 6535 9869 2848 802 418 776 130449 11845 10453 1392 118604 14351 974 13377 104253
is_linear=0
shrinkage=0.03


Tree=101
num_leaves=31
num_cat=0
split_feature=46 132 36 41 44 119 0 123 83 67 11 24 89 34 41 117 39 12 14 77 14 18 36 44 70 151 27 3 27 113
split_gain=22.1637 23.9352 26.0405 25.3943 48.7788 44.3696 43.8097 39.834 37.6439 33.1898 47.9565 31.6923 31.2731 22.8782 28.7782 33.9289 24.4264 36.4559 32.8715 23.9532 23.0195 24.4432 22.8489 25.9611 22.5924 22.4526 21.5268 28.9917 38.5157 38.9434
threshold=1.0083910822868349 1.2524741291999819 0.90986391901969921 -0.027770786546170708 1.0429622530937197 0.1313128545880318 0.027596816420555118 0.21428730338811877 -0.50000001490116108 0.99583333730697643 0.98076578974723827 0.021725452505052093 -0.086307615041732774 0.7781948745250703 0.022303096018731598 0.47931872308254247 0.017792178317904476 0.99335944652557384 0.91677412390708934 0.99166667461395275 0.93541434407234203 0.98309317231178295 0.085371259599924101 1.0249221920967104 0.028985290788114074 0.50495123863220226 0.059866927564144141 0.0093847890384495276 0.084633223712444319 0.6756754219532014
decision_type=10 10 10 10 10 10 10 10 10 10 10 10 10 8 10 10 10 10 8 2 10 10 8 10 10 10 10 10 10 10
left_child=13 2 3 6 9 -6 8 -7 24 11 -11 -5 -10 14 -1 -16 17 19 -19 20 21 -15 -8 -24 -2 -3 -4 -28 -29 -30
right_child=1 25 26 4 5 7 22 -9 12 10 -12 -13 -14 16 15 -17 -18 18 -20 -21 -22 -23 23 -25 -26 -27 27 28 29 -31
leaf_value=0.00060131740224198297 -0.0011243221465580713 -0.00057855327196312454 0 -0.00036735899267751514 0.010669842864486521 -0.0012413393983864733 -0.0031978756628102726 -0.004334121160620253 0.00073696580858313796 -0.0067382851923112755 0.00021310250778288611 0.0011481054915118297 -0.0027897324185058837 0.011786121918121352 -0.0018248527355637844 0.0046078388524478878 -0.0061198008695146338 -0.0080626912841751351 -0.00041559400637109964 0 0 0.00024712010399514348 -0.0012639713959409467 0.011649174959440383 0.0015440502597459038 0.00052365673736093647 0.0011769198683149952 0.01641719757091218 0.0085556062481645864 -0.011558433265432598
leaf_weight=9633 3429 21314 2269 67380 239 29498 115 4417 3625 1656 1739 15171 5527 612 814 4084 594 566 4591 1215 407 299 124 610 14133 72802 1155 331 233 107
leaf_count=9633 3429 21314 2269 67380 239 29498 115 4417 3625 1656 1739 15171 5527 612 814 4084 594 566 4591 1215 407 299 124 610 14133 72802 1155 331 233 107
internal_value=-1.91581e-05 -0.000103274 -0.000337238 -0.000404478 -0.00059396 -0.00155407 0.000410108 -0.00165529 0.000182792 -0.00020866 -0.00310938 -8.50072e-05 -0.00136158 0.000873505 0.00159392 0.00347471 -0.000354849 6.62634e-05 -0.00134075 0.0030364 0.00580551 0.0084078 0.00704863 0.00909412 0.0010053 0.000270788 0.00200466 0.0044106 0.00934744 0.0011018
internal_weight=268689 245874 151758 147663 120100 34154 27563 33915 26714 85946 3395 82551 9152 22815 14531 4898 8284 7690 5157 2533 1318 911 849 734 17562 94116 4095 1826 671 340
internal_count=268689 245874 151758 147663 120100 34154 27563 33915 26714 85946 3395 82551 9152 22815 14531 4898 8284 7690 5157 2533 1318 911 849 734 17562 94116 4095 1826 671 340
is_linear=0
shrinkage=0.03


Tree=102
num_leaves=31
num_cat=0
split_feature=37 26 15 85 81 4 69 38 27 14 31 27 24 32 50 85 52 4 13 47 119 35 135 31 0 9 14 85 34 38
split_gain=18.496 41.8214 31.3259 33.6615 46.1049 41.7636 36.1536 44.7149 33.2726 32.3595 26.972 52.8397 43.2634 41.4749 38.4116 37.2977 38.0011 35.6077 42.4962 33.6324 33.2402 32.6604 39.5082 37.7252 36.4114 32.3064 31.9561 31.3726 31.3107 30.531
threshold=0.71216389536857616 0.12329636514186861 1.079809904098511 0.82500001788139354 0.21666666865348819 0.15384569019079211 0.3972600400447846 -0.012160136830061672 0.041931230574846275 0.82351601123809826 0.0034199928632006053 0.081693273037672057 0.035001119598746307 0.0039846475701779136 0.92218309640884411 0.37500000000000006 0.76061174273490917 0.11764931678771974 0.98979589343070995 1.0539336204528811 0.27854515612125402 0.82863280177116405 0.2963817715644837 -0.0021598102757707234 -0.00062073909793980409 1.0431280136108401 0.95745009183883678 -1.0000000180025095e-35 0.7682422697544099 0.0086887823417782801
decision_type=10 10 8 2 2 10 10 10 10 10 10 10 10 10 10 2 8 10 10 10 10 10 8 10 8 10 10 2 10 10
left_child=10 2 3 9 6 -6 -5 -8 -7 -2 15 27 14 17 20 16 -1 28 -19 -15 -13 22 23 -18 -23 29 -27 -12 -14 -17
right_child=1 -3 -4 4 5 8 7 -9 -10 -11 11 12 13 19 -16 25 21 18 -20 -21 -22 24 -24 -25 -26 26 -28 -29 -30 -31
leaf_value=-0.0039714372955873215 0.012013659130316228 0.01714137425646186 -0.00095994702327975849 0.01204372608889448 0 -0.0020875466765796608 -0.0086062672798538128 0.0010248607955215194 -0.014612297297200247 0.00086389666598523024 -0.0081471862241813686 -0.00039916649070706478 -0.014054064910533359 -0.021995680299086065 -0.0044807052650509488 0.00036640635136094392 -0.002302712674871245 0 0.013202812143553806 -0.0035383126476799935 0.0075875158838290702 0.0029515956349559086 0.00011172683190486712 -0.00047201177092899208 -0.00046804766339944061 0.017969503692584109 -0.00024109747014508759 -0.0014892813524164784 0.003852462909221649 0.0031056031525732641
leaf_weight=2488 220 115 12697 202 679 395 494 2639 544 49731 664 533 186 110 342 46204 14622 532 317 529 1826 5823 62410 34927 5128 172 101 20113 105 4014
leaf_count=2488 220 115 12697 202 679 395 494 2639 544 49731 664 533 186 110 342 46204 14622 532 317 529 1826 5823 62410 34927 5128 172 101 20113 105 4014
internal_value=-1.74178e-05 0.000410106 0.000372145 0.000685902 -0.001647 -0.00577883 0.000290668 -0.000443551 -0.00980987 0.000923796 -0.000162862 -0.00107955 0.00183749 -0.00166487 0.00424983 -2.94162e-05 -0.000308252 0.00155764 0.00485667 -0.00774199 0.00566869 -0.000231025 -0.000386114 -0.00101902 0.00132501 0.000657 0.0106518 -0.00172411 -0.00679608 0.000592475
internal_weight=268862 67716 67601 54904 4953 1618 3335 3133 939 49951 201146 25257 4480 1779 2701 175889 125398 1140 849 639 2359 122910 111959 49549 10951 50491 273 20777 291 50218
internal_count=268862 67716 67601 54904 4953 1618 3335 3133 939 49951 201146 25257 4480 1779 2701 175889 125398 1140 849 639 2359 122910 111959 49549 10951 50491 273 20777 291 50218
is_linear=0
shrinkage=0.03


Tree=103
num_leaves=31
num_cat=0
split_feature=56 31 61 50 48 10 4 29 113 39 36 56 104 43 40 22 11 57 3 121 16 58 67 86 15 13 117 84 85 13
split_gain=24.3405 33.3543 31.6119 58.2927 53.2396 66.8457 50.4443 35.8656 34.9313 48.0891 30.2194 29.0011 27.8307 23.8393 22.7953 22.694 41.6127 27.6019 26.4607 25.6751 24.1639 36.5116 32.9983 32.0494 31.2087 30.304 30.0273 21.6479 20.6214 19.4337
threshold=0.89488443732261669 0.0032716112909838562 0.78723517060279857 0.7709486484527589 0.91408309340477001 1.0163054466247561 0.11764538660645486 0.0073280020151287326 0.89655253291130077 -0.036629855632781975 0.71840566396713268 1.0047354698181155 0.18333333730697635 1.0056625008583071 -0.0015696549089625476 0.78017649054527294 0.95833334326744091 0.8959435522556306 0.01913873199373484 0.28531809151172643 0.94239220023155224 1.0040983557701113 0.91742426156997692 0.81666666269302379 0.86681655049324047 1.1154526472091677 0.53663188219070446 0.84999999403953563 0.57500001788139354 0.88428062200546276
decision_type=8 10 8 10 10 10 10 10 10 10 10 10 2 10 10 8 10 8 10 10 10 10 8 2 8 10 10 2 2 8
left_child=1 28 3 6 -5 14 10 -7 9 -8 -2 -11 27 -12 -6 16 -4 18 19 -17 21 23 24 -19 -22 -23 -24 29 -1 -3
right_child=2 12 15 4 5 7 8 -9 -10 11 13 -13 -14 -15 -16 17 -18 20 -20 -21 22 25 26 -25 -26 -27 -28 -29 -30 -31
leaf_value=-8.8033622291515615e-05 -0.018117404567335356 0.013858656426105502 0.0079616149082733702 0.021883768211731588 0.0053032172522668175 0.022095753303129129 0.012209627548627361 0 0.015682841698181797 0 0.0079578620778574128 -0.014958190557394009 -0.0078510957120466098 -0.0081532457058419473 -0.0061065985419998725 0.0058261044692656033 -0.011316208822607556 -0.0012037510629783741 0.013114521696359785 -0.0012063257367259199 0.0085366157606749163 0.0015727908343695647 -0.00090826964234294366 0.00049908553125779635 2.622126980002407e-05 -0.0079037434021558828 0.0025473692887742114 -0.0057298772254200502 0.012131067124719265 -0.00056025733682894851
leaf_weight=358 168 134 101 208 241 209 249 102 147 924 106 114 1143 191 347 831 372 43131 221 907 369 8813 2866 12632 184579 286 8938 206 140 103
leaf_count=358 168 134 101 208 241 209 249 102 147 924 106 114 1143 191 347 831 372 43131 221 907 369 8813 2866 12632 184579 286 8938 206 140 103
internal_value=3.32847e-06 -0.00320949 2.97622e-05 0.00307877 0.00848541 0.00465022 0 0.0155001 0.00266646 0.000732974 -0.00850251 -0.00191531 -0.00539256 -0.00131749 -0.000916089 -4.04343e-06 -0.00643529 6.84717e-06 0.00353732 0.00201351 -1.87112e-05 -0.000521789 0.000145647 -0.000812589 4.57439e-05 0.00122534 0.00168285 0.000367968 0.00310366 0.00686896
internal_weight=269136 2084 267052 3006 1107 899 1899 311 1434 1287 465 1038 1586 297 588 264046 473 263573 1959 1738 261614 64862 196752 55763 184948 9099 11804 443 498 237
internal_count=269136 2084 267052 3006 1107 899 1899 311 1434 1287 465 1038 1586 297 588 264046 473 263573 1959 1738 261614 64862 196752 55763 184948 9099 11804 443 498 237
is_linear=0
shrinkage=0.03


Tree=104
num_leaves=31
num_cat=0
split_feature=33 18 34 115 14 14 55 41 73 3 73 39 40 82 48 32 27 44 42 12 27 10 40 83 55 74 58 24 14 85
split_gain=19.8927 30.8261 40.8749 42.6523 65.4519 30.9644 44.0112 70.9151 55.9696 42.8498 33.8817 33.8147 39.032 44.9022 37.3155 27.251 26.4217 38.5113 24.8598 31.6336 24.7708 23.4387 21.7783 21.6554 40.8978 34.7287 42.2435 60.8464 55.9225 37.8562
threshold=0.37481763958930975 1.0215772390365603 0.63414400815963756 0.60621759295463573 0.97458955645561229 0.91677412390708934 0.96112936735153209 0.013213698752224447 0.5000000149011613 0.0019417426083236935 0.30000000447034841 0.035639274865388877 0.034592092037200935 0.45833332836627966 0.98989900946617138 0.0028039969038218264 0.095658969134092345 1.0718852877616885 -0.1076303832232952 0.99431768059730541 0.025419507175683979 1.0339134931564333 -0.010505969636142252 0.70000001788139354 1.0653913021087649 0.94999998807907116 0.93869161605834972 0.036155708134174354 0.92659166455268871 0.62500000000000011
decision_type=8 10 10 10 10 8 10 10 10 10 10 8 10 2 10 10 10 10 10 10 10 10 10 8 10 2 8 10 10 2
left_child=1 5 3 16 -5 6 -1 8 -8 -9 -11 14 13 -13 18 21 17 -3 19 -7 -20 -4 -16 25 -25 -2 27 28 -27 -29
right_child=23 2 15 4 -6 11 7 9 -10 10 -12 12 -14 -15 22 -17 -18 -19 20 -21 -22 -23 -24 24 -26 26 -28 29 -30 -31
leaf_value=-0.0053253894344860659 0.00019703890108183921 -0.0048409613135826316 -0.001636879677181069 -0.008401923694593064 0.01286681339790448 0.01567890780957866 -0.009995756786146507 0 0.0039787896565866296 0.023534093823121941 0.0082500145597366771 -0.0017228479531933199 -0.0017094109052803489 0.011941554580713906 -0.00065775937913960985 -0.0042480814050530821 0 -0.01626765672842977 0.00033562965473626921 0.00023519183614039853 -0.0010653934829206904 0.010380701355416491 0.0014283845108319251 -0.00071913467283279931 0.007907510488602016 0.021873538571235258 0.001200491125956436 0.0062384470907891993 0.0045769770968314772 -0.0086424365606845212
leaf_weight=458 128061 783 165 235 236 163 407 352 603 187 933 257 557 670 6545 331 309 523 13767 469 57515 368 13368 27663 479 312 12052 309 489 265
leaf_count=458 128061 783 165 235 236 163 407 352 603 187 933 257 557 670 6545 331 309 523 13767 469 57515 368 13368 27663 479 312 12052 309 489 265
internal_value=1.06573e-06 -0.00033523 -0.00335336 -0.00564734 0.00173404 -0.000238933 0.00277107 0.00441562 -0.00144602 0.00860409 0.0114332 -0.000337559 0.00410646 0.00788009 -0.000413523 0.0018482 -0.00797842 -0.00981948 -0.000733809 0.00503719 -0.000790582 0.00619329 0.000727689 0.000199519 -0.000556138 0.000351996 0.00180511 0.00679645 0.0120484 -0.000186272
internal_weight=268831 99201 2950 2086 471 96251 2940 2482 1010 1472 1120 93311 1484 927 91827 864 1615 1306 71914 632 71282 533 19913 169630 28142 141488 13427 1375 801 574
internal_count=268831 99201 2950 2086 471 96251 2940 2482 1010 1472 1120 93311 1484 927 91827 864 1615 1306 71914 632 71282 533 19913 169630 28142 141488 13427 1375 801 574
is_linear=0
shrinkage=0.03


Tree=105
num_leaves=31
num_cat=0
split_feature=33 41 80 7 1 37 2 45 124 42 114 19 116 39 18 83 128 60 59 19 60 13 59 69 10 17 114 82 58 33
split_gain=23.4522 35.3038 38.5813 31.1416 29.6654 36.6739 43.0937 41.0478 35.5794 32.7806 31.1911 36.7505 57.5388 30.12 29.56 37.5148 29.5556 33.8275 61.3709 28.7447 23.6823 22.1958 41.131 40.4278 44.5664 64.0885 39.4874 38.8776 58.1486 39.371
threshold=0.37481763958930975 0.04190987907350064 0.42499999701976782 0.050574777647852905 0.014265309087932112 0.72929561138153087 0.87500008940696727 1.1092823147773745 0.18604737520217898 -0.12743758410215375 0.75865879654884349 0.97639265656471264 0.74999991059303295 0.027901819907128814 1.0275376439094546 -0.50000001490116108 1.4065045714378359 0.9246012568473817 0.91619178652763378 0.96405833959579479 0.96839854121208202 0.98328420519828807 0.99894535541534435 0.64583402872085582 1.0172446370124819 0.75244280695915233 0.62666612863540661 0.15833333879709247 0.93869161605834972 0.72913435101509105
decision_type=8 8 2 10 10 10 10 10 10 10 10 10 10 10 10 10 10 8 10 10 8 10 10 8 10 8 8 2 10 10
left_child=1 4 -3 16 -1 10 7 8 -7 -9 14 12 -12 -8 19 -16 17 18 -4 -6 -19 23 -23 -2 -25 27 -27 28 -26 -29
right_child=21 2 3 -5 5 6 13 9 -10 -11 11 -13 -14 -15 15 -17 -18 20 -20 -21 -22 22 -24 24 25 26 -28 29 -30 -31
leaf_value=0.00026832477585188216 -0.0022442625657242187 -0.001300578896388621 0.0030184934876534507 -0.0062990561906490919 -0.0089378129332448892 0.0016434884425022115 0.002309890647583026 0.010653468431303586 -0.0018782035575779772 -0.0044738076003915045 0.010448789537251642 -0.00086114993561829537 -0.0060330313638296343 0.013392216154306906 0.0039698633528069448 -0.010348826720948622 -0.0013539329264312982 0.00044595400322446814 0.030198844768233937 -0.0012462870668028248 0.0089213059621835785 0.0012297962179680638 1.8664229115870603e-05 -0.00023153151286971926 0.019281917386757795 0.0090098489580586992 0.0023348531001640845 0 -0.0041606233350232544 -0.015240119595581652
leaf_weight=31543 7894 1306 198 159 436 8991 876 107 3540 2338 758 1452 213 333 170 665 322 646 145 44366 697 40363 68666 47394 114 1189 3003 223 278 342
leaf_count=31543 7894 1306 198 159 436 8991 876 107 3540 2338 758 1452 213 333 170 665 322 646 145 44366 697 40363 68666 47394 114 1189 3003 223 278 342
internal_value=0 -0.000367239 0.0025821 0.00504977 -0.000477821 -0.000848801 0.000371733 -5.1559e-05 0.000623303 -0.00360903 -0.00126606 0.00198766 0.0064818 0.00577471 -0.00144618 -0.0070581 0.00614959 0.00775757 0.016366 -0.00133179 0.00513102 0.000213389 0.000469925 -0.000244444 5.10382e-05 0.00270082 0.00433314 -0.00408456 0.00253376 -0.00911885
internal_weight=268727 99261 3473 2167 95788 64245 16185 14976 12531 2445 48060 2423 971 1209 45637 835 2008 1686 343 44802 1343 169466 109029 60437 52543 5149 4192 957 392 565
internal_count=268727 99261 3473 2167 95788 64245 16185 14976 12531 2445 48060 2423 971 1209 45637 835 2008 1686 343 44802 1343 169466 109029 60437 52543 5149 4192 957 392 565
is_linear=0
shrinkage=0.03


Tree=106
num_leaves=31
num_cat=0
split_feature=38 12 62 64 64 32 54 53 0 25 119 13 19 36 127 15 55 41 38 42 50 73 51 14 90 5 38 39 83 116
split_gain=22.4988 30.5705 37.9837 72.4049 44.3316 33.5007 31.9993 29.998 37.4259 39.0301 29.4363 26.6888 40.55 39.2869 44.7286 28.2838 31.3483 28.0091 35.8127 28.8048 25.9879 29.2941 26.5761 37.0449 25.0348 24.8048 25.2288 25.1072 24.54 23.2254
threshold=-0.0012903000460937617 0.99387043714523327 0.99481597542762767 0.44097222387790685 0.94097220897674572 0.0047730889637023219 0.97887983918190014 1.0893765091896059 -0.012621342204511164 0.035666674375534065 0.5666661560535432 0.95182552933692943 0.95062643289566051 0.82726693153381359 0.32812996208667761 1.050671458244324 0.98369532823562633 0.035196499899029739 -0.0082619679160416109 0.038506606593728072 0.70271128416061412 0.70000001788139354 0.65974488854408275 0.89303788542747509 0.026285862550139431 0.0014370073913596573 0.019595900550484661 0.038371387869119651 0.70000001788139354 0.62051281332969677
decision_type=8 10 10 10 10 10 10 10 8 10 10 8 10 10 10 8 10 10 10 10 8 10 8 10 10 8 10 10 10 10
left_child=1 2 3 10 5 -5 28 8 9 -2 -1 13 -13 15 -15 16 -8 19 -19 -14 21 -10 23 -22 -17 26 -24 -27 -3 -30
right_child=7 6 -4 4 -6 -7 11 -9 20 -11 -12 12 17 14 -16 24 -18 18 -20 -21 22 -23 25 -25 -26 27 -28 -29 29 -31
leaf_value=0.0043815040534022909 0.00013944698305825174 4.7871538870886223e-05 -0.0019623920557432124 0.0012334694749113557 0.0062077678272525775 -0.0084645078494198969 0 -0.0067227377227354734 0.003390738078036499 0.0056302077171133018 0.020673044848251349 -0.014044074228266253 0.00026585315578813183 0.013315232876978958 -0.0013400583773980014 0.00043402025511958135 0.0046394001907077188 0.00715702387759189 0.00058520875304373722 -0.0014359049026369123 -0.0030388851059560836 -0.01067507294621001 0.0001836166041112457 0.015461689421252166 -0.0095384310435574181 -0.00059112923484459551 0.0039881682081507859 0.0026222093810332405 -0.013094643015817595 -0.0025172436824856112
leaf_weight=249 3134 664 1149 1486 1434 380 2885 620 140 1954 293 160 87915 523 228 428 2334 1140 2436 9923 121 420 38968 207 360 104577 1630 2184 356 583
leaf_count=249 3134 664 1149 1486 1434 380 2885 620 140 1954 293 160 87915 523 228 428 2334 1140 2436 9923 121 420 38968 207 360 104577 1630 2184 356 583
internal_value=9.06154e-06 0.000327721 0.00262485 0.00407747 0.0022584 -0.000651219 0.000220245 -0.000226878 -0.000197783 0.00232064 0.0141446 0.00028542 0.000160561 0.00211179 0.00855751 0.00123045 0.00207026 0.000188694 0.00279183 8.99323e-05 -0.000286543 -0.00664571 -0.000259503 0.0079923 -0.00387396 -0.000280988 0.000345643 -0.000522106 -0.0039487 -0.0070297
internal_weight=268881 114926 4991 3842 3300 1866 109935 153955 153335 5088 542 108332 101574 6758 751 6007 5219 101414 3576 97838 148247 560 147687 328 788 147359 40598 106761 1603 939
internal_count=268881 114926 4991 3842 3300 1866 109935 153955 153335 5088 542 108332 101574 6758 751 6007 5219 101414 3576 97838 148247 560 147687 328 788 147359 40598 106761 1603 939
is_linear=0
shrinkage=0.03


Tree=107
num_leaves=31
num_cat=0
split_feature=31 85 78 42 28 109 83 27 81 82 48 38 87 17 60 39 60 38 17 138 77 61 65 7 1 14 28 26 15 3
split_gain=19.0477 32.3437 36.4788 65.2439 46.3252 30.4035 33.1607 29.8192 69.3019 41.2995 28.5478 26.6278 50.605 63.2643 27.9129 26.7012 33.1706 25.5699 24.8399 33.6145 33.908 33.6213 31.7406 49.4305 26.8277 26.1557 27.3287 34.3966 25.6259 24.8309
threshold=0.0034199928632006053 -0.37499999999999994 0.90000000596046459 -0.056869670748710625 -0.0078472145833075029 0.47222222387790685 1.0000000180025095e-35 0.062170490622520454 0.050000002607703216 0.60833334922790538 0.97865116596221935 -0.0031690251780673857 0.87500000000000011 0.98859241604805004 0.95491561293602001 0.014864940196275713 0.86821490526199352 0.011407741811126472 1.0735219717025759 0.94190722703933727 0.37500000000000006 0.98021081089973461 0.59687501192092907 -0.016206685453653332 0.016971275210380558 0.97993829846382152 -0.0040844574104994527 0.06201599910855294 0.94611799716949474 0.0039682479109615096
decision_type=10 2 8 10 10 2 10 10 2 2 10 10 2 10 10 10 10 10 10 8 2 10 10 10 10 10 10 10 10 10
left_child=18 10 3 4 -3 7 -7 9 -9 -5 29 12 13 -4 -15 16 -13 -18 -1 20 21 22 24 -24 -20 26 -21 -28 -27 -2
right_child=1 2 11 5 -6 6 -8 8 -10 -11 -12 15 -14 14 -16 -17 17 -19 19 25 -22 -23 23 -25 -26 28 27 -29 -30 -31
leaf_value=0.00031343244562982546 -0.0073017989325681494 0 0.0064392491881798391 -0.0015001181113100379 -0.014990577718087162 0.008589513710725109 0.00048525438687658254 -0.0034620312325501579 0.0013923800537468303 -0.0068332582398860173 -0.014051570024044179 -0.0089110148880757224 -0.0073314815819828525 0.0051548222770640773 -0.0072756501789274092 0.0090887465799295228 -0.0010602329466173448 0.0067766295844612651 0 0.0050835396303597104 -0.0029250565151537427 -3.9001022881197291e-05 0.0074798470841941226 -0.0021783011771892924 -0.0091414589932232171 0.0075598946064571919 -0.0028674526316320634 0.0049527329499576963 0.00080374448609605046 0.0069553543674608677
leaf_weight=163003 243 258 2697 10441 482 508 4112 3816 8490 1539 284 407 336 191 504 227 2763 413 362 504 6329 28178 491 5628 959 513 4620 525 19377 159
leaf_count=163003 243 258 2697 10441 482 508 4112 3816 8490 1539 284 407 336 191 504 227 2763 413 362 504 6329 28178 491 5628 959 513 4620 525 19377 159
internal_value=8.48667e-06 -0.000613649 -0.00048393 -0.000963674 -0.00967331 -0.0007238 0.00147421 -0.00115515 -9.17733e-05 -0.00222048 -0.00700714 0.00136071 0.00316453 0.00432903 -0.00339129 -0.000333272 -0.0010606 0 0.000112051 -0.000369862 -0.000894645 -0.000524002 -0.00231563 -0.0013326 -0.00655763 0.000480367 -0.00129511 -0.0019953 0.00100048 -0.00088949
internal_weight=268359 37870 37184 29646 740 28906 4620 24286 12306 11980 686 7538 3728 3392 695 3810 3583 3176 230489 67486 41947 35618 7440 6119 1321 25539 5649 5145 19890 402
internal_count=268359 37870 37184 29646 740 28906 4620 24286 12306 11980 686 7538 3728 3392 695 3810 3583 3176 230489 67486 41947 35618 7440 6119 1321 25539 5649 5145 19890 402
is_linear=0
shrinkage=0.03


Tree=108
num_leaves=31
num_cat=0
split_feature=38 26 78 4 40 60 13 55 80 87 49 57 121 27 45 40 35 34 38 78 11 142 92 87 94 59 139 38 29 13
split_gain=20.9118 33.386 30.3186 52.4654 38.5833 45.0354 38.0943 35.5918 32.0387 45.3795 41.6058 44.0458 41.273 37.2264 53.8575 44.8105 33.4646 30.7231 61.9013 25.6883 23.0263 31.3298 41.6629 32.9214 25.4886 22.9988 22.7763 51.3726 45.4326 31.7984
threshold=-0.00098554778378456809 0.022329875268042091 0.5000000149011613 0.64285895228385936 -0.019118837080895897 0.9395214617252351 0.9829135835170747 1.0768450498580935 0.32500000298023229 0.75833332538604747 0.88825377821922313 0.93155968189239513 0.40153451263904577 0.079990711063146605 1.1167976260185244 -0.026476393453776833 0.28237968683242803 0.14885958284139636 0.011746017728000881 0.70000001788139354 0.97595497965812694 1.4149025678634646 0.70537224411964428 0.60833334922790538 0.62024724483490001 0.98719537258148204 0.88536363840103161 -0.024529799818992611 0.0059814504347741613 0.95054990053176891
decision_type=10 10 10 10 10 10 8 10 2 2 10 10 10 10 10 10 10 10 10 8 8 10 10 2 10 10 8 8 10 8
left_child=20 -2 3 4 -3 6 -6 -7 9 13 -11 -12 16 15 -15 -4 25 18 -14 -19 21 22 23 -1 -23 -10 27 28 -22 -29
right_child=1 2 8 -5 5 7 -8 -9 12 10 11 -13 17 14 -16 -17 -18 19 -20 -21 26 24 -24 -25 -26 -27 -28 29 -30 -31
leaf_value=0.0056807633129915287 0.00036162801478150953 -0.0064031486560675874 0.0036874562494479349 -0.0067885091989508374 1.095526878769645e-05 -0.0021793103205706224 0.0059155909905398898 0.0031079774352361774 0.0045973230630527214 -0.012966055933126537 0.0070898005809976895 -0.0026130738505059014 6.2116034545838791e-05 0.0067304335591558597 -0.0019733035986639045 -0.00016828518815889019 -0.0074209344381806408 0.00063082204806784946 0.0081249620806852045 -0.0012965628129541667 -0.00020847479047173738 -0.0030362053472537606 0.017244814925120564 -0.0024836637654616048 0.0070567930148124859 -0.004654777626306162 0.00058407086414111349 0.0033923721613264794 -0.018157988544968057 -0.00031486957218861323
leaf_weight=1451 53162 1159 3495 1508 11044 16163 1071 1171 456 285 460 2967 5072 2298 808 11330 1413 8088 1031 24541 306 1067 212 564 256 471 66968 2150 251 47776
leaf_count=1451 53162 1159 3495 1508 11044 16163 1071 1171 456 285 460 2967 5072 2298 808 11330 1413 8088 1031 24541 306 1067 212 564 256 471 66968 2150 251 47776
internal_value=1.40426e-06 -0.000236636 -0.00057519 -0.00132603 -0.00104285 -0.000817505 0.000566553 -0.00180167 -0.000185607 0.000741441 -0.00223923 -0.00119006 -0.000681542 0.00137701 0.00437212 0.000724242 -0.00454719 -0.00043803 0.00149528 -0.000809525 0.000295015 0.00267621 0.00485391 0.00324616 -0.000783828 0 0.000220045 -0.000256952 -0.00916599 -0.000147921
internal_weight=268994 147993 94831 32116 30608 29449 12115 17334 62715 21643 3712 3427 41072 17931 3106 14825 2340 38732 6103 32629 121001 3550 2227 2015 1323 927 117451 50483 557 49926
internal_count=268994 147993 94831 32116 30608 29449 12115 17334 62715 21643 3712 3427 41072 17931 3106 14825 2340 38732 6103 32629 121001 3550 2227 2015 1323 927 117451 50483 557 49926
is_linear=0
shrinkage=0.03


Tree=109
num_leaves=31
num_cat=0
split_feature=33 39 34 71 35 123 14 17 7 24 122 114 62 49 12 16 56 49 7 72 37 102 22 12 102 35 22 17 75 33
split_gain=19.9357 25.996 33.0719 45.8387 30.2036 25.745 25.9732 58.3146 53.0875 42.6797 49.4136 59.2534 45.9981 47.2445 43.7495 37.6921 31.7437 27.4588 23.7287 31.8426 36.3683 22.5902 28.5557 53.5534 54.4199 41.385 35.2932 32.6463 28.837 31.5553
threshold=0.61080908775329601 0.035639274865388877 0.44463483989238745 0.94505462050437938 0.72545909881591808 -0.76923072338104237 0.89303788542747509 0.69693449139595043 -0.034700628370046609 0.033947352319955833 0.40966381132602697 0.77551004290580761 0.82342833280563366 0.97777780890464794 0.99361914396286022 0.94239220023155224 0.9152820110321046 0.85806533694267284 0.025906690396368507 0.19949485361576083 0.71902096271514904 0.52803984284400951 0.93121013045310985 0.97819018363952648 0.40778534114360815 0.72881856560707103 0.89939826726913463 0.727983057498932 0.32500000298023229 0.93260645866394054
decision_type=10 10 10 10 10 8 8 8 10 10 10 10 8 10 10 8 10 10 10 10 10 2 8 8 2 10 8 8 2 10
left_child=1 5 3 4 -3 -1 7 17 -9 12 14 -12 13 -8 -11 -14 -10 -7 -4 20 -20 22 26 24 -24 27 28 -25 -2 -30
right_child=21 2 18 -5 -6 6 9 8 16 10 11 -13 15 -15 -16 -17 -18 -19 19 -21 -22 -23 23 25 -26 -27 -28 -29 29 -31
leaf_value=0.0037192603355669994 0.006607114100441863 -6.2446090554923374e-05 0.011595464227171557 0.014814576825729626 -0.013465414165066332 -0.014059343785375661 0.0014655711613900928 0.015124384813079964 -0.0044363293466034848 0.0011751921415974161 -0.0016542005060028726 0.011580248837067474 -0.0015307030761954879 0.011549369163817731 -0.0083979854497255261 -0.00010755412913510577 0.0043607469071319524 0.0015793872637432495 0 -0.00083322515207846705 0.020700720746010062 0.0010971694032963059 0.022094400528277377 0.012639270474491692 0.00062674032794356844 0.0014897045550110095 -0.0038903704538799655 -0.00017233869632549031 -0.0018463744009898021 0.0052772867106755071
leaf_weight=1432 521 652 463 116 198 231 6245 343 433 491 6377 296 19955 444 1766 107620 1567 111 111 601 135 26803 184 159 289 17910 3430 65746 3719 626
leaf_count=1432 521 652 463 116 198 231 6245 343 433 491 6377 296 19955 444 1766 107620 1567 111 111 601 135 26803 184 159 289 17910 3430 65746 3719 626
internal_value=3.93604e-05 -0.000190095 0.0029678 -0.00097631 -0.00376715 -0.000241318 -0.000282758 0.00261701 0.00440161 -0.000339583 -0.0023487 -0.000989476 -0.000203391 0.00221206 -0.0061916 -0.000332716 0.0022826 -0.00834805 0.00607272 0.00250993 0.0112539 0.000329355 0.000103645 0.000272094 0.0101439 0.000210399 -0.00156828 -0.000133054 1.63696e-05 -0.000731837
internal_weight=268974 149587 2276 966 850 147311 145879 2685 2343 143194 8930 6673 134264 6689 2257 127575 2000 342 1310 847 246 119387 92584 84288 473 83815 8296 65905 4866 4345
internal_count=268974 149587 2276 966 850 147311 145879 2685 2343 143194 8930 6673 134264 6689 2257 127575 2000 342 1310 847 246 119387 92584 84288 473 83815 8296 65905 4866 4345
is_linear=0
shrinkage=0.03


Tree=110
num_leaves=31
num_cat=0
split_feature=38 77 122 125 2 75 14 31 86 13 21 44 57 14 40 75 113 43 51 53 1 82 1 13 139 38 53 35 42 117
split_gain=21.8611 28.9168 38.2086 51.6559 39.0402 37.0852 60.3453 30.7431 44.4418 40.2497 48.7973 41.2424 31.0166 33.8098 28.2891 30.6179 33.1696 28.2091 30.1637 28.0913 39.5487 30.5246 28.0053 27.4195 26.6911 53.7721 37.8448 37.4696 33.9315 25.1538
threshold=-0.0026385249802842732 0.091666668653488173 0.6006840467453004 0.21428508311510089 0.90672266483306896 0.22500000149011615 0.92659166455268871 0.0034199928632006053 0.68333333730697643 0.97038310766220104 0.83799588680267345 1.0487805008888247 0.93155968189239513 0.97840291261672985 0.027388816699385646 0.12500000372529033 0.41666649281978613 1.0042644143104555 0.76901412010192882 1.0414485335350039 0.063636381179094328 0.57499998807907116 0.030389303341507915 0.94913136959075939 0.83279842138290416 -0.0084274676628410799 1.0035157799720766 0.40828029811382299 -0.11536702886223792 0.44809018075466162
decision_type=10 2 10 10 10 2 10 10 2 8 10 10 10 10 10 2 10 10 10 10 10 2 10 8 8 8 10 10 8 10
left_child=24 2 17 4 -4 6 -3 -7 9 11 -11 -9 22 -14 19 -16 -17 18 -2 21 -21 -8 -10 -20 25 26 27 -1 -27 -28
right_child=1 5 3 -5 -6 7 14 8 12 10 -12 -13 13 -15 15 16 -18 -19 23 20 -22 -23 -24 -25 -26 28 29 -29 -30 -31
leaf_value=0.0094944036232331649 0.010736848756929217 0.0081060225377575183 -0.0002599927406640884 0.013159054366608514 0.0075554261765036993 0.0006421631383263551 -0.0011279791579077547 -0.0036337111699478717 0.0064491417086227137 0.01567859847306911 -0.0013938285916073334 -0.01503038917850703 -0.0025889580643661107 0.0022932430286163093 -0.001265579491139666 0.0085094048028312077 -0.0067883565295697749 -0.0021124514145646331 -0.0060957511090863102 -0.005196865894628571 0.009788819063730813 0.00068516509326313978 0.00077113198939053422 0.00058684555863815983 0.0007494546466530385 0.011565569944525145 -0.00030861801094045078 -0.0014360009555250196 0.00033419908340571861 -0.0039935941285570136
leaf_weight=444 218 663 14203 256 579 73461 17755 1986 1292 132 6797 355 3258 2026 5070 103 1886 20168 604 1884 142 15574 2316 4637 61446 227 2591 617 22549 5844
leaf_count=444 218 663 14203 256 579 73461 17755 1986 1292 132 6797 355 3258 2026 5070 103 1886 20168 604 1884 142 15574 2316 4637 61446 227 2591 617 22549 5844
internal_value=1.02883e-05 -0.000186236 -0.000887351 0.00029617 3.56589e-05 2.32991e-05 -0.000700089 0.000366756 -0.000730183 -0.0021899 -0.000981232 -0.0056017 0.000759426 -0.000658867 -0.000848569 -0.00258988 -0.00577001 -0.00159323 0.000270955 -0.000491149 -0.00391449 -0.000271833 0.00291142 -0.000146514 0.000381186 -0.000310737 -0.00221034 0.00295159 0.000469347 -0.00290056
internal_weight=269083 175365 40665 15038 14782 134700 43077 91623 18162 9270 6929 2341 8892 5284 42414 7059 1989 25627 5459 35355 2026 33329 3608 5241 93718 32272 9496 1061 22776 8435
internal_count=269083 175365 40665 15038 14782 134700 43077 91623 18162 9270 6929 2341 8892 5284 42414 7059 1989 25627 5459 35355 2026 33329 3608 5241 93718 32272 9496 1061 22776 8435
is_linear=0
shrinkage=0.03


end of trees

feature_importances:
RESI5=99
RSQR20=76
BETA10=74
KLEN=71
RESI10=70
ROC30=68
ROC10=66
RSQR5=65
ROC5=61
ROC60=60
STD30=60
RESI30=60
STD60=57
RESI60=54
IMXD30=54
RSQR10=53
BETA5=52
RSQR60=52
MIN60=52
RESI20=51
STD20=49
MIN10=49
RSQR30=48
QTLD30=47
STD10=45
HIGH0=43
BETA30=42
VWAP0=41
QTLU60=41
ROC20=40
MA60=40
QTLU30=40
BETA60=38
LOW0=37
MAX30=36
KSFT=34
MAX5=34
KUP=33
QTLU5=32
STD5=31
BETA20=31
IMIN30=31
QTLD5=30
IMAX5=30
MIN20=29
IMXD60=28
MIN30=27
QTLU10=27
SUMP5=27
KMID=25
MAX10=25
MA5=24
MAX20=23
QTLD60=23
IMAX60=23
KLOW=22
IMXD5=22
QTLD10=21
SUMP10=21
MIN5=20
QTLU20=20
QTLD20=20
IMAX30=20
IMIN60=20
SUMP30=20
RSV5=19
RSV30=19
RSV60=18
IMXD20=18
SUMN10=18
KMID2=17
OPEN0=17
MA10=17
IMXD10=17
SUMD5=17
SUMD20=17
WVMA10=17
IMIN5=16
WVMA5=16
KUP2=14
RSV10=14
CNTP60=14
MA30=13
MAX60=13
IMIN10=13
SUMN5=13
KSFT2=12
MA20=12
RSV20=12
SUMP60=12
RANK60=11
IMAX20=11
SUMP20=11
KLOW2=10
IMIN20=10
SUMN20=10
SUMD10=10
WVMA20=10
IMAX10=9
CNTD20=9
SUMN30=9
SUMN60=9
WVMA30=9
RANK20=8
CNTD60=8
CNTD10=7
WVMA60=7
RANK30=6
CORD30=6
CNTN10=6
VSTD60=6
CORR10=5
CORR30=5
CNTN20=5
CNTD5=5
SUMD30=5
SUMD60=5
CORR20=4
CORD5=4
CNTP10=4
VMA60=4
VSTD20=4
RANK10=3
CORD60=3
CNTP5=3
CNTP20=3
CNTN5=3
VSTD5=3
VSTD10=3
CORR5=2
CORR60=2
CORD10=2
CORD20=2
CNTN30=2
CNTN60=2
CNTD30=2
VMA5=2
VMA10=2
VSUMN30=2
VSUMD10=2
RANK5=1
VMA20=1
VSTD30=1
VSUMP5=1
VSUMP30=1
VSUMD5=1

parameters:
[boosting: gbdt]
[objective: regression]
[metric: l2]
[tree_learner: serial]
[device_type: cpu]
[data_sample_strategy: bagging]
[data: ]
[valid: ]
[num_iterations: 500]
[learning_rate: 0.03]
[num_leaves: 31]
[num_threads: 12]
[seed: 20260814]
[deterministic: 1]
[force_col_wise: 1]
[force_row_wise: 0]
[histogram_pool_size: -1]
[max_depth: 7]
[min_data_in_leaf: 100]
[min_sum_hessian_in_leaf: 0.001]
[bagging_fraction: 0.8]
[pos_bagging_fraction: 1]
[neg_bagging_fraction: 1]
[bagging_freq: 1]
[bagging_seed: 20260814]
[bagging_by_query: 0]
[feature_fraction: 0.8]
[feature_fraction_bynode: 1]
[feature_fraction_seed: 20260814]
[extra_trees: 0]
[extra_seed: 17475]
[early_stopping_round: 0]
[early_stopping_min_delta: 0]
[first_metric_only: 0]
[max_delta_step: 0]
[lambda_l1: 10]
[lambda_l2: 20]
[linear_lambda: 0]
[min_gain_to_split: 0]
[drop_rate: 0.1]
[max_drop: 50]
[skip_drop: 0.5]
[xgboost_dart_mode: 0]
[uniform_drop: 0]
[drop_seed: 29730]
[top_rate: 0.2]
[other_rate: 0.1]
[min_data_per_group: 100]
[max_cat_threshold: 32]
[cat_l2: 10]
[cat_smooth: 10]
[max_cat_to_onehot: 4]
[top_k: 20]
[monotone_constraints: ]
[monotone_constraints_method: basic]
[monotone_penalty: 0]
[feature_contri: ]
[forcedsplits_filename: ]
[refit_decay_rate: 0.9]
[cegb_tradeoff: 1]
[cegb_penalty_split: 0]
[cegb_penalty_feature_lazy: ]
[cegb_penalty_feature_coupled: ]
[path_smooth: 0]
[interaction_constraints: ]
[verbosity: -1]
[saved_feature_importance_type: 0]
[use_quantized_grad: 0]
[num_grad_quant_bins: 4]
[quant_train_renew_leaf: 0]
[stochastic_rounding: 1]
[linear_tree: 0]
[max_bin: 255]
[max_bin_by_feature: ]
[min_data_in_bin: 3]
[bin_construct_sample_cnt: 200000]
[data_random_seed: 20260812]
[is_enable_sparse: 1]
[enable_bundle: 1]
[use_missing: 1]
[zero_as_missing: 0]
[feature_pre_filter: 1]
[pre_partition: 0]
[two_round: 0]
[header: 0]
[label_column: ]
[weight_column: ]
[group_column: ]
[ignore_column: ]
[categorical_feature: ]
[forcedbins_filename: ]
[precise_float_parser: 0]
[parser_config_file: ]
[objective_seed: 27057]
[num_class: 1]
[is_unbalance: 0]
[scale_pos_weight: 1]
[sigmoid: 1]
[boost_from_average: 1]
[reg_sqrt: 0]
[alpha: 0.9]
[fair_c: 1]
[poisson_max_delta_step: 0.7]
[tweedie_variance_power: 1.5]
[lambdarank_truncation_level: 30]
[lambdarank_norm: 1]
[label_gain: ]
[lambdarank_position_bias_regularization: 0]
[eval_at: ]
[multi_error_top_k: 1]
[auc_mu_weights: ]
[num_machines: 1]
[local_listen_port: 12400]
[time_out: 120]
[machine_list_filename: ]
[machines: ]
[gpu_platform_id: -1]
[gpu_device_id: -1]
[gpu_device_id_list: ]
[gpu_use_dp: 0]
[num_gpu: 1]

end of parameters

pandas_categorical:null
