tree
version=v4
num_class=1
num_tree_per_iteration=1
label_index=0
max_feature_idx=162
objective=regression
feature_names=KMID KLEN KMID2 KUP KUP2 KLOW KLOW2 KSFT KSFT2 OPEN0 HIGH0 LOW0 VWAP0 ROC5 ROC10 ROC20 ROC30 ROC60 MA5 MA10 MA20 MA30 MA60 STD5 STD10 STD20 STD30 STD60 BETA5 BETA10 BETA20 BETA30 BETA60 RSQR5 RSQR10 RSQR20 RSQR30 RSQR60 RESI5 RESI10 RESI20 RESI30 RESI60 MAX5 MAX10 MAX20 MAX30 MAX60 MIN5 MIN10 MIN20 MIN30 MIN60 QTLU5 QTLU10 QTLU20 QTLU30 QTLU60 QTLD5 QTLD10 QTLD20 QTLD30 QTLD60 RANK5 RANK10 RANK20 RANK30 RANK60 RSV5 RSV10 RSV20 RSV30 RSV60 IMAX5 IMAX10 IMAX20 IMAX30 IMAX60 IMIN5 IMIN10 IMIN20 IMIN30 IMIN60 IMXD5 IMXD10 IMXD20 IMXD30 IMXD60 CORR5 CORR10 CORR20 CORR30 CORR60 CORD5 CORD10 CORD20 CORD30 CORD60 CNTP5 CNTP10 CNTP20 CNTP30 CNTP60 CNTN5 CNTN10 CNTN20 CNTN30 CNTN60 CNTD5 CNTD10 CNTD20 CNTD30 CNTD60 SUMP5 SUMP10 SUMP20 SUMP30 SUMP60 SUMN5 SUMN10 SUMN20 SUMN30 SUMN60 SUMD5 SUMD10 SUMD20 SUMD30 SUMD60 VMA5 VMA10 VMA20 VMA30 VMA60 VSTD5 VSTD10 VSTD20 VSTD30 VSTD60 WVMA5 WVMA10 WVMA20 WVMA30 WVMA60 VSUMP5 VSUMP10 VSUMP20 VSUMP30 VSUMP60 VSUMN5 VSUMN10 VSUMN20 VSUMN30 VSUMN60 VSUMD5 VSUMD10 VSUMD20 VSUMD30 VSUMD60 ORC_GAP_CONFIRMATION_20 ORC_GAP_ABSORPTION_20 ORC_OVERNIGHT_DOMINANCE_20 ORC_CLOSE_PRESSURE_VOLUME_20 ORC_INTRADAY_RANGE_RETURN_10
feature_infos=[-0.15450645983219147:0.33106967806816101] [0:0.33106967806816101] [-1:1] [0:0.27153289318084717] [0:1] [0:0.19577737152576447] [0:1] [-0.31147539615631104:0.33106967806816101] [-1:1] [0.75127547979354858:1.1827411651611328] [1:1.365384578704834] [0.75127547979354858:1] [0.90894031524658203:1.0877940654754639] [0.62103557586669922:1.6790908575057983] [0.58417785167694092:1.8924485445022583] [0.46860837936401367:2.2146341800689697] [0.45439684391021729:2.740487813949585] [0.36440131068229675:2.649662971496582] [0.8043818473815918:1.3455072641372681] [0.71110033988952637:1.4951817989349365] [0.61736243963241577:1.7117466926574707] [0.56646168231964111:1.9959673881530762] [0.4937971830368042:1.8649090528488159] [0:0.26957115530967712] [0:0.32280367612838745] [0:0.36472421884536743] [0:0.57258552312850952] [0:0.50059491395950317] [-0.16409091651439667:0.17131471633911133] [-0.11732283234596252:0.17131471633911133] [-0.11732283234596252:0.17131471633911133] [-0.11732283234596252:0.17131471633911133] [-0.11732283234596252:0.17131471633911133] [0:1] [0:1] [0:1] [0:1] [0:1] [-0.11478264629840851:0.13264167308807373] [-0.24554997682571411:0.20802642405033112] [-0.40848860144615173:0.27287426590919495] [-0.44566619396209717:0.27581575512886047] [-0.96870207786560059:0.33257237076759338] [1:1.6472727060317993] [1:1.9298244714736938] [1:2.2439024448394775] [1:3.3160974979400635] [1:3.3160974979400635] [0.58144122362136841:1] [0.54045307636260986:1] [0.4660193920135498:1] [0.43721681833267212:1] [0.33789625763893127:1] [0.86334514617919922:1.4843636751174927] [0.78309857845306396:1.7869091033935547] [0.69682848453521729:2.054157018661499] [0.62161809206008911:2.423609733581543] [0.56576049327850342:2.3250908851623535] [0.70860719680786133:1.2689855098724365] [0.58504855632781982:1.4057971239089966] [0.49352750182151794:1.5574545860290527] [0.47533980011940002:1.5740000009536743] [0.38890489935874939:1.5950908660888672] [0.20000000298023224:1] [0.10000000149011612:1] [0.05000000074505806:1] [0.033333335071802139:1] [0.01666666753590107:1] [0:1] [0:1] [0:1] [0:1] [0:1] [0.20000000298023224:1] [0.10000000149011612:1] [0.05000000074505806:1] [0.033333335071802139:1] [0.01666666753590107:1] [0.20000000298023224:1] [0.10000000149011612:1] [0.05000000074505806:1] [0.033333335071802139:1] [0.01666666753590107:1] [-0.80000001192092896:0.80000001192092896] [-0.89999997615814209:0.89999997615814209] [-0.94999998807907104:0.94999998807907104] [-0.96666663885116577:0.96666663885116577] [-0.98333334922790527:0.98333334922790527] [-1:1] [-1:1] [-1:1] [-1:1] [-1:1] [-1:1] [-1:1] [-1:1] [-1:1] [-1:1] [0:1] [0:1] [0:0.89999997615814209] [0:0.8888888955116272] [0:0.8888888955116272] [0:1] [0:1] [0:0.89999997615814209] [0:0.8571428656578064] [0:0.8571428656578064] [-1:1] [-1:1] [-0.83333331346511841:0.8888888955116272] [-0.83333331346511841:0.8888888955116272] [-0.83333331346511841:0.8888888955116272] [0:1] [0:1] [0:1] [0:1] [0:1] [0:1] [0:1] [0:1] [0:1] [0:1] [-1:1] [-1:1] [-1:1] [-1:1] [-1:1] [0.20013266801834106:26452.083984375] [0.10012400150299072:23627.859375] [0.050104878842830658:26698.134765625] [0.033777147531509399:28136.5] [0.017187755554914474:26107.111328125] [0.00080492562847211957:59102.5] [0.0021778203081339598:49210.34375] [0.0021778203081339598:56418.4921875] [0.0021778203081339598:57003.12109375] [0.0021778203081339598:42065.70703125] [0:2.2360680103302002] [0:3.1615598201751709] [0:4.4708261489868164] [0:5.4656624794006348] [0:7.5986995697021484] [0:1] [0:1] [0:1] [0:1] [0:1] [0:1] [0:1] [0:1] [0:1] [0:1] [-1:1] [-1:1] [-1:1] [-1:1] [-1:1] [-6.6416220664978027:0.87598508596420288] [-13908019:28.931533813476562] [-1925766528:4419.23388671875] [-1204.24951171875:4676.52978515625] [-754.3636474609375:737.33990478515625]
tree_sizes=3093 3064 3106 3099 3106 3039 3004 2984 3119 3102 3066 2953 3095 3094 3106 3108 3065 3064 3004 3085 3096 3083 3109 3071 3058 3071 3040 3099 3104 3042 3055

Tree=0
num_leaves=31
num_cat=0
split_feature=27 86 25 29 42 6 42 137 41 42 25 10 9 57 158 57 1 29 138 24 36 6 113 36 41 80 7 10 5 46
split_gain=137.883 127.623 97.1662 56.2781 85.6838 71.7141 64.0427 57.4685 52.631 53.5968 51.7788 87.6465 62.2329 62.3955 59.6666 49.8799 70.4052 51.726 49.4953 55.6981 48.5442 44.5747 41.6578 55.1441 41.223 45.5255 40.8031 40.0843 39.0705 38.0817
threshold=0.092328459024429335 -0.58333334326744068 0.012410786934196951 -0.00062755055841989804 -0.077859010547399507 0.15384439378976825 0.12005405128002168 0.52995488047599804 -0.031841535121202462 0.079758316278457655 0.042319050058722503 1.0169082283973696 1.0316528677940371 1.167222857475281 -0.018753777258098122 0.88306891918182384 0.03812129236757756 0.010921885725110771 0.49768894910812383 0.025968584232032303 0.8265923559665681 0.36363442242145544 0.60402685403823864 0.88836807012557995 0.041228830814361579 0.37500000000000006 0.017274231649935249 1.0191387534141543 0.013333320152014496 1.0786896347999575
decision_type=8 2 10 10 10 10 10 10 10 10 8 10 10 10 10 8 10 10 10 10 10 10 10 10 10 2 10 10 10 10
left_child=2 18 27 4 5 -4 10 8 -6 -10 12 26 13 -5 -13 21 22 20 -2 -20 -18 -3 23 -17 28 -26 -12 -1 -8 -21
right_child=1 15 3 6 7 -7 24 -9 9 -11 11 14 -14 -15 -16 16 17 -19 19 29 -22 -23 -24 -25 25 -27 -28 -29 -30 -31
leaf_value=0.0015597733332372147 -0.0017726671860481384 -0.013862098706435386 -0.0010024739929116941 -6.1030507113763705e-05 4.4143326217389785e-10 0.0047647753860456899 -0.0043448348012022518 -7.8916732694234211e-05 -0.0020770501432033754 0.016289334065965704 -0.0013261162114278 -0.0089419341574248946 -0.0069915134146831173 0.006806666609105499 0.006542032126667415 0.00029281868556417181 0.0013748940535301577 0.014481824432810143 0.00017211893542047794 -0.0062296136550619536 0.010990554523500135 0.0026953176725519412 -0.0037772651750969393 0.014920532898023123 -0.014072088261614742 0.0017079183689035164 0.0030875981925672065 -0.0039090875027216363 0.015432900438707584 0.009828299767434788
leaf_weight=32280 493 357 3397 97925 14357 4279 297 34123 53905 120 5325 205 1132 1185 3802 4011 2729 424 806 102 584 187 2266 230 651 170 2877 1205 103 3577
leaf_count=32280 493 357 3397 97925 14357 4279 297 34123 53905 120 5325 205 1132 1185 3802 4011 2729 424 806 102 584 187 2266 230 651 170 2877 1205 103 3577
internal_value=1.28322e-05 0.00273537 -0.000153 -0.000379536 -0.000862873 0.00217754 8.63881e-05 -0.00109386 -0.00159576 -0.00202469 0.000163763 0.00200739 -5.81459e-05 1.94129e-05 0.00563489 0.000865598 0.00136628 0.00464408 0.00670772 0.00771022 0.00321569 -0.00774482 -0.00047868 0.00122283 -0.00668568 -0.010485 0.000189331 0.0013518 0.000526034 0.00927072
internal_weight=273104 15766 257338 223853 110181 7676 113672 102505 68382 54025 112451 12209 100242 99110 4007 10788 10244 3737 4978 4485 3313 544 6507 4241 1221 821 8202 33485 400 3679
internal_count=273104 15766 257338 223853 110181 7676 113672 102505 68382 54025 112451 12209 100242 99110 4007 10788 10244 3737 4978 4485 3313 544 6507 4241 1221 821 8202 33485 400 3679
is_linear=0
shrinkage=1


Tree=1
num_leaves=31
num_cat=0
split_feature=16 26 39 27 33 64 86 35 49 91 33 118 36 1 120 24 15 37 86 3 162 56 15 2 49 113 23 141 33 17
split_gain=182.168 92.9208 85.5509 77.8777 84.0513 64.4311 60.9159 57.3542 51.7577 81.4441 110.809 50.6593 48.1943 74.8096 65.9096 43.1628 43.1377 48.3363 39.9008 37.2823 44.5182 36.9348 35.9363 43.4411 41.8727 55.9175 43.9639 34.8599 36.1067 34.5262
threshold=1.2206377983093264 0.021392118185758594 0.019643191248178486 0.0761079676449299 0.26178121566772466 0.44722221791744238 -0.81666666269302357 0.4955908209085465 0.8330044448375703 0.27119196951389318 0.88040038943290722 0.22047246992588046 0.80461445450782787 0.055469902232289321 0.69607850909233104 0.045104321092367179 1.1616019010543825 0.43854577839374548 -0.58333334326744068 0.0070921881124377259 0.40467123687267309 1.1637761592864992 1.1475881934165957 -0.39130440354347223 0.86216032505035411 0.98000028729438793 0.034211913123726852 0.84728437662124645 0.6713005304336549 0.95938429236412059
decision_type=10 10 10 10 8 10 2 10 10 10 10 10 10 10 10 10 8 10 2 10 10 10 10 10 10 10 10 10 10 10
left_child=1 5 3 4 19 -1 7 -6 9 10 -5 -8 -2 14 21 -15 18 -18 -10 -3 -21 -14 23 29 25 -25 -26 -16 -29 -4
right_child=12 2 22 8 6 -7 11 -9 16 -11 -12 -13 13 15 27 -17 17 -19 -20 20 -22 -23 -24 24 26 -27 -28 28 -30 -31
leaf_value=-0.00023515918383805432 0.0027880148118752152 -0.001152301036704144 -0.019162928364865474 0.021967139998598235 -0.0049702725732864786 0.0014342838971206358 -0.0010783707858852704 -0.00065758118775574559 0.0040151133385759189 -0.0045521539298679784 -0.0039638446954235731 0.00061020761690263443 0 0.0011610489119936165 -0.0075332858498512317 0.024267107674449773 0.0041801321016192716 -0.0075537549086042701 0.0007011206085412255 -0.0040378093557715414 0.0019839270439755636 0.018864648461733993 0.002663050261590528 -0.011678778301523805 -0.0024813009213763308 0.0018784471322774424 0.0028889085808657617 -0.0027776914885053869 0.010125937191706553 -0.003443641954510553
leaf_weight=36536 2063 30855 246 454 3976 47480 20788 9810 4244 264 182 68219 127 125 274 393 407 998 15630 8799 1180 379 1116 897 14816 333 1445 285 424 374
leaf_count=36536 2063 30855 246 454 3976 47480 20788 9810 4244 264 182 68219 127 125 274 393 407 998 15630 8799 1180 379 1116 897 14816 333 1445 285 424 374
internal_value=-2.43508e-05 -0.00012096 -0.000497579 -0.000275728 -0.000532765 0.000704841 -7.22089e-05 -0.00192853 0.00137426 0.00839013 0.0141947 0.000212309 0.00625804 0.00961418 0.0057636 0.0194994 0.00105583 -0.0039332 0.00142721 -0.00168419 -0.0032932 0.014379 -0.00239287 -0.00272356 -0.00241715 -0.00779708 -0.0019827 0.00083144 0.00459358 -0.0105533
internal_weight=273119 269049 185033 165806 143627 84016 102793 13786 22179 900 636 89007 4070 2007 1489 518 21279 1405 19874 40834 9979 506 19227 18111 17491 1230 16261 983 709 620
internal_count=273119 269049 185033 165806 143627 84016 102793 13786 22179 900 636 89007 4070 2007 1489 518 21279 1405 19874 40834 9979 506 19227 18111 17491 1230 16261 983 709 620
is_linear=0
shrinkage=0.03


Tree=2
num_leaves=31
num_cat=0
split_feature=16 29 115 50 10 0 22 43 84 23 38 35 42 17 39 10 51 46 54 23 36 140 36 61 15 11 42 15 15 3
split_gain=152.886 74.2403 75.1356 102.912 110.654 64.8444 63.2636 60.2545 59.8223 84.6858 82.5895 57.7076 61.7688 70.6577 70.4671 76.5329 57.6737 53.663 61.0649 52.475 58.1405 84.9872 52.1891 48.1273 45.3023 45.112 45.0074 41.6482 39.0885 38.841
threshold=1.2206377983093264 -0.0013969257706776259 0.74207225441932689 0.86872366070747387 1.0241829156875613 0.029829532839357856 1.0983040928840639 1.0028821229934695 0.65000000596046459 0.035261763259768493 -0.00088038985268212844 0.82423430681228649 0.065921377390623107 1.0552440881729128 0.022993783466517929 1.0162225365638735 0.97481110692024242 1.0280554890632632 0.99308079481124889 0.017329806461930278 0.80461445450782787 0.76692378520965587 0.88836807012557995 1.0644010305404665 1.1321045756340029 0.99600806832313549 -0.070793412625789628 0.9279364049434663 0.9157715141773225 0.014814799185842277
decision_type=10 8 10 10 10 8 8 8 2 8 10 10 10 10 10 10 10 10 10 10 10 10 10 10 10 10 10 8 8 10
left_child=1 11 3 4 7 -4 17 -3 10 -10 -6 12 13 14 26 -16 23 25 -19 -2 -21 -22 -9 -13 29 -5 -1 -15 -14 -8
right_child=19 2 5 6 8 -7 24 22 9 -11 -12 16 28 27 15 -17 -18 18 -20 20 21 -23 -24 -25 -26 -27 -28 -29 -30 -31
leaf_value=0.002476112886218984 -0.0014692738202223875 0.0069975573089367631 -0.0011506755944726914 0.00042934312152342701 0.017726177966259186 -0.0084649399496097774 0.0074650184435477484 5.8767376246593331e-05 0.0075626529280432599 -0.013544519267309069 -0.0021099856880828823 -0.0028449441703465679 0.01921898628776408 0.0079923626448161929 -0.0028775585250642643 -0.019326183963616038 0.0020786809594116155 -0.0024814189012390786 1.1080575737464193e-05 0.0030652391687518259 -0.0013417053656497348 0.014555921065139504 0.0081648501743891849 0.0097049884637006468 -0.0021734778468440008 0.0025257451199485344 -0.00032557704903056153 -0.0020918979237794229 0.000184552176252884 -0.0051149229197109715
leaf_weight=5802 676 1674 10369 38551 936 1228 2319 8480 952 181 198 4019 199 341 3732 265 11844 10069 69948 1702 340 1370 769 267 657 12358 45369 38104 235 201
leaf_count=5802 676 1674 10369 38551 936 1228 2319 8480 952 181 198 4019 199 341 3732 265 11844 10069 69948 1702 340 1370 769 267 657 12358 45369 38104 235 201
internal_value=2.59888e-05 -6.05973e-05 0.000353121 0.000537855 0.00306663 -0.00196424 0.000286475 0.00177241 0.00910131 0.00375408 0.0140262 -0.000659913 -0.000945884 -0.00100213 -0.000307426 -0.00413357 0.000987992 0.000182244 -0.000299358 0.00577056 0.00729256 0.0112426 0.00078127 -0.00195202 0.00446007 0.000944921 -1.20504e-06 -0.00199054 0.0100353 0.00631113
internal_weight=273155 269067 158890 147293 13190 11597 134103 10923 2267 1133 1134 110177 94047 93613 55168 3997 16130 130926 80017 4088 3412 1710 9249 4286 3177 50909 51171 38445 434 2520
internal_count=273155 269067 158890 147293 13190 11597 134103 10923 2267 1133 1134 110177 94047 93613 55168 3997 16130 130926 80017 4088 3412 1710 9249 4286 3177 50909 51171 38445 434 2520
is_linear=0
shrinkage=0.03


Tree=3
num_leaves=31
num_cat=0
split_feature=16 26 27 33 42 64 51 35 82 33 30 120 93 23 1 162 7 41 36 44 38 1 85 82 80 26 23 112 83 23
split_gain=159.296 79.9103 80.1953 83.1923 80.7117 56.4977 50.8709 49.2038 77.996 47.6795 48.0819 47.5548 45.0743 45.2391 68.6074 65.452 52.7905 43.0456 40.7112 40.4959 41.6903 31.5451 31.1903 37.8043 29.8671 29.7689 29.3502 33.3698 28.0175 27.0101
threshold=1.2394970059394839 0.019933737814426426 0.075317058712244048 0.2562058717012406 0.12005405128002168 0.47499999403953558 0.75565457344055187 0.74131309986114513 0.95833331346511852 0.96601486206054699 -0.0069329803809523574 0.25574485957622534 0.8090224862098695 0.047230407595634467 0.060804652050137527 0.29431645572185522 0.025125644169747833 -0.053020846098661416 0.43717427551746374 1.0387821793556216 -0.0017094038776122031 0.033147407695651061 -0.32500000298023218 0.25833334028720861 0.22500000149011615 0.084246944636106505 0.016468620859086517 -0.18257576227188108 -0.70000001788139332 0.026551869697868827
decision_type=10 10 10 8 10 10 10 10 2 10 10 8 10 10 10 10 10 10 10 10 10 10 2 2 2 10 10 2 10 10
left_child=1 5 3 19 7 -1 -6 8 -5 10 26 -9 13 14 16 -15 -4 -16 -14 20 -3 -22 23 -21 -8 -17 -2 -28 -24 -7
right_child=9 2 12 4 6 29 24 11 -10 -11 -12 -13 18 15 17 25 -18 -19 -20 22 21 -23 28 -25 -26 -27 27 -29 -30 -31
leaf_value=-0.00014858038929136441 0 0.00044919011876832089 -4.881250824699006e-05 -0.00018112946548503767 -0.0001903605719576817 0.0014846364535885945 -0.025203505891820299 -0.0015900400220654686 -0.0028953638042354657 -0.0077293109908483032 0.001439120104497004 0.001413997424723309 -0.0001395257878544971 -0.0011404321586347317 0.015538144073810885 -0.0032641151035204528 0.0039693135989696936 0.0036262810276123055 0.0071921662679718182 0.0013320734520912802 -0.0023590770164895578 0.0013404846163544099 0.0015740319902095372 -0.0026978796948107868 -0.004881524061451533 -0.029876461638005697 0.01646524209433442 0.0071387549848907746 -0.0047786262884415721 0.013463013366346201
leaf_weight=31554 205 11117 20262 78781 308 39233 206 5703 10874 156 878 25866 937 904 397 103 3396 1168 1888 2658 15595 2270 599 8458 169 107 790 1011 7248 157
leaf_count=31554 205 11117 20262 78781 308 39233 206 5703 10874 156 878 25866 937 904 397 103 3396 1168 1888 2658 15595 2270 599 8458 169 107 790 1011 7248 157
internal_value=1.75927e-06 -7.42869e-05 -0.000383472 -0.000634125 -0.000214828 0.000788683 -0.0103571 -0.000153511 -0.000514249 0.00680919 0.00774672 0.000861152 0.00106559 0.000664227 0.000937154 -0.00515834 0.000518167 0.00699522 0.00467105 -0.00169346 -0.000971128 -0.00187125 -0.00277944 -0.00170666 -0.0175154 -0.0195469 0.0103179 0.0115304 -0.00425279 0.0015468
internal_weight=272998 269958 199014 169852 121907 70944 683 121224 89655 3040 2884 31569 29162 26337 25223 1114 23658 1565 2825 47945 28982 17865 18963 11116 375 210 2006 1801 7847 39390
internal_count=272998 269958 199014 169852 121907 70944 683 121224 89655 3040 2884 31569 29162 26337 25223 1114 23658 1565 2825 47945 28982 17865 18963 11116 375 210 2006 1801 7847 39390
is_linear=0
shrinkage=0.03


Tree=4
num_leaves=31
num_cat=0
split_feature=16 26 27 33 40 45 40 41 86 44 35 33 30 1 18 38 64 39 33 18 4 1 33 35 53 25 33 25 160 39
split_gain=121.707 88.471 75.3028 81.8188 62.4326 57.9144 82.1917 69.0047 52.0168 51.2381 49.7509 49.6493 57.9554 49.3113 49.2777 47.2387 45.2821 41.2044 44.638 40.9999 40.8114 40.4508 39.0666 39.0432 39.6924 36.2794 49.8525 35.6495 35.2125 34.44
threshold=1.2206377983093264 0.021769763901829723 0.074487730860710158 0.34483984112739569 0.026447542011737827 1.1177077889442446 -0.02971203904598951 -0.036639105528593056 -0.81666666269302357 1.0409234166145327 0.4955908209085465 0.96601486206054699 -0.0071641574613749972 0.036224953830242164 0.94259545207023632 -0.001645433949306607 0.4083333313465119 0.019643191248178486 0.88932564854621898 1.0396255850791933 0.58620762825012218 0.033147407695651061 0.65942704677581798 0.68111485242843639 1.0465302467346194 0.03077192418277264 0.65942704677581798 0.035754250362515456 -1.9285400509834287 -0.027695150114595887
decision_type=10 10 10 8 10 10 10 10 2 10 10 10 10 10 10 10 10 10 10 10 10 10 10 10 10 10 10 10 10 10
left_child=1 13 3 9 8 6 19 22 10 15 -5 12 -2 16 -9 -3 -1 -6 -19 29 25 -17 -8 24 -11 -7 -27 -10 -15 -4
right_child=11 2 5 4 17 20 7 14 27 23 -12 -13 -14 28 -16 21 -18 18 -20 -21 -22 -23 -24 -25 -26 26 -28 -29 -30 -31
leaf_value=0 0.0083989635749697894 0.00043378047912930018 -0.00072824388144646665 -0.0046868297603465314 -0.00082296219818346139 -0.010009088598363509 -0.011183450818719042 -0.0092923645882681018 2.5048749097409409e-05 -0.0037262270216814959 -0.00047796265341687374 -0.0087088920964992472 0.00045317511403741915 0.00073262667539113733 0.0016090944991287929 -0.0024352863169672906 0.0013940344572345538 -0.0058747954120964216 0 0.014242443163832001 -0.0081310371942243439 0.0014489461212396154 0.00068227497852829276 -0.0012755557279925146 -0.015820114590802323 -0.0021031594808408756 0.0030545104147926562 0.0016625409944159009 -0.0066439910326651606 0.0063746258324672194
leaf_weight=37067 2629 12762 750 3604 10034 327 623 355 56722 11610 9036 190 1324 876 16425 17085 47983 3829 1634 483 693 2694 331 8257 249 4250 2765 15280 1381 2160
leaf_count=37067 2629 12762 750 3604 10034 327 623 355 56722 11610 9036 190 1324 876 16425 17085 47983 3829 1634 483 693 2694 331 8257 249 4250 2765 15280 1381 2160
internal_value=-3.72683e-05 -0.000117048 -0.00049466 -0.000762343 -0.000255297 0.000897165 0.00172721 0.000885741 6.19486e-05 -0.00172045 -0.00170723 0.00505142 0.00582883 0.000666437 0.00134982 -0.000969827 0.000785821 -0.00200522 -0.00411106 0.00600641 -0.00124696 -0.00189015 -0.00682904 -0.00291763 -0.00403162 -0.000536109 -2.46879e-05 0.000377082 -0.0036679 0.00444913
internal_weight=273408 269265 181958 152796 100139 29162 21127 17734 84642 52657 12640 4143 3953 87307 16780 32541 85050 15497 5463 3393 8035 19779 954 20116 11859 7342 7015 72002 2257 2910
internal_count=273408 269265 181958 152796 100139 29162 21127 17734 84642 52657 12640 4143 3953 87307 16780 32541 85050 15497 5463 3393 8035 19779 954 20116 11859 7342 7015 72002 2257 2910
is_linear=0
shrinkage=0.03


Tree=5
num_leaves=31
num_cat=0
split_feature=16 26 38 26 58 49 49 3 117 49 24 123 50 33 78 46 62 27 33 11 27 121 24 2 40 113 48 121 142 97
split_gain=132.32 65.9055 73.5633 89.0067 87.851 84.3006 62.7703 110.462 89.4792 52.0035 53.8192 50.0057 43.6563 43.106 42.1285 69.7006 40.7637 39.5868 39.3846 38.9304 55.7912 37.2998 35.9299 64.9376 37.8378 34.9329 31.6663 37.9195 31.1483 40.5157
threshold=1.2394970059394839 0.019933737814426426 -0.00081632685032673169 0.069893267005682005 0.90896162390708934 0.85446846485137951 0.8330044448375703 0.010563364718109371 0.54936933517456066 0.91315093636512767 0.049329595640301711 0.10526307299733163 0.77039915323257457 0.96601486206054699 0.5000000149011613 1.0114613175392153 1.0852662920951845 0.095824528485536589 0.8148995339870454 0.97153580188751232 0.058048976585268981 0.31352818012237554 0.027736262418329719 -0.90909138321876515 -0.034799998626112931 0.83333334326744091 0.91728729009628307 0.64468553662300121 1.9393044710159304 0.18018047511577609
decision_type=10 10 10 10 10 10 10 10 10 10 10 8 10 10 10 10 10 10 10 10 10 10 10 10 10 10 10 10 10 8
left_child=1 11 3 19 5 28 7 8 -6 10 18 -1 -12 16 15 -8 -2 -16 -5 20 -3 -11 24 -24 -21 -9 27 -18 29 -4
right_child=13 2 4 9 6 -7 14 25 -10 21 12 -13 -14 -15 17 -17 26 -19 -20 22 -22 -23 23 -25 -26 -27 -28 -29 -30 -31
leaf_value=0 0.0020124660073357744 -0.0015086750854028086 -0.008578873826893714 0.015557973447438126 0.021981014098909846 0.0043634110067185252 0.00038804050927250116 0 -0.00087804406864627055 -0.0068171571444377525 -0.0069622702782897259 0.001611154896639663 0.0073578884408540554 -0.0081798648925075317 -0.00065927113239609627 -0.0026555553121220396 0.0018574262077568984 0.0026565739554851825 0.0022118144812594432 0.002772548233362513 0.010694600310150812 0.0028944678066602169 -0.0076832930468358936 -0.00073740797339602105 3.9024918244622352e-05 -0.020817261996065699 0.0077152771989553543 0.028988499393998887 -0.00094537717874036784 -0.032085558354268032
leaf_weight=40777 1073 548 192 829 399 180 9205 117 203 377 297 30124 441 143 67976 23957 102 3353 343 4907 711 2688 1310 15989 64319 103 1553 153 114 188
leaf_count=40777 1073 548 192 829 399 180 9205 117 203 377 297 30124 441 143 67976 23957 102 3353 343 4907 711 2688 1310 15989 64319 103 1553 153 114 188
internal_value=-2.76747e-05 -9.89765e-05 -0.000380077 0.000234282 -0.000920531 -0.0115944 -0.000847182 0.00727264 0.01401 0.0041298 0.0080293 0.000684644 0.00116748 0.00619056 -0.000915308 -0.00180196 0.00705873 -0.000498496 0.0120064 9.20289e-06 0.00520784 0.00156623 -6.41605e-05 -0.00128899 0.000237865 -0.00954451 0.00983465 0.0201513 -0.0179362 -0.0219813
internal_weight=272671 269647 198746 92759 105987 674 105313 822 602 4975 1910 70901 738 3024 104491 33162 2881 71329 1172 87784 1259 3065 86525 17299 69226 220 1808 255 494 380
internal_count=272671 269647 198746 92759 105987 674 105313 822 602 4975 1910 70901 738 3024 104491 33162 2881 71329 1172 87784 1259 3065 86525 17299 69226 220 1808 255 494 380
is_linear=0
shrinkage=0.03


Tree=6
num_leaves=31
num_cat=0
split_feature=16 25 55 49 36 85 85 42 23 25 81 49 30 140 34 4 43 35 12 1 26 113 36 23 10 69 5 78 31 1
split_gain=141.422 80.8372 54.141 87.1598 74.9029 57.9446 53.3117 56.8326 56.7646 56.1195 98.5192 55.0155 48.501 50.1619 45.7169 81.0795 81.7455 61.7204 48.6281 40.8354 40.7545 41.4458 34.7973 36.2885 33.3564 33.3433 38.6252 31.2233 30.6946 28.3019
threshold=1.2206377983093264 0.012410786934196951 0.93731585144996654 0.8330044448375703 0.80770382285118114 0.82500001788139354 0.37500000000000006 -0.077859010547399507 0.0083423661999404448 0.042319050058722503 0.61666667461395275 0.87457564473152172 -0.0069329803809523574 0.82000133395195018 0.51552367210388195 0.40000240504741674 1.0246306061744692 0.7764699161052705 0.99101302027702343 0.018544884398579601 0.046242590993642814 0.91666629910469066 0.80461445450782787 0.016468620859086517 1.0191387534141543 0.95370346307754528 0.0096286037005484122 0.30000000447034841 0.00078220220166258525 0.041100084781646735
decision_type=10 10 10 8 10 2 2 10 10 8 2 10 10 10 10 10 10 10 10 10 10 10 10 10 8 10 10 10 8 10
left_child=1 24 4 14 5 20 7 8 -5 11 -11 -8 13 -2 18 17 -17 -16 -4 -9 27 -22 -15 -24 -1 -6 -27 -3 -26 -20
right_child=12 2 3 6 25 -7 9 19 -10 10 -12 -13 -14 22 15 16 -18 -19 29 -21 21 -23 23 -25 28 26 -28 -29 -30 -31
leaf_value=0.0015329253498020169 0.00011050877567831884 -0.0016217506471951665 -0.014660189942727209 0.015859136687317754 -0.002143976456914097 -0.016730502473710489 0.010031447953201439 -0.00019169484914669682 0.0013327392604409005 0.0018023201425315723 0.018608998775780046 -1.4196202899945286e-05 0.00045707756704924736 0.0048694612838443025 0.020638296869595705 -0.016237439879961311 0.014139759079717153 -0.00027348048113077421 -0.0018852466122480107 -0.0012062831867818526 -0.016504590276992036 0 0 0.01547261806580031 -0.006517267102199663 2.2057449007689051e-05 0.023528246526848377 0.015079460524785237 0.0019088815756813956 0.017319358123466373
leaf_weight=32803 657 381 135 235 355 515 474 72460 8361 11739 308 65477 1255 894 549 155 122 127 100 71978 303 241 157 1060 892 178 107 107 591 100
leaf_count=32803 657 381 135 235 355 515 474 72460 8361 11739 308 65477 1255 894 549 155 122 127 100 71978 303 241 157 1060 892 178 107 107 591 100
internal_value=5.11657e-05 -3.14889e-05 -0.00023154 -0.000185755 -0.00491354 -0.00850839 -0.000230716 -0.000556864 0.00180058 0.000405329 0.002287 5.64752e-05 0.0056207 0.00783418 0.00752985 0.0108626 -0.00179699 0.0163836 -0.00118376 -0.00069947 -0.00388006 -0.00947977 0.0100736 0.0135135 0.0013274 0.00331585 0.0107949 0.00189915 -0.00297899 0.00705497
internal_weight=272816 268793 234507 232320 2187 1547 231032 153034 8596 77998 12047 65951 4023 2768 1288 953 277 676 335 144438 1032 544 2111 1217 34286 640 285 488 1483 200
internal_count=272816 268793 234507 232320 2187 1547 231032 153034 8596 77998 12047 65951 4023 2768 1288 953 277 676 335 144438 1032 544 2111 1217 34286 640 285 488 1483 200
is_linear=0
shrinkage=0.03


Tree=7
num_leaves=31
num_cat=0
split_feature=16 25 86 55 49 10 33 40 41 51 46 16 126 105 23 30 59 12 10 159 79 1 122 122 83 11 119 1 1 51
split_gain=116.14 71.0598 66.541 67.4442 70.1975 57.8016 62.2843 52.633 61.4304 46.5204 44.2866 48.0843 43.5892 52.1283 43.2912 39.1891 38.7351 38.5381 41.3991 34.4751 33.9818 30.3255 66.0962 31.431 29.1842 28.3851 52.6846 30.6015 27.965 31.0105
threshold=1.2394970059394839 0.012410786934196951 0.81666666269302379 0.93731585144996654 0.8330044448375703 1.0077120661735537 0.90932521224021923 -0.033931845799088471 -0.0374193787574768 0.80077409744262706 1.0037141442298891 0.92525342106819164 0.25000001490116125 0.34166666865348821 0.043943552300333984 -0.010216695722192524 0.87291401624679577 1.0204320549964907 1.0198371410369875 0.0039975563995540151 0.65000000596046459 0.051660547032952316 0.62848302721977245 0.62285074591636669 -0.70000001788139332 0.98799082636833202 0.68585437536239635 0.019120405428111557 0.018259963952004913 0.96984371542930614
decision_type=10 10 2 10 10 10 10 10 10 10 10 8 10 2 10 10 10 10 10 10 2 10 10 10 10 10 10 10 8 8
left_child=1 28 3 16 5 14 -7 12 9 -9 20 -12 -4 -14 -5 21 19 18 -10 -3 -6 23 -23 -2 -15 -17 27 -27 -1 -30
right_child=15 2 7 4 10 6 -8 8 17 -11 11 -13 13 24 -16 25 -18 -19 -20 -21 -22 22 -24 -25 -26 26 -28 -29 29 -31
leaf_value=0.0016520473435309181 0.011307376625109463 -0.00078759364537463693 0 0.018713059523271496 0.0015154282743506586 0.0052016178554013135 -0.017550532174804671 -0.022001824726800571 0.00084139845560566955 0 -0.0018034367806534586 -0.00028927481931855734 -0.0016987186892799793 0.002238793160234179 -0.00019301011204719541 -0.0016731006582989295 -0.0039186249152184105 -0.012401328312044733 0.0050293266739847454 -0.026537634642353574 0.010549859749438131 0.0045560610122354871 0.023954857502176099 -0.0011917434359664128 0.019347730272041858 0 -0.00015768540696909199 0.017581358015780677 0.0015246427292003998 -0.0026210978004715529
leaf_weight=28001 280 101 406 402 5095 557 112 158 14827 209 21112 187651 167 169 105 722 760 158 2531 151 405 404 323 358 462 109 511 332 3174 3208
leaf_count=28001 280 101 406 402 5095 557 112 158 14827 209 21112 187651 167 169 105 722 760 158 2531 151 405 404 323 358 462 109 511 332 3174 3208
internal_value=3.36586e-05 -3.11082e-05 -0.000218198 -0.000369084 -0.00033095 0.00690422 0.000558292 0.00147578 0.00104307 -0.0106988 -0.000372702 -0.000443996 0.00753558 0.0115294 0.0143696 0.00584685 -0.00803271 0.00131812 0.0014744 -0.0181369 0.00227085 0.00966788 0.013987 0.00401479 0.0154358 0.00247667 0.00590218 0.0132769 0.00124119 -0.000514089
internal_weight=272960 269921 235538 216451 215439 1176 669 19087 17883 367 214263 208763 1204 798 507 3039 1012 17516 17358 252 5500 1365 727 638 631 1674 952 441 34383 6382
internal_count=272960 269921 235538 216451 215439 1176 669 19087 17883 367 214263 208763 1204 798 507 3039 1012 17516 17358 252 5500 1365 727 638 631 1674 952 441 34383 6382
is_linear=0
shrinkage=0.03


Tree=8
num_leaves=31
num_cat=0
split_feature=22 29 57 40 41 71 26 137 10 41 26 116 51 158 75 74 10 10 26 126 83 29 105 35 85 54 4 18 3 17
split_gain=87.9591 80.6314 80.7225 61.5613 80.6631 66.2792 60.3761 59.6604 56.4176 56.4088 69.4711 56.325 66.2953 52.8271 60.4924 65.0843 51.3424 48.4215 45.4086 44.9904 44.0518 44.183 47.5207 38.3479 51.5744 38.0665 54.0964 36.9619 36.0031 31.6214
threshold=1.1661723852157595 -0.0011563174775801597 1.1707749962806704 -0.028458484448492524 -0.039029836654663079 0.56862738728523265 0.021392118185758594 0.54424685239791881 1.0355787277221682 -0.031841535121202462 0.030101267620921138 0.33832040429115301 0.9373396933078767 -0.036500213667750352 0.075000001117587103 0.25000000745058065 1.0203437805175783 1.016392767429352 0.059377742931246764 -0.52234837412834156 -0.3000000044703483 -0.0030129344668239351 0.48684211075305944 0.79886817932128917 0.42499999701976782 0.99127179384231578 0.33333723247051245 1.0176748633384707 0.014239994343370201 1.005795478820801
decision_type=8 8 10 10 10 10 10 10 10 10 8 10 8 8 2 2 10 10 10 10 10 10 2 8 2 10 10 10 10 10
left_child=1 7 3 5 18 8 16 9 -3 20 27 12 -2 -14 15 19 -6 -8 -5 -15 29 22 -22 24 -12 26 -4 -11 -9 -1
right_child=11 2 25 4 6 -7 17 28 -10 10 23 -13 13 14 -16 -17 -18 -19 -20 -21 21 -23 -24 -25 -26 -27 -28 -29 -30 -31
leaf_value=0.0023784035872180657 0.01661782978877652 0.0012738342042945584 0.0036708449193784557 -0.0027985628353143881 0.0011731211453347454 0.0049662699632708742 -0.00064002447448430015 0.00046826916055202198 -0.010337204380948661 -0.00041546208889140597 -0.0043660258983107426 -0.00019413344374725027 0.019602078536563382 0.0065266848272593639 0.0068943017986264413 0.0082661576376513654 -0.0036261885090014107 0.0011567911952530977 -0.018560331200536052 -0.0093353043508702643 -0.01284044318659263 0.0046830422661986457 -0.0018385406457352947 -0.0010813849895504948 0.00045884181176809489 0.0059037591603353628 -0.012021953286064516 -0.0038185382215879652 -0.004118671850950704 -0.00028586418910028425
leaf_weight=6664 458 1444 622 487 49542 4737 73799 36253 475 30429 14219 1982 176 165 1630 379 2044 16413 292 752 591 384 1049 7778 2186 3343 261 3200 1580 9599
leaf_count=6664 458 1444 622 487 49542 4737 73799 36253 475 30429 14219 1982 176 165 1630 379 2044 16413 292 752 591 384 1049 7778 2186 3343 261 3200 1580 9599
internal_value=-1.62008e-05 -9.49591e-05 0.000352602 0.000234395 0.000100364 0.00305161 0.000155984 -0.000700384 -0.00152245 -0.00118506 -0.00164501 0.00371648 0.0059664 0.00420128 0.00304629 -0.00159667 0.000975812 -0.000309607 -0.00939887 -0.00608262 0.00025283 -0.00387425 -0.00609091 -0.00287519 -0.00370506 0.00443543 -0.000798988 -0.000750278 0.000266707 0.000789014
internal_weight=272933 267391 153459 149233 142577 6656 141798 113932 1919 76099 57812 5542 3560 3102 2926 1296 51586 90212 779 917 18287 2024 1640 24183 16405 4226 883 33629 37833 16263
internal_count=272933 267391 153459 149233 142577 6656 141798 113932 1919 76099 57812 5542 3560 3102 2926 1296 51586 90212 779 917 18287 2024 1640 24183 16405 4226 883 33629 37833 16263
is_linear=0
shrinkage=0.03


Tree=9
num_leaves=31
num_cat=0
split_feature=16 29 40 115 57 49 18 158 21 41 1 0 138 79 46 124 87 42 73 42 23 36 140 40 3 3 138 1 6 42
split_gain=110.203 64.5208 88.1689 67.079 74.0091 68.0203 71.1436 57.3917 56.0182 54.777 116.009 52.2052 46.6677 46.3226 44.6069 43.0924 44.306 42.744 41.6457 41.0574 38.8854 45.1173 62.5973 37.9304 37.7645 35.3912 34.489 34.1445 33.771 33.3088
threshold=1.2206377983093264 -0.0015410915948450563 -0.029080298729240891 0.74207225441932689 0.92394757270812999 0.8330044448375703 1.024536728858948 0.0059734659735113391 1.008698642253876 -0.030649034306406971 0.018639719113707546 0.029829532839357856 0.58936071395874035 0.84999999403953563 1.069396495819092 0.17138372361660006 -0.22500000149011609 0.082661904394626631 0.5000000149011613 0.065921377390623107 0.017329806461930278 0.80461445450782787 0.82000133395195018 -0.015553535893559454 0.012077321298420431 0.0066411162260919818 0.83506447076797496 0.057770330458879478 0.066667936742305769 -0.075341708958148942
decision_type=10 8 8 10 8 8 10 10 10 10 10 8 10 2 10 10 2 10 10 10 10 10 10 10 10 10 10 10 10 10
left_child=1 9 8 4 12 7 -7 -6 15 13 -11 23 -4 14 24 16 18 -14 -3 29 -2 28 -23 25 -1 -5 -16 -18 -22 -12
right_child=20 2 3 11 5 6 -8 -9 -10 10 19 -13 17 -15 26 -17 27 -19 -20 -21 21 22 -24 -25 -26 -27 -28 -29 -30 -31
leaf_value=0.0049686800161900784 -0.0013017661317255636 0.0054686939690601665 -0.0033258597273821996 -0.0016908878786912696 0.010836372266648487 0.00027647676508090867 -0.0054496733246841315 -0.0097593105191794722 -0.0028343969192503697 1.3949265429171438e-05 0.0011035183621924383 -0.0077613406930510751 0.0089800912388697668 0.0010796547145323239 -0.0062210483656198806 0.0011588955322504603 0.0075838230390360495 -0.0025148105176189656 -0.0076996960378652784 0.008165789551188846 0.0085855668598333792 0.00028650824077727674 0.013396817401815633 -0.00070989389197044397 -0.010304111831487632 -0.015676194200609658 -0.00049850759305919922 0.021145854544243253 -0.00017701842304516032 -0.0026259336636971623
leaf_weight=1078 676 631 401 475 867 138768 1957 110 925 42362 2174 1275 1823 22962 2108 1975 2412 291 296 303 533 515 1197 9372 139 291 1939 203 1172 33775
leaf_count=1078 676 631 401 475 867 138768 1957 110 925 42362 2174 1275 1823 22962 2108 1975 2412 291 296 303 533 515 1197 9372 139 291 1939 203 1172 33775
internal_value=9.55044e-06 -6.38841e-05 0.000312157 0.000167544 0.000344633 0.000251484 0.000193951 0.00806735 0.00374805 -0.000637083 -0.00104527 -0.00204063 0.00543117 0.000489093 -0.00202455 0.00491212 0.00690241 0.00724845 0.000873301 -0.0022906 0.00488402 0.00619553 0.00967506 -0.00127777 0.00284338 -0.00764922 -0.00356896 0.00890299 0.00245612 -0.00239157
internal_weight=273005 268912 162072 155630 144217 141702 140725 977 6442 106840 78614 11413 2515 28226 5264 5517 3542 2114 927 36252 4093 3417 1712 10138 1217 766 4047 2615 1705 35949
internal_count=273005 268912 162072 155630 144217 141702 140725 977 6442 106840 78614 11413 2515 28226 5264 5517 3542 2114 927 36252 4093 3417 1712 10138 1217 766 4047 2615 1705 35949
is_linear=0
shrinkage=0.03


Tree=10
num_leaves=31
num_cat=0
split_feature=16 25 40 36 18 60 41 38 48 49 44 42 57 34 38 52 109 1 140 36 124 60 13 71 33 7 71 24 16 33
split_gain=87.4792 84.4641 46.4833 88.1156 63.2074 69.9402 45.3554 44.9062 81.0779 49.627 45.2358 49.8316 49.7755 44.299 39.858 57.8254 36.9038 62.4601 35.1199 37.6057 48.9545 44.1248 33.6117 57.1424 31.0129 57.226 39.28 30.9471 29.3892 30.4436
threshold=1.2206377983093264 0.012410786934196951 -0.030343431979417797 0.81698989868164074 1.024536728858948 1.0340443849563601 -1.0000000180025095e-35 -0.0015779093955643473 0.85566958785057079 0.81136205792427074 1.0405647158622744 -0.072938788682222352 1.1707749962806704 0.87956127524375927 -0.0011431621387600897 0.97945204377174389 0.18333333730697635 0.057770330458879478 0.72992762923240673 0.81698989868164074 -0.42222225666046137 1.0453408360481264 1.1147735714912417 0.11450397223234178 0.31766413152217871 0.013820336200296881 0.57792210578918468 0.047748180106282241 1.0977731943130495 0.93002739548683178
decision_type=10 10 10 10 10 10 10 8 10 8 10 10 10 10 10 10 2 10 10 10 10 10 8 10 10 10 10 10 10 10
left_child=1 -1 3 22 7 6 -6 10 -9 -10 12 -12 -4 14 18 27 17 -5 -2 -20 21 -21 24 -24 25 -3 -26 -16 -7 -30
right_child=13 2 4 16 5 28 -8 8 9 -11 11 -13 -14 -15 15 -17 -18 -19 19 20 -22 -23 23 -25 26 -27 -28 -29 29 -31
leaf_value=0.0013056164983883474 -0.0062948364235266953 -0.0041972127679266447 0.00056229659158348977 0.0070073984625709405 -0.0074932845071050951 0.0036709109339127955 0.0013731731071725097 -0.013274959585949639 0.0098297847427945458 -0.00067063696620142178 0.003936555401482987 -0.0011633466849899771 0.0061428324695317494 0.012382124621113428 -0.0017519979258900969 -0.010839711496513336 0.0012370724835253717 0.028939823312684895 0.0030430836516780152 -0.010554612259868354 0.020049180876952056 0.010640064513791002 0.00090137646734382028 -0.011868778798141414 0.00040459428841783306 0.010881258998032113 0.0041332104841339526 0.0072776889342109664 0 -0.0082011365533844905
leaf_weight=34354 153 2091 52510 1295 3108 1201 550 441 383 124510 1815 24323 1474 540 634 355 867 127 1026 106 369 236 674 512 13352 226 3198 622 1400 536
leaf_count=34354 153 2091 52510 1295 3108 1201 550 441 383 124510 1815 24323 1474 540 634 355 867 127 1026 106 369 236 674 512 13352 226 3198 622 1400 536
internal_value=-1.45887e-05 -8.16664e-05 -0.000286194 0.00101086 -0.000424221 -0.00327161 -0.00607838 -0.00032828 -0.000683447 -0.000634466 0.000223591 -0.000795006 0.000722443 0.00435428 0.00296755 -0.000330118 0.00656828 0.00954846 0.00590951 0.00721467 0.0125761 0.00302203 0.000355639 -0.00446819 0.000679164 -0.00251756 0.00114731 0.00252858 0 -0.00226069
internal_weight=272988 268947 234593 22342 212251 6795 3658 205456 125334 124893 80122 26138 53984 4041 3501 1611 2289 1422 1890 1737 711 342 20053 1186 18867 2317 16550 1256 3137 1936
internal_count=272988 268947 234593 22342 212251 6795 3658 205456 125334 124893 80122 26138 53984 4041 3501 1611 2289 1422 1890 1737 711 342 20053 1186 18867 2317 16550 1256 3137 1936
is_linear=0
shrinkage=0.03


Tree=11
num_leaves=31
num_cat=0
split_feature=16 25 86 55 14 38 40 38 79 53 34 83 42 23 86 1 124 111 24 17 52 33 159 11 141 21 38 137 124 59
split_gain=102.347 62.3161 56.0102 80.5449 69.2105 57.3196 52.2595 57.8991 61.7818 48.8075 47.2322 43.3823 40.7703 56.5009 44.5047 38.0111 47.0578 41.2009 44.2872 36.3041 36.0287 44.6927 35.4798 31.5304 26.9658 31.9501 26.9217 26.5024 26.4087 24.9325
threshold=1.2206377983093264 0.012410786934196951 0.81666666269302379 0.93731585144996654 0.87782910466194164 -0.0085295797325670702 -0.041960727423429482 -0.022880334407091137 0.15000000223517421 1.0038992166519167 0.87956127524375927 -0.70000001788139332 -0.077859010547399507 0.0083423661999404448 -0.81666666269302357 0.055469902232289321 -0.31297709047794336 -0.16954023391008374 0.045104321092367179 1.0601355433464053 0.7320179045200349 0.52104809880256664 0.009869150351732971 0.98563537001609813 0.94612154364585888 1.1250088810920718 -0.0072103270795196286 1.0459232926368716 -0.70212748646736134 1.0351116657257082
decision_type=10 10 2 10 8 10 10 10 2 10 10 10 10 8 2 10 10 2 10 10 10 10 10 10 10 10 10 10 10 10
left_child=1 -1 3 26 5 -5 11 8 -8 -7 15 -4 13 -6 -14 16 24 18 -17 22 -13 -22 -9 -18 -2 -26 -3 -25 29 -12
right_child=10 2 6 4 12 9 7 19 -10 -11 28 20 14 -15 -16 17 23 -19 -20 -21 21 -23 -24 27 25 -27 -28 -29 -30 -31
leaf_value=0.0010876563842338231 -0.0069501225562125903 0 -0.0020095472585671815 0.018786817484161084 0.015313091277917423 0.0058122726392138531 -0.027918940001400185 0.0018329508905224165 0 -0.011569439039459664 -0.0018342738205877442 0.021635077513276587 -0.001722561237502503 0.0010943273152038591 -0.00034426457025365067 0 0 0.00021742539566320008 0.017351098467052201 -0.005086438793362737 -0.0087065126934266161 0.012958002238609564 -0.0034278878318334273 0.015029540380238363 -0.0055182971849336501 0.0059498661127792233 -0.011252958208734303 0 0.019753608346340264 0.014284726382336681
leaf_weight=34323 620 196 188 260 244 853 108 16079 131 147 160 249 24061 8752 180548 158 447 443 465 763 106 203 1188 378 341 504 801 191 268 115
leaf_count=34323 620 196 188 260 244 853 108 16079 131 147 160 249 24061 8752 180548 158 447 443 465 763 106 203 1188 378 341 504 801 191 268 115
internal_value=-3.13899e-05 -0.000104205 -0.000279728 -0.000418306 -0.000376945 0.00656432 0.00127646 0.000935145 -0.0130589 0.00278629 0.00466539 0.00900061 -0.000419904 0.00154637 -0.000507964 0.00324852 0.00104955 0.00797654 0.0128489 0.00115153 0.0131703 0.00453682 0.00145009 0.0060303 -0.00223734 0.000954479 -0.00885439 0.0105897 0.0129437 0.00440091
internal_weight=273290 269200 234877 215862 214865 1260 19015 18269 239 1000 4090 746 213605 8996 204609 3547 2481 1066 623 18030 558 309 17267 1016 1465 845 997 569 543 275
internal_count=273290 269200 234877 215862 214865 1260 19015 18269 239 1000 4090 746 213605 8996 204609 3547 2481 1066 623 18030 558 309 17267 1016 1465 845 997 569 543 275
is_linear=0
shrinkage=0.03


Tree=12
num_leaves=31
num_cat=0
split_feature=16 47 120 57 38 0 138 37 162 53 2 34 35 14 20 76 8 3 86 29 1 13 76 39 11 158 1 40 38 68
split_gain=77.3364 55.8021 53.4788 64.6893 65.8433 59.2298 58.2083 51.8881 51.7492 47.2195 46.2069 46.1521 46.0486 75.4623 70.1459 66.0788 61.4705 87.9948 59.2507 55.3834 53.2197 46.575 40.8285 39.5182 66.5617 38.8888 36.0489 51.7597 31.8412 45.1689
threshold=1.2206377983093264 1.0944131016731264 0.25574485957622534 0.92394757270812999 -0.022880334407091137 0.029829532839357856 0.58936071395874035 0.85078144073486339 0.40467123687267309 0.9966220259666444 0.9302317500114442 0.87956127524375927 0.46341206133365637 0.91430118680000316 0.92615920305252086 0.51666668057441723 -0.77777925133705128 0.0097402227111160773 -0.81666666269302357 0.0026124819414690141 0.016304305754601959 1.1029161214828493 0.050000002607703216 0.020617440342903141 0.96731147170066845 0.0019503057701513173 0.012626279145479204 -0.028458484448492524 -0.0011431621387600897 0.14754063636064532
decision_type=10 8 8 10 10 10 10 8 8 10 10 10 10 8 8 2 10 10 2 8 10 8 2 10 8 10 10 10 10 10
left_child=1 2 5 4 -4 -1 -6 12 26 -8 22 28 13 16 -14 25 -3 -18 20 -17 -15 -20 -9 24 -24 -16 -5 -28 -2 -30
right_child=11 7 3 8 6 -7 9 10 -10 -11 -12 -13 14 18 15 19 17 -19 21 -21 -22 -23 23 -25 -26 -27 27 -29 29 -31
leaf_value=-0.00081668179995363435 0.0053578046467429143 0.022408432639673712 -0.015135107128355734 0.00096508897134684932 -0.0034344892951916075 -0.0078416994517555207 0.0030249986669811774 0.0031477065385813654 0.0019445034204733248 0.012080521229640838 0.011598814772527055 0.012371730248129967 -0.010375603328710041 0 -0.00019313509789253215 0.0036992150017093697 0.0076501873919715318 -0.0086914282970239742 -0.0010172461411003706 -0.0013169880835752683 -0.0062777927200327816 -0.0077138833615863671 0.015387398046413807 -0.0062463659801556808 -0.00021230115435399616 -0.0032892609983139896 0.0021024999808124992 -0.00044454404116896998 -0.010236984044390572 0.0021093065029817067
leaf_weight=9853 1902 151 113 36895 438 1219 1115 4714 17644 1211 370 532 573 1783 43863 6891 986 389 45772 2659 4065 951 236 901 5756 3997 7981 68499 312 1309
leaf_count=9853 1902 151 113 36895 438 1219 1115 4714 17644 1211 370 532 573 1783 43863 6891 986 389 45772 2659 4065 951 236 901 5756 3997 7981 68499 312 1309
internal_value=2.7932e-05 -3.30921e-05 0.000365381 0.000532833 0.00497706 -0.00162991 0.00600988 -0.000501134 0.00043221 0.0079303 0.00136574 0.00413043 -0.000703515 -0.00133341 -0.000110408 0 0.00515727 0.00275362 -0.00152941 0.00227138 -0.00439012 -0.00116321 0.000994346 -0.000439748 0.000401351 -0.000459238 0.000193912 -0.000174348 0.00273844 -0.000180019
internal_weight=273080 269025 144968 133896 2877 11072 2764 124057 131019 2326 11977 4055 112080 54097 57983 57410 1526 1375 52571 9550 5848 46723 11607 6893 5992 47860 113375 76480 3523 1621
internal_count=273080 269025 144968 133896 2877 11072 2764 124057 131019 2326 11977 4055 112080 54097 57983 57410 1526 1375 52571 9550 5848 46723 11607 6893 5992 47860 113375 76480 3523 1621
is_linear=0
shrinkage=0.03


Tree=13
num_leaves=31
num_cat=0
split_feature=16 46 40 25 32 53 86 42 4 23 86 43 35 86 30 73 44 30 140 99 25 29 41 115 106 83 37 49 69 36
split_gain=101.015 54.1623 68.0757 60.9137 51.8311 61.514 49.7707 48.1303 69.3666 52.4975 49.8414 54.2604 53.5032 46.2454 73.0193 55.0929 46.0365 39.2464 49.4048 38.8834 47.3794 51.6828 41.9159 41.7829 34.624 32.1358 31.303 31.1984 29.844 28.9816
threshold=1.2206377983093264 1.0748502612113955 -0.029080298729240891 0.013636420015245678 -0.0049950752872973672 0.99464884400367748 -0.88333332538604725 -0.075341708958148942 0.41666708886623388 0.0083423661999404448 -0.81666666269302357 1.1307523846626284 0.55302762985229503 -0.58333334326744068 -0.0065398823935538522 0.90000000596046459 1.0120506286621096 -0.0069329803809523574 0.81253799796104442 0.5634920895099641 0.025473547168076042 0.012057486455887558 -0.039029836654663079 0.74207225441932689 0.5962963104248048 -0.50000001490116108 0.26593333482742315 0.91467267274856578 0.29629804193973547 0.85577198863029491
decision_type=10 8 10 10 8 8 2 8 10 10 2 10 10 2 10 10 10 10 10 2 10 10 10 10 2 10 10 10 10 10
left_child=1 2 29 -4 13 6 -6 8 9 -7 12 -12 -9 14 28 25 -17 18 -2 20 26 -22 -21 -24 -20 -16 -5 -26 -3 -1
right_child=17 4 3 19 5 7 -8 10 -10 -11 11 -13 -14 -15 15 16 -18 -19 24 22 21 -23 23 -25 27 -27 -28 -29 -30 -31
leaf_value=0.002178967964772805 -0.00016634624927968746 -0.0083963257828417858 0.0011283149753282835 -0.0012543978334210244 0.0042492922694670259 0.01791789392450668 -0.0045283948445106626 -0.0042936638437622012 -0.0034568165351585795 0.0022789082280933576 -0.00032572410522831261 -0.012627297602536761 -0.00093111629334081134 -0.0002339200564477336 0.0042572850778080581 0.013276366221273617 -0.0060873623923318266 3.0290955179510424e-05 0.0026295040150955675 -0.012089306353067512 -0.0025535678134412107 0.0065335431873467503 0.00082397469271731384 -0.0014225372525781532 0.020457839135310758 0.017189389330987806 0.0002963988533224392 0.0084462649130757263 0.0024347063964602132 0.0079141311518300273
leaf_weight=7731 663 311 40095 18355 596 186 5725 6836 2006 7441 61535 306 12118 2900 346 148 299 1282 713 220 14502 550 43793 8883 310 675 31797 1177 677 934
leaf_count=7731 663 311 40095 18355 596 186 5725 6836 2006 7441 61535 306 12118 2900 346 148 299 1282 713 220 14502 550 43793 8883 310 675 31797 1177 677 934
internal_value=0 -7.07357e-05 0.000261016 0.00011705 -0.000615766 -0.000777245 -0.00364265 -0.000572873 0.00141826 0.00274539 -0.000814276 -0.000395507 -0.00216292 0.00223737 0.00525491 0.00947134 0 0.00463734 0.00658171 -0.000223868 -0.000715654 -0.00219339 0.00037672 0.000439046 0.00873365 0.0132611 -0.000265468 0.0113877 -0.000775986 0.0028485
internal_weight=273110 268965 166860 158195 102105 96749 6321 90428 9633 7627 80795 61841 18954 5356 2456 1468 447 4145 2863 118100 65204 15052 52896 52676 2200 1021 50152 1487 988 8665
internal_count=273110 268965 166860 158195 102105 96749 6321 90428 9633 7627 80795 61841 18954 5356 2456 1468 447 4145 2863 118100 65204 15052 52896 52676 2200 1021 50152 1487 988 8665
is_linear=0
shrinkage=0.03


Tree=14
num_leaves=31
num_cat=0
split_feature=16 25 39 27 67 27 33 44 27 102 114 43 79 43 16 14 82 29 160 53 111 37 41 33 33 35 23 60 37 39
split_gain=81.4495 63.2616 47.1128 53.3878 45.7029 45.4749 44.2766 58.1812 48.2726 47.2668 45.3728 44.4858 43.2995 42.6187 61.1502 60.4223 41.6944 41.3619 44.339 40.0412 37.9932 35.7009 52.5217 37.429 35.1632 32.2575 41.5992 29.7388 25.6083 25.6948
threshold=1.2394970059394839 0.012410786934196951 0.023679794743657116 0.073694020509719863 0.075235851109027876 0.023800524882972244 0.37253709137439733 1.0387821793556216 0.034745140001177795 0.53529900312423717 0.48148144781589514 1.1307523846626284 0.45000000298023229 1.0776746273040774 1.1561278104782107 1.029735326766968 0.42499999701976782 -0.015768441371619698 0.49819502234458929 1.0359762310981753 0.097619049251079573 0.84724488854408275 0.062723249197006239 0.85658830404281627 0.97387737035751354 0.61996904015541088 0.016129424795508388 0.85410505533218395 0.65855157375335704 -0.012000935617834328
decision_type=10 10 10 10 10 10 8 10 10 2 10 10 2 10 10 8 2 10 10 10 2 10 10 10 10 10 10 10 8 10
left_child=1 28 3 6 13 16 7 8 -3 11 -9 -8 19 15 -15 -5 -4 18 -7 -6 -14 23 -23 -19 25 -2 -27 -11 29 -1
right_child=24 2 5 4 12 17 9 10 -10 27 -12 -13 20 14 -16 -17 -18 21 -20 -21 -22 22 -24 -25 -26 26 -28 -29 -30 -31
leaf_value=-0.0030508067964615292 0.00096320910769656209 0.00081694581855288782 -0.00065306121441367337 0.0039592014556510541 0.0012220446988112259 0.0082985565691125647 -0.00010217893816290633 -0.0013566187721288092 -0.0011285213752539466 -0.005241582992900529 -0.0046075722461819566 -0.0089849809323093045 0.0047804012421134223 -0.0052783815764731578 0.0077795063850585496 -0.0057414654264313974 0.016108021414056106 -0.0041950058467882748 -0.010979960004775977 -0.0037760814204085159 0.00072376792827837533 0.0032264693662850705 -0.0081869337436035767 0 -0.010353732190094887 -0.0031127793752095947 0.0094872232054863549 0.0017663759760149166 0.0025160474772535843 0.00092196705135563263
leaf_weight=1516 1053 21463 229 700 11683 581 105406 19703 24473 524 4976 491 5835 474 838 2461 218 8582 101 1607 3530 1770 429 2425 100 224 1710 16968 9616 23111
leaf_count=1516 1053 21463 229 700 11683 581 105406 19703 24473 524 4976 491 5835 474 838 2461 218 8582 101 1607 3530 1770 429 2425 100 224 1710 16968 9616 23111
internal_value=4.4532e-05 -9.99279e-06 -0.000186337 -7.67999e-05 0.0011673 -0.0018527 -0.000252414 -0.000851794 -0.000213039 8.82604e-05 -0.00202745 -0.000147886 0.00172068 -0.00156391 0.0028283 -0.00348757 0.00721862 -0.0021762 0.0047847 0.000590376 0.00328808 -0.00256506 0.000810927 -0.00326697 0.0048743 0.00554935 0.00785741 0.00153356 0.00119326 0.00066296
internal_weight=272797 269710 235467 221132 27128 14335 194004 70615 45936 123389 24679 105897 22655 4473 1312 3161 447 13888 682 13290 9365 13206 2199 11007 3087 2987 1934 17492 34243 24627
internal_count=272797 269710 235467 221132 27128 14335 194004 70615 45936 123389 24679 105897 22655 4473 1312 3161 447 13888 682 13290 9365 13206 2199 11007 3087 2987 1934 17492 34243 24627
is_linear=0
shrinkage=0.03


Tree=15
num_leaves=31
num_cat=0
split_feature=32 47 115 57 120 38 159 162 79 38 158 74 30 37 25 58 86 35 13 38 32 32 119 73 51 86 60 97 5 60
split_gain=67.377 61.2112 51.9984 87.8452 50.7382 49.0172 42.8839 42.7361 43.3179 42.2009 52.3123 42.1056 53.2418 41.9889 41.5805 50.6457 41.2192 42.9921 40.5611 50.2734 48.7839 39.2356 39.1646 38.9883 63.2583 52.7314 38.4893 38.3072 36.1783 35.4863
threshold=-0.0049950752872973672 1.0944131016731264 0.74207225441932689 0.92394757270812999 0.7078249752521516 -0.02034240402281284 0.009869150351732971 0.40467123687267309 0.15000000223517421 -0.022880334407091137 0.0012295445194467904 0.25000000745058065 -0.0060663858894258729 0.744307041168213 0.021638273261487487 1.0033473372459414 -0.81666666269302357 0.55760550498962413 0.98892244696617138 -0.01138774026185274 -0.00042947186739183957 0.0026686574565246706 0.62244912981987011 0.90000000596046459 0.94229075312614452 -0.71666666865348805 0.98767289519310009 0.12088977918028833 0.010504228994250299 0.89853191375732433
decision_type=8 8 10 10 10 8 10 8 2 10 8 2 10 10 10 10 2 10 10 10 8 10 10 10 10 2 10 10 10 10
left_child=5 2 3 9 16 13 -4 14 -9 -2 27 -6 -13 -1 21 -16 17 28 20 -20 22 -5 -18 24 25 -7 -22 -11 -3 -8
right_child=1 4 6 7 11 23 29 8 -10 10 -12 12 -14 -15 15 -17 18 -19 19 -21 26 -23 -24 -25 -26 -27 -28 -29 -30 -31
leaf_value=0.0011467177074015688 -0.010322702707679465 -0.0028429106657223762 -0.00098360898113884028 0.00040643643494113696 0 0.013041397348268072 -0.010985069525634191 0.0029848885657868945 -1.421759824642561e-05 0.0012224464833837103 -0.00062989691558854543 0.0082388502931114282 0.0011590101639546457 0.019730084392831748 -0.0011233630351399229 0.0017972226438504703 -0.00062276257414963388 -0.00071300985626700003 -0.0031051329663386684 0.00011849725384133553 -0.0068739634409621178 0.0033111027484047642 -0.0056369291713499747 -0.0018195067146321675 0.00055416876903765296 0.0034701115184712786 0 0.011258806435884096 -0.0087477944333209656 0.00032428013824282624
leaf_weight=246 109 7396 10307 69390 11936 822 724 10507 7032 535 618 1398 3368 258 31834 6338 19803 9608 4690 56328 2490 4482 1517 1787 3843 1755 1152 1542 1142 299
leaf_count=246 109 7396 10307 69390 11936 822 724 10507 7032 535 618 1398 3368 258 31834 6338 19803 9608 4690 56328 2490 4482 1517 1787 3843 1755 1152 1542 1142 299
internal_value=4.01552e-06 -8.0456e-05 0.00033663 0.000505361 -0.000579009 0.00259801 -0.00160592 0.000388742 0.00176671 0.0057476 0.00657931 0.000946808 0.00332416 0.0116221 0.000170086 -0.000629893 -0.000826768 -0.00213106 -0.000547578 -0.000125301 -0.00156687 0.000587578 -0.000998547 0.00198046 0.00308712 0.00671556 -0.00478827 0.00885299 -0.00368637 -0.00744913
internal_weight=273256 264545 143717 132387 120828 8711 11330 129583 17539 2804 2695 16702 4766 504 112044 38172 104126 18146 85980 61018 24962 73872 21320 8207 6420 2577 3642 2077 8538 1023
internal_count=273256 264545 143717 132387 120828 8711 11330 129583 17539 2804 2695 16702 4766 504 112044 38172 104126 18146 85980 61018 24962 73872 21320 8207 6420 2577 3642 2077 8538 1023
is_linear=0
shrinkage=0.03


Tree=16
num_leaves=31
num_cat=0
split_feature=16 26 33 10 50 13 29 16 14 41 8 12 45 138 24 8 76 17 18 121 11 113 162 41 33 156 16 73 53 17
split_gain=76.8589 50.327 53.7071 59.6657 94.8241 60.0724 69.958 61.4949 56.2854 100.619 54.18 50.3064 50.0508 49.3927 44.3836 42.6791 40.5655 39.4646 48.0376 53.4621 46.1257 37.7118 36.9607 34.5853 33.6528 33.7526 32.5686 27.2773 25.7279 24.9605
threshold=1.2394970059394839 0.019933737814426426 0.37253709137439733 1.0198371410369875 0.96811595559120189 0.98510038852691661 -0.00043847461347468192 1.133943557739258 0.91430118680000316 0.015269131865352394 0.92771032452583324 0.98964703083038341 1.0040438175201418 0.67948731780052196 0.051143486052751548 -6.1482039654947576e-06 0.31666667759418493 0.64388218522071849 1.0152732729911806 0.35553030669689184 0.99673202633857738 0.58974376320838939 -0.65507039427757252 -0.030649034306406971 0.97387737035751354 0.1175995208323002 1.0993474721908572 0.70000001788139354 1.00560998916626 0.90572595596313488
decision_type=10 10 8 10 10 8 10 10 8 10 10 10 10 10 10 10 2 8 10 10 10 10 10 10 10 10 10 10 10 10
left_child=1 21 8 5 11 12 16 -8 9 14 13 -5 -4 -11 27 -13 -7 -10 20 -20 -19 -1 -6 -24 25 28 -14 -3 -2 -23
right_child=24 2 3 4 22 6 7 -9 17 10 -12 15 26 -15 -16 -17 -18 18 19 -21 -22 29 23 -25 -26 -27 -28 -29 -30 -31
leaf_value=0.00012185397354904234 -0.0012726587189565775 -0.0060283166929828314 0.0011824928127292422 -0.01146645785072768 0.004464543164191561 -0.0011296801465192846 0.0016342922296703601 0.011340031718426378 0.012936752204293921 0 -0.0031953744719878342 0.00341651664016864 -0.0018217182370758559 0.013507459801372272 -0.019375004544488938 0.011839394828073158 0.00068665881168032271 -0.0012955688043836324 0.0055294342727967129 -0.0049394668346010263 0.0006911639182017674 0 0.00046669329096349165 -0.0030013382056060314 -0.0097990499655157322 0.015992850028592596 0.0013515738436675488 0.0054054561539369095 0.0056921909531775956 0.0021079522164334369
leaf_weight=44859 519 425 7225 165 1286 22540 17009 603 157 296 275 9246 32208 1037 133 598 21536 52102 442 4620 12949 6748 6457 4173 105 252 3075 290 2157 19435
leaf_count=44859 519 425 7225 165 1286 22540 17009 603 157 296 275 9246 32208 1037 133 598 21536 52102 442 4620 12949 6748 6457 4173 105 252 3075 290 2157 19435
internal_value=2.57769e-05 -2.6659e-05 -0.000272594 9.96736e-05 0.00152298 -0.000197175 0.000397213 0.0019961 -0.000922151 0.0034959 0.0079405 0.00367463 -0.00106659 0.0104728 -0.00457521 0.00398157 -0.000235485 -0.00108178 -0.00112113 -0.00394816 -0.00089539 0.000657375 -0.000262328 -0.000869656 0.00475962 0.0054464 -0.00153605 -0.000961782 0.00423069 0.00156263
internal_weight=272922 269889 198847 126121 21925 104196 61688 17612 72726 2456 1608 10009 42508 1333 848 9844 44076 70270 70113 5062 65051 71042 11916 10630 3033 2928 35283 715 2676 26183
internal_count=272922 269889 198847 126121 21925 104196 61688 17612 72726 2456 1608 10009 42508 1333 848 9844 44076 70270 70113 5062 65051 71042 11916 10630 3033 2928 35283 715 2676 26183
is_linear=0
shrinkage=0.03


Tree=17
num_leaves=31
num_cat=0
split_feature=37 1 26 59 15 26 45 17 28 39 38 1 77 38 56 25 12 45 1 25 10 38 70 143 5 14 81 79 48 12
split_gain=65.6413 56.6761 102.334 72.3976 56.4799 63.9789 53.9378 50.5985 57.0723 50.4945 47.428 45.3046 45.113 46.8133 63.9202 44.5618 42.7639 42.6383 43.2166 42.1717 55.4616 39.0622 45.1217 43.7289 38.3989 41.237 52.8096 47.3923 36.9856 35.9734
threshold=0.71750915050506603 0.047568742185831077 0.036300083622336395 0.87291401624679577 1.1475881934165957 0.021392118185758594 1.1086956858634951 1.2432197928428652 -0.02607801184058189 0.015629883855581287 -0.02792282588779926 0.016739205457270149 0.091666668653488173 -0.017462593503296372 0.96647238731384288 0.028212750330567363 0.99013999104499828 1.0214833021163943 0.03421308100223542 0.041887732222676284 1.0220433473587038 0.00088977612904272984 0.061538143083453185 0.59243497252464306 0.0028489662799984221 0.98209422826766979 0.71666666865348827 0.55000001192092907 0.98810756206512462 0.99080777168273937
decision_type=8 8 8 8 10 8 10 8 10 8 8 10 2 10 10 8 10 10 10 10 10 10 8 10 10 8 2 2 10 10
left_child=4 6 -3 -4 5 17 12 11 -9 10 -7 -8 24 14 -14 -5 -6 -1 -19 -12 -21 22 -17 -23 -2 26 -26 -27 29 -13
right_child=1 2 3 15 16 9 7 8 -10 -11 19 28 13 -15 -16 21 -18 18 -20 20 -22 23 -24 -25 25 27 -28 -29 -30 -31
leaf_value=0.0013918324917229592 0.0013639249095037727 -0.0051655648525656917 -0.011572482593357563 -0.0059012693629522149 -0.0035637596376662107 -0.010496496735816378 0.0019795998497351415 -0.013036300629171899 0.001637805345720142 -0.002235641454429429 -0.00069370533492117833 0 -0.02594836474349722 0.00167073392330559 -0.00090146348178512874 0.00034756391681060731 0.0039017625889166 0 -0.0055397371831171884 -3.6817961658379762e-05 0.0041371536308528302 -0.00020631129024521923 0.012441244616989934 0.0082374140362993075 -0.008516777195147868 0.0022126297353844736 0.00087113252528153002 -0.0022956306231360366 -0.00144853338275058 -0.0094603165158092251
leaf_weight=24406 7278 909 180 207 756 409 930 231 4070 17761 97957 412 105 35238 460 397 4546 42778 1287 10979 3792 1005 1640 1046 1424 3442 769 5219 1626 1827
leaf_count=24406 7278 909 180 207 756 409 930 231 4070 17761 97957 412 105 35238 460 397 4546 42778 1287 10979 3792 1005 1640 1046 1424 3442 769 5219 1626 1827
internal_value=-2.24603e-06 0.000800982 0.00375909 0.0056536 -0.000272257 -0.000354977 0.000542435 -0.00158027 0.000723562 -0.000744407 -0.000507298 -0.00370348 0.000906437 0.00152501 -0.00679701 0.00649535 0.00277151 0.000385126 -0.000166026 -0.000466539 0.00101858 0.00722177 0.0102564 0.00399305 -0.000298792 -0.00144175 -0.00511112 -0.000468458 -0.00515132 -0.00767091
internal_weight=273086 68415 5384 4475 204671 199369 63031 9096 4301 130898 113137 4795 53935 35803 565 4295 5302 68471 44065 112728 14771 4088 2037 2051 18132 10854 2193 8661 3865 2239
internal_count=273086 68415 5384 4475 204671 199369 63031 9096 4301 130898 113137 4795 53935 35803 565 4295 5302 68471 44065 112728 14771 4088 2037 2051 18132 10854 2193 8661 3865 2239
is_linear=0
shrinkage=0.03


Tree=18
num_leaves=31
num_cat=0
split_feature=16 55 49 36 158 7 162 85 47 48 37 11 160 16 50 72 1 127 31 78 47 1 42 38 140 138 151 10 43 27
split_gain=72.9791 49.5873 72.4286 62.7095 60.4655 69.3462 65.1145 56.8545 49.6488 53.0709 51.8165 53.9899 45.2469 53.9334 46.1083 43.9184 43.0876 55.2704 42.1389 51.3409 41.655 41.0443 48.3724 40.3015 37.3639 33.8951 45.6449 32.426 31.8518 30.235
threshold=1.2394970059394839 0.93731585144996654 0.8330044448375703 0.80770382285118114 0.0028377451235428457 0.0042735009919852027 0.37970621883869177 0.82500001788139354 1.0542030930519106 0.90226417779922496 0.85078144073486339 0.97029706835746776 0.578656166791916 0.94554057717323314 0.86352702975273143 0.29230739176273351 0.055469902232289321 -0.12056754156947135 0.0045541797298938045 0.30000000447034841 1.1169902682304385 0.014285720419138672 -0.077859010547399507 -0.0019011365948244927 1.0182922482490542 0.63178235292434703 0.5145438313484193 1.018489718437195 1.0098249316215517 0.090825200080871596
decision_type=10 8 8 10 8 10 10 2 8 10 10 8 10 10 10 10 10 10 10 10 8 10 8 8 10 8 10 10 10 10
left_child=1 3 4 7 5 6 -3 18 9 27 21 15 13 -11 -14 -12 25 -18 19 -1 -13 23 -23 -10 -7 26 -2 28 -4 -8
right_child=16 2 8 -5 -6 24 29 -9 10 12 11 20 14 -15 -16 -17 17 -19 -20 -21 -22 22 -24 -25 -26 -27 -28 -29 -30 -31
leaf_value=-0.0035991048800526984 -0.012209454847118315 0.012865147231742306 0.0092338916006009658 0.0028332283360262712 -0.0067739152027726443 0.024161504857179217 0 -0.016052301601199255 0.0014468935507260972 -0.00073556467909835792 0.0099257221593137251 0.0041835274266840833 0.0078486290713739686 0.00096538200244315677 0.0013512486323860402 0 0.014269919331658507 0 -0.012153617802465704 0.014666309590606639 -0.00018296956275744842 0.001339524635432869 -0.00099863620780169101 -0.00039693774799501807 0.0075685917913547425 0.0038261577610517921 0.0081287061270060284 0.020012823826666071 -0.0023242186743194573 -0.018178487444345495
leaf_weight=564 284 195 472 655 204 291 120 510 15847 35935 1087 2397 1055 31394 16526 593 695 331 317 160 9968 8460 110289 32209 369 1618 113 151 310 132
leaf_count=564 284 195 472 655 204 291 120 510 15847 35935 1087 2397 1055 31394 16526 593 695 331 317 160 9968 8460 110289 32209 369 1618 113 151 310 132
internal_value=-4.68534e-05 -0.000100113 -6.19364e-05 -0.0045611 0.00691576 0.00978016 0 -0.00787106 -9.7878e-05 0.000494655 -0.000380815 0.001362 0.000411802 5.31453e-05 0.00176666 0.00639554 0.00455726 0.00957273 -0.00335317 0.000319971 0.000644658 -0.000529504 -0.000829336 0.000205195 0.0158212 0.00178707 -0.00558886 0.00755328 0.00433427 -0.00919918
internal_weight=273251 270210 268004 2206 1311 1107 447 1551 266693 85843 180850 14045 84910 67329 17581 1680 3041 1026 1041 724 12365 166805 118749 48056 660 2015 397 933 782 252
internal_count=273251 270210 268004 2206 1311 1107 447 1551 266693 85843 180850 14045 84910 67329 17581 1680 3041 1026 1041 724 12365 166805 118749 48056 660 2015 397 933 782 252
is_linear=0
shrinkage=0.03


Tree=19
num_leaves=31
num_cat=0
split_feature=16 46 40 25 1 41 21 125 26 17 42 5 102 17 27 82 15 13 137 3 123 38 36 115 36 1 115 24 33 58
split_gain=66.036 43.2282 57.7118 47.6648 51.9058 50.8871 63.1408 60.1151 60.9899 45.0042 44.544 56.6889 63.1147 45.2028 44.1255 57.8469 64.2885 53.7045 44.7581 41.9168 41.3077 39.3302 39.0244 38.8272 38.0237 50.5248 51.1109 46.0431 37.381 37.1793
threshold=1.2206377983093264 1.0748502612113955 -0.028458484448492524 0.021421742625534538 0.037111513316631324 -0.003906554775312542 0.90220630168914806 0.4843753874301911 0.074481844902038588 0.96079498529434215 -0.091821700334548936 0.0064220244530588397 0.55217784643173229 1.144107520580292 0.090825200080871596 0.80833333730697643 1.0869565606117251 0.96443602442741405 0.55856671929359447 0.0097402227111160773 0.51111146807670604 -0.0082045579329133016 0.79169213771820079 0.57763996720314037 0.81076571345329296 0.055469902232289321 0.29752089083194738 0.046364629641175277 0.63059794902801525 0.9974505901336671
decision_type=10 8 10 10 10 10 10 10 10 8 8 10 2 10 10 2 10 8 10 10 10 10 10 10 10 10 10 10 10 8
left_child=1 2 -1 4 9 6 20 8 -7 -4 11 -3 13 -13 17 22 21 -12 -19 -8 -5 -17 -16 -6 -2 26 28 -27 -26 -24
right_child=24 10 3 5 23 7 19 -9 -10 -11 14 12 -14 -15 15 16 -18 18 -20 -21 -22 -23 29 -25 25 27 -28 -29 -30 -31
leaf_value=0.0025672826836353308 0.00085040609553175054 -0.00061168561659089504 0.0017358809095596329 0.013643757950829125 -0.0070031103443434894 0.00037640498479753665 -0.0016043556805067601 -0.0023448414302201367 0.014154817967329161 0.00024858729339322105 -0.0041092061540670801 0.010560859892745598 -0.0021203169463039698 -0.0023585309597950145 -0.0021253149892588455 0.018197634427373773 0.00024663136483212369 -0.0011225903596718272 0.0003690327745279183 -0.0058317789787442195 -0.0029748926976074772 0.0058575506090173864 -0.0012803134372702143 0.0011145361747997874 -0.0086320304058642838 0 0.010857835063149565 0.020683205047539704 0.0036988742093780535 0.012253168889546645
leaf_weight=9222 2120 2800 25219 356 1391 37093 12658 8171 273 69128 4338 1483 627 240 3223 353 1511 60462 25457 2636 160 1092 285 750 320 138 536 352 597 349
leaf_count=9222 2120 2800 25219 356 1391 37093 12658 8171 273 69128 4338 1483 627 240 3223 353 1511 60462 25457 2636 160 1092 285 750 320 138 536 352 597 349
internal_value=2.16204e-05 -3.46893e-05 0.000261439 0.000124504 0.000541696 -0.000526739 -0.00199208 -1.07495e-05 0.000492614 0.000649604 -0.000521539 0.00217852 0.00560671 0.00858276 -0.000668299 0.00164166 0.00479802 -0.000846313 -0.000677162 -0.00235923 0.00801226 0.00928417 -0.000712271 -0.00403665 0.00380894 0.00684259 0.00365531 0.0151917 -0.000376398 0.00585768
internal_weight=273340 269277 167057 157835 96488 61347 15810 45537 37366 94347 102220 5150 2350 1723 97070 6813 2956 90257 85919 15294 516 1445 3857 2141 4063 1943 1453 490 917 634
internal_count=273340 269277 167057 157835 96488 61347 15810 45537 37366 94347 102220 5150 2350 1723 97070 6813 2956 90257 85919 15294 516 1445 3857 2141 4063 1943 1453 490 917 634
is_linear=0
shrinkage=0.03


Tree=20
num_leaves=31
num_cat=0
split_feature=37 62 33 44 31 41 85 16 38 62 35 44 40 27 158 49 3 69 2 99 14 161 79 40 17 56 40 38 72 40
split_gain=49.437 57.4465 58.0664 60.7598 55.5495 57.1139 66.083 54.6413 56.638 48.7123 71.5892 48.4917 48.0533 47.8436 45.2009 64.2977 61.8842 66.4741 48.7924 44.7941 44.5078 42.2307 39.659 39.2819 38.7369 52.0724 38.6641 103.114 57.1871 38.4213
threshold=0.71386143565177929 0.69107174873352062 0.37827691435813909 1.0409234166145327 -0.0072037959471344939 0.05448966100811959 0.82500001788139354 0.7852524220943452 -0.0067166476510465136 0.93340182304382335 0.81136345863342296 1.0213447213172915 0.025925688445568088 0.033682186156511314 0.0027332488680258398 0.8330044448375703 0.0059565927367657432 0.91489234566688549 0.90476143360137951 0.58571431040763866 0.9111917018890382 0.10170358046889307 0.15000000223517421 -0.032377017661929124 1.0894706845283511 1.0030544400215151 -0.030343431979417797 -0.017462593503296372 0.72410574555397045 0.015349750872701408
decision_type=8 8 8 8 8 8 2 8 10 10 10 10 10 10 10 10 10 10 10 2 8 8 2 10 10 10 10 10 10 10
left_child=1 -1 3 13 11 7 19 8 -6 10 -5 -4 -8 -3 15 16 -2 -18 -16 -7 -15 24 -9 -22 26 -26 28 -28 -17 -11
right_child=14 2 4 9 5 6 12 22 -10 29 -12 -13 -14 20 18 21 17 -19 -20 -21 23 -23 -24 -25 25 -27 27 -29 -30 -31
leaf_value=-0.019606490327936175 0.016249487455301411 0.00048721616393874654 -0.007149427126972906 -0.007089100137005401 0.019947922637082428 -0.0070229000132088406 0.0029808401933217781 0.0013031296813964745 0.001845598176461051 -0.0020775978154143897 0.0038914889436144546 0.0065201010397782626 -0.016844446543018234 0.004630972768027518 -0.0030608364657525857 0.00032261843331120489 0.010054999342121717 -0.012855328303117019 0.0054516020190324109 0.00030268953191550142 0.010489144604896488 0.0020764923470776948 -0.00010169209128660717 -0.001757345126400901 -0.0073263763768303784 -0.00024041100912072281 -0.014668605319694213 0.0010058031700022198 0.0091174829351330661 0.0015959000700441412
leaf_weight=118 462 29803 228 3191 233 1006 104 22102 533 16825 590 1952 467 1034 4669 1519 253 175 656 2544 212 17056 97707 22025 963 21541 363 20630 1280 2913
leaf_count=118 462 29803 228 3191 233 1006 104 22102 533 16825 590 1952 467 1034 4669 1519 253 175 656 2544 212 17056 97707 22025 963 21541 363 20630 1280 2913
internal_value=2.37532e-06 -0.00023245 -0.000217814 -0.00087063 0.000173991 8.81538e-05 -0.0033719 0.000209438 0.00810107 -0.00214137 -0.00528527 0.00490208 -0.0127472 -0.000301275 0.00069377 0.00091725 0.00886866 0 -0.00193957 -0.00171692 -0.00132352 0.000798047 0.000155136 -0.00161779 0.000319882 -0.000563192 0.00116752 0.000706789 0.00448714 -0.0015192
internal_weight=273154 203587 203469 76593 126876 124696 4121 120575 766 23519 3781 2180 571 53074 69567 64242 890 428 5325 3550 23271 63352 119809 22237 46296 22504 23792 20993 2799 19738
internal_count=273154 203587 203469 76593 126876 124696 4121 120575 766 23519 3781 2180 571 53074 69567 64242 890 428 5325 3550 23271 63352 119809 22237 46296 22504 23792 20993 2799 19738
is_linear=0
shrinkage=0.03


Tree=21
num_leaves=31
num_cat=0
split_feature=16 40 36 18 73 29 57 49 30 26 25 26 10 141 38 17 81 17 24 110 38 48 61 53 46 41 140 36 26 27
split_gain=71.9223 46.6959 84.3974 59.257 69.5486 54.7394 78.4162 65.1893 58.7775 73.8958 47.059 42.6287 49.5156 41.577 41.2211 40.9721 40.8429 42.4496 39.1509 37.6641 36.363 39.3105 44.9634 36.5242 34.1982 31.4465 31.3365 44.5703 38.09 30.4156
threshold=1.2394970059394839 -0.030343431979417797 0.8265923559665681 1.024536728858948 0.5000000149011613 -0.0034353286027908321 1.1642888784408572 0.97327396273612987 -0.0054263304919004432 0.038208391517400749 0.042319050058722503 0.021892795339226726 1.0282297134399416 0.89431884884834301 -0.0082045579329133016 1.1420657038688662 0.84999999403953563 0.86417153477668773 0.051143486052751548 0.24264705926179889 -0.0032786626834422346 0.92391303181648265 1.0469791293144228 1.0886206626892092 1.1096516847610476 0.003052426036447287 0.70503294467926036 0.80770382285118114 0.076355919241905226 0.05681752227246762
decision_type=10 8 8 10 10 8 10 10 10 10 10 10 10 8 8 10 2 10 10 2 10 10 10 10 10 10 10 10 10 10
left_child=1 2 24 5 10 7 11 16 14 -10 25 15 -13 -12 -9 -7 17 -3 -18 -4 26 22 -22 -23 29 -5 -2 -28 -29 -1
right_child=20 3 19 4 -6 6 -8 8 9 -11 13 12 -14 -15 -16 -17 18 -19 -20 -21 21 23 -24 -25 -26 -27 27 28 -30 -31
leaf_value=0.00055425017689950703 -0.0053043543510138983 -0.0010370352617068718 0.010529588607574122 -0.003540171870498128 -0.0086989123545795789 0.00069047286276882136 0.0035330299242741295 -0.0057901336723940712 -0.00025724522210926698 -0.0048493014846593399 -0.0040519560072366356 -0.00047799133279111274 0.0029367780278477746 0.0065361296786466301 0.0030897139872754853 -0.004167239196167509 -0.0019890113302506369 -0.006582190253639768 0.0044529105110674115 0.0017567391761926269 0 0.0010013381290806609 0.020843817322853612 -0.01181783863924892 -0.00074834452408232568 0.0085262551001505909 0.004163555658541972 0.00044625022797131097 0.020815717679190226 0.0038222652113523489
leaf_weight=7704 105 2106 1184 4054 1461 72226 5906 472 26564 3589 435 104832 3927 1038 5827 1562 8925 3645 895 856 228 1014 156 221 8767 172 794 143 393 4046
leaf_count=7704 105 2106 1184 4054 1461 72226 5906 472 26564 3589 435 104832 3927 1038 5827 1562 8925 3645 895 856 228 1014 156 221 8767 172 794 143 393 4046
internal_value=-8.4344e-06 -6.14383e-05 0.001243 -0.000181561 -0.00286868 -0.000100074 0.000136365 -0.000962064 -0.00025836 -0.000816615 -0.00129639 2.44537e-05 -0.000351418 0.00319597 0.00236063 0.000582475 -0.00258776 -0.00461419 -0.00136355 0.00704686 0.00455322 0.00122079 0.00943958 -0.00120535 0.000645014 -0.00294056 0.0080383 0.00937686 0.0161324 0.00170963
internal_weight=273247 270193 22557 247636 7160 240476 188453 52023 36452 30153 5699 182547 108759 1473 6299 73788 15571 5751 9820 2040 3054 1619 384 1235 20517 4226 1435 1330 536 11750
internal_count=273247 270193 22557 247636 7160 240476 188453 52023 36452 30153 5699 182547 108759 1473 6299 73788 15571 5751 9820 2040 3054 1619 384 1235 20517 4226 1435 1330 536 11750
is_linear=0
shrinkage=0.03


Tree=22
num_leaves=31
num_cat=0
split_feature=32 138 86 53 33 26 159 33 18 28 25 10 45 123 86 1 123 86 44 52 59 7 18 42 23 47 51 10 116 11
split_gain=74.5643 52.7288 58.9702 53.9532 57.2283 41.7622 53.5766 50.3418 52.2969 48.037 43.6185 77.8064 97.1137 67.2958 53.9824 48.444 42.372 40.3367 39.9883 43.1347 35.4333 32.6939 42.5994 31.3109 32.9531 30.8518 30.83 30.7321 28.9583 27.8507
threshold=-0.0049950752872973672 0.51958855986595165 -0.58333334326744068 0.97813132405281078 0.93002739548683178 0.019933737814426426 0.01394758000969887 0.26178121566772466 0.97806948423385631 0.0059047101531177768 0.037499740719795234 1.0169082283973696 1.1145528554916384 0.18909537792205813 -0.81666666269302357 0.017891236580908302 0.68931996822357189 0.61666667461395275 1.0387821793556216 0.7320179045200349 0.87291401624679577 0.018691555596888069 0.9854126274585725 -0.0013130782172083853 0.025458483956754211 1.2328832149505617 0.83167701959609996 1.0203437805175783 0.42541429400444036 0.97092422842979442
decision_type=8 8 2 10 10 10 8 8 10 10 8 10 10 10 2 10 10 2 10 10 10 10 10 8 10 10 10 10 10 10
left_child=1 29 3 -3 26 23 7 8 9 17 14 13 -13 -12 15 -9 -16 -7 25 -20 -8 22 -4 -2 27 -10 -5 -25 -28 -1
right_child=5 2 21 4 -6 6 20 10 18 -11 11 12 -14 -15 16 -17 -18 -19 19 -21 -22 -23 -24 24 -26 -27 28 -29 -30 -31
leaf_value=0.0042223751613327974 -7.6105506313819352e-05 -0.0060925295201123206 -0.0089031750312214396 0.018268472126743814 -0.0037475658894673119 0.01114754141063398 -0.014998850763757414 3.4002506357181375e-05 -0.00058791516615169966 -0.0051775930552641946 0.0017330904654663101 0.0064274727345947713 0.00068007271692143432 -0.0017634067974951321 0.00038572687900601584 -0.0034921379002359467 -0.0013404482177663843 -0.0020944478805922546 0.0033077318873640021 -0.002420635088972071 -0.0027613519394401403 0.0063353222828310303 0.0010643340438782447 0.0012526919662663911 0.012054184950134881 0.0047184340543257354 0.00826002984858943 -0.0039132040334477801 -0.0039442484418827075 -0.0072140934697949273
leaf_weight=217 33308 246 421 313 319 800 221 6094 29530 283 9856 4636 6453 9918 75243 7739 15374 222 1194 20878 4324 844 3008 35809 235 991 2528 1022 142 654
leaf_count=217 33308 246 421 313 319 800 221 6094 29530 283 9856 4636 6453 9918 75243 7739 15374 222 1194 20878 4324 844 3008 35809 235 991 2528 1022 142 654
internal_value=4.75043e-05 0.00277876 0.00357992 0.00644617 0.00750167 -4.1444e-05 -0.000269847 -0.000190666 -0.000966432 0.00487948 0.000116218 0.00110804 0.00311715 -5.49335e-06 -0.000174131 -0.00191927 8.93245e-05 0.0079982 -0.00111899 -0.00209446 -0.00348522 0.00111116 -0.000116989 0.00058304 0.00118317 -0.000402821 0.00882151 0.00109916 0.00747494 -0.0039973
internal_weight=272822 8692 7821 3548 3302 264130 193756 189211 53898 1305 135313 30863 11089 19774 104450 13833 90617 1022 52593 22072 4545 4273 3429 70374 37066 30521 2983 36831 2670 871
internal_count=272822 8692 7821 3548 3302 264130 193756 189211 53898 1305 135313 30863 11089 19774 104450 13833 90617 1022 52593 22072 4545 4273 3429 70374 37066 30521 2983 36831 2670 871
is_linear=0
shrinkage=0.03


Tree=23
num_leaves=31
num_cat=0
split_feature=32 138 137 38 86 3 0 16 58 14 47 15 14 35 45 126 73 52 33 88 59 27 140 38 48 116 42 114 69 26
split_gain=63.9036 52.3258 53.9755 53.6075 44.9113 71.2867 80.2033 58.2972 62.1372 47.5394 44.7922 62.7322 57.8309 50.5669 42.1447 41.0556 40.566 45.6048 38.9658 36.0579 35.2611 40.2786 35.17 34.7822 79.9375 51.1586 35.5799 33.0926 38.0857 32.6483
threshold=-0.0049950752872973672 0.51432242989540111 0.98083889484405529 -0.022880334407091137 0.81666666269302379 0.01792514976114035 0.025147275999188427 0.93389892578125011 1.004284203052521 0.89384698867797863 1.0944131016731264 0.87613323330879223 0.98209422826766979 0.81770354509353649 1.0768440961837771 0.11969598755240442 0.90000000596046459 0.9424232840538026 0.82073068618774425 0.080511849373579039 0.92205104231834423 0.056010214611887939 0.78404998779296886 -0.012859540991485117 0.90708911418914806 0.65758761763572704 0.058185527101159103 0.37956191599369055 0.20325225591659549 0.071372620761394515
decision_type=10 8 8 10 2 10 10 8 10 8 10 8 10 10 10 10 10 10 10 10 10 10 8 10 10 10 10 10 10 10
left_child=1 -1 3 -3 7 23 -7 8 14 18 20 13 -13 -12 15 -2 17 -5 19 -9 -11 -22 -19 24 -6 -26 -27 -10 -29 -17
right_child=4 2 -4 16 5 6 -8 9 27 10 11 12 -14 -15 -16 29 -18 22 -20 -21 21 -23 -24 -25 25 26 -28 28 -30 -31
leaf_value=-0.0044096228309930194 0.011469400379413923 0.018449206739884021 0.00014560383812292966 0.0095668806589626152 -0.023787117668934449 0.010992544370254639 -0.013717616757452486 8.5575572803672217e-05 -0.0018898531486179187 -0.0056195600955569261 0.017383770169281519 -0.0021251375183504073 -0.00022416812754154475 -0.0010959211826486019 -0.0054671009440294674 -0.0019578562674741526 -1.0105185307357999e-05 -0.0052815623710368758 -0.0010235956771865891 0.014610685263669439 0.00032917435035166896 0.0033147502234520281 0.0045595383421432652 0.0011893650482206267 -0.0065200228784773259 0 0.013998386821066426 0.0098080285126622355 0.0014236058677974698 0.0029542405389490168
leaf_weight=864 191 251 3465 1676 138 1082 105 281 1090 839 299 17049 95863 176 2836 20848 1329 367 395 492 94538 4264 1594 17889 719 424 224 752 1650 1229
leaf_count=864 191 251 3465 1676 138 1082 105 281 1090 839 299 17049 95863 176 2836 20848 1329 367 395 492 94538 4264 1594 17889 719 424 224 752 1650 1229
internal_value=8.94337e-06 0.00241856 0.00314113 0.00506524 -7.74318e-05 0.0012655 0.00836709 -0.0001926 -0.00146454 -2.127e-05 -5.60344e-05 -0.000465027 -0.000514185 0.0101629 -0.00199254 -0.00153206 0.00425731 0.00589023 0.00596097 0.00984417 0.00040637 0.000461703 0.00253162 0.000807227 -0.00349431 -0.000915981 0.00486202 0.00223562 0.00423172 -0.0016684
internal_weight=272919 9546 8682 5217 263373 20581 1187 242792 28596 214196 213028 113387 112912 475 25104 22268 4966 3637 1168 773 99641 98802 1961 19394 1505 1367 648 3492 2402 22077
internal_count=272919 9546 8682 5217 263373 20581 1187 242792 28596 214196 213028 113387 112912 475 25104 22268 4966 3637 1168 773 99641 98802 1961 19394 1505 1367 648 3492 2402 22077
is_linear=0
shrinkage=0.03


Tree=24
num_leaves=31
num_cat=0
split_feature=33 44 16 32 60 36 38 39 30 10 36 20 52 77 42 26 53 1 84 86 1 15 81 34 62 26 78 29 162 119
split_gain=50.8263 88.904 67.886 57.6766 50.6184 58.721 49.1718 64.0372 45.3076 74.8681 54.4633 44.1703 43.3158 41.4461 43.3335 38.4663 36.2632 48.5414 58.5794 33.9179 39.3057 33.887 33.4403 32.2458 51.5437 39.779 31.0096 30.9764 50.5728 38.7128
threshold=0.47571657598018652 1.0380771160125735 1.1984732747077944 -0.0034855571575462814 0.85410505533218395 0.77916947007179271 0.00082970585208386194 -0.014222740661352871 0.0062591240275651225 1.016392767429352 0.059381196275353439 1.0900297760963442 0.69713145494461071 0.091666668653488173 0.12005405128002168 0.027443456463515762 1.0359762310981753 0.046382918953895576 0.65000000596046459 -0.84999999403953541 0.02173912059515715 0.88770312070846569 0.11666667088866235 0.70962586998939525 0.76994708180427562 0.061982734128832824 0.30000000447034841 0.012823553755879404 0.42566233873367315 0.23369562625885013
decision_type=8 10 10 8 8 10 10 10 10 10 10 10 10 2 10 8 10 10 2 2 10 8 2 10 10 10 10 10 10 10
left_child=1 3 4 -1 5 12 -4 -8 13 23 -11 -9 -2 14 21 -5 27 -18 -19 20 -15 -6 -12 24 -10 -25 -21 -3 -29 -30
right_child=2 16 6 15 8 -7 7 11 9 10 22 -13 -14 19 -16 -17 17 18 -20 26 -22 -23 -24 25 -26 -27 -28 28 29 -31
leaf_value=0.0036041986191598383 0 -0.0014054006007725699 0.0069158080486117456 0.00044634919487260055 0.006790448435969986 0.00068967945854173096 -0.012073838694741771 -0.0025982815211185025 -0.0067262669669790652 0.028333180544148309 0.011141591762934203 0.0084322937475423063 -0.012149209543008611 0.00024089954003293817 -0.012397068176455304 -0.00097644212981110772 -0.0073376572649897324 0.0030534452481968503 -0.011900420809775141 -0.0001224552584624394 -0.0037085887330351596 -0.00071135862503536064 0.0018619213508038752 -0.0037327899468456716 0.0056529137017272196 0.0074784585137209108 0.0010346662151223041 0.015213797356599485 0.0068583471286892345 -0.015422625177821447
leaf_weight=4018 329 40090 2369 46112 524 1060 295 568 332 103 719 648 872 5893 265 27098 2134 1093 279 30208 3541 35223 861 1784 1652 306 64200 245 117 109
leaf_count=4018 329 40090 2369 46112 524 1060 295 568 332 103 719 648 872 5893 265 27098 2134 1093 279 30208 3541 35223 861 1784 1652 306 64200 245 117 109
internal_value=-3.90281e-05 -0.000497782 0.000325693 0.000112179 0.000220482 -0.00420553 0.00423682 0 0.000291835 0.00289891 0.00819669 0.00307846 -0.00871225 0.000181973 -0.000691318 -7.63099e-05 -0.00157312 -0.00452781 0 0.00048779 -0.0012145 -0.00058927 0.00635874 0.000607731 0.00338524 -0.00189383 0.000661294 -0.00130822 0.00607277 -0.00304848
internal_weight=273047 121295 151752 77228 147872 2261 3880 1511 145611 5757 1683 1216 1201 139854 36012 73210 44067 3506 1372 103842 9434 35747 1580 4074 1984 2090 94408 40561 471 226
internal_count=273047 121295 151752 77228 147872 2261 3880 1511 145611 5757 1683 1216 1201 139854 36012 73210 44067 3506 1372 103842 9434 35747 1580 4074 1984 2090 94408 40561 471 226
is_linear=0
shrinkage=0.03


Tree=25
num_leaves=31
num_cat=0
split_feature=32 160 38 25 33 121 42 41 123 72 10 26 138 30 70 14 12 22 28 24 113 1 37 89 147 10 159 52 137 158
split_gain=57.2029 45.3546 58.511 41.6159 45.003 57.4307 48.882 51.3117 50.157 47.4134 58.8814 41.7144 41.5814 40.5602 35.6414 35.5777 92.3094 108.257 71.2786 44.8101 36.4011 36.1667 47.7326 32.8936 38.2777 32.0836 31.9222 31.7478 29.1567 36.9965
threshold=-0.0049950752872973672 -1.0950091481208799 -0.02792282588779926 0.012410786934196951 0.61297926306724559 0.72979411482810985 0.10417669266462327 0.030068149790167812 0.82978704571723949 0.085714738816022887 1.0178599357604983 0.056456368416547782 0.64176785945892345 -0.0062229288741946212 0.099999848753213896 0.89384698867797863 0.98821112513542186 0.8598712980747224 0.014298358000814916 0.03872248716652394 0.11764690652489664 0.014204510953277351 0.73129728436470043 0.27818162739276892 0.4654789417982102 1.0182828307151797 -0.0056420811451971522 0.90386527776718151 1.0012832880020144 -0.0001677424515946768
decision_type=8 8 8 8 8 10 10 10 10 10 10 10 8 10 8 8 10 10 10 10 10 10 8 10 10 10 10 10 10 10
left_child=1 23 -3 25 15 6 9 11 -9 14 -11 -8 -4 -7 -6 16 17 -5 19 -18 -17 -22 -23 24 -1 -2 -15 -27 29 -14
right_child=3 2 12 4 5 13 7 8 -10 10 -12 -13 28 26 -16 20 18 -19 -20 -21 21 22 -24 -25 -26 27 -28 -29 -30 -31
leaf_value=-0.0018380338191826102 0.0011163784770631228 0.016125749493111314 -0.0034165650640416725 -0.022106721939940153 -0.00053409186837040216 0.00908543059018844 -0.00849255194440484 -0.012347183844754032 -0.0017193622854177872 0.00015724970294907404 0.0023450939475494429 0.0084129377857029234 0.008639060568131747 0.010247082322220047 -0.0041267358649702485 0.004293326812291322 0.0014778668229287199 0.0038036796648454451 -0.012096738987602293 0.014871291757854916 0.00012492758699601903 -0.0014092960319705865 0.0001878727488922902 0 0.01312384345771178 0.0067491874120083973 -0.00014476449141398153 -0.0054054820511796244 -0.00056123171552678868 0.0016831516799912438
leaf_weight=143 31767 219 1507 215 12580 1057 155 786 962 69608 13236 418 1013 290 3172 1283 402 330 112 738 33072 69569 21793 325 785 192 1518 1206 2111 2587
leaf_count=143 31767 219 1507 215 12580 1057 155 786 962 69608 13236 418 1013 290 3172 1283 402 330 112 738 33072 69569 21793 325 785 192 1518 1206 2111 2587
internal_value=0 0.00239193 0.00144201 -7.89801e-05 -0.000222547 0.000239213 0.000116824 -0.00416129 -0.00675353 0.000221399 0.000510904 0.0032018 0.000911722 0.00441558 -0.00128088 -0.000600699 0.00354185 -0.0063076 0.00809696 0.0105139 -0.000662853 -0.000717047 -0.00102508 0.00768313 0.0105117 0.000912763 0.00145183 -0.00345296 0.00211414 0.00376026
internal_weight=273151 8690 7437 264461 231296 103782 100917 2321 1748 98596 82844 573 7218 2865 15752 127514 1797 545 1252 1140 125717 124434 91362 1253 928 33165 1808 1398 5711 3600
internal_count=273151 8690 7437 264461 231296 103782 100917 2321 1748 98596 82844 573 7218 2865 15752 127514 1797 545 1252 1140 125717 124434 91362 1253 928 33165 1808 1398 5711 3600
is_linear=0
shrinkage=0.03


Tree=26
num_leaves=31
num_cat=0
split_feature=16 19 49 159 33 1 37 2 53 102 19 21 81 3 84 42 49 33 22 70 85 12 36 140 130 30 126 50 52 45
split_gain=50.1464 37.4885 61.857 48.2676 39.394 63.407 46.1287 60.9136 59.0745 43.8169 67.8936 70.7111 45.4189 37.4335 40.8906 38.0538 28.2186 26.4753 26.1347 25.225 38.7187 24.6114 24.3519 26.9991 24.2967 24.0554 22.7933 20.4652 18.6213 19.9106
threshold=1.2394970059394839 0.91697111725807201 0.8330044448375703 0.0060421219095587739 0.37827691435813909 0.014285720419138672 0.73129728436470043 0.9302317500114442 1.0493158698081972 0.54631218314170849 0.95909300446510326 0.89027804136276256 0.15000000596046451 0.0060605979524552831 0.75000000000000011 0.07427257671952249 0.84550160169601452 0.97387737035751354 1.1343764662742617 0.81632718443870556 0.67499998211860668 0.99192920327186596 0.63385623693466198 0.72613099217414867 1.0000072717666628 -0.0027484494494274254 -0.16250009089708325 0.77039915323257457 0.80262497067451488 1.0243902802467348
decision_type=10 8 8 8 8 8 10 10 8 2 8 8 2 10 2 10 10 10 10 10 2 10 10 10 10 10 10 10 10 10
left_child=1 3 13 19 5 28 8 -8 -7 10 12 -12 -6 15 21 -3 -5 18 -2 -1 -21 -15 -20 -24 -16 26 -11 -27 -4 -30
right_child=17 2 4 16 9 6 7 -9 -10 25 11 -13 -14 14 24 -17 -18 -19 22 20 -22 -23 23 -25 -26 27 -28 -29 29 -31
leaf_value=-0.011521689933836459 -0.004175626531708985 0.0026853546105059128 -0.0048357074441917561 -0.016015731516261907 0.0018067389290172286 -0.0014292230257796892 -0.00014744130182179146 0.0080557745116331299 -0.012408748245335473 0.0026726876572389399 0.017776736931341207 9.0893155332204712e-05 -0.0040923649654221296 -0.003871641486213535 0.00011240475970070537 0.019289610775325854 0 -0.0090001497519070529 0.00010470510890872914 0.015843071204668376 -0.0015270749144283425 0.010589608286422993 -0.0018431741214067772 0.0082483105964207826 -0.016448089085752144 -0.0070145034285238137 -0.0031502839088845464 0.0017131203079890106 0.0016658984819303173 5.8845081865593592e-05
leaf_weight=105 240 295 536 384 1388 51254 16716 834 433 813 184 133503 5687 101 103 300 129 107 717 140 321 344 214 1764 124 212 1914 23377 11091 19584
leaf_count=105 240 295 536 384 1388 51254 16716 834 433 813 184 133503 5687 101 103 300 129 107 717 140 321 344 214 1764 124 212 1914 23377 11091 19584
internal_value=-4.90147e-05 -9.34076e-05 -6.9664e-05 -0.00562636 -0.000102325 -0.000572484 -0.00107991 0.000234038 -0.00153177 0.000178576 -2.94672e-05 0.000120134 -0.00289094 0.00648797 0.00105701 0.0119001 -0.012115 0.00376622 0.00439093 0 0.00356374 0.00663688 0.00528945 0.00699884 -0.00831862 0.00130195 -0.00129825 0.0016161 0.000543522 0.000650379
internal_weight=272914 269872 268793 1079 267526 100448 69237 17550 51687 167078 140762 133687 7075 1267 672 595 513 3042 2935 566 461 445 2695 1978 227 26316 2727 23589 31211 30675
internal_count=272914 269872 268793 1079 267526 100448 69237 17550 51687 167078 140762 133687 7075 1267 672 595 513 3042 2935 566 461 445 2695 1978 227 26316 2727 23589 31211 30675
is_linear=0
shrinkage=0.03


Tree=27
num_leaves=31
num_cat=0
split_feature=61 1 39 13 124 42 57 76 1 76 41 14 23 5 138 117 36 59 120 14 67 26 31 138 58 40 48 94 42 23
split_gain=55.1696 62.0825 60.1675 55.7615 51.6349 45.9531 61.3835 56.4342 62.0286 72.9235 93.3843 52.9862 49.1904 83.7758 45.103 44.4039 42.118 41.8331 40.3671 37.5237 62.2528 48.7499 32.6649 32.1418 30.7469 31.6357 32.1295 29.513 29.0614 35.1444
threshold=1.060475289821625 0.057770330458879478 -0.017856185324490067 1.1029161214828493 -0.53846153616905201 -0.0019962945953011508 1.1707749962806704 0.51666668057441723 0.022371339611709121 0.11666667088866235 0.025244960561394695 0.9739883840084077 0.041296407580375678 0.0052410925272852191 0.74723899364471447 0.36375589668750768 0.33215264976024633 1.0308315157890322 0.7211846411228181 0.89384698867797863 0.97801932692527782 0.027443456463515762 -0.0033388617448508735 1.0703798532485964 1.018216133117676 -0.015236434061080216 0.98406437039375316 -0.21460178494453427 -0.070793412625789628 0.0087148095481097716
decision_type=10 10 10 10 10 8 10 2 10 2 10 8 10 10 10 10 10 10 10 8 10 10 10 10 10 10 10 10 10 8
left_child=3 2 4 5 -2 7 12 8 11 10 -10 -1 19 23 -6 -3 -15 -11 -13 20 -7 -21 -16 -14 25 -4 -27 -17 29 -9
right_child=1 15 24 -5 14 6 -8 28 9 17 -12 18 13 16 22 27 -18 -19 -20 21 -22 -23 -24 -25 -26 26 -28 -29 -30 -31
leaf_value=-0.0048716650309209896 -0.0069380136968157846 0.01399570261107176 0.00018281803056456307 -0.0077407538155735501 -0.0048556199667897692 0.0069603986192785993 0.0031759618264052664 0.018977373578378722 -0.0052714766466173089 -0.0012462236746950163 0.0027438062125351554 -0.00046856974032789475 -0.019428989218479135 0.011976970833700711 0.013730206728936975 0.010217230629830737 -0.0028859471335398175 0.0047451249241372605 0.0018660108616588031 0.00069711818403752224 -0.00035474049235119034 -0.00047866286875332181 -0.00067198817290056864 -0.0027106207564189019 0.0098412175105521606 0.0018101766187681165 0.014575088939333678 -0.00085568066389187902 0.00027878836514526822 0.0026371237494480912
leaf_weight=2215 1206 643 2384 829 376 1937 6518 115 8722 15722 1473 50164 359 199 328 300 760 1088 7644 70310 2091 57577 173 216 570 545 309 537 35386 2295
leaf_count=2215 1206 643 2384 829 376 1937 6518 115 8722 15722 1473 50164 359 199 328 300 760 1088 7644 70310 2091 57577 173 216 570 545 309 537 35386 2295
internal_value=7.0938e-06 0.00256466 0.00111375 -6.29375e-05 -0.0028913 -3.71843e-05 0.000334777 -0.00045666 -0.000878239 -0.0020739 -0.00408093 -0.00033479 0.000193304 -0.00510385 0.00236967 0.00804803 7.34605e-05 -0.00083544 -0.00015414 0.000257941 0.00310589 0.000165423 0.00834629 -0.0139551 0.00338656 0.0021048 0.00699995 0.00290887 0.000506073 0.00369008
internal_weight=272991 7371 5891 265620 2083 264791 139967 124824 87028 27005 10195 60023 133449 1534 877 1480 959 16810 57808 131915 4028 127887 501 575 3808 3238 854 837 37796 2410
internal_count=272991 7371 5891 265620 2083 264791 139967 124824 87028 27005 10195 60023 133449 1534 877 1480 959 16810 57808 131915 4028 127887 501 575 3808 3238 854 837 37796 2410
is_linear=0
shrinkage=0.03


Tree=28
num_leaves=31
num_cat=0
split_feature=32 140 26 10 33 13 10 20 34 16 29 12 38 38 86 30 41 119 86 54 123 123 18 139 42 112 44 2 13 44
split_gain=53.057 49.3972 41.1587 51.3465 47.4185 46.6573 73.9799 71.805 52.8683 58.7805 48.2984 49.8524 47.2145 51.3487 43.6336 46.1505 40.5891 38.4679 37.7565 40.2149 37.2133 33.6703 32.4946 37.9466 37.5153 29.3446 30.8709 29.336 28.0371 27.4488
threshold=-0.0049950752872973672 0.80279362201690685 0.021892795339226726 1.0355787277221682 0.2562058717012406 0.96653175354003917 1.0174682140350344 0.9667324721813203 0.31925472617149359 0.90740743279457103 -0.0011563174775801597 0.99080777168273937 0.00044053659075871115 -0.012047171592712401 0.71666666865348827 0.0039717201143503198 -0.00024339989613508803 0.25454533100128179 -0.58333334326744068 0.97059071063995372 0.31343345344066625 0.13636346161365512 1.0224276185035708 0.98224520683288585 -0.10349908098578452 -0.23294574022293088 1.0431923866271975 0.79999396204948436 1.0241102576255801 1.0813298225402834
decision_type=8 8 10 10 8 8 10 10 10 8 10 10 10 8 2 10 10 10 2 10 8 8 10 10 10 2 10 10 8 10
left_child=1 -1 3 21 22 6 14 8 9 -7 -8 -12 13 -9 15 -6 -16 -10 19 -3 -14 -2 24 -24 29 -26 -27 28 -20 -4
right_child=2 18 4 -5 5 7 10 12 17 -11 11 -13 20 -15 16 -17 -18 -19 27 -21 -22 -23 23 -25 25 26 -28 -29 -30 -31
leaf_value=-0.0023916920892612372 5.8425765417946456e-05 -0.0076413818566602298 0.018906017492266579 -0.0085073176673948463 -0.0016598584215110591 0.0020477405011730485 -0.011045280333714777 -0.0023923517826131314 0.0032822098013133758 0.012090449832769589 -0.011028744750388005 0.0043732041340974028 -0.00038631166065349396 0.00097458498939455643 -0.0093611804503388688 -0.0054596802071322607 0.00076902422291884624 -0.00078706867628598222 -0.0022260104363477189 0.0065865524674150891 -0.0032344312203551745 0.001265558047489063 -0.0099167073109536416 0 0.0016158809240078985 -0.00066206888390640698 -0.0023466092402246136 0.0089427685078876488 0.0030920916201672014 0.0019903913852852323
leaf_weight=1546 51663 154 115 543 11956 1266 189 4430 4645 1012 171 3517 36681 44103 355 3974 6566 3604 1776 3132 4701 35430 780 598 3353 29033 15383 387 1724 409
leaf_count=1546 51663 154 115 543 11956 1266 189 4430 4645 1012 171 3517 36681 44103 355 3974 6566 3604 1776 3132 4701 35430 780 598 3353 29033 15383 387 1724 409
internal_value=3.6244e-05 0.00233668 -3.8631e-05 0.000491627 -0.00030313 1.57856e-06 -0.0011095 0.00030039 0.00264245 0.00670615 0.00268234 0.00352253 2.23258e-05 0.00066022 -0.00176774 -0.00263225 0.000180716 0.00147045 0.00340131 0.00578682 -0.000718511 0.000553117 -0.00108898 -0.00564324 -0.000950538 -0.00104479 -0.00125304 0.00128856 0.000310992 0.00681285
internal_weight=273196 8719 264477 87636 176841 127170 26728 100442 10527 2278 3877 3688 89915 48533 22851 15930 6921 8249 7173 3286 41382 87093 49671 1378 48293 47769 44416 3887 3500 524
internal_count=273196 8719 264477 87636 176841 127170 26728 100442 10527 2278 3877 3688 89915 48533 22851 15930 6921 8249 7173 3286 41382 87093 49671 1378 48293 47769 44416 3887 3500 524
is_linear=0
shrinkage=0.03


Tree=29
num_leaves=31
num_cat=0
split_feature=16 58 49 3 101 37 14 6 139 86 3 16 58 45 51 1 28 17 59 54 27 74 37 36 140 23 48 114 17 26
split_gain=58.6903 45.0031 50.1774 80.6134 56.1549 51.4369 78.7088 60.9071 41.6134 40.4483 64.6724 51.3866 56.9188 54.7099 42.9783 67.5859 40.2373 47.7833 39.5377 37.7804 37.2099 47.8339 35.4254 30.3843 40.4678 39.1481 30.1233 22.834 20.7385 17.9897
threshold=1.2206377983093264 0.90896162390708934 0.8330044448375703 0.0074946356471627959 0.62284481525421154 0.42039895057678228 0.92472085356712352 0.29411731660366064 0.74648389220237743 0.78333333134651195 0.017324396409094337 0.91151621937751781 1.0044825077056887 1.0675126910209658 0.83511987328529369 0.024295498616993431 -0.011258673854172228 1.0894706845283511 0.87291401624679577 1.0755762457847597 0.047193897888064391 0.65000000596046459 0.84403011202812206 0.80770382285118114 0.76384052634239208 0.016831624321639541 0.96668818593025219 0.39283262193202978 0.91203439235687267 0.078470587730407729
decision_type=10 8 8 10 2 10 8 10 10 2 10 8 10 10 8 10 10 10 10 10 10 2 8 10 10 10 10 10 8 10
left_child=1 8 3 4 -3 -5 7 -7 -1 11 16 12 13 -4 15 -13 19 -18 -10 -11 28 -22 -16 -2 26 -26 -25 -14 -12 -20
right_child=23 2 9 5 -6 6 -8 -9 18 10 20 14 27 -15 22 -17 17 -19 29 -21 21 -23 -24 24 25 -27 -28 -29 -30 -31
leaf_value=-0.020398484994836437 0.0008817867263839587 0.016395239316853823 -0.0015517300423156749 0.013385083790227079 -0.0008725245658686196 -0.020168928423876319 0.013433602667455352 0.0010361618890983766 -0.011112116216530351 0.0084570528841532693 -0.0085775412250967582 -0.0014155191557430262 -0.0015340524907641677 -0.0065004953407121679 -0.00020399483585881715 0.0064667034852170244 0.00070665638727002546 -0.007398854789369907 -0.00067172843775707269 -0.0084369368130554918 -0.0044799234049573335 0.013174595291453131 0.0012089225044342809 0.0081119073956991382 -0.0018512404990559887 0.010322032196081262 -0.0085702414558825723 0.0053757456406414118 0.0051405148374539036 0.011897275357469915
leaf_weight=149 2064 597 11125 131 187 281 114 159 318 955 150 1624 554 2532 205822 2242 21275 651 378 102 126 846 17261 124 232 1367 241 1246 213 105
leaf_count=149 2064 597 11125 131 187 281 114 159 318 955 150 1624 554 2532 205822 2242 21275 651 378 102 126 846 17261 124 232 1367 241 1246 213 105
internal_value=2.542e-05 -2.73982e-05 -2.94968e-06 0.00548766 0.0119841 -0.00165124 -0.0060719 -0.0121421 -0.00647776 -3.47234e-05 0.0011297 -0.000152859 -0.00182582 -0.00249933 -3.74445e-05 0.00308815 0.000739031 0.000445804 -0.00308902 0.00642184 0.00752376 0.0105394 -9.32274e-05 0.00361143 0.00629104 0.00836945 -0.00199667 0.00309074 0 0.00182865
internal_weight=273171 269143 268193 1469 784 685 554 440 950 266724 24318 242406 15457 13657 226949 3866 22983 21926 801 1057 1335 972 223083 4028 1964 1599 365 1800 363 483
internal_count=273171 269143 268193 1469 784 685 554 440 950 266724 24318 242406 15457 13657 226949 3866 22983 21926 801 1057 1335 972 223083 4028 1964 1599 365 1800 363 483
is_linear=0
shrinkage=0.03


Tree=30
num_leaves=31
num_cat=0
split_feature=16 46 53 34 151 40 18 71 73 41 63 52 118 11 41 1 51 36 120 1 138 118 6 80 77 62 50 7 32 0
split_gain=50.2357 41.8181 60.0995 50.295 43.8269 42.922 64.5807 62.7059 58.8268 54.4708 53.0368 42.8994 40.8111 40.0379 53.1195 36.4767 35.0017 30.7726 44.7966 46.1727 31.3671 30.5279 29.6777 29.2567 28.7383 28.4516 27.4767 48.698 50.5578 59.2985
threshold=1.2394970059394839 1.0102310180664065 0.97617867588996898 0.80245655775070202 0.44898721575737005 -0.030343431979417797 1.0224276185035708 0.57792210578918468 0.5000000149011613 0.0077224869746714839 0.38750000298023229 0.793411284685135 0.55737653374671947 0.99795505404472362 0.03573421202600003 0.057770330458879478 0.95339441299438488 0.80461445450782787 0.69607850909233104 0.064701750874519362 0.75577032566070568 0.53608214855194103 0.11110970750451089 0.87500000000000011 0.19166667014360431 0.91045063734054577 0.89918532967567455 0.016949143260717395 -0.0023862338857725258 0.03806229121983052
decision_type=10 10 10 10 10 10 10 10 10 10 10 10 8 10 10 10 10 10 10 10 10 8 10 2 2 10 8 10 10 10
left_child=1 3 4 -1 25 7 13 12 9 -8 -9 22 -4 16 -15 -14 -7 -2 20 24 -19 -12 -6 -10 -20 -3 27 -5 -29 -30
right_child=17 2 5 26 11 6 8 10 23 -11 21 -13 15 14 -16 -17 -18 18 19 -21 -22 -23 -24 -25 -26 -27 -28 28 29 -31
leaf_value=0.0019156397969601188 0.00069405857195719504 -0.020509536159112777 -0.012265622249803943 -0.0061168458172816227 0 -0.00075016853314785979 -0.0018567951774818515 0.0057165686825987917 -0.010177110451470406 0.01256707887153558 0.0063346811847951653 -0.0051271334686436975 -0.00010860170575685614 0.00061273378435095112 0.0077962535501973429 0.0051370363935083823 8.6642150663289951e-05 0.0025237615874388344 -0.006533994570615635 0.013871053823386319 0.020712600890317269 -0.0017371834315281086 0.016074343290671988 -0.0023914513485112933 0.0048216018696100663 -0.0057878676395261685 0.00078512052887776129 0.014695613593266809 0.0010386964741032094 -0.013465463239462825
leaf_weight=18743 1605 219 216 1910 278 89200 7650 3998 1217 219 523 1140 14917 28877 948 1269 89586 185 379 236 284 1864 139 877 370 463 4083 183 1652 275
leaf_count=18743 1605 219 216 1910 278 89200 7650 3998 1217 219 523 1140 14917 28877 948 1269 89586 185 379 236 284 1864 139 877 370 463 4083 183 1652 275
internal_value=-1.97815e-05 -6.42481e-05 -0.000189161 0.00105734 -0.00506356 -0.000142285 -0.000272586 0.00109356 -0.0026317 -0.0013865 0.00361219 -0.00199193 9.16313e-05 -0.000158238 0.000856188 0.000289982 -0.000329219 0.00378896 0.00694597 0.0028103 0.0145481 0 0.00573503 -0.00711174 -0.000554797 -0.0113922 -0.000890873 -0.00266285 0.000350985 -0.000994151
internal_weight=273505 270446 243600 26846 2239 241361 218574 22787 9963 7869 6385 1557 16402 208611 29825 16186 178786 3059 1454 985 469 2387 417 2094 749 682 8103 4020 2110 1927
internal_count=273505 270446 243600 26846 2239 241361 218574 22787 9963 7869 6385 1557 16402 208611 29825 16186 178786 3059 1454 985 469 2387 417 2094 749 682 8103 4020 2110 1927
is_linear=0
shrinkage=0.03


end of trees

feature_importances:
KLEN=34
ROC30=31
RSQR5=31
RESI5=29
STD30=25
RSQR30=23
RESI60=23
HIGH0=21
RESI30=21
IMXD30=21
STD20=19
RESI20=19
STD5=17
MIN10=17
STD60=15
ROC60=14
KUP=13
BETA10=13
RSQR20=13
RSQR60=13
ROC10=12
BETA20=12
WVMA5=12
MA5=11
MAX10=11
QTLU5=11
WVMA20=11
STD10=10
BETA60=10
RESI10=10
LOW0=9
ROC20=9
MAX30=9
MIN30=9
QTLU60=9
VWAP0=8
ROC5=8
MAX20=8
MIN5=8
MIN60=8
ORC_GAP_CONFIRMATION_20=8
RSQR10=7
QTLD5=7
QTLD10=7
IMAX5=7
IMIN10=7
IMXD20=7
SUMD5=7
ORC_INTRADAY_RANGE_RETURN_10=7
KMID2=6
KLOW=6
KSFT=6
MAX5=6
MAX60=6
MIN20=6
QTLD20=6
SUMP5=6
SUMP20=6
SUMN20=6
VSTD60=6
ORC_GAP_ABSORPTION_20=6
KMID=5
KLOW2=5
QTLD60=5
IMAX30=5
IMIN30=5
IMXD5=5
SUMD10=5
KUP2=4
MA30=4
MA60=4
BETA5=4
BETA30=4
QTLU10=4
QTLU20=4
RSV10=4
RSV30=4
IMIN5=4
IMIN60=4
SUMN10=4
SUMN30=4
SUMD30=4
ORC_OVERNIGHT_DOMINANCE_20=4
KSFT2=3
MA20=3
QTLU30=3
QTLD30=3
RANK10=3
RSV20=3
RSV60=3
IMAX10=3
IMAX60=3
IMIN20=3
IMXD10=3
CNTP60=3
SUMP10=3
SUMP30=3
SUMN5=3
WVMA30=3
MA10=2
RANK60=2
CORD60=2
CNTP10=2
CNTN20=2
CNTD30=2
CNTD60=2
SUMP60=2
SUMN60=2
WVMA10=2
VSUMN30=2
OPEN0=1
RANK5=1
RSV5=1
IMAX20=1
IMXD60=1
CORR5=1
CORR10=1
CORR30=1
CORD5=1
CORD10=1
CNTP30=1
CNTN30=1
CNTD10=1
CNTD20=1
SUMD20=1
SUMD60=1
VMA20=1
WVMA60=1
VSUMP5=1
VSUMP60=1
VSUMD30=1
ORC_CLOSE_PRESSURE_VOLUME_20=1

parameters:
[boosting: gbdt]
[objective: regression]
[metric: l2]
[tree_learner: serial]
[device_type: cpu]
[data_sample_strategy: bagging]
[data: ]
[valid: ]
[num_iterations: 500]
[learning_rate: 0.03]
[num_leaves: 31]
[num_threads: 12]
[seed: 20260812]
[deterministic: 1]
[force_col_wise: 1]
[force_row_wise: 0]
[histogram_pool_size: -1]
[max_depth: 7]
[min_data_in_leaf: 100]
[min_sum_hessian_in_leaf: 0.001]
[bagging_fraction: 0.8]
[pos_bagging_fraction: 1]
[neg_bagging_fraction: 1]
[bagging_freq: 1]
[bagging_seed: 20260812]
[bagging_by_query: 0]
[feature_fraction: 0.8]
[feature_fraction_bynode: 1]
[feature_fraction_seed: 20260812]
[extra_trees: 0]
[extra_seed: 9622]
[early_stopping_round: 0]
[early_stopping_min_delta: 0]
[first_metric_only: 0]
[max_delta_step: 0]
[lambda_l1: 10]
[lambda_l2: 20]
[linear_lambda: 0]
[min_gain_to_split: 0]
[drop_rate: 0.1]
[max_drop: 50]
[skip_drop: 0.5]
[xgboost_dart_mode: 0]
[uniform_drop: 0]
[drop_seed: 26770]
[top_rate: 0.2]
[other_rate: 0.1]
[min_data_per_group: 100]
[max_cat_threshold: 32]
[cat_l2: 10]
[cat_smooth: 10]
[max_cat_to_onehot: 4]
[top_k: 20]
[monotone_constraints: ]
[monotone_constraints_method: basic]
[monotone_penalty: 0]
[feature_contri: ]
[forcedsplits_filename: ]
[refit_decay_rate: 0.9]
[cegb_tradeoff: 1]
[cegb_penalty_split: 0]
[cegb_penalty_feature_lazy: ]
[cegb_penalty_feature_coupled: ]
[path_smooth: 0]
[interaction_constraints: ]
[verbosity: 1]
[saved_feature_importance_type: 0]
[use_quantized_grad: 0]
[num_grad_quant_bins: 4]
[quant_train_renew_leaf: 0]
[stochastic_rounding: 1]
[linear_tree: 0]
[max_bin: 255]
[max_bin_by_feature: ]
[min_data_in_bin: 3]
[bin_construct_sample_cnt: 200000]
[data_random_seed: 20260812]
[is_enable_sparse: 1]
[enable_bundle: 1]
[use_missing: 1]
[zero_as_missing: 0]
[feature_pre_filter: 1]
[pre_partition: 0]
[two_round: 0]
[header: 0]
[label_column: ]
[weight_column: ]
[group_column: ]
[ignore_column: ]
[categorical_feature: ]
[forcedbins_filename: ]
[precise_float_parser: 0]
[parser_config_file: ]
[objective_seed: 6428]
[num_class: 1]
[is_unbalance: 0]
[scale_pos_weight: 1]
[sigmoid: 1]
[boost_from_average: 1]
[reg_sqrt: 0]
[alpha: 0.9]
[fair_c: 1]
[poisson_max_delta_step: 0.7]
[tweedie_variance_power: 1.5]
[lambdarank_truncation_level: 30]
[lambdarank_norm: 1]
[label_gain: ]
[lambdarank_position_bias_regularization: 0]
[eval_at: ]
[multi_error_top_k: 1]
[auc_mu_weights: ]
[num_machines: 1]
[local_listen_port: 12400]
[time_out: 120]
[machine_list_filename: ]
[machines: ]
[gpu_platform_id: -1]
[gpu_device_id: -1]
[gpu_device_id_list: ]
[gpu_use_dp: 0]
[num_gpu: 1]

end of parameters

pandas_categorical:null
