tree
version=v4
num_class=1
num_tree_per_iteration=1
label_index=0
max_feature_idx=162
objective=regression
feature_names=KMID KLEN KMID2 KUP KUP2 KLOW KLOW2 KSFT KSFT2 OPEN0 HIGH0 LOW0 VWAP0 ROC5 ROC10 ROC20 ROC30 ROC60 MA5 MA10 MA20 MA30 MA60 STD5 STD10 STD20 STD30 STD60 BETA5 BETA10 BETA20 BETA30 BETA60 RSQR5 RSQR10 RSQR20 RSQR30 RSQR60 RESI5 RESI10 RESI20 RESI30 RESI60 MAX5 MAX10 MAX20 MAX30 MAX60 MIN5 MIN10 MIN20 MIN30 MIN60 QTLU5 QTLU10 QTLU20 QTLU30 QTLU60 QTLD5 QTLD10 QTLD20 QTLD30 QTLD60 RANK5 RANK10 RANK20 RANK30 RANK60 RSV5 RSV10 RSV20 RSV30 RSV60 IMAX5 IMAX10 IMAX20 IMAX30 IMAX60 IMIN5 IMIN10 IMIN20 IMIN30 IMIN60 IMXD5 IMXD10 IMXD20 IMXD30 IMXD60 CORR5 CORR10 CORR20 CORR30 CORR60 CORD5 CORD10 CORD20 CORD30 CORD60 CNTP5 CNTP10 CNTP20 CNTP30 CNTP60 CNTN5 CNTN10 CNTN20 CNTN30 CNTN60 CNTD5 CNTD10 CNTD20 CNTD30 CNTD60 SUMP5 SUMP10 SUMP20 SUMP30 SUMP60 SUMN5 SUMN10 SUMN20 SUMN30 SUMN60 SUMD5 SUMD10 SUMD20 SUMD30 SUMD60 VMA5 VMA10 VMA20 VMA30 VMA60 VSTD5 VSTD10 VSTD20 VSTD30 VSTD60 WVMA5 WVMA10 WVMA20 WVMA30 WVMA60 VSUMP5 VSUMP10 VSUMP20 VSUMP30 VSUMP60 VSUMN5 VSUMN10 VSUMN20 VSUMN30 VSUMN60 VSUMD5 VSUMD10 VSUMD20 VSUMD30 VSUMD60 ORC_TREND_PATH_CROWD_20 ORC_TREND_ACCEL_UNCROWDED_5_20 ORC_TREND_STREAK_EXHAUST_12 ORC_TREND_RSQR_STRESS_20 ORC_TREND_ACCEL_GAP_10_30
feature_infos=[-0.15450645983219147:0.33106967806816101] [0:0.33106967806816101] [-1:1] [0:0.27153289318084717] [0:1] [0:0.19577737152576447] [0:1] [-0.31147539615631104:0.33106967806816101] [-1:1] [0.75127547979354858:1.1827411651611328] [1:1.365384578704834] [0.75127547979354858:1] [0.90894031524658203:1.0877940654754639] [0.62103557586669922:1.6790908575057983] [0.51279789209365845:1.8924485445022583] [0.43777582049369812:2.2146341800689697] [0.40953221917152405:2.740487813949585] [0.32686084508895874:2.649662971496582] [0.8043818473815918:1.3455072641372681] [0.69517505168914795:1.4951817989349365] [0.58934980630874634:1.7117466926574707] [0.53464740514755249:1.9959673881530762] [0.46012550592422485:1.8649090528488159] [0:0.26957115530967712] [0:0.32280367612838745] [0:0.36472421884536743] [0:0.57258552312850952] [0:0.50059491395950317] [-0.16409091651439667:0.17131471633911133] [-0.11732283234596252:0.17131471633911133] [-0.11732283234596252:0.17131471633911133] [-0.11732283234596252:0.17131471633911133] [-0.11732283234596252:0.17131471633911133] [0:1] [0:1] [0:1] [0:1] [0:1] [-0.11478264629840851:0.13264167308807373] [-0.24554997682571411:0.20802642405033112] [-0.40848860144615173:0.27287426590919495] [-0.44566619396209717:0.27581575512886047] [-0.96870207786560059:0.36147966980934143] [1:1.6472727060317993] [1:1.9298244714736938] [1:2.2439024448394775] [1:3.3160974979400635] [1:3.3160974979400635] [0.58144122362136841:1] [0.49132096767425537:1] [0.42983227968215942:1] [0.39746984839439392:1] [0.31774049997329712:1] [0.86334514617919922:1.4843636751174927] [0.78309857845306396:1.7869091033935547] [0.69679319858551025:2.054157018661499] [0.57799351215362549:2.423609733581543] [0.52150630950927734:2.3250908851623535] [0.70860719680786133:1.2689855098724365] [0.53621649742126465:1.4057971239089966] [0.45107382535934448:1.5574545860290527] [0.43389230966567993:1.5740000009536743] [0.37328624725341797:1.5950908660888672] [0.20000000298023224:1] [0.10000000149011612:1] [0.05000000074505806:1] [0.033333335071802139:1] [0.01666666753590107:1] [0:1] [0:1] [0:1] [0:1] [0:1] [0.20000000298023224:1] [0.10000000149011612:1] [0.05000000074505806:1] [0.033333335071802139:1] [0.01666666753590107:1] [0.20000000298023224:1] [0.10000000149011612:1] [0.05000000074505806:1] [0.033333335071802139:1] [0.01666666753590107:1] [-0.80000001192092896:0.80000001192092896] [-0.89999997615814209:0.89999997615814209] [-0.94999998807907104:0.94999998807907104] [-0.96666663885116577:0.96666663885116577] [-0.98333334922790527:0.98333334922790527] [-1:1] [-1:1] [-1:1] [-1:1] [-1:1] [-1:1] [-1:1] [-1:1] [-1:1] [-1:1] [0:1] [0:1] [0:0.94999998807907104] [0:0.90909093618392944] [0:0.90909093618392944] [0:1] [0:1] [0:0.89999997615814209] [0:0.8571428656578064] [0:0.8571428656578064] [-1:1] [-1:1] [-0.83333331346511841:0.90909093618392944] [-0.83333331346511841:0.90909093618392944] [-0.83333331346511841:0.90909093618392944] [0:1] [0:1] [0:1] [0:1] [0:1] [0:1] [0:1] [0:1] [0:1] [0:1] [-1:1] [-1:1] [-1:1] [-1:1] [-1:1] [0.20013266801834106:26452.083984375] [0.10012400150299072:23627.859375] [0.050104878842830658:26698.134765625] [0.033777147531509399:28136.5] [0.017187755554914474:26107.111328125] [0.00080492562847211957:59102.5] [0.0021778203081339598:49210.34375] [0.0021778203081339598:56418.4921875] [0.0021778203081339598:57003.12109375] [0.0021778203081339598:42065.70703125] [0:2.2360680103302002] [0:3.1615598201751709] [0:4.4708261489868164] [0:5.465825080871582] [0:7.5986995697021484] [0:1] [0:1] [0:1] [0:1] [0:1] [0:1] [0:1] [0:1] [0:1] [0:1] [-1:1] [-1:1] [-1:1] [-1:1] [-1:1] [-0.7596813440322876:2.1748607158660889] [-0.084833331406116486:0.055882301181554794] [-3.7620944976806641:5.0776824951171875] [0:2.056443452835083] [-78937640:33658216]
tree_sizes=3134 3084 3111 3043 3061 3088 3069 3002 3121 3015 3146 3050 3028 3116 3102 3049 3085 3060 2997 3077 3052 3090 3092 3022 3034 3066 3074 3084 3083 3071 3088 3095 3083 3074 3075 3077 3082 2988

Tree=0
num_leaves=31
num_cat=0
split_feature=16 26 27 158 30 1 11 115 12 125 42 26 12 21 48 38 84 42 161 140 39 81 158 159 14 119 76 23 32 39
split_gain=177.185 106.54 75.2054 67.4515 83.3609 62.4833 59.1795 99.064 69.9119 68.3644 55.1693 58.3676 51.7996 56.4395 51.7739 54.8118 51.0746 49.9168 49.2886 51.2608 47.1806 59.0526 44.9672 43.2832 42.9409 42.9309 41.2489 36.5811 35.2796 31.0068
threshold=1.2241054177284243 0.021585190668702129 0.07648158818483354 -0.053267942741513245 -0.00042249893886037165 0.036247322335839278 0.9717526137828828 0.75229349732398998 0.98607468605041515 0.30538910627365118 0.10538326948881151 0.057436766102910049 1.0281483530998232 0.95287659764289867 0.88710486888885509 0.0029448007699102168 -1.0000000180025095e-35 -0.02416465803980827 0.64486774802207958 0.82267063856124889 0.015215794555842878 0.15000000596046451 0.0080723408609628695 -0.0062745139002799979 0.89173579216003429 0.72092995047569286 0.48333333432674414 0.016666632145643238 -0.00084703924949280907 -0.01730493642389774
decision_type=10 10 10 8 10 8 10 10 10 10 10 10 10 10 10 10 2 10 10 10 10 2 8 10 8 10 2 10 10 10
left_child=1 5 3 25 20 16 7 14 -9 12 24 -12 13 -8 15 -4 -1 -16 28 -20 26 -22 -7 -14 -6 -3 -5 -21 -2 -27
right_child=18 2 6 4 10 22 9 8 -10 -11 11 -13 23 -15 17 -17 -18 -19 19 27 21 -23 -24 -25 -26 29 -28 -29 -30 -31
leaf_value=0.00019013500520881504 0.0036856214901705027 0.0072483051615449632 0.011673997869895049 -0.0016294789192852763 0.0043742020016251651 -0.0079999308154844254 -0.0050752909370583438 -0.018957979481695003 0.0031797776017922644 0.0043212702351726274 -0.0099256009042207431 0.00094862481719267921 2.4078637920326876e-11 -3.4953100905361929e-05 0.00091238359180483735 -0.0072441077179863592 0.0017514737248020616 0.0082507867213326355 0.0011204972043432377 2.4078637920326876e-11 -0.0092877269262638187 -0.0025407003154186321 0.00037099497622271338 0.02011244941976658 -0.00016763949087135861 -0.0045949443213833697 0.00045861566028337246 0.013671623499790547 -0.011256222163649051 0.0022487955229134726
leaf_weight=37786 1506 1325 157 45276 1904 1195 2305 261 191 3117 1032 683 157 15186 1277 532 38605 3107 581 163 1332 11951 974 179 69555 702 10218 1439 130 3050
leaf_count=37786 1506 1325 157 45276 1904 1195 2305 261 191 3117 1032 683 157 15186 1277 532 38605 3107 581 163 1332 11951 974 179 69555 702 10218 1439 130 3050
internal_value=1.84084e-05 -7.7833e-05 -0.000493944 -0.000760109 -0.000883333 0.000837208 0.000972661 0.00373217 -0.00922936 0.000227531 -0.000173818 -0.00546101 -0.000475479 -0.000721349 0.00497764 -0.00230247 0.000983352 0.00619518 0.00641587 0.00939387 -0.00163358 -0.00325278 -0.00413483 0.0108025 -4.12366e-05 0.00261629 -0.00123957 0.0121586 0.00219555 0.000871223
internal_weight=255876 252057 173497 147028 141951 78560 26469 5525 452 20944 73174 1715 17827 17491 5073 689 76391 4384 3819 2183 68777 13283 2169 336 71459 5077 55494 1602 1636 3752
internal_count=255876 252057 173497 147028 141951 78560 26469 5525 452 20944 73174 1715 17827 17491 5073 689 76391 4384 3819 2183 68777 13283 2169 336 71459 5077 55494 1602 1636 3752
is_linear=0
shrinkage=1


Tree=1
num_leaves=31
num_cat=0
split_feature=16 26 33 25 56 10 14 17 40 33 35 140 32 45 34 1 49 15 80 33 41 10 35 17 44 2 3 37 127 33
split_gain=169.556 97.0436 89.7354 77.4291 101.01 80.7029 83.4581 72.1646 66.138 57.6691 59.7562 56.6511 56.2594 55.5508 48.0654 47.5404 46.6921 44.3755 55.7685 44.2648 41.6347 43.6181 40.2971 40.175 52.043 43.1872 38.8829 36.6886 36.1758 33.7982
threshold=1.2241054177284243 0.021839609369635585 0.26314339041709905 0.041385870426893241 0.90102112293243419 1.0183066725730898 1.0216450095176699 1.0505280494689944 0.02533263806253672 0.97828525304794323 0.66391038894653331 0.76397109031677257 -0.0045728697441518298 1.0307692885398867 0.22112450003623965 0.035042800009250648 0.83075928688049328 1.12964802980423 0.42499999701976782 0.65305796265602123 -0.03372403793036937 1.0121686458587649 0.80394437909126293 0.74524354934692394 1.043000400066376 -0.10526569932699202 0.016509409062564376 0.73092833161354076 -0.1542856693267822 0.92698377370834362
decision_type=10 10 8 10 10 10 10 10 10 10 10 10 10 8 10 10 10 8 2 10 10 10 10 8 10 10 10 8 10 10
left_child=1 13 12 7 29 16 -7 8 -4 10 -2 -12 17 -1 28 27 -6 18 -3 -13 -17 -22 -16 -14 25 -25 -10 -15 -9 -5
right_child=9 2 3 4 5 6 -8 14 26 -11 11 19 23 15 22 20 -18 -19 -20 -21 21 -23 -24 24 -26 -27 -28 -29 -30 -31
leaf_value=0.0015396781445433506 0.0018105915967193858 -0.0018062433625371859 0.00063975630539706246 -0.012143559573626138 0.007854352307283409 0.0077059431848055214 0.0013602808907092197 0.0019505188787709931 -0.0025998997937257658 -0.012880449971125927 -0.00056339139021723201 0.0063076276578508585 0.0030364392438341587 -0.00020197451725127182 -0.0026760744490053412 0.0032940258357340066 0.00023433770713458262 -0.0027582085148339227 0.0095617948533125441 0.016293016963484876 0.00058114700535075669 -0.012132219143740188 0.00049092578491926112 0.00018572247946034581 -0.0033152096576549986 -0.0021480165758218906 0.0052562997813788252 0.0025279160674471371 -0.0015305720266804281 0
leaf_weight=42219 1400 526 51316 611 746 3598 4159 5393 8867 108 335 910 1437 32000 21979 312 15542 771 1097 1054 287 760 4136 11971 16346 16869 564 5104 5273 286
leaf_count=42219 1400 526 51316 611 746 3598 4159 5393 8867 108 335 910 1437 32000 21979 312 15542 771 1097 1054 287 760 4136 11971 16346 16869 564 5104 5273 286
internal_value=2.58904e-05 -6.80414e-05 -0.0004728 -3.60646e-05 0.00145218 0.0018337 0.00435447 -0.000419967 0.000210754 0.006294 0.00700076 0.00998913 -0.00155741 0.000788446 -0.00146936 -2.87214e-05 0.000610939 0.00286353 0.00571778 0.0119278 -0.00550479 -0.00842054 -0.00216303 -0.00179198 -0.00195345 -0.00116947 -0.00208821 0.000166626 0.000201838 -0.00826449
internal_weight=255976 252169 171487 122470 24942 24045 7757 97528 60747 3807 3699 2299 49017 80682 36781 38463 16288 2394 1623 1964 1359 1047 26115 46623 45186 28840 9431 37104 10666 897
internal_count=255976 252169 171487 122470 24942 24045 7757 97528 60747 3807 3699 2299 49017 80682 36781 38463 16288 2394 1623 1964 1359 1047 26115 46623 45186 28840 9431 37104 10666 897
is_linear=0
shrinkage=0.03


Tree=2
num_leaves=31
num_cat=0
split_feature=32 26 33 86 33 39 25 12 51 158 17 53 49 18 17 43 13 45 33 1 4 86 40 44 85 40 137 14 32 30
split_gain=116.058 94.1766 100.125 93.0799 69.3771 67.5212 74.2579 77.5031 74.6651 67.7017 66.8701 60.9827 65.726 65.4348 55.2915 52.2923 50.5817 46.0986 45.4351 44.2618 41.8861 40.5844 40.0855 38.5785 39.4117 51.8012 45.5276 39.3861 49.7307 47.2732
threshold=-0.0048883806448429814 0.021585190668702129 0.25209435820579534 -0.58333334326744068 0.93591597676277172 0.01584673393517733 0.033714421093463905 1.0060634016990664 0.86381909251213085 -0.048068916425108903 0.9860421121120454 0.97937640547752391 0.93598538637161266 1.0379521846771242 0.74524354934692394 1.0286436676979067 1.1167117953300478 1.030380427837372 0.87776148319244396 0.036672007292509086 0.081636641174554839 -0.65000000596046437 0.031938700005412109 1.0406779646873476 -0.37499999999999994 -0.029501157812774178 0.30867661535739904 0.98360660672187816 -0.0034292226191610094 0.00064422073774039756
decision_type=8 10 8 2 10 10 10 10 10 8 10 10 10 10 8 10 10 8 10 10 10 2 10 10 2 10 10 10 10 10
left_child=3 17 14 4 11 6 10 16 -9 -7 -4 -1 15 -14 20 -13 -8 -2 22 -19 -3 -12 -11 27 26 -26 -25 29 -29 -16
right_child=1 2 5 -5 -6 9 7 8 -10 18 21 12 13 -15 23 -17 -18 19 -20 -21 -22 -23 -24 24 25 -27 -28 28 -30 -31
leaf_value=-0.0042562281643040477 0.0014328503419593574 -0.0023382274372541747 0.0007371625478469955 0.00036051244719310829 -0.0042770368399425553 0.0066338216523242465 0.00062205173200068911 0.0083096780793771724 0.0020973381761487495 -0.0017528181427850383 -0.0024854296280411529 0.0081748284731821223 0.0013640303783456081 0.014548900895277453 -0.0058645652086790163 0.019984738584983452 -0.010284076803797034 0.00014619952553554844 0.00040612739828657239 -0.0061954659702163004 0.0079048738330420466 -0.00045352810637833715 -0.0053848617119264842 -0.0043570495557094628 0 -0.0058021117686042293 -9.0059237318926188e-05 0.0066804375146550668 -0.00053408329753222941 -0.0013729327588303144
leaf_weight=304 40820 514 30434 4795 436 778 22889 2348 7551 7606 13240 1016 1460 451 2753 682 367 36213 4159 998 909 28130 4641 3591 1711 6354 6374 898 13394 10260
leaf_count=304 40820 514 30434 4795 436 778 22889 2348 7551 7606 13240 1016 1460 451 2753 682 367 36213 4159 998 909 28130 4641 3591 1711 6354 6374 898 13394 10260
internal_value=0 -0.000123449 -0.000522694 0.00331473 0.00648669 -6.8122e-05 0.000214832 0.00139041 0.00361491 -0.00181207 -0.000324043 0.00777795 0.00889218 0.00474951 -0.00170319 0.0132703 0.000428366 0.000736799 -0.00223844 -1.90631e-05 0.00401595 -0.00111195 -0.00316017 -0.00189101 -0.00297835 -0.00455783 -0.00166341 -0.00116039 -5.11146e-05 -0.00235373
internal_weight=256076 246932 168901 9144 4349 122143 104959 33155 9899 17184 71804 3913 3609 1911 46758 1698 23256 78031 16406 37211 1423 41370 12247 45335 18030 8065 9965 27305 14292 13013
internal_count=256076 246932 168901 9144 4349 122143 104959 33155 9899 17184 71804 3913 3609 1911 46758 1698 23256 78031 16406 37211 1423 41370 12247 45335 18030 8065 9965 27305 14292 13013
is_linear=0
shrinkage=0.03


Tree=3
num_leaves=31
num_cat=0
split_feature=26 38 26 25 86 28 71 58 160 45 44 18 49 33 93 1 1 100 151 1 114 51 92 15 20 30 143 50 38 85
split_gain=120.47 119.784 98.7089 70.3594 70.3238 64.6847 67.6735 60.1898 57.4087 56.6165 53.7938 61.3091 57.7951 52.6071 52.4455 50.24 48.8455 62.0998 56.4091 44.2202 41.8941 41.0963 40.7014 40.5258 38.9212 36.7577 35.7902 35.2307 34.7772 31.0114
threshold=0.069634858518838896 -0.0011582985753193495 0.021585190668702129 0.038470996543765075 0.88333332538604747 -0.0040095762815326444 0.54867228865623485 1.0023993253707888 0.5146179497241975 1.0296478867530825 1.0385021567344668 0.94165822863578807 0.83075928688049328 0.48301772773265844 0.71396648883819591 0.011904729995876552 0.071050275117158904 0.36602871119976049 0.48025570809841162 0.036672007292509086 0.74647837877273571 0.7846202850341798 -0.32097800076007837 0.89429715275764476 1.076074004173279 -0.005237151635810732 0.68301138281822216 0.87046703696250927 -0.0082989297807216627 -0.32500000298023218
decision_type=8 8 10 10 2 10 10 10 10 10 10 10 10 8 10 10 10 2 8 10 10 10 10 8 10 10 10 10 10 2
left_child=2 3 9 21 5 6 13 20 14 -1 11 26 -13 28 22 -12 18 -18 -3 -11 -8 -2 -5 -17 -16 -15 -7 -9 -4 -21
right_child=1 16 4 8 -6 10 7 27 -10 19 15 12 -14 25 24 23 17 -19 -20 29 -22 -23 -24 -25 -26 -27 -28 -29 -30 -31
leaf_value=0.0016117742895076284 -0.015820227797653168 -0.0045444445346329168 -0.0063429181777437619 0.012028028273081472 0.0022538498252190138 -0.020131340148251343 -0.00016558067994839741 0.01348567948645453 -0.0073301871652261185 0.00016441963198341852 0.0014577857058526878 0.0092763047589882568 -0.00063449365836347981 0.0020295277551186297 0.016237865878732268 -0.0087428644036189329 0.016983736859415465 0 0.0012712480220904571 0 0.014123416226847391 0.0010097744465886575 0.0044590510189011822 -0.0023533403829343164 -0.00044775777097259242 -0.00033984331482058078 -0.0017499579845039483 0.0039154477947680949 -0.0013504381265723065 -0.010114587146608142
leaf_weight=39574 169 2216 1797 852 7988 210 5692 398 214 37180 2948 510 73300 7367 829 952 318 500 4444 399 170 325 3893 24521 106 28753 239 4472 4904 632
leaf_count=39574 169 2216 1797 852 7988 210 5692 398 214 37180 2948 510 73300 7367 829 952 318 500 4444 399 170 325 3893 24521 106 28753 239 4472 4904 632
internal_value=9.26694e-05 0.00281056 -6.20351e-05 0.0058223 -0.00048016 -0.000622137 0.000218431 0.0023496 0.00675532 0.000816757 -0.00106342 -0.000632589 -0.000559456 -0.000309536 0.0073625 -0.0021773 0.000189138 0.00704616 -0.000626726 0 0.000244416 -0.00455574 0.00592586 -0.00261058 0.0140623 0.000135966 -0.0114786 0.00481088 -0.00274879 -0.00607537
internal_weight=255872 13866 242006 6388 164221 156233 53553 10732 5894 77785 102680 74259 73810 42821 5680 28421 7478 818 6660 38211 5862 494 4745 25473 935 36120 449 4870 6701 1031
internal_count=255872 13866 242006 6388 164221 156233 53553 10732 5894 77785 102680 74259 73810 42821 5680 28421 7478 818 6660 38211 5862 494 4745 25473 935 36120 449 4870 6701 1031
is_linear=0
shrinkage=0.03


Tree=4
num_leaves=31
num_cat=0
split_feature=16 30 16 120 25 81 4 41 114 59 80 29 4 161 36 138 1 44 33 50 44 77 12 60 42 4 1 161 6 37
split_gain=146.237 91.0086 69.6326 66.286 85.5051 87.8616 125.197 73.5069 77.3702 69.8353 59.3216 52.8255 59.4563 51.63 51.1353 58.1451 89.0844 49.8453 83.9644 52.7537 52.2685 49.5623 45.6974 53.3626 44.872 69.0185 56.1556 52.873 46.2869 42.1119
threshold=1.2241054177284243 -0.00042249893886037165 0.93407893180847179 0.25775530934333807 0.043483210727572448 0.61666667461395275 0.31578619778156286 0.053564652800560004 0.77049180865287792 0.96533700823783886 0.52500000596046459 0.014018505811691286 0.31818187236785894 0.33801266551017767 0.80502268671989452 0.64218494296073925 0.058631887659430511 1.0268293023109438 0.33557032048702246 0.95504802465438854 1.0406779646873476 0.19166667014360431 0.98555809259414684 0.90478125214576732 -0.076609600335359559 0.42105148732662206 0.022546427324414257 1.3364143371582033 0.1558455973863602 0.50906667113304149
decision_type=10 8 8 8 10 2 10 10 10 10 2 10 10 10 10 10 10 8 8 10 8 2 10 10 10 10 10 8 10 8
left_child=1 2 13 22 17 7 9 8 -6 -7 -8 24 -13 -1 -2 16 -16 19 20 21 -19 -5 23 -3 25 28 29 -28 -4 -26
right_child=14 3 11 4 5 6 10 -9 -10 -11 -12 12 -14 -15 15 -17 -18 18 -20 -21 -22 -23 -24 -25 26 -27 27 -29 -30 -31
leaf_value=-0.0028905431962880455 0.0022283647494071622 -0.01000620597399323 0 -0.00085593693722436481 0.0024081538303671914 0.027164092644391166 0.011519340118538821 -0.0044360943542925517 0.011898022857145406 0 -0.013748747476059548 0.023180109149328908 -0.0022565007835245606 -0.012618107561183233 -0.0069284794957609848 0.012928543345581587 0.017423010129241807 -0.00049165362956022003 0.00060759138941331734 0.0023572449344088737 -0.0040730957276187531 0.0011685405352555773 -0.00096833639160669562 0.0055445899060616892 -0.00085299676553540987 -0.0038313312361094596 -0.0019780183513368075 0.0045308608065185128 0.0051432252032001099 0.00059717637553194835
leaf_weight=2562 1942 1022 2810 16661 7744 399 124 1173 870 118 168 159 112 643 380 1297 182 8389 30174 18330 6824 30759 10434 205 43770 1635 31999 1119 3753 30398
leaf_count=2562 1942 1022 2810 16661 7744 399 124 1173 870 118 168 159 112 643 380 1297 182 8389 30174 18330 6824 30759 10434 205 43770 1635 31999 1119 3753 30398
internal_value=4.91e-05 -3.79152e-05 -0.000642251 0.000498795 0.000707565 0.00328457 0.0127565 0.00244661 0.0034267 0.0214173 -0.00200634 -0.000518124 0.0122041 -0.0050013 0.00587464 0.00945979 0.000769856 0.000458623 -0.000300944 0.000987442 -0.00212109 0.000450856 -0.00165242 -0.00712024 -0.000552684 0.00157266 -0.000718146 -0.00174644 0.00297205 -0.000254594
internal_weight=256155 252354 118960 133394 121733 10596 809 9787 8614 517 292 115755 271 3205 3801 1859 562 111137 45387 65750 15213 47420 11661 1227 115484 8198 107286 33118 6563 74168
internal_count=256155 252354 118960 133394 121733 10596 809 9787 8614 517 292 115755 271 3205 3801 1859 562 111137 45387 65750 15213 47420 11661 1227 115484 8198 107286 33118 6563 74168
is_linear=0
shrinkage=0.03


Tree=5
num_leaves=31
num_cat=0
split_feature=31 30 55 36 158 50 140 101 85 120 14 33 23 57 29 7 34 116 30 12 33 125 29 33 41 40 4 82 68 62
split_gain=90.6244 85.5573 85.6614 82.1241 71.9634 62.4112 53.6103 57.5097 52.1757 49.8829 95.5154 84.0169 69.537 56.1366 55.0203 51.4124 47.7791 46.1542 64.0118 43.4835 38.9292 38.8289 36.7574 36.7176 36.6873 77.2558 39.8397 44.8904 37.5902 36.5179
threshold=-0.0080658528022468073 -0.00056013630819506932 0.93584609031677257 0.79527312517166149 -0.027544058859348294 0.83084839582443248 0.81279495358467113 0.40370370447635656 0.87500000000000011 0.25775530934333807 0.89173579216003429 0.77761691808700573 0.034776113927364356 0.92702656984329235 0.0058700263034552344 0.023694979026913646 0.69861429929733287 0.56576389074325573 -0.0016125451074913142 0.98555809259414684 0.50806459784507763 0.053435135632753379 0.0089401304721832293 0.92698377370834362 -0.0318174660205841 -0.017372726462781426 0.36363528668880468 0.37500000000000006 0.32608763873577123 0.88628664612770092
decision_type=8 8 8 10 8 10 10 2 2 8 8 10 10 8 10 10 10 8 10 10 10 10 10 10 10 10 10 2 10 10
left_child=4 5 3 8 6 22 -1 20 16 19 11 12 -11 -12 -15 -13 -3 24 21 29 -8 -19 -2 -22 26 -26 27 -7 -27 -4
right_child=1 2 9 -5 -6 17 7 -9 -10 10 13 15 -14 14 -16 -17 -18 18 -20 -21 23 -23 -24 -25 25 28 -28 -29 -30 -31
leaf_value=-0.00038109066370258432 -0.0016676265726797283 0.0034382408225508056 -0.013350028339471598 0.0026192133967013909 -0.00029812549055226769 0.0039758173111091605 0.0059347101700600521 0.0014510964405057337 -0.02083831987044172 0.013672422275811382 0.0052540422447231189 -0.0072056058246156183 -0.0061725095712712834 0.0007383728242767411 -0.0011328180510367595 0.0098595144510558192 -0.010050256695491961 -0.008958434820244365 -0.0004780765549172471 -0.00089780844631241166 0.019621681777539004 0.0004173553294641265 0.01638491502370815 0.0032982739121829971 -0.0040762541833165751 0.00032631807215661199 -0.0019314458162409428 0.0001744941885430247 -0.0010230782975826143 0
leaf_weight=645 105 287 466 657 2013 4390 735 744 308 1236 2258 457 148 104351 16230 212 759 1927 3076 9693 712 422 285 217 6167 26928 3836 8136 57870 247
leaf_count=645 105 287 466 657 2013 4390 735 744 308 1236 2258 457 148 104351 16230 212 759 1927 3076 9693 712 422 285 217 6167 26928 3836 8136 57870 247
internal_value=1.02101e-06 -7.83072e-05 0.000423642 -0.00567965 0.00396669 -0.000690091 0.00685997 0.00891026 -0.00990435 0.000517402 0.000685371 0.00708438 0.0112789 0.000574847 0.00048388 -0.00123319 -0.0060728 -0.000734943 -0.00344127 -0.00146722 0.0120104 -0.00715813 0.0109486 0.0162748 -0.000594738 -0.00083148 0.000702532 0.00153487 -0.000591058 -0.00856325
internal_weight=255517 250451 137309 2011 5066 113142 3053 2408 1354 135298 124892 2053 1384 122839 120581 669 1046 112752 5425 10406 1664 2349 390 929 107327 90965 16362 12526 84798 713
internal_count=255517 250451 137309 2011 5066 113142 3053 2408 1354 135298 124892 2053 1384 122839 120581 669 1046 112752 5425 10406 1664 2349 390 929 107327 90965 16362 12526 84798 713
is_linear=0
shrinkage=0.03


Tree=6
num_leaves=31
num_cat=0
split_feature=16 25 40 36 29 41 16 36 26 36 140 137 37 13 18 10 23 24 52 133 17 96 109 38 161 26 120 2 16 162
split_gain=136.948 82.6039 63.6835 91.0469 75.9885 84.5402 70.0977 74.2526 51.6034 46.3722 59.0628 45.9939 40.7827 40.3994 41.1226 39.2566 38.4565 37.49 55.6492 39.1866 35.6639 35.3083 35.0129 41.479 31.5606 30.7512 29.5181 28.1222 26.4076 24.8529
threshold=1.2241054177284243 0.01246010744944215 -0.030734675005078312 0.82072821259498607 -0.00043414959509391332 -0.03969855606555938 1.10654753446579 0.34798510372638708 0.021455070935189727 0.80819529294967662 0.7297937572002412 0.54377290606498729 0.65667176246643078 1.0712751746177676 1.0247294902801516 1.0243625640869143 0.017142243683338169 0.030115589499473575 0.76815778017044078 0.17351425439119342 0.91635456681251537 0.15575826168060306 0.18333333730697635 -0.020566289313137528 0.89349776506423961 0.054874494671821601 0.60704609751701366 -0.86666610836982716 0.96718147397041332 -2.5018019676208492
decision_type=10 10 10 10 10 10 10 10 10 10 10 10 10 8 10 10 10 10 10 10 8 10 2 10 10 10 10 10 8 10
left_child=1 12 3 17 11 25 8 -8 -7 24 -11 13 -1 14 -4 28 -12 18 19 -3 -20 27 23 -5 -2 -6 -15 -19 -13 -23
right_child=9 2 4 22 5 6 7 -9 -10 10 16 15 -14 26 -16 -17 -18 21 20 -21 -22 29 -24 -25 -26 -27 -28 -29 -30 -31
leaf_value=0.00071790927509769275 0.00013597586174068709 0.017601666704685846 -0.0014844637107895519 0.027457273900300373 -0.0017702934247179759 0.001143053497178789 -0.0082730263380483924 0.0045670668392807741 -0.00040246693696765259 -0.0031971182453492141 0 -0.0018985883588804086 0.0031976509381203416 -0.0072974243895201889 -0.0051691316068384991 -0.0048503549941567589 0.013229787024483611 -0.0049362068680752795 -0.0028040008761999816 0.0030569206139405775 0.0018507834261252414 0 0.0018464965374286315 0.0080026605154269494 0.0097238549952546657 -0.017063996307015074 0.0051818965765515852 0.0016028697962757951 0.00056389681058299703 -0.0058194057775706326
leaf_weight=23838 1586 306 56253 114 261 26009 408 4942 76789 253 220 4664 8189 162 2931 1469 1347 670 1708 496 9078 942 811 1154 386 327 1218 3786 23452 1776
leaf_count=23838 1586 306 56253 114 261 26009 408 4942 76789 253 220 4664 8189 162 2931 1469 1347 670 1708 496 9078 942 811 1154 386 327 1218 3786 23452 1776
internal_value=2.58391e-05 -5.84319e-05 -0.000267076 0.00130631 -0.000433573 9.78496e-05 0.000163268 0.00350483 -8.36958e-06 0.00567029 0.00915701 -0.00107777 0.00136292 -0.0015516 -0.00167369 -9.72599e-05 0.0113558 0.000625179 0.00168923 0.00926462 0.00108209 -0.00105178 0.00724575 0.0103838 0.0022421 -0.0110504 0.00341933 0.000534973 0.000143688 -0.00374765
internal_weight=255545 251753 219726 20841 198885 108736 108148 5350 102798 3792 1820 90149 32027 60564 59184 29585 1567 18762 11588 802 10786 7174 2079 1268 1972 588 1380 4456 28116 2718
internal_count=255545 251753 219726 20841 198885 108736 108148 5350 102798 3792 1820 90149 32027 60564 59184 29585 1567 18762 11588 802 10786 7174 2079 1268 1972 588 1380 4456 28116 2718
is_linear=0
shrinkage=0.03


Tree=7
num_leaves=31
num_cat=0
split_feature=16 26 40 71 84 33 27 55 29 33 18 123 58 81 35 17 160 52 34 42 24 81 113 1 160 126 24 1 35 141
split_gain=119.704 75.7591 79.2387 84.4684 49.9718 49.2802 63.5067 54.8207 86.4871 60.0146 50.2 49.6104 47.5455 46.8844 51.5748 46.7401 46.2621 44.0781 43.3561 43.22 40.4235 68.8386 52.5013 38.0225 59.0858 53.5686 46.7728 35.7687 48.5391 32.0246
threshold=1.2241054177284243 0.021455070935189727 -0.030734675005078312 0.58064553141593944 0.65000000596046459 0.25209435820579534 0.093774378299713149 0.93584609031677257 0.013010889291763307 0.6805541217327119 1.023079574108124 0.31951625645160681 0.9996226727962495 0.61666667461395275 0.81644362211227428 0.74524354934692394 0.29881465435028082 0.84896609187126171 0.87832194566726696 -0.003400894813239574 0.040882667526602752 0.083333335816860213 0.91211137175560009 0.054196750745177276 -0.12935872375965116 -0.31308852136135096 0.044624375179409988 0.05242817476391793 0.76541343331336986 1.0378681421279909
decision_type=10 10 10 10 2 8 10 10 10 10 10 10 10 2 10 8 10 10 10 10 10 2 10 10 10 10 10 10 10 10
left_child=1 19 3 4 27 6 10 20 11 -10 15 -9 -5 -8 -15 -4 17 -14 23 -1 21 -7 -22 24 29 26 -25 -3 -29 -2
right_child=18 2 5 12 -6 7 13 8 9 -11 -12 -13 16 14 -16 -17 -18 -19 -20 -21 22 -23 -24 25 -26 -27 -28 28 -30 -31
leaf_value=-0.00012662484427983808 -0.0081889999333595743 -0.00036831046995121591 0.0089933559042597276 0.00036768104051978817 -0.017262499883783443 0.015595086536398437 0 0.00014787255898077953 0.011498362584774982 0.0010239170777239209 -0.012129422026963977 -0.0011852336872993346 0.0095316290613228719 0.011649815992433506 -0.0038993305310233198 -0.0017820903691359367 -0.0094872965822694819 0.0025634939560865333 0.013443358071464693 0.0012914261350190411 -0.016331537559214775 -0.0048610556287954527 -0.0031034936696349683 0 0.0056459100120758599 0 0.01875107915237011 0.0023244255649346119 0.019644809432414381 0.0025965337525446141
leaf_weight=34503 614 11581 337 1996 129 178 1652 63509 907 1211 409 41198 2300 777 208 42869 130 1506 510 42994 473 564 789 177 1271 447 458 1553 152 339
leaf_count=34503 614 11581 337 1996 129 178 1652 63509 907 1211 409 41198 2300 777 208 42869 130 1506 510 42994 473 564 789 177 1271 447 458 1553 152 339
internal_value=-4.11862e-05 -0.000122427 -0.000470185 0.00133391 0 -0.00069733 -0.00151937 -0.000344997 -0.000249327 0.00571535 -0.0017973 -0.000373913 0.00430837 0.00294351 0.00805558 -0.00168698 0.00621895 0.00688062 0.00521666 0.000656346 -0.00524368 0 -0.00847283 0.00378416 0.00134991 0.0084001 0.013868 0.00020761 0.00425231 -0.00406955
internal_weight=255741 251925 174428 19347 13415 155081 46252 108829 106825 2118 43615 104707 5932 2637 985 43206 3936 3806 3816 77497 2004 742 1262 3306 2224 1082 635 13286 1705 953
internal_count=255741 251925 174428 19347 13415 155081 46252 108829 106825 2118 43615 104707 5932 2637 985 43206 3936 3806 3816 77497 2004 742 1262 3306 2224 1082 635 13286 1705 953
is_linear=0
shrinkage=0.03


Tree=8
num_leaves=31
num_cat=0
split_feature=16 26 85 40 32 76 125 36 29 17 87 122 84 85 55 142 42 30 140 111 110 28 2 58 49 30 82 1 17 87
split_gain=124.785 80.5844 62.8419 75.6178 52.8307 57.9718 52.4244 48.0334 47.7925 75.834 47.7836 47.7816 45.5539 56.9647 47.1249 41.3164 40.6121 39.8405 52.7114 40.9422 39.7333 37.9211 36.9452 34.3796 33.8826 32.7035 40.1401 30.6288 38.0513 30.5546
threshold=1.2241054177284243 0.021585190668702129 0.27500000596046453 -0.031425721943378442 -0.0048883806448429814 0.050000002607703216 -0.4097223281860351 0.82376214861869823 -0.0034230374731123443 1.1120955944061282 -0.75833332538604725 0.58499413728714 0.84999999403953563 0.62500000000000011 0.93584609031677257 1.5882109403610232 -0.003400894813239574 -0.0068273739889264098 0.77867770195007335 -0.16954023391008374 0.24264705926179889 0.0022961163194850092 0.81732547283172619 0.94369786977767955 0.9154929816722871 -0.0059691839851438991 0.80833333730697643 0.054196750745177276 1.163007438182831 -0.72499999403953541
decision_type=10 10 2 10 10 2 10 10 10 10 2 10 2 2 10 10 10 10 10 2 2 10 10 10 10 10 2 10 10 2
left_child=1 16 4 7 5 25 27 21 9 -8 -5 -10 14 -14 -12 20 -1 18 -2 24 -9 -4 -7 -24 -20 -3 -27 28 -6 -18
right_child=17 2 3 10 6 22 8 15 11 -11 12 -13 13 -15 -16 -17 29 -19 19 -21 -22 -23 23 -25 -26 26 -28 -29 -30 -31
leaf_value=-3.4505469107128267e-05 -0.0011640153429375922 0.00091886668597431019 0.0020309600886486033 -0.0055034895830507243 0.0011866102921218456 -0.0017809841382539259 -0.0012731304065014934 0.015110362378106756 -0.0012914594182156264 -0.0044810244166855048 -0.0062000376867402058 0.00099123448959088879 0.0061271205694597274 0.00046181999365805691 -0.00021043340090661273 -0.00073938326595727447 0.0036592207281730908 0.00039132269334583641 0.021996121097692896 0.0025474692318747014 0.0036291870217429211 -0.0096144272969502786 -0.0038637378797544957 0.013325610387895145 0.0092172069168461896 0.0016715909934823844 0.013329222067756202 0.0081004090383383267 -0.0023485168086811625 0.0010441300408861316
leaf_weight=34994 470 889 8378 1451 10673 2886 20793 654 39013 10032 1196 10300 2228 6012 51852 371 4615 1145 289 685 625 232 114 283 1234 519 739 449 3641 38971
leaf_count=34994 470 889 8378 1451 10673 2886 20793 654 39013 10032 1196 10300 2228 6012 51852 371 4615 1145 289 685 625 232 114 283 1234 519 739 449 3641 38971
internal_value=3.69534e-06 -7.69721e-05 -0.000439317 0.00022704 -0.000927084 0.00192615 -0.00109387 0.00261374 -0.0013975 -0.00232909 -0.000159197 -0.000808384 -2.60224e-05 0.0020411 -0.000353412 0.00732701 0.000718371 0.00536994 0.00736871 0.0093138 0.00987314 0.00166085 -0.000501248 0.00772163 0.0120902 0.00574671 0.00885592 0.000533694 0.000264441 0.00132945
internal_weight=255733 251910 173330 72999 100331 5430 94901 10260 80138 30825 62739 49313 61288 8240 53048 1650 78580 3823 2678 2208 1279 8610 3283 397 1523 2147 1258 14763 14314 43586
internal_count=255733 251910 173330 72999 100331 5430 94901 10260 80138 30825 62739 49313 61288 8240 53048 1650 78580 3823 2678 2208 1279 8610 3283 397 1523 2147 1258 14763 14314 43586
is_linear=0
shrinkage=0.03


Tree=9
num_leaves=31
num_cat=0
split_feature=16 26 86 55 49 33 1 26 14 28 23 51 24 117 67 85 84 36 33 24 33 8 60 113 158 138 85 24 91 59
split_gain=119.938 64.5138 66.3133 77.158 81.7792 63.0457 52.7587 52.5659 52.084 53.1944 45.5847 101.177 84.0085 46.9592 54.6071 43.2074 42.4826 41.5591 43.2396 48.7574 62.516 43.6796 43.5364 41.316 40.9039 38.9367 37.5112 35.4101 33.3905 31.9507
threshold=1.2241054177284243 0.021585190668702129 0.81666666269302379 0.93584609031677257 0.83075928688049328 0.93000724911689769 0.036247322335839278 0.10753576457500459 0.88468468189239513 -0.0040095762815326444 0.017545491456985477 0.75304752588272106 0.051859490573406226 0.47136564552783972 0.96702897548675548 0.77500000596046459 -1.0000000180025095e-35 0.68556997179985057 0.96605226397514354 0.038112746551632888 0.55613431334495556 -0.65079480409622181 1.0102107524871828 0.72222188115119945 0.011177288368344309 0.7040235996246339 -0.37499999999999994 0.018654128536581997 0.59919488430023204 0.93417447805404674
decision_type=10 10 2 10 10 10 10 10 8 8 10 10 10 10 10 2 2 10 10 10 10 10 10 10 8 10 2 10 10 10
left_child=1 6 3 -3 5 7 16 -5 25 -10 11 27 13 -12 -15 29 -1 -2 19 20 22 -22 -19 -17 26 -6 -8 -4 -14 -13
right_child=17 2 10 4 8 -7 24 -9 9 -11 12 15 28 14 -16 23 -18 18 -20 -21 21 -23 -24 -25 -26 -27 -28 -29 -30 -31
leaf_value=3.8066961583834047e-05 0.00032536286383130417 -0.0093121211405849617 -0.027196149028368765 0.014044740815851792 -0.0036258907779749181 -0.0075774142331877003 0 -0.0043683374907031013 9.8637097708950954e-05 -0.0010648230893549448 -0.0058814998502544243 0.012547401674407519 0.0002439609358911044 0.0084248817684820197 0.0024179447472604844 0.00123280397581353 0.0014596333647086757 0.0029436779085829454 -0.0066912246248991541 0.011629996639632184 0.017996413592781712 0 -0.014989878846405956 -0.0045136264977343101 0.00098797677282854964 0.0082761380505783008 -0.011027733368267682 -0.0062241940829936932 -0.012130185748763973 0.0020319583455730328
leaf_weight=37847 1182 893 123 760 276 167 415 132 54128 99629 338 275 292 2492 3457 2376 38727 204 147 1560 248 250 208 2021 771 980 837 299 384 4331
leaf_count=37847 1182 893 123 760 276 167 415 132 54128 99629 338 275 292 2492 3457 2376 38727 204 147 1560 248 250 208 2021 771 980 837 299 384 4331
internal_value=0 -8.02894e-05 -0.000404578 -0.000595552 -0.000542569 0.00766815 0.000631063 0.0109549 -0.00060158 -0.000653333 0.0014048 1.15885e-05 0.00324222 0.00435467 0.00500427 0.000729693 0.000761129 0.00527634 0.00737931 0.00838421 0.00236698 0.00957451 -0.00569053 -0.001349 -0.00410455 0.00540978 -0.00744268 -0.0139696 -0.00650069 0.00277616
internal_weight=255749 251950 173353 156965 156072 1059 78597 892 155013 153757 16388 9425 6963 6287 5949 9003 76574 3799 2617 2470 910 498 412 4397 2023 1256 1252 422 676 4606
internal_count=255749 251950 173353 156965 156072 1059 78597 892 155013 153757 16388 9425 6963 6287 5949 9003 76574 3799 2617 2470 910 498 412 4397 2023 1256 1252 422 676 4606
is_linear=0
shrinkage=0.03


Tree=10
num_leaves=31
num_cat=0
split_feature=16 26 27 33 40 102 161 29 121 79 54 0 33 153 140 42 44 159 93 42 46 30 112 162 31 84 140 135 50 33
split_gain=96.8813 74.0838 54.5363 60.086 60.6194 57.8552 50.0443 45.3211 55.5577 45.0475 44.7106 44.1437 50.7891 42.4709 41.5839 40.5979 40.3742 42.0808 39.3277 38.6881 41.119 37.2732 37.1445 34.9202 36.4161 34.7385 32.6195 31.4343 29.7124 28.4848
threshold=1.2241054177284243 0.019946628250181678 0.074148178100585951 0.31925892829895025 0.025811721570789817 0.53529900312423717 0.6288355588912965 -0.0035468272399157281 0.64426544308662426 0.84999999403953563 1.0083933472633364 0.021142981015145782 0.76411095261573803 0.0025166765553876762 0.76706165075302135 -0.003400894813239574 1.0410753488540652 -0.0013218586682341991 -0.40472300350666041 0.12159738317131998 1.0047988295555117 -0.0061254054307937613 0.18257576227188113 2.1484553813934331 8.9208908320870264e-05 -0.55000001192092884 1.5544660091400149 0.22874376177787784 0.97645992040634166 0.64831686019897472
decision_type=10 10 10 8 10 2 10 10 10 2 10 10 10 10 10 8 10 10 10 10 10 10 2 10 10 2 10 10 10 10
left_child=1 15 3 16 5 21 28 10 9 18 -4 12 -12 -13 -8 -1 23 26 -9 20 -6 -5 -11 -3 -25 -10 -18 -19 -2 -16
right_child=6 2 7 4 19 -7 14 8 25 22 11 13 -14 -15 29 -17 17 27 -20 -21 -22 -23 -24 24 -26 -27 -28 -29 -30 -31
leaf_value=-9.2819095083245985e-05 0.0032385202375227592 -0.0011317144910170066 -0.010080040431896886 0.0023471568577376652 0.002449675186514769 0.0019203529298102695 -0.00059706692680730109 -0.0023873154105902138 -0.0033830675300210713 0.0091713774204088168 -0.003194420557509129 -0.0017974906700988207 0.0021549149068258457 0.0085787477730979375 0.0046485118491311336 0.0014079603665722599 -0.0061502516233355176 -0.0039383670603016559 0.0013063156887037097 -0.010303680854197779 -0.0021965005806579493 -0.00040394050130031564 -0.00088643597644727263 -0.0038213604807349551 0.0043673058480639716 0.0086328604865445416 0.0015598032040054811 -0.00078447660319758746 -0.0056520933594786035 0.013035353779600922
leaf_weight=27922 1079 30082 445 4682 1879 13141 391 3103 205 1032 4852 526 2293 839 845 37546 3879 4236 14393 473 13929 72024 402 585 2056 1407 489 9663 462 1003
leaf_count=27922 1079 30082 445 4682 1879 13141 391 3103 205 1032 4852 526 2293 839 845 37546 3879 4236 14393 473 13929 72024 402 585 2056 1407 489 9663 462 1003
internal_value=-3.02662e-05 -0.000103093 -0.000408755 -0.000632018 -0.000221937 8.02142e-05 0.00472252 0.000769931 0.00155162 0.0010737 -0.000989237 -0.000456176 -0.0014346 0.00439546 0.00757447 0.000763466 -0.00147924 -0.00261627 0.000632127 -0.00190582 -0.00162289 -0.00023154 0.00617209 -0.000834141 0.00242563 0.00689822 -0.00521556 -0.00177152 0.000342617 0.00945189
internal_weight=255863 252083 186615 157118 106128 89847 3780 29497 20542 18930 8955 8510 7145 1365 2239 65468 50990 18267 17496 16281 15808 76706 1434 32723 2641 1612 4368 13899 1541 1848
internal_count=255863 252083 186615 157118 106128 89847 3780 29497 20542 18930 8955 8510 7145 1365 2239 65468 50990 18267 17496 16281 15808 76706 1434 32723 2641 1612 4368 13899 1541 1848
is_linear=0
shrinkage=0.03


Tree=11
num_leaves=31
num_cat=0
split_feature=16 30 16 125 57 12 82 138 97 12 42 5 33 30 102 82 60 80 27 76 137 33 44 49 5 60 30 125 61 26
split_gain=112.692 62.695 72.2936 51.6042 57.896 51.3243 48.6278 44.5247 51.7976 58.9715 44.2618 57.5977 44.0711 45.3465 43.8749 48.9811 42.9501 49.3113 39.135 43.9132 41.833 38.36 73.1208 63.1851 62.287 59.7612 61.6165 37.537 44.0799 36.5932
threshold=1.2241054177284243 -0.00052474101539701213 0.93407893180847179 0.48051953315734869 0.92702656984329235 0.98555809259414684 0.22500000149011615 0.59705588221549999 0.14208064228296283 0.97878319025039684 -0.093370448797941194 0.0064795201178640136 0.97828525304794323 -0.005568938795477151 0.56306818127632152 0.99166667461395275 0.90218123793602001 0.27500000596046453 0.090783946216106429 0.050000002607703216 0.53896498680114757 0.31925892829895025 1.0381410717964175 0.88785049319267284 0.015476694796234371 0.85157677531242382 0.0055965746287256488 0.0694442354142666 0.96817705035209667 0.025001651607453827
decision_type=10 8 8 10 10 10 2 10 10 8 10 10 10 10 2 2 10 2 10 2 10 8 10 10 10 10 10 10 10 10
left_child=1 2 6 4 7 16 -1 -3 -9 -10 11 -4 13 -2 15 -13 17 -5 20 -20 29 22 23 -6 -24 -23 -27 28 -8 -12
right_child=12 3 10 5 21 -7 27 8 9 -11 18 14 -14 -15 -16 -17 -18 -19 19 -21 -22 25 24 -25 -26 26 -28 -29 -30 -31
leaf_value=-0.001067194236638407 0.0075600244615621273 -0.002203864035609026 -0.00062737385565063886 -0.013124936426738391 0.010493799550762109 -0.00081953748903745285 -0.018631155518640967 0 -0.0061453803787055198 0.0105459022816938 -0.00026701445309514104 0.011774094394854173 -0.011710315352483163 0 -0.0016640248573163434 0 0.0031133189980766885 0.0025113769211215762 0.0062715749597319678 -6.1150042981258852e-06 0.00013245469705662515 -0.0096026346428131244 -0.0033829067821432427 0.00017209810768559504 0.0053614379490793326 0.00064654675667797398 0.0040823131041125681 -0.00087233412522593791 -0.0051724697568803091 -0.0016854168526114748
leaf_weight=1464 2825 671 2261 829 525 10715 502 866 177 1732 27456 1135 106 850 421 398 237 185 1515 2622 34605 469 8684 31629 758 73789 5049 444 555 42693
leaf_count=1464 2825 671 2261 829 525 10715 502 866 177 1732 27456 1135 106 850 421 398 237 185 1515 2622 34605 469 8684 31629 758 73789 5049 444 555 42693
internal_value=-1.18024e-05 -9.01792e-05 -0.000603474 0.00034471 0.000527639 -0.00152894 -0.00522215 0.00435983 0.00605869 0.00879512 -0.000478844 0.00251688 0.00511395 0.00574117 0.00627662 0.00864384 -0.00726052 -0.00998863 -0.000598 0.00223977 -0.00071334 0.000415229 -0.000317372 0.00035637 -0.00263936 0.000803239 0.000871366 -0.00901012 -0.0120702 -0.00113477
internal_weight=256167 252386 116071 136315 124349 11966 2965 3446 2775 1909 113106 4215 3781 3675 1954 1533 1251 1014 108891 4137 104754 120903 41596 32154 9442 79307 78838 1501 1057 70149
internal_count=256167 252386 116071 136315 124349 11966 2965 3446 2775 1909 113106 4215 3781 3675 1954 1533 1251 1014 108891 4137 104754 120903 41596 32154 9442 79307 78838 1501 1057 70149
is_linear=0
shrinkage=0.03


Tree=12
num_leaves=31
num_cat=0
split_feature=31 24 30 1 28 71 29 84 25 1 58 80 11 13 138 27 69 121 98 71 84 13 124 0 112 1 161 139 42 53
split_gain=68.2915 68.2819 66.6731 52.2172 47.2953 46.0655 44.4506 44.1678 58.2324 53.734 52.6844 51.7095 77.4213 56.3868 49.0727 44.8797 42.8826 42.3924 51.2934 41.2984 40.1558 40.5886 39.3353 46.3249 37.8137 36.7706 41.5331 41.6023 40.5075 36.0122
threshold=-0.0080658528022468073 0.053826175630092628 -0.00052474101539701213 0.025974092073738578 -0.0094395335763692838 0.58064553141593944 0.014018505811691286 0.84999999403953563 0.021328399889171127 0.021178590133786205 1.008122503757477 0.37500000000000006 0.9717526137828828 0.96687939763069164 0.83316716551780712 0.05291747301816941 0.88235145807266246 0.63616314530372631 1.0000000180025095e-35 0.57627162337303173 0.65000000596046459 1.1045160889625552 -0.63779562711715687 -0.0061069307848811141 -0.10471491143107413 0.021768765524029735 1.3364143371582033 0.80068349838256847 0.0045751866418868312 1.0393083691596987
decision_type=8 10 8 10 8 10 10 2 10 10 8 2 10 10 10 10 10 10 2 10 2 8 8 10 2 10 8 8 10 10
left_child=1 3 6 -1 5 20 22 8 10 -10 -6 13 24 15 -11 -9 -14 -3 -19 -12 21 -4 23 -2 -13 -24 28 -28 -27 -7
right_child=2 17 4 -5 7 29 -8 11 9 14 19 12 16 -15 -16 -17 -18 18 -20 -21 -22 -23 25 -25 -26 26 27 -29 -30 -31
leaf_value=0.0058177173879240792 0.0027120314616601725 0.0013859521198917081 0.0019994137890174324 -0.0016024281518644658 0.0009264864902028717 0.0020017780855960529 0.012906576204392629 0.00049000270419057165 -0.0017043351901021616 -0.0010677115815764301 -0.0038848619187150258 0 0.006601776193920589 0.0028848984290273062 0.0014211808103145455 -0.0060157092222991428 0 -0.00059220608539487191 0.015915779609708493 0.0032808460439870636 -0.014525739836500032 -0.0074990282530150868 -0.00038340088004648696 -0.00098394682737024011 0.018239977661275605 -0.0023276224925171743 0.013143057818566872 0 0 0.0091510189990673587
leaf_weight=1324 6501 535 6629 2232 56450 1435 197 2203 24795 13847 3595 105 1567 4170 14572 1566 2153 170 773 844 123 401 65397 5570 473 26940 310 615 9057 1373
leaf_count=1324 6501 535 6629 2232 56450 1435 197 2203 24795 13847 3595 105 1567 4170 14572 1566 2153 170 773 844 123 401 65397 5570 473 26940 310 615 9057 1373
internal_value=6.54572e-06 0.00346028 -6.18271e-05 0.0010935 0.000385223 0.00237649 -0.000596184 0.0002255 3.8979e-05 -0.000683044 0.000674934 0.00193732 0.00458769 0.000456852 0.000198035 -0.0021514 0.0028591 0.00886375 0.0126778 -0.00244654 0.00103999 0.00139532 -0.000624312 0.000982954 0.0147435 -0.000817015 -0.0015763 0.00454979 -0.00174448 0.00564355
internal_weight=255922 5034 250888 3556 136301 9961 114587 126340 114103 53214 60889 12237 4298 7939 28419 3769 3720 1478 943 4439 7153 7030 114390 12071 578 102319 36922 925 35997 2808
internal_count=255922 5034 250888 3556 136301 9961 114587 126340 114103 53214 60889 12237 4298 7939 28419 3769 3720 1478 943 4439 7153 7030 114390 12071 578 102319 36922 925 35997 2808
is_linear=0
shrinkage=0.03


Tree=13
num_leaves=31
num_cat=0
split_feature=16 30 120 25 45 1 16 116 35 12 60 36 140 23 27 86 35 115 46 38 43 73 77 15 27 87 80 17 39 159
split_gain=84.9227 54.5214 65.6323 73.4018 75.3963 71.2542 61.7975 54.406 50.5404 48.7432 46.2291 43.3268 77.0357 48.0926 42.9759 47.8844 60.0362 46.2058 45.1329 41.5573 60.1221 57.3614 46.6669 44.2458 40.4373 40.1291 38.8498 37.796 35.6519 34.7758
threshold=1.2241054177284243 -0.00042249893886037165 0.25775530934333807 0.043483210727572448 1.109251141548157 0.029605302959680561 0.93407893180847179 0.52768889069557201 0.2033253759145737 0.98555809259414684 0.90218123793602001 0.80502268671989452 0.76397109031677257 0.017142243683338169 0.090783946216106429 -0.58333334326744068 0.80064710974693309 0.2631575614213944 1.0223798155784609 -0.0084622311405837519 1.0353873968124392 0.30000000447034841 0.091666668653488173 0.8774162530899049 0.11031240597367288 0.37500000000000006 0.27500000596046453 0.70159921050071727 0.02322437055408955 0.0010917544714175167
decision_type=10 8 8 10 10 10 8 10 10 10 10 10 10 10 10 2 10 8 10 8 10 10 2 8 10 2 2 10 10 10
left_child=1 6 9 19 5 24 8 -7 -1 10 26 -2 -13 -14 17 16 -16 -8 -19 20 -4 -22 23 -21 -5 -20 -3 -17 29 -10
right_child=11 2 3 4 -6 7 14 -9 28 -11 -12 12 13 -15 15 27 -18 18 25 22 21 -23 -24 -25 -26 -27 -28 -29 -30 -31
leaf_value=-0.0010797314108331501 0.0011660695171689999 -0.01297051834484509 0.00064510288657593489 0.0017773251404912106 -0.0036256011727614818 0.012661333178989627 0.0014508316861907579 0.0046231632201990574 -0.011759188325131363 -0.0010270781993205694 0.0035665206682026027 -0.0041693505238971276 -0.0010888319251890985 0.012981872036172399 0.0071774231748913319 0.0078066476638929743 -0.0027742920395297304 0.0032025245843275724 -0.001110748692495988 0.010637675695894376 0.0025839971354010183 -0.0051014548607592747 0.00094801954035702142 -0.00074070662828872882 -0.0093821691011320447 0.00034845026570511664 0.00086477719189133491 -0.0027595988258932087 -0.01869105760543607 -0.00051437955724574307
leaf_weight=1803 1930 819 6401 3739 1295 1003 9954 4305 482 10477 231 345 213 1283 2261 337 655 2572 76463 289 1018 4429 75929 23081 292 21419 180 1840 280 611
leaf_count=1803 1930 819 6401 3739 1295 1003 9954 4305 482 10477 231 345 213 1283 2261 337 655 2572 76463 289 1018 4429 75929 23081 292 21419 180 1840 280 611
internal_value=5.74148e-05 -8.39874e-06 0.000406295 0.000614436 0.00299735 0.00395357 -0.000477363 0.00624019 -0.00460055 -0.00173065 -0.00737129 0.0045143 0.00781293 0.0107927 -0.000360612 0.00231824 0.00483619 -0.000487299 -0.000682585 0.000383253 -0.00128682 -0.00360603 0.00058576 -0.000578197 0.000852562 -0.00078837 -0.0102152 -0.000931216 -0.00892678 -0.00586495
internal_weight=255936 252165 133488 121781 10634 9339 118677 5308 3176 11707 1230 3771 1841 1496 115501 5093 2916 110408 100454 111147 11848 5447 99299 23370 4031 97882 999 2177 1373 1093
internal_count=255936 252165 133488 121781 10634 9339 118677 5308 3176 11707 1230 3771 1841 1496 115501 5093 2916 110408 100454 111147 11848 5447 99299 23370 4031 97882 999 2177 1373 1093
is_linear=0
shrinkage=0.03


Tree=14
num_leaves=31
num_cat=0
split_feature=158 1 117 121 46 32 53 120 57 12 39 40 108 34 26 31 61 82 32 140 138 46 51 15 17 29 38 60 103 76
split_gain=70.8808 116.313 77.9989 71.1384 70.9142 68.7401 59.0496 54.8461 60.8433 52.699 49.7672 49.74 48.6798 48.4765 58.0928 53.8269 60.6194 48.0483 47.0212 46.9142 46.6539 44.8235 44.3446 43.8946 43.6456 42.5909 41.8209 41.7699 38.8256 38.007
threshold=-0.053267942741513245 0.054196750745177276 0.39635264873504644 0.77847129106521618 1.0746666789054873 -0.0047129248268902293 0.99365082383155834 0.25775530934333807 0.92110148072242748 0.98555809259414684 -0.0061839870177209369 -0.030112487263977524 -1.0000000180025095e-35 0.24019274115562442 0.030106802470982078 -0.0051475702784955493 1.0268262028694155 0.80833333730697643 0.0035351093392819171 1.2942822575569155 0.59705588221549999 1.0105946660041811 0.99628946185112011 1.1643151044845583 1.3304553627967837 0.0056406238581985244 -0.018891852349042889 0.89943584799766552 0.77500000596046459 0.15000000596046451
decision_type=8 10 10 10 8 8 8 8 10 10 10 10 2 8 10 8 8 2 10 10 10 10 10 10 8 10 10 10 2 2
left_child=1 2 3 10 7 17 12 9 20 27 22 -10 -7 15 18 29 -17 -6 -15 -16 -9 25 -1 -4 -3 -13 -22 -2 -24 -8
right_child=4 24 23 -5 5 6 13 8 11 -11 -12 21 -14 14 19 16 -18 -19 -20 -21 26 -23 28 -25 -26 -27 -28 -29 -30 -31
leaf_value=-0.01122060031847363 -0.01028868370948407 0.0051234036782687453 0.0013235264287589153 0.010095196008951738 -0.00019894036783770034 0.0012841188857936974 0.0073052235365732203 -0.003479669311031012 0.0027933738669440036 -0.00094587707303385861 7.5401857042456161e-05 0.0023859515442261362 -0.0057137736803830746 -0.00020892310848523394 -0.0025472910884894238 0.00024629363689290969 -0.0067071258087261273 0.0048089217331798483 0.013853248344740778 0.00057167319677771942 -0.008694592409906542 1.1557973370655981e-05 0.0078008377092814822 0.0082738093047185924 0.016734854043623265 -0.00080159084586183156 0.0082997396863126269 0.0022296344001506113 -0.0061837876257514694 0
leaf_weight=941 996 790 2120 373 3517 1062 1574 403 7220 10355 1779 14574 3954 21222 28187 18823 1178 3167 196 4944 107 117321 251 1468 607 4909 1862 258 478 997
leaf_count=941 996 790 2120 373 3517 1062 1574 403 7220 10355 1779 14574 3954 21222 28187 18823 1178 3167 196 4944 107 117321 251 1468 607 4909 1862 258 478 997
internal_value=1.63914e-06 0.00264428 0.00108995 -0.00183379 -9.16442e-05 -0.00077069 -0.00101137 0.000288226 0.000447313 -0.00168948 -0.00326113 0.000366206 -0.00417338 -0.000800795 -0.0012857 0.000357879 -0.000154549 0.00213639 -5.34398e-05 -0.00207275 0.00520234 0.000235527 -0.00695177 0.00428043 0.0105453 0.00156743 0.00714726 -0.0074831 -0.000888517 0.0044305
internal_weight=255633 8807 7410 3822 246826 88821 82137 158005 146396 11609 3449 144024 5016 77121 54549 22572 20001 6684 21418 33131 2372 136804 1670 3588 1397 19483 1969 1254 729 2571
internal_count=255633 8807 7410 3822 246826 88821 82137 158005 146396 11609 3449 144024 5016 77121 54549 22572 20001 6684 21418 33131 2372 136804 1670 3588 1397 19483 1969 1254 729 2571
is_linear=0
shrinkage=0.03


Tree=15
num_leaves=31
num_cat=0
split_feature=16 26 86 55 14 3 0 117 15 33 13 33 30 24 82 161 27 85 110 23 1 138 146 48 38 27 140 36 23 33
split_gain=88.8224 59.0232 54.7516 67.3597 76.3838 61.1841 69.9478 55.0859 45.0478 44.9696 43.3703 39.8811 43.1111 38.2593 49.1584 43.6502 37.9955 36.8785 49.2906 36.7409 36.4377 41.7385 35.9843 34.124 33.8863 30.5674 29.8683 41.6034 35.1121 28.9358
threshold=1.2241054177284243 0.021455070935189727 0.81666666269302379 0.93584609031677257 0.87522506713867199 0.017476509325206283 0.021674914285540584 0.42245991528034216 0.82436946034431469 0.26314339041709905 0.98320415616035473 0.97388815879821788 -0.0070404950529336921 0.051859490573406226 0.52500000596046459 0.51166263222694408 0.093774378299713149 0.47499999403953558 0.29705883562564855 0.021280063316226009 0.035042800009250648 0.86527323722839367 0.56200462579727184 0.95422077178955089 -0.0071703025605529538 0.044389192014932639 0.76397109031677257 0.79527312517166149 0.017023563385009769 0.9556822180747987
decision_type=10 10 2 10 8 10 10 10 10 8 8 10 10 10 2 10 10 2 2 10 10 8 10 8 10 10 10 10 10 10
left_child=1 20 3 24 7 13 17 -5 -9 16 -11 12 26 14 19 -16 -6 -7 -19 -4 23 -22 -15 -1 -3 -23 -2 -28 -29 -26
right_child=11 2 5 4 9 6 -8 8 -10 10 -12 -13 -14 22 15 -17 -18 18 -20 -21 21 25 -24 -25 29 -27 27 28 -30 -31
leaf_value=0.0034626408012756646 -4.3893680369844761e-05 0.0012608137351120463 0.00073577285398451449 -0.0076713236232638059 -0.0015833538712853572 -0.0025683143543765732 -0.010651772093027829 -0.00064554968341489253 0.013047684053228044 -0.0011362367253873323 0.0001502723054379444 -0.011086705041075633 9.9423568941139955e-05 -0.00068419929789379245 -0.0086849518014620684 0 0.0020734826642307461 0.018075497985991614 0.0032890768254432699 0.0044540260958332569 -0.0087144793912308643 0.0018982705783164508 -0.016739652989071273 0.00056482466814372178 -0.014038333427887146 -0.0085550190333668497 0.0029819284814269899 0 0.013899381120146876 0.00039546705231070518
leaf_weight=3893 344 188 9114 161 43169 132 135 237 792 33917 76348 112 1165 430 774 1408 2632 563 415 3370 764 1237 189 71415 617 294 868 159 1143 105
leaf_count=3893 344 188 9114 161 43169 132 135 237 792 33917 76348 112 1165 430 774 1408 2632 563 415 3370 764 1237 189 71415 617 294 868 159 1143 105
internal_value=-1.45504e-05 -8.43755e-05 -0.000391234 -0.000564269 -0.000514565 0.001245 0.00761056 0.00697546 0.00965568 -0.000574485 -0.000242866 0.00452979 0.00514368 0.000697637 0.00102709 -0.00305899 -0.00136585 0.0102464 0.0122934 0.00176901 0.000602467 -0.00308091 -0.00642641 0.000719488 -0.0086352 -9.66212e-08 0.0073436 0.00864139 0.0120852 -0.0115808
internal_weight=256090 252299 174696 158166 157256 16530 1245 1190 1029 156066 110265 3791 3679 15285 14666 2182 45801 1110 978 12484 77603 2295 619 75308 910 1531 2514 2170 1302 722
internal_count=256090 252299 174696 158166 157256 16530 1245 1190 1029 156066 110265 3791 3679 15285 14666 2182 45801 1110 978 12484 77603 2295 619 75308 910 1531 2514 2170 1302 722
is_linear=0
shrinkage=0.03


Tree=16
num_leaves=31
num_cat=0
split_feature=158 1 13 17 29 57 31 69 34 54 4 40 18 51 69 31 46 82 39 69 82 127 22 129 52 80 86 162 90 42
split_gain=71.9085 110.703 67.321 67.2654 58.5368 113.547 62.2538 60.3433 51.0578 48.9534 64.2666 48.2829 79.1523 50.9673 55.9251 48.393 43.2 49.7305 45.2477 61.4906 42.2608 39.6446 39.2949 45.7859 50.2322 42.0041 38.7002 53.7768 38.677 38.3053
threshold=-0.053267942741513245 0.054196750745177276 0.93668043613433849 1.1547691226005556 -0.0034824968315660949 1.1682889461517336 -0.0021522138267755504 0.24999858438968661 0.93863701820373546 0.98871999979019176 0.33333767950534826 -0.030112487263977524 1.0247294902801516 0.89779508113861095 0.20481916517019275 0.0034425249323248868 1.0665571093559267 0.92500001192092907 0.034441141411662109 0.59615305066108715 0.17500000447034839 -0.27372771501541132 1.0045045018196108 0.71376514434814464 0.83854645490646373 0.87500000000000011 -0.55000001192092884 -0.92903897166252125 0.18232198059558871 -0.072000797837972627
decision_type=8 10 10 10 8 10 8 10 10 10 10 8 10 10 10 10 10 2 10 10 2 10 10 10 10 2 2 10 10 10
left_child=1 2 -1 28 7 6 22 20 -5 10 -7 13 15 14 -8 -13 -9 -18 -19 -20 29 -3 25 -24 -25 -6 27 -11 -4 -2
right_child=4 21 3 8 5 9 11 16 -10 26 -12 12 -14 -15 -16 -17 17 18 19 -21 -22 -23 23 24 -26 -27 -28 -29 -30 -31
leaf_value=0.019629675681574334 0.0042489119961492258 0.015974670087221549 0.0022211673565495117 -0.002946604465344645 -0.0057257608115406653 0.0027437196471869268 0.010331943040592125 0 0.01042573736578946 0.010396523293763624 -0.014563146434352449 0.00044703854429190947 -0.0064243782389401651 -0.00021749793338208669 0.0025338357437733158 -0.0010287283410731016 -0.00465380174579788 -0.0022325967111475843 0.010056662227125689 -0.0042150503106614841 -0.00082673632161193273 0.0048563537771522452 -0.0050737089370378437 0.0066524294653978709 -0.00076440490165012077 0.0074303921671172064 0.0019110914817849949 0.0017457025693717642 0.011262896022904629 0.00013675593324453128
leaf_weight=154 3038 644 2798 3665 2615 608 1138 5554 249 1996 250 119397 1621 3422 3615 23922 8343 5272 665 400 28058 743 2151 825 24099 202 2086 1101 525 6610
leaf_count=154 3038 644 2798 3665 2615 608 1138 5554 249 1996 250 119397 1621 3422 3615 23922 8343 5272 665 400 28058 743 2151 825 24099 202 2086 1101 525 6610
internal_value=-1.85873e-05 0.00264514 0.00112797 0.000639908 -0.000114678 0.000139642 4.20596e-06 -0.000949417 -0.00197095 0.00417952 -0.00217425 0.000250355 0.000121494 0.00249253 0.00449924 0.00019851 -0.0022719 -0.00312355 -0.00105339 0.00444101 -0.000230961 0.0103856 -0.00124593 -0.000879513 -0.000501739 -0.00463089 0.00529331 0.00744829 0.00379824 0.00146875
internal_weight=255766 8778 7391 7237 246988 189048 183007 57940 3914 6041 858 153115 144940 8175 4753 143319 20234 14680 6337 1065 37706 1387 29892 27075 24924 2817 5183 3097 3323 9648
internal_count=255766 8778 7391 7237 246988 189048 183007 57940 3914 6041 858 153115 144940 8175 4753 143319 20234 14680 6337 1065 37706 1387 29892 27075 24924 2817 5183 3097 3323 9648
is_linear=0
shrinkage=0.03


Tree=17
num_leaves=31
num_cat=0
split_feature=16 74 16 27 113 36 120 1 38 161 13 15 86 40 38 1 10 42 23 4 26 87 87 114 42 85 60 38 16 34
split_gain=71.9007 55.6585 68.3957 57.3387 44.0973 43.068 45.2943 65.8182 41.6417 39.6126 39.3141 43.2731 52.0779 56.5943 41.0357 39.2772 38.3219 34.6483 73.3752 46.4535 42.3298 36.1178 49.5511 33.4273 32.3506 49.0378 36.173 29.0081 28.885 28.341
threshold=1.2241054177284243 0.25000000745058065 1.178813695907593 0.059204943478107459 0.069766920059919371 0.80819529294967662 0.70212742686271679 0.065656580030918135 -0.0022552211303263898 0.843866527080536 1.1045160889625552 1.1387530565261843 -0.65000000596046437 -0.031425721943378442 -0.0044380822218954554 0.011813357938081028 1.0119460821151736 -0.074287988245487199 0.0083329798653721827 0.39999522268772131 0.030106802470982078 -0.74166667461395253 -0.90833333134651173 0.23235883563756946 0.069263156503438963 0.32500000298023229 0.95077970623970043 -0.0017937274533323941 0.98296350240707409 0.50201740860939037
decision_type=10 2 10 10 10 10 10 10 10 10 10 10 2 8 10 10 10 10 8 10 10 2 2 10 10 2 10 8 8 8
left_child=1 15 10 -4 -5 9 8 -8 -7 -2 11 12 16 -14 -13 27 -3 18 -17 29 21 22 -19 -21 26 -26 -22 -1 -12 -20
right_child=5 2 3 4 -6 6 7 -9 -10 -11 28 14 13 -15 -16 17 -18 20 19 23 24 -23 -24 -25 25 -27 -28 -29 -30 -31
leaf_value=0.0026281111143727719 -0.0014268746426105449 -0.00026924612944609512 -0.0075218021139502522 0.019252420605217903 0.0053687154253311909 0.021828863559207004 0 0.017259955997082604 0.0051501941268307788 0.0083196213271882272 -0.01479578837127625 0.012476797484580851 0.0025358049077690414 0.00022275304417922073 0.0011728946307897345 0.017593275080630674 -0.0030952486984926093 -0.0014687208061947463 -0.0027476132211472137 0 -0.0065225240519285899 -0.00087847374323973598 0.0046365487819749083 -0.0092406973262221803 -0.0034924169954137136 0.016551081296123031 -0.0018831677849025256 -0.00014812567075077787 -0.0019416344580351417 0.0027655981366109233
leaf_weight=4696 1488 12823 205 271 1278 308 936 224 360 470 238 481 10281 133731 859 212 6711 2031 967 855 1652 27048 2686 648 179 190 27698 11397 610 4402
leaf_count=4696 1488 12823 205 271 1278 308 936 224 360 470 238 481 10281 133731 859 212 6711 2031 967 855 1652 27048 2686 648 179 190 27698 11397 610 4402
internal_value=1.20985e-05 -4.84968e-05 0.000267108 0.00613227 0.00820334 0.00410564 0.00741406 0.00337648 0.0136874 0.00082148 0.000202493 0.000237739 0.000191499 0.000390294 0.00557489 -0.000676327 -0.00125765 -0.000991064 0.000970137 0.000364221 -0.00122215 -0.000448148 0.00194937 -0.00420707 -0.00203849 0.00637721 -0.00215878 0.000645629 -0.0061527 0.00171044
internal_weight=255935 252149 167488 1754 1549 3786 1828 1160 668 1958 165734 164886 163546 144012 1340 84661 19534 68568 7084 6872 61484 31765 4717 1503 29719 369 29350 16093 848 5369
internal_count=255935 252149 167488 1754 1549 3786 1828 1160 668 1958 165734 164886 163546 144012 1340 84661 19534 68568 7084 6872 61484 31765 4717 1503 29719 369 29350 16093 848 5369
is_linear=0
shrinkage=0.03


Tree=18
num_leaves=31
num_cat=0
split_feature=16 25 86 40 32 36 49 18 3 19 46 161 140 24 24 51 161 37 79 23 37 50 48 36 74 5 33 10 41 110
split_gain=74.8843 59.0191 44.2908 43.5835 51.7029 42.1049 45.0771 68.6672 80.177 49.9075 54.4022 41.8265 41.6149 37.6665 40.3296 102.263 37.1984 34.2258 33.8264 32.0511 31.8198 31.143 41.7397 35.6672 29.1337 28.6437 24.502 24.2551 27.3498 23.1792
threshold=1.2241054177284243 0.012333759106695654 0.88333332538604747 -0.040941298007965081 0.0052418881095945844 0.91485786437988292 0.83075928688049328 0.95518580079078685 0.0086805764585733431 0.95008617639541637 1.0039488077163699 0.73595571517944347 0.76397109031677257 0.066503837704658522 0.018543766811490062 0.77130362391471874 0.22786572575569156 0.65275800228118908 0.25000000745058065 0.016096462495625023 0.3986284881830216 0.97746780514717113 0.98643144965171825 0.80819529294967662 0.25000000745058065 0.00684408680535853 0.61917477846145641 1.018746614456177 -0.012574253603816031 -0.30384616553783411
decision_type=10 10 2 10 10 10 10 10 10 10 10 10 10 10 10 10 10 10 2 10 10 10 10 10 2 10 10 8 10 2
left_child=1 17 5 4 -4 6 7 25 -9 16 -11 21 29 14 15 -5 -8 27 -16 -14 -7 23 -23 -2 -22 -3 -24 -1 -29 -13
right_child=11 2 3 13 -6 20 9 8 -10 10 -12 12 19 -15 18 -17 -18 -19 -20 -21 24 22 26 -25 -26 -27 -28 28 -30 -31
leaf_value=0.00076434155166091105 0.00047181999776512384 -0.01281284240233462 0 -0.027478001965284344 0.025905419273880022 -0.0010990809174484808 1.8534069205839778e-05 0.016995859159325933 0 0.0025162700411785416 -0.00045864586182126348 -0.0089656147759695371 -0.0033398913048063466 -0.013747730638521412 0.0013331059171957683 2.4307597848783774e-05 -0.0053944596621811744 0.0028341500993310969 0.0061855466183941025 0.010544455993793226 0.00096924509153716487 -0.017337938279336825 -0.011945822661451529 0.012718238561701763 0.0077180232048359399 0.0011381780349381141 0.003397030159547506 0 -0.0093102749717055011 0.0060780766045070243
leaf_weight=21922 935 185 142 105 125 1163 1623 533 439 5647 195414 184 122 124 3946 3818 3124 8025 2093 1472 1203 145 100 283 1348 275 407 639 444 131
leaf_count=21922 935 185 142 105 125 1163 1623 533 439 5647 195414 184 122 124 3946 3818 3124 8025 2093 1472 1203 145 100 283 1348 275 407 639 444 131
internal_value=-1.81453e-05 -8.22447e-05 -0.00025518 0.00165366 0.0133011 -0.00035043 -0.000408545 0.00484162 0.00939607 -0.000447 -0.000373358 0.00416093 0.00728194 0.00128993 0.00153433 -0.000771356 -0.00348851 0.00114084 0.00307925 0.0092677 0.00279685 0.000772745 -0.00423174 0.00371907 0.00468442 -0.00414765 0 0.000535173 -0.00376139 -0.00182447
internal_weight=256116 252337 221307 10353 267 210954 207240 1432 972 205808 201061 3779 1909 10086 9962 3923 4747 31030 6039 1594 3714 1870 652 1218 2551 460 507 23005 1083 315
internal_count=256116 252337 221307 10353 267 210954 207240 1432 972 205808 201061 3779 1909 10086 9962 3923 4747 31030 6039 1594 3714 1870 652 1218 2551 460 507 23005 1083 315
is_linear=0
shrinkage=0.03


Tree=19
num_leaves=31
num_cat=0
split_feature=16 26 33 19 35 50 12 112 79 13 41 27 86 35 159 119 86 84 36 38 36 140 14 8 3 160 114 1 10 38
split_gain=67.1238 46.4914 51.3184 51.5852 47.2113 44.2637 110 60.4046 51.1664 42.172 49.6194 42.0311 43.6811 47.9772 42.9618 43.7361 45.3133 40.8866 37.7834 37.3362 36.36 55.0667 36.1097 38.7813 34.4618 33.4206 36.3224 33.4115 32.4729 32.3769
threshold=1.2241054177284243 0.021585190668702129 0.26314339041709905 0.91597163677215587 0.1277655363082886 0.88222444057464611 1.0074490904808047 -0.073622401803731904 0.15000000223517421 0.9854014813899995 0.0046180568169802436 0.093774378299713149 -0.58333334326744068 0.82275840640068065 -0.0040512538980692616 0.51612916588783275 -0.050000002607703202 -0.15000000223517415 0.79527312517166149 0.0031778560951352124 0.80502268671989452 0.74105113744735729 0.88468468189239513 0.73912811279296886 0.0070298316422849902 0.0017317578312940898 0.61224520206451427 0.050750784575939185 1.0347490906715395 -0.0023240277078002687
decision_type=10 10 8 10 10 10 10 2 2 8 10 10 2 10 10 10 2 2 10 10 10 10 8 10 10 10 10 10 10 10
left_child=1 17 11 4 -4 6 8 -8 -5 19 -11 14 13 27 15 16 -3 -1 -6 -7 -2 -22 23 -16 -24 -14 -27 -13 -19 -23
right_child=20 2 3 5 18 9 7 -9 -10 10 -12 12 25 -15 22 -17 -18 28 -20 -21 21 29 24 -25 -26 26 -28 -29 -30 -31
leaf_value=-0.00012684239520539508 0.00095960049698678009 0.0007581786919901197 0.0092528612430878843 0.0025158013469760748 -0.013087840462405303 -0.00045334896848314162 0.016748724260638389 0.0044876113952900479 -0.0007818276011346783 -0.00015206556969443478 0.0017893234623561614 0.016304928344454926 -0.0032330597476949068 -0.0034725979610811921 0.014672437047466763 -0.00051463959754742008 -0.017241538089850256 0.0013120195574500809 0.00018686523259585274 -0.0028777232799861363 -0.0043290519473086668 0.013998375323252592 -0.00077480384292568597 -0.0043159348914543023 -0.0027148181808784545 0.0093835950165085565 -0.00048440539858551977 0 -0.0082991126887994402 0.0044669069849788134
leaf_weight=37310 1976 128 109 7367 628 22423 536 1432 9718 58689 14766 451 1245 184 242 561 445 41363 212 7860 278 735 33797 110 11246 541 701 122 291 827
leaf_count=37310 1976 128 109 7367 628 22423 536 1432 9718 58689 14766 451 1245 184 242 561 445 41363 212 7860 278 735 33797 110 11246 541 701 122 291 827
internal_value=4.37384e-05 -1.49183e-05 -0.0002907 3.42073e-05 -0.0068565 9.10133e-05 0.00142081 0.00811283 0.00062384 -0.000150559 0.000234492 -0.00110416 0.00215322 0.00836936 -0.00133854 -0.00710928 -0.0128248 0.000587198 -0.00946229 -0.00109398 0.00398268 0.00702268 -0.00118471 0.0080191 -0.00126682 8.97965e-05 0.00365685 0.0126668 0.00123373 0.00926185
internal_weight=256293 252477 173513 123740 949 122791 19053 1968 17085 103738 73455 49773 3244 757 46529 1134 573 78964 840 30283 3816 1840 45395 352 45043 2487 1242 573 41654 1562
internal_count=256293 252477 173513 123740 949 122791 19053 1968 17085 103738 73455 49773 3244 757 46529 1134 573 78964 840 30283 3816 1840 45395 352 45043 2487 1242 573 41654 1562
is_linear=0
shrinkage=0.03


Tree=20
num_leaves=31
num_cat=0
split_feature=16 25 74 57 102 33 86 114 29 120 34 55 10 15 2 49 88 161 49 38 33 36 98 36 86 9 82 36 42 10
split_gain=67.6888 58.6072 47.3117 80.4248 41.0012 50.9249 38.1208 37.9527 37.3634 36.7762 34.2202 33.9753 33.435 56.7961 31.9383 37.7979 31.8119 30.7559 29.8386 45.1151 55.2169 47.0031 36.0083 35.448 32.5092 29.3185 31.126 29.1415 28.5341 27.9326
threshold=1.2241054177284243 0.012333759106695654 0.25000000745058065 1.1682889461517336 0.54631218314170849 0.31925892829895025 -0.58333334326744068 0.17948711663484576 -0.0095348465256392938 0.22070522606372836 0.88182419538497936 0.94833111763000499 1.0194280147552492 1.1387530565261843 -0.10526569932699202 0.96213227510452282 0.77569398283958446 1.2571638226509096 0.96770977973937999 -0.00010637249215506016 0.62300246953964245 0.77603843808174144 0.36666667461395269 0.81126564741134655 -0.88333332538604725 1.0061239004135134 0.058333335444331176 0.64863231778144848 -0.026731490157544609 1.0191977620124819
decision_type=10 10 2 10 2 10 2 10 10 10 10 10 10 10 10 8 10 10 10 10 10 10 2 10 2 10 2 10 10 10
left_child=1 29 7 4 8 16 14 25 -4 -7 18 -10 -9 17 -5 -16 -6 -14 23 20 21 -20 -22 -2 -25 26 -3 -12 -28 -1
right_child=10 2 3 6 5 9 -8 12 11 -11 27 -13 13 -15 15 -17 -18 -19 19 -21 22 -23 -24 24 -26 -27 28 -29 -30 -31
leaf_value=0.001298110727721586 0.0014475964104513758 0.0064115139167851718 -0.0050657890874321182 0.008180566368356644 -0.0015462447945437565 -0.0015585181278432614 0.00061310522227535661 -0.00088386687546103469 -0.0040984199463714377 0.0021658046181174347 0 -0.00023662302335545861 -0.0022322678762266715 -0.0090269294267595526 0.0050422675846582997 -0.0045841546631559277 0.0048691736709135409 0.0091011718455964417 0.0044642049320948547 -0.0073029681974986771 0.0030386490907723463 -0.015418848193535652 0.018745688180726725 0 0.014217971560014 0.0021956922613359832 -0.0033986103109352132 0.01522354039808058 0.0015291525903164769 -0.0033241493324627247
leaf_weight=29977 1015 439 1501 1846 8330 2632 2851 55278 2084 18340 105 106050 7544 1181 1220 475 722 193 167 526 526 194 197 167 523 5823 3043 376 1503 1172
leaf_count=29977 1015 439 1501 1846 8330 2632 2851 55278 2084 18340 105 106050 7544 1181 1220 475 722 193 167 526 526 194 197 167 523 5823 3043 376 1503 1172
internal_value=-4.22503e-05 -0.000103404 -0.000276187 3.63826e-05 -0.000112357 0.000866488 0.00332321 -0.000888682 -0.000383263 0.00168307 0.0039214 -0.000314567 -0.00116737 -0.00288517 0.00540528 0.00214767 -0.000991867 -0.00188814 0.0026787 -7.68902e-05 0.00322653 -0.00568196 0.0081116 0.00542539 0.0106486 0.000738019 -0.000906725 0.0114383 -0.00170413 0.00111255
internal_weight=256000 252204 221055 146051 139659 30024 6392 75004 109635 20972 3796 108134 64196 8918 3541 1695 9052 7737 3315 1610 1084 361 723 1705 690 10808 4985 481 4546 31149
internal_count=256000 252204 221055 146051 139659 30024 6392 75004 109635 20972 3796 108134 64196 8918 3541 1695 9052 7737 3315 1610 1084 361 723 1705 690 10808 4985 481 4546 31149
is_linear=0
shrinkage=0.03


Tree=21
num_leaves=31
num_cat=0
split_feature=16 46 120 25 26 37 28 43 23 158 74 37 162 22 54 76 15 13 15 6 9 77 45 52 61 22 109 28 114 30
split_gain=54.3554 53.993 44.7817 59.7388 50.3924 47.1805 64.3231 46.064 61.54 38.0159 54.518 53.4836 68.7631 62.5626 61.9509 55.0822 44.7064 42.4544 69.8355 39.1003 36.4823 36.3929 38.7502 40.5382 37.06 35.9982 35.5089 34.028 31.2367 30.8399
threshold=1.2241054177284243 1.0578616261482241 0.25775530934333807 0.042165674269199378 0.073785979300737395 0.74730727076530468 0.0053268345072865495 1.0020954608917239 0.029450981877744201 -0.053267942741513245 0.35000000894069677 0.65275800228118908 -0.76783367991447438 1.0978227853775027 0.99267515540122997 0.91666665673255932 1.0822808742523196 1.1167117953300478 1.0317613482475283 0.060973888263106353 0.96317166090011608 0.091666668653488173 1.0255634188652041 0.82681778073310863 0.97703951597213756 1.1317713856697085 0.18333333730697635 0.021143027581274513 0.25714264810085302 -0.0061254054307937613
decision_type=10 8 8 10 10 10 10 10 10 8 2 10 10 8 10 2 10 8 8 8 10 2 10 10 10 10 2 10 10 10
left_child=1 2 20 21 7 6 -6 -5 -9 10 25 14 13 15 -11 -13 27 -16 -19 -15 -1 24 23 -23 26 29 -4 -14 -12 -3
right_child=-2 9 3 4 5 -7 -8 8 -10 11 28 12 16 19 17 -17 -18 18 -20 -21 -22 22 -24 -25 -26 -27 -28 -29 -30 -31
leaf_value=-0.0080302264092495228 0.0035150157088462658 0.0054893452210514424 -0.0029774480769928246 0.010971964743070184 0.0029391570674932054 0.0019610793596447642 0.028434576092925119 0.002643821933577675 -0.0063095850443608964 -0.0050857179589075055 0 0.00058791433239312998 2.6045426726827916e-06 -0.0011525726567461706 -0.00085807679931161694 0.015714408149628118 -0.0033000610959018233 -0.028868132316246627 -0.00341772786505364 0.0075679347406710012 -0.00096970358526141673 -0.00068350414980788607 -2.925974561450136e-05 0.0016718261699802985 0.00063517062016942125 -0.0021295643907700045 -7.6970272898677875e-05 -0.015951338816772805 0.010584434552560595 -0.00047677472671855937
leaf_weight=702 3814 1578 7886 485 203 410 208 4917 770 3418 383 15395 15409 508 72178 202 5352 105 671 2175 10751 7778 38806 37160 12119 2680 7736 101 825 1353
leaf_count=702 3814 1578 7886 485 203 410 208 4917 770 3418 383 15395 15409 508 72178 202 5352 105 671 2175 10751 7778 38806 37160 12119 2680 7736 101 825 1353
internal_value=-2.83921e-05 -8.34288e-05 0.000341007 0.000516099 0.00320699 0.0102043 0.0172587 0.00219781 0.00136113 -0.00053666 0.00162419 -0.000667075 0.000228193 0.00157674 -0.00112978 0.000822904 -0.000939462 -0.000938986 -0.00787709 0.00580949 -0.00144186 0.000344076 0.000657711 0.00125736 -0.000591706 0.000313894 -0.00156225 -0.000102378 0.00736179 0.00264906
internal_weight=256078 252264 129931 118478 6993 821 411 6172 5687 122333 6819 115514 39142 18280 76372 15597 20862 72954 776 2683 11453 111485 83744 44938 27741 5611 15622 15510 1208 2931
internal_count=256078 252264 129931 118478 6993 821 411 6172 5687 122333 6819 115514 39142 18280 76372 15597 20862 72954 776 2683 11453 111485 83744 44938 27741 5611 15622 15510 1208 2931
is_linear=0
shrinkage=0.03


Tree=22
num_leaves=31
num_cat=0
split_feature=16 26 33 14 116 23 37 10 72 78 3 37 29 159 53 1 9 93 16 29 53 1 1 44 11 9 5 58 42 23
split_gain=60.0027 48.125 46.3373 50.9082 69.0975 50.3586 56.1699 49.8863 86.0449 53.7547 71.4031 74.3261 58.5615 49.196 57.7521 41.6724 43.5844 41.5553 40.8651 40.0062 39.4406 38.773 36.6826 35.9842 42.7517 38.677 35.6426 32.3205 31.8114 33.3434
threshold=1.2241054177284243 0.019946628250181678 0.37453159689903265 0.92046567797660839 0.56886228919029247 0.028898719698190693 0.78273561596870433 1.0171203017234804 0.69199159741401683 0.30000000447034841 0.007728738011792303 0.73744836449623119 -0.00043414959509391332 0.01711354032158852 0.9857480823993684 0.036672007292509086 0.99622288346290599 0.23480703681707385 1.1084935665130617 0.014018505811691286 0.97589907050132763 0.013071903493255379 0.033210357651114471 1.0406779646873476 0.98335853219032299 1.0080007910728457 0.031759748235344894 0.99734923243522655 -0.003400894813239574 0.026176295243203643
decision_type=10 10 8 8 10 10 10 10 10 10 10 8 8 10 10 10 10 10 10 10 10 10 10 10 10 10 10 10 8 10
left_child=1 28 3 4 15 6 -6 9 26 10 11 -4 22 14 -10 16 -3 -17 -14 -7 -12 27 -11 25 -25 -23 -9 -5 -1 -30
right_child=-2 2 7 21 5 19 -8 8 13 12 20 -13 18 -15 -16 17 -18 -19 -20 -21 -22 23 -24 24 -26 -27 -28 -29 29 -31
leaf_value=-0.00010274957522609922 0.0037511906770118153 -0.0029722357388808711 -0.0014793280131045266 -0.00096371307304689139 -0.0010006883148609611 0 0.012209832253464066 0.00011614923428200087 -0.0084112226217985149 -0.00018552603908669161 -0.014430593648772519 0.002385542077652666 0.0010949220971353045 0.020778811467263625 0.0045985511130312217 0.0038763736042582947 0.01160989570203291 0.027306094729720648 0.0065857846320983206 -0.024126240421475757 -0.0034606237828044939 -0.0013870119418193999 -0.0034994060989092671 -0.00032711977878103674 -0.0031729784635050988 0.0010287306147135722 0.0097820993954252106 0.0021876349366748431 0.0011486415081977217 0.013202313275902834
leaf_weight=27867 3787 332 18211 6313 1476 115 332 20791 292 33720 315 5880 22377 150 5438 168 326 179 1303 114 6203 22179 3313 7059 16284 7998 331 5334 37367 193
leaf_count=27867 3787 332 18211 6313 1476 115 332 20791 292 33720 315 5880 22377 150 5438 168 326 179 1303 114 6203 22179 3313 7059 16284 7998 331 5334 37367 193
internal_value=1.21121e-05 -4.31896e-05 -0.000289858 -0.000912804 0.00284151 -0.000210385 0.00136807 6.68039e-05 0.00120116 -0.000265506 -0.00129174 -0.000522373 0.000247193 0.00440796 0.00385645 0.00920338 0.00393923 0.0176095 0.00141502 -0.0129863 -0.00407918 -0.00109348 -0.000491814 -0.00143612 -0.00232624 -0.00073656 0.000290923 0.000455079 0.000655354 0.00122555
internal_weight=255747 251960 186533 68209 3042 2037 1808 118324 27002 91322 30609 24091 60713 5880 5730 1005 658 347 23680 229 6518 65167 37033 53520 23343 30177 21122 11647 65427 37560
internal_count=255747 251960 186533 68209 3042 2037 1808 118324 27002 91322 30609 24091 60713 5880 5730 1005 658 347 23680 229 6518 65167 37033 53520 23343 30177 21122 11647 65427 37560
is_linear=0
shrinkage=0.03


Tree=23
num_leaves=31
num_cat=0
split_feature=16 25 86 55 38 14 138 32 42 23 34 139 24 23 26 31 112 38 48 19 18 83 160 140 114 37 140 36 37 48
split_gain=64.851 50.7276 49.3281 68.4856 60.4003 53.4278 59.0233 45.1383 42.4453 73.2062 41.5991 41.5479 40.0853 59.3568 36.8151 35.132 32.5411 30.9185 44.4972 35.5777 33.0812 29.6484 36.5737 30.3764 29.4129 28.4658 25.6602 43.6025 23.3975 22.4596
threshold=1.2241054177284243 0.012333759106695654 0.78333333134651195 0.93584609031677257 -0.0070454454980790606 0.89173579216003429 0.6355138123035432 -0.0017699557938612995 -0.076609600335359559 0.0083329798653721827 0.093478672206401839 1.2067013382911684 0.051859490573406226 0.020884527824819091 0.075452633202075972 0.0061822934076190003 0.077677227556705489 -0.0023240277078002687 0.9204043745994569 1.0105103850364687 1.0466058850288393 0.70000001788139354 0.59898531436920177 1.2092343568801882 0.76623389124870311 0.65667176246643078 0.76397109031677257 0.78529399633407604 0.86737689375877391 0.92436978220939647
decision_type=10 10 2 10 10 8 10 10 10 10 10 10 10 10 10 10 2 10 10 10 10 10 10 10 10 10 10 10 10 10
left_child=1 25 3 4 -3 6 24 16 9 -7 -10 -8 13 14 -9 -15 -4 26 19 -19 -20 23 -23 -14 -5 -1 -2 29 -29 -28
right_child=17 2 7 5 -6 8 11 12 10 -11 -12 -13 21 15 -16 -17 -18 18 20 -21 -22 22 -24 -25 -26 -27 27 28 -30 -31
leaf_value=0.00053475208629814657 -0.0015343124735591118 0.0062167553442549848 -0.0074881186610012236 -0.018052036417939232 -0.013284251110441982 0.017116349026301891 0.0095924372997790563 0.00098811116716184541 0.00044100338349259134 0.001089440582584211 -0.00069936247566582241 0 -0.016952131249573687 0.0025878949802104994 -0.007903858365558656 0.0080314989709016037 0.0041057982544555477 0 0.00057829079549672944 0.017472374182122666 -0.010791360976460395 0.0096724536798715784 -0.0084438518373023581 -0.00033617546983367324 0 0.0026436680578185898 -0.0069078649007473384 0.016504822976977456 0.0026512784063147301 0.0051241959161667161
leaf_weight=23129 236 147 868 108 630 248 1243 15369 35245 9098 150493 570 238 3565 405 1715 238 188 1237 214 253 199 158 225 222 7918 134 558 215 754
leaf_count=23129 236 147 868 108 630 248 1243 15369 35245 9098 150493 570 238 3565 405 1715 238 188 1237 214 253 199 158 225 222 7918 134 558 215 754
internal_value=7.61309e-06 -4.99262e-05 -0.000210622 -0.000364484 -0.00915504 -0.000327407 0.00435063 0.00110123 -0.000380774 0.00158239 -0.000481331 0.00655755 0.00141219 0.00167786 0.000731094 0.00443627 -0.00469818 0.00389385 0.000972447 0.00966457 -0.00127095 -0.00492947 0.000836238 -0.00984682 -0.00659881 0.00108361 0.00661052 0.00795072 0.013194 0.00286599
internal_weight=255820 252031 220984 198004 777 197227 2143 22980 195084 9346 185738 1813 21874 21054 15774 5280 1106 3789 1892 402 1490 820 357 463 330 31047 1897 1661 773 888
internal_count=255820 252031 220984 198004 777 197227 2143 22980 195084 9346 185738 1813 21874 21054 15774 5280 1106 3789 1892 402 1490 820 357 463 330 31047 1897 1661 773 888
is_linear=0
shrinkage=0.03


Tree=24
num_leaves=31
num_cat=0
split_feature=16 46 42 6 13 26 24 19 40 71 16 120 25 34 119 26 12 25 77 61 42 48 45 31 5 102 33 4 34 10
split_gain=57.0602 48.9744 42.5643 69.3744 67.2523 55.2974 42.2118 51.9006 43.7508 61.0252 50.6165 39.667 82.8277 67.7274 58.5058 79.3575 48.6566 50.0796 39.0948 37.0282 35.22 35.6753 34.8409 33.7498 33.341 33.3396 47.9252 39.4332 32.4339 32.2918
threshold=1.2241054177284243 1.0630272030830386 -0.079052612185478197 0.1600005701184273 1.1167117953300478 0.051552798599004752 0.04578893072903157 0.91597163677215587 -0.037367586046457284 0.55769273638725292 0.90960800647735607 0.25775530934333807 0.043913342058658607 0.30460597574710851 0.32026118040084844 0.073785979300737395 0.98555809259414684 0.053325301036238677 0.091666668653488173 0.97703951597213756 0.03004077356308699 0.98289519548416149 1.0255634188652041 0.0057687587104737767 0.0072917272336781034 0.57537877559661876 0.48817612230777746 0.42553055286407476 0.87832194566726696 1.0261715650558474
decision_type=10 10 10 10 10 10 10 10 10 10 8 8 10 10 10 10 10 8 2 8 10 10 10 10 10 2 10 10 10 10
left_child=1 11 3 -3 6 -6 8 -8 9 -4 -10 16 18 20 15 -15 17 24 19 -13 -14 -22 23 -20 -1 27 -27 -5 -2 -16
right_child=28 2 4 25 5 -7 7 -9 10 -11 -12 12 13 14 29 -17 -18 -19 22 -21 21 -23 -24 -25 -26 26 -28 -29 -30 -31
leaf_value=-0.0058127247412195588 0.0024200711447297176 -0.0014507427255160995 -0.00026413228869615339 0.006528924652808442 0 -0.023228347116227215 -0.014384027026137527 0.0035618519270213026 -0.0052606896220973925 0.0055106757825667887 -0.00082748078733723774 -0.0016102889646181216 0.0027025588084498859 0.0023591491932201357 -0.0066308048607330835 0.019685595830721752 -0.00065834222388727072 -0.015757574759256369 0.0012938620469873717 0.00048691789468406583 0.014326000763138386 0 0 -0.0045942396524480678 0.0075956854591412203 -0.01046886770941002 0.0040172232000826339 -0.00073207036106114824 0.010930165071068219 0.0038626180474317356
leaf_weight=642 3313 3844 5602 3193 131 197 127 3121 2390 2262 90711 16410 692 3050 913 248 10234 389 45319 13746 944 177 44908 853 190 311 495 756 482 314
leaf_count=642 3313 3844 5602 3193 131 197 127 3121 2390 2262 90711 16410 692 3050 913 248 10234 389 45319 13746 944 177 44908 853 190 311 495 756 482 314
internal_value=-8.92322e-06 -6.51783e-05 -0.000529563 0.00148594 -0.00069847 -0.0139082 -0.000651355 0.00268462 -0.000762153 0.00136865 -0.000945613 0.000310596 0.000464258 0.00380587 0.00174299 0.00386327 -0.00137241 -0.00700868 0.000286491 -0.000644689 0.00871568 0.0120523 0.000598166 0.00117665 -0.00229217 0.00391896 -0.00132727 0.0050666 0.0036312 -0.00368599
internal_weight=255964 252169 113140 8599 104541 328 104213 3248 100965 7864 93101 139029 127574 6338 4525 3298 11455 1221 121236 30156 1813 1121 91080 46172 832 4755 806 3949 3795 1227
internal_count=255964 252169 113140 8599 104541 328 104213 3248 100965 7864 93101 139029 127574 6338 4525 3298 11455 1221 121236 30156 1813 1121 91080 46172 832 4755 806 3949 3795 1227
is_linear=0
shrinkage=0.03


Tree=25
num_leaves=31
num_cat=0
split_feature=29 161 16 40 18 19 41 71 58 25 1 158 13 29 22 137 43 10 162 33 133 124 17 126 91 27 11 10 70 36
split_gain=61.3696 72.1434 45.9104 44.9188 57.5458 100.09 58.1338 52.2642 45.5972 45.2305 44.0355 43.4985 47.765 42.0035 84.394 47.2644 40.3999 39.0202 37.5117 36.1246 33.1886 33.0084 38.6246 50.2402 32.7783 40.5296 35.7953 29.7535 29.3291 28.7514
threshold=-0.016061522997915741 0.91142806410789501 1.0728828310966494 -0.030734675005078312 1.0247294902801516 1.0401455163955691 0.016265423968434337 0.58064553141593944 0.99971765279769909 0.012333759106695654 0.065656580030918135 -0.053267942741513245 0.93875274062156688 -0.00043414959509391332 1.0978227853775027 0.56349828839302074 1.1196296215057375 1.0224943757057192 -6.1638824939727774 0.47776325047016149 0.47942787408828741 -0.41531820595264429 1.1104115247726443 -0.48936186730861658 0.6494291126728059 0.055464610457420356 0.99658927321434032 1.0189633965492251 0.32307685911655432 0.88282263278961193
decision_type=8 8 10 10 10 10 10 10 10 10 10 8 10 10 10 10 10 10 8 10 10 10 8 10 8 10 10 10 10 10
left_child=1 2 27 7 9 6 19 10 29 -5 16 12 -11 15 -15 -13 18 -14 -2 -6 -3 22 -7 -24 25 -10 -27 -1 -12 -9
right_child=3 20 -4 4 5 21 -8 8 24 11 28 13 17 14 -16 -17 -18 -19 -20 -21 -22 -23 23 -25 -26 26 -28 -29 -30 -31
leaf_value=0.00065517588772319164 0.0044862821619361063 0.013306361293051199 0.0042377232107981217 0.00098595699392946528 -0.013264020028924963 0.0055063691989926155 0.0092083448716837098 -0.0012446194697343365 0.0025930280689356309 0.017635272886040373 0.011776523714238579 -0.001336216586167103 0.003154023444696433 -7.75927796134557e-05 0.0051520715100449883 0.0001960119608033986 -0.0056545633342544822 -0.0051125353642185074 -0.00020586672963099576 -0.0052661343156251679 0.00033565697024346558 0.0059621754378437102 0.0058102536916858245 -0.006325898139748912 0 0.013151980062374854 0.0036283235484028129 -0.010576732346945139 -0.00079154291460155574 0.0099664856764138665
leaf_weight=336 1733 820 1210 30277 713 586 179 1872 1384 170 464 55691 3563 105371 2831 26375 1055 558 11570 2952 288 882 366 1227 879 1138 689 395 187 211
leaf_count=336 1733 820 1210 30277 713 586 179 1872 1384 170 464 55691 3563 105371 2831 26375 1055 558 11570 2952 288 882 366 1227 879 1138 689 395 187 211
internal_value=-1.98999e-07 0.00421539 0.000538653 -5.25334e-05 -0.000174581 -0.00286959 -0.0060924 0.00126748 0.00359072 -9.02319e-05 0.000288495 -0.000259333 0.00271318 -0.000328225 5.73911e-05 -0.000840195 -4.17442e-05 0.00194297 0.000388686 -0.00696702 0.0102666 0.00109351 -0.00077707 -0.0033141 0.00542334 0.00682237 0.00980101 -0.00513462 0.00780326 0
internal_weight=255972 3049 1941 252923 231741 6905 3844 21182 6173 224836 15009 194559 4291 190268 108202 82066 14358 4121 13303 3665 1108 3061 2179 1593 4090 3211 1827 731 651 2083
internal_count=255972 3049 1941 252923 231741 6905 3844 21182 6173 224836 15009 194559 4291 190268 108202 82066 14358 4121 13303 3665 1108 3061 2179 1593 4090 3211 1827 731 651 2083
is_linear=0
shrinkage=0.03


Tree=26
num_leaves=31
num_cat=0
split_feature=61 1 34 13 33 25 40 86 159 46 53 77 49 158 33 78 9 112 13 93 81 90 1 71 5 158 71 141 112 114
split_gain=55.13 74.2367 65.7637 60.0673 53.7806 46.9525 47.6425 49.0878 46.2377 43.8931 58.1555 58.1557 57.1514 42.7656 65.844 46.0995 40.9343 39.2207 37.7737 35.2521 33.0613 30.0501 29.4724 33.578 31.1222 26.3463 29.9911 26.1283 26.0035 25.1355
threshold=1.065192759037018 0.056305507197976119 0.93863701820373546 1.1167117953300478 0.921093910932541 0.012333759106695654 -0.031425721943378442 0.65000000596046459 -0.0054934916552156201 1.0094405412673952 0.97589907050132763 0.95833331346511852 0.83075928688049328 0.086703244596719756 0.93287774920463573 0.30000000447034841 1.0051574110984804 0.063164893537759795 1.0367102026939394 -0.66825294494628895 0.28333334624767309 0.46275697648525244 0.039787808433175094 0.017857106402516369 0.0031725625740364198 0.1298552602529526 0.65476250648498546 1.1123003363609316 -0.13840996474027631 0.25714264810085302
decision_type=10 10 10 10 10 10 8 2 10 10 10 2 10 8 10 10 10 2 10 10 2 10 10 10 10 10 10 10 2 10
left_child=3 2 4 5 22 -1 7 25 -3 13 11 -11 -12 15 -15 -8 21 -10 -18 -6 27 -9 23 29 -25 26 -7 -5 -21 -2
right_child=1 8 -4 20 19 6 9 16 17 10 12 -13 -14 14 -16 -17 18 -19 -20 28 -22 -23 -24 24 -26 -27 -28 -29 -30 -31
leaf_value=0.0010157331046158386 0.0049626589254253206 0.00084310412498345372 0.011572554821978605 -0.023483219465575828 0.001622073599177509 -5.92133436303944e-05 0.00026109628519216122 0.0029705052476049071 0.014916385386313777 -0.0032815885953413619 0.0056902731197839857 -0.018441798895539874 -0.00049654338614062176 -0.0039708505808763042 0.0058809966979747989 0.0035362250411954204 0.009610083066594317 -0.00079845245908565659 0.0025918005200757295 -0.014153426951938865 -0.00011026458385636144 -0.0060154532677568926 -0.002438718275934258 -0.0059128623425858872 0.0039142306597139669 -0.010439441407425329 0.0042203551982177619 -0.0013061926830706635 -0.0021733495513098717 0.022213120210974418
leaf_weight=31002 356 532 440 176 328 10818 9563 905 824 1921 1327 259 177642 2947 731 6740 1394 127 1695 441 226 502 927 351 1146 180 1664 107 371 123
leaf_count=31002 356 532 440 176 328 10818 9563 905 824 1921 1327 259 177642 2947 731 6740 1394 127 1695 441 226 502 927 351 1146 180 1664 107 371 123
internal_value=-2.79051e-05 0.00281558 0.000803162 -9.72376e-05 -0.000346231 -7.45902e-05 -0.000230895 0.0012818 0.00860775 -0.000361545 -0.000509838 -0.00537038 -0.000448363 0.000967056 -0.00191046 0.00163616 0.00397282 0.0125356 0.00589694 -0.00587071 -0.0101999 -6.47157e-05 0.00174591 0.00386411 0.00136475 0.000297858 0.000493147 -0.016728 -0.00922417 0.0107063
internal_weight=255765 5966 4483 249799 4043 249290 218288 17158 1483 201130 181149 2180 178969 19981 3678 16303 4496 951 3089 1140 509 1407 2903 1976 1497 12662 12482 283 812 479
internal_count=255765 5966 4483 249799 4043 249290 218288 17158 1483 201130 181149 2180 178969 19981 3678 16303 4496 951 3089 1140 509 1407 2903 1976 1497 12662 12482 283 812 479
is_linear=0
shrinkage=0.03


Tree=27
num_leaves=31
num_cat=0
split_feature=61 1 33 35 34 42 57 26 73 28 76 1 28 14 42 56 34 38 76 76 34 62 162 117 4 48 52 5 74 117
split_gain=40.9751 55.0907 57.4605 47.4305 46.0116 42.2654 56.5695 57.2319 55.0922 52.9487 50.8691 61.532 59.9538 53.9532 52.6752 46.0388 77.7606 56.0062 41.9527 41.626 37.5039 36.1437 33.2888 31.6044 30.7398 30.6702 65.3898 49.6671 38.8904 36.4865
threshold=1.065192759037018 0.056305507197976119 0.921093910932541 0.61771145462989818 0.87460365891456615 -0.0023926371941342946 1.1682889461517336 0.024608884006738666 0.90000000596046459 -0.0055959783494472495 0.51666668057441723 0.021060832776129249 0.023502833209931854 0.97361755371093761 -0.076609600335359559 0.98941323161125194 0.4157340824604035 -0.0018599709728732703 0.083333335816860213 0.11666667088866235 0.93863701820373546 0.92693692445755016 -1.3686488866806028 0.55477032065391552 0.36363737285137182 0.97324910759925853 0.76421779394149791 0.0038916107732802634 0.75000000000000011 0.62786090373992931
decision_type=10 10 10 10 10 8 10 8 10 8 2 10 10 8 10 8 10 10 2 2 10 10 10 10 10 10 10 10 2 10
left_child=5 2 20 -3 -4 10 7 -7 22 -9 11 13 14 -1 21 16 -11 -17 -15 -16 -2 -13 -8 -20 -10 28 27 -27 -12 -29
right_child=1 3 4 -5 -6 6 8 9 24 15 25 12 -14 18 19 17 -18 -19 23 -21 -22 -23 -24 -25 -26 26 -28 29 -30 -31
leaf_value=-0.0052389841549453225 0.0017912343171312074 0 -0.0078701530398616482 0.011250605310734334 0.0041415670646938818 0.00086720736993368855 0.0081296214703291299 0.0019335254991127045 0.0014774848040518393 0.0033207674620214173 -0.0023142003869213931 -0.0040141982951801772 0.014462542940845586 0.0013013269899256792 -0.0041446283762924729 -5.939393775563083e-05 -0.00058134795546071517 -0.0024395791362958304 -0.001051320502965053 -0.0016184500434553242 0.013612987882612894 0.002836496876696831 0.0026359473580750523 0.0013935665646052186 -0.006315944967454315 0 0.00046508891891986859 0.014944359366771957 0.0029655676930742084 0.0038969488615290615
leaf_weight=1888 2943 501 972 969 353 54379 1710 7622 1184 5736 6228 869 173 13840 10070 16142 22595 20557 29142 15650 259 2848 3002 5575 681 756 26501 617 1511 664
leaf_count=1888 2943 501 972 969 353 54379 1710 7622 1184 5736 6228 869 173 13840 10070 16142 22595 20557 29142 15650 259 2848 3002 5575 681 756 26501 617 1511 664
internal_value=-2.97993e-05 0.00241482 0.000691239 0.00744088 -0.004433 -8.98436e-05 0.000272703 0.000129548 0.0029834 -0.000418538 -0.000508784 -0.000932175 -0.00201899 -0.000287748 -0.00213579 -0.000699339 0.000199893 -0.00140143 -8.69797e-05 -0.00262162 0.00291913 0.00114168 0.00471895 -0.000649498 -0.00124593 0.000417276 0.000877677 0.00604282 -0.0012397 0.00959652
internal_weight=255937 5997 4527 1470 1325 249940 133608 127031 6577 72652 116332 80055 29610 50445 29437 65030 28331 36699 48557 25720 3202 3717 4712 34717 1865 36277 28538 2037 7739 1281
internal_count=255937 5997 4527 1470 1325 249940 133608 127031 6577 72652 116332 80055 29610 50445 29437 65030 28331 36699 48557 25720 3202 3717 4712 34717 1865 36277 28538 2037 7739 1281
is_linear=0
shrinkage=0.03


Tree=28
num_leaves=31
num_cat=0
split_feature=55 29 41 33 1 126 44 43 10 116 119 41 43 5 25 9 5 119 29 33 105 33 18 24 5 46 29 11 119 86
split_gain=36.2501 65.9218 51.7438 42.2236 69.4699 65.5311 48.6263 45.9581 44.9423 69.5685 57.836 56.9304 42.5691 42.389 42.0612 67.5898 42.8187 39.8413 62.2391 39.6602 36.8663 60.5818 36.866 36.5743 33.9115 32.2494 31.9106 31.4661 42.8052 59.152
threshold=0.93584609031677257 0.013010889291763307 0.031347144395112998 0.57920208573341381 0.054196750745177276 -0.29580383002758021 1.0367285609245303 1.1196296215057375 1.018746614456177 0.65651565790176403 0.44594587385654455 0.033441795036196716 1.1331462264060976 0.0065986763220280418 0.041385870426893241 1.012488901615143 0.016877654008567337 0.16935425996780398 0.012287789024412634 0.87507012486457836 0.44722221791744238 0.88048130273818981 1.006682872772217 0.023772345855832103 0.010625724215060474 1.0472508072853091 -0.016061522997915741 0.9962868094444276 0.23741014301776889 0.61666667461395275
decision_type=8 10 10 8 10 10 10 10 10 10 10 10 10 10 10 10 10 10 10 10 2 10 10 10 10 10 10 10 10 2
left_child=2 3 -1 6 7 -6 13 14 10 11 25 -10 23 -2 16 -16 -5 -4 -19 -9 22 27 -3 -7 -11 -8 -12 28 29 -22
right_child=1 20 17 4 5 12 8 19 9 24 26 -13 -14 -15 15 -17 -18 18 -20 -21 21 -23 -24 -25 -26 -27 -28 -29 -30 -31
leaf_value=0.013625581033135714 0.00043700206111356628 0.0032825582741414102 -0.0012729162344016674 0.00024381898000475809 0.010813454949758801 -0.0044555091206375666 -0.00018343176692865509 0.0009215812310327784 -0.0035927351337646193 0.0014236505505167661 0.0059701262474410469 0.0060071648103240923 -0.0064159597376971002 -0.0012011487079423417 0.00074527353150373834 0.0059820670984562421 -0.0036994645810320514 -0.0023568049431088624 -0.02012069471747505 -0.0092607213411176822 0.0041091177898240003 -0.0077271979436631033 -0.0087958499806138415 0.0059392334515746843 0.015310220283391915 -0.0063256053819219999 -0.00029201189843565541 0.02547700702010856 0.0024749671968331286 0.029425820199362299
leaf_weight=113 64631 1519 1120 97788 1063 337 1319 495 12329 714 727 542 434 18176 9846 2918 2517 466 329 818 235 149 239 1422 212 2260 32342 123 599 157
leaf_count=113 64631 1519 1120 97788 1063 337 1319 495 12329 714 727 542 434 18176 9846 2918 2517 466 329 818 235 149 239 1422 212 2260 32342 123 599 157
internal_value=1.52887e-05 4.85161e-05 -0.00395823 -3.50528e-06 0.000409459 0.0047228 -0.000370337 0.000283249 -0.00110477 -0.00256884 -0.0005443 -0.00315652 0.0015639 7.36054e-05 0.000350963 0.00197342 0.00014116 -0.00528096 -0.0103896 -0.00524071 0.00443908 0.00835972 0.0013913 0.00375141 0.00517646 -0.00415893 -0.000141751 0.0108743 0.00829693 0.0159131
internal_weight=255939 253911 2028 250890 117638 3256 133252 114382 50445 13797 36648 12871 2193 82807 113069 12764 100305 1915 795 1313 3021 1263 1758 1759 926 3579 33069 1114 991 392
internal_count=255939 253911 2028 250890 117638 3256 133252 114382 50445 13797 36648 12871 2193 82807 113069 12764 100305 1915 795 1313 3021 1263 1758 1759 926 3579 33069 1114 991 392
is_linear=0
shrinkage=0.03


Tree=29
num_leaves=31
num_cat=0
split_feature=16 26 113 33 57 3 53 113 92 23 87 29 38 22 159 105 34 71 4 57 44 3 101 51 38 36 26 11 20 33
split_gain=43.2351 37.7137 37.3562 60.7974 96.8541 57.7555 54.6481 49.4413 48.5885 47.7771 43.2153 41.7132 49.0671 42.3034 39.4564 37.3904 36.5138 34.9811 43.5673 34.4249 47.9706 40.9945 35.7409 33.3776 47.0814 34.7075 32.8481 32.5562 47.3517 32.1035
threshold=1.2241054177284243 0.021455070935189727 0.66666674613952648 0.37453159689903265 0.9397871494293214 0.01809948775917292 0.98272484540939342 0.35714416205883032 0.18863911926746371 0.011111888568848373 0.87500000000000011 -0.00043414959509391332 -0.0089770304039120657 0.86434072256088268 -0.0015348972519859669 0.3514705896377564 0.87832194566726696 0.54411765933036815 0.281250610947609 1.1847880482673647 1.0673617720603945 0.0089551820419728773 0.5178799331188203 0.97797423601150524 0.0004500245704548434 0.8018435835838319 0.077348381280899062 0.99867084622383129 1.0565434694290163 0.62300246953964245
decision_type=10 10 10 8 10 10 10 10 10 10 2 10 10 10 10 2 10 10 10 10 10 10 2 10 10 10 10 10 10 10
left_child=1 -1 3 14 7 19 8 -5 -7 -8 -9 13 -13 -6 17 -11 23 -3 -19 20 22 -21 -4 25 29 -2 -27 -16 -29 -25
right_child=16 2 5 4 11 6 9 10 -10 15 -12 12 -14 -15 27 -17 -18 18 -20 21 -22 -23 -24 24 -26 26 -28 28 -30 -31
leaf_value=0.00046594919665221687 0.00048702514537667135 -0.004636206540137227 -0.0020396651476860834 -0.00020069957352076515 -0.011884844437592947 0.00187136279852086 -0.0043761110251623108 0.0062584659513503886 -0.01887207140227214 0.0006544912184311075 0.022286763322643108 -0.0024405841744730263 0.0021360671363292514 0 -0.00062062020191038544 0.010862637953316094 0.010658207805231698 0.00033747166781219351 -0.0041297479033625181 0.0064699647356352506 -0.0088642384164600765 -0.0041770520305913156 -0.00036747926659655888 -0.0068050295731993584 -0.012233333202928085 -0.0024515934393275528 0.011019574749874072 0.0034940104252680487 -0.0079120125989210754 0.0048988629850086471
leaf_weight=77645 1205 3960 24428 287 251 194 311 469 148 549 304 2329 17096 49314 36713 1101 498 5640 2911 1046 750 417 22715 274 286 154 774 3307 331 665
leaf_count=77645 1205 3960 24428 287 251 194 311 469 148 549 304 2329 17096 49314 36713 1101 498 5640 2911 1046 750 417 22715 274 286 154 774 3307 331 665
internal_value=-3.29725e-05 -8.24472e-05 -0.000328105 -4.10045e-05 0.000535969 -0.00100511 0.00358626 0.00946267 -0.0068233 0.0056037 0.0133434 0.000391764 0.00156997 -6.43815e-05 -0.000811166 0.00769427 0.00310943 -0.00228603 -0.00115438 -0.00122679 -0.0013701 0.00321754 -0.00124081 0.00184465 -0.00191836 0.00414286 0.00846304 -0.00034554 0.00233665 0.00110015
internal_weight=256072 252216 174571 122912 70050 51659 2303 1060 342 1961 773 68990 19425 49565 52862 1650 3856 12511 8551 49356 47893 1463 47143 3358 1225 2133 928 40351 3638 939
internal_count=256072 252216 174571 122912 70050 51659 2303 1060 342 1961 773 68990 19425 49565 52862 1650 3856 12511 8551 49356 47893 1463 47143 3358 1225 2133 928 40351 3638 939
is_linear=0
shrinkage=0.03


Tree=30
num_leaves=31
num_cat=0
split_feature=16 75 125 84 75 160 9 42 24 5 116 45 120 80 60 42 39 42 159 58 68 1 24 33 17 119 71 13 139 86
split_gain=53.1428 39.6508 45.6823 51.0325 45.2633 44.3034 41.4842 40.2713 62.9199 39.6586 39.5048 37.6348 51.701 35.5205 87.2764 53.1906 34.2571 52.0282 43.2022 34.1174 33.5108 32.2957 31.9532 30.0306 30.9795 30.0212 46.9468 40.9227 39.9902 31.1261
threshold=1.243742883205414 0.22500000149011615 0.57024806737899791 0.84999999403953563 0.075000001117587103 -0.38985280692577357 0.97085517644882213 -0.076609600335359559 0.030115589499473575 0.0027434821240603928 0.70683917403221141 1.1152663826942446 0.67088577151298534 0.37500000000000006 0.86893862485885631 0.07344748824834825 0.026417530141770843 0.058288874104619033 0.0026205112226307396 0.92044928669929515 0.70161253213882457 0.047048021107912071 0.050025841221213348 0.96999219059944164 1.2550997138023379 0.41333314776420599 0.4763947874307633 0.93875274062156688 0.96617305278778087 0.21666666865348819
decision_type=10 2 10 2 2 10 10 8 10 10 10 10 10 2 10 10 10 10 10 8 10 10 10 10 8 8 10 8 10 2
left_child=1 4 3 7 25 -6 -4 8 9 -3 19 16 -13 15 -15 -5 17 -7 -18 -9 -17 -14 -12 24 -2 26 -1 28 -28 -27
right_child=23 2 6 13 5 11 -8 10 -10 -11 22 12 21 14 -16 20 18 -19 -20 -21 -22 -23 -24 -25 -26 29 27 -29 -30 -31
leaf_value=-0.0041049446030898776 0.00036124361470352449 0.00074716052981219387 -0.0094219914679354866 0.0025899648923011628 0.0027066695129632093 -0.00099157419517434354 -0.0013830904103437883 0.0072386618267076082 0.0003206243529661449 0.011199090161319633 0.0033743193574301412 -0.0059375499387706995 -0.0017902945976594014 0.022975213990889882 0.0034475503314881123 0.0059707340684614163 0.0031497003012740015 0.0079153366262912968 -0.0083482603719680967 -2.0667515991093759e-05 -0.0058274971642685684 0.0075314106675223678 -0.0073032492215722973 -0.0090834354861742926 0.0073136745962588097 0.00071677023603449342 0.017555331208660631 -0.00039557077862055045 0 -0.0033045271128922999
leaf_weight=3538 1018 572 671 4514 2357 32072 4673 565 3127 1032 4577 3690 3240 208 3590 219 338 575 1139 140758 1283 346 232 115 1685 33886 217 4177 188 1785
leaf_count=3538 1018 572 671 4514 2357 32072 4673 565 3127 1032 4577 3690 3240 208 3590 219 338 575 1139 140758 1283 346 232 115 1685 33886 217 4177 188 1785
internal_value=1.05816e-05 -3.39342e-05 0.000237221 0.00032975 -0.0005515 -0.00123431 -0.00247976 0.00019107 0.00291155 0.00771168 0.000100556 -0.00146712 -0.00344136 0.00242635 0.00471032 0.000923903 -0.00103561 -0.000820766 -0.00550971 7.25247e-06 -0.00385429 -0.0007709 0.00276896 0.00409391 0.00482732 0.000124185 -0.00151074 0.000436317 0.0093368 0.000505397
internal_weight=256387 253569 166021 160677 87548 43757 5344 150863 4731 1604 146132 41400 7276 9814 3798 6016 34124 32647 1477 141323 1502 3586 4809 2818 2703 43791 8120 4582 405 35671
internal_count=256387 253569 166021 160677 87548 43757 5344 150863 4731 1604 146132 41400 7276 9814 3798 6016 34124 32647 1477 141323 1502 3586 4809 2818 2703 43791 8120 4582 405 35671
is_linear=0
shrinkage=0.03


Tree=31
num_leaves=31
num_cat=0
split_feature=32 138 137 38 30 16 53 80 120 116 73 51 76 7 86 115 10 161 12 16 80 92 52 127 40 41 10 43 70 4
split_gain=43.9548 52.2609 51.6413 43.9154 42.2344 48.0577 64.9833 46.469 46.2682 42.4521 38.5227 58.5129 36.395 32.4283 31.0766 31.0036 30.7126 30.4384 30.2677 32.694 30.0806 29.6188 37.0633 28.8868 33.0033 42.9872 28.8246 51.9972 38.3636 32.834
threshold=-0.0048883806448429814 0.51455438137054454 0.98701137304306041 -0.023208932019770142 -0.00038569678144995118 0.93407893180847179 0.98698130249977123 0.77500000596046459 0.25775530934333807 0.70683917403221141 0.90000000596046459 0.9426945447921754 0.48333333432674414 0.024254177697002891 -0.55000001192092884 0.53472229838371288 1.0020201802253725 1.0250686407089236 0.98555809259414684 0.90960800647735607 0.27500000596046453 0.68886432051658641 0.79190036654472362 -0.33094170689582819 -0.016410463489592072 -0.03372403793036937 1.0191977620124819 1.0321724414825442 0.89049333333969127 0.24324214458465579
decision_type=10 8 8 10 10 8 10 2 10 10 10 10 2 10 2 10 10 10 10 10 2 10 10 8 10 10 10 10 10 10
left_child=1 13 3 -3 5 6 7 -2 18 -10 11 14 23 -1 -5 21 -12 -13 19 20 -6 22 -8 -7 25 -25 27 29 -28 -20
right_child=4 2 -4 10 8 12 15 -9 9 -11 16 17 -14 -15 -16 -17 -18 -19 26 -21 -22 -23 -24 24 -26 -27 28 -29 -30 -31
leaf_value=-0.0075312555999974985 -0.0040125192360301295 0.017180392571966196 -0.00013526621915062315 0.012565785560575301 -0.0098432097436095406 0.0022296537459526662 -0.012888786874543659 -0.02604910952160135 0.00039421900671009452 0.0034919405904884114 0.0090253961783496785 0.0033849314632897602 0.00072717516972205286 0.0055474567845425933 0.0036540531923289084 0.0027937318720434282 -0.0023415021517216878 -0.0062224684370758799 0.00055692600009137224 0.0075810424245409957 0.0023482774647016137 0.0024081925608112325 -0.0026335084076896404 -0.00019659994051288165 -0.00048723379831601746 -0.0038361568902771695 0.0053791522835144826 -0.011506129480580041 -0.0088700999135518082 -0.0031034254697272072
leaf_weight=744 236 229 3392 1103 928 3015 496 180 114080 4140 237 1822 22167 177 711 723 1212 318 5063 107 171 413 1144 5601 75430 6535 1122 432 168 3745
leaf_count=744 236 229 3392 1103 928 3015 496 180 114080 4140 237 1822 22167 177 711 723 1212 318 5063 107 171 413 1144 5601 75430 6535 1122 432 168 3745
internal_value=3.34783e-05 0.00198741 0.00270517 0.00446339 -4.44814e-05 -0.000461768 -0.00408921 -0.0149932 0.000325506 0.000505809 0.0038077 0.00533828 -0.000355704 -0.00463446 0.00931433 -0.00225233 -0.000180534 0.001774 -0.00146299 -0.00597068 -0.0076701 -0.00418392 -0.00603375 -0.00062412 -0.000726291 -0.0021842 -0.000907953 -0.00151774 0.00318734 -0.000968911
internal_weight=255841 9945 9024 5632 245896 115940 3192 416 129956 118220 5403 3954 112748 921 1814 2776 1449 2140 11736 1206 1099 2053 1640 90581 87566 12136 10530 9240 1290 8808
internal_count=255841 9945 9024 5632 245896 115940 3192 416 129956 118220 5403 3954 112748 921 1814 2776 1449 2140 11736 1206 1099 2053 1640 90581 87566 12136 10530 9240 1290 8808
is_linear=0
shrinkage=0.03


Tree=32
num_leaves=31
num_cat=0
split_feature=32 138 137 53 11 112 53 159 33 53 14 126 1 1 11 58 99 60 86 21 35 3 2 35 14 126 11 29 28 53
split_gain=46.4513 45.6607 42.107 43.7902 40.0206 51.9671 51.4823 49.9467 38.6638 73.5178 46.6817 62.4701 55.3363 54.1112 43.9288 59.4812 43.1694 60.6067 41.554 63.6321 62.8296 53.8874 54.6607 43.8814 39.6112 45.9287 37.4789 37.0046 36.6089 37.6347
threshold=-0.0050809530075639478 0.5198345184326173 0.98701137304306041 0.97937640547752391 0.97907951474189769 -0.0168079100549221 1.000376880168915 0.0029001375660300259 0.37453159689903265 1.0354533791542055 0.91246113181114208 0.24250657856464389 0.031670935451984412 0.01440335111692548 0.96997776627540599 0.99636739492416393 0.52777779102325451 0.95927244424819957 0.68333333730697643 0.93402209877967846 0.81644362211227428 0.017476509325206283 0.36364409327507025 0.79430988430976879 1.0410188436508181 -0.36249984800815577 0.9733470380306245 0.012287789024412634 -0.013988267630338667 1.0802324414253237
decision_type=10 8 8 10 10 2 10 10 8 10 8 10 10 10 10 10 2 10 2 10 10 10 10 10 10 10 8 10 10 10
left_child=1 26 3 -3 5 -5 -6 -8 9 10 11 12 -2 -12 27 -16 17 -11 19 20 -10 28 -23 24 25 -21 -1 -13 29 -20
right_child=8 2 -4 4 6 -7 7 -9 18 16 13 14 -14 -15 15 -17 -18 -19 21 23 -22 22 -24 -25 -26 -27 -28 -29 -30 -31
leaf_value=0.0048705113980639725 0.0014754989085540306 -0.0059537541216329462 7.9190627750235087e-05 0.011742077027674875 -0.0040549586324939609 -0.0046198926941247373 0.0026134088389112632 0.012830026653200519 -0.00066471700148805176 0.0093980350182724329 0.00048268287465525123 -0.00030469265766441822 0.017831810223440797 -0.001090957342122476 0.0085820659337248108 -0.0082779648127614108 -0.012563690218466364 -0.0056489820071450461 0.008899308513757925 0.0042573146171752552 -0.0080503306928297082 0.009271022658573793 -0.0058628601298917928 0.0016033478034011104 -0.0011734453537906823 6.5658199855633413e-05 -0.0083955162171216405 -0.021067245663865142 0.00066642073270040147 -0.0059611753540282902
leaf_weight=230 410 290 3257 1255 628 163 1904 594 2868 260 29430 240 414 57987 601 237 637 1389 883 2409 1703 1270 218 15166 24739 81958 606 122 24036 145
leaf_count=230 410 290 3257 1255 628 163 1904 594 2868 260 29430 240 414 57987 601 237 637 1389 883 2409 1703 1270 218 15166 24739 81958 606 122 24036 145
internal_value=-2.29998e-05 0.00209901 0.00281319 0.00458555 0.00534705 0.00961454 0.00326708 0.00524457 -0.000101032 -0.000590164 -0.000450067 0.00401405 0.0102766 -0.000557752 -0.000138314 0.00338231 -0.00588999 -0.00301256 0.000185802 -3.47017e-05 -0.00350478 0.0012663 0.00680654 9.1065e-05 -0.000116652 0.000189882 -0.00436678 -0.008824 0.000920264 0.00644321
internal_weight=256049 8927 8091 4834 4544 1418 3126 2498 247122 91727 89441 2024 824 87417 1200 838 2286 1649 155395 128843 4571 26552 1488 124272 109106 84367 836 362 25064 1028
internal_count=256049 8927 8091 4834 4544 1418 3126 2498 247122 91727 89441 2024 824 87417 1200 838 2286 1649 155395 128843 4571 26552 1488 124272 109106 84367 836 362 25064 1028
is_linear=0
shrinkage=0.03


Tree=33
num_leaves=31
num_cat=0
split_feature=42 160 29 57 49 54 9 13 3 23 53 3 46 78 160 23 14 1 122 106 54 6 6 49 120 38 72 35 56 118
split_gain=41.5913 44.2814 41.8869 55.7318 50.4698 46.8717 53.2546 47.6102 41.8519 49.6634 47.8088 44.2337 41.6397 41.6385 39.5405 38.8374 37.2299 41.738 38.5787 36.5162 35.9395 34.1322 31.5373 59.6066 39.1202 30.4043 30.2608 31.6166 52.8762 55.588
threshold=-0.093370448797941194 -0.20549811422824857 -0.0034230374731123443 1.1682889461517336 0.98133334517478954 1.0854349136352541 1.0183969140052798 1.1167117953300478 0.017476509325206283 0.011182349175214769 0.98068165779113781 0.0086805764585733431 1.1342985033988955 0.30000000447034841 0.0061360276304185399 0.013147514313459398 1.0911346673965456 0.054196750745177276 0.6425403654575349 0.6348484754562379 0.98673146963119518 0.12499913200736047 0.5199984908103944 0.83075928688049328 0.25775530934333807 -0.0026025996776297684 0.67387887835502636 0.79430988430976879 1.093164384365082 0.74193480610847484
decision_type=10 8 10 10 10 10 10 10 10 10 10 10 10 10 10 10 10 10 10 2 10 10 10 10 8 10 10 10 10 10
left_child=1 16 4 8 5 6 -2 -7 11 -10 14 22 -12 20 -11 -15 -1 18 -18 -5 -13 -21 24 -24 -4 -8 27 28 -6 -30
right_child=2 -3 3 19 26 7 25 -9 9 10 12 13 -14 15 -16 -17 17 -19 -20 21 -22 -23 23 -25 -26 -27 -28 -29 29 -31
leaf_value=0.013167119381206975 -0.0019102295638799623 0.00026816832143382736 -0.0017206271863828789 0.0019237329789738909 0 0.0041562981585577018 -0.013966956010827904 -0.0082662679216773897 -0.0024061996338947209 0.0069078298888634888 0.0064637788384850669 -0.0059723584348938827 -0.0059339767971570475 -0.0015925324004418373 -0.013355128878500917 0.0014964425564397343 0.0027093647016409586 0.0098373664167898892 -0.01016094763801418 0 -0.0016352539930493452 0.012929680911904393 0.017893538330712461 -0.00092941289496780626 0.00049977856025183352 -0.0003496533272361072 0.0041702505793634759 0.0014510316292594423 -0.009146651288675001 -0.0016938500304700533
leaf_weight=458 21666 4083 7526 5588 21233 1904 524 293 1180 100 3231 2320 223 7856 215 6796 1354 637 224 296 7989 560 131 24596 119325 268 1454 7817 1142 4857
leaf_count=458 21666 4083 7526 5588 21233 1904 524 293 1180 100 3231 2320 223 7856 215 6796 1354 637 224 296 7989 560 131 24596 119325 268 1454 7817 1142 4857
internal_value=-7.34187e-07 0.00231711 -6.49857e-05 0.000155633 -0.000747655 -0.00179593 -0.00221212 0.00230464 5.64463e-05 0.00277215 0.00447671 -1.82907e-05 0.00554743 -0.00118951 -0.00599855 -0.000139247 0.00531022 0.00344812 0.00059036 0.00289387 -0.00265002 0.008696 0.000172731 -0.000803188 0.000365428 -0.00985065 -3.08143e-05 -0.000215928 -0.000706154 -0.00318812
internal_weight=255846 6756 249090 187932 61158 24655 22458 2197 181488 4949 3769 176539 3454 24961 315 14652 2673 2215 1578 6444 10309 856 151578 24727 126851 792 36503 35049 27232 5999
internal_count=255846 6756 249090 187932 61158 24655 22458 2197 181488 4949 3769 176539 3454 24961 315 14652 2673 2215 1578 6444 10309 856 151578 24727 126851 792 36503 35049 27232 5999
is_linear=0
shrinkage=0.03


Tree=34
num_leaves=31
num_cat=0
split_feature=25 32 138 11 162 86 33 31 14 23 142 10 79 18 126 3 31 117 39 23 38 14 59 38 161 33 92 112 38 137
split_gain=34.5018 38.6616 42.204 66.7371 47.557 44.9271 34.9125 49.134 47.9906 60.2687 65.3535 44.8384 73.7526 45.0483 42.6933 39.271 39.5549 58.1305 36.2739 36.2036 55.2111 38.6395 35.4045 32.2975 32.9631 32.1368 30.9145 29.669 29.4603 28.7133
threshold=0.012333759106695654 -0.0047129248268902293 0.80755761265754711 0.97116646170616161 0.35723452270030981 -0.58333334326744068 0.5885257124900819 -0.0073238778859376899 0.92502990365028392 0.03004070091992617 1.4822798967361452 1.0077745318412783 0.15000000223517421 0.98296135663986217 -0.17596565186977384 0.0068292771466076383 0.0038193427026271824 0.6124105453491212 0.025520605035126213 0.010977888014167549 -0.0024647867539897557 0.95454734563827526 1.0072324872016909 -0.023208932019770142 0.28343299031257635 0.8570634424686433 0.033025657758116729 -0.039607843384146683 -0.0044380822218954554 1.0083316564559939
decision_type=10 8 8 10 10 2 8 10 8 10 10 10 2 10 10 8 10 10 10 10 8 10 10 8 8 10 10 2 10 10
left_child=-1 2 3 4 -2 29 8 14 9 11 26 13 -13 -3 28 19 22 -18 23 20 -10 -21 -17 -9 -25 -20 -11 -27 -8 -4
right_child=1 6 5 -5 -6 -7 7 18 15 10 -12 12 -14 -15 -16 16 17 -19 25 21 -22 -23 -24 24 -26 27 -28 -29 -30 -31
leaf_value=0.00090630656147453164 0 0.0049691810553226939 0.0073333944914988096 -0.0028129483910302542 0.012118590825007528 0.00067999752516321392 0.014725697809523446 -0.0086942375352132822 0.0014242418116986579 0 0.0042810647015452501 0.0083770902480295745 -0.0032011648706625376 -0.0036909781418328464 -0.0092687054722100717 -0.00087600489145359323 -0.0071257763120128308 0.00024545636029042143 -0.0046095494282608999 -0.0040211872663336277 -0.00065599837421028437 -0.00080264025241542827 -0.0052907562064295399 -0.00038243945796206165 0.00074528463486923837 -0.0045675871054263921 -0.020574203401933919 0.0025911043265669145 0.00369180924190082 -0.0010056166789715096
leaf_weight=31011 530 924 2373 3144 519 2997 392 343 17825 101 234 2147 587 1245 113 20927 2630 1390 2702 3896 32095 27603 1800 41055 53338 758 238 1542 732 362
leaf_count=31011 530 924 2373 3144 519 2997 392 343 17825 101 234 2147 587 1245 113 20927 2630 1390 2702 3896 32095 27603 1800 41055 53338 758 238 1542 732 362
internal_value=-2.98907e-05 -0.000160592 0.00166418 -0.000561592 0.00583179 0.00334079 -0.000246524 0.00015703 -0.000607699 0.00211315 -0.00677571 0.00323621 0.00577707 0 0.00605449 -0.000748583 -0.00174902 -0.00451416 7.968e-05 -0.000415895 8.10614e-05 -0.00121255 -0.00124319 0.000214258 0.000251641 -0.00240013 -0.0150568 8.35009e-05 0.00799233 0.00612148
internal_weight=255553 224542 9925 4193 1049 5732 214617 100975 113642 5476 573 4903 2734 2169 1237 108166 26747 4020 99738 81419 49920 31499 22727 94736 94393 5002 339 2300 1124 2735
internal_count=255553 224542 9925 4193 1049 5732 214617 100975 113642 5476 573 4903 2734 2169 1237 108166 26747 4020 99738 81419 49920 31499 22727 94736 94393 5002 339 2300 1124 2735
is_linear=0
shrinkage=0.03


Tree=35
num_leaves=31
num_cat=0
split_feature=158 1 17 13 86 30 16 28 120 25 43 35 44 27 80 60 13 22 29 120 101 141 1 112 28 12 60 40 25 142
split_gain=44.1942 92.7603 55.6452 45.8674 50.0951 40.4792 53.7724 51.4931 44.503 43.9632 45.9017 41.6849 39.5503 36.3056 40.434 45.0523 36.0854 35.3656 55.8746 34.9979 34.0172 32.7901 32.751 32.1718 38.8786 31.057 45.1168 32.0562 30.2766 30.0777
threshold=-0.053267942741513245 0.054196750745177276 1.3304553627967837 1.1167117953300478 0.18333333730697635 -0.00056013630819506932 0.93407893180847179 -0.017068778164684769 0.25775530934333807 0.043483210727572448 1.0031217932701113 0.18011878430843356 1.0306122899055483 0.090783946216106429 0.42499999701976782 0.96820282936096203 0.93668043613433849 1.113360643386841 -0.00028743316943291569 0.47826094925403601 0.42582418024539953 1.1033193469047549 0.027457315474748615 -0.065942030400037752 -0.0265576709061861 0.98555809259414684 0.89637815952301036 0.012046020012348892 0.033948997035622604 1.2851452231407168
decision_type=8 10 10 10 2 8 8 8 8 10 10 10 8 10 2 10 10 10 10 10 2 10 10 2 10 10 10 10 10 10
left_child=1 2 16 5 -5 6 11 29 25 12 -11 -2 -10 17 -15 -16 -1 -8 -19 -13 -3 -6 28 24 -24 26 -9 -27 -18 -7
right_child=3 20 -4 4 21 7 13 8 9 10 -12 19 -14 14 15 -17 22 18 -20 -21 -22 -23 23 -25 -26 27 -28 -29 -30 -31
leaf_value=0.01616137312338143 -0.00055922453906114217 0.01247850246785118 -0.0064490261200303963 -0.0011385571587466654 -0.024104222518639945 0.0088089903296615577 -0.00037654976726069655 -0.0091916105727742423 0.00060897906973777539 0.0099570548842677683 0.0016976415251387413 0 -0.00056587834286092543 -0.005527595640306469 -0.0013700610907870698 0.0049533585644257307 -0.0017012099621802968 -0.0037330577940361443 0.0060141808727618169 -0.010526177405603762 0.0017543244489494827 -0.001911470007364917 -0.018526538698886822 0.0036526805078833224 -0.0019964231108901081 -0.0020347620883664269 0.0038930660733480895 0.0016312503176486694 0.0044689466220475945 3.1465090656728223e-05
leaf_weight=134 1389 922 839 645 179 982 94928 956 74454 653 9183 345 39224 521 1371 3220 847 5401 547 1140 480 137 128 765 1713 7580 264 2888 2978 649
leaf_count=134 1389 922 839 645 179 982 94928 956 74454 653 9183 345 39224 521 1371 3220 847 5401 547 1140 480 137 128 765 1713 7580 264 2888 2978 649
internal_value=-2.56433e-05 0.00205865 0.000665102 -0.000101433 -0.00657898 -7.43424e-05 -0.000506962 0.000267674 0.000201035 0.000370507 0.0022955 -0.00455158 0.000200934 -0.000393619 0.00205625 0.0030022 0.00163666 -0.000521126 -0.00276925 -0.00802945 0.00909417 -0.016062 0.00123835 -0.00126975 -0.00349367 -0.00156183 -0.00610111 -0.000993566 0.00302287 0.00554068
internal_weight=255462 8806 7404 246656 961 245695 108862 136833 135202 123514 9836 2874 113678 105988 5112 4591 6565 100876 5948 1485 1402 316 6431 2606 1841 11688 1220 10468 3825 1631
internal_count=255462 8806 7404 246656 961 245695 108862 136833 135202 123514 9836 2874 113678 105988 5112 4591 6565 100876 5948 1485 1402 316 6431 2606 1841 11688 1220 10468 3825 1631
is_linear=0
shrinkage=0.03


Tree=36
num_leaves=31
num_cat=0
split_feature=32 48 68 49 0 42 95 32 47 79 161 64 86 16 33 53 30 86 33 53 51 138 90 158 22 10 15 44 48 46
split_gain=40.5476 37.9059 49.6773 49.5401 67.2515 50.3075 47.0817 41.3916 50.3423 50.5225 42.1385 40.8907 35.9992 45.8435 35.7967 70.0101 52.2631 35.4371 58.0253 49.3558 40.8175 34.9459 50.5431 34.8799 34.2681 33.1184 65.313 84.9419 37.2449 37.1545
threshold=-0.0048883806448429814 0.98114407062530529 0.63889014720916759 0.88448563218116771 0.021674914285540584 -0.079052612185478197 0.087323348969221129 0.0029416199540719394 1.1190932393074038 0.45000000298023229 1.3907209634780886 0.44722221791744238 0.88333332538604747 0.91331598162651073 0.50326204299926769 1.0376691818237307 0.0043734414502978334 -0.58333334326744068 0.92698377370834362 0.97937640547752391 0.83141043782234203 0.69774544239044201 0.40176589787006384 0.046086430549621589 0.89828181266784679 1.0199121832847597 0.85727521777153026 1.0493981242179873 0.90927946567535411 1.0047988295555117
decision_type=10 10 10 10 10 10 10 10 10 2 10 10 2 8 8 10 10 2 10 10 10 10 10 10 10 10 8 10 10 10
left_child=17 2 3 4 6 21 -2 10 9 -9 11 14 13 -7 15 -3 -16 18 19 -1 -21 22 -5 -13 -11 29 -27 28 -28 -4
right_child=1 7 25 5 -6 12 -8 8 -10 24 -12 23 -14 -15 16 -17 -18 -19 -20 20 -22 -23 -24 -25 -26 26 27 -29 -30 -31
leaf_value=-0.0057360554028883029 -0.0012213307440033531 -0.00071866942368102658 0.0013773602164977292 0.002413830640247667 -0.011070386814769627 -0.0047053812762118206 0.012024540317055268 0.0016443610973225194 -0.001761604258043678 0.020716352381883189 0.011102129221329764 0.001277420552363209 0.0025240659045678905 -0.0015624907859473653 9.213170633302644e-05 -0.0078833939576913887 0.0058474564237064597 0.00024324386956782926 -0.0051739858670590486 0.016555944254403921 0.005034387111862334 0 0.019752979605644941 -0.0042016397366819161 0.0063441049777736352 -0.0053738077629011038 0.015562587866084283 -0.0091334335775571356 0.0050422958561997869 -0.00041539916790474718
leaf_weight=296 300 28651 12088 652 174 5053 701 3008 1643 180 297 29290 1552 28608 50589 1276 1446 5598 507 324 3182 1948 205 1042 1660 625 413 294 1827 72470
leaf_count=296 300 28651 12088 652 174 5053 701 3008 1643 180 297 29290 1552 28608 50589 1276 1446 5598 507 324 3182 1948 205 1042 1660 625 413 294 1827 72470
internal_value=-6.09613e-07 -7.76329e-05 -0.000439307 -0.00132721 0.00462863 -0.0015215 0.00781476 0.000305306 0.00263415 0.00418663 0.000167938 0.000134376 -0.00183446 -0.0020457 -0.000210861 -0.00103923 0.000260015 0.00187797 0.00392148 0.00523358 0.00627208 0.00228624 0.00725942 0.00107667 0.00811901 -3.89515e-05 0.00296248 0.00516203 0.00723527 -0.000155303
internal_weight=255899 245992 126910 39193 1175 38018 1001 119082 6491 4848 112591 112294 35213 33661 81962 29927 52035 9907 4309 3802 3506 2805 857 30332 1840 87717 3159 2534 2240 84558
internal_count=255899 245992 126910 39193 1175 38018 1001 119082 6491 4848 112591 112294 35213 33661 81962 29927 52035 9907 4309 3802 3506 2805 857 30332 1840 87717 3159 2534 2240 84558
is_linear=0
shrinkage=0.03


Tree=37
num_leaves=31
num_cat=0
split_feature=31 58 24 49 3 69 142 138 119 78 162 161 19 55 75 30 62 6 82 120 10 121 60 44 60 3 116 126 28 36
split_gain=34.7087 38.0365 52.899 49.4036 56.503 74.5871 54.6301 38.9331 37.8668 53.5528 43.6442 47.8465 37.0922 44.1658 34.5953 33.8577 43.4393 33.124 32.1861 29.143 40.6492 37.8269 48.8915 37.7783 33.0655 28.4398 27.9213 23.3161 22.3328 33.2761
threshold=-0.0080658528022468073 0.90760317444801342 0.03751246631145478 0.83075928688049328 0.010480030905455353 0.89583382010459911 1.3168085813522341 1.1655707359313967 0.42276418209075933 0.30000000447034841 0.61721834540367138 0.96783396601676952 0.99356248974800121 1.0711645483970644 0.22500000149011615 0.00020693577243946495 0.96679294109344494 0.31249909102916723 0.22500000149011615 0.25775530934333807 1.0191977620124819 0.29131945967674261 0.85157677531242382 1.0350876450538637 0.86893862485885631 0.0017078144010156395 0.5568656623363496 -0.35615029931068415 -0.0043638630304485551 0.40465430915355688
decision_type=8 8 10 8 10 10 8 8 10 10 10 10 10 10 2 10 8 10 2 10 10 10 8 8 10 10 10 10 10 10
left_child=8 2 -2 4 6 -6 -3 17 -1 12 -11 -12 13 -10 15 16 18 -4 -5 20 23 24 -23 -16 -21 -22 -18 -13 29 -17
right_child=1 3 7 14 5 -7 -8 -9 9 10 11 27 -14 -15 19 28 26 -19 -20 21 25 22 -24 -25 -26 -27 -28 -29 -30 -31
leaf_value=-0.0063087786074065471 0.010266941039031004 0.01728951117386061 -0.018901339699676504 -0.0011638688394318883 0.0078665023047520145 -0.015942648596163574 0.00075790200111195587 0.00013213648057695644 0.0032537434507591795 0 0 0.021462082240935251 0.0025922885540571503 0.024594873855063735 -0.0015351726598252678 0.0099840347615784957 -0.00031678532843439934 0 -0.0046286340692066868 0.012224812365379138 -0.0070278925291931953 -0.0071899449020803533 0.00030776651078404983 -0.011408309444546729 0.0022898163417798072 0.0060327326826459127 -0.0057766779066942518 0.0051451219826256145 0.00078750983439542454 -0.0015597630001813489
leaf_weight=366 107 455 353 7107 239 190 357 181 198 3062 347 212 422 238 8847 598 66082 109 3935 338 140 764 149505 357 3358 962 842 240 5594 282
leaf_count=366 107 455 353 7107 239 190 357 181 198 3062 347 212 422 238 8847 598 66082 109 3935 338 140 764 149505 357 3358 962 842 240 5594 282
internal_value=4.36302e-05 -5.0413e-06 -0.00666336 1.42689e-05 0.00593792 -0.00225063 0.0105748 -0.0101579 0.00249263 0.00326231 0.00163862 0.00779002 0.0100234 0.0161289 -1.45575e-05 -0.000509124 -0.000685005 -0.0146499 -0.00243185 0.000237869 -0.00129901 0.000342847 0.000266699 -0.00197456 0.00334001 0.00401041 -0.000391665 0.0140189 0.00155839 0.00599898
internal_weight=255787 250702 750 249952 1241 429 812 643 5085 4719 3861 799 858 436 248711 84440 77966 462 11042 164271 10306 153965 150269 9204 3696 1102 66924 452 6474 880
internal_count=255787 250702 750 249952 1241 429 812 643 5085 4719 3861 799 858 436 248711 84440 77966 462 11042 164271 10306 153965 150269 9204 3696 1102 66924 452 6474 880
is_linear=0
shrinkage=0.03


end of trees

feature_importances:
RSQR5=46
KLEN=37
ROC30=35
STD30=26
RESI60=24
RESI5=23
IMXD30=23
BETA10=22
RSQR30=21
BETA20=20
STD5=19
STD20=19
HIGH0=18
ROC5=17
RESI20=17
STD10=16
ORC_TREND_RSQR_STRESS_20=16
ROC10=15
RSQR10=15
QTLU5=15
SUMN20=15
ROC60=14
BETA60=14
MIN10=14
WVMA20=14
KUP=13
VWAP0=13
STD60=13
RSQR20=13
MAX10=13
QTLD20=13
ORC_TREND_PATH_CROWD_20=13
BETA5=12
MAX30=12
WVMA5=12
KUP2=11
KLOW=11
BETA30=11
RSQR60=11
LOW0=10
ROC20=10
MA5=10
RESI30=10
RSV30=10
IMIN20=10
IMIN60=10
MIN5=9
MIN30=9
QTLU20=9
QTLU60=9
QTLD5=9
IMAX30=9
IMXD10=9
IMXD20=9
CNTD60=9
ORC_TREND_ACCEL_UNCROWDED_5_20=9
OPEN0=8
RESI10=8
MAX5=8
SUMP10=8
SUMN10=8
ORC_TREND_STREAK_EXHAUST_12=8
ORC_TREND_ACCEL_GAP_10_30=8
MA60=7
MAX20=7
SUMP30=7
SUMD30=7
VSTD60=7
KLOW2=6
MA10=6
MIN20=6
MIN60=6
QTLD30=6
IMXD60=6
SUMP60=6
SUMD20=6
KMID2=5
QTLU10=5
RSV10=5
IMAX10=5
IMAX60=5
IMIN10=5
IMIN30=5
SUMP5=5
KMID=4
IMIN5=4
CORR60=4
CORD5=4
CNTP60=4
SUMN30=4
WVMA60=4
QTLU30=3
QTLD10=3
QTLD60=3
RSV5=3
IMAX5=3
IMAX20=3
CORR20=3
CNTP30=3
CNTD20=3
SUMP20=3
SUMD60=3
WVMA10=3
WVMA30=3
KSFT=2
KSFT2=2
MA20=2
MA30=2
RSV20=2
RSV60=2
CORR30=2
CNTP5=2
CNTN20=2
CNTD10=2
SUMN60=2
SUMD10=2
VSTD5=2
MAX60=1
RANK10=1
RANK60=1
IMXD5=1
CORR5=1
CORD20=1
CORD30=1
CORD60=1
CNTP10=1
CNTP20=1
CNTN5=1
CNTN30=1
CNTD5=1
CNTD30=1
SUMN5=1
SUMD5=1
VMA10=1
VSTD20=1
VSUMP5=1
VSUMP30=1
VSUMN30=1
VSUMD5=1

parameters:
[boosting: gbdt]
[objective: regression]
[metric: l2]
[tree_learner: serial]
[device_type: cpu]
[data_sample_strategy: bagging]
[data: ]
[valid: ]
[num_iterations: 500]
[learning_rate: 0.03]
[num_leaves: 31]
[num_threads: 12]
[seed: 20260814]
[deterministic: 1]
[force_col_wise: 1]
[force_row_wise: 0]
[histogram_pool_size: -1]
[max_depth: 7]
[min_data_in_leaf: 100]
[min_sum_hessian_in_leaf: 0.001]
[bagging_fraction: 0.8]
[pos_bagging_fraction: 1]
[neg_bagging_fraction: 1]
[bagging_freq: 1]
[bagging_seed: 20260814]
[bagging_by_query: 0]
[feature_fraction: 0.8]
[feature_fraction_bynode: 1]
[feature_fraction_seed: 20260814]
[extra_trees: 0]
[extra_seed: 17475]
[early_stopping_round: 0]
[early_stopping_min_delta: 0]
[first_metric_only: 0]
[max_delta_step: 0]
[lambda_l1: 10]
[lambda_l2: 20]
[linear_lambda: 0]
[min_gain_to_split: 0]
[drop_rate: 0.1]
[max_drop: 50]
[skip_drop: 0.5]
[xgboost_dart_mode: 0]
[uniform_drop: 0]
[drop_seed: 29730]
[top_rate: 0.2]
[other_rate: 0.1]
[min_data_per_group: 100]
[max_cat_threshold: 32]
[cat_l2: 10]
[cat_smooth: 10]
[max_cat_to_onehot: 4]
[top_k: 20]
[monotone_constraints: ]
[monotone_constraints_method: basic]
[monotone_penalty: 0]
[feature_contri: ]
[forcedsplits_filename: ]
[refit_decay_rate: 0.9]
[cegb_tradeoff: 1]
[cegb_penalty_split: 0]
[cegb_penalty_feature_lazy: ]
[cegb_penalty_feature_coupled: ]
[path_smooth: 0]
[interaction_constraints: ]
[verbosity: 1]
[saved_feature_importance_type: 0]
[use_quantized_grad: 0]
[num_grad_quant_bins: 4]
[quant_train_renew_leaf: 0]
[stochastic_rounding: 1]
[linear_tree: 0]
[max_bin: 255]
[max_bin_by_feature: ]
[min_data_in_bin: 3]
[bin_construct_sample_cnt: 200000]
[data_random_seed: 20260812]
[is_enable_sparse: 1]
[enable_bundle: 1]
[use_missing: 1]
[zero_as_missing: 0]
[feature_pre_filter: 1]
[pre_partition: 0]
[two_round: 0]
[header: 0]
[label_column: ]
[weight_column: ]
[group_column: ]
[ignore_column: ]
[categorical_feature: ]
[forcedbins_filename: ]
[precise_float_parser: 0]
[parser_config_file: ]
[objective_seed: 27057]
[num_class: 1]
[is_unbalance: 0]
[scale_pos_weight: 1]
[sigmoid: 1]
[boost_from_average: 1]
[reg_sqrt: 0]
[alpha: 0.9]
[fair_c: 1]
[poisson_max_delta_step: 0.7]
[tweedie_variance_power: 1.5]
[lambdarank_truncation_level: 30]
[lambdarank_norm: 1]
[label_gain: ]
[lambdarank_position_bias_regularization: 0]
[eval_at: ]
[multi_error_top_k: 1]
[auc_mu_weights: ]
[num_machines: 1]
[local_listen_port: 12400]
[time_out: 120]
[machine_list_filename: ]
[machines: ]
[gpu_platform_id: -1]
[gpu_device_id: -1]
[gpu_device_id_list: ]
[gpu_use_dp: 0]
[num_gpu: 1]

end of parameters

pandas_categorical:null
