tree
version=v4
num_class=1
num_tree_per_iteration=1
label_index=0
max_feature_idx=162
objective=regression
feature_names=KMID KLEN KMID2 KUP KUP2 KLOW KLOW2 KSFT KSFT2 OPEN0 HIGH0 LOW0 VWAP0 ROC5 ROC10 ROC20 ROC30 ROC60 MA5 MA10 MA20 MA30 MA60 STD5 STD10 STD20 STD30 STD60 BETA5 BETA10 BETA20 BETA30 BETA60 RSQR5 RSQR10 RSQR20 RSQR30 RSQR60 RESI5 RESI10 RESI20 RESI30 RESI60 MAX5 MAX10 MAX20 MAX30 MAX60 MIN5 MIN10 MIN20 MIN30 MIN60 QTLU5 QTLU10 QTLU20 QTLU30 QTLU60 QTLD5 QTLD10 QTLD20 QTLD30 QTLD60 RANK5 RANK10 RANK20 RANK30 RANK60 RSV5 RSV10 RSV20 RSV30 RSV60 IMAX5 IMAX10 IMAX20 IMAX30 IMAX60 IMIN5 IMIN10 IMIN20 IMIN30 IMIN60 IMXD5 IMXD10 IMXD20 IMXD30 IMXD60 CORR5 CORR10 CORR20 CORR30 CORR60 CORD5 CORD10 CORD20 CORD30 CORD60 CNTP5 CNTP10 CNTP20 CNTP30 CNTP60 CNTN5 CNTN10 CNTN20 CNTN30 CNTN60 CNTD5 CNTD10 CNTD20 CNTD30 CNTD60 SUMP5 SUMP10 SUMP20 SUMP30 SUMP60 SUMN5 SUMN10 SUMN20 SUMN30 SUMN60 SUMD5 SUMD10 SUMD20 SUMD30 SUMD60 VMA5 VMA10 VMA20 VMA30 VMA60 VSTD5 VSTD10 VSTD20 VSTD30 VSTD60 WVMA5 WVMA10 WVMA20 WVMA30 WVMA60 VSUMP5 VSUMP10 VSUMP20 VSUMP30 VSUMP60 VSUMN5 VSUMN10 VSUMN20 VSUMN30 VSUMN60 VSUMD5 VSUMD10 VSUMD20 VSUMD30 VSUMD60 ORC_GAP_CONFIRMATION_20 ORC_GAP_ABSORPTION_20 ORC_OVERNIGHT_DOMINANCE_20 ORC_CLOSE_PRESSURE_VOLUME_20 ORC_INTRADAY_RANGE_RETURN_10
feature_infos=[-0.16749253869056702:0.23587034642696381] [0:0.33308270573616028] [-1:1] [0:0.27153289318084717] [0:1] [0:0.21718749403953552] [0:1] [-0.31147539615631104:0.23587034642696381] [-1:1] [0.80914634466171265:1.2011904716491699] [1:1.365384578704834] [0.7725520133972168:1] [0.90894031524658203:1.0927579402923584] [0.57777780294418335:1.6790908575057983] [0.54954206943511963:1.8924485445022583] [0.46860837936401367:2.2146341800689697] [0.46312057971954346:2.740487813949585] [0.36440131068229675:2.649662971496582] [0.74611109495162964:1.3455072641372681] [0.65066665410995483:1.4951817989349365] [0.60133224725723267:1.7117466926574707] [0.56646168231964111:1.9959673881530762] [0.4937971830368042:1.8649090528488159] [0:0.26957115530967712] [0:0.32280367612838745] [0:0.36472421884536743] [0:0.57258552312850952] [0:0.50059491395950317] [-0.16409091651439667:0.12254486232995987] [-0.11048160493373871:0.12254486232995987] [-0.11048160493373871:0.12254486232995987] [-0.11048160493373871:0.12254486232995987] [-0.11048160493373871:0.12254486232995987] [0:1] [0:1] [0:1] [0:1] [0:1] [-0.15193372964859009:0.13264167308807373] [-0.24554997682571411:0.20802642405033112] [-0.40848860144615173:0.27864286303520203] [-0.44566619396209717:0.33016127347946167] [-0.96870207786560059:0.3971981406211853] [1:1.6472727060317993] [1:1.9298244714736938] [1:2.2439024448394775] [1:3.3160974979400635] [1:3.3160974979400635] [0.5718809962272644:1] [0.54045307636260986:1] [0.4660193920135498:1] [0.43721681833267212:1] [0.33789625763893127:1] [0.86334514617919922:1.4843636751174927] [0.72140765190124512:1.7869091033935547] [0.59200000762939453:2.054157018661499] [0.56569522619247437:2.423609733581543] [0.56576049327850342:2.3250908851623535] [0.60694897174835205:1.2689855098724365] [0.54922223091125488:1.4057971239089966] [0.49352750182151794:1.5574545860290527] [0.47533980011940002:1.5740000009536743] [0.38890489935874939:1.5950908660888672] [0.20000000298023224:1] [0.10000000149011612:1] [0.05000000074505806:1] [0.033333335071802139:1] [0.01666666753590107:1] [0:1] [0:1] [0:1] [0:1] [0:1] [0.20000000298023224:1] [0.10000000149011612:1] [0.05000000074505806:1] [0.033333335071802139:1] [0.01666666753590107:1] [0.20000000298023224:1] [0.10000000149011612:1] [0.05000000074505806:1] [0.033333335071802139:1] [0.01666666753590107:1] [-0.80000001192092896:0.80000001192092896] [-0.89999997615814209:0.89999997615814209] [-0.94999998807907104:0.94999998807907104] [-0.96666663885116577:0.96666663885116577] [-0.98333334922790527:0.98333334922790527] [-1:1] [-1:1] [-1:1] [-1:1] [-1:1] [-1:1] [-1:1] [-1:1] [-1:1] [-1:1] [0:1] [0:1] [0:0.90909093618392944] [0:0.90909093618392944] [0:0.90909093618392944] [0:1] [0:1] [0:0.89999997615814209] [0:0.8571428656578064] [0:0.8571428656578064] [-1:1] [-1:1] [-0.83333331346511841:0.90909093618392944] [-0.83333331346511841:0.90909093618392944] [-0.83333331346511841:0.90909093618392944] [0:1] [0:1] [0:1] [0:1] [0:1] [0:1] [0:1] [0:1] [0:1] [0:1] [-1:1] [-1:1] [-1:1] [-1:1] [-1:1] [0.20013266801834106:26452.083984375] [0.10012400150299072:23627.859375] [0.050104878842830658:26698.134765625] [0.033777147531509399:28136.5] [0.017187755554914474:26107.111328125] [0.00080492562847211957:59102.5] [0.0021778203081339598:49210.34375] [0.0021778203081339598:56418.4921875] [0.0021778203081339598:57003.12109375] [0.0021778203081339598:42065.70703125] [0:2.2360680103302002] [0:3.1615598201751709] [0:4.4708261489868164] [0:5.4656624794006348] [0:7.5986995697021484] [0:1] [0:1] [0:1] [0:1] [0:1] [0:1] [0:1] [0:1] [0:1] [0:1] [-1:1] [-1:1] [-1:1] [-1:1] [-1:1] [-0.67106980085372925:0.73517638444900513] [-151.62043762207031:28.931533813476562] [-1925766528:4419.23388671875] [-1204.24951171875:4676.52978515625] [-754.3636474609375:737.33990478515625]
tree_sizes=3116 3061 3042 3093 3023 3083 3057 3068 3063 2973 3047 3055 3063 3085 3072 3054 3057 3040 3053 3063 2967 2974 3142 3069 3041 3050 3046 2990 3056 3031 3084 3068 3049 3094 3060 3107 3039 3020 3058

Tree=0
num_leaves=31
num_cat=0
split_feature=16 11 15 30 16 125 21 6 35 15 29 30 1 141 28 72 31 125 32 86 76 38 111 5 25 43 119 38 10 1
split_gain=161.542 104.578 98.1084 97.7955 117.838 93.4919 95.1851 67.1798 64.6989 63.193 62.5331 57.2809 55.3251 57.086 53.158 88.084 82.9331 51.0871 57.4581 61.5561 58.8146 51.0799 46.2053 46.1613 59.0959 37.2428 43.9258 37.1932 40.3658 35.5166
threshold=1.2346542477607729 0.92475160956382763 0.75119632482528698 -0.00042474368819966907 0.93561235070228588 0.48061358928680425 0.91351643204689037 0.60000064969062816 0.18516926467418673 0.86755946278572094 0.00093348117661662411 -0.0060110881458967915 0.054819600656628616 0.84421464800834667 -0.0094511965289711935 0.67105302214622509 0.0035153066273778681 -0.43902468681335444 -0.0048612528480589381 -0.81666666269302357 0.050000002607703216 -0.0033158777514472599 -0.16954023391008374 0.013592263218015434 0.026832802221179012 1.0393879413604739 0.18954240530729297 0.01686045061796904 1.0119050741195681 0.053075965493917472
decision_type=10 8 10 8 8 10 8 10 10 8 10 10 10 10 10 10 10 8 10 2 2 10 2 10 8 10 10 10 10 10
left_child=1 2 -1 4 8 6 7 9 27 -5 -10 12 13 -2 15 -8 -16 29 20 -20 -19 -15 -14 24 -7 -25 -27 28 -3 -6
right_child=11 3 -4 5 17 23 14 -9 10 -11 -12 -13 22 21 16 -17 -18 18 19 -21 -22 -23 -24 25 -26 26 -28 -29 -30 -31
leaf_value=-0.022619590682700426 -0.0058370638322581955 -0.0062152088242902566 -0.0020043389248374419 0.0024704230085914295 0.00083654340312806015 0.00047087967022754518 0.00083117317768612595 -0.0053345281957429894 -0.012214632665206445 0.0078959109491252739 9.8532876985401508e-10 9.8532876985401508e-10 0.020179131807910446 0.014721539699606732 0.00064662494836390308 0.0065908042506391809 -0.0015343043461353081 0.0071734597950469329 -0.0022594808662395813 -0.0004492223488382404 9.8532876985401508e-10 0.0020912741705881445 0.0043861156036988178 9.8532876985401508e-10 -0.0040555779925454047 0.018205718756749607 9.8532876985401508e-10 0.0092037197657067315 0.001593528939872623 0.0083852703722241319
leaf_weight=333 301 1500 607 6455 15638 3678 9317 670 1552 2936 447 814 568 555 101160 3275 18499 1635 20937 91542 2558 727 329 1436 7951 233 198 210 885 575
leaf_count=333 301 1500 607 6455 15638 3678 9317 670 1552 2936 447 814 568 555 101160 3275 18499 1635 20937 91542 2558 727 329 1436 7951 233 198 210 885 575
internal_value=2.02588e-05 -5.29129e-05 -0.009939 -1.95291e-05 -0.000603657 0.000493969 0.000721866 0.0035369 -0.00532277 0.0042117 -0.0093963 0.00660751 0.00885978 0.00508632 0.000504941 0.00236103 0.000306752 -0.000437478 -0.000658407 -0.000789195 0.00276592 0.0079317 0.0149358 -0.00188446 -0.00259985 0.00239287 0.0099135 -0.00202222 -0.00320373 0.00113274
internal_weight=297521 294227 940 293287 137479 155808 142312 10061 4594 9391 1999 3294 2480 1583 132251 12592 119659 132885 116672 112479 4193 1282 897 13496 11629 1867 431 2595 2385 16213
internal_count=297521 294227 940 293287 137479 155808 142312 10061 4594 9391 1999 3294 2480 1583 132251 12592 119659 132885 116672 112479 4193 1282 897 13496 11629 1867 431 2595 2385 16213
is_linear=0
shrinkage=1


Tree=1
num_leaves=31
num_cat=0
split_feature=16 57 26 40 36 14 118 18 78 113 33 25 1 25 17 41 33 30 1 17 140 121 1 14 18 50 131 87 23 25
split_gain=167.536 137.003 101.761 104.35 120.364 79.7265 80.6 76.9971 68.193 67.13 65.8418 64.1684 60.266 59.1782 94.0591 59.0699 53.4759 64.0022 52.1861 50.1715 45.62 50.1368 45.9615 40.0031 38.2789 34.7043 34.4095 32.3214 29.9187 34.281
threshold=1.2157111763954165 0.80647325515747081 0.021808819845318798 -0.030740197747945782 0.82249087095260631 0.81529909372329723 0.57407447695732128 0.95002853870391857 0.70000001788139354 0.5909089744091035 0.25649750232696539 0.087826393544673934 0.036788007244467742 0.036329464986920364 0.66476282477378856 0.033330366015434272 0.97781935334205639 -0.0069339359179139129 0.025780719704926017 0.66476282477378856 0.76602196693420421 0.66115710139274608 0.054819600656628616 1.0176565051078799 1.0247355103492739 0.69031959772109996 0.49228709936141973 -0.9583333134651183 0.032843878492712981 0.020791646093130115
decision_type=10 8 10 10 10 10 10 10 10 8 8 10 10 10 8 10 10 10 10 8 10 10 10 8 10 10 10 2 10 10
left_child=1 7 9 4 5 6 -4 11 -7 12 15 -1 -3 19 -15 24 17 20 -17 -12 -2 -22 27 -14 -5 -9 -6 -23 29 -11
right_child=16 2 3 10 26 8 -8 25 -10 28 13 -13 23 14 -16 18 -18 -19 -20 -21 21 22 -24 -25 -26 -27 -28 -29 -30 -31
leaf_value=-0.0047759083756269676 0 0.0002912383748077439 -0.0056142164060888301 -0.0017843831040056295 -0.0050670626201373458 -0.0031014151294448383 0.02132899390555125 0.0067996044086758049 0.0012460635508714847 0.0020719748922044213 0.0081369439904627056 -0.026276507875803164 -0.01363406769367668 -0.0071802991365135151 0.0011236799968289532 -0.0019596124502392807 -0.011367608470892583 0.00079951198377348394 0.0043653590921939817 -0.00075155439771643518 0.0020156429903336035 -0.0031259876580492078 0.021022585827270575 -0.0015112186912407412 -0.010314396593303448 -0.0081539995271703632 0.0091088741260012557 0.010865668504329044 0.016779116313904524 -0.0010751666012273333
leaf_weight=271 436 55451 112 47660 126 3902 304 220 18362 31418 550 334 438 1250 31545 1982 128 1364 2686 89379 577 123 511 682 475 294 2052 1274 105 3314
leaf_count=271 436 55451 112 47660 126 3902 304 220 18362 31418 550 334 438 1250 31545 1982 128 1364 2686 89379 577 123 511 682 475 294 2052 1274 105 3314
internal_value=6.46925e-06 -8.01195e-05 -3.85501e-05 -0.000417909 0.0013966 0.000731758 0.0134622 -0.0104654 0.00046856 0.000789709 -0.000676717 -0.0175867 0.000145783 -0.00029248 0.000793844 -0.00156363 0.00579588 0.0064287 0.00161892 -0.000692061 0.00893201 0.0104908 0.0128507 -0.0066713 -0.00187904 -0.00117687 0.00811365 0.00939531 0.00182608 0.00176261
internal_weight=297325 292912 291793 200385 24858 22680 416 1119 22264 91408 175527 605 56571 122724 32795 52803 4413 4285 4668 89929 2921 2485 1908 1120 48135 514 2178 1397 34837 34732
internal_count=297325 292912 291793 200385 24858 22680 416 1119 22264 91408 175527 605 56571 122724 32795 52803 4413 4285 4668 89929 2921 2485 1908 1120 48135 514 2178 1397 34837 34732
is_linear=0
shrinkage=0.03


Tree=2
num_leaves=31
num_cat=0
split_feature=32 57 86 26 25 26 38 51 1 138 53 11 18 87 143 118 28 56 8 52 33 1 110 49 43 36 71 23 12 53
split_gain=116.367 113.125 100.886 98.1263 127.647 113.939 113.126 200.242 107.77 74.0332 67.7355 66.381 64.075 66.6465 63.9975 63.0736 60.7354 71.5889 60.1434 55.9266 55.0956 44.577 35.8 35.6617 47.4535 35.5229 34.3667 33.7017 32.2199 49.2194
threshold=-0.0048612528480589381 0.80647325515747081 -0.58333334326744068 0.10153014212846757 0.046189228072762496 0.021808819845318798 -0.0010238760733045635 0.67947936058044445 0.059044299647212035 0.64949944615364086 0.98061671853065502 0.97264963388443004 0.95002853870391857 0.59166666865348827 0.042462907731533057 0.44518308341503149 -0.0063334449660032979 0.9872131645679475 -0.8095211088657378 0.67603021860122692 0.91173577308654796 0.036363659426569946 -0.35147058963775629 0.92133235931396495 1.0290705561637881 0.78267160058021557 0.64788708090782177 0.032843878492712981 0.99322363734245311 0.99707341194152843
decision_type=8 8 2 10 10 10 10 10 10 10 10 10 10 2 10 10 10 10 10 10 10 8 2 10 10 10 10 10 10 10
left_child=2 12 9 5 -5 15 7 -7 -9 11 -11 -1 13 20 -6 27 19 -18 25 -8 -2 -17 -13 24 -12 -16 -14 -3 -4 -30
right_child=1 3 28 4 14 6 16 8 -10 10 23 22 26 -15 18 21 17 -19 -20 -21 -22 -23 -24 -25 -26 -27 -28 -29 29 -31
leaf_value=0.0094173195783113089 -0.029898188760491058 0.0015846516542876211 0.004683397434607735 0.017778673549014648 0.016170356070168312 -0.022082090658135732 0.0081291322059920592 0.00016526551487629394 0.0072416249683485189 -0.0051245532721709321 0.0089335998840374027 -0.015260813669505296 -0.0095791700339140952 0 0.0048236615391540685 0.00018403978575764969 -1.9629581862061074e-05 -0.0021627400061418191 -0.00064765917534366838 -0.00021876458164208097 -0.0060597340438610691 -0.0056405530006371964 -0.00035298551156359958 0.007129648624897466 0.023395120053524697 0.024426236556198161 0.0050262435190553695 0.016527946674750445 -0.012406820497820333 0
leaf_weight=386 274 38723 1149 548 260 340 723 85489 1966 254 733 220 234 176 463 50614 18787 58875 2835 25781 194 1190 482 2013 388 110 301 121 292 3575
leaf_count=386 274 38723 1149 548 260 340 723 85489 1966 254 733 220 234 176 463 50614 18787 58875 2835 25781 194 1190 482 2013 388 110 301 121 292 3575
internal_value=-3.13176e-06 -0.000111956 0.00326054 -7.24565e-05 0.00445754 -0.000141408 -0.000556222 0.000234174 0.000329392 0.0065272 0.00870383 -1.47674e-05 -0.00930963 -0.0155762 0.0023004 0.000733646 -0.00122519 -0.00164831 0.00106656 3.60429e-06 -0.0212845 4.23279e-05 -0.00573379 0.00994508 0.0145243 0.00978961 -0.000936369 0.0016474 0.000271642 -0.000979394
internal_weight=297496 288004 9492 286825 4216 282609 191961 87795 87455 4476 3388 1088 1179 644 3668 90648 104166 77662 3408 26504 468 51804 702 3134 1121 573 535 38844 5016 3867
internal_count=297496 288004 9492 286825 4216 282609 191961 87795 87455 4476 3388 1088 1179 644 3668 90648 104166 77662 3408 26504 468 51804 702 3134 1121 573 535 38844 5016 3867
is_linear=0
shrinkage=0.03


Tree=3
num_leaves=31
num_cat=0
split_feature=57 57 29 26 62 58 25 13 12 57 43 142 26 13 45 49 17 15 1 55 38 126 84 126 53 51 29 1 11 11
split_gain=114.936 98.3798 98.3963 110.216 105.127 111.116 92.3447 97.3559 73.4221 69.0598 68.3828 63.7432 62.4167 55.3048 92.8916 53.6957 53.2561 91.1975 58.3541 51.0829 56.3142 45.5495 76.9444 51.1881 64.1905 117.307 46.3482 44.7851 44.6211 44.5987
threshold=1.2274150252342226 0.80647325515747081 -0.00088134477846324433 0.10153014212846757 0.68567064404487621 1.0241674184799197 0.046189228072762496 1.0707409381866457 0.98687738180160534 1.168602526187897 1.010843873023987 2.9703176021575932 0.021427014842629436 0.98090746998786937 1.0642211437225344 0.8196873962879182 1.0506193041801455 0.92814370989799511 0.018652879633009437 1.0723062157630923 0.018846358172595504 -0.46853132545948023 -0.84999999403953541 -0.27455085515975947 1.0448403358459475 0.93743938207626354 -0.010596807114779947 0.065468672662973418 0.99084672331810009 0.98513951897621166
decision_type=10 8 8 10 8 10 10 10 10 10 10 8 10 8 10 10 10 8 10 10 10 10 2 10 10 10 10 10 10 10
left_child=1 8 13 4 5 10 -5 11 -1 12 -4 -8 -6 14 -3 -9 19 -18 -19 20 -15 27 26 24 25 -24 -23 29 -21 -2
right_child=21 2 3 6 9 -7 7 15 -10 -11 -12 -13 -14 16 -16 -17 17 18 -20 28 -22 22 23 -25 -26 -27 -28 -29 -30 -31
leaf_value=-0.01789155658264522 -0.0040604947798203355 0.00019671479154585229 0.0007999515065074533 0.01854535836634804 0.0012456405532114557 0.019984021365642549 0.0041112230817677226 0.030223679675720632 -0.0018764566272060866 0.004988626652009857 -0.013244372702404852 -0.0087823845067157829 -2.9145838023206831e-05 -0.00039306456448980276 -0.0062688766116456964 1.5026714663103883e-05 0.01143244735822117 -0.00023603846606485489 -0.0023443830536300689 0.0041343674286651207 0.0061354917163286195 0.00094821585400151759 0.010981363920660453 0.0006204660568548706 0.012721526583809912 -0.0024407167379012907 -0.010268665705420406 0.022705096143577245 0.00021223525537839613 0.0095417299579567041
leaf_weight=455 249 3846 375 466 51969 100 1553 160 682 3004 1103 415 101847 58561 3957 104 484 23020 25039 4803 1190 657 1018 2459 1035 1273 567 180 6073 780
leaf_count=455 249 3846 375 466 51969 100 1553 160 682 3004 1103 415 101847 58561 3957 104 484 23020 25039 4803 1190 657 1018 2459 1035 1273 567 180 6073 780
internal_value=8.65283e-05 -1.19671e-05 2.20577e-05 0.000515272 0.000410413 -0.00723365 0.0065128 0.00372502 -0.0087431 0.000490157 -0.00951766 0.00118039 0.000399715 -0.000601325 -0.00305136 0.0202188 -0.000437899 -0.00120306 -0.00134126 8.39531e-05 -0.000256013 0.00358079 0.00257738 0.00404861 0.0064746 0.00343696 -0.00408824 0.00901719 0.00197625 0.00594958
internal_weight=297424 289206 288069 161096 158398 1578 2698 2232 1137 156820 1478 1968 153816 126973 7803 264 119170 48543 48059 70627 59751 8218 7009 5785 3326 2291 1224 1209 10876 1029
internal_count=297424 289206 288069 161096 158398 1578 2698 2232 1137 156820 1478 1968 153816 126973 7803 264 119170 48543 48059 70627 59751 8218 7009 5785 3326 2291 1224 1209 10876 1029
is_linear=0
shrinkage=0.03


Tree=4
num_leaves=31
num_cat=0
split_feature=16 25 40 36 60 34 29 22 42 3 16 1 14 46 4 36 138 1 86 120 1 11 22 0 125 109 1 74 24 6
split_gain=142.565 84.9475 95.688 106.338 102.678 115.404 78.6388 94.8901 69.3388 70.2512 63.7673 63.4098 61.321 66.8241 58.0124 55.3097 57.2089 72.6993 54.975 52.6353 43.0801 35.8485 40.3211 35.2503 30.8416 29.9459 43.5392 30.8701 27.8424 25.48
threshold=1.2346542477607729 0.012346642557531597 -0.030142763629555699 0.81912946701049816 0.73079699277877819 0.85507994890213024 -0.000591910647926852 1.0942281484603884 -0.093140352517366395 0.016261931508779529 0.93269440531730663 0.054819600656628616 0.84403431415557872 1.1099014878273012 0.26087038218975073 0.80595400929451 0.63982743024826061 0.059044299647212035 -0.58333334326744068 0.25773195922374731 0.10192065685987474 0.92475160956382763 0.93127992749214183 -0.0015384057769551871 -0.39130453765392298 0.18333333730697635 0.06199734844267369 0.35000000894069677 0.054256098344922073 0.043476322665810592
decision_type=10 10 10 10 10 10 10 10 10 10 8 10 10 10 10 10 10 10 2 10 10 10 10 10 10 2 10 2 10 10
left_child=1 -1 3 11 5 20 8 19 9 -6 -10 12 14 -14 -3 29 17 -17 -9 -8 23 -13 -23 -4 28 26 27 -5 -18 -2
right_child=15 2 4 25 6 -7 7 18 10 -11 -12 21 13 -15 -16 16 24 -19 -20 -21 -22 22 -24 -25 -26 -27 -28 -29 -30 -31
leaf_value=0.0013581489676885437 0.0084686553066252706 0 0.00038758195363220566 0.00083887377135623362 0.0047459482906227375 0.010944377971813083 -0.0019444120182768286 0.0079756534649728112 -0.0038811154815552554 -0.0096133587386577277 -0.00092641052876918893 -0.0095107189081609245 0.0016242928568875371 -0.0016045455523780229 0.018804528870163126 -0.0069039395886910972 0.0044159854507791647 0.01656952796780228 0.00025545842103008273 0.0001737343109741245 -0.02769486663019417 0.012226781449077635 0.0031542177077587743 -0.01536638695917222 0.021517525581305263 0.0025697219652053155 0.027183473075873085 0.011061995935008246 0.018846509682942644 0
leaf_weight=34831 419 255 159 463 2982 145 11634 2124 7149 311 92811 100 12438 10699 292 312 520 162 1492 111944 219 756 1374 281 384 920 120 950 194 1285
leaf_count=34831 419 255 159 463 2982 145 11634 2124 7149 311 92811 100 12438 10699 292 312 520 162 1492 111944 219 756 1374 281 384 920 120 950 194 1285
internal_value=3.70606e-05 -3.13772e-05 -0.000219045 0.00142237 -0.000421797 -0.0110063 -0.000382615 0.000114593 -0.000997918 0.00324942 -0.00114146 0.000841379 0.00037026 0.000118164 0.010124 0.00624218 0.0103231 0.000857381 0.00489165 -2.35294e-05 -0.016458 0.00566386 0.00659766 -0.00925197 0.0140527 0.00738234 0.0100071 0.00797998 0.0091523 0.00222727
internal_weight=297725 294449 259618 28367 231251 804 230447 127194 103253 3293 99960 25914 23684 23137 547 3276 1572 474 3616 123578 659 2230 2130 440 1098 2453 1533 1413 714 1704
internal_count=297725 294449 259618 28367 231251 804 230447 127194 103253 3293 99960 25914 23684 23137 547 3276 1572 474 3616 123578 659 2230 2130 440 1098 2453 1533 1413 714 1704
is_linear=0
shrinkage=0.03


Tree=5
num_leaves=31
num_cat=0
split_feature=57 31 30 28 12 50 61 120 116 61 27 62 14 125 53 18 46 13 86 50 33 101 140 122 12 123 160 74 11 86
split_gain=105.065 96.7248 86.6928 82.6922 76.0918 72.6065 71.5444 62.0094 62.1479 66.4511 58.8918 58.8403 51.4857 49.0073 46.2571 48.5779 37.829 37.7517 38.3569 37.7075 37.1104 56.1206 49.84 38.6748 36.9651 56.9614 36.4848 34.4503 34.3449 33.7041
threshold=0.80647325515747081 -0.0082896822132170183 -0.00052842393051832904 -0.014115895610302685 0.98687738180160534 0.82967382669448864 0.93955594301223766 0.25773195922374731 0.70436501502990734 0.76175254583358776 0.082916025072336211 1.0483878254890444 0.81529909372329723 -0.43902468681335444 1.0807352662086489 1.0289894342422488 1.0565490126609804 1.1045321822166445 0.71666666865348827 0.94788435101509105 0.92628210783004772 0.41277891397476202 0.9935930371284486 0.65000012516975414 0.9854736626148225 0.83333346247673046 0.99580115079879772 0.25000000745058065 0.98530650138854992 0.68333333730697643
decision_type=8 8 8 8 10 10 10 8 8 10 10 10 8 8 10 10 10 8 2 10 10 2 10 10 10 10 10 2 10 2
left_child=4 11 5 10 29 -3 19 24 12 -10 17 28 -9 27 15 -12 -15 18 -4 -7 21 22 -13 -22 25 -5 -16 -8 -2 -1
right_child=1 2 3 7 -6 6 13 8 9 -11 14 20 -14 16 26 -17 -18 -19 -20 -21 23 -23 -24 -25 -26 -27 -28 -29 -30 -31
leaf_value=-0.027025358848490159 -0.0029575387353112026 0.011794129973902386 0.00044607120181936914 -0.01285884872292218 -0.0022031715614702144 -0.0036782698266273348 0.00013598837337257908 0.010282279919951837 0.014024106831304983 0.0024488716871052521 0.0031251020249870882 0.0064320543513263278 0.00031300684603056701 0.00027148230060632453 -0.0058702869511787483 0.014616622838060075 -0.0010560887705278101 -0.0084846581842186047 0.0091366088221861985 -0.013833434926007014 0.010647042774044992 0.0005019813430300283 0.018212675879926414 -0.009543114878470078 -0.0010710772837884488 -0.00071333962838616971 0.0087866831630364888 0.0033657308757611684 0.0043377006448045621 -0.0073842554669602805
leaf_weight=221 1114 401 2159 634 714 1684 11336 450 487 5408 624 893 134458 24146 328 995 90204 287 592 454 112 600 671 204 11076 869 250 4117 1140 229
leaf_count=221 1114 401 2159 634 714 1684 11336 450 487 5408 624 893 134458 24146 328 995 90204 287 592 454 112 600 671 204 11076 869 250 4117 1140 229
internal_value=-6.84981e-06 2.78492e-05 -4.04803e-05 0.000431401 -0.00892645 -0.000608295 -0.000650044 0.000302469 0.000484494 0.00350003 0.0041364 0.00427309 0.000350003 -0.00055734 0.00788362 0.0104627 -0.000773139 0.00129457 0.00247694 -0.00608194 0.00745456 0.00886843 0.0118418 -0.00128645 -0.00170875 -0.00613516 4.94057e-05 0.00101909 0.00060593 -0.0184081
internal_weight=296857 295693 290959 158617 1164 132342 131941 153382 140803 5895 5235 4734 134908 129803 2197 1619 114350 3038 2751 2138 2480 2164 1564 316 12579 1503 578 15453 2254 450
internal_count=296857 295693 290959 158617 1164 132342 131941 153382 140803 5895 5235 4734 134908 129803 2197 1619 114350 3038 2751 2138 2480 2164 1564 316 12579 1503 578 15453 2254 450
is_linear=0
shrinkage=0.03


Tree=6
num_leaves=31
num_cat=0
split_feature=16 29 40 50 61 161 3 41 58 16 92 38 45 16 49 52 38 54 45 41 35 62 27 73 30 36 140 70 23 7
split_gain=131.473 87.3079 103.192 102.797 97.9467 97.9122 79.6865 79.4821 77.5089 67.8954 66.7068 64.7563 58.419 56.658 54.6138 70.3908 85.0856 61.5002 84.4325 54.5155 52.3594 51.9694 50.7893 50.4786 79.0007 48.4171 57.0453 45.0473 41.8218 41.794
threshold=1.2346542477607729 -0.00162652664585039 -0.030142763629555699 0.72665852308273327 0.73611807823181163 -0.0058145904913544646 0.020586635917425159 -0.036728616803884499 0.92646941542625438 1.1138349771499636 0.34406085312366491 0.020111739635467533 1.1152310967445376 0.86502808332443248 0.97095021605491649 0.75048553943634044 -0.014354468323290346 1.0867104530334475 1.0636382102966311 -0.06643959134817122 0.82404759526252758 0.74204871058464061 0.12395683676004411 0.30000000447034841 -0.0074385108891874543 0.80280810594558727 0.72682881355285656 0.67768573760986339 0.017149657942354683 -0.0098618981428444368
decision_type=10 8 8 8 8 10 10 8 10 10 10 8 10 10 10 10 10 10 10 10 10 10 10 10 10 10 10 10 10 10
left_child=1 8 6 5 -5 -4 12 19 10 -9 -1 14 22 29 17 16 -16 18 -10 -6 -17 -7 -3 -13 -25 -2 -27 -26 -28 -14
right_child=25 2 3 4 7 21 -8 9 11 -11 -12 23 13 -15 15 20 -18 -19 -20 -21 -22 -23 -24 24 27 26 28 -29 -30 -31
leaf_value=-0.002417132111993851 0.0021818246934011266 0.0033522229543019046 0.0010728657894607965 0.016249317668459336 0.0074108952050856774 -0.019634132516147245 0.013762575152272787 0.00019707859784128036 5.7588115561662368e-06 0.0034206559277912578 -0.025039267294459183 0.00063804901591941305 0.0066088140014340813 -0.0099722016284467425 -0.010247634376923718 -0.00087174899480768283 0.0072614664108157645 0.0040264720441046146 -0.0038795233612974613 -0.0064253282839121717 0.0011872677511001392 0 0.014913024445779102 -0.0042625825829366252 0.017040451178085916 -0.0035427619477023222 -9.8547026532917062e-05 0 0.013973024213705939 -0.0032100031905745088
leaf_weight=340 1702 5818 516 325 251 555 630 161777 7703 6102 198 1976 697 526 257 71445 1874 1346 13717 2359 13035 158 367 263 641 208 175 152 1207 800
leaf_count=340 1702 5818 516 325 251 555 630 161777 7703 6102 198 1976 697 526 257 71445 1874 1346 13717 2359 13035 158 367 263 641 208 175 152 1207 800
internal_value=2.63595e-05 -3.9621e-05 0.000367925 0.000203468 0.000267842 -0.00836447 0.00352775 0.000233715 -0.000694899 0.000316428 -0.0118794 -0.000636596 0.00267418 -0.00163412 -0.000759011 -0.000410767 0.00493474 -0.00206918 -0.00246961 -0.00493441 -0.000550293 -0.0154465 0.00413241 0.00365715 0.00891085 0.00597072 0.00976269 0.0136462 0.0120012 0.00119072
internal_weight=297120 293828 180881 172043 170814 1229 8838 170489 112947 167879 538 112409 8208 2023 109377 86611 2131 22766 21420 2610 84480 713 6185 3032 1056 3292 1590 793 1382 1497
internal_count=297120 293828 180881 172043 170814 1229 8838 170489 112947 167879 538 112409 8208 2023 109377 86611 2131 22766 21420 2610 84480 713 6185 3032 1056 3292 1590 793 1382 1497
is_linear=0
shrinkage=0.03


Tree=7
num_leaves=31
num_cat=0
split_feature=16 57 40 26 71 103 12 113 33 32 15 39 119 160 28 34 33 27 54 79 1 121 1 29 87 77 3 24 81 5
split_gain=113.898 97.8395 84.1441 102.672 82.0284 68.0312 61.2543 60.1109 56.1605 61.4768 85.1293 56.8043 115.421 54.6683 45.1571 44.48 43.7256 60.3065 45.5141 43.4712 41.4892 41.7409 36.7476 39.511 35.9787 34.528 33.9553 32.1571 29.7612 29.582
threshold=1.2346542477607729 0.80647325515747081 -0.04213376343250274 0.021427014842629436 0.54340219497680675 0.55000001192092907 0.98487091064453136 0.59375044703483593 0.24565471708774569 -0.0035783019848167892 1.0900195240974428 -0.015951267443597313 0.266666129231453 3.9049030542373662 -0.016411625780165192 0.88041076064109813 0.33363074064254766 0.093792546540498747 1.0674344301223757 0.84999999403953563 0.054819600656628616 0.65637069940567028 0.036788007244467742 -0.00088134477846324433 -0.74166667461395253 0.30833333730697637 0.015503836795687677 0.043965009972453124 0.25000000745058065 0.0039138516876846561
decision_type=10 8 8 10 10 2 10 10 8 10 8 10 10 8 10 10 10 10 10 2 10 10 10 10 2 2 10 10 2 10
left_child=1 6 4 7 16 -6 28 22 9 10 -5 12 -10 -13 -7 20 19 -18 -19 -3 24 -22 -4 -24 -2 -26 -16 -23 -1 -9
right_child=15 2 3 8 5 14 -8 29 11 -11 -12 13 -14 -15 26 -17 17 18 -20 -21 21 27 23 -25 25 -27 -28 -29 -30 -31
leaf_value=-0.0054392868180371569 -0.0042707151050165159 -0.011738488191117009 0.00017367817078488772 0.0049614035625783577 -0.0002644390437371543 0.015776345613772565 -0.0026576539040394217 0.0023700018362141839 0.0084779101775849415 -0.0017063872309283675 -0.0028305418908060034 -0.00052363267766201689 0.00049301147286966618 0.0074780564345878105 0.0039176002075195365 0.01457694616182801 -1.1444299494960791e-05 -0.0032816469776438795 0.0086966598071838777 0.0017541008420260762 0.00063963919593465284 0 -0.00041539041478827991 -0.012886235582201954 0.011297351413687163 0.00030295146862867653 0.012828260165305888 0.017717358324373971 -0.024467094731951522 0.00044850719237596293
leaf_weight=189 656 469 53851 3021 1177 575 707 20918 1826 49668 2090 119898 14909 749 2046 427 6444 307 1365 315 410 142 654 384 398 829 536 446 248 11667
leaf_count=189 656 469 53851 3021 1177 575 707 20918 1826 49668 2090 119898 14909 749 2046 427 6444 307 1365 315 410 142 654 384 398 829 536 446 248 11667
internal_value=-3.94263e-05 -0.000102889 -6.73524e-05 -0.000179038 0.00226663 0.00564921 -0.00878532 0.000671303 -0.000567714 -0.0013809 0.00171802 -0.000241132 0.00139125 -0.000470239 0.00793617 0.00547771 0.000576828 0.00126571 0.0063072 -0.00603544 0.00393448 0.00886193 5.95568e-05 -0.00546882 0.00109958 0.00423376 0.00596705 0.0138921 -0.0174923 0.00169191
internal_weight=297321 294013 292869 279635 13234 4334 1144 87474 192161 54779 5111 137382 16735 120647 3157 3308 8900 8116 1672 784 2881 998 54889 1038 1883 1227 2582 588 437 32585
internal_count=297321 294013 292869 279635 13234 4334 1144 87474 192161 54779 5111 137382 16735 120647 3157 3308 8900 8116 1672 784 2881 998 54889 1038 1883 1227 2582 588 437 32585
is_linear=0
shrinkage=0.03


Tree=8
num_leaves=31
num_cat=0
split_feature=16 26 40 50 39 71 31 62 11 29 15 118 30 161 86 104 49 73 103 5 141 0 81 30 140 111 7 87 5 21
split_gain=119.112 92.7913 91.1284 101.373 100.7 97.2172 72.6597 98.1994 153.568 68.3253 57.7272 55.9111 55.8542 89.4458 53.6801 51.8215 48.929 49.2036 45.6236 46.5794 43.9938 38.6206 37.3994 37.328 47.5482 40.134 32.8871 28.9948 32.5292 32.7687
threshold=1.2346542477607729 0.021427014842629436 -0.04213376343250274 0.69031959772109996 0.03947852365672589 0.54761901497840892 0.010280944872647526 0.68567064404487621 0.959243804216385 -0.0011779901687987147 0.75119632482528698 0.40000058710575109 0.014696298632770778 -1.0000000180025095e-35 0.84999999403953563 0.38750000298023229 0.84547823667526256 0.30000000447034841 0.55000001192092907 0.0088383620604872721 1.115664064884186 0.040448473766446121 0.050000002607703216 -0.0069339359179139129 0.81320852041244518 -0.16954023391008374 -0.033975180238485329 -0.67500001192092884 0.0042661947663873443 0.95151650905609142
decision_type=10 10 10 10 10 10 10 10 10 10 10 8 10 10 2 2 10 10 2 10 10 10 2 10 10 2 8 2 10 10
left_child=1 11 5 4 12 15 7 8 -5 -9 21 27 -4 -14 18 -3 -17 -18 -7 -20 -16 -8 -12 24 -2 -26 -13 -1 -29 -30
right_child=23 2 3 6 -6 14 10 9 -10 -11 22 26 13 -15 20 16 17 -19 19 -21 -22 -23 -24 -25 25 -27 -28 28 29 -31
leaf_value=0.0044016528355633848 0 -0.011885111691539116 -0.015230204618530221 0.0081921526546130628 -0.023798059657141678 -0.00050683756136786278 0.0023893716478512279 -0.0011775893249165081 -0.011420699778941397 -2.1864518578562456e-05 -0.00025171091530433638 -0.0092396075934244835 0.021296821767902548 -0.011162092643248481 0.023221591611557544 0.014227900674034443 -0.0014541435414252802 0.0034512097479472178 0.0088860676225164456 0.00024472578062697696 0.00064041486627163262 -0.01556433672663843 0.013578074048225914 0.00047869190672458675 0.013235575063740476 0.0027698351639788596 0.0002286190163724352 0.0021056470336941317 0.010130922217988832 -0.00037892569390671351
leaf_weight=3398 529 290 143 427 318 1112 640 81108 1610 107696 174 311 150 109 257 211 5399 2756 2018 877 149 108 736 1009 1199 580 55404 19618 255 8864
leaf_count=3398 529 290 143 427 318 1112 640 81108 1610 107696 174 311 150 109 257 211 5399 2756 2018 877 149 108 736 1009 1199 580 55404 19618 255 8864
internal_value=-2.23888e-06 -6.71829e-05 -0.000415836 -0.00058109 -0.0116834 0.00200161 -0.000536797 -0.000592811 -0.00712389 -0.000520011 0.00566206 0.000748012 -0.000715577 0.00674032 0.00561611 0.000115585 0.000594705 0.000171322 0.00440913 0.00639085 0.0160578 -0.000150065 0.0106626 0.00563272 0.0077336 0.010059 0.000167088 0.00174515 0.00141775 -3.06787e-05
internal_weight=297455 294138 206288 193219 720 13069 192499 190841 2037 188804 1658 87850 402 259 4413 8656 8366 8155 4007 2895 406 748 910 3317 2308 1779 55715 32135 28737 9119
internal_count=297455 294138 206288 193219 720 13069 192499 190841 2037 188804 1658 87850 402 259 4413 8656 8366 8155 4007 2895 406 748 910 3317 2308 1779 55715 32135 28737 9119
is_linear=0
shrinkage=0.03


Tree=9
num_leaves=31
num_cat=0
split_feature=16 57 61 50 26 0 22 51 13 8 43 45 1 52 105 57 8 36 24 98 140 71 125 13 35 24 85 121 23 113
split_gain=115.883 99.2561 71.4504 85.0628 79.6951 77.5888 103.171 85.5821 64.7663 64.4759 61.1262 56.1876 52.5399 51.7027 48.7281 46.9233 45.5638 41.1981 48.1238 42.9922 42.9407 40.1663 48.8947 44.902 39.9368 38.6801 37.7651 36.3062 32.3964 32.2866
threshold=1.2157111763954165 0.80647325515747081 0.76175254583358776 0.77559188008308422 0.021940106526017192 -0.0055353690404444924 0.77548280358314525 0.8772580921649934 1.053283751010895 0.8461512327194215 1.0622919797897341 1.029323995113373 0.036363659426569946 0.66727772355079662 0.44722221791744238 0.86492502689361583 -0.2727301269769668 0.63441812992095958 0.054256098344922073 1.0000000180025095e-35 0.76602196693420421 0.95098027586936962 0.50434342026710521 0.98519518971443187 0.74410381913185131 0.03266402147710324 -0.32500000298023218 0.61983475089073192 0.029429065063595775 0.74576279520988475
decision_type=10 8 8 10 10 10 10 10 10 10 10 10 10 10 2 10 10 10 10 2 10 10 10 8 10 10 2 10 10 10
left_child=1 10 3 8 11 6 -6 -8 14 25 13 28 -13 -1 15 -3 -16 -2 20 -20 -19 23 -23 -7 29 -5 -14 -21 -4 -12
right_child=17 2 4 9 5 21 7 -9 -10 -11 24 12 26 -15 16 -17 -18 18 19 27 -22 22 -24 -25 -26 -27 -28 -29 -30 -31
leaf_value=-0.022325121980656178 0 -0.0035608877819834342 0.0013501449356845253 0.026348767768454934 -0.018634929684812531 -0.0018339078500547606 0.0025947707872369104 -5.6867424973454284e-05 0.018714696572455499 0 -0.013118814622921247 0.00010715888664991363 0.00049570582728483703 -0.0043074809068527993 0.0018117877862782084 0.0088157678258445164 -0.013523639341814457 -0.0041692101328040573 0 0 0.0059408693264517342 0.0021682156060505065 -0.0019829580019481699 -0.00058753724844116777 0.01335613395937759 0.0012307568844407797 -0.0094783400241140528 0.019037028743198885 0.012477557557724705 0.0030040720454100824
leaf_weight=352 1098 415 44116 307 235 40757 13558 55656 161 178 205 46850 460 333 260 643 358 411 171 109 2061 7852 3699 75058 118 100 879 566 224 164
leaf_count=352 1098 415 44116 307 235 40757 13558 55656 161 178 205 46850 460 333 260 643 358 411 171 109 2061 7852 3699 75058 118 100 879 566 224 164
internal_value=2.91822e-06 -6.89441e-05 -3.26144e-05 0.00507563 -7.67583e-05 -0.000419057 0.000384542 0.000458816 0.00165783 0.0149026 -0.00870916 0.000648024 -5.51879e-05 -0.0143624 -5.16934e-06 0.00370674 -0.00674708 0.0048164 0.00647582 0.0127601 0.00411959 -0.000859583 0.00081182 -0.00102898 0 0.0212266 -0.00587424 0.0160796 0.00141872 -0.00539585
internal_weight=297354 292938 291766 2422 289344 196815 69449 69214 1837 585 1172 92529 48189 685 1676 1058 618 4416 3318 846 2472 127366 11551 115815 487 407 1339 675 44340 369
internal_count=297354 292938 291766 2422 289344 196815 69449 69214 1837 585 1172 92529 48189 685 1676 1058 618 4416 3318 846 2472 127366 11551 115815 487 407 1339 675 44340 369
is_linear=0
shrinkage=0.03


Tree=10
num_leaves=31
num_cat=0
split_feature=16 26 38 60 16 24 26 38 27 27 17 34 122 113 24 33 55 38 32 108 112 139 41 1 36 125 1 39 27 1
split_gain=94.015 85.539 81.8183 116.588 101.787 72.4277 64.6566 62.5147 101.46 77.2221 62.419 137.748 56.1687 52.9895 52.1454 49.6906 53.7084 42.2034 80.287 60.6954 55.7436 54.2758 43.8804 43.1665 42.0561 45.5769 68.1893 41.8203 40.8946 39.325
threshold=1.2346542477607729 0.019930385984480384 -0.00089285580907016982 0.73079699277877819 0.66539305448532116 0.03719716705381871 0.069804321974515929 0.017799356952309612 0.13253632187843326 0.14594832062721255 0.70149126648902904 0.6568952500820161 0.27659599483013159 0.5909089744091035 0.023565207608044151 0.36156468093395239 0.88161060214042675 -0.011442051734775303 0.0033844311255961661 0.36666667461395269 -0.033615820109844201 0.83725562691688549 0.049247061833739288 0.038205996155738838 0.80280810594558727 -0.40390411019325251 0.054819600656628616 0.026547196321189407 0.054645650088787086 0.059044299647212035
decision_type=10 10 10 10 8 10 10 10 10 10 8 10 10 8 10 10 10 8 10 2 2 10 10 10 10 10 10 10 10 10
left_child=1 13 6 27 5 14 17 8 -6 -9 11 29 -13 -1 -5 -12 -17 19 22 21 -21 -3 -19 -20 -2 26 -26 -4 -29 -8
right_child=24 2 3 4 7 -7 10 9 -10 -11 15 12 -14 -15 -16 16 -18 18 23 20 -22 -23 -24 -25 25 -27 -28 28 -30 -31
leaf_value=0.00016876821938379129 0.0014689334870959829 -0.0052278537822805842 0 0.0033927974948581336 -0.0009523835271830109 0 0.0023161587230490091 0.0010507024776439469 -0.0086062082414891349 0.015234349951476885 0.00052683215229698771 0.0031103016507740204 -0.016264610346706704 0.0018316990786741108 0.034407680578391005 -0.0081309753298372412 0.0062675769297609969 0.00012782788038198141 0.002285097205364572 0.0099178546110548875 -7.4494116210916143e-05 -0.00089213957509513841 -0.0037062845588268266 0.0092057247674937372 -0.0006920358030216312 0.015436366652497875 0.015400463482036506 -0.0025693515264806712 -0.023351803307919864 0.023218898219168185
leaf_weight=45526 1676 3916 177 111 108948 215 369 6581 1573 351 3031 136 564 28204 141 211 4617 67997 6542 700 1472 8352 2776 964 703 568 314 165 336 105
leaf_count=45526 1676 3916 177 111 108948 215 369 6581 1573 351 3031 136 564 28204 141 211 4617 67997 6542 700 1472 8352 2776 964 703 568 314 165 336 105
internal_value=-1.6477e-05 -7.38216e-05 -0.00037072 -0.00090666 -0.000831437 0.0128167 0.000251058 -0.000890429 -0.00106557 0.0018538 0.00267115 -0.0036097 -0.0121018 0.000809283 0.0231033 0.00365425 0.00554548 1.15251e-05 0.000289722 -0.00147414 0.00307012 -0.00230679 -1.93282e-05 0.00323588 0.0050324 0.00854828 0.00418844 -0.0131613 -0.0174445 0.00830637
internal_weight=297341 294080 220350 118598 117920 467 101752 117453 110521 6932 9033 1174 700 73730 252 7859 4828 92719 78279 14440 2172 12268 70773 7506 3261 1585 1017 678 501 474
internal_count=297341 294080 220350 118598 117920 467 101752 117453 110521 6932 9033 1174 700 73730 252 7859 4828 92719 78279 14440 2172 12268 70773 7506 3261 1585 1017 678 501 474
is_linear=0
shrinkage=0.03


Tree=11
num_leaves=31
num_cat=0
split_feature=16 57 86 40 16 78 62 53 53 52 25 17 0 82 56 122 41 33 30 16 26 54 49 86 142 139 38 85 34 128
split_gain=105.561 78.6775 67.7015 60.9196 74.7163 75.0183 90.717 69.6574 71.2811 68.0146 64.7412 72.5523 60.2872 54.7508 56.6126 49.9972 45.1897 43.2923 43.1935 40.3745 39.9045 48.1148 46.4558 39.742 35.3305 31.8406 33.9806 31.6067 29.0498 35.3247
threshold=1.2346542477607729 0.80647325515747081 -0.81666666269302357 -0.029534909874200817 0.81998422741889965 0.70000001788139354 0.78289091587066661 1.0436638593673708 1.0905932784080508 0.67603021860122692 0.019405731931328777 0.97708642482757579 -0.00069279238232411433 0.87500000000000011 0.98838946223258983 0.65823549032211315 -0.0091947428882122022 0.97336161136627208 -0.0055941320024430743 0.8567359745502473 0.069804321974515929 1.0152363181114199 0.98927876353263866 0.68333333730697643 2.8422130346298222 0.73385968804359447 -0.0026793436845764513 0.22500000149011615 0.85507994890213024 1.0184686183929446
decision_type=10 8 2 10 8 8 8 10 10 8 10 8 10 2 10 10 10 10 10 8 10 10 10 2 10 10 10 2 10 10
left_child=1 12 15 4 7 6 -6 24 -9 -7 11 19 28 14 -12 20 -13 18 25 -5 21 -3 -23 -14 -4 -2 -27 -15 29 -1
right_child=17 2 3 10 5 9 -8 8 -10 -11 13 16 23 27 -16 -17 -18 -19 -20 -21 -22 22 -24 -25 -26 26 -28 -29 -30 -31
leaf_value=-0.011800762610608669 0.0010652274225699679 0.00034622178913011549 0.004930829710655448 -0.006773823658284662 -0.016956315249915713 0.011564842473817762 -0.0012509819972765809 0.017136047999165821 -0.0044876987967760323 0.001345175259140189 0.00025180691404576397 -0.0014182194781280249 -0.021995458374035774 0.0010218187629594847 -0.0011817896197953794 0.002886346698289377 0.00042269839741057336 -0.010441222119567205 0 0.0018209381398832107 0.00414810268890437 -0.0042992988535130701 -0.001336370897376069 -0.0056084975097420173 -0.0042092610309326364 0.0143470732148524 0.0053831948926944964 -0.0047780521637251034 0.012692394949153822 0.0050758760558470839
leaf_weight=213 565 5829 1627 466 350 595 3891 705 135 19484 35711 15963 288 24214 78768 2180 48050 119 728 32935 936 9114 10851 386 444 882 992 841 108 169
leaf_count=213 565 5829 1627 466 350 595 3891 705 135 19484 35711 15963 288 24214 78768 2180 48050 119 728 32935 936 9114 10851 386 444 882 992 841 108 169
internal_value=-5.0019e-06 -6.58977e-05 -3.36893e-05 0.000116133 0.0014597 0.000899024 -0.00269102 0.00600342 0.0132884 0.00167415 -3.7119e-05 0.000554926 -0.00778485 -0.000452618 -0.000732002 -0.00141227 -3.1988e-05 0.00532473 0.00607307 0.00168807 -0.00177596 -0.0020056 -0.0027069 -0.013475 0.0028063 0.0079756 0.0098674 0.00081152 0 -0.00370706
internal_weight=297539 294253 293089 264179 27231 24320 4241 2911 840 20079 236948 97414 1164 139534 114479 28910 64013 3286 3167 33401 26730 25794 19965 674 2071 2439 1874 25055 490 382
internal_count=297539 294253 293089 264179 27231 24320 4241 2911 840 20079 236948 97414 1164 139534 114479 28910 64013 3286 3167 33401 26730 25794 19965 674 2071 2439 1874 25055 490 382
is_linear=0
shrinkage=0.03


Tree=12
num_leaves=31
num_cat=0
split_feature=40 50 38 27 26 61 29 57 86 137 26 41 113 1 34 33 82 82 13 47 14 34 34 48 73 77 23 39 24 3
split_gain=77.3719 88.2483 89.6268 87.2706 68.8906 76.4692 70.0085 107.351 64.5009 56.41 54.3562 52.4691 51.2472 50.1843 47.3476 48.3563 47.2975 47.1617 49.4051 50.0586 54.2859 48.3357 43.9476 43.5514 41.1944 42.9539 38.5738 36.1655 36.1019 35.428
threshold=-0.043764555826783173 0.69031959772109996 -0.0094786747358739359 0.072969567030668273 0.019930385984480384 1.0664107203483584 -0.0014732877607457338 1.168602526187897 0.75000000000000011 0.55574238300323497 0.10718328878283502 -0.031944008544087403 0.58823314309120189 0.054819600656628616 0.93758702278137218 0.92054742574691784 0.50833332538604747 0.14166667312383655 0.97624760866165172 1.1172707676887514 0.81529909372329723 0.89897191524505626 0.50687789916992199 0.99683094024658214 0.30000000447034841 0.80833333730697643 0.025842452421784404 -0.012167433276772497 0.037804234772920615 0.014830508269369604
decision_type=8 8 10 10 8 10 8 10 2 10 10 10 10 10 10 10 2 2 8 10 8 10 10 10 10 2 10 10 10 10
left_child=3 2 -2 16 12 6 9 10 -4 11 -8 -6 -3 14 15 -7 -1 24 -19 22 -21 -22 -20 -9 25 -5 -14 28 -18 -11
right_child=1 4 8 17 5 13 7 23 -10 29 -12 -13 26 -15 -16 -17 27 18 19 20 21 -23 -24 -25 -26 -27 -28 -29 -30 -31
leaf_value=0.0025430948531686556 0.0046827866542153056 9.235936285727583e-05 -0.021532135264717707 0.0049535557731254908 8.3704786048684052e-05 0.0028514970505073112 -0.00021763126133476815 0.0049923976517371989 0.0020401464304963097 0.00024391755611870956 0.0064488138261284897 -0.0021362952810814392 0.0016085817003046242 0.011654018642425649 0.012527537959464232 -0.0071064525131536672 -0.0011806519803817051 -0.0020902825081909365 0.017872576659277946 0.01999477495896803 0.0034335546828950397 0.020668835288929668 0 -0.0064678466329615818 0.0048159129784296805 -0.0080116519735357241 0.012723219196626808 0.0020723514174111552 -0.0088779622666968275 -0.0050036057388420738
leaf_weight=2828 220 45013 441 301 11975 2029 118403 4818 102 26313 1089 43251 27553 632 333 532 1373 499 624 214 3044 145 150 279 1054 662 273 931 1040 1191
leaf_count=2828 220 45013 441 301 11975 2029 118403 4818 102 26313 1089 43251 27553 632 333 532 1373 499 624 214 3044 145 150 279 1054 662 273 931 1040 1191
internal_value=4.44526e-06 -9.7536e-05 -0.0101578 0.0022792 -6.87062e-05 -0.000344451 -0.000420439 2.6471e-05 -0.0166562 -0.00109694 -0.000153297 -0.00164963 0.000725244 0.00401596 0.00217645 0.000627647 -0.00024899 0.00464907 0.00630554 0.00738519 0.0056119 0.00443464 0.0144661 0.00428363 0.000637425 -0.00363566 0.00173746 -0.0027005 -0.0046672 2.31487e-06
internal_weight=297312 284447 763 12865 283684 210845 207319 124589 543 82730 119492 55226 72839 3526 2894 2561 6172 6693 4676 4177 3403 3189 774 5097 2017 963 27826 3344 2413 27504
internal_count=297312 284447 763 12865 283684 210845 207319 124589 543 82730 119492 55226 72839 3526 2894 2561 6172 6693 4676 4177 3403 3189 774 5097 2017 963 27826 3344 2413 27504
is_linear=0
shrinkage=0.03


Tree=13
num_leaves=31
num_cat=0
split_feature=16 115 29 22 25 26 36 42 6 139 1 26 1 86 16 68 114 85 17 17 25 35 12 36 140 38 127 48 23 50
split_gain=84.5905 64.3513 90.5004 98.1959 82.394 97.3629 83.72 67.5127 73.3029 87.3906 67.4523 67.2924 66.4492 62.8479 61.6829 87.4969 57.9493 54.6834 53.1453 52.4048 50.2237 56.5528 45.8793 44.109 65.0201 42.0435 40.1392 38.5946 34.5889 31.7652
threshold=1.2346542477607729 0.74576252698898327 -0.00019778237765422088 1.0942281484603884 0.043629612773656852 0.10153014212846757 0.81912946701049816 -0.093140352517366395 0.090909384191036238 0.73095908761024486 0.041666680946946151 0.021427014842629436 0.018359184265136722 -0.516666680574417 0.72276085615158092 0.67741975188255321 0.59172114729881298 0.42499999701976782 1.0831748843193056 0.7521457076072694 0.012070166412740948 0.82062131166458141 1.0080359578132632 0.80595400929451 0.72682881355285656 0.01113310130313039 -0.33744227886199946 0.99683094024658214 0.017149657942354683 0.69031959772109996
decision_type=10 10 8 10 10 10 10 10 10 10 10 10 10 2 8 10 10 2 10 10 10 10 10 10 10 10 10 10 10 10
left_child=1 2 7 4 5 11 10 8 -1 19 -6 -4 20 25 15 29 -8 26 -19 -10 -9 -22 -16 -2 -25 27 -14 -5 -26 -3
right_child=23 14 3 13 6 -7 16 12 9 -11 -12 -13 17 -15 22 -17 -18 18 -20 -21 21 -23 -24 24 28 -27 -28 -29 -30 -31
leaf_value=-0.0019768592871564072 0.0012288895132194432 0.01495192083328761 0.0011417180187601038 0.011156707077952868 0.00017819735261088843 0.016059893133012312 0.015145506551933342 0.0018115172500088421 0.021687992475110142 0.0022825644232385618 0.00503185127567728 -0.00035514705813094249 0.001768937696485322 0 -0.0019446300845684407 -0.014543022057897106 0.0044437671047968088 -0.00016880775412805361 0.0055009145919060164 0.0064265896356047241 -0.00066267247149355514 0.00202046378031202 0.0057408238870158713 -0.0058483640707441067 -0.0002714027743786573 -0.0028092692895985111 -0.0017641647785741608 -0.0034452986534541613 0.012651178147398419 -0.0043448684766945493
leaf_weight=2085 1687 128 42953 1874 9088 330 693 12503 362 3409 3657 72449 2952 1098 11084 727 1719 9336 1731 673 50182 8177 710 208 166 212 55858 136 1204 111
leaf_count=2085 1687 128 42953 1874 9088 330 693 12503 362 3409 3657 72449 2952 1098 11084 727 1719 9336 1731 673 50182 8177 710 208 166 212 55858 136 1204 111
internal_value=5.23806e-05 -4.91695e-08 9.34569e-05 0.00065777 0.000525544 0.000250077 0.00260602 -0.000418799 0.00255063 0.00474134 0.00160009 0.000199493 -0.000559027 0.00574653 -0.00208312 -0.00935084 0.00774114 -0.00121562 0.000699264 0.0123587 8.4364e-05 -0.000281021 -0.00144764 0.00483983 0.00844877 0.00862693 -0.00158118 0.00999672 0.0108882 0.00518806
internal_weight=297502 294237 281477 134209 130889 115732 15157 147268 6529 4444 12745 115402 140739 3320 12760 966 2412 69877 11067 1035 70862 58359 11794 3265 1578 2222 58810 2010 1370 239
internal_count=297502 294237 281477 134209 130889 115732 15157 147268 6529 4444 12745 115402 140739 3320 12760 966 2412 69877 11067 1035 70862 58359 11794 3265 1578 2222 58810 2010 1370 239
is_linear=0
shrinkage=0.03


Tree=14
num_leaves=31
num_cat=0
split_feature=26 51 90 18 2 26 38 1 38 32 38 62 71 17 87 17 112 10 37 102 62 17 29 9 26 38 34 123 110 151
split_gain=66.2478 119.171 91.1718 140.449 79.1075 69.1465 68.3474 83.6163 64.8503 76.9258 64.7108 105.927 59.2321 59.0419 50.663 48.8315 61.4738 47.5887 51.0172 46.2909 43.9905 43.6425 43.2662 43.985 43.1815 72.8304 42.846 36.0007 35.5724 31.0922
threshold=0.10153014212846757 0.67947936058044445 0.44637067615985876 0.95002853870391857 0.78947493433952343 0.018611376173794273 -0.0010238760733045635 0.059044299647212035 -0.015619924291968344 0.003471919684670866 0.020111739635467533 0.66657575964927684 0.89473745226860057 0.73705121874809276 0.80833333730697643 0.80398106575012218 0.15047170221805575 1.0109478831291201 0.24121854454278949 0.47673159837722784 0.68567064404487621 0.7205362617969514 -0.0025669347960501905 1.025887191295624 0.046756975352764137 -0.03378054499626159 0.23802881687879565 0.10526292771100999 -0.20526316016912458 0.43052345514297491
decision_type=10 8 10 10 10 10 10 10 8 10 10 10 10 8 2 10 2 10 10 2 10 8 10 10 10 10 10 8 2 10
left_child=1 4 15 29 20 27 7 8 13 -10 11 -8 -13 -7 21 16 -2 19 22 -5 -1 -12 -19 -24 -9 -26 -16 -3 -17 -4
right_child=2 5 3 17 -6 6 10 24 9 -11 14 12 -14 -15 26 28 -18 18 -20 -21 -22 -23 23 -25 25 -27 -28 -29 -30 -31
leaf_value=-0.020680134915116166 0.014146244080212009 0.00022363487267246013 -0.030463126108145253 -0.010398973997581345 0.0035991300041947898 -0.011601044503965196 -0.015008410379182444 -0.00064082155563975358 7.942818006759465e-05 0.0029211601385701769 0.015421284859554027 -0.0010856533615820738 0.00084646213781000112 -0.0017265262846680798 0.0033379951443990971 0.0098946345041726752 -0.0043393474549184297 -0.0021712787128165814 0.00039936419341689289 0.0043541341846154878 -0.0012160524205925565 0.0028637359699316594 0.020183712686501407 0.00046149310231318364 -0.0015694940907047246 0.011671679804315886 -0.013402146282605826 0.0016940730008683138 1.5191259540013891e-05 -0.0043777050799235434
leaf_weight=484 1076 35192 137 478 212 602 458 608 85238 9546 264 102916 16388 5916 197 482 153 146 1461 262 178 3964 361 184 458 1337 286 26822 1128 108
leaf_count=484 1076 35192 137 478 212 602 458 608 85238 9546 264 102916 16388 5916 197 482 153 146 1461 262 178 3964 361 184 458 1337 286 26822 1128 108
internal_value=6.35814e-06 -5.6927e-05 0.00312865 -0.000310014 -0.0109939 -2.21978e-05 -0.000264634 0.000302116 0.0001673 0.000369348 -0.000739206 -0.00087691 -0.00081764 -0.00271712 0.00268697 0.00700879 0.0115721 0.00149874 0.00382834 -0.00480371 -0.0160756 0.00378738 0.0104412 0.0143082 0.00581338 0.0081478 -0.00611672 0.000864799 0.00324205 -0.0212946
internal_weight=297042 291066 5976 3137 874 290192 228178 103705 101302 94784 124473 119762 119304 6518 4711 2839 1229 2892 2152 740 662 4228 691 545 2403 1795 483 62014 1610 245
internal_count=297042 291066 5976 3137 874 290192 228178 103705 101302 94784 124473 119762 119304 6518 4711 2839 1229 2892 2152 740 662 4228 691 545 2403 1795 483 62014 1610 245
is_linear=0
shrinkage=0.03


Tree=15
num_leaves=31
num_cat=0
split_feature=16 38 60 46 13 11 16 61 42 26 106 65 21 26 120 15 24 24 59 86 42 5 3 26 56 27 33 30 27 138
split_gain=86.4047 67.8514 107.438 98.1129 93.8162 70.4084 76.388 106.89 65.3423 64.664 60.444 73.8965 54.8543 50.4813 48.7351 59.2307 47.731 47.3036 52.794 45.7967 48.6454 47.8995 45.3267 42.9498 42.0195 48.4056 37.6255 47.892 36.1802 32.9888
threshold=1.2157111763954165 -0.00082824029959738244 0.73079699277877819 1.0733821988105776 0.98663148283958446 0.97095018625259411 0.66539305448532116 0.73611807823181163 0.042433278635144241 0.10153014212846757 0.5847701132297517 0.86754387617111217 0.99826896190643322 0.069804321974515929 0.25185209512710577 0.89984163641929638 0.11145476624369623 0.039033725857734687 0.94752421975135814 -0.84999999403953541 0.084065239876508727 0.01334414165467024 0.01896335277706385 0.029392514377832416 0.94891598820686351 0.054645650088787086 0.97336161136627208 -0.0071807033382356158 0.037068638950586326 0.71382570266723644
decision_type=10 10 10 10 8 8 8 10 10 10 2 10 10 8 8 8 10 10 10 2 10 10 10 10 10 10 10 10 8 10
left_child=1 5 24 9 10 16 7 -7 12 14 11 -5 -6 19 23 -16 28 18 -11 21 -21 -8 -10 -4 25 -3 27 -2 -1 -15
right_child=26 2 3 4 8 6 13 -9 22 17 -12 -13 -14 29 15 -17 -18 -19 -20 20 -22 -23 -24 -25 -26 -27 -28 -29 -30 -31
leaf_value=-0.00229543520446477 0.0070005825297804287 -0.00067497699703299174 0.0010469536403497094 -0.0067028988676841343 -0.0043817628651849436 0.0098155397633300674 -0.0013417326437202423 -0.021409425253593493 0.0021455462154208104 0.028877223903092285 0.0002568816160555837 -2.3074906869337213e-05 -0.00073932852685794413 0 0.0032821744361430294 9.733502407205086e-05 -0.011157502715670784 -0.0033578023740113518 0.0021941818205099975 0.00048837152267126925 -0.003347045491188529 -0.012056593214299667 0.014422541394996153 -0.0040073485401773811 0 -0.022847514223631762 -0.0098959885790411914 0.0001149518214373298 0.008641632509715419 0.0039969489804779447
leaf_weight=265 2802 158 2132 6332 4085 113 8145 303 1745 157 2310 2066 46139 2942 5615 82214 109 101 156 112031 3021 385 327 4539 149 336 134 1475 1731 5491
leaf_count=265 2802 158 2132 6332 4085 113 8145 303 1745 157 2310 2066 46139 2942 5615 82214 109 101 156 112031 3021 385 327 4539 149 336 134 1475 1731 5491
internal_value=-3.53876e-06 -6.74011e-05 -0.000488707 -0.000436087 -0.00135423 0.00042691 0.000337524 -0.0121784 -0.000822354 0.000170371 -0.00391745 -0.00509919 -0.00104319 0.000381074 0.00011408 0.000305061 0.00585317 0.0117308 0.0174097 0.000224964 0.000384491 -0.0018875 0.00434585 -0.0023489 -0.0125566 -0.0166418 0.00415335 0.00470735 0.00703239 0.00262737
internal_weight=297508 293097 158561 157918 63004 134536 132431 416 52296 94914 10708 8398 50224 132015 94500 87829 2105 414 313 123582 115052 8530 2072 6671 643 494 4411 4277 1996 8433
internal_count=297508 293097 158561 157918 63004 134536 132431 416 52296 94914 10708 8398 50224 132015 94500 87829 2105 414 313 123582 115052 8530 2072 6671 643 494 4411 4277 1996 8433
is_linear=0
shrinkage=0.03


Tree=16
num_leaves=31
num_cat=0
split_feature=32 86 138 11 26 9 22 58 62 35 50 29 31 37 34 1 123 84 50 120 46 24 158 137 9 18 62 118 48 123
split_gain=81.4767 87.0109 71.48 66.7274 60.5119 68.4656 83.0517 74.4445 89.2546 71.6851 80.2553 51.4525 55.9285 58.5153 51.1578 50.7858 47.8119 46.571 46.4293 46.0713 39.1304 31.8272 38.5492 41.6169 30.46 43.7967 27.3686 26.5282 24.8172 24.6035
threshold=-0.0048612528480589381 -0.58333334326744068 0.79143074154853832 0.92475160956382763 0.019930385984480384 1.0072519183158877 0.9788377881050111 1.016369163990021 0.68567064404487621 0.78389549255371105 0.86418259143829357 0.028112889267504219 0.0089413337409496325 0.12804151326417926 0.46483351290225988 0.070175420492887511 0.18181824684143069 0.65000000596046459 0.72665852308273327 0.73840367794036876 1.0098773837089541 0.025729758664965633 0.0075256950221955785 0.91716831922531139 0.97940269112586986 0.98480066657066356 1.0609208941459658 0.40789501368999487 0.95565080642700206 -0.041665049269795411
decision_type=8 2 10 8 10 10 10 10 10 10 10 10 10 10 10 10 10 2 10 10 10 10 10 10 10 10 10 10 10 10
left_child=1 2 15 18 16 11 7 8 -7 10 -8 12 20 -14 -11 19 -5 -9 -2 29 -6 26 23 -23 -3 27 28 -26 -4 -1
right_child=3 24 21 4 5 6 9 17 -10 14 -12 -13 13 -15 -16 -17 -18 -19 -20 -21 -22 22 -24 -25 25 -27 -28 -29 -30 -31
leaf_value=0.0059849214336478952 -0.017274271001841233 0.0056702207026337118 -0.00033761777595269036 5.2389327505328876e-05 0.00061570314955156893 -0.0080786286496036981 0.0097186958795032509 0.0079333855582936069 0.001703927114965281 -0.0020622249354779291 -0.001080245897970491 -0.011493195080937584 0.020806432546207832 0.0020709768520392998 0.0037282643388779364 0.013349377339498864 0.0016439934185872827 -0.0043929560228594044 -0.0023837041495106191 -0.0099850580622619488 -0.00093935839165574901 0.01381263827602916 -0.0036557050241171414 0 -0.012513495760749527 0.00011545444058501402 -0.0098879150382231648 0.0013660625473636647 0.01210243920537323 -0.0018456706392538287
leaf_weight=663 315 712 229 45344 16178 849 606 2446 19373 1718 34828 380 143 3413 5722 250 27543 265 585 354 127999 1584 113 253 407 3814 102 118 236 670
leaf_count=663 315 712 229 45344 16178 849 606 2446 19373 1718 34828 380 143 3413 5722 250 27543 265 585 354 127999 1584 113 253 407 3814 102 118 236 670
internal_value=-2.23477e-05 0.00270621 0.00575282 -0.000113716 -8.67772e-05 -0.000342059 0.000460278 0.00191851 0.00127082 -0.00031326 -0.00088172 -0.000700578 -0.000669235 0.00302045 0.002349 0.00121825 0.000658236 0.00659529 -0.00818372 -0.000539088 -0.000762724 0.00908711 0.0109371 0.0120261 0 -0.000943357 0.00205764 -0.00890779 0.0055962 0.00185823
internal_weight=297212 9505 4454 287707 286807 213920 65807 22933 20222 42874 35434 148113 147733 3556 7440 1937 72887 2711 900 1687 144177 2517 1950 1837 5051 4339 567 525 465 1333
internal_count=297212 9505 4454 287707 286807 213920 65807 22933 20222 42874 35434 148113 147733 3556 7440 1937 72887 2711 900 1687 144177 2517 1950 1837 5051 4339 567 525 465 1333
is_linear=0
shrinkage=0.03


Tree=17
num_leaves=31
num_cat=0
split_feature=16 23 29 40 3 42 5 24 23 1 78 76 94 3 122 51 36 97 10 81 39 26 60 120 10 16 72 36 23 33
split_gain=68.2335 59.6975 64.2577 79.0546 70.0594 63.692 66.1076 62.4737 65.9901 60.2832 72.0929 58.1423 56.1393 53.8772 55.6491 49.9598 49.0167 48.7955 48.379 82.4856 51.6898 61.2951 50.2165 49.056 47.6294 41.6785 45.0232 38.366 51.8032 48.0117
threshold=1.2157111763954165 0.081776939332485213 -0.0012784901191480456 -0.030142763629555699 0.017191983759403232 -0.093140352517366395 0.0099010234698653238 0.034448850899934776 0.032076252624392516 0.017334227450191978 0.5000000149011613 0.15000000596046451 0.2396473437547684 0.010752731002867224 0.38482949137687689 0.89802205562591564 0.36728946864604956 0.1566891819238663 1.0603495836257937 0.21666666865348819 -0.028545131906867024 0.036480138078331954 0.90685123205184948 0.25773195922374731 1.0205888748168948 0.95725587010383617 0.66666671633720409 0.80595400929451 0.022391052916646007 0.96925899386405956
decision_type=10 10 8 8 10 10 10 10 10 10 10 2 8 10 10 10 10 10 10 2 8 10 10 8 10 8 10 10 10 10
left_child=1 2 5 4 7 6 13 15 -9 25 24 -12 16 14 -1 -4 -3 -8 20 -20 21 -5 -21 -22 -11 26 -7 -2 -29 -30
right_child=27 12 3 18 -6 9 17 8 -10 10 11 -13 -14 -15 -16 -17 -18 -19 19 22 23 -23 -24 -25 -26 -27 -28 28 29 -31
leaf_value=0.013779170500344093 0.00076081103846330135 -0.007261510367857338 0.0059009476275561504 -0.0093648143053091642 0.010722933418423588 -0.0060206740441697054 0.0018522518196448185 -0.0071161930357183031 0.0039326377349124227 -0.0024383417796894451 -0.0021705595931998957 -8.7902179447598721e-05 -0.012350293960490042 -0.0050303485042626243 0.00097791143408380941 -0.00010589963426842019 0.016235853206114065 0.01262645031284206 -0.0042338723581327765 0.024160386022614229 -0.0015909536697476031 -0.00061704381914932807 0 0.00040661904817619718 -0.007344511661577062 0.00035733930320056435 0 0 0.011558412246594926 -0.0067035493900089761
leaf_weight=333 2216 144 3513 1067 987 1982 832 1123 794 9442 18857 34329 650 1147 2918 1775 124 831 237 255 11897 2403 123 147491 2320 44884 2551 764 1314 109
leaf_count=333 2216 144 3513 1067 987 1982 832 1123 794 9442 18857 34329 650 1147 2918 1775 124 831 237 255 11897 2403 123 147491 2320 44884 2551 764 1314 109
internal_value=1.29555e-05 -4.18563e-05 -1.65604e-05 0.000355051 0.00322982 -0.000548748 0.00243216 0.00213499 -0.00239166 -0.000709747 -0.00131066 -0.000832481 -0.00759874 0.000422529 0.00245709 0.00383533 0.00294123 0.00750043 0.000208778 0.00848335 0.000174651 -0.00343113 0.0170227 0.000255454 -0.00344235 7.41616e-05 -0.00265312 0.00371207 0.00653254 0.00987815
internal_weight=297412 293009 292091 171665 8192 120426 6061 7205 1917 114365 64948 53186 918 4398 3251 5288 268 1663 163473 615 162858 3470 378 159388 11762 49417 4533 4403 2187 1423
internal_count=297412 293009 292091 171665 8192 120426 6061 7205 1917 114365 64948 53186 918 4398 3251 5288 268 1663 163473 615 162858 3470 378 159388 11762 49417 4533 4403 2187 1423
is_linear=0
shrinkage=0.03


Tree=18
num_leaves=31
num_cat=0
split_feature=32 25 86 33 57 31 37 24 10 33 10 16 41 16 49 53 36 49 18 45 9 27 86 10 52 1 88 34 37 15
split_gain=77.121 63.7817 58.7328 81.1002 58.3255 69.5963 68.7512 91.729 56.6047 50.2193 56.1738 76.3287 57.1749 53.5169 53.012 49.8637 44.9873 42.3939 39.3707 40.3405 38.9736 38.893 35.6795 31.943 37.0733 30.9054 24.9715 22.2422 19.9254 30.271
threshold=-0.0050807653460651627 0.012346642557531597 -0.58333334326744068 0.92942845821380626 0.80647325515747081 0.0095289275050163286 0.14462764561176303 0.034448850899934776 1.0208768248558047 0.37278090417385107 1.0171491503715517 0.70005577802658092 0.049247061833739288 0.74123394489288341 0.87654918432235729 0.97775447368621837 0.76947852969169628 0.91528168320655834 1.0380515456199648 1.1465169191360476 1.0006932616233828 0.13864047825336459 0.68333333730697643 1.0181043744087221 0.90328228473663341 0.053075965493917472 0.87134554982185375 0.46989464759826666 0.67496934533119213 0.97001761198043834
decision_type=10 10 2 10 8 8 10 10 10 8 10 8 10 8 10 10 10 10 10 10 10 10 2 10 10 10 10 10 10 10
left_child=2 23 3 15 20 9 -7 8 -8 13 12 -12 -11 -6 -15 27 -9 21 19 -19 22 -17 -3 28 -25 -5 -22 -1 -2 -30
right_child=1 4 -4 25 5 6 7 16 -10 10 11 -13 -14 14 -16 17 -18 18 -20 -21 26 -23 -24 24 -26 -27 -28 -29 29 -31
leaf_value=-0.012867356675223594 0.0008994487310169931 -0.019338034364385893 0.0006125029813599407 -0.010996140641887394 -0.01270845827987954 0.019158800286541329 0.004005699604676268 -0.0061250384394949233 0.016622499870034037 -9.1636911772270343e-05 -0.01380300073045315 0.0012505327406212665 -0.0026859642690539374 0.0045224362386934178 -0.00090685448060586263 0.016317834195251329 0.0029919275366670438 0.0078159697714275927 0.013924021544090628 -0.0010759568075616106 0.0053714083899000674 0.00082909939415752891 -0.0040582354044955632 0.0073814722092798608 -0.0051965437438034395 0.0052787429960661153 -0.0079502051710574461 0.0027000477136432254 -0.0010801179746299653 0.0036105594542528104
leaf_weight=132 24568 293 5470 322 325 228 1542 1074 435 116383 283 33808 8190 1612 88859 819 813 831 395 881 277 230 385 217 1268 109 200 117 1423 6192
leaf_count=132 24568 293 5470 322 325 228 1542 1074 435 116383 283 33808 8190 1612 88859 819 813 831 395 881 277 230 385 217 1268 109 200 117 1423 6192
internal_value=-8.0338e-06 -9.58651e-05 0.00267589 0.00552197 -0.000259058 -0.000226914 0.00363886 0.00255191 0.00707068 -0.000291815 2.83717e-05 0.00110875 -0.000265012 -0.00085452 -0.000805823 0.00711604 -0.00204956 0.00817329 0.00538807 0.00310736 -0.00693628 0.0132815 -0.0114561 0.00112925 -0.00308554 -0.00616346 0 -0.00478042 0.00133484 0.0026942
internal_weight=297681 288375 9306 3836 254707 253552 4092 3864 1977 249460 158664 34091 124573 90796 90471 3405 1887 3156 2107 1712 1155 1049 678 33668 1485 431 477 249 32183 7615
internal_count=297681 288375 9306 3836 254707 253552 4092 3864 1977 249460 158664 34091 124573 90796 90471 3405 1887 3156 2107 1712 1155 1049 678 33668 1485 431 477 249 32183 7615
is_linear=0
shrinkage=0.03


Tree=19
num_leaves=31
num_cat=0
split_feature=16 11 37 26 38 40 16 15 12 48 11 112 49 30 14 54 27 28 123 23 36 140 109 26 41 24 23 48 140 5
split_gain=67.0346 72.3194 54.0802 59.9755 67.3487 58.8499 56.9671 80.5662 55.5862 58.6195 54.7948 50.1994 49.6771 59.5982 48.9178 46.6786 46.6505 46.5442 41.286 45.3961 39.7126 50.4304 32.1742 31.5728 47.4954 35.5408 31.3816 30.725 26.2099 24.5275
threshold=1.2346542477607729 0.92475160956382763 0.84965670108795177 0.020062280818820003 -0.0010238760733045635 -0.057446666061878197 0.66539305448532116 0.86270305514335643 0.98921403288841259 0.85579898953437816 0.96973443031311046 0.2323504984378815 0.88403329253196727 0.0067703754175454387 0.98662620782852184 0.98462924361228954 0.067447338253259673 -0.0040155416354537002 0.10526292771100999 0.026201304048299793 0.80595400929451 0.72682881355285656 0.47222222387790685 0.058938177302479751 0.036391366273164756 0.037804234772920615 0.017149657942354683 0.98069110512733471 0.99116069078445446 0.003456247854046524
decision_type=10 8 8 10 10 8 8 10 8 10 10 2 10 10 8 10 10 10 10 8 10 10 2 10 10 10 10 10 10 10
left_child=1 12 3 18 10 11 7 -6 9 -7 16 29 13 -1 -11 -12 -5 -8 -3 27 -2 -22 -15 25 -25 -10 -23 -20 -28 -4
right_child=20 2 5 4 6 8 17 -9 23 14 15 -13 -14 22 -16 -17 -18 -19 19 -21 21 26 -24 24 -26 -27 28 -29 -30 -31
leaf_value=-0.0028764804493894734 0.00092986041702605477 2.1123030160469809e-05 0.00040199709453116189 0 -0.00071201157439500088 -0.014973085652105509 -6.2536213508646553e-05 0.022201734411606468 0.00073506299571605527 0.0018432455938491403 -0.0031792002780218083 -0.0013893116335384546 0.0012079289139478237 -0.029421925337508665 0.010046725367939642 0.00028638433283653745 0.01143246121492519 -0.0013800106002848976 0.0007077381576424056 0.012419460106160208 -0.0044582876418658261 -0.00044703068079412253 -0.0045258720273166205 -0.0045100650118539733 0.0038940289089157468 0.0070211418120652413 0.0073520058671447848 0.0028488638580854088 0.018206835342634925 0.020799531707640997
leaf_weight=347 1737 41396 102 596 280 100 37537 212 16070 1477 3620 164 288 195 1354 85146 703 70140 21054 325 217 171 111 2229 775 851 763 8796 418 294
leaf_count=347 1737 41396 102 596 280 100 37537 212 16070 1477 3620 164 288 195 1354 85146 703 70140 21054 325 217 171 111 2229 775 851 763 8796 418 294
internal_value=4.10252e-05 -5.84155e-06 2.00646e-05 -9.89629e-05 -0.000368682 0.00140324 -0.000873777 0.00905703 0.00114801 0.00500399 0.000234671 0.0109042 -0.00822292 -0.0127404 0.00591496 0.00014099 0.00630964 -0.000923612 0.000643796 0.0014875 0.0042763 0.00773393 -0.022143 0.000561303 -0.00223128 0.00107683 0.00994594 0.0013502 0.0116829 0.0165387
internal_weight=297468 294162 293221 269805 198234 23416 108169 492 22856 2931 90065 560 941 653 2831 88766 1299 107677 71571 30175 3306 1569 306 19925 3004 16921 1352 29850 1181 396
internal_count=297468 294162 293221 269805 198234 23416 108169 492 22856 2931 90065 560 941 653 2831 88766 1299 107677 71571 30175 3306 1569 306 19925 3004 16921 1352 29850 1181 396
is_linear=0
shrinkage=0.03


Tree=20
num_leaves=31
num_cat=0
split_feature=16 11 25 1 33 20 25 49 162 59 38 17 38 51 39 86 50 34 34 36 115 1 38 87 6 1 110 121 160 13
split_gain=66.9692 83.7335 58.0861 57.7846 53.8253 62.609 82.0396 63.224 53.2371 73.8251 50.3271 112.08 54.9016 61.528 53.772 51.1549 44.1233 36.4381 33.1112 29.1764 53.5264 64.6604 45.9337 33.6585 32.4833 27.032 26.4491 25.5726 24.6055 23.1921
threshold=1.2346542477607729 0.92475160956382763 0.012346642557531597 0.054819600656628616 0.91481935977935802 0.89273595809936535 0.028306395746767524 0.83472758531570446 0.56002363562583934 0.93548598885536205 -0.015619924291968344 0.72891840338706981 -0.0016018347814679144 0.64709019660949718 0.010782370343804361 -0.84999999403953541 0.72665852308273327 0.26207424700260168 0.88041076064109813 0.80921056866645824 0.30555571615695959 0.054819600656628616 0.0012307839933782818 -0.74166667461395253 0.041136438027024276 0.017511555925011638 -0.35147058963775629 0.57539284229278576 1.1309278011322024 0.93718510866165172
decision_type=10 8 10 10 10 10 10 10 10 10 8 8 10 10 10 2 10 10 10 10 10 10 10 2 10 10 2 10 10 10
left_child=1 16 25 10 5 7 -7 -5 9 -6 11 17 15 -14 -13 -12 -1 -4 19 24 21 23 -22 -21 -2 -3 -26 -27 -20 -28
right_child=18 2 3 4 8 6 -8 -9 -10 -11 12 14 13 -15 -16 -17 -18 -19 28 20 22 -23 -24 -25 26 27 29 -29 -30 -31
leaf_value=-0.017919551544550771 0.0073953227277573025 0.0015183323342529925 0 0 0.025306081471265417 -0.0048054128453474156 0.0043261525963247689 -0.013767919463347898 0 0.0042474735351636771 -0.0021647553504551467 -0.0024049000247897837 0.012203818029459955 -0.00062706315777036575 0.0083371515458621724 0.00051242423406752668 -0.0034256778842273149 -0.018649173231926483 0.016010112204938885 -0.010867795351550963 0.022422325597110673 0.012714907464899549 0.0014315532676635249 0.0026800765874456069 -0.014077016914009369 0.00048358628364090892 -0.012503311440570626 -0.0035649542823356891 0 0.00094672690595005364
leaf_weight=319 389 27740 127 1032 269 1036 4853 418 377 423 6859 5469 315 144982 425 91230 616 481 318 306 254 285 197 268 134 5405 109 1840 102 939
leaf_count=319 389 27740 127 1032 269 1036 4853 418 377 423 6859 5469 315 144982 425 91230 616 481 318 306 254 285 197 268 134 5405 109 1840 102 939
internal_value=-3.69324e-05 -8.57438e-05 -5.58316e-05 -0.000212209 0.00222689 0.00125151 0.00265812 -0.0042156 0.00850167 0.0133358 -0.00029565 -0.00290025 -0.000224603 -0.000595506 -0.00155402 0.000321758 -0.0089565 -0.0150079 0.00419758 0.00286563 0.00613637 0.00125939 0.0143405 -0.00416 0 0.0010896 -0.00239008 -0.000510304 0.0121068 -0.000379229
internal_weight=297517 294216 293281 258296 8408 7339 5889 1450 1069 692 249888 6502 243386 145297 5894 98089 935 608 3301 2881 1310 859 451 574 1571 34985 1182 7245 420 1048
internal_count=297517 294216 293281 258296 8408 7339 5889 1450 1069 692 249888 6502 243386 145297 5894 98089 935 608 3301 2881 1310 859 451 574 1571 34985 1182 7245 420 1048
is_linear=0
shrinkage=0.03


Tree=21
num_leaves=31
num_cat=0
split_feature=57 26 45 18 16 29 7 24 3 74 57 35 46 57 40 41 22 101 15 82 73 41 45 68 27 54 125 120 87 37
split_gain=55.5688 83.2835 69.678 74.9698 68.5846 146.081 79.8607 58.794 58.3631 53.2164 69.0833 51.7028 50.3582 47.7485 47.246 82.7536 54.2666 44.6482 42.1619 40.7266 39.9166 61.6426 61.102 37.6884 37.5238 37.3967 37.2665 35.0226 32.1143 31.7348
threshold=0.80647325515747081 0.10718328878283502 1.0370736718177798 1.0289894342422488 0.70005577802658092 0.010320457164198162 0.038835020735859878 0.022195544093847278 0.0053552403114736089 0.55000001192092907 1.168602526187897 0.82404759526252758 1.0627848505973818 1.2381690740585329 -0.034395776689052575 -0.039927501231431954 0.97812795639038097 0.36181819438934332 0.92125985026359569 0.80833333730697643 0.30000000447034841 -0.026944039389491078 1.1368044018745425 0.67741975188255321 0.054645650088787086 0.99217745661735546 0.32142837345600134 0.29433970153331762 0.57499998807907116 0.67133751511573803
decision_type=8 10 10 10 8 10 10 10 10 2 10 8 8 10 8 8 10 2 10 2 10 8 10 10 10 10 10 8 2 10
left_child=23 4 -3 7 5 26 -7 18 -5 11 14 12 29 -14 16 -16 -11 -9 -4 -12 21 -13 -22 -1 -25 -21 -2 -19 -26 -6
right_child=1 2 3 8 9 6 -8 17 -10 10 19 20 13 -15 15 -17 -18 27 -20 25 22 -23 -24 24 28 -27 -28 -29 -30 -31
leaf_value=0 0.020004892895598241 0.020828748796244752 0.016307063855698183 -0.00066636496354517574 -0.00029177308170115875 -0.021934479772988482 0.0011262372004635192 0.013319892650864765 0.01523915160715063 0.0058080294771117062 0 0.0062885018823868747 -0.0011700014124416092 0.0026728619688618721 -0.0069025216239516915 0.00026888960226874737 -0.00058679416594189441 0.0046358971287874451 0 0 0.00097449972284945898 0.00096160833504701593 -0.00490501555981837 0 -0.021673709050511882 0.009124144383769928 -0.00025920769427534486 -0.0040510287417655604 -0.0026146880115451724 0.0013878118994364492
leaf_weight=462 129 201 320 246 41363 478 150 157 661 2884 1158 2549 86163 2948 1444 118154 1889 485 251 541 5900 9088 2137 239 290 1705 119 1936 168 13341
leaf_count=462 129 201 320 246 41363 478 150 157 661 2884 1158 2549 86163 2948 1444 118154 1889 485 251 541 5900 9088 2137 239 290 1705 119 1936 168 13341
internal_value=-3.23078e-05 -5.43852e-06 0.00414945 0.00315114 -6.72894e-05 -0.00835626 -0.0160986 0.000834153 0.0106803 -4.07576e-05 0.00041675 -0.000400165 -0.000598832 -0.00103893 0.000298388 0.000178656 0.00322268 -0.00101042 0.00942215 0.0046267 0.00103597 0.00216295 -0.000559896 -0.00653261 -0.0108388 0.00696572 0.00986828 -0.00216415 -0.0157122 0.000112713
internal_weight=297556 296397 4257 4056 292140 876 628 3149 907 291264 127775 163489 143815 89111 124371 119598 4773 2578 571 3404 19674 11637 8037 1159 697 2246 248 2421 458 54704
internal_count=297556 296397 4257 4056 292140 876 628 3149 907 291264 127775 163489 143815 89111 124371 119598 4773 2578 571 3404 19674 11637 8037 1159 697 2246 248 2421 458 54704
is_linear=0
shrinkage=0.03


Tree=22
num_leaves=31
num_cat=0
split_feature=16 11 50 26 27 79 52 29 86 50 35 86 45 12 13 41 18 11 36 140 41 23 52 1 23 73 3 18 160 5
split_gain=62.4496 60.6734 51.1049 48.7736 68.5247 58.4788 227.385 79.4663 71.882 59.4626 55.2112 55.4933 55.6232 52.9327 52.932 52.7143 48.3616 45.3317 35.1512 46.2201 34.8643 35.6411 32.0477 31.5308 27.3249 24.5708 29.9006 29.2078 22.997 21.6461
threshold=1.2346542477607729 0.92475160956382763 0.72665852308273327 0.021808819845318798 0.076507307589054122 0.94999998807907116 0.65631070733070385 -0.0039962795563042155 -0.516666680574417 0.96292197704315197 0.47179159522056585 -0.81666666269302357 1.0588459968566897 1.001037657260895 0.95163643360137951 0.02219246327877045 1.002007067203522 0.97370570898056041 0.80280810594558727 0.72682881355285656 -0.0017223632894456384 0.032843878492712981 0.90328228473663341 0.036788007244467742 0.017149657942354683 0.30000000447034841 0.0044052901212126025 1.0225929021835329 0.58387160301208507 0.0053763685282319793
decision_type=10 8 10 10 10 2 10 10 2 10 10 2 10 10 8 10 10 10 10 10 8 10 10 10 10 10 10 10 10 10
left_child=1 2 -1 20 10 7 -7 17 -9 -8 11 12 -5 14 -12 -15 -13 -6 -2 -20 22 29 23 28 -21 26 -24 -27 -3 -22
right_child=18 3 -4 4 5 6 9 8 -10 -11 13 16 -14 15 -16 -17 -18 -19 19 24 21 -23 25 -25 -26 27 -28 -29 -30 -31
leaf_value=-0.017264672440900044 0.00092689770225122905 0.00093029179205603998 -0.0019182154973191561 0.0005284393044766981 0.0017873202171098429 0.025056482795077429 0.0062952347300315814 0.0042742144912118699 0.00032993344300906154 -0.00021929629794885988 -0.0034458414684269854 -0.0017196924498993939 -0.0063205155818913603 0.00037736873245396521 -0.00035705043725560925 0.0040112774889773922 -5.1498820655715611e-05 -0.0039790880058292628 -0.0044501179603760755 -0.00035385384416693574 0.0014058351097993196 0.016897110025405542 0.0011183865991353788 -0.0096088582236986998 0.011026126347502675 -0.00090221293235894396 -0.001547015998674467 -0.0058716447281927792 0.0049085081818806154 -4.510558302448276e-05
leaf_weight=310 1714 4432 627 1422 1526 396 1840 5128 22811 3658 5645 33608 3467 37659 45533 3993 29956 5036 211 164 38350 111 12715 181 1197 15315 5317 1161 2017 11672
leaf_count=310 1714 4432 627 1422 1526 396 1840 5128 22811 3658 5645 33608 3467 37659 45533 3993 29956 5036 211 164 38350 111 12715 181 1197 15315 5317 1161 2017 11672
internal_value=2.29978e-05 -2.21098e-05 -0.00756366 1.50267e-06 -0.000257876 0.000843928 0.00360603 0.000361557 0.00106715 0.00192145 -0.000535765 -0.00118223 -0.0042733 -5.56734e-05 -0.000704821 0.000734693 -0.000938499 -0.00259117 0.0041237 0.0073654 0.000577859 0.00110917 -6.25567e-05 0.00183593 0.00945234 -0.000436852 0.000314992 -0.00127727 0.00223223 0.0010614
internal_weight=297172 293886 937 292949 201678 40395 5894 34501 27939 5498 161283 68453 4889 92830 51178 41652 63564 6562 3286 1572 91271 50133 41138 6630 1361 34508 18032 16476 6449 50022
internal_count=297172 293886 937 292949 201678 40395 5894 34501 27939 5498 161283 68453 4889 92830 51178 41652 63564 6562 3286 1572 91271 50133 41138 6630 1361 34508 18032 16476 6449 50022
is_linear=0
shrinkage=0.03


Tree=23
num_leaves=31
num_cat=0
split_feature=16 29 42 6 139 29 120 116 24 60 1 41 78 12 13 10 32 38 13 84 118 60 46 11 46 158 55 70 35 1
split_gain=64.7084 52.1031 64.9022 110.584 70.8375 70.2526 62.0288 65.0968 76.366 63.8806 55.7148 69.4899 70.888 52.4288 52.111 50.7953 49.2282 48.8657 50.1856 48.5546 48.1828 52.3277 41.4924 62.5595 40.9563 40.8611 40.6625 43.9248 39.1377 38.8345
threshold=1.2157111763954165 -0.0012784901191480456 -0.093140352517366395 0.15789464116096499 0.70094409584999096 -0.013342799618840216 0.25773195922374731 0.70436501502990734 0.050488414242863662 0.89907750487327587 0.017511555925011638 -0.027445307001471516 0.70000001788139354 0.98687738180160534 1.1168913841247561 1.0603495836257937 0.0067304496187716731 0.01686045061796904 0.9503208100795747 0.75000000000000011 0.084745746105909361 0.89281019568443309 1.0103004574775698 0.99065420031547557 1.0918788909912112 -0.0019432724220678208 0.88161060214042675 0.66400006413459789 0.81061974167823803 0.070175420492887511
decision_type=10 8 10 10 10 10 8 10 10 10 10 10 10 10 10 10 10 8 10 2 10 10 8 10 10 10 10 10 10 8
left_child=1 2 3 25 5 -5 13 15 9 29 28 12 16 20 -14 22 -12 24 -19 -15 -3 -22 -8 -24 -13 -1 -17 -28 -4 -9
right_child=-2 6 10 4 -6 -7 7 8 -10 -11 11 17 14 19 -16 26 -18 18 -20 -21 21 -23 23 -25 -26 -27 27 -29 -30 -31
leaf_value=-0.00655246141482403 0.003620931106519289 -0.0018793232935969989 -0.00030643267617442373 0 0.0038503429075717847 0.020936313602250286 0.0015939517444462257 0.0080767934847497669 -0.010611233618588414 0.0023385822549445096 -0.0027187851218557486 -0.0012171381316995887 0.0010134645815353925 -0.0025529496926159473 -0.0097830902889772219 -0.0073303212847427596 -0.016995913188154924 -0.0108593785738819 0.0024404627413645813 0.0013860481383198746 -0.015580566603296203 0 -0.00071699969124088914 0.00061834454458737666 -0.0032452203219326512 0.00077438174658194436 0.0053866181375413404 0.023954307396927756 0.0019747103455724862 0.027563198195634093
leaf_weight=1018 4376 1264 42186 165 2634 472 19408 1335 282 3427 3437 17080 18928 6378 387 106 226 252 3216 4913 651 223 50977 82642 20502 1839 595 157 8033 103
leaf_count=1018 4376 1264 42186 165 2634 472 19408 1335 282 3427 3437 17080 18928 6378 387 106 226 252 3216 4913 651 223 50977 82642 20502 1839 595 157 8033 103
internal_value=7.32322e-06 -4.5896e-05 -0.000525711 0.00246654 0.00623706 0.0152319 0.00028729 0.000454166 0.00377218 0.00470735 -0.000689239 -0.00127602 3.22452e-05 -0.00166435 0.00077173 0.000340763 -0.00376862 -0.00201529 0.0013313 -0.000813049 -0.00597195 -0.0113808 0.000297399 0.000106621 -0.00233263 -0.00175943 0.00755018 0.0101719 5.3127e-05 0.0100373
internal_weight=297212 292836 120375 6128 3271 637 172461 159032 5147 4865 114247 64028 22978 13429 19315 153885 3663 41050 3468 11291 2138 874 153027 133619 37582 2857 858 752 50219 1438
internal_count=297212 292836 120375 6128 3271 637 172461 159032 5147 4865 114247 64028 22978 13429 19315 153885 3663 41050 3468 11291 2138 874 153027 133619 37582 2857 858 752 50219 1438
is_linear=0
shrinkage=0.03


Tree=24
num_leaves=31
num_cat=0
split_feature=22 49 16 29 3 22 31 42 5 46 13 42 13 76 76 48 114 49 0 37 22 29 139 16 17 30 31 33 72 101
split_gain=63.1542 165.304 58.616 53.7998 76.934 90.995 80.5419 50.6829 68.3907 59.5255 58.1112 54.9465 50.9578 47.7201 44.5732 41.7807 51.3657 40.5989 50.31 50.2716 40.1146 39.4291 47.6948 38.9768 37.992 37.0235 36.4443 34.5513 32.2665 40.3782
threshold=0.74945753812789928 0.87189301848411571 1.2346542477607729 -0.00019778237765422088 0.01896335277706385 1.0942281484603884 0.0095289275050163286 -0.093140352517366395 0.008743147365748884 1.0733821988105776 0.97184625267982494 0.067252509295940413 1.1168913841247561 0.21666666865348819 0.18333333730697635 0.99683094024658214 0.55652177333831798 0.96518424153327953 -0.0079757445491850359 0.25968314707279211 0.80311778187751781 -0.014273019973188637 0.71018812060356151 0.88222891092300426 0.67958521842956554 -0.0060110881458967915 0.008140856400132181 0.96925899386405956 0.86538445949554454 0.69397994875907909
decision_type=8 10 10 8 10 10 10 10 10 10 8 10 10 2 2 10 10 8 10 10 10 10 10 8 10 10 10 10 10 2
left_child=1 28 3 7 5 17 20 8 14 11 13 -9 -12 -11 24 16 -7 18 -5 -19 -6 -10 -23 -13 -2 27 -22 -4 -1 -30
right_child=2 -3 25 4 6 15 -8 9 21 10 12 23 -14 -15 -16 -17 -18 19 -20 -21 26 22 -24 -25 -26 -27 -28 -29 29 -31
leaf_value=-0.002258847387864363 0.021087424136841525 0.017001818277049753 0.0066696904014175466 0.0011972161763978886 -0.0072189439862321118 0.0089332328337233501 0.014898729722926336 6.6451969220709026e-05 0.00022696752560149935 -0.0010454469911750047 -0.00085230235078386754 -0.0039573380892740234 -0.010717344083328497 -0.0087221578454563624 -0.0016097537913336479 -0.0051082492929989684 0 -0.00040385888814199896 -0.00056519247887558887 0.0016663191170408114 0.002697540115904922 0.020433649700214624 0.0060329320134391538 0.013207484989863587 0.0028480562259721003 -0.0012768613398498622 0.016277926195572945 -0.0084725759229980976 -0.019501807657471889 0
leaf_weight=288 110 187 2370 17987 309 2041 541 58667 693 1519 78009 116 460 1598 3449 270 813 16745 75353 27634 3860 287 1123 460 906 806 180 110 531 145
leaf_count=288 110 187 2370 17987 309 2041 541 58667 693 1519 78009 116 460 1598 3449 270 813 16745 75353 27634 3860 287 1123 460 906 806 180 110 531 145
internal_value=-1.13898e-05 -0.00696521 1.50683e-05 -2.87144e-05 0.000378902 0.000247907 0.00407438 -0.000433761 0.00212888 -0.000555693 -0.00108166 0.000163698 -0.000916671 -0.00510723 0 0.00529681 0.00641426 0.000130448 -0.000222172 0.000878617 0.00259716 0.00656175 0.00941872 0.00923053 0.00548134 0.00398803 0.0034537 0.00581565 -0.0121704 -0.0157757
internal_weight=297567 1151 296416 293130 145733 140843 4890 147397 6568 140829 81586 59243 78469 3117 4465 3124 2854 137719 93340 44379 4349 2103 1410 576 1016 3286 4040 2480 964 676
internal_count=297567 1151 296416 293130 145733 140843 4890 147397 6568 140829 81586 59243 78469 3117 4465 3124 2854 137719 93340 44379 4349 2103 1410 576 1016 3286 4040 2480 964 676
is_linear=0
shrinkage=0.03


Tree=25
num_leaves=31
num_cat=0
split_feature=28 27 32 79 147 143 25 16 38 50 71 78 19 16 76 13 7 120 124 38 36 109 55 74 39 5 137 52 115 53
split_gain=66.031 64.7541 58.1518 121.72 83.1569 53.9005 52.3287 51.965 51.8157 87.2791 60.1891 72.307 50.7695 82.0455 66.1634 76.5727 66.6167 50.3143 50.1793 44.5501 60.8184 56.493 62.8815 44.3901 42.2018 40.9054 40.7752 40.4808 35.44 32.8195
threshold=-0.011131388600915669 0.061821404844522483 0.0067304496187716731 0.94999998807907116 0.48692893981933599 0.55164992809295665 0.012346642557531597 1.0378462672233584 -0.00095967468223534514 0.69031959772109996 0.91492569446563732 0.5000000149011613 1.0165424942970278 1.2037070393562319 0.11666667088866235 1.0593919754028323 0.006504026474431158 0.24528294056653979 -0.28409074246883387 -0.0025408311048522587 0.4815796166658402 -0.21111111342906949 1.2293111085891726 0.65000000596046459 -0.0024228292750194664 0.013592263218015434 0.84501203894615184 0.704116851091385 0.28235334157943731 1.0807352662086489
decision_type=10 10 10 2 10 10 10 10 10 10 10 10 10 10 2 10 10 10 10 10 10 2 10 2 10 10 10 10 10 10
left_child=1 7 6 4 -4 18 -2 -1 12 24 11 -11 13 28 15 -14 -16 -12 -6 20 27 22 -22 -9 -10 -23 -15 -3 -8 -21
right_child=2 19 3 -5 5 -7 8 23 9 10 17 -13 14 26 16 -17 -18 -19 -20 29 21 25 -24 -25 -26 -27 -28 -29 -30 -31
leaf_value=0.0019474657718079392 0.0010016960475655546 0.011858677845361702 0.0007106606754761222 0.018619788099202006 0.0013601565727399459 -0.0017303075818044524 0.0048669272247848236 -0.00093014366370995183 0 -0.0020182130811668233 -0.0018340912030528869 -0.00034723614905718338 -0.0040141698280631403 0.014641641389906547 -0.0003700421898308797 0.0087641536250044026 0.0077074567001890852 0.0019613262103130003 -0.014231361420814494 0.0022937133688173089 -0.00043647018118632988 0.013819424141455868 0.016376550709699914 -0.0094590904025420187 -0.017112640656896348 0 0 -0.00057444673215613612 0.00040189735011582741 -0.0036317320093587641
leaf_weight=6795 33847 249 1240 179 173 755 1629 6956 159 34203 4056 74978 7250 538 17258 416 950 12952 1272 6646 944 1369 224 593 410 230 254 1648 78423 910
leaf_count=6795 33847 249 1240 179 173 755 1629 6956 159 34203 4056 74978 7250 538 17258 416 950 12952 1272 6646 944 1369 224 593 410 230 254 1648 78423 910
internal_value=-9.97476e-06 0.00141574 -0.000150958 -0.00391993 -0.00528034 -0.0087682 -9.85219e-05 2.67944e-05 -0.000259377 -0.000670004 -0.000613623 -0.000873722 0.000225582 0.000598009 -0.000926052 -0.00326071 4.29364e-05 0.0010375 -0.0121668 0.00301888 0.00534559 0.00818333 0.00275684 -0.00166298 -0.012219 0.0118788 0.0101057 0.00100772 0.000497697 0.00153279
internal_weight=297506 26564 270942 3619 3440 2200 267323 14344 233476 126758 126189 109181 106718 80844 25874 7666 18208 17008 1445 12220 4664 2767 1168 7549 569 1599 792 1897 80052 7556
internal_count=297506 26564 270942 3619 3440 2200 267323 14344 233476 126758 126189 109181 106718 80844 25874 7666 18208 17008 1445 12220 4664 2767 1168 7549 569 1599 792 1897 80052 7556
is_linear=0
shrinkage=0.03


Tree=26
num_leaves=31
num_cat=0
split_feature=61 1 34 25 35 33 58 109 105 65 120 50 13 10 44 36 16 68 1 37 114 61 10 46 77 40 122 38 112 1
split_gain=58.7408 69.961 65.7132 59.568 54.6041 51.7552 48.9331 50.7064 68.4486 55.0163 40.9004 79.111 65.0065 52.276 76.513 68.8061 45.2304 78.7989 43.8731 38.746 36.7962 35.3886 34.0466 33.6027 33.2196 32.583 30.0552 29.8188 29.1211 29.0456
threshold=1.0664107203483584 0.054819600656628616 0.93758702278137218 0.013608650304377081 0.60387402772903453 0.89189702272415172 1.0241674184799197 -0.29285715520381922 0.34166666865348821 0.36754386126995092 0.25773195922374731 0.86924263834953319 1.1168913841247561 1.0169506669044497 1.0100625157356264 0.048237677663564689 0.72276085615158092 0.67741975188255321 0.011702156625688078 0.45324067771434789 0.81042152643203746 0.7016996741294862 1.0183101296424868 1.0770663022994997 0.20833333581686023 0.027539884671568874 0.27659599483013159 0.0028644709382206206 -0.13840996474027631 0.039850102737545974
decision_type=10 10 10 10 10 10 10 2 2 10 10 8 10 10 10 10 8 10 10 10 10 10 10 8 2 10 10 10 2 10
left_child=3 2 5 23 -3 29 10 -8 -9 24 16 13 18 14 -12 -15 17 21 -13 -11 25 -5 -22 -1 -10 -18 -19 -7 -29 -2
right_child=1 4 -4 6 -6 27 7 8 9 19 11 12 -14 15 -16 -17 20 26 -20 -21 22 -23 -24 -25 -26 -27 -28 28 -30 -31
leaf_value=0.0011655934423475832 0.0046157453127352597 0 0.011626501974037657 0.014743322247707443 0.012258650725705223 -0.0013707119824817068 -0.0022859854005700445 -0.01070661904538381 0.0091942663949030334 0.003117383076177707 0.003479499709331116 0.0006441613224973811 -0.014517656707962564 0.014589887819215693 -0.0011154114629299409 0.0027114666287385803 -0.0024439354987244259 -0.00037534599497448655 -0.00057892174675751849 0.018891651416110107 -0.00068667478895443842 -0.0050302062898085718 0.0057521473927495742 -0.0015043169457177523 0.00046102525139991878 -0.01180072061761166 -0.016259577782625288 -0.018159518901816225 -0.0018814572516156543 -0.0023575682760354718
leaf_weight=42193 1616 514 438 144 1044 981 1068 194 609 283 4881 30839 275 468 9625 6850 5353 180 175243 460 5005 117 842 4606 1263 364 578 236 246 722
leaf_count=42193 1616 514 438 144 1044 981 1068 194 609 283 4881 30839 275 468 9625 6850 5353 180 175243 460 5005 117 842 4606 1263 364 578 236 246 722
internal_value=-2.24439e-05 0.0029612 0.000870062 -8.30197e-05 0.00837752 -0.000345287 -0.000271564 0.00305591 0.00519478 0.00656063 -0.000326641 -0.00023324 -0.000416074 0.00148061 0.0004127 0.00354969 -0.00199353 -0.00805537 -0.000394394 0.0135158 -0.00142049 0.00508458 0.000205865 0.00089588 0.00352785 -0.00313103 -0.0129798 -0.00480201 -0.0108552 0.00233335
internal_weight=297237 5797 4239 291440 1558 3801 244641 3877 2809 2615 240764 228181 206357 21824 14506 7318 12583 1019 206082 743 11564 261 5847 46799 1872 5717 758 1463 482 2338
internal_count=297237 5797 4239 291440 1558 3801 244641 3877 2809 2615 240764 228181 206357 21824 14506 7318 12583 1019 206082 743 11564 261 5847 46799 1872 5717 758 1463 482 2338
is_linear=0
shrinkage=0.03


Tree=27
num_leaves=31
num_cat=0
split_feature=26 101 25 138 18 51 24 115 74 95 1 25 162 36 47 84 41 43 38 87 49 158 40 35 138 12 34 33 3 68
split_gain=53.6985 93.4988 76.1797 80.4189 75.731 74.4871 113.754 53.4453 49.8656 48.5914 44.8093 61.2152 82.3992 73.1378 54.6754 52.9082 50.0302 49.4457 47.1132 45.7955 43.549 66.787 48.803 41.6389 41.3945 40.9617 41.2052 40.4248 37.7478 37.0046
threshold=0.10718328878283502 0.36515152454376226 0.067826356738805785 0.87531223893165599 0.95002853870391857 0.67947936058044445 0.03719716705381871 0.49006612598896032 0.35000000894069677 0.053976938128471381 0.054819600656628616 0.044578697532415397 0.34262140095233923 0.24342562258243564 1.0125550627708437 0.65000000596046459 -0.10886703059077261 1.1186230182647707 -0.018508657813072201 -0.22500000149011609 0.83472758531570446 0.010073218960314991 0.065270122140645995 0.41561545431613928 0.86050096154212963 0.98176664113998424 0.89117348194122326 0.86523041129112255 0.017191983759403232 0.94736865162849437
decision_type=10 2 10 10 10 8 10 10 2 10 10 8 10 10 10 2 8 10 8 2 8 10 10 10 10 10 10 10 10 10
left_child=5 -2 7 8 -5 6 -1 -3 -4 -10 17 15 16 14 -14 -12 -13 18 24 -18 21 -20 -22 -11 -7 -8 -27 -19 -6 -17
right_child=1 2 3 4 28 10 25 -9 9 23 11 12 13 -15 -16 29 19 27 20 -21 22 -23 -24 -25 -26 26 -28 -29 -30 -31
leaf_value=0.01130888505020578 0.019203242600682978 0 -0.0011067323424366817 -0.021559630399156964 -0.0050154086509257177 -0.0074167776913049493 -0.0019175745430402456 0.013929496441941049 -0.003233159490760315 0 0.0010393141198423988 -0.0026161445455433435 -0.0020228869800751163 -0.0062999442224233107 0.016716907530928884 -0.011718888878084961 0.0031580454187950719 -0.00073139524404161973 0.0082812249146715332 0.011216584786105892 -4.1052052143658958e-05 -0.0091472663072687845 -0.0071082804904457515 0.016730855107577467 -0.00034083035030160085 -0.02115340389270905 0 -0.0092169264734439822 0.0038074388003800077 0.001597301598190318
leaf_weight=190 289 322 588 183 1229 1450 277 668 165 137 2747 387 226 984 257 561 1187 1245 1141 1826 275682 206 863 562 1703 464 107 948 618 217
leaf_count=190 289 322 588 183 1229 1450 277 668 165 137 2747 387 226 984 257 561 1187 1245 1141 1826 275682 206 863 562 1703 464 107 948 618 217
internal_value=-2.83665e-05 0.00312379 0.00193701 -8.16232e-05 -0.00400571 -8.08794e-05 -0.00802842 0.00919494 0.00518061 0.0097271 -5.10144e-05 0.00210488 0.00428906 -0.00147424 0.00762019 -0.00083338 0.00685755 -0.000116094 -7.98301e-05 0.00818252 -3.72331e-05 0.00530155 -6.47036e-05 0.0132085 -0.0037157 -0.0128674 -0.0174271 -0.00458527 -0.00189347 -0.00768185
internal_weight=297429 4761 4472 3482 2030 292668 1038 990 1452 864 291630 8392 4867 1467 483 3525 3400 283238 281045 3013 277892 1347 276545 699 3153 848 571 2193 1847 778
internal_count=297429 4761 4472 3482 2030 292668 1038 990 1452 864 291630 8392 4867 1467 483 3525 3400 283238 281045 3013 277892 1347 276545 699 3153 848 571 2193 1847 778
is_linear=0
shrinkage=0.03


Tree=28
num_leaves=31
num_cat=0
split_feature=33 10 22 22 25 33 68 61 18 54 32 39 48 61 23 33 83 41 13 59 46 25 33 93 93 38 31 78 29 31
split_gain=44.0673 67.8357 100.638 71.0379 65.8524 66.8409 84.9348 64.5595 68.3274 63.0477 78.0808 67.1271 57.1321 53.4488 52.9251 52.0933 50.6921 57.4089 49.6813 65.159 60.7533 54.8307 45.2673 44.6508 43.0049 42.947 49.7424 40.9074 54.3769 40.5763
threshold=0.37278090417385107 1.0183101296424868 0.97667682170867931 0.80311778187751781 0.039891956374049194 0.92346403002738964 0.16129124164581302 0.77947142720222484 0.95801642537117015 1.0253064632415774 -0.003500125370919704 0.032399853691458709 0.9889533817768098 0.79346299171447765 0.01106104673817754 0.74198427796363842 -0.70000001788139332 -0.017794311977922913 0.98214536905288707 0.99836882948875438 1.0057575702667239 0.059296786785125739 0.87422770261764537 -0.81196725368499745 0.28786754608154302 -0.0049289341550320378 -9.0777288278331967e-05 0.30000000447034841 -0.0043611193541437379 0.0078250342048704642
decision_type=8 10 10 10 8 10 10 10 10 10 10 10 10 10 10 10 10 10 8 8 10 10 8 10 10 10 10 10 10 10
left_child=9 18 3 7 -4 15 23 8 22 10 24 14 -12 27 -11 -6 17 -16 20 -20 21 -2 -3 -7 -1 -15 -27 -5 -29 -9
right_child=1 2 4 13 5 6 -8 29 -10 11 12 -13 -14 25 16 -17 -18 -19 19 -21 -22 -23 -24 -25 -26 26 -28 28 -30 -31
leaf_value=0.00059414479690016945 0.0017534378789738441 -0.014209200659880541 -0.00059790908519023603 0 0.0013800293769089969 0.0063904347376444858 0.012488383800777443 -0.0015767188309907276 0.010331255580952031 -0.00044968155096401183 -0.00073984242735865443 0.004602547480722064 0.001154349089404583 0.0059660255461726043 0.0072067357764801316 0.0075403885684949858 -0.0040665344715707166 -0.0061541566337229145 0.001381972230693885 -0.00019480977132076965 -0.0011984618704463611 -0.0072078306212085596 0.0047499717607562032 -0.0090527517891443397 0.0062964817353651815 0.011460056481309051 0.00051271029801010844 0 0.024059410265177817 -0.020303768885102783
leaf_weight=2481 10940 242 17029 170 2655 165 235 261 445 9189 62554 1328 18483 5109 773 2571 11842 418 39286 58313 43993 621 155 961 2530 406 3716 101 323 218
leaf_count=2481 10940 242 17029 170 2655 165 235 261 445 9189 62554 1328 18483 5109 773 2571 11842 418 39286 58313 43993 621 155 961 2530 406 3716 101 323 218
internal_value=2.12885e-05 0.000301076 0.00149725 0.00384706 0.000373202 0.00292338 -0.00283416 -0.00250775 0.00221864 -0.000455661 -7.54519e-05 -0.00183092 -0.000303934 0.00473531 -0.00223266 0.00448508 -0.00346417 0.0022456 2.7456e-05 0.000436964 -0.00068648 0.00123456 -0.00621479 -0.00645595 0.00354641 0.00410736 0.00171354 0.0135536 0.0183563 -0.0111731
internal_weight=297513 187915 34762 11146 23616 6587 1361 1321 842 109598 86048 23550 81037 9825 22222 5226 13033 1191 153153 97599 55554 11561 397 1126 5011 9231 4122 594 424 479
internal_count=297513 187915 34762 11146 23616 6587 1361 1321 842 109598 86048 23550 81037 9825 22222 5226 13033 1191 153153 97599 55554 11561 397 1126 5011 9231 4122 594 424 479
is_linear=0
shrinkage=0.03


Tree=29
num_leaves=31
num_cat=0
split_feature=31 120 121 24 51 120 38 62 18 38 26 78 20 22 101 17 1 124 78 12 84 118 60 137 139 24 81 1 127 17
split_gain=51.9438 46.34 60.1491 79.8005 60.294 46.3289 44.7662 62.1866 85.395 60.8544 59.6441 67.6818 95.0209 53.2588 52.9271 50.7568 47.6818 41.113 43.9885 35.4247 46.72 44.9908 53.9591 34.1051 38.2451 33.8397 33.8096 30.7245 29.2762 28.5502
threshold=-0.0082896822132170183 0.25773195922374731 0.29873929917812353 0.050488414242863662 0.64709019660949718 0.31690146028995519 -0.001470593560952693 0.86085230112075817 1.0308935642242434 -0.012885106727480887 0.021940106526017192 0.30000000447034841 0.96956411004066478 0.89724525809288036 0.36754386126995092 0.66476282477378856 0.014285661745816471 0.17333317548036578 0.30000000447034841 0.98598679900169384 0.75000000000000011 0.084745746105909361 0.8960065245628358 1.0226420760154726 0.76101228594779979 0.054256098344922073 0.55000001192092907 0.027218367904424671 0.25291961431503301 1.1129686236381533
decision_type=8 8 10 10 10 10 8 10 10 10 8 10 8 10 2 8 10 10 10 10 2 10 10 10 10 10 2 10 10 8
left_child=17 19 3 4 5 -3 7 8 9 -4 -8 14 -13 -10 -12 -9 -17 18 23 21 26 -2 28 24 -1 27 -21 -20 -23 -27
right_child=1 2 6 -5 -6 -7 10 15 13 -11 11 12 -14 -15 -16 16 -18 -19 25 20 -22 22 -24 -25 -26 29 -28 -29 -30 -31
leaf_value=0 -0.0014890148061410045 0 -0.0027413918074962931 -0.011768808127499926 0.0028706039572775743 0.025816785327136924 0.0004138697681807494 0.015331358807337837 0.012384226296069003 0.0026467754744582054 0.00172835131864228 0.0022104204244906352 -0.0008199372167689837 6.6980937675439883e-05 -0.0029450384276464075 0.0010991420963964713 -0.0003092082480156461 -0.0072227865139709658 0.0045978118001492266 -0.0023171456436425668 0.0010161125614349903 -0.023015590905876401 0.0024933697550450682 0 0.018039460685612033 -0.0039744974048009935 -0.014293197015012601 -0.0022139730061642346 -0.0073490697280695176 0.0082971146397271666
leaf_weight=123 1175 100 2392 293 6079 171 54119 178 1126 8087 2388 10618 72971 505 17760 30922 71537 289 923 6362 5009 268 163 219 443 155 213 1575 345 1047
leaf_count=123 1175 100 2392 293 6079 171 54119 178 1126 8087 2388 10618 72971 505 17760 30922 71537 289 923 6362 5009 268 163 219 443 155 213 1575 345 1047
internal_value=-2.36379e-05 -7.53517e-05 6.72917e-06 0.00282385 0.00357911 0.0171517 -6.10223e-05 0.000388543 0.00242149 0.00138539 -0.000389724 -0.000811844 -0.000430977 0.00879921 -0.00237509 0.000145331 0.000113034 0.00307238 0.00383149 -0.00178844 -0.00112102 -0.00554743 -0.0111239 0.0103092 0.0140847 0.00232848 -0.00279277 0.000200337 -0.0151831 0.00643002
internal_weight=297555 292781 279246 6643 6350 271 272603 114747 12110 10479 157856 103737 83589 1631 20148 102637 102459 4774 4485 13535 11584 1951 776 785 566 3700 6575 2498 613 1202
internal_count=297555 292781 279246 6643 6350 271 272603 114747 12110 10479 157856 103737 83589 1631 20148 102637 102459 4774 4485 13535 11584 1951 776 785 566 3700 6575 2498 613 1202
is_linear=0
shrinkage=0.03


Tree=30
num_leaves=31
num_cat=0
split_feature=16 23 94 36 40 36 18 73 26 39 25 33 20 24 23 75 65 59 0 45 41 33 26 33 116 59 131 118 108 61
split_gain=56.3396 47.814 53.5563 86.7257 42.7481 93.5861 69.7504 61.8347 55.7052 54.4342 66.1273 64.1799 52.6598 51.2837 46.8931 43.8399 42.3619 41.6553 40.0902 43.5239 38.0863 34.3314 34.1729 34.6149 32.6871 28.6657 28.4049 26.9137 36.4157 31.8516
threshold=1.2346542477607729 0.081776939332485213 0.2396473437547684 0.41877594590187078 -0.030740197747945782 0.82249087095260631 1.0247355103492739 0.5000000149011613 0.028726626187562946 -0.015951267443597313 0.11536478251218797 0.24035226553678515 1.0724788308143618 0.11145476624369623 0.033715052530169494 0.17500000447034839 0.17083333432674411 0.91982641816139232 0.024850742891430858 1.1182534098625185 0.015905088745057586 0.97336161136627208 0.073983062058687224 0.62269222736358654 0.50211417675018322 1.0137457251548769 0.49228709936141973 0.57407447695732128 1.0000000180025095e-35 0.89121022820472728
decision_type=10 10 8 10 10 10 10 10 10 10 10 10 10 10 8 2 10 10 10 8 10 10 10 10 8 10 8 8 2 10
left_child=1 4 3 -3 5 13 8 12 14 11 -11 -10 16 18 17 -14 -8 -6 19 -1 25 -2 -4 -24 -20 -9 -7 28 -28 -29
right_child=21 2 22 -5 6 26 7 20 9 10 -12 -13 15 -15 -16 -17 -18 -19 24 -21 -22 -23 23 -25 -26 -27 27 29 -30 -31
leaf_value=0.0011848030355821155 0.0045882166216214999 -0.0080859551634072206 -0.00098526159331879825 0.023450956226438283 -0.0095215779892532746 -0.0050451053162881487 -0.0049580091597861463 -0.014578866892055155 -0.0013224934777071136 -0.00070003808186685319 -0.014835577454801612 0.0033772027266625567 -0.00017180756508074574 0.014419949271716177 0.0095089959603778668 0.0098834892829282855 0.0018336440402345732 0.00034748461411834869 -0.0036682340160882222 -0.0014080130064423745 0.0035009363664699443 -0.010664441141321561 -0.0024651097743746244 -0.022626526163409239 0.01042574101771063 -0.0050860983266217503 0.023268300787014657 0.00031452918207689531 0.0052288388890579717 0.0092198414724644715
leaf_weight=15692 3148 177 255 105 364 124 3249 668 4246 104347 281 6485 1142 220 484 532 1019 141724 147 9192 177 109 161 270 596 785 222 721 296 894
leaf_count=15692 3148 177 255 105 364 124 3249 668 4246 104347 281 6485 1142 220 484 532 1019 141724 147 9192 177 109 161 270 596 785 222 721 296 894
internal_value=1.16193e-05 -3.08862e-05 -0.00661983 0.00343853 -7.69186e-06 0.00110341 -0.000126508 -0.0029612 -4.19046e-05 -0.000533021 -0.000743697 0.00149074 -0.00146705 0.000576621 0.000353387 0.00292565 -0.00326553 0.000318755 0.000434931 0.000214625 -0.00814235 0.00392425 -0.0111598 -0.0162037 0.00722105 -0.00979265 0.00694631 0.00782315 0.0140952 0.00548012
internal_weight=297832 294575 968 282 293607 28104 265503 7572 257931 115359 104628 10731 5942 25847 142572 1674 4268 142088 25627 24884 1630 3257 686 431 743 1453 2257 2133 518 1615
internal_count=297832 294575 968 282 293607 28104 265503 7572 257931 115359 104628 10731 5942 25847 142572 1674 4268 142088 25627 24884 1630 3257 686 431 743 1453 2257 2133 518 1615
is_linear=0
shrinkage=0.03


Tree=31
num_leaves=31
num_cat=0
split_feature=32 138 81 30 16 120 15 121 24 21 53 22 120 74 97 53 72 38 17 42 6 137 22 38 48 38 10 15 42 10
split_gain=49.2162 49.9607 60.978 46.841 83.3726 53.0098 52.0586 50.1465 58.1957 44.7214 40.6678 54.3848 39.9505 40.3458 44.374 39.7421 67.0924 44.5629 69.0178 53.0495 42.4636 39.2621 41.5357 46.6622 39.1431 39.0486 36.1046 35.8384 35.5386 44.7845
threshold=-0.0048612528480589381 0.51088941097259533 0.61666667461395275 -0.00038742304604966188 0.93408358097076427 0.25773195922374731 0.95438024401664745 0.29397556185722357 0.050488414242863662 0.8996485471725465 0.98640778660774242 0.91042080521583568 0.73840367794036876 0.25000000745058065 0.1248460039496422 1.0588570237159731 0.67105302214622509 -0.017367323860526081 0.73705121874809276 -0.10234589874744414 0.28571678698062902 0.52318003773689281 0.92101368308067333 -1.0000000180025095e-35 0.97862249612808239 -0.021966870874166485 1.0131728053092959 1.045083820819855 0.0024932575179263954 1.0189394354820254
decision_type=10 8 2 10 8 10 8 10 10 10 10 10 10 2 10 10 10 10 8 10 10 10 10 10 10 8 10 8 10 10
left_child=1 -1 -3 4 6 -5 26 8 9 -7 11 -8 21 -14 -15 17 20 18 -9 -19 -17 28 23 -23 27 -4 -2 -12 -6 -30
right_child=3 2 25 5 12 7 10 15 -10 -11 24 -13 13 14 -16 16 -18 19 -20 -21 -22 22 -24 -25 -26 -27 -28 -29 29 -31
leaf_value=-0.0043943531519685976 -0.0013717527858150744 5.3883003967597436e-05 0.016000340141438633 -0.0014741775442625982 -0.0012479098272354151 0.0091747399811928382 0 -0.013501799284386643 -0.010074891128052753 0.002360929931577411 -0.00012313944884553317 -0.024290197739959694 0.00033161709515090656 0.0077606467506770981 0 0.0034434549358832362 0.011201884472369628 0.011404954580259544 -0.0011024424130413918 0.00033957641995573595 -0.005452810685252189 0.00085042764655276191 0.0003716880320035011 -0.014097925411605552 -0.0089407190240255625 0.004188156952100534 0.012444155611179846 -0.010127808731734094 -0.00015721227399117518 0.0053715164898582432
leaf_weight=933 488 4399 273 13533 57814 1235 149 486 241 3547 1851 220 7921 1599 1038 1821 787 373 2396 127589 620 297 42330 362 1248 4850 218 388 16905 1404
leaf_count=933 488 4399 273 13533 57814 1235 149 486 241 3547 1851 220 7921 1599 1038 1821 787 373 2396 127589 620 297 42330 362 1248 4850 218 388 16905 1404
internal_value=2.5815e-05 0.00204627 0.00271668 -4.69152e-05 -0.000456566 0.000311409 -0.0044387 0.000487478 0.00343172 0.00421402 -0.00583153 -0.0154335 -0.000313492 0.00144653 0.00465489 0.000374439 0.00366057 0.000290529 -0.0033754 0.000375953 0.001036 -0.000472234 0.000247045 -0.00709252 -0.00464767 0.00493572 0.00270642 -0.00206398 -0.000882332 0.000255782
internal_weight=297315 10455 9522 286860 134232 152628 4562 139095 5023 4782 3856 369 129670 10558 2637 134072 3228 130844 2882 127962 2441 119112 42989 659 3487 5123 706 2239 76123 18309
internal_count=297315 10455 9522 286860 134232 152628 4562 139095 5023 4782 3856 369 129670 10558 2637 134072 3228 130844 2882 127962 2441 119112 42989 659 3487 5123 706 2239 76123 18309
is_linear=0
shrinkage=0.03


Tree=32
num_leaves=31
num_cat=0
split_feature=32 33 53 1 14 12 19 160 55 79 36 86 31 61 138 137 53 36 18 53 28 44 11 53 112 138 39 40 127 11
split_gain=54.0553 51.8312 67.0772 50.4763 52.5782 75.0357 54.7742 46.9243 58.8076 67.2302 64.4253 47.8387 48.7487 50.1766 45.2816 49.4136 47.637 44.8517 43.7019 42.958 42.7542 42.5065 41.6227 57.1772 50.5234 47.7038 40.0321 60.9478 39.9836 39.6698
threshold=-0.0050807653460651627 0.37278090417385107 1.031648635864258 0.012910792138427498 0.91366606950759899 0.9772726595401765 0.97609913349151622 3.9049030542373662 0.93262457847595226 0.55000001192092907 0.79590147733688366 0.68333333730697643 -0.0067029576748609534 0.79346299171447765 0.51088941097259533 0.9839913845062257 0.97930344939231884 0.54626476764678966 1.0273590087890627 0.96505042910575878 0.0075886689592152843 1.0158730149269106 0.97930213809013378 1.0002506375312807 -0.0168079100549221 0.79143074154853832 0.036625599488615997 0.034697720780968673 -0.10371866822242735 0.97095018625259411
decision_type=10 8 8 10 8 10 10 10 8 2 10 2 10 10 8 8 10 10 10 10 10 10 10 10 2 8 10 10 10 8
left_child=14 2 3 -2 5 -5 -7 8 9 10 17 12 21 -14 29 16 -16 -3 28 -11 -4 -10 24 -24 -18 -25 -6 -28 -13 -1
right_child=1 7 20 4 26 6 -8 -9 11 19 -12 18 13 -15 15 -17 22 -19 -20 -21 -22 -23 23 25 -26 -27 27 -29 -30 -31
leaf_value=0.0063787080770624539 0.00069416304556686888 -0.0040404678070874341 -0.0050145494885746704 -0.010543691860011351 -0.0010880841590991542 0.0080369404925342055 -0.0011916010968416946 0.0073104032265743418 -0.0066675486345139654 0.023269330280877295 0.0038437021017499306 -0.004041592546626672 0.0050540036386215138 -9.1552689663704895e-05 -0.0060841685886539165 0.00010156552242318743 0.011979402416300558 -0.013259884276497392 0.0060270465308711789 0 0.0060961004536258332 0.0050339707725638987 -0.0045477353447131458 0 -0.0039813562233241336 0.0083074579297630052 0.0096773210216209472 -0.0039560173403733962 0.0013772958877490962 -0.008158985389196861
leaf_weight=190 25481 1584 4219 287 72970 1679 792 817 273 106 526 1249 1705 146408 295 3525 1287 790 1747 109 296 2714 588 856 166 1739 738 431 23462 621
leaf_count=190 25481 1584 4219 287 72970 1679 792 817 273 106 526 1249 1705 146408 295 3525 1287 790 1747 109 296 2714 588 856 166 1739 738 431 23462 621
internal_value=-1.94896e-05 -9.30302e-05 -0.000617757 -0.000456219 -0.000841397 0.00318584 0.00497277 0.000214401 0.000179848 -0.00388741 -0.00517903 0.000253321 4.514e-05 -2.96201e-05 0.00223201 0.00290457 0.00483923 -0.00731889 0.00142997 0.0112159 -0.00419632 0.0038275 0.0056219 0.00351515 0.00992298 0.00547764 -0.000996076 0.00441652 0.00108822 -0.00432055
internal_weight=297650 288383 106893 102378 76897 2758 2471 181490 180673 3115 2900 177558 151100 148113 9267 8456 4931 2374 26458 215 4515 2987 4636 3183 1453 2595 74139 1169 24711 811
internal_count=297650 288383 106893 102378 76897 2758 2471 181490 180673 3115 2900 177558 151100 148113 9267 8456 4931 2374 26458 215 4515 2987 4636 3183 1453 2595 74139 1169 24711 811
is_linear=0
shrinkage=0.03


Tree=33
num_leaves=31
num_cat=0
split_feature=42 84 29 57 69 28 13 61 3 79 66 28 25 38 36 45 8 55 159 38 144 10 16 43 50 32 35 17 1 160
split_gain=57.0922 63.3387 52.0957 69.7006 60.257 63.7511 51.0932 73.8256 97.0613 67.814 124.706 130.053 52.3116 51.4475 60.1839 51.3371 51.0928 56.7704 50.3893 46.5285 41.0736 40.3764 39.5941 37.0237 36.5368 45.0181 36.8895 36.2671 41.257 36.0454
threshold=-0.10234589874744414 -0.35000000894069666 -0.0034643186954781409 1.168602526187897 0.24675337970256808 -0.016411625780165192 0.9665297567844392 0.79346299171447765 0.011479614768177273 0.65000000596046459 0.95916664600372326 0.01887115836143494 0.049863018095493324 0.013289813883602621 0.43273240327835089 1.0269881486892702 -0.17948859930038449 1.0510987639427187 0.0075797501485794791 -1.0000000180025095e-35 0.4722594022750855 1.0374600887298586 0.88524588942527782 1.1186230182647707 0.9045725166797639 0.0057013311889022597 0.72803157567977916 1.2663827538490298 0.015384607482701542 3.9049030542373662
decision_type=8 2 8 10 10 10 8 8 10 2 10 10 10 10 10 10 10 10 10 10 10 10 10 10 10 10 10 8 10 10
left_child=1 16 4 6 23 -6 9 8 12 18 -11 -12 -8 15 -15 -9 17 -1 29 -18 -10 27 -20 24 -2 26 -26 28 -7 -4
right_child=2 -3 3 -5 5 21 7 13 20 10 11 -13 -14 14 -16 -17 19 -19 22 -21 -22 -23 -24 -25 25 -27 -28 -29 -30 -31
leaf_value=0.021214775669885642 0.0057562744597882392 -0.0054461820117255796 -0.00093003120729554 0.003149493198833282 0.0060820868710093822 0 0.012139328205193489 0.00084019674701424297 0.0018847345958038428 -0.0012270643937641666 0.004359445440572084 0.027041310563133691 -0.0029389481361578687 0.0079367844409474111 0.00029449922581708995 -0.000255021025996583 0.016528775883059888 0.0010085890629533097 -0.0070392505687857983 0.0048073486487565124 0.019058321262817788 -0.013237569025690548 -0.001363175934600609 -0.0056915513451445089 -0.00061631415519292846 -0.010430124773530874 0.0012524362162368336 0.00062631989790466476 -0.0033093528671576801 0.0096685726954260972
leaf_weight=113 949 672 32321 6778 816 4287 248 60177 223 2008 903 312 870 1653 2279 106406 468 3368 2269 1226 519 289 2473 1035 30989 359 13676 3533 15795 267
leaf_count=113 949 672 32321 6778 816 4287 248 60177 223 2008 903 312 870 1653 2279 106406 468 3368 2269 1226 519 289 2473 1035 30989 359 13676 3533 15795 267
internal_value=-9.83475e-06 0.00291902 -6.98216e-05 0.000158236 -0.000772403 -0.00197173 6.13218e-05 0.000288059 0.00620644 -0.000894721 0.00324175 0.0107704 0.000296728 0.000221021 0.00360711 0.000138872 0.00407982 0.00186766 -0.00126143 0.00837573 0.0144756 -0.00226406 -0.00416028 -0.000134764 -7.19817e-07 -0.000131226 -3.71024e-05 -0.00210598 -0.00260174 -0.000828118
internal_weight=297281 5847 291434 219706 71728 24720 212928 172375 1860 40553 3223 1215 1118 170515 3932 166583 5175 3481 37330 1694 742 23904 4742 47008 45973 45024 44665 23615 20082 32588
internal_count=297281 5847 291434 219706 71728 24720 212928 172375 1860 40553 3223 1215 1118 170515 3932 166583 5175 3481 37330 1694 742 23904 4742 47008 45973 45024 44665 23615 20082 32588
is_linear=0
shrinkage=0.03


Tree=34
num_leaves=31
num_cat=0
split_feature=31 23 3 28 71 49 11 49 32 39 7 38 14 38 62 35 113 94 77 54 141 135 38 103 83 117 26 62 5 120
split_gain=40.9818 55.282 43.5115 49.0722 56.1557 50.5703 49.2755 40.751 95.119 59.7064 41.481 41.4798 40.582 35.885 69.6669 44.0528 35.0545 34.7041 39.8366 34.4779 34.2816 41.3823 41.5843 34.2329 42.9587 32.4051 32.1778 30.7843 61.5389 61.9276
threshold=-0.0082896822132170183 0.081776939332485213 0.0057803087402135142 -0.010029166471213101 0.56923067569732677 0.8196873962879182 0.98846790194511425 0.83472758531570446 9.4498394901165752e-05 0.0285090571269393 0.02251647133380175 -0.011750271543860434 0.96373698115348827 0.0054441215470433244 0.68567064404487621 0.74744176864624035 0.92307695746421825 0.24427707493305209 0.95833331346511852 1.0397436022758486 0.84421464800834667 1.3605194687843325 -0.0017937194206751881 0.22500000149011615 -0.50000001490116108 0.57494205236434948 0.089514035731554045 0.68567064404487621 0.011627931147813799 0.43030299246311193
decision_type=8 10 10 10 10 10 10 8 10 10 10 8 8 10 10 10 10 8 2 10 8 10 10 2 10 8 10 10 10 10
left_child=12 2 7 4 5 -4 25 8 9 -2 -10 23 -1 15 -15 -13 -12 26 -19 -7 -14 22 -22 -9 -25 -6 -3 28 -5 -30
right_child=1 17 3 27 6 19 -8 11 10 -11 16 13 20 14 -16 -17 -18 18 -20 -21 21 -23 -24 24 -26 -27 -28 -29 29 -31
leaf_value=-0.0062382853934202414 0.018888522757026918 -0.005791844599290003 0.015318976331953747 -0.008881712650851567 0.0089462634557056966 0.0044945891453438492 0.010240699137945614 0.0025012512714742089 0.0058241806061093537 0 -0.013003503714719871 0.00023826925488830289 -0.0012715845732362686 0.010722903141790609 -0.00066608608308765165 0.0015736187866326344 0.0011904883210933426 -0.023550740369274969 -0.0055051448803086047 -0.00057025198333482527 0.011050959697743277 -0.0010013523012318182 0.0031533358616404506 0.001142776879428825 -0.0035022095148338418 -0.0033364589521792747 0.013073003916651942 -0.000759755893603768 -0.0017383546946676571 0.021496558356084279
leaf_weight=375 479 193 178 1134 259 1351 1029 1466 388 209 310 115991 923 467 39128 27747 226 163 512 10233 1161 730 1569 2280 6992 596 108 80319 440 108
leaf_count=375 479 193 178 1134 259 1351 1029 1466 388 209 310 115991 923 467 39128 27747 226 163 512 10233 1161 730 1569 2280 6992 596 108 80319 440 108
internal_value=-2.36496e-05 -6.96944e-05 -4.45329e-05 -0.000569725 0.0010853 0.0002842 0.00587355 0.000210673 0.00493803 0.0132499 -0.00108266 0.000169356 0.00273076 0.000276967 -0.000518841 0.000498313 -0.00665161 -0.00712735 -0.0108468 1.31749e-06 0.00359112 0.00497437 0.00667703 -0.00163713 -0.00232771 0.000160856 0.000435145 -0.000848997 -0.00487519 0.0029083
internal_weight=297064 292306 291330 95647 13646 11762 1884 195683 1612 688 924 194071 4758 183333 39595 143738 536 976 675 11584 4383 3460 2730 10738 9272 855 301 82001 1682 548
internal_count=297064 292306 291330 95647 13646 11762 1884 195683 1612 688 924 194071 4758 183333 39595 143738 536 976 675 11584 4383 3460 2730 10738 9272 855 301 82001 1682 548
is_linear=0
shrinkage=0.03


Tree=35
num_leaves=31
num_cat=0
split_feature=1 121 161 26 50 26 58 72 17 12 158 81 25 26 84 14 34 59 16 42 83 34 14 21 34 1 35 17 17 25
split_gain=49.2669 106.102 58.8851 69.3264 53.0238 50.9075 52.7725 85.8274 57.7092 85.1776 51.0975 46.6286 45.9023 44.8211 45.092 42.6388 58.7652 58.0523 52.6361 52.6033 49.4763 42.5932 57.0144 72.0377 44.4573 41.7663 54.5887 42.3749 41.0835 59.1658
threshold=0.054819600656628616 0.65637069940567028 0.11875465884804727 0.044440530240535743 0.72665852308273327 0.028562129475176338 1.0046710371971133 0.58064526319503795 0.69149112701416027 1.0049736499786379 0.00038889731513336306 0.050000002607703216 0.030155290849506858 0.058938177302479751 0.84999999403953563 0.91655829548835765 0.11603806167840959 0.85283562541008007 1.1138349771499636 0.11029954254627229 0.70000001788139354 0.87697312235832225 1.0671219825744631 1.1074119806289675 0.47945511341094976 0.036788007244467742 0.43428361415863043 0.97708642482757579 0.70149126648902904 0.021705509163439277
decision_type=10 8 10 8 10 8 8 10 8 10 10 2 10 10 2 8 10 10 10 10 10 10 10 10 10 10 10 8 8 10
left_child=5 2 3 -2 -4 25 8 21 9 10 11 -7 -5 14 -14 17 18 -10 -17 -18 -19 22 23 -8 -24 27 -27 -1 29 -9
right_child=1 -3 4 12 -6 6 7 28 15 -11 -12 -13 13 -15 -16 16 19 20 -20 -21 -22 -23 24 -25 -26 26 -28 -29 -30 -31
leaf_value=0.0011280188908946102 -0.0031319934172951008 0.0094415767447174649 -0.010679065422383976 -0.012845487861428409 -0.00050070169456635733 -0.011278585824634034 -5.2783106881827403e-05 0.029568371793353244 -0.0085437868980130418 -0.013763024796812547 0.0055027631031784596 -0.0013134815947929623 0.0071195972698114927 0.0035505642173359105 0.025696999299063068 -7.5486454298377307e-05 -0.0011728211199688921 0.003333088079212506 0.0042143257131638844 -0.0085249464863173634 -0.0011170937010068214 0.0030005128531195853 -0.0093610133823132553 0.014969427217681873 -0.0020691636640848715 -0.0044169427405047158 0.0025986586338328926 1.6520461323341758e-05 0.0027827563096194459 0.0051809812369667243
leaf_weight=45638 1249 1461 529 100 3382 601 11147 113 496 715 582 1627 652 3012 165 18699 75928 6149 2943 881 3397 2930 932 274 4764 3528 1316 97060 6210 466
leaf_count=45638 1249 1461 529 100 3382 601 11147 113 496 715 582 1627 652 3012 165 18699 75928 6149 2943 881 3397 2930 932 274 4764 3528 1316 97060 6210 466
internal_value=-3.22031e-05 0.00197772 0.000726915 0.00284488 -0.00200107 -0.000107423 -0.000520436 0.000667994 -0.000807893 -0.00458969 -0.00206878 -0.00421144 0.00482709 0.00543092 0.0117543 -0.000681432 -0.000873154 0.00116638 0.000497369 -0.00126325 0.00171908 -0.000306347 -0.000892746 0.00030693 -0.00334335 0.000279255 -0.00244644 0.000374213 0.0035816 0.0112697
internal_weight=296946 10550 9089 5178 3911 286396 138854 26836 112018 3525 2810 2228 3929 3829 817 108493 98451 10042 21642 76809 9546 20047 17117 11421 5696 147542 4844 142698 6789 579
internal_count=296946 10550 9089 5178 3911 286396 138854 26836 112018 3525 2810 2228 3929 3829 817 108493 98451 10042 21642 76809 9546 20047 17117 11421 5696 147542 4844 142698 6789 579
is_linear=0
shrinkage=0.03


Tree=36
num_leaves=31
num_cat=0
split_feature=33 159 36 55 79 23 49 108 44 1 14 12 56 41 88 7 54 86 78 52 53 109 9 27 142 162 27 1 109 37
split_gain=46.6227 58.5259 54.2632 73.2394 76.8734 67.518 50.5454 80.2887 74.3123 48.6403 50.3062 97.723 57.5807 52.4751 51.2776 42.4193 41.6959 40.1698 56.7804 52.1395 38.545 75.7763 71.5053 46.2188 41.5965 49.5101 39.9177 37.998 67.8143 35.1879
threshold=0.37278090417385107 -0.076323054730892168 0.80921056866645824 0.93262457847595226 0.55000001192092907 0.021289968863129619 0.83472758531570446 -0.22500000149011609 1.0112360119819643 0.014285661745816471 0.89449545741081249 0.9772726595401765 0.91144755482673656 0.025941952131688598 0.089141778647899642 0.043824752792716033 1.0032288432121279 -0.65000000596046437 0.30000000447034841 0.81502485275268566 1.0352428555488589 0.18333333730697635 1.0439897179603579 0.075794491916894927 1.2834490537643435 -0.0038751397514715786 0.047598997130990035 0.070175420492887511 0.18333333730697635 0.667841136455536
decision_type=8 8 8 8 2 10 8 2 10 10 8 10 10 10 10 10 10 2 10 10 10 2 10 10 10 10 10 10 2 10
left_child=9 -2 3 4 15 -4 7 -5 -9 -1 11 -11 -13 -14 -15 16 -3 19 -19 -8 23 22 -22 -12 25 -25 -23 -7 -29 -24
right_child=1 2 5 6 -6 27 17 8 -10 10 20 12 13 14 -16 -17 -18 18 -20 -21 21 26 29 24 -26 -27 -28 28 -30 -31
leaf_value=0.00047933606648610939 0.0090560595322957769 -0.011215231525919902 0.00064205180259166667 0.023198256902396679 0.011543338107543865 0.0035432121854090263 -0.00904487963398206 0.013345010279428348 -0.0013855962220990926 -0.012965918965503358 -0.0012524999672443135 -0.0017293730412768101 0.0028836285107850658 0.0015331426452067267 0.020966996980434721 -0.001218243429333249 0.0061621146931597759 -0.00062791716938516006 0.00072946838222998404 -0.00071669115146095184 -0.004045790637137967 0 0 -0.00020081608651081865 -0.00093675596383255646 0.0049100246995777835 -0.015545437987317537 0.020998036586135239 -0.0022361994344951971 0.017220814728488163
leaf_weight=32449 665 1350 18664 184 204 5744 682 400 1048 253 58478 548 702 217 450 967 101 39938 89594 27964 1866 146 206 3189 6702 3397 633 288 139 215
leaf_count=32449 665 1350 18664 184 204 5744 682 400 1048 253 58478 548 702 217 450 967 101 39938 89594 27964 1866 146 206 3189 6702 3397 633 288 139 215
internal_value=2.47502e-06 0.000290132 0.000256438 5.47636e-05 -0.00489627 0.0015623 0.000138475 0.0053617 0.00260565 -0.000488666 -0.000900501 0.00355153 0.0059977 0.00928713 0.0153098 -0.00648961 -0.00973437 8.20167e-05 0.000308604 -0.000931605 -0.00103452 -0.00434339 -0.00140249 -0.000887812 0.000694038 0.00239678 -0.0123507 0.00428605 0.0130019 0.00928531
internal_weight=297383 187932 187267 162432 2622 24835 159810 1632 1448 109451 77002 2170 1917 1369 667 2418 1451 158178 129532 28646 74832 3066 2287 71766 13288 6586 779 6171 427 421
internal_count=297383 187932 187267 162432 2622 24835 159810 1632 1448 109451 77002 2170 1917 1369 667 2418 1451 158178 129532 28646 74832 3066 2287 71766 13288 6586 779 6171 427 421
is_linear=0
shrinkage=0.03


Tree=37
num_leaves=31
num_cat=0
split_feature=57 49 158 161 38 27 82 69 109 44 30 38 46 57 162 11 27 19 76 42 122 17 115 25 78 28 50 143 136 124
split_gain=45.7368 84.8546 78.0367 61.5756 59.6102 49.9536 48.6225 44.8484 62.7877 58.8309 45.1839 44.4197 68.2433 88.5205 67.1735 62.5026 71.4153 57.9921 56.754 45.7894 36.2749 36.0793 48.9644 66.7557 31.924 82.847 49.3725 31.8904 31.7941 30.2164
threshold=0.84245216846466076 0.83472758531570446 0.0029341898625716571 -0.0014651765231974421 0.017799356952309612 0.12785436213016513 0.44166666269302374 0.94642797112464916 0.29285715520381933 1.0206692814826968 0.0061740381643176087 -1.0000000180025095e-35 1.0733821988105776 1.0221714377403261 0.12370415404438974 0.96973443031311046 0.057849608361721046 0.94108232855796825 0.41666667163372045 -0.10234589874744414 0.39019878208637243 0.84720826148986828 0.40999998152256018 0.029572173953056339 0.30000000447034841 0.01887115836143494 0.90334895253181469 0.67600309848785411 0.62719640135765087 0.64745023846626293
decision_type=8 8 8 10 10 10 2 10 2 10 10 10 10 10 10 8 10 8 2 8 10 10 10 10 10 10 10 10 10 10
left_child=3 2 7 27 11 21 -4 8 -2 -10 -9 15 24 14 -14 16 -3 -17 -15 -19 -7 -6 -23 -24 26 -26 -13 -1 -18 -29
right_child=1 4 6 -5 5 20 -8 10 9 -11 -12 12 13 18 -16 17 28 19 -20 -21 -22 22 23 -25 25 -27 -28 29 -30 -31
leaf_value=0.0052222377326325998 0.011054646411934379 -0.0021296465623170291 -0.01644604858584128 -0.0083169172475905471 -0.0017298906018172644 0.018737116437627845 0.00097627757524856732 0.021511753178046825 -0.013914992665178901 0.0038413754752727844 0 -0.0028297837638006466 -0.0060835828850683161 -0.0013183886355881663 0 -0.0063973680685657812 0.012505364071332627 0.0037976459388473155 0.0011844157775340557 0.00021579424977429671 0.0041319491932468519 -0.00032380066894526708 0 0.010135509505282378 0.00038106544232628799 0.013794545758957919 0.00011556014241046673 -0.014479725194261384 0.00012556533678806722 0.0030294998056797995
leaf_weight=662 873 622 175 1332 1719 273 444 341 195 747 101 7502 5359 36619 2267 1150 954 3281 10351 142351 511 1748 948 1442 58816 399 15493 161 293 119
leaf_count=662 873 622 175 1332 1719 273 444 341 195 747 101 7502 5359 36619 2267 1150 954 3281 10351 142351 511 1748 948 1442 58816 399 15493 161 293 119
internal_value=4.01243e-05 7.39348e-05 0.00518435 -0.00417726 2.22391e-05 0.00282836 -0.00384035 0.00780319 0.00535499 0 0.0165399 -4.21865e-05 -0.000433174 -0.00125562 -0.00425791 0.000315638 0.00574499 0.000243688 -0.00076018 0.000299061 0.0099304 0.0017961 0.00333429 0.00611471 0.000109538 0.000481139 -0.000833932 0.00141563 0.00988124 -0.00633243
internal_weight=297248 294974 2876 2274 292098 6641 619 2257 1815 942 442 285457 136806 54596 7626 148651 1869 146782 46970 145632 784 5857 4138 2390 82210 59215 22995 942 1247 280
internal_count=297248 294974 2876 2274 292098 6641 619 2257 1815 942 442 285457 136806 54596 7626 148651 1869 146782 46970 145632 784 5857 4138 2390 82210 59215 22995 942 1247 280
is_linear=0
shrinkage=0.03


Tree=38
num_leaves=31
num_cat=0
split_feature=32 138 86 23 1 38 17 33 161 25 121 43 50 162 59 162 53 33 86 1 56 13 61 45 126 24 51 8 38 24
split_gain=40.8903 47.2026 49.1155 42.4721 39.9407 54.7832 72.5757 54.1283 54.9167 65.1933 52.0887 50.7179 48.8537 44.2415 75.0754 50.8662 39.1588 39.278 38.7307 57.0766 57.1126 50.2278 77.1487 70.5594 37.951 54.4172 37.3783 32.0026 31.9929 31.7747
threshold=-0.0050807653460651627 0.51088941097259533 -0.58333334326744068 0.081776939332485213 0.054819600656628616 -0.015619924291968344 0.73705121874809276 0.91481935977935802 0.11875465884804727 0.04106466285884381 0.30316770076751715 1.0732248425483706 0.74937552213668834 0.60566142201423656 0.93548598885536205 -0.18686289340257642 0.97930344939231884 0.92942845821380626 -0.81666666269302357 0.017890472896397117 1.1537739038467409 0.98294728994369518 0.80486842989921581 1.0768116116523745 0.28327642381191259 0.054256098344922073 0.69828322529792797 0.739128738641739 0.032385723665356643 0.054256098344922073
decision_type=8 8 2 10 10 8 8 10 10 8 8 10 10 10 10 10 10 10 2 10 10 10 10 10 10 10 10 10 10 10
left_child=1 27 16 4 5 6 11 8 9 -6 -11 -2 -10 14 -9 -16 -3 -18 19 -7 -21 23 -23 -20 29 -26 -14 -1 -5 -8
right_child=3 2 -4 28 7 18 24 13 12 10 -12 -13 26 -15 15 -17 17 -19 21 20 -22 22 -24 -25 25 -27 -28 -29 -30 -31
leaf_value=-0.0079449212542182096 -0.016097765613819155 -0.004766577483725643 0.00059567279445056425 -0.0027893904465327718 -0.001865142058424454 0.00047595873849122999 -0.0033399854319160131 0.025385885276760542 -0.011625702210712506 -0.0027342650257599697 0.007844977754495509 0.0022029646157133804 0.013582928558742557 -0.0011831961129064438 0.010595559122615367 -0.010340453921860589 0.00763432848008367 -0.0028284264016488854 -0.00022006202743880728 -0.0029399857399825735 0.0027254058037801594 0.0066350560158183053 0.00033365786058359642 -0.0033175700096292541 0.007759416598818597 -0.0083641138674075965 -0.0012218215854868917 0.005720353021198955 -0.016463340038972093 0.0085514239631127552
leaf_weight=623 543 259 4224 814 1328 11793 4456 250 379 451 2351 138 142 236 318 121 2829 309 66641 13679 1743 1753 170398 7370 732 218 2620 161 204 180
leaf_count=623 543 259 4224 814 1328 11793 4456 250 379 451 2351 138 142 236 318 121 2829 309 66641 13679 1743 1753 170398 7370 732 218 2620 161 204 180
internal_value=3.37085e-05 0.00209432 0.00284227 -2.5352e-05 -2.46476e-06 -6.40721e-05 -0.00283284 0.00205808 0.00112941 0.0034213 0.00602856 -0.0120042 -0.00179178 0.008862 0.0126622 0.00397232 0.00552818 0.00649767 0 -0.00107389 -0.00227755 0.000118363 0.00040033 -0.000533377 -0.00162238 0.00365404 -0.000260667 -0.00469304 -0.00608299 -0.0027791
internal_weight=297263 8405 7621 288858 287840 279644 6267 8196 7271 4130 2802 681 3141 925 689 439 3397 3138 273377 27215 15422 246162 172151 74011 5586 950 2762 784 1018 4636
internal_count=297263 8405 7621 288858 287840 279644 6267 8196 7271 4130 2802 681 3141 925 689 439 3397 3138 273377 27215 15422 246162 172151 74011 5586 950 2762 784 1018 4636
is_linear=0
shrinkage=0.03


end of trees

feature_importances:
KLEN=46
RESI5=41
ROC30=39
STD30=35
RSQR5=28
STD20=25
RSQR30=24
STD10=22
ROC60=21
IMXD30=21
BETA10=20
LOW0=19
STD5=19
MIN20=19
ROC5=18
STD60=18
QTLU60=18
RSQR10=17
RESI30=17
MIN10=16
QTLU5=16
MA5=15
BETA60=15
HIGH0=14
VWAP0=14
MA60=14
RESI20=14
QTLD30=14
SUMN20=14
KUP=13
BETA20=13
RSQR20=13
RESI60=13
BETA30=12
QTLD60=12
KLOW=11
ROC10=11
ROC20=11
BETA5=11
RESI10=11
MAX20=11
MAX30=11
IMIN5=10
WVMA5=10
RSQR60=9
MIN30=9
MIN60=9
WVMA20=9
MIN5=8
QTLU10=8
IMXD60=8
SUMN30=8
MAX5=7
QTLU20=7
QTLD10=7
QTLD20=7
RSV30=7
IMXD10=7
CNTD10=7
SUMN5=7
SUMD20=7
KMID=6
KLOW2=6
KSFT=6
IMAX5=6
IMAX10=6
IMAX30=6
IMIN10=6
IMIN30=6
SUMP5=6
SUMN60=6
VSTD60=6
WVMA10=6
ORC_OVERNIGHT_DOMINANCE_20=6
ORC_INTRADAY_RANGE_RETURN_10=6
KSFT2=5
OPEN0=5
MA30=5
QTLU30=5
QTLD5=5
RSV5=5
RSV60=5
IMIN60=5
CNTP30=5
CNTD60=5
SUMP20=5
SUMD5=5
ORC_GAP_CONFIRMATION_20=5
ORC_CLOSE_PRESSURE_VOLUME_20=5
MAX10=4
IMAX60=4
MA10=3
MA20=3
RANK20=3
IMXD5=3
IMXD20=3
CORD10=3
CNTN5=3
CNTD5=3
CNTD20=3
SUMP10=3
SUMP30=3
SUMD10=3
SUMD30=3
SUMD60=3
WVMA30=3
WVMA60=3
VSUMP5=3
MAX60=2
RSV10=2
RSV20=2
CORR5=2
CORD5=2
CORD60=2
CNTN20=2
CNTD30=2
SUMN10=2
VMA30=2
ORC_GAP_ABSORPTION_20=2
KMID2=1
KUP2=1
RANK30=1
IMAX20=1
CORR20=1
CORR60=1
CORD20=1
CNTP5=1
CNTP60=1
CNTN10=1
CNTN30=1
SUMP60=1
VMA5=1
VSTD20=1
VSTD30=1
VSUMP10=1
VSUMP60=1
VSUMN30=1

parameters:
[boosting: gbdt]
[objective: regression]
[metric: l2]
[tree_learner: serial]
[device_type: cpu]
[data_sample_strategy: bagging]
[data: ]
[valid: ]
[num_iterations: 500]
[learning_rate: 0.03]
[num_leaves: 31]
[num_threads: 12]
[seed: 20260814]
[deterministic: 1]
[force_col_wise: 1]
[force_row_wise: 0]
[histogram_pool_size: -1]
[max_depth: 7]
[min_data_in_leaf: 100]
[min_sum_hessian_in_leaf: 0.001]
[bagging_fraction: 0.8]
[pos_bagging_fraction: 1]
[neg_bagging_fraction: 1]
[bagging_freq: 1]
[bagging_seed: 20260814]
[bagging_by_query: 0]
[feature_fraction: 0.8]
[feature_fraction_bynode: 1]
[feature_fraction_seed: 20260814]
[extra_trees: 0]
[extra_seed: 17475]
[early_stopping_round: 0]
[early_stopping_min_delta: 0]
[first_metric_only: 0]
[max_delta_step: 0]
[lambda_l1: 10]
[lambda_l2: 20]
[linear_lambda: 0]
[min_gain_to_split: 0]
[drop_rate: 0.1]
[max_drop: 50]
[skip_drop: 0.5]
[xgboost_dart_mode: 0]
[uniform_drop: 0]
[drop_seed: 29730]
[top_rate: 0.2]
[other_rate: 0.1]
[min_data_per_group: 100]
[max_cat_threshold: 32]
[cat_l2: 10]
[cat_smooth: 10]
[max_cat_to_onehot: 4]
[top_k: 20]
[monotone_constraints: ]
[monotone_constraints_method: basic]
[monotone_penalty: 0]
[feature_contri: ]
[forcedsplits_filename: ]
[refit_decay_rate: 0.9]
[cegb_tradeoff: 1]
[cegb_penalty_split: 0]
[cegb_penalty_feature_lazy: ]
[cegb_penalty_feature_coupled: ]
[path_smooth: 0]
[interaction_constraints: ]
[verbosity: 1]
[saved_feature_importance_type: 0]
[use_quantized_grad: 0]
[num_grad_quant_bins: 4]
[quant_train_renew_leaf: 0]
[stochastic_rounding: 1]
[linear_tree: 0]
[max_bin: 255]
[max_bin_by_feature: ]
[min_data_in_bin: 3]
[bin_construct_sample_cnt: 200000]
[data_random_seed: 20260812]
[is_enable_sparse: 1]
[enable_bundle: 1]
[use_missing: 1]
[zero_as_missing: 0]
[feature_pre_filter: 1]
[pre_partition: 0]
[two_round: 0]
[header: 0]
[label_column: ]
[weight_column: ]
[group_column: ]
[ignore_column: ]
[categorical_feature: ]
[forcedbins_filename: ]
[precise_float_parser: 0]
[parser_config_file: ]
[objective_seed: 27057]
[num_class: 1]
[is_unbalance: 0]
[scale_pos_weight: 1]
[sigmoid: 1]
[boost_from_average: 1]
[reg_sqrt: 0]
[alpha: 0.9]
[fair_c: 1]
[poisson_max_delta_step: 0.7]
[tweedie_variance_power: 1.5]
[lambdarank_truncation_level: 30]
[lambdarank_norm: 1]
[label_gain: ]
[lambdarank_position_bias_regularization: 0]
[eval_at: ]
[multi_error_top_k: 1]
[auc_mu_weights: ]
[num_machines: 1]
[local_listen_port: 12400]
[time_out: 120]
[machine_list_filename: ]
[machines: ]
[gpu_platform_id: -1]
[gpu_device_id: -1]
[gpu_device_id_list: ]
[gpu_use_dp: 0]
[num_gpu: 1]

end of parameters

pandas_categorical:null
