tree
version=v4
num_class=1
num_tree_per_iteration=1
label_index=0
max_feature_idx=162
objective=regression
feature_names=KMID KLEN KMID2 KUP KUP2 KLOW KLOW2 KSFT KSFT2 OPEN0 HIGH0 LOW0 VWAP0 ROC5 ROC10 ROC20 ROC30 ROC60 MA5 MA10 MA20 MA30 MA60 STD5 STD10 STD20 STD30 STD60 BETA5 BETA10 BETA20 BETA30 BETA60 RSQR5 RSQR10 RSQR20 RSQR30 RSQR60 RESI5 RESI10 RESI20 RESI30 RESI60 MAX5 MAX10 MAX20 MAX30 MAX60 MIN5 MIN10 MIN20 MIN30 MIN60 QTLU5 QTLU10 QTLU20 QTLU30 QTLU60 QTLD5 QTLD10 QTLD20 QTLD30 QTLD60 RANK5 RANK10 RANK20 RANK30 RANK60 RSV5 RSV10 RSV20 RSV30 RSV60 IMAX5 IMAX10 IMAX20 IMAX30 IMAX60 IMIN5 IMIN10 IMIN20 IMIN30 IMIN60 IMXD5 IMXD10 IMXD20 IMXD30 IMXD60 CORR5 CORR10 CORR20 CORR30 CORR60 CORD5 CORD10 CORD20 CORD30 CORD60 CNTP5 CNTP10 CNTP20 CNTP30 CNTP60 CNTN5 CNTN10 CNTN20 CNTN30 CNTN60 CNTD5 CNTD10 CNTD20 CNTD30 CNTD60 SUMP5 SUMP10 SUMP20 SUMP30 SUMP60 SUMN5 SUMN10 SUMN20 SUMN30 SUMN60 SUMD5 SUMD10 SUMD20 SUMD30 SUMD60 VMA5 VMA10 VMA20 VMA30 VMA60 VSTD5 VSTD10 VSTD20 VSTD30 VSTD60 WVMA5 WVMA10 WVMA20 WVMA30 WVMA60 VSUMP5 VSUMP10 VSUMP20 VSUMP30 VSUMP60 VSUMN5 VSUMN10 VSUMN20 VSUMN30 VSUMN60 VSUMD5 VSUMD10 VSUMD20 VSUMD30 VSUMD60 ORC_GAP_CONFIRMATION_20 ORC_GAP_ABSORPTION_20 ORC_OVERNIGHT_DOMINANCE_20 ORC_CLOSE_PRESSURE_VOLUME_20 ORC_INTRADAY_RANGE_RETURN_10
feature_infos=[-0.16749253869056702:0.23587034642696381] [0:0.33308270573616028] [-1:1] [0:0.27153289318084717] [0:1] [0:0.21718749403953552] [0:1] [-0.31147539615631104:0.23587034642696381] [-1:1] [0.80914634466171265:1.2011904716491699] [1:1.365384578704834] [0.7725520133972168:1] [0.90894031524658203:1.0927579402923584] [0.57777780294418335:1.6790908575057983] [0.54954206943511963:1.8924485445022583] [0.46860837936401367:2.2146341800689697] [0.46312057971954346:2.740487813949585] [0.36440131068229675:2.649662971496582] [0.74611109495162964:1.3455072641372681] [0.65066665410995483:1.4951817989349365] [0.60133224725723267:1.7117466926574707] [0.56646168231964111:1.9959673881530762] [0.4937971830368042:1.8649090528488159] [0:0.26957115530967712] [0:0.32280367612838745] [0:0.36472421884536743] [0:0.57258552312850952] [0:0.50059491395950317] [-0.16409091651439667:0.12254486232995987] [-0.11048160493373871:0.12254486232995987] [-0.11048160493373871:0.12254486232995987] [-0.11048160493373871:0.12254486232995987] [-0.11048160493373871:0.12254486232995987] [0:1] [0:1] [0:1] [0:1] [0:1] [-0.15193372964859009:0.13264167308807373] [-0.24554997682571411:0.20802642405033112] [-0.40848860144615173:0.27864286303520203] [-0.44566619396209717:0.33016127347946167] [-0.96870207786560059:0.3971981406211853] [1:1.6472727060317993] [1:1.9298244714736938] [1:2.2439024448394775] [1:3.3160974979400635] [1:3.3160974979400635] [0.5718809962272644:1] [0.54045307636260986:1] [0.4660193920135498:1] [0.43721681833267212:1] [0.33789625763893127:1] [0.86334514617919922:1.4843636751174927] [0.72140765190124512:1.7869091033935547] [0.59200000762939453:2.054157018661499] [0.56569522619247437:2.423609733581543] [0.56576049327850342:2.3250908851623535] [0.60694897174835205:1.2689855098724365] [0.54922223091125488:1.4057971239089966] [0.49352750182151794:1.5574545860290527] [0.47533980011940002:1.5740000009536743] [0.38890489935874939:1.5950908660888672] [0.20000000298023224:1] [0.10000000149011612:1] [0.05000000074505806:1] [0.033333335071802139:1] [0.01666666753590107:1] [0:1] [0:1] [0:1] [0:1] [0:1] [0.20000000298023224:1] [0.10000000149011612:1] [0.05000000074505806:1] [0.033333335071802139:1] [0.01666666753590107:1] [0.20000000298023224:1] [0.10000000149011612:1] [0.05000000074505806:1] [0.033333335071802139:1] [0.01666666753590107:1] [-0.80000001192092896:0.80000001192092896] [-0.89999997615814209:0.89999997615814209] [-0.94999998807907104:0.94999998807907104] [-0.96666663885116577:0.96666663885116577] [-0.98333334922790527:0.98333334922790527] [-1:1] [-1:1] [-1:1] [-1:1] [-1:1] [-1:1] [-1:1] [-1:1] [-1:1] [-1:1] [0:1] [0:1] [0:0.90909093618392944] [0:0.90909093618392944] [0:0.90909093618392944] [0:1] [0:1] [0:0.89999997615814209] [0:0.8571428656578064] [0:0.8571428656578064] [-1:1] [-1:1] [-0.83333331346511841:0.90909093618392944] [-0.83333331346511841:0.90909093618392944] [-0.83333331346511841:0.90909093618392944] [0:1] [0:1] [0:1] [0:1] [0:1] [0:1] [0:1] [0:1] [0:1] [0:1] [-1:1] [-1:1] [-1:1] [-1:1] [-1:1] [0.20013266801834106:26452.083984375] [0.10012400150299072:23627.859375] [0.050104878842830658:26698.134765625] [0.033777147531509399:28136.5] [0.017187755554914474:26107.111328125] [0.00080492562847211957:59102.5] [0.0021778203081339598:49210.34375] [0.0021778203081339598:56418.4921875] [0.0021778203081339598:57003.12109375] [0.0021778203081339598:42065.70703125] [0:2.2360680103302002] [0:3.1615598201751709] [0:4.4708261489868164] [0:5.4656624794006348] [0:7.5986995697021484] [0:1] [0:1] [0:1] [0:1] [0:1] [0:1] [0:1] [0:1] [0:1] [0:1] [-1:1] [-1:1] [-1:1] [-1:1] [-1:1] [-0.67106980085372925:0.73517638444900513] [-151.62043762207031:28.931533813476562] [-1925766528:4419.23388671875] [-1204.24951171875:4676.52978515625] [-754.3636474609375:737.33990478515625]
tree_sizes=3069 3056 3021 3045 3081 3055 3032 3101 2995 3022 3020 3051 3080 3083 3091 3009 3057 3029 3076 3125 3005 3065 3108 3089 3117 3123 3083 3075 3095 2992 3092 3060 3042 3040 3094 3039 2971 3100 3089 3074 3068 3064 3088 3068 3056 3078 3020 3123 3074 3088 3054 3095 3079 3054 3024

Tree=0
num_leaves=31
num_cat=0
split_feature=57 1 116 25 31 14 0 24 29 57 42 124 57 62 86 78 25 161 50 56 23 50 24 86 36 92 5 15 109 1
split_gain=145.775 149.832 147.844 95.5868 76.6101 109.106 73.6735 69.0349 61.4174 135.268 74.9176 65.0114 60.0389 59.6332 56.9548 56.7778 54.4593 62.0409 59.6494 71.6129 57.733 48.3061 46.3214 37.7499 36.853 36.3464 35.5785 33.4717 31.3781 30.0115
threshold=0.80647325515747081 0.054819600656628616 0.3428084552288056 0.012346642557531597 0.0095289275050163286 0.81529909372329723 -0.0016715743113309143 0.034448850899934776 -0.000591910647926852 1.168602526187897 0.067252509295940413 0.14492773264646533 1.3149759769439699 0.68567064404487621 -0.55000001192092884 0.30000000447034841 0.030155290849506858 0.12156458199024202 0.846153885126114 0.93045726418495189 0.02698545623570681 0.72665852308273327 0.11145476624369623 0.68333333730697643 0.77280220389366161 0.56836718320846569 0.0039138516876846561 0.90953925251960765 0.38750000298023229 0.016973120160400871
decision_type=8 8 8 10 10 8 10 10 10 10 10 8 10 10 2 10 8 8 10 10 10 8 10 2 10 10 10 8 2 10
left_child=6 3 12 29 8 -6 -1 15 10 13 11 -5 -3 -10 -11 -7 20 18 19 -18 -4 -19 23 -8 -9 -20 -22 -12 -23 -2
right_child=1 2 16 4 5 7 22 24 9 14 27 -13 -14 -15 -16 -17 17 21 25 -21 26 28 -24 -25 -26 -27 -28 -29 -30 -31
leaf_value=-0.00041662393761317587 0.0018772595579383863 0.0069487738217825969 -0.0075400824209800963 -0.00076978473985822983 0.026034893605989397 9.8532876985401508e-10 -0.019490109243852111 -0.0061601715615312554 -0.0065981357259628512 0.0082146409346368632 0.015244679908294969 -0.0050616750972484444 0.020599478849116913 9.8532876985401508e-10 0.00085532200047268336 0.010929445565584603 0.0018533410427143673 -0.015661836822089461 -0.00029776015829902861 0.014110546250471796 -0.0024873390335021241 0.0028713664527965318 -0.029999168310735264 -0.0018909268176842326 0.0034211996242917595 0.008135672576744829 0.013401787536233367 0.00091793009959261352 -0.0040762137791611188 -0.000198559764345513
leaf_weight=454 26667 876 928 117634 177 753 216 841 1226 2540 348 3276 545 121607 1665 1076 782 150 1573 1160 204 2003 182 296 564 596 221 329 783 7858
leaf_count=454 26667 876 928 117634 177 753 216 841 1226 2540 348 3276 545 121607 1665 1076 782 150 1573 1160 204 2003 182 296 564 596 221 329 783 7858
internal_value=9.85329e-10 4.17862e-05 0.00368221 -8.21796e-05 -0.000285989 0.00415958 -0.0105775 0.00271747 -0.000348516 0.000110692 -0.000830718 -0.00088937 0.0126057 -6.84261e-05 0.00538951 0.00657034 0.00211066 0.00319048 0.00556138 0.00939695 -0.00325953 -4.29424e-05 -0.0166065 -0.0103331 -0.00210942 0.0019357 0.00533184 0.00893888 0.000796712 0.00139627
internal_weight=297530 296382 9821 286561 252036 3411 1148 3234 248625 127038 121587 120910 1421 122833 4205 1829 8400 7047 4111 1942 1353 2936 694 512 1405 2169 425 677 2786 34525
internal_count=297530 296382 9821 286561 252036 3411 1148 3234 248625 127038 121587 120910 1421 122833 4205 1829 8400 7047 4111 1942 1353 2936 694 512 1405 2169 425 677 2786 34525
is_linear=0
shrinkage=1


Tree=1
num_leaves=31
num_cat=0
split_feature=16 26 40 50 71 39 64 38 51 62 34 57 42 36 1 125 37 69 52 53 27 82 34 86 122 83 55 162 24 114
split_gain=180.869 110.009 120.581 137.154 113.556 101.714 67.5462 65.7263 123.22 123.13 106.688 97.7655 87.8421 63.0018 53.9878 73.7777 52.9291 51.3008 56.4562 41.8835 76.9881 58.1072 48.5052 47.5803 53.8513 41.7783 51.9459 46.2017 40.3397 37.4341
threshold=1.2346542477607729 0.021427014842629436 -0.030740197747945782 0.69031959772109996 0.60815629363060009 0.0285090571269393 0.44722221791744238 -0.0010238760733045635 0.64709019660949718 0.68567064404487621 0.6412504017353059 0.8920835852622987 -0.097121011465787874 0.80595400929451 0.054819600656628616 -0.39130453765392298 0.84965670108795177 0.16853860765695575 0.75809440016746532 1.0436638593673708 0.096712905913591399 0.72499999403953563 0.86593100428581249 -0.81666666269302357 0.42998558282852178 -0.50000001490116108 1.0305091738700869 0.028267990797758106 0.043965009972453124 0.76521712541580211
decision_type=10 10 10 10 10 10 10 10 10 10 10 10 10 10 10 10 10 10 10 10 10 2 10 2 10 10 10 10 10 10
left_child=1 6 4 5 19 29 -1 9 11 10 -5 -9 -11 -2 15 -15 -10 18 -6 23 22 -22 -21 -3 -25 27 -27 -19 -16 -4
right_child=13 2 3 7 17 -7 -8 8 16 12 -12 -13 -14 14 28 -17 -18 25 -20 20 21 -23 -24 24 -26 26 -28 -29 -30 -31
leaf_value=-0.00015827440670174289 0.0027307440026918088 -0.0097500219967240759 -0.011870506713667 9.5640354719746983e-05 0.023346358346664292 -0.026223721514289065 0.0015146918877758648 -0.0038180970024162286 -0.0014915686859667487 0.0078004638071694204 -0.018575672613383401 0.026096926834539701 -3.7694587186174245e-05 0.00082503693721409205 3.1479619916711674e-05 0.017636160683503689 0.00084116548106781856 0 0.006505939119553863 -0.00066032458550747779 0.0039686458364747582 0.017458482217805951 0.005950574108033538 -0.0045874963473879144 0.00087478013245592245 0.00275478271275069 -0.0083136633659767756 0.0097454802002910779 0.024409034164991173 0.007718003083785085
leaf_weight=37928 1725 550 147 452 243 312 49880 124 91964 1288 578 245 76138 715 102 365 9491 565 978 7156 1547 374 1136 2255 5495 3168 405 1441 374 156
leaf_count=37928 1725 550 147 452 243 312 49880 124 91964 1288 578 245 76138 715 102 365 9491 565 978 7156 1547 374 1136 2255 5495 3168 405 1441 374 156
internal_value=-1.96909e-05 -9.9093e-05 -0.000478664 -0.000751156 0.00145587 -0.0146934 0.00078878 -0.000700306 -0.00120316 -4.37184e-05 -0.0102506 0.0155935 9.08021e-05 0.00696228 0.0113689 0.00699666 -0.00127026 0.00476735 0.0104215 0.000219513 0.00151841 0.00690238 0.000221412 -0.00134251 -0.000683673 0.00344352 0.00137738 0.00692564 0.020002 -0.00100311
internal_weight=297297 294016 206208 180895 25313 615 87808 180280 101824 78456 1030 369 77426 3281 1556 1080 101455 6800 1221 18513 10213 1921 8292 8300 7750 5579 3573 2006 476 303
internal_count=297297 294016 206208 180895 25313 615 87808 180280 101824 78456 1030 369 77426 3281 1556 1080 101455 6800 1221 18513 10213 1921 8292 8300 7750 5579 3573 2006 476 303
is_linear=0
shrinkage=0.03


Tree=2
num_leaves=31
num_cat=0
split_feature=16 11 15 29 31 22 57 13 3 49 42 8 1 28 72 32 11 33 36 140 72 15 39 46 23 35 74 138 23 17
split_gain=154.912 100.525 99.7567 88.0966 93.3359 110.246 93.1876 82.455 96.0561 79.8321 70.7115 70.1512 63.7262 90.2592 82.198 69.2707 61.656 67.204 55.1428 79.1832 55.0707 50.7061 50.6861 48.1129 48.0682 45.8791 41.051 40.729 39.458 39.2763
threshold=1.2346542477607729 0.92475160956382763 0.75119632482528698 -0.00162652664585039 0.0095289275050163286 0.7910059690475465 1.168602526187897 0.99361708760261547 0.013081366661936046 0.9546472728252412 -0.11591945588588713 -0.19999983161687848 0.018652879633009437 -0.0067952896934002629 0.71963968873023998 0.0067304496187716731 0.98547217249870311 0.77612990140914928 0.80595400929451 0.72682881355285656 0.46875031292438513 0.86270305514335643 0.043798496946692474 1.0836762785911562 0.02698545623570681 0.83436661958694469 0.15000000223517421 0.57478278875350963 0.017025897279381755 0.66476282477378856
decision_type=10 8 8 8 10 8 8 10 10 10 10 10 10 10 10 10 10 10 10 10 10 10 10 10 10 10 2 10 10 10
left_child=1 2 -1 10 5 16 22 21 9 -9 11 29 25 14 -14 -15 17 -5 -2 -20 -13 26 -7 -18 -23 -12 -6 -8 -21 -3
right_child=18 3 -4 4 7 6 27 8 -10 -11 12 20 13 15 -16 -17 23 -19 19 28 -22 24 -24 -25 -26 -27 -28 -29 -30 -31
leaf_value=-0.024669346964006088 0.0024830916244222498 0.013117159067050584 -0.002725175708707432 -0.012188177612008537 0.010638168168952689 0.00020729951772662872 -0.0026773649360521219 -0.001037234243472844 0.021240225323965235 0.022934812649938404 -0.00038279854510730234 0.0036965200197741836 -0.00048252318001441131 -0.0023057985256066055 0.0078212099256028816 -0.013218962620089219 -0.025285246915090483 0.0016445931212148461 -0.0051902341818763544 0 0.020446814006485188 0 0.0079492390746156022 -0.00048822555203755565 0.026115100530327878 0.0021997148868932214 -0.0010987539180669994 0.0053669839514615871 0.015108636820993516 -0.00086818174163541637
leaf_weight=269 1731 182 653 492 286 169087 583 573 511 133 44861 475 24022 32756 1102 526 249 738 211 169 342 127 747 131 123 7159 2057 4475 1199 1533
leaf_count=269 1731 182 653 492 286 169087 583 573 511 133 44861 475 24022 32756 1102 526 249 738 211 169 342 127 747 131 123 7159 2057 4475 1199 1533
internal_value=2.29729e-05 -4.88418e-05 -0.00983385 -1.63877e-05 0.000394091 0.000291713 0.000365687 0.00503222 0.0114572 0.00357293 -0.000674234 0.00424487 -0.00079049 -0.00147054 -0.000100438 -0.00249512 -0.00746577 -0.003755 0.0064579 0.0105422 0.0113877 0.00183731 0.00024405 -0.0179386 0.0141767 -2.09191e-05 0.000284878 0.0043738 0.0132247 0.000577164
internal_weight=297502 294192 922 293270 180312 176502 174892 3810 1217 706 112958 2532 110426 58406 25124 33282 1610 1230 3310 1579 817 2593 169834 380 250 52020 2343 5058 1368 1715
internal_count=297502 294192 922 293270 180312 176502 174892 3810 1217 706 112958 2532 110426 58406 25124 33282 1610 1230 3310 1579 817 2593 169834 380 250 52020 2343 5058 1368 1715
is_linear=0
shrinkage=0.03


Tree=3
num_leaves=31
num_cat=0
split_feature=16 57 26 38 16 16 34 26 24 38 62 27 34 18 27 123 24 42 33 30 23 23 161 44 126 1 138 38 38 119
split_gain=161.498 100.852 88.6329 87.5941 93.8092 80.6021 137.346 101.421 79.0942 70.6892 136.195 68.2245 63.7512 65.6812 75.6873 61.1785 60.4939 58.6385 50.1502 55.3752 42.2406 40.3994 33.8222 30.4734 27.5123 37.5978 40.9378 25.0942 20.8231 21.82
threshold=1.2346542477607729 0.80647325515747081 0.019930385984480384 -0.00095967468223534514 0.66539305448532116 0.66539305448532116 0.59289780259132396 0.075619116425514235 0.03719716705381871 0.017799356952309612 0.66657575964927684 0.14594832062721255 0.84154617786407482 0.95002853870391857 0.054645650088787086 0.10526292771100999 0.023565207608044151 -0.076648574322462068 0.96925899386405956 -0.0069339359179139129 0.026563626714050773 0.023113202303647998 0.042618583887815482 1.0098591446876528 -0.26339331269264216 0.054819600656628616 0.68395915627479564 -0.0025408311048522587 0.0096135674975812452 0.66666623950004589
decision_type=10 8 10 10 8 8 10 10 10 10 10 10 10 10 10 8 10 10 10 10 10 10 10 10 10 10 10 10 10 10
left_child=1 12 15 5 8 6 -4 17 16 10 -6 -11 13 14 -1 -3 -5 -7 19 24 -17 -9 -15 -22 25 26 -2 -28 29 -21
right_child=18 2 3 4 9 7 -8 21 -10 11 -12 -13 -14 22 -16 20 -18 -19 -20 28 23 -23 -24 -25 -26 -27 27 -29 -30 -31
leaf_value=-0.0032869272357821766 -9.4986789937650734e-05 0.00010061299436332873 0.012332309461892284 0.0026454643157517747 -0.016721953718047036 0.0028816393209315965 -0.022144640595973309 0.0016900375339823255 -0.00053720766072671406 0.0012241673167446029 -0.0010619573066928049 0.014704699492434444 0.0033200850938041892 0.0033418899921347214 -0.029434651498076985 0.0017447184767516051 0.034891147945352176 -7.8334635168717019e-05 -0.0091089140557357173 0.0078295790548107997 0.022911196884652599 0.0067788344431762753 -0.012661587919200254 0 0.00062236112419696542 0.017828060228568438 0.017059771685503971 0.0053542009197251753 -0.0067724637727491384 -0.001671778126301946
leaf_weight=197 351 41955 121 115 485 6437 328 3215 201 6510 110775 344 256 249 289 31448 142 87882 141 448 130 2819 173 103 306 629 396 493 195 317
leaf_count=197 351 41955 121 115 485 6437 328 3215 201 6510 110775 344 256 249 289 31448 142 87882 141 448 130 2819 173 103 306 629 396 493 195 317
internal_value=-8.37563e-07 -7.5831e-05 -3.94911e-05 -0.000342768 -0.000896073 0.00030515 -0.0120842 0.000365969 0.0123238 -0.000951951 -0.00113591 0.00198521 -0.00881499 -0.0125574 -0.0199774 0.000859795 0.022778 0.000121063 0.0066019 0.00745686 0.00185502 0.00413155 -0.0028161 0.0142413 0.0101055 0.0114763 0.00778439 0.011159 0.0010661 0.00356797
internal_weight=297450 294174 293010 219374 118572 100802 449 100353 458 118114 111260 6854 1164 908 486 73636 257 94319 3276 3135 31681 6034 422 233 2175 1869 1240 889 960 765
internal_count=297450 294174 293010 219374 118572 100802 449 100353 458 118114 111260 6854 1164 908 486 73636 257 94319 3276 3135 31681 6034 422 233 2175 1869 1240 889 960 765
is_linear=0
shrinkage=0.03


Tree=4
num_leaves=31
num_cat=0
split_feature=16 26 40 36 50 61 12 159 38 52 78 51 123 16 1 51 34 33 30 23 42 140 36 23 124 18 16 25 32 91
split_gain=116.416 102.566 107.435 120.99 98.4403 138.538 93.2652 67.4665 67.8542 66.2206 80.3867 80.1409 61.3545 55.7754 54.5754 53.7976 49.1605 48.955 62.4545 36.5792 34.8316 33.4494 39.0226 44.0621 31.9487 31.6844 35.5088 30.5466 30.131 28.6586
threshold=1.2157111763954165 0.021808819845318798 -0.029534909874200817 0.81582579016685497 0.72665852308273327 0.73611807823181163 0.9827217459678651 -0.076323054730892168 -0.0010238760733045635 0.98212349414825451 0.70000001788139354 0.81393989920616161 0.16333242505788806 1.1513999104499819 0.036363659426569946 0.90364789962768566 0.55097356438636791 0.97336161136627208 -0.0071807033382356158 0.032843878492712981 -0.058424508199095719 0.81320852041244518 0.80280810594558727 0.016785574145615104 1.0000000180025095e-35 0.95002853870391857 0.74123394489288341 0.020791646093130115 -0.00086974297300912429 0.62635198235511791
decision_type=10 10 10 10 10 10 10 8 10 10 10 10 8 8 10 10 10 10 10 10 10 10 10 10 10 10 10 10 10 10
left_child=1 12 3 9 6 -6 29 16 -9 10 11 -3 14 -11 -1 -12 -7 18 21 27 -15 -2 -23 -24 -16 26 -8 -14 -20 -4
right_child=17 2 4 -5 5 7 25 8 -10 13 15 -13 19 20 24 -17 -18 -19 28 -21 -22 22 23 -25 -26 -27 -28 -29 -30 -31
leaf_value=0.00024287663132520918 0.0012823907432259042 0.0019713118680062024 -0.0040544905440493238 0.0074776337497302206 0.017047169793877031 -0.0019933369794492119 -0.015338718516219938 -8.6412094057022233e-05 -0.0012907306901376689 -0.0054044456052276318 0.0044118281779545708 -0.0060800451500166884 0.0019145106590450055 -0.0022639191671441948 -0.0026949327764660969 0.00083500906295599605 0.015345345267971315 -0.010953510495040704 0.0018090804633693622 0.017467289288761092 0.0076733561820583416 0.0045403263313739351 0 0.015566148652394387 -0.014464679362236785 0.0016669453044019684 0.0020881636030263386 -0.0010192223214431952 -0.012082483573546332 -0.025898539770905876
leaf_weight=54387 633 2020 119 2550 374 181 260 75014 97634 2659 6436 2334 32355 620 857 9822 384 142 1377 116 560 958 177 1079 309 487 118 3392 135 286
leaf_count=54387 633 2020 119 2550 374 181 260 75014 97634 2659 6436 2334 32355 620 857 9822 384 142 1377 116 560 958 177 1079 309 487 118 3392 135 286
internal_value=-2.8467e-05 -0.000103107 -0.000481543 0.00127496 -0.000754607 -0.000691294 -0.00903105 -0.00073329 -0.000769273 0.000610237 0.00129459 -0.00228417 0.000729167 -0.00297405 9.88223e-05 0.00227306 0.00939976 0.0047475 0.00537518 0.00169663 0.00225137 0.00798165 0.00973411 0.0133272 -0.00625829 -0.00289439 -0.00931325 0.00162733 0.000231397 -0.0206789
internal_weight=297775 293274 201858 27001 174857 173587 1270 173213 172648 24451 20612 4354 91416 3839 55553 16258 565 4501 4359 35863 1180 2847 2214 1256 1166 865 378 35747 1512 405
internal_count=297775 293274 201858 27001 174857 173587 1270 173213 172648 24451 20612 4354 91416 3839 55553 16258 565 4501 4359 35863 1180 2847 2214 1256 1166 865 378 35747 1512 405
is_linear=0
shrinkage=0.03


Tree=5
num_leaves=31
num_cat=0
split_feature=16 11 50 30 120 16 61 33 11 18 16 15 11 162 30 33 36 23 42 57 12 62 76 26 83 2 12 60 80 84
split_gain=133.985 93.7962 101.413 79.9795 85.6921 82.4626 70.0373 98.4499 69.2985 67.3467 56.9111 55.3667 54.3229 53.497 50.7264 46.5518 44.3127 53.4898 42.6601 72.8151 64.3437 71.3013 56.1527 53.0453 42.4168 42.3085 41.6944 55.4954 47.4859 45.1309
threshold=1.2346542477607729 0.92475160956382763 0.72665852308273327 -0.00042474368819966907 0.25773195922374731 0.93122133612632763 0.81416076421737682 0.89189702272415172 0.99199387431144725 1.0402371287345888 0.86886852979660045 0.97963649034500133 0.97900184988975536 0.43828774988651281 -0.0012250405270606277 0.97336161136627208 0.80280810594558727 0.022862976416945461 -0.0013626196305267511 1.168602526187897 0.99308347702026378 0.82340547442436229 0.31666667759418493 0.02720410376787186 -0.50000001490116108 0.8888889253139497 0.98598679900169384 0.90189054608345043 0.27500000596046453 0.75000000000000011
decision_type=10 8 10 8 8 8 8 10 8 10 10 8 10 8 10 10 10 10 10 10 10 10 2 10 10 10 10 10 2 2
left_child=1 2 -1 5 26 11 7 8 -6 13 -11 24 -9 -8 -13 16 -2 -18 20 23 21 -7 -22 -20 -3 -21 27 28 -5 -28
right_child=15 3 -4 4 6 18 9 12 -10 10 -12 14 -14 -15 -16 -17 17 -19 19 25 22 -23 -24 -25 -26 -27 29 -29 -30 -31
leaf_value=-0.022549024059801644 0.0030087973789085405 0.0098150989991767461 -0.0016331576433942661 -0.012780909069029933 0.00064164644674036297 -0.015519141407750138 0.00016686453914521683 0.028788919008451781 0.008897284600032123 0.012562985061350434 0.0020287721215205045 -0.0099102999620340974 0 0.001952670042119999 -0.00047959810709525142 -0.011414921440456697 0.0010736793600011005 0.014171113783074845 0.00090094057753664538 0.003033705587176441 -0.0011646357934235795 -0.0025031556885067498 0.00038763893014518759 -0.0015772928643333845 -0.002629716885392052 0.015187862320809464 -0.0028870762244037397 0.0048010249002322699 0 0.00087721223573042936
leaf_weight=325 1645 293 627 921 3521 387 117812 199 1265 719 1500 1909 100 17396 796 103 454 1058 18975 4512 50540 9706 35450 13108 1140 273 6507 279 420 4932
leaf_count=325 1645 293 627 921 3521 387 117812 199 1265 719 1500 1909 100 17396 796 103 454 1058 18975 4512 50540 9706 35450 13108 1140 273 6507 279 420 4932
internal_value=-2.50266e-05 -9.33863e-05 -0.00939925 -6.14499e-05 0.000402931 -0.000590608 0.000617733 0.00407626 0.00291408 0.000487006 0.00565778 -0.0047587 0.0203894 0.000399101 -0.00726911 0.00600335 0.00673435 0.0104996 -0.000457927 0.000404073 -0.000791821 -0.0030616 -0.00052127 -0.000102587 0 0.00384991 -0.00191561 -0.00643554 -0.00902998 -0.0012392
internal_weight=296872 293612 952 292660 155571 137089 142512 5085 4786 137427 2219 4138 299 135208 2705 3260 3157 1512 132951 36868 96083 10093 85990 32083 1433 4785 13059 1620 1341 11439
internal_count=296872 293612 952 292660 155571 137089 142512 5085 4786 137427 2219 4138 299 135208 2705 3260 3157 1512 132951 36868 96083 10093 85990 32083 1433 4785 13059 1620 1341 11439
is_linear=0
shrinkage=0.03


Tree=6
num_leaves=31
num_cat=0
split_feature=16 11 25 26 16 25 3 12 85 159 30 26 32 30 140 56 30 86 36 86 10 62 49 34 110 92 120 37 6 31
split_gain=131.939 83.8978 77.6227 66.4949 140.813 82.3098 85.6096 64.2032 63.7459 78.7976 62.9005 55.9674 53.2775 51.8975 48.1984 45.7417 43.2547 36.6816 33.825 30.6478 27.5891 29.4107 26.4967 24.9678 21.0731 19.4199 18.9489 18.6959 19.9799 18.1476
threshold=1.2346542477607729 0.92475160956382763 0.012470161542296411 0.093118049204349532 0.70005577802658092 0.047347836196422584 0.01896335277706385 0.98354664444923412 0.42499999701976782 -0.076323054730892168 0.0069827449042350062 0.10153014212846757 -0.0048612528480589381 -0.0060110881458967915 0.82087820768356334 0.92296248674392711 0.0078076377976685771 0.68333333730697643 0.80595400929451 -0.88333332538604725 1.0191622972488406 0.9424242675304414 0.88996621966362011 0.76626837253570568 -0.35147058963775629 0.23296518623828891 0.50898203253746044 0.58498013019561779 0.44444556534290319 0.00078637627302669
decision_type=10 8 10 10 8 10 10 10 2 10 10 10 10 10 10 10 10 2 10 2 10 10 10 10 2 10 10 10 10 8
left_child=1 10 20 4 7 11 15 -4 12 -10 -1 -5 -6 14 24 -7 -8 -12 23 -20 27 -22 -9 -16 -2 -25 -13 -3 -29 -23
right_child=13 2 3 5 8 6 16 22 9 -11 17 26 -14 -15 18 -17 -18 -19 19 -21 21 29 -24 25 -26 -27 -28 28 -30 -31
leaf_value=-0.0022902372273746513 -0.0054530743184884479 0.00098373128182980911 0.0020002146246091974 0.00051886098232211135 0.0022498182419277281 -0.0092742304040180617 -0.0021897573619967833 -0.02307514693244064 0.014504892669122799 0.00042747049827733974 -0.026287623841601299 0.019276517695412266 -0.00063341361315847971 -0.00025588604406712434 0.00014133776918531134 0.00046640885153948457 0.011166707866742865 -0.0023133244136121726 0.0067369246666735784 0.018929668678546688 0.0096970552650208659 -0.0065146448106915616 -0.0027518109876580317 0.015520671869242756 0.005604300870711865 0 0.0017776357145472006 0.0031933988235019425 0.0001315396197765497 0.00059013797592488118
leaf_weight=596 263 23020 135 349 5918 464 227 376 341 79743 213 472 163833 797 491 3857 973 121 450 604 123 911 116 241 316 100 112 8850 2715 380
leaf_count=596 263 23020 135 349 5918 464 227 376 341 79743 213 472 163833 797 491 3857 973 121 450 604 123 911 116 241 316 100 112 8850 2715 380
internal_value=6.00965e-05 -5.69416e-06 2.21505e-05 -0.000159648 -0.000238327 0.00283864 0.00136568 -0.0142225 -0.000200895 0.000494764 -0.00890735 0.0110285 -0.000530876 0.00604193 0.00818457 -0.000548367 0.00839973 -0.0190712 0.0104926 0.0142258 0.0013273 -0.0026795 -0.0191641 0.00518823 6.64859e-05 0.0112137 0.0165872 0.00150124 0.00250196 -0.00421745
internal_weight=297107 293845 292915 256916 250462 6454 5521 627 249835 80084 930 933 169751 3262 2465 4321 1200 334 1886 1054 35999 1414 492 832 579 341 584 34585 11565 1291
internal_count=297107 293845 292915 256916 250462 6454 5521 627 249835 80084 930 933 169751 3262 2465 4321 1200 334 1886 1054 35999 1414 492 832 579 341 584 34585 11565 1291
is_linear=0
shrinkage=0.03


Tree=7
num_leaves=31
num_cat=0
split_feature=57 16 26 33 10 52 54 13 46 12 29 32 160 118 30 40 46 1 111 139 44 61 26 54 13 34 110 55 81 56
split_gain=126.137 108.944 80.1805 83.7201 108.019 174.808 75.2891 71.7866 76.4596 69.991 68.6972 52.5803 60.1669 50.2741 46.5457 45.97 43.6207 42.9807 48.1246 44.6363 41.1739 43.9916 40.4289 36.8596 31.0275 51.7776 30.4147 29.6731 28.0312 26.0374
threshold=0.80647325515747081 1.2346542477607729 0.019930385984480384 0.25649750232696539 1.0177122354507449 0.90746542811393749 1.129087030887604 0.98519518971443187 1.0042788386344912 0.98687738180160534 -0.000591910647926852 -0.0042455398943275205 -0.70314487814903248 0.41137000918388372 -0.0060110881458967915 0.049291612580418594 1.2053648829460146 0.054819600656628616 -0.16954023391008374 0.78460615873336803 1.0387170314788821 0.84213390946388256 0.026909752748906616 1.0291028022766116 0.98254242539405834 0.85507994890213024 -0.35147058963775629 0.96224442124366771 0.25000000745058065 0.96964198350906383
decision_type=8 10 10 8 10 10 10 8 10 10 10 10 10 10 10 10 10 10 2 10 10 10 10 10 8 10 2 8 2 8
left_child=9 2 13 11 7 6 -6 8 -5 28 -9 12 15 27 17 -4 -7 19 -19 26 22 -22 -13 -14 25 -11 -3 -2 -1 -29
right_child=1 14 3 4 5 16 -8 10 -10 24 -12 20 23 -15 -16 -17 -18 18 -20 -21 21 -23 -24 -25 -26 -27 -28 29 -30 -31
leaf_value=-0.0068736490877900581 0.0099740014779998599 -0.011313524462098792 0.011513024194283862 0.0016161660826035668 0.0039500560699527107 -0.0011855130146284213 -0.010141245861542577 -0.00035813130015479048 -0.0016959559740101875 -0.011267767177129484 0.0016308895609241508 0.00063686026277385882 0.002610760773378002 0.00023017980283307067 -0.00044459015323557004 -0.0044272523645001154 0.0030435367718875594 0.017987500917744564 0.0021910150702416885 0.0074237157367414933 0.0020810961576857045 -0.0026817378289802191 -0.0015189723412569233 -0.0052326890505277187 0.0097902528530359259 0.007630248118699951 0.0030760854310907608 -0.0038422143366913341 -0.025465140868514747 0.0018703009200754183
leaf_weight=198 395 213 822 7242 17245 14978 318 49327 42807 451 22765 12244 1457 45131 801 160 2526 579 319 1120 1797 23814 20950 825 105 145 242 686 263 27367
leaf_count=198 395 213 822 7242 17245 14978 318 49327 42807 451 22765 12244 1457 45131 801 160 2526 579 319 1120 1797 23814 20950 825 105 145 242 686 263 27367
internal_value=2.48244e-05 6.48658e-05 2.81634e-06 -0.000283709 8.28701e-05 0.00155153 0.00366661 -0.000336515 -0.00121025 -0.00975418 0.000266074 -0.00121674 0.00244566 0.000860628 0.00549034 0.0085799 -0.000555323 0.00752113 0.0128728 0.00415857 -0.00142588 -0.00233449 -0.000714831 -0.000115347 -0.00308508 -0.00608462 -0.0032213 0.00184939 -0.0187216 0.00171728
internal_weight=297292 296130 292856 219277 157208 35067 17563 122141 50049 1162 72092 62069 3264 73579 3274 982 17504 2473 898 1575 58805 25611 33194 2282 701 596 455 28448 461 28053
internal_count=297292 296130 292856 219277 157208 35067 17563 122141 50049 1162 72092 62069 3264 73579 3274 982 17504 2473 898 1575 58805 25611 33194 2282 701 596 455 28448 461 28053
is_linear=0
shrinkage=0.03


Tree=8
num_leaves=31
num_cat=0
split_feature=57 26 26 18 18 17 9 51 51 45 123 82 37 12 24 68 115 101 119 7 77 77 54 115 87 52 53 71 5 23
split_gain=91.6572 112.441 87.9292 76.8476 75.4504 78.354 74.7292 102.245 89.7945 64.0225 62.9486 59.4049 58.3114 64.045 55.6178 51.7457 51.0064 50.1838 49.5306 45.2344 42.3564 64.9174 64.5483 42.271 40.3032 39.597 36.0012 34.3891 32.0382 29.4107
threshold=0.80647325515747081 0.10718328878283502 0.021808819845318798 1.0289894342422488 1.0429476499557497 1.3515209555625918 1.0074073672294619 0.67947936058044445 0.8772580921649934 1.0391471385955813 0.18811870366334918 0.77500000596046459 0.84965670108795177 0.98921403288841259 0.022056091576814655 0.67741975188255321 0.54961833357810985 0.34698997437953955 0.82857134938240062 -0.033975180238485329 0.091666668653488173 0.37500000000000006 0.96959471702575695 0.70430126786232006 0.85833334922790538 0.66727772355079662 0.97583019733428966 0.68253988027572643 0.0061255760956555614 0.032843878492712981
decision_type=8 10 10 10 10 8 10 8 10 10 8 2 10 10 10 10 10 2 8 8 2 2 10 10 2 10 10 10 10 10
left_child=15 2 10 9 -5 28 12 -8 11 -3 19 -9 20 26 16 27 -11 -16 -10 -2 22 -22 -4 -19 25 -17 -14 -1 -6 -12
right_child=1 3 6 4 5 -7 7 8 18 14 29 -13 13 -15 17 24 -18 23 -20 -21 21 -23 -24 -25 -26 -27 -28 -29 -30 -31
leaf_value=-0.0065170080902462457 -0.010734404897738449 0.017704417003639544 -0.01052873948701432 0.024046130257125313 0.0064580715770716779 0.018316702427466459 -0.018973218910367247 0.0021258568410311906 -0.00035388587397205745 0 0.0016625289374586924 0.0092201785557901074 -0.0011357644655655152 0 0.015247340688626923 -0.024960542227802147 0.017054099572435966 -0.0038099014965614648 0.0026216463462559706 0.00016913911425930187 0.0004252214715561807 -0.0012268929862039033 -0.0017926434642731369 0.0058151457846800951 0 -0.0066502523638988162 0.0067123754624987299 0.0095837677299739823 -0.010378150062729852 0.016086140786808797
leaf_weight=300 324 218 783 324 140 228 222 10527 44477 247 34368 1208 593 10395 147 281 327 1903 5656 56703 30914 67894 25542 485 131 284 2307 169 217 113
leaf_count=300 324 218 783 324 140 228 222 10527 44477 247 34368 1208 593 10395 147 281 327 1903 5656 56703 30914 67894 25542 485 131 284 2307 169 217 113
internal_value=-1.63133e-05 1.59809e-05 -5.35532e-05 0.00485782 0.0125814 0.00515076 -0.000406167 0.000455416 0.000536088 0.0025954 0.000715759 0.00289611 -0.000794795 0.00108222 0.0013337 -0.00834362 0.00962395 -0.000486687 -1.12933e-05 9.819e-05 -0.00099676 -0.00070698 -0.00207167 -0.00169842 -0.0134261 -0.0168116 0.00500804 0 -0.00298761 0.00172779
internal_weight=297427 296262 292026 4236 909 585 200518 62090 61868 3327 91508 11735 138428 13295 3109 1165 574 2535 50133 57027 125133 98808 26325 2388 696 565 2900 469 357 34481
internal_count=297427 296262 292026 4236 909 585 200518 62090 61868 3327 91508 11735 138428 13295 3109 1165 574 2535 50133 57027 125133 98808 26325 2388 696 565 2900 469 357 34481
is_linear=0
shrinkage=0.03


Tree=9
num_leaves=31
num_cat=0
split_feature=16 40 36 50 61 12 18 25 29 19 49 4 41 23 138 36 75 77 44 16 38 72 140 99 7 6 16 53 91 14
split_gain=114.063 79.8145 118.451 95.4216 116.23 90.2803 86.2912 71.839 60.5736 56.111 49.9492 95.5454 45.2467 44.86 44.9925 49.5764 42.6163 54.164 37.6947 37.2098 36.9756 35.5744 35.2331 33.8842 58.7446 31.8479 30.9399 30.6692 29.8693 25.9127
threshold=1.2157111763954165 -0.030740197747945782 0.81582579016685497 0.72665852308273327 0.73611807823181163 0.9827217459678651 1.0247355103492739 0.01260923780500889 -0.00029575289227068419 1.0394114851951601 0.83472758531570446 0.44445037841796881 0.008049164433032276 0.017282063141465191 0.51088941097259533 0.80595400929451 0.77500000596046459 0.89166665077209484 1.1408123373985293 0.72276085615158092 -0.014354468323290346 0.57251915335655224 0.7809063494205476 0.58571431040763866 -0.044275233522057526 0.06666771695017816 1.1236313581466677 1.0618234276771548 0.62635198235511791 0.9106956720352174
decision_type=10 10 10 8 10 10 10 10 10 10 8 10 10 10 10 10 2 2 8 10 8 10 10 2 8 10 10 10 10 10
left_child=1 2 10 5 29 28 7 -6 -9 12 11 -1 -8 -2 -15 25 17 20 -19 -7 -12 -18 -17 24 -4 -16 -11 -23 -3 -5
right_child=13 3 23 4 6 19 9 8 -10 26 16 -13 -14 14 15 22 21 18 -20 -21 -22 27 -24 -25 -26 -27 -28 -29 -30 -31
leaf_value=0 -0.0014935404581430131 -0.0036378007512152047 0.030447747190756831 0.00060945805179571898 0.0011202669350518933 -0.0088364116823454204 -0.006685863101506935 -0.00086097267223725089 0.00013617234997640904 0.0025665208109594126 -0.0030975765091402884 0.025140017891980029 0.0027967294363328552 -0.00237694037694642 0.0095046331372364099 0 0.00035502568739931756 -0.001305747210985472 -0.01013421688017088 0.0028456946722709747 0.0010681479620730115 0.0035953585501473399 0.013222778264759387 0.0024972683035916956 0.0082693534186496082 0.00039620312696806234 -0.0034280288608159676 0.012193775278185595 -0.025282760582098045 0.020635163152937262
leaf_weight=331 766 124 116 114 36105 429 3856 101407 118412 1600 2125 200 454 428 525 243 2100 1360 703 473 16462 1687 1316 872 1439 1159 1451 555 279 274
leaf_count=331 766 124 116 114 36105 429 3856 101407 118412 1600 2125 200 454 428 525 243 2100 1360 703 473 16462 1687 1316 872 1439 1159 1451 555 279 274
internal_value=6.50186e-06 -6.49564e-05 0.00145776 -0.000226803 -0.00018527 -0.00826265 -0.000211172 -0.000117717 -0.000322503 -0.0034106 0.000839369 0.00981255 -0.00560941 0.00477056 0.00615994 0.00738621 0.00062903 4.50868e-05 -0.00452663 -0.00245621 0.000572952 0.00332447 0.0113072 0.00777828 0.0104799 0.00349011 -0.000190448 0.00594549 -0.0198189 0.0158049
internal_weight=297365 292928 27950 264978 263673 1305 263285 255924 219819 7361 25523 531 4310 4437 3671 3243 24992 20650 2063 902 18587 4342 1559 2427 1555 1684 3051 2242 403 388
internal_count=297365 292928 27950 264978 263673 1305 263285 255924 219819 7361 25523 531 4310 4437 3671 3243 24992 20650 2063 902 18587 4342 1559 2427 1555 1684 3051 2242 403 388
is_linear=0
shrinkage=0.03


Tree=10
num_leaves=31
num_cat=0
split_feature=16 25 57 31 37 24 37 40 62 12 12 38 38 12 36 140 23 112 38 1 68 27 36 113 1 116 77 37 4 6
split_gain=87.2677 85.0063 78.1558 86.6953 83.8369 91.4654 55.7792 92.7307 60.5096 92.6129 58.0247 56.2785 53.6075 51.969 44.8514 55.1667 42.7978 38.7446 35.2523 32.9028 28.3826 51.9848 29.3481 27.9494 26.91 32.1667 23.8435 21.3451 19.7951 19.7619
threshold=1.2346542477607729 0.012346642557531597 0.80647325515747081 0.0095289275050163286 0.14462764561176303 0.039033725857734687 0.84965670108795177 -0.057446666061878197 0.66657575964927684 0.9827217459678651 0.9910891354084016 -0.0017292881384491918 0.02708420250564814 0.9854736626148225 0.80280810594558727 0.72682881355285656 0.02837342489510775 0.2323504984378815 -0.0023335150908678766 0.065468672662973418 0.67741975188255321 0.058282375335693366 0.71701249480247509 0.74193534255027782 0.016973120160400871 0.42828677594661718 0.075000002980232253 0.66055837273597728 0.4999974817037583 0.043476322665810592
decision_type=10 10 10 10 10 10 10 10 10 10 10 10 10 10 10 10 10 2 10 8 10 10 10 10 10 8 2 10 10 10
left_child=1 24 12 6 28 16 8 17 9 -4 -9 -10 20 -7 29 -16 -6 -8 -17 26 23 -22 -23 -3 27 -26 -20 -1 -5 -2
right_child=14 2 3 4 5 13 7 10 11 -11 -12 -13 -14 -15 15 18 -18 -19 19 -21 21 22 -24 -25 25 -27 -28 -29 -30 -31
leaf_value=0.0012742546665457492 0.0067226321194197832 -0.0025241587811596043 0.010609171575261761 0.0067662703735364036 0.004368539728042989 -0.016852999915328164 0.018127080145905809 0.0043764148045737031 0.0001831864874619106 -0.011825331468257521 0.00010111435563621825 -0.00076483903195549859 -0.019576623282522302 -0.00031005335847469976 -0.0045445769470549673 0.016210243712670894 0.015172917379322205 0 -0.0083148754193577215 0.016220097400801024 0.0021791281993181941 -0.02205083267994027 0 0.014014436609802707 -0.0033747425184407912 0.00093222737696221057 0.0050929466140386872 0.0032861546276123279 0.031247198791464877 -0.00037381497006834183
leaf_weight=20363 434 282 174 109 1971 186 387 3482 94581 855 16392 137867 266 1259 207 628 435 138 138 172 199 206 103 104 2093 5863 408 6649 106 1297
leaf_count=20363 434 282 174 109 1971 186 387 3482 94581 855 16392 137867 266 1259 207 628 435 138 138 172 199 206 103 104 2093 5863 408 6649 106 1297
internal_value=-9.53601e-07 -5.64325e-05 -0.00024482 -0.00020837 0.00412216 0.00295354 -0.000279227 0.00122073 -0.000411657 -0.00761581 0.00086889 -0.000377823 -0.0079549 -0.00284524 0.00484645 0.00855239 0.00655459 0.0134687 0.0108232 0.00539335 -0.00381605 -0.00845335 -0.0159289 0.00166378 0.00133023 -0.000168824 0.00100005 0.00178265 0.0217447 0.00129055
internal_weight=297354 294070 259102 257942 4066 3851 253876 20399 233477 1029 19874 232448 1160 1445 3284 1553 2406 525 1346 718 894 508 309 386 34968 7956 546 27012 215 1731
internal_count=297354 294070 259102 257942 4066 3851 253876 20399 233477 1029 19874 232448 1160 1445 3284 1553 2406 525 1346 718 894 508 309 386 34968 7956 546 27012 215 1731
is_linear=0
shrinkage=0.03


Tree=11
num_leaves=31
num_cat=0
split_feature=16 11 1 26 30 33 86 123 113 75 14 25 48 120 38 51 44 2 34 33 65 24 110 33 120 89 23 120 1 29
split_gain=99.9115 74.2475 72.3606 82.6002 69.3214 67.8833 70.0925 92.1181 59.2125 55.5381 54.2317 51.1182 66.4991 59.167 53.1426 53.633 48.7049 43.6597 68.0659 40.3463 71.295 57.071 48.8317 47.4629 41.1259 36.3374 34.0708 33.6716 32.4654 48.2536
threshold=1.2157111763954165 0.92475160956382763 0.054819600656628616 0.021427014842629436 0.0067703754175454387 0.26196105778217321 -0.81666666269302357 0.31250198185443884 0.59375044703483593 0.32500000298023229 0.89449545741081249 0.028138161636888984 0.91948559880256664 0.30450946092605596 0.032385723665356643 0.86854034662246715 1.0387170314788821 -0.21428836882114408 0.8585173785686494 0.55968603491783153 0.14852941781282428 0.04201349429786206 -0.25657895207405085 0.92054742574691784 0.63636353611946117 0.55855867266654979 0.028864800930023197 0.25773195922374731 0.036363659426569946 -0.00088134477846324433
decision_type=10 8 10 10 10 8 2 10 10 2 8 8 10 8 10 10 10 10 10 10 10 10 2 10 10 10 10 10 10 10
left_child=1 4 3 8 -1 10 9 -8 28 -7 27 12 -4 17 15 -15 -12 18 -13 20 21 -2 -22 24 -21 -6 -10 -5 -3 -30
right_child=19 2 11 5 25 6 7 -9 26 -11 16 13 -14 14 -16 -17 -18 -19 -20 23 22 -23 -24 -25 -26 -27 -28 -29 29 -31
leaf_value=-0.0011286796545190573 -0.016685464950090635 0.00012152748040933046 0.012737530042377329 -0.002627690275002158 -1.4123998536560378e-05 -0.0009566319432907181 0.00077493748010705921 -0.00090416074786137774 0.0015440385158190036 -0.0050518663138526577 -0.00069296643985964019 -0.00019948842405065546 -0.0062757075717596649 0.0091136638886924089 -0.0074293163515456763 0.0026138461054482092 -0.002503813781140965 -0.0039388484312115569 0.020483670520422489 0.00019008988141767236 0.013174651803576194 0.0015531599979826819 0.00041271078644632852 0 0.011444222591487347 -0.024176548676365959 0.013642593686492394 0.0087460244402050441 0 -0.013879813279353592
leaf_weight=552 290 54213 172 277 102 12846 74757 48379 32184 3985 30823 449 975 2547 242 2397 24484 1300 173 429 404 248 892 659 1525 258 198 740 682 353
leaf_count=552 290 54213 172 277 102 12846 74757 48379 32184 3985 30823 449 975 2547 242 2397 24484 1300 173 429 404 248 892 659 1525 258 198 740 682 353
internal_value=-2.44204e-05 -9.3283e-05 -6.52767e-05 -0.000146866 -0.00854979 -0.0004896 -0.000133253 0.00011276 0.00061737 -0.00194889 -0.00136945 0.00269822 -0.00299805 0.00366533 0.00533345 0.00604602 -0.00150065 -0.000689749 0.00554484 0.00442704 0.000812404 -0.00798611 0.0047587 0.00682468 0.00915232 -0.0184811 0.00163565 0.00536794 1.47312e-05 -0.00519113
internal_weight=297535 293088 292176 283921 912 196291 139967 123136 87630 16831 56324 8255 1147 7108 5186 4944 55307 1922 622 4447 1834 538 1296 2613 1954 360 32382 1017 55248 1035
internal_count=297535 293088 292176 283921 912 196291 139967 123136 87630 16831 56324 8255 1147 7108 5186 4944 55307 1922 622 4447 1834 538 1296 2613 1954 360 32382 1017 55248 1035
is_linear=0
shrinkage=0.03


Tree=12
num_leaves=31
num_cat=0
split_feature=31 29 59 57 40 62 15 64 3 24 28 18 38 73 78 35 15 82 46 5 71 120 37 24 86 52 40 91 116 98
split_gain=79.4145 63.2971 90.3044 86.7555 87.2804 84.0721 118.988 131.474 79.8532 74.794 83.8688 67.8374 56.4752 95.3302 80.3213 69.3566 65.9443 63.5441 67.5524 59.7712 53.4994 49.9695 46.895 45.5593 45.2693 41.7666 74.0548 40.3488 39.7962 56.1131
threshold=-0.0082896822132170183 -0.0013769433717243371 0.94645845890045177 1.168602526187897 -0.030142763629555699 0.68567064404487621 0.86270305514335643 0.94722220301628124 0.020586635917425159 0.033529335632920272 -0.017197139561176297 1.0235985517501833 0.017799356952309612 0.30000000447034841 0.70000001788139354 0.83436661958694469 1.046623766422272 0.17500000447034839 1.0822570323944094 0.014520842581987383 0.26315803825855261 0.25773195922374731 0.90260958671569835 0.054256098344922073 -0.516666680574417 0.97373560070991527 -0.0056869941763579837 0.34570124745368963 0.36363656818866735 1.0000000180025095e-35
decision_type=8 8 10 10 8 8 10 10 10 10 10 10 8 10 10 10 8 2 10 10 10 8 10 10 2 10 10 10 10 2
left_child=23 2 27 4 8 6 22 -8 9 20 -11 21 15 -14 -15 17 -16 19 -19 -4 -3 -7 -6 -1 -5 26 -17 -2 29 -25
right_child=1 3 12 24 5 11 7 -9 -10 10 -12 -13 13 14 16 25 -18 18 -20 -21 -22 -23 -24 28 -26 -27 -28 -29 -30 -31
leaf_value=0.0018468352896161377 -0.0035439290202314584 -0.0089849692623923359 -2.3305923785053845e-05 0.006966726729915604 -0.014021111660090724 -0.0016103876402670928 -0.0071463964682093603 0.015198518425899457 0.01340697499818661 0.0061274602752822782 -0.0060464176236848209 -0.0047111523111285523 -0.00030703614741613096 -0.00067799586269358977 0.020391685947414306 0.0090198887438811166 0.0031140517878181589 -0.00031691537180333998 -0.0021625506617046195 0.0057777615064844526 0.0049524629494971427 0.00037483125099327201 0 -0.0012358865241177987 0.00032602820244780685 0.0025600005965448016 -0.0022563476079544335 -0.020541071207311083 0.00094899884370399767 0.01607059856823374
leaf_weight=3367 335 228 24064 2631 1086 12327 518 395 631 709 1583 2531 2660 446 577 571 379 31738 42070 1685 5090 144993 226 176 1572 8939 4319 268 495 700
leaf_count=3367 335 228 24064 2631 1086 12327 518 395 631 709 1583 2531 2660 446 577 571 379 31738 42070 1685 5090 144993 226 176 1572 8939 4319 268 495 700
internal_value=1.602e-05 -4.54879e-05 -0.000582848 0.000316306 0.000209116 5.39125e-05 -0.00570815 0.00231792 0.00321768 0.00230057 -0.0021304 0.000136696 -0.000519661 0.00293423 0.00921266 -0.000646536 0.0140536 -0.000924878 -0.00137328 0.00034886 0.00426729 0.000217185 -0.0114695 0.0038614 0.00456733 0.00133407 -0.000847156 -0.0119967 0.00849557 0.0123087
internal_weight=297309 292571 118051 174520 170317 162076 2225 913 8241 7610 2292 159851 117448 4062 1402 113386 956 99557 73808 25749 5318 157320 1312 4738 4203 13829 4890 603 1371 876
internal_count=297309 292571 118051 174520 170317 162076 2225 913 8241 7610 2292 159851 117448 4062 1402 113386 956 99557 73808 25749 5318 157320 1312 4738 4203 13829 4890 603 1371 876
is_linear=0
shrinkage=0.03


Tree=13
num_leaves=31
num_cat=0
split_feature=16 11 30 16 120 21 15 13 10 61 30 79 42 145 28 31 71 29 3 125 29 17 30 140 86 36 160 40 25 105
split_gain=104.175 70.4567 63.0233 78.9189 64.5207 73.6073 72.3223 71.7823 59.7425 62.3523 59.6465 57.3069 50.4423 49.3142 48.4101 69.309 65.5091 41.6346 72.1037 41.8541 41.1657 39.6411 37.0055 47.7625 36.4917 35.2725 42.4571 38.8939 34.2131 28.5845
threshold=1.2346542477607729 0.92475160956382763 -0.00042474368819966907 0.93408358097076427 0.25773195922374731 0.91351643204689037 0.86755946278572094 0.97887328267097484 1.0119050741195681 0.91766470670700084 0.0067703754175454387 0.35000000894069677 -0.086407370865344987 0.55928578972816478 -0.0094511965289711935 0.0035153066273778681 0.564740151166916 0.014003099873661997 0.013756599742919208 -0.43902468681335444 0.00058891117805615078 1.1537523269653323 -0.0071807033382356158 0.81320852041244518 -0.81666666269302357 0.93445912003517162 3.9049030542373662 -0.028921529650688168 0.019195630215108398 0.59411767125129711
decision_type=10 8 8 8 8 8 8 8 10 10 10 2 10 10 10 10 10 10 10 8 10 10 10 10 2 10 10 8 10 2
left_child=1 10 3 8 25 6 7 -6 12 -10 -1 -8 -3 -12 16 -16 -7 19 -19 21 -14 -5 23 -2 -21 26 27 -4 -11 -25
right_child=22 2 4 17 5 14 11 -9 9 28 13 -13 20 -15 15 -17 -18 18 -20 24 -22 -23 -24 29 -26 -27 -28 -29 -30 -31
leaf_value=-0.0014023229185129188 0 0.0056853057197041841 0.005677118060905411 0.0019626570292501587 -0.0012636197537237799 0.00077314673844857079 0.0034320256335349081 0.0048390039217307401 0.011606255303372087 0.0076196306482997052 0 0.012077445480127062 -0.010653942987602024 -0.023523705359800362 0.00049682370473620307 -0.001495030293017533 0.0056541960781206291 0.021453063245964941 -0.0064513380208934129 -0.0017063445513045027 -0.0019512745872844099 -0.0013099042324392701 0.00025905427013803189 0.0022108486620610224 -0.00033632783220847675 0.003123212992095831 0.010879123602628219 -0.0027665216326838234 -0.0051768740280073011 0.0120000985416789
leaf_weight=581 544 219 473 11651 4071 9211 2022 2933 324 195 100 1180 1856 271 101382 18548 3469 185 106 21743 800 4533 1052 450 94544 1210 194 11274 1029 1316
leaf_count=581 544 219 473 11651 4071 9211 2022 2933 324 195 100 1180 1856 271 101382 18548 3469 185 106 21743 800 4533 1052 450 94544 1210 194 11274 1029 1316
internal_value=3.41869e-07 -5.88469e-05 -3.1081e-05 -0.000501004 0.000380341 0.000567118 0.00302379 0.00125571 -0.0044402 0.000127699 -0.00812368 0.00676633 -0.00698724 -0.0172722 0.000375357 0.000186071 0.00213893 -0.000366861 0.0105627 -0.000394725 -0.00817894 0.00102704 0.00523654 0.00735291 -0.000595318 -0.001623 -0.00213345 -0.00239197 -0.00280733 0.00972633
internal_weight=297466 294104 293152 137185 155967 142816 10206 7004 4423 1548 952 3202 2875 371 132610 119930 12680 132762 291 132471 2656 16184 3362 2310 116287 13151 11941 11747 1224 1766
internal_count=297466 294104 293152 137185 155967 142816 10206 7004 4423 1548 952 3202 2875 371 132610 119930 12680 132762 291 132471 2656 16184 3362 2310 116287 13151 11941 11747 1224 1766
is_linear=0
shrinkage=0.03


Tree=14
num_leaves=31
num_cat=0
split_feature=16 57 29 22 42 5 3 61 22 117 1 41 78 49 21 160 12 42 3 127 119 6 16 30 47 33 30 23 137 111
split_gain=83.5702 75.9501 68.3316 88.7749 75.6059 85.749 65.5293 94.8072 85.0786 78.0206 59.5287 85.937 59.0704 56.6025 84.1044 54.9494 53.8902 48.175 47.3718 54.0087 47.2198 46.9884 41.8465 51.2126 37.6133 36.8893 38.1045 32.2785 32.088 31.4821
threshold=1.2346542477607729 0.80647325515747081 -0.0011779901687987147 1.0942281484603884 -0.093140352517366395 0.0086486656218767183 0.017735074274241928 0.77947142720222484 0.80311778187751781 0.59712228178977977 0.016706471331417564 -0.029570566490292546 0.70000001788139354 0.96518424153327953 0.93883332610130321 0.59553015232086193 0.98799762129783641 -0.0062854664865881196 0.010752731002867224 0.22901562601327899 0.77272698283195507 0.058824837207794196 0.95623567700386058 -0.0016071559512056408 1.2527809143066408 0.96550825238227855 -0.0055941320024430743 0.016089311800897125 0.46131908893585211 -0.13484849035739896
decision_type=10 8 8 10 10 10 10 10 10 10 10 10 10 8 8 8 10 10 10 10 10 10 8 10 10 10 10 10 10 2
left_child=1 16 4 6 5 18 13 9 -9 -8 22 12 -12 15 -15 -4 -1 -13 19 -3 -20 -5 23 -6 -7 26 27 -2 -24 -29
right_child=25 2 3 21 10 24 7 8 -10 -11 11 17 -14 14 -16 -17 -18 -19 20 -21 -22 -23 28 -25 -26 -27 -28 29 -30 -31
leaf_value=-0.015196063839876043 -0.001857586352739315 0.00067572136685812114 -0.00059701787501551115 -0.0015703527787417635 -0.010615119899575944 0.01016398509000738 0.02908990150534858 -0.012958442469863041 0.0030190513609866074 0.0053522788475968844 -0.003255832989031949 -0.0026776652317799304 0.00096523182143439326 0.014990945888012206 0.0008013035298366708 0.0012766896212040833 -0.0015665465688056428 -0.00066051545356408665 -0.0095863367371249973 0.013523329208909937 0.0022766267658471898 0.006281417682604617 -0.00038925075162762657 -0.0012145612717482939 0.00046118017397076851 -0.0080144302056652447 0 0.010808082892855002 0.0012439598164119222 0.0019482835241871682
leaf_weight=478 246 2805 79838 779 617 1489 205 294 4983 401 3514 30612 18753 361 61958 17017 680 17055 722 319 441 3380 21538 3583 562 157 754 1573 21357 595
leaf_count=478 246 2805 79838 779 617 1489 205 294 4983 401 3514 30612 18753 361 61958 17017 680 17055 722 319 441 3380 21538 3583 562 157 754 1573 21357 595
internal_value=4.5977e-05 -6.69631e-06 2.2888e-05 0.000415308 -0.000512922 0.00266367 0.000303997 0.00341079 0.00202669 0.0145344 -0.000687948 -0.00124348 0.000283312 0.000186873 0.000893096 -0.000264523 -0.0076097 -0.00196281 0.000169442 0.00216073 -0.00487197 0.00473848 0.000130803 -0.0027104 0.00768028 0.0047612 0.00553475 0.00736292 0.000417119 0.00855369
internal_weight=297066 293741 292583 169216 123367 6338 165057 5883 5277 606 117029 69934 22267 159174 62319 96855 1158 47667 4287 3124 1163 4159 47095 4200 2051 3325 3168 2414 42895 2168
internal_count=297066 293741 292583 169216 123367 6338 165057 5883 5277 606 117029 69934 22267 159174 62319 96855 1158 47667 4287 3124 1163 4159 47095 4200 2051 3325 3168 2414 42895 2168
is_linear=0
shrinkage=0.03


Tree=15
num_leaves=31
num_cat=0
split_feature=57 26 49 26 51 38 56 34 78 11 29 158 3 44 30 34 39 9 25 35 3 76 11 61 113 134 59 37 145 34
split_gain=67.5905 114.148 70.1331 75.3262 70.4264 70.6632 69.3229 80.2878 57.1889 56.7023 53.2181 52.7858 63.716 74.5123 65.7624 50.9931 50.2539 49.6701 45.3714 65.2108 49.9079 74.3049 46.8655 45.8796 43.2151 42.1885 41.8756 35.3656 34.8732 31.6204
threshold=0.84245216846466076 0.093118049204349532 0.83472758531570446 0.019930385984480384 0.67947936058044445 -0.00089285580907016982 0.93045726418495189 0.84154617786407482 0.30000000447034841 0.98273015022277843 -0.00049514844431541849 0.0045152774546295413 0.0096956091001629847 1.0199012160301211 0.0078076377976685771 0.71582669019699108 0.0060291672125458726 1.0268256068229678 0.047347836196422584 0.42984211444854742 0.013300283811986448 0.61666667461395275 0.98858106136322033 0.79346299171447765 0.5909089744091035 0.21758923679590228 0.99272286891937267 0.76247110962867748 0.48915094137191778 0.71245357394218456
decision_type=8 10 8 10 8 10 10 10 10 10 10 8 10 10 10 10 10 10 10 10 10 2 10 10 8 10 10 10 10 10
left_child=6 2 11 24 16 9 7 25 -7 -6 -8 12 14 -14 15 -2 -5 -9 23 22 21 -21 -20 -3 -4 -1 28 -13 -22 -15
right_child=1 18 3 4 5 8 10 17 -10 -11 -12 27 13 29 -16 -17 -18 -19 19 20 26 -23 -24 -25 -26 -27 -28 -29 -30 -31
leaf_value=0.0032143592566251755 0.0043419854684106233 0.015973695836922826 0.00015603358809814397 -0.019982155242815988 0.0028529438304243158 -0.0021798641041197962 -0.0084990683399400729 -0.0045314827638596082 -0.00051149807243566021 3.5260375508854342e-05 0.011364599342291785 0.001006661753977708 -0.015362050636753517 0.017728349585837039 0.0022916988228300602 0.02519200606518051 0.00034882101714365967 0.013543894670649684 -0.0060333708648896787 0.0066097543164035082 0 -0.0032339071878401734 0.0033684577104216213 0.0025232511392919948 0.0016568526725319061 -0.014077353447843645 0.0010615066580382305 -0.017067733234191525 0.014308982166170428 0
leaf_weight=105 207 513 45543 262 6917 23533 152 405 90307 91002 331 358 173 139 412 391 132 178 1064 1483 154 1215 794 524 28307 1097 506 102 953 260
leaf_count=105 207 513 45543 262 6917 23533 152 405 90307 91002 331 358 173 139 412 391 132 178 1064 1483 154 1215 794 524 28307 1097 506 102 953 260
internal_value=4.31241e-06 4.51205e-05 -4.72728e-05 -8.80454e-05 -0.000376231 -0.000350573 -0.00513097 -0.00790404 -0.00085934 0.000237907 0.0044277 0.00546332 0.00809433 0 0.012553 0.0188342 -0.0127583 0.000755905 0.00376978 0.00270703 0.00474533 0.00207527 -0.00186275 0.0096373 0.000735658 -0.0122935 0.00894761 -0.0029203 0.0122033 0.00716569
internal_weight=297519 295251 288045 286003 212153 211759 2268 1785 113840 97919 483 2042 1582 572 1010 598 394 583 7206 6169 4311 2698 1858 1037 73850 1202 1613 460 1107 399
internal_count=297519 295251 288045 286003 212153 211759 2268 1785 113840 97919 483 2042 1582 572 1010 598 394 583 7206 6169 4311 2698 1858 1037 73850 1202 1613 460 1107 399
is_linear=0
shrinkage=0.03


Tree=16
num_leaves=31
num_cat=0
split_feature=16 57 29 57 26 16 12 13 45 42 5 1 41 63 42 3 23 26 17 54 4 139 50 43 76 35 36 140 35 27
split_gain=80.1715 66.0407 59.1675 105.022 79.0629 86.8688 81.3789 61.434 92.6678 57.691 72.5344 55.0462 68.186 61.4116 54.5211 53.8561 52.5582 51.6828 43.1969 43.0887 46.7915 40.1895 39.0712 38.7046 37.9671 37.0451 35.6757 46.4008 35.4994 34.5552
threshold=1.2346542477607729 0.80647325515747081 -0.00019778237765422088 1.168602526187897 0.10153014212846757 0.70005577802658092 0.9827217459678651 1.0707409381866457 1.1034474372863772 -0.093140352517366395 0.010025037918239834 0.01376931741833687 -0.03075942117720842 0.61250001192092907 0.067252509295940413 0.012305174954235555 0.027896244078874591 0.023442941717803482 0.66476282477378856 0.99217745661735546 0.33333723247051245 1.038954019546509 0.77559188008308422 1.0622919797897341 0.18333333730697635 0.74744176864624035 0.80280810594558727 0.72682881355285656 0.80410313606262218 0.054645650088787086
decision_type=10 8 8 10 10 8 10 10 10 10 10 10 10 10 10 10 10 10 8 10 10 10 10 10 2 10 10 10 10 10
left_child=1 23 9 4 5 6 -4 8 -6 10 15 28 13 -13 -14 18 21 -7 -3 20 -5 -12 -9 29 -21 -25 -2 -28 -11 -1
right_child=26 2 3 19 7 17 -8 22 -10 11 16 12 14 -15 -16 -17 -18 -19 -20 24 -22 -23 -24 25 -26 -27 27 -29 -30 -31
leaf_value=-0.00043476465647109561 0.0013740971710951696 0.014633507671063013 0.0060490190416225571 0.0039076343050465333 0.0094423135258526764 0.00098584899349697837 -0.015511152324544215 0.02726564378968465 -0.0024381102775285824 1.9688937683122472e-05 0.01582434685304299 0.00081027512747731609 -0.0014784693096425773 -0.0049660432869646689 0.005234488386171591 -0.0057647457502609462 0.0014356252748700209 -0.00020223971412176934 0.0011194575772109988 0.0092584420369930948 -0.010679608069834232 0 0.00048305397370131684 -0.0051282739823130018 0.0012915914346912005 0.013338885244285297 -0.0041144727818357447 0.0099258439882948767 0.0026109044330471704 -0.016429547144160155
leaf_weight=220 1674 214 180 647 1190 53575 564 165 1083 33991 706 23974 74387 1751 1067 982 798 84812 3607 2088 260 218 100 375 858 109 205 1391 5560 445
leaf_count=220 1674 214 180 647 1190 53575 564 165 1083 33991 706 23974 74387 1751 1067 982 798 84812 3607 2088 260 218 100 375 858 109 205 1391 5560 445
internal_value=2.54662e-05 -2.56454e-05 1.74411e-06 0.000431741 0.000296209 0.000197853 -0.00988051 0.005527 0.00367901 -0.000421156 0.00232352 -0.000550858 -0.000922654 0.000401899 -0.0013782 0.000354186 0.00757703 0.000255624 0.00202669 0.00531033 -9.0505e-05 0.0124204 0.0189548 -0.00714203 0.00706366 -9.82545e-06 0.00468308 0.00790817 0.000392674 -0.0117432
internal_weight=297196 293926 292777 145522 141669 139131 744 2538 2273 147255 6525 140730 101179 25725 75454 4803 1722 138387 3821 3853 907 924 265 1149 2946 484 3270 1596 39551 665
internal_count=297196 293926 292777 145522 141669 139131 744 2538 2273 147255 6525 140730 101179 25725 75454 4803 1722 138387 3821 3853 907 924 265 1149 2946 484 3270 1596 39551 665
is_linear=0
shrinkage=0.03


Tree=17
num_leaves=31
num_cat=0
split_feature=57 1 121 26 38 38 17 62 54 43 51 31 85 13 113 26 48 38 35 14 125 161 1 116 40 36 116 34 14 55
split_gain=65.4513 91.1661 113.324 63.6159 63.2214 67.5438 134.781 74.3511 73.1935 65.9523 62.7704 58.798 55.099 79.3484 53.123 49.6149 57.433 54.2958 53.9582 71.7635 48.6487 43.4716 43.0653 42.3024 36.2235 51.1189 35.03 33.2201 30.4939 28.291
threshold=0.80647325515747081 0.054819600656628616 0.68405765295028698 0.021427014842629436 -0.0010238760733045635 -0.015619924291968344 0.73705121874809276 0.83961239457130443 1.0440487265586855 1.0751557946205141 0.64709019660949718 -0.0073597677983343593 0.37500000000000006 0.983333319425583 0.6169472634792329 0.036252055317163474 0.90793326497077953 0.0019895454170182352 0.18060087412595752 0.89449545741081249 0.50434342026710521 -1.0000000180025095e-35 0.036788007244467742 0.65785703063011181 -0.066464230418205247 0.78267160058021557 0.49735452234745031 0.62488922476768505 1.0082819461822512 1.2293111085891726
decision_type=8 10 8 10 10 8 8 10 10 10 10 10 2 8 10 10 10 10 10 10 10 10 10 10 10 10 10 10 8 10
left_child=21 3 15 14 5 6 9 8 -7 -5 -6 -9 13 -12 22 16 27 24 26 -20 -14 -1 -2 -8 -17 -26 -19 -3 -24 -4
right_child=1 2 29 4 10 7 23 11 -10 -11 12 -13 20 -15 -16 17 -18 18 19 -21 -22 -23 28 -25 25 -27 -28 -29 -30 -31
leaf_value=0 0.00017389499383906992 0.013943424642865299 0.0087211440357471033 -0.019822358788603688 0.012865177554383597 0.0018416397547921697 -0.0022448210013296301 0.0052991280222434226 0.0096689690647306613 0.0023056936021228986 -0.0032825651674639193 -2.3778435120686635e-05 0.00048228520988270669 -0.00085163798636518314 0.0016188614831995933 0 -0.0059777846419271771 0 -0.0078732499022801383 0.0017413167790275932 -0.0029507062242245209 -0.011836126088770556 -0.013372654730692922 0.0052252963383054504 0.0051562813105989419 0.016923111269675682 0.013778927091505039 -0.0021697879934701198 -0.0017784824229979206 0.022770052064322577
leaf_weight=450 56474 225 795 541 276 8503 4989 1894 1251 120 15573 73432 30853 56709 30055 814 1282 230 984 2198 4199 679 329 753 1946 440 381 157 698 212
leaf_count=450 56474 225 795 541 276 8503 4989 1894 1251 120 15573 73432 30853 56709 30055 814 1282 230 984 2198 4199 679 329 753 1946 440 381 157 698 212
internal_value=-6.71538e-06 1.99845e-05 0.00288362 -7.57071e-05 -0.000373005 0.000204133 -0.00275614 0.00043104 0.00289396 -0.0154149 -0.000866384 0.00010745 -0.000906879 -0.00138029 0.000596822 0.00172117 -0.00282125 0.00284979 0.000331193 -0.0011688 6.10334e-05 -0.00715374 5.70229e-05 -0.0011984 0.00572134 0.00757352 0.00840783 0.00679624 -0.00596371 0.0123568
internal_weight=297442 296313 9664 286649 199093 91483 6403 85080 9754 661 107610 75326 107334 72282 87556 8657 1664 6993 3793 3182 35052 1129 57501 5742 3200 2386 611 382 1027 1007
internal_count=297442 296313 9664 286649 199093 91483 6403 85080 9754 661 107610 75326 107334 72282 87556 8657 1664 6993 3793 3182 35052 1129 57501 5742 3200 2386 611 382 1027 1007
is_linear=0
shrinkage=0.03


Tree=18
num_leaves=31
num_cat=0
split_feature=26 16 25 106 138 56 29 1 45 46 38 57 38 27 76 13 27 4 58 38 11 77 41 25 41 29 38 102 108 38
split_gain=75.617 123.209 79.172 83.8119 79.4062 76.7885 68.6423 53.0638 81.6508 66.3367 72.1938 73.2889 78.7374 65.5477 56.1326 54.631 50.0027 52.1766 54.6016 48.2963 47.9222 47.4334 88.3333 50.5455 44.6797 50.6444 43.7795 40.3227 39.2478 38.4058
threshold=0.10153014212846757 0.70005577802658092 0.047347836196422584 0.60791924595832836 0.97314167022705089 0.93650057911872875 0.011732011567801239 0.054819600656628616 1.1124202013015749 1.0746128559112551 -0.00024272614246001464 1.0173917412757876 0.018846358172595504 0.083864297717809691 0.41666667163372045 0.96059641242027294 0.069813530892133727 0.21428515017032626 0.91886547207832348 0.0077669760212302217 0.99131187796592724 0.091666668653488173 0.039143901318311698 0.044578697532415397 0.007809811271727086 0.0055956176947802314 -0.014948193915188311 0.48304596543312078 1.0000000180025095e-35 -0.018508657813072201
decision_type=10 8 10 2 8 10 10 10 10 10 10 10 10 10 2 10 10 10 10 10 10 2 10 10 8 10 10 2 2 10
left_child=1 6 -2 4 20 29 -1 9 16 21 13 12 -12 15 -13 -11 -9 18 -18 -19 27 22 23 -3 -23 -26 -15 -4 -24 -6
right_child=2 7 3 -5 5 -7 -8 8 -10 10 11 14 -14 26 -16 -17 17 19 -20 -21 -22 24 28 -25 25 -27 -28 -29 -30 -31
leaf_value=0.00083092792846695314 0.012852653920019649 -0.00045022474623932906 -0.0028555637378858303 0.013810207743573243 0 -0.00089016087377345927 -0.016176521074140093 -0.0024197492992449996 0.0060459680511772721 -0.0048220209944347505 -0.0056057293351003843 -0.0016213461477767579 0.0054896772148026384 -0.0024743480159918276 0.00078562936356399405 -0.00015051292982819735 -0.013951465620303298 0.016455713484190507 0.002725245226036887 0 0.010295217572708569 5.7163354986055248e-05 0.003584148718770087 0.0059368960916883111 0.0018972153597691954 -5.3259697435438882e-05 0.0033372629310453933 0.005774550513845623 -0.0069450161230041789 -0.023519775365267444
leaf_weight=264 682 37773 930 471 106 1824 646 3130 3185 2361 5784 38106 596 1307 11106 45938 187 412 1172 227 800 76428 311 1125 33425 18209 7444 936 2575 213
leaf_count=264 682 37773 930 471 106 1824 646 3130 3185 2361 5784 38106 596 1307 11106 45938 187 412 1172 227 800 76428 311 1125 33425 18209 7444 936 2575 213
internal_value=-3.46259e-05 -0.000104085 0.00330273 0.00196875 0.000694458 -0.00351189 -0.0110082 -6.81767e-05 0.00228921 -0.000138769 -0.000703886 -0.00147322 -0.00450844 4.07809e-05 -0.00107196 -0.00038698 -2.5945e-07 0.00362779 4.39006e-05 0.010562 0.0041883 0.00023429 -0.000639976 -0.000254833 0.000521943 0.00120381 0.00243141 0.00132963 -0.00569028 -0.0166807
internal_weight=297673 291711 5962 5280 4809 2143 910 290801 8313 282488 112642 55592 6380 57050 49212 48299 5128 1998 1359 639 2666 169846 41784 38898 128062 51634 8751 1866 2886 319
internal_count=297673 291711 5962 5280 4809 2143 910 290801 8313 282488 112642 55592 6380 57050 49212 48299 5128 1998 1359 639 2666 169846 41784 38898 128062 51634 8751 1866 2886 319
is_linear=0
shrinkage=0.03


Tree=19
num_leaves=31
num_cat=0
split_feature=16 30 16 115 121 24 21 35 53 27 53 16 31 115 62 43 81 83 36 74 1 115 125 32 90 123 53 3 48 39
split_gain=71.9491 58.0277 84.1573 77.8977 63.4457 72.1153 77.8158 61.7798 58.8849 61.2428 82.753 49.3377 54.6157 44.156 42.5531 65.5086 43.7106 40.8444 40.7898 40.0268 39.8632 50.7674 39.4461 43.6789 43.5968 39.1367 40.5398 39.1333 42.7757 41.0009
threshold=1.2346542477607729 -0.00038742304604966188 0.93408358097076427 0.74576252698898327 0.29397556185722357 0.050488414242863662 0.8996485471725465 0.20829987525939944 1.0448403358459475 0.083864297717809691 1.0905932784080508 1.1057507991790774 0.0035153066273778681 0.69103735685348522 0.72235202789306652 1.0645596981048586 0.28333334624767309 0.5000000149011613 0.80921056866645824 0.15000000223517421 0.054819600656628616 0.2995735108852387 -0.43902468681335444 -0.0048612528480589381 0.060641722753643997 0.61904805898666393 0.98640778660774242 0.011027347296476366 0.96698108315467846 0.018637335859239105
decision_type=10 8 8 10 8 10 10 10 10 10 10 10 10 10 10 10 2 10 10 2 10 10 8 10 10 10 10 10 10 10
left_child=1 2 7 4 5 6 13 19 11 17 -11 12 -6 -3 15 16 -5 -10 -2 -1 21 -20 -4 24 -24 26 -9 29 -29 -25
right_child=18 3 22 14 8 -7 -8 25 9 10 -12 -13 -14 -15 -16 -17 -18 -19 20 -21 -22 -23 23 27 -26 -27 -28 28 -30 -31
leaf_value=0.0041668508495567008 0.0010639703288207608 0.019738181218689102 0.0010498528824016398 -0.0048805896054697944 0.00067648194616283172 -0.0099855002457528829 0.0023055970135605888 -0.026551077082369697 0.00019602851740936495 0.0092156514612234397 -0.0042305194134135407 -0.0044725913202488393 -0.00089386979716401692 0.0067016324485502073 -0.0012226560738222373 0.007944456970185327 -0.017972699719584647 0.014809328458364029 -0.0002076271688874967 -0.0037320783644560714 0.015444650761320355 0.012776069670699528 0.0048077341026340446 -0.00023805800398351114 -0.0013306095096693369 0.00087534491484491121 -0.0085288036768669789 0.00012584058061163524 -0.0037873100335397911 -0.0021359467509844666
leaf_weight=750 1751 382 16216 813 103695 291 3725 133 4237 2175 461 1891 24517 959 11311 194 385 162 695 2076 463 383 2656 91695 1590 263 1417 3737 6843 11610
leaf_count=750 1751 382 16216 813 103695 291 3725 133 4237 2175 461 1891 24517 959 11311 194 385 162 695 2076 463 383 2656 91695 1590 263 1417 3737 6843 11610
internal_value=2.40857e-05 -2.44013e-05 -0.000470554 0.000373223 0.000575583 0.00377992 0.00466577 -0.00443967 0.000447692 0.00312165 0.006737 0.000300341 0.000373764 0.0108712 -0.00187049 -0.00683028 -0.00956032 0.000866665 0.00442161 -0.0015158 0.00798211 0.00428079 -0.000330628 -0.000522813 0.00244332 -0.00876731 -0.0105848 -0.000636443 -0.0023792 -0.000454629
internal_weight=297476 294184 138986 155198 142495 5357 5066 4639 137138 7035 2636 130103 128212 1341 12703 1392 1198 4399 3292 2826 1541 1078 134347 118131 4246 1813 1550 113885 10580 103305
internal_count=297476 294184 138986 155198 142495 5357 5066 4639 137138 7035 2636 130103 128212 1341 12703 1392 1198 4399 3292 2826 1541 1078 134347 118131 4246 1813 1550 113885 10580 103305
is_linear=0
shrinkage=0.03


Tree=20
num_leaves=31
num_cat=0
split_feature=50 18 26 16 12 101 71 49 38 26 26 138 4 161 28 56 17 68 44 33 42 31 49 55 4 17 81 13 104 78
split_gain=61.3021 87.7131 61.9121 69.1862 123.908 65.1733 93.9933 60.7277 57.4857 98.6084 75.777 55.9198 55.6354 56.9452 55.2965 69.4607 51.317 49.3849 46.0029 65.523 54.9952 40.7964 40.753 34.3255 32.4938 32.9329 32.266 27.8148 27.649 31.3896
threshold=0.69031959772109996 0.95469510555267345 0.10718328878283502 0.70005577802658092 0.9827217459678651 0.36181819438934332 0.64788708090782177 0.90192216634750377 -0.0017292881384491918 0.069804321974515929 0.022316592745482925 0.75457188487052929 0.50000587105751049 -0.21584220975637433 -0.0070395283401012412 0.9872131645679475 0.67958521842956554 0.066666256636381163 1.0383965969085696 0.41193936765193945 0.084065239876508727 -0.0082896822132170183 0.85327547788620006 0.96593585610389721 0.20000175386667254 1.0226792693138125 0.25000000745058065 1.0947534441947939 0.58571431040763866 0.30000000447034841
decision_type=8 10 10 8 10 2 10 10 10 10 10 10 10 10 10 10 8 10 8 8 10 10 10 10 10 10 2 8 2 10
left_child=1 26 3 4 22 -4 17 -6 9 18 23 -11 13 -3 16 -16 -12 -7 20 -20 -5 -13 -2 -10 25 -19 -1 -26 29 -8
right_child=2 12 5 8 7 6 28 -9 10 11 14 21 -14 -15 15 -17 -18 24 19 -21 -22 -23 -24 -25 27 -27 -28 -29 -30 -31
leaf_value=0 -0.0018591496336565756 0.0090656656054127361 0.018127383612822946 0.0010083521786096524 -0.019385961589742571 0.009226182346257503 0.0029074302368351946 0.0012350711457431315 0.0063291044092546756 0.00037019361047191 0.010684876545917155 0.013171190672834893 0.013474792828923794 -0.011968779569490148 0.00037087339221806952 -0.0016347245269172331 0.00020869635125273973 -0.01205801046467098 -0.0017654705391849811 0.00048125961359428529 -0.0036358753236556372 0.0046258887128136248 0.019858431147379348 0.00041305931012145821 -0.0010248583941250852 -0.00011427451377077138 -0.021132875968714895 0.011213555183506465 0 0.016485952379543169
leaf_weight=103 114 137 253 59836 532 367 302 130 885 2707 410 635 179 345 19926 67039 25812 465 19231 29390 2342 3881 125 59539 1051 456 345 174 228 565
leaf_count=103 114 137 253 59836 532 367 302 130 885 2707 410 635 179 345 19926 67039 25812 465 19231 29390 2342 3881 125 59539 1051 456 345 174 228 565
internal_value=-3.23827e-06 -0.00698139 2.23286e-05 -2.65907e-05 -0.0082361 0.0037871 0.00260445 -0.0149792 0 0.000510132 -0.000347926 0.00390477 0 -0.00526951 -0.000806841 -0.00117176 0.00039195 -0.00049514 0.000285463 -0.000401579 0.000827486 0.00594637 0.00899748 0.000506737 -0.00236598 -0.00659142 -0.0169192 0.000624744 0.0098683 0.0122666
internal_weight=297504 1109 296395 292534 901 3861 3608 662 291633 118022 173611 7223 661 482 113187 86965 26222 2513 110799 48621 62178 4516 239 60424 2146 921 448 1225 1095 867
internal_count=297504 1109 296395 292534 901 3861 3608 662 291633 118022 173611 7223 661 482 113187 86965 26222 2513 110799 48621 62178 4516 239 60424 2146 921 448 1225 1095 867
is_linear=0
shrinkage=0.03


Tree=21
num_leaves=31
num_cat=0
split_feature=16 40 36 26 25 26 16 29 14 138 10 17 110 71 53 18 1 38 15 109 161 38 38 48 61 18 13 77 118 40
split_gain=68.7769 56.0833 106.346 70.1461 54.8231 70.6886 87.9879 111 84.5664 62.6732 49.5027 49.0984 42.352 49.1583 41.7038 39.7754 39.6006 42.3276 39.0131 38.5054 36.2914 35.1901 34.2299 42.4778 41.1513 35.1542 34.0798 41.2996 33.3121 38.2751
threshold=1.2346542477607729 -0.030142763629555699 0.82590049505233776 0.021808819845318798 0.10315836966037752 0.10718328878283502 0.74123394489288341 0.010320457164198162 0.91655829548835765 0.99508923292160045 1.0338516235351565 1.1466025710105898 0.36038962006568914 0.61684516072273265 1.0618234276771548 0.95002853870391857 0.054819600656628616 -0.021966870874166485 1.0125523209571841 0.18333333730697635 -1.0000000180025095e-35 -0.0055045855697244397 -0.0033158777514472599 0.92350393533706676 1.0468853712081911 1.0465236902236941 1.0245499014854433 0.45833332836627966 0.74074086546897899 -0.034395776689052575
decision_type=10 10 10 10 10 10 8 10 8 8 10 10 2 10 10 10 10 8 10 2 10 10 10 10 10 10 10 2 8 10
left_child=1 2 12 10 5 6 7 -5 -8 20 11 26 13 16 -15 -11 -1 -18 21 28 -6 -7 -2 24 -24 -25 -3 -28 29 -4
right_child=22 3 19 4 9 18 8 -9 -10 15 -12 -13 -14 14 -16 -17 17 -19 -20 -21 -22 -23 23 25 -26 -27 27 -29 -30 -31
leaf_value=-0.00011038317206966227 0.0075813424759279876 0.00087180153860387099 0.019351450872785961 0.0014748022101849132 0.0045035418167544503 0 0.0019487067553052909 -0.01234850720326932 -0.00065974674236395103 -0.027112836609594522 -0.0089581619295732943 -0.0041368406362792291 -0.0047826188799606224 0.0029506012063110084 0.01638737884979663 -0.005675657918438359 -0.0026226805916833807 0.0071590739143321579 -0.0019279576566462453 0.0017767588941030308 -0.0093819801889317607 0.013820357180359918 0.00014761519580429723 0.0011155980537618474 0.020551694374686728 -0.010291120716587335 -0.0025075588828069825 0.0014385245735208645 0.0052697795031932887 0.00017742269279467576
leaf_weight=19281 1529 76007 515 829 376 204 11956 1235 160497 172 473 1935 1198 4470 213 232 491 1378 265 826 266 611 238 1082 160 283 6175 3766 751 153
leaf_count=19281 1529 76007 515 829 376 204 11956 1235 160497 172 473 1935 1198 4470 213 232 491 1378 265 826 266 611 238 1082 160 283 6175 3766 751 153
internal_value=-1.26707e-05 -6.20557e-05 0.00118203 -0.000200708 -0.00054669 -0.00050362 -0.000552938 -0.00669159 -0.000476961 -0.00735063 0.000487559 0.000543836 0.000646147 0.000913014 0.00369263 -0.0163583 0.000280477 0.00442996 0.00705813 0.00743923 -0.000906108 0.0103155 0.00428504 0.00120503 0.00965883 -0.00114716 0.000653643 -0.00098264 0.0104564 0.0155287
internal_weight=297567 294275 29276 264999 176643 175597 174517 2064 172453 1046 88356 87883 27031 25833 4683 404 21150 1869 1080 2245 642 815 3292 1763 398 1365 85948 9941 1419 668
internal_count=297567 294275 29276 264999 176643 175597 174517 2064 172453 1046 88356 87883 27031 25833 4683 404 21150 1869 1080 2245 642 815 3292 1763 398 1365 85948 9941 1419 668
is_linear=0
shrinkage=0.03


Tree=22
num_leaves=31
num_cat=0
split_feature=32 86 33 53 51 125 46 38 78 26 121 11 46 101 27 22 58 1 7 53 1 138 9 10 84 139 89 42 25 85
split_gain=73.75 59.7853 82.5737 53.5729 57.0294 51.5933 67.1785 54.783 94.6254 69.1059 64.5652 58.7158 53.7794 49.44 44.5068 42.559 95.4674 55.6801 42.1374 49.0963 38.826 47.5292 36.5039 39.0555 45.1016 40.7373 35.7098 34.5212 33.9532 33.5889
threshold=-0.0048612528480589381 -0.58333334326744068 0.93237239122390758 0.97930344939231884 0.83158236742019664 0.50434342026710521 1.0107371211051943 -0.00089285580907016982 0.5000000149011613 0.024867062456905845 0.29397556185722357 0.97095018625259411 1.0733821988105776 0.39208073914051061 0.055048517882823951 0.98158830404281627 1.016369163990021 0.014285661745816471 0.018888382241129879 0.99727275967597973 0.076539885252714171 0.67798271775245678 0.97588700056076061 1.0169506669044497 0.25000000745058065 1.2320333719253542 -0.34335383772850031 0.025652113370597366 0.11536478251218797 0.77500000596046459
decision_type=8 2 10 10 10 10 10 10 10 10 10 10 10 2 10 10 10 10 10 10 10 10 10 10 2 10 10 10 10 2
left_child=1 2 3 27 -5 6 -2 11 9 -9 -10 14 -12 -11 -8 16 -13 -17 19 -3 21 -6 29 25 -25 -24 -20 -1 -16 -7
right_child=5 18 -4 4 20 22 7 8 10 13 12 15 -14 -15 28 17 -18 -19 26 -21 -22 -23 23 24 -26 -27 -28 -29 -30 -31
leaf_value=0.0070431325602589448 0.0015815169359281241 -0.011237007131756131 -0.0062595709859412738 0.019208288829814842 -0.0010290786979201339 -0.0010031365155015583 -0.00090642712623764362 -0.00030330158174608827 0.0076095938081831857 0.00066660245841359969 0.00063192985029975892 0.00067153231356014667 -0.00079419634261260479 -0.0035122852939806241 0.011673772137168902 0.001065354219866372 0.0063835366002513239 -0.00064796748797411939 0.018026476523422815 2.3198530858620101e-05 0.017378447091284242 0.0072334546811413962 -0.00084539184399749583 -0.013358050186786694 0.0040670654582368243 -0.0060495872559642276 0.0026608568697521992 -0.012011491731816046 -0.0041414537534583355 -0.0090360873001169312
leaf_weight=102 23304 359 465 356 773 945 454 16072 967 2819 45956 35922 49184 18228 913 24789 2846 54484 168 3705 263 2277 5897 119 1734 1820 812 202 100 1151
leaf_count=102 23304 359 465 356 773 945 454 16072 967 2819 45956 35922 49184 18228 913 24789 2846 54484 168 3705 263 2277 5897 119 1734 1820 812 202 100 1151
internal_value=4.34866e-05 0.00264437 0.00518089 0.00661966 0.00765508 -4.13672e-05 4.02216e-05 -0.000100825 -0.000520044 -0.0018062 -1.99045e-05 0.000364015 -0.000102186 -0.00293823 0.00629792 0.000286674 0.00110167 -0.000108288 0.000341706 -0.000948191 0.00621581 0.00504859 -0.00199434 -0.00116335 0.00265716 -0.002124 0.00590281 -0.00465213 0.00977217 -0.00559985
internal_weight=297186 9482 4438 3973 3669 287704 276038 252734 133226 37119 96107 119508 95140 21047 1467 118041 38768 79273 5044 4064 3313 3050 11666 9570 1853 7717 980 304 1013 2096
internal_count=297186 9482 4438 3973 3669 287704 276038 252734 133226 37119 96107 119508 95140 21047 1467 118041 38768 79273 5044 4064 3313 3050 11666 9570 1853 7717 980 304 1013 2096
is_linear=0
shrinkage=0.03


Tree=23
num_leaves=31
num_cat=0
split_feature=32 138 86 38 17 43 38 42 50 46 13 111 39 121 42 62 13 24 39 138 40 68 82 77 13 26 109 55 14 1
split_gain=67.0645 55.719 62.2694 47.1739 92.526 124.387 66.8364 87.3342 82.3348 72.3363 84.8139 63.0641 58.9615 58.5855 57.6572 56.1243 63.7444 67.9623 58.4383 50.6275 49.7835 48.3138 45.9528 45.7122 46.8138 43.412 39.5648 62.4595 37.5539 37.2127
threshold=-0.0048612528480589381 0.51088941097259533 -0.58333334326744068 -0.015619924291968344 0.73705121874809276 1.0771216154098513 -0.00089285580907016982 -0.10234589874744414 0.69031959772109996 1.0740185976028445 0.98214536905288707 -0.16954023391008374 -0.00082041142741218198 0.35576920211315161 0.042433278635144241 0.86085230112075817 0.98697397112846386 0.017891177907586101 -0.069816496223211275 0.74588042497634899 -0.037238093093037598 0.049998575821518905 0.75833332538604747 0.091666668653488173 0.92295676469802868 0.11689427867531778 1.0000000180025095e-35 0.97878357768058788 0.96089389920234691 0.059044299647212035
decision_type=10 8 2 8 8 10 10 10 10 10 8 2 10 10 10 10 10 10 10 10 8 10 2 2 8 10 2 10 8 10
left_child=1 -1 -3 4 5 -2 7 21 12 23 11 -11 -8 -6 -12 16 17 -9 -18 22 -7 -5 -15 24 -10 -25 28 -28 -17 -21
right_child=3 2 -4 6 13 20 8 15 9 10 14 -13 -14 19 -16 26 18 -19 -20 29 -22 -23 -24 25 -26 -27 27 -29 -30 -31
leaf_value=-0.0044865686486002072 -0.017557972539338593 0.0059472147660584659 0.00095103149169294956 0 0.0042056616682463258 0.014517246197965506 0.00034552149044779631 -0.0060043696319991595 -0.012717280288562541 0.00077968122043530787 -0.00093780851811554281 -0.005537496381879818 -0.017624143286799645 -0.010588580285225951 0.004387012289054323 -0.0035357182151818413 0.024345369317390498 0.0017221940319158723 0.0041730673772577605 -0.001929920020622382 -0.0060992517303153177 0.0096164507809664707 0 0.00047370335817871484 -0.00085333684969279052 0.016534290258571799 -0.002149574617555852 0.0015660235506188413 -6.295000722451882e-05 0.0055177438309888241
leaf_weight=919 720 3968 5561 668 1479 172 214 1193 288 1743 50785 6104 408 1042 1862 2909 121 6386 5259 3523 194 1438 530 72290 22450 133 4664 28745 70796 698
leaf_count=919 720 3968 5561 668 1479 172 214 1193 288 1743 50785 6104 408 1042 1862 2909 121 6386 5259 3523 194 1438 530 72290 22450 133 4664 28745 70796 698
internal_value=1.08372e-05 0.0023703 0.00307102 -7.42262e-05 -0.00229235 -0.0104076 -6.41087e-06 0.000518099 -0.000418412 -0.000372149 -0.00118363 -0.00409776 -0.0111562 -0.00101406 -0.000742192 0.000408646 0.00227378 0.000453885 0.0047708 -0.00240819 0.00306236 0.00655492 -0.0069867 0.000140699 -0.00102783 0.000511895 0.000179813 0.00103736 -0.000205005 -0.000607396
internal_weight=297262 10448 9529 286814 8358 1086 278456 122179 156277 155655 60494 7847 622 7272 52647 120073 12959 7579 5380 5793 366 2106 1572 95161 22738 72423 107114 33409 73705 4221
internal_count=297262 10448 9529 286814 8358 1086 278456 122179 156277 155655 60494 7847 622 7272 52647 120073 12959 7579 5380 5793 366 2106 1572 95161 22738 72423 107114 33409 73705 4221
is_linear=0
shrinkage=0.03


Tree=24
num_leaves=31
num_cat=0
split_feature=33 44 10 52 1 13 79 55 49 16 41 32 19 53 58 126 38 32 62 84 62 41 11 53 121 34 39 49 45 31
split_gain=55.2726 81.5115 66.1513 98.9249 81.7513 71.3182 64.3589 97.6837 69.6408 63.4986 63.629 63.0886 56.9964 56.1677 54.2872 49.9813 47.938 47.3711 45.5097 45.1976 82.9946 66.8893 102.148 47.5519 45.4807 49.2642 45.0817 68.2451 43.7085 50.9213
threshold=0.37278090417385107 1.0380274057388308 1.0171491503715517 0.90328228473663341 0.065468672662973418 0.96964040398597728 0.55000001192092907 0.98985156416893016 0.9109402894973756 0.66539305448532116 -0.0017223632894456384 -0.003427176619879901 1.0751157402992251 1.011035740375519 1.0264462828636172 -0.37446759641170496 -1.0000000180025095e-35 0.0052776983939111241 0.74204871058464061 -0.65000000596046437 0.86702564358711254 0.037272674962878234 0.99518463015556347 1.0359299778938296 0.64356419444084179 0.3665368407964707 0.019537423737347129 0.83472758531570446 1.029323995113373 -0.0057770793791860333
decision_type=8 10 10 10 10 8 2 10 10 8 10 10 10 10 10 8 8 10 10 2 10 10 10 10 10 10 10 10 8 8
left_child=1 11 5 9 -5 6 13 8 17 10 -4 -1 14 26 18 -6 -9 -8 -11 20 -3 23 24 -21 25 -23 27 -2 -7 -30
right_child=2 19 3 4 15 28 7 16 -10 12 -12 -13 -14 -15 -16 -17 -18 -19 -20 21 -22 22 -24 -25 -26 -27 -28 -29 29 -31
leaf_value=0.0039149116464801698 0.0077192750809667622 0.0070106132037070883 0.0031885845667746818 -0.00034773138088316371 0.016410846464964123 0.0012636096197866983 0.0078990466474955796 0.00095915750174589427 0.0021392004856393664 -0.0010194459941186426 -0.019108893850565196 -0.00015952567090771517 -0.0061071526598040328 -0.014157317864868716 0.010554167231117045 0.0018062514632452725 -0.0048800755534899026 0.026986019972326428 0.0038523660666141277 -0.0022399576516685771 -0.00095469463757775987 -0.013044322373009986 0.017156386768271054 -0.0067931392719118014 0.011786870006215545 0.00072540172543527509 -0.0042141370763752782 -0.0014466151749734947 0.0034065513376038184 -0.00020034493245297898
leaf_weight=3590 730 1287 183 21190 404 32808 793 2720 2600 1870 210 64344 510 321 1001 538 2238 154 13148 24892 11707 302 362 2330 198 721 5413 20386 3670 76931
leaf_count=3590 730 1287 183 21190 404 32808 793 2720 2600 1870 210 64344 510 321 1001 538 2238 154 13148 24892 11707 302 362 2330 198 721 5413 20386 3670 76931
internal_value=-4.89855e-05 -0.000584703 0.00026244 0.00136109 2.6666e-05 -2.41084e-05 -0.00120204 0.00104763 0.00485624 0.00308656 -0.00834809 5.24637e-05 0.00338632 -0.00192606 0.00371451 0.00859261 -0.00162538 0.0118071 0.00322524 -0.00162696 -0.000133151 -0.00228986 0.00359359 -0.00264539 -0.000397431 -0.00322411 -0.00175621 -0.00110854 0.000340611 -3.15869e-05
internal_weight=297551 109733 187818 39054 22132 148764 35355 8505 3547 16922 393 67934 16529 26850 16019 942 4958 947 15018 41799 12994 28805 1583 27222 1221 1023 26529 21116 113409 80601
internal_count=297551 109733 187818 39054 22132 148764 35355 8505 3547 16922 393 67934 16529 26850 16019 942 4958 947 15018 41799 12994 28805 1583 27222 1221 1023 26529 21116 113409 80601
is_linear=0
shrinkage=0.03


Tree=25
num_leaves=31
num_cat=0
split_feature=61 1 28 26 38 50 83 51 26 160 51 11 32 113 57 59 14 28 79 30 62 125 35 1 116 93 84 138 17 112
split_gain=60.1077 69.8932 54.4285 49.8802 68.4378 65.5984 64.3544 61.1387 58.5377 83.2748 75.7583 62.7872 65.8437 60.3166 57.8558 49.1723 48.887 106.265 69.3064 48.3327 102.118 52.4048 48.0176 45.9716 42.0147 39.8465 38.0742 37.371 36.8685 35.383
threshold=1.0664107203483584 0.054819600656628616 -0.026797394268214699 0.021427014842629436 -0.00089285580907016982 0.69031959772109996 -1.0000000180025095e-35 0.64709019660949718 0.093118049204349532 -0.50326320528984059 0.67947936058044445 0.99131187796592724 0.0038653395604342227 0.76470628380775463 0.8920835852622987 0.93868497014045726 1.0574004054069521 -0.016411625780165192 0.65000000596046459 -0.00042474368819966907 0.96432080864906322 0.50434342026710521 0.60387402772903453 0.033337974920868881 0.28388679027557379 -0.73940721154212941 0.75000000000000011 0.87531223893165599 0.97827032208442699 -0.096464019268751131
decision_type=10 10 10 10 10 10 10 10 10 10 10 10 10 10 10 10 10 10 2 10 10 10 10 8 10 10 2 8 8 2
left_child=3 2 25 23 8 6 -6 14 10 -10 -5 12 -11 -13 -7 -16 17 -12 -18 20 -9 -21 -3 28 -4 -2 -8 -25 -1 -26
right_child=1 22 24 4 5 7 26 19 9 11 16 13 -14 -15 15 -17 18 -19 -20 21 -22 -23 -24 27 29 -27 -28 -29 -30 -31
leaf_value=0.0016161031874597483 0.0048102591927470335 0.00017240536759740538 0.0073492139448803869 -0.015740906577764311 0.0038411562546389177 -0.0036107120649576498 -0.021784554756371609 -0.0040582567698758381 0.015203053774686641 0.0023823910158534997 0.0091802960780568831 0.0095683351654155969 -0.0099201726466232893 -0.0038934985977476058 0.030055295550472035 0.00087621794647232563 -0.0063018329427839059 0.00030724274128467573 -0.00048861819664471745 0.00015810293432932891 -0.00079577362644730858 -0.0029772917755608638 0.012028762429558729 -0.0070395212662164915 -0.0026040749708732026 -0.010681364080211822 -0.0015517828568754439 -0.0004107701276306764 0.00025068198564733398 0.0045345364759396978
leaf_weight=26096 162 505 1090 250 172 123 315 10770 500 1028 1218 1203 586 348 137 113 2257 76280 10579 47153 45403 5309 1053 1210 1494 525 161 2321 58110 1035
leaf_count=26096 162 505 1090 250 172 123 315 10770 500 1028 1218 1203 586 348 137 113 2257 76280 10579 47153 45403 5309 1053 1210 1494 525 161 2321 58110 1035
internal_value=-1.2333e-06 0.00299974 0.00093692 -6.28036e-05 -0.000321076 -0.000831222 -0.0102413 -0.000770664 0.000269332 0.00397828 0.000115112 0.0020265 -0.00196749 0.00634581 0.0109895 0.0190193 0.000165789 0.000452899 -0.00154233 -0.000815819 -0.00142785 -0.000154487 0.00842673 0.000533953 0.00247293 -0.00657125 -0.0158845 -0.00279364 0.00067768 0.000212384
internal_weight=297506 5864 4306 291642 203905 109656 648 109008 94249 3665 90584 3165 1614 1551 373 250 90334 77498 12836 108635 56173 52462 1558 87737 3619 687 476 3531 84206 2529
internal_count=297506 5864 4306 291642 203905 109656 648 109008 94249 3665 90584 3165 1614 1551 373 250 90334 77498 12836 108635 56173 52462 1558 87737 3619 687 476 3531 84206 2529
is_linear=0
shrinkage=0.03


Tree=26
num_leaves=31
num_cat=0
split_feature=33 159 55 1 84 1 49 16 39 117 98 54 76 49 13 27 7 84 72 76 29 49 99 43 53 13 41 13 36 4
split_gain=52.8953 68.4182 74.2581 73.8942 71.1144 59.15 56.892 79.5937 59.2296 55.1191 55.067 44.3395 57.3964 69.051 46.5467 44.4592 44.2223 43.8673 53.3201 47.7215 51.0481 41.5223 61.7555 92.3021 64.4995 57.9301 58.2182 38.4928 37.8087 36.6678
threshold=0.37842999398708349 -0.076323054730892168 0.93262457847595226 0.054819600656628616 0.45000000298023229 0.014285661745816471 0.91374918818473827 0.74123394489288341 0.032399853691458709 0.34431388974189764 0.55000001192092907 1.0253064632415774 0.11666667088866235 0.97303873300552379 1.0495963096618655 0.075794491916894927 0.038835020735859878 0.75000000000000011 0.96756765246391307 0.88333332538604747 0.012340523768216373 0.83472758531570446 0.61250001192092907 1.0089558362960818 0.98440611362457286 1.1168913841247561 0.050989702343940742 0.96514746546745311 0.80921056866645824 0.56000003218650829
decision_type=8 8 8 10 2 10 10 10 10 10 2 10 2 10 10 10 10 2 10 2 10 8 2 10 10 10 10 8 10 10
left_child=5 -2 4 21 16 -1 7 29 11 -5 -10 15 14 -14 -13 27 -3 19 -19 20 -9 22 24 -24 -4 26 -23 -8 -6 -7
right_child=1 2 3 9 28 6 8 17 10 -11 -12 12 13 -15 -16 -17 -18 18 -20 -21 -22 25 23 -25 -26 -27 -28 -29 -30 -31
leaf_value=0.00050117939937296041 0.0097753937760400502 -0.0025889110210396537 -0.0073884637520781034 0.01180839710140034 -0.0072955682848894546 -0.0075182089963515093 -0.0057288256220225792 0.0022209280478482142 0.0090799974132108694 0.0025341783319925916 -0.0013614642034676151 -0.0062476870234979857 -0.0043714508472890929 6.4844586121295681e-05 0.0041593472290266187 0.0012701535506833513 0.01962374987178727 0.010057444217517664 -0.0049426947633847834 -0.0021518813095220812 0.014675140369020529 0.00032118620367867044 0.01416223230019777 -0.0074883099940965848 0.015239203970027442 -0.0066717514974298812 -0.0024874891343198932 -0.0011187343966258076 0.0015696017789681241 0.0076390785237774247
leaf_weight=32762 660 106 106 693 2405 1063 1718 2645 926 4102 784 4733 5018 8113 372 6840 151 1191 217 1945 334 168698 237 544 613 1086 6877 41738 455 130
leaf_count=32762 660 106 106 693 2405 1063 1718 2645 926 4102 784 4733 5018 8113 372 6840 151 1191 217 1945 334 168698 237 544 613 1086 6877 41738 455 130
internal_value=-4.07566e-05 0.000266032 0.000229643 0.000309613 -0.00434069 -0.000561728 -0.00101338 0.00144428 -0.00128128 0.00398033 0.00415899 -0.00142257 -0.00269833 -0.00161174 -0.00541752 -0.000953167 0.00985364 0.00281698 0.0074987 0.00139266 0.00380586 0.000208701 0.00515247 -0.000354199 0.0113876 0.000164447 0.000209195 -0.00131044 -0.00577993 -0.00552049
internal_weight=297262 186733 186073 182956 3117 110529 77767 7525 70242 4795 1710 68532 18236 13131 5105 50296 257 6332 1408 4924 2979 178161 1500 781 719 176661 175575 43456 2860 1193
internal_count=297262 186733 186073 182956 3117 110529 77767 7525 70242 4795 1710 68532 18236 13131 5105 50296 257 6332 1408 4924 2979 178161 1500 781 719 176661 175575 43456 2860 1193
is_linear=0
shrinkage=0.03


Tree=27
num_leaves=31
num_cat=0
split_feature=61 29 22 3 113 50 1 76 79 52 50 13 50 51 46 1 34 46 122 67 53 61 121 49 43 82 53 41 78 42
split_gain=62.2933 55.8077 86.0246 66.6879 76.8363 68.1438 54.7142 68.7462 95.661 120.667 91.99 69.0459 68.8351 61.5048 72.1548 54.4423 60.3746 54.282 54.2215 46.8881 75.0702 46.467 46.3731 44.7548 39.4715 39.4623 39.4464 38.9575 38.6329 37.8475
threshold=1.0581257939338686 -0.0011779901687987147 1.0942281484603884 0.016261931508779529 0.29729746282100683 0.69031959772109996 0.018359184265136722 0.11666667088866235 0.84999999403953563 0.67603021860122692 0.94270184636116039 1.1045321822166445 0.95355537533760082 0.9574289619922639 1.0633608698844912 0.059044299647212035 0.93758702278137218 1.0989498496055605 0.64643797278404247 0.99583333730697643 0.98815548419952404 1.0205755829811098 0.68405765295028698 0.96518424153327953 1.0530833601951601 0.22500000149011615 1.0588570237159731 0.011587072163820268 0.30000000447034841 -0.070612445473670946
decision_type=10 8 10 10 8 8 10 2 2 10 10 10 10 10 10 10 10 10 10 10 8 10 10 8 10 2 10 10 10 10
left_child=1 6 3 5 24 -3 -1 12 13 10 -10 -11 -8 14 -9 16 25 -14 -19 27 -21 23 -17 -7 -5 -2 -27 -6 -15 -28
right_child=15 2 -4 4 19 21 7 8 9 11 -12 -13 17 28 -16 22 -18 18 -20 20 -22 -23 -24 -25 -26 26 29 -29 -30 -31
leaf_value=0.00011069499000903473 0.0077537187478285176 -0.0097579975180601738 0.0043247557768193176 0.0022557537909991786 0 -0.00028756667978615386 0.00058299400547038953 -0.00018889502431888251 0.0034458877321366299 0.00046684522546379566 0.026569587496707528 -0.010542170771059107 -0.00090473194396481851 -0.0040620665200592028 -0.0053374667604385202 0.0026796305358784832 0.0099338632887947843 -0.0059821535272729376 0.00031018873163100771 -0.011977641375777025 0.0027640608414487345 -0.0076539652212162784 0.014176809000893364 0.00074836871136507266 0.016900833177262931 0.0020012397021011712 -0.0058059645873007838 0.0050191812205399372 0.0015563405371845757 0.0015574459076337637
leaf_weight=56558 574 616 4610 334 2517 95759 4138 3864 458 25514 254 502 4350 1431 7323 819 654 8073 1346 517 671 675 611 61524 488 2843 1658 3359 4499 907
leaf_count=56558 574 616 4610 334 2517 95759 4138 3864 458 25514 254 502 4350 1431 7323 819 654 8073 1346 517 671 675 611 61524 488 2843 1658 3359 4499 907
internal_value=1.47299e-05 -5.68216e-05 0.000288476 0.000174386 0.00286398 3.83947e-05 -0.000558604 -0.0011763 -0.000527597 0.000584889 0.0126055 0.00023496 -0.00274555 -0.00228089 -0.00358943 0.00261264 0.00140205 -0.00376703 -0.00505243 0.00178691 -0.00349506 7.97279e-05 0.00792674 0.000115794 0.0115014 0.000389304 -0.000362768 0.00291392 0.000141016 -0.00309426
internal_weight=297446 289380 171070 166460 7886 158574 118310 61752 43845 26728 712 26016 17907 17117 11187 8066 6636 13769 9419 7064 1188 157958 1430 157283 822 5982 5408 5876 5930 2565
internal_count=297446 289380 171070 166460 7886 158574 118310 61752 43845 26728 712 26016 17907 17117 11187 8066 6636 13769 9419 7064 1188 157958 1430 157283 822 5982 5408 5876 5930 2565
is_linear=0
shrinkage=0.03


Tree=28
num_leaves=31
num_cat=0
split_feature=32 26 33 10 29 13 41 116 144 26 46 25 86 33 86 16 116 10 23 7 18 89 43 138 51 73 43 29 123 18
split_gain=56.0882 49.7947 61.1514 67.8737 77.1833 70.4521 59.3844 57.9143 55.6841 79.6269 49.4856 67.0246 48.8712 60.586 47.665 47.5194 43.5887 40.3537 40.9176 38.5702 62.2937 48.5945 37.1314 32.719 34.7514 33.6855 32.6903 32.0266 31.9807 31.7288
threshold=-0.0048612528480589381 0.021808819845318798 0.26196105778217321 1.0175238251686098 0.00068523554364219319 0.983333319425583 0.0035560695687308912 0.27011488378047949 0.5919247865676881 0.041708922013640411 1.0047824382781985 0.062246013432741172 -0.58333334326744068 0.93237239122390758 -0.88333332538604725 0.70005577802658092 0.70436501502990734 1.0349293947219851 0.032843878492712981 0.018888382241129879 0.98508408665657055 -0.44413353502750391 1.0567910671234133 0.77176004648208629 0.83158236742019664 0.90000000596046459 1.035070598125458 0.020208128727972511 0.13636324554681781 1.023091793060303
decision_type=8 10 8 10 10 8 10 10 10 10 10 10 2 10 2 8 10 10 10 10 10 10 10 10 10 10 10 10 8 10
left_child=12 17 29 5 7 10 16 22 9 -6 11 -4 13 23 -9 -10 -7 18 28 20 -14 -21 -5 -1 -25 -26 -12 -8 -2 -3
right_child=1 2 3 4 8 6 27 14 15 -11 26 -13 19 -15 -16 -17 -18 -19 -20 21 -22 -23 -24 24 25 -27 -28 -29 -30 -31
leaf_value=0.0020645120591128003 8.7820210082577443e-05 -0.0010094772530937553 0.0017376063950234263 -0.0007152298360189888 0.00099370758039502407 -0.00042037900506203745 0.0019225626328555961 -0.0040544590517912621 -0.012709434290416538 0.0065769961101014478 -0.0015621487372828339 -0.0095764016777327172 -0.011166199814450134 -0.0051537009971762467 0.00024753074928590392 0.00064346512800580633 0.0051591084719673445 -0.0069105133736067238 0.015640287223930766 0.021725420549283829 0.00024383083094970884 0.0023427370224649515 0.009831427715155848 0.017819250553794616 0.0084400943293276905 0 -0.0065049371901392582 -0.011122846103019335 0.0012447973713739877 -0.0051930126475100338
leaf_weight=1530 52845 54577 6847 380 4243 46344 17189 2654 240 5418 34219 481 463 466 16800 2862 1270 623 144 127 3581 877 842 304 1627 529 1277 145 36964 1705
leaf_count=1530 52845 54577 6847 380 4243 46344 17189 2654 240 5418 34219 481 463 466 16800 2862 1270 623 144 127 3581 877 842 304 1627 529 1277 145 36964 1705
internal_value=3.4698e-05 -3.91627e-05 -0.000307241 2.39912e-05 0.00120632 -0.00034023 0.000278828 5.84868e-05 0.00303934 0.00416299 -0.0012858 0.000930099 0.00230032 0.00458632 -0.000327522 -0.000368349 -0.000263157 0.000541986 0.00059846 0.000213069 -0.00103721 0.00546394 0.00635153 0.00581872 0.00799722 0.00632337 -0.00175198 0.00178346 0.000567525 -0.00114334
internal_weight=297573 288069 197493 141211 33439 107772 64948 20676 12763 9661 42824 7328 9504 4456 19454 3102 47614 90576 89953 5048 4044 1004 1222 3990 2460 2156 35496 17334 89809 56282
internal_count=297573 288069 197493 141211 33439 107772 64948 20676 12763 9661 42824 7328 9504 4456 19454 3102 47614 90576 89953 5048 4044 1004 1222 3990 2460 2156 35496 17334 89809 56282
is_linear=0
shrinkage=0.03


Tree=29
num_leaves=31
num_cat=0
split_feature=16 11 1 26 48 109 14 23 110 51 25 25 45 36 37 72 86 35 120 24 41 34 76 24 36 52 12 125 1 51
split_gain=58.2411 51.6738 51.6019 54.2069 65.1764 63.5853 62.7574 57.6196 50.8457 49.1948 48.5916 43.2779 39.3492 38.7737 40.4134 38.5679 38.1418 44.5752 40.1014 33.494 31.832 31.4729 30.9128 29.3625 27.5475 43.7667 29.5112 47.4507 25.5901 30.8041
threshold=1.2346542477607729 0.92475160956382763 0.054819600656628616 0.044080661609768874 0.94517752528190624 0.64583334326744091 0.89449545741081249 0.027440508827567104 0.34166666865348821 0.73924610018730175 0.029014205560088161 0.012346642557531597 1.0082367062568667 0.92622405290603649 0.2690154910087586 0.85227271914482128 -0.81666666269302357 0.50329801440238964 0.25773195922374731 0.019294306635856632 -0.039927501231431954 0.88041076064109813 0.083333335816860213 0.019749440252780918 0.80921056866645824 0.88710063695907604 1.0003626942634585 -0.37458147108554835 0.016885785385966304 0.96998479962348949
decision_type=10 8 10 8 10 2 8 10 2 10 10 8 10 10 10 10 2 10 8 10 10 10 2 8 10 10 10 10 10 10
left_child=1 9 11 7 5 6 -5 19 10 -1 -6 28 -9 16 -15 -7 17 -13 -18 -4 -10 24 -14 -16 -2 -26 -27 -28 -3 -30
right_child=21 2 3 4 8 15 -8 12 20 -11 -12 13 22 14 23 -17 18 -19 -20 -21 -22 -23 -24 -25 25 26 27 -29 29 -31
leaf_value=-0.014453868947023975 0 0.0013826147323412051 0 -0.0050435115091515418 -0.0080523475007184091 0.019192486935406285 0.0033954280976922894 0.011410170406745199 -0.01370270895277295 -0.00026151106580197343 0.010420038998665813 -0.0031926424494142175 0.010572962574593732 -0.0021797232556153251 0.0011795474503786378 0 -0.0019839151151906155 -0.00045771851229545169 -3.6444585036764692e-05 -0.0095695670342173626 0.0053529113393438899 0.011901433949945745 -0.0029158442688624908 0.0077130527789527259 0.0191943334470503 -0.003073268464081349 0.0022425492694079876 0.021580166736231095 0.0011965968207403247 -0.0025982110995307521
leaf_weight=415 1556 26311 509 1377 104 244 1805 348 134 537 2009 8129 171 977 1317 181 9964 16689 212449 784 118 401 741 1425 180 371 605 139 3979 3604
leaf_count=415 1556 26311 509 1377 104 244 1805 348 134 537 2009 8129 171 977 1317 181 9964 16689 212449 784 118 401 741 1425 180 371 605 139 3979 3604
internal_value=2.189e-05 -2.13455e-05 5.12069e-07 0.00229862 0.00387155 0.00122031 -0.000171496 -0.00126568 0.00774518 -0.00692705 0.00930322 -6.73707e-05 0.00312455 -0.000204273 0.0028214 0.0118543 -0.000251225 -0.00136746 -0.00012521 -0.00575476 -0.00393939 0.0040028 0 0.00471485 0.00271218 0.00590879 0.00319929 0.00671838 0.000936926 -0.000569608
internal_weight=297573 294321 293369 8525 5972 3607 3182 2553 2365 952 2113 284844 1260 250950 3719 425 247231 24818 222413 1293 252 3252 912 2742 2851 1295 1115 744 33894 7583
internal_count=297573 294321 293369 8525 5972 3607 3182 2553 2365 952 2113 284844 1260 250950 3719 425 247231 24818 222413 1293 252 3252 912 2742 2851 1295 1115 744 33894 7583
is_linear=0
shrinkage=0.03


Tree=30
num_leaves=31
num_cat=0
split_feature=16 11 46 34 40 71 28 18 11 62 1 28 73 38 49 39 53 59 36 25 79 20 5 77 41 33 30 41 121 140
split_gain=53.6592 55.3594 52.0036 57.0646 56.1726 97.6694 69.9061 68.2825 54.227 139.527 50.4886 46.5532 46.0282 42.1415 41.8283 40.9465 46.1064 46.5121 40.5344 40.4545 40.1039 37.3662 34.2884 31.6143 40.2547 31.3824 39.8603 27.9255 25.1241 32.7308
threshold=1.2157111763954165 0.92475160956382763 1.0107371211051943 0.79590138792991649 -0.030142763629555699 0.58620759844779979 -0.016411625780165192 1.0247355103492739 0.99016445875167858 0.68567064404487621 0.059044299647212035 -0.0053958091884851447 0.5000000149011613 -0.021966870874166485 0.88403329253196727 0.019537423737347129 0.98273000121116649 0.94645845890045177 0.054116768762469299 0.052060935646295554 0.84999999403953563 1.0724788308143618 0.0075274726841598758 0.091666668653488173 0.014605122152715923 0.97781935334205639 -0.0071807033382356158 0.015905088745057586 0.63199988007545482 0.97882658243179332
decision_type=10 8 10 10 10 10 8 10 10 10 10 10 10 8 10 10 10 10 8 10 2 10 8 2 10 10 10 10 10 10
left_child=1 14 3 23 5 10 -7 8 11 -10 20 -6 21 -12 19 16 22 -18 -8 -1 -4 -9 -5 -3 -25 26 28 -14 -2 -30
right_child=25 2 4 15 7 6 18 12 9 -11 13 -13 27 -15 -16 -17 17 -19 -20 -21 -22 -23 -24 24 -26 -27 -28 -29 29 -31
leaf_value=0 -0.00077674803694892554 -3.1233690755043561e-05 -0.0028485487617893076 0.0020103837112042883 0.0006987666913878508 0.013772609444565081 0.015667427580655469 -0.0033541869267068574 -0.016071275613009507 0.00019365287717708828 -0.0015317916163315611 -0.0011223459371652047 -0.0093762968673479063 0.0094421700113066671 0.0019460372601707392 -0.0095230992833026662 -0.0039546810822549136 0.00074863252579648735 0.0025629092515517121 -0.015550292998451169 0.00034670048325224765 0.0020306050035918052 0.016140318813958693 0.0011579941382963668 0.0042898812614207641 -0.010371851355914896 -0.00010733042702210322 0.0013965876650116923 0.0033470185448086424 0.010777783377067206
leaf_weight=169 368 4739 4630 666 15007 592 211 4167 456 138251 415 73967 1349 866 253 441 3051 4723 7282 491 14304 1515 216 7926 7537 117 1446 196 1353 1125
leaf_count=169 368 4739 4630 666 15007 592 211 4167 456 138251 415 73967 1349 866 253 441 3051 4723 7282 491 14304 1515 216 7926 7537 117 1446 196 1353 1125
internal_value=-1.21763e-05 -6.26467e-05 -3.83412e-05 0.00115882 -0.000172821 0.00108694 0.00386951 -0.000325944 -0.000233253 0.00013571 -1.38463e-05 -0.000811725 -0.00319601 0.0056875 -0.00736035 -0.000789292 -0.000288822 -0.00106416 0.00301258 -0.0113213 -0.000420999 -0.00186373 0.00608452 0.00205081 0.00270749 0.00326402 0.00375169 -0.00781756 0.00580413 0.00689993
internal_weight=297829 293420 292507 29299 263208 28300 8085 234908 227681 138707 20215 88974 7227 1281 913 9097 8656 7774 7493 660 18934 5682 882 20202 15463 4409 4292 1545 2846 2478
internal_count=297829 293420 292507 29299 263208 28300 8085 234908 227681 138707 20215 88974 7227 1281 913 9097 8656 7774 7493 660 18934 5682 882 20202 15463 4409 4292 1545 2846 2478
is_linear=0
shrinkage=0.03


Tree=31
num_leaves=31
num_cat=0
split_feature=120 116 29 21 50 10 36 105 26 35 1 26 37 40 11 17 40 69 59 25 20 58 79 51 47 85 104 30 9 58
split_gain=43.9247 65.6451 49.3844 45.4086 44.6132 52.7743 85.1276 81.3465 54.0871 49.1482 65.4021 54.9011 58.3323 56.7801 48.9157 50.5183 47.791 47.466 84.7067 43.3501 42.6181 39.3162 39.2912 35.4475 65.5594 34.603 34.5923 36.9359 35.8613 34.55
threshold=0.25773195922374731 0.70436501502990734 0.015232655685395004 0.8996485471725465 0.87813463807106029 1.0175238251686098 0.054116768762469299 0.47213622927665716 0.048506435006856925 0.82404759526252758 0.053075965493917472 0.021808819845318798 0.7371291220188142 -0.057446666061878197 0.98446604609489452 1.3184605836868288 0.034697720780968673 0.99107852578163158 0.85283562541008007 0.049189971759915359 0.90086334943771373 0.96914386749267589 0.15000000223517421 0.64709019660949718 1.0540013909339907 0.37500000000000006 0.11805555596947671 0.0031531669665127997 1.0206611752510073 0.93985238671302807
decision_type=8 10 10 10 8 10 10 2 10 8 10 8 10 8 8 10 8 10 10 10 8 10 2 10 10 2 2 10 10 10
left_child=23 4 3 20 5 17 25 -8 -9 11 14 -6 16 -14 21 -16 -13 18 -2 -19 -3 -11 -20 24 -1 -7 28 -28 -25 -22
right_child=1 2 -4 -5 9 6 7 8 -10 10 -12 12 13 -15 15 -17 -18 19 22 -21 29 -23 -24 26 -26 -27 27 -29 -30 -31
leaf_value=-0.017594397354384134 -0.017274274954324952 -0.0021040492978980922 -0.009237380677222972 0.002220173902750778 0.00036008789609563415 0 3.084311237905672e-05 -0.0032718957786455872 0.008795614666320355 0.0051226919618356992 0.0088594034913299247 -0.00077674790783754217 0.0063296974864243301 0.00018617374847623131 0.001847237733121467 -0.0074719644869353776 -0.0033579299138346967 0.0024273766701122263 0.0021083125528139077 0.017716969565090331 0.023862011579979095 -0.0031944749787650535 -0.0010707263570236009 0.00076001780421103553 0.0043536963854517259 0.018445281684628348 0.0027137515326982392 -0.002680834721966445 0.015274843835043076 0.0080927315379800135
leaf_weight=309 236 216 236 3881 84976 119 4796 349 2015 552 952 103025 1395 35516 17259 509 6967 738 5619 228 174 3657 9147 1887 155 426 1224 9695 154 935
leaf_count=309 236 216 236 3881 84976 119 4796 349 2015 552 952 103025 1395 35516 17259 509 6967 738 5619 228 174 3657 9147 1887 155 426 1224 9695 154 935
internal_value=-1.11408e-05 6.7179e-05 0.00332431 0.00398433 2.2177e-06 0.00124846 0.00328736 0.00234544 0.00687573 -0.000112477 0.00120969 -0.000244604 -0.000596431 0.000429785 0.000856928 0.0015553 -0.00094355 0.000242993 -0.000156357 0.00662653 0.00881876 -0.00201369 0.00011994 -0.00168758 -0.00976583 0.0146099 -0.00136065 -0.00204483 0.00213837 0.0112115
internal_weight=297347 283923 5442 5206 278481 23673 7705 7160 2364 254808 22929 231879 146903 36911 21977 17768 109992 15968 15002 966 1325 4209 14766 13424 464 545 12960 10919 2041 1109
internal_count=297347 283923 5442 5206 278481 23673 7705 7160 2364 254808 22929 231879 146903 36911 21977 17768 109992 15968 15002 966 1325 4209 14766 13424 464 545 12960 10919 2041 1109
is_linear=0
shrinkage=0.03


Tree=32
num_leaves=31
num_cat=0
split_feature=42 79 102 11 57 29 22 26 51 25 0 35 2 90 20 35 38 32 79 73 13 115 26 78 62 159 120 41 127 33
split_gain=44.6403 57.9171 56.5514 51.5378 51.9254 43.2504 87.2113 53.0303 75.1178 68.965 75.6048 65.0641 62.4025 60.2406 49.6796 48.8086 49.1638 95.8968 90.7682 72.7945 91.946 59.008 48.775 62.2621 38.8816 37.7302 41.1963 38.3958 35.6212 32.5978
threshold=-0.11591945588588713 0.45000000298023229 0.53614982962608349 0.9846351444721223 1.1136341691017153 -0.000591910647926852 1.0942281484603884 0.10153014212846757 0.67947936058044445 0.046189228072762496 0.015443475916981699 0.49399299919605261 0.78947493433952343 0.64191800355911266 1.0530104041099551 0.82404759526252758 0.017799356952309612 0.0067304496187716731 0.94999998807907116 0.30000000447034841 0.9503208100795747 0.40839709341526037 0.029906131327152256 0.90000000596046459 0.68567064404487621 -0.076323054730892168 0.25773195922374731 0.013977216091006996 0.13148782402276996 0.88002899289131176
decision_type=8 2 2 10 10 8 10 10 8 8 10 10 10 10 10 10 10 10 2 10 8 10 10 10 10 8 8 10 10 10
left_child=1 -1 3 4 -3 15 7 8 12 -9 11 -11 24 -12 -8 16 17 22 -19 -18 -21 -22 28 -24 -7 27 -27 -10 -2 -5
right_child=5 2 -4 29 -6 6 14 9 25 10 13 -13 -14 -15 -16 -17 19 18 -20 20 21 -23 23 -25 -26 26 -28 -29 -30 -31
leaf_value=-0.01258088541735103 -0.00039446949685132277 0.027344979048502156 -0.0014514952018211333 0.0065450264316695705 0.0072579367836348658 -0.01745958536254601 0.0056788541516126492 0.014769065181992233 -0.0035197391511150159 -0.002008055809741983 0.0011862460664167835 0.0085860104640529816 0.0046315514363472372 -0.017372150492729801 -0.0052279074087148913 0.001066351718769657 -0.00059167528466541434 -0.01480111306660133 0.0091687436228640729 -0.0089536517596989877 0 0.013682299865482098 -0.0023376046398003386 -0.00010923916584415456 0 -0.0015097671247050061 0.00029436331988620131 0.013638540575906756 0.0017650821108743341 -0.0018149477537199757
leaf_weight=167 60035 185 1007 1208 476 478 3774 450 127 760 287 1376 198 264 373 17445 2467 745 144 230 335 1090 27221 19769 169 12382 135889 346 7719 554
leaf_count=167 60035 185 1007 1208 476 478 3774 450 127 760 287 1376 198 264 373 17445 2467 745 144 230 335 1090 27221 19769 169 12382 135889 346 7719 554
internal_value=2.06771e-05 0.00333366 0.00426391 0.00675447 0.0139584 -1.90501e-05 0.000320105 0.000201192 0.000117904 0.00405186 0.00205034 0.00469378 -0.00869054 -0.00747726 0.00460547 -0.000409013 -0.000626579 -0.000743513 -0.0104721 0.00256904 0.00741041 0.0103466 -0.000663713 -0.00140694 -0.0132339 0.000171122 0.000141495 0.00846715 -0.000143564 0.0037573
internal_weight=297670 3597 3430 2423 661 294073 156873 152726 149589 3137 2687 2136 845 551 4147 137200 119755 115633 889 4122 1655 1425 114744 46990 647 148744 148271 473 67754 1762
internal_count=297670 3597 3430 2423 661 294073 156873 152726 149589 3137 2687 2136 845 551 4147 137200 119755 115633 889 4122 1655 1425 114744 46990 647 148744 148271 473 67754 1762
is_linear=0
shrinkage=0.03


Tree=33
num_leaves=31
num_cat=0
split_feature=33 18 74 83 15 33 52 36 14 12 121 19 48 51 69 23 61 25 13 59 113 11 80 47 26 56 16 12 49 86
split_gain=50.9183 62.1474 57.3859 74.1783 56.2121 62.7517 119.681 72.6489 55.5805 79.1828 66.1412 61.1381 55.387 54.0649 59.9404 53.892 65.9905 67.8779 79.0418 55.971 53.7433 52.255 48.151 82.5713 44.6805 48.6631 44.3059 138.398 92.5893 56.3095
threshold=0.37278090417385107 1.015069365501404 0.84999999403953563 -0.70000001788139332 1.1499128937721255 0.92054742574691784 0.9777086377143861 0.63441812992095958 0.9106956720352174 0.9772726595401765 0.31101189553737646 0.97609913349151622 0.98958009481430065 0.89921435713768016 0.50666663050651561 0.081776939332485213 0.77947142720222484 0.052918095141649253 0.97929629683494579 0.94022339582443248 0.88888993859291088 0.97095018625259411 0.22500000149011615 1.0869565606117251 0.028726626187562946 1.1033236980438235 0.70005577802658092 0.9854736626148225 0.90192216634750377 0.81666666269302379
decision_type=8 10 2 10 10 10 10 10 8 10 10 10 8 10 10 10 8 10 8 10 10 10 2 10 10 10 8 10 10 2
left_child=1 8 3 -3 15 7 -7 -6 9 -1 -11 -12 21 14 -4 16 17 19 20 -2 -19 22 23 -10 -23 -26 27 -18 -29 -28
right_child=4 2 13 -5 5 6 -8 -9 12 10 11 -13 -14 -15 -16 -17 26 18 -20 -21 -22 24 -24 -25 25 -27 29 28 -30 -31
leaf_value=-0.0097134567730334451 0.030796066625270898 0.004443437797050343 0.016176446913373124 -0.0054822440490999201 -0.00031869766832114468 0.012178927570428206 -0.0082309369483892936 0.0077185411481721401 0.00055720127552307062 -0.00093818320416700783 0.013111516668687359 1.6490833427346609e-05 0.0010015534914993398 -0.0037189975783962393 -0.0014014951431201316 -0.0075395233617204672 0.011087463945351587 -0.0049298700404076905 0.011717023306933607 0.0027265523818188475 0.0066569736754552543 -0.00030660235427162192 0 0.012415481665331308 -0.0022805638799638923 0.00094331198892796779 6.920758180773734e-05 -0.023774716623623838 0.0028762813652628309 0.0020613035624451811
leaf_weight=306 144 722 375 5580 1438 331 915 2908 1470 798 1121 511 19669 545 256 778 223 971 639 155 539 37672 5461 861 29186 4770 164552 359 137 13865
leaf_count=306 144 722 375 5580 1438 331 915 2908 1470 798 1121 511 19669 545 256 778 223 971 639 155 539 37672 5461 861 29186 4770 164552 359 137 13865
internal_value=1.94959e-05 -0.00049425 -0.00313442 -0.00428718 0.000319877 0.0032812 -0.00246534 0.0050012 -0.000296833 0.00389513 0.00579656 0.00924273 -0.00041637 0.00276058 0.00876019 0.000227075 0.00026283 0.00513978 0.00302317 0.0182687 -0.000564871 -0.00077147 0.0015436 0.00513325 -0.00102786 -0.00181857 0.000193943 -0.00712421 -0.0160059 0.000225911
internal_weight=297257 109303 7478 6302 187954 5592 1246 4346 101825 2736 2430 1632 99089 1176 631 182362 181584 2448 2149 299 1510 79420 7792 2331 71628 33956 179136 719 496 178417
internal_count=297257 109303 7478 6302 187954 5592 1246 4346 101825 2736 2430 1632 99089 1176 631 182362 181584 2448 2149 299 1510 79420 7792 2331 71628 33956 179136 719 496 178417
is_linear=0
shrinkage=0.03


Tree=34
num_leaves=31
num_cat=0
split_feature=42 5 102 76 29 3 40 57 13 160 33 39 1 53 26 79 70 32 81 52 29 17 39 52 29 96 70 134 24 54
split_gain=48.764 55.5519 53.15 50.375 49.676 62.1206 75.8821 62.7858 49.5516 60.4751 50.5114 71.0063 49.7332 45.0712 43.1121 51.8925 95.2653 70.1016 46.3511 45.174 48.1264 41.3649 41.2522 41.021 39.862 39.712 36.893 36.5011 34.0684 33.6384
threshold=-0.093140352517366395 0.0086486656218767183 0.55217784643173229 0.18333333730697635 -0.00044414788135327393 0.01833179593086243 -0.040694991126656525 1.168602526187897 0.9665297567844392 3.9049030542373662 0.26196105778217321 -0.023258253000676628 0.10192065685987474 1.0807352662086489 0.029906131327152256 0.94999998807907116 0.38983012735843664 0.0067304496187716731 0.050000002607703216 0.76861190795898449 -0.0069440770894289008 0.66476282477378856 -0.0047087781131267539 0.97882571816444408 -0.017290138639509674 0.1864028945565224 0.90099027752876293 0.51857316493988048 0.050488414242863662 0.9643225669860841
decision_type=8 10 2 2 8 10 8 10 8 8 10 8 10 10 10 2 10 10 2 10 10 10 10 10 10 10 10 10 10 10
left_child=1 3 23 21 14 7 13 8 9 12 11 -10 -6 -7 -2 17 -17 18 22 25 -21 -1 -16 27 -20 -18 29 -3 -4 -8
right_child=4 2 28 -5 5 6 26 -9 10 -11 -12 -13 -14 -15 15 16 19 -19 24 20 -22 -23 -24 -25 -26 -27 -28 -29 -30 -31
leaf_value=0.021084953755153419 6.8788868227150383e-06 0.011925566856280193 0.0035996244776747583 -0.0011756030701296359 -0.00088749929684019081 0.016417892811909082 -0.0036215239499021168 0.0038835462149966766 -0.0050741759475902096 0.012488044139440093 0.00091482768290979154 -7.4065494452088814e-05 -0.013806585193711579 -0.0026288181463302658 0.0012349378969649519 -0.00064220360665600868 0.0010297911444833397 -0.011459719265576906 0.0066385315103969994 0.014937812607625106 0.0014386402224505642 0.0032923885464815677 -0.006077284462870116 -0.00031931846722430663 -0.001299444935366286 0.020153461019459581 -0.0091043084279496082 3.3852065289236535e-05 -0.0099959195333998163 0.0036178776390217186
leaf_weight=122 76091 1443 374 4100 34885 544 609 4036 2740 279 67850 36596 254 101 791 18132 194 642 548 265 1975 1370 3270 372 34060 301 223 337 251 4341
leaf_count=122 76091 1443 374 4100 34885 544 609 4036 2740 279 67850 36596 254 101 791 18132 194 642 548 265 1975 1370 3270 372 34060 301 223 337 251 4341
internal_value=1.77915e-05 0.00227326 0.00573592 0.000485923 -4.66991e-05 0.000324151 0.00336226 0.000201126 9.42717e-05 -0.000875536 0.000417632 -0.000432379 -0.000997217 0.0129949 -0.000463795 -0.00106372 0.000132126 -0.00170587 -0.00153033 0.00534192 0.00328644 0.00520535 -0.00458043 0.00798067 -0.00116133 0.0135721 0.00205802 0.00986622 -0.00153588 0.00265586
internal_weight=297096 8369 2777 5592 288727 152458 5818 146640 142604 35418 107186 39336 35139 645 136269 60178 20867 39311 38669 2735 2240 1492 4061 2152 34608 495 5173 1780 625 4950
internal_count=297096 8369 2777 5592 288727 152458 5818 146640 142604 35418 107186 39336 35139 645 136269 60178 20867 39311 38669 2735 2240 1492 4061 2152 34608 495 5173 1780 625 4950
is_linear=0
shrinkage=0.03


Tree=35
num_leaves=31
num_cat=0
split_feature=25 40 36 60 2 18 54 141 120 46 82 27 49 13 78 51 134 117 13 134 41 8 10 52 74 46 35 117 78 1
split_gain=36.4385 42.2794 100.211 49.1299 63.6764 46.0932 62.3405 49.7268 36.5683 39.2672 40.4052 35.3758 34.7024 72.5084 44.5134 47.5249 58.8191 37.1962 65.0106 34.4136 31.2331 32.981 30.707 34.2181 30.4383 29.9648 26.9209 25.3684 25.1084 24.1742
threshold=0.012346642557531597 -0.030142763629555699 0.82249087095260631 0.73079699277877819 -0.15789725631475446 1.0247355103492739 1.0507360100746157 0.88050419092178356 0.72039544582366954 1.0042788386344912 0.92500001192092907 0.054645650088787086 0.8196873962879182 1.0707409381866457 0.70000001788139354 0.89563104510307323 0.50600644946098339 0.49023763835430151 1.0282506346702578 0.30578576028347021 0.0099541922099888342 -0.2727301269769668 1.019388020038605 0.90641340613365184 0.25000000745058065 1.2531994581222536 0.50777742266654979 0.37373723089694982 0.5000000149011613 0.022805063985288147
decision_type=8 8 10 8 10 10 10 8 10 8 2 10 10 10 10 10 10 10 8 10 10 10 10 10 2 10 10 10 8 10
left_child=22 2 12 4 26 8 20 -8 9 10 -5 -6 13 -2 17 16 -16 -14 -19 -11 27 -22 -1 -24 29 -9 -3 -7 -26 -10
right_child=1 3 -4 5 11 6 7 25 24 19 -12 -13 14 -15 15 -17 -18 18 -20 -21 21 -23 23 -25 28 -27 -28 -29 -30 -31
leaf_value=0.0011192726376592294 -0.0014239389826698277 -0.0053268752060316995 0.0064353411848364602 0.0012607766284026742 0 0 -0.0051660880432376488 0.00038183703079362877 0.001589003033132244 -0.00066382586045165908 0.017241228696185391 -0.017850130606667142 0.0023000924980340186 0.020984700135335772 0.0054469601663372927 -1.3652715215101942e-06 -0.00085481565197604616 -0.0010755053813595629 -0.010308811135969258 0.00012266445889553792 0.0074763934088959575 -0.010181598352798976 0.0073604836523225728 -0.0061283255835958006 0.010194817665513519 0.0079736399650516387 0.011848489963793962 -0.0076084525252022445 0.0026332016568195752 -0.0018777339672489417
leaf_weight=32870 251 116 2724 11116 139 434 1203 2469 6367 113307 128 397 1004 204 3626 16451 1976 2257 1030 88711 295 109 168 974 530 589 149 2634 2304 2449
leaf_count=32870 251 116 2724 11116 139 434 1203 2469 6367 113307 128 397 1004 204 3626 16451 1976 2257 1030 88711 295 109 168 974 530 589 149 2634 2304 2449
internal_value=1.88299e-05 -9.96719e-05 0.000967617 -0.000236004 -0.00757233 -0.000208807 -0.00248523 0 -0.00012899 -0.000219679 0.00149962 -0.0134799 0.000396276 0.00845197 0.000239457 0.000794224 0.00317563 -0.00253256 -0.00410438 -0.000316996 -0.00545711 0.00174915 0.00094338 -0.00379327 0.00150296 0.00198387 0.00343137 -0.00650838 0.00421398 0.000589954
internal_weight=296981 262969 29523 233446 801 232645 7733 4261 224912 213262 11244 536 26799 455 26344 22053 5602 4291 3287 202018 3472 404 34012 1142 11650 3058 265 3068 2834 8816
internal_count=296981 262969 29523 233446 801 232645 7733 4261 224912 213262 11244 536 26799 455 26344 22053 5602 4291 3287 202018 3472 404 34012 1142 11650 3058 265 3068 2834 8816
is_linear=0
shrinkage=0.03


Tree=36
num_leaves=31
num_cat=0
split_feature=42 84 70 139 97 57 49 3 13 35 13 12 161 28 71 46 34 11 143 88 34 84 32 109 27 87 82 86 37 56
split_gain=45.6317 55.6882 46.3755 66.8214 62.8067 41.1147 61.5019 57.4964 82.3792 72.1622 51.9638 54.0798 49.639 39.2526 79.3791 39.5117 46.8703 45.8975 38.6705 38.2643 37.1911 36.9825 43.9033 36.2712 42.9609 35.3261 31.7965 29.5555 29.3247 29.2035
threshold=-0.10234589874744414 -0.35000000894069666 0.075000341981649413 0.75837850570678722 0.10784943401813508 0.84245216846466076 0.83472758531570446 0.0059952072333544501 1.0485320091247561 0.60005033016204845 1.1168913841247561 1.0059707760810854 -0.0014651765231974421 -0.017197139561176297 0.564740151166916 1.0094550251960757 0.79590138792991649 0.98870059847831737 0.65549859404563915 0.9051690697669984 0.84810954332351696 0.35000000894069677 -0.0016163129475899039 0.35416667163372045 0.092422951012849822 0.82499998807907116 0.075000002980232253 -0.516666680574417 0.77855208516120922 0.88972392678260814
decision_type=8 2 10 10 10 8 8 10 10 10 10 10 10 8 8 10 10 10 10 10 10 2 10 2 10 2 2 2 10 10
left_child=1 2 20 4 -4 12 7 9 23 21 13 -12 18 14 28 16 -15 -17 29 -20 -1 -7 -23 -9 -25 -16 -22 -13 -8 -2
right_child=5 -3 3 -5 -6 6 10 8 -10 -11 11 27 -14 15 25 17 -18 -19 19 -21 26 22 -24 24 -26 -27 -28 -29 -30 -31
leaf_value=-0.0016373843758997013 0 -0.0051927360512572041 0.00040658948902962024 0.0031238918115440522 0.019636830164034159 0 -0.00034347223081332483 0.0023953516346598503 0.021756696597811705 -9.7405088428638483e-05 -0.017232266125659822 0.0070398817196640094 -0.0076878867006048811 0.0019043161065153702 0.016910039736266362 -0.00078886108325337584 -0.00088573840513388148 7.1585376985243166e-05 0.0013897043033278881 -0.017590392977693436 -0.002557983769316085 0.023254439118007075 0.0067551018711487056 -0.0011018031694624104 -0.018197452119986215 0 0.0097373412497632674 -0.0064408708209704405 0.0043334849177193062 0.012624322592482431
leaf_weight=1765 338 679 259 1888 525 171 3505 616 121 497 301 201 1356 17461 433 82077 7671 172521 167 141 217 399 357 433 205 127 580 377 1743 271
leaf_count=1765 338 679 259 1888 525 171 3505 616 121 497 301 201 1356 17461 433 82077 7671 172521 167 141 217 399 357 433 205 127 580 377 1743 271
internal_value=9.23277e-08 0.0026057 0.00369039 0.00645464 0.0138253 -5.19097e-05 -1.91423e-05 0.00438887 0 0.00856969 -6.35702e-05 -0.00726671 -0.00405386 -3.98381e-05 0.00239507 -9.16339e-05 0.00104076 -0.000204666 0.00104912 -0.00692737 0.000663606 0.0134372 0.0162246 -0.00240981 -0.007437 0.0129815 0.00604181 -0.0011726 0.00116348 0.00565215
internal_weight=297402 5913 5234 2672 784 291489 289216 2799 1375 1424 286417 879 2273 285538 5808 279730 25132 254598 917 308 2562 927 756 1254 638 560 797 578 5248 609
internal_count=297402 5913 5234 2672 784 291489 289216 2799 1375 1424 286417 879 2273 285538 5808 279730 25132 254598 917 308 2562 927 756 1254 638 560 797 578 5248 609
is_linear=0
shrinkage=0.03


Tree=37
num_leaves=31
num_cat=0
split_feature=32 138 137 11 158 6 24 33 60 30 16 35 120 21 138 39 34 36 74 35 52 39 11 84 19 29 113 137 15 16
split_gain=51.8857 50.8471 57.769 50.4731 40.8367 41.8131 54.2468 45.0855 38.7217 37.7396 80.6483 55.0148 50.6843 55.1285 49.1959 52.8016 64.9806 57.9848 46.2182 44.0128 46.2407 46.0104 44.0254 40.4515 59.3909 40.1723 39.016 38.7353 42.8963 42.2907
threshold=-0.0048612528480589381 0.79143074154853832 0.9839913845062257 0.97095018625259411 1.0000000180025095e-35 0.1538442745804787 0.024947600439190868 0.88559645414352428 0.96289175748825084 -0.00038742304604966188 0.93408358097076427 0.1763018146157265 0.25773195922374731 0.91351643204689037 1.2103112339973452 0.032399853691458709 0.37663485109806066 0.78563979268074047 0.15000000223517421 0.80410313606262218 0.9687500298023225 -0.016987779177725312 0.97989958524703991 0.84999999403953563 0.96192699670791637 0.00093348117661662411 0.10666660964488985 0.52318003773689281 1.1660638451576235 1.0387162566185
decision_type=10 10 10 8 10 8 10 10 10 10 8 10 10 10 10 10 10 10 2 10 10 10 10 2 10 10 8 10 10 10
left_child=1 3 4 8 5 6 -3 -8 -1 10 11 18 -11 14 15 17 -17 -14 -2 27 26 -22 -23 24 -15 -13 -21 28 29 -12
right_child=9 2 -4 -5 -6 -7 7 -9 -10 12 19 25 13 23 -16 16 -18 -19 -20 20 21 22 -24 -25 -26 -27 -28 -29 -30 -31
leaf_value=-0.0039281165248548217 0.0051333801411327078 0.00027340873064812869 -7.6962574107636823e-05 -0.0017133383118475396 -0.00046914970502816137 0.0041566415359369909 0.017887251860088309 2.7924202133023565e-05 0.0092976858605199209 -0.0014650094101004538 -0.00018143789906091662 -0.010301258110715937 0.00087081906688201262 -0.0030711935214021973 -0.0018133876416701505 0.00084856727427456437 0.01787634112512354 0.0066614359969417464 -0.0037732397414877686 0.0071718687762136061 -0.004335358060720473 -0.0040505646629667028 0.0031142228427689044 0.0022935132701266785 0.00028120936508924002 0 -0.0015562619852149083 0.00023547567328659436 0.0049301851249920463 -0.0016921863414001163
leaf_weight=221 689 342 1889 3813 605 1752 847 189 736 13493 30475 1557 5321 4932 1797 410 475 2280 1863 468 875 777 11135 8428 115549 462 6470 40165 1070 38165
leaf_count=221 689 342 1889 3813 605 1752 847 189 736 13493 30475 1557 5321 4932 1797 410 475 2280 1863 468 875 777 11135 8428 115549 462 6470 40165 1070 38165
internal_value=3.70414e-05 0.00211769 0.00404651 -0.000101222 0.00620117 0.00758052 0.0115973 0.0149755 0.0059185 -3.74459e-05 -0.000405414 -0.0043173 0.00028395 0.000455832 0.0025712 0.00353704 0.0105123 0.00266006 -0.00123073 -0.000264482 0.00103471 0.00211062 0.00261573 0.00028439 0.000140999 -0.00802124 -0.000905471 -0.000500592 -0.000928943 -0.00102606
internal_weight=297250 10394 5624 4770 3735 3130 1378 1036 957 286856 134171 4571 152685 139192 10283 8486 885 7601 2552 129600 19725 12787 11912 128909 120481 2019 6938 109875 69710 68640
internal_count=297250 10394 5624 4770 3735 3130 1378 1036 957 286856 134171 4571 152685 139192 10283 8486 885 7601 2552 129600 19725 12787 11912 128909 120481 2019 6938 109875 69710 68640
is_linear=0
shrinkage=0.03


Tree=38
num_leaves=31
num_cat=0
split_feature=33 44 10 25 17 58 29 32 32 160 29 16 125 34 46 58 26 25 78 39 19 27 14 39 74 52 82 5 37 35
split_gain=41.3096 57.1545 56.3403 71.8985 111.618 86.9839 86.7949 74.2736 51.1503 50.3773 47.7689 47.6428 64.3323 46.3114 45.8058 78.2058 57.3527 57.7586 46.6036 44.6861 92.5338 44.5654 41.5996 46.6583 65.0066 63.1907 45.296 73.8403 41.5853 41.5403
threshold=0.37278090417385107 1.040529251098633 1.0185207128524782 0.03750076703727246 0.72891840338706981 1.0044513344764712 -0.0069440770894289008 0.0011120301205664875 -0.003500125370919704 -0.44741952419281 0.020208128727972511 0.78904268145561229 0.48061358928680425 0.87313294410705578 1.0080872774124148 0.96472615003585827 0.075619116425514235 0.041464276611804969 0.30000000447034841 0.032399853691458709 0.9795949161052705 0.071705695241689696 0.89449545741081249 -0.018528192304074761 0.84999999403953563 0.67603021860122692 0.24166666716337207 0.018181845545768741 0.43992929160594946 0.87013599276542675
decision_type=8 10 8 8 8 10 10 10 10 10 10 8 10 8 10 10 10 10 10 10 10 10 8 10 2 10 2 10 10 10
left_child=1 8 10 7 5 -5 13 -4 -1 -9 14 12 -8 -6 18 16 -16 -18 21 22 -21 -2 -3 24 -24 -26 27 -25 -13 -15
right_child=2 19 3 4 6 -7 11 9 -10 -11 -12 28 -14 29 15 -17 17 -19 -20 20 -22 -23 23 26 25 -27 -28 -29 -30 -31
leaf_value=0.003522498417441523 -0.00020009826545157975 0.0035739636833425409 -0.00097068083733685699 -0.01006150532209023 -0.0006355756575070502 0.0051239513168251137 0.018266559401794873 -0.009026887870716805 -0.00014103217944331752 0.00345257361265982 -0.0069425389264739946 0.0021780744987352969 0.0020473489866749111 0.0023244025744749482 -0.0030382128442774659 0.00012520821889957067 0.013204522167860156 0 0.0036303237304625168 -0.018200492724098943 0.0050351335507155329 0.0062765032334562891 -0.0068987972510962895 -0.00028781238081182302 0.020001043082076186 -0.0011734974628208673 -0.0021848546630342624 0.011861630692995168 0.0074746336089445047 0.014659420054400739
leaf_weight=3591 10548 1274 14064 942 3787 480 632 274 67653 6376 859 2717 409 1090 11907 121192 346 1550 6096 145 1791 1025 3298 9220 121 1121 20858 452 3109 339
leaf_count=3591 10548 1274 14064 942 3787 480 632 274 67653 6376 859 2717 409 1090 11907 121192 346 1550 6096 145 1791 1025 3298 9220 121 1121 20858 452 3109 339
internal_value=3.96397e-06 -0.000457982 0.00027507 0.00137566 0.00307901 -0.0047276 0.00402882 0.000248755 4.03524e-05 0.00286788 2.76556e-05 0.00624911 0.0123356 0.00103575 6.97441e-05 -0.000116273 -0.00225532 0.00248511 0.00150644 -0.00139282 0.00297318 0.000357484 -0.00163514 -0.00183486 -0.00469496 0.000935964 -0.00139693 0.000272318 0.00507176 0.00561961
internal_weight=297266 109524 187742 34219 13505 1422 12083 20714 71244 6650 153523 6867 1041 5216 152664 134995 13803 1896 17669 38280 1936 11573 36344 35070 4540 1242 30530 9672 5826 1429
internal_count=297266 109524 187742 34219 13505 1422 12083 20714 71244 6650 153523 6867 1041 5216 152664 134995 13803 1896 17669 38280 1936 11573 36344 35070 4540 1242 30530 9672 5826 1429
is_linear=0
shrinkage=0.03


Tree=39
num_leaves=31
num_cat=0
split_feature=42 79 102 29 57 40 18 71 100 7 83 50 84 110 10 115 21 19 18 7 73 115 16 28 114 4 114 153 3 37
split_gain=43.9901 36.8844 37.229 35.8578 73.1604 56.436 87.2337 73.4379 59.9501 64.3478 51.2303 46.5465 54.3843 45.1882 43.9621 42.3982 58.915 42.3821 44.7756 40.7626 42.911 49.642 39.7435 37.9463 66.0385 37.1295 35.6726 33.2339 31.2784 30.716
threshold=-0.11591945588588713 0.45000000298023229 0.54950982332229625 -0.0034643186954781409 1.168602526187897 -0.030142763629555699 1.0247355103492739 0.59090879559516918 0.62019231915473949 -0.037994809448719018 -0.3000000044703483 0.92563712596893322 -0.55000001192092884 1.0000000180025095e-35 1.0282745361328127 0.74576252698898327 0.9162404239177705 1.0147027373313906 1.0363120436668398 0.021039584651589397 0.30000000447034841 0.39175255596637731 0.72276085615158092 -0.010241595096886156 0.54945042729377758 0.21428515017032626 0.48167531192302709 0.22144513577222827 0.019718312658369545 0.83694598078727733
decision_type=8 2 2 8 10 8 10 10 2 10 10 10 2 2 10 10 8 10 10 10 10 10 8 10 10 10 10 10 10 10
left_child=1 -1 -3 10 5 7 15 23 9 -9 11 12 17 -12 -15 16 -7 -2 -19 25 -21 -22 -17 28 -25 -13 -27 -6 -5 -14
right_child=3 2 -4 4 27 6 -8 8 -10 -11 13 19 29 14 -16 22 -18 18 -20 20 21 -23 -24 24 -26 26 -28 -29 -30 -31
leaf_value=-0.0094815396914742275 0 0.0060580398931892009 -0.00051120856147552436 0.00070876862754637329 0.0042440131621302836 0.0026706163236308225 -0.0050943443738922485 0.018602747093802621 0 0.0049987963697709741 -0.0011490624834162965 0.00073971474749190901 -0.0033206915032289023 -0.0036925921920499881 -0.015210718149029077 -0.0080966938208555522 2.0060181467798339e-05 0.012276717459446401 -0.0050694372314576269 -0.004253771704090541 -0.0045887058440591648 0.0095668556035195494 -0.0011903252918172558 -0.00030007157273420393 -0.012236863278896006 -0.00073997047912801206 -0.0085620020098558167 -0.00082834624002451045 0.012495001321781574 0.0096929435831237028
leaf_weight=161 490 2418 1017 2805 5511 7873 3027 348 1923 3999 14246 24197 1016 3773 333 807 178484 1035 116 4061 366 463 11586 1745 553 22703 527 1346 207 168
leaf_count=161 490 2418 1017 2805 5511 7873 3027 348 1923 3999 14246 24197 1016 3773 333 807 178484 1035 116 4061 366 463 11586 1745 553 22703 527 1346 207 168
internal_value=7.82579e-06 0.00329735 0.00403455 -3.16498e-05 0.000158774 5.91687e-05 -5.63604e-05 0.00209471 0.00429273 0.00623677 -0.000606194 -0.00014314 0.00358464 -0.00197953 -0.00476863 1.93647e-05 0.000133922 0.00711395 0.0102156 -0.000351457 -0.00295521 0.003003 -0.00167654 -0.00045079 -0.00338281 -7.55389e-05 -0.000937538 0.00320519 0.0016948 -0.00109465
internal_weight=297304 3596 3435 293708 220214 213357 201777 11580 6270 4347 73494 55142 2825 18352 4106 198750 186357 1641 1151 52317 4890 829 12393 5310 2298 47427 23230 6857 3012 1184
internal_count=297304 3596 3435 293708 220214 213357 201777 11580 6270 4347 73494 55142 2825 18352 4106 198750 186357 1641 1151 52317 4890 829 12393 5310 2298 47427 23230 6857 3012 1184
is_linear=0
shrinkage=0.03


Tree=40
num_leaves=31
num_cat=0
split_feature=46 34 28 72 79 158 32 79 82 49 69 41 161 134 41 67 123 82 80 141 34 42 78 18 59 13 46 55 113 102
split_gain=38.2929 42.38 39.5429 69.6296 59.393 55.3965 53.9924 99.4297 76.8632 49.4884 60.4529 47.4813 45.9143 41.6031 37.404 51.2234 36.8907 54.8943 47.8996 36.688 43.3115 35.78 39.8354 34.4657 41.8748 35.2878 34.2274 33.5805 41.642 32.7802
threshold=1.0094550251960757 0.78610351681709301 -0.011131388600915669 0.67105302214622509 0.94999998807907116 0.0030376937938854103 0.0067304496187716731 0.94999998807907116 0.075000002980232253 0.83472758531570446 0.94642797112464916 0.06337031722068788 -1.6592078964094979e-06 0.2693095356225968 0.046130089089274413 0.58403953909873974 -0.26315534114837641 0.075000002980232253 0.17500000447034839 0.93498176336288463 0.94500488042831432 0.078485578298568739 0.30000000447034841 1.0241478681564333 1.0300436615943911 1.0947534441947939 1.231565594673157 1.033595144748688 0.42857146263122564 0.58411949872970592
decision_type=8 10 10 10 2 10 10 2 2 10 10 10 10 10 10 10 10 2 2 8 10 10 10 10 10 10 10 8 8 2
left_child=1 -1 3 19 16 6 9 8 13 10 12 21 -4 -8 -3 -16 17 18 -5 20 -2 -7 -23 25 -25 -11 27 28 -21 -17
right_child=2 14 5 4 -6 11 7 -9 -10 23 -12 -13 -14 -15 15 29 -18 -19 -20 26 -22 22 -24 24 -26 -27 -28 -29 -30 -31
leaf_value=0.0019541860263303907 -0.0017537072430581541 0.00031784565962047356 0.0059702361642165512 -0.018715756459322077 0.011909213423247285 -0.0018079253023400113 0.0094081179707455054 0.016883653364269637 -0.010179384906588942 -2.4266476518571121e-05 0.017183750490652003 -0.0076391152029506521 -0.0027597228132639623 -0.0032823983665615057 0.012005551066943147 -0.0087711727667984744 0.0085979658501993857 0.0035142156277858726 0.0012981164187552746 0.0082637462715697014 0.010021101040418831 -0.0022307603707692274 0.01264280095637893 -0.0033930389475987878 0.0026489942987199372 -0.011709588528630752 0.0044562023041640015 5.3371114592645439e-05 -0.00058977573890789826 0.001161709060511345
leaf_weight=17404 7084 6952 1258 218 897 12783 297 162 1499 218332 272 1242 872 851 121 1161 512 757 145 1054 267 250 314 5386 1204 213 2580 11986 751 327
leaf_count=17404 7084 6952 1258 218 897 12783 297 162 1499 218332 272 1242 872 851 121 1161 512 757 145 1054 267 250 314 5386 1204 213 2580 11986 751 327
internal_value=0 0.00110075 -0.000104807 0.000999217 0.00572195 -0.000224428 -0.000109424 -0.00422985 -0.00575144 -5.68711e-05 0.00420559 -0.00201705 0.00226432 0 -0.000599795 -0.00470403 0.00203662 -0.000797908 -0.0102876 0.000478695 -0.0012593 -0.0014608 0.0056856 -0.00010405 -0.00223909 -3.80984e-05 0.00127798 0.000656094 0.00444961 -0.00640295
internal_weight=297151 25965 271186 26251 2529 244935 230346 2809 2647 227537 2402 14589 2130 1148 8561 1609 1632 1120 363 23722 7351 13347 564 225135 6590 218545 16371 13791 1805 1488
internal_count=297151 25965 271186 26251 2529 244935 230346 2809 2647 227537 2402 14589 2130 1148 8561 1609 1632 1120 363 23722 7351 13347 564 225135 6590 218545 16371 13791 1805 1488
is_linear=0
shrinkage=0.03


Tree=41
num_leaves=31
num_cat=0
split_feature=38 11 134 50 51 90 57 46 78 26 20 31 38 32 59 52 96 14 28 145 84 41 31 76 140 135 59 18 120 15
split_gain=35.2075 55.0835 52.7756 48.979 54.4964 53.354 52.8844 49.8817 65.8589 61.4427 68.1277 46.1893 42.3638 46.7527 43.4529 39.3111 38.4268 38.0047 87.8038 47.0741 45.7382 43.7337 39.0252 37.5135 37.0761 42.5298 36.8407 34.6735 26.8217 49.1325
threshold=-0.001470593560952693 0.97095018625259411 0.30992972850799566 0.69031959772109996 0.64709019660949718 0.69335013628005993 0.8920835852622987 1.0103004574775698 0.5000000149011613 0.024867062456905845 1.0495227575302126 -0.0082896822132170183 0.01686045061796904 0.0067304496187716731 0.87615174055099498 0.58742058277130138 0.20341797918081286 1.0471082925796511 -0.017197139561176297 0.5330282747745515 -0.55000001192092884 -0.032560840249061578 -0.004671695875003933 0.88333332538604747 0.8031103014945985 1.3605194687843325 0.94022339582443248 0.95469510555267345 0.25185209512710577 0.88049456477165233
decision_type=10 8 8 10 10 10 10 10 10 10 10 8 10 10 10 8 10 10 8 10 2 10 8 2 10 10 10 10 10 8
left_child=1 2 -1 5 6 27 -5 28 9 -9 -11 24 13 -10 -14 16 -13 18 19 -17 21 -19 -20 -22 -3 -26 -8 -2 -6 -30
right_child=3 11 -4 4 7 -7 26 8 12 10 -12 15 14 -15 -16 17 -18 20 22 -21 23 -23 -24 -25 25 -27 -28 -29 29 -31
leaf_value=0.0095748256559571639 -0.0099388677007410404 -0.0026634164901031539 0 -0.0024912058597860425 -0.00079439535930758926 -0.015167551205009764 0.027650454943322321 -0.00010819401102694799 -0.00014111392823962197 -0.0026783442313336779 0.0062021759048587746 0.0029627931491490833 -0.011069003215186226 -0.0071010096920233008 0.0026963108802011749 0.014692807097552411 -0.014606023214067905 0.0014529834629998699 0.003277503078838933 0 -0.0036783645290433512 -0.001822654285217199 0.0002968207150257806 0.011133617247082292 0.010106102483484071 -0.0019476434740913558 0.0016283764116437607 0.010086377067377528 0.0075627232905195255 0.0011978432835478869
leaf_weight=1124 109 367 1032 136 4954 392 145 18688 98117 24546 765 127 186 859 6585 581 292 8045 4135 293 5382 6704 95728 130 1099 286 111 164 1187 15100
leaf_count=1124 109 367 1032 136 4954 392 145 18688 98117 24546 765 127 186 859 6585 581 292 8045 4135 293 5382 6704 95728 130 1099 286 111 164 1187 15100
internal_value=1.1299e-05 0.000394696 0.00513516 -0.000266255 -0.000232426 -0.00828504 0.0106481 -0.000260368 -0.000454796 -0.0014301 -0.00239341 0.000308461 -4.5963e-05 -0.000205971 0.00224251 0.000235653 -0.00870512 0.000270526 0.000510895 0.00988617 -0.000909112 -1.60617e-05 0.000423876 -0.00323581 0.00512529 0.00741121 0.01839 0.000934401 0.00109535 0.00168882
internal_weight=297369 125325 2156 172044 171379 665 392 170987 149746 43999 25311 123169 105747 98976 6771 121417 419 120998 100737 874 20261 14749 99863 5512 1752 1385 256 273 21241 16287
internal_count=297369 125325 2156 172044 171379 665 392 170987 149746 43999 25311 123169 105747 98976 6771 121417 419 120998 100737 874 20261 14749 99863 5512 1752 1385 256 273 21241 16287
is_linear=0
shrinkage=0.03


Tree=42
num_leaves=31
num_cat=0
split_feature=38 11 50 134 26 39 49 9 57 28 35 36 19 26 22 41 68 28 140 43 44 52 58 39 35 72 4 142 135 38
split_gain=39.2018 69.7887 55.1518 48.8668 47.2773 50.5159 45.6035 106.334 73.5833 44.99 63.4419 54.7177 44.6273 59.0878 53.6845 49.3472 48.616 44.1647 57.9785 51.871 44.0553 48.6057 43.5717 40.8951 40.2594 39.073 38.5063 45.9194 38.2019 36.7078
threshold=-0.00089285580907016982 0.97095018625259411 0.69031959772109996 0.57063353061676036 0.021940106526017192 0.03947852365672589 0.83472758531570446 0.99616754055023204 0.98108842968940746 -0.0056916868779808274 0.47179159522056585 0.50373399257659923 0.94680410623550426 0.069804321974515929 0.83090972900390636 0.041193794459104545 0.83132475614547741 -0.011938455980271099 0.76268404722213756 1.0471602082252505 1.0455995798110964 0.704116851091385 0.95858108997344982 0.023422618396580223 0.60760980844497692 0.74864619970321666 0.66667321324348461 1.3962210416793825 1.0367181897163393 0.0039960024878382691
decision_type=10 8 10 10 8 10 10 10 10 10 10 10 8 10 8 10 10 10 10 10 8 8 10 10 10 10 10 10 10 10
left_child=1 3 23 -1 -4 6 7 8 -6 11 -11 -8 26 14 -14 17 -17 18 -15 -19 -16 -22 24 29 25 -7 -3 -28 -9 -2
right_child=2 12 4 -5 5 22 9 28 -10 10 -12 -13 13 15 20 16 -18 19 -20 -21 21 -23 -24 -25 -26 -27 27 -29 -30 -31
leaf_value=0.007629503159839855 -0.014112868897616863 -0.0044580959748449014 0.00045969454016625441 -0.0029398388788104057 -0.0065300768526356774 -0.00028227100791841149 0.0014554918141206278 0.025484420552555166 0.0085279963908413813 -0.0022785674459760096 -0.00047746583080523819 -0.0010678973809631954 -0.0099540358768124507 -0.0085344393196573956 0.00065185912743594837 0.012602285769516521 -0.0011364734832007594 0.0028203312490684856 0.0083920824780550629 -0.0030994471234802126 0.0050224624294133236 -0.00073796214875432688 0.010715123548691433 -0.01548976625525764 -0.0026659847333741745 0.0077928784789793228 0.021101252611070015 -0.0023703206319485707 0.00036758291573411352 0.0062753876075193737
leaf_weight=1890 100 2701 51918 438 653 908 14565 225 496 30979 42011 16396 446 175 79674 789 267 3499 1416 2099 1332 40714 520 356 1283 1097 102 138 103 212
leaf_count=1890 100 2701 51918 438 653 908 14565 225 496 30979 42011 16396 446 175 79674 789 267 3499 1416 2099 1332 40714 520 356 1283 1097 102 138 103 212
internal_value=-4.00427e-06 0.000371032 -0.000320315 0.00550507 -0.000282171 -0.000637532 -0.00076255 0.00440521 0 -0.000839695 -0.00124643 0.000109672 0.000278343 0.000363056 0.000194301 0.00282068 0.0088932 0.00186487 0.00626121 0.000544147 0.00023558 -0.000546041 0.00273121 -0.00881077 0.00132071 0.00402109 -0.00335381 0.00730709 0.0189336 0
internal_weight=297502 135680 161822 2328 161154 109236 105428 1477 1149 103951 72990 30961 133352 130411 122166 8245 1056 7189 1591 5598 121720 42046 3808 668 3288 2005 2941 240 328 312
internal_count=297502 135680 161822 2328 161154 109236 105428 1477 1149 103951 72990 30961 133352 130411 122166 8245 1056 7189 1591 5598 121720 42046 3808 668 3288 2005 2941 240 328 312
is_linear=0
shrinkage=0.03


Tree=43
num_leaves=31
num_cat=0
split_feature=55 5 49 38 38 56 33 113 38 46 67 29 76 62 117 34 38 48 86 7 69 19 38 159 54 8 37 133 40 84
split_gain=34.3562 58.2742 49.8802 62.8458 60.1604 52.9443 66.1662 48.6877 42.019 74.51 89.9018 64.3892 39.7874 37.7932 37.7073 67.6623 74.9628 53.2249 46.9389 36.4882 36.4014 35.6351 35.1028 34.7645 34.5206 53.407 69.0108 37.5605 33.585 32.1544
threshold=0.93262457847595226 0.011822657193988563 0.83472758531570446 0.020111739635467533 0.01686045061796904 0.91144755482673656 0.90888676047325145 0.93616977334022533 0.0001998336520045996 1.0733821988105776 0.69198718667030346 0.0047043100930750379 0.41666667163372045 0.70102348923683178 0.5915493667125703 0.44552637636661535 -0.017367323860526081 0.89886614680290233 0.91666665673255932 0.0090231965295970457 0.69863027334213268 0.95593541860580455 0.014757147524505855 -0.076323054730892168 0.98393926024436962 0.56522774696350109 0.27864098548889166 0.30738447606563574 0.065270122140645995 0.35000000894069677
decision_type=8 10 8 10 10 10 10 10 10 10 10 10 2 10 10 10 8 10 2 10 10 10 10 10 10 10 10 10 10 2
left_child=1 7 4 8 5 -2 13 -1 14 -10 12 -12 -11 -7 18 17 -17 -16 21 -8 -20 -4 -9 -3 25 -25 -27 -28 -5 -15
right_child=2 23 3 28 -6 6 19 22 9 10 11 -13 -14 29 15 16 -18 -19 20 -21 -22 -23 -24 24 -26 26 27 -29 -30 -31
leaf_value=-0.011737849675053947 -0.0021653267270140349 0.012547559456944414 -0.0035482543301422133 0.0040803301675297462 -0.0047836578206689869 -0.0032811678012594917 -0.015535560428840436 -0.0057521524574603994 0.00014777561278642569 -0.0012909967261590493 -0.0058057644469375206 0.0020287689677871562 0.00077621637698349047 0.004715562640327027 0.016961056097684536 -0.0082699294892468831 0.0005678181605368091 0.0027902638363759575 -0.0013169590002238875 0.0040767130741829073 0.0071616033414648216 8.7724695382783191e-05 0.0046400286942336567 -0.011661369202390389 0.010282014605835613 -0.0064144382395920907 0.018908814186509297 0 -0.0077087071950701896 0.015685756846818343
leaf_weight=840 480 199 2453 4394 517 113 122 801 79221 36969 5702 1057 10626 471 235 911 11852 10430 575 162 1442 125425 409 369 203 361 212 115 194 949
leaf_count=840 480 199 2453 4394 517 113 122 801 79221 36969 5702 1057 10626 471 235 911 11852 10430 575 162 1442 125425 409 369 203 361 212 115 194 949
internal_value=1.21356e-05 -0.00292895 4.84188e-05 8.87717e-06 0.00400948 0.00614229 0.00849992 -0.00619637 -4.59127e-05 -0.000435756 -0.00129151 -0.00453394 -0.000823041 0.0109971 0.000291775 0.00139991 -5.14877e-05 0.00316175 8.94159e-05 -0.00382924 0.00460809 1.50885e-05 -0.00197719 0.00148088 -0.000201324 -0.00264678 0.00195719 0.0119008 0.00348544 0.0123714
internal_weight=297809 3509 294300 291486 2814 2297 1817 2050 286898 133575 54354 6759 47595 1533 153323 23428 12763 10665 129895 284 2017 127878 1210 1459 1260 1057 688 327 4588 1420
internal_count=297809 3509 294300 291486 2814 2297 1817 2050 286898 133575 54354 6759 47595 1533 153323 23428 12763 10665 129895 284 2017 127878 1210 1459 1260 1057 688 327 4588 1420
is_linear=0
shrinkage=0.03


Tree=44
num_leaves=31
num_cat=0
split_feature=37 48 12 70 15 36 70 17 15 29 4 33 51 17 4 16 31 58 70 57 51 123 50 41 162 8 50 14 31 45
split_gain=38.7056 51.6138 60.655 51.03 38.9573 50.1671 49.3598 41.0186 69.163 68.2235 65.9378 38.0384 40.266 42.861 37.586 36.8344 35.6442 83.732 76.9792 52.7587 39.0266 50.72 45.1685 37.5059 35.376 36.312 60.4479 53.3311 34.8972 34.3194
threshold=0.84965670108795177 0.85579898953437816 0.98893806338310253 0.529411941766739 1.1499128937721255 0.80595400929451 0.26744137704372412 1.0777095556259157 0.87638777494430553 0.0031635510968044405 0.2499981299042702 0.93237239122390758 0.96459230780601513 1.0691984295845034 0.0526310931891203 0.72276085615158092 0.0034387316554784779 1.0082801580429079 0.27108417451381689 1.05645227432251 0.8772580921649934 0.28000001609325414 0.92792010307312023 0.067084901034832015 0.66643702983856212 -0.41175892949104304 0.91129192709922802 0.965130776166916 0.0095289275050163286 1.0258339643478396
decision_type=8 8 8 10 10 10 10 10 8 10 10 10 8 10 10 8 10 10 10 10 8 10 10 10 10 10 10 8 10 8
left_child=4 -2 3 14 7 11 -7 16 9 10 -9 12 -6 -14 -3 -4 20 18 -18 -19 21 -1 -23 29 25 26 -10 -27 -20 -22
right_child=1 2 15 -5 5 6 -8 8 24 -11 -12 -13 13 -15 -16 -17 17 19 28 -21 23 22 -24 -25 -26 27 -28 -29 -30 -31
leaf_value=0.0055484703074344544 -0.010841617832985369 0.016706671552043334 -0.013086697928593342 0.0022912771915817843 -0.0020915021143215677 0.0034566297227535468 0.015388015433254708 0.024686843137186699 0.005032515337611153 -0.00095238727970935709 0 -0.0070105661532806575 0.0094525706539778202 0.00039681808591792133 0.0037984041306616733 0.00088033894616624283 -0.0098056006435435373 0.0042350380617775249 -0.0014154605258522124 -0.009332529746991218 0.00080167888091391322 0.0013870724266779313 -0.007589505702847687 -0.0063257083886464199 0.010474762030478034 -0.0043781470498826264 -0.00053696363150586767 -0.0011047896527869171 0.0017101615697456077 -0.00014081406179028278
leaf_weight=2714 293 509 149 1895 1577 1829 398 259 1898 368 167 538 815 1253 474 20999 922 3725 27573 246 50651 7062 517 786 218 5347 20341 30915 3539 109740
leaf_count=2714 293 509 149 1895 1577 1829 398 259 1898 368 167 538 815 1253 474 20999 922 3725 27573 246 50651 7062 517 786 218 5347 20341 30915 3539 109740
internal_value=1.55184e-05 0.00116278 0.00133054 0.00541823 -8.55115e-05 0.00221921 0.00584045 -0.00014213 -0.000836599 0.0078092 0.0157538 0.00020129 0.00138006 0.00416573 0.0109813 0.000755489 5.56898e-05 -0.000800262 -0.00131675 0.00327681 0.000237243 0.00202824 0.000716895 0.000120769 -0.000961234 -0.00101254 -4.40609e-05 -0.00159788 -0.00104941 0.000155015
internal_weight=297717 24319 24026 2878 273398 6410 2227 266988 59513 794 426 4183 3645 2068 983 21148 207475 36005 32034 3971 171470 10293 7579 161177 58719 58501 22239 36262 31112 160391
internal_count=297717 24319 24026 2878 273398 6410 2227 266988 59513 794 426 4183 3645 2068 983 21148 207475 36005 32034 3971 171470 10293 7579 161177 58719 58501 22239 36262 31112 160391
is_linear=0
shrinkage=0.03


Tree=45
num_leaves=31
num_cat=0
split_feature=55 79 160 14 22 36 6 33 18 121 40 79 35 17 14 38 28 113 45 39 40 29 32 18 29 33 40 81 29 25
split_gain=35.4754 69.2358 67.8629 35.0705 93.522 41.4487 42.3512 35.1824 41.8538 59.298 53.1448 47.8546 41.3087 73.3357 42.413 60.119 38.7676 58.9546 56.448 38.7277 58.6015 40.9329 52.2153 41.1338 37.7012 51.9256 44.9106 42.1973 42.2391 38.5646
threshold=0.93262457847595226 0.55000001192092907 3.9049030542373662 0.87242946028709423 0.80311778187751781 0.2340989485383034 0.23333374410867694 0.54989081621170055 1.0225929021835329 0.34670157730579382 -0.04213376343250274 0.15000000223517421 0.73468437790870678 1.0584525465965273 1.0410012006759646 -0.0036144467303529377 -0.011131388600915669 0.33823531866073614 1.0870455503463747 0.036625599488615997 0.049291612580418594 -0.0036575868725776668 -0.003427176619879901 0.99741736054420482 0.0046167981345206508 0.96550825238227855 -0.030142763629555699 0.38333334028720861 0.0084498245269060152 0.044578697532415397
decision_type=8 2 10 8 10 10 10 10 10 10 10 2 10 10 10 10 8 10 8 10 10 8 8 10 8 10 10 2 10 10
left_child=1 2 -1 4 -2 6 -6 8 19 10 11 -10 13 16 15 -15 17 -9 -18 21 -21 23 -23 -5 25 26 -14 -26 -29 -27
right_child=3 -3 -4 7 5 -7 -8 12 9 -11 -12 -13 24 14 -16 -17 18 -19 -20 20 -22 22 -24 -25 27 29 -28 28 -30 -31
leaf_value=-0.005289587461193828 -0.0059325297588271805 0.012523174203588535 0.012803070061079455 -0.0027545697054992646 0.019107003489178855 0.003675687181402609 0 0.0014566800198173035 0 -0.0041699391712732865 -0.0070485751676217963 0.024744672332729759 0.0068362669481517235 0.002007125798676802 -0.0026661669947080453 -0.0013255938335422538 0.00062198368754264749 0.008773135808700299 -0.0021738824586358682 0.0063333545410510375 -0.0053140452118376679 0.0026073463379655184 -0.00018746907492829618 -0.0003992930614372122 0.00074705377829836967 -0.00028355554775703526 0.0018767620469313561 -0.0012160058022276999 -0.011471252661944063 -0.011096042533881032
leaf_weight=3090 758 213 171 10874 350 2137 158 9156 143 4358 124 154 1846 6769 10552 16983 60067 1126 7237 1716 457 6357 105716 18207 5466 1319 19624 1292 535 389
leaf_count=3090 758 213 171 10874 350 2137 158 9156 143 4358 124 154 1846 6769 10552 16983 60067 1126 7237 1716 457 6357 105716 18207 5466 1319 19624 1292 535 389
internal_value=2.46921e-06 -0.00300153 -0.00417715 3.92037e-05 0.00305817 0.00577246 0.0135514 2.59386e-06 -0.000320044 -0.00308094 0.00718949 0.01415 0.000340357 7.07566e-05 -0.00108086 -0.000362304 0.000583947 0.00230251 0.00031634 -0.000225477 0.00372089 -0.000288873 -2.58284e-05 -0.00129158 0.0013198 0.0019142 0.00232311 -0.00052832 -0.00447317 -0.00301965
internal_weight=297344 3474 3261 293870 3403 2645 508 290467 148106 4779 421 297 142361 111890 34304 23752 77586 10282 67304 143327 2173 141154 112073 29081 30471 23178 21470 7293 1827 1708
internal_count=297344 3474 3261 293870 3403 2645 508 290467 148106 4779 421 297 142361 111890 34304 23752 77586 10282 67304 143327 2173 141154 112073 29081 30471 23178 21470 7293 1827 1708
is_linear=0
shrinkage=0.03


Tree=46
num_leaves=31
num_cat=0
split_feature=25 42 5 25 17 57 29 22 3 67 86 53 15 20 42 124 50 26 28 136 52 139 81 53 139 53 62 120 138 38
split_gain=33.4337 36.8231 86.9825 50.5859 78.9343 39.6898 38.0537 82.8238 71.1988 72.1398 54.7514 52.9652 46.4053 40.1752 113.658 40.7979 39.4935 56.8025 38.9247 37.6261 49.4612 37.8524 36.7592 36.0298 34.9092 34.7981 32.704 31.8377 34.9124 30.4915
threshold=0.013258596416562797 -0.08380549773573874 0.0073171043768525132 0.021129976026713852 0.67958521842956554 1.0061435699462893 -0.000591910647926852 1.0942281484603884 0.01833179593086243 0.99583333730697643 -0.516666680574417 0.98577916622161876 0.75119632482528698 0.90781801939010631 0.067252509295940413 0.1399997100234032 0.72665852308273327 0.10153014212846757 0.012984960805624725 0.69455721974372875 0.97882571816444408 0.70407119393348705 0.050000002607703216 1.0473319888114931 1.2656976580619814 1.0237129926681521 0.75160905718803417 0.80357125401496898 0.78861629962921154 0.012870866339653732
decision_type=8 8 10 10 8 10 8 10 10 10 2 10 8 10 10 8 8 10 10 10 10 10 2 10 10 10 10 10 10 10
left_child=-1 2 3 4 -2 -5 13 8 16 12 29 -11 -10 -3 15 22 24 -18 -16 20 21 26 -15 -22 -8 -23 -4 -7 -29 -9
right_child=1 6 19 5 -6 27 7 10 9 11 -12 -13 -14 14 18 -17 17 -19 -20 -21 23 25 -24 -25 -26 -27 -28 28 -30 -31
leaf_value=0.00079735213484482517 0.026325810649844853 -0.01105037228518946 0.029611394985729608 -0.011051549455415579 0 -0.0011804921069985641 0 0.0075694746012613069 0.013594539152899928 -0.01289123398874794 -0.00066580824050698384 0.0012691848427830023 0.0037501024115168635 -0.002265356372116732 0.01222632052678386 -0.0038350543154159885 -0.00014408171537834974 0.0057361203234864797 -0.0047489765131725897 0 0.0083524116029342014 0.00011769731093015187 -0.00036201369220453735 -0.006272347269767946 -0.0095807632390174369 0.008521167155918179 0.0098508618270845283 -0.0018397001479535774 0.013112022620429556 -0.0033511124994622635
leaf_weight=42488 138 313 116 327 270 6088 723 2621 509 353 1243 560 3942 10164 801 3520 118248 1476 104 1037 205 742 97801 418 726 1448 505 195 287 201
leaf_count=42488 138 313 116 327 270 6088 723 2621 509 353 1243 560 3942 10164 801 3520 118248 1476 104 1037 205 742 97801 418 726 1448 505 195 287 201
internal_value=1.75321e-05 -0.000111236 0.00152289 -0.000458462 0.00947954 -0.00111544 -0.00019168 0.000155023 1.69085e-05 0.00339471 0.00435972 -0.0040432 0.00499875 -0.000596062 -0.000562317 -0.000651621 -0.000130678 -6.81372e-05 0.00989074 0.00481457 0.0063201 0.00801752 -0.000544362 -0.000883352 -0.0050226 0.00583654 0.0148188 -0.000543337 0.00663318 0.00666798
internal_weight=297569 255081 11776 7305 408 6897 243305 130602 126537 5364 4065 913 4451 112703 112390 111485 121173 119724 905 4471 3434 2811 107965 623 1449 2190 621 6570 482 2822
internal_count=297569 255081 11776 7305 408 6897 243305 130602 126537 5364 4065 913 4451 112703 112390 111485 121173 119724 905 4471 3434 2811 107965 623 1449 2190 621 6570 482 2822
is_linear=0
shrinkage=0.03


Tree=47
num_leaves=31
num_cat=0
split_feature=13 21 4 63 33 53 30 15 113 50 86 70 160 68 57 158 78 42 39 109 30 86 158 59 34 54 16 27 82 25
split_gain=36.0362 63.7358 52.4269 50.6283 48.5045 68.4698 65.96 57.3907 61.6224 47.1458 44.6742 89.999 61.0215 54.2489 50.7809 44.5792 42.8781 66.6478 55.3387 42.763 41.8436 60.9423 49.7112 41.5149 40.0282 39.4767 69.846 46.7151 39.9213 38.6573
threshold=0.98294728994369518 0.90359622240066539 0.41176347434520727 0.77500000596046459 0.37278090417385107 1.0352428555488589 0.0046844556927680978 0.9116758704185487 0.11627872660756113 0.88201162219047557 -0.71666666865348805 0.4888885766267777 3.9049030542373662 0.8461534082889558 0.84245216846466076 0.00030499573040287947 0.30000000447034841 0.017999830655753616 -0.019415786489844319 0.10555555671453477 -0.0052463221363723269 -0.78333333134651173 -0.059817638248205178 0.99417385458946239 0.29166051745414739 1.0177065730094912 0.94471564888954174 0.063620533794164671 0.52500000596046459 0.076688326895236983
decision_type=8 8 10 10 8 10 10 10 10 8 2 10 10 10 10 10 10 10 10 2 10 2 8 10 10 10 10 10 2 10
left_child=10 2 3 29 5 25 9 -8 -9 -6 13 -12 14 24 -13 -10 18 -18 -16 -7 22 -22 -11 -4 -1 26 28 -28 -3 -2
right_child=1 4 23 -5 6 19 7 8 15 20 11 12 -14 -15 16 -17 17 -19 -20 -21 21 -23 -24 -25 -26 -27 27 -29 -30 -31
leaf_value=0.0065147595525453751 0.0061414878026196922 -0.00079270098129395703 0.01332859240179741 0.0081473895394163463 0.006961277306286825 -0.0027085141343532446 0.0010043141351627194 -0.003124083949879339 0.0069721098221741341 0.018562361102606173 -0.0035938766671883512 -0.0053496492172238185 0.011472002852269512 -0.00055409606255168737 0.0036808602597063981 0.021801267721308793 -0.002023875664741488 0.0019099589628588242 -0.0010901409251492171 -0.011808829735426966 -0.001552332704958502 0.00042188178297406485 0.0015900817044078265 -0.0030371831749965036 0.00010662266672278707 -0.0010893275176452274 0.0005004135444363724 0.0036877416084662813 -0.00501710322053848 -0.0059998254303909922
leaf_weight=2396 299 11527 775 642 952 2088 4022 432 2171 141 8929 1838 367 5000 2267 215 5213 14459 41138 647 16897 83205 14680 127 1531 30806 36661 4712 2500 768
leaf_count=2396 299 11527 775 642 952 2088 4022 432 2171 141 8929 1838 367 5000 2267 215 5213 14459 41138 647 16897 83205 14680 127 1531 30806 36661 4712 2500 768
internal_value=4.43774e-06 0.00021114 0.00485542 0.00151813 0.000151977 -0.000379447 0.000539585 0.00340329 0.00669031 0.000367396 -0.0005246 -0.000768522 -0.000376505 0.0014668 -0.000451624 0.00860315 -0.000302495 0.000851277 -0.000832467 -0.0050403 0.000308962 8.53988e-05 0.00179656 0.010683 0.00410566 -0.000226961 0.000247377 0.000872275 -0.00157303 -0.00227114
internal_weight=297405 214267 2611 1709 211656 88941 122715 6840 2818 115875 83138 74211 65282 8927 64915 2386 63077 19672 43405 2735 114923 100102 14821 902 3927 86206 55400 41373 14027 1067
internal_count=297405 214267 2611 1709 211656 88941 122715 6840 2818 115875 83138 74211 65282 8927 64915 2386 63077 19672 43405 2735 114923 100102 14821 902 3927 86206 55400 41373 14027 1067
is_linear=0
shrinkage=0.03


Tree=48
num_leaves=31
num_cat=0
split_feature=33 44 32 48 86 56 84 40 35 1 14 9 58 39 82 30 14 21 39 19 23 15 131 34 14 114 56 82 37 56
split_gain=34.0531 48.7796 48.5826 46.2818 41.9138 54.2169 75.2462 70.954 59.6382 68.2053 47.7092 46.3125 44.7515 43.4609 47.0439 42.9097 42.47 46.9684 41.49 61.1553 41.4525 40.6818 40.1455 39.892 39.343 57.9481 57.927 48.548 48.148 42.6283
threshold=0.37278090417385107 1.039445221424103 -0.003500125370919704 0.98911562561988842 0.68333333730697643 0.96964198350906383 0.45000000298023229 0.055272229015827186 0.74744176864624035 0.054819600656628616 0.81529909372329723 1.0116741657257082 1.0198380351066592 0.024869378656148914 0.95833331346511852 0.0065668821334838876 0.9106956720352174 0.9162404239177705 0.032399853691458709 0.9795949161052705 0.041343038901686675 1.1499128937721255 1.0075261592864992 0.88041076064109813 0.89449545741081249 0.59172114729881298 0.92296248674392711 0.24166666716337207 0.72769549489021312 0.97722154855728161
decision_type=8 10 10 10 2 8 2 10 10 10 8 10 10 10 2 10 10 10 10 10 10 10 10 10 8 10 10 2 10 10
left_child=1 2 -1 -4 5 6 7 16 10 20 -7 15 -6 14 -12 -8 -2 -18 24 -20 -10 -15 -11 -13 26 27 -3 28 -26 -28
right_child=4 18 3 -5 12 8 11 -9 9 22 13 23 -14 21 -16 -17 17 -19 19 -21 -22 -23 -24 -25 25 -27 29 -29 -30 -31
leaf_value=0.0035111150496094307 -0.0089773359164662114 -0.0030290427302790569 -0.0005655608346305526 0.0013144464402716808 0.0010753970028959483 0.014619056021362088 -0.0028124904814068622 0.021289599458762111 0.0013419943340321041 0.012334536075474037 0.00024074854315852016 -0.00015324805788330588 0.0078852337363339228 -0.0031133838944825184 -0.0015750602409314966 -0.0085407593316542147 0.010106483484318834 -0.0020415728755756521 -0.014209723032862795 0.0045737253584707841 -0.0069116368632255636 0.0094962679443314022 0 0.014758538697538993 -0.00076962713212509477 -0.0052807358618187196 0.016138814844581319 -0.0020585512342040828 0.0038577024175334169 0.00056279686392129709
leaf_weight=3450 260 584 51152 15254 27136 178 4862 166 24375 786 103905 745 896 5806 14628 1692 542 507 145 1824 530 210 335 174 7817 3652 369 22377 2688 340
leaf_count=3450 260 584 51152 15254 27136 178 4862 166 24375 786 103905 745 896 5806 14628 1692 542 507 145 1824 530 210 335 174 7817 3652 369 22377 2688 340
internal_value=-5.01614e-06 -0.000426008 4.75062e-05 -0.000128926 0.0002393 4.94801e-05 -0.00221413 0.00384625 0.000186103 0.00149239 -8.42629e-05 -0.00345742 0.00130922 -0.000110028 1.39036e-05 -0.00435844 0.00112135 0.00402613 -0.00126433 0.00291068 0.00114891 -0.00259351 0.00870666 0.00260482 -0.00149101 -0.00167919 0.00354232 -0.0012671 0.000390982 0.00930124
internal_weight=297385 109652 69856 66406 187733 159701 8948 1475 150753 26026 124727 7473 28032 124549 118533 6554 1309 1049 39796 1969 24905 6016 1121 919 37827 36534 1293 32882 10505 709
internal_count=297385 109652 69856 66406 187733 159701 8948 1475 150753 26026 124727 7473 28032 124549 118533 6554 1309 1049 39796 1969 24905 6016 1121 919 37827 36534 1293 32882 10505 709
is_linear=0
shrinkage=0.03


Tree=49
num_leaves=31
num_cat=0
split_feature=32 138 90 7 158 59 1 113 33 53 140 48 41 160 31 29 58 29 78 35 28 79 114 38 28 31 51 20 37 26
split_gain=40.3233 50.4756 47.0377 45.3202 44.6714 41.6608 43.3577 41.0881 38.0805 55.7042 44.7467 40.3368 39.4025 53.161 52.6507 49.6518 90.4438 71.9858 70.5638 52.6099 49.49 36.7967 61.2478 36.3449 34.0009 33.9011 31.2528 45.0893 31.1567 28.3241
threshold=-0.0048612528480589381 0.79143074154853832 0.07776286825537683 0.012491744942963125 1.0000000180025095e-35 0.93176802992820751 0.035947712138295181 0.49494911730289465 0.37278090417385107 1.0352428555488589 1.2255493998527529 0.98661175370216381 0.06337031722068788 3.9049030542373662 -0.0067029576748609534 -0.00162652664585039 0.92646941542625438 0.012340523768216373 0.30000000447034841 0.794244945049286 0.01683739107102156 0.55000001192092907 0.62264135479927074 -0.0040862623136490575 -0.0012112605618312953 -0.0082896822132170183 0.88494724035263073 0.90086334943771373 0.32992953062057501 0.10718328878283502
decision_type=8 8 10 10 10 10 10 10 8 10 10 8 10 10 8 8 8 10 10 10 10 2 10 10 8 10 10 10 10 10
left_child=1 3 4 7 5 6 -3 -1 9 11 29 -2 14 21 23 19 17 -17 -18 20 -16 26 25 -10 -13 -23 27 -14 -24 -11
right_child=8 2 -4 -5 -6 -7 -8 -9 12 10 -12 24 13 -15 15 16 18 -19 -20 -21 -22 22 28 -25 -26 -27 -28 -29 -30 -31
leaf_value=-0.00052943113235723197 -0.00078748251741026344 0.0049895299074470033 0.00041588016847996585 0.0038779133513572091 -0.001434415413785483 0.0057013310822610968 0.02644151641974506 -0.0092563507241893456 0.0099856097154677297 -0.0076373784616817304 0.00037440858342962911 -0.00065246516807346798 -0.0056629428956168184 0.012420552204085007 -0.00068575540906903117 0.013152098659735977 -0.00034263051246879675 -0.003957215573737973 0.0012304096188539794 0.0014933868859836324 -0.011175108992271985 0.0070785692627267803 0 0.0017851241891481825 0.0013171348425283116 -0.010051052659185154 -0.0095132747994845137 0.00079823357204194742 0.016826951732763912 0.0052316350237621607
leaf_weight=1826 70879 227 2474 1216 532 2344 199 688 789 2114 1101 13349 2062 186 57803 870 45579 252 58025 10954 392 116 113 1554 18780 304 783 1682 264 124
leaf_count=1826 70879 227 2474 1216 532 2344 199 688 789 2114 1101 13349 2062 186 57803 870 45579 252 58025 10954 392 116 113 1554 18780 304 783 1682 264 124
internal_value=6.36872e-07 0.00192198 0.00368296 -0.00073006 0.00602326 0.0075631 0.0164195 -0.0030903 -6.18518e-05 -0.000513482 -0.00432423 -0.000386229 0.000200818 -0.00228684 0.000280555 0.000218272 0.000631284 0.00904466 0.000535547 -0.000402899 -0.00076538 -0.00290136 0.00277351 0.00473472 0.000489574 -0.00453149 -0.00397423 -0.00269173 0.0114857 -0.00675147
internal_weight=297581 9506 5776 3730 3302 2770 426 2514 288075 106347 3339 103008 181728 5510 176218 173875 104726 1122 103604 69149 58195 5324 797 2343 32129 420 4527 3744 377 2238
internal_count=297581 9506 5776 3730 3302 2770 426 2514 288075 106347 3339 103008 181728 5510 176218 173875 104726 1122 103604 69149 58195 5324 797 2343 32129 420 4527 3744 377 2238
is_linear=0
shrinkage=0.03


Tree=50
num_leaves=31
num_cat=0
split_feature=57 49 113 16 4 39 62 54 25 17 35 41 49 11 37 1 14 60 42 61 13 125 84 1 41 14 11 119 16 10
split_gain=39.3223 42.9976 83.8611 51.7136 74.4835 53.6625 48.7655 35.4036 34.3561 67.3572 47.5116 56.0037 53.9153 149.508 66.4665 50.9055 64.3595 46.2617 44.8719 43.4064 41.2983 39.4122 39.0866 38.3441 57.7374 37.4654 37.2552 35.8507 35.7583 33.9355
threshold=0.80647325515747081 0.8196873962879182 0.36000035703182226 0.83134800195693981 0.31999890506267553 0.0285090571269393 0.83961239457130443 0.99784198403358471 0.019843038171529773 0.97708642482757579 0.47179159522056585 -0.03014513477683067 0.87654918432235729 0.99638471007347118 0.84965670108795177 0.059044299647212035 0.95783251523971569 1.0661779642105105 -0.0013626196305267511 0.96633920073509227 1.1168913841247561 0.48061358928680425 0.75000000000000011 0.020286403596401218 -0.036002952605485909 1.0671219825744631 0.97740027308464061 0.23913039267063144 0.86113089323043834 1.0200893282890322
decision_type=8 8 10 10 10 10 10 10 10 8 10 10 10 10 10 10 10 10 8 10 8 10 2 10 10 10 10 10 8 10
left_child=-1 2 -2 -4 5 7 -7 -5 9 28 12 15 13 27 20 17 -17 -12 23 -20 -14 25 -23 -11 -25 -13 -16 -10 -3 -6
right_child=1 8 3 4 29 6 -8 -9 10 18 11 21 14 -15 26 16 -18 -19 19 -21 -22 22 -24 24 -26 -27 -28 -29 -30 -31
leaf_value=-0.005490828783173818 0.021125307930565929 -0.0058121746279462478 -0.0024431182456075918 0.022048774887121429 -0.014051031005409364 0.015364103804109618 -0.0088432004265533992 0.0041753273073715184 0.0047063161584734526 -0.0004106405103209586 0.0018287748984544949 0.00026449539097328186 -0.0012424657008823614 0.026823751546019181 0.0065571930683060286 -0.008292775013783768 0.010067300413322357 -0.0032792247497019293 -0.0012470647162378559 0.0010046001793797593 -0.0075332236588483131 -0.003685538980979966 0 0.004037461607069112 -0.0040575790694728914 -0.001843440100674016 0.00061704090445586579 -0.0017982319307516886 0.0015860748712697946 0.00292337052770353
leaf_weight=1149 215 562 1114 360 164 100 179 214 1336 25441 13370 75095 60572 200 1281 168 1144 1757 9756 35070 956 5351 4827 863 5897 8413 4087 1648 35860 188
leaf_count=1149 215 562 1114 360 164 100 179 214 1336 25441 13370 75095 60572 200 1281 168 1144 1757 9756 35070 956 5351 4827 863 5897 8413 4087 1648 35860 188
internal_value=0 2.21771e-05 0.00389823 0.00200583 0.00633643 0.0111563 0 0.0162552 -1.05118e-05 0.00039735 -0.000268963 0.00011724 -0.00087999 0.00289748 -0.00106508 0.00173275 0.00740187 0.00121213 -0.000101741 0.000507517 -0.0013475 -0.000163341 -0.00192468 -0.000958969 -0.00297103 4.81496e-05 0.00210933 0.00102607 0.00146056 -0.00450895
internal_weight=297337 296188 2534 2319 1205 853 279 574 293654 113449 180205 110125 70080 3184 66896 16439 1312 15127 77027 44826 61528 93686 10178 32201 6760 83508 5368 2984 36422 352
internal_count=297337 296188 2534 2319 1205 853 279 574 293654 113449 180205 110125 70080 3184 66896 16439 1312 15127 77027 44826 61528 93686 10178 32201 6760 83508 5368 2984 36422 352
is_linear=0
shrinkage=0.03


Tree=51
num_leaves=31
num_cat=0
split_feature=38 16 26 76 9 26 38 27 16 62 50 8 35 19 38 138 17 29 42 136 42 36 57 109 117 67 35 41 16 41
split_gain=30.3191 53.4719 60.9065 45.8826 43.5694 51.5535 49.0413 69.4278 49.9484 102.027 46.9994 45.1437 41.6798 40.3465 39.5062 74.2927 64.5434 48.9521 46.5968 43.6055 39.3439 38.564 37.9729 37.6836 36.9957 54.6936 45.438 36.2068 34.7551 31.2898
threshold=-0.001470593560952693 0.66539305448532116 0.069804321974515929 0.28333334624767309 1.0086780190467837 0.023564592935144905 0.01686045061796904 0.14594832062721255 0.66539305448532116 0.66657575964927684 0.72665852308273327 0.57143273949623119 0.73791068792343151 0.96646419167518627 -0.011750271543860434 0.93220603466033947 0.7205362617969514 -0.00078313943231478323 0.090602815151214613 0.57941663265228283 -0.047062121331691735 0.38152875006198889 0.8920835852622987 0.58571431040763866 0.55445536971092235 0.81364238262176525 0.66520190238952648 -0.0017223632894456384 0.83134800195693981 -0.029570566490292546
decision_type=10 8 10 2 10 10 10 10 8 10 10 10 10 10 8 10 8 10 10 10 10 10 10 2 10 10 10 10 10 10
left_child=1 -1 14 -4 5 -2 8 10 22 -10 23 -9 -11 -6 15 -3 17 -16 27 -19 -13 -5 -7 -8 25 -17 -26 -18 -20 -15
right_child=4 2 3 21 13 6 7 11 9 12 -12 20 -14 29 16 24 18 19 28 -21 -22 -23 -24 -25 26 -27 -28 -29 -30 -31
leaf_value=-0.0095380400415333959 0.00028029185515965105 -0.0032925474386632935 0.0057690739841455858 -0.0050262868767280647 0.010102208507898605 -0.00049215272834346175 -0.012897584428177084 -0.0034874826045860805 -0.014629917431366211 -0.0014219155657428444 0.0012214305590745713 0.022649586078009962 3.5662065640771286e-06 0.0029537107716774654 0.014486876600659152 0.001196298624970649 -0.00013949006893643356 0.00727122254931828 0.0037523761506297821 -0.0038718994232169418 0.0012378554145719759 0.0020792154314307398 0.016059713250672861 0.0045767795671603842 -0.0061174330122995314 0.011744029665360051 0.0038274723218520317 0.0010147981105436106 -0.0068488274892029447 -0.00011801668722352425
leaf_weight=467 62323 7642 3022 740 454 168 371 101 481 62390 7469 271 25620 4802 461 4634 51402 750 298 482 151 5877 250 113 1181 485 576 45971 1319 7371
leaf_count=467 62323 7642 3022 740 454 168 371 101 481 62390 7469 271 25620 4802 461 4634 51402 750 298 482 151 5877 250 113 1181 485 576 45971 1319 7371
internal_value=2.97656e-06 0.000359023 0.000399971 0.00269082 -0.000254181 -0.00038984 -0.00082175 0.00134107 -0.00103157 -0.00108438 0.000591126 0.0117509 -0.00100364 0.00143583 0.000205255 -0.00125155 0.000418505 0.0062016 0.000315336 0.00267983 0.0160695 0.00122663 0.00900365 -0.00820286 0.000976283 0.00229584 -0.00268197 0.00040248 -0.00468987 0.00107197
internal_weight=297642 125307 124840 9639 172335 159708 97385 8476 88909 88491 7953 523 88010 12627 115201 14518 100683 1693 98990 1232 422 6617 418 484 6876 5119 1757 97373 1617 12173
internal_count=297642 125307 124840 9639 172335 159708 97385 8476 88909 88491 7953 523 88010 12627 115201 14518 100683 1693 98990 1232 422 6617 418 484 6876 5119 1757 97373 1617 12173
is_linear=0
shrinkage=0.03


Tree=52
num_leaves=31
num_cat=0
split_feature=37 2 60 51 43 33 11 56 116 48 76 49 46 36 15 47 35 76 13 9 30 61 52 11 16 3 52 25 23 36
split_gain=32.5378 52.4432 37.8806 37.4763 36.8142 56.9397 55.692 49.8942 42.4809 61.4506 38.7347 36.6479 35.4329 35.0617 30.2013 38.3594 45.8602 50.3584 56.1906 54.6916 42.9827 39.8563 77.7845 39.3491 45.3822 38.3374 38.3231 37.7515 37.639 37.4598
threshold=0.84965670108795177 0.8888889253139497 0.97330945730209362 0.95791059732437145 1.0795126557350161 0.86810991168022167 0.97095018625259411 1.1267459988594057 0.24999997019767764 0.96860572695732128 0.050000002607703216 0.98518458008766185 1.1385937929153445 0.45960025489330297 1.1499128937721255 1.0943396687507632 0.46253639459609991 0.45000000298023229 0.97335839271545421 1.040255665779114 -0.00042474368819966907 0.98258987069129955 0.66727772355079662 0.99588924646377575 0.96626555919647228 0.021639359183609489 0.92942741513252269 0.021359666250646118 0.026563626714050773 0.80595400929451
decision_type=8 10 10 10 10 10 10 10 10 10 2 10 10 8 10 10 10 2 8 10 10 10 10 10 8 10 10 10 10 10
left_child=14 4 -3 -4 7 11 -7 10 -9 -10 12 -6 -2 -12 15 27 20 -18 19 -19 23 -22 -23 24 -17 -20 -25 28 -1 -16
right_child=1 2 3 -5 5 6 -8 8 9 -11 13 -13 -14 -15 29 16 17 18 25 -21 21 22 -24 26 -26 -27 -28 -29 -30 -31
leaf_value=0.00057969638056918748 0.0015142535222342174 0.0021789851087982886 0.018581460604612441 0 0.0039906205881059384 0.013253938580270517 -0.0045170524730432093 0.010084590961369091 0.00037761781510803018 -0.011299464703077914 0.0031852667004889528 0.016246613255322215 0.0074924857720640465 -0.00074731845412094101 0.00021774294555974475 -0.0063261975641737203 -0.0004669777599843505 -0.0033366969642454952 0.0019389848382966887 0.0082013046097365889 -0.0012290324845788772 0.017409652164279529 0.00056422705740985675 0.0026591486827020768 -0.0020187188986973332 0.010082708994077056 -0.00144209481360958 -0.00035359606783353482 0.0087232215350002383 0.0050960441578431085
leaf_weight=80463 4111 783 348 167 658 178 747 129 654 872 2455 419 1207 11546 4262 2564 43040 3092 13552 389 17974 233 14246 2860 20072 545 7001 60320 500 2214
leaf_count=80463 4111 783 348 167 658 178 747 129 654 872 2455 419 1207 11546 4262 2564 43040 3092 13552 389 17974 233 14246 2860 20072 545 7001 60320 500 2214
internal_value=1.64412e-05 0.00106941 0.00691653 0.013208 0.000720313 0.00459822 -0.000571745 0.000331843 -0.00461015 -0.00616081 0.000775051 0.00924148 0.00295029 -3.28044e-05 -7.60464e-05 -0.000126293 -0.000508486 8.03968e-05 0.00143671 -0.00192216 -0.00106257 -0.000279041 0.00087964 -0.00183515 -0.00252503 0.00228892 -0.000219269 0.000211289 0.000635834 0.00194226
internal_weight=297601 24274 1298 515 22976 2002 925 20974 1655 1526 19319 1077 5318 14001 273327 266851 125568 60618 17578 3481 64950 32453 14479 32497 22636 14097 9861 141283 80963 6476
internal_count=297601 24274 1298 515 22976 2002 925 20974 1655 1526 19319 1077 5318 14001 273327 266851 125568 60618 17578 3481 64950 32453 14479 32497 22636 14097 9861 141283 80963 6476
is_linear=0
shrinkage=0.03


Tree=53
num_leaves=31
num_cat=0
split_feature=42 11 97 119 76 121 91 74 61 10 31 47 53 52 115 77 74 36 59 84 17 55 42 59 86 11 136 97 132 59
split_gain=30.074 55.6364 44.5348 44.2649 38.967 50.9654 33.8181 32.8933 42.1443 72.5327 69.6531 64.9885 57.4907 53.1682 47.004 60.722 45.3749 53.1816 44.3155 43.3137 42.4029 41.0771 61.9444 50.1604 39.7213 37.2161 35.0845 33.9331 36.3926 33.8771
threshold=-0.10234589874744414 0.9846351444721223 0.16543660312891009 0.60740754008293163 0.18333333730697635 0.64777335524559032 0.7042318880558015 0.55000001192092907 0.98124235868453991 1.0189394354820254 -0.0047878711484372607 1.1554154157638552 1.0406764149665835 0.90746542811393749 0.75193798542022716 0.041666667908430106 0.65000000596046459 0.42801530659198767 0.90855535864830028 0.35000000894069677 0.7205362617969514 0.96593585610389721 0.081154078245162978 0.96094948053359996 -0.58333334326744068 0.97667482495307933 0.44027566909790045 0.14805378019809726 1.345501244068146 0.85283562541008007
decision_type=8 10 10 10 2 10 10 2 8 10 8 10 10 10 10 2 2 10 10 2 8 8 10 10 2 10 10 10 10 10
left_child=1 2 -1 -4 5 -3 -6 21 9 11 24 14 -12 19 15 -9 17 -14 29 26 -21 -2 27 -24 -10 -20 -11 -23 -29 -13
right_child=7 4 3 -5 6 -7 -8 8 10 13 12 18 16 -15 -16 -17 -18 -19 25 20 -22 22 23 -25 -26 -27 -28 28 -30 -31
leaf_value=0.0020509609040041195 -0.010264540238046255 0.013583318718786066 -0.0013049478003583652 0.015757025670123898 -0.00051953189451125028 0 -0.014270194203193698 -0.0021249471006569891 0.0094045540459511412 0.010098067265207523 0.0013132282222918501 -0.0088002766610421369 0.005449433667540673 -0.0023806473908695976 -0.0021648113790182044 0.0005824171750673159 -0.0063224668926385183 -0.0064969713048035182 0.00029447767418865718 -0.0028051367898568875 0.0025851219716618084 3.7565275459012137e-05 0 0.010911672292038564 0.00080564392451170361 -0.0047381712782038317 0.00070536213883947894 -0.0013889884236603124 4.0510337890559116e-05 0.0069802652375094698
leaf_weight=976 353 387 132 595 2985 625 155 8549 1417 1151 27946 119 877 2171 8371 56318 1664 506 1571 1436 10337 92276 740 780 857 5743 624 41849 25321 616
leaf_count=976 353 387 132 595 2985 625 155 8549 1417 1151 27946 119 877 2171 8371 56318 1664 506 1571 1436 10337 92276 740 780 857 5743 624 41849 25321 616
internal_value=3.09369e-05 0.00215632 0.0066947 0.0123055 0.000199756 0.00532157 -0.00137926 -1.08557e-05 0.000342616 2.33976e-05 0.00126387 -0.000334322 0.000878646 0.00189039 -4.86143e-05 0.000220438 -0.00299195 0.000834451 -0.00289024 0.00259942 0.00189857 -0.000298168 -0.000273176 0.00570414 0.00632995 -0.00361843 0.00700785 -0.000332747 -0.000845795 0.00386253
internal_weight=297447 5855 1703 727 4152 1012 3140 291592 130273 97006 33267 81287 30993 15719 73238 64867 3047 1383 8049 13548 11773 161319 160966 1520 2274 7314 1775 159446 67170 735
internal_count=297447 5855 1703 727 4152 1012 3140 291592 130273 97006 33267 81287 30993 15719 73238 64867 3047 1383 8049 13548 11773 161319 160966 1520 2274 7314 1775 159446 67170 735
is_linear=0
shrinkage=0.03


Tree=54
num_leaves=31
num_cat=0
split_feature=36 23 125 116 80 21 46 38 78 26 36 26 51 71 82 3 81 31 0 124 77 84 13 60 104 86 7 24 143 11
split_gain=30.2547 38.6043 32.4998 45.4755 44.422 41.0103 35.4001 39.0438 77.9917 44.0797 58.7022 43.0476 38.8281 37.964 37.5005 28.8258 28.5291 27.5432 29.2206 26.8022 26.6551 26.5994 26.5086 25.0209 24.1713 23.3054 22.6697 21.3571 20.8973 26.5683
threshold=0.91391104459762584 0.013456710614264013 0.50434342026710521 0.72141075134277355 0.27500000596046453 0.9162404239177705 1.0107371211051943 -0.00089285580907016982 0.5000000149011613 0.093118049204349532 0.72681131958961498 0.024867062456905845 0.71394085884094249 0.87499985098838817 0.92500001192092907 0.0089939394965767878 0.71666666865348827 0.0012960837921127679 0.028155347332358364 0.64745023846626293 0.025000001303851608 0.75000000000000011 0.96296295523643505 0.8960065245628358 0.68333333730697643 0.94999998807907116 -0.018595038913190361 0.028462704271078113 0.67600309848785411 0.98623064160346996
decision_type=8 10 10 10 2 10 8 8 8 10 10 8 10 10 2 10 2 8 8 10 2 2 8 10 2 2 10 10 10 10
left_child=2 22 3 6 26 -6 14 9 11 12 -11 -9 -8 -10 16 25 20 -4 21 23 -1 28 -2 -20 -17 -3 -5 -18 29 -19
right_child=1 15 17 4 5 -7 7 8 13 10 -12 -13 -14 -15 -16 24 27 18 19 -21 -22 -23 -24 -25 -26 -27 -28 -29 -30 -31
leaf_value=-0.0019475778407296968 -0.011561949625179884 0.0034257940394916459 0.0046988098002938468 -0.0075818539966800895 0.01849542015394769 0.00026197850232999694 -0.0085796353169594886 -0.00046420655356393893 -0.00014191078291180532 0.00064834206848513704 0.009043100587496666 -0.0025437278259659679 0.00016290938490354221 0.0045134474934527538 0.013456941399088488 0.011319152186945314 0 0.0010162526309784009 -0.016352120468904538 -0.0026407318935298004 0.0016171475226128425 0.00037810643580294572 0.00050275487035826572 0 0 -0.0062729866912012893 0.0028451068846390699 -0.0083931294140713805 -0.0085840227028735321 -0.0041121196278637879
leaf_weight=2020 150 2013 508 178 305 222 438 15934 96133 2334 1153 21731 116762 1581 203 728 660 1369 335 871 17898 3604 4460 136 173 213 1797 461 553 2265
leaf_count=2020 150 2013 508 178 305 222 438 15934 96133 2334 1153 21731 116762 1581 203 728 660 1369 335 871 17898 3604 4460 136 173 213 1797 461 553 2265
internal_value=-3.5953e-05 0.00181126 -8.6487e-05 -2.63306e-05 0.00398206 0.0116534 -6.38625e-05 -0.000162541 -0.000512956 0.000228066 0.00354541 -0.00167267 0.000126219 -6.26099e-05 0.0011106 0.00437342 0.000964565 -0.00179768 -0.00220129 -0.00632552 0.00123899 -0.0014381 0 -0.0121435 0.00896864 0.00231658 0.0016884 -0.00358476 -0.00306709 -0.00210307
internal_weight=297188 7737 289451 279810 2502 527 277308 256066 135379 120687 3487 37665 117200 97714 21242 3127 21039 9641 9133 1342 19918 7791 4610 471 901 2226 1975 1121 4187 3634
internal_count=297188 7737 289451 279810 2502 527 277308 256066 135379 120687 3487 37665 117200 97714 21242 3127 21039 9641 9133 1342 19918 7791 4610 471 901 2226 1975 1121 4187 3634
is_linear=0
shrinkage=0.03


end of trees

feature_importances:
ROC30=50
RESI5=48
STD30=47
KLEN=38
BETA10=36
RSQR30=33
LOW0=32
RSQR5=31
ROC5=30
STD20=30
RESI60=29
QTLU60=29
RSQR20=26
RSQR10=25
RESI30=25
MIN30=25
BETA20=24
RESI20=23
MIN10=23
BETA60=22
RESI10=22
MAX30=22
MIN20=22
QTLU5=22
IMXD30=22
MA5=21
ROC10=20
ROC60=20
STD5=20
MIN60=20
RSQR60=19
QTLD60=19
VWAP0=18
BETA5=18
BETA30=18
KUP=17
ROC20=17
STD10=17
IMIN5=17
IMXD10=16
WVMA5=16
STD60=15
QTLD30=15
IMAX30=15
IMIN10=15
HIGH0=14
QTLD10=14
IMIN60=14
SUMP5=14
SUMN20=14
KUP2=13
QTLU30=13
MIN5=11
QTLU10=11
QTLU20=11
QTLD5=11
SUMP30=11
WVMA20=11
KLOW=10
KSFT=10
MA10=10
MAX5=10
MAX10=10
RSV30=10
IMAX60=10
SUMN30=10
SUMD20=10
MA30=9
MA60=9
SUMP20=9
ORC_OVERNIGHT_DOMINANCE_20=9
OPEN0=8
IMAX10=8
SUMD5=8
MAX20=7
RSV20=7
RSV60=7
IMIN30=7
CNTD10=7
VSTD10=7
ORC_CLOSE_PRESSURE_VOLUME_20=7
KLOW2=6
MA20=6
QTLD20=6
RSV5=6
IMXD5=6
CNTD20=6
SUMP60=6
WVMA10=6
ORC_GAP_CONFIRMATION_20=6
KMID2=5
KSFT2=5
MAX60=5
RANK60=5
RSV10=5
IMAX5=5
CNTP60=5
SUMP10=5
SUMN10=5
ORC_GAP_ABSORPTION_20=5
IMIN20=4
IMXD20=4
CORR20=4
CORR30=4
SUMD10=4
KMID=3
CORR10=3
CORD60=3
CNTP30=3
CNTN10=3
CNTD30=3
VSTD30=3
VSTD60=3
VSUMP20=3
ORC_INTRADAY_RANGE_RETURN_10=3
RANK5=2
RANK10=2
IMAX20=2
IMXD60=2
CORR60=2
CORD30=2
CNTP5=2
CNTP10=2
CNTN20=2
CNTD60=2
SUMN5=2
SUMN60=2
SUMD30=2
SUMD60=2
VSTD20=2
WVMA30=2
VSUMP5=2
RANK20=1
CORR5=1
CORD5=1
CNTP20=1
CNTN30=1
CNTD5=1
VMA30=1
VMA60=1
VSTD5=1
WVMA60=1
VSUMP10=1
VSUMD5=1

parameters:
[boosting: gbdt]
[objective: regression]
[metric: l2]
[tree_learner: serial]
[device_type: cpu]
[data_sample_strategy: bagging]
[data: ]
[valid: ]
[num_iterations: 500]
[learning_rate: 0.03]
[num_leaves: 31]
[num_threads: 12]
[seed: 20260812]
[deterministic: 1]
[force_col_wise: 1]
[force_row_wise: 0]
[histogram_pool_size: -1]
[max_depth: 7]
[min_data_in_leaf: 100]
[min_sum_hessian_in_leaf: 0.001]
[bagging_fraction: 0.8]
[pos_bagging_fraction: 1]
[neg_bagging_fraction: 1]
[bagging_freq: 1]
[bagging_seed: 20260812]
[bagging_by_query: 0]
[feature_fraction: 0.8]
[feature_fraction_bynode: 1]
[feature_fraction_seed: 20260812]
[extra_trees: 0]
[extra_seed: 9622]
[early_stopping_round: 0]
[early_stopping_min_delta: 0]
[first_metric_only: 0]
[max_delta_step: 0]
[lambda_l1: 10]
[lambda_l2: 20]
[linear_lambda: 0]
[min_gain_to_split: 0]
[drop_rate: 0.1]
[max_drop: 50]
[skip_drop: 0.5]
[xgboost_dart_mode: 0]
[uniform_drop: 0]
[drop_seed: 26770]
[top_rate: 0.2]
[other_rate: 0.1]
[min_data_per_group: 100]
[max_cat_threshold: 32]
[cat_l2: 10]
[cat_smooth: 10]
[max_cat_to_onehot: 4]
[top_k: 20]
[monotone_constraints: ]
[monotone_constraints_method: basic]
[monotone_penalty: 0]
[feature_contri: ]
[forcedsplits_filename: ]
[refit_decay_rate: 0.9]
[cegb_tradeoff: 1]
[cegb_penalty_split: 0]
[cegb_penalty_feature_lazy: ]
[cegb_penalty_feature_coupled: ]
[path_smooth: 0]
[interaction_constraints: ]
[verbosity: 1]
[saved_feature_importance_type: 0]
[use_quantized_grad: 0]
[num_grad_quant_bins: 4]
[quant_train_renew_leaf: 0]
[stochastic_rounding: 1]
[linear_tree: 0]
[max_bin: 255]
[max_bin_by_feature: ]
[min_data_in_bin: 3]
[bin_construct_sample_cnt: 200000]
[data_random_seed: 20260812]
[is_enable_sparse: 1]
[enable_bundle: 1]
[use_missing: 1]
[zero_as_missing: 0]
[feature_pre_filter: 1]
[pre_partition: 0]
[two_round: 0]
[header: 0]
[label_column: ]
[weight_column: ]
[group_column: ]
[ignore_column: ]
[categorical_feature: ]
[forcedbins_filename: ]
[precise_float_parser: 0]
[parser_config_file: ]
[objective_seed: 6428]
[num_class: 1]
[is_unbalance: 0]
[scale_pos_weight: 1]
[sigmoid: 1]
[boost_from_average: 1]
[reg_sqrt: 0]
[alpha: 0.9]
[fair_c: 1]
[poisson_max_delta_step: 0.7]
[tweedie_variance_power: 1.5]
[lambdarank_truncation_level: 30]
[lambdarank_norm: 1]
[label_gain: ]
[lambdarank_position_bias_regularization: 0]
[eval_at: ]
[multi_error_top_k: 1]
[auc_mu_weights: ]
[num_machines: 1]
[local_listen_port: 12400]
[time_out: 120]
[machine_list_filename: ]
[machines: ]
[gpu_platform_id: -1]
[gpu_device_id: -1]
[gpu_device_id_list: ]
[gpu_use_dp: 0]
[num_gpu: 1]

end of parameters

pandas_categorical:null
